Waiting for exclusive access to GPU GPU-e38fd50b-f28d-bca0-1506-1209c3351206.
=== GROUP: scp2 | VARIANT: grab_loss | SEED: 0 | GPU: Tesla V100-SXM2-32GB ===

number of parameters : 1075406
train : (1228, 12)
valid : (53, 12)
test : (53, 12)
GRAB graph: targets=1228, edges=21110, zero_neighbor_targets=0
class weights : [1.1922329664230347, 0.8611500859260559]
data extracted
EPOCH 1:
GRAB train batch 1: pair_ids shape=(16,), range=46..6766, coefficients shape=(16, 2), sample_weights shape=(16,), zero_neighbor_targets=0
GRAB train batch 2: pair_ids shape=(16,), range=54..10662, coefficients shape=(16, 2), sample_weights shape=(16,), zero_neighbor_targets=0
GRAB train batch 3: pair_ids shape=(16,), range=218..10411, coefficients shape=(16, 2), sample_weights shape=(16,), zero_neighbor_targets=0
GRAB train batch 4: pair_ids shape=(16,), range=14..6246, coefficients shape=(16, 2), sample_weights shape=(16,), zero_neighbor_targets=0
GRAB train batch 5: pair_ids shape=(16,), range=13..7522, coefficients shape=(16, 2), sample_weights shape=(16,), zero_neighbor_targets=0
GRAB train batch 6: pair_ids shape=(16,), range=40..10994, coefficients shape=(16, 2), sample_weights shape=(16,), zero_neighbor_targets=0
GRAB train batch 7: pair_ids shape=(16,), range=140..8928, coefficients shape=(16, 2), sample_weights shape=(16,), zero_neighbor_targets=0
GRAB train batch 8: pair_ids shape=(16,), range=110..9887, coefficients shape=(16, 2), sample_weights shape=(16,), zero_neighbor_targets=0
GRAB train batch 9: pair_ids shape=(16,), range=45..10502, coefficients shape=(16, 2), sample_weights shape=(16,), zero_neighbor_targets=0
GRAB train batch 10: pair_ids shape=(16,), range=21..8745, coefficients shape=(16, 2), sample_weights shape=(16,), zero_neighbor_targets=0
GRAB train batch 11: pair_ids shape=(16,), range=7..8731, coefficients shape=(16, 2), sample_weights shape=(16,), zero_neighbor_targets=0
GRAB train batch 12: pair_ids shape=(16,), range=53..10299, coefficients shape=(16, 2), sample_weights shape=(16,), zero_neighbor_targets=0
GRAB train batch 13: pair_ids shape=(16,), range=29..7894, coefficients shape=(16, 2), sample_weights shape=(16,), zero_neighbor_targets=0
GRAB train batch 14: pair_ids shape=(16,), range=185..10453, coefficients shape=(16, 2), sample_weights shape=(16,), zero_neighbor_targets=0
GRAB train batch 15: pair_ids shape=(16,), range=4..10742, coefficients shape=(16, 2), sample_weights shape=(16,), zero_neighbor_targets=0
GRAB train batch 16: pair_ids shape=(16,), range=82..8658, coefficients shape=(16, 2), sample_weights shape=(16,), zero_neighbor_targets=0
GRAB train batch 17: pair_ids shape=(16,), range=17..10590, coefficients shape=(16, 2), sample_weights shape=(16,), zero_neighbor_targets=0
GRAB train batch 18: pair_ids shape=(16,), range=160..10817, coefficients shape=(16, 2), sample_weights shape=(16,), zero_neighbor_targets=0
GRAB train batch 19: pair_ids shape=(16,), range=112..10987, coefficients shape=(16, 2), sample_weights shape=(16,), zero_neighbor_targets=0
GRAB train batch 20: pair_ids shape=(16,), range=39..10225, coefficients shape=(16, 2), sample_weights shape=(16,), zero_neighbor_targets=0
GRAB train batch 21: pair_ids shape=(16,), range=31..8224, coefficients shape=(16, 2), sample_weights shape=(16,), zero_neighbor_targets=0
GRAB train batch 22: pair_ids shape=(16,), range=9..10360, coefficients shape=(16, 2), sample_weights shape=(16,), zero_neighbor_targets=0
GRAB train batch 23: pair_ids shape=(16,), range=113..7385, coefficients shape=(16, 2), sample_weights shape=(16,), zero_neighbor_targets=0
GRAB train batch 24: pair_ids shape=(16,), range=5..10984, coefficients shape=(16, 2), sample_weights shape=(16,), zero_neighbor_targets=0
GRAB train batch 25: pair_ids shape=(16,), range=69..10891, coefficients shape=(16, 2), sample_weights shape=(16,), zero_neighbor_targets=0
GRAB train batch 26: pair_ids shape=(16,), range=26..10384, coefficients shape=(16, 2), sample_weights shape=(16,), zero_neighbor_targets=0
GRAB train batch 27: pair_ids shape=(16,), range=2..8370, coefficients shape=(16, 2), sample_weights shape=(16,), zero_neighbor_targets=0
GRAB train batch 28: pair_ids shape=(16,), range=61..9727, coefficients shape=(16, 2), sample_weights shape=(16,), zero_neighbor_targets=0
GRAB train batch 29: pair_ids shape=(16,), range=141..10475, coefficients shape=(16, 2), sample_weights shape=(16,), zero_neighbor_targets=0
GRAB train batch 30: pair_ids shape=(16,), range=1..7913, coefficients shape=(16, 2), sample_weights shape=(16,), zero_neighbor_targets=0
GRAB train batch 31: pair_ids shape=(16,), range=12..5967, coefficients shape=(16, 2), sample_weights shape=(16,), zero_neighbor_targets=0
GRAB train batch 32: pair_ids shape=(16,), range=10..6530, coefficients shape=(16, 2), sample_weights shape=(16,), zero_neighbor_targets=0
GRAB train batch 33: pair_ids shape=(16,), range=70..10728, coefficients shape=(16, 2), sample_weights shape=(16,), zero_neighbor_targets=0
GRAB train batch 34: pair_ids shape=(16,), range=28..9795, coefficients shape=(16, 2), sample_weights shape=(16,), zero_neighbor_targets=0
GRAB train batch 35: pair_ids shape=(16,), range=68..8858, coefficients shape=(16, 2), sample_weights shape=(16,), zero_neighbor_targets=0
GRAB train batch 36: pair_ids shape=(16,), range=119..10537, coefficients shape=(16, 2), sample_weights shape=(16,), zero_neighbor_targets=0
GRAB train batch 37: pair_ids shape=(16,), range=93..9892, coefficients shape=(16, 2), sample_weights shape=(16,), zero_neighbor_targets=0
GRAB train batch 38: pair_ids shape=(16,), range=84..10471, coefficients shape=(16, 2), sample_weights shape=(16,), zero_neighbor_targets=0
GRAB train batch 39: pair_ids shape=(16,), range=89..10435, coefficients shape=(16, 2), sample_weights shape=(16,), zero_neighbor_targets=0
GRAB train batch 40: pair_ids shape=(16,), range=65..10851, coefficients shape=(16, 2), sample_weights shape=(16,), zero_neighbor_targets=0
GRAB train batch 41: pair_ids shape=(16,), range=100..8841, coefficients shape=(16, 2), sample_weights shape=(16,), zero_neighbor_targets=0
GRAB train batch 42: pair_ids shape=(16,), range=138..10374, coefficients shape=(16, 2), sample_weights shape=(16,), zero_neighbor_targets=0
GRAB train batch 43: pair_ids shape=(16,), range=117..10836, coefficients shape=(16, 2), sample_weights shape=(16,), zero_neighbor_targets=0
GRAB train batch 44: pair_ids shape=(16,), range=30..9818, coefficients shape=(16, 2), sample_weights shape=(16,), zero_neighbor_targets=0
GRAB train batch 45: pair_ids shape=(16,), range=18..10600, coefficients shape=(16, 2), sample_weights shape=(16,), zero_neighbor_targets=0
GRAB train batch 46: pair_ids shape=(16,), range=97..8951, coefficients shape=(16, 2), sample_weights shape=(16,), zero_neighbor_targets=0
GRAB train batch 47: pair_ids shape=(16,), range=233..9598, coefficients shape=(16, 2), sample_weights shape=(16,), zero_neighbor_targets=0
GRAB train batch 48: pair_ids shape=(16,), range=47..7940, coefficients shape=(16, 2), sample_weights shape=(16,), zero_neighbor_targets=0
GRAB train batch 49: pair_ids shape=(16,), range=20..10850, coefficients shape=(16, 2), sample_weights shape=(16,), zero_neighbor_targets=0
GRAB train batch 50: pair_ids shape=(16,), range=41..7511, coefficients shape=(16, 2), sample_weights shape=(16,), zero_neighbor_targets=0
GRAB train batch 51: pair_ids shape=(16,), range=15..7987, coefficients shape=(16, 2), sample_weights shape=(16,), zero_neighbor_targets=0
GRAB train batch 52: pair_ids shape=(16,), range=252..10500, coefficients shape=(16, 2), sample_weights shape=(16,), zero_neighbor_targets=0
GRAB train batch 53: pair_ids shape=(16,), range=34..8563, coefficients shape=(16, 2), sample_weights shape=(16,), zero_neighbor_targets=0
GRAB train batch 54: pair_ids shape=(16,), range=58..9914, coefficients shape=(16, 2), sample_weights shape=(16,), zero_neighbor_targets=0
GRAB train batch 55: pair_ids shape=(16,), range=60..10462, coefficients shape=(16, 2), sample_weights shape=(16,), zero_neighbor_targets=0
GRAB train batch 56: pair_ids shape=(16,), range=35..10772, coefficients shape=(16, 2), sample_weights shape=(16,), zero_neighbor_targets=0
GRAB train batch 57: pair_ids shape=(16,), range=73..7795, coefficients shape=(16, 2), sample_weights shape=(16,), zero_neighbor_targets=0
GRAB train batch 58: pair_ids shape=(16,), range=95..10522, coefficients shape=(16, 2), sample_weights shape=(16,), zero_neighbor_targets=0
GRAB train batch 59: pair_ids shape=(16,), range=6..5497, coefficients shape=(16, 2), sample_weights shape=(16,), zero_neighbor_targets=0
GRAB train batch 60: pair_ids shape=(16,), range=42..7979, coefficients shape=(16, 2), sample_weights shape=(16,), zero_neighbor_targets=0
GRAB train batch 61: pair_ids shape=(16,), range=148..10447, coefficients shape=(16, 2), sample_weights shape=(16,), zero_neighbor_targets=0
GRAB train batch 62: pair_ids shape=(16,), range=150..10685, coefficients shape=(16, 2), sample_weights shape=(16,), zero_neighbor_targets=0
GRAB train batch 63: pair_ids shape=(16,), range=55..10800, coefficients shape=(16, 2), sample_weights shape=(16,), zero_neighbor_targets=0
GRAB train batch 64: pair_ids shape=(16,), range=0..10009, coefficients shape=(16, 2), sample_weights shape=(16,), zero_neighbor_targets=0
GRAB train batch 65: pair_ids shape=(16,), range=164..9913, coefficients shape=(16, 2), sample_weights shape=(16,), zero_neighbor_targets=0
GRAB train batch 66: pair_ids shape=(16,), range=8..10795, coefficients shape=(16, 2), sample_weights shape=(16,), zero_neighbor_targets=0
GRAB train batch 67: pair_ids shape=(16,), range=16..10627, coefficients shape=(16, 2), sample_weights shape=(16,), zero_neighbor_targets=0
GRAB train batch 68: pair_ids shape=(16,), range=72..10473, coefficients shape=(16, 2), sample_weights shape=(16,), zero_neighbor_targets=0
GRAB train batch 69: pair_ids shape=(16,), range=107..10988, coefficients shape=(16, 2), sample_weights shape=(16,), zero_neighbor_targets=0
GRAB train batch 70: pair_ids shape=(16,), range=37..10811, coefficients shape=(16, 2), sample_weights shape=(16,), zero_neighbor_targets=0
GRAB train batch 71: pair_ids shape=(16,), range=106..9995, coefficients shape=(16, 2), sample_weights shape=(16,), zero_neighbor_targets=0
GRAB train batch 72: pair_ids shape=(16,), range=169..8081, coefficients shape=(16, 2), sample_weights shape=(16,), zero_neighbor_targets=0
GRAB train batch 73: pair_ids shape=(16,), range=23..10264, coefficients shape=(16, 2), sample_weights shape=(16,), zero_neighbor_targets=0
GRAB train batch 74: pair_ids shape=(16,), range=27..10935, coefficients shape=(16, 2), sample_weights shape=(16,), zero_neighbor_targets=0
GRAB train batch 75: pair_ids shape=(16,), range=24..10764, coefficients shape=(16, 2), sample_weights shape=(16,), zero_neighbor_targets=0
GRAB train batch 76: pair_ids shape=(16,), range=86..9956, coefficients shape=(16, 2), sample_weights shape=(16,), zero_neighbor_targets=0
GRAB train batch 77: pair_ids shape=(12,), range=125..10277, coefficients shape=(12, 2), sample_weights shape=(12,), zero_neighbor_targets=0
VALIDATION
valid epoch balanced_accuracy: 0.520115
EPOCH 2:
GRAB train batch 1: pair_ids shape=(16,), range=48..10522, coefficients shape=(16, 2), sample_weights shape=(16,), zero_neighbor_targets=0
GRAB train batch 2: pair_ids shape=(16,), range=13..7979, coefficients shape=(16, 2), sample_weights shape=(16,), zero_neighbor_targets=0
GRAB train batch 3: pair_ids shape=(16,), range=69..10850, coefficients shape=(16, 2), sample_weights shape=(16,), zero_neighbor_targets=0
GRAB train batch 4: pair_ids shape=(16,), range=38..10500, coefficients shape=(16, 2), sample_weights shape=(16,), zero_neighbor_targets=0
GRAB train batch 5: pair_ids shape=(16,), range=19..10987, coefficients shape=(16, 2), sample_weights shape=(16,), zero_neighbor_targets=0
GRAB train batch 6: pair_ids shape=(16,), range=143..3982, coefficients shape=(16, 2), sample_weights shape=(16,), zero_neighbor_targets=0
GRAB train batch 7: pair_ids shape=(16,), range=4..8563, coefficients shape=(16, 2), sample_weights shape=(16,), zero_neighbor_targets=0
GRAB train batch 8: pair_ids shape=(16,), range=63..10453, coefficients shape=(16, 2), sample_weights shape=(16,), zero_neighbor_targets=0
GRAB train batch 9: pair_ids shape=(16,), range=5..6530, coefficients shape=(16, 2), sample_weights shape=(16,), zero_neighbor_targets=0
GRAB train batch 10: pair_ids shape=(16,), range=46..10772, coefficients shape=(16, 2), sample_weights shape=(16,), zero_neighbor_targets=0
GRAB train batch 11: pair_ids shape=(16,), range=80..10891, coefficients shape=(16, 2), sample_weights shape=(16,), zero_neighbor_targets=0
GRAB train batch 12: pair_ids shape=(16,), range=99..6460, coefficients shape=(16, 2), sample_weights shape=(16,), zero_neighbor_targets=0
GRAB train batch 13: pair_ids shape=(16,), range=43..9598, coefficients shape=(16, 2), sample_weights shape=(16,), zero_neighbor_targets=0
GRAB train batch 14: pair_ids shape=(16,), range=208..10227, coefficients shape=(16, 2), sample_weights shape=(16,), zero_neighbor_targets=0
GRAB train batch 15: pair_ids shape=(16,), range=58..7975, coefficients shape=(16, 2), sample_weights shape=(16,), zero_neighbor_targets=0
GRAB train batch 16: pair_ids shape=(16,), range=39..10851, coefficients shape=(16, 2), sample_weights shape=(16,), zero_neighbor_targets=0
GRAB train batch 17: pair_ids shape=(16,), range=1..10502, coefficients shape=(16, 2), sample_weights shape=(16,), zero_neighbor_targets=0
GRAB train batch 18: pair_ids shape=(16,), range=10..10590, coefficients shape=(16, 2), sample_weights shape=(16,), zero_neighbor_targets=0
GRAB train batch 19: pair_ids shape=(16,), range=44..10811, coefficients shape=(16, 2), sample_weights shape=(16,), zero_neighbor_targets=0
GRAB train batch 20: pair_ids shape=(16,), range=100..8510, coefficients shape=(16, 2), sample_weights shape=(16,), zero_neighbor_targets=0
GRAB train batch 21: pair_ids shape=(16,), range=17..9704, coefficients shape=(16, 2), sample_weights shape=(16,), zero_neighbor_targets=0
GRAB train batch 22: pair_ids shape=(16,), range=9..8658, coefficients shape=(16, 2), sample_weights shape=(16,), zero_neighbor_targets=0
GRAB train batch 23: pair_ids shape=(16,), range=65..5936, coefficients shape=(16, 2), sample_weights shape=(16,), zero_neighbor_targets=0
GRAB train batch 24: pair_ids shape=(16,), range=31..10800, coefficients shape=(16, 2), sample_weights shape=(16,), zero_neighbor_targets=0
GRAB train batch 25: pair_ids shape=(16,), range=23..9892, coefficients shape=(16, 2), sample_weights shape=(16,), zero_neighbor_targets=0
GRAB train batch 26: pair_ids shape=(16,), range=111..10627, coefficients shape=(16, 2), sample_weights shape=(16,), zero_neighbor_targets=0
GRAB train batch 27: pair_ids shape=(16,), range=149..8731, coefficients shape=(16, 2), sample_weights shape=(16,), zero_neighbor_targets=0
GRAB train batch 28: pair_ids shape=(16,), range=146..9914, coefficients shape=(16, 2), sample_weights shape=(16,), zero_neighbor_targets=0
GRAB train batch 29: pair_ids shape=(16,), range=29..8310, coefficients shape=(16, 2), sample_weights shape=(16,), zero_neighbor_targets=0
GRAB train batch 30: pair_ids shape=(16,), range=92..10027, coefficients shape=(16, 2), sample_weights shape=(16,), zero_neighbor_targets=0
GRAB train batch 31: pair_ids shape=(16,), range=125..10331, coefficients shape=(16, 2), sample_weights shape=(16,), zero_neighbor_targets=0
GRAB train batch 32: pair_ids shape=(16,), range=283..7913, coefficients shape=(16, 2), sample_weights shape=(16,), zero_neighbor_targets=0
GRAB train batch 33: pair_ids shape=(16,), range=21..10836, coefficients shape=(16, 2), sample_weights shape=(16,), zero_neighbor_targets=0
GRAB train batch 34: pair_ids shape=(16,), range=135..8678, coefficients shape=(16, 2), sample_weights shape=(16,), zero_neighbor_targets=0
GRAB train batch 35: pair_ids shape=(16,), range=178..10817, coefficients shape=(16, 2), sample_weights shape=(16,), zero_neighbor_targets=0
GRAB train batch 36: pair_ids shape=(16,), range=45..10994, coefficients shape=(16, 2), sample_weights shape=(16,), zero_neighbor_targets=0
GRAB train batch 37: pair_ids shape=(16,), range=67..10988, coefficients shape=(16, 2), sample_weights shape=(16,), zero_neighbor_targets=0
GRAB train batch 38: pair_ids shape=(16,), range=377..8081, coefficients shape=(16, 2), sample_weights shape=(16,), zero_neighbor_targets=0
GRAB train batch 39: pair_ids shape=(16,), range=37..9818, coefficients shape=(16, 2), sample_weights shape=(16,), zero_neighbor_targets=0
GRAB train batch 40: pair_ids shape=(16,), range=6..10795, coefficients shape=(16, 2), sample_weights shape=(16,), zero_neighbor_targets=0
GRAB train batch 41: pair_ids shape=(16,), range=0..10984, coefficients shape=(16, 2), sample_weights shape=(16,), zero_neighbor_targets=0
GRAB train batch 42: pair_ids shape=(16,), range=14..9795, coefficients shape=(16, 2), sample_weights shape=(16,), zero_neighbor_targets=0
GRAB train batch 43: pair_ids shape=(16,), range=118..8911, coefficients shape=(16, 2), sample_weights shape=(16,), zero_neighbor_targets=0
GRAB train batch 44: pair_ids shape=(16,), range=32..10360, coefficients shape=(16, 2), sample_weights shape=(16,), zero_neighbor_targets=0
GRAB train batch 45: pair_ids shape=(16,), range=107..9822, coefficients shape=(16, 2), sample_weights shape=(16,), zero_neighbor_targets=0
GRAB train batch 46: pair_ids shape=(16,), range=30..9739, coefficients shape=(16, 2), sample_weights shape=(16,), zero_neighbor_targets=0
GRAB train batch 47: pair_ids shape=(16,), range=176..10248, coefficients shape=(16, 2), sample_weights shape=(16,), zero_neighbor_targets=0
GRAB train batch 48: pair_ids shape=(16,), range=3..10473, coefficients shape=(16, 2), sample_weights shape=(16,), zero_neighbor_targets=0
GRAB train batch 49: pair_ids shape=(16,), range=51..10259, coefficients shape=(16, 2), sample_weights shape=(16,), zero_neighbor_targets=0
GRAB train batch 50: pair_ids shape=(16,), range=40..4216, coefficients shape=(16, 2), sample_weights shape=(16,), zero_neighbor_targets=0
GRAB train batch 51: pair_ids shape=(16,), range=20..10374, coefficients shape=(16, 2), sample_weights shape=(16,), zero_neighbor_targets=0
GRAB train batch 52: pair_ids shape=(16,), range=26..10462, coefficients shape=(16, 2), sample_weights shape=(16,), zero_neighbor_targets=0
GRAB train batch 53: pair_ids shape=(16,), range=41..8001, coefficients shape=(16, 2), sample_weights shape=(16,), zero_neighbor_targets=0
GRAB train batch 54: pair_ids shape=(16,), range=54..10393, coefficients shape=(16, 2), sample_weights shape=(16,), zero_neighbor_targets=0
GRAB train batch 55: pair_ids shape=(16,), range=28..10362, coefficients shape=(16, 2), sample_weights shape=(16,), zero_neighbor_targets=0
GRAB train batch 56: pair_ids shape=(16,), range=11..10396, coefficients shape=(16, 2), sample_weights shape=(16,), zero_neighbor_targets=0
GRAB train batch 57: pair_ids shape=(16,), range=22..10600, coefficients shape=(16, 2), sample_weights shape=(16,), zero_neighbor_targets=0
GRAB train batch 58: pair_ids shape=(16,), range=56..9608, coefficients shape=(16, 2), sample_weights shape=(16,), zero_neighbor_targets=0
GRAB train batch 59: pair_ids shape=(16,), range=121..8928, coefficients shape=(16, 2), sample_weights shape=(16,), zero_neighbor_targets=0
GRAB train batch 60: pair_ids shape=(16,), range=55..8521, coefficients shape=(16, 2), sample_weights shape=(16,), zero_neighbor_targets=0
GRAB train batch 61: pair_ids shape=(16,), range=109..10411, coefficients shape=(16, 2), sample_weights shape=(16,), zero_neighbor_targets=0
GRAB train batch 62: pair_ids shape=(16,), range=33..10404, coefficients shape=(16, 2), sample_weights shape=(16,), zero_neighbor_targets=0
GRAB train batch 63: pair_ids shape=(16,), range=133..10685, coefficients shape=(16, 2), sample_weights shape=(16,), zero_neighbor_targets=0
GRAB train batch 64: pair_ids shape=(16,), range=15..9956, coefficients shape=(16, 2), sample_weights shape=(16,), zero_neighbor_targets=0
GRAB train batch 65: pair_ids shape=(16,), range=70..10742, coefficients shape=(16, 2), sample_weights shape=(16,), zero_neighbor_targets=0
GRAB train batch 66: pair_ids shape=(16,), range=57..8876, coefficients shape=(16, 2), sample_weights shape=(16,), zero_neighbor_targets=0
GRAB train batch 67: pair_ids shape=(16,), range=2..10475, coefficients shape=(16, 2), sample_weights shape=(16,), zero_neighbor_targets=0
GRAB train batch 68: pair_ids shape=(16,), range=256..7440, coefficients shape=(16, 2), sample_weights shape=(16,), zero_neighbor_targets=0
GRAB train batch 69: pair_ids shape=(16,), range=7..10264, coefficients shape=(16, 2), sample_weights shape=(16,), zero_neighbor_targets=0
GRAB train batch 70: pair_ids shape=(16,), range=86..7284, coefficients shape=(16, 2), sample_weights shape=(16,), zero_neighbor_targets=0
GRAB train batch 71: pair_ids shape=(16,), range=34..6404, coefficients shape=(16, 2), sample_weights shape=(16,), zero_neighbor_targets=0
GRAB train batch 72: pair_ids shape=(16,), range=12..8233, coefficients shape=(16, 2), sample_weights shape=(16,), zero_neighbor_targets=0
GRAB train batch 73: pair_ids shape=(16,), range=173..10524, coefficients shape=(16, 2), sample_weights shape=(16,), zero_neighbor_targets=0
GRAB train batch 74: pair_ids shape=(16,), range=151..9698, coefficients shape=(16, 2), sample_weights shape=(16,), zero_neighbor_targets=0
GRAB train batch 75: pair_ids shape=(16,), range=61..10170, coefficients shape=(16, 2), sample_weights shape=(16,), zero_neighbor_targets=0
GRAB train batch 76: pair_ids shape=(16,), range=8..5280, coefficients shape=(16, 2), sample_weights shape=(16,), zero_neighbor_targets=0
GRAB train batch 77: pair_ids shape=(12,), range=85..9954, coefficients shape=(12, 2), sample_weights shape=(12,), zero_neighbor_targets=0
VALIDATION
valid epoch balanced_accuracy: 0.540948
EPOCH 3:
GRAB train batch 1: pair_ids shape=(16,), range=37..5947, coefficients shape=(16, 2), sample_weights shape=(16,), zero_neighbor_targets=0
GRAB train batch 2: pair_ids shape=(16,), range=67..10277, coefficients shape=(16, 2), sample_weights shape=(16,), zero_neighbor_targets=0
GRAB train batch 3: pair_ids shape=(16,), range=12..6108, coefficients shape=(16, 2), sample_weights shape=(16,), zero_neighbor_targets=0
GRAB train batch 4: pair_ids shape=(16,), range=4..9937, coefficients shape=(16, 2), sample_weights shape=(16,), zero_neighbor_targets=0
GRAB train batch 5: pair_ids shape=(16,), range=119..8903, coefficients shape=(16, 2), sample_weights shape=(16,), zero_neighbor_targets=0
GRAB train batch 6: pair_ids shape=(16,), range=62..7339, coefficients shape=(16, 2), sample_weights shape=(16,), zero_neighbor_targets=0
GRAB train batch 7: pair_ids shape=(16,), range=45..9887, coefficients shape=(16, 2), sample_weights shape=(16,), zero_neighbor_targets=0
GRAB train batch 8: pair_ids shape=(16,), range=29..950, coefficients shape=(16, 2), sample_weights shape=(16,), zero_neighbor_targets=0
GRAB train batch 9: pair_ids shape=(16,), range=49..6765, coefficients shape=(16, 2), sample_weights shape=(16,), zero_neighbor_targets=0
GRAB train batch 10: pair_ids shape=(16,), range=0..10988, coefficients shape=(16, 2), sample_weights shape=(16,), zero_neighbor_targets=0
GRAB train batch 11: pair_ids shape=(16,), range=24..10984, coefficients shape=(16, 2), sample_weights shape=(16,), zero_neighbor_targets=0
GRAB train batch 12: pair_ids shape=(16,), range=118..10471, coefficients shape=(16, 2), sample_weights shape=(16,), zero_neighbor_targets=0
GRAB train batch 13: pair_ids shape=(16,), range=133..10453, coefficients shape=(16, 2), sample_weights shape=(16,), zero_neighbor_targets=0
GRAB train batch 14: pair_ids shape=(16,), range=70..10522, coefficients shape=(16, 2), sample_weights shape=(16,), zero_neighbor_targets=0
GRAB train batch 15: pair_ids shape=(16,), range=142..8729, coefficients shape=(16, 2), sample_weights shape=(16,), zero_neighbor_targets=0
GRAB train batch 16: pair_ids shape=(16,), range=54..10435, coefficients shape=(16, 2), sample_weights shape=(16,), zero_neighbor_targets=0
GRAB train batch 17: pair_ids shape=(16,), range=39..10027, coefficients shape=(16, 2), sample_weights shape=(16,), zero_neighbor_targets=0
GRAB train batch 18: pair_ids shape=(16,), range=86..8658, coefficients shape=(16, 2), sample_weights shape=(16,), zero_neighbor_targets=0
GRAB train batch 19: pair_ids shape=(16,), range=58..10362, coefficients shape=(16, 2), sample_weights shape=(16,), zero_neighbor_targets=0
GRAB train batch 20: pair_ids shape=(16,), range=143..8163, coefficients shape=(16, 2), sample_weights shape=(16,), zero_neighbor_targets=0
GRAB train batch 21: pair_ids shape=(16,), range=134..10411, coefficients shape=(16, 2), sample_weights shape=(16,), zero_neighbor_targets=0
GRAB train batch 22: pair_ids shape=(16,), range=8..10795, coefficients shape=(16, 2), sample_weights shape=(16,), zero_neighbor_targets=0
GRAB train batch 23: pair_ids shape=(16,), range=10..10764, coefficients shape=(16, 2), sample_weights shape=(16,), zero_neighbor_targets=0
GRAB train batch 24: pair_ids shape=(16,), range=14..6283, coefficients shape=(16, 2), sample_weights shape=(16,), zero_neighbor_targets=0
GRAB train batch 25: pair_ids shape=(16,), range=145..10009, coefficients shape=(16, 2), sample_weights shape=(16,), zero_neighbor_targets=0
GRAB train batch 26: pair_ids shape=(16,), range=33..10685, coefficients shape=(16, 2), sample_weights shape=(16,), zero_neighbor_targets=0
GRAB train batch 27: pair_ids shape=(16,), range=51..10384, coefficients shape=(16, 2), sample_weights shape=(16,), zero_neighbor_targets=0
GRAB train batch 28: pair_ids shape=(16,), range=130..10447, coefficients shape=(16, 2), sample_weights shape=(16,), zero_neighbor_targets=0
GRAB train batch 29: pair_ids shape=(16,), range=17..10811, coefficients shape=(16, 2), sample_weights shape=(16,), zero_neighbor_targets=0
GRAB train batch 30: pair_ids shape=(16,), range=166..10502, coefficients shape=(16, 2), sample_weights shape=(16,), zero_neighbor_targets=0
GRAB train batch 31: pair_ids shape=(16,), range=27..7921, coefficients shape=(16, 2), sample_weights shape=(16,), zero_neighbor_targets=0
GRAB train batch 32: pair_ids shape=(16,), range=11..10396, coefficients shape=(16, 2), sample_weights shape=(16,), zero_neighbor_targets=0
GRAB train batch 33: pair_ids shape=(16,), range=125..10935, coefficients shape=(16, 2), sample_weights shape=(16,), zero_neighbor_targets=0
GRAB train batch 34: pair_ids shape=(16,), range=68..10742, coefficients shape=(16, 2), sample_weights shape=(16,), zero_neighbor_targets=0
GRAB train batch 35: pair_ids shape=(16,), range=18..7867, coefficients shape=(16, 2), sample_weights shape=(16,), zero_neighbor_targets=0
GRAB train batch 36: pair_ids shape=(16,), range=132..9995, coefficients shape=(16, 2), sample_weights shape=(16,), zero_neighbor_targets=0
GRAB train batch 37: pair_ids shape=(16,), range=13..7913, coefficients shape=(16, 2), sample_weights shape=(16,), zero_neighbor_targets=0
GRAB train batch 38: pair_ids shape=(16,), range=6..10772, coefficients shape=(16, 2), sample_weights shape=(16,), zero_neighbor_targets=0
GRAB train batch 39: pair_ids shape=(16,), range=88..10850, coefficients shape=(16, 2), sample_weights shape=(16,), zero_neighbor_targets=0
GRAB train batch 40: pair_ids shape=(16,), range=89..9954, coefficients shape=(16, 2), sample_weights shape=(16,), zero_neighbor_targets=0
GRAB train batch 41: pair_ids shape=(16,), range=1..10299, coefficients shape=(16, 2), sample_weights shape=(16,), zero_neighbor_targets=0
GRAB train batch 42: pair_ids shape=(16,), range=7..8858, coefficients shape=(16, 2), sample_weights shape=(16,), zero_neighbor_targets=0
GRAB train batch 43: pair_ids shape=(16,), range=147..10728, coefficients shape=(16, 2), sample_weights shape=(16,), zero_neighbor_targets=0
GRAB train batch 44: pair_ids shape=(16,), range=9..4687, coefficients shape=(16, 2), sample_weights shape=(16,), zero_neighbor_targets=0
GRAB train batch 45: pair_ids shape=(16,), range=69..8915, coefficients shape=(16, 2), sample_weights shape=(16,), zero_neighbor_targets=0
GRAB train batch 46: pair_ids shape=(16,), range=19..10331, coefficients shape=(16, 2), sample_weights shape=(16,), zero_neighbor_targets=0
GRAB train batch 47: pair_ids shape=(16,), range=94..10404, coefficients shape=(16, 2), sample_weights shape=(16,), zero_neighbor_targets=0
GRAB train batch 48: pair_ids shape=(16,), range=23..8670, coefficients shape=(16, 2), sample_weights shape=(16,), zero_neighbor_targets=0
GRAB train batch 49: pair_ids shape=(16,), range=48..10374, coefficients shape=(16, 2), sample_weights shape=(16,), zero_neighbor_targets=0
GRAB train batch 50: pair_ids shape=(16,), range=16..9914, coefficients shape=(16, 2), sample_weights shape=(16,), zero_neighbor_targets=0
GRAB train batch 51: pair_ids shape=(16,), range=112..10994, coefficients shape=(16, 2), sample_weights shape=(16,), zero_neighbor_targets=0
GRAB train batch 52: pair_ids shape=(16,), range=64..10473, coefficients shape=(16, 2), sample_weights shape=(16,), zero_neighbor_targets=0
GRAB train batch 53: pair_ids shape=(16,), range=5..10590, coefficients shape=(16, 2), sample_weights shape=(16,), zero_neighbor_targets=0
GRAB train batch 54: pair_ids shape=(16,), range=2..10005, coefficients shape=(16, 2), sample_weights shape=(16,), zero_neighbor_targets=0
GRAB train batch 55: pair_ids shape=(16,), range=246..9739, coefficients shape=(16, 2), sample_weights shape=(16,), zero_neighbor_targets=0
GRAB train batch 56: pair_ids shape=(16,), range=36..7338, coefficients shape=(16, 2), sample_weights shape=(16,), zero_neighbor_targets=0
GRAB train batch 57: pair_ids shape=(16,), range=47..10600, coefficients shape=(16, 2), sample_weights shape=(16,), zero_neighbor_targets=0
GRAB train batch 58: pair_ids shape=(16,), range=386..10662, coefficients shape=(16, 2), sample_weights shape=(16,), zero_neighbor_targets=0
GRAB train batch 59: pair_ids shape=(16,), range=30..6274, coefficients shape=(16, 2), sample_weights shape=(16,), zero_neighbor_targets=0
GRAB train batch 60: pair_ids shape=(16,), range=38..10264, coefficients shape=(16, 2), sample_weights shape=(16,), zero_neighbor_targets=0
GRAB train batch 61: pair_ids shape=(16,), range=72..9598, coefficients shape=(16, 2), sample_weights shape=(16,), zero_neighbor_targets=0
GRAB train batch 62: pair_ids shape=(16,), range=34..7987, coefficients shape=(16, 2), sample_weights shape=(16,), zero_neighbor_targets=0
GRAB train batch 63: pair_ids shape=(16,), range=3..10891, coefficients shape=(16, 2), sample_weights shape=(16,), zero_neighbor_targets=0
GRAB train batch 64: pair_ids shape=(16,), range=85..10248, coefficients shape=(16, 2), sample_weights shape=(16,), zero_neighbor_targets=0
GRAB train batch 65: pair_ids shape=(16,), range=15..8224, coefficients shape=(16, 2), sample_weights shape=(16,), zero_neighbor_targets=0
GRAB train batch 66: pair_ids shape=(16,), range=110..10800, coefficients shape=(16, 2), sample_weights shape=(16,), zero_neighbor_targets=0
GRAB train batch 67: pair_ids shape=(16,), range=20..10987, coefficients shape=(16, 2), sample_weights shape=(16,), zero_neighbor_targets=0
GRAB train batch 68: pair_ids shape=(16,), range=79..9818, coefficients shape=(16, 2), sample_weights shape=(16,), zero_neighbor_targets=0
GRAB train batch 69: pair_ids shape=(16,), range=52..7930, coefficients shape=(16, 2), sample_weights shape=(16,), zero_neighbor_targets=0
GRAB train batch 70: pair_ids shape=(16,), range=127..10817, coefficients shape=(16, 2), sample_weights shape=(16,), zero_neighbor_targets=0
GRAB train batch 71: pair_ids shape=(16,), range=41..10851, coefficients shape=(16, 2), sample_weights shape=(16,), zero_neighbor_targets=0
GRAB train batch 72: pair_ids shape=(16,), range=274..10312, coefficients shape=(16, 2), sample_weights shape=(16,), zero_neighbor_targets=0
GRAB train batch 73: pair_ids shape=(16,), range=32..8739, coefficients shape=(16, 2), sample_weights shape=(16,), zero_neighbor_targets=0
GRAB train batch 74: pair_ids shape=(16,), range=75..6013, coefficients shape=(16, 2), sample_weights shape=(16,), zero_neighbor_targets=0
GRAB train batch 75: pair_ids shape=(16,), range=55..10500, coefficients shape=(16, 2), sample_weights shape=(16,), zero_neighbor_targets=0
GRAB train batch 76: pair_ids shape=(16,), range=199..8911, coefficients shape=(16, 2), sample_weights shape=(16,), zero_neighbor_targets=0
GRAB train batch 77: pair_ids shape=(12,), range=173..10627, coefficients shape=(12, 2), sample_weights shape=(12,), zero_neighbor_targets=0
VALIDATION
valid epoch balanced_accuracy: 0.571839
EPOCH 4:
GRAB train batch 1: pair_ids shape=(16,), range=28..6438, coefficients shape=(16, 2), sample_weights shape=(16,), zero_neighbor_targets=0
GRAB train batch 2: pair_ids shape=(16,), range=40..10384, coefficients shape=(16, 2), sample_weights shape=(16,), zero_neighbor_targets=0
GRAB train batch 3: pair_ids shape=(16,), range=0..7923, coefficients shape=(16, 2), sample_weights shape=(16,), zero_neighbor_targets=0
GRAB train batch 4: pair_ids shape=(16,), range=71..10935, coefficients shape=(16, 2), sample_weights shape=(16,), zero_neighbor_targets=0
GRAB train batch 5: pair_ids shape=(16,), range=58..10811, coefficients shape=(16, 2), sample_weights shape=(16,), zero_neighbor_targets=0
GRAB train batch 6: pair_ids shape=(16,), range=92..10360, coefficients shape=(16, 2), sample_weights shape=(16,), zero_neighbor_targets=0
GRAB train batch 7: pair_ids shape=(16,), range=535..10984, coefficients shape=(16, 2), sample_weights shape=(16,), zero_neighbor_targets=0
GRAB train batch 8: pair_ids shape=(16,), range=229..10742, coefficients shape=(16, 2), sample_weights shape=(16,), zero_neighbor_targets=0
GRAB train batch 9: pair_ids shape=(16,), range=112..10475, coefficients shape=(16, 2), sample_weights shape=(16,), zero_neighbor_targets=0
GRAB train batch 10: pair_ids shape=(16,), range=20..10850, coefficients shape=(16, 2), sample_weights shape=(16,), zero_neighbor_targets=0
GRAB train batch 11: pair_ids shape=(16,), range=108..8903, coefficients shape=(16, 2), sample_weights shape=(16,), zero_neighbor_targets=0
GRAB train batch 12: pair_ids shape=(16,), range=72..9704, coefficients shape=(16, 2), sample_weights shape=(16,), zero_neighbor_targets=0
GRAB train batch 13: pair_ids shape=(16,), range=74..4162, coefficients shape=(16, 2), sample_weights shape=(16,), zero_neighbor_targets=0
GRAB train batch 14: pair_ids shape=(16,), range=9..10411, coefficients shape=(16, 2), sample_weights shape=(16,), zero_neighbor_targets=0
GRAB train batch 15: pair_ids shape=(16,), range=17..10237, coefficients shape=(16, 2), sample_weights shape=(16,), zero_neighbor_targets=0
GRAB train batch 16: pair_ids shape=(16,), range=156..10685, coefficients shape=(16, 2), sample_weights shape=(16,), zero_neighbor_targets=0
GRAB train batch 17: pair_ids shape=(16,), range=8..9727, coefficients shape=(16, 2), sample_weights shape=(16,), zero_neighbor_targets=0
GRAB train batch 18: pair_ids shape=(16,), range=221..8951, coefficients shape=(16, 2), sample_weights shape=(16,), zero_neighbor_targets=0
GRAB train batch 19: pair_ids shape=(16,), range=55..10447, coefficients shape=(16, 2), sample_weights shape=(16,), zero_neighbor_targets=0
GRAB train batch 20: pair_ids shape=(16,), range=169..8678, coefficients shape=(16, 2), sample_weights shape=(16,), zero_neighbor_targets=0
GRAB train batch 21: pair_ids shape=(16,), range=164..10994, coefficients shape=(16, 2), sample_weights shape=(16,), zero_neighbor_targets=0
GRAB train batch 22: pair_ids shape=(16,), range=88..10462, coefficients shape=(16, 2), sample_weights shape=(16,), zero_neighbor_targets=0
GRAB train batch 23: pair_ids shape=(16,), range=69..10988, coefficients shape=(16, 2), sample_weights shape=(16,), zero_neighbor_targets=0
GRAB train batch 24: pair_ids shape=(16,), range=107..6846, coefficients shape=(16, 2), sample_weights shape=(16,), zero_neighbor_targets=0
GRAB train batch 25: pair_ids shape=(16,), range=18..10522, coefficients shape=(16, 2), sample_weights shape=(16,), zero_neighbor_targets=0
GRAB train batch 26: pair_ids shape=(16,), range=73..7284, coefficients shape=(16, 2), sample_weights shape=(16,), zero_neighbor_targets=0
GRAB train batch 27: pair_ids shape=(16,), range=21..10396, coefficients shape=(16, 2), sample_weights shape=(16,), zero_neighbor_targets=0
GRAB train batch 28: pair_ids shape=(16,), range=1..10009, coefficients shape=(16, 2), sample_weights shape=(16,), zero_neighbor_targets=0
GRAB train batch 29: pair_ids shape=(16,), range=67..8731, coefficients shape=(16, 2), sample_weights shape=(16,), zero_neighbor_targets=0
GRAB train batch 30: pair_ids shape=(16,), range=34..7979, coefficients shape=(16, 2), sample_weights shape=(16,), zero_neighbor_targets=0
GRAB train batch 31: pair_ids shape=(16,), range=222..9696, coefficients shape=(16, 2), sample_weights shape=(16,), zero_neighbor_targets=0
GRAB train batch 32: pair_ids shape=(16,), range=12..10891, coefficients shape=(16, 2), sample_weights shape=(16,), zero_neighbor_targets=0
GRAB train batch 33: pair_ids shape=(16,), range=6..5613, coefficients shape=(16, 2), sample_weights shape=(16,), zero_neighbor_targets=0
GRAB train batch 34: pair_ids shape=(16,), range=30..8373, coefficients shape=(16, 2), sample_weights shape=(16,), zero_neighbor_targets=0
GRAB train batch 35: pair_ids shape=(16,), range=252..9937, coefficients shape=(16, 2), sample_weights shape=(16,), zero_neighbor_targets=0
GRAB train batch 36: pair_ids shape=(16,), range=13..8928, coefficients shape=(16, 2), sample_weights shape=(16,), zero_neighbor_targets=0
GRAB train batch 37: pair_ids shape=(16,), range=4..7619, coefficients shape=(16, 2), sample_weights shape=(16,), zero_neighbor_targets=0
GRAB train batch 38: pair_ids shape=(16,), range=16..10795, coefficients shape=(16, 2), sample_weights shape=(16,), zero_neighbor_targets=0
GRAB train batch 39: pair_ids shape=(16,), range=3..10836, coefficients shape=(16, 2), sample_weights shape=(16,), zero_neighbor_targets=0
GRAB train batch 40: pair_ids shape=(16,), range=49..10222, coefficients shape=(16, 2), sample_weights shape=(16,), zero_neighbor_targets=0
GRAB train batch 41: pair_ids shape=(16,), range=177..9995, coefficients shape=(16, 2), sample_weights shape=(16,), zero_neighbor_targets=0
GRAB train batch 42: pair_ids shape=(16,), range=274..10800, coefficients shape=(16, 2), sample_weights shape=(16,), zero_neighbor_targets=0
GRAB train batch 43: pair_ids shape=(16,), range=46..10728, coefficients shape=(16, 2), sample_weights shape=(16,), zero_neighbor_targets=0
GRAB train batch 44: pair_ids shape=(16,), range=59..9698, coefficients shape=(16, 2), sample_weights shape=(16,), zero_neighbor_targets=0
GRAB train batch 45: pair_ids shape=(16,), range=23..10772, coefficients shape=(16, 2), sample_weights shape=(16,), zero_neighbor_targets=0
GRAB train batch 46: pair_ids shape=(16,), range=15..10264, coefficients shape=(16, 2), sample_weights shape=(16,), zero_neighbor_targets=0
GRAB train batch 47: pair_ids shape=(16,), range=148..10471, coefficients shape=(16, 2), sample_weights shape=(16,), zero_neighbor_targets=0
GRAB train batch 48: pair_ids shape=(16,), range=81..10524, coefficients shape=(16, 2), sample_weights shape=(16,), zero_neighbor_targets=0
GRAB train batch 49: pair_ids shape=(16,), range=25..10590, coefficients shape=(16, 2), sample_weights shape=(16,), zero_neighbor_targets=0
GRAB train batch 50: pair_ids shape=(16,), range=7..10662, coefficients shape=(16, 2), sample_weights shape=(16,), zero_neighbor_targets=0
GRAB train batch 51: pair_ids shape=(16,), range=126..10277, coefficients shape=(16, 2), sample_weights shape=(16,), zero_neighbor_targets=0
GRAB train batch 52: pair_ids shape=(16,), range=63..8915, coefficients shape=(16, 2), sample_weights shape=(16,), zero_neighbor_targets=0
GRAB train batch 53: pair_ids shape=(16,), range=48..10205, coefficients shape=(16, 2), sample_weights shape=(16,), zero_neighbor_targets=0
GRAB train batch 54: pair_ids shape=(16,), range=98..7221, coefficients shape=(16, 2), sample_weights shape=(16,), zero_neighbor_targets=0
GRAB train batch 55: pair_ids shape=(16,), range=24..10299, coefficients shape=(16, 2), sample_weights shape=(16,), zero_neighbor_targets=0
GRAB train batch 56: pair_ids shape=(16,), range=186..8563, coefficients shape=(16, 2), sample_weights shape=(16,), zero_neighbor_targets=0
GRAB train batch 57: pair_ids shape=(16,), range=84..10331, coefficients shape=(16, 2), sample_weights shape=(16,), zero_neighbor_targets=0
GRAB train batch 58: pair_ids shape=(16,), range=141..10027, coefficients shape=(16, 2), sample_weights shape=(16,), zero_neighbor_targets=0
GRAB train batch 59: pair_ids shape=(16,), range=22..8310, coefficients shape=(16, 2), sample_weights shape=(16,), zero_neighbor_targets=0
GRAB train batch 60: pair_ids shape=(16,), range=14..10362, coefficients shape=(16, 2), sample_weights shape=(16,), zero_neighbor_targets=0
GRAB train batch 61: pair_ids shape=(16,), range=53..6460, coefficients shape=(16, 2), sample_weights shape=(16,), zero_neighbor_targets=0
GRAB train batch 62: pair_ids shape=(16,), range=162..10851, coefficients shape=(16, 2), sample_weights shape=(16,), zero_neighbor_targets=0
GRAB train batch 63: pair_ids shape=(16,), range=91..9795, coefficients shape=(16, 2), sample_weights shape=(16,), zero_neighbor_targets=0
GRAB train batch 64: pair_ids shape=(16,), range=41..9546, coefficients shape=(16, 2), sample_weights shape=(16,), zero_neighbor_targets=0
GRAB train batch 65: pair_ids shape=(16,), range=27..10502, coefficients shape=(16, 2), sample_weights shape=(16,), zero_neighbor_targets=0
GRAB train batch 66: pair_ids shape=(16,), range=39..8472, coefficients shape=(16, 2), sample_weights shape=(16,), zero_neighbor_targets=0
GRAB train batch 67: pair_ids shape=(16,), range=31..10600, coefficients shape=(16, 2), sample_weights shape=(16,), zero_neighbor_targets=0
GRAB train batch 68: pair_ids shape=(16,), range=130..9598, coefficients shape=(16, 2), sample_weights shape=(16,), zero_neighbor_targets=0
GRAB train batch 69: pair_ids shape=(16,), range=228..10987, coefficients shape=(16, 2), sample_weights shape=(16,), zero_neighbor_targets=0
GRAB train batch 70: pair_ids shape=(16,), range=5..7339, coefficients shape=(16, 2), sample_weights shape=(16,), zero_neighbor_targets=0
GRAB train batch 71: pair_ids shape=(16,), range=50..7304, coefficients shape=(16, 2), sample_weights shape=(16,), zero_neighbor_targets=0
GRAB train batch 72: pair_ids shape=(16,), range=19..7863, coefficients shape=(16, 2), sample_weights shape=(16,), zero_neighbor_targets=0
GRAB train batch 73: pair_ids shape=(16,), range=11..10500, coefficients shape=(16, 2), sample_weights shape=(16,), zero_neighbor_targets=0
GRAB train batch 74: pair_ids shape=(16,), range=192..5795, coefficients shape=(16, 2), sample_weights shape=(16,), zero_neighbor_targets=0
GRAB train batch 75: pair_ids shape=(16,), range=29..10005, coefficients shape=(16, 2), sample_weights shape=(16,), zero_neighbor_targets=0
GRAB train batch 76: pair_ids shape=(16,), range=38..10537, coefficients shape=(16, 2), sample_weights shape=(16,), zero_neighbor_targets=0
GRAB train batch 77: pair_ids shape=(12,), range=26..1866, coefficients shape=(12, 2), sample_weights shape=(12,), zero_neighbor_targets=0
VALIDATION
valid epoch balanced_accuracy: 0.540948
EPOCH 5:
GRAB train batch 1: pair_ids shape=(16,), range=57..10764, coefficients shape=(16, 2), sample_weights shape=(16,), zero_neighbor_targets=0
GRAB train batch 2: pair_ids shape=(16,), range=35..9887, coefficients shape=(16, 2), sample_weights shape=(16,), zero_neighbor_targets=0
GRAB train batch 3: pair_ids shape=(16,), range=38..10984, coefficients shape=(16, 2), sample_weights shape=(16,), zero_neighbor_targets=0
GRAB train batch 4: pair_ids shape=(16,), range=32..10227, coefficients shape=(16, 2), sample_weights shape=(16,), zero_neighbor_targets=0
GRAB train batch 5: pair_ids shape=(16,), range=99..6307, coefficients shape=(16, 2), sample_weights shape=(16,), zero_neighbor_targets=0
GRAB train batch 6: pair_ids shape=(16,), range=120..8739, coefficients shape=(16, 2), sample_weights shape=(16,), zero_neighbor_targets=0
GRAB train batch 7: pair_ids shape=(16,), range=107..10742, coefficients shape=(16, 2), sample_weights shape=(16,), zero_neighbor_targets=0
GRAB train batch 8: pair_ids shape=(16,), range=10..7952, coefficients shape=(16, 2), sample_weights shape=(16,), zero_neighbor_targets=0
GRAB train batch 9: pair_ids shape=(16,), range=135..10988, coefficients shape=(16, 2), sample_weights shape=(16,), zero_neighbor_targets=0
GRAB train batch 10: pair_ids shape=(16,), range=66..10362, coefficients shape=(16, 2), sample_weights shape=(16,), zero_neighbor_targets=0
GRAB train batch 11: pair_ids shape=(16,), range=186..9840, coefficients shape=(16, 2), sample_weights shape=(16,), zero_neighbor_targets=0
GRAB train batch 12: pair_ids shape=(16,), range=3..10411, coefficients shape=(16, 2), sample_weights shape=(16,), zero_neighbor_targets=0
GRAB train batch 13: pair_ids shape=(16,), range=4..9954, coefficients shape=(16, 2), sample_weights shape=(16,), zero_neighbor_targets=0
GRAB train batch 14: pair_ids shape=(16,), range=27..6777, coefficients shape=(16, 2), sample_weights shape=(16,), zero_neighbor_targets=0
GRAB train batch 15: pair_ids shape=(16,), range=167..6274, coefficients shape=(16, 2), sample_weights shape=(16,), zero_neighbor_targets=0
GRAB train batch 16: pair_ids shape=(16,), range=158..10502, coefficients shape=(16, 2), sample_weights shape=(16,), zero_neighbor_targets=0
GRAB train batch 17: pair_ids shape=(16,), range=9..9795, coefficients shape=(16, 2), sample_weights shape=(16,), zero_neighbor_targets=0
GRAB train batch 18: pair_ids shape=(16,), range=29..10590, coefficients shape=(16, 2), sample_weights shape=(16,), zero_neighbor_targets=0
GRAB train batch 19: pair_ids shape=(16,), range=53..7942, coefficients shape=(16, 2), sample_weights shape=(16,), zero_neighbor_targets=0
GRAB train batch 20: pair_ids shape=(16,), range=163..7653, coefficients shape=(16, 2), sample_weights shape=(16,), zero_neighbor_targets=0
GRAB train batch 21: pair_ids shape=(16,), range=56..10811, coefficients shape=(16, 2), sample_weights shape=(16,), zero_neighbor_targets=0
GRAB train batch 22: pair_ids shape=(16,), range=58..7284, coefficients shape=(16, 2), sample_weights shape=(16,), zero_neighbor_targets=0
GRAB train batch 23: pair_ids shape=(16,), range=64..10772, coefficients shape=(16, 2), sample_weights shape=(16,), zero_neighbor_targets=0
GRAB train batch 24: pair_ids shape=(16,), range=80..10237, coefficients shape=(16, 2), sample_weights shape=(16,), zero_neighbor_targets=0
GRAB train batch 25: pair_ids shape=(16,), range=13..8903, coefficients shape=(16, 2), sample_weights shape=(16,), zero_neighbor_targets=0
GRAB train batch 26: pair_ids shape=(16,), range=6..8563, coefficients shape=(16, 2), sample_weights shape=(16,), zero_neighbor_targets=0
GRAB train batch 27: pair_ids shape=(16,), range=151..8310, coefficients shape=(16, 2), sample_weights shape=(16,), zero_neighbor_targets=0
GRAB train batch 28: pair_ids shape=(16,), range=20..10728, coefficients shape=(16, 2), sample_weights shape=(16,), zero_neighbor_targets=0
GRAB train batch 29: pair_ids shape=(16,), range=136..7405, coefficients shape=(16, 2), sample_weights shape=(16,), zero_neighbor_targets=0
GRAB train batch 30: pair_ids shape=(16,), range=50..10264, coefficients shape=(16, 2), sample_weights shape=(16,), zero_neighbor_targets=0
GRAB train batch 31: pair_ids shape=(16,), range=48..8745, coefficients shape=(16, 2), sample_weights shape=(16,), zero_neighbor_targets=0
GRAB train batch 32: pair_ids shape=(16,), range=5..7979, coefficients shape=(16, 2), sample_weights shape=(16,), zero_neighbor_targets=0
GRAB train batch 33: pair_ids shape=(16,), range=8..10500, coefficients shape=(16, 2), sample_weights shape=(16,), zero_neighbor_targets=0
GRAB train batch 34: pair_ids shape=(16,), range=137..10447, coefficients shape=(16, 2), sample_weights shape=(16,), zero_neighbor_targets=0
GRAB train batch 35: pair_ids shape=(16,), range=39..10374, coefficients shape=(16, 2), sample_weights shape=(16,), zero_neighbor_targets=0
GRAB train batch 36: pair_ids shape=(16,), range=31..10475, coefficients shape=(16, 2), sample_weights shape=(16,), zero_neighbor_targets=0
GRAB train batch 37: pair_ids shape=(16,), range=14..10331, coefficients shape=(16, 2), sample_weights shape=(16,), zero_neighbor_targets=0
GRAB train batch 38: pair_ids shape=(16,), range=25..10994, coefficients shape=(16, 2), sample_weights shape=(16,), zero_neighbor_targets=0
GRAB train batch 39: pair_ids shape=(16,), range=141..10836, coefficients shape=(16, 2), sample_weights shape=(16,), zero_neighbor_targets=0
GRAB train batch 40: pair_ids shape=(16,), range=164..10360, coefficients shape=(16, 2), sample_weights shape=(16,), zero_neighbor_targets=0
GRAB train batch 41: pair_ids shape=(16,), range=182..10398, coefficients shape=(16, 2), sample_weights shape=(16,), zero_neighbor_targets=0
GRAB train batch 42: pair_ids shape=(16,), range=124..6596, coefficients shape=(16, 2), sample_weights shape=(16,), zero_neighbor_targets=0
GRAB train batch 43: pair_ids shape=(16,), range=1..10600, coefficients shape=(16, 2), sample_weights shape=(16,), zero_neighbor_targets=0
GRAB train batch 44: pair_ids shape=(16,), range=30..10891, coefficients shape=(16, 2), sample_weights shape=(16,), zero_neighbor_targets=0
GRAB train batch 45: pair_ids shape=(16,), range=36..10800, coefficients shape=(16, 2), sample_weights shape=(16,), zero_neighbor_targets=0
GRAB train batch 46: pair_ids shape=(16,), range=23..2873, coefficients shape=(16, 2), sample_weights shape=(16,), zero_neighbor_targets=0
GRAB train batch 47: pair_ids shape=(16,), range=70..10453, coefficients shape=(16, 2), sample_weights shape=(16,), zero_neighbor_targets=0
GRAB train batch 48: pair_ids shape=(16,), range=42..9727, coefficients shape=(16, 2), sample_weights shape=(16,), zero_neighbor_targets=0
GRAB train batch 49: pair_ids shape=(16,), range=166..10817, coefficients shape=(16, 2), sample_weights shape=(16,), zero_neighbor_targets=0
GRAB train batch 50: pair_ids shape=(16,), range=17..10404, coefficients shape=(16, 2), sample_weights shape=(16,), zero_neighbor_targets=0
GRAB train batch 51: pair_ids shape=(16,), range=77..9937, coefficients shape=(16, 2), sample_weights shape=(16,), zero_neighbor_targets=0
GRAB train batch 52: pair_ids shape=(16,), range=121..6709, coefficients shape=(16, 2), sample_weights shape=(16,), zero_neighbor_targets=0
GRAB train batch 53: pair_ids shape=(16,), range=0..7456, coefficients shape=(16, 2), sample_weights shape=(16,), zero_neighbor_targets=0
GRAB train batch 54: pair_ids shape=(16,), range=24..8594, coefficients shape=(16, 2), sample_weights shape=(16,), zero_neighbor_targets=0
GRAB train batch 55: pair_ids shape=(16,), range=63..8915, coefficients shape=(16, 2), sample_weights shape=(16,), zero_neighbor_targets=0
GRAB train batch 56: pair_ids shape=(16,), range=11..10522, coefficients shape=(16, 2), sample_weights shape=(16,), zero_neighbor_targets=0
GRAB train batch 57: pair_ids shape=(16,), range=139..10435, coefficients shape=(16, 2), sample_weights shape=(16,), zero_neighbor_targets=0
GRAB train batch 58: pair_ids shape=(16,), range=183..8157, coefficients shape=(16, 2), sample_weights shape=(16,), zero_neighbor_targets=0
GRAB train batch 59: pair_ids shape=(16,), range=60..10205, coefficients shape=(16, 2), sample_weights shape=(16,), zero_neighbor_targets=0
GRAB train batch 60: pair_ids shape=(16,), range=89..10299, coefficients shape=(16, 2), sample_weights shape=(16,), zero_neighbor_targets=0
GRAB train batch 61: pair_ids shape=(16,), range=15..10524, coefficients shape=(16, 2), sample_weights shape=(16,), zero_neighbor_targets=0
GRAB train batch 62: pair_ids shape=(16,), range=12..10627, coefficients shape=(16, 2), sample_weights shape=(16,), zero_neighbor_targets=0
GRAB train batch 63: pair_ids shape=(16,), range=117..10005, coefficients shape=(16, 2), sample_weights shape=(16,), zero_neighbor_targets=0
GRAB train batch 64: pair_ids shape=(16,), range=74..8168, coefficients shape=(16, 2), sample_weights shape=(16,), zero_neighbor_targets=0
GRAB train batch 65: pair_ids shape=(16,), range=95..10462, coefficients shape=(16, 2), sample_weights shape=(16,), zero_neighbor_targets=0
GRAB train batch 66: pair_ids shape=(16,), range=72..10987, coefficients shape=(16, 2), sample_weights shape=(16,), zero_neighbor_targets=0
GRAB train batch 67: pair_ids shape=(16,), range=18..9818, coefficients shape=(16, 2), sample_weights shape=(16,), zero_neighbor_targets=0
GRAB train batch 68: pair_ids shape=(16,), range=52..10312, coefficients shape=(16, 2), sample_weights shape=(16,), zero_neighbor_targets=0
GRAB train batch 69: pair_ids shape=(16,), range=2..6156, coefficients shape=(16, 2), sample_weights shape=(16,), zero_neighbor_targets=0
GRAB train batch 70: pair_ids shape=(16,), range=16..10935, coefficients shape=(16, 2), sample_weights shape=(16,), zero_neighbor_targets=0
GRAB train batch 71: pair_ids shape=(16,), range=84..9622, coefficients shape=(16, 2), sample_weights shape=(16,), zero_neighbor_targets=0
GRAB train batch 72: pair_ids shape=(16,), range=19..7537, coefficients shape=(16, 2), sample_weights shape=(16,), zero_neighbor_targets=0
GRAB train batch 73: pair_ids shape=(16,), range=7..10850, coefficients shape=(16, 2), sample_weights shape=(16,), zero_neighbor_targets=0
GRAB train batch 74: pair_ids shape=(16,), range=174..7583, coefficients shape=(16, 2), sample_weights shape=(16,), zero_neighbor_targets=0
GRAB train batch 75: pair_ids shape=(16,), range=238..7785, coefficients shape=(16, 2), sample_weights shape=(16,), zero_neighbor_targets=0
GRAB train batch 76: pair_ids shape=(16,), range=125..10851, coefficients shape=(16, 2), sample_weights shape=(16,), zero_neighbor_targets=0
GRAB train batch 77: pair_ids shape=(12,), range=97..9598, coefficients shape=(12, 2), sample_weights shape=(12,), zero_neighbor_targets=0
VALIDATION
valid epoch balanced_accuracy: 0.540948
EPOCH 6:
GRAB train batch 1: pair_ids shape=(16,), range=68..8876, coefficients shape=(16, 2), sample_weights shape=(16,), zero_neighbor_targets=0
GRAB train batch 2: pair_ids shape=(16,), range=33..8491, coefficients shape=(16, 2), sample_weights shape=(16,), zero_neighbor_targets=0
GRAB train batch 3: pair_ids shape=(16,), range=58..7867, coefficients shape=(16, 2), sample_weights shape=(16,), zero_neighbor_targets=0
GRAB train batch 4: pair_ids shape=(16,), range=89..10772, coefficients shape=(16, 2), sample_weights shape=(16,), zero_neighbor_targets=0
GRAB train batch 5: pair_ids shape=(16,), range=126..10259, coefficients shape=(16, 2), sample_weights shape=(16,), zero_neighbor_targets=0
GRAB train batch 6: pair_ids shape=(16,), range=93..9995, coefficients shape=(16, 2), sample_weights shape=(16,), zero_neighbor_targets=0
GRAB train batch 7: pair_ids shape=(16,), range=112..10500, coefficients shape=(16, 2), sample_weights shape=(16,), zero_neighbor_targets=0
GRAB train batch 8: pair_ids shape=(16,), range=18..10374, coefficients shape=(16, 2), sample_weights shape=(16,), zero_neighbor_targets=0
GRAB train batch 9: pair_ids shape=(16,), range=43..7683, coefficients shape=(16, 2), sample_weights shape=(16,), zero_neighbor_targets=0
GRAB train batch 10: pair_ids shape=(16,), range=13..10811, coefficients shape=(16, 2), sample_weights shape=(16,), zero_neighbor_targets=0
GRAB train batch 11: pair_ids shape=(16,), range=56..10935, coefficients shape=(16, 2), sample_weights shape=(16,), zero_neighbor_targets=0
GRAB train batch 12: pair_ids shape=(16,), range=131..9727, coefficients shape=(16, 2), sample_weights shape=(16,), zero_neighbor_targets=0
GRAB train batch 13: pair_ids shape=(16,), range=85..9704, coefficients shape=(16, 2), sample_weights shape=(16,), zero_neighbor_targets=0
GRAB train batch 14: pair_ids shape=(16,), range=16..10851, coefficients shape=(16, 2), sample_weights shape=(16,), zero_neighbor_targets=0
GRAB train batch 15: pair_ids shape=(16,), range=49..5967, coefficients shape=(16, 2), sample_weights shape=(16,), zero_neighbor_targets=0
GRAB train batch 16: pair_ids shape=(16,), range=67..10987, coefficients shape=(16, 2), sample_weights shape=(16,), zero_neighbor_targets=0
GRAB train batch 17: pair_ids shape=(16,), range=10..9698, coefficients shape=(16, 2), sample_weights shape=(16,), zero_neighbor_targets=0
GRAB train batch 18: pair_ids shape=(16,), range=15..10411, coefficients shape=(16, 2), sample_weights shape=(16,), zero_neighbor_targets=0
GRAB train batch 19: pair_ids shape=(16,), range=39..10662, coefficients shape=(16, 2), sample_weights shape=(16,), zero_neighbor_targets=0
GRAB train batch 20: pair_ids shape=(16,), range=44..7987, coefficients shape=(16, 2), sample_weights shape=(16,), zero_neighbor_targets=0
GRAB train batch 21: pair_ids shape=(16,), range=11..6108, coefficients shape=(16, 2), sample_weights shape=(16,), zero_neighbor_targets=0
GRAB train batch 22: pair_ids shape=(16,), range=50..9887, coefficients shape=(16, 2), sample_weights shape=(16,), zero_neighbor_targets=0
GRAB train batch 23: pair_ids shape=(16,), range=99..8051, coefficients shape=(16, 2), sample_weights shape=(16,), zero_neighbor_targets=0
GRAB train batch 24: pair_ids shape=(16,), range=71..9956, coefficients shape=(16, 2), sample_weights shape=(16,), zero_neighbor_targets=0
GRAB train batch 25: pair_ids shape=(16,), range=83..10800, coefficients shape=(16, 2), sample_weights shape=(16,), zero_neighbor_targets=0
GRAB train batch 26: pair_ids shape=(16,), range=62..10447, coefficients shape=(16, 2), sample_weights shape=(16,), zero_neighbor_targets=0
GRAB train batch 27: pair_ids shape=(16,), range=65..8731, coefficients shape=(16, 2), sample_weights shape=(16,), zero_neighbor_targets=0
GRAB train batch 28: pair_ids shape=(16,), range=2..8224, coefficients shape=(16, 2), sample_weights shape=(16,), zero_neighbor_targets=0
GRAB train batch 29: pair_ids shape=(16,), range=54..10475, coefficients shape=(16, 2), sample_weights shape=(16,), zero_neighbor_targets=0
GRAB train batch 30: pair_ids shape=(16,), range=207..9914, coefficients shape=(16, 2), sample_weights shape=(16,), zero_neighbor_targets=0
GRAB train batch 31: pair_ids shape=(16,), range=95..8670, coefficients shape=(16, 2), sample_weights shape=(16,), zero_neighbor_targets=0
GRAB train batch 32: pair_ids shape=(16,), range=22..8915, coefficients shape=(16, 2), sample_weights shape=(16,), zero_neighbor_targets=0
GRAB train batch 33: pair_ids shape=(16,), range=28..5660, coefficients shape=(16, 2), sample_weights shape=(16,), zero_neighbor_targets=0
GRAB train batch 34: pair_ids shape=(16,), range=5..6530, coefficients shape=(16, 2), sample_weights shape=(16,), zero_neighbor_targets=0
GRAB train batch 35: pair_ids shape=(16,), range=0..8594, coefficients shape=(16, 2), sample_weights shape=(16,), zero_neighbor_targets=0
GRAB train batch 36: pair_ids shape=(16,), range=135..4894, coefficients shape=(16, 2), sample_weights shape=(16,), zero_neighbor_targets=0
GRAB train batch 37: pair_ids shape=(16,), range=7..7872, coefficients shape=(16, 2), sample_weights shape=(16,), zero_neighbor_targets=0
GRAB train batch 38: pair_ids shape=(16,), range=84..5667, coefficients shape=(16, 2), sample_weights shape=(16,), zero_neighbor_targets=0
GRAB train batch 39: pair_ids shape=(16,), range=185..10795, coefficients shape=(16, 2), sample_weights shape=(16,), zero_neighbor_targets=0
GRAB train batch 40: pair_ids shape=(16,), range=42..10984, coefficients shape=(16, 2), sample_weights shape=(16,), zero_neighbor_targets=0
GRAB train batch 41: pair_ids shape=(16,), range=109..7930, coefficients shape=(16, 2), sample_weights shape=(16,), zero_neighbor_targets=0
GRAB train batch 42: pair_ids shape=(16,), range=80..10891, coefficients shape=(16, 2), sample_weights shape=(16,), zero_neighbor_targets=0
GRAB train batch 43: pair_ids shape=(16,), range=96..10850, coefficients shape=(16, 2), sample_weights shape=(16,), zero_neighbor_targets=0
GRAB train batch 44: pair_ids shape=(16,), range=162..9739, coefficients shape=(16, 2), sample_weights shape=(16,), zero_neighbor_targets=0
GRAB train batch 45: pair_ids shape=(16,), range=64..10384, coefficients shape=(16, 2), sample_weights shape=(16,), zero_neighbor_targets=0
GRAB train batch 46: pair_ids shape=(16,), range=21..8157, coefficients shape=(16, 2), sample_weights shape=(16,), zero_neighbor_targets=0
GRAB train batch 47: pair_ids shape=(16,), range=46..10502, coefficients shape=(16, 2), sample_weights shape=(16,), zero_neighbor_targets=0
GRAB train batch 48: pair_ids shape=(16,), range=267..10396, coefficients shape=(16, 2), sample_weights shape=(16,), zero_neighbor_targets=0
GRAB train batch 49: pair_ids shape=(16,), range=128..10471, coefficients shape=(16, 2), sample_weights shape=(16,), zero_neighbor_targets=0
GRAB train batch 50: pair_ids shape=(16,), range=225..10817, coefficients shape=(16, 2), sample_weights shape=(16,), zero_neighbor_targets=0
GRAB train batch 51: pair_ids shape=(16,), range=305..7863, coefficients shape=(16, 2), sample_weights shape=(16,), zero_neighbor_targets=0
GRAB train batch 52: pair_ids shape=(16,), range=116..10277, coefficients shape=(16, 2), sample_weights shape=(16,), zero_neighbor_targets=0
GRAB train batch 53: pair_ids shape=(16,), range=111..10398, coefficients shape=(16, 2), sample_weights shape=(16,), zero_neighbor_targets=0
GRAB train batch 54: pair_ids shape=(16,), range=186..10248, coefficients shape=(16, 2), sample_weights shape=(16,), zero_neighbor_targets=0
GRAB train batch 55: pair_ids shape=(16,), range=52..5288, coefficients shape=(16, 2), sample_weights shape=(16,), zero_neighbor_targets=0
GRAB train batch 56: pair_ids shape=(16,), range=57..10685, coefficients shape=(16, 2), sample_weights shape=(16,), zero_neighbor_targets=0
GRAB train batch 57: pair_ids shape=(16,), range=19..10590, coefficients shape=(16, 2), sample_weights shape=(16,), zero_neighbor_targets=0
GRAB train batch 58: pair_ids shape=(16,), range=66..10994, coefficients shape=(16, 2), sample_weights shape=(16,), zero_neighbor_targets=0
GRAB train batch 59: pair_ids shape=(16,), range=8..7221, coefficients shape=(16, 2), sample_weights shape=(16,), zero_neighbor_targets=0
GRAB train batch 60: pair_ids shape=(16,), range=24..10627, coefficients shape=(16, 2), sample_weights shape=(16,), zero_neighbor_targets=0
GRAB train batch 61: pair_ids shape=(16,), range=4..10362, coefficients shape=(16, 2), sample_weights shape=(16,), zero_neighbor_targets=0
GRAB train batch 62: pair_ids shape=(16,), range=17..3466, coefficients shape=(16, 2), sample_weights shape=(16,), zero_neighbor_targets=0
GRAB train batch 63: pair_ids shape=(16,), range=35..10005, coefficients shape=(16, 2), sample_weights shape=(16,), zero_neighbor_targets=0
GRAB train batch 64: pair_ids shape=(16,), range=9..10764, coefficients shape=(16, 2), sample_weights shape=(16,), zero_neighbor_targets=0
GRAB train batch 65: pair_ids shape=(16,), range=176..7537, coefficients shape=(16, 2), sample_weights shape=(16,), zero_neighbor_targets=0
GRAB train batch 66: pair_ids shape=(16,), range=38..9696, coefficients shape=(16, 2), sample_weights shape=(16,), zero_neighbor_targets=0
GRAB train batch 67: pair_ids shape=(16,), range=77..10393, coefficients shape=(16, 2), sample_weights shape=(16,), zero_neighbor_targets=0
GRAB train batch 68: pair_ids shape=(16,), range=3..9822, coefficients shape=(16, 2), sample_weights shape=(16,), zero_neighbor_targets=0
GRAB train batch 69: pair_ids shape=(16,), range=144..10473, coefficients shape=(16, 2), sample_weights shape=(16,), zero_neighbor_targets=0
GRAB train batch 70: pair_ids shape=(16,), range=26..5687, coefficients shape=(16, 2), sample_weights shape=(16,), zero_neighbor_targets=0
GRAB train batch 71: pair_ids shape=(16,), range=1..8521, coefficients shape=(16, 2), sample_weights shape=(16,), zero_neighbor_targets=0
GRAB train batch 72: pair_ids shape=(16,), range=34..10988, coefficients shape=(16, 2), sample_weights shape=(16,), zero_neighbor_targets=0
GRAB train batch 73: pair_ids shape=(16,), range=202..8373, coefficients shape=(16, 2), sample_weights shape=(16,), zero_neighbor_targets=0
GRAB train batch 74: pair_ids shape=(16,), range=29..3982, coefficients shape=(16, 2), sample_weights shape=(16,), zero_neighbor_targets=0
GRAB train batch 75: pair_ids shape=(16,), range=12..10462, coefficients shape=(16, 2), sample_weights shape=(16,), zero_neighbor_targets=0
GRAB train batch 76: pair_ids shape=(16,), range=138..10600, coefficients shape=(16, 2), sample_weights shape=(16,), zero_neighbor_targets=0
GRAB train batch 77: pair_ids shape=(12,), range=101..7940, coefficients shape=(12, 2), sample_weights shape=(12,), zero_neighbor_targets=0
VALIDATION
valid epoch balanced_accuracy: 0.585489
EPOCH 7:
GRAB train batch 1: pair_ids shape=(16,), range=46..7619, coefficients shape=(16, 2), sample_weights shape=(16,), zero_neighbor_targets=0
GRAB train batch 2: pair_ids shape=(16,), range=47..10362, coefficients shape=(16, 2), sample_weights shape=(16,), zero_neighbor_targets=0
GRAB train batch 3: pair_ids shape=(16,), range=52..8731, coefficients shape=(16, 2), sample_weights shape=(16,), zero_neighbor_targets=0
GRAB train batch 4: pair_ids shape=(16,), range=29..6846, coefficients shape=(16, 2), sample_weights shape=(16,), zero_neighbor_targets=0
GRAB train batch 5: pair_ids shape=(16,), range=12..8233, coefficients shape=(16, 2), sample_weights shape=(16,), zero_neighbor_targets=0
GRAB train batch 6: pair_ids shape=(16,), range=59..5171, coefficients shape=(16, 2), sample_weights shape=(16,), zero_neighbor_targets=0
GRAB train batch 7: pair_ids shape=(16,), range=228..10170, coefficients shape=(16, 2), sample_weights shape=(16,), zero_neighbor_targets=0
GRAB train batch 8: pair_ids shape=(16,), range=31..9956, coefficients shape=(16, 2), sample_weights shape=(16,), zero_neighbor_targets=0
GRAB train batch 9: pair_ids shape=(16,), range=152..8951, coefficients shape=(16, 2), sample_weights shape=(16,), zero_neighbor_targets=0
GRAB train batch 10: pair_ids shape=(16,), range=8..10222, coefficients shape=(16, 2), sample_weights shape=(16,), zero_neighbor_targets=0
GRAB train batch 11: pair_ids shape=(16,), range=7..10850, coefficients shape=(16, 2), sample_weights shape=(16,), zero_neighbor_targets=0
GRAB train batch 12: pair_ids shape=(16,), range=6..10393, coefficients shape=(16, 2), sample_weights shape=(16,), zero_neighbor_targets=0
GRAB train batch 13: pair_ids shape=(16,), range=44..10259, coefficients shape=(16, 2), sample_weights shape=(16,), zero_neighbor_targets=0
GRAB train batch 14: pair_ids shape=(16,), range=1..7411, coefficients shape=(16, 2), sample_weights shape=(16,), zero_neighbor_targets=0
GRAB train batch 15: pair_ids shape=(16,), range=56..10502, coefficients shape=(16, 2), sample_weights shape=(16,), zero_neighbor_targets=0
GRAB train batch 16: pair_ids shape=(16,), range=11..6314, coefficients shape=(16, 2), sample_weights shape=(16,), zero_neighbor_targets=0
GRAB train batch 17: pair_ids shape=(16,), range=15..7940, coefficients shape=(16, 2), sample_weights shape=(16,), zero_neighbor_targets=0
GRAB train batch 18: pair_ids shape=(16,), range=131..10662, coefficients shape=(16, 2), sample_weights shape=(16,), zero_neighbor_targets=0
GRAB train batch 19: pair_ids shape=(16,), range=23..10360, coefficients shape=(16, 2), sample_weights shape=(16,), zero_neighbor_targets=0
GRAB train batch 20: pair_ids shape=(16,), range=37..9939, coefficients shape=(16, 2), sample_weights shape=(16,), zero_neighbor_targets=0
GRAB train batch 21: pair_ids shape=(16,), range=20..10475, coefficients shape=(16, 2), sample_weights shape=(16,), zero_neighbor_targets=0
GRAB train batch 22: pair_ids shape=(16,), range=5..10404, coefficients shape=(16, 2), sample_weights shape=(16,), zero_neighbor_targets=0
GRAB train batch 23: pair_ids shape=(16,), range=14..10447, coefficients shape=(16, 2), sample_weights shape=(16,), zero_neighbor_targets=0
GRAB train batch 24: pair_ids shape=(16,), range=73..10473, coefficients shape=(16, 2), sample_weights shape=(16,), zero_neighbor_targets=0
GRAB train batch 25: pair_ids shape=(16,), range=80..7879, coefficients shape=(16, 2), sample_weights shape=(16,), zero_neighbor_targets=0
GRAB train batch 26: pair_ids shape=(16,), range=10..10984, coefficients shape=(16, 2), sample_weights shape=(16,), zero_neighbor_targets=0
GRAB train batch 27: pair_ids shape=(16,), range=13..10851, coefficients shape=(16, 2), sample_weights shape=(16,), zero_neighbor_targets=0
GRAB train batch 28: pair_ids shape=(16,), range=4..10299, coefficients shape=(16, 2), sample_weights shape=(16,), zero_neighbor_targets=0
GRAB train batch 29: pair_ids shape=(16,), range=78..10935, coefficients shape=(16, 2), sample_weights shape=(16,), zero_neighbor_targets=0
GRAB train batch 30: pair_ids shape=(16,), range=55..6388, coefficients shape=(16, 2), sample_weights shape=(16,), zero_neighbor_targets=0
GRAB train batch 31: pair_ids shape=(16,), range=98..10522, coefficients shape=(16, 2), sample_weights shape=(16,), zero_neighbor_targets=0
GRAB train batch 32: pair_ids shape=(16,), range=30..10988, coefficients shape=(16, 2), sample_weights shape=(16,), zero_neighbor_targets=0
GRAB train batch 33: pair_ids shape=(16,), range=35..5486, coefficients shape=(16, 2), sample_weights shape=(16,), zero_neighbor_targets=0
GRAB train batch 34: pair_ids shape=(16,), range=41..8081, coefficients shape=(16, 2), sample_weights shape=(16,), zero_neighbor_targets=0
GRAB train batch 35: pair_ids shape=(16,), range=61..10331, coefficients shape=(16, 2), sample_weights shape=(16,), zero_neighbor_targets=0
GRAB train batch 36: pair_ids shape=(16,), range=43..10764, coefficients shape=(16, 2), sample_weights shape=(16,), zero_neighbor_targets=0
GRAB train batch 37: pair_ids shape=(16,), range=99..10600, coefficients shape=(16, 2), sample_weights shape=(16,), zero_neighbor_targets=0
GRAB train batch 38: pair_ids shape=(16,), range=84..7857, coefficients shape=(16, 2), sample_weights shape=(16,), zero_neighbor_targets=0
GRAB train batch 39: pair_ids shape=(16,), range=104..10590, coefficients shape=(16, 2), sample_weights shape=(16,), zero_neighbor_targets=0
GRAB train batch 40: pair_ids shape=(16,), range=121..10891, coefficients shape=(16, 2), sample_weights shape=(16,), zero_neighbor_targets=0
GRAB train batch 41: pair_ids shape=(16,), range=38..10836, coefficients shape=(16, 2), sample_weights shape=(16,), zero_neighbor_targets=0
GRAB train batch 42: pair_ids shape=(16,), range=42..8510, coefficients shape=(16, 2), sample_weights shape=(16,), zero_neighbor_targets=0
GRAB train batch 43: pair_ids shape=(16,), range=100..10728, coefficients shape=(16, 2), sample_weights shape=(16,), zero_neighbor_targets=0
GRAB train batch 44: pair_ids shape=(16,), range=45..9704, coefficients shape=(16, 2), sample_weights shape=(16,), zero_neighbor_targets=0
GRAB train batch 45: pair_ids shape=(16,), range=22..9739, coefficients shape=(16, 2), sample_weights shape=(16,), zero_neighbor_targets=0
GRAB train batch 46: pair_ids shape=(16,), range=9..10994, coefficients shape=(16, 2), sample_weights shape=(16,), zero_neighbor_targets=0
GRAB train batch 47: pair_ids shape=(16,), range=196..10987, coefficients shape=(16, 2), sample_weights shape=(16,), zero_neighbor_targets=0
GRAB train batch 48: pair_ids shape=(16,), range=79..7448, coefficients shape=(16, 2), sample_weights shape=(16,), zero_neighbor_targets=0
GRAB train batch 49: pair_ids shape=(16,), range=407..10005, coefficients shape=(16, 2), sample_weights shape=(16,), zero_neighbor_targets=0
GRAB train batch 50: pair_ids shape=(16,), range=143..8858, coefficients shape=(16, 2), sample_weights shape=(16,), zero_neighbor_targets=0
GRAB train batch 51: pair_ids shape=(16,), range=53..8313, coefficients shape=(16, 2), sample_weights shape=(16,), zero_neighbor_targets=0
GRAB train batch 52: pair_ids shape=(16,), range=69..7510, coefficients shape=(16, 2), sample_weights shape=(16,), zero_neighbor_targets=0
GRAB train batch 53: pair_ids shape=(16,), range=18..8903, coefficients shape=(16, 2), sample_weights shape=(16,), zero_neighbor_targets=0
GRAB train batch 54: pair_ids shape=(16,), range=16..5285, coefficients shape=(16, 2), sample_weights shape=(16,), zero_neighbor_targets=0
GRAB train batch 55: pair_ids shape=(16,), range=24..10384, coefficients shape=(16, 2), sample_weights shape=(16,), zero_neighbor_targets=0
GRAB train batch 56: pair_ids shape=(16,), range=2..10800, coefficients shape=(16, 2), sample_weights shape=(16,), zero_neighbor_targets=0
GRAB train batch 57: pair_ids shape=(16,), range=49..10817, coefficients shape=(16, 2), sample_weights shape=(16,), zero_neighbor_targets=0
GRAB train batch 58: pair_ids shape=(16,), range=133..10374, coefficients shape=(16, 2), sample_weights shape=(16,), zero_neighbor_targets=0
GRAB train batch 59: pair_ids shape=(16,), range=132..10742, coefficients shape=(16, 2), sample_weights shape=(16,), zero_neighbor_targets=0
GRAB train batch 60: pair_ids shape=(16,), range=0..8157, coefficients shape=(16, 2), sample_weights shape=(16,), zero_neighbor_targets=0
GRAB train batch 61: pair_ids shape=(16,), range=68..10500, coefficients shape=(16, 2), sample_weights shape=(16,), zero_neighbor_targets=0
GRAB train batch 62: pair_ids shape=(16,), range=145..7251, coefficients shape=(16, 2), sample_weights shape=(16,), zero_neighbor_targets=0
GRAB train batch 63: pair_ids shape=(16,), range=25..10811, coefficients shape=(16, 2), sample_weights shape=(16,), zero_neighbor_targets=0
GRAB train batch 64: pair_ids shape=(16,), range=67..10471, coefficients shape=(16, 2), sample_weights shape=(16,), zero_neighbor_targets=0
GRAB train batch 65: pair_ids shape=(16,), range=27..10248, coefficients shape=(16, 2), sample_weights shape=(16,), zero_neighbor_targets=0
GRAB train batch 66: pair_ids shape=(16,), range=3..10524, coefficients shape=(16, 2), sample_weights shape=(16,), zero_neighbor_targets=0
GRAB train batch 67: pair_ids shape=(16,), range=126..8772, coefficients shape=(16, 2), sample_weights shape=(16,), zero_neighbor_targets=0
GRAB train batch 68: pair_ids shape=(16,), range=28..8279, coefficients shape=(16, 2), sample_weights shape=(16,), zero_neighbor_targets=0
GRAB train batch 69: pair_ids shape=(16,), range=26..8915, coefficients shape=(16, 2), sample_weights shape=(16,), zero_neighbor_targets=0
GRAB train batch 70: pair_ids shape=(16,), range=17..7863, coefficients shape=(16, 2), sample_weights shape=(16,), zero_neighbor_targets=0
GRAB train batch 71: pair_ids shape=(16,), range=139..10537, coefficients shape=(16, 2), sample_weights shape=(16,), zero_neighbor_targets=0
GRAB train batch 72: pair_ids shape=(16,), range=271..7979, coefficients shape=(16, 2), sample_weights shape=(16,), zero_neighbor_targets=0
GRAB train batch 73: pair_ids shape=(16,), range=40..10396, coefficients shape=(16, 2), sample_weights shape=(16,), zero_neighbor_targets=0
GRAB train batch 74: pair_ids shape=(16,), range=58..9914, coefficients shape=(16, 2), sample_weights shape=(16,), zero_neighbor_targets=0
GRAB train batch 75: pair_ids shape=(16,), range=32..9995, coefficients shape=(16, 2), sample_weights shape=(16,), zero_neighbor_targets=0
GRAB train batch 76: pair_ids shape=(16,), range=89..6283, coefficients shape=(16, 2), sample_weights shape=(16,), zero_neighbor_targets=0
GRAB train batch 77: pair_ids shape=(12,), range=236..7798, coefficients shape=(12, 2), sample_weights shape=(12,), zero_neighbor_targets=0
VALIDATION
valid epoch balanced_accuracy: 0.540948
EPOCH 8:
GRAB train batch 1: pair_ids shape=(16,), range=27..6515, coefficients shape=(16, 2), sample_weights shape=(16,), zero_neighbor_targets=0
GRAB train batch 2: pair_ids shape=(16,), range=10..10817, coefficients shape=(16, 2), sample_weights shape=(16,), zero_neighbor_targets=0
GRAB train batch 3: pair_ids shape=(16,), range=76..8370, coefficients shape=(16, 2), sample_weights shape=(16,), zero_neighbor_targets=0
GRAB train batch 4: pair_ids shape=(16,), range=51..10259, coefficients shape=(16, 2), sample_weights shape=(16,), zero_neighbor_targets=0
GRAB train batch 5: pair_ids shape=(16,), range=404..10685, coefficients shape=(16, 2), sample_weights shape=(16,), zero_neighbor_targets=0
GRAB train batch 6: pair_ids shape=(16,), range=16..9622, coefficients shape=(16, 2), sample_weights shape=(16,), zero_neighbor_targets=0
GRAB train batch 7: pair_ids shape=(16,), range=86..10248, coefficients shape=(16, 2), sample_weights shape=(16,), zero_neighbor_targets=0
GRAB train batch 8: pair_ids shape=(16,), range=21..10411, coefficients shape=(16, 2), sample_weights shape=(16,), zero_neighbor_targets=0
GRAB train batch 9: pair_ids shape=(16,), range=33..8590, coefficients shape=(16, 2), sample_weights shape=(16,), zero_neighbor_targets=0
GRAB train batch 10: pair_ids shape=(16,), range=7..10988, coefficients shape=(16, 2), sample_weights shape=(16,), zero_neighbor_targets=0
GRAB train batch 11: pair_ids shape=(16,), range=18..10728, coefficients shape=(16, 2), sample_weights shape=(16,), zero_neighbor_targets=0
GRAB train batch 12: pair_ids shape=(16,), range=118..9822, coefficients shape=(16, 2), sample_weights shape=(16,), zero_neighbor_targets=0
GRAB train batch 13: pair_ids shape=(16,), range=148..10374, coefficients shape=(16, 2), sample_weights shape=(16,), zero_neighbor_targets=0
GRAB train batch 14: pair_ids shape=(16,), range=44..10850, coefficients shape=(16, 2), sample_weights shape=(16,), zero_neighbor_targets=0
GRAB train batch 15: pair_ids shape=(16,), range=36..7979, coefficients shape=(16, 2), sample_weights shape=(16,), zero_neighbor_targets=0
GRAB train batch 16: pair_ids shape=(16,), range=63..10227, coefficients shape=(16, 2), sample_weights shape=(16,), zero_neighbor_targets=0
GRAB train batch 17: pair_ids shape=(16,), range=20..8739, coefficients shape=(16, 2), sample_weights shape=(16,), zero_neighbor_targets=0
GRAB train batch 18: pair_ids shape=(16,), range=5..10404, coefficients shape=(16, 2), sample_weights shape=(16,), zero_neighbor_targets=0
GRAB train batch 19: pair_ids shape=(16,), range=62..10462, coefficients shape=(16, 2), sample_weights shape=(16,), zero_neighbor_targets=0
GRAB train batch 20: pair_ids shape=(16,), range=4..10312, coefficients shape=(16, 2), sample_weights shape=(16,), zero_neighbor_targets=0
GRAB train batch 21: pair_ids shape=(16,), range=78..7940, coefficients shape=(16, 2), sample_weights shape=(16,), zero_neighbor_targets=0
GRAB train batch 22: pair_ids shape=(16,), range=66..9939, coefficients shape=(16, 2), sample_weights shape=(16,), zero_neighbor_targets=0
GRAB train batch 23: pair_ids shape=(16,), range=107..10742, coefficients shape=(16, 2), sample_weights shape=(16,), zero_neighbor_targets=0
GRAB train batch 24: pair_ids shape=(16,), range=192..10772, coefficients shape=(16, 2), sample_weights shape=(16,), zero_neighbor_targets=0
GRAB train batch 25: pair_ids shape=(16,), range=129..9840, coefficients shape=(16, 2), sample_weights shape=(16,), zero_neighbor_targets=0
GRAB train batch 26: pair_ids shape=(16,), range=68..10984, coefficients shape=(16, 2), sample_weights shape=(16,), zero_neighbor_targets=0
GRAB train batch 27: pair_ids shape=(16,), range=47..10851, coefficients shape=(16, 2), sample_weights shape=(16,), zero_neighbor_targets=0
GRAB train batch 28: pair_ids shape=(16,), range=119..10522, coefficients shape=(16, 2), sample_weights shape=(16,), zero_neighbor_targets=0
GRAB train batch 29: pair_ids shape=(16,), range=15..9795, coefficients shape=(16, 2), sample_weights shape=(16,), zero_neighbor_targets=0
GRAB train batch 30: pair_ids shape=(16,), range=29..10764, coefficients shape=(16, 2), sample_weights shape=(16,), zero_neighbor_targets=0
GRAB train batch 31: pair_ids shape=(16,), range=49..4618, coefficients shape=(16, 2), sample_weights shape=(16,), zero_neighbor_targets=0
GRAB train batch 32: pair_ids shape=(16,), range=57..10795, coefficients shape=(16, 2), sample_weights shape=(16,), zero_neighbor_targets=0
GRAB train batch 33: pair_ids shape=(16,), range=38..8163, coefficients shape=(16, 2), sample_weights shape=(16,), zero_neighbor_targets=0
GRAB train batch 34: pair_ids shape=(16,), range=41..10500, coefficients shape=(16, 2), sample_weights shape=(16,), zero_neighbor_targets=0
GRAB train batch 35: pair_ids shape=(16,), range=215..9892, coefficients shape=(16, 2), sample_weights shape=(16,), zero_neighbor_targets=0
GRAB train batch 36: pair_ids shape=(16,), range=138..8279, coefficients shape=(16, 2), sample_weights shape=(16,), zero_neighbor_targets=0
GRAB train batch 37: pair_ids shape=(16,), range=0..10891, coefficients shape=(16, 2), sample_weights shape=(16,), zero_neighbor_targets=0
GRAB train batch 38: pair_ids shape=(16,), range=3..10662, coefficients shape=(16, 2), sample_weights shape=(16,), zero_neighbor_targets=0
GRAB train batch 39: pair_ids shape=(16,), range=9..10225, coefficients shape=(16, 2), sample_weights shape=(16,), zero_neighbor_targets=0
GRAB train batch 40: pair_ids shape=(16,), range=135..10331, coefficients shape=(16, 2), sample_weights shape=(16,), zero_neighbor_targets=0
GRAB train batch 41: pair_ids shape=(16,), range=6..8200, coefficients shape=(16, 2), sample_weights shape=(16,), zero_neighbor_targets=0
GRAB train batch 42: pair_ids shape=(16,), range=208..10600, coefficients shape=(16, 2), sample_weights shape=(16,), zero_neighbor_targets=0
GRAB train batch 43: pair_ids shape=(16,), range=23..7286, coefficients shape=(16, 2), sample_weights shape=(16,), zero_neighbor_targets=0
GRAB train batch 44: pair_ids shape=(16,), range=201..7975, coefficients shape=(16, 2), sample_weights shape=(16,), zero_neighbor_targets=0
GRAB train batch 45: pair_ids shape=(16,), range=11..8670, coefficients shape=(16, 2), sample_weights shape=(16,), zero_neighbor_targets=0
GRAB train batch 46: pair_ids shape=(16,), range=17..5531, coefficients shape=(16, 2), sample_weights shape=(16,), zero_neighbor_targets=0
GRAB train batch 47: pair_ids shape=(16,), range=94..8310, coefficients shape=(16, 2), sample_weights shape=(16,), zero_neighbor_targets=0
GRAB train batch 48: pair_ids shape=(16,), range=99..7795, coefficients shape=(16, 2), sample_weights shape=(16,), zero_neighbor_targets=0
GRAB train batch 49: pair_ids shape=(16,), range=59..9956, coefficients shape=(16, 2), sample_weights shape=(16,), zero_neighbor_targets=0
GRAB train batch 50: pair_ids shape=(16,), range=8..8224, coefficients shape=(16, 2), sample_weights shape=(16,), zero_neighbor_targets=0
GRAB train batch 51: pair_ids shape=(16,), range=34..8579, coefficients shape=(16, 2), sample_weights shape=(16,), zero_neighbor_targets=0
GRAB train batch 52: pair_ids shape=(16,), range=53..10836, coefficients shape=(16, 2), sample_weights shape=(16,), zero_neighbor_targets=0
GRAB train batch 53: pair_ids shape=(16,), range=22..8678, coefficients shape=(16, 2), sample_weights shape=(16,), zero_neighbor_targets=0
GRAB train batch 54: pair_ids shape=(16,), range=237..10447, coefficients shape=(16, 2), sample_weights shape=(16,), zero_neighbor_targets=0
GRAB train batch 55: pair_ids shape=(16,), range=147..10475, coefficients shape=(16, 2), sample_weights shape=(16,), zero_neighbor_targets=0
GRAB train batch 56: pair_ids shape=(16,), range=92..7619, coefficients shape=(16, 2), sample_weights shape=(16,), zero_neighbor_targets=0
GRAB train batch 57: pair_ids shape=(16,), range=109..10537, coefficients shape=(16, 2), sample_weights shape=(16,), zero_neighbor_targets=0
GRAB train batch 58: pair_ids shape=(16,), range=89..8928, coefficients shape=(16, 2), sample_weights shape=(16,), zero_neighbor_targets=0
GRAB train batch 59: pair_ids shape=(16,), range=52..7456, coefficients shape=(16, 2), sample_weights shape=(16,), zero_neighbor_targets=0
GRAB train batch 60: pair_ids shape=(16,), range=297..10471, coefficients shape=(16, 2), sample_weights shape=(16,), zero_neighbor_targets=0
GRAB train batch 61: pair_ids shape=(16,), range=24..10935, coefficients shape=(16, 2), sample_weights shape=(16,), zero_neighbor_targets=0
GRAB train batch 62: pair_ids shape=(16,), range=240..10502, coefficients shape=(16, 2), sample_weights shape=(16,), zero_neighbor_targets=0
GRAB train batch 63: pair_ids shape=(16,), range=120..10005, coefficients shape=(16, 2), sample_weights shape=(16,), zero_neighbor_targets=0
GRAB train batch 64: pair_ids shape=(16,), range=2..10994, coefficients shape=(16, 2), sample_weights shape=(16,), zero_neighbor_targets=0
GRAB train batch 65: pair_ids shape=(16,), range=111..10237, coefficients shape=(16, 2), sample_weights shape=(16,), zero_neighbor_targets=0
GRAB train batch 66: pair_ids shape=(16,), range=58..7894, coefficients shape=(16, 2), sample_weights shape=(16,), zero_neighbor_targets=0
GRAB train batch 67: pair_ids shape=(16,), range=98..10811, coefficients shape=(16, 2), sample_weights shape=(16,), zero_neighbor_targets=0
GRAB train batch 68: pair_ids shape=(16,), range=26..10264, coefficients shape=(16, 2), sample_weights shape=(16,), zero_neighbor_targets=0
GRAB train batch 69: pair_ids shape=(16,), range=1..9608, coefficients shape=(16, 2), sample_weights shape=(16,), zero_neighbor_targets=0
GRAB train batch 70: pair_ids shape=(16,), range=12..10398, coefficients shape=(16, 2), sample_weights shape=(16,), zero_neighbor_targets=0
GRAB train batch 71: pair_ids shape=(16,), range=13..7867, coefficients shape=(16, 2), sample_weights shape=(16,), zero_neighbor_targets=0
GRAB train batch 72: pair_ids shape=(16,), range=45..10453, coefficients shape=(16, 2), sample_weights shape=(16,), zero_neighbor_targets=0
GRAB train batch 73: pair_ids shape=(16,), range=122..6167, coefficients shape=(16, 2), sample_weights shape=(16,), zero_neighbor_targets=0
GRAB train batch 74: pair_ids shape=(16,), range=32..9546, coefficients shape=(16, 2), sample_weights shape=(16,), zero_neighbor_targets=0
GRAB train batch 75: pair_ids shape=(16,), range=42..4651, coefficients shape=(16, 2), sample_weights shape=(16,), zero_neighbor_targets=0
GRAB train batch 76: pair_ids shape=(16,), range=65..9698, coefficients shape=(16, 2), sample_weights shape=(16,), zero_neighbor_targets=0
GRAB train batch 77: pair_ids shape=(12,), range=19..8594, coefficients shape=(12, 2), sample_weights shape=(12,), zero_neighbor_targets=0
VALIDATION
valid epoch balanced_accuracy: 0.602730
EPOCH 9:
GRAB train batch 1: pair_ids shape=(16,), range=21..10447, coefficients shape=(16, 2), sample_weights shape=(16,), zero_neighbor_targets=0
GRAB train batch 2: pair_ids shape=(16,), range=86..10248, coefficients shape=(16, 2), sample_weights shape=(16,), zero_neighbor_targets=0
GRAB train batch 3: pair_ids shape=(16,), range=82..10772, coefficients shape=(16, 2), sample_weights shape=(16,), zero_neighbor_targets=0
GRAB train batch 4: pair_ids shape=(16,), range=66..5531, coefficients shape=(16, 2), sample_weights shape=(16,), zero_neighbor_targets=0
GRAB train batch 5: pair_ids shape=(16,), range=1..10811, coefficients shape=(16, 2), sample_weights shape=(16,), zero_neighbor_targets=0
GRAB train batch 6: pair_ids shape=(16,), range=171..10800, coefficients shape=(16, 2), sample_weights shape=(16,), zero_neighbor_targets=0
GRAB train batch 7: pair_ids shape=(16,), range=13..10264, coefficients shape=(16, 2), sample_weights shape=(16,), zero_neighbor_targets=0
GRAB train batch 8: pair_ids shape=(16,), range=15..9795, coefficients shape=(16, 2), sample_weights shape=(16,), zero_neighbor_targets=0
GRAB train batch 9: pair_ids shape=(16,), range=37..8224, coefficients shape=(16, 2), sample_weights shape=(16,), zero_neighbor_targets=0
GRAB train batch 10: pair_ids shape=(16,), range=14..10360, coefficients shape=(16, 2), sample_weights shape=(16,), zero_neighbor_targets=0
GRAB train batch 11: pair_ids shape=(16,), range=284..10299, coefficients shape=(16, 2), sample_weights shape=(16,), zero_neighbor_targets=0
GRAB train batch 12: pair_ids shape=(16,), range=201..10500, coefficients shape=(16, 2), sample_weights shape=(16,), zero_neighbor_targets=0
GRAB train batch 13: pair_ids shape=(16,), range=35..10475, coefficients shape=(16, 2), sample_weights shape=(16,), zero_neighbor_targets=0
GRAB train batch 14: pair_ids shape=(16,), range=63..10312, coefficients shape=(16, 2), sample_weights shape=(16,), zero_neighbor_targets=0
GRAB train batch 15: pair_ids shape=(16,), range=8..10374, coefficients shape=(16, 2), sample_weights shape=(16,), zero_neighbor_targets=0
GRAB train batch 16: pair_ids shape=(16,), range=73..10227, coefficients shape=(16, 2), sample_weights shape=(16,), zero_neighbor_targets=0
GRAB train batch 17: pair_ids shape=(16,), range=75..10627, coefficients shape=(16, 2), sample_weights shape=(16,), zero_neighbor_targets=0
GRAB train batch 18: pair_ids shape=(16,), range=111..10471, coefficients shape=(16, 2), sample_weights shape=(16,), zero_neighbor_targets=0
GRAB train batch 19: pair_ids shape=(16,), range=71..10988, coefficients shape=(16, 2), sample_weights shape=(16,), zero_neighbor_targets=0
GRAB train batch 20: pair_ids shape=(16,), range=4..5216, coefficients shape=(16, 2), sample_weights shape=(16,), zero_neighbor_targets=0
GRAB train batch 21: pair_ids shape=(16,), range=48..10984, coefficients shape=(16, 2), sample_weights shape=(16,), zero_neighbor_targets=0
GRAB train batch 22: pair_ids shape=(16,), range=108..5242, coefficients shape=(16, 2), sample_weights shape=(16,), zero_neighbor_targets=0
GRAB train batch 23: pair_ids shape=(16,), range=137..10600, coefficients shape=(16, 2), sample_weights shape=(16,), zero_neighbor_targets=0
GRAB train batch 24: pair_ids shape=(16,), range=47..10537, coefficients shape=(16, 2), sample_weights shape=(16,), zero_neighbor_targets=0
GRAB train batch 25: pair_ids shape=(16,), range=248..8731, coefficients shape=(16, 2), sample_weights shape=(16,), zero_neighbor_targets=0
GRAB train batch 26: pair_ids shape=(16,), range=62..7952, coefficients shape=(16, 2), sample_weights shape=(16,), zero_neighbor_targets=0
GRAB train batch 27: pair_ids shape=(16,), range=55..10742, coefficients shape=(16, 2), sample_weights shape=(16,), zero_neighbor_targets=0
GRAB train batch 28: pair_ids shape=(16,), range=51..7867, coefficients shape=(16, 2), sample_weights shape=(16,), zero_neighbor_targets=0
GRAB train batch 29: pair_ids shape=(16,), range=88..8671, coefficients shape=(16, 2), sample_weights shape=(16,), zero_neighbor_targets=0
GRAB train batch 30: pair_ids shape=(16,), range=29..10005, coefficients shape=(16, 2), sample_weights shape=(16,), zero_neighbor_targets=0
GRAB train batch 31: pair_ids shape=(16,), range=38..9995, coefficients shape=(16, 2), sample_weights shape=(16,), zero_neighbor_targets=0
GRAB train batch 32: pair_ids shape=(16,), range=92..10393, coefficients shape=(16, 2), sample_weights shape=(16,), zero_neighbor_targets=0
GRAB train batch 33: pair_ids shape=(16,), range=3..8200, coefficients shape=(16, 2), sample_weights shape=(16,), zero_neighbor_targets=0
GRAB train batch 34: pair_ids shape=(16,), range=87..9739, coefficients shape=(16, 2), sample_weights shape=(16,), zero_neighbor_targets=0
GRAB train batch 35: pair_ids shape=(16,), range=16..8521, coefficients shape=(16, 2), sample_weights shape=(16,), zero_neighbor_targets=0
GRAB train batch 36: pair_ids shape=(16,), range=59..10850, coefficients shape=(16, 2), sample_weights shape=(16,), zero_neighbor_targets=0
GRAB train batch 37: pair_ids shape=(16,), range=0..10851, coefficients shape=(16, 2), sample_weights shape=(16,), zero_neighbor_targets=0
GRAB train batch 38: pair_ids shape=(16,), range=25..10891, coefficients shape=(16, 2), sample_weights shape=(16,), zero_neighbor_targets=0
GRAB train batch 39: pair_ids shape=(16,), range=30..10935, coefficients shape=(16, 2), sample_weights shape=(16,), zero_neighbor_targets=0
GRAB train batch 40: pair_ids shape=(16,), range=28..10384, coefficients shape=(16, 2), sample_weights shape=(16,), zero_neighbor_targets=0
GRAB train batch 41: pair_ids shape=(16,), range=65..9887, coefficients shape=(16, 2), sample_weights shape=(16,), zero_neighbor_targets=0
GRAB train batch 42: pair_ids shape=(16,), range=164..10836, coefficients shape=(16, 2), sample_weights shape=(16,), zero_neighbor_targets=0
GRAB train batch 43: pair_ids shape=(16,), range=160..10522, coefficients shape=(16, 2), sample_weights shape=(16,), zero_neighbor_targets=0
GRAB train batch 44: pair_ids shape=(16,), range=93..8081, coefficients shape=(16, 2), sample_weights shape=(16,), zero_neighbor_targets=0
GRAB train batch 45: pair_ids shape=(16,), range=27..9727, coefficients shape=(16, 2), sample_weights shape=(16,), zero_neighbor_targets=0
GRAB train batch 46: pair_ids shape=(16,), range=53..9840, coefficients shape=(16, 2), sample_weights shape=(16,), zero_neighbor_targets=0
GRAB train batch 47: pair_ids shape=(16,), range=252..7284, coefficients shape=(16, 2), sample_weights shape=(16,), zero_neighbor_targets=0
GRAB train batch 48: pair_ids shape=(16,), range=54..4413, coefficients shape=(16, 2), sample_weights shape=(16,), zero_neighbor_targets=0
GRAB train batch 49: pair_ids shape=(16,), range=41..10994, coefficients shape=(16, 2), sample_weights shape=(16,), zero_neighbor_targets=0
GRAB train batch 50: pair_ids shape=(16,), range=44..10685, coefficients shape=(16, 2), sample_weights shape=(16,), zero_neighbor_targets=0
GRAB train batch 51: pair_ids shape=(16,), range=22..10662, coefficients shape=(16, 2), sample_weights shape=(16,), zero_neighbor_targets=0
GRAB train batch 52: pair_ids shape=(16,), range=115..10728, coefficients shape=(16, 2), sample_weights shape=(16,), zero_neighbor_targets=0
GRAB train batch 53: pair_ids shape=(16,), range=12..7221, coefficients shape=(16, 2), sample_weights shape=(16,), zero_neighbor_targets=0
GRAB train batch 54: pair_ids shape=(16,), range=23..10590, coefficients shape=(16, 2), sample_weights shape=(16,), zero_neighbor_targets=0
GRAB train batch 55: pair_ids shape=(16,), range=180..10987, coefficients shape=(16, 2), sample_weights shape=(16,), zero_neighbor_targets=0
GRAB train batch 56: pair_ids shape=(16,), range=5..9937, coefficients shape=(16, 2), sample_weights shape=(16,), zero_neighbor_targets=0
GRAB train batch 57: pair_ids shape=(16,), range=70..8915, coefficients shape=(16, 2), sample_weights shape=(16,), zero_neighbor_targets=0
GRAB train batch 58: pair_ids shape=(16,), range=33..9822, coefficients shape=(16, 2), sample_weights shape=(16,), zero_neighbor_targets=0
GRAB train batch 59: pair_ids shape=(16,), range=9..7607, coefficients shape=(16, 2), sample_weights shape=(16,), zero_neighbor_targets=0
GRAB train batch 60: pair_ids shape=(16,), range=31..10362, coefficients shape=(16, 2), sample_weights shape=(16,), zero_neighbor_targets=0
GRAB train batch 61: pair_ids shape=(16,), range=143..10411, coefficients shape=(16, 2), sample_weights shape=(16,), zero_neighbor_targets=0
GRAB train batch 62: pair_ids shape=(16,), range=101..10404, coefficients shape=(16, 2), sample_weights shape=(16,), zero_neighbor_targets=0
GRAB train batch 63: pair_ids shape=(16,), range=34..10398, coefficients shape=(16, 2), sample_weights shape=(16,), zero_neighbor_targets=0
GRAB train batch 64: pair_ids shape=(16,), range=103..7913, coefficients shape=(16, 2), sample_weights shape=(16,), zero_neighbor_targets=0
GRAB train batch 65: pair_ids shape=(16,), range=11..6666, coefficients shape=(16, 2), sample_weights shape=(16,), zero_neighbor_targets=0
GRAB train batch 66: pair_ids shape=(16,), range=94..8928, coefficients shape=(16, 2), sample_weights shape=(16,), zero_neighbor_targets=0
GRAB train batch 67: pair_ids shape=(16,), range=50..10259, coefficients shape=(16, 2), sample_weights shape=(16,), zero_neighbor_targets=0
GRAB train batch 68: pair_ids shape=(16,), range=161..10764, coefficients shape=(16, 2), sample_weights shape=(16,), zero_neighbor_targets=0
GRAB train batch 69: pair_ids shape=(16,), range=32..10331, coefficients shape=(16, 2), sample_weights shape=(16,), zero_neighbor_targets=0
GRAB train batch 70: pair_ids shape=(16,), range=19..10817, coefficients shape=(16, 2), sample_weights shape=(16,), zero_neighbor_targets=0
GRAB train batch 71: pair_ids shape=(16,), range=6..9818, coefficients shape=(16, 2), sample_weights shape=(16,), zero_neighbor_targets=0
GRAB train batch 72: pair_ids shape=(16,), range=81..8841, coefficients shape=(16, 2), sample_weights shape=(16,), zero_neighbor_targets=0
GRAB train batch 73: pair_ids shape=(16,), range=2..9956, coefficients shape=(16, 2), sample_weights shape=(16,), zero_neighbor_targets=0
GRAB train batch 74: pair_ids shape=(16,), range=39..9598, coefficients shape=(16, 2), sample_weights shape=(16,), zero_neighbor_targets=0
GRAB train batch 75: pair_ids shape=(16,), range=69..9698, coefficients shape=(16, 2), sample_weights shape=(16,), zero_neighbor_targets=0
GRAB train batch 76: pair_ids shape=(16,), range=42..8678, coefficients shape=(16, 2), sample_weights shape=(16,), zero_neighbor_targets=0
GRAB train batch 77: pair_ids shape=(12,), range=209..8772, coefficients shape=(12, 2), sample_weights shape=(12,), zero_neighbor_targets=0
VALIDATION
valid epoch balanced_accuracy: 0.551006
EPOCH 10:
GRAB train batch 1: pair_ids shape=(16,), range=23..9822, coefficients shape=(16, 2), sample_weights shape=(16,), zero_neighbor_targets=0
GRAB train batch 2: pair_ids shape=(16,), range=35..10502, coefficients shape=(16, 2), sample_weights shape=(16,), zero_neighbor_targets=0
GRAB train batch 3: pair_ids shape=(16,), range=120..10935, coefficients shape=(16, 2), sample_weights shape=(16,), zero_neighbor_targets=0
GRAB train batch 4: pair_ids shape=(16,), range=12..10312, coefficients shape=(16, 2), sample_weights shape=(16,), zero_neighbor_targets=0
GRAB train batch 5: pair_ids shape=(16,), range=6..7815, coefficients shape=(16, 2), sample_weights shape=(16,), zero_neighbor_targets=0
GRAB train batch 6: pair_ids shape=(16,), range=3..8903, coefficients shape=(16, 2), sample_weights shape=(16,), zero_neighbor_targets=0
GRAB train batch 7: pair_ids shape=(16,), range=48..10170, coefficients shape=(16, 2), sample_weights shape=(16,), zero_neighbor_targets=0
GRAB train batch 8: pair_ids shape=(16,), range=178..7782, coefficients shape=(16, 2), sample_weights shape=(16,), zero_neighbor_targets=0
GRAB train batch 9: pair_ids shape=(16,), range=249..8210, coefficients shape=(16, 2), sample_weights shape=(16,), zero_neighbor_targets=0
GRAB train batch 10: pair_ids shape=(16,), range=125..8876, coefficients shape=(16, 2), sample_weights shape=(16,), zero_neighbor_targets=0
GRAB train batch 11: pair_ids shape=(16,), range=54..9795, coefficients shape=(16, 2), sample_weights shape=(16,), zero_neighbor_targets=0
GRAB train batch 12: pair_ids shape=(16,), range=156..10836, coefficients shape=(16, 2), sample_weights shape=(16,), zero_neighbor_targets=0
GRAB train batch 13: pair_ids shape=(16,), range=64..10237, coefficients shape=(16, 2), sample_weights shape=(16,), zero_neighbor_targets=0
GRAB train batch 14: pair_ids shape=(16,), range=45..10850, coefficients shape=(16, 2), sample_weights shape=(16,), zero_neighbor_targets=0
GRAB train batch 15: pair_ids shape=(16,), range=21..9840, coefficients shape=(16, 2), sample_weights shape=(16,), zero_neighbor_targets=0
GRAB train batch 16: pair_ids shape=(16,), range=57..10005, coefficients shape=(16, 2), sample_weights shape=(16,), zero_neighbor_targets=0
GRAB train batch 17: pair_ids shape=(16,), range=18..7872, coefficients shape=(16, 2), sample_weights shape=(16,), zero_neighbor_targets=0
GRAB train batch 18: pair_ids shape=(16,), range=99..9937, coefficients shape=(16, 2), sample_weights shape=(16,), zero_neighbor_targets=0
GRAB train batch 19: pair_ids shape=(16,), range=10..10764, coefficients shape=(16, 2), sample_weights shape=(16,), zero_neighbor_targets=0
GRAB train batch 20: pair_ids shape=(16,), range=29..10891, coefficients shape=(16, 2), sample_weights shape=(16,), zero_neighbor_targets=0
GRAB train batch 21: pair_ids shape=(16,), range=38..10984, coefficients shape=(16, 2), sample_weights shape=(16,), zero_neighbor_targets=0
GRAB train batch 22: pair_ids shape=(16,), range=205..8841, coefficients shape=(16, 2), sample_weights shape=(16,), zero_neighbor_targets=0
GRAB train batch 23: pair_ids shape=(16,), range=5..10411, coefficients shape=(16, 2), sample_weights shape=(16,), zero_neighbor_targets=0
GRAB train batch 24: pair_ids shape=(16,), range=19..10299, coefficients shape=(16, 2), sample_weights shape=(16,), zero_neighbor_targets=0
GRAB train batch 25: pair_ids shape=(16,), range=69..7940, coefficients shape=(16, 2), sample_weights shape=(16,), zero_neighbor_targets=0
GRAB train batch 26: pair_ids shape=(16,), range=9..7339, coefficients shape=(16, 2), sample_weights shape=(16,), zero_neighbor_targets=0
GRAB train batch 27: pair_ids shape=(16,), range=170..10728, coefficients shape=(16, 2), sample_weights shape=(16,), zero_neighbor_targets=0
GRAB train batch 28: pair_ids shape=(16,), range=13..10331, coefficients shape=(16, 2), sample_weights shape=(16,), zero_neighbor_targets=0
GRAB train batch 29: pair_ids shape=(16,), range=124..5167, coefficients shape=(16, 2), sample_weights shape=(16,), zero_neighbor_targets=0
GRAB train batch 30: pair_ids shape=(16,), range=166..8731, coefficients shape=(16, 2), sample_weights shape=(16,), zero_neighbor_targets=0
GRAB train batch 31: pair_ids shape=(16,), range=25..10259, coefficients shape=(16, 2), sample_weights shape=(16,), zero_neighbor_targets=0
GRAB train batch 32: pair_ids shape=(16,), range=219..9608, coefficients shape=(16, 2), sample_weights shape=(16,), zero_neighbor_targets=0
GRAB train batch 33: pair_ids shape=(16,), range=1..9995, coefficients shape=(16, 2), sample_weights shape=(16,), zero_neighbor_targets=0
GRAB train batch 34: pair_ids shape=(16,), range=118..6176, coefficients shape=(16, 2), sample_weights shape=(16,), zero_neighbor_targets=0
GRAB train batch 35: pair_ids shape=(16,), range=133..6785, coefficients shape=(16, 2), sample_weights shape=(16,), zero_neighbor_targets=0
GRAB train batch 36: pair_ids shape=(16,), range=62..10811, coefficients shape=(16, 2), sample_weights shape=(16,), zero_neighbor_targets=0
GRAB train batch 37: pair_ids shape=(16,), range=2..10600, coefficients shape=(16, 2), sample_weights shape=(16,), zero_neighbor_targets=0
GRAB train batch 38: pair_ids shape=(16,), range=80..9546, coefficients shape=(16, 2), sample_weights shape=(16,), zero_neighbor_targets=0
GRAB train batch 39: pair_ids shape=(16,), range=22..10362, coefficients shape=(16, 2), sample_weights shape=(16,), zero_neighbor_targets=0
GRAB train batch 40: pair_ids shape=(16,), range=40..10685, coefficients shape=(16, 2), sample_weights shape=(16,), zero_neighbor_targets=0
GRAB train batch 41: pair_ids shape=(16,), range=33..7653, coefficients shape=(16, 2), sample_weights shape=(16,), zero_neighbor_targets=0
GRAB train batch 42: pair_ids shape=(16,), range=96..10800, coefficients shape=(16, 2), sample_weights shape=(16,), zero_neighbor_targets=0
GRAB train batch 43: pair_ids shape=(16,), range=17..10742, coefficients shape=(16, 2), sample_weights shape=(16,), zero_neighbor_targets=0
GRAB train batch 44: pair_ids shape=(16,), range=72..8668, coefficients shape=(16, 2), sample_weights shape=(16,), zero_neighbor_targets=0
GRAB train batch 45: pair_ids shape=(16,), range=66..8081, coefficients shape=(16, 2), sample_weights shape=(16,), zero_neighbor_targets=0
GRAB train batch 46: pair_ids shape=(16,), range=112..8911, coefficients shape=(16, 2), sample_weights shape=(16,), zero_neighbor_targets=0
GRAB train batch 47: pair_ids shape=(16,), range=78..10537, coefficients shape=(16, 2), sample_weights shape=(16,), zero_neighbor_targets=0
GRAB train batch 48: pair_ids shape=(16,), range=104..9727, coefficients shape=(16, 2), sample_weights shape=(16,), zero_neighbor_targets=0
GRAB train batch 49: pair_ids shape=(16,), range=288..10627, coefficients shape=(16, 2), sample_weights shape=(16,), zero_neighbor_targets=0
GRAB train batch 50: pair_ids shape=(16,), range=116..10522, coefficients shape=(16, 2), sample_weights shape=(16,), zero_neighbor_targets=0
GRAB train batch 51: pair_ids shape=(16,), range=43..10462, coefficients shape=(16, 2), sample_weights shape=(16,), zero_neighbor_targets=0
GRAB train batch 52: pair_ids shape=(16,), range=47..9598, coefficients shape=(16, 2), sample_weights shape=(16,), zero_neighbor_targets=0
GRAB train batch 53: pair_ids shape=(16,), range=27..9954, coefficients shape=(16, 2), sample_weights shape=(16,), zero_neighbor_targets=0
GRAB train batch 54: pair_ids shape=(16,), range=16..9939, coefficients shape=(16, 2), sample_weights shape=(16,), zero_neighbor_targets=0
GRAB train batch 55: pair_ids shape=(16,), range=186..10851, coefficients shape=(16, 2), sample_weights shape=(16,), zero_neighbor_targets=0
GRAB train batch 56: pair_ids shape=(16,), range=182..5896, coefficients shape=(16, 2), sample_weights shape=(16,), zero_neighbor_targets=0
GRAB train batch 57: pair_ids shape=(16,), range=24..10817, coefficients shape=(16, 2), sample_weights shape=(16,), zero_neighbor_targets=0
GRAB train batch 58: pair_ids shape=(16,), range=94..10772, coefficients shape=(16, 2), sample_weights shape=(16,), zero_neighbor_targets=0
GRAB train batch 59: pair_ids shape=(16,), range=37..10222, coefficients shape=(16, 2), sample_weights shape=(16,), zero_neighbor_targets=0
GRAB train batch 60: pair_ids shape=(16,), range=136..10471, coefficients shape=(16, 2), sample_weights shape=(16,), zero_neighbor_targets=0
GRAB train batch 61: pair_ids shape=(16,), range=44..8313, coefficients shape=(16, 2), sample_weights shape=(16,), zero_neighbor_targets=0
GRAB train batch 62: pair_ids shape=(16,), range=73..8745, coefficients shape=(16, 2), sample_weights shape=(16,), zero_neighbor_targets=0
GRAB train batch 63: pair_ids shape=(16,), range=63..10225, coefficients shape=(16, 2), sample_weights shape=(16,), zero_neighbor_targets=0
GRAB train batch 64: pair_ids shape=(16,), range=172..6812, coefficients shape=(16, 2), sample_weights shape=(16,), zero_neighbor_targets=0
GRAB train batch 65: pair_ids shape=(16,), range=0..10404, coefficients shape=(16, 2), sample_weights shape=(16,), zero_neighbor_targets=0
GRAB train batch 66: pair_ids shape=(16,), range=41..3974, coefficients shape=(16, 2), sample_weights shape=(16,), zero_neighbor_targets=0
GRAB train batch 67: pair_ids shape=(16,), range=8..9914, coefficients shape=(16, 2), sample_weights shape=(16,), zero_neighbor_targets=0
GRAB train batch 68: pair_ids shape=(16,), range=46..8279, coefficients shape=(16, 2), sample_weights shape=(16,), zero_neighbor_targets=0
GRAB train batch 69: pair_ids shape=(16,), range=85..7798, coefficients shape=(16, 2), sample_weights shape=(16,), zero_neighbor_targets=0
GRAB train batch 70: pair_ids shape=(16,), range=51..10994, coefficients shape=(16, 2), sample_weights shape=(16,), zero_neighbor_targets=0
GRAB train batch 71: pair_ids shape=(16,), range=84..10988, coefficients shape=(16, 2), sample_weights shape=(16,), zero_neighbor_targets=0
GRAB train batch 72: pair_ids shape=(16,), range=58..10987, coefficients shape=(16, 2), sample_weights shape=(16,), zero_neighbor_targets=0
GRAB train batch 73: pair_ids shape=(16,), range=4..10453, coefficients shape=(16, 2), sample_weights shape=(16,), zero_neighbor_targets=0
GRAB train batch 74: pair_ids shape=(16,), range=52..10524, coefficients shape=(16, 2), sample_weights shape=(16,), zero_neighbor_targets=0
GRAB train batch 75: pair_ids shape=(16,), range=7..10447, coefficients shape=(16, 2), sample_weights shape=(16,), zero_neighbor_targets=0
GRAB train batch 76: pair_ids shape=(16,), range=11..7937, coefficients shape=(16, 2), sample_weights shape=(16,), zero_neighbor_targets=0
GRAB train batch 77: pair_ids shape=(12,), range=113..10360, coefficients shape=(12, 2), sample_weights shape=(12,), zero_neighbor_targets=0
VALIDATION
valid epoch balanced_accuracy: 0.585489
EPOCH 11:
GRAB train batch 1: pair_ids shape=(16,), range=7..10728, coefficients shape=(16, 2), sample_weights shape=(16,), zero_neighbor_targets=0
GRAB train batch 2: pair_ids shape=(16,), range=86..10227, coefficients shape=(16, 2), sample_weights shape=(16,), zero_neighbor_targets=0
GRAB train batch 3: pair_ids shape=(16,), range=174..10795, coefficients shape=(16, 2), sample_weights shape=(16,), zero_neighbor_targets=0
GRAB train batch 4: pair_ids shape=(16,), range=227..10891, coefficients shape=(16, 2), sample_weights shape=(16,), zero_neighbor_targets=0
GRAB train batch 5: pair_ids shape=(16,), range=109..8772, coefficients shape=(16, 2), sample_weights shape=(16,), zero_neighbor_targets=0
GRAB train batch 6: pair_ids shape=(16,), range=58..10811, coefficients shape=(16, 2), sample_weights shape=(16,), zero_neighbor_targets=0
GRAB train batch 7: pair_ids shape=(16,), range=55..8876, coefficients shape=(16, 2), sample_weights shape=(16,), zero_neighbor_targets=0
GRAB train batch 8: pair_ids shape=(16,), range=131..10312, coefficients shape=(16, 2), sample_weights shape=(16,), zero_neighbor_targets=0
GRAB train batch 9: pair_ids shape=(16,), range=153..10984, coefficients shape=(16, 2), sample_weights shape=(16,), zero_neighbor_targets=0
GRAB train batch 10: pair_ids shape=(16,), range=14..10500, coefficients shape=(16, 2), sample_weights shape=(16,), zero_neighbor_targets=0
GRAB train batch 11: pair_ids shape=(16,), range=162..10742, coefficients shape=(16, 2), sample_weights shape=(16,), zero_neighbor_targets=0
GRAB train batch 12: pair_ids shape=(16,), range=32..10764, coefficients shape=(16, 2), sample_weights shape=(16,), zero_neighbor_targets=0
GRAB train batch 13: pair_ids shape=(16,), range=33..10994, coefficients shape=(16, 2), sample_weights shape=(16,), zero_neighbor_targets=0
GRAB train batch 14: pair_ids shape=(16,), range=22..10396, coefficients shape=(16, 2), sample_weights shape=(16,), zero_neighbor_targets=0
GRAB train batch 15: pair_ids shape=(16,), range=36..10471, coefficients shape=(16, 2), sample_weights shape=(16,), zero_neighbor_targets=0
GRAB train batch 16: pair_ids shape=(16,), range=57..9954, coefficients shape=(16, 2), sample_weights shape=(16,), zero_neighbor_targets=0
GRAB train batch 17: pair_ids shape=(16,), range=42..9727, coefficients shape=(16, 2), sample_weights shape=(16,), zero_neighbor_targets=0
GRAB train batch 18: pair_ids shape=(16,), range=46..10935, coefficients shape=(16, 2), sample_weights shape=(16,), zero_neighbor_targets=0
GRAB train batch 19: pair_ids shape=(16,), range=56..10005, coefficients shape=(16, 2), sample_weights shape=(16,), zero_neighbor_targets=0
GRAB train batch 20: pair_ids shape=(16,), range=13..7369, coefficients shape=(16, 2), sample_weights shape=(16,), zero_neighbor_targets=0
GRAB train batch 21: pair_ids shape=(16,), range=2..10277, coefficients shape=(16, 2), sample_weights shape=(16,), zero_neighbor_targets=0
GRAB train batch 22: pair_ids shape=(16,), range=45..10590, coefficients shape=(16, 2), sample_weights shape=(16,), zero_neighbor_targets=0
GRAB train batch 23: pair_ids shape=(16,), range=25..5186, coefficients shape=(16, 2), sample_weights shape=(16,), zero_neighbor_targets=0
GRAB train batch 24: pair_ids shape=(16,), range=26..9704, coefficients shape=(16, 2), sample_weights shape=(16,), zero_neighbor_targets=0
GRAB train batch 25: pair_ids shape=(16,), range=51..9546, coefficients shape=(16, 2), sample_weights shape=(16,), zero_neighbor_targets=0
GRAB train batch 26: pair_ids shape=(16,), range=76..7448, coefficients shape=(16, 2), sample_weights shape=(16,), zero_neighbor_targets=0
GRAB train batch 27: pair_ids shape=(16,), range=35..8678, coefficients shape=(16, 2), sample_weights shape=(16,), zero_neighbor_targets=0
GRAB train batch 28: pair_ids shape=(16,), range=20..10851, coefficients shape=(16, 2), sample_weights shape=(16,), zero_neighbor_targets=0
GRAB train batch 29: pair_ids shape=(16,), range=38..10987, coefficients shape=(16, 2), sample_weights shape=(16,), zero_neighbor_targets=0
GRAB train batch 30: pair_ids shape=(16,), range=21..9995, coefficients shape=(16, 2), sample_weights shape=(16,), zero_neighbor_targets=0
GRAB train batch 31: pair_ids shape=(16,), range=50..10027, coefficients shape=(16, 2), sample_weights shape=(16,), zero_neighbor_targets=0
GRAB train batch 32: pair_ids shape=(16,), range=121..10447, coefficients shape=(16, 2), sample_weights shape=(16,), zero_neighbor_targets=0
GRAB train batch 33: pair_ids shape=(16,), range=43..8739, coefficients shape=(16, 2), sample_weights shape=(16,), zero_neighbor_targets=0
GRAB train batch 34: pair_ids shape=(16,), range=237..10453, coefficients shape=(16, 2), sample_weights shape=(16,), zero_neighbor_targets=0
GRAB train batch 35: pair_ids shape=(16,), range=201..10384, coefficients shape=(16, 2), sample_weights shape=(16,), zero_neighbor_targets=0
GRAB train batch 36: pair_ids shape=(16,), range=63..5490, coefficients shape=(16, 2), sample_weights shape=(16,), zero_neighbor_targets=0
GRAB train batch 37: pair_ids shape=(16,), range=48..8671, coefficients shape=(16, 2), sample_weights shape=(16,), zero_neighbor_targets=0
GRAB train batch 38: pair_ids shape=(16,), range=29..9914, coefficients shape=(16, 2), sample_weights shape=(16,), zero_neighbor_targets=0
GRAB train batch 39: pair_ids shape=(16,), range=49..10502, coefficients shape=(16, 2), sample_weights shape=(16,), zero_neighbor_targets=0
GRAB train batch 40: pair_ids shape=(16,), range=1..10009, coefficients shape=(16, 2), sample_weights shape=(16,), zero_neighbor_targets=0
GRAB train batch 41: pair_ids shape=(16,), range=54..10462, coefficients shape=(16, 2), sample_weights shape=(16,), zero_neighbor_targets=0
GRAB train batch 42: pair_ids shape=(16,), range=67..7411, coefficients shape=(16, 2), sample_weights shape=(16,), zero_neighbor_targets=0
GRAB train batch 43: pair_ids shape=(16,), range=8..10259, coefficients shape=(16, 2), sample_weights shape=(16,), zero_neighbor_targets=0
GRAB train batch 44: pair_ids shape=(16,), range=9..10600, coefficients shape=(16, 2), sample_weights shape=(16,), zero_neighbor_targets=0
GRAB train batch 45: pair_ids shape=(16,), range=116..10393, coefficients shape=(16, 2), sample_weights shape=(16,), zero_neighbor_targets=0
GRAB train batch 46: pair_ids shape=(16,), range=147..9598, coefficients shape=(16, 2), sample_weights shape=(16,), zero_neighbor_targets=0
GRAB train batch 47: pair_ids shape=(16,), range=89..9622, coefficients shape=(16, 2), sample_weights shape=(16,), zero_neighbor_targets=0
GRAB train batch 48: pair_ids shape=(16,), range=44..8163, coefficients shape=(16, 2), sample_weights shape=(16,), zero_neighbor_targets=0
GRAB train batch 49: pair_ids shape=(16,), range=10..5285, coefficients shape=(16, 2), sample_weights shape=(16,), zero_neighbor_targets=0
GRAB train batch 50: pair_ids shape=(16,), range=17..10524, coefficients shape=(16, 2), sample_weights shape=(16,), zero_neighbor_targets=0
GRAB train batch 51: pair_ids shape=(16,), range=74..7338, coefficients shape=(16, 2), sample_weights shape=(16,), zero_neighbor_targets=0
GRAB train batch 52: pair_ids shape=(16,), range=171..8745, coefficients shape=(16, 2), sample_weights shape=(16,), zero_neighbor_targets=0
GRAB train batch 53: pair_ids shape=(16,), range=0..10836, coefficients shape=(16, 2), sample_weights shape=(16,), zero_neighbor_targets=0
GRAB train batch 54: pair_ids shape=(16,), range=23..10299, coefficients shape=(16, 2), sample_weights shape=(16,), zero_neighbor_targets=0
GRAB train batch 55: pair_ids shape=(16,), range=27..8911, coefficients shape=(16, 2), sample_weights shape=(16,), zero_neighbor_targets=0
GRAB train batch 56: pair_ids shape=(16,), range=3..10435, coefficients shape=(16, 2), sample_weights shape=(16,), zero_neighbor_targets=0
GRAB train batch 57: pair_ids shape=(16,), range=5..10537, coefficients shape=(16, 2), sample_weights shape=(16,), zero_neighbor_targets=0
GRAB train batch 58: pair_ids shape=(16,), range=59..9795, coefficients shape=(16, 2), sample_weights shape=(16,), zero_neighbor_targets=0
GRAB train batch 59: pair_ids shape=(16,), range=81..8731, coefficients shape=(16, 2), sample_weights shape=(16,), zero_neighbor_targets=0
GRAB train batch 60: pair_ids shape=(16,), range=107..8670, coefficients shape=(16, 2), sample_weights shape=(16,), zero_neighbor_targets=0
GRAB train batch 61: pair_ids shape=(16,), range=82..10685, coefficients shape=(16, 2), sample_weights shape=(16,), zero_neighbor_targets=0
GRAB train batch 62: pair_ids shape=(16,), range=19..9818, coefficients shape=(16, 2), sample_weights shape=(16,), zero_neighbor_targets=0
GRAB train batch 63: pair_ids shape=(16,), range=102..9956, coefficients shape=(16, 2), sample_weights shape=(16,), zero_neighbor_targets=0
GRAB train batch 64: pair_ids shape=(16,), range=6..10817, coefficients shape=(16, 2), sample_weights shape=(16,), zero_neighbor_targets=0
GRAB train batch 65: pair_ids shape=(16,), range=101..10222, coefficients shape=(16, 2), sample_weights shape=(16,), zero_neighbor_targets=0
GRAB train batch 66: pair_ids shape=(16,), range=24..9822, coefficients shape=(16, 2), sample_weights shape=(16,), zero_neighbor_targets=0
GRAB train batch 67: pair_ids shape=(16,), range=39..10404, coefficients shape=(16, 2), sample_weights shape=(16,), zero_neighbor_targets=0
GRAB train batch 68: pair_ids shape=(16,), range=73..5936, coefficients shape=(16, 2), sample_weights shape=(16,), zero_neighbor_targets=0
GRAB train batch 69: pair_ids shape=(16,), range=216..8903, coefficients shape=(16, 2), sample_weights shape=(16,), zero_neighbor_targets=0
GRAB train batch 70: pair_ids shape=(16,), range=47..10988, coefficients shape=(16, 2), sample_weights shape=(16,), zero_neighbor_targets=0
GRAB train batch 71: pair_ids shape=(16,), range=16..10374, coefficients shape=(16, 2), sample_weights shape=(16,), zero_neighbor_targets=0
GRAB train batch 72: pair_ids shape=(16,), range=68..10264, coefficients shape=(16, 2), sample_weights shape=(16,), zero_neighbor_targets=0
GRAB train batch 73: pair_ids shape=(16,), range=31..10627, coefficients shape=(16, 2), sample_weights shape=(16,), zero_neighbor_targets=0
GRAB train batch 74: pair_ids shape=(16,), range=232..9840, coefficients shape=(16, 2), sample_weights shape=(16,), zero_neighbor_targets=0
GRAB train batch 75: pair_ids shape=(16,), range=11..10362, coefficients shape=(16, 2), sample_weights shape=(16,), zero_neighbor_targets=0
GRAB train batch 76: pair_ids shape=(16,), range=4..9698, coefficients shape=(16, 2), sample_weights shape=(16,), zero_neighbor_targets=0
GRAB train batch 77: pair_ids shape=(12,), range=161..10662, coefficients shape=(12, 2), sample_weights shape=(12,), zero_neighbor_targets=0
VALIDATION
valid epoch balanced_accuracy: 0.568247
EPOCH 12:
GRAB train batch 1: pair_ids shape=(16,), range=110..10277, coefficients shape=(16, 2), sample_weights shape=(16,), zero_neighbor_targets=0
GRAB train batch 2: pair_ids shape=(16,), range=69..10984, coefficients shape=(16, 2), sample_weights shape=(16,), zero_neighbor_targets=0
GRAB train batch 3: pair_ids shape=(16,), range=22..6605, coefficients shape=(16, 2), sample_weights shape=(16,), zero_neighbor_targets=0
GRAB train batch 4: pair_ids shape=(16,), range=98..10742, coefficients shape=(16, 2), sample_weights shape=(16,), zero_neighbor_targets=0
GRAB train batch 5: pair_ids shape=(16,), range=8..8510, coefficients shape=(16, 2), sample_weights shape=(16,), zero_neighbor_targets=0
GRAB train batch 6: pair_ids shape=(16,), range=45..7537, coefficients shape=(16, 2), sample_weights shape=(16,), zero_neighbor_targets=0
GRAB train batch 7: pair_ids shape=(16,), range=86..8001, coefficients shape=(16, 2), sample_weights shape=(16,), zero_neighbor_targets=0
GRAB train batch 8: pair_ids shape=(16,), range=92..10590, coefficients shape=(16, 2), sample_weights shape=(16,), zero_neighbor_targets=0
GRAB train batch 9: pair_ids shape=(16,), range=135..6176, coefficients shape=(16, 2), sample_weights shape=(16,), zero_neighbor_targets=0
GRAB train batch 10: pair_ids shape=(16,), range=29..10795, coefficients shape=(16, 2), sample_weights shape=(16,), zero_neighbor_targets=0
GRAB train batch 11: pair_ids shape=(16,), range=161..10685, coefficients shape=(16, 2), sample_weights shape=(16,), zero_neighbor_targets=0
GRAB train batch 12: pair_ids shape=(16,), range=1..9696, coefficients shape=(16, 2), sample_weights shape=(16,), zero_neighbor_targets=0
GRAB train batch 13: pair_ids shape=(16,), range=44..10393, coefficients shape=(16, 2), sample_weights shape=(16,), zero_neighbor_targets=0
GRAB train batch 14: pair_ids shape=(16,), range=74..7346, coefficients shape=(16, 2), sample_weights shape=(16,), zero_neighbor_targets=0
GRAB train batch 15: pair_ids shape=(16,), range=16..9954, coefficients shape=(16, 2), sample_weights shape=(16,), zero_neighbor_targets=0
GRAB train batch 16: pair_ids shape=(16,), range=31..7979, coefficients shape=(16, 2), sample_weights shape=(16,), zero_neighbor_targets=0
GRAB train batch 17: pair_ids shape=(16,), range=0..5242, coefficients shape=(16, 2), sample_weights shape=(16,), zero_neighbor_targets=0
GRAB train batch 18: pair_ids shape=(16,), range=216..8928, coefficients shape=(16, 2), sample_weights shape=(16,), zero_neighbor_targets=0
GRAB train batch 19: pair_ids shape=(16,), range=41..7923, coefficients shape=(16, 2), sample_weights shape=(16,), zero_neighbor_targets=0
GRAB train batch 20: pair_ids shape=(16,), range=75..8313, coefficients shape=(16, 2), sample_weights shape=(16,), zero_neighbor_targets=0
GRAB train batch 21: pair_ids shape=(16,), range=224..7829, coefficients shape=(16, 2), sample_weights shape=(16,), zero_neighbor_targets=0
GRAB train batch 22: pair_ids shape=(16,), range=4..9727, coefficients shape=(16, 2), sample_weights shape=(16,), zero_neighbor_targets=0
GRAB train batch 23: pair_ids shape=(16,), range=12..7405, coefficients shape=(16, 2), sample_weights shape=(16,), zero_neighbor_targets=0
GRAB train batch 24: pair_ids shape=(16,), range=88..10475, coefficients shape=(16, 2), sample_weights shape=(16,), zero_neighbor_targets=0
GRAB train batch 25: pair_ids shape=(16,), range=141..8915, coefficients shape=(16, 2), sample_weights shape=(16,), zero_neighbor_targets=0
GRAB train batch 26: pair_ids shape=(16,), range=139..10935, coefficients shape=(16, 2), sample_weights shape=(16,), zero_neighbor_targets=0
GRAB train batch 27: pair_ids shape=(16,), range=115..10404, coefficients shape=(16, 2), sample_weights shape=(16,), zero_neighbor_targets=0
GRAB train batch 28: pair_ids shape=(16,), range=40..10411, coefficients shape=(16, 2), sample_weights shape=(16,), zero_neighbor_targets=0
GRAB train batch 29: pair_ids shape=(16,), range=21..9818, coefficients shape=(16, 2), sample_weights shape=(16,), zero_neighbor_targets=0
GRAB train batch 30: pair_ids shape=(16,), range=43..10987, coefficients shape=(16, 2), sample_weights shape=(16,), zero_neighbor_targets=0
GRAB train batch 31: pair_ids shape=(16,), range=50..10537, coefficients shape=(16, 2), sample_weights shape=(16,), zero_neighbor_targets=0
GRAB train batch 32: pair_ids shape=(16,), range=52..10435, coefficients shape=(16, 2), sample_weights shape=(16,), zero_neighbor_targets=0
GRAB train batch 33: pair_ids shape=(16,), range=66..10398, coefficients shape=(16, 2), sample_weights shape=(16,), zero_neighbor_targets=0
GRAB train batch 34: pair_ids shape=(16,), range=11..10471, coefficients shape=(16, 2), sample_weights shape=(16,), zero_neighbor_targets=0
GRAB train batch 35: pair_ids shape=(16,), range=5..8668, coefficients shape=(16, 2), sample_weights shape=(16,), zero_neighbor_targets=0
GRAB train batch 36: pair_ids shape=(16,), range=120..10170, coefficients shape=(16, 2), sample_weights shape=(16,), zero_neighbor_targets=0
GRAB train batch 37: pair_ids shape=(16,), range=80..8729, coefficients shape=(16, 2), sample_weights shape=(16,), zero_neighbor_targets=0
GRAB train batch 38: pair_ids shape=(16,), range=7..10772, coefficients shape=(16, 2), sample_weights shape=(16,), zero_neighbor_targets=0
GRAB train batch 39: pair_ids shape=(16,), range=6..9822, coefficients shape=(16, 2), sample_weights shape=(16,), zero_neighbor_targets=0
GRAB train batch 40: pair_ids shape=(16,), range=14..10994, coefficients shape=(16, 2), sample_weights shape=(16,), zero_neighbor_targets=0
GRAB train batch 41: pair_ids shape=(16,), range=36..10264, coefficients shape=(16, 2), sample_weights shape=(16,), zero_neighbor_targets=0
GRAB train batch 42: pair_ids shape=(16,), range=109..10800, coefficients shape=(16, 2), sample_weights shape=(16,), zero_neighbor_targets=0
GRAB train batch 43: pair_ids shape=(16,), range=54..10222, coefficients shape=(16, 2), sample_weights shape=(16,), zero_neighbor_targets=0
GRAB train batch 44: pair_ids shape=(16,), range=9..10817, coefficients shape=(16, 2), sample_weights shape=(16,), zero_neighbor_targets=0
GRAB train batch 45: pair_ids shape=(16,), range=131..7251, coefficients shape=(16, 2), sample_weights shape=(16,), zero_neighbor_targets=0
GRAB train batch 46: pair_ids shape=(16,), range=27..4580, coefficients shape=(16, 2), sample_weights shape=(16,), zero_neighbor_targets=0
GRAB train batch 47: pair_ids shape=(16,), range=28..10384, coefficients shape=(16, 2), sample_weights shape=(16,), zero_neighbor_targets=0
GRAB train batch 48: pair_ids shape=(16,), range=53..10522, coefficients shape=(16, 2), sample_weights shape=(16,), zero_neighbor_targets=0
GRAB train batch 49: pair_ids shape=(16,), range=84..10728, coefficients shape=(16, 2), sample_weights shape=(16,), zero_neighbor_targets=0
GRAB train batch 50: pair_ids shape=(16,), range=24..10374, coefficients shape=(16, 2), sample_weights shape=(16,), zero_neighbor_targets=0
GRAB train batch 51: pair_ids shape=(16,), range=10..10600, coefficients shape=(16, 2), sample_weights shape=(16,), zero_neighbor_targets=0
GRAB train batch 52: pair_ids shape=(16,), range=35..10502, coefficients shape=(16, 2), sample_weights shape=(16,), zero_neighbor_targets=0
GRAB train batch 53: pair_ids shape=(16,), range=77..9914, coefficients shape=(16, 2), sample_weights shape=(16,), zero_neighbor_targets=0
GRAB train batch 54: pair_ids shape=(16,), range=13..10627, coefficients shape=(16, 2), sample_weights shape=(16,), zero_neighbor_targets=0
GRAB train batch 55: pair_ids shape=(16,), range=2..9608, coefficients shape=(16, 2), sample_weights shape=(16,), zero_neighbor_targets=0
GRAB train batch 56: pair_ids shape=(16,), range=32..10811, coefficients shape=(16, 2), sample_weights shape=(16,), zero_neighbor_targets=0
GRAB train batch 57: pair_ids shape=(16,), range=175..8163, coefficients shape=(16, 2), sample_weights shape=(16,), zero_neighbor_targets=0
GRAB train batch 58: pair_ids shape=(16,), range=67..10205, coefficients shape=(16, 2), sample_weights shape=(16,), zero_neighbor_targets=0
GRAB train batch 59: pair_ids shape=(16,), range=25..10836, coefficients shape=(16, 2), sample_weights shape=(16,), zero_neighbor_targets=0
GRAB train batch 60: pair_ids shape=(16,), range=59..10988, coefficients shape=(16, 2), sample_weights shape=(16,), zero_neighbor_targets=0
GRAB train batch 61: pair_ids shape=(16,), range=47..10237, coefficients shape=(16, 2), sample_weights shape=(16,), zero_neighbor_targets=0
GRAB train batch 62: pair_ids shape=(16,), range=23..10396, coefficients shape=(16, 2), sample_weights shape=(16,), zero_neighbor_targets=0
GRAB train batch 63: pair_ids shape=(16,), range=112..10360, coefficients shape=(16, 2), sample_weights shape=(16,), zero_neighbor_targets=0
GRAB train batch 64: pair_ids shape=(16,), range=83..10227, coefficients shape=(16, 2), sample_weights shape=(16,), zero_neighbor_targets=0
GRAB train batch 65: pair_ids shape=(16,), range=87..9892, coefficients shape=(16, 2), sample_weights shape=(16,), zero_neighbor_targets=0
GRAB train batch 66: pair_ids shape=(16,), range=122..7456, coefficients shape=(16, 2), sample_weights shape=(16,), zero_neighbor_targets=0
GRAB train batch 67: pair_ids shape=(16,), range=38..10362, coefficients shape=(16, 2), sample_weights shape=(16,), zero_neighbor_targets=0
GRAB train batch 68: pair_ids shape=(16,), range=61..8310, coefficients shape=(16, 2), sample_weights shape=(16,), zero_neighbor_targets=0
GRAB train batch 69: pair_ids shape=(16,), range=17..10764, coefficients shape=(16, 2), sample_weights shape=(16,), zero_neighbor_targets=0
GRAB train batch 70: pair_ids shape=(16,), range=239..10891, coefficients shape=(16, 2), sample_weights shape=(16,), zero_neighbor_targets=0
GRAB train batch 71: pair_ids shape=(16,), range=42..9937, coefficients shape=(16, 2), sample_weights shape=(16,), zero_neighbor_targets=0
GRAB train batch 72: pair_ids shape=(16,), range=20..10009, coefficients shape=(16, 2), sample_weights shape=(16,), zero_neighbor_targets=0
GRAB train batch 73: pair_ids shape=(16,), range=227..10462, coefficients shape=(16, 2), sample_weights shape=(16,), zero_neighbor_targets=0
GRAB train batch 74: pair_ids shape=(16,), range=3..6404, coefficients shape=(16, 2), sample_weights shape=(16,), zero_neighbor_targets=0
GRAB train batch 75: pair_ids shape=(16,), range=82..8279, coefficients shape=(16, 2), sample_weights shape=(16,), zero_neighbor_targets=0
GRAB train batch 76: pair_ids shape=(16,), range=147..10851, coefficients shape=(16, 2), sample_weights shape=(16,), zero_neighbor_targets=0
GRAB train batch 77: pair_ids shape=(12,), range=219..6182, coefficients shape=(12, 2), sample_weights shape=(12,), zero_neighbor_targets=0
VALIDATION
valid epoch balanced_accuracy: 0.616379
EPOCH 13:
GRAB train batch 1: pair_ids shape=(16,), range=142..10764, coefficients shape=(16, 2), sample_weights shape=(16,), zero_neighbor_targets=0
GRAB train batch 2: pair_ids shape=(16,), range=39..8370, coefficients shape=(16, 2), sample_weights shape=(16,), zero_neighbor_targets=0
GRAB train batch 3: pair_ids shape=(16,), range=119..10627, coefficients shape=(16, 2), sample_weights shape=(16,), zero_neighbor_targets=0
GRAB train batch 4: pair_ids shape=(16,), range=121..10473, coefficients shape=(16, 2), sample_weights shape=(16,), zero_neighbor_targets=0
GRAB train batch 5: pair_ids shape=(16,), range=33..10984, coefficients shape=(16, 2), sample_weights shape=(16,), zero_neighbor_targets=0
GRAB train batch 6: pair_ids shape=(16,), range=55..8739, coefficients shape=(16, 2), sample_weights shape=(16,), zero_neighbor_targets=0
GRAB train batch 7: pair_ids shape=(16,), range=10..9546, coefficients shape=(16, 2), sample_weights shape=(16,), zero_neighbor_targets=0
GRAB train batch 8: pair_ids shape=(16,), range=12..10227, coefficients shape=(16, 2), sample_weights shape=(16,), zero_neighbor_targets=0
GRAB train batch 9: pair_ids shape=(16,), range=21..10851, coefficients shape=(16, 2), sample_weights shape=(16,), zero_neighbor_targets=0
GRAB train batch 10: pair_ids shape=(16,), range=17..7785, coefficients shape=(16, 2), sample_weights shape=(16,), zero_neighbor_targets=0
GRAB train batch 11: pair_ids shape=(16,), range=0..10811, coefficients shape=(16, 2), sample_weights shape=(16,), zero_neighbor_targets=0
GRAB train batch 12: pair_ids shape=(16,), range=72..10524, coefficients shape=(16, 2), sample_weights shape=(16,), zero_neighbor_targets=0
GRAB train batch 13: pair_ids shape=(16,), range=11..10891, coefficients shape=(16, 2), sample_weights shape=(16,), zero_neighbor_targets=0
GRAB train batch 14: pair_ids shape=(16,), range=92..10800, coefficients shape=(16, 2), sample_weights shape=(16,), zero_neighbor_targets=0
GRAB train batch 15: pair_ids shape=(16,), range=103..10259, coefficients shape=(16, 2), sample_weights shape=(16,), zero_neighbor_targets=0
GRAB train batch 16: pair_ids shape=(16,), range=34..10205, coefficients shape=(16, 2), sample_weights shape=(16,), zero_neighbor_targets=0
GRAB train batch 17: pair_ids shape=(16,), range=32..6522, coefficients shape=(16, 2), sample_weights shape=(16,), zero_neighbor_targets=0
GRAB train batch 18: pair_ids shape=(16,), range=35..7952, coefficients shape=(16, 2), sample_weights shape=(16,), zero_neighbor_targets=0
GRAB train batch 19: pair_ids shape=(16,), range=125..10742, coefficients shape=(16, 2), sample_weights shape=(16,), zero_neighbor_targets=0
GRAB train batch 20: pair_ids shape=(16,), range=63..9795, coefficients shape=(16, 2), sample_weights shape=(16,), zero_neighbor_targets=0
GRAB train batch 21: pair_ids shape=(16,), range=20..10374, coefficients shape=(16, 2), sample_weights shape=(16,), zero_neighbor_targets=0
GRAB train batch 22: pair_ids shape=(16,), range=22..9739, coefficients shape=(16, 2), sample_weights shape=(16,), zero_neighbor_targets=0
GRAB train batch 23: pair_ids shape=(16,), range=49..9698, coefficients shape=(16, 2), sample_weights shape=(16,), zero_neighbor_targets=0
GRAB train batch 24: pair_ids shape=(16,), range=148..10522, coefficients shape=(16, 2), sample_weights shape=(16,), zero_neighbor_targets=0
GRAB train batch 25: pair_ids shape=(16,), range=101..10462, coefficients shape=(16, 2), sample_weights shape=(16,), zero_neighbor_targets=0
GRAB train batch 26: pair_ids shape=(16,), range=47..10987, coefficients shape=(16, 2), sample_weights shape=(16,), zero_neighbor_targets=0
GRAB train batch 27: pair_ids shape=(16,), range=93..10772, coefficients shape=(16, 2), sample_weights shape=(16,), zero_neighbor_targets=0
GRAB train batch 28: pair_ids shape=(16,), range=112..10471, coefficients shape=(16, 2), sample_weights shape=(16,), zero_neighbor_targets=0
GRAB train batch 29: pair_ids shape=(16,), range=170..10600, coefficients shape=(16, 2), sample_weights shape=(16,), zero_neighbor_targets=0
GRAB train batch 30: pair_ids shape=(16,), range=7..10475, coefficients shape=(16, 2), sample_weights shape=(16,), zero_neighbor_targets=0
GRAB train batch 31: pair_ids shape=(16,), range=84..10331, coefficients shape=(16, 2), sample_weights shape=(16,), zero_neighbor_targets=0
GRAB train batch 32: pair_ids shape=(16,), range=13..9818, coefficients shape=(16, 2), sample_weights shape=(16,), zero_neighbor_targets=0
GRAB train batch 33: pair_ids shape=(16,), range=43..5377, coefficients shape=(16, 2), sample_weights shape=(16,), zero_neighbor_targets=0
GRAB train batch 34: pair_ids shape=(16,), range=114..10411, coefficients shape=(16, 2), sample_weights shape=(16,), zero_neighbor_targets=0
GRAB train batch 35: pair_ids shape=(16,), range=8..10005, coefficients shape=(16, 2), sample_weights shape=(16,), zero_neighbor_targets=0
GRAB train batch 36: pair_ids shape=(16,), range=70..10362, coefficients shape=(16, 2), sample_weights shape=(16,), zero_neighbor_targets=0
GRAB train batch 37: pair_ids shape=(16,), range=28..7975, coefficients shape=(16, 2), sample_weights shape=(16,), zero_neighbor_targets=0
GRAB train batch 38: pair_ids shape=(16,), range=65..9956, coefficients shape=(16, 2), sample_weights shape=(16,), zero_neighbor_targets=0
GRAB train batch 39: pair_ids shape=(16,), range=136..10994, coefficients shape=(16, 2), sample_weights shape=(16,), zero_neighbor_targets=0
GRAB train batch 40: pair_ids shape=(16,), range=36..10988, coefficients shape=(16, 2), sample_weights shape=(16,), zero_neighbor_targets=0
GRAB train batch 41: pair_ids shape=(16,), range=145..8373, coefficients shape=(16, 2), sample_weights shape=(16,), zero_neighbor_targets=0
GRAB train batch 42: pair_ids shape=(16,), range=2..9727, coefficients shape=(16, 2), sample_weights shape=(16,), zero_neighbor_targets=0
GRAB train batch 43: pair_ids shape=(16,), range=29..10935, coefficients shape=(16, 2), sample_weights shape=(16,), zero_neighbor_targets=0
GRAB train batch 44: pair_ids shape=(16,), range=27..9914, coefficients shape=(16, 2), sample_weights shape=(16,), zero_neighbor_targets=0
GRAB train batch 45: pair_ids shape=(16,), range=18..10312, coefficients shape=(16, 2), sample_weights shape=(16,), zero_neighbor_targets=0
GRAB train batch 46: pair_ids shape=(16,), range=364..10277, coefficients shape=(16, 2), sample_weights shape=(16,), zero_neighbor_targets=0
GRAB train batch 47: pair_ids shape=(16,), range=1..6147, coefficients shape=(16, 2), sample_weights shape=(16,), zero_neighbor_targets=0
GRAB train batch 48: pair_ids shape=(16,), range=40..6419, coefficients shape=(16, 2), sample_weights shape=(16,), zero_neighbor_targets=0
GRAB train batch 49: pair_ids shape=(16,), range=110..9995, coefficients shape=(16, 2), sample_weights shape=(16,), zero_neighbor_targets=0
GRAB train batch 50: pair_ids shape=(16,), range=139..8928, coefficients shape=(16, 2), sample_weights shape=(16,), zero_neighbor_targets=0
GRAB train batch 51: pair_ids shape=(16,), range=353..10537, coefficients shape=(16, 2), sample_weights shape=(16,), zero_neighbor_targets=0
GRAB train batch 52: pair_ids shape=(16,), range=3..8915, coefficients shape=(16, 2), sample_weights shape=(16,), zero_neighbor_targets=0
GRAB train batch 53: pair_ids shape=(16,), range=46..8745, coefficients shape=(16, 2), sample_weights shape=(16,), zero_neighbor_targets=0
GRAB train batch 54: pair_ids shape=(16,), range=69..8876, coefficients shape=(16, 2), sample_weights shape=(16,), zero_neighbor_targets=0
GRAB train batch 55: pair_ids shape=(16,), range=143..9704, coefficients shape=(16, 2), sample_weights shape=(16,), zero_neighbor_targets=0
GRAB train batch 56: pair_ids shape=(16,), range=45..10237, coefficients shape=(16, 2), sample_weights shape=(16,), zero_neighbor_targets=0
GRAB train batch 57: pair_ids shape=(16,), range=73..10248, coefficients shape=(16, 2), sample_weights shape=(16,), zero_neighbor_targets=0
GRAB train batch 58: pair_ids shape=(16,), range=105..9887, coefficients shape=(16, 2), sample_weights shape=(16,), zero_neighbor_targets=0
GRAB train batch 59: pair_ids shape=(16,), range=4..3364, coefficients shape=(16, 2), sample_weights shape=(16,), zero_neighbor_targets=0
GRAB train batch 60: pair_ids shape=(16,), range=50..10662, coefficients shape=(16, 2), sample_weights shape=(16,), zero_neighbor_targets=0
GRAB train batch 61: pair_ids shape=(16,), range=115..8579, coefficients shape=(16, 2), sample_weights shape=(16,), zero_neighbor_targets=0
GRAB train batch 62: pair_ids shape=(16,), range=19..8841, coefficients shape=(16, 2), sample_weights shape=(16,), zero_neighbor_targets=0
GRAB train batch 63: pair_ids shape=(16,), range=166..7607, coefficients shape=(16, 2), sample_weights shape=(16,), zero_neighbor_targets=0
GRAB train batch 64: pair_ids shape=(16,), range=71..10795, coefficients shape=(16, 2), sample_weights shape=(16,), zero_neighbor_targets=0
GRAB train batch 65: pair_ids shape=(16,), range=6..8911, coefficients shape=(16, 2), sample_weights shape=(16,), zero_neighbor_targets=0
GRAB train batch 66: pair_ids shape=(16,), range=31..10817, coefficients shape=(16, 2), sample_weights shape=(16,), zero_neighbor_targets=0
GRAB train batch 67: pair_ids shape=(16,), range=85..10836, coefficients shape=(16, 2), sample_weights shape=(16,), zero_neighbor_targets=0
GRAB train batch 68: pair_ids shape=(16,), range=106..9822, coefficients shape=(16, 2), sample_weights shape=(16,), zero_neighbor_targets=0
GRAB train batch 69: pair_ids shape=(16,), range=129..7496, coefficients shape=(16, 2), sample_weights shape=(16,), zero_neighbor_targets=0
GRAB train batch 70: pair_ids shape=(16,), range=26..10222, coefficients shape=(16, 2), sample_weights shape=(16,), zero_neighbor_targets=0
GRAB train batch 71: pair_ids shape=(16,), range=207..8590, coefficients shape=(16, 2), sample_weights shape=(16,), zero_neighbor_targets=0
GRAB train batch 72: pair_ids shape=(16,), range=23..10435, coefficients shape=(16, 2), sample_weights shape=(16,), zero_neighbor_targets=0
GRAB train batch 73: pair_ids shape=(16,), range=9..8313, coefficients shape=(16, 2), sample_weights shape=(16,), zero_neighbor_targets=0
GRAB train batch 74: pair_ids shape=(16,), range=88..7872, coefficients shape=(16, 2), sample_weights shape=(16,), zero_neighbor_targets=0
GRAB train batch 75: pair_ids shape=(16,), range=14..7683, coefficients shape=(16, 2), sample_weights shape=(16,), zero_neighbor_targets=0
GRAB train batch 76: pair_ids shape=(16,), range=42..10728, coefficients shape=(16, 2), sample_weights shape=(16,), zero_neighbor_targets=0
GRAB train batch 77: pair_ids shape=(12,), range=15..10396, coefficients shape=(12, 2), sample_weights shape=(12,), zero_neighbor_targets=0
VALIDATION
valid epoch balanced_accuracy: 0.536638
EPOCH 14:
GRAB train batch 1: pair_ids shape=(16,), range=21..8510, coefficients shape=(16, 2), sample_weights shape=(16,), zero_neighbor_targets=0
GRAB train batch 2: pair_ids shape=(16,), range=12..10627, coefficients shape=(16, 2), sample_weights shape=(16,), zero_neighbor_targets=0
GRAB train batch 3: pair_ids shape=(16,), range=105..10222, coefficients shape=(16, 2), sample_weights shape=(16,), zero_neighbor_targets=0
GRAB train batch 4: pair_ids shape=(16,), range=42..9840, coefficients shape=(16, 2), sample_weights shape=(16,), zero_neighbor_targets=0
GRAB train batch 5: pair_ids shape=(16,), range=167..10312, coefficients shape=(16, 2), sample_weights shape=(16,), zero_neighbor_targets=0
GRAB train batch 6: pair_ids shape=(16,), range=38..8370, coefficients shape=(16, 2), sample_weights shape=(16,), zero_neighbor_targets=0
GRAB train batch 7: pair_ids shape=(16,), range=132..9939, coefficients shape=(16, 2), sample_weights shape=(16,), zero_neighbor_targets=0
GRAB train batch 8: pair_ids shape=(16,), range=171..7872, coefficients shape=(16, 2), sample_weights shape=(16,), zero_neighbor_targets=0
GRAB train batch 9: pair_ids shape=(16,), range=147..10435, coefficients shape=(16, 2), sample_weights shape=(16,), zero_neighbor_targets=0
GRAB train batch 10: pair_ids shape=(16,), range=44..10984, coefficients shape=(16, 2), sample_weights shape=(16,), zero_neighbor_targets=0
GRAB train batch 11: pair_ids shape=(16,), range=22..7782, coefficients shape=(16, 2), sample_weights shape=(16,), zero_neighbor_targets=0
GRAB train batch 12: pair_ids shape=(16,), range=10..10471, coefficients shape=(16, 2), sample_weights shape=(16,), zero_neighbor_targets=0
GRAB train batch 13: pair_ids shape=(16,), range=46..10728, coefficients shape=(16, 2), sample_weights shape=(16,), zero_neighbor_targets=0
GRAB train batch 14: pair_ids shape=(16,), range=2..8081, coefficients shape=(16, 2), sample_weights shape=(16,), zero_neighbor_targets=0
GRAB train batch 15: pair_ids shape=(16,), range=8..10404, coefficients shape=(16, 2), sample_weights shape=(16,), zero_neighbor_targets=0
GRAB train batch 16: pair_ids shape=(16,), range=150..6766, coefficients shape=(16, 2), sample_weights shape=(16,), zero_neighbor_targets=0
GRAB train batch 17: pair_ids shape=(16,), range=25..8590, coefficients shape=(16, 2), sample_weights shape=(16,), zero_neighbor_targets=0
GRAB train batch 18: pair_ids shape=(16,), range=186..8903, coefficients shape=(16, 2), sample_weights shape=(16,), zero_neighbor_targets=0
GRAB train batch 19: pair_ids shape=(16,), range=91..9622, coefficients shape=(16, 2), sample_weights shape=(16,), zero_neighbor_targets=0
GRAB train batch 20: pair_ids shape=(16,), range=29..10453, coefficients shape=(16, 2), sample_weights shape=(16,), zero_neighbor_targets=0
GRAB train batch 21: pair_ids shape=(16,), range=94..10935, coefficients shape=(16, 2), sample_weights shape=(16,), zero_neighbor_targets=0
GRAB train batch 22: pair_ids shape=(16,), range=19..10987, coefficients shape=(16, 2), sample_weights shape=(16,), zero_neighbor_targets=0
GRAB train batch 23: pair_ids shape=(16,), range=68..8521, coefficients shape=(16, 2), sample_weights shape=(16,), zero_neighbor_targets=0
GRAB train batch 24: pair_ids shape=(16,), range=35..4507, coefficients shape=(16, 2), sample_weights shape=(16,), zero_neighbor_targets=0
GRAB train batch 25: pair_ids shape=(16,), range=118..10447, coefficients shape=(16, 2), sample_weights shape=(16,), zero_neighbor_targets=0
GRAB train batch 26: pair_ids shape=(16,), range=77..7879, coefficients shape=(16, 2), sample_weights shape=(16,), zero_neighbor_targets=0
GRAB train batch 27: pair_ids shape=(16,), range=58..10384, coefficients shape=(16, 2), sample_weights shape=(16,), zero_neighbor_targets=0
GRAB train batch 28: pair_ids shape=(16,), range=47..10473, coefficients shape=(16, 2), sample_weights shape=(16,), zero_neighbor_targets=0
GRAB train batch 29: pair_ids shape=(16,), range=230..10502, coefficients shape=(16, 2), sample_weights shape=(16,), zero_neighbor_targets=0
GRAB train batch 30: pair_ids shape=(16,), range=18..10851, coefficients shape=(16, 2), sample_weights shape=(16,), zero_neighbor_targets=0
GRAB train batch 31: pair_ids shape=(16,), range=16..10772, coefficients shape=(16, 2), sample_weights shape=(16,), zero_neighbor_targets=0
GRAB train batch 32: pair_ids shape=(16,), range=69..10764, coefficients shape=(16, 2), sample_weights shape=(16,), zero_neighbor_targets=0
GRAB train batch 33: pair_ids shape=(16,), range=7..9954, coefficients shape=(16, 2), sample_weights shape=(16,), zero_neighbor_targets=0
GRAB train batch 34: pair_ids shape=(16,), range=185..7200, coefficients shape=(16, 2), sample_weights shape=(16,), zero_neighbor_targets=0
GRAB train batch 35: pair_ids shape=(16,), range=14..9727, coefficients shape=(16, 2), sample_weights shape=(16,), zero_neighbor_targets=0
GRAB train batch 36: pair_ids shape=(16,), range=5..6838, coefficients shape=(16, 2), sample_weights shape=(16,), zero_neighbor_targets=0
GRAB train batch 37: pair_ids shape=(16,), range=178..10891, coefficients shape=(16, 2), sample_weights shape=(16,), zero_neighbor_targets=0
GRAB train batch 38: pair_ids shape=(16,), range=60..10800, coefficients shape=(16, 2), sample_weights shape=(16,), zero_neighbor_targets=0
GRAB train batch 39: pair_ids shape=(16,), range=36..9608, coefficients shape=(16, 2), sample_weights shape=(16,), zero_neighbor_targets=0
GRAB train batch 40: pair_ids shape=(16,), range=101..6216, coefficients shape=(16, 2), sample_weights shape=(16,), zero_neighbor_targets=0
GRAB train batch 41: pair_ids shape=(16,), range=3..7338, coefficients shape=(16, 2), sample_weights shape=(16,), zero_neighbor_targets=0
GRAB train batch 42: pair_ids shape=(16,), range=92..5725, coefficients shape=(16, 2), sample_weights shape=(16,), zero_neighbor_targets=0
GRAB train batch 43: pair_ids shape=(16,), range=115..9995, coefficients shape=(16, 2), sample_weights shape=(16,), zero_neighbor_targets=0
GRAB train batch 44: pair_ids shape=(16,), range=11..8163, coefficients shape=(16, 2), sample_weights shape=(16,), zero_neighbor_targets=0
GRAB train batch 45: pair_ids shape=(16,), range=267..10600, coefficients shape=(16, 2), sample_weights shape=(16,), zero_neighbor_targets=0
GRAB train batch 46: pair_ids shape=(16,), range=61..10393, coefficients shape=(16, 2), sample_weights shape=(16,), zero_neighbor_targets=0
GRAB train batch 47: pair_ids shape=(16,), range=48..10590, coefficients shape=(16, 2), sample_weights shape=(16,), zero_neighbor_targets=0
GRAB train batch 48: pair_ids shape=(16,), range=23..9795, coefficients shape=(16, 2), sample_weights shape=(16,), zero_neighbor_targets=0
GRAB train batch 49: pair_ids shape=(16,), range=17..8310, coefficients shape=(16, 2), sample_weights shape=(16,), zero_neighbor_targets=0
GRAB train batch 50: pair_ids shape=(16,), range=152..10795, coefficients shape=(16, 2), sample_weights shape=(16,), zero_neighbor_targets=0
GRAB train batch 51: pair_ids shape=(16,), range=141..10817, coefficients shape=(16, 2), sample_weights shape=(16,), zero_neighbor_targets=0
GRAB train batch 52: pair_ids shape=(16,), range=20..10362, coefficients shape=(16, 2), sample_weights shape=(16,), zero_neighbor_targets=0
GRAB train batch 53: pair_ids shape=(16,), range=70..10742, coefficients shape=(16, 2), sample_weights shape=(16,), zero_neighbor_targets=0
GRAB train batch 54: pair_ids shape=(16,), range=13..10836, coefficients shape=(16, 2), sample_weights shape=(16,), zero_neighbor_targets=0
GRAB train batch 55: pair_ids shape=(16,), range=81..7940, coefficients shape=(16, 2), sample_weights shape=(16,), zero_neighbor_targets=0
GRAB train batch 56: pair_ids shape=(16,), range=0..8951, coefficients shape=(16, 2), sample_weights shape=(16,), zero_neighbor_targets=0
GRAB train batch 57: pair_ids shape=(16,), range=15..5099, coefficients shape=(16, 2), sample_weights shape=(16,), zero_neighbor_targets=0
GRAB train batch 58: pair_ids shape=(16,), range=50..7510, coefficients shape=(16, 2), sample_weights shape=(16,), zero_neighbor_targets=0
GRAB train batch 59: pair_ids shape=(16,), range=88..10227, coefficients shape=(16, 2), sample_weights shape=(16,), zero_neighbor_targets=0
GRAB train batch 60: pair_ids shape=(16,), range=49..10009, coefficients shape=(16, 2), sample_weights shape=(16,), zero_neighbor_targets=0
GRAB train batch 61: pair_ids shape=(16,), range=133..8472, coefficients shape=(16, 2), sample_weights shape=(16,), zero_neighbor_targets=0
GRAB train batch 62: pair_ids shape=(16,), range=1..8224, coefficients shape=(16, 2), sample_weights shape=(16,), zero_neighbor_targets=0
GRAB train batch 63: pair_ids shape=(16,), range=102..8915, coefficients shape=(16, 2), sample_weights shape=(16,), zero_neighbor_targets=0
GRAB train batch 64: pair_ids shape=(16,), range=63..10994, coefficients shape=(16, 2), sample_weights shape=(16,), zero_neighbor_targets=0
GRAB train batch 65: pair_ids shape=(16,), range=116..6156, coefficients shape=(16, 2), sample_weights shape=(16,), zero_neighbor_targets=0
GRAB train batch 66: pair_ids shape=(16,), range=52..9913, coefficients shape=(16, 2), sample_weights shape=(16,), zero_neighbor_targets=0
GRAB train batch 67: pair_ids shape=(16,), range=37..7795, coefficients shape=(16, 2), sample_weights shape=(16,), zero_neighbor_targets=0
GRAB train batch 68: pair_ids shape=(16,), range=34..10500, coefficients shape=(16, 2), sample_weights shape=(16,), zero_neighbor_targets=0
GRAB train batch 69: pair_ids shape=(16,), range=154..10988, coefficients shape=(16, 2), sample_weights shape=(16,), zero_neighbor_targets=0
GRAB train batch 70: pair_ids shape=(16,), range=174..9914, coefficients shape=(16, 2), sample_weights shape=(16,), zero_neighbor_targets=0
GRAB train batch 71: pair_ids shape=(16,), range=97..10411, coefficients shape=(16, 2), sample_weights shape=(16,), zero_neighbor_targets=0
GRAB train batch 72: pair_ids shape=(16,), range=6..7216, coefficients shape=(16, 2), sample_weights shape=(16,), zero_neighbor_targets=0
GRAB train batch 73: pair_ids shape=(16,), range=28..8313, coefficients shape=(16, 2), sample_weights shape=(16,), zero_neighbor_targets=0
GRAB train batch 74: pair_ids shape=(16,), range=4..9887, coefficients shape=(16, 2), sample_weights shape=(16,), zero_neighbor_targets=0
GRAB train batch 75: pair_ids shape=(16,), range=9..7798, coefficients shape=(16, 2), sample_weights shape=(16,), zero_neighbor_targets=0
GRAB train batch 76: pair_ids shape=(16,), range=71..10662, coefficients shape=(16, 2), sample_weights shape=(16,), zero_neighbor_targets=0
GRAB train batch 77: pair_ids shape=(12,), range=272..10170, coefficients shape=(12, 2), sample_weights shape=(12,), zero_neighbor_targets=0
VALIDATION
valid epoch balanced_accuracy: 0.619971
EPOCH 15:
GRAB train batch 1: pair_ids shape=(16,), range=18..9914, coefficients shape=(16, 2), sample_weights shape=(16,), zero_neighbor_targets=0
GRAB train batch 2: pair_ids shape=(16,), range=46..5167, coefficients shape=(16, 2), sample_weights shape=(16,), zero_neighbor_targets=0
GRAB train batch 3: pair_ids shape=(16,), range=98..6385, coefficients shape=(16, 2), sample_weights shape=(16,), zero_neighbor_targets=0
GRAB train batch 4: pair_ids shape=(16,), range=57..8928, coefficients shape=(16, 2), sample_weights shape=(16,), zero_neighbor_targets=0
GRAB train batch 5: pair_ids shape=(16,), range=41..10988, coefficients shape=(16, 2), sample_weights shape=(16,), zero_neighbor_targets=0
GRAB train batch 6: pair_ids shape=(16,), range=164..8510, coefficients shape=(16, 2), sample_weights shape=(16,), zero_neighbor_targets=0
GRAB train batch 7: pair_ids shape=(16,), range=179..10662, coefficients shape=(16, 2), sample_weights shape=(16,), zero_neighbor_targets=0
GRAB train batch 8: pair_ids shape=(16,), range=30..9822, coefficients shape=(16, 2), sample_weights shape=(16,), zero_neighbor_targets=0
GRAB train batch 9: pair_ids shape=(16,), range=103..10627, coefficients shape=(16, 2), sample_weights shape=(16,), zero_neighbor_targets=0
GRAB train batch 10: pair_ids shape=(16,), range=223..7346, coefficients shape=(16, 2), sample_weights shape=(16,), zero_neighbor_targets=0
GRAB train batch 11: pair_ids shape=(16,), range=105..10742, coefficients shape=(16, 2), sample_weights shape=(16,), zero_neighbor_targets=0
GRAB train batch 12: pair_ids shape=(16,), range=90..10502, coefficients shape=(16, 2), sample_weights shape=(16,), zero_neighbor_targets=0
GRAB train batch 13: pair_ids shape=(16,), range=234..8951, coefficients shape=(16, 2), sample_weights shape=(16,), zero_neighbor_targets=0
GRAB train batch 14: pair_ids shape=(16,), range=189..10850, coefficients shape=(16, 2), sample_weights shape=(16,), zero_neighbor_targets=0
GRAB train batch 15: pair_ids shape=(16,), range=72..8670, coefficients shape=(16, 2), sample_weights shape=(16,), zero_neighbor_targets=0
GRAB train batch 16: pair_ids shape=(16,), range=1..6812, coefficients shape=(16, 2), sample_weights shape=(16,), zero_neighbor_targets=0
GRAB train batch 17: pair_ids shape=(16,), range=93..10524, coefficients shape=(16, 2), sample_weights shape=(16,), zero_neighbor_targets=0
GRAB train batch 18: pair_ids shape=(16,), range=52..8671, coefficients shape=(16, 2), sample_weights shape=(16,), zero_neighbor_targets=0
GRAB train batch 19: pair_ids shape=(16,), range=0..5687, coefficients shape=(16, 2), sample_weights shape=(16,), zero_neighbor_targets=0
GRAB train batch 20: pair_ids shape=(16,), range=66..10393, coefficients shape=(16, 2), sample_weights shape=(16,), zero_neighbor_targets=0
GRAB train batch 21: pair_ids shape=(16,), range=65..8373, coefficients shape=(16, 2), sample_weights shape=(16,), zero_neighbor_targets=0
GRAB train batch 22: pair_ids shape=(16,), range=33..10772, coefficients shape=(16, 2), sample_weights shape=(16,), zero_neighbor_targets=0
GRAB train batch 23: pair_ids shape=(16,), range=50..10685, coefficients shape=(16, 2), sample_weights shape=(16,), zero_neighbor_targets=0
GRAB train batch 24: pair_ids shape=(16,), range=32..10984, coefficients shape=(16, 2), sample_weights shape=(16,), zero_neighbor_targets=0
GRAB train batch 25: pair_ids shape=(16,), range=23..8081, coefficients shape=(16, 2), sample_weights shape=(16,), zero_neighbor_targets=0
GRAB train batch 26: pair_ids shape=(16,), range=20..10795, coefficients shape=(16, 2), sample_weights shape=(16,), zero_neighbor_targets=0
GRAB train batch 27: pair_ids shape=(16,), range=8..7879, coefficients shape=(16, 2), sample_weights shape=(16,), zero_neighbor_targets=0
GRAB train batch 28: pair_ids shape=(16,), range=70..10987, coefficients shape=(16, 2), sample_weights shape=(16,), zero_neighbor_targets=0
GRAB train batch 29: pair_ids shape=(16,), range=2..10411, coefficients shape=(16, 2), sample_weights shape=(16,), zero_neighbor_targets=0
GRAB train batch 30: pair_ids shape=(16,), range=79..10170, coefficients shape=(16, 2), sample_weights shape=(16,), zero_neighbor_targets=0
GRAB train batch 31: pair_ids shape=(16,), range=38..10728, coefficients shape=(16, 2), sample_weights shape=(16,), zero_neighbor_targets=0
GRAB train batch 32: pair_ids shape=(16,), range=131..9696, coefficients shape=(16, 2), sample_weights shape=(16,), zero_neighbor_targets=0
GRAB train batch 33: pair_ids shape=(16,), range=119..10384, coefficients shape=(16, 2), sample_weights shape=(16,), zero_neighbor_targets=0
GRAB train batch 34: pair_ids shape=(16,), range=267..8858, coefficients shape=(16, 2), sample_weights shape=(16,), zero_neighbor_targets=0
GRAB train batch 35: pair_ids shape=(16,), range=125..10500, coefficients shape=(16, 2), sample_weights shape=(16,), zero_neighbor_targets=0
GRAB train batch 36: pair_ids shape=(16,), range=42..8370, coefficients shape=(16, 2), sample_weights shape=(16,), zero_neighbor_targets=0
GRAB train batch 37: pair_ids shape=(16,), range=104..9956, coefficients shape=(16, 2), sample_weights shape=(16,), zero_neighbor_targets=0
GRAB train batch 38: pair_ids shape=(16,), range=150..10811, coefficients shape=(16, 2), sample_weights shape=(16,), zero_neighbor_targets=0
GRAB train batch 39: pair_ids shape=(16,), range=60..9939, coefficients shape=(16, 2), sample_weights shape=(16,), zero_neighbor_targets=0
GRAB train batch 40: pair_ids shape=(16,), range=15..6846, coefficients shape=(16, 2), sample_weights shape=(16,), zero_neighbor_targets=0
GRAB train batch 41: pair_ids shape=(16,), range=49..10817, coefficients shape=(16, 2), sample_weights shape=(16,), zero_neighbor_targets=0
GRAB train batch 42: pair_ids shape=(16,), range=89..10453, coefficients shape=(16, 2), sample_weights shape=(16,), zero_neighbor_targets=0
GRAB train batch 43: pair_ids shape=(16,), range=21..6732, coefficients shape=(16, 2), sample_weights shape=(16,), zero_neighbor_targets=0
GRAB train batch 44: pair_ids shape=(16,), range=19..10360, coefficients shape=(16, 2), sample_weights shape=(16,), zero_neighbor_targets=0
GRAB train batch 45: pair_ids shape=(16,), range=51..10299, coefficients shape=(16, 2), sample_weights shape=(16,), zero_neighbor_targets=0
GRAB train batch 46: pair_ids shape=(16,), range=129..10435, coefficients shape=(16, 2), sample_weights shape=(16,), zero_neighbor_targets=0
GRAB train batch 47: pair_ids shape=(16,), range=17..10935, coefficients shape=(16, 2), sample_weights shape=(16,), zero_neighbor_targets=0
GRAB train batch 48: pair_ids shape=(16,), range=11..9913, coefficients shape=(16, 2), sample_weights shape=(16,), zero_neighbor_targets=0
GRAB train batch 49: pair_ids shape=(16,), range=157..2178, coefficients shape=(16, 2), sample_weights shape=(16,), zero_neighbor_targets=0
GRAB train batch 50: pair_ids shape=(16,), range=24..9887, coefficients shape=(16, 2), sample_weights shape=(16,), zero_neighbor_targets=0
GRAB train batch 51: pair_ids shape=(16,), range=111..9937, coefficients shape=(16, 2), sample_weights shape=(16,), zero_neighbor_targets=0
GRAB train batch 52: pair_ids shape=(16,), range=39..4242, coefficients shape=(16, 2), sample_weights shape=(16,), zero_neighbor_targets=0
GRAB train batch 53: pair_ids shape=(16,), range=81..8903, coefficients shape=(16, 2), sample_weights shape=(16,), zero_neighbor_targets=0
GRAB train batch 54: pair_ids shape=(16,), range=36..10851, coefficients shape=(16, 2), sample_weights shape=(16,), zero_neighbor_targets=0
GRAB train batch 55: pair_ids shape=(16,), range=5..10994, coefficients shape=(16, 2), sample_weights shape=(16,), zero_neighbor_targets=0
GRAB train batch 56: pair_ids shape=(16,), range=3..10225, coefficients shape=(16, 2), sample_weights shape=(16,), zero_neighbor_targets=0
GRAB train batch 57: pair_ids shape=(16,), range=158..8668, coefficients shape=(16, 2), sample_weights shape=(16,), zero_neighbor_targets=0
GRAB train batch 58: pair_ids shape=(16,), range=34..3892, coefficients shape=(16, 2), sample_weights shape=(16,), zero_neighbor_targets=0
GRAB train batch 59: pair_ids shape=(16,), range=69..10331, coefficients shape=(16, 2), sample_weights shape=(16,), zero_neighbor_targets=0
GRAB train batch 60: pair_ids shape=(16,), range=134..10590, coefficients shape=(16, 2), sample_weights shape=(16,), zero_neighbor_targets=0
GRAB train batch 61: pair_ids shape=(16,), range=86..7913, coefficients shape=(16, 2), sample_weights shape=(16,), zero_neighbor_targets=0
GRAB train batch 62: pair_ids shape=(16,), range=77..10891, coefficients shape=(16, 2), sample_weights shape=(16,), zero_neighbor_targets=0
GRAB train batch 63: pair_ids shape=(16,), range=16..10800, coefficients shape=(16, 2), sample_weights shape=(16,), zero_neighbor_targets=0
GRAB train batch 64: pair_ids shape=(16,), range=45..10471, coefficients shape=(16, 2), sample_weights shape=(16,), zero_neighbor_targets=0
GRAB train batch 65: pair_ids shape=(16,), range=6..6404, coefficients shape=(16, 2), sample_weights shape=(16,), zero_neighbor_targets=0
GRAB train batch 66: pair_ids shape=(16,), range=273..10764, coefficients shape=(16, 2), sample_weights shape=(16,), zero_neighbor_targets=0
GRAB train batch 67: pair_ids shape=(16,), range=64..10600, coefficients shape=(16, 2), sample_weights shape=(16,), zero_neighbor_targets=0
GRAB train batch 68: pair_ids shape=(16,), range=78..10374, coefficients shape=(16, 2), sample_weights shape=(16,), zero_neighbor_targets=0
GRAB train batch 69: pair_ids shape=(16,), range=40..9954, coefficients shape=(16, 2), sample_weights shape=(16,), zero_neighbor_targets=0
GRAB train batch 70: pair_ids shape=(16,), range=25..9598, coefficients shape=(16, 2), sample_weights shape=(16,), zero_neighbor_targets=0
GRAB train batch 71: pair_ids shape=(16,), range=4..9818, coefficients shape=(16, 2), sample_weights shape=(16,), zero_neighbor_targets=0
GRAB train batch 72: pair_ids shape=(16,), range=14..10836, coefficients shape=(16, 2), sample_weights shape=(16,), zero_neighbor_targets=0
GRAB train batch 73: pair_ids shape=(16,), range=144..10205, coefficients shape=(16, 2), sample_weights shape=(16,), zero_neighbor_targets=0
GRAB train batch 74: pair_ids shape=(16,), range=228..8051, coefficients shape=(16, 2), sample_weights shape=(16,), zero_neighbor_targets=0
GRAB train batch 75: pair_ids shape=(16,), range=286..7278, coefficients shape=(16, 2), sample_weights shape=(16,), zero_neighbor_targets=0
GRAB train batch 76: pair_ids shape=(16,), range=59..7653, coefficients shape=(16, 2), sample_weights shape=(16,), zero_neighbor_targets=0
GRAB train batch 77: pair_ids shape=(12,), range=214..4651, coefficients shape=(12, 2), sample_weights shape=(12,), zero_neighbor_targets=0
VALIDATION
valid epoch balanced_accuracy: 0.464080
EPOCH 16:
GRAB train batch 1: pair_ids shape=(16,), range=88..7940, coefficients shape=(16, 2), sample_weights shape=(16,), zero_neighbor_targets=0
GRAB train batch 2: pair_ids shape=(16,), range=81..7979, coefficients shape=(16, 2), sample_weights shape=(16,), zero_neighbor_targets=0
GRAB train batch 3: pair_ids shape=(16,), range=34..5667, coefficients shape=(16, 2), sample_weights shape=(16,), zero_neighbor_targets=0
GRAB train batch 4: pair_ids shape=(16,), range=26..8579, coefficients shape=(16, 2), sample_weights shape=(16,), zero_neighbor_targets=0
GRAB train batch 5: pair_ids shape=(16,), range=38..10502, coefficients shape=(16, 2), sample_weights shape=(16,), zero_neighbor_targets=0
GRAB train batch 6: pair_ids shape=(16,), range=110..10935, coefficients shape=(16, 2), sample_weights shape=(16,), zero_neighbor_targets=0
GRAB train batch 7: pair_ids shape=(16,), range=14..10170, coefficients shape=(16, 2), sample_weights shape=(16,), zero_neighbor_targets=0
GRAB train batch 8: pair_ids shape=(16,), range=16..8670, coefficients shape=(16, 2), sample_weights shape=(16,), zero_neighbor_targets=0
GRAB train batch 9: pair_ids shape=(16,), range=27..8876, coefficients shape=(16, 2), sample_weights shape=(16,), zero_neighbor_targets=0
GRAB train batch 10: pair_ids shape=(16,), range=76..10742, coefficients shape=(16, 2), sample_weights shape=(16,), zero_neighbor_targets=0
GRAB train batch 11: pair_ids shape=(16,), range=49..10994, coefficients shape=(16, 2), sample_weights shape=(16,), zero_neighbor_targets=0
GRAB train batch 12: pair_ids shape=(16,), range=52..10850, coefficients shape=(16, 2), sample_weights shape=(16,), zero_neighbor_targets=0
GRAB train batch 13: pair_ids shape=(16,), range=93..9795, coefficients shape=(16, 2), sample_weights shape=(16,), zero_neighbor_targets=0
GRAB train batch 14: pair_ids shape=(16,), range=25..9696, coefficients shape=(16, 2), sample_weights shape=(16,), zero_neighbor_targets=0
GRAB train batch 15: pair_ids shape=(16,), range=15..10851, coefficients shape=(16, 2), sample_weights shape=(16,), zero_neighbor_targets=0
GRAB train batch 16: pair_ids shape=(16,), range=157..6765, coefficients shape=(16, 2), sample_weights shape=(16,), zero_neighbor_targets=0
GRAB train batch 17: pair_ids shape=(16,), range=73..10248, coefficients shape=(16, 2), sample_weights shape=(16,), zero_neighbor_targets=0
GRAB train batch 18: pair_ids shape=(16,), range=19..8858, coefficients shape=(16, 2), sample_weights shape=(16,), zero_neighbor_targets=0
GRAB train batch 19: pair_ids shape=(16,), range=3..8911, coefficients shape=(16, 2), sample_weights shape=(16,), zero_neighbor_targets=0
GRAB train batch 20: pair_ids shape=(16,), range=5..9914, coefficients shape=(16, 2), sample_weights shape=(16,), zero_neighbor_targets=0
GRAB train batch 21: pair_ids shape=(16,), range=50..10795, coefficients shape=(16, 2), sample_weights shape=(16,), zero_neighbor_targets=0
GRAB train batch 22: pair_ids shape=(16,), range=96..7510, coefficients shape=(16, 2), sample_weights shape=(16,), zero_neighbor_targets=0
GRAB train batch 23: pair_ids shape=(16,), range=7..10312, coefficients shape=(16, 2), sample_weights shape=(16,), zero_neighbor_targets=0
GRAB train batch 24: pair_ids shape=(16,), range=51..9739, coefficients shape=(16, 2), sample_weights shape=(16,), zero_neighbor_targets=0
GRAB train batch 25: pair_ids shape=(16,), range=28..10264, coefficients shape=(16, 2), sample_weights shape=(16,), zero_neighbor_targets=0
GRAB train batch 26: pair_ids shape=(16,), range=32..8563, coefficients shape=(16, 2), sample_weights shape=(16,), zero_neighbor_targets=0
GRAB train batch 27: pair_ids shape=(16,), range=85..10473, coefficients shape=(16, 2), sample_weights shape=(16,), zero_neighbor_targets=0
GRAB train batch 28: pair_ids shape=(16,), range=35..9892, coefficients shape=(16, 2), sample_weights shape=(16,), zero_neighbor_targets=0
GRAB train batch 29: pair_ids shape=(16,), range=59..10475, coefficients shape=(16, 2), sample_weights shape=(16,), zero_neighbor_targets=0
GRAB train batch 30: pair_ids shape=(16,), range=56..10453, coefficients shape=(16, 2), sample_weights shape=(16,), zero_neighbor_targets=0
GRAB train batch 31: pair_ids shape=(16,), range=205..9598, coefficients shape=(16, 2), sample_weights shape=(16,), zero_neighbor_targets=0
GRAB train batch 32: pair_ids shape=(16,), range=37..9727, coefficients shape=(16, 2), sample_weights shape=(16,), zero_neighbor_targets=0
GRAB train batch 33: pair_ids shape=(16,), range=170..9840, coefficients shape=(16, 2), sample_weights shape=(16,), zero_neighbor_targets=0
GRAB train batch 34: pair_ids shape=(16,), range=20..10393, coefficients shape=(16, 2), sample_weights shape=(16,), zero_neighbor_targets=0
GRAB train batch 35: pair_ids shape=(16,), range=294..10800, coefficients shape=(16, 2), sample_weights shape=(16,), zero_neighbor_targets=0
GRAB train batch 36: pair_ids shape=(16,), range=4..4209, coefficients shape=(16, 2), sample_weights shape=(16,), zero_neighbor_targets=0
GRAB train batch 37: pair_ids shape=(16,), range=228..7815, coefficients shape=(16, 2), sample_weights shape=(16,), zero_neighbor_targets=0
GRAB train batch 38: pair_ids shape=(16,), range=1..9704, coefficients shape=(16, 2), sample_weights shape=(16,), zero_neighbor_targets=0
GRAB train batch 39: pair_ids shape=(16,), range=17..9818, coefficients shape=(16, 2), sample_weights shape=(16,), zero_neighbor_targets=0
GRAB train batch 40: pair_ids shape=(16,), range=101..10009, coefficients shape=(16, 2), sample_weights shape=(16,), zero_neighbor_targets=0
GRAB train batch 41: pair_ids shape=(16,), range=39..8731, coefficients shape=(16, 2), sample_weights shape=(16,), zero_neighbor_targets=0
GRAB train batch 42: pair_ids shape=(16,), range=124..6766, coefficients shape=(16, 2), sample_weights shape=(16,), zero_neighbor_targets=0
GRAB train batch 43: pair_ids shape=(16,), range=8..10522, coefficients shape=(16, 2), sample_weights shape=(16,), zero_neighbor_targets=0
GRAB train batch 44: pair_ids shape=(16,), range=36..10500, coefficients shape=(16, 2), sample_weights shape=(16,), zero_neighbor_targets=0
GRAB train batch 45: pair_ids shape=(16,), range=40..10685, coefficients shape=(16, 2), sample_weights shape=(16,), zero_neighbor_targets=0
GRAB train batch 46: pair_ids shape=(16,), range=42..10398, coefficients shape=(16, 2), sample_weights shape=(16,), zero_neighbor_targets=0
GRAB train batch 47: pair_ids shape=(16,), range=89..10524, coefficients shape=(16, 2), sample_weights shape=(16,), zero_neighbor_targets=0
GRAB train batch 48: pair_ids shape=(16,), range=9..10987, coefficients shape=(16, 2), sample_weights shape=(16,), zero_neighbor_targets=0
GRAB train batch 49: pair_ids shape=(16,), range=74..9887, coefficients shape=(16, 2), sample_weights shape=(16,), zero_neighbor_targets=0
GRAB train batch 50: pair_ids shape=(16,), range=66..10537, coefficients shape=(16, 2), sample_weights shape=(16,), zero_neighbor_targets=0
GRAB train batch 51: pair_ids shape=(16,), range=91..10447, coefficients shape=(16, 2), sample_weights shape=(16,), zero_neighbor_targets=0
GRAB train batch 52: pair_ids shape=(16,), range=102..10600, coefficients shape=(16, 2), sample_weights shape=(16,), zero_neighbor_targets=0
GRAB train batch 53: pair_ids shape=(16,), range=137..8157, coefficients shape=(16, 2), sample_weights shape=(16,), zero_neighbor_targets=0
GRAB train batch 54: pair_ids shape=(16,), range=131..10988, coefficients shape=(16, 2), sample_weights shape=(16,), zero_neighbor_targets=0
GRAB train batch 55: pair_ids shape=(16,), range=43..10811, coefficients shape=(16, 2), sample_weights shape=(16,), zero_neighbor_targets=0
GRAB train batch 56: pair_ids shape=(16,), range=41..6569, coefficients shape=(16, 2), sample_weights shape=(16,), zero_neighbor_targets=0
GRAB train batch 57: pair_ids shape=(16,), range=249..10627, coefficients shape=(16, 2), sample_weights shape=(16,), zero_neighbor_targets=0
GRAB train batch 58: pair_ids shape=(16,), range=111..6809, coefficients shape=(16, 2), sample_weights shape=(16,), zero_neighbor_targets=0
GRAB train batch 59: pair_ids shape=(16,), range=13..10728, coefficients shape=(16, 2), sample_weights shape=(16,), zero_neighbor_targets=0
GRAB train batch 60: pair_ids shape=(16,), range=211..10984, coefficients shape=(16, 2), sample_weights shape=(16,), zero_neighbor_targets=0
GRAB train batch 61: pair_ids shape=(16,), range=24..10817, coefficients shape=(16, 2), sample_weights shape=(16,), zero_neighbor_targets=0
GRAB train batch 62: pair_ids shape=(16,), range=47..7857, coefficients shape=(16, 2), sample_weights shape=(16,), zero_neighbor_targets=0
GRAB train batch 63: pair_ids shape=(16,), range=45..10237, coefficients shape=(16, 2), sample_weights shape=(16,), zero_neighbor_targets=0
GRAB train batch 64: pair_ids shape=(16,), range=115..10836, coefficients shape=(16, 2), sample_weights shape=(16,), zero_neighbor_targets=0
GRAB train batch 65: pair_ids shape=(16,), range=105..8168, coefficients shape=(16, 2), sample_weights shape=(16,), zero_neighbor_targets=0
GRAB train batch 66: pair_ids shape=(16,), range=0..10222, coefficients shape=(16, 2), sample_weights shape=(16,), zero_neighbor_targets=0
GRAB train batch 67: pair_ids shape=(16,), range=53..9622, coefficients shape=(16, 2), sample_weights shape=(16,), zero_neighbor_targets=0
GRAB train batch 68: pair_ids shape=(16,), range=22..8658, coefficients shape=(16, 2), sample_weights shape=(16,), zero_neighbor_targets=0
GRAB train batch 69: pair_ids shape=(16,), range=21..10662, coefficients shape=(16, 2), sample_weights shape=(16,), zero_neighbor_targets=0
GRAB train batch 70: pair_ids shape=(16,), range=117..10404, coefficients shape=(16, 2), sample_weights shape=(16,), zero_neighbor_targets=0
GRAB train batch 71: pair_ids shape=(16,), range=12..8310, coefficients shape=(16, 2), sample_weights shape=(16,), zero_neighbor_targets=0
GRAB train batch 72: pair_ids shape=(16,), range=6..9956, coefficients shape=(16, 2), sample_weights shape=(16,), zero_neighbor_targets=0
GRAB train batch 73: pair_ids shape=(16,), range=208..10299, coefficients shape=(16, 2), sample_weights shape=(16,), zero_neighbor_targets=0
GRAB train batch 74: pair_ids shape=(16,), range=11..10471, coefficients shape=(16, 2), sample_weights shape=(16,), zero_neighbor_targets=0
GRAB train batch 75: pair_ids shape=(16,), range=103..7987, coefficients shape=(16, 2), sample_weights shape=(16,), zero_neighbor_targets=0
GRAB train batch 76: pair_ids shape=(16,), range=75..8678, coefficients shape=(16, 2), sample_weights shape=(16,), zero_neighbor_targets=0
GRAB train batch 77: pair_ids shape=(12,), range=2..10772, coefficients shape=(12, 2), sample_weights shape=(12,), zero_neighbor_targets=0
VALIDATION
valid epoch balanced_accuracy: 0.599138
EPOCH 17:
GRAB train batch 1: pair_ids shape=(16,), range=15..10462, coefficients shape=(16, 2), sample_weights shape=(16,), zero_neighbor_targets=0
GRAB train batch 2: pair_ids shape=(16,), range=39..10627, coefficients shape=(16, 2), sample_weights shape=(16,), zero_neighbor_targets=0
GRAB train batch 3: pair_ids shape=(16,), range=146..9956, coefficients shape=(16, 2), sample_weights shape=(16,), zero_neighbor_targets=0
GRAB train batch 4: pair_ids shape=(16,), range=32..10851, coefficients shape=(16, 2), sample_weights shape=(16,), zero_neighbor_targets=0
GRAB train batch 5: pair_ids shape=(16,), range=41..10362, coefficients shape=(16, 2), sample_weights shape=(16,), zero_neighbor_targets=0
GRAB train batch 6: pair_ids shape=(16,), range=54..5767, coefficients shape=(16, 2), sample_weights shape=(16,), zero_neighbor_targets=0
GRAB train batch 7: pair_ids shape=(16,), range=158..8373, coefficients shape=(16, 2), sample_weights shape=(16,), zero_neighbor_targets=0
GRAB train batch 8: pair_ids shape=(16,), range=51..5099, coefficients shape=(16, 2), sample_weights shape=(16,), zero_neighbor_targets=0
GRAB train batch 9: pair_ids shape=(16,), range=4..8729, coefficients shape=(16, 2), sample_weights shape=(16,), zero_neighbor_targets=0
GRAB train batch 10: pair_ids shape=(16,), range=56..9739, coefficients shape=(16, 2), sample_weights shape=(16,), zero_neighbor_targets=0
GRAB train batch 11: pair_ids shape=(16,), range=160..10393, coefficients shape=(16, 2), sample_weights shape=(16,), zero_neighbor_targets=0
GRAB train batch 12: pair_ids shape=(16,), range=120..10360, coefficients shape=(16, 2), sample_weights shape=(16,), zero_neighbor_targets=0
GRAB train batch 13: pair_ids shape=(16,), range=95..10795, coefficients shape=(16, 2), sample_weights shape=(16,), zero_neighbor_targets=0
GRAB train batch 14: pair_ids shape=(16,), range=137..10891, coefficients shape=(16, 2), sample_weights shape=(16,), zero_neighbor_targets=0
GRAB train batch 15: pair_ids shape=(16,), range=217..8745, coefficients shape=(16, 2), sample_weights shape=(16,), zero_neighbor_targets=0
GRAB train batch 16: pair_ids shape=(16,), range=108..10811, coefficients shape=(16, 2), sample_weights shape=(16,), zero_neighbor_targets=0
GRAB train batch 17: pair_ids shape=(16,), range=5..9887, coefficients shape=(16, 2), sample_weights shape=(16,), zero_neighbor_targets=0
GRAB train batch 18: pair_ids shape=(16,), range=121..10662, coefficients shape=(16, 2), sample_weights shape=(16,), zero_neighbor_targets=0
GRAB train batch 19: pair_ids shape=(16,), range=18..10987, coefficients shape=(16, 2), sample_weights shape=(16,), zero_neighbor_targets=0
GRAB train batch 20: pair_ids shape=(16,), range=308..7942, coefficients shape=(16, 2), sample_weights shape=(16,), zero_neighbor_targets=0
GRAB train batch 21: pair_ids shape=(16,), range=117..10994, coefficients shape=(16, 2), sample_weights shape=(16,), zero_neighbor_targets=0
GRAB train batch 22: pair_ids shape=(16,), range=17..6766, coefficients shape=(16, 2), sample_weights shape=(16,), zero_neighbor_targets=0
GRAB train batch 23: pair_ids shape=(16,), range=2..7643, coefficients shape=(16, 2), sample_weights shape=(16,), zero_neighbor_targets=0
GRAB train batch 24: pair_ids shape=(16,), range=60..10404, coefficients shape=(16, 2), sample_weights shape=(16,), zero_neighbor_targets=0
GRAB train batch 25: pair_ids shape=(16,), range=22..9954, coefficients shape=(16, 2), sample_weights shape=(16,), zero_neighbor_targets=0
GRAB train batch 26: pair_ids shape=(16,), range=46..10027, coefficients shape=(16, 2), sample_weights shape=(16,), zero_neighbor_targets=0
GRAB train batch 27: pair_ids shape=(16,), range=80..9704, coefficients shape=(16, 2), sample_weights shape=(16,), zero_neighbor_targets=0
GRAB train batch 28: pair_ids shape=(16,), range=0..10728, coefficients shape=(16, 2), sample_weights shape=(16,), zero_neighbor_targets=0
GRAB train batch 29: pair_ids shape=(16,), range=88..4242, coefficients shape=(16, 2), sample_weights shape=(16,), zero_neighbor_targets=0
GRAB train batch 30: pair_ids shape=(16,), range=127..10590, coefficients shape=(16, 2), sample_weights shape=(16,), zero_neighbor_targets=0
GRAB train batch 31: pair_ids shape=(16,), range=25..10524, coefficients shape=(16, 2), sample_weights shape=(16,), zero_neighbor_targets=0
GRAB train batch 32: pair_ids shape=(16,), range=53..10500, coefficients shape=(16, 2), sample_weights shape=(16,), zero_neighbor_targets=0
GRAB train batch 33: pair_ids shape=(16,), range=49..10850, coefficients shape=(16, 2), sample_weights shape=(16,), zero_neighbor_targets=0
GRAB train batch 34: pair_ids shape=(16,), range=44..9892, coefficients shape=(16, 2), sample_weights shape=(16,), zero_neighbor_targets=0
GRAB train batch 35: pair_ids shape=(16,), range=42..10396, coefficients shape=(16, 2), sample_weights shape=(16,), zero_neighbor_targets=0
GRAB train batch 36: pair_ids shape=(16,), range=36..10248, coefficients shape=(16, 2), sample_weights shape=(16,), zero_neighbor_targets=0
GRAB train batch 37: pair_ids shape=(16,), range=115..8279, coefficients shape=(16, 2), sample_weights shape=(16,), zero_neighbor_targets=0
GRAB train batch 38: pair_ids shape=(16,), range=69..7785, coefficients shape=(16, 2), sample_weights shape=(16,), zero_neighbor_targets=0
GRAB train batch 39: pair_ids shape=(16,), range=29..10522, coefficients shape=(16, 2), sample_weights shape=(16,), zero_neighbor_targets=0
GRAB train batch 40: pair_ids shape=(16,), range=57..10772, coefficients shape=(16, 2), sample_weights shape=(16,), zero_neighbor_targets=0
GRAB train batch 41: pair_ids shape=(16,), range=19..5335, coefficients shape=(16, 2), sample_weights shape=(16,), zero_neighbor_targets=0
GRAB train batch 42: pair_ids shape=(16,), range=114..6117, coefficients shape=(16, 2), sample_weights shape=(16,), zero_neighbor_targets=0
GRAB train batch 43: pair_ids shape=(16,), range=59..8915, coefficients shape=(16, 2), sample_weights shape=(16,), zero_neighbor_targets=0
GRAB train batch 44: pair_ids shape=(16,), range=87..10453, coefficients shape=(16, 2), sample_weights shape=(16,), zero_neighbor_targets=0
GRAB train batch 45: pair_ids shape=(16,), range=48..7251, coefficients shape=(16, 2), sample_weights shape=(16,), zero_neighbor_targets=0
GRAB train batch 46: pair_ids shape=(16,), range=214..10411, coefficients shape=(16, 2), sample_weights shape=(16,), zero_neighbor_targets=0
GRAB train batch 47: pair_ids shape=(16,), range=128..9546, coefficients shape=(16, 2), sample_weights shape=(16,), zero_neighbor_targets=0
GRAB train batch 48: pair_ids shape=(16,), range=9..10984, coefficients shape=(16, 2), sample_weights shape=(16,), zero_neighbor_targets=0
GRAB train batch 49: pair_ids shape=(16,), range=12..7921, coefficients shape=(16, 2), sample_weights shape=(16,), zero_neighbor_targets=0
GRAB train batch 50: pair_ids shape=(16,), range=64..7857, coefficients shape=(16, 2), sample_weights shape=(16,), zero_neighbor_targets=0
GRAB train batch 51: pair_ids shape=(16,), range=55..8903, coefficients shape=(16, 2), sample_weights shape=(16,), zero_neighbor_targets=0
GRAB train batch 52: pair_ids shape=(16,), range=45..10277, coefficients shape=(16, 2), sample_weights shape=(16,), zero_neighbor_targets=0
GRAB train batch 53: pair_ids shape=(16,), range=62..10988, coefficients shape=(16, 2), sample_weights shape=(16,), zero_neighbor_targets=0
GRAB train batch 54: pair_ids shape=(16,), range=198..9937, coefficients shape=(16, 2), sample_weights shape=(16,), zero_neighbor_targets=0
GRAB train batch 55: pair_ids shape=(16,), range=8..10600, coefficients shape=(16, 2), sample_weights shape=(16,), zero_neighbor_targets=0
GRAB train batch 56: pair_ids shape=(16,), range=107..8224, coefficients shape=(16, 2), sample_weights shape=(16,), zero_neighbor_targets=0
GRAB train batch 57: pair_ids shape=(16,), range=134..10502, coefficients shape=(16, 2), sample_weights shape=(16,), zero_neighbor_targets=0
GRAB train batch 58: pair_ids shape=(16,), range=118..10259, coefficients shape=(16, 2), sample_weights shape=(16,), zero_neighbor_targets=0
GRAB train batch 59: pair_ids shape=(16,), range=16..10836, coefficients shape=(16, 2), sample_weights shape=(16,), zero_neighbor_targets=0
GRAB train batch 60: pair_ids shape=(16,), range=74..9939, coefficients shape=(16, 2), sample_weights shape=(16,), zero_neighbor_targets=0
GRAB train batch 61: pair_ids shape=(16,), range=100..10471, coefficients shape=(16, 2), sample_weights shape=(16,), zero_neighbor_targets=0
GRAB train batch 62: pair_ids shape=(16,), range=7..9608, coefficients shape=(16, 2), sample_weights shape=(16,), zero_neighbor_targets=0
GRAB train batch 63: pair_ids shape=(16,), range=20..7619, coefficients shape=(16, 2), sample_weights shape=(16,), zero_neighbor_targets=0
GRAB train batch 64: pair_ids shape=(16,), range=72..10537, coefficients shape=(16, 2), sample_weights shape=(16,), zero_neighbor_targets=0
GRAB train batch 65: pair_ids shape=(16,), range=31..8731, coefficients shape=(16, 2), sample_weights shape=(16,), zero_neighbor_targets=0
GRAB train batch 66: pair_ids shape=(16,), range=11..8001, coefficients shape=(16, 2), sample_weights shape=(16,), zero_neighbor_targets=0
GRAB train batch 67: pair_ids shape=(16,), range=30..10435, coefficients shape=(16, 2), sample_weights shape=(16,), zero_neighbor_targets=0
GRAB train batch 68: pair_ids shape=(16,), range=14..8594, coefficients shape=(16, 2), sample_weights shape=(16,), zero_neighbor_targets=0
GRAB train batch 69: pair_ids shape=(16,), range=257..10685, coefficients shape=(16, 2), sample_weights shape=(16,), zero_neighbor_targets=0
GRAB train batch 70: pair_ids shape=(16,), range=6..9914, coefficients shape=(16, 2), sample_weights shape=(16,), zero_neighbor_targets=0
GRAB train batch 71: pair_ids shape=(16,), range=109..10935, coefficients shape=(16, 2), sample_weights shape=(16,), zero_neighbor_targets=0
GRAB train batch 72: pair_ids shape=(16,), range=190..7940, coefficients shape=(16, 2), sample_weights shape=(16,), zero_neighbor_targets=0
GRAB train batch 73: pair_ids shape=(16,), range=10..10742, coefficients shape=(16, 2), sample_weights shape=(16,), zero_neighbor_targets=0
GRAB train batch 74: pair_ids shape=(16,), range=3..10764, coefficients shape=(16, 2), sample_weights shape=(16,), zero_neighbor_targets=0
GRAB train batch 75: pair_ids shape=(16,), range=1..8876, coefficients shape=(16, 2), sample_weights shape=(16,), zero_neighbor_targets=0
GRAB train batch 76: pair_ids shape=(16,), range=101..10475, coefficients shape=(16, 2), sample_weights shape=(16,), zero_neighbor_targets=0
GRAB train batch 77: pair_ids shape=(12,), range=34..8841, coefficients shape=(12, 2), sample_weights shape=(12,), zero_neighbor_targets=0
VALIDATION
valid epoch balanced_accuracy: 0.585489
EPOCH 18:
GRAB train batch 1: pair_ids shape=(16,), range=33..6351, coefficients shape=(16, 2), sample_weights shape=(16,), zero_neighbor_targets=0
GRAB train batch 2: pair_ids shape=(16,), range=225..8668, coefficients shape=(16, 2), sample_weights shape=(16,), zero_neighbor_targets=0
GRAB train batch 3: pair_ids shape=(16,), range=93..10662, coefficients shape=(16, 2), sample_weights shape=(16,), zero_neighbor_targets=0
GRAB train batch 4: pair_ids shape=(16,), range=274..10447, coefficients shape=(16, 2), sample_weights shape=(16,), zero_neighbor_targets=0
GRAB train batch 5: pair_ids shape=(16,), range=31..9546, coefficients shape=(16, 2), sample_weights shape=(16,), zero_neighbor_targets=0
GRAB train batch 6: pair_ids shape=(16,), range=60..10277, coefficients shape=(16, 2), sample_weights shape=(16,), zero_neighbor_targets=0
GRAB train batch 7: pair_ids shape=(16,), range=53..10627, coefficients shape=(16, 2), sample_weights shape=(16,), zero_neighbor_targets=0
GRAB train batch 8: pair_ids shape=(16,), range=112..10987, coefficients shape=(16, 2), sample_weights shape=(16,), zero_neighbor_targets=0
GRAB train batch 9: pair_ids shape=(16,), range=84..10817, coefficients shape=(16, 2), sample_weights shape=(16,), zero_neighbor_targets=0
GRAB train batch 10: pair_ids shape=(16,), range=221..5823, coefficients shape=(16, 2), sample_weights shape=(16,), zero_neighbor_targets=0
GRAB train batch 11: pair_ids shape=(16,), range=5..10360, coefficients shape=(16, 2), sample_weights shape=(16,), zero_neighbor_targets=0
GRAB train batch 12: pair_ids shape=(16,), range=64..10590, coefficients shape=(16, 2), sample_weights shape=(16,), zero_neighbor_targets=0
GRAB train batch 13: pair_ids shape=(16,), range=305..10851, coefficients shape=(16, 2), sample_weights shape=(16,), zero_neighbor_targets=0
GRAB train batch 14: pair_ids shape=(16,), range=200..10935, coefficients shape=(16, 2), sample_weights shape=(16,), zero_neighbor_targets=0
GRAB train batch 15: pair_ids shape=(16,), range=3..9939, coefficients shape=(16, 2), sample_weights shape=(16,), zero_neighbor_targets=0
GRAB train batch 16: pair_ids shape=(16,), range=20..8729, coefficients shape=(16, 2), sample_weights shape=(16,), zero_neighbor_targets=0
GRAB train batch 17: pair_ids shape=(16,), range=10..8671, coefficients shape=(16, 2), sample_weights shape=(16,), zero_neighbor_targets=0
GRAB train batch 18: pair_ids shape=(16,), range=145..8370, coefficients shape=(16, 2), sample_weights shape=(16,), zero_neighbor_targets=0
GRAB train batch 19: pair_ids shape=(16,), range=72..10800, coefficients shape=(16, 2), sample_weights shape=(16,), zero_neighbor_targets=0
GRAB train batch 20: pair_ids shape=(16,), range=39..9622, coefficients shape=(16, 2), sample_weights shape=(16,), zero_neighbor_targets=0
GRAB train batch 21: pair_ids shape=(16,), range=0..7583, coefficients shape=(16, 2), sample_weights shape=(16,), zero_neighbor_targets=0
GRAB train batch 22: pair_ids shape=(16,), range=79..10850, coefficients shape=(16, 2), sample_weights shape=(16,), zero_neighbor_targets=0
GRAB train batch 23: pair_ids shape=(16,), range=144..10362, coefficients shape=(16, 2), sample_weights shape=(16,), zero_neighbor_targets=0
GRAB train batch 24: pair_ids shape=(16,), range=34..10009, coefficients shape=(16, 2), sample_weights shape=(16,), zero_neighbor_targets=0
GRAB train batch 25: pair_ids shape=(16,), range=109..8310, coefficients shape=(16, 2), sample_weights shape=(16,), zero_neighbor_targets=0
GRAB train batch 26: pair_ids shape=(16,), range=21..10836, coefficients shape=(16, 2), sample_weights shape=(16,), zero_neighbor_targets=0
GRAB train batch 27: pair_ids shape=(16,), range=9..10891, coefficients shape=(16, 2), sample_weights shape=(16,), zero_neighbor_targets=0
GRAB train batch 28: pair_ids shape=(16,), range=23..10473, coefficients shape=(16, 2), sample_weights shape=(16,), zero_neighbor_targets=0
GRAB train batch 29: pair_ids shape=(16,), range=390..10524, coefficients shape=(16, 2), sample_weights shape=(16,), zero_neighbor_targets=0
GRAB train batch 30: pair_ids shape=(16,), range=74..10537, coefficients shape=(16, 2), sample_weights shape=(16,), zero_neighbor_targets=0
GRAB train batch 31: pair_ids shape=(16,), range=11..10502, coefficients shape=(16, 2), sample_weights shape=(16,), zero_neighbor_targets=0
GRAB train batch 32: pair_ids shape=(16,), range=97..10772, coefficients shape=(16, 2), sample_weights shape=(16,), zero_neighbor_targets=0
GRAB train batch 33: pair_ids shape=(16,), range=107..7952, coefficients shape=(16, 2), sample_weights shape=(16,), zero_neighbor_targets=0
GRAB train batch 34: pair_ids shape=(16,), range=237..8363, coefficients shape=(16, 2), sample_weights shape=(16,), zero_neighbor_targets=0
GRAB train batch 35: pair_ids shape=(16,), range=14..9608, coefficients shape=(16, 2), sample_weights shape=(16,), zero_neighbor_targets=0
GRAB train batch 36: pair_ids shape=(16,), range=73..10299, coefficients shape=(16, 2), sample_weights shape=(16,), zero_neighbor_targets=0
GRAB train batch 37: pair_ids shape=(16,), range=62..4240, coefficients shape=(16, 2), sample_weights shape=(16,), zero_neighbor_targets=0
GRAB train batch 38: pair_ids shape=(16,), range=17..10170, coefficients shape=(16, 2), sample_weights shape=(16,), zero_neighbor_targets=0
GRAB train batch 39: pair_ids shape=(16,), range=102..7942, coefficients shape=(16, 2), sample_weights shape=(16,), zero_neighbor_targets=0
GRAB train batch 40: pair_ids shape=(16,), range=4..10795, coefficients shape=(16, 2), sample_weights shape=(16,), zero_neighbor_targets=0
GRAB train batch 41: pair_ids shape=(16,), range=272..10374, coefficients shape=(16, 2), sample_weights shape=(16,), zero_neighbor_targets=0
GRAB train batch 42: pair_ids shape=(16,), range=130..9937, coefficients shape=(16, 2), sample_weights shape=(16,), zero_neighbor_targets=0
GRAB train batch 43: pair_ids shape=(16,), range=2..10411, coefficients shape=(16, 2), sample_weights shape=(16,), zero_neighbor_targets=0
GRAB train batch 44: pair_ids shape=(16,), range=29..6192, coefficients shape=(16, 2), sample_weights shape=(16,), zero_neighbor_targets=0
GRAB train batch 45: pair_ids shape=(16,), range=40..10404, coefficients shape=(16, 2), sample_weights shape=(16,), zero_neighbor_targets=0
GRAB train batch 46: pair_ids shape=(16,), range=56..7872, coefficients shape=(16, 2), sample_weights shape=(16,), zero_neighbor_targets=0
GRAB train batch 47: pair_ids shape=(16,), range=67..10742, coefficients shape=(16, 2), sample_weights shape=(16,), zero_neighbor_targets=0
GRAB train batch 48: pair_ids shape=(16,), range=27..10500, coefficients shape=(16, 2), sample_weights shape=(16,), zero_neighbor_targets=0
GRAB train batch 49: pair_ids shape=(16,), range=6..7894, coefficients shape=(16, 2), sample_weights shape=(16,), zero_neighbor_targets=0
GRAB train batch 50: pair_ids shape=(16,), range=45..8521, coefficients shape=(16, 2), sample_weights shape=(16,), zero_neighbor_targets=0
GRAB train batch 51: pair_ids shape=(16,), range=96..10264, coefficients shape=(16, 2), sample_weights shape=(16,), zero_neighbor_targets=0
GRAB train batch 52: pair_ids shape=(16,), range=50..9914, coefficients shape=(16, 2), sample_weights shape=(16,), zero_neighbor_targets=0
GRAB train batch 53: pair_ids shape=(16,), range=15..10728, coefficients shape=(16, 2), sample_weights shape=(16,), zero_neighbor_targets=0
GRAB train batch 54: pair_ids shape=(16,), range=37..10227, coefficients shape=(16, 2), sample_weights shape=(16,), zero_neighbor_targets=0
GRAB train batch 55: pair_ids shape=(16,), range=7..9954, coefficients shape=(16, 2), sample_weights shape=(16,), zero_neighbor_targets=0
GRAB train batch 56: pair_ids shape=(16,), range=76..5808, coefficients shape=(16, 2), sample_weights shape=(16,), zero_neighbor_targets=0
GRAB train batch 57: pair_ids shape=(16,), range=19..10994, coefficients shape=(16, 2), sample_weights shape=(16,), zero_neighbor_targets=0
GRAB train batch 58: pair_ids shape=(16,), range=18..10462, coefficients shape=(16, 2), sample_weights shape=(16,), zero_neighbor_targets=0
GRAB train batch 59: pair_ids shape=(16,), range=12..6809, coefficients shape=(16, 2), sample_weights shape=(16,), zero_neighbor_targets=0
GRAB train batch 60: pair_ids shape=(16,), range=137..10988, coefficients shape=(16, 2), sample_weights shape=(16,), zero_neighbor_targets=0
GRAB train batch 61: pair_ids shape=(16,), range=65..10331, coefficients shape=(16, 2), sample_weights shape=(16,), zero_neighbor_targets=0
GRAB train batch 62: pair_ids shape=(16,), range=197..10685, coefficients shape=(16, 2), sample_weights shape=(16,), zero_neighbor_targets=0
GRAB train batch 63: pair_ids shape=(16,), range=24..7923, coefficients shape=(16, 2), sample_weights shape=(16,), zero_neighbor_targets=0
GRAB train batch 64: pair_ids shape=(16,), range=16..7286, coefficients shape=(16, 2), sample_weights shape=(16,), zero_neighbor_targets=0
GRAB train batch 65: pair_ids shape=(16,), range=1..10475, coefficients shape=(16, 2), sample_weights shape=(16,), zero_neighbor_targets=0
GRAB train batch 66: pair_ids shape=(16,), range=117..9739, coefficients shape=(16, 2), sample_weights shape=(16,), zero_neighbor_targets=0
GRAB train batch 67: pair_ids shape=(16,), range=87..10471, coefficients shape=(16, 2), sample_weights shape=(16,), zero_neighbor_targets=0
GRAB train batch 68: pair_ids shape=(16,), range=57..10984, coefficients shape=(16, 2), sample_weights shape=(16,), zero_neighbor_targets=0
GRAB train batch 69: pair_ids shape=(16,), range=95..7921, coefficients shape=(16, 2), sample_weights shape=(16,), zero_neighbor_targets=0
GRAB train batch 70: pair_ids shape=(16,), range=123..8163, coefficients shape=(16, 2), sample_weights shape=(16,), zero_neighbor_targets=0
GRAB train batch 71: pair_ids shape=(16,), range=30..10435, coefficients shape=(16, 2), sample_weights shape=(16,), zero_neighbor_targets=0
GRAB train batch 72: pair_ids shape=(16,), range=43..10396, coefficients shape=(16, 2), sample_weights shape=(16,), zero_neighbor_targets=0
GRAB train batch 73: pair_ids shape=(16,), range=46..8772, coefficients shape=(16, 2), sample_weights shape=(16,), zero_neighbor_targets=0
GRAB train batch 74: pair_ids shape=(16,), range=48..8472, coefficients shape=(16, 2), sample_weights shape=(16,), zero_neighbor_targets=0
GRAB train batch 75: pair_ids shape=(16,), range=100..9704, coefficients shape=(16, 2), sample_weights shape=(16,), zero_neighbor_targets=0
GRAB train batch 76: pair_ids shape=(16,), range=58..7304, coefficients shape=(16, 2), sample_weights shape=(16,), zero_neighbor_targets=0
GRAB train batch 77: pair_ids shape=(12,), range=28..9956, coefficients shape=(12, 2), sample_weights shape=(12,), zero_neighbor_targets=0
VALIDATION
valid epoch balanced_accuracy: 0.550287
EPOCH 19:
GRAB train batch 1: pair_ids shape=(16,), range=22..10772, coefficients shape=(16, 2), sample_weights shape=(16,), zero_neighbor_targets=0
GRAB train batch 2: pair_ids shape=(16,), range=98..10685, coefficients shape=(16, 2), sample_weights shape=(16,), zero_neighbor_targets=0
GRAB train batch 3: pair_ids shape=(16,), range=46..10935, coefficients shape=(16, 2), sample_weights shape=(16,), zero_neighbor_targets=0
GRAB train batch 4: pair_ids shape=(16,), range=217..9795, coefficients shape=(16, 2), sample_weights shape=(16,), zero_neighbor_targets=0
GRAB train batch 5: pair_ids shape=(16,), range=38..10404, coefficients shape=(16, 2), sample_weights shape=(16,), zero_neighbor_targets=0
GRAB train batch 6: pair_ids shape=(16,), range=209..10225, coefficients shape=(16, 2), sample_weights shape=(16,), zero_neighbor_targets=0
GRAB train batch 7: pair_ids shape=(16,), range=33..7339, coefficients shape=(16, 2), sample_weights shape=(16,), zero_neighbor_targets=0
GRAB train batch 8: pair_ids shape=(16,), range=172..7219, coefficients shape=(16, 2), sample_weights shape=(16,), zero_neighbor_targets=0
GRAB train batch 9: pair_ids shape=(16,), range=34..6403, coefficients shape=(16, 2), sample_weights shape=(16,), zero_neighbor_targets=0
GRAB train batch 10: pair_ids shape=(16,), range=25..10384, coefficients shape=(16, 2), sample_weights shape=(16,), zero_neighbor_targets=0
GRAB train batch 11: pair_ids shape=(16,), range=18..10590, coefficients shape=(16, 2), sample_weights shape=(16,), zero_neighbor_targets=0
GRAB train batch 12: pair_ids shape=(16,), range=54..10811, coefficients shape=(16, 2), sample_weights shape=(16,), zero_neighbor_targets=0
GRAB train batch 13: pair_ids shape=(16,), range=78..10312, coefficients shape=(16, 2), sample_weights shape=(16,), zero_neighbor_targets=0
GRAB train batch 14: pair_ids shape=(16,), range=101..10398, coefficients shape=(16, 2), sample_weights shape=(16,), zero_neighbor_targets=0
GRAB train batch 15: pair_ids shape=(16,), range=13..6657, coefficients shape=(16, 2), sample_weights shape=(16,), zero_neighbor_targets=0
GRAB train batch 16: pair_ids shape=(16,), range=24..8745, coefficients shape=(16, 2), sample_weights shape=(16,), zero_neighbor_targets=0
GRAB train batch 17: pair_ids shape=(16,), range=154..7879, coefficients shape=(16, 2), sample_weights shape=(16,), zero_neighbor_targets=0
GRAB train batch 18: pair_ids shape=(16,), range=30..9598, coefficients shape=(16, 2), sample_weights shape=(16,), zero_neighbor_targets=0
GRAB train batch 19: pair_ids shape=(16,), range=14..10453, coefficients shape=(16, 2), sample_weights shape=(16,), zero_neighbor_targets=0
GRAB train batch 20: pair_ids shape=(16,), range=131..10524, coefficients shape=(16, 2), sample_weights shape=(16,), zero_neighbor_targets=0
GRAB train batch 21: pair_ids shape=(16,), range=59..10987, coefficients shape=(16, 2), sample_weights shape=(16,), zero_neighbor_targets=0
GRAB train batch 22: pair_ids shape=(16,), range=141..10988, coefficients shape=(16, 2), sample_weights shape=(16,), zero_neighbor_targets=0
GRAB train batch 23: pair_ids shape=(16,), range=28..8590, coefficients shape=(16, 2), sample_weights shape=(16,), zero_neighbor_targets=0
GRAB train batch 24: pair_ids shape=(16,), range=121..10435, coefficients shape=(16, 2), sample_weights shape=(16,), zero_neighbor_targets=0
GRAB train batch 25: pair_ids shape=(16,), range=1..9698, coefficients shape=(16, 2), sample_weights shape=(16,), zero_neighbor_targets=0
GRAB train batch 26: pair_ids shape=(16,), range=64..7952, coefficients shape=(16, 2), sample_weights shape=(16,), zero_neighbor_targets=0
GRAB train batch 27: pair_ids shape=(16,), range=67..7221, coefficients shape=(16, 2), sample_weights shape=(16,), zero_neighbor_targets=0
GRAB train batch 28: pair_ids shape=(16,), range=71..10471, coefficients shape=(16, 2), sample_weights shape=(16,), zero_neighbor_targets=0
GRAB train batch 29: pair_ids shape=(16,), range=31..10473, coefficients shape=(16, 2), sample_weights shape=(16,), zero_neighbor_targets=0
GRAB train batch 30: pair_ids shape=(16,), range=29..10742, coefficients shape=(16, 2), sample_weights shape=(16,), zero_neighbor_targets=0
GRAB train batch 31: pair_ids shape=(16,), range=27..7872, coefficients shape=(16, 2), sample_weights shape=(16,), zero_neighbor_targets=0
GRAB train batch 32: pair_ids shape=(16,), range=95..10851, coefficients shape=(16, 2), sample_weights shape=(16,), zero_neighbor_targets=0
GRAB train batch 33: pair_ids shape=(16,), range=117..10795, coefficients shape=(16, 2), sample_weights shape=(16,), zero_neighbor_targets=0
GRAB train batch 34: pair_ids shape=(16,), range=42..7448, coefficients shape=(16, 2), sample_weights shape=(16,), zero_neighbor_targets=0
GRAB train batch 35: pair_ids shape=(16,), range=32..10277, coefficients shape=(16, 2), sample_weights shape=(16,), zero_neighbor_targets=0
GRAB train batch 36: pair_ids shape=(16,), range=39..10462, coefficients shape=(16, 2), sample_weights shape=(16,), zero_neighbor_targets=0
GRAB train batch 37: pair_ids shape=(16,), range=5..10600, coefficients shape=(16, 2), sample_weights shape=(16,), zero_neighbor_targets=0
GRAB train batch 38: pair_ids shape=(16,), range=49..8903, coefficients shape=(16, 2), sample_weights shape=(16,), zero_neighbor_targets=0
GRAB train batch 39: pair_ids shape=(16,), range=107..10500, coefficients shape=(16, 2), sample_weights shape=(16,), zero_neighbor_targets=0
GRAB train batch 40: pair_ids shape=(16,), range=82..10850, coefficients shape=(16, 2), sample_weights shape=(16,), zero_neighbor_targets=0
GRAB train batch 41: pair_ids shape=(16,), range=2..7440, coefficients shape=(16, 2), sample_weights shape=(16,), zero_neighbor_targets=0
GRAB train batch 42: pair_ids shape=(16,), range=12..7867, coefficients shape=(16, 2), sample_weights shape=(16,), zero_neighbor_targets=0
GRAB train batch 43: pair_ids shape=(16,), range=55..7921, coefficients shape=(16, 2), sample_weights shape=(16,), zero_neighbor_targets=0
GRAB train batch 44: pair_ids shape=(16,), range=11..8772, coefficients shape=(16, 2), sample_weights shape=(16,), zero_neighbor_targets=0
GRAB train batch 45: pair_ids shape=(16,), range=21..10005, coefficients shape=(16, 2), sample_weights shape=(16,), zero_neighbor_targets=0
GRAB train batch 46: pair_ids shape=(16,), range=115..10994, coefficients shape=(16, 2), sample_weights shape=(16,), zero_neighbor_targets=0
GRAB train batch 47: pair_ids shape=(16,), range=60..5936, coefficients shape=(16, 2), sample_weights shape=(16,), zero_neighbor_targets=0
GRAB train batch 48: pair_ids shape=(16,), range=47..10984, coefficients shape=(16, 2), sample_weights shape=(16,), zero_neighbor_targets=0
GRAB train batch 49: pair_ids shape=(16,), range=53..7930, coefficients shape=(16, 2), sample_weights shape=(16,), zero_neighbor_targets=0
GRAB train batch 50: pair_ids shape=(16,), range=17..7940, coefficients shape=(16, 2), sample_weights shape=(16,), zero_neighbor_targets=0
GRAB train batch 51: pair_ids shape=(16,), range=0..9937, coefficients shape=(16, 2), sample_weights shape=(16,), zero_neighbor_targets=0
GRAB train batch 52: pair_ids shape=(16,), range=3..8731, coefficients shape=(16, 2), sample_weights shape=(16,), zero_neighbor_targets=0
GRAB train batch 53: pair_ids shape=(16,), range=10..8163, coefficients shape=(16, 2), sample_weights shape=(16,), zero_neighbor_targets=0
GRAB train batch 54: pair_ids shape=(16,), range=52..8729, coefficients shape=(16, 2), sample_weights shape=(16,), zero_neighbor_targets=0
GRAB train batch 55: pair_ids shape=(16,), range=118..7619, coefficients shape=(16, 2), sample_weights shape=(16,), zero_neighbor_targets=0
GRAB train batch 56: pair_ids shape=(16,), range=280..10728, coefficients shape=(16, 2), sample_weights shape=(16,), zero_neighbor_targets=0
GRAB train batch 57: pair_ids shape=(16,), range=26..10891, coefficients shape=(16, 2), sample_weights shape=(16,), zero_neighbor_targets=0
GRAB train batch 58: pair_ids shape=(16,), range=6..10800, coefficients shape=(16, 2), sample_weights shape=(16,), zero_neighbor_targets=0
GRAB train batch 59: pair_ids shape=(16,), range=7..10331, coefficients shape=(16, 2), sample_weights shape=(16,), zero_neighbor_targets=0
GRAB train batch 60: pair_ids shape=(16,), range=162..9727, coefficients shape=(16, 2), sample_weights shape=(16,), zero_neighbor_targets=0
GRAB train batch 61: pair_ids shape=(16,), range=288..9913, coefficients shape=(16, 2), sample_weights shape=(16,), zero_neighbor_targets=0
GRAB train batch 62: pair_ids shape=(16,), range=51..10374, coefficients shape=(16, 2), sample_weights shape=(16,), zero_neighbor_targets=0
GRAB train batch 63: pair_ids shape=(16,), range=40..9622, coefficients shape=(16, 2), sample_weights shape=(16,), zero_neighbor_targets=0
GRAB train batch 64: pair_ids shape=(16,), range=73..6785, coefficients shape=(16, 2), sample_weights shape=(16,), zero_neighbor_targets=0
GRAB train batch 65: pair_ids shape=(16,), range=36..10662, coefficients shape=(16, 2), sample_weights shape=(16,), zero_neighbor_targets=0
GRAB train batch 66: pair_ids shape=(16,), range=165..10299, coefficients shape=(16, 2), sample_weights shape=(16,), zero_neighbor_targets=0
GRAB train batch 67: pair_ids shape=(16,), range=160..7863, coefficients shape=(16, 2), sample_weights shape=(16,), zero_neighbor_targets=0
GRAB train batch 68: pair_ids shape=(16,), range=68..8658, coefficients shape=(16, 2), sample_weights shape=(16,), zero_neighbor_targets=0
GRAB train batch 69: pair_ids shape=(16,), range=19..8279, coefficients shape=(16, 2), sample_weights shape=(16,), zero_neighbor_targets=0
GRAB train batch 70: pair_ids shape=(16,), range=72..10522, coefficients shape=(16, 2), sample_weights shape=(16,), zero_neighbor_targets=0
GRAB train batch 71: pair_ids shape=(16,), range=285..10764, coefficients shape=(16, 2), sample_weights shape=(16,), zero_neighbor_targets=0
GRAB train batch 72: pair_ids shape=(16,), range=8..10537, coefficients shape=(16, 2), sample_weights shape=(16,), zero_neighbor_targets=0
GRAB train batch 73: pair_ids shape=(16,), range=85..8081, coefficients shape=(16, 2), sample_weights shape=(16,), zero_neighbor_targets=0
GRAB train batch 74: pair_ids shape=(16,), range=155..10627, coefficients shape=(16, 2), sample_weights shape=(16,), zero_neighbor_targets=0
GRAB train batch 75: pair_ids shape=(16,), range=4..8915, coefficients shape=(16, 2), sample_weights shape=(16,), zero_neighbor_targets=0
GRAB train batch 76: pair_ids shape=(16,), range=80..10222, coefficients shape=(16, 2), sample_weights shape=(16,), zero_neighbor_targets=0
GRAB train batch 77: pair_ids shape=(12,), range=20..9696, coefficients shape=(12, 2), sample_weights shape=(12,), zero_neighbor_targets=0
VALIDATION
valid epoch balanced_accuracy: 0.637213
EPOCH 20:
GRAB train batch 1: pair_ids shape=(16,), range=212..9954, coefficients shape=(16, 2), sample_weights shape=(16,), zero_neighbor_targets=0
GRAB train batch 2: pair_ids shape=(16,), range=32..9739, coefficients shape=(16, 2), sample_weights shape=(16,), zero_neighbor_targets=0
GRAB train batch 3: pair_ids shape=(16,), range=23..10435, coefficients shape=(16, 2), sample_weights shape=(16,), zero_neighbor_targets=0
GRAB train batch 4: pair_ids shape=(16,), range=15..7497, coefficients shape=(16, 2), sample_weights shape=(16,), zero_neighbor_targets=0
GRAB train batch 5: pair_ids shape=(16,), range=55..10404, coefficients shape=(16, 2), sample_weights shape=(16,), zero_neighbor_targets=0
GRAB train batch 6: pair_ids shape=(16,), range=12..10398, coefficients shape=(16, 2), sample_weights shape=(16,), zero_neighbor_targets=0
GRAB train batch 7: pair_ids shape=(16,), range=56..10742, coefficients shape=(16, 2), sample_weights shape=(16,), zero_neighbor_targets=0
GRAB train batch 8: pair_ids shape=(16,), range=42..10471, coefficients shape=(16, 2), sample_weights shape=(16,), zero_neighbor_targets=0
GRAB train batch 9: pair_ids shape=(16,), range=60..9727, coefficients shape=(16, 2), sample_weights shape=(16,), zero_neighbor_targets=0
GRAB train batch 10: pair_ids shape=(16,), range=38..10850, coefficients shape=(16, 2), sample_weights shape=(16,), zero_neighbor_targets=0
GRAB train batch 11: pair_ids shape=(16,), range=16..6419, coefficients shape=(16, 2), sample_weights shape=(16,), zero_neighbor_targets=0
GRAB train batch 12: pair_ids shape=(16,), range=0..10259, coefficients shape=(16, 2), sample_weights shape=(16,), zero_neighbor_targets=0
GRAB train batch 13: pair_ids shape=(16,), range=82..9887, coefficients shape=(16, 2), sample_weights shape=(16,), zero_neighbor_targets=0
GRAB train batch 14: pair_ids shape=(16,), range=66..10500, coefficients shape=(16, 2), sample_weights shape=(16,), zero_neighbor_targets=0
GRAB train batch 15: pair_ids shape=(16,), range=64..10299, coefficients shape=(16, 2), sample_weights shape=(16,), zero_neighbor_targets=0
GRAB train batch 16: pair_ids shape=(16,), range=76..7829, coefficients shape=(16, 2), sample_weights shape=(16,), zero_neighbor_targets=0
GRAB train batch 17: pair_ids shape=(16,), range=3..10277, coefficients shape=(16, 2), sample_weights shape=(16,), zero_neighbor_targets=0
GRAB train batch 18: pair_ids shape=(16,), range=44..7975, coefficients shape=(16, 2), sample_weights shape=(16,), zero_neighbor_targets=0
GRAB train batch 19: pair_ids shape=(16,), range=22..10264, coefficients shape=(16, 2), sample_weights shape=(16,), zero_neighbor_targets=0
GRAB train batch 20: pair_ids shape=(16,), range=19..8168, coefficients shape=(16, 2), sample_weights shape=(16,), zero_neighbor_targets=0
GRAB train batch 21: pair_ids shape=(16,), range=93..8313, coefficients shape=(16, 2), sample_weights shape=(16,), zero_neighbor_targets=0
GRAB train batch 22: pair_ids shape=(16,), range=83..8472, coefficients shape=(16, 2), sample_weights shape=(16,), zero_neighbor_targets=0
GRAB train batch 23: pair_ids shape=(16,), range=105..8081, coefficients shape=(16, 2), sample_weights shape=(16,), zero_neighbor_targets=0
GRAB train batch 24: pair_ids shape=(16,), range=47..7867, coefficients shape=(16, 2), sample_weights shape=(16,), zero_neighbor_targets=0
GRAB train batch 25: pair_ids shape=(16,), range=142..10396, coefficients shape=(16, 2), sample_weights shape=(16,), zero_neighbor_targets=0
GRAB train batch 26: pair_ids shape=(16,), range=130..10987, coefficients shape=(16, 2), sample_weights shape=(16,), zero_neighbor_targets=0
GRAB train batch 27: pair_ids shape=(16,), range=2..3438, coefficients shape=(16, 2), sample_weights shape=(16,), zero_neighbor_targets=0
GRAB train batch 28: pair_ids shape=(16,), range=40..10475, coefficients shape=(16, 2), sample_weights shape=(16,), zero_neighbor_targets=0
GRAB train batch 29: pair_ids shape=(16,), range=65..10462, coefficients shape=(16, 2), sample_weights shape=(16,), zero_neighbor_targets=0
GRAB train batch 30: pair_ids shape=(16,), range=113..10984, coefficients shape=(16, 2), sample_weights shape=(16,), zero_neighbor_targets=0
GRAB train batch 31: pair_ids shape=(16,), range=34..8739, coefficients shape=(16, 2), sample_weights shape=(16,), zero_neighbor_targets=0
GRAB train batch 32: pair_ids shape=(16,), range=24..9995, coefficients shape=(16, 2), sample_weights shape=(16,), zero_neighbor_targets=0
GRAB train batch 33: pair_ids shape=(16,), range=58..10374, coefficients shape=(16, 2), sample_weights shape=(16,), zero_neighbor_targets=0
GRAB train batch 34: pair_ids shape=(16,), range=73..10851, coefficients shape=(16, 2), sample_weights shape=(16,), zero_neighbor_targets=0
GRAB train batch 35: pair_ids shape=(16,), range=10..8668, coefficients shape=(16, 2), sample_weights shape=(16,), zero_neighbor_targets=0
GRAB train batch 36: pair_ids shape=(16,), range=14..10685, coefficients shape=(16, 2), sample_weights shape=(16,), zero_neighbor_targets=0
GRAB train batch 37: pair_ids shape=(16,), range=31..5386, coefficients shape=(16, 2), sample_weights shape=(16,), zero_neighbor_targets=0
GRAB train batch 38: pair_ids shape=(16,), range=35..10248, coefficients shape=(16, 2), sample_weights shape=(16,), zero_neighbor_targets=0
GRAB train batch 39: pair_ids shape=(16,), range=176..9840, coefficients shape=(16, 2), sample_weights shape=(16,), zero_neighbor_targets=0
GRAB train batch 40: pair_ids shape=(16,), range=88..9818, coefficients shape=(16, 2), sample_weights shape=(16,), zero_neighbor_targets=0
GRAB train batch 41: pair_ids shape=(16,), range=104..10227, coefficients shape=(16, 2), sample_weights shape=(16,), zero_neighbor_targets=0
GRAB train batch 42: pair_ids shape=(16,), range=125..10662, coefficients shape=(16, 2), sample_weights shape=(16,), zero_neighbor_targets=0
GRAB train batch 43: pair_ids shape=(16,), range=4..10627, coefficients shape=(16, 2), sample_weights shape=(16,), zero_neighbor_targets=0
GRAB train batch 44: pair_ids shape=(16,), range=1..9937, coefficients shape=(16, 2), sample_weights shape=(16,), zero_neighbor_targets=0
GRAB train batch 45: pair_ids shape=(16,), range=132..7937, coefficients shape=(16, 2), sample_weights shape=(16,), zero_neighbor_targets=0
GRAB train batch 46: pair_ids shape=(16,), range=68..9939, coefficients shape=(16, 2), sample_weights shape=(16,), zero_neighbor_targets=0
GRAB train batch 47: pair_ids shape=(16,), range=29..10994, coefficients shape=(16, 2), sample_weights shape=(16,), zero_neighbor_targets=0
GRAB train batch 48: pair_ids shape=(16,), range=7..10312, coefficients shape=(16, 2), sample_weights shape=(16,), zero_neighbor_targets=0
GRAB train batch 49: pair_ids shape=(16,), range=135..10795, coefficients shape=(16, 2), sample_weights shape=(16,), zero_neighbor_targets=0
GRAB train batch 50: pair_ids shape=(16,), range=81..10590, coefficients shape=(16, 2), sample_weights shape=(16,), zero_neighbor_targets=0
GRAB train batch 51: pair_ids shape=(16,), range=119..6838, coefficients shape=(16, 2), sample_weights shape=(16,), zero_neighbor_targets=0
GRAB train batch 52: pair_ids shape=(16,), range=270..10205, coefficients shape=(16, 2), sample_weights shape=(16,), zero_neighbor_targets=0
GRAB train batch 53: pair_ids shape=(16,), range=28..6605, coefficients shape=(16, 2), sample_weights shape=(16,), zero_neighbor_targets=0
GRAB train batch 54: pair_ids shape=(16,), range=8..10836, coefficients shape=(16, 2), sample_weights shape=(16,), zero_neighbor_targets=0
GRAB train batch 55: pair_ids shape=(16,), range=225..10331, coefficients shape=(16, 2), sample_weights shape=(16,), zero_neighbor_targets=0
GRAB train batch 56: pair_ids shape=(16,), range=27..10891, coefficients shape=(16, 2), sample_weights shape=(16,), zero_neighbor_targets=0
GRAB train batch 57: pair_ids shape=(16,), range=129..9608, coefficients shape=(16, 2), sample_weights shape=(16,), zero_neighbor_targets=0
GRAB train batch 58: pair_ids shape=(16,), range=95..5539, coefficients shape=(16, 2), sample_weights shape=(16,), zero_neighbor_targets=0
GRAB train batch 59: pair_ids shape=(16,), range=87..7286, coefficients shape=(16, 2), sample_weights shape=(16,), zero_neighbor_targets=0
GRAB train batch 60: pair_ids shape=(16,), range=18..10447, coefficients shape=(16, 2), sample_weights shape=(16,), zero_neighbor_targets=0
GRAB train batch 61: pair_ids shape=(16,), range=46..9892, coefficients shape=(16, 2), sample_weights shape=(16,), zero_neighbor_targets=0
GRAB train batch 62: pair_ids shape=(16,), range=200..10935, coefficients shape=(16, 2), sample_weights shape=(16,), zero_neighbor_targets=0
GRAB train batch 63: pair_ids shape=(16,), range=30..8521, coefficients shape=(16, 2), sample_weights shape=(16,), zero_neighbor_targets=0
GRAB train batch 64: pair_ids shape=(16,), range=11..9956, coefficients shape=(16, 2), sample_weights shape=(16,), zero_neighbor_targets=0
GRAB train batch 65: pair_ids shape=(16,), range=26..6274, coefficients shape=(16, 2), sample_weights shape=(16,), zero_neighbor_targets=0
GRAB train batch 66: pair_ids shape=(16,), range=99..10800, coefficients shape=(16, 2), sample_weights shape=(16,), zero_neighbor_targets=0
GRAB train batch 67: pair_ids shape=(16,), range=36..7940, coefficients shape=(16, 2), sample_weights shape=(16,), zero_neighbor_targets=0
GRAB train batch 68: pair_ids shape=(16,), range=84..10393, coefficients shape=(16, 2), sample_weights shape=(16,), zero_neighbor_targets=0
GRAB train batch 69: pair_ids shape=(16,), range=98..10988, coefficients shape=(16, 2), sample_weights shape=(16,), zero_neighbor_targets=0
GRAB train batch 70: pair_ids shape=(16,), range=97..8841, coefficients shape=(16, 2), sample_weights shape=(16,), zero_neighbor_targets=0
GRAB train batch 71: pair_ids shape=(16,), range=77..10817, coefficients shape=(16, 2), sample_weights shape=(16,), zero_neighbor_targets=0
GRAB train batch 72: pair_ids shape=(16,), range=51..7536, coefficients shape=(16, 2), sample_weights shape=(16,), zero_neighbor_targets=0
GRAB train batch 73: pair_ids shape=(16,), range=17..10524, coefficients shape=(16, 2), sample_weights shape=(16,), zero_neighbor_targets=0
GRAB train batch 74: pair_ids shape=(16,), range=164..10225, coefficients shape=(16, 2), sample_weights shape=(16,), zero_neighbor_targets=0
GRAB train batch 75: pair_ids shape=(16,), range=5..10502, coefficients shape=(16, 2), sample_weights shape=(16,), zero_neighbor_targets=0
GRAB train batch 76: pair_ids shape=(16,), range=20..10362, coefficients shape=(16, 2), sample_weights shape=(16,), zero_neighbor_targets=0
GRAB train batch 77: pair_ids shape=(12,), range=6..10360, coefficients shape=(12, 2), sample_weights shape=(12,), zero_neighbor_targets=0
VALIDATION
valid epoch balanced_accuracy: 0.578305
EPOCH 21:
GRAB train batch 1: pair_ids shape=(16,), range=31..10850, coefficients shape=(16, 2), sample_weights shape=(16,), zero_neighbor_targets=0
GRAB train batch 2: pair_ids shape=(16,), range=110..10404, coefficients shape=(16, 2), sample_weights shape=(16,), zero_neighbor_targets=0
GRAB train batch 3: pair_ids shape=(16,), range=4..9892, coefficients shape=(16, 2), sample_weights shape=(16,), zero_neighbor_targets=0
GRAB train batch 4: pair_ids shape=(16,), range=94..9939, coefficients shape=(16, 2), sample_weights shape=(16,), zero_neighbor_targets=0
GRAB train batch 5: pair_ids shape=(16,), range=34..7369, coefficients shape=(16, 2), sample_weights shape=(16,), zero_neighbor_targets=0
GRAB train batch 6: pair_ids shape=(16,), range=83..10627, coefficients shape=(16, 2), sample_weights shape=(16,), zero_neighbor_targets=0
GRAB train batch 7: pair_ids shape=(16,), range=44..8163, coefficients shape=(16, 2), sample_weights shape=(16,), zero_neighbor_targets=0
GRAB train batch 8: pair_ids shape=(16,), range=52..3810, coefficients shape=(16, 2), sample_weights shape=(16,), zero_neighbor_targets=0
GRAB train batch 9: pair_ids shape=(16,), range=11..7556, coefficients shape=(16, 2), sample_weights shape=(16,), zero_neighbor_targets=0
GRAB train batch 10: pair_ids shape=(16,), range=98..10222, coefficients shape=(16, 2), sample_weights shape=(16,), zero_neighbor_targets=0
GRAB train batch 11: pair_ids shape=(16,), range=19..10170, coefficients shape=(16, 2), sample_weights shape=(16,), zero_neighbor_targets=0
GRAB train batch 12: pair_ids shape=(16,), range=50..10227, coefficients shape=(16, 2), sample_weights shape=(16,), zero_neighbor_targets=0
GRAB train batch 13: pair_ids shape=(16,), range=205..10360, coefficients shape=(16, 2), sample_weights shape=(16,), zero_neighbor_targets=0
GRAB train batch 14: pair_ids shape=(16,), range=147..10795, coefficients shape=(16, 2), sample_weights shape=(16,), zero_neighbor_targets=0
GRAB train batch 15: pair_ids shape=(16,), range=126..10987, coefficients shape=(16, 2), sample_weights shape=(16,), zero_neighbor_targets=0
GRAB train batch 16: pair_ids shape=(16,), range=13..10475, coefficients shape=(16, 2), sample_weights shape=(16,), zero_neighbor_targets=0
GRAB train batch 17: pair_ids shape=(16,), range=92..8670, coefficients shape=(16, 2), sample_weights shape=(16,), zero_neighbor_targets=0
GRAB train batch 18: pair_ids shape=(16,), range=41..10851, coefficients shape=(16, 2), sample_weights shape=(16,), zero_neighbor_targets=0
GRAB train batch 19: pair_ids shape=(16,), range=101..10447, coefficients shape=(16, 2), sample_weights shape=(16,), zero_neighbor_targets=0
GRAB train batch 20: pair_ids shape=(16,), range=140..10500, coefficients shape=(16, 2), sample_weights shape=(16,), zero_neighbor_targets=0
GRAB train batch 21: pair_ids shape=(16,), range=310..10891, coefficients shape=(16, 2), sample_weights shape=(16,), zero_neighbor_targets=0
GRAB train batch 22: pair_ids shape=(16,), range=219..8579, coefficients shape=(16, 2), sample_weights shape=(16,), zero_neighbor_targets=0
GRAB train batch 23: pair_ids shape=(16,), range=35..10435, coefficients shape=(16, 2), sample_weights shape=(16,), zero_neighbor_targets=0
GRAB train batch 24: pair_ids shape=(16,), range=14..5621, coefficients shape=(16, 2), sample_weights shape=(16,), zero_neighbor_targets=0
GRAB train batch 25: pair_ids shape=(16,), range=81..8363, coefficients shape=(16, 2), sample_weights shape=(16,), zero_neighbor_targets=0
GRAB train batch 26: pair_ids shape=(16,), range=109..10685, coefficients shape=(16, 2), sample_weights shape=(16,), zero_neighbor_targets=0
GRAB train batch 27: pair_ids shape=(16,), range=461..6777, coefficients shape=(16, 2), sample_weights shape=(16,), zero_neighbor_targets=0
GRAB train batch 28: pair_ids shape=(16,), range=21..8729, coefficients shape=(16, 2), sample_weights shape=(16,), zero_neighbor_targets=0
GRAB train batch 29: pair_ids shape=(16,), range=77..9822, coefficients shape=(16, 2), sample_weights shape=(16,), zero_neighbor_targets=0
GRAB train batch 30: pair_ids shape=(16,), range=80..8772, coefficients shape=(16, 2), sample_weights shape=(16,), zero_neighbor_targets=0
GRAB train batch 31: pair_ids shape=(16,), range=0..10524, coefficients shape=(16, 2), sample_weights shape=(16,), zero_neighbor_targets=0
GRAB train batch 32: pair_ids shape=(16,), range=17..10398, coefficients shape=(16, 2), sample_weights shape=(16,), zero_neighbor_targets=0
GRAB train batch 33: pair_ids shape=(16,), range=5..7975, coefficients shape=(16, 2), sample_weights shape=(16,), zero_neighbor_targets=0
GRAB train batch 34: pair_ids shape=(16,), range=280..7643, coefficients shape=(16, 2), sample_weights shape=(16,), zero_neighbor_targets=0
GRAB train batch 35: pair_ids shape=(16,), range=84..10237, coefficients shape=(16, 2), sample_weights shape=(16,), zero_neighbor_targets=0
GRAB train batch 36: pair_ids shape=(16,), range=180..10764, coefficients shape=(16, 2), sample_weights shape=(16,), zero_neighbor_targets=0
GRAB train batch 37: pair_ids shape=(16,), range=146..10259, coefficients shape=(16, 2), sample_weights shape=(16,), zero_neighbor_targets=0
GRAB train batch 38: pair_ids shape=(16,), range=7..8521, coefficients shape=(16, 2), sample_weights shape=(16,), zero_neighbor_targets=0
GRAB train batch 39: pair_ids shape=(16,), range=20..9887, coefficients shape=(16, 2), sample_weights shape=(16,), zero_neighbor_targets=0
GRAB train batch 40: pair_ids shape=(16,), range=39..10411, coefficients shape=(16, 2), sample_weights shape=(16,), zero_neighbor_targets=0
GRAB train batch 41: pair_ids shape=(16,), range=42..10248, coefficients shape=(16, 2), sample_weights shape=(16,), zero_neighbor_targets=0
GRAB train batch 42: pair_ids shape=(16,), range=57..7867, coefficients shape=(16, 2), sample_weights shape=(16,), zero_neighbor_targets=0
GRAB train batch 43: pair_ids shape=(16,), range=47..10994, coefficients shape=(16, 2), sample_weights shape=(16,), zero_neighbor_targets=0
GRAB train batch 44: pair_ids shape=(16,), range=63..10935, coefficients shape=(16, 2), sample_weights shape=(16,), zero_neighbor_targets=0
GRAB train batch 45: pair_ids shape=(16,), range=9..9913, coefficients shape=(16, 2), sample_weights shape=(16,), zero_neighbor_targets=0
GRAB train batch 46: pair_ids shape=(16,), range=104..10502, coefficients shape=(16, 2), sample_weights shape=(16,), zero_neighbor_targets=0
GRAB train batch 47: pair_ids shape=(16,), range=18..8951, coefficients shape=(16, 2), sample_weights shape=(16,), zero_neighbor_targets=0
GRAB train batch 48: pair_ids shape=(16,), range=10..10331, coefficients shape=(16, 2), sample_weights shape=(16,), zero_neighbor_targets=0
GRAB train batch 49: pair_ids shape=(16,), range=65..5865, coefficients shape=(16, 2), sample_weights shape=(16,), zero_neighbor_targets=0
GRAB train batch 50: pair_ids shape=(16,), range=469..9739, coefficients shape=(16, 2), sample_weights shape=(16,), zero_neighbor_targets=0
GRAB train batch 51: pair_ids shape=(16,), range=23..10312, coefficients shape=(16, 2), sample_weights shape=(16,), zero_neighbor_targets=0
GRAB train batch 52: pair_ids shape=(16,), range=37..9698, coefficients shape=(16, 2), sample_weights shape=(16,), zero_neighbor_targets=0
GRAB train batch 53: pair_ids shape=(16,), range=54..10836, coefficients shape=(16, 2), sample_weights shape=(16,), zero_neighbor_targets=0
GRAB train batch 54: pair_ids shape=(16,), range=27..10988, coefficients shape=(16, 2), sample_weights shape=(16,), zero_neighbor_targets=0
GRAB train batch 55: pair_ids shape=(16,), range=15..10471, coefficients shape=(16, 2), sample_weights shape=(16,), zero_neighbor_targets=0
GRAB train batch 56: pair_ids shape=(16,), range=162..10600, coefficients shape=(16, 2), sample_weights shape=(16,), zero_neighbor_targets=0
GRAB train batch 57: pair_ids shape=(16,), range=66..10537, coefficients shape=(16, 2), sample_weights shape=(16,), zero_neighbor_targets=0
GRAB train batch 58: pair_ids shape=(16,), range=74..8168, coefficients shape=(16, 2), sample_weights shape=(16,), zero_neighbor_targets=0
GRAB train batch 59: pair_ids shape=(16,), range=1..10984, coefficients shape=(16, 2), sample_weights shape=(16,), zero_neighbor_targets=0
GRAB train batch 60: pair_ids shape=(16,), range=87..8876, coefficients shape=(16, 2), sample_weights shape=(16,), zero_neighbor_targets=0
GRAB train batch 61: pair_ids shape=(16,), range=43..7522, coefficients shape=(16, 2), sample_weights shape=(16,), zero_neighbor_targets=0
GRAB train batch 62: pair_ids shape=(16,), range=96..8157, coefficients shape=(16, 2), sample_weights shape=(16,), zero_neighbor_targets=0
GRAB train batch 63: pair_ids shape=(16,), range=40..10800, coefficients shape=(16, 2), sample_weights shape=(16,), zero_neighbor_targets=0
GRAB train batch 64: pair_ids shape=(16,), range=171..10462, coefficients shape=(16, 2), sample_weights shape=(16,), zero_neighbor_targets=0
GRAB train batch 65: pair_ids shape=(16,), range=3..7510, coefficients shape=(16, 2), sample_weights shape=(16,), zero_neighbor_targets=0
GRAB train batch 66: pair_ids shape=(16,), range=112..10205, coefficients shape=(16, 2), sample_weights shape=(16,), zero_neighbor_targets=0
GRAB train batch 67: pair_ids shape=(16,), range=115..10742, coefficients shape=(16, 2), sample_weights shape=(16,), zero_neighbor_targets=0
GRAB train batch 68: pair_ids shape=(16,), range=95..10374, coefficients shape=(16, 2), sample_weights shape=(16,), zero_neighbor_targets=0
GRAB train batch 69: pair_ids shape=(16,), range=38..10662, coefficients shape=(16, 2), sample_weights shape=(16,), zero_neighbor_targets=0
GRAB train batch 70: pair_ids shape=(16,), range=6..10225, coefficients shape=(16, 2), sample_weights shape=(16,), zero_neighbor_targets=0
GRAB train batch 71: pair_ids shape=(16,), range=16..10522, coefficients shape=(16, 2), sample_weights shape=(16,), zero_neighbor_targets=0
GRAB train batch 72: pair_ids shape=(16,), range=117..6388, coefficients shape=(16, 2), sample_weights shape=(16,), zero_neighbor_targets=0
GRAB train batch 73: pair_ids shape=(16,), range=49..10728, coefficients shape=(16, 2), sample_weights shape=(16,), zero_neighbor_targets=0
GRAB train batch 74: pair_ids shape=(16,), range=33..6846, coefficients shape=(16, 2), sample_weights shape=(16,), zero_neighbor_targets=0
GRAB train batch 75: pair_ids shape=(16,), range=24..8903, coefficients shape=(16, 2), sample_weights shape=(16,), zero_neighbor_targets=0
GRAB train batch 76: pair_ids shape=(16,), range=53..10473, coefficients shape=(16, 2), sample_weights shape=(16,), zero_neighbor_targets=0
GRAB train batch 77: pair_ids shape=(12,), range=149..10811, coefficients shape=(12, 2), sample_weights shape=(12,), zero_neighbor_targets=0
VALIDATION
valid epoch balanced_accuracy: 0.519397
EPOCH 22:
GRAB train batch 1: pair_ids shape=(16,), range=135..7448, coefficients shape=(16, 2), sample_weights shape=(16,), zero_neighbor_targets=0
GRAB train batch 2: pair_ids shape=(16,), range=30..8363, coefficients shape=(16, 2), sample_weights shape=(16,), zero_neighbor_targets=0
GRAB train batch 3: pair_ids shape=(16,), range=15..10299, coefficients shape=(16, 2), sample_weights shape=(16,), zero_neighbor_targets=0
GRAB train batch 4: pair_ids shape=(16,), range=18..7200, coefficients shape=(16, 2), sample_weights shape=(16,), zero_neighbor_targets=0
GRAB train batch 5: pair_ids shape=(16,), range=27..10522, coefficients shape=(16, 2), sample_weights shape=(16,), zero_neighbor_targets=0
GRAB train batch 6: pair_ids shape=(16,), range=22..8310, coefficients shape=(16, 2), sample_weights shape=(16,), zero_neighbor_targets=0
GRAB train batch 7: pair_ids shape=(16,), range=288..10742, coefficients shape=(16, 2), sample_weights shape=(16,), zero_neighbor_targets=0
GRAB train batch 8: pair_ids shape=(16,), range=58..7894, coefficients shape=(16, 2), sample_weights shape=(16,), zero_neighbor_targets=0
GRAB train batch 9: pair_ids shape=(16,), range=75..10994, coefficients shape=(16, 2), sample_weights shape=(16,), zero_neighbor_targets=0
GRAB train batch 10: pair_ids shape=(16,), range=33..7583, coefficients shape=(16, 2), sample_weights shape=(16,), zero_neighbor_targets=0
GRAB train batch 11: pair_ids shape=(16,), range=40..10248, coefficients shape=(16, 2), sample_weights shape=(16,), zero_neighbor_targets=0
GRAB train batch 12: pair_ids shape=(16,), range=109..10988, coefficients shape=(16, 2), sample_weights shape=(16,), zero_neighbor_targets=0
GRAB train batch 13: pair_ids shape=(16,), range=23..6124, coefficients shape=(16, 2), sample_weights shape=(16,), zero_neighbor_targets=0
GRAB train batch 14: pair_ids shape=(16,), range=6..9956, coefficients shape=(16, 2), sample_weights shape=(16,), zero_neighbor_targets=0
GRAB train batch 15: pair_ids shape=(16,), range=38..10453, coefficients shape=(16, 2), sample_weights shape=(16,), zero_neighbor_targets=0
GRAB train batch 16: pair_ids shape=(16,), range=62..10027, coefficients shape=(16, 2), sample_weights shape=(16,), zero_neighbor_targets=0
GRAB train batch 17: pair_ids shape=(16,), range=36..6499, coefficients shape=(16, 2), sample_weights shape=(16,), zero_neighbor_targets=0
GRAB train batch 18: pair_ids shape=(16,), range=5..10772, coefficients shape=(16, 2), sample_weights shape=(16,), zero_neighbor_targets=0
GRAB train batch 19: pair_ids shape=(16,), range=115..10795, coefficients shape=(16, 2), sample_weights shape=(16,), zero_neighbor_targets=0
GRAB train batch 20: pair_ids shape=(16,), range=42..7607, coefficients shape=(16, 2), sample_weights shape=(16,), zero_neighbor_targets=0
GRAB train batch 21: pair_ids shape=(16,), range=13..7216, coefficients shape=(16, 2), sample_weights shape=(16,), zero_neighbor_targets=0
GRAB train batch 22: pair_ids shape=(16,), range=292..10627, coefficients shape=(16, 2), sample_weights shape=(16,), zero_neighbor_targets=0
GRAB train batch 23: pair_ids shape=(16,), range=2..10728, coefficients shape=(16, 2), sample_weights shape=(16,), zero_neighbor_targets=0
GRAB train batch 24: pair_ids shape=(16,), range=43..8579, coefficients shape=(16, 2), sample_weights shape=(16,), zero_neighbor_targets=0
GRAB train batch 25: pair_ids shape=(16,), range=7..10396, coefficients shape=(16, 2), sample_weights shape=(16,), zero_neighbor_targets=0
GRAB train batch 26: pair_ids shape=(16,), range=116..8729, coefficients shape=(16, 2), sample_weights shape=(16,), zero_neighbor_targets=0
GRAB train batch 27: pair_ids shape=(16,), range=69..10502, coefficients shape=(16, 2), sample_weights shape=(16,), zero_neighbor_targets=0
GRAB train batch 28: pair_ids shape=(16,), range=104..9818, coefficients shape=(16, 2), sample_weights shape=(16,), zero_neighbor_targets=0
GRAB train batch 29: pair_ids shape=(16,), range=155..10851, coefficients shape=(16, 2), sample_weights shape=(16,), zero_neighbor_targets=0
GRAB train batch 30: pair_ids shape=(16,), range=88..10537, coefficients shape=(16, 2), sample_weights shape=(16,), zero_neighbor_targets=0
GRAB train batch 31: pair_ids shape=(16,), range=1..8224, coefficients shape=(16, 2), sample_weights shape=(16,), zero_neighbor_targets=0
GRAB train batch 32: pair_ids shape=(16,), range=53..10524, coefficients shape=(16, 2), sample_weights shape=(16,), zero_neighbor_targets=0
GRAB train batch 33: pair_ids shape=(16,), range=31..8279, coefficients shape=(16, 2), sample_weights shape=(16,), zero_neighbor_targets=0
GRAB train batch 34: pair_ids shape=(16,), range=71..10471, coefficients shape=(16, 2), sample_weights shape=(16,), zero_neighbor_targets=0
GRAB train batch 35: pair_ids shape=(16,), range=4..8668, coefficients shape=(16, 2), sample_weights shape=(16,), zero_neighbor_targets=0
GRAB train batch 36: pair_ids shape=(16,), range=74..8373, coefficients shape=(16, 2), sample_weights shape=(16,), zero_neighbor_targets=0
GRAB train batch 37: pair_ids shape=(16,), range=208..10277, coefficients shape=(16, 2), sample_weights shape=(16,), zero_neighbor_targets=0
GRAB train batch 38: pair_ids shape=(16,), range=154..10435, coefficients shape=(16, 2), sample_weights shape=(16,), zero_neighbor_targets=0
GRAB train batch 39: pair_ids shape=(16,), range=10..9704, coefficients shape=(16, 2), sample_weights shape=(16,), zero_neighbor_targets=0
GRAB train batch 40: pair_ids shape=(16,), range=82..10462, coefficients shape=(16, 2), sample_weights shape=(16,), zero_neighbor_targets=0
GRAB train batch 41: pair_ids shape=(16,), range=119..10237, coefficients shape=(16, 2), sample_weights shape=(16,), zero_neighbor_targets=0
GRAB train batch 42: pair_ids shape=(16,), range=160..10987, coefficients shape=(16, 2), sample_weights shape=(16,), zero_neighbor_targets=0
GRAB train batch 43: pair_ids shape=(16,), range=8..10222, coefficients shape=(16, 2), sample_weights shape=(16,), zero_neighbor_targets=0
GRAB train batch 44: pair_ids shape=(16,), range=20..9696, coefficients shape=(16, 2), sample_weights shape=(16,), zero_neighbor_targets=0
GRAB train batch 45: pair_ids shape=(16,), range=9..10764, coefficients shape=(16, 2), sample_weights shape=(16,), zero_neighbor_targets=0
GRAB train batch 46: pair_ids shape=(16,), range=56..9914, coefficients shape=(16, 2), sample_weights shape=(16,), zero_neighbor_targets=0
GRAB train batch 47: pair_ids shape=(16,), range=126..7867, coefficients shape=(16, 2), sample_weights shape=(16,), zero_neighbor_targets=0
GRAB train batch 48: pair_ids shape=(16,), range=204..10331, coefficients shape=(16, 2), sample_weights shape=(16,), zero_neighbor_targets=0
GRAB train batch 49: pair_ids shape=(16,), range=19..10447, coefficients shape=(16, 2), sample_weights shape=(16,), zero_neighbor_targets=0
GRAB train batch 50: pair_ids shape=(16,), range=76..8510, coefficients shape=(16, 2), sample_weights shape=(16,), zero_neighbor_targets=0
GRAB train batch 51: pair_ids shape=(16,), range=16..7785, coefficients shape=(16, 2), sample_weights shape=(16,), zero_neighbor_targets=0
GRAB train batch 52: pair_ids shape=(16,), range=41..9739, coefficients shape=(16, 2), sample_weights shape=(16,), zero_neighbor_targets=0
GRAB train batch 53: pair_ids shape=(16,), range=37..10662, coefficients shape=(16, 2), sample_weights shape=(16,), zero_neighbor_targets=0
GRAB train batch 54: pair_ids shape=(16,), range=14..6182, coefficients shape=(16, 2), sample_weights shape=(16,), zero_neighbor_targets=0
GRAB train batch 55: pair_ids shape=(16,), range=111..9892, coefficients shape=(16, 2), sample_weights shape=(16,), zero_neighbor_targets=0
GRAB train batch 56: pair_ids shape=(16,), range=258..9822, coefficients shape=(16, 2), sample_weights shape=(16,), zero_neighbor_targets=0
GRAB train batch 57: pair_ids shape=(16,), range=182..8658, coefficients shape=(16, 2), sample_weights shape=(16,), zero_neighbor_targets=0
GRAB train batch 58: pair_ids shape=(16,), range=35..9546, coefficients shape=(16, 2), sample_weights shape=(16,), zero_neighbor_targets=0
GRAB train batch 59: pair_ids shape=(16,), range=55..10600, coefficients shape=(16, 2), sample_weights shape=(16,), zero_neighbor_targets=0
GRAB train batch 60: pair_ids shape=(16,), range=167..10935, coefficients shape=(16, 2), sample_weights shape=(16,), zero_neighbor_targets=0
GRAB train batch 61: pair_ids shape=(16,), range=79..9913, coefficients shape=(16, 2), sample_weights shape=(16,), zero_neighbor_targets=0
GRAB train batch 62: pair_ids shape=(16,), range=68..10009, coefficients shape=(16, 2), sample_weights shape=(16,), zero_neighbor_targets=0
GRAB train batch 63: pair_ids shape=(16,), range=77..10500, coefficients shape=(16, 2), sample_weights shape=(16,), zero_neighbor_targets=0
GRAB train batch 64: pair_ids shape=(16,), range=28..9622, coefficients shape=(16, 2), sample_weights shape=(16,), zero_neighbor_targets=0
GRAB train batch 65: pair_ids shape=(16,), range=64..10984, coefficients shape=(16, 2), sample_weights shape=(16,), zero_neighbor_targets=0
GRAB train batch 66: pair_ids shape=(16,), range=0..10384, coefficients shape=(16, 2), sample_weights shape=(16,), zero_neighbor_targets=0
GRAB train batch 67: pair_ids shape=(16,), range=21..10811, coefficients shape=(16, 2), sample_weights shape=(16,), zero_neighbor_targets=0
GRAB train batch 68: pair_ids shape=(16,), range=26..10850, coefficients shape=(16, 2), sample_weights shape=(16,), zero_neighbor_targets=0
GRAB train batch 69: pair_ids shape=(16,), range=113..10590, coefficients shape=(16, 2), sample_weights shape=(16,), zero_neighbor_targets=0
GRAB train batch 70: pair_ids shape=(16,), range=120..10891, coefficients shape=(16, 2), sample_weights shape=(16,), zero_neighbor_targets=0
GRAB train batch 71: pair_ids shape=(16,), range=3..5339, coefficients shape=(16, 2), sample_weights shape=(16,), zero_neighbor_targets=0
GRAB train batch 72: pair_ids shape=(16,), range=175..10398, coefficients shape=(16, 2), sample_weights shape=(16,), zero_neighbor_targets=0
GRAB train batch 73: pair_ids shape=(16,), range=24..10170, coefficients shape=(16, 2), sample_weights shape=(16,), zero_neighbor_targets=0
GRAB train batch 74: pair_ids shape=(16,), range=12..8841, coefficients shape=(16, 2), sample_weights shape=(16,), zero_neighbor_targets=0
GRAB train batch 75: pair_ids shape=(16,), range=61..10817, coefficients shape=(16, 2), sample_weights shape=(16,), zero_neighbor_targets=0
GRAB train batch 76: pair_ids shape=(16,), range=81..9840, coefficients shape=(16, 2), sample_weights shape=(16,), zero_neighbor_targets=0
GRAB train batch 77: pair_ids shape=(12,), range=48..10475, coefficients shape=(12, 2), sample_weights shape=(12,), zero_neighbor_targets=0
VALIDATION
valid epoch balanced_accuracy: 0.533046
EPOCH 23:
GRAB train batch 1: pair_ids shape=(16,), range=25..10404, coefficients shape=(16, 2), sample_weights shape=(16,), zero_neighbor_targets=0
GRAB train batch 2: pair_ids shape=(16,), range=8..10500, coefficients shape=(16, 2), sample_weights shape=(16,), zero_neighbor_targets=0
GRAB train batch 3: pair_ids shape=(16,), range=87..6307, coefficients shape=(16, 2), sample_weights shape=(16,), zero_neighbor_targets=0
GRAB train batch 4: pair_ids shape=(16,), range=193..10299, coefficients shape=(16, 2), sample_weights shape=(16,), zero_neighbor_targets=0
GRAB train batch 5: pair_ids shape=(16,), range=52..10462, coefficients shape=(16, 2), sample_weights shape=(16,), zero_neighbor_targets=0
GRAB train batch 6: pair_ids shape=(16,), range=60..10264, coefficients shape=(16, 2), sample_weights shape=(16,), zero_neighbor_targets=0
GRAB train batch 7: pair_ids shape=(16,), range=181..8729, coefficients shape=(16, 2), sample_weights shape=(16,), zero_neighbor_targets=0
GRAB train batch 8: pair_ids shape=(16,), range=86..7405, coefficients shape=(16, 2), sample_weights shape=(16,), zero_neighbor_targets=0
GRAB train batch 9: pair_ids shape=(16,), range=47..9887, coefficients shape=(16, 2), sample_weights shape=(16,), zero_neighbor_targets=0
GRAB train batch 10: pair_ids shape=(16,), range=48..9795, coefficients shape=(16, 2), sample_weights shape=(16,), zero_neighbor_targets=0
GRAB train batch 11: pair_ids shape=(16,), range=125..8841, coefficients shape=(16, 2), sample_weights shape=(16,), zero_neighbor_targets=0
GRAB train batch 12: pair_ids shape=(16,), range=112..10988, coefficients shape=(16, 2), sample_weights shape=(16,), zero_neighbor_targets=0
GRAB train batch 13: pair_ids shape=(16,), range=33..10627, coefficients shape=(16, 2), sample_weights shape=(16,), zero_neighbor_targets=0
GRAB train batch 14: pair_ids shape=(16,), range=70..10935, coefficients shape=(16, 2), sample_weights shape=(16,), zero_neighbor_targets=0
GRAB train batch 15: pair_ids shape=(16,), range=50..10600, coefficients shape=(16, 2), sample_weights shape=(16,), zero_neighbor_targets=0
GRAB train batch 16: pair_ids shape=(16,), range=20..10205, coefficients shape=(16, 2), sample_weights shape=(16,), zero_neighbor_targets=0
GRAB train batch 17: pair_ids shape=(16,), range=81..8670, coefficients shape=(16, 2), sample_weights shape=(16,), zero_neighbor_targets=0
GRAB train batch 18: pair_ids shape=(16,), range=32..7456, coefficients shape=(16, 2), sample_weights shape=(16,), zero_neighbor_targets=0
GRAB train batch 19: pair_ids shape=(16,), range=175..10522, coefficients shape=(16, 2), sample_weights shape=(16,), zero_neighbor_targets=0
GRAB train batch 20: pair_ids shape=(16,), range=27..7979, coefficients shape=(16, 2), sample_weights shape=(16,), zero_neighbor_targets=0
GRAB train batch 21: pair_ids shape=(16,), range=104..6812, coefficients shape=(16, 2), sample_weights shape=(16,), zero_neighbor_targets=0
GRAB train batch 22: pair_ids shape=(16,), range=177..7923, coefficients shape=(16, 2), sample_weights shape=(16,), zero_neighbor_targets=0
GRAB train batch 23: pair_ids shape=(16,), range=35..9696, coefficients shape=(16, 2), sample_weights shape=(16,), zero_neighbor_targets=0
GRAB train batch 24: pair_ids shape=(16,), range=67..10384, coefficients shape=(16, 2), sample_weights shape=(16,), zero_neighbor_targets=0
GRAB train batch 25: pair_ids shape=(16,), range=56..6246, coefficients shape=(16, 2), sample_weights shape=(16,), zero_neighbor_targets=0
GRAB train batch 26: pair_ids shape=(16,), range=59..8745, coefficients shape=(16, 2), sample_weights shape=(16,), zero_neighbor_targets=0
GRAB train batch 27: pair_ids shape=(16,), range=71..10851, coefficients shape=(16, 2), sample_weights shape=(16,), zero_neighbor_targets=0
GRAB train batch 28: pair_ids shape=(16,), range=29..8658, coefficients shape=(16, 2), sample_weights shape=(16,), zero_neighbor_targets=0
GRAB train batch 29: pair_ids shape=(16,), range=11..10360, coefficients shape=(16, 2), sample_weights shape=(16,), zero_neighbor_targets=0
GRAB train batch 30: pair_ids shape=(16,), range=79..8668, coefficients shape=(16, 2), sample_weights shape=(16,), zero_neighbor_targets=0
GRAB train batch 31: pair_ids shape=(16,), range=38..10984, coefficients shape=(16, 2), sample_weights shape=(16,), zero_neighbor_targets=0
GRAB train batch 32: pair_ids shape=(16,), range=57..10502, coefficients shape=(16, 2), sample_weights shape=(16,), zero_neighbor_targets=0
GRAB train batch 33: pair_ids shape=(16,), range=34..10537, coefficients shape=(16, 2), sample_weights shape=(16,), zero_neighbor_targets=0
GRAB train batch 34: pair_ids shape=(16,), range=13..10259, coefficients shape=(16, 2), sample_weights shape=(16,), zero_neighbor_targets=0
GRAB train batch 35: pair_ids shape=(16,), range=15..9608, coefficients shape=(16, 2), sample_weights shape=(16,), zero_neighbor_targets=0
GRAB train batch 36: pair_ids shape=(16,), range=207..8731, coefficients shape=(16, 2), sample_weights shape=(16,), zero_neighbor_targets=0
GRAB train batch 37: pair_ids shape=(16,), range=31..10312, coefficients shape=(16, 2), sample_weights shape=(16,), zero_neighbor_targets=0
GRAB train batch 38: pair_ids shape=(16,), range=73..10277, coefficients shape=(16, 2), sample_weights shape=(16,), zero_neighbor_targets=0
GRAB train batch 39: pair_ids shape=(16,), range=40..10772, coefficients shape=(16, 2), sample_weights shape=(16,), zero_neighbor_targets=0
GRAB train batch 40: pair_ids shape=(16,), range=5..9622, coefficients shape=(16, 2), sample_weights shape=(16,), zero_neighbor_targets=0
GRAB train batch 41: pair_ids shape=(16,), range=21..9704, coefficients shape=(16, 2), sample_weights shape=(16,), zero_neighbor_targets=0
GRAB train batch 42: pair_ids shape=(16,), range=222..10453, coefficients shape=(16, 2), sample_weights shape=(16,), zero_neighbor_targets=0
GRAB train batch 43: pair_ids shape=(16,), range=161..10447, coefficients shape=(16, 2), sample_weights shape=(16,), zero_neighbor_targets=0
GRAB train batch 44: pair_ids shape=(16,), range=63..9840, coefficients shape=(16, 2), sample_weights shape=(16,), zero_neighbor_targets=0
GRAB train batch 45: pair_ids shape=(16,), range=4..7284, coefficients shape=(16, 2), sample_weights shape=(16,), zero_neighbor_targets=0
GRAB train batch 46: pair_ids shape=(16,), range=10..7286, coefficients shape=(16, 2), sample_weights shape=(16,), zero_neighbor_targets=0
GRAB train batch 47: pair_ids shape=(16,), range=179..10836, coefficients shape=(16, 2), sample_weights shape=(16,), zero_neighbor_targets=0
GRAB train batch 48: pair_ids shape=(16,), range=9..10811, coefficients shape=(16, 2), sample_weights shape=(16,), zero_neighbor_targets=0
GRAB train batch 49: pair_ids shape=(16,), range=110..10742, coefficients shape=(16, 2), sample_weights shape=(16,), zero_neighbor_targets=0
GRAB train batch 50: pair_ids shape=(16,), range=134..7346, coefficients shape=(16, 2), sample_weights shape=(16,), zero_neighbor_targets=0
GRAB train batch 51: pair_ids shape=(16,), range=281..7879, coefficients shape=(16, 2), sample_weights shape=(16,), zero_neighbor_targets=0
GRAB train batch 52: pair_ids shape=(16,), range=253..10728, coefficients shape=(16, 2), sample_weights shape=(16,), zero_neighbor_targets=0
GRAB train batch 53: pair_ids shape=(16,), range=94..10396, coefficients shape=(16, 2), sample_weights shape=(16,), zero_neighbor_targets=0
GRAB train batch 54: pair_ids shape=(16,), range=12..10817, coefficients shape=(16, 2), sample_weights shape=(16,), zero_neighbor_targets=0
GRAB train batch 55: pair_ids shape=(16,), range=36..9598, coefficients shape=(16, 2), sample_weights shape=(16,), zero_neighbor_targets=0
GRAB train batch 56: pair_ids shape=(16,), range=66..10374, coefficients shape=(16, 2), sample_weights shape=(16,), zero_neighbor_targets=0
GRAB train batch 57: pair_ids shape=(16,), range=2..10662, coefficients shape=(16, 2), sample_weights shape=(16,), zero_neighbor_targets=0
GRAB train batch 58: pair_ids shape=(16,), range=44..8903, coefficients shape=(16, 2), sample_weights shape=(16,), zero_neighbor_targets=0
GRAB train batch 59: pair_ids shape=(16,), range=24..7411, coefficients shape=(16, 2), sample_weights shape=(16,), zero_neighbor_targets=0
GRAB train batch 60: pair_ids shape=(16,), range=120..10227, coefficients shape=(16, 2), sample_weights shape=(16,), zero_neighbor_targets=0
GRAB train batch 61: pair_ids shape=(16,), range=85..8876, coefficients shape=(16, 2), sample_weights shape=(16,), zero_neighbor_targets=0
GRAB train batch 62: pair_ids shape=(16,), range=84..10891, coefficients shape=(16, 2), sample_weights shape=(16,), zero_neighbor_targets=0
GRAB train batch 63: pair_ids shape=(16,), range=18..10994, coefficients shape=(16, 2), sample_weights shape=(16,), zero_neighbor_targets=0
GRAB train batch 64: pair_ids shape=(16,), range=3..8911, coefficients shape=(16, 2), sample_weights shape=(16,), zero_neighbor_targets=0
GRAB train batch 65: pair_ids shape=(16,), range=1..9956, coefficients shape=(16, 2), sample_weights shape=(16,), zero_neighbor_targets=0
GRAB train batch 66: pair_ids shape=(16,), range=95..10590, coefficients shape=(16, 2), sample_weights shape=(16,), zero_neighbor_targets=0
GRAB train batch 67: pair_ids shape=(16,), range=17..10850, coefficients shape=(16, 2), sample_weights shape=(16,), zero_neighbor_targets=0
GRAB train batch 68: pair_ids shape=(16,), range=0..9822, coefficients shape=(16, 2), sample_weights shape=(16,), zero_neighbor_targets=0
GRAB train batch 69: pair_ids shape=(16,), range=108..8579, coefficients shape=(16, 2), sample_weights shape=(16,), zero_neighbor_targets=0
GRAB train batch 70: pair_ids shape=(16,), range=80..10795, coefficients shape=(16, 2), sample_weights shape=(16,), zero_neighbor_targets=0
GRAB train batch 71: pair_ids shape=(16,), range=14..6569, coefficients shape=(16, 2), sample_weights shape=(16,), zero_neighbor_targets=0
GRAB train batch 72: pair_ids shape=(16,), range=82..10685, coefficients shape=(16, 2), sample_weights shape=(16,), zero_neighbor_targets=0
GRAB train batch 73: pair_ids shape=(16,), range=107..7913, coefficients shape=(16, 2), sample_weights shape=(16,), zero_neighbor_targets=0
GRAB train batch 74: pair_ids shape=(16,), range=92..10411, coefficients shape=(16, 2), sample_weights shape=(16,), zero_neighbor_targets=0
GRAB train batch 75: pair_ids shape=(16,), range=28..10524, coefficients shape=(16, 2), sample_weights shape=(16,), zero_neighbor_targets=0
GRAB train batch 76: pair_ids shape=(16,), range=148..10987, coefficients shape=(16, 2), sample_weights shape=(16,), zero_neighbor_targets=0
GRAB train batch 77: pair_ids shape=(12,), range=64..10435, coefficients shape=(12, 2), sample_weights shape=(12,), zero_neighbor_targets=0
VALIDATION
valid epoch balanced_accuracy: 0.519397
EPOCH 24:
GRAB train batch 1: pair_ids shape=(16,), range=9..7921, coefficients shape=(16, 2), sample_weights shape=(16,), zero_neighbor_targets=0
GRAB train batch 2: pair_ids shape=(16,), range=208..10836, coefficients shape=(16, 2), sample_weights shape=(16,), zero_neighbor_targets=0
GRAB train batch 3: pair_ids shape=(16,), range=17..7979, coefficients shape=(16, 2), sample_weights shape=(16,), zero_neighbor_targets=0
GRAB train batch 4: pair_ids shape=(16,), range=200..8001, coefficients shape=(16, 2), sample_weights shape=(16,), zero_neighbor_targets=0
GRAB train batch 5: pair_ids shape=(16,), range=30..7536, coefficients shape=(16, 2), sample_weights shape=(16,), zero_neighbor_targets=0
GRAB train batch 6: pair_ids shape=(16,), range=24..10891, coefficients shape=(16, 2), sample_weights shape=(16,), zero_neighbor_targets=0
GRAB train batch 7: pair_ids shape=(16,), range=81..7643, coefficients shape=(16, 2), sample_weights shape=(16,), zero_neighbor_targets=0
GRAB train batch 8: pair_ids shape=(16,), range=60..7987, coefficients shape=(16, 2), sample_weights shape=(16,), zero_neighbor_targets=0
GRAB train batch 9: pair_ids shape=(16,), range=108..6182, coefficients shape=(16, 2), sample_weights shape=(16,), zero_neighbor_targets=0
GRAB train batch 10: pair_ids shape=(16,), range=2..10537, coefficients shape=(16, 2), sample_weights shape=(16,), zero_neighbor_targets=0
GRAB train batch 11: pair_ids shape=(16,), range=12..10259, coefficients shape=(16, 2), sample_weights shape=(16,), zero_neighbor_targets=0
GRAB train batch 12: pair_ids shape=(16,), range=270..10728, coefficients shape=(16, 2), sample_weights shape=(16,), zero_neighbor_targets=0
GRAB train batch 13: pair_ids shape=(16,), range=75..8915, coefficients shape=(16, 2), sample_weights shape=(16,), zero_neighbor_targets=0
GRAB train batch 14: pair_ids shape=(16,), range=89..10248, coefficients shape=(16, 2), sample_weights shape=(16,), zero_neighbor_targets=0
GRAB train batch 15: pair_ids shape=(16,), range=123..9937, coefficients shape=(16, 2), sample_weights shape=(16,), zero_neighbor_targets=0
GRAB train batch 16: pair_ids shape=(16,), range=18..10988, coefficients shape=(16, 2), sample_weights shape=(16,), zero_neighbor_targets=0
GRAB train batch 17: pair_ids shape=(16,), range=78..7278, coefficients shape=(16, 2), sample_weights shape=(16,), zero_neighbor_targets=0
GRAB train batch 18: pair_ids shape=(16,), range=101..10453, coefficients shape=(16, 2), sample_weights shape=(16,), zero_neighbor_targets=0
GRAB train batch 19: pair_ids shape=(16,), range=74..10435, coefficients shape=(16, 2), sample_weights shape=(16,), zero_neighbor_targets=0
GRAB train batch 20: pair_ids shape=(16,), range=20..10590, coefficients shape=(16, 2), sample_weights shape=(16,), zero_neighbor_targets=0
GRAB train batch 21: pair_ids shape=(16,), range=189..6230, coefficients shape=(16, 2), sample_weights shape=(16,), zero_neighbor_targets=0
GRAB train batch 22: pair_ids shape=(16,), range=23..10393, coefficients shape=(16, 2), sample_weights shape=(16,), zero_neighbor_targets=0
GRAB train batch 23: pair_ids shape=(16,), range=10..3527, coefficients shape=(16, 2), sample_weights shape=(16,), zero_neighbor_targets=0
GRAB train batch 24: pair_ids shape=(16,), range=6..7975, coefficients shape=(16, 2), sample_weights shape=(16,), zero_neighbor_targets=0
GRAB train batch 25: pair_ids shape=(16,), range=3..9995, coefficients shape=(16, 2), sample_weights shape=(16,), zero_neighbor_targets=0
GRAB train batch 26: pair_ids shape=(16,), range=264..10524, coefficients shape=(16, 2), sample_weights shape=(16,), zero_neighbor_targets=0
GRAB train batch 27: pair_ids shape=(16,), range=143..10850, coefficients shape=(16, 2), sample_weights shape=(16,), zero_neighbor_targets=0
GRAB train batch 28: pair_ids shape=(16,), range=96..10411, coefficients shape=(16, 2), sample_weights shape=(16,), zero_neighbor_targets=0
GRAB train batch 29: pair_ids shape=(16,), range=58..8671, coefficients shape=(16, 2), sample_weights shape=(16,), zero_neighbor_targets=0
GRAB train batch 30: pair_ids shape=(16,), range=8..8678, coefficients shape=(16, 2), sample_weights shape=(16,), zero_neighbor_targets=0
GRAB train batch 31: pair_ids shape=(16,), range=257..10662, coefficients shape=(16, 2), sample_weights shape=(16,), zero_neighbor_targets=0
GRAB train batch 32: pair_ids shape=(16,), range=1..10396, coefficients shape=(16, 2), sample_weights shape=(16,), zero_neighbor_targets=0
GRAB train batch 33: pair_ids shape=(16,), range=27..10994, coefficients shape=(16, 2), sample_weights shape=(16,), zero_neighbor_targets=0
GRAB train batch 34: pair_ids shape=(16,), range=153..5522, coefficients shape=(16, 2), sample_weights shape=(16,), zero_neighbor_targets=0
GRAB train batch 35: pair_ids shape=(16,), range=7..6605, coefficients shape=(16, 2), sample_weights shape=(16,), zero_neighbor_targets=0
GRAB train batch 36: pair_ids shape=(16,), range=21..10005, coefficients shape=(16, 2), sample_weights shape=(16,), zero_neighbor_targets=0
GRAB train batch 37: pair_ids shape=(16,), range=32..10772, coefficients shape=(16, 2), sample_weights shape=(16,), zero_neighbor_targets=0
GRAB train batch 38: pair_ids shape=(16,), range=162..10935, coefficients shape=(16, 2), sample_weights shape=(16,), zero_neighbor_targets=0
GRAB train batch 39: pair_ids shape=(16,), range=137..10473, coefficients shape=(16, 2), sample_weights shape=(16,), zero_neighbor_targets=0
GRAB train batch 40: pair_ids shape=(16,), range=42..7510, coefficients shape=(16, 2), sample_weights shape=(16,), zero_neighbor_targets=0
GRAB train batch 41: pair_ids shape=(16,), range=124..10817, coefficients shape=(16, 2), sample_weights shape=(16,), zero_neighbor_targets=0
GRAB train batch 42: pair_ids shape=(16,), range=106..10984, coefficients shape=(16, 2), sample_weights shape=(16,), zero_neighbor_targets=0
GRAB train batch 43: pair_ids shape=(16,), range=4..10360, coefficients shape=(16, 2), sample_weights shape=(16,), zero_neighbor_targets=0
GRAB train batch 44: pair_ids shape=(16,), range=121..5936, coefficients shape=(16, 2), sample_weights shape=(16,), zero_neighbor_targets=0
GRAB train batch 45: pair_ids shape=(16,), range=38..10502, coefficients shape=(16, 2), sample_weights shape=(16,), zero_neighbor_targets=0
GRAB train batch 46: pair_ids shape=(16,), range=122..10374, coefficients shape=(16, 2), sample_weights shape=(16,), zero_neighbor_targets=0
GRAB train batch 47: pair_ids shape=(16,), range=22..9795, coefficients shape=(16, 2), sample_weights shape=(16,), zero_neighbor_targets=0
GRAB train batch 48: pair_ids shape=(16,), range=68..10522, coefficients shape=(16, 2), sample_weights shape=(16,), zero_neighbor_targets=0
GRAB train batch 49: pair_ids shape=(16,), range=50..10800, coefficients shape=(16, 2), sample_weights shape=(16,), zero_neighbor_targets=0
GRAB train batch 50: pair_ids shape=(16,), range=28..10987, coefficients shape=(16, 2), sample_weights shape=(16,), zero_neighbor_targets=0
GRAB train batch 51: pair_ids shape=(16,), range=33..8373, coefficients shape=(16, 2), sample_weights shape=(16,), zero_neighbor_targets=0
GRAB train batch 52: pair_ids shape=(16,), range=351..10600, coefficients shape=(16, 2), sample_weights shape=(16,), zero_neighbor_targets=0
GRAB train batch 53: pair_ids shape=(16,), range=43..10264, coefficients shape=(16, 2), sample_weights shape=(16,), zero_neighbor_targets=0
GRAB train batch 54: pair_ids shape=(16,), range=72..10362, coefficients shape=(16, 2), sample_weights shape=(16,), zero_neighbor_targets=0
GRAB train batch 55: pair_ids shape=(16,), range=87..10404, coefficients shape=(16, 2), sample_weights shape=(16,), zero_neighbor_targets=0
GRAB train batch 56: pair_ids shape=(16,), range=57..10685, coefficients shape=(16, 2), sample_weights shape=(16,), zero_neighbor_targets=0
GRAB train batch 57: pair_ids shape=(16,), range=0..10795, coefficients shape=(16, 2), sample_weights shape=(16,), zero_neighbor_targets=0
GRAB train batch 58: pair_ids shape=(16,), range=73..7219, coefficients shape=(16, 2), sample_weights shape=(16,), zero_neighbor_targets=0
GRAB train batch 59: pair_ids shape=(16,), range=14..8858, coefficients shape=(16, 2), sample_weights shape=(16,), zero_neighbor_targets=0
GRAB train batch 60: pair_ids shape=(16,), range=11..8279, coefficients shape=(16, 2), sample_weights shape=(16,), zero_neighbor_targets=0
GRAB train batch 61: pair_ids shape=(16,), range=83..1259, coefficients shape=(16, 2), sample_weights shape=(16,), zero_neighbor_targets=0
GRAB train batch 62: pair_ids shape=(16,), range=156..10500, coefficients shape=(16, 2), sample_weights shape=(16,), zero_neighbor_targets=0
GRAB train batch 63: pair_ids shape=(16,), range=144..8233, coefficients shape=(16, 2), sample_weights shape=(16,), zero_neighbor_targets=0
GRAB train batch 64: pair_ids shape=(16,), range=77..9698, coefficients shape=(16, 2), sample_weights shape=(16,), zero_neighbor_targets=0
GRAB train batch 65: pair_ids shape=(16,), range=26..5539, coefficients shape=(16, 2), sample_weights shape=(16,), zero_neighbor_targets=0
GRAB train batch 66: pair_ids shape=(16,), range=37..10851, coefficients shape=(16, 2), sample_weights shape=(16,), zero_neighbor_targets=0
GRAB train batch 67: pair_ids shape=(16,), range=198..9608, coefficients shape=(16, 2), sample_weights shape=(16,), zero_neighbor_targets=0
GRAB train batch 68: pair_ids shape=(16,), range=54..10227, coefficients shape=(16, 2), sample_weights shape=(16,), zero_neighbor_targets=0
GRAB train batch 69: pair_ids shape=(16,), range=100..10764, coefficients shape=(16, 2), sample_weights shape=(16,), zero_neighbor_targets=0
GRAB train batch 70: pair_ids shape=(16,), range=84..8772, coefficients shape=(16, 2), sample_weights shape=(16,), zero_neighbor_targets=0
GRAB train batch 71: pair_ids shape=(16,), range=13..10475, coefficients shape=(16, 2), sample_weights shape=(16,), zero_neighbor_targets=0
GRAB train batch 72: pair_ids shape=(16,), range=67..9939, coefficients shape=(16, 2), sample_weights shape=(16,), zero_neighbor_targets=0
GRAB train batch 73: pair_ids shape=(16,), range=31..8903, coefficients shape=(16, 2), sample_weights shape=(16,), zero_neighbor_targets=0
GRAB train batch 74: pair_ids shape=(16,), range=16..7815, coefficients shape=(16, 2), sample_weights shape=(16,), zero_neighbor_targets=0
GRAB train batch 75: pair_ids shape=(16,), range=45..8731, coefficients shape=(16, 2), sample_weights shape=(16,), zero_neighbor_targets=0
GRAB train batch 76: pair_ids shape=(16,), range=119..10627, coefficients shape=(16, 2), sample_weights shape=(16,), zero_neighbor_targets=0
GRAB train batch 77: pair_ids shape=(12,), range=94..9739, coefficients shape=(12, 2), sample_weights shape=(12,), zero_neighbor_targets=0
VALIDATION
valid epoch balanced_accuracy: 0.626437
EPOCH 25:
GRAB train batch 1: pair_ids shape=(16,), range=173..10237, coefficients shape=(16, 2), sample_weights shape=(16,), zero_neighbor_targets=0
GRAB train batch 2: pair_ids shape=(16,), range=41..10524, coefficients shape=(16, 2), sample_weights shape=(16,), zero_neighbor_targets=0
GRAB train batch 3: pair_ids shape=(16,), range=122..9818, coefficients shape=(16, 2), sample_weights shape=(16,), zero_neighbor_targets=0
GRAB train batch 4: pair_ids shape=(16,), range=44..7456, coefficients shape=(16, 2), sample_weights shape=(16,), zero_neighbor_targets=0
GRAB train batch 5: pair_ids shape=(16,), range=284..7937, coefficients shape=(16, 2), sample_weights shape=(16,), zero_neighbor_targets=0
GRAB train batch 6: pair_ids shape=(16,), range=43..7643, coefficients shape=(16, 2), sample_weights shape=(16,), zero_neighbor_targets=0
GRAB train batch 7: pair_ids shape=(16,), range=12..7979, coefficients shape=(16, 2), sample_weights shape=(16,), zero_neighbor_targets=0
GRAB train batch 8: pair_ids shape=(16,), range=120..9704, coefficients shape=(16, 2), sample_weights shape=(16,), zero_neighbor_targets=0
GRAB train batch 9: pair_ids shape=(16,), range=24..8858, coefficients shape=(16, 2), sample_weights shape=(16,), zero_neighbor_targets=0
GRAB train batch 10: pair_ids shape=(16,), range=3..10662, coefficients shape=(16, 2), sample_weights shape=(16,), zero_neighbor_targets=0
GRAB train batch 11: pair_ids shape=(16,), range=83..8001, coefficients shape=(16, 2), sample_weights shape=(16,), zero_neighbor_targets=0
GRAB train batch 12: pair_ids shape=(16,), range=20..7284, coefficients shape=(16, 2), sample_weights shape=(16,), zero_neighbor_targets=0
GRAB train batch 13: pair_ids shape=(16,), range=19..10264, coefficients shape=(16, 2), sample_weights shape=(16,), zero_neighbor_targets=0
GRAB train batch 14: pair_ids shape=(16,), range=301..10685, coefficients shape=(16, 2), sample_weights shape=(16,), zero_neighbor_targets=0
GRAB train batch 15: pair_ids shape=(16,), range=123..10471, coefficients shape=(16, 2), sample_weights shape=(16,), zero_neighbor_targets=0
GRAB train batch 16: pair_ids shape=(16,), range=132..10728, coefficients shape=(16, 2), sample_weights shape=(16,), zero_neighbor_targets=0
GRAB train batch 17: pair_ids shape=(16,), range=8..10935, coefficients shape=(16, 2), sample_weights shape=(16,), zero_neighbor_targets=0
GRAB train batch 18: pair_ids shape=(16,), range=79..8772, coefficients shape=(16, 2), sample_weights shape=(16,), zero_neighbor_targets=0
GRAB train batch 19: pair_ids shape=(16,), range=7..8903, coefficients shape=(16, 2), sample_weights shape=(16,), zero_neighbor_targets=0
GRAB train batch 20: pair_ids shape=(16,), range=124..10362, coefficients shape=(16, 2), sample_weights shape=(16,), zero_neighbor_targets=0
GRAB train batch 21: pair_ids shape=(16,), range=115..9954, coefficients shape=(16, 2), sample_weights shape=(16,), zero_neighbor_targets=0
GRAB train batch 22: pair_ids shape=(16,), range=29..7867, coefficients shape=(16, 2), sample_weights shape=(16,), zero_neighbor_targets=0
GRAB train batch 23: pair_ids shape=(16,), range=15..8911, coefficients shape=(16, 2), sample_weights shape=(16,), zero_neighbor_targets=0
GRAB train batch 24: pair_ids shape=(16,), range=0..7942, coefficients shape=(16, 2), sample_weights shape=(16,), zero_neighbor_targets=0
GRAB train batch 25: pair_ids shape=(16,), range=50..10462, coefficients shape=(16, 2), sample_weights shape=(16,), zero_neighbor_targets=0
GRAB train batch 26: pair_ids shape=(16,), range=148..10817, coefficients shape=(16, 2), sample_weights shape=(16,), zero_neighbor_targets=0
GRAB train batch 27: pair_ids shape=(16,), range=23..7213, coefficients shape=(16, 2), sample_weights shape=(16,), zero_neighbor_targets=0
GRAB train batch 28: pair_ids shape=(16,), range=47..9608, coefficients shape=(16, 2), sample_weights shape=(16,), zero_neighbor_targets=0
GRAB train batch 29: pair_ids shape=(16,), range=48..10742, coefficients shape=(16, 2), sample_weights shape=(16,), zero_neighbor_targets=0
GRAB train batch 30: pair_ids shape=(16,), range=168..9739, coefficients shape=(16, 2), sample_weights shape=(16,), zero_neighbor_targets=0
GRAB train batch 31: pair_ids shape=(16,), range=129..10502, coefficients shape=(16, 2), sample_weights shape=(16,), zero_neighbor_targets=0
GRAB train batch 32: pair_ids shape=(16,), range=27..10590, coefficients shape=(16, 2), sample_weights shape=(16,), zero_neighbor_targets=0
GRAB train batch 33: pair_ids shape=(16,), range=201..10473, coefficients shape=(16, 2), sample_weights shape=(16,), zero_neighbor_targets=0
GRAB train batch 34: pair_ids shape=(16,), range=86..10360, coefficients shape=(16, 2), sample_weights shape=(16,), zero_neighbor_targets=0
GRAB train batch 35: pair_ids shape=(16,), range=6..10005, coefficients shape=(16, 2), sample_weights shape=(16,), zero_neighbor_targets=0
GRAB train batch 36: pair_ids shape=(16,), range=58..5967, coefficients shape=(16, 2), sample_weights shape=(16,), zero_neighbor_targets=0
GRAB train batch 37: pair_ids shape=(16,), range=1..10447, coefficients shape=(16, 2), sample_weights shape=(16,), zero_neighbor_targets=0
GRAB train batch 38: pair_ids shape=(16,), range=25..10522, coefficients shape=(16, 2), sample_weights shape=(16,), zero_neighbor_targets=0
GRAB train batch 39: pair_ids shape=(16,), range=21..8590, coefficients shape=(16, 2), sample_weights shape=(16,), zero_neighbor_targets=0
GRAB train batch 40: pair_ids shape=(16,), range=142..8658, coefficients shape=(16, 2), sample_weights shape=(16,), zero_neighbor_targets=0
GRAB train batch 41: pair_ids shape=(16,), range=10..7952, coefficients shape=(16, 2), sample_weights shape=(16,), zero_neighbor_targets=0
GRAB train batch 42: pair_ids shape=(16,), range=5..10850, coefficients shape=(16, 2), sample_weights shape=(16,), zero_neighbor_targets=0
GRAB train batch 43: pair_ids shape=(16,), range=31..8671, coefficients shape=(16, 2), sample_weights shape=(16,), zero_neighbor_targets=0
GRAB train batch 44: pair_ids shape=(16,), range=9..10411, coefficients shape=(16, 2), sample_weights shape=(16,), zero_neighbor_targets=0
GRAB train batch 45: pair_ids shape=(16,), range=51..9840, coefficients shape=(16, 2), sample_weights shape=(16,), zero_neighbor_targets=0
GRAB train batch 46: pair_ids shape=(16,), range=38..7607, coefficients shape=(16, 2), sample_weights shape=(16,), zero_neighbor_targets=0
GRAB train batch 47: pair_ids shape=(16,), range=40..10836, coefficients shape=(16, 2), sample_weights shape=(16,), zero_neighbor_targets=0
GRAB train batch 48: pair_ids shape=(16,), range=46..10800, coefficients shape=(16, 2), sample_weights shape=(16,), zero_neighbor_targets=0
GRAB train batch 49: pair_ids shape=(16,), range=81..10259, coefficients shape=(16, 2), sample_weights shape=(16,), zero_neighbor_targets=0
GRAB train batch 50: pair_ids shape=(16,), range=72..10811, coefficients shape=(16, 2), sample_weights shape=(16,), zero_neighbor_targets=0
GRAB train batch 51: pair_ids shape=(16,), range=42..10393, coefficients shape=(16, 2), sample_weights shape=(16,), zero_neighbor_targets=0
GRAB train batch 52: pair_ids shape=(16,), range=32..10374, coefficients shape=(16, 2), sample_weights shape=(16,), zero_neighbor_targets=0
GRAB train batch 53: pair_ids shape=(16,), range=14..9696, coefficients shape=(16, 2), sample_weights shape=(16,), zero_neighbor_targets=0
GRAB train batch 54: pair_ids shape=(16,), range=89..10994, coefficients shape=(16, 2), sample_weights shape=(16,), zero_neighbor_targets=0
GRAB train batch 55: pair_ids shape=(16,), range=61..10248, coefficients shape=(16, 2), sample_weights shape=(16,), zero_neighbor_targets=0
GRAB train batch 56: pair_ids shape=(16,), range=22..10404, coefficients shape=(16, 2), sample_weights shape=(16,), zero_neighbor_targets=0
GRAB train batch 57: pair_ids shape=(16,), range=33..8472, coefficients shape=(16, 2), sample_weights shape=(16,), zero_neighbor_targets=0
GRAB train batch 58: pair_ids shape=(16,), range=53..10627, coefficients shape=(16, 2), sample_weights shape=(16,), zero_neighbor_targets=0
GRAB train batch 59: pair_ids shape=(16,), range=18..8163, coefficients shape=(16, 2), sample_weights shape=(16,), zero_neighbor_targets=0
GRAB train batch 60: pair_ids shape=(16,), range=11..7975, coefficients shape=(16, 2), sample_weights shape=(16,), zero_neighbor_targets=0
GRAB train batch 61: pair_ids shape=(16,), range=118..9913, coefficients shape=(16, 2), sample_weights shape=(16,), zero_neighbor_targets=0
GRAB train batch 62: pair_ids shape=(16,), range=68..10795, coefficients shape=(16, 2), sample_weights shape=(16,), zero_neighbor_targets=0
GRAB train batch 63: pair_ids shape=(16,), range=16..7815, coefficients shape=(16, 2), sample_weights shape=(16,), zero_neighbor_targets=0
GRAB train batch 64: pair_ids shape=(16,), range=2..10299, coefficients shape=(16, 2), sample_weights shape=(16,), zero_neighbor_targets=0
GRAB train batch 65: pair_ids shape=(16,), range=30..10988, coefficients shape=(16, 2), sample_weights shape=(16,), zero_neighbor_targets=0
GRAB train batch 66: pair_ids shape=(16,), range=106..10987, coefficients shape=(16, 2), sample_weights shape=(16,), zero_neighbor_targets=0
GRAB train batch 67: pair_ids shape=(16,), range=4..10984, coefficients shape=(16, 2), sample_weights shape=(16,), zero_neighbor_targets=0
GRAB train batch 68: pair_ids shape=(16,), range=13..10205, coefficients shape=(16, 2), sample_weights shape=(16,), zero_neighbor_targets=0
GRAB train batch 69: pair_ids shape=(16,), range=57..10227, coefficients shape=(16, 2), sample_weights shape=(16,), zero_neighbor_targets=0
GRAB train batch 70: pair_ids shape=(16,), range=28..10384, coefficients shape=(16, 2), sample_weights shape=(16,), zero_neighbor_targets=0
GRAB train batch 71: pair_ids shape=(16,), range=141..10764, coefficients shape=(16, 2), sample_weights shape=(16,), zero_neighbor_targets=0
GRAB train batch 72: pair_ids shape=(16,), range=95..10331, coefficients shape=(16, 2), sample_weights shape=(16,), zero_neighbor_targets=0
GRAB train batch 73: pair_ids shape=(16,), range=84..9939, coefficients shape=(16, 2), sample_weights shape=(16,), zero_neighbor_targets=0
GRAB train batch 74: pair_ids shape=(16,), range=459..10891, coefficients shape=(16, 2), sample_weights shape=(16,), zero_neighbor_targets=0
GRAB train batch 75: pair_ids shape=(16,), range=87..9892, coefficients shape=(16, 2), sample_weights shape=(16,), zero_neighbor_targets=0
GRAB train batch 76: pair_ids shape=(16,), range=54..10500, coefficients shape=(16, 2), sample_weights shape=(16,), zero_neighbor_targets=0
GRAB train batch 77: pair_ids shape=(12,), range=133..7369, coefficients shape=(12, 2), sample_weights shape=(12,), zero_neighbor_targets=0
VALIDATION
valid epoch balanced_accuracy: 0.498563
EPOCH 26:
GRAB train batch 1: pair_ids shape=(16,), range=57..6569, coefficients shape=(16, 2), sample_weights shape=(16,), zero_neighbor_targets=0
GRAB train batch 2: pair_ids shape=(16,), range=79..9598, coefficients shape=(16, 2), sample_weights shape=(16,), zero_neighbor_targets=0
GRAB train batch 3: pair_ids shape=(16,), range=115..9840, coefficients shape=(16, 2), sample_weights shape=(16,), zero_neighbor_targets=0
GRAB train batch 4: pair_ids shape=(16,), range=39..10500, coefficients shape=(16, 2), sample_weights shape=(16,), zero_neighbor_targets=0
GRAB train batch 5: pair_ids shape=(16,), range=29..8928, coefficients shape=(16, 2), sample_weights shape=(16,), zero_neighbor_targets=0
GRAB train batch 6: pair_ids shape=(16,), range=85..7286, coefficients shape=(16, 2), sample_weights shape=(16,), zero_neighbor_targets=0
GRAB train batch 7: pair_ids shape=(16,), range=36..10205, coefficients shape=(16, 2), sample_weights shape=(16,), zero_neighbor_targets=0
GRAB train batch 8: pair_ids shape=(16,), range=8..10299, coefficients shape=(16, 2), sample_weights shape=(16,), zero_neighbor_targets=0
GRAB train batch 9: pair_ids shape=(16,), range=104..10264, coefficients shape=(16, 2), sample_weights shape=(16,), zero_neighbor_targets=0
GRAB train batch 10: pair_ids shape=(16,), range=28..9995, coefficients shape=(16, 2), sample_weights shape=(16,), zero_neighbor_targets=0
GRAB train batch 11: pair_ids shape=(16,), range=84..10398, coefficients shape=(16, 2), sample_weights shape=(16,), zero_neighbor_targets=0
GRAB train batch 12: pair_ids shape=(16,), range=77..7221, coefficients shape=(16, 2), sample_weights shape=(16,), zero_neighbor_targets=0
GRAB train batch 13: pair_ids shape=(16,), range=24..10471, coefficients shape=(16, 2), sample_weights shape=(16,), zero_neighbor_targets=0
GRAB train batch 14: pair_ids shape=(16,), range=5..10891, coefficients shape=(16, 2), sample_weights shape=(16,), zero_neighbor_targets=0
GRAB train batch 15: pair_ids shape=(16,), range=82..8731, coefficients shape=(16, 2), sample_weights shape=(16,), zero_neighbor_targets=0
GRAB train batch 16: pair_ids shape=(16,), range=18..9822, coefficients shape=(16, 2), sample_weights shape=(16,), zero_neighbor_targets=0
GRAB train batch 17: pair_ids shape=(16,), range=47..10600, coefficients shape=(16, 2), sample_weights shape=(16,), zero_neighbor_targets=0
GRAB train batch 18: pair_ids shape=(16,), range=21..7607, coefficients shape=(16, 2), sample_weights shape=(16,), zero_neighbor_targets=0
GRAB train batch 19: pair_ids shape=(16,), range=429..8594, coefficients shape=(16, 2), sample_weights shape=(16,), zero_neighbor_targets=0
GRAB train batch 20: pair_ids shape=(16,), range=69..10475, coefficients shape=(16, 2), sample_weights shape=(16,), zero_neighbor_targets=0
GRAB train batch 21: pair_ids shape=(16,), range=35..9956, coefficients shape=(16, 2), sample_weights shape=(16,), zero_neighbor_targets=0
GRAB train batch 22: pair_ids shape=(16,), range=44..10987, coefficients shape=(16, 2), sample_weights shape=(16,), zero_neighbor_targets=0
GRAB train batch 23: pair_ids shape=(16,), range=45..8911, coefficients shape=(16, 2), sample_weights shape=(16,), zero_neighbor_targets=0
GRAB train batch 24: pair_ids shape=(16,), range=49..10396, coefficients shape=(16, 2), sample_weights shape=(16,), zero_neighbor_targets=0
GRAB train batch 25: pair_ids shape=(16,), range=198..10772, coefficients shape=(16, 2), sample_weights shape=(16,), zero_neighbor_targets=0
GRAB train batch 26: pair_ids shape=(16,), range=74..9698, coefficients shape=(16, 2), sample_weights shape=(16,), zero_neighbor_targets=0
GRAB train batch 27: pair_ids shape=(16,), range=114..10404, coefficients shape=(16, 2), sample_weights shape=(16,), zero_neighbor_targets=0
GRAB train batch 28: pair_ids shape=(16,), range=17..10795, coefficients shape=(16, 2), sample_weights shape=(16,), zero_neighbor_targets=0
GRAB train batch 29: pair_ids shape=(16,), range=237..8951, coefficients shape=(16, 2), sample_weights shape=(16,), zero_neighbor_targets=0
GRAB train batch 30: pair_ids shape=(16,), range=297..10312, coefficients shape=(16, 2), sample_weights shape=(16,), zero_neighbor_targets=0
GRAB train batch 31: pair_ids shape=(16,), range=16..10453, coefficients shape=(16, 2), sample_weights shape=(16,), zero_neighbor_targets=0
GRAB train batch 32: pair_ids shape=(16,), range=68..10462, coefficients shape=(16, 2), sample_weights shape=(16,), zero_neighbor_targets=0
GRAB train batch 33: pair_ids shape=(16,), range=166..10222, coefficients shape=(16, 2), sample_weights shape=(16,), zero_neighbor_targets=0
GRAB train batch 34: pair_ids shape=(16,), range=221..7857, coefficients shape=(16, 2), sample_weights shape=(16,), zero_neighbor_targets=0
GRAB train batch 35: pair_ids shape=(16,), range=22..6522, coefficients shape=(16, 2), sample_weights shape=(16,), zero_neighbor_targets=0
GRAB train batch 36: pair_ids shape=(16,), range=0..10935, coefficients shape=(16, 2), sample_weights shape=(16,), zero_neighbor_targets=0
GRAB train batch 37: pair_ids shape=(16,), range=164..10811, coefficients shape=(16, 2), sample_weights shape=(16,), zero_neighbor_targets=0
GRAB train batch 38: pair_ids shape=(16,), range=11..10984, coefficients shape=(16, 2), sample_weights shape=(16,), zero_neighbor_targets=0
GRAB train batch 39: pair_ids shape=(16,), range=80..10248, coefficients shape=(16, 2), sample_weights shape=(16,), zero_neighbor_targets=0
GRAB train batch 40: pair_ids shape=(16,), range=6..10994, coefficients shape=(16, 2), sample_weights shape=(16,), zero_neighbor_targets=0
GRAB train batch 41: pair_ids shape=(16,), range=219..10627, coefficients shape=(16, 2), sample_weights shape=(16,), zero_neighbor_targets=0
GRAB train batch 42: pair_ids shape=(16,), range=54..10764, coefficients shape=(16, 2), sample_weights shape=(16,), zero_neighbor_targets=0
GRAB train batch 43: pair_ids shape=(16,), range=60..10851, coefficients shape=(16, 2), sample_weights shape=(16,), zero_neighbor_targets=0
GRAB train batch 44: pair_ids shape=(16,), range=52..6639, coefficients shape=(16, 2), sample_weights shape=(16,), zero_neighbor_targets=0
GRAB train batch 45: pair_ids shape=(16,), range=10..9818, coefficients shape=(16, 2), sample_weights shape=(16,), zero_neighbor_targets=0
GRAB train batch 46: pair_ids shape=(16,), range=7..7863, coefficients shape=(16, 2), sample_weights shape=(16,), zero_neighbor_targets=0
GRAB train batch 47: pair_ids shape=(16,), range=40..10800, coefficients shape=(16, 2), sample_weights shape=(16,), zero_neighbor_targets=0
GRAB train batch 48: pair_ids shape=(16,), range=12..10170, coefficients shape=(16, 2), sample_weights shape=(16,), zero_neighbor_targets=0
GRAB train batch 49: pair_ids shape=(16,), range=2..10850, coefficients shape=(16, 2), sample_weights shape=(16,), zero_neighbor_targets=0
GRAB train batch 50: pair_ids shape=(16,), range=4..10817, coefficients shape=(16, 2), sample_weights shape=(16,), zero_neighbor_targets=0
GRAB train batch 51: pair_ids shape=(16,), range=97..10502, coefficients shape=(16, 2), sample_weights shape=(16,), zero_neighbor_targets=0
GRAB train batch 52: pair_ids shape=(16,), range=32..7619, coefficients shape=(16, 2), sample_weights shape=(16,), zero_neighbor_targets=0
GRAB train batch 53: pair_ids shape=(16,), range=23..10537, coefficients shape=(16, 2), sample_weights shape=(16,), zero_neighbor_targets=0
GRAB train batch 54: pair_ids shape=(16,), range=72..9739, coefficients shape=(16, 2), sample_weights shape=(16,), zero_neighbor_targets=0
GRAB train batch 55: pair_ids shape=(16,), range=390..9913, coefficients shape=(16, 2), sample_weights shape=(16,), zero_neighbor_targets=0
GRAB train batch 56: pair_ids shape=(16,), range=33..9939, coefficients shape=(16, 2), sample_weights shape=(16,), zero_neighbor_targets=0
GRAB train batch 57: pair_ids shape=(16,), range=61..7537, coefficients shape=(16, 2), sample_weights shape=(16,), zero_neighbor_targets=0
GRAB train batch 58: pair_ids shape=(16,), range=133..10473, coefficients shape=(16, 2), sample_weights shape=(16,), zero_neighbor_targets=0
GRAB train batch 59: pair_ids shape=(16,), range=99..8210, coefficients shape=(16, 2), sample_weights shape=(16,), zero_neighbor_targets=0
GRAB train batch 60: pair_ids shape=(16,), range=19..3206, coefficients shape=(16, 2), sample_weights shape=(16,), zero_neighbor_targets=0
GRAB train batch 61: pair_ids shape=(16,), range=1..10225, coefficients shape=(16, 2), sample_weights shape=(16,), zero_neighbor_targets=0
GRAB train batch 62: pair_ids shape=(16,), range=9..10005, coefficients shape=(16, 2), sample_weights shape=(16,), zero_neighbor_targets=0
GRAB train batch 63: pair_ids shape=(16,), range=158..8739, coefficients shape=(16, 2), sample_weights shape=(16,), zero_neighbor_targets=0
GRAB train batch 64: pair_ids shape=(16,), range=70..6254, coefficients shape=(16, 2), sample_weights shape=(16,), zero_neighbor_targets=0
GRAB train batch 65: pair_ids shape=(16,), range=117..10227, coefficients shape=(16, 2), sample_weights shape=(16,), zero_neighbor_targets=0
GRAB train batch 66: pair_ids shape=(16,), range=107..10393, coefficients shape=(16, 2), sample_weights shape=(16,), zero_neighbor_targets=0
GRAB train batch 67: pair_ids shape=(16,), range=145..8157, coefficients shape=(16, 2), sample_weights shape=(16,), zero_neighbor_targets=0
GRAB train batch 68: pair_ids shape=(16,), range=37..10728, coefficients shape=(16, 2), sample_weights shape=(16,), zero_neighbor_targets=0
GRAB train batch 69: pair_ids shape=(16,), range=78..9892, coefficients shape=(16, 2), sample_weights shape=(16,), zero_neighbor_targets=0
GRAB train batch 70: pair_ids shape=(16,), range=20..3336, coefficients shape=(16, 2), sample_weights shape=(16,), zero_neighbor_targets=0
GRAB train batch 71: pair_ids shape=(16,), range=171..10662, coefficients shape=(16, 2), sample_weights shape=(16,), zero_neighbor_targets=0
GRAB train batch 72: pair_ids shape=(16,), range=66..10742, coefficients shape=(16, 2), sample_weights shape=(16,), zero_neighbor_targets=0
GRAB train batch 73: pair_ids shape=(16,), range=26..10988, coefficients shape=(16, 2), sample_weights shape=(16,), zero_neighbor_targets=0
GRAB train batch 74: pair_ids shape=(16,), range=3..8313, coefficients shape=(16, 2), sample_weights shape=(16,), zero_neighbor_targets=0
GRAB train batch 75: pair_ids shape=(16,), range=42..10836, coefficients shape=(16, 2), sample_weights shape=(16,), zero_neighbor_targets=0
GRAB train batch 76: pair_ids shape=(16,), range=294..9795, coefficients shape=(16, 2), sample_weights shape=(16,), zero_neighbor_targets=0
GRAB train batch 77: pair_ids shape=(12,), range=58..6403, coefficients shape=(12, 2), sample_weights shape=(12,), zero_neighbor_targets=0
VALIDATION
valid epoch balanced_accuracy: 0.529454
EPOCH 27:
GRAB train batch 1: pair_ids shape=(16,), range=3..9546, coefficients shape=(16, 2), sample_weights shape=(16,), zero_neighbor_targets=0
GRAB train batch 2: pair_ids shape=(16,), range=25..9822, coefficients shape=(16, 2), sample_weights shape=(16,), zero_neighbor_targets=0
GRAB train batch 3: pair_ids shape=(16,), range=105..9739, coefficients shape=(16, 2), sample_weights shape=(16,), zero_neighbor_targets=0
GRAB train batch 4: pair_ids shape=(16,), range=204..10475, coefficients shape=(16, 2), sample_weights shape=(16,), zero_neighbor_targets=0
GRAB train batch 5: pair_ids shape=(16,), range=221..10742, coefficients shape=(16, 2), sample_weights shape=(16,), zero_neighbor_targets=0
GRAB train batch 6: pair_ids shape=(16,), range=12..10384, coefficients shape=(16, 2), sample_weights shape=(16,), zero_neighbor_targets=0
GRAB train batch 7: pair_ids shape=(16,), range=5..7497, coefficients shape=(16, 2), sample_weights shape=(16,), zero_neighbor_targets=0
GRAB train batch 8: pair_ids shape=(16,), range=33..10817, coefficients shape=(16, 2), sample_weights shape=(16,), zero_neighbor_targets=0
GRAB train batch 9: pair_ids shape=(16,), range=74..10988, coefficients shape=(16, 2), sample_weights shape=(16,), zero_neighbor_targets=0
GRAB train batch 10: pair_ids shape=(16,), range=127..5486, coefficients shape=(16, 2), sample_weights shape=(16,), zero_neighbor_targets=0
GRAB train batch 11: pair_ids shape=(16,), range=53..9892, coefficients shape=(16, 2), sample_weights shape=(16,), zero_neighbor_targets=0
GRAB train batch 12: pair_ids shape=(16,), range=63..10170, coefficients shape=(16, 2), sample_weights shape=(16,), zero_neighbor_targets=0
GRAB train batch 13: pair_ids shape=(16,), range=197..10728, coefficients shape=(16, 2), sample_weights shape=(16,), zero_neighbor_targets=0
GRAB train batch 14: pair_ids shape=(16,), range=64..10662, coefficients shape=(16, 2), sample_weights shape=(16,), zero_neighbor_targets=0
GRAB train batch 15: pair_ids shape=(16,), range=79..10447, coefficients shape=(16, 2), sample_weights shape=(16,), zero_neighbor_targets=0
GRAB train batch 16: pair_ids shape=(16,), range=263..10027, coefficients shape=(16, 2), sample_weights shape=(16,), zero_neighbor_targets=0
GRAB train batch 17: pair_ids shape=(16,), range=59..10264, coefficients shape=(16, 2), sample_weights shape=(16,), zero_neighbor_targets=0
GRAB train batch 18: pair_ids shape=(16,), range=86..6569, coefficients shape=(16, 2), sample_weights shape=(16,), zero_neighbor_targets=0
GRAB train batch 19: pair_ids shape=(16,), range=41..10471, coefficients shape=(16, 2), sample_weights shape=(16,), zero_neighbor_targets=0
GRAB train batch 20: pair_ids shape=(16,), range=18..9598, coefficients shape=(16, 2), sample_weights shape=(16,), zero_neighbor_targets=0
GRAB train batch 21: pair_ids shape=(16,), range=102..10994, coefficients shape=(16, 2), sample_weights shape=(16,), zero_neighbor_targets=0
GRAB train batch 22: pair_ids shape=(16,), range=116..9937, coefficients shape=(16, 2), sample_weights shape=(16,), zero_neighbor_targets=0
GRAB train batch 23: pair_ids shape=(16,), range=83..10891, coefficients shape=(16, 2), sample_weights shape=(16,), zero_neighbor_targets=0
GRAB train batch 24: pair_ids shape=(16,), range=192..10772, coefficients shape=(16, 2), sample_weights shape=(16,), zero_neighbor_targets=0
GRAB train batch 25: pair_ids shape=(16,), range=20..10850, coefficients shape=(16, 2), sample_weights shape=(16,), zero_neighbor_targets=0
GRAB train batch 26: pair_ids shape=(16,), range=1..10836, coefficients shape=(16, 2), sample_weights shape=(16,), zero_neighbor_targets=0
GRAB train batch 27: pair_ids shape=(16,), range=8..8858, coefficients shape=(16, 2), sample_weights shape=(16,), zero_neighbor_targets=0
GRAB train batch 28: pair_ids shape=(16,), range=92..10984, coefficients shape=(16, 2), sample_weights shape=(16,), zero_neighbor_targets=0
GRAB train batch 29: pair_ids shape=(16,), range=45..10005, coefficients shape=(16, 2), sample_weights shape=(16,), zero_neighbor_targets=0
GRAB train batch 30: pair_ids shape=(16,), range=51..10374, coefficients shape=(16, 2), sample_weights shape=(16,), zero_neighbor_targets=0
GRAB train batch 31: pair_ids shape=(16,), range=24..10600, coefficients shape=(16, 2), sample_weights shape=(16,), zero_neighbor_targets=0
GRAB train batch 32: pair_ids shape=(16,), range=34..10277, coefficients shape=(16, 2), sample_weights shape=(16,), zero_neighbor_targets=0
GRAB train batch 33: pair_ids shape=(16,), range=98..10811, coefficients shape=(16, 2), sample_weights shape=(16,), zero_neighbor_targets=0
GRAB train batch 34: pair_ids shape=(16,), range=70..10795, coefficients shape=(16, 2), sample_weights shape=(16,), zero_neighbor_targets=0
GRAB train batch 35: pair_ids shape=(16,), range=82..10524, coefficients shape=(16, 2), sample_weights shape=(16,), zero_neighbor_targets=0
GRAB train batch 36: pair_ids shape=(16,), range=31..10331, coefficients shape=(16, 2), sample_weights shape=(16,), zero_neighbor_targets=0
GRAB train batch 37: pair_ids shape=(16,), range=112..7556, coefficients shape=(16, 2), sample_weights shape=(16,), zero_neighbor_targets=0
GRAB train batch 38: pair_ids shape=(16,), range=118..4889, coefficients shape=(16, 2), sample_weights shape=(16,), zero_neighbor_targets=0
GRAB train batch 39: pair_ids shape=(16,), range=106..9795, coefficients shape=(16, 2), sample_weights shape=(16,), zero_neighbor_targets=0
GRAB train batch 40: pair_ids shape=(16,), range=22..10248, coefficients shape=(16, 2), sample_weights shape=(16,), zero_neighbor_targets=0
GRAB train batch 41: pair_ids shape=(16,), range=43..8668, coefficients shape=(16, 2), sample_weights shape=(16,), zero_neighbor_targets=0
GRAB train batch 42: pair_ids shape=(16,), range=36..10935, coefficients shape=(16, 2), sample_weights shape=(16,), zero_neighbor_targets=0
GRAB train batch 43: pair_ids shape=(16,), range=6..10227, coefficients shape=(16, 2), sample_weights shape=(16,), zero_neighbor_targets=0
GRAB train batch 44: pair_ids shape=(16,), range=0..8915, coefficients shape=(16, 2), sample_weights shape=(16,), zero_neighbor_targets=0
GRAB train batch 45: pair_ids shape=(16,), range=110..10685, coefficients shape=(16, 2), sample_weights shape=(16,), zero_neighbor_targets=0
GRAB train batch 46: pair_ids shape=(16,), range=37..10393, coefficients shape=(16, 2), sample_weights shape=(16,), zero_neighbor_targets=0
GRAB train batch 47: pair_ids shape=(16,), range=16..6838, coefficients shape=(16, 2), sample_weights shape=(16,), zero_neighbor_targets=0
GRAB train batch 48: pair_ids shape=(16,), range=114..10800, coefficients shape=(16, 2), sample_weights shape=(16,), zero_neighbor_targets=0
GRAB train batch 49: pair_ids shape=(16,), range=2..9818, coefficients shape=(16, 2), sample_weights shape=(16,), zero_neighbor_targets=0
GRAB train batch 50: pair_ids shape=(16,), range=68..7522, coefficients shape=(16, 2), sample_weights shape=(16,), zero_neighbor_targets=0
GRAB train batch 51: pair_ids shape=(16,), range=142..8876, coefficients shape=(16, 2), sample_weights shape=(16,), zero_neighbor_targets=0
GRAB train batch 52: pair_ids shape=(16,), range=7..10398, coefficients shape=(16, 2), sample_weights shape=(16,), zero_neighbor_targets=0
GRAB train batch 53: pair_ids shape=(16,), range=58..9913, coefficients shape=(16, 2), sample_weights shape=(16,), zero_neighbor_targets=0
GRAB train batch 54: pair_ids shape=(16,), range=13..7975, coefficients shape=(16, 2), sample_weights shape=(16,), zero_neighbor_targets=0
GRAB train batch 55: pair_ids shape=(16,), range=147..8579, coefficients shape=(16, 2), sample_weights shape=(16,), zero_neighbor_targets=0
GRAB train batch 56: pair_ids shape=(16,), range=124..10537, coefficients shape=(16, 2), sample_weights shape=(16,), zero_neighbor_targets=0
GRAB train batch 57: pair_ids shape=(16,), range=182..8928, coefficients shape=(16, 2), sample_weights shape=(16,), zero_neighbor_targets=0
GRAB train batch 58: pair_ids shape=(16,), range=44..9727, coefficients shape=(16, 2), sample_weights shape=(16,), zero_neighbor_targets=0
GRAB train batch 59: pair_ids shape=(16,), range=30..8671, coefficients shape=(16, 2), sample_weights shape=(16,), zero_neighbor_targets=0
GRAB train batch 60: pair_ids shape=(16,), range=26..2411, coefficients shape=(16, 2), sample_weights shape=(16,), zero_neighbor_targets=0
GRAB train batch 61: pair_ids shape=(16,), range=9..10473, coefficients shape=(16, 2), sample_weights shape=(16,), zero_neighbor_targets=0
GRAB train batch 62: pair_ids shape=(16,), range=122..10627, coefficients shape=(16, 2), sample_weights shape=(16,), zero_neighbor_targets=0
GRAB train batch 63: pair_ids shape=(16,), range=4..8590, coefficients shape=(16, 2), sample_weights shape=(16,), zero_neighbor_targets=0
GRAB train batch 64: pair_ids shape=(16,), range=223..6388, coefficients shape=(16, 2), sample_weights shape=(16,), zero_neighbor_targets=0
GRAB train batch 65: pair_ids shape=(16,), range=88..9995, coefficients shape=(16, 2), sample_weights shape=(16,), zero_neighbor_targets=0
GRAB train batch 66: pair_ids shape=(16,), range=251..10987, coefficients shape=(16, 2), sample_weights shape=(16,), zero_neighbor_targets=0
GRAB train batch 67: pair_ids shape=(16,), range=67..10396, coefficients shape=(16, 2), sample_weights shape=(16,), zero_neighbor_targets=0
GRAB train batch 68: pair_ids shape=(16,), range=73..8363, coefficients shape=(16, 2), sample_weights shape=(16,), zero_neighbor_targets=0
GRAB train batch 69: pair_ids shape=(16,), range=28..6777, coefficients shape=(16, 2), sample_weights shape=(16,), zero_neighbor_targets=0
GRAB train batch 70: pair_ids shape=(16,), range=15..10851, coefficients shape=(16, 2), sample_weights shape=(16,), zero_neighbor_targets=0
GRAB train batch 71: pair_ids shape=(16,), range=146..10590, coefficients shape=(16, 2), sample_weights shape=(16,), zero_neighbor_targets=0
GRAB train batch 72: pair_ids shape=(16,), range=93..8951, coefficients shape=(16, 2), sample_weights shape=(16,), zero_neighbor_targets=0
GRAB train batch 73: pair_ids shape=(16,), range=40..10522, coefficients shape=(16, 2), sample_weights shape=(16,), zero_neighbor_targets=0
GRAB train batch 74: pair_ids shape=(16,), range=21..7440, coefficients shape=(16, 2), sample_weights shape=(16,), zero_neighbor_targets=0
GRAB train batch 75: pair_ids shape=(16,), range=19..10360, coefficients shape=(16, 2), sample_weights shape=(16,), zero_neighbor_targets=0
GRAB train batch 76: pair_ids shape=(16,), range=163..9954, coefficients shape=(16, 2), sample_weights shape=(16,), zero_neighbor_targets=0
GRAB train batch 77: pair_ids shape=(12,), range=14..10362, coefficients shape=(12, 2), sample_weights shape=(12,), zero_neighbor_targets=0
VALIDATION
valid epoch balanced_accuracy: 0.557471
EPOCH 28:
GRAB train batch 1: pair_ids shape=(16,), range=51..10462, coefficients shape=(16, 2), sample_weights shape=(16,), zero_neighbor_targets=0
GRAB train batch 2: pair_ids shape=(16,), range=20..10471, coefficients shape=(16, 2), sample_weights shape=(16,), zero_neighbor_targets=0
GRAB train batch 3: pair_ids shape=(16,), range=35..10277, coefficients shape=(16, 2), sample_weights shape=(16,), zero_neighbor_targets=0
GRAB train batch 4: pair_ids shape=(16,), range=12..7987, coefficients shape=(16, 2), sample_weights shape=(16,), zero_neighbor_targets=0
GRAB train batch 5: pair_ids shape=(16,), range=24..10398, coefficients shape=(16, 2), sample_weights shape=(16,), zero_neighbor_targets=0
GRAB train batch 6: pair_ids shape=(16,), range=91..6013, coefficients shape=(16, 2), sample_weights shape=(16,), zero_neighbor_targets=0
GRAB train batch 7: pair_ids shape=(16,), range=50..10259, coefficients shape=(16, 2), sample_weights shape=(16,), zero_neighbor_targets=0
GRAB train batch 8: pair_ids shape=(16,), range=80..10984, coefficients shape=(16, 2), sample_weights shape=(16,), zero_neighbor_targets=0
GRAB train batch 9: pair_ids shape=(16,), range=21..8841, coefficients shape=(16, 2), sample_weights shape=(16,), zero_neighbor_targets=0
GRAB train batch 10: pair_ids shape=(16,), range=4..7782, coefficients shape=(16, 2), sample_weights shape=(16,), zero_neighbor_targets=0
GRAB train batch 11: pair_ids shape=(16,), range=39..9995, coefficients shape=(16, 2), sample_weights shape=(16,), zero_neighbor_targets=0
GRAB train batch 12: pair_ids shape=(16,), range=143..10404, coefficients shape=(16, 2), sample_weights shape=(16,), zero_neighbor_targets=0
GRAB train batch 13: pair_ids shape=(16,), range=28..8858, coefficients shape=(16, 2), sample_weights shape=(16,), zero_neighbor_targets=0
GRAB train batch 14: pair_ids shape=(16,), range=107..10850, coefficients shape=(16, 2), sample_weights shape=(16,), zero_neighbor_targets=0
GRAB train batch 15: pair_ids shape=(16,), range=8..10800, coefficients shape=(16, 2), sample_weights shape=(16,), zero_neighbor_targets=0
GRAB train batch 16: pair_ids shape=(16,), range=133..7940, coefficients shape=(16, 2), sample_weights shape=(16,), zero_neighbor_targets=0
GRAB train batch 17: pair_ids shape=(16,), range=121..10500, coefficients shape=(16, 2), sample_weights shape=(16,), zero_neighbor_targets=0
GRAB train batch 18: pair_ids shape=(16,), range=145..10662, coefficients shape=(16, 2), sample_weights shape=(16,), zero_neighbor_targets=0
GRAB train batch 19: pair_ids shape=(16,), range=1..10027, coefficients shape=(16, 2), sample_weights shape=(16,), zero_neighbor_targets=0
GRAB train batch 20: pair_ids shape=(16,), range=125..7653, coefficients shape=(16, 2), sample_weights shape=(16,), zero_neighbor_targets=0
GRAB train batch 21: pair_ids shape=(16,), range=173..10227, coefficients shape=(16, 2), sample_weights shape=(16,), zero_neighbor_targets=0
GRAB train batch 22: pair_ids shape=(16,), range=6..9914, coefficients shape=(16, 2), sample_weights shape=(16,), zero_neighbor_targets=0
GRAB train batch 23: pair_ids shape=(16,), range=168..10374, coefficients shape=(16, 2), sample_weights shape=(16,), zero_neighbor_targets=0
GRAB train batch 24: pair_ids shape=(16,), range=23..10851, coefficients shape=(16, 2), sample_weights shape=(16,), zero_neighbor_targets=0
GRAB train batch 25: pair_ids shape=(16,), range=113..10331, coefficients shape=(16, 2), sample_weights shape=(16,), zero_neighbor_targets=0
GRAB train batch 26: pair_ids shape=(16,), range=129..10994, coefficients shape=(16, 2), sample_weights shape=(16,), zero_neighbor_targets=0
GRAB train batch 27: pair_ids shape=(16,), range=248..7304, coefficients shape=(16, 2), sample_weights shape=(16,), zero_neighbor_targets=0
GRAB train batch 28: pair_ids shape=(16,), range=54..10360, coefficients shape=(16, 2), sample_weights shape=(16,), zero_neighbor_targets=0
GRAB train batch 29: pair_ids shape=(16,), range=2..5808, coefficients shape=(16, 2), sample_weights shape=(16,), zero_neighbor_targets=0
GRAB train batch 30: pair_ids shape=(16,), range=14..7607, coefficients shape=(16, 2), sample_weights shape=(16,), zero_neighbor_targets=0
GRAB train batch 31: pair_ids shape=(16,), range=60..10742, coefficients shape=(16, 2), sample_weights shape=(16,), zero_neighbor_targets=0
GRAB train batch 32: pair_ids shape=(16,), range=18..10537, coefficients shape=(16, 2), sample_weights shape=(16,), zero_neighbor_targets=0
GRAB train batch 33: pair_ids shape=(16,), range=37..10836, coefficients shape=(16, 2), sample_weights shape=(16,), zero_neighbor_targets=0
GRAB train batch 34: pair_ids shape=(16,), range=45..8739, coefficients shape=(16, 2), sample_weights shape=(16,), zero_neighbor_targets=0
GRAB train batch 35: pair_ids shape=(16,), range=81..10728, coefficients shape=(16, 2), sample_weights shape=(16,), zero_neighbor_targets=0
GRAB train batch 36: pair_ids shape=(16,), range=83..7537, coefficients shape=(16, 2), sample_weights shape=(16,), zero_neighbor_targets=0
GRAB train batch 37: pair_ids shape=(16,), range=66..6124, coefficients shape=(16, 2), sample_weights shape=(16,), zero_neighbor_targets=0
GRAB train batch 38: pair_ids shape=(16,), range=7..10524, coefficients shape=(16, 2), sample_weights shape=(16,), zero_neighbor_targets=0
GRAB train batch 39: pair_ids shape=(16,), range=10..10764, coefficients shape=(16, 2), sample_weights shape=(16,), zero_neighbor_targets=0
GRAB train batch 40: pair_ids shape=(16,), range=349..10590, coefficients shape=(16, 2), sample_weights shape=(16,), zero_neighbor_targets=0
GRAB train batch 41: pair_ids shape=(16,), range=40..5497, coefficients shape=(16, 2), sample_weights shape=(16,), zero_neighbor_targets=0
GRAB train batch 42: pair_ids shape=(16,), range=25..9939, coefficients shape=(16, 2), sample_weights shape=(16,), zero_neighbor_targets=0
GRAB train batch 43: pair_ids shape=(16,), range=71..6846, coefficients shape=(16, 2), sample_weights shape=(16,), zero_neighbor_targets=0
GRAB train batch 44: pair_ids shape=(16,), range=77..7552, coefficients shape=(16, 2), sample_weights shape=(16,), zero_neighbor_targets=0
GRAB train batch 45: pair_ids shape=(16,), range=33..10502, coefficients shape=(16, 2), sample_weights shape=(16,), zero_neighbor_targets=0
GRAB train batch 46: pair_ids shape=(16,), range=11..7857, coefficients shape=(16, 2), sample_weights shape=(16,), zero_neighbor_targets=0
GRAB train batch 47: pair_ids shape=(16,), range=63..10453, coefficients shape=(16, 2), sample_weights shape=(16,), zero_neighbor_targets=0
GRAB train batch 48: pair_ids shape=(16,), range=62..10435, coefficients shape=(16, 2), sample_weights shape=(16,), zero_neighbor_targets=0
GRAB train batch 49: pair_ids shape=(16,), range=9..10811, coefficients shape=(16, 2), sample_weights shape=(16,), zero_neighbor_targets=0
GRAB train batch 50: pair_ids shape=(16,), range=27..7785, coefficients shape=(16, 2), sample_weights shape=(16,), zero_neighbor_targets=0
GRAB train batch 51: pair_ids shape=(16,), range=5..9937, coefficients shape=(16, 2), sample_weights shape=(16,), zero_neighbor_targets=0
GRAB train batch 52: pair_ids shape=(16,), range=88..10522, coefficients shape=(16, 2), sample_weights shape=(16,), zero_neighbor_targets=0
GRAB train batch 53: pair_ids shape=(16,), range=170..10393, coefficients shape=(16, 2), sample_weights shape=(16,), zero_neighbor_targets=0
GRAB train batch 54: pair_ids shape=(16,), range=67..9840, coefficients shape=(16, 2), sample_weights shape=(16,), zero_neighbor_targets=0
GRAB train batch 55: pair_ids shape=(16,), range=154..7511, coefficients shape=(16, 2), sample_weights shape=(16,), zero_neighbor_targets=0
GRAB train batch 56: pair_ids shape=(16,), range=115..9696, coefficients shape=(16, 2), sample_weights shape=(16,), zero_neighbor_targets=0
GRAB train batch 57: pair_ids shape=(16,), range=0..10396, coefficients shape=(16, 2), sample_weights shape=(16,), zero_neighbor_targets=0
GRAB train batch 58: pair_ids shape=(16,), range=3..9546, coefficients shape=(16, 2), sample_weights shape=(16,), zero_neighbor_targets=0
GRAB train batch 59: pair_ids shape=(16,), range=152..10627, coefficients shape=(16, 2), sample_weights shape=(16,), zero_neighbor_targets=0
GRAB train batch 60: pair_ids shape=(16,), range=55..10987, coefficients shape=(16, 2), sample_weights shape=(16,), zero_neighbor_targets=0
GRAB train batch 61: pair_ids shape=(16,), range=151..9887, coefficients shape=(16, 2), sample_weights shape=(16,), zero_neighbor_targets=0
GRAB train batch 62: pair_ids shape=(16,), range=73..10411, coefficients shape=(16, 2), sample_weights shape=(16,), zero_neighbor_targets=0
GRAB train batch 63: pair_ids shape=(16,), range=43..8168, coefficients shape=(16, 2), sample_weights shape=(16,), zero_neighbor_targets=0
GRAB train batch 64: pair_ids shape=(16,), range=29..8224, coefficients shape=(16, 2), sample_weights shape=(16,), zero_neighbor_targets=0
GRAB train batch 65: pair_ids shape=(16,), range=186..9608, coefficients shape=(16, 2), sample_weights shape=(16,), zero_neighbor_targets=0
GRAB train batch 66: pair_ids shape=(16,), range=58..9795, coefficients shape=(16, 2), sample_weights shape=(16,), zero_neighbor_targets=0
GRAB train batch 67: pair_ids shape=(16,), range=98..10772, coefficients shape=(16, 2), sample_weights shape=(16,), zero_neighbor_targets=0
GRAB train batch 68: pair_ids shape=(16,), range=22..10988, coefficients shape=(16, 2), sample_weights shape=(16,), zero_neighbor_targets=0
GRAB train batch 69: pair_ids shape=(16,), range=104..5967, coefficients shape=(16, 2), sample_weights shape=(16,), zero_neighbor_targets=0
GRAB train batch 70: pair_ids shape=(16,), range=75..10891, coefficients shape=(16, 2), sample_weights shape=(16,), zero_neighbor_targets=0
GRAB train batch 71: pair_ids shape=(16,), range=30..8745, coefficients shape=(16, 2), sample_weights shape=(16,), zero_neighbor_targets=0
GRAB train batch 72: pair_ids shape=(16,), range=106..10935, coefficients shape=(16, 2), sample_weights shape=(16,), zero_neighbor_targets=0
GRAB train batch 73: pair_ids shape=(16,), range=79..10312, coefficients shape=(16, 2), sample_weights shape=(16,), zero_neighbor_targets=0
GRAB train batch 74: pair_ids shape=(16,), range=32..7930, coefficients shape=(16, 2), sample_weights shape=(16,), zero_neighbor_targets=0
GRAB train batch 75: pair_ids shape=(16,), range=140..8594, coefficients shape=(16, 2), sample_weights shape=(16,), zero_neighbor_targets=0
GRAB train batch 76: pair_ids shape=(16,), range=272..10685, coefficients shape=(16, 2), sample_weights shape=(16,), zero_neighbor_targets=0
GRAB train batch 77: pair_ids shape=(12,), range=46..10475, coefficients shape=(12, 2), sample_weights shape=(12,), zero_neighbor_targets=0
VALIDATION
valid epoch balanced_accuracy: 0.532328
EPOCH 29:
GRAB train batch 1: pair_ids shape=(16,), range=82..10471, coefficients shape=(16, 2), sample_weights shape=(16,), zero_neighbor_targets=0
GRAB train batch 2: pair_ids shape=(16,), range=32..10600, coefficients shape=(16, 2), sample_weights shape=(16,), zero_neighbor_targets=0
GRAB train batch 3: pair_ids shape=(16,), range=23..10435, coefficients shape=(16, 2), sample_weights shape=(16,), zero_neighbor_targets=0
GRAB train batch 4: pair_ids shape=(16,), range=19..7213, coefficients shape=(16, 2), sample_weights shape=(16,), zero_neighbor_targets=0
GRAB train batch 5: pair_ids shape=(16,), range=37..10800, coefficients shape=(16, 2), sample_weights shape=(16,), zero_neighbor_targets=0
GRAB train batch 6: pair_ids shape=(16,), range=207..9698, coefficients shape=(16, 2), sample_weights shape=(16,), zero_neighbor_targets=0
GRAB train batch 7: pair_ids shape=(16,), range=31..10891, coefficients shape=(16, 2), sample_weights shape=(16,), zero_neighbor_targets=0
GRAB train batch 8: pair_ids shape=(16,), range=120..8233, coefficients shape=(16, 2), sample_weights shape=(16,), zero_neighbor_targets=0
GRAB train batch 9: pair_ids shape=(16,), range=47..7278, coefficients shape=(16, 2), sample_weights shape=(16,), zero_neighbor_targets=0
GRAB train batch 10: pair_ids shape=(16,), range=102..7872, coefficients shape=(16, 2), sample_weights shape=(16,), zero_neighbor_targets=0
GRAB train batch 11: pair_ids shape=(16,), range=188..10988, coefficients shape=(16, 2), sample_weights shape=(16,), zero_neighbor_targets=0
GRAB train batch 12: pair_ids shape=(16,), range=81..10404, coefficients shape=(16, 2), sample_weights shape=(16,), zero_neighbor_targets=0
GRAB train batch 13: pair_ids shape=(16,), range=33..8590, coefficients shape=(16, 2), sample_weights shape=(16,), zero_neighbor_targets=0
GRAB train batch 14: pair_ids shape=(16,), range=1..10259, coefficients shape=(16, 2), sample_weights shape=(16,), zero_neighbor_targets=0
GRAB train batch 15: pair_ids shape=(16,), range=20..10772, coefficients shape=(16, 2), sample_weights shape=(16,), zero_neighbor_targets=0
GRAB train batch 16: pair_ids shape=(16,), range=30..6419, coefficients shape=(16, 2), sample_weights shape=(16,), zero_neighbor_targets=0
GRAB train batch 17: pair_ids shape=(16,), range=22..8313, coefficients shape=(16, 2), sample_weights shape=(16,), zero_neighbor_targets=0
GRAB train batch 18: pair_ids shape=(16,), range=70..10312, coefficients shape=(16, 2), sample_weights shape=(16,), zero_neighbor_targets=0
GRAB train batch 19: pair_ids shape=(16,), range=43..6777, coefficients shape=(16, 2), sample_weights shape=(16,), zero_neighbor_targets=0
GRAB train batch 20: pair_ids shape=(16,), range=48..10984, coefficients shape=(16, 2), sample_weights shape=(16,), zero_neighbor_targets=0
GRAB train batch 21: pair_ids shape=(16,), range=16..10502, coefficients shape=(16, 2), sample_weights shape=(16,), zero_neighbor_targets=0
GRAB train batch 22: pair_ids shape=(16,), range=21..7785, coefficients shape=(16, 2), sample_weights shape=(16,), zero_neighbor_targets=0
GRAB train batch 23: pair_ids shape=(16,), range=46..9995, coefficients shape=(16, 2), sample_weights shape=(16,), zero_neighbor_targets=0
GRAB train batch 24: pair_ids shape=(16,), range=437..9818, coefficients shape=(16, 2), sample_weights shape=(16,), zero_neighbor_targets=0
GRAB train batch 25: pair_ids shape=(16,), range=24..3230, coefficients shape=(16, 2), sample_weights shape=(16,), zero_neighbor_targets=0
GRAB train batch 26: pair_ids shape=(16,), range=13..5300, coefficients shape=(16, 2), sample_weights shape=(16,), zero_neighbor_targets=0
GRAB train batch 27: pair_ids shape=(16,), range=12..10850, coefficients shape=(16, 2), sample_weights shape=(16,), zero_neighbor_targets=0
GRAB train batch 28: pair_ids shape=(16,), range=271..10447, coefficients shape=(16, 2), sample_weights shape=(16,), zero_neighbor_targets=0
GRAB train batch 29: pair_ids shape=(16,), range=29..10685, coefficients shape=(16, 2), sample_weights shape=(16,), zero_neighbor_targets=0
GRAB train batch 30: pair_ids shape=(16,), range=5..10222, coefficients shape=(16, 2), sample_weights shape=(16,), zero_neighbor_targets=0
GRAB train batch 31: pair_ids shape=(16,), range=0..7952, coefficients shape=(16, 2), sample_weights shape=(16,), zero_neighbor_targets=0
GRAB train batch 32: pair_ids shape=(16,), range=177..8876, coefficients shape=(16, 2), sample_weights shape=(16,), zero_neighbor_targets=0
GRAB train batch 33: pair_ids shape=(16,), range=78..10027, coefficients shape=(16, 2), sample_weights shape=(16,), zero_neighbor_targets=0
GRAB train batch 34: pair_ids shape=(16,), range=26..10817, coefficients shape=(16, 2), sample_weights shape=(16,), zero_neighbor_targets=0
GRAB train batch 35: pair_ids shape=(16,), range=139..10500, coefficients shape=(16, 2), sample_weights shape=(16,), zero_neighbor_targets=0
GRAB train batch 36: pair_ids shape=(16,), range=52..6013, coefficients shape=(16, 2), sample_weights shape=(16,), zero_neighbor_targets=0
GRAB train batch 37: pair_ids shape=(16,), range=9..10524, coefficients shape=(16, 2), sample_weights shape=(16,), zero_neighbor_targets=0
GRAB train batch 38: pair_ids shape=(16,), range=4..10742, coefficients shape=(16, 2), sample_weights shape=(16,), zero_neighbor_targets=0
GRAB train batch 39: pair_ids shape=(16,), range=25..10170, coefficients shape=(16, 2), sample_weights shape=(16,), zero_neighbor_targets=0
GRAB train batch 40: pair_ids shape=(16,), range=105..10453, coefficients shape=(16, 2), sample_weights shape=(16,), zero_neighbor_targets=0
GRAB train batch 41: pair_ids shape=(16,), range=80..8668, coefficients shape=(16, 2), sample_weights shape=(16,), zero_neighbor_targets=0
GRAB train batch 42: pair_ids shape=(16,), range=42..3337, coefficients shape=(16, 2), sample_weights shape=(16,), zero_neighbor_targets=0
GRAB train batch 43: pair_ids shape=(16,), range=68..10851, coefficients shape=(16, 2), sample_weights shape=(16,), zero_neighbor_targets=0
GRAB train batch 44: pair_ids shape=(16,), range=108..8928, coefficients shape=(16, 2), sample_weights shape=(16,), zero_neighbor_targets=0
GRAB train batch 45: pair_ids shape=(16,), range=57..9704, coefficients shape=(16, 2), sample_weights shape=(16,), zero_neighbor_targets=0
GRAB train batch 46: pair_ids shape=(16,), range=11..10935, coefficients shape=(16, 2), sample_weights shape=(16,), zero_neighbor_targets=0
GRAB train batch 47: pair_ids shape=(16,), range=73..9939, coefficients shape=(16, 2), sample_weights shape=(16,), zero_neighbor_targets=0
GRAB train batch 48: pair_ids shape=(16,), range=91..10360, coefficients shape=(16, 2), sample_weights shape=(16,), zero_neighbor_targets=0
GRAB train batch 49: pair_ids shape=(16,), range=14..9914, coefficients shape=(16, 2), sample_weights shape=(16,), zero_neighbor_targets=0
GRAB train batch 50: pair_ids shape=(16,), range=89..9887, coefficients shape=(16, 2), sample_weights shape=(16,), zero_neighbor_targets=0
GRAB train batch 51: pair_ids shape=(16,), range=147..10764, coefficients shape=(16, 2), sample_weights shape=(16,), zero_neighbor_targets=0
GRAB train batch 52: pair_ids shape=(16,), range=77..7522, coefficients shape=(16, 2), sample_weights shape=(16,), zero_neighbor_targets=0
GRAB train batch 53: pair_ids shape=(16,), range=49..7619, coefficients shape=(16, 2), sample_weights shape=(16,), zero_neighbor_targets=0
GRAB train batch 54: pair_ids shape=(16,), range=463..8563, coefficients shape=(16, 2), sample_weights shape=(16,), zero_neighbor_targets=0
GRAB train batch 55: pair_ids shape=(16,), range=63..9892, coefficients shape=(16, 2), sample_weights shape=(16,), zero_neighbor_targets=0
GRAB train batch 56: pair_ids shape=(16,), range=211..10009, coefficients shape=(16, 2), sample_weights shape=(16,), zero_neighbor_targets=0
GRAB train batch 57: pair_ids shape=(16,), range=138..10994, coefficients shape=(16, 2), sample_weights shape=(16,), zero_neighbor_targets=0
GRAB train batch 58: pair_ids shape=(16,), range=18..10811, coefficients shape=(16, 2), sample_weights shape=(16,), zero_neighbor_targets=0
GRAB train batch 59: pair_ids shape=(16,), range=62..8051, coefficients shape=(16, 2), sample_weights shape=(16,), zero_neighbor_targets=0
GRAB train batch 60: pair_ids shape=(16,), range=115..8772, coefficients shape=(16, 2), sample_weights shape=(16,), zero_neighbor_targets=0
GRAB train batch 61: pair_ids shape=(16,), range=3..10522, coefficients shape=(16, 2), sample_weights shape=(16,), zero_neighbor_targets=0
GRAB train batch 62: pair_ids shape=(16,), range=101..10384, coefficients shape=(16, 2), sample_weights shape=(16,), zero_neighbor_targets=0
GRAB train batch 63: pair_ids shape=(16,), range=169..10473, coefficients shape=(16, 2), sample_weights shape=(16,), zero_neighbor_targets=0
GRAB train batch 64: pair_ids shape=(16,), range=40..10225, coefficients shape=(16, 2), sample_weights shape=(16,), zero_neighbor_targets=0
GRAB train batch 65: pair_ids shape=(16,), range=6..7940, coefficients shape=(16, 2), sample_weights shape=(16,), zero_neighbor_targets=0
GRAB train batch 66: pair_ids shape=(16,), range=56..7683, coefficients shape=(16, 2), sample_weights shape=(16,), zero_neighbor_targets=0
GRAB train batch 67: pair_ids shape=(16,), range=2..10411, coefficients shape=(16, 2), sample_weights shape=(16,), zero_neighbor_targets=0
GRAB train batch 68: pair_ids shape=(16,), range=7..10374, coefficients shape=(16, 2), sample_weights shape=(16,), zero_neighbor_targets=0
GRAB train batch 69: pair_ids shape=(16,), range=76..10277, coefficients shape=(16, 2), sample_weights shape=(16,), zero_neighbor_targets=0
GRAB train batch 70: pair_ids shape=(16,), range=8..10836, coefficients shape=(16, 2), sample_weights shape=(16,), zero_neighbor_targets=0
GRAB train batch 71: pair_ids shape=(16,), range=90..10462, coefficients shape=(16, 2), sample_weights shape=(16,), zero_neighbor_targets=0
GRAB train batch 72: pair_ids shape=(16,), range=65..10987, coefficients shape=(16, 2), sample_weights shape=(16,), zero_neighbor_targets=0
GRAB train batch 73: pair_ids shape=(16,), range=10..9608, coefficients shape=(16, 2), sample_weights shape=(16,), zero_neighbor_targets=0
GRAB train batch 74: pair_ids shape=(16,), range=28..10728, coefficients shape=(16, 2), sample_weights shape=(16,), zero_neighbor_targets=0
GRAB train batch 75: pair_ids shape=(16,), range=96..10393, coefficients shape=(16, 2), sample_weights shape=(16,), zero_neighbor_targets=0
GRAB train batch 76: pair_ids shape=(16,), range=17..10248, coefficients shape=(16, 2), sample_weights shape=(16,), zero_neighbor_targets=0
GRAB train batch 77: pair_ids shape=(12,), range=153..8858, coefficients shape=(12, 2), sample_weights shape=(12,), zero_neighbor_targets=0
VALIDATION
valid epoch balanced_accuracy: 0.515805
EPOCH 30:
GRAB train batch 1: pair_ids shape=(16,), range=95..10005, coefficients shape=(16, 2), sample_weights shape=(16,), zero_neighbor_targets=0
GRAB train batch 2: pair_ids shape=(16,), range=98..10475, coefficients shape=(16, 2), sample_weights shape=(16,), zero_neighbor_targets=0
GRAB train batch 3: pair_ids shape=(16,), range=236..6254, coefficients shape=(16, 2), sample_weights shape=(16,), zero_neighbor_targets=0
GRAB train batch 4: pair_ids shape=(16,), range=114..8928, coefficients shape=(16, 2), sample_weights shape=(16,), zero_neighbor_targets=0
GRAB train batch 5: pair_ids shape=(16,), range=128..10600, coefficients shape=(16, 2), sample_weights shape=(16,), zero_neighbor_targets=0
GRAB train batch 6: pair_ids shape=(16,), range=66..9546, coefficients shape=(16, 2), sample_weights shape=(16,), zero_neighbor_targets=0
GRAB train batch 7: pair_ids shape=(16,), range=124..10891, coefficients shape=(16, 2), sample_weights shape=(16,), zero_neighbor_targets=0
GRAB train batch 8: pair_ids shape=(16,), range=46..10851, coefficients shape=(16, 2), sample_weights shape=(16,), zero_neighbor_targets=0
GRAB train batch 9: pair_ids shape=(16,), range=65..6666, coefficients shape=(16, 2), sample_weights shape=(16,), zero_neighbor_targets=0
GRAB train batch 10: pair_ids shape=(16,), range=2..10988, coefficients shape=(16, 2), sample_weights shape=(16,), zero_neighbor_targets=0
GRAB train batch 11: pair_ids shape=(16,), range=48..10537, coefficients shape=(16, 2), sample_weights shape=(16,), zero_neighbor_targets=0
GRAB train batch 12: pair_ids shape=(16,), range=186..10453, coefficients shape=(16, 2), sample_weights shape=(16,), zero_neighbor_targets=0
GRAB train batch 13: pair_ids shape=(16,), range=52..8590, coefficients shape=(16, 2), sample_weights shape=(16,), zero_neighbor_targets=0
GRAB train batch 14: pair_ids shape=(16,), range=314..7785, coefficients shape=(16, 2), sample_weights shape=(16,), zero_neighbor_targets=0
GRAB train batch 15: pair_ids shape=(16,), range=133..10384, coefficients shape=(16, 2), sample_weights shape=(16,), zero_neighbor_targets=0
GRAB train batch 16: pair_ids shape=(16,), range=78..9822, coefficients shape=(16, 2), sample_weights shape=(16,), zero_neighbor_targets=0
GRAB train batch 17: pair_ids shape=(16,), range=6..8671, coefficients shape=(16, 2), sample_weights shape=(16,), zero_neighbor_targets=0
GRAB train batch 18: pair_ids shape=(16,), range=45..10404, coefficients shape=(16, 2), sample_weights shape=(16,), zero_neighbor_targets=0
GRAB train batch 19: pair_ids shape=(16,), range=9..10471, coefficients shape=(16, 2), sample_weights shape=(16,), zero_neighbor_targets=0
GRAB train batch 20: pair_ids shape=(16,), range=67..10009, coefficients shape=(16, 2), sample_weights shape=(16,), zero_neighbor_targets=0
GRAB train batch 21: pair_ids shape=(16,), range=38..10984, coefficients shape=(16, 2), sample_weights shape=(16,), zero_neighbor_targets=0
GRAB train batch 22: pair_ids shape=(16,), range=72..9622, coefficients shape=(16, 2), sample_weights shape=(16,), zero_neighbor_targets=0
GRAB train batch 23: pair_ids shape=(16,), range=56..7440, coefficients shape=(16, 2), sample_weights shape=(16,), zero_neighbor_targets=0
GRAB train batch 24: pair_ids shape=(16,), range=282..10259, coefficients shape=(16, 2), sample_weights shape=(16,), zero_neighbor_targets=0
GRAB train batch 25: pair_ids shape=(16,), range=301..10811, coefficients shape=(16, 2), sample_weights shape=(16,), zero_neighbor_targets=0
GRAB train batch 26: pair_ids shape=(16,), range=159..9956, coefficients shape=(16, 2), sample_weights shape=(16,), zero_neighbor_targets=0
GRAB train batch 27: pair_ids shape=(16,), range=19..9739, coefficients shape=(16, 2), sample_weights shape=(16,), zero_neighbor_targets=0
GRAB train batch 28: pair_ids shape=(16,), range=8..10935, coefficients shape=(16, 2), sample_weights shape=(16,), zero_neighbor_targets=0
GRAB train batch 29: pair_ids shape=(16,), range=57..6159, coefficients shape=(16, 2), sample_weights shape=(16,), zero_neighbor_targets=0
GRAB train batch 30: pair_ids shape=(16,), range=58..10360, coefficients shape=(16, 2), sample_weights shape=(16,), zero_neighbor_targets=0
GRAB train batch 31: pair_ids shape=(16,), range=62..6404, coefficients shape=(16, 2), sample_weights shape=(16,), zero_neighbor_targets=0
GRAB train batch 32: pair_ids shape=(16,), range=1..10312, coefficients shape=(16, 2), sample_weights shape=(16,), zero_neighbor_targets=0
GRAB train batch 33: pair_ids shape=(16,), range=17..10590, coefficients shape=(16, 2), sample_weights shape=(16,), zero_neighbor_targets=0
GRAB train batch 34: pair_ids shape=(16,), range=10..10994, coefficients shape=(16, 2), sample_weights shape=(16,), zero_neighbor_targets=0
GRAB train batch 35: pair_ids shape=(16,), range=12..10627, coefficients shape=(16, 2), sample_weights shape=(16,), zero_neighbor_targets=0
GRAB train batch 36: pair_ids shape=(16,), range=26..7200, coefficients shape=(16, 2), sample_weights shape=(16,), zero_neighbor_targets=0
GRAB train batch 37: pair_ids shape=(16,), range=30..8731, coefficients shape=(16, 2), sample_weights shape=(16,), zero_neighbor_targets=0
GRAB train batch 38: pair_ids shape=(16,), range=75..10396, coefficients shape=(16, 2), sample_weights shape=(16,), zero_neighbor_targets=0
GRAB train batch 39: pair_ids shape=(16,), range=50..7987, coefficients shape=(16, 2), sample_weights shape=(16,), zero_neighbor_targets=0
GRAB train batch 40: pair_ids shape=(16,), range=14..9704, coefficients shape=(16, 2), sample_weights shape=(16,), zero_neighbor_targets=0
GRAB train batch 41: pair_ids shape=(16,), range=155..10299, coefficients shape=(16, 2), sample_weights shape=(16,), zero_neighbor_targets=0
GRAB train batch 42: pair_ids shape=(16,), range=39..10411, coefficients shape=(16, 2), sample_weights shape=(16,), zero_neighbor_targets=0
GRAB train batch 43: pair_ids shape=(16,), range=80..8729, coefficients shape=(16, 2), sample_weights shape=(16,), zero_neighbor_targets=0
GRAB train batch 44: pair_ids shape=(16,), range=76..9995, coefficients shape=(16, 2), sample_weights shape=(16,), zero_neighbor_targets=0
GRAB train batch 45: pair_ids shape=(16,), range=28..8001, coefficients shape=(16, 2), sample_weights shape=(16,), zero_neighbor_targets=0
GRAB train batch 46: pair_ids shape=(16,), range=93..8670, coefficients shape=(16, 2), sample_weights shape=(16,), zero_neighbor_targets=0
GRAB train batch 47: pair_ids shape=(16,), range=16..10817, coefficients shape=(16, 2), sample_weights shape=(16,), zero_neighbor_targets=0
GRAB train batch 48: pair_ids shape=(16,), range=0..7552, coefficients shape=(16, 2), sample_weights shape=(16,), zero_neighbor_targets=0
GRAB train batch 49: pair_ids shape=(16,), range=132..8521, coefficients shape=(16, 2), sample_weights shape=(16,), zero_neighbor_targets=0
GRAB train batch 50: pair_ids shape=(16,), range=111..7683, coefficients shape=(16, 2), sample_weights shape=(16,), zero_neighbor_targets=0
GRAB train batch 51: pair_ids shape=(16,), range=21..10795, coefficients shape=(16, 2), sample_weights shape=(16,), zero_neighbor_targets=0
GRAB train batch 52: pair_ids shape=(16,), range=49..7979, coefficients shape=(16, 2), sample_weights shape=(16,), zero_neighbor_targets=0
GRAB train batch 53: pair_ids shape=(16,), range=36..9937, coefficients shape=(16, 2), sample_weights shape=(16,), zero_neighbor_targets=0
GRAB train batch 54: pair_ids shape=(16,), range=211..10462, coefficients shape=(16, 2), sample_weights shape=(16,), zero_neighbor_targets=0
GRAB train batch 55: pair_ids shape=(16,), range=32..10987, coefficients shape=(16, 2), sample_weights shape=(16,), zero_neighbor_targets=0
GRAB train batch 56: pair_ids shape=(16,), range=268..9840, coefficients shape=(16, 2), sample_weights shape=(16,), zero_neighbor_targets=0
GRAB train batch 57: pair_ids shape=(16,), range=42..10800, coefficients shape=(16, 2), sample_weights shape=(16,), zero_neighbor_targets=0
GRAB train batch 58: pair_ids shape=(16,), range=35..6838, coefficients shape=(16, 2), sample_weights shape=(16,), zero_neighbor_targets=0
GRAB train batch 59: pair_ids shape=(16,), range=4..10728, coefficients shape=(16, 2), sample_weights shape=(16,), zero_neighbor_targets=0
GRAB train batch 60: pair_ids shape=(16,), range=44..9696, coefficients shape=(16, 2), sample_weights shape=(16,), zero_neighbor_targets=0
GRAB train batch 61: pair_ids shape=(16,), range=5..10500, coefficients shape=(16, 2), sample_weights shape=(16,), zero_neighbor_targets=0
GRAB train batch 62: pair_ids shape=(16,), range=47..10522, coefficients shape=(16, 2), sample_weights shape=(16,), zero_neighbor_targets=0
GRAB train batch 63: pair_ids shape=(16,), range=218..10027, coefficients shape=(16, 2), sample_weights shape=(16,), zero_neighbor_targets=0
GRAB train batch 64: pair_ids shape=(16,), range=18..10264, coefficients shape=(16, 2), sample_weights shape=(16,), zero_neighbor_targets=0
GRAB train batch 65: pair_ids shape=(16,), range=84..10764, coefficients shape=(16, 2), sample_weights shape=(16,), zero_neighbor_targets=0
GRAB train batch 66: pair_ids shape=(16,), range=24..10277, coefficients shape=(16, 2), sample_weights shape=(16,), zero_neighbor_targets=0
GRAB train batch 67: pair_ids shape=(16,), range=158..10850, coefficients shape=(16, 2), sample_weights shape=(16,), zero_neighbor_targets=0
GRAB train batch 68: pair_ids shape=(16,), range=20..10836, coefficients shape=(16, 2), sample_weights shape=(16,), zero_neighbor_targets=0
GRAB train batch 69: pair_ids shape=(16,), range=247..7369, coefficients shape=(16, 2), sample_weights shape=(16,), zero_neighbor_targets=0
GRAB train batch 70: pair_ids shape=(16,), range=60..7583, coefficients shape=(16, 2), sample_weights shape=(16,), zero_neighbor_targets=0
GRAB train batch 71: pair_ids shape=(16,), range=37..5613, coefficients shape=(16, 2), sample_weights shape=(16,), zero_neighbor_targets=0
GRAB train batch 72: pair_ids shape=(16,), range=22..7930, coefficients shape=(16, 2), sample_weights shape=(16,), zero_neighbor_targets=0
GRAB train batch 73: pair_ids shape=(16,), range=115..10685, coefficients shape=(16, 2), sample_weights shape=(16,), zero_neighbor_targets=0
GRAB train batch 74: pair_ids shape=(16,), range=254..10473, coefficients shape=(16, 2), sample_weights shape=(16,), zero_neighbor_targets=0
GRAB train batch 75: pair_ids shape=(16,), range=91..8081, coefficients shape=(16, 2), sample_weights shape=(16,), zero_neighbor_targets=0
GRAB train batch 76: pair_ids shape=(16,), range=25..10237, coefficients shape=(16, 2), sample_weights shape=(16,), zero_neighbor_targets=0
GRAB train batch 77: pair_ids shape=(12,), range=3..10502, coefficients shape=(12, 2), sample_weights shape=(12,), zero_neighbor_targets=0
VALIDATION
valid epoch balanced_accuracy: 0.550287
EPOCH 31:
GRAB train batch 1: pair_ids shape=(16,), range=73..10360, coefficients shape=(16, 2), sample_weights shape=(16,), zero_neighbor_targets=0
GRAB train batch 2: pair_ids shape=(16,), range=64..7440, coefficients shape=(16, 2), sample_weights shape=(16,), zero_neighbor_targets=0
GRAB train batch 3: pair_ids shape=(16,), range=17..10393, coefficients shape=(16, 2), sample_weights shape=(16,), zero_neighbor_targets=0
GRAB train batch 4: pair_ids shape=(16,), range=52..10374, coefficients shape=(16, 2), sample_weights shape=(16,), zero_neighbor_targets=0
GRAB train batch 5: pair_ids shape=(16,), range=20..9704, coefficients shape=(16, 2), sample_weights shape=(16,), zero_neighbor_targets=0
GRAB train batch 6: pair_ids shape=(16,), range=55..9739, coefficients shape=(16, 2), sample_weights shape=(16,), zero_neighbor_targets=0
GRAB train batch 7: pair_ids shape=(16,), range=101..10891, coefficients shape=(16, 2), sample_weights shape=(16,), zero_neighbor_targets=0
GRAB train batch 8: pair_ids shape=(16,), range=100..8658, coefficients shape=(16, 2), sample_weights shape=(16,), zero_neighbor_targets=0
GRAB train batch 9: pair_ids shape=(16,), range=51..7552, coefficients shape=(16, 2), sample_weights shape=(16,), zero_neighbor_targets=0
GRAB train batch 10: pair_ids shape=(16,), range=6..10331, coefficients shape=(16, 2), sample_weights shape=(16,), zero_neighbor_targets=0
GRAB train batch 11: pair_ids shape=(16,), range=7..8745, coefficients shape=(16, 2), sample_weights shape=(16,), zero_neighbor_targets=0
GRAB train batch 12: pair_ids shape=(16,), range=80..10811, coefficients shape=(16, 2), sample_weights shape=(16,), zero_neighbor_targets=0
GRAB train batch 13: pair_ids shape=(16,), range=9..10935, coefficients shape=(16, 2), sample_weights shape=(16,), zero_neighbor_targets=0
GRAB train batch 14: pair_ids shape=(16,), range=106..10453, coefficients shape=(16, 2), sample_weights shape=(16,), zero_neighbor_targets=0
GRAB train batch 15: pair_ids shape=(16,), range=33..10299, coefficients shape=(16, 2), sample_weights shape=(16,), zero_neighbor_targets=0
GRAB train batch 16: pair_ids shape=(16,), range=187..7221, coefficients shape=(16, 2), sample_weights shape=(16,), zero_neighbor_targets=0
GRAB train batch 17: pair_ids shape=(16,), range=4..10005, coefficients shape=(16, 2), sample_weights shape=(16,), zero_neighbor_targets=0
GRAB train batch 18: pair_ids shape=(16,), range=41..9914, coefficients shape=(16, 2), sample_weights shape=(16,), zero_neighbor_targets=0
GRAB train batch 19: pair_ids shape=(16,), range=48..8729, coefficients shape=(16, 2), sample_weights shape=(16,), zero_neighbor_targets=0
GRAB train batch 20: pair_ids shape=(16,), range=24..8472, coefficients shape=(16, 2), sample_weights shape=(16,), zero_neighbor_targets=0
GRAB train batch 21: pair_ids shape=(16,), range=78..10851, coefficients shape=(16, 2), sample_weights shape=(16,), zero_neighbor_targets=0
GRAB train batch 22: pair_ids shape=(16,), range=202..7857, coefficients shape=(16, 2), sample_weights shape=(16,), zero_neighbor_targets=0
GRAB train batch 23: pair_ids shape=(16,), range=71..10398, coefficients shape=(16, 2), sample_weights shape=(16,), zero_neighbor_targets=0
GRAB train batch 24: pair_ids shape=(16,), range=89..10627, coefficients shape=(16, 2), sample_weights shape=(16,), zero_neighbor_targets=0
GRAB train batch 25: pair_ids shape=(16,), range=109..10524, coefficients shape=(16, 2), sample_weights shape=(16,), zero_neighbor_targets=0
GRAB train batch 26: pair_ids shape=(16,), range=62..10600, coefficients shape=(16, 2), sample_weights shape=(16,), zero_neighbor_targets=0
GRAB train batch 27: pair_ids shape=(16,), range=72..10817, coefficients shape=(16, 2), sample_weights shape=(16,), zero_neighbor_targets=0
GRAB train batch 28: pair_ids shape=(16,), range=87..7643, coefficients shape=(16, 2), sample_weights shape=(16,), zero_neighbor_targets=0
GRAB train batch 29: pair_ids shape=(16,), range=57..8668, coefficients shape=(16, 2), sample_weights shape=(16,), zero_neighbor_targets=0
GRAB train batch 30: pair_ids shape=(16,), range=13..10772, coefficients shape=(16, 2), sample_weights shape=(16,), zero_neighbor_targets=0
GRAB train batch 31: pair_ids shape=(16,), range=25..8491, coefficients shape=(16, 2), sample_weights shape=(16,), zero_neighbor_targets=0
GRAB train batch 32: pair_ids shape=(16,), range=191..8163, coefficients shape=(16, 2), sample_weights shape=(16,), zero_neighbor_targets=0
GRAB train batch 33: pair_ids shape=(16,), range=28..8521, coefficients shape=(16, 2), sample_weights shape=(16,), zero_neighbor_targets=0
GRAB train batch 34: pair_ids shape=(16,), range=3..10447, coefficients shape=(16, 2), sample_weights shape=(16,), zero_neighbor_targets=0
GRAB train batch 35: pair_ids shape=(16,), range=40..9887, coefficients shape=(16, 2), sample_weights shape=(16,), zero_neighbor_targets=0
GRAB train batch 36: pair_ids shape=(16,), range=98..10362, coefficients shape=(16, 2), sample_weights shape=(16,), zero_neighbor_targets=0
GRAB train batch 37: pair_ids shape=(16,), range=15..7930, coefficients shape=(16, 2), sample_weights shape=(16,), zero_neighbor_targets=0
GRAB train batch 38: pair_ids shape=(16,), range=45..10764, coefficients shape=(16, 2), sample_weights shape=(16,), zero_neighbor_targets=0
GRAB train batch 39: pair_ids shape=(16,), range=88..7979, coefficients shape=(16, 2), sample_weights shape=(16,), zero_neighbor_targets=0
GRAB train batch 40: pair_ids shape=(16,), range=74..9598, coefficients shape=(16, 2), sample_weights shape=(16,), zero_neighbor_targets=0
GRAB train batch 41: pair_ids shape=(16,), range=147..10728, coefficients shape=(16, 2), sample_weights shape=(16,), zero_neighbor_targets=0
GRAB train batch 42: pair_ids shape=(16,), range=18..10027, coefficients shape=(16, 2), sample_weights shape=(16,), zero_neighbor_targets=0
GRAB train batch 43: pair_ids shape=(16,), range=163..10384, coefficients shape=(16, 2), sample_weights shape=(16,), zero_neighbor_targets=0
GRAB train batch 44: pair_ids shape=(16,), range=30..10988, coefficients shape=(16, 2), sample_weights shape=(16,), zero_neighbor_targets=0
GRAB train batch 45: pair_ids shape=(16,), range=12..7829, coefficients shape=(16, 2), sample_weights shape=(16,), zero_neighbor_targets=0
GRAB train batch 46: pair_ids shape=(16,), range=46..9840, coefficients shape=(16, 2), sample_weights shape=(16,), zero_neighbor_targets=0
GRAB train batch 47: pair_ids shape=(16,), range=255..10277, coefficients shape=(16, 2), sample_weights shape=(16,), zero_neighbor_targets=0
GRAB train batch 48: pair_ids shape=(16,), range=159..6515, coefficients shape=(16, 2), sample_weights shape=(16,), zero_neighbor_targets=0
GRAB train batch 49: pair_ids shape=(16,), range=102..6639, coefficients shape=(16, 2), sample_weights shape=(16,), zero_neighbor_targets=0
GRAB train batch 50: pair_ids shape=(16,), range=85..9622, coefficients shape=(16, 2), sample_weights shape=(16,), zero_neighbor_targets=0
GRAB train batch 51: pair_ids shape=(16,), range=120..10473, coefficients shape=(16, 2), sample_weights shape=(16,), zero_neighbor_targets=0
GRAB train batch 52: pair_ids shape=(16,), range=16..8772, coefficients shape=(16, 2), sample_weights shape=(16,), zero_neighbor_targets=0
GRAB train batch 53: pair_ids shape=(16,), range=0..10222, coefficients shape=(16, 2), sample_weights shape=(16,), zero_neighbor_targets=0
GRAB train batch 54: pair_ids shape=(16,), range=27..8233, coefficients shape=(16, 2), sample_weights shape=(16,), zero_neighbor_targets=0
GRAB train batch 55: pair_ids shape=(16,), range=172..8313, coefficients shape=(16, 2), sample_weights shape=(16,), zero_neighbor_targets=0
GRAB train batch 56: pair_ids shape=(16,), range=36..9995, coefficients shape=(16, 2), sample_weights shape=(16,), zero_neighbor_targets=0
GRAB train batch 57: pair_ids shape=(16,), range=22..10662, coefficients shape=(16, 2), sample_weights shape=(16,), zero_neighbor_targets=0
GRAB train batch 58: pair_ids shape=(16,), range=1..6596, coefficients shape=(16, 2), sample_weights shape=(16,), zero_neighbor_targets=0
GRAB train batch 59: pair_ids shape=(16,), range=68..10522, coefficients shape=(16, 2), sample_weights shape=(16,), zero_neighbor_targets=0
GRAB train batch 60: pair_ids shape=(16,), range=103..10994, coefficients shape=(16, 2), sample_weights shape=(16,), zero_neighbor_targets=0
GRAB train batch 61: pair_ids shape=(16,), range=39..9954, coefficients shape=(16, 2), sample_weights shape=(16,), zero_neighbor_targets=0
GRAB train batch 62: pair_ids shape=(16,), range=2..10590, coefficients shape=(16, 2), sample_weights shape=(16,), zero_neighbor_targets=0
GRAB train batch 63: pair_ids shape=(16,), range=148..10411, coefficients shape=(16, 2), sample_weights shape=(16,), zero_neighbor_targets=0
GRAB train batch 64: pair_ids shape=(16,), range=34..10264, coefficients shape=(16, 2), sample_weights shape=(16,), zero_neighbor_targets=0
GRAB train batch 65: pair_ids shape=(16,), range=170..10984, coefficients shape=(16, 2), sample_weights shape=(16,), zero_neighbor_targets=0
GRAB train batch 66: pair_ids shape=(16,), range=56..10850, coefficients shape=(16, 2), sample_weights shape=(16,), zero_neighbor_targets=0
GRAB train batch 67: pair_ids shape=(16,), range=37..7497, coefficients shape=(16, 2), sample_weights shape=(16,), zero_neighbor_targets=0
GRAB train batch 68: pair_ids shape=(16,), range=119..10537, coefficients shape=(16, 2), sample_weights shape=(16,), zero_neighbor_targets=0
GRAB train batch 69: pair_ids shape=(16,), range=42..6438, coefficients shape=(16, 2), sample_weights shape=(16,), zero_neighbor_targets=0
GRAB train batch 70: pair_ids shape=(16,), range=116..10462, coefficients shape=(16, 2), sample_weights shape=(16,), zero_neighbor_targets=0
GRAB train batch 71: pair_ids shape=(16,), range=10..8590, coefficients shape=(16, 2), sample_weights shape=(16,), zero_neighbor_targets=0
GRAB train batch 72: pair_ids shape=(16,), range=5..9822, coefficients shape=(16, 2), sample_weights shape=(16,), zero_neighbor_targets=0
GRAB train batch 73: pair_ids shape=(16,), range=14..10836, coefficients shape=(16, 2), sample_weights shape=(16,), zero_neighbor_targets=0
GRAB train batch 74: pair_ids shape=(16,), range=19..10987, coefficients shape=(16, 2), sample_weights shape=(16,), zero_neighbor_targets=0
GRAB train batch 75: pair_ids shape=(16,), range=21..5896, coefficients shape=(16, 2), sample_weights shape=(16,), zero_neighbor_targets=0
GRAB train batch 76: pair_ids shape=(16,), range=278..10237, coefficients shape=(16, 2), sample_weights shape=(16,), zero_neighbor_targets=0
GRAB train batch 77: pair_ids shape=(12,), range=50..9795, coefficients shape=(12, 2), sample_weights shape=(12,), zero_neighbor_targets=0
VALIDATION
valid epoch balanced_accuracy: 0.505747
EPOCH 32:
GRAB train batch 1: pair_ids shape=(16,), range=28..9608, coefficients shape=(16, 2), sample_weights shape=(16,), zero_neighbor_targets=0
GRAB train batch 2: pair_ids shape=(16,), range=216..10537, coefficients shape=(16, 2), sample_weights shape=(16,), zero_neighbor_targets=0
GRAB train batch 3: pair_ids shape=(16,), range=52..10891, coefficients shape=(16, 2), sample_weights shape=(16,), zero_neighbor_targets=0
GRAB train batch 4: pair_ids shape=(16,), range=18..8051, coefficients shape=(16, 2), sample_weights shape=(16,), zero_neighbor_targets=0
GRAB train batch 5: pair_ids shape=(16,), range=66..10502, coefficients shape=(16, 2), sample_weights shape=(16,), zero_neighbor_targets=0
GRAB train batch 6: pair_ids shape=(16,), range=106..10984, coefficients shape=(16, 2), sample_weights shape=(16,), zero_neighbor_targets=0
GRAB train batch 7: pair_ids shape=(16,), range=46..9954, coefficients shape=(16, 2), sample_weights shape=(16,), zero_neighbor_targets=0
GRAB train batch 8: pair_ids shape=(16,), range=12..10600, coefficients shape=(16, 2), sample_weights shape=(16,), zero_neighbor_targets=0
GRAB train batch 9: pair_ids shape=(16,), range=131..7894, coefficients shape=(16, 2), sample_weights shape=(16,), zero_neighbor_targets=0
GRAB train batch 10: pair_ids shape=(16,), range=7..9822, coefficients shape=(16, 2), sample_weights shape=(16,), zero_neighbor_targets=0
GRAB train batch 11: pair_ids shape=(16,), range=49..8858, coefficients shape=(16, 2), sample_weights shape=(16,), zero_neighbor_targets=0
GRAB train batch 12: pair_ids shape=(16,), range=24..6283, coefficients shape=(16, 2), sample_weights shape=(16,), zero_neighbor_targets=0
GRAB train batch 13: pair_ids shape=(16,), range=0..6812, coefficients shape=(16, 2), sample_weights shape=(16,), zero_neighbor_targets=0
GRAB train batch 14: pair_ids shape=(16,), range=102..10500, coefficients shape=(16, 2), sample_weights shape=(16,), zero_neighbor_targets=0
GRAB train batch 15: pair_ids shape=(16,), range=107..10471, coefficients shape=(16, 2), sample_weights shape=(16,), zero_neighbor_targets=0
GRAB train batch 16: pair_ids shape=(16,), range=135..9913, coefficients shape=(16, 2), sample_weights shape=(16,), zero_neighbor_targets=0
GRAB train batch 17: pair_ids shape=(16,), range=51..10225, coefficients shape=(16, 2), sample_weights shape=(16,), zero_neighbor_targets=0
GRAB train batch 18: pair_ids shape=(16,), range=78..5823, coefficients shape=(16, 2), sample_weights shape=(16,), zero_neighbor_targets=0
GRAB train batch 19: pair_ids shape=(16,), range=108..10994, coefficients shape=(16, 2), sample_weights shape=(16,), zero_neighbor_targets=0
GRAB train batch 20: pair_ids shape=(16,), range=82..9840, coefficients shape=(16, 2), sample_weights shape=(16,), zero_neighbor_targets=0
GRAB train batch 21: pair_ids shape=(16,), range=4..10988, coefficients shape=(16, 2), sample_weights shape=(16,), zero_neighbor_targets=0
GRAB train batch 22: pair_ids shape=(16,), range=64..10935, coefficients shape=(16, 2), sample_weights shape=(16,), zero_neighbor_targets=0
GRAB train batch 23: pair_ids shape=(16,), range=25..7942, coefficients shape=(16, 2), sample_weights shape=(16,), zero_neighbor_targets=0
GRAB train batch 24: pair_ids shape=(16,), range=21..8928, coefficients shape=(16, 2), sample_weights shape=(16,), zero_neighbor_targets=0
GRAB train batch 25: pair_ids shape=(16,), range=40..10627, coefficients shape=(16, 2), sample_weights shape=(16,), zero_neighbor_targets=0
GRAB train batch 26: pair_ids shape=(16,), range=26..10398, coefficients shape=(16, 2), sample_weights shape=(16,), zero_neighbor_targets=0
GRAB train batch 27: pair_ids shape=(16,), range=27..8951, coefficients shape=(16, 2), sample_weights shape=(16,), zero_neighbor_targets=0
GRAB train batch 28: pair_ids shape=(16,), range=17..3783, coefficients shape=(16, 2), sample_weights shape=(16,), zero_neighbor_targets=0
GRAB train batch 29: pair_ids shape=(16,), range=57..3466, coefficients shape=(16, 2), sample_weights shape=(16,), zero_neighbor_targets=0
GRAB train batch 30: pair_ids shape=(16,), range=94..8590, coefficients shape=(16, 2), sample_weights shape=(16,), zero_neighbor_targets=0
GRAB train batch 31: pair_ids shape=(16,), range=130..9818, coefficients shape=(16, 2), sample_weights shape=(16,), zero_neighbor_targets=0
GRAB train batch 32: pair_ids shape=(16,), range=42..10836, coefficients shape=(16, 2), sample_weights shape=(16,), zero_neighbor_targets=0
GRAB train batch 33: pair_ids shape=(16,), range=194..10850, coefficients shape=(16, 2), sample_weights shape=(16,), zero_neighbor_targets=0
GRAB train batch 34: pair_ids shape=(16,), range=22..10462, coefficients shape=(16, 2), sample_weights shape=(16,), zero_neighbor_targets=0
GRAB train batch 35: pair_ids shape=(16,), range=15..8911, coefficients shape=(16, 2), sample_weights shape=(16,), zero_neighbor_targets=0
GRAB train batch 36: pair_ids shape=(16,), range=35..10987, coefficients shape=(16, 2), sample_weights shape=(16,), zero_neighbor_targets=0
GRAB train batch 37: pair_ids shape=(16,), range=19..10742, coefficients shape=(16, 2), sample_weights shape=(16,), zero_neighbor_targets=0
GRAB train batch 38: pair_ids shape=(16,), range=50..7979, coefficients shape=(16, 2), sample_weights shape=(16,), zero_neighbor_targets=0
GRAB train batch 39: pair_ids shape=(16,), range=13..10817, coefficients shape=(16, 2), sample_weights shape=(16,), zero_neighbor_targets=0
GRAB train batch 40: pair_ids shape=(16,), range=37..9598, coefficients shape=(16, 2), sample_weights shape=(16,), zero_neighbor_targets=0
GRAB train batch 41: pair_ids shape=(16,), range=29..9887, coefficients shape=(16, 2), sample_weights shape=(16,), zero_neighbor_targets=0
GRAB train batch 42: pair_ids shape=(16,), range=203..10393, coefficients shape=(16, 2), sample_weights shape=(16,), zero_neighbor_targets=0
GRAB train batch 43: pair_ids shape=(16,), range=14..10005, coefficients shape=(16, 2), sample_weights shape=(16,), zero_neighbor_targets=0
GRAB train batch 44: pair_ids shape=(16,), range=32..10435, coefficients shape=(16, 2), sample_weights shape=(16,), zero_neighbor_targets=0
GRAB train batch 45: pair_ids shape=(16,), range=41..10728, coefficients shape=(16, 2), sample_weights shape=(16,), zero_neighbor_targets=0
GRAB train batch 46: pair_ids shape=(16,), range=5..10205, coefficients shape=(16, 2), sample_weights shape=(16,), zero_neighbor_targets=0
GRAB train batch 47: pair_ids shape=(16,), range=70..8841, coefficients shape=(16, 2), sample_weights shape=(16,), zero_neighbor_targets=0
GRAB train batch 48: pair_ids shape=(16,), range=151..5497, coefficients shape=(16, 2), sample_weights shape=(16,), zero_neighbor_targets=0
GRAB train batch 49: pair_ids shape=(16,), range=6..9698, coefficients shape=(16, 2), sample_weights shape=(16,), zero_neighbor_targets=0
GRAB train batch 50: pair_ids shape=(16,), range=88..8594, coefficients shape=(16, 2), sample_weights shape=(16,), zero_neighbor_targets=0
GRAB train batch 51: pair_ids shape=(16,), range=91..5865, coefficients shape=(16, 2), sample_weights shape=(16,), zero_neighbor_targets=0
GRAB train batch 52: pair_ids shape=(16,), range=76..10522, coefficients shape=(16, 2), sample_weights shape=(16,), zero_neighbor_targets=0
GRAB train batch 53: pair_ids shape=(16,), range=2..8168, coefficients shape=(16, 2), sample_weights shape=(16,), zero_neighbor_targets=0
GRAB train batch 54: pair_ids shape=(16,), range=30..10222, coefficients shape=(16, 2), sample_weights shape=(16,), zero_neighbor_targets=0
GRAB train batch 55: pair_ids shape=(16,), range=1..8876, coefficients shape=(16, 2), sample_weights shape=(16,), zero_neighbor_targets=0
GRAB train batch 56: pair_ids shape=(16,), range=54..8731, coefficients shape=(16, 2), sample_weights shape=(16,), zero_neighbor_targets=0
GRAB train batch 57: pair_ids shape=(16,), range=69..10264, coefficients shape=(16, 2), sample_weights shape=(16,), zero_neighbor_targets=0
GRAB train batch 58: pair_ids shape=(16,), range=53..10800, coefficients shape=(16, 2), sample_weights shape=(16,), zero_neighbor_targets=0
GRAB train batch 59: pair_ids shape=(16,), range=65..8670, coefficients shape=(16, 2), sample_weights shape=(16,), zero_neighbor_targets=0
GRAB train batch 60: pair_ids shape=(16,), range=93..10811, coefficients shape=(16, 2), sample_weights shape=(16,), zero_neighbor_targets=0
GRAB train batch 61: pair_ids shape=(16,), range=79..9795, coefficients shape=(16, 2), sample_weights shape=(16,), zero_neighbor_targets=0
GRAB train batch 62: pair_ids shape=(16,), range=11..5300, coefficients shape=(16, 2), sample_weights shape=(16,), zero_neighbor_targets=0
GRAB train batch 63: pair_ids shape=(16,), range=213..10277, coefficients shape=(16, 2), sample_weights shape=(16,), zero_neighbor_targets=0
GRAB train batch 64: pair_ids shape=(16,), range=16..6388, coefficients shape=(16, 2), sample_weights shape=(16,), zero_neighbor_targets=0
GRAB train batch 65: pair_ids shape=(16,), range=159..9546, coefficients shape=(16, 2), sample_weights shape=(16,), zero_neighbor_targets=0
GRAB train batch 66: pair_ids shape=(16,), range=8..10685, coefficients shape=(16, 2), sample_weights shape=(16,), zero_neighbor_targets=0
GRAB train batch 67: pair_ids shape=(16,), range=31..10411, coefficients shape=(16, 2), sample_weights shape=(16,), zero_neighbor_targets=0
GRAB train batch 68: pair_ids shape=(16,), range=38..10447, coefficients shape=(16, 2), sample_weights shape=(16,), zero_neighbor_targets=0
GRAB train batch 69: pair_ids shape=(16,), range=9..10795, coefficients shape=(16, 2), sample_weights shape=(16,), zero_neighbor_targets=0
GRAB train batch 70: pair_ids shape=(16,), range=47..10259, coefficients shape=(16, 2), sample_weights shape=(16,), zero_neighbor_targets=0
GRAB train batch 71: pair_ids shape=(16,), range=43..10374, coefficients shape=(16, 2), sample_weights shape=(16,), zero_neighbor_targets=0
GRAB train batch 72: pair_ids shape=(16,), range=200..10475, coefficients shape=(16, 2), sample_weights shape=(16,), zero_neighbor_targets=0
GRAB train batch 73: pair_ids shape=(16,), range=10..9914, coefficients shape=(16, 2), sample_weights shape=(16,), zero_neighbor_targets=0
GRAB train batch 74: pair_ids shape=(16,), range=23..10404, coefficients shape=(16, 2), sample_weights shape=(16,), zero_neighbor_targets=0
GRAB train batch 75: pair_ids shape=(16,), range=61..10662, coefficients shape=(16, 2), sample_weights shape=(16,), zero_neighbor_targets=0
GRAB train batch 76: pair_ids shape=(16,), range=3..10331, coefficients shape=(16, 2), sample_weights shape=(16,), zero_neighbor_targets=0
GRAB train batch 77: pair_ids shape=(12,), range=34..10524, coefficients shape=(12, 2), sample_weights shape=(12,), zero_neighbor_targets=0
VALIDATION
valid epoch balanced_accuracy: 0.494971
EPOCH 33:
GRAB train batch 1: pair_ids shape=(16,), range=30..9840, coefficients shape=(16, 2), sample_weights shape=(16,), zero_neighbor_targets=0
GRAB train batch 2: pair_ids shape=(16,), range=19..8903, coefficients shape=(16, 2), sample_weights shape=(16,), zero_neighbor_targets=0
GRAB train batch 3: pair_ids shape=(16,), range=39..10009, coefficients shape=(16, 2), sample_weights shape=(16,), zero_neighbor_targets=0
GRAB train batch 4: pair_ids shape=(16,), range=72..10836, coefficients shape=(16, 2), sample_weights shape=(16,), zero_neighbor_targets=0
GRAB train batch 5: pair_ids shape=(16,), range=264..10627, coefficients shape=(16, 2), sample_weights shape=(16,), zero_neighbor_targets=0
GRAB train batch 6: pair_ids shape=(16,), range=82..7440, coefficients shape=(16, 2), sample_weights shape=(16,), zero_neighbor_targets=0
GRAB train batch 7: pair_ids shape=(16,), range=34..10590, coefficients shape=(16, 2), sample_weights shape=(16,), zero_neighbor_targets=0
GRAB train batch 8: pair_ids shape=(16,), range=90..10728, coefficients shape=(16, 2), sample_weights shape=(16,), zero_neighbor_targets=0
GRAB train batch 9: pair_ids shape=(16,), range=68..10374, coefficients shape=(16, 2), sample_weights shape=(16,), zero_neighbor_targets=0
GRAB train batch 10: pair_ids shape=(16,), range=136..10312, coefficients shape=(16, 2), sample_weights shape=(16,), zero_neighbor_targets=0
GRAB train batch 11: pair_ids shape=(16,), range=97..9914, coefficients shape=(16, 2), sample_weights shape=(16,), zero_neighbor_targets=0
GRAB train batch 12: pair_ids shape=(16,), range=76..10447, coefficients shape=(16, 2), sample_weights shape=(16,), zero_neighbor_targets=0
GRAB train batch 13: pair_ids shape=(16,), range=105..8491, coefficients shape=(16, 2), sample_weights shape=(16,), zero_neighbor_targets=0
GRAB train batch 14: pair_ids shape=(16,), range=62..9608, coefficients shape=(16, 2), sample_weights shape=(16,), zero_neighbor_targets=0
GRAB train batch 15: pair_ids shape=(16,), range=10..8671, coefficients shape=(16, 2), sample_weights shape=(16,), zero_neighbor_targets=0
GRAB train batch 16: pair_ids shape=(16,), range=64..10027, coefficients shape=(16, 2), sample_weights shape=(16,), zero_neighbor_targets=0
GRAB train batch 17: pair_ids shape=(16,), range=21..10225, coefficients shape=(16, 2), sample_weights shape=(16,), zero_neighbor_targets=0
GRAB train batch 18: pair_ids shape=(16,), range=37..7940, coefficients shape=(16, 2), sample_weights shape=(16,), zero_neighbor_targets=0
GRAB train batch 19: pair_ids shape=(16,), range=47..10393, coefficients shape=(16, 2), sample_weights shape=(16,), zero_neighbor_targets=0
GRAB train batch 20: pair_ids shape=(16,), range=294..10170, coefficients shape=(16, 2), sample_weights shape=(16,), zero_neighbor_targets=0
GRAB train batch 21: pair_ids shape=(16,), range=46..8373, coefficients shape=(16, 2), sample_weights shape=(16,), zero_neighbor_targets=0
GRAB train batch 22: pair_ids shape=(16,), range=87..10331, coefficients shape=(16, 2), sample_weights shape=(16,), zero_neighbor_targets=0
GRAB train batch 23: pair_ids shape=(16,), range=53..8678, coefficients shape=(16, 2), sample_weights shape=(16,), zero_neighbor_targets=0
GRAB train batch 24: pair_ids shape=(16,), range=3..10398, coefficients shape=(16, 2), sample_weights shape=(16,), zero_neighbor_targets=0
GRAB train batch 25: pair_ids shape=(16,), range=24..7251, coefficients shape=(16, 2), sample_weights shape=(16,), zero_neighbor_targets=0
GRAB train batch 26: pair_ids shape=(16,), range=77..10935, coefficients shape=(16, 2), sample_weights shape=(16,), zero_neighbor_targets=0
GRAB train batch 27: pair_ids shape=(16,), range=74..10800, coefficients shape=(16, 2), sample_weights shape=(16,), zero_neighbor_targets=0
GRAB train batch 28: pair_ids shape=(16,), range=15..8928, coefficients shape=(16, 2), sample_weights shape=(16,), zero_neighbor_targets=0
GRAB train batch 29: pair_ids shape=(16,), range=4..8858, coefficients shape=(16, 2), sample_weights shape=(16,), zero_neighbor_targets=0
GRAB train batch 30: pair_ids shape=(16,), range=43..10662, coefficients shape=(16, 2), sample_weights shape=(16,), zero_neighbor_targets=0
GRAB train batch 31: pair_ids shape=(16,), range=16..10685, coefficients shape=(16, 2), sample_weights shape=(16,), zero_neighbor_targets=0
GRAB train batch 32: pair_ids shape=(16,), range=84..10522, coefficients shape=(16, 2), sample_weights shape=(16,), zero_neighbor_targets=0
GRAB train batch 33: pair_ids shape=(16,), range=18..6639, coefficients shape=(16, 2), sample_weights shape=(16,), zero_neighbor_targets=0
GRAB train batch 34: pair_ids shape=(16,), range=80..7405, coefficients shape=(16, 2), sample_weights shape=(16,), zero_neighbor_targets=0
GRAB train batch 35: pair_ids shape=(16,), range=78..10764, coefficients shape=(16, 2), sample_weights shape=(16,), zero_neighbor_targets=0
GRAB train batch 36: pair_ids shape=(16,), range=11..9795, coefficients shape=(16, 2), sample_weights shape=(16,), zero_neighbor_targets=0
GRAB train batch 37: pair_ids shape=(16,), range=102..10396, coefficients shape=(16, 2), sample_weights shape=(16,), zero_neighbor_targets=0
GRAB train batch 38: pair_ids shape=(16,), range=57..8472, coefficients shape=(16, 2), sample_weights shape=(16,), zero_neighbor_targets=0
GRAB train batch 39: pair_ids shape=(16,), range=59..8051, coefficients shape=(16, 2), sample_weights shape=(16,), zero_neighbor_targets=0
GRAB train batch 40: pair_ids shape=(16,), range=174..10453, coefficients shape=(16, 2), sample_weights shape=(16,), zero_neighbor_targets=0
GRAB train batch 41: pair_ids shape=(16,), range=20..9698, coefficients shape=(16, 2), sample_weights shape=(16,), zero_neighbor_targets=0
GRAB train batch 42: pair_ids shape=(16,), range=27..8590, coefficients shape=(16, 2), sample_weights shape=(16,), zero_neighbor_targets=0
GRAB train batch 43: pair_ids shape=(16,), range=2..10817, coefficients shape=(16, 2), sample_weights shape=(16,), zero_neighbor_targets=0
GRAB train batch 44: pair_ids shape=(16,), range=14..5725, coefficients shape=(16, 2), sample_weights shape=(16,), zero_neighbor_targets=0
GRAB train batch 45: pair_ids shape=(16,), range=22..10384, coefficients shape=(16, 2), sample_weights shape=(16,), zero_neighbor_targets=0
GRAB train batch 46: pair_ids shape=(16,), range=8..7619, coefficients shape=(16, 2), sample_weights shape=(16,), zero_neighbor_targets=0
GRAB train batch 47: pair_ids shape=(16,), range=35..10411, coefficients shape=(16, 2), sample_weights shape=(16,), zero_neighbor_targets=0
GRAB train batch 48: pair_ids shape=(16,), range=31..10471, coefficients shape=(16, 2), sample_weights shape=(16,), zero_neighbor_targets=0
GRAB train batch 49: pair_ids shape=(16,), range=70..9727, coefficients shape=(16, 2), sample_weights shape=(16,), zero_neighbor_targets=0
GRAB train batch 50: pair_ids shape=(16,), range=67..10237, coefficients shape=(16, 2), sample_weights shape=(16,), zero_neighbor_targets=0
GRAB train batch 51: pair_ids shape=(16,), range=159..8915, coefficients shape=(16, 2), sample_weights shape=(16,), zero_neighbor_targets=0
GRAB train batch 52: pair_ids shape=(16,), range=9..6159, coefficients shape=(16, 2), sample_weights shape=(16,), zero_neighbor_targets=0
GRAB train batch 53: pair_ids shape=(16,), range=50..10537, coefficients shape=(16, 2), sample_weights shape=(16,), zero_neighbor_targets=0
GRAB train batch 54: pair_ids shape=(16,), range=40..7583, coefficients shape=(16, 2), sample_weights shape=(16,), zero_neighbor_targets=0
GRAB train batch 55: pair_ids shape=(16,), range=61..10475, coefficients shape=(16, 2), sample_weights shape=(16,), zero_neighbor_targets=0
GRAB train batch 56: pair_ids shape=(16,), range=185..10891, coefficients shape=(16, 2), sample_weights shape=(16,), zero_neighbor_targets=0
GRAB train batch 57: pair_ids shape=(16,), range=117..7785, coefficients shape=(16, 2), sample_weights shape=(16,), zero_neighbor_targets=0
GRAB train batch 58: pair_ids shape=(16,), range=93..10994, coefficients shape=(16, 2), sample_weights shape=(16,), zero_neighbor_targets=0
GRAB train batch 59: pair_ids shape=(16,), range=12..9892, coefficients shape=(16, 2), sample_weights shape=(16,), zero_neighbor_targets=0
GRAB train batch 60: pair_ids shape=(16,), range=95..10984, coefficients shape=(16, 2), sample_weights shape=(16,), zero_neighbor_targets=0
GRAB train batch 61: pair_ids shape=(16,), range=205..9704, coefficients shape=(16, 2), sample_weights shape=(16,), zero_neighbor_targets=0
GRAB train batch 62: pair_ids shape=(16,), range=5..10811, coefficients shape=(16, 2), sample_weights shape=(16,), zero_neighbor_targets=0
GRAB train batch 63: pair_ids shape=(16,), range=98..8310, coefficients shape=(16, 2), sample_weights shape=(16,), zero_neighbor_targets=0
GRAB train batch 64: pair_ids shape=(16,), range=66..10500, coefficients shape=(16, 2), sample_weights shape=(16,), zero_neighbor_targets=0
GRAB train batch 65: pair_ids shape=(16,), range=28..10435, coefficients shape=(16, 2), sample_weights shape=(16,), zero_neighbor_targets=0
GRAB train batch 66: pair_ids shape=(16,), range=25..4645, coefficients shape=(16, 2), sample_weights shape=(16,), zero_neighbor_targets=0
GRAB train batch 67: pair_ids shape=(16,), range=73..7456, coefficients shape=(16, 2), sample_weights shape=(16,), zero_neighbor_targets=0
GRAB train batch 68: pair_ids shape=(16,), range=100..7497, coefficients shape=(16, 2), sample_weights shape=(16,), zero_neighbor_targets=0
GRAB train batch 69: pair_ids shape=(16,), range=122..10772, coefficients shape=(16, 2), sample_weights shape=(16,), zero_neighbor_targets=0
GRAB train batch 70: pair_ids shape=(16,), range=104..7867, coefficients shape=(16, 2), sample_weights shape=(16,), zero_neighbor_targets=0
GRAB train batch 71: pair_ids shape=(16,), range=178..10742, coefficients shape=(16, 2), sample_weights shape=(16,), zero_neighbor_targets=0
GRAB train batch 72: pair_ids shape=(16,), range=32..9739, coefficients shape=(16, 2), sample_weights shape=(16,), zero_neighbor_targets=0
GRAB train batch 73: pair_ids shape=(16,), range=1..8510, coefficients shape=(16, 2), sample_weights shape=(16,), zero_neighbor_targets=0
GRAB train batch 74: pair_ids shape=(16,), range=33..10988, coefficients shape=(16, 2), sample_weights shape=(16,), zero_neighbor_targets=0
GRAB train batch 75: pair_ids shape=(16,), range=6..10851, coefficients shape=(16, 2), sample_weights shape=(16,), zero_neighbor_targets=0
GRAB train batch 76: pair_ids shape=(16,), range=0..10227, coefficients shape=(16, 2), sample_weights shape=(16,), zero_neighbor_targets=0
GRAB train batch 77: pair_ids shape=(12,), range=7..10987, coefficients shape=(12, 2), sample_weights shape=(12,), zero_neighbor_targets=0
VALIDATION
valid epoch balanced_accuracy: 0.553879
EPOCH 34:
GRAB train batch 1: pair_ids shape=(16,), range=59..6182, coefficients shape=(16, 2), sample_weights shape=(16,), zero_neighbor_targets=0
GRAB train batch 2: pair_ids shape=(16,), range=21..10800, coefficients shape=(16, 2), sample_weights shape=(16,), zero_neighbor_targets=0
GRAB train batch 3: pair_ids shape=(16,), range=0..5339, coefficients shape=(16, 2), sample_weights shape=(16,), zero_neighbor_targets=0
GRAB train batch 4: pair_ids shape=(16,), range=6..10988, coefficients shape=(16, 2), sample_weights shape=(16,), zero_neighbor_targets=0
GRAB train batch 5: pair_ids shape=(16,), range=52..10264, coefficients shape=(16, 2), sample_weights shape=(16,), zero_neighbor_targets=0
GRAB train batch 6: pair_ids shape=(16,), range=39..9913, coefficients shape=(16, 2), sample_weights shape=(16,), zero_neighbor_targets=0
GRAB train batch 7: pair_ids shape=(16,), range=64..10374, coefficients shape=(16, 2), sample_weights shape=(16,), zero_neighbor_targets=0
GRAB train batch 8: pair_ids shape=(16,), range=5..8233, coefficients shape=(16, 2), sample_weights shape=(16,), zero_neighbor_targets=0
GRAB train batch 9: pair_ids shape=(16,), range=33..10590, coefficients shape=(16, 2), sample_weights shape=(16,), zero_neighbor_targets=0
GRAB train batch 10: pair_ids shape=(16,), range=11..9914, coefficients shape=(16, 2), sample_weights shape=(16,), zero_neighbor_targets=0
GRAB train batch 11: pair_ids shape=(16,), range=131..10453, coefficients shape=(16, 2), sample_weights shape=(16,), zero_neighbor_targets=0
GRAB train batch 12: pair_ids shape=(16,), range=223..9939, coefficients shape=(16, 2), sample_weights shape=(16,), zero_neighbor_targets=0
GRAB train batch 13: pair_ids shape=(16,), range=86..7653, coefficients shape=(16, 2), sample_weights shape=(16,), zero_neighbor_targets=0
GRAB train batch 14: pair_ids shape=(16,), range=41..10850, coefficients shape=(16, 2), sample_weights shape=(16,), zero_neighbor_targets=0
GRAB train batch 15: pair_ids shape=(16,), range=24..10685, coefficients shape=(16, 2), sample_weights shape=(16,), zero_neighbor_targets=0
GRAB train batch 16: pair_ids shape=(16,), range=256..10772, coefficients shape=(16, 2), sample_weights shape=(16,), zero_neighbor_targets=0
GRAB train batch 17: pair_ids shape=(16,), range=156..6605, coefficients shape=(16, 2), sample_weights shape=(16,), zero_neighbor_targets=0
GRAB train batch 18: pair_ids shape=(16,), range=10..10027, coefficients shape=(16, 2), sample_weights shape=(16,), zero_neighbor_targets=0
GRAB train batch 19: pair_ids shape=(16,), range=19..9598, coefficients shape=(16, 2), sample_weights shape=(16,), zero_neighbor_targets=0
GRAB train batch 20: pair_ids shape=(16,), range=49..10795, coefficients shape=(16, 2), sample_weights shape=(16,), zero_neighbor_targets=0
GRAB train batch 21: pair_ids shape=(16,), range=20..10237, coefficients shape=(16, 2), sample_weights shape=(16,), zero_neighbor_targets=0
GRAB train batch 22: pair_ids shape=(16,), range=2..10384, coefficients shape=(16, 2), sample_weights shape=(16,), zero_neighbor_targets=0
GRAB train batch 23: pair_ids shape=(16,), range=50..10524, coefficients shape=(16, 2), sample_weights shape=(16,), zero_neighbor_targets=0
GRAB train batch 24: pair_ids shape=(16,), range=1..7278, coefficients shape=(16, 2), sample_weights shape=(16,), zero_neighbor_targets=0
GRAB train batch 25: pair_ids shape=(16,), range=57..10475, coefficients shape=(16, 2), sample_weights shape=(16,), zero_neighbor_targets=0
GRAB train batch 26: pair_ids shape=(16,), range=53..8668, coefficients shape=(16, 2), sample_weights shape=(16,), zero_neighbor_targets=0
GRAB train batch 27: pair_ids shape=(16,), range=3..9795, coefficients shape=(16, 2), sample_weights shape=(16,), zero_neighbor_targets=0
GRAB train batch 28: pair_ids shape=(16,), range=94..7923, coefficients shape=(16, 2), sample_weights shape=(16,), zero_neighbor_targets=0
GRAB train batch 29: pair_ids shape=(16,), range=40..7872, coefficients shape=(16, 2), sample_weights shape=(16,), zero_neighbor_targets=0
GRAB train batch 30: pair_ids shape=(16,), range=191..10398, coefficients shape=(16, 2), sample_weights shape=(16,), zero_neighbor_targets=0
GRAB train batch 31: pair_ids shape=(16,), range=15..7304, coefficients shape=(16, 2), sample_weights shape=(16,), zero_neighbor_targets=0
GRAB train batch 32: pair_ids shape=(16,), range=161..10742, coefficients shape=(16, 2), sample_weights shape=(16,), zero_neighbor_targets=0
GRAB train batch 33: pair_ids shape=(16,), range=14..10811, coefficients shape=(16, 2), sample_weights shape=(16,), zero_neighbor_targets=0
GRAB train batch 34: pair_ids shape=(16,), range=300..10312, coefficients shape=(16, 2), sample_weights shape=(16,), zero_neighbor_targets=0
GRAB train batch 35: pair_ids shape=(16,), range=42..10627, coefficients shape=(16, 2), sample_weights shape=(16,), zero_neighbor_targets=0
GRAB train batch 36: pair_ids shape=(16,), range=38..9818, coefficients shape=(16, 2), sample_weights shape=(16,), zero_neighbor_targets=0
GRAB train batch 37: pair_ids shape=(16,), range=190..10227, coefficients shape=(16, 2), sample_weights shape=(16,), zero_neighbor_targets=0
GRAB train batch 38: pair_ids shape=(16,), range=81..10404, coefficients shape=(16, 2), sample_weights shape=(16,), zero_neighbor_targets=0
GRAB train batch 39: pair_ids shape=(16,), range=48..10362, coefficients shape=(16, 2), sample_weights shape=(16,), zero_neighbor_targets=0
GRAB train batch 40: pair_ids shape=(16,), range=89..10248, coefficients shape=(16, 2), sample_weights shape=(16,), zero_neighbor_targets=0
GRAB train batch 41: pair_ids shape=(16,), range=16..10994, coefficients shape=(16, 2), sample_weights shape=(16,), zero_neighbor_targets=0
GRAB train batch 42: pair_ids shape=(16,), range=29..8363, coefficients shape=(16, 2), sample_weights shape=(16,), zero_neighbor_targets=0
GRAB train batch 43: pair_ids shape=(16,), range=173..9698, coefficients shape=(16, 2), sample_weights shape=(16,), zero_neighbor_targets=0
GRAB train batch 44: pair_ids shape=(16,), range=54..7815, coefficients shape=(16, 2), sample_weights shape=(16,), zero_neighbor_targets=0
GRAB train batch 45: pair_ids shape=(16,), range=60..7284, coefficients shape=(16, 2), sample_weights shape=(16,), zero_neighbor_targets=0
GRAB train batch 46: pair_ids shape=(16,), range=56..10728, coefficients shape=(16, 2), sample_weights shape=(16,), zero_neighbor_targets=0
GRAB train batch 47: pair_ids shape=(16,), range=87..10435, coefficients shape=(16, 2), sample_weights shape=(16,), zero_neighbor_targets=0
GRAB train batch 48: pair_ids shape=(16,), range=127..9727, coefficients shape=(16, 2), sample_weights shape=(16,), zero_neighbor_targets=0
GRAB train batch 49: pair_ids shape=(16,), range=7..10225, coefficients shape=(16, 2), sample_weights shape=(16,), zero_neighbor_targets=0
GRAB train batch 50: pair_ids shape=(16,), range=13..10935, coefficients shape=(16, 2), sample_weights shape=(16,), zero_neighbor_targets=0
GRAB train batch 51: pair_ids shape=(16,), range=238..8157, coefficients shape=(16, 2), sample_weights shape=(16,), zero_neighbor_targets=0
GRAB train batch 52: pair_ids shape=(16,), range=32..9840, coefficients shape=(16, 2), sample_weights shape=(16,), zero_neighbor_targets=0
GRAB train batch 53: pair_ids shape=(16,), range=108..10984, coefficients shape=(16, 2), sample_weights shape=(16,), zero_neighbor_targets=0
GRAB train batch 54: pair_ids shape=(16,), range=144..10851, coefficients shape=(16, 2), sample_weights shape=(16,), zero_neighbor_targets=0
GRAB train batch 55: pair_ids shape=(16,), range=34..10987, coefficients shape=(16, 2), sample_weights shape=(16,), zero_neighbor_targets=0
GRAB train batch 56: pair_ids shape=(16,), range=107..10764, coefficients shape=(16, 2), sample_weights shape=(16,), zero_neighbor_targets=0
GRAB train batch 57: pair_ids shape=(16,), range=18..10299, coefficients shape=(16, 2), sample_weights shape=(16,), zero_neighbor_targets=0
GRAB train batch 58: pair_ids shape=(16,), range=170..9546, coefficients shape=(16, 2), sample_weights shape=(16,), zero_neighbor_targets=0
GRAB train batch 59: pair_ids shape=(16,), range=98..8579, coefficients shape=(16, 2), sample_weights shape=(16,), zero_neighbor_targets=0
GRAB train batch 60: pair_ids shape=(16,), range=165..10471, coefficients shape=(16, 2), sample_weights shape=(16,), zero_neighbor_targets=0
GRAB train batch 61: pair_ids shape=(16,), range=43..10473, coefficients shape=(16, 2), sample_weights shape=(16,), zero_neighbor_targets=0
GRAB train batch 62: pair_ids shape=(16,), range=28..8858, coefficients shape=(16, 2), sample_weights shape=(16,), zero_neighbor_targets=0
GRAB train batch 63: pair_ids shape=(16,), range=23..10817, coefficients shape=(16, 2), sample_weights shape=(16,), zero_neighbor_targets=0
GRAB train batch 64: pair_ids shape=(16,), range=12..10462, coefficients shape=(16, 2), sample_weights shape=(16,), zero_neighbor_targets=0
GRAB train batch 65: pair_ids shape=(16,), range=139..7221, coefficients shape=(16, 2), sample_weights shape=(16,), zero_neighbor_targets=0
GRAB train batch 66: pair_ids shape=(16,), range=76..10836, coefficients shape=(16, 2), sample_weights shape=(16,), zero_neighbor_targets=0
GRAB train batch 67: pair_ids shape=(16,), range=22..10222, coefficients shape=(16, 2), sample_weights shape=(16,), zero_neighbor_targets=0
GRAB train batch 68: pair_ids shape=(16,), range=27..10205, coefficients shape=(16, 2), sample_weights shape=(16,), zero_neighbor_targets=0
GRAB train batch 69: pair_ids shape=(16,), range=9..10396, coefficients shape=(16, 2), sample_weights shape=(16,), zero_neighbor_targets=0
GRAB train batch 70: pair_ids shape=(16,), range=58..4485, coefficients shape=(16, 2), sample_weights shape=(16,), zero_neighbor_targets=0
GRAB train batch 71: pair_ids shape=(16,), range=4..10662, coefficients shape=(16, 2), sample_weights shape=(16,), zero_neighbor_targets=0
GRAB train batch 72: pair_ids shape=(16,), range=68..10537, coefficients shape=(16, 2), sample_weights shape=(16,), zero_neighbor_targets=0
GRAB train batch 73: pair_ids shape=(16,), range=66..10891, coefficients shape=(16, 2), sample_weights shape=(16,), zero_neighbor_targets=0
GRAB train batch 74: pair_ids shape=(16,), range=90..8841, coefficients shape=(16, 2), sample_weights shape=(16,), zero_neighbor_targets=0
GRAB train batch 75: pair_ids shape=(16,), range=207..8658, coefficients shape=(16, 2), sample_weights shape=(16,), zero_neighbor_targets=0
GRAB train batch 76: pair_ids shape=(16,), range=114..9887, coefficients shape=(16, 2), sample_weights shape=(16,), zero_neighbor_targets=0
GRAB train batch 77: pair_ids shape=(12,), range=125..10170, coefficients shape=(12, 2), sample_weights shape=(12,), zero_neighbor_targets=0
VALIDATION
valid epoch balanced_accuracy: 0.546695
EPOCH 35:
GRAB train batch 1: pair_ids shape=(16,), range=36..10764, coefficients shape=(16, 2), sample_weights shape=(16,), zero_neighbor_targets=0
GRAB train batch 2: pair_ids shape=(16,), range=55..9598, coefficients shape=(16, 2), sample_weights shape=(16,), zero_neighbor_targets=0
GRAB train batch 3: pair_ids shape=(16,), range=58..10590, coefficients shape=(16, 2), sample_weights shape=(16,), zero_neighbor_targets=0
GRAB train batch 4: pair_ids shape=(16,), range=35..7975, coefficients shape=(16, 2), sample_weights shape=(16,), zero_neighbor_targets=0
GRAB train batch 5: pair_ids shape=(16,), range=22..10850, coefficients shape=(16, 2), sample_weights shape=(16,), zero_neighbor_targets=0
GRAB train batch 6: pair_ids shape=(16,), range=103..10817, coefficients shape=(16, 2), sample_weights shape=(16,), zero_neighbor_targets=0
GRAB train batch 7: pair_ids shape=(16,), range=77..5037, coefficients shape=(16, 2), sample_weights shape=(16,), zero_neighbor_targets=0
GRAB train batch 8: pair_ids shape=(16,), range=117..6159, coefficients shape=(16, 2), sample_weights shape=(16,), zero_neighbor_targets=0
GRAB train batch 9: pair_ids shape=(16,), range=192..9939, coefficients shape=(16, 2), sample_weights shape=(16,), zero_neighbor_targets=0
GRAB train batch 10: pair_ids shape=(16,), range=63..10435, coefficients shape=(16, 2), sample_weights shape=(16,), zero_neighbor_targets=0
GRAB train batch 11: pair_ids shape=(16,), range=135..10404, coefficients shape=(16, 2), sample_weights shape=(16,), zero_neighbor_targets=0
GRAB train batch 12: pair_ids shape=(16,), range=143..10396, coefficients shape=(16, 2), sample_weights shape=(16,), zero_neighbor_targets=0
GRAB train batch 13: pair_ids shape=(16,), range=25..10411, coefficients shape=(16, 2), sample_weights shape=(16,), zero_neighbor_targets=0
GRAB train batch 14: pair_ids shape=(16,), range=16..10471, coefficients shape=(16, 2), sample_weights shape=(16,), zero_neighbor_targets=0
GRAB train batch 15: pair_ids shape=(16,), range=69..8858, coefficients shape=(16, 2), sample_weights shape=(16,), zero_neighbor_targets=0
GRAB train batch 16: pair_ids shape=(16,), range=17..5292, coefficients shape=(16, 2), sample_weights shape=(16,), zero_neighbor_targets=0
GRAB train batch 17: pair_ids shape=(16,), range=2..2589, coefficients shape=(16, 2), sample_weights shape=(16,), zero_neighbor_targets=0
GRAB train batch 18: pair_ids shape=(16,), range=56..8678, coefficients shape=(16, 2), sample_weights shape=(16,), zero_neighbor_targets=0
GRAB train batch 19: pair_ids shape=(16,), range=122..10935, coefficients shape=(16, 2), sample_weights shape=(16,), zero_neighbor_targets=0
GRAB train batch 20: pair_ids shape=(16,), range=3..10795, coefficients shape=(16, 2), sample_weights shape=(16,), zero_neighbor_targets=0
GRAB train batch 21: pair_ids shape=(16,), range=33..7942, coefficients shape=(16, 2), sample_weights shape=(16,), zero_neighbor_targets=0
GRAB train batch 22: pair_ids shape=(16,), range=6..9698, coefficients shape=(16, 2), sample_weights shape=(16,), zero_neighbor_targets=0
GRAB train batch 23: pair_ids shape=(16,), range=5..10994, coefficients shape=(16, 2), sample_weights shape=(16,), zero_neighbor_targets=0
GRAB train batch 24: pair_ids shape=(16,), range=18..8658, coefficients shape=(16, 2), sample_weights shape=(16,), zero_neighbor_targets=0
GRAB train batch 25: pair_ids shape=(16,), range=32..10005, coefficients shape=(16, 2), sample_weights shape=(16,), zero_neighbor_targets=0
GRAB train batch 26: pair_ids shape=(16,), range=11..10473, coefficients shape=(16, 2), sample_weights shape=(16,), zero_neighbor_targets=0
GRAB train batch 27: pair_ids shape=(16,), range=21..1482, coefficients shape=(16, 2), sample_weights shape=(16,), zero_neighbor_targets=0
GRAB train batch 28: pair_ids shape=(16,), range=31..10984, coefficients shape=(16, 2), sample_weights shape=(16,), zero_neighbor_targets=0
GRAB train batch 29: pair_ids shape=(16,), range=307..6283, coefficients shape=(16, 2), sample_weights shape=(16,), zero_neighbor_targets=0
GRAB train batch 30: pair_ids shape=(16,), range=95..10772, coefficients shape=(16, 2), sample_weights shape=(16,), zero_neighbor_targets=0
GRAB train batch 31: pair_ids shape=(16,), range=172..7785, coefficients shape=(16, 2), sample_weights shape=(16,), zero_neighbor_targets=0
GRAB train batch 32: pair_ids shape=(16,), range=112..10398, coefficients shape=(16, 2), sample_weights shape=(16,), zero_neighbor_targets=0
GRAB train batch 33: pair_ids shape=(16,), range=92..10851, coefficients shape=(16, 2), sample_weights shape=(16,), zero_neighbor_targets=0
GRAB train batch 34: pair_ids shape=(16,), range=155..10447, coefficients shape=(16, 2), sample_weights shape=(16,), zero_neighbor_targets=0
GRAB train batch 35: pair_ids shape=(16,), range=119..10891, coefficients shape=(16, 2), sample_weights shape=(16,), zero_neighbor_targets=0
GRAB train batch 36: pair_ids shape=(16,), range=23..10627, coefficients shape=(16, 2), sample_weights shape=(16,), zero_neighbor_targets=0
GRAB train batch 37: pair_ids shape=(16,), range=123..10537, coefficients shape=(16, 2), sample_weights shape=(16,), zero_neighbor_targets=0
GRAB train batch 38: pair_ids shape=(16,), range=213..10277, coefficients shape=(16, 2), sample_weights shape=(16,), zero_neighbor_targets=0
GRAB train batch 39: pair_ids shape=(16,), range=34..10500, coefficients shape=(16, 2), sample_weights shape=(16,), zero_neighbor_targets=0
GRAB train batch 40: pair_ids shape=(16,), range=9..7867, coefficients shape=(16, 2), sample_weights shape=(16,), zero_neighbor_targets=0
GRAB train batch 41: pair_ids shape=(16,), range=140..10264, coefficients shape=(16, 2), sample_weights shape=(16,), zero_neighbor_targets=0
GRAB train batch 42: pair_ids shape=(16,), range=39..8731, coefficients shape=(16, 2), sample_weights shape=(16,), zero_neighbor_targets=0
GRAB train batch 43: pair_ids shape=(16,), range=108..10222, coefficients shape=(16, 2), sample_weights shape=(16,), zero_neighbor_targets=0
GRAB train batch 44: pair_ids shape=(16,), range=8..6274, coefficients shape=(16, 2), sample_weights shape=(16,), zero_neighbor_targets=0
GRAB train batch 45: pair_ids shape=(16,), range=38..10800, coefficients shape=(16, 2), sample_weights shape=(16,), zero_neighbor_targets=0
GRAB train batch 46: pair_ids shape=(16,), range=7..7930, coefficients shape=(16, 2), sample_weights shape=(16,), zero_neighbor_targets=0
GRAB train batch 47: pair_ids shape=(16,), range=37..8841, coefficients shape=(16, 2), sample_weights shape=(16,), zero_neighbor_targets=0
GRAB train batch 48: pair_ids shape=(16,), range=26..10393, coefficients shape=(16, 2), sample_weights shape=(16,), zero_neighbor_targets=0
GRAB train batch 49: pair_ids shape=(16,), range=52..6230, coefficients shape=(16, 2), sample_weights shape=(16,), zero_neighbor_targets=0
GRAB train batch 50: pair_ids shape=(16,), range=28..8915, coefficients shape=(16, 2), sample_weights shape=(16,), zero_neighbor_targets=0
GRAB train batch 51: pair_ids shape=(16,), range=66..9956, coefficients shape=(16, 2), sample_weights shape=(16,), zero_neighbor_targets=0
GRAB train batch 52: pair_ids shape=(16,), range=20..7653, coefficients shape=(16, 2), sample_weights shape=(16,), zero_neighbor_targets=0
GRAB train batch 53: pair_ids shape=(16,), range=60..9913, coefficients shape=(16, 2), sample_weights shape=(16,), zero_neighbor_targets=0
GRAB train batch 54: pair_ids shape=(16,), range=13..7937, coefficients shape=(16, 2), sample_weights shape=(16,), zero_neighbor_targets=0
GRAB train batch 55: pair_ids shape=(16,), range=45..10836, coefficients shape=(16, 2), sample_weights shape=(16,), zero_neighbor_targets=0
GRAB train batch 56: pair_ids shape=(16,), range=160..8233, coefficients shape=(16, 2), sample_weights shape=(16,), zero_neighbor_targets=0
GRAB train batch 57: pair_ids shape=(16,), range=115..8051, coefficients shape=(16, 2), sample_weights shape=(16,), zero_neighbor_targets=0
GRAB train batch 58: pair_ids shape=(16,), range=53..10728, coefficients shape=(16, 2), sample_weights shape=(16,), zero_neighbor_targets=0
GRAB train batch 59: pair_ids shape=(16,), range=46..3783, coefficients shape=(16, 2), sample_weights shape=(16,), zero_neighbor_targets=0
GRAB train batch 60: pair_ids shape=(16,), range=124..10237, coefficients shape=(16, 2), sample_weights shape=(16,), zero_neighbor_targets=0
GRAB train batch 61: pair_ids shape=(16,), range=14..10811, coefficients shape=(16, 2), sample_weights shape=(16,), zero_neighbor_targets=0
GRAB train batch 62: pair_ids shape=(16,), range=41..10662, coefficients shape=(16, 2), sample_weights shape=(16,), zero_neighbor_targets=0
GRAB train batch 63: pair_ids shape=(16,), range=4..9914, coefficients shape=(16, 2), sample_weights shape=(16,), zero_neighbor_targets=0
GRAB train batch 64: pair_ids shape=(16,), range=89..7913, coefficients shape=(16, 2), sample_weights shape=(16,), zero_neighbor_targets=0
GRAB train batch 65: pair_ids shape=(16,), range=93..9892, coefficients shape=(16, 2), sample_weights shape=(16,), zero_neighbor_targets=0
GRAB train batch 66: pair_ids shape=(16,), range=1..10522, coefficients shape=(16, 2), sample_weights shape=(16,), zero_neighbor_targets=0
GRAB train batch 67: pair_ids shape=(16,), range=100..10462, coefficients shape=(16, 2), sample_weights shape=(16,), zero_neighbor_targets=0
GRAB train batch 68: pair_ids shape=(16,), range=0..10225, coefficients shape=(16, 2), sample_weights shape=(16,), zero_neighbor_targets=0
GRAB train batch 69: pair_ids shape=(16,), range=91..10299, coefficients shape=(16, 2), sample_weights shape=(16,), zero_neighbor_targets=0
GRAB train batch 70: pair_ids shape=(16,), range=422..10742, coefficients shape=(16, 2), sample_weights shape=(16,), zero_neighbor_targets=0
GRAB train batch 71: pair_ids shape=(16,), range=10..9727, coefficients shape=(16, 2), sample_weights shape=(16,), zero_neighbor_targets=0
GRAB train batch 72: pair_ids shape=(16,), range=29..10502, coefficients shape=(16, 2), sample_weights shape=(16,), zero_neighbor_targets=0
GRAB train batch 73: pair_ids shape=(16,), range=149..7979, coefficients shape=(16, 2), sample_weights shape=(16,), zero_neighbor_targets=0
GRAB train batch 74: pair_ids shape=(16,), range=27..9704, coefficients shape=(16, 2), sample_weights shape=(16,), zero_neighbor_targets=0
GRAB train batch 75: pair_ids shape=(16,), range=47..8668, coefficients shape=(16, 2), sample_weights shape=(16,), zero_neighbor_targets=0
GRAB train batch 76: pair_ids shape=(16,), range=12..10987, coefficients shape=(16, 2), sample_weights shape=(16,), zero_neighbor_targets=0
GRAB train batch 77: pair_ids shape=(12,), range=139..10988, coefficients shape=(12, 2), sample_weights shape=(12,), zero_neighbor_targets=0
VALIDATION
valid epoch balanced_accuracy: 0.443247
EPOCH 36:
GRAB train batch 1: pair_ids shape=(16,), range=15..10891, coefficients shape=(16, 2), sample_weights shape=(16,), zero_neighbor_targets=0
GRAB train batch 2: pair_ids shape=(16,), range=233..7683, coefficients shape=(16, 2), sample_weights shape=(16,), zero_neighbor_targets=0
GRAB train batch 3: pair_ids shape=(16,), range=8..10362, coefficients shape=(16, 2), sample_weights shape=(16,), zero_neighbor_targets=0
GRAB train batch 4: pair_ids shape=(16,), range=125..10772, coefficients shape=(16, 2), sample_weights shape=(16,), zero_neighbor_targets=0
GRAB train batch 5: pair_ids shape=(16,), range=63..8858, coefficients shape=(16, 2), sample_weights shape=(16,), zero_neighbor_targets=0
GRAB train batch 6: pair_ids shape=(16,), range=14..8200, coefficients shape=(16, 2), sample_weights shape=(16,), zero_neighbor_targets=0
GRAB train batch 7: pair_ids shape=(16,), range=7..10404, coefficients shape=(16, 2), sample_weights shape=(16,), zero_neighbor_targets=0
GRAB train batch 8: pair_ids shape=(16,), range=102..10312, coefficients shape=(16, 2), sample_weights shape=(16,), zero_neighbor_targets=0
GRAB train batch 9: pair_ids shape=(16,), range=11..7795, coefficients shape=(16, 2), sample_weights shape=(16,), zero_neighbor_targets=0
GRAB train batch 10: pair_ids shape=(16,), range=10..10398, coefficients shape=(16, 2), sample_weights shape=(16,), zero_neighbor_targets=0
GRAB train batch 11: pair_ids shape=(16,), range=213..9704, coefficients shape=(16, 2), sample_weights shape=(16,), zero_neighbor_targets=0
GRAB train batch 12: pair_ids shape=(16,), range=1..10764, coefficients shape=(16, 2), sample_weights shape=(16,), zero_neighbor_targets=0
GRAB train batch 13: pair_ids shape=(16,), range=261..10988, coefficients shape=(16, 2), sample_weights shape=(16,), zero_neighbor_targets=0
GRAB train batch 14: pair_ids shape=(16,), range=6..10471, coefficients shape=(16, 2), sample_weights shape=(16,), zero_neighbor_targets=0
GRAB train batch 15: pair_ids shape=(16,), range=118..9995, coefficients shape=(16, 2), sample_weights shape=(16,), zero_neighbor_targets=0
GRAB train batch 16: pair_ids shape=(16,), range=94..3810, coefficients shape=(16, 2), sample_weights shape=(16,), zero_neighbor_targets=0
GRAB train batch 17: pair_ids shape=(16,), range=172..7583, coefficients shape=(16, 2), sample_weights shape=(16,), zero_neighbor_targets=0
GRAB train batch 18: pair_ids shape=(16,), range=51..7221, coefficients shape=(16, 2), sample_weights shape=(16,), zero_neighbor_targets=0
GRAB train batch 19: pair_ids shape=(16,), range=85..8745, coefficients shape=(16, 2), sample_weights shape=(16,), zero_neighbor_targets=0
GRAB train batch 20: pair_ids shape=(16,), range=75..8373, coefficients shape=(16, 2), sample_weights shape=(16,), zero_neighbor_targets=0
GRAB train batch 21: pair_ids shape=(16,), range=16..10225, coefficients shape=(16, 2), sample_weights shape=(16,), zero_neighbor_targets=0
GRAB train batch 22: pair_ids shape=(16,), range=148..9822, coefficients shape=(16, 2), sample_weights shape=(16,), zero_neighbor_targets=0
GRAB train batch 23: pair_ids shape=(16,), range=44..8579, coefficients shape=(16, 2), sample_weights shape=(16,), zero_neighbor_targets=0
GRAB train batch 24: pair_ids shape=(16,), range=165..8876, coefficients shape=(16, 2), sample_weights shape=(16,), zero_neighbor_targets=0
GRAB train batch 25: pair_ids shape=(16,), range=61..10685, coefficients shape=(16, 2), sample_weights shape=(16,), zero_neighbor_targets=0
GRAB train batch 26: pair_ids shape=(16,), range=141..10987, coefficients shape=(16, 2), sample_weights shape=(16,), zero_neighbor_targets=0
GRAB train batch 27: pair_ids shape=(16,), range=21..10435, coefficients shape=(16, 2), sample_weights shape=(16,), zero_neighbor_targets=0
GRAB train batch 28: pair_ids shape=(16,), range=23..5607, coefficients shape=(16, 2), sample_weights shape=(16,), zero_neighbor_targets=0
GRAB train batch 29: pair_ids shape=(16,), range=100..7987, coefficients shape=(16, 2), sample_weights shape=(16,), zero_neighbor_targets=0
GRAB train batch 30: pair_ids shape=(16,), range=167..10984, coefficients shape=(16, 2), sample_weights shape=(16,), zero_neighbor_targets=0
GRAB train batch 31: pair_ids shape=(16,), range=49..10447, coefficients shape=(16, 2), sample_weights shape=(16,), zero_neighbor_targets=0
GRAB train batch 32: pair_ids shape=(16,), range=3..10935, coefficients shape=(16, 2), sample_weights shape=(16,), zero_neighbor_targets=0
GRAB train batch 33: pair_ids shape=(16,), range=65..6846, coefficients shape=(16, 2), sample_weights shape=(16,), zero_neighbor_targets=0
GRAB train batch 34: pair_ids shape=(16,), range=9..10524, coefficients shape=(16, 2), sample_weights shape=(16,), zero_neighbor_targets=0
GRAB train batch 35: pair_ids shape=(16,), range=105..10009, coefficients shape=(16, 2), sample_weights shape=(16,), zero_neighbor_targets=0
GRAB train batch 36: pair_ids shape=(16,), range=87..9739, coefficients shape=(16, 2), sample_weights shape=(16,), zero_neighbor_targets=0
GRAB train batch 37: pair_ids shape=(16,), range=80..5501, coefficients shape=(16, 2), sample_weights shape=(16,), zero_neighbor_targets=0
GRAB train batch 38: pair_ids shape=(16,), range=70..10205, coefficients shape=(16, 2), sample_weights shape=(16,), zero_neighbor_targets=0
GRAB train batch 39: pair_ids shape=(16,), range=103..10462, coefficients shape=(16, 2), sample_weights shape=(16,), zero_neighbor_targets=0
GRAB train batch 40: pair_ids shape=(16,), range=24..10728, coefficients shape=(16, 2), sample_weights shape=(16,), zero_neighbor_targets=0
GRAB train batch 41: pair_ids shape=(16,), range=90..8928, coefficients shape=(16, 2), sample_weights shape=(16,), zero_neighbor_targets=0
GRAB train batch 42: pair_ids shape=(16,), range=2..10817, coefficients shape=(16, 2), sample_weights shape=(16,), zero_neighbor_targets=0
GRAB train batch 43: pair_ids shape=(16,), range=74..7940, coefficients shape=(16, 2), sample_weights shape=(16,), zero_neighbor_targets=0
GRAB train batch 44: pair_ids shape=(16,), range=45..8370, coefficients shape=(16, 2), sample_weights shape=(16,), zero_neighbor_targets=0
GRAB train batch 45: pair_ids shape=(16,), range=22..9939, coefficients shape=(16, 2), sample_weights shape=(16,), zero_neighbor_targets=0
GRAB train batch 46: pair_ids shape=(16,), range=98..8739, coefficients shape=(16, 2), sample_weights shape=(16,), zero_neighbor_targets=0
GRAB train batch 47: pair_ids shape=(16,), range=28..9598, coefficients shape=(16, 2), sample_weights shape=(16,), zero_neighbor_targets=0
GRAB train batch 48: pair_ids shape=(16,), range=30..6515, coefficients shape=(16, 2), sample_weights shape=(16,), zero_neighbor_targets=0
GRAB train batch 49: pair_ids shape=(16,), range=26..10170, coefficients shape=(16, 2), sample_weights shape=(16,), zero_neighbor_targets=0
GRAB train batch 50: pair_ids shape=(16,), range=264..7496, coefficients shape=(16, 2), sample_weights shape=(16,), zero_neighbor_targets=0
GRAB train batch 51: pair_ids shape=(16,), range=169..10264, coefficients shape=(16, 2), sample_weights shape=(16,), zero_neighbor_targets=0
GRAB train batch 52: pair_ids shape=(16,), range=109..10836, coefficients shape=(16, 2), sample_weights shape=(16,), zero_neighbor_targets=0
GRAB train batch 53: pair_ids shape=(16,), range=42..10811, coefficients shape=(16, 2), sample_weights shape=(16,), zero_neighbor_targets=0
GRAB train batch 54: pair_ids shape=(16,), range=265..10994, coefficients shape=(16, 2), sample_weights shape=(16,), zero_neighbor_targets=0
GRAB train batch 55: pair_ids shape=(16,), range=0..10237, coefficients shape=(16, 2), sample_weights shape=(16,), zero_neighbor_targets=0
GRAB train batch 56: pair_ids shape=(16,), range=143..10411, coefficients shape=(16, 2), sample_weights shape=(16,), zero_neighbor_targets=0
GRAB train batch 57: pair_ids shape=(16,), range=131..10850, coefficients shape=(16, 2), sample_weights shape=(16,), zero_neighbor_targets=0
GRAB train batch 58: pair_ids shape=(16,), range=95..10222, coefficients shape=(16, 2), sample_weights shape=(16,), zero_neighbor_targets=0
GRAB train batch 59: pair_ids shape=(16,), range=18..9914, coefficients shape=(16, 2), sample_weights shape=(16,), zero_neighbor_targets=0
GRAB train batch 60: pair_ids shape=(16,), range=166..7829, coefficients shape=(16, 2), sample_weights shape=(16,), zero_neighbor_targets=0
GRAB train batch 61: pair_ids shape=(16,), range=20..9913, coefficients shape=(16, 2), sample_weights shape=(16,), zero_neighbor_targets=0
GRAB train batch 62: pair_ids shape=(16,), range=12..7440, coefficients shape=(16, 2), sample_weights shape=(16,), zero_neighbor_targets=0
GRAB train batch 63: pair_ids shape=(16,), range=235..7522, coefficients shape=(16, 2), sample_weights shape=(16,), zero_neighbor_targets=0
GRAB train batch 64: pair_ids shape=(16,), range=35..5486, coefficients shape=(16, 2), sample_weights shape=(16,), zero_neighbor_targets=0
GRAB train batch 65: pair_ids shape=(16,), range=58..10522, coefficients shape=(16, 2), sample_weights shape=(16,), zero_neighbor_targets=0
GRAB train batch 66: pair_ids shape=(16,), range=33..10453, coefficients shape=(16, 2), sample_weights shape=(16,), zero_neighbor_targets=0
GRAB train batch 67: pair_ids shape=(16,), range=17..5865, coefficients shape=(16, 2), sample_weights shape=(16,), zero_neighbor_targets=0
GRAB train batch 68: pair_ids shape=(16,), range=27..9954, coefficients shape=(16, 2), sample_weights shape=(16,), zero_neighbor_targets=0
GRAB train batch 69: pair_ids shape=(16,), range=104..10627, coefficients shape=(16, 2), sample_weights shape=(16,), zero_neighbor_targets=0
GRAB train batch 70: pair_ids shape=(16,), range=92..5419, coefficients shape=(16, 2), sample_weights shape=(16,), zero_neighbor_targets=0
GRAB train batch 71: pair_ids shape=(16,), range=4..10500, coefficients shape=(16, 2), sample_weights shape=(16,), zero_neighbor_targets=0
GRAB train batch 72: pair_ids shape=(16,), range=138..10662, coefficients shape=(16, 2), sample_weights shape=(16,), zero_neighbor_targets=0
GRAB train batch 73: pair_ids shape=(16,), range=71..10800, coefficients shape=(16, 2), sample_weights shape=(16,), zero_neighbor_targets=0
GRAB train batch 74: pair_ids shape=(16,), range=47..10475, coefficients shape=(16, 2), sample_weights shape=(16,), zero_neighbor_targets=0
GRAB train batch 75: pair_ids shape=(16,), range=53..9840, coefficients shape=(16, 2), sample_weights shape=(16,), zero_neighbor_targets=0
GRAB train batch 76: pair_ids shape=(16,), range=212..9956, coefficients shape=(16, 2), sample_weights shape=(16,), zero_neighbor_targets=0
GRAB train batch 77: pair_ids shape=(12,), range=79..10600, coefficients shape=(12, 2), sample_weights shape=(12,), zero_neighbor_targets=0
VALIDATION
valid epoch balanced_accuracy: 0.481322
EPOCH 37:
GRAB train batch 1: pair_ids shape=(16,), range=16..7979, coefficients shape=(16, 2), sample_weights shape=(16,), zero_neighbor_targets=0
GRAB train batch 2: pair_ids shape=(16,), range=86..9818, coefficients shape=(16, 2), sample_weights shape=(16,), zero_neighbor_targets=0
GRAB train batch 3: pair_ids shape=(16,), range=49..5972, coefficients shape=(16, 2), sample_weights shape=(16,), zero_neighbor_targets=0
GRAB train batch 4: pair_ids shape=(16,), range=142..6522, coefficients shape=(16, 2), sample_weights shape=(16,), zero_neighbor_targets=0
GRAB train batch 5: pair_ids shape=(16,), range=14..10685, coefficients shape=(16, 2), sample_weights shape=(16,), zero_neighbor_targets=0
GRAB train batch 6: pair_ids shape=(16,), range=121..10502, coefficients shape=(16, 2), sample_weights shape=(16,), zero_neighbor_targets=0
GRAB train batch 7: pair_ids shape=(16,), range=71..10396, coefficients shape=(16, 2), sample_weights shape=(16,), zero_neighbor_targets=0
GRAB train batch 8: pair_ids shape=(16,), range=21..10005, coefficients shape=(16, 2), sample_weights shape=(16,), zero_neighbor_targets=0
GRAB train batch 9: pair_ids shape=(16,), range=36..7405, coefficients shape=(16, 2), sample_weights shape=(16,), zero_neighbor_targets=0
GRAB train batch 10: pair_ids shape=(16,), range=48..8210, coefficients shape=(16, 2), sample_weights shape=(16,), zero_neighbor_targets=0
GRAB train batch 11: pair_ids shape=(16,), range=31..8903, coefficients shape=(16, 2), sample_weights shape=(16,), zero_neighbor_targets=0
GRAB train batch 12: pair_ids shape=(16,), range=371..8841, coefficients shape=(16, 2), sample_weights shape=(16,), zero_neighbor_targets=0
GRAB train batch 13: pair_ids shape=(16,), range=68..10524, coefficients shape=(16, 2), sample_weights shape=(16,), zero_neighbor_targets=0
GRAB train batch 14: pair_ids shape=(16,), range=80..10453, coefficients shape=(16, 2), sample_weights shape=(16,), zero_neighbor_targets=0
GRAB train batch 15: pair_ids shape=(16,), range=53..9727, coefficients shape=(16, 2), sample_weights shape=(16,), zero_neighbor_targets=0
GRAB train batch 16: pair_ids shape=(16,), range=4..8521, coefficients shape=(16, 2), sample_weights shape=(16,), zero_neighbor_targets=0
GRAB train batch 17: pair_ids shape=(16,), range=85..10662, coefficients shape=(16, 2), sample_weights shape=(16,), zero_neighbor_targets=0
GRAB train batch 18: pair_ids shape=(16,), range=196..7975, coefficients shape=(16, 2), sample_weights shape=(16,), zero_neighbor_targets=0
GRAB train batch 19: pair_ids shape=(16,), range=9..9954, coefficients shape=(16, 2), sample_weights shape=(16,), zero_neighbor_targets=0
GRAB train batch 20: pair_ids shape=(16,), range=25..6515, coefficients shape=(16, 2), sample_weights shape=(16,), zero_neighbor_targets=0
GRAB train batch 21: pair_ids shape=(16,), range=3..5037, coefficients shape=(16, 2), sample_weights shape=(16,), zero_neighbor_targets=0
GRAB train batch 22: pair_ids shape=(16,), range=34..10728, coefficients shape=(16, 2), sample_weights shape=(16,), zero_neighbor_targets=0
GRAB train batch 23: pair_ids shape=(16,), range=193..10984, coefficients shape=(16, 2), sample_weights shape=(16,), zero_neighbor_targets=0
GRAB train batch 24: pair_ids shape=(16,), range=10..10994, coefficients shape=(16, 2), sample_weights shape=(16,), zero_neighbor_targets=0
GRAB train batch 25: pair_ids shape=(16,), range=41..10398, coefficients shape=(16, 2), sample_weights shape=(16,), zero_neighbor_targets=0
GRAB train batch 26: pair_ids shape=(16,), range=11..10404, coefficients shape=(16, 2), sample_weights shape=(16,), zero_neighbor_targets=0
GRAB train batch 27: pair_ids shape=(16,), range=30..7913, coefficients shape=(16, 2), sample_weights shape=(16,), zero_neighbor_targets=0
GRAB train batch 28: pair_ids shape=(16,), range=7..10205, coefficients shape=(16, 2), sample_weights shape=(16,), zero_neighbor_targets=0
GRAB train batch 29: pair_ids shape=(16,), range=98..8594, coefficients shape=(16, 2), sample_weights shape=(16,), zero_neighbor_targets=0
GRAB train batch 30: pair_ids shape=(16,), range=61..5460, coefficients shape=(16, 2), sample_weights shape=(16,), zero_neighbor_targets=0
GRAB train batch 31: pair_ids shape=(16,), range=12..6167, coefficients shape=(16, 2), sample_weights shape=(16,), zero_neighbor_targets=0
GRAB train batch 32: pair_ids shape=(16,), range=0..10742, coefficients shape=(16, 2), sample_weights shape=(16,), zero_neighbor_targets=0
GRAB train batch 33: pair_ids shape=(16,), range=56..7278, coefficients shape=(16, 2), sample_weights shape=(16,), zero_neighbor_targets=0
GRAB train batch 34: pair_ids shape=(16,), range=77..10299, coefficients shape=(16, 2), sample_weights shape=(16,), zero_neighbor_targets=0
GRAB train batch 35: pair_ids shape=(16,), range=84..9887, coefficients shape=(16, 2), sample_weights shape=(16,), zero_neighbor_targets=0
GRAB train batch 36: pair_ids shape=(16,), range=88..10027, coefficients shape=(16, 2), sample_weights shape=(16,), zero_neighbor_targets=0
GRAB train batch 37: pair_ids shape=(16,), range=66..10393, coefficients shape=(16, 2), sample_weights shape=(16,), zero_neighbor_targets=0
GRAB train batch 38: pair_ids shape=(16,), range=115..10264, coefficients shape=(16, 2), sample_weights shape=(16,), zero_neighbor_targets=0
GRAB train batch 39: pair_ids shape=(16,), range=24..7879, coefficients shape=(16, 2), sample_weights shape=(16,), zero_neighbor_targets=0
GRAB train batch 40: pair_ids shape=(16,), range=18..9704, coefficients shape=(16, 2), sample_weights shape=(16,), zero_neighbor_targets=0
GRAB train batch 41: pair_ids shape=(16,), range=6..8671, coefficients shape=(16, 2), sample_weights shape=(16,), zero_neighbor_targets=0
GRAB train batch 42: pair_ids shape=(16,), range=51..10537, coefficients shape=(16, 2), sample_weights shape=(16,), zero_neighbor_targets=0
GRAB train batch 43: pair_ids shape=(16,), range=130..10462, coefficients shape=(16, 2), sample_weights shape=(16,), zero_neighbor_targets=0
GRAB train batch 44: pair_ids shape=(16,), range=23..5280, coefficients shape=(16, 2), sample_weights shape=(16,), zero_neighbor_targets=0
GRAB train batch 45: pair_ids shape=(16,), range=40..10988, coefficients shape=(16, 2), sample_weights shape=(16,), zero_neighbor_targets=0
GRAB train batch 46: pair_ids shape=(16,), range=65..10374, coefficients shape=(16, 2), sample_weights shape=(16,), zero_neighbor_targets=0
GRAB train batch 47: pair_ids shape=(16,), range=72..8157, coefficients shape=(16, 2), sample_weights shape=(16,), zero_neighbor_targets=0
GRAB train batch 48: pair_ids shape=(16,), range=62..10850, coefficients shape=(16, 2), sample_weights shape=(16,), zero_neighbor_targets=0
GRAB train batch 49: pair_ids shape=(16,), range=1..10360, coefficients shape=(16, 2), sample_weights shape=(16,), zero_neighbor_targets=0
GRAB train batch 50: pair_ids shape=(16,), range=26..10891, coefficients shape=(16, 2), sample_weights shape=(16,), zero_neighbor_targets=0
GRAB train batch 51: pair_ids shape=(16,), range=15..9913, coefficients shape=(16, 2), sample_weights shape=(16,), zero_neighbor_targets=0
GRAB train batch 52: pair_ids shape=(16,), range=46..10384, coefficients shape=(16, 2), sample_weights shape=(16,), zero_neighbor_targets=0
GRAB train batch 53: pair_ids shape=(16,), range=45..10009, coefficients shape=(16, 2), sample_weights shape=(16,), zero_neighbor_targets=0
GRAB train batch 54: pair_ids shape=(16,), range=38..10500, coefficients shape=(16, 2), sample_weights shape=(16,), zero_neighbor_targets=0
GRAB train batch 55: pair_ids shape=(16,), range=168..8510, coefficients shape=(16, 2), sample_weights shape=(16,), zero_neighbor_targets=0
GRAB train batch 56: pair_ids shape=(16,), range=194..7795, coefficients shape=(16, 2), sample_weights shape=(16,), zero_neighbor_targets=0
GRAB train batch 57: pair_ids shape=(16,), range=152..10817, coefficients shape=(16, 2), sample_weights shape=(16,), zero_neighbor_targets=0
GRAB train batch 58: pair_ids shape=(16,), range=50..10800, coefficients shape=(16, 2), sample_weights shape=(16,), zero_neighbor_targets=0
GRAB train batch 59: pair_ids shape=(16,), range=94..9598, coefficients shape=(16, 2), sample_weights shape=(16,), zero_neighbor_targets=0
GRAB train batch 60: pair_ids shape=(16,), range=118..10987, coefficients shape=(16, 2), sample_weights shape=(16,), zero_neighbor_targets=0
GRAB train batch 61: pair_ids shape=(16,), range=44..10600, coefficients shape=(16, 2), sample_weights shape=(16,), zero_neighbor_targets=0
GRAB train batch 62: pair_ids shape=(16,), range=28..9892, coefficients shape=(16, 2), sample_weights shape=(16,), zero_neighbor_targets=0
GRAB train batch 63: pair_ids shape=(16,), range=2..8739, coefficients shape=(16, 2), sample_weights shape=(16,), zero_neighbor_targets=0
GRAB train batch 64: pair_ids shape=(16,), range=155..10811, coefficients shape=(16, 2), sample_weights shape=(16,), zero_neighbor_targets=0
GRAB train batch 65: pair_ids shape=(16,), range=13..10248, coefficients shape=(16, 2), sample_weights shape=(16,), zero_neighbor_targets=0
GRAB train batch 66: pair_ids shape=(16,), range=58..9696, coefficients shape=(16, 2), sample_weights shape=(16,), zero_neighbor_targets=0
GRAB train batch 67: pair_ids shape=(16,), range=35..10170, coefficients shape=(16, 2), sample_weights shape=(16,), zero_neighbor_targets=0
GRAB train batch 68: pair_ids shape=(16,), range=22..10772, coefficients shape=(16, 2), sample_weights shape=(16,), zero_neighbor_targets=0
GRAB train batch 69: pair_ids shape=(16,), range=8..10227, coefficients shape=(16, 2), sample_weights shape=(16,), zero_neighbor_targets=0
GRAB train batch 70: pair_ids shape=(16,), range=81..10475, coefficients shape=(16, 2), sample_weights shape=(16,), zero_neighbor_targets=0
GRAB train batch 71: pair_ids shape=(16,), range=27..10851, coefficients shape=(16, 2), sample_weights shape=(16,), zero_neighbor_targets=0
GRAB train batch 72: pair_ids shape=(16,), range=17..9698, coefficients shape=(16, 2), sample_weights shape=(16,), zero_neighbor_targets=0
GRAB train batch 73: pair_ids shape=(16,), range=76..10836, coefficients shape=(16, 2), sample_weights shape=(16,), zero_neighbor_targets=0
GRAB train batch 74: pair_ids shape=(16,), range=75..8313, coefficients shape=(16, 2), sample_weights shape=(16,), zero_neighbor_targets=0
GRAB train batch 75: pair_ids shape=(16,), range=97..8729, coefficients shape=(16, 2), sample_weights shape=(16,), zero_neighbor_targets=0
GRAB train batch 76: pair_ids shape=(16,), range=55..8668, coefficients shape=(16, 2), sample_weights shape=(16,), zero_neighbor_targets=0
GRAB train batch 77: pair_ids shape=(12,), range=5..10935, coefficients shape=(12, 2), sample_weights shape=(12,), zero_neighbor_targets=0
VALIDATION
valid epoch balanced_accuracy: 0.512213
EPOCH 38:
GRAB train batch 1: pair_ids shape=(16,), range=2..7975, coefficients shape=(16, 2), sample_weights shape=(16,), zero_neighbor_targets=0
GRAB train batch 2: pair_ids shape=(16,), range=129..10685, coefficients shape=(16, 2), sample_weights shape=(16,), zero_neighbor_targets=0
GRAB train batch 3: pair_ids shape=(16,), range=14..10728, coefficients shape=(16, 2), sample_weights shape=(16,), zero_neighbor_targets=0
GRAB train batch 4: pair_ids shape=(16,), range=203..4412, coefficients shape=(16, 2), sample_weights shape=(16,), zero_neighbor_targets=0
GRAB train batch 5: pair_ids shape=(16,), range=55..10475, coefficients shape=(16, 2), sample_weights shape=(16,), zero_neighbor_targets=0
GRAB train batch 6: pair_ids shape=(16,), range=82..10742, coefficients shape=(16, 2), sample_weights shape=(16,), zero_neighbor_targets=0
GRAB train batch 7: pair_ids shape=(16,), range=3..10795, coefficients shape=(16, 2), sample_weights shape=(16,), zero_neighbor_targets=0
GRAB train batch 8: pair_ids shape=(16,), range=16..10800, coefficients shape=(16, 2), sample_weights shape=(16,), zero_neighbor_targets=0
GRAB train batch 9: pair_ids shape=(16,), range=99..9698, coefficients shape=(16, 2), sample_weights shape=(16,), zero_neighbor_targets=0
GRAB train batch 10: pair_ids shape=(16,), range=50..9892, coefficients shape=(16, 2), sample_weights shape=(16,), zero_neighbor_targets=0
GRAB train batch 11: pair_ids shape=(16,), range=31..10590, coefficients shape=(16, 2), sample_weights shape=(16,), zero_neighbor_targets=0
GRAB train batch 12: pair_ids shape=(16,), range=57..10500, coefficients shape=(16, 2), sample_weights shape=(16,), zero_neighbor_targets=0
GRAB train batch 13: pair_ids shape=(16,), range=5..10248, coefficients shape=(16, 2), sample_weights shape=(16,), zero_neighbor_targets=0
GRAB train batch 14: pair_ids shape=(16,), range=39..10225, coefficients shape=(16, 2), sample_weights shape=(16,), zero_neighbor_targets=0
GRAB train batch 15: pair_ids shape=(16,), range=26..5288, coefficients shape=(16, 2), sample_weights shape=(16,), zero_neighbor_targets=0
GRAB train batch 16: pair_ids shape=(16,), range=115..10393, coefficients shape=(16, 2), sample_weights shape=(16,), zero_neighbor_targets=0
GRAB train batch 17: pair_ids shape=(16,), range=44..10935, coefficients shape=(16, 2), sample_weights shape=(16,), zero_neighbor_targets=0
GRAB train batch 18: pair_ids shape=(16,), range=13..2928, coefficients shape=(16, 2), sample_weights shape=(16,), zero_neighbor_targets=0
GRAB train batch 19: pair_ids shape=(16,), range=76..8903, coefficients shape=(16, 2), sample_weights shape=(16,), zero_neighbor_targets=0
GRAB train batch 20: pair_ids shape=(16,), range=296..10435, coefficients shape=(16, 2), sample_weights shape=(16,), zero_neighbor_targets=0
GRAB train batch 21: pair_ids shape=(16,), range=30..7940, coefficients shape=(16, 2), sample_weights shape=(16,), zero_neighbor_targets=0
GRAB train batch 22: pair_ids shape=(16,), range=40..10331, coefficients shape=(16, 2), sample_weights shape=(16,), zero_neighbor_targets=0
GRAB train batch 23: pair_ids shape=(16,), range=22..7921, coefficients shape=(16, 2), sample_weights shape=(16,), zero_neighbor_targets=0
GRAB train batch 24: pair_ids shape=(16,), range=6..10227, coefficients shape=(16, 2), sample_weights shape=(16,), zero_neighbor_targets=0
GRAB train batch 25: pair_ids shape=(16,), range=25..8841, coefficients shape=(16, 2), sample_weights shape=(16,), zero_neighbor_targets=0
GRAB train batch 26: pair_ids shape=(16,), range=23..9598, coefficients shape=(16, 2), sample_weights shape=(16,), zero_neighbor_targets=0
GRAB train batch 27: pair_ids shape=(16,), range=89..10772, coefficients shape=(16, 2), sample_weights shape=(16,), zero_neighbor_targets=0
GRAB train batch 28: pair_ids shape=(16,), range=158..8772, coefficients shape=(16, 2), sample_weights shape=(16,), zero_neighbor_targets=0
GRAB train batch 29: pair_ids shape=(16,), range=36..10891, coefficients shape=(16, 2), sample_weights shape=(16,), zero_neighbor_targets=0
GRAB train batch 30: pair_ids shape=(16,), range=131..6156, coefficients shape=(16, 2), sample_weights shape=(16,), zero_neighbor_targets=0
GRAB train batch 31: pair_ids shape=(16,), range=11..10537, coefficients shape=(16, 2), sample_weights shape=(16,), zero_neighbor_targets=0
GRAB train batch 32: pair_ids shape=(16,), range=155..10264, coefficients shape=(16, 2), sample_weights shape=(16,), zero_neighbor_targets=0
GRAB train batch 33: pair_ids shape=(16,), range=7..10627, coefficients shape=(16, 2), sample_weights shape=(16,), zero_neighbor_targets=0
GRAB train batch 34: pair_ids shape=(16,), range=51..9704, coefficients shape=(16, 2), sample_weights shape=(16,), zero_neighbor_targets=0
GRAB train batch 35: pair_ids shape=(16,), range=248..10447, coefficients shape=(16, 2), sample_weights shape=(16,), zero_neighbor_targets=0
GRAB train batch 36: pair_ids shape=(16,), range=20..10994, coefficients shape=(16, 2), sample_weights shape=(16,), zero_neighbor_targets=0
GRAB train batch 37: pair_ids shape=(16,), range=65..10009, coefficients shape=(16, 2), sample_weights shape=(16,), zero_neighbor_targets=0
GRAB train batch 38: pair_ids shape=(16,), range=101..10850, coefficients shape=(16, 2), sample_weights shape=(16,), zero_neighbor_targets=0
GRAB train batch 39: pair_ids shape=(16,), range=98..10404, coefficients shape=(16, 2), sample_weights shape=(16,), zero_neighbor_targets=0
GRAB train batch 40: pair_ids shape=(16,), range=41..8911, coefficients shape=(16, 2), sample_weights shape=(16,), zero_neighbor_targets=0
GRAB train batch 41: pair_ids shape=(16,), range=106..7411, coefficients shape=(16, 2), sample_weights shape=(16,), zero_neighbor_targets=0
GRAB train batch 42: pair_ids shape=(16,), range=21..9914, coefficients shape=(16, 2), sample_weights shape=(16,), zero_neighbor_targets=0
GRAB train batch 43: pair_ids shape=(16,), range=104..8668, coefficients shape=(16, 2), sample_weights shape=(16,), zero_neighbor_targets=0
GRAB train batch 44: pair_ids shape=(16,), range=189..10987, coefficients shape=(16, 2), sample_weights shape=(16,), zero_neighbor_targets=0
GRAB train batch 45: pair_ids shape=(16,), range=35..9887, coefficients shape=(16, 2), sample_weights shape=(16,), zero_neighbor_targets=0
GRAB train batch 46: pair_ids shape=(16,), range=102..10811, coefficients shape=(16, 2), sample_weights shape=(16,), zero_neighbor_targets=0
GRAB train batch 47: pair_ids shape=(16,), range=0..9913, coefficients shape=(16, 2), sample_weights shape=(16,), zero_neighbor_targets=0
GRAB train batch 48: pair_ids shape=(16,), range=147..8373, coefficients shape=(16, 2), sample_weights shape=(16,), zero_neighbor_targets=0
GRAB train batch 49: pair_ids shape=(16,), range=138..8731, coefficients shape=(16, 2), sample_weights shape=(16,), zero_neighbor_targets=0
GRAB train batch 50: pair_ids shape=(16,), range=59..10524, coefficients shape=(16, 2), sample_weights shape=(16,), zero_neighbor_targets=0
GRAB train batch 51: pair_ids shape=(16,), range=4..10988, coefficients shape=(16, 2), sample_weights shape=(16,), zero_neighbor_targets=0
GRAB train batch 52: pair_ids shape=(16,), range=1..10836, coefficients shape=(16, 2), sample_weights shape=(16,), zero_neighbor_targets=0
GRAB train batch 53: pair_ids shape=(16,), range=78..10205, coefficients shape=(16, 2), sample_weights shape=(16,), zero_neighbor_targets=0
GRAB train batch 54: pair_ids shape=(16,), range=114..8491, coefficients shape=(16, 2), sample_weights shape=(16,), zero_neighbor_targets=0
GRAB train batch 55: pair_ids shape=(16,), range=28..8876, coefficients shape=(16, 2), sample_weights shape=(16,), zero_neighbor_targets=0
GRAB train batch 56: pair_ids shape=(16,), range=137..7863, coefficients shape=(16, 2), sample_weights shape=(16,), zero_neighbor_targets=0
GRAB train batch 57: pair_ids shape=(16,), range=61..10005, coefficients shape=(16, 2), sample_weights shape=(16,), zero_neighbor_targets=0
GRAB train batch 58: pair_ids shape=(16,), range=15..10411, coefficients shape=(16, 2), sample_weights shape=(16,), zero_neighbor_targets=0
GRAB train batch 59: pair_ids shape=(16,), range=47..10851, coefficients shape=(16, 2), sample_weights shape=(16,), zero_neighbor_targets=0
GRAB train batch 60: pair_ids shape=(16,), range=10..9840, coefficients shape=(16, 2), sample_weights shape=(16,), zero_neighbor_targets=0
GRAB train batch 61: pair_ids shape=(16,), range=169..8370, coefficients shape=(16, 2), sample_weights shape=(16,), zero_neighbor_targets=0
GRAB train batch 62: pair_ids shape=(16,), range=46..7369, coefficients shape=(16, 2), sample_weights shape=(16,), zero_neighbor_targets=0
GRAB train batch 63: pair_ids shape=(16,), range=68..7872, coefficients shape=(16, 2), sample_weights shape=(16,), zero_neighbor_targets=0
GRAB train batch 64: pair_ids shape=(16,), range=91..10027, coefficients shape=(16, 2), sample_weights shape=(16,), zero_neighbor_targets=0
GRAB train batch 65: pair_ids shape=(16,), range=297..9739, coefficients shape=(16, 2), sample_weights shape=(16,), zero_neighbor_targets=0
GRAB train batch 66: pair_ids shape=(16,), range=80..10764, coefficients shape=(16, 2), sample_weights shape=(16,), zero_neighbor_targets=0
GRAB train batch 67: pair_ids shape=(16,), range=119..9954, coefficients shape=(16, 2), sample_weights shape=(16,), zero_neighbor_targets=0
GRAB train batch 68: pair_ids shape=(16,), range=87..10462, coefficients shape=(16, 2), sample_weights shape=(16,), zero_neighbor_targets=0
GRAB train batch 69: pair_ids shape=(16,), range=53..7785, coefficients shape=(16, 2), sample_weights shape=(16,), zero_neighbor_targets=0
GRAB train batch 70: pair_ids shape=(16,), range=48..10259, coefficients shape=(16, 2), sample_weights shape=(16,), zero_neighbor_targets=0
GRAB train batch 71: pair_ids shape=(16,), range=70..10237, coefficients shape=(16, 2), sample_weights shape=(16,), zero_neighbor_targets=0
GRAB train batch 72: pair_ids shape=(16,), range=107..10471, coefficients shape=(16, 2), sample_weights shape=(16,), zero_neighbor_targets=0
GRAB train batch 73: pair_ids shape=(16,), range=9..7857, coefficients shape=(16, 2), sample_weights shape=(16,), zero_neighbor_targets=0
GRAB train batch 74: pair_ids shape=(16,), range=49..10522, coefficients shape=(16, 2), sample_weights shape=(16,), zero_neighbor_targets=0
GRAB train batch 75: pair_ids shape=(16,), range=45..10473, coefficients shape=(16, 2), sample_weights shape=(16,), zero_neighbor_targets=0
GRAB train batch 76: pair_ids shape=(16,), range=17..10312, coefficients shape=(16, 2), sample_weights shape=(16,), zero_neighbor_targets=0
GRAB train batch 77: pair_ids shape=(12,), range=88..10299, coefficients shape=(12, 2), sample_weights shape=(12,), zero_neighbor_targets=0
VALIDATION
valid epoch balanced_accuracy: 0.612787
EPOCH 39:
GRAB train batch 1: pair_ids shape=(16,), range=68..10987, coefficients shape=(16, 2), sample_weights shape=(16,), zero_neighbor_targets=0
GRAB train batch 2: pair_ids shape=(16,), range=52..10393, coefficients shape=(16, 2), sample_weights shape=(16,), zero_neighbor_targets=0
GRAB train batch 3: pair_ids shape=(16,), range=2..8157, coefficients shape=(16, 2), sample_weights shape=(16,), zero_neighbor_targets=0
GRAB train batch 4: pair_ids shape=(16,), range=69..7872, coefficients shape=(16, 2), sample_weights shape=(16,), zero_neighbor_targets=0
GRAB train batch 5: pair_ids shape=(16,), range=120..7219, coefficients shape=(16, 2), sample_weights shape=(16,), zero_neighbor_targets=0
GRAB train batch 6: pair_ids shape=(16,), range=45..7937, coefficients shape=(16, 2), sample_weights shape=(16,), zero_neighbor_targets=0
GRAB train batch 7: pair_ids shape=(16,), range=108..8233, coefficients shape=(16, 2), sample_weights shape=(16,), zero_neighbor_targets=0
GRAB train batch 8: pair_ids shape=(16,), range=159..6605, coefficients shape=(16, 2), sample_weights shape=(16,), zero_neighbor_targets=0
GRAB train batch 9: pair_ids shape=(16,), range=44..7607, coefficients shape=(16, 2), sample_weights shape=(16,), zero_neighbor_targets=0
GRAB train batch 10: pair_ids shape=(16,), range=61..10764, coefficients shape=(16, 2), sample_weights shape=(16,), zero_neighbor_targets=0
GRAB train batch 11: pair_ids shape=(16,), range=85..10384, coefficients shape=(16, 2), sample_weights shape=(16,), zero_neighbor_targets=0
GRAB train batch 12: pair_ids shape=(16,), range=63..9887, coefficients shape=(16, 2), sample_weights shape=(16,), zero_neighbor_targets=0
GRAB train batch 13: pair_ids shape=(16,), range=48..8671, coefficients shape=(16, 2), sample_weights shape=(16,), zero_neighbor_targets=0
GRAB train batch 14: pair_ids shape=(16,), range=30..10502, coefficients shape=(16, 2), sample_weights shape=(16,), zero_neighbor_targets=0
GRAB train batch 15: pair_ids shape=(16,), range=75..8373, coefficients shape=(16, 2), sample_weights shape=(16,), zero_neighbor_targets=0
GRAB train batch 16: pair_ids shape=(16,), range=70..8370, coefficients shape=(16, 2), sample_weights shape=(16,), zero_neighbor_targets=0
GRAB train batch 17: pair_ids shape=(16,), range=94..8168, coefficients shape=(16, 2), sample_weights shape=(16,), zero_neighbor_targets=0
GRAB train batch 18: pair_ids shape=(16,), range=55..10935, coefficients shape=(16, 2), sample_weights shape=(16,), zero_neighbor_targets=0
GRAB train batch 19: pair_ids shape=(16,), range=37..10331, coefficients shape=(16, 2), sample_weights shape=(16,), zero_neighbor_targets=0
GRAB train batch 20: pair_ids shape=(16,), range=74..10435, coefficients shape=(16, 2), sample_weights shape=(16,), zero_neighbor_targets=0
GRAB train batch 21: pair_ids shape=(16,), range=235..7942, coefficients shape=(16, 2), sample_weights shape=(16,), zero_neighbor_targets=0
GRAB train batch 22: pair_ids shape=(16,), range=67..10994, coefficients shape=(16, 2), sample_weights shape=(16,), zero_neighbor_targets=0
GRAB train batch 23: pair_ids shape=(16,), range=50..10742, coefficients shape=(16, 2), sample_weights shape=(16,), zero_neighbor_targets=0
GRAB train batch 24: pair_ids shape=(16,), range=20..7857, coefficients shape=(16, 2), sample_weights shape=(16,), zero_neighbor_targets=0
GRAB train batch 25: pair_ids shape=(16,), range=27..9995, coefficients shape=(16, 2), sample_weights shape=(16,), zero_neighbor_targets=0
GRAB train batch 26: pair_ids shape=(16,), range=12..10537, coefficients shape=(16, 2), sample_weights shape=(16,), zero_neighbor_targets=0
GRAB train batch 27: pair_ids shape=(16,), range=5..8772, coefficients shape=(16, 2), sample_weights shape=(16,), zero_neighbor_targets=0
GRAB train batch 28: pair_ids shape=(16,), range=36..10312, coefficients shape=(16, 2), sample_weights shape=(16,), zero_neighbor_targets=0
GRAB train batch 29: pair_ids shape=(16,), range=18..10817, coefficients shape=(16, 2), sample_weights shape=(16,), zero_neighbor_targets=0
GRAB train batch 30: pair_ids shape=(16,), range=49..8928, coefficients shape=(16, 2), sample_weights shape=(16,), zero_neighbor_targets=0
GRAB train batch 31: pair_ids shape=(16,), range=128..10891, coefficients shape=(16, 2), sample_weights shape=(16,), zero_neighbor_targets=0
GRAB train batch 32: pair_ids shape=(16,), range=17..8163, coefficients shape=(16, 2), sample_weights shape=(16,), zero_neighbor_targets=0
GRAB train batch 33: pair_ids shape=(16,), range=64..10462, coefficients shape=(16, 2), sample_weights shape=(16,), zero_neighbor_targets=0
GRAB train batch 34: pair_ids shape=(16,), range=82..10404, coefficients shape=(16, 2), sample_weights shape=(16,), zero_neighbor_targets=0
GRAB train batch 35: pair_ids shape=(16,), range=200..10447, coefficients shape=(16, 2), sample_weights shape=(16,), zero_neighbor_targets=0
GRAB train batch 36: pair_ids shape=(16,), range=0..9608, coefficients shape=(16, 2), sample_weights shape=(16,), zero_neighbor_targets=0
GRAB train batch 37: pair_ids shape=(16,), range=11..6499, coefficients shape=(16, 2), sample_weights shape=(16,), zero_neighbor_targets=0
GRAB train batch 38: pair_ids shape=(16,), range=8..9822, coefficients shape=(16, 2), sample_weights shape=(16,), zero_neighbor_targets=0
GRAB train batch 39: pair_ids shape=(16,), range=118..10453, coefficients shape=(16, 2), sample_weights shape=(16,), zero_neighbor_targets=0
GRAB train batch 40: pair_ids shape=(16,), range=165..10850, coefficients shape=(16, 2), sample_weights shape=(16,), zero_neighbor_targets=0
GRAB train batch 41: pair_ids shape=(16,), range=172..10728, coefficients shape=(16, 2), sample_weights shape=(16,), zero_neighbor_targets=0
GRAB train batch 42: pair_ids shape=(16,), range=110..10027, coefficients shape=(16, 2), sample_weights shape=(16,), zero_neighbor_targets=0
GRAB train batch 43: pair_ids shape=(16,), range=173..9795, coefficients shape=(16, 2), sample_weights shape=(16,), zero_neighbor_targets=0
GRAB train batch 44: pair_ids shape=(16,), range=77..10851, coefficients shape=(16, 2), sample_weights shape=(16,), zero_neighbor_targets=0
GRAB train batch 45: pair_ids shape=(16,), range=25..10590, coefficients shape=(16, 2), sample_weights shape=(16,), zero_neighbor_targets=0
GRAB train batch 46: pair_ids shape=(16,), range=24..10500, coefficients shape=(16, 2), sample_weights shape=(16,), zero_neighbor_targets=0
GRAB train batch 47: pair_ids shape=(16,), range=131..10475, coefficients shape=(16, 2), sample_weights shape=(16,), zero_neighbor_targets=0
GRAB train batch 48: pair_ids shape=(16,), range=99..10662, coefficients shape=(16, 2), sample_weights shape=(16,), zero_neighbor_targets=0
GRAB train batch 49: pair_ids shape=(16,), range=14..10524, coefficients shape=(16, 2), sample_weights shape=(16,), zero_neighbor_targets=0
GRAB train batch 50: pair_ids shape=(16,), range=122..7952, coefficients shape=(16, 2), sample_weights shape=(16,), zero_neighbor_targets=0
GRAB train batch 51: pair_ids shape=(16,), range=116..10473, coefficients shape=(16, 2), sample_weights shape=(16,), zero_neighbor_targets=0
GRAB train batch 52: pair_ids shape=(16,), range=6..10170, coefficients shape=(16, 2), sample_weights shape=(16,), zero_neighbor_targets=0
GRAB train batch 53: pair_ids shape=(16,), range=51..6167, coefficients shape=(16, 2), sample_weights shape=(16,), zero_neighbor_targets=0
GRAB train batch 54: pair_ids shape=(16,), range=154..10374, coefficients shape=(16, 2), sample_weights shape=(16,), zero_neighbor_targets=0
GRAB train batch 55: pair_ids shape=(16,), range=41..10600, coefficients shape=(16, 2), sample_weights shape=(16,), zero_neighbor_targets=0
GRAB train batch 56: pair_ids shape=(16,), range=46..7940, coefficients shape=(16, 2), sample_weights shape=(16,), zero_neighbor_targets=0
GRAB train batch 57: pair_ids shape=(16,), range=38..7221, coefficients shape=(16, 2), sample_weights shape=(16,), zero_neighbor_targets=0
GRAB train batch 58: pair_ids shape=(16,), range=168..10411, coefficients shape=(16, 2), sample_weights shape=(16,), zero_neighbor_targets=0
GRAB train batch 59: pair_ids shape=(16,), range=43..7923, coefficients shape=(16, 2), sample_weights shape=(16,), zero_neighbor_targets=0
GRAB train batch 60: pair_ids shape=(16,), range=22..8739, coefficients shape=(16, 2), sample_weights shape=(16,), zero_neighbor_targets=0
GRAB train batch 61: pair_ids shape=(16,), range=158..10800, coefficients shape=(16, 2), sample_weights shape=(16,), zero_neighbor_targets=0
GRAB train batch 62: pair_ids shape=(16,), range=56..8224, coefficients shape=(16, 2), sample_weights shape=(16,), zero_neighbor_targets=0
GRAB train batch 63: pair_ids shape=(16,), range=13..10795, coefficients shape=(16, 2), sample_weights shape=(16,), zero_neighbor_targets=0
GRAB train batch 64: pair_ids shape=(16,), range=3..10984, coefficients shape=(16, 2), sample_weights shape=(16,), zero_neighbor_targets=0
GRAB train batch 65: pair_ids shape=(16,), range=16..10988, coefficients shape=(16, 2), sample_weights shape=(16,), zero_neighbor_targets=0
GRAB train batch 66: pair_ids shape=(16,), range=54..10264, coefficients shape=(16, 2), sample_weights shape=(16,), zero_neighbor_targets=0
GRAB train batch 67: pair_ids shape=(16,), range=112..10299, coefficients shape=(16, 2), sample_weights shape=(16,), zero_neighbor_targets=0
GRAB train batch 68: pair_ids shape=(16,), range=10..10222, coefficients shape=(16, 2), sample_weights shape=(16,), zero_neighbor_targets=0
GRAB train batch 69: pair_ids shape=(16,), range=102..10836, coefficients shape=(16, 2), sample_weights shape=(16,), zero_neighbor_targets=0
GRAB train batch 70: pair_ids shape=(16,), range=7..10227, coefficients shape=(16, 2), sample_weights shape=(16,), zero_neighbor_targets=0
GRAB train batch 71: pair_ids shape=(16,), range=1..4870, coefficients shape=(16, 2), sample_weights shape=(16,), zero_neighbor_targets=0
GRAB train batch 72: pair_ids shape=(16,), range=88..8279, coefficients shape=(16, 2), sample_weights shape=(16,), zero_neighbor_targets=0
GRAB train batch 73: pair_ids shape=(16,), range=146..10009, coefficients shape=(16, 2), sample_weights shape=(16,), zero_neighbor_targets=0
GRAB train batch 74: pair_ids shape=(16,), range=15..10225, coefficients shape=(16, 2), sample_weights shape=(16,), zero_neighbor_targets=0
GRAB train batch 75: pair_ids shape=(16,), range=152..10237, coefficients shape=(16, 2), sample_weights shape=(16,), zero_neighbor_targets=0
GRAB train batch 76: pair_ids shape=(16,), range=29..9622, coefficients shape=(16, 2), sample_weights shape=(16,), zero_neighbor_targets=0
GRAB train batch 77: pair_ids shape=(12,), range=21..7497, coefficients shape=(12, 2), sample_weights shape=(12,), zero_neighbor_targets=0
VALIDATION
valid epoch balanced_accuracy: 0.563937
EPOCH 40:
GRAB train batch 1: pair_ids shape=(16,), range=21..9914, coefficients shape=(16, 2), sample_weights shape=(16,), zero_neighbor_targets=0
GRAB train batch 2: pair_ids shape=(16,), range=16..7979, coefficients shape=(16, 2), sample_weights shape=(16,), zero_neighbor_targets=0
GRAB train batch 3: pair_ids shape=(16,), range=54..10473, coefficients shape=(16, 2), sample_weights shape=(16,), zero_neighbor_targets=0
GRAB train batch 4: pair_ids shape=(16,), range=70..10891, coefficients shape=(16, 2), sample_weights shape=(16,), zero_neighbor_targets=0
GRAB train batch 5: pair_ids shape=(16,), range=65..10994, coefficients shape=(16, 2), sample_weights shape=(16,), zero_neighbor_targets=0
GRAB train batch 6: pair_ids shape=(16,), range=8..8224, coefficients shape=(16, 2), sample_weights shape=(16,), zero_neighbor_targets=0
GRAB train batch 7: pair_ids shape=(16,), range=44..10811, coefficients shape=(16, 2), sample_weights shape=(16,), zero_neighbor_targets=0
GRAB train batch 8: pair_ids shape=(16,), range=59..7556, coefficients shape=(16, 2), sample_weights shape=(16,), zero_neighbor_targets=0
GRAB train batch 9: pair_ids shape=(16,), range=108..9913, coefficients shape=(16, 2), sample_weights shape=(16,), zero_neighbor_targets=0
GRAB train batch 10: pair_ids shape=(16,), range=43..6785, coefficients shape=(16, 2), sample_weights shape=(16,), zero_neighbor_targets=0
GRAB train batch 11: pair_ids shape=(16,), range=3..10299, coefficients shape=(16, 2), sample_weights shape=(16,), zero_neighbor_targets=0
GRAB train batch 12: pair_ids shape=(16,), range=50..10524, coefficients shape=(16, 2), sample_weights shape=(16,), zero_neighbor_targets=0
GRAB train batch 13: pair_ids shape=(16,), range=17..9622, coefficients shape=(16, 2), sample_weights shape=(16,), zero_neighbor_targets=0
GRAB train batch 14: pair_ids shape=(16,), range=117..10447, coefficients shape=(16, 2), sample_weights shape=(16,), zero_neighbor_targets=0
GRAB train batch 15: pair_ids shape=(16,), range=143..7510, coefficients shape=(16, 2), sample_weights shape=(16,), zero_neighbor_targets=0
GRAB train batch 16: pair_ids shape=(16,), range=33..9840, coefficients shape=(16, 2), sample_weights shape=(16,), zero_neighbor_targets=0
GRAB train batch 17: pair_ids shape=(16,), range=144..10027, coefficients shape=(16, 2), sample_weights shape=(16,), zero_neighbor_targets=0
GRAB train batch 18: pair_ids shape=(16,), range=6..10435, coefficients shape=(16, 2), sample_weights shape=(16,), zero_neighbor_targets=0
GRAB train batch 19: pair_ids shape=(16,), range=42..10988, coefficients shape=(16, 2), sample_weights shape=(16,), zero_neighbor_targets=0
GRAB train batch 20: pair_ids shape=(16,), range=1..10453, coefficients shape=(16, 2), sample_weights shape=(16,), zero_neighbor_targets=0
GRAB train batch 21: pair_ids shape=(16,), range=57..10537, coefficients shape=(16, 2), sample_weights shape=(16,), zero_neighbor_targets=0
GRAB train batch 22: pair_ids shape=(16,), range=5..10500, coefficients shape=(16, 2), sample_weights shape=(16,), zero_neighbor_targets=0
GRAB train batch 23: pair_ids shape=(16,), range=22..10005, coefficients shape=(16, 2), sample_weights shape=(16,), zero_neighbor_targets=0
GRAB train batch 24: pair_ids shape=(16,), range=9..10404, coefficients shape=(16, 2), sample_weights shape=(16,), zero_neighbor_targets=0
GRAB train batch 25: pair_ids shape=(16,), range=28..6530, coefficients shape=(16, 2), sample_weights shape=(16,), zero_neighbor_targets=0
GRAB train batch 26: pair_ids shape=(16,), range=83..10398, coefficients shape=(16, 2), sample_weights shape=(16,), zero_neighbor_targets=0
GRAB train batch 27: pair_ids shape=(16,), range=92..10836, coefficients shape=(16, 2), sample_weights shape=(16,), zero_neighbor_targets=0
GRAB train batch 28: pair_ids shape=(16,), range=149..8951, coefficients shape=(16, 2), sample_weights shape=(16,), zero_neighbor_targets=0
GRAB train batch 29: pair_ids shape=(16,), range=134..6666, coefficients shape=(16, 2), sample_weights shape=(16,), zero_neighbor_targets=0
GRAB train batch 30: pair_ids shape=(16,), range=2..10772, coefficients shape=(16, 2), sample_weights shape=(16,), zero_neighbor_targets=0
GRAB train batch 31: pair_ids shape=(16,), range=23..10522, coefficients shape=(16, 2), sample_weights shape=(16,), zero_neighbor_targets=0
GRAB train batch 32: pair_ids shape=(16,), range=13..8911, coefficients shape=(16, 2), sample_weights shape=(16,), zero_neighbor_targets=0
GRAB train batch 33: pair_ids shape=(16,), range=24..9598, coefficients shape=(16, 2), sample_weights shape=(16,), zero_neighbor_targets=0
GRAB train batch 34: pair_ids shape=(16,), range=52..8739, coefficients shape=(16, 2), sample_weights shape=(16,), zero_neighbor_targets=0
GRAB train batch 35: pair_ids shape=(16,), range=96..10935, coefficients shape=(16, 2), sample_weights shape=(16,), zero_neighbor_targets=0
GRAB train batch 36: pair_ids shape=(16,), range=123..10984, coefficients shape=(16, 2), sample_weights shape=(16,), zero_neighbor_targets=0
GRAB train batch 37: pair_ids shape=(16,), range=233..10170, coefficients shape=(16, 2), sample_weights shape=(16,), zero_neighbor_targets=0
GRAB train batch 38: pair_ids shape=(16,), range=175..6182, coefficients shape=(16, 2), sample_weights shape=(16,), zero_neighbor_targets=0
GRAB train batch 39: pair_ids shape=(16,), range=20..7795, coefficients shape=(16, 2), sample_weights shape=(16,), zero_neighbor_targets=0
GRAB train batch 40: pair_ids shape=(16,), range=7..7940, coefficients shape=(16, 2), sample_weights shape=(16,), zero_neighbor_targets=0
GRAB train batch 41: pair_ids shape=(16,), range=34..10264, coefficients shape=(16, 2), sample_weights shape=(16,), zero_neighbor_targets=0
GRAB train batch 42: pair_ids shape=(16,), range=224..7522, coefficients shape=(16, 2), sample_weights shape=(16,), zero_neighbor_targets=0
GRAB train batch 43: pair_ids shape=(16,), range=53..10987, coefficients shape=(16, 2), sample_weights shape=(16,), zero_neighbor_targets=0
GRAB train batch 44: pair_ids shape=(16,), range=118..6709, coefficients shape=(16, 2), sample_weights shape=(16,), zero_neighbor_targets=0
GRAB train batch 45: pair_ids shape=(16,), range=27..10764, coefficients shape=(16, 2), sample_weights shape=(16,), zero_neighbor_targets=0
GRAB train batch 46: pair_ids shape=(16,), range=10..10627, coefficients shape=(16, 2), sample_weights shape=(16,), zero_neighbor_targets=0
GRAB train batch 47: pair_ids shape=(16,), range=201..10248, coefficients shape=(16, 2), sample_weights shape=(16,), zero_neighbor_targets=0
GRAB train batch 48: pair_ids shape=(16,), range=37..9954, coefficients shape=(16, 2), sample_weights shape=(16,), zero_neighbor_targets=0
GRAB train batch 49: pair_ids shape=(16,), range=126..7511, coefficients shape=(16, 2), sample_weights shape=(16,), zero_neighbor_targets=0
GRAB train batch 50: pair_ids shape=(16,), range=12..10227, coefficients shape=(16, 2), sample_weights shape=(16,), zero_neighbor_targets=0
GRAB train batch 51: pair_ids shape=(16,), range=39..10851, coefficients shape=(16, 2), sample_weights shape=(16,), zero_neighbor_targets=0
GRAB train batch 52: pair_ids shape=(16,), range=14..7338, coefficients shape=(16, 2), sample_weights shape=(16,), zero_neighbor_targets=0
GRAB train batch 53: pair_ids shape=(16,), range=278..10795, coefficients shape=(16, 2), sample_weights shape=(16,), zero_neighbor_targets=0
GRAB train batch 54: pair_ids shape=(16,), range=60..10360, coefficients shape=(16, 2), sample_weights shape=(16,), zero_neighbor_targets=0
GRAB train batch 55: pair_ids shape=(16,), range=32..10728, coefficients shape=(16, 2), sample_weights shape=(16,), zero_neighbor_targets=0
GRAB train batch 56: pair_ids shape=(16,), range=11..10600, coefficients shape=(16, 2), sample_weights shape=(16,), zero_neighbor_targets=0
GRAB train batch 57: pair_ids shape=(16,), range=29..5660, coefficients shape=(16, 2), sample_weights shape=(16,), zero_neighbor_targets=0
GRAB train batch 58: pair_ids shape=(16,), range=78..10277, coefficients shape=(16, 2), sample_weights shape=(16,), zero_neighbor_targets=0
GRAB train batch 59: pair_ids shape=(16,), range=166..10662, coefficients shape=(16, 2), sample_weights shape=(16,), zero_neighbor_targets=0
GRAB train batch 60: pair_ids shape=(16,), range=35..10800, coefficients shape=(16, 2), sample_weights shape=(16,), zero_neighbor_targets=0
GRAB train batch 61: pair_ids shape=(16,), range=74..7829, coefficients shape=(16, 2), sample_weights shape=(16,), zero_neighbor_targets=0
GRAB train batch 62: pair_ids shape=(16,), range=114..10850, coefficients shape=(16, 2), sample_weights shape=(16,), zero_neighbor_targets=0
GRAB train batch 63: pair_ids shape=(16,), range=15..9956, coefficients shape=(16, 2), sample_weights shape=(16,), zero_neighbor_targets=0
GRAB train batch 64: pair_ids shape=(16,), range=41..8563, coefficients shape=(16, 2), sample_weights shape=(16,), zero_neighbor_targets=0
GRAB train batch 65: pair_ids shape=(16,), range=38..7219, coefficients shape=(16, 2), sample_weights shape=(16,), zero_neighbor_targets=0
GRAB train batch 66: pair_ids shape=(16,), range=115..7221, coefficients shape=(16, 2), sample_weights shape=(16,), zero_neighbor_targets=0
GRAB train batch 67: pair_ids shape=(16,), range=120..10502, coefficients shape=(16, 2), sample_weights shape=(16,), zero_neighbor_targets=0
GRAB train batch 68: pair_ids shape=(16,), range=109..10817, coefficients shape=(16, 2), sample_weights shape=(16,), zero_neighbor_targets=0
GRAB train batch 69: pair_ids shape=(16,), range=0..7782, coefficients shape=(16, 2), sample_weights shape=(16,), zero_neighbor_targets=0
GRAB train batch 70: pair_ids shape=(16,), range=31..10411, coefficients shape=(16, 2), sample_weights shape=(16,), zero_neighbor_targets=0
GRAB train batch 71: pair_ids shape=(16,), range=112..10742, coefficients shape=(16, 2), sample_weights shape=(16,), zero_neighbor_targets=0
GRAB train batch 72: pair_ids shape=(16,), range=55..6246, coefficients shape=(16, 2), sample_weights shape=(16,), zero_neighbor_targets=0
GRAB train batch 73: pair_ids shape=(16,), range=4..10374, coefficients shape=(16, 2), sample_weights shape=(16,), zero_neighbor_targets=0
GRAB train batch 74: pair_ids shape=(16,), range=19..7913, coefficients shape=(16, 2), sample_weights shape=(16,), zero_neighbor_targets=0
GRAB train batch 75: pair_ids shape=(16,), range=26..10259, coefficients shape=(16, 2), sample_weights shape=(16,), zero_neighbor_targets=0
GRAB train batch 76: pair_ids shape=(16,), range=51..7496, coefficients shape=(16, 2), sample_weights shape=(16,), zero_neighbor_targets=0
GRAB train batch 77: pair_ids shape=(12,), range=106..7952, coefficients shape=(12, 2), sample_weights shape=(12,), zero_neighbor_targets=0
VALIDATION
valid epoch balanced_accuracy: 0.443247
EPOCH 41:
GRAB train batch 1: pair_ids shape=(16,), range=19..10447, coefficients shape=(16, 2), sample_weights shape=(16,), zero_neighbor_targets=0
GRAB train batch 2: pair_ids shape=(16,), range=80..10374, coefficients shape=(16, 2), sample_weights shape=(16,), zero_neighbor_targets=0
GRAB train batch 3: pair_ids shape=(16,), range=249..10170, coefficients shape=(16, 2), sample_weights shape=(16,), zero_neighbor_targets=0
GRAB train batch 4: pair_ids shape=(16,), range=100..7879, coefficients shape=(16, 2), sample_weights shape=(16,), zero_neighbor_targets=0
GRAB train batch 5: pair_ids shape=(16,), range=77..10453, coefficients shape=(16, 2), sample_weights shape=(16,), zero_neighbor_targets=0
GRAB train batch 6: pair_ids shape=(16,), range=115..10264, coefficients shape=(16, 2), sample_weights shape=(16,), zero_neighbor_targets=0
GRAB train batch 7: pair_ids shape=(16,), range=35..10411, coefficients shape=(16, 2), sample_weights shape=(16,), zero_neighbor_targets=0
GRAB train batch 8: pair_ids shape=(16,), range=52..10384, coefficients shape=(16, 2), sample_weights shape=(16,), zero_neighbor_targets=0
GRAB train batch 9: pair_ids shape=(16,), range=104..7219, coefficients shape=(16, 2), sample_weights shape=(16,), zero_neighbor_targets=0
GRAB train batch 10: pair_ids shape=(16,), range=5..10222, coefficients shape=(16, 2), sample_weights shape=(16,), zero_neighbor_targets=0
GRAB train batch 11: pair_ids shape=(16,), range=11..10742, coefficients shape=(16, 2), sample_weights shape=(16,), zero_neighbor_targets=0
GRAB train batch 12: pair_ids shape=(16,), range=42..10795, coefficients shape=(16, 2), sample_weights shape=(16,), zero_neighbor_targets=0
GRAB train batch 13: pair_ids shape=(16,), range=146..9698, coefficients shape=(16, 2), sample_weights shape=(16,), zero_neighbor_targets=0
GRAB train batch 14: pair_ids shape=(16,), range=66..10227, coefficients shape=(16, 2), sample_weights shape=(16,), zero_neighbor_targets=0
GRAB train batch 15: pair_ids shape=(16,), range=9..7940, coefficients shape=(16, 2), sample_weights shape=(16,), zero_neighbor_targets=0
GRAB train batch 16: pair_ids shape=(16,), range=119..10259, coefficients shape=(16, 2), sample_weights shape=(16,), zero_neighbor_targets=0
GRAB train batch 17: pair_ids shape=(16,), range=38..10764, coefficients shape=(16, 2), sample_weights shape=(16,), zero_neighbor_targets=0
GRAB train batch 18: pair_ids shape=(16,), range=20..7284, coefficients shape=(16, 2), sample_weights shape=(16,), zero_neighbor_targets=0
GRAB train batch 19: pair_ids shape=(16,), range=81..10987, coefficients shape=(16, 2), sample_weights shape=(16,), zero_neighbor_targets=0
GRAB train batch 20: pair_ids shape=(16,), range=70..10398, coefficients shape=(16, 2), sample_weights shape=(16,), zero_neighbor_targets=0
GRAB train batch 21: pair_ids shape=(16,), range=68..7339, coefficients shape=(16, 2), sample_weights shape=(16,), zero_neighbor_targets=0
GRAB train batch 22: pair_ids shape=(16,), range=142..10404, coefficients shape=(16, 2), sample_weights shape=(16,), zero_neighbor_targets=0
GRAB train batch 23: pair_ids shape=(16,), range=76..10817, coefficients shape=(16, 2), sample_weights shape=(16,), zero_neighbor_targets=0
GRAB train batch 24: pair_ids shape=(16,), range=6..10662, coefficients shape=(16, 2), sample_weights shape=(16,), zero_neighbor_targets=0
GRAB train batch 25: pair_ids shape=(16,), range=85..9887, coefficients shape=(16, 2), sample_weights shape=(16,), zero_neighbor_targets=0
GRAB train batch 26: pair_ids shape=(16,), range=22..7894, coefficients shape=(16, 2), sample_weights shape=(16,), zero_neighbor_targets=0
GRAB train batch 27: pair_ids shape=(16,), range=110..10027, coefficients shape=(16, 2), sample_weights shape=(16,), zero_neighbor_targets=0
GRAB train batch 28: pair_ids shape=(16,), range=63..10331, coefficients shape=(16, 2), sample_weights shape=(16,), zero_neighbor_targets=0
GRAB train batch 29: pair_ids shape=(16,), range=28..10850, coefficients shape=(16, 2), sample_weights shape=(16,), zero_neighbor_targets=0
GRAB train batch 30: pair_ids shape=(16,), range=23..10248, coefficients shape=(16, 2), sample_weights shape=(16,), zero_neighbor_targets=0
GRAB train batch 31: pair_ids shape=(16,), range=138..10891, coefficients shape=(16, 2), sample_weights shape=(16,), zero_neighbor_targets=0
GRAB train batch 32: pair_ids shape=(16,), range=12..10935, coefficients shape=(16, 2), sample_weights shape=(16,), zero_neighbor_targets=0
GRAB train batch 33: pair_ids shape=(16,), range=105..5795, coefficients shape=(16, 2), sample_weights shape=(16,), zero_neighbor_targets=0
GRAB train batch 34: pair_ids shape=(16,), range=2..7863, coefficients shape=(16, 2), sample_weights shape=(16,), zero_neighbor_targets=0
GRAB train batch 35: pair_ids shape=(16,), range=92..8658, coefficients shape=(16, 2), sample_weights shape=(16,), zero_neighbor_targets=0
GRAB train batch 36: pair_ids shape=(16,), range=285..10462, coefficients shape=(16, 2), sample_weights shape=(16,), zero_neighbor_targets=0
GRAB train batch 37: pair_ids shape=(16,), range=84..7975, coefficients shape=(16, 2), sample_weights shape=(16,), zero_neighbor_targets=0
GRAB train batch 38: pair_ids shape=(16,), range=14..9608, coefficients shape=(16, 2), sample_weights shape=(16,), zero_neighbor_targets=0
GRAB train batch 39: pair_ids shape=(16,), range=102..9822, coefficients shape=(16, 2), sample_weights shape=(16,), zero_neighbor_targets=0
GRAB train batch 40: pair_ids shape=(16,), range=33..10851, coefficients shape=(16, 2), sample_weights shape=(16,), zero_neighbor_targets=0
GRAB train batch 41: pair_ids shape=(16,), range=24..10537, coefficients shape=(16, 2), sample_weights shape=(16,), zero_neighbor_targets=0
GRAB train batch 42: pair_ids shape=(16,), range=86..10685, coefficients shape=(16, 2), sample_weights shape=(16,), zero_neighbor_targets=0
GRAB train batch 43: pair_ids shape=(16,), range=30..5915, coefficients shape=(16, 2), sample_weights shape=(16,), zero_neighbor_targets=0
GRAB train batch 44: pair_ids shape=(16,), range=4..10800, coefficients shape=(16, 2), sample_weights shape=(16,), zero_neighbor_targets=0
GRAB train batch 45: pair_ids shape=(16,), range=257..10360, coefficients shape=(16, 2), sample_weights shape=(16,), zero_neighbor_targets=0
GRAB train batch 46: pair_ids shape=(16,), range=94..10524, coefficients shape=(16, 2), sample_weights shape=(16,), zero_neighbor_targets=0
GRAB train batch 47: pair_ids shape=(16,), range=1..8745, coefficients shape=(16, 2), sample_weights shape=(16,), zero_neighbor_targets=0
GRAB train batch 48: pair_ids shape=(16,), range=56..10627, coefficients shape=(16, 2), sample_weights shape=(16,), zero_neighbor_targets=0
GRAB train batch 49: pair_ids shape=(16,), range=60..9937, coefficients shape=(16, 2), sample_weights shape=(16,), zero_neighbor_targets=0
GRAB train batch 50: pair_ids shape=(16,), range=34..8491, coefficients shape=(16, 2), sample_weights shape=(16,), zero_neighbor_targets=0
GRAB train batch 51: pair_ids shape=(16,), range=8..10590, coefficients shape=(16, 2), sample_weights shape=(16,), zero_neighbor_targets=0
GRAB train batch 52: pair_ids shape=(16,), range=39..8370, coefficients shape=(16, 2), sample_weights shape=(16,), zero_neighbor_targets=0
GRAB train batch 53: pair_ids shape=(16,), range=53..9727, coefficients shape=(16, 2), sample_weights shape=(16,), zero_neighbor_targets=0
GRAB train batch 54: pair_ids shape=(16,), range=273..10362, coefficients shape=(16, 2), sample_weights shape=(16,), zero_neighbor_targets=0
GRAB train batch 55: pair_ids shape=(16,), range=83..8563, coefficients shape=(16, 2), sample_weights shape=(16,), zero_neighbor_targets=0
GRAB train batch 56: pair_ids shape=(16,), range=141..10988, coefficients shape=(16, 2), sample_weights shape=(16,), zero_neighbor_targets=0
GRAB train batch 57: pair_ids shape=(16,), range=17..10772, coefficients shape=(16, 2), sample_weights shape=(16,), zero_neighbor_targets=0
GRAB train batch 58: pair_ids shape=(16,), range=320..10435, coefficients shape=(16, 2), sample_weights shape=(16,), zero_neighbor_targets=0
GRAB train batch 59: pair_ids shape=(16,), range=0..9892, coefficients shape=(16, 2), sample_weights shape=(16,), zero_neighbor_targets=0
GRAB train batch 60: pair_ids shape=(16,), range=306..9546, coefficients shape=(16, 2), sample_weights shape=(16,), zero_neighbor_targets=0
GRAB train batch 61: pair_ids shape=(16,), range=250..10225, coefficients shape=(16, 2), sample_weights shape=(16,), zero_neighbor_targets=0
GRAB train batch 62: pair_ids shape=(16,), range=113..8200, coefficients shape=(16, 2), sample_weights shape=(16,), zero_neighbor_targets=0
GRAB train batch 63: pair_ids shape=(16,), range=51..10836, coefficients shape=(16, 2), sample_weights shape=(16,), zero_neighbor_targets=0
GRAB train batch 64: pair_ids shape=(16,), range=18..9954, coefficients shape=(16, 2), sample_weights shape=(16,), zero_neighbor_targets=0
GRAB train batch 65: pair_ids shape=(16,), range=3..10500, coefficients shape=(16, 2), sample_weights shape=(16,), zero_neighbor_targets=0
GRAB train batch 66: pair_ids shape=(16,), range=185..8903, coefficients shape=(16, 2), sample_weights shape=(16,), zero_neighbor_targets=0
GRAB train batch 67: pair_ids shape=(16,), range=31..10473, coefficients shape=(16, 2), sample_weights shape=(16,), zero_neighbor_targets=0
GRAB train batch 68: pair_ids shape=(16,), range=7..9739, coefficients shape=(16, 2), sample_weights shape=(16,), zero_neighbor_targets=0
GRAB train batch 69: pair_ids shape=(16,), range=89..10994, coefficients shape=(16, 2), sample_weights shape=(16,), zero_neighbor_targets=0
GRAB train batch 70: pair_ids shape=(16,), range=198..9995, coefficients shape=(16, 2), sample_weights shape=(16,), zero_neighbor_targets=0
GRAB train batch 71: pair_ids shape=(16,), range=64..10600, coefficients shape=(16, 2), sample_weights shape=(16,), zero_neighbor_targets=0
GRAB train batch 72: pair_ids shape=(16,), range=21..9913, coefficients shape=(16, 2), sample_weights shape=(16,), zero_neighbor_targets=0
GRAB train batch 73: pair_ids shape=(16,), range=25..5759, coefficients shape=(16, 2), sample_weights shape=(16,), zero_neighbor_targets=0
GRAB train batch 74: pair_ids shape=(16,), range=103..10471, coefficients shape=(16, 2), sample_weights shape=(16,), zero_neighbor_targets=0
GRAB train batch 75: pair_ids shape=(16,), range=171..10299, coefficients shape=(16, 2), sample_weights shape=(16,), zero_neighbor_targets=0
GRAB train batch 76: pair_ids shape=(16,), range=36..10984, coefficients shape=(16, 2), sample_weights shape=(16,), zero_neighbor_targets=0
GRAB train batch 77: pair_ids shape=(12,), range=61..6351, coefficients shape=(12, 2), sample_weights shape=(12,), zero_neighbor_targets=0
VALIDATION
valid epoch balanced_accuracy: 0.578305
EPOCH 42:
GRAB train batch 1: pair_ids shape=(16,), range=99..10435, coefficients shape=(16, 2), sample_weights shape=(16,), zero_neighbor_targets=0
GRAB train batch 2: pair_ids shape=(16,), range=1..10685, coefficients shape=(16, 2), sample_weights shape=(16,), zero_neighbor_targets=0
GRAB train batch 3: pair_ids shape=(16,), range=81..10398, coefficients shape=(16, 2), sample_weights shape=(16,), zero_neighbor_targets=0
GRAB train batch 4: pair_ids shape=(16,), range=121..10393, coefficients shape=(16, 2), sample_weights shape=(16,), zero_neighbor_targets=0
GRAB train batch 5: pair_ids shape=(16,), range=63..7979, coefficients shape=(16, 2), sample_weights shape=(16,), zero_neighbor_targets=0
GRAB train batch 6: pair_ids shape=(16,), range=2..9822, coefficients shape=(16, 2), sample_weights shape=(16,), zero_neighbor_targets=0
GRAB train batch 7: pair_ids shape=(16,), range=78..10987, coefficients shape=(16, 2), sample_weights shape=(16,), zero_neighbor_targets=0
GRAB train batch 8: pair_ids shape=(16,), range=27..8224, coefficients shape=(16, 2), sample_weights shape=(16,), zero_neighbor_targets=0
GRAB train batch 9: pair_ids shape=(16,), range=160..8876, coefficients shape=(16, 2), sample_weights shape=(16,), zero_neighbor_targets=0
GRAB train batch 10: pair_ids shape=(16,), range=15..5613, coefficients shape=(16, 2), sample_weights shape=(16,), zero_neighbor_targets=0
GRAB train batch 11: pair_ids shape=(16,), range=45..10935, coefficients shape=(16, 2), sample_weights shape=(16,), zero_neighbor_targets=0
GRAB train batch 12: pair_ids shape=(16,), range=49..10404, coefficients shape=(16, 2), sample_weights shape=(16,), zero_neighbor_targets=0
GRAB train batch 13: pair_ids shape=(16,), range=10..8472, coefficients shape=(16, 2), sample_weights shape=(16,), zero_neighbor_targets=0
GRAB train batch 14: pair_ids shape=(16,), range=6..10600, coefficients shape=(16, 2), sample_weights shape=(16,), zero_neighbor_targets=0
GRAB train batch 15: pair_ids shape=(16,), range=32..10742, coefficients shape=(16, 2), sample_weights shape=(16,), zero_neighbor_targets=0
GRAB train batch 16: pair_ids shape=(16,), range=115..10590, coefficients shape=(16, 2), sample_weights shape=(16,), zero_neighbor_targets=0
GRAB train batch 17: pair_ids shape=(16,), range=65..10984, coefficients shape=(16, 2), sample_weights shape=(16,), zero_neighbor_targets=0
GRAB train batch 18: pair_ids shape=(16,), range=21..9696, coefficients shape=(16, 2), sample_weights shape=(16,), zero_neighbor_targets=0
GRAB train batch 19: pair_ids shape=(16,), range=29..7952, coefficients shape=(16, 2), sample_weights shape=(16,), zero_neighbor_targets=0
GRAB train batch 20: pair_ids shape=(16,), range=5..9937, coefficients shape=(16, 2), sample_weights shape=(16,), zero_neighbor_targets=0
GRAB train batch 21: pair_ids shape=(16,), range=9..10764, coefficients shape=(16, 2), sample_weights shape=(16,), zero_neighbor_targets=0
GRAB train batch 22: pair_ids shape=(16,), range=103..10170, coefficients shape=(16, 2), sample_weights shape=(16,), zero_neighbor_targets=0
GRAB train batch 23: pair_ids shape=(16,), range=83..8233, coefficients shape=(16, 2), sample_weights shape=(16,), zero_neighbor_targets=0
GRAB train batch 24: pair_ids shape=(16,), range=34..7440, coefficients shape=(16, 2), sample_weights shape=(16,), zero_neighbor_targets=0
GRAB train batch 25: pair_ids shape=(16,), range=38..10005, coefficients shape=(16, 2), sample_weights shape=(16,), zero_neighbor_targets=0
GRAB train batch 26: pair_ids shape=(16,), range=114..10662, coefficients shape=(16, 2), sample_weights shape=(16,), zero_neighbor_targets=0
GRAB train batch 27: pair_ids shape=(16,), range=169..8671, coefficients shape=(16, 2), sample_weights shape=(16,), zero_neighbor_targets=0
GRAB train batch 28: pair_ids shape=(16,), range=20..6838, coefficients shape=(16, 2), sample_weights shape=(16,), zero_neighbor_targets=0
GRAB train batch 29: pair_ids shape=(16,), range=36..10374, coefficients shape=(16, 2), sample_weights shape=(16,), zero_neighbor_targets=0
GRAB train batch 30: pair_ids shape=(16,), range=7..9956, coefficients shape=(16, 2), sample_weights shape=(16,), zero_neighbor_targets=0
GRAB train batch 31: pair_ids shape=(16,), range=64..10500, coefficients shape=(16, 2), sample_weights shape=(16,), zero_neighbor_targets=0
GRAB train batch 32: pair_ids shape=(16,), range=12..7497, coefficients shape=(16, 2), sample_weights shape=(16,), zero_neighbor_targets=0
GRAB train batch 33: pair_ids shape=(16,), range=8..10222, coefficients shape=(16, 2), sample_weights shape=(16,), zero_neighbor_targets=0
GRAB train batch 34: pair_ids shape=(16,), range=4..10473, coefficients shape=(16, 2), sample_weights shape=(16,), zero_neighbor_targets=0
GRAB train batch 35: pair_ids shape=(16,), range=55..10447, coefficients shape=(16, 2), sample_weights shape=(16,), zero_neighbor_targets=0
GRAB train batch 36: pair_ids shape=(16,), range=37..8841, coefficients shape=(16, 2), sample_weights shape=(16,), zero_neighbor_targets=0
GRAB train batch 37: pair_ids shape=(16,), range=365..10396, coefficients shape=(16, 2), sample_weights shape=(16,), zero_neighbor_targets=0
GRAB train batch 38: pair_ids shape=(16,), range=183..10453, coefficients shape=(16, 2), sample_weights shape=(16,), zero_neighbor_targets=0
GRAB train batch 39: pair_ids shape=(16,), range=28..5339, coefficients shape=(16, 2), sample_weights shape=(16,), zero_neighbor_targets=0
GRAB train batch 40: pair_ids shape=(16,), range=19..10522, coefficients shape=(16, 2), sample_weights shape=(16,), zero_neighbor_targets=0
GRAB train batch 41: pair_ids shape=(16,), range=35..8745, coefficients shape=(16, 2), sample_weights shape=(16,), zero_neighbor_targets=0
GRAB train batch 42: pair_ids shape=(16,), range=122..9622, coefficients shape=(16, 2), sample_weights shape=(16,), zero_neighbor_targets=0
GRAB train batch 43: pair_ids shape=(16,), range=127..10891, coefficients shape=(16, 2), sample_weights shape=(16,), zero_neighbor_targets=0
GRAB train batch 44: pair_ids shape=(16,), range=113..10728, coefficients shape=(16, 2), sample_weights shape=(16,), zero_neighbor_targets=0
GRAB train batch 45: pair_ids shape=(16,), range=0..10994, coefficients shape=(16, 2), sample_weights shape=(16,), zero_neighbor_targets=0
GRAB train batch 46: pair_ids shape=(16,), range=106..8563, coefficients shape=(16, 2), sample_weights shape=(16,), zero_neighbor_targets=0
GRAB train batch 47: pair_ids shape=(16,), range=57..10811, coefficients shape=(16, 2), sample_weights shape=(16,), zero_neighbor_targets=0
GRAB train batch 48: pair_ids shape=(16,), range=247..10537, coefficients shape=(16, 2), sample_weights shape=(16,), zero_neighbor_targets=0
GRAB train batch 49: pair_ids shape=(16,), range=70..10836, coefficients shape=(16, 2), sample_weights shape=(16,), zero_neighbor_targets=0
GRAB train batch 50: pair_ids shape=(16,), range=31..10502, coefficients shape=(16, 2), sample_weights shape=(16,), zero_neighbor_targets=0
GRAB train batch 51: pair_ids shape=(16,), range=66..10817, coefficients shape=(16, 2), sample_weights shape=(16,), zero_neighbor_targets=0
GRAB train batch 52: pair_ids shape=(16,), range=151..10248, coefficients shape=(16, 2), sample_weights shape=(16,), zero_neighbor_targets=0
GRAB train batch 53: pair_ids shape=(16,), range=67..10524, coefficients shape=(16, 2), sample_weights shape=(16,), zero_neighbor_targets=0
GRAB train batch 54: pair_ids shape=(16,), range=24..10299, coefficients shape=(16, 2), sample_weights shape=(16,), zero_neighbor_targets=0
GRAB train batch 55: pair_ids shape=(16,), range=229..10259, coefficients shape=(16, 2), sample_weights shape=(16,), zero_neighbor_targets=0
GRAB train batch 56: pair_ids shape=(16,), range=266..10627, coefficients shape=(16, 2), sample_weights shape=(16,), zero_neighbor_targets=0
GRAB train batch 57: pair_ids shape=(16,), range=51..10471, coefficients shape=(16, 2), sample_weights shape=(16,), zero_neighbor_targets=0
GRAB train batch 58: pair_ids shape=(16,), range=3..10772, coefficients shape=(16, 2), sample_weights shape=(16,), zero_neighbor_targets=0
GRAB train batch 59: pair_ids shape=(16,), range=54..8668, coefficients shape=(16, 2), sample_weights shape=(16,), zero_neighbor_targets=0
GRAB train batch 60: pair_ids shape=(16,), range=139..8363, coefficients shape=(16, 2), sample_weights shape=(16,), zero_neighbor_targets=0
GRAB train batch 61: pair_ids shape=(16,), range=40..4134, coefficients shape=(16, 2), sample_weights shape=(16,), zero_neighbor_targets=0
GRAB train batch 62: pair_ids shape=(16,), range=179..10795, coefficients shape=(16, 2), sample_weights shape=(16,), zero_neighbor_targets=0
GRAB train batch 63: pair_ids shape=(16,), range=11..7346, coefficients shape=(16, 2), sample_weights shape=(16,), zero_neighbor_targets=0
GRAB train batch 64: pair_ids shape=(16,), range=14..10988, coefficients shape=(16, 2), sample_weights shape=(16,), zero_neighbor_targets=0
GRAB train batch 65: pair_ids shape=(16,), range=16..6176, coefficients shape=(16, 2), sample_weights shape=(16,), zero_neighbor_targets=0
GRAB train batch 66: pair_ids shape=(16,), range=182..9914, coefficients shape=(16, 2), sample_weights shape=(16,), zero_neighbor_targets=0
GRAB train batch 67: pair_ids shape=(16,), range=107..7619, coefficients shape=(16, 2), sample_weights shape=(16,), zero_neighbor_targets=0
GRAB train batch 68: pair_ids shape=(16,), range=18..7284, coefficients shape=(16, 2), sample_weights shape=(16,), zero_neighbor_targets=0
GRAB train batch 69: pair_ids shape=(16,), range=62..10850, coefficients shape=(16, 2), sample_weights shape=(16,), zero_neighbor_targets=0
GRAB train batch 70: pair_ids shape=(16,), range=61..9704, coefficients shape=(16, 2), sample_weights shape=(16,), zero_neighbor_targets=0
GRAB train batch 71: pair_ids shape=(16,), range=42..8915, coefficients shape=(16, 2), sample_weights shape=(16,), zero_neighbor_targets=0
GRAB train batch 72: pair_ids shape=(16,), range=95..10475, coefficients shape=(16, 2), sample_weights shape=(16,), zero_neighbor_targets=0
GRAB train batch 73: pair_ids shape=(16,), range=43..8772, coefficients shape=(16, 2), sample_weights shape=(16,), zero_neighbor_targets=0
GRAB train batch 74: pair_ids shape=(16,), range=26..10264, coefficients shape=(16, 2), sample_weights shape=(16,), zero_neighbor_targets=0
GRAB train batch 75: pair_ids shape=(16,), range=72..10851, coefficients shape=(16, 2), sample_weights shape=(16,), zero_neighbor_targets=0
GRAB train batch 76: pair_ids shape=(16,), range=13..9795, coefficients shape=(16, 2), sample_weights shape=(16,), zero_neighbor_targets=0
GRAB train batch 77: pair_ids shape=(12,), range=370..9954, coefficients shape=(12, 2), sample_weights shape=(12,), zero_neighbor_targets=0
VALIDATION
valid epoch balanced_accuracy: 0.488506
EPOCH 43:
GRAB train batch 1: pair_ids shape=(16,), range=118..10299, coefficients shape=(16, 2), sample_weights shape=(16,), zero_neighbor_targets=0
GRAB train batch 2: pair_ids shape=(16,), range=104..10362, coefficients shape=(16, 2), sample_weights shape=(16,), zero_neighbor_targets=0
GRAB train batch 3: pair_ids shape=(16,), range=71..9892, coefficients shape=(16, 2), sample_weights shape=(16,), zero_neighbor_targets=0
GRAB train batch 4: pair_ids shape=(16,), range=9..10817, coefficients shape=(16, 2), sample_weights shape=(16,), zero_neighbor_targets=0
GRAB train batch 5: pair_ids shape=(16,), range=62..10728, coefficients shape=(16, 2), sample_weights shape=(16,), zero_neighbor_targets=0
GRAB train batch 6: pair_ids shape=(16,), range=49..10764, coefficients shape=(16, 2), sample_weights shape=(16,), zero_neighbor_targets=0
GRAB train batch 7: pair_ids shape=(16,), range=46..10987, coefficients shape=(16, 2), sample_weights shape=(16,), zero_neighbor_targets=0
GRAB train batch 8: pair_ids shape=(16,), range=47..7583, coefficients shape=(16, 2), sample_weights shape=(16,), zero_neighbor_targets=0
GRAB train batch 9: pair_ids shape=(16,), range=78..10590, coefficients shape=(16, 2), sample_weights shape=(16,), zero_neighbor_targets=0
GRAB train batch 10: pair_ids shape=(16,), range=120..10891, coefficients shape=(16, 2), sample_weights shape=(16,), zero_neighbor_targets=0
GRAB train batch 11: pair_ids shape=(16,), range=65..8373, coefficients shape=(16, 2), sample_weights shape=(16,), zero_neighbor_targets=0
GRAB train batch 12: pair_ids shape=(16,), range=194..9598, coefficients shape=(16, 2), sample_weights shape=(16,), zero_neighbor_targets=0
GRAB train batch 13: pair_ids shape=(16,), range=2..4549, coefficients shape=(16, 2), sample_weights shape=(16,), zero_neighbor_targets=0
GRAB train batch 14: pair_ids shape=(16,), range=87..6766, coefficients shape=(16, 2), sample_weights shape=(16,), zero_neighbor_targets=0
GRAB train batch 15: pair_ids shape=(16,), range=72..10447, coefficients shape=(16, 2), sample_weights shape=(16,), zero_neighbor_targets=0
GRAB train batch 16: pair_ids shape=(16,), range=24..8590, coefficients shape=(16, 2), sample_weights shape=(16,), zero_neighbor_targets=0
GRAB train batch 17: pair_ids shape=(16,), range=6..10742, coefficients shape=(16, 2), sample_weights shape=(16,), zero_neighbor_targets=0
GRAB train batch 18: pair_ids shape=(16,), range=45..10009, coefficients shape=(16, 2), sample_weights shape=(16,), zero_neighbor_targets=0
GRAB train batch 19: pair_ids shape=(16,), range=13..10435, coefficients shape=(16, 2), sample_weights shape=(16,), zero_neighbor_targets=0
GRAB train batch 20: pair_ids shape=(16,), range=52..10360, coefficients shape=(16, 2), sample_weights shape=(16,), zero_neighbor_targets=0
GRAB train batch 21: pair_ids shape=(16,), range=106..8310, coefficients shape=(16, 2), sample_weights shape=(16,), zero_neighbor_targets=0
GRAB train batch 22: pair_ids shape=(16,), range=102..5967, coefficients shape=(16, 2), sample_weights shape=(16,), zero_neighbor_targets=0
GRAB train batch 23: pair_ids shape=(16,), range=198..10795, coefficients shape=(16, 2), sample_weights shape=(16,), zero_neighbor_targets=0
GRAB train batch 24: pair_ids shape=(16,), range=70..7552, coefficients shape=(16, 2), sample_weights shape=(16,), zero_neighbor_targets=0
GRAB train batch 25: pair_ids shape=(16,), range=60..10411, coefficients shape=(16, 2), sample_weights shape=(16,), zero_neighbor_targets=0
GRAB train batch 26: pair_ids shape=(16,), range=67..7867, coefficients shape=(16, 2), sample_weights shape=(16,), zero_neighbor_targets=0
GRAB train batch 27: pair_ids shape=(16,), range=4..8903, coefficients shape=(16, 2), sample_weights shape=(16,), zero_neighbor_targets=0
GRAB train batch 28: pair_ids shape=(16,), range=252..7782, coefficients shape=(16, 2), sample_weights shape=(16,), zero_neighbor_targets=0
GRAB train batch 29: pair_ids shape=(16,), range=126..10374, coefficients shape=(16, 2), sample_weights shape=(16,), zero_neighbor_targets=0
GRAB train batch 30: pair_ids shape=(16,), range=0..10811, coefficients shape=(16, 2), sample_weights shape=(16,), zero_neighbor_targets=0
GRAB train batch 31: pair_ids shape=(16,), range=64..10462, coefficients shape=(16, 2), sample_weights shape=(16,), zero_neighbor_targets=0
GRAB train batch 32: pair_ids shape=(16,), range=14..5263, coefficients shape=(16, 2), sample_weights shape=(16,), zero_neighbor_targets=0
GRAB train batch 33: pair_ids shape=(16,), range=7..9739, coefficients shape=(16, 2), sample_weights shape=(16,), zero_neighbor_targets=0
GRAB train batch 34: pair_ids shape=(16,), range=39..10935, coefficients shape=(16, 2), sample_weights shape=(16,), zero_neighbor_targets=0
GRAB train batch 35: pair_ids shape=(16,), range=147..10522, coefficients shape=(16, 2), sample_weights shape=(16,), zero_neighbor_targets=0
GRAB train batch 36: pair_ids shape=(16,), range=158..10396, coefficients shape=(16, 2), sample_weights shape=(16,), zero_neighbor_targets=0
GRAB train batch 37: pair_ids shape=(16,), range=96..10524, coefficients shape=(16, 2), sample_weights shape=(16,), zero_neighbor_targets=0
GRAB train batch 38: pair_ids shape=(16,), range=29..10222, coefficients shape=(16, 2), sample_weights shape=(16,), zero_neighbor_targets=0
GRAB train batch 39: pair_ids shape=(16,), range=75..10205, coefficients shape=(16, 2), sample_weights shape=(16,), zero_neighbor_targets=0
GRAB train batch 40: pair_ids shape=(16,), range=11..8510, coefficients shape=(16, 2), sample_weights shape=(16,), zero_neighbor_targets=0
GRAB train batch 41: pair_ids shape=(16,), range=289..10248, coefficients shape=(16, 2), sample_weights shape=(16,), zero_neighbor_targets=0
GRAB train batch 42: pair_ids shape=(16,), range=27..10170, coefficients shape=(16, 2), sample_weights shape=(16,), zero_neighbor_targets=0
GRAB train batch 43: pair_ids shape=(16,), range=76..8678, coefficients shape=(16, 2), sample_weights shape=(16,), zero_neighbor_targets=0
GRAB train batch 44: pair_ids shape=(16,), range=310..10473, coefficients shape=(16, 2), sample_weights shape=(16,), zero_neighbor_targets=0
GRAB train batch 45: pair_ids shape=(16,), range=173..10800, coefficients shape=(16, 2), sample_weights shape=(16,), zero_neighbor_targets=0
GRAB train batch 46: pair_ids shape=(16,), range=66..7221, coefficients shape=(16, 2), sample_weights shape=(16,), zero_neighbor_targets=0
GRAB train batch 47: pair_ids shape=(16,), range=88..6569, coefficients shape=(16, 2), sample_weights shape=(16,), zero_neighbor_targets=0
GRAB train batch 48: pair_ids shape=(16,), range=101..8928, coefficients shape=(16, 2), sample_weights shape=(16,), zero_neighbor_targets=0
GRAB train batch 49: pair_ids shape=(16,), range=12..6013, coefficients shape=(16, 2), sample_weights shape=(16,), zero_neighbor_targets=0
GRAB train batch 50: pair_ids shape=(16,), range=1..9608, coefficients shape=(16, 2), sample_weights shape=(16,), zero_neighbor_targets=0
GRAB train batch 51: pair_ids shape=(16,), range=15..10662, coefficients shape=(16, 2), sample_weights shape=(16,), zero_neighbor_targets=0
GRAB train batch 52: pair_ids shape=(16,), range=34..9937, coefficients shape=(16, 2), sample_weights shape=(16,), zero_neighbor_targets=0
GRAB train batch 53: pair_ids shape=(16,), range=74..9822, coefficients shape=(16, 2), sample_weights shape=(16,), zero_neighbor_targets=0
GRAB train batch 54: pair_ids shape=(16,), range=86..10627, coefficients shape=(16, 2), sample_weights shape=(16,), zero_neighbor_targets=0
GRAB train batch 55: pair_ids shape=(16,), range=54..7619, coefficients shape=(16, 2), sample_weights shape=(16,), zero_neighbor_targets=0
GRAB train batch 56: pair_ids shape=(16,), range=3..10836, coefficients shape=(16, 2), sample_weights shape=(16,), zero_neighbor_targets=0
GRAB train batch 57: pair_ids shape=(16,), range=57..10850, coefficients shape=(16, 2), sample_weights shape=(16,), zero_neighbor_targets=0
GRAB train batch 58: pair_ids shape=(16,), range=50..10384, coefficients shape=(16, 2), sample_weights shape=(16,), zero_neighbor_targets=0
GRAB train batch 59: pair_ids shape=(16,), range=21..7643, coefficients shape=(16, 2), sample_weights shape=(16,), zero_neighbor_targets=0
GRAB train batch 60: pair_ids shape=(16,), range=23..10264, coefficients shape=(16, 2), sample_weights shape=(16,), zero_neighbor_targets=0
GRAB train batch 61: pair_ids shape=(16,), range=103..10772, coefficients shape=(16, 2), sample_weights shape=(16,), zero_neighbor_targets=0
GRAB train batch 62: pair_ids shape=(16,), range=5..9727, coefficients shape=(16, 2), sample_weights shape=(16,), zero_neighbor_targets=0
GRAB train batch 63: pair_ids shape=(16,), range=115..10984, coefficients shape=(16, 2), sample_weights shape=(16,), zero_neighbor_targets=0
GRAB train batch 64: pair_ids shape=(16,), range=91..7913, coefficients shape=(16, 2), sample_weights shape=(16,), zero_neighbor_targets=0
GRAB train batch 65: pair_ids shape=(16,), range=17..10600, coefficients shape=(16, 2), sample_weights shape=(16,), zero_neighbor_targets=0
GRAB train batch 66: pair_ids shape=(16,), range=26..6639, coefficients shape=(16, 2), sample_weights shape=(16,), zero_neighbor_targets=0
GRAB train batch 67: pair_ids shape=(16,), range=19..10685, coefficients shape=(16, 2), sample_weights shape=(16,), zero_neighbor_targets=0
GRAB train batch 68: pair_ids shape=(16,), range=48..8579, coefficients shape=(16, 2), sample_weights shape=(16,), zero_neighbor_targets=0
GRAB train batch 69: pair_ids shape=(16,), range=110..10994, coefficients shape=(16, 2), sample_weights shape=(16,), zero_neighbor_targets=0
GRAB train batch 70: pair_ids shape=(16,), range=92..7252, coefficients shape=(16, 2), sample_weights shape=(16,), zero_neighbor_targets=0
GRAB train batch 71: pair_ids shape=(16,), range=38..10312, coefficients shape=(16, 2), sample_weights shape=(16,), zero_neighbor_targets=0
GRAB train batch 72: pair_ids shape=(16,), range=16..10237, coefficients shape=(16, 2), sample_weights shape=(16,), zero_neighbor_targets=0
GRAB train batch 73: pair_ids shape=(16,), range=93..10225, coefficients shape=(16, 2), sample_weights shape=(16,), zero_neighbor_targets=0
GRAB train batch 74: pair_ids shape=(16,), range=8..6846, coefficients shape=(16, 2), sample_weights shape=(16,), zero_neighbor_targets=0
GRAB train batch 75: pair_ids shape=(16,), range=36..10988, coefficients shape=(16, 2), sample_weights shape=(16,), zero_neighbor_targets=0
GRAB train batch 76: pair_ids shape=(16,), range=61..10404, coefficients shape=(16, 2), sample_weights shape=(16,), zero_neighbor_targets=0
GRAB train batch 77: pair_ids shape=(12,), range=360..10851, coefficients shape=(12, 2), sample_weights shape=(12,), zero_neighbor_targets=0
VALIDATION
valid epoch balanced_accuracy: 0.547414
EPOCH 44:
GRAB train batch 1: pair_ids shape=(16,), range=52..10248, coefficients shape=(16, 2), sample_weights shape=(16,), zero_neighbor_targets=0
GRAB train batch 2: pair_ids shape=(16,), range=190..7552, coefficients shape=(16, 2), sample_weights shape=(16,), zero_neighbor_targets=0
GRAB train batch 3: pair_ids shape=(16,), range=62..8841, coefficients shape=(16, 2), sample_weights shape=(16,), zero_neighbor_targets=0
GRAB train batch 4: pair_ids shape=(16,), range=40..10728, coefficients shape=(16, 2), sample_weights shape=(16,), zero_neighbor_targets=0
GRAB train batch 5: pair_ids shape=(16,), range=3..6569, coefficients shape=(16, 2), sample_weights shape=(16,), zero_neighbor_targets=0
GRAB train batch 6: pair_ids shape=(16,), range=98..8472, coefficients shape=(16, 2), sample_weights shape=(16,), zero_neighbor_targets=0
GRAB train batch 7: pair_ids shape=(16,), range=20..10396, coefficients shape=(16, 2), sample_weights shape=(16,), zero_neighbor_targets=0
GRAB train batch 8: pair_ids shape=(16,), range=44..10237, coefficients shape=(16, 2), sample_weights shape=(16,), zero_neighbor_targets=0
GRAB train batch 9: pair_ids shape=(16,), range=159..10500, coefficients shape=(16, 2), sample_weights shape=(16,), zero_neighbor_targets=0
GRAB train batch 10: pair_ids shape=(16,), range=222..10277, coefficients shape=(16, 2), sample_weights shape=(16,), zero_neighbor_targets=0
GRAB train batch 11: pair_ids shape=(16,), range=210..10891, coefficients shape=(16, 2), sample_weights shape=(16,), zero_neighbor_targets=0
GRAB train batch 12: pair_ids shape=(16,), range=22..8739, coefficients shape=(16, 2), sample_weights shape=(16,), zero_neighbor_targets=0
GRAB train batch 13: pair_ids shape=(16,), range=56..9914, coefficients shape=(16, 2), sample_weights shape=(16,), zero_neighbor_targets=0
GRAB train batch 14: pair_ids shape=(16,), range=9..6777, coefficients shape=(16, 2), sample_weights shape=(16,), zero_neighbor_targets=0
GRAB train batch 15: pair_ids shape=(16,), range=8..6818, coefficients shape=(16, 2), sample_weights shape=(16,), zero_neighbor_targets=0
GRAB train batch 16: pair_ids shape=(16,), range=127..6176, coefficients shape=(16, 2), sample_weights shape=(16,), zero_neighbor_targets=0
GRAB train batch 17: pair_ids shape=(16,), range=16..10398, coefficients shape=(16, 2), sample_weights shape=(16,), zero_neighbor_targets=0
GRAB train batch 18: pair_ids shape=(16,), range=51..8313, coefficients shape=(16, 2), sample_weights shape=(16,), zero_neighbor_targets=0
GRAB train batch 19: pair_ids shape=(16,), range=17..9696, coefficients shape=(16, 2), sample_weights shape=(16,), zero_neighbor_targets=0
GRAB train batch 20: pair_ids shape=(16,), range=92..10987, coefficients shape=(16, 2), sample_weights shape=(16,), zero_neighbor_targets=0
GRAB train batch 21: pair_ids shape=(16,), range=15..10742, coefficients shape=(16, 2), sample_weights shape=(16,), zero_neighbor_targets=0
GRAB train batch 22: pair_ids shape=(16,), range=84..9913, coefficients shape=(16, 2), sample_weights shape=(16,), zero_neighbor_targets=0
GRAB train batch 23: pair_ids shape=(16,), range=2..10627, coefficients shape=(16, 2), sample_weights shape=(16,), zero_neighbor_targets=0
GRAB train batch 24: pair_ids shape=(16,), range=45..7219, coefficients shape=(16, 2), sample_weights shape=(16,), zero_neighbor_targets=0
GRAB train batch 25: pair_ids shape=(16,), range=105..7863, coefficients shape=(16, 2), sample_weights shape=(16,), zero_neighbor_targets=0
GRAB train batch 26: pair_ids shape=(16,), range=74..9887, coefficients shape=(16, 2), sample_weights shape=(16,), zero_neighbor_targets=0
GRAB train batch 27: pair_ids shape=(16,), range=10..7930, coefficients shape=(16, 2), sample_weights shape=(16,), zero_neighbor_targets=0
GRAB train batch 28: pair_ids shape=(16,), range=46..5167, coefficients shape=(16, 2), sample_weights shape=(16,), zero_neighbor_targets=0
GRAB train batch 29: pair_ids shape=(16,), range=132..7913, coefficients shape=(16, 2), sample_weights shape=(16,), zero_neighbor_targets=0
GRAB train batch 30: pair_ids shape=(16,), range=12..10225, coefficients shape=(16, 2), sample_weights shape=(16,), zero_neighbor_targets=0
GRAB train batch 31: pair_ids shape=(16,), range=363..6254, coefficients shape=(16, 2), sample_weights shape=(16,), zero_neighbor_targets=0
GRAB train batch 32: pair_ids shape=(16,), range=37..10994, coefficients shape=(16, 2), sample_weights shape=(16,), zero_neighbor_targets=0
GRAB train batch 33: pair_ids shape=(16,), range=357..10685, coefficients shape=(16, 2), sample_weights shape=(16,), zero_neighbor_targets=0
GRAB train batch 34: pair_ids shape=(16,), range=67..7782, coefficients shape=(16, 2), sample_weights shape=(16,), zero_neighbor_targets=0
GRAB train batch 35: pair_ids shape=(16,), range=4..8491, coefficients shape=(16, 2), sample_weights shape=(16,), zero_neighbor_targets=0
GRAB train batch 36: pair_ids shape=(16,), range=41..9818, coefficients shape=(16, 2), sample_weights shape=(16,), zero_neighbor_targets=0
GRAB train batch 37: pair_ids shape=(16,), range=19..10590, coefficients shape=(16, 2), sample_weights shape=(16,), zero_neighbor_targets=0
GRAB train batch 38: pair_ids shape=(16,), range=31..7815, coefficients shape=(16, 2), sample_weights shape=(16,), zero_neighbor_targets=0
GRAB train batch 39: pair_ids shape=(16,), range=108..8903, coefficients shape=(16, 2), sample_weights shape=(16,), zero_neighbor_targets=0
GRAB train batch 40: pair_ids shape=(16,), range=85..10537, coefficients shape=(16, 2), sample_weights shape=(16,), zero_neighbor_targets=0
GRAB train batch 41: pair_ids shape=(16,), range=113..10600, coefficients shape=(16, 2), sample_weights shape=(16,), zero_neighbor_targets=0
GRAB train batch 42: pair_ids shape=(16,), range=35..9939, coefficients shape=(16, 2), sample_weights shape=(16,), zero_neighbor_targets=0
GRAB train batch 43: pair_ids shape=(16,), range=116..8858, coefficients shape=(16, 2), sample_weights shape=(16,), zero_neighbor_targets=0
GRAB train batch 44: pair_ids shape=(16,), range=75..8951, coefficients shape=(16, 2), sample_weights shape=(16,), zero_neighbor_targets=0
GRAB train batch 45: pair_ids shape=(16,), range=7..10009, coefficients shape=(16, 2), sample_weights shape=(16,), zero_neighbor_targets=0
GRAB train batch 46: pair_ids shape=(16,), range=14..7795, coefficients shape=(16, 2), sample_weights shape=(16,), zero_neighbor_targets=0
GRAB train batch 47: pair_ids shape=(16,), range=100..10462, coefficients shape=(16, 2), sample_weights shape=(16,), zero_neighbor_targets=0
GRAB train batch 48: pair_ids shape=(16,), range=60..9822, coefficients shape=(16, 2), sample_weights shape=(16,), zero_neighbor_targets=0
GRAB train batch 49: pair_ids shape=(16,), range=55..9698, coefficients shape=(16, 2), sample_weights shape=(16,), zero_neighbor_targets=0
GRAB train batch 50: pair_ids shape=(16,), range=42..10772, coefficients shape=(16, 2), sample_weights shape=(16,), zero_neighbor_targets=0
GRAB train batch 51: pair_ids shape=(16,), range=83..10836, coefficients shape=(16, 2), sample_weights shape=(16,), zero_neighbor_targets=0
GRAB train batch 52: pair_ids shape=(16,), range=33..10524, coefficients shape=(16, 2), sample_weights shape=(16,), zero_neighbor_targets=0
GRAB train batch 53: pair_ids shape=(16,), range=179..9956, coefficients shape=(16, 2), sample_weights shape=(16,), zero_neighbor_targets=0
GRAB train batch 54: pair_ids shape=(16,), range=5..8729, coefficients shape=(16, 2), sample_weights shape=(16,), zero_neighbor_targets=0
GRAB train batch 55: pair_ids shape=(16,), range=28..6182, coefficients shape=(16, 2), sample_weights shape=(16,), zero_neighbor_targets=0
GRAB train batch 56: pair_ids shape=(16,), range=11..10662, coefficients shape=(16, 2), sample_weights shape=(16,), zero_neighbor_targets=0
GRAB train batch 57: pair_ids shape=(16,), range=88..10384, coefficients shape=(16, 2), sample_weights shape=(16,), zero_neighbor_targets=0
GRAB train batch 58: pair_ids shape=(16,), range=34..7894, coefficients shape=(16, 2), sample_weights shape=(16,), zero_neighbor_targets=0
GRAB train batch 59: pair_ids shape=(16,), range=50..10411, coefficients shape=(16, 2), sample_weights shape=(16,), zero_neighbor_targets=0
GRAB train batch 60: pair_ids shape=(16,), range=13..6530, coefficients shape=(16, 2), sample_weights shape=(16,), zero_neighbor_targets=0
GRAB train batch 61: pair_ids shape=(16,), range=6..10005, coefficients shape=(16, 2), sample_weights shape=(16,), zero_neighbor_targets=0
GRAB train batch 62: pair_ids shape=(16,), range=182..10795, coefficients shape=(16, 2), sample_weights shape=(16,), zero_neighbor_targets=0
GRAB train batch 63: pair_ids shape=(16,), range=54..10811, coefficients shape=(16, 2), sample_weights shape=(16,), zero_neighbor_targets=0
GRAB train batch 64: pair_ids shape=(16,), range=370..10851, coefficients shape=(16, 2), sample_weights shape=(16,), zero_neighbor_targets=0
GRAB train batch 65: pair_ids shape=(16,), range=176..10800, coefficients shape=(16, 2), sample_weights shape=(16,), zero_neighbor_targets=0
GRAB train batch 66: pair_ids shape=(16,), range=93..9739, coefficients shape=(16, 2), sample_weights shape=(16,), zero_neighbor_targets=0
GRAB train batch 67: pair_ids shape=(16,), range=123..8210, coefficients shape=(16, 2), sample_weights shape=(16,), zero_neighbor_targets=0
GRAB train batch 68: pair_ids shape=(16,), range=112..10817, coefficients shape=(16, 2), sample_weights shape=(16,), zero_neighbor_targets=0
GRAB train batch 69: pair_ids shape=(16,), range=258..10988, coefficients shape=(16, 2), sample_weights shape=(16,), zero_neighbor_targets=0
GRAB train batch 70: pair_ids shape=(16,), range=25..2792, coefficients shape=(16, 2), sample_weights shape=(16,), zero_neighbor_targets=0
GRAB train batch 71: pair_ids shape=(16,), range=0..10935, coefficients shape=(16, 2), sample_weights shape=(16,), zero_neighbor_targets=0
GRAB train batch 72: pair_ids shape=(16,), range=21..8163, coefficients shape=(16, 2), sample_weights shape=(16,), zero_neighbor_targets=0
GRAB train batch 73: pair_ids shape=(16,), range=18..9546, coefficients shape=(16, 2), sample_weights shape=(16,), zero_neighbor_targets=0
GRAB train batch 74: pair_ids shape=(16,), range=65..10312, coefficients shape=(16, 2), sample_weights shape=(16,), zero_neighbor_targets=0
GRAB train batch 75: pair_ids shape=(16,), range=1..10360, coefficients shape=(16, 2), sample_weights shape=(16,), zero_neighbor_targets=0
GRAB train batch 76: pair_ids shape=(16,), range=80..10475, coefficients shape=(16, 2), sample_weights shape=(16,), zero_neighbor_targets=0
GRAB train batch 77: pair_ids shape=(12,), range=87..10984, coefficients shape=(12, 2), sample_weights shape=(12,), zero_neighbor_targets=0
VALIDATION
valid epoch balanced_accuracy: 0.530172
EPOCH 45:
GRAB train batch 1: pair_ids shape=(16,), range=26..10795, coefficients shape=(16, 2), sample_weights shape=(16,), zero_neighbor_targets=0
GRAB train batch 2: pair_ids shape=(16,), range=88..10984, coefficients shape=(16, 2), sample_weights shape=(16,), zero_neighbor_targets=0
GRAB train batch 3: pair_ids shape=(16,), range=47..10662, coefficients shape=(16, 2), sample_weights shape=(16,), zero_neighbor_targets=0
GRAB train batch 4: pair_ids shape=(16,), range=119..10299, coefficients shape=(16, 2), sample_weights shape=(16,), zero_neighbor_targets=0
GRAB train batch 5: pair_ids shape=(16,), range=92..10447, coefficients shape=(16, 2), sample_weights shape=(16,), zero_neighbor_targets=0
GRAB train batch 6: pair_ids shape=(16,), range=18..10811, coefficients shape=(16, 2), sample_weights shape=(16,), zero_neighbor_targets=0
GRAB train batch 7: pair_ids shape=(16,), range=32..7643, coefficients shape=(16, 2), sample_weights shape=(16,), zero_neighbor_targets=0
GRAB train batch 8: pair_ids shape=(16,), range=4..8373, coefficients shape=(16, 2), sample_weights shape=(16,), zero_neighbor_targets=0
GRAB train batch 9: pair_ids shape=(16,), range=96..8772, coefficients shape=(16, 2), sample_weights shape=(16,), zero_neighbor_targets=0
GRAB train batch 10: pair_ids shape=(16,), range=208..10742, coefficients shape=(16, 2), sample_weights shape=(16,), zero_neighbor_targets=0
GRAB train batch 11: pair_ids shape=(16,), range=233..9892, coefficients shape=(16, 2), sample_weights shape=(16,), zero_neighbor_targets=0
GRAB train batch 12: pair_ids shape=(16,), range=33..8510, coefficients shape=(16, 2), sample_weights shape=(16,), zero_neighbor_targets=0
GRAB train batch 13: pair_ids shape=(16,), range=100..6522, coefficients shape=(16, 2), sample_weights shape=(16,), zero_neighbor_targets=0
GRAB train batch 14: pair_ids shape=(16,), range=53..10475, coefficients shape=(16, 2), sample_weights shape=(16,), zero_neighbor_targets=0
GRAB train batch 15: pair_ids shape=(16,), range=99..10685, coefficients shape=(16, 2), sample_weights shape=(16,), zero_neighbor_targets=0
GRAB train batch 16: pair_ids shape=(16,), range=166..10471, coefficients shape=(16, 2), sample_weights shape=(16,), zero_neighbor_targets=0
GRAB train batch 17: pair_ids shape=(16,), range=38..10225, coefficients shape=(16, 2), sample_weights shape=(16,), zero_neighbor_targets=0
GRAB train batch 18: pair_ids shape=(16,), range=11..10331, coefficients shape=(16, 2), sample_weights shape=(16,), zero_neighbor_targets=0
GRAB train batch 19: pair_ids shape=(16,), range=57..8745, coefficients shape=(16, 2), sample_weights shape=(16,), zero_neighbor_targets=0
GRAB train batch 20: pair_ids shape=(16,), range=77..10764, coefficients shape=(16, 2), sample_weights shape=(16,), zero_neighbor_targets=0
GRAB train batch 21: pair_ids shape=(16,), range=142..10590, coefficients shape=(16, 2), sample_weights shape=(16,), zero_neighbor_targets=0
GRAB train batch 22: pair_ids shape=(16,), range=134..8678, coefficients shape=(16, 2), sample_weights shape=(16,), zero_neighbor_targets=0
GRAB train batch 23: pair_ids shape=(16,), range=110..10728, coefficients shape=(16, 2), sample_weights shape=(16,), zero_neighbor_targets=0
GRAB train batch 24: pair_ids shape=(16,), range=22..7979, coefficients shape=(16, 2), sample_weights shape=(16,), zero_neighbor_targets=0
GRAB train batch 25: pair_ids shape=(16,), range=184..8310, coefficients shape=(16, 2), sample_weights shape=(16,), zero_neighbor_targets=0
GRAB train batch 26: pair_ids shape=(16,), range=41..8590, coefficients shape=(16, 2), sample_weights shape=(16,), zero_neighbor_targets=0
GRAB train batch 27: pair_ids shape=(16,), range=87..10850, coefficients shape=(16, 2), sample_weights shape=(16,), zero_neighbor_targets=0
GRAB train batch 28: pair_ids shape=(16,), range=5..10522, coefficients shape=(16, 2), sample_weights shape=(16,), zero_neighbor_targets=0
GRAB train batch 29: pair_ids shape=(16,), range=35..7829, coefficients shape=(16, 2), sample_weights shape=(16,), zero_neighbor_targets=0
GRAB train batch 30: pair_ids shape=(16,), range=45..10851, coefficients shape=(16, 2), sample_weights shape=(16,), zero_neighbor_targets=0
GRAB train batch 31: pair_ids shape=(16,), range=39..10411, coefficients shape=(16, 2), sample_weights shape=(16,), zero_neighbor_targets=0
GRAB train batch 32: pair_ids shape=(16,), range=10..10009, coefficients shape=(16, 2), sample_weights shape=(16,), zero_neighbor_targets=0
GRAB train batch 33: pair_ids shape=(16,), range=17..6182, coefficients shape=(16, 2), sample_weights shape=(16,), zero_neighbor_targets=0
GRAB train batch 34: pair_ids shape=(16,), range=83..10772, coefficients shape=(16, 2), sample_weights shape=(16,), zero_neighbor_targets=0
GRAB train batch 35: pair_ids shape=(16,), range=64..7497, coefficients shape=(16, 2), sample_weights shape=(16,), zero_neighbor_targets=0
GRAB train batch 36: pair_ids shape=(16,), range=2..7556, coefficients shape=(16, 2), sample_weights shape=(16,), zero_neighbor_targets=0
GRAB train batch 37: pair_ids shape=(16,), range=164..8739, coefficients shape=(16, 2), sample_weights shape=(16,), zero_neighbor_targets=0
GRAB train batch 38: pair_ids shape=(16,), range=125..9818, coefficients shape=(16, 2), sample_weights shape=(16,), zero_neighbor_targets=0
GRAB train batch 39: pair_ids shape=(16,), range=67..8233, coefficients shape=(16, 2), sample_weights shape=(16,), zero_neighbor_targets=0
GRAB train batch 40: pair_ids shape=(16,), range=60..10453, coefficients shape=(16, 2), sample_weights shape=(16,), zero_neighbor_targets=0
GRAB train batch 41: pair_ids shape=(16,), range=6..5896, coefficients shape=(16, 2), sample_weights shape=(16,), zero_neighbor_targets=0
GRAB train batch 42: pair_ids shape=(16,), range=1..9704, coefficients shape=(16, 2), sample_weights shape=(16,), zero_neighbor_targets=0
GRAB train batch 43: pair_ids shape=(16,), range=129..10374, coefficients shape=(16, 2), sample_weights shape=(16,), zero_neighbor_targets=0
GRAB train batch 44: pair_ids shape=(16,), range=21..10987, coefficients shape=(16, 2), sample_weights shape=(16,), zero_neighbor_targets=0
GRAB train batch 45: pair_ids shape=(16,), range=24..10800, coefficients shape=(16, 2), sample_weights shape=(16,), zero_neighbor_targets=0
GRAB train batch 46: pair_ids shape=(16,), range=12..6117, coefficients shape=(16, 2), sample_weights shape=(16,), zero_neighbor_targets=0
GRAB train batch 47: pair_ids shape=(16,), range=86..9546, coefficients shape=(16, 2), sample_weights shape=(16,), zero_neighbor_targets=0
GRAB train batch 48: pair_ids shape=(16,), range=174..8729, coefficients shape=(16, 2), sample_weights shape=(16,), zero_neighbor_targets=0
GRAB train batch 49: pair_ids shape=(16,), range=36..10393, coefficients shape=(16, 2), sample_weights shape=(16,), zero_neighbor_targets=0
GRAB train batch 50: pair_ids shape=(16,), range=19..7921, coefficients shape=(16, 2), sample_weights shape=(16,), zero_neighbor_targets=0
GRAB train batch 51: pair_ids shape=(16,), range=48..10836, coefficients shape=(16, 2), sample_weights shape=(16,), zero_neighbor_targets=0
GRAB train batch 52: pair_ids shape=(16,), range=136..7798, coefficients shape=(16, 2), sample_weights shape=(16,), zero_neighbor_targets=0
GRAB train batch 53: pair_ids shape=(16,), range=16..10277, coefficients shape=(16, 2), sample_weights shape=(16,), zero_neighbor_targets=0
GRAB train batch 54: pair_ids shape=(16,), range=105..6766, coefficients shape=(16, 2), sample_weights shape=(16,), zero_neighbor_targets=0
GRAB train batch 55: pair_ids shape=(16,), range=25..10524, coefficients shape=(16, 2), sample_weights shape=(16,), zero_neighbor_targets=0
GRAB train batch 56: pair_ids shape=(16,), range=70..10205, coefficients shape=(16, 2), sample_weights shape=(16,), zero_neighbor_targets=0
GRAB train batch 57: pair_ids shape=(16,), range=109..10237, coefficients shape=(16, 2), sample_weights shape=(16,), zero_neighbor_targets=0
GRAB train batch 58: pair_ids shape=(16,), range=44..9956, coefficients shape=(16, 2), sample_weights shape=(16,), zero_neighbor_targets=0
GRAB train batch 59: pair_ids shape=(16,), range=27..8903, coefficients shape=(16, 2), sample_weights shape=(16,), zero_neighbor_targets=0
GRAB train batch 60: pair_ids shape=(16,), range=31..6812, coefficients shape=(16, 2), sample_weights shape=(16,), zero_neighbor_targets=0
GRAB train batch 61: pair_ids shape=(16,), range=8..8472, coefficients shape=(16, 2), sample_weights shape=(16,), zero_neighbor_targets=0
GRAB train batch 62: pair_ids shape=(16,), range=13..10994, coefficients shape=(16, 2), sample_weights shape=(16,), zero_neighbor_targets=0
GRAB train batch 63: pair_ids shape=(16,), range=237..10817, coefficients shape=(16, 2), sample_weights shape=(16,), zero_neighbor_targets=0
GRAB train batch 64: pair_ids shape=(16,), range=46..10248, coefficients shape=(16, 2), sample_weights shape=(16,), zero_neighbor_targets=0
GRAB train batch 65: pair_ids shape=(16,), range=30..10600, coefficients shape=(16, 2), sample_weights shape=(16,), zero_neighbor_targets=0
GRAB train batch 66: pair_ids shape=(16,), range=126..10396, coefficients shape=(16, 2), sample_weights shape=(16,), zero_neighbor_targets=0
GRAB train batch 67: pair_ids shape=(16,), range=0..10627, coefficients shape=(16, 2), sample_weights shape=(16,), zero_neighbor_targets=0
GRAB train batch 68: pair_ids shape=(16,), range=72..10360, coefficients shape=(16, 2), sample_weights shape=(16,), zero_neighbor_targets=0
GRAB train batch 69: pair_ids shape=(16,), range=3..5186, coefficients shape=(16, 2), sample_weights shape=(16,), zero_neighbor_targets=0
GRAB train batch 70: pair_ids shape=(16,), range=7..10537, coefficients shape=(16, 2), sample_weights shape=(16,), zero_neighbor_targets=0
GRAB train batch 71: pair_ids shape=(16,), range=58..5377, coefficients shape=(16, 2), sample_weights shape=(16,), zero_neighbor_targets=0
GRAB train batch 72: pair_ids shape=(16,), range=9..9939, coefficients shape=(16, 2), sample_weights shape=(16,), zero_neighbor_targets=0
GRAB train batch 73: pair_ids shape=(16,), range=15..9995, coefficients shape=(16, 2), sample_weights shape=(16,), zero_neighbor_targets=0
GRAB train batch 74: pair_ids shape=(16,), range=29..10988, coefficients shape=(16, 2), sample_weights shape=(16,), zero_neighbor_targets=0
GRAB train batch 75: pair_ids shape=(16,), range=211..10462, coefficients shape=(16, 2), sample_weights shape=(16,), zero_neighbor_targets=0
GRAB train batch 76: pair_ids shape=(16,), range=20..8670, coefficients shape=(16, 2), sample_weights shape=(16,), zero_neighbor_targets=0
GRAB train batch 77: pair_ids shape=(12,), range=263..10473, coefficients shape=(12, 2), sample_weights shape=(12,), zero_neighbor_targets=0
VALIDATION
valid epoch balanced_accuracy: 0.515805
EPOCH 46:
GRAB train batch 1: pair_ids shape=(16,), range=27..7921, coefficients shape=(16, 2), sample_weights shape=(16,), zero_neighbor_targets=0
GRAB train batch 2: pair_ids shape=(16,), range=33..10851, coefficients shape=(16, 2), sample_weights shape=(16,), zero_neighbor_targets=0
GRAB train batch 3: pair_ids shape=(16,), range=28..10312, coefficients shape=(16, 2), sample_weights shape=(16,), zero_neighbor_targets=0
GRAB train batch 4: pair_ids shape=(16,), range=29..8678, coefficients shape=(16, 2), sample_weights shape=(16,), zero_neighbor_targets=0
GRAB train batch 5: pair_ids shape=(16,), range=32..10537, coefficients shape=(16, 2), sample_weights shape=(16,), zero_neighbor_targets=0
GRAB train batch 6: pair_ids shape=(16,), range=68..10264, coefficients shape=(16, 2), sample_weights shape=(16,), zero_neighbor_targets=0
GRAB train batch 7: pair_ids shape=(16,), range=13..10935, coefficients shape=(16, 2), sample_weights shape=(16,), zero_neighbor_targets=0
GRAB train batch 8: pair_ids shape=(16,), range=111..6765, coefficients shape=(16, 2), sample_weights shape=(16,), zero_neighbor_targets=0
GRAB train batch 9: pair_ids shape=(16,), range=46..6176, coefficients shape=(16, 2), sample_weights shape=(16,), zero_neighbor_targets=0
GRAB train batch 10: pair_ids shape=(16,), range=146..6286, coefficients shape=(16, 2), sample_weights shape=(16,), zero_neighbor_targets=0
GRAB train batch 11: pair_ids shape=(16,), range=48..10393, coefficients shape=(16, 2), sample_weights shape=(16,), zero_neighbor_targets=0
GRAB train batch 12: pair_ids shape=(16,), range=6..10248, coefficients shape=(16, 2), sample_weights shape=(16,), zero_neighbor_targets=0
GRAB train batch 13: pair_ids shape=(16,), range=39..7537, coefficients shape=(16, 2), sample_weights shape=(16,), zero_neighbor_targets=0
GRAB train batch 14: pair_ids shape=(16,), range=36..7536, coefficients shape=(16, 2), sample_weights shape=(16,), zero_neighbor_targets=0
GRAB train batch 15: pair_ids shape=(16,), range=15..10396, coefficients shape=(16, 2), sample_weights shape=(16,), zero_neighbor_targets=0
GRAB train batch 16: pair_ids shape=(16,), range=43..10435, coefficients shape=(16, 2), sample_weights shape=(16,), zero_neighbor_targets=0
GRAB train batch 17: pair_ids shape=(16,), range=102..10205, coefficients shape=(16, 2), sample_weights shape=(16,), zero_neighbor_targets=0
GRAB train batch 18: pair_ids shape=(16,), range=35..10987, coefficients shape=(16, 2), sample_weights shape=(16,), zero_neighbor_targets=0
GRAB train batch 19: pair_ids shape=(16,), range=65..10462, coefficients shape=(16, 2), sample_weights shape=(16,), zero_neighbor_targets=0
GRAB train batch 20: pair_ids shape=(16,), range=42..10277, coefficients shape=(16, 2), sample_weights shape=(16,), zero_neighbor_targets=0
GRAB train batch 21: pair_ids shape=(16,), range=58..8739, coefficients shape=(16, 2), sample_weights shape=(16,), zero_neighbor_targets=0
GRAB train batch 22: pair_ids shape=(16,), range=38..8594, coefficients shape=(16, 2), sample_weights shape=(16,), zero_neighbor_targets=0
GRAB train batch 23: pair_ids shape=(16,), range=25..10662, coefficients shape=(16, 2), sample_weights shape=(16,), zero_neighbor_targets=0
GRAB train batch 24: pair_ids shape=(16,), range=2..10994, coefficients shape=(16, 2), sample_weights shape=(16,), zero_neighbor_targets=0
GRAB train batch 25: pair_ids shape=(16,), range=18..10764, coefficients shape=(16, 2), sample_weights shape=(16,), zero_neighbor_targets=0
GRAB train batch 26: pair_ids shape=(16,), range=80..8670, coefficients shape=(16, 2), sample_weights shape=(16,), zero_neighbor_targets=0
GRAB train batch 27: pair_ids shape=(16,), range=100..7556, coefficients shape=(16, 2), sample_weights shape=(16,), zero_neighbor_targets=0
GRAB train batch 28: pair_ids shape=(16,), range=150..8876, coefficients shape=(16, 2), sample_weights shape=(16,), zero_neighbor_targets=0
GRAB train batch 29: pair_ids shape=(16,), range=41..10800, coefficients shape=(16, 2), sample_weights shape=(16,), zero_neighbor_targets=0
GRAB train batch 30: pair_ids shape=(16,), range=293..10891, coefficients shape=(16, 2), sample_weights shape=(16,), zero_neighbor_targets=0
GRAB train batch 31: pair_ids shape=(16,), range=37..7952, coefficients shape=(16, 2), sample_weights shape=(16,), zero_neighbor_targets=0
GRAB train batch 32: pair_ids shape=(16,), range=44..10836, coefficients shape=(16, 2), sample_weights shape=(16,), zero_neighbor_targets=0
GRAB train batch 33: pair_ids shape=(16,), range=62..8491, coefficients shape=(16, 2), sample_weights shape=(16,), zero_neighbor_targets=0
GRAB train batch 34: pair_ids shape=(16,), range=92..7829, coefficients shape=(16, 2), sample_weights shape=(16,), zero_neighbor_targets=0
GRAB train batch 35: pair_ids shape=(16,), range=84..8472, coefficients shape=(16, 2), sample_weights shape=(16,), zero_neighbor_targets=0
GRAB train batch 36: pair_ids shape=(16,), range=55..10817, coefficients shape=(16, 2), sample_weights shape=(16,), zero_neighbor_targets=0
GRAB train batch 37: pair_ids shape=(16,), range=234..8563, coefficients shape=(16, 2), sample_weights shape=(16,), zero_neighbor_targets=0
GRAB train batch 38: pair_ids shape=(16,), range=95..6515, coefficients shape=(16, 2), sample_weights shape=(16,), zero_neighbor_targets=0
GRAB train batch 39: pair_ids shape=(16,), range=22..10772, coefficients shape=(16, 2), sample_weights shape=(16,), zero_neighbor_targets=0
GRAB train batch 40: pair_ids shape=(16,), range=66..10524, coefficients shape=(16, 2), sample_weights shape=(16,), zero_neighbor_targets=0
GRAB train batch 41: pair_ids shape=(16,), range=90..6351, coefficients shape=(16, 2), sample_weights shape=(16,), zero_neighbor_targets=0
GRAB train batch 42: pair_ids shape=(16,), range=16..10850, coefficients shape=(16, 2), sample_weights shape=(16,), zero_neighbor_targets=0
GRAB train batch 43: pair_ids shape=(16,), range=94..10742, coefficients shape=(16, 2), sample_weights shape=(16,), zero_neighbor_targets=0
GRAB train batch 44: pair_ids shape=(16,), range=54..10984, coefficients shape=(16, 2), sample_weights shape=(16,), zero_neighbor_targets=0
GRAB train batch 45: pair_ids shape=(16,), range=61..8157, coefficients shape=(16, 2), sample_weights shape=(16,), zero_neighbor_targets=0
GRAB train batch 46: pair_ids shape=(16,), range=12..10627, coefficients shape=(16, 2), sample_weights shape=(16,), zero_neighbor_targets=0
GRAB train batch 47: pair_ids shape=(16,), range=83..10522, coefficients shape=(16, 2), sample_weights shape=(16,), zero_neighbor_targets=0
GRAB train batch 48: pair_ids shape=(16,), range=70..9822, coefficients shape=(16, 2), sample_weights shape=(16,), zero_neighbor_targets=0
GRAB train batch 49: pair_ids shape=(16,), range=147..10473, coefficients shape=(16, 2), sample_weights shape=(16,), zero_neighbor_targets=0
GRAB train batch 50: pair_ids shape=(16,), range=105..8200, coefficients shape=(16, 2), sample_weights shape=(16,), zero_neighbor_targets=0
GRAB train batch 51: pair_ids shape=(16,), range=14..10222, coefficients shape=(16, 2), sample_weights shape=(16,), zero_neighbor_targets=0
GRAB train batch 52: pair_ids shape=(16,), range=200..7510, coefficients shape=(16, 2), sample_weights shape=(16,), zero_neighbor_targets=0
GRAB train batch 53: pair_ids shape=(16,), range=239..8928, coefficients shape=(16, 2), sample_weights shape=(16,), zero_neighbor_targets=0
GRAB train batch 54: pair_ids shape=(16,), range=355..10502, coefficients shape=(16, 2), sample_weights shape=(16,), zero_neighbor_targets=0
GRAB train batch 55: pair_ids shape=(16,), range=24..6246, coefficients shape=(16, 2), sample_weights shape=(16,), zero_neighbor_targets=0
GRAB train batch 56: pair_ids shape=(16,), range=0..6569, coefficients shape=(16, 2), sample_weights shape=(16,), zero_neighbor_targets=0
GRAB train batch 57: pair_ids shape=(16,), range=119..10374, coefficients shape=(16, 2), sample_weights shape=(16,), zero_neighbor_targets=0
GRAB train batch 58: pair_ids shape=(16,), range=74..7937, coefficients shape=(16, 2), sample_weights shape=(16,), zero_neighbor_targets=0
GRAB train batch 59: pair_ids shape=(16,), range=23..10360, coefficients shape=(16, 2), sample_weights shape=(16,), zero_neighbor_targets=0
GRAB train batch 60: pair_ids shape=(16,), range=75..10259, coefficients shape=(16, 2), sample_weights shape=(16,), zero_neighbor_targets=0
GRAB train batch 61: pair_ids shape=(16,), range=8..5377, coefficients shape=(16, 2), sample_weights shape=(16,), zero_neighbor_targets=0
GRAB train batch 62: pair_ids shape=(16,), range=142..7894, coefficients shape=(16, 2), sample_weights shape=(16,), zero_neighbor_targets=0
GRAB train batch 63: pair_ids shape=(16,), range=7..9698, coefficients shape=(16, 2), sample_weights shape=(16,), zero_neighbor_targets=0
GRAB train batch 64: pair_ids shape=(16,), range=31..9887, coefficients shape=(16, 2), sample_weights shape=(16,), zero_neighbor_targets=0
GRAB train batch 65: pair_ids shape=(16,), range=247..9818, coefficients shape=(16, 2), sample_weights shape=(16,), zero_neighbor_targets=0
GRAB train batch 66: pair_ids shape=(16,), range=193..9608, coefficients shape=(16, 2), sample_weights shape=(16,), zero_neighbor_targets=0
GRAB train batch 67: pair_ids shape=(16,), range=4..8510, coefficients shape=(16, 2), sample_weights shape=(16,), zero_neighbor_targets=0
GRAB train batch 68: pair_ids shape=(16,), range=11..10362, coefficients shape=(16, 2), sample_weights shape=(16,), zero_neighbor_targets=0
GRAB train batch 69: pair_ids shape=(16,), range=19..10600, coefficients shape=(16, 2), sample_weights shape=(16,), zero_neighbor_targets=0
GRAB train batch 70: pair_ids shape=(16,), range=162..9739, coefficients shape=(16, 2), sample_weights shape=(16,), zero_neighbor_targets=0
GRAB train batch 71: pair_ids shape=(16,), range=1..10988, coefficients shape=(16, 2), sample_weights shape=(16,), zero_neighbor_targets=0
GRAB train batch 72: pair_ids shape=(16,), range=52..10811, coefficients shape=(16, 2), sample_weights shape=(16,), zero_neighbor_targets=0
GRAB train batch 73: pair_ids shape=(16,), range=9..10795, coefficients shape=(16, 2), sample_weights shape=(16,), zero_neighbor_targets=0
GRAB train batch 74: pair_ids shape=(16,), range=129..10471, coefficients shape=(16, 2), sample_weights shape=(16,), zero_neighbor_targets=0
GRAB train batch 75: pair_ids shape=(16,), range=45..10411, coefficients shape=(16, 2), sample_weights shape=(16,), zero_neighbor_targets=0
GRAB train batch 76: pair_ids shape=(16,), range=112..10500, coefficients shape=(16, 2), sample_weights shape=(16,), zero_neighbor_targets=0
GRAB train batch 77: pair_ids shape=(12,), range=3..7867, coefficients shape=(12, 2), sample_weights shape=(12,), zero_neighbor_targets=0
VALIDATION
valid epoch balanced_accuracy: 0.564655
EPOCH 47:
GRAB train batch 1: pair_ids shape=(16,), range=105..8745, coefficients shape=(16, 2), sample_weights shape=(16,), zero_neighbor_targets=0
GRAB train batch 2: pair_ids shape=(16,), range=123..8579, coefficients shape=(16, 2), sample_weights shape=(16,), zero_neighbor_targets=0
GRAB train batch 3: pair_ids shape=(16,), range=23..10384, coefficients shape=(16, 2), sample_weights shape=(16,), zero_neighbor_targets=0
GRAB train batch 4: pair_ids shape=(16,), range=51..10462, coefficients shape=(16, 2), sample_weights shape=(16,), zero_neighbor_targets=0
GRAB train batch 5: pair_ids shape=(16,), range=182..8876, coefficients shape=(16, 2), sample_weights shape=(16,), zero_neighbor_targets=0
GRAB train batch 6: pair_ids shape=(16,), range=20..10374, coefficients shape=(16, 2), sample_weights shape=(16,), zero_neighbor_targets=0
GRAB train batch 7: pair_ids shape=(16,), range=79..10987, coefficients shape=(16, 2), sample_weights shape=(16,), zero_neighbor_targets=0
GRAB train batch 8: pair_ids shape=(16,), range=260..10764, coefficients shape=(16, 2), sample_weights shape=(16,), zero_neighbor_targets=0
GRAB train batch 9: pair_ids shape=(16,), range=17..7252, coefficients shape=(16, 2), sample_weights shape=(16,), zero_neighbor_targets=0
GRAB train batch 10: pair_ids shape=(16,), range=7..9698, coefficients shape=(16, 2), sample_weights shape=(16,), zero_neighbor_targets=0
GRAB train batch 11: pair_ids shape=(16,), range=131..9739, coefficients shape=(16, 2), sample_weights shape=(16,), zero_neighbor_targets=0
GRAB train batch 12: pair_ids shape=(16,), range=179..10836, coefficients shape=(16, 2), sample_weights shape=(16,), zero_neighbor_targets=0
GRAB train batch 13: pair_ids shape=(16,), range=188..10742, coefficients shape=(16, 2), sample_weights shape=(16,), zero_neighbor_targets=0
GRAB train batch 14: pair_ids shape=(16,), range=78..8858, coefficients shape=(16, 2), sample_weights shape=(16,), zero_neighbor_targets=0
GRAB train batch 15: pair_ids shape=(16,), range=28..9840, coefficients shape=(16, 2), sample_weights shape=(16,), zero_neighbor_targets=0
GRAB train batch 16: pair_ids shape=(16,), range=108..4495, coefficients shape=(16, 2), sample_weights shape=(16,), zero_neighbor_targets=0
GRAB train batch 17: pair_ids shape=(16,), range=171..10984, coefficients shape=(16, 2), sample_weights shape=(16,), zero_neighbor_targets=0
GRAB train batch 18: pair_ids shape=(16,), range=112..7522, coefficients shape=(16, 2), sample_weights shape=(16,), zero_neighbor_targets=0
GRAB train batch 19: pair_ids shape=(16,), range=0..10005, coefficients shape=(16, 2), sample_weights shape=(16,), zero_neighbor_targets=0
GRAB train batch 20: pair_ids shape=(16,), range=76..10404, coefficients shape=(16, 2), sample_weights shape=(16,), zero_neighbor_targets=0
GRAB train batch 21: pair_ids shape=(16,), range=84..10772, coefficients shape=(16, 2), sample_weights shape=(16,), zero_neighbor_targets=0
GRAB train batch 22: pair_ids shape=(16,), range=42..10471, coefficients shape=(16, 2), sample_weights shape=(16,), zero_neighbor_targets=0
GRAB train batch 23: pair_ids shape=(16,), range=88..8903, coefficients shape=(16, 2), sample_weights shape=(16,), zero_neighbor_targets=0
GRAB train batch 24: pair_ids shape=(16,), range=5..8731, coefficients shape=(16, 2), sample_weights shape=(16,), zero_neighbor_targets=0
GRAB train batch 25: pair_ids shape=(16,), range=286..10817, coefficients shape=(16, 2), sample_weights shape=(16,), zero_neighbor_targets=0
GRAB train batch 26: pair_ids shape=(16,), range=43..10473, coefficients shape=(16, 2), sample_weights shape=(16,), zero_neighbor_targets=0
GRAB train batch 27: pair_ids shape=(16,), range=4..7940, coefficients shape=(16, 2), sample_weights shape=(16,), zero_neighbor_targets=0
GRAB train batch 28: pair_ids shape=(16,), range=143..10264, coefficients shape=(16, 2), sample_weights shape=(16,), zero_neighbor_targets=0
GRAB train batch 29: pair_ids shape=(16,), range=41..10590, coefficients shape=(16, 2), sample_weights shape=(16,), zero_neighbor_targets=0
GRAB train batch 30: pair_ids shape=(16,), range=60..10502, coefficients shape=(16, 2), sample_weights shape=(16,), zero_neighbor_targets=0
GRAB train batch 31: pair_ids shape=(16,), range=50..9954, coefficients shape=(16, 2), sample_weights shape=(16,), zero_neighbor_targets=0
GRAB train batch 32: pair_ids shape=(16,), range=72..9956, coefficients shape=(16, 2), sample_weights shape=(16,), zero_neighbor_targets=0
GRAB train batch 33: pair_ids shape=(16,), range=22..7537, coefficients shape=(16, 2), sample_weights shape=(16,), zero_neighbor_targets=0
GRAB train batch 34: pair_ids shape=(16,), range=36..10851, coefficients shape=(16, 2), sample_weights shape=(16,), zero_neighbor_targets=0
GRAB train batch 35: pair_ids shape=(16,), range=14..5936, coefficients shape=(16, 2), sample_weights shape=(16,), zero_neighbor_targets=0
GRAB train batch 36: pair_ids shape=(16,), range=24..10994, coefficients shape=(16, 2), sample_weights shape=(16,), zero_neighbor_targets=0
GRAB train batch 37: pair_ids shape=(16,), range=102..10299, coefficients shape=(16, 2), sample_weights shape=(16,), zero_neighbor_targets=0
GRAB train batch 38: pair_ids shape=(16,), range=48..10850, coefficients shape=(16, 2), sample_weights shape=(16,), zero_neighbor_targets=0
GRAB train batch 39: pair_ids shape=(16,), range=89..10811, coefficients shape=(16, 2), sample_weights shape=(16,), zero_neighbor_targets=0
GRAB train batch 40: pair_ids shape=(16,), range=37..8563, coefficients shape=(16, 2), sample_weights shape=(16,), zero_neighbor_targets=0
GRAB train batch 41: pair_ids shape=(16,), range=27..10411, coefficients shape=(16, 2), sample_weights shape=(16,), zero_neighbor_targets=0
GRAB train batch 42: pair_ids shape=(16,), range=8..9608, coefficients shape=(16, 2), sample_weights shape=(16,), zero_neighbor_targets=0
GRAB train batch 43: pair_ids shape=(16,), range=46..8928, coefficients shape=(16, 2), sample_weights shape=(16,), zero_neighbor_targets=0
GRAB train batch 44: pair_ids shape=(16,), range=45..10728, coefficients shape=(16, 2), sample_weights shape=(16,), zero_neighbor_targets=0
GRAB train batch 45: pair_ids shape=(16,), range=71..7872, coefficients shape=(16, 2), sample_weights shape=(16,), zero_neighbor_targets=0
GRAB train batch 46: pair_ids shape=(16,), range=77..7782, coefficients shape=(16, 2), sample_weights shape=(16,), zero_neighbor_targets=0
GRAB train batch 47: pair_ids shape=(16,), range=33..10227, coefficients shape=(16, 2), sample_weights shape=(16,), zero_neighbor_targets=0
GRAB train batch 48: pair_ids shape=(16,), range=19..9727, coefficients shape=(16, 2), sample_weights shape=(16,), zero_neighbor_targets=0
GRAB train batch 49: pair_ids shape=(16,), range=16..10453, coefficients shape=(16, 2), sample_weights shape=(16,), zero_neighbor_targets=0
GRAB train batch 50: pair_ids shape=(16,), range=64..10237, coefficients shape=(16, 2), sample_weights shape=(16,), zero_neighbor_targets=0
GRAB train batch 51: pair_ids shape=(16,), range=12..10800, coefficients shape=(16, 2), sample_weights shape=(16,), zero_neighbor_targets=0
GRAB train batch 52: pair_ids shape=(16,), range=3..9822, coefficients shape=(16, 2), sample_weights shape=(16,), zero_neighbor_targets=0
GRAB train batch 53: pair_ids shape=(16,), range=1..10627, coefficients shape=(16, 2), sample_weights shape=(16,), zero_neighbor_targets=0
GRAB train batch 54: pair_ids shape=(16,), range=10..10393, coefficients shape=(16, 2), sample_weights shape=(16,), zero_neighbor_targets=0
GRAB train batch 55: pair_ids shape=(16,), range=391..10205, coefficients shape=(16, 2), sample_weights shape=(16,), zero_neighbor_targets=0
GRAB train batch 56: pair_ids shape=(16,), range=13..10027, coefficients shape=(16, 2), sample_weights shape=(16,), zero_neighbor_targets=0
GRAB train batch 57: pair_ids shape=(16,), range=21..7798, coefficients shape=(16, 2), sample_weights shape=(16,), zero_neighbor_targets=0
GRAB train batch 58: pair_ids shape=(16,), range=18..10600, coefficients shape=(16, 2), sample_weights shape=(16,), zero_neighbor_targets=0
GRAB train batch 59: pair_ids shape=(16,), range=82..8001, coefficients shape=(16, 2), sample_weights shape=(16,), zero_neighbor_targets=0
GRAB train batch 60: pair_ids shape=(16,), range=93..7213, coefficients shape=(16, 2), sample_weights shape=(16,), zero_neighbor_targets=0
GRAB train batch 61: pair_ids shape=(16,), range=74..10360, coefficients shape=(16, 2), sample_weights shape=(16,), zero_neighbor_targets=0
GRAB train batch 62: pair_ids shape=(16,), range=104..10988, coefficients shape=(16, 2), sample_weights shape=(16,), zero_neighbor_targets=0
GRAB train batch 63: pair_ids shape=(16,), range=9..10362, coefficients shape=(16, 2), sample_weights shape=(16,), zero_neighbor_targets=0
GRAB train batch 64: pair_ids shape=(16,), range=34..10935, coefficients shape=(16, 2), sample_weights shape=(16,), zero_neighbor_targets=0
GRAB train batch 65: pair_ids shape=(16,), range=11..10447, coefficients shape=(16, 2), sample_weights shape=(16,), zero_neighbor_targets=0
GRAB train batch 66: pair_ids shape=(16,), range=180..10795, coefficients shape=(16, 2), sample_weights shape=(16,), zero_neighbor_targets=0
GRAB train batch 67: pair_ids shape=(16,), range=309..10398, coefficients shape=(16, 2), sample_weights shape=(16,), zero_neighbor_targets=0
GRAB train batch 68: pair_ids shape=(16,), range=2..9914, coefficients shape=(16, 2), sample_weights shape=(16,), zero_neighbor_targets=0
GRAB train batch 69: pair_ids shape=(16,), range=6..10891, coefficients shape=(16, 2), sample_weights shape=(16,), zero_neighbor_targets=0
GRAB train batch 70: pair_ids shape=(16,), range=67..8772, coefficients shape=(16, 2), sample_weights shape=(16,), zero_neighbor_targets=0
GRAB train batch 71: pair_ids shape=(16,), range=15..8313, coefficients shape=(16, 2), sample_weights shape=(16,), zero_neighbor_targets=0
GRAB train batch 72: pair_ids shape=(16,), range=29..7497, coefficients shape=(16, 2), sample_weights shape=(16,), zero_neighbor_targets=0
GRAB train batch 73: pair_ids shape=(16,), range=53..7867, coefficients shape=(16, 2), sample_weights shape=(16,), zero_neighbor_targets=0
GRAB train batch 74: pair_ids shape=(16,), range=95..7385, coefficients shape=(16, 2), sample_weights shape=(16,), zero_neighbor_targets=0
GRAB train batch 75: pair_ids shape=(16,), range=61..10396, coefficients shape=(16, 2), sample_weights shape=(16,), zero_neighbor_targets=0
GRAB train batch 76: pair_ids shape=(16,), range=65..10500, coefficients shape=(16, 2), sample_weights shape=(16,), zero_neighbor_targets=0
GRAB train batch 77: pair_ids shape=(12,), range=25..8370, coefficients shape=(12, 2), sample_weights shape=(12,), zero_neighbor_targets=0
VALIDATION
valid epoch balanced_accuracy: 0.512213
EPOCH 48:
GRAB train batch 1: pair_ids shape=(16,), range=46..10811, coefficients shape=(16, 2), sample_weights shape=(16,), zero_neighbor_targets=0
GRAB train batch 2: pair_ids shape=(16,), range=12..7496, coefficients shape=(16, 2), sample_weights shape=(16,), zero_neighbor_targets=0
GRAB train batch 3: pair_ids shape=(16,), range=72..10435, coefficients shape=(16, 2), sample_weights shape=(16,), zero_neighbor_targets=0
GRAB train batch 4: pair_ids shape=(16,), range=7..10471, coefficients shape=(16, 2), sample_weights shape=(16,), zero_neighbor_targets=0
GRAB train batch 5: pair_ids shape=(16,), range=92..10475, coefficients shape=(16, 2), sample_weights shape=(16,), zero_neighbor_targets=0
GRAB train batch 6: pair_ids shape=(16,), range=20..6818, coefficients shape=(16, 2), sample_weights shape=(16,), zero_neighbor_targets=0
GRAB train batch 7: pair_ids shape=(16,), range=82..9608, coefficients shape=(16, 2), sample_weights shape=(16,), zero_neighbor_targets=0
GRAB train batch 8: pair_ids shape=(16,), range=57..8363, coefficients shape=(16, 2), sample_weights shape=(16,), zero_neighbor_targets=0
GRAB train batch 9: pair_ids shape=(16,), range=22..10502, coefficients shape=(16, 2), sample_weights shape=(16,), zero_neighbor_targets=0
GRAB train batch 10: pair_ids shape=(16,), range=38..8915, coefficients shape=(16, 2), sample_weights shape=(16,), zero_neighbor_targets=0
GRAB train batch 11: pair_ids shape=(16,), range=126..10994, coefficients shape=(16, 2), sample_weights shape=(16,), zero_neighbor_targets=0
GRAB train batch 12: pair_ids shape=(16,), range=21..10685, coefficients shape=(16, 2), sample_weights shape=(16,), zero_neighbor_targets=0
GRAB train batch 13: pair_ids shape=(16,), range=31..10500, coefficients shape=(16, 2), sample_weights shape=(16,), zero_neighbor_targets=0
GRAB train batch 14: pair_ids shape=(16,), range=129..10742, coefficients shape=(16, 2), sample_weights shape=(16,), zero_neighbor_targets=0
GRAB train batch 15: pair_ids shape=(16,), range=110..10384, coefficients shape=(16, 2), sample_weights shape=(16,), zero_neighbor_targets=0
GRAB train batch 16: pair_ids shape=(16,), range=19..8210, coefficients shape=(16, 2), sample_weights shape=(16,), zero_neighbor_targets=0
GRAB train batch 17: pair_ids shape=(16,), range=44..9956, coefficients shape=(16, 2), sample_weights shape=(16,), zero_neighbor_targets=0
GRAB train batch 18: pair_ids shape=(16,), range=107..10590, coefficients shape=(16, 2), sample_weights shape=(16,), zero_neighbor_targets=0
GRAB train batch 19: pair_ids shape=(16,), range=29..7798, coefficients shape=(16, 2), sample_weights shape=(16,), zero_neighbor_targets=0
GRAB train batch 20: pair_ids shape=(16,), range=16..10836, coefficients shape=(16, 2), sample_weights shape=(16,), zero_neighbor_targets=0
GRAB train batch 21: pair_ids shape=(16,), range=63..10662, coefficients shape=(16, 2), sample_weights shape=(16,), zero_neighbor_targets=0
GRAB train batch 22: pair_ids shape=(16,), range=228..10264, coefficients shape=(16, 2), sample_weights shape=(16,), zero_neighbor_targets=0
GRAB train batch 23: pair_ids shape=(16,), range=56..10259, coefficients shape=(16, 2), sample_weights shape=(16,), zero_neighbor_targets=0
GRAB train batch 24: pair_ids shape=(16,), range=147..10772, coefficients shape=(16, 2), sample_weights shape=(16,), zero_neighbor_targets=0
GRAB train batch 25: pair_ids shape=(16,), range=14..9822, coefficients shape=(16, 2), sample_weights shape=(16,), zero_neighbor_targets=0
GRAB train batch 26: pair_ids shape=(16,), range=37..7448, coefficients shape=(16, 2), sample_weights shape=(16,), zero_neighbor_targets=0
GRAB train batch 27: pair_ids shape=(16,), range=134..7219, coefficients shape=(16, 2), sample_weights shape=(16,), zero_neighbor_targets=0
GRAB train batch 28: pair_ids shape=(16,), range=5..9954, coefficients shape=(16, 2), sample_weights shape=(16,), zero_neighbor_targets=0
GRAB train batch 29: pair_ids shape=(16,), range=99..8678, coefficients shape=(16, 2), sample_weights shape=(16,), zero_neighbor_targets=0
GRAB train batch 30: pair_ids shape=(16,), range=17..8658, coefficients shape=(16, 2), sample_weights shape=(16,), zero_neighbor_targets=0
GRAB train batch 31: pair_ids shape=(16,), range=25..7923, coefficients shape=(16, 2), sample_weights shape=(16,), zero_neighbor_targets=0
GRAB train batch 32: pair_ids shape=(16,), range=66..10393, coefficients shape=(16, 2), sample_weights shape=(16,), zero_neighbor_targets=0
GRAB train batch 33: pair_ids shape=(16,), range=156..7304, coefficients shape=(16, 2), sample_weights shape=(16,), zero_neighbor_targets=0
GRAB train batch 34: pair_ids shape=(16,), range=78..10817, coefficients shape=(16, 2), sample_weights shape=(16,), zero_neighbor_targets=0
GRAB train batch 35: pair_ids shape=(16,), range=26..10800, coefficients shape=(16, 2), sample_weights shape=(16,), zero_neighbor_targets=0
GRAB train batch 36: pair_ids shape=(16,), range=196..10988, coefficients shape=(16, 2), sample_weights shape=(16,), zero_neighbor_targets=0
GRAB train batch 37: pair_ids shape=(16,), range=51..10891, coefficients shape=(16, 2), sample_weights shape=(16,), zero_neighbor_targets=0
GRAB train batch 38: pair_ids shape=(16,), range=55..6766, coefficients shape=(16, 2), sample_weights shape=(16,), zero_neighbor_targets=0
GRAB train batch 39: pair_ids shape=(16,), range=1..8670, coefficients shape=(16, 2), sample_weights shape=(16,), zero_neighbor_targets=0
GRAB train batch 40: pair_ids shape=(16,), range=73..10170, coefficients shape=(16, 2), sample_weights shape=(16,), zero_neighbor_targets=0
GRAB train batch 41: pair_ids shape=(16,), range=69..10398, coefficients shape=(16, 2), sample_weights shape=(16,), zero_neighbor_targets=0
GRAB train batch 42: pair_ids shape=(16,), range=59..10227, coefficients shape=(16, 2), sample_weights shape=(16,), zero_neighbor_targets=0
GRAB train batch 43: pair_ids shape=(16,), range=191..8563, coefficients shape=(16, 2), sample_weights shape=(16,), zero_neighbor_targets=0
GRAB train batch 44: pair_ids shape=(16,), range=53..10009, coefficients shape=(16, 2), sample_weights shape=(16,), zero_neighbor_targets=0
GRAB train batch 45: pair_ids shape=(16,), range=186..10522, coefficients shape=(16, 2), sample_weights shape=(16,), zero_neighbor_targets=0
GRAB train batch 46: pair_ids shape=(16,), range=128..10453, coefficients shape=(16, 2), sample_weights shape=(16,), zero_neighbor_targets=0
GRAB train batch 47: pair_ids shape=(16,), range=15..7782, coefficients shape=(16, 2), sample_weights shape=(16,), zero_neighbor_targets=0
GRAB train batch 48: pair_ids shape=(16,), range=10..10396, coefficients shape=(16, 2), sample_weights shape=(16,), zero_neighbor_targets=0
GRAB train batch 49: pair_ids shape=(16,), range=262..6838, coefficients shape=(16, 2), sample_weights shape=(16,), zero_neighbor_targets=0
GRAB train batch 50: pair_ids shape=(16,), range=6..8772, coefficients shape=(16, 2), sample_weights shape=(16,), zero_neighbor_targets=0
GRAB train batch 51: pair_ids shape=(16,), range=172..9696, coefficients shape=(16, 2), sample_weights shape=(16,), zero_neighbor_targets=0
GRAB train batch 52: pair_ids shape=(16,), range=36..10473, coefficients shape=(16, 2), sample_weights shape=(16,), zero_neighbor_targets=0
GRAB train batch 53: pair_ids shape=(16,), range=4..10277, coefficients shape=(16, 2), sample_weights shape=(16,), zero_neighbor_targets=0
GRAB train batch 54: pair_ids shape=(16,), range=27..9887, coefficients shape=(16, 2), sample_weights shape=(16,), zero_neighbor_targets=0
GRAB train batch 55: pair_ids shape=(16,), range=9..6460, coefficients shape=(16, 2), sample_weights shape=(16,), zero_neighbor_targets=0
GRAB train batch 56: pair_ids shape=(16,), range=123..10987, coefficients shape=(16, 2), sample_weights shape=(16,), zero_neighbor_targets=0
GRAB train batch 57: pair_ids shape=(16,), range=127..9739, coefficients shape=(16, 2), sample_weights shape=(16,), zero_neighbor_targets=0
GRAB train batch 58: pair_ids shape=(16,), range=65..8951, coefficients shape=(16, 2), sample_weights shape=(16,), zero_neighbor_targets=0
GRAB train batch 59: pair_ids shape=(16,), range=18..10764, coefficients shape=(16, 2), sample_weights shape=(16,), zero_neighbor_targets=0
GRAB train batch 60: pair_ids shape=(16,), range=95..9937, coefficients shape=(16, 2), sample_weights shape=(16,), zero_neighbor_targets=0
GRAB train batch 61: pair_ids shape=(16,), range=3..7952, coefficients shape=(16, 2), sample_weights shape=(16,), zero_neighbor_targets=0
GRAB train batch 62: pair_ids shape=(16,), range=125..6515, coefficients shape=(16, 2), sample_weights shape=(16,), zero_neighbor_targets=0
GRAB train batch 63: pair_ids shape=(16,), range=24..10299, coefficients shape=(16, 2), sample_weights shape=(16,), zero_neighbor_targets=0
GRAB train batch 64: pair_ids shape=(16,), range=28..10331, coefficients shape=(16, 2), sample_weights shape=(16,), zero_neighbor_targets=0
GRAB train batch 65: pair_ids shape=(16,), range=41..10627, coefficients shape=(16, 2), sample_weights shape=(16,), zero_neighbor_targets=0
GRAB train batch 66: pair_ids shape=(16,), range=75..10795, coefficients shape=(16, 2), sample_weights shape=(16,), zero_neighbor_targets=0
GRAB train batch 67: pair_ids shape=(16,), range=104..10851, coefficients shape=(16, 2), sample_weights shape=(16,), zero_neighbor_targets=0
GRAB train batch 68: pair_ids shape=(16,), range=137..8876, coefficients shape=(16, 2), sample_weights shape=(16,), zero_neighbor_targets=0
GRAB train batch 69: pair_ids shape=(16,), range=47..10984, coefficients shape=(16, 2), sample_weights shape=(16,), zero_neighbor_targets=0
GRAB train batch 70: pair_ids shape=(16,), range=39..7497, coefficients shape=(16, 2), sample_weights shape=(16,), zero_neighbor_targets=0
GRAB train batch 71: pair_ids shape=(16,), range=8..8001, coefficients shape=(16, 2), sample_weights shape=(16,), zero_neighbor_targets=0
GRAB train batch 72: pair_ids shape=(16,), range=34..9818, coefficients shape=(16, 2), sample_weights shape=(16,), zero_neighbor_targets=0
GRAB train batch 73: pair_ids shape=(16,), range=86..10935, coefficients shape=(16, 2), sample_weights shape=(16,), zero_neighbor_targets=0
GRAB train batch 74: pair_ids shape=(16,), range=0..10728, coefficients shape=(16, 2), sample_weights shape=(16,), zero_neighbor_targets=0
GRAB train batch 75: pair_ids shape=(16,), range=2..10850, coefficients shape=(16, 2), sample_weights shape=(16,), zero_neighbor_targets=0
GRAB train batch 76: pair_ids shape=(16,), range=11..5767, coefficients shape=(16, 2), sample_weights shape=(16,), zero_neighbor_targets=0
GRAB train batch 77: pair_ids shape=(12,), range=45..10600, coefficients shape=(12, 2), sample_weights shape=(12,), zero_neighbor_targets=0
VALIDATION
valid epoch balanced_accuracy: 0.595546
EPOCH 49:
GRAB train batch 1: pair_ids shape=(16,), range=11..6283, coefficients shape=(16, 2), sample_weights shape=(16,), zero_neighbor_targets=0
GRAB train batch 2: pair_ids shape=(16,), range=495..10994, coefficients shape=(16, 2), sample_weights shape=(16,), zero_neighbor_targets=0
GRAB train batch 3: pair_ids shape=(16,), range=21..10984, coefficients shape=(16, 2), sample_weights shape=(16,), zero_neighbor_targets=0
GRAB train batch 4: pair_ids shape=(16,), range=31..7975, coefficients shape=(16, 2), sample_weights shape=(16,), zero_neighbor_targets=0
GRAB train batch 5: pair_ids shape=(16,), range=16..8579, coefficients shape=(16, 2), sample_weights shape=(16,), zero_neighbor_targets=0
GRAB train batch 6: pair_ids shape=(16,), range=23..10764, coefficients shape=(16, 2), sample_weights shape=(16,), zero_neighbor_targets=0
GRAB train batch 7: pair_ids shape=(16,), range=68..10524, coefficients shape=(16, 2), sample_weights shape=(16,), zero_neighbor_targets=0
GRAB train batch 8: pair_ids shape=(16,), range=131..10411, coefficients shape=(16, 2), sample_weights shape=(16,), zero_neighbor_targets=0
GRAB train batch 9: pair_ids shape=(16,), range=105..7284, coefficients shape=(16, 2), sample_weights shape=(16,), zero_neighbor_targets=0
GRAB train batch 10: pair_ids shape=(16,), range=29..10453, coefficients shape=(16, 2), sample_weights shape=(16,), zero_neighbor_targets=0
GRAB train batch 11: pair_ids shape=(16,), range=30..7304, coefficients shape=(16, 2), sample_weights shape=(16,), zero_neighbor_targets=0
GRAB train batch 12: pair_ids shape=(16,), range=45..8915, coefficients shape=(16, 2), sample_weights shape=(16,), zero_neighbor_targets=0
GRAB train batch 13: pair_ids shape=(16,), range=17..10502, coefficients shape=(16, 2), sample_weights shape=(16,), zero_neighbor_targets=0
GRAB train batch 14: pair_ids shape=(16,), range=34..10259, coefficients shape=(16, 2), sample_weights shape=(16,), zero_neighbor_targets=0
GRAB train batch 15: pair_ids shape=(16,), range=46..7511, coefficients shape=(16, 2), sample_weights shape=(16,), zero_neighbor_targets=0
GRAB train batch 16: pair_ids shape=(16,), range=305..8858, coefficients shape=(16, 2), sample_weights shape=(16,), zero_neighbor_targets=0
GRAB train batch 17: pair_ids shape=(16,), range=9..8678, coefficients shape=(16, 2), sample_weights shape=(16,), zero_neighbor_targets=0
GRAB train batch 18: pair_ids shape=(16,), range=49..10462, coefficients shape=(16, 2), sample_weights shape=(16,), zero_neighbor_targets=0
GRAB train batch 19: pair_ids shape=(16,), range=4..9892, coefficients shape=(16, 2), sample_weights shape=(16,), zero_neighbor_targets=0
GRAB train batch 20: pair_ids shape=(16,), range=7..10795, coefficients shape=(16, 2), sample_weights shape=(16,), zero_neighbor_targets=0
GRAB train batch 21: pair_ids shape=(16,), range=151..10772, coefficients shape=(16, 2), sample_weights shape=(16,), zero_neighbor_targets=0
GRAB train batch 22: pair_ids shape=(16,), range=1..10396, coefficients shape=(16, 2), sample_weights shape=(16,), zero_neighbor_targets=0
GRAB train batch 23: pair_ids shape=(16,), range=96..10851, coefficients shape=(16, 2), sample_weights shape=(16,), zero_neighbor_targets=0
GRAB train batch 24: pair_ids shape=(16,), range=124..7653, coefficients shape=(16, 2), sample_weights shape=(16,), zero_neighbor_targets=0
GRAB train batch 25: pair_ids shape=(16,), range=174..8157, coefficients shape=(16, 2), sample_weights shape=(16,), zero_neighbor_targets=0
GRAB train batch 26: pair_ids shape=(16,), range=60..10170, coefficients shape=(16, 2), sample_weights shape=(16,), zero_neighbor_targets=0
GRAB train batch 27: pair_ids shape=(16,), range=39..10264, coefficients shape=(16, 2), sample_weights shape=(16,), zero_neighbor_targets=0
GRAB train batch 28: pair_ids shape=(16,), range=36..9818, coefficients shape=(16, 2), sample_weights shape=(16,), zero_neighbor_targets=0
GRAB train batch 29: pair_ids shape=(16,), range=43..10398, coefficients shape=(16, 2), sample_weights shape=(16,), zero_neighbor_targets=0
GRAB train batch 30: pair_ids shape=(16,), range=55..8590, coefficients shape=(16, 2), sample_weights shape=(16,), zero_neighbor_targets=0
GRAB train batch 31: pair_ids shape=(16,), range=69..10988, coefficients shape=(16, 2), sample_weights shape=(16,), zero_neighbor_targets=0
GRAB train batch 32: pair_ids shape=(16,), range=302..10817, coefficients shape=(16, 2), sample_weights shape=(16,), zero_neighbor_targets=0
GRAB train batch 33: pair_ids shape=(16,), range=8..9913, coefficients shape=(16, 2), sample_weights shape=(16,), zero_neighbor_targets=0
GRAB train batch 34: pair_ids shape=(16,), range=22..10590, coefficients shape=(16, 2), sample_weights shape=(16,), zero_neighbor_targets=0
GRAB train batch 35: pair_ids shape=(16,), range=162..9840, coefficients shape=(16, 2), sample_weights shape=(16,), zero_neighbor_targets=0
GRAB train batch 36: pair_ids shape=(16,), range=10..8200, coefficients shape=(16, 2), sample_weights shape=(16,), zero_neighbor_targets=0
GRAB train batch 37: pair_ids shape=(16,), range=14..10685, coefficients shape=(16, 2), sample_weights shape=(16,), zero_neighbor_targets=0
GRAB train batch 38: pair_ids shape=(16,), range=0..7200, coefficients shape=(16, 2), sample_weights shape=(16,), zero_neighbor_targets=0
GRAB train batch 39: pair_ids shape=(16,), range=73..10473, coefficients shape=(16, 2), sample_weights shape=(16,), zero_neighbor_targets=0
GRAB train batch 40: pair_ids shape=(16,), range=35..7979, coefficients shape=(16, 2), sample_weights shape=(16,), zero_neighbor_targets=0
GRAB train batch 41: pair_ids shape=(16,), range=53..10662, coefficients shape=(16, 2), sample_weights shape=(16,), zero_neighbor_targets=0
GRAB train batch 42: pair_ids shape=(16,), range=198..10522, coefficients shape=(16, 2), sample_weights shape=(16,), zero_neighbor_targets=0
GRAB train batch 43: pair_ids shape=(16,), range=113..9608, coefficients shape=(16, 2), sample_weights shape=(16,), zero_neighbor_targets=0
GRAB train batch 44: pair_ids shape=(16,), range=28..7411, coefficients shape=(16, 2), sample_weights shape=(16,), zero_neighbor_targets=0
GRAB train batch 45: pair_ids shape=(16,), range=148..8563, coefficients shape=(16, 2), sample_weights shape=(16,), zero_neighbor_targets=0
GRAB train batch 46: pair_ids shape=(16,), range=38..8841, coefficients shape=(16, 2), sample_weights shape=(16,), zero_neighbor_targets=0
GRAB train batch 47: pair_ids shape=(16,), range=57..10811, coefficients shape=(16, 2), sample_weights shape=(16,), zero_neighbor_targets=0
GRAB train batch 48: pair_ids shape=(16,), range=32..10935, coefficients shape=(16, 2), sample_weights shape=(16,), zero_neighbor_targets=0
GRAB train batch 49: pair_ids shape=(16,), range=42..10277, coefficients shape=(16, 2), sample_weights shape=(16,), zero_neighbor_targets=0
GRAB train batch 50: pair_ids shape=(16,), range=18..10475, coefficients shape=(16, 2), sample_weights shape=(16,), zero_neighbor_targets=0
GRAB train batch 51: pair_ids shape=(16,), range=5..10393, coefficients shape=(16, 2), sample_weights shape=(16,), zero_neighbor_targets=0
GRAB train batch 52: pair_ids shape=(16,), range=6..8729, coefficients shape=(16, 2), sample_weights shape=(16,), zero_neighbor_targets=0
GRAB train batch 53: pair_ids shape=(16,), range=26..9795, coefficients shape=(16, 2), sample_weights shape=(16,), zero_neighbor_targets=0
GRAB train batch 54: pair_ids shape=(16,), range=15..10027, coefficients shape=(16, 2), sample_weights shape=(16,), zero_neighbor_targets=0
GRAB train batch 55: pair_ids shape=(16,), range=2..4113, coefficients shape=(16, 2), sample_weights shape=(16,), zero_neighbor_targets=0
GRAB train batch 56: pair_ids shape=(16,), range=256..10362, coefficients shape=(16, 2), sample_weights shape=(16,), zero_neighbor_targets=0
GRAB train batch 57: pair_ids shape=(16,), range=33..10891, coefficients shape=(16, 2), sample_weights shape=(16,), zero_neighbor_targets=0
GRAB train batch 58: pair_ids shape=(16,), range=67..8731, coefficients shape=(16, 2), sample_weights shape=(16,), zero_neighbor_targets=0
GRAB train batch 59: pair_ids shape=(16,), range=70..8168, coefficients shape=(16, 2), sample_weights shape=(16,), zero_neighbor_targets=0
GRAB train batch 60: pair_ids shape=(16,), range=98..10384, coefficients shape=(16, 2), sample_weights shape=(16,), zero_neighbor_targets=0
GRAB train batch 61: pair_ids shape=(16,), range=20..5242, coefficients shape=(16, 2), sample_weights shape=(16,), zero_neighbor_targets=0
GRAB train batch 62: pair_ids shape=(16,), range=129..10728, coefficients shape=(16, 2), sample_weights shape=(16,), zero_neighbor_targets=0
GRAB train batch 63: pair_ids shape=(16,), range=147..9956, coefficients shape=(16, 2), sample_weights shape=(16,), zero_neighbor_targets=0
GRAB train batch 64: pair_ids shape=(16,), range=318..10836, coefficients shape=(16, 2), sample_weights shape=(16,), zero_neighbor_targets=0
GRAB train batch 65: pair_ids shape=(16,), range=48..10987, coefficients shape=(16, 2), sample_weights shape=(16,), zero_neighbor_targets=0
GRAB train batch 66: pair_ids shape=(16,), range=82..9704, coefficients shape=(16, 2), sample_weights shape=(16,), zero_neighbor_targets=0
GRAB train batch 67: pair_ids shape=(16,), range=90..10447, coefficients shape=(16, 2), sample_weights shape=(16,), zero_neighbor_targets=0
GRAB train batch 68: pair_ids shape=(16,), range=74..8876, coefficients shape=(16, 2), sample_weights shape=(16,), zero_neighbor_targets=0
GRAB train batch 69: pair_ids shape=(16,), range=115..7448, coefficients shape=(16, 2), sample_weights shape=(16,), zero_neighbor_targets=0
GRAB train batch 70: pair_ids shape=(16,), range=51..10500, coefficients shape=(16, 2), sample_weights shape=(16,), zero_neighbor_targets=0
GRAB train batch 71: pair_ids shape=(16,), range=112..10374, coefficients shape=(16, 2), sample_weights shape=(16,), zero_neighbor_targets=0
GRAB train batch 72: pair_ids shape=(16,), range=24..10627, coefficients shape=(16, 2), sample_weights shape=(16,), zero_neighbor_targets=0
GRAB train batch 73: pair_ids shape=(16,), range=95..10850, coefficients shape=(16, 2), sample_weights shape=(16,), zero_neighbor_targets=0
GRAB train batch 74: pair_ids shape=(16,), range=47..9739, coefficients shape=(16, 2), sample_weights shape=(16,), zero_neighbor_targets=0
GRAB train batch 75: pair_ids shape=(16,), range=3..10742, coefficients shape=(16, 2), sample_weights shape=(16,), zero_neighbor_targets=0
GRAB train batch 76: pair_ids shape=(16,), range=219..7795, coefficients shape=(16, 2), sample_weights shape=(16,), zero_neighbor_targets=0
GRAB train batch 77: pair_ids shape=(12,), range=41..9914, coefficients shape=(12, 2), sample_weights shape=(12,), zero_neighbor_targets=0
VALIDATION
valid epoch balanced_accuracy: 0.505029
EPOCH 50:
GRAB train batch 1: pair_ids shape=(16,), range=68..8224, coefficients shape=(16, 2), sample_weights shape=(16,), zero_neighbor_targets=0
GRAB train batch 2: pair_ids shape=(16,), range=33..8928, coefficients shape=(16, 2), sample_weights shape=(16,), zero_neighbor_targets=0
GRAB train batch 3: pair_ids shape=(16,), range=2..8670, coefficients shape=(16, 2), sample_weights shape=(16,), zero_neighbor_targets=0
GRAB train batch 4: pair_ids shape=(16,), range=214..9546, coefficients shape=(16, 2), sample_weights shape=(16,), zero_neighbor_targets=0
GRAB train batch 5: pair_ids shape=(16,), range=182..10205, coefficients shape=(16, 2), sample_weights shape=(16,), zero_neighbor_targets=0
GRAB train batch 6: pair_ids shape=(16,), range=277..10817, coefficients shape=(16, 2), sample_weights shape=(16,), zero_neighbor_targets=0
GRAB train batch 7: pair_ids shape=(16,), range=97..7913, coefficients shape=(16, 2), sample_weights shape=(16,), zero_neighbor_targets=0
GRAB train batch 8: pair_ids shape=(16,), range=105..10800, coefficients shape=(16, 2), sample_weights shape=(16,), zero_neighbor_targets=0
GRAB train batch 9: pair_ids shape=(16,), range=197..9608, coefficients shape=(16, 2), sample_weights shape=(16,), zero_neighbor_targets=0
GRAB train batch 10: pair_ids shape=(16,), range=28..10742, coefficients shape=(16, 2), sample_weights shape=(16,), zero_neighbor_targets=0
GRAB train batch 11: pair_ids shape=(16,), range=151..8200, coefficients shape=(16, 2), sample_weights shape=(16,), zero_neighbor_targets=0
GRAB train batch 12: pair_ids shape=(16,), range=47..10772, coefficients shape=(16, 2), sample_weights shape=(16,), zero_neighbor_targets=0
GRAB train batch 13: pair_ids shape=(16,), range=43..8491, coefficients shape=(16, 2), sample_weights shape=(16,), zero_neighbor_targets=0
GRAB train batch 14: pair_ids shape=(16,), range=21..10891, coefficients shape=(16, 2), sample_weights shape=(16,), zero_neighbor_targets=0
GRAB train batch 15: pair_ids shape=(16,), range=0..10500, coefficients shape=(16, 2), sample_weights shape=(16,), zero_neighbor_targets=0
GRAB train batch 16: pair_ids shape=(16,), range=4..10987, coefficients shape=(16, 2), sample_weights shape=(16,), zero_neighbor_targets=0
GRAB train batch 17: pair_ids shape=(16,), range=52..10277, coefficients shape=(16, 2), sample_weights shape=(16,), zero_neighbor_targets=0
GRAB train batch 18: pair_ids shape=(16,), range=12..8729, coefficients shape=(16, 2), sample_weights shape=(16,), zero_neighbor_targets=0
GRAB train batch 19: pair_ids shape=(16,), range=37..10524, coefficients shape=(16, 2), sample_weights shape=(16,), zero_neighbor_targets=0
GRAB train batch 20: pair_ids shape=(16,), range=3..10475, coefficients shape=(16, 2), sample_weights shape=(16,), zero_neighbor_targets=0
GRAB train batch 21: pair_ids shape=(16,), range=127..10259, coefficients shape=(16, 2), sample_weights shape=(16,), zero_neighbor_targets=0
GRAB train batch 22: pair_ids shape=(16,), range=13..10398, coefficients shape=(16, 2), sample_weights shape=(16,), zero_neighbor_targets=0
GRAB train batch 23: pair_ids shape=(16,), range=118..9939, coefficients shape=(16, 2), sample_weights shape=(16,), zero_neighbor_targets=0
GRAB train batch 24: pair_ids shape=(16,), range=26..9704, coefficients shape=(16, 2), sample_weights shape=(16,), zero_neighbor_targets=0
GRAB train batch 25: pair_ids shape=(16,), range=217..9840, coefficients shape=(16, 2), sample_weights shape=(16,), zero_neighbor_targets=0
GRAB train batch 26: pair_ids shape=(16,), range=48..7552, coefficients shape=(16, 2), sample_weights shape=(16,), zero_neighbor_targets=0
GRAB train batch 27: pair_ids shape=(16,), range=17..9696, coefficients shape=(16, 2), sample_weights shape=(16,), zero_neighbor_targets=0
GRAB train batch 28: pair_ids shape=(16,), range=96..10362, coefficients shape=(16, 2), sample_weights shape=(16,), zero_neighbor_targets=0
GRAB train batch 29: pair_ids shape=(16,), range=66..10537, coefficients shape=(16, 2), sample_weights shape=(16,), zero_neighbor_targets=0
GRAB train batch 30: pair_ids shape=(16,), range=15..10360, coefficients shape=(16, 2), sample_weights shape=(16,), zero_neighbor_targets=0
GRAB train batch 31: pair_ids shape=(16,), range=51..10590, coefficients shape=(16, 2), sample_weights shape=(16,), zero_neighbor_targets=0
GRAB train batch 32: pair_ids shape=(16,), range=54..10404, coefficients shape=(16, 2), sample_weights shape=(16,), zero_neighbor_targets=0
GRAB train batch 33: pair_ids shape=(16,), range=104..10984, coefficients shape=(16, 2), sample_weights shape=(16,), zero_neighbor_targets=0
GRAB train batch 34: pair_ids shape=(16,), range=89..10988, coefficients shape=(16, 2), sample_weights shape=(16,), zero_neighbor_targets=0
GRAB train batch 35: pair_ids shape=(16,), range=31..10795, coefficients shape=(16, 2), sample_weights shape=(16,), zero_neighbor_targets=0
GRAB train batch 36: pair_ids shape=(16,), range=30..10994, coefficients shape=(16, 2), sample_weights shape=(16,), zero_neighbor_targets=0
GRAB train batch 37: pair_ids shape=(16,), range=38..10502, coefficients shape=(16, 2), sample_weights shape=(16,), zero_neighbor_targets=0
GRAB train batch 38: pair_ids shape=(16,), range=16..10005, coefficients shape=(16, 2), sample_weights shape=(16,), zero_neighbor_targets=0
GRAB train batch 39: pair_ids shape=(16,), range=177..10522, coefficients shape=(16, 2), sample_weights shape=(16,), zero_neighbor_targets=0
GRAB train batch 40: pair_ids shape=(16,), range=46..9698, coefficients shape=(16, 2), sample_weights shape=(16,), zero_neighbor_targets=0
GRAB train batch 41: pair_ids shape=(16,), range=81..8370, coefficients shape=(16, 2), sample_weights shape=(16,), zero_neighbor_targets=0
GRAB train batch 42: pair_ids shape=(16,), range=56..10393, coefficients shape=(16, 2), sample_weights shape=(16,), zero_neighbor_targets=0
GRAB train batch 43: pair_ids shape=(16,), range=7..10237, coefficients shape=(16, 2), sample_weights shape=(16,), zero_neighbor_targets=0
GRAB train batch 44: pair_ids shape=(16,), range=1..10685, coefficients shape=(16, 2), sample_weights shape=(16,), zero_neighbor_targets=0
GRAB train batch 45: pair_ids shape=(16,), range=115..7975, coefficients shape=(16, 2), sample_weights shape=(16,), zero_neighbor_targets=0
GRAB train batch 46: pair_ids shape=(16,), range=363..8739, coefficients shape=(16, 2), sample_weights shape=(16,), zero_neighbor_targets=0
GRAB train batch 47: pair_ids shape=(16,), range=20..7979, coefficients shape=(16, 2), sample_weights shape=(16,), zero_neighbor_targets=0
GRAB train batch 48: pair_ids shape=(16,), range=24..10312, coefficients shape=(16, 2), sample_weights shape=(16,), zero_neighbor_targets=0
GRAB train batch 49: pair_ids shape=(16,), range=19..8563, coefficients shape=(16, 2), sample_weights shape=(16,), zero_neighbor_targets=0
GRAB train batch 50: pair_ids shape=(16,), range=14..10851, coefficients shape=(16, 2), sample_weights shape=(16,), zero_neighbor_targets=0
GRAB train batch 51: pair_ids shape=(16,), range=444..8951, coefficients shape=(16, 2), sample_weights shape=(16,), zero_neighbor_targets=0
GRAB train batch 52: pair_ids shape=(16,), range=113..10374, coefficients shape=(16, 2), sample_weights shape=(16,), zero_neighbor_targets=0
GRAB train batch 53: pair_ids shape=(16,), range=22..10462, coefficients shape=(16, 2), sample_weights shape=(16,), zero_neighbor_targets=0
GRAB train batch 54: pair_ids shape=(16,), range=112..9822, coefficients shape=(16, 2), sample_weights shape=(16,), zero_neighbor_targets=0
GRAB train batch 55: pair_ids shape=(16,), range=154..6274, coefficients shape=(16, 2), sample_weights shape=(16,), zero_neighbor_targets=0
GRAB train batch 56: pair_ids shape=(16,), range=10..10600, coefficients shape=(16, 2), sample_weights shape=(16,), zero_neighbor_targets=0
GRAB train batch 57: pair_ids shape=(16,), range=72..7440, coefficients shape=(16, 2), sample_weights shape=(16,), zero_neighbor_targets=0
GRAB train batch 58: pair_ids shape=(16,), range=95..7369, coefficients shape=(16, 2), sample_weights shape=(16,), zero_neighbor_targets=0
GRAB train batch 59: pair_ids shape=(16,), range=39..8363, coefficients shape=(16, 2), sample_weights shape=(16,), zero_neighbor_targets=0
GRAB train batch 60: pair_ids shape=(16,), range=57..6499, coefficients shape=(16, 2), sample_weights shape=(16,), zero_neighbor_targets=0
GRAB train batch 61: pair_ids shape=(16,), range=150..10662, coefficients shape=(16, 2), sample_weights shape=(16,), zero_neighbor_targets=0
GRAB train batch 62: pair_ids shape=(16,), range=41..7537, coefficients shape=(16, 2), sample_weights shape=(16,), zero_neighbor_targets=0
GRAB train batch 63: pair_ids shape=(16,), range=156..8590, coefficients shape=(16, 2), sample_weights shape=(16,), zero_neighbor_targets=0
GRAB train batch 64: pair_ids shape=(16,), range=34..10396, coefficients shape=(16, 2), sample_weights shape=(16,), zero_neighbor_targets=0
GRAB train batch 65: pair_ids shape=(16,), range=76..8903, coefficients shape=(16, 2), sample_weights shape=(16,), zero_neighbor_targets=0
GRAB train batch 66: pair_ids shape=(16,), range=5..10836, coefficients shape=(16, 2), sample_weights shape=(16,), zero_neighbor_targets=0
GRAB train batch 67: pair_ids shape=(16,), range=18..8858, coefficients shape=(16, 2), sample_weights shape=(16,), zero_neighbor_targets=0
GRAB train batch 68: pair_ids shape=(16,), range=49..8373, coefficients shape=(16, 2), sample_weights shape=(16,), zero_neighbor_targets=0
GRAB train batch 69: pair_ids shape=(16,), range=87..9727, coefficients shape=(16, 2), sample_weights shape=(16,), zero_neighbor_targets=0
GRAB train batch 70: pair_ids shape=(16,), range=9..10811, coefficients shape=(16, 2), sample_weights shape=(16,), zero_neighbor_targets=0
GRAB train batch 71: pair_ids shape=(16,), range=6..7619, coefficients shape=(16, 2), sample_weights shape=(16,), zero_neighbor_targets=0
GRAB train batch 72: pair_ids shape=(16,), range=209..7405, coefficients shape=(16, 2), sample_weights shape=(16,), zero_neighbor_targets=0
GRAB train batch 73: pair_ids shape=(16,), range=147..10453, coefficients shape=(16, 2), sample_weights shape=(16,), zero_neighbor_targets=0
GRAB train batch 74: pair_ids shape=(16,), range=107..10384, coefficients shape=(16, 2), sample_weights shape=(16,), zero_neighbor_targets=0
GRAB train batch 75: pair_ids shape=(16,), range=79..6460, coefficients shape=(16, 2), sample_weights shape=(16,), zero_neighbor_targets=0
GRAB train batch 76: pair_ids shape=(16,), range=8..6530, coefficients shape=(16, 2), sample_weights shape=(16,), zero_neighbor_targets=0
GRAB train batch 77: pair_ids shape=(12,), range=71..4413, coefficients shape=(12, 2), sample_weights shape=(12,), zero_neighbor_targets=0
VALIDATION
valid epoch balanced_accuracy: 0.477011
EPOCH 51:
GRAB train batch 1: pair_ids shape=(16,), range=265..9995, coefficients shape=(16, 2), sample_weights shape=(16,), zero_neighbor_targets=0
GRAB train batch 2: pair_ids shape=(16,), range=28..5613, coefficients shape=(16, 2), sample_weights shape=(16,), zero_neighbor_targets=0
GRAB train batch 3: pair_ids shape=(16,), range=111..7252, coefficients shape=(16, 2), sample_weights shape=(16,), zero_neighbor_targets=0
GRAB train batch 4: pair_ids shape=(16,), range=54..6765, coefficients shape=(16, 2), sample_weights shape=(16,), zero_neighbor_targets=0
GRAB train batch 5: pair_ids shape=(16,), range=71..10453, coefficients shape=(16, 2), sample_weights shape=(16,), zero_neighbor_targets=0
GRAB train batch 6: pair_ids shape=(16,), range=134..8772, coefficients shape=(16, 2), sample_weights shape=(16,), zero_neighbor_targets=0
GRAB train batch 7: pair_ids shape=(16,), range=83..9818, coefficients shape=(16, 2), sample_weights shape=(16,), zero_neighbor_targets=0
GRAB train batch 8: pair_ids shape=(16,), range=30..10396, coefficients shape=(16, 2), sample_weights shape=(16,), zero_neighbor_targets=0
GRAB train batch 9: pair_ids shape=(16,), range=81..10277, coefficients shape=(16, 2), sample_weights shape=(16,), zero_neighbor_targets=0
GRAB train batch 10: pair_ids shape=(16,), range=4..9937, coefficients shape=(16, 2), sample_weights shape=(16,), zero_neighbor_targets=0
GRAB train batch 11: pair_ids shape=(16,), range=42..10984, coefficients shape=(16, 2), sample_weights shape=(16,), zero_neighbor_targets=0
GRAB train batch 12: pair_ids shape=(16,), range=35..7894, coefficients shape=(16, 2), sample_weights shape=(16,), zero_neighbor_targets=0
GRAB train batch 13: pair_ids shape=(16,), range=15..8594, coefficients shape=(16, 2), sample_weights shape=(16,), zero_neighbor_targets=0
GRAB train batch 14: pair_ids shape=(16,), range=27..10627, coefficients shape=(16, 2), sample_weights shape=(16,), zero_neighbor_targets=0
GRAB train batch 15: pair_ids shape=(16,), range=17..10850, coefficients shape=(16, 2), sample_weights shape=(16,), zero_neighbor_targets=0
GRAB train batch 16: pair_ids shape=(16,), range=31..8579, coefficients shape=(16, 2), sample_weights shape=(16,), zero_neighbor_targets=0
GRAB train batch 17: pair_ids shape=(16,), range=122..10851, coefficients shape=(16, 2), sample_weights shape=(16,), zero_neighbor_targets=0
GRAB train batch 18: pair_ids shape=(16,), range=47..8279, coefficients shape=(16, 2), sample_weights shape=(16,), zero_neighbor_targets=0
GRAB train batch 19: pair_ids shape=(16,), range=11..10374, coefficients shape=(16, 2), sample_weights shape=(16,), zero_neighbor_targets=0
GRAB train batch 20: pair_ids shape=(16,), range=18..10237, coefficients shape=(16, 2), sample_weights shape=(16,), zero_neighbor_targets=0
GRAB train batch 21: pair_ids shape=(16,), range=84..9704, coefficients shape=(16, 2), sample_weights shape=(16,), zero_neighbor_targets=0
GRAB train batch 22: pair_ids shape=(16,), range=19..10331, coefficients shape=(16, 2), sample_weights shape=(16,), zero_neighbor_targets=0
GRAB train batch 23: pair_ids shape=(16,), range=38..8233, coefficients shape=(16, 2), sample_weights shape=(16,), zero_neighbor_targets=0
GRAB train batch 24: pair_ids shape=(16,), range=60..10435, coefficients shape=(16, 2), sample_weights shape=(16,), zero_neighbor_targets=0
GRAB train batch 25: pair_ids shape=(16,), range=152..10728, coefficients shape=(16, 2), sample_weights shape=(16,), zero_neighbor_targets=0
GRAB train batch 26: pair_ids shape=(16,), range=65..8163, coefficients shape=(16, 2), sample_weights shape=(16,), zero_neighbor_targets=0
GRAB train batch 27: pair_ids shape=(16,), range=117..10502, coefficients shape=(16, 2), sample_weights shape=(16,), zero_neighbor_targets=0
GRAB train batch 28: pair_ids shape=(16,), range=41..10500, coefficients shape=(16, 2), sample_weights shape=(16,), zero_neighbor_targets=0
GRAB train batch 29: pair_ids shape=(16,), range=49..10891, coefficients shape=(16, 2), sample_weights shape=(16,), zero_neighbor_targets=0
GRAB train batch 30: pair_ids shape=(16,), range=169..10264, coefficients shape=(16, 2), sample_weights shape=(16,), zero_neighbor_targets=0
GRAB train batch 31: pair_ids shape=(16,), range=10..7216, coefficients shape=(16, 2), sample_weights shape=(16,), zero_neighbor_targets=0
GRAB train batch 32: pair_ids shape=(16,), range=225..10299, coefficients shape=(16, 2), sample_weights shape=(16,), zero_neighbor_targets=0
GRAB train batch 33: pair_ids shape=(16,), range=98..8739, coefficients shape=(16, 2), sample_weights shape=(16,), zero_neighbor_targets=0
GRAB train batch 34: pair_ids shape=(16,), range=16..10994, coefficients shape=(16, 2), sample_weights shape=(16,), zero_neighbor_targets=0
GRAB train batch 35: pair_ids shape=(16,), range=12..9727, coefficients shape=(16, 2), sample_weights shape=(16,), zero_neighbor_targets=0
GRAB train batch 36: pair_ids shape=(16,), range=9..10462, coefficients shape=(16, 2), sample_weights shape=(16,), zero_neighbor_targets=0
GRAB train batch 37: pair_ids shape=(16,), range=95..10742, coefficients shape=(16, 2), sample_weights shape=(16,), zero_neighbor_targets=0
GRAB train batch 38: pair_ids shape=(16,), range=45..10475, coefficients shape=(16, 2), sample_weights shape=(16,), zero_neighbor_targets=0
GRAB train batch 39: pair_ids shape=(16,), range=70..10398, coefficients shape=(16, 2), sample_weights shape=(16,), zero_neighbor_targets=0
GRAB train batch 40: pair_ids shape=(16,), range=13..8658, coefficients shape=(16, 2), sample_weights shape=(16,), zero_neighbor_targets=0
GRAB train batch 41: pair_ids shape=(16,), range=34..9546, coefficients shape=(16, 2), sample_weights shape=(16,), zero_neighbor_targets=0
GRAB train batch 42: pair_ids shape=(16,), range=0..9887, coefficients shape=(16, 2), sample_weights shape=(16,), zero_neighbor_targets=0
GRAB train batch 43: pair_ids shape=(16,), range=14..10935, coefficients shape=(16, 2), sample_weights shape=(16,), zero_neighbor_targets=0
GRAB train batch 44: pair_ids shape=(16,), range=221..7643, coefficients shape=(16, 2), sample_weights shape=(16,), zero_neighbor_targets=0
GRAB train batch 45: pair_ids shape=(16,), range=1..9956, coefficients shape=(16, 2), sample_weights shape=(16,), zero_neighbor_targets=0
GRAB train batch 46: pair_ids shape=(16,), range=73..8903, coefficients shape=(16, 2), sample_weights shape=(16,), zero_neighbor_targets=0
GRAB train batch 47: pair_ids shape=(16,), range=120..10987, coefficients shape=(16, 2), sample_weights shape=(16,), zero_neighbor_targets=0
GRAB train batch 48: pair_ids shape=(16,), range=33..10795, coefficients shape=(16, 2), sample_weights shape=(16,), zero_neighbor_targets=0
GRAB train batch 49: pair_ids shape=(16,), range=39..3438, coefficients shape=(16, 2), sample_weights shape=(16,), zero_neighbor_targets=0
GRAB train batch 50: pair_ids shape=(16,), range=25..10524, coefficients shape=(16, 2), sample_weights shape=(16,), zero_neighbor_targets=0
GRAB train batch 51: pair_ids shape=(16,), range=22..5971, coefficients shape=(16, 2), sample_weights shape=(16,), zero_neighbor_targets=0
GRAB train batch 52: pair_ids shape=(16,), range=238..10836, coefficients shape=(16, 2), sample_weights shape=(16,), zero_neighbor_targets=0
GRAB train batch 53: pair_ids shape=(16,), range=137..8858, coefficients shape=(16, 2), sample_weights shape=(16,), zero_neighbor_targets=0
GRAB train batch 54: pair_ids shape=(16,), range=32..10811, coefficients shape=(16, 2), sample_weights shape=(16,), zero_neighbor_targets=0
GRAB train batch 55: pair_ids shape=(16,), range=192..10590, coefficients shape=(16, 2), sample_weights shape=(16,), zero_neighbor_targets=0
GRAB train batch 56: pair_ids shape=(16,), range=68..8928, coefficients shape=(16, 2), sample_weights shape=(16,), zero_neighbor_targets=0
GRAB train batch 57: pair_ids shape=(16,), range=177..10384, coefficients shape=(16, 2), sample_weights shape=(16,), zero_neighbor_targets=0
GRAB train batch 58: pair_ids shape=(16,), range=118..10362, coefficients shape=(16, 2), sample_weights shape=(16,), zero_neighbor_targets=0
GRAB train batch 59: pair_ids shape=(16,), range=57..10259, coefficients shape=(16, 2), sample_weights shape=(16,), zero_neighbor_targets=0
GRAB train batch 60: pair_ids shape=(16,), range=58..10800, coefficients shape=(16, 2), sample_weights shape=(16,), zero_neighbor_targets=0
GRAB train batch 61: pair_ids shape=(16,), range=48..7200, coefficients shape=(16, 2), sample_weights shape=(16,), zero_neighbor_targets=0
GRAB train batch 62: pair_ids shape=(16,), range=43..7456, coefficients shape=(16, 2), sample_weights shape=(16,), zero_neighbor_targets=0
GRAB train batch 63: pair_ids shape=(16,), range=94..6192, coefficients shape=(16, 2), sample_weights shape=(16,), zero_neighbor_targets=0
GRAB train batch 64: pair_ids shape=(16,), range=128..10988, coefficients shape=(16, 2), sample_weights shape=(16,), zero_neighbor_targets=0
GRAB train batch 65: pair_ids shape=(16,), range=2..9739, coefficients shape=(16, 2), sample_weights shape=(16,), zero_neighbor_targets=0
GRAB train batch 66: pair_ids shape=(16,), range=64..6812, coefficients shape=(16, 2), sample_weights shape=(16,), zero_neighbor_targets=0
GRAB train batch 67: pair_ids shape=(16,), range=72..7510, coefficients shape=(16, 2), sample_weights shape=(16,), zero_neighbor_targets=0
GRAB train batch 68: pair_ids shape=(16,), range=74..10473, coefficients shape=(16, 2), sample_weights shape=(16,), zero_neighbor_targets=0
GRAB train batch 69: pair_ids shape=(16,), range=3..8168, coefficients shape=(16, 2), sample_weights shape=(16,), zero_neighbor_targets=0
GRAB train batch 70: pair_ids shape=(16,), range=20..10600, coefficients shape=(16, 2), sample_weights shape=(16,), zero_neighbor_targets=0
GRAB train batch 71: pair_ids shape=(16,), range=107..8951, coefficients shape=(16, 2), sample_weights shape=(16,), zero_neighbor_targets=0
GRAB train batch 72: pair_ids shape=(16,), range=5..9840, coefficients shape=(16, 2), sample_weights shape=(16,), zero_neighbor_targets=0
GRAB train batch 73: pair_ids shape=(16,), range=8..4746, coefficients shape=(16, 2), sample_weights shape=(16,), zero_neighbor_targets=0
GRAB train batch 74: pair_ids shape=(16,), range=104..10685, coefficients shape=(16, 2), sample_weights shape=(16,), zero_neighbor_targets=0
GRAB train batch 75: pair_ids shape=(16,), range=52..7942, coefficients shape=(16, 2), sample_weights shape=(16,), zero_neighbor_targets=0
GRAB train batch 76: pair_ids shape=(16,), range=76..10817, coefficients shape=(16, 2), sample_weights shape=(16,), zero_neighbor_targets=0
GRAB train batch 77: pair_ids shape=(12,), range=51..10764, coefficients shape=(12, 2), sample_weights shape=(12,), zero_neighbor_targets=0
VALIDATION
valid epoch balanced_accuracy: 0.508621
EPOCH 52:
GRAB train batch 1: pair_ids shape=(16,), range=43..8210, coefficients shape=(16, 2), sample_weights shape=(16,), zero_neighbor_targets=0
GRAB train batch 2: pair_ids shape=(16,), range=45..10027, coefficients shape=(16, 2), sample_weights shape=(16,), zero_neighbor_targets=0
GRAB train batch 3: pair_ids shape=(16,), range=184..9913, coefficients shape=(16, 2), sample_weights shape=(16,), zero_neighbor_targets=0
GRAB train batch 4: pair_ids shape=(16,), range=0..10987, coefficients shape=(16, 2), sample_weights shape=(16,), zero_neighbor_targets=0
GRAB train batch 5: pair_ids shape=(16,), range=97..10627, coefficients shape=(16, 2), sample_weights shape=(16,), zero_neighbor_targets=0
GRAB train batch 6: pair_ids shape=(16,), range=138..7643, coefficients shape=(16, 2), sample_weights shape=(16,), zero_neighbor_targets=0
GRAB train batch 7: pair_ids shape=(16,), range=36..10005, coefficients shape=(16, 2), sample_weights shape=(16,), zero_neighbor_targets=0
GRAB train batch 8: pair_ids shape=(16,), range=5..10473, coefficients shape=(16, 2), sample_weights shape=(16,), zero_neighbor_targets=0
GRAB train batch 9: pair_ids shape=(16,), range=6..9698, coefficients shape=(16, 2), sample_weights shape=(16,), zero_neighbor_targets=0
GRAB train batch 10: pair_ids shape=(16,), range=174..7863, coefficients shape=(16, 2), sample_weights shape=(16,), zero_neighbor_targets=0
GRAB train batch 11: pair_ids shape=(16,), range=200..10398, coefficients shape=(16, 2), sample_weights shape=(16,), zero_neighbor_targets=0
GRAB train batch 12: pair_ids shape=(16,), range=122..4408, coefficients shape=(16, 2), sample_weights shape=(16,), zero_neighbor_targets=0
GRAB train batch 13: pair_ids shape=(16,), range=21..8081, coefficients shape=(16, 2), sample_weights shape=(16,), zero_neighbor_targets=0
GRAB train batch 14: pair_ids shape=(16,), range=88..10772, coefficients shape=(16, 2), sample_weights shape=(16,), zero_neighbor_targets=0
GRAB train batch 15: pair_ids shape=(16,), range=175..7346, coefficients shape=(16, 2), sample_weights shape=(16,), zero_neighbor_targets=0
GRAB train batch 16: pair_ids shape=(16,), range=101..9622, coefficients shape=(16, 2), sample_weights shape=(16,), zero_neighbor_targets=0
GRAB train batch 17: pair_ids shape=(16,), range=33..9914, coefficients shape=(16, 2), sample_weights shape=(16,), zero_neighbor_targets=0
GRAB train batch 18: pair_ids shape=(16,), range=16..10277, coefficients shape=(16, 2), sample_weights shape=(16,), zero_neighbor_targets=0
GRAB train batch 19: pair_ids shape=(16,), range=49..7607, coefficients shape=(16, 2), sample_weights shape=(16,), zero_neighbor_targets=0
GRAB train batch 20: pair_ids shape=(16,), range=132..10502, coefficients shape=(16, 2), sample_weights shape=(16,), zero_neighbor_targets=0
GRAB train batch 21: pair_ids shape=(16,), range=140..8658, coefficients shape=(16, 2), sample_weights shape=(16,), zero_neighbor_targets=0
GRAB train batch 22: pair_ids shape=(16,), range=24..10411, coefficients shape=(16, 2), sample_weights shape=(16,), zero_neighbor_targets=0
GRAB train batch 23: pair_ids shape=(16,), range=54..10800, coefficients shape=(16, 2), sample_weights shape=(16,), zero_neighbor_targets=0
GRAB train batch 24: pair_ids shape=(16,), range=20..10447, coefficients shape=(16, 2), sample_weights shape=(16,), zero_neighbor_targets=0
GRAB train batch 25: pair_ids shape=(16,), range=57..9739, coefficients shape=(16, 2), sample_weights shape=(16,), zero_neighbor_targets=0
GRAB train batch 26: pair_ids shape=(16,), range=145..10435, coefficients shape=(16, 2), sample_weights shape=(16,), zero_neighbor_targets=0
GRAB train batch 27: pair_ids shape=(16,), range=48..6385, coefficients shape=(16, 2), sample_weights shape=(16,), zero_neighbor_targets=0
GRAB train batch 28: pair_ids shape=(16,), range=19..10524, coefficients shape=(16, 2), sample_weights shape=(16,), zero_neighbor_targets=0
GRAB train batch 29: pair_ids shape=(16,), range=28..10590, coefficients shape=(16, 2), sample_weights shape=(16,), zero_neighbor_targets=0
GRAB train batch 30: pair_ids shape=(16,), range=92..8594, coefficients shape=(16, 2), sample_weights shape=(16,), zero_neighbor_targets=0
GRAB train batch 31: pair_ids shape=(16,), range=15..7940, coefficients shape=(16, 2), sample_weights shape=(16,), zero_neighbor_targets=0
GRAB train batch 32: pair_ids shape=(16,), range=7..10384, coefficients shape=(16, 2), sample_weights shape=(16,), zero_neighbor_targets=0
GRAB train batch 33: pair_ids shape=(16,), range=111..10393, coefficients shape=(16, 2), sample_weights shape=(16,), zero_neighbor_targets=0
GRAB train batch 34: pair_ids shape=(16,), range=104..10817, coefficients shape=(16, 2), sample_weights shape=(16,), zero_neighbor_targets=0
GRAB train batch 35: pair_ids shape=(16,), range=248..7815, coefficients shape=(16, 2), sample_weights shape=(16,), zero_neighbor_targets=0
GRAB train batch 36: pair_ids shape=(16,), range=47..10742, coefficients shape=(16, 2), sample_weights shape=(16,), zero_neighbor_targets=0
GRAB train batch 37: pair_ids shape=(16,), range=68..8370, coefficients shape=(16, 2), sample_weights shape=(16,), zero_neighbor_targets=0
GRAB train batch 38: pair_ids shape=(16,), range=2..10462, coefficients shape=(16, 2), sample_weights shape=(16,), zero_neighbor_targets=0
GRAB train batch 39: pair_ids shape=(16,), range=73..10851, coefficients shape=(16, 2), sample_weights shape=(16,), zero_neighbor_targets=0
GRAB train batch 40: pair_ids shape=(16,), range=41..10522, coefficients shape=(16, 2), sample_weights shape=(16,), zero_neighbor_targets=0
GRAB train batch 41: pair_ids shape=(16,), range=72..8951, coefficients shape=(16, 2), sample_weights shape=(16,), zero_neighbor_targets=0
GRAB train batch 42: pair_ids shape=(16,), range=26..10764, coefficients shape=(16, 2), sample_weights shape=(16,), zero_neighbor_targets=0
GRAB train batch 43: pair_ids shape=(16,), range=4..6569, coefficients shape=(16, 2), sample_weights shape=(16,), zero_neighbor_targets=0
GRAB train batch 44: pair_ids shape=(16,), range=14..7937, coefficients shape=(16, 2), sample_weights shape=(16,), zero_neighbor_targets=0
GRAB train batch 45: pair_ids shape=(16,), range=143..10795, coefficients shape=(16, 2), sample_weights shape=(16,), zero_neighbor_targets=0
GRAB train batch 46: pair_ids shape=(16,), range=124..6666, coefficients shape=(16, 2), sample_weights shape=(16,), zero_neighbor_targets=0
GRAB train batch 47: pair_ids shape=(16,), range=166..8876, coefficients shape=(16, 2), sample_weights shape=(16,), zero_neighbor_targets=0
GRAB train batch 48: pair_ids shape=(16,), range=39..7440, coefficients shape=(16, 2), sample_weights shape=(16,), zero_neighbor_targets=0
GRAB train batch 49: pair_ids shape=(16,), range=27..10453, coefficients shape=(16, 2), sample_weights shape=(16,), zero_neighbor_targets=0
GRAB train batch 50: pair_ids shape=(16,), range=44..10988, coefficients shape=(16, 2), sample_weights shape=(16,), zero_neighbor_targets=0
GRAB train batch 51: pair_ids shape=(16,), range=155..10891, coefficients shape=(16, 2), sample_weights shape=(16,), zero_neighbor_targets=0
GRAB train batch 52: pair_ids shape=(16,), range=153..7511, coefficients shape=(16, 2), sample_weights shape=(16,), zero_neighbor_targets=0
GRAB train batch 53: pair_ids shape=(16,), range=32..6765, coefficients shape=(16, 2), sample_weights shape=(16,), zero_neighbor_targets=0
GRAB train batch 54: pair_ids shape=(16,), range=40..10227, coefficients shape=(16, 2), sample_weights shape=(16,), zero_neighbor_targets=0
GRAB train batch 55: pair_ids shape=(16,), range=13..7857, coefficients shape=(16, 2), sample_weights shape=(16,), zero_neighbor_targets=0
GRAB train batch 56: pair_ids shape=(16,), range=181..9939, coefficients shape=(16, 2), sample_weights shape=(16,), zero_neighbor_targets=0
GRAB train batch 57: pair_ids shape=(16,), range=34..8928, coefficients shape=(16, 2), sample_weights shape=(16,), zero_neighbor_targets=0
GRAB train batch 58: pair_ids shape=(16,), range=25..6846, coefficients shape=(16, 2), sample_weights shape=(16,), zero_neighbor_targets=0
GRAB train batch 59: pair_ids shape=(16,), range=102..6117, coefficients shape=(16, 2), sample_weights shape=(16,), zero_neighbor_targets=0
GRAB train batch 60: pair_ids shape=(16,), range=11..6404, coefficients shape=(16, 2), sample_weights shape=(16,), zero_neighbor_targets=0
GRAB train batch 61: pair_ids shape=(16,), range=8..10374, coefficients shape=(16, 2), sample_weights shape=(16,), zero_neighbor_targets=0
GRAB train batch 62: pair_ids shape=(16,), range=22..10811, coefficients shape=(16, 2), sample_weights shape=(16,), zero_neighbor_targets=0
GRAB train batch 63: pair_ids shape=(16,), range=129..8224, coefficients shape=(16, 2), sample_weights shape=(16,), zero_neighbor_targets=0
GRAB train batch 64: pair_ids shape=(16,), range=74..8772, coefficients shape=(16, 2), sample_weights shape=(16,), zero_neighbor_targets=0
GRAB train batch 65: pair_ids shape=(16,), range=472..8310, coefficients shape=(16, 2), sample_weights shape=(16,), zero_neighbor_targets=0
GRAB train batch 66: pair_ids shape=(16,), range=35..10205, coefficients shape=(16, 2), sample_weights shape=(16,), zero_neighbor_targets=0
GRAB train batch 67: pair_ids shape=(16,), range=1..10600, coefficients shape=(16, 2), sample_weights shape=(16,), zero_neighbor_targets=0
GRAB train batch 68: pair_ids shape=(16,), range=59..10850, coefficients shape=(16, 2), sample_weights shape=(16,), zero_neighbor_targets=0
GRAB train batch 69: pair_ids shape=(16,), range=77..10994, coefficients shape=(16, 2), sample_weights shape=(16,), zero_neighbor_targets=0
GRAB train batch 70: pair_ids shape=(16,), range=29..10984, coefficients shape=(16, 2), sample_weights shape=(16,), zero_neighbor_targets=0
GRAB train batch 71: pair_ids shape=(16,), range=17..10836, coefficients shape=(16, 2), sample_weights shape=(16,), zero_neighbor_targets=0
GRAB train batch 72: pair_ids shape=(16,), range=12..10685, coefficients shape=(16, 2), sample_weights shape=(16,), zero_neighbor_targets=0
GRAB train batch 73: pair_ids shape=(16,), range=63..9995, coefficients shape=(16, 2), sample_weights shape=(16,), zero_neighbor_targets=0
GRAB train batch 74: pair_ids shape=(16,), range=51..10935, coefficients shape=(16, 2), sample_weights shape=(16,), zero_neighbor_targets=0
GRAB train batch 75: pair_ids shape=(16,), range=18..8745, coefficients shape=(16, 2), sample_weights shape=(16,), zero_neighbor_targets=0
GRAB train batch 76: pair_ids shape=(16,), range=60..7252, coefficients shape=(16, 2), sample_weights shape=(16,), zero_neighbor_targets=0
GRAB train batch 77: pair_ids shape=(12,), range=3..7785, coefficients shape=(12, 2), sample_weights shape=(12,), zero_neighbor_targets=0
VALIDATION
valid epoch balanced_accuracy: 0.560345
EPOCH 53:
GRAB train batch 1: pair_ids shape=(16,), range=11..10404, coefficients shape=(16, 2), sample_weights shape=(16,), zero_neighbor_targets=0
GRAB train batch 2: pair_ids shape=(16,), range=64..10411, coefficients shape=(16, 2), sample_weights shape=(16,), zero_neighbor_targets=0
GRAB train batch 3: pair_ids shape=(16,), range=12..10817, coefficients shape=(16, 2), sample_weights shape=(16,), zero_neighbor_targets=0
GRAB train batch 4: pair_ids shape=(16,), range=110..10259, coefficients shape=(16, 2), sample_weights shape=(16,), zero_neighbor_targets=0
GRAB train batch 5: pair_ids shape=(16,), range=67..9698, coefficients shape=(16, 2), sample_weights shape=(16,), zero_neighbor_targets=0
GRAB train batch 6: pair_ids shape=(16,), range=47..10662, coefficients shape=(16, 2), sample_weights shape=(16,), zero_neighbor_targets=0
GRAB train batch 7: pair_ids shape=(16,), range=50..7952, coefficients shape=(16, 2), sample_weights shape=(16,), zero_neighbor_targets=0
GRAB train batch 8: pair_ids shape=(16,), range=15..10009, coefficients shape=(16, 2), sample_weights shape=(16,), zero_neighbor_targets=0
GRAB train batch 9: pair_ids shape=(16,), range=37..10435, coefficients shape=(16, 2), sample_weights shape=(16,), zero_neighbor_targets=0
GRAB train batch 10: pair_ids shape=(16,), range=8..7940, coefficients shape=(16, 2), sample_weights shape=(16,), zero_neighbor_targets=0
GRAB train batch 11: pair_ids shape=(16,), range=52..8678, coefficients shape=(16, 2), sample_weights shape=(16,), zero_neighbor_targets=0
GRAB train batch 12: pair_ids shape=(16,), range=56..10522, coefficients shape=(16, 2), sample_weights shape=(16,), zero_neighbor_targets=0
GRAB train batch 13: pair_ids shape=(16,), range=13..9995, coefficients shape=(16, 2), sample_weights shape=(16,), zero_neighbor_targets=0
GRAB train batch 14: pair_ids shape=(16,), range=32..10462, coefficients shape=(16, 2), sample_weights shape=(16,), zero_neighbor_targets=0
GRAB train batch 15: pair_ids shape=(16,), range=101..8563, coefficients shape=(16, 2), sample_weights shape=(16,), zero_neighbor_targets=0
GRAB train batch 16: pair_ids shape=(16,), range=83..8157, coefficients shape=(16, 2), sample_weights shape=(16,), zero_neighbor_targets=0
GRAB train batch 17: pair_ids shape=(16,), range=21..9608, coefficients shape=(16, 2), sample_weights shape=(16,), zero_neighbor_targets=0
GRAB train batch 18: pair_ids shape=(16,), range=19..10728, coefficients shape=(16, 2), sample_weights shape=(16,), zero_neighbor_targets=0
GRAB train batch 19: pair_ids shape=(16,), range=92..10988, coefficients shape=(16, 2), sample_weights shape=(16,), zero_neighbor_targets=0
GRAB train batch 20: pair_ids shape=(16,), range=10..9795, coefficients shape=(16, 2), sample_weights shape=(16,), zero_neighbor_targets=0
GRAB train batch 21: pair_ids shape=(16,), range=28..8279, coefficients shape=(16, 2), sample_weights shape=(16,), zero_neighbor_targets=0
GRAB train batch 22: pair_ids shape=(16,), range=253..5907, coefficients shape=(16, 2), sample_weights shape=(16,), zero_neighbor_targets=0
GRAB train batch 23: pair_ids shape=(16,), range=85..10398, coefficients shape=(16, 2), sample_weights shape=(16,), zero_neighbor_targets=0
GRAB train batch 24: pair_ids shape=(16,), range=106..10795, coefficients shape=(16, 2), sample_weights shape=(16,), zero_neighbor_targets=0
GRAB train batch 25: pair_ids shape=(16,), range=74..6530, coefficients shape=(16, 2), sample_weights shape=(16,), zero_neighbor_targets=0
GRAB train batch 26: pair_ids shape=(16,), range=72..10994, coefficients shape=(16, 2), sample_weights shape=(16,), zero_neighbor_targets=0
GRAB train batch 27: pair_ids shape=(16,), range=4..10005, coefficients shape=(16, 2), sample_weights shape=(16,), zero_neighbor_targets=0
GRAB train batch 28: pair_ids shape=(16,), range=9..9840, coefficients shape=(16, 2), sample_weights shape=(16,), zero_neighbor_targets=0
GRAB train batch 29: pair_ids shape=(16,), range=31..6419, coefficients shape=(16, 2), sample_weights shape=(16,), zero_neighbor_targets=0
GRAB train batch 30: pair_ids shape=(16,), range=140..10627, coefficients shape=(16, 2), sample_weights shape=(16,), zero_neighbor_targets=0
GRAB train batch 31: pair_ids shape=(16,), range=45..10222, coefficients shape=(16, 2), sample_weights shape=(16,), zero_neighbor_targets=0
GRAB train batch 32: pair_ids shape=(16,), range=6..10742, coefficients shape=(16, 2), sample_weights shape=(16,), zero_neighbor_targets=0
GRAB train batch 33: pair_ids shape=(16,), range=20..10264, coefficients shape=(16, 2), sample_weights shape=(16,), zero_neighbor_targets=0
GRAB train batch 34: pair_ids shape=(16,), range=57..10851, coefficients shape=(16, 2), sample_weights shape=(16,), zero_neighbor_targets=0
GRAB train batch 35: pair_ids shape=(16,), range=118..7338, coefficients shape=(16, 2), sample_weights shape=(16,), zero_neighbor_targets=0
GRAB train batch 36: pair_ids shape=(16,), range=114..8858, coefficients shape=(16, 2), sample_weights shape=(16,), zero_neighbor_targets=0
GRAB train batch 37: pair_ids shape=(16,), range=84..10891, coefficients shape=(16, 2), sample_weights shape=(16,), zero_neighbor_targets=0
GRAB train batch 38: pair_ids shape=(16,), range=22..10471, coefficients shape=(16, 2), sample_weights shape=(16,), zero_neighbor_targets=0
GRAB train batch 39: pair_ids shape=(16,), range=61..10524, coefficients shape=(16, 2), sample_weights shape=(16,), zero_neighbor_targets=0
GRAB train batch 40: pair_ids shape=(16,), range=35..8370, coefficients shape=(16, 2), sample_weights shape=(16,), zero_neighbor_targets=0
GRAB train batch 41: pair_ids shape=(16,), range=23..8373, coefficients shape=(16, 2), sample_weights shape=(16,), zero_neighbor_targets=0
GRAB train batch 42: pair_ids shape=(16,), range=55..8168, coefficients shape=(16, 2), sample_weights shape=(16,), zero_neighbor_targets=0
GRAB train batch 43: pair_ids shape=(16,), range=14..8510, coefficients shape=(16, 2), sample_weights shape=(16,), zero_neighbor_targets=0
GRAB train batch 44: pair_ids shape=(16,), range=0..10811, coefficients shape=(16, 2), sample_weights shape=(16,), zero_neighbor_targets=0
GRAB train batch 45: pair_ids shape=(16,), range=86..10396, coefficients shape=(16, 2), sample_weights shape=(16,), zero_neighbor_targets=0
GRAB train batch 46: pair_ids shape=(16,), range=17..10935, coefficients shape=(16, 2), sample_weights shape=(16,), zero_neighbor_targets=0
GRAB train batch 47: pair_ids shape=(16,), range=119..10764, coefficients shape=(16, 2), sample_weights shape=(16,), zero_neighbor_targets=0
GRAB train batch 48: pair_ids shape=(16,), range=232..10027, coefficients shape=(16, 2), sample_weights shape=(16,), zero_neighbor_targets=0
GRAB train batch 49: pair_ids shape=(16,), range=111..5386, coefficients shape=(16, 2), sample_weights shape=(16,), zero_neighbor_targets=0
GRAB train batch 50: pair_ids shape=(16,), range=70..8739, coefficients shape=(16, 2), sample_weights shape=(16,), zero_neighbor_targets=0
GRAB train batch 51: pair_ids shape=(16,), range=26..5335, coefficients shape=(16, 2), sample_weights shape=(16,), zero_neighbor_targets=0
GRAB train batch 52: pair_ids shape=(16,), range=112..10600, coefficients shape=(16, 2), sample_weights shape=(16,), zero_neighbor_targets=0
GRAB train batch 53: pair_ids shape=(16,), range=133..8915, coefficients shape=(16, 2), sample_weights shape=(16,), zero_neighbor_targets=0
GRAB train batch 54: pair_ids shape=(16,), range=39..10237, coefficients shape=(16, 2), sample_weights shape=(16,), zero_neighbor_targets=0
GRAB train batch 55: pair_ids shape=(16,), range=53..3423, coefficients shape=(16, 2), sample_weights shape=(16,), zero_neighbor_targets=0
GRAB train batch 56: pair_ids shape=(16,), range=48..9956, coefficients shape=(16, 2), sample_weights shape=(16,), zero_neighbor_targets=0
GRAB train batch 57: pair_ids shape=(16,), range=90..10537, coefficients shape=(16, 2), sample_weights shape=(16,), zero_neighbor_targets=0
GRAB train batch 58: pair_ids shape=(16,), range=71..9727, coefficients shape=(16, 2), sample_weights shape=(16,), zero_neighbor_targets=0
GRAB train batch 59: pair_ids shape=(16,), range=18..5127, coefficients shape=(16, 2), sample_weights shape=(16,), zero_neighbor_targets=0
GRAB train batch 60: pair_ids shape=(16,), range=79..10447, coefficients shape=(16, 2), sample_weights shape=(16,), zero_neighbor_targets=0
GRAB train batch 61: pair_ids shape=(16,), range=171..9739, coefficients shape=(16, 2), sample_weights shape=(16,), zero_neighbor_targets=0
GRAB train batch 62: pair_ids shape=(16,), range=49..10984, coefficients shape=(16, 2), sample_weights shape=(16,), zero_neighbor_targets=0
GRAB train batch 63: pair_ids shape=(16,), range=300..9954, coefficients shape=(16, 2), sample_weights shape=(16,), zero_neighbor_targets=0
GRAB train batch 64: pair_ids shape=(16,), range=27..10836, coefficients shape=(16, 2), sample_weights shape=(16,), zero_neighbor_targets=0
GRAB train batch 65: pair_ids shape=(16,), range=165..10850, coefficients shape=(16, 2), sample_weights shape=(16,), zero_neighbor_targets=0
GRAB train batch 66: pair_ids shape=(16,), range=3..10987, coefficients shape=(16, 2), sample_weights shape=(16,), zero_neighbor_targets=0
GRAB train batch 67: pair_ids shape=(16,), range=62..10331, coefficients shape=(16, 2), sample_weights shape=(16,), zero_neighbor_targets=0
GRAB train batch 68: pair_ids shape=(16,), range=103..9913, coefficients shape=(16, 2), sample_weights shape=(16,), zero_neighbor_targets=0
GRAB train batch 69: pair_ids shape=(16,), range=126..10772, coefficients shape=(16, 2), sample_weights shape=(16,), zero_neighbor_targets=0
GRAB train batch 70: pair_ids shape=(16,), range=25..9822, coefficients shape=(16, 2), sample_weights shape=(16,), zero_neighbor_targets=0
GRAB train batch 71: pair_ids shape=(16,), range=251..10590, coefficients shape=(16, 2), sample_weights shape=(16,), zero_neighbor_targets=0
GRAB train batch 72: pair_ids shape=(16,), range=1..7510, coefficients shape=(16, 2), sample_weights shape=(16,), zero_neighbor_targets=0
GRAB train batch 73: pair_ids shape=(16,), range=69..7286, coefficients shape=(16, 2), sample_weights shape=(16,), zero_neighbor_targets=0
GRAB train batch 74: pair_ids shape=(16,), range=16..10225, coefficients shape=(16, 2), sample_weights shape=(16,), zero_neighbor_targets=0
GRAB train batch 75: pair_ids shape=(16,), range=2..9622, coefficients shape=(16, 2), sample_weights shape=(16,), zero_neighbor_targets=0
GRAB train batch 76: pair_ids shape=(16,), range=7..10393, coefficients shape=(16, 2), sample_weights shape=(16,), zero_neighbor_targets=0
GRAB train batch 77: pair_ids shape=(12,), range=59..10384, coefficients shape=(12, 2), sample_weights shape=(12,), zero_neighbor_targets=0
VALIDATION
valid epoch balanced_accuracy: 0.491379
EPOCH 54:
GRAB train batch 1: pair_ids shape=(16,), range=71..10331, coefficients shape=(16, 2), sample_weights shape=(16,), zero_neighbor_targets=0
GRAB train batch 2: pair_ids shape=(16,), range=20..6192, coefficients shape=(16, 2), sample_weights shape=(16,), zero_neighbor_targets=0
GRAB train batch 3: pair_ids shape=(16,), range=14..9822, coefficients shape=(16, 2), sample_weights shape=(16,), zero_neighbor_targets=0
GRAB train batch 4: pair_ids shape=(16,), range=16..6388, coefficients shape=(16, 2), sample_weights shape=(16,), zero_neighbor_targets=0
GRAB train batch 5: pair_ids shape=(16,), range=44..6124, coefficients shape=(16, 2), sample_weights shape=(16,), zero_neighbor_targets=0
GRAB train batch 6: pair_ids shape=(16,), range=7..8745, coefficients shape=(16, 2), sample_weights shape=(16,), zero_neighbor_targets=0
GRAB train batch 7: pair_ids shape=(16,), range=38..8224, coefficients shape=(16, 2), sample_weights shape=(16,), zero_neighbor_targets=0
GRAB train batch 8: pair_ids shape=(16,), range=187..10600, coefficients shape=(16, 2), sample_weights shape=(16,), zero_neighbor_targets=0
GRAB train batch 9: pair_ids shape=(16,), range=80..8233, coefficients shape=(16, 2), sample_weights shape=(16,), zero_neighbor_targets=0
GRAB train batch 10: pair_ids shape=(16,), range=56..9939, coefficients shape=(16, 2), sample_weights shape=(16,), zero_neighbor_targets=0
GRAB train batch 11: pair_ids shape=(16,), range=66..10811, coefficients shape=(16, 2), sample_weights shape=(16,), zero_neighbor_targets=0
GRAB train batch 12: pair_ids shape=(16,), range=121..5108, coefficients shape=(16, 2), sample_weights shape=(16,), zero_neighbor_targets=0
GRAB train batch 13: pair_ids shape=(16,), range=36..10800, coefficients shape=(16, 2), sample_weights shape=(16,), zero_neighbor_targets=0
GRAB train batch 14: pair_ids shape=(16,), range=58..10393, coefficients shape=(16, 2), sample_weights shape=(16,), zero_neighbor_targets=0
GRAB train batch 15: pair_ids shape=(16,), range=257..10627, coefficients shape=(16, 2), sample_weights shape=(16,), zero_neighbor_targets=0
GRAB train batch 16: pair_ids shape=(16,), range=33..10764, coefficients shape=(16, 2), sample_weights shape=(16,), zero_neighbor_targets=0
GRAB train batch 17: pair_ids shape=(16,), range=30..10005, coefficients shape=(16, 2), sample_weights shape=(16,), zero_neighbor_targets=0
GRAB train batch 18: pair_ids shape=(16,), range=224..10374, coefficients shape=(16, 2), sample_weights shape=(16,), zero_neighbor_targets=0
GRAB train batch 19: pair_ids shape=(16,), range=5..10471, coefficients shape=(16, 2), sample_weights shape=(16,), zero_neighbor_targets=0
GRAB train batch 20: pair_ids shape=(16,), range=48..10522, coefficients shape=(16, 2), sample_weights shape=(16,), zero_neighbor_targets=0
GRAB train batch 21: pair_ids shape=(16,), range=32..2873, coefficients shape=(16, 2), sample_weights shape=(16,), zero_neighbor_targets=0
GRAB train batch 22: pair_ids shape=(16,), range=19..8200, coefficients shape=(16, 2), sample_weights shape=(16,), zero_neighbor_targets=0
GRAB train batch 23: pair_ids shape=(16,), range=26..9956, coefficients shape=(16, 2), sample_weights shape=(16,), zero_neighbor_targets=0
GRAB train batch 24: pair_ids shape=(16,), range=100..10742, coefficients shape=(16, 2), sample_weights shape=(16,), zero_neighbor_targets=0
GRAB train batch 25: pair_ids shape=(16,), range=12..10312, coefficients shape=(16, 2), sample_weights shape=(16,), zero_neighbor_targets=0
GRAB train batch 26: pair_ids shape=(16,), range=147..10500, coefficients shape=(16, 2), sample_weights shape=(16,), zero_neighbor_targets=0
GRAB train batch 27: pair_ids shape=(16,), range=101..6666, coefficients shape=(16, 2), sample_weights shape=(16,), zero_neighbor_targets=0
GRAB train batch 28: pair_ids shape=(16,), range=84..8310, coefficients shape=(16, 2), sample_weights shape=(16,), zero_neighbor_targets=0
GRAB train batch 29: pair_ids shape=(16,), range=75..10248, coefficients shape=(16, 2), sample_weights shape=(16,), zero_neighbor_targets=0
GRAB train batch 30: pair_ids shape=(16,), range=41..9696, coefficients shape=(16, 2), sample_weights shape=(16,), zero_neighbor_targets=0
GRAB train batch 31: pair_ids shape=(16,), range=77..10537, coefficients shape=(16, 2), sample_weights shape=(16,), zero_neighbor_targets=0
GRAB train batch 32: pair_ids shape=(16,), range=102..10590, coefficients shape=(16, 2), sample_weights shape=(16,), zero_neighbor_targets=0
GRAB train batch 33: pair_ids shape=(16,), range=8..8472, coefficients shape=(16, 2), sample_weights shape=(16,), zero_neighbor_targets=0
GRAB train batch 34: pair_ids shape=(16,), range=25..10891, coefficients shape=(16, 2), sample_weights shape=(16,), zero_neighbor_targets=0
GRAB train batch 35: pair_ids shape=(16,), range=240..7987, coefficients shape=(16, 2), sample_weights shape=(16,), zero_neighbor_targets=0
GRAB train batch 36: pair_ids shape=(16,), range=116..8370, coefficients shape=(16, 2), sample_weights shape=(16,), zero_neighbor_targets=0
GRAB train batch 37: pair_ids shape=(16,), range=21..10795, coefficients shape=(16, 2), sample_weights shape=(16,), zero_neighbor_targets=0
GRAB train batch 38: pair_ids shape=(16,), range=59..10227, coefficients shape=(16, 2), sample_weights shape=(16,), zero_neighbor_targets=0
GRAB train batch 39: pair_ids shape=(16,), range=95..6530, coefficients shape=(16, 2), sample_weights shape=(16,), zero_neighbor_targets=0
GRAB train batch 40: pair_ids shape=(16,), range=18..7653, coefficients shape=(16, 2), sample_weights shape=(16,), zero_neighbor_targets=0
GRAB train batch 41: pair_ids shape=(16,), range=194..7346, coefficients shape=(16, 2), sample_weights shape=(16,), zero_neighbor_targets=0
GRAB train batch 42: pair_ids shape=(16,), range=120..10237, coefficients shape=(16, 2), sample_weights shape=(16,), zero_neighbor_targets=0
GRAB train batch 43: pair_ids shape=(16,), range=22..10836, coefficients shape=(16, 2), sample_weights shape=(16,), zero_neighbor_targets=0
GRAB train batch 44: pair_ids shape=(16,), range=178..8739, coefficients shape=(16, 2), sample_weights shape=(16,), zero_neighbor_targets=0
GRAB train batch 45: pair_ids shape=(16,), range=45..10473, coefficients shape=(16, 2), sample_weights shape=(16,), zero_neighbor_targets=0
GRAB train batch 46: pair_ids shape=(16,), range=47..7867, coefficients shape=(16, 2), sample_weights shape=(16,), zero_neighbor_targets=0
GRAB train batch 47: pair_ids shape=(16,), range=2..6013, coefficients shape=(16, 2), sample_weights shape=(16,), zero_neighbor_targets=0
GRAB train batch 48: pair_ids shape=(16,), range=119..8670, coefficients shape=(16, 2), sample_weights shape=(16,), zero_neighbor_targets=0
GRAB train batch 49: pair_ids shape=(16,), range=43..8876, coefficients shape=(16, 2), sample_weights shape=(16,), zero_neighbor_targets=0
GRAB train batch 50: pair_ids shape=(16,), range=4..8563, coefficients shape=(16, 2), sample_weights shape=(16,), zero_neighbor_targets=0
GRAB train batch 51: pair_ids shape=(16,), range=0..9598, coefficients shape=(16, 2), sample_weights shape=(16,), zero_neighbor_targets=0
GRAB train batch 52: pair_ids shape=(16,), range=62..9937, coefficients shape=(16, 2), sample_weights shape=(16,), zero_neighbor_targets=0
GRAB train batch 53: pair_ids shape=(16,), range=10..10225, coefficients shape=(16, 2), sample_weights shape=(16,), zero_neighbor_targets=0
GRAB train batch 54: pair_ids shape=(16,), range=72..8590, coefficients shape=(16, 2), sample_weights shape=(16,), zero_neighbor_targets=0
GRAB train batch 55: pair_ids shape=(16,), range=35..9546, coefficients shape=(16, 2), sample_weights shape=(16,), zero_neighbor_targets=0
GRAB train batch 56: pair_ids shape=(16,), range=1..10935, coefficients shape=(16, 2), sample_weights shape=(16,), zero_neighbor_targets=0
GRAB train batch 57: pair_ids shape=(16,), range=17..10027, coefficients shape=(16, 2), sample_weights shape=(16,), zero_neighbor_targets=0
GRAB train batch 58: pair_ids shape=(16,), range=27..10299, coefficients shape=(16, 2), sample_weights shape=(16,), zero_neighbor_targets=0
GRAB train batch 59: pair_ids shape=(16,), range=13..10994, coefficients shape=(16, 2), sample_weights shape=(16,), zero_neighbor_targets=0
GRAB train batch 60: pair_ids shape=(16,), range=15..7942, coefficients shape=(16, 2), sample_weights shape=(16,), zero_neighbor_targets=0
GRAB train batch 61: pair_ids shape=(16,), range=52..10988, coefficients shape=(16, 2), sample_weights shape=(16,), zero_neighbor_targets=0
GRAB train batch 62: pair_ids shape=(16,), range=111..10851, coefficients shape=(16, 2), sample_weights shape=(16,), zero_neighbor_targets=0
GRAB train batch 63: pair_ids shape=(16,), range=37..10435, coefficients shape=(16, 2), sample_weights shape=(16,), zero_neighbor_targets=0
GRAB train batch 64: pair_ids shape=(16,), range=24..8671, coefficients shape=(16, 2), sample_weights shape=(16,), zero_neighbor_targets=0
GRAB train batch 65: pair_ids shape=(16,), range=65..10411, coefficients shape=(16, 2), sample_weights shape=(16,), zero_neighbor_targets=0
GRAB train batch 66: pair_ids shape=(16,), range=128..10453, coefficients shape=(16, 2), sample_weights shape=(16,), zero_neighbor_targets=0
GRAB train batch 67: pair_ids shape=(16,), range=51..9608, coefficients shape=(16, 2), sample_weights shape=(16,), zero_neighbor_targets=0
GRAB train batch 68: pair_ids shape=(16,), range=104..7879, coefficients shape=(16, 2), sample_weights shape=(16,), zero_neighbor_targets=0
GRAB train batch 69: pair_ids shape=(16,), range=50..10984, coefficients shape=(16, 2), sample_weights shape=(16,), zero_neighbor_targets=0
GRAB train batch 70: pair_ids shape=(16,), range=28..10987, coefficients shape=(16, 2), sample_weights shape=(16,), zero_neighbor_targets=0
GRAB train batch 71: pair_ids shape=(16,), range=6..10850, coefficients shape=(16, 2), sample_weights shape=(16,), zero_neighbor_targets=0
GRAB train batch 72: pair_ids shape=(16,), range=40..10009, coefficients shape=(16, 2), sample_weights shape=(16,), zero_neighbor_targets=0
GRAB train batch 73: pair_ids shape=(16,), range=117..10728, coefficients shape=(16, 2), sample_weights shape=(16,), zero_neighbor_targets=0
GRAB train batch 74: pair_ids shape=(16,), range=3..7496, coefficients shape=(16, 2), sample_weights shape=(16,), zero_neighbor_targets=0
GRAB train batch 75: pair_ids shape=(16,), range=115..10817, coefficients shape=(16, 2), sample_weights shape=(16,), zero_neighbor_targets=0
GRAB train batch 76: pair_ids shape=(16,), range=69..10662, coefficients shape=(16, 2), sample_weights shape=(16,), zero_neighbor_targets=0
GRAB train batch 77: pair_ids shape=(12,), range=55..6246, coefficients shape=(12, 2), sample_weights shape=(12,), zero_neighbor_targets=0
VALIDATION
valid epoch balanced_accuracy: 0.602730
EPOCH 55:
GRAB train batch 1: pair_ids shape=(16,), range=17..10537, coefficients shape=(16, 2), sample_weights shape=(16,), zero_neighbor_targets=0
GRAB train batch 2: pair_ids shape=(16,), range=74..9795, coefficients shape=(16, 2), sample_weights shape=(16,), zero_neighbor_targets=0
GRAB train batch 3: pair_ids shape=(16,), range=52..7979, coefficients shape=(16, 2), sample_weights shape=(16,), zero_neighbor_targets=0
GRAB train batch 4: pair_ids shape=(16,), range=44..7497, coefficients shape=(16, 2), sample_weights shape=(16,), zero_neighbor_targets=0
GRAB train batch 5: pair_ids shape=(16,), range=36..8491, coefficients shape=(16, 2), sample_weights shape=(16,), zero_neighbor_targets=0
GRAB train batch 6: pair_ids shape=(16,), range=120..10396, coefficients shape=(16, 2), sample_weights shape=(16,), zero_neighbor_targets=0
GRAB train batch 7: pair_ids shape=(16,), range=46..10891, coefficients shape=(16, 2), sample_weights shape=(16,), zero_neighbor_targets=0
GRAB train batch 8: pair_ids shape=(16,), range=186..8310, coefficients shape=(16, 2), sample_weights shape=(16,), zero_neighbor_targets=0
GRAB train batch 9: pair_ids shape=(16,), range=216..9696, coefficients shape=(16, 2), sample_weights shape=(16,), zero_neighbor_targets=0
GRAB train batch 10: pair_ids shape=(16,), range=96..7304, coefficients shape=(16, 2), sample_weights shape=(16,), zero_neighbor_targets=0
GRAB train batch 11: pair_ids shape=(16,), range=2..7867, coefficients shape=(16, 2), sample_weights shape=(16,), zero_neighbor_targets=0
GRAB train batch 12: pair_ids shape=(16,), range=28..10312, coefficients shape=(16, 2), sample_weights shape=(16,), zero_neighbor_targets=0
GRAB train batch 13: pair_ids shape=(16,), range=137..8521, coefficients shape=(16, 2), sample_weights shape=(16,), zero_neighbor_targets=0
GRAB train batch 14: pair_ids shape=(16,), range=47..5490, coefficients shape=(16, 2), sample_weights shape=(16,), zero_neighbor_targets=0
GRAB train batch 15: pair_ids shape=(16,), range=4..10447, coefficients shape=(16, 2), sample_weights shape=(16,), zero_neighbor_targets=0
GRAB train batch 16: pair_ids shape=(16,), range=107..9995, coefficients shape=(16, 2), sample_weights shape=(16,), zero_neighbor_targets=0
GRAB train batch 17: pair_ids shape=(16,), range=41..10795, coefficients shape=(16, 2), sample_weights shape=(16,), zero_neighbor_targets=0
GRAB train batch 18: pair_ids shape=(16,), range=40..9956, coefficients shape=(16, 2), sample_weights shape=(16,), zero_neighbor_targets=0
GRAB train batch 19: pair_ids shape=(16,), range=136..10851, coefficients shape=(16, 2), sample_weights shape=(16,), zero_neighbor_targets=0
GRAB train batch 20: pair_ids shape=(16,), range=6..10475, coefficients shape=(16, 2), sample_weights shape=(16,), zero_neighbor_targets=0
GRAB train batch 21: pair_ids shape=(16,), range=14..10362, coefficients shape=(16, 2), sample_weights shape=(16,), zero_neighbor_targets=0
GRAB train batch 22: pair_ids shape=(16,), range=117..8224, coefficients shape=(16, 2), sample_weights shape=(16,), zero_neighbor_targets=0
GRAB train batch 23: pair_ids shape=(16,), range=85..9892, coefficients shape=(16, 2), sample_weights shape=(16,), zero_neighbor_targets=0
GRAB train batch 24: pair_ids shape=(16,), range=103..10728, coefficients shape=(16, 2), sample_weights shape=(16,), zero_neighbor_targets=0
GRAB train batch 25: pair_ids shape=(16,), range=150..10988, coefficients shape=(16, 2), sample_weights shape=(16,), zero_neighbor_targets=0
GRAB train batch 26: pair_ids shape=(16,), range=49..10994, coefficients shape=(16, 2), sample_weights shape=(16,), zero_neighbor_targets=0
GRAB train batch 27: pair_ids shape=(16,), range=153..10685, coefficients shape=(16, 2), sample_weights shape=(16,), zero_neighbor_targets=0
GRAB train batch 28: pair_ids shape=(16,), range=20..10984, coefficients shape=(16, 2), sample_weights shape=(16,), zero_neighbor_targets=0
GRAB train batch 29: pair_ids shape=(16,), range=42..10742, coefficients shape=(16, 2), sample_weights shape=(16,), zero_neighbor_targets=0
GRAB train batch 30: pair_ids shape=(16,), range=123..10027, coefficients shape=(16, 2), sample_weights shape=(16,), zero_neighbor_targets=0
GRAB train batch 31: pair_ids shape=(16,), range=63..8951, coefficients shape=(16, 2), sample_weights shape=(16,), zero_neighbor_targets=0
GRAB train batch 32: pair_ids shape=(16,), range=191..7952, coefficients shape=(16, 2), sample_weights shape=(16,), zero_neighbor_targets=0
GRAB train batch 33: pair_ids shape=(16,), range=39..8745, coefficients shape=(16, 2), sample_weights shape=(16,), zero_neighbor_targets=0
GRAB train batch 34: pair_ids shape=(16,), range=8..7913, coefficients shape=(16, 2), sample_weights shape=(16,), zero_neighbor_targets=0
GRAB train batch 35: pair_ids shape=(16,), range=149..10404, coefficients shape=(16, 2), sample_weights shape=(16,), zero_neighbor_targets=0
GRAB train batch 36: pair_ids shape=(16,), range=73..10398, coefficients shape=(16, 2), sample_weights shape=(16,), zero_neighbor_targets=0
GRAB train batch 37: pair_ids shape=(16,), range=158..10393, coefficients shape=(16, 2), sample_weights shape=(16,), zero_neighbor_targets=0
GRAB train batch 38: pair_ids shape=(16,), range=26..10299, coefficients shape=(16, 2), sample_weights shape=(16,), zero_neighbor_targets=0
GRAB train batch 39: pair_ids shape=(16,), range=57..5972, coefficients shape=(16, 2), sample_weights shape=(16,), zero_neighbor_targets=0
GRAB train batch 40: pair_ids shape=(16,), range=102..7785, coefficients shape=(16, 2), sample_weights shape=(16,), zero_neighbor_targets=0
GRAB train batch 41: pair_ids shape=(16,), range=18..9913, coefficients shape=(16, 2), sample_weights shape=(16,), zero_neighbor_targets=0
GRAB train batch 42: pair_ids shape=(16,), range=29..10222, coefficients shape=(16, 2), sample_weights shape=(16,), zero_neighbor_targets=0
GRAB train batch 43: pair_ids shape=(16,), range=3..10800, coefficients shape=(16, 2), sample_weights shape=(16,), zero_neighbor_targets=0
GRAB train batch 44: pair_ids shape=(16,), range=59..10009, coefficients shape=(16, 2), sample_weights shape=(16,), zero_neighbor_targets=0
GRAB train batch 45: pair_ids shape=(16,), range=31..10627, coefficients shape=(16, 2), sample_weights shape=(16,), zero_neighbor_targets=0
GRAB train batch 46: pair_ids shape=(16,), range=35..10237, coefficients shape=(16, 2), sample_weights shape=(16,), zero_neighbor_targets=0
GRAB train batch 47: pair_ids shape=(16,), range=50..10772, coefficients shape=(16, 2), sample_weights shape=(16,), zero_neighbor_targets=0
GRAB train batch 48: pair_ids shape=(16,), range=9..10453, coefficients shape=(16, 2), sample_weights shape=(16,), zero_neighbor_targets=0
GRAB train batch 49: pair_ids shape=(16,), range=11..8668, coefficients shape=(16, 2), sample_weights shape=(16,), zero_neighbor_targets=0
GRAB train batch 50: pair_ids shape=(16,), range=56..10524, coefficients shape=(16, 2), sample_weights shape=(16,), zero_neighbor_targets=0
GRAB train batch 51: pair_ids shape=(16,), range=200..10500, coefficients shape=(16, 2), sample_weights shape=(16,), zero_neighbor_targets=0
GRAB train batch 52: pair_ids shape=(16,), range=10..9739, coefficients shape=(16, 2), sample_weights shape=(16,), zero_neighbor_targets=0
GRAB train batch 53: pair_ids shape=(16,), range=43..8670, coefficients shape=(16, 2), sample_weights shape=(16,), zero_neighbor_targets=0
GRAB train batch 54: pair_ids shape=(16,), range=113..10471, coefficients shape=(16, 2), sample_weights shape=(16,), zero_neighbor_targets=0
GRAB train batch 55: pair_ids shape=(16,), range=13..10811, coefficients shape=(16, 2), sample_weights shape=(16,), zero_neighbor_targets=0
GRAB train batch 56: pair_ids shape=(16,), range=34..9914, coefficients shape=(16, 2), sample_weights shape=(16,), zero_neighbor_targets=0
GRAB train batch 57: pair_ids shape=(16,), range=54..9818, coefficients shape=(16, 2), sample_weights shape=(16,), zero_neighbor_targets=0
GRAB train batch 58: pair_ids shape=(16,), range=0..10935, coefficients shape=(16, 2), sample_weights shape=(16,), zero_neighbor_targets=0
GRAB train batch 59: pair_ids shape=(16,), range=27..10277, coefficients shape=(16, 2), sample_weights shape=(16,), zero_neighbor_targets=0
GRAB train batch 60: pair_ids shape=(16,), range=118..8001, coefficients shape=(16, 2), sample_weights shape=(16,), zero_neighbor_targets=0
GRAB train batch 61: pair_ids shape=(16,), range=1..10600, coefficients shape=(16, 2), sample_weights shape=(16,), zero_neighbor_targets=0
GRAB train batch 62: pair_ids shape=(16,), range=91..8313, coefficients shape=(16, 2), sample_weights shape=(16,), zero_neighbor_targets=0
GRAB train batch 63: pair_ids shape=(16,), range=15..4242, coefficients shape=(16, 2), sample_weights shape=(16,), zero_neighbor_targets=0
GRAB train batch 64: pair_ids shape=(16,), range=5..8658, coefficients shape=(16, 2), sample_weights shape=(16,), zero_neighbor_targets=0
GRAB train batch 65: pair_ids shape=(16,), range=141..6818, coefficients shape=(16, 2), sample_weights shape=(16,), zero_neighbor_targets=0
GRAB train batch 66: pair_ids shape=(16,), range=12..7510, coefficients shape=(16, 2), sample_weights shape=(16,), zero_neighbor_targets=0
GRAB train batch 67: pair_ids shape=(16,), range=80..10850, coefficients shape=(16, 2), sample_weights shape=(16,), zero_neighbor_targets=0
GRAB train batch 68: pair_ids shape=(16,), range=106..10522, coefficients shape=(16, 2), sample_weights shape=(16,), zero_neighbor_targets=0
GRAB train batch 69: pair_ids shape=(16,), range=197..10360, coefficients shape=(16, 2), sample_weights shape=(16,), zero_neighbor_targets=0
GRAB train batch 70: pair_ids shape=(16,), range=48..10987, coefficients shape=(16, 2), sample_weights shape=(16,), zero_neighbor_targets=0
GRAB train batch 71: pair_ids shape=(16,), range=65..8841, coefficients shape=(16, 2), sample_weights shape=(16,), zero_neighbor_targets=0
GRAB train batch 72: pair_ids shape=(16,), range=122..8373, coefficients shape=(16, 2), sample_weights shape=(16,), zero_neighbor_targets=0
GRAB train batch 73: pair_ids shape=(16,), range=21..5386, coefficients shape=(16, 2), sample_weights shape=(16,), zero_neighbor_targets=0
GRAB train batch 74: pair_ids shape=(16,), range=16..10502, coefficients shape=(16, 2), sample_weights shape=(16,), zero_neighbor_targets=0
GRAB train batch 75: pair_ids shape=(16,), range=71..7930, coefficients shape=(16, 2), sample_weights shape=(16,), zero_neighbor_targets=0
GRAB train batch 76: pair_ids shape=(16,), range=33..10817, coefficients shape=(16, 2), sample_weights shape=(16,), zero_neighbor_targets=0
GRAB train batch 77: pair_ids shape=(12,), range=275..7940, coefficients shape=(12, 2), sample_weights shape=(12,), zero_neighbor_targets=0
VALIDATION
valid epoch balanced_accuracy: 0.491379
EPOCH 56:
GRAB train batch 1: pair_ids shape=(16,), range=11..7216, coefficients shape=(16, 2), sample_weights shape=(16,), zero_neighbor_targets=0
GRAB train batch 2: pair_ids shape=(16,), range=214..10475, coefficients shape=(16, 2), sample_weights shape=(16,), zero_neighbor_targets=0
GRAB train batch 3: pair_ids shape=(16,), range=121..10935, coefficients shape=(16, 2), sample_weights shape=(16,), zero_neighbor_targets=0
GRAB train batch 4: pair_ids shape=(16,), range=122..10537, coefficients shape=(16, 2), sample_weights shape=(16,), zero_neighbor_targets=0
GRAB train batch 5: pair_ids shape=(16,), range=97..9995, coefficients shape=(16, 2), sample_weights shape=(16,), zero_neighbor_targets=0
GRAB train batch 6: pair_ids shape=(16,), range=45..3423, coefficients shape=(16, 2), sample_weights shape=(16,), zero_neighbor_targets=0
GRAB train batch 7: pair_ids shape=(16,), range=18..10502, coefficients shape=(16, 2), sample_weights shape=(16,), zero_neighbor_targets=0
GRAB train batch 8: pair_ids shape=(16,), range=57..10987, coefficients shape=(16, 2), sample_weights shape=(16,), zero_neighbor_targets=0
GRAB train batch 9: pair_ids shape=(16,), range=23..8911, coefficients shape=(16, 2), sample_weights shape=(16,), zero_neighbor_targets=0
GRAB train batch 10: pair_ids shape=(16,), range=111..10404, coefficients shape=(16, 2), sample_weights shape=(16,), zero_neighbor_targets=0
GRAB train batch 11: pair_ids shape=(16,), range=101..10662, coefficients shape=(16, 2), sample_weights shape=(16,), zero_neighbor_targets=0
GRAB train batch 12: pair_ids shape=(16,), range=89..9739, coefficients shape=(16, 2), sample_weights shape=(16,), zero_neighbor_targets=0
GRAB train batch 13: pair_ids shape=(16,), range=60..10312, coefficients shape=(16, 2), sample_weights shape=(16,), zero_neighbor_targets=0
GRAB train batch 14: pair_ids shape=(16,), range=53..10524, coefficients shape=(16, 2), sample_weights shape=(16,), zero_neighbor_targets=0
GRAB train batch 15: pair_ids shape=(16,), range=54..10811, coefficients shape=(16, 2), sample_weights shape=(16,), zero_neighbor_targets=0
GRAB train batch 16: pair_ids shape=(16,), range=66..7798, coefficients shape=(16, 2), sample_weights shape=(16,), zero_neighbor_targets=0
GRAB train batch 17: pair_ids shape=(16,), range=28..10851, coefficients shape=(16, 2), sample_weights shape=(16,), zero_neighbor_targets=0
GRAB train batch 18: pair_ids shape=(16,), range=42..8731, coefficients shape=(16, 2), sample_weights shape=(16,), zero_neighbor_targets=0
GRAB train batch 19: pair_ids shape=(16,), range=6..9954, coefficients shape=(16, 2), sample_weights shape=(16,), zero_neighbor_targets=0
GRAB train batch 20: pair_ids shape=(16,), range=13..8670, coefficients shape=(16, 2), sample_weights shape=(16,), zero_neighbor_targets=0
GRAB train batch 21: pair_ids shape=(16,), range=171..6522, coefficients shape=(16, 2), sample_weights shape=(16,), zero_neighbor_targets=0
GRAB train batch 22: pair_ids shape=(16,), range=102..10836, coefficients shape=(16, 2), sample_weights shape=(16,), zero_neighbor_targets=0
GRAB train batch 23: pair_ids shape=(16,), range=40..9727, coefficients shape=(16, 2), sample_weights shape=(16,), zero_neighbor_targets=0
GRAB train batch 24: pair_ids shape=(16,), range=4..10237, coefficients shape=(16, 2), sample_weights shape=(16,), zero_neighbor_targets=0
GRAB train batch 25: pair_ids shape=(16,), range=82..9939, coefficients shape=(16, 2), sample_weights shape=(16,), zero_neighbor_targets=0
GRAB train batch 26: pair_ids shape=(16,), range=9..8279, coefficients shape=(16, 2), sample_weights shape=(16,), zero_neighbor_targets=0
GRAB train batch 27: pair_ids shape=(16,), range=95..9956, coefficients shape=(16, 2), sample_weights shape=(16,), zero_neighbor_targets=0
GRAB train batch 28: pair_ids shape=(16,), range=77..10850, coefficients shape=(16, 2), sample_weights shape=(16,), zero_neighbor_targets=0
GRAB train batch 29: pair_ids shape=(16,), range=8..10772, coefficients shape=(16, 2), sample_weights shape=(16,), zero_neighbor_targets=0
GRAB train batch 30: pair_ids shape=(16,), range=292..10462, coefficients shape=(16, 2), sample_weights shape=(16,), zero_neighbor_targets=0
GRAB train batch 31: pair_ids shape=(16,), range=88..9840, coefficients shape=(16, 2), sample_weights shape=(16,), zero_neighbor_targets=0
GRAB train batch 32: pair_ids shape=(16,), range=70..10264, coefficients shape=(16, 2), sample_weights shape=(16,), zero_neighbor_targets=0
GRAB train batch 33: pair_ids shape=(16,), range=177..10600, coefficients shape=(16, 2), sample_weights shape=(16,), zero_neighbor_targets=0
GRAB train batch 34: pair_ids shape=(16,), range=0..7923, coefficients shape=(16, 2), sample_weights shape=(16,), zero_neighbor_targets=0
GRAB train batch 35: pair_ids shape=(16,), range=47..10984, coefficients shape=(16, 2), sample_weights shape=(16,), zero_neighbor_targets=0
GRAB train batch 36: pair_ids shape=(16,), range=62..10435, coefficients shape=(16, 2), sample_weights shape=(16,), zero_neighbor_targets=0
GRAB train batch 37: pair_ids shape=(16,), range=15..8313, coefficients shape=(16, 2), sample_weights shape=(16,), zero_neighbor_targets=0
GRAB train batch 38: pair_ids shape=(16,), range=105..6785, coefficients shape=(16, 2), sample_weights shape=(16,), zero_neighbor_targets=0
GRAB train batch 39: pair_ids shape=(16,), range=115..8472, coefficients shape=(16, 2), sample_weights shape=(16,), zero_neighbor_targets=0
GRAB train batch 40: pair_ids shape=(16,), range=3..10817, coefficients shape=(16, 2), sample_weights shape=(16,), zero_neighbor_targets=0
GRAB train batch 41: pair_ids shape=(16,), range=173..6515, coefficients shape=(16, 2), sample_weights shape=(16,), zero_neighbor_targets=0
GRAB train batch 42: pair_ids shape=(16,), range=26..10384, coefficients shape=(16, 2), sample_weights shape=(16,), zero_neighbor_targets=0
GRAB train batch 43: pair_ids shape=(16,), range=163..8729, coefficients shape=(16, 2), sample_weights shape=(16,), zero_neighbor_targets=0
GRAB train batch 44: pair_ids shape=(16,), range=19..10447, coefficients shape=(16, 2), sample_weights shape=(16,), zero_neighbor_targets=0
GRAB train batch 45: pair_ids shape=(16,), range=32..10222, coefficients shape=(16, 2), sample_weights shape=(16,), zero_neighbor_targets=0
GRAB train batch 46: pair_ids shape=(16,), range=1..10988, coefficients shape=(16, 2), sample_weights shape=(16,), zero_neighbor_targets=0
GRAB train batch 47: pair_ids shape=(16,), range=5..10299, coefficients shape=(16, 2), sample_weights shape=(16,), zero_neighbor_targets=0
GRAB train batch 48: pair_ids shape=(16,), range=35..6314, coefficients shape=(16, 2), sample_weights shape=(16,), zero_neighbor_targets=0
GRAB train batch 49: pair_ids shape=(16,), range=56..8233, coefficients shape=(16, 2), sample_weights shape=(16,), zero_neighbor_targets=0
GRAB train batch 50: pair_ids shape=(16,), range=7..10393, coefficients shape=(16, 2), sample_weights shape=(16,), zero_neighbor_targets=0
GRAB train batch 51: pair_ids shape=(16,), range=21..10360, coefficients shape=(16, 2), sample_weights shape=(16,), zero_neighbor_targets=0
GRAB train batch 52: pair_ids shape=(16,), range=91..9818, coefficients shape=(16, 2), sample_weights shape=(16,), zero_neighbor_targets=0
GRAB train batch 53: pair_ids shape=(16,), range=83..7894, coefficients shape=(16, 2), sample_weights shape=(16,), zero_neighbor_targets=0
GRAB train batch 54: pair_ids shape=(16,), range=120..10800, coefficients shape=(16, 2), sample_weights shape=(16,), zero_neighbor_targets=0
GRAB train batch 55: pair_ids shape=(16,), range=58..8370, coefficients shape=(16, 2), sample_weights shape=(16,), zero_neighbor_targets=0
GRAB train batch 56: pair_ids shape=(16,), range=216..8841, coefficients shape=(16, 2), sample_weights shape=(16,), zero_neighbor_targets=0
GRAB train batch 57: pair_ids shape=(16,), range=99..8858, coefficients shape=(16, 2), sample_weights shape=(16,), zero_neighbor_targets=0
GRAB train batch 58: pair_ids shape=(16,), range=76..10742, coefficients shape=(16, 2), sample_weights shape=(16,), zero_neighbor_targets=0
GRAB train batch 59: pair_ids shape=(16,), range=129..10473, coefficients shape=(16, 2), sample_weights shape=(16,), zero_neighbor_targets=0
GRAB train batch 60: pair_ids shape=(16,), range=16..10994, coefficients shape=(16, 2), sample_weights shape=(16,), zero_neighbor_targets=0
GRAB train batch 61: pair_ids shape=(16,), range=85..7511, coefficients shape=(16, 2), sample_weights shape=(16,), zero_neighbor_targets=0
GRAB train batch 62: pair_ids shape=(16,), range=2..10764, coefficients shape=(16, 2), sample_weights shape=(16,), zero_neighbor_targets=0
GRAB train batch 63: pair_ids shape=(16,), range=63..10500, coefficients shape=(16, 2), sample_weights shape=(16,), zero_neighbor_targets=0
GRAB train batch 64: pair_ids shape=(16,), range=123..7537, coefficients shape=(16, 2), sample_weights shape=(16,), zero_neighbor_targets=0
GRAB train batch 65: pair_ids shape=(16,), range=87..10590, coefficients shape=(16, 2), sample_weights shape=(16,), zero_neighbor_targets=0
GRAB train batch 66: pair_ids shape=(16,), range=90..10685, coefficients shape=(16, 2), sample_weights shape=(16,), zero_neighbor_targets=0
GRAB train batch 67: pair_ids shape=(16,), range=33..8157, coefficients shape=(16, 2), sample_weights shape=(16,), zero_neighbor_targets=0
GRAB train batch 68: pair_ids shape=(16,), range=27..10374, coefficients shape=(16, 2), sample_weights shape=(16,), zero_neighbor_targets=0
GRAB train batch 69: pair_ids shape=(16,), range=10..10471, coefficients shape=(16, 2), sample_weights shape=(16,), zero_neighbor_targets=0
GRAB train batch 70: pair_ids shape=(16,), range=50..10522, coefficients shape=(16, 2), sample_weights shape=(16,), zero_neighbor_targets=0
GRAB train batch 71: pair_ids shape=(16,), range=17..7252, coefficients shape=(16, 2), sample_weights shape=(16,), zero_neighbor_targets=0
GRAB train batch 72: pair_ids shape=(16,), range=74..8491, coefficients shape=(16, 2), sample_weights shape=(16,), zero_neighbor_targets=0
GRAB train batch 73: pair_ids shape=(16,), range=12..10795, coefficients shape=(16, 2), sample_weights shape=(16,), zero_neighbor_targets=0
GRAB train batch 74: pair_ids shape=(16,), range=373..7213, coefficients shape=(16, 2), sample_weights shape=(16,), zero_neighbor_targets=0
GRAB train batch 75: pair_ids shape=(16,), range=29..10891, coefficients shape=(16, 2), sample_weights shape=(16,), zero_neighbor_targets=0
GRAB train batch 76: pair_ids shape=(16,), range=20..10248, coefficients shape=(16, 2), sample_weights shape=(16,), zero_neighbor_targets=0
GRAB train batch 77: pair_ids shape=(12,), range=39..10728, coefficients shape=(12, 2), sample_weights shape=(12,), zero_neighbor_targets=0
VALIDATION
valid epoch balanced_accuracy: 0.477730
EPOCH 57:
GRAB train batch 1: pair_ids shape=(16,), range=171..10817, coefficients shape=(16, 2), sample_weights shape=(16,), zero_neighbor_targets=0
GRAB train batch 2: pair_ids shape=(16,), range=11..8678, coefficients shape=(16, 2), sample_weights shape=(16,), zero_neighbor_targets=0
GRAB train batch 3: pair_ids shape=(16,), range=23..8841, coefficients shape=(16, 2), sample_weights shape=(16,), zero_neighbor_targets=0
GRAB train batch 4: pair_ids shape=(16,), range=26..6777, coefficients shape=(16, 2), sample_weights shape=(16,), zero_neighbor_targets=0
GRAB train batch 5: pair_ids shape=(16,), range=82..10453, coefficients shape=(16, 2), sample_weights shape=(16,), zero_neighbor_targets=0
GRAB train batch 6: pair_ids shape=(16,), range=75..10411, coefficients shape=(16, 2), sample_weights shape=(16,), zero_neighbor_targets=0
GRAB train batch 7: pair_ids shape=(16,), range=177..10590, coefficients shape=(16, 2), sample_weights shape=(16,), zero_neighbor_targets=0
GRAB train batch 8: pair_ids shape=(16,), range=80..3648, coefficients shape=(16, 2), sample_weights shape=(16,), zero_neighbor_targets=0
GRAB train batch 9: pair_ids shape=(16,), range=27..10537, coefficients shape=(16, 2), sample_weights shape=(16,), zero_neighbor_targets=0
GRAB train batch 10: pair_ids shape=(16,), range=5..9546, coefficients shape=(16, 2), sample_weights shape=(16,), zero_neighbor_targets=0
GRAB train batch 11: pair_ids shape=(16,), range=115..8157, coefficients shape=(16, 2), sample_weights shape=(16,), zero_neighbor_targets=0
GRAB train batch 12: pair_ids shape=(16,), range=139..6732, coefficients shape=(16, 2), sample_weights shape=(16,), zero_neighbor_targets=0
GRAB train batch 13: pair_ids shape=(16,), range=28..5907, coefficients shape=(16, 2), sample_weights shape=(16,), zero_neighbor_targets=0
GRAB train batch 14: pair_ids shape=(16,), range=62..10170, coefficients shape=(16, 2), sample_weights shape=(16,), zero_neighbor_targets=0
GRAB train batch 15: pair_ids shape=(16,), range=35..4888, coefficients shape=(16, 2), sample_weights shape=(16,), zero_neighbor_targets=0
GRAB train batch 16: pair_ids shape=(16,), range=17..8670, coefficients shape=(16, 2), sample_weights shape=(16,), zero_neighbor_targets=0
GRAB train batch 17: pair_ids shape=(16,), range=155..10795, coefficients shape=(16, 2), sample_weights shape=(16,), zero_neighbor_targets=0
GRAB train batch 18: pair_ids shape=(16,), range=44..10398, coefficients shape=(16, 2), sample_weights shape=(16,), zero_neighbor_targets=0
GRAB train batch 19: pair_ids shape=(16,), range=32..8739, coefficients shape=(16, 2), sample_weights shape=(16,), zero_neighbor_targets=0
GRAB train batch 20: pair_ids shape=(16,), range=16..8731, coefficients shape=(16, 2), sample_weights shape=(16,), zero_neighbor_targets=0
GRAB train batch 21: pair_ids shape=(16,), range=123..9913, coefficients shape=(16, 2), sample_weights shape=(16,), zero_neighbor_targets=0
GRAB train batch 22: pair_ids shape=(16,), range=48..8903, coefficients shape=(16, 2), sample_weights shape=(16,), zero_neighbor_targets=0
GRAB train batch 23: pair_ids shape=(16,), range=60..10987, coefficients shape=(16, 2), sample_weights shape=(16,), zero_neighbor_targets=0
GRAB train batch 24: pair_ids shape=(16,), range=33..10600, coefficients shape=(16, 2), sample_weights shape=(16,), zero_neighbor_targets=0
GRAB train batch 25: pair_ids shape=(16,), range=318..10685, coefficients shape=(16, 2), sample_weights shape=(16,), zero_neighbor_targets=0
GRAB train batch 26: pair_ids shape=(16,), range=6..10764, coefficients shape=(16, 2), sample_weights shape=(16,), zero_neighbor_targets=0
GRAB train batch 27: pair_ids shape=(16,), range=59..6657, coefficients shape=(16, 2), sample_weights shape=(16,), zero_neighbor_targets=0
GRAB train batch 28: pair_ids shape=(16,), range=100..6438, coefficients shape=(16, 2), sample_weights shape=(16,), zero_neighbor_targets=0
GRAB train batch 29: pair_ids shape=(16,), range=77..10005, coefficients shape=(16, 2), sample_weights shape=(16,), zero_neighbor_targets=0
GRAB train batch 30: pair_ids shape=(16,), range=105..10850, coefficients shape=(16, 2), sample_weights shape=(16,), zero_neighbor_targets=0
GRAB train batch 31: pair_ids shape=(16,), range=138..10662, coefficients shape=(16, 2), sample_weights shape=(16,), zero_neighbor_targets=0
GRAB train batch 32: pair_ids shape=(16,), range=93..10811, coefficients shape=(16, 2), sample_weights shape=(16,), zero_neighbor_targets=0
GRAB train batch 33: pair_ids shape=(16,), range=126..9914, coefficients shape=(16, 2), sample_weights shape=(16,), zero_neighbor_targets=0
GRAB train batch 34: pair_ids shape=(16,), range=10..10360, coefficients shape=(16, 2), sample_weights shape=(16,), zero_neighbor_targets=0
GRAB train batch 35: pair_ids shape=(16,), range=2..10500, coefficients shape=(16, 2), sample_weights shape=(16,), zero_neighbor_targets=0
GRAB train batch 36: pair_ids shape=(16,), range=21..10988, coefficients shape=(16, 2), sample_weights shape=(16,), zero_neighbor_targets=0
GRAB train batch 37: pair_ids shape=(16,), range=151..10471, coefficients shape=(16, 2), sample_weights shape=(16,), zero_neighbor_targets=0
GRAB train batch 38: pair_ids shape=(16,), range=63..6785, coefficients shape=(16, 2), sample_weights shape=(16,), zero_neighbor_targets=0
GRAB train batch 39: pair_ids shape=(16,), range=13..7339, coefficients shape=(16, 2), sample_weights shape=(16,), zero_neighbor_targets=0
GRAB train batch 40: pair_ids shape=(16,), range=61..8671, coefficients shape=(16, 2), sample_weights shape=(16,), zero_neighbor_targets=0
GRAB train batch 41: pair_ids shape=(16,), range=15..10742, coefficients shape=(16, 2), sample_weights shape=(16,), zero_neighbor_targets=0
GRAB train batch 42: pair_ids shape=(16,), range=43..3462, coefficients shape=(16, 2), sample_weights shape=(16,), zero_neighbor_targets=0
GRAB train batch 43: pair_ids shape=(16,), range=12..5419, coefficients shape=(16, 2), sample_weights shape=(16,), zero_neighbor_targets=0
GRAB train batch 44: pair_ids shape=(16,), range=153..8001, coefficients shape=(16, 2), sample_weights shape=(16,), zero_neighbor_targets=0
GRAB train batch 45: pair_ids shape=(16,), range=38..9704, coefficients shape=(16, 2), sample_weights shape=(16,), zero_neighbor_targets=0
GRAB train batch 46: pair_ids shape=(16,), range=73..10502, coefficients shape=(16, 2), sample_weights shape=(16,), zero_neighbor_targets=0
GRAB train batch 47: pair_ids shape=(16,), range=90..9818, coefficients shape=(16, 2), sample_weights shape=(16,), zero_neighbor_targets=0
GRAB train batch 48: pair_ids shape=(16,), range=49..10396, coefficients shape=(16, 2), sample_weights shape=(16,), zero_neighbor_targets=0
GRAB train batch 49: pair_ids shape=(16,), range=132..7795, coefficients shape=(16, 2), sample_weights shape=(16,), zero_neighbor_targets=0
GRAB train batch 50: pair_ids shape=(16,), range=9..10851, coefficients shape=(16, 2), sample_weights shape=(16,), zero_neighbor_targets=0
GRAB train batch 51: pair_ids shape=(16,), range=106..8772, coefficients shape=(16, 2), sample_weights shape=(16,), zero_neighbor_targets=0
GRAB train batch 52: pair_ids shape=(16,), range=130..10772, coefficients shape=(16, 2), sample_weights shape=(16,), zero_neighbor_targets=0
GRAB train batch 53: pair_ids shape=(16,), range=183..9698, coefficients shape=(16, 2), sample_weights shape=(16,), zero_neighbor_targets=0
GRAB train batch 54: pair_ids shape=(16,), range=41..10027, coefficients shape=(16, 2), sample_weights shape=(16,), zero_neighbor_targets=0
GRAB train batch 55: pair_ids shape=(16,), range=47..7975, coefficients shape=(16, 2), sample_weights shape=(16,), zero_neighbor_targets=0
GRAB train batch 56: pair_ids shape=(16,), range=1..10362, coefficients shape=(16, 2), sample_weights shape=(16,), zero_neighbor_targets=0
GRAB train batch 57: pair_ids shape=(16,), range=164..10435, coefficients shape=(16, 2), sample_weights shape=(16,), zero_neighbor_targets=0
GRAB train batch 58: pair_ids shape=(16,), range=118..7940, coefficients shape=(16, 2), sample_weights shape=(16,), zero_neighbor_targets=0
GRAB train batch 59: pair_ids shape=(16,), range=37..10891, coefficients shape=(16, 2), sample_weights shape=(16,), zero_neighbor_targets=0
GRAB train batch 60: pair_ids shape=(16,), range=4..7619, coefficients shape=(16, 2), sample_weights shape=(16,), zero_neighbor_targets=0
GRAB train batch 61: pair_ids shape=(16,), range=284..10312, coefficients shape=(16, 2), sample_weights shape=(16,), zero_neighbor_targets=0
GRAB train batch 62: pair_ids shape=(16,), range=25..10259, coefficients shape=(16, 2), sample_weights shape=(16,), zero_neighbor_targets=0
GRAB train batch 63: pair_ids shape=(16,), range=167..10800, coefficients shape=(16, 2), sample_weights shape=(16,), zero_neighbor_targets=0
GRAB train batch 64: pair_ids shape=(16,), range=8..10935, coefficients shape=(16, 2), sample_weights shape=(16,), zero_neighbor_targets=0
GRAB train batch 65: pair_ids shape=(16,), range=0..10627, coefficients shape=(16, 2), sample_weights shape=(16,), zero_neighbor_targets=0
GRAB train batch 66: pair_ids shape=(16,), range=20..9954, coefficients shape=(16, 2), sample_weights shape=(16,), zero_neighbor_targets=0
GRAB train batch 67: pair_ids shape=(16,), range=124..10522, coefficients shape=(16, 2), sample_weights shape=(16,), zero_neighbor_targets=0
GRAB train batch 68: pair_ids shape=(16,), range=34..9995, coefficients shape=(16, 2), sample_weights shape=(16,), zero_neighbor_targets=0
GRAB train batch 69: pair_ids shape=(16,), range=24..10248, coefficients shape=(16, 2), sample_weights shape=(16,), zero_neighbor_targets=0
GRAB train batch 70: pair_ids shape=(16,), range=52..10227, coefficients shape=(16, 2), sample_weights shape=(16,), zero_neighbor_targets=0
GRAB train batch 71: pair_ids shape=(16,), range=3..10984, coefficients shape=(16, 2), sample_weights shape=(16,), zero_neighbor_targets=0
GRAB train batch 72: pair_ids shape=(16,), range=29..8370, coefficients shape=(16, 2), sample_weights shape=(16,), zero_neighbor_targets=0
GRAB train batch 73: pair_ids shape=(16,), range=7..10994, coefficients shape=(16, 2), sample_weights shape=(16,), zero_neighbor_targets=0
GRAB train batch 74: pair_ids shape=(16,), range=88..7867, coefficients shape=(16, 2), sample_weights shape=(16,), zero_neighbor_targets=0
GRAB train batch 75: pair_ids shape=(16,), range=56..10524, coefficients shape=(16, 2), sample_weights shape=(16,), zero_neighbor_targets=0
GRAB train batch 76: pair_ids shape=(16,), range=14..10222, coefficients shape=(16, 2), sample_weights shape=(16,), zero_neighbor_targets=0
GRAB train batch 77: pair_ids shape=(12,), range=220..10462, coefficients shape=(12, 2), sample_weights shape=(12,), zero_neighbor_targets=0
VALIDATION
valid epoch balanced_accuracy: 0.533046
EPOCH 58:
GRAB train batch 1: pair_ids shape=(16,), range=32..8310, coefficients shape=(16, 2), sample_weights shape=(16,), zero_neighbor_targets=0
GRAB train batch 2: pair_ids shape=(16,), range=356..10009, coefficients shape=(16, 2), sample_weights shape=(16,), zero_neighbor_targets=0
GRAB train batch 3: pair_ids shape=(16,), range=13..4192, coefficients shape=(16, 2), sample_weights shape=(16,), zero_neighbor_targets=0
GRAB train batch 4: pair_ids shape=(16,), range=6..6818, coefficients shape=(16, 2), sample_weights shape=(16,), zero_neighbor_targets=0
GRAB train batch 5: pair_ids shape=(16,), range=3..10248, coefficients shape=(16, 2), sample_weights shape=(16,), zero_neighbor_targets=0
GRAB train batch 6: pair_ids shape=(16,), range=82..9698, coefficients shape=(16, 2), sample_weights shape=(16,), zero_neighbor_targets=0
GRAB train batch 7: pair_ids shape=(16,), range=28..7510, coefficients shape=(16, 2), sample_weights shape=(16,), zero_neighbor_targets=0
GRAB train batch 8: pair_ids shape=(16,), range=118..9822, coefficients shape=(16, 2), sample_weights shape=(16,), zero_neighbor_targets=0
GRAB train batch 9: pair_ids shape=(16,), range=107..10728, coefficients shape=(16, 2), sample_weights shape=(16,), zero_neighbor_targets=0
GRAB train batch 10: pair_ids shape=(16,), range=65..10453, coefficients shape=(16, 2), sample_weights shape=(16,), zero_neighbor_targets=0
GRAB train batch 11: pair_ids shape=(16,), range=105..10259, coefficients shape=(16, 2), sample_weights shape=(16,), zero_neighbor_targets=0
GRAB train batch 12: pair_ids shape=(16,), range=47..8739, coefficients shape=(16, 2), sample_weights shape=(16,), zero_neighbor_targets=0
GRAB train batch 13: pair_ids shape=(16,), range=35..10205, coefficients shape=(16, 2), sample_weights shape=(16,), zero_neighbor_targets=0
GRAB train batch 14: pair_ids shape=(16,), range=20..7937, coefficients shape=(16, 2), sample_weights shape=(16,), zero_neighbor_targets=0
GRAB train batch 15: pair_ids shape=(16,), range=94..10772, coefficients shape=(16, 2), sample_weights shape=(16,), zero_neighbor_targets=0
GRAB train batch 16: pair_ids shape=(16,), range=59..10502, coefficients shape=(16, 2), sample_weights shape=(16,), zero_neighbor_targets=0
GRAB train batch 17: pair_ids shape=(16,), range=29..10795, coefficients shape=(16, 2), sample_weights shape=(16,), zero_neighbor_targets=0
GRAB train batch 18: pair_ids shape=(16,), range=42..10237, coefficients shape=(16, 2), sample_weights shape=(16,), zero_neighbor_targets=0
GRAB train batch 19: pair_ids shape=(16,), range=165..10994, coefficients shape=(16, 2), sample_weights shape=(16,), zero_neighbor_targets=0
GRAB train batch 20: pair_ids shape=(16,), range=100..9954, coefficients shape=(16, 2), sample_weights shape=(16,), zero_neighbor_targets=0
GRAB train batch 21: pair_ids shape=(16,), range=18..10360, coefficients shape=(16, 2), sample_weights shape=(16,), zero_neighbor_targets=0
GRAB train batch 22: pair_ids shape=(16,), range=30..10222, coefficients shape=(16, 2), sample_weights shape=(16,), zero_neighbor_targets=0
GRAB train batch 23: pair_ids shape=(16,), range=174..10462, coefficients shape=(16, 2), sample_weights shape=(16,), zero_neighbor_targets=0
GRAB train batch 24: pair_ids shape=(16,), range=9..10811, coefficients shape=(16, 2), sample_weights shape=(16,), zero_neighbor_targets=0
GRAB train batch 25: pair_ids shape=(16,), range=88..6381, coefficients shape=(16, 2), sample_weights shape=(16,), zero_neighbor_targets=0
GRAB train batch 26: pair_ids shape=(16,), range=5..10836, coefficients shape=(16, 2), sample_weights shape=(16,), zero_neighbor_targets=0
GRAB train batch 27: pair_ids shape=(16,), range=76..7872, coefficients shape=(16, 2), sample_weights shape=(16,), zero_neighbor_targets=0
GRAB train batch 28: pair_ids shape=(16,), range=78..8521, coefficients shape=(16, 2), sample_weights shape=(16,), zero_neighbor_targets=0
GRAB train batch 29: pair_ids shape=(16,), range=142..7930, coefficients shape=(16, 2), sample_weights shape=(16,), zero_neighbor_targets=0
GRAB train batch 30: pair_ids shape=(16,), range=121..10627, coefficients shape=(16, 2), sample_weights shape=(16,), zero_neighbor_targets=0
GRAB train batch 31: pair_ids shape=(16,), range=55..10817, coefficients shape=(16, 2), sample_weights shape=(16,), zero_neighbor_targets=0
GRAB train batch 32: pair_ids shape=(16,), range=169..7987, coefficients shape=(16, 2), sample_weights shape=(16,), zero_neighbor_targets=0
GRAB train batch 33: pair_ids shape=(16,), range=33..10891, coefficients shape=(16, 2), sample_weights shape=(16,), zero_neighbor_targets=0
GRAB train batch 34: pair_ids shape=(16,), range=161..10404, coefficients shape=(16, 2), sample_weights shape=(16,), zero_neighbor_targets=0
GRAB train batch 35: pair_ids shape=(16,), range=110..6351, coefficients shape=(16, 2), sample_weights shape=(16,), zero_neighbor_targets=0
GRAB train batch 36: pair_ids shape=(16,), range=68..10984, coefficients shape=(16, 2), sample_weights shape=(16,), zero_neighbor_targets=0
GRAB train batch 37: pair_ids shape=(16,), range=26..10685, coefficients shape=(16, 2), sample_weights shape=(16,), zero_neighbor_targets=0
GRAB train batch 38: pair_ids shape=(16,), range=34..10331, coefficients shape=(16, 2), sample_weights shape=(16,), zero_neighbor_targets=0
GRAB train batch 39: pair_ids shape=(16,), range=36..8678, coefficients shape=(16, 2), sample_weights shape=(16,), zero_neighbor_targets=0
GRAB train batch 40: pair_ids shape=(16,), range=176..7913, coefficients shape=(16, 2), sample_weights shape=(16,), zero_neighbor_targets=0
GRAB train batch 41: pair_ids shape=(16,), range=164..10522, coefficients shape=(16, 2), sample_weights shape=(16,), zero_neighbor_targets=0
GRAB train batch 42: pair_ids shape=(16,), range=50..7304, coefficients shape=(16, 2), sample_weights shape=(16,), zero_neighbor_targets=0
GRAB train batch 43: pair_ids shape=(16,), range=63..10299, coefficients shape=(16, 2), sample_weights shape=(16,), zero_neighbor_targets=0
GRAB train batch 44: pair_ids shape=(16,), range=111..9696, coefficients shape=(16, 2), sample_weights shape=(16,), zero_neighbor_targets=0
GRAB train batch 45: pair_ids shape=(16,), range=1..8951, coefficients shape=(16, 2), sample_weights shape=(16,), zero_neighbor_targets=0
GRAB train batch 46: pair_ids shape=(16,), range=66..10312, coefficients shape=(16, 2), sample_weights shape=(16,), zero_neighbor_targets=0
GRAB train batch 47: pair_ids shape=(16,), range=23..10935, coefficients shape=(16, 2), sample_weights shape=(16,), zero_neighbor_targets=0
GRAB train batch 48: pair_ids shape=(16,), range=69..8772, coefficients shape=(16, 2), sample_weights shape=(16,), zero_neighbor_targets=0
GRAB train batch 49: pair_ids shape=(16,), range=44..8279, coefficients shape=(16, 2), sample_weights shape=(16,), zero_neighbor_targets=0
GRAB train batch 50: pair_ids shape=(16,), range=171..10500, coefficients shape=(16, 2), sample_weights shape=(16,), zero_neighbor_targets=0
GRAB train batch 51: pair_ids shape=(16,), range=0..10764, coefficients shape=(16, 2), sample_weights shape=(16,), zero_neighbor_targets=0
GRAB train batch 52: pair_ids shape=(16,), range=289..10987, coefficients shape=(16, 2), sample_weights shape=(16,), zero_neighbor_targets=0
GRAB train batch 53: pair_ids shape=(16,), range=52..7369, coefficients shape=(16, 2), sample_weights shape=(16,), zero_neighbor_targets=0
GRAB train batch 54: pair_ids shape=(16,), range=40..10662, coefficients shape=(16, 2), sample_weights shape=(16,), zero_neighbor_targets=0
GRAB train batch 55: pair_ids shape=(16,), range=15..10396, coefficients shape=(16, 2), sample_weights shape=(16,), zero_neighbor_targets=0
GRAB train batch 56: pair_ids shape=(16,), range=175..10851, coefficients shape=(16, 2), sample_weights shape=(16,), zero_neighbor_targets=0
GRAB train batch 57: pair_ids shape=(16,), range=19..10362, coefficients shape=(16, 2), sample_weights shape=(16,), zero_neighbor_targets=0
GRAB train batch 58: pair_ids shape=(16,), range=74..9956, coefficients shape=(16, 2), sample_weights shape=(16,), zero_neighbor_targets=0
GRAB train batch 59: pair_ids shape=(16,), range=420..10850, coefficients shape=(16, 2), sample_weights shape=(16,), zero_neighbor_targets=0
GRAB train batch 60: pair_ids shape=(16,), range=2..9939, coefficients shape=(16, 2), sample_weights shape=(16,), zero_neighbor_targets=0
GRAB train batch 61: pair_ids shape=(16,), range=10..9727, coefficients shape=(16, 2), sample_weights shape=(16,), zero_neighbor_targets=0
GRAB train batch 62: pair_ids shape=(16,), range=71..4710, coefficients shape=(16, 2), sample_weights shape=(16,), zero_neighbor_targets=0
GRAB train batch 63: pair_ids shape=(16,), range=51..10374, coefficients shape=(16, 2), sample_weights shape=(16,), zero_neighbor_targets=0
GRAB train batch 64: pair_ids shape=(16,), range=145..10988, coefficients shape=(16, 2), sample_weights shape=(16,), zero_neighbor_targets=0
GRAB train batch 65: pair_ids shape=(16,), range=11..10471, coefficients shape=(16, 2), sample_weights shape=(16,), zero_neighbor_targets=0
GRAB train batch 66: pair_ids shape=(16,), range=25..10600, coefficients shape=(16, 2), sample_weights shape=(16,), zero_neighbor_targets=0
GRAB train batch 67: pair_ids shape=(16,), range=49..7497, coefficients shape=(16, 2), sample_weights shape=(16,), zero_neighbor_targets=0
GRAB train batch 68: pair_ids shape=(16,), range=8..10447, coefficients shape=(16, 2), sample_weights shape=(16,), zero_neighbor_targets=0
GRAB train batch 69: pair_ids shape=(16,), range=16..10800, coefficients shape=(16, 2), sample_weights shape=(16,), zero_neighbor_targets=0
GRAB train batch 70: pair_ids shape=(16,), range=22..10475, coefficients shape=(16, 2), sample_weights shape=(16,), zero_neighbor_targets=0
GRAB train batch 71: pair_ids shape=(16,), range=4..10524, coefficients shape=(16, 2), sample_weights shape=(16,), zero_neighbor_targets=0
GRAB train batch 72: pair_ids shape=(16,), range=24..9704, coefficients shape=(16, 2), sample_weights shape=(16,), zero_neighbor_targets=0
GRAB train batch 73: pair_ids shape=(16,), range=17..10742, coefficients shape=(16, 2), sample_weights shape=(16,), zero_neighbor_targets=0
GRAB train batch 74: pair_ids shape=(16,), range=37..10005, coefficients shape=(16, 2), sample_weights shape=(16,), zero_neighbor_targets=0
GRAB train batch 75: pair_ids shape=(16,), range=7..9818, coefficients shape=(16, 2), sample_weights shape=(16,), zero_neighbor_targets=0
GRAB train batch 76: pair_ids shape=(16,), range=152..10590, coefficients shape=(16, 2), sample_weights shape=(16,), zero_neighbor_targets=0
GRAB train batch 77: pair_ids shape=(12,), range=58..7785, coefficients shape=(12, 2), sample_weights shape=(12,), zero_neighbor_targets=0
VALIDATION
valid epoch balanced_accuracy: 0.498563
EPOCH 59:
GRAB train batch 1: pair_ids shape=(16,), range=25..8876, coefficients shape=(16, 2), sample_weights shape=(16,), zero_neighbor_targets=0
GRAB train batch 2: pair_ids shape=(16,), range=7..6216, coefficients shape=(16, 2), sample_weights shape=(16,), zero_neighbor_targets=0
GRAB train batch 3: pair_ids shape=(16,), range=92..10935, coefficients shape=(16, 2), sample_weights shape=(16,), zero_neighbor_targets=0
GRAB train batch 4: pair_ids shape=(16,), range=20..10994, coefficients shape=(16, 2), sample_weights shape=(16,), zero_neighbor_targets=0
GRAB train batch 5: pair_ids shape=(16,), range=108..10800, coefficients shape=(16, 2), sample_weights shape=(16,), zero_neighbor_targets=0
GRAB train batch 6: pair_ids shape=(16,), range=5..10277, coefficients shape=(16, 2), sample_weights shape=(16,), zero_neighbor_targets=0
GRAB train batch 7: pair_ids shape=(16,), range=85..9995, coefficients shape=(16, 2), sample_weights shape=(16,), zero_neighbor_targets=0
GRAB train batch 8: pair_ids shape=(16,), range=62..9956, coefficients shape=(16, 2), sample_weights shape=(16,), zero_neighbor_targets=0
GRAB train batch 9: pair_ids shape=(16,), range=128..10222, coefficients shape=(16, 2), sample_weights shape=(16,), zero_neighbor_targets=0
GRAB train batch 10: pair_ids shape=(16,), range=144..9822, coefficients shape=(16, 2), sample_weights shape=(16,), zero_neighbor_targets=0
GRAB train batch 11: pair_ids shape=(16,), range=69..8579, coefficients shape=(16, 2), sample_weights shape=(16,), zero_neighbor_targets=0
GRAB train batch 12: pair_ids shape=(16,), range=67..9696, coefficients shape=(16, 2), sample_weights shape=(16,), zero_neighbor_targets=0
GRAB train batch 13: pair_ids shape=(16,), range=58..9698, coefficients shape=(16, 2), sample_weights shape=(16,), zero_neighbor_targets=0
GRAB train batch 14: pair_ids shape=(16,), range=2..3789, coefficients shape=(16, 2), sample_weights shape=(16,), zero_neighbor_targets=0
GRAB train batch 15: pair_ids shape=(16,), range=0..10627, coefficients shape=(16, 2), sample_weights shape=(16,), zero_neighbor_targets=0
GRAB train batch 16: pair_ids shape=(16,), range=240..10772, coefficients shape=(16, 2), sample_weights shape=(16,), zero_neighbor_targets=0
GRAB train batch 17: pair_ids shape=(16,), range=50..8671, coefficients shape=(16, 2), sample_weights shape=(16,), zero_neighbor_targets=0
GRAB train batch 18: pair_ids shape=(16,), range=34..10891, coefficients shape=(16, 2), sample_weights shape=(16,), zero_neighbor_targets=0
GRAB train batch 19: pair_ids shape=(16,), range=31..10988, coefficients shape=(16, 2), sample_weights shape=(16,), zero_neighbor_targets=0
GRAB train batch 20: pair_ids shape=(16,), range=161..10600, coefficients shape=(16, 2), sample_weights shape=(16,), zero_neighbor_targets=0
GRAB train batch 21: pair_ids shape=(16,), range=95..10396, coefficients shape=(16, 2), sample_weights shape=(16,), zero_neighbor_targets=0
GRAB train batch 22: pair_ids shape=(16,), range=64..10393, coefficients shape=(16, 2), sample_weights shape=(16,), zero_neighbor_targets=0
GRAB train batch 23: pair_ids shape=(16,), range=206..10836, coefficients shape=(16, 2), sample_weights shape=(16,), zero_neighbor_targets=0
GRAB train batch 24: pair_ids shape=(16,), range=99..8310, coefficients shape=(16, 2), sample_weights shape=(16,), zero_neighbor_targets=0
GRAB train batch 25: pair_ids shape=(16,), range=36..10404, coefficients shape=(16, 2), sample_weights shape=(16,), zero_neighbor_targets=0
GRAB train batch 26: pair_ids shape=(16,), range=102..10299, coefficients shape=(16, 2), sample_weights shape=(16,), zero_neighbor_targets=0
GRAB train batch 27: pair_ids shape=(16,), range=71..8739, coefficients shape=(16, 2), sample_weights shape=(16,), zero_neighbor_targets=0
GRAB train batch 28: pair_ids shape=(16,), range=134..9795, coefficients shape=(16, 2), sample_weights shape=(16,), zero_neighbor_targets=0
GRAB train batch 29: pair_ids shape=(16,), range=17..9954, coefficients shape=(16, 2), sample_weights shape=(16,), zero_neighbor_targets=0
GRAB train batch 30: pair_ids shape=(16,), range=24..7872, coefficients shape=(16, 2), sample_weights shape=(16,), zero_neighbor_targets=0
GRAB train batch 31: pair_ids shape=(16,), range=192..9608, coefficients shape=(16, 2), sample_weights shape=(16,), zero_neighbor_targets=0
GRAB train batch 32: pair_ids shape=(16,), range=3..10817, coefficients shape=(16, 2), sample_weights shape=(16,), zero_neighbor_targets=0
GRAB train batch 33: pair_ids shape=(16,), range=46..7369, coefficients shape=(16, 2), sample_weights shape=(16,), zero_neighbor_targets=0
GRAB train batch 34: pair_ids shape=(16,), range=127..9727, coefficients shape=(16, 2), sample_weights shape=(16,), zero_neighbor_targets=0
GRAB train batch 35: pair_ids shape=(16,), range=40..10475, coefficients shape=(16, 2), sample_weights shape=(16,), zero_neighbor_targets=0
GRAB train batch 36: pair_ids shape=(16,), range=153..10764, coefficients shape=(16, 2), sample_weights shape=(16,), zero_neighbor_targets=0
GRAB train batch 37: pair_ids shape=(16,), range=10..10264, coefficients shape=(16, 2), sample_weights shape=(16,), zero_neighbor_targets=0
GRAB train batch 38: pair_ids shape=(16,), range=65..10237, coefficients shape=(16, 2), sample_weights shape=(16,), zero_neighbor_targets=0
GRAB train batch 39: pair_ids shape=(16,), range=53..10447, coefficients shape=(16, 2), sample_weights shape=(16,), zero_neighbor_targets=0
GRAB train batch 40: pair_ids shape=(16,), range=66..7683, coefficients shape=(16, 2), sample_weights shape=(16,), zero_neighbor_targets=0
GRAB train batch 41: pair_ids shape=(16,), range=41..10005, coefficients shape=(16, 2), sample_weights shape=(16,), zero_neighbor_targets=0
GRAB train batch 42: pair_ids shape=(16,), range=6..10435, coefficients shape=(16, 2), sample_weights shape=(16,), zero_neighbor_targets=0
GRAB train batch 43: pair_ids shape=(16,), range=77..8911, coefficients shape=(16, 2), sample_weights shape=(16,), zero_neighbor_targets=0
GRAB train batch 44: pair_ids shape=(16,), range=264..9622, coefficients shape=(16, 2), sample_weights shape=(16,), zero_neighbor_targets=0
GRAB train batch 45: pair_ids shape=(16,), range=136..10027, coefficients shape=(16, 2), sample_weights shape=(16,), zero_neighbor_targets=0
GRAB train batch 46: pair_ids shape=(16,), range=96..10742, coefficients shape=(16, 2), sample_weights shape=(16,), zero_neighbor_targets=0
GRAB train batch 47: pair_ids shape=(16,), range=44..10851, coefficients shape=(16, 2), sample_weights shape=(16,), zero_neighbor_targets=0
GRAB train batch 48: pair_ids shape=(16,), range=23..8279, coefficients shape=(16, 2), sample_weights shape=(16,), zero_neighbor_targets=0
GRAB train batch 49: pair_ids shape=(16,), range=116..8313, coefficients shape=(16, 2), sample_weights shape=(16,), zero_neighbor_targets=0
GRAB train batch 50: pair_ids shape=(16,), range=117..10590, coefficients shape=(16, 2), sample_weights shape=(16,), zero_neighbor_targets=0
GRAB train batch 51: pair_ids shape=(16,), range=150..8745, coefficients shape=(16, 2), sample_weights shape=(16,), zero_neighbor_targets=0
GRAB train batch 52: pair_ids shape=(16,), range=27..9913, coefficients shape=(16, 2), sample_weights shape=(16,), zero_neighbor_targets=0
GRAB train batch 53: pair_ids shape=(16,), range=79..10524, coefficients shape=(16, 2), sample_weights shape=(16,), zero_neighbor_targets=0
GRAB train batch 54: pair_ids shape=(16,), range=11..7942, coefficients shape=(16, 2), sample_weights shape=(16,), zero_neighbor_targets=0
GRAB train batch 55: pair_ids shape=(16,), range=16..10728, coefficients shape=(16, 2), sample_weights shape=(16,), zero_neighbor_targets=0
GRAB train batch 56: pair_ids shape=(16,), range=84..10312, coefficients shape=(16, 2), sample_weights shape=(16,), zero_neighbor_targets=0
GRAB train batch 57: pair_ids shape=(16,), range=152..10522, coefficients shape=(16, 2), sample_weights shape=(16,), zero_neighbor_targets=0
GRAB train batch 58: pair_ids shape=(16,), range=42..8491, coefficients shape=(16, 2), sample_weights shape=(16,), zero_neighbor_targets=0
GRAB train batch 59: pair_ids shape=(16,), range=1..10374, coefficients shape=(16, 2), sample_weights shape=(16,), zero_neighbor_targets=0
GRAB train batch 60: pair_ids shape=(16,), range=106..6766, coefficients shape=(16, 2), sample_weights shape=(16,), zero_neighbor_targets=0
GRAB train batch 61: pair_ids shape=(16,), range=35..10795, coefficients shape=(16, 2), sample_weights shape=(16,), zero_neighbor_targets=0
GRAB train batch 62: pair_ids shape=(16,), range=159..10662, coefficients shape=(16, 2), sample_weights shape=(16,), zero_neighbor_targets=0
GRAB train batch 63: pair_ids shape=(16,), range=9..10384, coefficients shape=(16, 2), sample_weights shape=(16,), zero_neighbor_targets=0
GRAB train batch 64: pair_ids shape=(16,), range=14..7536, coefficients shape=(16, 2), sample_weights shape=(16,), zero_neighbor_targets=0
GRAB train batch 65: pair_ids shape=(16,), range=32..10500, coefficients shape=(16, 2), sample_weights shape=(16,), zero_neighbor_targets=0
GRAB train batch 66: pair_ids shape=(16,), range=15..7930, coefficients shape=(16, 2), sample_weights shape=(16,), zero_neighbor_targets=0
GRAB train batch 67: pair_ids shape=(16,), range=113..5907, coefficients shape=(16, 2), sample_weights shape=(16,), zero_neighbor_targets=0
GRAB train batch 68: pair_ids shape=(16,), range=70..8658, coefficients shape=(16, 2), sample_weights shape=(16,), zero_neighbor_targets=0
GRAB train batch 69: pair_ids shape=(16,), range=75..9887, coefficients shape=(16, 2), sample_weights shape=(16,), zero_neighbor_targets=0
GRAB train batch 70: pair_ids shape=(16,), range=8..10984, coefficients shape=(16, 2), sample_weights shape=(16,), zero_neighbor_targets=0
GRAB train batch 71: pair_ids shape=(16,), range=12..10473, coefficients shape=(16, 2), sample_weights shape=(16,), zero_neighbor_targets=0
GRAB train batch 72: pair_ids shape=(16,), range=122..9937, coefficients shape=(16, 2), sample_weights shape=(16,), zero_neighbor_targets=0
GRAB train batch 73: pair_ids shape=(16,), range=110..10850, coefficients shape=(16, 2), sample_weights shape=(16,), zero_neighbor_targets=0
GRAB train batch 74: pair_ids shape=(16,), range=86..9704, coefficients shape=(16, 2), sample_weights shape=(16,), zero_neighbor_targets=0
GRAB train batch 75: pair_ids shape=(16,), range=4..10227, coefficients shape=(16, 2), sample_weights shape=(16,), zero_neighbor_targets=0
GRAB train batch 76: pair_ids shape=(16,), range=37..10685, coefficients shape=(16, 2), sample_weights shape=(16,), zero_neighbor_targets=0
GRAB train batch 77: pair_ids shape=(12,), range=22..10987, coefficients shape=(12, 2), sample_weights shape=(12,), zero_neighbor_targets=0
VALIDATION
valid epoch balanced_accuracy: 0.512213
EPOCH 60:
GRAB train batch 1: pair_ids shape=(16,), range=70..10850, coefficients shape=(16, 2), sample_weights shape=(16,), zero_neighbor_targets=0
GRAB train batch 2: pair_ids shape=(16,), range=27..10005, coefficients shape=(16, 2), sample_weights shape=(16,), zero_neighbor_targets=0
GRAB train batch 3: pair_ids shape=(16,), range=73..8521, coefficients shape=(16, 2), sample_weights shape=(16,), zero_neighbor_targets=0
GRAB train batch 4: pair_ids shape=(16,), range=6..10331, coefficients shape=(16, 2), sample_weights shape=(16,), zero_neighbor_targets=0
GRAB train batch 5: pair_ids shape=(16,), range=31..10811, coefficients shape=(16, 2), sample_weights shape=(16,), zero_neighbor_targets=0
GRAB train batch 6: pair_ids shape=(16,), range=185..10170, coefficients shape=(16, 2), sample_weights shape=(16,), zero_neighbor_targets=0
GRAB train batch 7: pair_ids shape=(16,), range=46..6013, coefficients shape=(16, 2), sample_weights shape=(16,), zero_neighbor_targets=0
GRAB train batch 8: pair_ids shape=(16,), range=0..10988, coefficients shape=(16, 2), sample_weights shape=(16,), zero_neighbor_targets=0
GRAB train batch 9: pair_ids shape=(16,), range=136..9704, coefficients shape=(16, 2), sample_weights shape=(16,), zero_neighbor_targets=0
GRAB train batch 10: pair_ids shape=(16,), range=5..10277, coefficients shape=(16, 2), sample_weights shape=(16,), zero_neighbor_targets=0
GRAB train batch 11: pair_ids shape=(16,), range=25..10935, coefficients shape=(16, 2), sample_weights shape=(16,), zero_neighbor_targets=0
GRAB train batch 12: pair_ids shape=(16,), range=16..10404, coefficients shape=(16, 2), sample_weights shape=(16,), zero_neighbor_targets=0
GRAB train batch 13: pair_ids shape=(16,), range=8..7930, coefficients shape=(16, 2), sample_weights shape=(16,), zero_neighbor_targets=0
GRAB train batch 14: pair_ids shape=(16,), range=29..10502, coefficients shape=(16, 2), sample_weights shape=(16,), zero_neighbor_targets=0
GRAB train batch 15: pair_ids shape=(16,), range=10..7200, coefficients shape=(16, 2), sample_weights shape=(16,), zero_neighbor_targets=0
GRAB train batch 16: pair_ids shape=(16,), range=60..9608, coefficients shape=(16, 2), sample_weights shape=(16,), zero_neighbor_targets=0
GRAB train batch 17: pair_ids shape=(16,), range=156..7537, coefficients shape=(16, 2), sample_weights shape=(16,), zero_neighbor_targets=0
GRAB train batch 18: pair_ids shape=(16,), range=28..8579, coefficients shape=(16, 2), sample_weights shape=(16,), zero_neighbor_targets=0
GRAB train batch 19: pair_ids shape=(16,), range=40..10742, coefficients shape=(16, 2), sample_weights shape=(16,), zero_neighbor_targets=0
GRAB train batch 20: pair_ids shape=(16,), range=41..8224, coefficients shape=(16, 2), sample_weights shape=(16,), zero_neighbor_targets=0
GRAB train batch 21: pair_ids shape=(16,), range=61..10411, coefficients shape=(16, 2), sample_weights shape=(16,), zero_neighbor_targets=0
GRAB train batch 22: pair_ids shape=(16,), range=86..10522, coefficients shape=(16, 2), sample_weights shape=(16,), zero_neighbor_targets=0
GRAB train batch 23: pair_ids shape=(16,), range=91..10987, coefficients shape=(16, 2), sample_weights shape=(16,), zero_neighbor_targets=0
GRAB train batch 24: pair_ids shape=(16,), range=153..8491, coefficients shape=(16, 2), sample_weights shape=(16,), zero_neighbor_targets=0
GRAB train batch 25: pair_ids shape=(16,), range=51..10836, coefficients shape=(16, 2), sample_weights shape=(16,), zero_neighbor_targets=0
GRAB train batch 26: pair_ids shape=(16,), range=18..7643, coefficients shape=(16, 2), sample_weights shape=(16,), zero_neighbor_targets=0
GRAB train batch 27: pair_ids shape=(16,), range=43..10225, coefficients shape=(16, 2), sample_weights shape=(16,), zero_neighbor_targets=0
GRAB train batch 28: pair_ids shape=(16,), range=22..10994, coefficients shape=(16, 2), sample_weights shape=(16,), zero_neighbor_targets=0
GRAB train batch 29: pair_ids shape=(16,), range=58..4242, coefficients shape=(16, 2), sample_weights shape=(16,), zero_neighbor_targets=0
GRAB train batch 30: pair_ids shape=(16,), range=138..10362, coefficients shape=(16, 2), sample_weights shape=(16,), zero_neighbor_targets=0
GRAB train batch 31: pair_ids shape=(16,), range=24..8670, coefficients shape=(16, 2), sample_weights shape=(16,), zero_neighbor_targets=0
GRAB train batch 32: pair_ids shape=(16,), range=7..10891, coefficients shape=(16, 2), sample_weights shape=(16,), zero_neighbor_targets=0
GRAB train batch 33: pair_ids shape=(16,), range=196..8671, coefficients shape=(16, 2), sample_weights shape=(16,), zero_neighbor_targets=0
GRAB train batch 34: pair_ids shape=(16,), range=57..7872, coefficients shape=(16, 2), sample_weights shape=(16,), zero_neighbor_targets=0
GRAB train batch 35: pair_ids shape=(16,), range=109..10627, coefficients shape=(16, 2), sample_weights shape=(16,), zero_neighbor_targets=0
GRAB train batch 36: pair_ids shape=(16,), range=9..10027, coefficients shape=(16, 2), sample_weights shape=(16,), zero_neighbor_targets=0
GRAB train batch 37: pair_ids shape=(16,), range=94..10600, coefficients shape=(16, 2), sample_weights shape=(16,), zero_neighbor_targets=0
GRAB train batch 38: pair_ids shape=(16,), range=108..8594, coefficients shape=(16, 2), sample_weights shape=(16,), zero_neighbor_targets=0
GRAB train batch 39: pair_ids shape=(16,), range=365..9956, coefficients shape=(16, 2), sample_weights shape=(16,), zero_neighbor_targets=0
GRAB train batch 40: pair_ids shape=(16,), range=12..10728, coefficients shape=(16, 2), sample_weights shape=(16,), zero_neighbor_targets=0
GRAB train batch 41: pair_ids shape=(16,), range=49..9892, coefficients shape=(16, 2), sample_weights shape=(16,), zero_neighbor_targets=0
GRAB train batch 42: pair_ids shape=(16,), range=17..9913, coefficients shape=(16, 2), sample_weights shape=(16,), zero_neighbor_targets=0
GRAB train batch 43: pair_ids shape=(16,), range=82..10312, coefficients shape=(16, 2), sample_weights shape=(16,), zero_neighbor_targets=0
GRAB train batch 44: pair_ids shape=(16,), range=2..6419, coefficients shape=(16, 2), sample_weights shape=(16,), zero_neighbor_targets=0
GRAB train batch 45: pair_ids shape=(16,), range=87..10800, coefficients shape=(16, 2), sample_weights shape=(16,), zero_neighbor_targets=0
GRAB train batch 46: pair_ids shape=(16,), range=271..10393, coefficients shape=(16, 2), sample_weights shape=(16,), zero_neighbor_targets=0
GRAB train batch 47: pair_ids shape=(16,), range=74..10851, coefficients shape=(16, 2), sample_weights shape=(16,), zero_neighbor_targets=0
GRAB train batch 48: pair_ids shape=(16,), range=34..8590, coefficients shape=(16, 2), sample_weights shape=(16,), zero_neighbor_targets=0
GRAB train batch 49: pair_ids shape=(16,), range=50..6385, coefficients shape=(16, 2), sample_weights shape=(16,), zero_neighbor_targets=0
GRAB train batch 50: pair_ids shape=(16,), range=295..10524, coefficients shape=(16, 2), sample_weights shape=(16,), zero_neighbor_targets=0
GRAB train batch 51: pair_ids shape=(16,), range=179..10435, coefficients shape=(16, 2), sample_weights shape=(16,), zero_neighbor_targets=0
GRAB train batch 52: pair_ids shape=(16,), range=13..10984, coefficients shape=(16, 2), sample_weights shape=(16,), zero_neighbor_targets=0
GRAB train batch 53: pair_ids shape=(16,), range=78..10817, coefficients shape=(16, 2), sample_weights shape=(16,), zero_neighbor_targets=0
GRAB train batch 54: pair_ids shape=(16,), range=47..5936, coefficients shape=(16, 2), sample_weights shape=(16,), zero_neighbor_targets=0
GRAB train batch 55: pair_ids shape=(16,), range=222..8772, coefficients shape=(16, 2), sample_weights shape=(16,), zero_neighbor_targets=0
GRAB train batch 56: pair_ids shape=(16,), range=36..7607, coefficients shape=(16, 2), sample_weights shape=(16,), zero_neighbor_targets=0
GRAB train batch 57: pair_ids shape=(16,), range=205..10471, coefficients shape=(16, 2), sample_weights shape=(16,), zero_neighbor_targets=0
GRAB train batch 58: pair_ids shape=(16,), range=1..10537, coefficients shape=(16, 2), sample_weights shape=(16,), zero_neighbor_targets=0
GRAB train batch 59: pair_ids shape=(16,), range=75..10772, coefficients shape=(16, 2), sample_weights shape=(16,), zero_neighbor_targets=0
GRAB train batch 60: pair_ids shape=(16,), range=444..10360, coefficients shape=(16, 2), sample_weights shape=(16,), zero_neighbor_targets=0
GRAB train batch 61: pair_ids shape=(16,), range=64..7219, coefficients shape=(16, 2), sample_weights shape=(16,), zero_neighbor_targets=0
GRAB train batch 62: pair_ids shape=(16,), range=105..10205, coefficients shape=(16, 2), sample_weights shape=(16,), zero_neighbor_targets=0
GRAB train batch 63: pair_ids shape=(16,), range=37..8678, coefficients shape=(16, 2), sample_weights shape=(16,), zero_neighbor_targets=0
GRAB train batch 64: pair_ids shape=(16,), range=177..10685, coefficients shape=(16, 2), sample_weights shape=(16,), zero_neighbor_targets=0
GRAB train batch 65: pair_ids shape=(16,), range=69..10299, coefficients shape=(16, 2), sample_weights shape=(16,), zero_neighbor_targets=0
GRAB train batch 66: pair_ids shape=(16,), range=89..9937, coefficients shape=(16, 2), sample_weights shape=(16,), zero_neighbor_targets=0
GRAB train batch 67: pair_ids shape=(16,), range=193..10396, coefficients shape=(16, 2), sample_weights shape=(16,), zero_neighbor_targets=0
GRAB train batch 68: pair_ids shape=(16,), range=106..8233, coefficients shape=(16, 2), sample_weights shape=(16,), zero_neighbor_targets=0
GRAB train batch 69: pair_ids shape=(16,), range=42..10795, coefficients shape=(16, 2), sample_weights shape=(16,), zero_neighbor_targets=0
GRAB train batch 70: pair_ids shape=(16,), range=53..10475, coefficients shape=(16, 2), sample_weights shape=(16,), zero_neighbor_targets=0
GRAB train batch 71: pair_ids shape=(16,), range=79..10227, coefficients shape=(16, 2), sample_weights shape=(16,), zero_neighbor_targets=0
GRAB train batch 72: pair_ids shape=(16,), range=19..8157, coefficients shape=(16, 2), sample_weights shape=(16,), zero_neighbor_targets=0
GRAB train batch 73: pair_ids shape=(16,), range=3..7921, coefficients shape=(16, 2), sample_weights shape=(16,), zero_neighbor_targets=0
GRAB train batch 74: pair_ids shape=(16,), range=4..10009, coefficients shape=(16, 2), sample_weights shape=(16,), zero_neighbor_targets=0
GRAB train batch 75: pair_ids shape=(16,), range=30..10462, coefficients shape=(16, 2), sample_weights shape=(16,), zero_neighbor_targets=0
GRAB train batch 76: pair_ids shape=(16,), range=113..6657, coefficients shape=(16, 2), sample_weights shape=(16,), zero_neighbor_targets=0
GRAB train batch 77: pair_ids shape=(12,), range=11..6388, coefficients shape=(12, 2), sample_weights shape=(12,), zero_neighbor_targets=0
VALIDATION
valid epoch balanced_accuracy: 0.508621
EPOCH 61:
GRAB train batch 1: pair_ids shape=(16,), range=5..10800, coefficients shape=(16, 2), sample_weights shape=(16,), zero_neighbor_targets=0
GRAB train batch 2: pair_ids shape=(16,), range=11..10891, coefficients shape=(16, 2), sample_weights shape=(16,), zero_neighbor_targets=0
GRAB train batch 3: pair_ids shape=(16,), range=78..10984, coefficients shape=(16, 2), sample_weights shape=(16,), zero_neighbor_targets=0
GRAB train batch 4: pair_ids shape=(16,), range=82..10170, coefficients shape=(16, 2), sample_weights shape=(16,), zero_neighbor_targets=0
GRAB train batch 5: pair_ids shape=(16,), range=81..9608, coefficients shape=(16, 2), sample_weights shape=(16,), zero_neighbor_targets=0
GRAB train batch 6: pair_ids shape=(16,), range=107..10447, coefficients shape=(16, 2), sample_weights shape=(16,), zero_neighbor_targets=0
GRAB train batch 7: pair_ids shape=(16,), range=110..10988, coefficients shape=(16, 2), sample_weights shape=(16,), zero_neighbor_targets=0
GRAB train batch 8: pair_ids shape=(16,), range=24..10398, coefficients shape=(16, 2), sample_weights shape=(16,), zero_neighbor_targets=0
GRAB train batch 9: pair_ids shape=(16,), range=66..3269, coefficients shape=(16, 2), sample_weights shape=(16,), zero_neighbor_targets=0
GRAB train batch 10: pair_ids shape=(16,), range=13..6460, coefficients shape=(16, 2), sample_weights shape=(16,), zero_neighbor_targets=0
GRAB train batch 11: pair_ids shape=(16,), range=37..8670, coefficients shape=(16, 2), sample_weights shape=(16,), zero_neighbor_targets=0
GRAB train batch 12: pair_ids shape=(16,), range=117..9939, coefficients shape=(16, 2), sample_weights shape=(16,), zero_neighbor_targets=0
GRAB train batch 13: pair_ids shape=(16,), range=270..10811, coefficients shape=(16, 2), sample_weights shape=(16,), zero_neighbor_targets=0
GRAB train batch 14: pair_ids shape=(16,), range=1..7552, coefficients shape=(16, 2), sample_weights shape=(16,), zero_neighbor_targets=0
GRAB train batch 15: pair_ids shape=(16,), range=25..10453, coefficients shape=(16, 2), sample_weights shape=(16,), zero_neighbor_targets=0
GRAB train batch 16: pair_ids shape=(16,), range=28..10009, coefficients shape=(16, 2), sample_weights shape=(16,), zero_neighbor_targets=0
GRAB train batch 17: pair_ids shape=(16,), range=206..10404, coefficients shape=(16, 2), sample_weights shape=(16,), zero_neighbor_targets=0
GRAB train batch 18: pair_ids shape=(16,), range=48..7930, coefficients shape=(16, 2), sample_weights shape=(16,), zero_neighbor_targets=0
GRAB train batch 19: pair_ids shape=(16,), range=86..10331, coefficients shape=(16, 2), sample_weights shape=(16,), zero_neighbor_targets=0
GRAB train batch 20: pair_ids shape=(16,), range=7..10987, coefficients shape=(16, 2), sample_weights shape=(16,), zero_neighbor_targets=0
GRAB train batch 21: pair_ids shape=(16,), range=174..8731, coefficients shape=(16, 2), sample_weights shape=(16,), zero_neighbor_targets=0
GRAB train batch 22: pair_ids shape=(16,), range=139..10475, coefficients shape=(16, 2), sample_weights shape=(16,), zero_neighbor_targets=0
GRAB train batch 23: pair_ids shape=(16,), range=41..10237, coefficients shape=(16, 2), sample_weights shape=(16,), zero_neighbor_targets=0
GRAB train batch 24: pair_ids shape=(16,), range=53..9937, coefficients shape=(16, 2), sample_weights shape=(16,), zero_neighbor_targets=0
GRAB train batch 25: pair_ids shape=(16,), range=9..10524, coefficients shape=(16, 2), sample_weights shape=(16,), zero_neighbor_targets=0
GRAB train batch 26: pair_ids shape=(16,), range=21..8168, coefficients shape=(16, 2), sample_weights shape=(16,), zero_neighbor_targets=0
GRAB train batch 27: pair_ids shape=(16,), range=6..6785, coefficients shape=(16, 2), sample_weights shape=(16,), zero_neighbor_targets=0
GRAB train batch 28: pair_ids shape=(16,), range=8..10795, coefficients shape=(16, 2), sample_weights shape=(16,), zero_neighbor_targets=0
GRAB train batch 29: pair_ids shape=(16,), range=79..9622, coefficients shape=(16, 2), sample_weights shape=(16,), zero_neighbor_targets=0
GRAB train batch 30: pair_ids shape=(16,), range=4..10360, coefficients shape=(16, 2), sample_weights shape=(16,), zero_neighbor_targets=0
GRAB train batch 31: pair_ids shape=(16,), range=99..10500, coefficients shape=(16, 2), sample_weights shape=(16,), zero_neighbor_targets=0
GRAB train batch 32: pair_ids shape=(16,), range=42..10264, coefficients shape=(16, 2), sample_weights shape=(16,), zero_neighbor_targets=0
GRAB train batch 33: pair_ids shape=(16,), range=0..10435, coefficients shape=(16, 2), sample_weights shape=(16,), zero_neighbor_targets=0
GRAB train batch 34: pair_ids shape=(16,), range=10..10393, coefficients shape=(16, 2), sample_weights shape=(16,), zero_neighbor_targets=0
GRAB train batch 35: pair_ids shape=(16,), range=16..8157, coefficients shape=(16, 2), sample_weights shape=(16,), zero_neighbor_targets=0
GRAB train batch 36: pair_ids shape=(16,), range=75..8081, coefficients shape=(16, 2), sample_weights shape=(16,), zero_neighbor_targets=0
GRAB train batch 37: pair_ids shape=(16,), range=80..9887, coefficients shape=(16, 2), sample_weights shape=(16,), zero_neighbor_targets=0
GRAB train batch 38: pair_ids shape=(16,), range=132..10935, coefficients shape=(16, 2), sample_weights shape=(16,), zero_neighbor_targets=0
GRAB train batch 39: pair_ids shape=(16,), range=3..9822, coefficients shape=(16, 2), sample_weights shape=(16,), zero_neighbor_targets=0
GRAB train batch 40: pair_ids shape=(16,), range=92..10205, coefficients shape=(16, 2), sample_weights shape=(16,), zero_neighbor_targets=0
GRAB train batch 41: pair_ids shape=(16,), range=247..7510, coefficients shape=(16, 2), sample_weights shape=(16,), zero_neighbor_targets=0
GRAB train batch 42: pair_ids shape=(16,), range=19..10772, coefficients shape=(16, 2), sample_weights shape=(16,), zero_neighbor_targets=0
GRAB train batch 43: pair_ids shape=(16,), range=36..10590, coefficients shape=(16, 2), sample_weights shape=(16,), zero_neighbor_targets=0
GRAB train batch 44: pair_ids shape=(16,), range=27..7219, coefficients shape=(16, 2), sample_weights shape=(16,), zero_neighbor_targets=0
GRAB train batch 45: pair_ids shape=(16,), range=159..7829, coefficients shape=(16, 2), sample_weights shape=(16,), zero_neighbor_targets=0
GRAB train batch 46: pair_ids shape=(16,), range=125..8858, coefficients shape=(16, 2), sample_weights shape=(16,), zero_neighbor_targets=0
GRAB train batch 47: pair_ids shape=(16,), range=12..2119, coefficients shape=(16, 2), sample_weights shape=(16,), zero_neighbor_targets=0
GRAB train batch 48: pair_ids shape=(16,), range=85..9956, coefficients shape=(16, 2), sample_weights shape=(16,), zero_neighbor_targets=0
GRAB train batch 49: pair_ids shape=(16,), range=126..8928, coefficients shape=(16, 2), sample_weights shape=(16,), zero_neighbor_targets=0
GRAB train batch 50: pair_ids shape=(16,), range=131..10522, coefficients shape=(16, 2), sample_weights shape=(16,), zero_neighbor_targets=0
GRAB train batch 51: pair_ids shape=(16,), range=51..9795, coefficients shape=(16, 2), sample_weights shape=(16,), zero_neighbor_targets=0
GRAB train batch 52: pair_ids shape=(16,), range=2..7921, coefficients shape=(16, 2), sample_weights shape=(16,), zero_neighbor_targets=0
GRAB train batch 53: pair_ids shape=(16,), range=38..10248, coefficients shape=(16, 2), sample_weights shape=(16,), zero_neighbor_targets=0
GRAB train batch 54: pair_ids shape=(16,), range=50..9954, coefficients shape=(16, 2), sample_weights shape=(16,), zero_neighbor_targets=0
GRAB train batch 55: pair_ids shape=(16,), range=68..8772, coefficients shape=(16, 2), sample_weights shape=(16,), zero_neighbor_targets=0
GRAB train batch 56: pair_ids shape=(16,), range=56..10027, coefficients shape=(16, 2), sample_weights shape=(16,), zero_neighbor_targets=0
GRAB train batch 57: pair_ids shape=(16,), range=123..10836, coefficients shape=(16, 2), sample_weights shape=(16,), zero_neighbor_targets=0
GRAB train batch 58: pair_ids shape=(16,), range=94..6809, coefficients shape=(16, 2), sample_weights shape=(16,), zero_neighbor_targets=0
GRAB train batch 59: pair_ids shape=(16,), range=45..7304, coefficients shape=(16, 2), sample_weights shape=(16,), zero_neighbor_targets=0
GRAB train batch 60: pair_ids shape=(16,), range=43..10222, coefficients shape=(16, 2), sample_weights shape=(16,), zero_neighbor_targets=0
GRAB train batch 61: pair_ids shape=(16,), range=35..10227, coefficients shape=(16, 2), sample_weights shape=(16,), zero_neighbor_targets=0
GRAB train batch 62: pair_ids shape=(16,), range=14..7913, coefficients shape=(16, 2), sample_weights shape=(16,), zero_neighbor_targets=0
GRAB train batch 63: pair_ids shape=(16,), range=201..10728, coefficients shape=(16, 2), sample_weights shape=(16,), zero_neighbor_targets=0
GRAB train batch 64: pair_ids shape=(16,), range=26..10994, coefficients shape=(16, 2), sample_weights shape=(16,), zero_neighbor_targets=0
GRAB train batch 65: pair_ids shape=(16,), range=23..10851, coefficients shape=(16, 2), sample_weights shape=(16,), zero_neighbor_targets=0
GRAB train batch 66: pair_ids shape=(16,), range=150..8579, coefficients shape=(16, 2), sample_weights shape=(16,), zero_neighbor_targets=0
GRAB train batch 67: pair_ids shape=(16,), range=70..10384, coefficients shape=(16, 2), sample_weights shape=(16,), zero_neighbor_targets=0
GRAB train batch 68: pair_ids shape=(16,), range=20..10685, coefficients shape=(16, 2), sample_weights shape=(16,), zero_neighbor_targets=0
GRAB train batch 69: pair_ids shape=(16,), range=17..10277, coefficients shape=(16, 2), sample_weights shape=(16,), zero_neighbor_targets=0
GRAB train batch 70: pair_ids shape=(16,), range=83..10396, coefficients shape=(16, 2), sample_weights shape=(16,), zero_neighbor_targets=0
GRAB train batch 71: pair_ids shape=(16,), range=144..10374, coefficients shape=(16, 2), sample_weights shape=(16,), zero_neighbor_targets=0
GRAB train batch 72: pair_ids shape=(16,), range=108..10362, coefficients shape=(16, 2), sample_weights shape=(16,), zero_neighbor_targets=0
GRAB train batch 73: pair_ids shape=(16,), range=44..7536, coefficients shape=(16, 2), sample_weights shape=(16,), zero_neighbor_targets=0
GRAB train batch 74: pair_ids shape=(16,), range=127..10850, coefficients shape=(16, 2), sample_weights shape=(16,), zero_neighbor_targets=0
GRAB train batch 75: pair_ids shape=(16,), range=33..10764, coefficients shape=(16, 2), sample_weights shape=(16,), zero_neighbor_targets=0
GRAB train batch 76: pair_ids shape=(16,), range=47..10600, coefficients shape=(16, 2), sample_weights shape=(16,), zero_neighbor_targets=0
GRAB train batch 77: pair_ids shape=(12,), range=100..7923, coefficients shape=(12, 2), sample_weights shape=(12,), zero_neighbor_targets=0
VALIDATION
valid epoch balanced_accuracy: 0.591954
EPOCH 62:
GRAB train batch 1: pair_ids shape=(16,), range=2..6812, coefficients shape=(16, 2), sample_weights shape=(16,), zero_neighbor_targets=0
GRAB train batch 2: pair_ids shape=(16,), range=7..10374, coefficients shape=(16, 2), sample_weights shape=(16,), zero_neighbor_targets=0
GRAB train batch 3: pair_ids shape=(16,), range=91..9956, coefficients shape=(16, 2), sample_weights shape=(16,), zero_neighbor_targets=0
GRAB train batch 4: pair_ids shape=(16,), range=42..10627, coefficients shape=(16, 2), sample_weights shape=(16,), zero_neighbor_targets=0
GRAB train batch 5: pair_ids shape=(16,), range=87..8001, coefficients shape=(16, 2), sample_weights shape=(16,), zero_neighbor_targets=0
GRAB train batch 6: pair_ids shape=(16,), range=14..8911, coefficients shape=(16, 2), sample_weights shape=(16,), zero_neighbor_targets=0
GRAB train batch 7: pair_ids shape=(16,), range=57..8731, coefficients shape=(16, 2), sample_weights shape=(16,), zero_neighbor_targets=0
GRAB train batch 8: pair_ids shape=(16,), range=8..8671, coefficients shape=(16, 2), sample_weights shape=(16,), zero_neighbor_targets=0
GRAB train batch 9: pair_ids shape=(16,), range=10..7975, coefficients shape=(16, 2), sample_weights shape=(16,), zero_neighbor_targets=0
GRAB train batch 10: pair_ids shape=(16,), range=18..10800, coefficients shape=(16, 2), sample_weights shape=(16,), zero_neighbor_targets=0
GRAB train batch 11: pair_ids shape=(16,), range=168..10500, coefficients shape=(16, 2), sample_weights shape=(16,), zero_neighbor_targets=0
GRAB train batch 12: pair_ids shape=(16,), range=125..8594, coefficients shape=(16, 2), sample_weights shape=(16,), zero_neighbor_targets=0
GRAB train batch 13: pair_ids shape=(16,), range=96..10987, coefficients shape=(16, 2), sample_weights shape=(16,), zero_neighbor_targets=0
GRAB train batch 14: pair_ids shape=(16,), range=52..6307, coefficients shape=(16, 2), sample_weights shape=(16,), zero_neighbor_targets=0
GRAB train batch 15: pair_ids shape=(16,), range=50..8373, coefficients shape=(16, 2), sample_weights shape=(16,), zero_neighbor_targets=0
GRAB train batch 16: pair_ids shape=(16,), range=3..10817, coefficients shape=(16, 2), sample_weights shape=(16,), zero_neighbor_targets=0
GRAB train batch 17: pair_ids shape=(16,), range=48..7782, coefficients shape=(16, 2), sample_weights shape=(16,), zero_neighbor_targets=0
GRAB train batch 18: pair_ids shape=(16,), range=43..7857, coefficients shape=(16, 2), sample_weights shape=(16,), zero_neighbor_targets=0
GRAB train batch 19: pair_ids shape=(16,), range=20..8233, coefficients shape=(16, 2), sample_weights shape=(16,), zero_neighbor_targets=0
GRAB train batch 20: pair_ids shape=(16,), range=11..10764, coefficients shape=(16, 2), sample_weights shape=(16,), zero_neighbor_targets=0
GRAB train batch 21: pair_ids shape=(16,), range=73..5059, coefficients shape=(16, 2), sample_weights shape=(16,), zero_neighbor_targets=0
GRAB train batch 22: pair_ids shape=(16,), range=67..9954, coefficients shape=(16, 2), sample_weights shape=(16,), zero_neighbor_targets=0
GRAB train batch 23: pair_ids shape=(16,), range=47..8951, coefficients shape=(16, 2), sample_weights shape=(16,), zero_neighbor_targets=0
GRAB train batch 24: pair_ids shape=(16,), range=105..10227, coefficients shape=(16, 2), sample_weights shape=(16,), zero_neighbor_targets=0
GRAB train batch 25: pair_ids shape=(16,), range=35..8210, coefficients shape=(16, 2), sample_weights shape=(16,), zero_neighbor_targets=0
GRAB train batch 26: pair_ids shape=(16,), range=6..7863, coefficients shape=(16, 2), sample_weights shape=(16,), zero_neighbor_targets=0
GRAB train batch 27: pair_ids shape=(16,), range=34..10742, coefficients shape=(16, 2), sample_weights shape=(16,), zero_neighbor_targets=0
GRAB train batch 28: pair_ids shape=(16,), range=209..10522, coefficients shape=(16, 2), sample_weights shape=(16,), zero_neighbor_targets=0
GRAB train batch 29: pair_ids shape=(16,), range=60..10524, coefficients shape=(16, 2), sample_weights shape=(16,), zero_neighbor_targets=0
GRAB train batch 30: pair_ids shape=(16,), range=198..10795, coefficients shape=(16, 2), sample_weights shape=(16,), zero_neighbor_targets=0
GRAB train batch 31: pair_ids shape=(16,), range=156..10299, coefficients shape=(16, 2), sample_weights shape=(16,), zero_neighbor_targets=0
GRAB train batch 32: pair_ids shape=(16,), range=117..8745, coefficients shape=(16, 2), sample_weights shape=(16,), zero_neighbor_targets=0
GRAB train batch 33: pair_ids shape=(16,), range=41..10404, coefficients shape=(16, 2), sample_weights shape=(16,), zero_neighbor_targets=0
GRAB train batch 34: pair_ids shape=(16,), range=119..10237, coefficients shape=(16, 2), sample_weights shape=(16,), zero_neighbor_targets=0
GRAB train batch 35: pair_ids shape=(16,), range=191..10984, coefficients shape=(16, 2), sample_weights shape=(16,), zero_neighbor_targets=0
GRAB train batch 36: pair_ids shape=(16,), range=162..10836, coefficients shape=(16, 2), sample_weights shape=(16,), zero_neighbor_targets=0
GRAB train batch 37: pair_ids shape=(16,), range=239..10393, coefficients shape=(16, 2), sample_weights shape=(16,), zero_neighbor_targets=0
GRAB train batch 38: pair_ids shape=(16,), range=32..10685, coefficients shape=(16, 2), sample_weights shape=(16,), zero_neighbor_targets=0
GRAB train batch 39: pair_ids shape=(16,), range=5..10384, coefficients shape=(16, 2), sample_weights shape=(16,), zero_neighbor_targets=0
GRAB train batch 40: pair_ids shape=(16,), range=17..10360, coefficients shape=(16, 2), sample_weights shape=(16,), zero_neighbor_targets=0
GRAB train batch 41: pair_ids shape=(16,), range=111..10411, coefficients shape=(16, 2), sample_weights shape=(16,), zero_neighbor_targets=0
GRAB train batch 42: pair_ids shape=(16,), range=56..8928, coefficients shape=(16, 2), sample_weights shape=(16,), zero_neighbor_targets=0
GRAB train batch 43: pair_ids shape=(16,), range=120..9622, coefficients shape=(16, 2), sample_weights shape=(16,), zero_neighbor_targets=0
GRAB train batch 44: pair_ids shape=(16,), range=16..10988, coefficients shape=(16, 2), sample_weights shape=(16,), zero_neighbor_targets=0
GRAB train batch 45: pair_ids shape=(16,), range=46..10264, coefficients shape=(16, 2), sample_weights shape=(16,), zero_neighbor_targets=0
GRAB train batch 46: pair_ids shape=(16,), range=22..6351, coefficients shape=(16, 2), sample_weights shape=(16,), zero_neighbor_targets=0
GRAB train batch 47: pair_ids shape=(16,), range=84..8915, coefficients shape=(16, 2), sample_weights shape=(16,), zero_neighbor_targets=0
GRAB train batch 48: pair_ids shape=(16,), range=4..10891, coefficients shape=(16, 2), sample_weights shape=(16,), zero_neighbor_targets=0
GRAB train batch 49: pair_ids shape=(16,), range=30..8658, coefficients shape=(16, 2), sample_weights shape=(16,), zero_neighbor_targets=0
GRAB train batch 50: pair_ids shape=(16,), range=29..9887, coefficients shape=(16, 2), sample_weights shape=(16,), zero_neighbor_targets=0
GRAB train batch 51: pair_ids shape=(16,), range=63..10811, coefficients shape=(16, 2), sample_weights shape=(16,), zero_neighbor_targets=0
GRAB train batch 52: pair_ids shape=(16,), range=72..9696, coefficients shape=(16, 2), sample_weights shape=(16,), zero_neighbor_targets=0
GRAB train batch 53: pair_ids shape=(16,), range=1..10502, coefficients shape=(16, 2), sample_weights shape=(16,), zero_neighbor_targets=0
GRAB train batch 54: pair_ids shape=(16,), range=70..10471, coefficients shape=(16, 2), sample_weights shape=(16,), zero_neighbor_targets=0
GRAB train batch 55: pair_ids shape=(16,), range=205..10170, coefficients shape=(16, 2), sample_weights shape=(16,), zero_neighbor_targets=0
GRAB train batch 56: pair_ids shape=(16,), range=31..10851, coefficients shape=(16, 2), sample_weights shape=(16,), zero_neighbor_targets=0
GRAB train batch 57: pair_ids shape=(16,), range=26..9995, coefficients shape=(16, 2), sample_weights shape=(16,), zero_neighbor_targets=0
GRAB train batch 58: pair_ids shape=(16,), range=23..9939, coefficients shape=(16, 2), sample_weights shape=(16,), zero_neighbor_targets=0
GRAB train batch 59: pair_ids shape=(16,), range=98..10225, coefficients shape=(16, 2), sample_weights shape=(16,), zero_neighbor_targets=0
GRAB train batch 60: pair_ids shape=(16,), range=12..10935, coefficients shape=(16, 2), sample_weights shape=(16,), zero_neighbor_targets=0
GRAB train batch 61: pair_ids shape=(16,), range=75..8903, coefficients shape=(16, 2), sample_weights shape=(16,), zero_neighbor_targets=0
GRAB train batch 62: pair_ids shape=(16,), range=13..8876, coefficients shape=(16, 2), sample_weights shape=(16,), zero_neighbor_targets=0
GRAB train batch 63: pair_ids shape=(16,), range=83..7221, coefficients shape=(16, 2), sample_weights shape=(16,), zero_neighbor_targets=0
GRAB train batch 64: pair_ids shape=(16,), range=33..10331, coefficients shape=(16, 2), sample_weights shape=(16,), zero_neighbor_targets=0
GRAB train batch 65: pair_ids shape=(16,), range=24..10772, coefficients shape=(16, 2), sample_weights shape=(16,), zero_neighbor_targets=0
GRAB train batch 66: pair_ids shape=(16,), range=197..10447, coefficients shape=(16, 2), sample_weights shape=(16,), zero_neighbor_targets=0
GRAB train batch 67: pair_ids shape=(16,), range=150..10537, coefficients shape=(16, 2), sample_weights shape=(16,), zero_neighbor_targets=0
GRAB train batch 68: pair_ids shape=(16,), range=37..10994, coefficients shape=(16, 2), sample_weights shape=(16,), zero_neighbor_targets=0
GRAB train batch 69: pair_ids shape=(16,), range=51..10396, coefficients shape=(16, 2), sample_weights shape=(16,), zero_neighbor_targets=0
GRAB train batch 70: pair_ids shape=(16,), range=49..9818, coefficients shape=(16, 2), sample_weights shape=(16,), zero_neighbor_targets=0
GRAB train batch 71: pair_ids shape=(16,), range=92..10009, coefficients shape=(16, 2), sample_weights shape=(16,), zero_neighbor_targets=0
GRAB train batch 72: pair_ids shape=(16,), range=15..10850, coefficients shape=(16, 2), sample_weights shape=(16,), zero_neighbor_targets=0
GRAB train batch 73: pair_ids shape=(16,), range=144..8521, coefficients shape=(16, 2), sample_weights shape=(16,), zero_neighbor_targets=0
GRAB train batch 74: pair_ids shape=(16,), range=28..10728, coefficients shape=(16, 2), sample_weights shape=(16,), zero_neighbor_targets=0
GRAB train batch 75: pair_ids shape=(16,), range=0..7940, coefficients shape=(16, 2), sample_weights shape=(16,), zero_neighbor_targets=0
GRAB train batch 76: pair_ids shape=(16,), range=59..7923, coefficients shape=(16, 2), sample_weights shape=(16,), zero_neighbor_targets=0
GRAB train batch 77: pair_ids shape=(12,), range=268..8858, coefficients shape=(12, 2), sample_weights shape=(12,), zero_neighbor_targets=0
VALIDATION
valid epoch balanced_accuracy: 0.415230
EPOCH 63:
GRAB train batch 1: pair_ids shape=(16,), range=18..9956, coefficients shape=(16, 2), sample_weights shape=(16,), zero_neighbor_targets=0
GRAB train batch 2: pair_ids shape=(16,), range=112..7923, coefficients shape=(16, 2), sample_weights shape=(16,), zero_neighbor_targets=0
GRAB train batch 3: pair_ids shape=(16,), range=110..10728, coefficients shape=(16, 2), sample_weights shape=(16,), zero_neighbor_targets=0
GRAB train batch 4: pair_ids shape=(16,), range=39..7987, coefficients shape=(16, 2), sample_weights shape=(16,), zero_neighbor_targets=0
GRAB train batch 5: pair_ids shape=(16,), range=139..10836, coefficients shape=(16, 2), sample_weights shape=(16,), zero_neighbor_targets=0
GRAB train batch 6: pair_ids shape=(16,), range=76..10987, coefficients shape=(16, 2), sample_weights shape=(16,), zero_neighbor_targets=0
GRAB train batch 7: pair_ids shape=(16,), range=231..4216, coefficients shape=(16, 2), sample_weights shape=(16,), zero_neighbor_targets=0
GRAB train batch 8: pair_ids shape=(16,), range=12..7338, coefficients shape=(16, 2), sample_weights shape=(16,), zero_neighbor_targets=0
GRAB train batch 9: pair_ids shape=(16,), range=77..7583, coefficients shape=(16, 2), sample_weights shape=(16,), zero_neighbor_targets=0
GRAB train batch 10: pair_ids shape=(16,), range=216..10205, coefficients shape=(16, 2), sample_weights shape=(16,), zero_neighbor_targets=0
GRAB train batch 11: pair_ids shape=(16,), range=108..10237, coefficients shape=(16, 2), sample_weights shape=(16,), zero_neighbor_targets=0
GRAB train batch 12: pair_ids shape=(16,), range=7..10502, coefficients shape=(16, 2), sample_weights shape=(16,), zero_neighbor_targets=0
GRAB train batch 13: pair_ids shape=(16,), range=178..10851, coefficients shape=(16, 2), sample_weights shape=(16,), zero_neighbor_targets=0
GRAB train batch 14: pair_ids shape=(16,), range=4..9914, coefficients shape=(16, 2), sample_weights shape=(16,), zero_neighbor_targets=0
GRAB train batch 15: pair_ids shape=(16,), range=186..10662, coefficients shape=(16, 2), sample_weights shape=(16,), zero_neighbor_targets=0
GRAB train batch 16: pair_ids shape=(16,), range=53..10374, coefficients shape=(16, 2), sample_weights shape=(16,), zero_neighbor_targets=0
GRAB train batch 17: pair_ids shape=(16,), range=3..10259, coefficients shape=(16, 2), sample_weights shape=(16,), zero_neighbor_targets=0
GRAB train batch 18: pair_ids shape=(16,), range=68..10685, coefficients shape=(16, 2), sample_weights shape=(16,), zero_neighbor_targets=0
GRAB train batch 19: pair_ids shape=(16,), range=125..10360, coefficients shape=(16, 2), sample_weights shape=(16,), zero_neighbor_targets=0
GRAB train batch 20: pair_ids shape=(16,), range=87..10891, coefficients shape=(16, 2), sample_weights shape=(16,), zero_neighbor_targets=0
GRAB train batch 21: pair_ids shape=(16,), range=230..7537, coefficients shape=(16, 2), sample_weights shape=(16,), zero_neighbor_targets=0
GRAB train batch 22: pair_ids shape=(16,), range=54..10027, coefficients shape=(16, 2), sample_weights shape=(16,), zero_neighbor_targets=0
GRAB train batch 23: pair_ids shape=(16,), range=161..6846, coefficients shape=(16, 2), sample_weights shape=(16,), zero_neighbor_targets=0
GRAB train batch 24: pair_ids shape=(16,), range=149..10500, coefficients shape=(16, 2), sample_weights shape=(16,), zero_neighbor_targets=0
GRAB train batch 25: pair_ids shape=(16,), range=10..6499, coefficients shape=(16, 2), sample_weights shape=(16,), zero_neighbor_targets=0
GRAB train batch 26: pair_ids shape=(16,), range=271..10795, coefficients shape=(16, 2), sample_weights shape=(16,), zero_neighbor_targets=0
GRAB train batch 27: pair_ids shape=(16,), range=52..10248, coefficients shape=(16, 2), sample_weights shape=(16,), zero_neighbor_targets=0
GRAB train batch 28: pair_ids shape=(16,), range=94..9622, coefficients shape=(16, 2), sample_weights shape=(16,), zero_neighbor_targets=0
GRAB train batch 29: pair_ids shape=(16,), range=115..10225, coefficients shape=(16, 2), sample_weights shape=(16,), zero_neighbor_targets=0
GRAB train batch 30: pair_ids shape=(16,), range=67..7643, coefficients shape=(16, 2), sample_weights shape=(16,), zero_neighbor_targets=0
GRAB train batch 31: pair_ids shape=(16,), range=72..7278, coefficients shape=(16, 2), sample_weights shape=(16,), zero_neighbor_targets=0
GRAB train batch 32: pair_ids shape=(16,), range=206..10471, coefficients shape=(16, 2), sample_weights shape=(16,), zero_neighbor_targets=0
GRAB train batch 33: pair_ids shape=(16,), range=15..8563, coefficients shape=(16, 2), sample_weights shape=(16,), zero_neighbor_targets=0
GRAB train batch 34: pair_ids shape=(16,), range=1..10817, coefficients shape=(16, 2), sample_weights shape=(16,), zero_neighbor_targets=0
GRAB train batch 35: pair_ids shape=(16,), range=34..10384, coefficients shape=(16, 2), sample_weights shape=(16,), zero_neighbor_targets=0
GRAB train batch 36: pair_ids shape=(16,), range=48..10984, coefficients shape=(16, 2), sample_weights shape=(16,), zero_neighbor_targets=0
GRAB train batch 37: pair_ids shape=(16,), range=55..6838, coefficients shape=(16, 2), sample_weights shape=(16,), zero_neighbor_targets=0
GRAB train batch 38: pair_ids shape=(16,), range=29..8491, coefficients shape=(16, 2), sample_weights shape=(16,), zero_neighbor_targets=0
GRAB train batch 39: pair_ids shape=(16,), range=36..10742, coefficients shape=(16, 2), sample_weights shape=(16,), zero_neighbor_targets=0
GRAB train batch 40: pair_ids shape=(16,), range=0..10800, coefficients shape=(16, 2), sample_weights shape=(16,), zero_neighbor_targets=0
GRAB train batch 41: pair_ids shape=(16,), range=44..6657, coefficients shape=(16, 2), sample_weights shape=(16,), zero_neighbor_targets=0
GRAB train batch 42: pair_ids shape=(16,), range=13..7798, coefficients shape=(16, 2), sample_weights shape=(16,), zero_neighbor_targets=0
GRAB train batch 43: pair_ids shape=(16,), range=20..9954, coefficients shape=(16, 2), sample_weights shape=(16,), zero_neighbor_targets=0
GRAB train batch 44: pair_ids shape=(16,), range=156..10811, coefficients shape=(16, 2), sample_weights shape=(16,), zero_neighbor_targets=0
GRAB train batch 45: pair_ids shape=(16,), range=14..10264, coefficients shape=(16, 2), sample_weights shape=(16,), zero_neighbor_targets=0
GRAB train batch 46: pair_ids shape=(16,), range=51..10850, coefficients shape=(16, 2), sample_weights shape=(16,), zero_neighbor_targets=0
GRAB train batch 47: pair_ids shape=(16,), range=75..8472, coefficients shape=(16, 2), sample_weights shape=(16,), zero_neighbor_targets=0
GRAB train batch 48: pair_ids shape=(16,), range=6..8510, coefficients shape=(16, 2), sample_weights shape=(16,), zero_neighbor_targets=0
GRAB train batch 49: pair_ids shape=(16,), range=229..10404, coefficients shape=(16, 2), sample_weights shape=(16,), zero_neighbor_targets=0
GRAB train batch 50: pair_ids shape=(16,), range=95..10590, coefficients shape=(16, 2), sample_weights shape=(16,), zero_neighbor_targets=0
GRAB train batch 51: pair_ids shape=(16,), range=96..10522, coefficients shape=(16, 2), sample_weights shape=(16,), zero_neighbor_targets=0
GRAB train batch 52: pair_ids shape=(16,), range=17..9598, coefficients shape=(16, 2), sample_weights shape=(16,), zero_neighbor_targets=0
GRAB train batch 53: pair_ids shape=(16,), range=80..9698, coefficients shape=(16, 2), sample_weights shape=(16,), zero_neighbor_targets=0
GRAB train batch 54: pair_ids shape=(16,), range=22..10396, coefficients shape=(16, 2), sample_weights shape=(16,), zero_neighbor_targets=0
GRAB train batch 55: pair_ids shape=(16,), range=47..8279, coefficients shape=(16, 2), sample_weights shape=(16,), zero_neighbor_targets=0
GRAB train batch 56: pair_ids shape=(16,), range=91..10398, coefficients shape=(16, 2), sample_weights shape=(16,), zero_neighbor_targets=0
GRAB train batch 57: pair_ids shape=(16,), range=41..10524, coefficients shape=(16, 2), sample_weights shape=(16,), zero_neighbor_targets=0
GRAB train batch 58: pair_ids shape=(16,), range=50..8841, coefficients shape=(16, 2), sample_weights shape=(16,), zero_neighbor_targets=0
GRAB train batch 59: pair_ids shape=(16,), range=56..8363, coefficients shape=(16, 2), sample_weights shape=(16,), zero_neighbor_targets=0
GRAB train batch 60: pair_ids shape=(16,), range=28..10362, coefficients shape=(16, 2), sample_weights shape=(16,), zero_neighbor_targets=0
GRAB train batch 61: pair_ids shape=(16,), range=49..9892, coefficients shape=(16, 2), sample_weights shape=(16,), zero_neighbor_targets=0
GRAB train batch 62: pair_ids shape=(16,), range=187..7510, coefficients shape=(16, 2), sample_weights shape=(16,), zero_neighbor_targets=0
GRAB train batch 63: pair_ids shape=(16,), range=11..8731, coefficients shape=(16, 2), sample_weights shape=(16,), zero_neighbor_targets=0
GRAB train batch 64: pair_ids shape=(16,), range=107..10462, coefficients shape=(16, 2), sample_weights shape=(16,), zero_neighbor_targets=0
GRAB train batch 65: pair_ids shape=(16,), range=181..10994, coefficients shape=(16, 2), sample_weights shape=(16,), zero_neighbor_targets=0
GRAB train batch 66: pair_ids shape=(16,), range=70..10227, coefficients shape=(16, 2), sample_weights shape=(16,), zero_neighbor_targets=0
GRAB train batch 67: pair_ids shape=(16,), range=40..10393, coefficients shape=(16, 2), sample_weights shape=(16,), zero_neighbor_targets=0
GRAB train batch 68: pair_ids shape=(16,), range=141..9739, coefficients shape=(16, 2), sample_weights shape=(16,), zero_neighbor_targets=0
GRAB train batch 69: pair_ids shape=(16,), range=66..10331, coefficients shape=(16, 2), sample_weights shape=(16,), zero_neighbor_targets=0
GRAB train batch 70: pair_ids shape=(16,), range=69..10935, coefficients shape=(16, 2), sample_weights shape=(16,), zero_neighbor_targets=0
GRAB train batch 71: pair_ids shape=(16,), range=2..7942, coefficients shape=(16, 2), sample_weights shape=(16,), zero_neighbor_targets=0
GRAB train batch 72: pair_ids shape=(16,), range=25..10537, coefficients shape=(16, 2), sample_weights shape=(16,), zero_neighbor_targets=0
GRAB train batch 73: pair_ids shape=(16,), range=203..10475, coefficients shape=(16, 2), sample_weights shape=(16,), zero_neighbor_targets=0
GRAB train batch 74: pair_ids shape=(16,), range=37..6605, coefficients shape=(16, 2), sample_weights shape=(16,), zero_neighbor_targets=0
GRAB train batch 75: pair_ids shape=(16,), range=130..10988, coefficients shape=(16, 2), sample_weights shape=(16,), zero_neighbor_targets=0
GRAB train batch 76: pair_ids shape=(16,), range=24..7497, coefficients shape=(16, 2), sample_weights shape=(16,), zero_neighbor_targets=0
GRAB train batch 77: pair_ids shape=(12,), range=79..4213, coefficients shape=(12, 2), sample_weights shape=(12,), zero_neighbor_targets=0
VALIDATION
valid epoch balanced_accuracy: 0.494971
EPOCH 64:
GRAB train batch 1: pair_ids shape=(16,), range=53..10662, coefficients shape=(16, 2), sample_weights shape=(16,), zero_neighbor_targets=0
GRAB train batch 2: pair_ids shape=(16,), range=8..10987, coefficients shape=(16, 2), sample_weights shape=(16,), zero_neighbor_targets=0
GRAB train batch 3: pair_ids shape=(16,), range=24..10537, coefficients shape=(16, 2), sample_weights shape=(16,), zero_neighbor_targets=0
GRAB train batch 4: pair_ids shape=(16,), range=98..6404, coefficients shape=(16, 2), sample_weights shape=(16,), zero_neighbor_targets=0
GRAB train batch 5: pair_ids shape=(16,), range=21..7894, coefficients shape=(16, 2), sample_weights shape=(16,), zero_neighbor_targets=0
GRAB train batch 6: pair_ids shape=(16,), range=5..7867, coefficients shape=(16, 2), sample_weights shape=(16,), zero_neighbor_targets=0
GRAB train batch 7: pair_ids shape=(16,), range=2..5767, coefficients shape=(16, 2), sample_weights shape=(16,), zero_neighbor_targets=0
GRAB train batch 8: pair_ids shape=(16,), range=104..10502, coefficients shape=(16, 2), sample_weights shape=(16,), zero_neighbor_targets=0
GRAB train batch 9: pair_ids shape=(16,), range=10..10277, coefficients shape=(16, 2), sample_weights shape=(16,), zero_neighbor_targets=0
GRAB train batch 10: pair_ids shape=(16,), range=14..10384, coefficients shape=(16, 2), sample_weights shape=(16,), zero_neighbor_targets=0
GRAB train batch 11: pair_ids shape=(16,), range=68..10453, coefficients shape=(16, 2), sample_weights shape=(16,), zero_neighbor_targets=0
GRAB train batch 12: pair_ids shape=(16,), range=15..8915, coefficients shape=(16, 2), sample_weights shape=(16,), zero_neighbor_targets=0
GRAB train batch 13: pair_ids shape=(16,), range=33..6838, coefficients shape=(16, 2), sample_weights shape=(16,), zero_neighbor_targets=0
GRAB train batch 14: pair_ids shape=(16,), range=39..10411, coefficients shape=(16, 2), sample_weights shape=(16,), zero_neighbor_targets=0
GRAB train batch 15: pair_ids shape=(16,), range=89..10994, coefficients shape=(16, 2), sample_weights shape=(16,), zero_neighbor_targets=0
GRAB train batch 16: pair_ids shape=(16,), range=94..10772, coefficients shape=(16, 2), sample_weights shape=(16,), zero_neighbor_targets=0
GRAB train batch 17: pair_ids shape=(16,), range=12..6777, coefficients shape=(16, 2), sample_weights shape=(16,), zero_neighbor_targets=0
GRAB train batch 18: pair_ids shape=(16,), range=47..8168, coefficients shape=(16, 2), sample_weights shape=(16,), zero_neighbor_targets=0
GRAB train batch 19: pair_ids shape=(16,), range=179..10891, coefficients shape=(16, 2), sample_weights shape=(16,), zero_neighbor_targets=0
GRAB train batch 20: pair_ids shape=(16,), range=113..10471, coefficients shape=(16, 2), sample_weights shape=(16,), zero_neighbor_targets=0
GRAB train batch 21: pair_ids shape=(16,), range=3..7795, coefficients shape=(16, 2), sample_weights shape=(16,), zero_neighbor_targets=0
GRAB train batch 22: pair_ids shape=(16,), range=74..9822, coefficients shape=(16, 2), sample_weights shape=(16,), zero_neighbor_targets=0
GRAB train batch 23: pair_ids shape=(16,), range=80..9995, coefficients shape=(16, 2), sample_weights shape=(16,), zero_neighbor_targets=0
GRAB train batch 24: pair_ids shape=(16,), range=86..7785, coefficients shape=(16, 2), sample_weights shape=(16,), zero_neighbor_targets=0
GRAB train batch 25: pair_ids shape=(16,), range=1..10398, coefficients shape=(16, 2), sample_weights shape=(16,), zero_neighbor_targets=0
GRAB train batch 26: pair_ids shape=(16,), range=283..10988, coefficients shape=(16, 2), sample_weights shape=(16,), zero_neighbor_targets=0
GRAB train batch 27: pair_ids shape=(16,), range=4..9696, coefficients shape=(16, 2), sample_weights shape=(16,), zero_neighbor_targets=0
GRAB train batch 28: pair_ids shape=(16,), range=134..10851, coefficients shape=(16, 2), sample_weights shape=(16,), zero_neighbor_targets=0
GRAB train batch 29: pair_ids shape=(16,), range=29..10222, coefficients shape=(16, 2), sample_weights shape=(16,), zero_neighbor_targets=0
GRAB train batch 30: pair_ids shape=(16,), range=7..7975, coefficients shape=(16, 2), sample_weights shape=(16,), zero_neighbor_targets=0
GRAB train batch 31: pair_ids shape=(16,), range=166..10225, coefficients shape=(16, 2), sample_weights shape=(16,), zero_neighbor_targets=0
GRAB train batch 32: pair_ids shape=(16,), range=6..10312, coefficients shape=(16, 2), sample_weights shape=(16,), zero_neighbor_targets=0
GRAB train batch 33: pair_ids shape=(16,), range=20..9739, coefficients shape=(16, 2), sample_weights shape=(16,), zero_neighbor_targets=0
GRAB train batch 34: pair_ids shape=(16,), range=127..7456, coefficients shape=(16, 2), sample_weights shape=(16,), zero_neighbor_targets=0
GRAB train batch 35: pair_ids shape=(16,), range=0..2764, coefficients shape=(16, 2), sample_weights shape=(16,), zero_neighbor_targets=0
GRAB train batch 36: pair_ids shape=(16,), range=28..7278, coefficients shape=(16, 2), sample_weights shape=(16,), zero_neighbor_targets=0
GRAB train batch 37: pair_ids shape=(16,), range=75..8928, coefficients shape=(16, 2), sample_weights shape=(16,), zero_neighbor_targets=0
GRAB train batch 38: pair_ids shape=(16,), range=85..10473, coefficients shape=(16, 2), sample_weights shape=(16,), zero_neighbor_targets=0
GRAB train batch 39: pair_ids shape=(16,), range=44..10627, coefficients shape=(16, 2), sample_weights shape=(16,), zero_neighbor_targets=0
GRAB train batch 40: pair_ids shape=(16,), range=95..10811, coefficients shape=(16, 2), sample_weights shape=(16,), zero_neighbor_targets=0
GRAB train batch 41: pair_ids shape=(16,), range=174..8472, coefficients shape=(16, 2), sample_weights shape=(16,), zero_neighbor_targets=0
GRAB train batch 42: pair_ids shape=(16,), range=150..10836, coefficients shape=(16, 2), sample_weights shape=(16,), zero_neighbor_targets=0
GRAB train batch 43: pair_ids shape=(16,), range=138..10299, coefficients shape=(16, 2), sample_weights shape=(16,), zero_neighbor_targets=0
GRAB train batch 44: pair_ids shape=(16,), range=69..9598, coefficients shape=(16, 2), sample_weights shape=(16,), zero_neighbor_targets=0
GRAB train batch 45: pair_ids shape=(16,), range=23..10393, coefficients shape=(16, 2), sample_weights shape=(16,), zero_neighbor_targets=0
GRAB train batch 46: pair_ids shape=(16,), range=30..10475, coefficients shape=(16, 2), sample_weights shape=(16,), zero_neighbor_targets=0
GRAB train batch 47: pair_ids shape=(16,), range=18..10205, coefficients shape=(16, 2), sample_weights shape=(16,), zero_neighbor_targets=0
GRAB train batch 48: pair_ids shape=(16,), range=87..8772, coefficients shape=(16, 2), sample_weights shape=(16,), zero_neighbor_targets=0
GRAB train batch 49: pair_ids shape=(16,), range=48..9608, coefficients shape=(16, 2), sample_weights shape=(16,), zero_neighbor_targets=0
GRAB train batch 50: pair_ids shape=(16,), range=27..10935, coefficients shape=(16, 2), sample_weights shape=(16,), zero_neighbor_targets=0
GRAB train batch 51: pair_ids shape=(16,), range=73..9956, coefficients shape=(16, 2), sample_weights shape=(16,), zero_neighbor_targets=0
GRAB train batch 52: pair_ids shape=(16,), range=41..10500, coefficients shape=(16, 2), sample_weights shape=(16,), zero_neighbor_targets=0
GRAB train batch 53: pair_ids shape=(16,), range=50..10522, coefficients shape=(16, 2), sample_weights shape=(16,), zero_neighbor_targets=0
GRAB train batch 54: pair_ids shape=(16,), range=9..10850, coefficients shape=(16, 2), sample_weights shape=(16,), zero_neighbor_targets=0
GRAB train batch 55: pair_ids shape=(16,), range=45..10435, coefficients shape=(16, 2), sample_weights shape=(16,), zero_neighbor_targets=0
GRAB train batch 56: pair_ids shape=(16,), range=52..8876, coefficients shape=(16, 2), sample_weights shape=(16,), zero_neighbor_targets=0
GRAB train batch 57: pair_ids shape=(16,), range=56..6666, coefficients shape=(16, 2), sample_weights shape=(16,), zero_neighbor_targets=0
GRAB train batch 58: pair_ids shape=(16,), range=72..10462, coefficients shape=(16, 2), sample_weights shape=(16,), zero_neighbor_targets=0
GRAB train batch 59: pair_ids shape=(16,), range=46..10984, coefficients shape=(16, 2), sample_weights shape=(16,), zero_neighbor_targets=0
GRAB train batch 60: pair_ids shape=(16,), range=81..10685, coefficients shape=(16, 2), sample_weights shape=(16,), zero_neighbor_targets=0
GRAB train batch 61: pair_ids shape=(16,), range=83..7510, coefficients shape=(16, 2), sample_weights shape=(16,), zero_neighbor_targets=0
GRAB train batch 62: pair_ids shape=(16,), range=139..8163, coefficients shape=(16, 2), sample_weights shape=(16,), zero_neighbor_targets=0
GRAB train batch 63: pair_ids shape=(16,), range=31..10027, coefficients shape=(16, 2), sample_weights shape=(16,), zero_neighbor_targets=0
GRAB train batch 64: pair_ids shape=(16,), range=16..7683, coefficients shape=(16, 2), sample_weights shape=(16,), zero_neighbor_targets=0
GRAB train batch 65: pair_ids shape=(16,), range=222..10362, coefficients shape=(16, 2), sample_weights shape=(16,), zero_neighbor_targets=0
GRAB train batch 66: pair_ids shape=(16,), range=42..10264, coefficients shape=(16, 2), sample_weights shape=(16,), zero_neighbor_targets=0
GRAB train batch 67: pair_ids shape=(16,), range=130..7411, coefficients shape=(16, 2), sample_weights shape=(16,), zero_neighbor_targets=0
GRAB train batch 68: pair_ids shape=(16,), range=119..6766, coefficients shape=(16, 2), sample_weights shape=(16,), zero_neighbor_targets=0
GRAB train batch 69: pair_ids shape=(16,), range=65..10728, coefficients shape=(16, 2), sample_weights shape=(16,), zero_neighbor_targets=0
GRAB train batch 70: pair_ids shape=(16,), range=11..10742, coefficients shape=(16, 2), sample_weights shape=(16,), zero_neighbor_targets=0
GRAB train batch 71: pair_ids shape=(16,), range=26..6124, coefficients shape=(16, 2), sample_weights shape=(16,), zero_neighbor_targets=0
GRAB train batch 72: pair_ids shape=(16,), range=209..9818, coefficients shape=(16, 2), sample_weights shape=(16,), zero_neighbor_targets=0
GRAB train batch 73: pair_ids shape=(16,), range=58..9840, coefficients shape=(16, 2), sample_weights shape=(16,), zero_neighbor_targets=0
GRAB train batch 74: pair_ids shape=(16,), range=25..10590, coefficients shape=(16, 2), sample_weights shape=(16,), zero_neighbor_targets=0
GRAB train batch 75: pair_ids shape=(16,), range=22..9937, coefficients shape=(16, 2), sample_weights shape=(16,), zero_neighbor_targets=0
GRAB train batch 76: pair_ids shape=(16,), range=70..10764, coefficients shape=(16, 2), sample_weights shape=(16,), zero_neighbor_targets=0
GRAB train batch 77: pair_ids shape=(12,), range=123..10600, coefficients shape=(12, 2), sample_weights shape=(12,), zero_neighbor_targets=0
VALIDATION
valid epoch balanced_accuracy: 0.557471
EPOCH 65:
GRAB train batch 1: pair_ids shape=(16,), range=233..7284, coefficients shape=(16, 2), sample_weights shape=(16,), zero_neighbor_targets=0
GRAB train batch 2: pair_ids shape=(16,), range=120..8594, coefficients shape=(16, 2), sample_weights shape=(16,), zero_neighbor_targets=0
GRAB train batch 3: pair_ids shape=(16,), range=184..10795, coefficients shape=(16, 2), sample_weights shape=(16,), zero_neighbor_targets=0
GRAB train batch 4: pair_ids shape=(16,), range=99..10817, coefficients shape=(16, 2), sample_weights shape=(16,), zero_neighbor_targets=0
GRAB train batch 5: pair_ids shape=(16,), range=106..8671, coefficients shape=(16, 2), sample_weights shape=(16,), zero_neighbor_targets=0
GRAB train batch 6: pair_ids shape=(16,), range=56..8772, coefficients shape=(16, 2), sample_weights shape=(16,), zero_neighbor_targets=0
GRAB train batch 7: pair_ids shape=(16,), range=6..7607, coefficients shape=(16, 2), sample_weights shape=(16,), zero_neighbor_targets=0
GRAB train batch 8: pair_ids shape=(16,), range=47..10590, coefficients shape=(16, 2), sample_weights shape=(16,), zero_neighbor_targets=0
GRAB train batch 9: pair_ids shape=(16,), range=10..10331, coefficients shape=(16, 2), sample_weights shape=(16,), zero_neighbor_targets=0
GRAB train batch 10: pair_ids shape=(16,), range=3..10248, coefficients shape=(16, 2), sample_weights shape=(16,), zero_neighbor_targets=0
GRAB train batch 11: pair_ids shape=(16,), range=125..10404, coefficients shape=(16, 2), sample_weights shape=(16,), zero_neighbor_targets=0
GRAB train batch 12: pair_ids shape=(16,), range=8..7829, coefficients shape=(16, 2), sample_weights shape=(16,), zero_neighbor_targets=0
GRAB train batch 13: pair_ids shape=(16,), range=7..10891, coefficients shape=(16, 2), sample_weights shape=(16,), zero_neighbor_targets=0
GRAB train batch 14: pair_ids shape=(16,), range=27..10435, coefficients shape=(16, 2), sample_weights shape=(16,), zero_neighbor_targets=0
GRAB train batch 15: pair_ids shape=(16,), range=38..8903, coefficients shape=(16, 2), sample_weights shape=(16,), zero_neighbor_targets=0
GRAB train batch 16: pair_ids shape=(16,), range=359..8658, coefficients shape=(16, 2), sample_weights shape=(16,), zero_neighbor_targets=0
GRAB train batch 17: pair_ids shape=(16,), range=41..10627, coefficients shape=(16, 2), sample_weights shape=(16,), zero_neighbor_targets=0
GRAB train batch 18: pair_ids shape=(16,), range=82..9995, coefficients shape=(16, 2), sample_weights shape=(16,), zero_neighbor_targets=0
GRAB train batch 19: pair_ids shape=(16,), range=188..10312, coefficients shape=(16, 2), sample_weights shape=(16,), zero_neighbor_targets=0
GRAB train batch 20: pair_ids shape=(16,), range=140..10987, coefficients shape=(16, 2), sample_weights shape=(16,), zero_neighbor_targets=0
GRAB train batch 21: pair_ids shape=(16,), range=42..10500, coefficients shape=(16, 2), sample_weights shape=(16,), zero_neighbor_targets=0
GRAB train batch 22: pair_ids shape=(16,), range=26..10600, coefficients shape=(16, 2), sample_weights shape=(16,), zero_neighbor_targets=0
GRAB train batch 23: pair_ids shape=(16,), range=122..8745, coefficients shape=(16, 2), sample_weights shape=(16,), zero_neighbor_targets=0
GRAB train batch 24: pair_ids shape=(16,), range=13..9818, coefficients shape=(16, 2), sample_weights shape=(16,), zero_neighbor_targets=0
GRAB train batch 25: pair_ids shape=(16,), range=5..6530, coefficients shape=(16, 2), sample_weights shape=(16,), zero_neighbor_targets=0
GRAB train batch 26: pair_ids shape=(16,), range=121..10685, coefficients shape=(16, 2), sample_weights shape=(16,), zero_neighbor_targets=0
GRAB train batch 27: pair_ids shape=(16,), range=22..10850, coefficients shape=(16, 2), sample_weights shape=(16,), zero_neighbor_targets=0
GRAB train batch 28: pair_ids shape=(16,), range=194..10811, coefficients shape=(16, 2), sample_weights shape=(16,), zero_neighbor_targets=0
GRAB train batch 29: pair_ids shape=(16,), range=21..5007, coefficients shape=(16, 2), sample_weights shape=(16,), zero_neighbor_targets=0
GRAB train batch 30: pair_ids shape=(16,), range=81..10411, coefficients shape=(16, 2), sample_weights shape=(16,), zero_neighbor_targets=0
GRAB train batch 31: pair_ids shape=(16,), range=54..7583, coefficients shape=(16, 2), sample_weights shape=(16,), zero_neighbor_targets=0
GRAB train batch 32: pair_ids shape=(16,), range=284..10384, coefficients shape=(16, 2), sample_weights shape=(16,), zero_neighbor_targets=0
GRAB train batch 33: pair_ids shape=(16,), range=28..10935, coefficients shape=(16, 2), sample_weights shape=(16,), zero_neighbor_targets=0
GRAB train batch 34: pair_ids shape=(16,), range=164..7975, coefficients shape=(16, 2), sample_weights shape=(16,), zero_neighbor_targets=0
GRAB train batch 35: pair_ids shape=(16,), range=216..10522, coefficients shape=(16, 2), sample_weights shape=(16,), zero_neighbor_targets=0
GRAB train batch 36: pair_ids shape=(16,), range=206..8373, coefficients shape=(16, 2), sample_weights shape=(16,), zero_neighbor_targets=0
GRAB train batch 37: pair_ids shape=(16,), range=205..10471, coefficients shape=(16, 2), sample_weights shape=(16,), zero_neighbor_targets=0
GRAB train batch 38: pair_ids shape=(16,), range=130..9608, coefficients shape=(16, 2), sample_weights shape=(16,), zero_neighbor_targets=0
GRAB train batch 39: pair_ids shape=(16,), range=129..10851, coefficients shape=(16, 2), sample_weights shape=(16,), zero_neighbor_targets=0
GRAB train batch 40: pair_ids shape=(16,), range=76..10836, coefficients shape=(16, 2), sample_weights shape=(16,), zero_neighbor_targets=0
GRAB train batch 41: pair_ids shape=(16,), range=68..10453, coefficients shape=(16, 2), sample_weights shape=(16,), zero_neighbor_targets=0
GRAB train batch 42: pair_ids shape=(16,), range=11..8313, coefficients shape=(16, 2), sample_weights shape=(16,), zero_neighbor_targets=0
GRAB train batch 43: pair_ids shape=(16,), range=65..10764, coefficients shape=(16, 2), sample_weights shape=(16,), zero_neighbor_targets=0
GRAB train batch 44: pair_ids shape=(16,), range=19..10728, coefficients shape=(16, 2), sample_weights shape=(16,), zero_neighbor_targets=0
GRAB train batch 45: pair_ids shape=(16,), range=171..7496, coefficients shape=(16, 2), sample_weights shape=(16,), zero_neighbor_targets=0
GRAB train batch 46: pair_ids shape=(16,), range=142..10277, coefficients shape=(16, 2), sample_weights shape=(16,), zero_neighbor_targets=0
GRAB train batch 47: pair_ids shape=(16,), range=24..6596, coefficients shape=(16, 2), sample_weights shape=(16,), zero_neighbor_targets=0
GRAB train batch 48: pair_ids shape=(16,), range=40..10360, coefficients shape=(16, 2), sample_weights shape=(16,), zero_neighbor_targets=0
GRAB train batch 49: pair_ids shape=(16,), range=18..8729, coefficients shape=(16, 2), sample_weights shape=(16,), zero_neighbor_targets=0
GRAB train batch 50: pair_ids shape=(16,), range=29..10009, coefficients shape=(16, 2), sample_weights shape=(16,), zero_neighbor_targets=0
GRAB train batch 51: pair_ids shape=(16,), range=55..7940, coefficients shape=(16, 2), sample_weights shape=(16,), zero_neighbor_targets=0
GRAB train batch 52: pair_ids shape=(16,), range=51..7857, coefficients shape=(16, 2), sample_weights shape=(16,), zero_neighbor_targets=0
GRAB train batch 53: pair_ids shape=(16,), range=20..10170, coefficients shape=(16, 2), sample_weights shape=(16,), zero_neighbor_targets=0
GRAB train batch 54: pair_ids shape=(16,), range=53..9956, coefficients shape=(16, 2), sample_weights shape=(16,), zero_neighbor_targets=0
GRAB train batch 55: pair_ids shape=(16,), range=178..10742, coefficients shape=(16, 2), sample_weights shape=(16,), zero_neighbor_targets=0
GRAB train batch 56: pair_ids shape=(16,), range=35..8915, coefficients shape=(16, 2), sample_weights shape=(16,), zero_neighbor_targets=0
GRAB train batch 57: pair_ids shape=(16,), range=134..10225, coefficients shape=(16, 2), sample_weights shape=(16,), zero_neighbor_targets=0
GRAB train batch 58: pair_ids shape=(16,), range=31..10396, coefficients shape=(16, 2), sample_weights shape=(16,), zero_neighbor_targets=0
GRAB train batch 59: pair_ids shape=(16,), range=147..10994, coefficients shape=(16, 2), sample_weights shape=(16,), zero_neighbor_targets=0
GRAB train batch 60: pair_ids shape=(16,), range=15..7216, coefficients shape=(16, 2), sample_weights shape=(16,), zero_neighbor_targets=0
GRAB train batch 61: pair_ids shape=(16,), range=16..6460, coefficients shape=(16, 2), sample_weights shape=(16,), zero_neighbor_targets=0
GRAB train batch 62: pair_ids shape=(16,), range=23..8563, coefficients shape=(16, 2), sample_weights shape=(16,), zero_neighbor_targets=0
GRAB train batch 63: pair_ids shape=(16,), range=70..9546, coefficients shape=(16, 2), sample_weights shape=(16,), zero_neighbor_targets=0
GRAB train batch 64: pair_ids shape=(16,), range=4..10475, coefficients shape=(16, 2), sample_weights shape=(16,), zero_neighbor_targets=0
GRAB train batch 65: pair_ids shape=(16,), range=46..10984, coefficients shape=(16, 2), sample_weights shape=(16,), zero_neighbor_targets=0
GRAB train batch 66: pair_ids shape=(16,), range=57..8951, coefficients shape=(16, 2), sample_weights shape=(16,), zero_neighbor_targets=0
GRAB train batch 67: pair_ids shape=(16,), range=79..10259, coefficients shape=(16, 2), sample_weights shape=(16,), zero_neighbor_targets=0
GRAB train batch 68: pair_ids shape=(16,), range=108..10800, coefficients shape=(16, 2), sample_weights shape=(16,), zero_neighbor_targets=0
GRAB train batch 69: pair_ids shape=(16,), range=0..10222, coefficients shape=(16, 2), sample_weights shape=(16,), zero_neighbor_targets=0
GRAB train batch 70: pair_ids shape=(16,), range=2..6404, coefficients shape=(16, 2), sample_weights shape=(16,), zero_neighbor_targets=0
GRAB train batch 71: pair_ids shape=(16,), range=97..9914, coefficients shape=(16, 2), sample_weights shape=(16,), zero_neighbor_targets=0
GRAB train batch 72: pair_ids shape=(16,), range=44..10662, coefficients shape=(16, 2), sample_weights shape=(16,), zero_neighbor_targets=0
GRAB train batch 73: pair_ids shape=(16,), range=48..10988, coefficients shape=(16, 2), sample_weights shape=(16,), zero_neighbor_targets=0
GRAB train batch 74: pair_ids shape=(16,), range=33..6666, coefficients shape=(16, 2), sample_weights shape=(16,), zero_neighbor_targets=0
GRAB train batch 75: pair_ids shape=(16,), range=135..8668, coefficients shape=(16, 2), sample_weights shape=(16,), zero_neighbor_targets=0
GRAB train batch 76: pair_ids shape=(16,), range=1..9937, coefficients shape=(16, 2), sample_weights shape=(16,), zero_neighbor_targets=0
GRAB train batch 77: pair_ids shape=(12,), range=354..7369, coefficients shape=(12, 2), sample_weights shape=(12,), zero_neighbor_targets=0
VALIDATION
valid epoch balanced_accuracy: 0.512213
EPOCH 66:
GRAB train batch 1: pair_ids shape=(16,), range=9..7583, coefficients shape=(16, 2), sample_weights shape=(16,), zero_neighbor_targets=0
GRAB train batch 2: pair_ids shape=(16,), range=72..10404, coefficients shape=(16, 2), sample_weights shape=(16,), zero_neighbor_targets=0
GRAB train batch 3: pair_ids shape=(16,), range=25..10987, coefficients shape=(16, 2), sample_weights shape=(16,), zero_neighbor_targets=0
GRAB train batch 4: pair_ids shape=(16,), range=62..10988, coefficients shape=(16, 2), sample_weights shape=(16,), zero_neighbor_targets=0
GRAB train batch 5: pair_ids shape=(16,), range=26..10524, coefficients shape=(16, 2), sample_weights shape=(16,), zero_neighbor_targets=0
GRAB train batch 6: pair_ids shape=(16,), range=184..10850, coefficients shape=(16, 2), sample_weights shape=(16,), zero_neighbor_targets=0
GRAB train batch 7: pair_ids shape=(16,), range=38..6515, coefficients shape=(16, 2), sample_weights shape=(16,), zero_neighbor_targets=0
GRAB train batch 8: pair_ids shape=(16,), range=66..10396, coefficients shape=(16, 2), sample_weights shape=(16,), zero_neighbor_targets=0
GRAB train batch 9: pair_ids shape=(16,), range=75..3940, coefficients shape=(16, 2), sample_weights shape=(16,), zero_neighbor_targets=0
GRAB train batch 10: pair_ids shape=(16,), range=34..7683, coefficients shape=(16, 2), sample_weights shape=(16,), zero_neighbor_targets=0
GRAB train batch 11: pair_ids shape=(16,), range=126..10411, coefficients shape=(16, 2), sample_weights shape=(16,), zero_neighbor_targets=0
GRAB train batch 12: pair_ids shape=(16,), range=2..10627, coefficients shape=(16, 2), sample_weights shape=(16,), zero_neighbor_targets=0
GRAB train batch 13: pair_ids shape=(16,), range=183..10500, coefficients shape=(16, 2), sample_weights shape=(16,), zero_neighbor_targets=0
GRAB train batch 14: pair_ids shape=(16,), range=250..7448, coefficients shape=(16, 2), sample_weights shape=(16,), zero_neighbor_targets=0
GRAB train batch 15: pair_ids shape=(16,), range=44..10473, coefficients shape=(16, 2), sample_weights shape=(16,), zero_neighbor_targets=0
GRAB train batch 16: pair_ids shape=(16,), range=65..10662, coefficients shape=(16, 2), sample_weights shape=(16,), zero_neighbor_targets=0
GRAB train batch 17: pair_ids shape=(16,), range=13..10891, coefficients shape=(16, 2), sample_weights shape=(16,), zero_neighbor_targets=0
GRAB train batch 18: pair_ids shape=(16,), range=106..10299, coefficients shape=(16, 2), sample_weights shape=(16,), zero_neighbor_targets=0
GRAB train batch 19: pair_ids shape=(16,), range=4..10398, coefficients shape=(16, 2), sample_weights shape=(16,), zero_neighbor_targets=0
GRAB train batch 20: pair_ids shape=(16,), range=18..10935, coefficients shape=(16, 2), sample_weights shape=(16,), zero_neighbor_targets=0
GRAB train batch 21: pair_ids shape=(16,), range=11..6666, coefficients shape=(16, 2), sample_weights shape=(16,), zero_neighbor_targets=0
GRAB train batch 22: pair_ids shape=(16,), range=117..7782, coefficients shape=(16, 2), sample_weights shape=(16,), zero_neighbor_targets=0
GRAB train batch 23: pair_ids shape=(16,), range=3..9956, coefficients shape=(16, 2), sample_weights shape=(16,), zero_neighbor_targets=0
GRAB train batch 24: pair_ids shape=(16,), range=160..10817, coefficients shape=(16, 2), sample_weights shape=(16,), zero_neighbor_targets=0
GRAB train batch 25: pair_ids shape=(16,), range=20..10795, coefficients shape=(16, 2), sample_weights shape=(16,), zero_neighbor_targets=0
GRAB train batch 26: pair_ids shape=(16,), range=79..10462, coefficients shape=(16, 2), sample_weights shape=(16,), zero_neighbor_targets=0
GRAB train batch 27: pair_ids shape=(16,), range=99..10851, coefficients shape=(16, 2), sample_weights shape=(16,), zero_neighbor_targets=0
GRAB train batch 28: pair_ids shape=(16,), range=141..10522, coefficients shape=(16, 2), sample_weights shape=(16,), zero_neighbor_targets=0
GRAB train batch 29: pair_ids shape=(16,), range=7..10447, coefficients shape=(16, 2), sample_weights shape=(16,), zero_neighbor_targets=0
GRAB train batch 30: pair_ids shape=(16,), range=105..3942, coefficients shape=(16, 2), sample_weights shape=(16,), zero_neighbor_targets=0
GRAB train batch 31: pair_ids shape=(16,), range=24..4710, coefficients shape=(16, 2), sample_weights shape=(16,), zero_neighbor_targets=0
GRAB train batch 32: pair_ids shape=(16,), range=30..8911, coefficients shape=(16, 2), sample_weights shape=(16,), zero_neighbor_targets=0
GRAB train batch 33: pair_ids shape=(16,), range=17..10222, coefficients shape=(16, 2), sample_weights shape=(16,), zero_neighbor_targets=0
GRAB train batch 34: pair_ids shape=(16,), range=33..10502, coefficients shape=(16, 2), sample_weights shape=(16,), zero_neighbor_targets=0
GRAB train batch 35: pair_ids shape=(16,), range=58..10764, coefficients shape=(16, 2), sample_weights shape=(16,), zero_neighbor_targets=0
GRAB train batch 36: pair_ids shape=(16,), range=28..10475, coefficients shape=(16, 2), sample_weights shape=(16,), zero_neighbor_targets=0
GRAB train batch 37: pair_ids shape=(16,), range=6..10453, coefficients shape=(16, 2), sample_weights shape=(16,), zero_neighbor_targets=0
GRAB train batch 38: pair_ids shape=(16,), range=29..9622, coefficients shape=(16, 2), sample_weights shape=(16,), zero_neighbor_targets=0
GRAB train batch 39: pair_ids shape=(16,), range=70..10360, coefficients shape=(16, 2), sample_weights shape=(16,), zero_neighbor_targets=0
GRAB train batch 40: pair_ids shape=(16,), range=67..8157, coefficients shape=(16, 2), sample_weights shape=(16,), zero_neighbor_targets=0
GRAB train batch 41: pair_ids shape=(16,), range=37..10277, coefficients shape=(16, 2), sample_weights shape=(16,), zero_neighbor_targets=0
GRAB train batch 42: pair_ids shape=(16,), range=63..7385, coefficients shape=(16, 2), sample_weights shape=(16,), zero_neighbor_targets=0
GRAB train batch 43: pair_ids shape=(16,), range=16..9727, coefficients shape=(16, 2), sample_weights shape=(16,), zero_neighbor_targets=0
GRAB train batch 44: pair_ids shape=(16,), range=1..10312, coefficients shape=(16, 2), sample_weights shape=(16,), zero_neighbor_targets=0
GRAB train batch 45: pair_ids shape=(16,), range=137..7346, coefficients shape=(16, 2), sample_weights shape=(16,), zero_neighbor_targets=0
GRAB train batch 46: pair_ids shape=(16,), range=40..10170, coefficients shape=(16, 2), sample_weights shape=(16,), zero_neighbor_targets=0
GRAB train batch 47: pair_ids shape=(16,), range=144..10994, coefficients shape=(16, 2), sample_weights shape=(16,), zero_neighbor_targets=0
GRAB train batch 48: pair_ids shape=(16,), range=180..9818, coefficients shape=(16, 2), sample_weights shape=(16,), zero_neighbor_targets=0
GRAB train batch 49: pair_ids shape=(16,), range=152..10435, coefficients shape=(16, 2), sample_weights shape=(16,), zero_neighbor_targets=0
GRAB train batch 50: pair_ids shape=(16,), range=59..10471, coefficients shape=(16, 2), sample_weights shape=(16,), zero_neighbor_targets=0
GRAB train batch 51: pair_ids shape=(16,), range=46..8876, coefficients shape=(16, 2), sample_weights shape=(16,), zero_neighbor_targets=0
GRAB train batch 52: pair_ids shape=(16,), range=225..10384, coefficients shape=(16, 2), sample_weights shape=(16,), zero_neighbor_targets=0
GRAB train batch 53: pair_ids shape=(16,), range=166..9939, coefficients shape=(16, 2), sample_weights shape=(16,), zero_neighbor_targets=0
GRAB train batch 54: pair_ids shape=(16,), range=51..8051, coefficients shape=(16, 2), sample_weights shape=(16,), zero_neighbor_targets=0
GRAB train batch 55: pair_ids shape=(16,), range=191..10984, coefficients shape=(16, 2), sample_weights shape=(16,), zero_neighbor_targets=0
GRAB train batch 56: pair_ids shape=(16,), range=222..8658, coefficients shape=(16, 2), sample_weights shape=(16,), zero_neighbor_targets=0
GRAB train batch 57: pair_ids shape=(16,), range=14..10600, coefficients shape=(16, 2), sample_weights shape=(16,), zero_neighbor_targets=0
GRAB train batch 58: pair_ids shape=(16,), range=168..8563, coefficients shape=(16, 2), sample_weights shape=(16,), zero_neighbor_targets=0
GRAB train batch 59: pair_ids shape=(16,), range=69..8210, coefficients shape=(16, 2), sample_weights shape=(16,), zero_neighbor_targets=0
GRAB train batch 60: pair_ids shape=(16,), range=135..9892, coefficients shape=(16, 2), sample_weights shape=(16,), zero_neighbor_targets=0
GRAB train batch 61: pair_ids shape=(16,), range=0..9822, coefficients shape=(16, 2), sample_weights shape=(16,), zero_neighbor_targets=0
GRAB train batch 62: pair_ids shape=(16,), range=8..10685, coefficients shape=(16, 2), sample_weights shape=(16,), zero_neighbor_targets=0
GRAB train batch 63: pair_ids shape=(16,), range=45..8224, coefficients shape=(16, 2), sample_weights shape=(16,), zero_neighbor_targets=0
GRAB train batch 64: pair_ids shape=(16,), range=104..10027, coefficients shape=(16, 2), sample_weights shape=(16,), zero_neighbor_targets=0
GRAB train batch 65: pair_ids shape=(16,), range=22..10800, coefficients shape=(16, 2), sample_weights shape=(16,), zero_neighbor_targets=0
GRAB train batch 66: pair_ids shape=(16,), range=5..10374, coefficients shape=(16, 2), sample_weights shape=(16,), zero_neighbor_targets=0
GRAB train batch 67: pair_ids shape=(16,), range=113..9698, coefficients shape=(16, 2), sample_weights shape=(16,), zero_neighbor_targets=0
GRAB train batch 68: pair_ids shape=(16,), range=19..9995, coefficients shape=(16, 2), sample_weights shape=(16,), zero_neighbor_targets=0
GRAB train batch 69: pair_ids shape=(16,), range=82..7497, coefficients shape=(16, 2), sample_weights shape=(16,), zero_neighbor_targets=0
GRAB train batch 70: pair_ids shape=(16,), range=50..10811, coefficients shape=(16, 2), sample_weights shape=(16,), zero_neighbor_targets=0
GRAB train batch 71: pair_ids shape=(16,), range=71..10362, coefficients shape=(16, 2), sample_weights shape=(16,), zero_neighbor_targets=0
GRAB train batch 72: pair_ids shape=(16,), range=32..10772, coefficients shape=(16, 2), sample_weights shape=(16,), zero_neighbor_targets=0
GRAB train batch 73: pair_ids shape=(16,), range=230..8745, coefficients shape=(16, 2), sample_weights shape=(16,), zero_neighbor_targets=0
GRAB train batch 74: pair_ids shape=(16,), range=15..9704, coefficients shape=(16, 2), sample_weights shape=(16,), zero_neighbor_targets=0
GRAB train batch 75: pair_ids shape=(16,), range=41..9954, coefficients shape=(16, 2), sample_weights shape=(16,), zero_neighbor_targets=0
GRAB train batch 76: pair_ids shape=(16,), range=97..10742, coefficients shape=(16, 2), sample_weights shape=(16,), zero_neighbor_targets=0
GRAB train batch 77: pair_ids shape=(12,), range=73..4465, coefficients shape=(12, 2), sample_weights shape=(12,), zero_neighbor_targets=0
VALIDATION
valid epoch balanced_accuracy: 0.494971
EPOCH 67:
GRAB train batch 1: pair_ids shape=(16,), range=50..8594, coefficients shape=(16, 2), sample_weights shape=(16,), zero_neighbor_targets=0
GRAB train batch 2: pair_ids shape=(16,), range=8..7785, coefficients shape=(16, 2), sample_weights shape=(16,), zero_neighbor_targets=0
GRAB train batch 3: pair_ids shape=(16,), range=22..9995, coefficients shape=(16, 2), sample_weights shape=(16,), zero_neighbor_targets=0
GRAB train batch 4: pair_ids shape=(16,), range=10..10393, coefficients shape=(16, 2), sample_weights shape=(16,), zero_neighbor_targets=0
GRAB train batch 5: pair_ids shape=(16,), range=111..10360, coefficients shape=(16, 2), sample_weights shape=(16,), zero_neighbor_targets=0
GRAB train batch 6: pair_ids shape=(16,), range=63..10728, coefficients shape=(16, 2), sample_weights shape=(16,), zero_neighbor_targets=0
GRAB train batch 7: pair_ids shape=(16,), range=97..10772, coefficients shape=(16, 2), sample_weights shape=(16,), zero_neighbor_targets=0
GRAB train batch 8: pair_ids shape=(16,), range=123..7942, coefficients shape=(16, 2), sample_weights shape=(16,), zero_neighbor_targets=0
GRAB train batch 9: pair_ids shape=(16,), range=9..10453, coefficients shape=(16, 2), sample_weights shape=(16,), zero_neighbor_targets=0
GRAB train batch 10: pair_ids shape=(16,), range=12..6809, coefficients shape=(16, 2), sample_weights shape=(16,), zero_neighbor_targets=0
GRAB train batch 11: pair_ids shape=(16,), range=40..10027, coefficients shape=(16, 2), sample_weights shape=(16,), zero_neighbor_targets=0
GRAB train batch 12: pair_ids shape=(16,), range=15..10462, coefficients shape=(16, 2), sample_weights shape=(16,), zero_neighbor_targets=0
GRAB train batch 13: pair_ids shape=(16,), range=36..9913, coefficients shape=(16, 2), sample_weights shape=(16,), zero_neighbor_targets=0
GRAB train batch 14: pair_ids shape=(16,), range=88..9840, coefficients shape=(16, 2), sample_weights shape=(16,), zero_neighbor_targets=0
GRAB train batch 15: pair_ids shape=(16,), range=13..9608, coefficients shape=(16, 2), sample_weights shape=(16,), zero_neighbor_targets=0
GRAB train batch 16: pair_ids shape=(16,), range=14..10987, coefficients shape=(16, 2), sample_weights shape=(16,), zero_neighbor_targets=0
GRAB train batch 17: pair_ids shape=(16,), range=84..10500, coefficients shape=(16, 2), sample_weights shape=(16,), zero_neighbor_targets=0
GRAB train batch 18: pair_ids shape=(16,), range=1..5634, coefficients shape=(16, 2), sample_weights shape=(16,), zero_neighbor_targets=0
GRAB train batch 19: pair_ids shape=(16,), range=37..9696, coefficients shape=(16, 2), sample_weights shape=(16,), zero_neighbor_targets=0
GRAB train batch 20: pair_ids shape=(16,), range=74..8051, coefficients shape=(16, 2), sample_weights shape=(16,), zero_neighbor_targets=0
GRAB train batch 21: pair_ids shape=(16,), range=48..10411, coefficients shape=(16, 2), sample_weights shape=(16,), zero_neighbor_targets=0
GRAB train batch 22: pair_ids shape=(16,), range=99..10398, coefficients shape=(16, 2), sample_weights shape=(16,), zero_neighbor_targets=0
GRAB train batch 23: pair_ids shape=(16,), range=16..8590, coefficients shape=(16, 2), sample_weights shape=(16,), zero_neighbor_targets=0
GRAB train batch 24: pair_ids shape=(16,), range=200..10764, coefficients shape=(16, 2), sample_weights shape=(16,), zero_neighbor_targets=0
GRAB train batch 25: pair_ids shape=(16,), range=35..6254, coefficients shape=(16, 2), sample_weights shape=(16,), zero_neighbor_targets=0
GRAB train batch 26: pair_ids shape=(16,), range=367..10222, coefficients shape=(16, 2), sample_weights shape=(16,), zero_neighbor_targets=0
GRAB train batch 27: pair_ids shape=(16,), range=305..10851, coefficients shape=(16, 2), sample_weights shape=(16,), zero_neighbor_targets=0
GRAB train batch 28: pair_ids shape=(16,), range=26..10590, coefficients shape=(16, 2), sample_weights shape=(16,), zero_neighbor_targets=0
GRAB train batch 29: pair_ids shape=(16,), range=34..10471, coefficients shape=(16, 2), sample_weights shape=(16,), zero_neighbor_targets=0
GRAB train batch 30: pair_ids shape=(16,), range=0..7937, coefficients shape=(16, 2), sample_weights shape=(16,), zero_neighbor_targets=0
GRAB train batch 31: pair_ids shape=(16,), range=81..10891, coefficients shape=(16, 2), sample_weights shape=(16,), zero_neighbor_targets=0
GRAB train batch 32: pair_ids shape=(16,), range=183..10299, coefficients shape=(16, 2), sample_weights shape=(16,), zero_neighbor_targets=0
GRAB train batch 33: pair_ids shape=(16,), range=176..9937, coefficients shape=(16, 2), sample_weights shape=(16,), zero_neighbor_targets=0
GRAB train batch 34: pair_ids shape=(16,), range=42..9892, coefficients shape=(16, 2), sample_weights shape=(16,), zero_neighbor_targets=0
GRAB train batch 35: pair_ids shape=(16,), range=30..6605, coefficients shape=(16, 2), sample_weights shape=(16,), zero_neighbor_targets=0
GRAB train batch 36: pair_ids shape=(16,), range=43..9956, coefficients shape=(16, 2), sample_weights shape=(16,), zero_neighbor_targets=0
GRAB train batch 37: pair_ids shape=(16,), range=95..10170, coefficients shape=(16, 2), sample_weights shape=(16,), zero_neighbor_targets=0
GRAB train batch 38: pair_ids shape=(16,), range=45..7872, coefficients shape=(16, 2), sample_weights shape=(16,), zero_neighbor_targets=0
GRAB train batch 39: pair_ids shape=(16,), range=218..10384, coefficients shape=(16, 2), sample_weights shape=(16,), zero_neighbor_targets=0
GRAB train batch 40: pair_ids shape=(16,), range=54..10836, coefficients shape=(16, 2), sample_weights shape=(16,), zero_neighbor_targets=0
GRAB train batch 41: pair_ids shape=(16,), range=11..5335, coefficients shape=(16, 2), sample_weights shape=(16,), zero_neighbor_targets=0
GRAB train batch 42: pair_ids shape=(16,), range=87..10662, coefficients shape=(16, 2), sample_weights shape=(16,), zero_neighbor_targets=0
GRAB train batch 43: pair_ids shape=(16,), range=58..6709, coefficients shape=(16, 2), sample_weights shape=(16,), zero_neighbor_targets=0
GRAB train batch 44: pair_ids shape=(16,), range=68..10473, coefficients shape=(16, 2), sample_weights shape=(16,), zero_neighbor_targets=0
GRAB train batch 45: pair_ids shape=(16,), range=3..9546, coefficients shape=(16, 2), sample_weights shape=(16,), zero_neighbor_targets=0
GRAB train batch 46: pair_ids shape=(16,), range=80..7782, coefficients shape=(16, 2), sample_weights shape=(16,), zero_neighbor_targets=0
GRAB train batch 47: pair_ids shape=(16,), range=18..10994, coefficients shape=(16, 2), sample_weights shape=(16,), zero_neighbor_targets=0
GRAB train batch 48: pair_ids shape=(16,), range=4..10795, coefficients shape=(16, 2), sample_weights shape=(16,), zero_neighbor_targets=0
GRAB train batch 49: pair_ids shape=(16,), range=65..9939, coefficients shape=(16, 2), sample_weights shape=(16,), zero_neighbor_targets=0
GRAB train batch 50: pair_ids shape=(16,), range=60..10984, coefficients shape=(16, 2), sample_weights shape=(16,), zero_neighbor_targets=0
GRAB train batch 51: pair_ids shape=(16,), range=31..10850, coefficients shape=(16, 2), sample_weights shape=(16,), zero_neighbor_targets=0
GRAB train batch 52: pair_ids shape=(16,), range=107..10374, coefficients shape=(16, 2), sample_weights shape=(16,), zero_neighbor_targets=0
GRAB train batch 53: pair_ids shape=(16,), range=24..9622, coefficients shape=(16, 2), sample_weights shape=(16,), zero_neighbor_targets=0
GRAB train batch 54: pair_ids shape=(16,), range=6..7510, coefficients shape=(16, 2), sample_weights shape=(16,), zero_neighbor_targets=0
GRAB train batch 55: pair_ids shape=(16,), range=98..10524, coefficients shape=(16, 2), sample_weights shape=(16,), zero_neighbor_targets=0
GRAB train batch 56: pair_ids shape=(16,), range=172..9598, coefficients shape=(16, 2), sample_weights shape=(16,), zero_neighbor_targets=0
GRAB train batch 57: pair_ids shape=(16,), range=75..7213, coefficients shape=(16, 2), sample_weights shape=(16,), zero_neighbor_targets=0
GRAB train batch 58: pair_ids shape=(16,), range=32..10685, coefficients shape=(16, 2), sample_weights shape=(16,), zero_neighbor_targets=0
GRAB train batch 59: pair_ids shape=(16,), range=25..10935, coefficients shape=(16, 2), sample_weights shape=(16,), zero_neighbor_targets=0
GRAB train batch 60: pair_ids shape=(16,), range=101..10009, coefficients shape=(16, 2), sample_weights shape=(16,), zero_neighbor_targets=0
GRAB train batch 61: pair_ids shape=(16,), range=27..10435, coefficients shape=(16, 2), sample_weights shape=(16,), zero_neighbor_targets=0
GRAB train batch 62: pair_ids shape=(16,), range=139..9795, coefficients shape=(16, 2), sample_weights shape=(16,), zero_neighbor_targets=0
GRAB train batch 63: pair_ids shape=(16,), range=142..8233, coefficients shape=(16, 2), sample_weights shape=(16,), zero_neighbor_targets=0
GRAB train batch 64: pair_ids shape=(16,), range=41..10742, coefficients shape=(16, 2), sample_weights shape=(16,), zero_neighbor_targets=0
GRAB train batch 65: pair_ids shape=(16,), range=150..10800, coefficients shape=(16, 2), sample_weights shape=(16,), zero_neighbor_targets=0
GRAB train batch 66: pair_ids shape=(16,), range=304..10362, coefficients shape=(16, 2), sample_weights shape=(16,), zero_neighbor_targets=0
GRAB train batch 67: pair_ids shape=(16,), range=33..7216, coefficients shape=(16, 2), sample_weights shape=(16,), zero_neighbor_targets=0
GRAB train batch 68: pair_ids shape=(16,), range=49..8729, coefficients shape=(16, 2), sample_weights shape=(16,), zero_neighbor_targets=0
GRAB train batch 69: pair_ids shape=(16,), range=5..7278, coefficients shape=(16, 2), sample_weights shape=(16,), zero_neighbor_targets=0
GRAB train batch 70: pair_ids shape=(16,), range=64..8313, coefficients shape=(16, 2), sample_weights shape=(16,), zero_neighbor_targets=0
GRAB train batch 71: pair_ids shape=(16,), range=83..10225, coefficients shape=(16, 2), sample_weights shape=(16,), zero_neighbor_targets=0
GRAB train batch 72: pair_ids shape=(16,), range=23..10259, coefficients shape=(16, 2), sample_weights shape=(16,), zero_neighbor_targets=0
GRAB train batch 73: pair_ids shape=(16,), range=2..10988, coefficients shape=(16, 2), sample_weights shape=(16,), zero_neighbor_targets=0
GRAB train batch 74: pair_ids shape=(16,), range=62..8658, coefficients shape=(16, 2), sample_weights shape=(16,), zero_neighbor_targets=0
GRAB train batch 75: pair_ids shape=(16,), range=56..7284, coefficients shape=(16, 2), sample_weights shape=(16,), zero_neighbor_targets=0
GRAB train batch 76: pair_ids shape=(16,), range=236..10817, coefficients shape=(16, 2), sample_weights shape=(16,), zero_neighbor_targets=0
GRAB train batch 77: pair_ids shape=(12,), range=225..8521, coefficients shape=(12, 2), sample_weights shape=(12,), zero_neighbor_targets=0
VALIDATION
valid epoch balanced_accuracy: 0.470546
EPOCH 68:
GRAB train batch 1: pair_ids shape=(16,), range=124..10500, coefficients shape=(16, 2), sample_weights shape=(16,), zero_neighbor_targets=0
GRAB train batch 2: pair_ids shape=(16,), range=8..10404, coefficients shape=(16, 2), sample_weights shape=(16,), zero_neighbor_targets=0
GRAB train batch 3: pair_ids shape=(16,), range=32..9795, coefficients shape=(16, 2), sample_weights shape=(16,), zero_neighbor_targets=0
GRAB train batch 4: pair_ids shape=(16,), range=21..10027, coefficients shape=(16, 2), sample_weights shape=(16,), zero_neighbor_targets=0
GRAB train batch 5: pair_ids shape=(16,), range=75..10800, coefficients shape=(16, 2), sample_weights shape=(16,), zero_neighbor_targets=0
GRAB train batch 6: pair_ids shape=(16,), range=58..6274, coefficients shape=(16, 2), sample_weights shape=(16,), zero_neighbor_targets=0
GRAB train batch 7: pair_ids shape=(16,), range=35..7683, coefficients shape=(16, 2), sample_weights shape=(16,), zero_neighbor_targets=0
GRAB train batch 8: pair_ids shape=(16,), range=2..7913, coefficients shape=(16, 2), sample_weights shape=(16,), zero_neighbor_targets=0
GRAB train batch 9: pair_ids shape=(16,), range=15..10435, coefficients shape=(16, 2), sample_weights shape=(16,), zero_neighbor_targets=0
GRAB train batch 10: pair_ids shape=(16,), range=105..9818, coefficients shape=(16, 2), sample_weights shape=(16,), zero_neighbor_targets=0
GRAB train batch 11: pair_ids shape=(16,), range=174..10685, coefficients shape=(16, 2), sample_weights shape=(16,), zero_neighbor_targets=0
GRAB train batch 12: pair_ids shape=(16,), range=154..6013, coefficients shape=(16, 2), sample_weights shape=(16,), zero_neighbor_targets=0
GRAB train batch 13: pair_ids shape=(16,), range=64..10987, coefficients shape=(16, 2), sample_weights shape=(16,), zero_neighbor_targets=0
GRAB train batch 14: pair_ids shape=(16,), range=143..10850, coefficients shape=(16, 2), sample_weights shape=(16,), zero_neighbor_targets=0
GRAB train batch 15: pair_ids shape=(16,), range=206..9622, coefficients shape=(16, 2), sample_weights shape=(16,), zero_neighbor_targets=0
GRAB train batch 16: pair_ids shape=(16,), range=80..7815, coefficients shape=(16, 2), sample_weights shape=(16,), zero_neighbor_targets=0
GRAB train batch 17: pair_ids shape=(16,), range=6..10836, coefficients shape=(16, 2), sample_weights shape=(16,), zero_neighbor_targets=0
GRAB train batch 18: pair_ids shape=(16,), range=36..10772, coefficients shape=(16, 2), sample_weights shape=(16,), zero_neighbor_targets=0
GRAB train batch 19: pair_ids shape=(16,), range=135..10205, coefficients shape=(16, 2), sample_weights shape=(16,), zero_neighbor_targets=0
GRAB train batch 20: pair_ids shape=(16,), range=47..10795, coefficients shape=(16, 2), sample_weights shape=(16,), zero_neighbor_targets=0
GRAB train batch 21: pair_ids shape=(16,), range=7..9939, coefficients shape=(16, 2), sample_weights shape=(16,), zero_neighbor_targets=0
GRAB train batch 22: pair_ids shape=(16,), range=40..10471, coefficients shape=(16, 2), sample_weights shape=(16,), zero_neighbor_targets=0
GRAB train batch 23: pair_ids shape=(16,), range=170..6522, coefficients shape=(16, 2), sample_weights shape=(16,), zero_neighbor_targets=0
GRAB train batch 24: pair_ids shape=(16,), range=151..7795, coefficients shape=(16, 2), sample_weights shape=(16,), zero_neighbor_targets=0
GRAB train batch 25: pair_ids shape=(16,), range=96..8594, coefficients shape=(16, 2), sample_weights shape=(16,), zero_neighbor_targets=0
GRAB train batch 26: pair_ids shape=(16,), range=49..10299, coefficients shape=(16, 2), sample_weights shape=(16,), zero_neighbor_targets=0
GRAB train batch 27: pair_ids shape=(16,), range=87..10851, coefficients shape=(16, 2), sample_weights shape=(16,), zero_neighbor_targets=0
GRAB train batch 28: pair_ids shape=(16,), range=225..10473, coefficients shape=(16, 2), sample_weights shape=(16,), zero_neighbor_targets=0
GRAB train batch 29: pair_ids shape=(16,), range=30..10259, coefficients shape=(16, 2), sample_weights shape=(16,), zero_neighbor_targets=0
GRAB train batch 30: pair_ids shape=(16,), range=173..10817, coefficients shape=(16, 2), sample_weights shape=(16,), zero_neighbor_targets=0
GRAB train batch 31: pair_ids shape=(16,), range=27..8491, coefficients shape=(16, 2), sample_weights shape=(16,), zero_neighbor_targets=0
GRAB train batch 32: pair_ids shape=(16,), range=42..9608, coefficients shape=(16, 2), sample_weights shape=(16,), zero_neighbor_targets=0
GRAB train batch 33: pair_ids shape=(16,), range=426..9913, coefficients shape=(16, 2), sample_weights shape=(16,), zero_neighbor_targets=0
GRAB train batch 34: pair_ids shape=(16,), range=34..8731, coefficients shape=(16, 2), sample_weights shape=(16,), zero_neighbor_targets=0
GRAB train batch 35: pair_ids shape=(16,), range=46..10009, coefficients shape=(16, 2), sample_weights shape=(16,), zero_neighbor_targets=0
GRAB train batch 36: pair_ids shape=(16,), range=12..10891, coefficients shape=(16, 2), sample_weights shape=(16,), zero_neighbor_targets=0
GRAB train batch 37: pair_ids shape=(16,), range=4..10447, coefficients shape=(16, 2), sample_weights shape=(16,), zero_neighbor_targets=0
GRAB train batch 38: pair_ids shape=(16,), range=41..9887, coefficients shape=(16, 2), sample_weights shape=(16,), zero_neighbor_targets=0
GRAB train batch 39: pair_ids shape=(16,), range=112..9704, coefficients shape=(16, 2), sample_weights shape=(16,), zero_neighbor_targets=0
GRAB train batch 40: pair_ids shape=(16,), range=109..10627, coefficients shape=(16, 2), sample_weights shape=(16,), zero_neighbor_targets=0
GRAB train batch 41: pair_ids shape=(16,), range=141..6176, coefficients shape=(16, 2), sample_weights shape=(16,), zero_neighbor_targets=0
GRAB train batch 42: pair_ids shape=(16,), range=38..10393, coefficients shape=(16, 2), sample_weights shape=(16,), zero_neighbor_targets=0
GRAB train batch 43: pair_ids shape=(16,), range=0..10522, coefficients shape=(16, 2), sample_weights shape=(16,), zero_neighbor_targets=0
GRAB train batch 44: pair_ids shape=(16,), range=85..10728, coefficients shape=(16, 2), sample_weights shape=(16,), zero_neighbor_targets=0
GRAB train batch 45: pair_ids shape=(16,), range=184..7607, coefficients shape=(16, 2), sample_weights shape=(16,), zero_neighbor_targets=0
GRAB train batch 46: pair_ids shape=(16,), range=50..8772, coefficients shape=(16, 2), sample_weights shape=(16,), zero_neighbor_targets=0
GRAB train batch 47: pair_ids shape=(16,), range=20..5759, coefficients shape=(16, 2), sample_weights shape=(16,), zero_neighbor_targets=0
GRAB train batch 48: pair_ids shape=(16,), range=22..9822, coefficients shape=(16, 2), sample_weights shape=(16,), zero_neighbor_targets=0
GRAB train batch 49: pair_ids shape=(16,), range=116..9914, coefficients shape=(16, 2), sample_weights shape=(16,), zero_neighbor_targets=0
GRAB train batch 50: pair_ids shape=(16,), range=92..8210, coefficients shape=(16, 2), sample_weights shape=(16,), zero_neighbor_targets=0
GRAB train batch 51: pair_ids shape=(16,), range=31..10170, coefficients shape=(16, 2), sample_weights shape=(16,), zero_neighbor_targets=0
GRAB train batch 52: pair_ids shape=(16,), range=212..10984, coefficients shape=(16, 2), sample_weights shape=(16,), zero_neighbor_targets=0
GRAB train batch 53: pair_ids shape=(16,), range=44..7798, coefficients shape=(16, 2), sample_weights shape=(16,), zero_neighbor_targets=0
GRAB train batch 54: pair_ids shape=(16,), range=10..9954, coefficients shape=(16, 2), sample_weights shape=(16,), zero_neighbor_targets=0
GRAB train batch 55: pair_ids shape=(16,), range=82..10662, coefficients shape=(16, 2), sample_weights shape=(16,), zero_neighbor_targets=0
GRAB train batch 56: pair_ids shape=(16,), range=66..8051, coefficients shape=(16, 2), sample_weights shape=(16,), zero_neighbor_targets=0
GRAB train batch 57: pair_ids shape=(16,), range=3..10312, coefficients shape=(16, 2), sample_weights shape=(16,), zero_neighbor_targets=0
GRAB train batch 58: pair_ids shape=(16,), range=108..7975, coefficients shape=(16, 2), sample_weights shape=(16,), zero_neighbor_targets=0
GRAB train batch 59: pair_ids shape=(16,), range=29..10742, coefficients shape=(16, 2), sample_weights shape=(16,), zero_neighbor_targets=0
GRAB train batch 60: pair_ids shape=(16,), range=204..10988, coefficients shape=(16, 2), sample_weights shape=(16,), zero_neighbor_targets=0
GRAB train batch 61: pair_ids shape=(16,), range=61..10331, coefficients shape=(16, 2), sample_weights shape=(16,), zero_neighbor_targets=0
GRAB train batch 62: pair_ids shape=(16,), range=71..10764, coefficients shape=(16, 2), sample_weights shape=(16,), zero_neighbor_targets=0
GRAB train batch 63: pair_ids shape=(16,), range=51..6404, coefficients shape=(16, 2), sample_weights shape=(16,), zero_neighbor_targets=0
GRAB train batch 64: pair_ids shape=(16,), range=25..10227, coefficients shape=(16, 2), sample_weights shape=(16,), zero_neighbor_targets=0
GRAB train batch 65: pair_ids shape=(16,), range=11..10524, coefficients shape=(16, 2), sample_weights shape=(16,), zero_neighbor_targets=0
GRAB train batch 66: pair_ids shape=(16,), range=54..10935, coefficients shape=(16, 2), sample_weights shape=(16,), zero_neighbor_targets=0
GRAB train batch 67: pair_ids shape=(16,), range=16..8729, coefficients shape=(16, 2), sample_weights shape=(16,), zero_neighbor_targets=0
GRAB train batch 68: pair_ids shape=(16,), range=62..10222, coefficients shape=(16, 2), sample_weights shape=(16,), zero_neighbor_targets=0
GRAB train batch 69: pair_ids shape=(16,), range=5..6639, coefficients shape=(16, 2), sample_weights shape=(16,), zero_neighbor_targets=0
GRAB train batch 70: pair_ids shape=(16,), range=115..8841, coefficients shape=(16, 2), sample_weights shape=(16,), zero_neighbor_targets=0
GRAB train batch 71: pair_ids shape=(16,), range=13..8671, coefficients shape=(16, 2), sample_weights shape=(16,), zero_neighbor_targets=0
GRAB train batch 72: pair_ids shape=(16,), range=24..10537, coefficients shape=(16, 2), sample_weights shape=(16,), zero_neighbor_targets=0
GRAB train batch 73: pair_ids shape=(16,), range=17..10502, coefficients shape=(16, 2), sample_weights shape=(16,), zero_neighbor_targets=0
GRAB train batch 74: pair_ids shape=(16,), range=14..8370, coefficients shape=(16, 2), sample_weights shape=(16,), zero_neighbor_targets=0
GRAB train batch 75: pair_ids shape=(16,), range=18..10277, coefficients shape=(16, 2), sample_weights shape=(16,), zero_neighbor_targets=0
GRAB train batch 76: pair_ids shape=(16,), range=9..10994, coefficients shape=(16, 2), sample_weights shape=(16,), zero_neighbor_targets=0
GRAB train batch 77: pair_ids shape=(12,), range=1..8168, coefficients shape=(12, 2), sample_weights shape=(12,), zero_neighbor_targets=0
VALIDATION
valid epoch balanced_accuracy: 0.543822
EPOCH 69:
GRAB train batch 1: pair_ids shape=(16,), range=117..7338, coefficients shape=(16, 2), sample_weights shape=(16,), zero_neighbor_targets=0
GRAB train batch 2: pair_ids shape=(16,), range=28..10435, coefficients shape=(16, 2), sample_weights shape=(16,), zero_neighbor_targets=0
GRAB train batch 3: pair_ids shape=(16,), range=56..9818, coefficients shape=(16, 2), sample_weights shape=(16,), zero_neighbor_targets=0
GRAB train batch 4: pair_ids shape=(16,), range=23..10600, coefficients shape=(16, 2), sample_weights shape=(16,), zero_neighbor_targets=0
GRAB train batch 5: pair_ids shape=(16,), range=63..10404, coefficients shape=(16, 2), sample_weights shape=(16,), zero_neighbor_targets=0
GRAB train batch 6: pair_ids shape=(16,), range=15..10222, coefficients shape=(16, 2), sample_weights shape=(16,), zero_neighbor_targets=0
GRAB train batch 7: pair_ids shape=(16,), range=13..8772, coefficients shape=(16, 2), sample_weights shape=(16,), zero_neighbor_targets=0
GRAB train batch 8: pair_ids shape=(16,), range=46..10447, coefficients shape=(16, 2), sample_weights shape=(16,), zero_neighbor_targets=0
GRAB train batch 9: pair_ids shape=(16,), range=14..10462, coefficients shape=(16, 2), sample_weights shape=(16,), zero_neighbor_targets=0
GRAB train batch 10: pair_ids shape=(16,), range=114..7252, coefficients shape=(16, 2), sample_weights shape=(16,), zero_neighbor_targets=0
GRAB train batch 11: pair_ids shape=(16,), range=9..7607, coefficients shape=(16, 2), sample_weights shape=(16,), zero_neighbor_targets=0
GRAB train batch 12: pair_ids shape=(16,), range=38..8363, coefficients shape=(16, 2), sample_weights shape=(16,), zero_neighbor_targets=0
GRAB train batch 13: pair_ids shape=(16,), range=49..8678, coefficients shape=(16, 2), sample_weights shape=(16,), zero_neighbor_targets=0
GRAB train batch 14: pair_ids shape=(16,), range=72..10994, coefficients shape=(16, 2), sample_weights shape=(16,), zero_neighbor_targets=0
GRAB train batch 15: pair_ids shape=(16,), range=118..10393, coefficients shape=(16, 2), sample_weights shape=(16,), zero_neighbor_targets=0
GRAB train batch 16: pair_ids shape=(16,), range=18..8563, coefficients shape=(16, 2), sample_weights shape=(16,), zero_neighbor_targets=0
GRAB train batch 17: pair_ids shape=(16,), range=62..7795, coefficients shape=(16, 2), sample_weights shape=(16,), zero_neighbor_targets=0
GRAB train batch 18: pair_ids shape=(16,), range=161..7872, coefficients shape=(16, 2), sample_weights shape=(16,), zero_neighbor_targets=0
GRAB train batch 19: pair_ids shape=(16,), range=40..10984, coefficients shape=(16, 2), sample_weights shape=(16,), zero_neighbor_targets=0
GRAB train batch 20: pair_ids shape=(16,), range=6..8739, coefficients shape=(16, 2), sample_weights shape=(16,), zero_neighbor_targets=0
GRAB train batch 21: pair_ids shape=(16,), range=94..7879, coefficients shape=(16, 2), sample_weights shape=(16,), zero_neighbor_targets=0
GRAB train batch 22: pair_ids shape=(16,), range=12..5967, coefficients shape=(16, 2), sample_weights shape=(16,), zero_neighbor_targets=0
GRAB train batch 23: pair_ids shape=(16,), range=128..8310, coefficients shape=(16, 2), sample_weights shape=(16,), zero_neighbor_targets=0
GRAB train batch 24: pair_ids shape=(16,), range=84..7216, coefficients shape=(16, 2), sample_weights shape=(16,), zero_neighbor_targets=0
GRAB train batch 25: pair_ids shape=(16,), range=70..10811, coefficients shape=(16, 2), sample_weights shape=(16,), zero_neighbor_targets=0
GRAB train batch 26: pair_ids shape=(16,), range=35..9598, coefficients shape=(16, 2), sample_weights shape=(16,), zero_neighbor_targets=0
GRAB train batch 27: pair_ids shape=(16,), range=65..10009, coefficients shape=(16, 2), sample_weights shape=(16,), zero_neighbor_targets=0
GRAB train batch 28: pair_ids shape=(16,), range=52..10850, coefficients shape=(16, 2), sample_weights shape=(16,), zero_neighbor_targets=0
GRAB train batch 29: pair_ids shape=(16,), range=32..10205, coefficients shape=(16, 2), sample_weights shape=(16,), zero_neighbor_targets=0
GRAB train batch 30: pair_ids shape=(16,), range=19..10685, coefficients shape=(16, 2), sample_weights shape=(16,), zero_neighbor_targets=0
GRAB train batch 31: pair_ids shape=(16,), range=2..10524, coefficients shape=(16, 2), sample_weights shape=(16,), zero_neighbor_targets=0
GRAB train batch 32: pair_ids shape=(16,), range=60..10851, coefficients shape=(16, 2), sample_weights shape=(16,), zero_neighbor_targets=0
GRAB train batch 33: pair_ids shape=(16,), range=11..9937, coefficients shape=(16, 2), sample_weights shape=(16,), zero_neighbor_targets=0
GRAB train batch 34: pair_ids shape=(16,), range=17..10362, coefficients shape=(16, 2), sample_weights shape=(16,), zero_neighbor_targets=0
GRAB train batch 35: pair_ids shape=(16,), range=0..10299, coefficients shape=(16, 2), sample_weights shape=(16,), zero_neighbor_targets=0
GRAB train batch 36: pair_ids shape=(16,), range=198..8671, coefficients shape=(16, 2), sample_weights shape=(16,), zero_neighbor_targets=0
GRAB train batch 37: pair_ids shape=(16,), range=143..10259, coefficients shape=(16, 2), sample_weights shape=(16,), zero_neighbor_targets=0
GRAB train batch 38: pair_ids shape=(16,), range=44..10817, coefficients shape=(16, 2), sample_weights shape=(16,), zero_neighbor_targets=0
GRAB train batch 39: pair_ids shape=(16,), range=96..10384, coefficients shape=(16, 2), sample_weights shape=(16,), zero_neighbor_targets=0
GRAB train batch 40: pair_ids shape=(16,), range=37..10500, coefficients shape=(16, 2), sample_weights shape=(16,), zero_neighbor_targets=0
GRAB train batch 41: pair_ids shape=(16,), range=22..9840, coefficients shape=(16, 2), sample_weights shape=(16,), zero_neighbor_targets=0
GRAB train batch 42: pair_ids shape=(16,), range=120..10772, coefficients shape=(16, 2), sample_weights shape=(16,), zero_neighbor_targets=0
GRAB train batch 43: pair_ids shape=(16,), range=59..6124, coefficients shape=(16, 2), sample_weights shape=(16,), zero_neighbor_targets=0
GRAB train batch 44: pair_ids shape=(16,), range=76..10627, coefficients shape=(16, 2), sample_weights shape=(16,), zero_neighbor_targets=0
GRAB train batch 45: pair_ids shape=(16,), range=51..9913, coefficients shape=(16, 2), sample_weights shape=(16,), zero_neighbor_targets=0
GRAB train batch 46: pair_ids shape=(16,), range=48..10537, coefficients shape=(16, 2), sample_weights shape=(16,), zero_neighbor_targets=0
GRAB train batch 47: pair_ids shape=(16,), range=16..10374, coefficients shape=(16, 2), sample_weights shape=(16,), zero_neighbor_targets=0
GRAB train batch 48: pair_ids shape=(16,), range=7..5386, coefficients shape=(16, 2), sample_weights shape=(16,), zero_neighbor_targets=0
GRAB train batch 49: pair_ids shape=(16,), range=55..8491, coefficients shape=(16, 2), sample_weights shape=(16,), zero_neighbor_targets=0
GRAB train batch 50: pair_ids shape=(16,), range=235..10170, coefficients shape=(16, 2), sample_weights shape=(16,), zero_neighbor_targets=0
GRAB train batch 51: pair_ids shape=(16,), range=103..9739, coefficients shape=(16, 2), sample_weights shape=(16,), zero_neighbor_targets=0
GRAB train batch 52: pair_ids shape=(16,), range=101..10764, coefficients shape=(16, 2), sample_weights shape=(16,), zero_neighbor_targets=0
GRAB train batch 53: pair_ids shape=(16,), range=106..10398, coefficients shape=(16, 2), sample_weights shape=(16,), zero_neighbor_targets=0
GRAB train batch 54: pair_ids shape=(16,), range=25..10411, coefficients shape=(16, 2), sample_weights shape=(16,), zero_neighbor_targets=0
GRAB train batch 55: pair_ids shape=(16,), range=36..10935, coefficients shape=(16, 2), sample_weights shape=(16,), zero_neighbor_targets=0
GRAB train batch 56: pair_ids shape=(16,), range=123..10264, coefficients shape=(16, 2), sample_weights shape=(16,), zero_neighbor_targets=0
GRAB train batch 57: pair_ids shape=(16,), range=1..8951, coefficients shape=(16, 2), sample_weights shape=(16,), zero_neighbor_targets=0
GRAB train batch 58: pair_ids shape=(16,), range=39..8521, coefficients shape=(16, 2), sample_weights shape=(16,), zero_neighbor_targets=0
GRAB train batch 59: pair_ids shape=(16,), range=26..9956, coefficients shape=(16, 2), sample_weights shape=(16,), zero_neighbor_targets=0
GRAB train batch 60: pair_ids shape=(16,), range=20..9727, coefficients shape=(16, 2), sample_weights shape=(16,), zero_neighbor_targets=0
GRAB train batch 61: pair_ids shape=(16,), range=58..8370, coefficients shape=(16, 2), sample_weights shape=(16,), zero_neighbor_targets=0
GRAB train batch 62: pair_ids shape=(16,), range=237..10891, coefficients shape=(16, 2), sample_weights shape=(16,), zero_neighbor_targets=0
GRAB train batch 63: pair_ids shape=(16,), range=303..10522, coefficients shape=(16, 2), sample_weights shape=(16,), zero_neighbor_targets=0
GRAB train batch 64: pair_ids shape=(16,), range=137..8051, coefficients shape=(16, 2), sample_weights shape=(16,), zero_neighbor_targets=0
GRAB train batch 65: pair_ids shape=(16,), range=109..8594, coefficients shape=(16, 2), sample_weights shape=(16,), zero_neighbor_targets=0
GRAB train batch 66: pair_ids shape=(16,), range=21..10331, coefficients shape=(16, 2), sample_weights shape=(16,), zero_neighbor_targets=0
GRAB train batch 67: pair_ids shape=(16,), range=397..8590, coefficients shape=(16, 2), sample_weights shape=(16,), zero_neighbor_targets=0
GRAB train batch 68: pair_ids shape=(16,), range=10..10360, coefficients shape=(16, 2), sample_weights shape=(16,), zero_neighbor_targets=0
GRAB train batch 69: pair_ids shape=(16,), range=80..7937, coefficients shape=(16, 2), sample_weights shape=(16,), zero_neighbor_targets=0
GRAB train batch 70: pair_ids shape=(16,), range=5..8510, coefficients shape=(16, 2), sample_weights shape=(16,), zero_neighbor_targets=0
GRAB train batch 71: pair_ids shape=(16,), range=47..10453, coefficients shape=(16, 2), sample_weights shape=(16,), zero_neighbor_targets=0
GRAB train batch 72: pair_ids shape=(16,), range=3..10475, coefficients shape=(16, 2), sample_weights shape=(16,), zero_neighbor_targets=0
GRAB train batch 73: pair_ids shape=(16,), range=66..10988, coefficients shape=(16, 2), sample_weights shape=(16,), zero_neighbor_targets=0
GRAB train batch 74: pair_ids shape=(16,), range=29..6147, coefficients shape=(16, 2), sample_weights shape=(16,), zero_neighbor_targets=0
GRAB train batch 75: pair_ids shape=(16,), range=79..10987, coefficients shape=(16, 2), sample_weights shape=(16,), zero_neighbor_targets=0
GRAB train batch 76: pair_ids shape=(16,), range=4..10590, coefficients shape=(16, 2), sample_weights shape=(16,), zero_neighbor_targets=0
GRAB train batch 77: pair_ids shape=(12,), range=193..10742, coefficients shape=(12, 2), sample_weights shape=(12,), zero_neighbor_targets=0
VALIDATION
valid epoch balanced_accuracy: 0.436063
EPOCH 70:
GRAB train batch 1: pair_ids shape=(16,), range=225..8210, coefficients shape=(16, 2), sample_weights shape=(16,), zero_neighbor_targets=0
GRAB train batch 2: pair_ids shape=(16,), range=165..8670, coefficients shape=(16, 2), sample_weights shape=(16,), zero_neighbor_targets=0
GRAB train batch 3: pair_ids shape=(16,), range=15..6709, coefficients shape=(16, 2), sample_weights shape=(16,), zero_neighbor_targets=0
GRAB train batch 4: pair_ids shape=(16,), range=57..9739, coefficients shape=(16, 2), sample_weights shape=(16,), zero_neighbor_targets=0
GRAB train batch 5: pair_ids shape=(16,), range=8..10027, coefficients shape=(16, 2), sample_weights shape=(16,), zero_neighbor_targets=0
GRAB train batch 6: pair_ids shape=(16,), range=23..10795, coefficients shape=(16, 2), sample_weights shape=(16,), zero_neighbor_targets=0
GRAB train batch 7: pair_ids shape=(16,), range=35..9704, coefficients shape=(16, 2), sample_weights shape=(16,), zero_neighbor_targets=0
GRAB train batch 8: pair_ids shape=(16,), range=12..10728, coefficients shape=(16, 2), sample_weights shape=(16,), zero_neighbor_targets=0
GRAB train batch 9: pair_ids shape=(16,), range=26..10277, coefficients shape=(16, 2), sample_weights shape=(16,), zero_neighbor_targets=0
GRAB train batch 10: pair_ids shape=(16,), range=14..10500, coefficients shape=(16, 2), sample_weights shape=(16,), zero_neighbor_targets=0
GRAB train batch 11: pair_ids shape=(16,), range=29..10453, coefficients shape=(16, 2), sample_weights shape=(16,), zero_neighbor_targets=0
GRAB train batch 12: pair_ids shape=(16,), range=5..7795, coefficients shape=(16, 2), sample_weights shape=(16,), zero_neighbor_targets=0
GRAB train batch 13: pair_ids shape=(16,), range=103..10772, coefficients shape=(16, 2), sample_weights shape=(16,), zero_neighbor_targets=0
GRAB train batch 14: pair_ids shape=(16,), range=55..8081, coefficients shape=(16, 2), sample_weights shape=(16,), zero_neighbor_targets=0
GRAB train batch 15: pair_ids shape=(16,), range=36..10360, coefficients shape=(16, 2), sample_weights shape=(16,), zero_neighbor_targets=0
GRAB train batch 16: pair_ids shape=(16,), range=7..7921, coefficients shape=(16, 2), sample_weights shape=(16,), zero_neighbor_targets=0
GRAB train batch 17: pair_ids shape=(16,), range=33..10475, coefficients shape=(16, 2), sample_weights shape=(16,), zero_neighbor_targets=0
GRAB train batch 18: pair_ids shape=(16,), range=16..4240, coefficients shape=(16, 2), sample_weights shape=(16,), zero_neighbor_targets=0
GRAB train batch 19: pair_ids shape=(16,), range=0..10411, coefficients shape=(16, 2), sample_weights shape=(16,), zero_neighbor_targets=0
GRAB train batch 20: pair_ids shape=(16,), range=160..8915, coefficients shape=(16, 2), sample_weights shape=(16,), zero_neighbor_targets=0
GRAB train batch 21: pair_ids shape=(16,), range=149..10817, coefficients shape=(16, 2), sample_weights shape=(16,), zero_neighbor_targets=0
GRAB train batch 22: pair_ids shape=(16,), range=19..8729, coefficients shape=(16, 2), sample_weights shape=(16,), zero_neighbor_targets=0
GRAB train batch 23: pair_ids shape=(16,), range=176..8745, coefficients shape=(16, 2), sample_weights shape=(16,), zero_neighbor_targets=0
GRAB train batch 24: pair_ids shape=(16,), range=28..7940, coefficients shape=(16, 2), sample_weights shape=(16,), zero_neighbor_targets=0
GRAB train batch 25: pair_ids shape=(16,), range=25..8678, coefficients shape=(16, 2), sample_weights shape=(16,), zero_neighbor_targets=0
GRAB train batch 26: pair_ids shape=(16,), range=196..10742, coefficients shape=(16, 2), sample_weights shape=(16,), zero_neighbor_targets=0
GRAB train batch 27: pair_ids shape=(16,), range=66..10590, coefficients shape=(16, 2), sample_weights shape=(16,), zero_neighbor_targets=0
GRAB train batch 28: pair_ids shape=(16,), range=18..10473, coefficients shape=(16, 2), sample_weights shape=(16,), zero_neighbor_targets=0
GRAB train batch 29: pair_ids shape=(16,), range=53..10502, coefficients shape=(16, 2), sample_weights shape=(16,), zero_neighbor_targets=0
GRAB train batch 30: pair_ids shape=(16,), range=10..8903, coefficients shape=(16, 2), sample_weights shape=(16,), zero_neighbor_targets=0
GRAB train batch 31: pair_ids shape=(16,), range=106..10374, coefficients shape=(16, 2), sample_weights shape=(16,), zero_neighbor_targets=0
GRAB train batch 32: pair_ids shape=(16,), range=13..10836, coefficients shape=(16, 2), sample_weights shape=(16,), zero_neighbor_targets=0
GRAB train batch 33: pair_ids shape=(16,), range=11..10851, coefficients shape=(16, 2), sample_weights shape=(16,), zero_neighbor_targets=0
GRAB train batch 34: pair_ids shape=(16,), range=4..9914, coefficients shape=(16, 2), sample_weights shape=(16,), zero_neighbor_targets=0
GRAB train batch 35: pair_ids shape=(16,), range=76..10800, coefficients shape=(16, 2), sample_weights shape=(16,), zero_neighbor_targets=0
GRAB train batch 36: pair_ids shape=(16,), range=9..8373, coefficients shape=(16, 2), sample_weights shape=(16,), zero_neighbor_targets=0
GRAB train batch 37: pair_ids shape=(16,), range=105..10988, coefficients shape=(16, 2), sample_weights shape=(16,), zero_neighbor_targets=0
GRAB train batch 38: pair_ids shape=(16,), range=88..8157, coefficients shape=(16, 2), sample_weights shape=(16,), zero_neighbor_targets=0
GRAB train batch 39: pair_ids shape=(16,), range=30..8168, coefficients shape=(16, 2), sample_weights shape=(16,), zero_neighbor_targets=0
GRAB train batch 40: pair_ids shape=(16,), range=205..6381, coefficients shape=(16, 2), sample_weights shape=(16,), zero_neighbor_targets=0
GRAB train batch 41: pair_ids shape=(16,), range=37..10600, coefficients shape=(16, 2), sample_weights shape=(16,), zero_neighbor_targets=0
GRAB train batch 42: pair_ids shape=(16,), range=20..10331, coefficients shape=(16, 2), sample_weights shape=(16,), zero_neighbor_targets=0
GRAB train batch 43: pair_ids shape=(16,), range=62..10891, coefficients shape=(16, 2), sample_weights shape=(16,), zero_neighbor_targets=0
GRAB train batch 44: pair_ids shape=(16,), range=63..10627, coefficients shape=(16, 2), sample_weights shape=(16,), zero_neighbor_targets=0
GRAB train batch 45: pair_ids shape=(16,), range=71..10404, coefficients shape=(16, 2), sample_weights shape=(16,), zero_neighbor_targets=0
GRAB train batch 46: pair_ids shape=(16,), range=90..10987, coefficients shape=(16, 2), sample_weights shape=(16,), zero_neighbor_targets=0
GRAB train batch 47: pair_ids shape=(16,), range=110..6605, coefficients shape=(16, 2), sample_weights shape=(16,), zero_neighbor_targets=0
GRAB train batch 48: pair_ids shape=(16,), range=21..8911, coefficients shape=(16, 2), sample_weights shape=(16,), zero_neighbor_targets=0
GRAB train batch 49: pair_ids shape=(16,), range=73..10462, coefficients shape=(16, 2), sample_weights shape=(16,), zero_neighbor_targets=0
GRAB train batch 50: pair_ids shape=(16,), range=125..10396, coefficients shape=(16, 2), sample_weights shape=(16,), zero_neighbor_targets=0
GRAB train batch 51: pair_ids shape=(16,), range=422..10685, coefficients shape=(16, 2), sample_weights shape=(16,), zero_neighbor_targets=0
GRAB train batch 52: pair_ids shape=(16,), range=49..10662, coefficients shape=(16, 2), sample_weights shape=(16,), zero_neighbor_targets=0
GRAB train batch 53: pair_ids shape=(16,), range=68..10984, coefficients shape=(16, 2), sample_weights shape=(16,), zero_neighbor_targets=0
GRAB train batch 54: pair_ids shape=(16,), range=22..8731, coefficients shape=(16, 2), sample_weights shape=(16,), zero_neighbor_targets=0
GRAB train batch 55: pair_ids shape=(16,), range=152..7252, coefficients shape=(16, 2), sample_weights shape=(16,), zero_neighbor_targets=0
GRAB train batch 56: pair_ids shape=(16,), range=101..9913, coefficients shape=(16, 2), sample_weights shape=(16,), zero_neighbor_targets=0
GRAB train batch 57: pair_ids shape=(16,), range=44..8841, coefficients shape=(16, 2), sample_weights shape=(16,), zero_neighbor_targets=0
GRAB train batch 58: pair_ids shape=(16,), range=99..10471, coefficients shape=(16, 2), sample_weights shape=(16,), zero_neighbor_targets=0
GRAB train batch 59: pair_ids shape=(16,), range=24..10299, coefficients shape=(16, 2), sample_weights shape=(16,), zero_neighbor_targets=0
GRAB train batch 60: pair_ids shape=(16,), range=41..9546, coefficients shape=(16, 2), sample_weights shape=(16,), zero_neighbor_targets=0
GRAB train batch 61: pair_ids shape=(16,), range=56..10398, coefficients shape=(16, 2), sample_weights shape=(16,), zero_neighbor_targets=0
GRAB train batch 62: pair_ids shape=(16,), range=238..10935, coefficients shape=(16, 2), sample_weights shape=(16,), zero_neighbor_targets=0
GRAB train batch 63: pair_ids shape=(16,), range=85..3279, coefficients shape=(16, 2), sample_weights shape=(16,), zero_neighbor_targets=0
GRAB train batch 64: pair_ids shape=(16,), range=2..10237, coefficients shape=(16, 2), sample_weights shape=(16,), zero_neighbor_targets=0
GRAB train batch 65: pair_ids shape=(16,), range=75..10850, coefficients shape=(16, 2), sample_weights shape=(16,), zero_neighbor_targets=0
GRAB train batch 66: pair_ids shape=(16,), range=80..9818, coefficients shape=(16, 2), sample_weights shape=(16,), zero_neighbor_targets=0
GRAB train batch 67: pair_ids shape=(16,), range=115..10764, coefficients shape=(16, 2), sample_weights shape=(16,), zero_neighbor_targets=0
GRAB train batch 68: pair_ids shape=(16,), range=1..10537, coefficients shape=(16, 2), sample_weights shape=(16,), zero_neighbor_targets=0
GRAB train batch 69: pair_ids shape=(16,), range=79..7440, coefficients shape=(16, 2), sample_weights shape=(16,), zero_neighbor_targets=0
GRAB train batch 70: pair_ids shape=(16,), range=42..7497, coefficients shape=(16, 2), sample_weights shape=(16,), zero_neighbor_targets=0
GRAB train batch 71: pair_ids shape=(16,), range=239..8858, coefficients shape=(16, 2), sample_weights shape=(16,), zero_neighbor_targets=0
GRAB train batch 72: pair_ids shape=(16,), range=109..10435, coefficients shape=(16, 2), sample_weights shape=(16,), zero_neighbor_targets=0
GRAB train batch 73: pair_ids shape=(16,), range=27..7607, coefficients shape=(16, 2), sample_weights shape=(16,), zero_neighbor_targets=0
GRAB train batch 74: pair_ids shape=(16,), range=32..8668, coefficients shape=(16, 2), sample_weights shape=(16,), zero_neighbor_targets=0
GRAB train batch 75: pair_ids shape=(16,), range=137..10222, coefficients shape=(16, 2), sample_weights shape=(16,), zero_neighbor_targets=0
GRAB train batch 76: pair_ids shape=(16,), range=6..10994, coefficients shape=(16, 2), sample_weights shape=(16,), zero_neighbor_targets=0
GRAB train batch 77: pair_ids shape=(12,), range=17..10393, coefficients shape=(12, 2), sample_weights shape=(12,), zero_neighbor_targets=0
VALIDATION
valid epoch balanced_accuracy: 0.536638
EPOCH 71:
GRAB train batch 1: pair_ids shape=(16,), range=16..10988, coefficients shape=(16, 2), sample_weights shape=(16,), zero_neighbor_targets=0
GRAB train batch 2: pair_ids shape=(16,), range=74..8313, coefficients shape=(16, 2), sample_weights shape=(16,), zero_neighbor_targets=0
GRAB train batch 3: pair_ids shape=(16,), range=42..8858, coefficients shape=(16, 2), sample_weights shape=(16,), zero_neighbor_targets=0
GRAB train batch 4: pair_ids shape=(16,), range=32..8731, coefficients shape=(16, 2), sample_weights shape=(16,), zero_neighbor_targets=0
GRAB train batch 5: pair_ids shape=(16,), range=2..8081, coefficients shape=(16, 2), sample_weights shape=(16,), zero_neighbor_targets=0
GRAB train batch 6: pair_ids shape=(16,), range=142..7497, coefficients shape=(16, 2), sample_weights shape=(16,), zero_neighbor_targets=0
GRAB train batch 7: pair_ids shape=(16,), range=15..5335, coefficients shape=(16, 2), sample_weights shape=(16,), zero_neighbor_targets=0
GRAB train batch 8: pair_ids shape=(16,), range=40..10537, coefficients shape=(16, 2), sample_weights shape=(16,), zero_neighbor_targets=0
GRAB train batch 9: pair_ids shape=(16,), range=165..8739, coefficients shape=(16, 2), sample_weights shape=(16,), zero_neighbor_targets=0
GRAB train batch 10: pair_ids shape=(16,), range=7..9840, coefficients shape=(16, 2), sample_weights shape=(16,), zero_neighbor_targets=0
GRAB train batch 11: pair_ids shape=(16,), range=178..10590, coefficients shape=(16, 2), sample_weights shape=(16,), zero_neighbor_targets=0
GRAB train batch 12: pair_ids shape=(16,), range=75..9892, coefficients shape=(16, 2), sample_weights shape=(16,), zero_neighbor_targets=0
GRAB train batch 13: pair_ids shape=(16,), range=19..10475, coefficients shape=(16, 2), sample_weights shape=(16,), zero_neighbor_targets=0
GRAB train batch 14: pair_ids shape=(16,), range=38..7975, coefficients shape=(16, 2), sample_weights shape=(16,), zero_neighbor_targets=0
GRAB train batch 15: pair_ids shape=(16,), range=100..10384, coefficients shape=(16, 2), sample_weights shape=(16,), zero_neighbor_targets=0
GRAB train batch 16: pair_ids shape=(16,), range=79..8279, coefficients shape=(16, 2), sample_weights shape=(16,), zero_neighbor_targets=0
GRAB train batch 17: pair_ids shape=(16,), range=186..7583, coefficients shape=(16, 2), sample_weights shape=(16,), zero_neighbor_targets=0
GRAB train batch 18: pair_ids shape=(16,), range=185..10362, coefficients shape=(16, 2), sample_weights shape=(16,), zero_neighbor_targets=0
GRAB train batch 19: pair_ids shape=(16,), range=109..10393, coefficients shape=(16, 2), sample_weights shape=(16,), zero_neighbor_targets=0
GRAB train batch 20: pair_ids shape=(16,), range=39..10662, coefficients shape=(16, 2), sample_weights shape=(16,), zero_neighbor_targets=0
GRAB train batch 21: pair_ids shape=(16,), range=3..10259, coefficients shape=(16, 2), sample_weights shape=(16,), zero_neighbor_targets=0
GRAB train batch 22: pair_ids shape=(16,), range=44..9608, coefficients shape=(16, 2), sample_weights shape=(16,), zero_neighbor_targets=0
GRAB train batch 23: pair_ids shape=(16,), range=35..9956, coefficients shape=(16, 2), sample_weights shape=(16,), zero_neighbor_targets=0
GRAB train batch 24: pair_ids shape=(16,), range=54..10396, coefficients shape=(16, 2), sample_weights shape=(16,), zero_neighbor_targets=0
GRAB train batch 25: pair_ids shape=(16,), range=102..10742, coefficients shape=(16, 2), sample_weights shape=(16,), zero_neighbor_targets=0
GRAB train batch 26: pair_ids shape=(16,), range=271..10248, coefficients shape=(16, 2), sample_weights shape=(16,), zero_neighbor_targets=0
GRAB train batch 27: pair_ids shape=(16,), range=127..10473, coefficients shape=(16, 2), sample_weights shape=(16,), zero_neighbor_targets=0
GRAB train batch 28: pair_ids shape=(16,), range=63..10222, coefficients shape=(16, 2), sample_weights shape=(16,), zero_neighbor_targets=0
GRAB train batch 29: pair_ids shape=(16,), range=305..10170, coefficients shape=(16, 2), sample_weights shape=(16,), zero_neighbor_targets=0
GRAB train batch 30: pair_ids shape=(16,), range=4..9954, coefficients shape=(16, 2), sample_weights shape=(16,), zero_neighbor_targets=0
GRAB train batch 31: pair_ids shape=(16,), range=85..8051, coefficients shape=(16, 2), sample_weights shape=(16,), zero_neighbor_targets=0
GRAB train batch 32: pair_ids shape=(16,), range=151..10851, coefficients shape=(16, 2), sample_weights shape=(16,), zero_neighbor_targets=0
GRAB train batch 33: pair_ids shape=(16,), range=30..9598, coefficients shape=(16, 2), sample_weights shape=(16,), zero_neighbor_targets=0
GRAB train batch 34: pair_ids shape=(16,), range=0..9698, coefficients shape=(16, 2), sample_weights shape=(16,), zero_neighbor_targets=0
GRAB train batch 35: pair_ids shape=(16,), range=96..6404, coefficients shape=(16, 2), sample_weights shape=(16,), zero_neighbor_targets=0
GRAB train batch 36: pair_ids shape=(16,), range=50..5823, coefficients shape=(16, 2), sample_weights shape=(16,), zero_neighbor_targets=0
GRAB train batch 37: pair_ids shape=(16,), range=284..10935, coefficients shape=(16, 2), sample_weights shape=(16,), zero_neighbor_targets=0
GRAB train batch 38: pair_ids shape=(16,), range=31..10850, coefficients shape=(16, 2), sample_weights shape=(16,), zero_neighbor_targets=0
GRAB train batch 39: pair_ids shape=(16,), range=55..7979, coefficients shape=(16, 2), sample_weights shape=(16,), zero_neighbor_targets=0
GRAB train batch 40: pair_ids shape=(16,), range=121..10772, coefficients shape=(16, 2), sample_weights shape=(16,), zero_neighbor_targets=0
GRAB train batch 41: pair_ids shape=(16,), range=59..8658, coefficients shape=(16, 2), sample_weights shape=(16,), zero_neighbor_targets=0
GRAB train batch 42: pair_ids shape=(16,), range=72..5288, coefficients shape=(16, 2), sample_weights shape=(16,), zero_neighbor_targets=0
GRAB train batch 43: pair_ids shape=(16,), range=14..10205, coefficients shape=(16, 2), sample_weights shape=(16,), zero_neighbor_targets=0
GRAB train batch 44: pair_ids shape=(16,), range=524..10795, coefficients shape=(16, 2), sample_weights shape=(16,), zero_neighbor_targets=0
GRAB train batch 45: pair_ids shape=(16,), range=24..8876, coefficients shape=(16, 2), sample_weights shape=(16,), zero_neighbor_targets=0
GRAB train batch 46: pair_ids shape=(16,), range=94..10374, coefficients shape=(16, 2), sample_weights shape=(16,), zero_neighbor_targets=0
GRAB train batch 47: pair_ids shape=(16,), range=82..8911, coefficients shape=(16, 2), sample_weights shape=(16,), zero_neighbor_targets=0
GRAB train batch 48: pair_ids shape=(16,), range=113..10817, coefficients shape=(16, 2), sample_weights shape=(16,), zero_neighbor_targets=0
GRAB train batch 49: pair_ids shape=(16,), range=69..10764, coefficients shape=(16, 2), sample_weights shape=(16,), zero_neighbor_targets=0
GRAB train batch 50: pair_ids shape=(16,), range=80..10264, coefficients shape=(16, 2), sample_weights shape=(16,), zero_neighbor_targets=0
GRAB train batch 51: pair_ids shape=(16,), range=167..10435, coefficients shape=(16, 2), sample_weights shape=(16,), zero_neighbor_targets=0
GRAB train batch 52: pair_ids shape=(16,), range=98..10994, coefficients shape=(16, 2), sample_weights shape=(16,), zero_neighbor_targets=0
GRAB train batch 53: pair_ids shape=(16,), range=37..10984, coefficients shape=(16, 2), sample_weights shape=(16,), zero_neighbor_targets=0
GRAB train batch 54: pair_ids shape=(16,), range=17..10447, coefficients shape=(16, 2), sample_weights shape=(16,), zero_neighbor_targets=0
GRAB train batch 55: pair_ids shape=(16,), range=47..10027, coefficients shape=(16, 2), sample_weights shape=(16,), zero_neighbor_targets=0
GRAB train batch 56: pair_ids shape=(16,), range=128..10312, coefficients shape=(16, 2), sample_weights shape=(16,), zero_neighbor_targets=0
GRAB train batch 57: pair_ids shape=(16,), range=11..10987, coefficients shape=(16, 2), sample_weights shape=(16,), zero_neighbor_targets=0
GRAB train batch 58: pair_ids shape=(16,), range=29..10728, coefficients shape=(16, 2), sample_weights shape=(16,), zero_neighbor_targets=0
GRAB train batch 59: pair_ids shape=(16,), range=6..4195, coefficients shape=(16, 2), sample_weights shape=(16,), zero_neighbor_targets=0
GRAB train batch 60: pair_ids shape=(16,), range=13..10524, coefficients shape=(16, 2), sample_weights shape=(16,), zero_neighbor_targets=0
GRAB train batch 61: pair_ids shape=(16,), range=133..10502, coefficients shape=(16, 2), sample_weights shape=(16,), zero_neighbor_targets=0
GRAB train batch 62: pair_ids shape=(16,), range=5..7496, coefficients shape=(16, 2), sample_weights shape=(16,), zero_neighbor_targets=0
GRAB train batch 63: pair_ids shape=(16,), range=120..10471, coefficients shape=(16, 2), sample_weights shape=(16,), zero_neighbor_targets=0
GRAB train batch 64: pair_ids shape=(16,), range=45..8510, coefficients shape=(16, 2), sample_weights shape=(16,), zero_neighbor_targets=0
GRAB train batch 65: pair_ids shape=(16,), range=33..10891, coefficients shape=(16, 2), sample_weights shape=(16,), zero_neighbor_targets=0
GRAB train batch 66: pair_ids shape=(16,), range=18..8224, coefficients shape=(16, 2), sample_weights shape=(16,), zero_neighbor_targets=0
GRAB train batch 67: pair_ids shape=(16,), range=106..10800, coefficients shape=(16, 2), sample_weights shape=(16,), zero_neighbor_targets=0
GRAB train batch 68: pair_ids shape=(16,), range=157..9937, coefficients shape=(16, 2), sample_weights shape=(16,), zero_neighbor_targets=0
GRAB train batch 69: pair_ids shape=(16,), range=8..10462, coefficients shape=(16, 2), sample_weights shape=(16,), zero_neighbor_targets=0
GRAB train batch 70: pair_ids shape=(16,), range=87..10600, coefficients shape=(16, 2), sample_weights shape=(16,), zero_neighbor_targets=0
GRAB train batch 71: pair_ids shape=(16,), range=12..10836, coefficients shape=(16, 2), sample_weights shape=(16,), zero_neighbor_targets=0
GRAB train batch 72: pair_ids shape=(16,), range=9..10685, coefficients shape=(16, 2), sample_weights shape=(16,), zero_neighbor_targets=0
GRAB train batch 73: pair_ids shape=(16,), range=20..9818, coefficients shape=(16, 2), sample_weights shape=(16,), zero_neighbor_targets=0
GRAB train batch 74: pair_ids shape=(16,), range=61..6709, coefficients shape=(16, 2), sample_weights shape=(16,), zero_neighbor_targets=0
GRAB train batch 75: pair_ids shape=(16,), range=25..10225, coefficients shape=(16, 2), sample_weights shape=(16,), zero_neighbor_targets=0
GRAB train batch 76: pair_ids shape=(16,), range=224..5080, coefficients shape=(16, 2), sample_weights shape=(16,), zero_neighbor_targets=0
GRAB train batch 77: pair_ids shape=(12,), range=71..10237, coefficients shape=(12, 2), sample_weights shape=(12,), zero_neighbor_targets=0
VALIDATION
valid epoch balanced_accuracy: 0.443247
EPOCH 72:
GRAB train batch 1: pair_ids shape=(16,), range=10..10590, coefficients shape=(16, 2), sample_weights shape=(16,), zero_neighbor_targets=0
GRAB train batch 2: pair_ids shape=(16,), range=165..10453, coefficients shape=(16, 2), sample_weights shape=(16,), zero_neighbor_targets=0
GRAB train batch 3: pair_ids shape=(16,), range=28..7798, coefficients shape=(16, 2), sample_weights shape=(16,), zero_neighbor_targets=0
GRAB train batch 4: pair_ids shape=(16,), range=54..8590, coefficients shape=(16, 2), sample_weights shape=(16,), zero_neighbor_targets=0
GRAB train batch 5: pair_ids shape=(16,), range=41..8678, coefficients shape=(16, 2), sample_weights shape=(16,), zero_neighbor_targets=0
GRAB train batch 6: pair_ids shape=(16,), range=19..10500, coefficients shape=(16, 2), sample_weights shape=(16,), zero_neighbor_targets=0
GRAB train batch 7: pair_ids shape=(16,), range=182..10502, coefficients shape=(16, 2), sample_weights shape=(16,), zero_neighbor_targets=0
GRAB train batch 8: pair_ids shape=(16,), range=48..10891, coefficients shape=(16, 2), sample_weights shape=(16,), zero_neighbor_targets=0
GRAB train batch 9: pair_ids shape=(16,), range=162..8563, coefficients shape=(16, 2), sample_weights shape=(16,), zero_neighbor_targets=0
GRAB train batch 10: pair_ids shape=(16,), range=166..9939, coefficients shape=(16, 2), sample_weights shape=(16,), zero_neighbor_targets=0
GRAB train batch 11: pair_ids shape=(16,), range=39..8876, coefficients shape=(16, 2), sample_weights shape=(16,), zero_neighbor_targets=0
GRAB train batch 12: pair_ids shape=(16,), range=9..10772, coefficients shape=(16, 2), sample_weights shape=(16,), zero_neighbor_targets=0
GRAB train batch 13: pair_ids shape=(16,), range=35..10537, coefficients shape=(16, 2), sample_weights shape=(16,), zero_neighbor_targets=0
GRAB train batch 14: pair_ids shape=(16,), range=4..10524, coefficients shape=(16, 2), sample_weights shape=(16,), zero_neighbor_targets=0
GRAB train batch 15: pair_ids shape=(16,), range=7..10447, coefficients shape=(16, 2), sample_weights shape=(16,), zero_neighbor_targets=0
GRAB train batch 16: pair_ids shape=(16,), range=116..10994, coefficients shape=(16, 2), sample_weights shape=(16,), zero_neighbor_targets=0
GRAB train batch 17: pair_ids shape=(16,), range=23..10462, coefficients shape=(16, 2), sample_weights shape=(16,), zero_neighbor_targets=0
GRAB train batch 18: pair_ids shape=(16,), range=127..10411, coefficients shape=(16, 2), sample_weights shape=(16,), zero_neighbor_targets=0
GRAB train batch 19: pair_ids shape=(16,), range=17..6438, coefficients shape=(16, 2), sample_weights shape=(16,), zero_neighbor_targets=0
GRAB train batch 20: pair_ids shape=(16,), range=49..9704, coefficients shape=(16, 2), sample_weights shape=(16,), zero_neighbor_targets=0
GRAB train batch 21: pair_ids shape=(16,), range=152..10404, coefficients shape=(16, 2), sample_weights shape=(16,), zero_neighbor_targets=0
GRAB train batch 22: pair_ids shape=(16,), range=101..6569, coefficients shape=(16, 2), sample_weights shape=(16,), zero_neighbor_targets=0
GRAB train batch 23: pair_ids shape=(16,), range=38..8279, coefficients shape=(16, 2), sample_weights shape=(16,), zero_neighbor_targets=0
GRAB train batch 24: pair_ids shape=(16,), range=24..10627, coefficients shape=(16, 2), sample_weights shape=(16,), zero_neighbor_targets=0
GRAB train batch 25: pair_ids shape=(16,), range=136..9795, coefficients shape=(16, 2), sample_weights shape=(16,), zero_neighbor_targets=0
GRAB train batch 26: pair_ids shape=(16,), range=20..10396, coefficients shape=(16, 2), sample_weights shape=(16,), zero_neighbor_targets=0
GRAB train batch 27: pair_ids shape=(16,), range=37..10009, coefficients shape=(16, 2), sample_weights shape=(16,), zero_neighbor_targets=0
GRAB train batch 28: pair_ids shape=(16,), range=22..10935, coefficients shape=(16, 2), sample_weights shape=(16,), zero_neighbor_targets=0
GRAB train batch 29: pair_ids shape=(16,), range=135..6307, coefficients shape=(16, 2), sample_weights shape=(16,), zero_neighbor_targets=0
GRAB train batch 30: pair_ids shape=(16,), range=11..8739, coefficients shape=(16, 2), sample_weights shape=(16,), zero_neighbor_targets=0
GRAB train batch 31: pair_ids shape=(16,), range=209..10851, coefficients shape=(16, 2), sample_weights shape=(16,), zero_neighbor_targets=0
GRAB train batch 32: pair_ids shape=(16,), range=27..8671, coefficients shape=(16, 2), sample_weights shape=(16,), zero_neighbor_targets=0
GRAB train batch 33: pair_ids shape=(16,), range=88..5660, coefficients shape=(16, 2), sample_weights shape=(16,), zero_neighbor_targets=0
GRAB train batch 34: pair_ids shape=(16,), range=1..7937, coefficients shape=(16, 2), sample_weights shape=(16,), zero_neighbor_targets=0
GRAB train batch 35: pair_ids shape=(16,), range=21..7867, coefficients shape=(16, 2), sample_weights shape=(16,), zero_neighbor_targets=0
GRAB train batch 36: pair_ids shape=(16,), range=205..8521, coefficients shape=(16, 2), sample_weights shape=(16,), zero_neighbor_targets=0
GRAB train batch 37: pair_ids shape=(16,), range=25..10987, coefficients shape=(16, 2), sample_weights shape=(16,), zero_neighbor_targets=0
GRAB train batch 38: pair_ids shape=(16,), range=15..8841, coefficients shape=(16, 2), sample_weights shape=(16,), zero_neighbor_targets=0
GRAB train batch 39: pair_ids shape=(16,), range=102..9608, coefficients shape=(16, 2), sample_weights shape=(16,), zero_neighbor_targets=0
GRAB train batch 40: pair_ids shape=(16,), range=14..10662, coefficients shape=(16, 2), sample_weights shape=(16,), zero_neighbor_targets=0
GRAB train batch 41: pair_ids shape=(16,), range=144..10471, coefficients shape=(16, 2), sample_weights shape=(16,), zero_neighbor_targets=0
GRAB train batch 42: pair_ids shape=(16,), range=56..9840, coefficients shape=(16, 2), sample_weights shape=(16,), zero_neighbor_targets=0
GRAB train batch 43: pair_ids shape=(16,), range=164..10362, coefficients shape=(16, 2), sample_weights shape=(16,), zero_neighbor_targets=0
GRAB train batch 44: pair_ids shape=(16,), range=50..7913, coefficients shape=(16, 2), sample_weights shape=(16,), zero_neighbor_targets=0
GRAB train batch 45: pair_ids shape=(16,), range=0..9822, coefficients shape=(16, 2), sample_weights shape=(16,), zero_neighbor_targets=0
GRAB train batch 46: pair_ids shape=(16,), range=18..10817, coefficients shape=(16, 2), sample_weights shape=(16,), zero_neighbor_targets=0
GRAB train batch 47: pair_ids shape=(16,), range=33..8658, coefficients shape=(16, 2), sample_weights shape=(16,), zero_neighbor_targets=0
GRAB train batch 48: pair_ids shape=(16,), range=190..9887, coefficients shape=(16, 2), sample_weights shape=(16,), zero_neighbor_targets=0
GRAB train batch 49: pair_ids shape=(16,), range=239..10685, coefficients shape=(16, 2), sample_weights shape=(16,), zero_neighbor_targets=0
GRAB train batch 50: pair_ids shape=(16,), range=121..9598, coefficients shape=(16, 2), sample_weights shape=(16,), zero_neighbor_targets=0
GRAB train batch 51: pair_ids shape=(16,), range=53..10005, coefficients shape=(16, 2), sample_weights shape=(16,), zero_neighbor_targets=0
GRAB train batch 52: pair_ids shape=(16,), range=61..10811, coefficients shape=(16, 2), sample_weights shape=(16,), zero_neighbor_targets=0
GRAB train batch 53: pair_ids shape=(16,), range=180..10248, coefficients shape=(16, 2), sample_weights shape=(16,), zero_neighbor_targets=0
GRAB train batch 54: pair_ids shape=(16,), range=94..9696, coefficients shape=(16, 2), sample_weights shape=(16,), zero_neighbor_targets=0
GRAB train batch 55: pair_ids shape=(16,), range=44..9727, coefficients shape=(16, 2), sample_weights shape=(16,), zero_neighbor_targets=0
GRAB train batch 56: pair_ids shape=(16,), range=13..10836, coefficients shape=(16, 2), sample_weights shape=(16,), zero_neighbor_targets=0
GRAB train batch 57: pair_ids shape=(16,), range=51..9892, coefficients shape=(16, 2), sample_weights shape=(16,), zero_neighbor_targets=0
GRAB train batch 58: pair_ids shape=(16,), range=12..10435, coefficients shape=(16, 2), sample_weights shape=(16,), zero_neighbor_targets=0
GRAB train batch 59: pair_ids shape=(16,), range=30..10764, coefficients shape=(16, 2), sample_weights shape=(16,), zero_neighbor_targets=0
GRAB train batch 60: pair_ids shape=(16,), range=6..10205, coefficients shape=(16, 2), sample_weights shape=(16,), zero_neighbor_targets=0
GRAB train batch 61: pair_ids shape=(16,), range=69..10600, coefficients shape=(16, 2), sample_weights shape=(16,), zero_neighbor_targets=0
GRAB train batch 62: pair_ids shape=(16,), range=63..8911, coefficients shape=(16, 2), sample_weights shape=(16,), zero_neighbor_targets=0
GRAB train batch 63: pair_ids shape=(16,), range=151..10850, coefficients shape=(16, 2), sample_weights shape=(16,), zero_neighbor_targets=0
GRAB train batch 64: pair_ids shape=(16,), range=76..10800, coefficients shape=(16, 2), sample_weights shape=(16,), zero_neighbor_targets=0
GRAB train batch 65: pair_ids shape=(16,), range=73..10728, coefficients shape=(16, 2), sample_weights shape=(16,), zero_neighbor_targets=0
GRAB train batch 66: pair_ids shape=(16,), range=3..7552, coefficients shape=(16, 2), sample_weights shape=(16,), zero_neighbor_targets=0
GRAB train batch 67: pair_ids shape=(16,), range=40..10984, coefficients shape=(16, 2), sample_weights shape=(16,), zero_neighbor_targets=0
GRAB train batch 68: pair_ids shape=(16,), range=55..8915, coefficients shape=(16, 2), sample_weights shape=(16,), zero_neighbor_targets=0
GRAB train batch 69: pair_ids shape=(16,), range=42..10259, coefficients shape=(16, 2), sample_weights shape=(16,), zero_neighbor_targets=0
GRAB train batch 70: pair_ids shape=(16,), range=5..10360, coefficients shape=(16, 2), sample_weights shape=(16,), zero_neighbor_targets=0
GRAB train batch 71: pair_ids shape=(16,), range=169..10795, coefficients shape=(16, 2), sample_weights shape=(16,), zero_neighbor_targets=0
GRAB train batch 72: pair_ids shape=(16,), range=8..10398, coefficients shape=(16, 2), sample_weights shape=(16,), zero_neighbor_targets=0
GRAB train batch 73: pair_ids shape=(16,), range=43..9914, coefficients shape=(16, 2), sample_weights shape=(16,), zero_neighbor_targets=0
GRAB train batch 74: pair_ids shape=(16,), range=83..7829, coefficients shape=(16, 2), sample_weights shape=(16,), zero_neighbor_targets=0
GRAB train batch 75: pair_ids shape=(16,), range=123..6666, coefficients shape=(16, 2), sample_weights shape=(16,), zero_neighbor_targets=0
GRAB train batch 76: pair_ids shape=(16,), range=159..8858, coefficients shape=(16, 2), sample_weights shape=(16,), zero_neighbor_targets=0
GRAB train batch 77: pair_ids shape=(12,), range=97..6230, coefficients shape=(12, 2), sample_weights shape=(12,), zero_neighbor_targets=0
VALIDATION
valid epoch balanced_accuracy: 0.481322
EPOCH 73:
GRAB train batch 1: pair_ids shape=(16,), range=70..8915, coefficients shape=(16, 2), sample_weights shape=(16,), zero_neighbor_targets=0
GRAB train batch 2: pair_ids shape=(16,), range=74..10360, coefficients shape=(16, 2), sample_weights shape=(16,), zero_neighbor_targets=0
GRAB train batch 3: pair_ids shape=(16,), range=38..9937, coefficients shape=(16, 2), sample_weights shape=(16,), zero_neighbor_targets=0
GRAB train batch 4: pair_ids shape=(16,), range=9..10627, coefficients shape=(16, 2), sample_weights shape=(16,), zero_neighbor_targets=0
GRAB train batch 5: pair_ids shape=(16,), range=42..10473, coefficients shape=(16, 2), sample_weights shape=(16,), zero_neighbor_targets=0
GRAB train batch 6: pair_ids shape=(16,), range=168..8911, coefficients shape=(16, 2), sample_weights shape=(16,), zero_neighbor_targets=0
GRAB train batch 7: pair_ids shape=(16,), range=92..10447, coefficients shape=(16, 2), sample_weights shape=(16,), zero_neighbor_targets=0
GRAB train batch 8: pair_ids shape=(16,), range=8..10264, coefficients shape=(16, 2), sample_weights shape=(16,), zero_neighbor_targets=0
GRAB train batch 9: pair_ids shape=(16,), range=3..7923, coefficients shape=(16, 2), sample_weights shape=(16,), zero_neighbor_targets=0
GRAB train batch 10: pair_ids shape=(16,), range=1..10891, coefficients shape=(16, 2), sample_weights shape=(16,), zero_neighbor_targets=0
GRAB train batch 11: pair_ids shape=(16,), range=43..10817, coefficients shape=(16, 2), sample_weights shape=(16,), zero_neighbor_targets=0
GRAB train batch 12: pair_ids shape=(16,), range=270..10994, coefficients shape=(16, 2), sample_weights shape=(16,), zero_neighbor_targets=0
GRAB train batch 13: pair_ids shape=(16,), range=30..7411, coefficients shape=(16, 2), sample_weights shape=(16,), zero_neighbor_targets=0
GRAB train batch 14: pair_ids shape=(16,), range=93..9608, coefficients shape=(16, 2), sample_weights shape=(16,), zero_neighbor_targets=0
GRAB train batch 15: pair_ids shape=(16,), range=59..7619, coefficients shape=(16, 2), sample_weights shape=(16,), zero_neighbor_targets=0
GRAB train batch 16: pair_ids shape=(16,), range=128..10537, coefficients shape=(16, 2), sample_weights shape=(16,), zero_neighbor_targets=0
GRAB train batch 17: pair_ids shape=(16,), range=73..10811, coefficients shape=(16, 2), sample_weights shape=(16,), zero_neighbor_targets=0
GRAB train batch 18: pair_ids shape=(16,), range=34..10205, coefficients shape=(16, 2), sample_weights shape=(16,), zero_neighbor_targets=0
GRAB train batch 19: pair_ids shape=(16,), range=85..9546, coefficients shape=(16, 2), sample_weights shape=(16,), zero_neighbor_targets=0
GRAB train batch 20: pair_ids shape=(16,), range=55..9727, coefficients shape=(16, 2), sample_weights shape=(16,), zero_neighbor_targets=0
GRAB train batch 21: pair_ids shape=(16,), range=10..10935, coefficients shape=(16, 2), sample_weights shape=(16,), zero_neighbor_targets=0
GRAB train batch 22: pair_ids shape=(16,), range=23..9914, coefficients shape=(16, 2), sample_weights shape=(16,), zero_neighbor_targets=0
GRAB train batch 23: pair_ids shape=(16,), range=18..8590, coefficients shape=(16, 2), sample_weights shape=(16,), zero_neighbor_targets=0
GRAB train batch 24: pair_ids shape=(16,), range=78..10850, coefficients shape=(16, 2), sample_weights shape=(16,), zero_neighbor_targets=0
GRAB train batch 25: pair_ids shape=(16,), range=67..10227, coefficients shape=(16, 2), sample_weights shape=(16,), zero_neighbor_targets=0
GRAB train batch 26: pair_ids shape=(16,), range=69..10027, coefficients shape=(16, 2), sample_weights shape=(16,), zero_neighbor_targets=0
GRAB train batch 27: pair_ids shape=(16,), range=5..8876, coefficients shape=(16, 2), sample_weights shape=(16,), zero_neighbor_targets=0
GRAB train batch 28: pair_ids shape=(16,), range=87..10987, coefficients shape=(16, 2), sample_weights shape=(16,), zero_neighbor_targets=0
GRAB train batch 29: pair_ids shape=(16,), range=48..5725, coefficients shape=(16, 2), sample_weights shape=(16,), zero_neighbor_targets=0
GRAB train batch 30: pair_ids shape=(16,), range=88..10009, coefficients shape=(16, 2), sample_weights shape=(16,), zero_neighbor_targets=0
GRAB train batch 31: pair_ids shape=(16,), range=25..9696, coefficients shape=(16, 2), sample_weights shape=(16,), zero_neighbor_targets=0
GRAB train batch 32: pair_ids shape=(16,), range=115..10662, coefficients shape=(16, 2), sample_weights shape=(16,), zero_neighbor_targets=0
GRAB train batch 33: pair_ids shape=(16,), range=15..8671, coefficients shape=(16, 2), sample_weights shape=(16,), zero_neighbor_targets=0
GRAB train batch 34: pair_ids shape=(16,), range=72..7346, coefficients shape=(16, 2), sample_weights shape=(16,), zero_neighbor_targets=0
GRAB train batch 35: pair_ids shape=(16,), range=47..10170, coefficients shape=(16, 2), sample_weights shape=(16,), zero_neighbor_targets=0
GRAB train batch 36: pair_ids shape=(16,), range=44..8521, coefficients shape=(16, 2), sample_weights shape=(16,), zero_neighbor_targets=0
GRAB train batch 37: pair_ids shape=(16,), range=213..10404, coefficients shape=(16, 2), sample_weights shape=(16,), zero_neighbor_targets=0
GRAB train batch 38: pair_ids shape=(16,), range=40..10522, coefficients shape=(16, 2), sample_weights shape=(16,), zero_neighbor_targets=0
GRAB train batch 39: pair_ids shape=(16,), range=192..7913, coefficients shape=(16, 2), sample_weights shape=(16,), zero_neighbor_targets=0
GRAB train batch 40: pair_ids shape=(16,), range=173..7952, coefficients shape=(16, 2), sample_weights shape=(16,), zero_neighbor_targets=0
GRAB train batch 41: pair_ids shape=(16,), range=111..8928, coefficients shape=(16, 2), sample_weights shape=(16,), zero_neighbor_targets=0
GRAB train batch 42: pair_ids shape=(16,), range=145..10800, coefficients shape=(16, 2), sample_weights shape=(16,), zero_neighbor_targets=0
GRAB train batch 43: pair_ids shape=(16,), range=68..10836, coefficients shape=(16, 2), sample_weights shape=(16,), zero_neighbor_targets=0
GRAB train batch 44: pair_ids shape=(16,), range=11..7937, coefficients shape=(16, 2), sample_weights shape=(16,), zero_neighbor_targets=0
GRAB train batch 45: pair_ids shape=(16,), range=252..10851, coefficients shape=(16, 2), sample_weights shape=(16,), zero_neighbor_targets=0
GRAB train batch 46: pair_ids shape=(16,), range=36..10988, coefficients shape=(16, 2), sample_weights shape=(16,), zero_neighbor_targets=0
GRAB train batch 47: pair_ids shape=(16,), range=26..10453, coefficients shape=(16, 2), sample_weights shape=(16,), zero_neighbor_targets=0
GRAB train batch 48: pair_ids shape=(16,), range=6..6605, coefficients shape=(16, 2), sample_weights shape=(16,), zero_neighbor_targets=0
GRAB train batch 49: pair_ids shape=(16,), range=99..8745, coefficients shape=(16, 2), sample_weights shape=(16,), zero_neighbor_targets=0
GRAB train batch 50: pair_ids shape=(16,), range=201..10362, coefficients shape=(16, 2), sample_weights shape=(16,), zero_neighbor_targets=0
GRAB train batch 51: pair_ids shape=(16,), range=169..10411, coefficients shape=(16, 2), sample_weights shape=(16,), zero_neighbor_targets=0
GRAB train batch 52: pair_ids shape=(16,), range=75..10277, coefficients shape=(16, 2), sample_weights shape=(16,), zero_neighbor_targets=0
GRAB train batch 53: pair_ids shape=(16,), range=22..10475, coefficients shape=(16, 2), sample_weights shape=(16,), zero_neighbor_targets=0
GRAB train batch 54: pair_ids shape=(16,), range=80..10728, coefficients shape=(16, 2), sample_weights shape=(16,), zero_neighbor_targets=0
GRAB train batch 55: pair_ids shape=(16,), range=211..6438, coefficients shape=(16, 2), sample_weights shape=(16,), zero_neighbor_targets=0
GRAB train batch 56: pair_ids shape=(16,), range=12..8670, coefficients shape=(16, 2), sample_weights shape=(16,), zero_neighbor_targets=0
GRAB train batch 57: pair_ids shape=(16,), range=62..10502, coefficients shape=(16, 2), sample_weights shape=(16,), zero_neighbor_targets=0
GRAB train batch 58: pair_ids shape=(16,), range=16..7975, coefficients shape=(16, 2), sample_weights shape=(16,), zero_neighbor_targets=0
GRAB train batch 59: pair_ids shape=(16,), range=77..9598, coefficients shape=(16, 2), sample_weights shape=(16,), zero_neighbor_targets=0
GRAB train batch 60: pair_ids shape=(16,), range=86..10237, coefficients shape=(16, 2), sample_weights shape=(16,), zero_neighbor_targets=0
GRAB train batch 61: pair_ids shape=(16,), range=33..6666, coefficients shape=(16, 2), sample_weights shape=(16,), zero_neighbor_targets=0
GRAB train batch 62: pair_ids shape=(16,), range=41..10764, coefficients shape=(16, 2), sample_weights shape=(16,), zero_neighbor_targets=0
GRAB train batch 63: pair_ids shape=(16,), range=27..10259, coefficients shape=(16, 2), sample_weights shape=(16,), zero_neighbor_targets=0
GRAB train batch 64: pair_ids shape=(16,), range=4..6286, coefficients shape=(16, 2), sample_weights shape=(16,), zero_neighbor_targets=0
GRAB train batch 65: pair_ids shape=(16,), range=64..10685, coefficients shape=(16, 2), sample_weights shape=(16,), zero_neighbor_targets=0
GRAB train batch 66: pair_ids shape=(16,), range=0..7921, coefficients shape=(16, 2), sample_weights shape=(16,), zero_neighbor_targets=0
GRAB train batch 67: pair_ids shape=(16,), range=29..9818, coefficients shape=(16, 2), sample_weights shape=(16,), zero_neighbor_targets=0
GRAB train batch 68: pair_ids shape=(16,), range=60..10462, coefficients shape=(16, 2), sample_weights shape=(16,), zero_neighbor_targets=0
GRAB train batch 69: pair_ids shape=(16,), range=17..10524, coefficients shape=(16, 2), sample_weights shape=(16,), zero_neighbor_targets=0
GRAB train batch 70: pair_ids shape=(16,), range=65..8903, coefficients shape=(16, 2), sample_weights shape=(16,), zero_neighbor_targets=0
GRAB train batch 71: pair_ids shape=(16,), range=204..8510, coefficients shape=(16, 2), sample_weights shape=(16,), zero_neighbor_targets=0
GRAB train batch 72: pair_ids shape=(16,), range=52..9954, coefficients shape=(16, 2), sample_weights shape=(16,), zero_neighbor_targets=0
GRAB train batch 73: pair_ids shape=(16,), range=21..8081, coefficients shape=(16, 2), sample_weights shape=(16,), zero_neighbor_targets=0
GRAB train batch 74: pair_ids shape=(16,), range=76..10384, coefficients shape=(16, 2), sample_weights shape=(16,), zero_neighbor_targets=0
GRAB train batch 75: pair_ids shape=(16,), range=104..7782, coefficients shape=(16, 2), sample_weights shape=(16,), zero_neighbor_targets=0
GRAB train batch 76: pair_ids shape=(16,), range=2..10772, coefficients shape=(16, 2), sample_weights shape=(16,), zero_neighbor_targets=0
GRAB train batch 77: pair_ids shape=(12,), range=100..8594, coefficients shape=(12, 2), sample_weights shape=(12,), zero_neighbor_targets=0
VALIDATION
valid epoch balanced_accuracy: 0.494971
EPOCH 74:
GRAB train batch 1: pair_ids shape=(16,), range=118..7782, coefficients shape=(16, 2), sample_weights shape=(16,), zero_neighbor_targets=0
GRAB train batch 2: pair_ids shape=(16,), range=232..6385, coefficients shape=(16, 2), sample_weights shape=(16,), zero_neighbor_targets=0
GRAB train batch 3: pair_ids shape=(16,), range=39..7937, coefficients shape=(16, 2), sample_weights shape=(16,), zero_neighbor_targets=0
GRAB train batch 4: pair_ids shape=(16,), range=64..10462, coefficients shape=(16, 2), sample_weights shape=(16,), zero_neighbor_targets=0
GRAB train batch 5: pair_ids shape=(16,), range=206..10742, coefficients shape=(16, 2), sample_weights shape=(16,), zero_neighbor_targets=0
GRAB train batch 6: pair_ids shape=(16,), range=130..10728, coefficients shape=(16, 2), sample_weights shape=(16,), zero_neighbor_targets=0
GRAB train batch 7: pair_ids shape=(16,), range=19..9954, coefficients shape=(16, 2), sample_weights shape=(16,), zero_neighbor_targets=0
GRAB train batch 8: pair_ids shape=(16,), range=31..8841, coefficients shape=(16, 2), sample_weights shape=(16,), zero_neighbor_targets=0
GRAB train batch 9: pair_ids shape=(16,), range=17..8510, coefficients shape=(16, 2), sample_weights shape=(16,), zero_neighbor_targets=0
GRAB train batch 10: pair_ids shape=(16,), range=159..8876, coefficients shape=(16, 2), sample_weights shape=(16,), zero_neighbor_targets=0
GRAB train batch 11: pair_ids shape=(16,), range=3..10393, coefficients shape=(16, 2), sample_weights shape=(16,), zero_neighbor_targets=0
GRAB train batch 12: pair_ids shape=(16,), range=14..10502, coefficients shape=(16, 2), sample_weights shape=(16,), zero_neighbor_targets=0
GRAB train batch 13: pair_ids shape=(16,), range=8..8001, coefficients shape=(16, 2), sample_weights shape=(16,), zero_neighbor_targets=0
GRAB train batch 14: pair_ids shape=(16,), range=4..9939, coefficients shape=(16, 2), sample_weights shape=(16,), zero_neighbor_targets=0
GRAB train batch 15: pair_ids shape=(16,), range=23..6785, coefficients shape=(16, 2), sample_weights shape=(16,), zero_neighbor_targets=0
GRAB train batch 16: pair_ids shape=(16,), range=26..8903, coefficients shape=(16, 2), sample_weights shape=(16,), zero_neighbor_targets=0
GRAB train batch 17: pair_ids shape=(16,), range=1..10299, coefficients shape=(16, 2), sample_weights shape=(16,), zero_neighbor_targets=0
GRAB train batch 18: pair_ids shape=(16,), range=71..10811, coefficients shape=(16, 2), sample_weights shape=(16,), zero_neighbor_targets=0
GRAB train batch 19: pair_ids shape=(16,), range=137..9937, coefficients shape=(16, 2), sample_weights shape=(16,), zero_neighbor_targets=0
GRAB train batch 20: pair_ids shape=(16,), range=9..10475, coefficients shape=(16, 2), sample_weights shape=(16,), zero_neighbor_targets=0
GRAB train batch 21: pair_ids shape=(16,), range=95..5865, coefficients shape=(16, 2), sample_weights shape=(16,), zero_neighbor_targets=0
GRAB train batch 22: pair_ids shape=(16,), range=150..5171, coefficients shape=(16, 2), sample_weights shape=(16,), zero_neighbor_targets=0
GRAB train batch 23: pair_ids shape=(16,), range=32..10009, coefficients shape=(16, 2), sample_weights shape=(16,), zero_neighbor_targets=0
GRAB train batch 24: pair_ids shape=(16,), range=178..10225, coefficients shape=(16, 2), sample_weights shape=(16,), zero_neighbor_targets=0
GRAB train batch 25: pair_ids shape=(16,), range=72..10522, coefficients shape=(16, 2), sample_weights shape=(16,), zero_neighbor_targets=0
GRAB train batch 26: pair_ids shape=(16,), range=57..10851, coefficients shape=(16, 2), sample_weights shape=(16,), zero_neighbor_targets=0
GRAB train batch 27: pair_ids shape=(16,), range=101..10836, coefficients shape=(16, 2), sample_weights shape=(16,), zero_neighbor_targets=0
GRAB train batch 28: pair_ids shape=(16,), range=97..7304, coefficients shape=(16, 2), sample_weights shape=(16,), zero_neighbor_targets=0
GRAB train batch 29: pair_ids shape=(16,), range=37..5059, coefficients shape=(16, 2), sample_weights shape=(16,), zero_neighbor_targets=0
GRAB train batch 30: pair_ids shape=(16,), range=110..8745, coefficients shape=(16, 2), sample_weights shape=(16,), zero_neighbor_targets=0
GRAB train batch 31: pair_ids shape=(16,), range=0..6818, coefficients shape=(16, 2), sample_weights shape=(16,), zero_neighbor_targets=0
GRAB train batch 32: pair_ids shape=(16,), range=20..10453, coefficients shape=(16, 2), sample_weights shape=(16,), zero_neighbor_targets=0
GRAB train batch 33: pair_ids shape=(16,), range=132..8729, coefficients shape=(16, 2), sample_weights shape=(16,), zero_neighbor_targets=0
GRAB train batch 34: pair_ids shape=(16,), range=125..6569, coefficients shape=(16, 2), sample_weights shape=(16,), zero_neighbor_targets=0
GRAB train batch 35: pair_ids shape=(16,), range=86..9995, coefficients shape=(16, 2), sample_weights shape=(16,), zero_neighbor_targets=0
GRAB train batch 36: pair_ids shape=(16,), range=81..10237, coefficients shape=(16, 2), sample_weights shape=(16,), zero_neighbor_targets=0
GRAB train batch 37: pair_ids shape=(16,), range=12..10850, coefficients shape=(16, 2), sample_weights shape=(16,), zero_neighbor_targets=0
GRAB train batch 38: pair_ids shape=(16,), range=47..9698, coefficients shape=(16, 2), sample_weights shape=(16,), zero_neighbor_targets=0
GRAB train batch 39: pair_ids shape=(16,), range=60..9622, coefficients shape=(16, 2), sample_weights shape=(16,), zero_neighbor_targets=0
GRAB train batch 40: pair_ids shape=(16,), range=46..10404, coefficients shape=(16, 2), sample_weights shape=(16,), zero_neighbor_targets=0
GRAB train batch 41: pair_ids shape=(16,), range=16..8594, coefficients shape=(16, 2), sample_weights shape=(16,), zero_neighbor_targets=0
GRAB train batch 42: pair_ids shape=(16,), range=102..10935, coefficients shape=(16, 2), sample_weights shape=(16,), zero_neighbor_targets=0
GRAB train batch 43: pair_ids shape=(16,), range=27..10891, coefficients shape=(16, 2), sample_weights shape=(16,), zero_neighbor_targets=0
GRAB train batch 44: pair_ids shape=(16,), range=15..10384, coefficients shape=(16, 2), sample_weights shape=(16,), zero_neighbor_targets=0
GRAB train batch 45: pair_ids shape=(16,), range=18..10685, coefficients shape=(16, 2), sample_weights shape=(16,), zero_neighbor_targets=0
GRAB train batch 46: pair_ids shape=(16,), range=34..10471, coefficients shape=(16, 2), sample_weights shape=(16,), zero_neighbor_targets=0
GRAB train batch 47: pair_ids shape=(16,), range=38..10627, coefficients shape=(16, 2), sample_weights shape=(16,), zero_neighbor_targets=0
GRAB train batch 48: pair_ids shape=(16,), range=109..8731, coefficients shape=(16, 2), sample_weights shape=(16,), zero_neighbor_targets=0
GRAB train batch 49: pair_ids shape=(16,), range=66..7511, coefficients shape=(16, 2), sample_weights shape=(16,), zero_neighbor_targets=0
GRAB train batch 50: pair_ids shape=(16,), range=25..10248, coefficients shape=(16, 2), sample_weights shape=(16,), zero_neighbor_targets=0
GRAB train batch 51: pair_ids shape=(16,), range=103..9608, coefficients shape=(16, 2), sample_weights shape=(16,), zero_neighbor_targets=0
GRAB train batch 52: pair_ids shape=(16,), range=87..10500, coefficients shape=(16, 2), sample_weights shape=(16,), zero_neighbor_targets=0
GRAB train batch 53: pair_ids shape=(16,), range=50..10795, coefficients shape=(16, 2), sample_weights shape=(16,), zero_neighbor_targets=0
GRAB train batch 54: pair_ids shape=(16,), range=10..6499, coefficients shape=(16, 2), sample_weights shape=(16,), zero_neighbor_targets=0
GRAB train batch 55: pair_ids shape=(16,), range=2..10259, coefficients shape=(16, 2), sample_weights shape=(16,), zero_neighbor_targets=0
GRAB train batch 56: pair_ids shape=(16,), range=52..9840, coefficients shape=(16, 2), sample_weights shape=(16,), zero_neighbor_targets=0
GRAB train batch 57: pair_ids shape=(16,), range=100..7829, coefficients shape=(16, 2), sample_weights shape=(16,), zero_neighbor_targets=0
GRAB train batch 58: pair_ids shape=(16,), range=33..7952, coefficients shape=(16, 2), sample_weights shape=(16,), zero_neighbor_targets=0
GRAB train batch 59: pair_ids shape=(16,), range=22..7921, coefficients shape=(16, 2), sample_weights shape=(16,), zero_neighbor_targets=0
GRAB train batch 60: pair_ids shape=(16,), range=44..8658, coefficients shape=(16, 2), sample_weights shape=(16,), zero_neighbor_targets=0
GRAB train batch 61: pair_ids shape=(16,), range=217..10987, coefficients shape=(16, 2), sample_weights shape=(16,), zero_neighbor_targets=0
GRAB train batch 62: pair_ids shape=(16,), range=35..10227, coefficients shape=(16, 2), sample_weights shape=(16,), zero_neighbor_targets=0
GRAB train batch 63: pair_ids shape=(16,), range=69..10264, coefficients shape=(16, 2), sample_weights shape=(16,), zero_neighbor_targets=0
GRAB train batch 64: pair_ids shape=(16,), range=36..10398, coefficients shape=(16, 2), sample_weights shape=(16,), zero_neighbor_targets=0
GRAB train batch 65: pair_ids shape=(16,), range=5..10988, coefficients shape=(16, 2), sample_weights shape=(16,), zero_neighbor_targets=0
GRAB train batch 66: pair_ids shape=(16,), range=43..10205, coefficients shape=(16, 2), sample_weights shape=(16,), zero_neighbor_targets=0
GRAB train batch 67: pair_ids shape=(16,), range=65..7405, coefficients shape=(16, 2), sample_weights shape=(16,), zero_neighbor_targets=0
GRAB train batch 68: pair_ids shape=(16,), range=63..10817, coefficients shape=(16, 2), sample_weights shape=(16,), zero_neighbor_targets=0
GRAB train batch 69: pair_ids shape=(16,), range=6..10800, coefficients shape=(16, 2), sample_weights shape=(16,), zero_neighbor_targets=0
GRAB train batch 70: pair_ids shape=(16,), range=157..7369, coefficients shape=(16, 2), sample_weights shape=(16,), zero_neighbor_targets=0
GRAB train batch 71: pair_ids shape=(16,), range=59..10662, coefficients shape=(16, 2), sample_weights shape=(16,), zero_neighbor_targets=0
GRAB train batch 72: pair_ids shape=(16,), range=94..10984, coefficients shape=(16, 2), sample_weights shape=(16,), zero_neighbor_targets=0
GRAB train batch 73: pair_ids shape=(16,), range=75..8772, coefficients shape=(16, 2), sample_weights shape=(16,), zero_neighbor_targets=0
GRAB train batch 74: pair_ids shape=(16,), range=48..10994, coefficients shape=(16, 2), sample_weights shape=(16,), zero_neighbor_targets=0
GRAB train batch 75: pair_ids shape=(16,), range=226..9739, coefficients shape=(16, 2), sample_weights shape=(16,), zero_neighbor_targets=0
GRAB train batch 76: pair_ids shape=(16,), range=42..10312, coefficients shape=(16, 2), sample_weights shape=(16,), zero_neighbor_targets=0
GRAB train batch 77: pair_ids shape=(12,), range=7..4213, coefficients shape=(12, 2), sample_weights shape=(12,), zero_neighbor_targets=0
VALIDATION
valid epoch balanced_accuracy: 0.439655
EPOCH 75:
GRAB train batch 1: pair_ids shape=(16,), range=13..10225, coefficients shape=(16, 2), sample_weights shape=(16,), zero_neighbor_targets=0
GRAB train batch 2: pair_ids shape=(16,), range=22..9939, coefficients shape=(16, 2), sample_weights shape=(16,), zero_neighbor_targets=0
GRAB train batch 3: pair_ids shape=(16,), range=169..9698, coefficients shape=(16, 2), sample_weights shape=(16,), zero_neighbor_targets=0
GRAB train batch 4: pair_ids shape=(16,), range=232..5727, coefficients shape=(16, 2), sample_weights shape=(16,), zero_neighbor_targets=0
GRAB train batch 5: pair_ids shape=(16,), range=17..10627, coefficients shape=(16, 2), sample_weights shape=(16,), zero_neighbor_targets=0
GRAB train batch 6: pair_ids shape=(16,), range=55..7411, coefficients shape=(16, 2), sample_weights shape=(16,), zero_neighbor_targets=0
GRAB train batch 7: pair_ids shape=(16,), range=135..10360, coefficients shape=(16, 2), sample_weights shape=(16,), zero_neighbor_targets=0
GRAB train batch 8: pair_ids shape=(16,), range=9..9914, coefficients shape=(16, 2), sample_weights shape=(16,), zero_neighbor_targets=0
GRAB train batch 9: pair_ids shape=(16,), range=114..8081, coefficients shape=(16, 2), sample_weights shape=(16,), zero_neighbor_targets=0
GRAB train batch 10: pair_ids shape=(16,), range=80..10447, coefficients shape=(16, 2), sample_weights shape=(16,), zero_neighbor_targets=0
GRAB train batch 11: pair_ids shape=(16,), range=35..10988, coefficients shape=(16, 2), sample_weights shape=(16,), zero_neighbor_targets=0
GRAB train batch 12: pair_ids shape=(16,), range=21..10384, coefficients shape=(16, 2), sample_weights shape=(16,), zero_neighbor_targets=0
GRAB train batch 13: pair_ids shape=(16,), range=2..9954, coefficients shape=(16, 2), sample_weights shape=(16,), zero_neighbor_targets=0
GRAB train batch 14: pair_ids shape=(16,), range=33..10994, coefficients shape=(16, 2), sample_weights shape=(16,), zero_neighbor_targets=0
GRAB train batch 15: pair_ids shape=(16,), range=83..10462, coefficients shape=(16, 2), sample_weights shape=(16,), zero_neighbor_targets=0
GRAB train batch 16: pair_ids shape=(16,), range=38..10685, coefficients shape=(16, 2), sample_weights shape=(16,), zero_neighbor_targets=0
GRAB train batch 17: pair_ids shape=(16,), range=46..9546, coefficients shape=(16, 2), sample_weights shape=(16,), zero_neighbor_targets=0
GRAB train batch 18: pair_ids shape=(16,), range=50..10374, coefficients shape=(16, 2), sample_weights shape=(16,), zero_neighbor_targets=0
GRAB train batch 19: pair_ids shape=(16,), range=7..8510, coefficients shape=(16, 2), sample_weights shape=(16,), zero_neighbor_targets=0
GRAB train batch 20: pair_ids shape=(16,), range=11..6812, coefficients shape=(16, 2), sample_weights shape=(16,), zero_neighbor_targets=0
GRAB train batch 21: pair_ids shape=(16,), range=8..9818, coefficients shape=(16, 2), sample_weights shape=(16,), zero_neighbor_targets=0
GRAB train batch 22: pair_ids shape=(16,), range=12..10248, coefficients shape=(16, 2), sample_weights shape=(16,), zero_neighbor_targets=0
GRAB train batch 23: pair_ids shape=(16,), range=0..7879, coefficients shape=(16, 2), sample_weights shape=(16,), zero_neighbor_targets=0
GRAB train batch 24: pair_ids shape=(16,), range=155..10312, coefficients shape=(16, 2), sample_weights shape=(16,), zero_neighbor_targets=0
GRAB train batch 25: pair_ids shape=(16,), range=162..4184, coefficients shape=(16, 2), sample_weights shape=(16,), zero_neighbor_targets=0
GRAB train batch 26: pair_ids shape=(16,), range=59..10411, coefficients shape=(16, 2), sample_weights shape=(16,), zero_neighbor_targets=0
GRAB train batch 27: pair_ids shape=(16,), range=102..5080, coefficients shape=(16, 2), sample_weights shape=(16,), zero_neighbor_targets=0
GRAB train batch 28: pair_ids shape=(16,), range=4..9913, coefficients shape=(16, 2), sample_weights shape=(16,), zero_neighbor_targets=0
GRAB train batch 29: pair_ids shape=(16,), range=24..5808, coefficients shape=(16, 2), sample_weights shape=(16,), zero_neighbor_targets=0
GRAB train batch 30: pair_ids shape=(16,), range=20..7346, coefficients shape=(16, 2), sample_weights shape=(16,), zero_neighbor_targets=0
GRAB train batch 31: pair_ids shape=(16,), range=90..10475, coefficients shape=(16, 2), sample_weights shape=(16,), zero_neighbor_targets=0
GRAB train batch 32: pair_ids shape=(16,), range=85..10850, coefficients shape=(16, 2), sample_weights shape=(16,), zero_neighbor_targets=0
GRAB train batch 33: pair_ids shape=(16,), range=1..6419, coefficients shape=(16, 2), sample_weights shape=(16,), zero_neighbor_targets=0
GRAB train batch 34: pair_ids shape=(16,), range=66..10987, coefficients shape=(16, 2), sample_weights shape=(16,), zero_neighbor_targets=0
GRAB train batch 35: pair_ids shape=(16,), range=72..10396, coefficients shape=(16, 2), sample_weights shape=(16,), zero_neighbor_targets=0
GRAB train batch 36: pair_ids shape=(16,), range=26..9995, coefficients shape=(16, 2), sample_weights shape=(16,), zero_neighbor_targets=0
GRAB train batch 37: pair_ids shape=(16,), range=39..10600, coefficients shape=(16, 2), sample_weights shape=(16,), zero_neighbor_targets=0
GRAB train batch 38: pair_ids shape=(16,), range=205..10009, coefficients shape=(16, 2), sample_weights shape=(16,), zero_neighbor_targets=0
GRAB train batch 39: pair_ids shape=(16,), range=61..10764, coefficients shape=(16, 2), sample_weights shape=(16,), zero_neighbor_targets=0
GRAB train batch 40: pair_ids shape=(16,), range=53..10500, coefficients shape=(16, 2), sample_weights shape=(16,), zero_neighbor_targets=0
GRAB train batch 41: pair_ids shape=(16,), range=95..10935, coefficients shape=(16, 2), sample_weights shape=(16,), zero_neighbor_targets=0
GRAB train batch 42: pair_ids shape=(16,), range=34..10891, coefficients shape=(16, 2), sample_weights shape=(16,), zero_neighbor_targets=0
GRAB train batch 43: pair_ids shape=(16,), range=388..10502, coefficients shape=(16, 2), sample_weights shape=(16,), zero_neighbor_targets=0
GRAB train batch 44: pair_ids shape=(16,), range=69..7369, coefficients shape=(16, 2), sample_weights shape=(16,), zero_neighbor_targets=0
GRAB train batch 45: pair_ids shape=(16,), range=63..8911, coefficients shape=(16, 2), sample_weights shape=(16,), zero_neighbor_targets=0
GRAB train batch 46: pair_ids shape=(16,), range=237..10851, coefficients shape=(16, 2), sample_weights shape=(16,), zero_neighbor_targets=0
GRAB train batch 47: pair_ids shape=(16,), range=16..8163, coefficients shape=(16, 2), sample_weights shape=(16,), zero_neighbor_targets=0
GRAB train batch 48: pair_ids shape=(16,), range=128..8373, coefficients shape=(16, 2), sample_weights shape=(16,), zero_neighbor_targets=0
GRAB train batch 49: pair_ids shape=(16,), range=31..10524, coefficients shape=(16, 2), sample_weights shape=(16,), zero_neighbor_targets=0
GRAB train batch 50: pair_ids shape=(16,), range=3..8951, coefficients shape=(16, 2), sample_weights shape=(16,), zero_neighbor_targets=0
GRAB train batch 51: pair_ids shape=(16,), range=234..7583, coefficients shape=(16, 2), sample_weights shape=(16,), zero_neighbor_targets=0
GRAB train batch 52: pair_ids shape=(16,), range=25..10795, coefficients shape=(16, 2), sample_weights shape=(16,), zero_neighbor_targets=0
GRAB train batch 53: pair_ids shape=(16,), range=136..10811, coefficients shape=(16, 2), sample_weights shape=(16,), zero_neighbor_targets=0
GRAB train batch 54: pair_ids shape=(16,), range=175..10836, coefficients shape=(16, 2), sample_weights shape=(16,), zero_neighbor_targets=0
GRAB train batch 55: pair_ids shape=(16,), range=10..4195, coefficients shape=(16, 2), sample_weights shape=(16,), zero_neighbor_targets=0
GRAB train batch 56: pair_ids shape=(16,), range=6..10331, coefficients shape=(16, 2), sample_weights shape=(16,), zero_neighbor_targets=0
GRAB train batch 57: pair_ids shape=(16,), range=27..10772, coefficients shape=(16, 2), sample_weights shape=(16,), zero_neighbor_targets=0
GRAB train batch 58: pair_ids shape=(16,), range=134..10522, coefficients shape=(16, 2), sample_weights shape=(16,), zero_neighbor_targets=0
GRAB train batch 59: pair_ids shape=(16,), range=156..10800, coefficients shape=(16, 2), sample_weights shape=(16,), zero_neighbor_targets=0
GRAB train batch 60: pair_ids shape=(16,), range=30..10227, coefficients shape=(16, 2), sample_weights shape=(16,), zero_neighbor_targets=0
GRAB train batch 61: pair_ids shape=(16,), range=45..10473, coefficients shape=(16, 2), sample_weights shape=(16,), zero_neighbor_targets=0
GRAB train batch 62: pair_ids shape=(16,), range=5..6385, coefficients shape=(16, 2), sample_weights shape=(16,), zero_neighbor_targets=0
GRAB train batch 63: pair_ids shape=(16,), range=60..10590, coefficients shape=(16, 2), sample_weights shape=(16,), zero_neighbor_targets=0
GRAB train batch 64: pair_ids shape=(16,), range=154..9892, coefficients shape=(16, 2), sample_weights shape=(16,), zero_neighbor_targets=0
GRAB train batch 65: pair_ids shape=(16,), range=18..3364, coefficients shape=(16, 2), sample_weights shape=(16,), zero_neighbor_targets=0
GRAB train batch 66: pair_ids shape=(16,), range=44..10984, coefficients shape=(16, 2), sample_weights shape=(16,), zero_neighbor_targets=0
GRAB train batch 67: pair_ids shape=(16,), range=19..10728, coefficients shape=(16, 2), sample_weights shape=(16,), zero_neighbor_targets=0
GRAB train batch 68: pair_ids shape=(16,), range=110..8858, coefficients shape=(16, 2), sample_weights shape=(16,), zero_neighbor_targets=0
GRAB train batch 69: pair_ids shape=(16,), range=36..7251, coefficients shape=(16, 2), sample_weights shape=(16,), zero_neighbor_targets=0
GRAB train batch 70: pair_ids shape=(16,), range=74..8745, coefficients shape=(16, 2), sample_weights shape=(16,), zero_neighbor_targets=0
GRAB train batch 71: pair_ids shape=(16,), range=49..1559, coefficients shape=(16, 2), sample_weights shape=(16,), zero_neighbor_targets=0
GRAB train batch 72: pair_ids shape=(16,), range=28..10362, coefficients shape=(16, 2), sample_weights shape=(16,), zero_neighbor_targets=0
GRAB train batch 73: pair_ids shape=(16,), range=99..10471, coefficients shape=(16, 2), sample_weights shape=(16,), zero_neighbor_targets=0
GRAB train batch 74: pair_ids shape=(16,), range=23..7952, coefficients shape=(16, 2), sample_weights shape=(16,), zero_neighbor_targets=0
GRAB train batch 75: pair_ids shape=(16,), range=78..10404, coefficients shape=(16, 2), sample_weights shape=(16,), zero_neighbor_targets=0
GRAB train batch 76: pair_ids shape=(16,), range=42..6838, coefficients shape=(16, 2), sample_weights shape=(16,), zero_neighbor_targets=0
GRAB train batch 77: pair_ids shape=(12,), range=377..7511, coefficients shape=(12, 2), sample_weights shape=(12,), zero_neighbor_targets=0
VALIDATION
valid epoch balanced_accuracy: 0.540230
EPOCH 76:
GRAB train batch 1: pair_ids shape=(16,), range=23..10817, coefficients shape=(16, 2), sample_weights shape=(16,), zero_neighbor_targets=0
GRAB train batch 2: pair_ids shape=(16,), range=18..10984, coefficients shape=(16, 2), sample_weights shape=(16,), zero_neighbor_targets=0
GRAB train batch 3: pair_ids shape=(16,), range=26..10522, coefficients shape=(16, 2), sample_weights shape=(16,), zero_neighbor_targets=0
GRAB train batch 4: pair_ids shape=(16,), range=125..10764, coefficients shape=(16, 2), sample_weights shape=(16,), zero_neighbor_targets=0
GRAB train batch 5: pair_ids shape=(16,), range=111..10473, coefficients shape=(16, 2), sample_weights shape=(16,), zero_neighbor_targets=0
GRAB train batch 6: pair_ids shape=(16,), range=54..7536, coefficients shape=(16, 2), sample_weights shape=(16,), zero_neighbor_targets=0
GRAB train batch 7: pair_ids shape=(16,), range=3..10475, coefficients shape=(16, 2), sample_weights shape=(16,), zero_neighbor_targets=0
GRAB train batch 8: pair_ids shape=(16,), range=98..8472, coefficients shape=(16, 2), sample_weights shape=(16,), zero_neighbor_targets=0
GRAB train batch 9: pair_ids shape=(16,), range=47..8521, coefficients shape=(16, 2), sample_weights shape=(16,), zero_neighbor_targets=0
GRAB train batch 10: pair_ids shape=(16,), range=9..10662, coefficients shape=(16, 2), sample_weights shape=(16,), zero_neighbor_targets=0
GRAB train batch 11: pair_ids shape=(16,), range=21..10988, coefficients shape=(16, 2), sample_weights shape=(16,), zero_neighbor_targets=0
GRAB train batch 12: pair_ids shape=(16,), range=1..8157, coefficients shape=(16, 2), sample_weights shape=(16,), zero_neighbor_targets=0
GRAB train batch 13: pair_ids shape=(16,), range=82..7511, coefficients shape=(16, 2), sample_weights shape=(16,), zero_neighbor_targets=0
GRAB train batch 14: pair_ids shape=(16,), range=38..10404, coefficients shape=(16, 2), sample_weights shape=(16,), zero_neighbor_targets=0
GRAB train batch 15: pair_ids shape=(16,), range=20..10800, coefficients shape=(16, 2), sample_weights shape=(16,), zero_neighbor_targets=0
GRAB train batch 16: pair_ids shape=(16,), range=151..10396, coefficients shape=(16, 2), sample_weights shape=(16,), zero_neighbor_targets=0
GRAB train batch 17: pair_ids shape=(16,), range=30..7913, coefficients shape=(16, 2), sample_weights shape=(16,), zero_neighbor_targets=0
GRAB train batch 18: pair_ids shape=(16,), range=15..7522, coefficients shape=(16, 2), sample_weights shape=(16,), zero_neighbor_targets=0
GRAB train batch 19: pair_ids shape=(16,), range=0..9795, coefficients shape=(16, 2), sample_weights shape=(16,), zero_neighbor_targets=0
GRAB train batch 20: pair_ids shape=(16,), range=53..10362, coefficients shape=(16, 2), sample_weights shape=(16,), zero_neighbor_targets=0
GRAB train batch 21: pair_ids shape=(16,), range=67..8678, coefficients shape=(16, 2), sample_weights shape=(16,), zero_neighbor_targets=0
GRAB train batch 22: pair_ids shape=(16,), range=168..8001, coefficients shape=(16, 2), sample_weights shape=(16,), zero_neighbor_targets=0
GRAB train batch 23: pair_ids shape=(16,), range=159..8594, coefficients shape=(16, 2), sample_weights shape=(16,), zero_neighbor_targets=0
GRAB train batch 24: pair_ids shape=(16,), range=5..7942, coefficients shape=(16, 2), sample_weights shape=(16,), zero_neighbor_targets=0
GRAB train batch 25: pair_ids shape=(16,), range=35..10009, coefficients shape=(16, 2), sample_weights shape=(16,), zero_neighbor_targets=0
GRAB train batch 26: pair_ids shape=(16,), range=4..10312, coefficients shape=(16, 2), sample_weights shape=(16,), zero_neighbor_targets=0
GRAB train batch 27: pair_ids shape=(16,), range=12..10850, coefficients shape=(16, 2), sample_weights shape=(16,), zero_neighbor_targets=0
GRAB train batch 28: pair_ids shape=(16,), range=280..10728, coefficients shape=(16, 2), sample_weights shape=(16,), zero_neighbor_targets=0
GRAB train batch 29: pair_ids shape=(16,), range=68..6596, coefficients shape=(16, 2), sample_weights shape=(16,), zero_neighbor_targets=0
GRAB train batch 30: pair_ids shape=(16,), range=79..8370, coefficients shape=(16, 2), sample_weights shape=(16,), zero_neighbor_targets=0
GRAB train batch 31: pair_ids shape=(16,), range=36..10772, coefficients shape=(16, 2), sample_weights shape=(16,), zero_neighbor_targets=0
GRAB train batch 32: pair_ids shape=(16,), range=28..10227, coefficients shape=(16, 2), sample_weights shape=(16,), zero_neighbor_targets=0
GRAB train batch 33: pair_ids shape=(16,), range=6..10742, coefficients shape=(16, 2), sample_weights shape=(16,), zero_neighbor_targets=0
GRAB train batch 34: pair_ids shape=(16,), range=58..10600, coefficients shape=(16, 2), sample_weights shape=(16,), zero_neighbor_targets=0
GRAB train batch 35: pair_ids shape=(16,), range=29..7867, coefficients shape=(16, 2), sample_weights shape=(16,), zero_neighbor_targets=0
GRAB train batch 36: pair_ids shape=(16,), range=41..10205, coefficients shape=(16, 2), sample_weights shape=(16,), zero_neighbor_targets=0
GRAB train batch 37: pair_ids shape=(16,), range=63..10384, coefficients shape=(16, 2), sample_weights shape=(16,), zero_neighbor_targets=0
GRAB train batch 38: pair_ids shape=(16,), range=52..4408, coefficients shape=(16, 2), sample_weights shape=(16,), zero_neighbor_targets=0
GRAB train batch 39: pair_ids shape=(16,), range=88..8911, coefficients shape=(16, 2), sample_weights shape=(16,), zero_neighbor_targets=0
GRAB train batch 40: pair_ids shape=(16,), range=217..9937, coefficients shape=(16, 2), sample_weights shape=(16,), zero_neighbor_targets=0
GRAB train batch 41: pair_ids shape=(16,), range=124..7894, coefficients shape=(16, 2), sample_weights shape=(16,), zero_neighbor_targets=0
GRAB train batch 42: pair_ids shape=(16,), range=128..10891, coefficients shape=(16, 2), sample_weights shape=(16,), zero_neighbor_targets=0
GRAB train batch 43: pair_ids shape=(16,), range=50..10248, coefficients shape=(16, 2), sample_weights shape=(16,), zero_neighbor_targets=0
GRAB train batch 44: pair_ids shape=(16,), range=39..9608, coefficients shape=(16, 2), sample_weights shape=(16,), zero_neighbor_targets=0
GRAB train batch 45: pair_ids shape=(16,), range=59..10500, coefficients shape=(16, 2), sample_weights shape=(16,), zero_neighbor_targets=0
GRAB train batch 46: pair_ids shape=(16,), range=105..10502, coefficients shape=(16, 2), sample_weights shape=(16,), zero_neighbor_targets=0
GRAB train batch 47: pair_ids shape=(16,), range=24..10994, coefficients shape=(16, 2), sample_weights shape=(16,), zero_neighbor_targets=0
GRAB train batch 48: pair_ids shape=(16,), range=90..10471, coefficients shape=(16, 2), sample_weights shape=(16,), zero_neighbor_targets=0
GRAB train batch 49: pair_ids shape=(16,), range=157..10259, coefficients shape=(16, 2), sample_weights shape=(16,), zero_neighbor_targets=0
GRAB train batch 50: pair_ids shape=(16,), range=80..9913, coefficients shape=(16, 2), sample_weights shape=(16,), zero_neighbor_targets=0
GRAB train batch 51: pair_ids shape=(16,), range=227..10264, coefficients shape=(16, 2), sample_weights shape=(16,), zero_neighbor_targets=0
GRAB train batch 52: pair_ids shape=(16,), range=110..10987, coefficients shape=(16, 2), sample_weights shape=(16,), zero_neighbor_targets=0
GRAB train batch 53: pair_ids shape=(16,), range=167..7829, coefficients shape=(16, 2), sample_weights shape=(16,), zero_neighbor_targets=0
GRAB train batch 54: pair_ids shape=(16,), range=45..8951, coefficients shape=(16, 2), sample_weights shape=(16,), zero_neighbor_targets=0
GRAB train batch 55: pair_ids shape=(16,), range=99..9818, coefficients shape=(16, 2), sample_weights shape=(16,), zero_neighbor_targets=0
GRAB train batch 56: pair_ids shape=(16,), range=42..6274, coefficients shape=(16, 2), sample_weights shape=(16,), zero_neighbor_targets=0
GRAB train batch 57: pair_ids shape=(16,), range=11..10935, coefficients shape=(16, 2), sample_weights shape=(16,), zero_neighbor_targets=0
GRAB train batch 58: pair_ids shape=(16,), range=48..10277, coefficients shape=(16, 2), sample_weights shape=(16,), zero_neighbor_targets=0
GRAB train batch 59: pair_ids shape=(16,), range=8..8200, coefficients shape=(16, 2), sample_weights shape=(16,), zero_neighbor_targets=0
GRAB train batch 60: pair_ids shape=(16,), range=51..10627, coefficients shape=(16, 2), sample_weights shape=(16,), zero_neighbor_targets=0
GRAB train batch 61: pair_ids shape=(16,), range=91..7815, coefficients shape=(16, 2), sample_weights shape=(16,), zero_neighbor_targets=0
GRAB train batch 62: pair_ids shape=(16,), range=16..9598, coefficients shape=(16, 2), sample_weights shape=(16,), zero_neighbor_targets=0
GRAB train batch 63: pair_ids shape=(16,), range=219..10836, coefficients shape=(16, 2), sample_weights shape=(16,), zero_neighbor_targets=0
GRAB train batch 64: pair_ids shape=(16,), range=143..7510, coefficients shape=(16, 2), sample_weights shape=(16,), zero_neighbor_targets=0
GRAB train batch 65: pair_ids shape=(16,), range=17..7975, coefficients shape=(16, 2), sample_weights shape=(16,), zero_neighbor_targets=0
GRAB train batch 66: pair_ids shape=(16,), range=114..9887, coefficients shape=(16, 2), sample_weights shape=(16,), zero_neighbor_targets=0
GRAB train batch 67: pair_ids shape=(16,), range=93..10851, coefficients shape=(16, 2), sample_weights shape=(16,), zero_neighbor_targets=0
GRAB train batch 68: pair_ids shape=(16,), range=7..9914, coefficients shape=(16, 2), sample_weights shape=(16,), zero_neighbor_targets=0
GRAB train batch 69: pair_ids shape=(16,), range=131..10685, coefficients shape=(16, 2), sample_weights shape=(16,), zero_neighbor_targets=0
GRAB train batch 70: pair_ids shape=(16,), range=62..6159, coefficients shape=(16, 2), sample_weights shape=(16,), zero_neighbor_targets=0
GRAB train batch 71: pair_ids shape=(16,), range=117..7872, coefficients shape=(16, 2), sample_weights shape=(16,), zero_neighbor_targets=0
GRAB train batch 72: pair_ids shape=(16,), range=14..10590, coefficients shape=(16, 2), sample_weights shape=(16,), zero_neighbor_targets=0
GRAB train batch 73: pair_ids shape=(16,), range=61..10435, coefficients shape=(16, 2), sample_weights shape=(16,), zero_neighbor_targets=0
GRAB train batch 74: pair_ids shape=(16,), range=2..8373, coefficients shape=(16, 2), sample_weights shape=(16,), zero_neighbor_targets=0
GRAB train batch 75: pair_ids shape=(16,), range=22..8313, coefficients shape=(16, 2), sample_weights shape=(16,), zero_neighbor_targets=0
GRAB train batch 76: pair_ids shape=(16,), range=44..8491, coefficients shape=(16, 2), sample_weights shape=(16,), zero_neighbor_targets=0
GRAB train batch 77: pair_ids shape=(12,), range=31..10795, coefficients shape=(12, 2), sample_weights shape=(12,), zero_neighbor_targets=0
VALIDATION
valid epoch balanced_accuracy: 0.522989
EPOCH 77:
GRAB train batch 1: pair_ids shape=(16,), range=22..6812, coefficients shape=(16, 2), sample_weights shape=(16,), zero_neighbor_targets=0
GRAB train batch 2: pair_ids shape=(16,), range=42..10988, coefficients shape=(16, 2), sample_weights shape=(16,), zero_neighbor_targets=0
GRAB train batch 3: pair_ids shape=(16,), range=34..8671, coefficients shape=(16, 2), sample_weights shape=(16,), zero_neighbor_targets=0
GRAB train batch 4: pair_ids shape=(16,), range=106..10817, coefficients shape=(16, 2), sample_weights shape=(16,), zero_neighbor_targets=0
GRAB train batch 5: pair_ids shape=(16,), range=93..8313, coefficients shape=(16, 2), sample_weights shape=(16,), zero_neighbor_targets=0
GRAB train batch 6: pair_ids shape=(16,), range=68..8491, coefficients shape=(16, 2), sample_weights shape=(16,), zero_neighbor_targets=0
GRAB train batch 7: pair_ids shape=(16,), range=61..9887, coefficients shape=(16, 2), sample_weights shape=(16,), zero_neighbor_targets=0
GRAB train batch 8: pair_ids shape=(16,), range=40..10384, coefficients shape=(16, 2), sample_weights shape=(16,), zero_neighbor_targets=0
GRAB train batch 9: pair_ids shape=(16,), range=26..10473, coefficients shape=(16, 2), sample_weights shape=(16,), zero_neighbor_targets=0
GRAB train batch 10: pair_ids shape=(16,), range=29..10259, coefficients shape=(16, 2), sample_weights shape=(16,), zero_neighbor_targets=0
GRAB train batch 11: pair_ids shape=(16,), range=43..10600, coefficients shape=(16, 2), sample_weights shape=(16,), zero_neighbor_targets=0
GRAB train batch 12: pair_ids shape=(16,), range=101..10524, coefficients shape=(16, 2), sample_weights shape=(16,), zero_neighbor_targets=0
GRAB train batch 13: pair_ids shape=(16,), range=1..10772, coefficients shape=(16, 2), sample_weights shape=(16,), zero_neighbor_targets=0
GRAB train batch 14: pair_ids shape=(16,), range=79..10662, coefficients shape=(16, 2), sample_weights shape=(16,), zero_neighbor_targets=0
GRAB train batch 15: pair_ids shape=(16,), range=60..6381, coefficients shape=(16, 2), sample_weights shape=(16,), zero_neighbor_targets=0
GRAB train batch 16: pair_ids shape=(16,), range=183..9954, coefficients shape=(16, 2), sample_weights shape=(16,), zero_neighbor_targets=0
GRAB train batch 17: pair_ids shape=(16,), range=23..9608, coefficients shape=(16, 2), sample_weights shape=(16,), zero_neighbor_targets=0
GRAB train batch 18: pair_ids shape=(16,), range=7..10222, coefficients shape=(16, 2), sample_weights shape=(16,), zero_neighbor_targets=0
GRAB train batch 19: pair_ids shape=(16,), range=28..9937, coefficients shape=(16, 2), sample_weights shape=(16,), zero_neighbor_targets=0
GRAB train batch 20: pair_ids shape=(16,), range=0..10027, coefficients shape=(16, 2), sample_weights shape=(16,), zero_neighbor_targets=0
GRAB train batch 21: pair_ids shape=(16,), range=85..9727, coefficients shape=(16, 2), sample_weights shape=(16,), zero_neighbor_targets=0
GRAB train batch 22: pair_ids shape=(16,), range=19..8594, coefficients shape=(16, 2), sample_weights shape=(16,), zero_neighbor_targets=0
GRAB train batch 23: pair_ids shape=(16,), range=229..9840, coefficients shape=(16, 2), sample_weights shape=(16,), zero_neighbor_targets=0
GRAB train batch 24: pair_ids shape=(16,), range=110..10362, coefficients shape=(16, 2), sample_weights shape=(16,), zero_neighbor_targets=0
GRAB train batch 25: pair_ids shape=(16,), range=203..8370, coefficients shape=(16, 2), sample_weights shape=(16,), zero_neighbor_targets=0
GRAB train batch 26: pair_ids shape=(16,), range=12..9939, coefficients shape=(16, 2), sample_weights shape=(16,), zero_neighbor_targets=0
GRAB train batch 27: pair_ids shape=(16,), range=74..6460, coefficients shape=(16, 2), sample_weights shape=(16,), zero_neighbor_targets=0
GRAB train batch 28: pair_ids shape=(16,), range=53..10502, coefficients shape=(16, 2), sample_weights shape=(16,), zero_neighbor_targets=0
GRAB train batch 29: pair_ids shape=(16,), range=184..9956, coefficients shape=(16, 2), sample_weights shape=(16,), zero_neighbor_targets=0
GRAB train batch 30: pair_ids shape=(16,), range=86..4870, coefficients shape=(16, 2), sample_weights shape=(16,), zero_neighbor_targets=0
GRAB train batch 31: pair_ids shape=(16,), range=169..10984, coefficients shape=(16, 2), sample_weights shape=(16,), zero_neighbor_targets=0
GRAB train batch 32: pair_ids shape=(16,), range=149..10811, coefficients shape=(16, 2), sample_weights shape=(16,), zero_neighbor_targets=0
GRAB train batch 33: pair_ids shape=(16,), range=44..6838, coefficients shape=(16, 2), sample_weights shape=(16,), zero_neighbor_targets=0
GRAB train batch 34: pair_ids shape=(16,), range=70..10227, coefficients shape=(16, 2), sample_weights shape=(16,), zero_neighbor_targets=0
GRAB train batch 35: pair_ids shape=(16,), range=90..10475, coefficients shape=(16, 2), sample_weights shape=(16,), zero_neighbor_targets=0
GRAB train batch 36: pair_ids shape=(16,), range=81..10393, coefficients shape=(16, 2), sample_weights shape=(16,), zero_neighbor_targets=0
GRAB train batch 37: pair_ids shape=(16,), range=21..8903, coefficients shape=(16, 2), sample_weights shape=(16,), zero_neighbor_targets=0
GRAB train batch 38: pair_ids shape=(16,), range=11..9698, coefficients shape=(16, 2), sample_weights shape=(16,), zero_neighbor_targets=0
GRAB train batch 39: pair_ids shape=(16,), range=98..10764, coefficients shape=(16, 2), sample_weights shape=(16,), zero_neighbor_targets=0
GRAB train batch 40: pair_ids shape=(16,), range=6..7619, coefficients shape=(16, 2), sample_weights shape=(16,), zero_neighbor_targets=0
GRAB train batch 41: pair_ids shape=(16,), range=3..10237, coefficients shape=(16, 2), sample_weights shape=(16,), zero_neighbor_targets=0
GRAB train batch 42: pair_ids shape=(16,), range=5..5808, coefficients shape=(16, 2), sample_weights shape=(16,), zero_neighbor_targets=0
GRAB train batch 43: pair_ids shape=(16,), range=84..3295, coefficients shape=(16, 2), sample_weights shape=(16,), zero_neighbor_targets=0
GRAB train batch 44: pair_ids shape=(16,), range=115..10374, coefficients shape=(16, 2), sample_weights shape=(16,), zero_neighbor_targets=0
GRAB train batch 45: pair_ids shape=(16,), range=18..7346, coefficients shape=(16, 2), sample_weights shape=(16,), zero_neighbor_targets=0
GRAB train batch 46: pair_ids shape=(16,), range=138..10537, coefficients shape=(16, 2), sample_weights shape=(16,), zero_neighbor_targets=0
GRAB train batch 47: pair_ids shape=(16,), range=27..8373, coefficients shape=(16, 2), sample_weights shape=(16,), zero_neighbor_targets=0
GRAB train batch 48: pair_ids shape=(16,), range=15..10435, coefficients shape=(16, 2), sample_weights shape=(16,), zero_neighbor_targets=0
GRAB train batch 49: pair_ids shape=(16,), range=37..10398, coefficients shape=(16, 2), sample_weights shape=(16,), zero_neighbor_targets=0
GRAB train batch 50: pair_ids shape=(16,), range=182..10994, coefficients shape=(16, 2), sample_weights shape=(16,), zero_neighbor_targets=0
GRAB train batch 51: pair_ids shape=(16,), range=8..8928, coefficients shape=(16, 2), sample_weights shape=(16,), zero_neighbor_targets=0
GRAB train batch 52: pair_ids shape=(16,), range=58..10471, coefficients shape=(16, 2), sample_weights shape=(16,), zero_neighbor_targets=0
GRAB train batch 53: pair_ids shape=(16,), range=109..10627, coefficients shape=(16, 2), sample_weights shape=(16,), zero_neighbor_targets=0
GRAB train batch 54: pair_ids shape=(16,), range=49..10447, coefficients shape=(16, 2), sample_weights shape=(16,), zero_neighbor_targets=0
GRAB train batch 55: pair_ids shape=(16,), range=121..8590, coefficients shape=(16, 2), sample_weights shape=(16,), zero_neighbor_targets=0
GRAB train batch 56: pair_ids shape=(16,), range=33..10851, coefficients shape=(16, 2), sample_weights shape=(16,), zero_neighbor_targets=0
GRAB train batch 57: pair_ids shape=(16,), range=83..10987, coefficients shape=(16, 2), sample_weights shape=(16,), zero_neighbor_targets=0
GRAB train batch 58: pair_ids shape=(16,), range=177..10685, coefficients shape=(16, 2), sample_weights shape=(16,), zero_neighbor_targets=0
GRAB train batch 59: pair_ids shape=(16,), range=20..10850, coefficients shape=(16, 2), sample_weights shape=(16,), zero_neighbor_targets=0
GRAB train batch 60: pair_ids shape=(16,), range=137..9892, coefficients shape=(16, 2), sample_weights shape=(16,), zero_neighbor_targets=0
GRAB train batch 61: pair_ids shape=(16,), range=52..10248, coefficients shape=(16, 2), sample_weights shape=(16,), zero_neighbor_targets=0
GRAB train batch 62: pair_ids shape=(16,), range=14..10836, coefficients shape=(16, 2), sample_weights shape=(16,), zero_neighbor_targets=0
GRAB train batch 63: pair_ids shape=(16,), range=2..10935, coefficients shape=(16, 2), sample_weights shape=(16,), zero_neighbor_targets=0
GRAB train batch 64: pair_ids shape=(16,), range=219..8670, coefficients shape=(16, 2), sample_weights shape=(16,), zero_neighbor_targets=0
GRAB train batch 65: pair_ids shape=(16,), range=400..8876, coefficients shape=(16, 2), sample_weights shape=(16,), zero_neighbor_targets=0
GRAB train batch 66: pair_ids shape=(16,), range=178..10500, coefficients shape=(16, 2), sample_weights shape=(16,), zero_neighbor_targets=0
GRAB train batch 67: pair_ids shape=(16,), range=72..8841, coefficients shape=(16, 2), sample_weights shape=(16,), zero_neighbor_targets=0
GRAB train batch 68: pair_ids shape=(16,), range=36..10264, coefficients shape=(16, 2), sample_weights shape=(16,), zero_neighbor_targets=0
GRAB train batch 69: pair_ids shape=(16,), range=162..10742, coefficients shape=(16, 2), sample_weights shape=(16,), zero_neighbor_targets=0
GRAB train batch 70: pair_ids shape=(16,), range=38..8731, coefficients shape=(16, 2), sample_weights shape=(16,), zero_neighbor_targets=0
GRAB train batch 71: pair_ids shape=(16,), range=119..10453, coefficients shape=(16, 2), sample_weights shape=(16,), zero_neighbor_targets=0
GRAB train batch 72: pair_ids shape=(16,), range=233..9696, coefficients shape=(16, 2), sample_weights shape=(16,), zero_neighbor_targets=0
GRAB train batch 73: pair_ids shape=(16,), range=51..10312, coefficients shape=(16, 2), sample_weights shape=(16,), zero_neighbor_targets=0
GRAB train batch 74: pair_ids shape=(16,), range=13..10795, coefficients shape=(16, 2), sample_weights shape=(16,), zero_neighbor_targets=0
GRAB train batch 75: pair_ids shape=(16,), range=82..9739, coefficients shape=(16, 2), sample_weights shape=(16,), zero_neighbor_targets=0
GRAB train batch 76: pair_ids shape=(16,), range=10..7913, coefficients shape=(16, 2), sample_weights shape=(16,), zero_neighbor_targets=0
GRAB train batch 77: pair_ids shape=(12,), range=4..10800, coefficients shape=(12, 2), sample_weights shape=(12,), zero_neighbor_targets=0
VALIDATION
valid epoch balanced_accuracy: 0.595546
EPOCH 78:
GRAB train batch 1: pair_ids shape=(16,), range=360..7556, coefficients shape=(16, 2), sample_weights shape=(16,), zero_neighbor_targets=0
GRAB train batch 2: pair_ids shape=(16,), range=179..10627, coefficients shape=(16, 2), sample_weights shape=(16,), zero_neighbor_targets=0
GRAB train batch 3: pair_ids shape=(16,), range=3..8928, coefficients shape=(16, 2), sample_weights shape=(16,), zero_neighbor_targets=0
GRAB train batch 4: pair_ids shape=(16,), range=155..8310, coefficients shape=(16, 2), sample_weights shape=(16,), zero_neighbor_targets=0
GRAB train batch 5: pair_ids shape=(16,), range=128..10988, coefficients shape=(16, 2), sample_weights shape=(16,), zero_neighbor_targets=0
GRAB train batch 6: pair_ids shape=(16,), range=33..8911, coefficients shape=(16, 2), sample_weights shape=(16,), zero_neighbor_targets=0
GRAB train batch 7: pair_ids shape=(16,), range=106..10312, coefficients shape=(16, 2), sample_weights shape=(16,), zero_neighbor_targets=0
GRAB train batch 8: pair_ids shape=(16,), range=34..5915, coefficients shape=(16, 2), sample_weights shape=(16,), zero_neighbor_targets=0
GRAB train batch 9: pair_ids shape=(16,), range=31..8163, coefficients shape=(16, 2), sample_weights shape=(16,), zero_neighbor_targets=0
GRAB train batch 10: pair_ids shape=(16,), range=46..8678, coefficients shape=(16, 2), sample_weights shape=(16,), zero_neighbor_targets=0
GRAB train batch 11: pair_ids shape=(16,), range=27..10398, coefficients shape=(16, 2), sample_weights shape=(16,), zero_neighbor_targets=0
GRAB train batch 12: pair_ids shape=(16,), range=144..6246, coefficients shape=(16, 2), sample_weights shape=(16,), zero_neighbor_targets=0
GRAB train batch 13: pair_ids shape=(16,), range=12..10524, coefficients shape=(16, 2), sample_weights shape=(16,), zero_neighbor_targets=0
GRAB train batch 14: pair_ids shape=(16,), range=100..10817, coefficients shape=(16, 2), sample_weights shape=(16,), zero_neighbor_targets=0
GRAB train batch 15: pair_ids shape=(16,), range=4..8841, coefficients shape=(16, 2), sample_weights shape=(16,), zero_neighbor_targets=0
GRAB train batch 16: pair_ids shape=(16,), range=16..10500, coefficients shape=(16, 2), sample_weights shape=(16,), zero_neighbor_targets=0
GRAB train batch 17: pair_ids shape=(16,), range=68..7221, coefficients shape=(16, 2), sample_weights shape=(16,), zero_neighbor_targets=0
GRAB train batch 18: pair_ids shape=(16,), range=53..10850, coefficients shape=(16, 2), sample_weights shape=(16,), zero_neighbor_targets=0
GRAB train batch 19: pair_ids shape=(16,), range=90..7940, coefficients shape=(16, 2), sample_weights shape=(16,), zero_neighbor_targets=0
GRAB train batch 20: pair_ids shape=(16,), range=234..10384, coefficients shape=(16, 2), sample_weights shape=(16,), zero_neighbor_targets=0
GRAB train batch 21: pair_ids shape=(16,), range=105..7894, coefficients shape=(16, 2), sample_weights shape=(16,), zero_neighbor_targets=0
GRAB train batch 22: pair_ids shape=(16,), range=37..6522, coefficients shape=(16, 2), sample_weights shape=(16,), zero_neighbor_targets=0
GRAB train batch 23: pair_ids shape=(16,), range=40..10537, coefficients shape=(16, 2), sample_weights shape=(16,), zero_neighbor_targets=0
GRAB train batch 24: pair_ids shape=(16,), range=103..10891, coefficients shape=(16, 2), sample_weights shape=(16,), zero_neighbor_targets=0
GRAB train batch 25: pair_ids shape=(16,), range=26..10811, coefficients shape=(16, 2), sample_weights shape=(16,), zero_neighbor_targets=0
GRAB train batch 26: pair_ids shape=(16,), range=72..10590, coefficients shape=(16, 2), sample_weights shape=(16,), zero_neighbor_targets=0
GRAB train batch 27: pair_ids shape=(16,), range=19..9937, coefficients shape=(16, 2), sample_weights shape=(16,), zero_neighbor_targets=0
GRAB train batch 28: pair_ids shape=(16,), range=14..7987, coefficients shape=(16, 2), sample_weights shape=(16,), zero_neighbor_targets=0
GRAB train batch 29: pair_ids shape=(16,), range=7..7643, coefficients shape=(16, 2), sample_weights shape=(16,), zero_neighbor_targets=0
GRAB train batch 30: pair_ids shape=(16,), range=17..9956, coefficients shape=(16, 2), sample_weights shape=(16,), zero_neighbor_targets=0
GRAB train batch 31: pair_ids shape=(16,), range=0..9727, coefficients shape=(16, 2), sample_weights shape=(16,), zero_neighbor_targets=0
GRAB train batch 32: pair_ids shape=(16,), range=24..10935, coefficients shape=(16, 2), sample_weights shape=(16,), zero_neighbor_targets=0
GRAB train batch 33: pair_ids shape=(16,), range=23..10475, coefficients shape=(16, 2), sample_weights shape=(16,), zero_neighbor_targets=0
GRAB train batch 34: pair_ids shape=(16,), range=56..10453, coefficients shape=(16, 2), sample_weights shape=(16,), zero_neighbor_targets=0
GRAB train batch 35: pair_ids shape=(16,), range=75..9704, coefficients shape=(16, 2), sample_weights shape=(16,), zero_neighbor_targets=0
GRAB train batch 36: pair_ids shape=(16,), range=180..10237, coefficients shape=(16, 2), sample_weights shape=(16,), zero_neighbor_targets=0
GRAB train batch 37: pair_ids shape=(16,), range=47..7952, coefficients shape=(16, 2), sample_weights shape=(16,), zero_neighbor_targets=0
GRAB train batch 38: pair_ids shape=(16,), range=6..8915, coefficients shape=(16, 2), sample_weights shape=(16,), zero_neighbor_targets=0
GRAB train batch 39: pair_ids shape=(16,), range=15..9696, coefficients shape=(16, 2), sample_weights shape=(16,), zero_neighbor_targets=0
GRAB train batch 40: pair_ids shape=(16,), range=252..10462, coefficients shape=(16, 2), sample_weights shape=(16,), zero_neighbor_targets=0
GRAB train batch 41: pair_ids shape=(16,), range=95..10728, coefficients shape=(16, 2), sample_weights shape=(16,), zero_neighbor_targets=0
GRAB train batch 42: pair_ids shape=(16,), range=59..9546, coefficients shape=(16, 2), sample_weights shape=(16,), zero_neighbor_targets=0
GRAB train batch 43: pair_ids shape=(16,), range=70..10800, coefficients shape=(16, 2), sample_weights shape=(16,), zero_neighbor_targets=0
GRAB train batch 44: pair_ids shape=(16,), range=25..6809, coefficients shape=(16, 2), sample_weights shape=(16,), zero_neighbor_targets=0
GRAB train batch 45: pair_ids shape=(16,), range=41..5300, coefficients shape=(16, 2), sample_weights shape=(16,), zero_neighbor_targets=0
GRAB train batch 46: pair_ids shape=(16,), range=20..8731, coefficients shape=(16, 2), sample_weights shape=(16,), zero_neighbor_targets=0
GRAB train batch 47: pair_ids shape=(16,), range=2..10362, coefficients shape=(16, 2), sample_weights shape=(16,), zero_neighbor_targets=0
GRAB train batch 48: pair_ids shape=(16,), range=18..7497, coefficients shape=(16, 2), sample_weights shape=(16,), zero_neighbor_targets=0
GRAB train batch 49: pair_ids shape=(16,), range=62..8745, coefficients shape=(16, 2), sample_weights shape=(16,), zero_neighbor_targets=0
GRAB train batch 50: pair_ids shape=(16,), range=28..10331, coefficients shape=(16, 2), sample_weights shape=(16,), zero_neighbor_targets=0
GRAB train batch 51: pair_ids shape=(16,), range=66..10248, coefficients shape=(16, 2), sample_weights shape=(16,), zero_neighbor_targets=0
GRAB train batch 52: pair_ids shape=(16,), range=210..6419, coefficients shape=(16, 2), sample_weights shape=(16,), zero_neighbor_targets=0
GRAB train batch 53: pair_ids shape=(16,), range=132..9818, coefficients shape=(16, 2), sample_weights shape=(16,), zero_neighbor_targets=0
GRAB train batch 54: pair_ids shape=(16,), range=43..10742, coefficients shape=(16, 2), sample_weights shape=(16,), zero_neighbor_targets=0
GRAB train batch 55: pair_ids shape=(16,), range=10..10277, coefficients shape=(16, 2), sample_weights shape=(16,), zero_neighbor_targets=0
GRAB train batch 56: pair_ids shape=(16,), range=101..10360, coefficients shape=(16, 2), sample_weights shape=(16,), zero_neighbor_targets=0
GRAB train batch 57: pair_ids shape=(16,), range=284..8590, coefficients shape=(16, 2), sample_weights shape=(16,), zero_neighbor_targets=0
GRAB train batch 58: pair_ids shape=(16,), range=21..10393, coefficients shape=(16, 2), sample_weights shape=(16,), zero_neighbor_targets=0
GRAB train batch 59: pair_ids shape=(16,), range=8..9739, coefficients shape=(16, 2), sample_weights shape=(16,), zero_neighbor_targets=0
GRAB train batch 60: pair_ids shape=(16,), range=32..10772, coefficients shape=(16, 2), sample_weights shape=(16,), zero_neighbor_targets=0
GRAB train batch 61: pair_ids shape=(16,), range=77..8858, coefficients shape=(16, 2), sample_weights shape=(16,), zero_neighbor_targets=0
GRAB train batch 62: pair_ids shape=(16,), range=126..10685, coefficients shape=(16, 2), sample_weights shape=(16,), zero_neighbor_targets=0
GRAB train batch 63: pair_ids shape=(16,), range=81..7619, coefficients shape=(16, 2), sample_weights shape=(16,), zero_neighbor_targets=0
GRAB train batch 64: pair_ids shape=(16,), range=86..8876, coefficients shape=(16, 2), sample_weights shape=(16,), zero_neighbor_targets=0
GRAB train batch 65: pair_ids shape=(16,), range=154..7411, coefficients shape=(16, 2), sample_weights shape=(16,), zero_neighbor_targets=0
GRAB train batch 66: pair_ids shape=(16,), range=29..8521, coefficients shape=(16, 2), sample_weights shape=(16,), zero_neighbor_targets=0
GRAB train batch 67: pair_ids shape=(16,), range=57..10984, coefficients shape=(16, 2), sample_weights shape=(16,), zero_neighbor_targets=0
GRAB train batch 68: pair_ids shape=(16,), range=11..10662, coefficients shape=(16, 2), sample_weights shape=(16,), zero_neighbor_targets=0
GRAB train batch 69: pair_ids shape=(16,), range=140..10411, coefficients shape=(16, 2), sample_weights shape=(16,), zero_neighbor_targets=0
GRAB train batch 70: pair_ids shape=(16,), range=147..10994, coefficients shape=(16, 2), sample_weights shape=(16,), zero_neighbor_targets=0
GRAB train batch 71: pair_ids shape=(16,), range=36..10471, coefficients shape=(16, 2), sample_weights shape=(16,), zero_neighbor_targets=0
GRAB train batch 72: pair_ids shape=(16,), range=38..10987, coefficients shape=(16, 2), sample_weights shape=(16,), zero_neighbor_targets=0
GRAB train batch 73: pair_ids shape=(16,), range=212..10851, coefficients shape=(16, 2), sample_weights shape=(16,), zero_neighbor_targets=0
GRAB train batch 74: pair_ids shape=(16,), range=48..10009, coefficients shape=(16, 2), sample_weights shape=(16,), zero_neighbor_targets=0
GRAB train batch 75: pair_ids shape=(16,), range=1..10836, coefficients shape=(16, 2), sample_weights shape=(16,), zero_neighbor_targets=0
GRAB train batch 76: pair_ids shape=(16,), range=5..10473, coefficients shape=(16, 2), sample_weights shape=(16,), zero_neighbor_targets=0
GRAB train batch 77: pair_ids shape=(12,), range=13..8157, coefficients shape=(12, 2), sample_weights shape=(12,), zero_neighbor_targets=0
VALIDATION
valid epoch balanced_accuracy: 0.526580
EPOCH 79:
GRAB train batch 1: pair_ids shape=(16,), range=147..10411, coefficients shape=(16, 2), sample_weights shape=(16,), zero_neighbor_targets=0
GRAB train batch 2: pair_ids shape=(16,), range=13..10988, coefficients shape=(16, 2), sample_weights shape=(16,), zero_neighbor_targets=0
GRAB train batch 3: pair_ids shape=(16,), range=78..10475, coefficients shape=(16, 2), sample_weights shape=(16,), zero_neighbor_targets=0
GRAB train batch 4: pair_ids shape=(16,), range=85..8051, coefficients shape=(16, 2), sample_weights shape=(16,), zero_neighbor_targets=0
GRAB train batch 5: pair_ids shape=(16,), range=46..8594, coefficients shape=(16, 2), sample_weights shape=(16,), zero_neighbor_targets=0
GRAB train batch 6: pair_ids shape=(16,), range=53..10836, coefficients shape=(16, 2), sample_weights shape=(16,), zero_neighbor_targets=0
GRAB train batch 7: pair_ids shape=(16,), range=60..9892, coefficients shape=(16, 2), sample_weights shape=(16,), zero_neighbor_targets=0
GRAB train batch 8: pair_ids shape=(16,), range=15..10259, coefficients shape=(16, 2), sample_weights shape=(16,), zero_neighbor_targets=0
GRAB train batch 9: pair_ids shape=(16,), range=192..8876, coefficients shape=(16, 2), sample_weights shape=(16,), zero_neighbor_targets=0
GRAB train batch 10: pair_ids shape=(16,), range=48..10795, coefficients shape=(16, 2), sample_weights shape=(16,), zero_neighbor_targets=0
GRAB train batch 11: pair_ids shape=(16,), range=128..7643, coefficients shape=(16, 2), sample_weights shape=(16,), zero_neighbor_targets=0
GRAB train batch 12: pair_ids shape=(16,), range=14..6569, coefficients shape=(16, 2), sample_weights shape=(16,), zero_neighbor_targets=0
GRAB train batch 13: pair_ids shape=(16,), range=131..10471, coefficients shape=(16, 2), sample_weights shape=(16,), zero_neighbor_targets=0
GRAB train batch 14: pair_ids shape=(16,), range=80..9622, coefficients shape=(16, 2), sample_weights shape=(16,), zero_neighbor_targets=0
GRAB train batch 15: pair_ids shape=(16,), range=11..10398, coefficients shape=(16, 2), sample_weights shape=(16,), zero_neighbor_targets=0
GRAB train batch 16: pair_ids shape=(16,), range=74..10590, coefficients shape=(16, 2), sample_weights shape=(16,), zero_neighbor_targets=0
GRAB train batch 17: pair_ids shape=(16,), range=170..10027, coefficients shape=(16, 2), sample_weights shape=(16,), zero_neighbor_targets=0
GRAB train batch 18: pair_ids shape=(16,), range=175..10685, coefficients shape=(16, 2), sample_weights shape=(16,), zero_neighbor_targets=0
GRAB train batch 19: pair_ids shape=(16,), range=0..7556, coefficients shape=(16, 2), sample_weights shape=(16,), zero_neighbor_targets=0
GRAB train batch 20: pair_ids shape=(16,), range=61..6639, coefficients shape=(16, 2), sample_weights shape=(16,), zero_neighbor_targets=0
GRAB train batch 21: pair_ids shape=(16,), range=5..10851, coefficients shape=(16, 2), sample_weights shape=(16,), zero_neighbor_targets=0
GRAB train batch 22: pair_ids shape=(16,), range=112..10374, coefficients shape=(16, 2), sample_weights shape=(16,), zero_neighbor_targets=0
GRAB train batch 23: pair_ids shape=(16,), range=97..10600, coefficients shape=(16, 2), sample_weights shape=(16,), zero_neighbor_targets=0
GRAB train batch 24: pair_ids shape=(16,), range=70..9913, coefficients shape=(16, 2), sample_weights shape=(16,), zero_neighbor_targets=0
GRAB train batch 25: pair_ids shape=(16,), range=19..7216, coefficients shape=(16, 2), sample_weights shape=(16,), zero_neighbor_targets=0
GRAB train batch 26: pair_ids shape=(16,), range=58..8363, coefficients shape=(16, 2), sample_weights shape=(16,), zero_neighbor_targets=0
GRAB train batch 27: pair_ids shape=(16,), range=144..10447, coefficients shape=(16, 2), sample_weights shape=(16,), zero_neighbor_targets=0
GRAB train batch 28: pair_ids shape=(16,), range=28..6838, coefficients shape=(16, 2), sample_weights shape=(16,), zero_neighbor_targets=0
GRAB train batch 29: pair_ids shape=(16,), range=32..10227, coefficients shape=(16, 2), sample_weights shape=(16,), zero_neighbor_targets=0
GRAB train batch 30: pair_ids shape=(16,), range=69..8915, coefficients shape=(16, 2), sample_weights shape=(16,), zero_neighbor_targets=0
GRAB train batch 31: pair_ids shape=(16,), range=12..10248, coefficients shape=(16, 2), sample_weights shape=(16,), zero_neighbor_targets=0
GRAB train batch 32: pair_ids shape=(16,), range=40..10537, coefficients shape=(16, 2), sample_weights shape=(16,), zero_neighbor_targets=0
GRAB train batch 33: pair_ids shape=(16,), range=207..10987, coefficients shape=(16, 2), sample_weights shape=(16,), zero_neighbor_targets=0
GRAB train batch 34: pair_ids shape=(16,), range=113..9937, coefficients shape=(16, 2), sample_weights shape=(16,), zero_neighbor_targets=0
GRAB train batch 35: pair_ids shape=(16,), range=62..10891, coefficients shape=(16, 2), sample_weights shape=(16,), zero_neighbor_targets=0
GRAB train batch 36: pair_ids shape=(16,), range=4..6388, coefficients shape=(16, 2), sample_weights shape=(16,), zero_neighbor_targets=0
GRAB train batch 37: pair_ids shape=(16,), range=51..9795, coefficients shape=(16, 2), sample_weights shape=(16,), zero_neighbor_targets=0
GRAB train batch 38: pair_ids shape=(16,), range=31..10522, coefficients shape=(16, 2), sample_weights shape=(16,), zero_neighbor_targets=0
GRAB train batch 39: pair_ids shape=(16,), range=122..7857, coefficients shape=(16, 2), sample_weights shape=(16,), zero_neighbor_targets=0
GRAB train batch 40: pair_ids shape=(16,), range=27..10393, coefficients shape=(16, 2), sample_weights shape=(16,), zero_neighbor_targets=0
GRAB train batch 41: pair_ids shape=(16,), range=104..7952, coefficients shape=(16, 2), sample_weights shape=(16,), zero_neighbor_targets=0
GRAB train batch 42: pair_ids shape=(16,), range=110..8233, coefficients shape=(16, 2), sample_weights shape=(16,), zero_neighbor_targets=0
GRAB train batch 43: pair_ids shape=(16,), range=81..10237, coefficients shape=(16, 2), sample_weights shape=(16,), zero_neighbor_targets=0
GRAB train batch 44: pair_ids shape=(16,), range=8..10800, coefficients shape=(16, 2), sample_weights shape=(16,), zero_neighbor_targets=0
GRAB train batch 45: pair_ids shape=(16,), range=92..10473, coefficients shape=(16, 2), sample_weights shape=(16,), zero_neighbor_targets=0
GRAB train batch 46: pair_ids shape=(16,), range=50..8951, coefficients shape=(16, 2), sample_weights shape=(16,), zero_neighbor_targets=0
GRAB train batch 47: pair_ids shape=(16,), range=186..8772, coefficients shape=(16, 2), sample_weights shape=(16,), zero_neighbor_targets=0
GRAB train batch 48: pair_ids shape=(16,), range=16..7942, coefficients shape=(16, 2), sample_weights shape=(16,), zero_neighbor_targets=0
GRAB train batch 49: pair_ids shape=(16,), range=126..10984, coefficients shape=(16, 2), sample_weights shape=(16,), zero_neighbor_targets=0
GRAB train batch 50: pair_ids shape=(16,), range=52..10994, coefficients shape=(16, 2), sample_weights shape=(16,), zero_neighbor_targets=0
GRAB train batch 51: pair_ids shape=(16,), range=90..9939, coefficients shape=(16, 2), sample_weights shape=(16,), zero_neighbor_targets=0
GRAB train batch 52: pair_ids shape=(16,), range=2..4195, coefficients shape=(16, 2), sample_weights shape=(16,), zero_neighbor_targets=0
GRAB train batch 53: pair_ids shape=(16,), range=143..10764, coefficients shape=(16, 2), sample_weights shape=(16,), zero_neighbor_targets=0
GRAB train batch 54: pair_ids shape=(16,), range=43..7979, coefficients shape=(16, 2), sample_weights shape=(16,), zero_neighbor_targets=0
GRAB train batch 55: pair_ids shape=(16,), range=24..8671, coefficients shape=(16, 2), sample_weights shape=(16,), zero_neighbor_targets=0
GRAB train batch 56: pair_ids shape=(16,), range=84..10524, coefficients shape=(16, 2), sample_weights shape=(16,), zero_neighbor_targets=0
GRAB train batch 57: pair_ids shape=(16,), range=35..8200, coefficients shape=(16, 2), sample_weights shape=(16,), zero_neighbor_targets=0
GRAB train batch 58: pair_ids shape=(16,), range=21..10850, coefficients shape=(16, 2), sample_weights shape=(16,), zero_neighbor_targets=0
GRAB train batch 59: pair_ids shape=(16,), range=10..10817, coefficients shape=(16, 2), sample_weights shape=(16,), zero_neighbor_targets=0
GRAB train batch 60: pair_ids shape=(16,), range=154..4618, coefficients shape=(16, 2), sample_weights shape=(16,), zero_neighbor_targets=0
GRAB train batch 61: pair_ids shape=(16,), range=3..10435, coefficients shape=(16, 2), sample_weights shape=(16,), zero_neighbor_targets=0
GRAB train batch 62: pair_ids shape=(16,), range=124..10627, coefficients shape=(16, 2), sample_weights shape=(16,), zero_neighbor_targets=0
GRAB train batch 63: pair_ids shape=(16,), range=45..9995, coefficients shape=(16, 2), sample_weights shape=(16,), zero_neighbor_targets=0
GRAB train batch 64: pair_ids shape=(16,), range=37..8858, coefficients shape=(16, 2), sample_weights shape=(16,), zero_neighbor_targets=0
GRAB train batch 65: pair_ids shape=(16,), range=17..9818, coefficients shape=(16, 2), sample_weights shape=(16,), zero_neighbor_targets=0
GRAB train batch 66: pair_ids shape=(16,), range=57..10662, coefficients shape=(16, 2), sample_weights shape=(16,), zero_neighbor_targets=0
GRAB train batch 67: pair_ids shape=(16,), range=125..10362, coefficients shape=(16, 2), sample_weights shape=(16,), zero_neighbor_targets=0
GRAB train batch 68: pair_ids shape=(16,), range=65..10811, coefficients shape=(16, 2), sample_weights shape=(16,), zero_neighbor_targets=0
GRAB train batch 69: pair_ids shape=(16,), range=7..10404, coefficients shape=(16, 2), sample_weights shape=(16,), zero_neighbor_targets=0
GRAB train batch 70: pair_ids shape=(16,), range=49..10264, coefficients shape=(16, 2), sample_weights shape=(16,), zero_neighbor_targets=0
GRAB train batch 71: pair_ids shape=(16,), range=36..9698, coefficients shape=(16, 2), sample_weights shape=(16,), zero_neighbor_targets=0
GRAB train batch 72: pair_ids shape=(16,), range=89..10935, coefficients shape=(16, 2), sample_weights shape=(16,), zero_neighbor_targets=0
GRAB train batch 73: pair_ids shape=(16,), range=44..9954, coefficients shape=(16, 2), sample_weights shape=(16,), zero_neighbor_targets=0
GRAB train batch 74: pair_ids shape=(16,), range=55..10462, coefficients shape=(16, 2), sample_weights shape=(16,), zero_neighbor_targets=0
GRAB train batch 75: pair_ids shape=(16,), range=1..5216, coefficients shape=(16, 2), sample_weights shape=(16,), zero_neighbor_targets=0
GRAB train batch 76: pair_ids shape=(16,), range=25..9704, coefficients shape=(16, 2), sample_weights shape=(16,), zero_neighbor_targets=0
GRAB train batch 77: pair_ids shape=(12,), range=83..8670, coefficients shape=(12, 2), sample_weights shape=(12,), zero_neighbor_targets=0
VALIDATION
valid epoch balanced_accuracy: 0.484914
EPOCH 80:
GRAB train batch 1: pair_ids shape=(16,), range=65..10988, coefficients shape=(16, 2), sample_weights shape=(16,), zero_neighbor_targets=0
GRAB train batch 2: pair_ids shape=(16,), range=36..9727, coefficients shape=(16, 2), sample_weights shape=(16,), zero_neighbor_targets=0
GRAB train batch 3: pair_ids shape=(16,), range=140..8858, coefficients shape=(16, 2), sample_weights shape=(16,), zero_neighbor_targets=0
GRAB train batch 4: pair_ids shape=(16,), range=35..6732, coefficients shape=(16, 2), sample_weights shape=(16,), zero_neighbor_targets=0
GRAB train batch 5: pair_ids shape=(16,), range=133..10627, coefficients shape=(16, 2), sample_weights shape=(16,), zero_neighbor_targets=0
GRAB train batch 6: pair_ids shape=(16,), range=18..6838, coefficients shape=(16, 2), sample_weights shape=(16,), zero_neighbor_targets=0
GRAB train batch 7: pair_ids shape=(16,), range=55..10728, coefficients shape=(16, 2), sample_weights shape=(16,), zero_neighbor_targets=0
GRAB train batch 8: pair_ids shape=(16,), range=223..10393, coefficients shape=(16, 2), sample_weights shape=(16,), zero_neighbor_targets=0
GRAB train batch 9: pair_ids shape=(16,), range=46..10009, coefficients shape=(16, 2), sample_weights shape=(16,), zero_neighbor_targets=0
GRAB train batch 10: pair_ids shape=(16,), range=239..7496, coefficients shape=(16, 2), sample_weights shape=(16,), zero_neighbor_targets=0
GRAB train batch 11: pair_ids shape=(16,), range=48..9546, coefficients shape=(16, 2), sample_weights shape=(16,), zero_neighbor_targets=0
GRAB train batch 12: pair_ids shape=(16,), range=32..10411, coefficients shape=(16, 2), sample_weights shape=(16,), zero_neighbor_targets=0
GRAB train batch 13: pair_ids shape=(16,), range=12..9822, coefficients shape=(16, 2), sample_weights shape=(16,), zero_neighbor_targets=0
GRAB train batch 14: pair_ids shape=(16,), range=165..10800, coefficients shape=(16, 2), sample_weights shape=(16,), zero_neighbor_targets=0
GRAB train batch 15: pair_ids shape=(16,), range=98..10331, coefficients shape=(16, 2), sample_weights shape=(16,), zero_neighbor_targets=0
GRAB train batch 16: pair_ids shape=(16,), range=23..8731, coefficients shape=(16, 2), sample_weights shape=(16,), zero_neighbor_targets=0
GRAB train batch 17: pair_ids shape=(16,), range=89..8911, coefficients shape=(16, 2), sample_weights shape=(16,), zero_neighbor_targets=0
GRAB train batch 18: pair_ids shape=(16,), range=81..10850, coefficients shape=(16, 2), sample_weights shape=(16,), zero_neighbor_targets=0
GRAB train batch 19: pair_ids shape=(16,), range=0..8373, coefficients shape=(16, 2), sample_weights shape=(16,), zero_neighbor_targets=0
GRAB train batch 20: pair_ids shape=(16,), range=69..10891, coefficients shape=(16, 2), sample_weights shape=(16,), zero_neighbor_targets=0
GRAB train batch 21: pair_ids shape=(16,), range=44..8051, coefficients shape=(16, 2), sample_weights shape=(16,), zero_neighbor_targets=0
GRAB train batch 22: pair_ids shape=(16,), range=5..10227, coefficients shape=(16, 2), sample_weights shape=(16,), zero_neighbor_targets=0
GRAB train batch 23: pair_ids shape=(16,), range=9..8729, coefficients shape=(16, 2), sample_weights shape=(16,), zero_neighbor_targets=0
GRAB train batch 24: pair_ids shape=(16,), range=34..10222, coefficients shape=(16, 2), sample_weights shape=(16,), zero_neighbor_targets=0
GRAB train batch 25: pair_ids shape=(16,), range=61..8233, coefficients shape=(16, 2), sample_weights shape=(16,), zero_neighbor_targets=0
GRAB train batch 26: pair_ids shape=(16,), range=6..9704, coefficients shape=(16, 2), sample_weights shape=(16,), zero_neighbor_targets=0
GRAB train batch 27: pair_ids shape=(16,), range=273..8594, coefficients shape=(16, 2), sample_weights shape=(16,), zero_neighbor_targets=0
GRAB train batch 28: pair_ids shape=(16,), range=78..7857, coefficients shape=(16, 2), sample_weights shape=(16,), zero_neighbor_targets=0
GRAB train batch 29: pair_ids shape=(16,), range=54..10225, coefficients shape=(16, 2), sample_weights shape=(16,), zero_neighbor_targets=0
GRAB train batch 30: pair_ids shape=(16,), range=127..10537, coefficients shape=(16, 2), sample_weights shape=(16,), zero_neighbor_targets=0
GRAB train batch 31: pair_ids shape=(16,), range=71..8224, coefficients shape=(16, 2), sample_weights shape=(16,), zero_neighbor_targets=0
GRAB train batch 32: pair_ids shape=(16,), range=39..7497, coefficients shape=(16, 2), sample_weights shape=(16,), zero_neighbor_targets=0
GRAB train batch 33: pair_ids shape=(16,), range=93..7979, coefficients shape=(16, 2), sample_weights shape=(16,), zero_neighbor_targets=0
GRAB train batch 34: pair_ids shape=(16,), range=26..10817, coefficients shape=(16, 2), sample_weights shape=(16,), zero_neighbor_targets=0
GRAB train batch 35: pair_ids shape=(16,), range=17..9887, coefficients shape=(16, 2), sample_weights shape=(16,), zero_neighbor_targets=0
GRAB train batch 36: pair_ids shape=(16,), range=8..10851, coefficients shape=(16, 2), sample_weights shape=(16,), zero_neighbor_targets=0
GRAB train batch 37: pair_ids shape=(16,), range=137..10522, coefficients shape=(16, 2), sample_weights shape=(16,), zero_neighbor_targets=0
GRAB train batch 38: pair_ids shape=(16,), range=3..8745, coefficients shape=(16, 2), sample_weights shape=(16,), zero_neighbor_targets=0
GRAB train batch 39: pair_ids shape=(16,), range=31..10772, coefficients shape=(16, 2), sample_weights shape=(16,), zero_neighbor_targets=0
GRAB train batch 40: pair_ids shape=(16,), range=122..10500, coefficients shape=(16, 2), sample_weights shape=(16,), zero_neighbor_targets=0
GRAB train batch 41: pair_ids shape=(16,), range=30..6167, coefficients shape=(16, 2), sample_weights shape=(16,), zero_neighbor_targets=0
GRAB train batch 42: pair_ids shape=(16,), range=67..9622, coefficients shape=(16, 2), sample_weights shape=(16,), zero_neighbor_targets=0
GRAB train batch 43: pair_ids shape=(16,), range=47..10259, coefficients shape=(16, 2), sample_weights shape=(16,), zero_neighbor_targets=0
GRAB train batch 44: pair_ids shape=(16,), range=19..10374, coefficients shape=(16, 2), sample_weights shape=(16,), zero_neighbor_targets=0
GRAB train batch 45: pair_ids shape=(16,), range=62..10935, coefficients shape=(16, 2), sample_weights shape=(16,), zero_neighbor_targets=0
GRAB train batch 46: pair_ids shape=(16,), range=68..8491, coefficients shape=(16, 2), sample_weights shape=(16,), zero_neighbor_targets=0
GRAB train batch 47: pair_ids shape=(16,), range=203..10475, coefficients shape=(16, 2), sample_weights shape=(16,), zero_neighbor_targets=0
GRAB train batch 48: pair_ids shape=(16,), range=52..9818, coefficients shape=(16, 2), sample_weights shape=(16,), zero_neighbor_targets=0
GRAB train batch 49: pair_ids shape=(16,), range=11..8670, coefficients shape=(16, 2), sample_weights shape=(16,), zero_neighbor_targets=0
GRAB train batch 50: pair_ids shape=(16,), range=76..9939, coefficients shape=(16, 2), sample_weights shape=(16,), zero_neighbor_targets=0
GRAB train batch 51: pair_ids shape=(16,), range=63..10396, coefficients shape=(16, 2), sample_weights shape=(16,), zero_neighbor_targets=0
GRAB train batch 52: pair_ids shape=(16,), range=64..10685, coefficients shape=(16, 2), sample_weights shape=(16,), zero_neighbor_targets=0
GRAB train batch 53: pair_ids shape=(16,), range=136..10462, coefficients shape=(16, 2), sample_weights shape=(16,), zero_neighbor_targets=0
GRAB train batch 54: pair_ids shape=(16,), range=1..10662, coefficients shape=(16, 2), sample_weights shape=(16,), zero_neighbor_targets=0
GRAB train batch 55: pair_ids shape=(16,), range=58..10384, coefficients shape=(16, 2), sample_weights shape=(16,), zero_neighbor_targets=0
GRAB train batch 56: pair_ids shape=(16,), range=142..10742, coefficients shape=(16, 2), sample_weights shape=(16,), zero_neighbor_targets=0
GRAB train batch 57: pair_ids shape=(16,), range=28..6307, coefficients shape=(16, 2), sample_weights shape=(16,), zero_neighbor_targets=0
GRAB train batch 58: pair_ids shape=(16,), range=13..8510, coefficients shape=(16, 2), sample_weights shape=(16,), zero_neighbor_targets=0
GRAB train batch 59: pair_ids shape=(16,), range=86..10447, coefficients shape=(16, 2), sample_weights shape=(16,), zero_neighbor_targets=0
GRAB train batch 60: pair_ids shape=(16,), range=56..7952, coefficients shape=(16, 2), sample_weights shape=(16,), zero_neighbor_targets=0
GRAB train batch 61: pair_ids shape=(16,), range=25..7286, coefficients shape=(16, 2), sample_weights shape=(16,), zero_neighbor_targets=0
GRAB train batch 62: pair_ids shape=(16,), range=108..8876, coefficients shape=(16, 2), sample_weights shape=(16,), zero_neighbor_targets=0
GRAB train batch 63: pair_ids shape=(16,), range=102..10027, coefficients shape=(16, 2), sample_weights shape=(16,), zero_neighbor_targets=0
GRAB train batch 64: pair_ids shape=(16,), range=143..7782, coefficients shape=(16, 2), sample_weights shape=(16,), zero_neighbor_targets=0
GRAB train batch 65: pair_ids shape=(16,), range=27..8951, coefficients shape=(16, 2), sample_weights shape=(16,), zero_neighbor_targets=0
GRAB train batch 66: pair_ids shape=(16,), range=147..10987, coefficients shape=(16, 2), sample_weights shape=(16,), zero_neighbor_targets=0
GRAB train batch 67: pair_ids shape=(16,), range=2..10524, coefficients shape=(16, 2), sample_weights shape=(16,), zero_neighbor_targets=0
GRAB train batch 68: pair_ids shape=(16,), range=20..10984, coefficients shape=(16, 2), sample_weights shape=(16,), zero_neighbor_targets=0
GRAB train batch 69: pair_ids shape=(16,), range=161..8210, coefficients shape=(16, 2), sample_weights shape=(16,), zero_neighbor_targets=0
GRAB train batch 70: pair_ids shape=(16,), range=7..10764, coefficients shape=(16, 2), sample_weights shape=(16,), zero_neighbor_targets=0
GRAB train batch 71: pair_ids shape=(16,), range=139..9914, coefficients shape=(16, 2), sample_weights shape=(16,), zero_neighbor_targets=0
GRAB train batch 72: pair_ids shape=(16,), range=15..10590, coefficients shape=(16, 2), sample_weights shape=(16,), zero_neighbor_targets=0
GRAB train batch 73: pair_ids shape=(16,), range=314..10994, coefficients shape=(16, 2), sample_weights shape=(16,), zero_neighbor_targets=0
GRAB train batch 74: pair_ids shape=(16,), range=16..10600, coefficients shape=(16, 2), sample_weights shape=(16,), zero_neighbor_targets=0
GRAB train batch 75: pair_ids shape=(16,), range=60..10811, coefficients shape=(16, 2), sample_weights shape=(16,), zero_neighbor_targets=0
GRAB train batch 76: pair_ids shape=(16,), range=14..7304, coefficients shape=(16, 2), sample_weights shape=(16,), zero_neighbor_targets=0
GRAB train batch 77: pair_ids shape=(12,), range=10..5216, coefficients shape=(12, 2), sample_weights shape=(12,), zero_neighbor_targets=0
VALIDATION
valid epoch balanced_accuracy: 0.466954
EARLY STOPPING: rolling validation balanced accuracy did not improve for 60 epochs and validation loss increased over the same window.
accuracy: 0.415094
sensitivity: 0.578947
precision: 0.323529
specificity: 0.323529
IoU: 0.261905
FAR: 0.676471
F1: 0.415094
balanced_accuracy: 0.451238
loss: 1.067451
