ID_chainID,ID_resSeq,ID_iCode,ID_serial,ID_altLoc,ID_resName,ID_name,atom_index,residue_index,atom_type,residue_type,center_x,center_y,center_z,radius,sas_area,solvdir_x,solvdir_y,solvdir_z,voromqa_sas_energy,voromqa_depth,voromqa_score_a,voromqa_score_r,volume,volume_vdw,ev14,ev28,ev56,ufsr_a1,ufsr_a2,ufsr_a3,ufsr_b1,ufsr_b2,ufsr_b3,ufsr_c1,ufsr_c2,ufsr_c3,buriedness,pocketness
A,3,.,.,.,SER,N,0,0,119,15,55.965,-12.914,68.059,1.7,37.6358,0.453905,-0.875111,-0.167784,45.7937,1,0.160244,0.369686,58.7923,15.2798,0.550312,0.549085,0.521363,35.4272,234.194,570.582,47.5993,346.545,-2863.08,38.8837,308.227,2329.91,0.176882,0
A,3,.,.,.,SER,CA,1,0,117,15,54.766,-12.06,68.368,1.9,1.57669,-0.361157,-0.785391,-0.502719,0.878956,1,0.321203,0.369686,23.2545,13.3463,0.564441,0.56208,0.51263,35.4272,234.194,570.582,47.5993,346.545,-2863.08,38.8837,308.227,2329.91,0.265264,0
A,3,.,.,.,SER,C,2,0,116,15,55.093,-10.57,68.235,1.75,0.51921,-0.924639,0.378813,-0.0392905,0.901593,1,0.335119,0.369686,14.0338,8.91283,0.937923,2,2,35.4272,234.194,570.582,47.5993,346.545,-2863.08,38.8837,308.227,2329.91,2,0
A,3,.,.,.,SER,O,3,0,120,15,55.002,-9.81,69.209,1.49,0,0,0,0,0,2,0.558229,0.369686,15.5407,9.15221,2,2,2,35.4272,234.194,570.582,47.5993,346.545,-2863.08,38.8837,308.227,2329.91,2,0
A,3,.,.,.,SER,CB,4,0,118,15,54.257,-12.354,69.779,1.91,13.3878,0.278006,-0.808783,0.518249,-3.47555,1,0.473636,0.369686,46.9193,22.681,0.574747,0.56868,0.51263,35.4272,234.194,570.582,47.5993,346.545,-2863.08,38.8837,308.227,2329.91,0.34874,0
A,4,.,.,.,ARG,N,5,1,11,1,55.451,-10.153,67.022,1.7,0,0,0,0,0,2,0.103554,0.440984,15.5279,9.73416,2,2,2,35.0896,254.303,992.543,47.5993,346.545,-2863.08,38.8837,308.227,2329.91,2,0
A,4,.,.,.,ARG,CA,6,1,6,1,55.943,-8.787,66.777,1.9,0,0,0,0,0,2,0.385532,0.440984,16.8201,12.9098,2,2,2,35.0896,254.303,992.543,47.5993,346.545,-2863.08,38.8837,308.227,2329.91,2,0
A,4,.,.,.,ARG,C,7,1,5,1,55.124,-8.026,65.731,1.75,0.164623,-0.861785,-0.0809669,0.50077,0.303671,1,0.207232,0.440984,13.1082,8.85606,0.940617,2,2,35.0896,254.303,992.543,47.5993,346.545,-2863.08,38.8837,308.227,2329.91,2,0
A,4,.,.,.,ARG,O,8,1,14,1,54.302,-8.617,65.004,1.49,0.0171453,-0.760927,0.492692,0.422191,0.00645669,1,0.0624053,0.440984,17.6388,9.30831,0.868828,2,2,35.0896,254.303,992.543,47.5993,346.545,-2863.08,38.8837,308.227,2329.91,2,0
A,4,.,.,.,ARG,CB,9,1,7,1,57.405,-8.84,66.329,1.91,7.12285,0.482748,0.403939,-0.777037,0.818886,1,0.368379,0.440984,36.1512,16.5092,0.615876,0.595585,0.597348,35.0896,254.303,992.543,47.5993,346.545,-2863.08,38.8837,308.227,2329.91,0.313618,0
A,4,.,.,.,ARG,CG,10,1,9,1,58.214,-9.955,66.982,1.92,6.7263,0.174085,-0.926141,-0.334599,0.0444669,1,0.442947,0.440984,34.1477,16.9986,0.567812,0.565554,0.564413,35.0896,254.303,992.543,47.5993,346.545,-2863.08,38.8837,308.227,2329.91,0.323253,0
A,4,.,.,.,ARG,CD,11,1,8,1,59.71,-9.788,66.775,1.88,33.8523,0.542015,-0.63799,-0.546982,-15.1941,1,0.814336,0.440984,52.8707,17.2356,0.550812,0.549925,0.543389,35.0896,254.303,992.543,47.5993,346.545,-2863.08,38.8837,308.227,2329.91,0.403414,0
A,4,.,.,.,ARG,NE,12,1,12,1,60.347,-9.181,67.945,1.62,6.31256,0.556017,-0.764279,0.326685,-1.75036,1,0.598223,0.440984,19.6169,8.04505,0.584714,0.582534,0.56592,35.0896,254.303,992.543,47.5993,346.545,-2863.08,38.8837,308.227,2329.91,0.416351,0
A,4,.,.,.,ARG,CZ,13,1,10,1,60.954,-7.997,67.972,1.8,5.17146,0.858291,-0.453793,-0.239598,-1.51774,1,0.781281,0.440984,21.7054,11.2917,0.676149,0.66432,0.613954,35.0896,254.303,992.543,47.5993,346.545,-2863.08,38.8837,308.227,2329.91,0.422433,0
A,4,.,.,.,ARG,NH1,14,1,13,1,61.044,-7.247,66.881,1.62,21.1498,0.431518,0.0474965,-0.900853,-10.7378,1,0.526455,0.440984,42.688,12.7942,0.638886,0.629213,0.582497,35.0896,254.303,992.543,47.5993,346.545,-2863.08,38.8837,308.227,2329.91,0.41762,0
A,4,.,.,.,ARG,NH2,15,1,13,1,61.492,-7.561,69.103,1.67,1.31124,0.791001,-0.416808,0.447871,-0.66572,1,0.560482,0.440984,27.5226,14.3823,0.761254,0.738847,2,35.0896,254.303,992.543,47.5993,346.545,-2863.08,38.8837,308.227,2329.91,0.45744,0
A,5,.,.,.,VAL,N,16,2,158,19,55.382,-6.718,65.648,1.7,0.953515,0.747773,0.399109,0.530611,1.89191,1,0.311247,0.159017,16.0055,9.96851,0.941798,2,2,36.7267,283.318,1096.19,47.5993,346.545,-2863.08,38.8837,308.227,2329.91,0.263964,0
A,5,.,.,.,VAL,CA,17,2,154,19,54.731,-5.836,64.66,1.9,4.32534,-0.981561,0.0759927,0.175394,7.36376,1,0.0744712,0.159017,20.8065,12.1003,0.840952,0.823638,2,36.7267,283.318,1096.19,47.5993,346.545,-2863.08,38.8837,308.227,2329.91,0.203131,0
A,5,.,.,.,VAL,C,18,2,153,19,54.837,-6.449,63.268,1.75,0,0,0,0,0,2,0.0908093,0.159017,9.01993,8.2287,2,2,2,36.7267,283.318,1096.19,47.5993,346.545,-2863.08,38.8837,308.227,2329.91,2,0
A,5,.,.,.,VAL,O,19,2,159,19,55.918,-6.875,62.858,1.49,20.3132,0.867044,-0.0488769,-0.495829,16.8426,1,0.039096,0.159017,35.6428,9.34787,0.600588,0.599831,0.592329,36.7267,283.318,1096.19,47.5993,346.545,-2863.08,38.8837,308.227,2329.91,0.138372,0
A,5,.,.,.,VAL,CB,20,2,155,19,55.362,-4.423,64.642,2.01,2.30789,0.942268,-0.302493,-0.14363,2.02496,1,0.210389,0.159017,22.3953,14.2691,0.766877,0.508257,2,36.7267,283.318,1096.19,47.5993,346.545,-2863.08,38.8837,308.227,2329.91,0.221132,0
A,5,.,.,.,VAL,CG1,21,2,156,19,54.924,-3.641,63.41,1.92,33.6371,-0.459296,0.522288,-0.718514,21.2436,1,0.164631,0.159017,66.1386,21.8439,0.052947,0.0519225,0.0464642,36.7267,283.318,1096.19,47.5993,346.545,-2863.08,38.8837,308.227,2329.91,0.21806,0
A,5,.,.,.,VAL,CG2,22,2,157,19,54.998,-3.649,65.909,1.92,1.6087,-0.816932,-0.487804,0.307684,1.11021,1,0.222473,0.159017,37.307,21.9789,0.897793,2,2,36.7267,283.318,1096.19,47.5993,346.545,-2863.08,38.8837,308.227,2329.91,0.260374,0
A,6,.,.,.,GLY,N,23,3,55,7,53.715,-6.483,62.549,1.7,8.296,-0.898366,0.400434,0.180529,7.38222,1,0.211255,0.137655,23.1682,10.0698,0.0348753,0.0341698,0.0312497,39.4477,292.766,1022.52,47.5993,346.545,-2863.08,38.8837,308.227,2329.91,0.147144,0
A,6,.,.,.,GLY,CA,24,3,54,7,53.635,-7.164,61.261,1.9,36.2686,0.139336,0.391277,-0.909664,-1.06252,1,0.128256,0.137655,58.9233,18.9533,0.0201545,0.0200007,0.0192054,39.4477,292.766,1022.52,47.5993,346.545,-2863.08,38.8837,308.227,2329.91,0.13924,0
A,6,.,.,.,GLY,C,25,3,53,7,52.836,-8.443,61.408,1.75,3.29758,0.149892,-0.305589,-0.940291,3.66055,1,0.11871,0.137655,15.1513,8.86588,0.0164701,0.0163106,0.0151788,39.4477,292.766,1022.52,47.5993,346.545,-2863.08,38.8837,308.227,2329.91,0.109247,0
A,6,.,.,.,GLY,O,26,3,56,7,51.653,-8.478,61.061,1.49,31.7785,-0.827922,0.19239,-0.526812,4.66146,1,0.0923982,0.137655,42.4703,9.3514,0.00848598,0.00842147,0.00744536,39.4477,292.766,1022.52,47.5993,346.545,-2863.08,38.8837,308.227,2329.91,0.135638,0
A,7,.,.,.,ASP,N,27,4,27,3,53.472,-9.486,61.943,1.7,1.94895,0.75152,-0.0288302,-0.65908,2.4732,1,0.00693965,0.0404197,16.504,10.0778,0.0145283,0.0143621,0.0137142,39.7233,275.751,644.542,47.5993,346.545,-2863.08,38.8837,308.227,2329.91,0.0969056,0
A,7,.,.,.,ASP,CA,28,4,24,3,52.819,-10.791,62.094,1.9,4.94696,-0.687131,-0.263773,-0.67696,2.96437,1,0.0133792,0.0404197,22.3392,12.7594,0.00832889,0.00805426,0.00709659,39.7233,275.751,644.542,47.5993,346.545,-2863.08,38.8837,308.227,2329.91,0.10385,0
A,7,.,.,.,ASP,C,29,4,23,3,52.346,-11.071,63.52,1.75,0.504012,-0.399942,-0.880821,-0.253378,0.865061,1,0.00741034,0.0404197,12.1848,8.88072,0.575664,0.558258,2,39.7233,275.751,644.542,47.5993,346.545,-2863.08,38.8837,308.227,2329.91,0.0945626,0
A,7,.,.,.,ASP,O,30,4,28,3,52.939,-11.863,64.258,1.49,6.7781,-0.0742939,-0.985917,0.149828,1.87785,1,0.0770939,0.0404197,25.4306,9.06628,0.657372,0.647584,2,39.7233,275.751,644.542,47.5993,346.545,-2863.08,38.8837,308.227,2329.91,0.10872,0
A,7,.,.,.,ASP,CB,31,4,25,3,53.7,-11.936,61.554,1.91,38.1624,-0.178197,-0.464808,-0.867295,-11.1889,1,0.0192602,0.0404197,58.1068,18.0774,0.0390114,0.038918,0.038439,39.7233,275.751,644.542,47.5993,346.545,-2863.08,38.8837,308.227,2329.91,0.0864753,0
A,7,.,.,.,ASP,CG,32,4,26,3,54.915,-12.22,62.419,1.76,5.6623,0.757884,0.148189,-0.635336,-1.33214,1,0.0294055,0.0404197,19.5306,10.2587,0.0712581,0.0711299,0.0707135,39.7233,275.751,644.542,47.5993,346.545,-2863.08,38.8837,308.227,2329.91,0.0852353,0
A,7,.,.,.,ASP,OD1,33,4,29,3,55.441,-11.283,63.052,1.49,10.9741,0.968142,0.14071,-0.207127,-5.56544,1,0.139427,0.0404197,29.7677,9.29053,0.466213,0.46602,0.465819,39.7233,275.751,644.542,47.5993,346.545,-2863.08,38.8837,308.227,2329.91,0.112623,0
A,7,.,.,.,ASP,OD2,34,4,29,3,55.344,-13.394,62.452,1.49,43.812,0.465763,-0.884744,0.0171264,-22.2189,1,0.0304416,0.0404197,50.6784,9.43781,0.0755412,0.075429,0.075064,39.7233,275.751,644.542,47.5993,346.545,-2863.08,38.8837,308.227,2329.91,0.0968875,0
A,8,.,.,.,LEU,N,35,5,81,10,51.268,-10.395,63.895,1.7,0.0657583,-0.695961,0.575703,-0.429191,0.133297,1,0.0069281,0.0410244,16.3253,9.92205,0.749562,0.776408,2,39.3837,275.621,92.489,47.5993,346.545,-2863.08,38.8837,308.227,2329.91,0.150502,0
A,8,.,.,.,LEU,CA,36,5,76,10,50.458,-10.803,65.034,1.9,0,0,0,0,0,2,0.08442,0.0410244,17.0807,12.9144,2,2,2,39.3837,275.621,92.489,47.5993,346.545,-2863.08,38.8837,308.227,2329.91,2,0
A,8,.,.,.,LEU,C,37,5,75,10,49.34,-11.702,64.516,1.75,1.25717,0.383591,-0.726743,-0.569826,2.67821,1,0.00222059,0.0410244,12.232,8.63058,0.452831,0.438689,0.414396,39.3837,275.621,92.489,47.5993,346.545,-2863.08,38.8837,308.227,2329.91,0.159989,0
A,8,.,.,.,LEU,O,38,5,82,10,48.822,-11.477,63.424,1.49,23.2436,-0.344915,0.09499,-0.933815,17.8258,1,0.00843466,0.0410244,37.8683,9.28207,0.441852,0.429108,0.414396,39.3837,275.621,92.489,47.5993,346.545,-2863.08,38.8837,308.227,2329.91,0.156242,0
A,8,.,.,.,LEU,CB,39,5,77,10,49.835,-9.589,65.716,1.91,15.6076,0.0486005,0.964343,-0.260155,15.8906,1,0.103119,0.0410244,62.7121,22.9823,0.822777,0.823638,2,39.3837,275.621,92.489,47.5993,346.545,-2863.08,38.8837,308.227,2329.91,0.173345,0
A,9,.,.,.,SER,N,40,6,119,15,48.963,-12.709,65.295,1.7,3.00559,0.665659,-0.664197,-0.340207,3.65708,1,0.148113,0.177215,16.2877,9.94725,0.557075,0.546153,0.456872,41.6039,269.542,-399.53,47.5993,346.545,-2863.08,38.8837,308.227,2329.91,0.168091,0
A,9,.,.,.,SER,CA,41,6,117,15,47.731,-13.439,65.028,1.9,6.09858,0.343015,-0.443605,-0.827983,3.39978,1,0.220718,0.177215,22.093,12.573,0.018708,0.0177242,0.015743,41.6039,269.542,-399.53,47.5993,346.545,-2863.08,38.8837,308.227,2329.91,0.15868,0
A,9,.,.,.,SER,C,42,6,116,15,46.544,-12.535,65.353,1.75,0.206651,-0.162261,0.653306,-0.739501,0.358844,1,0.147348,0.177215,11.3611,8.72714,0.487968,0.464708,0.464708,41.6039,269.542,-399.53,47.5993,346.545,-2863.08,38.8837,308.227,2329.91,0.191705,0
A,9,.,.,.,SER,O,43,6,120,15,46.714,-11.468,65.958,1.49,0,0,0,0,0,2,0.0997274,0.177215,11.5338,8.86088,2,2,2,41.6039,269.542,-399.53,47.5993,346.545,-2863.08,38.8837,308.227,2329.91,2,0
A,9,.,.,.,SER,CB,44,6,118,15,47.665,-14.733,65.849,1.91,32.3122,0.252286,-0.944258,-0.211489,-8.38844,1,0.144658,0.177215,56.226,19.2375,0.0398845,0.0396252,0.0387145,41.6039,269.542,-399.53,47.5993,346.545,-2863.08,38.8837,308.227,2329.91,0.172067,0
A,9,.,.,.,SER,OG,45,6,121,15,48.032,-14.511,67.196,1.54,7.92134,0.289801,-0.82314,0.488319,-1.14251,1,0.302728,0.177215,23.9402,10.2708,0.0551533,0.0549408,0.0535952,41.6039,269.542,-399.53,47.5993,346.545,-2863.08,38.8837,308.227,2329.91,0.202581,0
A,10,.,.,.,PRO,N,46,7,114,14,45.333,-12.938,64.935,1.7,0.349418,0.158646,0.626264,-0.763299,0.46039,1,0.0706283,0.162937,6.41807,5.38619,0.471089,0.450111,0.464708,43.6453,284.752,-893.942,46.9772,360.792,-2870.07,43.6453,284.752,-893.942,0.096152,0
A,10,.,.,.,PRO,CA,47,7,110,14,44.171,-12.145,65.33,1.9,5.04916,-0.1388,0.754174,-0.641838,2.76273,1,0.0485207,0.162937,23.2172,12.8801,0.0432253,0.0427221,0.0425272,43.6453,284.752,-893.942,46.9772,360.792,-2870.07,43.6453,284.752,-893.942,0.104326,0
A,10,.,.,.,PRO,C,48,7,109,14,44.009,-12.083,66.846,1.75,1.05775,-0.95899,-0.142473,0.245029,1.94797,1,0.0271828,0.162937,11.5516,8.67236,0.015781,0.0137197,0.0129099,43.6453,284.752,-893.942,46.9772,360.792,-2870.07,43.6453,284.752,-893.942,0.125041,0
A,10,.,.,.,PRO,O,49,7,115,14,43.653,-11.034,67.376,1.49,2.84847,-0.862265,0.307382,-0.40251,0.886237,1,0.0566555,0.162937,17.3494,9.13104,0.355493,0.332447,0.332447,43.6453,284.752,-893.942,46.9772,360.792,-2870.07,43.6453,284.752,-893.942,0.185858,0
A,10,.,.,.,PRO,CB,50,7,111,14,43,-12.887,64.679,1.91,36.101,-0.992954,0.114679,0.0298507,-11.756,1,0.0972756,0.162937,54.686,16.8981,0.0194421,0.0192176,0.019129,43.6453,284.752,-893.942,46.9772,360.792,-2870.07,43.6453,284.752,-893.942,0.083129,0
A,10,.,.,.,PRO,CG,51,7,113,14,43.611,-13.611,63.521,1.92,45.0532,-0.427894,-0.20928,-0.879266,-20.3851,1,0.794605,0.162937,61.3823,17.2009,0.0177452,0.0176789,0.0173499,43.6453,284.752,-893.942,46.9772,360.792,-2870.07,43.6453,284.752,-893.942,0.079212,0
A,10,.,.,.,PRO,CD,52,7,112,14,44.973,-14.018,63.996,1.92,26.8038,0.227359,-0.792282,-0.566213,5.41383,1,0.0456882,0.162937,50.2759,18.0989,0.00494857,0.00484689,0.00437504,43.6453,284.752,-893.942,46.9772,360.792,-2870.07,43.6453,284.752,-893.942,0.128033,0
A,11,.,.,.,GLN,N,53,8,41,5,44.275,-13.203,67.52,1.7,3.27043,-0.709819,-0.691038,-0.136469,4.83606,1,0.0735948,0.127601,17.6952,9.87524,0.00512728,0.00480401,0.00451436,42.1478,264.041,-1063.93,46.9772,360.792,-2870.07,43.6453,284.752,-893.942,0.144632,0
A,11,.,.,.,GLN,CA,54,8,37,5,44.298,-13.261,68.983,1.9,11.3754,-0.950793,-0.13282,0.279914,8.66005,1,0.0297491,0.127601,28.5025,13.0094,0.0100628,0.00952081,0.00668083,42.1478,264.041,-1063.93,46.9772,360.792,-2870.07,43.6453,284.752,-893.942,0.208467,0
A,11,.,.,.,GLN,C,55,8,36,5,45.189,-12.173,69.54,1.75,0.704199,0.440462,-0.330692,0.834647,1.25195,1,0.132478,0.127601,11.1995,8.58791,0.604243,0.582409,2,42.1478,264.041,-1063.93,46.9772,360.792,-2870.07,43.6453,284.752,-893.942,0.186169,0
A,11,.,.,.,GLN,O,56,8,43,5,44.802,-11.442,70.454,1.49,6.81284,-0.423206,-0.403113,0.811416,2.14503,1,0.191218,0.127601,21.8454,9.33488,0.57799,0.561807,0.524747,42.1478,264.041,-1063.93,46.9772,360.792,-2870.07,43.6453,284.752,-893.942,0.217493,0
A,11,.,.,.,GLN,CB,57,8,38,5,44.837,-14.607,69.461,1.91,56.462,-0.156887,-0.847408,0.507233,-1.7041,1,0.210965,0.127601,83.1677,22.91,0.019141,0.018872,0.0169812,42.1478,264.041,-1063.93,46.9772,360.792,-2870.07,43.6453,284.752,-893.942,0.178288,0
A,12,.,.,.,GLN,N,58,9,41,5,46.393,-12.088,68.981,1.7,0.00151701,0.240815,-0.472535,0.847773,0.00224323,1,0.0718124,0.317956,11.7611,9.7118,0.795619,2,2,39.3586,267.043,-646.638,46.9772,360.792,-2870.07,43.6453,284.752,-893.942,0.180996,0
A,12,.,.,.,GLN,CA,59,9,37,5,47.38,-11.104,69.397,1.9,0.647429,-0.0571741,-0.559805,0.82665,0.492885,1,0.372343,0.317956,17.5516,12.8192,0.815644,2,2,39.3586,267.043,-646.638,46.9772,360.792,-2870.07,43.6453,284.752,-893.942,0.241148,0
A,12,.,.,.,GLN,C,60,9,36,5,46.978,-9.679,69.014,1.75,0,0,0,0,0,2,0.244309,0.317956,10.8798,8.77225,2,2,2,39.3586,267.043,-646.638,46.9772,360.792,-2870.07,43.6453,284.752,-893.942,2,0
A,12,.,.,.,GLN,O,61,9,43,5,47.17,-8.752,69.802,1.49,0.261278,0.886236,0.277038,-0.371263,0.0822635,1,0.287036,0.317956,15.0479,9.16424,0.943638,2,2,39.3586,267.043,-646.638,46.9772,360.792,-2870.07,43.6453,284.752,-893.942,2,0
A,12,.,.,.,GLN,CB,62,9,38,5,48.751,-11.455,68.818,1.91,0.0511044,0.437867,0.899022,0.00568652,-0.0015424,1,0.365333,0.317956,24.1058,17.3898,0.874067,2,2,39.3586,267.043,-646.638,46.9772,360.792,-2870.07,43.6453,284.752,-893.942,2,0
A,12,.,.,.,GLN,CG,63,9,40,5,49.376,-12.685,69.463,1.8,6.94131,-0.292551,-0.693763,0.658109,-1.60284,1,0.60308,0.317956,28.8413,13.823,0.563646,0.547965,0.511714,39.3586,267.043,-646.638,46.9772,360.792,-2870.07,43.6453,284.752,-893.942,0.224772,0
A,12,.,.,.,GLN,CD,64,9,39,5,50.672,-13.123,68.795,1.81,0.750688,0.114691,-0.831733,-0.5432,-0.217083,1,0.399324,0.317956,17.8455,11.8922,0.497146,0.495279,0.489322,39.3586,267.043,-646.638,46.9772,360.792,-2870.07,43.6453,284.752,-893.942,0.215993,0
A,12,.,.,.,GLN,OE1,65,9,44,5,50.955,-12.761,67.647,1.52,3.97275,0.407119,-0.755663,-0.513057,-2.026,1,0.10493,0.317956,21.6051,9.5655,0.507309,0.503486,0.493946,39.3586,267.043,-646.638,46.9772,360.792,-2870.07,43.6453,284.752,-893.942,0.213161,0
A,12,.,.,.,GLN,NE2,66,9,42,5,51.467,-13.91,69.513,1.62,28.774,0.123888,-0.975031,0.184298,-15.4101,1,0.413438,0.317956,45.3019,12.6848,0.449096,0.447337,0.441548,39.3586,267.043,-646.638,46.9772,360.792,-2870.07,43.6453,284.752,-893.942,0.287799,0
A,13,.,.,.,GLN,N,67,10,41,5,46.418,-9.503,67.817,1.7,0,0,0,0,0,2,0.118868,0.297662,10.8986,9.67529,2,2,2,40.8683,294.765,-665.364,46.9772,360.792,-2870.07,43.6453,284.752,-893.942,2,0
A,13,.,.,.,GLN,CA,68,10,37,5,46.013,-8.171,67.356,1.9,0.752983,0.508833,0.787189,-0.348457,0.573243,1,0.359828,0.297662,21.5316,12.9943,0.612352,0.613385,0.385581,40.8683,294.765,-665.364,46.9772,360.792,-2870.07,43.6453,284.752,-893.942,0.246818,0
A,13,.,.,.,GLN,C,69,10,36,5,44.874,-7.618,68.22,1.75,0.854238,-0.711659,0.398304,-0.578701,1.51869,1,0.400207,0.297662,11.6497,8.79788,0.388047,0.3642,0.332447,40.8683,294.765,-665.364,46.9772,360.792,-2870.07,43.6453,284.752,-893.942,0.251461,0
A,13,.,.,.,GLN,O,70,10,43,5,44.845,-6.424,68.527,1.49,5.78686,-0.056964,0.671775,-0.738562,1.822,1,0.553733,0.297662,21.4154,9.31983,0.377939,0.3642,0.332447,40.8683,294.765,-665.364,46.9772,360.792,-2870.07,43.6453,284.752,-893.942,0.294473,0
A,13,.,.,.,GLN,CB,71,10,38,5,45.606,-8.206,65.876,1.91,43.2319,-0.217303,0.546961,-0.808464,-1.3048,1,0.0556722,0.297662,74.6227,23.0827,0.00403696,0.00349284,0.00201197,40.8683,294.765,-665.364,46.9772,360.792,-2870.07,43.6453,284.752,-893.942,0.208715,0
A,14,.,.,.,GLU,N,72,11,50,6,43.953,-8.493,68.627,1.7,0.875584,-0.594114,0.132837,-0.793337,1.12175,1,0.161829,0.21874,13.1168,9.72877,0.35691,0.332447,0.332447,42.318,292.032,-1229.15,46.9772,360.792,-2870.07,43.6453,284.752,-893.942,0.247316,0
A,14,.,.,.,GLU,CA,73,11,46,6,42.845,-8.108,69.513,1.9,6.66117,-0.593962,0.515413,-0.617704,4.09224,1,0.140375,0.21874,24.538,13.0257,0.0864808,0.0850293,0.0840153,42.318,292.032,-1229.15,46.9772,360.792,-2870.07,43.6453,284.752,-893.942,0.294902,0
A,14,.,.,.,GLU,C,74,11,45,6,43.356,-7.784,70.915,1.75,0.730839,-0.573463,-0.435976,0.693589,1.31848,1,0.398655,0.21874,11.5224,8.78394,0.5716,0.5556,2,42.318,292.032,-1229.15,46.9772,360.792,-2870.07,43.6453,284.752,-893.942,0.256456,0
A,14,.,.,.,GLU,O,75,11,51,6,42.864,-6.86,71.571,1.49,4.5971,-0.989934,-0.0342932,0.137311,1.11706,1,0.354977,0.21874,19.8523,9.29019,0.620979,0.590252,2,42.318,292.032,-1229.15,46.9772,360.792,-2870.07,43.6453,284.752,-893.942,0.290986,0
A,14,.,.,.,GLU,CB,76,11,47,6,41.788,-9.223,69.586,1.91,52.446,-0.970804,-0.236171,0.041979,-11.6852,1,0.0378644,0.21874,80.1166,23.0914,0.0350676,0.034549,0.0335835,42.318,292.032,-1229.15,46.9772,360.792,-2870.07,43.6453,284.752,-893.942,0.249973,0
A,15,.,.,.,ALA,N,77,12,3,0,44.337,-8.563,71.368,1.7,0.696835,-0.623966,-0.637695,0.451676,1.04528,1,0.222543,0.365683,12.9608,9.81482,0.57169,0.559313,2,39.5668,271.632,-1068.19,46.9772,360.792,-2870.07,43.6453,284.752,-893.942,0.250001,0
A,15,.,.,.,ALA,CA,78,12,1,0,44.987,-8.342,72.662,1.9,3.26423,-0.795224,-0.518834,0.313737,2.50456,1,0.28461,0.365683,22.0047,12.8735,0.591708,0.582409,2,39.5668,271.632,-1068.19,46.9772,360.792,-2870.07,43.6453,284.752,-893.942,0.263868,0
A,15,.,.,.,ALA,C,79,12,0,0,45.668,-6.977,72.694,1.75,0,0,0,0,0,2,0.473075,0.365683,10.5794,8.67631,2,2,2,39.5668,271.632,-1068.19,46.9772,360.792,-2870.07,43.6453,284.752,-893.942,2,0
A,15,.,.,.,ALA,O,80,12,4,0,45.5,-6.206,73.638,1.49,0,0,0,0,0,2,0.476098,0.365683,11.9069,9.11404,2,2,2,39.5668,271.632,-1068.19,46.9772,360.792,-2870.07,43.6453,284.752,-893.942,2,0
A,15,.,.,.,ALA,CB,81,12,2,0,46.003,-9.436,72.935,1.92,9.64114,-0.42553,-0.826685,0.368126,0.691305,1,0.372088,0.365683,50.5541,23.3447,0.581201,0.561807,0.524747,39.5668,271.632,-1068.19,46.9772,360.792,-2870.07,43.6453,284.752,-893.942,0.268096,0
A,16,.,.,.,LEU,N,82,13,81,10,46.439,-6.686,71.653,1.7,0,0,0,0,0,2,0.234541,0.351663,12.3568,9.73857,2,2,2,38.2705,285.286,-578.016,46.9772,360.792,-2870.07,43.6453,284.752,-893.942,2,0
A,16,.,.,.,LEU,CA,83,13,76,10,47.078,-5.384,71.529,1.9,0,0,0,0,0,2,0.503159,0.351663,14.9742,12.5768,2,2,2,38.2705,285.286,-578.016,46.9772,360.792,-2870.07,43.6453,284.752,-893.942,2,0
A,16,.,.,.,LEU,C,84,13,75,10,46.076,-4.232,71.554,1.75,0,0,0,0,0,2,0.479071,0.351663,9.28591,8.47482,2,2,2,38.2705,285.286,-578.016,46.9772,360.792,-2870.07,43.6453,284.752,-893.942,2,0
A,16,.,.,.,LEU,O,85,13,82,10,46.292,-3.248,72.268,1.49,0,0,0,0,0,2,0.617154,0.351663,13.3955,9.20612,2,2,2,38.2705,285.286,-578.016,46.9772,360.792,-2870.07,43.6453,284.752,-893.942,2,0
A,16,.,.,.,LEU,CB,86,13,77,10,47.901,-5.32,70.249,1.91,0.201846,0.513904,-0.670365,-0.535269,0.205506,1,0.179735,0.351663,25.487,15.5671,0.725751,0.705716,2,38.2705,285.286,-578.016,46.9772,360.792,-2870.07,43.6453,284.752,-893.942,2,0
A,16,.,.,.,LEU,CG,87,13,80,10,48.577,-3.979,69.958,2.01,3.45046,-0.634664,0.554885,-0.53787,4.68579,1,0.218085,0.351663,24.8974,13.9831,0.72094,0.708787,2,38.2705,285.286,-578.016,46.9772,360.792,-2870.07,43.6453,284.752,-893.942,0.214014,0
A,16,.,.,.,LEU,CD1,88,13,78,10,49.512,-3.522,71.083,1.92,0,0,0,0,0,2,0.449379,0.351663,35.9091,22.1821,2,2,2,38.2705,285.286,-578.016,46.9772,360.792,-2870.07,43.6453,284.752,-893.942,2,0
A,16,.,.,.,LEU,CD2,89,13,79,10,49.331,-4.11,68.652,1.92,18.7181,-0.293897,-0.117877,-0.948541,9.92892,1,0.132184,0.351663,58.0456,22.07,0.764135,0.751406,2,38.2705,285.286,-578.016,46.9772,360.792,-2870.07,43.6453,284.752,-893.942,0.263175,0
A,17,.,.,.,ALA,N,90,14,3,0,44.994,-4.352,70.771,1.7,0.127934,0.250762,0.260245,-0.932411,0.191906,1,0.424951,0.458367,12.9061,9.96464,0.717161,0.708787,2,40.9814,303.256,-919.812,46.9772,360.792,-2870.07,43.6453,284.752,-893.942,0.317277,0
A,17,.,.,.,ALA,CA,91,14,1,0,43.961,-3.315,70.721,1.9,5.1019,0.32712,0.686436,-0.64946,3.91455,1,0.481991,0.458367,24.4732,12.9011,0.555298,0.53657,0.372827,40.9814,303.256,-919.812,46.9772,360.792,-2870.07,43.6453,284.752,-893.942,0.261017,0
A,17,.,.,.,ALA,C,92,14,0,0,43.331,-3.074,72.097,1.75,0.194767,-0.985469,0.0720659,-0.153811,0.384427,1,0.538463,0.458367,11.275,8.73892,0.609964,0.590796,2,40.9814,303.256,-919.812,46.9772,360.792,-2870.07,43.6453,284.752,-893.942,0.275926,0
A,17,.,.,.,ALA,O,93,14,4,0,43.129,-1.922,72.494,1.49,4.9539,-0.489604,0.653846,-0.576865,2.50173,1,0.772208,0.458367,20.1344,9.28112,0.609493,0.591537,2,40.9814,303.256,-919.812,46.9772,360.792,-2870.07,43.6453,284.752,-893.942,0.271929,0
A,17,.,.,.,ALA,CB,94,14,2,0,42.88,-3.666,69.699,1.92,50.8481,-0.630884,0.369497,-0.682245,3.64599,1,0.0742219,0.458367,79.4383,23.4339,0.02494,0.0245578,0.022877,40.9814,303.256,-919.812,46.9772,360.792,-2870.07,43.6453,284.752,-893.942,0.319283,0
A,18,.,.,.,ARG,N,95,15,11,1,43.024,-4.157,72.816,1.7,0.744532,-0.92122,-0.136944,-0.364143,1.16298,1,0.504728,0.464511,13.1605,9.85198,0.623777,0.590252,2,41.0533,285.167,-1315.32,46.9772,360.792,-2870.07,43.6453,284.752,-893.942,0.310353,0
A,18,.,.,.,ARG,CA,96,15,6,1,42.446,-4.051,74.153,1.9,1.84582,-0.9054,0.00161519,-0.424557,1.58061,1,0.620601,0.464511,22.0421,12.9564,0.393918,0.38058,0.357599,41.0533,285.167,-1315.32,46.9772,360.792,-2870.07,43.6453,284.752,-893.942,0.210055,0
A,18,.,.,.,ARG,C,97,15,5,1,43.42,-3.381,75.116,1.75,0,0,0,0,0,2,0.485569,0.464511,10.2236,8.73108,2,2,2,41.0533,285.167,-1315.32,46.9772,360.792,-2870.07,43.6453,284.752,-893.942,2,0
A,18,.,.,.,ARG,O,98,15,14,1,43.034,-2.509,75.903,1.49,0,0,0,0,0,2,0.479283,0.464511,11.7359,8.93479,2,2,2,41.0533,285.167,-1315.32,46.9772,360.792,-2870.07,43.6453,284.752,-893.942,2,0
A,18,.,.,.,ARG,CB,99,15,7,1,42.051,-5.437,74.682,1.91,27.7336,-0.953069,-0.29689,0.0592861,3.18842,1,0.232373,0.464511,63.3161,23.045,0.0353044,0.0343779,0.0328337,41.0533,285.167,-1315.32,46.9772,360.792,-2870.07,43.6453,284.752,-893.942,0.228866,0
A,19,.,.,.,PHE,N,100,16,107,13,44.682,-3.796,75.041,1.7,0,0,0,0,0,2,0.252103,0.560793,10.9612,9.69977,2,2,2,38.0298,271.103,-871.488,46.9772,360.792,-2870.07,43.6453,284.752,-893.942,2,0
A,19,.,.,.,PHE,CA,101,16,101,13,45.764,-3.256,75.875,1.9,0,0,0,0,0,2,0.226236,0.560793,17.1999,12.9677,2,2,2,38.0298,271.103,-871.488,46.9772,360.792,-2870.07,43.6453,284.752,-893.942,2,0
A,19,.,.,.,PHE,C,102,16,100,13,45.83,-1.751,75.678,1.75,0,0,0,0,0,2,0.810055,0.560793,10.0552,8.63383,2,2,2,38.0298,271.103,-871.488,46.9772,360.792,-2870.07,43.6453,284.752,-893.942,2,0
A,19,.,.,.,PHE,O,103,16,108,13,45.852,-0.99,76.646,1.49,0,0,0,0,0,2,0.651616,0.560793,12.404,9.20172,2,2,2,38.0298,271.103,-871.488,46.9772,360.792,-2870.07,43.6453,284.752,-893.942,2,0
A,19,.,.,.,PHE,CB,104,16,102,13,47.1,-3.917,75.46,1.91,0,0,0,0,0,3,0.517105,0.560793,23.5256,17.7819,2,2,2,38.0298,271.103,-871.488,46.9772,360.792,-2870.07,43.6453,284.752,-893.942,2,0
A,19,.,.,.,PHE,CG,105,16,105,13,48.255,-3.715,76.426,1.74,0,0,0,0,0,3,0.7152,0.560793,7.20326,6.39877,2,2,2,38.0298,271.103,-871.488,46.9772,360.792,-2870.07,43.6453,284.752,-893.942,2,0
A,19,.,.,.,PHE,CD1,106,16,103,13,48.117,-3.92,77.78,1.82,0.0143617,-0.762259,-0.148821,0.629932,0.0140511,1,0.423937,0.560793,26.6923,14.3247,1,2,2,38.0298,271.103,-871.488,46.9772,360.792,-2870.07,43.6453,284.752,-893.942,2,0
A,19,.,.,.,PHE,CD2,107,16,103,13,49.523,-3.358,75.937,1.82,0,0,0,0,0,3,0.623037,0.560793,20.2866,14.376,2,2,2,38.0298,271.103,-871.488,46.9772,360.792,-2870.07,43.6453,284.752,-893.942,2,0
A,19,.,.,.,PHE,CE1,108,16,104,13,49.205,-3.755,78.644,1.82,0,0,0,0,0,2,0.548236,0.560793,20.2674,14.0779,2,2,2,38.0298,271.103,-871.488,46.9772,360.792,-2870.07,43.6453,284.752,-893.942,2,0
A,19,.,.,.,PHE,CE2,109,16,104,13,50.601,-3.191,76.789,1.82,0,0,0,0,0,3,0.771529,0.560793,20.6792,13.9784,2,2,2,38.0298,271.103,-871.488,46.9772,360.792,-2870.07,43.6453,284.752,-893.942,2,0
A,19,.,.,.,PHE,CZ,110,16,106,13,50.448,-3.395,78.146,1.82,0,0,0,0,0,3,0.629669,0.560793,21.1547,13.9847,2,2,2,38.0298,271.103,-871.488,46.9772,360.792,-2870.07,43.6453,284.752,-893.942,2,0
A,20,.,.,.,ARG,N,111,17,11,1,45.827,-1.335,74.412,1.7,0,0,0,0,0,2,0.854684,0.851508,11.9691,9.70893,2,2,2,38.835,291.069,-610.986,46.9772,360.792,-2870.07,43.6453,284.752,-893.942,2,0
A,20,.,.,.,ARG,CA,112,17,6,1,45.845,0.081,74.059,1.9,0,0,0,0,0,2,0.965027,0.851508,18.2082,12.8069,2,2,2,38.835,291.069,-610.986,46.9772,360.792,-2870.07,43.6453,284.752,-893.942,2,0
A,20,.,.,.,ARG,C,113,17,5,1,44.654,0.806,74.681,1.75,0.0226226,-0.44939,0.743934,-0.494582,0.0417305,1,0.897648,0.851508,10.1824,8.63043,0.729511,0.689522,2,38.835,291.069,-610.986,46.9772,360.792,-2870.07,43.6453,284.752,-893.942,0.199294,0
A,20,.,.,.,ARG,O,114,17,14,1,44.818,1.887,75.245,1.49,0.0596148,-0.493704,0.519018,-0.697765,0.0224501,1,0.718189,0.851508,17.7065,9.32766,0.836914,2,2,38.835,291.069,-610.986,46.9772,360.792,-2870.07,43.6453,284.752,-893.942,2,0
A,20,.,.,.,ARG,CB,115,17,7,1,45.851,0.264,72.533,1.91,0.803483,-0.863553,0.126909,-0.488028,0.0923733,1,0.914451,0.851508,26.9962,16.5799,0.621311,0.595401,2,38.835,291.069,-610.986,46.9772,360.792,-2870.07,43.6453,284.752,-893.942,0.21007,0
A,20,.,.,.,ARG,CG,116,17,9,1,46.088,1.703,72.092,1.92,6.36325,-0.888192,0.454211,-0.0693295,0.0420668,1,0.845336,0.851508,32.3984,17.172,0.00856598,0.00664765,0,38.835,291.069,-610.986,46.9772,360.792,-2870.07,43.6453,284.752,-893.942,0.159476,0
A,20,.,.,.,ARG,CD,117,17,8,1,46.268,1.834,70.585,1.88,35.1953,-0.646413,0.264074,-0.715832,-15.7969,1,0.396981,0.851508,55.4253,17.2467,0.0300349,0.0296676,0.0277113,38.835,291.069,-610.986,46.9772,360.792,-2870.07,43.6453,284.752,-893.942,0.165963,0
A,20,.,.,.,ARG,NE,118,17,12,1,47.609,1.449,70.15,1.62,6.06485,-0.206146,-0.266307,-0.941586,-1.68167,1,0.98478,0.851508,20.4659,8.10555,0.0309086,0.0307769,0.0291615,38.835,291.069,-610.986,46.9772,360.792,-2870.07,43.6453,284.752,-893.942,0.183718,0
A,20,.,.,.,ARG,CZ,119,17,10,1,48.715,2.167,70.366,1.8,5.55598,-0.117614,0.465257,-0.877327,-1.63059,1,0.997058,0.851508,19.3175,11.2723,0.0467026,0.0465166,0.0446687,38.835,291.069,-610.986,46.9772,360.792,-2870.07,43.6453,284.752,-893.942,0.169446,0
A,20,.,.,.,ARG,NH1,120,17,13,1,48.657,3.336,71.004,1.62,11.2609,-0.148407,0.812821,-0.563292,-5.71718,1,0.844799,0.851508,33.5264,12.7227,0.0541693,0.0541066,0.0527841,38.835,291.069,-610.986,46.9772,360.792,-2870.07,43.6453,284.752,-893.942,0.142761,0
A,20,.,.,.,ARG,NH2,121,17,13,1,49.895,1.716,69.947,1.67,4.72553,0.0237832,0.478846,-0.877577,-2.39915,1,0.947636,0.851508,26.3648,14.2461,0.0591825,0.0589883,0.0571912,38.835,291.069,-610.986,46.9772,360.792,-2870.07,43.6453,284.752,-893.942,0.173583,0
A,21,.,.,.,GLU,N,122,18,50,6,43.467,0.201,74.591,1.7,0.639502,-0.312089,0.351961,-0.882453,0.819299,1,0.774905,0.44147,12.8978,9.81175,0.616748,0.595401,2,41.4641,291.287,-1131.83,46.9772,360.792,-2870.07,43.6453,284.752,-893.942,0.238172,0
A,21,.,.,.,GLU,CA,123,18,46,6,42.261,0.748,75.217,1.9,2.13932,-0.00454703,0.464528,-0.885547,1.31428,1,0.425983,0.44147,19.5909,12.942,0.613051,0.591537,2,41.4641,291.287,-1131.83,46.9772,360.792,-2870.07,43.6453,284.752,-893.942,0.181538,0
A,21,.,.,.,GLU,C,124,18,45,6,42.406,0.838,76.745,1.75,0.0432907,-0.83622,-0.178148,0.518651,0.0780991,1,0.342699,0.44147,10.6833,8.74485,0.463541,0.459808,0.427908,41.4641,291.287,-1131.83,46.9772,360.792,-2870.07,43.6453,284.752,-893.942,0.193362,0
A,21,.,.,.,GLU,O,125,18,51,6,42.022,1.832,77.356,1.49,7.03961,-0.681058,0.128618,0.720845,1.71057,1,0.590502,0.44147,22.5975,9.31177,0.256579,0.256002,0.250582,41.4641,291.287,-1131.83,46.9772,360.792,-2870.07,43.6453,284.752,-893.942,0.161056,0
A,21,.,.,.,GLU,CB,126,18,47,6,41.059,-0.134,74.848,1.91,3.32722,-0.013576,0.288786,-0.957298,-0.741318,1,0.454185,0.44147,28.4659,16.6883,0.507867,0.485903,0.372827,41.4641,291.287,-1131.83,46.9772,360.792,-2870.07,43.6453,284.752,-893.942,0.20088,0
A,21,.,.,.,GLU,CG,127,18,49,6,39.697,0.51,75.006,1.88,12.6272,-0.682009,0.649187,0.336777,-4.88241,1,0.195597,0.44147,41.455,16.881,0.0483995,0.047934,0.0448285,41.4641,291.287,-1131.83,46.9772,360.792,-2870.07,43.6453,284.752,-893.942,0.186717,0
A,21,.,.,.,GLU,CD,128,18,48,6,38.575,-0.38,74.498,1.76,10.5232,-0.766565,-0.166445,-0.620221,-4.56563,1,0.070827,0.44147,25.4017,10.7208,0.0281776,0.0280422,0.0270917,41.4641,291.287,-1131.83,46.9772,360.792,-2870.07,43.6453,284.752,-893.942,0.196025,0
A,21,.,.,.,GLU,OE1,129,18,52,6,38.843,-1.304,73.693,1.49,31.4699,-0.358971,-0.585265,-0.727052,-20.8213,1,0.140459,0.44147,43.1909,9.32309,0.0310151,0.0308448,0.0296039,41.4641,291.287,-1131.83,46.9772,360.792,-2870.07,43.6453,284.752,-893.942,0.205682,0
A,21,.,.,.,GLU,OE2,130,18,52,6,37.418,-0.156,74.904,1.49,46.8675,-0.962038,0.0887402,0.258084,-31.0088,1,0.978075,0.44147,51.4052,9.43114,0.0305429,0.0304969,0.0300144,41.4641,291.287,-1131.83,46.9772,360.792,-2870.07,43.6453,284.752,-893.942,0.194337,0
A,22,.,.,.,ASN,N,131,19,19,2,42.971,-0.197,77.361,1.7,0,0,0,0,0,2,0.523948,0.577439,10.6018,9.61521,2,2,2,39.9066,264.434,-1153.58,43.2524,337.562,-1491.09,43.6453,284.752,-893.942,2,0
A,22,.,.,.,ASN,CA,132,19,16,2,43.135,-0.225,78.825,1.9,6.14661,-0.773722,0.273161,0.57161,4.6093,1,0.586777,0.577439,22.7978,12.8909,0.265531,0.265284,0.25764,39.9066,264.434,-1153.58,43.2524,337.562,-1491.09,43.6453,284.752,-893.942,0.17262,0
A,22,.,.,.,ASN,C,133,19,15,2,44.159,0.799,79.369,1.75,0.0108947,-0.696311,0.688427,0.203022,0.017065,1,0.907909,0.577439,11.9564,8.94581,0.32009,0.319247,0.308678,39.9066,264.434,-1153.58,43.2524,337.562,-1491.09,43.6453,284.752,-893.942,0.162725,0
A,22,.,.,.,ASN,O,134,19,21,2,44.136,1.138,80.562,1.49,10.1375,-0.826387,0.253526,0.502801,2.75087,1,0.931274,0.577439,26.6343,9.39234,0.254141,0.253868,0.249081,39.9066,264.434,-1153.58,43.2524,337.562,-1491.09,43.6453,284.752,-893.942,0.106984,0
A,22,.,.,.,ASN,CB,135,19,17,2,43.49,-1.645,79.294,1.91,2.84543,-0.499357,0.125389,0.857275,-0.449853,1,0.787927,0.577439,32.8872,17.6788,0.262935,0.262648,0.25688,39.9066,264.434,-1153.58,43.2524,337.562,-1491.09,43.6453,284.752,-893.942,0.149034,0
A,22,.,.,.,ASN,CG,136,19,18,2,42.395,-2.67,78.983,1.81,5.1445,-0.428213,-0.100513,0.89807,-0.611439,1,0.281093,0.577439,19.2402,11.1244,0.172126,0.171646,0.166786,39.9066,264.434,-1153.58,43.2524,337.562,-1491.09,43.6453,284.752,-893.942,0.182845,0
A,22,.,.,.,ASN,OD1,137,19,22,2,41.248,-2.306,78.709,1.52,27.5263,-0.96644,-0.076233,0.245319,-9.58238,1,0.243644,0.577439,41.1209,9.60728,0.0617941,0.0616445,0.0590935,39.9066,264.434,-1153.58,43.2524,337.562,-1491.09,43.6453,284.752,-893.942,0.197561,0
A,22,.,.,.,ASN,ND2,138,19,20,2,42.746,-3.96,79.032,1.62,15.4783,-0.573784,-0.617601,0.537903,-7.4282,1,0.356939,0.577439,44.3315,12.8548,0.320453,0.31777,0.294851,39.9066,264.434,-1153.58,43.2524,337.562,-1491.09,43.6453,284.752,-893.942,0.220895,0
A,23,.,.,.,LEU,N,139,20,81,10,45.023,1.31,78.49,1.7,0,0,0,0,0,2,0.282,0.581646,10.8814,9.70436,2,2,2,38.0454,263.294,-667.766,43.2524,337.562,-1491.09,43.6453,284.752,-893.942,2,0
A,23,.,.,.,LEU,CA,140,20,76,10,46.089,2.259,78.856,1.9,0,0,0,0,0,2,0.714358,0.581646,16.4987,12.8554,2,2,2,38.0454,263.294,-667.766,43.2524,337.562,-1491.09,43.6453,284.752,-893.942,2,0
A,23,.,.,.,LEU,C,141,20,75,10,45.83,3.717,78.433,1.75,0,0,0,0,0,2,0.665342,0.581646,10.8329,8.83414,2,2,2,38.0454,263.294,-667.766,43.2524,337.562,-1491.09,43.6453,284.752,-893.942,2,0
A,23,.,.,.,LEU,O,142,20,82,10,46.753,4.547,78.429,1.49,0,0,0,0,0,2,0.664562,0.581646,12.0477,9.0409,2,2,2,38.0454,263.294,-667.766,43.2524,337.562,-1491.09,43.6453,284.752,-893.942,2,0
A,23,.,.,.,LEU,CB,143,20,77,10,47.407,1.784,78.235,1.91,0,0,0,0,0,2,0.681639,0.581646,24.4943,15.4977,2,2,2,38.0454,263.294,-667.766,43.2524,337.562,-1491.09,43.6453,284.752,-893.942,2,0
A,23,.,.,.,LEU,CG,144,20,80,10,47.952,0.477,78.803,2.01,0,0,0,0,0,2,0.310599,0.581646,19.1474,13.9579,2,2,2,38.0454,263.294,-667.766,43.2524,337.562,-1491.09,43.6453,284.752,-893.942,2,0
A,23,.,.,.,LEU,CD1,145,20,78,10,49.009,-0.102,77.884,1.92,0,0,0,0,0,2,0.653813,0.581646,32.3343,21.9631,2,2,2,38.0454,263.294,-667.766,43.2524,337.562,-1491.09,43.6453,284.752,-893.942,2,0
A,23,.,.,.,LEU,CD2,146,20,79,10,48.507,0.685,80.204,1.92,0,0,0,0,0,2,0.680853,0.581646,39.2435,22.1325,2,2,2,38.0454,263.294,-667.766,43.2524,337.562,-1491.09,43.6453,284.752,-893.942,2,0
A,24,.,.,.,GLN,N,147,21,41,5,44.58,4.04,78.117,1.7,0.448743,-0.711024,-0.116011,0.693532,0.663565,1,0.576808,0.340497,14.8496,9.89328,0.610388,0.589265,2,40.5278,279.516,-707.872,43.2524,337.562,-1491.09,43.6453,284.752,-893.942,0.122769,0
A,24,.,.,.,GLN,CA,148,21,37,5,44.23,5.349,77.565,1.9,0.093688,-0.0337262,0.66989,-0.741694,0.0713243,1,0.425307,0.340497,17.0209,12.8462,0.361627,0.356129,0.333654,40.5278,279.516,-707.872,43.2524,337.562,-1491.09,43.6453,284.752,-893.942,0.123198,0
A,24,.,.,.,GLN,C,149,21,36,5,44.697,6.508,78.439,1.75,0.807008,-0.730396,0.678224,0.0808376,1.43472,1,0.793653,0.340497,11.3618,8.64722,0.0744577,0.0734077,0.0687263,40.5278,279.516,-707.872,43.2524,337.562,-1491.09,43.6453,284.752,-893.942,0.096232,0
A,24,.,.,.,GLN,O,150,21,43,5,45.162,7.539,77.929,1.49,12.9901,-0.477705,0.772206,-0.418921,4.08995,1,0.352047,0.340497,29.0864,9.35115,0.0500846,0.0497068,0.0470071,40.5278,279.516,-707.872,43.2524,337.562,-1491.09,43.6453,284.752,-893.942,0.0892397,0
A,24,.,.,.,GLN,CB,151,21,38,5,42.717,5.425,77.303,1.91,19.432,-0.564433,0.719739,0.404217,-0.586484,1,0.0476404,0.340497,43.9492,17.4925,0.0287822,0.0285487,0.0263128,40.5278,279.516,-707.872,43.2524,337.562,-1491.09,43.6453,284.752,-893.942,0.140659,0
A,24,.,.,.,GLN,CG,152,21,40,5,42.342,4.801,75.962,1.8,8.09871,0.156691,0.60163,-0.783255,-1.87011,1,0.403172,0.340497,30.2231,13.8385,0.0117598,0.0114595,0.00925821,40.5278,279.516,-707.872,43.2524,337.562,-1491.09,43.6453,284.752,-893.942,0.150503,0
A,24,.,.,.,GLN,CD,153,21,39,5,40.846,4.618,75.76,1.81,6.08957,-0.228961,0.927667,-0.294977,-1.76098,1,0.149452,0.340497,21.7184,11.8982,0.0186344,0.0184799,0.0171517,40.5278,279.516,-707.872,43.2524,337.562,-1491.09,43.6453,284.752,-893.942,0.155905,0
A,24,.,.,.,GLN,OE1,154,21,44,5,40.048,4.817,76.674,1.52,34.9179,-0.833265,0.247119,0.494572,-17.8072,1,0.129997,0.340497,44.9853,9.58435,0.0470466,0.0469772,0.0455219,40.5278,279.516,-707.872,43.2524,337.562,-1491.09,43.6453,284.752,-893.942,0.161543,0
A,24,.,.,.,GLN,NE2,155,21,42,5,40.463,4.216,74.552,1.62,36.4783,-0.353024,0.273065,-0.89488,-19.5361,1,0.186399,0.340497,51.935,12.8521,0.00911145,0.00882182,0.00716426,40.5278,279.516,-707.872,43.2524,337.562,-1491.09,43.6453,284.752,-893.942,0.170211,0
A,25,.,.,.,ASP,N,156,22,27,3,44.61,6.33,79.752,1.7,2.5329,-0.960828,-0.101531,0.257879,3.21423,1,0.340944,0.609421,16.0463,9.7125,0.0652419,0.0645131,0.0602331,40.1587,257.408,-598.928,43.2524,337.562,-1491.09,43.6453,284.752,-893.942,0.0750976,0
A,25,.,.,.,ASP,CA,157,22,24,3,45.049,7.371,80.69,1.9,11.6029,-0.622485,0.771425,-0.131968,6.95283,1,0.193143,0.609421,27.4019,12.9175,0.0357984,0.0356036,0.0338224,40.1587,257.408,-598.928,43.2524,337.562,-1491.09,43.6453,284.752,-893.942,0.0684129,0
A,25,.,.,.,ASP,C,158,22,23,3,46.549,7.663,80.583,1.75,0,0,0,0,0,2,0.5556,0.609421,11.0532,8.79693,2,2,2,40.1587,257.408,-598.928,43.2524,337.562,-1491.09,43.6453,284.752,-893.942,2,0
A,25,.,.,.,ASP,O,159,22,28,3,46.971,8.806,80.778,1.49,19.9118,-0.0521073,0.868093,0.493659,5.51651,1,0.337204,0.609421,36.5671,9.37219,0.0539451,0.0538673,0.051018,40.1587,257.408,-598.928,43.2524,337.562,-1491.09,43.6453,284.752,-893.942,0.0787125,0
A,25,.,.,.,ASP,CB,160,22,25,3,44.687,6.992,82.132,1.91,37.8046,-0.690042,0.458319,0.560166,-11.084,1,0.689928,0.609421,57.9237,18.048,0.0819318,0.0818956,0.0807523,40.1587,257.408,-598.928,43.2524,337.562,-1491.09,43.6453,284.752,-893.942,0.0646736,0
A,25,.,.,.,ASP,CG,161,22,26,3,45.315,5.677,82.568,1.76,4.75003,-0.749095,-0.313983,0.583328,-1.11752,1,0.974072,0.609421,17.8438,10.4254,0.0980582,0.0980265,0.0966678,40.1587,257.408,-598.928,43.2524,337.562,-1491.09,43.6453,284.752,-893.942,0.0599768,0
A,25,.,.,.,ASP,OD1,162,22,29,3,45.104,4.654,81.869,1.49,4.3556,-0.959084,-0.268168,0.0908013,-2.20891,1,0.99115,0.609421,19.7778,9.14005,0.0725867,0.0725088,0.0716243,40.1587,257.408,-598.928,43.2524,337.562,-1491.09,43.6453,284.752,-893.942,0.0658092,0
A,25,.,.,.,ASP,OD2,163,22,29,3,46.017,5.665,83.606,1.49,16.1705,-0.13062,0.333374,0.933702,-8.20073,1,0.793329,0.609421,29.8674,9.37382,0.108519,0.108519,0.107243,40.1587,257.408,-598.928,43.2524,337.562,-1491.09,43.6453,284.752,-893.942,0.0594661,0
A,26,.,.,.,LEU,N,164,23,81,10,47.339,6.637,80.257,1.7,0,0,0,0,0,2,0.385398,0.578796,10.9279,9.65336,2,2,2,37.2286,251.152,-168.642,43.2524,337.562,-1491.09,43.6453,284.752,-893.942,2,0
A,26,.,.,.,LEU,CA,165,23,76,10,48.805,6.735,80.236,1.9,0,0,0,0,0,2,0.385799,0.578796,15.9587,12.7396,2,2,2,37.2286,251.152,-168.642,43.2524,337.562,-1491.09,43.6453,284.752,-893.942,2,0
A,26,.,.,.,LEU,C,166,23,75,10,49.412,7.087,78.894,1.75,0,0,0,0,0,2,0.728024,0.578796,9.71725,8.46208,2,2,2,37.2286,251.152,-168.642,43.2524,337.562,-1491.09,43.6453,284.752,-893.942,2,0
A,26,.,.,.,LEU,O,167,23,82,10,50.563,7.488,78.865,1.49,0,0,0,0,0,2,0.617206,0.578796,11.1787,8.92387,2,2,2,37.2286,251.152,-168.642,43.2524,337.562,-1491.09,43.6453,284.752,-893.942,2,0
A,26,.,.,.,LEU,CB,168,23,77,10,49.442,5.405,80.672,1.91,0,0,0,0,0,2,0.636529,0.578796,23.7443,15.4029,2,2,2,37.2286,251.152,-168.642,43.2524,337.562,-1491.09,43.6453,284.752,-893.942,2,0
A,26,.,.,.,LEU,CG,169,23,80,10,49.306,5.003,82.131,2.01,0,0,0,0,0,2,0.778646,0.578796,17.6812,14.1173,2,2,2,37.2286,251.152,-168.642,43.2524,337.562,-1491.09,43.6453,284.752,-893.942,2,0
A,26,.,.,.,LEU,CD1,170,23,78,10,50.044,3.698,82.325,1.92,0.364744,0.14127,0.0452056,0.988938,0.248383,1,0.767812,0.578796,37.777,22.0501,0.848806,0.832749,2,37.2286,251.152,-168.642,43.2524,337.562,-1491.09,43.6453,284.752,-893.942,0.0850032,0
A,26,.,.,.,LEU,CD2,171,23,79,10,49.83,6.069,83.074,1.92,19.5021,-0.109392,0.314622,0.942893,10.3448,1,0.330953,0.578796,56.6758,22.052,0.705235,0.687375,0.603522,37.2286,251.152,-168.642,43.2524,337.562,-1491.09,43.6453,284.752,-893.942,0.0747149,0
A,27,.,.,.,LEU,N,172,24,81,10,48.679,6.939,77.787,1.7,0,0,0,0,0,2,0.556128,0.322484,12.0342,9.70167,2,2,2,37.6536,275.574,140.598,43.2524,337.562,-1491.09,43.6453,284.752,-893.942,2,0
A,27,.,.,.,LEU,CA,173,24,76,10,49.308,7.099,76.461,1.9,0,0,0,0,0,2,0.504253,0.322484,14.5088,12.5425,2,2,2,37.6536,275.574,140.598,43.2524,337.562,-1491.09,43.6453,284.752,-893.942,2,0
A,27,.,.,.,LEU,C,174,24,75,10,50.151,8.384,76.293,1.75,0.759771,-0.129082,0.349104,-0.928151,1.61858,1,0.279212,0.322484,11.321,8.705,0.296326,0.282139,0.275567,37.6536,275.574,140.598,43.2524,337.562,-1491.09,43.6453,284.752,-893.942,0.090534,0
A,27,.,.,.,LEU,O,175,24,82,10,51.261,8.303,75.781,1.49,4.15378,0.435145,0.509705,-0.742192,3.18558,1,0.401498,0.322484,21.6242,9.27948,0.536489,0.534914,0.527994,37.6536,275.574,140.598,43.2524,337.562,-1491.09,43.6453,284.752,-893.942,0.113847,0
A,27,.,.,.,LEU,CB,176,24,77,10,48.294,6.936,75.321,1.91,9.19204,-0.218589,0.731022,-0.646394,9.35869,1,0.111416,0.322484,32.9217,15.7088,0.0396726,0.0394316,0.0384734,37.6536,275.574,140.598,43.2524,337.562,-1491.09,43.6453,284.752,-893.942,0.0922568,0
A,27,.,.,.,LEU,CG,177,24,80,10,47.569,5.578,75.168,2.01,0,0,0,0,0,2,0.0954007,0.322484,17.612,14.291,2,2,2,37.6536,275.574,140.598,43.2524,337.562,-1491.09,43.6453,284.752,-893.942,2,0
A,27,.,.,.,LEU,CD1,178,24,78,10,46.694,5.607,73.925,1.92,29.2245,-0.473902,0.573622,-0.668113,19.9012,1,0.0956572,0.322484,65.8963,22.1041,0.0444291,0.0441855,0.0435218,37.6536,275.574,140.598,43.2524,337.562,-1491.09,43.6453,284.752,-893.942,0.132155,0
A,27,.,.,.,LEU,CD2,179,24,79,10,48.497,4.368,75.086,1.92,0,0,0,0,0,2,0.536307,0.322484,40.3991,22.1472,2,2,2,37.6536,275.574,140.598,43.2524,337.562,-1491.09,43.6453,284.752,-893.942,2,0
A,28,.,.,.,PRO,N,180,25,114,14,49.651,9.555,76.755,1.7,0.153276,-0.342057,0.141352,-0.928987,0.201955,1,0.810484,0.280987,6.47281,5.48423,0.131904,0.131436,0.131142,38.5161,271.365,440.605,43.2524,337.562,-1491.09,43.6453,284.752,-893.942,0.0608997,0
A,28,.,.,.,PRO,CA,181,25,110,14,50.402,10.816,76.572,1.9,12.6306,0.0858162,0.209629,-0.974008,6.91106,1,0.597702,0.280987,28.5404,13.0521,0.162278,0.16211,0.161225,38.5161,271.365,440.605,43.2524,337.562,-1491.09,43.6453,284.752,-893.942,0.0682548,0
A,28,.,.,.,PRO,C,182,25,109,14,51.708,10.899,77.324,1.75,0.0487079,0.509272,-0.263679,-0.819216,0.0897015,1,0.13785,0.280987,11.4441,8.65332,0.304217,0.303973,0.300851,38.5161,271.365,440.605,43.2524,337.562,-1491.09,43.6453,284.752,-893.942,0.0973294,0
A,28,.,.,.,PRO,O,183,25,115,14,52.536,11.734,76.983,1.49,30.5088,0.57776,0.66421,-0.474361,9.49212,1,0.00970143,0.280987,41.9294,9.28714,0.299105,0.298851,0.296131,38.5161,271.365,440.605,43.2524,337.562,-1491.09,43.6453,284.752,-893.942,0.0873892,0
A,28,.,.,.,PRO,CB,184,25,111,14,49.439,11.9,77.119,1.91,29.9511,-0.0264016,0.994749,-0.0988854,-9.75335,1,0.0288003,0.280987,51.797,16.9153,0.0657321,0.0657013,0.0657013,38.5161,271.365,440.605,43.2524,337.562,-1491.09,43.6453,284.752,-893.942,0.0714391,0
A,28,.,.,.,PRO,CG,185,25,113,14,48.102,11.252,77.116,1.92,42.0096,-0.859303,0.475625,-0.188092,-19.0079,1,0.0603476,0.280987,60.5694,17.1442,0.0515036,0.0514369,0.0511673,38.5161,271.365,440.605,43.2524,337.562,-1491.09,43.6453,284.752,-893.942,0.0697174,0
A,28,.,.,.,PRO,CD,186,25,112,14,48.353,9.803,77.411,1.92,0.729219,-0.836524,-0.0436018,-0.546193,0.147288,1,0.32202,0.280987,29.5539,17.7229,0.095445,0.0950243,0.0933454,38.5161,271.365,440.605,43.2524,337.562,-1491.09,43.6453,284.752,-893.942,0.0757439,0
A,29,.,.,.,ILE,N,187,26,73,9,51.886,10.07,78.359,1.7,0,0,0,0,0,2,0.221957,0.217001,11.1499,9.53494,2,2,2,36.0214,245.884,542.884,43.2524,337.562,-1491.09,43.6453,284.752,-893.942,2,0
A,29,.,.,.,ILE,CA,188,26,68,9,53.114,10.105,79.133,1.9,4.55756,0.763157,0.620663,-0.179915,8.5766,1,0.0438289,0.217001,19.8676,11.8493,0.589588,0.582777,0.565346,36.0214,245.884,542.884,43.2524,337.562,-1491.09,43.6453,284.752,-893.942,0.117652,0
A,29,.,.,.,ILE,C,189,26,67,9,54.027,8.902,78.949,1.75,0.165364,0.625426,0.660113,-0.416045,0.416549,1,0.115169,0.217001,10.8948,8.58167,0.667412,0.613943,2,36.0214,245.884,542.884,43.2524,337.562,-1491.09,43.6453,284.752,-893.942,0.236212,0
A,29,.,.,.,ILE,O,190,26,74,9,55.098,8.869,79.53,1.49,5.54456,0.787594,0.613114,-0.0615361,5.25726,1,0.271444,0.217001,27.1673,9.16452,0.685968,0.62055,2,36.0214,245.884,542.884,43.2524,337.562,-1491.09,43.6453,284.752,-893.942,0.35709,0
A,29,.,.,.,ILE,CB,191,26,69,9,52.838,10.348,80.631,2.01,6.9794,0.823159,0.339496,0.455139,8.10433,1,0.41984,0.217001,25.7368,13.7729,0.678054,0.664407,0.611032,36.0214,245.884,542.884,43.2524,337.562,-1491.09,43.6453,284.752,-893.942,0.204885,0
A,29,.,.,.,ILE,CG1,192,26,71,9,51.989,9.226,81.21,1.92,0.0947863,-0.881335,0.442918,0.164537,0.101405,1,0.445378,0.217001,23.7684,15.8401,0.680516,0.65567,0.5937,36.0214,245.884,542.884,43.2524,337.562,-1491.09,43.6453,284.752,-893.942,0.113626,0
A,29,.,.,.,ILE,CG2,193,26,72,9,52.167,11.701,80.809,1.92,48.2228,-0.0700105,0.924711,0.374176,39.0533,1,0.0194603,0.217001,75.6803,22.0139,0.0489554,0.0486312,0.0463496,36.0214,245.884,542.884,43.2524,337.562,-1491.09,43.6453,284.752,-893.942,0.0859516,0
A,29,.,.,.,ILE,CD1,194,26,70,9,51.977,9.229,82.716,1.92,37.8589,-0.0231268,0.370946,0.928367,28.796,1,0.198935,0.217001,69.9278,22.9398,0.468727,0.453995,0.350987,36.0214,245.884,542.884,43.2524,337.562,-1491.09,43.6453,284.752,-893.942,0.123008,0
A,30,.,.,.,LEU,N,195,27,81,10,53.634,7.934,78.12,1.7,0,0,0,0,0,2,0.177719,0.486775,12.984,9.95553,2,2,2,33.9628,246.427,757.676,46.9772,360.792,-2870.07,43.6453,284.752,-893.942,2,0
A,30,.,.,.,LEU,CA,196,27,76,10,54.52,6.804,77.821,1.9,0,0,0,0,0,2,0.523128,0.486775,13.5663,12.0675,2,2,2,33.9628,246.427,757.676,46.9772,360.792,-2870.07,43.6453,284.752,-893.942,2,0
A,30,.,.,.,LEU,C,197,27,75,10,55.781,7.279,77.112,1.75,0.00025888,0.535863,0.781704,0.319046,0.000551504,1,0.44573,0.486775,10.0818,8.62384,0.62986,0.611396,2,33.9628,246.427,757.676,46.9772,360.792,-2870.07,43.6453,284.752,-893.942,0.36569,0
A,30,.,.,.,LEU,O,198,27,82,10,55.732,8.25,76.345,1.49,14.9467,0.063545,0.906824,-0.416692,11.4628,1,0.238298,0.486775,32.4386,9.25253,0.604991,0.601455,0.602187,33.9628,246.427,757.676,46.9772,360.792,-2870.07,43.6453,284.752,-893.942,0.224431,0
A,30,.,.,.,LEU,CB,199,27,77,10,53.811,5.768,76.958,1.91,0,0,0,0,0,2,0.553623,0.486775,22.0365,15.5198,2,2,2,33.9628,246.427,757.676,46.9772,360.792,-2870.07,43.6453,284.752,-893.942,2,0
A,30,.,.,.,LEU,CG,200,27,80,10,52.602,5.085,77.596,2.01,0,0,0,0,0,2,0.704373,0.486775,16.5934,14.174,2,2,2,33.9628,246.427,757.676,46.9772,360.792,-2870.07,43.6453,284.752,-893.942,2,0
A,30,.,.,.,LEU,CD1,201,27,78,10,52,4.147,76.557,1.92,0,0,0,0,0,2,0.587229,0.486775,37.6266,22.1324,2,2,2,33.9628,246.427,757.676,46.9772,360.792,-2870.07,43.6453,284.752,-893.942,2,0
A,30,.,.,.,LEU,CD2,202,27,79,10,52.969,4.319,78.877,1.92,0,0,0,0,0,2,0.664104,0.486775,35.4969,22.2045,2,2,2,33.9628,246.427,757.676,46.9772,360.792,-2870.07,43.6453,284.752,-893.942,2,0
A,31,.,.,.,PRO,N,203,28,114,14,56.918,6.598,77.354,1.7,0,0,0,0,0,2,0.715652,0.548207,6.37658,5.43844,2,2,2,32.3287,238.027,1281.02,46.9772,360.792,-2870.07,43.6453,284.752,-893.942,2,0
A,31,.,.,.,PRO,CA,204,28,110,14,58.139,6.881,76.605,1.9,11.1154,0.443629,0.864258,0.237175,6.082,1,0.478508,0.548207,28.8984,12.9747,0.774353,0.7644,0.620261,32.3287,238.027,1281.02,46.9772,360.792,-2870.07,43.6453,284.752,-893.942,0.422089,0
A,31,.,.,.,PRO,C,205,28,109,14,57.886,6.903,75.085,1.75,0.293106,0.87091,-0.33828,-0.356486,0.539789,1,0.116493,0.548207,11.4731,8.75144,0.656605,0.650803,0.601456,32.3287,238.027,1281.02,46.9772,360.792,-2870.07,43.6453,284.752,-893.942,0.413317,0
A,31,.,.,.,PRO,O,206,28,115,14,58.396,7.775,74.362,1.49,30.5405,0.479264,0.813147,-0.3303,9.50197,1,0.0755542,0.548207,42.9317,9.40923,0.643172,0.641359,0.595572,32.3287,238.027,1281.02,46.9772,360.792,-2870.07,43.6453,284.752,-893.942,0.365294,0
A,31,.,.,.,PRO,CB,207,28,111,14,59.057,5.727,77.014,1.91,18.4309,0.916824,0.00551284,-0.399255,-6.00189,1,0.679114,0.548207,46.8524,16.923,0.912317,0.908335,2,32.3287,238.027,1281.02,46.9772,360.792,-2870.07,43.6453,284.752,-893.942,0.487655,1
A,31,.,.,.,PRO,CG,208,28,113,14,58.668,5.479,78.431,1.92,1.95311,0.661502,-0.748974,0.0381192,-0.883717,1,0.905188,0.548207,32.3426,17.1586,0.925721,0.919259,2,32.3287,238.027,1281.02,46.9772,360.792,-2870.07,43.6453,284.752,-893.942,0.505196,1
A,31,.,.,.,PRO,CD,209,28,112,14,57.172,5.649,78.458,1.92,0.129712,0.275796,0.899394,0.339157,0.0261993,1,0.866941,0.548207,27.9753,18.1905,0.864323,2,2,32.3287,238.027,1281.02,46.9772,360.792,-2870.07,43.6453,284.752,-893.942,2,0
A,32,.,.,.,ASN,N,210,29,19,2,57.084,5.962,74.623,1.7,0,0,0,0,0,2,0.695675,0.395359,13.1199,9.72912,2,2,2,33.7625,265.623,1380.91,46.9772,360.792,-2870.07,43.6453,284.752,-893.942,2,0
A,32,.,.,.,ASN,CA,211,29,16,2,56.564,5.963,73.258,1.9,4.77944,-0.213404,0.928437,-0.304078,3.58407,1,0.0908584,0.395359,22.3443,12.8704,0.588733,0.584546,0.585274,33.7625,265.623,1380.91,46.9772,360.792,-2870.07,43.6453,284.752,-893.942,0.285979,0
A,32,.,.,.,ASN,C,212,29,15,2,55.231,5.214,73.315,1.75,0,0,0,0,0,2,0.430955,0.395359,10.3647,8.69944,2,2,2,33.7625,265.623,1380.91,46.9772,360.792,-2870.07,43.6453,284.752,-893.942,2,0
A,32,.,.,.,ASN,O,213,29,21,2,55.118,4.202,73.999,1.49,0,0,0,0,0,2,0.953761,0.395359,13.0497,9.03187,2,2,2,33.7625,265.623,1380.91,46.9772,360.792,-2870.07,43.6453,284.752,-893.942,2,0
A,32,.,.,.,ASN,CB,214,29,17,2,57.547,5.248,72.322,1.91,4.87819,0.811035,-0.54604,0.209911,-0.771228,1,0.378704,0.395359,35.6877,17.5548,0.595243,0.572566,0.570553,33.7625,265.623,1380.91,46.9772,360.792,-2870.07,43.6453,284.752,-893.942,0.418539,0
A,32,.,.,.,ASN,CG,215,29,18,2,57.301,5.543,70.855,1.81,3.61168,-0.11554,0.988828,-0.0941826,-0.429258,1,0.157308,0.395359,18.4689,11.0608,0.585492,0.579887,0.578444,33.7625,265.623,1380.91,46.9772,360.792,-2870.07,43.6453,284.752,-893.942,0.311197,0
A,32,.,.,.,ASN,OD1,216,29,22,2,56.161,5.536,70.377,1.52,10.2761,-0.333564,0.788373,-0.516917,-3.5773,1,0.23285,0.395359,22.9721,9.38867,0.515106,0.514433,0.507551,33.7625,265.623,1380.91,46.9772,360.792,-2870.07,43.6453,284.752,-893.942,0.209962,0
A,32,.,.,.,ASN,ND2,217,29,20,2,58.377,5.798,70.127,1.62,14.3433,-0.0708726,0.820979,-0.566543,-6.88353,1,0.222758,0.395359,35.4113,12.6872,0.586121,0.581122,0.581164,33.7625,265.623,1380.91,46.9772,360.792,-2870.07,43.6453,284.752,-893.942,0.302087,0
A,33,.,.,.,ALA,N,218,30,3,0,54.229,5.714,72.613,1.7,4.69187,0.0362641,0.947819,-0.316738,7.03799,1,0.10979,0.58913,19.0721,9.70214,0.550248,0.549762,0.547975,35.7373,283.863,907.584,46.9772,360.792,-2870.07,43.6453,284.752,-893.942,0.168883,0
A,33,.,.,.,ALA,CA,219,30,1,0,52.91,5.106,72.615,1.9,0,0,0,0,0,2,0.789207,0.58913,18.284,12.9093,2,2,2,35.7373,283.863,907.584,46.9772,360.792,-2870.07,43.6453,284.752,-893.942,2,0
A,33,.,.,.,ALA,C,220,30,0,0,52.666,4.229,71.375,1.75,1.54552,-0.246976,0.658327,-0.711062,3.05051,1,0.746761,0.58913,13.7011,8.8546,0.117327,0.117056,0.116419,35.7373,283.863,907.584,46.9772,360.792,-2870.07,43.6453,284.752,-893.942,0.127566,0
A,33,.,.,.,ALA,O,221,30,4,0,51.539,3.797,71.141,1.49,2.26297,-0.34942,0.572342,-0.741842,1.1428,1,0.846398,0.58913,17.6665,9.11173,0.0794349,0.0792359,0.0778393,35.7373,283.863,907.584,46.9772,360.792,-2870.07,43.6453,284.752,-893.942,0.133961,0
A,33,.,.,.,ALA,CB,222,30,2,0,51.851,6.194,72.719,1.92,27.1856,-0.189919,0.787311,-0.586577,1.9493,1,0.453495,0.58913,64.7818,23.3484,0.0869631,0.0867637,0.0853829,35.7373,283.863,907.584,46.9772,360.792,-2870.07,43.6453,284.752,-893.942,0.134256,0
A,34,.,.,.,ASP,N,223,31,27,3,53.713,3.941,70.601,1.7,1.17299,-0.165126,0.871121,-0.462474,1.48852,1,0.578488,0.646451,14.1991,9.8837,0.338479,0.337923,0.336946,36.0438,295.236,1158.68,46.9772,360.792,-2870.07,43.6453,284.752,-893.942,0.144157,0
A,34,.,.,.,ASP,CA,224,31,24,3,53.566,3.114,69.392,1.9,6.96935,-0.656943,0.496317,-0.567535,4.17626,1,0.897243,0.646451,23.3804,12.8984,0.0762043,0.0758116,0.0745517,36.0438,295.236,1158.68,46.9772,360.792,-2870.07,43.6453,284.752,-893.942,0.15159,0
A,34,.,.,.,ASP,C,225,31,23,3,53.405,1.618,69.727,1.75,0,0,0,0,0,2,0.884846,0.646451,9.57919,8.79904,2,2,2,36.0438,295.236,1158.68,46.9772,360.792,-2870.07,43.6453,284.752,-893.942,2,0
A,34,.,.,.,ASP,O,226,31,28,3,53.56,1.219,70.881,1.49,0,0,0,0,0,2,0.910864,0.646451,13.8103,9.26673,2,2,2,36.0438,295.236,1158.68,46.9772,360.792,-2870.07,43.6453,284.752,-893.942,2,0
A,34,.,.,.,ASP,CB,227,31,25,3,54.696,3.399,68.367,1.91,27.3042,-0.240367,0.491644,-0.836965,-8.00536,1,0.513638,0.646451,50.4935,18.1479,0.0772638,0.0768551,0.0747477,36.0438,295.236,1158.68,46.9772,360.792,-2870.07,43.6453,284.752,-893.942,0.162284,0
A,34,.,.,.,ASP,CG,228,31,26,3,56.078,2.88,68.79,1.76,0,0,0,0,-0,2,0.539601,0.646451,12.9972,10.637,2,2,2,36.0438,295.236,1158.68,46.9772,360.792,-2870.07,43.6453,284.752,-893.942,2,0
A,34,.,.,.,ASP,OD1,229,31,29,3,56.226,2.22,69.86,1.49,0.110198,0.904455,-0.0720287,0.420444,-0.0558862,1,0.423259,0.646451,14.9271,9.23699,0.876308,2,2,36.0438,295.236,1158.68,46.9772,360.792,-2870.07,43.6453,284.752,-893.942,2,0
A,34,.,.,.,ASP,OD2,230,31,29,3,57.045,3.141,68.007,1.49,8.8391,0.113199,0.585737,-0.802557,-4.48268,1,0.423665,0.646451,25.6588,9.52486,0.583707,0.574846,0.555136,36.0438,295.236,1158.68,46.9772,360.792,-2870.07,43.6453,284.752,-893.942,0.213901,0
A,35,.,.,.,ASP,N,231,32,27,3,53.051,0.807,68.728,1.7,3.22268,-0.231261,0.379758,-0.895713,4.08955,1,0.664938,0.758993,18.4801,9.99471,0.25264,0.242295,0.209372,35.8932,292.049,884.707,46.9772,360.792,-2870.07,43.6453,284.752,-893.942,0.176067,0
A,35,.,.,.,ASP,CA,232,32,24,3,52.829,-0.628,68.942,1.9,0,0,0,0,0,2,0.953652,0.758993,17.0155,12.8508,2,2,2,35.8932,292.049,884.707,46.9772,360.792,-2870.07,43.6453,284.752,-893.942,2,0
A,35,.,.,.,ASP,C,233,32,23,3,54.105,-1.335,69.376,1.75,0,0,0,0,0,2,0.659522,0.758993,9.80288,8.62612,2,2,2,35.8932,292.049,884.707,46.9772,360.792,-2870.07,43.6453,284.752,-893.942,2,0
A,35,.,.,.,ASP,O,234,32,28,3,54.048,-2.303,70.139,1.49,0,0,0,0,0,2,0.776116,0.758993,11.9926,9.00802,2,2,2,35.8932,292.049,884.707,46.9772,360.792,-2870.07,43.6453,284.752,-893.942,2,0
A,35,.,.,.,ASP,CB,235,32,25,3,52.326,-1.329,67.677,1.91,4.29638,0.281899,0.460156,-0.841897,-1.25966,1,0.654576,0.758993,33.5661,17.923,0.470091,0.457585,0.452544,35.8932,292.049,884.707,46.9772,360.792,-2870.07,43.6453,284.752,-893.942,0.255186,0
A,35,.,.,.,ASP,CG,236,32,26,3,50.891,-1.001,67.329,1.76,4.04596,-0.0201995,0.884351,-0.466386,-0.951874,1,0.914704,0.758993,17.8008,10.4003,0.0475874,0.0470034,0.043702,35.8932,292.049,884.707,46.9772,360.792,-2870.07,43.6453,284.752,-893.942,0.235807,0
A,35,.,.,.,ASP,OD1,237,32,29,3,50.127,-0.504,68.155,1.49,5.82921,-0.816641,0.330536,-0.473121,-2.95624,1,0.953434,0.758993,23.0249,9.1382,0.0579178,0.0572979,0.0525458,35.8932,292.049,884.707,46.9772,360.792,-2870.07,43.6453,284.752,-893.942,0.221584,0
A,35,.,.,.,ASP,OD2,238,32,29,3,50.503,-1.296,66.192,1.49,37.4207,-0.381868,0.0515985,-0.922775,-18.9776,1,0.495002,0.758993,47.3206,9.371,0.0489721,0.0483467,0.0449322,35.8932,292.049,884.707,46.9772,360.792,-2870.07,43.6453,284.752,-893.942,0.253427,0
A,36,.,.,.,TYR,N,239,33,150,18,55.252,-0.868,68.884,1.7,0,0,0,0,0,2,0.379415,0.305926,13.0007,9.95463,2,2,2,33.5376,270.818,1386.39,46.9772,360.792,-2870.07,43.6453,284.752,-893.942,2,0
A,36,.,.,.,TYR,CA,240,33,144,18,56.538,-1.449,69.288,1.9,1.46058,0.409907,-0.909851,-0.0643989,2.23977,1,0.32819,0.305926,19.7875,12.889,0.946975,2,2,33.5376,270.818,1386.39,46.9772,360.792,-2870.07,43.6453,284.752,-893.942,2,0
A,36,.,.,.,TYR,C,241,33,143,18,56.723,-1.406,70.803,1.75,0.568314,0.969491,0.167117,0.17933,1.23826,1,0.554244,0.305926,11.2714,8.62729,0.930106,2,2,33.5376,270.818,1386.39,46.9772,360.792,-2870.07,43.6453,284.752,-893.942,0.86236,0
A,36,.,.,.,TYR,O,242,33,151,18,57.096,-2.404,71.41,1.49,1.57049,0.851608,-0.298206,-0.431088,1.29644,1,0.621423,0.305926,19.7658,9.28353,0.950206,2,2,33.5376,270.818,1386.39,46.9772,360.792,-2870.07,43.6453,284.752,-893.942,2,0
A,36,.,.,.,TYR,CB,243,33,145,18,57.714,-0.74,68.612,1.91,3.96506,0.748734,-0.124306,0.65111,3.63831,1,0.231898,0.305926,31.8049,17.658,0.933368,2,2,33.5376,270.818,1386.39,46.9772,360.792,-2870.07,43.6453,284.752,-893.942,0.568612,0
A,36,.,.,.,TYR,CG,244,33,148,18,57.775,-0.938,67.118,1.74,0,0,0,0,0,2,0.301627,0.305926,6.89762,6.30139,2,2,2,33.5376,270.818,1386.39,46.9772,360.792,-2870.07,43.6453,284.752,-893.942,2,0
A,36,.,.,.,TYR,CD1,245,33,146,18,58.341,-2.077,66.577,1.82,3.27591,-0.0593074,-0.915285,0.398417,2.4793,1,0.301237,0.305926,25.6869,14.3815,0.957891,2,2,33.5376,270.818,1386.39,46.9772,360.792,-2870.07,43.6453,284.752,-893.942,2,0
A,36,.,.,.,TYR,CD2,246,33,146,18,57.284,0.032,66.241,1.82,1.0628,-0.831301,0.489453,-0.26339,0.804362,1,0.314335,0.305926,25.1379,14.4407,0.508589,0.504973,0.48333,33.5376,270.818,1386.39,46.9772,360.792,-2870.07,43.6453,284.752,-893.942,0.193383,0
A,36,.,.,.,TYR,CE1,247,33,147,18,58.416,-2.257,65.206,1.82,5.39849,0.317804,-0.828034,-0.461911,1.92399,1,0.188122,0.305926,27.8945,14.1541,0.7042,0.680991,0.663241,33.5376,270.818,1386.39,46.9772,360.792,-2870.07,43.6453,284.752,-893.942,0.364799,0
A,36,.,.,.,TYR,CE2,248,33,147,18,57.342,-0.143,64.865,1.82,21.9734,-0.507725,0.694116,-0.510311,7.8312,1,0.271854,0.305926,41.4888,14.2016,0.482984,0.48037,0.467041,33.5376,270.818,1386.39,46.9772,360.792,-2870.07,43.6453,284.752,-893.942,0.268519,0
A,36,.,.,.,TYR,CZ,249,33,149,18,57.916,-1.293,64.358,1.8,0,0,0,0,0,2,0.115127,0.305926,11.2674,9.7423,2,2,2,33.5376,270.818,1386.39,46.9772,360.792,-2870.07,43.6453,284.752,-893.942,2,0
A,36,.,.,.,TYR,OH,250,33,152,18,57.99,-1.497,63.002,1.54,31.5116,0.159653,-0.032168,-0.986649,-3.43836,1,0.0636446,0.305926,46.4263,10.9635,0.460108,0.458797,0.430998,33.5376,270.818,1386.39,46.9772,360.792,-2870.07,43.6453,284.752,-893.942,0.27517,0
A,37,.,.,.,PHE,N,251,34,107,13,56.463,-0.248,71.4,1.7,0.661118,0.910151,0.405947,-0.0826536,1.29792,1,0.405823,0.583034,12.9202,9.80349,0.90807,2,2,32.2157,253.983,1241.82,46.9772,360.792,-2870.07,43.6453,284.752,-893.942,0.546085,0
A,37,.,.,.,PHE,CA,252,34,101,13,56.571,-0.085,72.841,1.9,2.12502,0.930628,0.230394,-0.284341,3.34602,1,0.352822,0.583034,20.9355,12.8764,0.905656,2,2,32.2157,253.983,1241.82,46.9772,360.792,-2870.07,43.6453,284.752,-893.942,0.840194,0
A,37,.,.,.,PHE,C,253,34,100,13,55.616,-1.032,73.578,1.75,0,0,0,0,0,2,0.959241,0.583034,9.18378,8.59145,2,2,2,32.2157,253.983,1241.82,46.9772,360.792,-2870.07,43.6453,284.752,-893.942,2,0
A,37,.,.,.,PHE,O,254,34,108,13,56.044,-1.797,74.44,1.49,0,0,0,0,0,2,0.796304,0.583034,13.8731,9.19408,2,2,2,32.2157,253.983,1241.82,46.9772,360.792,-2870.07,43.6453,284.752,-893.942,2,0
A,37,.,.,.,PHE,CB,255,34,102,13,56.332,1.373,73.253,1.91,1.97703,0.916012,0.162911,-0.366581,1.94918,1,0.427306,0.583034,27.3069,17.6595,0.888664,2,2,32.2157,253.983,1241.82,46.9772,360.792,-2870.07,43.6453,284.752,-893.942,0.736496,0
A,37,.,.,.,PHE,CG,256,34,105,13,56.381,1.604,74.747,1.74,0,0,0,0,0,2,0.481232,0.583034,6.65732,6.18394,2,2,2,32.2157,253.983,1241.82,46.9772,360.792,-2870.07,43.6453,284.752,-893.942,2,0
A,37,.,.,.,PHE,CD1,257,34,103,13,57.579,1.86,75.392,1.82,2.7826,0.809584,0.329902,-0.485529,2.72243,1,0.423353,0.583034,26.7653,14.391,0.957562,2,2,32.2157,253.983,1241.82,46.9772,360.792,-2870.07,43.6453,284.752,-893.942,0.618676,0
A,37,.,.,.,PHE,CD2,258,34,103,13,55.226,1.546,75.505,1.82,0,0,0,0,0,3,0.679855,0.583034,20.1337,14.2091,2,2,2,32.2157,253.983,1241.82,46.9772,360.792,-2870.07,43.6453,284.752,-893.942,2,0
A,37,.,.,.,PHE,CE1,259,34,104,13,57.617,2.056,76.765,1.82,2.33563,0.872714,0.0167552,0.487944,1.66112,1,0.50073,0.583034,26.6106,13.9763,0.982134,2,2,32.2157,253.983,1241.82,46.9772,360.792,-2870.07,43.6453,284.752,-893.942,0.622999,1
A,37,.,.,.,PHE,CE2,260,34,104,13,55.263,1.754,76.876,1.82,0,0,0,0,0,3,0.787697,0.583034,19.7198,13.9609,2,2,2,32.2157,253.983,1241.82,46.9772,360.792,-2870.07,43.6453,284.752,-893.942,2,0
A,37,.,.,.,PHE,CZ,261,34,106,13,56.461,2.005,77.504,1.82,0,0,0,0,0,2,0.599009,0.583034,21.3787,13.8734,2,2,2,32.2157,253.983,1241.82,46.9772,360.792,-2870.07,43.6453,284.752,-893.942,2,0
A,38,.,.,.,LEU,N,262,35,81,10,54.343,-0.988,73.217,1.7,0,0,0,0,0,2,0.690162,0.766919,11.8347,9.87865,2,2,2,33.4675,258.58,598.819,46.9772,360.792,-2870.07,43.6453,284.752,-893.942,2,0
A,38,.,.,.,LEU,CA,263,35,76,10,53.314,-1.799,73.882,1.9,0,0,0,0,0,3,0.914156,0.766919,15.9834,12.6563,2,2,2,33.4675,258.58,598.819,46.9772,360.792,-2870.07,43.6453,284.752,-893.942,2,0
A,38,.,.,.,LEU,C,264,35,75,10,53.605,-3.297,73.806,1.75,0,0,0,0,0,3,0.864975,0.766919,10.1889,8.65596,2,2,2,33.4675,258.58,598.819,46.9772,360.792,-2870.07,43.6453,284.752,-893.942,2,0
A,38,.,.,.,LEU,O,265,35,82,10,53.409,-4.033,74.772,1.49,0,0,0,0,0,3,0.86662,0.766919,13.6063,9.30681,2,2,2,33.4675,258.58,598.819,46.9772,360.792,-2870.07,43.6453,284.752,-893.942,2,0
A,38,.,.,.,LEU,CB,266,35,77,10,51.93,-1.507,73.278,1.91,0,0,0,0,0,3,0.715143,0.766919,21.4149,15.6627,2,2,2,33.4675,258.58,598.819,46.9772,360.792,-2870.07,43.6453,284.752,-893.942,2,0
A,38,.,.,.,LEU,CG,267,35,80,10,51.337,-0.104,73.482,2.01,0,0,0,0,0,2,0.615522,0.766919,20.094,14.2682,2,2,2,33.4675,258.58,598.819,46.9772,360.792,-2870.07,43.6453,284.752,-893.942,2,0
A,38,.,.,.,LEU,CD1,268,35,78,10,49.89,-0.065,72.989,1.92,0,0,0,0,0,2,0.616226,0.766919,37.665,22.1839,2,2,2,33.4675,258.58,598.819,46.9772,360.792,-2870.07,43.6453,284.752,-893.942,2,0
A,38,.,.,.,LEU,CD2,269,35,79,10,51.404,0.338,74.936,1.92,0,0,0,0,0,2,0.85255,0.766919,37.0498,22.0068,2,2,2,33.4675,258.58,598.819,46.9772,360.792,-2870.07,43.6453,284.752,-893.942,2,0
A,39,.,.,.,LEU,N,270,36,81,10,54.084,-3.742,72.656,1.7,0,0,0,0,0,2,0.640659,0.48671,11.6094,9.684,2,2,2,33.1532,249.513,664.832,46.9772,360.792,-2870.07,43.6453,284.752,-893.942,2,0
A,39,.,.,.,LEU,CA,271,36,76,10,54.332,-5.158,72.445,1.9,0,0,0,0,0,2,0.673206,0.48671,15.3167,12.584,2,2,2,33.1532,249.513,664.832,46.9772,360.792,-2870.07,43.6453,284.752,-893.942,2,0
A,39,.,.,.,LEU,C,272,36,75,10,55.465,-5.737,73.319,1.75,0,0,0,0,0,2,0.790386,0.48671,10.039,8.78113,2,2,2,33.1532,249.513,664.832,46.9772,360.792,-2870.07,43.6453,284.752,-893.942,2,0
A,39,.,.,.,LEU,O,273,36,82,10,55.457,-6.926,73.596,1.49,0,0,0,0,0,2,0.574311,0.48671,13.3233,9.11683,2,2,2,33.1532,249.513,664.832,46.9772,360.792,-2870.07,43.6453,284.752,-893.942,2,0
A,39,.,.,.,LEU,CB,274,36,77,10,54.603,-5.433,70.961,1.91,0.299201,0.792978,0.182106,-0.581398,0.304625,1,0.564013,0.48671,23.8509,15.6503,0.986902,2,2,33.1532,249.513,664.832,46.9772,360.792,-2870.07,43.6453,284.752,-893.942,2,0
A,39,.,.,.,LEU,CG,275,36,80,10,53.336,-5.445,70.105,2.01,0,0,0,0,0,2,0.335308,0.48671,17.4261,13.921,2,2,2,33.1532,249.513,664.832,46.9772,360.792,-2870.07,43.6453,284.752,-893.942,2,0
A,39,.,.,.,LEU,CD1,276,36,78,10,53.69,-5.289,68.633,1.92,2.71502,-0.573255,-0.265148,-0.775291,1.84886,1,0.118353,0.48671,41.114,21.9335,0.912205,2,2,33.1532,249.513,664.832,46.9772,360.792,-2870.07,43.6453,284.752,-893.942,2,0
A,39,.,.,.,LEU,CD2,277,36,79,10,52.513,-6.703,70.349,1.92,1.09281,-0.463727,-0.538484,-0.703557,0.579674,1,0.197446,0.48671,45.4978,22.169,0.90668,2,2,33.1532,249.513,664.832,46.9772,360.792,-2870.07,43.6453,284.752,-893.942,2,0
A,40,.,.,.,ARG,N,278,37,11,1,56.424,-4.91,73.746,1.7,0,0,0,0,0,2,0.856826,0.631553,12.621,10.0158,2,2,2,30.6319,216.239,950.213,46.9772,360.792,-2870.07,43.6453,284.752,-893.942,2,0
A,40,.,.,.,ARG,CA,279,37,6,1,57.463,-5.382,74.677,1.9,0,0,0,0,0,2,0.703624,0.631553,17.5289,12.7653,2,2,2,30.6319,216.239,950.213,46.9772,360.792,-2870.07,43.6453,284.752,-893.942,2,0
A,40,.,.,.,ARG,C,280,37,5,1,56.846,-5.876,75.999,1.75,0,0,0,0,0,2,0.761562,0.631553,10.6036,8.80238,2,2,2,30.6319,216.239,950.213,46.9772,360.792,-2870.07,43.6453,284.752,-893.942,2,0
A,40,.,.,.,ARG,O,281,37,14,1,57.248,-6.915,76.512,1.49,0.257743,0.796823,-0.602901,-0.0397898,0.0970623,1,0.605637,0.631553,18.1969,9.31023,0.932778,2,2,30.6319,216.239,950.213,46.9772,360.792,-2870.07,43.6453,284.752,-893.942,2,0
A,40,.,.,.,ARG,CB,282,37,7,1,58.535,-4.317,74.923,1.91,0,0,0,0,0,2,0.915213,0.631553,25.9043,16.5522,2,2,2,30.6319,216.239,950.213,46.9772,360.792,-2870.07,43.6453,284.752,-893.942,2,0
A,40,.,.,.,ARG,CG,283,37,9,1,59.352,-3.987,73.681,1.92,2.62173,0.345303,0.109622,-0.932067,0.017332,1,0.495447,0.631553,30.9068,17.2765,0.955043,2,2,30.6319,216.239,950.213,46.9772,360.792,-2870.07,43.6453,284.752,-893.942,2,0
A,40,.,.,.,ARG,CD,284,37,8,1,60.67,-3.33,74.052,1.88,2.43786,0.1534,0.0857861,-0.984433,-1.0942,1,0.192769,0.631553,32.5728,17.1925,0.943756,2,2,30.6319,216.239,950.213,46.9772,360.792,-2870.07,43.6453,284.752,-893.942,0.83563,0
A,40,.,.,.,ARG,NE,285,37,12,1,60.481,-1.935,74.345,1.62,6.1398,0.221097,0.543264,-0.809926,-1.70246,1,0.310522,0.631553,19.7737,7.88086,0.934121,2,2,30.6319,216.239,950.213,46.9772,360.792,-2870.07,43.6453,284.752,-893.942,0.87006,0
A,40,.,.,.,ARG,CZ,286,37,10,1,60.661,-1.311,75.511,1.8,0.176642,0.681018,0.343139,-0.646892,-0.0518414,1,0.622793,0.631553,17.3052,11.2204,0.942872,2,2,30.6319,216.239,950.213,46.9772,360.792,-2870.07,43.6453,284.752,-893.942,0.862138,0
A,40,.,.,.,ARG,NH1,287,37,13,1,61.08,-1.891,76.617,1.62,0.534766,0.149687,0.76842,0.622193,-0.271501,1,0.838878,0.631553,24.0369,12.7295,0.975481,2,2,30.6319,216.239,950.213,46.9772,360.792,-2870.07,43.6453,284.752,-893.942,2,1
A,40,.,.,.,ARG,NH2,288,37,13,1,60.421,-0.024,75.548,1.67,12.3019,0.328767,0.857529,-0.395672,-6.24571,1,0.643813,0.631553,42.9815,14.3462,0.953111,2,2,30.6319,216.239,950.213,46.9772,360.792,-2870.07,43.6453,284.752,-893.942,0.711868,1
A,41,.,.,.,TRP,N,289,38,140,17,55.84,-5.162,76.505,1.7,0,0,0,0,0,3,0.827717,0.6842,11.5671,9.74025,2,2,2,31.0554,206.845,433.686,46.9772,360.792,-2870.07,43.6453,284.752,-893.942,2,0
A,41,.,.,.,TRP,CA,290,38,130,17,55.204,-5.503,77.783,1.9,0,0,0,0,0,2,0.764784,0.6842,17.6156,12.9327,2,2,2,31.0554,206.845,433.686,46.9772,360.792,-2870.07,43.6453,284.752,-893.942,2,0
A,41,.,.,.,TRP,C,291,38,129,17,54.309,-6.728,77.605,1.75,0,0,0,0,0,2,0.528773,0.6842,10.3185,8.8224,2,2,2,31.0554,206.845,433.686,46.9772,360.792,-2870.07,43.6453,284.752,-893.942,2,0
A,41,.,.,.,TRP,O,292,38,142,17,54.299,-7.636,78.455,1.49,0,0,0,0,0,2,0.323914,0.6842,15.8165,9.35983,2,2,2,31.0554,206.845,433.686,46.9772,360.792,-2870.07,43.6453,284.752,-893.942,2,0
A,41,.,.,.,TRP,CB,293,38,131,17,54.442,-4.286,78.379,1.91,0,0,0,0,0,2,0.883192,0.6842,28.611,18.0952,2,2,2,31.0554,206.845,433.686,46.9772,360.792,-2870.07,43.6453,284.752,-893.942,2,0
A,41,.,.,.,TRP,CG,294,38,136,17,55.337,-3.099,78.418,1.74,0,0,0,0,0,3,0.954284,0.6842,7.10382,6.27309,2,2,2,31.0554,206.845,433.686,46.9772,360.792,-2870.07,43.6453,284.752,-893.942,2,0
A,41,.,.,.,TRP,CD1,295,38,132,17,55.489,-2.181,77.434,1.82,0,0,0,0,0,3,0.975071,0.6842,23.1418,15.4674,2,2,2,31.0554,206.845,433.686,46.9772,360.792,-2870.07,43.6453,284.752,-893.942,2,0
A,41,.,.,.,TRP,CD2,296,38,133,17,56.3,-2.758,79.437,1.82,0,0,0,0,0,3,0.792722,0.6842,12.3199,9.95758,2,2,2,31.0554,206.845,433.686,46.9772,360.792,-2870.07,43.6453,284.752,-893.942,2,0
A,41,.,.,.,TRP,NE1,297,38,141,17,56.455,-1.277,77.77,1.66,0,0,0,0,0,2,0.745196,0.6842,15.085,9.95941,2,2,2,31.0554,206.845,433.686,46.9772,360.792,-2870.07,43.6453,284.752,-893.942,2,0
A,41,.,.,.,TRP,CE2,298,38,134,17,56.978,-1.609,78.993,1.74,0,0,0,0,0,2,0.533557,0.6842,9.56238,7.62985,2,2,2,31.0554,206.845,433.686,46.9772,360.792,-2870.07,43.6453,284.752,-893.942,2,0
A,41,.,.,.,TRP,CE3,299,38,135,17,56.645,-3.301,80.679,1.82,0,0,0,0,0,2,0.544552,0.6842,19.2444,14.1239,2,2,2,31.0554,206.845,433.686,46.9772,360.792,-2870.07,43.6453,284.752,-893.942,2,0
A,41,.,.,.,TRP,CZ2,300,38,138,17,57.982,-0.983,79.749,1.82,1.00575,0.728359,0.636971,-0.252511,0.389312,1,0.579916,0.6842,28.0634,14.7206,0.988242,2,2,31.0554,206.845,433.686,46.9772,360.792,-2870.07,43.6453,284.752,-893.942,0.819186,1
A,41,.,.,.,TRP,CZ3,301,38,139,17,57.644,-2.674,81.43,1.82,0,0,0,0,0,2,0.446551,0.6842,20.4691,14.0957,2,2,2,31.0554,206.845,433.686,46.9772,360.792,-2870.07,43.6453,284.752,-893.942,2,0
A,41,.,.,.,TRP,CH2,302,38,137,17,58.302,-1.536,80.959,1.82,0,0,0,0,0,2,0.678575,0.6842,18.1732,13.9294,2,2,2,31.0554,206.845,433.686,46.9772,360.792,-2870.07,43.6453,284.752,-893.942,2,0
A,42,.,.,.,LEU,N,303,39,81,10,53.604,-6.785,76.479,1.7,0,0,0,0,0,3,0.830275,0.442439,12.4667,9.86428,2,2,2,33.0422,220.86,54.9536,46.9772,360.792,-2870.07,43.6453,284.752,-893.942,2,0
A,42,.,.,.,LEU,CA,304,39,76,10,52.768,-7.935,76.167,1.9,0,0,0,0,0,3,0.38712,0.442439,14.512,12.5636,2,2,2,33.0422,220.86,54.9536,46.9772,360.792,-2870.07,43.6453,284.752,-893.942,2,0
A,42,.,.,.,LEU,C,305,39,75,10,53.606,-9.204,76.035,1.75,0,0,0,0,0,2,0.294772,0.442439,9.87516,8.65734,2,2,2,33.0422,220.86,54.9536,46.9772,360.792,-2870.07,43.6453,284.752,-893.942,2,0
A,42,.,.,.,LEU,O,306,39,82,10,53.271,-10.225,76.634,1.49,0,0,0,0,0,2,0.210378,0.442439,12.48,9.0235,2,2,2,33.0422,220.86,54.9536,46.9772,360.792,-2870.07,43.6453,284.752,-893.942,2,0
A,42,.,.,.,LEU,CB,307,39,77,10,51.926,-7.697,74.901,1.91,0,0,0,0,0,2,0.428479,0.442439,21.8701,15.7245,2,2,2,33.0422,220.86,54.9536,46.9772,360.792,-2870.07,43.6453,284.752,-893.942,2,0
A,42,.,.,.,LEU,CG,308,39,80,10,50.747,-6.744,75.112,2.01,0,0,0,0,0,2,0.731509,0.442439,16.6836,14.0045,2,2,2,33.0422,220.86,54.9536,46.9772,360.792,-2870.07,43.6453,284.752,-893.942,2,0
A,42,.,.,.,LEU,CD1,309,39,78,10,50.217,-6.196,73.796,1.92,0,0,0,0,0,2,0.33811,0.442439,34.5669,22.1867,2,2,2,33.0422,220.86,54.9536,46.9772,360.792,-2870.07,43.6453,284.752,-893.942,2,0
A,42,.,.,.,LEU,CD2,310,39,79,10,49.635,-7.424,75.903,1.92,0,0,0,0,0,2,0.31887,0.442439,37.4066,22.1557,2,2,2,33.0422,220.86,54.9536,46.9772,360.792,-2870.07,43.6453,284.752,-893.942,2,0
A,43,.,.,.,ARG,N,311,40,11,1,54.697,-9.151,75.277,1.7,0,0,0,0,0,2,0.668788,0.448119,12.1802,9.88701,2,2,2,31.991,200.356,392.219,47.5993,346.545,-2863.08,38.8837,308.227,2329.91,2,0
A,43,.,.,.,ARG,CA,312,40,6,1,55.534,-10.345,75.112,1.9,1.69195,-0.128995,-0.933208,-0.335385,1.44885,1,0.35948,0.448119,19.4012,12.6774,0.807603,0.789003,2,31.991,200.356,392.219,47.5993,346.545,-2863.08,38.8837,308.227,2329.91,0.602723,0
A,43,.,.,.,ARG,C,313,40,5,1,56.131,-10.819,76.443,1.75,0.728948,0.965316,-0.229123,-0.125171,1.34465,1,0.106532,0.448119,11.2204,8.68565,0.84092,0.835955,2,31.991,200.356,392.219,47.5993,346.545,-2863.08,38.8837,308.227,2329.91,0.614941,0
A,43,.,.,.,ARG,O,314,40,14,1,56.213,-12.018,76.697,1.49,20.0733,0.520497,-0.839127,-0.157952,7.55933,1,0.106342,0.448119,33.3501,9.31837,0.848938,0.84806,2,31.991,200.356,392.219,47.5993,346.545,-2863.08,38.8837,308.227,2329.91,0.514763,0
A,43,.,.,.,ARG,CB,315,40,7,1,56.637,-10.113,74.085,1.91,8.1535,0.659857,-0.7424,0.115891,0.937376,1,0.709153,0.448119,33.6628,16.4396,0.81096,0.791179,2,31.991,200.356,392.219,47.5993,346.545,-2863.08,38.8837,308.227,2329.91,0.592432,0
A,43,.,.,.,ARG,CG,316,40,9,1,56.142,-10.138,72.644,1.92,2.43263,-0.0226389,-0.995154,0.095684,0.0160819,1,0.679539,0.448119,28.7813,17.3509,0.80147,0.793457,2,31.991,200.356,392.219,47.5993,346.545,-2863.08,38.8837,308.227,2329.91,0.53709,0
A,43,.,.,.,ARG,CD,317,40,8,1,57.3,-10.202,71.669,1.88,13.16,0.517073,-0.855689,-0.0208039,-5.90666,1,0.466601,0.448119,40.2947,17.1792,0.795549,0.789285,2,31.991,200.356,392.219,47.5993,346.545,-2863.08,38.8837,308.227,2329.91,0.423426,0
A,43,.,.,.,ARG,NE,318,40,12,1,58.13,-9.006,71.751,1.62,0,0,0,0,-0,2,0.627261,0.448119,10.639,7.85095,2,2,2,31.991,200.356,392.219,47.5993,346.545,-2863.08,38.8837,308.227,2329.91,2,0
A,43,.,.,.,ARG,CZ,319,40,10,1,57.996,-7.917,70.987,1.8,0,0,0,0,-0,2,0.329761,0.448119,15.1218,11.3275,2,2,2,31.991,200.356,392.219,47.5993,346.545,-2863.08,38.8837,308.227,2329.91,2,0
A,43,.,.,.,ARG,NH1,320,40,13,1,57.056,-7.844,70.042,1.62,1.71897,0.203721,0.793621,-0.573291,-0.872722,1,0.384817,0.448119,23.1215,12.807,0.982397,2,2,31.991,200.356,392.219,47.5993,346.545,-2863.08,38.8837,308.227,2329.91,2,0
A,43,.,.,.,ARG,NH2,321,40,13,1,58.82,-6.891,71.162,1.67,2.98346,0.00875702,0.777131,-0.629278,-1.51471,1,0.491034,0.448119,32.8709,14.469,0.97633,2,2,31.991,200.356,392.219,47.5993,346.545,-2863.08,38.8837,308.227,2329.91,2,0
A,44,.,.,.,ALA,N,322,41,3,0,56.519,-9.872,77.292,1.7,0.544454,0.926873,0.075239,-0.367756,0.816702,1,0.345918,0.226761,13.1834,9.80047,0.897848,0.791573,2,30.2129,168.587,363.536,46.9772,360.792,-2870.07,43.6453,284.752,-893.942,0.62841,0
A,44,.,.,.,ALA,CA,323,41,1,0,57.116,-10.178,78.589,1.9,11.9346,0.856695,-0.481804,-0.184222,9.15714,1,0.142325,0.226761,27.6561,12.8932,0.893489,0.865583,2,30.2129,168.587,363.536,46.9772,360.792,-2870.07,43.6453,284.752,-893.942,0.531612,0
A,44,.,.,.,ALA,C,324,41,0,0,56.154,-10.909,79.533,1.75,0.0572146,0.0739096,-0.975639,-0.206559,0.112929,1,0.15073,0.226761,11.3283,8.74871,0.72144,0.720956,0.673134,30.2129,168.587,363.536,46.9772,360.792,-2870.07,43.6453,284.752,-893.942,0.527454,0
A,44,.,.,.,ALA,O,325,41,4,0,56.598,-11.557,80.477,1.49,17.923,0.471068,-0.87444,0.115976,9.05112,1,0.171434,0.226761,29.9372,9.27187,0.691885,0.690722,0.680123,30.2129,168.587,363.536,46.9772,360.792,-2870.07,43.6453,284.752,-893.942,0.355494,0
A,44,.,.,.,ALA,CB,326,41,2,0,57.629,-8.908,79.243,1.92,9.51254,0.940942,-0.337615,0.0253651,0.682084,1,0.323401,0.226761,46.8854,23.3525,0.918711,0.836683,2,30.2129,168.587,363.536,46.9772,360.792,-2870.07,43.6453,284.752,-893.942,0.32415,0
A,45,.,.,.,ARG,N,327,42,11,1,54.85,-10.802,79.281,1.7,0,0,0,0,0,2,0.248627,0.268726,11.2839,9.74126,2,2,2,32.1142,169.234,-97.444,46.9772,360.792,-2870.07,43.6453,284.752,-893.942,2,0
A,45,.,.,.,ARG,CA,328,42,6,1,53.859,-11.522,80.091,1.9,4.82702,0.171267,-0.879924,0.443171,4.13349,1,0.187366,0.268726,21.4077,12.6821,0.671166,0.668829,0.673134,32.1142,169.234,-97.444,46.9772,360.792,-2870.07,43.6453,284.752,-893.942,0.275361,0
A,45,.,.,.,ARG,C,329,42,5,1,52.892,-12.355,79.247,1.75,0.88994,0.104481,-0.720337,0.685711,1.64162,1,0.110453,0.268726,12.5098,8.87186,0.639076,0.633271,0.654931,32.1142,169.234,-97.444,46.9772,360.792,-2870.07,43.6453,284.752,-893.942,0.365939,0
A,45,.,.,.,ARG,O,330,42,14,1,51.728,-12.554,79.624,1.49,2.40953,0.0374981,-0.723229,0.68959,0.907394,1,0.166203,0.268726,17.287,9.06605,0.708271,0.702751,2,32.1142,169.234,-97.444,46.9772,360.792,-2870.07,43.6453,284.752,-893.942,0.273029,0
A,45,.,.,.,ARG,CB,331,42,7,1,53.109,-10.526,80.977,1.91,0,0,0,0,0,2,0.233375,0.268726,23.4613,16.4316,2,2,2,32.1142,169.234,-97.444,46.9772,360.792,-2870.07,43.6453,284.752,-893.942,2,0
A,45,.,.,.,ARG,CG,332,42,9,1,53.989,-9.806,81.982,1.92,0,0,0,0,0,2,0.199574,0.268726,24.4702,17.2434,2,2,2,32.1142,169.234,-97.444,46.9772,360.792,-2870.07,43.6453,284.752,-893.942,2,0
A,45,.,.,.,ARG,CD,333,42,8,1,54.503,-10.757,83.051,1.88,11.6154,0.164171,-0.931391,0.324897,-5.21338,1,0.0615271,0.268726,37.9345,17.0746,0.67152,0.667734,0.67602,32.1142,169.234,-97.444,46.9772,360.792,-2870.07,43.6453,284.752,-893.942,0.21169,0
A,45,.,.,.,ARG,NE,334,42,12,1,55.248,-10.03,84.065,1.62,10.5106,-0.36338,-0.146809,0.920001,-2.91441,1,0.41672,0.268726,22.7473,8.02016,0.682984,0.680409,0.68592,32.1142,169.234,-97.444,46.9772,360.792,-2870.07,43.6453,284.752,-893.942,0.191561,0
A,45,.,.,.,ARG,CZ,335,42,10,1,56.564,-9.814,84.038,1.8,5.45682,0.158143,-0.838517,0.521422,-1.60149,1,0.504653,0.268726,18.9591,11.2257,0.689548,0.686063,0.69095,32.1142,169.234,-97.444,46.9772,360.792,-2870.07,43.6453,284.752,-893.942,0.206121,0
A,45,.,.,.,ARG,NH1,336,42,13,1,57.32,-10.283,83.048,1.62,19.4619,0.79668,-0.597051,0.093976,-9.88081,1,0.378068,0.268726,37.6329,12.7744,0.680116,0.675601,0.678402,32.1142,169.234,-97.444,46.9772,360.792,-2870.07,43.6453,284.752,-893.942,0.225659,0
A,45,.,.,.,ARG,NH2,337,42,13,1,57.13,-9.125,85.018,1.67,37.5532,0.33385,-0.0684752,0.940136,-19.0658,1,0.449425,0.268726,57.1848,14.4429,0.693923,0.691082,0.69367,32.1142,169.234,-97.444,46.9772,360.792,-2870.07,43.6453,284.752,-893.942,0.21382,0
A,46,.,.,.,ASN,N,338,43,19,2,53.398,-12.866,78.125,1.7,1.02774,0.804955,-0.504421,0.312422,1.40464,1,0.140801,0.34094,14.5122,9.83075,0.758623,0.760709,0.657147,33.9053,182.271,-172.978,46.9772,360.792,-2870.07,43.6453,284.752,-893.942,0.4474,0
A,46,.,.,.,ASN,CA,339,43,16,2,52.682,-13.81,77.262,1.9,1.30863,0.673589,-0.100371,-0.732259,0.981331,1,0.21433,0.34094,21.316,12.8891,0.836506,0.844395,2,33.9053,182.271,-172.978,46.9772,360.792,-2870.07,43.6453,284.752,-893.942,0.426556,0
A,46,.,.,.,ASN,C,340,43,15,2,51.257,-13.363,76.914,1.75,0,0,0,0,0,2,0.351195,0.34094,10.6701,8.73024,2,2,2,33.9053,182.271,-172.978,46.9772,360.792,-2870.07,43.6453,284.752,-893.942,2,0
A,46,.,.,.,ASN,O,341,43,21,2,50.317,-14.16,76.909,1.49,13.9883,-0.761748,-0.642631,-0.0822483,3.79581,1,0.287436,0.34094,29.2998,9.17776,0.519772,0.517815,0.488877,33.9053,182.271,-172.978,46.9772,360.792,-2870.07,43.6453,284.752,-893.942,0.334802,0
A,46,.,.,.,ASN,CB,342,43,17,2,52.695,-15.204,77.904,1.91,24.9854,0.491314,-0.380847,0.783305,-3.95011,1,0.0328735,0.34094,47.8835,17.4827,0.593134,0.590598,0.520884,33.9053,182.271,-172.978,46.9772,360.792,-2870.07,43.6453,284.752,-893.942,0.37317,0
A,46,.,.,.,ASN,CG,343,43,18,2,52.462,-16.32,76.9,1.81,6.19021,0.838499,-0.544805,0.0102915,-0.735726,1,0.241305,0.34094,20.9344,11.0432,0.219582,0.218931,0.199863,33.9053,182.271,-172.978,46.9772,360.792,-2870.07,43.6453,284.752,-893.942,0.357115,0
A,46,.,.,.,ASN,OD1,344,43,22,2,52.823,-16.206,75.731,1.52,36.651,0.352091,-0.28452,-0.891673,-12.7589,1,0.545885,0.34094,46.4178,9.6228,0.145967,0.144851,0.117962,33.9053,182.271,-172.978,46.9772,360.792,-2870.07,43.6453,284.752,-893.942,0.357673,0
A,46,.,.,.,ASN,ND2,345,43,20,2,51.864,-17.414,77.36,1.62,52.6607,-0.370469,-0.901498,0.223727,-25.2724,1,0.913696,0.34094,62.3757,12.8049,0.129216,0.129164,0.123183,33.9053,182.271,-172.978,46.9772,360.792,-2870.07,43.6453,284.752,-893.942,0.357115,0
A,47,.,.,.,PHE,N,346,44,107,13,51.12,-12.069,76.639,1.7,0,0,0,0,0,2,0.0868031,0.265959,11.0721,9.52023,2,2,2,35.4409,215.714,-483.179,46.9772,360.792,-2870.07,43.6453,284.752,-893.942,2,0
A,47,.,.,.,PHE,CA,347,44,101,13,49.858,-11.432,76.267,1.9,0,0,0,0,0,2,0.492223,0.265959,16.6657,12.973,2,2,2,35.4409,215.714,-483.179,46.9772,360.792,-2870.07,43.6453,284.752,-893.942,2,0
A,47,.,.,.,PHE,C,348,44,100,13,48.75,-11.5,77.322,1.75,0.959688,-0.507069,-0.858162,-0.0802417,1.9716,1,0.387628,0.265959,12.8956,8.83427,0.504533,0.504219,0.488877,35.4409,215.714,-483.179,46.9772,360.792,-2870.07,43.6453,284.752,-893.942,0.271085,0
A,47,.,.,.,PHE,O,349,44,108,13,47.591,-11.213,77.018,1.49,9.84375,-0.766635,-0.615488,-0.182882,8.15853,1,0.328108,0.265959,27.0636,9.22804,0.509329,0.509011,0.488877,35.4409,215.714,-483.179,46.9772,360.792,-2870.07,43.6453,284.752,-893.942,0.263915,0
A,47,.,.,.,PHE,CB,350,44,102,13,49.386,-11.936,74.897,1.91,15.7553,-0.555289,-0.75647,-0.345552,15.5332,1,0.346784,0.265959,41.0712,17.6146,0.532603,0.524003,0.488877,35.4409,215.714,-483.179,46.9772,360.792,-2870.07,43.6453,284.752,-893.942,0.282579,0
A,47,.,.,.,PHE,CG,351,44,105,13,50.182,-11.371,73.754,1.74,0.0242444,-0.207727,-0.875436,-0.436419,0.0407379,1,0.437867,0.265959,8.06812,6.25343,0.737121,0.725308,2,35.4409,215.714,-483.179,46.9772,360.792,-2870.07,43.6453,284.752,-893.942,0.2731,0
A,47,.,.,.,PHE,CD1,352,44,103,13,51.485,-11.778,73.533,1.82,5.45781,0.172236,-0.970677,-0.167691,5.3398,1,0.144877,0.265959,30.0571,14.2159,0.757743,0.725308,2,35.4409,215.714,-483.179,46.9772,360.792,-2870.07,43.6453,284.752,-893.942,0.341436,0
A,47,.,.,.,PHE,CD2,353,44,103,13,49.643,-10.397,72.926,1.82,0.0146915,-0.686117,-0.702324,-0.189698,0.0143739,1,0.233107,0.265959,21.9471,14.399,0.771798,2,2,35.4409,215.714,-483.179,46.9772,360.792,-2870.07,43.6453,284.752,-893.942,2,0
A,47,.,.,.,PHE,CE1,354,44,104,13,52.225,-11.248,72.494,1.82,1.41503,0.589992,-0.788067,0.175668,1.00638,1,0.186228,0.265959,23.0848,13.949,0.808627,2,2,35.4409,215.714,-483.179,46.9772,360.792,-2870.07,43.6453,284.752,-893.942,0.416752,0
A,47,.,.,.,PHE,CE2,355,44,104,13,50.382,-9.859,71.883,1.82,0.000205135,-0.135665,0.461486,-0.876713,0.000145894,1,0.155954,0.265959,22.8612,14.0039,0.934902,2,2,35.4409,215.714,-483.179,46.9772,360.792,-2870.07,43.6453,284.752,-893.942,2,0
A,47,.,.,.,PHE,CZ,356,44,106,13,51.675,-10.284,71.667,1.82,0.317405,0.0467632,0.181916,-0.982201,0.212272,1,0.125969,0.265959,23.834,13.998,0.947493,2,2,35.4409,215.714,-483.179,46.9772,360.792,-2870.07,43.6453,284.752,-893.942,2,0
A,48,.,.,.,ASP,N,357,45,27,3,49.107,-11.835,78.563,1.7,0.0111203,-0.502729,-0.828963,-0.245119,0.0141115,1,0.160475,0.292543,13.1035,9.81563,0.496606,0.495801,0.488877,36.0705,197.481,-755.762,46.9772,360.792,-2870.07,43.6453,284.752,-893.942,0.271944,0
A,48,.,.,.,ASP,CA,358,45,24,3,48.161,-11.738,79.673,1.9,8.18727,-0.693056,-0.669864,-0.266375,4.90607,1,0.289091,0.292543,24.415,12.7781,0.502053,0.500083,0.488877,36.0705,197.481,-755.762,46.9772,360.792,-2870.07,43.6453,284.752,-893.942,0.231922,0
A,48,.,.,.,ASP,C,359,45,23,3,47.922,-10.248,79.909,1.75,0,0,0,0,0,2,0.435517,0.292543,9.96682,8.68366,2,2,2,36.0705,197.481,-755.762,46.9772,360.792,-2870.07,43.6453,284.752,-893.942,2,0
A,48,.,.,.,ASP,O,360,45,28,3,48.814,-9.521,80.367,1.49,0,0,0,0,0,2,0.238817,0.292543,12.1238,9.03032,2,2,2,36.0705,197.481,-755.762,46.9772,360.792,-2870.07,43.6453,284.752,-893.942,2,0
A,48,.,.,.,ASP,CB,361,45,25,3,48.702,-12.432,80.925,1.91,8.71776,0.197439,-0.974585,-0.105841,-2.55597,1,0.108401,0.292543,36.4969,18.0117,0.534094,0.52981,0.488877,36.0705,197.481,-755.762,46.9772,360.792,-2870.07,43.6453,284.752,-893.942,0.246918,0
A,48,.,.,.,ASP,CG,362,45,26,3,47.67,-12.519,82.042,1.76,2.35021,-0.962948,0.0490448,-0.26519,-0.552923,1,0.304132,0.292543,17.13,10.4648,0.00529654,0.00507813,0.00329218,36.0705,197.481,-755.762,46.9772,360.792,-2870.07,43.6453,284.752,-893.942,0.198682,0
A,48,.,.,.,ASP,OD1,363,45,29,3,47.35,-11.483,82.67,1.49,3.59955,-0.881287,-0.241682,0.406107,-1.82548,1,0.155037,0.292543,19.427,9.35981,0.53781,0.521866,2,36.0705,197.481,-755.762,46.9772,360.792,-2870.07,43.6453,284.752,-893.942,0.147862,0
A,48,.,.,.,ASP,OD2,364,45,29,3,47.189,-13.639,82.312,1.49,34.8489,-0.633034,-0.773638,-0.027434,-17.6733,1,0.648873,0.292543,45.4636,9.43269,0.00341708,0.00327578,0.0021215,36.0705,197.481,-755.762,46.9772,360.792,-2870.07,43.6453,284.752,-893.942,0.167743,0
A,49,.,.,.,LEU,N,365,46,81,10,46.728,-9.797,79.544,1.7,4.35377,-0.761452,-0.643097,0.081341,8.82545,1,0.202522,0.223639,18.4911,9.88256,0.512658,0.50961,0.502446,36.9332,221.99,-962.505,46.9772,360.792,-2870.07,43.6453,284.752,-893.942,0.241295,0
A,49,.,.,.,LEU,CA,366,46,76,10,46.399,-8.373,79.54,1.9,0,0,0,0,0,2,0.295709,0.223639,17.6665,12.7201,2,2,2,36.9332,221.99,-962.505,46.9772,360.792,-2870.07,43.6453,284.752,-893.942,2,0
A,49,.,.,.,LEU,C,367,46,75,10,46.576,-7.763,80.921,1.75,0.427962,-0.790117,0.580977,0.195398,0.911708,1,0.160308,0.223639,11.2418,8.62319,0.624565,0.560049,2,36.9332,221.99,-962.505,46.9772,360.792,-2870.07,43.6453,284.752,-893.942,2,0
A,49,.,.,.,LEU,O,368,46,82,10,47.079,-6.647,81.051,1.49,0.0109432,-0.49524,0.759208,-0.422303,0.00839246,1,0.329606,0.223639,17.5803,9.26428,0.885898,2,2,36.9332,221.99,-962.505,46.9772,360.792,-2870.07,43.6453,284.752,-893.942,2,0
A,49,.,.,.,LEU,CB,369,46,77,10,44.962,-8.143,79.039,1.91,11.7393,-0.749913,-0.226543,0.621537,11.9522,1,0.191117,0.223639,36.6219,15.6346,0.482829,0.472172,0.442321,36.9332,221.99,-962.505,46.9772,360.792,-2870.07,43.6453,284.752,-893.942,0.262344,0
A,49,.,.,.,LEU,CG,370,46,80,10,44.743,-8.275,77.525,2.01,2.08423,-0.0981028,-0.991574,-0.0846024,2.83042,1,0.201295,0.223639,23.4961,14.2122,0.536611,0.534912,0.495532,36.9332,221.99,-962.505,46.9772,360.792,-2870.07,43.6453,284.752,-893.942,0.271314,0
A,49,.,.,.,LEU,CD1,371,46,78,10,43.258,-8.418,77.197,1.92,42.7942,-0.797102,-0.599374,0.0733341,29.1419,1,0.142138,0.223639,73.7607,22.2215,0.0137969,0.0135961,0.0117245,36.9332,221.99,-962.505,46.9772,360.792,-2870.07,43.6453,284.752,-893.942,0.265158,0
A,49,.,.,.,LEU,CD2,372,46,79,10,45.331,-7.074,76.789,1.92,0,0,0,0,0,2,0.26642,0.223639,35.6624,22.1339,2,2,2,36.9332,221.99,-962.505,46.9772,360.792,-2870.07,43.6453,284.752,-893.942,2,0
A,50,.,.,.,GLN,N,373,47,41,5,46.179,-8.496,81.959,1.7,2.72632,-0.907746,-0.412575,-0.0760204,4.03146,1,0.297823,0.354394,17.2458,9.97138,0.559402,0.537522,2,36.6798,195.319,-932.983,46.9772,360.792,-2870.07,43.6453,284.752,-893.942,0.158393,0
A,50,.,.,.,GLN,CA,374,47,37,5,46.312,-7.969,83.31,1.9,0.133378,-0.782173,0.44147,-0.43967,0.10154,1,0.390708,0.354394,16.4716,12.274,0.564698,0.537977,2,36.6798,195.319,-932.983,46.9772,360.792,-2870.07,43.6453,284.752,-893.942,2,0
A,50,.,.,.,GLN,C,375,47,36,5,47.759,-7.861,83.788,1.75,0,0,0,0,0,2,0.23306,0.354394,10.1339,8.66331,2,2,2,36.6798,195.319,-932.983,46.9772,360.792,-2870.07,43.6453,284.752,-893.942,2,0
A,50,.,.,.,GLN,O,376,47,43,5,48.166,-6.823,84.326,1.49,0,0,0,0,0,2,0.631296,0.354394,13.1929,9.18991,2,2,2,36.6798,195.319,-932.983,46.9772,360.792,-2870.07,43.6453,284.752,-893.942,2,0
A,50,.,.,.,GLN,CB,377,47,38,5,45.526,-8.798,84.308,1.91,23.0623,-0.709195,-0.704761,0.0188183,-0.696051,1,0.34391,0.354394,46.7747,17.4601,0.00815097,0.00792286,0.00711295,36.6798,195.319,-932.983,46.9772,360.792,-2870.07,43.6453,284.752,-893.942,0.0585758,0
A,50,.,.,.,GLN,CG,378,47,40,5,45.442,-8.091,85.646,1.8,28.5117,-0.131022,-0.483897,0.865261,-6.58376,1,0.0832921,0.354394,44.8534,13.8634,0.0355826,0.0355229,0.0353895,36.6798,195.319,-932.983,46.9772,360.792,-2870.07,43.6453,284.752,-893.942,0.044361,0
A,50,.,.,.,GLN,CD,379,47,39,5,45.006,-6.639,85.485,1.81,6.77649,-0.676934,0.00966961,0.73598,-1.95962,1,0.319514,0.354394,21.3681,11.4806,0.055345,0.0552531,0.0550154,36.6798,195.319,-932.983,46.9772,360.792,-2870.07,43.6453,284.752,-893.942,0.0397503,0
A,50,.,.,.,GLN,OE1,380,47,44,5,44.046,-6.346,84.762,1.52,30.375,-0.970897,0.180498,-0.157413,-15.4905,1,0.496384,0.354394,43.1184,9.69339,0.0556921,0.0556371,0.0553913,36.6798,195.319,-932.983,46.9772,360.792,-2870.07,43.6453,284.752,-893.942,0.0429786,0
A,50,.,.,.,GLN,NE2,381,47,42,5,45.719,-5.724,86.134,1.62,28.8446,-0.120996,0.561059,0.818885,-15.4478,1,0.393561,0.354394,50.1162,12.8555,0.0812618,0.0811546,0.0810574,36.6798,195.319,-932.983,46.9772,360.792,-2870.07,43.6453,284.752,-893.942,0.0404657,0
A,51,.,.,.,LYS,N,382,48,89,11,48.521,-8.935,83.623,1.7,0,0,0,0,0,2,0.214769,0.381247,12.1046,9.82509,2,2,2,34.0659,171.549,-560.995,46.9772,360.792,-2870.07,43.6453,284.752,-893.942,2,0
A,51,.,.,.,LYS,CA,383,48,84,11,49.921,-8.948,84.047,1.9,1.35572,0.10795,0.037239,0.993459,0.870187,1,0.118194,0.381247,20.0153,12.7608,0.844544,2,2,34.0659,171.549,-560.995,46.9772,360.792,-2870.07,43.6453,284.752,-893.942,0.0625015,0
A,51,.,.,.,LYS,C,384,48,83,11,50.734,-7.925,83.245,1.75,0,0,0,0,0,2,0.347273,0.381247,9.7728,8.78603,2,2,2,34.0659,171.549,-560.995,46.9772,360.792,-2870.07,43.6453,284.752,-893.942,2,0
A,51,.,.,.,LYS,O,385,48,91,11,51.582,-7.227,83.812,1.49,1.3391,0.496707,-0.359679,0.789882,0.244506,1,0.44813,0.381247,16.04,9.15965,0.853977,2,2,34.0659,171.549,-560.995,46.9772,360.792,-2870.07,43.6453,284.752,-893.942,0.180745,0
A,51,.,.,.,LYS,CB,386,48,85,11,50.527,-10.354,83.933,1.91,1.10824,0.643392,0.302114,0.703401,-0.122683,1,0.28924,0.381247,24.6573,16.5317,0.73472,0.671118,2,34.0659,171.549,-560.995,46.9772,360.792,-2870.07,43.6453,284.752,-893.942,0.169492,0
A,51,.,.,.,LYS,CG,387,48,88,11,50.043,-11.323,85.013,1.92,17.2613,-0.0362662,0.353995,0.934544,-3.51558,1,0.34012,0.381247,40.8545,16.8923,0.405627,0.396389,0.370013,34.0659,171.549,-560.995,46.9772,360.792,-2870.07,43.6453,284.752,-893.942,0.11744,0
A,51,.,.,.,LYS,CD,388,48,86,11,50.706,-12.692,84.867,1.92,15.9229,0.818407,-0.538482,-0.200616,-8.61938,1,0.298733,0.381247,43.5151,17.1901,0.581532,0.58023,0.57637,34.0659,171.549,-560.995,46.9772,360.792,-2870.07,43.6453,284.752,-893.942,0.153012,0
A,51,.,.,.,LYS,CE,389,48,87,11,50.268,-13.663,85.956,1.88,43.4456,0.52122,-0.472226,0.710867,-29.245,1,0.98464,0.381247,60.667,17.3389,0.186355,0.186283,0.185011,34.0659,171.549,-560.995,46.9772,360.792,-2870.07,43.6453,284.752,-893.942,0.128174,0
A,51,.,.,.,LYS,NZ,390,48,90,11,48.864,-14.117,85.76,1.67,42.2979,-0.727343,-0.572962,0.377739,-35.643,1,0.390129,0.381247,59.2913,14.4603,0.121423,0.121389,0.121042,34.0659,171.549,-560.995,46.9772,360.792,-2870.07,43.6453,284.752,-893.942,0.135678,0
A,52,.,.,.,SER,N,391,49,119,15,50.452,-7.81,81.942,1.7,0,0,0,0,0,2,0.205696,0.602682,11.4684,9.76742,2,2,2,33.1667,198.004,-341.663,46.9772,360.792,-2870.07,43.6453,284.752,-893.942,2,0
A,52,.,.,.,SER,CA,392,49,117,15,51.172,-6.863,81.086,1.9,0,0,0,0,0,2,0.600207,0.602682,17.7234,12.9436,2,2,2,33.1667,198.004,-341.663,46.9772,360.792,-2870.07,43.6453,284.752,-893.942,2,0
A,52,.,.,.,SER,C,393,49,116,15,50.921,-5.42,81.514,1.75,0,0,0,0,0,2,0.79205,0.602682,9.73714,8.76293,2,2,2,33.1667,198.004,-341.663,46.9772,360.792,-2870.07,43.6453,284.752,-893.942,2,0
A,52,.,.,.,SER,O,394,49,120,15,51.835,-4.578,81.505,1.49,0,0,0,0,0,2,0.814789,0.602682,15.0029,9.35841,2,2,2,33.1667,198.004,-341.663,46.9772,360.792,-2870.07,43.6453,284.752,-893.942,2,0
A,52,.,.,.,SER,CB,395,49,118,15,50.778,-7.044,79.615,1.91,0,0,0,0,-0,2,0.68151,0.602682,27.598,19.362,2,2,2,33.1667,198.004,-341.663,46.9772,360.792,-2870.07,43.6453,284.752,-893.942,2,0
A,52,.,.,.,SER,OG,396,49,121,15,51.053,-8.356,79.159,1.54,0,0,0,0,-0,2,0.521838,0.602682,16.4658,10.2715,2,2,2,33.1667,198.004,-341.663,46.9772,360.792,-2870.07,43.6453,284.752,-893.942,2,0
A,53,.,.,.,GLU,N,397,50,50,6,49.673,-5.147,81.882,1.7,0,0,0,0,0,2,0.684712,0.823181,11.2659,9.75923,2,2,2,34.4261,208.421,-531.618,46.9772,360.792,-2870.07,43.6453,284.752,-893.942,2,0
A,53,.,.,.,GLU,CA,398,50,46,6,49.278,-3.845,82.384,1.9,0,0,0,0,0,2,0.983644,0.823181,17.0716,12.7346,2,2,2,34.4261,208.421,-531.618,46.9772,360.792,-2870.07,43.6453,284.752,-893.942,2,0
A,53,.,.,.,GLU,C,399,50,45,6,49.918,-3.568,83.738,1.75,0,0,0,0,0,2,0.767975,0.823181,9.90348,8.53341,2,2,2,34.4261,208.421,-531.618,46.9772,360.792,-2870.07,43.6453,284.752,-893.942,2,0
A,53,.,.,.,GLU,O,400,50,51,6,50.405,-2.47,83.98,1.49,0,0,0,0,0,2,0.947258,0.823181,12.816,9.02345,2,2,2,34.4261,208.421,-531.618,46.9772,360.792,-2870.07,43.6453,284.752,-893.942,2,0
A,53,.,.,.,GLU,CB,401,50,47,6,47.76,-3.75,82.534,1.91,0,0,0,0,-0,2,0.741446,0.823181,26.0386,16.8327,2,2,2,34.4261,208.421,-531.618,46.9772,360.792,-2870.07,43.6453,284.752,-893.942,2,0
A,53,.,.,.,GLU,CG,402,50,49,6,47.318,-2.33,82.859,1.88,0.969033,-0.116442,-0.0961043,0.988537,-0.374685,1,0.967345,0.823181,27.735,16.6663,0.727146,2,2,34.4261,208.421,-531.618,46.9772,360.792,-2870.07,43.6453,284.752,-893.942,2,0
A,53,.,.,.,GLU,CD,403,50,48,6,45.823,-2.145,82.829,1.76,2.42266,-0.409413,-0.173144,0.895769,-1.0511,1,0.965272,0.823181,20.35,10.6445,0.249969,0.249192,0.246559,34.4261,208.421,-531.618,46.9772,360.792,-2870.07,43.6453,284.752,-893.942,0.0485007,0
A,53,.,.,.,GLU,OE1,404,50,52,6,45.108,-3.045,82.36,1.49,7.25329,-0.946175,-0.1856,0.265152,-4.79897,1,0.376709,0.823181,29.7984,9.25233,0.277706,0.276286,0.271907,34.4261,208.421,-531.618,46.9772,360.792,-2870.07,43.6453,284.752,-893.942,0.0892456,0
A,53,.,.,.,GLU,OE2,405,50,52,6,45.375,-1.078,83.27,1.49,14.5598,-0.789347,0.0610602,0.610903,-9.63318,1,0.974267,0.823181,28.7769,9.26421,0.101694,0.101629,0.100972,34.4261,208.421,-531.618,46.9772,360.792,-2870.07,43.6453,284.752,-893.942,0.0651909,0
A,54,.,.,.,ASP,N,406,51,27,3,49.889,-4.552,84.629,1.7,0.0018787,-0.783612,0.427753,0.450533,0.00238405,1,0.688813,0.672708,12.4263,9.74008,0.698437,2,2,33.4995,172.81,-450.304,43.2524,337.562,-1491.09,43.6453,284.752,-893.942,2,0
A,54,.,.,.,ASP,CA,407,51,24,3,50.546,-4.409,85.918,1.9,3.66961,-0.754115,0.493282,0.43357,2.19895,1,0.706833,0.672708,22.6389,12.8034,0.785936,2,2,33.4995,172.81,-450.304,43.2524,337.562,-1491.09,43.6453,284.752,-893.942,0.0636996,0
A,54,.,.,.,ASP,C,408,51,23,3,52.031,-4.09,85.718,1.75,0,0,0,0,0,2,0.847414,0.672708,10.1984,8.61242,2,2,2,33.4995,172.81,-450.304,43.2524,337.562,-1491.09,43.6453,284.752,-893.942,2,0
A,54,.,.,.,ASP,O,409,51,28,3,52.561,-3.2,86.367,1.49,0,0,0,0,0,2,0.829691,0.672708,13.3763,9.11557,2,2,2,33.4995,172.81,-450.304,43.2524,337.562,-1491.09,43.6453,284.752,-893.942,2,0
A,54,.,.,.,ASP,CB,410,51,25,3,50.39,-5.687,86.752,1.91,6.17521,-0.447924,-0.772768,0.449659,-1.81052,1,0.130448,0.672708,37.4784,18.0634,0.441658,0.393451,0.384068,33.4995,172.81,-450.304,43.2524,337.562,-1491.09,43.6453,284.752,-893.942,0.0735364,0
A,54,.,.,.,ASP,CG,411,51,26,3,50.837,-5.515,88.211,1.76,6.25293,-0.860651,-0.0181715,0.508872,-1.4711,1,0.368083,0.672708,21.6604,10.5746,0.436585,0.425383,0.393913,33.4995,172.81,-450.304,43.2524,337.562,-1491.09,43.6453,284.752,-893.942,0.130675,0
A,54,.,.,.,ASP,OD1,412,51,29,3,50.984,-4.373,88.695,1.49,17.7737,-0.592251,0.545858,0.592687,-9.01377,1,0.887531,0.672708,32.0991,9.33833,0.33591,0.334202,0.323962,33.4995,172.81,-450.304,43.2524,337.562,-1491.09,43.6453,284.752,-893.942,0.115909,0
A,54,.,.,.,ASP,OD2,413,51,29,3,51.035,-6.55,88.89,1.49,39.4734,0.000427427,-0.85675,0.515732,-20.0186,1,0.922854,0.672708,48.6644,9.45745,0.106173,0.102923,0.0925337,33.4995,172.81,-450.304,43.2524,337.562,-1491.09,43.6453,284.752,-893.942,0.116601,0
A,55,.,.,.,MET,N,414,52,97,12,52.695,-4.818,84.821,1.7,0.369826,0.235405,-0.801545,0.549646,0.401476,1,0.417949,0.454729,12.5882,9.77024,0.84928,2,2,31.0439,165.03,-63.2983,46.9772,360.792,-2870.07,43.6453,284.752,-893.942,0.165929,0
A,55,.,.,.,MET,CA,415,52,93,12,54.126,-4.616,84.614,1.9,4.69202,0.317775,-0.558542,0.766192,6.13374,1,0.474545,0.454729,23.4782,12.7685,0.862709,2,2,31.0439,165.03,-63.2983,46.9772,360.792,-2870.07,43.6453,284.752,-893.942,0.160335,0
A,55,.,.,.,MET,C,416,52,92,12,54.411,-3.19,84.106,1.75,0,0,0,0,0,2,0.656296,0.454729,9.59991,8.69261,2,2,2,31.0439,165.03,-63.2983,46.9772,360.792,-2870.07,43.6453,284.752,-893.942,2,0
A,55,.,.,.,MET,O,417,52,98,12,55.273,-2.479,84.638,1.49,0.382917,0.712571,-0.404495,0.573259,0.279015,1,0.596614,0.454729,17.1181,9.30097,0.927302,2,2,31.0439,165.03,-63.2983,46.9772,360.792,-2870.07,43.6453,284.752,-893.942,2,0
A,55,.,.,.,MET,CB,418,52,94,12,54.662,-5.646,83.624,1.91,1.09612,-0.104677,-0.591336,0.799602,0.703987,1,0.448794,0.454729,27.1645,16.422,0.862074,2,2,31.0439,165.03,-63.2983,46.9772,360.792,-2870.07,43.6453,284.752,-893.942,0.207248,0
A,55,.,.,.,MET,CG,419,52,96,12,56.17,-5.621,83.462,1.92,3.68618,0.301189,0.0337571,0.952967,2.06698,1,0.402208,0.454729,30.9385,17.7724,0.863916,2,2,31.0439,165.03,-63.2983,46.9772,360.792,-2870.07,43.6453,284.752,-893.942,0.228378,0
A,55,.,.,.,MET,SD,420,52,99,12,56.669,-6.782,82.184,1.94,0,0,0,0,0,2,0.380331,0.454729,29.9366,21.0888,2,2,2,31.0439,165.03,-63.2983,46.9772,360.792,-2870.07,43.6453,284.752,-893.942,2,0
A,55,.,.,.,MET,CE,421,52,95,12,58.439,-6.717,82.419,1.8,2.06621,0.624746,-0.777678,0.0700685,0.575219,1,0.261094,0.454729,37.1084,19.6346,0.904661,2,2,31.0439,165.03,-63.2983,46.9772,360.792,-2870.07,43.6453,284.752,-893.942,0.2322,0
A,56,.,.,.,LEU,N,422,53,81,10,53.663,-2.767,83.089,1.7,0,0,0,0,0,2,0.668317,0.732257,12.1201,9.93446,2,2,2,31.5403,194.252,107.516,46.9772,360.792,-2870.07,43.6453,284.752,-893.942,2,0
A,56,.,.,.,LEU,CA,423,53,76,10,53.829,-1.419,82.548,1.9,0,0,0,0,0,2,0.609091,0.732257,14.9648,12.5921,2,2,2,31.5403,194.252,107.516,46.9772,360.792,-2870.07,43.6453,284.752,-893.942,2,0
A,56,.,.,.,LEU,C,424,53,75,10,53.492,-0.312,83.556,1.75,0,0,0,0,0,2,0.79653,0.732257,9.49135,8.56739,2,2,2,31.5403,194.252,107.516,46.9772,360.792,-2870.07,43.6453,284.752,-893.942,2,0
A,56,.,.,.,LEU,O,425,53,82,10,54.243,0.667,83.674,1.49,0,0,0,0,0,2,0.626566,0.732257,11.598,9.17822,2,2,2,31.5403,194.252,107.516,46.9772,360.792,-2870.07,43.6453,284.752,-893.942,2,0
A,56,.,.,.,LEU,CB,426,53,77,10,53.038,-1.245,81.257,1.91,0,0,0,0,0,2,0.819636,0.732257,23.339,15.6078,2,2,2,31.5403,194.252,107.516,46.9772,360.792,-2870.07,43.6453,284.752,-893.942,2,0
A,56,.,.,.,LEU,CG,427,53,80,10,53.082,0.143,80.606,2.01,0,0,0,0,0,2,0.811306,0.732257,20.0179,14.0569,2,2,2,31.5403,194.252,107.516,46.9772,360.792,-2870.07,43.6453,284.752,-893.942,2,0
A,56,.,.,.,LEU,CD1,428,53,78,10,54.491,0.633,80.289,1.92,0,0,0,0,0,2,0.7401,0.732257,32.5396,22.119,2,2,2,31.5403,194.252,107.516,46.9772,360.792,-2870.07,43.6453,284.752,-893.942,2,0
A,56,.,.,.,LEU,CD2,429,53,79,10,52.255,0.066,79.334,1.92,0,0,0,0,0,2,0.786511,0.732257,36.0645,21.9304,2,2,2,31.5403,194.252,107.516,46.9772,360.792,-2870.07,43.6453,284.752,-893.942,2,0
A,57,.,.,.,ARG,N,430,54,11,1,52.381,-0.447,84.279,1.7,0,0,0,0,0,2,0.929173,0.86408,12.2638,9.93133,2,2,2,33.0464,188.065,-189.945,43.2524,337.562,-1491.09,43.6453,284.752,-893.942,2,0
A,57,.,.,.,ARG,CA,431,54,6,1,52.007,0.577,85.283,1.9,0.191774,-0.281285,0.939631,0.194866,0.16422,1,0.929535,0.86408,18.0369,12.8509,0.686287,0.656994,2,33.0464,188.065,-189.945,43.2524,337.562,-1491.09,43.6453,284.752,-893.942,0.147543,0
A,57,.,.,.,ARG,C,432,54,5,1,53.026,0.653,86.429,1.75,0.948901,-0.459134,0.0192459,0.888158,1.75038,1,0.539498,0.86408,11.5564,8.77471,0.63453,0.617732,0.593925,33.0464,188.065,-189.945,43.2524,337.562,-1491.09,43.6453,284.752,-893.942,0.165833,0
A,57,.,.,.,ARG,O,433,54,14,1,53.331,1.751,86.918,1.49,4.96249,-0.739714,0.492921,0.458097,1.8688,1,0.490526,0.86408,19.963,9.22797,0.645743,0.622196,0.59245,33.0464,188.065,-189.945,43.2524,337.562,-1491.09,43.6453,284.752,-893.942,0.177187,0
A,57,.,.,.,ARG,CB,434,54,7,1,50.58,0.355,85.823,1.91,15.8149,-0.215112,0.270108,0.938493,1.81818,1,0.942402,0.86408,40.5614,16.6219,0.535901,0.519607,0.481676,33.0464,188.065,-189.945,43.2524,337.562,-1491.09,43.6453,284.752,-893.942,0.0947655,0
A,57,.,.,.,ARG,CG,435,54,9,1,49.475,0.566,84.794,1.92,0.211295,0.130337,0.925023,0.356853,0.00139685,1,0.989794,0.86408,25.9137,17.2661,0.577624,0.560837,0.526315,33.0464,188.065,-189.945,43.2524,337.562,-1491.09,43.6453,284.752,-893.942,0.0652507,0
A,57,.,.,.,ARG,CD,436,54,8,1,48.092,0.65,85.424,1.88,27.0414,-0.412116,-0.112806,0.904121,-12.1371,1,0.75089,0.86408,49.616,17.2689,0.112939,0.112711,0.112033,33.0464,188.065,-189.945,43.2524,337.562,-1491.09,43.6453,284.752,-893.942,0.058306,0
A,57,.,.,.,ARG,NE,437,54,12,1,47.058,0.879,84.405,1.62,1.89622,-0.78923,-0.141864,0.597487,-0.525789,1,0.999082,0.86408,12.6669,7.98089,0.119272,0.119243,0.119201,33.0464,188.065,-189.945,43.2524,337.562,-1491.09,43.6453,284.752,-893.942,0.0539171,0
A,57,.,.,.,ARG,CZ,438,54,10,1,46.704,2.073,83.927,1.8,5.33498,-0.71046,0.072056,0.700038,-1.56573,1,0.99717,0.86408,20.0939,11.2951,0.112233,0.112209,0.111861,33.0464,188.065,-189.945,43.2524,337.562,-1491.09,43.6453,284.752,-893.942,0.0554487,0
A,57,.,.,.,ARG,NH1,439,54,13,1,47.262,3.191,84.382,1.62,12.837,-0.037375,0.396055,0.917466,-6.51735,1,0.94288,0.86408,31.3745,12.7048,0.1119,0.111778,0.111426,33.0464,188.065,-189.945,43.2524,337.562,-1491.09,43.6453,284.752,-893.942,0.0587318,0
A,57,.,.,.,ARG,NH2,440,54,13,1,45.764,2.146,82.993,1.67,8.48986,-0.896976,0.0406025,0.440211,-4.31031,1,0.993932,0.86408,31.2115,14.2909,0.126153,0.126153,0.125615,33.0464,188.065,-189.945,43.2524,337.562,-1491.09,43.6453,284.752,-893.942,0.0621777,0
A,58,.,.,.,ARG,N,441,55,11,1,53.576,-0.493,86.85,1.7,0.392628,-0.677615,0.0446637,0.73406,0.613297,1,0.708162,0.550581,13.4055,9.96905,0.621565,0.622899,0.59245,31.3016,153.559,-78.5554,43.2524,337.562,-1491.09,43.6453,284.752,-893.942,0.149639,0
A,58,.,.,.,ARG,CA,442,55,6,1,54.683,-0.469,87.816,1.9,2.8569,-0.409616,0.30816,0.858634,2.44643,1,0.34908,0.550581,21.043,12.65,0.682613,0.65536,0.593925,31.3016,153.559,-78.5554,43.2524,337.562,-1491.09,43.6453,284.752,-893.942,0.198879,0
A,58,.,.,.,ARG,C,443,55,5,1,55.866,0.316,87.274,1.75,0.643317,0.845875,-0.468194,0.255521,1.18669,1,0.342171,0.550581,11.2161,8.6584,0.840684,0.831034,2,31.3016,153.559,-78.5554,43.2524,337.562,-1491.09,43.6453,284.752,-893.942,0.338878,0
A,58,.,.,.,ARG,O,444,55,14,1,56.468,1.115,88.015,1.49,5.05348,0.38211,-0.353659,0.853766,1.90307,1,0.310579,0.550581,19.9625,9.29251,0.839205,0.831034,2,31.3016,153.559,-78.5554,43.2524,337.562,-1491.09,43.6453,284.752,-893.942,0.249565,0
A,58,.,.,.,ARG,CB,445,55,7,1,55.129,-1.873,88.232,1.91,13.8267,0.969579,-0.185727,0.159441,1.5896,1,0.288437,0.550581,37.6666,16.5475,0.790431,0.774947,2,31.3016,153.559,-78.5554,43.2524,337.562,-1491.09,43.6453,284.752,-893.942,0.157027,0
A,58,.,.,.,ARG,CG,446,55,9,1,54.178,-2.524,89.225,1.92,11.1088,-0.572729,0.609148,0.548561,0.073439,1,0.698366,0.550581,36.8178,17.3526,0.623223,0.595684,0.534051,31.3016,153.559,-78.5554,43.2524,337.562,-1491.09,43.6453,284.752,-893.942,0.126928,0
A,58,.,.,.,ARG,CD,447,55,8,1,54.747,-3.831,89.791,1.88,23.1869,0.703497,-0.680155,-0.206107,-10.4071,1,0.484844,0.550581,47.913,17.253,0.703497,0.696397,0.70556,31.3016,153.559,-78.5554,43.2524,337.562,-1491.09,43.6453,284.752,-893.942,0.127011,0
A,58,.,.,.,ARG,NE,448,55,12,1,53.989,-4.323,90.944,1.62,4.92921,0.046379,-0.99887,-0.0104042,-1.36678,1,0.663536,0.550581,19.8517,8.09599,0.667468,0.667053,0.675925,31.3016,153.559,-78.5554,43.2524,337.562,-1491.09,43.6453,284.752,-893.942,0.11665,0
A,58,.,.,.,ARG,CZ,449,55,10,1,54.255,-4.047,92.225,1.8,9.50927,0.260204,-0.907049,0.330994,-2.79081,1,0.454021,0.550581,24.7198,11.3508,0.195779,0.195444,0.190489,31.3016,153.559,-78.5554,43.2524,337.562,-1491.09,43.6453,284.752,-893.942,0.117779,0
A,58,.,.,.,ARG,NH1,450,55,13,1,53.485,-4.559,93.175,1.62,55.8186,-0.572451,-0.384832,0.72402,-28.3392,1,0.839271,0.550581,64.8294,12.9379,0.103135,0.103129,0.101906,31.3016,153.559,-78.5554,43.2524,337.562,-1491.09,43.6453,284.752,-893.942,0.116219,0
A,58,.,.,.,ARG,NH2,451,55,13,1,55.272,-3.26,92.571,1.67,49.0236,0.702268,0.46636,0.537892,-24.8893,1,0.917927,0.550581,62.4114,14.2966,0.161957,0.160584,0.141566,31.3016,153.559,-78.5554,43.2524,337.562,-1491.09,43.6453,284.752,-893.942,0.119566,0
A,59,.,.,.,HIS,N,452,56,63,8,56.199,0.105,85.997,1.7,0.538124,0.659393,-0.708062,0.252683,0.830035,1,0.470225,0.733663,13.3192,9.9729,0.883197,2,2,29.8514,163.337,283.193,43.2524,337.562,-1491.09,43.6453,284.752,-893.942,0.279046,0
A,59,.,.,.,HIS,CA,453,56,58,8,57.291,0.866,85.379,1.9,0.103292,0.361099,-0.827473,0.429995,0.0974619,1,0.497902,0.733663,17.4286,12.8104,0.878029,2,2,29.8514,163.337,283.193,43.2524,337.562,-1491.09,43.6453,284.752,-893.942,0.485068,0
A,59,.,.,.,HIS,C,454,56,57,8,57.009,2.36,85.392,1.75,0,0,0,0,0,2,0.489086,0.733663,9.16216,8.44932,2,2,2,29.8514,163.337,283.193,43.2524,337.562,-1491.09,43.6453,284.752,-893.942,2,0
A,59,.,.,.,HIS,O,455,56,66,8,57.882,3.169,85.711,1.49,0,0,0,0,0,2,0.516834,0.733663,11.4263,9.02516,2,2,2,29.8514,163.337,283.193,43.2524,337.562,-1491.09,43.6453,284.752,-893.942,2,0
A,59,.,.,.,HIS,CB,456,56,59,8,57.593,0.426,83.943,1.91,0,0,0,0,0,2,0.830041,0.733663,26.1616,17.7003,2,2,2,29.8514,163.337,283.193,43.2524,337.562,-1491.09,43.6453,284.752,-893.942,2,0
A,59,.,.,.,HIS,CG,457,56,62,8,58.599,1.313,83.27,1.8,0,0,0,0,0,2,0.914769,0.733663,10.5911,9.29795,2,2,2,29.8514,163.337,283.193,43.2524,337.562,-1491.09,43.6453,284.752,-893.942,2,0
A,59,.,.,.,HIS,ND1,458,56,64,8,59.865,1.505,83.773,1.6,0,0,0,0,-0,2,0.879902,0.733663,11.2402,8.42797,2,2,2,29.8514,163.337,283.193,43.2524,337.562,-1491.09,43.6453,284.752,-893.942,2,0
A,59,.,.,.,HIS,CD2,459,56,60,8,58.496,2.132,82.196,1.74,0,0,0,0,0,2,0.92974,0.733663,24.9984,13.2705,2,2,2,29.8514,163.337,283.193,43.2524,337.562,-1491.09,43.6453,284.752,-893.942,2,0
A,59,.,.,.,HIS,CE1,460,56,61,8,60.518,2.371,83.013,1.74,0,0,0,0,-0,2,0.890247,0.733663,25.5406,14.2959,2,2,2,29.8514,163.337,283.193,43.2524,337.562,-1491.09,43.6453,284.752,-893.942,2,0
A,59,.,.,.,HIS,NE2,461,56,65,8,59.708,2.761,82.047,1.6,2.58783,0.345857,-0.204009,-0.91584,-0.765956,1,0.917882,0.733663,17.6026,8.85912,0.981963,2,2,29.8514,163.337,283.193,43.2524,337.562,-1491.09,43.6453,284.752,-893.942,0.8639,1
A,60,.,.,.,MET,N,462,57,97,12,55.778,2.726,85.055,1.7,0,0,0,0,0,2,0.662045,0.629431,11.0841,9.64649,2,2,2,31.8098,185.048,207.56,43.2524,337.562,-1491.09,43.6453,284.752,-893.942,2,0
A,60,.,.,.,MET,CA,463,57,93,12,55.412,4.123,84.997,1.9,0,0,0,0,0,2,0.633165,0.629431,15.0771,12.5024,2,2,2,31.8098,185.048,207.56,43.2524,337.562,-1491.09,43.6453,284.752,-893.942,2,0
A,60,.,.,.,MET,C,464,57,92,12,55.478,4.769,86.384,1.75,1.07499,-0.830515,0.529318,0.173399,2.12663,1,0.438815,0.629431,11.7336,8.74955,0.836332,2,2,31.8098,185.048,207.56,43.2524,337.562,-1491.09,43.6453,284.752,-893.942,0.307683,0
A,60,.,.,.,MET,O,465,57,98,12,55.888,5.932,86.501,1.49,5.39135,-0.627115,0.740123,-0.242784,3.92844,1,0.481839,0.629431,21.3484,9.31647,0.858299,2,2,31.8098,185.048,207.56,43.2524,337.562,-1491.09,43.6453,284.752,-893.942,0.20757,0
A,60,.,.,.,MET,CB,466,57,94,12,54.04,4.3,84.319,1.91,6.12553,-0.642744,0.476594,0.599782,3.93415,1,0.651981,0.629431,34.1822,16.7141,0.830193,0.832749,2,31.8098,185.048,207.56,43.2524,337.562,-1491.09,43.6453,284.752,-893.942,0.175461,0
A,60,.,.,.,MET,CG,467,57,96,12,54.052,3.934,82.836,1.92,0,0,0,0,0,2,0.778445,0.629431,25.6692,17.9449,2,2,2,31.8098,185.048,207.56,43.2524,337.562,-1491.09,43.6453,284.752,-893.942,2,0
A,60,.,.,.,MET,SD,468,57,99,12,55.279,4.86,81.894,1.94,0,0,0,0,0,2,0.807195,0.629431,30.0025,20.9824,2,2,2,31.8098,185.048,207.56,43.2524,337.562,-1491.09,43.6453,284.752,-893.942,2,0
A,60,.,.,.,MET,CE,469,57,95,12,54.597,6.496,81.969,1.8,4.68724,0.389564,0.768896,0.50699,1.30489,1,0.581964,0.629431,40.8005,19.5707,0.903718,0.916451,2,31.8098,185.048,207.56,43.2524,337.562,-1491.09,43.6453,284.752,-893.942,0.2189,0
A,61,.,.,.,GLU,N,470,58,50,6,55.138,4.024,87.435,1.7,1.1361,-0.949158,0.314042,-0.0218477,1.45551,1,0.504633,0.490121,13.4006,9.85225,0.824797,0.832749,2,32.2935,159.218,-35.8068,43.095,326.786,-1584.73,41.4641,291.287,-1131.83,0.20945,0
A,61,.,.,.,GLU,CA,471,58,46,6,55.319,4.55,88.784,1.9,0.469113,-0.762367,0.521248,-0.383532,0.288196,1,0.450329,0.490121,17.5577,12.6663,0.828329,0.832749,2,32.2935,159.218,-35.8068,43.095,326.786,-1584.73,41.4641,291.287,-1131.83,0.14278,0
A,61,.,.,.,GLU,C,472,58,45,6,56.814,4.741,89.099,1.75,0,0,0,0,0,2,0.516241,0.490121,10.1027,8.80242,2,2,2,32.2935,159.218,-35.8068,43.095,326.786,-1584.73,41.4641,291.287,-1131.83,2,0
A,61,.,.,.,GLU,O,473,58,51,6,57.212,5.757,89.691,1.49,0,0,0,0,0,2,0.458961,0.490121,12.3241,9.1991,2,2,2,32.2935,159.218,-35.8068,43.095,326.786,-1584.73,41.4641,291.287,-1131.83,2,0
A,61,.,.,.,GLU,CB,474,58,47,6,54.607,3.664,89.826,1.91,12.449,-0.640986,-0.718512,0.269956,-2.77369,1,0.211146,0.490121,38.8295,17.0035,0.598663,0.569199,0.526315,32.2935,159.218,-35.8068,43.095,326.786,-1584.73,41.4641,291.287,-1131.83,0.136958,0
A,61,.,.,.,GLU,CG,475,58,49,6,54.578,4.262,91.22,1.88,17.7338,-0.442149,-0.670557,0.595699,-6.85694,1,0.335759,0.490121,39.9151,16.8316,0.123015,0.122528,0.121148,32.2935,159.218,-35.8068,43.095,326.786,-1584.73,41.4641,291.287,-1131.83,0.0938922,0
A,61,.,.,.,GLU,CD,476,58,48,6,53.885,5.626,91.295,1.76,5.95945,-0.802464,-0.215288,0.556509,-2.58559,1,0.653435,0.490121,20.4429,10.7376,0.105501,0.105209,0.103527,32.2935,159.218,-35.8068,43.095,326.786,-1584.73,41.4641,291.287,-1131.83,0.098996,0
A,61,.,.,.,GLU,OE1,477,58,52,6,53.033,5.949,90.419,1.49,24.9129,-0.958547,0.0348959,-0.28279,-16.4831,1,0.682336,0.490121,37.8366,9.40235,0.124825,0.124412,0.122657,32.2935,159.218,-35.8068,43.095,326.786,-1584.73,41.4641,291.287,-1131.83,0.107575,0
A,61,.,.,.,GLU,OE2,478,58,52,6,54.197,6.38,92.244,1.49,18.5111,-0.349609,0.253633,0.901912,-12.2474,1,0.59825,0.490121,35.5704,9.45234,0.0846038,0.0845863,0.0844586,32.2935,159.218,-35.8068,43.095,326.786,-1584.73,41.4641,291.287,-1131.83,0.0930659,0
A,62,.,.,.,PHE,N,479,59,107,13,57.636,3.787,88.668,1.7,0.539729,-0.0590157,-0.664106,0.745306,1.05961,1,0.250114,0.355079,13.0422,9.81628,0.839058,0.838724,2,29.9959,141.884,153.792,43.095,326.786,-1584.73,41.4641,291.287,-1131.83,0.169787,0
A,62,.,.,.,PHE,CA,480,59,101,13,59.096,3.888,88.805,1.9,0.0456114,-0.345093,-0.64965,0.677396,0.0718188,1,0.168454,0.355079,16.9861,12.9503,0.837298,0.838724,2,29.9959,141.884,153.792,43.095,326.786,-1584.73,41.4641,291.287,-1131.83,0.143937,0
A,62,.,.,.,PHE,C,481,59,100,13,59.65,5.113,88.062,1.75,0,0,0,0,0,2,0.469302,0.355079,10.0741,8.76111,2,2,2,29.9959,141.884,153.792,43.095,326.786,-1584.73,41.4641,291.287,-1131.83,2,0
A,62,.,.,.,PHE,O,482,59,108,13,60.526,5.802,88.583,1.49,0,0,0,0,0,2,0.495891,0.355079,13.5344,9.17977,2,2,2,29.9959,141.884,153.792,43.095,326.786,-1584.73,41.4641,291.287,-1131.83,2,0
A,62,.,.,.,PHE,CB,483,59,102,13,59.768,2.58,88.349,1.91,6.06823,-0.235157,-0.805732,0.543596,5.98272,1,0.341755,0.355079,32.2808,17.8145,0.814852,0.808379,2,29.9959,141.884,153.792,43.095,326.786,-1584.73,41.4641,291.287,-1131.83,0.236145,0
A,62,.,.,.,PHE,CG,484,59,105,13,61.246,2.487,88.685,1.74,0.165596,-0.173272,-0.964373,0.199904,0.278251,1,0.310276,0.355079,8.16744,6.35484,0.784306,0.775801,2,29.9959,141.884,153.792,43.095,326.786,-1584.73,41.4641,291.287,-1131.83,0.346443,0
A,62,.,.,.,PHE,CD1,485,59,103,13,61.681,2.521,90.009,1.82,11.0557,-0.335469,-0.788691,0.515196,10.8167,1,0.230597,0.355079,34.1806,14.366,0.759571,0.753492,2,29.9959,141.884,153.792,43.095,326.786,-1584.73,41.4641,291.287,-1131.83,0.216582,0
A,62,.,.,.,PHE,CD2,486,59,103,13,62.192,2.334,87.686,1.82,0,0,0,0,0,2,0.432787,0.355079,22.4471,14.4194,2,2,2,29.9959,141.884,153.792,43.095,326.786,-1584.73,41.4641,291.287,-1131.83,2,0
A,62,.,.,.,PHE,CE1,487,59,104,13,63.029,2.434,90.322,1.82,18.0297,0.153768,-0.540217,0.827358,12.8229,1,0.322816,0.355079,38.0388,13.9945,0.765299,0.751403,2,29.9959,141.884,153.792,43.095,326.786,-1584.73,41.4641,291.287,-1131.83,0.173748,0
A,62,.,.,.,PHE,CE2,488,59,104,13,63.55,2.233,87.99,1.82,0,0,0,0,0,2,0.454275,0.355079,25.2878,14.0514,2,2,2,29.9959,141.884,153.792,43.095,326.786,-1584.73,41.4641,291.287,-1131.83,2,0
A,62,.,.,.,PHE,CZ,489,59,106,13,63.968,2.283,89.306,1.82,1.71271,0.687433,0.0568018,0.724023,1.14541,1,0.429605,0.355079,26.4785,14.0296,0.769246,0.726637,2,29.9959,141.884,153.792,43.095,326.786,-1584.73,41.4641,291.287,-1131.83,0.219126,0
A,63,.,.,.,ARG,N,490,60,11,1,59.117,5.419,86.876,1.7,0,0,0,0,0,2,0.579468,0.717149,11.8118,9.79828,2,2,2,30.5356,165.8,393.66,43.095,326.786,-1584.73,41.4641,291.287,-1131.83,2,0
A,63,.,.,.,ARG,CA,491,60,6,1,59.56,6.613,86.142,1.9,0,0,0,0,0,2,0.804048,0.717149,14.509,12.7809,2,2,2,30.5356,165.8,393.66,43.095,326.786,-1584.73,41.4641,291.287,-1131.83,2,0
A,63,.,.,.,ARG,C,492,60,5,1,59.296,7.895,86.931,1.75,0.592806,-0.374189,0.710157,-0.596372,1.09351,1,0.214803,0.717149,11.1921,8.66721,0.864437,0.916451,2,30.5356,165.8,393.66,43.095,326.786,-1584.73,41.4641,291.287,-1131.83,0.319004,0
A,63,.,.,.,ARG,O,493,60,14,1,60.11,8.811,86.934,1.49,2.96904,-0.352243,0.729147,-0.586745,1.1181,1,0.690715,0.717149,17.7274,9.20752,0.833319,2,2,30.5356,165.8,393.66,43.095,326.786,-1584.73,41.4641,291.287,-1131.83,0.329023,0
A,63,.,.,.,ARG,CB,494,60,7,1,58.858,6.729,84.788,1.91,6.10746,-0.540446,0.816364,-0.203635,0.70215,1,0.665244,0.717149,32.8913,16.3834,0.882173,0.916451,2,30.5356,165.8,393.66,43.095,326.786,-1584.73,41.4641,291.287,-1131.83,0.355266,0
A,63,.,.,.,ARG,CG,495,60,9,1,59.169,5.611,83.811,1.92,0,0,0,0,0,2,0.976752,0.717149,22.1615,17.2115,2,2,2,30.5356,165.8,393.66,43.095,326.786,-1584.73,41.4641,291.287,-1131.83,2,0
A,63,.,.,.,ARG,CD,496,60,8,1,58.749,5.988,82.395,1.88,0.917449,-0.474161,0.87984,-0.0324474,-0.411783,1,0.879746,0.717149,26.1949,17.1437,0.929889,2,2,30.5356,165.8,393.66,43.095,326.786,-1584.73,41.4641,291.287,-1131.83,2,0
A,63,.,.,.,ARG,NE,497,60,12,1,59.687,6.936,81.839,1.62,0.0770143,-0.746686,0.639291,-0.183757,-0.0213547,1,0.75325,0.717149,14.4844,7.96567,0.949025,2,2,30.5356,165.8,393.66,43.095,326.786,-1584.73,41.4641,291.287,-1131.83,2,0
A,63,.,.,.,ARG,CZ,498,60,10,1,60.876,6.629,81.32,1.8,0,0,0,0,-0,2,0.950089,0.717149,14.1605,11.2151,2,2,2,30.5356,165.8,393.66,43.095,326.786,-1584.73,41.4641,291.287,-1131.83,2,0
A,63,.,.,.,ARG,NH1,499,60,13,1,61.304,5.372,81.243,1.62,0.97086,0.101919,-0.620901,-0.777235,-0.492907,1,0.886556,0.717149,24.7612,12.6855,0.972759,2,2,30.5356,165.8,393.66,43.095,326.786,-1584.73,41.4641,291.287,-1131.83,2,1
A,63,.,.,.,ARG,NH2,500,60,13,1,61.643,7.598,80.869,1.67,5.0964,0.0717201,0.439975,-0.895142,-2.58745,1,0.487971,0.717149,30.1965,14.167,0.910718,0.910686,2,30.5356,165.8,393.66,43.095,326.786,-1584.73,41.4641,291.287,-1131.83,0.543926,0
A,64,.,.,.,LYS,N,501,61,89,11,58.142,7.948,87.579,1.7,0.547518,-0.524656,0.401841,-0.750507,0.753582,1,0.554785,0.490771,12.9785,9.83846,0.850975,0.84304,2,32.7333,163.562,133.098,43.095,326.786,-1584.73,41.4641,291.287,-1131.83,0.277967,0
A,64,.,.,.,LYS,CA,502,61,84,11,57.754,9.1,88.406,1.9,10.172,-0.0688252,0.760544,-0.645629,6.52901,1,0.102733,0.490771,26.4099,12.8643,0.743596,0.724811,0.728412,32.7333,163.562,133.098,43.095,326.786,-1584.73,41.4641,291.287,-1131.83,0.170931,0
A,64,.,.,.,LYS,C,503,61,83,11,58.634,9.168,89.638,1.75,0,0,0,0,0,2,0.142271,0.490771,9.69347,8.54489,2,2,2,32.7333,163.562,133.098,43.095,326.786,-1584.73,41.4641,291.287,-1131.83,2,0
A,64,.,.,.,LYS,O,504,61,91,11,59.228,10.204,89.932,1.49,15.0047,-0.0817768,0.929259,0.360265,2.7397,1,0.276855,0.490771,30.3503,9.24321,0.0515785,0.0505216,0.0462016,32.7333,163.562,133.098,43.095,326.786,-1584.73,41.4641,291.287,-1131.83,0.0976377,0
A,64,.,.,.,LYS,CB,505,61,85,11,56.287,8.955,88.793,1.91,7.35433,-0.395472,0.293966,-0.870164,-0.814132,1,0.511448,0.490771,31.0378,16.088,0.774649,0.757231,0.728412,32.7333,163.562,133.098,43.095,326.786,-1584.73,41.4641,291.287,-1131.83,0.16501,0
A,64,.,.,.,LYS,CG,506,61,88,11,55.69,9.969,89.747,1.92,18.9568,0.283989,0.953174,0.103968,-3.8609,1,0.470199,0.490771,44.5929,17.0381,0.343091,0.335151,0.296353,32.7333,163.562,133.098,43.095,326.786,-1584.73,41.4641,291.287,-1131.83,0.112998,0
A,64,.,.,.,LYS,CD,507,61,86,11,54.186,9.709,89.799,1.92,19.7804,-0.588247,0.049904,-0.80714,-10.7075,1,0.580465,0.490771,42.8191,16.8597,0.673887,0.667667,0.603985,32.7333,163.562,133.098,43.095,326.786,-1584.73,41.4641,291.287,-1131.83,0.121913,0
A,64,.,.,.,LYS,CE,508,61,87,11,53.511,10.172,91.062,1.88,30.5862,-0.50717,-0.185405,0.841667,-20.5888,1,0.789712,0.490771,54.1004,17.316,0.0756871,0.0756354,0.0741643,32.7333,163.562,133.098,43.095,326.786,-1584.73,41.4641,291.287,-1131.83,0.109811,0
A,64,.,.,.,LYS,NZ,509,61,90,11,53.179,11.612,90.953,1.67,55.8086,-0.374201,0.920603,0.11164,-47.028,1,0.988467,0.490771,66.5943,14.403,0.065816,0.0658083,0.064648,32.7333,163.562,133.098,43.095,326.786,-1584.73,41.4641,291.287,-1131.83,0.118291,0
A,65,.,.,.,GLN,N,510,62,41,5,58.731,8.057,90.353,1.7,0,0,0,0,0,2,0.383155,0.490203,11.8749,9.76027,2,2,2,31.846,135.153,3.84328,43.095,326.786,-1584.73,41.4641,291.287,-1131.83,2,0
A,65,.,.,.,GLN,CA,511,62,37,5,59.548,8.031,91.576,1.9,8.46739,-0.329409,0.637215,0.69674,6.44619,1,0.43355,0.490203,25.4206,12.8642,0.116562,0.116507,0.116058,31.846,135.153,3.84328,43.095,326.786,-1584.73,41.4641,291.287,-1131.83,0.0897484,0
A,65,.,.,.,GLN,C,512,62,36,5,61.008,8.424,91.323,1.75,0,0,0,0,0,2,0.587219,0.490203,10.3699,8.61646,2,2,2,31.846,135.153,3.84328,43.095,326.786,-1584.73,41.4641,291.287,-1131.83,2,0
A,65,.,.,.,GLN,O,513,62,43,5,61.621,9.064,92.146,1.49,28.5361,0.265816,0.606228,0.749553,8.98461,1,0.67741,0.490203,40.9383,9.20238,0.125489,0.125271,0.123924,31.846,135.153,3.84328,43.095,326.786,-1584.73,41.4641,291.287,-1131.83,0.0913987,0
A,65,.,.,.,GLN,CB,514,62,38,5,59.499,6.658,92.225,1.91,7.61321,0.37383,0.0932223,0.922801,-0.229776,1,0.566899,0.490203,34.6264,17.2622,0.109342,0.10919,0.108337,31.846,135.153,3.84328,43.095,326.786,-1584.73,41.4641,291.287,-1131.83,0.0887298,0
A,65,.,.,.,GLN,CG,515,62,40,5,58.149,6.278,92.811,1.8,14.3123,-0.220815,0.55591,0.801377,-3.3049,1,0.584944,0.490203,34.3491,13.905,0.0827826,0.0826975,0.0822049,31.846,135.153,3.84328,43.095,326.786,-1584.73,41.4641,291.287,-1131.83,0.0796358,0
A,65,.,.,.,GLN,CD,516,62,39,5,58.023,4.783,93.093,1.81,6.12091,0.415298,-0.00856206,0.909645,-1.77004,1,0.107433,0.490203,22.3579,11.9029,0.0792752,0.0789486,0.0779788,31.846,135.153,3.84328,43.095,326.786,-1584.73,41.4641,291.287,-1131.83,0.0811899,0
A,65,.,.,.,GLN,OE1,517,62,44,5,58.922,3.987,92.791,1.52,20.4789,0.342207,-0.816602,0.464818,-10.4437,1,0.298641,0.490203,36.407,9.61636,0.615688,0.613666,0.608894,31.846,135.153,3.84328,43.095,326.786,-1584.73,41.4641,291.287,-1131.83,0.113783,0
A,65,.,.,.,GLN,NE2,518,62,42,5,56.897,4.392,93.67,1.62,33.5888,-0.32491,-0.425629,0.844555,-17.9887,1,0.772579,0.490203,48.7149,12.7944,0.0801823,0.0798267,0.078846,31.846,135.153,3.84328,43.095,326.786,-1584.73,41.4641,291.287,-1131.83,0.0813791,0
A,66,.,.,.,GLN,N,519,63,41,5,61.567,8.036,90.184,1.7,0,0,0,0,0,2,0.190013,0.681422,11.2066,9.6864,2,2,2,30.1573,134.62,170.124,43.095,326.786,-1584.73,41.4641,291.287,-1131.83,2,0
A,66,.,.,.,GLN,CA,520,63,37,5,62.981,8.275,89.92,1.9,1.64778,0.50648,0.568878,0.647963,1.25445,1,0.758985,0.681422,18.6365,12.7785,0.575032,0.571145,0.545203,30.1573,134.62,170.124,43.095,326.786,-1584.73,41.4641,291.287,-1131.83,0.0910187,0
A,66,.,.,.,GLN,C,521,63,36,5,63.241,9.443,88.973,1.75,1.26462,0.353591,0.525468,0.773859,2.24828,1,0.640412,0.681422,12.5926,8.71768,0.487452,0.459127,0.459127,30.1573,134.62,170.124,43.095,326.786,-1584.73,41.4641,291.287,-1131.83,0.0813359,0
A,66,.,.,.,GLN,O,522,63,43,5,64.385,9.664,88.575,1.49,0,0,0,0,0,2,0.587339,0.681422,13.2478,8.97463,2,2,2,30.1573,134.62,170.124,43.095,326.786,-1584.73,41.4641,291.287,-1131.83,2,0
A,66,.,.,.,GLN,CB,523,63,38,5,63.621,7.004,89.35,1.91,0,0,0,0,-0,2,0.918821,0.681422,23.2835,17.1477,2,2,2,30.1573,134.62,170.124,43.095,326.786,-1584.73,41.4641,291.287,-1131.83,2,0
A,66,.,.,.,GLN,CG,524,63,40,5,63.606,5.817,90.294,1.8,0,0,0,0,-0,2,0.910679,0.681422,20.6274,13.7862,2,2,2,30.1573,134.62,170.124,43.095,326.786,-1584.73,41.4641,291.287,-1131.83,2,0
A,66,.,.,.,GLN,CD,525,63,39,5,64.406,6.067,91.559,1.81,3.00226,0.715211,-0.651697,0.252515,-0.868191,1,0.913005,0.681422,20.9466,11.6907,0.604678,0.584166,0.570389,30.1573,134.62,170.124,43.095,326.786,-1584.73,41.4641,291.287,-1131.83,0.111624,0
A,66,.,.,.,GLN,OE1,526,63,44,5,65.462,6.706,91.533,1.52,18.6687,0.64719,0.162728,0.744758,-9.52054,1,0.961328,0.681422,36.3752,9.67022,0.611444,0.587075,0.569383,30.1573,134.62,170.124,43.095,326.786,-1584.73,41.4641,291.287,-1131.83,0.0973711,0
A,66,.,.,.,GLN,NE2,527,63,42,5,63.902,5.576,92.676,1.62,35.2938,0.132827,-0.242422,0.961035,-18.9018,1,0.252214,0.681422,54.1075,12.8074,0.596762,0.588642,0.582648,30.1573,134.62,170.124,43.095,326.786,-1584.73,41.4641,291.287,-1131.83,0.109094,0
A,67,.,.,.,ASP,N,528,64,27,3,62.199,10.194,88.626,1.7,0.00625061,-0.267024,0.516113,0.813834,0.00793197,1,0.192511,0.494559,13.3807,9.92982,0.722365,2,2,31.7164,157.512,325.331,43.095,326.786,-1584.73,41.4641,291.287,-1131.83,0.0831143,0
A,67,.,.,.,ASP,CA,529,64,24,3,62.316,11.299,87.658,1.9,3.39173,-0.913686,0.285695,-0.289062,2.03243,1,0.594807,0.494559,22.2751,13.0077,0.508243,0.473109,0.41965,31.7164,157.512,325.331,43.095,326.786,-1584.73,41.4641,291.287,-1131.83,0.101525,0
A,67,.,.,.,ASP,C,530,64,23,3,63.089,10.881,86.392,1.75,0,0,0,0,0,2,0.610181,0.494559,10.7174,8.76313,2,2,2,31.7164,157.512,325.331,43.095,326.786,-1584.73,41.4641,291.287,-1131.83,2,0
A,67,.,.,.,ASP,O,531,64,28,3,64.029,11.56,85.982,1.49,0,0,0,0,0,2,0.439424,0.494559,15.0625,9.09121,2,2,2,31.7164,157.512,325.331,43.095,326.786,-1584.73,41.4641,291.287,-1131.83,2,0
A,67,.,.,.,ASP,CB,532,64,25,3,62.985,12.51,88.331,1.91,20.4446,-0.124055,0.329328,0.936031,-5.99417,1,0.609367,0.494559,46.1116,17.9134,0.0713195,0.070923,0.0702709,31.7164,157.512,325.331,43.095,326.786,-1584.73,41.4641,291.287,-1131.83,0.0707518,0
A,67,.,.,.,ASP,CG,533,64,26,3,62.905,13.78,87.491,1.76,5.69824,-0.514851,0.617606,0.594552,-1.3406,1,0.590414,0.494559,18.6932,10.4594,0.0526399,0.052427,0.0512598,31.7164,157.512,325.331,43.095,326.786,-1584.73,41.4641,291.287,-1131.83,0.0659064,0
A,67,.,.,.,ASP,OD1,534,64,29,3,61.939,13.943,86.709,1.49,17.9133,-0.959924,0.270468,0.0734395,-9.08456,1,0.592919,0.494559,32.7951,9.37974,0.0403044,0.0392432,0.034474,31.7164,157.512,325.331,43.095,326.786,-1584.73,41.4641,291.287,-1131.83,0.0879712,0
A,67,.,.,.,ASP,OD2,535,64,29,3,63.82,14.624,87.619,1.49,27.4171,0.431087,0.735948,0.522058,-13.9044,1,0.326847,0.494559,40.1263,9.44471,0.0515304,0.0514114,0.0508135,31.7164,157.512,325.331,43.095,326.786,-1584.73,41.4641,291.287,-1131.83,0.0702439,0
A,68,.,.,.,LEU,N,536,65,81,10,62.688,9.767,85.779,1.7,0.0374403,-0.864356,0.467821,-0.184479,0.0758946,1,0.375741,0.422629,13.028,9.87687,0.830096,2,2,30.0172,166.831,659.823,43.095,326.786,-1584.73,41.4641,291.287,-1131.83,2,0
A,68,.,.,.,LEU,CA,537,65,76,10,63.476,9.169,84.687,1.9,0,0,0,0,0,2,0.346517,0.422629,14.4583,12.4194,2,2,2,30.0172,166.831,659.823,43.095,326.786,-1584.73,41.4641,291.287,-1131.83,2,0
A,68,.,.,.,LEU,C,538,65,75,10,63.412,9.952,83.382,1.75,0,0,0,0,0,2,0.424972,0.422629,9.62707,8.58587,2,2,2,30.0172,166.831,659.823,43.095,326.786,-1584.73,41.4641,291.287,-1131.83,2,0
A,68,.,.,.,LEU,O,539,65,82,10,64.349,9.904,82.574,1.49,0.879697,0.200939,0.0785929,-0.976446,0.674649,1,0.330601,0.422629,18.5495,9.19151,0.912617,0.919926,2,30.0172,166.831,659.823,43.095,326.786,-1584.73,41.4641,291.287,-1131.83,2,0
A,68,.,.,.,LEU,CB,540,65,77,10,63.061,7.725,84.44,1.91,0,0,0,0,0,2,0.382338,0.422629,22.6646,15.6376,2,2,2,30.0172,166.831,659.823,43.095,326.786,-1584.73,41.4641,291.287,-1131.83,2,0
A,68,.,.,.,LEU,CG,541,65,80,10,63.352,6.762,85.594,2.01,0,0,0,0,0,2,0.384086,0.422629,16.7322,14.0776,2,2,2,30.0172,166.831,659.823,43.095,326.786,-1584.73,41.4641,291.287,-1131.83,2,0
A,68,.,.,.,LEU,CD1,542,65,78,10,63.072,5.334,85.164,1.92,0,0,0,0,0,2,0.619449,0.422629,37.6878,22.1329,2,2,2,30.0172,166.831,659.823,43.095,326.786,-1584.73,41.4641,291.287,-1131.83,2,0
A,68,.,.,.,LEU,CD2,543,65,79,10,64.784,6.895,86.074,1.92,0,0,0,0,0,2,0.517326,0.422629,32.7115,21.4779,2,2,2,30.0172,166.831,659.823,43.095,326.786,-1584.73,41.4641,291.287,-1131.83,2,0
A,69,.,.,.,ASP,N,544,66,27,3,62.338,10.69,83.157,1.7,0.624324,-0.80384,0.175604,0.568335,0.792261,1,0.501509,0.504867,16.8191,9.94825,0.836129,2,2,31.8854,193.202,921.467,43.095,326.786,-1584.73,41.4641,291.287,-1131.83,0.233714,0
A,69,.,.,.,ASP,CA,545,66,24,3,62.301,11.537,81.957,1.9,3.82714,0.181644,-0.28106,-0.942343,2.29334,1,0.621696,0.504867,20.7626,12.6881,0.696376,0.691506,0.552063,31.8854,193.202,921.467,43.095,326.786,-1584.73,41.4641,291.287,-1131.83,0.36433,0
A,69,.,.,.,ASP,C,546,66,23,3,63.431,12.578,81.973,1.75,0,0,0,0,0,2,0.344901,0.504867,11.3001,8.80378,2,2,2,31.8854,193.202,921.467,43.095,326.786,-1584.73,41.4641,291.287,-1131.83,2,0
A,69,.,.,.,ASP,O,547,66,28,3,63.905,12.982,80.912,1.49,19.1202,-0.122145,0.210564,-0.969919,5.29719,1,0.283429,0.504867,37.0141,9.33612,0.670643,0.66878,0.557429,31.8854,193.202,921.467,43.095,326.786,-1584.73,41.4641,291.287,-1131.83,0.181775,0
A,69,.,.,.,ASP,CB,548,66,25,3,60.923,12.18,81.784,1.91,24.9173,-0.429258,0.857442,-0.28378,-7.30552,1,0.299438,0.504867,52.5196,18.0727,0.658662,0.653986,0.581492,31.8854,193.202,921.467,43.095,326.786,-1584.73,41.4641,291.287,-1131.83,0.189467,0
A,69,.,.,.,ASP,CG,549,66,26,3,59.846,11.161,81.444,1.76,7.76449,-0.294958,0.0591767,-0.953676,-1.82671,1,0.5321,0.504867,23.7701,10.5279,0.667411,0.657454,0.581492,31.8854,193.202,921.467,43.095,326.786,-1584.73,41.4641,291.287,-1131.83,0.312592,0
A,69,.,.,.,ASP,OD1,550,66,29,3,60.187,9.988,81.166,1.49,5.66519,-0.0955242,-0.0688429,-0.993044,-2.87305,1,0.910102,0.504867,22.6321,9.11879,0.78821,0.783852,2,31.8854,193.202,921.467,43.095,326.786,-1584.73,41.4641,291.287,-1131.83,0.369548,0
A,69,.,.,.,ASP,OD2,551,66,29,3,58.655,11.539,81.454,1.49,36.9401,-0.891548,0.440484,0.10543,-18.7339,1,0.545762,0.504867,49.2759,9.43709,0.650257,0.638703,0.581492,31.8854,193.202,921.467,43.095,326.786,-1584.73,41.4641,291.287,-1131.83,0.311153,0
A,70,.,.,.,ASN,N,552,67,19,2,63.886,12.981,83.161,1.7,0,0,0,0,0,2,0.45518,0.332337,12.6306,9.84657,2,2,2,32.3411,179.832,773.179,43.5063,293.629,-1821.92,38.8837,308.227,2329.91,2,0
A,70,.,.,.,ASN,CA,553,67,16,2,64.976,13.977,83.295,1.9,0.683991,0.325549,0.548647,-0.770068,0.51292,1,0.223154,0.332337,19.4854,12.9469,0.797826,2,2,32.3411,179.832,773.179,43.5063,293.629,-1821.92,38.8837,308.227,2329.91,2,0
A,70,.,.,.,ASN,C,554,67,15,2,66.347,13.427,83.711,1.75,0.343582,0.112911,0.0912763,0.989404,0.53817,1,0.293583,0.332337,12.1386,8.72537,0.769342,0.729631,2,32.3411,179.832,773.179,43.5063,293.629,-1821.92,38.8837,308.227,2329.91,0.0628735,0
A,70,.,.,.,ASN,O,555,67,21,2,67.292,14.197,83.935,1.49,3.38312,0.0845094,0.400604,0.912346,0.918034,1,0.148216,0.332337,19.752,9.28893,0.653516,0.599817,2,32.3411,179.832,773.179,43.5063,293.629,-1821.92,38.8837,308.227,2329.91,0.0931106,0
A,70,.,.,.,ASN,CB,556,67,17,2,64.565,15.043,84.304,1.91,8.07908,0.482509,0.677294,0.55539,-1.27728,1,0.301093,0.332337,34.85,17.4173,0.0286786,0.0283328,0.0277173,32.3411,179.832,773.179,43.5063,293.629,-1821.92,38.8837,308.227,2329.91,0.085386,0
A,70,.,.,.,ASN,CG,557,67,18,2,63.433,15.904,83.802,1.81,5.64395,0.157185,0.841728,0.516515,-0.6708,1,0.509018,0.332337,20.6937,10.9612,0.0428774,0.0428024,0.0421964,32.3411,179.832,773.179,43.5063,293.629,-1821.92,38.8837,308.227,2329.91,0.100349,0
A,70,.,.,.,ASN,OD1,558,67,22,2,62.352,15.928,84.392,1.52,25.8753,-0.804075,0.572315,0.160994,-9.00766,1,0.56683,0.332337,39.7168,9.70991,0.0277311,0.0276945,0.0271349,32.3411,179.832,773.179,43.5063,293.629,-1821.92,38.8837,308.227,2329.91,0.094897,0
A,70,.,.,.,ASN,ND2,559,67,20,2,63.668,16.61,82.704,1.62,43.2216,-0.0798983,0.761707,-0.642976,-20.7425,1,0.161618,0.332337,57.8189,12.7567,0.0437704,0.0437372,0.0436058,32.3411,179.832,773.179,43.5063,293.629,-1821.92,38.8837,308.227,2329.91,0.118698,0
A,71,.,.,.,ILE,N,560,68,73,9,66.465,12.108,83.821,1.7,0,0,0,0,0,2,0.162652,0.242659,12.6555,9.80654,2,2,2,30.0108,161.43,683.726,43.5063,293.629,-1821.92,38.8837,308.227,2329.91,2,0
A,71,.,.,.,ILE,CA,561,68,68,9,67.714,11.496,84.272,1.9,0.0531567,-0.163094,0.616457,0.770312,0.100032,1,0.0940123,0.242659,16.6793,12.0274,0.892942,2,2,30.0108,161.43,683.726,43.5063,293.629,-1821.92,38.8837,308.227,2329.91,2,0
A,71,.,.,.,ILE,C,562,68,67,9,68.866,11.734,83.291,1.75,0,0,0,0,0,2,0.12878,0.242659,9.33979,8.44965,2,2,2,30.0108,161.43,683.726,43.5063,293.629,-1821.92,38.8837,308.227,2329.91,2,0
A,71,.,.,.,ILE,O,563,68,74,9,70.028,11.648,83.681,1.49,0,0,0,0,0,2,0.11482,0.242659,12.1186,9.13251,2,2,2,30.0108,161.43,683.726,43.5063,293.629,-1821.92,38.8837,308.227,2329.91,2,0
A,71,.,.,.,ILE,CB,564,68,69,9,67.548,9.978,84.558,2.01,0,0,0,0,0,2,0.406969,0.242659,18.2164,14.0096,2,2,2,30.0108,161.43,683.726,43.5063,293.629,-1821.92,38.8837,308.227,2329.91,2,0
A,71,.,.,.,ILE,CG1,565,68,71,9,68.725,9.455,85.394,1.92,0,0,0,0,0,2,0.234808,0.242659,22.3264,15.9313,2,2,2,30.0108,161.43,683.726,43.5063,293.629,-1821.92,38.8837,308.227,2329.91,2,0
A,71,.,.,.,ILE,CG2,566,68,72,9,67.418,9.185,83.265,1.92,0,0,0,0,0,2,0.35246,0.242659,33.1243,21.8296,2,2,2,30.0108,161.43,683.726,43.5063,293.629,-1821.92,38.8837,308.227,2329.91,2,0
A,71,.,.,.,ILE,CD1,567,68,70,9,68.5,8.088,85.997,1.92,0,0,0,0,0,2,0.446772,0.242659,32.7443,22.8808,2,2,2,30.0108,161.43,683.726,43.5063,293.629,-1821.92,38.8837,308.227,2329.91,2,0
A,72,.,.,.,VAL,N,568,69,158,19,68.555,12.048,82.031,1.7,0,0,0,0,0,2,0.245647,0.107954,12.5396,9.70113,2,2,2,30.3512,175.866,1019.44,43.5063,293.629,-1821.92,38.8837,308.227,2329.91,2,0
A,72,.,.,.,VAL,CA,569,69,154,19,69.614,12.256,81.034,1.9,0,0,0,0,0,2,0.136169,0.107954,15.6057,11.9997,2,2,2,30.3512,175.866,1019.44,43.5063,293.629,-1821.92,38.8837,308.227,2329.91,2,0
A,72,.,.,.,VAL,C,570,69,153,19,70.46,13.509,81.315,1.75,0,0,0,0,0,2,0.0856129,0.107954,10.7328,8.76475,2,2,2,30.3512,175.866,1019.44,43.5063,293.629,-1821.92,38.8837,308.227,2329.91,2,0
A,72,.,.,.,VAL,O,571,69,159,19,71.569,13.627,80.798,1.49,14.915,0.666793,0.334534,-0.665938,12.3667,1,0.0747486,0.107954,32.3236,9.32792,0.685957,0.686319,0.692041,30.3512,175.866,1019.44,43.5063,293.629,-1821.92,38.8837,308.227,2329.91,0.195342,0
A,72,.,.,.,VAL,CB,572,69,155,19,69.094,12.222,79.563,2.01,5.84067,0.428722,0.370978,-0.823755,5.12465,1,0.0526377,0.107954,25.1189,14.2759,0.725059,0.723093,0.743463,30.3512,175.866,1019.44,43.5063,293.629,-1821.92,38.8837,308.227,2329.91,0.293877,0
A,72,.,.,.,VAL,CG1,573,69,156,19,68.604,10.821,79.201,1.92,7.76523,-0.888502,-0.0899216,-0.449977,4.90415,1,0.109316,0.107954,51.0334,22.1539,0.706004,0.691324,2,30.3512,175.866,1019.44,43.5063,293.629,-1821.92,38.8837,308.227,2329.91,0.313773,0
A,72,.,.,.,VAL,CG2,574,69,157,19,68,13.24,79.322,1.92,33.8815,-0.381934,0.483747,-0.787474,23.3826,1,0.0515485,0.107954,69.0138,22.0872,0.624444,0.614263,0.526835,30.3512,175.866,1019.44,43.5063,293.629,-1821.92,38.8837,308.227,2329.91,0.134684,0
A,73,.,.,.,THR,N,575,70,126,16,69.954,14.418,82.148,1.7,0,0,0,0,0,2,0.120574,0.0956978,11.7241,9.66967,2,2,2,32.176,169.524,752.621,43.5063,293.629,-1821.92,38.8837,308.227,2329.91,2,0
A,73,.,.,.,THR,CA,576,70,123,16,70.736,15.565,82.622,1.9,1.15645,0.791253,0.294003,-0.536173,1.12746,1,0.116496,0.0956978,18.8407,12.2148,0.688346,0.690228,0.693256,32.176,169.524,752.621,43.5063,293.629,-1821.92,38.8837,308.227,2329.91,0.106391,0
A,73,.,.,.,THR,C,577,70,122,16,71.15,15.451,84.1,1.75,0.435149,-0.669831,0.392478,0.630307,0.837493,1,0.07899,0.0956978,12.2425,8.76173,0.123149,0.122028,0.118105,32.176,169.524,752.621,43.5063,293.629,-1821.92,38.8837,308.227,2329.91,0.0884898,0
A,73,.,.,.,THR,O,578,70,127,16,71.725,16.39,84.658,1.49,13.995,-0.118697,0.867141,0.483713,6.47144,1,0.102593,0.0956978,28.7972,9.24504,0.0172554,0.0171186,0.0165752,32.176,169.524,752.621,43.5063,293.629,-1821.92,38.8837,308.227,2329.91,0.0841161,0
A,73,.,.,.,THR,CB,579,70,124,16,69.985,16.9,82.404,2.01,16.1569,0.274166,0.913926,0.299287,0.729318,1,0.0519112,0.0956978,37.3213,16.855,0.0373936,0.0373027,0.0370879,32.176,169.524,752.621,43.5063,293.629,-1821.92,38.8837,308.227,2329.91,0.0918485,0
A,73,.,.,.,THR,OG1,580,70,128,16,68.689,16.834,82.999,1.54,17.2375,-0.531423,0.679363,0.506018,-1.02858,1,0.145463,0.0956978,34.4789,9.62332,0.0162245,0.0160722,0.0157206,32.176,169.524,752.621,43.5063,293.629,-1821.92,38.8837,308.227,2329.91,0.09722,0
A,73,.,.,.,THR,CG2,581,70,125,16,69.839,17.207,80.913,1.92,56.2907,0.0203297,0.656822,-0.753772,-9.28971,1,0.0538579,0.0956978,82.7508,22.3992,0.0583446,0.0583196,0.057978,32.176,169.524,752.621,43.5063,293.629,-1821.92,38.8837,308.227,2329.91,0.107447,0
A,74,.,.,.,TRP,N,582,71,140,17,70.883,14.311,84.733,1.7,0.0633958,-0.739869,0.546082,0.392923,0.120375,1,0.140453,0.243257,13.591,9.95758,0.570631,0.538913,2,30.9633,148.256,384.614,43.5063,293.629,-1821.92,38.8837,308.227,2329.91,0.0955888,0
A,74,.,.,.,TRP,CA,583,71,130,17,71.32,14.09,86.121,1.9,6.44336,-0.522392,0.744688,0.415386,10.2965,1,0.0362446,0.243257,22.8686,12.821,0.289738,0.285945,0.278139,30.9633,148.256,384.614,43.5063,293.629,-1821.92,38.8837,308.227,2329.91,0.0905543,0
A,74,.,.,.,TRP,C,584,71,129,17,72.832,13.874,86.177,1.75,0,0,0,0,0,2,0.152017,0.243257,9.77105,8.70894,2,2,2,30.9633,148.256,384.614,43.5063,293.629,-1821.92,38.8837,308.227,2329.91,2,0
A,74,.,.,.,TRP,O,585,71,142,17,73.398,13.092,85.407,1.49,0,0,0,0,0,2,0.180958,0.243257,14.1815,9.10302,2,2,2,30.9633,148.256,384.614,43.5063,293.629,-1821.92,38.8837,308.227,2329.91,2,0
A,74,.,.,.,TRP,CB,586,71,131,17,70.581,12.904,86.745,1.91,3.10191,-0.802662,0.555705,0.216623,2.63943,1,0.128656,0.243257,30.1277,17.8617,0.584298,0.538913,2,30.9633,148.256,384.614,43.5063,293.629,-1821.92,38.8837,308.227,2329.91,0.0916378,0
A,74,.,.,.,TRP,CG,587,71,136,17,71.067,12.527,88.103,1.74,0,0,0,0,0,2,0.189227,0.243257,6.94561,6.28736,2,2,2,30.9633,148.256,384.614,43.5063,293.629,-1821.92,38.8837,308.227,2329.91,2,0
A,74,.,.,.,TRP,CD1,588,71,132,17,70.832,13.187,89.273,1.82,22.6084,-0.456084,0.80915,0.37049,11.186,1,0.180978,0.243257,44.7369,15.7422,0.102425,0.10221,0.101358,30.9633,148.256,384.614,43.5063,293.629,-1821.92,38.8837,308.227,2329.91,0.0860737,0
A,74,.,.,.,TRP,CD2,589,71,133,17,71.887,11.408,88.432,1.82,0,0,0,0,0,2,0.243566,0.243257,11.5745,9.86649,2,2,2,30.9633,148.256,384.614,43.5063,293.629,-1821.92,38.8837,308.227,2329.91,2,0
A,74,.,.,.,TRP,NE1,590,71,141,17,71.443,12.533,90.315,1.66,18.7374,-0.118285,0.337016,0.934039,5.49453,1,0.317972,0.243257,32.4743,10.0738,0.11509,0.114949,0.113918,30.9633,148.256,384.614,43.5063,293.629,-1821.92,38.8837,308.227,2329.91,0.0865597,0
A,74,.,.,.,TRP,CE2,591,71,134,17,72.097,11.436,89.824,1.74,0,0,0,0,0,2,0.295337,0.243257,8.69611,7.57242,2,2,2,30.9633,148.256,384.614,43.5063,293.629,-1821.92,38.8837,308.227,2329.91,2,0
A,74,.,.,.,TRP,CE3,592,71,135,17,72.451,10.37,87.689,1.82,0,0,0,0,0,2,0.307128,0.243257,22.1955,14.0291,2,2,2,30.9633,148.256,384.614,43.5063,293.629,-1821.92,38.8837,308.227,2329.91,2,0
A,74,.,.,.,TRP,CZ2,593,71,138,17,72.858,10.475,90.481,1.82,1.66925,0.15762,0.605157,0.780347,0.646145,1,0.498397,0.243257,26.3244,14.6285,0.595525,0.588885,0.584844,30.9633,148.256,384.614,43.5063,293.629,-1821.92,38.8837,308.227,2329.91,0.0848894,0
A,74,.,.,.,TRP,CZ3,594,71,139,17,73.203,9.418,88.342,1.82,0,0,0,0,0,2,0.291508,0.243257,21.1676,14.0117,2,2,2,30.9633,148.256,384.614,43.5063,293.629,-1821.92,38.8837,308.227,2329.91,2,0
A,74,.,.,.,TRP,CH2,595,71,137,17,73.4,9.479,89.728,1.82,0,0,0,0,0,2,0.44315,0.243257,19.7953,13.8793,2,2,2,30.9633,148.256,384.614,43.5063,293.629,-1821.92,38.8837,308.227,2329.91,2,0
A,75,.,.,.,GLN,N,596,72,41,5,73.481,14.59,87.085,1.7,3.62699,-0.422741,0.752016,0.50573,5.3633,1,0.390617,0.261298,18.0074,9.89071,0.124101,0.12398,0.122554,30.9828,138.039,161.913,43.5063,293.629,-1821.92,38.8837,308.227,2329.91,0.0770942,0
A,75,.,.,.,GLN,CA,597,72,37,5,74.914,14.497,87.256,1.9,0,0,0,0,0,2,0.342846,0.261298,13.0998,11.9974,2,2,2,30.9828,138.039,161.913,43.5063,293.629,-1821.92,38.8837,308.227,2329.91,2,0
A,75,.,.,.,GLN,C,598,72,36,5,75.22,13.676,88.507,1.75,0,0,0,0,0,2,0.379208,0.261298,10.2938,8.70866,2,2,2,30.9828,138.039,161.913,43.5063,293.629,-1821.92,38.8837,308.227,2329.91,2,0
A,75,.,.,.,GLN,O,599,72,43,5,74.808,14.015,89.616,1.49,15.6301,-0.132969,0.590581,0.795948,4.92115,1,0.460083,0.261298,31.3043,9.25053,0.0993774,0.0992607,0.0980096,30.9828,138.039,161.913,43.5063,293.629,-1821.92,38.8837,308.227,2329.91,0.0806012,0
A,75,.,.,.,GLN,CB,600,72,38,5,75.524,15.893,87.328,1.91,20.9696,0.0563391,0.721681,0.68993,-0.632891,1,0.0819912,0.261298,45.2356,17.585,0.0543199,0.0542898,0.0538814,30.9828,138.039,161.913,43.5063,293.629,-1821.92,38.8837,308.227,2329.91,0.0766559,0
A,75,.,.,.,GLN,CG,601,72,40,5,75.346,16.697,86.037,1.8,26.2732,0.0659829,0.997199,0.0352267,-6.06685,1,0.0710134,0.261298,43.0455,13.9715,0.0745192,0.0744964,0.0742064,30.9828,138.039,161.913,43.5063,293.629,-1821.92,38.8837,308.227,2329.91,0.0867908,0
A,75,.,.,.,GLN,CD,602,72,39,5,75.748,15.914,84.785,1.81,6.58265,0.545531,0.724313,-0.421624,-1.90356,1,0.266947,0.261298,21.2928,11.6509,0.166247,0.166167,0.16468,30.9828,138.039,161.913,43.5063,293.629,-1821.92,38.8837,308.227,2329.91,0.0918132,0
A,75,.,.,.,GLN,OE1,603,72,44,5,76.803,15.274,84.75,1.52,16.7758,0.690548,-0.03235,-0.722563,-8.55521,1,0.23096,0.261298,34.9035,9.69795,0.379124,0.379013,0.375619,30.9828,138.039,161.913,43.5063,293.629,-1821.92,38.8837,308.227,2329.91,0.142685,0
A,75,.,.,.,GLN,NE2,604,72,42,5,74.906,15.961,83.753,1.62,23.7676,0.152741,0.453381,-0.878132,-12.7289,1,0.12802,0.261298,44.4952,12.8729,0.271929,0.271906,0.270764,30.9828,138.039,161.913,43.5063,293.629,-1821.92,38.8837,308.227,2329.91,0.108683,0
A,76,.,.,.,PRO,N,605,73,114,14,75.915,12.558,88.333,1.7,0,0,0,0,0,2,0.423064,0.370123,6.02224,5.4167,2,2,2,29.3576,123.105,-51.0427,42.9897,269.191,-1606.08,38.8837,308.227,2329.91,2,0
A,76,.,.,.,PRO,CA,606,73,110,14,76.256,11.771,89.53,1.9,0,0,0,0,0,2,0.572325,0.370123,14.6464,12.4638,2,2,2,29.3576,123.105,-51.0427,42.9897,269.191,-1606.08,38.8837,308.227,2329.91,2,0
A,76,.,.,.,PRO,C,607,73,109,14,77.371,12.422,90.344,1.75,0.536775,-0.304841,0.770775,0.559444,0.988536,1,0.33973,0.370123,11.82,8.77729,0.302309,0.302022,0.296259,29.3576,123.105,-51.0427,42.9897,269.191,-1606.08,38.8837,308.227,2329.91,0.106566,0
A,76,.,.,.,PRO,O,608,73,115,14,77.99,13.39,89.877,1.49,5.06317,-0.0283377,0.906026,0.422273,1.57529,1,0.187592,0.370123,19.5381,9.11504,0.295975,0.295672,0.290323,29.3576,123.105,-51.0427,42.9897,269.191,-1606.08,38.8837,308.227,2329.91,0.0984838,0
A,76,.,.,.,PRO,CB,609,73,111,14,76.707,10.427,88.96,1.91,0,0,0,0,-0,2,0.410519,0.370123,22.3419,16.5967,2,2,2,29.3576,123.105,-51.0427,42.9897,269.191,-1606.08,38.8837,308.227,2329.91,2,0
A,76,.,.,.,PRO,CG,610,73,113,14,76.932,10.636,87.499,1.92,6.93885,0.260703,-0.341438,-0.903025,-3.1396,1,0.341499,0.370123,36.8986,17.0435,0.821623,0.82317,2,29.3576,123.105,-51.0427,42.9897,269.191,-1606.08,38.8837,308.227,2329.91,0.420538,0
A,76,.,.,.,PRO,CD,611,73,112,14,76.399,11.955,87.078,1.92,2.71091,0.422492,-0.106413,-0.900098,0.547549,1,0.316129,0.370123,32.2322,18.1838,0.796862,0.797288,2,29.3576,123.105,-51.0427,42.9897,269.191,-1606.08,38.8837,308.227,2329.91,0.233359,0
A,77,.,.,.,PRO,N,612,74,114,14,77.637,11.906,91.555,1.7,1.00949,-0.570505,0.718578,0.397706,1.3301,1,0.495371,0.381732,7.45133,5.50181,0.26782,0.267551,0.264981,30.2142,116.286,-316.694,42.9897,269.191,-1606.08,38.8837,308.227,2329.91,0.108307,0
A,77,.,.,.,PRO,CA,613,74,110,14,78.825,12.347,92.303,1.9,11.976,-0.259966,0.882362,0.392243,6.55288,1,0.109168,0.381732,28.1375,13.0692,0.153958,0.153296,0.150454,30.2142,116.286,-316.694,42.9897,269.191,-1606.08,38.8837,308.227,2329.91,0.13166,0
A,77,.,.,.,PRO,C,614,74,109,14,80.111,12.235,91.485,1.75,0,0,0,0,0,2,0.334268,0.381732,9.98142,8.69262,2,2,2,30.2142,116.286,-316.694,42.9897,269.191,-1606.08,38.8837,308.227,2329.91,2,0
A,77,.,.,.,PRO,O,615,74,115,14,80.222,11.373,90.586,1.49,0,0,0,0,0,2,0.263624,0.381732,12.1581,9.16477,2,2,2,30.2142,116.286,-316.694,42.9897,269.191,-1606.08,38.8837,308.227,2329.91,2,0
A,77,.,.,.,PRO,CB,616,74,111,14,78.882,11.394,93.506,1.91,17.8819,0.253197,0.460464,0.850802,-5.8231,1,0.385677,0.381732,44.1094,16.8762,0.271728,0.27051,0.268129,30.2142,116.286,-316.694,42.9897,269.191,-1606.08,38.8837,308.227,2329.91,0.138702,0
A,77,.,.,.,PRO,CG,617,74,113,14,77.546,10.757,93.594,1.92,12.5892,-0.333138,0.525424,0.78291,-5.69618,1,0.518284,0.381732,38.1834,17.0803,0.217381,0.217002,0.216259,30.2142,116.286,-316.694,42.9897,269.191,-1606.08,38.8837,308.227,2329.91,0.132354,0
A,77,.,.,.,PRO,CD,618,74,112,14,76.919,10.812,92.234,1.92,3.9333,-0.671875,0.66888,0.318093,0.794448,1,0.565736,0.381732,30.4107,18.0589,0.284502,0.283959,0.282412,30.2142,116.286,-316.694,42.9897,269.191,-1606.08,38.8837,308.227,2329.91,0.109437,0
A,78,.,.,.,GLU,N,619,75,50,6,81.078,13.103,91.791,1.7,9.33516,-0.209893,0.814481,0.540894,11.9597,1,0.27875,0.505736,24.6993,10.1064,0.308839,0.305919,0.297973,30.9849,121.014,-344.019,42.9897,269.191,-1606.08,38.8837,308.227,2329.91,0.132731,0
A,78,.,.,.,GLU,CA,620,75,46,6,82.362,13.119,91.071,1.9,1.34042,-0.207373,0.826268,-0.523715,0.823476,1,0.149224,0.505736,21.0133,12.935,0.338965,0.327232,0.311013,30.9849,121.014,-344.019,42.9897,269.191,-1606.08,38.8837,308.227,2329.91,0.185665,0
A,78,.,.,.,GLU,C,621,75,45,6,82.995,11.726,90.953,1.75,0,0,0,0,0,2,0.480644,0.505736,9.35939,8.44346,2,2,2,30.9849,121.014,-344.019,42.9897,269.191,-1606.08,38.8837,308.227,2329.91,2,0
A,78,.,.,.,GLU,O,622,75,51,6,83.468,11.352,89.887,1.49,0,0,0,0,0,2,0.387202,0.505736,12.2883,9.07248,2,2,2,30.9849,121.014,-344.019,42.9897,269.191,-1606.08,38.8837,308.227,2329.91,2,0
A,78,.,.,.,GLU,CB,623,75,47,6,83.351,14.088,91.729,1.91,21.4524,-0.386585,0.66706,0.636854,-4.77968,1,0.402335,0.505736,45.1431,16.984,0.152444,0.149196,0.13198,30.9849,121.014,-344.019,42.9897,269.191,-1606.08,38.8837,308.227,2329.91,0.101161,0
A,78,.,.,.,GLU,CG,624,75,49,6,84.694,14.177,91.015,1.88,6.32463,-0.208497,0.49273,-0.844835,-2.44547,1,0.311176,0.505736,30.1294,16.6863,0.463645,0.453142,0.386816,30.9849,121.014,-344.019,42.9897,269.191,-1606.08,38.8837,308.227,2329.91,0.124143,0
A,78,.,.,.,GLU,CD,625,75,48,6,85.597,15.265,91.573,1.76,6.69628,0.581482,0.811179,-0.0621921,-2.90527,1,0.802121,0.505736,22.2612,10.6469,0.112686,0.112503,0.11103,30.9849,121.014,-344.019,42.9897,269.191,-1606.08,38.8837,308.227,2329.91,0.0935535,0
A,78,.,.,.,GLU,OE1,626,75,52,6,85.187,16.439,91.56,1.49,42.6558,-0.0935781,0.995579,-0.00811024,-28.2222,1,0.978075,0.505736,48.7556,9.40829,0.0884254,0.0883125,0.0870058,30.9849,121.014,-344.019,42.9897,269.191,-1606.08,38.8837,308.227,2329.91,0.0865291,0
A,78,.,.,.,GLU,OE2,627,75,52,6,86.728,14.96,92.003,1.49,19.4105,0.718887,0.613808,0.326254,-12.8425,1,0.762094,0.505736,31.8786,9.35425,0.149995,0.14992,0.147535,30.9849,121.014,-344.019,42.9897,269.191,-1606.08,38.8837,308.227,2329.91,0.0906849,0
A,79,.,.,.,VAL,N,628,76,158,19,83,10.954,92.036,1.7,1.25926,-0.130027,0.401101,0.906758,2.49855,1,0.234741,0.257992,16.0774,9.8851,0.818501,0.828314,2,29.3138,115.38,-350.188,43.6453,284.752,-893.942,46.9772,360.792,-2870.07,0.129746,0
A,79,.,.,.,VAL,CA,629,76,154,19,83.674,9.664,92.016,1.9,0,0,0,0,0,2,0.320048,0.257992,16.6647,11.9173,2,2,2,29.3138,115.38,-350.188,43.6453,284.752,-893.942,46.9772,360.792,-2870.07,2,0
A,79,.,.,.,VAL,C,630,76,153,19,83.039,8.731,90.981,1.75,0,0,0,0,0,2,0.38239,0.257992,9.58658,8.54064,2,2,2,29.3138,115.38,-350.188,43.6453,284.752,-893.942,46.9772,360.792,-2870.07,2,0
A,79,.,.,.,VAL,O,631,76,159,19,83.748,7.979,90.332,1.49,0,0,0,0,0,2,0.28968,0.257992,12.9976,9.17722,2,2,2,29.3138,115.38,-350.188,43.6453,284.752,-893.942,46.9772,360.792,-2870.07,2,0
A,79,.,.,.,VAL,CB,632,76,155,19,83.764,8.994,93.418,2.01,1.65827,-0.215626,0.680562,0.700243,1.45498,1,0.120033,0.257992,20.6814,14.3518,0.815865,0.828314,2,29.3138,115.38,-350.188,43.6453,284.752,-893.942,46.9772,360.792,-2870.07,0.128485,0
A,79,.,.,.,VAL,CG1,633,76,156,19,82.4,8.482,93.892,1.92,1.56037,-0.0844139,0.826474,0.55661,0.985457,1,0.203823,0.257992,38.3436,22.0268,0.815865,0.828314,2,29.3138,115.38,-350.188,43.6453,284.752,-893.942,46.9772,360.792,-2870.07,0.148398,0
A,79,.,.,.,VAL,CG2,634,76,157,19,84.782,7.855,93.383,1.92,0,0,0,0,0,2,0.255231,0.257992,32.0915,22.0469,2,2,2,29.3138,115.38,-350.188,43.6453,284.752,-893.942,46.9772,360.792,-2870.07,2,0
A,80,.,.,.,ILE,N,635,77,73,9,81.712,8.788,90.838,1.7,0,0,0,0,0,2,0.279727,0.257057,11.1901,9.60825,2,2,2,27.5991,113.926,-154.385,43.5063,293.629,-1821.92,38.8837,308.227,2329.91,2,0
A,80,.,.,.,ILE,CA,636,77,68,9,80.996,7.984,89.836,1.9,0,0,0,0,0,3,0.359023,0.257057,14.6062,12.0638,2,2,2,27.5991,113.926,-154.385,43.5063,293.629,-1821.92,38.8837,308.227,2329.91,2,0
A,80,.,.,.,ILE,C,637,77,67,9,81.263,8.519,88.404,1.75,0,0,0,0,0,2,0.115604,0.257057,9.75767,8.62414,2,2,2,27.5991,113.926,-154.385,43.5063,293.629,-1821.92,38.8837,308.227,2329.91,2,0
A,80,.,.,.,ILE,O,638,77,74,9,81.543,7.736,87.492,1.49,1.92529,-0.568007,0.00481091,-0.82301,1.82553,1,0.182456,0.257057,17.5423,9.12881,0.850008,0.864503,2,27.5991,113.926,-154.385,43.5063,293.629,-1821.92,38.8837,308.227,2329.91,0.646533,0
A,80,.,.,.,ILE,CB,639,77,69,9,79.489,7.883,90.181,2.01,0,0,0,0,0,2,0.244365,0.257057,16.908,14.1478,2,2,2,27.5991,113.926,-154.385,43.5063,293.629,-1821.92,38.8837,308.227,2329.91,2,0
A,80,.,.,.,ILE,CG1,640,77,71,9,79.304,6.987,91.427,1.92,0,0,0,0,0,2,0.309457,0.257057,27.026,16.08,2,2,2,27.5991,113.926,-154.385,43.5063,293.629,-1821.92,38.8837,308.227,2329.91,2,0
A,80,.,.,.,ILE,CG2,641,77,72,9,78.666,7.337,89.011,1.92,0.280695,0.10385,0.257682,-0.960633,0.227321,1,0.271208,0.257057,33.3489,21.8021,0.825436,2,2,27.5991,113.926,-154.385,43.5063,293.629,-1821.92,38.8837,308.227,2329.91,0.631018,0
A,80,.,.,.,ILE,CD1,642,77,70,9,77.881,6.937,91.943,1.92,0,0,0,0,0,2,0.294614,0.257057,34.1148,22.7735,2,2,2,27.5991,113.926,-154.385,43.5063,293.629,-1821.92,38.8837,308.227,2329.91,2,0
A,81,.,.,.,GLN,N,643,78,41,5,81.212,9.842,88.22,1.7,0,0,0,0,0,2,0.390876,0.26995,12.1848,10.0242,2,2,2,28.8867,127.134,-18.7009,43.5063,293.629,-1821.92,38.8837,308.227,2329.91,2,0
A,81,.,.,.,GLN,CA,644,78,37,5,81.569,10.448,86.922,1.9,6.87278,-0.54944,-0.267315,-0.791617,5.23222,1,0.241036,0.26995,24.4962,12.9176,0.837846,0.840589,2,28.8867,127.134,-18.7009,43.5063,293.629,-1821.92,38.8837,308.227,2329.91,0.529392,0
A,81,.,.,.,GLN,C,645,78,36,5,82.964,10.027,86.461,1.75,0.00334469,0.269319,0.766691,-0.582797,0.0059463,1,0.111747,0.26995,10.8669,8.64063,0.830478,0.832182,2,28.8867,127.134,-18.7009,43.5063,293.629,-1821.92,38.8837,308.227,2329.91,0.447525,0
A,81,.,.,.,GLN,O,646,78,43,5,83.162,9.695,85.291,1.49,18.1312,-0.252748,0.249678,-0.934762,5.70862,1,0.240738,0.26995,34.8995,9.31994,0.832567,0.835467,2,28.8867,127.134,-18.7009,43.5063,293.629,-1821.92,38.8837,308.227,2329.91,0.507427,0
A,81,.,.,.,GLN,CB,647,78,38,5,81.497,11.979,86.968,1.91,7.5022,0.340235,0.371952,-0.86365,-0.226426,1,0.07763,0.26995,35.7827,17.3515,0.833591,0.835662,2,28.8867,127.134,-18.7009,43.5063,293.629,-1821.92,38.8837,308.227,2329.91,0.382027,0
A,81,.,.,.,GLN,CG,648,78,40,5,80.095,12.51,87.136,1.8,3.11277,-0.293001,-0.222306,-0.929909,-0.718781,1,0.253437,0.26995,22.4688,13.792,0.842084,0.844421,2,28.8867,127.134,-18.7009,43.5063,293.629,-1821.92,38.8837,308.227,2329.91,0.359416,0
A,81,.,.,.,GLN,CD,649,78,39,5,80.005,14.006,86.906,1.81,2.39756,0.771723,0.568644,0.284758,-0.693323,1,0.404595,0.26995,20.5579,11.7767,0.408053,0.407186,0.401268,28.8867,127.134,-18.7009,43.5063,293.629,-1821.92,38.8837,308.227,2329.91,0.241994,0
A,81,.,.,.,GLN,OE1,650,78,44,5,80.628,14.538,85.989,1.52,36.3742,0.501447,0.576773,-0.64489,-18.5499,1,0.528747,0.26995,46.4175,9.6495,0.421949,0.421271,0.415872,28.8867,127.134,-18.7009,43.5063,293.629,-1821.92,38.8837,308.227,2329.91,0.244333,0
A,81,.,.,.,GLN,NE2,651,78,42,5,79.227,14.688,87.732,1.62,15.989,0.21705,0.91045,0.352094,-8.56299,1,0.180744,0.26995,36.6317,12.6945,0.389292,0.388552,0.387552,28.8867,127.134,-18.7009,43.5063,293.629,-1821.92,38.8837,308.227,2329.91,0.134171,0
A,82,.,.,.,LEU,N,652,79,81,10,83.924,10.004,87.379,1.7,0,0,0,0,0,2,0.128037,0.137935,11.2592,9.77161,2,2,2,29.3618,125.641,-128.968,43.5063,293.629,-1821.92,38.8837,308.227,2329.91,2,0
A,82,.,.,.,LEU,CA,653,79,76,10,85.31,9.699,87.005,1.9,0.410945,0.289569,0.170199,-0.941903,0.813881,1,0.105799,0.137935,17.1875,12.557,0.751615,0.773198,2,29.3618,125.641,-128.968,43.5063,293.629,-1821.92,38.8837,308.227,2329.91,0.45611,0
A,82,.,.,.,LEU,C,654,79,75,10,85.684,8.216,86.953,1.75,0,0,0,0,0,2,0.169673,0.137935,10.6746,8.7889,2,2,2,29.3618,125.641,-128.968,43.5063,293.629,-1821.92,38.8837,308.227,2329.91,2,0
A,82,.,.,.,LEU,O,655,79,82,10,86.534,7.844,86.135,1.49,10.2775,0.839464,0.203829,-0.50374,7.88196,1,0.171976,0.137935,27.7811,9.30383,0.757426,0.767478,2,29.3618,125.641,-128.968,43.5063,293.629,-1821.92,38.8837,308.227,2329.91,0.316286,0
A,82,.,.,.,LEU,CB,656,79,77,10,86.281,10.439,87.914,1.91,1.8687,0.907321,-0.129126,-0.400118,1.90258,1,0.212315,0.137935,24.67,15.5492,0.721979,0.73774,2,29.3618,125.641,-128.968,43.5063,293.629,-1821.92,38.8837,308.227,2329.91,0.26901,0
A,82,.,.,.,LEU,CG,657,79,80,10,86.236,11.971,87.831,2.01,1.03827,-0.537661,0.839981,-0.0731608,1.40999,1,0.0185939,0.137935,20.5926,14.1342,0.409934,0.409177,0.406825,29.3618,125.641,-128.968,43.5063,293.629,-1821.92,38.8837,308.227,2329.91,0.32368,0
A,82,.,.,.,LEU,CD1,658,79,78,10,87.157,12.535,88.9,1.92,19.0308,0.807234,0.563931,-0.174224,12.9595,1,0.282367,0.137935,54.3458,22.084,0.298149,0.297896,0.297405,29.3618,125.641,-128.968,43.5063,293.629,-1821.92,38.8837,308.227,2329.91,0.15934,0
A,82,.,.,.,LEU,CD2,659,79,79,10,86.622,12.473,86.449,1.92,57.8928,0.315168,0.501723,-0.80557,30.709,1,0.0147205,0.137935,82.6661,22.1065,0.374869,0.374665,0.372211,29.3618,125.641,-128.968,43.5063,293.629,-1821.92,38.8837,308.227,2329.91,0.380383,0
A,83,.,.,.,TYR,N,660,80,150,18,85.074,7.369,87.789,1.7,0,0,0,0,0,2,0.15224,0.303052,12.0554,9.91159,2,2,2,27.5762,116.487,-92.6395,43.6453,284.752,-893.942,46.9772,360.792,-2870.07,2,0
A,83,.,.,.,TYR,CA,661,80,144,18,85.534,5.984,87.93,1.9,0,0,0,0,0,2,0.252255,0.303052,16.9276,12.9621,2,2,2,27.5762,116.487,-92.6395,43.6453,284.752,-893.942,46.9772,360.792,-2870.07,2,0
A,83,.,.,.,TYR,C,662,80,143,18,84.491,4.88,87.655,1.75,0,0,0,0,0,2,0.451815,0.303052,10.9412,8.81702,2,2,2,27.5762,116.487,-92.6395,43.6453,284.752,-893.942,46.9772,360.792,-2870.07,2,0
A,83,.,.,.,TYR,O,663,80,151,18,84.845,3.713,87.621,1.49,0.0213902,0.358165,-0.420065,0.833824,0.0176576,1,0.364189,0.303052,17.9714,9.21355,0.996383,2,2,27.5762,116.487,-92.6395,43.6453,284.752,-893.942,46.9772,360.792,-2870.07,2,0
A,83,.,.,.,TYR,CB,664,80,145,18,86.173,5.777,89.314,1.91,0.0083333,-0.0696611,-0.972547,0.222034,0.00764657,1,0.262927,0.303052,26.15,17.8039,0.996383,2,2,27.5762,116.487,-92.6395,43.6453,284.752,-893.942,46.9772,360.792,-2870.07,2,0
A,83,.,.,.,TYR,CG,665,80,148,18,87.395,6.656,89.525,1.74,0,0,0,0,0,2,0.248641,0.303052,7.19743,6.328,2,2,2,27.5762,116.487,-92.6395,43.6453,284.752,-893.942,46.9772,360.792,-2870.07,2,0
A,83,.,.,.,TYR,CD1,666,80,146,18,88.629,6.302,88.985,1.82,0.0505138,0.231545,0.195491,-0.95298,0.0382303,1,0.154857,0.303052,24.2786,14.3546,0.54876,0.546924,0.49957,27.5762,116.487,-92.6395,43.6453,284.752,-893.942,46.9772,360.792,-2870.07,0.191081,0
A,83,.,.,.,TYR,CD2,667,80,146,18,87.31,7.85,90.233,1.82,0,0,0,0,0,2,0.243842,0.303052,20.8473,14.4265,2,2,2,27.5762,116.487,-92.6395,43.6453,284.752,-893.942,46.9772,360.792,-2870.07,2,0
A,83,.,.,.,TYR,CE1,668,80,147,18,89.741,7.094,89.149,1.82,17.519,0.695055,0.017167,-0.718752,6.24368,1,0.0904904,0.303052,39.5762,14.098,0.47808,0.477458,0.472093,27.5762,116.487,-92.6395,43.6453,284.752,-893.942,46.9772,360.792,-2870.07,0.137997,0
A,83,.,.,.,TYR,CE2,669,80,147,18,88.432,8.663,90.398,1.82,0,0,0,0,0,2,0.490103,0.303052,22.1679,14.2339,2,2,2,27.5762,116.487,-92.6395,43.6453,284.752,-893.942,46.9772,360.792,-2870.07,2,0
A,83,.,.,.,TYR,CZ,670,80,149,18,89.64,8.272,89.85,1.8,1.48717,0.0961189,0.505096,-0.857694,1.21905,1,0.398065,0.303052,14.0476,9.51111,0.494414,0.493894,0.490662,27.5762,116.487,-92.6395,43.6453,284.752,-893.942,46.9772,360.792,-2870.07,0.124387,0
A,83,.,.,.,TYR,OH,671,80,152,18,90.766,9.035,90.009,1.54,26.4059,0.697758,0.548401,-0.460858,-2.88126,1,0.527198,0.303052,42.0428,10.9062,0.30339,0.303184,0.302044,27.5762,116.487,-92.6395,43.6453,284.752,-893.942,46.9772,360.792,-2870.07,0.107804,0
A,84,.,.,.,ASP,N,672,81,27,3,83.227,5.236,87.449,1.7,0,0,0,0,0,2,0.494908,0.649552,14.039,9.99958,2,2,2,25.9421,110.969,69.3664,43.5063,293.629,-1821.92,38.8837,308.227,2329.91,2,0
A,84,.,.,.,ASP,CA,673,81,24,3,82.196,4.237,87.149,1.9,0,0,0,0,0,2,0.808624,0.649552,14.3825,12.6987,2,2,2,25.9421,110.969,69.3664,43.5063,293.629,-1821.92,38.8837,308.227,2329.91,2,0
A,84,.,.,.,ASP,C,674,81,23,3,82.207,4.015,85.631,1.75,0,0,0,0,0,2,0.469832,0.649552,10.178,8.79907,2,2,2,25.9421,110.969,69.3664,43.5063,293.629,-1821.92,38.8837,308.227,2329.91,2,0
A,84,.,.,.,ASP,O,675,81,28,3,81.85,4.889,84.836,1.49,5.10148,-0.417659,0.75411,-0.506832,1.41335,1,0.215153,0.649552,25.1533,9.36121,0.883105,0.894535,2,25.9421,110.969,69.3664,43.5063,293.629,-1821.92,38.8837,308.227,2329.91,0.684435,0
A,84,.,.,.,ASP,CB,676,81,25,3,80.822,4.665,87.68,1.91,0,0,0,0,-0,2,0.806875,0.649552,24.5567,18.0052,2,2,2,25.9421,110.969,69.3664,43.5063,293.629,-1821.92,38.8837,308.227,2329.91,2,0
A,84,.,.,.,ASP,CG,677,81,26,3,79.874,3.484,87.905,1.76,0,0,0,0,-0,2,0.80221,0.649552,13.0326,10.5581,2,2,2,25.9421,110.969,69.3664,43.5063,293.629,-1821.92,38.8837,308.227,2329.91,2,0
A,84,.,.,.,ASP,OD1,678,81,29,3,79.981,2.464,87.189,1.49,0.0347252,0.150299,-0.765535,-0.625593,-0.0176106,1,0.726071,0.649552,14.1126,9.1476,0.981088,2,2,25.9421,110.969,69.3664,43.5063,293.629,-1821.92,38.8837,308.227,2329.91,2,1
A,84,.,.,.,ASP,OD2,679,81,29,3,79.011,3.577,88.811,1.49,0,0,0,0,-0,2,0.872743,0.649552,17.9982,9.39025,2,2,2,25.9421,110.969,69.3664,43.5063,293.629,-1821.92,38.8837,308.227,2329.91,2,0
A,85,.,.,.,SER,N,680,82,119,15,82.67,2.846,85.243,1.7,0,0,0,0,0,2,0.44085,0.518011,12.923,9.92082,2,2,2,25.6549,117.581,253.306,47.5993,346.545,-2863.08,38.8837,308.227,2329.91,2,0
A,85,.,.,.,SER,CA,681,82,117,15,83.078,2.583,83.858,1.9,0,0,0,0,0,2,0.343077,0.518011,14.7159,12.9146,2,2,2,25.6549,117.581,253.306,47.5993,346.545,-2863.08,38.8837,308.227,2329.91,2,0
A,85,.,.,.,SER,C,682,82,116,15,81.94,2.393,82.852,1.75,0.00939573,-0.530951,0.83252,-0.158119,0.0163154,1,0.423099,0.518011,12.0081,8.79266,0.945505,2,2,25.6549,117.581,253.306,47.5993,346.545,-2863.08,38.8837,308.227,2329.91,2,0
A,85,.,.,.,SER,O,683,82,120,15,80.77,2.21,83.202,1.49,1.5847,-0.421399,-0.815852,0.395989,0.477236,1,0.698908,0.518011,20.2859,9.06967,0.964992,2,2,25.6549,117.581,253.306,47.5993,346.545,-2863.08,38.8837,308.227,2329.91,2,1
A,85,.,.,.,SER,CB,684,82,118,15,83.965,1.346,83.829,1.91,0,0,0,0,-0,2,0.429334,0.518011,27.4537,19.222,2,2,2,25.6549,117.581,253.306,47.5993,346.545,-2863.08,38.8837,308.227,2329.91,2,0
A,85,.,.,.,SER,OG,685,82,121,15,83.173,0.206,84.072,1.54,0.872919,-0.920131,-0.23692,0.311813,-0.125903,1,0.772796,0.518011,21.4066,10.1887,0.981088,2,2,25.6549,117.581,253.306,47.5993,346.545,-2863.08,38.8837,308.227,2329.91,2,1
A,86,.,.,.,GLY,N,686,83,55,7,82.32,2.401,81.585,1.7,0,0,0,0,0,2,0.482834,0.682853,12.0745,9.69961,2,2,2,25.616,130.758,555.615,47.5993,346.545,-2863.08,38.8837,308.227,2329.91,2,0
A,86,.,.,.,GLY,CA,687,83,54,7,81.402,2.14,80.5,1.9,0,0,0,0,-0,2,0.935034,0.682853,27.4993,18.6811,2,2,2,25.616,130.758,555.615,47.5993,346.545,-2863.08,38.8837,308.227,2329.91,2,0
A,86,.,.,.,GLY,C,688,83,53,7,81.222,3.327,79.572,1.75,0.522402,-0.695777,0.541611,0.471755,0.579903,1,0.808232,0.682853,12.866,8.87265,0.868715,0.887936,2,25.616,130.758,555.615,47.5993,346.545,-2863.08,38.8837,308.227,2329.91,0.787085,0
A,86,.,.,.,GLY,O,689,83,56,7,81.663,4.444,79.863,1.49,9.39858,-0.51519,0.771043,0.374261,1.37864,1,0.505311,0.682853,24.1302,9.22954,0.862689,0.875955,2,25.616,130.758,555.615,47.5993,346.545,-2863.08,38.8837,308.227,2329.91,0.745498,0
A,87,.,.,.,GLY,N,690,84,55,7,80.61,3.076,78.421,1.7,0,0,0,0,0,2,0.934011,0.921897,13.3006,10.042,2,2,2,26.7948,154.159,849.901,47.5993,346.545,-2863.08,38.8837,308.227,2329.91,2,0
A,87,.,.,.,GLY,CA,691,84,54,7,80.176,4.169,77.572,1.9,6.9459,-0.404057,0.777241,0.482322,-0.203486,1,0.867337,0.921897,33.6983,18.6879,0.881425,0.899692,2,26.7948,154.159,849.901,47.5993,346.545,-2863.08,38.8837,308.227,2329.91,0.709495,0
A,87,.,.,.,GLY,C,692,84,53,7,79.507,3.734,76.29,1.75,0,0,0,0,0,2,0.934523,0.921897,10.6581,8.80686,2,2,2,26.7948,154.159,849.901,47.5993,346.545,-2863.08,38.8837,308.227,2329.91,2,0
A,87,.,.,.,GLY,O,693,84,56,7,79.697,2.605,75.822,1.49,0,0,0,0,0,2,0.95172,0.921897,14.9886,9.22554,2,2,2,26.7948,154.159,849.901,47.5993,346.545,-2863.08,38.8837,308.227,2329.91,2,0
A,88,.,.,.,LEU,N,694,85,81,10,78.713,4.646,75.728,1.7,2.14074,-0.00433864,0.954697,0.297549,4.33944,1,0.74096,0.583921,16.9587,9.9151,0.740436,0.745986,2,27.66,177.309,1240.88,47.5993,346.545,-2863.08,38.8837,308.227,2329.91,0.673432,0
A,88,.,.,.,LEU,CA,695,85,76,10,78.086,4.425,74.434,1.9,0,0,0,0,0,2,0.843637,0.583921,15.058,12.7357,2,2,2,27.66,177.309,1240.88,47.5993,346.545,-2863.08,38.8837,308.227,2329.91,2,0
A,88,.,.,.,LEU,C,696,85,75,10,79.099,4.754,73.352,1.75,0.497256,-0.445441,0.535251,-0.717697,1.05933,1,0.686012,0.583921,11.4735,8.56139,0.796075,0.751795,2,27.66,177.309,1240.88,47.5993,346.545,-2863.08,38.8837,308.227,2329.91,0.655369,0
A,88,.,.,.,LEU,O,697,85,82,10,79.698,5.822,73.352,1.49,6.25903,-0.397428,0.913389,-0.0881551,4.80012,1,0.341986,0.583921,23.3152,9.23977,0.760709,0.746627,2,27.66,177.309,1240.88,47.5993,346.545,-2863.08,38.8837,308.227,2329.91,0.553869,0
A,88,.,.,.,LEU,CB,698,85,77,10,76.869,5.327,74.252,1.91,15.4616,0.0545951,0.854744,-0.516171,15.742,1,0.573394,0.583921,37.3429,15.4016,0.758088,0.734941,2,27.66,177.309,1240.88,47.5993,346.545,-2863.08,38.8837,308.227,2329.91,0.633338,0
A,88,.,.,.,LEU,CG,699,85,80,10,75.552,5.01,74.968,2.01,0,0,0,0,0,2,0.753631,0.583921,18.3523,14.2459,2,2,2,27.66,177.309,1240.88,47.5993,346.545,-2863.08,38.8837,308.227,2329.91,2,0
A,88,.,.,.,LEU,CD1,700,85,78,10,75.56,5.48,76.429,1.92,10.0104,0.525927,0.783044,0.332027,6.81688,1,0.472492,0.583921,49.1807,22.2437,0.734258,0.735731,2,27.66,177.309,1240.88,47.5993,346.545,-2863.08,38.8837,308.227,2329.91,0.588956,0
A,88,.,.,.,LEU,CD2,701,85,79,10,74.393,5.65,74.217,1.92,10.8657,0.155524,0.951391,-0.265833,5.76365,1,0.259254,0.583921,50.8942,22.0643,0.764308,0.736427,2,27.66,177.309,1240.88,47.5993,346.545,-2863.08,38.8837,308.227,2329.91,0.484689,0
A,89,.,.,.,CYS,N,702,86,33,4,79.289,3.852,72.408,1.7,0.73777,-0.775898,0.358323,-0.519218,1.42608,1,0.767939,0.661239,16.1998,10.0258,0.925436,2,2,29.1109,193.93,1152.93,47.5993,346.545,-2863.08,38.8837,308.227,2329.91,0.655493,0
A,89,.,.,.,CYS,CA,703,86,31,4,80.234,4.115,71.323,1.9,1.79096,-0.622989,0.741625,-0.248749,2.81383,1,0.247931,0.661239,19.4098,12.7686,0.92025,2,2,29.1109,193.93,1152.93,47.5993,346.545,-2863.08,38.8837,308.227,2329.91,0.524578,0
A,89,.,.,.,CYS,C,704,86,30,4,79.917,3.241,70.115,1.75,0,0,0,0,0,2,0.805177,0.661239,10.8946,8.75886,2,2,2,29.1109,193.93,1152.93,47.5993,346.545,-2863.08,38.8837,308.227,2329.91,2,0
A,89,.,.,.,CYS,O,705,86,34,4,80.007,2.013,70.194,1.49,0.0604327,0.3197,-0.840277,-0.437866,0.0470407,1,0.911694,0.661239,17.6001,9.33665,1,2,2,29.1109,193.93,1152.93,47.5993,346.545,-2863.08,38.8837,308.227,2329.91,2,0
A,89,.,.,.,CYS,CB,706,86,32,4,81.668,3.851,71.803,1.91,0,0,0,0,0,2,0.767558,0.661239,25.566,18.1944,2,2,2,29.1109,193.93,1152.93,47.5993,346.545,-2863.08,38.8837,308.227,2329.91,2,0
A,89,.,.,.,CYS,SG,707,86,35,4,82.938,4.269,70.59,1.88,0,0,0,0,0,2,0.467135,0.661239,38.4842,22.9846,2,2,2,29.1109,193.93,1152.93,47.5993,346.545,-2863.08,38.8837,308.227,2329.91,2,0
A,90,.,.,.,GLY,N,708,87,55,7,79.524,3.881,69.01,1.7,6.03444,-0.452766,0.891049,0.0321531,5.36977,1,0.621223,0.802437,25.5274,10.1633,0.916326,2,2,30.508,215.479,1330.1,47.5993,346.545,-2863.08,38.8837,308.227,2329.91,0.375505,0
A,90,.,.,.,GLY,CA,709,87,54,7,79.266,3.183,67.757,1.9,2.25957,0.248791,0.905259,-0.344398,-0.0661959,1,0.868525,0.802437,32.7304,18.8701,0.89424,0.750141,2,30.508,215.479,1330.1,47.5993,346.545,-2863.08,38.8837,308.227,2329.91,0.363008,0
A,90,.,.,.,GLY,C,710,87,53,7,77.899,2.54,67.643,1.75,0,0,0,0,0,2,0.872378,0.802437,10.6528,8.90942,2,2,2,30.508,215.479,1330.1,47.5993,346.545,-2863.08,38.8837,308.227,2329.91,2,0
A,90,.,.,.,GLY,O,711,87,56,7,77.087,2.569,68.577,1.49,1.90832,-0.272913,0.745374,0.608223,0.279924,1,0.847622,0.802437,18.7552,9.31988,0.963648,2,2,30.508,215.479,1330.1,47.5993,346.545,-2863.08,38.8837,308.227,2329.91,0.52512,0
A,91,.,.,.,TYR,N,712,88,150,18,77.661,1.955,66.472,1.7,0,0,0,0,0,2,0.646936,0.339661,12.8797,9.76211,2,2,2,30.7364,226.312,1623.13,47.5993,346.545,-2863.08,38.8837,308.227,2329.91,2,0
A,91,.,.,.,TYR,CA,713,88,144,18,76.389,1.319,66.117,1.9,0,0,0,0,0,2,0.575045,0.339661,14.5094,12.8585,2,2,2,30.7364,226.312,1623.13,47.5993,346.545,-2863.08,38.8837,308.227,2329.91,2,0
A,91,.,.,.,TYR,C,714,88,143,18,76.709,0.039,65.386,1.75,0,0,0,0,0,2,0.478664,0.339661,10.4131,8.64617,2,2,2,30.7364,226.312,1623.13,47.5993,346.545,-2863.08,38.8837,308.227,2329.91,2,0
A,91,.,.,.,TYR,O,715,88,151,18,77.707,-0.027,64.664,1.49,0.488096,-0.037916,0.0412404,-0.99843,0.402923,1,0.139951,0.339661,18.2711,9.29238,0.759072,0.748667,2,30.7364,226.312,1623.13,47.5993,346.545,-2863.08,38.8837,308.227,2329.91,0.0801307,0
A,91,.,.,.,TYR,CB,716,88,145,18,75.542,2.243,65.206,1.91,5.97809,0.026956,0.197578,-0.979916,5.48544,1,0.135395,0.339661,33.6941,17.8145,0.754105,0.758409,2,30.7364,226.312,1623.13,47.5993,346.545,-2863.08,38.8837,308.227,2329.91,0.156626,0
A,91,.,.,.,TYR,CG,717,88,148,18,75.333,3.623,65.785,1.74,0,0,0,0,0,2,0.283331,0.339661,7.439,6.23033,2,2,2,30.7364,226.312,1623.13,47.5993,346.545,-2863.08,38.8837,308.227,2329.91,2,0
A,91,.,.,.,TYR,CD1,718,88,146,18,76.261,4.624,65.573,1.82,6.43019,-0.102509,0.273022,-0.956531,4.86655,1,0.328891,0.339661,28.3076,14.1522,0.697394,0.687239,0.595468,30.7364,226.312,1623.13,47.5993,346.545,-2863.08,38.8837,308.227,2329.91,0.198856,0
A,91,.,.,.,TYR,CD2,719,88,146,18,74.236,3.903,66.577,1.82,0,0,0,0,0,2,0.248059,0.339661,19.2341,14.3753,2,2,2,30.7364,226.312,1623.13,47.5993,346.545,-2863.08,38.8837,308.227,2329.91,2,0
A,91,.,.,.,TYR,CE1,720,88,147,18,76.097,5.879,66.11,1.82,25.7932,0.546652,0.744503,-0.383259,9.19254,1,0.3516,0.339661,45.8846,14.1277,0.727939,0.675236,0.595468,30.7364,226.312,1623.13,47.5993,346.545,-2863.08,38.8837,308.227,2329.91,0.337072,0
A,91,.,.,.,TYR,CE2,721,88,147,18,74.059,5.157,67.133,1.82,0.406977,0.474116,-0.0177194,0.880284,0.145044,1,0.330036,0.339661,22.0362,14.1292,0.947332,2,2,30.7364,226.312,1623.13,47.5993,346.545,-2863.08,38.8837,308.227,2329.91,0.505417,0
A,91,.,.,.,TYR,CZ,722,88,149,18,74.99,6.145,66.889,1.8,2.74899,0.49144,-0.0103157,0.87085,2.25338,1,0.387901,0.339661,17.2599,9.72499,0.729215,0.677813,0.595468,30.7364,226.312,1623.13,47.5993,346.545,-2863.08,38.8837,308.227,2329.91,0.359149,0
A,91,.,.,.,TYR,OH,723,88,152,18,74.822,7.391,67.43,1.54,20.8376,0.621734,0.7518,0.219642,-2.27368,1,0.170118,0.339661,37.3893,10.4936,0.696105,0.635298,0.592909,30.7364,226.312,1623.13,47.5993,346.545,-2863.08,38.8837,308.227,2329.91,0.188749,0
A,92,.,.,.,ASP,N,724,89,27,3,75.858,-0.969,65.55,1.7,0,0,0,0,0,2,0.598713,0.565799,12.1148,9.82715,2,2,2,30.8873,222.07,1547.51,47.5993,346.545,-2863.08,38.8837,308.227,2329.91,2,0
A,92,.,.,.,ASP,CA,725,89,24,3,76.069,-2.256,64.897,1.9,0,0,0,0,0,2,0.722252,0.565799,16.526,12.8829,2,2,2,30.8873,222.07,1547.51,47.5993,346.545,-2863.08,38.8837,308.227,2329.91,2,0
A,92,.,.,.,ASP,C,726,89,23,3,75.596,-2.172,63.438,1.75,0.324287,0.747447,0.381887,-0.543586,0.55659,1,0.0747641,0.565799,11.5173,8.63886,0.752316,0.743828,2,30.8873,222.07,1547.51,47.5993,346.545,-2863.08,38.8837,308.227,2329.91,0.0549188,0
A,92,.,.,.,ASP,O,727,89,28,3,75.192,-1.088,62.966,1.49,6.86909,0.382015,0.641007,-0.665714,1.90306,1,0.276992,0.565799,21.3849,9.1406,0.75944,0.756776,2,30.8873,222.07,1547.51,47.5993,346.545,-2863.08,38.8837,308.227,2329.91,0.0784944,0
A,92,.,.,.,ASP,CB,728,89,25,3,75.432,-3.415,65.711,1.91,0.00270093,-0.0546426,-0.99619,0.0679721,-0.000791889,1,0.924835,0.565799,26.7372,18.0562,0.889464,2,2,30.8873,222.07,1547.51,47.5993,346.545,-2863.08,38.8837,308.227,2329.91,2,0
A,92,.,.,.,ASP,CG,729,89,26,3,73.945,-3.56,65.498,1.76,0.614336,0.0718102,-0.809095,-0.583274,-0.144532,1,0.686087,0.565799,15.359,10.46,0.848918,0.78099,2,30.8873,222.07,1547.51,47.5993,346.545,-2863.08,38.8837,308.227,2329.91,0.143736,0
A,92,.,.,.,ASP,OD1,730,89,29,3,73.33,-2.754,64.769,1.49,0,0,0,0,-0,2,0.322203,0.565799,11.0253,8.85046,2,2,2,30.8873,222.07,1547.51,47.5993,346.545,-2863.08,38.8837,308.227,2329.91,2,0
A,92,.,.,.,ASP,OD2,731,89,29,3,73.375,-4.511,66.078,1.49,2.5652,0.416941,-0.875714,-0.243484,-1.30092,1,0.920544,0.565799,19.9758,9.18984,0.854014,0.78099,2,30.8873,222.07,1547.51,47.5993,346.545,-2863.08,38.8837,308.227,2329.91,0.15368,0
A,93,.,.,.,TYR,N,732,90,150,18,75.686,-3.283,62.708,1.7,0.144664,-0.430616,-0.874564,0.22295,0.284005,1,0.183695,0.0927062,14.8749,9.98425,0.79566,0.748342,2,33.3463,236.886,1614.47,47.5993,346.545,-2863.08,38.8837,308.227,2329.91,2,0
A,93,.,.,.,TYR,CA,733,90,144,18,75.391,-3.252,61.268,1.9,3.54647,0.474758,0.796899,-0.373573,5.43844,1,0.0287476,0.0927062,21.3166,12.8002,0.348082,0.345502,0.338407,33.3463,236.886,1614.47,47.5993,346.545,-2863.08,38.8837,308.227,2329.91,0.046974,0
A,93,.,.,.,TYR,C,734,90,143,18,73.962,-2.805,60.963,1.75,0.703537,-0.443135,-0.65293,-0.614258,1.53289,1,0.0970971,0.0927062,11.522,8.74412,0.333565,0.333066,0.330647,33.3463,236.886,1614.47,47.5993,346.545,-2863.08,38.8837,308.227,2329.91,0.0505572,0
A,93,.,.,.,TYR,O,735,90,151,18,73.734,-2.17,59.937,1.49,29.7623,0.0526296,0.393488,-0.917822,24.5688,1,0.0665515,0.0927062,42.1939,9.34112,0.0611751,0.0610905,0.0606736,33.3463,236.886,1614.47,47.5993,346.545,-2863.08,38.8837,308.227,2329.91,0.0536389,0
A,93,.,.,.,TYR,CB,736,90,145,18,75.681,-4.608,60.626,1.91,26.3635,-0.568762,-0.687782,-0.451073,24.1909,1,0.149195,0.0927062,49.2547,17.7477,0.078169,0.0779854,0.0776942,33.3463,236.886,1614.47,47.5993,346.545,-2863.08,38.8837,308.227,2329.91,0.0423675,0
A,93,.,.,.,TYR,CG,737,90,148,18,77.159,-4.909,60.488,1.74,1.18329,-0.172279,-0.606914,-0.775871,1.66601,1,0.0621872,0.0927062,8.81576,6.34383,0.0702187,0.0701322,0.0699164,33.3463,236.886,1614.47,47.5993,346.545,-2863.08,38.8837,308.227,2329.91,0.0389745,0
A,93,.,.,.,TYR,CD1,738,90,146,18,77.978,-4.128,59.675,1.82,20.1229,-0.283348,0.354534,-0.891078,15.2296,1,0.0237906,0.0927062,40.3612,14.3457,0.0473142,0.0472866,0.0470158,33.3463,236.886,1614.47,47.5993,346.545,-2863.08,38.8837,308.227,2329.91,0.0389389,0
A,93,.,.,.,TYR,CD2,739,90,146,18,77.736,-5.969,61.172,1.82,8.51368,-0.522608,-0.7437,-0.416882,6.4434,1,0.0853579,0.0927062,29.3632,14.3098,0.0886341,0.0884512,0.0879986,33.3463,236.886,1614.47,47.5993,346.545,-2863.08,38.8837,308.227,2329.91,0.0401329,0
A,93,.,.,.,TYR,CE1,740,90,147,18,79.328,-4.394,59.548,1.82,17.503,0.219368,0.0322808,-0.975108,6.23798,1,0.0754835,0.0927062,35.3069,14.1358,0.0480696,0.0480356,0.0477679,33.3463,236.886,1614.47,47.5993,346.545,-2863.08,38.8837,308.227,2329.91,0.0344012,0
A,93,.,.,.,TYR,CE2,741,90,147,18,79.085,-6.254,61.046,1.82,4.98657,-0.0709024,-0.713972,-0.696575,1.77718,1,0.145277,0.0927062,23.986,14.1385,0.0276789,0.0276498,0.0273757,33.3463,236.886,1614.47,47.5993,346.545,-2863.08,38.8837,308.227,2329.91,0.0379903,0
A,93,.,.,.,TYR,CZ,742,90,149,18,79.875,-5.469,60.228,1.8,4.09856,-0.0607509,-0.622086,-0.780588,3.35964,1,0.087562,0.0927062,15.5409,9.76553,0.0386597,0.0386386,0.0382676,33.3463,236.886,1614.47,47.5993,346.545,-2863.08,38.8837,308.227,2329.91,0.0313055,0
A,93,.,.,.,TYR,OH,743,90,152,18,81.219,-5.737,60.1,1.54,14.0686,0.404876,-0.35999,-0.840525,-1.53508,1,0.107531,0.0927062,30.8271,10.7959,0.0250801,0.0250516,0.0246505,33.3463,236.886,1614.47,47.5993,346.545,-2863.08,38.8837,308.227,2329.91,0.0350446,0
A,94,.,.,.,GLU,N,744,91,50,6,73.014,-3.13,61.849,1.7,1.42208,-0.0417631,-0.994932,-0.091463,1.8219,1,0.148556,0.302682,15.2629,9.69997,0.401508,0.400829,0.399677,33.2667,246.042,1959.21,47.5993,346.545,-2863.08,38.8837,308.227,2329.91,0.0759735,0
A,94,.,.,.,GLU,CA,745,91,46,6,71.61,-2.755,61.692,1.9,6.89759,-0.206294,-0.433356,-0.877294,4.23748,1,0.259181,0.302682,24.7284,13.0731,0.40674,0.406463,0.406011,33.2667,246.042,1959.21,47.5993,346.545,-2863.08,38.8837,308.227,2329.91,0.0762904,0
A,94,.,.,.,GLU,C,746,91,45,6,71.385,-1.273,62.067,1.75,0.343993,0.343528,0.622136,-0.703516,0.620585,1,0.234604,0.302682,12.6672,8.8484,0.750839,0.756816,2,33.2667,246.042,1959.21,47.5993,346.545,-2863.08,38.8837,308.227,2329.91,0.068285,0
A,94,.,.,.,GLU,O,747,91,51,6,70.393,-0.671,61.674,1.49,0,0,0,0,0,2,0.13941,0.302682,13.7535,9.2065,2,2,2,33.2667,246.042,1959.21,47.5993,346.545,-2863.08,38.8837,308.227,2329.91,2,0
A,94,.,.,.,GLU,CB,748,91,47,6,70.694,-3.71,62.513,1.91,11.1167,0.054285,-0.841181,-0.538022,-2.47684,1,0.330388,0.302682,34.3429,17.1138,0.409549,0.409404,0.409009,33.2667,246.042,1959.21,47.5993,346.545,-2863.08,38.8837,308.227,2329.91,0.125865,0
A,94,.,.,.,GLU,CG,749,91,49,6,69.211,-3.337,62.491,1.88,7.59366,-0.269564,-0.450632,-0.851038,-2.93616,1,0.376347,0.302682,32.2645,16.7444,0.427719,0.427617,0.427245,33.2667,246.042,1959.21,47.5993,346.545,-2863.08,38.8837,308.227,2329.91,0.122234,0
A,94,.,.,.,GLU,CD,750,91,48,6,68.299,-4.199,63.369,1.76,5.99449,-0.176106,-0.803194,-0.569093,-2.60079,1,0.366441,0.302682,21.8014,10.8105,0.476597,0.474066,0.465584,33.2667,246.042,1959.21,47.5993,346.545,-2863.08,38.8837,308.227,2329.91,0.135054,0
A,94,.,.,.,GLU,OE1,751,91,52,6,68.775,-5.026,64.181,1.49,13.4245,-0.545511,-0.818468,0.180356,-8.882,1,0.516883,0.302682,27.0814,9.14819,0.483437,0.480804,0.475922,33.2667,246.042,1959.21,47.5993,346.545,-2863.08,38.8837,308.227,2329.91,0.144413,0
A,94,.,.,.,GLU,OE2,752,91,52,6,67.068,-4.021,63.247,1.49,31.4283,-0.901042,-0.427239,-0.074765,-20.7938,1,0.352324,0.302682,46.2042,9.43975,0.478119,0.475608,0.467279,33.2667,246.042,1959.21,47.5993,346.545,-2863.08,38.8837,308.227,2329.91,0.138805,0
A,95,.,.,.,GLY,N,753,92,55,7,72.317,-0.698,62.825,1.7,0,0,0,0,0,2,0.23224,0.310632,11.7243,9.63224,2,2,2,32.5398,249.939,1998.23,47.5993,346.545,-2863.08,38.8837,308.227,2329.91,2,0
A,95,.,.,.,GLY,CA,754,92,54,7,72.231,0.678,63.307,1.9,8.23109,0.46383,0.421731,-0.779105,-0.241136,1,0.268333,0.310632,37.8135,19.0861,0.766252,0.776551,2,32.5398,249.939,1998.23,47.5993,346.545,-2863.08,38.8837,308.227,2329.91,0.0798344,0
A,95,.,.,.,GLY,C,755,92,53,7,71.83,0.78,64.769,1.75,0,0,0,0,0,2,0.426009,0.310632,11.2865,8.94029,2,2,2,32.5398,249.939,1998.23,47.5993,346.545,-2863.08,38.8837,308.227,2329.91,2,0
A,95,.,.,.,GLY,O,756,92,56,7,71.481,1.872,65.238,1.49,0,0,0,0,0,2,0.315948,0.310632,15.1314,9.28182,2,2,2,32.5398,249.939,1998.23,47.5993,346.545,-2863.08,38.8837,308.227,2329.91,2,0
A,96,.,.,.,CYS,N,757,93,33,4,71.869,-0.348,65.487,1.7,0,0,0,0,0,2,0.148564,0.366669,12.5417,9.81053,2,2,2,30.0792,228.178,1964.81,47.5993,346.545,-2863.08,38.8837,308.227,2329.91,2,0
A,96,.,.,.,CYS,CA,758,93,31,4,71.563,-0.371,66.922,1.9,0,0,0,0,0,2,0.213638,0.366669,14.3113,12.6392,2,2,2,30.0792,228.178,1964.81,47.5993,346.545,-2863.08,38.8837,308.227,2329.91,2,0
A,96,.,.,.,CYS,C,759,93,30,4,72.753,0.248,67.687,1.75,0,0,0,0,0,2,0.492913,0.366669,10.2358,8.75627,2,2,2,30.0792,228.178,1964.81,47.5993,346.545,-2863.08,38.8837,308.227,2329.91,2,0
A,96,.,.,.,CYS,O,760,93,34,4,73.906,-0.067,67.387,1.49,0,0,0,0,0,2,0.635061,0.366669,13.2243,8.94279,2,2,2,30.0792,228.178,1964.81,47.5993,346.545,-2863.08,38.8837,308.227,2329.91,2,0
A,96,.,.,.,CYS,CB,761,93,32,4,71.33,-1.81,67.416,1.91,0,0,0,0,0,2,0.534601,0.366669,28.0672,18.2483,2,2,2,30.0792,228.178,1964.81,47.5993,346.545,-2863.08,38.8837,308.227,2329.91,2,0
A,96,.,.,.,CYS,SG,762,93,35,4,69.936,-2.649,66.624,1.88,2.69611,-0.910534,-0.409606,0.0561286,2.82493,1,0.175239,0.366669,44.8738,23.1933,0.926481,2,2,30.0792,228.178,1964.81,47.5993,346.545,-2863.08,38.8837,308.227,2329.91,0.159862,1
A,97,.,.,.,PRO,N,763,94,114,14,72.478,1.123,68.665,1.7,0,0,0,0,0,3,0.691154,0.765421,6.22354,5.48929,2,2,2,28.9325,213.05,1814.13,47.5993,346.545,-2863.08,38.8837,308.227,2329.91,2,0
A,97,.,.,.,PRO,CA,764,94,110,14,73.604,1.657,69.441,1.9,0,0,0,0,0,2,0.724782,0.765421,15.3874,12.8634,2,2,2,28.9325,213.05,1814.13,47.5993,346.545,-2863.08,38.8837,308.227,2329.91,2,0
A,97,.,.,.,PRO,C,765,94,109,14,74.311,0.571,70.257,1.75,0,0,0,0,0,3,0.94546,0.765421,10.8647,8.81575,2,2,2,28.9325,213.05,1814.13,47.5993,346.545,-2863.08,38.8837,308.227,2329.91,2,0
A,97,.,.,.,PRO,O,766,94,115,14,73.672,-0.387,70.738,1.49,0,0,0,0,0,2,0.951587,0.765421,14.4463,9.28486,2,2,2,28.9325,213.05,1814.13,47.5993,346.545,-2863.08,38.8837,308.227,2329.91,2,0
A,97,.,.,.,PRO,CB,767,94,111,14,72.953,2.696,70.357,1.91,1.40017,0.807883,0.577543,0.117342,-0.455956,1,0.846476,0.765421,29.6984,16.8082,0.98348,2,2,28.9325,213.05,1814.13,47.5993,346.545,-2863.08,38.8837,308.227,2329.91,2,0
A,97,.,.,.,PRO,CG,768,94,113,14,71.546,2.295,70.447,1.92,0,0,0,0,-0,2,0.714542,0.765421,25.524,17.0377,2,2,2,28.9325,213.05,1814.13,47.5993,346.545,-2863.08,38.8837,308.227,2329.91,2,0
A,97,.,.,.,PRO,CD,769,94,112,14,71.19,1.646,69.139,1.92,0,0,0,0,0,2,0.483944,0.765421,27.9393,18.3546,2,2,2,28.9325,213.05,1814.13,47.5993,346.545,-2863.08,38.8837,308.227,2329.91,2,0
A,98,.,.,.,VAL,N,770,95,158,19,75.616,0.734,70.399,1.7,0,0,0,0,0,2,0.446053,0.778895,12.7125,9.64391,2,2,2,27.6174,188.615,1458.43,47.5993,346.545,-2863.08,38.8837,308.227,2329.91,2,0
A,98,.,.,.,VAL,CA,771,95,154,19,76.465,-0.173,71.156,1.9,0,0,0,0,0,3,0.827532,0.778895,13.8854,11.9297,2,2,2,27.6174,188.615,1458.43,47.5993,346.545,-2863.08,38.8837,308.227,2329.91,2,0
A,98,.,.,.,VAL,C,772,95,153,19,76.872,0.498,72.47,1.75,0,0,0,0,0,2,0.882415,0.778895,11.314,8.61856,2,2,2,27.6174,188.615,1458.43,47.5993,346.545,-2863.08,38.8837,308.227,2329.91,2,0
A,98,.,.,.,VAL,O,773,95,159,19,77.198,1.689,72.5,1.49,0.210081,-0.358897,0.803806,-0.474436,0.174187,1,0.730329,0.778895,17.9143,9.30955,0.983995,2,2,27.6174,188.615,1458.43,47.5993,346.545,-2863.08,38.8837,308.227,2329.91,2,0
A,98,.,.,.,VAL,CB,774,95,155,19,77.729,-0.556,70.353,2.01,0.0923841,0.882987,0.00769327,-0.469335,0.0810585,1,0.822506,0.778895,18.3064,14.2798,1,2,2,27.6174,188.615,1458.43,47.5993,346.545,-2863.08,38.8837,308.227,2329.91,2,0
A,98,.,.,.,VAL,CG1,775,95,156,19,78.561,-1.575,71.127,1.92,0.0534436,0.699132,0.286491,-0.655085,0.0337525,1,0.961058,0.778895,35.8076,22.0127,1,2,2,27.6174,188.615,1458.43,47.5993,346.545,-2863.08,38.8837,308.227,2329.91,2,0
A,98,.,.,.,VAL,CG2,776,95,157,19,77.334,-1.155,69.005,1.92,0,0,0,0,0,2,0.782373,0.778895,34.3949,22.0581,2,2,2,27.6174,188.615,1458.43,47.5993,346.545,-2863.08,38.8837,308.227,2329.91,2,0
A,99,.,.,.,TYR,N,777,96,150,18,76.828,-0.274,73.548,1.7,0,0,0,0,0,2,0.962221,0.872728,12.8728,9.81162,2,2,2,26.15,162.012,1211.2,47.5993,346.545,-2863.08,38.8837,308.227,2329.91,2,0
A,99,.,.,.,TYR,CA,778,96,144,18,77.313,0.166,74.857,1.9,0,0,0,0,0,2,0.974926,0.872728,15.9878,12.8833,2,2,2,26.15,162.012,1211.2,47.5993,346.545,-2863.08,38.8837,308.227,2329.91,2,0
A,99,.,.,.,TYR,C,779,96,143,18,78.397,-0.82,75.32,1.75,0,0,0,0,0,2,0.991332,0.872728,10.6033,8.78687,2,2,2,26.15,162.012,1211.2,47.5993,346.545,-2863.08,38.8837,308.227,2329.91,2,0
A,99,.,.,.,TYR,O,780,96,151,18,78.201,-2.048,75.263,1.49,0,0,0,0,0,2,0.996198,0.872728,15.8603,9.29184,2,2,2,26.15,162.012,1211.2,47.5993,346.545,-2863.08,38.8837,308.227,2329.91,2,0
A,99,.,.,.,TYR,CB,781,96,145,18,76.174,0.209,75.883,1.91,0,0,0,0,0,2,0.939783,0.872728,26.3939,17.799,2,2,2,26.15,162.012,1211.2,47.5993,346.545,-2863.08,38.8837,308.227,2329.91,2,0
A,99,.,.,.,TYR,CG,782,96,148,18,76.644,0.732,77.228,1.74,0,0,0,0,0,2,0.880629,0.872728,7.33874,6.3438,2,2,2,26.15,162.012,1211.2,47.5993,346.545,-2863.08,38.8837,308.227,2329.91,2,0
A,99,.,.,.,TYR,CD1,783,96,146,18,76.816,2.094,77.441,1.82,0,0,0,0,0,2,0.753629,0.872728,18.3328,14.3224,2,2,2,26.15,162.012,1211.2,47.5993,346.545,-2863.08,38.8837,308.227,2329.91,2,0
A,99,.,.,.,TYR,CD2,784,96,146,18,76.959,-0.152,78.274,1.82,0.0142403,-0.771981,-0.207731,0.600743,0.0107775,1,0.971254,0.872728,22.8263,14.4512,0.973341,2,2,26.15,162.012,1211.2,47.5993,346.545,-2863.08,38.8837,308.227,2329.91,0.941664,1
A,99,.,.,.,TYR,CE1,785,96,147,18,77.258,2.577,78.66,1.82,1.07795,0.172174,0.912172,0.371886,0.384174,1,0.697785,0.872728,21.1375,13.9859,0.782947,0.810375,2,26.15,162.012,1211.2,47.5993,346.545,-2863.08,38.8837,308.227,2329.91,0.665941,0
A,99,.,.,.,TYR,CE2,786,96,147,18,77.423,0.32,79.495,1.82,3.67405,-0.598927,-0.21718,0.770791,1.30941,1,0.97267,0.872728,27.6009,14.176,0.971617,2,2,26.15,162.012,1211.2,47.5993,346.545,-2863.08,38.8837,308.227,2329.91,0.903572,1
A,99,.,.,.,TYR,CZ,787,96,149,18,77.568,1.676,79.684,1.8,0,0,0,0,0,2,0.718679,0.872728,11.6105,9.78906,2,2,2,26.15,162.012,1211.2,47.5993,346.545,-2863.08,38.8837,308.227,2329.91,2,0
A,99,.,.,.,TYR,OH,788,96,152,18,78.019,2.135,80.895,1.54,3.8621,-0.349715,-0.258626,0.900451,-0.421409,1,0.61363,0.872728,27.0064,10.9488,0.865607,0.810375,2,26.15,162.012,1211.2,47.5993,346.545,-2863.08,38.8837,308.227,2329.91,0.769513,1
A,100,.,.,.,PHE,N,789,97,107,13,79.536,-0.273,75.743,1.7,0,0,0,0,0,2,0.976822,0.885315,11.5292,9.77009,2,2,2,25.7498,145.154,817.498,47.5993,346.545,-2863.08,38.8837,308.227,2329.91,2,0
A,100,.,.,.,PHE,CA,790,97,101,13,80.609,-1.045,76.362,1.9,0,0,0,0,0,2,0.97634,0.885315,15.8509,12.7619,2,2,2,25.7498,145.154,817.498,47.5993,346.545,-2863.08,38.8837,308.227,2329.91,2,0
A,100,.,.,.,PHE,C,791,97,100,13,80.515,-0.982,77.878,1.75,0,0,0,0,0,2,0.894543,0.885315,10.3776,8.78841,2,2,2,25.7498,145.154,817.498,47.5993,346.545,-2863.08,38.8837,308.227,2329.91,2,0
A,100,.,.,.,PHE,O,792,97,108,13,80.523,0.103,78.47,1.49,0,0,0,0,0,2,0.853745,0.885315,12.8243,9.08277,2,2,2,25.7498,145.154,817.498,47.5993,346.545,-2863.08,38.8837,308.227,2329.91,2,0
A,100,.,.,.,PHE,CB,793,97,102,13,81.964,-0.539,75.88,1.91,0.0272034,0.31057,-0.894997,0.320199,0.0268201,1,0.742382,0.885315,27.2277,17.5793,0.977015,2,2,25.7498,145.154,817.498,47.5993,346.545,-2863.08,38.8837,308.227,2329.91,2,0
A,100,.,.,.,PHE,CG,794,97,105,13,82.202,-0.82,74.438,1.74,0,0,0,0,0,2,0.875925,0.885315,7.36563,6.18346,2,2,2,25.7498,145.154,817.498,47.5993,346.545,-2863.08,38.8837,308.227,2329.91,2,0
A,100,.,.,.,PHE,CD1,795,97,103,13,81.71,0.044,73.47,1.82,0,0,0,0,0,2,0.834535,0.885315,21.5769,14.2515,2,2,2,25.7498,145.154,817.498,47.5993,346.545,-2863.08,38.8837,308.227,2329.91,2,0
A,100,.,.,.,PHE,CD2,796,97,103,13,82.831,-1.983,74.034,1.82,0.105426,0.0804591,-0.528581,0.845061,0.103147,1,0.950216,0.885315,23.3533,14.4356,0.977015,2,2,25.7498,145.154,817.498,47.5993,346.545,-2863.08,38.8837,308.227,2329.91,2,0
A,100,.,.,.,PHE,CE1,797,97,104,13,81.892,-0.224,72.126,1.82,0.0052735,-0.266448,-0.0650052,-0.961655,0.00375056,1,0.826491,0.885315,22.0233,14.0078,1,2,2,25.7498,145.154,817.498,47.5993,346.545,-2863.08,38.8837,308.227,2329.91,2,0
A,100,.,.,.,PHE,CE2,798,97,104,13,82.998,-2.271,72.674,1.82,0,0,0,0,0,2,0.93704,0.885315,22.6372,14.0725,2,2,2,25.7498,145.154,817.498,47.5993,346.545,-2863.08,38.8837,308.227,2329.91,2,0
A,100,.,.,.,PHE,CZ,799,97,106,13,82.523,-1.389,71.725,1.82,0.123239,-0.441647,0.246608,-0.862631,0.0824188,1,0.870428,0.885315,23.1705,14.0041,1,2,2,25.7498,145.154,817.498,47.5993,346.545,-2863.08,38.8837,308.227,2329.91,2,0
A,101,.,.,.,ASN,N,800,98,19,2,80.394,-2.159,78.493,1.7,0,0,0,0,0,2,0.996168,0.968926,13.3663,9.62444,2,2,2,24.5265,119.643,594.611,47.5993,346.545,-2863.08,38.8837,308.227,2329.91,2,0
A,101,.,.,.,ASN,CA,801,98,16,2,80.372,-2.286,79.927,1.9,0,0,0,0,0,2,0.950916,0.968926,16.3851,12.677,2,2,2,24.5265,119.643,594.611,47.5993,346.545,-2863.08,38.8837,308.227,2329.91,2,0
A,101,.,.,.,ASN,C,802,98,15,2,81.726,-2.842,80.347,1.75,0,0,0,0,0,2,0.952116,0.968926,10.2674,8.69607,2,2,2,24.5265,119.643,594.611,47.5993,346.545,-2863.08,38.8837,308.227,2329.91,2,0
A,101,.,.,.,ASN,O,803,98,21,2,82.023,-3.995,80.064,1.49,0,0,0,0,0,2,0.963074,0.968926,14.8329,9.16,2,2,2,24.5265,119.643,594.611,47.5993,346.545,-2863.08,38.8837,308.227,2329.91,2,0
A,101,.,.,.,ASN,CB,804,98,17,2,79.226,-3.204,80.362,1.91,0,0,0,0,-0,2,0.999681,0.968926,24.9825,17.5842,2,2,2,24.5265,119.643,594.611,47.5993,346.545,-2863.08,38.8837,308.227,2329.91,2,0
A,101,.,.,.,ASN,CG,805,98,18,2,78.887,-3.048,81.835,1.81,0.794401,-0.217401,0.888223,0.404719,-0.0944169,1,0.973834,0.968926,16.6044,11.0446,0.98714,2,2,24.5265,119.643,594.611,47.5993,346.545,-2863.08,38.8837,308.227,2329.91,2,1
A,101,.,.,.,ASN,OD1,806,98,22,2,79.762,-2.786,82.652,1.52,2.10833,-0.0666948,0.802905,0.592364,-0.733947,1,0.916443,0.968926,20.9935,9.16796,0.985183,2,2,24.5265,119.643,594.611,47.5993,346.545,-2863.08,38.8837,308.227,2329.91,2,1
A,101,.,.,.,ASN,ND2,807,98,20,2,77.613,-3.202,82.177,1.62,7.29674,-0.774088,0.598197,0.207241,-3.50178,1,0.999173,0.968926,32.9517,12.806,0.975002,2,2,24.5265,119.643,594.611,47.5993,346.545,-2863.08,38.8837,308.227,2329.91,0.915937,1
A,102,.,.,.,ILE,N,808,99,73,9,82.568,-2.011,80.963,1.7,0,0,0,0,0,2,0.482446,0.460866,14.8405,9.93116,2,2,2,25.0189,115.219,339.016,47.5993,346.545,-2863.08,38.8837,308.227,2329.91,2,0
A,102,.,.,.,ILE,CA,809,99,68,9,83.952,-2.401,81.274,1.9,0,0,0,0,0,2,0.587424,0.460866,14.2239,11.8505,2,2,2,25.0189,115.219,339.016,47.5993,346.545,-2863.08,38.8837,308.227,2329.91,2,0
A,102,.,.,.,ILE,C,810,99,67,9,83.986,-2.927,82.713,1.75,0,0,0,0,0,2,0.44564,0.460866,11.225,8.68622,2,2,2,25.0189,115.219,339.016,47.5993,346.545,-2863.08,38.8837,308.227,2329.91,2,0
A,102,.,.,.,ILE,O,811,99,74,9,84.447,-2.262,83.621,1.49,0,0,0,0,0,2,0.207096,0.460866,14.2345,8.93635,2,2,2,25.0189,115.219,339.016,47.5993,346.545,-2863.08,38.8837,308.227,2329.91,2,0
A,102,.,.,.,ILE,CB,812,99,69,9,84.946,-1.235,81.115,2.01,0,0,0,0,0,2,0.335599,0.460866,16.4378,13.792,2,2,2,25.0189,115.219,339.016,47.5993,346.545,-2863.08,38.8837,308.227,2329.91,2,0
A,102,.,.,.,ILE,CG1,813,99,71,9,84.745,-0.453,79.801,1.92,0,0,0,0,0,2,0.494746,0.460866,22.7288,15.9855,2,2,2,25.0189,115.219,339.016,47.5993,346.545,-2863.08,38.8837,308.227,2329.91,2,0
A,102,.,.,.,ILE,CG2,814,99,72,9,86.366,-1.723,81.23,1.92,0.448284,0.906719,-0.221724,-0.358746,0.363043,1,0.392788,0.460866,40.9419,21.8782,0.956335,2,2,25.0189,115.219,339.016,47.5993,346.545,-2863.08,38.8837,308.227,2329.91,0.178619,0
A,102,.,.,.,ILE,CD1,815,99,70,9,84.941,-1.269,78.555,1.92,0.0545277,-0.570422,-0.679915,-0.460797,0.0414745,1,0.741189,0.460866,38.7844,22.8089,0.977015,2,2,25.0189,115.219,339.016,47.5993,346.545,-2863.08,38.8837,308.227,2329.91,2,0
A,103,.,.,.,ILE,N,816,100,73,9,83.442,-4.113,82.909,1.7,0,0,0,0,0,2,0.554585,0.469439,12.2729,9.83353,2,2,2,24.1794,97.8256,222.706,47.5993,346.545,-2863.08,38.8837,308.227,2329.91,2,0
A,103,.,.,.,ILE,CA,817,100,68,9,83.317,-4.696,84.25,1.9,0,0,0,0,0,2,0.364698,0.469439,16.2898,12.0125,2,2,2,24.1794,97.8256,222.706,47.5993,346.545,-2863.08,38.8837,308.227,2329.91,2,0
A,103,.,.,.,ILE,C,818,100,67,9,84.674,-5.026,84.911,1.75,0,0,0,0,0,3,0.186661,0.469439,9.46934,8.51191,2,2,2,24.1794,97.8256,222.706,47.5993,346.545,-2863.08,38.8837,308.227,2329.91,2,0
A,103,.,.,.,ILE,O,819,100,74,9,84.882,-4.764,86.113,1.49,0,0,0,0,0,2,0.248091,0.469439,14.0507,9.26165,2,2,2,24.1794,97.8256,222.706,47.5993,346.545,-2863.08,38.8837,308.227,2329.91,2,0
A,103,.,.,.,ILE,CB,820,100,69,9,82.45,-5.973,84.217,2.01,0,0,0,0,0,2,0.629479,0.469439,18.462,14.0741,2,2,2,24.1794,97.8256,222.706,47.5993,346.545,-2863.08,38.8837,308.227,2329.91,2,0
A,103,.,.,.,ILE,CG1,821,100,71,9,81.046,-5.684,83.686,1.92,2.75455,-0.553539,-0.817226,0.160422,2.9469,1,0.767126,0.469439,28.8405,15.978,0.936568,2,2,24.1794,97.8256,222.706,47.5993,346.545,-2863.08,38.8837,308.227,2329.91,0.907531,1
A,103,.,.,.,ILE,CG2,822,100,72,9,82.354,-6.574,85.62,1.92,17.763,-0.618969,-0.370391,0.692595,14.3853,1,0.405063,0.469439,56.5303,21.6571,0.939112,0.98149,2,24.1794,97.8256,222.706,47.5993,346.545,-2863.08,38.8837,308.227,2329.91,0.900005,1
A,103,.,.,.,ILE,CD1,823,100,70,9,80.164,-4.89,84.621,1.92,3.17746,-0.410153,-0.798867,0.439985,2.41682,1,0.599812,0.469439,42.759,22.3985,0.928199,2,2,24.1794,97.8256,222.706,47.5993,346.545,-2863.08,38.8837,308.227,2329.91,0.904862,1
A,104,.,.,.,GLY,N,824,101,55,7,85.598,-5.605,84.157,1.7,0,0,0,0,0,2,0.640078,0.429587,14.2199,10.0047,2,2,2,25.161,101.361,166.953,43.6453,284.752,-893.942,46.9772,360.792,-2870.07,2,0
A,104,.,.,.,GLY,CA,825,101,54,7,86.844,-6.103,84.728,1.9,0,0,0,0,-0,2,0.586639,0.429587,28.4874,18.8248,2,2,2,25.161,101.361,166.953,43.6453,284.752,-893.942,46.9772,360.792,-2870.07,2,0
A,104,.,.,.,GLY,C,826,101,53,7,87.72,-5.031,85.373,1.75,0,0,0,0,0,2,0.269834,0.429587,10.7114,8.93457,2,2,2,25.161,101.361,166.953,43.6453,284.752,-893.942,46.9772,360.792,-2870.07,2,0
A,104,.,.,.,GLY,O,827,101,56,7,88.435,-5.302,86.341,1.49,5.53059,0.790634,0.288697,0.539956,0.81126,1,0.221798,0.429587,21.8269,9.35887,0.728509,0.70209,2,25.161,101.361,166.953,43.6453,284.752,-893.942,46.9772,360.792,-2870.07,0.182732,0
A,105,.,.,.,SER,N,828,102,119,15,87.638,-3.808,84.838,1.7,0,0,0,0,0,2,0.331933,0.255265,13.603,9.6998,2,2,2,26.0741,107.326,159.93,43.6453,284.752,-893.942,46.9772,360.792,-2870.07,2,0
A,105,.,.,.,SER,CA,829,102,117,15,88.41,-2.672,85.317,1.9,8.06104,0.898791,-0.136394,0.41662,4.49379,1,0.118179,0.255265,25.1511,13.0334,0.657516,0.650378,0.650239,26.0741,107.326,159.93,43.6453,284.752,-893.942,46.9772,360.792,-2870.07,0.174326,0
A,105,.,.,.,SER,C,830,102,116,15,87.665,-1.853,86.365,1.75,0.429441,0.62547,-0.39979,0.670041,0.745712,1,0.16634,0.255265,12.6268,8.72076,0.732706,0.701373,2,26.0741,107.326,159.93,43.6453,284.752,-893.942,46.9772,360.792,-2870.07,0.262057,0
A,105,.,.,.,SER,O,831,102,120,15,88.238,-0.937,86.931,1.49,4.27263,0.744231,-0.34495,0.571952,1.28672,1,0.187644,0.255265,20.5886,9.13248,0.735637,0.701373,2,26.0741,107.326,159.93,43.6453,284.752,-893.942,46.9772,360.792,-2870.07,0.199547,0
A,105,.,.,.,SER,CB,832,102,118,15,88.797,-1.759,84.146,1.91,6.59337,0.938944,0.295791,0.175764,-1.71168,1,0.207537,0.255265,36.0567,19.2152,0.645221,0.642954,0.640226,26.0741,107.326,159.93,43.6453,284.752,-893.942,46.9772,360.792,-2870.07,0.177326,0
A,105,.,.,.,SER,OG,833,102,121,15,89.563,-2.474,83.204,1.54,25.0269,0.903847,-0.0618661,-0.423359,-3.60968,1,0.519959,0.255265,42.8498,10.2961,0.64205,0.638663,0.638262,26.0741,107.326,159.93,43.6453,284.752,-893.942,46.9772,360.792,-2870.07,0.171374,0
A,106,.,.,.,LEU,N,834,103,81,10,86.413,-2.207,86.646,1.7,0,0,0,0,0,2,0.127538,0.275152,12.8575,9.84437,2,2,2,25.1574,100.481,108.886,43.6453,284.752,-893.942,46.9772,360.792,-2870.07,2,0
A,106,.,.,.,LEU,CA,835,103,76,10,85.62,-1.491,87.643,1.9,0,0,0,0,0,2,0.315851,0.275152,17.4605,12.6034,2,2,2,25.1574,100.481,108.886,43.6453,284.752,-893.942,46.9772,360.792,-2870.07,2,0
A,106,.,.,.,LEU,C,836,103,75,10,86.141,-1.803,89.04,1.75,0.0127536,0.986125,0.0161397,0.165215,0.0271697,1,0.189839,0.275152,10.3249,8.63313,0.869682,0.895293,2,25.1574,100.481,108.886,43.6453,284.752,-893.942,46.9772,360.792,-2870.07,0.353104,0
A,106,.,.,.,LEU,O,837,103,82,10,86.597,-2.931,89.309,1.49,6.72573,0.901467,-0.221407,0.371936,5.15804,1,0.220358,0.275152,22.1631,9.27464,0.870964,0.840484,2,25.1574,100.481,108.886,43.6453,284.752,-893.942,46.9772,360.792,-2870.07,0.345655,0
A,106,.,.,.,LEU,CB,838,103,77,10,84.154,-1.891,87.539,1.91,0,0,0,0,0,2,0.263651,0.275152,22.7751,15.3828,2,2,2,25.1574,100.481,108.886,43.6453,284.752,-893.942,46.9772,360.792,-2870.07,2,0
A,106,.,.,.,LEU,CG,839,103,80,10,83.107,-1.031,88.235,2.01,0,0,0,0,0,2,0.312052,0.275152,17.0209,14.1256,2,2,2,25.1574,100.481,108.886,43.6453,284.752,-893.942,46.9772,360.792,-2870.07,2,0
A,106,.,.,.,LEU,CD1,840,103,78,10,83.022,0.365,87.623,1.92,0.0491126,-0.74969,-0.108666,-0.652806,0.0334446,1,0.32362,0.275152,33.6423,22.0679,0.975276,2,2,25.1574,100.481,108.886,43.6453,284.752,-893.942,46.9772,360.792,-2870.07,2,1
A,106,.,.,.,LEU,CD2,841,103,79,10,81.757,-1.726,88.167,1.92,4.61672,-0.436834,-0.882104,0.176262,2.44892,1,0.448308,0.275152,52.4312,22.138,0.945494,2,2,25.1574,100.481,108.886,43.6453,284.752,-893.942,46.9772,360.792,-2870.07,0.891696,1
A,107,.,.,.,ASP,N,842,104,27,3,86.053,-0.801,89.911,1.7,0,0,0,0,0,2,0.514952,0.67677,16.671,9.86672,2,2,2,25.7989,100.543,70.0686,43.6453,284.752,-893.942,46.9772,360.792,-2870.07,2,0
A,107,.,.,.,ASP,CA,843,104,24,3,86.399,-0.92,91.341,1.9,2.96374,0.588995,-0.780801,0.208409,1.77596,1,0.465884,0.67677,19.7069,12.6316,0.885366,0.895293,2,25.7989,100.543,70.0686,43.6453,284.752,-893.942,46.9772,360.792,-2870.07,0.476222,0
A,107,.,.,.,ASP,C,844,104,23,3,85.109,-0.671,92.117,1.75,0,0,0,0,0,2,0.636932,0.67677,10.4652,8.79615,2,2,2,25.7989,100.543,70.0686,43.6453,284.752,-893.942,46.9772,360.792,-2870.07,2,0
A,107,.,.,.,ASP,O,845,104,28,3,84.947,0.4,92.717,1.49,0,0,0,0,0,2,0.836947,0.67677,11.9938,9.02894,2,2,2,25.7989,100.543,70.0686,43.6453,284.752,-893.942,46.9772,360.792,-2870.07,2,0
A,107,.,.,.,ASP,CB,846,104,25,3,87.48,0.116,91.713,1.91,4.97018,0.734456,-0.632035,-0.247195,-1.45721,1,0.62565,0.67677,33.35,18.0001,0.884293,0.895293,2,25.7989,100.543,70.0686,43.6453,284.752,-893.942,46.9772,360.792,-2870.07,0.207723,0
A,107,.,.,.,ASP,CG,847,104,26,3,87.872,0.078,93.191,1.76,4.14333,0.80283,-0.595487,0.0293146,-0.974781,1,0.738752,0.67677,18.5622,10.567,0.889006,0.905913,2,25.7989,100.543,70.0686,43.6453,284.752,-893.942,46.9772,360.792,-2870.07,0.141646,0
A,107,.,.,.,ASP,OD1,848,104,29,3,87.477,-0.879,93.91,1.49,14.8766,0.602678,-0.737834,0.303942,-7.54455,1,0.830032,0.67677,29.1509,9.28364,0.898968,0.907659,2,25.7989,100.543,70.0686,43.6453,284.752,-893.942,46.9772,360.792,-2870.07,0.404394,0
A,107,.,.,.,ASP,OD2,849,104,29,3,88.574,1.026,93.632,1.49,1.48988,0.562864,-0.474608,0.676707,-0.755582,1,0.765011,0.67677,19.7773,9.363,0.882974,0.907659,2,25.7989,100.543,70.0686,43.6453,284.752,-893.942,46.9772,360.792,-2870.07,0.360841,0
A,108,.,.,.,PRO,N,850,105,114,14,84.161,-1.642,92.088,1.7,0,0,0,0,0,2,0.608875,0.761124,5.97328,5.45385,2,2,2,24.916,92.3437,4.74957,43.6453,284.752,-893.942,46.9772,360.792,-2870.07,2,0
A,108,.,.,.,PRO,CA,851,105,110,14,82.874,-1.401,92.739,1.9,0,0,0,0,0,2,0.894,0.761124,17.286,12.9169,2,2,2,24.916,92.3437,4.74957,43.6453,284.752,-893.942,46.9772,360.792,-2870.07,2,0
A,108,.,.,.,PRO,C,852,105,109,14,82.984,-1.238,94.255,1.75,0,0,0,0,0,2,0.86055,0.761124,10.6344,8.72035,2,2,2,24.916,92.3437,4.74957,43.6453,284.752,-893.942,46.9772,360.792,-2870.07,2,0
A,108,.,.,.,PRO,O,853,105,115,14,82.174,-0.523,94.85,1.49,0,0,0,0,0,2,0.940086,0.761124,13.385,9.16005,2,2,2,24.916,92.3437,4.74957,43.6453,284.752,-893.942,46.9772,360.792,-2870.07,2,0
A,108,.,.,.,PRO,CB,854,105,111,14,82.047,-2.638,92.371,1.91,4.42426,-0.790001,-0.355988,-0.499171,-1.44073,1,0.77606,0.761124,34.4793,16.8868,0.945155,2,2,24.916,92.3437,4.74957,43.6453,284.752,-893.942,46.9772,360.792,-2870.07,0.881553,1
A,108,.,.,.,PRO,CG,855,105,113,14,83.067,-3.696,92.094,1.92,5.25812,-0.568677,-0.599795,-0.562896,-2.37912,1,0.715818,0.761124,37.8674,17.2124,0.934429,2,2,24.916,92.3437,4.74957,43.6453,284.752,-893.942,46.9772,360.792,-2870.07,0.822064,1
A,108,.,.,.,PRO,CD,856,105,112,14,84.188,-2.962,91.426,1.92,3.88239,0.744707,-0.465156,0.478583,0.784165,1,0.532481,0.761124,29.3505,17.941,0.934948,2,2,24.916,92.3437,4.74957,43.6453,284.752,-893.942,46.9772,360.792,-2870.07,2,0
A,109,.,.,.,LYS,N,857,106,89,11,83.976,-1.876,94.87,1.7,0.00239348,0.766916,-0.555185,-0.321885,0.00329429,1,0.746211,0.732852,15.5459,9.97352,0.947299,2,2,25.9664,100.519,55.9532,43.6453,284.752,-893.942,46.9772,360.792,-2870.07,2,0
A,109,.,.,.,LYS,CA,858,106,84,11,84.195,-1.68,96.303,1.9,0,0,0,0,0,2,0.820543,0.732852,15.4782,12.6309,2,2,2,25.9664,100.519,55.9532,43.6453,284.752,-893.942,46.9772,360.792,-2870.07,2,0
A,109,.,.,.,LYS,C,859,106,83,11,84.56,-0.228,96.615,1.75,0,0,0,0,0,2,0.810557,0.732852,9.5821,8.59226,2,2,2,25.9664,100.519,55.9532,43.6453,284.752,-893.942,46.9772,360.792,-2870.07,2,0
A,109,.,.,.,LYS,O,860,106,91,11,83.936,0.405,97.481,1.49,0,0,0,0,0,2,0.757204,0.732852,12.5784,9.12983,2,2,2,25.9664,100.519,55.9532,43.6453,284.752,-893.942,46.9772,360.792,-2870.07,2,0
A,109,.,.,.,LYS,CB,861,106,85,11,85.257,-2.632,96.85,1.91,7.51026,0.794252,-0.392257,-0.464002,-0.831393,1,0.718017,0.732852,37.3993,16.5941,0.908629,0.927094,2,25.9664,100.519,55.9532,43.6453,284.752,-893.942,46.9772,360.792,-2870.07,0.604999,0
A,109,.,.,.,LYS,CG,862,106,88,11,85.388,-2.5,98.36,1.92,0.498264,0.894578,0.373916,-0.24478,-0.10148,1,0.886795,0.732852,24.2792,16.4962,0.830059,0.859038,2,25.9664,100.519,55.9532,43.6453,284.752,-893.942,46.9772,360.792,-2870.07,0.431608,0
A,109,.,.,.,LYS,CD,863,106,86,11,86.251,-3.573,98.992,1.92,21.3023,0.880439,-0.275879,-0.38564,-11.5314,1,0.519481,0.732852,46.264,17.2898,0.727921,0.714439,0.689295,25.9664,100.519,55.9532,43.6453,284.752,-893.942,46.9772,360.792,-2870.07,0.412916,0
A,109,.,.,.,LYS,CE,864,106,87,11,86.213,-3.428,100.511,1.88,3.47164,0.777563,0.593675,0.207234,-2.3369,1,0.672483,0.732852,35.8325,17.252,0.766016,0.761809,0.753358,25.9664,100.519,55.9532,43.6453,284.752,-893.942,46.9772,360.792,-2870.07,0.391304,0
A,109,.,.,.,LYS,NZ,865,106,90,11,87.176,-4.33,101.201,1.67,42.5757,0.87898,-0.235278,0.414775,-35.877,1,0.664377,0.732852,62.9091,14.4955,0.7591,0.756906,0.754627,25.9664,100.519,55.9532,43.6453,284.752,-893.942,46.9772,360.792,-2870.07,0.39154,0
A,110,.,.,.,GLY,N,866,107,55,7,85.554,0.307,95.906,1.7,0.176814,0.865912,-0.38534,0.318919,0.157339,1,0.695171,0.677036,14.0232,10.0872,0.777696,2,2,27.2879,107.371,-61.955,43.6453,284.752,-893.942,46.9772,360.792,-2870.07,0.444795,0
A,110,.,.,.,GLY,CA,867,107,54,7,85.925,1.723,96.074,1.9,0,0,0,0,-0,2,0.70363,0.677036,29.4064,19.0316,2,2,2,27.2879,107.371,-61.955,43.6453,284.752,-893.942,46.9772,360.792,-2870.07,2,0
A,110,.,.,.,GLY,C,868,107,53,7,84.771,2.67,95.796,1.75,0,0,0,0,0,2,0.788336,0.677036,10.1937,8.82469,2,2,2,27.2879,107.371,-61.955,43.6453,284.752,-893.942,46.9772,360.792,-2870.07,2,0
A,110,.,.,.,GLY,O,869,107,56,7,84.589,3.679,96.498,1.49,0,0,0,0,0,2,0.521008,0.677036,13.8612,9.2443,2,2,2,27.2879,107.371,-61.955,43.6453,284.752,-893.942,46.9772,360.792,-2870.07,2,0
A,111,.,.,.,LEU,N,870,108,81,10,83.987,2.372,94.758,1.7,0,0,0,0,0,2,0.648054,0.456968,11.4511,9.90813,2,2,2,26.5835,101.37,-195.996,43.6453,284.752,-893.942,46.9772,360.792,-2870.07,2,0
A,111,.,.,.,LEU,CA,871,108,76,10,82.801,3.187,94.46,1.9,0,0,0,0,0,2,0.504054,0.456968,17.0145,12.5633,2,2,2,26.5835,101.37,-195.996,43.6453,284.752,-893.942,46.9772,360.792,-2870.07,2,0
A,111,.,.,.,LEU,C,872,108,75,10,81.786,3.159,95.592,1.75,0,0,0,0,0,3,0.654554,0.456968,10.3931,8.69235,2,2,2,26.5835,101.37,-195.996,43.6453,284.752,-893.942,46.9772,360.792,-2870.07,2,0
A,111,.,.,.,LEU,O,873,108,82,10,81.281,4.216,96,1.49,0,0,0,0,0,2,0.473113,0.456968,15.2415,9.22303,2,2,2,26.5835,101.37,-195.996,43.6453,284.752,-893.942,46.9772,360.792,-2870.07,2,0
A,111,.,.,.,LEU,CB,874,108,77,10,82.145,2.779,93.128,1.91,0,0,0,0,0,2,0.560984,0.456968,22.8271,15.6979,2,2,2,26.5835,101.37,-195.996,43.6453,284.752,-893.942,46.9772,360.792,-2870.07,2,0
A,111,.,.,.,LEU,CG,875,108,80,10,83.009,3.061,91.905,2.01,0.00715855,0.828291,-0.163161,-0.536016,0.00972146,1,0.265152,0.456968,17.8124,13.9476,0.996383,2,2,26.5835,101.37,-195.996,43.6453,284.752,-893.942,46.9772,360.792,-2870.07,2,0
A,111,.,.,.,LEU,CD1,876,108,78,10,82.482,2.319,90.682,1.92,0,0,0,0,0,2,0.302047,0.456968,35.3661,22.126,2,2,2,26.5835,101.37,-195.996,43.6453,284.752,-893.942,46.9772,360.792,-2870.07,2,0
A,111,.,.,.,LEU,CD2,877,108,79,10,83.07,4.538,91.616,1.92,0,0,0,0,0,2,0.247786,0.456968,35.3524,22.0016,2,2,2,26.5835,101.37,-195.996,43.6453,284.752,-893.942,46.9772,360.792,-2870.07,2,0
A,112,.,.,.,LEU,N,878,109,81,10,81.503,1.977,96.133,1.7,0,0,0,0,0,3,0.770608,0.411115,11.2398,9.842,2,2,2,26.5246,96.5423,-201.236,43.6453,284.752,-893.942,46.9772,360.792,-2870.07,2,0
A,112,.,.,.,LEU,CA,879,109,76,10,80.491,1.875,97.195,1.9,0,0,0,0,0,2,0.527594,0.411115,16.2793,12.5377,2,2,2,26.5246,96.5423,-201.236,43.6453,284.752,-893.942,46.9772,360.792,-2870.07,2,0
A,112,.,.,.,LEU,C,880,109,75,10,80.967,2.446,98.528,1.75,0,0,0,0,0,2,0.224229,0.411115,10.8434,8.72878,2,2,2,26.5246,96.5423,-201.236,43.6453,284.752,-893.942,46.9772,360.792,-2870.07,2,0
A,112,.,.,.,LEU,O,881,109,82,10,80.146,2.837,99.347,1.49,6.50033,-0.771437,0.158093,0.616354,4.98518,1,0.0988997,0.411115,26.8647,9.29984,0.775866,0.764225,2,26.5246,96.5423,-201.236,43.6453,284.752,-893.942,46.9772,360.792,-2870.07,0.388241,0
A,112,.,.,.,LEU,CB,882,109,77,10,80.016,0.432,97.395,1.91,0.551845,-0.675481,-0.206279,0.707937,0.56185,1,0.43317,0.411115,26.7172,15.6017,0.856053,2,2,26.5246,96.5423,-201.236,43.6453,284.752,-893.942,46.9772,360.792,-2870.07,2,0
A,112,.,.,.,LEU,CG,883,109,80,10,79.075,-0.048,96.306,2.01,0,0,0,0,0,2,0.437815,0.411115,15.9694,13.7636,2,2,2,26.5246,96.5423,-201.236,43.6453,284.752,-893.942,46.9772,360.792,-2870.07,2,0
A,112,.,.,.,LEU,CD1,884,109,78,10,78.959,-1.559,96.348,1.92,1.24802,-0.670733,-0.0350857,0.740869,0.849876,1,0.414352,0.411115,38.4834,22.152,0.895904,2,2,26.5246,96.5423,-201.236,43.6453,284.752,-893.942,46.9772,360.792,-2870.07,0.570069,0
A,112,.,.,.,LEU,CD2,885,109,79,10,77.698,0.602,96.425,1.92,8.35624,-0.368402,-0.193801,0.909242,4.43253,1,0.382248,0.411115,44.9489,21.9969,0.855938,0.785139,2,26.5246,96.5423,-201.236,43.6453,284.752,-893.942,46.9772,360.792,-2870.07,0.452607,0
A,113,.,.,.,LEU,N,886,110,81,10,82.28,2.512,98.73,1.7,0,0,0,0,0,2,0.605734,0.309247,11.1393,9.5883,2,2,2,28.2678,108.627,-217.222,43.6453,284.752,-893.942,46.9772,360.792,-2870.07,2,0
A,113,.,.,.,LEU,CA,887,110,76,10,82.844,3.157,99.919,1.9,0,0,0,0,0,2,0.27665,0.309247,15.3853,12.6638,2,2,2,28.2678,108.627,-217.222,43.6453,284.752,-893.942,46.9772,360.792,-2870.07,2,0
A,113,.,.,.,LEU,C,888,110,75,10,82.898,4.697,99.769,1.75,0.555642,-0.878456,0.283397,0.384708,1.18371,1,0.253505,0.309247,13.314,9.00475,0.838521,2,2,28.2678,108.627,-217.222,43.6453,284.752,-893.942,46.9772,360.792,-2870.07,0.324197,0
A,113,.,.,.,LEU,O,889,110,82,10,83.119,5.425,100.755,1.49,0.430148,-0.965827,0.186025,0.180478,0.329885,1,0.138529,0.309247,15.2419,9.19026,0.838521,2,2,28.2678,108.627,-217.222,43.6453,284.752,-893.942,46.9772,360.792,-2870.07,0.217444,0
A,113,.,.,.,LEU,CB,890,110,77,10,84.219,2.563,100.232,1.91,0,0,0,0,0,2,0.272517,0.309247,22.4221,15.7651,2,2,2,28.2678,108.627,-217.222,43.6453,284.752,-893.942,46.9772,360.792,-2870.07,2,0
A,113,.,.,.,LEU,CG,891,110,80,10,84.215,1.077,100.623,2.01,0,0,0,0,0,2,0.371909,0.309247,17.5093,13.9268,2,2,2,28.2678,108.627,-217.222,43.6453,284.752,-893.942,46.9772,360.792,-2870.07,2,0
A,113,.,.,.,LEU,CD1,892,110,78,10,85.629,0.572,100.887,1.92,3.72963,0.887101,-0.377804,0.26517,2.5398,1,0.39688,0.309247,42.5015,22.1864,0.732916,0.702811,2,28.2678,108.627,-217.222,43.6453,284.752,-893.942,46.9772,360.792,-2870.07,0.341255,0
A,113,.,.,.,LEU,CD2,893,110,79,10,83.322,0.778,101.806,1.92,0,0,0,0,0,2,0.15825,0.309247,34.3404,22.0165,2,2,2,28.2678,108.627,-217.222,43.6453,284.752,-893.942,46.9772,360.792,-2870.07,2,0
A,114,.,.,.,SER,N,894,111,119,15,82.684,5.184,98.543,1.7,0,0,0,0,0,2,0.596474,0.334509,11.0615,9.74551,2,2,2,29.0864,108.584,-388.464,43.6453,284.752,-893.942,46.9772,360.792,-2870.07,2,0
A,114,.,.,.,SER,CA,895,111,117,15,82.757,6.62,98.212,1.9,0,0,0,0,0,2,0.112962,0.334509,16.5703,13.159,2,2,2,29.0864,108.584,-388.464,43.6453,284.752,-893.942,46.9772,360.792,-2870.07,2,0
A,114,.,.,.,SER,C,896,111,116,15,81.436,7.272,97.771,1.75,0,0,0,0,0,2,0.248631,0.334509,11.1599,8.82154,2,2,2,29.0864,108.584,-388.464,43.6453,284.752,-893.942,46.9772,360.792,-2870.07,2,0
A,114,.,.,.,SER,O,897,111,120,15,81.396,8.481,97.502,1.49,7.79761,-0.0297585,0.984408,-0.173365,2.34827,1,0.18239,0.334509,26.2963,9.38218,0.798553,0.828314,2,29.0864,108.584,-388.464,43.6453,284.752,-893.942,46.9772,360.792,-2870.07,0.0926882,0
A,114,.,.,.,SER,CB,898,111,118,15,83.763,6.82,97.081,1.91,0,0,0,0,-0,2,0.546426,0.334509,26.7162,19.2573,2,2,2,29.0864,108.584,-388.464,43.6453,284.752,-893.942,46.9772,360.792,-2870.07,2,0
A,114,.,.,.,SER,OG,899,111,121,15,85.036,6.272,97.399,1.54,0,0,0,0,-0,2,0.320169,0.334509,14.7002,10.2836,2,2,2,29.0864,108.584,-388.464,43.6453,284.752,-893.942,46.9772,360.792,-2870.07,2,0
A,115,.,.,.,ALA,N,900,112,3,0,80.38,6.466,97.666,1.7,1.14824,-0.218953,-0.0245841,0.975426,1.72241,1,0.159237,0.345769,14.8974,9.77825,0.71536,0.677966,2,28.3968,101.315,-382.877,43.6453,284.752,-893.942,46.9772,360.792,-2870.07,0.0991841,0
A,115,.,.,.,ALA,CA,901,112,1,0,79.085,6.879,97.114,1.9,7.63333,-0.443967,0.79746,0.408596,5.85686,1,0.260891,0.345769,26.7313,12.9902,0.697335,0.673964,2,28.3968,101.315,-382.877,43.6453,284.752,-893.942,46.9772,360.792,-2870.07,0.114983,0
A,115,.,.,.,ALA,C,902,112,0,0,78.019,5.864,97.513,1.75,3.01571,-0.20397,0.451783,0.868498,5.95235,1,0.5385,0.345769,15.3227,8.74054,0.7395,0.736673,2,28.3968,101.315,-382.877,43.6453,284.752,-893.942,46.9772,360.792,-2870.07,0.258977,0
A,115,.,.,.,ALA,O,903,112,4,0,78.298,4.943,98.244,1.49,8.81355,-0.182678,0.00727888,0.983146,4.45085,1,0.381414,0.345769,24.6529,9.11178,0.73306,0.730693,0.614294,28.3968,101.315,-382.877,43.6453,284.752,-893.942,46.9772,360.792,-2870.07,0.371968,0
A,115,.,.,.,ALA,CB,904,112,2,0,79.169,7.006,95.593,1.92,0.0364783,-0.0458604,0.950125,0.308479,0.00261563,1,0.388803,0.345769,41.9315,23.2841,0.708692,0.655751,2,28.3968,101.315,-382.877,43.6453,284.752,-893.942,46.9772,360.792,-2870.07,0.138895,0
A,116,.,.,.,SER,N,905,113,119,15,76.792,6.038,97.046,1.7,1.24659,-0.0950402,0.894374,0.437107,1.5168,1,0.498466,0.497116,16.7258,9.87283,0.695839,0.704031,2,27.7365,92.5962,-310.089,43.6453,284.752,-893.942,46.9772,360.792,-2870.07,0.173337,0
A,116,.,.,.,SER,CA,906,113,117,15,75.699,5.184,97.476,1.9,5.96489,0.0648292,-0.334217,0.940264,3.32525,1,0.443675,0.497116,22.8824,12.8572,0.711996,0.711581,0.685039,27.7365,92.5962,-310.089,43.6453,284.752,-893.942,46.9772,360.792,-2870.07,0.272423,0
A,116,.,.,.,SER,C,907,113,116,15,75.352,4.124,96.414,1.75,0,0,0,0,0,2,0.351347,0.497116,10.901,8.74075,2,2,2,27.7365,92.5962,-310.089,43.6453,284.752,-893.942,46.9772,360.792,-2870.07,2,0
A,116,.,.,.,SER,O,908,113,120,15,75.633,4.295,95.224,1.49,0,0,0,0,0,2,0.641742,0.497116,15.1634,9.29271,2,2,2,27.7365,92.5962,-310.089,43.6453,284.752,-893.942,46.9772,360.792,-2870.07,2,0
A,116,.,.,.,SER,CB,909,113,118,15,74.469,6.039,97.788,1.91,28.2171,-0.0954577,0.510394,0.854626,-7.32533,1,0.563046,0.497116,52.9874,19.361,0.372125,0.371358,0.361144,27.7365,92.5962,-310.089,43.6453,284.752,-893.942,46.9772,360.792,-2870.07,0.187776,0
A,116,.,.,.,SER,OG,910,113,121,15,74.023,6.764,96.656,1.54,4.45481,-0.540168,0.772788,0.333193,-0.642526,1,0.484419,0.497116,20.7015,10.2614,0.339317,0.338862,0.337489,27.7365,92.5962,-310.089,43.6453,284.752,-893.942,46.9772,360.792,-2870.07,0.13783,0
A,117,.,.,.,LYS,N,911,114,89,11,74.757,3.029,96.863,1.7,4.07979,0.173964,-0.238488,0.955437,5.61526,1,0.44632,0.729194,18.6818,9.91713,0.817329,0.817896,2,26.1988,84.1355,-199.151,43.6453,284.752,-893.942,46.9772,360.792,-2870.07,0.285639,0
A,117,.,.,.,LYS,CA,912,114,84,11,74.157,2.04,95.961,1.9,0,0,0,0,0,2,0.818305,0.729194,16.9414,12.9048,2,2,2,26.1988,84.1355,-199.151,43.6453,284.752,-893.942,46.9772,360.792,-2870.07,2,0
A,117,.,.,.,LYS,C,913,114,83,11,73.134,2.74,95.044,1.75,0,0,0,0,0,2,0.733367,0.729194,10.2534,8.71462,2,2,2,26.1988,84.1355,-199.151,43.6453,284.752,-893.942,46.9772,360.792,-2870.07,2,0
A,117,.,.,.,LYS,O,914,114,91,11,73.08,2.478,93.835,1.49,0,0,0,0,0,2,0.816427,0.729194,12.5687,9.16004,2,2,2,26.1988,84.1355,-199.151,43.6453,284.752,-893.942,46.9772,360.792,-2870.07,2,0
A,117,.,.,.,LYS,CB,915,114,85,11,73.478,0.94,96.766,1.91,9.58497,0.288434,-0.153811,0.945065,-1.06107,1,0.589804,0.729194,33.6976,16.2175,0.865475,0.866191,2,26.1988,84.1355,-199.151,43.6453,284.752,-893.942,46.9772,360.792,-2870.07,0.303498,0
A,117,.,.,.,LYS,CG,916,114,88,11,72.924,-0.228,95.958,1.92,0.116679,0.74658,-0.473083,0.467772,-0.0237638,1,0.837924,0.729194,29.033,16.9346,0.907549,0.913509,2,26.1988,84.1355,-199.151,43.6453,284.752,-893.942,46.9772,360.792,-2870.07,0.318088,0
A,117,.,.,.,LYS,CD,917,114,86,11,72.206,-1.25,96.852,1.92,13.8192,0.484958,-0.507992,0.71187,-7.48064,1,0.816488,0.729194,44.9175,17.396,0.888282,0.889375,2,26.1988,84.1355,-199.151,43.6453,284.752,-893.942,46.9772,360.792,-2870.07,0.257856,0
A,117,.,.,.,LYS,CE,918,114,87,11,70.98,-0.622,97.51,1.88,16.1396,-0.326976,0.612248,0.719888,-10.8642,1,0.753574,0.729194,45.1737,17.1107,0.693384,0.68941,0.668082,26.1988,84.1355,-199.151,43.6453,284.752,-893.942,46.9772,360.792,-2870.07,0.215418,0
A,117,.,.,.,LYS,NZ,919,114,90,11,70.029,-1.609,98.093,1.67,47.4015,-0.527883,-0.436779,0.728398,-39.9436,1,0.750539,0.729194,62.451,14.5145,0.691042,0.690357,0.673881,26.1988,84.1355,-199.151,43.6453,284.752,-893.942,46.9772,360.792,-2870.07,0.218865,0
A,118,.,.,.,GLN,N,920,115,41,5,72.38,3.667,95.624,1.7,0,0,0,0,0,2,0.598752,0.587103,11.6024,9.53667,2,2,2,27.1376,89.6859,-161.624,42.304,279.711,-1539.12,38.8837,308.227,2329.91,2,0
A,118,.,.,.,GLN,CA,921,115,37,5,71.356,4.413,94.905,1.9,4.68498,-0.827802,-0.503222,-0.248014,3.56665,1,0.725943,0.587103,23.4956,12.9357,0.896335,2,2,27.1376,89.6859,-161.624,42.304,279.711,-1539.12,38.8837,308.227,2329.91,0.175327,0
A,118,.,.,.,GLN,C,922,115,36,5,71.946,5.195,93.722,1.75,0.250777,-0.579419,0.810662,-0.0842685,0.445839,1,0.650629,0.587103,11.3939,8.76632,0.899086,2,2,27.1376,89.6859,-161.624,42.304,279.711,-1539.12,38.8837,308.227,2329.91,0.1133,0
A,118,.,.,.,GLN,O,923,115,43,5,71.389,5.163,92.614,1.49,3.81247,-0.996701,0.081114,-0.00272947,1.20036,1,0.925659,0.587103,18.8049,9.20232,0.898495,2,2,27.1376,89.6859,-161.624,42.304,279.711,-1539.12,38.8837,308.227,2329.91,0.136287,0
A,118,.,.,.,GLN,CB,924,115,38,5,70.608,5.359,95.856,1.91,22.075,-0.590506,0.788545,-0.171755,-0.666251,1,0.382795,0.587103,45.9967,17.5364,0.387507,0.381203,0.369886,27.1376,89.6859,-161.624,42.304,279.711,-1539.12,38.8837,308.227,2329.91,0.158293,0
A,118,.,.,.,GLN,CG,925,115,40,5,69.785,4.66,96.94,1.8,27.2109,-0.98446,-0.129182,-0.118954,-6.28339,1,0.609568,0.587103,44.5848,13.9598,0.397854,0.394865,0.389735,27.1376,89.6859,-161.624,42.304,279.711,-1539.12,38.8837,308.227,2329.91,0.177189,0
A,118,.,.,.,GLN,CD,926,115,39,5,70.53,4.446,98.274,1.81,3.28172,-0.517016,-0.0382803,0.855119,-0.949005,1,0.492789,0.587103,23.2758,11.9617,0.151407,0.151177,0.145511,27.1376,89.6859,-161.624,42.304,279.711,-1539.12,38.8837,308.227,2329.91,0.182731,0
A,118,.,.,.,GLN,OE1,927,115,44,5,71.689,4.023,98.312,1.52,8.70033,0.373614,-0.345289,0.860923,-4.43694,1,0.574085,0.587103,24.3589,9.48775,0.706373,0.707056,0.658502,27.1376,89.6859,-161.624,42.304,279.711,-1539.12,38.8837,308.227,2329.91,0.203167,0
A,118,.,.,.,GLN,NE2,928,115,42,5,69.844,4.73,99.379,1.62,55.9017,-0.432689,0.186093,0.882128,-29.9385,1,0.323704,0.587103,64.1324,12.8623,0.0979724,0.0978758,0.095094,27.1376,89.6859,-161.624,42.304,279.711,-1539.12,38.8837,308.227,2329.91,0.185207,0
A,119,.,.,.,ASP,N,929,116,27,3,73.074,5.876,93.94,1.7,0,0,0,0,0,2,0.493332,0.727598,11.8907,9.9268,2,2,2,27.2134,100.573,-139.916,42.9897,269.191,-1606.08,38.8837,308.227,2329.91,2,0
A,119,.,.,.,ASP,CA,930,116,24,3,73.719,6.614,92.855,1.9,0,0,0,0,0,2,0.84754,0.727598,16.2465,12.8168,2,2,2,27.2134,100.573,-139.916,42.9897,269.191,-1606.08,38.8837,308.227,2329.91,2,0
A,119,.,.,.,ASP,C,931,116,23,3,74.332,5.671,91.788,1.75,0,0,0,0,0,2,0.881243,0.727598,9.80379,8.88866,2,2,2,27.2134,100.573,-139.916,42.9897,269.191,-1606.08,38.8837,308.227,2329.91,2,0
A,119,.,.,.,ASP,O,932,116,28,3,74.294,5.993,90.596,1.49,0,0,0,0,0,2,0.827501,0.727598,14.5821,9.24439,2,2,2,27.2134,100.573,-139.916,42.9897,269.191,-1606.08,38.8837,308.227,2329.91,2,0
A,119,.,.,.,ASP,CB,933,116,25,3,74.768,7.596,93.384,1.91,0,0,0,0,-0,2,0.647864,0.727598,25.0053,17.934,2,2,2,27.2134,100.573,-139.916,42.9897,269.191,-1606.08,38.8837,308.227,2329.91,2,0
A,119,.,.,.,ASP,CG,934,116,26,3,74.148,8.805,94.103,1.76,0.255553,-0.355152,0.837185,0.415919,-0.0601227,1,0.751203,0.727598,15.219,10.5874,0.347103,0.346558,0.345363,27.2134,100.573,-139.916,42.9897,269.191,-1606.08,38.8837,308.227,2329.91,0.107835,0
A,119,.,.,.,ASP,OD1,935,116,29,3,72.973,9.182,93.839,1.49,19.274,-0.680883,0.589018,0.435266,-9.77467,1,0.82865,0.727598,35.8897,9.42837,0.19647,0.196278,0.194198,27.2134,100.573,-139.916,42.9897,269.191,-1606.08,38.8837,308.227,2329.91,0.104981,0
A,119,.,.,.,ASP,OD2,936,116,29,3,74.856,9.39,94.942,1.49,17.3827,-0.11125,0.663425,0.739926,-8.81548,1,0.543454,0.727598,32.4778,9.38024,0.175518,0.175328,0.174737,27.2134,100.573,-139.916,42.9897,269.191,-1606.08,38.8837,308.227,2329.91,0.134446,0
A,120,.,.,.,MET,N,937,117,97,12,74.883,4.527,92.206,1.7,0,0,0,0,0,2,0.44119,0.554366,11.7249,10.0058,2,2,2,25.4954,95.0231,-35.0914,43.5063,293.629,-1821.92,38.8837,308.227,2329.91,2,0
A,120,.,.,.,MET,CA,938,117,93,12,75.434,3.544,91.259,1.9,0,0,0,0,0,2,0.567744,0.554366,16.9951,12.8611,2,2,2,25.4954,95.0231,-35.0914,43.5063,293.629,-1821.92,38.8837,308.227,2329.91,2,0
A,120,.,.,.,MET,C,939,117,92,12,74.312,2.958,90.381,1.75,0,0,0,0,0,2,0.74177,0.554366,10.897,8.83793,2,2,2,25.4954,95.0231,-35.0914,43.5063,293.629,-1821.92,38.8837,308.227,2329.91,2,0
A,120,.,.,.,MET,O,940,117,98,12,74.482,2.794,89.163,1.49,0,0,0,0,0,2,0.752335,0.554366,12.2785,9.24406,2,2,2,25.4954,95.0231,-35.0914,43.5063,293.629,-1821.92,38.8837,308.227,2329.91,2,0
A,120,.,.,.,MET,CB,941,117,94,12,76.222,2.431,91.981,1.91,0,0,0,0,0,2,0.597753,0.554366,25.9311,16.695,2,2,2,25.4954,95.0231,-35.0914,43.5063,293.629,-1821.92,38.8837,308.227,2329.91,2,0
A,120,.,.,.,MET,CG,942,117,96,12,77.59,2.882,92.536,1.92,0,0,0,0,0,2,0.384014,0.554366,30.2352,18.078,2,2,2,25.4954,95.0231,-35.0914,43.5063,293.629,-1821.92,38.8837,308.227,2329.91,2,0
A,120,.,.,.,MET,SD,943,117,99,12,78.538,1.472,93.147,1.94,0,0,0,0,0,2,0.446138,0.554366,30.049,20.8179,2,2,2,25.4954,95.0231,-35.0914,43.5063,293.629,-1821.92,38.8837,308.227,2329.91,2,0
A,120,.,.,.,MET,CE,944,117,95,12,79.072,0.722,91.608,1.8,0.630255,-0.043604,-0.947301,-0.317363,0.175458,1,0.50398,0.554366,39.0912,19.6998,0.986747,2,2,25.4954,95.0231,-35.0914,43.5063,293.629,-1821.92,38.8837,308.227,2329.91,2,1
A,121,.,.,.,ILE,N,945,118,73,9,73.163,2.682,90.991,1.7,0,0,0,0,0,2,0.638932,0.640504,11.4478,9.60895,2,2,2,25.2141,93.7588,99.0801,43.5063,293.629,-1821.92,38.8837,308.227,2329.91,2,0
A,121,.,.,.,ILE,CA,946,118,68,9,72.009,2.164,90.261,1.9,0,0,0,0,0,2,0.746066,0.640504,15.4193,11.9369,2,2,2,25.2141,93.7588,99.0801,43.5063,293.629,-1821.92,38.8837,308.227,2329.91,2,0
A,121,.,.,.,ILE,C,947,118,67,9,71.456,3.255,89.325,1.75,0,0,0,0,0,2,0.845419,0.640504,9.44149,8.5491,2,2,2,25.2141,93.7588,99.0801,43.5063,293.629,-1821.92,38.8837,308.227,2329.91,2,0
A,121,.,.,.,ILE,O,948,118,74,9,71.136,2.982,88.162,1.49,0,0,0,0,0,2,0.798034,0.640504,12.6732,9.11343,2,2,2,25.2141,93.7588,99.0801,43.5063,293.629,-1821.92,38.8837,308.227,2329.91,2,0
A,121,.,.,.,ILE,CB,949,118,69,9,70.931,1.588,91.219,2.01,2.08703,-0.657738,0.22138,0.71998,2.42342,1,0.490331,0.640504,21.8689,14.1405,0.899438,2,2,25.2141,93.7588,99.0801,43.5063,293.629,-1821.92,38.8837,308.227,2329.91,0.213204,0
A,121,.,.,.,ILE,CG1,950,118,71,9,71.445,0.331,91.944,1.92,0.969098,-0.580613,0.249032,0.775159,1.03677,1,0.420867,0.640504,27.8193,15.9734,0.892327,2,2,25.2141,93.7588,99.0801,43.5063,293.629,-1821.92,38.8837,308.227,2329.91,0.214717,0
A,121,.,.,.,ILE,CG2,951,118,72,9,69.632,1.298,90.493,1.92,8.84734,-0.651932,0.463451,0.600164,7.16503,1,0.650805,0.640504,44.6097,21.7559,0.899047,2,2,25.2141,93.7588,99.0801,43.5063,293.629,-1821.92,38.8837,308.227,2329.91,0.216316,0
A,121,.,.,.,ILE,CD1,952,118,70,9,71.749,-0.866,91.084,1.92,0,0,0,0,0,2,0.533581,0.640504,38.5515,22.9137,2,2,2,25.2141,93.7588,99.0801,43.5063,293.629,-1821.92,38.8837,308.227,2329.91,2,0
A,122,.,.,.,ARG,N,953,119,11,1,71.399,4.494,89.798,1.7,0.112528,-0.871173,-0.00159778,0.490973,0.175772,1,0.92681,0.775621,12.2879,9.75127,0.903517,2,2,26.5115,111.795,216.773,43.5063,293.629,-1821.92,38.8837,308.227,2329.91,2,0
A,122,.,.,.,ARG,CA,954,119,6,1,70.863,5.59,88.983,1.9,0.202399,-0.751143,-0.292479,0.591811,0.173319,1,0.928965,0.775621,18.0497,12.7866,0.912463,2,2,26.5115,111.795,216.773,43.5063,293.629,-1821.92,38.8837,308.227,2329.91,2,0
A,122,.,.,.,ARG,C,955,119,5,1,71.762,5.849,87.765,1.75,0,0,0,0,0,3,0.825253,0.775621,9.61274,8.68096,2,2,2,26.5115,111.795,216.773,43.5063,293.629,-1821.92,38.8837,308.227,2329.91,2,0
A,122,.,.,.,ARG,O,956,119,14,1,71.278,6.122,86.666,1.49,0,0,0,0,0,2,0.842213,0.775621,12.2932,9.10355,2,2,2,26.5115,111.795,216.773,43.5063,293.629,-1821.92,38.8837,308.227,2329.91,2,0
A,122,.,.,.,ARG,CB,957,119,7,1,70.699,6.827,89.849,1.91,1.8268,-0.722976,-0.412515,0.5542,0.21002,1,0.774997,0.775621,26.6438,16.2698,0.902677,2,2,26.5115,111.795,216.773,43.5063,293.629,-1821.92,38.8837,308.227,2329.91,2,0
A,122,.,.,.,ARG,CG,958,119,9,1,69.972,7.994,89.228,1.92,0,0,0,0,0,2,0.856421,0.775621,22.9064,17.1531,2,2,2,26.5115,111.795,216.773,43.5063,293.629,-1821.92,38.8837,308.227,2329.91,2,0
A,122,.,.,.,ARG,CD,959,119,8,1,69.564,9.001,90.318,1.88,13.2077,-0.246455,0.0887288,0.965084,-5.92807,1,0.67411,0.775621,39.4839,17.1407,0.515059,0.512285,0.49745,26.5115,111.795,216.773,43.5063,293.629,-1821.92,38.8837,308.227,2329.91,0.0878348,0
A,122,.,.,.,ARG,NE,960,119,12,1,68.847,10.108,89.722,1.62,2.06304,-0.156949,0.580103,0.79928,-0.572045,1,0.783293,0.775621,13.7132,7.96777,0.465419,0.461354,0.451537,26.5115,111.795,216.773,43.5063,293.629,-1821.92,38.8837,308.227,2329.91,0.0848305,0
A,122,.,.,.,ARG,CZ,961,119,10,1,67.583,10.051,89.359,1.8,5.3264,-0.285332,0.329243,0.900102,-1.56321,1,0.724819,0.775621,19.482,11.1644,0.411534,0.407885,0.397939,26.5115,111.795,216.773,43.5063,293.629,-1821.92,38.8837,308.227,2329.91,0.0828714,0
A,122,.,.,.,ARG,NH1,962,119,13,1,66.873,8.938,89.541,1.62,1.85999,-0.30965,0.303493,0.901115,-0.944317,1,0.952928,0.775621,24.8515,12.5972,0.540365,0.535525,0.52848,26.5115,111.795,216.773,43.5063,293.629,-1821.92,38.8837,308.227,2329.91,0.0883122,0
A,122,.,.,.,ARG,NH2,963,119,13,1,67.022,11.121,88.823,1.67,12.5433,-0.159417,0.833283,0.529363,-6.36827,1,0.242026,0.775621,41.5518,14.3937,0.413943,0.408751,0.397939,26.5115,111.795,216.773,43.5063,293.629,-1821.92,38.8837,308.227,2329.91,0.074698,0
A,123,.,.,.,LYS,N,964,120,89,11,73.067,5.708,87.941,1.7,0,0,0,0,0,2,0.872787,0.762544,11.438,9.81165,2,2,2,26.0555,117.411,344.308,43.5063,293.629,-1821.92,38.8837,308.227,2329.91,2,0
A,123,.,.,.,LYS,CA,965,120,84,11,73.992,5.811,86.804,1.9,0,0,0,0,0,2,0.627699,0.762544,18.0056,12.8068,2,2,2,26.0555,117.411,344.308,43.5063,293.629,-1821.92,38.8837,308.227,2329.91,2,0
A,123,.,.,.,LYS,C,966,120,83,11,73.66,4.76,85.742,1.75,0,0,0,0,0,2,0.88139,0.762544,9.1381,8.55965,2,2,2,26.0555,117.411,344.308,43.5063,293.629,-1821.92,38.8837,308.227,2329.91,2,0
A,123,.,.,.,LYS,O,967,120,91,11,73.681,5.057,84.548,1.49,0.298051,0.524514,0.715342,-0.461703,0.0544212,1,0.77376,0.762544,14.8812,9.31552,0.789552,2,2,26.0555,117.411,344.308,43.5063,293.629,-1821.92,38.8837,308.227,2329.91,2,0
A,123,.,.,.,LYS,CB,968,120,85,11,75.436,5.688,87.281,1.91,0,0,0,0,-0,2,0.840184,0.762544,24.9722,16.3693,2,2,2,26.0555,117.411,344.308,43.5063,293.629,-1821.92,38.8837,308.227,2329.91,2,0
A,123,.,.,.,LYS,CG,969,120,88,11,76.508,5.779,86.207,1.92,8.47637,0.231217,0.705981,-0.669425,-1.72637,1,0.745084,0.762544,36.8484,16.9641,0.857791,0.871572,2,26.0555,117.411,344.308,43.5063,293.629,-1821.92,38.8837,308.227,2329.91,0.685419,0
A,123,.,.,.,LYS,CD,970,120,86,11,76.959,4.375,85.789,1.92,0,0,0,0,-0,2,0.90546,0.762544,23.7904,17.0064,2,2,2,26.0555,117.411,344.308,43.5063,293.629,-1821.92,38.8837,308.227,2329.91,2,0
A,123,.,.,.,LYS,CE,971,120,87,11,78.084,4.367,84.756,1.88,11.9471,0.248705,0.7351,-0.630693,-8.04209,1,0.577533,0.762544,40.8833,17.4219,0.868664,0.884473,2,26.0555,117.411,344.308,43.5063,293.629,-1821.92,38.8837,308.227,2329.91,0.772117,0
A,123,.,.,.,LYS,NZ,972,120,90,11,78.639,2.998,84.658,1.67,3.39517,-0.222483,-0.941732,-0.252275,-2.86099,1,0.638996,0.762544,29.1851,14.032,0.937456,2,2,26.0555,117.411,344.308,43.5063,293.629,-1821.92,38.8837,308.227,2329.91,2,1
A,124,.,.,.,ARG,N,973,121,11,1,73.344,3.54,86.176,1.7,0,0,0,0,0,3,0.795212,0.893033,11.1752,9.8112,2,2,2,24.841,112.793,536.203,46.9772,360.792,-2870.07,43.6453,284.752,-893.942,2,0
A,124,.,.,.,ARG,CA,974,121,6,1,73.049,2.442,85.254,1.9,0.139676,0.332939,-0.585702,-0.738989,0.119608,1,0.786217,0.893033,17.8974,12.753,0.949402,2,2,24.841,112.793,536.203,46.9772,360.792,-2870.07,43.6453,284.752,-893.942,0.853262,1
A,124,.,.,.,ARG,C,975,121,5,1,71.668,2.599,84.572,1.75,0,0,0,0,0,2,0.856392,0.893033,10.3116,8.91738,2,2,2,24.841,112.793,536.203,46.9772,360.792,-2870.07,43.6453,284.752,-893.942,2,0
A,124,.,.,.,ARG,O,976,121,14,1,71.503,2.321,83.362,1.49,0.235718,0.574056,-0.730554,-0.369798,0.0887682,1,0.921554,0.893033,15.2054,9.37462,0.94399,2,2,24.841,112.793,536.203,46.9772,360.792,-2870.07,43.6453,284.752,-893.942,2,1
A,124,.,.,.,ARG,CB,977,121,7,1,73.213,1.093,85.968,1.91,0.673438,0.244658,-0.314043,-0.917344,0.0774224,1,0.992148,0.893033,24.5945,16.5918,0.964633,2,2,24.841,112.793,536.203,46.9772,360.792,-2870.07,43.6453,284.752,-893.942,0.915007,1
A,124,.,.,.,ARG,CG,978,121,9,1,74.671,0.78,86.27,1.92,6.87397,0.304566,-0.27796,-0.911031,0.0454431,1,0.956953,0.893033,34.5132,17.0203,0.970658,2,2,24.841,112.793,536.203,46.9772,360.792,-2870.07,43.6453,284.752,-893.942,0.768374,1
A,124,.,.,.,ARG,CD,979,121,8,1,74.906,-0.134,87.479,1.88,0,0,0,0,-0,2,0.981179,0.893033,30.4108,17.386,2,2,2,24.841,112.793,536.203,46.9772,360.792,-2870.07,43.6453,284.752,-893.942,2,0
A,124,.,.,.,ARG,NE,980,121,12,1,76.324,-0.43,87.516,1.62,0,0,0,0,-0,2,0.9911,0.893033,10.6727,7.92639,2,2,2,24.841,112.793,536.203,46.9772,360.792,-2870.07,43.6453,284.752,-893.942,2,0
A,124,.,.,.,ARG,CZ,981,121,10,1,77.259,0.424,87.941,1.8,0,0,0,0,-0,2,0.845296,0.893033,16.7327,11.2575,2,2,2,24.841,112.793,536.203,46.9772,360.792,-2870.07,43.6453,284.752,-893.942,2,0
A,124,.,.,.,ARG,NH1,982,121,13,1,76.922,1.623,88.415,1.62,0,0,0,0,-0,2,0.874572,0.893033,17.7766,12.5701,2,2,2,24.841,112.793,536.203,46.9772,360.792,-2870.07,43.6453,284.752,-893.942,2,0
A,124,.,.,.,ARG,NH2,983,121,13,1,78.549,0.08,87.875,1.67,1.27442,0.436091,-0.114956,-0.89253,-0.647026,1,0.82274,0.893033,28.4351,14.3783,0.984017,2,2,24.841,112.793,536.203,46.9772,360.792,-2870.07,43.6453,284.752,-893.942,2,1
A,125,.,.,.,ILE,N,984,122,73,9,70.692,3.087,85.324,1.7,0,0,0,0,0,2,0.816243,0.65467,11.79,9.65256,2,2,2,25.7807,127.18,683.801,46.9772,360.792,-2870.07,43.6453,284.752,-893.942,2,0
A,125,.,.,.,ILE,CA,985,122,68,9,69.401,3.453,84.745,1.9,0,0,0,0,0,2,0.747111,0.65467,16.7958,12.0452,2,2,2,25.7807,127.18,683.801,46.9772,360.792,-2870.07,43.6453,284.752,-893.942,2,0
A,125,.,.,.,ILE,C,986,122,67,9,69.555,4.58,83.704,1.75,0,0,0,0,0,2,0.653075,0.65467,9.342,8.46271,2,2,2,25.7807,127.18,683.801,46.9772,360.792,-2870.07,43.6453,284.752,-893.942,2,0
A,125,.,.,.,ILE,O,987,122,74,9,68.896,4.568,82.652,1.49,0,0,0,0,0,2,0.63638,0.65467,12.8087,9.23449,2,2,2,25.7807,127.18,683.801,46.9772,360.792,-2870.07,43.6453,284.752,-893.942,2,0
A,125,.,.,.,ILE,CB,988,122,69,9,68.406,3.896,85.842,2.01,0,0,0,0,0,2,0.680492,0.65467,17.0159,13.9366,2,2,2,25.7807,127.18,683.801,46.9772,360.792,-2870.07,43.6453,284.752,-893.942,2,0
A,125,.,.,.,ILE,CG1,989,122,71,9,68.018,2.71,86.725,1.92,0.00920146,-0.0418367,-0.760326,-0.648193,0.00984399,1,0.696292,0.65467,27.8734,15.9725,0.991949,2,2,25.7807,127.18,683.801,46.9772,360.792,-2870.07,43.6453,284.752,-893.942,2,1
A,125,.,.,.,ILE,CG2,990,122,72,9,67.136,4.465,85.232,1.92,0,0,0,0,0,2,0.554762,0.65467,32.7218,21.5246,2,2,2,25.7807,127.18,683.801,46.9772,360.792,-2870.07,43.6453,284.752,-893.942,2,0
A,125,.,.,.,ILE,CD1,991,122,70,9,67.282,3.124,87.983,1.92,2.04284,0.0170291,0.277364,0.960614,1.55381,1,0.453006,0.65467,45.9006,22.9403,0.906002,2,2,25.7807,127.18,683.801,46.9772,360.792,-2870.07,43.6453,284.752,-893.942,0.12897,0
A,126,.,.,.,LYS,N,992,123,89,11,70.414,5.552,83.996,1.7,0,0,0,0,0,2,0.91602,0.60883,10.9329,9.74088,2,2,2,26.8999,145.346,841.423,46.9772,360.792,-2870.07,43.6453,284.752,-893.942,2,0
A,126,.,.,.,LYS,CA,993,123,84,11,70.708,6.639,83.064,1.9,0,0,0,0,0,2,0.843394,0.60883,16.0922,12.7877,2,2,2,26.8999,145.346,841.423,46.9772,360.792,-2870.07,43.6453,284.752,-893.942,2,0
A,126,.,.,.,LYS,C,994,123,83,11,71.224,6.089,81.741,1.75,0,0,0,0,0,2,0.806241,0.60883,9.48873,8.52851,2,2,2,26.8999,145.346,841.423,46.9772,360.792,-2870.07,43.6453,284.752,-893.942,2,0
A,126,.,.,.,LYS,O,995,123,91,11,70.79,6.534,80.674,1.49,0,0,0,0,0,2,0.649101,0.60883,12.3605,9.02577,2,2,2,26.8999,145.346,841.423,46.9772,360.792,-2870.07,43.6453,284.752,-893.942,2,0
A,126,.,.,.,LYS,CB,996,123,85,11,71.726,7.617,83.657,1.91,0.0525711,0.964635,-0.132137,-0.228076,-0.00581967,1,0.814821,0.60883,23.4474,16.5015,0.789552,2,2,26.8999,145.346,841.423,46.9772,360.792,-2870.07,43.6453,284.752,-893.942,2,0
A,126,.,.,.,LYS,CG,997,123,88,11,71.996,8.84,82.78,1.92,0.313374,0.889385,-0.425582,-0.166959,-0.0638243,1,0.5523,0.60883,26.0596,16.7967,0.804496,0.81509,2,26.8999,145.346,841.423,46.9772,360.792,-2870.07,43.6453,284.752,-893.942,0.503289,0
A,126,.,.,.,LYS,CD,998,123,86,11,72.923,9.841,83.477,1.92,5.34103,0.891954,-0.447938,-0.0613912,-2.89121,1,0.464747,0.60883,35.1984,17.3305,0.890812,0.907528,2,26.8999,145.346,841.423,46.9772,360.792,-2870.07,43.6453,284.752,-893.942,0.418939,0
A,126,.,.,.,LYS,CE,999,123,87,11,73.388,10.917,82.495,1.88,7.36097,0.819173,-0.0906859,-0.566332,-4.95497,1,0.253385,0.60883,35.7428,17.2756,0.797246,0.797325,0.717909,26.8999,145.346,841.423,46.9772,360.792,-2870.07,43.6453,284.752,-893.942,0.360277,0
A,126,.,.,.,LYS,NZ,1000,123,90,11,74.282,11.938,83.098,1.67,16.637,0.882713,0.0547212,-0.466715,-14.0194,1,0.179464,0.60883,41.9415,14.2519,0.796177,0.796692,0.717909,26.8999,145.346,841.423,46.9772,360.792,-2870.07,43.6453,284.752,-893.942,0.206215,0
A,127,.,.,.,VAL,N,1001,124,158,19,72.143,5.132,81.809,1.7,0,0,0,0,0,2,0.536888,0.578903,12.2228,9.81011,2,2,2,26.0204,146.996,1068.86,46.9772,360.792,-2870.07,43.6453,284.752,-893.942,2,0
A,127,.,.,.,VAL,CA,1002,124,154,19,72.627,4.442,80.614,1.9,0,0,0,0,0,2,0.442349,0.578903,16.0102,12.0033,2,2,2,26.0204,146.996,1068.86,46.9772,360.792,-2870.07,43.6453,284.752,-893.942,2,0
A,127,.,.,.,VAL,C,1003,124,153,19,71.466,3.822,79.81,1.75,0,0,0,0,0,2,0.729554,0.578903,9.13846,8.4301,2,2,2,26.0204,146.996,1068.86,46.9772,360.792,-2870.07,43.6453,284.752,-893.942,2,0
A,127,.,.,.,VAL,O,1004,124,159,19,71.393,4.008,78.583,1.49,0,0,0,0,0,2,0.574349,0.578903,12.4262,9.16286,2,2,2,26.0204,146.996,1068.86,46.9772,360.792,-2870.07,43.6453,284.752,-893.942,2,0
A,127,.,.,.,VAL,CB,1005,124,155,19,73.689,3.382,80.96,2.01,1.7845,0.239824,-0.855345,0.459206,1.56574,1,0.616441,0.578903,20.674,14.1602,0.942622,2,2,26.0204,146.996,1068.86,46.9772,360.792,-2870.07,43.6453,284.752,-893.942,0.760375,1
A,127,.,.,.,VAL,CG1,1006,124,156,19,73.98,2.492,79.762,1.92,6.54821,-0.134667,-0.903944,0.405893,4.13554,1,0.793594,0.578903,42.0862,21.7894,0.953745,2,2,26.0204,146.996,1068.86,46.9772,360.792,-2870.07,43.6453,284.752,-893.942,0.923847,1
A,127,.,.,.,VAL,CG2,1007,124,157,19,74.952,4.052,81.465,1.92,10.176,0.623179,0.781996,-0.0113724,7.02273,1,0.359149,0.578903,51.7505,22.1234,0.868761,0.88238,2,26.0204,146.996,1068.86,46.9772,360.792,-2870.07,43.6453,284.752,-893.942,0.599908,1
A,128,.,.,.,CYS,N,1008,125,33,4,70.538,3.14,80.486,1.7,0,0,0,0,0,2,0.731884,0.708109,12.1628,10.0604,2,2,2,26.011,154.332,1253,46.9772,360.792,-2870.07,43.6453,284.752,-893.942,2,0
A,128,.,.,.,CYS,CA,1009,125,31,4,69.368,2.558,79.789,1.9,2.06785,-0.157883,-0.76792,-0.620783,3.24886,1,0.809643,0.708109,21.3258,12.9567,0.971416,2,2,26.011,154.332,1253,46.9772,360.792,-2870.07,43.6453,284.752,-893.942,0.969584,1
A,128,.,.,.,CYS,C,1010,125,30,4,68.554,3.622,79.037,1.75,0,0,0,0,0,2,0.574915,0.708109,10.4846,8.74195,2,2,2,26.011,154.332,1253,46.9772,360.792,-2870.07,43.6453,284.752,-893.942,2,0
A,128,.,.,.,CYS,O,1011,125,34,4,68.193,3.445,77.858,1.49,0.514684,-0.0299991,-0.973227,-0.227881,0.400629,1,0.563221,0.708109,14.644,9.25635,0.977377,2,2,26.011,154.332,1253,46.9772,360.792,-2870.07,43.6453,284.752,-893.942,2,1
A,128,.,.,.,CYS,CB,1012,125,32,4,68.459,1.796,80.768,1.91,1.91407,-0.184163,-0.601128,-0.777643,1.84458,1,0.678664,0.708109,28.5119,18.2292,0.973048,2,2,26.011,154.332,1253,46.9772,360.792,-2870.07,43.6453,284.752,-893.942,0.960604,1
A,128,.,.,.,CYS,SG,1013,125,35,4,69.254,0.384,81.544,1.88,7.16467,0.53506,-0.468164,-0.70323,7.507,1,0.890325,0.708109,49.01,23.1235,0.967644,2,2,26.011,154.332,1253,46.9772,360.792,-2870.07,43.6453,284.752,-893.942,0.960305,1
A,129,.,.,.,GLU,N,1014,126,50,6,68.266,4.725,79.715,1.7,0,0,0,0,0,2,0.896194,0.710179,11.7129,9.77262,2,2,2,27.7563,177.467,1373.88,46.9772,360.792,-2870.07,43.6453,284.752,-893.942,2,0
A,129,.,.,.,GLU,CA,1015,126,46,6,67.527,5.823,79.119,1.9,0,0,0,0,0,2,0.685595,0.710179,17.096,12.7669,2,2,2,27.7563,177.467,1373.88,46.9772,360.792,-2870.07,43.6453,284.752,-893.942,2,0
A,129,.,.,.,GLU,C,1016,126,45,6,68.305,6.463,77.959,1.75,0,0,0,0,0,2,0.482262,0.710179,10.4274,8.77653,2,2,2,27.7563,177.467,1373.88,46.9772,360.792,-2870.07,43.6453,284.752,-893.942,2,0
A,129,.,.,.,GLU,O,1017,126,51,6,67.714,6.78,76.926,1.49,2.47947,-0.822789,0.567695,0.0272194,0.602492,1,0.448016,0.710179,18.4624,9.20338,0.903235,0.924823,2,27.7563,177.467,1373.88,46.9772,360.792,-2870.07,43.6453,284.752,-893.942,0.645773,0
A,129,.,.,.,GLU,CB,1018,126,47,6,67.165,6.869,80.181,1.91,0.484295,-0.450307,0.708941,-0.542795,-0.107903,1,0.709277,0.710179,27.4724,16.9654,0.856222,0.919148,2,27.7563,177.467,1373.88,46.9772,360.792,-2870.07,43.6453,284.752,-893.942,0.689258,0
A,129,.,.,.,GLU,CG,1019,126,49,6,66.153,6.381,81.219,1.88,0,0,0,0,-0,2,0.886161,0.710179,25.4858,16.8745,2,2,2,27.7563,177.467,1373.88,46.9772,360.792,-2870.07,43.6453,284.752,-893.942,2,0
A,129,.,.,.,GLU,CD,1020,126,48,6,64.758,6.152,80.648,1.76,0,0,0,0,-0,2,0.83696,0.710179,15.0308,10.7481,2,2,2,27.7563,177.467,1373.88,46.9772,360.792,-2870.07,43.6453,284.752,-893.942,2,0
A,129,.,.,.,GLU,OE1,1021,126,52,6,64.311,6.981,79.81,1.49,14.3821,-0.216587,0.539601,-0.813585,-9.51556,1,0.581637,0.710179,32.0824,9.35925,0.902135,0.909464,2,27.7563,177.467,1373.88,46.9772,360.792,-2870.07,43.6453,284.752,-893.942,0.604678,0
A,129,.,.,.,GLU,OE2,1022,126,52,6,64.096,5.147,81.034,1.49,0,0,0,0,-0,2,0.86551,0.710179,14.385,9.12225,2,2,2,27.7563,177.467,1373.88,46.9772,360.792,-2870.07,43.6453,284.752,-893.942,2,0
A,130,.,.,.,LEU,N,1023,127,81,10,69.618,6.66,78.126,1.7,0,0,0,0,0,2,0.351185,0.263369,11.6546,9.86421,2,2,2,28.2656,185.84,1523.44,46.9772,360.792,-2870.07,43.6453,284.752,-893.942,2,0
A,130,.,.,.,LEU,CA,1024,127,76,10,70.447,7.201,77.031,1.9,0,0,0,0,0,2,0.32223,0.263369,17.1865,12.706,2,2,2,28.2656,185.84,1523.44,46.9772,360.792,-2870.07,43.6453,284.752,-893.942,2,0
A,130,.,.,.,LEU,C,1025,127,75,10,70.398,6.304,75.793,1.75,0,0,0,0,0,2,0.326328,0.263369,10.0119,8.75189,2,2,2,28.2656,185.84,1523.44,46.9772,360.792,-2870.07,43.6453,284.752,-893.942,2,0
A,130,.,.,.,LEU,O,1026,127,82,10,70.323,6.801,74.646,1.49,1.91862,0.568914,0.795623,-0.208136,1.47141,1,0.23878,0.263369,17.7641,9.31502,0.867982,2,2,28.2656,185.84,1523.44,46.9772,360.792,-2870.07,43.6453,284.752,-893.942,2,0
A,130,.,.,.,LEU,CB,1027,127,77,10,71.906,7.378,77.469,1.91,0.831536,0.39557,0.456196,-0.797125,0.846611,1,0.46008,0.263369,24.2545,15.5066,0.733915,0.727708,2,28.2656,185.84,1523.44,46.9772,360.792,-2870.07,43.6453,284.752,-893.942,2,0
A,130,.,.,.,LEU,CG,1028,127,80,10,72.212,8.498,78.46,2.01,0,0,0,0,0,2,0.110274,0.263369,17.8069,14.1156,2,2,2,28.2656,185.84,1523.44,46.9772,360.792,-2870.07,43.6453,284.752,-893.942,2,0
A,130,.,.,.,LEU,CD1,1029,127,78,10,73.669,8.419,78.898,1.92,24.4062,0.932863,0.360088,-0.0101785,16.6201,1,0.238094,0.263369,61.8568,22.1723,0.770886,0.771092,0.73468,28.2656,185.84,1523.44,46.9772,360.792,-2870.07,43.6453,284.752,-893.942,0.461183,0
A,130,.,.,.,LEU,CD2,1030,127,79,10,71.909,9.863,77.86,1.92,26.9583,0.423344,0.647613,-0.633544,14.2999,1,0.059984,0.263369,62.1377,22.0587,0.700974,0.700083,0.705999,28.2656,185.84,1523.44,46.9772,360.792,-2870.07,43.6453,284.752,-893.942,0.365819,0
A,131,.,.,.,LEU,N,1031,128,81,10,70.502,4.991,76.019,1.7,0,0,0,0,0,2,0.45223,0.459395,11.559,9.8242,2,2,2,27.609,190.987,1721.56,47.5993,346.545,-2863.08,38.8837,308.227,2329.91,2,0
A,131,.,.,.,LEU,CA,1032,128,76,10,70.414,4.025,74.913,1.9,0,0,0,0,0,2,0.371444,0.459395,15.5367,12.503,2,2,2,27.609,190.987,1721.56,47.5993,346.545,-2863.08,38.8837,308.227,2329.91,2,0
A,131,.,.,.,LEU,C,1033,128,75,10,69.059,4.08,74.197,1.75,0,0,0,0,0,2,0.246099,0.459395,10.9094,8.76433,2,2,2,27.609,190.987,1721.56,47.5993,346.545,-2863.08,38.8837,308.227,2329.91,2,0
A,131,.,.,.,LEU,O,1034,128,82,10,69.002,4.022,72.961,1.49,0,0,0,0,0,2,0.205469,0.459395,12.7898,9.21297,2,2,2,27.609,190.987,1721.56,47.5993,346.545,-2863.08,38.8837,308.227,2329.91,2,0
A,131,.,.,.,LEU,CB,1035,128,77,10,70.71,2.612,75.381,1.91,3.84712,-0.644858,-0.752348,0.134651,3.91687,1,0.466574,0.459395,29.5039,15.6448,0.974504,2,2,27.609,190.987,1721.56,47.5993,346.545,-2863.08,38.8837,308.227,2329.91,0.897508,1
A,131,.,.,.,LEU,CG,1036,128,80,10,72.192,2.378,75.687,2.01,0,0,0,0,0,2,0.503315,0.459395,17.8513,13.987,2,2,2,27.609,190.987,1721.56,47.5993,346.545,-2863.08,38.8837,308.227,2329.91,2,0
A,131,.,.,.,LEU,CD1,1037,128,78,10,72.381,1.102,76.472,1.92,5.51308,-0.638168,-0.594922,0.488681,3.75428,1,0.807903,0.459395,48.0302,22.0885,0.972194,2,2,27.609,190.987,1721.56,47.5993,346.545,-2863.08,38.8837,308.227,2329.91,0.958396,1
A,131,.,.,.,LEU,CD2,1038,128,79,10,73.024,2.325,74.412,1.92,0,0,0,0,0,2,0.622122,0.459395,34.1788,21.9563,2,2,2,27.609,190.987,1721.56,47.5993,346.545,-2863.08,38.8837,308.227,2329.91,2,0
A,132,.,.,.,LEU,N,1039,129,81,10,67.98,4.191,74.967,1.7,0,0,0,0,0,2,0.422201,0.234101,11.7889,9.80984,2,2,2,28.7001,209.413,1850.17,46.9772,360.792,-2870.07,43.6453,284.752,-893.942,2,0
A,132,.,.,.,LEU,CA,1040,129,76,10,66.642,4.298,74.387,1.9,0,0,0,0,0,2,0.211238,0.234101,16.1253,12.4783,2,2,2,28.7001,209.413,1850.17,46.9772,360.792,-2870.07,43.6453,284.752,-893.942,2,0
A,132,.,.,.,LEU,C,1041,129,75,10,66.471,5.58,73.564,1.75,0.634596,-0.865939,0.439435,0.238846,1.35191,1,0.0683219,0.234101,11.5248,8.78532,0.888417,0.92056,2,28.7001,209.413,1850.17,46.9772,360.792,-2870.07,43.6453,284.752,-893.942,0.491169,0
A,132,.,.,.,LEU,O,1042,129,82,10,65.857,5.541,72.491,1.49,1.01441,-0.785124,-0.618671,-0.0287603,0.777963,1,0.0530799,0.234101,16.6864,9.34102,0.872978,0.912338,2,28.7001,209.413,1850.17,46.9772,360.792,-2870.07,43.6453,284.752,-893.942,0.49277,1
A,132,.,.,.,LEU,CB,1043,129,77,10,65.571,4.209,75.468,1.91,11.7722,-0.836416,0.533505,-0.125624,11.9857,1,0.169509,0.234101,34.9449,15.6515,0.905029,0.925995,2,28.7001,209.413,1850.17,46.9772,360.792,-2870.07,43.6453,284.752,-893.942,0.60149,1
A,132,.,.,.,LEU,CG,1044,129,80,10,65.461,2.818,76.1,2.01,1.30867,0.626607,-0.707424,0.326979,1.7772,1,0.337062,0.234101,20.7822,13.9923,0.955151,2,2,28.7001,209.413,1850.17,46.9772,360.792,-2870.07,43.6453,284.752,-893.942,0.898083,1
A,132,.,.,.,LEU,CD1,1045,129,78,10,64.427,2.895,77.191,1.92,9.41556,-0.976719,0.213794,-0.0176503,6.41178,1,0.377807,0.234101,55.0758,22.0023,0.949825,0.93479,2,28.7001,209.413,1850.17,46.9772,360.792,-2870.07,43.6453,284.752,-893.942,0.686357,1
A,132,.,.,.,LEU,CD2,1046,129,79,10,65.102,1.71,75.11,1.92,12.222,-0.570568,0.0265652,-0.820821,6.48311,1,0.233587,0.234101,58.8559,22.1521,0.947547,2,2,28.7001,209.413,1850.17,46.9772,360.792,-2870.07,43.6453,284.752,-893.942,0.804715,1
A,133,.,.,.,HIS,N,1047,130,63,8,67.026,6.692,74.057,1.7,1.17694,-0.805054,0.302747,0.510129,1.81538,1,0.308707,0.14924,13.5386,9.83198,0.905497,0.927606,2,30.5049,224.858,1918.67,46.9772,360.792,-2870.07,43.6453,284.752,-893.942,0.572351,0
A,133,.,.,.,HIS,CA,1048,130,58,8,67.039,7.959,73.32,1.9,4.74443,-0.914256,0.189565,0.358052,4.47666,1,0.0958977,0.14924,23.1072,12.9253,0.906775,0.921524,2,30.5049,224.858,1918.67,46.9772,360.792,-2870.07,43.6453,284.752,-893.942,0.395735,0
A,133,.,.,.,HIS,C,1049,130,57,8,67.797,7.789,72.017,1.75,0,0,0,0,0,2,0.192272,0.14924,9.57717,8.58316,2,2,2,30.5049,224.858,1918.67,46.9772,360.792,-2870.07,43.6453,284.752,-893.942,2,0
A,133,.,.,.,HIS,O,1050,130,66,8,67.367,8.272,70.96,1.49,0,0,0,0,0,2,0.187919,0.14924,13.4081,9.27331,2,2,2,30.5049,224.858,1918.67,46.9772,360.792,-2870.07,43.6453,284.752,-893.942,2,0
A,133,.,.,.,HIS,CB,1051,130,59,8,67.706,9.068,74.144,1.91,6.11989,-0.729332,0.223682,0.646561,1.44469,1,0.0895591,0.14924,36.5049,17.6135,0.900494,0.916454,2,30.5049,224.858,1918.67,46.9772,360.792,-2870.07,43.6453,284.752,-893.942,0.444084,0
A,133,.,.,.,HIS,CG,1052,130,62,8,67.763,10.394,73.446,1.8,2.04109,-0.089608,0.567541,0.818455,0.74149,1,0.171111,0.14924,14.5531,9.407,0.869975,0.874599,2,30.5049,224.858,1918.67,46.9772,360.792,-2870.07,43.6453,284.752,-893.942,0.27929,0
A,133,.,.,.,HIS,ND1,1053,130,64,8,66.634,11.118,73.133,1.6,16.6171,-0.889784,0.084997,0.448396,-0.0974116,1,0.0778497,0.14924,28.8765,8.57451,0.566618,0.56514,0.479883,30.5049,224.858,1918.67,46.9772,360.792,-2870.07,43.6453,284.752,-893.942,0.291223,0
A,133,.,.,.,HIS,CD2,1054,130,60,8,68.813,11.126,73.003,1.74,16.3025,0.793758,0.358066,0.491667,0.603484,1,0.150404,0.14924,38.5635,13.2613,0.60504,0.603649,0.603224,30.5049,224.858,1918.67,46.9772,360.792,-2870.07,43.6453,284.752,-893.942,0.218283,0
A,133,.,.,.,HIS,CE1,1055,130,61,8,66.985,12.239,72.526,1.74,34.3658,-0.616472,0.784165,0.0710511,-10.3808,1,0.0478721,0.14924,51.8424,14.2944,0.179872,0.179675,0.171179,30.5049,224.858,1918.67,46.9772,360.792,-2870.07,43.6453,284.752,-893.942,0.176069,0
A,133,.,.,.,HIS,NE2,1056,130,65,8,68.302,12.271,72.44,1.6,16.8278,0.453981,0.880837,0.134262,-4.98075,1,0.170807,0.14924,27.5684,8.91186,0.428562,0.428394,0.426554,30.5049,224.858,1918.67,46.9772,360.792,-2870.07,43.6453,284.752,-893.942,0.128665,0
A,134,.,.,.,GLU,N,1057,131,50,6,68.935,7.106,72.095,1.7,0,0,0,0,0,2,0.206667,0.52322,11.8391,9.73158,2,2,2,30.4484,229.021,2016.68,47.5993,346.545,-2863.08,38.8837,308.227,2329.91,2,0
A,134,.,.,.,GLU,CA,1058,131,46,6,69.759,6.865,70.91,1.9,0,0,0,0,0,2,0.466059,0.52322,16.167,12.8072,2,2,2,30.4484,229.021,2016.68,47.5993,346.545,-2863.08,38.8837,308.227,2329.91,2,0
A,134,.,.,.,GLU,C,1059,131,45,6,69.018,5.978,69.891,1.75,0,0,0,0,0,2,0.569321,0.52322,10.645,8.87444,2,2,2,30.4484,229.021,2016.68,47.5993,346.545,-2863.08,38.8837,308.227,2329.91,2,0
A,134,.,.,.,GLU,O,1060,131,51,6,69.131,6.209,68.669,1.49,0,0,0,0,0,2,0.510662,0.52322,13.7237,9.26637,2,2,2,30.4484,229.021,2016.68,47.5993,346.545,-2863.08,38.8837,308.227,2329.91,2,0
A,134,.,.,.,GLU,CB,1061,131,47,6,71.123,6.29,71.312,1.91,0,0,0,0,-0,2,0.733208,0.52322,25.0417,16.928,2,2,2,30.4484,229.021,2016.68,47.5993,346.545,-2863.08,38.8837,308.227,2329.91,2,0
A,134,.,.,.,GLU,CG,1062,131,49,6,72.254,6.46,70.319,1.88,2.06778,0.988226,-0.115554,0.100281,-0.799525,1,0.763778,0.52322,29.5644,16.8522,0.917775,0.882277,2,30.4484,229.021,2016.68,47.5993,346.545,-2863.08,38.8837,308.227,2329.91,0.392946,0
A,134,.,.,.,GLU,CD,1063,131,48,6,72.539,7.891,69.896,1.76,3.71298,0.955533,0.136059,0.261621,-1.61093,1,0.65944,0.52322,19.1739,10.632,0.688802,0.661911,0.614508,30.4484,229.021,2016.68,47.5993,346.545,-2863.08,38.8837,308.227,2329.91,0.289122,0
A,134,.,.,.,GLU,OE1,1064,131,52,6,72.449,8.844,70.703,1.49,21.4155,0.588856,0.646097,0.485599,-14.1691,1,0.546643,0.52322,37.1307,9.43436,0.698615,0.69798,0.693088,30.4484,229.021,2016.68,47.5993,346.545,-2863.08,38.8837,308.227,2329.91,0.218468,0
A,134,.,.,.,GLU,OE2,1065,131,52,6,72.896,8.06,68.723,1.49,3.74429,0.441558,0.893279,-0.0841361,-2.47732,1,0.2532,0.52322,24.3003,8.92175,0.685233,0.649407,0.589775,30.4484,229.021,2016.68,47.5993,346.545,-2863.08,38.8837,308.227,2329.91,0.141153,0
A,135,.,.,.,CYS,N,1066,132,33,4,68.242,4.999,70.374,1.7,0,0,0,0,0,2,0.173575,0.204133,11.4459,9.90033,2,2,2,30.5404,240.569,2129.54,47.5993,346.545,-2863.08,38.8837,308.227,2329.91,2,0
A,135,.,.,.,CYS,CA,1067,132,31,4,67.431,4.149,69.474,1.9,0,0,0,0,0,2,0.23523,0.204133,16.9864,12.9502,2,2,2,30.5404,240.569,2129.54,47.5993,346.545,-2863.08,38.8837,308.227,2329.91,2,0
A,135,.,.,.,CYS,C,1068,132,30,4,66.39,4.997,68.727,1.75,0.0093146,-0.895586,-0.393668,0.207244,0.0187213,1,0.195649,0.204133,10.9381,8.77819,0.924441,2,2,30.5404,240.569,2129.54,47.5993,346.545,-2863.08,38.8837,308.227,2329.91,2,0
A,135,.,.,.,CYS,O,1069,132,34,4,66.161,4.803,67.526,1.49,0,0,0,0,0,2,0.222062,0.204133,12.1193,9.16915,2,2,2,30.5404,240.569,2129.54,47.5993,346.545,-2863.08,38.8837,308.227,2329.91,2,0
A,135,.,.,.,CYS,CB,1070,132,32,4,66.734,3.019,70.229,1.91,4.36444,-0.94964,-0.112526,0.292441,4.206,1,0.0924435,0.204133,33.1945,18.2219,0.926737,2,2,30.5404,240.569,2129.54,47.5993,346.545,-2863.08,38.8837,308.227,2329.91,0.489664,0
A,135,.,.,.,CYS,SG,1071,132,35,4,67.83,1.707,70.808,1.88,0.722803,0.0376859,-0.453344,0.890538,0.757339,1,0.305841,0.204133,41.0898,23.2121,0.938348,2,2,30.5404,240.569,2129.54,47.5993,346.545,-2863.08,38.8837,308.227,2329.91,2,1
A,136,.,.,.,GLU,N,1072,133,50,6,65.79,5.958,69.432,1.7,0,0,0,0,0,2,0.119254,0.179462,12.0027,9.87408,2,2,2,32.579,260.543,2166.02,46.9772,360.792,-2870.07,43.6453,284.752,-893.942,2,0
A,136,.,.,.,GLU,CA,1073,133,46,6,64.801,6.838,68.818,1.9,6.31322e-05,-0.453654,-0.890142,-0.0429711,3.87848e-05,1,0.369884,0.179462,16.4787,12.6319,0.804128,2,2,32.579,260.543,2166.02,46.9772,360.792,-2870.07,43.6453,284.752,-893.942,2,0
A,136,.,.,.,GLU,C,1074,133,45,6,65.433,7.753,67.781,1.75,0.482813,-0.365376,0.925338,0.101245,0.871024,1,0.252934,0.179462,11.1886,8.64989,0.702666,0.69717,2,32.579,260.543,2166.02,46.9772,360.792,-2870.07,43.6453,284.752,-893.942,2,0
A,136,.,.,.,GLU,O,1075,133,51,6,64.88,7.948,66.699,1.49,0,0,0,0,0,2,0.228983,0.179462,14.797,9.21476,2,2,2,32.579,260.543,2166.02,46.9772,360.792,-2870.07,43.6453,284.752,-893.942,2,0
A,136,.,.,.,GLU,CB,1076,133,47,6,64.077,7.677,69.86,1.91,14.667,-0.317448,0.947526,0.0376984,-3.26788,1,0.0737843,0.179462,39.8002,16.7705,0.634552,0.629616,0.624527,32.579,260.543,2166.02,46.9772,360.792,-2870.07,43.6453,284.752,-893.942,0.193225,0
A,136,.,.,.,GLU,CG,1077,133,49,6,63.153,6.874,70.746,1.88,18.6836,-0.346749,0.36039,0.865959,-7.22418,1,0.138416,0.179462,44.0281,16.7728,0.685029,0.662385,0.624527,32.579,260.543,2166.02,46.9772,360.792,-2870.07,43.6453,284.752,-893.942,0.367539,1
A,136,.,.,.,GLU,CD,1078,133,48,6,61.895,6.378,70.042,1.76,4.37731,-0.554421,0.754832,0.350494,-1.89915,1,0.181184,0.179462,21.1901,10.8007,0.656514,0.61325,0.601241,32.579,260.543,2166.02,46.9772,360.792,-2870.07,43.6453,284.752,-893.942,0.326487,0
A,136,.,.,.,GLU,OE1,1079,133,52,6,61.618,6.757,68.858,1.49,9.45891,-0.639488,0.710271,-0.294229,-6.25827,1,0.125627,0.179462,32.0881,9.43197,0.614887,0.606013,0.601241,32.579,260.543,2166.02,46.9772,360.792,-2870.07,43.6453,284.752,-893.942,0.144339,0
A,136,.,.,.,GLU,OE2,1080,133,52,6,61.177,5.6,70.704,1.49,11.5624,0.214653,-0.672159,0.708609,-7.65002,1,0.125093,0.179462,28.7076,9.33501,0.750417,0.603432,2,32.579,260.543,2166.02,46.9772,360.792,-2870.07,43.6453,284.752,-893.942,0.372373,1
A,137,.,.,.,LEU,N,1081,134,81,10,66.587,8.315,68.111,1.7,0.0916915,-0.579549,0.793568,0.185399,0.185866,1,0.0465234,0.0678878,12.3196,9.7805,0.721303,2,2,33.8206,264.06,2209.44,46.9772,360.792,-2870.07,43.6453,284.752,-893.942,2,0
A,137,.,.,.,LEU,CA,1082,134,76,10,67.315,9.149,67.161,1.9,0.309772,-0.808512,0.543992,0.22446,0.613507,1,0.0783986,0.0678878,18.9708,12.7224,0.736015,2,2,33.8206,264.06,2209.44,46.9772,360.792,-2870.07,43.6453,284.752,-893.942,2,0
A,137,.,.,.,LEU,C,1083,134,75,10,67.696,8.349,65.894,1.75,0,0,0,0,0,2,0.080135,0.0678878,10.4809,8.78874,2,2,2,33.8206,264.06,2209.44,46.9772,360.792,-2870.07,43.6453,284.752,-893.942,2,0
A,137,.,.,.,LEU,O,1084,134,82,10,67.551,8.834,64.765,1.49,0.114317,-0.0821571,0.996562,0.0107291,0.087671,1,0.0622612,0.0678878,13.7285,9.20783,0.83133,2,2,33.8206,264.06,2209.44,46.9772,360.792,-2870.07,43.6453,284.752,-893.942,2,0
A,137,.,.,.,LEU,CB,1085,134,77,10,68.567,9.725,67.817,1.91,0,0,0,0,0,2,0.0965332,0.0678878,25.3624,15.436,2,2,2,33.8206,264.06,2209.44,46.9772,360.792,-2870.07,43.6453,284.752,-893.942,2,0
A,137,.,.,.,LEU,CG,1086,134,80,10,68.399,10.849,68.838,2.01,0.305374,-0.94994,0.0351991,0.310442,0.414704,1,0.042723,0.0678878,19.5708,14.2993,0.42126,0.420667,0.4198,33.8206,264.06,2209.44,46.9772,360.792,-2870.07,43.6453,284.752,-893.942,2,0
A,137,.,.,.,LEU,CD1,1087,134,78,10,69.739,11.124,69.512,1.92,19.5107,0.717091,0.695111,0.0510075,13.2864,1,0.106532,0.0678878,55.801,22.1504,0.448717,0.448603,0.4479,33.8206,264.06,2209.44,46.9772,360.792,-2870.07,43.6453,284.752,-893.942,0.105145,0
A,137,.,.,.,LEU,CD2,1088,134,79,10,67.871,12.127,68.175,1.92,46.6862,-0.391476,0.884248,-0.254661,24.7645,1,0.0299961,0.0678878,78.5195,22.1962,0.0946507,0.094598,0.0945178,33.8206,264.06,2209.44,46.9772,360.792,-2870.07,43.6453,284.752,-893.942,0.0927199,0
A,138,.,.,.,GLN,N,1089,135,41,5,68.19,7.133,66.092,1.7,0,0,0,0,0,2,0.329836,0.310413,12.3209,9.78016,2,2,2,33.5759,268.027,2223.98,47.5993,346.545,-2863.08,38.8837,308.227,2329.91,2,0
A,138,.,.,.,GLN,CA,1090,135,37,5,68.508,6.241,64.979,1.9,0,0,0,0,0,2,0.255907,0.310413,16.2522,12.7097,2,2,2,33.5759,268.027,2223.98,47.5993,346.545,-2863.08,38.8837,308.227,2329.91,2,0
A,138,.,.,.,GLN,C,1091,135,36,5,67.284,5.899,64.117,1.75,0,0,0,0,0,2,0.223972,0.310413,9.9908,8.74565,2,2,2,33.5759,268.027,2223.98,47.5993,346.545,-2863.08,38.8837,308.227,2329.91,2,0
A,138,.,.,.,GLN,O,1092,135,43,5,67.376,5.868,62.879,1.49,0,0,0,0,0,2,0.136022,0.310413,12.303,9.03459,2,2,2,33.5759,268.027,2223.98,47.5993,346.545,-2863.08,38.8837,308.227,2329.91,2,0
A,138,.,.,.,GLN,CB,1093,135,38,5,69.17,4.965,65.482,1.91,0,0,0,0,-0,2,0.364308,0.310413,24.3558,17.3865,2,2,2,33.5759,268.027,2223.98,47.5993,346.545,-2863.08,38.8837,308.227,2329.91,2,0
A,138,.,.,.,GLN,CG,1094,135,40,5,70.604,5.176,65.911,1.8,0,0,0,0,-0,2,0.645407,0.310413,22.5892,13.827,2,2,2,33.5759,268.027,2223.98,47.5993,346.545,-2863.08,38.8837,308.227,2329.91,2,0
A,138,.,.,.,GLN,CD,1095,135,39,5,71.513,5.462,64.736,1.81,0,0,0,0,-0,2,0.38193,0.310413,14.9335,11.6129,2,2,2,33.5759,268.027,2223.98,47.5993,346.545,-2863.08,38.8837,308.227,2329.91,2,0
A,138,.,.,.,GLN,OE1,1096,135,44,5,71.821,6.615,64.446,1.52,8.24803,0.680364,0.263823,-0.683741,-4.20628,1,0.182234,0.310413,31.5814,9.69661,0.704115,0.700278,2,33.5759,268.027,2223.98,47.5993,346.545,-2863.08,38.8837,308.227,2329.91,0.125529,0
A,138,.,.,.,GLN,NE2,1097,135,42,5,71.918,4.414,64.039,1.62,6.64261,0.661887,0.133747,-0.737576,-3.55748,1,0.274104,0.310413,29.3014,12.7164,0.743398,0.743415,2,33.5759,268.027,2223.98,47.5993,346.545,-2863.08,38.8837,308.227,2329.91,0.121593,0
A,139,.,.,.,THR,N,1098,136,126,16,66.156,5.654,64.772,1.7,0,0,0,0,0,2,0.208465,0.189813,11.0028,9.62425,2,2,2,34.6668,283.659,2259.79,47.5993,346.545,-2863.08,38.8837,308.227,2329.91,2,0
A,139,.,.,.,THR,CA,1099,136,123,16,64.899,5.416,64.086,1.9,0,0,0,0,0,2,0.261951,0.189813,14.8932,12.1011,2,2,2,34.6668,283.659,2259.79,47.5993,346.545,-2863.08,38.8837,308.227,2329.91,2,0
A,139,.,.,.,THR,C,1100,136,122,16,64.579,6.575,63.153,1.75,0,0,0,0,0,2,0.115646,0.189813,9.21641,8.40123,2,2,2,34.6668,283.659,2259.79,47.5993,346.545,-2863.08,38.8837,308.227,2329.91,2,0
A,139,.,.,.,THR,O,1101,136,127,16,64.222,6.359,61.986,1.49,1.38751,-0.937969,0.268716,-0.219101,0.641603,1,0.0630778,0.189813,17.367,9.26049,0.624759,0.56258,2,34.6668,283.659,2259.79,47.5993,346.545,-2863.08,38.8837,308.227,2329.91,0.12645,0
A,139,.,.,.,THR,CB,1102,136,124,16,63.754,5.198,65.097,2.01,0,0,0,0,0,2,0.196937,0.189813,22.6969,16.9649,2,2,2,34.6668,283.659,2259.79,47.5993,346.545,-2863.08,38.8837,308.227,2329.91,2,0
A,139,.,.,.,THR,OG1,1103,136,128,16,63.994,3.969,65.811,1.54,0.00354537,-0.274538,-0.0406618,0.960716,-0.000211557,1,0.305279,0.189813,15.28,9.50712,0.976387,2,2,34.6668,283.659,2259.79,47.5993,346.545,-2863.08,38.8837,308.227,2329.91,2,0
A,139,.,.,.,THR,CG2,1104,136,125,16,62.38,5.148,64.397,1.92,18.3805,-0.924989,0.111403,-0.363298,-3.03335,1,0.177333,0.189813,57.2051,22.3275,0.583911,0.571743,0.555136,34.6668,283.659,2259.79,47.5993,346.545,-2863.08,38.8837,308.227,2329.91,0.118862,0
A,140,.,.,.,GLN,N,1105,137,41,5,64.724,7.797,63.665,1.7,0,0,0,0,0,2,0.294942,0.28744,11.3763,9.79784,2,2,2,36.9638,294.636,2303.37,46.9772,360.792,-2870.07,43.6453,284.752,-893.942,2,0
A,140,.,.,.,GLN,CA,1106,137,37,5,64.406,8.995,62.888,1.9,1.36264,-0.777411,-0.220402,-0.589114,1.03737,1,0.202901,0.28744,18.706,12.6985,0.0675347,0.0659144,0.0659144,36.9638,294.636,2303.37,46.9772,360.792,-2870.07,43.6453,284.752,-893.942,0.079227,0
A,140,.,.,.,GLN,C,1107,137,36,5,65.389,9.202,61.742,1.75,0.565265,0.277604,0.960024,-0.0359036,1.00494,1,0.0115241,0.28744,11.6019,8.78384,0.0223853,0.0222233,0.0222233,36.9638,294.636,2303.37,46.9772,360.792,-2870.07,43.6453,284.752,-893.942,0.0456672,0
A,140,.,.,.,GLN,O,1108,137,43,5,64.998,9.643,60.652,1.49,24.4213,-0.364719,0.665193,-0.651536,7.68906,1,0.00511494,0.28744,38.9398,9.38487,0.0220569,0.0219273,0.0219273,36.9638,294.636,2303.37,46.9772,360.792,-2870.07,43.6453,284.752,-893.942,0.0670242,0
A,140,.,.,.,GLN,CB,1109,137,38,5,64.345,10.244,63.784,1.91,17.4534,0.269627,0.955125,-0.122631,-0.526765,1,0.136997,0.28744,43.6855,17.6124,0.0684292,0.0683171,0.0683171,36.9638,294.636,2303.37,46.9772,360.792,-2870.07,43.6453,284.752,-893.942,0.0633489,0
A,140,.,.,.,GLN,CG,1110,137,40,5,63.176,10.261,64.777,1.8,18.5666,-0.0773243,0.720221,0.689422,-4.28729,1,0.235265,0.28744,38.4655,13.9739,0.114381,0.114301,0.113375,36.9638,294.636,2303.37,46.9772,360.792,-2870.07,43.6453,284.752,-893.942,0.0815677,0
A,140,.,.,.,GLN,CD,1111,137,39,5,61.811,10.06,64.124,1.81,7.25947,-0.520172,0.763725,0.382289,-2.09929,1,0.495064,0.28744,22.9335,11.7587,0.0823146,0.0821876,0.0811113,36.9638,294.636,2303.37,46.9772,360.792,-2870.07,43.6453,284.752,-893.942,0.0778315,0
A,140,.,.,.,GLN,OE1,1112,137,44,5,61.52,10.635,63.07,1.52,38.3555,-0.529577,0.502799,-0.683185,-19.5603,1,0.916402,0.28744,47.0444,9.69987,0.0690592,0.0689616,0.0685325,36.9638,294.636,2303.37,46.9772,360.792,-2870.07,43.6453,284.752,-893.942,0.0715206,0
A,140,.,.,.,GLN,NE2,1113,137,42,5,60.962,9.238,64.75,1.62,34.6605,-0.9653,-0.0704433,0.251463,-18.5626,1,0.288749,0.28744,54.8107,12.8935,0.139733,0.139415,0.137158,36.9638,294.636,2303.37,46.9772,360.792,-2870.07,43.6453,284.752,-893.942,0.0803109,0
A,141,.,.,.,LYS,N,1114,138,89,11,66.652,8.879,61.992,1.7,0,0,0,0,0,2,0.0801105,0.141872,11.3048,9.67268,2,2,2,37.4443,291.068,2307.46,47.5993,346.545,-2863.08,38.8837,308.227,2329.91,2,0
A,141,.,.,.,LYS,CA,1115,138,84,11,67.709,9.07,61.01,1.9,6.28824,-0.0184465,0.885499,-0.464276,4.03619,1,0.166394,0.141872,22.7585,12.6193,0.0285786,0.0285217,0.0285217,37.4443,291.068,2307.46,47.5993,346.545,-2863.08,38.8837,308.227,2329.91,0.0528796,0
A,141,.,.,.,LYS,C,1116,138,83,11,67.645,8.048,59.892,1.75,0,0,0,0,0,2,0.10914,0.141872,11.2559,8.69889,2,2,2,37.4443,291.068,2307.46,47.5993,346.545,-2863.08,38.8837,308.227,2329.91,2,0
A,141,.,.,.,LYS,O,1117,138,91,11,67.885,8.385,58.74,1.49,31.9689,0.223632,0.445192,-0.86706,5.83721,1,0.086981,0.141872,43.2402,9.31308,0.0325514,0.0325209,0.0324488,37.4443,291.068,2307.46,47.5993,346.545,-2863.08,38.8837,308.227,2329.91,0.0646186,0
A,141,.,.,.,LYS,CB,1118,138,85,11,69.08,9.024,61.668,1.91,8.51638,0.746279,0.0353846,-0.664692,-0.942772,1,0.314645,0.141872,34.2129,16.3606,0.0593064,0.0592463,0.0588988,37.4443,291.068,2307.46,47.5993,346.545,-2863.08,38.8837,308.227,2329.91,0.0621632,0
A,141,.,.,.,LYS,CG,1119,138,88,11,69.402,10.267,62.471,1.92,19.9494,-0.149678,0.894157,-0.421995,-4.06305,1,0.0758511,0.141872,41.8521,16.746,0.0511436,0.0510941,0.0509122,37.4443,291.068,2307.46,47.5993,346.545,-2863.08,38.8837,308.227,2329.91,0.0590254,0
A,141,.,.,.,LYS,CD,1120,138,86,11,70.719,10.12,63.223,1.92,14.8339,0.759965,-0.00485288,-0.649946,-8.0299,1,0.173816,0.141872,40.1808,17.1307,0.0558151,0.0557419,0.0552676,37.4443,291.068,2307.46,47.5993,346.545,-2863.08,38.8837,308.227,2329.91,0.0652512,0
A,141,.,.,.,LYS,CE,1121,138,87,11,70.924,11.244,64.22,1.88,22.5984,-0.0707817,0.981998,-0.175129,-15.2119,1,0.0879142,0.141872,49.2051,17.3003,0.0642503,0.064195,0.0639144,37.4443,291.068,2307.46,47.5993,346.545,-2863.08,38.8837,308.227,2329.91,0.0691478,0
A,141,.,.,.,LYS,NZ,1122,138,90,11,72.252,11.129,64.886,1.67,39.0385,0.88817,0.441434,0.127634,-32.8964,1,0.181995,0.141872,62.6457,14.4699,0.07289,0.0728158,0.0721691,37.4443,291.068,2307.46,47.5993,346.545,-2863.08,38.8837,308.227,2329.91,0.0858667,0
A,142,.,.,.,LEU,N,1123,139,81,10,67.297,6.814,60.233,1.7,0,0,0,0,0,2,0.0349433,0.0350512,10.7125,9.43699,2,2,2,37.4478,294.426,2301.85,47.5993,346.545,-2863.08,38.8837,308.227,2329.91,2,0
A,142,.,.,.,LEU,CA,1124,139,76,10,67.306,5.714,59.286,1.9,2.97539,0.37258,0.0886537,-0.923756,5.89279,1,0.00739363,0.0350512,19.9976,12.7448,0.0331165,0.0330203,0.0324772,37.4478,294.426,2301.85,47.5993,346.545,-2863.08,38.8837,308.227,2329.91,0.0719566,0
A,142,.,.,.,LEU,C,1125,139,75,10,65.948,5.444,58.642,1.75,2.139,0.0494177,0.606685,-0.793405,4.55682,1,0.013867,0.0350512,13.3432,8.74165,0.0107357,0.0106896,0.0105021,37.4478,294.426,2301.85,47.5993,346.545,-2863.08,38.8837,308.227,2329.91,0.079312,0
A,142,.,.,.,LEU,O,1126,139,82,10,65.872,4.681,57.679,1.49,22.494,0.170677,-0.111465,-0.979002,17.2509,1,0.0243596,0.0350512,35.7051,9.3073,0.0136457,0.0136227,0.0135075,37.4478,294.426,2301.85,47.5993,346.545,-2863.08,38.8837,308.227,2329.91,0.0785459,0
A,142,.,.,.,LEU,CB,1127,139,77,10,67.798,4.444,59.988,1.91,0.249205,0.181556,-0.401071,-0.897875,0.253723,1,0.0157924,0.0350512,24.5568,15.462,0.378872,0.368999,2,37.4478,294.426,2301.85,47.5993,346.545,-2863.08,38.8837,308.227,2329.91,2,0
A,142,.,.,.,LEU,CG,1128,139,80,10,69.219,4.461,60.546,2.01,0,0,0,0,0,2,0.0836383,0.0350512,19.4041,14.0667,2,2,2,37.4478,294.426,2301.85,47.5993,346.545,-2863.08,38.8837,308.227,2329.91,2,0
A,142,.,.,.,LEU,CD1,1129,139,78,10,69.428,3.184,61.339,1.92,0.312123,0.836992,-0.400089,-0.373326,0.212548,1,0.0384751,0.0350512,37.3357,22.1009,0.790868,0.797009,2,37.4478,294.426,2301.85,47.5993,346.545,-2863.08,38.8837,308.227,2329.91,0.071083,0
A,142,.,.,.,LEU,CD2,1130,139,79,10,70.288,4.612,59.457,1.92,49.4403,0.787438,0.129042,-0.602735,26.2254,1,0.0619406,0.0350512,79.7512,22.2416,0.0836891,0.0835963,0.0821166,37.4478,294.426,2301.85,47.5993,346.545,-2863.08,38.8837,308.227,2329.91,0.0678323,0
A,143,.,.,.,GLY,N,1131,140,55,7,64.876,6.043,59.166,1.7,0.788989,0.0822837,0.785236,-0.613705,0.702084,1,0.0575023,0.0767553,14.7686,9.92759,0.000734092,0.000134704,0,38.8837,308.227,2329.91,47.5993,346.545,-2863.08,38.8837,308.227,2329.91,0.0749569,0
A,143,.,.,.,GLY,CA,1132,140,54,7,63.535,5.8,58.628,1.9,33.9455,-0.549418,0.683727,-0.480268,-0.994461,1,0.0400362,0.0767553,58.3466,19.0321,0.00878678,0.00865141,0.00815663,38.8837,308.227,2329.91,47.5993,346.545,-2863.08,38.8837,308.227,2329.91,0.101893,0
A,143,.,.,.,GLY,C,1133,140,53,7,63.032,4.374,58.826,1.75,3.17956,-0.82509,0.275147,0.493479,3.52953,1,0.1875,0.0767553,14.8927,8.89403,0.0162014,0.0160365,0.0150714,38.8837,308.227,2329.91,47.5993,346.545,-2863.08,38.8837,308.227,2329.91,0.129704,0
A,143,.,.,.,GLY,O,1134,140,56,7,62.216,3.894,58.051,1.49,33.9735,-0.719167,-0.124108,-0.683664,4.98343,1,0.0219827,0.0767553,42.9843,9.29589,0.0136502,0.0136119,0.0129632,38.8837,308.227,2329.91,47.5993,346.545,-2863.08,38.8837,308.227,2329.91,0.113163,0
A,144,.,.,.,ARG,N,1135,141,11,1,63.535,3.682,59.848,1.7,0.0513648,-0.794007,0.398866,0.458758,0.0802333,1,0.167498,0.145634,13.6464,9.84031,0.595158,0.586842,0.606509,36.9535,297.596,2261.48,47.5993,346.545,-2863.08,38.8837,308.227,2329.91,0.154183,0
A,144,.,.,.,ARG,CA,1136,141,6,1,63.006,2.372,60.229,1.9,8.70473,-0.998806,0.0475934,-0.0109814,7.45405,1,0.266785,0.145634,25.112,12.7121,0.495423,0.493316,0.472006,36.9535,297.596,2261.48,47.5993,346.545,-2863.08,38.8837,308.227,2329.91,0.143184,0
A,144,.,.,.,ARG,C,1137,141,5,1,63.254,2.145,61.714,1.75,0.00524686,-0.860253,0.502684,0.0852806,0.00967857,1,0.368701,0.145634,11.2735,8.68722,0.636833,0.630706,0.641814,36.9535,297.596,2261.48,47.5993,346.545,-2863.08,38.8837,308.227,2329.91,0.190968,0
A,144,.,.,.,ARG,O,1138,141,14,1,64.17,2.734,62.299,1.49,0,0,0,0,0,2,0.242011,0.145634,15.2917,9.27922,2,2,2,36.9535,297.596,2261.48,47.5993,346.545,-2863.08,38.8837,308.227,2329.91,2,0
A,144,.,.,.,ARG,CB,1139,141,7,1,63.623,1.236,59.42,1.91,22.1773,-0.624829,-0.656762,-0.422199,2.54963,1,0.148519,0.145634,44.2475,16.4699,0.0201185,0.0199809,0.0163339,36.9535,297.596,2261.48,47.5993,346.545,-2863.08,38.8837,308.227,2329.91,0.0977507,0
A,144,.,.,.,ARG,CG,1140,141,9,1,65.138,1.22,59.414,1.92,0.24688,-0.228178,-0.896533,0.37969,0.0016321,1,0.143107,0.145634,27.4773,17.0669,0.0075508,0.0074543,0.0049321,36.9535,297.596,2261.48,47.5993,346.545,-2863.08,38.8837,308.227,2329.91,0.0794726,0
A,144,.,.,.,ARG,CD,1141,141,8,1,65.689,0.149,58.493,1.88,33.4396,-0.335163,-0.659716,-0.672637,-15.0089,1,0.014327,0.145634,53.69,17.2122,0.0367945,0.0367704,0.0360386,36.9535,297.596,2261.48,47.5993,346.545,-2863.08,38.8837,308.227,2329.91,0.0650961,0
A,144,.,.,.,ARG,NE,1142,141,12,1,67.121,0.356,58.308,1.62,12.2855,0.239994,0.0570497,-0.969097,-3.40656,1,0.0335688,0.145634,23.6454,8.02519,0.0338594,0.0338489,0.0337442,36.9535,297.596,2261.48,47.5993,346.545,-2863.08,38.8837,308.227,2329.91,0.0607994,0
A,144,.,.,.,ARG,CZ,1143,141,10,1,68.069,-0.058,59.147,1.8,5.60981,0.0866034,-0.861693,-0.499985,-1.64638,1,0.0719261,0.145634,20.2957,11.2639,0.0439441,0.043923,0.0437919,36.9535,297.596,2261.48,47.5993,346.545,-2863.08,38.8837,308.227,2329.91,0.0587016,0
A,144,.,.,.,ARG,NH1,1144,141,13,1,67.769,-0.724,60.265,1.62,6.13597,-0.41081,-0.892775,-0.184897,-3.11524,1,0.109854,0.145634,28.9605,12.8098,0.40271,0.402527,0.398054,36.9535,297.596,2261.48,47.5993,346.545,-2863.08,38.8837,308.227,2329.91,0.0897847,0
A,144,.,.,.,ARG,NH2,1145,141,13,1,69.333,0.213,58.871,1.67,26.5958,0.616376,-0.118034,-0.778555,-13.5027,1,0.0356756,0.145634,50.1583,14.4217,0.0396211,0.0395872,0.0394842,36.9535,297.596,2261.48,47.5993,346.545,-2863.08,38.8837,308.227,2329.91,0.0589748,0
A,145,.,.,.,LYS,N,1146,142,89,11,62.445,1.282,62.317,1.7,8.45146,-0.809101,-0.354177,-0.468949,11.6323,1,0.214017,0.364148,24.0368,10.0922,0.66422,0.662679,0.651839,34.4892,282.131,2180.82,47.5993,346.545,-2863.08,38.8837,308.227,2329.91,0.215894,0
A,145,.,.,.,LYS,CA,1147,142,84,11,62.436,1.168,63.777,1.9,0.0254044,-0.720139,0.631298,-0.28786,0.0163061,1,0.403409,0.364148,14.8538,12.4523,0.65725,0.656521,2,34.4892,282.131,2180.82,47.5993,346.545,-2863.08,38.8837,308.227,2329.91,0.223269,0
A,145,.,.,.,LYS,C,1148,142,83,11,63.671,0.46,64.319,1.75,0,0,0,0,0,2,0.297225,0.364148,10.3015,8.65723,2,2,2,34.4892,282.131,2180.82,47.5993,346.545,-2863.08,38.8837,308.227,2329.91,2,0
A,145,.,.,.,LYS,O,1149,142,91,11,63.953,-0.682,63.965,1.49,9.15392,-0.116083,-0.785427,-0.607972,1.67141,1,0.296462,0.364148,32.0392,9.34619,0.698155,0.688916,2,34.4892,282.131,2180.82,47.5993,346.545,-2863.08,38.8837,308.227,2329.91,0.19147,0
A,145,.,.,.,LYS,CB,1150,142,85,11,61.186,0.455,64.262,1.91,6.56377,-0.537887,0.0210588,-0.842754,-0.726615,1,0.534436,0.364148,33.9888,16.5169,0.663518,0.663578,0.641814,34.4892,282.131,2180.82,47.5993,346.545,-2863.08,38.8837,308.227,2329.91,0.284204,0
A,145,.,.,.,LYS,CG,1151,142,88,11,61.015,0.48,65.773,1.92,0,0,0,0,-0,2,0.510014,0.364148,19.853,16.4759,2,2,2,34.4892,282.131,2180.82,47.5993,346.545,-2863.08,38.8837,308.227,2329.91,2,0
A,145,.,.,.,LYS,CD,1152,142,86,11,60.805,1.875,66.337,1.92,4.12064,-0.640975,0.589124,-0.492021,-2.23059,1,0.346843,0.364148,31.16,17.1604,0.667053,0.651169,0.641814,34.4892,282.131,2180.82,47.5993,346.545,-2863.08,38.8837,308.227,2329.91,0.235219,0
A,145,.,.,.,LYS,CE,1153,142,87,11,60.511,1.766,67.822,1.88,5.84518,0.235501,-0.236566,0.942643,-3.93463,1,0.449537,0.364148,34.5211,17.1516,0.893286,0.622539,2,34.4892,282.131,2180.82,47.5993,346.545,-2863.08,38.8837,308.227,2329.91,0.635458,0
A,145,.,.,.,LYS,NZ,1154,142,90,11,60.155,3.061,68.438,1.67,6.76542,0.153922,-0.0181822,0.987916,-5.70098,1,0.225388,0.364148,36.7928,14.4384,0.894801,0.622539,2,34.4892,282.131,2180.82,47.5993,346.545,-2863.08,38.8837,308.227,2329.91,0.279356,0
A,146,.,.,.,ILE,N,1155,143,73,9,64.396,1.165,65.182,1.7,0,0,0,0,0,2,0.249965,0.172512,11.1206,9.59228,2,2,2,32.0723,258.096,2194.18,47.5993,346.545,-2863.08,38.8837,308.227,2329.91,2,0
A,146,.,.,.,ILE,CA,1156,143,68,9,65.52,0.604,65.906,1.9,0.135137,0.244671,-0.966491,-0.0776631,0.254306,1,0.261278,0.172512,15.9476,11.7239,0.90385,2,2,32.0723,258.096,2194.18,47.5993,346.545,-2863.08,38.8837,308.227,2329.91,2,0
A,146,.,.,.,ILE,C,1157,143,67,9,65.03,0.473,67.335,1.75,0,0,0,0,0,2,0.231694,0.172512,10.0368,8.44466,2,2,2,32.0723,258.096,2194.18,47.5993,346.545,-2863.08,38.8837,308.227,2329.91,2,0
A,146,.,.,.,ILE,O,1158,143,74,9,64.718,1.481,67.965,1.49,1.68259,-0.537648,0.43497,0.722313,1.59541,1,0.177448,0.172512,19.6548,9.31473,0.940309,2,2,32.0723,258.096,2194.18,47.5993,346.545,-2863.08,38.8837,308.227,2329.91,0.480993,0
A,146,.,.,.,ILE,CB,1159,143,69,9,66.743,1.528,65.867,2.01,0,0,0,0,0,2,0.172721,0.172512,16.5286,13.92,2,2,2,32.0723,258.096,2194.18,47.5993,346.545,-2863.08,38.8837,308.227,2329.91,2,0
A,146,.,.,.,ILE,CG1,1160,143,71,9,67.235,1.761,64.427,1.92,0,0,0,0,0,2,0.08115,0.172512,23.1446,16.0927,2,2,2,32.0723,258.096,2194.18,47.5993,346.545,-2863.08,38.8837,308.227,2329.91,2,0
A,146,.,.,.,ILE,CG2,1161,143,72,9,67.835,0.95,66.745,1.92,0,0,0,0,0,2,0.153357,0.172512,33.8679,21.8432,2,2,2,32.0723,258.096,2194.18,47.5993,346.545,-2863.08,38.8837,308.227,2329.91,2,0
A,146,.,.,.,ILE,CD1,1162,143,70,9,67.674,0.51,63.696,1.92,0,0,0,0,0,2,0.0524839,0.172512,40.019,22.8743,2,2,2,32.0723,258.096,2194.18,47.5993,346.545,-2863.08,38.8837,308.227,2329.91,2,0
A,147,.,.,.,GLU,N,1163,144,50,6,64.952,-0.771,67.814,1.7,2.97627,0.325563,-0.792464,-0.515762,3.81305,1,0.409279,0.514588,17.5853,9.77642,0.913383,2,2,30.3969,237.049,2038.38,47.5993,346.545,-2863.08,38.8837,308.227,2329.91,0.392671,1
A,147,.,.,.,GLU,CA,1164,144,46,6,64.271,-1.117,69.056,1.9,3.85661,-0.535646,0.588974,0.605139,2.36928,1,0.610488,0.514588,22.8935,13.1904,0.930654,2,2,30.3969,237.049,2038.38,47.5993,346.545,-2863.08,38.8837,308.227,2329.91,0.761385,0
A,147,.,.,.,GLU,C,1165,144,45,6,65.218,-1.506,70.214,1.75,0,0,0,0,0,2,0.417794,0.514588,10.9308,8.74894,2,2,2,30.3969,237.049,2038.38,47.5993,346.545,-2863.08,38.8837,308.227,2329.91,2,0
A,147,.,.,.,GLU,O,1166,144,51,6,64.821,-1.494,71.375,1.49,4.05957,-0.717865,0.640598,0.272588,0.986443,1,0.48681,0.514588,29.8113,9.29533,0.943442,2,2,30.3969,237.049,2038.38,47.5993,346.545,-2863.08,38.8837,308.227,2329.91,0.8347,0
A,147,.,.,.,GLU,CB,1167,144,47,6,63.308,-2.311,68.794,1.91,7.24034,-0.705686,-0.284295,0.648987,-1.61318,1,0.638234,0.514588,38.4225,17.0319,0.930576,2,2,30.3969,237.049,2038.38,47.5993,346.545,-2863.08,38.8837,308.227,2329.91,0.59784,1
A,147,.,.,.,GLU,CG,1168,144,49,6,62.384,-2.193,67.576,1.88,0.789745,0.744167,-0.432627,-0.508968,-0.305362,1,0.580702,0.514588,27.0218,16.755,0.923957,2,2,30.3969,237.049,2038.38,47.5993,346.545,-2863.08,38.8837,308.227,2329.91,0.41992,0
A,147,.,.,.,GLU,CD,1169,144,48,6,61.803,-3.529,67.086,1.76,3.48772,0.841723,-0.498429,-0.207533,-1.51319,1,0.594518,0.514588,18.6565,10.791,0.757064,0.683053,2,30.3969,237.049,2038.38,47.5993,346.545,-2863.08,38.8837,308.227,2329.91,0.461492,0
A,147,.,.,.,GLU,OE1,1170,144,52,6,61.677,-3.707,65.848,1.49,18.1465,0.324407,-0.426983,-0.844065,-12.0062,1,0.353794,0.514588,36.0253,9.48342,0.699206,0.674393,0.634698,30.3969,237.049,2038.38,47.5993,346.545,-2863.08,38.8837,308.227,2329.91,0.393249,0
A,147,.,.,.,GLU,OE2,1171,144,52,6,61.447,-4.4,67.906,1.49,4.40572,-0.649515,0.0991408,0.753858,-2.91494,1,0.539669,0.514588,26.1105,9.39873,0.939484,0.890368,2,30.3969,237.049,2038.38,47.5993,346.545,-2863.08,38.8837,308.227,2329.91,0.468258,0
A,148,.,.,.,MET,N,1172,145,97,12,66.452,-1.899,69.905,1.7,0.582709,-0.00190015,-0.58543,-0.810721,0.632577,1,0.290761,0.311362,15.9097,9.92527,0.919601,2,2,28.408,206.448,1897.14,47.5993,346.545,-2863.08,38.8837,308.227,2329.91,0.567845,1
A,148,.,.,.,MET,CA,1173,145,93,12,67.339,-2.485,70.91,1.9,0.143043,-0.0207219,0.634878,0.772335,0.186996,1,0.355801,0.311362,17.0864,12.6652,0.935367,2,2,28.408,206.448,1897.14,47.5993,346.545,-2863.08,38.8837,308.227,2329.91,0.87678,1
A,148,.,.,.,MET,C,1174,145,92,12,68.756,-1.971,70.778,1.75,0,0,0,0,0,2,0.365462,0.311362,11.297,8.79864,2,2,2,28.408,206.448,1897.14,47.5993,346.545,-2863.08,38.8837,308.227,2329.91,2,0
A,148,.,.,.,MET,O,1175,145,98,12,69.142,-1.42,69.729,1.49,0,0,0,0,0,2,0.374609,0.311362,14.0377,9.33561,2,2,2,28.408,206.448,1897.14,47.5993,346.545,-2863.08,38.8837,308.227,2329.91,2,0
A,148,.,.,.,MET,CB,1176,145,94,12,67.356,-4.008,70.774,1.91,1.43388,-0.102798,-0.193241,-0.975751,0.920914,1,0.372951,0.311362,26.147,16.3908,0.919272,2,2,28.408,206.448,1897.14,47.5993,346.545,-2863.08,38.8837,308.227,2329.91,0.404801,1
A,148,.,.,.,MET,CG,1177,145,96,12,66.006,-4.685,70.931,1.92,1.06078,-0.0344781,-0.000520363,-0.999405,0.594821,1,0.208196,0.311362,27.4188,17.863,0.922032,0.890368,2,28.408,206.448,1897.14,47.5993,346.545,-2863.08,38.8837,308.227,2329.91,0.482904,1
A,148,.,.,.,MET,SD,1178,145,99,12,66.155,-6.47,70.665,1.94,9.09592,0.151948,-0.40377,-0.902154,4.93455,1,0.254781,0.311362,43.5388,21.1941,0.744554,0.713914,0.612341,28.408,206.448,1897.14,47.5993,346.545,-2863.08,38.8837,308.227,2329.91,0.3271,0
A,148,.,.,.,MET,CE,1179,145,95,12,64.47,-6.895,70.284,1.8,14.8983,0.127131,-0.588448,-0.798478,4.14758,1,0.268332,0.311362,50.7573,19.5819,0.713586,0.683597,0.611226,28.408,206.448,1897.14,47.5993,346.545,-2863.08,38.8837,308.227,2329.91,0.432087,0
A,149,.,.,.,ALA,N,1180,146,3,0,69.532,-2.177,71.846,1.7,0.246036,-0.516447,0.625219,0.585136,0.369064,1,0.615487,0.774824,13.4183,9.75321,0.954119,2,2,27.3109,189.993,1751.25,47.5993,346.545,-2863.08,38.8837,308.227,2329.91,2,1
A,149,.,.,.,ALA,CA,1181,146,1,0,70.961,-1.897,71.847,1.9,0,0,0,0,0,2,0.67136,0.774824,16.1009,12.8105,2,2,2,27.3109,189.993,1751.25,47.5993,346.545,-2863.08,38.8837,308.227,2329.91,2,0
A,149,.,.,.,ALA,C,1182,146,0,0,71.757,-3.199,71.924,1.75,0,0,0,0,0,2,0.797849,0.774824,12.4101,8.82301,2,2,2,27.3109,189.993,1751.25,47.5993,346.545,-2863.08,38.8837,308.227,2329.91,2,0
A,149,.,.,.,ALA,O,1183,146,4,0,71.241,-4.257,72.318,1.49,0,0,0,0,0,2,0.910497,0.774824,14.1155,9.16583,2,2,2,27.3109,189.993,1751.25,47.5993,346.545,-2863.08,38.8837,308.227,2329.91,2,0
A,149,.,.,.,ALA,CB,1184,146,2,0,71.318,-0.992,73.023,1.92,1.92615,-0.793581,0.211889,0.570379,0.138112,1,0.878927,0.774824,44.8031,23.378,0.956958,2,2,27.3109,189.993,1751.25,47.5993,346.545,-2863.08,38.8837,308.227,2329.91,2,1
A,150,.,.,.,LEU,N,1185,147,81,10,73.015,-3.108,71.533,1.7,0,0,0,0,0,2,0.602052,0.760699,12.9824,9.72642,2,2,2,26.9033,174.742,1459.86,47.5993,346.545,-2863.08,38.8837,308.227,2329.91,2,0
A,150,.,.,.,LEU,CA,1186,147,76,10,73.977,-4.2,71.64,1.9,0,0,0,0,0,3,0.605133,0.760699,16.4225,12.7488,2,2,2,26.9033,174.742,1459.86,47.5993,346.545,-2863.08,38.8837,308.227,2329.91,2,0
A,150,.,.,.,LEU,C,1187,147,75,10,74.898,-3.858,72.809,1.75,0,0,0,0,0,2,0.978607,0.760699,11.3195,8.68032,2,2,2,26.9033,174.742,1459.86,47.5993,346.545,-2863.08,38.8837,308.227,2329.91,2,0
A,150,.,.,.,LEU,O,1188,147,82,10,75.401,-2.739,72.895,1.49,0,0,0,0,0,2,0.981179,0.760699,15.0112,9.15968,2,2,2,26.9033,174.742,1459.86,47.5993,346.545,-2863.08,38.8837,308.227,2329.91,2,0
A,150,.,.,.,LEU,CB,1189,147,77,10,74.769,-4.32,70.329,1.91,0,0,0,0,0,2,0.722463,0.760699,26.1717,15.5826,2,2,2,26.9033,174.742,1459.86,47.5993,346.545,-2863.08,38.8837,308.227,2329.91,2,0
A,150,.,.,.,LEU,CG,1190,147,80,10,75.759,-5.478,70.176,2.01,0,0,0,0,0,2,0.784997,0.760699,20.4223,14.1973,2,2,2,26.9033,174.742,1459.86,47.5993,346.545,-2863.08,38.8837,308.227,2329.91,2,0
A,150,.,.,.,LEU,CD1,1191,147,78,10,75.03,-6.81,70.229,1.92,0.519038,-0.261952,-0.270728,-0.92633,0.353453,1,0.64756,0.760699,37.6004,21.8974,0.971431,2,2,26.9033,174.742,1459.86,47.5993,346.545,-2863.08,38.8837,308.227,2329.91,2,0
A,150,.,.,.,LEU,CD2,1192,147,79,10,76.534,-5.394,68.873,1.92,0.324541,-0.520579,-0.519543,-0.677548,0.172152,1,0.763603,0.760699,35.4878,22.122,0.952963,2,2,26.9033,174.742,1459.86,47.5993,346.545,-2863.08,38.8837,308.227,2329.91,2,0
A,151,.,.,.,MET,N,1193,148,97,12,75.086,-4.792,73.737,1.7,0,0,0,0,0,2,0.925693,0.953658,14.1864,10.1086,2,2,2,25.4535,146.798,1110.3,47.5993,346.545,-2863.08,38.8837,308.227,2329.91,2,0
A,151,.,.,.,MET,CA,1194,148,93,12,75.97,-4.56,74.882,1.9,0,0,0,0,0,2,0.992647,0.953658,14.881,12.5992,2,2,2,25.4535,146.798,1110.3,47.5993,346.545,-2863.08,38.8837,308.227,2329.91,2,0
A,151,.,.,.,MET,C,1195,148,92,12,77.168,-5.493,74.825,1.75,0,0,0,0,0,2,0.997226,0.953658,11.3671,8.77033,2,2,2,25.4535,146.798,1110.3,47.5993,346.545,-2863.08,38.8837,308.227,2329.91,2,0
A,151,.,.,.,MET,O,1196,148,98,12,77.007,-6.689,74.627,1.49,0,0,0,0,0,2,0.978716,0.953658,15.3069,9.19186,2,2,2,25.4535,146.798,1110.3,47.5993,346.545,-2863.08,38.8837,308.227,2329.91,2,0
A,151,.,.,.,MET,CB,1197,148,94,12,75.221,-4.733,76.204,1.91,0,0,0,0,0,2,0.969862,0.953658,24.6513,16.3589,2,2,2,25.4535,146.798,1110.3,47.5993,346.545,-2863.08,38.8837,308.227,2329.91,2,0
A,151,.,.,.,MET,CG,1198,148,96,12,74.458,-3.493,76.642,1.92,0,0,0,0,0,2,0.952232,0.953658,27.5194,17.7996,2,2,2,25.4535,146.798,1110.3,47.5993,346.545,-2863.08,38.8837,308.227,2329.91,2,0
A,151,.,.,.,MET,SD,1199,148,99,12,73.965,-3.603,78.369,1.94,10.1631,-0.51284,0.520361,0.682803,5.51348,1,0.835475,0.953658,50.3756,21.2186,0.969998,2,2,25.4535,146.798,1110.3,47.5993,346.545,-2863.08,38.8837,308.227,2329.91,0.932832,1
A,151,.,.,.,MET,CE,1200,148,95,12,75.578,-3.744,79.132,1.8,3.51359,-0.403435,0.333416,0.8521,0.978159,1,0.977415,0.953658,35.8687,19.1499,0.982369,2,2,25.4535,146.798,1110.3,47.5993,346.545,-2863.08,38.8837,308.227,2329.91,0.919632,1
A,152,.,.,.,VAL,N,1201,149,158,19,78.364,-4.921,74.987,1.7,0,0,0,0,0,2,0.986323,0.966719,12.8005,9.68933,2,2,2,25.5948,139.348,772.401,47.5993,346.545,-2863.08,38.8837,308.227,2329.91,2,0
A,152,.,.,.,VAL,CA,1202,149,154,19,79.616,-5.673,75.078,1.9,0,0,0,0,0,2,0.977077,0.966719,14.0126,11.9679,2,2,2,25.5948,139.348,772.401,47.5993,346.545,-2863.08,38.8837,308.227,2329.91,2,0
A,152,.,.,.,VAL,C,1203,149,153,19,80.128,-5.599,76.521,1.75,0,0,0,0,0,2,0.959628,0.966719,10.8301,8.61127,2,2,2,25.5948,139.348,772.401,47.5993,346.545,-2863.08,38.8837,308.227,2329.91,2,0
A,152,.,.,.,VAL,O,1204,149,159,19,80.221,-4.513,77.101,1.49,0.122952,0.955457,0.288149,-0.0638061,0.101945,1,0.94952,0.966719,16.0896,9.09013,0.977015,2,2,25.5948,139.348,772.401,47.5993,346.545,-2863.08,38.8837,308.227,2329.91,2,0
A,152,.,.,.,VAL,CB,1205,149,155,19,80.665,-5.104,74.114,2.01,0,0,0,0,0,2,0.986933,0.966719,17.7572,14.1466,2,2,2,25.5948,139.348,772.401,47.5993,346.545,-2863.08,38.8837,308.227,2329.91,2,0
A,152,.,.,.,VAL,CG1,1206,149,156,19,81.975,-5.874,74.185,1.92,0.0109844,0.328257,0.58719,0.739902,0.00693722,1,0.966775,0.966719,40.6401,22.074,0.977015,2,2,25.5948,139.348,772.401,47.5993,346.545,-2863.08,38.8837,308.227,2329.91,2,0
A,152,.,.,.,VAL,CG2,1207,149,157,19,80.13,-5.122,72.687,1.92,0,0,0,0,0,2,0.940774,0.966719,40.0017,22.0569,2,2,2,25.5948,139.348,772.401,47.5993,346.545,-2863.08,38.8837,308.227,2329.91,2,0
A,153,.,.,.,PHE,N,1208,150,107,13,80.439,-6.759,77.089,1.7,0,0,0,0,0,2,0.998043,0.917996,11.3286,9.64811,2,2,2,24.6854,115.931,468.772,47.5993,346.545,-2863.08,38.8837,308.227,2329.91,2,0
A,153,.,.,.,PHE,CA,1209,150,101,13,80.929,-6.866,78.465,1.9,0,0,0,0,0,2,0.944559,0.917996,15.6571,12.7823,2,2,2,24.6854,115.931,468.772,47.5993,346.545,-2863.08,38.8837,308.227,2329.91,2,0
A,153,.,.,.,PHE,C,1210,150,100,13,82.391,-7.28,78.468,1.75,0,0,0,0,0,2,0.979217,0.917996,10.9665,8.7121,2,2,2,24.6854,115.931,468.772,47.5993,346.545,-2863.08,38.8837,308.227,2329.91,2,0
A,153,.,.,.,PHE,O,1211,150,108,13,82.737,-8.408,78.101,1.49,0,0,0,0,0,2,0.982945,0.917996,13.8985,9.23874,2,2,2,24.6854,115.931,468.772,47.5993,346.545,-2863.08,38.8837,308.227,2329.91,2,0
A,153,.,.,.,PHE,CB,1212,150,102,13,80.12,-7.864,79.28,1.91,0.661735,-0.345318,-0.70755,0.616545,0.652411,1,0.958903,0.917996,28.2352,17.5323,0.973559,2,2,24.6854,115.931,468.772,47.5993,346.545,-2863.08,38.8837,308.227,2329.91,0.907394,1
A,153,.,.,.,PHE,CG,1213,150,105,13,78.699,-7.464,79.486,1.74,0.717826,-0.233195,-0.868189,0.438028,1.20616,1,0.799383,0.917996,8.48034,6.22585,0.971801,2,2,24.6854,115.931,468.772,47.5993,346.545,-2863.08,38.8837,308.227,2329.91,0.910408,1
A,153,.,.,.,PHE,CD1,1214,150,103,13,77.75,-7.705,78.499,1.82,1.30086,-0.246432,-0.815988,0.52291,1.27273,1,0.947882,0.917996,25.4104,14.2485,0.969317,2,2,24.6854,115.931,468.772,47.5993,346.545,-2863.08,38.8837,308.227,2329.91,0.915344,1
A,153,.,.,.,PHE,CD2,1215,150,103,13,78.296,-6.876,80.675,1.82,7.39634,-0.0541891,-0.77828,0.625575,7.23641,1,0.834615,0.917996,29.5441,14.3751,0.961956,2,2,24.6854,115.931,468.772,47.5993,346.545,-2863.08,38.8837,308.227,2329.91,0.91607,1
A,153,.,.,.,PHE,CE1,1216,150,104,13,76.439,-7.34,78.686,1.82,0.743002,-0.0373052,-0.866928,0.497035,0.528431,1,0.939554,0.917996,20.8591,13.9971,0.973656,2,2,24.6854,115.931,468.772,47.5993,346.545,-2863.08,38.8837,308.227,2329.91,0.923529,1
A,153,.,.,.,PHE,CE2,1217,150,104,13,76.98,-6.497,80.861,1.82,3.88995,-0.29441,-0.512518,0.806628,2.76657,1,0.802144,0.917996,30.345,13.9674,0.96466,2,2,24.6854,115.931,468.772,47.5993,346.545,-2863.08,38.8837,308.227,2329.91,0.915209,1
A,153,.,.,.,PHE,CZ,1218,150,106,13,76.051,-6.74,79.877,1.82,2.26984,-0.721483,-0.170454,0.671124,1.51801,1,0.91071,0.917996,26.2949,13.6342,0.975405,2,2,24.6854,115.931,468.772,47.5993,346.545,-2863.08,38.8837,308.227,2329.91,0.919613,1
A,154,.,.,.,ASP,N,1219,151,27,3,83.253,-6.342,78.834,1.7,0,0,0,0,0,2,0.999022,0.934611,15.0571,9.91872,2,2,2,25.4672,117.816,286.413,47.5993,346.545,-2863.08,38.8837,308.227,2329.91,2,0
A,154,.,.,.,ASP,CA,1220,151,24,3,84.686,-6.613,78.859,1.9,0,0,0,0,0,2,0.999613,0.934611,14.1472,12.5991,2,2,2,25.4672,117.816,286.413,47.5993,346.545,-2863.08,38.8837,308.227,2329.91,2,0
A,154,.,.,.,ASP,C,1221,151,23,3,85.096,-7.084,80.25,1.75,0,0,0,0,0,2,0.920348,0.934611,10.0733,8.6582,2,2,2,25.4672,117.816,286.413,47.5993,346.545,-2863.08,38.8837,308.227,2329.91,2,0
A,154,.,.,.,ASP,O,1222,151,28,3,85.052,-6.326,81.212,1.49,0.00375258,0.849042,0.513681,0.123525,0.00103964,1,0.720112,0.934611,16.441,9.27989,0.97071,2,2,25.4672,117.816,286.413,47.5993,346.545,-2863.08,38.8837,308.227,2329.91,2,0
A,154,.,.,.,ASP,CB,1223,151,25,3,85.469,-5.37,78.462,1.91,0.151157,-0.718735,0.498803,-0.48437,-0.044318,1,0.99773,0.934611,29.7381,17.9815,0.975078,2,2,25.4672,117.816,286.413,47.5993,346.545,-2863.08,38.8837,308.227,2329.91,2,0
A,154,.,.,.,ASP,CG,1224,151,26,3,86.975,-5.588,78.502,1.76,0.00646899,0.193225,0.244156,0.95029,-0.00152193,1,0.941678,0.934611,15.2961,10.4409,0.952435,2,2,25.4672,117.816,286.413,47.5993,346.545,-2863.08,38.8837,308.227,2329.91,2,0
A,154,.,.,.,ASP,OD1,1225,151,29,3,87.45,-6.75,78.512,1.49,0,0,0,0,-0,2,0.972229,0.934611,13.1656,9.27409,2,2,2,25.4672,117.816,286.413,47.5993,346.545,-2863.08,38.8837,308.227,2329.91,2,0
A,154,.,.,.,ASP,OD2,1226,151,29,3,87.693,-4.584,78.54,1.49,3.17206,0.739707,0.539542,0.402154,-1.60869,1,0.92616,0.934611,24.8599,9.20404,0.952538,2,2,25.4672,117.816,286.413,47.5993,346.545,-2863.08,38.8837,308.227,2329.91,0.171253,0
A,155,.,.,.,MET,N,1227,152,97,12,85.507,-8.341,80.332,1.7,0,0,0,0,0,2,0.747536,0.577434,11.1235,9.53365,2,2,2,25.2829,105.031,137.052,47.5993,346.545,-2863.08,38.8837,308.227,2329.91,2,0
A,155,.,.,.,MET,CA,1228,152,93,12,85.779,-8.986,81.607,1.9,0,0,0,0,0,2,0.343627,0.577434,16.6705,12.7995,2,2,2,25.2829,105.031,137.052,47.5993,346.545,-2863.08,38.8837,308.227,2329.91,2,0
A,155,.,.,.,MET,C,1229,152,92,12,87.26,-8.965,81.982,1.75,0,0,0,0,0,2,0.352446,0.577434,10.4179,8.76553,2,2,2,25.2829,105.031,137.052,47.5993,346.545,-2863.08,38.8837,308.227,2329.91,2,0
A,155,.,.,.,MET,O,1230,152,98,12,87.624,-9.516,83.011,1.49,0,0,0,0,0,2,0.252585,0.577434,13.259,9.06359,2,2,2,25.2829,105.031,137.052,47.5993,346.545,-2863.08,38.8837,308.227,2329.91,2,0
A,155,.,.,.,MET,CB,1231,152,94,12,85.245,-10.432,81.578,1.91,0,0,0,0,0,2,0.595464,0.577434,22.1126,16.5949,2,2,2,25.2829,105.031,137.052,47.5993,346.545,-2863.08,38.8837,308.227,2329.91,2,0
A,155,.,.,.,MET,CG,1232,152,96,12,83.797,-10.551,81.093,1.92,0,0,0,0,0,2,0.879976,0.577434,23.7008,17.6835,2,2,2,25.2829,105.031,137.052,47.5993,346.545,-2863.08,38.8837,308.227,2329.91,2,0
A,155,.,.,.,MET,SD,1233,152,99,12,82.552,-9.551,81.965,1.94,4.04033,-0.961192,-0.112904,0.251721,2.19188,1,0.861117,0.577434,39.1481,21.3144,0.948434,2,2,25.2829,105.031,137.052,47.5993,346.545,-2863.08,38.8837,308.227,2329.91,0.902877,1
A,155,.,.,.,MET,CE,1234,152,95,12,82.917,-10.147,83.589,1.8,8.24583,-0.850518,-0.0975114,0.516827,2.29558,1,0.586721,0.577434,41.8345,19.3063,0.93687,2,2,25.2829,105.031,137.052,47.5993,346.545,-2863.08,38.8837,308.227,2329.91,0.900172,1
A,156,.,.,.,GLU,N,1235,153,50,6,88.106,-8.319,81.176,1.7,0,0,0,0,0,2,0.690703,0.650334,13.6227,10.0184,2,2,2,26.7809,111.777,137.783,47.5993,346.545,-2863.08,38.8837,308.227,2329.91,2,0
A,156,.,.,.,GLU,CA,1236,153,46,6,89.54,-8.253,81.473,1.9,2.46937,0.519961,-0.854171,0.00568302,1.51704,1,0.223003,0.650334,20.4616,12.778,0.625722,0.599632,2,26.7809,111.777,137.783,47.5993,346.545,-2863.08,38.8837,308.227,2329.91,0.21797,0
A,156,.,.,.,GLU,C,1237,153,45,6,89.78,-7.604,82.841,1.75,0.000970955,0.734827,0.666112,0.127763,0.00175166,1,0.317642,0.650334,9.96802,8.58549,0.539713,0.480211,2,26.7809,111.777,137.783,47.5993,346.545,-2863.08,38.8837,308.227,2329.91,0.159405,0
A,156,.,.,.,GLU,O,1238,153,51,6,89.369,-6.475,83.086,1.49,1.13087,0.814812,0.575711,0.068106,0.274793,1,0.63888,0.650334,20.6977,9.10733,0.522229,0.458439,2,26.7809,111.777,137.783,47.5993,346.545,-2863.08,38.8837,308.227,2329.91,0.163679,0
A,156,.,.,.,GLU,CB,1239,153,47,6,90.301,-7.49,80.386,1.91,0.529742,-0.0596317,0.990772,0.12172,-0.118029,1,0.903087,0.650334,26.4375,16.9919,0.672495,0.648148,2,26.7809,111.777,137.783,47.5993,346.545,-2863.08,38.8837,308.227,2329.91,0.170054,0
A,156,.,.,.,GLU,CG,1240,153,49,6,91.81,-7.463,80.615,1.88,22.5145,0.737859,-0.334449,0.586267,-8.70543,1,0.191224,0.650334,46.4666,16.7434,0.414902,0.414194,0.406388,26.7809,111.777,137.783,47.5993,346.545,-2863.08,38.8837,308.227,2329.91,0.173379,0
A,156,.,.,.,GLU,CD,1241,153,48,6,92.582,-6.785,79.499,1.76,5.80997,0.61268,0.596098,0.518932,-2.52073,1,0.988513,0.650334,20.1061,10.6537,0.0863168,0.0860207,0.0829209,26.7809,111.777,137.783,47.5993,346.545,-2863.08,38.8837,308.227,2329.91,0.162934,0
A,156,.,.,.,GLU,OE1,1242,153,52,6,92.169,-5.708,79.005,1.49,19.0275,0.300116,0.930551,0.209775,-12.5891,1,0.979361,0.650334,33.8922,9.44683,0.617389,0.613315,0.615092,26.7809,111.777,137.783,47.5993,346.545,-2863.08,38.8837,308.227,2329.91,0.164046,0
A,156,.,.,.,GLU,OE2,1243,153,52,6,93.623,-7.332,79.123,1.49,40.091,0.937834,-0.284757,-0.198444,-26.5253,1,0.920592,0.650334,48.7037,9.36876,0.0579585,0.0578965,0.0552715,26.7809,111.777,137.783,47.5993,346.545,-2863.08,38.8837,308.227,2329.91,0.169555,0
A,157,.,.,.,GLY,N,1244,154,55,7,90.435,-8.339,83.735,1.7,7.34662,0.645584,-0.753721,-0.122987,6.53741,1,0.22717,0.299896,22.798,9.97685,0.53135,0.530554,0.531435,26.8064,106.667,228.573,43.6453,284.752,-893.942,46.9772,360.792,-2870.07,0.177727,0
A,157,.,.,.,GLY,CA,1245,154,54,7,90.678,-7.866,85.081,1.9,31.9637,0.967053,0.170803,0.188774,-0.936401,1,0.346807,0.299896,55.5557,18.9281,0.555128,0.554389,0.552691,26.8064,106.667,228.573,43.6453,284.752,-893.942,46.9772,360.792,-2870.07,0.158593,0
A,157,.,.,.,GLY,C,1246,154,53,7,89.749,-8.411,86.141,1.75,0.336849,0.772945,-0.579485,0.258366,0.373926,1,0.345009,0.299896,11.8454,8.82544,0.525928,0.525001,0.522768,26.8064,106.667,228.573,43.6453,284.752,-893.942,46.9772,360.792,-2870.07,0.140968,0
A,157,.,.,.,GLY,O,1247,154,56,7,89.985,-8.179,87.333,1.49,10.0107,0.827097,0.365293,0.427168,1.46842,1,0.280597,0.299896,25.275,9.23955,0.529527,0.527584,0.525194,26.8064,106.667,228.573,43.6453,284.752,-893.942,46.9772,360.792,-2870.07,0.126357,0
A,158,.,.,.,LEU,N,1248,155,81,10,88.702,-9.134,85.734,1.7,0.00465952,0.709493,-0.658434,-0.251166,0.00944522,1,0.173573,0.37115,13.1734,9.90225,0.588011,0.514884,2,25.4766,99.1061,179.813,43.6453,284.752,-893.942,46.9772,360.792,-2870.07,2,0
A,158,.,.,.,LEU,CA,1249,155,76,10,87.756,-9.694,86.692,1.9,0,0,0,0,0,2,0.172248,0.37115,15.2901,12.7364,2,2,2,25.4766,99.1061,179.813,43.6453,284.752,-893.942,46.9772,360.792,-2870.07,2,0
A,158,.,.,.,LEU,C,1250,155,75,10,88.517,-10.521,87.752,1.75,0,0,0,0,0,2,0.628624,0.37115,9.55944,8.53601,2,2,2,25.4766,99.1061,179.813,43.6453,284.752,-893.942,46.9772,360.792,-2870.07,2,0
A,158,.,.,.,LEU,O,1251,155,82,10,89.366,-11.341,87.427,1.49,13.8859,0.907414,-0.41985,-0.018082,10.6493,1,0.321872,0.37115,32.0324,9.32799,0.56033,0.559936,0.558211,25.4766,99.1061,179.813,43.6453,284.752,-893.942,46.9772,360.792,-2870.07,0.137864,0
A,158,.,.,.,LEU,CB,1252,155,77,10,86.71,-10.542,85.966,1.91,0,0,0,0,0,2,0.305993,0.37115,21.1441,15.4646,2,2,2,25.4766,99.1061,179.813,43.6453,284.752,-893.942,46.9772,360.792,-2870.07,2,0
A,158,.,.,.,LEU,CG,1253,155,80,10,85.662,-11.237,86.816,2.01,0,0,0,0,0,2,0.453429,0.37115,18.1624,13.9226,2,2,2,25.4766,99.1061,179.813,43.6453,284.752,-893.942,46.9772,360.792,-2870.07,2,0
A,158,.,.,.,LEU,CD1,1254,155,78,10,84.696,-10.196,87.323,1.92,4.66756,-0.970391,0.120175,0.20952,3.1785,1,0.427189,0.37115,46.532,21.993,0.964602,0.98149,2,25.4766,99.1061,179.813,43.6453,284.752,-893.942,46.9772,360.792,-2870.07,0.899393,1
A,158,.,.,.,LEU,CD2,1255,155,79,10,84.948,-12.335,86.05,1.92,0,0,0,0,0,2,0.486269,0.37115,35.8579,22.2,2,2,2,25.4766,99.1061,179.813,43.6453,284.752,-893.942,46.9772,360.792,-2870.07,2,0
A,159,.,.,.,SER,N,1256,156,119,15,88.167,-10.309,89.015,1.7,0,0,0,0,0,2,0.727981,0.584443,11.6753,9.72974,2,2,2,26.0932,104.661,329.585,43.6453,284.752,-893.942,46.9772,360.792,-2870.07,2,0
A,159,.,.,.,SER,CA,1257,156,117,15,88.972,-10.747,90.136,1.9,5.0954,0.728716,-0.679333,-0.0864831,2.84053,1,0.822508,0.584443,22.1767,13.036,0.596398,0.596271,0.596778,26.0932,104.661,329.585,43.6453,284.752,-893.942,46.9772,360.792,-2870.07,0.100514,0
A,159,.,.,.,SER,C,1258,156,116,15,88.06,-11.2,91.284,1.75,0,0,0,0,0,2,0.817045,0.584443,8.6778,8.34676,2,2,2,26.0932,104.661,329.585,43.6453,284.752,-893.942,46.9772,360.792,-2870.07,2,0
A,159,.,.,.,SER,O,1259,156,120,15,86.884,-10.812,91.352,1.49,0,0,0,0,0,2,0.700546,0.584443,13.9432,9.07494,2,2,2,26.0932,104.661,329.585,43.6453,284.752,-893.942,46.9772,360.792,-2870.07,2,0
A,159,.,.,.,SER,CB,1260,156,118,15,89.85,-9.562,90.598,1.91,10.8994,0.936757,-0.0389793,-0.347802,-2.82955,1,0.201621,0.584443,42.1183,19.4267,0.563433,0.562781,0.562168,26.0932,104.661,329.585,43.6453,284.752,-893.942,46.9772,360.792,-2870.07,0.101519,0
A,159,.,.,.,SER,OG,1261,156,121,15,90.459,-9.82,91.847,1.54,13.3223,0.884734,-0.430881,0.177728,-1.92151,1,0.236956,0.584443,27.7901,10.1491,0.569338,0.569251,0.568937,26.0932,104.661,329.585,43.6453,284.752,-893.942,46.9772,360.792,-2870.07,0.0973447,0
A,160,.,.,.,LEU,N,1262,157,81,10,88.607,-11.985,92.206,1.7,1.94502,0.83282,-0.438927,-0.337274,3.94271,1,0.702181,0.528238,16.0917,9.77671,0.646986,0.64708,0.651146,26.1713,112.197,403.145,43.6453,284.752,-893.942,46.9772,360.792,-2870.07,0.110943,0
A,160,.,.,.,LEU,CA,1263,157,76,10,87.92,-12.249,93.458,1.9,0,0,0,0,0,2,0.660193,0.528238,15.5471,12.625,2,2,2,26.1713,112.197,403.145,43.6453,284.752,-893.942,46.9772,360.792,-2870.07,2,0
A,160,.,.,.,LEU,C,1264,157,75,10,87.451,-10.961,94.105,1.75,0.43774,0.334181,0.0781773,0.939261,0.932539,1,0.495099,0.528238,10.9011,8.52169,0.854286,0.79985,2,26.1713,112.197,403.145,43.6453,284.752,-893.942,46.9772,360.792,-2870.07,0.265588,0
A,160,.,.,.,LEU,O,1265,157,82,10,86.408,-10.938,94.764,1.49,3.0579,-0.0530765,0.173136,0.983467,2.34514,1,0.491546,0.528238,20.4467,9.17921,0.892164,0.958552,2,26.1713,112.197,403.145,43.6453,284.752,-893.942,46.9772,360.792,-2870.07,0.413724,0
A,160,.,.,.,LEU,CB,1266,157,77,10,88.822,-13.04,94.43,1.91,8.56187,0.718772,0.489314,0.493902,8.7171,1,0.284157,0.528238,32.3399,15.6376,0.618612,0.615912,0.616306,26.1713,112.197,403.145,43.6453,284.752,-893.942,46.9772,360.792,-2870.07,0.144817,0
A,160,.,.,.,LEU,CG,1267,157,80,10,89.202,-14.46,93.992,2.01,9.4998,0.662488,-0.0282789,-0.748538,12.9009,1,0.521663,0.528238,28.5341,14.187,0.621511,0.620977,0.620841,26.1713,112.197,403.145,43.6453,284.752,-893.942,46.9772,360.792,-2870.07,0.175121,0
A,160,.,.,.,LEU,CD1,1268,157,78,10,90.186,-15.045,95.008,1.92,27.5818,0.975023,0.209504,0.0737512,18.7826,1,0.453542,0.528238,60.2209,22.2094,0.596909,0.596523,0.595284,26.1713,112.197,403.145,43.6453,284.752,-893.942,46.9772,360.792,-2870.07,0.191338,0
A,160,.,.,.,LEU,CD2,1269,157,79,10,87.963,-15.314,93.876,1.92,0.0508958,0.481083,-0.342541,-0.806985,0.0269975,1,0.617524,0.528238,35.3175,21.9877,0.744404,0.744868,2,26.1713,112.197,403.145,43.6453,284.752,-893.942,46.9772,360.792,-2870.07,0.179895,0
A,161,.,.,.,LYS,N,1270,158,89,11,88.192,-9.871,93.903,1.7,0.110443,0.383864,-0.224449,0.895696,0.152009,1,0.668932,0.541962,12.5877,9.57629,0.834817,0.809116,2,26.0086,108.46,414.554,43.6453,284.752,-893.942,46.9772,360.792,-2870.07,0.139845,0
A,161,.,.,.,LYS,CA,1271,158,84,11,87.805,-8.593,94.471,1.9,8.41156,-0.0241178,-0.0684579,0.997362,5.39907,1,0.454741,0.541962,24.6231,12.7277,0.870039,0.838794,2,26.0086,108.46,414.554,43.6453,284.752,-893.942,46.9772,360.792,-2870.07,0.175401,0
A,161,.,.,.,LYS,C,1272,158,83,11,86.4,-8.146,94.034,1.75,0.83122,0.0355517,0.944257,-0.327284,1.41465,1,0.664844,0.541962,11.67,8.79856,0.92054,0.952952,2,26.0086,108.46,414.554,43.6453,284.752,-893.942,46.9772,360.792,-2870.07,2,0
A,161,.,.,.,LYS,O,1273,158,91,11,85.672,-7.526,94.829,1.49,3.13235,0.441134,0.771167,0.459024,0.571936,1,0.760594,0.541962,26.6995,9.41338,0.920923,0.952952,2,26.0086,108.46,414.554,43.6453,284.752,-893.942,46.9772,360.792,-2870.07,0.52112,0
A,161,.,.,.,LYS,CB,1274,158,85,11,88.856,-7.538,94.125,1.91,13.4843,-0.319403,0.941556,0.107023,-1.49272,1,0.189181,0.541962,37.4526,16.4082,0.881076,0.903429,2,26.0086,108.46,414.554,43.6453,284.752,-893.942,46.9772,360.792,-2870.07,0.124101,0
A,161,.,.,.,LYS,CG,1275,158,88,11,90.21,-7.792,94.795,1.92,25.718,0.252305,-0.389559,0.885769,-5.23794,1,0.0812019,0.541962,46.7887,16.9187,0.686137,0.682285,0.678143,26.0086,108.46,414.554,43.6453,284.752,-893.942,46.9772,360.792,-2870.07,0.110237,0
A,161,.,.,.,LYS,CD,1276,158,86,11,91.243,-6.708,94.474,1.92,36.4391,0.44586,0.450564,0.773434,-19.7252,1,0.953191,0.541962,55.4226,17.29,0.627852,0.625463,0.621711,26.0086,108.46,414.554,43.6453,284.752,-893.942,46.9772,360.792,-2870.07,0.110219,0
A,161,.,.,.,LYS,CE,1277,158,87,11,91.55,-6.59,92.984,1.88,16.8904,0.141032,0.0503693,-0.988723,-11.3696,1,0.129279,0.541962,43.7837,17.249,0.450406,0.447567,0.44424,26.0086,108.46,414.554,43.6453,284.752,-893.942,46.9772,360.792,-2870.07,0.103377,0
A,161,.,.,.,LYS,NZ,1278,158,90,11,92.614,-5.571,92.71,1.67,58.1625,0.698966,0.617667,-0.360465,-49.0115,1,0.975697,0.541962,69.0274,14.5317,0.346825,0.344829,0.341577,26.0086,108.46,414.554,43.6453,284.752,-893.942,46.9772,360.792,-2870.07,0.0976896,0
A,162,.,.,.,HIS,N,1279,159,63,8,86.005,-8.505,92.805,1.7,0.0190849,0.267887,0.946406,-0.180424,0.0294378,1,0.533808,0.569236,12.5249,9.79374,0.923156,2,2,24.6223,92.7248,195.015,43.6453,284.752,-893.942,46.9772,360.792,-2870.07,2,0
A,162,.,.,.,HIS,CA,1280,159,58,8,84.674,-8.138,92.256,1.9,0.104269,0.534384,0.842976,0.0618433,0.0983843,1,0.640837,0.569236,19.84,13.0452,0.955306,0.98149,2,24.6223,92.7248,195.015,43.6453,284.752,-893.942,46.9772,360.792,-2870.07,2,0
A,162,.,.,.,HIS,C,1281,159,57,8,83.53,-8.904,92.922,1.75,0,0,0,0,0,2,0.77277,0.569236,11.1069,8.76492,2,2,2,24.6223,92.7248,195.015,43.6453,284.752,-893.942,46.9772,360.792,-2870.07,2,0
A,162,.,.,.,HIS,O,1282,159,66,8,82.375,-8.524,92.771,1.49,6.90352,-0.609753,0.18981,-0.769528,3.46479,1,0.714596,0.569236,26.5697,9.29441,0.946925,0.98149,2,24.6223,92.7248,195.015,43.6453,284.752,-893.942,46.9772,360.792,-2870.07,0.895187,1
A,162,.,.,.,HIS,CB,1283,159,59,8,84.614,-8.346,90.731,1.91,5.81747,-0.920955,0.075176,-0.382348,1.3733,1,0.726759,0.569236,34.232,17.6949,0.944777,0.98149,2,24.6223,92.7248,195.015,43.6453,284.752,-893.942,46.9772,360.792,-2870.07,0.898377,1
A,162,.,.,.,HIS,CG,1284,159,62,8,85.478,-7.393,89.955,1.8,0.0895191,0.482494,0.574038,0.661574,0.0325207,1,0.748044,0.569236,12.4173,9.47916,0.940357,0.967602,2,24.6223,92.7248,195.015,43.6453,284.752,-893.942,46.9772,360.792,-2870.07,0.23521,0
A,162,.,.,.,HIS,ND1,1285,159,64,8,86.767,-7.69,89.576,1.6,0,0,0,0,-0,2,0.551879,0.569236,11.7205,8.44655,2,2,2,24.6223,92.7248,195.015,43.6453,284.752,-893.942,46.9772,360.792,-2870.07,2,0
A,162,.,.,.,HIS,CD2,1286,159,60,8,85.245,-6.137,89.514,1.74,2.01203,-0.92997,0.259446,0.260467,0.074481,1,0.504217,0.569236,28.1514,13.2344,0.938224,2,2,24.6223,92.7248,195.015,43.6453,284.752,-893.942,46.9772,360.792,-2870.07,0.786211,1
A,162,.,.,.,HIS,CE1,1287,159,61,8,87.289,-6.661,88.934,1.74,6.31609,0.696611,0.552146,0.458114,-1.90788,1,0.289993,0.569236,31.5402,14.2739,0.860329,0.799028,2,24.6223,92.7248,195.015,43.6453,284.752,-893.942,46.9772,360.792,-2870.07,0.123312,0
A,162,.,.,.,HIS,NE2,1288,159,65,8,86.381,-5.706,88.883,1.6,0.229904,0.339796,0.300727,0.891124,-0.0680478,1,0.209461,0.569236,13.306,8.79561,0.865572,2,2,24.6223,92.7248,195.015,43.6453,284.752,-893.942,46.9772,360.792,-2870.07,0.43211,0
A,163,.,.,.,LEU,N,1289,160,81,10,83.845,-9.971,93.66,1.7,0,0,0,0,0,2,0.471072,0.52783,11.013,9.54459,2,2,2,24.6845,93.9096,177.945,43.6453,284.752,-893.942,46.9772,360.792,-2870.07,2,0
A,163,.,.,.,LEU,CA,1290,160,76,10,82.809,-10.802,94.27,1.9,0,0,0,0,0,2,0.554536,0.52783,14.7623,12.6782,2,2,2,24.6845,93.9096,177.945,43.6453,284.752,-893.942,46.9772,360.792,-2870.07,2,0
A,163,.,.,.,LEU,C,1291,160,75,10,82.418,-10.344,95.687,1.75,0.666649,0.697585,-0.398648,0.595361,1.4202,1,0.495063,0.52783,12.0947,8.7509,0.931326,2,2,24.6845,93.9096,177.945,43.6453,284.752,-893.942,46.9772,360.792,-2870.07,2,0
A,163,.,.,.,LEU,O,1292,160,82,10,81.655,-11.008,96.357,1.49,0,0,0,0,0,2,0.729855,0.52783,12.6366,8.98914,2,2,2,24.6845,93.9096,177.945,43.6453,284.752,-893.942,46.9772,360.792,-2870.07,2,0
A,163,.,.,.,LEU,CB,1293,160,77,10,83.238,-12.271,94.295,1.91,0.145442,0.450339,0.0891034,0.8884,0.148079,1,0.464616,0.52783,27.3975,15.48,0.931577,2,2,24.6845,93.9096,177.945,43.6453,284.752,-893.942,46.9772,360.792,-2870.07,2,0
A,163,.,.,.,LEU,CG,1294,160,80,10,83.733,-12.905,93.002,2.01,0,0,0,0,0,2,0.555643,0.52783,18.0335,14.1246,2,2,2,24.6845,93.9096,177.945,43.6453,284.752,-893.942,46.9772,360.792,-2870.07,2,0
A,163,.,.,.,LEU,CD1,1295,160,78,10,83.903,-14.401,93.235,1.92,0,0,0,0,0,2,0.411321,0.52783,38.7342,22.1353,2,2,2,24.6845,93.9096,177.945,43.6453,284.752,-893.942,46.9772,360.792,-2870.07,2,0
A,163,.,.,.,LEU,CD2,1296,160,79,10,82.784,-12.647,91.847,1.92,3.45761,-0.59164,0.611645,-0.525217,1.83408,1,0.540531,0.52783,43.0302,21.9823,0.946334,0.98149,2,24.6845,93.9096,177.945,43.6453,284.752,-893.942,46.9772,360.792,-2870.07,0.897085,1
A,164,.,.,.,TRP,N,1297,161,140,17,82.957,-9.216,96.131,1.7,0.952291,0.763738,-0.43619,0.47586,1.8082,1,0.589481,0.426512,15.8515,9.87695,0.941999,2,2,25.2576,101.19,222.059,43.6453,284.752,-893.942,46.9772,360.792,-2870.07,0.683879,0
A,164,.,.,.,TRP,CA,1298,161,130,17,82.573,-8.594,97.4,1.9,6.07467,0.664119,-0.572003,0.481412,9.70732,1,0.630029,0.426512,23.5898,12.9232,0.937006,0.958552,2,25.2576,101.19,222.059,43.6453,284.752,-893.942,46.9772,360.792,-2870.07,0.634236,0
A,164,.,.,.,TRP,C,1299,161,129,17,81.042,-8.508,97.435,1.75,0,0,0,0,0,2,0.548979,0.426512,9.50427,8.63805,2,2,2,25.2576,101.19,222.059,43.6453,284.752,-893.942,46.9772,360.792,-2870.07,2,0
A,164,.,.,.,TRP,O,1300,161,142,17,80.403,-7.941,96.504,1.49,0,0,0,0,0,2,0.436134,0.426512,12.2398,9.18974,2,2,2,25.2576,101.19,222.059,43.6453,284.752,-893.942,46.9772,360.792,-2870.07,2,0
A,164,.,.,.,TRP,CB,1301,161,131,17,83.22,-7.213,97.506,1.91,3.80782,0.937931,-0.287971,0.193285,3.24009,1,0.467115,0.426512,34.4325,17.8342,0.933776,0.952952,2,25.2576,101.19,222.059,43.6453,284.752,-893.942,46.9772,360.792,-2870.07,0.631274,0
A,164,.,.,.,TRP,CG,1302,161,136,17,83.037,-6.52,98.813,1.74,0,0,0,0,0,2,0.266061,0.426512,7.51175,6.4525,2,2,2,25.2576,101.19,222.059,43.6453,284.752,-893.942,46.9772,360.792,-2870.07,2,0
A,164,.,.,.,TRP,CD1,1303,161,132,17,83.357,-7.01,100.06,1.82,8.2396,0.693903,-0.719465,-0.0294904,4.07674,1,0.459524,0.426512,36.7671,15.7647,0.936865,0.952952,2,25.2576,101.19,222.059,43.6453,284.752,-893.942,46.9772,360.792,-2870.07,0.410567,0
A,164,.,.,.,TRP,CD2,1304,161,133,17,82.538,-5.194,99.023,1.82,0,0,0,0,0,2,0.29703,0.426512,11.4198,9.91656,2,2,2,25.2576,101.19,222.059,43.6453,284.752,-893.942,46.9772,360.792,-2870.07,2,0
A,164,.,.,.,TRP,NE1,1305,161,141,17,83.061,-6.07,101.023,1.66,0,0,0,0,0,2,0.452756,0.426512,17.3259,9.94345,2,2,2,25.2576,101.19,222.059,43.6453,284.752,-893.942,46.9772,360.792,-2870.07,2,0
A,164,.,.,.,TRP,CE2,1306,161,134,17,82.56,-4.952,100.414,1.74,0,0,0,0,0,2,0.342821,0.426512,8.6915,7.63735,2,2,2,25.2576,101.19,222.059,43.6453,284.752,-893.942,46.9772,360.792,-2870.07,2,0
A,164,.,.,.,TRP,CE3,1307,161,135,17,82.048,-4.193,98.174,1.82,0,0,0,0,0,2,0.319902,0.426512,20.1081,14.0727,2,2,2,25.2576,101.19,222.059,43.6453,284.752,-893.942,46.9772,360.792,-2870.07,2,0
A,164,.,.,.,TRP,CZ2,1308,161,138,17,82.127,-3.741,100.968,1.82,0,0,0,0,0,2,0.32026,0.426512,24.6976,14.674,2,2,2,25.2576,101.19,222.059,43.6453,284.752,-893.942,46.9772,360.792,-2870.07,2,0
A,164,.,.,.,TRP,CZ3,1309,161,139,17,81.628,-3.002,98.724,1.82,0,0,0,0,0,2,0.486584,0.426512,19.7774,14.0644,2,2,2,25.2576,101.19,222.059,43.6453,284.752,-893.942,46.9772,360.792,-2870.07,2,0
A,164,.,.,.,TRP,CH2,1310,161,137,17,81.665,-2.786,100.116,1.82,0,0,0,0,0,2,0.354496,0.426512,23.1272,13.9951,2,2,2,25.2576,101.19,222.059,43.6453,284.752,-893.942,46.9772,360.792,-2870.07,2,0
A,165,.,.,.,LYS,N,1311,162,89,11,80.448,-9.089,98.475,1.7,1.53045,0.528399,-0.377931,0.760239,2.10646,1,0.882169,0.760708,16.4381,9.77721,0.977487,2,2,25.2669,93.1387,97.718,43.6453,284.752,-893.942,46.9772,360.792,-2870.07,2,0
A,165,.,.,.,LYS,CA,1312,162,84,11,79.007,-9.333,98.487,1.9,0,0,0,0,0,2,0.901741,0.760708,16.3407,12.7094,2,2,2,25.2669,93.1387,97.718,43.6453,284.752,-893.942,46.9772,360.792,-2870.07,2,0
A,165,.,.,.,LYS,C,1313,162,83,11,78.14,-8.05,98.237,1.75,0,0,0,0,0,2,0.628581,0.760708,10.3972,8.87336,2,2,2,25.2669,93.1387,97.718,43.6453,284.752,-893.942,46.9772,360.792,-2870.07,2,0
A,165,.,.,.,LYS,O,1314,162,91,11,77.188,-8.074,97.414,1.49,0,0,0,0,0,2,0.653062,0.760708,13.1223,9.27695,2,2,2,25.2669,93.1387,97.718,43.6453,284.752,-893.942,46.9772,360.792,-2870.07,2,0
A,165,.,.,.,LYS,CB,1315,162,85,11,78.612,-10.11,99.748,1.91,1.81559,0.817089,-0.157142,0.554682,-0.200988,1,0.886824,0.760708,28.8804,16.3174,0.968005,2,2,25.2669,93.1387,97.718,43.6453,284.752,-893.942,46.9772,360.792,-2870.07,0.420174,0
A,165,.,.,.,LYS,CG,1316,162,88,11,77.232,-10.734,99.73,1.92,3.18333,-0.812845,0.196582,-0.548306,-0.648343,1,0.934928,0.760708,31.3031,16.9724,0.958803,2,2,25.2669,93.1387,97.718,43.6453,284.752,-893.942,46.9772,360.792,-2870.07,0.337239,0
A,165,.,.,.,LYS,CD,1317,162,86,11,77.033,-11.586,100.993,1.92,3.23906,0.506045,0.347597,0.789363,-1.75337,1,0.802744,0.760708,32.2228,17.12,0.965012,2,2,25.2669,93.1387,97.718,43.6453,284.752,-893.942,46.9772,360.792,-2870.07,0.362022,0
A,165,.,.,.,LYS,CE,1318,162,87,11,75.616,-12.107,101.135,1.88,16.6655,-0.824294,0.100621,0.557148,-11.2182,1,0.544598,0.760708,47.1392,17.2685,0.744581,0.714366,0.747088,25.2669,93.1387,97.718,43.6453,284.752,-893.942,46.9772,360.792,-2870.07,0.37513,0
A,165,.,.,.,LYS,NZ,1319,162,90,11,75.382,-13.289,100.289,1.67,23.8646,-0.889873,-0.251271,-0.380775,-20.1098,1,0.611723,0.760708,45.0789,14.3389,0.729394,0.716352,0.747088,25.2669,93.1387,97.718,43.6453,284.752,-893.942,46.9772,360.792,-2870.07,0.393074,0
A,166,.,.,.,PRO,N,1320,163,114,14,78.479,-6.924,98.89,1.7,0.0196957,-0.697761,-0.256812,0.668713,0.0259509,1,0.679507,0.744627,6.35389,5.48449,0.91572,2,2,25.3289,86.3182,-13.6366,43.6453,284.752,-893.942,46.9772,360.792,-2870.07,2,0
A,166,.,.,.,PRO,CA,1321,163,110,14,77.722,-5.716,98.57,1.9,0.684924,-0.842339,0.518909,0.145601,0.374768,1,0.792782,0.744627,19.9348,12.8817,0.90605,0.941627,2,25.3289,86.3182,-13.6366,43.6453,284.752,-893.942,46.9772,360.792,-2870.07,0.32194,0
A,166,.,.,.,PRO,C,1322,163,109,14,77.824,-5.229,97.109,1.75,0,0,0,0,0,2,0.860559,0.744627,9.95503,8.81391,2,2,2,25.3289,86.3182,-13.6366,43.6453,284.752,-893.942,46.9772,360.792,-2870.07,2,0
A,166,.,.,.,PRO,O,1323,163,115,14,76.858,-4.66,96.592,1.49,2.84483,-0.576538,0.612068,0.541274,0.885104,1,0.765221,0.744627,20.2201,9.33228,0.887207,2,2,25.3289,86.3182,-13.6366,43.6453,284.752,-893.942,46.9772,360.792,-2870.07,0.358044,0
A,166,.,.,.,PRO,CB,1324,163,111,14,78.285,-4.683,99.556,1.91,10.4334,-0.79668,0.579131,0.172944,-3.39756,1,0.742962,0.744627,36.6386,16.8852,0.909814,0.931556,2,25.3289,86.3182,-13.6366,43.6453,284.752,-893.942,46.9772,360.792,-2870.07,0.413186,0
A,166,.,.,.,PRO,CG,1325,163,113,14,78.802,-5.486,100.705,1.92,3.73902,-0.899479,-0.225176,0.374477,-1.69178,1,0.728745,0.744627,29.4983,17.2663,0.928445,0.941627,2,25.3289,86.3182,-13.6366,43.6453,284.752,-893.942,46.9772,360.792,-2870.07,0.336662,0
A,166,.,.,.,PRO,CD,1326,163,112,14,79.384,-6.707,100.04,1.92,0.38536,0.0414787,-0.702011,0.710958,0.077835,1,0.642615,0.744627,28.3015,18.018,0.947954,2,2,25.3289,86.3182,-13.6366,43.6453,284.752,-893.942,46.9772,360.792,-2870.07,0.421963,0
A,167,.,.,.,ALA,N,1327,164,3,0,78.944,-5.48,96.438,1.7,0,0,0,0,0,2,0.576006,0.646948,11.88,9.8452,2,2,2,24.3353,81.4721,-15.1966,43.6453,284.752,-893.942,46.9772,360.792,-2870.07,2,0
A,167,.,.,.,ALA,CA,1328,164,1,0,79.085,-5.111,95.014,1.9,0,0,0,0,0,2,0.673416,0.646948,16.5726,12.8482,2,2,2,24.3353,81.4721,-15.1966,43.6453,284.752,-893.942,46.9772,360.792,-2870.07,2,0
A,167,.,.,.,ALA,C,1329,164,0,0,78.218,-6.022,94.152,1.75,0.721937,0.479014,-0.231766,-0.846658,1.42494,1,0.635192,0.646948,11.4585,8.70038,0.933884,2,2,24.3353,81.4721,-15.1966,43.6453,284.752,-893.942,46.9772,360.792,-2870.07,0.891026,1
A,167,.,.,.,ALA,O,1330,164,4,0,77.536,-5.562,93.226,1.49,2.96629,0.613336,0.0256248,-0.789406,1.49798,1,0.656448,0.646948,18.682,9.05081,0.936271,2,2,24.3353,81.4721,-15.1966,43.6453,284.752,-893.942,46.9772,360.792,-2870.07,0.880898,1
A,167,.,.,.,ALA,CB,1331,164,2,0,80.529,-5.209,94.568,1.92,1.5298,-0.0913928,-0.229283,-0.96906,0.109692,1,0.69368,0.646948,43.795,23.3286,0.942882,2,2,24.3353,81.4721,-15.1966,43.6453,284.752,-893.942,46.9772,360.792,-2870.07,0.837888,1
A,168,.,.,.,VAL,N,1332,165,158,19,78.218,-7.31,94.478,1.7,0,0,0,0,0,2,0.417645,0.384868,11.6418,9.70546,2,2,2,23.9265,73.9665,-33.932,43.6453,284.752,-893.942,46.9772,360.792,-2870.07,2,0
A,168,.,.,.,VAL,CA,1333,165,154,19,77.395,-8.268,93.742,1.9,3.00394,0.471908,0.0812043,-0.8779,5.11411,1,0.426961,0.384868,20.0921,11.8833,0.944404,0.98149,2,23.9265,73.9665,-33.932,43.6453,284.752,-893.942,46.9772,360.792,-2870.07,0.879838,1
A,168,.,.,.,VAL,C,1334,165,153,19,75.893,-7.92,93.856,1.75,0,0,0,0,0,2,0.249843,0.384868,9.41966,8.51448,2,2,2,23.9265,73.9665,-33.932,43.6453,284.752,-893.942,46.9772,360.792,-2870.07,2,0
A,168,.,.,.,VAL,O,1335,165,159,19,75.132,-7.989,92.864,1.49,0,0,0,0,0,2,0.226884,0.384868,13.0465,9.17529,2,2,2,23.9265,73.9665,-33.932,43.6453,284.752,-893.942,46.9772,360.792,-2870.07,2,0
A,168,.,.,.,VAL,CB,1336,165,155,19,77.68,-9.718,94.154,2.01,0.481349,-0.498361,-0.488497,0.716245,0.422339,1,0.436737,0.384868,21.5889,14.2688,0.936665,0.98149,2,23.9265,73.9665,-33.932,43.6453,284.752,-893.942,46.9772,360.792,-2870.07,0.354481,0
A,168,.,.,.,VAL,CG1,1337,165,156,19,76.78,-10.669,93.384,1.92,3.66431,-0.140871,-0.685825,0.714003,2.3142,1,0.368783,0.384868,43.015,21.9491,0.941277,0.98149,2,23.9265,73.9665,-33.932,43.6453,284.752,-893.942,46.9772,360.792,-2870.07,0.434434,1
A,168,.,.,.,VAL,CG2,1338,165,157,19,79.139,-10.072,93.884,1.92,5.41195,0.11522,0.0892516,-0.989322,3.73494,1,0.567224,0.384868,40.5681,22.0952,0.932105,0.98149,2,23.9265,73.9665,-33.932,43.6453,284.752,-893.942,46.9772,360.792,-2870.07,0.882738,1
A,169,.,.,.,GLU,N,1339,166,50,6,75.485,-7.484,95.035,1.7,0,0,0,0,0,2,0.562428,0.56461,11.6787,9.65126,2,2,2,24.4987,69.2159,-99.0319,43.6453,284.752,-893.942,46.9772,360.792,-2870.07,2,0
A,169,.,.,.,GLU,CA,1340,166,46,6,74.114,-7.076,95.233,1.9,0.140003,-0.968524,-0.244143,0.0485396,0.0860097,1,0.453372,0.56461,16.1974,12.6626,0.74709,0.742816,2,24.4987,69.2159,-99.0319,43.6453,284.752,-893.942,46.9772,360.792,-2870.07,0.314489,0
A,169,.,.,.,GLU,C,1341,166,45,6,73.717,-5.888,94.336,1.75,0,0,0,0,0,2,0.421799,0.56461,11.6388,8.85124,2,2,2,24.4987,69.2159,-99.0319,43.6453,284.752,-893.942,46.9772,360.792,-2870.07,2,0
A,169,.,.,.,GLU,O,1342,166,51,6,72.562,-5.807,93.939,1.49,2.70151,-0.746466,-0.20158,0.634156,0.656445,1,0.558118,0.56461,19.0687,9.23473,0.745908,0.741617,2,24.4987,69.2159,-99.0319,43.6453,284.752,-893.942,46.9772,360.792,-2870.07,0.246476,0
A,169,.,.,.,GLU,CB,1343,166,47,6,73.84,-6.852,96.735,1.91,11.1326,-0.891012,0.384392,0.241536,-2.48038,1,0.487205,0.56461,39.3853,17.1237,0.726349,0.718786,2,24.4987,69.2159,-99.0319,43.6453,284.752,-893.942,46.9772,360.792,-2870.07,0.310115,0
A,169,.,.,.,GLU,CG,1344,166,49,6,73.876,-8.189,97.466,1.88,8.18992,-0.797037,-0.603911,-0.00479587,-3.16671,1,0.650848,0.56461,35.2318,16.6324,0.728834,0.716197,2,24.4987,69.2159,-99.0319,43.6453,284.752,-893.942,46.9772,360.792,-2870.07,0.315607,0
A,169,.,.,.,GLU,CD,1345,166,48,6,73.806,-8.102,98.97,1.76,6.03588,-0.981103,0.0296031,0.191207,-2.61874,1,0.408569,0.56461,22.0095,10.6927,0.751148,0.724636,2,24.4987,69.2159,-99.0319,43.6453,284.752,-893.942,46.9772,360.792,-2870.07,0.253394,0
A,169,.,.,.,GLU,OE1,1346,166,52,6,73.818,-6.987,99.524,1.49,29.2931,-0.310572,0.642143,0.700855,-19.3811,1,0.853641,0.56461,41.9071,9.29802,0.766183,0.743238,2,24.4987,69.2159,-99.0319,43.6453,284.752,-893.942,46.9772,360.792,-2870.07,0.240283,0
A,169,.,.,.,GLU,OE2,1347,166,52,6,73.753,-9.177,99.601,1.49,17.399,-0.741138,-0.541393,0.396999,-11.5116,1,0.685512,0.56461,35.8818,9.4294,0.74145,0.720616,0.748674,24.4987,69.2159,-99.0319,43.6453,284.752,-893.942,46.9772,360.792,-2870.07,0.278792,0
A,170,.,.,.,VAL,N,1348,167,158,19,74.675,-5.028,93.97,1.7,0,0,0,0,0,2,0.360223,0.444477,12.8716,9.88529,2,2,2,24.0844,72.5032,-70.76,43.6453,284.752,-893.942,46.9772,360.792,-2870.07,2,0
A,170,.,.,.,VAL,CA,1349,167,154,19,74.459,-3.978,92.963,1.9,0,0,0,0,0,2,0.433272,0.444477,17.9531,12.1026,2,2,2,24.0844,72.5032,-70.76,43.6453,284.752,-893.942,46.9772,360.792,-2870.07,2,0
A,170,.,.,.,VAL,C,1350,167,153,19,74.087,-4.541,91.611,1.75,0,0,0,0,0,2,0.312354,0.444477,8.79125,8.1322,2,2,2,24.0844,72.5032,-70.76,43.6453,284.752,-893.942,46.9772,360.792,-2870.07,2,0
A,170,.,.,.,VAL,O,1351,167,159,19,73.118,-4.077,90.986,1.49,0,0,0,0,0,2,0.526995,0.444477,12.7666,9.21473,2,2,2,24.0844,72.5032,-70.76,43.6453,284.752,-893.942,46.9772,360.792,-2870.07,2,0
A,170,.,.,.,VAL,CB,1352,167,155,19,75.701,-3.081,92.71,2.01,0.668125,0.906925,-0.0312235,-0.420133,0.586218,1,0.588238,0.444477,19.849,13.9999,0.980444,2,2,24.0844,72.5032,-70.76,43.6453,284.752,-893.942,46.9772,360.792,-2870.07,2,1
A,170,.,.,.,VAL,CG1,1353,167,156,19,75.47,-2.138,91.509,1.92,0.428484,0.968491,-0.134731,-0.20946,0.27061,1,0.489747,0.444477,41.0044,21.988,0.980444,2,2,24.0844,72.5032,-70.76,43.6453,284.752,-893.942,46.9772,360.792,-2870.07,2,1
A,170,.,.,.,VAL,CG2,1354,167,157,19,76.029,-2.27,93.948,1.92,0.0948328,-0.139475,0.0701722,0.987736,0.0654468,1,0.400513,0.444477,39.4884,22.1311,0.939279,2,2,24.0844,72.5032,-70.76,43.6453,284.752,-893.942,46.9772,360.792,-2870.07,2,0
A,171,.,.,.,TYR,N,1355,168,150,18,74.879,-5.487,91.123,1.7,0,0,0,0,0,2,0.558882,0.754432,12.0127,9.77754,2,2,2,23.435,71.8015,22.5004,47.5993,346.545,-2863.08,38.8837,308.227,2329.91,2,0
A,171,.,.,.,TYR,CA,1356,168,144,18,74.587,-6.021,89.82,1.9,0,0,0,0,0,2,0.716208,0.754432,14.9758,12.2571,2,2,2,23.435,71.8015,22.5004,47.5993,346.545,-2863.08,38.8837,308.227,2329.91,2,0
A,171,.,.,.,TYR,C,1357,168,143,18,73.338,-6.861,89.819,1.75,0,0,0,0,0,2,0.578719,0.754432,10.5213,8.64831,2,2,2,23.435,71.8015,22.5004,47.5993,346.545,-2863.08,38.8837,308.227,2329.91,2,0
A,171,.,.,.,TYR,O,1358,168,151,18,72.605,-6.821,88.849,1.49,0,0,0,0,0,3,0.690686,0.754432,13.31,9.11577,2,2,2,23.435,71.8015,22.5004,47.5993,346.545,-2863.08,38.8837,308.227,2329.91,2,0
A,171,.,.,.,TYR,CB,1359,168,145,18,75.788,-6.658,89.11,1.91,8.35972,0.902789,-0.428108,0.0411869,7.67081,1,0.617749,0.754432,39.0725,18.0774,0.931783,0.98149,2,23.435,71.8015,22.5004,47.5993,346.545,-2863.08,38.8837,308.227,2329.91,0.882617,1
A,171,.,.,.,TYR,CG,1360,168,148,18,76.302,-5.644,88.092,1.74,1.56877,0.888767,-0.454843,-0.0566677,2.20873,1,0.733321,0.754432,9.19701,6.36268,0.928409,0.98149,2,23.435,71.8015,22.5004,47.5993,346.545,-2863.08,38.8837,308.227,2329.91,0.886464,1
A,171,.,.,.,TYR,CD1,1361,168,146,18,76.9,-4.459,88.523,1.82,9.58873,0.891887,-0.205451,0.402899,7.25703,1,0.76038,0.754432,32.2854,14.304,0.927053,0.993435,2,23.435,71.8015,22.5004,47.5993,346.545,-2863.08,38.8837,308.227,2329.91,0.884548,1
A,171,.,.,.,TYR,CD2,1362,168,146,18,76.099,-5.812,86.716,1.82,6.42818,0.617253,-0.757165,-0.213776,4.86503,1,0.882523,0.754432,30.9714,14.4885,0.935336,0.993435,2,23.435,71.8015,22.5004,47.5993,346.545,-2863.08,38.8837,308.227,2329.91,0.895521,1
A,171,.,.,.,TYR,CE1,1363,168,147,18,77.325,-3.497,87.623,1.82,0.781609,0.787244,-0.024807,0.616143,0.278561,1,0.779874,0.754432,26.1112,14.0911,0.923865,2,2,23.435,71.8015,22.5004,47.5993,346.545,-2863.08,38.8837,308.227,2329.91,0.891343,1
A,171,.,.,.,TYR,CE2,1364,168,147,18,76.525,-4.853,85.809,1.82,1.24362,-0.141191,-0.522112,-0.841109,0.443218,1,0.963895,0.754432,31.2496,14.2092,0.918475,2,2,23.435,71.8015,22.5004,47.5993,346.545,-2863.08,38.8837,308.227,2329.91,0.910066,1
A,171,.,.,.,TYR,CZ,1365,168,149,18,77.132,-3.693,86.269,1.8,0,0,0,0,0,2,0.915351,0.754432,13.3453,9.75387,2,2,2,23.435,71.8015,22.5004,47.5993,346.545,-2863.08,38.8837,308.227,2329.91,2,0
A,171,.,.,.,TYR,OH,1366,168,152,18,77.574,-2.725,85.411,1.54,3.86629,0.0102063,0.85483,-0.518807,-0.421866,1,0.855601,0.754432,27.5433,10.9389,0.985226,2,2,23.435,71.8015,22.5004,47.5993,346.545,-2863.08,38.8837,308.227,2329.91,2,1
A,172,.,.,.,GLN,N,1367,169,41,5,73.071,-7.576,90.909,1.7,0,0,0,0,0,2,0.556479,0.547559,12.1332,9.794,2,2,2,24.0155,66.0301,-70.5672,47.5993,346.545,-2863.08,38.8837,308.227,2329.91,2,0
A,172,.,.,.,GLN,CA,1368,169,37,5,71.839,-8.349,91.003,1.9,0,0,0,0,0,2,0.514998,0.547559,18.3338,12.8475,2,2,2,24.0155,66.0301,-70.5672,47.5993,346.545,-2863.08,38.8837,308.227,2329.91,2,0
A,172,.,.,.,GLN,C,1369,169,36,5,70.603,-7.435,90.95,1.75,0,0,0,0,0,2,0.464344,0.547559,10.8571,8.73622,2,2,2,24.0155,66.0301,-70.5672,47.5993,346.545,-2863.08,38.8837,308.227,2329.91,2,0
A,172,.,.,.,GLN,O,1370,169,43,5,69.673,-7.684,90.183,1.49,0,0,0,0,0,2,0.676336,0.547559,13.7931,9.2586,2,2,2,24.0155,66.0301,-70.5672,47.5993,346.545,-2863.08,38.8837,308.227,2329.91,2,0
A,172,.,.,.,GLN,CB,1371,169,38,5,71.811,-9.2,92.278,1.91,2.67451,-0.60067,0.277068,0.749953,-0.0807202,1,0.167326,0.547559,27.379,17.3876,0.740782,0.73899,2,24.0155,66.0301,-70.5672,47.5993,346.545,-2863.08,38.8837,308.227,2329.91,0.229396,0
A,172,.,.,.,GLN,CG,1372,169,40,5,72.878,-10.289,92.323,1.8,0,0,0,0,-0,2,0.841893,0.547559,19.7265,13.8419,2,2,2,24.0155,66.0301,-70.5672,47.5993,346.545,-2863.08,38.8837,308.227,2329.91,2,0
A,172,.,.,.,GLN,CD,1373,169,39,5,72.956,-10.981,93.668,1.81,0.0139941,0.625956,-0.127106,0.76943,-0.00404681,1,0.576324,0.547559,15.3639,11.8065,0.724081,0.701465,2,24.0155,66.0301,-70.5672,47.5993,346.545,-2863.08,38.8837,308.227,2329.91,0.318048,0
A,172,.,.,.,GLN,OE1,1374,169,44,5,72.596,-10.408,94.711,1.52,13.8318,-0.515691,-0.234114,0.824168,-7.05386,1,0.388851,0.547559,31.2655,9.67563,0.729796,0.720571,2,24.0155,66.0301,-70.5672,47.5993,346.545,-2863.08,38.8837,308.227,2329.91,0.262322,0
A,172,.,.,.,GLN,NE2,1375,169,42,5,73.416,-12.225,93.656,1.62,17.0042,0.0285299,-0.66095,0.749887,-9.10668,1,0.741483,0.547559,37.1026,12.7371,0.75033,0.725292,2,24.0155,66.0301,-70.5672,47.5993,346.545,-2863.08,38.8837,308.227,2329.91,0.290724,0
A,173,.,.,.,GLN,N,1376,170,41,5,70.61,-6.373,91.753,1.7,0.827877,-0.361671,-0.413096,0.835791,1.2242,1,0.343437,0.726596,13.5055,9.82055,0.717735,0.715166,2,24.6535,70.2336,-39.4931,46.9772,360.792,-2870.07,43.6453,284.752,-893.942,0.21037,0
A,173,.,.,.,GLN,CA,1377,170,37,5,69.508,-5.425,91.771,1.9,5.6378,-0.557109,-0.55239,0.620076,4.29203,1,0.197946,0.726596,23.5665,12.8173,0.680945,0.678924,0.658974,24.6535,70.2336,-39.4931,46.9772,360.792,-2870.07,43.6453,284.752,-893.942,0.2127,0
A,173,.,.,.,GLN,C,1378,170,36,5,69.343,-4.762,90.423,1.75,0,0,0,0,0,2,0.722472,0.726596,9.6207,8.53444,2,2,2,24.6535,70.2336,-39.4931,46.9772,360.792,-2870.07,43.6453,284.752,-893.942,2,0
A,173,.,.,.,GLN,O,1379,170,43,5,68.203,-4.563,89.96,1.49,0,0,0,0,0,2,0.744858,0.726596,12.7739,9.23387,2,2,2,24.6535,70.2336,-39.4931,46.9772,360.792,-2870.07,43.6453,284.752,-893.942,2,0
A,173,.,.,.,GLN,CB,1380,170,38,5,69.715,-4.343,92.84,1.91,7.213,-0.274777,-0.548659,0.789602,-0.217698,1,0.903316,0.726596,32.7532,17.4338,0.680325,0.677894,0.658974,24.6535,70.2336,-39.4931,46.9772,360.792,-2870.07,43.6453,284.752,-893.942,0.206869,0
A,173,.,.,.,GLN,CG,1381,170,40,5,68.566,-3.331,92.921,1.8,7.82577,-0.83626,-0.491897,0.242297,-1.80708,1,0.896012,0.726596,28.2791,13.824,0.682872,0.68139,0.658974,24.6535,70.2336,-39.4931,46.9772,360.792,-2870.07,43.6453,284.752,-893.942,0.210977,0
A,173,.,.,.,GLN,CD,1382,170,39,5,68.667,-2.411,94.121,1.81,5.12553,-0.366049,-0.658492,0.657568,-1.4822,1,0.96009,0.726596,22.6091,11.8392,0.689883,0.686344,0.677622,24.6535,70.2336,-39.4931,46.9772,360.792,-2870.07,43.6453,284.752,-893.942,0.211621,0
A,173,.,.,.,GLN,OE1,1383,170,44,5,69.682,-2.376,94.809,1.52,2.44886,0.0665491,-0.800797,0.595227,-1.24886,1,0.831536,0.726596,21.242,9.55392,0.682033,0.679461,0.658974,24.6535,70.2336,-39.4931,46.9772,360.792,-2870.07,43.6453,284.752,-893.942,0.215778,0
A,173,.,.,.,GLN,NE2,1384,170,42,5,67.607,-1.662,94.381,1.62,39.4222,-0.816405,0.404882,0.41177,-21.1128,1,0.9397,0.726596,57.1974,12.8263,0.680286,0.677618,0.670511,24.6535,70.2336,-39.4931,46.9772,360.792,-2870.07,43.6453,284.752,-893.942,0.216738,0
A,174,.,.,.,PHE,N,1385,171,107,13,70.462,-4.418,89.786,1.7,0,0,0,0,0,2,0.549604,0.68462,11.5287,9.84803,2,2,2,24.0868,82.1409,169.78,46.9772,360.792,-2870.07,43.6453,284.752,-893.942,2,0
A,174,.,.,.,PHE,CA,1386,171,101,13,70.391,-3.797,88.477,1.9,0,0,0,0,0,2,0.634738,0.68462,16.6729,12.7107,2,2,2,24.0868,82.1409,169.78,46.9772,360.792,-2870.07,43.6453,284.752,-893.942,2,0
A,174,.,.,.,PHE,C,1387,171,100,13,69.754,-4.732,87.46,1.75,0,0,0,0,0,2,0.715196,0.68462,8.81333,8.37604,2,2,2,24.0868,82.1409,169.78,46.9772,360.792,-2870.07,43.6453,284.752,-893.942,2,0
A,174,.,.,.,PHE,O,1388,171,108,13,68.897,-4.301,86.703,1.49,0,0,0,0,0,2,0.707496,0.68462,12.4382,9.06108,2,2,2,24.0868,82.1409,169.78,46.9772,360.792,-2870.07,43.6453,284.752,-893.942,2,0
A,174,.,.,.,PHE,CB,1389,171,102,13,71.737,-3.325,87.925,1.91,0,0,0,0,0,2,0.7342,0.68462,27.6707,17.7739,2,2,2,24.0868,82.1409,169.78,46.9772,360.792,-2870.07,43.6453,284.752,-893.942,2,0
A,174,.,.,.,PHE,CG,1390,171,105,13,71.624,-2.844,86.499,1.74,0,0,0,0,0,2,0.560872,0.68462,7.09487,6.11709,2,2,2,24.0868,82.1409,169.78,46.9772,360.792,-2870.07,43.6453,284.752,-893.942,2,0
A,174,.,.,.,PHE,CD1,1391,171,103,13,70.952,-1.67,86.224,1.82,0,0,0,0,0,2,0.554512,0.68462,25.1701,14.2473,2,2,2,24.0868,82.1409,169.78,46.9772,360.792,-2870.07,43.6453,284.752,-893.942,2,0
A,174,.,.,.,PHE,CD2,1392,171,103,13,72.091,-3.608,85.445,1.82,0,0,0,0,0,2,0.777868,0.68462,26.9835,14.3462,2,2,2,24.0868,82.1409,169.78,46.9772,360.792,-2870.07,43.6453,284.752,-893.942,2,0
A,174,.,.,.,PHE,CE1,1393,171,104,13,70.786,-1.237,84.919,1.82,0.0308567,-0.916523,0.378245,-0.130062,0.0219456,1,0.729623,0.68462,25.5065,13.9498,0.968197,2,2,24.0868,82.1409,169.78,46.9772,360.792,-2870.07,43.6453,284.752,-893.942,2,1
A,174,.,.,.,PHE,CE2,1394,171,104,13,71.942,-3.18,84.136,1.82,7.80751,0.799714,-0.0869105,-0.594058,5.55278,1,0.772514,0.68462,38.4086,14.0189,0.967399,2,2,24.0868,82.1409,169.78,46.9772,360.792,-2870.07,43.6453,284.752,-893.942,0.916613,1
A,174,.,.,.,PHE,CZ,1395,171,106,13,71.292,-1.988,83.871,1.82,7.10165,0.62888,0.305501,-0.714968,4.74939,1,0.794202,0.68462,30.5023,14.0235,0.959361,2,2,24.0868,82.1409,169.78,46.9772,360.792,-2870.07,43.6453,284.752,-893.942,0.932641,1
A,175,.,.,.,PHE,N,1396,172,107,13,70.181,-5.998,87.422,1.7,0,0,0,0,0,3,0.715495,0.693369,12.0222,10.048,2,2,2,24.0693,82.7429,221.002,47.5993,346.545,-2863.08,38.8837,308.227,2329.91,2,0
A,175,.,.,.,PHE,CA,1397,172,101,13,69.567,-6.932,86.453,1.9,0,0,0,0,0,2,0.83912,0.693369,16.7469,12.962,2,2,2,24.0693,82.7429,221.002,47.5993,346.545,-2863.08,38.8837,308.227,2329.91,2,0
A,175,.,.,.,PHE,C,1398,172,100,13,68.057,-7.087,86.728,1.75,0,0,0,0,0,2,0.452052,0.693369,9.97991,8.78601,2,2,2,24.0693,82.7429,221.002,47.5993,346.545,-2863.08,38.8837,308.227,2329.91,2,0
A,175,.,.,.,PHE,O,1399,172,108,13,67.273,-7.166,85.785,1.49,0,0,0,0,0,2,0.71275,0.693369,14.7155,9.26695,2,2,2,24.0693,82.7429,221.002,47.5993,346.545,-2863.08,38.8837,308.227,2329.91,2,0
A,175,.,.,.,PHE,CB,1400,172,102,13,70.294,-8.303,86.402,1.91,0,0,0,0,0,2,0.540813,0.693369,27.3703,17.9393,2,2,2,24.0693,82.7429,221.002,47.5993,346.545,-2863.08,38.8837,308.227,2329.91,2,0
A,175,.,.,.,PHE,CG,1401,172,105,13,71.508,-8.329,85.488,1.74,0,0,0,0,0,2,0.649853,0.693369,8.05257,6.37838,2,2,2,24.0693,82.7429,221.002,47.5993,346.545,-2863.08,38.8837,308.227,2329.91,2,0
A,175,.,.,.,PHE,CD1,1402,172,103,13,71.363,-8.228,84.113,1.82,0,0,0,0,0,2,0.721833,0.693369,26.0603,14.3686,2,2,2,24.0693,82.7429,221.002,47.5993,346.545,-2863.08,38.8837,308.227,2329.91,2,0
A,175,.,.,.,PHE,CD2,1403,172,103,13,72.797,-8.486,86.004,1.82,0,0,0,0,0,2,0.626615,0.693369,23.7908,14.4687,2,2,2,24.0693,82.7429,221.002,47.5993,346.545,-2863.08,38.8837,308.227,2329.91,2,0
A,175,.,.,.,PHE,CE1,1404,172,104,13,72.466,-8.238,83.269,1.82,1.6876,0.211287,0.804148,-0.555612,1.20024,1,0.78376,0.693369,31.107,14.0396,0.990363,2,2,24.0693,82.7429,221.002,47.5993,346.545,-2863.08,38.8837,308.227,2329.91,2,1
A,175,.,.,.,PHE,CE2,1405,172,104,13,73.905,-8.508,85.167,1.82,3.33425,0.976599,-0.194549,-0.0916741,2.37135,1,0.726551,0.693369,27.4385,14.0518,0.964699,2,2,24.0693,82.7429,221.002,47.5993,346.545,-2863.08,38.8837,308.227,2329.91,0.89926,1
A,175,.,.,.,PHE,CZ,1406,172,106,13,73.74,-8.384,83.794,1.82,7.07224,0.865906,-0.352126,-0.355266,4.72972,1,0.858217,0.693369,35.5664,14.048,0.968824,2,2,24.0693,82.7429,221.002,47.5993,346.545,-2863.08,38.8837,308.227,2329.91,0.908999,1
A,176,.,.,.,SER,N,1407,173,119,15,67.641,-7.085,87.999,1.7,0,0,0,0,0,2,0.856315,0.591347,12.441,10.101,2,2,2,25.1965,82.1408,107.895,46.9772,360.792,-2870.07,43.6453,284.752,-893.942,2,0
A,176,.,.,.,SER,CA,1408,173,117,15,66.189,-7.128,88.323,1.9,3.07635,-0.674457,-0.724884,-0.140182,1.71497,1,0.616038,0.591347,22.1137,12.9786,0.718127,0.722215,0.739467,25.1965,82.1408,107.895,46.9772,360.792,-2870.07,43.6453,284.752,-893.942,0.261725,0
A,176,.,.,.,SER,C,1409,173,116,15,65.445,-5.902,87.808,1.75,0.707085,-0.690784,0.305221,0.655483,1.22783,1,0.732722,0.591347,11.2456,8.67295,0.704167,0.710766,2,25.1965,82.1408,107.895,46.9772,360.792,-2870.07,43.6453,284.752,-893.942,0.226138,0
A,176,.,.,.,SER,O,1410,173,120,15,64.356,-6.01,87.235,1.49,3.92544,-0.66108,-0.608578,0.438868,1.18216,1,0.641132,0.591347,20.0488,9.32149,0.715853,0.722622,0.753284,25.1965,82.1408,107.895,46.9772,360.792,-2870.07,43.6453,284.752,-893.942,0.279912,0
A,176,.,.,.,SER,CB,1411,173,118,15,65.933,-7.232,89.826,1.91,26.9024,-0.792618,0.101166,0.601268,-6.98403,1,0.586004,0.591347,53.1091,19.3214,0.694342,0.694877,0.69834,25.1965,82.1408,107.895,46.9772,360.792,-2870.07,43.6453,284.752,-893.942,0.222363,0
A,176,.,.,.,SER,OG,1412,173,121,15,66.327,-8.493,90.327,1.54,16.1404,-0.64801,-0.556095,0.520425,-2.32797,1,0.115874,0.591347,33.4795,10.3285,0.695049,0.695244,0.69834,25.1965,82.1408,107.895,46.9772,360.792,-2870.07,43.6453,284.752,-893.942,0.223106,0
A,177,.,.,.,ILE,N,1413,174,73,9,66.034,-4.731,88.019,1.7,0.0454472,-0.702825,0.0537847,0.709327,0.0997052,1,0.361446,0.42839,11.6748,9.72388,0.686649,0.727919,2,25.4832,98.8306,287.534,46.9772,360.792,-2870.07,43.6453,284.752,-893.942,0.225751,0
A,177,.,.,.,ILE,CA,1414,174,68,9,65.474,-3.476,87.483,1.9,1.15061,-0.74092,-0.143633,0.656055,2.16527,1,0.317934,0.42839,17.6342,12.0736,0.718506,0.746668,2,25.4832,98.8306,287.534,46.9772,360.792,-2870.07,43.6453,284.752,-893.942,0.289701,0
A,177,.,.,.,ILE,C,1415,174,67,9,65.376,-3.483,85.95,1.75,0,0,0,0,0,2,0.422553,0.42839,9.31078,8.45915,2,2,2,25.4832,98.8306,287.534,46.9772,360.792,-2870.07,43.6453,284.752,-893.942,2,0
A,177,.,.,.,ILE,O,1416,174,74,9,64.379,-3.038,85.391,1.49,0,0,0,0,0,2,0.412607,0.42839,12.1314,9.062,2,2,2,25.4832,98.8306,287.534,46.9772,360.792,-2870.07,43.6453,284.752,-893.942,2,0
A,177,.,.,.,ILE,CB,1417,174,69,9,66.3,-2.273,88.002,2.01,0,0,0,0,0,2,0.440566,0.42839,17.1475,13.9296,2,2,2,25.4832,98.8306,287.534,46.9772,360.792,-2870.07,43.6453,284.752,-893.942,2,0
A,177,.,.,.,ILE,CG1,1418,174,71,9,65.999,-2.058,89.493,1.92,15.5754,-0.759444,-0.212404,0.614922,16.663,1,0.404595,0.42839,39.8744,16.0497,0.72942,0.736324,2,25.4832,98.8306,287.534,46.9772,360.792,-2870.07,43.6453,284.752,-893.942,0.222497,0
A,177,.,.,.,ILE,CG2,1419,174,72,9,66.087,-1.003,87.175,1.92,0.019305,0.520824,0.294774,-0.801156,0.0156342,1,0.505764,0.42839,40.9905,21.9672,0.95766,2,2,25.4832,98.8306,287.534,46.9772,360.792,-2870.07,43.6453,284.752,-893.942,2,1
A,177,.,.,.,ILE,CD1,1420,174,70,9,67.005,-1.163,90.174,1.92,5.48938,-0.503163,0.468694,0.726053,4.1753,1,0.561653,0.42839,46.2942,22.876,0.750669,0.725067,2,25.4832,98.8306,287.534,46.9772,360.792,-2870.07,43.6453,284.752,-893.942,0.220459,0
A,178,.,.,.,LEU,N,1421,175,81,10,66.409,-3.995,85.286,1.7,0,0,0,0,0,2,0.721936,0.582669,12.0155,9.78906,2,2,2,25.0529,113.163,605.988,46.9772,360.792,-2870.07,43.6453,284.752,-893.942,2,0
A,178,.,.,.,LEU,CA,1422,175,76,10,66.459,-4.079,83.821,1.9,0,0,0,0,0,2,0.697682,0.582669,18.0315,12.8324,2,2,2,25.0529,113.163,605.988,46.9772,360.792,-2870.07,43.6453,284.752,-893.942,2,0
A,178,.,.,.,LEU,C,1423,175,75,10,65.312,-4.926,83.266,1.75,0,0,0,0,0,2,0.0714893,0.582669,9.85427,8.61428,2,2,2,25.0529,113.163,605.988,46.9772,360.792,-2870.07,43.6453,284.752,-893.942,2,0
A,178,.,.,.,LEU,O,1424,175,82,10,64.623,-4.542,82.305,1.49,0.122711,0.271271,-0.674161,-0.686964,0.0941084,1,0.467879,0.582669,14.4754,9.14514,0.955513,2,2,25.0529,113.163,605.988,46.9772,360.792,-2870.07,43.6453,284.752,-893.942,2,1
A,178,.,.,.,LEU,CB,1425,175,77,10,67.811,-4.652,83.373,1.91,0,0,0,0,0,2,0.740686,0.582669,22.495,15.5901,2,2,2,25.0529,113.163,605.988,46.9772,360.792,-2870.07,43.6453,284.752,-893.942,2,0
A,178,.,.,.,LEU,CG,1426,175,80,10,68.114,-4.679,81.863,2.01,2.79047,-0.457888,-0.551571,-0.697215,3.78951,1,0.483623,0.582669,24.9696,14.2247,0.951213,2,2,25.0529,113.163,605.988,46.9772,360.792,-2870.07,43.6453,284.752,-893.942,0.927309,1
A,178,.,.,.,LEU,CD1,1427,175,78,10,68.397,-3.268,81.366,1.92,3.5112,0.582169,0.413221,-0.700234,2.39105,1,0.802507,0.582669,44.6614,22.1143,0.974829,2,2,25.0529,113.163,605.988,46.9772,360.792,-2870.07,43.6453,284.752,-893.942,0.938894,1
A,178,.,.,.,LEU,CD2,1428,175,79,10,69.31,-5.585,81.558,1.92,3.09664,-0.144761,-0.493754,-0.857468,1.6426,1,0.675551,0.582669,53.5207,22.2343,0.955948,2,2,25.0529,113.163,605.988,46.9772,360.792,-2870.07,43.6453,284.752,-893.942,0.864707,1
A,179,.,.,.,GLU,N,1429,176,50,6,65.083,-6.076,83.872,1.7,0,0,0,0,0,2,0.765114,0.580058,11.9209,9.82219,2,2,2,25.9341,115.282,491.617,46.9772,360.792,-2870.07,43.6453,284.752,-893.942,2,0
A,179,.,.,.,GLU,CA,1430,176,46,6,64.024,-6.956,83.379,1.9,0.211651,0.400107,0.0771051,-0.913219,0.130026,1,0.315497,0.580058,18.0498,12.6818,0.843379,0.647667,2,25.9341,115.282,491.617,46.9772,360.792,-2870.07,43.6453,284.752,-893.942,0.752363,1
A,179,.,.,.,GLU,C,1431,176,45,6,62.643,-6.351,83.638,1.75,0.672014,-0.603582,-0.71417,0.354471,1.21235,1,0.399123,0.580058,11.7694,8.81498,0.759536,0.651429,2,25.9341,115.282,491.617,46.9772,360.792,-2870.07,43.6453,284.752,-893.942,0.451802,0
A,179,.,.,.,GLU,O,1432,176,51,6,61.752,-6.475,82.794,1.49,2.95982,-0.280511,-0.946497,-0.159551,0.719212,1,0.546012,0.580058,21.0497,9.35269,0.86363,2,2,25.9341,115.282,491.617,46.9772,360.792,-2870.07,43.6453,284.752,-893.942,0.483151,0
A,179,.,.,.,GLU,CB,1433,176,47,6,64.15,-8.345,84.003,1.91,19.3216,-0.660852,-0.599448,0.451594,-4.30494,1,0.31822,0.580058,43.8207,16.9577,0.71375,0.693595,2,25.9341,115.282,491.617,46.9772,360.792,-2870.07,43.6453,284.752,-893.942,0.39852,0
A,179,.,.,.,GLU,CG,1434,176,49,6,65.431,-9.099,83.625,1.88,1.55756,-0.387077,-0.735656,0.555861,-0.602245,1,0.930849,0.580058,30.4945,16.9032,0.708465,0.693595,2,25.9341,115.282,491.617,46.9772,360.792,-2870.07,43.6453,284.752,-893.942,0.357217,0
A,179,.,.,.,GLU,CD,1435,176,48,6,65.528,-9.525,82.16,1.76,0.938151,0.242143,0.701852,-0.669904,-0.407029,1,0.85818,0.580058,16.4043,10.7003,0.897658,2,2,25.9341,115.282,491.617,46.9772,360.792,-2870.07,43.6453,284.752,-893.942,0.730044,1
A,179,.,.,.,GLU,OE1,1436,176,52,6,64.556,-9.4,81.411,1.49,10.417,-0.705539,0.0647817,-0.705704,-6.89215,1,0.182711,0.580058,30.7253,9.25518,0.954956,2,2,25.9341,115.282,491.617,46.9772,360.792,-2870.07,43.6453,284.752,-893.942,0.496394,1
A,179,.,.,.,GLU,OE2,1437,176,52,6,66.597,-10.024,81.76,1.49,0.000775058,0.188732,0.808677,-0.557155,-0.000512799,1,0.904812,0.580058,16.0026,9.00156,0.968603,2,2,25.9341,115.282,491.617,46.9772,360.792,-2870.07,43.6453,284.752,-893.942,0.753551,1
A,180,.,.,.,ALA,N,1438,177,3,0,62.479,-5.676,84.783,1.7,0.27299,-0.230786,-0.822812,0.519344,0.409496,1,0.113375,0.445555,12.9626,9.95267,0.692688,0.651429,2,27.1151,123.312,356.923,46.9772,360.792,-2870.07,43.6453,284.752,-893.942,0.361216,0
A,180,.,.,.,ALA,CA,1439,177,1,0,61.165,-5.123,85.168,1.9,2.04236,-0.189693,-0.966037,0.175467,1.56705,1,0.406613,0.445555,21.6351,12.8645,0.741417,0.651429,2,27.1151,123.312,356.923,46.9772,360.792,-2870.07,43.6453,284.752,-893.942,0.234974,0
A,180,.,.,.,ALA,C,1440,177,0,0,60.806,-3.836,84.436,1.75,0,0,0,0,0,2,0.547324,0.445555,10.8966,8.74243,2,2,2,27.1151,123.312,356.923,46.9772,360.792,-2870.07,43.6453,284.752,-893.942,2,0
A,180,.,.,.,ALA,O,1441,177,4,0,59.628,-3.557,84.234,1.49,1.95701,-0.581084,0.154286,0.799085,0.988291,1,0.687085,0.445555,22.5052,9.33726,0.9196,2,2,27.1151,123.312,356.923,46.9772,360.792,-2870.07,43.6453,284.752,-893.942,2,0
A,180,.,.,.,ALA,CB,1442,177,2,0,61.108,-4.868,86.661,1.92,42.6895,-0.527601,-0.238666,0.815277,3.06099,1,0.473379,0.445555,74.3044,23.3371,0.748811,0.743897,0.739467,27.1151,123.312,356.923,46.9772,360.792,-2870.07,43.6453,284.752,-893.942,0.247392,0
A,181,.,.,.,ASN,N,1443,178,19,2,61.823,-3.059,84.058,1.7,0,0,0,0,0,2,0.474757,0.85524,11.3065,9.63251,2,2,2,27.1966,144.809,649.235,46.9772,360.792,-2870.07,43.6453,284.752,-893.942,2,0
A,181,.,.,.,ASN,CA,1444,178,16,2,61.626,-1.725,83.518,1.9,0,0,0,0,0,2,0.798253,0.85524,15.8749,12.761,2,2,2,27.1966,144.809,649.235,46.9772,360.792,-2870.07,43.6453,284.752,-893.942,2,0
A,181,.,.,.,ASN,C,1445,178,15,2,62.063,-1.508,82.069,1.75,0,0,0,0,0,2,0.974811,0.85524,9.36902,8.68593,2,2,2,27.1966,144.809,649.235,46.9772,360.792,-2870.07,43.6453,284.752,-893.942,2,0
A,181,.,.,.,ASN,O,1446,178,21,2,61.56,-0.575,81.43,1.49,1.88213,-0.150171,0.557862,-0.816234,0.51073,1,0.939262,0.85524,20.3035,9.39305,0.97501,2,2,27.1966,144.809,649.235,46.9772,360.792,-2870.07,43.6453,284.752,-893.942,0.949632,1
A,181,.,.,.,ASN,CB,1447,178,17,2,62.341,-0.729,84.399,1.91,0,0,0,0,-0,2,0.971539,0.85524,24.2322,17.2805,2,2,2,27.1966,144.809,649.235,46.9772,360.792,-2870.07,43.6453,284.752,-893.942,2,0
A,181,.,.,.,ASN,CG,1448,178,18,2,61.755,-0.677,85.784,1.81,0,0,0,0,-0,2,0.980178,0.85524,14.0995,10.9263,2,2,2,27.1966,144.809,649.235,46.9772,360.792,-2870.07,43.6453,284.752,-893.942,2,0
A,181,.,.,.,ASN,OD1,1449,178,22,2,60.698,-0.079,85.992,1.52,3.25051,-0.538732,-0.506246,0.673412,-1.13156,1,0.814842,0.85524,19.8591,9.60131,0.8378,0.830105,2,27.1966,144.809,649.235,46.9772,360.792,-2870.07,43.6453,284.752,-893.942,0.339375,0
A,181,.,.,.,ASN,ND2,1450,178,20,2,62.427,-1.326,86.744,1.62,6.8116,-0.378258,-0.141911,0.914758,-3.26896,1,0.888273,0.85524,29.3986,12.8001,0.809677,0.80602,2,27.1966,144.809,649.235,46.9772,360.792,-2870.07,43.6453,284.752,-893.942,0.298534,0
A,182,.,.,.,TYR,N,1451,179,150,18,62.962,-2.358,81.566,1.7,0,0,0,0,0,2,0.642367,0.671793,11.0194,9.39389,2,2,2,26.6806,156.498,1049.07,46.9772,360.792,-2870.07,43.6453,284.752,-893.942,2,0
A,182,.,.,.,TYR,CA,1452,179,144,18,63.481,-2.261,80.198,1.9,0,0,0,0,0,2,0.5008,0.671793,16.8202,12.7034,2,2,2,26.6806,156.498,1049.07,46.9772,360.792,-2870.07,43.6453,284.752,-893.942,2,0
A,182,.,.,.,TYR,C,1453,179,143,18,63.416,-3.601,79.466,1.75,0,0,0,0,0,2,0.337799,0.671793,10.2675,8.88496,2,2,2,26.6806,156.498,1049.07,46.9772,360.792,-2870.07,43.6453,284.752,-893.942,2,0
A,182,.,.,.,TYR,O,1454,179,151,18,64.416,-4.034,78.9,1.49,2.29633,0.544122,-0.833169,0.0987939,1.89561,1,0.491771,0.671793,17.3735,8.89189,0.961938,2,2,26.6806,156.498,1049.07,46.9772,360.792,-2870.07,43.6453,284.752,-893.942,0.900768,1
A,182,.,.,.,TYR,CB,1455,179,145,18,64.931,-1.725,80.239,1.91,0.385951,0.766083,0.357833,-0.533922,0.354145,1,0.695924,0.671793,26.4623,17.7335,0.971812,2,2,26.6806,156.498,1049.07,46.9772,360.792,-2870.07,43.6453,284.752,-893.942,2,1
A,182,.,.,.,TYR,CG,1456,179,148,18,64.98,-0.364,80.906,1.74,0,0,0,0,0,2,0.803639,0.671793,7.22379,6.23512,2,2,2,26.6806,156.498,1049.07,46.9772,360.792,-2870.07,43.6453,284.752,-893.942,2,0
A,182,.,.,.,TYR,CD1,1457,179,146,18,64.62,0.769,80.211,1.82,1.41057,-0.784165,0.0745221,-0.616061,1.06756,1,0.628962,0.671793,25.8711,14.2831,0.969434,2,2,26.6806,156.498,1049.07,46.9772,360.792,-2870.07,43.6453,284.752,-893.942,0.893762,1
A,182,.,.,.,TYR,CD2,1458,179,146,18,65.243,-0.235,82.266,1.82,0.00075799,0.766406,-0.0726748,0.638233,0.000573669,1,0.850494,0.671793,21.838,14.2809,0.991949,2,2,26.6806,156.498,1049.07,46.9772,360.792,-2870.07,43.6453,284.752,-893.942,2,1
A,182,.,.,.,TYR,CE1,1459,179,147,18,64.599,2.007,80.815,1.82,0.659159,-0.903925,0.106444,-0.414233,0.23492,1,0.649489,0.671793,24.0978,14.1124,0.974934,2,2,26.6806,156.498,1049.07,46.9772,360.792,-2870.07,43.6453,284.752,-893.942,0.866722,1
A,182,.,.,.,TYR,CE2,1460,179,147,18,65.216,1,82.887,1.82,0.0310075,0.808638,-0.312614,0.498374,0.0110509,1,0.881257,0.671793,26.974,14.1358,0.991949,2,2,26.6806,156.498,1049.07,46.9772,360.792,-2870.07,43.6453,284.752,-893.942,2,1
A,182,.,.,.,TYR,CZ,1461,179,149,18,64.894,2.122,82.158,1.8,0,0,0,0,0,2,0.733002,0.671793,13.3464,9.7336,2,2,2,26.6806,156.498,1049.07,46.9772,360.792,-2870.07,43.6453,284.752,-893.942,2,0
A,182,.,.,.,TYR,OH,1462,179,152,18,64.854,3.356,82.76,1.54,0,0,0,0,-0,2,0.846018,0.671793,17.8559,10.7366,2,2,2,26.6806,156.498,1049.07,46.9772,360.792,-2870.07,43.6453,284.752,-893.942,2,0
A,183,.,.,.,PRO,N,1463,180,114,14,62.239,-4.264,79.467,1.7,0,0,0,0,0,2,0.724238,0.606669,6.30483,5.49268,2,2,2,27.2776,159.371,958.054,46.9772,360.792,-2870.07,43.6453,284.752,-893.942,2,0
A,183,.,.,.,PRO,CA,1464,180,110,14,62.164,-5.59,78.854,1.9,0.697325,0.631706,-0.746735,0.208169,0.381553,1,0.554343,0.606669,22.01,12.8164,0.954273,2,2,27.2776,159.371,958.054,46.9772,360.792,-2870.07,43.6453,284.752,-893.942,0.785037,1
A,183,.,.,.,PRO,C,1465,180,109,14,62.478,-5.528,77.372,1.75,0,0,0,0,0,2,0.484333,0.606669,9.73037,8.6473,2,2,2,27.2776,159.371,958.054,46.9772,360.792,-2870.07,43.6453,284.752,-893.942,2,0
A,183,.,.,.,PRO,O,1466,180,115,14,62.038,-4.592,76.689,1.49,0,0,0,0,0,2,0.408695,0.606669,12.1759,9.22255,2,2,2,27.2776,159.371,958.054,46.9772,360.792,-2870.07,43.6453,284.752,-893.942,2,0
A,183,.,.,.,PRO,CB,1467,180,111,14,60.706,-5.993,79.061,1.91,4.97852,0.212003,-0.97594,0.05095,-1.62122,1,0.541038,0.606669,34.7729,16.806,0.942547,2,2,27.2776,159.371,958.054,46.9772,360.792,-2870.07,43.6453,284.752,-893.942,0.656173,0
A,183,.,.,.,PRO,CG,1468,180,113,14,59.974,-4.707,79.219,1.92,0,0,0,0,-0,2,0.740061,0.606669,27.1394,17.1851,2,2,2,27.2776,159.371,958.054,46.9772,360.792,-2870.07,43.6453,284.752,-893.942,2,0
A,183,.,.,.,PRO,CD,1469,180,112,14,60.928,-3.837,79.978,1.92,0,0,0,0,0,2,0.793977,0.606669,24.3196,17.7964,2,2,2,27.2776,159.371,958.054,46.9772,360.792,-2870.07,43.6453,284.752,-893.942,2,0
A,184,.,.,.,GLU,N,1470,181,50,6,63.234,-6.528,76.908,1.7,10.2247,0.43237,-0.770524,0.468347,13.0993,1,0.420075,0.40903,25.1177,9.9,0.948838,2,2,27.6539,171.292,1250.18,47.5993,346.545,-2863.08,38.8837,308.227,2329.91,0.800472,1
A,184,.,.,.,GLU,CA,1471,181,46,6,63.536,-6.746,75.507,1.9,4.86512,0.53337,-0.722661,0.439634,2.98885,1,0.348401,0.40903,23.4197,12.7385,0.94655,2,2,27.6539,171.292,1250.18,47.5993,346.545,-2863.08,38.8837,308.227,2329.91,0.678724,1
A,184,.,.,.,GLU,C,1472,181,45,6,64.146,-5.512,74.851,1.75,0,0,0,0,0,2,0.405357,0.40903,11.5686,8.82175,2,2,2,27.6539,171.292,1250.18,47.5993,346.545,-2863.08,38.8837,308.227,2329.91,2,0
A,184,.,.,.,GLU,O,1473,181,51,6,63.738,-5.092,73.77,1.49,0.455056,-0.590024,0.037529,-0.806513,0.110575,1,0.486403,0.40903,18.7376,9.21447,0.971958,2,2,27.6539,171.292,1250.18,47.5993,346.545,-2863.08,38.8837,308.227,2329.91,2,0
A,184,.,.,.,GLU,CB,1474,181,47,6,62.299,-7.271,74.772,1.91,5.5276,-0.322414,-0.7197,0.614883,-1.23157,1,0.576223,0.40903,32.2684,16.7699,0.939848,2,2,27.6539,171.292,1250.18,47.5993,346.545,-2863.08,38.8837,308.227,2329.91,0.750427,0
A,184,.,.,.,GLU,CG,1475,181,49,6,62.656,-8.251,73.664,1.88,1.03904,-0.251788,-0.670886,0.697506,-0.401755,1,0.461834,0.40903,32.0458,16.7927,0.927984,2,2,27.6539,171.292,1250.18,47.5993,346.545,-2863.08,38.8837,308.227,2329.91,0.528438,0
A,184,.,.,.,GLU,CD,1476,181,48,6,61.449,-8.81,72.948,1.76,4.04927,-0.212822,-0.855393,0.47224,-1.75683,1,0.333631,0.40903,20.4794,10.7041,0.859878,0.778257,2,27.6539,171.292,1250.18,47.5993,346.545,-2863.08,38.8837,308.227,2329.91,0.512679,0
A,184,.,.,.,GLU,OE1,1477,181,52,6,60.307,-8.576,73.403,1.49,3.2065,-0.115778,-0.604624,0.788051,-2.12151,1,0.368035,0.40903,20.6421,9.14023,0.905621,2,2,27.6539,171.292,1250.18,47.5993,346.545,-2863.08,38.8837,308.227,2329.91,0.601872,0
A,184,.,.,.,GLU,OE2,1478,181,52,6,61.642,-9.487,71.916,1.49,13.226,0.154876,-0.899427,-0.40871,-8.75065,1,0.281315,0.40903,33.9543,9.44218,0.780883,0.738869,2,27.6539,171.292,1250.18,47.5993,346.545,-2863.08,38.8837,308.227,2329.91,0.388326,0
A,185,.,.,.,THR,N,1479,182,126,16,65.13,-4.933,75.53,1.7,1.29656,0.463064,-0.559832,0.687139,2.11099,1,0.248537,0.595054,14.7415,9.66811,0.962353,2,2,27.0243,176.882,1533.96,47.5993,346.545,-2863.08,38.8837,308.227,2329.91,0.866913,1
A,185,.,.,.,THR,CA,1480,182,123,16,65.883,-3.798,74.996,1.9,0,0,0,0,0,2,0.238136,0.595054,15.8567,12.1387,2,2,2,27.0243,176.882,1533.96,47.5993,346.545,-2863.08,38.8837,308.227,2329.91,2,0
A,185,.,.,.,THR,C,1481,182,122,16,67.332,-4.113,74.549,1.75,0,0,0,0,0,2,0.7978,0.595054,10.172,8.75513,2,2,2,27.0243,176.882,1533.96,47.5993,346.545,-2863.08,38.8837,308.227,2329.91,2,0
A,185,.,.,.,THR,O,1482,182,127,16,68.002,-3.243,74.02,1.49,1.15376,0.0645159,0.980678,0.184682,0.533514,1,0.790568,0.595054,16.4765,9.06213,0.96043,2,2,27.0243,176.882,1533.96,47.5993,346.545,-2863.08,38.8837,308.227,2329.91,2,1
A,185,.,.,.,THR,CB,1483,182,124,16,65.915,-2.674,76.025,2.01,6.40701,0.703361,0.68359,0.194905,0.28921,1,0.777594,0.595054,32.7648,16.8262,0.967151,2,2,27.0243,176.882,1533.96,47.5993,346.545,-2863.08,38.8837,308.227,2329.91,0.907078,1
A,185,.,.,.,THR,OG1,1484,182,128,16,66.436,-3.179,77.259,1.54,2.78622,0.824376,0.332437,0.458138,-0.166258,1,0.857053,0.595054,22.8102,9.52392,0.965671,2,2,27.0243,176.882,1533.96,47.5993,346.545,-2863.08,38.8837,308.227,2329.91,0.932437,1
A,185,.,.,.,THR,CG2,1485,182,125,16,64.493,-2.107,76.225,1.92,0.00767991,-0.402708,0.458897,-0.791984,-0.00126742,1,0.455689,0.595054,37.6493,22.3939,0.94746,2,2,27.0243,176.882,1533.96,47.5993,346.545,-2863.08,38.8837,308.227,2329.91,2,0
A,186,.,.,.,LEU,N,1486,183,81,10,67.804,-5.336,74.777,1.7,1.32234,-0.281472,-0.652149,0.7039,2.6805,1,0.261864,0.534396,17.0324,9.89561,0.957895,2,2,26.3558,161.08,1418.2,47.5993,346.545,-2863.08,38.8837,308.227,2329.91,0.874221,1
A,186,.,.,.,LEU,CA,1487,183,76,10,69.136,-5.765,74.362,1.9,0,0,0,0,0,2,0.33795,0.534396,13.9308,12.4189,2,2,2,26.3558,161.08,1418.2,47.5993,346.545,-2863.08,38.8837,308.227,2329.91,2,0
A,186,.,.,.,LEU,C,1488,183,75,10,69.054,-6.867,73.329,1.75,0,0,0,0,0,2,0.330516,0.534396,10.5777,8.69259,2,2,2,26.3558,161.08,1418.2,47.5993,346.545,-2863.08,38.8837,308.227,2329.91,2,0
A,186,.,.,.,LEU,O,1489,183,82,10,68.36,-7.857,73.52,1.49,0.129662,-0.300822,-0.206046,0.931156,0.0994391,1,0.393104,0.534396,15.3329,9.07522,0.952113,2,2,26.3558,161.08,1418.2,47.5993,346.545,-2863.08,38.8837,308.227,2329.91,2,1
A,186,.,.,.,LEU,CB,1490,183,77,10,69.954,-6.275,75.547,1.91,3.82067,-0.654279,-0.576679,0.489245,3.88994,1,0.716657,0.534396,28.9908,15.5099,0.958557,2,2,26.3558,161.08,1418.2,47.5993,346.545,-2863.08,38.8837,308.227,2329.91,0.928348,1
A,186,.,.,.,LEU,CG,1491,183,80,10,70.262,-5.25,76.631,2.01,1.94801,-0.793927,-0.393455,0.463543,2.64544,1,0.640247,0.534396,24.2119,14.0892,0.96417,2,2,26.3558,161.08,1418.2,47.5993,346.545,-2863.08,38.8837,308.227,2329.91,0.930886,1
A,186,.,.,.,LEU,CD1,1492,183,78,10,71.077,-5.92,77.716,1.92,1.1425,-0.60392,-0.496335,0.623644,0.77802,1,0.802113,0.534396,42.4222,22.0768,0.962563,2,2,26.3558,161.08,1418.2,47.5993,346.545,-2863.08,38.8837,308.227,2329.91,0.923941,1
A,186,.,.,.,LEU,CD2,1493,183,79,10,70.987,-4.037,76.061,1.92,4.81406,-0.353916,0.77739,0.520008,2.5536,1,0.792712,0.534396,43.5214,21.9064,0.978237,2,2,26.3558,161.08,1418.2,47.5993,346.545,-2863.08,38.8837,308.227,2329.91,0.944616,1
A,187,.,.,.,LYS,N,1494,184,89,11,69.766,-6.665,72.227,1.7,0,0,0,0,0,2,0.769388,0.64571,11.8194,9.63183,2,2,2,27.7381,174.399,1500.55,47.5993,346.545,-2863.08,38.8837,308.227,2329.91,2,0
A,187,.,.,.,LYS,CA,1495,184,84,11,69.803,-7.587,71.092,1.9,0.617719,-0.657655,-0.617373,-0.431672,0.396491,1,0.517094,0.64571,17.943,12.9874,0.626717,0.624321,0.606151,27.7381,174.399,1500.55,47.5993,346.545,-2863.08,38.8837,308.227,2329.91,0.242994,0
A,187,.,.,.,LYS,C,1496,184,83,11,70.726,-8.776,71.367,1.75,0,0,0,0,0,2,0.562191,0.64571,10.7075,8.82435,2,2,2,27.7381,174.399,1500.55,47.5993,346.545,-2863.08,38.8837,308.227,2329.91,2,0
A,187,.,.,.,LYS,O,1497,184,91,11,70.402,-9.939,71.067,1.49,7.00797,-0.531208,-0.542118,-0.651095,1.27958,1,0.463692,0.64571,23.714,9.35218,0.566345,0.565201,0.550582,27.7381,174.399,1500.55,47.5993,346.545,-2863.08,38.8837,308.227,2329.91,0.137491,0
A,187,.,.,.,LYS,CB,1498,184,85,11,70.297,-6.783,69.88,1.91,0,0,0,0,-0,2,0.846064,0.64571,24.9198,16.0673,2,2,2,27.7381,174.399,1500.55,47.5993,346.545,-2863.08,38.8837,308.227,2329.91,2,0
A,187,.,.,.,LYS,CG,1499,184,88,11,70.341,-7.485,68.547,1.92,13.0797,-0.679045,-0.639567,-0.36035,-2.66391,1,0.544162,0.64571,40.9429,17.0476,0.551339,0.549328,0.532468,27.7381,174.399,1500.55,47.5993,346.545,-2863.08,38.8837,308.227,2329.91,0.155563,0
A,187,.,.,.,LYS,CD,1500,184,86,11,70.817,-6.449,67.524,1.92,1.59939,-0.977313,0.163407,-0.134749,-0.865785,1,0.818045,0.64571,30.7201,16.8392,0.661753,0.647593,0.608258,27.7381,174.399,1500.55,47.5993,346.545,-2863.08,38.8837,308.227,2329.91,0.190417,0
A,187,.,.,.,LYS,CE,1501,184,87,11,70.991,-7.011,66.145,1.88,31.6607,0.0900121,-0.857233,-0.507001,-21.3121,1,0.818225,0.64571,54.9677,17.3086,0.506783,0.505423,0.500002,27.7381,174.399,1500.55,47.5993,346.545,-2863.08,38.8837,308.227,2329.91,0.141987,0
A,187,.,.,.,LYS,NZ,1502,184,90,11,71.18,-5.879,65.193,1.67,7.68717,0.421708,-0.481322,-0.768434,-6.47771,1,0.472527,0.64571,27.4387,13.9498,0.488833,0.486558,0.480503,27.7381,174.399,1500.55,47.5993,346.545,-2863.08,38.8837,308.227,2329.91,0.144446,0
A,188,.,.,.,ASN,N,1503,185,19,2,71.892,-8.467,71.919,1.7,0,0,0,0,0,2,0.781262,0.730984,14.2376,9.91561,2,2,2,26.8944,151.155,1117.1,47.5993,346.545,-2863.08,38.8837,308.227,2329.91,2,0
A,188,.,.,.,ASN,CA,1504,185,16,2,72.843,-9.482,72.394,1.9,0,0,0,0,0,2,0.871899,0.730984,15.6547,12.8101,2,2,2,26.8944,151.155,1117.1,47.5993,346.545,-2863.08,38.8837,308.227,2329.91,2,0
A,188,.,.,.,ASN,C,1505,185,15,2,73.692,-8.921,73.52,1.75,0,0,0,0,0,2,0.94519,0.730984,10.8553,8.77794,2,2,2,26.8944,151.155,1117.1,47.5993,346.545,-2863.08,38.8837,308.227,2329.91,2,0
A,188,.,.,.,ASN,O,1506,185,21,2,73.865,-7.69,73.644,1.49,0,0,0,0,0,2,0.978277,0.730984,17.4697,9.41432,2,2,2,26.8944,151.155,1117.1,47.5993,346.545,-2863.08,38.8837,308.227,2329.91,2,0
A,188,.,.,.,ASN,CB,1507,185,17,2,73.785,-9.977,71.289,1.91,0,0,0,0,-0,2,0.913542,0.730984,25.4087,17.4166,2,2,2,26.8944,151.155,1117.1,47.5993,346.545,-2863.08,38.8837,308.227,2329.91,2,0
A,188,.,.,.,ASN,CG,1508,185,18,2,73.187,-11.087,70.431,1.81,0.0268022,0.321537,-0.767601,-0.554439,-0.00318552,1,0.424334,0.730984,15.1841,11.0282,0.47787,0.477769,0.477732,26.8944,151.155,1117.1,47.5993,346.545,-2863.08,38.8837,308.227,2329.91,0.0867247,0
A,188,.,.,.,ASN,OD1,1509,185,22,2,72.874,-12.203,70.901,1.52,11.7465,-0.421222,-0.764365,-0.488178,-4.08916,1,0.406945,0.730984,28.6767,9.79649,0.477125,0.477038,0.477001,26.8944,151.155,1117.1,47.5993,346.545,-2863.08,38.8837,308.227,2329.91,0.0993583,0
A,188,.,.,.,ASN,ND2,1510,185,20,2,73.054,-10.799,69.157,1.62,19.3365,-0.376323,-0.476169,-0.794761,-9.2798,1,0.52642,0.730984,43.6931,12.7093,0.478085,0.477945,0.477732,26.8944,151.155,1117.1,47.5993,346.545,-2863.08,38.8837,308.227,2329.91,0.104732,0
A,189,.,.,.,LEU,N,1511,186,81,10,74.211,-9.836,74.331,1.7,0,0,0,0,0,2,0.364657,0.746135,11.9329,9.6531,2,2,2,25.4859,128.116,788.412,47.5993,346.545,-2863.08,38.8837,308.227,2329.91,2,0
A,189,.,.,.,LEU,CA,1512,186,76,10,75.127,-9.514,75.431,1.9,0,0,0,0,0,2,0.971366,0.746135,15.6584,12.7937,2,2,2,25.4859,128.116,788.412,47.5993,346.545,-2863.08,38.8837,308.227,2329.91,2,0
A,189,.,.,.,LEU,C,1513,186,75,10,76.406,-10.268,75.123,1.75,0,0,0,0,0,2,0.823642,0.746135,11.9407,8.72263,2,2,2,25.4859,128.116,788.412,47.5993,346.545,-2863.08,38.8837,308.227,2329.91,2,0
A,189,.,.,.,LEU,O,1514,186,82,10,76.488,-11.486,75.324,1.49,0,0,0,0,0,2,0.801276,0.746135,14.469,9.17523,2,2,2,25.4859,128.116,788.412,47.5993,346.545,-2863.08,38.8837,308.227,2329.91,2,0
A,189,.,.,.,LEU,CB,1515,186,77,10,74.549,-9.927,76.8,1.91,0.830292,0.516757,-0.318598,0.794643,0.845345,1,0.792315,0.746135,24.6231,15.7216,0.979301,2,2,25.4859,128.116,788.412,47.5993,346.545,-2863.08,38.8837,308.227,2329.91,0.902771,1
A,189,.,.,.,LEU,CG,1516,186,80,10,73.299,-9.187,77.301,2.01,0,0,0,0,0,2,0.867091,0.746135,18.7136,14.2408,2,2,2,25.4859,128.116,788.412,47.5993,346.545,-2863.08,38.8837,308.227,2329.91,2,0
A,189,.,.,.,LEU,CD1,1517,186,78,10,72.025,-9.595,76.579,1.92,0.0700388,-0.993923,0.105008,0.0330134,0.0476948,1,0.552297,0.746135,37.0031,21.9824,0.963999,2,2,25.4859,128.116,788.412,47.5993,346.545,-2863.08,38.8837,308.227,2329.91,2,1
A,189,.,.,.,LEU,CD2,1518,186,79,10,73.093,-9.362,78.82,1.92,3.13331,0.728062,-0.377261,0.572363,1.66205,1,0.796437,0.746135,47.521,22.3081,0.97391,2,2,25.4859,128.116,788.412,47.5993,346.545,-2863.08,38.8837,308.227,2329.91,0.879904,1
A,190,.,.,.,ILE,N,1519,187,73,9,77.383,-9.549,74.584,1.7,0,0,0,0,0,2,0.918681,0.870792,12.3881,9.69775,2,2,2,26.1987,133.149,600.805,47.5993,346.545,-2863.08,38.8837,308.227,2329.91,2,0
A,190,.,.,.,ILE,CA,1520,187,68,9,78.611,-10.16,74.093,1.9,0,0,0,0,0,3,0.80928,0.870792,13.6528,11.8544,2,2,2,26.1987,133.149,600.805,47.5993,346.545,-2863.08,38.8837,308.227,2329.91,2,0
A,190,.,.,.,ILE,C,1521,187,67,9,79.71,-10.068,75.154,1.75,0,0,0,0,0,2,0.963136,0.870792,10.6329,8.54043,2,2,2,26.1987,133.149,600.805,47.5993,346.545,-2863.08,38.8837,308.227,2329.91,2,0
A,190,.,.,.,ILE,O,1522,187,74,9,80.117,-8.976,75.548,1.49,0,0,0,0,0,2,0.982011,0.870792,13.9652,9.00962,2,2,2,26.1987,133.149,600.805,47.5993,346.545,-2863.08,38.8837,308.227,2329.91,2,0
A,190,.,.,.,ILE,CB,1523,187,69,9,79.089,-9.498,72.792,2.01,0,0,0,0,0,2,0.968221,0.870792,17.822,13.947,2,2,2,26.1987,133.149,600.805,47.5993,346.545,-2863.08,38.8837,308.227,2329.91,2,0
A,190,.,.,.,ILE,CG1,1524,187,71,9,77.987,-9.574,71.719,1.92,0,0,0,0,0,2,0.601077,0.870792,25.7078,15.9739,2,2,2,26.1987,133.149,600.805,47.5993,346.545,-2863.08,38.8837,308.227,2329.91,2,0
A,190,.,.,.,ILE,CG2,1525,187,72,9,80.365,-10.179,72.291,1.92,0,0,0,0,0,2,0.931611,0.870792,34.2361,21.8335,2,2,2,26.1987,133.149,600.805,47.5993,346.545,-2863.08,38.8837,308.227,2329.91,2,0
A,190,.,.,.,ILE,CD1,1526,187,70,9,78.284,-8.73,70.505,1.92,0,0,0,0,0,2,0.792319,0.870792,35.4129,22.9523,2,2,2,26.1987,133.149,600.805,47.5993,346.545,-2863.08,38.8837,308.227,2329.91,2,0
A,191,.,.,.,VAL,N,1527,188,158,19,80.187,-11.222,75.603,1.7,0,0,0,0,0,3,0.960455,0.883832,11.6923,9.59828,2,2,2,25.7543,117.39,274.571,47.5993,346.545,-2863.08,38.8837,308.227,2329.91,2,0
A,191,.,.,.,VAL,CA,1528,188,154,19,81.217,-11.287,76.633,1.9,0,0,0,0,0,2,0.963761,0.883832,14.0925,11.9192,2,2,2,25.7543,117.39,274.571,47.5993,346.545,-2863.08,38.8837,308.227,2329.91,2,0
A,191,.,.,.,VAL,C,1529,188,153,19,82.6,-11.525,76.033,1.75,0,0,0,0,0,3,0.976273,0.883832,9.96302,8.44635,2,2,2,25.7543,117.39,274.571,47.5993,346.545,-2863.08,38.8837,308.227,2329.91,2,0
A,191,.,.,.,VAL,O,1530,188,159,19,82.808,-12.507,75.328,1.49,0,0,0,0,0,2,0.91508,0.883832,16.6166,9.22104,2,2,2,25.7543,117.39,274.571,47.5993,346.545,-2863.08,38.8837,308.227,2329.91,2,0
A,191,.,.,.,VAL,CB,1531,188,155,19,80.908,-12.418,77.627,2.01,0,0,0,0,0,2,0.853501,0.883832,17.7058,14.1607,2,2,2,25.7543,117.39,274.571,47.5993,346.545,-2863.08,38.8837,308.227,2329.91,2,0
A,191,.,.,.,VAL,CG1,1532,188,156,19,82.013,-12.518,78.679,1.92,0,0,0,0,0,2,0.660325,0.883832,35.7815,21.9401,2,2,2,25.7543,117.39,274.571,47.5993,346.545,-2863.08,38.8837,308.227,2329.91,2,0
A,191,.,.,.,VAL,CG2,1533,188,157,19,79.537,-12.207,78.272,1.92,7.34182,-0.624906,0.244594,0.741395,5.0668,1,0.857432,0.883832,49.7023,22.155,0.967541,2,2,25.7543,117.39,274.571,47.5993,346.545,-2863.08,38.8837,308.227,2329.91,0.829789,1
A,192,.,.,.,ILE,N,1534,189,73,9,83.54,-10.636,76.33,1.7,0,0,0,0,0,3,0.989209,0.828402,12.1203,9.81913,2,2,2,26.8333,125.562,144.065,47.5993,346.545,-2863.08,38.8837,308.227,2329.91,2,0
A,192,.,.,.,ILE,CA,1535,189,68,9,84.915,-10.745,75.81,1.9,0,0,0,0,0,2,0.833416,0.828402,17.6459,12.0057,2,2,2,26.8333,125.562,144.065,47.5993,346.545,-2863.08,38.8837,308.227,2329.91,2,0
A,192,.,.,.,ILE,C,1536,189,67,9,85.92,-10.789,76.955,1.75,0,0,0,0,0,2,0.807216,0.828402,10.1303,8.5484,2,2,2,26.8333,125.562,144.065,47.5993,346.545,-2863.08,38.8837,308.227,2329.91,2,0
A,192,.,.,.,ILE,O,1537,189,74,9,85.683,-10.226,78.044,1.49,0,0,0,0,0,2,0.820305,0.828402,13.2526,9.29542,2,2,2,26.8333,125.562,144.065,47.5993,346.545,-2863.08,38.8837,308.227,2329.91,2,0
A,192,.,.,.,ILE,CB,1538,189,69,9,85.268,-9.576,74.85,2.01,0,0,0,0,0,2,0.483936,0.828402,18.157,14.0544,2,2,2,26.8333,125.562,144.065,47.5993,346.545,-2863.08,38.8837,308.227,2329.91,2,0
A,192,.,.,.,ILE,CG1,1539,189,71,9,85.309,-8.213,75.565,1.92,0,0,0,0,0,2,0.860196,0.828402,21.3888,16.0253,2,2,2,26.8333,125.562,144.065,47.5993,346.545,-2863.08,38.8837,308.227,2329.91,2,0
A,192,.,.,.,ILE,CG2,1540,189,72,9,84.267,-9.526,73.683,1.92,0,0,0,0,0,2,0.949049,0.828402,35.1124,21.991,2,2,2,26.8333,125.562,144.065,47.5993,346.545,-2863.08,38.8837,308.227,2329.91,2,0
A,192,.,.,.,ILE,CD1,1541,189,70,9,85.775,-7.077,74.665,1.92,0,0,0,0,0,2,0.88389,0.828402,36.7766,22.9346,2,2,2,26.8333,125.562,144.065,47.5993,346.545,-2863.08,38.8837,308.227,2329.91,2,0
A,193,.,.,.,ARG,N,1542,190,11,1,87.042,-11.446,76.688,1.7,0.651141,0.289855,-0.869824,-0.399237,1.0171,1,0.799408,0.784684,19.039,9.71898,0.914141,2,2,27.5087,119.848,10.3136,47.5993,346.545,-2863.08,38.8837,308.227,2329.91,0.426255,0
A,193,.,.,.,ARG,CA,1543,190,6,1,88.165,-11.543,77.606,1.9,12.7211,0.63023,-0.721899,-0.285784,10.8933,1,0.496491,0.784684,28.547,12.7609,0.689887,0.650542,2,27.5087,119.848,10.3136,47.5993,346.545,-2863.08,38.8837,308.227,2329.91,0.392434,0
A,193,.,.,.,ARG,C,1544,190,5,1,87.778,-12.148,78.946,1.75,0.979725,0.882039,-0.471176,-0.00098425,1.80724,1,0.634013,0.784684,12.4385,8.80069,0.688479,0.648548,2,27.5087,119.848,10.3136,47.5993,346.545,-2863.08,38.8837,308.227,2329.91,0.438407,0
A,193,.,.,.,ARG,O,1545,190,14,1,88.312,-11.752,79.988,1.49,4.92198,0.974856,-0.182543,0.127806,1.85355,1,0.342522,0.784684,20.4081,9.17817,0.651963,0.648548,2,27.5087,119.848,10.3136,47.5993,346.545,-2863.08,38.8837,308.227,2329.91,0.290071,0
A,193,.,.,.,ARG,CB,1546,190,7,1,88.852,-10.183,77.758,1.91,4.54729,0.868494,-0.401234,0.291082,0.522783,1,0.740378,0.784684,27.6334,16.5554,0.667593,0.650542,2,27.5087,119.848,10.3136,47.5993,346.545,-2863.08,38.8837,308.227,2329.91,0.266161,0
A,193,.,.,.,ARG,CG,1547,190,9,1,89.357,-9.65,76.415,1.92,3.96658,0.712259,-0.698171,-0.072419,0.0262227,1,0.97083,0.784684,29.4696,17.1107,0.625603,0.616336,0.582792,27.5087,119.848,10.3136,47.5993,346.545,-2863.08,38.8837,308.227,2329.91,0.295674,0
A,193,.,.,.,ARG,CD,1548,190,8,1,90.391,-8.557,76.53,1.88,10.8758,0.879369,-0.468799,-0.0832924,-4.88142,1,0.68563,0.784684,36.2024,17.1973,0.605952,0.603367,0.569694,27.5087,119.848,10.3136,47.5993,346.545,-2863.08,38.8837,308.227,2329.91,0.201192,0
A,193,.,.,.,ARG,NE,1549,190,12,1,89.803,-7.229,76.773,1.62,0,0,0,0,-0,2,0.974384,0.784684,10.8856,8.09621,2,2,2,27.5087,119.848,10.3136,47.5993,346.545,-2863.08,38.8837,308.227,2329.91,2,0
A,193,.,.,.,ARG,CZ,1550,190,10,1,90.305,-6.083,76.314,1.8,0,0,0,0,-0,2,0.997156,0.784684,14.8035,11.3053,2,2,2,27.5087,119.848,10.3136,47.5993,346.545,-2863.08,38.8837,308.227,2329.91,2,0
A,193,.,.,.,ARG,NH1,1551,190,13,1,91.402,-6.07,75.56,1.62,15.1689,0.963018,-0.0334386,-0.267353,-7.70129,1,0.994051,0.784684,38.7256,12.8067,0.572376,0.568551,0.556404,27.5087,119.848,10.3136,47.5993,346.545,-2863.08,38.8837,308.227,2329.91,0.177725,0
A,193,.,.,.,ARG,NH2,1552,190,13,1,89.7,-4.938,76.588,1.67,1.07289,0.185834,0.703176,0.686301,-0.544706,1,0.996665,0.784684,25.9002,14.1612,0.941015,2,2,27.5087,119.848,10.3136,47.5993,346.545,-2863.08,38.8837,308.227,2329.91,0.160657,0
A,194,.,.,.,ALA,N,1553,191,3,0,86.856,-13.114,78.924,1.7,2.25003,0.277902,-0.670145,-0.688241,3.37513,1,0.912099,0.647016,19.2881,10.0563,0.74219,0.609697,2,26.6074,108.158,-42.0084,47.5993,346.545,-2863.08,38.8837,308.227,2329.91,0.466526,0
A,194,.,.,.,ALA,CA,1554,191,1,0,86.471,-13.803,80.169,1.9,0,0,0,0,0,2,0.888597,0.647016,14.4402,12.4461,2,2,2,26.6074,108.158,-42.0084,47.5993,346.545,-2863.08,38.8837,308.227,2329.91,2,0
A,194,.,.,.,ALA,C,1555,191,0,0,87.638,-14.603,80.76,1.75,0.137792,0.923464,0.270475,-0.272135,0.271972,1,0.302259,0.647016,11.0503,8.78386,0.706042,0.673086,2,26.6074,108.158,-42.0084,47.5993,346.545,-2863.08,38.8837,308.227,2329.91,0.387609,0
A,194,.,.,.,ALA,O,1556,191,4,0,88.176,-15.497,80.09,1.49,19.7713,0.705756,-0.385001,-0.594712,9.98455,1,0.280187,0.647016,35.3903,9.33388,0.692943,0.661319,0.584783,26.6074,108.158,-42.0084,47.5993,346.545,-2863.08,38.8837,308.227,2329.91,0.424693,0
A,194,.,.,.,ALA,CB,1557,191,2,0,85.298,-14.725,79.92,1.92,0.198743,0.436934,-0.299699,-0.848097,0.0142506,1,0.851938,0.647016,42.1439,23.328,0.923901,2,2,26.6074,108.158,-42.0084,47.5993,346.545,-2863.08,38.8837,308.227,2329.91,2,0
A,195,.,.,.,PRO,N,1558,192,114,14,88.022,-14.311,82.021,1.7,0,0,0,0,0,2,0.90736,0.480664,6.37907,5.54719,2,2,2,27.4279,108.433,-7.72959,41.4641,291.287,-1131.83,46.9772,360.792,-2870.07,2,0
A,195,.,.,.,PRO,CA,1559,192,110,14,89.059,-15.155,82.666,1.9,9.93683,0.818486,-0.163442,-0.550788,5.4371,1,0.24588,0.480664,26.2737,12.8641,0.559849,0.552205,0.511631,27.4279,108.433,-7.72959,41.4641,291.287,-1131.83,46.9772,360.792,-2870.07,0.270484,0
A,195,.,.,.,PRO,C,1560,192,109,14,88.469,-16.412,83.309,1.75,1.1549,0.18078,-0.639059,-0.747611,2.12689,1,0.401341,0.480664,12.8248,8.84134,0.688699,0.681734,0.584783,27.4279,108.433,-7.72959,41.4641,291.287,-1131.83,46.9772,360.792,-2870.07,0.348708,0
A,195,.,.,.,PRO,O,1561,192,115,14,87.242,-16.637,83.229,1.49,0,0,0,0,0,2,0.641891,0.480664,14.3271,9.26826,2,2,2,27.4279,108.433,-7.72959,41.4641,291.287,-1131.83,46.9772,360.792,-2870.07,2,0
A,195,.,.,.,PRO,CB,1562,192,111,14,89.645,-14.223,83.716,1.91,31.763,0.96882,0.212613,0.127213,-10.3434,1,0.159415,0.480664,53.0685,16.8061,0.563724,0.56327,0.556961,27.4279,108.433,-7.72959,41.4641,291.287,-1131.83,46.9772,360.792,-2870.07,0.200688,0
A,195,.,.,.,PRO,CG,1563,192,113,14,88.505,-13.364,84.105,1.92,0.212199,0.770554,0.612148,0.177543,-0.0960132,1,0.37869,0.480664,30.3653,17.0611,0.588361,0.5863,0.581627,27.4279,108.433,-7.72959,41.4641,291.287,-1131.83,46.9772,360.792,-2870.07,2,0
A,195,.,.,.,PRO,CD,1564,192,112,14,87.617,-13.2,82.899,1.92,0.000495717,0.806319,0.53771,-0.24641,0.000100125,1,0.630067,0.480664,26.4442,18.3231,0.685505,0.663314,2,27.4279,108.433,-7.72959,41.4641,291.287,-1131.83,46.9772,360.792,-2870.07,2,0
A,196,.,.,.,LYS,N,1565,193,89,11,89.326,-17.209,83.952,1.7,5.10905,0.920011,0.0336907,-0.390442,7.03189,1,0.0129447,0.542195,20.8132,9.97936,0.643365,0.641653,0.634797,28.1221,111.05,-53.8872,41.4641,291.287,-1131.83,46.9772,360.792,-2870.07,0.186194,0
A,196,.,.,.,LYS,CA,1566,193,84,11,88.905,-18.474,84.579,1.9,4.45614,-0.287902,-0.651193,-0.702182,2.86023,1,0.469404,0.542195,23.203,12.7919,0.714433,0.688931,0.67691,28.1221,111.05,-53.8872,41.4641,291.287,-1131.83,46.9772,360.792,-2870.07,0.163768,0
A,196,.,.,.,LYS,C,1567,193,83,11,87.787,-18.282,85.598,1.75,0.536891,0.240351,-0.441403,0.86452,0.913729,1,0.543505,0.542195,11.0798,8.64125,0.867352,0.673032,2,28.1221,111.05,-53.8872,41.4641,291.287,-1131.83,46.9772,360.792,-2870.07,0.160616,0
A,196,.,.,.,LYS,O,1568,193,91,11,86.944,-19.159,85.773,1.49,11.9446,0.01107,-0.85426,0.519728,2.18096,1,0.622543,0.542195,29.5542,9.27616,0.94058,2,2,28.1221,111.05,-53.8872,41.4641,291.287,-1131.83,46.9772,360.792,-2870.07,0.165737,0
A,196,.,.,.,LYS,CB,1569,193,85,11,90.087,-19.197,85.241,1.91,17.7373,0.40828,0.335996,0.848773,-1.96354,1,0.0551827,0.542195,41.3357,16.4986,0.586755,0.58088,0.574871,28.1221,111.05,-53.8872,41.4641,291.287,-1131.83,46.9772,360.792,-2870.07,0.145963,0
A,196,.,.,.,LYS,CG,1570,193,88,11,90.939,-19.962,84.231,1.92,26.3018,0.242361,0.161922,-0.956579,-5.35684,1,0.403931,0.542195,47.5892,16.8936,0.409978,0.406305,0.401843,28.1221,111.05,-53.8872,41.4641,291.287,-1131.83,46.9772,360.792,-2870.07,0.145385,0
A,196,.,.,.,LYS,CD,1571,193,86,11,91.961,-20.902,84.89,1.92,39.1464,0.991633,0.102651,-0.0782694,-21.1907,1,0.953191,0.542195,56.9213,17.2868,0.312743,0.311777,0.309369,28.1221,111.05,-53.8872,41.4641,291.287,-1131.83,46.9772,360.792,-2870.07,0.142706,0
A,196,.,.,.,LYS,CE,1572,193,87,11,91.332,-22.065,85.645,1.88,39.0428,0.224722,-0.404272,0.886603,-26.2813,1,0.98464,0.542195,57.4586,17.3005,0.352159,0.350085,0.34729,28.1221,111.05,-53.8872,41.4641,291.287,-1131.83,46.9772,360.792,-2870.07,0.142695,0
A,196,.,.,.,LYS,NZ,1573,193,90,11,90.582,-22.979,84.739,1.67,45.8441,-0.246596,-0.864769,-0.437453,-38.6312,1,0.834413,0.542195,63.933,14.447,0.393975,0.389722,0.385848,28.1221,111.05,-53.8872,41.4641,291.287,-1131.83,46.9772,360.792,-2870.07,0.148079,0
A,197,.,.,.,LEU,N,1574,194,81,10,87.796,-17.145,86.28,1.7,2.49589,0.858097,0.082798,0.506768,5.05937,1,0.140456,0.461785,17.3941,9.85312,0.709068,0.689544,0.679025,26.527,104.726,17.3874,41.4641,291.287,-1131.83,46.9772,360.792,-2870.07,0.184302,0
A,197,.,.,.,LEU,CA,1575,194,76,10,86.766,-16.85,87.287,1.9,3.95201,0.395028,-0.746143,0.535932,7.82699,1,0.369311,0.461785,21.9214,12.8226,0.785085,0.730901,2,26.527,104.726,17.3874,41.4641,291.287,-1131.83,46.9772,360.792,-2870.07,0.220076,0
A,197,.,.,.,LEU,C,1576,194,75,10,85.36,-16.616,86.727,1.75,0,0,0,0,0,2,0.591218,0.461785,10.5317,8.64255,2,2,2,26.527,104.726,17.3874,41.4641,291.287,-1131.83,46.9772,360.792,-2870.07,2,0
A,197,.,.,.,LEU,O,1577,194,82,10,84.39,-16.645,87.473,1.49,0,0,0,0,0,2,0.785966,0.461785,12.0379,8.92028,2,2,2,26.527,104.726,17.3874,41.4641,291.287,-1131.83,46.9772,360.792,-2870.07,2,0
A,197,.,.,.,LEU,CB,1578,194,77,10,87.185,-15.629,88.117,1.91,10.2662,0.973406,-0.0691715,0.218394,10.4523,1,0.221049,0.461785,34.563,15.5683,0.685116,0.673277,0.66606,26.527,104.726,17.3874,41.4641,291.287,-1131.83,46.9772,360.792,-2870.07,0.176862,0
A,197,.,.,.,LEU,CG,1579,194,80,10,86.307,-15.205,89.301,2.01,0,0,0,0,0,2,0.67072,0.461785,18.8867,14.0145,2,2,2,26.527,104.726,17.3874,41.4641,291.287,-1131.83,46.9772,360.792,-2870.07,2,0
A,197,.,.,.,LEU,CD1,1580,194,78,10,86.28,-16.301,90.358,1.92,6.56873,0.752616,-0.657683,-0.0319517,4.47316,1,0.452753,0.461785,43.7074,22.09,0.79784,0.744868,2,26.527,104.726,17.3874,41.4641,291.287,-1131.83,46.9772,360.792,-2870.07,0.192221,0
A,197,.,.,.,LEU,CD2,1581,194,79,10,86.796,-13.893,89.91,1.92,2.02631,0.979419,-0.200128,0.0262293,1.07485,1,0.462803,0.461785,37.4796,21.9744,0.717252,0.716107,0.693267,26.527,104.726,17.3874,41.4641,291.287,-1131.83,46.9772,360.792,-2870.07,0.128967,0
A,198,.,.,.,PHE,N,1582,195,107,13,85.233,-16.357,85.429,1.7,0,0,0,0,0,2,0.325013,0.631849,12.2389,9.74456,2,2,2,25.6111,95.1977,-94.2282,41.4641,291.287,-1131.83,46.9772,360.792,-2870.07,2,0
A,198,.,.,.,PHE,CA,1583,195,101,13,83.94,-15.943,84.88,1.9,0,0,0,0,0,2,0.606601,0.631849,15.5307,12.7619,2,2,2,25.6111,95.1977,-94.2282,41.4641,291.287,-1131.83,46.9772,360.792,-2870.07,2,0
A,198,.,.,.,PHE,C,1584,195,100,13,82.739,-16.857,85.238,1.75,0,0,0,0,0,2,0.856067,0.631849,8.97936,8.5692,2,2,2,25.6111,95.1977,-94.2282,41.4641,291.287,-1131.83,46.9772,360.792,-2870.07,2,0
A,198,.,.,.,PHE,O,1585,195,108,13,81.697,-16.345,85.648,1.49,0,0,0,0,0,2,0.92473,0.631849,12.0826,8.91543,2,2,2,25.6111,95.1977,-94.2282,41.4641,291.287,-1131.83,46.9772,360.792,-2870.07,2,0
A,198,.,.,.,PHE,CB,1586,195,102,13,84.027,-15.72,83.361,1.91,0,0,0,0,0,2,0.501963,0.631849,23.1683,17.6329,2,2,2,25.6111,95.1977,-94.2282,41.4641,291.287,-1131.83,46.9772,360.792,-2870.07,2,0
A,198,.,.,.,PHE,CG,1587,195,105,13,82.72,-15.313,82.753,1.74,0,0,0,0,0,2,0.751509,0.631849,6.77319,6.17213,2,2,2,25.6111,95.1977,-94.2282,41.4641,291.287,-1131.83,46.9772,360.792,-2870.07,2,0
A,198,.,.,.,PHE,CD1,1588,195,103,13,82.288,-14,82.828,1.82,0.0399379,-0.38523,0.527634,0.757099,0.0390743,1,0.655242,0.631849,24.5225,14.3906,0.902146,2,2,25.6111,95.1977,-94.2282,41.4641,291.287,-1131.83,46.9772,360.792,-2870.07,0.895006,1
A,198,.,.,.,PHE,CD2,1589,195,103,13,81.879,-16.261,82.189,1.82,0,0,0,0,0,2,0.37976,0.631849,23.5756,14.3463,2,2,2,25.6111,95.1977,-94.2282,41.4641,291.287,-1131.83,46.9772,360.792,-2870.07,2,0
A,198,.,.,.,PHE,CE1,1590,195,104,13,81.062,-13.614,82.29,1.82,8.05598,-0.622659,0.66167,0.417719,5.72949,1,0.745885,0.631849,31.9896,14.0536,0.955633,2,2,25.6111,95.1977,-94.2282,41.4641,291.287,-1131.83,46.9772,360.792,-2870.07,0.892824,1
A,198,.,.,.,PHE,CE2,1591,195,104,13,80.641,-15.888,81.66,1.82,0.441686,-0.925308,-0.132732,-0.355228,0.314132,1,0.522114,0.631849,23.3851,14.0796,0.95565,2,2,25.6111,95.1977,-94.2282,41.4641,291.287,-1131.83,46.9772,360.792,-2870.07,2,1
A,198,.,.,.,PHE,CZ,1592,195,106,13,80.239,-14.562,81.71,1.82,1.51333,-0.833612,0.535309,-0.136144,1.01207,1,0.681456,0.631849,27.9481,14.0222,0.967677,2,2,25.6111,95.1977,-94.2282,41.4641,291.287,-1131.83,46.9772,360.792,-2870.07,0.824515,1
A,199,.,.,.,PRO,N,1593,196,114,14,82.872,-18.196,85.101,1.7,0,0,0,0,0,3,0.825981,0.793593,5.95433,5.54858,2,2,2,26.2379,93.1673,-249.575,47.5993,346.545,-2863.08,38.8837,308.227,2329.91,2,0
A,199,.,.,.,PRO,CA,1594,196,110,14,81.717,-19.047,85.429,1.9,0,0,0,0,0,3,0.927003,0.793593,16.9265,12.8214,2,2,2,26.2379,93.1673,-249.575,47.5993,346.545,-2863.08,38.8837,308.227,2329.91,2,0
A,199,.,.,.,PRO,C,1595,196,109,14,81.213,-18.903,86.867,1.75,0,0,0,0,0,2,0.971687,0.793593,9.42174,8.65519,2,2,2,26.2379,93.1673,-249.575,47.5993,346.545,-2863.08,38.8837,308.227,2329.91,2,0
A,199,.,.,.,PRO,O,1596,196,115,14,80.011,-18.875,87.103,1.49,0,0,0,0,0,2,0.954694,0.793593,12.5545,9.17196,2,2,2,26.2379,93.1673,-249.575,47.5993,346.545,-2863.08,38.8837,308.227,2329.91,2,0
A,199,.,.,.,PRO,CB,1597,196,111,14,82.231,-20.445,85.142,1.91,0.380692,0.779643,-0.185989,0.597967,-0.12397,1,0.612385,0.793593,23.7534,16.8139,0.929786,2,2,26.2379,93.1673,-249.575,47.5993,346.545,-2863.08,38.8837,308.227,2329.91,2,0
A,199,.,.,.,PRO,CG,1598,196,113,14,83.24,-20.24,84.046,1.92,0.374521,0.92139,-0.295078,-0.252922,-0.169458,1,0.425025,0.793593,25.8723,17.2694,0.941491,2,2,26.2379,93.1673,-249.575,47.5993,346.545,-2863.08,38.8837,308.227,2329.91,2,0
A,199,.,.,.,PRO,CD,1599,196,112,14,83.953,-18.99,84.479,1.92,0.165514,0.635808,-0.680374,0.364471,0.0334306,1,0.838377,0.793593,25.8595,17.9386,0.944792,2,2,26.2379,93.1673,-249.575,47.5993,346.545,-2863.08,38.8837,308.227,2329.91,2,0
A,200,.,.,.,VAL,N,1600,197,158,19,82.117,-18.755,87.814,1.7,0,0,0,0,0,2,0.609985,0.633219,13.15,9.77353,2,2,2,25.8766,94.2801,-148.363,41.4641,291.287,-1131.83,46.9772,360.792,-2870.07,2,0
A,200,.,.,.,VAL,CA,1601,197,154,19,81.721,-18.509,89.195,1.9,0,0,0,0,0,2,0.683857,0.633219,14.2687,11.9012,2,2,2,25.8766,94.2801,-148.363,41.4641,291.287,-1131.83,46.9772,360.792,-2870.07,2,0
A,200,.,.,.,VAL,C,1602,197,153,19,81.032,-17.148,89.365,1.75,0,0,0,0,0,2,0.76499,0.633219,9.21463,8.39329,2,2,2,25.8766,94.2801,-148.363,41.4641,291.287,-1131.83,46.9772,360.792,-2870.07,2,0
A,200,.,.,.,VAL,O,1603,197,159,19,79.976,-17.054,90.007,1.49,0.156616,-0.386058,-0.534835,0.751606,0.129858,1,0.587006,0.633219,16.7105,9.3423,0.98211,2,2,25.8766,94.2801,-148.363,41.4641,291.287,-1131.83,46.9772,360.792,-2870.07,2,0
A,200,.,.,.,VAL,CB,1604,197,155,19,82.937,-18.644,90.134,2.01,0,0,0,0,0,2,0.605815,0.633219,18.5023,14.2382,2,2,2,25.8766,94.2801,-148.363,41.4641,291.287,-1131.83,46.9772,360.792,-2870.07,2,0
A,200,.,.,.,VAL,CG1,1605,197,156,19,82.644,-18.003,91.48,1.92,0,0,0,0,0,2,0.636318,0.633219,36.7784,21.8374,2,2,2,25.8766,94.2801,-148.363,41.4641,291.287,-1131.83,46.9772,360.792,-2870.07,2,0
A,200,.,.,.,VAL,CG2,1606,197,157,19,83.294,-20.117,90.304,1.92,4.64125,0.758294,-0.26715,-0.594661,3.20305,1,0.544565,0.633219,44.2459,22.169,0.930025,2,2,25.8766,94.2801,-148.363,41.4641,291.287,-1131.83,46.9772,360.792,-2870.07,0.381389,0
A,201,.,.,.,ALA,N,1607,198,3,0,81.596,-16.114,88.748,1.7,0,0,0,0,0,2,0.779369,0.856426,12.2549,9.84686,2,2,2,24.5631,84.4083,-57.4459,41.4641,291.287,-1131.83,46.9772,360.792,-2870.07,2,0
A,201,.,.,.,ALA,CA,1608,198,1,0,81.019,-14.778,88.821,1.9,0.0142551,-0.326796,0.857314,0.397766,0.0109375,1,0.87853,0.856426,17.5749,12.7676,0.916412,0.98149,2,24.5631,84.4083,-57.4459,41.4641,291.287,-1131.83,46.9772,360.792,-2870.07,0.891554,1
A,201,.,.,.,ALA,C,1609,198,0,0,79.64,-14.738,88.16,1.75,0.757877,-0.110474,0.882813,-0.456548,1.49588,1,0.923513,0.856426,11.3663,8.68348,0.915129,0.98149,2,24.5631,84.4083,-57.4459,41.4641,291.287,-1131.83,46.9772,360.792,-2870.07,0.89024,1
A,201,.,.,.,ALA,O,1610,198,4,0,78.691,-14.188,88.72,1.49,3.6448,0.150924,0.987973,0.0336338,1.84063,1,0.843511,0.856426,20.5088,9.28342,0.922135,0.98149,2,24.5631,84.4083,-57.4459,41.4641,291.287,-1131.83,46.9772,360.792,-2870.07,0.888587,1
A,201,.,.,.,ALA,CB,1611,198,2,0,81.937,-13.775,88.172,1.92,10.4863,-0.480704,0.854274,-0.197837,0.751905,1,0.857205,0.856426,51.3134,23.286,0.916412,0.98149,2,24.5631,84.4083,-57.4459,41.4641,291.287,-1131.83,46.9772,360.792,-2870.07,0.893675,1
A,202,.,.,.,PHE,N,1612,199,107,13,79.532,-15.336,86.977,1.7,0.148211,0.180852,0.874629,-0.449795,0.29097,1,0.935466,0.711741,12.6313,9.60573,0.858574,2,2,24.5443,78.7432,-125.665,47.5993,346.545,-2863.08,38.8837,308.227,2329.91,0.889597,1
A,202,.,.,.,PHE,CA,1613,199,101,13,78.273,-15.342,86.252,1.9,2.54395,0.263113,0.933349,-0.244196,4.00565,1,0.89744,0.711741,20.0489,12.7969,0.874382,2,2,24.5443,78.7432,-125.665,47.5993,346.545,-2863.08,38.8837,308.227,2329.91,0.89582,1
A,202,.,.,.,PHE,C,1614,199,100,13,77.173,-16.06,87.032,1.75,0,0,0,0,0,2,0.743226,0.711741,9.42196,8.5593,2,2,2,24.5443,78.7432,-125.665,47.5993,346.545,-2863.08,38.8837,308.227,2329.91,2,0
A,202,.,.,.,PHE,O,1615,199,108,13,76.019,-15.622,87.036,1.49,0,0,0,0,0,2,0.727394,0.711741,12.1021,9.18345,2,2,2,24.5443,78.7432,-125.665,47.5993,346.545,-2863.08,38.8837,308.227,2329.91,2,0
A,202,.,.,.,PHE,CB,1616,199,102,13,78.425,-15.966,84.855,1.91,0,0,0,0,0,2,0.703507,0.711741,26.2572,17.7665,2,2,2,24.5443,78.7432,-125.665,47.5993,346.545,-2863.08,38.8837,308.227,2329.91,2,0
A,202,.,.,.,PHE,CG,1617,199,105,13,77.136,-15.991,84.085,1.74,0,0,0,0,0,2,0.720699,0.711741,7.34538,6.21511,2,2,2,24.5443,78.7432,-125.665,47.5993,346.545,-2863.08,38.8837,308.227,2329.91,2,0
A,202,.,.,.,PHE,CD1,1618,199,103,13,76.541,-14.8,83.685,1.82,6.03568,0.310105,0.923478,-0.225885,5.90517,1,0.849699,0.711741,29.7696,14.3312,0.968028,2,2,24.5443,78.7432,-125.665,47.5993,346.545,-2863.08,38.8837,308.227,2329.91,0.87089,1
A,202,.,.,.,PHE,CD2,1619,199,103,13,76.491,-17.187,83.801,1.82,0.0797084,0.308968,0.244831,-0.91902,0.0779848,1,0.519062,0.711741,21.4845,14.4299,0.897217,2,2,24.5443,78.7432,-125.665,47.5993,346.545,-2863.08,38.8837,308.227,2329.91,2,1
A,202,.,.,.,PHE,CE1,1620,199,104,13,75.339,-14.808,82.996,1.82,2.41676,0.365658,0.815437,-0.448727,1.71882,1,0.702011,0.711741,25.2843,13.9616,0.97295,2,2,24.5443,78.7432,-125.665,47.5993,346.545,-2863.08,38.8837,308.227,2329.91,0.789192,1
A,202,.,.,.,PHE,CE2,1621,199,104,13,75.289,-17.196,83.104,1.82,11.5481,-0.259063,-0.53758,-0.80243,8.21313,1,0.370014,0.711741,33.7606,13.9897,0.858085,2,2,24.5443,78.7432,-125.665,47.5993,346.545,-2863.08,38.8837,308.227,2329.91,0.346936,1
A,202,.,.,.,PHE,CZ,1622,199,106,13,74.72,-16.008,82.701,1.82,1.71183,-0.0883276,-0.527521,-0.844938,1.14483,1,0.660635,0.711741,25.6333,13.8977,0.865556,2,2,24.5443,78.7432,-125.665,47.5993,346.545,-2863.08,38.8837,308.227,2329.91,0.595214,1
A,203,.,.,.,ASN,N,1623,200,19,2,77.527,-17.131,87.732,1.7,0,0,0,0,0,2,0.934435,0.709844,12.0553,9.85753,2,2,2,25.3929,76.2047,-221.257,47.5993,346.545,-2863.08,38.8837,308.227,2329.91,2,0
A,203,.,.,.,ASN,CA,1624,200,16,2,76.553,-17.878,88.518,1.9,0,0,0,0,0,2,0.882071,0.709844,16.351,12.7717,2,2,2,25.3929,76.2047,-221.257,47.5993,346.545,-2863.08,38.8837,308.227,2329.91,2,0
A,203,.,.,.,ASN,C,1625,200,15,2,75.861,-17.046,89.604,1.75,0.137503,0.0861166,-0.462899,0.882218,0.215379,1,0.760127,0.709844,11.3818,8.75623,0.712401,0.697392,2,25.3929,76.2047,-221.257,47.5993,346.545,-2863.08,38.8837,308.227,2329.91,2,0
A,203,.,.,.,ASN,O,1626,200,21,2,74.74,-17.367,90.02,1.49,13.5518,-0.590643,-0.363067,0.720641,3.67738,1,0.621336,0.709844,32.2187,9.36604,0.699947,0.700256,0.686699,25.3929,76.2047,-221.257,47.5993,346.545,-2863.08,38.8837,308.227,2329.91,0.246515,0
A,203,.,.,.,ASN,CB,1627,200,17,2,77.182,-19.122,89.15,1.91,0.932798,0.179404,0.0708962,0.981218,-0.147473,1,0.847738,0.709844,26.7236,17.5787,0.860868,2,2,25.3929,76.2047,-221.257,47.5993,346.545,-2863.08,38.8837,308.227,2329.91,2,0
A,203,.,.,.,ASN,CG,1628,200,18,2,76.194,-20.267,89.281,1.81,0.556299,-0.929738,0.000732949,0.368222,-0.0661178,1,0.683725,0.709844,16.0528,10.9574,0.664555,0.647446,0.642123,25.3929,76.2047,-221.257,47.5993,346.545,-2863.08,38.8837,308.227,2329.91,0.238039,0
A,203,.,.,.,ASN,OD1,1629,200,22,2,75.399,-20.507,88.395,1.52,0.622004,-0.458519,-0.786454,0.413823,-0.216531,1,0.422118,0.709844,15.9204,9.18007,0.595367,0.558278,0.534342,25.3929,76.2047,-221.257,47.5993,346.545,-2863.08,38.8837,308.227,2329.91,0.237446,0
A,203,.,.,.,ASN,ND2,1630,200,20,2,76.24,-20.973,90.385,1.62,30.2636,-0.612322,-0.345405,0.711166,-14.5238,1,0.527201,0.709844,50.2543,12.7256,0.628954,0.618268,0.604575,25.3929,76.2047,-221.257,47.5993,346.545,-2863.08,38.8837,308.227,2329.91,0.250546,0
A,204,.,.,.,LEU,N,1631,201,81,10,76.523,-15.981,90.052,1.7,0,0,0,0,0,2,0.512325,0.44232,11.6726,9.66092,2,2,2,24.6626,71.5814,-137.172,47.5993,346.545,-2863.08,38.8837,308.227,2329.91,2,0
A,204,.,.,.,LEU,CA,1632,201,76,10,75.944,-15.096,91.056,1.9,2.88877,-0.609537,-0.41841,0.673348,5.72124,1,0.434102,0.44232,20.1889,12.6696,0.711212,0.711162,2,24.6626,71.5814,-137.172,47.5993,346.545,-2863.08,38.8837,308.227,2329.91,0.346804,0
A,204,.,.,.,LEU,C,1633,201,75,10,74.85,-14.18,90.521,1.75,0,0,0,0,0,2,0.423886,0.44232,11.9512,8.73067,2,2,2,24.6626,71.5814,-137.172,47.5993,346.545,-2863.08,38.8837,308.227,2329.91,2,0
A,204,.,.,.,LEU,O,1634,201,82,10,74.016,-13.711,91.299,1.49,2.9878,-0.432697,-0.731477,0.526986,2.29138,1,0.403845,0.44232,20.1921,9.22364,0.71879,0.71879,2,24.6626,71.5814,-137.172,47.5993,346.545,-2863.08,38.8837,308.227,2329.91,0.271553,0
A,204,.,.,.,LEU,CB,1635,201,77,10,77.03,-14.236,91.705,1.91,0.21861,0.44084,0.804654,-0.397734,0.222574,1,0.349052,0.44232,23.3012,15.4365,0.739836,0.703334,2,24.6626,71.5814,-137.172,47.5993,346.545,-2863.08,38.8837,308.227,2329.91,0.857207,1
A,204,.,.,.,LEU,CG,1636,201,80,10,78.161,-14.967,92.399,2.01,0,0,0,0,0,2,0.551365,0.44232,18.8415,14.003,2,2,2,24.6626,71.5814,-137.172,47.5993,346.545,-2863.08,38.8837,308.227,2329.91,2,0
A,204,.,.,.,LEU,CD1,1637,201,78,10,79.271,-13.997,92.738,1.92,1.00886,0.0209527,0.738512,-0.673915,0.687009,1,0.537809,0.44232,39.9332,22.1214,0.892574,2,2,24.6626,71.5814,-137.172,47.5993,346.545,-2863.08,38.8837,308.227,2329.91,0.873835,1
A,204,.,.,.,LEU,CD2,1638,201,79,10,77.645,-15.676,93.645,1.92,20.5091,-0.770102,-0.523881,0.363993,10.8789,1,0.326177,0.44232,60.5424,22.118,0.750236,0.736781,0.741287,24.6626,71.5814,-137.172,47.5993,346.545,-2863.08,38.8837,308.227,2329.91,0.386894,0
A,205,.,.,.,VAL,N,1639,202,158,19,74.854,-13.894,89.219,1.7,0,0,0,0,0,2,0.504803,0.576327,11.6491,9.71434,2,2,2,24.1239,67.3825,-105.176,47.5993,346.545,-2863.08,38.8837,308.227,2329.91,2,0
A,205,.,.,.,VAL,CA,1640,202,154,19,73.876,-12.96,88.653,1.9,0,0,0,0,0,2,0.389933,0.576327,15.4581,11.9869,2,2,2,24.1239,67.3825,-105.176,47.5993,346.545,-2863.08,38.8837,308.227,2329.91,2,0
A,205,.,.,.,VAL,C,1641,202,153,19,72.864,-13.612,87.724,1.75,0,0,0,0,0,2,0.587375,0.576327,10.4691,8.49449,2,2,2,24.1239,67.3825,-105.176,47.5993,346.545,-2863.08,38.8837,308.227,2329.91,2,0
A,205,.,.,.,VAL,O,1642,202,159,19,71.854,-12.996,87.389,1.49,0,0,0,0,0,2,0.546623,0.576327,15.3768,9.17846,2,2,2,24.1239,67.3825,-105.176,47.5993,346.545,-2863.08,38.8837,308.227,2329.91,2,0
A,205,.,.,.,VAL,CB,1643,202,155,19,74.542,-11.783,87.897,2.01,0,0,0,0,0,2,0.698411,0.576327,19.8502,14.1796,2,2,2,24.1239,67.3825,-105.176,47.5993,346.545,-2863.08,38.8837,308.227,2329.91,2,0
A,205,.,.,.,VAL,CG1,1644,202,156,19,75.365,-10.941,88.864,1.92,9.75491,0.951386,0.294872,-0.0889713,6.16075,1,0.4314,0.576327,51.9131,22.1696,0.926465,0.98149,2,24.1239,67.3825,-105.176,47.5993,346.545,-2863.08,38.8837,308.227,2329.91,0.881511,1
A,205,.,.,.,VAL,CG2,1645,202,157,19,75.385,-12.259,86.701,1.92,11.1946,0.770647,0.469811,-0.430559,7.72569,1,0.875743,0.576327,47.1793,22.2412,0.933103,2,2,24.1239,67.3825,-105.176,47.5993,346.545,-2863.08,38.8837,308.227,2329.91,0.898519,1
A,206,.,.,.,LYS,N,1646,203,89,11,73.117,-14.853,87.322,1.7,0,0,0,0,0,2,0.937107,0.633785,13.2326,9.87121,2,2,2,25.0175,70.4044,-119.124,47.5993,346.545,-2863.08,38.8837,308.227,2329.91,2,0
A,206,.,.,.,LYS,CA,1647,203,84,11,72.312,-15.463,86.266,1.9,0,0,0,0,0,2,0.970217,0.633785,16.9151,12.7805,2,2,2,25.0175,70.4044,-119.124,47.5993,346.545,-2863.08,38.8837,308.227,2329.91,2,0
A,206,.,.,.,LYS,C,1648,203,83,11,70.829,-15.6,86.614,1.75,0,0,0,0,0,2,0.556489,0.633785,9.84162,8.51047,2,2,2,25.0175,70.4044,-119.124,47.5993,346.545,-2863.08,38.8837,308.227,2329.91,2,0
A,206,.,.,.,LYS,O,1649,203,91,11,69.989,-15.472,85.74,1.49,0,0,0,0,0,2,0.441857,0.633785,12.3369,9.01752,2,2,2,25.0175,70.4044,-119.124,47.5993,346.545,-2863.08,38.8837,308.227,2329.91,2,0
A,206,.,.,.,LYS,CB,1650,203,85,11,72.907,-16.798,85.812,1.91,0,0,0,0,-0,2,0.976217,0.633785,23.0311,16.3406,2,2,2,25.0175,70.4044,-119.124,47.5993,346.545,-2863.08,38.8837,308.227,2329.91,2,0
A,206,.,.,.,LYS,CG,1651,203,88,11,72.532,-17.991,86.634,1.92,1.58049,-0.899687,-0.408971,0.152664,-0.321896,1,0.589972,0.633785,29.9039,16.4296,0.704876,0.68362,2,25.0175,70.4044,-119.124,47.5993,346.545,-2863.08,38.8837,308.227,2329.91,0.211098,0
A,206,.,.,.,LYS,CD,1652,203,86,11,73.101,-19.282,86.041,1.92,6.67669,-0.452396,-0.360423,-0.815741,-3.61423,1,0.609146,0.633785,34.7068,17.3266,0.75271,0.746788,0.717466,25.0175,70.4044,-119.124,47.5993,346.545,-2863.08,38.8837,308.227,2329.91,0.242986,0
A,206,.,.,.,LYS,CE,1653,203,87,11,72.686,-20.453,86.922,1.88,30.8769,-0.876571,-0.357454,0.322258,-20.7845,1,0.394351,0.633785,51.6354,17.1011,0.468509,0.466969,0.461301,25.0175,70.4044,-119.124,47.5993,346.545,-2863.08,38.8837,308.227,2329.91,0.222775,0
A,206,.,.,.,LYS,NZ,1654,203,90,11,73.546,-21.663,86.797,1.67,27.8839,-0.256095,-0.959816,0.114758,-23.4968,1,0.228711,0.633785,45.6529,14.1335,0.482322,0.480235,0.47299,25.0175,70.4044,-119.124,47.5993,346.545,-2863.08,38.8837,308.227,2329.91,0.24079,0
A,207,.,.,.,SER,N,1655,204,119,15,70.514,-15.858,87.883,1.7,0,0,0,0,0,2,0.763908,0.320854,14.5904,9.8036,2,2,2,25.9545,65.0978,-149.132,47.5993,346.545,-2863.08,38.8837,308.227,2329.91,2,0
A,207,.,.,.,SER,CA,1656,204,117,15,69.116,-16.021,88.298,1.9,2.34044,-0.325115,-0.883075,-0.338348,1.30473,1,0.161716,0.320854,21.5836,13.0041,0.436411,0.435415,0.433878,25.9545,65.0978,-149.132,47.5993,346.545,-2863.08,38.8837,308.227,2329.91,0.190946,0
A,207,.,.,.,SER,C,1657,204,116,15,68.322,-14.7,88.334,1.75,0,0,0,0,0,2,0.124355,0.320854,11.5291,8.88365,2,2,2,25.9545,65.0978,-149.132,47.5993,346.545,-2863.08,38.8837,308.227,2329.91,2,0
A,207,.,.,.,SER,O,1658,204,120,15,67.094,-14.726,88.461,1.49,25.6843,-0.955479,-0.0557732,0.289741,7.73491,1,0.0865276,0.320854,39.6992,9.37921,0.583295,0.583056,0.579186,25.9545,65.0978,-149.132,47.5993,346.545,-2863.08,38.8837,308.227,2329.91,0.202294,0
A,207,.,.,.,SER,CB,1659,204,118,15,69.033,-16.716,89.657,1.91,40.2073,-0.362971,-0.860599,0.357242,-10.4381,1,0.402435,0.320854,64.3509,19.3763,0.492864,0.492682,0.489734,25.9545,65.0978,-149.132,47.5993,346.545,-2863.08,38.8837,308.227,2329.91,0.209071,0
A,207,.,.,.,SER,OG,1660,204,121,15,69.499,-15.875,90.695,1.54,17.6456,0.0480758,-0.299463,0.952896,-2.54507,1,0.386183,0.320854,35.1292,10.3262,0.566979,0.566915,0.5627,25.9545,65.0978,-149.132,47.5993,346.545,-2863.08,38.8837,308.227,2329.91,0.21867,0
A,208,.,.,.,PHE,N,1661,205,107,13,69.02,-13.568,88.226,1.7,0,0,0,0,0,2,0.18601,0.15114,10.6946,9.5706,2,2,2,25.1045,68.8307,-53.8048,47.5993,346.545,-2863.08,38.8837,308.227,2329.91,2,0
A,208,.,.,.,PHE,CA,1662,205,101,13,68.41,-12.234,88.172,1.9,3.30204,-0.963214,0.0854664,0.254785,5.19933,1,0.183087,0.15114,21.5026,12.9662,0.666216,0.669323,0.689243,25.1045,68.8307,-53.8048,47.5993,346.545,-2863.08,38.8837,308.227,2329.91,0.222916,0
A,208,.,.,.,PHE,C,1663,205,100,13,68.104,-11.73,86.759,1.75,1.04587,-0.953989,-0.294901,0.0542046,2.14866,1,0.287195,0.15114,12.865,8.7404,0.676717,0.685708,2,25.1045,68.8307,-53.8048,47.5993,346.545,-2863.08,38.8837,308.227,2329.91,0.230728,0
A,208,.,.,.,PHE,O,1664,205,108,13,67.413,-10.732,86.582,1.49,5.43044,-0.959314,-0.168173,0.22679,4.50077,1,0.289372,0.15114,23.4494,9.27196,0.68385,0.69321,2,25.1045,68.8307,-53.8048,47.5993,346.545,-2863.08,38.8837,308.227,2329.91,0.28856,0
A,208,.,.,.,PHE,CB,1665,205,102,13,69.283,-11.235,88.93,1.91,0,0,0,0,0,2,0.170314,0.15114,26.397,17.635,2,2,2,25.1045,68.8307,-53.8048,47.5993,346.545,-2863.08,38.8837,308.227,2329.91,2,0
A,208,.,.,.,PHE,CG,1666,205,105,13,69.375,-11.549,90.387,1.74,0,0,0,0,0,2,0.125506,0.15114,7.10825,6.26994,2,2,2,25.1045,68.8307,-53.8048,47.5993,346.545,-2863.08,38.8837,308.227,2329.91,2,0
A,208,.,.,.,PHE,CD1,1667,205,103,13,70.321,-12.463,90.858,1.82,0,0,0,0,0,2,0.174152,0.15114,20.8287,14.3153,2,2,2,25.1045,68.8307,-53.8048,47.5993,346.545,-2863.08,38.8837,308.227,2329.91,2,0
A,208,.,.,.,PHE,CD2,1668,205,103,13,68.457,-11.007,91.287,1.82,4.58024,-0.919539,-0.385165,-0.0780782,4.4812,1,0.054368,0.15114,27.5925,14.4393,0.62684,0.626747,0.622101,25.1045,68.8307,-53.8048,47.5993,346.545,-2863.08,38.8837,308.227,2329.91,0.2137,0
A,208,.,.,.,PHE,CE1,1669,205,104,13,70.374,-12.789,92.205,1.82,5.07291,0.241031,-0.801193,0.547716,3.60791,1,0.0849618,0.15114,26.4011,13.9904,0.574612,0.574551,0.559924,25.1045,68.8307,-53.8048,47.5993,346.545,-2863.08,38.8837,308.227,2329.91,0.245809,0
A,208,.,.,.,PHE,CE2,1670,205,104,13,68.509,-11.338,92.635,1.82,30.0613,-0.765585,0.182098,0.617026,21.3799,1,0.0456006,0.15114,46.7101,14.0438,0.605544,0.605284,0.600006,25.1045,68.8307,-53.8048,47.5993,346.545,-2863.08,38.8837,308.227,2329.91,0.223409,0
A,208,.,.,.,PHE,CZ,1671,205,106,13,69.457,-12.24,93.094,1.82,24.6107,-0.265612,-0.483351,0.834159,16.459,1,0.0619751,0.15114,42.9413,14.0559,0.601949,0.601702,0.593663,25.1045,68.8307,-53.8048,47.5993,346.545,-2863.08,38.8837,308.227,2329.91,0.23384,0
A,209,.,.,.,MET,N,1672,206,97,12,68.563,-12.444,85.754,1.7,0,0,0,0,0,2,0.270198,0.509168,12.9307,9.77951,2,2,2,25.1448,83.0948,143.388,47.5993,346.545,-2863.08,38.8837,308.227,2329.91,2,0
A,209,.,.,.,MET,CA,1673,206,93,12,68.175,-12.132,84.387,1.9,0,0,0,0,0,2,0.533424,0.509168,16.3107,12.7039,2,2,2,25.1448,83.0948,143.388,47.5993,346.545,-2863.08,38.8837,308.227,2329.91,2,0
A,209,.,.,.,MET,C,1674,206,92,12,67.123,-13.138,83.873,1.75,1.51592,-0.773433,0.185699,0.606066,2.99889,1,0.289574,0.509168,13.04,8.8314,0.67797,0.68217,0.664411,25.1448,83.0948,143.388,47.5993,346.545,-2863.08,38.8837,308.227,2329.91,0.295369,0
A,209,.,.,.,MET,O,1675,206,98,12,66.978,-14.216,84.412,1.49,2.89689,-0.828505,0.00973779,0.559897,2.11084,1,0.0762506,0.509168,17.4803,8.94943,0.660456,0.66136,0.673227,25.1448,83.0948,143.388,47.5993,346.545,-2863.08,38.8837,308.227,2329.91,0.224314,0
A,209,.,.,.,MET,CB,1676,206,94,12,69.402,-12.033,83.49,1.91,0,0,0,0,0,2,0.68031,0.509168,25.3219,16.3774,2,2,2,25.1448,83.0948,143.388,47.5993,346.545,-2863.08,38.8837,308.227,2329.91,2,0
A,209,.,.,.,MET,CG,1677,206,96,12,70.333,-13.202,83.434,1.92,0,0,0,0,0,2,0.675805,0.509168,22.1977,17.5514,2,2,2,25.1448,83.0948,143.388,47.5993,346.545,-2863.08,38.8837,308.227,2329.91,2,0
A,209,.,.,.,MET,SD,1678,206,99,12,71.863,-12.844,82.515,1.94,0,0,0,0,0,2,0.735978,0.509168,33.6496,21.2396,2,2,2,25.1448,83.0948,143.388,47.5993,346.545,-2863.08,38.8837,308.227,2329.91,2,0
A,209,.,.,.,MET,CE,1679,206,95,12,72.847,-11.961,83.709,1.8,2.84721,0.846168,0.254665,-0.468129,0.792644,1,0.811804,0.509168,37.1426,19.7082,0.984155,2,2,25.1448,83.0948,143.388,47.5993,346.545,-2863.08,38.8837,308.227,2329.91,0.871602,1
A,210,.,.,.,SER,N,1680,207,119,15,66.352,-12.752,82.861,1.7,0.146407,-0.635692,0.241454,0.73321,0.178142,1,0.789494,0.531255,12.5932,9.88089,0.686774,0.690079,0.664411,26.6379,96.4672,228.093,47.5993,346.545,-2863.08,38.8837,308.227,2329.91,0.303522,0
A,210,.,.,.,SER,CA,1681,207,117,15,65.315,-13.626,82.333,1.9,9.379,-0.633603,-0.214725,0.743264,5.22851,1,0.572825,0.531255,25.6457,12.7902,0.678274,0.679101,0.687003,26.6379,96.4672,228.093,47.5993,346.545,-2863.08,38.8837,308.227,2329.91,0.278738,0
A,210,.,.,.,SER,C,1682,207,116,15,65.985,-14.66,81.458,1.75,0,0,0,0,0,2,0.19849,0.531255,9.75837,8.64201,2,2,2,26.6379,96.4672,228.093,47.5993,346.545,-2863.08,38.8837,308.227,2329.91,2,0
A,210,.,.,.,SER,O,1683,207,120,15,67.132,-14.463,81.027,1.49,0,0,0,0,0,2,0.528715,0.531255,11.6686,9.13876,2,2,2,26.6379,96.4672,228.093,47.5993,346.545,-2863.08,38.8837,308.227,2329.91,2,0
A,210,.,.,.,SER,CB,1684,207,118,15,64.308,-12.834,81.506,1.91,28.3898,-0.992551,-0.0186684,0.120391,-7.37016,1,0.551023,0.531255,53.9585,19.3203,0.698782,0.687327,0.687003,26.6379,96.4672,228.093,47.5993,346.545,-2863.08,38.8837,308.227,2329.91,0.353409,0
A,210,.,.,.,SER,OG,1685,207,121,15,64.914,-12.332,80.329,1.54,2.983,-0.598812,0.550203,-0.58198,-0.430243,1,0.546986,0.531255,19.0687,10.2686,0.874669,0.738498,2,26.6379,96.4672,228.093,47.5993,346.545,-2863.08,38.8837,308.227,2329.91,0.420889,0
A,211,.,.,.,GLU,N,1686,208,50,6,65.271,-15.75,81.182,1.7,5.60424,-0.874983,-0.166807,0.454511,7.17987,1,0.210963,0.673077,20.7649,9.98197,0.680106,0.68045,0.6822,27.833,97.8243,196.049,47.5993,346.545,-2863.08,38.8837,308.227,2329.91,0.233133,0
A,211,.,.,.,GLU,CA,1687,208,46,6,65.787,-16.802,80.292,1.9,0,0,0,0,0,2,0.65486,0.673077,15.0667,12.9486,2,2,2,27.833,97.8243,196.049,47.5993,346.545,-2863.08,38.8837,308.227,2329.91,2,0
A,211,.,.,.,GLU,C,1688,208,45,6,66.036,-16.236,78.886,1.75,0,0,0,0,0,2,0.706099,0.673077,10.0007,8.6839,2,2,2,27.833,97.8243,196.049,47.5993,346.545,-2863.08,38.8837,308.227,2329.91,2,0
A,211,.,.,.,GLU,O,1689,208,51,6,67.032,-16.563,78.248,1.49,0,0,0,0,0,2,0.813834,0.673077,12.2701,9.11165,2,2,2,27.833,97.8243,196.049,47.5993,346.545,-2863.08,38.8837,308.227,2329.91,2,0
A,211,.,.,.,GLU,CB,1690,208,47,6,64.833,-18.025,80.288,1.91,25.6551,-0.914755,-0.141192,0.378534,-5.71606,1,0.60628,0.673077,46.987,17.0457,0.426603,0.426246,0.417701,27.833,97.8243,196.049,47.5993,346.545,-2863.08,38.8837,308.227,2329.91,0.176539,0
A,211,.,.,.,GLU,CG,1691,208,49,6,65.166,-19.158,79.315,1.88,14.0554,-0.889109,-0.451772,0.0734035,-5.43463,1,0.622218,0.673077,38.4367,16.8804,0.430975,0.430655,0.423002,27.833,97.8243,196.049,47.5993,346.545,-2863.08,38.8837,308.227,2329.91,0.155342,0
A,211,.,.,.,GLU,CD,1692,208,48,6,66.491,-19.862,79.58,1.76,5.90859,-0.292423,-0.806145,0.514411,-2.56352,1,0.981179,0.673077,21.3782,10.7542,0.419289,0.419158,0.417638,27.833,97.8243,196.049,47.5993,346.545,-2863.08,38.8837,308.227,2329.91,0.148964,0
A,211,.,.,.,GLU,OE1,1693,208,52,6,67.144,-19.607,80.617,1.49,12.5555,0.512243,-0.760122,0.399776,-8.30708,1,0.620064,0.673077,26.8483,9.16952,0.442053,0.44189,0.439156,27.833,97.8243,196.049,47.5993,346.545,-2863.08,38.8837,308.227,2329.91,0.160955,0
A,211,.,.,.,GLU,OE2,1694,208,52,6,66.881,-20.694,78.731,1.49,21.6604,0.573822,-0.818003,0.0400052,-14.3311,1,0.842193,0.673077,33.9804,9.36492,0.454306,0.454122,0.452232,27.833,97.8243,196.049,47.5993,346.545,-2863.08,38.8837,308.227,2329.91,0.137387,0
A,212,.,.,.,GLU,N,1695,209,50,6,65.154,-15.358,78.427,1.7,3.21689,-0.950348,-0.310373,0.0225379,4.12132,1,0.382046,0.45483,18.0264,9.93008,0.86117,0.86763,2,28.0144,122.256,542.521,47.5993,346.545,-2863.08,38.8837,308.227,2329.91,0.251801,0
A,212,.,.,.,GLU,CA,1696,209,46,6,65.33,-14.713,77.122,1.9,0.708762,-0.590801,-0.789392,-0.166775,0.435422,1,0.534263,0.45483,18.1285,12.8247,0.864669,0.873457,2,28.0144,122.256,542.521,47.5993,346.545,-2863.08,38.8837,308.227,2329.91,0.220702,0
A,212,.,.,.,GLU,C,1697,209,45,6,66.637,-13.892,77.055,1.75,0,0,0,0,0,2,0.563489,0.45483,9.88028,8.6834,2,2,2,28.0144,122.256,542.521,47.5993,346.545,-2863.08,38.8837,308.227,2329.91,2,0
A,212,.,.,.,GLU,O,1698,209,51,6,67.366,-13.97,76.076,1.49,0,0,0,0,0,2,0.627381,0.45483,14.786,9.27597,2,2,2,28.0144,122.256,542.521,47.5993,346.545,-2863.08,38.8837,308.227,2329.91,2,0
A,212,.,.,.,GLU,CB,1699,209,47,6,64.104,-13.854,76.772,1.91,22.4355,-0.960342,-0.0262695,0.277584,-4.99871,1,0.320919,0.45483,45.722,17.0206,0.860954,0.851408,2,28.0144,122.256,542.521,47.5993,346.545,-2863.08,38.8837,308.227,2329.91,0.335745,0
A,212,.,.,.,GLU,CG,1700,209,49,6,64.191,-13.102,75.436,1.88,13.0963,-0.766407,0.613316,0.190958,-5.06378,1,0.676605,0.45483,41.8642,16.8828,0.8606,0.846653,2,28.0144,122.256,542.521,47.5993,346.545,-2863.08,38.8837,308.227,2329.91,0.357676,0
A,212,.,.,.,GLU,CD,1701,209,48,6,64.222,-13.998,74.195,1.76,6.46374,-0.946715,-0.145843,-0.287161,-2.80438,1,0.231773,0.45483,22.571,10.822,0.588609,0.583305,0.541193,28.0144,122.256,542.521,47.5993,346.545,-2863.08,38.8837,308.227,2329.91,0.268044,0
A,212,.,.,.,GLU,OE1,1702,209,52,6,64.182,-15.249,74.325,1.49,21.8326,-0.53952,-0.702241,-0.464517,-14.4451,1,0.454261,0.45483,37.7155,9.31742,0.589589,0.585725,0.529877,28.0144,122.256,542.521,47.5993,346.545,-2863.08,38.8837,308.227,2329.91,0.218909,0
A,212,.,.,.,GLU,OE2,1703,209,52,6,64.277,-13.436,73.072,1.49,25.7807,-0.218838,-0.190128,-0.957059,-17.0572,1,0.30273,0.45483,41.0247,9.47841,0.573488,0.57027,0.543343,28.0144,122.256,542.521,47.5993,346.545,-2863.08,38.8837,308.227,2329.91,0.284342,0
A,213,.,.,.,THR,N,1704,210,126,16,66.922,-13.114,78.098,1.7,0.00108398,-0.329716,0.820604,-0.466794,0.00176488,1,0.396015,0.700293,12.7806,9.84172,0.939392,2,2,26.1993,115.044,593.596,47.5993,346.545,-2863.08,38.8837,308.227,2329.91,2,0
A,213,.,.,.,THR,CA,1705,210,123,16,68.187,-12.393,78.194,1.9,0.0303269,-0.390002,0.764929,-0.512623,0.0295667,1,0.45972,0.700293,18.176,12.0411,0.945971,2,2,26.1993,115.044,593.596,47.5993,346.545,-2863.08,38.8837,308.227,2329.91,2,1
A,213,.,.,.,THR,C,1706,210,122,16,69.367,-13.346,78.224,1.75,0,0,0,0,0,2,0.86125,0.700293,9.21366,8.33268,2,2,2,26.1993,115.044,593.596,47.5993,346.545,-2863.08,38.8837,308.227,2329.91,2,0
A,213,.,.,.,THR,O,1707,210,127,16,70.344,-13.124,77.533,1.49,0,0,0,0,0,2,0.810226,0.700293,14.3771,9.154,2,2,2,26.1993,115.044,593.596,47.5993,346.545,-2863.08,38.8837,308.227,2329.91,2,0
A,213,.,.,.,THR,CB,1708,210,124,16,68.214,-11.496,79.434,2.01,0.117642,0.0409109,0.635134,-0.771318,0.00531032,1,0.776352,0.700293,20.1373,16.7364,0.955927,2,2,26.1993,115.044,593.596,47.5993,346.545,-2863.08,38.8837,308.227,2329.91,2,1
A,213,.,.,.,THR,OG1,1709,210,128,16,67.187,-10.511,79.305,1.54,15.3134,-0.324441,0.750292,-0.576021,-0.91377,1,0.715316,0.700293,30.1688,9.40843,0.953261,2,2,26.1993,115.044,593.596,47.5993,346.545,-2863.08,38.8837,308.227,2329.91,0.459148,1
A,213,.,.,.,THR,CG2,1710,210,125,16,69.561,-10.791,79.611,1.92,0.651697,-0.345871,0.759059,-0.551545,-0.10755,1,0.883175,0.700293,44.529,22.2862,0.958338,2,2,26.1993,115.044,593.596,47.5993,346.545,-2863.08,38.8837,308.227,2329.91,2,1
A,214,.,.,.,ARG,N,1711,211,11,1,69.275,-14.406,79.022,1.7,0,0,0,0,0,2,0.721436,0.614166,11.4802,9.81731,2,2,2,26.3275,98.5567,272.762,47.5993,346.545,-2863.08,38.8837,308.227,2329.91,2,0
A,214,.,.,.,ARG,CA,1712,211,6,1,70.371,-15.387,79.101,1.9,0,0,0,0,0,2,0.963707,0.614166,15.7013,12.719,2,2,2,26.3275,98.5567,272.762,47.5993,346.545,-2863.08,38.8837,308.227,2329.91,2,0
A,214,.,.,.,ARG,C,1713,211,5,1,70.644,-16.018,77.744,1.75,0.653922,0.134236,-0.986282,0.0960658,1.20625,1,0.826942,0.614166,10.9728,8.56255,0.725344,0.717078,2,26.3275,98.5567,272.762,47.5993,346.545,-2863.08,38.8837,308.227,2329.91,0.196372,0
A,214,.,.,.,ARG,O,1714,211,14,1,71.799,-16.234,77.384,1.49,9.56953,0.46937,-0.879731,0.0759231,3.60375,1,0.831003,0.614166,23.8331,9.29063,0.743694,0.717757,2,26.3275,98.5567,272.762,47.5993,346.545,-2863.08,38.8837,308.227,2329.91,0.231148,0
A,214,.,.,.,ARG,CB,1715,211,7,1,70.048,-16.485,80.102,1.91,9.65551,0.501273,-0.855342,-0.130825,1.11005,1,0.940329,0.614166,35.0621,16.4073,0.751914,0.731097,2,26.3275,98.5567,272.762,47.5993,346.545,-2863.08,38.8837,308.227,2329.91,0.196653,0
A,214,.,.,.,ARG,CG,1716,211,9,1,69.989,-15.99,81.53,1.92,0,0,0,0,0,2,0.887016,0.614166,22.5,16.9009,2,2,2,26.3275,98.5567,272.762,47.5993,346.545,-2863.08,38.8837,308.227,2329.91,2,0
A,214,.,.,.,ARG,CD,1717,211,8,1,69.775,-17.134,82.521,1.88,10.2103,0.412944,-0.907657,-0.0750819,-4.58275,1,0.814236,0.614166,39.6411,17.2446,0.78746,0.780604,2,26.3275,98.5567,272.762,47.5993,346.545,-2863.08,38.8837,308.227,2329.91,0.201582,0
A,214,.,.,.,ARG,NE,1718,211,12,1,68.868,-16.746,83.608,1.62,0,0,0,0,-0,2,0.35519,0.614166,10.3668,7.89139,2,2,2,26.3275,98.5567,272.762,47.5993,346.545,-2863.08,38.8837,308.227,2329.91,2,0
A,214,.,.,.,ARG,CZ,1719,211,10,1,67.689,-17.311,83.875,1.8,3.74951,0.359283,-0.715598,0.599028,-1.10042,1,0.0879412,0.614166,19.3719,11.362,0.432673,0.432206,0.431048,26.3275,98.5567,272.762,47.5993,346.545,-2863.08,38.8837,308.227,2329.91,0.183536,0
A,214,.,.,.,ARG,NH1,1720,211,13,1,66.967,-16.865,84.899,1.62,20.4386,-0.772512,-0.38452,0.505342,-10.3767,1,0.0260844,0.614166,40.8243,12.7364,0.429318,0.428891,0.426222,26.3275,98.5567,272.762,47.5993,346.545,-2863.08,38.8837,308.227,2329.91,0.209503,0
A,214,.,.,.,ARG,NH2,1721,211,13,1,67.221,-18.325,83.145,1.67,20.2018,-0.228754,-0.872592,0.431573,-10.2565,1,0.301941,0.614166,39.5433,14.1641,0.438906,0.43861,0.437061,26.3275,98.5567,272.762,47.5993,346.545,-2863.08,38.8837,308.227,2329.91,0.183278,0
A,215,.,.,.,ARG,N,1722,212,11,1,69.585,-16.295,76.989,1.7,0.00133377,0.208968,-0.913695,0.348559,0.00208339,1,0.771747,0.572424,11.6873,9.73119,0.687841,0.6967,2,28.0343,113.585,426.182,47.5993,346.545,-2863.08,38.8837,308.227,2329.91,0.153788,0
A,215,.,.,.,ARG,CA,1723,212,6,1,69.733,-16.894,75.655,1.9,6.83113,0.602194,-0.798174,0.0167662,5.84965,1,0.296826,0.572424,23.4051,12.824,0.48073,0.480069,0.471414,28.0343,113.585,426.182,47.5993,346.545,-2863.08,38.8837,308.227,2329.91,0.147103,0
A,215,.,.,.,ARG,C,1724,212,5,1,70.449,-15.98,74.653,1.75,0.124665,-0.591989,0.097619,-0.800012,0.229962,1,0.323898,0.572424,12.0998,8.85604,0.479189,0.479017,0.47705,28.0343,113.585,426.182,47.5993,346.545,-2863.08,38.8837,308.227,2329.91,0.150425,0
A,215,.,.,.,ARG,O,1725,212,14,1,70.947,-16.462,73.639,1.49,28.3478,0.198032,-0.51255,-0.835509,10.6754,1,0.290076,0.572424,41.0824,9.33679,0.479354,0.479262,0.477851,28.0343,113.585,426.182,47.5993,346.545,-2863.08,38.8837,308.227,2329.91,0.133907,0
A,215,.,.,.,ARG,CB,1726,212,7,1,68.37,-17.373,75.105,1.91,11.2902,-0.115555,-0.0580462,-0.991604,1.29799,1,0.266749,0.572424,37.1109,16.6946,0.48032,0.480154,0.478549,28.0343,113.585,426.182,47.5993,346.545,-2863.08,38.8837,308.227,2329.91,0.17465,0
A,215,.,.,.,ARG,CG,1727,212,9,1,67.891,-18.675,75.753,1.92,16.7273,0.656222,-0.745549,-0.116315,0.110583,1,0.876451,0.572424,40.5202,17.3557,0.485155,0.485024,0.48335,28.0343,113.585,426.182,47.5993,346.545,-2863.08,38.8837,308.227,2329.91,0.147379,0
A,215,.,.,.,ARG,CD,1728,212,8,1,66.518,-19.106,75.253,1.88,14.3948,0.104946,-0.263055,-0.959056,-6.46088,1,0.476993,0.572424,42.5751,17.2042,0.373366,0.373119,0.372276,28.0343,113.585,426.182,47.5993,346.545,-2863.08,38.8837,308.227,2329.91,0.16088,0
A,215,.,.,.,ARG,NE,1729,212,12,1,65.92,-20.162,76.078,1.62,2.71575,0.629963,-0.765403,-0.131544,-0.753029,1,0.710555,0.572424,13.1397,8.04063,0.456769,0.456286,0.456642,28.0343,113.585,426.182,47.5993,346.545,-2863.08,38.8837,308.227,2329.91,0.138884,0
A,215,.,.,.,ARG,CZ,1730,212,10,1,64.797,-20.816,75.77,1.8,7.69832,0.392447,-0.712192,-0.582038,-2.25933,1,0.741066,0.572424,23.3838,11.3234,0.174472,0.174331,0.170958,28.0343,113.585,426.182,47.5993,346.545,-2863.08,38.8837,308.227,2329.91,0.146351,0
A,215,.,.,.,ARG,NH1,1731,212,13,1,64.139,-20.532,74.647,1.62,46.1527,-0.639868,-0.0268852,-0.768015,-23.4318,1,0.794891,0.572424,58.2543,12.7968,0.165864,0.16573,0.161894,28.0343,113.585,426.182,47.5993,346.545,-2863.08,38.8837,308.227,2329.91,0.156312,0
A,215,.,.,.,ARG,NH2,1732,212,13,1,64.328,-21.762,76.578,1.67,45.859,-0.460016,-0.8539,0.243391,-23.2826,1,0.747409,0.572424,61.485,14.4659,0.181951,0.181835,0.179301,28.0343,113.585,426.182,47.5993,346.545,-2863.08,38.8837,308.227,2329.91,0.142225,0
A,216,.,.,.,LYS,N,1733,213,89,11,70.524,-14.679,74.95,1.7,0,0,0,0,0,2,0.664448,0.655076,11.0289,9.63731,2,2,2,27.2879,129.147,729.44,47.5993,346.545,-2863.08,38.8837,308.227,2329.91,2,0
A,216,.,.,.,LYS,CA,1734,213,84,11,71.178,-13.701,74.084,1.9,1.76938,-0.0347353,-0.351848,-0.935412,1.1357,1,0.722307,0.655076,20.1782,12.8785,0.482437,0.481653,0.481198,27.2879,129.147,729.44,47.5993,346.545,-2863.08,38.8837,308.227,2329.91,0.113389,0
A,216,.,.,.,LYS,C,1735,213,83,11,72.651,-13.46,74.432,1.75,0.00247542,0.143218,-0.619541,-0.771788,0.00421289,1,0.765559,0.655076,12.5384,8.87186,0.758985,2,2,27.2879,129.147,729.44,47.5993,346.545,-2863.08,38.8837,308.227,2329.91,2,0
A,216,.,.,.,LYS,O,1736,213,91,11,73.308,-12.631,73.787,1.49,0,0,0,0,0,2,0.798171,0.655076,13.52,9.27599,2,2,2,27.2879,129.147,729.44,47.5993,346.545,-2863.08,38.8837,308.227,2329.91,2,0
A,216,.,.,.,LYS,CB,1737,213,85,11,70.411,-12.375,74.095,1.91,0,0,0,0,-0,2,0.882424,0.655076,22.3995,16.3045,2,2,2,27.2879,129.147,729.44,47.5993,346.545,-2863.08,38.8837,308.227,2329.91,2,0
A,216,.,.,.,LYS,CG,1738,213,88,11,69.026,-12.427,73.465,1.92,12.2495,-0.205007,-0.543018,-0.814312,-2.49482,1,0.320074,0.655076,38.2042,17.0377,0.536137,0.535696,0.53141,27.2879,129.147,729.44,47.5993,346.545,-2863.08,38.8837,308.227,2329.91,0.192926,0
A,216,.,.,.,LYS,CD,1739,213,86,11,68.282,-11.141,73.832,1.92,0.750639,-0.0773835,0.583865,0.808154,-0.406337,1,0.838709,0.655076,28.4133,16.8866,0.571509,0.561383,0.553418,27.2879,129.147,729.44,47.5993,346.545,-2863.08,38.8837,308.227,2329.91,2,1
A,216,.,.,.,LYS,CE,1740,213,87,11,66.952,-10.973,73.15,1.88,12.2072,-0.23055,-0.1538,-0.960829,-8.21714,1,0.40851,0.655076,41.1492,17.3635,0.541263,0.535244,0.520037,27.2879,129.147,729.44,47.5993,346.545,-2863.08,38.8837,308.227,2329.91,0.296798,0
A,216,.,.,.,LYS,NZ,1741,213,90,11,66.326,-9.692,73.605,1.67,3.56537,-0.0150563,0.178731,0.983783,-3.00441,1,0.495479,0.655076,33.8653,14.2432,0.747143,0.708408,2,27.2879,129.147,729.44,47.5993,346.545,-2863.08,38.8837,308.227,2329.91,2,1
A,217,.,.,.,ILE,N,1742,214,73,9,73.171,-14.191,75.425,1.7,0,0,0,0,0,2,0.493831,0.593027,12.608,9.78575,2,2,2,26.3599,114.643,439.024,47.5993,346.545,-2863.08,38.8837,308.227,2329.91,2,0
A,217,.,.,.,ILE,CA,1743,214,68,9,74.572,-14.091,75.814,1.9,0,0,0,0,0,2,0.44791,0.593027,13.4826,11.8713,2,2,2,26.3599,114.643,439.024,47.5993,346.545,-2863.08,38.8837,308.227,2329.91,2,0
A,217,.,.,.,ILE,C,1744,214,67,9,75.438,-14.877,74.83,1.75,0,0,0,0,0,2,0.568306,0.593027,10.1347,8.53911,2,2,2,26.3599,114.643,439.024,47.5993,346.545,-2863.08,38.8837,308.227,2329.91,2,0
A,217,.,.,.,ILE,O,1745,214,74,9,75.112,-16.012,74.465,1.49,21.404,-0.000292939,-0.991937,-0.126732,20.2949,1,0.547763,0.593027,37.5355,9.39383,0.520769,0.519541,0.510342,26.3599,114.643,439.024,47.5993,346.545,-2863.08,38.8837,308.227,2329.91,0.133939,0
A,217,.,.,.,ILE,CB,1746,214,69,9,74.821,-14.626,77.247,2.01,4.60527,0.0336712,-0.984604,0.171528,5.34754,1,0.508327,0.593027,22.9221,14.0332,0.843255,0.814876,2,26.3599,114.643,439.024,47.5993,346.545,-2863.08,38.8837,308.227,2329.91,0.292858,0
A,217,.,.,.,ILE,CG1,1747,214,71,9,74.028,-13.792,78.248,1.92,0.328949,0.634557,0.681941,0.363723,0.35192,1,0.725215,0.593027,24.5493,15.9392,0.939561,2,2,26.3599,114.643,439.024,47.5993,346.545,-2863.08,38.8837,308.227,2329.91,0.78698,1
A,217,.,.,.,ILE,CG2,1748,214,72,9,76.311,-14.577,77.575,1.92,5.8485,0.0789328,-0.913956,0.398062,4.73641,1,0.716653,0.593027,46.8563,21.7761,0.917404,0.871014,2,26.3599,114.643,439.024,47.5993,346.545,-2863.08,38.8837,308.227,2329.91,0.436394,1
A,217,.,.,.,ILE,CD1,1749,214,70,9,74.127,-14.266,79.687,1.92,6.20595,0.874331,0.311974,0.371777,4.72033,1,0.736215,0.593027,45.3578,22.8688,0.935801,2,2,26.3599,114.643,439.024,47.5993,346.545,-2863.08,38.8837,308.227,2329.91,0.661635,1
A,218,.,.,.,VAL,N,1750,215,158,19,76.507,-14.23,74.389,1.7,0,0,0,0,0,2,0.820725,0.732745,11.4075,9.51922,2,2,2,27.4838,125.072,366.812,47.5993,346.545,-2863.08,38.8837,308.227,2329.91,2,0
A,218,.,.,.,VAL,CA,1751,215,154,19,77.467,-14.787,73.45,1.9,3.57338,-0.0834635,-0.958972,-0.270936,6.08357,1,0.593139,0.732745,19.7049,12.0526,0.531055,0.52825,0.525356,27.4838,125.072,366.812,47.5993,346.545,-2863.08,38.8837,308.227,2329.91,0.113464,0
A,218,.,.,.,VAL,C,1752,215,153,19,78.839,-14.621,74.089,1.75,0,0,0,0,0,2,0.874272,0.732745,10.1369,8.39099,2,2,2,27.4838,125.072,366.812,47.5993,346.545,-2863.08,38.8837,308.227,2329.91,2,0
A,218,.,.,.,VAL,O,1753,215,159,19,79.271,-13.5,74.313,1.49,0,0,0,0,0,2,0.935826,0.732745,13.848,8.98118,2,2,2,27.4838,125.072,366.812,47.5993,346.545,-2863.08,38.8837,308.227,2329.91,2,0
A,218,.,.,.,VAL,CB,1754,215,155,19,77.467,-14.003,72.118,2.01,0,0,0,0,0,2,0.841355,0.732745,18.7905,14.0578,2,2,2,27.4838,125.072,366.812,47.5993,346.545,-2863.08,38.8837,308.227,2329.91,2,0
A,218,.,.,.,VAL,CG1,1755,215,156,19,78.548,-14.53,71.197,1.92,18.7734,-0.0127547,-0.825268,-0.564598,11.8564,1,0.685906,0.732745,53.4802,21.9125,0.468532,0.468444,0.466552,27.4838,125.072,366.812,47.5993,346.545,-2863.08,38.8837,308.227,2329.91,0.108646,0
A,218,.,.,.,VAL,CG2,1756,215,157,19,76.106,-14.087,71.447,1.92,20.629,-0.449412,-0.691208,-0.565916,14.2367,1,0.377989,0.732745,57.6462,22.1041,0.472172,0.472135,0.471734,27.4838,125.072,366.812,47.5993,346.545,-2863.08,38.8837,308.227,2329.91,0.0989666,0
A,219,.,.,.,ILE,N,1757,216,73,9,79.507,-15.728,74.396,1.7,5.54611,-0.38365,-0.89232,-0.23786,12.1674,1,0.635,0.633897,20.3041,9.89601,0.572492,0.560607,0.552166,27.4672,118.277,59.9732,47.5993,346.545,-2863.08,38.8837,308.227,2329.91,0.130093,0
A,219,.,.,.,ILE,CA,1758,216,68,9,80.874,-15.687,74.911,1.9,0,0,0,0,0,3,0.965768,0.633897,13.884,11.9427,2,2,2,27.4672,118.277,59.9732,47.5993,346.545,-2863.08,38.8837,308.227,2329.91,2,0
A,219,.,.,.,ILE,C,1759,216,67,9,81.893,-15.884,73.778,1.75,0,0,0,0,0,2,0.648717,0.633897,10.2125,8.53785,2,2,2,27.4672,118.277,59.9732,47.5993,346.545,-2863.08,38.8837,308.227,2329.91,2,0
A,219,.,.,.,ILE,O,1760,216,74,9,81.893,-16.915,73.124,1.49,6.92542,-0.478677,-0.461477,-0.746932,6.56657,1,0.519929,0.633897,22.9314,9.07397,0.512693,0.508567,0.50212,27.4672,118.277,59.9732,47.5993,346.545,-2863.08,38.8837,308.227,2329.91,0.115324,0
A,219,.,.,.,ILE,CB,1761,216,69,9,81.095,-16.762,75.995,2.01,0.603001,-0.687049,-0.610345,-0.394263,0.700192,1,0.679944,0.633897,19.1147,13.9824,0.689846,0.663754,2,27.4672,118.277,59.9732,47.5993,346.545,-2863.08,38.8837,308.227,2329.91,0.127108,0
A,219,.,.,.,ILE,CG1,1762,216,71,9,80.093,-16.564,77.144,1.92,2.20551,-0.764973,-0.516664,-0.384545,2.35952,1,0.572373,0.633897,27.6744,15.9601,0.844112,0.83372,2,27.4672,118.277,59.9732,47.5993,346.545,-2863.08,38.8837,308.227,2329.91,0.152557,0
A,219,.,.,.,ILE,CG2,1763,216,72,9,82.535,-16.717,76.488,1.92,0,0,0,0,0,2,0.645678,0.633897,39.4869,21.9095,2,2,2,27.4672,118.277,59.9732,47.5993,346.545,-2863.08,38.8837,308.227,2329.91,2,0
A,219,.,.,.,ILE,CD1,1764,216,70,9,80.111,-17.644,78.21,1.92,9.47094,-0.92011,-0.382859,-0.0825628,7.20373,1,0.40377,0.633897,53.2256,23.0554,0.851487,0.871014,2,27.4672,118.277,59.9732,47.5993,346.545,-2863.08,38.8837,308.227,2329.91,0.152509,1
A,220,.,.,.,LEU,N,1765,217,81,10,82.753,-14.891,73.56,1.7,0,0,0,0,0,2,0.89372,0.732268,12.2075,9.8784,2,2,2,28.8442,132.493,-0.715025,47.5993,346.545,-2863.08,38.8837,308.227,2329.91,2,0
A,220,.,.,.,LEU,CA,1766,217,76,10,83.788,-14.947,72.512,1.9,0.755764,-0.138094,-0.742148,-0.655855,1.4968,1,0.634856,0.732268,16.8809,12.4858,0.727412,0.580171,2,28.8442,132.493,-0.715025,47.5993,346.545,-2863.08,38.8837,308.227,2329.91,0.110472,0
A,220,.,.,.,LEU,C,1767,217,75,10,85.093,-15.491,73.069,1.75,0,0,0,0,0,2,0.688919,0.732268,11.0815,8.7918,2,2,2,28.8442,132.493,-0.715025,47.5993,346.545,-2863.08,38.8837,308.227,2329.91,2,0
A,220,.,.,.,LEU,O,1768,217,82,10,85.33,-15.433,74.277,1.49,3.71277,0.75424,-0.0274935,0.656023,2.84736,1,0.656857,0.732268,28.2731,9.32077,0.918036,2,2,28.8442,132.493,-0.715025,47.5993,346.545,-2863.08,38.8837,308.227,2329.91,0.346985,0
A,220,.,.,.,LEU,CB,1769,217,77,10,84.001,-13.566,71.887,1.91,0,0,0,0,0,2,0.857699,0.732268,21.0923,15.719,2,2,2,28.8442,132.493,-0.715025,47.5993,346.545,-2863.08,38.8837,308.227,2329.91,2,0
A,220,.,.,.,LEU,CG,1770,217,80,10,82.748,-12.943,71.248,2.01,0,0,0,0,0,2,0.780163,0.732268,18.0709,14.0635,2,2,2,28.8442,132.493,-0.715025,47.5993,346.545,-2863.08,38.8837,308.227,2329.91,2,0
A,220,.,.,.,LEU,CD1,1771,217,78,10,83.123,-11.66,70.534,1.92,0,0,0,0,0,2,0.816958,0.732268,33.7467,22.0073,2,2,2,28.8442,132.493,-0.715025,47.5993,346.545,-2863.08,38.8837,308.227,2329.91,2,0
A,220,.,.,.,LEU,CD2,1772,217,79,10,82.031,-13.89,70.289,1.92,10.8383,-0.255871,-0.764515,-0.591647,5.74912,1,0.528975,0.732268,47.5489,21.9698,0.503539,0.499138,0.486606,28.8442,132.493,-0.715025,47.5993,346.545,-2863.08,38.8837,308.227,2329.91,0.130605,0
A,221,.,.,.,GLY,N,1773,218,55,7,85.933,-16.014,72.177,1.7,1.47689,-0.41653,-0.684758,-0.598005,1.31422,1,0.648236,0.55051,17.3913,10.1039,0.820045,0.785834,2,30.3623,131.367,-245.758,47.5993,346.545,-2863.08,38.8837,308.227,2329.91,0.112005,0
A,221,.,.,.,GLY,CA,1774,218,54,7,87.171,-16.681,72.563,1.9,9.66377,0.454543,-0.743699,0.490207,-0.283108,1,0.383689,0.55051,41.609,18.9388,0.829707,0.766505,2,30.3623,131.367,-245.758,47.5993,346.545,-2863.08,38.8837,308.227,2329.91,0.157991,0
A,221,.,.,.,GLY,C,1775,218,53,7,88.387,-15.835,72.257,1.75,3.007,0.253852,0.144089,0.95645,3.33798,1,0.524732,0.55051,14.6021,8.85434,0.840161,0.776031,2,30.3623,131.367,-245.758,47.5993,346.545,-2863.08,38.8837,308.227,2329.91,0.128281,0
A,221,.,.,.,GLY,O,1776,218,56,7,88.31,-14.606,72.285,1.49,2.19236,0.239884,0.169283,0.955928,0.321589,1,0.645381,0.55051,17.6295,9.29001,0.903846,2,2,30.3623,131.367,-245.758,47.5993,346.545,-2863.08,38.8837,308.227,2329.91,0.204782,0
A,222,.,.,.,ASP,N,1777,219,27,3,89.512,-16.499,71.963,1.7,3.60991,-0.169565,-0.861047,-0.479423,4.58094,1,0.08441,0.0816637,21.245,9.96748,0.797598,0.724049,2,31.9471,136.305,-296.262,47.5993,346.545,-2863.08,38.8837,308.227,2329.91,0.108426,0
A,222,.,.,.,ASP,CA,1778,219,24,3,90.776,-15.816,71.677,1.9,4.25467,0.360745,0.612525,0.703332,2.54953,1,0.278072,0.0816637,22.1479,12.8264,0.526306,0.505183,0.47393,31.9471,136.305,-296.262,47.5993,346.545,-2863.08,38.8837,308.227,2329.91,0.127804,0
A,222,.,.,.,ASP,C,1779,219,23,3,90.693,-14.942,70.447,1.75,0.477364,0.70623,-0.246022,-0.663862,0.819324,1,0.116067,0.0816637,10.9869,8.62702,0.490631,0.483824,0.468084,31.9471,136.305,-296.262,47.5993,346.545,-2863.08,38.8837,308.227,2329.91,0.129204,0
A,222,.,.,.,ASP,O,1780,219,28,3,91.416,-13.955,70.342,1.49,23.3631,0.855894,0.489956,-0.165493,6.47268,1,0.101984,0.0816637,36.9409,9.32398,0.0377107,0.0368298,0.0330791,31.9471,136.305,-296.262,47.5993,346.545,-2863.08,38.8837,308.227,2329.91,0.159789,0
A,222,.,.,.,ASP,CB,1781,219,25,3,91.917,-16.822,71.483,1.91,30.3088,0.667143,-0.200584,-0.717417,-8.88627,1,0.057256,0.0816637,53.4622,17.9769,0.0545331,0.0540281,0.0519649,31.9471,136.305,-296.262,47.5993,346.545,-2863.08,38.8837,308.227,2329.91,0.107325,0
A,222,.,.,.,ASP,CG,1782,219,26,3,92.285,-17.557,72.758,1.76,5.61179,0.939582,0.302366,0.160499,-1.32026,1,0.0061864,0.0816637,21.823,10.4453,0.0966579,0.0961013,0.093397,31.9471,136.305,-296.262,47.5993,346.545,-2863.08,38.8837,308.227,2329.91,0.0964154,0
A,222,.,.,.,ASP,OD1,1783,219,29,3,92.077,-17.021,73.858,1.49,38.058,0.107479,0.224745,0.968472,-19.3008,1,0.00430372,0.0816637,45.7808,9.31114,0.18429,0.182852,0.177442,31.9471,136.305,-296.262,47.5993,346.545,-2863.08,38.8837,308.227,2329.91,0.0993301,0
A,222,.,.,.,ASP,OD2,1784,219,29,3,92.804,-18.682,72.653,1.49,29.0016,0.82734,-0.542003,-0.14745,-14.7079,1,0.0050314,0.0816637,44.7016,9.40679,0.0751558,0.0750851,0.0745536,31.9471,136.305,-296.262,47.5993,346.545,-2863.08,38.8837,308.227,2329.91,0.0871446,0
A,223,.,.,.,ASN,N,1785,220,19,2,89.819,-15.308,69.509,1.7,1.55633,-0.156728,-0.978613,-0.133238,2.12706,1,0.485412,0.329241,17.3922,9.79976,0.540851,0.525241,0.408305,32.8449,150.456,-263.071,47.5993,346.545,-2863.08,38.8837,308.227,2329.91,0.118313,0
A,223,.,.,.,ASN,CA,1786,220,16,2,89.649,-14.542,68.273,1.9,2.85255,0.920752,0.355941,-0.159754,2.13911,1,0.263559,0.329241,20.8999,12.8212,0.423805,0.414092,0.374019,32.8449,150.456,-263.071,47.5993,346.545,-2863.08,38.8837,308.227,2329.91,0.106757,0
A,223,.,.,.,ASN,C,1787,220,15,2,88.557,-13.475,68.365,1.75,0.00223079,0.72569,0.577668,-0.37373,0.00349419,1,0.398234,0.329241,11.7546,8.87365,0.755632,0.71247,2,32.8449,150.456,-263.071,47.5993,346.545,-2863.08,38.8837,308.227,2329.91,0.0842521,0
A,223,.,.,.,ASN,O,1788,220,21,2,87.958,-13.106,67.345,1.49,0,0,0,0,0,2,0.399722,0.329241,11.5099,9.05627,2,2,2,32.8449,150.456,-263.071,47.5993,346.545,-2863.08,38.8837,308.227,2329.91,2,0
A,223,.,.,.,ASN,CB,1789,220,17,2,89.33,-15.494,67.116,1.91,17.9118,0.332723,-0.94277,-0.0219216,-2.8318,1,0.32264,0.329241,41.8755,17.4536,0.0303942,0.0299263,0.0263288,32.8449,150.456,-263.071,47.5993,346.545,-2863.08,38.8837,308.227,2329.91,0.0982856,0
A,223,.,.,.,ASN,CG,1790,220,18,2,89.745,-14.93,65.773,1.81,5.47847,0.676778,-0.685647,-0.268067,-0.651132,1,0.272573,0.329241,18.8833,10.9789,0.0181768,0.0180854,0.0169967,32.8449,150.456,-263.071,47.5993,346.545,-2863.08,38.8837,308.227,2329.91,0.0841129,0
A,223,.,.,.,ASN,OD1,1791,220,22,2,90.706,-14.181,65.685,1.52,29.365,0.955101,0.212664,-0.206292,-10.2225,1,0.130817,0.329241,40.7614,9.5722,0.0153929,0.0152875,0.0150588,32.8449,150.456,-263.071,47.5993,346.545,-2863.08,38.8837,308.227,2329.91,0.0879329,0
A,223,.,.,.,ASN,ND2,1792,220,20,2,89.03,-15.302,64.716,1.62,33.8584,-0.0896528,-0.619687,-0.779712,-16.249,1,0.360967,0.329241,50.5985,12.8125,0.0179144,0.0178069,0.0169316,32.8449,150.456,-263.071,47.5993,346.545,-2863.08,38.8837,308.227,2329.91,0.0978287,0
A,224,.,.,.,TRP,N,1793,221,140,17,88.319,-12.962,69.575,1.7,0,0,0,0,0,2,0.38035,0.608937,12.9967,9.93113,2,2,2,30.5049,151.762,-43.799,47.5993,346.545,-2863.08,38.8837,308.227,2329.91,2,0
A,224,.,.,.,TRP,CA,1794,221,130,17,87.203,-12.047,69.827,1.9,0,0,0,0,0,2,0.451372,0.608937,15.8114,12.9682,2,2,2,30.5049,151.762,-43.799,47.5993,346.545,-2863.08,38.8837,308.227,2329.91,2,0
A,224,.,.,.,TRP,C,1795,221,129,17,87.21,-10.764,68.987,1.75,0,0,0,0,0,2,0.412396,0.608937,9.32864,8.6749,2,2,2,30.5049,151.762,-43.799,47.5993,346.545,-2863.08,38.8837,308.227,2329.91,2,0
A,224,.,.,.,TRP,O,1796,221,142,17,86.139,-10.266,68.606,1.49,0,0,0,0,0,2,0.890384,0.608937,12.7026,9.03757,2,2,2,30.5049,151.762,-43.799,47.5993,346.545,-2863.08,38.8837,308.227,2329.91,2,0
A,224,.,.,.,TRP,CB,1797,221,131,17,87.105,-11.701,71.321,1.91,0,0,0,0,0,2,0.888274,0.608937,25.1895,17.7719,2,2,2,30.5049,151.762,-43.799,47.5993,346.545,-2863.08,38.8837,308.227,2329.91,2,0
A,224,.,.,.,TRP,CG,1798,221,136,17,88.261,-10.955,71.892,1.74,0,0,0,0,0,2,0.270526,0.608937,7.49648,6.35981,2,2,2,30.5049,151.762,-43.799,47.5993,346.545,-2863.08,38.8837,308.227,2329.91,2,0
A,224,.,.,.,TRP,CD1,1799,221,132,17,89.394,-11.487,72.457,1.82,4.28977,0.505138,-0.565269,0.652156,2.12247,1,0.188023,0.608937,33.3739,15.7609,0.606873,0.589913,0.578489,30.5049,151.762,-43.799,47.5993,346.545,-2863.08,38.8837,308.227,2329.91,0.273534,0
A,224,.,.,.,TRP,CD2,1800,221,133,17,88.413,-9.544,71.947,1.82,0,0,0,0,0,2,0.742734,0.608937,11.9027,9.80456,2,2,2,30.5049,151.762,-43.799,47.5993,346.545,-2863.08,38.8837,308.227,2329.91,2,0
A,224,.,.,.,TRP,NE1,1801,221,141,17,90.225,-10.486,72.881,1.66,15.9474,0.972987,-0.217775,0.0766215,4.67638,1,0.477976,0.608937,30.6604,10.0767,0.596801,0.58494,0.569694,30.5049,151.762,-43.799,47.5993,346.545,-2863.08,38.8837,308.227,2329.91,0.221286,0
A,224,.,.,.,TRP,CE2,1802,221,134,17,89.651,-9.279,72.566,1.74,0,0,0,0,0,2,0.505684,0.608937,9.7639,7.60866,2,2,2,30.5049,151.762,-43.799,47.5993,346.545,-2863.08,38.8837,308.227,2329.91,2,0
A,224,.,.,.,TRP,CE3,1803,221,135,17,87.62,-8.463,71.532,1.82,0,0,0,0,0,2,0.856128,0.608937,19.5951,14.1268,2,2,2,30.5049,151.762,-43.799,47.5993,346.545,-2863.08,38.8837,308.227,2329.91,2,0
A,224,.,.,.,TRP,CZ2,1804,221,138,17,90.107,-7.981,72.79,1.82,2.9197,0.964517,-0.185891,0.187489,1.13018,1,0.773579,0.608937,25.7779,14.7197,0.590955,0.588462,0.578489,30.5049,151.762,-43.799,47.5993,346.545,-2863.08,38.8837,308.227,2329.91,0.215281,0
A,224,.,.,.,TRP,CZ3,1805,221,139,17,88.092,-7.16,71.752,1.82,0,0,0,0,0,2,0.861175,0.608937,18.7213,14.0542,2,2,2,30.5049,151.762,-43.799,47.5993,346.545,-2863.08,38.8837,308.227,2329.91,2,0
A,224,.,.,.,TRP,CH2,1806,221,137,17,89.308,-6.938,72.373,1.82,0,0,0,0,0,2,0.82652,0.608937,21.125,13.9376,2,2,2,30.5049,151.762,-43.799,47.5993,346.545,-2863.08,38.8837,308.227,2329.91,2,0
A,225,.,.,.,LYS,N,1807,222,89,11,88.391,-10.22,68.708,1.7,0.295448,0.92899,-0.34105,0.143741,0.406642,1,0.62994,0.735963,14.5313,9.89434,0.802915,2,2,31.6229,167.765,-24.2993,47.5993,346.545,-2863.08,38.8837,308.227,2329.91,2,0
A,225,.,.,.,LYS,CA,1808,222,84,11,88.486,-9.016,67.883,1.9,0,0,0,0,0,2,0.992751,0.735963,16.8476,12.6272,2,2,2,31.6229,167.765,-24.2993,47.5993,346.545,-2863.08,38.8837,308.227,2329.91,2,0
A,225,.,.,.,LYS,C,1809,222,83,11,87.883,-9.266,66.513,1.75,0.968979,0.498725,0.533829,-0.682861,1.6491,1,0.558446,0.735963,11.6004,8.64102,0.520878,0.491555,0.42531,31.6229,167.765,-24.2993,47.5993,346.545,-2863.08,38.8837,308.227,2329.91,0.11198,0
A,225,.,.,.,LYS,O,1810,222,91,11,87.039,-8.483,66.055,1.49,0.246766,0.657853,0.427835,-0.619828,0.045057,1,0.816598,0.735963,18.3408,9.34577,0.646162,0.56957,2,31.6229,167.765,-24.2993,47.5993,346.545,-2863.08,38.8837,308.227,2329.91,0.112736,0
A,225,.,.,.,LYS,CB,1811,222,85,11,89.926,-8.519,67.766,1.91,16.9208,0.688396,-0.385115,-0.614652,-1.87315,1,0.658578,0.735963,40.2849,16.4641,0.321938,0.318875,0.3163,31.6229,167.765,-24.2993,47.5993,346.545,-2863.08,38.8837,308.227,2329.91,0.117353,0
A,225,.,.,.,LYS,CG,1812,222,88,11,90.397,-7.755,68.986,1.92,1.19817,0.46659,-0.847023,0.254648,-0.24403,1,0.978764,0.735963,23.4063,16.6614,0.408788,0.39912,0.383407,31.6229,167.765,-24.2993,47.5993,346.545,-2863.08,38.8837,308.227,2329.91,0.201606,0
A,225,.,.,.,LYS,CD,1813,222,86,11,91.803,-7.194,68.834,1.92,22.9905,0.714519,-0.378576,-0.58834,-12.4452,1,0.505525,0.735963,45.8337,17.2865,0.0315537,0.0312711,0.029138,31.6229,167.765,-24.2993,47.5993,346.545,-2863.08,38.8837,308.227,2329.91,0.183156,0
A,225,.,.,.,LYS,CE,1814,222,87,11,92.286,-6.613,70.16,1.88,7.78085,0.502185,-0.67445,0.541228,-5.23761,1,0.937591,0.735963,35.8186,17.2613,0.0428535,0.0425805,0.0403977,31.6229,167.765,-24.2993,47.5993,346.545,-2863.08,38.8837,308.227,2329.91,0.189134,0
A,225,.,.,.,LYS,NZ,1815,222,90,11,93.627,-5.98,70.068,1.67,50.4532,0.974875,0.204654,0.087949,-42.5151,1,0.545471,0.735963,66.0487,14.4841,0.0244981,0.0243606,0.0230652,31.6229,167.765,-24.2993,47.5993,346.545,-2863.08,38.8837,308.227,2329.91,0.176176,0
A,226,.,.,.,GLN,N,1816,223,41,5,88.275,-10.368,65.874,1.7,1.7137,0.937636,0.158255,-0.309507,2.53409,1,0.414889,0.394105,16.6831,9.96778,0.408136,0.398612,0.371423,33.5467,176.785,-28.3605,47.5993,346.545,-2863.08,38.8837,308.227,2329.91,0.0923883,0
A,226,.,.,.,GLN,CA,1817,223,37,5,87.7,-10.716,64.57,1.9,6.08506,0.512491,0.666917,-0.540902,4.63253,1,0.303449,0.394105,24.2142,12.9375,0.246581,0.243977,0.236628,33.5467,176.785,-28.3605,47.5993,346.545,-2863.08,38.8837,308.227,2329.91,0.103392,0
A,226,.,.,.,GLN,C,1818,223,36,5,86.215,-11.066,64.686,1.75,0.711789,-0.203606,-0.772886,-0.600992,1.26544,1,0.489303,0.394105,11.4445,8.75463,0.581293,0.491133,2,33.5467,176.785,-28.3605,47.5993,346.545,-2863.08,38.8837,308.227,2329.91,0.0967007,0
A,226,.,.,.,GLN,O,1819,223,43,5,85.396,-10.643,63.86,1.49,3.5586,0.0291162,-0.56187,-0.826713,1.12043,1,0.44261,0.394105,18.5969,9.03926,0.191959,0.189457,0.188592,33.5467,176.785,-28.3605,47.5993,346.545,-2863.08,38.8837,308.227,2329.91,0.084281,0
A,226,.,.,.,GLN,CB,1820,223,38,5,88.469,-11.872,63.923,1.91,39.6889,0.40616,-0.0122141,-0.91372,-1.19786,1,0.320272,0.394105,70.2331,23.0461,0.02405,0.0238272,0.0231037,33.5467,176.785,-28.3605,47.5993,346.545,-2863.08,38.8837,308.227,2329.91,0.0957584,0
A,227,.,.,.,GLU,N,1821,224,50,6,85.864,-11.837,65.709,1.7,0.036524,0.0202583,-0.708642,-0.705277,0.0467927,1,0.542137,0.649724,11.959,9.77431,0.626022,2,2,31.9524,169.088,173.873,47.5993,346.545,-2863.08,38.8837,308.227,2329.91,0.104983,0
A,227,.,.,.,GLU,CA,1822,224,46,6,84.478,-12.242,65.928,1.9,1.28526,0.154376,-0.538202,-0.828557,0.789586,1,0.784289,0.649724,19.9858,12.8653,0.655825,0.656654,2,31.9524,169.088,173.873,47.5993,346.545,-2863.08,38.8837,308.227,2329.91,0.0864655,0
A,227,.,.,.,GLU,C,1823,224,45,6,83.545,-11.043,66.191,1.75,0,0,0,0,0,2,0.860616,0.649724,10.6791,8.77991,2,2,2,31.9524,169.088,173.873,47.5993,346.545,-2863.08,38.8837,308.227,2329.91,2,0
A,227,.,.,.,GLU,O,1824,224,51,6,82.391,-11.054,65.754,1.49,0.318779,-0.438756,-0.897235,0.0496333,0.0774607,1,0.753964,0.649724,15.7013,9.27257,0.690993,0.68216,2,31.9524,169.088,173.873,47.5993,346.545,-2863.08,38.8837,308.227,2329.91,2,0
A,227,.,.,.,GLU,CB,1825,224,47,6,84.402,-13.27,67.071,1.91,3.14753,-0.885687,-0.390077,-0.251789,-0.701283,1,0.941481,0.649724,27.6693,16.9874,0.510028,0.507281,0.49155,31.9524,169.088,173.873,47.5993,346.545,-2863.08,38.8837,308.227,2329.91,0.0929014,0
A,227,.,.,.,GLU,CG,1826,224,49,6,85.041,-14.615,66.717,1.88,19.7097,-0.453627,-0.55476,-0.69747,-7.62092,1,0.412395,0.649724,43.3041,16.8512,0.17493,0.173475,0.167034,31.9524,169.088,173.873,47.5993,346.545,-2863.08,38.8837,308.227,2329.91,0.103913,0
A,227,.,.,.,GLU,CD,1827,224,48,6,85.394,-15.483,67.916,1.76,4.60139,-0.793876,-0.600929,0.0929809,-1.99637,1,0.425925,0.649724,19.3937,10.7016,0.435652,0.43301,0.418676,31.9524,169.088,173.873,47.5993,346.545,-2863.08,38.8837,308.227,2329.91,0.136664,0
A,227,.,.,.,GLU,OE1,1828,224,52,6,85.178,-15.082,69.067,1.49,0.774694,-0.534873,-0.796084,0.283128,-0.512558,1,0.777213,0.649724,16.3782,9.28313,0.496446,0.474822,0.462044,31.9524,169.088,173.873,47.5993,346.545,-2863.08,38.8837,308.227,2329.91,0.144369,0
A,227,.,.,.,GLU,OE2,1829,224,52,6,85.911,-16.593,67.716,1.49,28.3762,-0.105358,-0.985614,-0.132157,-18.7745,1,0.349499,0.649724,41.4659,9.40771,0.169177,0.167312,0.152295,31.9524,169.088,173.873,47.5993,346.545,-2863.08,38.8837,308.227,2329.91,0.121803,0
A,228,.,.,.,LEU,N,1830,225,81,10,84.032,-10.004,66.873,1.7,0,0,0,0,0,2,0.550903,0.725441,11.4837,9.79719,2,2,2,30.3819,176.373,446.88,47.5993,346.545,-2863.08,38.8837,308.227,2329.91,2,0
A,228,.,.,.,LEU,CA,1831,225,76,10,83.214,-8.794,67.107,1.9,0,0,0,0,0,2,0.622394,0.725441,16.0959,12.7228,2,2,2,30.3819,176.373,446.88,47.5993,346.545,-2863.08,38.8837,308.227,2329.91,2,0
A,228,.,.,.,LEU,C,1832,225,75,10,82.812,-8.101,65.813,1.75,0,0,0,0,0,2,0.608917,0.725441,10.0945,8.57289,2,2,2,30.3819,176.373,446.88,47.5993,346.545,-2863.08,38.8837,308.227,2329.91,2,0
A,228,.,.,.,LEU,O,1833,225,82,10,81.769,-7.448,65.743,1.49,0,0,0,0,0,2,0.736428,0.725441,14.5838,9.1918,2,2,2,30.3819,176.373,446.88,47.5993,346.545,-2863.08,38.8837,308.227,2329.91,2,0
A,228,.,.,.,LEU,CB,1834,225,77,10,83.939,-7.755,67.972,1.91,0,0,0,0,0,2,0.757736,0.725441,22.5311,15.3981,2,2,2,30.3819,176.373,446.88,47.5993,346.545,-2863.08,38.8837,308.227,2329.91,2,0
A,228,.,.,.,LEU,CG,1835,225,80,10,83.604,-7.639,69.448,2.01,0,0,0,0,0,2,0.842971,0.725441,19.2181,14.2814,2,2,2,30.3819,176.373,446.88,47.5993,346.545,-2863.08,38.8837,308.227,2329.91,2,0
A,228,.,.,.,LEU,CD1,1836,225,78,10,84.368,-6.453,70.03,1.92,0,0,0,0,0,2,0.822787,0.725441,38.9604,22.1641,2,2,2,30.3819,176.373,446.88,47.5993,346.545,-2863.08,38.8837,308.227,2329.91,2,0
A,228,.,.,.,LEU,CD2,1837,225,79,10,82.104,-7.495,69.701,1.92,0,0,0,0,0,2,0.861394,0.725441,39.0306,22.1261,2,2,2,30.3819,176.373,446.88,47.5993,346.545,-2863.08,38.8837,308.227,2329.91,2,0
A,229,.,.,.,THR,N,1838,226,126,16,83.641,-8.23,64.783,1.7,0,0,0,0,0,2,0.718631,0.445501,11.4704,9.61383,2,2,2,32.6343,197.737,499.963,47.5993,346.545,-2863.08,38.8837,308.227,2329.91,2,0
A,229,.,.,.,THR,CA,1839,226,123,16,83.337,-7.572,63.516,1.9,0,0,0,0,0,2,0.602786,0.445501,13.7516,11.8944,2,2,2,32.6343,197.737,499.963,47.5993,346.545,-2863.08,38.8837,308.227,2329.91,2,0
A,229,.,.,.,THR,C,1840,226,122,16,82.23,-8.279,62.722,1.75,0.387157,0.275886,-0.552967,-0.786203,0.745126,1,0.492526,0.445501,11.1912,8.67306,0.210445,0.20875,0.198759,32.6343,197.737,499.963,47.5993,346.545,-2863.08,38.8837,308.227,2329.91,0.0774753,0
A,229,.,.,.,THR,O,1841,226,127,16,81.786,-7.758,61.72,1.49,5.54743,0.181854,-0.437236,-0.880769,2.5652,1,0.253099,0.445501,19.0146,8.99762,0.0338226,0.0336998,0.0329063,32.6343,197.737,499.963,47.5993,346.545,-2863.08,38.8837,308.227,2329.91,0.053148,0
A,229,.,.,.,THR,CB,1842,226,124,16,84.584,-7.394,62.653,2.01,5.74009,0.200502,-0.02113,-0.979465,0.259105,1,0.294805,0.445501,29.9411,16.8072,0.0400714,0.0398858,0.0372015,32.6343,197.737,499.963,47.5993,346.545,-2863.08,38.8837,308.227,2329.91,0.0597822,0
A,229,.,.,.,THR,OG1,1843,226,128,16,85.085,-8.674,62.272,1.54,17.8825,0.332829,-0.386933,-0.859947,-1.06707,1,0.224885,0.445501,30.6657,9.33093,0.0355856,0.0355092,0.0341993,32.6343,197.737,499.963,47.5993,346.545,-2863.08,38.8837,308.227,2329.91,0.0848017,0
A,229,.,.,.,THR,CG2,1844,226,125,16,85.651,-6.627,63.41,1.92,7.92469,0.896199,-0.135808,-0.422355,-1.30782,1,0.531775,0.445501,48.6081,22.2342,0.482341,0.475339,0.423163,32.6343,197.737,499.963,47.5993,346.545,-2863.08,38.8837,308.227,2329.91,0.0893859,0
A,230,.,.,.,LYS,N,1845,227,89,11,81.782,-9.448,63.178,1.7,0,0,0,0,0,2,0.743407,0.661443,12.2806,9.68255,2,2,2,32.9666,194.244,730.743,47.5993,346.545,-2863.08,38.8837,308.227,2329.91,2,0
A,230,.,.,.,LYS,CA,1846,227,84,11,80.557,-10.061,62.666,1.9,7.14885,-0.0583541,-0.0869865,-0.994499,4.58858,1,0.382331,0.661443,23.959,12.8639,0.0656418,0.0655661,0.0652531,32.9666,194.244,730.743,47.5993,346.545,-2863.08,38.8837,308.227,2329.91,0.0661086,0
A,230,.,.,.,LYS,C,1847,227,83,11,79.31,-9.304,63.138,1.75,0.0346475,-0.618349,-0.68137,0.391637,0.0589663,1,0.820831,0.661443,11.1988,8.87243,0.24464,0.244327,0.243281,32.9666,194.244,730.743,47.5993,346.545,-2863.08,38.8837,308.227,2329.91,0.0608019,0
A,230,.,.,.,LYS,O,1848,227,91,11,78.269,-9.396,62.497,1.49,23.4476,-0.780431,-0.448499,-0.435634,4.28129,1,0.616556,0.661443,36.7776,9.34654,0.172776,0.172583,0.171947,32.9666,194.244,730.743,47.5993,346.545,-2863.08,38.8837,308.227,2329.91,0.0545658,0
A,230,.,.,.,LYS,CB,1849,227,85,11,80.463,-11.54,63.07,1.91,17.7074,-0.779484,-0.616029,-0.113635,-1.96023,1,0.889818,0.661443,41.8278,16.8123,0.116999,0.116944,0.116432,32.9666,194.244,730.743,47.5993,346.545,-2863.08,38.8837,308.227,2329.91,0.0718053,0
A,230,.,.,.,LYS,CG,1850,227,88,11,81.618,-12.418,62.57,1.92,53.3899,0.181519,-0.786721,-0.590018,-10.8738,1,0.515716,0.661443,82.7478,23.4011,0.0780868,0.078009,0.0776097,32.9666,194.244,730.743,47.5993,346.545,-2863.08,38.8837,308.227,2329.91,0.0804235,0
A,231,.,.,.,PHE,N,1851,228,107,13,79.423,-8.578,64.26,1.7,0,0,0,0,0,2,0.462683,0.636067,11.3072,9.78077,2,2,2,30.9672,196.243,1057.39,47.5993,346.545,-2863.08,38.8837,308.227,2329.91,2,0
A,231,.,.,.,PHE,CA,1852,228,101,13,78.326,-7.778,64.84,1.9,4.09748,-0.964619,-0.130133,-0.229295,6.45181,1,0.574784,0.636067,22.2463,13.1318,0.770592,0.684209,2,30.9672,196.243,1057.39,47.5993,346.545,-2863.08,38.8837,308.227,2329.91,0.0451313,0
A,231,.,.,.,PHE,C,1853,228,100,13,78.415,-6.283,64.497,1.75,0,0,0,0,0,2,0.805284,0.636067,9.38129,8.71891,2,2,2,30.9672,196.243,1057.39,47.5993,346.545,-2863.08,38.8837,308.227,2329.91,2,0
A,231,.,.,.,PHE,O,1854,228,108,13,77.4,-5.63,64.289,1.49,2.62207,-0.883276,-0.458847,-0.0963456,2.17318,1,0.663404,0.636067,18.0499,9.26347,0.821428,0.752344,2,30.9672,196.243,1057.39,47.5993,346.545,-2863.08,38.8837,308.227,2329.91,0.0414424,0
A,231,.,.,.,PHE,CB,1855,228,102,13,78.32,-7.907,66.377,1.91,0.423197,-0.960861,0.246569,-0.126293,0.417233,1,0.884068,0.636067,26.4848,17.6894,0.821134,0.752344,2,30.9672,196.243,1057.39,47.5993,346.545,-2863.08,38.8837,308.227,2329.91,2,0
A,231,.,.,.,PHE,CG,1856,228,105,13,78.106,-9.313,66.881,1.74,0,0,0,0,0,2,0.730491,0.636067,6.96919,6.27473,2,2,2,30.9672,196.243,1057.39,47.5993,346.545,-2863.08,38.8837,308.227,2329.91,2,0
A,231,.,.,.,PHE,CD1,1857,228,103,13,79.177,-10.165,67.062,1.82,0,0,0,0,0,2,0.754613,0.636067,21.5691,14.2623,2,2,2,30.9672,196.243,1057.39,47.5993,346.545,-2863.08,38.8837,308.227,2329.91,2,0
A,231,.,.,.,PHE,CD2,1858,228,103,13,76.835,-9.785,67.169,1.82,11.6659,-0.76187,0.15865,-0.628001,11.4136,1,0.503792,0.636067,34.9412,14.3978,0.468127,0.466391,0.465234,30.9672,196.243,1057.39,47.5993,346.545,-2863.08,38.8837,308.227,2329.91,0.0706711,0
A,231,.,.,.,PHE,CE1,1859,228,104,13,78.991,-11.454,67.515,1.82,5.09278,0.303138,-0.87774,-0.371051,3.62204,1,0.566596,0.636067,33.0666,13.9545,0.457914,0.457599,0.454748,30.9672,196.243,1057.39,47.5993,346.545,-2863.08,38.8837,308.227,2329.91,0.0954966,0
A,231,.,.,.,PHE,CE2,1860,228,104,13,76.645,-11.079,67.624,1.82,13.1929,-0.570419,-0.516073,-0.638977,9.3829,1,0.52214,0.636067,35.5094,13.9876,0.471493,0.471302,0.471099,30.9672,196.243,1057.39,47.5993,346.545,-2863.08,38.8837,308.227,2329.91,0.0812438,0
A,231,.,.,.,PHE,CZ,1861,228,106,13,77.726,-11.913,67.802,1.82,15.0519,-0.168665,-0.849919,-0.499189,10.0663,1,0.528882,0.636067,36.7242,13.9618,0.470557,0.470447,0.469473,30.9672,196.243,1057.39,47.5993,346.545,-2863.08,38.8837,308.227,2329.91,0.0874496,0
A,232,.,.,.,ILE,N,1862,229,73,9,79.633,-5.743,64.487,1.7,0,0,0,0,0,2,0.607596,0.46018,11.4253,9.77677,2,2,2,31.3618,210.568,1035.78,47.5993,346.545,-2863.08,38.8837,308.227,2329.91,2,0
A,232,.,.,.,ILE,CA,1863,229,68,9,79.876,-4.298,64.401,1.9,0,0,0,0,0,2,0.115612,0.46018,15.5148,12.1508,2,2,2,31.3618,210.568,1035.78,47.5993,346.545,-2863.08,38.8837,308.227,2329.91,2,0
A,232,.,.,.,ILE,C,1864,229,67,9,80.95,-4.042,63.35,1.75,0,0,0,0,0,2,0.0879068,0.46018,9.35849,8.50385,2,2,2,31.3618,210.568,1035.78,47.5993,346.545,-2863.08,38.8837,308.227,2329.91,2,0
A,232,.,.,.,ILE,O,1865,229,74,9,81.957,-4.746,63.294,1.49,0,0,0,0,0,2,0.292652,0.46018,14.8934,9.19456,2,2,2,31.3618,210.568,1035.78,47.5993,346.545,-2863.08,38.8837,308.227,2329.91,2,0
A,232,.,.,.,ILE,CB,1866,229,69,9,80.37,-3.713,65.767,2.01,0,0,0,0,0,2,0.654326,0.46018,17.805,13.9478,2,2,2,31.3618,210.568,1035.78,47.5993,346.545,-2863.08,38.8837,308.227,2329.91,2,0
A,232,.,.,.,ILE,CG1,1867,229,71,9,79.387,-4.047,66.891,1.92,0,0,0,0,0,2,0.567082,0.46018,20.9137,15.9214,2,2,2,31.3618,210.568,1035.78,47.5993,346.545,-2863.08,38.8837,308.227,2329.91,2,0
A,232,.,.,.,ILE,CG2,1868,229,72,9,80.561,-2.205,65.692,1.92,0.0361228,0.0795763,0.471535,0.87825,0.0292541,1,0.501042,0.46018,33.5383,21.8674,1,2,2,31.3618,210.568,1035.78,47.5993,346.545,-2863.08,38.8837,308.227,2329.91,2,0
A,232,.,.,.,ILE,CD1,1869,229,70,9,79.986,-3.871,68.279,1.92,0.115148,0.286015,0.946881,0.147006,0.087583,1,0.855228,0.46018,39.7093,23.0457,1,2,2,31.3618,210.568,1035.78,47.5993,346.545,-2863.08,38.8837,308.227,2329.91,2,0
A,233,.,.,.,SER,N,1870,230,119,15,80.749,-3.023,62.524,1.7,0,0,0,0,0,2,0.264087,0.362903,15.7877,10.0265,2,2,2,33.7917,225.827,875.406,47.5993,346.545,-2863.08,38.8837,308.227,2329.91,2,0
A,233,.,.,.,SER,CA,1871,230,117,15,81.774,-2.62,61.544,1.9,0,0,0,0,0,2,0.428462,0.362903,14.0729,12.6055,2,2,2,33.7917,225.827,875.406,47.5993,346.545,-2863.08,38.8837,308.227,2329.91,2,0
A,233,.,.,.,SER,C,1872,230,116,15,83.065,-2.136,62.245,1.75,0,0,0,0,0,2,0.409737,0.362903,10.0177,8.73701,2,2,2,33.7917,225.827,875.406,47.5993,346.545,-2863.08,38.8837,308.227,2329.91,2,0
A,233,.,.,.,SER,O,1873,230,120,15,82.977,-1.42,63.235,1.49,0,0,0,0,0,2,0.465186,0.362903,12.0193,8.99758,2,2,2,33.7917,225.827,875.406,47.5993,346.545,-2863.08,38.8837,308.227,2329.91,2,0
A,233,.,.,.,SER,CB,1874,230,118,15,81.22,-1.496,60.671,1.91,12.4924,-0.708481,0.438132,-0.553259,-3.24311,1,0.194366,0.362903,44.144,19.3306,0.450571,0.44887,0.444406,33.7917,225.827,875.406,47.5993,346.545,-2863.08,38.8837,308.227,2329.91,0.0395453,0
A,233,.,.,.,SER,OG,1875,230,121,15,82.214,-0.947,59.824,1.54,15.5368,-0.188349,0.177403,-0.965947,-2.24091,1,0.41558,0.362903,32.6713,10.3178,0.138437,0.138342,0.137035,33.7917,225.827,875.406,47.5993,346.545,-2863.08,38.8837,308.227,2329.91,0.0563114,0
A,234,.,.,.,PRO,N,1876,231,114,14,84.261,-2.498,61.714,1.7,0,0,0,0,0,2,0.446979,0.382147,6.35159,5.49814,2,2,2,34.2515,218.155,413.968,47.5993,346.545,-2863.08,38.8837,308.227,2329.91,2,0
A,234,.,.,.,PRO,CA,1877,231,110,14,85.517,-1.982,62.255,1.9,0,0,0,0,0,2,0.500229,0.382147,17.8939,13.0073,2,2,2,34.2515,218.155,413.968,47.5993,346.545,-2863.08,38.8837,308.227,2329.91,2,0
A,234,.,.,.,PRO,C,1878,231,109,14,85.538,-0.468,62.453,1.75,0,0,0,0,0,2,0.427162,0.382147,10.0219,8.61551,2,2,2,34.2515,218.155,413.968,47.5993,346.545,-2863.08,38.8837,308.227,2329.91,2,0
A,234,.,.,.,PRO,O,1879,231,115,14,86.091,0.024,63.443,1.49,0,0,0,0,0,2,0.456609,0.382147,12.1625,9.06575,2,2,2,34.2515,218.155,413.968,47.5993,346.545,-2863.08,38.8837,308.227,2329.91,2,0
A,234,.,.,.,PRO,CB,1880,231,111,14,86.55,-2.386,61.192,1.91,9.56089,0.828893,-0.0991436,-0.550552,-3.11344,1,0.318447,0.382147,39.5649,16.9197,0.0216355,0.0216151,0.0203171,34.2515,218.155,413.968,47.5993,346.545,-2863.08,38.8837,308.227,2329.91,0.0599081,0
A,234,.,.,.,PRO,CG,1881,231,113,14,85.997,-3.644,60.619,1.92,29.321,0.526989,-0.446316,-0.723246,-13.2668,1,0.307687,0.382147,51.1548,17.157,0.0322274,0.032191,0.0306005,34.2515,218.155,413.968,47.5993,346.545,-2863.08,38.8837,308.227,2329.91,0.0620459,0
A,234,.,.,.,PRO,CD,1882,231,112,14,84.499,-3.487,60.641,1.92,11.0082,-0.145457,-0.223846,-0.963709,2.22344,1,0.217913,0.382147,39.4672,18.2504,0.0307717,0.0307613,0.0297662,34.2515,218.155,413.968,47.5993,346.545,-2863.08,38.8837,308.227,2329.91,0.044558,0
A,235,.,.,.,ASP,N,1883,232,27,3,84.904,0.273,61.548,1.7,0,0,0,0,0,2,0.236171,0.338824,11.9396,9.56026,2,2,2,35.1858,230.65,590.672,47.5993,346.545,-2863.08,38.8837,308.227,2329.91,2,0
A,235,.,.,.,ASP,CA,1884,232,24,3,84.916,1.721,61.612,1.9,0.0451829,0.443681,0.893093,0.0743813,0.027075,1,0.317532,0.338824,16.5105,12.8563,0.504587,0.504365,0.503673,35.1858,230.65,590.672,47.5993,346.545,-2863.08,38.8837,308.227,2329.91,0.0838104,0
A,235,.,.,.,ASP,C,1885,232,23,3,83.926,2.278,62.649,1.75,0,0,0,0,0,2,0.28638,0.338824,12.0848,8.94865,2,2,2,35.1858,230.65,590.672,47.5993,346.545,-2863.08,38.8837,308.227,2329.91,2,0
A,235,.,.,.,ASP,O,1886,232,28,3,83.899,3.471,62.892,1.49,12.1607,-0.0328547,0.949564,-0.311847,3.3691,1,0.334603,0.338824,28.2589,9.21284,0.515628,0.5155,0.514751,35.1858,230.65,590.672,47.5993,346.545,-2863.08,38.8837,308.227,2329.91,0.107962,0
A,235,.,.,.,ASP,CB,1887,232,25,3,84.689,2.272,60.204,1.91,26.1592,-0.36145,0.835094,-0.414694,-7.66964,1,0.243864,0.338824,51.5417,18.0959,0.101802,0.101765,0.101422,35.1858,230.65,590.672,47.5993,346.545,-2863.08,38.8837,308.227,2329.91,0.0728733,0
A,235,.,.,.,ASP,CG,1888,232,26,3,85.641,1.642,59.183,1.76,6.1018,0.147233,0.739722,-0.656608,-1.43554,1,0.584092,0.338824,20.0211,10.3986,0.0693268,0.0693228,0.0689061,35.1858,230.65,590.672,47.5993,346.545,-2863.08,38.8837,308.227,2329.91,0.052883,0
A,235,.,.,.,ASP,OD1,1889,232,29,3,86.878,1.726,59.376,1.49,18.3648,0.662937,0.287551,-0.691252,-9.31358,1,0.205543,0.338824,32.3433,9.40035,0.0547721,0.0547656,0.0543319,35.1858,230.65,590.672,47.5993,346.545,-2863.08,38.8837,308.227,2329.91,0.0563268,0
A,235,.,.,.,ASP,OD2,1890,232,29,3,85.147,1.035,58.214,1.49,34.3403,-0.094339,-0.19399,-0.976457,-17.4154,1,0.502407,0.338824,45.787,9.42096,0.0449556,0.0449556,0.0447083,35.1858,230.65,590.672,47.5993,346.545,-2863.08,38.8837,308.227,2329.91,0.054598,0
A,236,.,.,.,GLN,N,1891,233,41,5,83.128,1.387,63.259,1.7,0,0,0,0,0,2,0.311287,0.493996,11.3611,9.52218,2,2,2,32.6496,224.929,927.688,47.5993,346.545,-2863.08,38.8837,308.227,2329.91,2,0
A,236,.,.,.,GLN,CA,1892,233,37,5,82.241,1.706,64.388,1.9,0,0,0,0,0,2,0.54054,0.493996,16.0365,13.0944,2,2,2,32.6496,224.929,927.688,47.5993,346.545,-2863.08,38.8837,308.227,2329.91,2,0
A,236,.,.,.,GLN,C,1893,233,36,5,82.766,1.161,65.742,1.75,0,0,0,0,0,2,0.656914,0.493996,9.66854,8.73359,2,2,2,32.6496,224.929,927.688,47.5993,346.545,-2863.08,38.8837,308.227,2329.91,2,0
A,236,.,.,.,GLN,O,1894,233,43,5,82.065,1.244,66.75,1.49,0.237629,-0.372899,-0.614323,0.695381,0.0748176,1,0.930088,0.493996,20.5866,9.31909,1,2,2,32.6496,224.929,927.688,47.5993,346.545,-2863.08,38.8837,308.227,2329.91,2,0
A,236,.,.,.,GLN,CB,1895,233,38,5,80.848,1.109,64.128,1.91,0,0,0,0,-0,2,0.519558,0.493996,22.4297,17.3397,2,2,2,32.6496,224.929,927.688,47.5993,346.545,-2863.08,38.8837,308.227,2329.91,2,0
A,236,.,.,.,GLN,CG,1896,233,40,5,80.099,1.763,62.972,1.8,7.81879,-0.559001,-0.166363,-0.812306,-1.80547,1,0.258072,0.493996,31.3769,13.8814,0.591993,0.585414,0.564913,32.6496,224.929,927.688,47.5993,346.545,-2863.08,38.8837,308.227,2329.91,0.0928142,0
A,236,.,.,.,GLN,CD,1897,233,39,5,79.663,3.183,63.283,1.81,1.53695,-0.735382,0.477701,-0.48064,-0.444454,1,0.434904,0.493996,20.2,11.7678,0.568378,0.565806,0.54817,32.6496,224.929,927.688,47.5993,346.545,-2863.08,38.8837,308.227,2329.91,0.140901,0
A,236,.,.,.,GLN,OE1,1898,233,44,5,79.39,3.538,64.439,1.52,4.72364,0.268482,0.944006,0.191754,-2.40893,1,0.520822,0.493996,20.8989,9.63063,0.616816,0.589838,0.595468,32.6496,224.929,927.688,47.5993,346.545,-2863.08,38.8837,308.227,2329.91,0.199488,0
A,236,.,.,.,GLN,NE2,1899,233,42,5,79.588,4.006,62.254,1.62,47.8111,-0.188036,0.662355,-0.725209,-25.6055,1,0.273777,0.493996,61.5593,12.8044,0.2076,0.207191,0.202977,32.6496,224.929,927.688,47.5993,346.545,-2863.08,38.8837,308.227,2329.91,0.116344,0
A,237,.,.,.,LEU,N,1900,234,81,10,83.979,0.612,65.757,1.7,0,0,0,0,0,2,0.389246,0.473236,12.0789,9.96069,2,2,2,31.2424,204.21,580.673,47.5993,346.545,-2863.08,38.8837,308.227,2329.91,2,0
A,237,.,.,.,LEU,CA,1901,234,76,10,84.57,-0.057,66.933,1.9,0,0,0,0,0,2,0.670664,0.473236,15.0793,12.614,2,2,2,31.2424,204.21,580.673,47.5993,346.545,-2863.08,38.8837,308.227,2329.91,2,0
A,237,.,.,.,LEU,C,1902,234,75,10,85.853,0.654,67.328,1.75,0,0,0,0,0,2,0.37617,0.473236,9.52674,8.51562,2,2,2,31.2424,204.21,580.673,47.5993,346.545,-2863.08,38.8837,308.227,2329.91,2,0
A,237,.,.,.,LEU,O,1903,234,82,10,86.684,0.925,66.455,1.49,0,0,0,0,0,2,0.177561,0.473236,11.2155,9.05531,2,2,2,31.2424,204.21,580.673,47.5993,346.545,-2863.08,38.8837,308.227,2329.91,2,0
A,237,.,.,.,LEU,CB,1904,234,77,10,84.996,-1.481,66.589,1.91,0,0,0,0,0,2,0.449269,0.473236,19.1065,14.9943,2,2,2,31.2424,204.21,580.673,47.5993,346.545,-2863.08,38.8837,308.227,2329.91,2,0
A,237,.,.,.,LEU,CG,1905,234,80,10,84.128,-2.679,66.87,2.01,0,0,0,0,0,2,0.298623,0.473236,17.3134,14.2539,2,2,2,31.2424,204.21,580.673,47.5993,346.545,-2863.08,38.8837,308.227,2329.91,2,0
A,237,.,.,.,LEU,CD1,1906,234,78,10,84.892,-3.91,66.399,1.92,0,0,0,0,0,2,0.531137,0.473236,39.453,22.1155,2,2,2,31.2424,204.21,580.673,47.5993,346.545,-2863.08,38.8837,308.227,2329.91,2,0
A,237,.,.,.,LEU,CD2,1907,234,79,10,83.726,-2.804,68.346,1.92,0.0398702,-0.767006,0.627977,0.131709,0.021149,1,0.893219,0.473236,36.7577,22.2625,1,2,2,31.2424,204.21,580.673,47.5993,346.545,-2863.08,38.8837,308.227,2329.91,2,0
A,238,.,.,.,PRO,N,1908,235,114,14,86.064,0.896,68.633,1.7,0,0,0,0,0,2,0.607105,0.627,6.47402,5.54645,2,2,2,31.3401,193.027,269.625,47.5993,346.545,-2863.08,38.8837,308.227,2329.91,2,0
A,238,.,.,.,PRO,CA,1909,235,110,14,87.387,1.404,68.994,1.9,0,0,0,0,0,2,0.267059,0.627,14.9539,12.8168,2,2,2,31.3401,193.027,269.625,47.5993,346.545,-2863.08,38.8837,308.227,2329.91,2,0
A,238,.,.,.,PRO,C,1910,235,109,14,88.52,0.464,68.578,1.75,0,0,0,0,0,2,0.194442,0.627,9.33001,8.5869,2,2,2,31.3401,193.027,269.625,47.5993,346.545,-2863.08,38.8837,308.227,2329.91,2,0
A,238,.,.,.,PRO,O,1911,235,115,14,88.341,-0.768,68.534,1.49,0,0,0,0,0,2,0.592907,0.627,12.3822,9.12009,2,2,2,31.3401,193.027,269.625,47.5993,346.545,-2863.08,38.8837,308.227,2329.91,2,0
A,238,.,.,.,PRO,CB,1912,235,111,14,87.322,1.499,70.523,1.91,0,0,0,0,-0,2,0.84539,0.627,25.1111,16.8686,2,2,2,31.3401,193.027,269.625,47.5993,346.545,-2863.08,38.8837,308.227,2329.91,2,0
A,238,.,.,.,PRO,CG,1913,235,113,14,85.867,1.686,70.828,1.92,0,0,0,0,-0,2,0.9291,0.627,25.3001,17.3169,2,2,2,31.3401,193.027,269.625,47.5993,346.545,-2863.08,38.8837,308.227,2329.91,2,0
A,238,.,.,.,PRO,CD,1914,235,112,14,85.172,0.797,69.815,1.92,0,0,0,0,0,2,0.952992,0.627,29.1279,18.4232,2,2,2,31.3401,193.027,269.625,47.5993,346.545,-2863.08,38.8837,308.227,2329.91,2,0
A,239,.,.,.,VAL,N,1915,236,158,19,89.68,1.039,68.276,1.7,0,0,0,0,0,2,0.174631,0.169736,12.1734,9.85581,2,2,2,33.0537,189.001,-94.1622,47.5993,346.545,-2863.08,38.8837,308.227,2329.91,2,0
A,239,.,.,.,VAL,CA,1916,236,154,19,90.9,0.242,68.07,1.9,0,0,0,0,0,2,0.145677,0.169736,14.3221,12.1202,2,2,2,33.0537,189.001,-94.1622,47.5993,346.545,-2863.08,38.8837,308.227,2329.91,2,0
A,239,.,.,.,VAL,C,1917,236,153,19,91.133,-0.727,69.249,1.75,0,0,0,0,0,2,0.30887,0.169736,9.22102,8.40199,2,2,2,33.0537,189.001,-94.1622,47.5993,346.545,-2863.08,38.8837,308.227,2329.91,2,0
A,239,.,.,.,VAL,O,1918,236,159,19,91.492,-1.9,69.035,1.49,4.37334,0.840862,-0.446385,-0.30609,3.62613,1,0.30011,0.169736,22.9881,9.20082,0.619753,0.604958,2,33.0537,189.001,-94.1622,47.5993,346.545,-2863.08,38.8837,308.227,2329.91,0.149158,0
A,239,.,.,.,VAL,CB,1919,236,155,19,92.126,1.162,67.834,2.01,0,0,0,0,0,2,0.0913428,0.169736,16.976,14.1728,2,2,2,33.0537,189.001,-94.1622,47.5993,346.545,-2863.08,38.8837,308.227,2329.91,2,0
A,239,.,.,.,VAL,CG1,1920,236,156,19,93.434,0.378,67.906,1.92,41.472,0.875773,-0.407792,-0.258317,26.1918,1,0.0991681,0.169736,69.7022,21.9345,0.0283799,0.0282266,0.0276272,33.0537,189.001,-94.1622,47.5993,346.545,-2863.08,38.8837,308.227,2329.91,0.116537,0
A,239,.,.,.,VAL,CG2,1921,236,157,19,91.999,1.907,66.489,1.92,14.4257,0.730532,0.1147,-0.673176,9.95559,1,0.068356,0.169736,46.4908,22.2609,0.0177795,0.0176819,0.0173826,33.0537,189.001,-94.1622,47.5993,346.545,-2863.08,38.8837,308.227,2329.91,0.0885997,0
A,240,.,.,.,GLU,N,1922,237,50,6,90.877,-0.271,70.48,1.7,0,0,0,0,0,2,0.430123,0.824454,12.2273,9.98999,2,2,2,31.0989,167.226,1.70119,47.5993,346.545,-2863.08,38.8837,308.227,2329.91,2,0
A,240,.,.,.,GLU,CA,1923,237,46,6,91.021,-1.15,71.677,1.9,5.07392,0.971575,-0.233512,-0.0389258,3.11712,1,0.626846,0.824454,24.3688,13.1231,0.654027,0.617657,2,31.0989,167.226,1.70119,47.5993,346.545,-2863.08,38.8837,308.227,2329.91,0.149108,0
A,240,.,.,.,GLU,C,1924,237,45,6,90.279,-2.476,71.514,1.75,0,0,0,0,0,2,0.98032,0.824454,9.83376,8.54363,2,2,2,31.0989,167.226,1.70119,47.5993,346.545,-2863.08,38.8837,308.227,2329.91,2,0
A,240,.,.,.,GLU,O,1925,237,51,6,90.74,-3.514,72.014,1.49,1.86746,0.946613,-0.164956,0.276971,0.453778,1,0.970743,0.824454,22.4928,9.38533,0.650679,0.617657,2,31.0989,167.226,1.70119,47.5993,346.545,-2863.08,38.8837,308.227,2329.91,0.174458,0
A,240,.,.,.,GLU,CB,1926,237,47,6,90.549,-0.42,72.964,1.91,0,0,0,0,-0,2,0.923098,0.824454,25.3512,17.1294,2,2,2,31.0989,167.226,1.70119,47.5993,346.545,-2863.08,38.8837,308.227,2329.91,2,0
A,240,.,.,.,GLU,CG,1927,237,49,6,90.298,-1.297,74.202,1.88,0,0,0,0,-0,2,0.996645,0.824454,24.0655,16.7446,2,2,2,31.0989,167.226,1.70119,47.5993,346.545,-2863.08,38.8837,308.227,2329.91,2,0
A,240,.,.,.,GLU,CD,1928,237,48,6,91.535,-1.815,74.919,1.76,1.00446,0.637601,-0.699746,-0.322212,-0.435796,1,0.970503,0.824454,17.7648,10.7972,0.531224,0.496195,0.450091,31.0989,167.226,1.70119,47.5993,346.545,-2863.08,38.8837,308.227,2329.91,0.1704,0
A,240,.,.,.,GLU,OE1,1929,237,52,6,92.647,-1.276,74.722,1.49,18.5706,0.934409,-0.279583,-0.220711,-12.2868,1,0.537247,0.824454,34.2537,9.37805,0.382304,0.374576,0.355685,31.0989,167.226,1.70119,47.5993,346.545,-2863.08,38.8837,308.227,2329.91,0.126922,0
A,240,.,.,.,GLU,OE2,1930,237,52,6,91.374,-2.778,75.728,1.49,7.39128,0.630936,-0.0826082,0.771424,-4.89027,1,0.984558,0.824454,27.17,9.39975,0.584362,0.531881,0.484043,31.0989,167.226,1.70119,47.5993,346.545,-2863.08,38.8837,308.227,2329.91,0.144472,0
A,241,.,.,.,PHE,N,1931,238,107,13,89.135,-2.443,70.82,1.7,0,0,0,0,0,2,0.338599,0.791231,11.101,9.65153,2,2,2,30.0332,169.099,175.446,47.5993,346.545,-2863.08,38.8837,308.227,2329.91,2,0
A,241,.,.,.,PHE,CA,1932,238,101,13,88.278,-3.624,70.654,1.9,0,0,0,0,0,2,0.78198,0.791231,14.991,12.9812,2,2,2,30.0332,169.099,175.446,47.5993,346.545,-2863.08,38.8837,308.227,2329.91,2,0
A,241,.,.,.,PHE,C,1933,238,100,13,88.29,-4.196,69.231,1.75,0,0,0,0,0,2,0.824971,0.791231,11.4471,8.87798,2,2,2,30.0332,169.099,175.446,47.5993,346.545,-2863.08,38.8837,308.227,2329.91,2,0
A,241,.,.,.,PHE,O,1934,238,108,13,87.399,-4.946,68.847,1.49,0,0,0,0,0,2,0.789538,0.791231,16.6994,9.25533,2,2,2,30.0332,169.099,175.446,47.5993,346.545,-2863.08,38.8837,308.227,2329.91,2,0
A,241,.,.,.,PHE,CB,1935,238,102,13,86.843,-3.303,71.115,1.91,0,0,0,0,0,2,0.901483,0.791231,26.1269,17.6683,2,2,2,30.0332,169.099,175.446,47.5993,346.545,-2863.08,38.8837,308.227,2329.91,2,0
A,241,.,.,.,PHE,CG,1936,238,105,13,86.769,-2.877,72.551,1.74,0,0,0,0,0,3,0.937324,0.791231,6.87481,6.19129,2,2,2,30.0332,169.099,175.446,47.5993,346.545,-2863.08,38.8837,308.227,2329.91,2,0
A,241,.,.,.,PHE,CD1,1937,238,103,13,86.911,-3.809,73.55,1.82,0,0,0,0,0,2,0.946928,0.791231,22.1507,14.3153,2,2,2,30.0332,169.099,175.446,47.5993,346.545,-2863.08,38.8837,308.227,2329.91,2,0
A,241,.,.,.,PHE,CD2,1938,238,103,13,86.577,-1.544,72.898,1.82,0,0,0,0,0,2,0.835066,0.791231,19.4613,14.395,2,2,2,30.0332,169.099,175.446,47.5993,346.545,-2863.08,38.8837,308.227,2329.91,2,0
A,241,.,.,.,PHE,CE1,1939,238,104,13,86.884,-3.419,74.89,1.82,0,0,0,0,0,2,0.913356,0.791231,22.4556,14.0528,2,2,2,30.0332,169.099,175.446,47.5993,346.545,-2863.08,38.8837,308.227,2329.91,2,0
A,241,.,.,.,PHE,CE2,1940,238,104,13,86.533,-1.154,74.222,1.82,0,0,0,0,0,2,0.682068,0.791231,21.2762,13.9962,2,2,2,30.0332,169.099,175.446,47.5993,346.545,-2863.08,38.8837,308.227,2329.91,2,0
A,241,.,.,.,PHE,CZ,1941,238,106,13,86.693,-2.091,75.223,1.82,0,0,0,0,0,2,0.752229,0.791231,22.8724,14.0019,2,2,2,30.0332,169.099,175.446,47.5993,346.545,-2863.08,38.8837,308.227,2329.91,2,0
A,242,.,.,.,GLY,N,1942,239,55,7,89.327,-3.858,68.473,1.7,0,0,0,0,0,2,0.812373,0.555685,12.3429,9.77994,2,2,2,32.3747,182.757,-14.2296,47.5993,346.545,-2863.08,38.8837,308.227,2329.91,2,0
A,242,.,.,.,GLY,CA,1943,239,54,7,89.578,-4.463,67.18,1.9,5.92015,0.914865,-0.0695005,-0.397734,-0.173435,1,0.725262,0.555685,37.2026,18.9542,0.336911,0.334414,0.327684,32.3747,182.757,-14.2296,47.5993,346.545,-2863.08,38.8837,308.227,2329.91,0.158663,0
A,242,.,.,.,GLY,C,1944,239,53,7,89.2,-3.645,65.967,1.75,0.983426,0.975365,0.118022,-0.186372,1.09167,1,0.342561,0.555685,13.8811,8.81734,0.347314,0.344835,0.333434,32.3747,182.757,-14.2296,47.5993,346.545,-2863.08,38.8837,308.227,2329.91,0.119858,0
A,242,.,.,.,GLY,O,1945,239,56,7,89.338,-4.123,64.856,1.49,21.8606,0.614261,-0.40056,-0.679879,3.20665,1,0.342545,0.555685,38.777,9.26858,0.32885,0.327026,0.319621,32.3747,182.757,-14.2296,47.5993,346.545,-2863.08,38.8837,308.227,2329.91,0.083673,0
A,243,.,.,.,GLY,N,1946,240,55,7,88.742,-2.417,66.17,1.7,0,0,0,0,0,2,0.706726,0.407598,12.5926,9.91514,2,2,2,33.3628,202.934,102.145,47.5993,346.545,-2863.08,38.8837,308.227,2329.91,2,0
A,243,.,.,.,GLY,CA,1947,240,54,7,88.273,-1.57,65.081,1.9,0.00915205,0.439264,-0.346707,-0.828759,-0.000268117,1,0.441635,0.407598,25.4782,18.7162,0.730608,2,2,33.3628,202.934,102.145,47.5993,346.545,-2863.08,38.8837,308.227,2329.91,2,0
A,243,.,.,.,GLY,C,1948,240,53,7,89.257,-0.484,64.718,1.75,0.0281826,0.405056,-0.651758,-0.641203,0.0312846,1,0.251092,0.407598,11.184,8.82846,0.414777,0.41012,0.394915,33.3628,202.934,102.145,47.5993,346.545,-2863.08,38.8837,308.227,2329.91,2,0
A,243,.,.,.,GLY,O,1949,240,56,7,90.456,-0.633,64.94,1.49,9.90972,0.822538,-0.444368,-0.35492,1.45362,1,0.230938,0.407598,25.536,9.26197,0.114226,0.113629,0.111069,33.3628,202.934,102.145,47.5993,346.545,-2863.08,38.8837,308.227,2329.91,0.0968638,0
A,244,.,.,.,THR,N,1950,241,126,16,88.748,0.612,64.162,1.7,0,0,0,0,0,2,0.216831,0.177174,10.9212,9.47879,2,2,2,35.3662,212.779,7.1684,47.5993,346.545,-2863.08,38.8837,308.227,2329.91,2,0
A,244,.,.,.,THR,CA,1951,241,123,16,89.601,1.707,63.711,1.9,0.768093,0.98815,-0.0193024,-0.152272,0.74884,1,0.120955,0.177174,16.2438,12.1473,0.0515658,0.0513966,0.0507986,35.3662,212.779,7.1684,47.5993,346.545,-2863.08,38.8837,308.227,2329.91,0.0661749,0
A,244,.,.,.,THR,C,1952,241,122,16,89.271,3.061,64.344,1.75,0.0130437,-0.540783,0.640454,-0.545319,0.025104,1,0.201713,0.177174,10.472,8.68973,0.449459,0.449217,0.447933,35.3662,212.779,7.1684,47.5993,346.545,-2863.08,38.8837,308.227,2329.91,0.0717129,0
A,244,.,.,.,THR,O,1953,241,127,16,89.919,4.054,64.015,1.49,17.2109,0.316833,0.724311,-0.612364,7.95853,1,0.182807,0.177174,31.9544,9.23526,0.0938647,0.0938221,0.0924526,35.3662,212.779,7.1684,47.5993,346.545,-2863.08,38.8837,308.227,2329.91,0.0668322,0
A,244,.,.,.,THR,CB,1954,241,124,16,89.534,1.855,62.176,2.01,17.8757,0.635843,0.584698,-0.503817,0.806903,1,0.121351,0.177174,38.4722,16.8299,0.0319188,0.0318806,0.0315307,35.3662,212.779,7.1684,47.5993,346.545,-2863.08,38.8837,308.227,2329.91,0.0596152,0
A,244,.,.,.,THR,OG1,1955,241,128,16,88.231,2.299,61.809,1.54,6.6213,-0.146439,0.945611,-0.290475,-0.395101,1,0.224128,0.177174,21.9076,9.5325,0.0571056,0.0570654,0.0563474,35.3662,212.779,7.1684,47.5993,346.545,-2863.08,38.8837,308.227,2329.91,0.0781931,0
A,244,.,.,.,THR,CG2,1956,241,125,16,89.812,0.518,61.502,1.92,39.2466,0.706651,-0.393607,-0.587978,-6.47691,1,0.172432,0.177174,69.71,22.2101,0.0250895,0.0250575,0.0246076,35.3662,212.779,7.1684,47.5993,346.545,-2863.08,38.8837,308.227,2329.91,0.0646632,0
A,245,.,.,.,MET,N,1957,242,97,12,88.282,3.116,65.244,1.7,0,0,0,0,0,2,0.152452,0.263762,13.1631,9.92228,2,2,2,34.1264,212.977,216.267,47.5993,346.545,-2863.08,38.8837,308.227,2329.91,2,0
A,245,.,.,.,MET,CA,1958,242,93,12,87.905,4.376,65.864,1.9,5.44756,-0.125817,0.723846,-0.678393,7.12143,1,0.128415,0.263762,21.898,12.6629,0.502911,0.502579,0.502513,34.1264,212.977,216.267,47.5993,346.545,-2863.08,38.8837,308.227,2329.91,0.0884999,0
A,245,.,.,.,MET,C,1959,242,92,12,88.913,4.763,66.941,1.75,0,0,0,0,0,2,0.172182,0.263762,9.3718,8.64685,2,2,2,34.1264,212.977,216.267,47.5993,346.545,-2863.08,38.8837,308.227,2329.91,2,0
A,245,.,.,.,MET,O,1960,242,98,12,89.376,3.919,67.712,1.49,0,0,0,0,0,2,0.253024,0.263762,13.5023,9.26847,2,2,2,34.1264,212.977,216.267,47.5993,346.545,-2863.08,38.8837,308.227,2329.91,2,0
A,245,.,.,.,MET,CB,1961,242,94,12,86.533,4.299,66.525,1.91,0.502073,-0.0384858,0.974452,-0.221274,0.322459,1,0.433652,0.263762,21.5704,15.9096,0.531068,0.530744,0.531955,34.1264,212.977,216.267,47.5993,346.545,-2863.08,38.8837,308.227,2329.91,0.116082,0
A,245,.,.,.,MET,CG,1962,242,96,12,85.339,4.271,65.597,1.92,10.8125,0.0100079,0.830254,-0.557295,6.06297,1,0.163494,0.263762,36.3345,18.011,0.525473,0.52492,0.524313,34.1264,212.977,216.267,47.5993,346.545,-2863.08,38.8837,308.227,2329.91,0.122197,0
A,245,.,.,.,MET,SD,1963,242,99,12,83.831,4.222,66.587,1.94,6.45153,-0.571579,0.674977,-0.466587,3.49996,1,0.463328,0.263762,39.5308,21.0133,0.535386,0.533357,0.530782,34.1264,212.977,216.267,47.5993,346.545,-2863.08,38.8837,308.227,2329.91,0.154424,0
A,245,.,.,.,MET,CE,1964,242,95,12,84.174,5.53,67.743,1.8,11.4125,0.061034,0.932556,-0.35583,3.17717,1,0.343553,0.263762,47.1402,19.0965,0.538893,0.532796,0.530013,34.1264,212.977,216.267,47.5993,346.545,-2863.08,38.8837,308.227,2329.91,0.246177,0
A,246,.,.,.,THR,N,1965,243,126,16,89.24,6.047,66.982,1.7,3.3778,-0.226757,0.541699,-0.809409,5.49954,1,0.253755,0.138998,18.359,9.69685,0.509981,0.509731,0.510194,34.5847,202.417,-27.2061,47.5993,346.545,-2863.08,38.8837,308.227,2329.91,0.0755252,0
A,246,.,.,.,THR,CA,1966,243,123,16,90.059,6.619,68.03,1.9,0,0,0,0,0,2,0.188766,0.138998,14.2512,12.0527,2,2,2,34.5847,202.417,-27.2061,47.5993,346.545,-2863.08,38.8837,308.227,2329.91,2,0
A,246,.,.,.,THR,C,1967,243,122,16,89.442,7.908,68.547,1.75,0,0,0,0,0,2,0.151954,0.138998,10.13,8.60319,2,2,2,34.5847,202.417,-27.2061,47.5993,346.545,-2863.08,38.8837,308.227,2329.91,2,0
A,246,.,.,.,THR,O,1968,243,127,16,88.52,8.464,67.929,1.49,21.6039,-0.735875,0.475298,-0.482265,9.98991,1,0.219939,0.138998,37.2248,9.35325,0.514393,0.510148,0.510502,34.5847,202.417,-27.2061,47.5993,346.545,-2863.08,38.8837,308.227,2329.91,0.0957585,0
A,246,.,.,.,THR,CB,1969,243,124,16,91.466,6.969,67.523,2.01,0,0,0,0,0,2,0.0767794,0.138998,19.3238,16.7441,2,2,2,34.5847,202.417,-27.2061,47.5993,346.545,-2863.08,38.8837,308.227,2329.91,2,0
A,246,.,.,.,THR,OG1,1970,243,128,16,91.405,8.099,66.631,1.54,19.5651,0.0046252,0.402577,-0.915374,-1.16748,1,0.00794286,0.138998,33.0365,9.58827,0.0878813,0.0877473,0.0873905,34.5847,202.417,-27.2061,47.5993,346.545,-2863.08,38.8837,308.227,2329.91,0.0659066,0
A,246,.,.,.,THR,CG2,1971,243,125,16,92.117,5.756,66.832,1.92,19.4126,0.713267,-0.0158574,-0.700713,-3.20369,1,0.0738477,0.138998,55.1583,22.3298,0.0425205,0.0424054,0.0419195,34.5847,202.417,-27.2061,47.5993,346.545,-2863.08,38.8837,308.227,2329.91,0.0638738,0
A,247,.,.,.,ASP,N,1972,244,27,3,89.987,8.395,69.663,1.7,0,0,0,0,0,2,0.184451,0.21747,12.6072,9.83681,2,2,2,34.8408,196.276,15.0949,47.5993,346.545,-2863.08,38.8837,308.227,2329.91,2,0
A,247,.,.,.,ASP,CA,1973,244,24,3,89.748,9.774,70.106,1.9,0.875658,-0.994889,-0.0598481,-0.0813312,0.524722,1,0.381501,0.21747,18.0818,12.5987,0.829903,0.711206,2,34.8408,196.276,15.0949,47.5993,346.545,-2863.08,38.8837,308.227,2329.91,0.0975614,0
A,247,.,.,.,ASP,C,1974,244,23,3,90.365,10.76,69.099,1.75,0.193994,-0.51802,0.0716174,-0.852365,0.332962,1,0.097616,0.21747,11.3323,8.7199,0.54788,0.544876,0.543942,34.8408,196.276,15.0949,47.5993,346.545,-2863.08,38.8837,308.227,2329.91,0.0517275,0
A,247,.,.,.,ASP,O,1975,244,28,3,91.157,10.358,68.245,1.49,2.14562,-0.118732,0.192593,-0.974069,0.594437,1,0.0891945,0.21747,15.907,8.95789,0.506727,0.506104,0.506104,34.8408,196.276,15.0949,47.5993,346.545,-2863.08,38.8837,308.227,2329.91,0.0482604,0
A,247,.,.,.,ASP,CB,1976,244,25,3,90.374,10.021,71.481,1.91,1.81412,0.238841,0.71239,0.65989,-0.531884,1,0.0568603,0.21747,27.825,17.7081,0.795757,0.707552,2,34.8408,196.276,15.0949,47.5993,346.545,-2863.08,38.8837,308.227,2329.91,0.0929241,0
A,247,.,.,.,ASP,CG,1977,244,26,3,89.605,9.392,72.601,1.76,0.229149,0.393142,0.706649,0.588292,-0.0539107,1,0.214081,0.21747,13.6309,10.3496,0.808304,0.707552,2,34.8408,196.276,15.0949,47.5993,346.545,-2863.08,38.8837,308.227,2329.91,0.0998477,0
A,247,.,.,.,ASP,OD1,1978,244,29,3,88.349,9.43,72.565,1.49,0.245718,-0.653953,-0.252037,-0.713319,-0.124614,1,0.523163,0.21747,13.706,9.10395,0.907522,2,2,34.8408,196.276,15.0949,47.5993,346.545,-2863.08,38.8837,308.227,2329.91,2,0
A,247,.,.,.,ASP,OD2,1979,244,29,3,90.258,8.872,73.54,1.49,2.56881,0.429672,0.753505,0.497607,-1.30275,1,0.192893,0.21747,17.8824,9.18901,0.792083,0.707552,2,34.8408,196.276,15.0949,47.5993,346.545,-2863.08,38.8837,308.227,2329.91,0.129863,0
A,248,.,.,.,PRO,N,1980,245,114,14,90.015,12.054,69.199,1.7,0.259783,-0.65612,-0.224462,-0.720502,0.342287,1,0.275244,0.0893579,6.40402,5.41791,0.532486,0.529324,0.528571,37.7195,202.726,-11.564,47.5993,346.545,-2863.08,38.8837,308.227,2329.91,0.0529516,0
A,248,.,.,.,PRO,CA,1981,245,110,14,90.628,13.022,68.29,1.9,12.0006,-0.323575,-0.135768,-0.936411,6.56633,1,0.0414018,0.0893579,27.9055,12.9228,0.1073,0.107108,0.106915,37.7195,202.726,-11.564,47.5993,346.545,-2863.08,38.8837,308.227,2329.91,0.0357059,0
A,248,.,.,.,PRO,C,1982,245,109,14,92.153,13.065,68.396,1.75,0.801884,0.305105,0.939989,0.152747,1.47677,1,0.0170081,0.0893579,11.5157,8.68369,0.0325012,0.0323811,0.0321228,37.7195,202.726,-11.564,47.5993,346.545,-2863.08,38.8837,308.227,2329.91,0.0291709,0
A,248,.,.,.,PRO,O,1983,245,115,14,92.807,13.35,67.405,1.49,32.4774,0.36115,0.359018,-0.860626,10.1046,1,0.00560522,0.0893579,42.4454,9.28264,0.051784,0.0517335,0.0515868,37.7195,202.726,-11.564,47.5993,346.545,-2863.08,38.8837,308.227,2329.91,0.0289162,0
A,248,.,.,.,PRO,CB,1984,245,111,14,90.011,14.352,68.728,1.91,36.0541,0.172925,0.965831,-0.193046,-11.7408,1,0.0368192,0.0893579,54.8583,16.8725,0.142465,0.142394,0.14232,37.7195,202.726,-11.564,47.5993,346.545,-2863.08,38.8837,308.227,2329.91,0.0359584,0
A,248,.,.,.,PRO,CG,1985,245,113,14,88.679,13.965,69.266,1.92,43.4404,-0.851276,0.514066,-0.105195,-19.6554,1,0.0563264,0.0893579,61.0198,17.1774,0.175698,0.175536,0.175435,37.7195,202.726,-11.564,47.5993,346.545,-2863.08,38.8837,308.227,2329.91,0.0612777,0
A,248,.,.,.,PRO,CD,1986,245,112,14,88.933,12.673,69.99,1.92,8.3587,-0.979678,-0.197483,0.0351013,1.68829,1,0.193101,0.0893579,38.6126,18.143,0.431935,0.431427,0.431157,37.7195,202.726,-11.564,47.5993,346.545,-2863.08,38.8837,308.227,2329.91,0.0709153,0
A,249,.,.,.,ASP,N,1987,246,27,3,92.711,12.778,69.573,1.7,0.951373,-0.289599,0.723674,0.62644,1.20728,1,0.0555015,0.114585,15.8622,9.9084,0.00208687,0.00135604,0,38.5075,189.264,-328.64,47.5993,346.545,-2863.08,38.8837,308.227,2329.91,0.042561,0
A,249,.,.,.,ASP,CA,1988,246,24,3,94.177,12.739,69.746,1.9,9.88687,0.516133,0.71376,-0.473448,5.92453,1,0.00126294,0.114585,26.1239,13.019,0.0157443,0.015557,0.0150634,38.5075,189.264,-328.64,47.5993,346.545,-2863.08,38.8837,308.227,2329.91,0.0491992,0
A,249,.,.,.,ASP,C,1989,246,23,3,94.808,11.373,69.4,1.75,2.75859,0.433171,0.289918,-0.853411,4.73471,1,0.0514181,0.114585,13.3206,8.7289,0.00716234,0.00710997,0.00657861,38.5075,189.264,-328.64,47.5993,346.545,-2863.08,38.8837,308.227,2329.91,0.0457235,0
A,249,.,.,.,ASP,O,1990,246,28,3,95.994,11.157,69.652,1.49,28.9654,0.999495,-0.00544,-0.0313045,8.02478,1,0.0471635,0.114585,39.6267,9.3069,0.00321303,0.00318163,0.00286605,38.5075,189.264,-328.64,47.5993,346.545,-2863.08,38.8837,308.227,2329.91,0.0590866,0
A,249,.,.,.,ASP,CB,1991,246,25,3,94.569,13.16,71.177,1.91,36.1185,0.345027,0.911565,0.22362,-10.5896,1,0.623779,0.114585,56.6749,18.1349,0.0665187,0.0664302,0.0661925,38.5075,189.264,-328.64,47.5993,346.545,-2863.08,38.8837,308.227,2329.91,0.0667848,0
A,249,.,.,.,ASP,CG,1992,246,26,3,94.264,12.082,72.234,1.76,5.94411,-0.543628,0.0761003,0.835869,-1.39844,1,0.0158328,0.114585,22.1359,10.5748,0.0928747,0.0926899,0.0923824,38.5075,189.264,-328.64,47.5993,346.545,-2863.08,38.8837,308.227,2329.91,0.0705937,0
A,249,.,.,.,ASP,OD1,1993,246,29,3,93.664,11.026,71.921,1.49,0.145077,-0.526282,-0.00808426,0.850271,-0.0735747,1,0.0074693,0.114585,13.8601,9.12517,0.585783,0.52226,2,38.5075,189.264,-328.64,47.5993,346.545,-2863.08,38.8837,308.227,2329.91,0.0799528,0
A,249,.,.,.,ASP,OD2,1994,246,29,3,94.628,12.306,73.407,1.49,41.7782,0.262678,0.22499,0.938286,-21.1875,1,0.11425,0.114585,49.8736,9.43087,0.081646,0.0815016,0.0812309,38.5075,189.264,-328.64,47.5993,346.545,-2863.08,38.8837,308.227,2329.91,0.0838975,0
A,250,.,.,.,GLY,N,1995,247,55,7,94.021,10.474,68.809,1.7,0.625596,0.180665,0.318827,-0.930435,0.556688,1,0.0539215,0.0836678,13.8311,9.79168,0.0113203,0.0112263,0.0109875,37.5629,192.77,-387.037,47.5993,346.545,-2863.08,38.8837,308.227,2329.91,0.0387246,0
A,250,.,.,.,GLY,CA,1996,247,54,7,94.496,9.163,68.378,1.9,23.9723,0.576103,-0.000250395,-0.817377,-0.702288,1,0.106591,0.0836678,49.0686,19.0471,0.0235288,0.0234531,0.0229814,37.5629,192.77,-387.037,47.5993,346.545,-2863.08,38.8837,308.227,2329.91,0.0589029,0
A,250,.,.,.,GLY,C,1997,247,53,7,94.436,8.075,69.436,1.75,2.44434,0.95875,0.0226491,0.283346,2.71339,1,0.0825667,0.0836678,13.3907,8.79124,0.0285482,0.0284289,0.027249,37.5629,192.77,-387.037,47.5993,346.545,-2863.08,38.8837,308.227,2329.91,0.0628824,0
A,250,.,.,.,GLY,O,1998,247,56,7,94.82,6.948,69.171,1.49,14.1262,0.843558,-0.355634,-0.40241,2.07211,1,0.0915923,0.0836678,28.0602,9.15781,0.0232289,0.0231275,0.0225065,37.5629,192.77,-387.037,47.5993,346.545,-2863.08,38.8837,308.227,2329.91,0.0762278,0
A,251,.,.,.,ASN,N,1999,248,19,2,93.931,8.377,70.63,1.7,0.432906,0.903204,0.239141,0.356418,0.591661,1,0.122572,0.215388,14.0816,10.0144,0.479235,0.474447,2,35.027,178.876,-297.104,47.5993,346.545,-2863.08,38.8837,308.227,2329.91,0.0650409,0
A,251,.,.,.,ASN,CA,2000,248,16,2,93.879,7.345,71.674,1.9,4.77912,0.96309,0.19949,0.180726,3.58383,1,0.180944,0.215388,19.654,12.302,0.00278596,0.00257924,0,35.027,178.876,-297.104,47.5993,346.545,-2863.08,38.8837,308.227,2329.91,0.0873741,0
A,251,.,.,.,ASN,C,2001,248,15,2,92.986,6.17,71.246,1.75,0,0,0,0,0,2,0.196045,0.215388,9.40054,8.61864,2,2,2,35.027,178.876,-297.104,47.5993,346.545,-2863.08,38.8837,308.227,2329.91,2,0
A,251,.,.,.,ASN,O,2002,248,21,2,91.801,6.372,70.998,1.49,0,0,0,0,0,2,0.153175,0.215388,13.1744,9.24696,2,2,2,35.027,178.876,-297.104,47.5993,346.545,-2863.08,38.8837,308.227,2329.91,2,0
A,251,.,.,.,ASN,CB,2003,248,17,2,93.383,7.928,72.991,1.91,2.41688,0.809376,0.527755,0.257653,-0.382101,1,0.106005,0.215388,28.999,17.5239,0.00999054,0.00729048,0,35.027,178.876,-297.104,47.5993,346.545,-2863.08,38.8837,308.227,2329.91,0.110346,0
A,251,.,.,.,ASN,CG,2004,248,18,2,93.645,7.005,74.177,1.81,2.2355,0.976933,-0.213534,0.00216969,-0.265695,1,0.133634,0.215388,18.1319,11.0897,0.0245635,0.0243059,0.0233218,35.027,178.876,-297.104,47.5993,346.545,-2863.08,38.8837,308.227,2329.91,0.106686,0
A,251,.,.,.,ASN,OD1,2005,248,22,2,93.409,5.782,74.128,1.52,2.77286,0.743051,-0.465598,0.480722,-0.965281,1,0.435956,0.215388,18.2385,9.44245,0.53537,0.506767,2,35.027,178.876,-297.104,47.5993,346.545,-2863.08,38.8837,308.227,2329.91,0.112413,0
A,251,.,.,.,ASN,ND2,2006,248,20,2,94.12,7.59,75.259,1.62,29.6259,0.871094,0.160331,0.464208,-14.2178,1,0.394775,0.215388,47.2775,12.7193,0.0414102,0.0412395,0.0407278,35.027,178.876,-297.104,47.5993,346.545,-2863.08,38.8837,308.227,2329.91,0.117927,0
A,252,.,.,.,PRO,N,2007,249,114,14,93.542,4.939,71.182,1.7,0,0,0,0,0,2,0.174064,0.352421,5.80998,5.4235,2,2,2,33.5744,180.285,-205.342,47.5993,346.545,-2863.08,38.8837,308.227,2329.91,2,0
A,252,.,.,.,PRO,CA,2008,249,110,14,92.767,3.778,70.714,1.9,0,0,0,0,0,2,0.221166,0.352421,17.9779,13.0914,2,2,2,33.5744,180.285,-205.342,47.5993,346.545,-2863.08,38.8837,308.227,2329.91,2,0
A,252,.,.,.,PRO,C,2009,249,109,14,91.615,3.355,71.619,1.75,0,0,0,0,0,2,0.431279,0.352421,11.0938,8.79685,2,2,2,33.5744,180.285,-205.342,47.5993,346.545,-2863.08,38.8837,308.227,2329.91,2,0
A,252,.,.,.,PRO,O,2010,249,115,14,90.733,2.596,71.187,1.49,0,0,0,0,0,2,0.34531,0.352421,14.1573,9.29581,2,2,2,33.5744,180.285,-205.342,47.5993,346.545,-2863.08,38.8837,308.227,2329.91,2,0
A,252,.,.,.,PRO,CB,2011,249,111,14,93.814,2.665,70.636,1.91,5.35635,0.74458,-0.335071,-0.577346,-1.74426,1,0.537946,0.352421,32.1655,16.5766,0.0162167,0.0160426,0.0155862,33.5744,180.285,-205.342,47.5993,346.545,-2863.08,38.8837,308.227,2329.91,0.101301,0
A,252,.,.,.,PRO,CG,2012,249,113,14,94.876,3.066,71.584,1.92,34.0805,0.80249,-0.549302,0.232973,-15.4203,1,0.615848,0.352421,55.8178,17.0606,0.00484409,0.00474393,0.00442111,33.5744,180.285,-205.342,47.5993,346.545,-2863.08,38.8837,308.227,2329.91,0.107578,0
A,252,.,.,.,PRO,CD,2013,249,112,14,94.912,4.557,71.576,1.92,19.9867,0.973178,0.204419,0.105532,4.03692,1,0.141331,0.352421,44.109,18.1437,0.00469555,0.00460301,0.00423317,33.5744,180.285,-205.342,47.5993,346.545,-2863.08,38.8837,308.227,2329.91,0.0998497,0
A,253,.,.,.,LYS,N,2014,250,89,11,91.604,3.849,72.858,1.7,0,0,0,0,0,2,0.388718,0.705214,11.5648,9.70616,2,2,2,31.1167,167.495,27.267,47.5993,346.545,-2863.08,38.8837,308.227,2329.91,2,0
A,253,.,.,.,LYS,CA,2015,250,84,11,90.544,3.501,73.811,1.9,0,0,0,0,0,2,0.772684,0.705214,15.5377,12.854,2,2,2,31.1167,167.495,27.267,47.5993,346.545,-2863.08,38.8837,308.227,2329.91,2,0
A,253,.,.,.,LYS,C,2016,250,83,11,89.251,4.309,73.647,1.75,0,0,0,0,0,2,0.486806,0.705214,10.7082,8.72173,2,2,2,31.1167,167.495,27.267,47.5993,346.545,-2863.08,38.8837,308.227,2329.91,2,0
A,253,.,.,.,LYS,O,2017,250,91,11,88.232,3.929,74.204,1.49,0,0,0,0,0,2,0.756513,0.705214,13.8403,8.95989,2,2,2,31.1167,167.495,27.267,47.5993,346.545,-2863.08,38.8837,308.227,2329.91,2,0
A,253,.,.,.,LYS,CB,2018,250,85,11,91.077,3.643,75.249,1.91,0,0,0,0,-0,2,0.604831,0.705214,20.4681,16.3688,2,2,2,31.1167,167.495,27.267,47.5993,346.545,-2863.08,38.8837,308.227,2329.91,2,0
A,253,.,.,.,LYS,CG,2019,250,88,11,92.018,2.534,75.66,1.92,1.89148,0.985483,0.0166377,-0.168957,-0.385234,1,0.868068,0.705214,30.2357,16.8756,0.654661,0.627859,2,31.1167,167.495,27.267,47.5993,346.545,-2863.08,38.8837,308.227,2329.91,0.126347,0
A,253,.,.,.,LYS,CD,2020,250,86,11,92.3,2.604,77.164,1.92,14.0128,0.690869,0.546779,0.473005,-7.5854,1,0.547664,0.705214,40.1518,17.0967,0.445964,0.445464,0.438707,31.1167,167.495,27.267,47.5993,346.545,-2863.08,38.8837,308.227,2329.91,0.142875,0
A,253,.,.,.,LYS,CE,2021,250,87,11,92.473,1.237,77.797,1.88,15.6076,0.13092,-0.295161,0.946435,-10.5061,1,0.953204,0.705214,42.6082,17.3365,0.264933,0.263688,0.256186,31.1167,167.495,27.267,47.5993,346.545,-2863.08,38.8837,308.227,2329.91,0.142062,0
A,253,.,.,.,LYS,NZ,2022,250,90,11,93.824,0.694,77.497,1.67,43.9834,0.931228,-0.271799,0.242774,-37.0633,1,0.968442,0.705214,59.7838,14.4374,0.0338978,0.033755,0.0322615,31.1167,167.495,27.267,47.5993,346.545,-2863.08,38.8837,308.227,2329.91,0.137011,0
A,254,.,.,.,CYS,N,2023,251,33,4,89.276,5.411,72.889,1.7,0,0,0,0,0,2,0.112981,0.221253,13.7582,10.044,2,2,2,31.4758,181.605,200.191,47.5993,346.545,-2863.08,38.8837,308.227,2329.91,2,0
A,254,.,.,.,CYS,CA,2024,251,31,4,88.08,6.255,72.723,1.9,0,0,0,0,0,2,0.148999,0.221253,15.7498,12.8609,2,2,2,31.4758,181.605,200.191,47.5993,346.545,-2863.08,38.8837,308.227,2329.91,2,0
A,254,.,.,.,CYS,C,2025,251,30,4,87.54,6.742,74.094,1.75,0,0,0,0,0,2,0.269472,0.221253,10.7151,8.96533,2,2,2,31.4758,181.605,200.191,47.5993,346.545,-2863.08,38.8837,308.227,2329.91,2,0
A,254,.,.,.,CYS,O,2026,251,34,4,86.339,6.638,74.395,1.49,0,0,0,0,0,2,0.314988,0.221253,13.0108,9.04102,2,2,2,31.4758,181.605,200.191,47.5993,346.545,-2863.08,38.8837,308.227,2329.91,2,0
A,254,.,.,.,CYS,CB,2027,251,32,4,87.017,5.516,71.906,1.91,1.33001,-0.363391,0.817949,-0.445989,1.28173,1,0.26538,0.221253,31.9699,18.0694,0.953265,2,2,31.4758,181.605,200.191,47.5993,346.545,-2863.08,38.8837,308.227,2329.91,2,0
A,254,.,.,.,CYS,SG,2028,251,35,4,87.533,5.19,70.212,1.88,0.757594,-0.489483,0.861371,-0.13582,0.793792,1,0.215698,0.221253,36.4856,23.0784,0.949905,2,2,31.4758,181.605,200.191,47.5993,346.545,-2863.08,38.8837,308.227,2329.91,2,0
A,255,.,.,.,LEU,N,2029,252,81,10,88.463,7.286,74.899,1.7,0,0,0,0,0,2,0.229775,0.117556,11.2901,9.57597,2,2,2,30.9791,164.923,159.153,47.5993,346.545,-2863.08,38.8837,308.227,2329.91,2,0
A,255,.,.,.,LEU,CA,2030,252,76,10,88.191,7.815,76.244,1.9,0,0,0,0,0,2,0.132519,0.117556,15.5113,12.7762,2,2,2,30.9791,164.923,159.153,47.5993,346.545,-2863.08,38.8837,308.227,2329.91,2,0
A,255,.,.,.,LEU,C,2031,252,75,10,87.176,8.941,76.286,1.75,0.556943,0.387966,0.843557,0.371342,1.18648,1,0.154925,0.117556,10.8698,8.5796,0.678027,0.676783,0.485873,30.9791,164.923,159.153,47.5993,346.545,-2863.08,38.8837,308.227,2329.91,0.178815,0
A,255,.,.,.,LEU,O,2032,252,82,10,86.542,9.17,77.327,1.49,20.9211,-0.182288,0.453688,0.872318,16.0446,1,0.0600281,0.117556,35.2173,9.35301,0.686512,0.686575,0.631153,30.9791,164.923,159.153,47.5993,346.545,-2863.08,38.8837,308.227,2329.91,0.325618,0
A,255,.,.,.,LEU,CB,2033,252,77,10,89.481,8.331,76.897,1.91,13.2357,0.0332775,0.860422,0.508494,13.4757,1,0.0307967,0.117556,35.6384,15.4679,0.612987,0.592772,0.522185,30.9791,164.923,159.153,47.5993,346.545,-2863.08,38.8837,308.227,2329.91,0.165381,0
A,255,.,.,.,LEU,CG,2034,252,80,10,90.606,7.327,77.122,2.01,0,0,0,0,0,2,0.107116,0.117556,18.8137,14.0992,2,2,2,30.9791,164.923,159.153,47.5993,346.545,-2863.08,38.8837,308.227,2329.91,2,0
A,255,.,.,.,LEU,CD1,2035,252,78,10,91.78,8.035,77.745,1.92,46.1339,0.518825,0.516834,0.680957,31.4161,1,0.0909761,0.117556,73.8541,22.0366,0.484417,0.483443,0.474711,30.9791,164.923,159.153,47.5993,346.545,-2863.08,38.8837,308.227,2329.91,0.147538,0
A,255,.,.,.,LEU,CD2,2036,252,79,10,90.13,6.176,77.996,1.92,13.6546,0.117314,0.103224,0.987716,7.24302,1,0.13431,0.117556,47.9461,21.9093,0.664941,0.661746,0.622232,30.9791,164.923,159.153,47.5993,346.545,-2863.08,38.8837,308.227,2329.91,0.171976,0
A,256,.,.,.,THR,N,2037,253,126,16,87.019,9.661,75.18,1.7,0.000494315,0.574247,0.621489,0.532909,0.000804813,1,0.132246,0.122439,12.2631,9.64888,0.51813,0.512951,0.485873,32.0135,176.518,370.831,47.5993,346.545,-2863.08,38.8837,308.227,2329.91,0.11686,0
A,256,.,.,.,THR,CA,2038,253,123,16,85.976,10.681,75.104,1.9,7.5642,-0.000767766,0.628336,0.777942,7.37459,1,0.132608,0.122439,22.9905,12.1463,0.608329,0.608684,0.600867,32.0135,176.518,370.831,47.5993,346.545,-2863.08,38.8837,308.227,2329.91,0.216289,0
A,256,.,.,.,THR,C,2039,253,122,16,84.571,10.063,75.084,1.75,0.592699,-0.258247,-0.0109869,0.966016,1.14071,1,0.0767208,0.122439,11.9286,8.69173,0.686488,0.686749,0.662323,32.0135,176.518,370.831,47.5993,346.545,-2863.08,38.8837,308.227,2329.91,0.326752,0
A,256,.,.,.,THR,O,2040,253,127,16,83.602,10.783,75.278,1.49,29.677,-0.654022,0.626844,0.423463,13.723,1,0.129975,0.122439,39.9927,9.26873,0.641425,0.641381,0.625728,32.0135,176.518,370.831,47.5993,346.545,-2863.08,38.8837,308.227,2329.91,0.272655,0
A,256,.,.,.,THR,CB,2041,253,124,16,86.129,11.619,73.879,2.01,17.4356,-0.603238,0.780995,-0.161712,0.787034,1,0.0578447,0.122439,38.185,16.8472,0.454806,0.454479,0.45272,32.0135,176.518,370.831,47.5993,346.545,-2863.08,38.8837,308.227,2329.91,0.157694,0
A,256,.,.,.,THR,OG1,2042,253,128,16,86.005,10.868,72.67,1.54,9.38121,-0.353665,0.0747391,-0.932381,-0.559789,1,0.292893,0.122439,28.245,9.53027,0.627017,0.618828,0.617782,32.0135,176.518,370.831,47.5993,346.545,-2863.08,38.8837,308.227,2329.91,0.264027,0
A,256,.,.,.,THR,CG2,2043,253,125,16,87.461,12.338,73.885,1.92,39.392,0.403457,0.814455,0.416995,-6.5009,1,0.0347885,0.122439,69.4089,22.2821,0.413974,0.413713,0.413019,32.0135,176.518,370.831,47.5993,346.545,-2863.08,38.8837,308.227,2329.91,0.108009,0
A,257,.,.,.,LYS,N,2044,254,89,11,84.451,8.754,74.819,1.7,0,0,0,0,0,2,0.389031,0.556781,11.8669,9.68056,2,2,2,29.9361,177.02,690.64,47.5993,346.545,-2863.08,38.8837,308.227,2329.91,2,0
A,257,.,.,.,LYS,CA,2045,254,84,11,83.154,8.076,74.887,1.9,4.52818,-0.814617,0.4764,0.330819,2.90647,1,0.298974,0.556781,21.3614,12.6537,0.794871,0.800767,2,29.9361,177.02,690.64,47.5993,346.545,-2863.08,38.8837,308.227,2329.91,0.410202,0
A,257,.,.,.,LYS,C,2046,254,83,11,83.04,6.993,75.948,1.75,2.65965,0.00150418,0.601401,0.798946,4.52644,1,0.630091,0.556781,13.9647,8.76916,0.817206,0.828761,2,29.9361,177.02,690.64,47.5993,346.545,-2863.08,38.8837,308.227,2329.91,0.507324,0
A,257,.,.,.,LYS,O,2047,254,91,11,81.935,6.758,76.45,1.49,12.8326,-0.547688,0.648545,0.528609,2.34311,1,0.822225,0.556781,28.3689,9.36441,0.820236,0.829924,2,29.9361,177.02,690.64,47.5993,346.545,-2863.08,38.8837,308.227,2329.91,0.645514,0
A,257,.,.,.,LYS,CB,2048,254,85,11,82.765,7.513,73.523,1.91,0.272383,-0.886748,0.344153,0.308606,-0.0301531,1,0.650831,0.556781,25.6012,16.5412,0.737853,0.735706,2,29.9361,177.02,690.64,47.5993,346.545,-2863.08,38.8837,308.227,2329.91,0.462595,0
A,257,.,.,.,LYS,CG,2049,254,88,11,82.584,8.617,72.483,1.92,8.92009,-0.666379,0.69169,0.278395,-1.81674,1,0.395772,0.556781,36.6123,16.6251,0.678386,0.675534,0.665684,29.9361,177.02,690.64,47.5993,346.545,-2863.08,38.8837,308.227,2329.91,0.320333,0
A,257,.,.,.,LYS,CD,2050,254,86,11,82.033,8.094,71.174,1.92,3.69984,-0.684351,0.274278,-0.6756,-2.0028,1,0.581582,0.556781,33.2404,17.2361,0.757995,0.746031,0.744907,29.9361,177.02,690.64,47.5993,346.545,-2863.08,38.8837,308.227,2329.91,0.381525,0
A,257,.,.,.,LYS,CE,2051,254,87,11,81.654,9.255,70.257,1.88,37.9526,-0.340815,0.939565,0.032582,-25.5474,1,0.581084,0.556781,57.7528,17.2725,0.63985,0.636111,0.629538,29.9361,177.02,690.64,47.5993,346.545,-2863.08,38.8837,308.227,2329.91,0.353064,0
A,257,.,.,.,LYS,NZ,2052,254,90,11,81.514,8.852,68.831,1.67,43.2454,-0.310552,0.28066,-0.908178,-36.4414,1,0.661435,0.556781,62.3547,14.4975,0.584136,0.580616,0.578599,29.9361,177.02,690.64,47.5993,346.545,-2863.08,38.8837,308.227,2329.91,0.357085,0
A,258,.,.,.,ILE,N,2053,255,73,9,84.152,6.348,76.293,1.7,0.00617742,-0.0460003,0.665268,0.745186,0.0135525,1,0.206408,0.350584,12.4875,9.72628,0.713387,0.722735,2,28.1763,157.374,513.059,47.5993,346.545,-2863.08,38.8837,308.227,2329.91,0.448868,0
A,258,.,.,.,ILE,CA,2054,255,68,9,84.155,5.173,77.155,1.9,0,0,0,0,0,2,0.293463,0.350584,14.4752,11.9984,2,2,2,28.1763,157.374,513.059,47.5993,346.545,-2863.08,38.8837,308.227,2329.91,2,0
A,258,.,.,.,ILE,C,2055,255,67,9,85.064,5.43,78.361,1.75,0.557243,-0.31089,0.922132,0.230259,1.40369,1,0.112622,0.350584,11.8385,8.52892,0.74166,0.731988,2,28.1763,157.374,513.059,47.5993,346.545,-2863.08,38.8837,308.227,2329.91,0.466501,0
A,258,.,.,.,ILE,O,2056,255,74,9,86.221,5.816,78.221,1.49,0.367758,0.448675,0.664612,0.59748,0.348702,1,0.107111,0.350584,16.7346,9.33765,0.789196,2,2,28.1763,157.374,513.059,47.5993,346.545,-2863.08,38.8837,308.227,2329.91,0.271665,0
A,258,.,.,.,ILE,CB,2057,255,69,9,84.671,3.908,76.422,2.01,0,0,0,0,0,2,0.49261,0.350584,16.8409,13.9225,2,2,2,28.1763,157.374,513.059,47.5993,346.545,-2863.08,38.8837,308.227,2329.91,2,0
A,258,.,.,.,ILE,CG1,2058,255,71,9,83.807,3.584,75.205,1.92,0,0,0,0,0,2,0.45428,0.350584,24.7086,15.9688,2,2,2,28.1763,157.374,513.059,47.5993,346.545,-2863.08,38.8837,308.227,2329.91,2,0
A,258,.,.,.,ILE,CG2,2059,255,72,9,84.653,2.708,77.36,1.92,0,0,0,0,0,2,0.481304,0.350584,32.696,21.7752,2,2,2,28.1763,157.374,513.059,47.5993,346.545,-2863.08,38.8837,308.227,2329.91,2,0
A,258,.,.,.,ILE,CD1,2060,255,70,9,84.417,2.518,74.314,1.92,0,0,0,0,0,2,0.656876,0.350584,35.8617,22.9561,2,2,2,28.1763,157.374,513.059,47.5993,346.545,-2863.08,38.8837,308.227,2329.91,2,0
A,259,.,.,.,ASN,N,2061,256,19,2,84.508,5.213,79.549,1.7,1.46639,-0.437797,0.897603,-0.0514069,2.00415,1,0.60649,0.381499,14.4273,9.76483,0.819935,0.83391,2,27.7024,138.529,271.535,47.5993,346.545,-2863.08,38.8837,308.227,2329.91,0.698643,0
A,259,.,.,.,ASN,CA,2062,256,16,2,85.245,5.28,80.797,1.9,4.54226,0.598525,0.800829,-0.0209946,3.40621,1,0.122726,0.381499,22.3119,12.8021,0.764565,0.767666,2,27.7024,138.529,271.535,47.5993,346.545,-2863.08,38.8837,308.227,2329.91,0.448659,0
A,259,.,.,.,ASN,C,2063,256,15,2,85.749,3.878,81.138,1.75,0,0,0,0,0,2,0.566142,0.381499,10.0849,8.77047,2,2,2,27.7024,138.529,271.535,47.5993,346.545,-2863.08,38.8837,308.227,2329.91,2,0
A,259,.,.,.,ASN,O,2064,256,21,2,84.999,2.903,81.021,1.49,0,0,0,0,0,2,0.696042,0.381499,12.4035,9.11738,2,2,2,27.7024,138.529,271.535,47.5993,346.545,-2863.08,38.8837,308.227,2329.91,2,0
A,259,.,.,.,ASN,CB,2065,256,17,2,84.313,5.824,81.876,1.91,13.1767,-0.562304,0.79714,-0.219957,-2.0832,1,0.145196,0.381499,38.5365,17.5032,0.84734,0.86126,2,27.7024,138.529,271.535,47.5993,346.545,-2863.08,38.8837,308.227,2329.91,0.654714,0
A,259,.,.,.,ASN,CG,2066,256,18,2,85.009,6.069,83.196,1.81,1.21893,0.992333,0.123292,-0.00860067,-0.144873,1,0.289954,0.381499,17.2923,10.9898,0.810533,0.817145,2,27.7024,138.529,271.535,47.5993,346.545,-2863.08,38.8837,308.227,2329.91,0.462084,0
A,259,.,.,.,ASN,OD1,2067,256,22,2,85.328,5.128,83.904,1.52,0.0646748,0.944598,0.310769,0.105626,-0.0225144,1,0.330672,0.381499,14.8402,9.42193,0.728821,0.72795,2,27.7024,138.529,271.535,47.5993,346.545,-2863.08,38.8837,308.227,2329.91,0.259484,0
A,259,.,.,.,ASN,ND2,2068,256,20,2,85.22,7.343,83.546,1.62,18.1851,0.493652,0.7204,-0.487168,-8.72722,1,0.294772,0.381499,39.424,12.8105,0.820133,0.825629,2,27.7024,138.529,271.535,47.5993,346.545,-2863.08,38.8837,308.227,2329.91,0.571666,0
A,260,.,.,.,TYR,N,2069,257,150,18,87.022,3.777,81.531,1.7,4.53754,0.619454,0.747513,0.239796,8.90815,1,0.0427463,0.32133,18.5578,9.84284,0.759229,0.768902,2,27.3738,127.831,159.799,47.5993,346.545,-2863.08,38.8837,308.227,2329.91,0.236686,0
A,260,.,.,.,TYR,CA,2070,257,144,18,87.649,2.485,81.805,1.9,0.0120133,0.552415,0.736079,0.391185,0.0184222,1,0.210796,0.32133,16.5734,12.8716,0.653765,0.652753,2,27.3738,127.831,159.799,47.5993,346.545,-2863.08,38.8837,308.227,2329.91,0.209271,0
A,260,.,.,.,TYR,C,2071,257,143,18,87.842,2.201,83.3,1.75,0.199776,0.782951,0.619262,0.0591859,0.435279,1,0.12785,0.32133,12.9503,8.84171,0.650538,0.650406,2,27.3738,127.831,159.799,47.5993,346.545,-2863.08,38.8837,308.227,2329.91,0.20088,0
A,260,.,.,.,TYR,O,2072,257,151,18,88.548,1.261,83.674,1.49,3.47206,0.998238,0.0524059,0.0278294,2.86618,1,0.0803429,0.32133,18.7925,9.08231,0.634768,0.635418,2,27.3738,127.831,159.799,47.5993,346.545,-2863.08,38.8837,308.227,2329.91,0.177681,0
A,260,.,.,.,TYR,CB,2073,257,145,18,88.962,2.338,81.042,1.91,18.9698,0.896402,0.243912,0.370095,17.4065,1,0.144041,0.32133,46.5404,17.823,0.63975,0.638815,0.622232,27.3738,127.831,159.799,47.5993,346.545,-2863.08,38.8837,308.227,2329.91,0.1759,0
A,260,.,.,.,TYR,CG,2074,257,148,18,88.722,2.159,79.534,1.74,0,0,0,0,0,2,0.44793,0.32133,7.63465,6.34555,2,2,2,27.3738,127.831,159.799,47.5993,346.545,-2863.08,38.8837,308.227,2329.91,2,0
A,260,.,.,.,TYR,CD1,2075,257,146,18,88.446,3.248,78.72,1.82,0,0,0,0,0,2,0.178858,0.32133,19.3028,14.209,2,2,2,27.3738,127.831,159.799,47.5993,346.545,-2863.08,38.8837,308.227,2329.91,2,0
A,260,.,.,.,TYR,CD2,2076,257,146,18,88.742,0.905,78.959,1.82,5.21856,0.547135,-0.79887,0.249898,3.94956,1,0.370168,0.32133,29.057,14.3237,0.940883,2,2,27.3738,127.831,159.799,47.5993,346.545,-2863.08,38.8837,308.227,2329.91,0.167298,0
A,260,.,.,.,TYR,CE1,2077,257,147,18,88.195,3.082,77.359,1.82,0,0,0,0,0,2,0.26539,0.32133,17.6641,14.1056,2,2,2,27.3738,127.831,159.799,47.5993,346.545,-2863.08,38.8837,308.227,2329.91,2,0
A,260,.,.,.,TYR,CE2,2078,257,147,18,88.521,0.726,77.613,1.82,0.344057,0.407718,-0.887022,0.216698,0.12262,1,0.572022,0.32133,25.7932,14.1402,0.940883,2,2,27.3738,127.831,159.799,47.5993,346.545,-2863.08,38.8837,308.227,2329.91,0.172241,0
A,260,.,.,.,TYR,CZ,2079,257,149,18,88.231,1.816,76.808,1.8,0,0,0,0,0,2,0.585484,0.32133,11.6854,9.815,2,2,2,27.3738,127.831,159.799,47.5993,346.545,-2863.08,38.8837,308.227,2329.91,2,0
A,260,.,.,.,TYR,OH,2080,257,152,18,88.024,1.61,75.463,1.54,0,0,0,0,-0,2,0.830328,0.32133,17.4757,10.7983,2,2,2,27.3738,127.831,159.799,47.5993,346.545,-2863.08,38.8837,308.227,2329.91,2,0
A,261,.,.,.,GLY,N,2081,258,55,7,87.191,2.987,84.152,1.7,0.628506,0.500633,0.84704,-0.17858,0.559278,1,0.296802,0.330925,14.0012,9.90357,0.726517,0.761818,2,26.8752,115.981,53.084,43.6453,284.752,-893.942,46.9772,360.792,-2870.07,0.234145,0
A,261,.,.,.,GLY,CA,2082,258,54,7,87.189,2.694,85.586,1.9,0,0,0,0,-0,2,0.406842,0.330925,29.6561,18.85,2,2,2,26.8752,115.981,53.084,43.6453,284.752,-893.942,46.9772,360.792,-2870.07,2,0
A,261,.,.,.,GLY,C,2083,258,53,7,88.556,2.886,86.201,1.75,0.0542952,0.804995,-0.0869014,-0.586883,0.0602715,1,0.363308,0.330925,12.0003,8.82145,0.65165,0.651495,0.630922,26.8752,115.981,53.084,43.6453,284.752,-893.942,46.9772,360.792,-2870.07,0.172331,0
A,261,.,.,.,GLY,O,2084,258,56,7,89.152,3.958,86.084,1.49,16.8687,0.647227,0.547296,-0.530627,2.4744,1,0.256749,0.330925,33.7894,9.35519,0.528923,0.527774,0.504953,26.8752,115.981,53.084,43.6453,284.752,-893.942,46.9772,360.792,-2870.07,0.180579,0
A,262,.,.,.,GLY,N,2085,259,55,7,89.058,1.839,86.845,1.7,0,0,0,0,0,2,0.203594,0.22507,14.0121,9.92989,2,2,2,27.9397,113.358,54.6762,43.6453,284.752,-893.942,46.9772,360.792,-2870.07,2,0
A,262,.,.,.,GLY,CA,2086,259,54,7,90.314,1.896,87.57,1.9,27.6272,0.88839,-0.150788,-0.433619,-0.80936,1,0.168237,0.22507,54.1475,18.8905,0.490619,0.489128,0.481148,27.9397,113.358,54.6762,43.6453,284.752,-893.942,46.9772,360.792,-2870.07,0.161246,0
A,262,.,.,.,GLY,C,2087,259,53,7,90.089,2.079,89.056,1.75,0.377969,0.00641287,-0.993641,0.112415,0.419572,1,0.192181,0.22507,13.7542,8.90225,0.545197,0.541846,0.534239,27.9397,113.358,54.6762,43.6453,284.752,-893.942,46.9772,360.792,-2870.07,0.160712,0
A,262,.,.,.,GLY,O,2088,259,56,7,88.966,2.351,89.521,1.49,0,0,0,0,0,2,0.336269,0.22507,18.8964,9.35474,2,2,2,27.9397,113.358,54.6762,43.6453,284.752,-893.942,46.9772,360.792,-2870.07,2,0
A,263,.,.,.,GLU,N,2089,260,50,6,91.168,1.93,89.806,1.7,11.2682,0.808704,-0.387037,-0.442946,14.4362,1,0.202644,0.486709,25.6094,10.0297,0.486576,0.48492,0.481148,28.5826,112.248,83.7517,43.6453,284.752,-893.942,46.9772,360.792,-2870.07,0.135052,0
A,263,.,.,.,GLU,CA,2090,260,46,6,91.115,2.011,91.275,1.9,1.12369,-0.108059,-0.987317,-0.11631,0.690332,1,0.327911,0.486709,17.8314,12.7691,0.482701,0.480675,0.477072,28.5826,112.248,83.7517,43.6453,284.752,-893.942,46.9772,360.792,-2870.07,0.12022,0
A,263,.,.,.,GLU,C,2091,260,45,6,90.748,3.415,91.744,1.75,0,0,0,0,0,2,0.209537,0.486709,9.98719,8.6137,2,2,2,28.5826,112.248,83.7517,43.6453,284.752,-893.942,46.9772,360.792,-2870.07,2,0
A,263,.,.,.,GLU,O,2092,260,51,6,91.37,4.4,91.352,1.49,9.95025,0.883833,0.31108,-0.349382,2.41783,1,0.330599,0.486709,26.9073,9.3309,0.446889,0.446343,0.445971,28.5826,112.248,83.7517,43.6453,284.752,-893.942,46.9772,360.792,-2870.07,0.123222,0
A,263,.,.,.,GLU,CB,2093,260,47,6,92.463,1.61,91.867,1.91,24.4695,0.750807,-0.298586,-0.589182,-5.4519,1,0.70911,0.486709,46.8156,16.9106,0.147968,0.146722,0.143534,28.5826,112.248,83.7517,43.6453,284.752,-893.942,46.9772,360.792,-2870.07,0.0950372,0
A,263,.,.,.,GLU,CG,2094,260,49,6,92.485,1.61,93.391,1.88,7.80605,-0.384049,-0.626191,0.678522,-3.01828,1,0.55702,0.486709,37.0043,16.6916,0.454284,0.451766,0.449127,28.5826,112.248,83.7517,43.6453,284.752,-893.942,46.9772,360.792,-2870.07,0.100299,0
A,263,.,.,.,GLU,CD,2095,260,48,6,93.781,1.094,93.956,1.76,9.3482,0.298868,-0.470461,0.830267,-4.05584,1,0.822943,0.486709,23.8478,10.5713,0.0569006,0.0567392,0.0562829,28.5826,112.248,83.7517,43.6453,284.752,-893.942,46.9772,360.792,-2870.07,0.076632,0
A,263,.,.,.,GLU,OE1,2096,260,52,6,94.18,-0.04,93.62,1.49,41.4269,0.474989,-0.879023,-0.0412864,-27.4092,1,0.995751,0.486709,48.7088,9.42473,0.0557952,0.0556831,0.0552797,28.5826,112.248,83.7517,43.6453,284.752,-893.942,46.9772,360.792,-2870.07,0.0808701,0
A,263,.,.,.,GLU,OE2,2097,260,52,6,94.384,1.828,94.75,1.49,43.5425,0.646832,0.419342,0.636994,-28.8089,1,0.224867,0.486709,50.5266,9.38405,0.048128,0.0480583,0.0476721,28.5826,112.248,83.7517,43.6453,284.752,-893.942,46.9772,360.792,-2870.07,0.0732225,0
A,264,.,.,.,VAL,N,2098,261,158,19,89.73,3.485,92.592,1.7,0,0,0,0,0,2,0.128221,0.263823,11.931,9.71199,2,2,2,28.9705,113.694,-120.637,43.6453,284.752,-893.942,46.9772,360.792,-2870.07,2,0
A,264,.,.,.,VAL,CA,2099,261,154,19,89.261,4.744,93.149,1.9,0,0,0,0,0,2,0.351466,0.263823,13.9764,11.6103,2,2,2,28.9705,113.694,-120.637,43.6453,284.752,-893.942,46.9772,360.792,-2870.07,2,0
A,264,.,.,.,VAL,C,2100,261,153,19,90.298,5.208,94.176,1.75,0,0,0,0,0,2,0.237267,0.263823,9.80691,8.42184,2,2,2,28.9705,113.694,-120.637,43.6453,284.752,-893.942,46.9772,360.792,-2870.07,2,0
A,264,.,.,.,VAL,O,2101,261,159,19,90.644,4.446,95.094,1.49,1.8669,0.556129,-0.492451,0.669487,1.54793,1,0.299804,0.263823,22.5872,9.2598,0.82572,2,2,28.9705,113.694,-120.637,43.6453,284.752,-893.942,46.9772,360.792,-2870.07,0.124792,0
A,264,.,.,.,VAL,CB,2102,261,155,19,87.9,4.577,93.831,2.01,0,0,0,0,0,2,0.33498,0.263823,18.0023,14.1877,2,2,2,28.9705,113.694,-120.637,43.6453,284.752,-893.942,46.9772,360.792,-2870.07,2,0
A,264,.,.,.,VAL,CG1,2103,261,156,19,87.503,5.858,94.581,1.92,0,0,0,0,0,2,0.261081,0.263823,31.6669,21.9578,2,2,2,28.9705,113.694,-120.637,43.6453,284.752,-893.942,46.9772,360.792,-2870.07,2,0
A,264,.,.,.,VAL,CG2,2104,261,157,19,86.799,4.215,92.836,1.92,0.00295075,-0.270001,-0.498373,-0.823847,0.00203639,1,0.233941,0.263823,34.4446,22.1876,0.996383,2,2,28.9705,113.694,-120.637,43.6453,284.752,-893.942,46.9772,360.792,-2870.07,2,0
A,265,.,.,.,PRO,N,2105,262,114,14,90.832,6.437,94.024,1.7,0,0,0,0,0,2,0.720582,0.550749,6.30227,5.51824,2,2,2,31.3859,118.957,-130.18,43.6453,284.752,-893.942,46.9772,360.792,-2870.07,2,0
A,265,.,.,.,PRO,CA,2106,262,110,14,91.756,6.91,95.055,1.9,8.1245,0.906824,-0.410633,-0.0951331,4.44546,1,0.437727,0.550749,26.1015,12.8878,0.00108674,0.000833589,0,31.3859,118.957,-130.18,43.6453,284.752,-893.942,46.9772,360.792,-2870.07,0.0850452,0
A,265,.,.,.,PRO,C,2107,262,109,14,91.104,6.969,96.433,1.75,0,0,0,0,0,2,0.493859,0.550749,9.57903,8.58157,2,2,2,31.3859,118.957,-130.18,43.6453,284.752,-893.942,46.9772,360.792,-2870.07,2,0
A,265,.,.,.,PRO,O,2108,262,115,14,89.93,7.34,96.574,1.49,0,0,0,0,0,2,0.486091,0.550749,13.284,9.23908,2,2,2,31.3859,118.957,-130.18,43.6453,284.752,-893.942,46.9772,360.792,-2870.07,2,0
A,265,.,.,.,PRO,CB,2109,262,111,14,92.127,8.328,94.585,1.91,17.5231,0.935634,0.319893,0.149189,-5.70628,1,0.656021,0.550749,41.63,16.9717,0.0732924,0.0732054,0.0727675,31.3859,118.957,-130.18,43.6453,284.752,-893.942,46.9772,360.792,-2870.07,0.0877753,0
A,265,.,.,.,PRO,CG,2110,262,113,14,91.932,8.287,93.099,1.92,25.0728,0.858005,0.258115,-0.444077,-11.3446,1,0.537667,0.550749,48.18,17.1917,0.0952307,0.0951273,0.0947566,31.3859,118.957,-130.18,43.6453,284.752,-893.942,46.9772,360.792,-2870.07,0.100815,0
A,265,.,.,.,PRO,CD,2111,262,112,14,90.779,7.356,92.873,1.92,0.00190239,0.595234,-0.191473,-0.780407,0.000384244,1,0.523293,0.550749,24.1899,18.1048,0.443014,0.441857,0.441031,31.3859,118.957,-130.18,43.6453,284.752,-893.942,46.9772,360.792,-2870.07,0.108577,0
A,266,.,.,.,LYS,N,2112,263,89,11,91.889,6.606,97.435,1.7,7.45703,0.9325,-0.312257,-0.181492,10.2636,1,0.470504,0.503625,22.4971,9.81398,0.00165857,0.00133931,0,32.057,123.224,-82.9573,43.6453,284.752,-893.942,46.9772,360.792,-2870.07,0.107808,0
A,266,.,.,.,LYS,CA,2113,263,84,11,91.42,6.576,98.804,1.9,0.146949,0.115877,-0.946681,-0.300612,0.0943212,1,0.540787,0.503625,16.0584,12.6738,0.00840765,0.006806,0,32.057,123.224,-82.9573,43.6453,284.752,-893.942,46.9772,360.792,-2870.07,0.137228,0
A,266,.,.,.,LYS,C,2114,263,83,11,90.83,7.909,99.268,1.75,0.00571349,0.307736,0.415394,0.856006,0.00972372,1,0.248397,0.503625,10.2655,8.55345,0.399078,0.375209,0.293408,32.057,123.224,-82.9573,43.6453,284.752,-893.942,46.9772,360.792,-2870.07,0.0883121,0
A,266,.,.,.,LYS,O,2115,263,91,11,89.939,7.924,100.124,1.49,4.79455,0.0280412,0.39702,0.917382,0.875437,1,0.339385,0.503625,19.3091,9.22788,0.642679,0.595204,2,32.057,123.224,-82.9573,43.6453,284.752,-893.942,46.9772,360.792,-2870.07,0.0869548,0
A,266,.,.,.,LYS,CB,2116,263,85,11,92.571,6.15,99.708,1.91,29.8506,0.949,-0.230487,-0.215117,-3.30449,1,0.428622,0.503625,49.2921,16.436,0.0214463,0.0213162,0.0206265,32.057,123.224,-82.9573,43.6453,284.752,-893.942,46.9772,360.792,-2870.07,0.120208,0
A,266,.,.,.,LYS,CG,2117,263,88,11,92.231,6.007,101.174,1.92,21.2232,0.753063,0.455161,0.475105,-4.32249,1,0.0451066,0.503625,42.6319,16.4692,0.0382709,0.0380701,0.0376587,32.057,123.224,-82.9573,43.6453,284.752,-893.942,46.9772,360.792,-2870.07,0.10105,0
A,266,.,.,.,LYS,CD,2118,263,86,11,91.182,4.962,101.455,1.92,4.01303,0.460087,-0.788636,-0.40789,-2.17234,1,0.814327,0.503625,28.1503,16.9448,0.529294,0.528504,0.526229,32.057,123.224,-82.9573,43.6453,284.752,-893.942,46.9772,360.792,-2870.07,0.110085,0
A,266,.,.,.,LYS,CE,2119,263,87,11,91.37,4.294,102.821,1.88,17.6133,0.582658,-0.811284,-0.0482553,-11.8562,1,0.788515,0.503625,43.413,17.3883,0.103358,0.102924,0.101226,32.057,123.224,-82.9573,43.6453,284.752,-893.942,46.9772,360.792,-2870.07,0.108184,0
A,266,.,.,.,LYS,NZ,2120,263,90,11,91.868,5.173,103.915,1.67,36.2147,0.591008,0.477809,0.649929,-30.5169,1,0.856981,0.503625,52.688,14.1956,0.0912676,0.0911691,0.0909583,32.057,123.224,-82.9573,43.6453,284.752,-893.942,46.9772,360.792,-2870.07,0.107684,0
A,267,.,.,.,SER,N,2121,264,119,15,91.304,9.015,98.696,1.7,3.76847,0.982107,0.0962294,0.16188,4.58532,1,0.392085,0.268268,18.0962,9.87165,0.00142139,0.00130681,0.000661224,33.6962,121.846,-303.769,43.6453,284.752,-893.942,46.9772,360.792,-2870.07,0.0932006,0
A,267,.,.,.,SER,CA,2122,264,117,15,90.78,10.354,99.025,1.9,12.5277,0.285357,0.176711,0.94199,6.98381,1,0.0467781,0.268268,28.3713,13.0993,0.0626386,0.0625022,0.0621288,33.6962,121.846,-303.769,43.6453,284.752,-893.942,46.9772,360.792,-2870.07,0.0836294,0
A,267,.,.,.,SER,C,2123,264,116,15,89.27,10.521,98.777,1.75,0.26254,-0.201892,0.819953,-0.535646,0.455893,1,0.242,0.268268,11.971,8.78778,0.113988,0.113758,0.111384,33.6962,121.846,-303.769,43.6453,284.752,-893.942,46.9772,360.792,-2870.07,0.0847435,0
A,267,.,.,.,SER,O,2124,264,120,15,88.666,11.43,99.327,1.49,29.0544,-0.305109,0.849657,0.430107,8.74983,1,0.0774315,0.268268,41.0865,9.27032,0.115217,0.114952,0.111384,33.6962,121.846,-303.769,43.6453,284.752,-893.942,46.9772,360.792,-2870.07,0.0837245,0
A,267,.,.,.,SER,CB,2125,264,118,15,91.548,11.433,98.251,1.91,45.3263,0.633998,0.735999,0.237386,-11.767,1,0.356507,0.268268,66.018,19.3863,0.0652741,0.0652036,0.0648689,33.6962,121.846,-303.769,43.6453,284.752,-893.942,46.9772,360.792,-2870.07,0.0825575,0
A,267,.,.,.,SER,OG,2126,264,121,15,91.416,11.244,96.859,1.54,15.4605,0.350057,0.690381,-0.633114,-2.2299,1,0.494808,0.268268,32.7647,10.311,0.0555997,0.0554962,0.0550927,33.6962,121.846,-303.769,43.6453,284.752,-893.942,46.9772,360.792,-2870.07,0.0883884,0
A,268,.,.,.,TYR,N,2127,265,150,18,88.662,9.658,97.949,1.7,0,0,0,0,0,2,0.121363,0.305723,11.5385,9.78588,2,2,2,31.6477,117.112,-424.361,43.6453,284.752,-893.942,46.9772,360.792,-2870.07,2,0
A,268,.,.,.,TYR,CA,2128,265,144,18,87.22,9.717,97.737,1.9,2.97354,-0.490536,0.85327,0.176933,4.55986,1,0.103071,0.305723,20.8832,12.8394,0.584992,0.574373,2,31.6477,117.112,-424.361,43.6453,284.752,-893.942,46.9772,360.792,-2870.07,0.0956718,0
A,268,.,.,.,TYR,C,2129,265,143,18,86.401,8.975,98.786,1.75,0.0953874,-0.172562,0.892624,0.416468,0.207833,1,0.206077,0.305723,11.2897,8.68315,0.700621,0.587406,2,31.6477,117.112,-424.361,43.6453,284.752,-893.942,46.9772,360.792,-2870.07,0.0735647,0
A,268,.,.,.,TYR,O,2130,265,151,18,85.198,9.191,98.875,1.49,3.74647,-0.421111,0.839008,-0.344575,3.0927,1,0.0996653,0.305723,20.4696,9.22451,0.796657,0.778735,2,31.6477,117.112,-424.361,43.6453,284.752,-893.942,46.9772,360.792,-2870.07,0.0798139,0
A,268,.,.,.,TYR,CB,2131,265,145,18,86.839,9.195,96.35,1.91,0.0309215,-0.92954,0.35963,0.081377,0.0283733,1,0.423253,0.305723,23.3471,17.6706,0.786861,0.727447,2,31.6477,117.112,-424.361,43.6453,284.752,-893.942,46.9772,360.792,-2870.07,0.123736,0
A,268,.,.,.,TYR,CG,2132,265,148,18,87.233,10.128,95.237,1.74,0,0,0,0,0,2,0.398111,0.305723,7.16467,6.23831,2,2,2,31.6477,117.112,-424.361,43.6453,284.752,-893.942,46.9772,360.792,-2870.07,2,0
A,268,.,.,.,TYR,CD1,2133,265,146,18,86.408,11.171,94.858,1.82,13.8711,-0.496627,0.615962,0.611516,10.4981,1,0.158508,0.305723,34.0967,14.3874,0.605225,0.584851,2,31.6477,117.112,-424.361,43.6453,284.752,-893.942,46.9772,360.792,-2870.07,0.100159,0
A,268,.,.,.,TYR,CD2,2134,265,146,18,88.429,9.962,94.56,1.82,0.00542068,0.155975,0.849788,0.50352,0.00410253,1,0.29529,0.305723,21.151,14.3622,0.62932,0.543533,2,31.6477,117.112,-424.361,43.6453,284.752,-893.942,46.9772,360.792,-2870.07,2,0
A,268,.,.,.,TYR,CE1,2135,265,147,18,86.771,12.037,93.824,1.82,8.86681,0.0336799,0.799946,0.599126,3.16008,1,0.353603,0.305723,31.459,14.1722,0.563735,0.546344,0.41495,31.6477,117.112,-424.361,43.6453,284.752,-893.942,46.9772,360.792,-2870.07,0.0950435,0
A,268,.,.,.,TYR,CE2,2136,265,147,18,88.796,10.819,93.537,1.82,4.79609,0.838906,0.538312,-0.0803583,1.7093,1,0.410129,0.305723,29.0604,14.1422,0.347452,0.34698,0.345888,31.6477,117.112,-424.361,43.6453,284.752,-893.942,46.9772,360.792,-2870.07,0.0947191,0
A,268,.,.,.,TYR,CZ,2137,265,149,18,87.959,11.849,93.171,1.8,3.77308,0.490472,0.675537,0.550533,3.09284,1,0.532307,0.305723,17.3771,9.69872,0.354072,0.353666,0.349714,31.6477,117.112,-424.361,43.6453,284.752,-893.942,46.9772,360.792,-2870.07,0.0878825,0
A,268,.,.,.,TYR,OH,2138,265,152,18,88.336,12.695,92.148,1.54,15.3125,0.860684,0.49752,-0.10815,-1.6708,1,0.567299,0.305723,31.8326,10.9062,0.188883,0.188755,0.188169,31.6477,117.112,-424.361,43.6453,284.752,-893.942,46.9772,360.792,-2870.07,0.0999609,0
A,269,.,.,.,TYR,N,2139,266,150,18,87.033,8.111,99.574,1.7,0,0,0,0,0,2,0.154644,0.217035,12.6273,9.89878,2,2,2,31.0061,118.337,-330.804,43.6453,284.752,-893.942,46.9772,360.792,-2870.07,2,0
A,269,.,.,.,TYR,CA,2140,266,144,18,86.277,7.22,100.46,1.9,0,0,0,0,0,2,0.152857,0.217035,14.7457,12.72,2,2,2,31.0061,118.337,-330.804,43.6453,284.752,-893.942,46.9772,360.792,-2870.07,2,0
A,269,.,.,.,TYR,C,2141,266,143,18,85.585,8.033,101.554,1.75,0.0396374,0.372566,-0.268975,0.88817,0.0863632,1,0.00734493,0.217035,10.5915,8.68095,0.239092,0.238291,0.237584,31.0061,118.337,-330.804,43.6453,284.752,-893.942,46.9772,360.792,-2870.07,0.084842,0
A,269,.,.,.,TYR,O,2142,266,151,18,86.166,8.975,102.123,1.49,20.9597,0.533835,0.480447,0.695838,17.3022,1,0.00833343,0.217035,36.7536,9.39926,0.128949,0.12836,0.127696,31.0061,118.337,-330.804,43.6453,284.752,-893.942,46.9772,360.792,-2870.07,0.0769461,0
A,269,.,.,.,TYR,CB,2143,266,145,18,87.177,6.198,101.144,1.91,4.66167,0.37183,0.307033,0.876056,4.27751,1,0.197873,0.217035,32.8524,17.7813,0.667654,0.582589,2,31.0061,118.337,-330.804,43.6453,284.752,-893.942,46.9772,360.792,-2870.07,0.106426,0
A,269,.,.,.,TYR,CG,2144,266,148,18,87.685,5.006,100.326,1.74,0,0,0,0,0,2,0.106239,0.217035,7.49194,6.45622,2,2,2,31.0061,118.337,-330.804,43.6453,284.752,-893.942,46.9772,360.792,-2870.07,2,0
A,269,.,.,.,TYR,CD1,2145,266,146,18,87.881,5.07,98.947,1.82,0,0,0,0,0,2,0.215837,0.217035,19.9142,14.2923,2,2,2,31.0061,118.337,-330.804,43.6453,284.752,-893.942,46.9772,360.792,-2870.07,2,0
A,269,.,.,.,TYR,CD2,2146,266,146,18,88.01,3.825,100.97,1.82,0,0,0,0,0,2,0.363896,0.217035,20.2709,14.1282,2,2,2,31.0061,118.337,-330.804,43.6453,284.752,-893.942,46.9772,360.792,-2870.07,2,0
A,269,.,.,.,TYR,CE1,2147,266,147,18,88.378,3.981,98.243,1.82,0,0,0,0,0,2,0.295535,0.217035,22.9399,14.2058,2,2,2,31.0061,118.337,-330.804,43.6453,284.752,-893.942,46.9772,360.792,-2870.07,2,0
A,269,.,.,.,TYR,CE2,2148,266,147,18,88.493,2.735,100.281,1.82,8.22713,0.515744,-0.749592,0.414873,2.9321,1,0.405346,0.217035,30.0704,14.0826,0.696577,0.690447,0.689295,31.0061,118.337,-330.804,43.6453,284.752,-893.942,46.9772,360.792,-2870.07,0.165262,0
A,269,.,.,.,TYR,CZ,2149,266,149,18,88.687,2.814,98.92,1.8,0.531137,0.992544,0.0392835,-0.115381,0.435379,1,0.252903,0.217035,15.0965,9.77366,0.701497,0.695004,0.689295,31.0061,118.337,-330.804,43.6453,284.752,-893.942,46.9772,360.792,-2870.07,0.208865,0
A,269,.,.,.,TYR,OH,2150,266,152,18,89.173,1.694,98.276,1.54,26.6134,0.707299,-0.706324,-0.0288845,-2.90389,1,0.443612,0.217035,47.084,10.9933,0.759002,0.758188,0.757197,31.0061,118.337,-330.804,43.6453,284.752,-893.942,46.9772,360.792,-2870.07,0.364942,0
A,270,.,.,.,LEU,N,2151,267,81,10,84.343,7.664,101.838,1.7,0,0,0,0,0,2,0.197133,0.0379929,10.6914,9.34558,2,2,2,31.8881,116.203,-397.539,43.6453,284.752,-893.942,46.9772,360.792,-2870.07,2,0
A,270,.,.,.,LEU,CA,2152,267,76,10,83.589,8.275,102.92,1.9,3.84161,0.365674,0.656616,0.65965,7.60835,1,0.00667176,0.0379929,20.4375,12.6026,0.11221,0.111764,0.111393,31.8881,116.203,-397.539,43.6453,284.752,-893.942,46.9772,360.792,-2870.07,0.0870257,0
A,270,.,.,.,LEU,C,2153,267,75,10,83.43,7.319,104.095,1.75,2.97096,0.841735,0.257033,0.474781,6.32918,1,0.00576626,0.0379929,14.4211,8.76109,0.100084,0.0999017,0.0994951,31.8881,116.203,-397.539,43.6453,284.752,-893.942,46.9772,360.792,-2870.07,0.104531,0
A,270,.,.,.,LEU,O,2154,267,82,10,82.962,7.717,105.153,1.49,31.004,-0.174565,0.517995,0.837382,23.7773,1,3.17904e-05,0.0379929,41.0087,9.31956,0.104222,0.104072,0.103713,31.8881,116.203,-397.539,43.6453,284.752,-893.942,46.9772,360.792,-2870.07,0.123424,0
A,270,.,.,.,LEU,CB,2155,267,77,10,82.22,8.695,102.416,1.91,14.087,-0.847314,-0.0738612,0.525932,14.3424,1,0.0164903,0.0379929,37.6864,15.6393,0.0353937,0.035243,0.0346002,31.8881,116.203,-397.539,43.6453,284.752,-893.942,46.9772,360.792,-2870.07,0.111559,0
A,270,.,.,.,LEU,CG,2156,267,80,10,82.22,9.684,101.223,2.01,0.265059,0.150632,0.433122,-0.888659,0.359955,1,0.0201375,0.0379929,18.7729,14.0664,0.0779248,0.0776812,0.0771523,31.8881,116.203,-397.539,43.6453,284.752,-893.942,46.9772,360.792,-2870.07,0.0683578,0
A,270,.,.,.,LEU,CD1,2157,267,78,10,80.797,9.956,100.795,1.92,46.6109,-0.906198,0.422768,0.00851791,31.7409,1,0.0522644,0.0379929,75.6301,22.0824,0.0673928,0.0671484,0.0667514,31.8881,116.203,-397.539,43.6453,284.752,-893.942,46.9772,360.792,-2870.07,0.072423,0
A,270,.,.,.,LEU,CD2,2158,267,79,10,82.921,10.975,101.58,1.92,50.0473,0.179414,0.966901,0.181418,26.5474,1,0.00544808,0.0379929,76.4474,21.9943,0.0685216,0.068424,0.0675185,31.8881,116.203,-397.539,43.6453,284.752,-893.942,46.9772,360.792,-2870.07,0.072464,0
A,271,.,.,.,CYS,N,2159,268,33,4,83.824,6.063,103.892,1.7,0.783361,0.917745,0.277025,0.284609,1.5142,1,0.0515713,0.13369,13.8692,9.64893,0.520006,0.504076,0.496648,31.375,123.365,-225.408,43.6453,284.752,-893.942,46.9772,360.792,-2870.07,0.107728,0
A,271,.,.,.,CYS,CA,2160,268,31,4,83.801,5.028,104.916,1.9,11.37,0.485869,0.324364,0.811615,17.8638,1,0.0251374,0.13369,28.1544,12.9946,0.495782,0.492945,0.483867,31.375,123.365,-225.408,43.6453,284.752,-893.942,46.9772,360.792,-2870.07,0.136371,0
A,271,.,.,.,CYS,C,2161,268,30,4,84.697,3.89,104.427,1.75,0.00515173,0.695743,0.718019,0.0197469,0.0103544,1,0.366652,0.13369,10.6928,8.69925,0.586472,0.581056,0.581065,31.375,123.365,-225.408,43.6453,284.752,-893.942,46.9772,360.792,-2870.07,0.142392,0
A,271,.,.,.,CYS,O,2162,268,34,4,85.201,3.959,103.301,1.49,0,0,0,0,0,2,0.323061,0.13369,14.5564,9.21443,2,2,2,31.375,123.365,-225.408,43.6453,284.752,-893.942,46.9772,360.792,-2870.07,2,0
A,271,.,.,.,CYS,CB,2163,268,32,4,82.371,4.541,105.151,1.91,25.2522,-0.556206,0.170011,0.813469,24.3355,1,0.00193469,0.13369,49.4413,18.1768,0.148484,0.148342,0.142876,31.375,123.365,-225.408,43.6453,284.752,-893.942,46.9772,360.792,-2870.07,0.171796,0
A,271,.,.,.,CYS,SG,2164,268,35,4,81.646,3.61,103.778,1.88,16.7705,-0.950275,0.306619,-0.054425,17.5718,1,0.0337852,0.13369,54.4667,23.1282,0.553246,0.551432,0.522382,31.375,123.365,-225.408,43.6453,284.752,-893.942,46.9772,360.792,-2870.07,0.28081,0
A,272,.,.,.,GLU,N,2165,269,50,6,84.91,2.854,105.246,1.7,6.06068,-0.0652968,0.110167,0.991766,7.76464,1,0.0891408,0.639108,19.7534,9.8892,0.593637,0.591471,0.589036,30.547,132.376,20.7488,43.6453,284.752,-893.942,46.9772,360.792,-2870.07,0.172093,0
A,272,.,.,.,GLU,CA,2166,269,46,6,85.747,1.717,104.826,1.9,0,0,0,0,0,2,0.634767,0.639108,16.1179,12.789,2,2,2,30.547,132.376,20.7488,43.6453,284.752,-893.942,46.9772,360.792,-2870.07,2,0
A,272,.,.,.,GLU,C,2167,269,45,6,85.084,0.352,104.979,1.75,0.0128256,0.107208,0.054196,0.992758,0.0231381,1,0.42279,0.639108,11.3541,8.84761,0.780864,0.774344,2,30.547,132.376,20.7488,43.6453,284.752,-893.942,46.9772,360.792,-2870.07,0.300242,0
A,272,.,.,.,GLU,O,2168,269,51,6,85.693,-0.698,104.674,1.49,11.952,0.752428,-0.657695,0.0359122,2.90423,1,0.6076,0.639108,32.5561,9.39963,0.821936,0.822134,2,30.547,132.376,20.7488,43.6453,284.752,-893.942,46.9772,360.792,-2870.07,0.366795,0
A,272,.,.,.,GLU,CB,2169,269,47,6,87.121,1.765,105.518,1.91,19.0197,0.280254,-0.487014,0.827209,-4.23766,1,0.488844,0.639108,45.7547,17.0596,0.590587,0.578082,0.496648,30.547,132.376,20.7488,43.6453,284.752,-893.942,46.9772,360.792,-2870.07,0.191526,0
A,272,.,.,.,GLU,CG,2170,269,49,6,87.834,3.078,105.232,1.88,8.88562,-0.213004,0.719255,0.661288,-3.4357,1,0.709236,0.639108,35.856,16.5746,0.577365,0.559992,0.55956,30.547,132.376,20.7488,43.6453,284.752,-893.942,46.9772,360.792,-2870.07,0.141283,0
A,272,.,.,.,GLU,CD,2171,269,48,6,89.306,3.117,105.579,1.76,5.76419,0.00568281,0.0698233,0.997543,-2.50087,1,0.944085,0.639108,20.1053,10.718,0.33795,0.336217,0.327737,30.547,132.376,20.7488,43.6453,284.752,-893.942,46.9772,360.792,-2870.07,0.13837,0
A,272,.,.,.,GLU,OE1,2172,269,52,6,89.843,4.246,105.653,1.49,22.6701,0.0856323,0.714017,0.694872,-14.9991,1,0.939499,0.639108,34.1649,9.26693,0.141255,0.140782,0.139572,30.547,132.376,20.7488,43.6453,284.752,-893.942,46.9772,360.792,-2870.07,0.119351,0
A,272,.,.,.,GLU,OE2,2173,269,52,6,89.94,2.056,105.745,1.49,35.384,0.644966,-0.706159,0.292162,-23.411,1,0.916006,0.639108,44.8432,9.3489,0.67702,0.676287,0.673992,30.547,132.376,20.7488,43.6453,284.752,-893.942,46.9772,360.792,-2870.07,0.122876,0
A,273,.,.,.,GLN,N,2174,270,41,5,83.835,0.359,105.426,1.7,3.15465,0.0342487,0.341852,0.93913,4.66484,1,0.115373,0.434413,16.973,9.81471,0.703641,0.689039,2,29.5023,130.384,29.5438,43.6453,284.752,-893.942,46.9772,360.792,-2870.07,0.248104,0
A,273,.,.,.,GLN,CA,2175,270,37,5,82.994,-0.839,105.4,1.9,0,0,0,0,0,2,0.661498,0.434413,16.9466,12.8339,2,2,2,29.5023,130.384,29.5438,43.6453,284.752,-893.942,46.9772,360.792,-2870.07,2,0
A,273,.,.,.,GLN,C,2176,270,36,5,81.528,-0.39,105.46,1.75,0.82138,-0.280624,-0.0694718,0.9573,1.46027,1,0.233042,0.434413,12.843,8.93753,0.602811,0.590752,0.541488,29.5023,130.384,29.5438,43.6453,284.752,-893.942,46.9772,360.792,-2870.07,0.429661,0
A,273,.,.,.,GLN,O,2177,270,43,5,81.21,0.756,105.839,1.49,15.3845,-0.334228,0.387888,0.858973,4.84382,1,0.113755,0.434413,30.1911,9.37414,0.561913,0.553572,0.496368,29.5023,130.384,29.5438,43.6453,284.752,-893.942,46.9772,360.792,-2870.07,0.310055,0
A,273,.,.,.,GLN,CB,2178,270,38,5,83.408,-1.798,106.535,1.91,6.25715,-0.172896,0.539947,0.82375,-0.188849,1,0.375279,0.434413,34.1568,17.5422,0.730998,0.703781,2,29.5023,130.384,29.5438,43.6453,284.752,-893.942,46.9772,360.792,-2870.07,0.396306,0
A,273,.,.,.,GLN,CG,2179,270,40,5,82.636,-3.105,106.704,1.8,0.263415,-0.575572,0.535083,0.618387,-0.0608262,1,0.367355,0.434413,20.9659,13.8258,0.739836,0.682503,2,29.5023,130.384,29.5438,43.6453,284.752,-893.942,46.9772,360.792,-2870.07,0.451564,0
A,273,.,.,.,GLN,CD,2180,270,39,5,82.665,-4.031,105.498,1.81,0.688727,0.898983,0.087287,-0.429198,-0.199165,1,0.64222,0.434413,19.1918,11.8051,0.853606,0.849425,2,29.5023,130.384,29.5438,43.6453,284.752,-893.942,46.9772,360.792,-2870.07,0.394229,0
A,273,.,.,.,GLN,OE1,2181,270,44,5,82.12,-3.707,104.454,1.52,0,0,0,0,-0,2,0.709941,0.434413,17.8635,9.45593,2,2,2,29.5023,130.384,29.5438,43.6453,284.752,-893.942,46.9772,360.792,-2870.07,2,0
A,273,.,.,.,GLN,NE2,2182,270,42,5,83.269,-5.208,105.658,1.62,4.64011,0.964138,0.17417,-0.200256,-2.48503,1,0.69125,0.434413,28.3369,12.829,0.842345,0.849425,2,29.5023,130.384,29.5438,43.6453,284.752,-893.942,46.9772,360.792,-2870.07,0.385593,0
A,274,.,.,.,VAL,N,2183,271,158,19,80.648,-1.277,105.014,1.7,0,0,0,0,0,2,0.358601,0.189695,11.0881,9.38617,2,2,2,28.8696,114.603,-78.2097,43.6453,284.752,-893.942,46.9772,360.792,-2870.07,2,0
A,274,.,.,.,VAL,CA,2184,271,154,19,79.218,-1.022,104.968,1.9,5.48985,-0.388048,0.844959,0.368052,9.3463,1,0.0336757,0.189695,21.3561,12.039,0.687415,0.689299,0.684566,28.8696,114.603,-78.2097,43.6453,284.752,-893.942,46.9772,360.792,-2870.07,0.414342,0
A,274,.,.,.,VAL,C,2185,271,153,19,78.498,-1.983,105.919,1.75,2.95418,0.184302,0.519689,0.83424,7.04856,1,0.182724,0.189695,13.5084,8.64549,0.61832,0.616356,0.541488,28.8696,114.603,-78.2097,43.6453,284.752,-893.942,46.9772,360.792,-2870.07,0.409126,0
A,274,.,.,.,VAL,O,2186,271,159,19,79.121,-2.859,106.511,1.49,2.49722,0.173242,0.418933,0.891337,2.07056,1,0.207509,0.189695,20.4959,9.23148,0.612483,0.602684,2,28.8696,114.603,-78.2097,43.6453,284.752,-893.942,46.9772,360.792,-2870.07,0.409535,0
A,274,.,.,.,VAL,CB,2187,271,155,19,78.686,-1.159,103.521,2.01,13.2649,-0.884262,0.420683,-0.202748,11.6387,1,0.0617732,0.189695,30.444,14.1759,0.750109,0.745013,0.725839,28.8696,114.603,-78.2097,43.6453,284.752,-893.942,46.9772,360.792,-2870.07,0.458338,0
A,274,.,.,.,VAL,CG1,2188,271,156,19,79.472,-0.255,102.59,1.92,13.7352,-0.74308,0.579271,-0.335079,8.67449,1,0.150178,0.189695,53.1852,21.9872,0.742608,0.734438,0.722615,28.8696,114.603,-78.2097,43.6453,284.752,-893.942,46.9772,360.792,-2870.07,0.432854,0
A,274,.,.,.,VAL,CG2,2189,271,157,19,78.767,-2.603,103.022,1.92,4.21255,-0.882883,0.0447614,-0.467455,2.9072,1,0.333402,0.189695,39.0764,22.0303,0.88557,0.893614,2,28.8696,114.603,-78.2097,43.6453,284.752,-893.942,46.9772,360.792,-2870.07,0.479783,0
A,275,.,.,.,ARG,N,2190,272,11,1,77.191,-1.8,106.083,1.7,7.46944,-0.250469,0.966011,0.0639329,11.6675,1,0.392683,0.248856,21.799,9.92452,0.626372,0.625981,0.580765,29.6475,115.039,-91.7205,43.6453,284.752,-893.942,46.9772,360.792,-2870.07,0.363008,0
A,275,.,.,.,ARG,CA,2191,272,6,1,76.407,-2.641,106.981,1.9,7.00235,0.463061,0.215878,0.859635,5.99627,1,0.267035,0.248856,23.2443,12.6961,0.525719,0.521731,0.462759,29.6475,115.039,-91.7205,43.6453,284.752,-893.942,46.9772,360.792,-2870.07,0.278268,0
A,275,.,.,.,ARG,C,2192,272,5,1,76.18,-3.986,106.308,1.75,0.0381322,-0.958776,-0.274629,-0.0729888,0.0703401,1,0.336742,0.248856,10.6445,8.64509,0.844153,0.866515,2,29.6475,115.039,-91.7205,43.6453,284.752,-893.942,46.9772,360.792,-2870.07,0.196915,0
A,275,.,.,.,ARG,O,2193,272,14,1,75.804,-4.043,105.14,1.49,18.9026,-0.705432,-0.00779262,-0.708735,7.11847,1,0.39893,0.248856,33.4483,9.30443,0.861155,0.874,2,29.6475,115.039,-91.7205,43.6453,284.752,-893.942,46.9772,360.792,-2870.07,0.271243,0
A,275,.,.,.,ARG,CB,2194,272,7,1,75.055,-1.986,107.324,1.91,33.2637,-0.394395,0.883712,-0.252002,3.82419,1,0.0212728,0.248856,52.4665,16.7943,0.126197,0.125709,0.118012,29.6475,115.039,-91.7205,43.6453,284.752,-893.942,46.9772,360.792,-2870.07,0.257128,0
A,275,.,.,.,ARG,CG,2195,272,9,1,74.308,-2.708,108.428,1.92,60.3049,-0.641267,0.109842,0.759415,0.39867,1,0.0764768,0.248856,87.1149,23.267,0.069368,0.0691359,0.0665757,29.6475,115.039,-91.7205,43.6453,284.752,-893.942,46.9772,360.792,-2870.07,0.213938,0
A,276,.,.,.,LEU,N,2196,273,81,10,76.438,-5.068,107.032,1.7,2.25199,0.238943,0.0728312,0.968298,4.56497,1,0.147831,0.162597,17.9326,9.86889,0.742186,0.651606,2,28.8899,118.848,-19.3077,43.6453,284.752,-893.942,46.9772,360.792,-2870.07,0.197786,0
A,276,.,.,.,LEU,CA,2197,273,76,10,76.247,-6.415,106.49,1.9,2.07097,-0.421709,-0.125577,-0.897993,4.10158,1,0.162033,0.162597,19.27,12.5907,0.887444,2,2,28.8899,118.848,-19.3077,43.6453,284.752,-893.942,46.9772,360.792,-2870.07,0.192633,0
A,276,.,.,.,LEU,C,2198,273,75,10,75.138,-7.162,107.222,1.75,0.00417456,-0.626488,0.706665,-0.328843,0.00889328,1,0.112366,0.162597,12.2211,8.7878,0.560358,0.534765,0.536711,28.8899,118.848,-19.3077,43.6453,284.752,-893.942,46.9772,360.792,-2870.07,0.190814,0
A,276,.,.,.,LEU,O,2199,273,82,10,74.769,-6.797,108.343,1.49,12.1304,-0.439726,0.219208,0.87097,9.30297,1,0.0453972,0.162597,30.4976,9.33164,0.555675,0.554442,0.554874,28.8899,118.848,-19.3077,43.6453,284.752,-893.942,46.9772,360.792,-2870.07,0.149001,0
A,276,.,.,.,LEU,CB,2200,273,77,10,77.545,-7.2,106.601,1.91,0,0,0,0,0,2,0.152438,0.162597,21.7028,15.6014,2,2,2,28.8899,118.848,-19.3077,43.6453,284.752,-893.942,46.9772,360.792,-2870.07,2,0
A,276,.,.,.,LEU,CG,2201,273,80,10,78.79,-6.581,105.943,2.01,0,0,0,0,0,2,0.215925,0.162597,18.867,14.0341,2,2,2,28.8899,118.848,-19.3077,43.6453,284.752,-893.942,46.9772,360.792,-2870.07,2,0
A,276,.,.,.,LEU,CD1,2202,273,78,10,80.033,-7.405,106.216,1.92,0,0,0,0,0,2,0.224948,0.162597,37.5186,22.1412,2,2,2,28.8899,118.848,-19.3077,43.6453,284.752,-893.942,46.9772,360.792,-2870.07,2,0
A,276,.,.,.,LEU,CD2,2203,273,79,10,78.621,-6.395,104.443,1.92,4.3295,-0.782063,-0.31878,-0.535498,2.29657,1,0.239839,0.162597,44.7229,22.1059,0.93572,2,2,28.8899,118.848,-19.3077,43.6453,284.752,-893.942,46.9772,360.792,-2870.07,0.321547,0
A,277,.,.,.,GLN,N,2204,274,41,5,74.605,-8.2,106.579,1.7,4.10137,-0.0118849,0.0284712,-0.999524,6.06478,1,0.415088,0.428943,18.7166,9.89183,0.929823,2,2,29.5577,116.335,-36.1627,38.8837,308.227,2329.91,47.5993,346.545,-2863.08,0.161051,0
A,277,.,.,.,GLN,CA,2205,274,37,5,73.658,-9.107,107.22,1.9,4.05254,-0.465895,0.177232,0.866909,3.08519,1,0.113883,0.428943,20.9432,12.8229,0.522084,0.511748,0.496805,29.5577,116.335,-36.1627,38.8837,308.227,2329.91,47.5993,346.545,-2863.08,0.126728,0
A,277,.,.,.,GLN,C,2206,274,36,5,74.296,-10.491,107.256,1.75,0.75463,-0.504887,-0.647804,-0.570472,1.3416,1,0.232725,0.428943,11.9362,8.71259,0.572881,0.559893,0.52685,29.5577,116.335,-36.1627,38.8837,308.227,2329.91,47.5993,346.545,-2863.08,0.162218,0
A,277,.,.,.,GLN,O,2207,274,43,5,75.069,-10.828,106.38,1.49,3.9674,-0.498701,-0.398781,-0.769592,1.24914,1,0.584126,0.428943,21.4117,9.07753,0.811505,0.761207,2,29.5577,116.335,-36.1627,38.8837,308.227,2329.91,47.5993,346.545,-2863.08,0.243853,0
A,277,.,.,.,GLN,CB,2208,274,38,5,72.344,-9.156,106.452,1.91,20.6633,-0.627225,-0.773166,0.0938238,-0.623645,1,9.43661e-05,0.428943,45.2067,17.2892,0.447579,0.440746,0.421878,29.5577,116.335,-36.1627,38.8837,308.227,2329.91,47.5993,346.545,-2863.08,0.147239,0
A,277,.,.,.,GLN,CG,2209,274,40,5,71.718,-7.802,106.182,1.8,18.8302,-0.151601,0.873306,0.462983,-4.34815,1,0.119395,0.428943,39.8117,13.8228,0.0816488,0.0799954,0.0727223,29.5577,116.335,-36.1627,38.8837,308.227,2329.91,47.5993,346.545,-2863.08,0.158148,0
A,277,.,.,.,GLN,CD,2210,274,39,5,70.557,-7.892,105.206,1.81,10.1047,-0.277544,0.802251,-0.528547,-2.92208,1,0.549331,0.428943,25.9537,11.8117,0.124995,0.124556,0.118272,29.5577,116.335,-36.1627,38.8837,308.227,2329.91,47.5993,346.545,-2863.08,0.144533,0
A,277,.,.,.,GLN,OE1,2211,274,44,5,69.468,-7.41,105.487,1.52,47.6185,-0.907003,0.378262,0.185105,-24.2842,1,0.916402,0.428943,52.4802,9.67335,0.107447,0.107255,0.103321,29.5577,116.335,-36.1627,38.8837,308.227,2329.91,47.5993,346.545,-2863.08,0.143875,0
A,277,.,.,.,GLN,NE2,2212,274,42,5,70.79,-8.514,104.05,1.62,43.6745,-0.178379,-0.348608,-0.920138,-23.3901,1,0.929447,0.428943,59.0049,12.7767,0.563705,0.560706,0.542387,29.5577,116.335,-36.1627,38.8837,308.227,2329.91,47.5993,346.545,-2863.08,0.168021,0
A,278,.,.,.,TYR,N,2213,275,150,18,73.973,-11.277,108.279,1.7,4.09313,-0.666938,0.293331,0.684946,8.03567,1,0.00156258,0.240671,19.6501,9.94443,0.532061,0.527598,0.507034,30.3454,139.378,-68.0433,38.8837,308.227,2329.91,47.5993,346.545,-2863.08,0.128468,0
A,278,.,.,.,TYR,CA,2214,275,144,18,74.627,-12.564,108.516,1.9,0.0817174,-0.358798,-0.166674,-0.918414,0.125312,1,0.227548,0.240671,15.9928,12.8331,0.544218,0.532772,0.481029,30.3454,139.378,-68.0433,38.8837,308.227,2329.91,47.5993,346.545,-2863.08,0.279216,0
A,278,.,.,.,TYR,C,2215,275,143,18,73.621,-13.709,108.606,1.75,2.6839,-0.481746,0.163317,-0.860958,5.84776,1,0.0633323,0.240671,13.9052,8.8103,0.408107,0.40286,0.367092,30.3454,139.378,-68.0433,38.8837,308.227,2329.91,47.5993,346.545,-2863.08,0.162261,0
A,278,.,.,.,TYR,O,2216,275,151,18,72.51,-13.526,109.108,1.49,28.6881,-0.90545,0.239159,0.35066,23.682,1,0.119557,0.240671,40.5327,9.35203,0.352289,0.350405,0.340383,30.3454,139.378,-68.0433,38.8837,308.227,2329.91,47.5993,346.545,-2863.08,0.143303,0
A,278,.,.,.,TYR,CB,2217,275,145,18,75.463,-12.496,109.796,1.91,2.71028,-0.726381,0.19694,0.658472,2.48693,1,0.283391,0.240671,29.0589,17.7443,0.54393,0.541356,0.535519,30.3454,139.378,-68.0433,38.8837,308.227,2329.91,47.5993,346.545,-2863.08,0.098342,0
A,278,.,.,.,TYR,CG,2218,275,148,18,76.42,-11.327,109.809,1.74,0,0,0,0,0,2,0.324081,0.240671,6.77819,6.3069,2,2,2,30.3454,139.378,-68.0433,38.8837,308.227,2329.91,47.5993,346.545,-2863.08,2,0
A,278,.,.,.,TYR,CD1,2219,275,146,18,77.639,-11.39,109.133,1.82,0,0,0,0,0,2,0.586099,0.240671,21.4709,14.425,2,2,2,30.3454,139.378,-68.0433,38.8837,308.227,2329.91,47.5993,346.545,-2863.08,2,0
A,278,.,.,.,TYR,CD2,2220,275,146,18,76.096,-10.136,110.472,1.82,10.7781,-0.77619,0.288959,0.560386,8.1572,1,0.0741649,0.240671,31.2691,14.4451,0.549426,0.548697,0.546178,30.3454,139.378,-68.0433,38.8837,308.227,2329.91,47.5993,346.545,-2863.08,0.107439,0
A,278,.,.,.,TYR,CE1,2221,275,147,18,78.51,-10.312,109.128,1.82,0,0,0,0,0,2,0.552639,0.240671,21.5527,14.2647,2,2,2,30.3454,139.378,-68.0433,38.8837,308.227,2329.91,47.5993,346.545,-2863.08,2,0
A,278,.,.,.,TYR,CE2,2222,275,147,18,76.962,-9.043,110.465,1.82,13.0682,-0.314269,0.69419,0.647561,4.65743,1,0.0545242,0.240671,35.6184,14.1867,0.587504,0.586668,0.587567,30.3454,139.378,-68.0433,38.8837,308.227,2329.91,47.5993,346.545,-2863.08,0.116451,0
A,278,.,.,.,TYR,CZ,2223,275,149,18,78.162,-9.128,109.798,1.8,0,0,0,0,0,2,0.256579,0.240671,11.6933,9.85804,2,2,2,30.3454,139.378,-68.0433,38.8837,308.227,2329.91,47.5993,346.545,-2863.08,2,0
A,278,.,.,.,TYR,OH,2224,275,152,18,79.016,-8.036,109.782,1.54,1.77127,-0.442284,0.793849,0.417358,-0.19327,1,0.344573,0.240671,20.7861,10.9679,0.70869,0.704682,2,30.3454,139.378,-68.0433,38.8837,308.227,2329.91,47.5993,346.545,-2863.08,0.192491,0
A,279,.,.,.,GLU,N,2225,276,50,6,74.028,-14.884,108.126,1.7,0.97701,-0.322581,0.307726,-0.895124,1.2517,1,0.247944,0.538031,13.0303,9.8095,0.519024,0.509171,0.456943,31.0234,136.793,-59.1414,38.8837,308.227,2329.91,47.5993,346.545,-2863.08,0.228948,0
A,279,.,.,.,GLU,CA,2226,276,46,6,73.173,-16.072,108.114,1.9,8.7233,-0.830478,0.307443,-0.464526,5.35909,1,0.0882417,0.538031,25.0503,12.8994,0.489659,0.488645,0.484364,31.0234,136.793,-59.1414,38.8837,308.227,2329.91,47.5993,346.545,-2863.08,0.166131,0
A,279,.,.,.,GLU,C,2227,276,45,6,73.071,-16.739,109.487,1.75,0.468704,-0.44877,0.552844,0.702118,0.84557,1,0.310563,0.538031,11.4994,8.685,0.170533,0.170363,0.170014,31.0234,136.793,-59.1414,38.8837,308.227,2329.91,47.5993,346.545,-2863.08,0.134545,0
A,279,.,.,.,GLU,O,2228,276,51,6,72.044,-17.318,109.815,1.49,24.6112,-0.950132,-0.0146985,0.311502,5.98032,1,0.484132,0.538031,36.5666,9.28654,0.169826,0.169688,0.16939,31.0234,136.793,-59.1414,38.8837,308.227,2329.91,47.5993,346.545,-2863.08,0.140788,0
A,279,.,.,.,GLU,CB,2229,276,47,6,73.685,-17.094,107.088,1.91,6.16483,-0.357751,0.458582,-0.81346,-1.37355,1,0.627525,0.538031,31.1626,16.9102,0.501702,0.499635,0.492846,31.0234,136.793,-59.1414,38.8837,308.227,2329.91,47.5993,346.545,-2863.08,0.210514,0
A,279,.,.,.,GLU,CG,2230,276,49,6,72.789,-18.322,106.94,1.88,15.7536,-0.973155,0.122193,-0.195034,-6.09127,1,0.847513,0.538031,37.8995,16.705,0.299925,0.299475,0.297226,31.0234,136.793,-59.1414,38.8837,308.227,2329.91,47.5993,346.545,-2863.08,0.168014,0
A,279,.,.,.,GLU,CD,2231,276,48,6,73.247,-19.279,105.856,1.76,5.62065,-0.199148,0.456807,-0.866988,-2.43859,1,0.819076,0.538031,20.1461,10.7017,0.298859,0.298533,0.295736,31.0234,136.793,-59.1414,38.8837,308.227,2329.91,47.5993,346.545,-2863.08,0.191199,0
A,279,.,.,.,GLU,OE1,2232,276,52,6,74.436,-19.239,105.478,1.49,12.327,0.279346,-0.619911,-0.733264,-8.15586,1,0.75177,0.538031,34.6295,9.31262,0.626376,0.613096,0.586547,31.0234,136.793,-59.1414,38.8837,308.227,2329.91,47.5993,346.545,-2863.08,0.230687,0
A,279,.,.,.,GLU,OE2,2233,276,52,6,72.414,-20.084,105.391,1.49,43.2216,-0.586821,-0.597826,-0.546118,-28.5966,1,0.665511,0.538031,50.1937,9.43931,0.21905,0.218852,0.216763,31.0234,136.793,-59.1414,38.8837,308.227,2329.91,47.5993,346.545,-2863.08,0.175829,0
A,280,.,.,.,HIS,N,2234,277,63,8,74.137,-16.658,110.285,1.7,0.0647843,-0.574817,0.646854,0.501164,0.0999272,1,0.128532,0.536316,13.3449,9.93894,0.692065,2,2,33.1015,172.193,-262.88,38.8837,308.227,2329.91,47.5993,346.545,-2863.08,0.138679,0
A,280,.,.,.,HIS,CA,2235,277,58,8,74.232,-17.399,111.553,1.9,4.95093,-0.897994,-0.0702922,0.434356,4.6715,1,0.148396,0.536316,22.5042,12.914,0.0384841,0.0373459,0.0349945,33.1015,172.193,-262.88,38.8837,308.227,2329.91,47.5993,346.545,-2863.08,0.114956,0
A,280,.,.,.,HIS,C,2236,277,57,8,74.82,-16.555,112.681,1.75,0.537424,-0.773251,0.616446,-0.148584,0.904979,1,0.755558,0.536316,12.7299,8.74898,0.48941,0.416894,2,33.1015,172.193,-262.88,38.8837,308.227,2329.91,47.5993,346.545,-2863.08,0.0962263,0
A,280,.,.,.,HIS,O,2237,277,66,8,75.66,-15.7,112.433,1.49,0,0,0,0,0,2,0.761257,0.536316,14.1079,9.03653,2,2,2,33.1015,172.193,-262.88,38.8837,308.227,2329.91,47.5993,346.545,-2863.08,2,0
A,280,.,.,.,HIS,CB,2238,277,59,8,75.121,-18.637,111.383,1.91,1.1462,-0.514851,-0.452793,0.727947,0.270577,1,0.792085,0.536316,28.4188,17.5473,0.470048,0.436366,2,33.1015,172.193,-262.88,38.8837,308.227,2329.91,47.5993,346.545,-2863.08,0.0776806,0
A,280,.,.,.,HIS,CG,2239,277,62,8,74.638,-19.601,110.345,1.8,0,0,0,0,0,2,0.674264,0.536316,12.2941,9.40979,2,2,2,33.1015,172.193,-262.88,38.8837,308.227,2329.91,47.5993,346.545,-2863.08,2,0
A,280,.,.,.,HIS,ND1,2240,277,64,8,73.557,-20.433,110.542,1.6,12.0548,-0.682403,-0.160393,0.713162,-0.0706666,1,0.362465,0.536316,26.3891,8.57403,0.0663786,0.0662661,0.0658713,33.1015,172.193,-262.88,38.8837,308.227,2329.91,47.5993,346.545,-2863.08,0.0919707,0
A,280,.,.,.,HIS,CD2,2241,277,60,8,75.095,-19.868,109.1,1.74,4.0214,0.691344,-0.565923,-0.449194,0.148863,1,0.662733,0.536316,27.6243,13.2405,0.779793,0.773533,2,33.1015,172.193,-262.88,38.8837,308.227,2329.91,47.5993,346.545,-2863.08,0.166342,0
A,280,.,.,.,HIS,CE1,2242,277,61,8,73.37,-21.174,109.465,1.74,31.9863,-0.639608,-0.76677,-0.0544596,-9.66201,1,0.765536,0.536316,51.9585,14.296,0.117549,0.11742,0.116489,33.1015,172.193,-262.88,38.8837,308.227,2329.91,47.5993,346.545,-2863.08,0.129031,0
A,280,.,.,.,HIS,NE2,2243,277,65,8,74.284,-20.842,108.571,1.6,13.5568,0.431276,-0.787183,-0.440844,-4.01261,1,0.312336,0.536316,24.8918,8.87999,0.0600475,0.0595723,0.0570162,33.1015,172.193,-262.88,38.8837,308.227,2329.91,47.5993,346.545,-2863.08,0.177265,0
A,281,.,.,.,THR,N,2244,278,126,16,74.38,-16.817,113.916,1.7,6.45372,-0.950821,-0.308887,0.0230051,10.5076,1,0.890108,0.697233,21.7625,10.0182,0.0637538,0.0632501,0.0622427,34.9723,200.117,-562.647,38.8837,308.227,2329.91,47.5993,346.545,-2863.08,0.0715078,0
A,281,.,.,.,THR,CA,2245,278,123,16,74.989,-16.225,115.112,1.9,0,0,0,0,0,2,0.816124,0.697233,14.2784,12.0519,2,2,2,34.9723,200.117,-562.647,38.8837,308.227,2329.91,47.5993,346.545,-2863.08,2,0
A,281,.,.,.,THR,C,2246,278,122,16,75.249,-17.355,116.113,1.75,0,0,0,0,0,2,0.870795,0.697233,10.0853,8.51398,2,2,2,34.9723,200.117,-562.647,38.8837,308.227,2329.91,47.5993,346.545,-2863.08,2,0
A,281,.,.,.,THR,O,2247,278,127,16,74.338,-18.133,116.423,1.49,24.4374,-0.827823,-0.455657,0.327239,11.3001,1,0.804626,0.697233,36.6921,9.35444,0.0421563,0.0419864,0.0409512,34.9723,200.117,-562.647,38.8837,308.227,2329.91,47.5993,346.545,-2863.08,0.0769564,0
A,281,.,.,.,THR,CB,2248,278,124,16,74.087,-15.146,115.754,2.01,17.2801,-0.982111,-0.0867544,0.167127,0.780017,1,0.550039,0.697233,38.0114,17.0512,0.0496127,0.0493145,0.0478135,34.9723,200.117,-562.647,38.8837,308.227,2329.91,47.5993,346.545,-2863.08,0.0698203,0
A,281,.,.,.,THR,OG1,2249,278,128,16,73.844,-14.073,114.822,1.54,20.6979,-0.771397,0.548788,-0.322147,-1.23507,1,0.437889,0.697233,33.768,9.66772,0.0493333,0.0490597,0.0473654,34.9723,200.117,-562.647,38.8837,308.227,2329.91,47.5993,346.545,-2863.08,0.0675795,0
A,281,.,.,.,THR,CG2,2250,278,125,16,74.728,-14.588,117.037,1.92,16.6935,-0.773855,0.114841,0.622865,-2.75494,1,0.511051,0.697233,52.0905,22.3029,0.0514575,0.0512638,0.051159,34.9723,200.117,-562.647,38.8837,308.227,2329.91,47.5993,346.545,-2863.08,0.0684104,0
A,282,.,.,.,ARG,N,2251,279,11,1,76.482,-17.451,116.615,1.7,0,0,0,0,0,2,0.863473,0.794961,13.1314,9.85161,2,2,2,37.0145,237.905,-954.789,38.8837,308.227,2329.91,47.5993,346.545,-2863.08,2,0
A,282,.,.,.,ARG,CA,2252,279,6,1,76.849,-18.468,117.625,1.9,6.23693,-0.752725,-0.295612,0.588233,5.34082,1,0.491038,0.794961,23.4058,12.8566,0.0459205,0.0452507,0.0414891,37.0145,237.905,-954.789,38.8837,308.227,2329.91,47.5993,346.545,-2863.08,0.082133,0
A,282,.,.,.,ARG,C,2253,279,5,1,77.757,-17.866,118.695,1.75,0.208996,-0.826833,0.409253,0.385823,0.385522,1,0.636443,0.794961,12.5742,8.71185,0.36667,0.357348,0.333302,37.0145,237.905,-954.789,38.8837,308.227,2329.91,47.5993,346.545,-2863.08,0.0794647,0
A,282,.,.,.,ARG,O,2254,279,14,1,78.496,-16.937,118.425,1.49,0,0,0,0,0,2,0.588655,0.794961,15.0663,8.99205,2,2,2,37.0145,237.905,-954.789,38.8837,308.227,2329.91,47.5993,346.545,-2863.08,2,0
A,282,.,.,.,ARG,CB,2255,279,7,1,77.578,-19.657,116.978,1.91,4.13401,-0.193214,-0.705263,0.682109,0.475271,1,0.88257,0.794961,34.4221,16.5469,0.334497,0.334393,0.33177,37.0145,237.905,-954.789,38.8837,308.227,2329.91,47.5993,346.545,-2863.08,0.0844904,0
A,282,.,.,.,ARG,CG,2256,279,9,1,76.789,-20.314,115.868,1.92,4.41242,-0.843569,-0.315858,0.434309,0.02917,1,0.914218,0.794961,31.237,16.9857,0.146396,0.146152,0.144168,37.0145,237.905,-954.789,38.8837,308.227,2329.91,47.5993,346.545,-2863.08,0.0787585,0
A,282,.,.,.,ARG,CD,2257,279,8,1,77.144,-21.765,115.631,1.88,13.5275,-0.184198,-0.565594,0.80385,-6.07161,1,0.905089,0.794961,38.4209,17.2566,0.137098,0.137037,0.13628,37.0145,237.905,-954.789,38.8837,308.227,2329.91,47.5993,346.545,-2863.08,0.0764948,0
A,282,.,.,.,ARG,NE,2258,279,12,1,76.172,-22.366,114.719,1.62,9.04181,-0.93317,0.00523314,0.359397,-2.50713,1,0.81414,0.794961,21.2611,8.01768,0.120365,0.120298,0.119819,37.0145,237.905,-954.789,38.8837,308.227,2329.91,47.5993,346.545,-2863.08,0.0726901,0
A,282,.,.,.,ARG,CZ,2259,279,10,1,76.378,-23.452,113.975,1.8,5.54922,-0.352679,-0.585204,0.730174,-1.6286,1,0.831701,0.794961,20.3151,11.3417,0.10885,0.108751,0.107144,37.0145,237.905,-954.789,38.8837,308.227,2329.91,47.5993,346.545,-2863.08,0.0728386,0
A,282,.,.,.,ARG,NH1,2260,279,13,1,77.545,-24.104,114.007,1.62,28.0522,0.27977,-0.958658,-0.0519946,-14.2421,1,0.9514,0.794961,49.1935,12.8556,0.174833,0.174736,0.172219,37.0145,237.905,-954.789,38.8837,308.227,2329.91,47.5993,346.545,-2863.08,0.0778983,0
A,282,.,.,.,ARG,NH2,2261,279,13,1,75.401,-23.889,113.182,1.67,45.1795,-0.666585,-0.679769,-0.305907,-22.9377,1,0.865841,0.794961,65.0163,14.4769,0.0923453,0.0922579,0.090836,37.0145,237.905,-954.789,38.8837,308.227,2329.91,47.5993,346.545,-2863.08,0.0791887,0
A,283,.,.,.,SER,N,2262,280,119,15,77.719,-18.433,119.895,1.7,7.56988,-0.82249,-0.525111,0.218562,9.21073,1,0.593498,0.529885,22.5352,10.0004,0.135469,0.13519,0.134005,39.2534,271.233,-1488.13,38.8837,308.227,2329.91,47.5993,346.545,-2863.08,0.0830434,0
A,283,.,.,.,SER,CA,2263,280,117,15,78.644,-18.059,120.956,1.9,0,0,0,0,0,2,0.477521,0.529885,16.1195,12.8505,2,2,2,39.2534,271.233,-1488.13,38.8837,308.227,2329.91,47.5993,346.545,-2863.08,2,0
A,283,.,.,.,SER,C,2264,280,116,15,79.9,-18.895,120.854,1.75,0.000192535,0.0177579,-0.587409,0.809096,0.000334332,1,0.560273,0.529885,11.3376,8.62574,0.351854,0.351606,0.351008,39.2534,271.233,-1488.13,38.8837,308.227,2329.91,47.5993,346.545,-2863.08,0.0815717,0
A,283,.,.,.,SER,O,2265,280,120,15,79.832,-20.082,120.588,1.49,20.5716,-0.12554,-0.982738,0.135891,6.19521,1,0.692522,0.529885,37.1244,9.26599,0.171383,0.171189,0.170336,39.2534,271.233,-1488.13,38.8837,308.227,2329.91,47.5993,346.545,-2863.08,0.08463,0
A,283,.,.,.,SER,CB,2266,280,118,15,78.014,-18.279,122.341,1.91,32.1396,-0.255974,-0.65818,0.708009,-8.34363,1,0.268653,0.529885,60.7609,19.3908,0.090474,0.090319,0.0898329,39.2534,271.233,-1488.13,38.8837,308.227,2329.91,47.5993,346.545,-2863.08,0.0838808,0
A,283,.,.,.,SER,OG,2267,280,121,15,77.065,-17.274,122.616,1.54,34.8777,-0.731888,0.364745,0.575587,-5.03048,1,0.586844,0.529885,48.0079,10.3057,0.0848862,0.0847316,0.0845006,39.2534,271.233,-1488.13,38.8837,308.227,2329.91,47.5993,346.545,-2863.08,0.0824157,0
A,284,.,.,.,VAL,N,2268,281,158,19,81.046,-18.261,121.052,1.7,0,0,0,0,0,2,0.262126,0.27313,12.1327,9.5002,2,2,2,39.6475,302.621,-1793.28,38.8837,308.227,2329.91,47.5993,346.545,-2863.08,2,0
A,284,.,.,.,VAL,CA,2269,281,154,19,82.314,-18.966,121.146,1.9,2.34009,0.0039844,-0.982732,-0.184992,3.98394,1,0.337233,0.27313,17.9347,11.8581,0.512309,0.465179,2,39.6475,302.621,-1793.28,38.8837,308.227,2329.91,47.5993,346.545,-2863.08,0.0623868,0
A,284,.,.,.,VAL,C,2270,281,153,19,82.793,-18.768,122.577,1.75,0,0,0,0,0,2,0.138672,0.27313,10.9324,8.53384,2,2,2,39.6475,302.621,-1793.28,38.8837,308.227,2329.91,47.5993,346.545,-2863.08,2,0
A,284,.,.,.,VAL,O,2271,281,159,19,83.01,-17.637,123.008,1.49,0,0,0,0,0,2,0.124581,0.27313,13.6324,9.16959,2,2,2,39.6475,302.621,-1793.28,38.8837,308.227,2329.91,47.5993,346.545,-2863.08,2,0
A,284,.,.,.,VAL,CB,2272,281,155,19,83.358,-18.429,120.144,2.01,0,0,0,0,0,2,0.313778,0.27313,20.1668,14.2566,2,2,2,39.6475,302.621,-1793.28,38.8837,308.227,2329.91,47.5993,346.545,-2863.08,2,0
A,284,.,.,.,VAL,CG1,2273,281,156,19,84.613,-19.289,120.201,1.92,0.129821,-0.497576,-0.863522,0.0821456,0.0819889,1,0.258386,0.27313,37.3085,22.0802,0.776375,2,2,39.6475,302.621,-1793.28,38.8837,308.227,2329.91,47.5993,346.545,-2863.08,2,0
A,284,.,.,.,VAL,CG2,2274,281,157,19,82.786,-18.414,118.721,1.92,0,0,0,0,0,2,0.477136,0.27313,44.1691,22.1413,2,2,2,39.6475,302.621,-1793.28,38.8837,308.227,2329.91,47.5993,346.545,-2863.08,2,0
A,285,.,.,.,GLY,N,2275,282,55,7,82.933,-19.864,123.321,1.7,7.22384,-0.566548,-0.819837,-0.083015,6.42816,1,0.450908,0.211229,23.4597,10.1707,0.356181,0.355981,0.355621,42.7854,326.207,-2382.49,38.8837,308.227,2329.91,47.5993,346.545,-2863.08,0.0692736,0
A,285,.,.,.,GLY,CA,2276,282,54,7,83.256,-19.783,124.74,1.9,26.0607,-0.617331,-0.564554,0.547888,-0.76347,1,0.123808,0.211229,51.3842,18.9123,0.178282,0.178145,0.17762,42.7854,326.207,-2382.49,38.8837,308.227,2329.91,47.5993,346.545,-2863.08,0.0809039,0
A,285,.,.,.,GLY,C,2277,282,53,7,84.648,-19.237,125.008,1.75,0,0,0,0,0,2,0.101442,0.211229,10.3553,8.79672,2,2,2,42.7854,326.207,-2382.49,38.8837,308.227,2329.91,47.5993,346.545,-2863.08,2,0
A,285,.,.,.,GLY,O,2278,282,56,7,85.505,-19.165,124.114,1.49,0,0,0,0,0,2,0.168756,0.211229,12.8637,9.20732,2,2,2,42.7854,326.207,-2382.49,38.8837,308.227,2329.91,47.5993,346.545,-2863.08,2,0
A,286,.,.,.,ARG,N,2279,283,11,1,84.874,-18.822,126.247,1.7,1.39643,-0.730262,-0.300501,0.613527,2.18126,1,0.122179,0.130356,16.8471,9.98062,0.476885,0.476284,0.475298,44.4387,345.755,-2743.51,38.8837,308.227,2329.91,47.5993,346.545,-2863.08,0.0947797,0
A,286,.,.,.,ARG,CA,2280,283,6,1,86.22,-18.46,126.668,1.9,0,0,0,0,0,2,0.0896038,0.130356,15.623,12.8199,2,2,2,44.4387,345.755,-2743.51,38.8837,308.227,2329.91,47.5993,346.545,-2863.08,2,0
A,286,.,.,.,ARG,C,2281,283,5,1,87.161,-19.654,126.395,1.75,0.0965439,0.523901,-0.319605,0.789544,0.178089,1,0.0772284,0.130356,10.3876,8.59109,0.422632,0.419572,0.388501,44.4387,345.755,-2743.51,38.8837,308.227,2329.91,47.5993,346.545,-2863.08,0.105565,0
A,286,.,.,.,ARG,O,2282,283,14,1,86.793,-20.808,126.598,1.49,14.6798,-0.125306,-0.871971,0.47325,5.52822,1,0.0773318,0.130356,29.1083,9.2646,0.482374,0.48186,0.477884,44.4387,345.755,-2743.51,38.8837,308.227,2329.91,47.5993,346.545,-2863.08,0.0818511,0
A,286,.,.,.,ARG,CB,2283,283,7,1,86.233,-18.008,128.144,1.91,0.0349243,-0.856377,0.43752,0.274216,0.00401511,1,0.0362973,0.130356,24.607,16.6321,0.587224,0.576105,2,44.4387,345.755,-2743.51,38.8837,308.227,2329.91,47.5993,346.545,-2863.08,0.104129,0
A,286,.,.,.,ARG,CG,2284,283,9,1,85.854,-19.091,129.128,1.92,15.6962,-0.368047,-0.928745,0.0444238,0.103766,1,0.0625406,0.130356,40.9165,17.1279,0.443577,0.442205,0.432236,44.4387,345.755,-2743.51,38.8837,308.227,2329.91,47.5993,346.545,-2863.08,0.10131,0
A,286,.,.,.,ARG,CD,2285,283,8,1,85.579,-18.548,130.535,1.88,13.4131,-0.96134,0.273339,0.0333263,-6.02027,1,0.0257402,0.130356,39.2284,17.3346,0.316821,0.316486,0.313088,44.4387,345.755,-2743.51,38.8837,308.227,2329.91,47.5993,346.545,-2863.08,0.0949562,0
A,286,.,.,.,ARG,NE,2286,283,12,1,85.581,-19.661,131.479,1.62,12.1674,-0.236205,-0.93045,-0.280125,-3.37379,1,0.0126719,0.130356,23.071,7.97962,0.170298,0.170156,0.166648,44.4387,345.755,-2743.51,38.8837,308.227,2329.91,47.5993,346.545,-2863.08,0.0911557,0
A,286,.,.,.,ARG,CZ,2287,283,10,1,85.638,-19.555,132.802,1.8,9.54825,-0.928287,-0.235881,0.287477,-2.80225,1,0.00949533,0.130356,25.1314,11.2859,0.0575892,0.0575669,0.0566834,44.4387,345.755,-2743.51,38.8837,308.227,2329.91,47.5993,346.545,-2863.08,0.0864564,0
A,286,.,.,.,ARG,NH1,2288,283,13,1,85.698,-18.37,133.398,1.62,30.8494,-0.391488,0.470902,0.790562,-15.6623,1,0.00290389,0.130356,52.6406,12.811,0.0496341,0.0496017,0.0491606,44.4387,345.755,-2743.51,38.8837,308.227,2329.91,47.5993,346.545,-2863.08,0.0858978,0
A,286,.,.,.,ARG,NH2,2289,283,13,1,85.635,-20.659,133.539,1.67,60.4431,-0.00222713,-0.830426,0.557125,-30.687,1,0.917927,0.130356,70.3268,14.4545,0.0611021,0.0610834,0.0604753,44.4387,345.755,-2743.51,38.8837,308.227,2329.91,47.5993,346.545,-2863.08,0.0838492,0
A,287,.,.,.,GLY,N,2290,284,55,7,88.351,-19.366,125.883,1.7,0,0,0,0,0,2,0.0763716,0.0810034,13.4942,9.94639,2,2,2,44.684,360.264,-2725.7,38.8837,308.227,2329.91,47.5993,346.545,-2863.08,2,0
A,287,.,.,.,GLY,CA,2291,284,54,7,89.353,-20.382,125.606,1.9,14.2151,0.432919,-0.473377,0.767135,-0.416443,1,0.0241833,0.0810034,43.7348,19.0148,0.489575,0.488895,0.483619,44.684,360.264,-2725.7,38.8837,308.227,2329.91,47.5993,346.545,-2863.08,0.0868639,0
A,287,.,.,.,GLY,C,2292,284,53,7,88.951,-21.408,124.561,1.75,0.389049,-0.372231,-0.694661,0.61554,0.431872,1,0.151,0.0810034,11.6886,8.78024,0.524039,0.524169,0.521021,44.684,360.264,-2725.7,38.8837,308.227,2329.91,47.5993,346.545,-2863.08,0.0685236,0
A,287,.,.,.,GLY,O,2293,284,56,7,89.55,-22.456,124.473,1.49,25.2853,0.299439,-0.871566,0.388213,3.709,1,0.0724582,0.0810034,37.1702,9.21684,0.525048,0.525152,0.52243,44.684,360.264,-2725.7,38.8837,308.227,2329.91,47.5993,346.545,-2863.08,0.0706806,0
A,288,.,.,.,SER,N,2294,285,119,15,87.971,-21.092,123.733,1.7,0,0,0,0,0,2,0.153525,0.279998,12.2796,9.81703,2,2,2,42.5382,346.368,-2367.96,38.8837,308.227,2329.91,47.5993,346.545,-2863.08,2,0
A,288,.,.,.,SER,CA,2295,285,117,15,87.392,-22.08,122.829,1.9,4.70175,0.317895,-0.948124,0.00181478,2.62109,1,0.250923,0.279998,22.2956,12.9553,0.524593,0.524696,0.524964,42.5382,346.368,-2367.96,38.8837,308.227,2329.91,47.5993,346.545,-2863.08,0.0606607,0
A,288,.,.,.,SER,C,2296,285,116,15,87.533,-21.625,121.36,1.75,0,0,0,0,0,2,0.388191,0.279998,10.8518,8.88476,2,2,2,42.5382,346.368,-2367.96,38.8837,308.227,2329.91,47.5993,346.545,-2863.08,2,0
A,288,.,.,.,SER,O,2297,285,120,15,88.1,-20.587,121.081,1.49,0,0,0,0,0,2,0.37013,0.279998,11.9425,9.01188,2,2,2,42.5382,346.368,-2367.96,38.8837,308.227,2329.91,47.5993,346.545,-2863.08,2,0
A,288,.,.,.,SER,CB,2298,285,118,15,85.924,-22.304,123.199,1.91,10.1539,-0.219342,-0.602644,0.767274,-2.63602,1,0.16737,0.279998,39.4387,19.2711,0.383488,0.383345,0.382753,42.5382,346.368,-2367.96,38.8837,308.227,2329.91,47.5993,346.545,-2863.08,0.0624038,0
A,288,.,.,.,SER,OG,2299,285,121,15,85.441,-23.456,122.556,1.54,30.9548,-0.444727,-0.8878,0.118442,-4.46467,1,0.34985,0.279998,42.8159,10.1596,0.213116,0.212978,0.212177,42.5382,346.368,-2367.96,38.8837,308.227,2329.91,47.5993,346.545,-2863.08,0.0582635,0
A,289,.,.,.,SER,N,2300,286,119,15,87.014,-22.424,120.445,1.7,0.93842,0.251592,-0.928837,0.271963,1.14183,1,0.341631,0.568725,15.2687,9.73584,0.576114,0.574712,0.606798,39.6501,326.643,-1761.56,38.8837,308.227,2329.91,47.5993,346.545,-2863.08,0.0691428,0
A,289,.,.,.,SER,CA,2301,286,117,15,87.055,-22.124,119.009,1.9,0,0,0,0,0,2,0.557301,0.568725,15.4341,12.8863,2,2,2,39.6501,326.643,-1761.56,38.8837,308.227,2329.91,47.5993,346.545,-2863.08,2,0
A,289,.,.,.,SER,C,2302,286,116,15,85.797,-22.682,118.353,1.75,0.0474307,0.0540393,-0.923495,-0.379786,0.082362,1,0.651214,0.568725,11.5098,8.76877,0.628864,0.568975,0.533957,39.6501,326.643,-1761.56,38.8837,308.227,2329.91,47.5993,346.545,-2863.08,2,0
A,289,.,.,.,SER,O,2303,286,120,15,85.066,-23.453,118.964,1.49,19.8437,-0.589227,-0.776952,0.221713,5.97599,1,0.550573,0.568725,35.4298,9.2468,0.516063,0.507879,0.504159,39.6501,326.643,-1761.56,38.8837,308.227,2329.91,47.5993,346.545,-2863.08,0.0736067,0
A,289,.,.,.,SER,CB,2304,286,118,15,88.288,-22.762,118.37,1.91,0,0,0,0,-0,2,0.71733,0.568725,34.5468,19.3309,2,2,2,39.6501,326.643,-1761.56,38.8837,308.227,2329.91,47.5993,346.545,-2863.08,2,0
A,289,.,.,.,SER,OG,2305,286,121,15,88.253,-24.185,118.499,1.54,27.0241,0.185172,-0.946307,0.264979,-3.89774,1,0.594303,0.568725,45.8402,10.3965,0.586529,0.580012,0.581732,39.6501,326.643,-1761.56,38.8837,308.227,2329.91,47.5993,346.545,-2863.08,0.116721,0
A,290,.,.,.,LEU,N,2306,287,81,10,85.55,-22.263,117.113,1.7,0,0,0,0,0,2,0.548218,0.581659,13.3443,9.78455,2,2,2,37.6031,295.832,-1273.01,38.8837,308.227,2329.91,47.5993,346.545,-2863.08,2,0
A,290,.,.,.,LEU,CA,2307,287,76,10,84.407,-22.733,116.346,1.9,2.29348,-0.115649,-0.951153,0.28624,4.54226,1,0.26518,0.581659,20.0824,12.7239,0.626426,0.56184,0.533957,37.6031,295.832,-1273.01,38.8837,308.227,2329.91,47.5993,346.545,-2863.08,0.105981,0
A,290,.,.,.,LEU,C,2308,287,75,10,84.914,-23.021,114.929,1.75,0,0,0,0,0,2,0.595789,0.581659,11.0404,8.48447,2,2,2,37.6031,295.832,-1273.01,38.8837,308.227,2329.91,47.5993,346.545,-2863.08,2,0
A,290,.,.,.,LEU,O,2309,287,82,10,85.578,-22.175,114.341,1.49,0,0,0,0,0,2,0.793444,0.581659,14.6654,9.12416,2,2,2,37.6031,295.832,-1273.01,38.8837,308.227,2329.91,47.5993,346.545,-2863.08,2,0
A,290,.,.,.,LEU,CB,2310,287,77,10,83.328,-21.652,116.275,1.91,1.05159,-0.394924,-0.171898,0.902489,1.07066,1,0.662117,0.581659,26.1126,15.748,0.669891,0.588258,2,37.6031,295.832,-1273.01,38.8837,308.227,2329.91,47.5993,346.545,-2863.08,2,0
A,290,.,.,.,LEU,CG,2311,287,80,10,82.185,-21.949,115.277,2.01,0,0,0,0,0,2,0.693785,0.581659,18.2861,13.8819,2,2,2,37.6031,295.832,-1273.01,38.8837,308.227,2329.91,47.5993,346.545,-2863.08,2,0
A,290,.,.,.,LEU,CD1,2312,287,78,10,81.278,-23.045,115.816,1.92,26.2663,-0.234287,-0.72367,0.649162,17.8867,1,0.424149,0.581659,65.0702,22.1164,0.371745,0.37114,0.370498,37.6031,295.832,-1273.01,38.8837,308.227,2329.91,47.5993,346.545,-2863.08,0.0862055,0
A,290,.,.,.,LEU,CD2,2313,287,79,10,81.379,-20.699,114.976,1.92,0,0,0,0,0,2,0.670589,0.581659,38.4986,22.1822,2,2,2,37.6031,295.832,-1273.01,38.8837,308.227,2329.91,47.5993,346.545,-2863.08,2,0
A,291,.,.,.,GLN,N,2314,288,41,5,84.581,-24.196,114.397,1.7,3.7172,-0.179473,-0.711215,0.679679,5.4967,1,0.594879,0.699348,19.2941,9.99201,0.767772,0.684454,2,36.3604,279.694,-954.725,38.8837,308.227,2329.91,47.5993,346.545,-2863.08,0.107127,0
A,291,.,.,.,GLN,CA,2315,288,37,5,84.931,-24.578,113.034,1.9,0,0,0,0,0,2,0.948646,0.699348,15.5956,12.7586,2,2,2,36.3604,279.694,-954.725,38.8837,308.227,2329.91,47.5993,346.545,-2863.08,2,0
A,291,.,.,.,GLN,C,2316,288,36,5,83.702,-24.676,112.143,1.75,0,0,0,0,0,2,0.829015,0.699348,11.226,8.74014,2,2,2,36.3604,279.694,-954.725,38.8837,308.227,2329.91,47.5993,346.545,-2863.08,2,0
A,291,.,.,.,GLN,O,2317,288,43,5,82.707,-25.304,112.502,1.49,13.875,-0.773661,-0.621607,0.122689,4.36855,1,0.856241,0.699348,34.2544,9.35243,0.649494,0.648621,0.548516,36.3604,279.694,-954.725,38.8837,308.227,2329.91,47.5993,346.545,-2863.08,0.119344,0
A,291,.,.,.,GLN,CB,2318,288,38,5,85.666,-25.913,113.029,1.91,0.0397542,-0.1251,-0.221359,0.967135,-0.00119983,1,0.660899,0.699348,25.6824,17.2089,0.798533,2,2,36.3604,279.694,-954.725,38.8837,308.227,2329.91,47.5993,346.545,-2863.08,2,0
A,291,.,.,.,GLN,CG,2319,288,40,5,87.06,-25.845,113.614,1.8,1.56355,-0.210389,-0.160311,0.964384,-0.361046,1,0.786938,0.699348,27.3893,13.8168,0.851769,2,2,36.3604,279.694,-954.725,38.8837,308.227,2329.91,47.5993,346.545,-2863.08,2,0
A,291,.,.,.,GLN,CD,2320,288,39,5,87.818,-27.15,113.464,1.81,0,0,0,0,-0,2,0.588828,0.699348,16.6973,11.8264,2,2,2,36.3604,279.694,-954.725,38.8837,308.227,2329.91,47.5993,346.545,-2863.08,2,0
A,291,.,.,.,GLN,OE1,2321,288,44,5,87.458,-28.012,112.652,1.52,0.000925866,0.399437,-0.734022,-0.549237,-0.000472168,1,0.469146,0.699348,21.4874,9.61814,1,2,2,36.3604,279.694,-954.725,38.8837,308.227,2329.91,47.5993,346.545,-2863.08,2,0
A,291,.,.,.,GLN,NE2,2322,288,42,5,88.879,-27.298,114.234,1.62,8.2337,0.128022,-0.0888362,0.987785,-4.4096,1,0.559536,0.699348,36.7351,12.7405,0.737672,0.667807,2,36.3604,279.694,-954.725,38.8837,308.227,2329.91,47.5993,346.545,-2863.08,0.0904346,0
A,292,.,.,.,VAL,N,2323,289,158,19,83.777,-24.038,110.984,1.7,0,0,0,0,0,2,0.755895,0.658891,12.4832,9.68411,2,2,2,34.1952,240.052,-510.255,38.8837,308.227,2329.91,47.5993,346.545,-2863.08,2,0
A,292,.,.,.,VAL,CA,2324,289,154,19,82.737,-24.129,109.948,1.9,2.7981,-0.855523,-0.47254,0.211629,4.76368,1,0.220719,0.658891,18.319,11.9766,0.688039,0.685744,2,34.1952,240.052,-510.255,38.8837,308.227,2329.91,47.5993,346.545,-2863.08,0.265585,0
A,292,.,.,.,VAL,C,2325,289,153,19,83.361,-24.835,108.734,1.75,0,0,0,0,0,2,0.489924,0.658891,10.9167,8.71233,2,2,2,34.1952,240.052,-510.255,38.8837,308.227,2329.91,47.5993,346.545,-2863.08,2,0
A,292,.,.,.,VAL,O,2326,289,159,19,84.283,-24.295,108.1,1.49,0.0304438,0.0361027,0.230927,-0.972301,0.0252423,1,0.863601,0.658891,17.7676,9.24862,0.995044,2,2,34.1952,240.052,-510.255,38.8837,308.227,2329.91,47.5993,346.545,-2863.08,2,0
A,292,.,.,.,VAL,CB,2327,289,155,19,82.212,-22.737,109.559,2.01,0,0,0,0,0,2,0.927317,0.658891,19.6149,14.1159,2,2,2,34.1952,240.052,-510.255,38.8837,308.227,2329.91,47.5993,346.545,-2863.08,2,0
A,292,.,.,.,VAL,CG1,2328,289,156,19,81.163,-22.835,108.473,1.92,19.0134,-0.916166,-0.38436,-0.113606,12.0079,1,0.690758,0.658891,57.3243,22.0185,0.759022,0.746675,2,34.1952,240.052,-510.255,38.8837,308.227,2329.91,47.5993,346.545,-2863.08,0.348888,0
A,292,.,.,.,VAL,CG2,2329,289,157,19,81.642,-22.009,110.771,1.92,1.27415,-0.696053,-0.702717,0.147308,0.879324,1,0.664026,0.658891,41.4441,22.1104,0.744879,0.715465,2,34.1952,240.052,-510.255,38.8837,308.227,2329.91,47.5993,346.545,-2863.08,0.121118,0
A,293,.,.,.,GLU,N,2330,290,50,6,82.884,-26.057,108.468,1.7,4.62961,-0.845392,-0.321551,0.426519,5.93122,1,0.782638,0.582939,19.7776,10.0016,0.610922,0.611366,0.48855,34.4558,232.494,-553.191,38.8837,308.227,2329.91,47.5993,346.545,-2863.08,0.277417,0
A,293,.,.,.,GLU,CA,2331,290,46,6,83.462,-26.97,107.477,1.9,0,0,0,0,0,2,0.907189,0.582939,16.1077,12.9464,2,2,2,34.4558,232.494,-553.191,38.8837,308.227,2329.91,47.5993,346.545,-2863.08,2,0
A,293,.,.,.,GLU,C,2332,290,45,6,82.633,-27.019,106.197,1.75,0.329034,-0.330338,-0.926829,-0.17851,0.593597,1,0.826535,0.582939,11.8724,8.72027,0.520474,0.518065,0.493614,34.4558,232.494,-553.191,38.8837,308.227,2329.91,47.5993,346.545,-2863.08,0.310456,0
A,293,.,.,.,GLU,O,2333,290,51,6,81.406,-26.989,106.254,1.49,19.8376,-0.890525,-0.391739,0.231312,4.82039,1,0.863442,0.582939,34.4118,9.33454,0.526401,0.525127,0.497837,34.4558,232.494,-553.191,38.8837,308.227,2329.91,47.5993,346.545,-2863.08,0.32955,0
A,293,.,.,.,GLU,CB,2334,290,47,6,83.537,-28.406,108.026,1.91,11.8982,-0.870898,-0.490691,0.0275445,-2.65096,1,0.598031,0.582939,35.7836,16.7717,0.527968,0.525778,0.497312,34.4558,232.494,-553.191,38.8837,308.227,2329.91,47.5993,346.545,-2863.08,0.247681,0
A,293,.,.,.,GLU,CG,2335,290,49,6,84.347,-28.582,109.301,1.88,3.57953,-0.813733,-0.0453943,0.579463,-1.38406,1,0.637912,0.582939,31.7549,16.8725,0.524294,0.524233,0.498722,34.4558,232.494,-553.191,38.8837,308.227,2329.91,47.5993,346.545,-2863.08,0.173212,0
A,293,.,.,.,GLU,CD,2336,290,48,6,84.584,-30.046,109.665,1.76,4.89762,-0.785087,-0.220718,0.578724,-2.12489,1,0.188956,0.582939,20.422,10.7899,0.528193,0.522057,0.497312,34.4558,232.494,-553.191,38.8837,308.227,2329.91,47.5993,346.545,-2863.08,0.153869,0
A,293,.,.,.,GLU,OE1,2337,290,52,6,84.052,-30.944,108.972,1.49,24.6621,-0.678121,-0.73224,-0.063051,-16.3171,1,0.107895,0.582939,38.1026,9.30342,0.432156,0.426827,0.409625,34.4558,232.494,-553.191,38.8837,308.227,2329.91,47.5993,346.545,-2863.08,0.175683,0
A,293,.,.,.,GLU,OE2,2338,290,52,6,85.296,-30.298,110.665,1.49,1.14464,-0.473181,-0.82626,0.305605,-0.757325,1,0.333849,0.582939,23.7621,9.46318,0.55213,0.54857,0.509158,34.4558,232.494,-553.191,38.8837,308.227,2329.91,47.5993,346.545,-2863.08,0.141973,0
A,294,.,.,.,ASN,N,2339,291,19,2,83.317,-27.096,105.058,1.7,0,0,0,0,0,2,0.878048,0.897954,13.7407,9.88849,2,2,2,33.0283,199.332,-354.957,38.8837,308.227,2329.91,47.5993,346.545,-2863.08,2,0
A,294,.,.,.,ASN,CA,2340,291,16,2,82.689,-27.259,103.761,1.9,2.73607,-0.714221,-0.664723,0.219163,2.05176,1,0.824761,0.897954,20.3409,12.741,0.49481,0.488741,0.486707,33.0283,199.332,-354.957,38.8837,308.227,2329.91,47.5993,346.545,-2863.08,0.317305,0
A,294,.,.,.,ASN,C,2341,291,15,2,83.499,-28.187,102.873,1.75,0,0,0,0,0,2,0.949729,0.897954,11.1795,8.74005,2,2,2,33.0283,199.332,-354.957,38.8837,308.227,2329.91,47.5993,346.545,-2863.08,2,0
A,294,.,.,.,ASN,O,2342,291,21,2,84.708,-27.973,102.656,1.49,0,0,0,0,0,2,0.964472,0.897954,14.994,9.32953,2,2,2,33.0283,199.332,-354.957,38.8837,308.227,2329.91,47.5993,346.545,-2863.08,2,0
A,294,.,.,.,ASN,CB,2343,291,17,2,82.538,-25.904,103.051,1.91,0.149551,-0.605922,-0.355759,-0.711543,-0.0236436,1,0.995591,0.897954,30.5748,17.5475,0.525213,0.488512,2,33.0283,199.332,-354.957,38.8837,308.227,2329.91,47.5993,346.545,-2863.08,2,0
A,294,.,.,.,ASN,CG,2344,291,18,2,81.395,-25.083,103.607,1.81,0.0459109,-0.566526,0.769613,-0.294523,-0.00545665,1,0.941829,0.897954,14.4529,11.1366,0.552838,0.547226,0.482368,33.0283,199.332,-354.957,38.8837,308.227,2329.91,47.5993,346.545,-2863.08,0.361422,0
A,294,.,.,.,ASN,OD1,2345,291,22,2,81.62,-24.044,104.278,1.52,1.63616,-0.812799,0.331731,0.478865,-0.569575,1,0.989959,0.897954,27.5228,9.83744,0.837556,0.831364,2,33.0283,199.332,-354.957,38.8837,308.227,2329.91,47.5993,346.545,-2863.08,0.364874,0
A,294,.,.,.,ASN,ND2,2346,291,20,2,80.151,-25.549,103.364,1.62,37.072,-0.984415,-0.172757,-0.0328849,-17.7913,1,0.639241,0.897954,53.7143,12.8964,0.53627,0.535089,0.518864,33.0283,199.332,-354.957,38.8837,308.227,2329.91,47.5993,346.545,-2863.08,0.344216,0
A,295,.,.,.,GLU,N,2347,292,50,6,82.819,-29.197,102.339,1.7,8.69833,-0.897059,-0.226638,0.379368,11.1439,1,0.462283,0.373031,24.3658,10.0351,0.505196,0.501948,0.495323,34.0568,193.108,-510.605,38.8837,308.227,2329.91,47.5993,346.545,-2863.08,0.252231,0
A,295,.,.,.,GLU,CA,2348,292,46,6,83.447,-30.118,101.398,1.9,0,0,0,0,0,2,0.607476,0.373031,15.5128,12.6288,2,2,2,34.0568,193.108,-510.605,38.8837,308.227,2329.91,47.5993,346.545,-2863.08,2,0
A,295,.,.,.,GLU,C,2349,292,45,6,83.441,-29.518,100,1.75,0,0,0,0,0,2,0.849746,0.373031,10.5623,8.6775,2,2,2,34.0568,193.108,-510.605,38.8837,308.227,2329.91,47.5993,346.545,-2863.08,2,0
A,295,.,.,.,GLU,O,2350,292,51,6,82.379,-29.164,99.486,1.49,17.6342,-0.948759,0.140452,-0.28307,4.28496,1,0.834027,0.373031,36.0466,9.38127,0.553515,0.548071,0.540928,34.0568,193.108,-510.605,38.8837,308.227,2329.91,47.5993,346.545,-2863.08,0.193462,0
A,295,.,.,.,GLU,CB,2351,292,47,6,82.737,-31.474,101.385,1.91,18.8081,-0.875161,-0.10352,0.472628,-4.19052,1,0.248518,0.373031,43.451,17.0037,0.514371,0.512627,0.510184,34.0568,193.108,-510.605,38.8837,308.227,2329.91,47.5993,346.545,-2863.08,0.107573,0
A,295,.,.,.,GLU,CG,2352,292,49,6,83.469,-32.468,100.486,1.88,0.647898,0.824246,-0.336254,-0.455579,-0.250516,1,0.177391,0.373031,29.925,16.6252,0.522727,0.481859,0.45472,34.0568,193.108,-510.605,38.8837,308.227,2329.91,47.5993,346.545,-2863.08,0.0959523,0
A,295,.,.,.,GLU,CD,2353,292,48,6,82.996,-33.889,100.623,1.76,0.221239,-0.542121,-0.837843,0.0642187,-0.0959875,1,0.0727476,0.373031,17.1008,10.6548,0.0473637,0.047153,0.0467072,34.0568,193.108,-510.605,38.8837,308.227,2329.91,47.5993,346.545,-2863.08,0.0797239,0
A,295,.,.,.,GLU,OE1,2354,292,52,6,81.801,-34.103,100.92,1.49,35.4486,-0.896666,-0.413562,0.157975,-23.4537,1,0.0178528,0.373031,45.6738,9.35788,0.0448421,0.0447994,0.0444523,34.0568,193.108,-510.605,38.8837,308.227,2329.91,47.5993,346.545,-2863.08,0.0763919,0
A,295,.,.,.,GLU,OE2,2355,292,52,6,83.832,-34.788,100.396,1.49,17.8749,0.313533,-0.776784,-0.546172,-11.8265,1,0.0872354,0.373031,34.768,9.43128,0.0114835,0.0112081,0.0110401,34.0568,193.108,-510.605,38.8837,308.227,2329.91,47.5993,346.545,-2863.08,0.0932475,0
A,296,.,.,.,ILE,N,2356,293,73,9,84.627,-29.402,99.413,1.7,0,0,0,0,0,2,0.347687,0.434843,11.2706,9.56733,2,2,2,32.6583,175.554,-387.707,40.5278,279.516,-707.872,43.2524,337.562,-1491.09,2,0
A,296,.,.,.,ILE,CA,2357,293,68,9,84.845,-28.883,98.052,1.9,1.0252,-0.82669,0.315523,-0.465863,1.92926,1,0.466565,0.434843,16.6963,11.944,0.869804,2,2,32.6583,175.554,-387.707,40.5278,279.516,-707.872,43.2524,337.562,-1491.09,0.200577,0
A,296,.,.,.,ILE,C,2358,293,67,9,85.208,-30.074,97.178,1.75,0,0,0,0,0,2,0.204423,0.434843,10.1952,8.43584,2,2,2,32.6583,175.554,-387.707,40.5278,279.516,-707.872,43.2524,337.562,-1491.09,2,0
A,296,.,.,.,ILE,O,2359,293,74,9,86.167,-30.77,97.453,1.49,1.26208,0.0577452,-0.968995,0.240236,1.19668,1,0.109579,0.434843,16.4363,9.10784,0.813938,2,2,32.6583,175.554,-387.707,40.5278,279.516,-707.872,43.2524,337.562,-1491.09,0.102824,0
A,296,.,.,.,ILE,CB,2360,293,69,9,86.003,-27.853,98.038,2.01,0,0,0,0,0,2,0.429736,0.434843,17.5032,14.0371,2,2,2,32.6583,175.554,-387.707,40.5278,279.516,-707.872,43.2524,337.562,-1491.09,2,0
A,296,.,.,.,ILE,CG1,2361,293,71,9,85.688,-26.708,99.015,1.92,0,0,0,0,0,2,0.785701,0.434843,22.0375,15.7592,2,2,2,32.6583,175.554,-387.707,40.5278,279.516,-707.872,43.2524,337.562,-1491.09,2,0
A,296,.,.,.,ILE,CG2,2362,293,72,9,86.297,-27.361,96.614,1.92,0,0,0,0,0,2,0.462821,0.434843,33.4477,22.0679,2,2,2,32.6583,175.554,-387.707,40.5278,279.516,-707.872,43.2524,337.562,-1491.09,2,0
A,296,.,.,.,ILE,CD1,2363,293,70,9,84.452,-25.937,98.705,1.92,0.0647061,-0.670248,-0.427066,-0.606945,0.0492164,1,0.672234,0.434843,39.4521,22.6051,0.837775,2,2,32.6583,175.554,-387.707,40.5278,279.516,-707.872,43.2524,337.562,-1491.09,2,0
A,297,.,.,.,LEU,N,2364,294,81,10,84.425,-30.314,96.134,1.7,2.12721,-0.816408,0.560563,-0.138734,4.31201,1,0.176021,0.0553153,17.7726,9.74751,0.869849,2,2,33.8893,161.544,-505.907,38.5161,271.365,440.605,43.2524,337.562,-1491.09,0.143968,0
A,297,.,.,.,LEU,CA,2365,294,76,10,84.595,-31.505,95.325,1.9,0.663411,0.483893,-0.836554,0.256954,1.31389,1,0.0700835,0.0553153,17.5683,12.5261,0.392858,0.320794,0.290051,33.8893,161.544,-505.907,38.5161,271.365,440.605,43.2524,337.562,-1491.09,0.0987064,0
A,297,.,.,.,LEU,C,2366,294,75,10,85.53,-31.347,94.133,1.75,0,0,0,0,0,2,0.0205714,0.0553153,9.71004,8.72068,2,2,2,33.8893,161.544,-505.907,38.5161,271.365,440.605,43.2524,337.562,-1491.09,2,0
A,297,.,.,.,LEU,O,2367,294,82,10,85.86,-32.333,93.489,1.49,21.3096,0.125051,-0.904146,-0.408512,16.3426,1,0.0136116,0.0553153,34.9433,9.26394,0.040751,0.0407228,0.0407228,33.8893,161.544,-505.907,38.5161,271.365,440.605,43.2524,337.562,-1491.09,0.124924,0
A,297,.,.,.,LEU,CB,2368,294,77,10,83.223,-31.984,94.85,1.91,7.38255,-0.1789,-0.595196,-0.783414,7.51639,1,0.00609459,0.0553153,32.6039,15.6549,0.0422971,0.0420466,0.0420466,33.8893,161.544,-505.907,38.5161,271.365,440.605,43.2524,337.562,-1491.09,0.104254,0
A,297,.,.,.,LEU,CG,2369,294,80,10,82.286,-32.437,95.975,2.01,3.49589,-0.517776,0.782212,0.346487,4.74748,1,0.114083,0.0553153,25.013,14.0346,0.0331587,0.0329403,0.0328974,33.8893,161.544,-505.907,38.5161,271.365,440.605,43.2524,337.562,-1491.09,0.0763366,0
A,297,.,.,.,LEU,CD1,2370,294,78,10,80.88,-32.742,95.454,1.92,66.5904,-0.96938,-0.117199,-0.215794,45.3465,1,0.0169983,0.0553153,88.2739,22.2467,0.0348891,0.0347839,0.0346081,33.8893,161.544,-505.907,38.5161,271.365,440.605,43.2524,337.562,-1491.09,0.0804717,0
A,297,.,.,.,LEU,CD2,2371,294,79,10,82.851,-33.648,96.683,1.92,31.9713,0.203752,-0.970093,-0.131928,16.959,1,0.0250591,0.0553153,64.8805,21.9763,0.021574,0.0214414,0.0213733,33.8893,161.544,-505.907,38.5161,271.365,440.605,43.2524,337.562,-1491.09,0.0743769,0
A,298,.,.,.,PHE,N,2372,295,107,13,85.922,-30.113,93.81,1.7,0,0,0,0,0,2,0.314563,0.239918,13.5011,9.8475,2,2,2,33.0352,154.146,-414.657,40.5278,279.516,-707.872,43.2524,337.562,-1491.09,2,0
A,298,.,.,.,PHE,CA,2373,295,101,13,86.86,-29.874,92.723,1.9,0.424847,0.486845,-0.841057,-0.235806,0.668956,1,0.0377873,0.239918,16.3726,12.4205,0.24583,0.245559,0.245559,33.0352,154.146,-414.657,40.5278,279.516,-707.872,43.2524,337.562,-1491.09,2,0
A,298,.,.,.,PHE,C,2374,295,100,13,87.492,-28.495,92.856,1.75,0,0,0,0,0,2,0.322755,0.239918,11.059,8.75139,2,2,2,33.0352,154.146,-414.657,40.5278,279.516,-707.872,43.2524,337.562,-1491.09,2,0
A,298,.,.,.,PHE,O,2375,295,108,13,86.896,-27.579,93.46,1.49,0,0,0,0,0,2,0.51822,0.239918,14.2683,9.27493,2,2,2,33.0352,154.146,-414.657,40.5278,279.516,-707.872,43.2524,337.562,-1491.09,2,0
A,298,.,.,.,PHE,CB,2376,295,102,13,86.178,-30.036,91.343,1.91,21.8825,0.173783,-0.559978,-0.810076,21.5741,1,0.00915474,0.239918,44.8589,17.7301,0.0847269,0.0846003,0.0815369,33.0352,154.146,-414.657,40.5278,279.516,-707.872,43.2524,337.562,-1491.09,0.181335,0
A,298,.,.,.,PHE,CG,2377,295,105,13,84.877,-29.279,91.214,1.74,1.29726,-0.102729,-0.274923,-0.955962,2.17979,1,0.430595,0.239918,8.68151,6.2946,0.444494,0.442558,0.41471,33.0352,154.146,-414.657,40.5278,279.516,-707.872,43.2524,337.562,-1491.09,0.217113,0
A,298,.,.,.,PHE,CD1,2378,295,103,13,84.866,-27.937,90.821,1.82,8.88474,0.193159,-0.0357756,-0.980515,8.69263,1,0.352473,0.239918,29.7855,14.4667,0.73408,0.713651,0.528119,33.0352,154.146,-414.657,40.5278,279.516,-707.872,43.2524,337.562,-1491.09,0.231398,0
A,298,.,.,.,PHE,CD2,2379,295,103,13,83.671,-29.892,91.516,1.82,12.9571,-0.180394,-0.775241,-0.605358,12.6769,1,0.146366,0.239918,32.9122,14.3684,0.20317,0.20215,0.194015,33.0352,154.146,-414.657,40.5278,279.516,-707.872,43.2524,337.562,-1491.09,0.174135,0
A,298,.,.,.,PHE,CE1,2380,295,104,13,83.663,-27.23,90.727,1.82,4.99899,0.15831,0.0272236,-0.987014,3.55533,1,0.221218,0.239918,26.8205,13.9208,0.79541,0.778971,2,33.0352,154.146,-414.657,40.5278,279.516,-707.872,43.2524,337.562,-1491.09,0.364218,0
A,298,.,.,.,PHE,CE2,2381,295,104,13,82.467,-29.192,91.412,1.82,25.649,-0.856942,-0.469745,-0.21211,18.2418,1,0.119414,0.239918,46.4276,14.064,0.405207,0.402377,0.38745,33.0352,154.146,-414.657,40.5278,279.516,-707.872,43.2524,337.562,-1491.09,0.154765,0
A,298,.,.,.,PHE,CZ,2382,295,106,13,82.462,-27.867,91.009,1.82,11.6109,-0.698126,-0.108367,-0.707726,7.76503,1,0.166547,0.239918,34.6811,14.0431,0.675828,0.657573,0.575362,33.0352,154.146,-414.657,40.5278,279.516,-707.872,43.2524,337.562,-1491.09,0.228026,0
A,299,.,.,.,PRO,N,2383,296,114,14,88.707,-28.339,92.318,1.7,0,0,0,0,0,2,0.0678521,0.319293,6.28575,5.46902,2,2,2,32.0259,155.897,-202.736,40.5278,279.516,-707.872,43.2524,337.562,-1491.09,2,0
A,299,.,.,.,PRO,CA,2384,296,110,14,89.365,-27.025,92.384,1.9,0,0,0,0,0,2,0.572407,0.319293,17.7291,12.8926,2,2,2,32.0259,155.897,-202.736,40.5278,279.516,-707.872,43.2524,337.562,-1491.09,2,0
A,299,.,.,.,PRO,C,2385,296,109,14,88.622,-25.997,91.557,1.75,0.528013,0.554282,0.297778,-0.777239,0.972399,1,0.732291,0.319293,11.3162,8.67245,0.801434,0.796625,2,32.0259,155.897,-202.736,40.5278,279.516,-707.872,43.2524,337.562,-1491.09,0.261609,0
A,299,.,.,.,PRO,O,2386,296,115,14,87.999,-26.351,90.547,1.49,15.7953,0.0463204,-0.0385766,-0.998181,4.91436,1,0.455981,0.319293,30.6197,9.35259,0.813318,0.796625,2,32.0259,155.897,-202.736,40.5278,279.516,-707.872,43.2524,337.562,-1491.09,0.227069,0
A,299,.,.,.,PRO,CB,2387,296,111,14,90.741,-27.273,91.762,1.91,17.3965,0.485106,0.418666,-0.767718,-5.66503,1,0.207152,0.319293,40.4922,16.7736,0.161353,0.160587,0.157358,32.0259,155.897,-202.736,40.5278,279.516,-707.872,43.2524,337.562,-1491.09,0.153059,0
A,299,.,.,.,PRO,CG,2388,296,113,14,90.929,-28.732,91.748,1.92,26.7615,0.682907,-0.493646,-0.538472,-12.1087,1,0.151889,0.319293,48.6152,17.023,0.0521067,0.0520097,0.0510882,32.0259,155.897,-202.736,40.5278,279.516,-707.872,43.2524,337.562,-1491.09,0.137725,0
A,299,.,.,.,PRO,CD,2389,296,112,14,89.578,-29.367,91.717,1.92,20.8668,0.111204,-0.749465,-0.652638,4.21467,1,0.0474789,0.319293,46.5037,18.1096,0.044776,0.0446977,0.0436801,32.0259,155.897,-202.736,40.5278,279.516,-707.872,43.2524,337.562,-1491.09,0.149564,0
A,300,.,.,.,GLY,N,2390,297,55,7,88.699,-24.738,91.968,1.7,1.32085,0.881384,0.270062,-0.387593,1.17537,1,0.814564,0.821044,15.4975,9.88433,0.822657,2,2,29.7067,136.555,-70.4203,41.4641,291.287,-1131.83,46.9772,360.792,-2870.07,0.238024,0
A,300,.,.,.,GLY,CA,2391,297,54,7,88.023,-23.636,91.259,1.9,24.5799,0.221569,0.23831,-0.945577,-0.720086,1,0.862788,0.821044,50.9858,19.0926,0.900691,2,2,29.7067,136.555,-70.4203,41.4641,291.287,-1131.83,46.9772,360.792,-2870.07,0.352653,0
A,300,.,.,.,GLY,C,2392,297,53,7,86.772,-23.11,91.944,1.75,0.612389,-0.458055,-0.195565,-0.867145,0.679795,1,0.769902,0.821044,13.5473,8.76697,0.941764,2,2,29.7067,136.555,-70.4203,41.4641,291.287,-1131.83,46.9772,360.792,-2870.07,0.506753,0
A,300,.,.,.,GLY,O,2393,297,56,7,86.298,-22.008,91.643,1.49,5.99363,0.227441,0.44759,-0.864832,0.879182,1,0.83692,0.821044,25.0139,9.30332,0.936271,2,2,29.7067,136.555,-70.4203,41.4641,291.287,-1131.83,46.9772,360.792,-2870.07,0.340457,0
A,301,.,.,.,CYS,N,2394,298,33,4,86.195,-23.892,92.843,1.7,0,0,0,0,0,2,0.42595,0.669419,15.1123,9.87678,2,2,2,28.9434,136.131,-85.5678,41.4641,291.287,-1131.83,46.9772,360.792,-2870.07,2,0
A,301,.,.,.,CYS,CA,2395,298,31,4,85.181,-23.35,93.73,1.9,0,0,0,0,0,2,0.687938,0.669419,17.3324,12.7317,2,2,2,28.9434,136.131,-85.5678,41.4641,291.287,-1131.83,46.9772,360.792,-2870.07,2,0
A,301,.,.,.,CYS,C,2396,298,30,4,85.805,-22.207,94.546,1.75,0,0,0,0,0,2,0.937021,0.669419,10.5176,8.74551,2,2,2,28.9434,136.131,-85.5678,41.4641,291.287,-1131.83,46.9772,360.792,-2870.07,2,0
A,301,.,.,.,CYS,O,2397,298,34,4,87.015,-22.201,94.793,1.49,0,0,0,0,0,2,0.898103,0.669419,13.6296,9.15608,2,2,2,28.9434,136.131,-85.5678,41.4641,291.287,-1131.83,46.9772,360.792,-2870.07,2,0
A,301,.,.,.,CYS,CB,2398,298,32,4,84.64,-24.429,94.645,1.91,0,0,0,0,0,2,0.840042,0.669419,28.1345,18.1805,2,2,2,28.9434,136.131,-85.5678,41.4641,291.287,-1131.83,46.9772,360.792,-2870.07,2,0
A,301,.,.,.,CYS,SG,2399,298,35,4,83.814,-25.779,93.77,1.88,1.20012,-0.51641,-0.668153,0.535622,1.25746,1,0.227464,0.669419,39.4864,22.8665,0.871526,2,2,28.9434,136.131,-85.5678,41.4641,291.287,-1131.83,46.9772,360.792,-2870.07,2,0
A,302,.,.,.,VAL,N,2400,299,158,19,84.993,-21.218,94.909,1.7,0,0,0,0,0,2,0.764684,0.805726,13.4084,9.89669,2,2,2,27.8303,136.816,146.449,41.4641,291.287,-1131.83,46.9772,360.792,-2870.07,2,0
A,302,.,.,.,VAL,CA,2401,299,154,19,85.452,-20.063,95.7,1.9,0,0,0,0,0,3,0.964932,0.805726,14.0835,11.9136,2,2,2,27.8303,136.816,146.449,41.4641,291.287,-1131.83,46.9772,360.792,-2870.07,2,0
A,302,.,.,.,VAL,C,2402,299,153,19,84.732,-20.081,97.043,1.75,0,0,0,0,0,2,0.917006,0.805726,11.6528,8.497,2,2,2,27.8303,136.816,146.449,41.4641,291.287,-1131.83,46.9772,360.792,-2870.07,2,0
A,302,.,.,.,VAL,O,2403,299,159,19,83.519,-20.283,97.092,1.49,0,0,0,0,0,2,0.88183,0.805726,14.3008,9.03045,2,2,2,27.8303,136.816,146.449,41.4641,291.287,-1131.83,46.9772,360.792,-2870.07,2,0
A,302,.,.,.,VAL,CB,2404,299,155,19,85.19,-18.751,94.941,2.01,0,0,0,0,0,2,0.727905,0.805726,18.2404,14.1676,2,2,2,27.8303,136.816,146.449,41.4641,291.287,-1131.83,46.9772,360.792,-2870.07,2,0
A,302,.,.,.,VAL,CG1,2405,299,156,19,85.369,-17.528,95.829,1.92,0,0,0,0,0,2,0.810139,0.805726,35.2812,21.9817,2,2,2,27.8303,136.816,146.449,41.4641,291.287,-1131.83,46.9772,360.792,-2870.07,2,0
A,302,.,.,.,VAL,CG2,2406,299,157,19,86.103,-18.668,93.73,1.92,0.194592,0.494127,-0.208458,-0.844028,0.134293,1,0.573584,0.805726,38.2503,22.121,0.954737,2,2,27.8303,136.816,146.449,41.4641,291.287,-1131.83,46.9772,360.792,-2870.07,2,0
A,303,.,.,.,LEU,N,2407,300,81,10,85.492,-19.891,98.115,1.7,0,0,0,0,0,3,0.997109,0.928512,12.511,9.76073,2,2,2,28.4477,156.344,223.069,43.6453,284.752,-893.942,46.9772,360.792,-2870.07,2,0
A,303,.,.,.,LEU,CA,2408,300,76,10,84.943,-19.735,99.449,1.9,0,0,0,0,0,3,0.97722,0.928512,15.2173,12.6595,2,2,2,28.4477,156.344,223.069,43.6453,284.752,-893.942,46.9772,360.792,-2870.07,2,0
A,303,.,.,.,LEU,C,2409,300,75,10,84.868,-18.24,99.696,1.75,0,0,0,0,0,3,0.994411,0.928512,10.358,8.5621,2,2,2,28.4477,156.344,223.069,43.6453,284.752,-893.942,46.9772,360.792,-2870.07,2,0
A,303,.,.,.,LEU,O,2410,300,82,10,85.847,-17.53,99.471,1.49,0,0,0,0,0,2,0.982865,0.928512,11.9789,9.00128,2,2,2,28.4477,156.344,223.069,43.6453,284.752,-893.942,46.9772,360.792,-2870.07,2,0
A,303,.,.,.,LEU,CB,2411,300,77,10,85.882,-20.322,100.497,1.91,0,0,0,0,0,2,0.94899,0.928512,23.5115,15.1918,2,2,2,28.4477,156.344,223.069,43.6453,284.752,-893.942,46.9772,360.792,-2870.07,2,0
A,303,.,.,.,LEU,CG,2412,300,80,10,85.783,-21.8,100.805,2.01,0,0,0,0,0,2,0.820726,0.928512,19.9831,14.3161,2,2,2,28.4477,156.344,223.069,43.6453,284.752,-893.942,46.9772,360.792,-2870.07,2,0
A,303,.,.,.,LEU,CD1,2413,300,78,10,86.958,-22.155,101.702,1.92,0,0,0,0,0,2,0.840816,0.928512,35.8173,21.9804,2,2,2,28.4477,156.344,223.069,43.6453,284.752,-893.942,46.9772,360.792,-2870.07,2,0
A,303,.,.,.,LEU,CD2,2414,300,79,10,84.442,-22.091,101.493,1.92,0.0628567,0.0558076,-0.454427,0.889034,0.0333421,1,0.865962,0.928512,42.7201,22.181,0.995044,2,2,28.4477,156.344,223.069,43.6453,284.752,-893.942,46.9772,360.792,-2870.07,2,0
A,304,.,.,.,ARG,N,2415,301,11,1,83.727,-17.765,100.149,1.7,0,0,0,0,0,2,0.996109,0.91289,14.7793,9.97456,2,2,2,27.4366,143.525,310.925,43.6453,284.752,-893.942,46.9772,360.792,-2870.07,2,0
A,304,.,.,.,ARG,CA,2416,301,6,1,83.549,-16.337,100.471,1.9,0,0,0,0,0,2,0.994235,0.91289,14.5884,12.7694,2,2,2,27.4366,143.525,310.925,43.6453,284.752,-893.942,46.9772,360.792,-2870.07,2,0
A,304,.,.,.,ARG,C,2417,301,5,1,82.879,-16.227,101.838,1.75,0.0507701,-0.852936,0.518382,0.061483,0.0936526,1,0.977695,0.91289,11.5599,8.64879,0.991138,2,2,27.4366,143.525,310.925,43.6453,284.752,-893.942,46.9772,360.792,-2870.07,2,0
A,304,.,.,.,ARG,O,2418,301,14,1,81.93,-16.947,102.13,1.49,0.527359,-0.714556,0.699417,0.0150096,0.198596,1,0.901988,0.91289,17.8616,9.16877,0.99063,2,2,27.4366,143.525,310.925,43.6453,284.752,-893.942,46.9772,360.792,-2870.07,2,0
A,304,.,.,.,ARG,CB,2419,301,7,1,82.705,-15.624,99.411,1.91,0,0,0,0,0,2,0.959305,0.91289,26.4603,16.5439,2,2,2,27.4366,143.525,310.925,43.6453,284.752,-893.942,46.9772,360.792,-2870.07,2,0
A,304,.,.,.,ARG,CG,2420,301,9,1,82.54,-14.121,99.64,1.92,7.98027,-0.0600148,0.886379,0.459054,0.0527568,1,0.918418,0.91289,36.2637,17.2391,0.970184,2,2,27.4366,143.525,310.925,43.6453,284.752,-893.942,46.9772,360.792,-2870.07,2,0
A,304,.,.,.,ARG,CD,2421,301,8,1,81.675,-13.474,98.571,1.88,1.18566,0.61235,0.761711,0.211717,-0.532167,1,0.917214,0.91289,32.1126,17.189,0.971174,2,2,27.4366,143.525,310.925,43.6453,284.752,-893.942,46.9772,360.792,-2870.07,2,0
A,304,.,.,.,ARG,NE,2422,301,12,1,80.299,-13.911,98.703,1.62,0.546524,-0.16728,0.0391012,0.985134,-0.151541,1,0.944126,0.91289,15.6055,7.95454,0.994844,2,2,27.4366,143.525,310.925,43.6453,284.752,-893.942,46.9772,360.792,-2870.07,2,0
A,304,.,.,.,ARG,CZ,2423,301,10,1,79.31,-13.598,97.869,1.8,0,0,0,0,-0,2,0.853695,0.91289,14.6484,11.2509,2,2,2,27.4366,143.525,310.925,43.6453,284.752,-893.942,46.9772,360.792,-2870.07,2,0
A,304,.,.,.,ARG,NH1,2424,301,13,1,79.51,-12.798,96.826,1.62,0,0,0,0,-0,2,0.838316,0.91289,24.3785,12.7071,2,2,2,27.4366,143.525,310.925,43.6453,284.752,-893.942,46.9772,360.792,-2870.07,2,0
A,304,.,.,.,ARG,NH2,2425,301,13,1,78.108,-14.086,98.092,1.67,5.74862,-0.843264,0.134535,-0.520391,-2.91858,1,0.74069,0.91289,32.8558,14.3237,0.948595,2,2,27.4366,143.525,310.925,43.6453,284.752,-893.942,46.9772,360.792,-2870.07,0.417704,0
A,305,.,.,.,TRP,N,2426,302,140,17,83.362,-15.305,102.661,1.7,0,0,0,0,0,2,0.506378,0.776509,11.5301,9.78484,2,2,2,28.3965,161.831,286.982,43.6453,284.752,-893.942,46.9772,360.792,-2870.07,2,0
A,305,.,.,.,TRP,CA,2427,302,130,17,82.875,-15.17,104.01,1.9,1.12286,-0.867804,0.256571,-0.425544,1.79434,1,0.605152,0.776509,17.2106,12.7018,0.985479,2,2,28.3965,161.831,286.982,43.6453,284.752,-893.942,46.9772,360.792,-2870.07,2,0
A,305,.,.,.,TRP,C,2428,302,129,17,82.757,-13.717,104.434,1.75,1.02806,-0.753694,0.162049,-0.636934,2.36719,1,0.477419,0.776509,12.5961,8.68458,0.988635,2,2,28.3965,161.831,286.982,43.6453,284.752,-893.942,46.9772,360.792,-2870.07,2,0
A,305,.,.,.,TRP,O,2429,302,142,17,83.398,-12.828,103.862,1.49,0.677862,-0.597763,0.429529,-0.676893,0.539826,1,0.650084,0.776509,16.0266,9.24636,0.983177,2,2,28.3965,161.831,286.982,43.6453,284.752,-893.942,46.9772,360.792,-2870.07,2,0
A,305,.,.,.,TRP,CB,2430,302,131,17,83.806,-15.906,105.001,1.91,0.259318,-0.341031,0.010245,0.939996,0.220654,1,0.934234,0.776509,28.9279,17.9493,0.965438,2,2,28.3965,161.831,286.982,43.6453,284.752,-893.942,46.9772,360.792,-2870.07,2,0
A,305,.,.,.,TRP,CG,2431,302,136,17,85.218,-15.365,104.992,1.74,0,0,0,0,0,2,0.91303,0.776509,7.43619,6.50869,2,2,2,28.3965,161.831,286.982,43.6453,284.752,-893.942,46.9772,360.792,-2870.07,2,0
A,305,.,.,.,TRP,CD1,2432,302,132,17,85.706,-14.282,105.71,1.82,0,0,0,0,0,2,0.963243,0.776509,23.4013,15.7836,2,2,2,28.3965,161.831,286.982,43.6453,284.752,-893.942,46.9772,360.792,-2870.07,2,0
A,305,.,.,.,TRP,CD2,2433,302,133,17,86.302,-15.817,104.174,1.82,0,0,0,0,0,2,0.872997,0.776509,11.4272,9.94095,2,2,2,28.3965,161.831,286.982,43.6453,284.752,-893.942,46.9772,360.792,-2870.07,2,0
A,305,.,.,.,TRP,NE1,2434,302,141,17,87.03,-14.068,105.393,1.66,3.58281,0.711403,0.618719,0.333304,1.05061,1,0.922718,0.776509,20.7393,10.0966,0.933566,2,2,28.3965,161.831,286.982,43.6453,284.752,-893.942,46.9772,360.792,-2870.07,0.271931,0
A,305,.,.,.,TRP,CE2,2435,302,134,17,87.42,-15.002,104.467,1.74,0,0,0,0,0,2,0.735752,0.776509,8.1063,7.63713,2,2,2,28.3965,161.831,286.982,43.6453,284.752,-893.942,46.9772,360.792,-2870.07,2,0
A,305,.,.,.,TRP,CE3,2436,302,135,17,86.45,-16.862,103.242,1.82,0,0,0,0,0,2,0.936275,0.776509,22.2359,14.0705,2,2,2,28.3965,161.831,286.982,43.6453,284.752,-893.942,46.9772,360.792,-2870.07,2,0
A,305,.,.,.,TRP,CZ2,2437,302,138,17,88.654,-15.187,103.845,1.82,6.29269,0.650941,0.758935,-0.0171203,2.43581,1,0.817091,0.776509,29.2952,14.6886,0.845995,0.759645,2,28.3965,161.831,286.982,43.6453,284.752,-893.942,46.9772,360.792,-2870.07,0.275197,0
A,305,.,.,.,TRP,CZ3,2438,302,139,17,87.668,-17.03,102.629,1.82,0,0,0,0,0,2,0.813613,0.776509,21.3982,13.9801,2,2,2,28.3965,161.831,286.982,43.6453,284.752,-893.942,46.9772,360.792,-2870.07,2,0
A,305,.,.,.,TRP,CH2,2439,302,137,17,88.751,-16.195,102.924,1.82,0.714071,0.864991,0.373714,-0.334855,0.338418,1,0.723139,0.776509,22.7435,13.9789,0.752404,0.697778,2,28.3965,161.831,286.982,43.6453,284.752,-893.942,46.9772,360.792,-2870.07,0.268324,0
A,306,.,.,.,GLN,N,2440,303,41,5,81.932,-13.5,105.459,1.7,0.014275,-0.681547,-0.193262,-0.705792,0.0211087,1,0.973785,0.815132,13.2799,9.78371,0.984192,2,2,28.8408,163.461,209.156,43.6453,284.752,-893.942,46.9772,360.792,-2870.07,2,0
A,306,.,.,.,GLN,CA,2441,303,37,5,81.914,-12.262,106.206,1.9,0,0,0,0,0,2,0.962781,0.815132,15.1885,12.6634,2,2,2,28.8408,163.461,209.156,43.6453,284.752,-893.942,46.9772,360.792,-2870.07,2,0
A,306,.,.,.,GLN,C,2442,303,36,5,81.52,-12.534,107.657,1.75,0,0,0,0,0,2,0.962883,0.815132,10.7997,8.71977,2,2,2,28.8408,163.461,209.156,43.6453,284.752,-893.942,46.9772,360.792,-2870.07,2,0
A,306,.,.,.,GLN,O,2443,303,43,5,80.743,-13.449,107.944,1.49,0.147449,0.606966,-0.791295,0.0737879,0.0464244,1,0.971548,0.815132,14.5667,9.17347,0.965438,2,2,28.8408,163.461,209.156,43.6453,284.752,-893.942,46.9772,360.792,-2870.07,2,0
A,306,.,.,.,GLN,CB,2444,303,38,5,80.963,-11.256,105.576,1.91,0,0,0,0,-0,2,0.672997,0.815132,25.209,17.3171,2,2,2,28.8408,163.461,209.156,43.6453,284.752,-893.942,46.9772,360.792,-2870.07,2,0
A,306,.,.,.,GLN,CG,2445,303,40,5,79.531,-11.734,105.447,1.8,0.865116,0.0560246,-0.563919,-0.823927,-0.199767,1,0.791535,0.815132,21.6812,13.7593,0.988026,2,2,28.8408,163.461,209.156,43.6453,284.752,-893.942,46.9772,360.792,-2870.07,2,0
A,306,.,.,.,GLN,CD,2446,303,39,5,78.707,-10.832,104.561,1.81,0.101688,0.260121,-0.742268,-0.617556,-0.0294062,1,0.639157,0.815132,16.7098,11.7739,0.974753,2,2,28.8408,163.461,209.156,43.6453,284.752,-893.942,46.9772,360.792,-2870.07,2,0
A,306,.,.,.,GLN,OE1,2447,303,44,5,79.174,-10.361,103.517,1.52,2.99645,0.685217,-0.393175,-0.613099,-1.52811,1,0.692776,0.815132,25.8466,9.68523,0.974415,2,2,28.8408,163.461,209.156,43.6453,284.752,-893.942,46.9772,360.792,-2870.07,2,0
A,306,.,.,.,GLN,NE2,2448,303,42,5,77.462,-10.585,104.965,1.62,1.89771,-0.604578,0.549489,-0.57667,-1.01633,1,0.668729,0.815132,27.3087,12.7259,0.956607,2,2,28.8408,163.461,209.156,43.6453,284.752,-893.942,46.9772,360.792,-2870.07,0.371113,0
A,307,.,.,.,PHE,N,2449,304,107,13,82.073,-11.748,108.578,1.7,0,0,0,0,0,2,0.574566,0.699238,13.3815,9.94392,2,2,2,30.8285,192.582,-36.3109,43.6453,284.752,-893.942,46.9772,360.792,-2870.07,2,0
A,307,.,.,.,PHE,CA,2450,304,101,13,81.784,-11.964,109.995,1.9,0,0,0,0,0,2,0.770105,0.699238,14.1703,12.63,2,2,2,30.8285,192.582,-36.3109,43.6453,284.752,-893.942,46.9772,360.792,-2870.07,2,0
A,307,.,.,.,PHE,C,2451,304,100,13,81.975,-10.747,110.865,1.75,0,0,0,0,0,2,0.405456,0.699238,10.5743,8.74128,2,2,2,30.8285,192.582,-36.3109,43.6453,284.752,-893.942,46.9772,360.792,-2870.07,2,0
A,307,.,.,.,PHE,O,2452,304,108,13,82.729,-9.827,110.528,1.49,0,0,0,0,0,2,0.458802,0.699238,14.7656,9.27449,2,2,2,30.8285,192.582,-36.3109,43.6453,284.752,-893.942,46.9772,360.792,-2870.07,2,0
A,307,.,.,.,PHE,CB,2453,304,102,13,82.586,-13.152,110.563,1.91,0.0221005,0.0130413,-0.758145,-0.651955,0.0217891,1,0.964696,0.699238,24.5121,17.689,0.965438,2,2,30.8285,192.582,-36.3109,43.6453,284.752,-893.942,46.9772,360.792,-2870.07,2,0
A,307,.,.,.,PHE,CG,2454,304,105,13,84.085,-12.995,110.513,1.74,0,0,0,0,0,2,0.867351,0.699238,6.96908,6.32766,2,2,2,30.8285,192.582,-36.3109,43.6453,284.752,-893.942,46.9772,360.792,-2870.07,2,0
A,307,.,.,.,PHE,CD1,2455,304,103,13,84.778,-12.437,111.578,1.82,0,0,0,0,0,2,0.731581,0.699238,21.3819,14.3694,2,2,2,30.8285,192.582,-36.3109,43.6453,284.752,-893.942,46.9772,360.792,-2870.07,2,0
A,307,.,.,.,PHE,CD2,2456,304,103,13,84.822,-13.461,109.422,1.82,0.0809322,-0.628529,-0.689124,-0.360637,0.0791822,1,0.884484,0.699238,23.7412,14.43,0.965438,2,2,30.8285,192.582,-36.3109,43.6453,284.752,-893.942,46.9772,360.792,-2870.07,2,0
A,307,.,.,.,PHE,CE1,2457,304,104,13,86.162,-12.335,111.551,1.82,0,0,0,0,0,2,0.544267,0.699238,21.8181,14.0074,2,2,2,30.8285,192.582,-36.3109,43.6453,284.752,-893.942,46.9772,360.792,-2870.07,2,0
A,307,.,.,.,PHE,CE2,2458,304,104,13,86.207,-13.351,109.391,1.82,0.434475,0.758436,0.363572,-0.540916,0.309003,1,0.880661,0.699238,21.4117,14.0272,0.948453,2,2,30.8285,192.582,-36.3109,43.6453,284.752,-893.942,46.9772,360.792,-2870.07,2,0
A,307,.,.,.,PHE,CZ,2459,304,106,13,86.876,-12.783,110.458,1.82,0.417138,0.680168,0.253341,-0.687888,0.278971,1,0.609644,0.699238,21.2118,13.846,0.948453,2,2,30.8285,192.582,-36.3109,43.6453,284.752,-893.942,46.9772,360.792,-2870.07,2,0
A,308,.,.,.,ALA,N,2460,305,3,0,81.241,-10.747,111.975,1.7,0,0,0,0,0,2,0.716485,0.545391,12.6167,9.77927,2,2,2,32.5723,204.857,-309.462,43.6453,284.752,-893.942,46.9772,360.792,-2870.07,2,0
A,308,.,.,.,ALA,CA,2461,305,1,0,81.363,-9.736,113.027,1.9,0,0,0,0,0,2,0.502973,0.545391,15.7535,12.8234,2,2,2,32.5723,204.857,-309.462,43.6453,284.752,-893.942,46.9772,360.792,-2870.07,2,0
A,308,.,.,.,ALA,C,2462,305,0,0,81.376,-10.417,114.384,1.75,0.464048,-0.882185,0.140656,0.449405,0.915929,1,0.595598,0.545391,12.7691,8.69139,0.854536,2,2,32.5723,204.857,-309.462,43.6453,284.752,-893.942,46.9772,360.792,-2870.07,0.14607,0
A,308,.,.,.,ALA,O,2463,305,4,0,80.867,-11.514,114.536,1.49,0.351105,-0.801581,0.330983,0.497913,0.177308,1,0.743027,0.545391,14.1755,9.11938,0.86217,2,2,32.5723,204.857,-309.462,43.6453,284.752,-893.942,46.9772,360.792,-2870.07,2,0
A,308,.,.,.,ALA,CB,2464,305,2,0,80.216,-8.746,112.958,1.92,18.9744,-0.624444,0.6084,0.489816,1.36054,1,0.168869,0.545391,58.698,23.3858,0.683228,0.67524,0.690066,32.5723,204.857,-309.462,43.6453,284.752,-893.942,46.9772,360.792,-2870.07,0.170836,0
A,309,.,.,.,SER,N,2465,306,119,15,81.951,-9.746,115.373,1.7,0,0,0,0,0,2,0.514388,0.57032,12.7177,10.0477,2,2,2,35.166,238.236,-771.677,43.6453,284.752,-893.942,46.9772,360.792,-2870.07,2,0
A,309,.,.,.,SER,CA,2466,306,117,15,81.965,-10.261,116.755,1.9,0.441395,-0.993052,-0.0537607,-0.104679,0.246065,1,0.797876,0.57032,16.7101,12.8424,0.868655,2,2,35.166,238.236,-771.677,43.6453,284.752,-893.942,46.9772,360.792,-2870.07,0.250764,0
A,309,.,.,.,SER,C,2467,306,116,15,81.405,-9.23,117.718,1.75,1.93428,-0.921275,-0.0701159,-0.382539,3.35882,1,0.558091,0.57032,13.5991,8.77456,0.653646,0.605744,0.654887,35.166,238.236,-771.677,43.6453,284.752,-893.942,46.9772,360.792,-2870.07,0.126633,0
A,309,.,.,.,SER,O,2468,306,120,15,81.299,-8.037,117.406,1.49,9.19231,-0.736843,0.634192,-0.234229,2.76829,1,0.193357,0.57032,24.9855,9.24836,0.67965,0.665681,0.687535,35.166,238.236,-771.677,43.6453,284.752,-893.942,46.9772,360.792,-2870.07,0.124844,0
A,309,.,.,.,SER,CB,2469,306,118,15,83.371,-10.697,117.209,1.91,0.00715378,0.0406294,-0.988065,0.148582,-0.00185716,1,0.788418,0.57032,34.7869,19.4156,0.996245,2,2,35.166,238.236,-771.677,43.6453,284.752,-893.942,46.9772,360.792,-2870.07,2,0
A,309,.,.,.,SER,OG,2470,306,121,15,84.351,-9.703,116.979,1.54,0,0,0,0,-0,2,0.569793,0.57032,15.7657,10.2418,2,2,2,35.166,238.236,-771.677,43.6453,284.752,-893.942,46.9772,360.792,-2870.07,2,0
A,310,.,.,.,ASP,N,2471,307,27,3,81.029,-9.714,118.89,1.7,0.0185774,-0.81326,-0.233186,-0.533134,0.0235745,1,0.72066,0.429232,12.7003,9.64195,0.861813,2,2,37.5453,242.197,-1075.38,43.6453,284.752,-893.942,46.9772,360.792,-2870.07,0.0777583,0
A,310,.,.,.,ASP,CA,2472,307,24,3,80.621,-8.857,119.987,1.9,4.97554e-05,0.0476334,0.955948,-0.289644,2.9815e-05,1,0.194286,0.429232,17.4235,12.6354,0.670608,0.653618,0.687535,37.5453,242.197,-1075.38,43.6453,284.752,-893.942,46.9772,360.792,-2870.07,2,0
A,310,.,.,.,ASP,C,2473,307,23,3,81.262,-9.427,121.237,1.75,0.497095,-0.666215,-0.271436,0.694608,0.853189,1,0.571157,0.429232,12.2423,8.71814,0.629198,0.606131,2,37.5453,242.197,-1075.38,43.6453,284.752,-893.942,46.9772,360.792,-2870.07,0.0835809,0
A,310,.,.,.,ASP,O,2474,307,28,3,81.35,-10.654,121.401,1.49,1.73087,-0.59128,-0.203331,0.780413,0.479533,1,0.571577,0.429232,17.7665,9.27371,0.6322,0.608532,2,37.5453,242.197,-1075.38,43.6453,284.752,-893.942,46.9772,360.792,-2870.07,0.115365,0
A,310,.,.,.,ASP,CB,2475,307,25,3,79.105,-8.83,120.115,1.91,14.3318,-0.621936,0.184808,-0.760948,-4.20196,1,0.400062,0.429232,42.8016,17.9465,0.611063,0.603211,0.604504,37.5453,242.197,-1075.38,43.6453,284.752,-893.942,46.9772,360.792,-2870.07,0.0775489,0
A,310,.,.,.,ASP,CG,2476,307,26,3,78.626,-7.818,121.13,1.76,6.2204,-0.662604,0.594662,-0.455339,-1.46344,1,0.295546,0.429232,21.1993,10.3797,0.066957,0.0668418,0.0658908,37.5453,242.197,-1075.38,43.6453,284.752,-893.942,46.9772,360.792,-2870.07,0.083472,0
A,310,.,.,.,ASP,OD1,2477,307,29,3,79.239,-6.74,121.248,1.49,33.7584,0.0197036,0.99232,0.122117,-17.1203,1,0.181968,0.429232,43.1309,9.35119,0.0795548,0.0794409,0.078236,37.5453,242.197,-1075.38,43.6453,284.752,-893.942,46.9772,360.792,-2870.07,0.0854738,0
A,310,.,.,.,ASP,OD2,2478,307,29,3,77.633,-8.101,121.807,1.49,39.8554,-0.735442,0.0815573,0.672661,-20.2123,1,0.498602,0.429232,49.0421,9.3654,0.0545469,0.0544717,0.0537057,37.5453,242.197,-1075.38,43.6453,284.752,-893.942,46.9772,360.792,-2870.07,0.0784887,0
A,311,.,.,.,GLY,N,2479,308,55,7,81.749,-8.533,122.085,1.7,2.85157,0.103727,0.989751,0.0981529,2.53748,1,0.189467,0.208549,18.8188,9.9252,0.383973,0.379893,0.372483,40.3047,269.684,-1516.08,43.6453,284.752,-893.942,46.9772,360.792,-2870.07,0.0981502,0
A,311,.,.,.,GLY,CA,2480,308,54,7,82.447,-8.915,123.312,1.9,31.041,-0.500165,0.306275,0.809957,-0.909372,1,0.36296,0.208549,56.4186,19.0767,0.0579016,0.0567285,0.0533976,40.3047,269.684,-1516.08,43.6453,284.752,-893.942,46.9772,360.792,-2870.07,0.101231,0
A,311,.,.,.,GLY,C,2481,308,53,7,83.961,-8.811,123.21,1.75,3.39803,0.0693284,0.908477,0.412143,3.77205,1,0.183727,0.208549,14.1458,8.88568,0.404574,0.400849,0.395599,40.3047,269.684,-1516.08,43.6453,284.752,-893.942,46.9772,360.792,-2870.07,0.140805,0
A,311,.,.,.,GLY,O,2482,308,56,7,84.669,-9.106,124.161,1.49,16.2518,0.276052,0.510483,0.814372,2.38391,1,0.0980402,0.208549,33.3883,9.30214,0.434115,0.430376,0.421183,40.3047,269.684,-1516.08,43.6453,284.752,-893.942,46.9772,360.792,-2870.07,0.142693,0
A,312,.,.,.,GLY,N,2483,309,55,7,84.448,-8.377,122.056,1.7,2.30717,-0.218197,0.944908,0.244008,2.05304,1,0.193814,0.271363,17.1707,9.82757,0.397388,0.39508,0.388728,39.5542,276.225,-1328.15,43.6453,284.752,-893.942,46.9772,360.792,-2870.07,0.131981,0
A,312,.,.,.,GLY,CA,2484,309,54,7,85.867,-8.284,121.79,1.9,16.2601,0.590438,0.478652,0.649827,-0.476354,1,0.269466,0.271363,43.0324,18.9079,0.476953,0.470938,0.458628,39.5542,276.225,-1328.15,43.6453,284.752,-893.942,46.9772,360.792,-2870.07,0.147771,0
A,312,.,.,.,GLY,C,2485,309,53,7,86.177,-8.843,120.415,1.75,0,0,0,0,0,2,0.207532,0.271363,10.0495,8.93638,2,2,2,39.5542,276.225,-1328.15,43.6453,284.752,-893.942,46.9772,360.792,-2870.07,2,0
A,312,.,.,.,GLY,O,2486,309,56,7,85.266,-9.154,119.644,1.49,0,0,0,0,0,2,0.414642,0.271363,14.7982,9.27265,2,2,2,39.5542,276.225,-1328.15,43.6453,284.752,-893.942,46.9772,360.792,-2870.07,2,0
A,313,.,.,.,ASP,N,2487,310,27,3,87.471,-8.965,120.129,1.7,2.58979,0.60445,0.417308,0.678597,3.28641,1,0.203889,0.629679,17.6759,9.9846,0.67213,0.671363,0.6433,37.7022,275.468,-963.723,43.6453,284.752,-893.942,46.9772,360.792,-2870.07,0.167124,0
A,313,.,.,.,ASP,CA,2488,310,24,3,87.984,-9.4,118.822,1.9,0,0,0,0,0,2,0.382845,0.629679,16.6005,12.9003,2,2,2,37.7022,275.468,-963.723,43.6453,284.752,-893.942,46.9772,360.792,-2870.07,2,0
A,313,.,.,.,ASP,C,2489,310,23,3,87.829,-10.912,118.63,1.75,0,0,0,0,0,2,0.64658,0.629679,10.212,8.69328,2,2,2,37.7022,275.468,-963.723,43.6453,284.752,-893.942,46.9772,360.792,-2870.07,2,0
A,313,.,.,.,ASP,O,2490,310,28,3,87.3,-11.595,119.499,1.49,0,0,0,0,0,2,0.703443,0.629679,13.8748,9.05956,2,2,2,37.7022,275.468,-963.723,43.6453,284.752,-893.942,46.9772,360.792,-2870.07,2,0
A,313,.,.,.,ASP,CB,2491,310,25,3,89.428,-8.916,118.628,1.91,1.70948,0.258579,0.708097,0.657066,-0.501205,1,0.650889,0.629679,29.1996,17.8812,0.67069,0.641794,2,37.7022,275.468,-963.723,43.6453,284.752,-893.942,46.9772,360.792,-2870.07,0.188507,0
A,313,.,.,.,ASP,CG,2492,310,26,3,90.436,-9.645,119.493,1.76,3.34266,0.0225441,0.658955,0.751844,-0.786411,1,0.821192,0.629679,18.3629,10.4933,0.682963,0.677079,0.6433,37.7022,275.468,-963.723,43.6453,284.752,-893.942,46.9772,360.792,-2870.07,0.154583,0
A,313,.,.,.,ASP,OD1,2493,310,29,3,90.044,-10.513,120.299,1.49,3.43595,0.00390276,0.326684,0.945126,-1.74252,1,0.878214,0.629679,18.1706,9.00722,0.733442,0.742112,2,37.7022,275.468,-963.723,43.6453,284.752,-893.942,46.9772,360.792,-2870.07,0.157686,0
A,313,.,.,.,ASP,OD2,2494,310,29,3,91.643,-9.321,119.372,1.49,7.06953,0.493169,0.868628,-0.0476437,-3.58525,1,0.750382,0.629679,23.5198,9.24545,0.628371,0.612717,0.485333,37.7022,275.468,-963.723,43.6453,284.752,-893.942,46.9772,360.792,-2870.07,0.140701,0
A,314,.,.,.,ILE,N,2495,311,73,9,88.26,-11.426,117.485,1.7,0,0,0,0,0,2,0.422642,0.491318,13.1356,9.82154,2,2,2,36.7177,286.119,-919.149,43.6453,284.752,-893.942,46.9772,360.792,-2870.07,2,0
A,314,.,.,.,ILE,CA,2496,311,68,9,88.24,-12.864,117.255,1.9,0,0,0,0,0,3,0.333977,0.491318,13.8423,11.8411,2,2,2,36.7177,286.119,-919.149,43.6453,284.752,-893.942,46.9772,360.792,-2870.07,2,0
A,314,.,.,.,ILE,C,2497,311,67,9,89.379,-13.214,116.323,1.75,0,0,0,0,0,2,0.638179,0.491318,10.5485,8.52855,2,2,2,36.7177,286.119,-919.149,43.6453,284.752,-893.942,46.9772,360.792,-2870.07,2,0
A,314,.,.,.,ILE,O,2498,311,74,9,89.721,-12.413,115.451,1.49,0,0,0,0,0,2,0.465394,0.491318,15.0785,9.13684,2,2,2,36.7177,286.119,-919.149,43.6453,284.752,-893.942,46.9772,360.792,-2870.07,2,0
A,314,.,.,.,ILE,CB,2499,311,69,9,86.867,-13.332,116.688,2.01,0,0,0,0,0,2,0.453643,0.491318,19.1169,13.9995,2,2,2,36.7177,286.119,-919.149,43.6453,284.752,-893.942,46.9772,360.792,-2870.07,2,0
A,314,.,.,.,ILE,CG1,2500,311,71,9,86.714,-14.869,116.736,1.92,0,0,0,0,0,2,0.831631,0.491318,23.8023,16.0383,2,2,2,36.7177,286.119,-919.149,43.6453,284.752,-893.942,46.9772,360.792,-2870.07,2,0
A,314,.,.,.,ILE,CG2,2501,311,72,9,86.622,-12.81,115.27,1.92,0,0,0,0,0,2,0.406822,0.491318,38.424,22.1075,2,2,2,36.7177,286.119,-919.149,43.6453,284.752,-893.942,46.9772,360.792,-2870.07,2,0
A,314,.,.,.,ILE,CD1,2502,311,70,9,86.502,-15.427,118.127,1.92,0.00902632,-0.895708,0.426003,-0.127393,0.00686555,1,0.378254,0.491318,42.0984,23.0774,0.996245,2,2,36.7177,286.119,-919.149,43.6453,284.752,-893.942,46.9772,360.792,-2870.07,2,0
A,315,.,.,.,GLY,N,2503,312,55,7,89.979,-14.391,116.515,1.7,0,0,0,0,0,2,0.901331,0.881219,12.1351,9.95641,2,2,2,36.6304,293.113,-698.245,43.6453,284.752,-893.942,46.9772,360.792,-2870.07,2,0
A,315,.,.,.,GLY,CA,2504,312,54,7,90.926,-14.931,115.548,1.9,1.18632,0.938027,-0.27533,0.210474,-0.0347541,1,0.817617,0.881219,31.1339,18.9474,0.85828,2,2,36.6304,293.113,-698.245,43.6453,284.752,-893.942,46.9772,360.792,-2870.07,0.12131,0
A,315,.,.,.,GLY,C,2505,312,53,7,90.226,-15.641,114.394,1.75,0,0,0,0,0,2,0.844193,0.881219,12.038,8.84391,2,2,2,36.6304,293.113,-698.245,43.6453,284.752,-893.942,46.9772,360.792,-2870.07,2,0
A,315,.,.,.,GLY,O,2506,312,56,7,89.164,-16.208,114.564,1.49,0,0,0,0,0,3,0.961737,0.881219,13.5198,9.00617,2,2,2,36.6304,293.113,-698.245,43.6453,284.752,-893.942,46.9772,360.792,-2870.07,2,0
A,316,.,.,.,PHE,N,2507,313,107,13,90.82,-15.605,113.21,1.7,0,0,0,0,0,2,0.46856,0.724258,13.0567,9.88525,2,2,2,34.4501,269.858,-248.479,43.6453,284.752,-893.942,46.9772,360.792,-2870.07,2,0
A,316,.,.,.,PHE,CA,2508,313,101,13,90.227,-16.252,112.055,1.9,0,0,0,0,0,2,0.803269,0.724258,15.6173,12.7328,2,2,2,34.4501,269.858,-248.479,43.6453,284.752,-893.942,46.9772,360.792,-2870.07,2,0
A,316,.,.,.,PHE,C,2509,313,100,13,91.326,-16.704,111.126,1.75,0,0,0,0,0,2,0.60064,0.724258,9.30602,8.62645,2,2,2,34.4501,269.858,-248.479,43.6453,284.752,-893.942,46.9772,360.792,-2870.07,2,0
A,316,.,.,.,PHE,O,2510,313,108,13,92.267,-15.924,110.832,1.49,0.0109311,0.276084,0.330148,-0.902652,0.00905973,1,0.497538,0.724258,16.9206,9.36422,1,2,2,34.4501,269.858,-248.479,43.6453,284.752,-893.942,46.9772,360.792,-2870.07,2,0
A,316,.,.,.,PHE,CB,2511,313,102,13,89.32,-15.261,111.309,1.91,0,0,0,0,0,2,0.777807,0.724258,25.8825,17.6402,2,2,2,34.4501,269.858,-248.479,43.6453,284.752,-893.942,46.9772,360.792,-2870.07,2,0
A,316,.,.,.,PHE,CG,2512,313,105,13,88.8,-15.773,109.991,1.74,0,0,0,0,0,2,0.727013,0.724258,6.42881,6.19746,2,2,2,34.4501,269.858,-248.479,43.6453,284.752,-893.942,46.9772,360.792,-2870.07,2,0
A,316,.,.,.,PHE,CD1,2513,313,103,13,87.701,-16.602,109.95,1.82,0,0,0,0,0,2,0.93872,0.724258,20.7589,14.3244,2,2,2,34.4501,269.858,-248.479,43.6453,284.752,-893.942,46.9772,360.792,-2870.07,2,0
A,316,.,.,.,PHE,CD2,2514,313,103,13,89.416,-15.43,108.793,1.82,2.15222,0.119302,0.877554,-0.464398,2.10568,1,0.563755,0.724258,27.7633,14.3895,0.95967,2,2,34.4501,269.858,-248.479,43.6453,284.752,-893.942,46.9772,360.792,-2870.07,0.092153,0
A,316,.,.,.,PHE,CE1,2515,313,104,13,87.203,-17.081,108.741,1.82,0,0,0,0,0,2,0.941055,0.724258,22.5435,14.0588,2,2,2,34.4501,269.858,-248.479,43.6453,284.752,-893.942,46.9772,360.792,-2870.07,2,0
A,316,.,.,.,PHE,CE2,2516,313,104,13,88.933,-15.912,107.577,1.82,0.798293,0.369895,0.862043,-0.346497,0.567754,1,0.78997,0.724258,22.9435,14.0258,0.956873,2,2,34.4501,269.858,-248.479,43.6453,284.752,-893.942,46.9772,360.792,-2870.07,0.224817,0
A,316,.,.,.,PHE,CZ,2517,313,106,13,87.824,-16.727,107.548,1.82,0,0,0,0,0,2,0.85851,0.724258,19.1264,14.0183,2,2,2,34.4501,269.858,-248.479,43.6453,284.752,-893.942,46.9772,360.792,-2870.07,2,0
A,317,.,.,.,GLY,N,2518,314,55,7,91.203,-17.951,110.67,1.7,0,0,0,0,0,2,0.925957,0.950319,14.542,10.1029,2,2,2,34.3231,265.506,-71.3463,43.6453,284.752,-893.942,46.9772,360.792,-2870.07,2,0
A,317,.,.,.,GLY,CA,2519,314,54,7,92.056,-18.501,109.606,1.9,0,0,0,0,-0,2,0.885962,0.950319,29.8562,19.0583,2,2,2,34.3231,265.506,-71.3463,43.6453,284.752,-893.942,46.9772,360.792,-2870.07,2,0
A,317,.,.,.,GLY,C,2520,314,53,7,91.325,-19.582,108.824,1.75,0,0,0,0,0,2,0.99465,0.950319,11.2746,8.96576,2,2,2,34.3231,265.506,-71.3463,43.6453,284.752,-893.942,46.9772,360.792,-2870.07,2,0
A,317,.,.,.,GLY,O,2521,314,56,7,90.224,-20.022,109.213,1.49,0,0,0,0,0,3,0.994706,0.950319,15.8373,9.29169,2,2,2,34.3231,265.506,-71.3463,43.6453,284.752,-893.942,46.9772,360.792,-2870.07,2,0
A,318,.,.,.,VAL,N,2522,315,158,19,91.945,-20.032,107.729,1.7,0,0,0,0,0,2,0.539897,0.64961,12.6736,9.78794,2,2,2,33.5397,251.307,-33.226,43.6453,284.752,-893.942,46.9772,360.792,-2870.07,2,0
A,318,.,.,.,VAL,CA,2523,315,154,19,91.368,-21.065,106.897,1.9,0,0,0,0,0,2,0.862747,0.64961,13.8122,11.845,2,2,2,33.5397,251.307,-33.226,43.6453,284.752,-893.942,46.9772,360.792,-2870.07,2,0
A,318,.,.,.,VAL,C,2524,315,153,19,92.341,-22.239,106.828,1.75,0,0,0,0,0,3,0.609476,0.64961,9.26696,8.51605,2,2,2,33.5397,251.307,-33.226,43.6453,284.752,-893.942,46.9772,360.792,-2870.07,2,0
A,318,.,.,.,VAL,O,2525,315,159,19,93.553,-22.056,106.596,1.49,0,0,0,0,0,2,0.350149,0.64961,13.9268,9.10721,2,2,2,33.5397,251.307,-33.226,43.6453,284.752,-893.942,46.9772,360.792,-2870.07,2,0
A,318,.,.,.,VAL,CB,2526,315,155,19,91.079,-20.562,105.464,2.01,0,0,0,0,0,2,0.682827,0.64961,16.8618,14.2355,2,2,2,33.5397,251.307,-33.226,43.6453,284.752,-893.942,46.9772,360.792,-2870.07,2,0
A,318,.,.,.,VAL,CG1,2527,315,156,19,90.437,-21.688,104.658,1.92,0,0,0,0,0,2,0.779472,0.64961,36.0739,21.9584,2,2,2,33.5397,251.307,-33.226,43.6453,284.752,-893.942,46.9772,360.792,-2870.07,2,0
A,318,.,.,.,VAL,CG2,2528,315,157,19,90.158,-19.357,105.494,1.92,0,0,0,0,0,2,0.722699,0.64961,34.3102,22.0521,2,2,2,33.5397,251.307,-33.226,43.6453,284.752,-893.942,46.9772,360.792,-2870.07,2,0
A,319,.,.,.,PHE,N,2529,316,107,13,91.796,-23.435,107.009,1.7,0,0,0,0,0,2,0.908734,0.494476,10.8559,9.47735,2,2,2,35.4954,269.951,-438.306,43.6453,284.752,-893.942,46.9772,360.792,-2870.07,2,0
A,319,.,.,.,PHE,CA,2530,316,101,13,92.559,-24.673,107.042,1.9,0,0,0,0,0,2,0.700241,0.494476,15.0008,12.8692,2,2,2,35.4954,269.951,-438.306,43.6453,284.752,-893.942,46.9772,360.792,-2870.07,2,0
A,319,.,.,.,PHE,C,2531,316,100,13,91.955,-25.714,106.104,1.75,0,0,0,0,0,2,0.705681,0.494476,11.3086,8.82645,2,2,2,35.4954,269.951,-438.306,43.6453,284.752,-893.942,46.9772,360.792,-2870.07,2,0
A,319,.,.,.,PHE,O,2532,316,108,13,90.79,-25.604,105.702,1.49,0,0,0,0,0,2,0.838336,0.494476,14.5987,9.09324,2,2,2,35.4954,269.951,-438.306,43.6453,284.752,-893.942,46.9772,360.792,-2870.07,2,0
A,319,.,.,.,PHE,CB,2533,316,102,13,92.564,-25.214,108.49,1.91,0,0,0,0,0,2,0.492445,0.494476,22.7198,17.721,2,2,2,35.4954,269.951,-438.306,43.6453,284.752,-893.942,46.9772,360.792,-2870.07,2,0
A,319,.,.,.,PHE,CG,2534,316,105,13,93.243,-24.281,109.462,1.74,0,0,0,0,0,3,0.262957,0.494476,7.26029,6.23857,2,2,2,35.4954,269.951,-438.306,43.6453,284.752,-893.942,46.9772,360.792,-2870.07,2,0
A,319,.,.,.,PHE,CD1,2535,316,103,13,92.566,-23.186,109.994,1.82,0,0,0,0,0,2,0.652854,0.494476,21.7868,14.2129,2,2,2,35.4954,269.951,-438.306,43.6453,284.752,-893.942,46.9772,360.792,-2870.07,2,0
A,319,.,.,.,PHE,CD2,2536,316,103,13,94.558,-24.463,109.798,1.82,0,0,0,0,0,2,0.139165,0.494476,22.8105,14.324,2,2,2,35.4954,269.951,-438.306,43.6453,284.752,-893.942,46.9772,360.792,-2870.07,2,0
A,319,.,.,.,PHE,CE1,2537,316,104,13,93.199,-22.298,110.857,1.82,0,0,0,0,0,2,0.437168,0.494476,24.0012,14.0481,2,2,2,35.4954,269.951,-438.306,43.6453,284.752,-893.942,46.9772,360.792,-2870.07,2,0
A,319,.,.,.,PHE,CE2,2538,316,104,13,95.201,-23.594,110.669,1.82,4.29101,0.886234,0.111637,0.449585,3.05181,1,0.103176,0.494476,29.0037,14.0152,0.663299,0.612183,2,35.4954,269.951,-438.306,43.6453,284.752,-893.942,46.9772,360.792,-2870.07,0.0860691,0
A,319,.,.,.,PHE,CZ,2539,316,106,13,94.521,-22.514,111.195,1.82,4.3749,0.760651,0.318169,0.565843,2.92582,1,0.198481,0.494476,32.0888,13.9883,0.64085,0.596602,2,35.4954,269.951,-438.306,43.6453,284.752,-893.942,46.9772,360.792,-2870.07,0.0942488,0
A,320,.,.,.,LEU,N,2540,317,81,10,92.74,-26.742,105.798,1.7,0,0,0,0,0,2,0.500191,0.409671,12.1418,9.75145,2,2,2,36.1269,260.423,-612.307,41.4641,291.287,-1131.83,46.9772,360.792,-2870.07,2,0
A,320,.,.,.,LEU,CA,2541,317,76,10,92.31,-27.846,104.936,1.9,0,0,0,0,0,2,0.612503,0.409671,15.7315,12.7442,2,2,2,36.1269,260.423,-612.307,41.4641,291.287,-1131.83,46.9772,360.792,-2870.07,2,0
A,320,.,.,.,LEU,C,2542,317,75,10,92.574,-29.153,105.69,1.75,0,0,0,0,0,2,0.197932,0.409671,10.1589,8.64922,2,2,2,36.1269,260.423,-612.307,41.4641,291.287,-1131.83,46.9772,360.792,-2870.07,2,0
A,320,.,.,.,LEU,O,2543,317,82,10,93.694,-29.394,106.133,1.49,0,0,0,0,0,2,0.184586,0.409671,14.3906,9.19717,2,2,2,36.1269,260.423,-612.307,41.4641,291.287,-1131.83,46.9772,360.792,-2870.07,2,0
A,320,.,.,.,LEU,CB,2544,317,77,10,93.081,-27.78,103.621,1.91,0,0,0,0,0,2,0.688787,0.409671,21.5476,15.406,2,2,2,36.1269,260.423,-612.307,41.4641,291.287,-1131.83,46.9772,360.792,-2870.07,2,0
A,320,.,.,.,LEU,CG,2545,317,80,10,92.905,-28.893,102.596,2.01,0.967521,0.647399,-0.755442,0.100905,1.31391,1,0.320065,0.409671,22.5348,14.1959,0.837456,0.788066,2,36.1269,260.423,-612.307,41.4641,291.287,-1131.83,46.9772,360.792,-2870.07,0.151638,0
A,320,.,.,.,LEU,CD1,2546,317,78,10,91.477,-28.917,102.099,1.92,0.101446,0.141691,-0.983304,-0.114182,0.0690823,1,0.403595,0.409671,35.9164,22.0098,0.888505,2,2,36.1269,260.423,-612.307,41.4641,291.287,-1131.83,46.9772,360.792,-2870.07,2,0
A,320,.,.,.,LEU,CD2,2547,317,79,10,93.871,-28.652,101.429,1.92,12.7784,0.946155,0.168482,-0.276413,6.77824,1,0.369708,0.409671,51.8901,21.902,0.834133,0.833505,2,36.1269,260.423,-612.307,41.4641,291.287,-1131.83,46.9772,360.792,-2870.07,0.180646,0
A,321,.,.,.,LYS,N,2548,318,89,11,91.537,-29.973,105.87,1.7,0,0,0,0,0,2,0.58056,0.288267,13.6332,10.0276,2,2,2,38.4514,276.931,-1118.16,38.8837,308.227,2329.91,47.5993,346.545,-2863.08,2,0
A,321,.,.,.,LYS,CA,2549,318,84,11,91.698,-31.237,106.609,1.9,0,0,0,0,0,2,0.354491,0.288267,14.8749,12.6104,2,2,2,38.4514,276.931,-1118.16,38.8837,308.227,2329.91,47.5993,346.545,-2863.08,2,0
A,321,.,.,.,LYS,C,2550,318,83,11,92.637,-32.182,105.87,1.75,0.038053,-0.584658,-0.711002,-0.390705,0.064762,1,0.175019,0.288267,11.1788,8.80885,0.785561,0.799344,2,38.4514,276.931,-1118.16,38.8837,308.227,2329.91,47.5993,346.545,-2863.08,0.170812,0
A,321,.,.,.,LYS,O,2551,318,91,11,92.674,-32.193,104.624,1.49,14.7534,-0.0717776,-0.564931,-0.82201,2.69383,1,0.467365,0.288267,33.29,9.42199,0.760315,0.752374,2,38.4514,276.931,-1118.16,38.8837,308.227,2329.91,47.5993,346.545,-2863.08,0.15016,0
A,321,.,.,.,LYS,CB,2552,318,85,11,90.354,-31.917,106.879,1.91,0.909738,-0.0910649,-0.55525,-0.826683,-0.100709,1,0.212958,0.288267,27.6775,16.494,0.822809,2,2,38.4514,276.931,-1118.16,38.8837,308.227,2329.91,47.5993,346.545,-2863.08,2,0
A,321,.,.,.,LYS,CG,2553,318,88,11,89.412,-31.082,107.737,1.92,0,0,0,0,-0,2,0.359722,0.288267,22.1295,16.7309,2,2,2,38.4514,276.931,-1118.16,38.8837,308.227,2329.91,47.5993,346.545,-2863.08,2,0
A,321,.,.,.,LYS,CD,2554,318,86,11,88.161,-31.819,108.205,1.92,0.163026,-0.816122,-0.487345,-0.310549,-0.0882493,1,0.200986,0.288267,28.5232,17.2215,0.881824,2,2,38.4514,276.931,-1118.16,38.8837,308.227,2329.91,47.5993,346.545,-2863.08,2,0
A,321,.,.,.,LYS,CE,2555,318,87,11,88.496,-32.894,109.22,1.88,0,0,0,0,-0,2,0.164795,0.288267,26.7338,17.183,2,2,2,38.4514,276.931,-1118.16,38.8837,308.227,2329.91,47.5993,346.545,-2863.08,2,0
A,321,.,.,.,LYS,NZ,2556,318,90,11,87.285,-33.631,109.679,1.67,3.06546,-0.808927,-0.127631,-0.573888,-2.58316,1,0.0785029,0.288267,30.6969,14.1248,0.876114,2,2,38.4514,276.931,-1118.16,38.8837,308.227,2329.91,47.5993,346.545,-2863.08,0.12756,0
A,322,.,.,.,THR,N,2557,319,126,16,93.41,-32.944,106.653,1.7,0,0,0,0,0,2,0.185928,0.10651,11.6052,9.50071,2,2,2,40.9838,281.106,-1262.8,41.4641,291.287,-1131.83,46.9772,360.792,-2870.07,2,0
A,322,.,.,.,THR,CA,2558,319,123,16,94.338,-33.935,106.12,1.9,5.5196,0.235093,-0.0731371,-0.969217,5.38124,1,0.210209,0.10651,21.3415,12.1223,0.0134209,0.0109772,0.00184974,40.9838,281.106,-1262.8,41.4641,291.287,-1131.83,46.9772,360.792,-2870.07,0.120013,0
A,322,.,.,.,THR,C,2559,319,122,16,93.76,-35.335,106.241,1.75,2.3363,-0.48933,-0.00811153,-0.872061,4.49647,1,0.0769761,0.10651,14.0107,8.65134,0.0185226,0.0182919,0.0161654,40.9838,281.106,-1262.8,41.4641,291.287,-1131.83,46.9772,360.792,-2870.07,0.119472,0
A,322,.,.,.,THR,O,2560,319,127,16,94.298,-36.266,105.658,1.49,32.1217,0.406182,-0.648268,-0.644022,14.8535,1,0.0118598,0.10651,41.8704,9.30516,0.017171,0.0170693,0.0159932,40.9838,281.106,-1262.8,41.4641,291.287,-1131.83,46.9772,360.792,-2870.07,0.118257,0
A,322,.,.,.,THR,CB,2561,319,124,16,95.705,-33.884,106.831,2.01,18.0212,0.751932,-0.640953,-0.154199,0.813468,1,0.0132621,0.10651,38.5559,16.8133,0.0227673,0.0226347,0.0219107,40.9838,281.106,-1262.8,41.4641,291.287,-1131.83,46.9772,360.792,-2870.07,0.111984,0
A,322,.,.,.,THR,OG1,2562,319,128,16,95.526,-34.033,108.243,1.54,8.65993,0.580091,-0.641589,0.501854,-0.516749,1,0.0314647,0.10651,23.9107,9.56324,0.0435364,0.0435298,0.0429534,40.9838,281.106,-1262.8,41.4641,291.287,-1131.83,46.9772,360.792,-2870.07,0.0984386,0
A,322,.,.,.,THR,CG2,2563,319,125,16,96.4,-32.574,106.55,1.92,23.7447,0.890973,-0.135478,-0.433375,-3.91861,1,0.21587,0.10651,58.8183,22.2567,0.0230552,0.0228729,0.0221104,40.9838,281.106,-1262.8,41.4641,291.287,-1131.83,46.9772,360.792,-2870.07,0.119307,0
A,323,.,.,.,LYS,N,2564,320,89,11,92.676,-35.472,107.005,1.7,0.184365,-0.498241,0.216967,-0.839453,0.253752,1,0.23728,0.095146,13.4277,9.79096,0.674841,0.666475,2,42.304,279.711,-1539.12,38.8837,308.227,2329.91,47.5993,346.545,-2863.08,0.134214,0
A,323,.,.,.,LYS,CA,2565,320,84,11,91.905,-36.712,107.07,1.9,8.17375,0.0270887,-0.553973,-0.832094,5.24643,1,0.0142471,0.095146,25.4635,13.0261,0.0242059,0.0239144,0.0217133,42.304,279.711,-1539.12,38.8837,308.227,2329.91,47.5993,346.545,-2863.08,0.119663,0
A,323,.,.,.,LYS,C,2566,320,83,11,90.437,-36.363,107.191,1.75,0.38133,0.078588,0.523784,-0.848218,0.648982,1,0.102212,0.095146,12.1368,8.58921,0.0550103,0.0541982,0.0513136,42.304,279.711,-1539.12,38.8837,308.227,2329.91,47.5993,346.545,-2863.08,0.126503,0
A,323,.,.,.,LYS,O,2567,320,91,11,90.094,-35.507,107.987,1.49,0.437363,-0.0979517,-0.446461,0.889426,0.079858,1,0.0969265,0.095146,17.7668,9.20399,0.826409,2,2,42.304,279.711,-1539.12,38.8837,308.227,2329.91,47.5993,346.545,-2863.08,2,0
A,323,.,.,.,LYS,CB,2568,320,85,11,92.311,-37.51,108.311,1.91,47.8605,0.305579,-0.821515,0.481388,-5.2982,1,0.0250642,0.095146,79.3864,22.975,0.0201669,0.0200887,0.0193911,42.304,279.711,-1539.12,38.8837,308.227,2329.91,47.5993,346.545,-2863.08,0.107134,0
A,324,.,.,.,MET,N,2569,321,97,12,89.527,-36.98,106.446,1.7,7.97265,0.36278,-0.579891,-0.729464,8.65495,1,0.0161218,0.042595,23.2322,10.1779,0.0477499,0.047237,0.0430385,41.1765,261.13,-1424.53,38.8837,308.227,2329.91,47.5993,346.545,-2863.08,0.109634,0
A,324,.,.,.,MET,CA,2570,321,93,12,88.065,-36.825,106.671,1.9,0.354718,-0.717878,0.689819,0.0938189,0.463712,1,0.0677137,0.042595,18.7902,12.931,0.0593675,0.0575927,0.0561616,41.1765,261.13,-1424.53,38.8837,308.227,2329.91,47.5993,346.545,-2863.08,0.124138,0
A,324,.,.,.,MET,C,2571,321,92,12,87.591,-37.777,107.78,1.75,0.874234,-0.526858,-0.828115,-0.191432,1.72947,1,0.0232178,0.042595,13.2971,8.76554,0.0125975,0.0123011,0.0120229,41.1765,261.13,-1424.53,38.8837,308.227,2329.91,47.5993,346.545,-2863.08,0.0818317,0
A,324,.,.,.,MET,O,2572,321,98,12,88.191,-38.834,107.93,1.49,25.6348,0.229022,-0.973418,-0.00259476,18.6789,1,0.0115342,0.042595,38.4737,9.26919,0.0091081,0.00907715,0.00888049,41.1765,261.13,-1424.53,38.8837,308.227,2329.91,47.5993,346.545,-2863.08,0.0844418,0
A,324,.,.,.,MET,CB,2573,321,94,12,87.291,-37.116,105.372,1.91,15.6589,-0.061721,-0.954932,-0.290338,10.057,1,0.0177552,0.042595,39.5124,16.4686,0.015641,0.0152515,0.0139766,41.1765,261.13,-1424.53,38.8837,308.227,2329.91,47.5993,346.545,-2863.08,0.114531,0
A,324,.,.,.,MET,CG,2574,321,96,12,87.363,-36.02,104.315,1.92,12.43,0.868781,0.138567,-0.475415,6.96996,1,0.113664,0.042595,41.1667,18.0252,0.0272025,0.0264312,0.0241643,41.1765,261.13,-1424.53,38.8837,308.227,2329.91,47.5993,346.545,-2863.08,0.128632,0
A,324,.,.,.,MET,SD,2575,321,99,12,86.314,-36.358,102.879,1.94,32.3961,0.36335,-0.527246,-0.768107,17.5749,1,0.0687816,0.042595,62.299,21.2907,0.0178241,0.0175445,0.0163723,41.1765,261.13,-1424.53,38.8837,308.227,2329.91,47.5993,346.545,-2863.08,0.129711,0
A,324,.,.,.,MET,CE,2576,321,95,12,84.691,-36.431,103.635,1.8,41.5564,-0.841291,-0.422913,0.336711,11.569,1,0.021972,0.042595,69.0392,19.6295,0.0177587,0.0175328,0.0173377,41.1765,261.13,-1424.53,38.8837,308.227,2329.91,47.5993,346.545,-2863.08,0.109677,0
A,325,.,.,.,GLY,N,2577,322,55,7,86.505,-37.451,108.474,1.7,7.89385,-0.870238,0.178644,-0.459099,7.02437,1,0.115014,0.0559131,23.7952,10.1822,0.0160996,0.0156057,0.0154362,42.9897,269.191,-1606.08,38.8837,308.227,2329.91,47.5993,346.545,-2863.08,0.0894847,0
A,325,.,.,.,GLY,CA,2578,322,54,7,86.133,-38.161,109.696,1.9,35.4219,-0.553135,-0.832902,0.0177707,-1.03771,1,0.0192536,0.0559131,58.4379,19.0041,0.028365,0.0281702,0.0278936,42.9897,269.191,-1606.08,38.8837,308.227,2329.91,47.5993,346.545,-2863.08,0.0654852,0
A,325,.,.,.,GLY,C,2579,322,53,7,86.007,-37.138,110.815,1.75,3.31081,-0.84182,-0.387702,0.375535,3.67524,1,0.0315598,0.0559131,14.5715,8.85489,0.0726753,0.0722968,0.0718013,42.9897,269.191,-1606.08,38.8837,308.227,2329.91,47.5993,346.545,-2863.08,0.0604401,0
A,325,.,.,.,GLY,O,2580,322,56,7,85.298,-36.14,110.673,1.49,22.0543,-0.940937,0.33052,-0.0734391,3.23506,1,0.0578247,0.0559131,34.294,9.32346,0.117882,0.117253,0.117007,42.9897,269.191,-1606.08,38.8837,308.227,2329.91,47.5993,346.545,-2863.08,0.0849691,0
A,326,.,.,.,GLU,N,2581,323,50,6,86.699,-37.371,111.928,1.7,12.1009,0.460792,-0.884002,0.0788071,15.5031,1,0.0180155,0.0665865,26.3725,10.1083,0.057486,0.0573725,0.0568571,43.5063,293.629,-1821.92,38.8837,308.227,2329.91,47.5993,346.545,-2863.08,0.0613824,0
A,326,.,.,.,GLU,CA,2582,323,46,6,86.585,-36.5,113.108,1.9,10.6689,-0.954442,-0.0953643,0.282749,6.55434,1,0.162157,0.0665865,26.7338,12.9929,0.101253,0.101088,0.100568,43.5063,293.629,-1821.92,38.8837,308.227,2329.91,47.5993,346.545,-2863.08,0.0627928,0
A,326,.,.,.,GLU,C,2583,323,45,6,87.161,-35.096,112.865,1.75,0,0,0,0,0,2,0.0503252,0.0665865,11.2117,8.79308,2,2,2,43.5063,293.629,-1821.92,38.8837,308.227,2329.91,47.5993,346.545,-2863.08,2,0
A,326,.,.,.,GLU,O,2584,323,51,6,87.892,-34.869,111.902,1.49,2.12483,0.780229,-0.622261,-0.0635166,0.516317,1,0.0757861,0.0665865,18.1937,8.91034,0.787807,0.722434,2,43.5063,293.629,-1821.92,38.8837,308.227,2329.91,47.5993,346.545,-2863.08,0.0650463,0
A,326,.,.,.,GLU,CB,2585,323,47,6,87.277,-37.136,114.319,1.91,62.7287,0.205406,-0.639125,0.741166,-13.9762,1,0.0266489,0.0665865,87.6479,23.0042,0.0975706,0.0974805,0.0970573,43.5063,293.629,-1821.92,38.8837,308.227,2329.91,47.5993,346.545,-2863.08,0.0634781,0
A,327,.,.,.,GLN,N,2586,324,41,5,86.798,-34.16,113.739,1.7,7.49833,-0.903164,-0.11802,0.412755,11.0879,1,0.0612242,0.364132,23.0368,9.98782,0.364947,0.364734,0.364623,41.5784,304.607,-1732.96,38.8837,308.227,2329.91,47.5993,346.545,-2863.08,0.0733492,0
A,327,.,.,.,GLN,CA,2587,324,37,5,87.364,-32.822,113.709,1.9,0.014013,-0.766453,-0.0637062,-0.639133,0.010668,1,0.294007,0.364132,18.2315,12.8447,0.470865,0.468214,0.468755,41.5784,304.607,-1732.96,38.8837,308.227,2329.91,47.5993,346.545,-2863.08,0.0894332,0
A,327,.,.,.,GLN,C,2588,324,36,5,88.869,-32.892,113.997,1.75,0.191171,0.178368,0.473626,0.862475,0.339869,1,0.139479,0.364132,11.3365,8.72433,0.548857,0.54653,0.547381,41.5784,304.607,-1732.96,38.8837,308.227,2329.91,47.5993,346.545,-2863.08,0.0835399,0
A,327,.,.,.,GLN,O,2589,324,43,5,89.325,-33.681,114.816,1.49,21.3205,0.345229,-0.354017,0.869189,6.71277,1,0.152513,0.364132,36.8263,9.30249,0.51741,0.516346,0.515528,41.5784,304.607,-1732.96,38.8837,308.227,2329.91,47.5993,346.545,-2863.08,0.075315,0
A,327,.,.,.,GLN,CB,2590,324,38,5,86.677,-31.882,114.721,1.91,17.2934,-0.0282894,-0.274521,0.961165,-0.521937,1,0.44374,0.364132,42.9208,17.4615,0.212406,0.212031,0.211441,41.5784,304.607,-1732.96,38.8837,308.227,2329.91,47.5993,346.545,-2863.08,0.0845293,0
A,327,.,.,.,GLN,CG,2591,324,40,5,85.458,-31.137,114.18,1.8,14.2372,-0.849545,-0.525281,-0.0485144,-3.28757,1,0.505204,0.364132,34.5687,13.9201,0.198101,0.197937,0.195689,41.5784,304.607,-1732.96,38.8837,308.227,2329.91,47.5993,346.545,-2863.08,0.0962181,0
A,327,.,.,.,GLN,CD,2592,324,39,5,85.157,-29.843,114.928,1.81,6.50831,-0.714094,-0.364071,0.597931,-1.88207,1,0.594683,0.364132,22.0531,11.9034,0.219509,0.219027,0.2164,41.5784,304.607,-1732.96,38.8837,308.227,2329.91,47.5993,346.545,-2863.08,0.088352,0
A,327,.,.,.,GLN,OE1,2593,324,44,5,85.729,-29.563,115.984,1.52,31.2952,0.0497586,0.236547,0.970345,-15.9598,1,0.557924,0.364132,43.063,9.60189,0.226281,0.225759,0.22512,41.5784,304.607,-1732.96,38.8837,308.227,2329.91,47.5993,346.545,-2863.08,0.0878955,0
A,327,.,.,.,GLN,NE2,2594,324,42,5,84.256,-29.042,114.372,1.62,24.4623,-0.978378,0.0623334,0.197209,-13.1009,1,0.528418,0.364132,46.3736,12.8432,0.288937,0.288568,0.285936,41.5784,304.607,-1732.96,38.8837,308.227,2329.91,47.5993,346.545,-2863.08,0.105455,0
A,328,.,.,.,GLN,N,2595,325,41,5,89.62,-32.059,113.297,1.7,0.000633859,-0.319616,0.611379,-0.72392,0.0009373,1,0.336945,0.183029,16.2177,9.80123,0.653047,0.591238,2,41.8583,320.958,-1813.27,38.8837,308.227,2329.91,47.5993,346.545,-2863.08,2,0
A,328,.,.,.,GLN,CA,2596,325,37,5,91.039,-31.94,113.505,1.9,0.0106166,0.122093,-0.284028,0.951011,0.00808234,1,0.137697,0.183029,16.7513,12.6878,0.583754,0.515561,2,41.8583,320.958,-1813.27,38.8837,308.227,2329.91,47.5993,346.545,-2863.08,0.0944624,0
A,328,.,.,.,GLN,C,2597,325,36,5,91.331,-30.583,114.114,1.75,2.10358,-0.501757,-0.0315949,0.864431,3.7398,1,0.311172,0.183029,13.5654,8.72288,0.656777,0.636578,2,41.8583,320.958,-1813.27,38.8837,308.227,2329.91,47.5993,346.545,-2863.08,0.0882105,0
A,328,.,.,.,GLN,O,2598,325,43,5,90.591,-29.622,113.889,1.49,0.718256,-0.441623,0.00997958,0.897145,0.226144,1,0.450221,0.183029,17.3541,9.24049,0.664723,0.636578,2,41.8583,320.958,-1813.27,38.8837,308.227,2329.91,47.5993,346.545,-2863.08,0.0886045,0
A,328,.,.,.,GLN,CB,2599,325,38,5,91.774,-32.067,112.175,1.91,0,0,0,0,-0,2,0.28344,0.183029,23.1727,17.2149,2,2,2,41.8583,320.958,-1813.27,38.8837,308.227,2329.91,47.5993,346.545,-2863.08,2,0
A,328,.,.,.,GLN,CG,2600,325,40,5,91.7,-33.438,111.528,1.8,6.67898,-0.0509871,-0.9146,0.401133,-1.54227,1,0.0467315,0.183029,30.3045,13.876,0.744344,0.719435,2,41.8583,320.958,-1813.27,38.8837,308.227,2329.91,47.5993,346.545,-2863.08,0.0966295,0
A,328,.,.,.,GLN,CD,2601,325,39,5,92.624,-33.541,110.331,1.81,0,0,0,0,-0,2,0.0112197,0.183029,16.0657,11.6953,2,2,2,41.8583,320.958,-1813.27,38.8837,308.227,2329.91,47.5993,346.545,-2863.08,2,0
A,328,.,.,.,GLN,OE1,2602,325,44,5,92.473,-32.813,109.353,1.52,0,0,0,0,-0,2,0.0497841,0.183029,13.879,9.4527,2,2,2,41.8583,320.958,-1813.27,38.8837,308.227,2329.91,47.5993,346.545,-2863.08,2,0
A,328,.,.,.,GLN,NE2,2603,325,42,5,93.593,-34.431,110.408,1.62,11.1808,0.420078,-0.783529,0.45784,-5.98796,1,0.0200499,0.183029,34.1803,12.7201,0.364906,0.355741,0.326132,41.8583,320.958,-1813.27,38.8837,308.227,2329.91,47.5993,346.545,-2863.08,0.0882318,0
A,329,.,.,.,SER,N,2604,326,119,15,92.43,-30.507,114.869,1.7,2.96395,-0.437867,-0.434165,0.787257,3.60642,1,0.205814,0.308013,16.1567,9.9286,0.578917,0.576602,0.579746,42.061,336.968,-1814.96,38.8837,308.227,2329.91,47.5993,346.545,-2863.08,0.0840364,0
A,329,.,.,.,SER,CA,2605,326,117,15,92.894,-29.234,115.406,1.9,6.28001,-0.722657,0.331431,0.606565,3.50092,1,0.492981,0.308013,23.9303,12.8101,0.578089,0.573031,0.573603,42.061,336.968,-1814.96,38.8837,308.227,2329.91,47.5993,346.545,-2863.08,0.0823219,0
A,329,.,.,.,SER,C,2606,326,116,15,93.677,-28.453,114.363,1.75,0,0,0,0,0,2,0.376987,0.308013,10.0154,8.64369,2,2,2,42.061,336.968,-1814.96,38.8837,308.227,2329.91,47.5993,346.545,-2863.08,2,0
A,329,.,.,.,SER,O,2607,326,120,15,94.088,-28.988,113.324,1.49,0,0,0,0,0,2,0.198708,0.308013,12.5677,9.24423,2,2,2,42.061,336.968,-1814.96,38.8837,308.227,2329.91,47.5993,346.545,-2863.08,2,0
A,329,.,.,.,SER,CB,2608,326,118,15,93.778,-29.448,116.625,1.91,38.7476,-0.224276,0.0776128,0.97143,-10.0591,1,0.449562,0.308013,62.593,19.2601,0.564641,0.561183,0.55448,42.061,336.968,-1814.96,38.8837,308.227,2329.91,47.5993,346.545,-2863.08,0.0533275,0
A,329,.,.,.,SER,OG,2609,326,121,15,94.989,-30.045,116.226,1.54,1.04655,0.0682088,-0.767707,0.637161,-0.150945,1,0.124027,0.308013,19.7446,10.239,0.570785,0.554252,0.536431,42.061,336.968,-1814.96,38.8837,308.227,2329.91,47.5993,346.545,-2863.08,0.0538189,0
A,330,.,.,.,ALA,N,2610,327,3,0,93.9,-27.181,114.664,1.7,1.96864,-0.236643,0.340653,0.909921,2.95303,1,0.402509,0.266156,19.5337,9.82565,0.764249,0.747545,2,40.4557,328.132,-1347.35,43.6453,284.752,-893.942,46.9772,360.792,-2870.07,0.104834,0
A,330,.,.,.,ALA,CA,2611,327,1,0,94.699,-26.317,113.793,1.9,0,0,0,0,0,2,0.300427,0.266156,17.9281,12.8806,2,2,2,40.4557,328.132,-1347.35,43.6453,284.752,-893.942,46.9772,360.792,-2870.07,2,0
A,330,.,.,.,ALA,C,2612,327,0,0,96.125,-26.845,113.626,1.75,0.721524,0.67117,0.688161,0.27562,1.42413,1,0.14377,0.266156,11.4029,8.69837,0.630306,0.628668,0.61561,40.4557,328.132,-1347.35,43.6453,284.752,-893.942,46.9772,360.792,-2870.07,0.0865958,0
A,330,.,.,.,ALA,O,2613,327,4,0,96.768,-26.604,112.614,1.49,9.73484,0.81216,0.555392,-0.178706,4.9161,1,0.151718,0.266156,27.715,9.29795,0.610184,0.60852,0.600232,40.4557,328.132,-1347.35,43.6453,284.752,-893.942,46.9772,360.792,-2870.07,0.0752631,0
A,330,.,.,.,ALA,CB,2614,327,2,0,94.72,-24.9,114.339,1.92,17.1327,0.757405,0.427105,0.493882,1.22848,1,0.332356,0.266156,53.8478,23.3323,0.62922,0.62666,0.624084,40.4557,328.132,-1347.35,43.6453,284.752,-893.942,46.9772,360.792,-2870.07,0.118793,0
A,331,.,.,.,ARG,N,2615,328,11,1,96.616,-27.561,114.626,1.7,2.96625,0.123094,0.639105,0.759205,4.63337,1,0.362633,0.194796,16.5644,9.73048,0.631705,0.631161,0.623739,43.2524,337.562,-1491.09,43.6453,284.752,-893.942,46.9772,360.792,-2870.07,0.0729448,0
A,331,.,.,.,ARG,CA,2616,328,6,1,97.933,-28.205,114.559,1.9,10.4225,0.626909,0.776447,-0.0641577,8.92504,1,0.110081,0.194796,26.5283,12.9845,0.609119,0.608494,0.600153,43.2524,337.562,-1491.09,43.6453,284.752,-893.942,46.9772,360.792,-2870.07,0.0457369,0
A,331,.,.,.,ARG,C,2617,328,5,1,98.04,-29.319,113.494,1.75,0,0,0,0,0,2,0.0837884,0.194796,11.3633,8.76707,2,2,2,43.2524,337.562,-1491.09,43.6453,284.752,-893.942,46.9772,360.792,-2870.07,2,0
A,331,.,.,.,ARG,O,2618,328,14,1,99.115,-29.58,112.975,1.49,26.047,0.879453,-0.055954,-0.472685,9.80894,1,0.0313586,0.194796,38.7877,9.28661,0.0329999,0.0329867,0.031809,43.2524,337.562,-1491.09,43.6453,284.752,-893.942,46.9772,360.792,-2870.07,0.047854,0
A,331,.,.,.,ARG,CB,2619,328,7,1,98.236,-28.783,115.948,1.91,9.3792,-0.0514078,0.83366,0.54988,1.07829,1,0.136884,0.194796,33.4633,16.2299,0.521624,0.520923,0.506386,43.2524,337.562,-1491.09,43.6453,284.752,-893.942,46.9772,360.792,-2870.07,0.0375714,0
A,331,.,.,.,ARG,CG,2620,328,9,1,99.579,-29.443,116.105,1.92,24.788,0.913284,-0.0989484,-0.395121,0.163871,1,0.102506,0.194796,47.8611,17.2127,0.0313366,0.031325,0.0305137,43.2524,337.562,-1491.09,43.6453,284.752,-893.942,46.9772,360.792,-2870.07,0.0355394,0
A,331,.,.,.,ARG,CD,2621,328,8,1,99.867,-29.566,117.576,1.88,31.0574,0.91257,0.281696,0.296418,-13.9397,1,0.814336,0.194796,50.5466,16.9479,0.0281399,0.0281126,0.0276488,43.2524,337.562,-1491.09,43.6453,284.752,-893.942,46.9772,360.792,-2870.07,0.0286784,0
A,331,.,.,.,ARG,NE,2622,328,12,1,99.151,-30.674,118.182,1.62,9.7517,0.433618,-0.87544,-0.213494,-2.70397,1,0.0356616,0.194796,22.1824,8.0287,0.0205785,0.0205674,0.0205417,43.2524,337.562,-1491.09,43.6453,284.752,-893.942,46.9772,360.792,-2870.07,0.0313364,0
A,331,.,.,.,ARG,CZ,2623,328,10,1,98.6,-30.664,119.401,1.8,6.07626,0.83263,-0.342793,0.434995,-1.78328,1,0.117392,0.194796,23.4041,11.3501,0.0487225,0.0486531,0.0470087,43.2524,337.562,-1491.09,43.6453,284.752,-893.942,46.9772,360.792,-2870.07,0.0346236,0
A,331,.,.,.,ARG,NH1,2624,328,13,1,98.018,-31.764,119.843,1.62,52.6286,-0.348234,-0.842445,0.411119,-26.7196,1,0.0896207,0.194796,64.0781,12.9134,0.0445671,0.0445277,0.0438631,43.2524,337.562,-1491.09,43.6453,284.752,-893.942,46.9772,360.792,-2870.07,0.0420337,0
A,331,.,.,.,ARG,NH2,2625,328,13,1,98.579,-29.565,120.171,1.67,50.3013,-0.0862739,0.644218,0.759961,-25.538,1,0.258493,0.194796,63.8415,14.3621,0.0501753,0.0501084,0.0486545,43.2524,337.562,-1491.09,43.6453,284.752,-893.942,46.9772,360.792,-2870.07,0.0356275,0
A,332,.,.,.,GLU,N,2626,329,50,6,96.924,-29.985,113.203,1.7,0,0,0,0,0,2,0.194897,0.146761,11.1182,9.70327,2,2,2,43.095,326.786,-1584.73,41.4641,291.287,-1131.83,46.9772,360.792,-2870.07,2,0
A,332,.,.,.,GLU,CA,2627,329,46,6,96.892,-31.176,112.341,1.9,7.21559,0.801898,-0.592472,-0.0770465,4.43284,1,0.108548,0.146761,24.2552,12.9592,0.0556509,0.0556258,0.0545024,43.095,326.786,-1584.73,41.4641,291.287,-1131.83,46.9772,360.792,-2870.07,0.049753,0
A,332,.,.,.,GLU,C,2628,329,45,6,96.522,-30.864,110.903,1.75,0.447433,0.940861,0.183148,-0.28502,0.807196,1,0.132474,0.146761,12.6518,8.68902,0.200543,0.199744,0.195388,43.095,326.786,-1584.73,41.4641,291.287,-1131.83,46.9772,360.792,-2870.07,0.0650319,0
A,332,.,.,.,GLU,O,2629,329,51,6,96.845,-31.639,110.001,1.49,11.4255,0.926671,-0.346592,-0.145445,2.77629,1,0.129136,0.146761,27.2348,9.34415,0.0404662,0.0403322,0.0394755,43.095,326.786,-1584.73,41.4641,291.287,-1131.83,46.9772,360.792,-2870.07,0.0954404,0
A,332,.,.,.,GLU,CB,2630,329,47,6,95.852,-32.165,112.868,1.91,4.61763,0.46577,-0.826403,-0.316411,-1.02883,1,0.239293,0.146761,29.3984,16.7636,0.0618302,0.0618302,0.0608002,43.095,326.786,-1584.73,41.4641,291.287,-1131.83,46.9772,360.792,-2870.07,0.0727625,0
A,332,.,.,.,GLU,CG,2631,329,49,6,96.046,-32.594,114.305,1.88,12.3501,0.845309,-0.491619,0.209195,-4.7753,1,0.0436053,0.146761,38.8088,16.7421,0.0457949,0.0457346,0.044576,43.095,326.786,-1584.73,41.4641,291.287,-1131.83,46.9772,360.792,-2870.07,0.0478126,0
A,332,.,.,.,GLU,CD,2632,329,48,6,94.943,-33.522,114.768,1.76,4.41231,-0.00567464,0.0225576,0.999729,-1.91434,1,0.139371,0.146761,20.8063,10.5473,0.0453705,0.0451161,0.0433393,43.095,326.786,-1584.73,41.4641,291.287,-1131.83,46.9772,360.792,-2870.07,0.0723322,0
A,332,.,.,.,GLU,OE1,2633,329,52,6,93.763,-33.124,114.834,1.49,8.96497,-0.527081,-0.468851,0.708777,-5.93146,1,0.143986,0.146761,24.2393,9.30592,0.513153,0.499597,0.473463,43.095,326.786,-1584.73,41.4641,291.287,-1131.83,46.9772,360.792,-2870.07,0.0815238,0
A,332,.,.,.,GLU,OE2,2634,329,52,6,95.262,-34.666,115.075,1.49,45.1207,0.149597,-0.937842,0.313165,-29.8531,1,0.189539,0.146761,50.6467,9.33266,0.0361187,0.0359633,0.0345372,43.095,326.786,-1584.73,41.4641,291.287,-1131.83,46.9772,360.792,-2870.07,0.0724945,0
A,333,.,.,.,MET,N,2635,330,97,12,95.824,-29.748,110.689,1.7,0,0,0,0,0,2,0.0860623,0.171222,12.6647,9.84523,2,2,2,40.0074,304.488,-1170.66,41.4641,291.287,-1131.83,46.9772,360.792,-2870.07,2,0
A,333,.,.,.,MET,CA,2636,330,93,12,95.373,-29.367,109.347,1.9,0,0,0,0,0,2,0.0812529,0.171222,16.6772,12.7692,2,2,2,40.0074,304.488,-1170.66,41.4641,291.287,-1131.83,46.9772,360.792,-2870.07,2,0
A,333,.,.,.,MET,C,2637,330,92,12,96.421,-28.552,108.586,1.75,0.900378,0.836544,-0.523252,-0.162488,1.78119,1,0.213542,0.171222,12.7265,8.74162,0.455518,0.449622,0.41956,40.0074,304.488,-1170.66,41.4641,291.287,-1131.83,46.9772,360.792,-2870.07,0.115254,0
A,333,.,.,.,MET,O,2638,330,98,12,97.302,-27.938,109.17,1.49,12.2454,0.990516,0.0604205,0.123398,8.92268,1,0.166243,0.171222,30.9934,9.262,0.470328,0.467732,0.426925,40.0074,304.488,-1170.66,41.4641,291.287,-1131.83,46.9772,360.792,-2870.07,0.0865204,0
A,333,.,.,.,MET,CB,2639,330,94,12,94.079,-28.557,109.451,1.91,0,0,0,0,0,2,0.208838,0.171222,22.8623,16.6327,2,2,2,40.0074,304.488,-1170.66,41.4641,291.287,-1131.83,46.9772,360.792,-2870.07,2,0
A,333,.,.,.,MET,CG,2640,330,96,12,92.931,-29.31,110.144,1.92,0,0,0,0,0,2,0.0657003,0.171222,22.699,17.78,2,2,2,40.0074,304.488,-1170.66,41.4641,291.287,-1131.83,46.9772,360.792,-2870.07,2,0
A,333,.,.,.,MET,SD,2641,330,99,12,91.336,-28.489,109.986,1.94,0.000410419,-0.807379,-0.498112,0.316266,0.000222653,1,0.320375,0.171222,32.692,21.2466,1,2,2,40.0074,304.488,-1170.66,41.4641,291.287,-1131.83,46.9772,360.792,-2870.07,2,0
A,333,.,.,.,MET,CE,2642,330,95,12,91.456,-27.27,111.288,1.8,0,0,0,0,0,2,0.227763,0.171222,35.164,19.6728,2,2,2,40.0074,304.488,-1170.66,41.4641,291.287,-1131.83,46.9772,360.792,-2870.07,2,0
A,334,.,.,.,THR,N,2643,331,126,16,96.29,-28.532,107.269,1.7,0.0260205,0.813813,-0.576873,0.0701902,0.042365,1,0.301626,0.444728,12.6715,9.78319,0.449006,0.442989,0.41956,38.7867,281.272,-609.084,41.4641,291.287,-1131.83,46.9772,360.792,-2870.07,0.133569,0
A,334,.,.,.,THR,CA,2644,331,123,16,97.09,-27.645,106.448,1.9,5.68353,0.948104,-0.201109,0.24628,5.54106,1,0.109268,0.444728,20.7967,11.9013,0.0051206,0.00487363,0.003488,38.7867,281.272,-609.084,41.4641,291.287,-1131.83,46.9772,360.792,-2870.07,0.153024,0
A,334,.,.,.,THR,C,2645,331,122,16,96.561,-26.213,106.578,1.75,0,0,0,0,0,2,0.479542,0.444728,10.1112,8.57909,2,2,2,38.7867,281.272,-609.084,41.4641,291.287,-1131.83,46.9772,360.792,-2870.07,2,0
A,334,.,.,.,THR,O,2646,331,127,16,95.354,-25.977,106.48,1.49,0,0,0,0,0,2,0.483008,0.444728,12.7181,9.0515,2,2,2,38.7867,281.272,-609.084,41.4641,291.287,-1131.83,46.9772,360.792,-2870.07,2,0
A,334,.,.,.,THR,CB,2647,331,124,16,97.077,-28.091,104.986,2.01,0.260431,0.681792,-0.496328,-0.537419,0.0117557,1,0.76045,0.444728,25.2495,16.9758,0.00335358,0.00302199,0.00204189,38.7867,281.272,-609.084,41.4641,291.287,-1131.83,46.9772,360.792,-2870.07,0.165534,0
A,334,.,.,.,THR,OG1,2648,331,128,16,97.602,-29.43,104.905,1.54,22.1572,0.685537,-0.600876,-0.41108,-1.32215,1,0.489175,0.444728,36.6397,9.69798,0.00946549,0.00921966,0.00843722,38.7867,281.272,-609.084,41.4641,291.287,-1131.83,46.9772,360.792,-2870.07,0.150365,0
A,334,.,.,.,THR,CG2,2649,331,125,16,97.92,-27.128,104.126,1.92,41.7675,0.764313,0.0445164,-0.643307,-6.89294,1,0.490031,0.444728,73.7995,22.3132,0.00486577,0.00481435,0.00323267,38.7867,281.272,-609.084,41.4641,291.287,-1131.83,46.9772,360.792,-2870.07,0.165595,0
A,335,.,.,.,GLU,N,2650,332,50,6,97.47,-25.273,106.826,1.7,4.2452,0.965785,-0.22949,0.120803,5.43874,1,0.290669,0.393232,19.5279,9.91796,0.450271,0.450129,0.426925,37.324,274.753,-225.117,43.6453,284.752,-893.942,46.9772,360.792,-2870.07,0.136727,0
A,335,.,.,.,GLU,CA,2651,332,46,6,97.121,-23.867,106.958,1.9,0,0,0,0,0,2,0.74795,0.393232,15.8188,12.8324,2,2,2,37.324,274.753,-225.117,43.6453,284.752,-893.942,46.9772,360.792,-2870.07,2,0
A,335,.,.,.,GLU,C,2652,332,45,6,97.029,-23.276,105.546,1.75,0,0,0,0,0,2,0.699342,0.393232,10.6636,8.75861,2,2,2,37.324,274.753,-225.117,43.6453,284.752,-893.942,46.9772,360.792,-2870.07,2,0
A,335,.,.,.,GLU,O,2653,332,51,6,98.019,-23.262,104.804,1.49,19.4993,0.825881,0.140864,-0.545964,4.73818,1,0.19938,0.393232,35.4965,9.38181,0.057255,0.0569313,0.0484755,37.324,274.753,-225.117,43.6453,284.752,-893.942,46.9772,360.792,-2870.07,0.099755,0
A,335,.,.,.,GLU,CB,2654,332,47,6,98.186,-23.151,107.803,1.91,16.8781,0.791869,-0.49234,0.361311,-3.76051,1,0.202159,0.393232,41.7829,16.8221,0.0291591,0.0285741,0.0204468,37.324,274.753,-225.117,43.6453,284.752,-893.942,46.9772,360.792,-2870.07,0.0695084,0
A,335,.,.,.,GLU,CG,2655,332,49,6,98.021,-21.663,107.938,1.88,0.0126608,0.287453,0.352988,-0.890376,-0.0048954,1,0.414177,0.393232,28.6331,16.7547,0.494322,0.489752,0.458632,37.324,274.753,-225.117,43.6453,284.752,-893.942,46.9772,360.792,-2870.07,0.0560657,0
A,335,.,.,.,GLU,CD,2656,332,48,6,99.292,-21.015,108.466,1.76,2.28043,0.749644,-0.598476,0.282597,-0.989393,1,0.515259,0.393232,16.3449,10.6699,0.0249057,0.024806,0.0238063,37.324,274.753,-225.117,43.6453,284.752,-893.942,46.9772,360.792,-2870.07,0.0573918,0
A,335,.,.,.,GLU,OE1,2657,332,52,6,100.223,-20.704,107.661,1.49,29.7275,0.940589,-0.0794395,-0.330124,-19.6685,1,0.0812405,0.393232,41.8812,9.54531,0.0168525,0.0168466,0.0163428,37.324,274.753,-225.117,43.6453,284.752,-893.942,46.9772,360.792,-2870.07,0.050378,0
A,335,.,.,.,GLU,OE2,2658,332,52,6,99.35,-20.837,109.699,1.49,31.4968,0.443058,-0.0478581,0.895214,-20.8391,1,0.388917,0.393232,44.701,9.42229,0.0468077,0.0466587,0.0455731,37.324,274.753,-225.117,43.6453,284.752,-893.942,46.9772,360.792,-2870.07,0.0547019,0
A,336,.,.,.,VAL,N,2659,333,158,19,95.829,-22.832,105.181,1.7,0,0,0,0,0,2,0.534465,0.501859,11.6248,9.60163,2,2,2,34.7428,241.032,181.393,43.6453,284.752,-893.942,46.9772,360.792,-2870.07,2,0
A,336,.,.,.,VAL,CA,2660,333,154,19,95.564,-22.249,103.87,1.9,4.01597,0.592808,-0.284866,-0.75328,6.83707,1,0.275587,0.501859,19.9031,12.0226,0.438238,0.43705,0.355032,34.7428,241.032,181.393,43.6453,284.752,-893.942,46.9772,360.792,-2870.07,0.17894,0
A,336,.,.,.,VAL,C,2661,333,153,19,95.73,-20.721,103.933,1.75,0.00487373,0.961956,0.0863105,0.259212,0.0116285,1,0.34774,0.501859,11.5605,8.61394,0.427922,0.423488,0.379166,34.7428,241.032,181.393,43.6453,284.752,-893.942,46.9772,360.792,-2870.07,0.0898716,0
A,336,.,.,.,VAL,O,2662,333,159,19,96.391,-20.141,103.092,1.49,26.0252,0.606936,0.30434,-0.73417,21.5787,1,0.298935,0.501859,39.6741,9.29907,0.532719,0.531679,0.522734,34.7428,241.032,181.393,43.6453,284.752,-893.942,46.9772,360.792,-2870.07,0.1005,0
A,336,.,.,.,VAL,CB,2663,333,155,19,94.151,-22.604,103.36,2.01,0,0,0,0,0,3,0.840715,0.501859,16.32,14.1877,2,2,2,34.7428,241.032,181.393,43.6453,284.752,-893.942,46.9772,360.792,-2870.07,2,0
A,336,.,.,.,VAL,CG1,2664,333,156,19,93.873,-21.922,102.023,1.92,21.6266,0.438976,0.0437563,-0.897433,13.6583,1,0.613712,0.501859,57.1576,22.0379,0.75706,0.743262,2,34.7428,241.032,181.393,43.6453,284.752,-893.942,46.9772,360.792,-2870.07,0.240161,0
A,336,.,.,.,VAL,CG2,2665,333,157,19,93.995,-24.124,103.216,1.92,5.9277,0.551783,-0.261417,-0.791957,4.09087,1,0.601861,0.501859,43.7903,22.1875,0.793862,0.782093,2,34.7428,241.032,181.393,43.6453,284.752,-893.942,46.9772,360.792,-2870.07,0.204143,0
A,337,.,.,.,LEU,N,2666,334,81,10,95.089,-20.093,104.926,1.7,0,0,0,0,0,2,0.536456,0.404029,12.2701,9.82856,2,2,2,33.8967,235.781,428.337,43.6453,284.752,-893.942,46.9772,360.792,-2870.07,2,0
A,337,.,.,.,LEU,CA,2667,334,76,10,95.21,-18.656,105.187,1.9,0,0,0,0,0,2,0.0570298,0.404029,15.2436,12.3892,2,2,2,33.8967,235.781,428.337,43.6453,284.752,-893.942,46.9772,360.792,-2870.07,2,0
A,337,.,.,.,LEU,C,2668,334,75,10,95.575,-18.548,106.653,1.75,0,0,0,0,0,2,0.141201,0.404029,9.93167,8.56854,2,2,2,33.8967,235.781,428.337,43.6453,284.752,-893.942,46.9772,360.792,-2870.07,2,0
A,337,.,.,.,LEU,O,2669,334,82,10,94.768,-18.953,107.488,1.49,0,0,0,0,0,2,0.42163,0.404029,15.6247,9.16317,2,2,2,33.8967,235.781,428.337,43.6453,284.752,-893.942,46.9772,360.792,-2870.07,2,0
A,337,.,.,.,LEU,CB,2670,334,77,10,93.875,-17.945,104.928,1.91,0.624429,0.15946,-0.0260646,-0.98686,0.63575,1,0.63861,0.404029,23.6338,15.5124,0.79525,2,2,33.8967,235.781,428.337,43.6453,284.752,-893.942,46.9772,360.792,-2870.07,0.108293,0
A,337,.,.,.,LEU,CG,2671,334,80,10,93.779,-16.446,105.205,2.01,0.00898533,-0.197978,0.432324,0.879716,0.0122023,1,0.278118,0.404029,22.3891,14.1349,0.779625,0.773921,0.775978,33.8967,235.781,428.337,43.6453,284.752,-893.942,46.9772,360.792,-2870.07,2,0
A,337,.,.,.,LEU,CD1,2672,334,78,10,94.673,-15.639,104.261,1.92,48.4494,0.316622,0.636028,-0.703718,32.9929,1,0.537582,0.404029,78.6273,22.1961,0.605968,0.604744,0.60104,33.8967,235.781,428.337,43.6453,284.752,-893.942,46.9772,360.792,-2870.07,0.0552994,0
A,337,.,.,.,LEU,CD2,2673,334,79,10,92.334,-15.976,105.106,1.92,10.1075,-0.170867,0.922924,-0.344986,5.3615,1,0.621609,0.404029,52.6482,22.1881,0.774083,0.762783,0.766679,33.8967,235.781,428.337,43.6453,284.752,-893.942,46.9772,360.792,-2870.07,0.0814024,0
A,338,.,.,.,PRO,N,2674,335,114,14,96.783,-18.04,106.976,1.7,0,0,0,0,0,2,0.49626,0.54093,6.39086,5.56668,2,2,2,36.156,261.75,264.471,43.6453,284.752,-893.942,46.9772,360.792,-2870.07,2,0
A,338,.,.,.,PRO,CA,2675,335,110,14,97.216,-17.964,108.384,1.9,0,0,0,0,0,2,0.534504,0.54093,16.4106,13.0446,2,2,2,36.156,261.75,264.471,43.6453,284.752,-893.942,46.9772,360.792,-2870.07,2,0
A,338,.,.,.,PRO,C,2676,335,109,14,96.209,-17.251,109.295,1.75,0,0,0,0,0,2,0.816983,0.54093,10.0213,8.62741,2,2,2,36.156,261.75,264.471,43.6453,284.752,-893.942,46.9772,360.792,-2870.07,2,0
A,338,.,.,.,PRO,O,2677,335,115,14,95.661,-16.22,108.927,1.49,0.0106702,0.0894957,0.659613,-0.746258,0.0033198,1,0.661469,0.54093,22.7539,9.29931,0.887176,2,2,36.156,261.75,264.471,43.6453,284.752,-893.942,46.9772,360.792,-2870.07,2,0
A,338,.,.,.,PRO,CB,2678,335,111,14,98.512,-17.143,108.308,1.91,20.6814,0.717459,0.447273,0.534041,-6.73476,1,0.350542,0.54093,48.2404,16.9016,0.0327478,0.0327147,0.0327147,36.156,261.75,264.471,43.6453,284.752,-893.942,46.9772,360.792,-2870.07,0.0430356,0
A,338,.,.,.,PRO,CG,2679,335,113,14,99.05,-17.455,106.95,1.92,30.4848,0.858202,0.372771,-0.35289,-13.7934,1,0.461991,0.54093,51.2435,17.2463,0.0363401,0.036322,0.0362535,36.156,261.75,264.471,43.6453,284.752,-893.942,46.9772,360.792,-2870.07,0.0400172,0
A,338,.,.,.,PRO,CD,2680,335,112,14,97.822,-17.521,106.067,1.92,17.3478,0.42486,0.375218,-0.823836,3.50392,1,0.464759,0.54093,45.9467,18.2513,0.0590225,0.0589921,0.0588048,36.156,261.75,264.471,43.6453,284.752,-893.942,46.9772,360.792,-2870.07,0.0486026,0
A,339,.,.,.,SER,N,2681,336,119,15,95.984,-17.8,110.475,1.7,2.16876,0.762115,-0.380331,0.523956,2.63886,1,0.702376,0.631522,20.8822,10.0165,0.652644,0.652492,0.649292,36.3753,280.6,-113.968,43.6453,284.752,-893.942,46.9772,360.792,-2870.07,0.0615389,0
A,339,.,.,.,SER,CA,2682,336,117,15,95.088,-17.198,111.455,1.9,0,0,0,0,0,2,0.72938,0.631522,14.2055,12.8505,2,2,2,36.3753,280.6,-113.968,43.6453,284.752,-893.942,46.9772,360.792,-2870.07,2,0
A,339,.,.,.,SER,C,2683,336,116,15,95.674,-15.906,112.036,1.75,0.676978,0.0726317,-0.0741989,0.994595,1.17555,1,0.202536,0.631522,11.5704,8.81926,0.30199,0.300393,0.298897,36.3753,280.6,-113.968,43.6453,284.752,-893.942,46.9772,360.792,-2870.07,0.0748869,0
A,339,.,.,.,SER,O,2684,336,120,15,96.879,-15.786,112.286,1.49,24.045,0.848142,-0.083148,0.523203,7.24121,1,0.43464,0.631522,37.4763,9.36843,0.0613761,0.0610104,0.0603562,36.3753,280.6,-113.968,43.6453,284.752,-893.942,46.9772,360.792,-2870.07,0.0579016,0
A,339,.,.,.,SER,CB,2685,336,118,15,94.74,-18.205,112.579,1.91,16.4942,0.713091,-0.309754,0.628931,-4.28199,1,0.864143,0.631522,49.2966,19.5523,0.648983,0.643775,0.646084,36.3753,280.6,-113.968,43.6453,284.752,-893.942,46.9772,360.792,-2870.07,0.0944942,0
A,339,.,.,.,SER,OG,2686,336,121,15,93.6,-17.78,113.345,1.54,1.82943,0.388918,0.475157,0.789284,-0.263863,1,0.856055,0.631522,25.6347,10.4598,0.721372,0.610679,2,36.3753,280.6,-113.968,43.6453,284.752,-893.942,46.9772,360.792,-2870.07,0.101247,0
A,340,.,.,.,GLN,N,2687,337,41,5,94.81,-14.92,112.206,1.7,0,0,0,0,0,2,0.562588,0.589188,13.4492,9.81442,2,2,2,36.6365,272.666,-8.95288,43.6453,284.752,-893.942,46.9772,360.792,-2870.07,2,0
A,340,.,.,.,GLN,CA,2688,337,37,5,95.175,-13.634,112.795,1.9,9.25799,0.688915,-0.0856518,0.719764,7.04807,1,0.514794,0.589188,25.9206,12.9064,0.162262,0.160896,0.157436,36.6365,272.666,-8.95288,43.6453,284.752,-893.942,46.9772,360.792,-2870.07,0.060184,0
A,340,.,.,.,GLN,C,2689,337,36,5,94.014,-13.153,113.593,1.75,0.793827,0.207947,-0.712207,0.670462,1.41129,1,0.736197,0.589188,12.355,8.46356,0.437417,0.415892,0.399151,36.6365,272.666,-8.95288,43.6453,284.752,-893.942,46.9772,360.792,-2870.07,0.0956506,0
A,340,.,.,.,GLN,O,2690,337,43,5,92.897,-13.551,113.319,1.49,0,0,0,0,0,2,0.724061,0.589188,12.0084,9.03858,2,2,2,36.6365,272.666,-8.95288,43.6453,284.752,-893.942,46.9772,360.792,-2870.07,2,0
A,340,.,.,.,GLN,CB,2691,337,38,5,95.373,-12.558,111.72,1.91,4.62444,0.696668,0.485752,0.527919,-0.139572,1,0.683974,0.589188,29.8042,17.0219,0.0669509,0.0669025,0.0655313,36.6365,272.666,-8.95288,43.6453,284.752,-893.942,46.9772,360.792,-2870.07,0.0485135,0
A,340,.,.,.,GLN,CG,2692,337,40,5,96.336,-12.89,110.625,1.8,8.23052,0.95804,-0.0519959,0.281878,-1.90054,1,0.584713,0.589188,30.3729,13.77,0.0399214,0.0398953,0.0393784,36.6365,272.666,-8.95288,43.6453,284.752,-893.942,46.9772,360.792,-2870.07,0.0401978,0
A,340,.,.,.,GLN,CD,2693,337,39,5,96.56,-11.693,109.722,1.81,6.66102,0.985266,0.084358,0.14878,-1.92623,1,0.48012,0.589188,22.1823,11.7203,0.0738889,0.0738479,0.0734084,36.6365,272.666,-8.95288,43.6453,284.752,-893.942,46.9772,360.792,-2870.07,0.0411031,0
A,340,.,.,.,GLN,OE1,2694,337,44,5,96.523,-10.544,110.166,1.52,33.066,0.376536,0.916642,0.134118,-16.8628,1,0.466455,0.589188,44.8149,9.61504,0.0632326,0.0632122,0.0627441,36.6365,272.666,-8.95288,43.6453,284.752,-893.942,46.9772,360.792,-2870.07,0.0423622,0
A,340,.,.,.,GLN,NE2,2695,337,42,5,96.778,-11.953,108.455,1.62,36.8177,0.492015,0.235028,-0.838262,-19.7179,1,0.549786,0.589188,56.8984,12.7659,0.0780532,0.0780164,0.0780164,36.6365,272.666,-8.95288,43.6453,284.752,-893.942,46.9772,360.792,-2870.07,0.0392128,0
A,341,.,.,.,ARG,N,2696,338,11,1,94.264,-12.233,114.532,1.7,6.05344,0.944718,0.233809,0.229873,9.45565,1,0.218631,0.624694,20.9288,10.0091,0.316015,0.312792,0.308564,37.0745,277.121,-332.531,43.6453,284.752,-893.942,46.9772,360.792,-2870.07,0.0881998,0
A,341,.,.,.,ARG,CA,2697,338,6,1,93.188,-11.58,115.268,1.9,0,0,0,0,0,2,0.647706,0.624694,14.7649,12.666,2,2,2,37.0745,277.121,-332.531,43.6453,284.752,-893.942,46.9772,360.792,-2870.07,2,0
A,341,.,.,.,ARG,C,2698,338,5,1,92.667,-10.379,114.467,1.75,0.648773,0.0284066,0.823547,0.566536,1.19675,1,0.632826,0.624694,11.9945,8.90585,0.389541,0.382701,0.361991,37.0745,277.121,-332.531,43.6453,284.752,-893.942,46.9772,360.792,-2870.07,0.105516,0
A,341,.,.,.,ARG,O,2699,338,14,1,93.455,-9.601,113.894,1.49,21.609,0.597949,0.801407,-0.0142783,8.13765,1,0.616864,0.624694,37.1225,9.43766,0.403378,0.399529,0.38847,37.0745,277.121,-332.531,43.6453,284.752,-893.942,46.9772,360.792,-2870.07,0.070321,0
A,341,.,.,.,ARG,CB,2700,338,7,1,93.643,-11.164,116.681,1.91,13.298,0.656207,0.75397,0.0303438,1.52882,1,0.777687,0.624694,38.7647,16.753,0.317626,0.314661,0.308564,37.0745,277.121,-332.531,43.6453,284.752,-893.942,46.9772,360.792,-2870.07,0.108265,0
A,341,.,.,.,ARG,CG,2701,338,9,1,93.861,-12.376,117.597,1.92,8.719,0.656774,-0.713886,-0.242929,0.0576405,1,0.778591,0.624694,34.3276,17.2689,0.297277,0.294428,0.287961,37.0745,277.121,-332.531,43.6453,284.752,-893.942,46.9772,360.792,-2870.07,0.106748,0
A,341,.,.,.,ARG,CD,2702,338,8,1,94.538,-12.087,118.93,1.88,19.8848,0.98625,-0.125425,-0.107605,-8.92499,1,0.477233,0.624694,42.6077,17.2705,0.0617087,0.0612471,0.0598821,37.0745,277.121,-332.531,43.6453,284.752,-893.942,46.9772,360.792,-2870.07,0.0986155,0
A,341,.,.,.,ARG,NE,2703,338,12,1,93.885,-11.027,119.691,1.62,1.45569,0.423345,0.830103,-0.362915,-0.403636,1,0.869172,0.624694,11.9951,7.9353,0.137702,0.137341,0.135434,37.0745,277.121,-332.531,43.6453,284.752,-893.942,46.9772,360.792,-2870.07,0.115209,0
A,341,.,.,.,ARG,CZ,2704,338,10,1,94.195,-10.688,120.945,1.8,5.41947,0.665063,0.669167,-0.331522,-1.59052,1,0.734196,0.624694,19.1654,11.2951,0.0413674,0.0412235,0.0406109,37.0745,277.121,-332.531,43.6453,284.752,-893.942,46.9772,360.792,-2870.07,0.105349,0
A,341,.,.,.,ARG,NH1,2705,338,13,1,95.171,-11.331,121.608,1.62,34.1837,0.857501,0.0722484,0.509383,-17.3551,1,0.352713,0.624694,50.1666,12.8657,0.0288737,0.0288127,0.0285875,37.0745,277.121,-332.531,43.6453,284.752,-893.942,46.9772,360.792,-2870.07,0.0998911,0
A,341,.,.,.,ARG,NH2,2706,338,13,1,93.529,-9.691,121.533,1.67,38.7885,0.0140248,0.772699,0.634618,-19.693,1,0.766019,0.624694,55.9029,14.3941,0.0328431,0.0319842,0.0298483,37.0745,277.121,-332.531,43.6453,284.752,-893.942,46.9772,360.792,-2870.07,0.118439,0
A,342,.,.,.,TYR,N,2707,339,150,18,91.343,-10.258,114.417,1.7,0,0,0,0,0,2,0.511666,0.43096,12.9312,9.85111,2,2,2,35.0908,246.803,-108.109,43.6453,284.752,-893.942,46.9772,360.792,-2870.07,2,0
A,342,.,.,.,TYR,CA,2708,339,144,18,90.651,-9.149,113.743,1.9,2.86099,0.557799,0.793783,-0.242424,4.38726,1,0.249356,0.43096,20.9725,12.9392,0.65887,0.615967,2,35.0908,246.803,-108.109,43.6453,284.752,-893.942,46.9772,360.792,-2870.07,0.119529,0
A,342,.,.,.,TYR,C,2709,339,143,18,89.71,-8.435,114.714,1.75,0.148996,0.816777,0.177973,0.548818,0.324636,1,0.543046,0.43096,11.5361,8.67511,0.711376,0.632971,2,35.0908,246.803,-108.109,43.6453,284.752,-893.942,46.9772,360.792,-2870.07,2,0
A,342,.,.,.,TYR,O,2710,339,151,18,89.013,-9.068,115.5,1.49,0,0,0,0,0,2,0.525599,0.43096,13.7479,9.1246,2,2,2,35.0908,246.803,-108.109,43.6453,284.752,-893.942,46.9772,360.792,-2870.07,2,0
A,342,.,.,.,TYR,CB,2711,339,145,18,89.831,-9.646,112.546,1.91,0.0151865,0.22796,0.936969,-0.264807,0.013935,1,0.404275,0.43096,28.344,17.6564,0.663242,0.632971,2,35.0908,246.803,-108.109,43.6453,284.752,-893.942,46.9772,360.792,-2870.07,2,0
A,342,.,.,.,TYR,CG,2712,339,148,18,90.675,-10.276,111.479,1.74,0,0,0,0,0,2,0.516425,0.43096,7.30599,6.2964,2,2,2,35.0908,246.803,-108.109,43.6453,284.752,-893.942,46.9772,360.792,-2870.07,2,0
A,342,.,.,.,TYR,CD1,2713,339,146,18,91.235,-9.502,110.461,1.82,8.24164,0.456671,0.885617,0.0844673,6.23751,1,0.231806,0.43096,29.6835,14.4265,0.72533,0.720236,0.725906,35.0908,246.803,-108.109,43.6453,284.752,-893.942,46.9772,360.792,-2870.07,0.132551,0
A,342,.,.,.,TYR,CD2,2714,339,146,18,90.96,-11.643,111.506,1.82,0,0,0,0,0,2,0.457848,0.43096,21.9002,14.4276,2,2,2,35.0908,246.803,-108.109,43.6453,284.752,-893.942,46.9772,360.792,-2870.07,2,0
A,342,.,.,.,TYR,CE1,2715,339,147,18,92.042,-10.081,109.486,1.82,19.6863,0.404998,0.627107,-0.665367,7.01609,1,0.221878,0.43096,43.2917,14.2644,0.760605,0.755762,0.759241,35.0908,246.803,-108.109,43.6453,284.752,-893.942,46.9772,360.792,-2870.07,0.0813561,0
A,342,.,.,.,TYR,CE2,2716,339,147,18,91.758,-12.237,110.518,1.82,0.0951456,-0.749675,0.0673443,-0.658371,0.0339093,1,0.530932,0.43096,22.5258,14.2262,0.955443,2,2,35.0908,246.803,-108.109,43.6453,284.752,-893.942,46.9772,360.792,-2870.07,0.097527,0
A,342,.,.,.,TYR,CZ,2717,339,149,18,92.314,-11.451,109.535,1.8,2.77356,-0.710714,-0.140839,-0.689239,2.27351,1,0.512633,0.43096,16.0759,9.79935,0.757754,0.745398,0.743875,35.0908,246.803,-108.109,43.6453,284.752,-893.942,46.9772,360.792,-2870.07,0.0766691,0
A,342,.,.,.,TYR,OH,2718,339,152,18,93.117,-12.025,108.576,1.54,12.8577,-0.0561933,0.207812,-0.976553,-1.40295,1,0.466055,0.43096,39.2218,10.9788,0.780165,0.772798,0.772143,35.0908,246.803,-108.109,43.6453,284.752,-893.942,46.9772,360.792,-2870.07,0.0507341,0
A,343,.,.,.,ASN,N,2719,340,19,2,89.662,-7.11,114.615,1.7,5.89931,0.511931,0.473813,-0.716539,8.06271,1,0.378913,0.313319,22.4165,9.99126,0.687651,0.648404,2,35.7263,236.98,-311.269,43.6453,284.752,-893.942,46.9772,360.792,-2870.07,0.174134,0
A,343,.,.,.,ASN,CA,2720,340,16,2,88.725,-6.313,115.399,1.9,0,0,0,0,0,2,0.476956,0.313319,14.8429,12.752,2,2,2,35.7263,236.98,-311.269,43.6453,284.752,-893.942,46.9772,360.792,-2870.07,2,0
A,343,.,.,.,ASN,C,2721,340,15,2,87.331,-6.301,114.764,1.75,0.434816,0.395144,0.241425,-0.886327,0.681075,1,0.347172,0.313319,12.5077,8.81858,0.884024,2,2,35.7263,236.98,-311.269,43.6453,284.752,-893.942,46.9772,360.792,-2870.07,2,0
A,343,.,.,.,ASN,O,2722,340,21,2,86.81,-5.253,114.376,1.49,0.31836,0.594403,0.103157,-0.797524,0.0863893,1,0.0231691,0.313319,14.1691,9.02376,0.884024,2,2,35.7263,236.98,-311.269,43.6453,284.752,-893.942,46.9772,360.792,-2870.07,2,0
A,343,.,.,.,ASN,CB,2723,340,17,2,89.246,-4.884,115.526,1.91,8.6169,0.188228,0.488554,-0.851989,-1.36231,1,0.0204442,0.313319,34.8888,17.3455,0.710278,0.701423,0.703723,35.7263,236.98,-311.269,43.6453,284.752,-893.942,46.9772,360.792,-2870.07,0.194375,0
A,343,.,.,.,ASN,CG,2724,340,18,2,90.51,-4.805,116.337,1.81,1.91954,0.931889,-0.294531,0.21174,-0.228143,1,0.177301,0.313319,18.414,10.904,0.0280623,0.027039,0.0237581,35.7263,236.98,-311.269,43.6453,284.752,-893.942,46.9772,360.792,-2870.07,0.135691,0
A,343,.,.,.,ASN,OD1,2725,340,22,2,90.676,-5.525,117.315,1.52,17.5037,0.732229,0.0275624,0.6805,-6.09335,1,0.639877,0.313319,33.3693,9.61617,0.0461963,0.0441308,0.0415019,35.7263,236.98,-311.269,43.6453,284.752,-893.942,46.9772,360.792,-2870.07,0.142754,0
A,343,.,.,.,ASN,ND2,2726,340,20,2,91.418,-3.952,115.922,1.62,50.4182,0.817823,0.520811,-0.244789,-24.1962,1,0.442722,0.313319,61.5269,12.7227,0.0456413,0.0448814,0.0421481,35.7263,236.98,-311.269,43.6453,284.752,-893.942,46.9772,360.792,-2870.07,0.13812,0
A,344,.,.,.,ALA,N,2727,341,3,0,86.732,-7.478,114.678,1.7,0,0,0,0,0,2,0.399418,0.295756,13.0656,9.49831,2,2,2,33.8146,223.047,-302.295,43.6453,284.752,-893.942,46.9772,360.792,-2870.07,2,0
A,344,.,.,.,ALA,CA,2728,341,1,0,85.487,-7.672,113.967,1.9,0,0,0,0,0,2,0.229345,0.295756,16.8472,12.9071,2,2,2,33.8146,223.047,-302.295,43.6453,284.752,-893.942,46.9772,360.792,-2870.07,2,0
A,344,.,.,.,ALA,C,2729,341,0,0,84.308,-7.172,114.808,1.75,0,0,0,0,0,2,0.101555,0.295756,10.2785,8.89129,2,2,2,33.8146,223.047,-302.295,43.6453,284.752,-893.942,46.9772,360.792,-2870.07,2,0
A,344,.,.,.,ALA,O,2730,341,4,0,83.167,-7.143,114.342,1.49,2.32003,-0.755318,0.654257,-0.0379913,1.17162,1,0.096275,0.295756,20.5974,9.34324,0.733882,2,2,33.8146,223.047,-302.295,43.6453,284.752,-893.942,46.9772,360.792,-2870.07,0.297904,0
A,344,.,.,.,ALA,CB,2731,341,2,0,85.333,-9.144,113.596,1.92,0,0,0,0,0,2,0.652189,0.295756,38.3596,23.4298,2,2,2,33.8146,223.047,-302.295,43.6453,284.752,-893.942,46.9772,360.792,-2870.07,2,0
A,345,.,.,.,HIS,N,2732,342,63,8,84.59,-6.789,116.06,1.7,0,0,0,0,0,2,0.208748,0.14243,10.9031,9.54352,2,2,2,35.699,225.381,-622.171,43.6453,284.752,-893.942,46.9772,360.792,-2870.07,2,0
A,345,.,.,.,HIS,CA,2733,342,58,8,83.659,-6.017,116.909,1.9,0.413067,-0.906542,0.12194,-0.40412,0.389754,1,0.388777,0.14243,17.1644,12.9598,0.644182,0.627808,0.654887,35.699,225.381,-622.171,43.6453,284.752,-893.942,46.9772,360.792,-2870.07,0.168476,0
A,345,.,.,.,HIS,C,2734,342,57,8,83.581,-4.525,116.582,1.75,1.4016,-0.759481,-0.0302388,-0.649826,2.36018,1,0.0498048,0.14243,13.03,8.76637,0.326022,0.323703,0.310718,35.699,225.381,-622.171,43.6453,284.752,-893.942,46.9772,360.792,-2870.07,0.185422,0
A,345,.,.,.,HIS,O,2735,342,66,8,82.679,-3.83,117.052,1.49,31.6741,-0.865588,0.42542,0.264149,15.8968,1,0.0408897,0.14243,42.4338,9.36238,0.160161,0.159545,0.155959,35.699,225.381,-622.171,43.6453,284.752,-893.942,46.9772,360.792,-2870.07,0.174639,0
A,345,.,.,.,HIS,CB,2736,342,59,8,83.993,-6.201,118.401,1.91,4.58615,-0.628409,0.459886,0.627381,1.08263,1,0.371549,0.14243,33.021,17.6738,0.395836,0.385407,0.370159,35.699,225.381,-622.171,43.6453,284.752,-893.942,46.9772,360.792,-2870.07,0.121584,0
A,345,.,.,.,HIS,CG,2737,342,62,8,85.352,-5.712,118.811,1.8,0,0,0,0,0,2,0.0619552,0.14243,10.5922,9.51057,2,2,2,35.699,225.381,-622.171,43.6453,284.752,-893.942,46.9772,360.792,-2870.07,2,0
A,345,.,.,.,HIS,ND1,2738,342,64,8,86.518,-6.051,118.154,1.6,0,0,0,0,-0,2,0.095876,0.14243,11.4251,8.45099,2,2,2,35.699,225.381,-622.171,43.6453,284.752,-893.942,46.9772,360.792,-2870.07,2,0
A,345,.,.,.,HIS,CD2,2739,342,60,8,85.729,-4.933,119.854,1.74,19.0989,-0.411497,0.541484,0.73312,0.707,1,0.0751213,0.14243,38.1708,13.2722,0.429927,0.428879,0.427151,35.699,225.381,-622.171,43.6453,284.752,-893.942,46.9772,360.792,-2870.07,0.125592,0
A,345,.,.,.,HIS,CE1,2740,342,61,8,87.55,-5.491,118.76,1.74,2.33761,0.803238,0.0355778,0.594595,-0.706116,1,0.0589492,0.14243,24.3755,14.3206,0.541089,0.536316,0.531603,35.699,225.381,-622.171,43.6453,284.752,-893.942,46.9772,360.792,-2870.07,0.129998,0
A,345,.,.,.,HIS,NE2,2741,342,65,8,87.098,-4.811,119.8,1.6,15.9926,0.548433,0.276096,0.789299,-4.73356,1,0.0726255,0.14243,28.0901,8.93414,0.432744,0.431501,0.429888,35.699,225.381,-622.171,43.6453,284.752,-893.942,46.9772,360.792,-2870.07,0.1258,0
A,346,.,.,.,MET,N,2742,343,97,12,84.512,-4.059,115.769,1.7,0,0,0,0,0,2,0.0442421,0.0152705,11.3538,9.46737,2,2,2,35.3403,201.328,-338.83,43.6453,284.752,-893.942,46.9772,360.792,-2870.07,2,0
A,346,.,.,.,MET,CA,2743,343,93,12,84.62,-2.664,115.389,1.9,4.66528,-0.546933,0.762787,0.344991,6.09879,1,0.00133216,0.0152705,21.6762,12.6219,0.214456,0.213867,0.212,35.3403,201.328,-338.83,43.6453,284.752,-893.942,46.9772,360.792,-2870.07,0.186685,0
A,346,.,.,.,MET,C,2744,343,92,12,84.323,-2.452,113.9,1.75,1.07637,-0.90719,-0.420212,0.0206927,2.12935,1,0.0176581,0.0152705,13.3152,8.86266,0.360015,0.35827,0.349088,35.3403,201.328,-338.83,43.6453,284.752,-893.942,46.9772,360.792,-2870.07,0.255832,0
A,346,.,.,.,MET,O,2745,343,98,12,83.567,-1.546,113.536,1.49,30.3501,-0.687926,0.725757,0.00577841,22.1148,1,0.00361306,0.0152705,41.9424,9.39652,0.166539,0.165784,0.160493,35.3403,201.328,-338.83,43.6453,284.752,-893.942,46.9772,360.792,-2870.07,0.260034,0
A,346,.,.,.,MET,CB,2746,343,94,12,86.012,-2.182,115.776,1.91,5.68693,0.18355,0.914238,-0.361217,3.65246,1,0.00307802,0.0152705,32.726,16.6788,0.312974,0.312366,0.312298,35.3403,201.328,-338.83,43.6453,284.752,-893.942,46.9772,360.792,-2870.07,0.138849,0
A,346,.,.,.,MET,CG,2747,343,96,12,86.134,-2.154,117.295,1.92,10.8526,-0.659076,0.509445,0.553249,6.08544,1,0.00568538,0.0152705,34.9141,17.5135,0.11136,0.11106,0.110849,35.3403,201.328,-338.83,43.6453,284.752,-893.942,46.9772,360.792,-2870.07,0.08723,0
A,346,.,.,.,MET,SD,2748,343,99,12,87.736,-1.685,117.918,1.94,21.591,0.586223,0.134551,0.798898,11.7131,1,0.0434841,0.0152705,54.0859,21.2443,0.0910412,0.0907914,0.0906192,35.3403,201.328,-338.83,43.6453,284.752,-893.942,46.9772,360.792,-2870.07,0.0977221,0
A,346,.,.,.,MET,CE,2749,343,95,12,87.676,0.083,117.596,1.8,64.735,0.206511,0.977966,0.0305823,18.0218,1,0.003071,0.0152705,81.9743,19.6816,0.0835937,0.0834779,0.0832511,35.3403,201.328,-338.83,43.6453,284.752,-893.942,46.9772,360.792,-2870.07,0.0575597,0
A,347,.,.,.,VAL,N,2750,344,158,19,84.928,-3.293,113.066,1.7,0,0,0,0,0,2,0.0184176,0.0710125,12.5103,9.63728,2,2,2,32.7625,181.291,-55.0232,43.6453,284.752,-893.942,46.9772,360.792,-2870.07,2,0
A,347,.,.,.,VAL,CA,2751,344,154,19,84.744,-3.289,111.616,1.9,0.466654,-0.54066,0.780227,-0.314536,0.794465,1,0.00267036,0.0710125,14.9187,11.6886,0.753687,0.728443,2,32.7625,181.291,-55.0232,43.6453,284.752,-893.942,46.9772,360.792,-2870.07,0.315845,0
A,347,.,.,.,VAL,C,2752,344,153,19,84.54,-4.739,111.168,1.75,0,0,0,0,0,2,0.104007,0.0710125,10.3044,8.54853,2,2,2,32.7625,181.291,-55.0232,43.6453,284.752,-893.942,46.9772,360.792,-2870.07,2,0
A,347,.,.,.,VAL,O,2753,344,159,19,85.429,-5.572,111.358,1.49,0.253911,0.992993,0.0571288,0.103451,0.210529,1,0.218488,0.0710125,18.1528,9.18384,0.884024,2,2,32.7625,181.291,-55.0232,43.6453,284.752,-893.942,46.9772,360.792,-2870.07,2,0
A,347,.,.,.,VAL,CB,2754,344,155,19,85.987,-2.725,110.904,2.01,7.29981,0.951511,-0.307369,-0.0122805,6.4049,1,0.018256,0.0710125,27.5088,14.1293,0.759203,0.751417,2,32.7625,181.291,-55.0232,43.6453,284.752,-893.942,46.9772,360.792,-2870.07,0.298494,0
A,347,.,.,.,VAL,CG1,2755,344,156,19,85.747,-2.583,109.4,1.92,19.8268,0.775142,0.139309,-0.616236,12.5216,1,0.134583,0.0710125,57.9137,22.1363,0.763575,0.748135,2,32.7625,181.291,-55.0232,43.6453,284.752,-893.942,46.9772,360.792,-2870.07,0.320719,0
A,347,.,.,.,VAL,CG2,2756,344,157,19,86.374,-1.367,111.469,1.92,47.8244,0.510954,0.859512,-0.0128855,33.005,1,0.000665681,0.0710125,75.1029,21.9778,0.633741,0.628637,0.62205,32.7625,181.291,-55.0232,43.6453,284.752,-893.942,46.9772,360.792,-2870.07,0.292402,0
A,348,.,.,.,PRO,N,2757,345,114,14,83.376,-5.053,110.568,1.7,0,0,0,0,0,2,0.098299,0.421129,6.59634,5.51883,2,2,2,31.1039,177.562,11.8211,43.6453,284.752,-893.942,46.9772,360.792,-2870.07,2,0
A,348,.,.,.,PRO,CA,2758,345,110,14,83.181,-6.426,110.089,1.9,0,0,0,0,0,2,0.638937,0.421129,17.8998,12.9948,2,2,2,31.1039,177.562,11.8211,43.6453,284.752,-893.942,46.9772,360.792,-2870.07,2,0
A,348,.,.,.,PRO,C,2759,345,109,14,84.237,-6.826,109.059,1.75,0,0,0,0,0,2,0.69735,0.421129,10.7697,8.73624,2,2,2,31.1039,177.562,11.8211,43.6453,284.752,-893.942,46.9772,360.792,-2870.07,2,0
A,348,.,.,.,PRO,O,2760,345,115,14,84.718,-5.975,108.295,1.49,3.60354,0.761437,0.233512,-0.604719,1.12116,1,0.512871,0.421129,21.4705,9.4025,0.845677,0.849425,2,31.1039,177.562,11.8211,43.6453,284.752,-893.942,46.9772,360.792,-2870.07,0.299467,0
A,348,.,.,.,PRO,CB,2761,345,111,14,81.805,-6.392,109.411,1.91,0,0,0,0,-0,2,0.592391,0.421129,24.2356,16.8077,2,2,2,31.1039,177.562,11.8211,43.6453,284.752,-893.942,46.9772,360.792,-2870.07,2,0
A,348,.,.,.,PRO,CG,2762,345,113,14,81.126,-5.162,109.906,1.92,13.85,-0.788661,0.358308,0.499629,-6.26666,1,0.34004,0.421129,43.7942,17.1715,0.678984,0.670566,0.654887,31.1039,177.562,11.8211,43.6453,284.752,-893.942,46.9772,360.792,-2870.07,0.333346,0
A,348,.,.,.,PRO,CD,2763,345,112,14,82.201,-4.192,110.311,1.92,15.379,-0.54626,0.743122,0.386484,3.10626,1,0.0680164,0.421129,43.4991,18.3438,0.687732,0.676499,2,31.1039,177.562,11.8211,43.6453,284.752,-893.942,46.9772,360.792,-2870.07,0.347489,0
A,349,.,.,.,GLU,N,2764,346,50,6,84.554,-8.122,109.039,1.7,0,0,0,0,0,2,0.695299,0.666475,12.9745,9.82204,2,2,2,30.3132,182.472,261.592,43.6453,284.752,-893.942,46.9772,360.792,-2870.07,2,0
A,349,.,.,.,GLU,CA,2765,346,46,6,85.549,-8.698,108.148,1.9,0.535124,0.417814,0.689616,-0.591491,0.328749,1,0.755404,0.666475,16.8556,12.5549,0.846062,0.849425,2,30.3132,182.472,261.592,43.6453,284.752,-893.942,46.9772,360.792,-2870.07,0.243727,0
A,349,.,.,.,GLU,C,2766,346,45,6,84.893,-9.436,107.022,1.75,0,0,0,0,0,2,0.877325,0.666475,11.7281,8.54857,2,2,2,30.3132,182.472,261.592,43.6453,284.752,-893.942,46.9772,360.792,-2870.07,2,0
A,349,.,.,.,GLU,O,2767,346,51,6,83.806,-9.991,107.186,1.49,0,0,0,0,0,2,0.88412,0.666475,14.413,9.00086,2,2,2,30.3132,182.472,261.592,43.6453,284.752,-893.942,46.9772,360.792,-2870.07,2,0
A,349,.,.,.,GLU,CB,2768,346,47,6,86.418,-9.702,108.908,1.91,0.880334,0.664698,-0.602488,-0.441798,-0.196142,1,0.98688,0.666475,25.0788,16.5852,0.902262,2,2,30.3132,182.472,261.592,43.6453,284.752,-893.942,46.9772,360.792,-2870.07,2,0
A,349,.,.,.,GLU,CG,2769,346,49,6,87.507,-9.049,109.699,1.88,0.0934903,0.518243,-0.753598,-0.404369,-0.0361489,1,0.785078,0.666475,26.7193,16.7463,0.923583,2,2,30.3132,182.472,261.592,43.6453,284.752,-893.942,46.9772,360.792,-2870.07,2,0
A,349,.,.,.,GLU,CD,2770,346,48,6,88.454,-8.257,108.818,1.76,0.968911,-0.206363,0.763667,-0.611741,-0.420375,1,0.258031,0.666475,15.6264,10.5001,0.733545,0.723934,0.716289,30.3132,182.472,261.592,43.6453,284.752,-893.942,46.9772,360.792,-2870.07,0.241907,0
A,349,.,.,.,GLU,OE1,2771,346,52,6,88.684,-8.644,107.647,1.49,19.4259,0.566465,0.194789,-0.800734,-12.8527,1,0.444072,0.666475,36.4693,9.36705,0.761098,0.751117,0.746495,30.3132,182.472,261.592,43.6453,284.752,-893.942,46.9772,360.792,-2870.07,0.194786,0
A,349,.,.,.,GLU,OE2,2772,346,52,6,88.974,-7.26,109.311,1.49,23.3629,0.491048,0.86527,-0.100895,-15.4575,1,0.312067,0.666475,40.7053,9.33663,0.731265,0.726368,0.723392,30.3132,182.472,261.592,43.6453,284.752,-893.942,46.9772,360.792,-2870.07,0.207422,0
A,350,.,.,.,ASP,N,2773,347,27,3,85.568,-9.45,105.878,1.7,0.839733,0.48383,0.869194,-0.102029,1.06561,1,0.880594,0.900519,16.6987,9.90133,0.830469,0.849425,2,28.558,160.454,411.094,43.6453,284.752,-893.942,46.9772,360.792,-2870.07,0.261789,0
A,350,.,.,.,ASP,CA,2774,347,24,3,85.116,-10.281,104.78,1.9,0,0,0,0,0,2,0.978279,0.900519,15.5007,12.7304,2,2,2,28.558,160.454,411.094,43.6453,284.752,-893.942,46.9772,360.792,-2870.07,2,0
A,350,.,.,.,ASP,C,2775,347,23,3,86.319,-10.703,103.947,1.75,0,0,0,0,0,2,0.982905,0.900519,11.3903,8.7685,2,2,2,28.558,160.454,411.094,43.6453,284.752,-893.942,46.9772,360.792,-2870.07,2,0
A,350,.,.,.,ASP,O,2776,347,28,3,87.427,-10.159,104.09,1.49,18.3731,0.94387,0.312524,-0.10695,5.09022,1,0.97479,0.900519,34.8431,9.30037,0.758392,0.74813,0.748389,28.558,160.454,411.094,43.6453,284.752,-893.942,46.9772,360.792,-2870.07,0.267425,0
A,350,.,.,.,ASP,CB,2777,347,25,3,84.011,-9.581,103.93,1.91,4.92224,-0.413156,-0.276253,-0.867748,-1.44316,1,0.864217,0.900519,35.0385,18.2251,0.95504,2,2,28.558,160.454,411.094,43.6453,284.752,-893.942,46.9772,360.792,-2870.07,2,0
A,350,.,.,.,ASP,CG,2778,347,26,3,84.339,-8.126,103.558,1.76,0,0,0,0,-0,2,0.952119,0.900519,14.7772,10.4879,2,2,2,28.558,160.454,411.094,43.6453,284.752,-893.942,46.9772,360.792,-2870.07,2,0
A,350,.,.,.,ASP,OD1,2779,347,29,3,85.478,-7.843,103.2,1.49,11.4202,0.934125,0.33298,-0.128585,-5.79165,1,0.817105,0.900519,32.4943,9.28756,0.8479,0.834695,2,28.558,160.454,411.094,43.6453,284.752,-893.942,46.9772,360.792,-2870.07,0.339808,0
A,350,.,.,.,ASP,OD2,2780,347,29,3,83.414,-7.263,103.562,1.49,0.104014,-0.752769,-0.45839,-0.47246,-0.05275,1,0.754143,0.900519,19.0122,9.32073,0.879978,2,2,28.558,160.454,411.094,43.6453,284.752,-893.942,46.9772,360.792,-2870.07,2,0
A,351,.,.,.,GLY,N,2781,348,55,7,86.098,-11.68,103.091,1.7,1.12074,-0.510005,0.337564,-0.791167,0.997295,1,0.93625,0.961848,14.9603,9.8839,0.883975,0.822528,2,28.1832,156.938,563.396,43.6453,284.752,-893.942,46.9772,360.792,-2870.07,2,0
A,351,.,.,.,GLY,CA,2782,348,54,7,87.149,-12.148,102.247,1.9,21.2641,0.546795,0.647058,-0.531348,-0.62295,1,0.982827,0.961848,46.5113,18.713,0.764869,0.747542,0.748389,28.1832,156.938,563.396,43.6453,284.752,-893.942,46.9772,360.792,-2870.07,0.292924,0
A,351,.,.,.,GLY,C,2783,348,53,7,86.731,-13.312,101.378,1.75,1.50856,-0.445266,0.657733,-0.607557,1.67461,1,0.949051,0.961848,12.8428,8.81186,0.830302,0.751952,2,28.1832,156.938,563.396,43.6453,284.752,-893.942,46.9772,360.792,-2870.07,0.305981,0
A,351,.,.,.,GLY,O,2784,348,56,7,85.599,-13.779,101.433,1.49,0.101349,-0.420677,0.831375,-0.363105,0.0148665,1,0.979266,0.961848,13.865,9.17515,0.968629,2,2,28.1832,156.938,563.396,43.6453,284.752,-893.942,46.9772,360.792,-2870.07,0.348256,0
A,352,.,.,.,SER,N,2785,349,119,15,87.661,-13.778,100.571,1.7,3.82241,0.687611,0.695028,-0.210066,4.65096,1,0.983578,0.920123,19.029,9.93422,0.800264,0.768057,0.793444,27.8235,150.865,520.662,43.6453,284.752,-893.942,46.9772,360.792,-2870.07,0.285781,0
A,352,.,.,.,SER,CA,2786,349,117,15,87.403,-14.927,99.715,1.9,0,0,0,0,0,2,0.987324,0.920123,13.791,12.6687,2,2,2,27.8235,150.865,520.662,43.6453,284.752,-893.942,46.9772,360.792,-2870.07,2,0
A,352,.,.,.,SER,C,2787,349,116,15,88.712,-15.565,99.304,1.75,0,0,0,0,0,2,0.937595,0.920123,10.2154,8.71426,2,2,2,27.8235,150.865,520.662,43.6453,284.752,-893.942,46.9772,360.792,-2870.07,2,0
A,352,.,.,.,SER,O,2788,349,120,15,89.769,-14.927,99.373,1.49,19.581,0.805194,0.58172,0.115171,5.89687,1,0.80079,0.920123,34.5852,9.31053,0.693147,0.687069,0.682353,27.8235,150.865,520.662,43.6453,284.752,-893.942,46.9772,360.792,-2870.07,0.223821,0
A,352,.,.,.,SER,CB,2789,349,118,15,86.616,-14.525,98.449,1.91,2.0865,-0.463114,0.885281,-0.0424651,-0.541668,1,0.935507,0.920123,35.0773,19.3851,0.871658,0.742522,2,27.8235,150.865,520.662,43.6453,284.752,-893.942,46.9772,360.792,-2870.07,0.309732,0
A,352,.,.,.,SER,OG,2790,349,121,15,87.351,-13.637,97.621,1.54,8.3201,0.212287,0.957562,0.19496,-1.20002,1,0.875945,0.920123,28.9714,10.3561,0.845522,0.732643,2,27.8235,150.865,520.662,43.6453,284.752,-893.942,46.9772,360.792,-2870.07,0.217945,0
A,353,.,.,.,LEU,N,2791,350,81,10,88.628,-16.823,98.866,1.7,0,0,0,0,0,2,0.930394,0.816994,12.6377,9.81529,2,2,2,28.8889,160.209,521.978,43.6453,284.752,-893.942,46.9772,360.792,-2870.07,2,0
A,353,.,.,.,LEU,CA,2792,350,76,10,89.762,-17.473,98.244,1.9,0.958767,0.860322,0.428843,-0.275571,1.89885,1,0.772061,0.816994,17.8494,12.6803,0.612304,0.607946,0.611341,28.8889,160.209,521.978,43.6453,284.752,-893.942,46.9772,360.792,-2870.07,0.214594,0
A,353,.,.,.,LEU,C,2793,350,75,10,89.314,-18.528,97.239,1.75,0,0,0,0,0,2,0.664221,0.816994,10.6708,8.65139,2,2,2,28.8889,160.209,521.978,43.6453,284.752,-893.942,46.9772,360.792,-2870.07,2,0
A,353,.,.,.,LEU,O,2794,350,82,10,88.191,-19.069,97.319,1.49,0,0,0,0,0,2,0.961111,0.816994,13.761,9.29792,2,2,2,28.8889,160.209,521.978,43.6453,284.752,-893.942,46.9772,360.792,-2870.07,2,0
A,353,.,.,.,LEU,CB,2795,350,77,10,90.693,-18.077,99.306,1.91,17.3467,0.950651,0.294686,-0.0970681,17.6612,1,0.729537,0.816994,38.0749,15.4982,0.621407,0.607946,0.611341,28.8889,160.209,521.978,43.6453,284.752,-893.942,46.9772,360.792,-2870.07,0.275285,0
A,353,.,.,.,LEU,CG,2796,350,80,10,90.178,-19.182,100.215,2.01,0,0,0,0,0,2,0.947302,0.816994,18.1269,14.1561,2,2,2,28.8889,160.209,521.978,43.6453,284.752,-893.942,46.9772,360.792,-2870.07,2,0
A,353,.,.,.,LEU,CD1,2797,350,78,10,90.293,-20.55,99.562,1.92,1.09346,0.967271,-0.0831978,-0.239719,0.744619,1,0.825075,0.816994,39.1562,22.007,0.765951,0.731852,2,28.8889,160.209,521.978,43.6453,284.752,-893.942,46.9772,360.792,-2870.07,0.310118,0
A,353,.,.,.,LEU,CD2,2798,350,79,10,90.953,-19.186,101.539,1.92,3.43601,0.872517,0.456111,-0.17515,1.82262,1,0.706249,0.816994,42.3724,22.2178,0.690036,0.66598,2,28.8889,160.209,521.978,43.6453,284.752,-893.942,46.9772,360.792,-2870.07,0.141589,0
A,354,.,.,.,THR,N,2799,351,126,16,90.206,-18.814,96.29,1.7,2.73621,0.947174,0.319428,0.0287545,4.45493,1,0.927191,0.85354,17.2179,9.85909,0.617913,0.618441,0.611341,29.1836,152.179,342.826,41.4641,291.287,-1131.83,46.9772,360.792,-2870.07,0.20633,0
A,354,.,.,.,THR,CA,2800,351,123,16,89.99,-19.875,95.331,1.9,0,0,0,0,0,2,0.93796,0.85354,14.6416,11.9375,2,2,2,29.1836,152.179,342.826,41.4641,291.287,-1131.83,46.9772,360.792,-2870.07,2,0
A,354,.,.,.,THR,C,2801,351,122,16,90.524,-21.179,95.9,1.75,0,0,0,0,0,2,0.903805,0.85354,9.51601,8.53861,2,2,2,29.1836,152.179,342.826,41.4641,291.287,-1131.83,46.9772,360.792,-2870.07,2,0
A,354,.,.,.,THR,O,2802,351,127,16,91.675,-21.254,96.347,1.49,8.68349,0.847334,0.264357,0.460588,4.01535,1,0.73174,0.85354,26.184,9.36765,0.636914,0.618441,0.611341,29.1836,152.179,342.826,41.4641,291.287,-1131.83,46.9772,360.792,-2870.07,0.196845,0
A,354,.,.,.,THR,CB,2803,351,124,16,90.686,-19.575,93.991,2.01,12.0107,0.903706,0.408801,-0.127266,0.54216,1,0.73791,0.85354,35.0356,16.8608,0.637598,0.635178,0.636533,29.1836,152.179,342.826,41.4641,291.287,-1131.83,46.9772,360.792,-2870.07,0.187815,0
A,354,.,.,.,THR,OG1,2804,351,128,16,90.296,-18.275,93.535,1.54,10.0106,0.419855,0.435915,-0.796053,-0.597344,1,0.893645,0.85354,27.1062,9.64326,0.644681,0.64261,0.645899,29.1836,152.179,342.826,41.4641,291.287,-1131.83,46.9772,360.792,-2870.07,0.187572,0
A,354,.,.,.,THR,CG2,2805,351,125,16,90.328,-20.616,92.94,1.92,20.1707,0.193227,0.16854,-0.96657,-3.32879,1,0.842528,0.85354,57.5495,22.305,0.690686,0.681116,0.678594,29.1836,152.179,342.826,41.4641,291.287,-1131.83,46.9772,360.792,-2870.07,0.198589,0
A,355,.,.,.,CYS,N,2806,352,33,4,89.681,-22.197,95.889,1.7,0,0,0,0,0,2,0.879318,0.653378,12.2869,9.79204,2,2,2,30.8808,172.195,107.907,41.4641,291.287,-1131.83,46.9772,360.792,-2870.07,2,0
A,355,.,.,.,CYS,CA,2807,352,31,4,90.06,-23.536,96.348,1.9,0.0154834,0.77077,0.134256,0.622807,0.0243264,1,0.605423,0.653378,16.6784,12.8812,0.87756,2,2,30.8808,172.195,107.907,41.4641,291.287,-1131.83,46.9772,360.792,-2870.07,2,0
A,355,.,.,.,CYS,C,2808,352,30,4,90.9,-24.22,95.259,1.75,0,0,0,0,0,2,0.410381,0.653378,11.0038,8.82539,2,2,2,30.8808,172.195,107.907,41.4641,291.287,-1131.83,46.9772,360.792,-2870.07,2,0
A,355,.,.,.,CYS,O,2809,352,34,4,90.422,-24.458,94.146,1.49,0.0336516,0.44395,0.179222,-0.877945,0.0261943,1,0.390364,0.653378,14.998,9.09868,0.78245,2,2,30.8808,172.195,107.907,41.4641,291.287,-1131.83,46.9772,360.792,-2870.07,2,0
A,355,.,.,.,CYS,CB,2810,352,32,4,88.798,-24.338,96.663,1.91,0,0,0,0,0,2,0.722834,0.653378,26.7151,18.2609,2,2,2,30.8808,172.195,107.907,41.4641,291.287,-1131.83,46.9772,360.792,-2870.07,2,0
A,355,.,.,.,CYS,SG,2811,352,35,4,87.791,-23.619,97.991,1.88,0,0,0,0,0,2,0.91195,0.653378,37.1931,23.2065,2,2,2,30.8808,172.195,107.907,41.4641,291.287,-1131.83,46.9772,360.792,-2870.07,2,0
A,356,.,.,.,LEU,N,2812,353,81,10,92.153,-24.527,95.579,1.7,0.772885,0.433807,0.369742,0.821646,1.5667,1,0.224947,0.117842,14.8522,9.82624,0.86412,2,2,32.7028,175.001,106.044,41.4641,291.287,-1131.83,46.9772,360.792,-2870.07,2,0
A,356,.,.,.,LEU,CA,2813,353,76,10,93.087,-25.101,94.602,1.9,0.280663,0.186535,-0.0731657,-0.97972,0.555856,1,0.112296,0.117842,17.2757,12.5792,0.533594,0.491346,0.480197,32.7028,175.001,106.044,41.4641,291.287,-1131.83,46.9772,360.792,-2870.07,2,0
A,356,.,.,.,LEU,C,2814,353,75,10,93.079,-26.61,94.612,1.75,0,0,0,0,0,2,0.125697,0.117842,10.4841,8.66326,2,2,2,32.7028,175.001,106.044,41.4641,291.287,-1131.83,46.9772,360.792,-2870.07,2,0
A,356,.,.,.,LEU,O,2815,353,82,10,93.672,-27.251,93.735,1.49,19.0033,0.757246,-0.296349,-0.582028,14.5739,1,0.0219808,0.117842,33.0027,9.3417,0.0831079,0.0830598,0.0819117,32.7028,175.001,106.044,41.4641,291.287,-1131.83,46.9772,360.792,-2870.07,0.151065,0
A,356,.,.,.,LEU,CB,2816,353,77,10,94.51,-24.597,94.859,1.91,17.2118,0.712636,-0.53849,0.449643,17.5238,1,0.109189,0.117842,39.7342,15.5031,0.113273,0.111937,0.106217,32.7028,175.001,106.044,41.4641,291.287,-1131.83,46.9772,360.792,-2870.07,0.165636,0
A,356,.,.,.,LEU,CG,2817,353,80,10,94.804,-23.12,94.642,2.01,6.8888,-0.0189159,0.522541,0.852404,9.35513,1,0.121551,0.117842,26.5143,14.1717,0.184444,0.18316,0.17511,32.7028,175.001,106.044,41.4641,291.287,-1131.83,46.9772,360.792,-2870.07,0.16842,0
A,356,.,.,.,LEU,CD1,2818,353,78,10,96.31,-22.885,94.724,1.92,68.1444,0.954093,0.246572,0.170027,46.4048,1,1.02842e-05,0.117842,88.1677,22.1887,0.0790624,0.0789086,0.0776703,32.7028,175.001,106.044,41.4641,291.287,-1131.83,46.9772,360.792,-2870.07,0.166777,0
A,356,.,.,.,LEU,CD2,2819,353,79,10,94.244,-22.6,93.333,1.92,38.0532,0.20376,0.263876,-0.942789,20.1852,1,0.227062,0.117842,69.3657,21.9829,0.368091,0.367733,0.364958,32.7028,175.001,106.044,41.4641,291.287,-1131.83,46.9772,360.792,-2870.07,0.171242,0
A,357,.,.,.,GLN,N,2820,354,41,5,92.42,-27.187,95.605,1.7,0.0158824,0.64838,0.304938,0.697579,0.0234856,1,0.464025,0.525689,13.7695,9.71876,0.798335,2,2,34.3644,189.465,-217.749,40.5278,279.516,-707.872,43.2524,337.562,-1491.09,2,0
A,357,.,.,.,GLN,CA,2821,354,37,5,92.3,-28.619,95.67,1.9,1.26991,0.282483,-0.693068,-0.66322,0.966774,1,0.311233,0.525689,18.0544,12.7158,0.0261915,0.0258933,0.0246999,34.3644,189.465,-217.749,40.5278,279.516,-707.872,43.2524,337.562,-1491.09,0.141578,0
A,357,.,.,.,GLN,C,2822,354,36,5,90.946,-29.042,96.25,1.75,0,0,0,0,0,2,0.481611,0.525689,11.0347,8.70206,2,2,2,34.3644,189.465,-217.749,40.5278,279.516,-707.872,43.2524,337.562,-1491.09,2,0
A,357,.,.,.,GLN,O,2823,354,43,5,90.298,-28.275,96.986,1.49,0,0,0,0,0,2,0.539683,0.525689,16.2952,9.35496,2,2,2,34.3644,189.465,-217.749,40.5278,279.516,-707.872,43.2524,337.562,-1491.09,2,0
A,357,.,.,.,GLN,CB,2824,354,38,5,93.469,-29.198,96.465,1.91,20.1478,0.722818,-0.438702,-0.533924,-0.608088,1,0.168531,0.525689,44.9395,17.3475,0.0133525,0.0131072,0.0119099,34.3644,189.465,-217.749,40.5278,279.516,-707.872,43.2524,337.562,-1491.09,0.181102,0
A,357,.,.,.,GLN,CG,2825,354,40,5,93.292,-29.264,97.964,1.8,1.95121,0.576173,0.808126,0.122299,-0.450561,1,0.758253,0.525689,22.9748,13.7307,0.0634779,0.062065,0.0554273,34.3644,189.465,-217.749,40.5278,279.516,-707.872,43.2524,337.562,-1491.09,0.185986,0
A,357,.,.,.,GLN,CD,2826,354,39,5,94.222,-30.294,98.585,1.81,2.43733,0.266863,-0.726552,-0.633172,-0.704825,1,0.686883,0.525689,16.8762,11.4884,0.0117204,0.0114031,0.0100935,34.3644,189.465,-217.749,40.5278,279.516,-707.872,43.2524,337.562,-1491.09,0.190084,0
A,357,.,.,.,GLN,OE1,2827,354,44,5,95.439,-30.141,98.532,1.52,37.2178,0.994587,-0.0786992,-0.0678508,-18.9801,1,0.788396,0.525689,46.8036,9.69092,0.0102162,0.00992605,0.00868859,34.3644,189.465,-217.749,40.5278,279.516,-707.872,43.2524,337.562,-1491.09,0.190154,0
A,357,.,.,.,GLN,NE2,2828,354,42,5,93.653,-31.354,99.18,1.62,27.7622,0.245116,-0.944507,0.218687,-14.8682,1,0.532588,0.525689,46.3325,12.8996,0.0186832,0.0183105,0.0158932,34.3644,189.465,-217.749,40.5278,279.516,-707.872,43.2524,337.562,-1491.09,0.190766,0
A,358,.,.,.,ALA,N,2829,355,3,0,90.516,-30.25,95.898,1.7,3.73791,0.583998,-0.651553,-0.484175,5.60701,1,0.0668254,0.256114,19.3259,9.95166,0.0152119,0.0151258,0.014743,34.7448,189.944,-484.973,40.5278,279.516,-707.872,43.2524,337.562,-1491.09,0.145287,0
A,358,.,.,.,ALA,CA,2830,355,1,0,89.338,-30.834,96.515,1.9,0,0,0,0,0,2,0.29713,0.256114,16.4292,12.6482,2,2,2,34.7448,189.944,-484.973,40.5278,279.516,-707.872,43.2524,337.562,-1491.09,2,0
A,358,.,.,.,ALA,C,2831,355,0,0,89.696,-31.234,97.926,1.75,0.584002,-0.100512,-0.98687,0.126432,1.15269,1,0.516589,0.256114,11.899,8.64903,0.590147,0.582502,0.509515,34.7448,189.944,-484.973,40.5278,279.516,-707.872,43.2524,337.562,-1491.09,0.161946,0
A,358,.,.,.,ALA,O,2832,355,4,0,90.822,-31.649,98.173,1.49,9.62051,0.300641,-0.949645,-0.0882578,4.85837,1,0.316519,0.256114,24.6536,9.26516,0.0262179,0.025965,0.0222653,34.7448,189.944,-484.973,40.5278,279.516,-707.872,43.2524,337.562,-1491.09,0.174319,0
A,358,.,.,.,ALA,CB,2833,355,2,0,88.864,-32.045,95.739,1.92,34.5196,0.215369,-0.954814,-0.204807,2.47518,1,0.0835078,0.256114,67.6939,23.355,0.0211447,0.0208972,0.0205618,34.7448,189.944,-484.973,40.5278,279.516,-707.872,43.2524,337.562,-1491.09,0.143203,0
A,359,.,.,.,GLY,N,2834,356,55,7,88.735,-31.108,98.84,1.7,0.950086,-0.457985,-0.878719,-0.134547,0.845437,1,0.482126,0.539362,15.5792,9.99441,0.737666,0.733305,2,35.7281,216.426,-663.013,40.5278,279.516,-707.872,43.2524,337.562,-1491.09,0.153458,0
A,359,.,.,.,GLY,CA,2835,356,54,7,88.931,-31.45,100.243,1.9,18.0531,0.179852,-0.976859,0.115755,-0.528881,1,0.433279,0.539362,48.8485,18.9481,0.603976,0.590457,0.509515,35.7281,216.426,-663.013,40.5278,279.516,-707.872,43.2524,337.562,-1491.09,0.164027,0
A,359,.,.,.,GLY,C,2836,356,53,7,87.951,-30.716,101.132,1.75,0,0,0,0,0,2,0.550562,0.539362,12.5725,8.85202,2,2,2,35.7281,216.426,-663.013,40.5278,279.516,-707.872,43.2524,337.562,-1491.09,2,0
A,359,.,.,.,GLY,O,2837,356,56,7,87.021,-30.08,100.653,1.49,0,0,0,0,0,2,0.691481,0.539362,13.749,9.01928,2,2,2,35.7281,216.426,-663.013,40.5278,279.516,-707.872,43.2524,337.562,-1491.09,2,0
A,360,.,.,.,VAL,N,2838,357,158,19,88.163,-30.813,102.437,1.7,1.30312,0.526229,-0.811375,0.254467,2.58557,1,0.299595,0.380696,17.299,9.78678,0.894523,2,2,35.3663,231.166,-706.751,38.8837,308.227,2329.91,47.5993,346.545,-2863.08,2,0
A,360,.,.,.,VAL,CA,2839,357,154,19,87.305,-30.164,103.407,1.9,0,0,0,0,0,3,0.606963,0.380696,13.4805,11.7891,2,2,2,35.3663,231.166,-706.751,38.8837,308.227,2329.91,47.5993,346.545,-2863.08,2,0
A,360,.,.,.,VAL,C,2840,357,153,19,88.033,-28.928,103.931,1.75,0,0,0,0,0,2,0.639875,0.380696,9.88114,8.65245,2,2,2,35.3663,231.166,-706.751,38.8837,308.227,2329.91,47.5993,346.545,-2863.08,2,0
A,360,.,.,.,VAL,O,2841,357,159,19,89.03,-29.033,104.668,1.49,0,0,0,0,0,2,0.525479,0.380696,13.858,9.29949,2,2,2,35.3663,231.166,-706.751,38.8837,308.227,2329.91,47.5993,346.545,-2863.08,2,0
A,360,.,.,.,VAL,CB,2842,357,155,19,86.922,-31.114,104.564,2.01,0.0608299,0.73741,-0.646887,-0.19433,0.0533726,1,0.159774,0.380696,18.676,14.2385,0.834953,0.738609,2,35.3663,231.166,-706.751,38.8837,308.227,2329.91,47.5993,346.545,-2863.08,2,0
A,360,.,.,.,VAL,CG1,2843,357,156,19,86.055,-30.388,105.572,1.92,3.15145,-0.89582,-0.435558,0.0882969,1.99031,1,0.326612,0.380696,39.9628,21.9501,0.75071,0.63809,2,35.3663,231.166,-706.751,38.8837,308.227,2329.91,47.5993,346.545,-2863.08,0.199087,0
A,360,.,.,.,VAL,CG2,2844,357,157,19,86.192,-32.341,104.007,1.92,6.8994,-0.732551,-0.332238,0.594127,4.76147,1,0.106577,0.380696,48.2246,22.1509,0.781707,0.654078,2,35.3663,231.166,-706.751,38.8837,308.227,2329.91,47.5993,346.545,-2863.08,0.131867,0
A,361,.,.,.,TYR,N,2845,358,150,18,87.532,-27.771,103.506,1.7,0,0,0,0,0,2,0.824641,0.821138,12.1903,9.82366,2,2,2,33.6081,230.924,-383.662,38.8837,308.227,2329.91,47.5993,346.545,-2863.08,2,0
A,361,.,.,.,TYR,CA,2846,358,144,18,88.022,-26.466,103.935,1.9,0,0,0,0,0,2,0.8512,0.821138,15.7164,12.8893,2,2,2,33.6081,230.924,-383.662,38.8837,308.227,2329.91,47.5993,346.545,-2863.08,2,0
A,361,.,.,.,TYR,C,2847,358,143,18,87.298,-26.04,105.216,1.75,0,0,0,0,0,2,0.839557,0.821138,11.1265,8.76746,2,2,2,33.6081,230.924,-383.662,38.8837,308.227,2329.91,47.5993,346.545,-2863.08,2,0
A,361,.,.,.,TYR,O,2848,358,151,18,86.074,-26.095,105.311,1.49,0.181635,-0.521941,0.834228,-0.177882,0.14994,1,0.814816,0.821138,17.9193,9.24897,0.995044,2,2,33.6081,230.924,-383.662,38.8837,308.227,2329.91,47.5993,346.545,-2863.08,2,0
A,361,.,.,.,TYR,CB,2849,358,145,18,87.826,-25.414,102.839,1.91,0,0,0,0,0,2,0.94084,0.821138,28.2817,17.6333,2,2,2,33.6081,230.924,-383.662,38.8837,308.227,2329.91,47.5993,346.545,-2863.08,2,0
A,361,.,.,.,TYR,CG,2850,358,148,18,88.811,-25.532,101.693,1.74,0,0,0,0,0,2,0.907168,0.821138,7.48007,6.34299,2,2,2,33.6081,230.924,-383.662,38.8837,308.227,2329.91,47.5993,346.545,-2863.08,2,0
A,361,.,.,.,TYR,CD1,2851,358,146,18,88.674,-26.514,100.706,1.82,0,0,0,0,0,2,0.91631,0.821138,18.7616,14.2356,2,2,2,33.6081,230.924,-383.662,38.8837,308.227,2329.91,47.5993,346.545,-2863.08,2,0
A,361,.,.,.,TYR,CD2,2852,358,146,18,89.901,-24.686,101.61,1.82,0,0,0,0,0,2,0.898217,0.821138,23.6841,14.3476,2,2,2,33.6081,230.924,-383.662,38.8837,308.227,2329.91,47.5993,346.545,-2863.08,2,0
A,361,.,.,.,TYR,CE1,2853,358,147,18,89.592,-26.626,99.679,1.82,0,0,0,0,0,2,0.75415,0.821138,20.3688,14.0845,2,2,2,33.6081,230.924,-383.662,38.8837,308.227,2329.91,47.5993,346.545,-2863.08,2,0
A,361,.,.,.,TYR,CE2,2854,358,147,18,90.809,-24.786,100.574,1.82,0.634031,0.743605,0.444632,-0.499354,0.225965,1,0.756757,0.821138,26.5164,14.1344,0.869622,2,2,33.6081,230.924,-383.662,38.8837,308.227,2329.91,47.5993,346.545,-2863.08,2,0
A,361,.,.,.,TYR,CZ,2855,358,149,18,90.647,-25.761,99.616,1.8,0,0,0,0,0,2,0.780999,0.821138,11.9886,9.64838,2,2,2,33.6081,230.924,-383.662,38.8837,308.227,2329.91,47.5993,346.545,-2863.08,2,0
A,361,.,.,.,TYR,OH,2856,358,152,18,91.551,-25.866,98.597,1.54,5.3779,0.926585,0.360361,0.107609,-0.586804,1,0.568996,0.821138,24.9187,10.9308,0.856522,0.869688,2,33.6081,230.924,-383.662,38.8837,308.227,2329.91,47.5993,346.545,-2863.08,0.188856,0
A,362,.,.,.,VAL,N,2857,359,158,19,88.076,-25.595,106.184,1.7,0,0,0,0,0,2,0.953537,0.730303,12.4012,9.45083,2,2,2,34.318,254.513,-514.183,38.8837,308.227,2329.91,47.5993,346.545,-2863.08,2,0
A,362,.,.,.,VAL,CA,2858,359,154,19,87.582,-25.262,107.505,1.9,0,0,0,0,0,2,0.881668,0.730303,14.1438,11.8769,2,2,2,34.318,254.513,-514.183,38.8837,308.227,2329.91,47.5993,346.545,-2863.08,2,0
A,362,.,.,.,VAL,C,2859,359,153,19,87.897,-23.791,107.813,1.75,0,0,0,0,0,2,0.972092,0.730303,10.025,8.51167,2,2,2,34.318,254.513,-514.183,38.8837,308.227,2329.91,47.5993,346.545,-2863.08,2,0
A,362,.,.,.,VAL,O,2860,359,159,19,89.058,-23.376,107.805,1.49,0,0,0,0,0,2,0.918646,0.730303,14.5405,9.17239,2,2,2,34.318,254.513,-514.183,38.8837,308.227,2329.91,47.5993,346.545,-2863.08,2,0
A,362,.,.,.,VAL,CB,2861,359,155,19,88.236,-26.143,108.575,2.01,0,0,0,0,0,2,0.451704,0.730303,18.0867,14.1183,2,2,2,34.318,254.513,-514.183,38.8837,308.227,2329.91,47.5993,346.545,-2863.08,2,0
A,362,.,.,.,VAL,CG1,2862,359,156,19,87.696,-25.77,109.956,1.92,0,0,0,0,0,2,0.478622,0.730303,34.9933,22.0574,2,2,2,34.318,254.513,-514.183,38.8837,308.227,2329.91,47.5993,346.545,-2863.08,2,0
A,362,.,.,.,VAL,CG2,2863,359,157,19,88.006,-27.61,108.253,1.92,0,0,0,0,0,2,0.45585,0.730303,34.8913,22.0666,2,2,2,34.318,254.513,-514.183,38.8837,308.227,2329.91,47.5993,346.545,-2863.08,2,0
A,363,.,.,.,LEU,N,2864,360,81,10,86.848,-23.012,108.038,1.7,0,0,0,0,0,2,0.751589,0.900686,11.7863,9.63067,2,2,2,33.1525,248.593,-260.067,38.8837,308.227,2329.91,47.5993,346.545,-2863.08,2,0
A,363,.,.,.,LEU,CA,2865,360,76,10,86.995,-21.674,108.581,1.9,0,0,0,0,0,2,0.979685,0.900686,14.9695,12.4166,2,2,2,33.1525,248.593,-260.067,38.8837,308.227,2329.91,47.5993,346.545,-2863.08,2,0
A,363,.,.,.,LEU,C,2866,360,75,10,86.968,-21.803,110.098,1.75,0,0,0,0,0,3,0.973254,0.900686,11.1832,8.76989,2,2,2,33.1525,248.593,-260.067,38.8837,308.227,2329.91,47.5993,346.545,-2863.08,2,0
A,363,.,.,.,LEU,O,2867,360,82,10,85.987,-22.274,110.692,1.49,0,0,0,0,0,2,0.912115,0.900686,14.9934,9.21757,2,2,2,33.1525,248.593,-260.067,38.8837,308.227,2329.91,47.5993,346.545,-2863.08,2,0
A,363,.,.,.,LEU,CB,2868,360,77,10,85.912,-20.713,108.038,1.91,0,0,0,0,0,2,0.931013,0.900686,25.7912,15.9741,2,2,2,33.1525,248.593,-260.067,38.8837,308.227,2329.91,47.5993,346.545,-2863.08,2,0
A,363,.,.,.,LEU,CG,2869,360,80,10,86.293,-20.066,106.69,2.01,0,0,0,0,0,3,0.894119,0.900686,17.3549,14.1459,2,2,2,33.1525,248.593,-260.067,38.8837,308.227,2329.91,47.5993,346.545,-2863.08,2,0
A,363,.,.,.,LEU,CD1,2870,360,78,10,86.599,-21.09,105.603,1.92,0.245357,-0.627009,-0.745941,-0.22457,0.167083,1,0.814533,0.900686,41.0999,21.8996,0.995044,2,2,33.1525,248.593,-260.067,38.8837,308.227,2329.91,47.5993,346.545,-2863.08,2,0
A,363,.,.,.,LEU,CD2,2871,360,79,10,85.219,-19.097,106.196,1.92,0,0,0,0,0,2,0.949179,0.900686,33.3857,22.1155,2,2,2,33.1525,248.593,-260.067,38.8837,308.227,2329.91,47.5993,346.545,-2863.08,2,0
A,364,.,.,.,ARG,N,2872,361,11,1,88.067,-21.413,110.714,1.7,0,0,0,0,0,3,0.993728,0.689004,13.929,9.88349,2,2,2,35.3263,284.26,-685.932,38.8837,308.227,2329.91,47.5993,346.545,-2863.08,2,0
A,364,.,.,.,ARG,CA,2873,361,6,1,88.251,-21.559,112.157,1.9,0,0,0,0,0,2,0.984553,0.689004,15.7509,12.6995,2,2,2,35.3263,284.26,-685.932,38.8837,308.227,2329.91,47.5993,346.545,-2863.08,2,0
A,364,.,.,.,ARG,C,2874,361,5,1,88.265,-20.203,112.849,1.75,0,0,0,0,0,3,0.991974,0.689004,11.061,8.66133,2,2,2,35.3263,284.26,-685.932,38.8837,308.227,2329.91,47.5993,346.545,-2863.08,2,0
A,364,.,.,.,ARG,O,2875,361,14,1,89.119,-19.349,112.56,1.49,0,0,0,0,0,2,0.980927,0.689004,17.2811,9.39878,2,2,2,35.3263,284.26,-685.932,38.8837,308.227,2329.91,47.5993,346.545,-2863.08,2,0
A,364,.,.,.,ARG,CB,2876,361,7,1,89.562,-22.284,112.431,1.91,0,0,0,0,0,2,0.913147,0.689004,26.2493,16.3629,2,2,2,35.3263,284.26,-685.932,38.8837,308.227,2329.91,47.5993,346.545,-2863.08,2,0
A,364,.,.,.,ARG,CG,2877,361,9,1,89.885,-22.436,113.9,1.92,0,0,0,0,0,2,0.768655,0.689004,29.7097,17.1445,2,2,2,35.3263,284.26,-685.932,38.8837,308.227,2329.91,47.5993,346.545,-2863.08,2,0
A,364,.,.,.,ARG,CD,2878,361,8,1,91.089,-23.321,114.076,1.88,0,0,0,0,-0,2,0.487721,0.689004,29.1667,17.065,2,2,2,35.3263,284.26,-685.932,38.8837,308.227,2329.91,47.5993,346.545,-2863.08,2,0
A,364,.,.,.,ARG,NE,2879,361,12,1,91.621,-23.422,115.444,1.62,2.68916,-0.164984,-0.83337,0.527518,-0.745656,1,0.455625,0.689004,18.6932,8.1565,0.813747,0.771404,2,35.3263,284.26,-685.932,38.8837,308.227,2329.91,47.5993,346.545,-2863.08,0.130171,0
A,364,.,.,.,ARG,CZ,2880,361,10,1,92.542,-22.612,115.979,1.8,0,0,0,0,-0,2,0.390278,0.689004,14.7292,11.2943,2,2,2,35.3263,284.26,-685.932,38.8837,308.227,2329.91,47.5993,346.545,-2863.08,2,0
A,364,.,.,.,ARG,NH1,2881,361,13,1,92.964,-21.525,115.343,1.62,5.01087,0.979669,0.186705,0.0734132,-2.54403,1,0.440725,0.689004,32.2078,12.8211,0.6421,0.642012,0.644653,35.3263,284.26,-685.932,38.8837,308.227,2329.91,47.5993,346.545,-2863.08,0.125361,0
A,364,.,.,.,ARG,NH2,2882,361,13,1,93.035,-22.866,117.193,1.67,23.49,0.642997,-0.509892,0.571459,-11.9259,1,0.171714,0.689004,50.7228,14.4879,0.653708,0.651559,0.644653,35.3263,284.26,-685.932,38.8837,308.227,2329.91,47.5993,346.545,-2863.08,0.112942,0
A,365,.,.,.,PHE,N,2883,362,107,13,87.292,-20.015,113.743,1.7,0,0,0,0,0,3,0.754648,0.765008,11.6394,9.73969,2,2,2,35.67,288.491,-832.804,43.6453,284.752,-893.942,46.9772,360.792,-2870.07,2,0
A,365,.,.,.,PHE,CA,2884,362,101,13,87.179,-18.815,114.58,1.9,0,0,0,0,0,3,0.949006,0.765008,15.4678,12.9054,2,2,2,35.67,288.491,-832.804,43.6453,284.752,-893.942,46.9772,360.792,-2870.07,2,0
A,365,.,.,.,PHE,C,2885,362,100,13,87.818,-19.177,115.917,1.75,0,0,0,0,0,2,0.566991,0.765008,11.7154,8.78615,2,2,2,35.67,288.491,-832.804,43.6453,284.752,-893.942,46.9772,360.792,-2870.07,2,0
A,365,.,.,.,PHE,O,2886,362,108,13,87.406,-20.126,116.581,1.49,0,0,0,0,0,2,0.417923,0.765008,14.4768,9.11604,2,2,2,35.67,288.491,-832.804,43.6453,284.752,-893.942,46.9772,360.792,-2870.07,2,0
A,365,.,.,.,PHE,CB,2887,362,102,13,85.701,-18.411,114.712,1.91,0,0,0,0,0,2,0.620577,0.765008,27.7665,17.7569,2,2,2,35.67,288.491,-832.804,43.6453,284.752,-893.942,46.9772,360.792,-2870.07,2,0
A,365,.,.,.,PHE,CG,2888,362,105,13,85.069,-18.025,113.402,1.74,0,0,0,0,0,3,0.890475,0.765008,6.69542,6.24508,2,2,2,35.67,288.491,-832.804,43.6453,284.752,-893.942,46.9772,360.792,-2870.07,2,0
A,365,.,.,.,PHE,CD1,2889,362,103,13,85.235,-16.737,112.891,1.82,0,0,0,0,0,2,0.847994,0.765008,22.8367,14.3999,2,2,2,35.67,288.491,-832.804,43.6453,284.752,-893.942,46.9772,360.792,-2870.07,2,0
A,365,.,.,.,PHE,CD2,2890,362,103,13,84.35,-18.955,112.644,1.82,0,0,0,0,0,2,0.775255,0.765008,22.1645,14.4192,2,2,2,35.67,288.491,-832.804,43.6453,284.752,-893.942,46.9772,360.792,-2870.07,2,0
A,365,.,.,.,PHE,CE1,2891,362,104,13,84.666,-16.377,111.679,1.82,0,0,0,0,0,2,0.905978,0.765008,18.5215,13.9726,2,2,2,35.67,288.491,-832.804,43.6453,284.752,-893.942,46.9772,360.792,-2870.07,2,0
A,365,.,.,.,PHE,CE2,2892,362,104,13,83.802,-18.599,111.418,1.82,0,0,0,0,0,2,0.809073,0.765008,25.7927,14.0661,2,2,2,35.67,288.491,-832.804,43.6453,284.752,-893.942,46.9772,360.792,-2870.07,2,0
A,365,.,.,.,PHE,CZ,2893,362,106,13,83.951,-17.301,110.939,1.82,0.205032,-0.381699,0.422705,-0.821965,0.13712,1,0.877167,0.765008,27.2024,14.0485,0.965438,2,2,35.67,288.491,-832.804,43.6453,284.752,-893.942,46.9772,360.792,-2870.07,2,0
A,366,.,.,.,ASP,N,2894,363,27,3,88.877,-18.455,116.262,1.7,0,0,0,0,0,2,0.926467,0.654935,12.72,9.71177,2,2,2,38.1968,319.058,-1308.02,43.6453,284.752,-893.942,46.9772,360.792,-2870.07,2,0
A,366,.,.,.,ASP,CA,2895,363,24,3,89.752,-18.781,117.372,1.9,0,0,0,0,0,2,0.818178,0.654935,16.6712,12.8144,2,2,2,38.1968,319.058,-1308.02,43.6453,284.752,-893.942,46.9772,360.792,-2870.07,2,0
A,366,.,.,.,ASP,C,2896,363,23,3,89.548,-17.774,118.518,1.75,0,0,0,0,0,2,0.829584,0.654935,10.3724,8.81168,2,2,2,38.1968,319.058,-1308.02,43.6453,284.752,-893.942,46.9772,360.792,-2870.07,2,0
A,366,.,.,.,ASP,O,2897,363,28,3,89.808,-16.578,118.362,1.49,0,0,0,0,0,2,0.908371,0.654935,12.9454,9.1821,2,2,2,38.1968,319.058,-1308.02,43.6453,284.752,-893.942,46.9772,360.792,-2870.07,2,0
A,366,.,.,.,ASP,CB,2898,363,25,3,91.194,-18.752,116.87,1.91,0,0,0,0,-0,2,0.825145,0.654935,29.6178,17.9768,2,2,2,38.1968,319.058,-1308.02,43.6453,284.752,-893.942,46.9772,360.792,-2870.07,2,0
A,366,.,.,.,ASP,CG,2899,363,26,3,92.225,-19.054,117.952,1.76,0,0,0,0,-0,2,0.287726,0.654935,14.647,10.493,2,2,2,38.1968,319.058,-1308.02,43.6453,284.752,-893.942,46.9772,360.792,-2870.07,2,0
A,366,.,.,.,ASP,OD1,2900,363,29,3,91.861,-19.633,118.989,1.49,0,0,0,0,-0,2,0.331735,0.654935,12.3746,8.71842,2,2,2,38.1968,319.058,-1308.02,43.6453,284.752,-893.942,46.9772,360.792,-2870.07,2,0
A,366,.,.,.,ASP,OD2,2901,363,29,3,93.42,-18.719,117.756,1.49,20.5405,0.976959,0.198567,-0.0782397,-10.417,1,0.312278,0.654935,39.9659,9.47408,0.6462,0.642155,0.641928,38.1968,319.058,-1308.02,43.6453,284.752,-893.942,46.9772,360.792,-2870.07,0.111926,0
A,367,.,.,.,ASN,N,2902,364,19,2,89.084,-18.277,119.665,1.7,0,0,0,0,0,2,0.607416,0.542735,13.0688,9.68043,2,2,2,40.2215,332.597,-1859.78,43.6453,284.752,-893.942,46.9772,360.792,-2870.07,2,0
A,367,.,.,.,ASN,CA,2903,364,16,2,89.024,-17.495,120.89,1.9,0,0,0,0,0,2,0.834619,0.542735,16.5444,12.8707,2,2,2,40.2215,332.597,-1859.78,43.6453,284.752,-893.942,46.9772,360.792,-2870.07,2,0
A,367,.,.,.,ASN,C,2904,364,15,2,89.872,-18.147,121.996,1.75,0,0,0,0,0,2,0.31107,0.542735,10.7076,8.90651,2,2,2,40.2215,332.597,-1859.78,43.6453,284.752,-893.942,46.9772,360.792,-2870.07,2,0
A,367,.,.,.,ASN,O,2905,364,21,2,89.695,-17.863,123.194,1.49,0,0,0,0,0,2,0.0728712,0.542735,12.9481,9.22203,2,2,2,40.2215,332.597,-1859.78,43.6453,284.752,-893.942,46.9772,360.792,-2870.07,2,0
A,367,.,.,.,ASN,CB,2906,364,17,2,87.562,-17.319,121.322,1.91,0,0,0,0,-0,2,0.722099,0.542735,23.5457,17.4914,2,2,2,40.2215,332.597,-1859.78,43.6453,284.752,-893.942,46.9772,360.792,-2870.07,2,0
A,367,.,.,.,ASN,CG,2907,364,18,2,87.374,-16.216,122.331,1.81,0,0,0,0,-0,2,0.830725,0.542735,12.7368,10.9279,2,2,2,40.2215,332.597,-1859.78,43.6453,284.752,-893.942,46.9772,360.792,-2870.07,2,0
A,367,.,.,.,ASN,OD1,2908,364,22,2,87.927,-15.132,122.181,1.52,0,0,0,0,-0,2,0.78021,0.542735,14.6514,9.25389,2,2,2,40.2215,332.597,-1859.78,43.6453,284.752,-893.942,46.9772,360.792,-2870.07,2,0
A,367,.,.,.,ASN,ND2,2909,364,20,2,86.562,-16.478,123.37,1.62,0,0,0,0,-0,2,0.182872,0.542735,20.3128,12.8269,2,2,2,40.2215,332.597,-1859.78,43.6453,284.752,-893.942,46.9772,360.792,-2870.07,2,0
A,368,.,.,.,THR,N,2910,365,126,16,90.802,-19.019,121.599,1.7,0,0,0,0,0,2,0.380748,0.175492,11.4442,9.5886,2,2,2,42.7931,354.402,-2211.29,43.6453,284.752,-893.942,46.9772,360.792,-2870.07,2,0
A,368,.,.,.,THR,CA,2911,365,123,16,91.599,-19.801,122.555,1.9,0,0,0,0,0,2,0.116187,0.175492,13.8694,12.1183,2,2,2,42.7931,354.402,-2211.29,43.6453,284.752,-893.942,46.9772,360.792,-2870.07,2,0
A,368,.,.,.,THR,C,2912,365,122,16,92.526,-18.947,123.419,1.75,0.450028,0.960696,-0.260507,-0.0959093,0.866129,1,0.0298138,0.175492,11.1901,8.69046,0.421865,0.420741,0.420741,42.7931,354.402,-2211.29,43.6453,284.752,-893.942,46.9772,360.792,-2870.07,0.0808448,0
A,368,.,.,.,THR,O,2913,365,127,16,92.897,-19.349,124.519,1.49,20.0823,0.630147,-0.482845,0.608091,9.28631,1,0.0087958,0.175492,36.0679,9.34454,0.298022,0.297282,0.297282,42.7931,354.402,-2211.29,43.6453,284.752,-893.942,46.9772,360.792,-2870.07,0.0826659,0
A,368,.,.,.,THR,CB,2914,365,124,16,92.398,-20.94,121.864,2.01,16.529,0.697996,-0.588142,0.408522,0.746114,1,0.206326,0.175492,38.0374,17.0124,0.53195,0.53203,0.508952,42.7931,354.402,-2211.29,43.6453,284.752,-893.942,46.9772,360.792,-2870.07,0.085005,0
A,368,.,.,.,THR,OG1,2915,365,128,16,93.32,-20.409,120.891,1.54,15.1938,0.99007,-0.0954084,-0.103242,-0.906634,1,0.232958,0.175492,30.8026,9.42272,0.61645,0.616937,0.607926,42.7931,354.402,-2211.29,43.6453,284.752,-893.942,46.9772,360.792,-2870.07,0.0933557,0
A,368,.,.,.,THR,CG2,2916,365,125,16,91.432,-21.932,121.199,1.92,17.9675,0.210907,-0.972412,0.0996698,-2.96519,1,0.253616,0.175492,54.1187,22.3565,0.594034,0.593866,0.558187,42.7931,354.402,-2211.29,43.6453,284.752,-893.942,46.9772,360.792,-2870.07,0.0873153,0
A,369,.,.,.,TYR,N,2917,366,150,18,92.901,-17.781,122.909,1.7,0,0,0,0,0,2,0.0579455,0.181506,12.8266,9.6264,2,2,2,43.7616,350.669,-2039.83,43.6453,284.752,-893.942,46.9772,360.792,-2870.07,2,0
A,369,.,.,.,TYR,CA,2918,366,144,18,93.747,-16.827,123.621,1.9,10.7289,0.817769,-0.438154,0.373195,16.4526,1,0.0298836,0.181506,26.9776,13.0598,0.0484902,0.0483927,0.0483927,43.7616,350.669,-2039.83,43.6453,284.752,-893.942,46.9772,360.792,-2870.07,0.0837497,0
A,369,.,.,.,TYR,C,2919,366,143,18,92.987,-15.992,124.678,1.75,0.439062,0.407843,-0.584404,0.701525,0.956641,1,0.00237676,0.181506,11.8413,8.72387,0.02758,0.0274227,0.0267484,43.7616,350.669,-2039.83,43.6453,284.752,-893.942,46.9772,360.792,-2870.07,0.0940841,0
A,369,.,.,.,TYR,O,2920,366,151,18,93.606,-15.287,125.467,1.49,26.7752,0.675429,0.44833,0.585487,22.1029,1,0.00205227,0.181506,39.3256,9.31869,0.0215733,0.0213338,0.0208225,43.7616,350.669,-2039.83,43.6453,284.752,-893.942,46.9772,360.792,-2870.07,0.0963537,0
A,369,.,.,.,TYR,CB,2921,366,145,18,94.43,-15.895,122.612,1.91,29.8222,0.990843,-0.0528492,-0.124244,27.3646,1,0.166778,0.181506,52.7177,17.7801,0.048009,0.0479311,0.0476006,43.7616,350.669,-2039.83,43.6453,284.752,-893.942,46.9772,360.792,-2870.07,0.0889533,0
A,369,.,.,.,TYR,CG,2922,366,148,18,93.436,-15.098,121.787,1.74,0,0,0,0,0,2,0.0607992,0.181506,7.72704,6.27547,2,2,2,43.7616,350.669,-2039.83,43.6453,284.752,-893.942,46.9772,360.792,-2870.07,2,0
A,369,.,.,.,TYR,CD1,2923,366,146,18,92.901,-13.915,122.267,1.82,3.84569,0.135853,0.62459,0.769046,2.91053,1,0.112026,0.181506,25.4096,14.2595,0.609584,0.597373,0.549551,43.7616,350.669,-2039.83,43.6453,284.752,-893.942,46.9772,360.792,-2870.07,0.112448,0
A,369,.,.,.,TYR,CD2,2924,366,146,18,93.01,-15.555,120.549,1.82,4.60316,0.830854,-0.188517,-0.523587,3.4838,1,0.15452,0.181506,29.3273,14.2962,0.644367,0.63797,0.639111,43.7616,350.669,-2039.83,43.6453,284.752,-893.942,46.9772,360.792,-2870.07,0.0962096,0
A,369,.,.,.,TYR,CE1,2925,366,147,18,91.972,-13.194,121.524,1.82,2.48669,-0.242116,0.641995,0.727476,0.886242,1,0.299001,0.181506,24.7927,14.1608,0.787083,0.794205,2,43.7616,350.669,-2039.83,43.6453,284.752,-893.942,46.9772,360.792,-2870.07,0.167199,0
A,369,.,.,.,TYR,CE2,2926,366,147,18,92.09,-14.854,119.801,1.82,0.162222,0.581233,-0.290677,-0.76005,0.0578148,1,0.395716,0.181506,21.427,14.082,0.696657,0.626717,2,43.7616,350.669,-2039.83,43.6453,284.752,-893.942,46.9772,360.792,-2870.07,2,0
A,369,.,.,.,TYR,CZ,2927,366,149,18,91.566,-13.682,120.288,1.8,0,0,0,0,0,2,0.267125,0.181506,12.4742,9.73468,2,2,2,43.7616,350.669,-2039.83,43.6453,284.752,-893.942,46.9772,360.792,-2870.07,2,0
A,369,.,.,.,TYR,OH,2928,366,152,18,90.657,-13,119.527,1.54,0,0,0,0,-0,2,0.629847,0.181506,17.1133,10.7433,2,2,2,43.7616,350.669,-2039.83,43.6453,284.752,-893.942,46.9772,360.792,-2870.07,2,0
A,370,.,.,.,SER,N,2929,367,119,15,91.66,-16.043,124.664,1.7,0,0,0,0,0,2,0.160787,0.136733,12.5878,9.87242,2,2,2,44.0203,346.368,-2360.93,43.6453,284.752,-893.942,46.9772,360.792,-2870.07,2,0
A,370,.,.,.,SER,CA,2930,367,117,15,90.812,-15.212,125.527,1.9,6.51932,0.30424,0.858847,0.412091,3.63433,1,0.153248,0.136733,23.4299,12.9873,0.620013,0.599715,0.549551,44.0203,346.368,-2360.93,43.6453,284.752,-893.942,46.9772,360.792,-2870.07,0.160222,0
A,370,.,.,.,SER,C,2931,367,116,15,90.235,-16.071,126.658,1.75,0,0,0,0,0,2,0.0133225,0.136733,11.424,8.82903,2,2,2,44.0203,346.368,-2360.93,43.6453,284.752,-893.942,46.9772,360.792,-2870.07,2,0
A,370,.,.,.,SER,O,2932,367,120,15,89.115,-16.599,126.571,1.49,0,0,0,0,0,2,0.0269244,0.136733,13.391,9.16949,2,2,2,44.0203,346.368,-2360.93,43.6453,284.752,-893.942,46.9772,360.792,-2870.07,2,0
A,370,.,.,.,SER,CB,2933,367,118,15,89.689,-14.594,124.689,1.91,3.53448,0.358064,0.930551,0.0765779,-0.917571,1,0.376242,0.136733,31.156,19.1661,0.752446,0.753244,2,44.0203,346.368,-2360.93,43.6453,284.752,-893.942,46.9772,360.792,-2870.07,0.277071,0
A,370,.,.,.,SER,OG,2934,367,121,15,88.735,-13.882,125.464,1.54,3.75087,0.415909,0.898006,0.143543,-0.540995,1,0.0898734,0.136733,21.2595,10.1888,0.756193,0.753244,2,44.0203,346.368,-2360.93,43.6453,284.752,-893.942,46.9772,360.792,-2870.07,0.194738,0
A,371,.,.,.,ARG,N,2935,368,11,1,91,-16.197,127.731,1.7,4.33629,0.489067,0.816353,0.307214,6.77341,1,0.00569636,0.0184706,20.3778,9.89281,0.580176,0.568864,0.549551,46.9772,360.792,-2870.07,43.6453,284.752,-893.942,46.9772,360.792,-2870.07,0.114635,0
A,371,.,.,.,ARG,CA,2936,368,6,1,90.647,-17.121,128.788,1.9,0.919914,-0.220745,-0.967929,0.119938,0.787742,1,0.0173411,0.0184706,20.722,12.8788,0.520546,0.515862,0.500043,46.9772,360.792,-2870.07,43.6453,284.752,-893.942,46.9772,360.792,-2870.07,0.109288,0
A,371,.,.,.,ARG,C,2937,368,5,1,89.485,-16.661,129.667,1.75,0,0,0,0,0,2,0.0312195,0.0184706,10.3923,8.76458,2,2,2,46.9772,360.792,-2870.07,43.6453,284.752,-893.942,46.9772,360.792,-2870.07,2,0
A,371,.,.,.,ARG,O,2938,368,14,1,88.825,-17.492,130.274,1.49,6.82851,0.240184,-0.851859,0.465454,2.57152,1,0.0354862,0.0184706,24.2868,9.2845,0.510425,0.504599,0.398856,46.9772,360.792,-2870.07,43.6453,284.752,-893.942,46.9772,360.792,-2870.07,0.0958423,0
A,371,.,.,.,ARG,CB,2939,368,7,1,91.873,-17.462,129.65,1.91,58.7541,0.812288,-0.433369,0.390358,6.75472,1,0.00260961,0.0184706,88.5623,23.0865,0.0244734,0.0243322,0.0233781,46.9772,360.792,-2870.07,43.6453,284.752,-893.942,46.9772,360.792,-2870.07,0.103049,0
A,372,.,.,.,MET,N,2940,369,97,12,89.231,-15.357,129.73,1.7,1.46064,0.590339,0.74579,-0.308702,1.58565,1,0.0169006,0.0196961,16.0486,9.82449,0.646618,0.61279,2,47.5993,346.545,-2863.08,38.8837,308.227,2329.91,47.5993,346.545,-2863.08,0.123805,0
A,372,.,.,.,MET,CA,2941,369,93,12,88.158,-14.824,130.57,1.9,0,0,0,0,0,2,0.0227835,0.0196961,16.9647,12.7635,2,2,2,47.5993,346.545,-2863.08,38.8837,308.227,2329.91,47.5993,346.545,-2863.08,2,0
A,372,.,.,.,MET,C,2942,369,92,12,86.901,-14.399,129.817,1.75,0,0,0,0,0,2,0.0348043,0.0196961,10.5077,8.72242,2,2,2,47.5993,346.545,-2863.08,38.8837,308.227,2329.91,47.5993,346.545,-2863.08,2,0
A,372,.,.,.,MET,O,2943,369,98,12,85.839,-14.307,130.432,1.49,19.2962,-0.832306,0.126807,0.539617,14.0603,1,0.0270709,0.0196961,36.758,9.31815,0.112035,0.111936,0.11089,47.5993,346.545,-2863.08,38.8837,308.227,2329.91,47.5993,346.545,-2863.08,0.0974875,0
A,372,.,.,.,MET,CB,2944,369,94,12,88.658,-13.61,131.372,1.91,4.88417,-0.119131,0.938037,0.325415,3.13688,1,0.0388767,0.0196961,32.9353,16.5397,0.00916175,0.00830061,0.00720553,47.5993,346.545,-2863.08,38.8837,308.227,2329.91,47.5993,346.545,-2863.08,0.100649,0
A,372,.,.,.,MET,CG,2945,369,96,12,89.86,-13.881,132.27,1.92,31.9469,0.77804,0.625488,0.0584737,17.9138,1,0.00142406,0.0196961,53.2658,17.9149,0.0114883,0.0112726,0.010988,47.5993,346.545,-2863.08,38.8837,308.227,2329.91,47.5993,346.545,-2863.08,0.0995825,0
A,372,.,.,.,MET,SD,2946,369,99,12,89.55,-15.155,133.505,1.94,31.9904,0.647837,-0.530507,0.54669,17.3548,1,0.00584688,0.0196961,61.938,21.1508,0.00879171,0.00869142,0.00841248,47.5993,346.545,-2863.08,38.8837,308.227,2329.91,47.5993,346.545,-2863.08,0.0939366,0
A,372,.,.,.,MET,CE,2947,369,95,12,88.325,-14.346,134.539,1.8,55.7338,-0.401888,0.368889,0.838097,15.5159,1,0.00986211,0.0196961,78.7772,19.6815,0.0237931,0.0237241,0.0236567,47.5993,346.545,-2863.08,38.8837,308.227,2329.91,47.5993,346.545,-2863.08,0.0883759,0
A,373,.,.,.,HIS,N,2948,370,63,8,87,-14.137,128.508,1.7,0,0,0,0,0,2,0.0470078,0.0747271,14.006,10.0671,2,2,2,44.6106,327.282,-2508.43,38.8837,308.227,2329.91,47.5993,346.545,-2863.08,2,0
A,373,.,.,.,HIS,CA,2949,370,58,8,85.892,-13.505,127.785,1.9,2.26335,-0.880788,0.271748,0.38777,2.13561,1,0.0999652,0.0747271,19.2767,12.7488,0.317693,0.316388,0.313894,44.6106,327.282,-2508.43,38.8837,308.227,2329.91,47.5993,346.545,-2863.08,0.119041,0
A,373,.,.,.,HIS,C,2950,370,57,8,85.413,-14.322,126.594,1.75,0,0,0,0,0,2,0.0506695,0.0747271,10.3767,8.74148,2,2,2,44.6106,327.282,-2508.43,38.8837,308.227,2329.91,47.5993,346.545,-2863.08,2,0
A,373,.,.,.,HIS,O,2951,370,66,8,86.183,-14.608,125.673,1.49,0,0,0,0,0,2,0.122464,0.0747271,13.3447,9.1531,2,2,2,44.6106,327.282,-2508.43,38.8837,308.227,2329.91,47.5993,346.545,-2863.08,2,0
A,373,.,.,.,HIS,CB,2952,370,59,8,86.285,-12.104,127.305,1.91,3.91674,-0.395765,0.808389,-0.435748,0.924605,1,0.0525132,0.0747271,35.1442,17.5912,0.548375,0.519526,0.442242,44.6106,327.282,-2508.43,38.8837,308.227,2329.91,47.5993,346.545,-2863.08,0.143082,0
A,373,.,.,.,HIS,CG,2953,370,62,8,86.697,-11.185,128.409,1.8,2.30019,-0.01651,0.838347,-0.544886,0.835618,1,0.0769889,0.0747271,14.5554,9.38848,0.567681,0.554642,0.536598,44.6106,327.282,-2508.43,38.8837,308.227,2329.91,47.5993,346.545,-2863.08,0.119136,0
A,373,.,.,.,HIS,ND1,2954,370,64,8,85.789,-10.592,129.258,1.6,18.1617,-0.973379,0.21997,-0.0644004,-0.106466,1,0.0545852,0.0747271,29.3411,8.55971,0.0780479,0.0778181,0.0767177,44.6106,327.282,-2508.43,38.8837,308.227,2329.91,47.5993,346.545,-2863.08,0.116369,0
A,373,.,.,.,HIS,CD2,2955,370,60,8,87.916,-10.762,128.809,1.74,23.6046,0.803858,0.344744,-0.48473,0.87379,1,0.0514113,0.0747271,41.7605,13.2535,0.0388345,0.0377636,0.0349646,44.6106,327.282,-2508.43,38.8837,308.227,2329.91,47.5993,346.545,-2863.08,0.113251,0
A,373,.,.,.,HIS,CE1,2956,370,61,8,86.43,-9.846,130.135,1.74,41.5497,-0.432853,0.658424,0.615725,-12.5508,1,0.039539,0.0747271,56.5041,14.2804,0.0530367,0.0528733,0.0521787,44.6106,327.282,-2508.43,38.8837,308.227,2329.91,47.5993,346.545,-2863.08,0.106669,0
A,373,.,.,.,HIS,NE2,2957,370,65,8,87.723,-9.923,129.88,1.6,23.8404,0.666381,0.666432,0.334371,-7.05638,1,0.152128,0.0747271,33.5161,8.92519,0.0299537,0.0295576,0.028387,44.6106,327.282,-2508.43,38.8837,308.227,2329.91,47.5993,346.545,-2863.08,0.104375,0
A,374,.,.,.,ALA,N,2958,371,3,0,84.133,-14.669,126.617,1.7,6.51627,-0.603141,0.31087,0.734562,9.77466,1,0.060261,0.118507,21.9973,9.94275,0.317803,0.317132,0.313038,42.514,316.548,-2306.64,38.8837,308.227,2329.91,47.5993,346.545,-2863.08,0.110331,0
A,374,.,.,.,ALA,CA,2959,371,1,0,83.484,-15.299,125.473,1.9,0,0,0,0,0,2,0.0847329,0.118507,15.4413,12.781,2,2,2,42.514,316.548,-2306.64,38.8837,308.227,2329.91,47.5993,346.545,-2863.08,2,0
A,374,.,.,.,ALA,C,2960,371,0,0,83.134,-14.256,124.419,1.75,0.776786,-0.955438,0.266613,0.126712,1.5332,1,0.195392,0.118507,11.9789,8.78049,0.515765,0.494517,0.479619,42.514,316.548,-2306.64,38.8837,308.227,2329.91,47.5993,346.545,-2863.08,0.120942,0
A,374,.,.,.,ALA,O,2961,371,4,0,83.14,-13.044,124.69,1.49,9.81318,-0.703287,0.461282,0.540931,4.95566,1,0.141422,0.118507,27.4067,9.34152,0.512283,0.4906,0.479619,42.514,316.548,-2306.64,38.8837,308.227,2329.91,47.5993,346.545,-2863.08,0.125745,0
A,374,.,.,.,ALA,CB,2962,371,2,0,82.23,-16.037,125.916,1.92,39.2626,-0.806506,-0.00480469,0.591206,2.81527,1,0.110726,0.118507,72.8917,23.3593,0.138982,0.138401,0.136085,42.514,316.548,-2306.64,38.8837,308.227,2329.91,47.5993,346.545,-2863.08,0.0985054,0
A,375,.,.,.,LYS,N,2963,372,89,11,82.829,-14.736,123.221,1.7,0,0,0,0,0,2,0.18019,0.481525,12.4247,9.67937,2,2,2,39.489,290.604,-1724.5,38.8837,308.227,2329.91,47.5993,346.545,-2863.08,2,0
A,375,.,.,.,LYS,CA,2964,372,84,11,82.461,-13.864,122.113,1.9,0.617783,-0.69142,0.377318,0.616092,0.396532,1,0.376844,0.481525,16.7915,12.63,0.639795,0.608532,2,39.489,290.604,-1724.5,38.8837,308.227,2329.91,47.5993,346.545,-2863.08,0.17711,0
A,375,.,.,.,LYS,C,2965,372,83,11,81.175,-14.353,121.499,1.75,2.42759,-0.601714,0.0133387,0.7986,4.1315,1,0.550352,0.481525,14.0274,8.66853,0.639795,0.608532,2,39.489,290.604,-1724.5,38.8837,308.227,2329.91,47.5993,346.545,-2863.08,0.10163,0
A,375,.,.,.,LYS,O,2966,372,91,11,80.907,-15.553,121.475,1.49,0.239352,-0.55565,0.0351283,0.830674,0.0437032,1,0.544979,0.481525,16.3321,9.04577,0.668554,0.627935,2,39.489,290.604,-1724.5,38.8837,308.227,2329.91,47.5993,346.545,-2863.08,0.0874077,0
A,375,.,.,.,LYS,CB,2967,372,85,11,83.567,-13.848,121.042,1.91,0.00781241,-0.0219761,-0.0469301,-0.998656,-0.000864842,1,0.739912,0.481525,31.082,16.5658,0.996245,2,2,39.489,290.604,-1724.5,38.8837,308.227,2329.91,47.5993,346.545,-2863.08,2,0
A,375,.,.,.,LYS,CG,2968,372,88,11,84.976,-13.573,121.568,1.92,0,0,0,0,-0,2,0.729587,0.481525,22.7111,16.6743,2,2,2,39.489,290.604,-1724.5,38.8837,308.227,2329.91,47.5993,346.545,-2863.08,2,0
A,375,.,.,.,LYS,CD,2969,372,86,11,85.123,-12.153,122.093,1.92,0,0,0,0,-0,2,0.507119,0.481525,23.264,17.1447,2,2,2,39.489,290.604,-1724.5,38.8837,308.227,2329.91,47.5993,346.545,-2863.08,2,0
A,375,.,.,.,LYS,CE,2970,372,87,11,86.39,-11.993,122.923,1.88,3.29204,0.618781,0.617586,0.485487,-2.216,1,0.1016,0.481525,30.9555,17.3347,0.819238,0.849251,2,39.489,290.604,-1724.5,38.8837,308.227,2329.91,47.5993,346.545,-2863.08,0.183813,0
A,375,.,.,.,LYS,NZ,2971,372,90,11,87.637,-12.365,122.191,1.67,2.74862,0.618765,0.606107,0.499764,-2.31616,1,0.603142,0.481525,25.9532,14.0642,0.810091,0.849251,2,39.489,290.604,-1724.5,38.8837,308.227,2329.91,47.5993,346.545,-2863.08,0.223565,0
A,376,.,.,.,LYS,N,2972,373,89,11,80.374,-13.41,121.009,1.7,2.3046,-0.323734,0.22628,0.918691,3.17196,1,0.571295,0.599791,15.5449,9.83925,0.585771,0.557988,0.528492,37.8499,257.011,-1282.56,38.8837,308.227,2329.91,47.5993,346.545,-2863.08,0.157691,0
A,376,.,.,.,LYS,CA,2973,373,84,11,79.248,-13.724,120.148,1.9,0.0147294,-0.220046,-0.298005,0.928856,0.00945423,1,0.61705,0.599791,16.721,12.7114,0.594958,0.557988,0.528492,37.8499,257.011,-1282.56,38.8837,308.227,2329.91,47.5993,346.545,-2863.08,0.0814811,0
A,376,.,.,.,LYS,C,2974,373,83,11,79.725,-13.473,118.721,1.75,0.22111,-0.611699,0.612727,-0.500391,0.376305,1,0.769863,0.599791,12.2986,8.70318,0.904098,2,2,37.8499,257.011,-1282.56,38.8837,308.227,2329.91,47.5993,346.545,-2863.08,2,0
A,376,.,.,.,LYS,O,2975,373,91,11,80.308,-12.432,118.439,1.49,1.1663,-0.721762,0.510109,-0.467812,0.212955,1,0.795657,0.599791,16.2706,9.05999,0.881179,2,2,37.8499,257.011,-1282.56,38.8837,308.227,2329.91,47.5993,346.545,-2863.08,2,0
A,376,.,.,.,LYS,CB,2976,373,85,11,78.034,-12.848,120.494,1.91,10.5235,-0.10817,0.106707,0.988389,-1.16496,1,0.509327,0.599791,36.3332,16.5627,0.330756,0.323512,0.317944,37.8499,257.011,-1282.56,38.8837,308.227,2329.91,47.5993,346.545,-2863.08,0.0782319,0
A,376,.,.,.,LYS,CG,2977,373,88,11,76.726,-13.357,119.893,1.92,3.62556,-0.648715,-0.636569,0.417072,-0.73841,1,0.568387,0.599791,33.3385,16.992,0.0742536,0.0735408,0.0728174,37.8499,257.011,-1282.56,38.8837,308.227,2329.91,47.5993,346.545,-2863.08,0.0714077,0
A,376,.,.,.,LYS,CD,2978,373,86,11,75.563,-12.411,120.131,1.92,54.1677,-0.836524,0.411908,0.361332,-29.3221,1,0.36696,0.599791,85.1128,23.227,0.0385834,0.0384258,0.0380096,37.8499,257.011,-1282.56,38.8837,308.227,2329.91,47.5993,346.545,-2863.08,0.0693333,0
A,377,.,.,.,LEU,N,2979,374,81,10,79.497,-14.434,117.831,1.7,0,0,0,0,0,2,0.414238,0.637542,13.1734,9.78469,2,2,2,35.1751,240.946,-835.201,38.8837,308.227,2329.91,47.5993,346.545,-2863.08,2,0
A,377,.,.,.,LEU,CA,2980,374,76,10,79.951,-14.315,116.451,1.9,0,0,0,0,0,2,0.502395,0.637542,15.9759,12.6583,2,2,2,35.1751,240.946,-835.201,38.8837,308.227,2329.91,47.5993,346.545,-2863.08,2,0
A,377,.,.,.,LEU,C,2981,374,75,10,78.786,-14.408,115.482,1.75,0,0,0,0,0,2,0.669118,0.637542,11.0549,8.4968,2,2,2,35.1751,240.946,-835.201,38.8837,308.227,2329.91,47.5993,346.545,-2863.08,2,0
A,377,.,.,.,LEU,O,2982,374,82,10,77.977,-15.324,115.582,1.49,0,0,0,0,0,2,0.638072,0.637542,13.8978,9.00436,2,2,2,35.1751,240.946,-835.201,38.8837,308.227,2329.91,47.5993,346.545,-2863.08,2,0
A,377,.,.,.,LEU,CB,2983,374,77,10,80.929,-15.447,116.157,1.91,0.00797605,0.770258,0.43223,0.468914,0.00812066,1,0.481074,0.637542,26.8832,15.312,0.996245,2,2,35.1751,240.946,-835.201,38.8837,308.227,2329.91,47.5993,346.545,-2863.08,2,0
A,377,.,.,.,LEU,CG,2984,374,80,10,81.48,-15.525,114.749,2.01,0,0,0,0,0,2,0.910798,0.637542,17.9762,14.0266,2,2,2,35.1751,240.946,-835.201,38.8837,308.227,2329.91,47.5993,346.545,-2863.08,2,0
A,377,.,.,.,LEU,CD1,2985,374,78,10,82.56,-14.459,114.521,1.92,0.00330003,0.287832,0.139302,0.947496,0.00224724,1,0.689935,0.637542,38.0759,22.2896,0.996245,2,2,35.1751,240.946,-835.201,38.8837,308.227,2329.91,47.5993,346.545,-2863.08,2,0
A,377,.,.,.,LEU,CD2,2986,374,79,10,82.023,-16.94,114.569,1.92,0,0,0,0,0,2,0.794704,0.637542,33.5961,22.0346,2,2,2,35.1751,240.946,-835.201,38.8837,308.227,2329.91,47.5993,346.545,-2863.08,2,0
A,378,.,.,.,SER,N,2987,375,119,15,78.703,-13.471,114.542,1.7,0.598393,-0.137454,0.782262,0.607596,0.728101,1,0.94115,0.841289,14.2322,9.98487,0.874729,2,2,33.0976,200.148,-425.529,38.8837,308.227,2329.91,47.5993,346.545,-2863.08,2,0
A,378,.,.,.,SER,CA,2988,375,117,15,77.746,-13.585,113.431,1.9,0,0,0,0,0,2,0.957836,0.841289,14.8381,12.7659,2,2,2,33.0976,200.148,-425.529,38.8837,308.227,2329.91,47.5993,346.545,-2863.08,2,0
A,378,.,.,.,SER,C,2989,375,116,15,78.513,-13.766,112.126,1.75,0,0,0,0,0,2,0.968544,0.841289,10.2865,8.74647,2,2,2,33.0976,200.148,-425.529,38.8837,308.227,2329.91,47.5993,346.545,-2863.08,2,0
A,378,.,.,.,SER,O,2990,375,120,15,79.534,-13.093,111.91,1.49,0,0,0,0,0,2,0.946564,0.841289,13.0831,9.13403,2,2,2,33.0976,200.148,-425.529,38.8837,308.227,2329.91,47.5993,346.545,-2863.08,2,0
A,378,.,.,.,SER,CB,2991,375,118,15,76.825,-12.368,113.358,1.91,3.66277,-0.343286,0.91037,0.231042,-0.950878,1,0.611896,0.841289,36.4686,19.4251,0.591868,0.586392,0.59169,33.0976,200.148,-425.529,38.8837,308.227,2329.91,47.5993,346.545,-2863.08,0.088802,0
A,378,.,.,.,SER,OG,2992,375,121,15,76.093,-12.225,114.563,1.54,19.0998,-0.288002,0.850035,0.441017,-2.7548,1,0.621746,0.841289,33.9714,10.3016,0.561344,0.556807,0.556745,33.0976,200.148,-425.529,38.8837,308.227,2329.91,47.5993,346.545,-2863.08,0.0640695,0
A,379,.,.,.,TYR,N,2993,376,150,18,78.036,-14.662,111.259,1.7,0,0,0,0,0,2,0.401625,0.663089,11.7747,9.91271,2,2,2,31.1934,185.759,-144.022,38.8837,308.227,2329.91,47.5993,346.545,-2863.08,2,0
A,379,.,.,.,TYR,CA,2994,376,144,18,78.783,-14.986,110.059,1.9,0,0,0,0,0,2,0.862681,0.663089,14.3776,12.7065,2,2,2,31.1934,185.759,-144.022,38.8837,308.227,2329.91,47.5993,346.545,-2863.08,2,0
A,379,.,.,.,TYR,C,2995,376,143,18,77.942,-15.511,108.907,1.75,0,0,0,0,0,2,0.279923,0.663089,9.95397,8.70045,2,2,2,31.1934,185.759,-144.022,38.8837,308.227,2329.91,47.5993,346.545,-2863.08,2,0
A,379,.,.,.,TYR,O,2996,376,151,18,76.827,-16.022,109.082,1.49,0,0,0,0,0,2,0.269194,0.663089,14.3627,9.34526,2,2,2,31.1934,185.759,-144.022,38.8837,308.227,2329.91,47.5993,346.545,-2863.08,2,0
A,379,.,.,.,TYR,CB,2997,376,145,18,79.887,-16.009,110.368,1.91,0.13422,0.771352,0.0300134,-0.635701,0.123159,1,0.981326,0.663089,27.7023,17.6565,0.965438,2,2,31.1934,185.759,-144.022,38.8837,308.227,2329.91,47.5993,346.545,-2863.08,2,0
A,379,.,.,.,TYR,CG,2998,376,148,18,79.387,-17.37,110.797,1.74,0,0,0,0,0,2,0.862117,0.663089,7.58652,6.31414,2,2,2,31.1934,185.759,-144.022,38.8837,308.227,2329.91,47.5993,346.545,-2863.08,2,0
A,379,.,.,.,TYR,CD1,2999,376,146,18,79.144,-18.378,109.867,1.82,0,0,0,0,0,2,0.767323,0.663089,22.9506,14.337,2,2,2,31.1934,185.759,-144.022,38.8837,308.227,2329.91,47.5993,346.545,-2863.08,2,0
A,379,.,.,.,TYR,CD2,3000,376,146,18,79.19,-17.662,112.139,1.82,0,0,0,0,0,2,0.744008,0.663089,21.7663,14.3436,2,2,2,31.1934,185.759,-144.022,38.8837,308.227,2329.91,47.5993,346.545,-2863.08,2,0
A,379,.,.,.,TYR,CE1,3001,376,147,18,78.697,-19.625,110.268,1.82,2.43698,-0.311611,-0.668974,-0.674812,0.868525,1,0.703267,0.663089,26.8214,14.1908,0.832171,2,2,31.1934,185.759,-144.022,38.8837,308.227,2329.91,47.5993,346.545,-2863.08,0.363232,0
A,379,.,.,.,TYR,CE2,3002,376,147,18,78.742,-18.904,112.548,1.82,0,0,0,0,0,2,0.762496,0.663089,23.263,14.1219,2,2,2,31.1934,185.759,-144.022,38.8837,308.227,2329.91,47.5993,346.545,-2863.08,2,0
A,379,.,.,.,TYR,CZ,3003,376,149,18,78.506,-19.885,111.616,1.8,0,0,0,0,0,2,0.672852,0.663089,11.4941,9.73604,2,2,2,31.1934,185.759,-144.022,38.8837,308.227,2329.91,47.5993,346.545,-2863.08,2,0
A,379,.,.,.,TYR,OH,3004,376,152,18,78.054,-21.112,112.052,1.54,3.60393,-0.185864,-0.748201,-0.636907,-0.393239,1,0.650252,0.663089,26.9782,10.9866,0.80971,2,2,31.1934,185.759,-144.022,38.8837,308.227,2329.91,47.5993,346.545,-2863.08,0.095214,0
A,380,.,.,.,THR,N,3005,377,126,16,78.527,-15.39,107.723,1.7,0,0,0,0,0,2,0.935294,0.817837,12.4721,9.67647,2,2,2,29.5615,156.003,41.3805,38.8837,308.227,2329.91,47.5993,346.545,-2863.08,2,0
A,380,.,.,.,THR,CA,3006,377,123,16,78.03,-16.052,106.525,1.9,0,0,0,0,0,2,0.774697,0.817837,16.8286,12.024,2,2,2,29.5615,156.003,41.3805,38.8837,308.227,2329.91,47.5993,346.545,-2863.08,2,0
A,380,.,.,.,THR,C,3007,377,122,16,79.237,-16.653,105.835,1.75,0,0,0,0,0,2,0.972424,0.817837,9.98552,8.39896,2,2,2,29.5615,156.003,41.3805,38.8837,308.227,2329.91,47.5993,346.545,-2863.08,2,0
A,380,.,.,.,THR,O,3008,377,127,16,80.234,-15.96,105.605,1.49,0.000154104,-0.159657,0.570844,-0.805386,7.12597e-05,1,0.959079,0.817837,15.3076,9.20888,0.981952,2,2,29.5615,156.003,41.3805,38.8837,308.227,2329.91,47.5993,346.545,-2863.08,2,0
A,380,.,.,.,THR,CB,3009,377,124,16,77.359,-15.056,105.572,2.01,0.0305249,0.688245,0.264783,-0.675433,0.00137788,1,0.810149,0.817837,24.1872,16.7142,0.833024,0.790118,2,29.5615,156.003,41.3805,38.8837,308.227,2329.91,47.5993,346.545,-2863.08,0.421967,0
A,380,.,.,.,THR,OG1,3010,377,128,16,76.205,-14.504,106.204,1.54,2.30657,-0.791393,0.286543,-0.53999,-0.137636,1,0.604778,0.817837,18.6245,9.47162,0.76426,0.761207,2,29.5615,156.003,41.3805,38.8837,308.227,2329.91,47.5993,346.545,-2863.08,0.328903,0
A,380,.,.,.,THR,CG2,3011,377,125,16,76.943,-15.723,104.302,1.92,7.94978,-0.860574,0.133795,-0.491439,-1.31196,1,0.668436,0.817837,51.6136,22.0365,0.792949,0.750695,2,29.5615,156.003,41.3805,38.8837,308.227,2329.91,47.5993,346.545,-2863.08,0.356326,0
A,381,.,.,.,VAL,N,3012,378,158,19,79.132,-17.929,105.487,1.7,0.665855,-0.532198,-0.738726,0.41358,1.32115,1,0.692007,0.688621,17.3178,9.80744,0.867844,2,2,29.4217,163.858,98.8479,38.8837,308.227,2329.91,47.5993,346.545,-2863.08,2,0
A,381,.,.,.,VAL,CA,3013,378,154,19,80.173,-18.617,104.746,1.9,0,0,0,0,0,2,0.69423,0.688621,14.6314,11.9437,2,2,2,29.4217,163.858,98.8479,38.8837,308.227,2329.91,47.5993,346.545,-2863.08,2,0
A,381,.,.,.,VAL,C,3014,378,153,19,79.486,-19.33,103.574,1.75,0,0,0,0,0,2,0.476849,0.688621,10.3106,8.53847,2,2,2,29.4217,163.858,98.8479,38.8837,308.227,2329.91,47.5993,346.545,-2863.08,2,0
A,381,.,.,.,VAL,O,3015,378,159,19,78.546,-20.102,103.766,1.49,17.2231,-0.545179,-0.826218,0.141932,14.2804,1,0.462369,0.688621,35.9016,9.33863,0.673061,0.657377,2,29.4217,163.858,98.8479,38.8837,308.227,2329.91,47.5993,346.545,-2863.08,0.359959,0
A,381,.,.,.,VAL,CB,3016,378,155,19,80.94,-19.646,105.61,2.01,2.20333,-0.776297,-0.569137,0.271008,1.93321,1,0.77838,0.688621,23.4377,14.2422,0.855034,0.8728,2,29.4217,163.858,98.8479,38.8837,308.227,2329.91,47.5993,346.545,-2863.08,0.396115,0
A,381,.,.,.,VAL,CG1,3017,378,156,19,81.972,-20.395,104.769,1.92,0,0,0,0,0,2,0.866152,0.688621,42.5613,22.0467,2,2,2,29.4217,163.858,98.8479,38.8837,308.227,2329.91,47.5993,346.545,-2863.08,2,0
A,381,.,.,.,VAL,CG2,3018,378,157,19,81.633,-18.983,106.794,1.92,0.107749,0.253629,0.88046,0.400577,0.0743604,1,0.85036,0.688621,39.1541,22.0595,0.910544,2,2,29.4217,163.858,98.8479,38.8837,308.227,2329.91,47.5993,346.545,-2863.08,2,0
A,382,.,.,.,GLU,N,3019,379,50,6,79.955,-19.051,102.365,1.7,0,0,0,0,0,2,0.933881,0.86131,12.7042,9.79614,2,2,2,28.3453,135.827,94.6614,38.8837,308.227,2329.91,47.5993,346.545,-2863.08,2,0
A,382,.,.,.,GLU,CA,3020,379,46,6,79.359,-19.576,101.153,1.9,3.78219,-0.713683,-0.699744,0.0318633,2.32356,1,0.949889,0.86131,21.3672,12.7554,0.618947,0.615553,0.589112,28.3453,135.827,94.6614,38.8837,308.227,2329.91,47.5993,346.545,-2863.08,0.398028,0
A,382,.,.,.,GLU,C,3021,379,45,6,80.411,-20.235,100.258,1.75,0,0,0,0,0,2,0.957532,0.86131,12.0505,8.81649,2,2,2,28.3453,135.827,94.6614,38.8837,308.227,2329.91,47.5993,346.545,-2863.08,2,0
A,382,.,.,.,GLU,O,3022,379,51,6,81.536,-19.743,100.151,1.49,0,0,0,0,0,2,0.992973,0.86131,15.654,9.28531,2,2,2,28.3453,135.827,94.6614,38.8837,308.227,2329.91,47.5993,346.545,-2863.08,2,0
A,382,.,.,.,GLU,CB,3023,379,47,6,78.672,-18.455,100.364,1.91,2.49994,-0.653223,-0.589783,-0.474823,-0.556996,1,0.977548,0.86131,30.1546,16.8753,0.622032,0.618377,0.582184,28.3453,135.827,94.6614,38.8837,308.227,2329.91,47.5993,346.545,-2863.08,0.407355,0
A,382,.,.,.,GLU,CG,3024,379,49,6,77.438,-17.879,101.033,1.88,11.7054,-0.782104,-0.619654,0.0658872,-4.526,1,0.801554,0.86131,37.784,16.8074,0.659003,0.650544,0.658396,28.3453,135.827,94.6614,38.8837,308.227,2329.91,47.5993,346.545,-2863.08,0.393687,0
A,382,.,.,.,GLU,CD,3025,379,48,6,76.868,-16.689,100.287,1.76,1.68674,-0.858803,0.021403,0.511858,-0.731812,1,0.620689,0.86131,16.971,10.5937,0.699057,0.692391,0.691622,28.3453,135.827,94.6614,38.8837,308.227,2329.91,47.5993,346.545,-2863.08,0.417244,0
A,382,.,.,.,GLU,OE1,3026,379,52,6,75.972,-16.9,99.457,1.49,30.2708,-0.843334,-0.302547,-0.444131,-20.028,1,0.768418,0.86131,43.4075,9.39656,0.70257,0.700155,0.703168,28.3453,135.827,94.6614,38.8837,308.227,2329.91,47.5993,346.545,-2863.08,0.418349,0
A,382,.,.,.,GLU,OE2,3027,379,52,6,77.315,-15.547,100.5,1.49,1.09468,0.769491,0.373138,0.518317,-0.724269,1,0.749303,0.86131,18.748,9.29233,0.879199,0.791922,2,28.3453,135.827,94.6614,38.8837,308.227,2329.91,47.5993,346.545,-2863.08,2,0
A,383,.,.,.,VAL,N,3028,380,158,19,80.014,-21.336,99.617,1.7,5.04811,-0.87684,-0.406228,0.25716,10.0162,1,0.295643,0.634282,19.6331,9.82791,0.612969,0.60981,0.586547,28.5843,135.528,5.78402,38.8837,308.227,2329.91,47.5993,346.545,-2863.08,0.387249,0
A,383,.,.,.,VAL,CA,3029,380,154,19,80.791,-21.982,98.558,1.9,0,0,0,0,0,2,0.901672,0.634282,14.7972,11.9726,2,2,2,28.5843,135.528,5.78402,38.8837,308.227,2329.91,47.5993,346.545,-2863.08,2,0
A,383,.,.,.,VAL,C,3030,380,153,19,80.172,-21.56,97.229,1.75,0,0,0,0,0,2,0.621743,0.634282,10.2339,8.6011,2,2,2,28.5843,135.528,5.78402,38.8837,308.227,2329.91,47.5993,346.545,-2863.08,2,0
A,383,.,.,.,VAL,O,3031,380,159,19,78.985,-21.834,96.963,1.49,18.4384,-0.994683,-0.0994135,0.0268723,15.2881,1,0.415235,0.634282,34.5639,9.40185,0.657807,0.6573,0.654126,28.5843,135.528,5.78402,38.8837,308.227,2329.91,47.5993,346.545,-2863.08,0.385428,0
A,383,.,.,.,VAL,CB,3032,380,155,19,80.78,-23.519,98.696,2.01,11.7347,-0.858752,-0.509134,0.0576958,10.2961,1,0.785676,0.634282,29.2516,14.1659,0.613527,0.609738,0.571981,28.5843,135.528,5.78402,38.8837,308.227,2329.91,47.5993,346.545,-2863.08,0.372571,0
A,383,.,.,.,VAL,CG1,3033,380,156,19,81.566,-24.198,97.58,1.92,5.50477,-0.434793,-0.899416,-0.0447888,3.47655,1,0.667365,0.634282,43.8616,22.0029,0.625922,0.611184,0.58546,28.5843,135.528,5.78402,38.8837,308.227,2329.91,47.5993,346.545,-2863.08,0.323242,0
A,383,.,.,.,VAL,CG2,3034,380,157,19,81.318,-23.922,100.06,1.92,5.42022,-0.802342,-0.575549,0.158084,3.74064,1,0.75264,0.634282,42.6292,22.0883,0.607822,0.60309,0.571981,28.5843,135.528,5.78402,38.8837,308.227,2329.91,47.5993,346.545,-2863.08,0.353274,0
A,384,.,.,.,LEU,N,3035,381,81,10,80.965,-20.873,96.413,1.7,0,0,0,0,0,2,0.791255,0.673724,11.6353,9.5625,2,2,2,27.0894,110.904,-33.2392,38.8837,308.227,2329.91,47.5993,346.545,-2863.08,2,0
A,384,.,.,.,LEU,CA,3036,381,76,10,80.491,-20.339,95.125,1.9,2.54921,-0.937219,0.150873,-0.314417,5.04874,1,0.602703,0.673724,18.8171,12.6302,0.753972,0.714588,2,27.0894,110.904,-33.2392,38.8837,308.227,2329.91,47.5993,346.545,-2863.08,0.393591,0
A,384,.,.,.,LEU,C,3037,381,75,10,80.976,-21.267,93.999,1.75,0,0,0,0,0,2,0.685696,0.673724,11.6378,8.89726,2,2,2,27.0894,110.904,-33.2392,38.8837,308.227,2329.91,47.5993,346.545,-2863.08,2,0
A,384,.,.,.,LEU,O,3038,381,82,10,82.186,-21.485,93.817,1.49,0,0,0,0,0,2,0.793657,0.673724,15.8944,9.37754,2,2,2,27.0894,110.904,-33.2392,38.8837,308.227,2329.91,47.5993,346.545,-2863.08,2,0
A,384,.,.,.,LEU,CB,3039,381,77,10,80.997,-18.912,94.929,1.91,0.476371,-0.710958,0.0168109,-0.703033,0.485007,1,0.684605,0.673724,24.3877,15.6432,0.850253,2,2,27.0894,110.904,-33.2392,38.8837,308.227,2329.91,47.5993,346.545,-2863.08,0.415868,0
A,384,.,.,.,LEU,CG,3040,381,80,10,80.787,-17.943,96.092,2.01,0,0,0,0,0,2,0.705313,0.673724,19.0207,13.9672,2,2,2,27.0894,110.904,-33.2392,38.8837,308.227,2329.91,47.5993,346.545,-2863.08,2,0
A,384,.,.,.,LEU,CD1,3041,381,78,10,81.315,-16.57,95.709,1.92,0,0,0,0,0,2,0.54541,0.673724,37.7224,22.1445,2,2,2,27.0894,110.904,-33.2392,38.8837,308.227,2329.91,47.5993,346.545,-2863.08,2,0
A,384,.,.,.,LEU,CD2,3042,381,79,10,79.341,-17.855,96.544,1.92,7.45495,-0.914378,-0.365025,-0.175125,3.95445,1,0.581156,0.673724,46.2452,22.0585,0.726411,0.713819,0.625065,27.0894,110.904,-33.2392,38.8837,308.227,2329.91,47.5993,346.545,-2863.08,0.408923,0
A,385,.,.,.,LEU,N,3043,382,81,10,80.009,-21.846,93.294,1.7,3.14303,-0.913015,0.38957,0.120987,6.37117,1,0.577181,0.475844,18.6233,9.80907,0.746207,0.681153,2,27.8474,105.776,-209.001,40.5278,279.516,-707.872,43.2524,337.562,-1491.09,0.327083,0
A,385,.,.,.,LEU,CA,3044,382,76,10,80.25,-22.845,92.255,1.9,0,0,0,0,0,2,0.58616,0.475844,14.7054,12.2816,2,2,2,27.8474,105.776,-209.001,40.5278,279.516,-707.872,43.2524,337.562,-1491.09,2,0
A,385,.,.,.,LEU,C,3045,382,75,10,80.197,-22.211,90.874,1.75,0,0,0,0,0,2,0.688354,0.475844,10.2881,8.66979,2,2,2,27.8474,105.776,-209.001,40.5278,279.516,-707.872,43.2524,337.562,-1491.09,2,0
A,385,.,.,.,LEU,O,3046,382,82,10,79.532,-21.19,90.686,1.49,0.494649,-0.362623,0.727031,0.583035,0.379352,1,0.722025,0.475844,17.4825,9.2517,0.973694,2,2,27.8474,105.776,-209.001,40.5278,279.516,-707.872,43.2524,337.562,-1491.09,2,0
A,385,.,.,.,LEU,CB,3047,382,77,10,79.157,-23.915,92.311,1.91,4.17848,-0.72445,-0.362913,-0.58606,4.25423,1,0.238273,0.475844,31.2245,15.4083,0.696006,0.642355,0.625065,27.8474,105.776,-209.001,40.5278,279.516,-707.872,43.2524,337.562,-1491.09,0.247862,0
A,385,.,.,.,LEU,CG,3048,382,80,10,79.016,-24.681,93.617,2.01,3.92652,-0.704832,0.464086,0.536503,5.3323,1,0.665905,0.475844,25.1251,14.0763,0.632859,0.622305,0.624019,27.8474,105.776,-209.001,40.5278,279.516,-707.872,43.2524,337.562,-1491.09,0.307396,0
A,385,.,.,.,LEU,CD1,3049,382,78,10,77.882,-25.694,93.501,1.92,63.3867,-0.82727,-0.537151,0.1646,43.1649,1,0.0280331,0.475844,87.867,22.2005,0.544478,0.542,0.537869,27.8474,105.776,-209.001,40.5278,279.516,-707.872,43.2524,337.562,-1491.09,0.201975,0
A,385,.,.,.,LEU,CD2,3050,382,79,10,80.328,-25.355,93.972,1.92,9.89058,-0.0147958,-0.854767,0.518801,5.24642,1,0.300819,0.475844,45.6597,21.8484,0.781886,0.731698,2,27.8474,105.776,-209.001,40.5278,279.516,-707.872,43.2524,337.562,-1491.09,0.208902,0
A,386,.,.,.,PRO,N,3051,383,114,14,80.858,-22.837,89.89,1.7,0,0,0,0,0,2,0.749849,0.549359,5.84532,5.49546,2,2,2,27.4425,97.815,-305.091,40.5278,279.516,-707.872,43.2524,337.562,-1491.09,2,0
A,386,.,.,.,PRO,CA,3052,383,110,14,80.769,-22.275,88.535,1.9,0,0,0,0,0,2,0.696103,0.549359,14.3618,12.8103,2,2,2,27.4425,97.815,-305.091,40.5278,279.516,-707.872,43.2524,337.562,-1491.09,2,0
A,386,.,.,.,PRO,C,3053,383,109,14,79.447,-22.591,87.867,1.75,0,0,0,0,0,2,0.538366,0.549359,10.4425,8.65577,2,2,2,27.4425,97.815,-305.091,40.5278,279.516,-707.872,43.2524,337.562,-1491.09,2,0
A,386,.,.,.,PRO,O,3054,383,115,14,78.886,-23.668,88.096,1.49,4.35769,-0.820516,-0.414967,0.393136,1.35579,1,0.3602,0.549359,25.5088,9.33491,0.87676,2,2,27.4425,97.815,-305.091,40.5278,279.516,-707.872,43.2524,337.562,-1491.09,0.221082,0
A,386,.,.,.,PRO,CB,3055,383,111,14,81.9,-22.974,87.791,1.91,2.22542,0.982567,0.181627,0.0396648,-0.724693,1,0.430095,0.549359,29.0449,16.7867,0.921271,2,2,27.4425,97.815,-305.091,40.5278,279.516,-707.872,43.2524,337.562,-1491.09,0.628624,0
A,386,.,.,.,PRO,CG,3056,383,113,14,82.031,-24.28,88.481,1.92,12.5319,0.562893,-0.75101,-0.34516,-5.67029,1,0.370054,0.549359,45.3575,17.1199,0.848347,0.787671,2,27.4425,97.815,-305.091,40.5278,279.516,-707.872,43.2524,337.562,-1491.09,0.38401,0
A,386,.,.,.,PRO,CD,3057,383,112,14,81.758,-24.005,89.942,1.92,0.653557,-0.676692,-0.731473,-0.0838747,0.132005,1,0.700849,0.549359,31.6866,18.3776,0.92282,2,2,27.4425,97.815,-305.091,40.5278,279.516,-707.872,43.2524,337.562,-1491.09,2,0
A,387,.,.,.,ASP,N,3058,384,27,3,78.968,-21.665,87.039,1.7,0,0,0,0,0,2,0.555563,0.378581,11.8997,9.88258,2,2,2,27.2415,85.8755,-357.343,47.5993,346.545,-2863.08,38.8837,308.227,2329.91,2,0
A,387,.,.,.,ASP,CA,3059,384,24,3,77.888,-21.948,86.123,1.9,0.571293,-0.63123,-0.569477,0.52654,0.342337,1,0.473345,0.378581,17.9945,12.8077,0.805241,2,2,27.2415,85.8755,-357.343,47.5993,346.545,-2863.08,38.8837,308.227,2329.91,0.241992,0
A,387,.,.,.,ASP,C,3060,384,23,3,78.404,-22.992,85.135,1.75,0,0,0,0,0,2,0.183099,0.378581,9.76716,8.5181,2,2,2,27.2415,85.8755,-357.343,47.5993,346.545,-2863.08,38.8837,308.227,2329.91,2,0
A,387,.,.,.,ASP,O,3061,384,28,3,79.429,-22.789,84.502,1.49,0,0,0,0,0,2,0.272622,0.378581,13.0824,9.21918,2,2,2,27.2415,85.8755,-357.343,47.5993,346.545,-2863.08,38.8837,308.227,2329.91,2,0
A,387,.,.,.,ASP,CB,3062,384,25,3,77.479,-20.694,85.363,1.91,0,0,0,0,-0,2,0.749234,0.378581,25.8101,17.9892,2,2,2,27.2415,85.8755,-357.343,47.5993,346.545,-2863.08,38.8837,308.227,2329.91,2,0
A,387,.,.,.,ASP,CG,3063,384,26,3,76.465,-20.993,84.264,1.76,0,0,0,0,-0,2,0.284053,0.378581,13.7387,10.3544,2,2,2,27.2415,85.8755,-357.343,47.5993,346.545,-2863.08,38.8837,308.227,2329.91,2,0
A,387,.,.,.,ASP,OD1,3064,384,29,3,75.358,-21.473,84.585,1.49,8.36289,-0.752364,-0.401667,-0.522123,-4.24117,1,0.193512,0.378581,25.2156,9.30551,0.710503,0.701038,0.695214,27.2415,85.8755,-357.343,47.5993,346.545,-2863.08,38.8837,308.227,2329.91,0.250183,0
A,387,.,.,.,ASP,OD2,3065,384,29,3,76.779,-20.758,83.087,1.49,2.36209,-0.669914,0.247878,-0.699837,-1.19791,1,0.317222,0.378581,18.2886,9.264,0.849228,2,2,27.2415,85.8755,-357.343,47.5993,346.545,-2863.08,38.8837,308.227,2329.91,0.258675,0
A,388,.,.,.,LYS,N,3066,385,89,11,77.699,-24.109,85.015,1.7,2.15271,-0.929808,-0.134378,0.342635,2.9629,1,0.218565,0.36772,18.0496,10.0405,0.758055,0.660996,2,29.2596,90.6718,-456.9,47.5993,346.545,-2863.08,38.8837,308.227,2329.91,0.239844,0
A,388,.,.,.,LYS,CA,3067,385,84,11,78.221,-25.264,84.253,1.9,1.05677,0.793148,-0.600494,0.101601,0.678304,1,0.33997,0.36772,19.4708,12.7264,0.631746,0.620135,0.459563,29.2596,90.6718,-456.9,47.5993,346.545,-2863.08,38.8837,308.227,2329.91,0.255265,0
A,388,.,.,.,LYS,C,3068,385,83,11,78.296,-25.018,82.741,1.75,0.951276,-0.318302,-0.812543,-0.488322,1.61897,1,0.0993014,0.36772,11.8263,8.80359,0.482543,0.470149,0.373891,29.2596,90.6718,-456.9,47.5993,346.545,-2863.08,38.8837,308.227,2329.91,0.24875,0
A,388,.,.,.,LYS,O,3069,385,91,11,79.279,-25.393,82.092,1.49,4.05304,0.18347,-0.980125,0.0754524,0.740045,1,0.132666,0.36772,19.0286,9.24114,0.614206,0.6076,0.459563,29.2596,90.6718,-456.9,47.5993,346.545,-2863.08,38.8837,308.227,2329.91,0.222779,0
A,388,.,.,.,LYS,CB,3070,385,85,11,77.432,-26.531,84.591,1.91,24.9634,-0.464969,-0.597918,-0.652914,-2.76347,1,0.0828235,0.36772,46.6601,16.6125,0.40651,0.403446,0.388022,29.2596,90.6718,-456.9,47.5993,346.545,-2863.08,38.8837,308.227,2329.91,0.201407,0
A,388,.,.,.,LYS,CG,3071,385,88,11,77.612,-26.96,86.046,1.92,13.1998,0.928379,-0.316714,0.194432,-2.68837,1,0.32596,0.36772,39.9498,16.6626,0.500945,0.495665,0.475467,29.2596,90.6718,-456.9,47.5993,346.545,-2863.08,38.8837,308.227,2329.91,0.191744,0
A,388,.,.,.,LYS,CD,3072,385,86,11,76.732,-28.14,86.444,1.92,33.5758,-0.490209,-0.645212,-0.586,-18.1753,1,0.953191,0.36772,53.8439,17.3368,0.108661,0.107944,0.103085,29.2596,90.6718,-456.9,47.5993,346.545,-2863.08,38.8837,308.227,2329.91,0.164034,0
A,388,.,.,.,LYS,CE,3073,385,87,11,76.782,-28.318,87.958,1.88,33.0535,0.489954,0.274519,0.827396,-22.2497,1,0.168539,0.36772,57.0477,17.2122,0.186037,0.18521,0.180787,29.2596,90.6718,-456.9,47.5993,346.545,-2863.08,38.8837,308.227,2329.91,0.169768,0
A,388,.,.,.,LYS,NZ,3074,385,90,11,75.9,-29.402,88.447,1.67,59.3871,-0.541711,-0.693082,0.475591,-50.0435,1,0.988467,0.36772,68.9021,14.4577,0.102938,0.102853,0.102308,29.2596,90.6718,-456.9,47.5993,346.545,-2863.08,38.8837,308.227,2329.91,0.15012,0
A,389,.,.,.,ALA,N,3075,386,3,0,77.286,-24.36,82.187,1.7,3.49502,-0.862989,-0.489423,0.125363,5.24267,1,0.151602,0.147888,18.6707,9.98642,0.504446,0.502548,0.499918,29.1451,90.6532,-397.543,47.5993,346.545,-2863.08,38.8837,308.227,2329.91,0.241145,0
A,389,.,.,.,ALA,CA,3076,386,1,0,77.295,-24.014,80.763,1.9,7.84269,-0.222371,-0.865226,-0.449372,6.01749,1,0.0377245,0.147888,25.2239,12.868,0.548572,0.542671,0.536815,29.1451,90.6532,-397.543,47.5993,346.545,-2863.08,38.8837,308.227,2329.91,0.219434,0
A,389,.,.,.,ALA,C,3077,386,0,0,78.471,-23.092,80.393,1.75,0.499048,-0.329464,0.69737,-0.636497,0.985011,1,0.148033,0.147888,11.5475,8.81369,0.839159,0.898628,2,29.1451,90.6532,-397.543,47.5993,346.545,-2863.08,38.8837,308.227,2329.91,0.1997,0
A,389,.,.,.,ALA,O,3078,386,4,0,79.162,-23.337,79.397,1.49,0.658972,-0.532387,-0.482894,-0.695254,0.332781,1,0.173571,0.147888,15.8097,9.28534,0.764242,0.885704,2,29.1451,90.6532,-397.543,47.5993,346.545,-2863.08,38.8837,308.227,2329.91,0.143006,0
A,389,.,.,.,ALA,CB,3079,386,2,0,75.963,-23.391,80.351,1.92,60.3279,-0.856295,0.0391174,-0.515004,4.32573,1,0.22851,0.147888,87.2961,23.4334,0.57656,0.57009,0.554134,29.1451,90.6532,-397.543,47.5993,346.545,-2863.08,38.8837,308.227,2329.91,0.214207,0
A,390,.,.,.,SER,N,3080,387,119,15,78.693,-22.048,81.196,1.7,0.508238,-0.568674,0.589818,-0.573346,0.618404,1,0.0963456,0.486724,13.3003,9.91347,0.863637,0.898628,2,27.6543,94.968,-346.357,47.5993,346.545,-2863.08,38.8837,308.227,2329.91,0.241315,0
A,390,.,.,.,SER,CA,3081,387,117,15,79.807,-21.104,80.996,1.9,1.15651,-0.688851,0.287666,-0.665382,0.644721,1,0.522341,0.486724,19.959,13.09,0.863637,0.898628,2,27.6543,94.968,-346.357,47.5993,346.545,-2863.08,38.8837,308.227,2329.91,0.153128,0
A,390,.,.,.,SER,C,3082,387,116,15,81.135,-21.818,81.082,1.75,0,0,0,0,0,2,0.21648,0.486724,9.64845,8.5862,2,2,2,27.6543,94.968,-346.357,47.5993,346.545,-2863.08,38.8837,308.227,2329.91,2,0
A,390,.,.,.,SER,O,3083,387,120,15,82.044,-21.559,80.3,1.49,0,0,0,0,0,2,0.544939,0.486724,13.8977,9.16971,2,2,2,27.6543,94.968,-346.357,47.5993,346.545,-2863.08,38.8837,308.227,2329.91,2,0
A,390,.,.,.,SER,CB,3084,387,118,15,79.804,-19.993,82.078,1.91,0,0,0,0,-0,2,0.642973,0.486724,28.1975,19.3652,2,2,2,27.6543,94.968,-346.357,47.5993,346.545,-2863.08,38.8837,308.227,2329.91,2,0
A,390,.,.,.,SER,OG,3085,387,121,15,78.76,-19.079,81.861,1.54,3.97855,-0.706509,0.16379,-0.68849,-0.573835,1,0.897263,0.486724,23.549,10.2465,0.868789,2,2,27.6543,94.968,-346.357,47.5993,346.545,-2863.08,38.8837,308.227,2329.91,0.309983,1
A,391,.,.,.,GLU,N,3086,388,50,6,81.252,-22.7,82.073,1.7,0,0,0,0,0,2,0.179004,0.304547,11.0986,9.76906,2,2,2,28.9125,101.659,-456.208,47.5993,346.545,-2863.08,38.8837,308.227,2329.91,2,0
A,391,.,.,.,GLU,CA,3087,388,46,6,82.488,-23.437,82.293,1.9,0,0,0,0,0,2,0.22069,0.304547,15.9914,12.7736,2,2,2,28.9125,101.659,-456.208,47.5993,346.545,-2863.08,38.8837,308.227,2329.91,2,0
A,391,.,.,.,GLU,C,3088,388,45,6,82.807,-24.293,81.057,1.75,0,0,0,0,0,2,0.399436,0.304547,9.69487,8.65925,2,2,2,28.9125,101.659,-456.208,47.5993,346.545,-2863.08,38.8837,308.227,2329.91,2,0
A,391,.,.,.,GLU,O,3089,388,51,6,83.939,-24.267,80.543,1.49,0.0546155,0.872636,0.313295,0.374635,0.0132711,1,0.504309,0.304547,14.7933,9.25627,0.873005,2,2,28.9125,101.659,-456.208,47.5993,346.545,-2863.08,38.8837,308.227,2329.91,2,0
A,391,.,.,.,GLU,CB,3090,388,47,6,82.38,-24.297,83.546,1.91,0.79375,-0.414531,-0.84202,0.345205,-0.176851,1,0.154374,0.304547,26.6128,16.7885,0.731678,0.724121,2,28.9125,101.659,-456.208,47.5993,346.545,-2863.08,38.8837,308.227,2329.91,0.383957,0
A,391,.,.,.,GLU,CG,3091,388,49,6,83.589,-25.179,83.825,1.88,15.7787,-0.258238,-0.877421,0.404284,-6.10097,1,0.262976,0.304547,40.675,16.6922,0.746196,0.728289,2,28.9125,101.659,-456.208,47.5993,346.545,-2863.08,38.8837,308.227,2329.91,0.298962,0
A,391,.,.,.,GLU,CD,3092,388,48,6,84.794,-24.399,84.238,1.76,4.70414,0.439581,-0.185529,0.878833,-2.04095,1,0.137992,0.304547,21.7004,10.5622,0.868684,0.805697,2,28.9125,101.659,-456.208,47.5993,346.545,-2863.08,38.8837,308.227,2329.91,0.450269,0
A,391,.,.,.,GLU,OE1,3093,388,52,6,84.632,-23.258,84.727,1.49,9.57391,0.779761,0.332102,0.530736,-6.33436,1,0.133699,0.304547,27.4576,9.29998,0.937648,2,2,28.9125,101.659,-456.208,47.5993,346.545,-2863.08,38.8837,308.227,2329.91,0.483455,0
A,391,.,.,.,GLU,OE2,3094,388,52,6,85.896,-24.938,84.085,1.49,20.4113,0.853867,-0.188256,0.485253,-13.5046,1,0.748446,0.304547,38.1094,9.37452,0.839437,0.774166,2,28.9125,101.659,-456.208,47.5993,346.545,-2863.08,38.8837,308.227,2329.91,0.234712,0
A,392,.,.,.,GLU,N,3095,389,50,6,81.81,-25.034,80.573,1.7,0.337171,-0.0629428,-0.822851,0.56476,0.431967,1,0.160565,0.240832,13.0228,9.89095,0.667887,0.659923,2,30.8981,103.339,-546.668,47.5993,346.545,-2863.08,38.8837,308.227,2329.91,0.257537,0
A,392,.,.,.,GLU,CA,3096,389,46,6,81.995,-25.886,79.383,1.9,1.39883,0.14622,-0.72498,0.673071,0.859362,1,0.396085,0.240832,20.6786,12.8845,0.667229,0.659923,2,30.8981,103.339,-546.668,47.5993,346.545,-2863.08,38.8837,308.227,2329.91,0.16878,0
A,392,.,.,.,GLU,C,3097,389,45,6,82.384,-25.054,78.162,1.75,0,0,0,0,0,2,0.370664,0.240832,9.07296,8.55519,2,2,2,30.8981,103.339,-546.668,47.5993,346.545,-2863.08,38.8837,308.227,2329.91,2,0
A,392,.,.,.,GLU,O,3098,389,51,6,83.265,-25.442,77.374,1.49,0,0,0,0,0,2,0.150175,0.240832,13.421,9.19523,2,2,2,30.8981,103.339,-546.668,47.5993,346.545,-2863.08,38.8837,308.227,2329.91,2,0
A,392,.,.,.,GLU,CB,3099,389,47,6,80.706,-26.673,79.097,1.91,12.3259,-0.555779,-0.612775,0.561798,-2.74627,1,0.0256995,0.240832,37.5011,16.9219,0.357869,0.356319,0.349759,30.8981,103.339,-546.668,47.5993,346.545,-2863.08,38.8837,308.227,2329.91,0.0944443,0
A,392,.,.,.,GLU,CG,3100,389,49,6,80.873,-27.797,78.087,1.88,33.6622,-0.262098,-0.941674,0.211078,-13.0158,1,0.265273,0.240832,54.2064,16.7836,0.0765768,0.0763707,0.0754005,30.8981,103.339,-546.668,47.5993,346.545,-2863.08,38.8837,308.227,2329.91,0.0850341,0
A,392,.,.,.,GLU,CD,3101,389,48,6,80.944,-27.346,76.649,1.76,5.78178,-0.737007,-0.532609,-0.416111,-2.5085,1,0.554502,0.240832,18.967,10.4924,0.084423,0.0843652,0.084259,30.8981,103.339,-546.668,47.5993,346.545,-2863.08,38.8837,308.227,2329.91,0.0560346,0
A,392,.,.,.,GLU,OE1,3102,389,52,6,80.261,-26.365,76.278,1.49,21.4139,-0.799401,0.0826392,-0.595087,-14.168,1,0.15935,0.240832,35.959,9.38459,0.147059,0.146976,0.146938,30.8981,103.339,-546.668,47.5993,346.545,-2863.08,38.8837,308.227,2329.91,0.063206,0
A,392,.,.,.,GLU,OE2,3103,389,52,6,81.68,-28.002,75.885,1.49,29.6484,0.173532,-0.819737,-0.545819,-19.6162,1,0.0851737,0.240832,41.4573,9.42692,0.0748611,0.0748466,0.0747597,30.8981,103.339,-546.668,47.5993,346.545,-2863.08,38.8837,308.227,2329.91,0.0585485,0
A,393,.,.,.,THR,N,3104,390,126,16,81.718,-23.912,78.004,1.7,0,0,0,0,0,2,0.232332,0.404447,11.2231,9.69209,2,2,2,30.0535,107.26,-435.491,47.5993,346.545,-2863.08,38.8837,308.227,2329.91,2,0
A,393,.,.,.,THR,CA,3105,390,123,16,81.978,-23.028,76.878,1.9,0.210479,-0.453335,-0.29689,-0.840443,0.205203,1,0.300394,0.404447,16.2774,12.0555,0.501296,0.500232,0.500232,30.0535,107.26,-435.491,47.5993,346.545,-2863.08,38.8837,308.227,2329.91,2,0
A,393,.,.,.,THR,C,3106,390,122,16,83.417,-22.527,76.918,1.75,0,0,0,0,0,2,0.260133,0.404447,9.223,8.40615,2,2,2,30.0535,107.26,-435.491,47.5993,346.545,-2863.08,38.8837,308.227,2329.91,2,0
A,393,.,.,.,THR,O,3107,390,127,16,84.113,-22.559,75.903,1.49,0,0,0,0,0,2,0.0772902,0.404447,12.2166,9.14191,2,2,2,30.0535,107.26,-435.491,47.5993,346.545,-2863.08,38.8837,308.227,2329.91,2,0
A,393,.,.,.,THR,CB,3108,390,124,16,80.971,-21.861,76.839,2.01,0.107971,-0.267989,-0.454403,-0.849529,0.00487375,1,0.661216,0.404447,23.9325,16.9522,0.556511,0.553029,0.53797,30.0535,107.26,-435.491,47.5993,346.545,-2863.08,38.8837,308.227,2329.91,0.102493,0
A,393,.,.,.,THR,OG1,3109,390,128,16,79.673,-22.392,76.554,1.54,24.2787,-0.878869,-0.0143473,-0.476847,-1.44874,1,0.584163,0.404447,38.3694,9.65257,0.499986,0.499111,0.494654,30.0535,107.26,-435.491,47.5993,346.545,-2863.08,38.8837,308.227,2329.91,0.134001,0
A,393,.,.,.,THR,CG2,3110,390,125,16,81.338,-20.841,75.765,1.92,12.6296,-0.694339,0.000184596,-0.719648,-2.08428,1,0.715597,0.404447,47.2626,21.9769,0.503844,0.502666,0.500953,30.0535,107.26,-435.491,47.5993,346.545,-2863.08,38.8837,308.227,2329.91,0.101118,0
A,394,.,.,.,LEU,N,3111,391,81,10,83.871,-22.092,78.09,1.7,0,0,0,0,0,2,0.31483,0.18592,11.484,9.79405,2,2,2,29.6061,111.041,-425.399,47.5993,346.545,-2863.08,38.8837,308.227,2329.91,2,0
A,394,.,.,.,LEU,CA,3112,391,76,10,85.241,-21.613,78.206,1.9,0,0,0,0,0,2,0.11826,0.18592,15.873,12.3372,2,2,2,29.6061,111.041,-425.399,47.5993,346.545,-2863.08,38.8837,308.227,2329.91,2,0
A,394,.,.,.,LEU,C,3113,391,75,10,86.254,-22.731,77.961,1.75,1.09667,0.752942,0.0612491,0.65523,2.3363,1,0.0666315,0.18592,11.6175,8.6692,0.876612,0.876249,2,29.6061,111.041,-425.399,47.5993,346.545,-2863.08,38.8837,308.227,2329.91,0.297344,0
A,394,.,.,.,LEU,O,3114,391,82,10,87.238,-22.51,77.272,1.49,5.90418,0.720463,0.555188,0.41557,4.52798,1,0.0253966,0.18592,24.8052,9.22348,0.877494,0.890464,2,29.6061,111.041,-425.399,47.5993,346.545,-2863.08,38.8837,308.227,2329.91,0.18938,0
A,394,.,.,.,LEU,CB,3115,391,77,10,85.483,-20.881,79.532,1.91,12.8866,0.845358,-0.150158,0.512661,13.1203,1,0.125919,0.18592,36.6082,15.809,0.875786,0.890464,2,29.6061,111.041,-425.399,47.5993,346.545,-2863.08,38.8837,308.227,2329.91,0.506202,0
A,394,.,.,.,LEU,CG,3116,391,80,10,84.851,-19.483,79.551,2.01,0,0,0,0,0,2,0.403321,0.18592,20.585,14.0505,2,2,2,29.6061,111.041,-425.399,47.5993,346.545,-2863.08,38.8837,308.227,2329.91,2,0
A,394,.,.,.,LEU,CD1,3117,391,78,10,84.976,-18.871,80.936,1.92,2.53575,0.893115,-0.355088,0.276148,1.72679,1,0.223633,0.18592,41.3736,22.0986,0.863041,0.876249,2,29.6061,111.041,-425.399,47.5993,346.545,-2863.08,38.8837,308.227,2329.91,0.476843,0
A,394,.,.,.,LEU,CD2,3118,391,79,10,85.487,-18.576,78.518,1.92,12.7297,0.929766,0.136764,-0.341806,6.75242,1,0.20937,0.18592,52.9613,21.9975,0.864492,0.890464,2,29.6061,111.041,-425.399,47.5993,346.545,-2863.08,38.8837,308.227,2329.91,0.429782,0
A,395,.,.,.,GLN,N,3119,392,41,5,86.001,-23.926,78.485,1.7,0.910684,0.551183,0.230825,0.801821,1.34665,1,0.242075,0.20796,13.7338,9.92388,0.87737,0.803271,2,31.8721,113.964,-541.312,47.5993,346.545,-2863.08,38.8837,308.227,2329.91,0.24975,0
A,395,.,.,.,GLN,CA,3120,392,37,5,86.832,-25.092,78.151,1.9,8.50858,0.91652,0.135798,0.376231,6.47755,1,0.0262704,0.20796,25.7005,12.9716,0.408643,0.400854,0.396675,31.8721,113.964,-541.312,47.5993,346.545,-2863.08,38.8837,308.227,2329.91,0.137715,0
A,395,.,.,.,GLN,C,3121,392,36,5,86.89,-25.323,76.63,1.75,0.452813,-0.0436452,-0.983296,-0.176706,0.805025,1,0.0039098,0.20796,11.0935,8.73717,0.0374391,0.0371265,0.0346039,31.8721,113.964,-541.312,47.5993,346.545,-2863.08,38.8837,308.227,2329.91,0.0986077,0
A,395,.,.,.,GLN,O,3122,392,43,5,87.95,-25.645,76.086,1.49,17.4573,0.595826,-0.800529,-0.0643789,5.49646,1,0.00199731,0.20796,32.1236,9.36449,0.0406493,0.0405346,0.039273,31.8721,113.964,-541.312,47.5993,346.545,-2863.08,38.8837,308.227,2329.91,0.09869,0
A,395,.,.,.,GLN,CB,3123,392,38,5,86.311,-26.367,78.836,1.91,11.6513,0.34504,-0.816893,-0.462205,-0.351651,1,0.133024,0.20796,36.9939,17.4429,0.0738407,0.0725512,0.0707107,31.8721,113.964,-541.312,47.5993,346.545,-2863.08,38.8837,308.227,2329.91,0.119503,0
A,395,.,.,.,GLN,CG,3124,392,40,5,86.602,-26.436,80.332,1.8,16.2964,0.941554,0.161912,0.295398,-3.76307,1,0.530599,0.20796,36.0136,13.9133,0.166354,0.163293,0.160052,31.8721,113.964,-541.312,47.5993,346.545,-2863.08,38.8837,308.227,2329.91,0.190236,0
A,395,.,.,.,GLN,CD,3125,392,39,5,86.027,-27.68,81.013,1.81,6.82706,0.853776,-0.483556,0.192977,-1.97424,1,0.185912,0.20796,24.1856,11.9372,0.0673507,0.0672358,0.063986,31.8721,113.964,-541.312,47.5993,346.545,-2863.08,38.8837,308.227,2329.91,0.174796,0
A,395,.,.,.,GLN,OE1,3126,392,44,5,85.78,-28.71,80.375,1.52,36.7035,-0.0623175,-0.974601,-0.215104,-18.7178,1,0.264732,0.20796,46.7235,9.65442,0.0540368,0.0539476,0.0524714,31.8721,113.964,-541.312,47.5993,346.545,-2863.08,38.8837,308.227,2329.91,0.153263,0
A,395,.,.,.,GLN,NE2,3127,392,42,5,85.821,-27.588,82.327,1.62,28.3222,0.135535,-0.671124,0.728851,-15.1681,1,0.483124,0.20796,45.3915,12.8718,0.245077,0.244476,0.234076,31.8721,113.964,-541.312,47.5993,346.545,-2863.08,38.8837,308.227,2329.91,0.199965,0
A,396,.,.,.,SER,N,3128,393,119,15,85.749,-25.159,75.956,1.7,0.0282204,-0.352133,-0.922271,0.159433,0.0343374,1,0.0687542,0.136243,11.5582,9.75736,0.0179443,0.017628,0.015817,33.0158,115.471,-566.95,47.5993,346.545,-2863.08,38.8837,308.227,2329.91,0.057673,0
A,396,.,.,.,SER,CA,3129,393,117,15,85.628,-25.491,74.518,1.9,10.8436,0.300898,-0.943235,-0.140596,6.045,1,0.148009,0.136243,26.9821,13.0677,0.0104477,0.0103132,0.00982994,33.0158,115.471,-566.95,47.5993,346.545,-2863.08,38.8837,308.227,2329.91,0.0692758,0
A,396,.,.,.,SER,C,3130,393,116,15,86.335,-24.493,73.595,1.75,0.15396,0.735654,-0.672728,-0.0790564,0.267347,1,0.0122006,0.136243,11.5481,8.84496,0.0237004,0.0236019,0.0216485,33.0158,115.471,-566.95,47.5993,346.545,-2863.08,38.8837,308.227,2329.91,0.0712484,0
A,396,.,.,.,SER,O,3131,393,120,15,86.564,-24.783,72.409,1.49,31.735,0.136693,-0.382965,-0.913593,9.55711,1,0.00619687,0.136243,42.7566,9.39082,0.0423441,0.0422835,0.0409615,33.0158,115.471,-566.95,47.5993,346.545,-2863.08,38.8837,308.227,2329.91,0.0607497,0
A,396,.,.,.,SER,CB,3132,393,118,15,84.153,-25.654,74.125,1.91,22.8314,-0.275568,-0.654295,-0.704244,-5.92716,1,0.219796,0.136243,50.8822,19.4611,0.0823884,0.0823307,0.0819657,33.0158,115.471,-566.95,47.5993,346.545,-2863.08,38.8837,308.227,2329.91,0.0512893,0
A,396,.,.,.,SER,OG,3133,393,121,15,83.515,-24.393,73.948,1.54,13.6673,-0.649855,0.167773,-0.74131,-1.97126,1,0.362504,0.136243,30.4639,10.2509,0.151386,0.151346,0.151118,33.0158,115.471,-566.95,47.5993,346.545,-2863.08,38.8837,308.227,2329.91,0.0655677,0
A,397,.,.,.,MET,N,3134,394,97,12,86.703,-23.33,74.136,1.7,0,0,0,0,0,2,0.0886867,0.145331,11.1386,9.73737,2,2,2,32.3785,122.334,-486.831,47.5993,346.545,-2863.08,38.8837,308.227,2329.91,2,0
A,397,.,.,.,MET,CA,3135,394,93,12,87.456,-22.319,73.371,1.9,6.08613,0.0802762,0.0475429,-0.995638,7.95622,1,0.00684684,0.145331,22.5635,12.7883,0.574442,0.56686,0.523571,32.3785,122.334,-486.831,47.5993,346.545,-2863.08,38.8837,308.227,2329.91,0.0773022,0
A,397,.,.,.,MET,C,3136,394,92,12,88.978,-22.379,73.561,1.75,1.16591,0.074054,-0.285417,-0.955538,2.30649,1,0.00751524,0.145331,13.6507,8.84708,0.614426,0.603087,0.550555,32.3785,122.334,-486.831,47.5993,346.545,-2863.08,38.8837,308.227,2329.91,0.0727226,0
A,397,.,.,.,MET,O,3137,394,98,12,89.698,-21.488,73.082,1.49,10.4092,0.105843,0.33921,-0.934737,7.58473,1,0.0190485,0.145331,30.5195,9.30588,0.61466,0.603087,0.550555,32.3785,122.334,-486.831,47.5993,346.545,-2863.08,38.8837,308.227,2329.91,0.0885584,0
A,397,.,.,.,MET,CB,3138,394,94,12,86.934,-20.928,73.726,1.91,6.56543,0.668983,0.659783,0.34227,4.21668,1,0.0842414,0.145331,34.8784,16.5306,0.685285,0.659195,2,32.3785,122.334,-486.831,47.5993,346.545,-2863.08,38.8837,308.227,2329.91,0.112581,0
A,397,.,.,.,MET,CG,3139,394,96,12,85.519,-20.743,73.237,1.92,13.9894,-0.0993264,-0.0934614,-0.990656,7.84439,1,0.104676,0.145331,38.7018,17.496,0.478222,0.475325,0.459008,32.3785,122.334,-486.831,47.5993,346.545,-2863.08,38.8837,308.227,2329.91,0.07854,0
A,397,.,.,.,MET,SD,3140,394,99,12,84.729,-19.296,73.916,1.94,0.248962,0.678717,0.502641,-0.535439,0.135062,1,0.349992,0.145331,34.6891,21.2211,0.533239,0.489629,0.492591,32.3785,122.334,-486.831,47.5993,346.545,-2863.08,38.8837,308.227,2329.91,2,0
A,397,.,.,.,MET,CE,3141,394,95,12,83.087,-19.576,73.258,1.8,22.162,-0.433347,-0.2442,-0.867512,6.16974,1,0.501638,0.145331,49.3361,19.1656,0.483378,0.482664,0.481583,32.3785,122.334,-486.831,47.5993,346.545,-2863.08,38.8837,308.227,2329.91,0.0861203,0
A,398,.,.,.,ARG,N,3142,395,11,1,89.453,-23.425,74.242,1.7,0.376965,-0.092241,-0.938625,-0.332379,0.588831,1,0.00449816,0.0180853,15.3593,9.97733,0.588061,0.565617,2,33.8451,122.385,-495.198,47.5993,346.545,-2863.08,38.8837,308.227,2329.91,2,0
A,398,.,.,.,ARG,CA,3143,395,6,1,90.88,-23.654,74.492,1.9,10.419,0.304249,-0.823127,0.479474,8.922,1,0.0117583,0.0180853,28.8633,13.2163,0.0937785,0.0936638,0.0932094,33.8451,122.385,-495.198,47.5993,346.545,-2863.08,38.8837,308.227,2329.91,0.0812704,0
A,398,.,.,.,ARG,C,3144,395,5,1,91.518,-22.498,75.264,1.75,17.2315,0.909594,0.378352,0.171722,31.786,1,0.0613593,0.0180853,38.7074,13.524,0.153844,0.153394,0.152314,33.8451,122.385,-495.198,47.5993,346.545,-2863.08,38.8837,308.227,2329.91,0.0863791,0
A,398,.,.,.,ARG,O,3145,395,14,1,91.353,-22.385,76.481,1.49,38.0318,0.281611,0.226134,0.932501,14.3223,1,0.00977311,0.0180853,48.1414,9.4515,0.262412,0.261259,0.259546,33.8451,122.385,-495.198,47.5993,346.545,-2863.08,38.8837,308.227,2329.91,0.0991711,0
A,398,.,.,.,ARG,CB,3146,395,7,1,91.632,-23.897,73.177,1.91,62.6324,0.56684,-0.493776,-0.659453,7.20059,1,0.00303751,0.0180853,87.3229,22.9589,0.0648156,0.0647766,0.0638389,33.8451,122.385,-495.198,47.5993,346.545,-2863.08,38.8837,308.227,2329.91,0.0730143,0
