=== PACK on NVIDIA H100 (95830 MiB, 48 cores): profile=h100, 4 concurrent slot(s), cap=4, per-run=16384 MiB, min-free=15000 MiB ===




number of parameters : 1296796
number of parameters : 1296796
number of parameters : 1296796
number of parameters : 1296796
train : (1112, 12)
valid : (200, 12)
test : (200, 12)
class weights : [1.0, 1.0]
balanced batches : 70 per epoch covering all 1112 train rows, target 8 positive + 8 unlabeled
train : (1112, 12)
valid : (200, 12)
test : (200, 12)
class weights : [1.0, 1.0]
balanced batches : 70 per epoch covering all 1112 train rows, target 8 positive + 8 unlabeled
train : (1332, 12)
valid : (90, 12)
test : (90, 12)
train : (1112, 12)
valid : (200, 12)
test : (200, 12)
class weights : [1.0, 1.0]
balanced batches : 84 per epoch covering all 1332 train rows, target 8 positive + 8 unlabeled
class weights : [1.0, 1.0]
balanced batches : 70 per epoch covering all 1112 train rows, target 8 positive + 8 unlabeled
cache warmed : 35 proteins, 409 lipid encodings, 0 lipid graphs, 131 MiB
data extracted
EPOCH 1:
cache warmed : 35 proteins, 409 lipid encodings, 0 lipid graphs, 131 MiB
data extracted
EPOCH 1:
cache warmed : 35 proteins, 409 lipid encodings, 0 lipid graphs, 131 MiB
data extracted
EPOCH 1:
cache warmed : 35 proteins, 409 lipid encodings, 0 lipid graphs, 131 MiB
data extracted
EPOCH 1:
VALIDATION
VALIDATION
VALIDATION
valid epoch balanced_accuracy: 0.484336
valid epoch balanced_accuracy: 0.481534
EPOCH 2:
EPOCH 2:
valid epoch balanced_accuracy: 0.454182
EPOCH 2:
VALIDATION
valid epoch balanced_accuracy: 0.475867
EPOCH 2:
VALIDATION
VALIDATION
VALIDATION
valid epoch balanced_accuracy: 0.477980
EPOCH 3:
valid epoch balanced_accuracy: 0.470494
EPOCH 3:
valid epoch balanced_accuracy: 0.443177
EPOCH 3:
VALIDATION
valid epoch balanced_accuracy: 0.561086
EPOCH 3:
VALIDATION
VALIDATION
VALIDATION
valid epoch balanced_accuracy: 0.501051
EPOCH 4:
valid epoch balanced_accuracy: 0.464572
EPOCH 4:
valid epoch balanced_accuracy: 0.500000
EPOCH 4:
VALIDATION
valid epoch balanced_accuracy: 0.587481
EPOCH 4:
VALIDATION
VALIDATION
VALIDATION
valid epoch balanced_accuracy: 0.547192
EPOCH 5:
valid epoch balanced_accuracy: 0.514352
EPOCH 5:
valid epoch balanced_accuracy: 0.468287
EPOCH 5:
VALIDATION
valid epoch balanced_accuracy: 0.575415
EPOCH 5:
VALIDATION
VALIDATION
VALIDATION
valid epoch balanced_accuracy: 0.525623
EPOCH 6:
valid epoch balanced_accuracy: 0.495383
EPOCH 6:
valid epoch balanced_accuracy: 0.488996
EPOCH 6:
VALIDATION
valid epoch balanced_accuracy: 0.570890
EPOCH 6:
VALIDATION
VALIDATION
VALIDATION
valid epoch balanced_accuracy: 0.507407
EPOCH 7:
valid epoch balanced_accuracy: 0.481734
EPOCH 7:
valid epoch balanced_accuracy: 0.426971
EPOCH 7:
VALIDATION
valid epoch balanced_accuracy: 0.563348
EPOCH 7:
VALIDATION
VALIDATION
VALIDATION
valid epoch balanced_accuracy: 0.554399
EPOCH 8:
valid epoch balanced_accuracy: 0.501204
EPOCH 8:
valid epoch balanced_accuracy: 0.416967
EPOCH 8:
VALIDATION
VALIDATION
valid epoch balanced_accuracy: 0.566365
EPOCH 8:
VALIDATION
VALIDATION
valid epoch balanced_accuracy: 0.525323
EPOCH 9:
valid epoch balanced_accuracy: 0.498193
EPOCH 9:
valid epoch balanced_accuracy: 0.450580
EPOCH 9:
VALIDATION
VALIDATION
VALIDATION
VALIDATION
valid epoch balanced_accuracy: 0.507126
EPOCH 10:
valid epoch balanced_accuracy: 0.517416
EPOCH 10:
valid epoch balanced_accuracy: 0.571644
EPOCH 9:
valid epoch balanced_accuracy: 0.507503
EPOCH 10:
VALIDATION
VALIDATION
VALIDATION
valid epoch balanced_accuracy: 0.530177
EPOCH 11:
valid epoch balanced_accuracy: 0.507828
EPOCH 11:
VALIDATION
valid epoch balanced_accuracy: 0.527811
EPOCH 11:
valid epoch balanced_accuracy: 0.519608
EPOCH 10:
VALIDATION
VALIDATION
VALIDATION
valid epoch balanced_accuracy: 0.520769
EPOCH 12:
valid epoch balanced_accuracy: 0.480329
EPOCH 12:
valid epoch balanced_accuracy: 0.526411
EPOCH 12:
VALIDATION
valid epoch balanced_accuracy: 0.496229
EPOCH 11:
VALIDATION
VALIDATION
VALIDATION
valid epoch balanced_accuracy: 0.532830
EPOCH 13:
valid epoch balanced_accuracy: 0.542754
EPOCH 13:
valid epoch balanced_accuracy: 0.588836
EPOCH 13:
VALIDATION
valid epoch balanced_accuracy: 0.481900
EPOCH 12:
VALIDATION
VALIDATION
VALIDATION
valid epoch balanced_accuracy: 0.506456
EPOCH 14:
valid epoch balanced_accuracy: 0.519069
EPOCH 14:
valid epoch balanced_accuracy: 0.611445
EPOCH 14:
VALIDATION
valid epoch balanced_accuracy: 0.516591
EPOCH 13:
VALIDATION
VALIDATION
VALIDATION
valid epoch balanced_accuracy: 0.587829
EPOCH 15:
valid epoch balanced_accuracy: 0.576475
EPOCH 15:
valid epoch balanced_accuracy: 0.537315
EPOCH 15:
VALIDATION
valid epoch balanced_accuracy: 0.521870
EPOCH 14:
VALIDATION
VALIDATION
valid epoch balanced_accuracy: 0.525623
EPOCH 16:
VALIDATION
valid epoch balanced_accuracy: 0.509936
EPOCH 16:
valid epoch balanced_accuracy: 0.522409
EPOCH 16:
VALIDATION
valid epoch balanced_accuracy: 0.556561
EPOCH 15:
VALIDATION
VALIDATION
VALIDATION
valid epoch balanced_accuracy: 0.562606
EPOCH 17:
valid epoch balanced_accuracy: 0.515556
EPOCH 17:
valid epoch balanced_accuracy: 0.470788
EPOCH 17:
VALIDATION
valid epoch balanced_accuracy: 0.533183
EPOCH 16:
VALIDATION
VALIDATION
VALIDATION
valid epoch balanced_accuracy: 0.561405
EPOCH 18:
valid epoch balanced_accuracy: 0.479225
EPOCH 18:
valid epoch balanced_accuracy: 0.565726
EPOCH 18:
VALIDATION
VALIDATION
VALIDATION
valid epoch balanced_accuracy: 0.509804
EPOCH 17:
VALIDATION
valid epoch balanced_accuracy: 0.551396
EPOCH 19:
valid epoch balanced_accuracy: 0.559213
EPOCH 19:
valid epoch balanced_accuracy: 0.586335
EPOCH 19:
VALIDATION
VALIDATION
VALIDATION
VALIDATION
valid epoch balanced_accuracy: 0.587479
EPOCH 20:
valid epoch balanced_accuracy: 0.561722
EPOCH 20:
valid epoch balanced_accuracy: 0.526395
EPOCH 18:
valid epoch balanced_accuracy: 0.458283
EPOCH 20:
VALIDATION
VALIDATION
VALIDATION
valid epoch balanced_accuracy: 0.645431
valid epoch balanced_accuracy: 0.600863
EPOCH 21:
EPOCH 21:
valid epoch balanced_accuracy: 0.628351
EPOCH 21:
VALIDATION
valid epoch balanced_accuracy: 0.434389
EPOCH 19:
VALIDATION
VALIDATION
VALIDATION
valid epoch balanced_accuracy: 0.585677
EPOCH 22:
valid epoch balanced_accuracy: 0.534625
EPOCH 22:
valid epoch balanced_accuracy: 0.561124
EPOCH 22:
VALIDATION
valid epoch balanced_accuracy: 0.500754
EPOCH 20:
VALIDATION
VALIDATION
VALIDATION
valid epoch balanced_accuracy: 0.619357
EPOCH 23:
valid epoch balanced_accuracy: 0.462985
EPOCH 23:
valid epoch balanced_accuracy: 0.556102
EPOCH 23:
VALIDATION
valid epoch balanced_accuracy: 0.501508
EPOCH 21:
VALIDATION
VALIDATION
VALIDATION
valid epoch balanced_accuracy: 0.581123
EPOCH 24:
valid epoch balanced_accuracy: 0.515706
EPOCH 24:
valid epoch balanced_accuracy: 0.593436
EPOCH 24:
VALIDATION
valid epoch balanced_accuracy: 0.452489
EPOCH 22:
VALIDATION
VALIDATION
VALIDATION
valid epoch balanced_accuracy: 0.590131
EPOCH 25:
valid epoch balanced_accuracy: 0.527511
EPOCH 25:
valid epoch balanced_accuracy: 0.548073
EPOCH 25:
VALIDATION
valid epoch balanced_accuracy: 0.500754
EPOCH 23:
VALIDATION
VALIDATION
VALIDATION
valid epoch balanced_accuracy: 0.628766
EPOCH 26:
valid epoch balanced_accuracy: 0.425170
EPOCH 26:
valid epoch balanced_accuracy: 0.549478
EPOCH 26:
VALIDATION
valid epoch balanced_accuracy: 0.500754
EPOCH 24:
VALIDATION
VALIDATION
VALIDATION
valid epoch balanced_accuracy: 0.629667
EPOCH 27:
valid epoch balanced_accuracy: 0.463986
EPOCH 27:
valid epoch balanced_accuracy: 0.561421
EPOCH 27:
VALIDATION
valid epoch balanced_accuracy: 0.420814
EPOCH 25:
VALIDATION
VALIDATION
VALIDATION
valid epoch balanced_accuracy: 0.686418
EPOCH 28:
valid epoch balanced_accuracy: 0.564826
EPOCH 28:
valid epoch balanced_accuracy: 0.553693
EPOCH 28:
VALIDATION
VALIDATION
VALIDATION
VALIDATION
valid epoch balanced_accuracy: 0.468326
EPOCH 26:
valid epoch balanced_accuracy: 0.547743
EPOCH 29:
valid epoch balanced_accuracy: 0.542617
EPOCH 29:
valid epoch balanced_accuracy: 0.559113
EPOCH 29:
VALIDATION
VALIDATION
VALIDATION
valid epoch balanced_accuracy: 0.634221
EPOCH 30:
valid epoch balanced_accuracy: 0.585834
EPOCH 30:
VALIDATION
valid epoch balanced_accuracy: 0.548776
EPOCH 30:
valid epoch balanced_accuracy: 0.420060
EPOCH 27:
VALIDATION
VALIDATION
VALIDATION
valid epoch balanced_accuracy: 0.697628
EPOCH 31:
valid epoch balanced_accuracy: 0.584634
EPOCH 31:
valid epoch balanced_accuracy: 0.538840
EPOCH 31:
VALIDATION
valid epoch balanced_accuracy: 0.491704
EPOCH 28:
VALIDATION
VALIDATION
VALIDATION
valid epoch balanced_accuracy: 0.585377
EPOCH 32:
valid epoch balanced_accuracy: 0.512005
EPOCH 32:
valid epoch balanced_accuracy: 0.567342
EPOCH 32:
VALIDATION
valid epoch balanced_accuracy: 0.513575
EPOCH 29:
VALIDATION
VALIDATION
VALIDATION
valid epoch balanced_accuracy: 0.619608
EPOCH 33:
valid epoch balanced_accuracy: 0.596739
EPOCH 33:
valid epoch balanced_accuracy: 0.577981
EPOCH 33:
VALIDATION
valid epoch balanced_accuracy: 0.463047
EPOCH 30:
VALIDATION
VALIDATION
VALIDATION
valid epoch balanced_accuracy: 0.592934
EPOCH 34:
valid epoch balanced_accuracy: 0.584434
EPOCH 34:
valid epoch balanced_accuracy: 0.585006
EPOCH 34:
VALIDATION
valid epoch balanced_accuracy: 0.478884
EPOCH 31:
VALIDATION
VALIDATION
VALIDATION
valid epoch balanced_accuracy: 0.640276
EPOCH 35:
valid epoch balanced_accuracy: 0.522309
EPOCH 35:
valid epoch balanced_accuracy: 0.606985
EPOCH 35:
VALIDATION
valid epoch balanced_accuracy: 0.457014
EPOCH 32:
VALIDATION
VALIDATION
VALIDATION
valid epoch balanced_accuracy: 0.610850
EPOCH 36:
valid epoch balanced_accuracy: 0.517107
EPOCH 36:
valid epoch balanced_accuracy: 0.557206
EPOCH 36:
VALIDATION
valid epoch balanced_accuracy: 0.494721
EPOCH 33:
VALIDATION
VALIDATION
VALIDATION
valid epoch balanced_accuracy: 0.654839
EPOCH 37:
valid epoch balanced_accuracy: 0.474590
EPOCH 37:
valid epoch balanced_accuracy: 0.550080
EPOCH 37:
VALIDATION
VALIDATION
valid epoch balanced_accuracy: 0.505279
EPOCH 34:
VALIDATION
valid epoch balanced_accuracy: 0.678811
VALIDATION
EPOCH 38:
valid epoch balanced_accuracy: 0.618347
EPOCH 38:
valid epoch balanced_accuracy: 0.520474
EPOCH 38:
VALIDATION
VALIDATION
VALIDATION
valid epoch balanced_accuracy: 0.626013
EPOCH 39:
VALIDATION
valid epoch balanced_accuracy: 0.663065
valid epoch balanced_accuracy: 0.497738
EPOCH 39:
EPOCH 35:
valid epoch balanced_accuracy: 0.573766
EPOCH 39:
VALIDATION
VALIDATION
VALIDATION
valid epoch balanced_accuracy: 0.656941
EPOCH 40:
valid epoch balanced_accuracy: 0.653061
EPOCH 40:
valid epoch balanced_accuracy: 0.588519
EPOCH 40:
VALIDATION
valid epoch balanced_accuracy: 0.486425
EPOCH 36:
VALIDATION
VALIDATION
VALIDATION
valid epoch balanced_accuracy: 0.568962
EPOCH 41:
valid epoch balanced_accuracy: 0.620534
valid epoch balanced_accuracy: 0.474390
EPOCH 41:
EPOCH 41:
VALIDATION
valid epoch balanced_accuracy: 0.547511
EPOCH 37:
VALIDATION
valid epoch balanced_accuracy: 0.653338
EPOCH 42:
VALIDATION
VALIDATION
valid epoch balanced_accuracy: 0.538840
EPOCH 42:
valid epoch balanced_accuracy: 0.652261
EPOCH 42:
VALIDATION
valid epoch balanced_accuracy: 0.537707
EPOCH 38:
VALIDATION
valid epoch balanced_accuracy: 0.639375
EPOCH 43:
VALIDATION
VALIDATION
valid epoch balanced_accuracy: 0.606383
EPOCH 43:
valid epoch balanced_accuracy: 0.653061
EPOCH 43:
VALIDATION
valid epoch balanced_accuracy: 0.478884
EPOCH 39:
VALIDATION
valid epoch balanced_accuracy: 0.621159
EPOCH 44:
VALIDATION
VALIDATION
valid epoch balanced_accuracy: 0.538238
EPOCH 44:
valid epoch balanced_accuracy: 0.603041
EPOCH 44:
VALIDATION
valid epoch balanced_accuracy: 0.557315
EPOCH 40:
VALIDATION
valid epoch balanced_accuracy: 0.656040
EPOCH 45:
VALIDATION
VALIDATION
valid epoch balanced_accuracy: 0.568446
EPOCH 45:
valid epoch balanced_accuracy: 0.605242
EPOCH 45:
VALIDATION
valid epoch balanced_accuracy: 0.530166
EPOCH 41:
VALIDATION
valid epoch balanced_accuracy: 0.674257
EPOCH 46:
VALIDATION
VALIDATION
valid epoch balanced_accuracy: 0.600963
EPOCH 46:
valid epoch balanced_accuracy: 0.623649
EPOCH 46:
VALIDATION
valid epoch balanced_accuracy: 0.511312
EPOCH 42:
VALIDATION
valid epoch balanced_accuracy: 0.530728
EPOCH 47:
VALIDATION
VALIDATION
valid epoch balanced_accuracy: 0.485648
EPOCH 47:
valid epoch balanced_accuracy: 0.657563
EPOCH 47:
VALIDATION
VALIDATION
valid epoch balanced_accuracy: 0.646632
EPOCH 48:
valid epoch balanced_accuracy: 0.511312
EPOCH 43:
VALIDATION
VALIDATION
valid epoch balanced_accuracy: 0.508631
EPOCH 48:
valid epoch balanced_accuracy: 0.578131
EPOCH 48:
VALIDATION
valid epoch balanced_accuracy: 0.617205
EPOCH 49:
VALIDATION
VALIDATION
VALIDATION
valid epoch balanced_accuracy: 0.534691
EPOCH 44:
valid epoch balanced_accuracy: 0.535227
EPOCH 49:
valid epoch balanced_accuracy: 0.603441
EPOCH 49:
VALIDATION
valid epoch balanced_accuracy: 0.646031
EPOCH 50:
VALIDATION
VALIDATION
VALIDATION
valid epoch balanced_accuracy: 0.518667
EPOCH 50:
valid epoch balanced_accuracy: 0.642857
EPOCH 50:
valid epoch balanced_accuracy: 0.523379
EPOCH 45:
VALIDATION
valid epoch balanced_accuracy: 0.621459
EPOCH 51:
VALIDATION
VALIDATION
valid epoch balanced_accuracy: 0.536532
EPOCH 51:
valid epoch balanced_accuracy: 0.575030
EPOCH 51:
VALIDATION
valid epoch balanced_accuracy: 0.533183
EPOCH 46:
VALIDATION
valid epoch balanced_accuracy: 0.555600
EPOCH 52:
VALIDATION
VALIDATION
valid epoch balanced_accuracy: 0.513950
EPOCH 52:
valid epoch balanced_accuracy: 0.647159
EPOCH 52:
VALIDATION
valid epoch balanced_accuracy: 0.511312
EPOCH 47:
VALIDATION
valid epoch balanced_accuracy: 0.612651
EPOCH 53:
VALIDATION
VALIDATION
valid epoch balanced_accuracy: 0.537033
EPOCH 53:
valid epoch balanced_accuracy: 0.598539
EPOCH 53:
VALIDATION
valid epoch balanced_accuracy: 0.483409
EPOCH 48:
VALIDATION
valid epoch balanced_accuracy: 0.659694
EPOCH 54:
VALIDATION
VALIDATION
valid epoch balanced_accuracy: 0.617021
EPOCH 54:
valid epoch balanced_accuracy: 0.613846
EPOCH 54:
VALIDATION
valid epoch balanced_accuracy: 0.568627
EPOCH 49:
VALIDATION
valid epoch balanced_accuracy: 0.584726
EPOCH 55:
VALIDATION
VALIDATION
valid epoch balanced_accuracy: 0.554295
EPOCH 55:
valid epoch balanced_accuracy: 0.615946
EPOCH 55:
VALIDATION
valid epoch balanced_accuracy: 0.508296
EPOCH 50:
VALIDATION
valid epoch balanced_accuracy: 0.591432
EPOCH 56:
VALIDATION
VALIDATION
valid epoch balanced_accuracy: 0.531112
EPOCH 56:
valid epoch balanced_accuracy: 0.682473
EPOCH 56:
VALIDATION
VALIDATION
valid epoch balanced_accuracy: 0.555053
EPOCH 51:
valid epoch balanced_accuracy: 0.627565
EPOCH 57:
VALIDATION
VALIDATION
valid epoch balanced_accuracy: 0.533521
EPOCH 57:
valid epoch balanced_accuracy: 0.652461
EPOCH 57:
VALIDATION
valid epoch balanced_accuracy: 0.634221
EPOCH 58:
VALIDATION
valid epoch balanced_accuracy: 0.574661
EPOCH 52:
VALIDATION
VALIDATION
valid epoch balanced_accuracy: 0.537033
EPOCH 58:
valid epoch balanced_accuracy: 0.607543
EPOCH 58:
VALIDATION
valid epoch balanced_accuracy: 0.611150
EPOCH 59:
VALIDATION
VALIDATION
VALIDATION
valid epoch balanced_accuracy: 0.511642
EPOCH 59:
valid epoch balanced_accuracy: 0.603318
EPOCH 53:
valid epoch balanced_accuracy: 0.652661
EPOCH 59:
VALIDATION
valid epoch balanced_accuracy: 0.549845
EPOCH 60:
VALIDATION
VALIDATION
valid epoch balanced_accuracy: 0.530008
EPOCH 60:
VALIDATION
valid epoch balanced_accuracy: 0.602441
EPOCH 60:
valid epoch balanced_accuracy: 0.515837
EPOCH 54:
VALIDATION
valid epoch balanced_accuracy: 0.543189
EPOCH 61:
VALIDATION
VALIDATION
valid epoch balanced_accuracy: 0.512746
EPOCH 61:
valid epoch balanced_accuracy: 0.599940
EPOCH 61:
VALIDATION
valid epoch balanced_accuracy: 0.522624
EPOCH 55:
VALIDATION
valid epoch balanced_accuracy: 0.554949
EPOCH 62:
VALIDATION
valid epoch balanced_accuracy: 0.596849
EPOCH 62:
VALIDATION
valid epoch balanced_accuracy: 0.649560
EPOCH 62:
VALIDATION
valid epoch balanced_accuracy: 0.555053
EPOCH 56:
VALIDATION
valid epoch balanced_accuracy: 0.572015
EPOCH 63:
VALIDATION
valid epoch balanced_accuracy: 0.532316
EPOCH 63:
VALIDATION
valid epoch balanced_accuracy: 0.618948
EPOCH 63:
VALIDATION
valid epoch balanced_accuracy: 0.582956
EPOCH 57:
VALIDATION
valid epoch balanced_accuracy: 0.551697
EPOCH 64:
VALIDATION
VALIDATION
valid epoch balanced_accuracy: 0.538940
EPOCH 64:
valid epoch balanced_accuracy: 0.619948
EPOCH 64:
VALIDATION
VALIDATION
valid epoch balanced_accuracy: 0.625189
EPOCH 58:
valid epoch balanced_accuracy: 0.665449
EPOCH 65:
VALIDATION
VALIDATION
valid epoch balanced_accuracy: 0.567844
EPOCH 65:
valid epoch balanced_accuracy: 0.604242
EPOCH 65:
VALIDATION
VALIDATION
valid epoch balanced_accuracy: 0.650886
EPOCH 66:
valid epoch balanced_accuracy: 0.523379
EPOCH 59:
VALIDATION
VALIDATION
valid epoch balanced_accuracy: 0.544059
EPOCH 66:
valid epoch balanced_accuracy: 0.602641
EPOCH 66:
VALIDATION
valid epoch balanced_accuracy: 0.631468
EPOCH 67:
VALIDATION
valid epoch balanced_accuracy: 0.591252
EPOCH 60:
VALIDATION
VALIDATION
valid epoch balanced_accuracy: 0.535126
EPOCH 67:
valid epoch balanced_accuracy: 0.667767
EPOCH 67:
VALIDATION
valid epoch balanced_accuracy: 0.622660
EPOCH 68:
VALIDATION
VALIDATION
valid epoch balanced_accuracy: 0.527149
EPOCH 61:
VALIDATION
valid epoch balanced_accuracy: 0.525191
EPOCH 68:
valid epoch balanced_accuracy: 0.594638
EPOCH 68:
VALIDATION
valid epoch balanced_accuracy: 0.623561
EPOCH 69:
VALIDATION
VALIDATION
valid epoch balanced_accuracy: 0.522381
EPOCH 69:
VALIDATION
valid epoch balanced_accuracy: 0.530166
EPOCH 62:
valid epoch balanced_accuracy: 0.614246
EPOCH 69:
VALIDATION
valid epoch balanced_accuracy: 0.561706
EPOCH 70:
VALIDATION
VALIDATION
valid epoch balanced_accuracy: 0.506925
EPOCH 70:
valid epoch balanced_accuracy: 0.613846
EPOCH 70:
VALIDATION
valid epoch balanced_accuracy: 0.510558
EPOCH 63:
VALIDATION
valid epoch balanced_accuracy: 0.580472
EPOCH 71:
VALIDATION
VALIDATION
valid epoch balanced_accuracy: 0.512947
EPOCH 71:
valid epoch balanced_accuracy: 0.633053
EPOCH 71:
VALIDATION
valid epoch balanced_accuracy: 0.504525
EPOCH 64:
VALIDATION
valid epoch balanced_accuracy: 0.619357
EPOCH 72:
VALIDATION
VALIDATION
valid epoch balanced_accuracy: 0.503914
EPOCH 72:
valid epoch balanced_accuracy: 0.634254
EPOCH 72:
VALIDATION
valid epoch balanced_accuracy: 0.507541
EPOCH 65:
VALIDATION
valid epoch balanced_accuracy: 0.558653
EPOCH 73:
VALIDATION
VALIDATION
valid epoch balanced_accuracy: 0.535327
EPOCH 73:
valid epoch balanced_accuracy: 0.604242
EPOCH 73:
VALIDATION
VALIDATION
valid epoch balanced_accuracy: 0.540724
EPOCH 66:
valid epoch balanced_accuracy: 0.561956
EPOCH 74:
VALIDATION
VALIDATION
valid epoch balanced_accuracy: 0.519872
EPOCH 74:
valid epoch balanced_accuracy: 0.648159
EPOCH 74:
VALIDATION
VALIDATION
valid epoch balanced_accuracy: 0.601692
EPOCH 75:
valid epoch balanced_accuracy: 0.549020
EPOCH 67:
VALIDATION
VALIDATION
valid epoch balanced_accuracy: 0.562525
EPOCH 75:
valid epoch balanced_accuracy: 0.638956
EPOCH 75:
VALIDATION
valid epoch balanced_accuracy: 0.548644
EPOCH 76:
VALIDATION
valid epoch balanced_accuracy: 0.560332
EPOCH 68:
VALIDATION
VALIDATION
valid epoch balanced_accuracy: 0.534022
EPOCH 76:
valid epoch balanced_accuracy: 0.614846
EPOCH 76:
VALIDATION
valid epoch balanced_accuracy: 0.606896
EPOCH 77:
VALIDATION
valid epoch balanced_accuracy: 0.572398
EPOCH 69:
VALIDATION
VALIDATION
valid epoch balanced_accuracy: 0.511542
EPOCH 77:
valid epoch balanced_accuracy: 0.619948
EPOCH 77:
VALIDATION
valid epoch balanced_accuracy: 0.619608
EPOCH 78:
VALIDATION
VALIDATION
VALIDATION
valid epoch balanced_accuracy: 0.476817
EPOCH 78:
valid epoch balanced_accuracy: 0.548265
EPOCH 70:
valid epoch balanced_accuracy: 0.653061
EPOCH 78:
VALIDATION
valid epoch balanced_accuracy: 0.617506
EPOCH 79:
VALIDATION
VALIDATION
valid epoch balanced_accuracy: 0.477419
EPOCH 79:
VALIDATION
valid epoch balanced_accuracy: 0.642857
EPOCH 79:
valid epoch balanced_accuracy: 0.524887
EPOCH 71:
VALIDATION
valid epoch balanced_accuracy: 0.578020
EPOCH 80:
VALIDATION
VALIDATION
valid epoch balanced_accuracy: 0.495082
EPOCH 80:
valid epoch balanced_accuracy: 0.624650
VALIDATION
valid epoch balanced_accuracy: 0.527149
EPOCH 80:
EPOCH 72:
VALIDATION
valid epoch balanced_accuracy: 0.578671
EPOCH 81:
VALIDATION
valid epoch balanced_accuracy: 0.491570
EPOCH 81:
VALIDATION
valid epoch balanced_accuracy: 0.626751
EPOCH 81:
VALIDATION
valid epoch balanced_accuracy: 0.539970
EPOCH 73:
VALIDATION
valid epoch balanced_accuracy: 0.576819
EPOCH 82:
VALIDATION
VALIDATION
valid epoch balanced_accuracy: 0.502208
EPOCH 82:
valid epoch balanced_accuracy: 0.584234
EPOCH 82:
VALIDATION
VALIDATION
valid epoch balanced_accuracy: 0.533937
EPOCH 74:
valid epoch balanced_accuracy: 0.581974
EPOCH 83:
VALIDATION
VALIDATION
valid epoch balanced_accuracy: 0.479727
EPOCH 83:
valid epoch balanced_accuracy: 0.623850
EPOCH 83:
VALIDATION
valid epoch balanced_accuracy: 0.659694
EPOCH 84:
VALIDATION
valid epoch balanced_accuracy: 0.528658
EPOCH 75:
VALIDATION
valid epoch balanced_accuracy: 0.540044
EPOCH 84:
VALIDATION
valid epoch balanced_accuracy: 0.615646
EPOCH 84:
VALIDATION
valid epoch balanced_accuracy: 0.600490
EPOCH 85:
VALIDATION
valid epoch balanced_accuracy: 0.566365
EPOCH 76:
VALIDATION
VALIDATION
valid epoch balanced_accuracy: 0.482838
EPOCH 85:
valid epoch balanced_accuracy: 0.609544
EPOCH 85:
VALIDATION
valid epoch balanced_accuracy: 0.651436
EPOCH 86:
VALIDATION
valid epoch balanced_accuracy: 0.559578
EPOCH 77:
VALIDATION
VALIDATION
valid epoch balanced_accuracy: 0.502208
EPOCH 86:
valid epoch balanced_accuracy: 0.540916
EPOCH 86:
VALIDATION
valid epoch balanced_accuracy: 0.577119
EPOCH 87:
VALIDATION
valid epoch balanced_accuracy: 0.597285
EPOCH 78:
VALIDATION
VALIDATION
valid epoch balanced_accuracy: 0.501706
EPOCH 87:
valid epoch balanced_accuracy: 0.609144
EPOCH 87:
VALIDATION
valid epoch balanced_accuracy: 0.625413
EPOCH 88:
VALIDATION
VALIDATION
valid epoch balanced_accuracy: 0.562594
EPOCH 79:
VALIDATION
valid epoch balanced_accuracy: 0.637094
EPOCH 88:
valid epoch balanced_accuracy: 0.517507
EPOCH 88:
VALIDATION
valid epoch balanced_accuracy: 0.616605
EPOCH 89:
VALIDATION
VALIDATION
VALIDATION
valid epoch balanced_accuracy: 0.532216
EPOCH 89:
valid epoch balanced_accuracy: 0.648567
EPOCH 80:
valid epoch balanced_accuracy: 0.643858
EPOCH 89:
VALIDATION
valid epoch balanced_accuracy: 0.583525
EPOCH 90:
VALIDATION
VALIDATION
valid epoch balanced_accuracy: 0.532316
EPOCH 90:
VALIDATION
valid epoch balanced_accuracy: 0.546819
EPOCH 90:
VALIDATION
valid epoch balanced_accuracy: 0.562594
EPOCH 81:
valid epoch balanced_accuracy: 0.534981
EPOCH 91:
VALIDATION
VALIDATION
valid epoch balanced_accuracy: 0.492172
EPOCH 91:
valid epoch balanced_accuracy: 0.623649
EPOCH 91:
VALIDATION
VALIDATION
valid epoch balanced_accuracy: 0.552790
EPOCH 82:
valid epoch balanced_accuracy: 0.637224
EPOCH 92:
VALIDATION
VALIDATION
valid epoch balanced_accuracy: 0.531714
EPOCH 92:
valid epoch balanced_accuracy: 0.593237
EPOCH 92:
VALIDATION
valid epoch balanced_accuracy: 0.544690
EPOCH 93:
VALIDATION
valid epoch balanced_accuracy: 0.634238
EPOCH 83:
VALIDATION
VALIDATION
valid epoch balanced_accuracy: 0.509835
EPOCH 93:
valid epoch balanced_accuracy: 0.532113
EPOCH 93:
VALIDATION
valid epoch balanced_accuracy: 0.587128
EPOCH 94:
VALIDATION
valid epoch balanced_accuracy: 0.539970
EPOCH 84:
VALIDATION
VALIDATION
valid epoch balanced_accuracy: 0.550682
EPOCH 94:
valid epoch balanced_accuracy: 0.598539
EPOCH 94:
VALIDATION
valid epoch balanced_accuracy: 0.567761
EPOCH 95:
VALIDATION
valid epoch balanced_accuracy: 0.552036
EPOCH 85:
VALIDATION
VALIDATION
valid epoch balanced_accuracy: 0.499297
valid epoch balanced_accuracy: 0.599340
VALIDATION
EPOCH 95:
EPOCH 95:
valid epoch balanced_accuracy: 0.568061
EPOCH 96:
VALIDATION
valid epoch balanced_accuracy: 0.542986
EPOCH 86:
VALIDATION
VALIDATION
VALIDATION
valid epoch balanced_accuracy: 0.547019
EPOCH 96:
valid epoch balanced_accuracy: 0.508029
EPOCH 96:
valid epoch balanced_accuracy: 0.560454
EPOCH 97:
VALIDATION
valid epoch balanced_accuracy: 0.549774
EPOCH 87:
VALIDATION
VALIDATION
VALIDATION
valid epoch balanced_accuracy: 0.509835
EPOCH 97:
valid epoch balanced_accuracy: 0.623249
EPOCH 97:
valid epoch balanced_accuracy: 0.558953
EPOCH 98:
VALIDATION
valid epoch balanced_accuracy: 0.513575
EPOCH 88:
VALIDATION
VALIDATION
VALIDATION
valid epoch balanced_accuracy: 0.494480
EPOCH 98:
valid epoch balanced_accuracy: 0.541517
EPOCH 98:
valid epoch balanced_accuracy: 0.602342
EPOCH 99:
VALIDATION
valid epoch balanced_accuracy: 0.539216
EPOCH 89:
VALIDATION
VALIDATION
VALIDATION
valid epoch balanced_accuracy: 0.544159
EPOCH 99:
valid epoch balanced_accuracy: 0.605995
EPOCH 100:
valid epoch balanced_accuracy: 0.599940
EPOCH 99:
VALIDATION
VALIDATION
VALIDATION
VALIDATION
valid epoch balanced_accuracy: 0.487934
EPOCH 90:
valid epoch balanced_accuracy: 0.518065
EPOCH 100:
valid epoch balanced_accuracy: 0.628752
EPOCH 100:
valid epoch balanced_accuracy: 0.557452
EPOCH 101:
VALIDATION
VALIDATION
VALIDATION
valid epoch balanced_accuracy: 0.535327
EPOCH 101:
VALIDATION
valid epoch balanced_accuracy: 0.540086
EPOCH 102:
valid epoch balanced_accuracy: 0.517207
EPOCH 101:
valid epoch balanced_accuracy: 0.543741
EPOCH 91:
VALIDATION
VALIDATION
VALIDATION
valid epoch balanced_accuracy: 0.519872
EPOCH 102:
valid epoch balanced_accuracy: 0.554699
EPOCH 103:
valid epoch balanced_accuracy: 0.571329
EPOCH 102:
VALIDATION
valid epoch balanced_accuracy: 0.530166
EPOCH 92:
VALIDATION
VALIDATION
VALIDATION
valid epoch balanced_accuracy: 0.511542
EPOCH 103:
valid epoch balanced_accuracy: 0.520418
EPOCH 104:
valid epoch balanced_accuracy: 0.536815
EPOCH 103:
VALIDATION
valid epoch balanced_accuracy: 0.555807
EPOCH 93:
VALIDATION
VALIDATION
VALIDATION
valid epoch balanced_accuracy: 0.494480
EPOCH 104:
valid epoch balanced_accuracy: 0.585234
EPOCH 104:
valid epoch balanced_accuracy: 0.564358
EPOCH 105:
VALIDATION
valid epoch balanced_accuracy: 0.562594
EPOCH 94:
VALIDATION
VALIDATION
VALIDATION
valid epoch balanced_accuracy: 0.564934
EPOCH 105:
valid epoch balanced_accuracy: 0.546018
EPOCH 105:
valid epoch balanced_accuracy: 0.505255
EPOCH 106:
VALIDATION
valid epoch balanced_accuracy: 0.571644
EPOCH 95:
VALIDATION
VALIDATION
VALIDATION
valid epoch balanced_accuracy: 0.501004
EPOCH 106:
valid epoch balanced_accuracy: 0.594238
EPOCH 106:
valid epoch balanced_accuracy: 0.558653
EPOCH 107:
VALIDATION
valid epoch balanced_accuracy: 0.543741
EPOCH 96:
VALIDATION
VALIDATION
VALIDATION
valid epoch balanced_accuracy: 0.533420
EPOCH 107:
valid epoch balanced_accuracy: 0.593237
EPOCH 107:
valid epoch balanced_accuracy: 0.627515
EPOCH 108:
VALIDATION
valid epoch balanced_accuracy: 0.559578
EPOCH 97:
VALIDATION
VALIDATION
VALIDATION
valid epoch balanced_accuracy: 0.518065
EPOCH 108:
valid epoch balanced_accuracy: 0.498099
EPOCH 108:
valid epoch balanced_accuracy: 0.559253
EPOCH 109:
VALIDATION
valid epoch balanced_accuracy: 0.555807
EPOCH 98:
VALIDATION
VALIDATION
VALIDATION
valid epoch balanced_accuracy: 0.502810
EPOCH 109:
valid epoch balanced_accuracy: 0.516607
EPOCH 109:
valid epoch balanced_accuracy: 0.665699
EPOCH 110:
VALIDATION
VALIDATION
VALIDATION
valid epoch balanced_accuracy: 0.510558
EPOCH 99:
valid epoch balanced_accuracy: 0.619148
EPOCH 110:
VALIDATION
valid epoch balanced_accuracy: 0.518065
EPOCH 110:
valid epoch balanced_accuracy: 0.578070
EPOCH 111:
VALIDATION
VALIDATION
VALIDATION
valid epoch balanced_accuracy: 0.543557
EPOCH 111:
valid epoch balanced_accuracy: 0.530912
EPOCH 111:
VALIDATION
valid epoch balanced_accuracy: 0.527149
EPOCH 100:
valid epoch balanced_accuracy: 0.548944
EPOCH 112:
VALIDATION
VALIDATION
VALIDATION
valid epoch balanced_accuracy: 0.539342
EPOCH 112:
valid epoch balanced_accuracy: 0.540116
EPOCH 112:
VALIDATION
valid epoch balanced_accuracy: 0.511911
EPOCH 113:
valid epoch balanced_accuracy: 0.604827
EPOCH 101:
VALIDATION
VALIDATION
VALIDATION
valid epoch balanced_accuracy: 0.624250
EPOCH 113:
valid epoch balanced_accuracy: 0.486853
EPOCH 113:
valid epoch balanced_accuracy: 0.539536
EPOCH 114:
VALIDATION
valid epoch balanced_accuracy: 0.527149
EPOCH 102:
VALIDATION
VALIDATION
VALIDATION
valid epoch balanced_accuracy: 0.523609
EPOCH 114:
valid epoch balanced_accuracy: 0.523384
EPOCH 114:
valid epoch balanced_accuracy: 0.576819
EPOCH 115:
VALIDATION
valid epoch balanced_accuracy: 0.513575
EPOCH 103:
VALIDATION
VALIDATION
VALIDATION
valid epoch balanced_accuracy: 0.516807
EPOCH 115:
valid epoch balanced_accuracy: 0.495082
EPOCH 115:
valid epoch balanced_accuracy: 0.562907
EPOCH 116:
VALIDATION
valid epoch balanced_accuracy: 0.546003
EPOCH 104:
VALIDATION
VALIDATION
VALIDATION
valid epoch balanced_accuracy: 0.491897
EPOCH 116:
valid epoch balanced_accuracy: 0.538238
EPOCH 116:
valid epoch balanced_accuracy: 0.574117
EPOCH 117:
VALIDATION
valid epoch balanced_accuracy: 0.562594
EPOCH 105:
VALIDATION
VALIDATION
VALIDATION
valid epoch balanced_accuracy: 0.513950
EPOCH 117:
valid epoch balanced_accuracy: 0.526411
EPOCH 117:
valid epoch balanced_accuracy: 0.598038
EPOCH 118:
VALIDATION
valid epoch balanced_accuracy: 0.555807
EPOCH 106:
VALIDATION
VALIDATION
VALIDATION
valid epoch balanced_accuracy: 0.623449
EPOCH 118:
valid epoch balanced_accuracy: 0.486953
EPOCH 118:
valid epoch balanced_accuracy: 0.584376
EPOCH 119:
VALIDATION
valid epoch balanced_accuracy: 0.548265
EPOCH 107:
VALIDATION
VALIDATION
VALIDATION
valid epoch balanced_accuracy: 0.599340
EPOCH 119:
valid epoch balanced_accuracy: 0.572916
EPOCH 120:
valid epoch balanced_accuracy: 0.528101
EPOCH 119:
VALIDATION
valid epoch balanced_accuracy: 0.588989
EPOCH 108:
VALIDATION
VALIDATION
VALIDATION
valid epoch balanced_accuracy: 0.552991
EPOCH 120:
valid epoch balanced_accuracy: 0.601692
EPOCH 121:
valid epoch balanced_accuracy: 0.478491
EPOCH 120:
VALIDATION
VALIDATION
VALIDATION
VALIDATION
valid epoch balanced_accuracy: 0.565611
EPOCH 109:
valid epoch balanced_accuracy: 0.576869
EPOCH 122:
valid epoch balanced_accuracy: 0.490967
EPOCH 121:
valid epoch balanced_accuracy: 0.553621
EPOCH 121:
VALIDATION
VALIDATION
VALIDATION
VALIDATION
valid epoch balanced_accuracy: 0.551947
EPOCH 123:
valid epoch balanced_accuracy: 0.526897
EPOCH 122:
valid epoch balanced_accuracy: 0.643858
EPOCH 122:
valid epoch balanced_accuracy: 0.568627
EPOCH 110:
VALIDATION
VALIDATION
VALIDATION
valid epoch balanced_accuracy: 0.536933
EPOCH 123:
valid epoch balanced_accuracy: 0.586878
EPOCH 124:
valid epoch balanced_accuracy: 0.559524
EPOCH 123:
VALIDATION
valid epoch balanced_accuracy: 0.552790
EPOCH 111:
VALIDATION
VALIDATION
VALIDATION
valid epoch balanced_accuracy: 0.614453
EPOCH 125:
valid epoch balanced_accuracy: 0.615446
EPOCH 124:
valid epoch balanced_accuracy: 0.490365
EPOCH 124:
VALIDATION
valid epoch balanced_accuracy: 0.558824
EPOCH 112:
VALIDATION
VALIDATION
VALIDATION
valid epoch balanced_accuracy: 0.537384
valid epoch balanced_accuracy: 0.514206
EPOCH 126:
EPOCH 125:
valid epoch balanced_accuracy: 0.516359
EPOCH 125:
VALIDATION
valid epoch balanced_accuracy: 0.518854
EPOCH 113:
VALIDATION
VALIDATION
VALIDATION
valid epoch balanced_accuracy: 0.534681
EPOCH 127:
valid epoch balanced_accuracy: 0.499197
EPOCH 126:
valid epoch balanced_accuracy: 0.619148
EPOCH 126:
VALIDATION
valid epoch balanced_accuracy: 0.552790
EPOCH 114:
VALIDATION
VALIDATION
VALIDATION
valid epoch balanced_accuracy: 0.611150
EPOCH 128:
valid epoch balanced_accuracy: 0.517463
EPOCH 127:
valid epoch balanced_accuracy: 0.575230
EPOCH 127:
VALIDATION
valid epoch balanced_accuracy: 0.568627
EPOCH 115:
VALIDATION
VALIDATION
VALIDATION
valid epoch balanced_accuracy: 0.506756
EPOCH 129:
valid epoch balanced_accuracy: 0.480931
EPOCH 128:
valid epoch balanced_accuracy: 0.516006
EPOCH 128:
VALIDATION
valid epoch balanced_accuracy: 0.552790
EPOCH 116:
VALIDATION
VALIDATION
VALIDATION
valid epoch balanced_accuracy: 0.527074
EPOCH 130:
valid epoch balanced_accuracy: 0.470895
EPOCH 129:
valid epoch balanced_accuracy: 0.599940
EPOCH 129:
VALIDATION
valid epoch balanced_accuracy: 0.564857
EPOCH 117:
VALIDATION
VALIDATION
valid epoch balanced_accuracy: 0.488840
EPOCH 131:
VALIDATION
valid epoch balanced_accuracy: 0.489161
EPOCH 130:
valid epoch balanced_accuracy: 0.626751
EPOCH 130:
VALIDATION
VALIDATION
valid epoch balanced_accuracy: 0.571644
EPOCH 118:
VALIDATION
VALIDATION
valid epoch balanced_accuracy: 0.502502
EPOCH 132:
valid epoch balanced_accuracy: 0.499197
EPOCH 131:
valid epoch balanced_accuracy: 0.560124
EPOCH 131:
VALIDATION
VALIDATION
VALIDATION
valid epoch balanced_accuracy: 0.502502
EPOCH 133:
VALIDATION
valid epoch balanced_accuracy: 0.588989
valid epoch balanced_accuracy: 0.505721
EPOCH 132:
EPOCH 119:
valid epoch balanced_accuracy: 0.559524
EPOCH 132:
VALIDATION
VALIDATION
VALIDATION
valid epoch balanced_accuracy: 0.637824
EPOCH 134:
valid epoch balanced_accuracy: 0.503412
EPOCH 133:
VALIDATION
valid epoch balanced_accuracy: 0.579732
valid epoch balanced_accuracy: 0.549774
EPOCH 133:
EPOCH 120:
VALIDATION
VALIDATION
valid epoch balanced_accuracy: 0.535582
EPOCH 135:
valid epoch balanced_accuracy: 0.511542
EPOCH 134:
VALIDATION
valid epoch balanced_accuracy: 0.612445
EPOCH 134:
VALIDATION
valid epoch balanced_accuracy: 0.556561
EPOCH 121:
VALIDATION
VALIDATION
valid epoch balanced_accuracy: 0.531028
EPOCH 136:
valid epoch balanced_accuracy: 0.524689
EPOCH 135:
VALIDATION
valid epoch balanced_accuracy: 0.499700
EPOCH 135:
VALIDATION
valid epoch balanced_accuracy: 0.693062
EPOCH 122:
VALIDATION
VALIDATION
valid epoch balanced_accuracy: 0.573216
EPOCH 137:
VALIDATION
valid epoch balanced_accuracy: 0.526495
EPOCH 136:
valid epoch balanced_accuracy: 0.565026
EPOCH 136:
VALIDATION
valid epoch balanced_accuracy: 0.571644
EPOCH 123:
VALIDATION
VALIDATION
valid epoch balanced_accuracy: 0.515864
EPOCH 138:
VALIDATION
valid epoch balanced_accuracy: 0.466178
EPOCH 137:
valid epoch balanced_accuracy: 0.538515
EPOCH 137:
VALIDATION
valid epoch balanced_accuracy: 0.546757
EPOCH 124:
VALIDATION
VALIDATION
valid epoch balanced_accuracy: 0.544690
EPOCH 139:
VALIDATION
valid epoch balanced_accuracy: 0.507427
EPOCH 138:
valid epoch balanced_accuracy: 0.599140
EPOCH 138:
VALIDATION
valid epoch balanced_accuracy: 0.565611
EPOCH 125:
VALIDATION
valid epoch balanced_accuracy: 0.540737
EPOCH 140:
VALIDATION
VALIDATION
valid epoch balanced_accuracy: 0.497391
EPOCH 139:
valid epoch balanced_accuracy: 0.497399
EPOCH 139:
VALIDATION
VALIDATION
valid epoch balanced_accuracy: 0.540724
EPOCH 126:
VALIDATION
valid epoch balanced_accuracy: 0.575918
EPOCH 141:
VALIDATION
valid epoch balanced_accuracy: 0.518065
EPOCH 140:
valid epoch balanced_accuracy: 0.516206
EPOCH 140:
VALIDATION
VALIDATION
VALIDATION
VALIDATION
valid epoch balanced_accuracy: 0.538335
EPOCH 142:
valid epoch balanced_accuracy: 0.566365
EPOCH 127:
valid epoch balanced_accuracy: 0.500401
EPOCH 141:
valid epoch balanced_accuracy: 0.515606
EPOCH 141:
VALIDATION
VALIDATION
VALIDATION
valid epoch balanced_accuracy: 0.550445
EPOCH 143:
VALIDATION
valid epoch balanced_accuracy: 0.522180
EPOCH 142:
valid epoch balanced_accuracy: 0.588735
EPOCH 142:
valid epoch balanced_accuracy: 0.582202
EPOCH 128:
VALIDATION
VALIDATION
VALIDATION
valid epoch balanced_accuracy: 0.531028
EPOCH 144:
valid epoch balanced_accuracy: 0.508631
EPOCH 143:
valid epoch balanced_accuracy: 0.619148
EPOCH 143:
VALIDATION
valid epoch balanced_accuracy: 0.584465
EPOCH 129:
VALIDATION
VALIDATION
VALIDATION
valid epoch balanced_accuracy: 0.474577
EPOCH 145:
valid epoch balanced_accuracy: 0.547672
EPOCH 144:
valid epoch balanced_accuracy: 0.536214
EPOCH 144:
VALIDATION
valid epoch balanced_accuracy: 0.577677
EPOCH 130:
VALIDATION
VALIDATION
VALIDATION
valid epoch balanced_accuracy: 0.542238
EPOCH 146:
valid epoch balanced_accuracy: 0.541650
EPOCH 145:
valid epoch balanced_accuracy: 0.535614
EPOCH 145:
VALIDATION
valid epoch balanced_accuracy: 0.549774
EPOCH 131:
VALIDATION
VALIDATION
VALIDATION
valid epoch balanced_accuracy: 0.521319
EPOCH 147:
valid epoch balanced_accuracy: 0.585709
EPOCH 146:
valid epoch balanced_accuracy: 0.507003
EPOCH 146:
VALIDATION
valid epoch balanced_accuracy: 0.501508
EPOCH 132:
VALIDATION
VALIDATION
VALIDATION
valid epoch balanced_accuracy: 0.525273
EPOCH 148:
valid epoch balanced_accuracy: 0.502108
EPOCH 147:
valid epoch balanced_accuracy: 0.561124
EPOCH 147:
VALIDATION
valid epoch balanced_accuracy: 0.513575
EPOCH 133:
VALIDATION
VALIDATION
valid epoch balanced_accuracy: 0.534681
EPOCH 149:
VALIDATION
valid epoch balanced_accuracy: 0.495082
EPOCH 148:
valid epoch balanced_accuracy: 0.580732
EPOCH 148:
VALIDATION
valid epoch balanced_accuracy: 0.537707
EPOCH 134:
VALIDATION
VALIDATION
valid epoch balanced_accuracy: 0.522520
EPOCH 150:
VALIDATION
valid epoch balanced_accuracy: 0.475110
EPOCH 149:
valid epoch balanced_accuracy: 0.522909
EPOCH 149:
VALIDATION
VALIDATION
valid epoch balanced_accuracy: 0.622926
EPOCH 135:
VALIDATION
valid epoch balanced_accuracy: 0.553748
VALIDATION
valid epoch balanced_accuracy: 0.481534
EPOCH 150:
valid epoch balanced_accuracy: 0.580532
EPOCH 150:
accuracy: 0.605000
sensitivity: 0.670103
precision: 0.580357
specificity: 0.543689
IoU: 0.451389
FAR: 0.456311
F1: 0.622010
balanced_accuracy: 0.606896
loss: 1.036707
VALIDATION
VALIDATION
VALIDATION
valid epoch balanced_accuracy: 0.550528
EPOCH 136:
valid epoch balanced_accuracy: 0.531614
valid epoch balanced_accuracy: 0.496198
accuracy: 0.620000
sensitivity: 0.669811
precision: 0.633929
specificity: 0.563830
IoU: 0.482993
FAR: 0.436170
F1: 0.651376
balanced_accuracy: 0.616821
loss: 0.942075
accuracy: 0.685000
sensitivity: 0.489796
precision: 0.786885
specificity: 0.872549
IoU: 0.432432
FAR: 0.127451
F1: 0.603774
balanced_accuracy: 0.681172
loss: 0.793528
VALIDATION
valid epoch balanced_accuracy: 0.568627
EPOCH 137:
VALIDATION
valid epoch balanced_accuracy: 0.539216
EPOCH 138:
VALIDATION
valid epoch balanced_accuracy: 0.589744
EPOCH 139:
VALIDATION
valid epoch balanced_accuracy: 0.517345
EPOCH 140:
VALIDATION
valid epoch balanced_accuracy: 0.533937
EPOCH 141:
VALIDATION
valid epoch balanced_accuracy: 0.546757
EPOCH 142:
VALIDATION
valid epoch balanced_accuracy: 0.527149
EPOCH 143:
VALIDATION
valid epoch balanced_accuracy: 0.539970
EPOCH 144:
VALIDATION
valid epoch balanced_accuracy: 0.585219
EPOCH 145:
VALIDATION
valid epoch balanced_accuracy: 0.601056
EPOCH 146:
VALIDATION
valid epoch balanced_accuracy: 0.555807
EPOCH 147:
VALIDATION
valid epoch balanced_accuracy: 0.527903
EPOCH 148:
VALIDATION
valid epoch balanced_accuracy: 0.568627
EPOCH 149:
VALIDATION
valid epoch balanced_accuracy: 0.527149
EPOCH 150:
VALIDATION
valid epoch balanced_accuracy: 0.474359
accuracy: 0.677778
sensitivity: 0.666667
precision: 0.739130
specificity: 0.692308
IoU: 0.539683
FAR: 0.307692
F1: 0.701031
balanced_accuracy: 0.679487
loss: 1.004655

number of parameters : 1296796
train : (1332, 12)
valid : (90, 12)
test : (90, 12)
class weights : [1.0, 1.0]
balanced batches : 84 per epoch covering all 1332 train rows, target 8 positive + 8 unlabeled
cache warmed : 35 proteins, 409 lipid encodings, 0 lipid graphs, 131 MiB
data extracted
EPOCH 1:


number of parameters : 1296796
number of parameters : 1296796
train : (1350, 12)
valid : (81, 12)
test : (81, 12)
class weights : [1.0, 1.0]
train : (1382, 12)
valid : (65, 12)
test : (65, 12)
balanced batches : 85 per epoch covering all 1350 train rows, target 8 positive + 8 unlabeled
class weights : [1.0, 1.0]
balanced batches : 87 per epoch covering all 1382 train rows, target 8 positive + 8 unlabeled
VALIDATION
valid epoch balanced_accuracy: 0.407609
EPOCH 2:
VALIDATION
valid epoch balanced_accuracy: 0.455040
EPOCH 3:
cache warmed : 35 proteins, 409 lipid encodings, 0 lipid graphs, 131 MiB
data extracted
EPOCH 1:
cache warmed : 35 proteins, 409 lipid encodings, 0 lipid graphs, 131 MiB
data extracted
EPOCH 1:
VALIDATION
valid epoch balanced_accuracy: 0.465909
EPOCH 4:
VALIDATION
valid epoch balanced_accuracy: 0.161873
VALIDATION
EPOCH 2:
valid epoch balanced_accuracy: 0.621429
EPOCH 2:
VALIDATION
valid epoch balanced_accuracy: 0.539526
EPOCH 5:
VALIDATION
valid epoch balanced_accuracy: 0.175031
EPOCH 3:
VALIDATION
valid epoch balanced_accuracy: 0.702381
EPOCH 3:
VALIDATION
valid epoch balanced_accuracy: 0.524704
EPOCH 6:
VALIDATION
valid epoch balanced_accuracy: 0.161873
EPOCH 4:
VALIDATION
valid epoch balanced_accuracy: 0.659524
EPOCH 4:
VALIDATION
valid epoch balanced_accuracy: 0.500988
EPOCH 7:
VALIDATION
VALIDATION
valid epoch balanced_accuracy: 0.255508
EPOCH 5:
valid epoch balanced_accuracy: 0.714286
EPOCH 5:
VALIDATION
valid epoch balanced_accuracy: 0.558794
EPOCH 8:
VALIDATION
valid epoch balanced_accuracy: 0.135557
EPOCH 6:
VALIDATION
VALIDATION
valid epoch balanced_accuracy: 0.626190
EPOCH 6:
valid epoch balanced_accuracy: 0.558794
EPOCH 9:

number of parameters : 1296796
train : (1382, 12)
valid : (65, 12)
test : (65, 12)
class weights : [1.0, 1.0]
balanced batches : 87 per epoch covering all 1382 train rows, target 8 positive + 8 unlabeled
VALIDATION
VALIDATION
valid epoch balanced_accuracy: 0.229192
VALIDATION
EPOCH 7:
valid epoch balanced_accuracy: 0.510870
EPOCH 10:
valid epoch balanced_accuracy: 0.623810
EPOCH 7:
cache warmed : 35 proteins, 409 lipid encodings, 0 lipid graphs, 131 MiB
data extracted
EPOCH 1:
VALIDATION
VALIDATION
VALIDATION
valid epoch balanced_accuracy: 0.559289
EPOCH 11:
valid epoch balanced_accuracy: 0.647619
EPOCH 8:
valid epoch balanced_accuracy: 0.242350
EPOCH 8:
VALIDATION
valid epoch balanced_accuracy: 0.566667
EPOCH 2:
VALIDATION
VALIDATION
valid epoch balanced_accuracy: 0.560277
EPOCH 12:
VALIDATION
valid epoch balanced_accuracy: 0.268666
EPOCH 9:
valid epoch balanced_accuracy: 0.638095
EPOCH 9:
VALIDATION
valid epoch balanced_accuracy: 0.650000
EPOCH 3:
VALIDATION
valid epoch balanced_accuracy: 0.346344
EPOCH 13:
VALIDATION
VALIDATION
valid epoch balanced_accuracy: 0.296512
EPOCH 10:
valid epoch balanced_accuracy: 0.638095
EPOCH 10:
VALIDATION
valid epoch balanced_accuracy: 0.702381
EPOCH 4:
VALIDATION
valid epoch balanced_accuracy: 0.465909
EPOCH 14:
VALIDATION
VALIDATION
valid epoch balanced_accuracy: 0.268666
EPOCH 11:
valid epoch balanced_accuracy: 0.619048
EPOCH 11:
VALIDATION
valid epoch balanced_accuracy: 0.752381
EPOCH 5:
VALIDATION
valid epoch balanced_accuracy: 0.551383
EPOCH 15:
VALIDATION
VALIDATION
valid epoch balanced_accuracy: 0.214504
EPOCH 12:
valid epoch balanced_accuracy: 0.671429
EPOCH 12:
VALIDATION
valid epoch balanced_accuracy: 0.730952
EPOCH 6:
VALIDATION
valid epoch balanced_accuracy: 0.501976
EPOCH 16:
VALIDATION
valid epoch balanced_accuracy: 0.306610
EPOCH 13:
VALIDATION
valid epoch balanced_accuracy: 0.716667
EPOCH 13:
VALIDATION
valid epoch balanced_accuracy: 0.759524
EPOCH 7:
VALIDATION
valid epoch balanced_accuracy: 0.583992
EPOCH 17:
VALIDATION
valid epoch balanced_accuracy: 0.306610
EPOCH 14:
VALIDATION
valid epoch balanced_accuracy: 0.635714
EPOCH 14:
VALIDATION
valid epoch balanced_accuracy: 0.757143
EPOCH 8:
VALIDATION
valid epoch balanced_accuracy: 0.527174
EPOCH 18:
VALIDATION
VALIDATION
valid epoch balanced_accuracy: 0.280294
EPOCH 15:
valid epoch balanced_accuracy: 0.595238
EPOCH 15:
VALIDATION
valid epoch balanced_accuracy: 0.704762
EPOCH 9:
VALIDATION
valid epoch balanced_accuracy: 0.513340
EPOCH 19:
VALIDATION
valid epoch balanced_accuracy: 0.311200
EPOCH 16:
VALIDATION
valid epoch balanced_accuracy: 0.426190
EPOCH 16:
VALIDATION
valid epoch balanced_accuracy: 0.742857
EPOCH 10:
VALIDATION
valid epoch balanced_accuracy: 0.447134
EPOCH 20:
VALIDATION
valid epoch balanced_accuracy: 0.284884
EPOCH 17:
VALIDATION
valid epoch balanced_accuracy: 0.673810
EPOCH 17:
VALIDATION
valid epoch balanced_accuracy: 0.721429
EPOCH 11:
VALIDATION
valid epoch balanced_accuracy: 0.556818
EPOCH 21:
VALIDATION
valid epoch balanced_accuracy: 0.298042
EPOCH 18:
VALIDATION
valid epoch balanced_accuracy: 0.576190
EPOCH 18:
VALIDATION
valid epoch balanced_accuracy: 0.707143
EPOCH 12:
VALIDATION
valid epoch balanced_accuracy: 0.604249
EPOCH 22:
VALIDATION
valid epoch balanced_accuracy: 0.298042
EPOCH 19:
VALIDATION
valid epoch balanced_accuracy: 0.695238
EPOCH 19:
VALIDATION
valid epoch balanced_accuracy: 0.673810
EPOCH 13:
VALIDATION
valid epoch balanced_accuracy: 0.490613
EPOCH 23:
VALIDATION
valid epoch balanced_accuracy: 0.207466
EPOCH 20:
VALIDATION
valid epoch balanced_accuracy: 0.702381
EPOCH 20:
VALIDATION
valid epoch balanced_accuracy: 0.583333
EPOCH 14:
VALIDATION
valid epoch balanced_accuracy: 0.535079
EPOCH 24:
VALIDATION
valid epoch balanced_accuracy: 0.207466
EPOCH 21:
VALIDATION
valid epoch balanced_accuracy: 0.466667
EPOCH 21:
VALIDATION
valid epoch balanced_accuracy: 0.507143
EPOCH 15:
VALIDATION
valid epoch balanced_accuracy: 0.603755
EPOCH 25:
VALIDATION
valid epoch balanced_accuracy: 0.220624
EPOCH 22:
VALIDATION
valid epoch balanced_accuracy: 0.480952
EPOCH 22:
VALIDATION
valid epoch balanced_accuracy: 0.578571
EPOCH 16:
VALIDATION
valid epoch balanced_accuracy: 0.616601
EPOCH 26:
VALIDATION
valid epoch balanced_accuracy: 0.353733
EPOCH 23:
VALIDATION
valid epoch balanced_accuracy: 0.454762
EPOCH 23:
VALIDATION
valid epoch balanced_accuracy: 0.626190
EPOCH 17:
VALIDATION
valid epoch balanced_accuracy: 0.570652
EPOCH 27:
VALIDATION
valid epoch balanced_accuracy: 0.366891
EPOCH 24:
VALIDATION
valid epoch balanced_accuracy: 0.583333
EPOCH 24:
VALIDATION
VALIDATION
valid epoch balanced_accuracy: 0.726190
EPOCH 18:
valid epoch balanced_accuracy: 0.603261
EPOCH 28:
VALIDATION
valid epoch balanced_accuracy: 0.365361
EPOCH 25:
VALIDATION
valid epoch balanced_accuracy: 0.500000
EPOCH 25:
VALIDATION
VALIDATION
valid epoch balanced_accuracy: 0.545455
EPOCH 29:
valid epoch balanced_accuracy: 0.657143
EPOCH 19:
VALIDATION
valid epoch balanced_accuracy: 0.309670
EPOCH 26:
VALIDATION
valid epoch balanced_accuracy: 0.476190
EPOCH 26:
VALIDATION
valid epoch balanced_accuracy: 0.523221
EPOCH 30:
VALIDATION
valid epoch balanced_accuracy: 0.507143
EPOCH 20:
VALIDATION
valid epoch balanced_accuracy: 0.325887
EPOCH 27:
VALIDATION
valid epoch balanced_accuracy: 0.466667
EPOCH 27:
VALIDATION
valid epoch balanced_accuracy: 0.477767
EPOCH 31:
VALIDATION
valid epoch balanced_accuracy: 0.657143
EPOCH 21:
VALIDATION
valid epoch balanced_accuracy: 0.312729
EPOCH 28:
VALIDATION
valid epoch balanced_accuracy: 0.585714
EPOCH 28:
VALIDATION
valid epoch balanced_accuracy: 0.535573
EPOCH 32:
VALIDATION
valid epoch balanced_accuracy: 0.678571
EPOCH 22:
VALIDATION
valid epoch balanced_accuracy: 0.393207
EPOCH 29:
VALIDATION
valid epoch balanced_accuracy: 0.497619
EPOCH 29:
VALIDATION
valid epoch balanced_accuracy: 0.511858
EPOCH 33:
VALIDATION
valid epoch balanced_accuracy: 0.571429
EPOCH 23:
VALIDATION
valid epoch balanced_accuracy: 0.340575
EPOCH 30:
VALIDATION
valid epoch balanced_accuracy: 0.583333
EPOCH 30:
VALIDATION
valid epoch balanced_accuracy: 0.447134
EPOCH 34:
VALIDATION
valid epoch balanced_accuracy: 0.759524
EPOCH 24:
VALIDATION
valid epoch balanced_accuracy: 0.327417
EPOCH 31:
VALIDATION
valid epoch balanced_accuracy: 0.500000
EPOCH 31:
VALIDATION
valid epoch balanced_accuracy: 0.626482
EPOCH 35:
VALIDATION
valid epoch balanced_accuracy: 0.576190
EPOCH 25:
VALIDATION
valid epoch balanced_accuracy: 0.352203
EPOCH 32:
VALIDATION
valid epoch balanced_accuracy: 0.507143
EPOCH 32:
VALIDATION
valid epoch balanced_accuracy: 0.522233
EPOCH 36:
VALIDATION
valid epoch balanced_accuracy: 0.519048
EPOCH 26:
VALIDATION
valid epoch balanced_accuracy: 0.312729
EPOCH 33:
VALIDATION
valid epoch balanced_accuracy: 0.500000
EPOCH 33:
VALIDATION
valid epoch balanced_accuracy: 0.545949
EPOCH 37:
VALIDATION
valid epoch balanced_accuracy: 0.566667
EPOCH 27:
VALIDATION
valid epoch balanced_accuracy: 0.299572
EPOCH 34:
VALIDATION
valid epoch balanced_accuracy: 0.578571
EPOCH 34:
VALIDATION
valid epoch balanced_accuracy: 0.614625
EPOCH 38:
VALIDATION
valid epoch balanced_accuracy: 0.645238
EPOCH 28:
VALIDATION
valid epoch balanced_accuracy: 0.327417
EPOCH 35:
VALIDATION
valid epoch balanced_accuracy: 0.519048
EPOCH 35:
VALIDATION
valid epoch balanced_accuracy: 0.449111
EPOCH 39:
VALIDATION
VALIDATION
valid epoch balanced_accuracy: 0.519048
EPOCH 29:
valid epoch balanced_accuracy: 0.366891
EPOCH 36:
VALIDATION
valid epoch balanced_accuracy: 0.600000
EPOCH 36:
VALIDATION
valid epoch balanced_accuracy: 0.581028
EPOCH 40:
VALIDATION
VALIDATION
valid epoch balanced_accuracy: 0.509524
EPOCH 30:
valid epoch balanced_accuracy: 0.271726
EPOCH 37:
VALIDATION
valid epoch balanced_accuracy: 0.566667
EPOCH 37:
VALIDATION
valid epoch balanced_accuracy: 0.544960
EPOCH 41:
VALIDATION
VALIDATION
valid epoch balanced_accuracy: 0.661905
EPOCH 31:
valid epoch balanced_accuracy: 0.233782
EPOCH 38:
VALIDATION
VALIDATION
valid epoch balanced_accuracy: 0.502381
EPOCH 38:
valid epoch balanced_accuracy: 0.446640
EPOCH 42:
VALIDATION
VALIDATION
valid epoch balanced_accuracy: 0.299572
EPOCH 39:
valid epoch balanced_accuracy: 0.690476
EPOCH 32:
VALIDATION
VALIDATION
valid epoch balanced_accuracy: 0.580040
EPOCH 43:
valid epoch balanced_accuracy: 0.678571
EPOCH 39:
VALIDATION
VALIDATION
valid epoch balanced_accuracy: 0.327417
EPOCH 40:
valid epoch balanced_accuracy: 0.607143
EPOCH 33:
VALIDATION
VALIDATION
valid epoch balanced_accuracy: 0.522727
EPOCH 44:
valid epoch balanced_accuracy: 0.507143
EPOCH 40:
VALIDATION
valid epoch balanced_accuracy: 0.287944
EPOCH 41:
VALIDATION
valid epoch balanced_accuracy: 0.669048
EPOCH 34:
VALIDATION
valid epoch balanced_accuracy: 0.512352
EPOCH 45:
VALIDATION
valid epoch balanced_accuracy: 0.540476
EPOCH 41:
VALIDATION
valid epoch balanced_accuracy: 0.301102
EPOCH 42:
VALIDATION
valid epoch balanced_accuracy: 0.571429
EPOCH 35:
VALIDATION
valid epoch balanced_accuracy: 0.544466
EPOCH 46:
VALIDATION
valid epoch balanced_accuracy: 0.678571
EPOCH 42:
VALIDATION
valid epoch balanced_accuracy: 0.419523
EPOCH 43:
VALIDATION
valid epoch balanced_accuracy: 0.638095
EPOCH 36:
VALIDATION
valid epoch balanced_accuracy: 0.532609
EPOCH 47:
VALIDATION
valid epoch balanced_accuracy: 0.464286
EPOCH 43:
VALIDATION
valid epoch balanced_accuracy: 0.261628
EPOCH 44:
VALIDATION
valid epoch balanced_accuracy: 0.750000
EPOCH 37:
VALIDATION
valid epoch balanced_accuracy: 0.533103
EPOCH 48:
VALIDATION
valid epoch balanced_accuracy: 0.640476
EPOCH 44:
VALIDATION
valid epoch balanced_accuracy: 0.325887
EPOCH 45:
VALIDATION
valid epoch balanced_accuracy: 0.592857
EPOCH 38:
VALIDATION
valid epoch balanced_accuracy: 0.447134
EPOCH 49:
VALIDATION
valid epoch balanced_accuracy: 0.402381
EPOCH 45:
VALIDATION
valid epoch balanced_accuracy: 0.260098
EPOCH 46:
VALIDATION
valid epoch balanced_accuracy: 0.745238
EPOCH 39:
VALIDATION
valid epoch balanced_accuracy: 0.580534
EPOCH 50:
VALIDATION
valid epoch balanced_accuracy: 0.471429
EPOCH 46:
VALIDATION
valid epoch balanced_accuracy: 0.352203
EPOCH 47:
VALIDATION
valid epoch balanced_accuracy: 0.738095
EPOCH 40:
VALIDATION
valid epoch balanced_accuracy: 0.435277
EPOCH 51:
VALIDATION
valid epoch balanced_accuracy: 0.492857
EPOCH 47:
VALIDATION
valid epoch balanced_accuracy: 0.458996
EPOCH 48:
VALIDATION
valid epoch balanced_accuracy: 0.704762
EPOCH 41:
VALIDATION
valid epoch balanced_accuracy: 0.391304
EPOCH 52:
VALIDATION
valid epoch balanced_accuracy: 0.488095
EPOCH 48:
VALIDATION
valid epoch balanced_accuracy: 0.393207
EPOCH 49:
VALIDATION
valid epoch balanced_accuracy: 0.688095
EPOCH 42:
VALIDATION
valid epoch balanced_accuracy: 0.481719
EPOCH 53:
VALIDATION
valid epoch balanced_accuracy: 0.492857
EPOCH 49:
VALIDATION
valid epoch balanced_accuracy: 0.417993
EPOCH 50:
VALIDATION
valid epoch balanced_accuracy: 0.702381
EPOCH 43:
VALIDATION
valid epoch balanced_accuracy: 0.525692
EPOCH 54:
VALIDATION
valid epoch balanced_accuracy: 0.416667
EPOCH 50:
VALIDATION
valid epoch balanced_accuracy: 0.393207
EPOCH 51:
VALIDATION
valid epoch balanced_accuracy: 0.716667
EPOCH 44:
VALIDATION
valid epoch balanced_accuracy: 0.471344
EPOCH 55:
VALIDATION
valid epoch balanced_accuracy: 0.397619
EPOCH 51:
VALIDATION
valid epoch balanced_accuracy: 0.406365
EPOCH 52:
VALIDATION
valid epoch balanced_accuracy: 0.776190
EPOCH 45:
VALIDATION
valid epoch balanced_accuracy: 0.523221
EPOCH 56:
VALIDATION
valid epoch balanced_accuracy: 0.500000
EPOCH 52:
VALIDATION
valid epoch balanced_accuracy: 0.378519
EPOCH 53:
VALIDATION
valid epoch balanced_accuracy: 0.757143
EPOCH 46:
VALIDATION
valid epoch balanced_accuracy: 0.371542
EPOCH 57:
VALIDATION
valid epoch balanced_accuracy: 0.438095
EPOCH 53:
VALIDATION
valid epoch balanced_accuracy: 0.299572
EPOCH 54:
VALIDATION
valid epoch balanced_accuracy: 0.633333
EPOCH 47:
VALIDATION
valid epoch balanced_accuracy: 0.465415
EPOCH 58:
VALIDATION
valid epoch balanced_accuracy: 0.492857
EPOCH 54:
VALIDATION
valid epoch balanced_accuracy: 0.365361
EPOCH 55:
VALIDATION
valid epoch balanced_accuracy: 0.645238
EPOCH 48:
VALIDATION
valid epoch balanced_accuracy: 0.467885
EPOCH 59:
VALIDATION
valid epoch balanced_accuracy: 0.483333
EPOCH 55:
VALIDATION
valid epoch balanced_accuracy: 0.325887
EPOCH 56:
VALIDATION
valid epoch balanced_accuracy: 0.707143
EPOCH 49:
VALIDATION
valid epoch balanced_accuracy: 0.514328
EPOCH 60:
VALIDATION
valid epoch balanced_accuracy: 0.450000
EPOCH 56:
VALIDATION
valid epoch balanced_accuracy: 0.175031
EPOCH 57:
VALIDATION
VALIDATION
valid epoch balanced_accuracy: 0.664286
EPOCH 50:
valid epoch balanced_accuracy: 0.515316
EPOCH 61:
VALIDATION
valid epoch balanced_accuracy: 0.595238
EPOCH 57:
VALIDATION
valid epoch balanced_accuracy: 0.258568
EPOCH 58:
VALIDATION
VALIDATION
valid epoch balanced_accuracy: 0.676190
EPOCH 51:
valid epoch balanced_accuracy: 0.394269
EPOCH 62:
VALIDATION
valid epoch balanced_accuracy: 0.471429
EPOCH 58:
VALIDATION
valid epoch balanced_accuracy: 0.340575
EPOCH 59:
VALIDATION
VALIDATION
valid epoch balanced_accuracy: 0.490613
EPOCH 63:
valid epoch balanced_accuracy: 0.597619
EPOCH 52:
VALIDATION
VALIDATION
valid epoch balanced_accuracy: 0.530952
EPOCH 59:
valid epoch balanced_accuracy: 0.299572
EPOCH 60:
VALIDATION
VALIDATION
valid epoch balanced_accuracy: 0.482708
EPOCH 64:
valid epoch balanced_accuracy: 0.640476
EPOCH 53:
VALIDATION
VALIDATION
valid epoch balanced_accuracy: 0.580952
EPOCH 60:
valid epoch balanced_accuracy: 0.325887
EPOCH 61:
VALIDATION
valid epoch balanced_accuracy: 0.458004
EPOCH 65:
VALIDATION
valid epoch balanced_accuracy: 0.678571
EPOCH 54:
VALIDATION
VALIDATION
valid epoch balanced_accuracy: 0.309670
EPOCH 62:
valid epoch balanced_accuracy: 0.466667
EPOCH 61:
VALIDATION
valid epoch balanced_accuracy: 0.535079
EPOCH 66:
VALIDATION
valid epoch balanced_accuracy: 0.621429
EPOCH 55:
VALIDATION
VALIDATION
valid epoch balanced_accuracy: 0.312729
EPOCH 63:
valid epoch balanced_accuracy: 0.409524
EPOCH 62:
VALIDATION
valid epoch balanced_accuracy: 0.448123
EPOCH 67:
VALIDATION
valid epoch balanced_accuracy: 0.616667
EPOCH 56:
VALIDATION
VALIDATION
valid epoch balanced_accuracy: 0.205936
EPOCH 64:
valid epoch balanced_accuracy: 0.433333
EPOCH 63:
VALIDATION
valid epoch balanced_accuracy: 0.435771
EPOCH 68:
VALIDATION
valid epoch balanced_accuracy: 0.730952
EPOCH 57:
VALIDATION
valid epoch balanced_accuracy: 0.378519
EPOCH 65:
VALIDATION
valid epoch balanced_accuracy: 0.457143
EPOCH 64:
VALIDATION
valid epoch balanced_accuracy: 0.489130
EPOCH 69:
VALIDATION
valid epoch balanced_accuracy: 0.676190
EPOCH 58:
VALIDATION
valid epoch balanced_accuracy: 0.219094
EPOCH 66:
VALIDATION
valid epoch balanced_accuracy: 0.459524
EPOCH 65:
VALIDATION
valid epoch balanced_accuracy: 0.424901
EPOCH 70:
VALIDATION
valid epoch balanced_accuracy: 0.673810
EPOCH 59:
VALIDATION
valid epoch balanced_accuracy: 0.235312
EPOCH 67:
VALIDATION
valid epoch balanced_accuracy: 0.578571
EPOCH 66:
VALIDATION
valid epoch balanced_accuracy: 0.459486
EPOCH 71:
VALIDATION
valid epoch balanced_accuracy: 0.592857
EPOCH 60:
VALIDATION
valid epoch balanced_accuracy: 0.298042
EPOCH 68:
VALIDATION
valid epoch balanced_accuracy: 0.604762
EPOCH 67:
VALIDATION
valid epoch balanced_accuracy: 0.503458
EPOCH 72:
VALIDATION
valid epoch balanced_accuracy: 0.550000
EPOCH 61:
VALIDATION
valid epoch balanced_accuracy: 0.273256
EPOCH 69:
VALIDATION
valid epoch balanced_accuracy: 0.452381
EPOCH 68:
VALIDATION
valid epoch balanced_accuracy: 0.515810
EPOCH 73:
VALIDATION
valid epoch balanced_accuracy: 0.714286
EPOCH 62:
VALIDATION
valid epoch balanced_accuracy: 0.271726
EPOCH 70:
VALIDATION
VALIDATION
valid epoch balanced_accuracy: 0.550000
EPOCH 69:
valid epoch balanced_accuracy: 0.500494
EPOCH 74:
VALIDATION
valid epoch balanced_accuracy: 0.714286
EPOCH 63:
VALIDATION
valid epoch balanced_accuracy: 0.274786
EPOCH 71:
VALIDATION
VALIDATION
valid epoch balanced_accuracy: 0.480237
EPOCH 75:
valid epoch balanced_accuracy: 0.502381
EPOCH 70:
VALIDATION
valid epoch balanced_accuracy: 0.704762
EPOCH 64:
VALIDATION
valid epoch balanced_accuracy: 0.271726
EPOCH 72:
VALIDATION
VALIDATION
valid epoch balanced_accuracy: 0.502964
EPOCH 76:
valid epoch balanced_accuracy: 0.400000
EPOCH 71:
VALIDATION
valid epoch balanced_accuracy: 0.659524
EPOCH 65:
VALIDATION
valid epoch balanced_accuracy: 0.340575
EPOCH 73:
VALIDATION
VALIDATION
valid epoch balanced_accuracy: 0.512352
EPOCH 77:
valid epoch balanced_accuracy: 0.450000
EPOCH 72:
VALIDATION
valid epoch balanced_accuracy: 0.647619
EPOCH 66:
VALIDATION
valid epoch balanced_accuracy: 0.258568
EPOCH 74:
VALIDATION
valid epoch balanced_accuracy: 0.500988
EPOCH 78:
VALIDATION
valid epoch balanced_accuracy: 0.428571
EPOCH 73:
VALIDATION
valid epoch balanced_accuracy: 0.640476
EPOCH 67:
VALIDATION
valid epoch balanced_accuracy: 0.312729
EPOCH 75:
VALIDATION
valid epoch balanced_accuracy: 0.471344
EPOCH 79:
VALIDATION
valid epoch balanced_accuracy: 0.688095
EPOCH 74:
VALIDATION
valid epoch balanced_accuracy: 0.740476
EPOCH 68:
VALIDATION
valid epoch balanced_accuracy: 0.299572
EPOCH 76:
VALIDATION
valid epoch balanced_accuracy: 0.544466
EPOCH 80:
VALIDATION
valid epoch balanced_accuracy: 0.504762
EPOCH 75:
VALIDATION
valid epoch balanced_accuracy: 0.723810
EPOCH 69:
VALIDATION
valid epoch balanced_accuracy: 0.353733
EPOCH 77:
VALIDATION
valid epoch balanced_accuracy: 0.535079
EPOCH 81:
VALIDATION
valid epoch balanced_accuracy: 0.476190
EPOCH 76:
VALIDATION
valid epoch balanced_accuracy: 0.695238
EPOCH 70:
VALIDATION
VALIDATION
valid epoch balanced_accuracy: 0.271726
EPOCH 78:
valid epoch balanced_accuracy: 0.501482
EPOCH 82:
VALIDATION
valid epoch balanced_accuracy: 0.476190
EPOCH 77:
VALIDATION
valid epoch balanced_accuracy: 0.733333
EPOCH 71:
VALIDATION
VALIDATION
valid epoch balanced_accuracy: 0.192778
EPOCH 79:
valid epoch balanced_accuracy: 0.532115
EPOCH 83:
VALIDATION
valid epoch balanced_accuracy: 0.526190
EPOCH 78:
VALIDATION
valid epoch balanced_accuracy: 0.711905
EPOCH 72:
VALIDATION
VALIDATION
valid epoch balanced_accuracy: 0.286414
EPOCH 80:
valid epoch balanced_accuracy: 0.537549
EPOCH 84:
VALIDATION
valid epoch balanced_accuracy: 0.466667
EPOCH 79:
VALIDATION
valid epoch balanced_accuracy: 0.640476
EPOCH 73:
VALIDATION
VALIDATION
valid epoch balanced_accuracy: 0.503953
EPOCH 85:
valid epoch balanced_accuracy: 0.286414
EPOCH 81:
VALIDATION
valid epoch balanced_accuracy: 0.466667
EPOCH 80:
VALIDATION
valid epoch balanced_accuracy: 0.633333
EPOCH 74:
VALIDATION
VALIDATION
valid epoch balanced_accuracy: 0.523715
EPOCH 86:
valid epoch balanced_accuracy: 0.299572
EPOCH 82:
VALIDATION
valid epoch balanced_accuracy: 0.502381
EPOCH 81:
VALIDATION
valid epoch balanced_accuracy: 0.669048
EPOCH 75:
VALIDATION
VALIDATION
valid epoch balanced_accuracy: 0.470850
EPOCH 87:
valid epoch balanced_accuracy: 0.352203
EPOCH 83:
VALIDATION
valid epoch balanced_accuracy: 0.545238
EPOCH 82:
VALIDATION
VALIDATION
VALIDATION
valid epoch balanced_accuracy: 0.750000
EPOCH 76:
valid epoch balanced_accuracy: 0.547431
EPOCH 88:
valid epoch balanced_accuracy: 0.261628
EPOCH 84:
VALIDATION
valid epoch balanced_accuracy: 0.490476
EPOCH 83:
VALIDATION
VALIDATION
valid epoch balanced_accuracy: 0.642787
VALIDATION
EPOCH 89:
valid epoch balanced_accuracy: 0.583333
EPOCH 77:
valid epoch balanced_accuracy: 0.311200
EPOCH 85:
VALIDATION
valid epoch balanced_accuracy: 0.490476
EPOCH 84:
VALIDATION
valid epoch balanced_accuracy: 0.548419
EPOCH 90:
VALIDATION
VALIDATION
valid epoch balanced_accuracy: 0.738095
EPOCH 78:
valid epoch balanced_accuracy: 0.260098
EPOCH 86:
VALIDATION
valid epoch balanced_accuracy: 0.492857
EPOCH 85:
VALIDATION
valid epoch balanced_accuracy: 0.526186
EPOCH 91:
VALIDATION
VALIDATION
valid epoch balanced_accuracy: 0.745238
EPOCH 79:
valid epoch balanced_accuracy: 0.271726
EPOCH 87:
VALIDATION
valid epoch balanced_accuracy: 0.466667
EPOCH 86:
VALIDATION
valid epoch balanced_accuracy: 0.581028
EPOCH 92:
VALIDATION
VALIDATION
valid epoch balanced_accuracy: 0.747619
EPOCH 80:
valid epoch balanced_accuracy: 0.298042
EPOCH 88:
VALIDATION
valid epoch balanced_accuracy: 0.433333
EPOCH 87:
VALIDATION
valid epoch balanced_accuracy: 0.455040
EPOCH 93:
VALIDATION
VALIDATION
valid epoch balanced_accuracy: 0.697619
EPOCH 81:
valid epoch balanced_accuracy: 0.270196
EPOCH 89:
VALIDATION
valid epoch balanced_accuracy: 0.547619
EPOCH 88:
VALIDATION
valid epoch balanced_accuracy: 0.543972
EPOCH 94:
VALIDATION
VALIDATION
valid epoch balanced_accuracy: 0.270196
EPOCH 90:
valid epoch balanced_accuracy: 0.652381
EPOCH 82:
VALIDATION
valid epoch balanced_accuracy: 0.450000
EPOCH 89:
VALIDATION
valid epoch balanced_accuracy: 0.481719
EPOCH 95:
VALIDATION
VALIDATION
valid epoch balanced_accuracy: 0.274786
EPOCH 91:
valid epoch balanced_accuracy: 0.704762
EPOCH 83:
VALIDATION
valid epoch balanced_accuracy: 0.504762
EPOCH 90:
VALIDATION
valid epoch balanced_accuracy: 0.537549
EPOCH 96:
VALIDATION
valid epoch balanced_accuracy: 0.363831
EPOCH 92:
VALIDATION
valid epoch balanced_accuracy: 0.735714
EPOCH 84:
VALIDATION
valid epoch balanced_accuracy: 0.519048
EPOCH 91:
VALIDATION
valid epoch balanced_accuracy: 0.479743
EPOCH 97:
VALIDATION
valid epoch balanced_accuracy: 0.458996
EPOCH 93:
VALIDATION
valid epoch balanced_accuracy: 0.669048
EPOCH 85:
VALIDATION
valid epoch balanced_accuracy: 0.414286
EPOCH 92:
VALIDATION
valid epoch balanced_accuracy: 0.524704
EPOCH 98:
VALIDATION
valid epoch balanced_accuracy: 0.327417
EPOCH 94:
VALIDATION
valid epoch balanced_accuracy: 0.704762
EPOCH 86:
VALIDATION
valid epoch balanced_accuracy: 0.514286
EPOCH 93:
VALIDATION
valid epoch balanced_accuracy: 0.515810
EPOCH 99:
VALIDATION
valid epoch balanced_accuracy: 0.378519
EPOCH 95:
VALIDATION
valid epoch balanced_accuracy: 0.626190
EPOCH 87:
VALIDATION
valid epoch balanced_accuracy: 0.450000
EPOCH 94:
VALIDATION
valid epoch balanced_accuracy: 0.547431
EPOCH 100:
VALIDATION
valid epoch balanced_accuracy: 0.257038
EPOCH 96:
VALIDATION
valid epoch balanced_accuracy: 0.738095
EPOCH 88:
VALIDATION
valid epoch balanced_accuracy: 0.526190
EPOCH 95:
VALIDATION
valid epoch balanced_accuracy: 0.525692
EPOCH 101:
VALIDATION
valid epoch balanced_accuracy: 0.270196
EPOCH 97:
VALIDATION
valid epoch balanced_accuracy: 0.685714
EPOCH 89:
VALIDATION
valid epoch balanced_accuracy: 0.609524
EPOCH 96:
VALIDATION
valid epoch balanced_accuracy: 0.562747
EPOCH 102:
VALIDATION
valid epoch balanced_accuracy: 0.362301
EPOCH 98:
VALIDATION
valid epoch balanced_accuracy: 0.630952
EPOCH 90:
VALIDATION
valid epoch balanced_accuracy: 0.535714
EPOCH 97:
VALIDATION
valid epoch balanced_accuracy: 0.516798
EPOCH 103:
VALIDATION
valid epoch balanced_accuracy: 0.349143
EPOCH 99:
VALIDATION
valid epoch balanced_accuracy: 0.714286
EPOCH 91:
VALIDATION
valid epoch balanced_accuracy: 0.450000
EPOCH 98:
VALIDATION
valid epoch balanced_accuracy: 0.546443
EPOCH 104:
VALIDATION
valid epoch balanced_accuracy: 0.283354
EPOCH 100:
VALIDATION
valid epoch balanced_accuracy: 0.745238
EPOCH 92:
VALIDATION
valid epoch balanced_accuracy: 0.533333
EPOCH 99:
VALIDATION
valid epoch balanced_accuracy: 0.501482
EPOCH 105:
VALIDATION
valid epoch balanced_accuracy: 0.229192
EPOCH 101:
VALIDATION
valid epoch balanced_accuracy: 0.597619
EPOCH 93:
VALIDATION
valid epoch balanced_accuracy: 0.492857
EPOCH 100:
VALIDATION
valid epoch balanced_accuracy: 0.544466
EPOCH 106:
VALIDATION
valid epoch balanced_accuracy: 0.284884
EPOCH 102:
VALIDATION
valid epoch balanced_accuracy: 0.683333
EPOCH 94:
VALIDATION
valid epoch balanced_accuracy: 0.526190
EPOCH 101:
VALIDATION
valid epoch balanced_accuracy: 0.613142
EPOCH 107:
VALIDATION
valid epoch balanced_accuracy: 0.404835
EPOCH 103:
VALIDATION
valid epoch balanced_accuracy: 0.576190
EPOCH 95:
VALIDATION
valid epoch balanced_accuracy: 0.576190
EPOCH 102:
VALIDATION
valid epoch balanced_accuracy: 0.555336
EPOCH 108:
VALIDATION
valid epoch balanced_accuracy: 0.325887
EPOCH 104:
VALIDATION
valid epoch balanced_accuracy: 0.723810
EPOCH 96:
VALIDATION
valid epoch balanced_accuracy: 0.597619
EPOCH 103:
VALIDATION
valid epoch balanced_accuracy: 0.625494
EPOCH 109:
VALIDATION
valid epoch balanced_accuracy: 0.404835
EPOCH 105:
VALIDATION
valid epoch balanced_accuracy: 0.714286
EPOCH 97:
VALIDATION
valid epoch balanced_accuracy: 0.683333
EPOCH 104:
VALIDATION
valid epoch balanced_accuracy: 0.536067
EPOCH 110:
VALIDATION
valid epoch balanced_accuracy: 0.309670
EPOCH 106:
VALIDATION
valid epoch balanced_accuracy: 0.702381
EPOCH 98:
VALIDATION
VALIDATION
valid epoch balanced_accuracy: 0.511905
EPOCH 105:
valid epoch balanced_accuracy: 0.568182
EPOCH 111:
VALIDATION
valid epoch balanced_accuracy: 0.296512
EPOCH 107:
VALIDATION
valid epoch balanced_accuracy: 0.626190
EPOCH 99:
VALIDATION
VALIDATION
valid epoch balanced_accuracy: 0.543972
EPOCH 112:
valid epoch balanced_accuracy: 0.397619
EPOCH 106:
VALIDATION
valid epoch balanced_accuracy: 0.376989
EPOCH 108:
VALIDATION
valid epoch balanced_accuracy: 0.661905
EPOCH 100:
VALIDATION
VALIDATION
valid epoch balanced_accuracy: 0.582510
EPOCH 113:
valid epoch balanced_accuracy: 0.521429
EPOCH 107:
VALIDATION
valid epoch balanced_accuracy: 0.271726
EPOCH 109:
VALIDATION
valid epoch balanced_accuracy: 0.635714
EPOCH 101:
VALIDATION
valid epoch balanced_accuracy: 0.501976
EPOCH 114:
VALIDATION
valid epoch balanced_accuracy: 0.540476
EPOCH 108:
VALIDATION
valid epoch balanced_accuracy: 0.340575
EPOCH 110:
VALIDATION
valid epoch balanced_accuracy: 0.647619
EPOCH 102:
VALIDATION
valid epoch balanced_accuracy: 0.490613
EPOCH 115:
VALIDATION
valid epoch balanced_accuracy: 0.521429
EPOCH 109:
VALIDATION
valid epoch balanced_accuracy: 0.337515
EPOCH 111:
VALIDATION
valid epoch balanced_accuracy: 0.640476
EPOCH 103:
VALIDATION
valid epoch balanced_accuracy: 0.593874
EPOCH 116:
VALIDATION
valid epoch balanced_accuracy: 0.469048
EPOCH 110:
VALIDATION
valid epoch balanced_accuracy: 0.298042
EPOCH 112:
VALIDATION
VALIDATION
valid epoch balanced_accuracy: 0.616667
EPOCH 104:
valid epoch balanced_accuracy: 0.549407
EPOCH 117:
VALIDATION
valid epoch balanced_accuracy: 0.583333
EPOCH 111:
VALIDATION
valid epoch balanced_accuracy: 0.393207
EPOCH 113:
VALIDATION
VALIDATION
valid epoch balanced_accuracy: 0.728571
EPOCH 105:
valid epoch balanced_accuracy: 0.491107
EPOCH 118:
VALIDATION
valid epoch balanced_accuracy: 0.459524
EPOCH 112:
VALIDATION
valid epoch balanced_accuracy: 0.378519
EPOCH 114:
VALIDATION
VALIDATION
valid epoch balanced_accuracy: 0.492095
EPOCH 119:
valid epoch balanced_accuracy: 0.730952
EPOCH 106:
VALIDATION
valid epoch balanced_accuracy: 0.554762
EPOCH 113:
VALIDATION
valid epoch balanced_accuracy: 0.298042
EPOCH 115:
VALIDATION
valid epoch balanced_accuracy: 0.560277
EPOCH 120:
VALIDATION
valid epoch balanced_accuracy: 0.695238
EPOCH 107:
VALIDATION
valid epoch balanced_accuracy: 0.573810
EPOCH 114:
VALIDATION
valid epoch balanced_accuracy: 0.311200
EPOCH 116:
VALIDATION
valid epoch balanced_accuracy: 0.514822
EPOCH 121:
VALIDATION
valid epoch balanced_accuracy: 0.576190
EPOCH 108:
VALIDATION
valid epoch balanced_accuracy: 0.507143
EPOCH 115:
VALIDATION
valid epoch balanced_accuracy: 0.365361
EPOCH 117:
VALIDATION
valid epoch balanced_accuracy: 0.547925
EPOCH 122:
VALIDATION
valid epoch balanced_accuracy: 0.626190
EPOCH 109:
VALIDATION
valid epoch balanced_accuracy: 0.566667
EPOCH 116:
VALIDATION
valid epoch balanced_accuracy: 0.284884
EPOCH 118:
VALIDATION
valid epoch balanced_accuracy: 0.588439
EPOCH 123:
VALIDATION
valid epoch balanced_accuracy: 0.728571
EPOCH 110:
VALIDATION
valid epoch balanced_accuracy: 0.659524
EPOCH 117:
VALIDATION
valid epoch balanced_accuracy: 0.380049
EPOCH 119:
VALIDATION
valid epoch balanced_accuracy: 0.512846
EPOCH 124:
VALIDATION
valid epoch balanced_accuracy: 0.680952
EPOCH 111:
VALIDATION
valid epoch balanced_accuracy: 0.602381
EPOCH 118:
VALIDATION
valid epoch balanced_accuracy: 0.353733
EPOCH 120:
VALIDATION
valid epoch balanced_accuracy: 0.524704
EPOCH 125:
VALIDATION
valid epoch balanced_accuracy: 0.704762
EPOCH 112:
VALIDATION
valid epoch balanced_accuracy: 0.400000
EPOCH 119:
VALIDATION
valid epoch balanced_accuracy: 0.352203
EPOCH 121:
VALIDATION
valid epoch balanced_accuracy: 0.546937
EPOCH 126:
VALIDATION
valid epoch balanced_accuracy: 0.488095
EPOCH 113:
VALIDATION
valid epoch balanced_accuracy: 0.604762
EPOCH 120:
VALIDATION
valid epoch balanced_accuracy: 0.258568
EPOCH 122:
VALIDATION
valid epoch balanced_accuracy: 0.557806
EPOCH 127:
VALIDATION
valid epoch balanced_accuracy: 0.633333
EPOCH 114:
VALIDATION
valid epoch balanced_accuracy: 0.528571
EPOCH 121:
VALIDATION
valid epoch balanced_accuracy: 0.335985
EPOCH 123:
VALIDATION
valid epoch balanced_accuracy: 0.643775
EPOCH 128:
VALIDATION
valid epoch balanced_accuracy: 0.678571
EPOCH 115:
VALIDATION
valid epoch balanced_accuracy: 0.533333
EPOCH 122:
VALIDATION
valid epoch balanced_accuracy: 0.340575
EPOCH 124:
VALIDATION
valid epoch balanced_accuracy: 0.541502
EPOCH 129:
VALIDATION
valid epoch balanced_accuracy: 0.645238
EPOCH 116:
VALIDATION
VALIDATION
valid epoch balanced_accuracy: 0.628571
EPOCH 123:
valid epoch balanced_accuracy: 0.378519
EPOCH 125:
VALIDATION
valid epoch balanced_accuracy: 0.556818
EPOCH 130:
VALIDATION
valid epoch balanced_accuracy: 0.638095
EPOCH 117:
VALIDATION
VALIDATION
valid epoch balanced_accuracy: 0.535714
EPOCH 124:
valid epoch balanced_accuracy: 0.391677
EPOCH 126:
VALIDATION
valid epoch balanced_accuracy: 0.560277
EPOCH 131:
VALIDATION
valid epoch balanced_accuracy: 0.714286
EPOCH 118:
VALIDATION
VALIDATION
valid epoch balanced_accuracy: 0.312729
valid epoch balanced_accuracy: 0.523810
EPOCH 127:
EPOCH 125:
VALIDATION
valid epoch balanced_accuracy: 0.535079
EPOCH 132:
VALIDATION
valid epoch balanced_accuracy: 0.661905
EPOCH 119:
VALIDATION
VALIDATION
valid epoch balanced_accuracy: 0.284884
EPOCH 128:
valid epoch balanced_accuracy: 0.550000
EPOCH 126:
VALIDATION
valid epoch balanced_accuracy: 0.589921
EPOCH 133:
VALIDATION
valid epoch balanced_accuracy: 0.678571
EPOCH 120:
VALIDATION
valid epoch balanced_accuracy: 0.258568
EPOCH 129:
VALIDATION
valid epoch balanced_accuracy: 0.464286
EPOCH 127:
VALIDATION
valid epoch balanced_accuracy: 0.502470
EPOCH 134:
VALIDATION
valid epoch balanced_accuracy: 0.657143
EPOCH 121:
VALIDATION
valid epoch balanced_accuracy: 0.271726
EPOCH 130:
VALIDATION
valid epoch balanced_accuracy: 0.611905
EPOCH 128:
VALIDATION
valid epoch balanced_accuracy: 0.514328
EPOCH 135:
VALIDATION
valid epoch balanced_accuracy: 0.680952
EPOCH 122:
VALIDATION
valid epoch balanced_accuracy: 0.404835
EPOCH 131:
VALIDATION
valid epoch balanced_accuracy: 0.580952
EPOCH 129:
VALIDATION
valid epoch balanced_accuracy: 0.513340
EPOCH 136:
VALIDATION
valid epoch balanced_accuracy: 0.683333
EPOCH 123:
VALIDATION
valid epoch balanced_accuracy: 0.298042
EPOCH 132:
VALIDATION
valid epoch balanced_accuracy: 0.466667
EPOCH 130:
VALIDATION
valid epoch balanced_accuracy: 0.526186
EPOCH 137:
VALIDATION
valid epoch balanced_accuracy: 0.654762
EPOCH 124:
VALIDATION
valid epoch balanced_accuracy: 0.311200
EPOCH 133:
VALIDATION
valid epoch balanced_accuracy: 0.464286
EPOCH 131:
VALIDATION
valid epoch balanced_accuracy: 0.521739
EPOCH 138:
VALIDATION
VALIDATION
valid epoch balanced_accuracy: 0.673810
EPOCH 125:
valid epoch balanced_accuracy: 0.362301
EPOCH 134:
VALIDATION
valid epoch balanced_accuracy: 0.485714
EPOCH 132:
VALIDATION
valid epoch balanced_accuracy: 0.502470
EPOCH 139:
VALIDATION
VALIDATION
valid epoch balanced_accuracy: 0.685714
EPOCH 126:
valid epoch balanced_accuracy: 0.363831
EPOCH 135:
VALIDATION
valid epoch balanced_accuracy: 0.438095
EPOCH 133:
VALIDATION
valid epoch balanced_accuracy: 0.515810
EPOCH 140:
VALIDATION
VALIDATION
valid epoch balanced_accuracy: 0.626190
EPOCH 127:
valid epoch balanced_accuracy: 0.324357
EPOCH 136:
VALIDATION
valid epoch balanced_accuracy: 0.416667
EPOCH 134:
VALIDATION
valid epoch balanced_accuracy: 0.637846
EPOCH 141:
VALIDATION
VALIDATION
valid epoch balanced_accuracy: 0.390147
EPOCH 137:
valid epoch balanced_accuracy: 0.695238
EPOCH 128:
VALIDATION
valid epoch balanced_accuracy: 0.500000
EPOCH 135:
VALIDATION
valid epoch balanced_accuracy: 0.516798
EPOCH 142:
VALIDATION
VALIDATION
valid epoch balanced_accuracy: 0.283354
EPOCH 138:
valid epoch balanced_accuracy: 0.666667
EPOCH 129:
VALIDATION
VALIDATION
valid epoch balanced_accuracy: 0.566667
EPOCH 136:
valid epoch balanced_accuracy: 0.570158
EPOCH 143:
VALIDATION
VALIDATION
valid epoch balanced_accuracy: 0.322827
EPOCH 139:
valid epoch balanced_accuracy: 0.635714
EPOCH 130:
VALIDATION
VALIDATION
valid epoch balanced_accuracy: 0.514328
EPOCH 144:
valid epoch balanced_accuracy: 0.526190
EPOCH 137:
VALIDATION
VALIDATION
valid epoch balanced_accuracy: 0.376989
EPOCH 140:
valid epoch balanced_accuracy: 0.659524
EPOCH 131:
VALIDATION
valid epoch balanced_accuracy: 0.590909
EPOCH 145:
VALIDATION
valid epoch balanced_accuracy: 0.490476
EPOCH 138:
VALIDATION
valid epoch balanced_accuracy: 0.296512
EPOCH 141:
VALIDATION
valid epoch balanced_accuracy: 0.669048
EPOCH 132:
VALIDATION
valid epoch balanced_accuracy: 0.525198
EPOCH 146:
VALIDATION
valid epoch balanced_accuracy: 0.614286
EPOCH 139:
VALIDATION
valid epoch balanced_accuracy: 0.363831
EPOCH 142:
VALIDATION
valid epoch balanced_accuracy: 0.690476
VALIDATION
EPOCH 133:
valid epoch balanced_accuracy: 0.545949
EPOCH 147:
VALIDATION
valid epoch balanced_accuracy: 0.509524
EPOCH 140:
VALIDATION
valid epoch balanced_accuracy: 0.337515
EPOCH 143:
VALIDATION
VALIDATION
valid epoch balanced_accuracy: 0.702381
EPOCH 134:
valid epoch balanced_accuracy: 0.481225
EPOCH 148:
VALIDATION
valid epoch balanced_accuracy: 0.602381
EPOCH 141:
VALIDATION
valid epoch balanced_accuracy: 0.283354
EPOCH 144:
VALIDATION
VALIDATION
valid epoch balanced_accuracy: 0.549901
EPOCH 149:
valid epoch balanced_accuracy: 0.685714
EPOCH 135:
VALIDATION
valid epoch balanced_accuracy: 0.585714
EPOCH 142:
VALIDATION
valid epoch balanced_accuracy: 0.309670
EPOCH 145:
VALIDATION
valid epoch balanced_accuracy: 0.544960
EPOCH 150:
VALIDATION
valid epoch balanced_accuracy: 0.659524
EPOCH 136:
VALIDATION
valid epoch balanced_accuracy: 0.557143
EPOCH 143:
VALIDATION
valid epoch balanced_accuracy: 0.365361
EPOCH 146:
VALIDATION
valid epoch balanced_accuracy: 0.556818
VALIDATION
accuracy: 0.455556
sensitivity: 0.454545
precision: 0.444444
specificity: 0.456522
IoU: 0.289855
FAR: 0.543478
F1: 0.449438
balanced_accuracy: 0.455534
loss: 1.433535
valid epoch balanced_accuracy: 0.669048
EPOCH 137:
VALIDATION
valid epoch balanced_accuracy: 0.466667
EPOCH 144:
VALIDATION
valid epoch balanced_accuracy: 0.270196
EPOCH 147:
VALIDATION
valid epoch balanced_accuracy: 0.742857
EPOCH 138:
VALIDATION
valid epoch balanced_accuracy: 0.535714
EPOCH 145:
VALIDATION
valid epoch balanced_accuracy: 0.335985
EPOCH 148:
VALIDATION
valid epoch balanced_accuracy: 0.680952
EPOCH 139:
VALIDATION
valid epoch balanced_accuracy: 0.466667
EPOCH 146:
VALIDATION
valid epoch balanced_accuracy: 0.311200
EPOCH 149:
VALIDATION
valid epoch balanced_accuracy: 0.678571
EPOCH 140:
VALIDATION
valid epoch balanced_accuracy: 0.614286
EPOCH 147:
VALIDATION
valid epoch balanced_accuracy: 0.311200
EPOCH 150:
VALIDATION
valid epoch balanced_accuracy: 0.680952
EPOCH 141:
VALIDATION
valid epoch balanced_accuracy: 0.542857
EPOCH 148:
VALIDATION
valid epoch balanced_accuracy: 0.283354
accuracy: 0.469136
sensitivity: 0.000000
precision: 0.000000
specificity: 0.883721
IoU: 0.000000
FAR: 0.116279
F1: 0.000000
balanced_accuracy: 0.441860
loss: 3.017992
VALIDATION
valid epoch balanced_accuracy: 0.638095
EPOCH 142:
VALIDATION
valid epoch balanced_accuracy: 0.628571
EPOCH 149:
VALIDATION
VALIDATION
valid epoch balanced_accuracy: 0.685714
EPOCH 143:
valid epoch balanced_accuracy: 0.611905
EPOCH 150:
VALIDATION
VALIDATION
valid epoch balanced_accuracy: 0.714286
EPOCH 144:
valid epoch balanced_accuracy: 0.480952
accuracy: 0.661538
sensitivity: 0.633333
precision: 0.633333
specificity: 0.685714
IoU: 0.463415
FAR: 0.314286
F1: 0.633333
balanced_accuracy: 0.659524
loss: 0.631367
VALIDATION
valid epoch balanced_accuracy: 0.690476
EPOCH 145:
VALIDATION
valid epoch balanced_accuracy: 0.659524
EPOCH 146:
VALIDATION
valid epoch balanced_accuracy: 0.654762
EPOCH 147:
VALIDATION
valid epoch balanced_accuracy: 0.697619
EPOCH 148:
VALIDATION
valid epoch balanced_accuracy: 0.664286
EPOCH 149:
VALIDATION
valid epoch balanced_accuracy: 0.595238
EPOCH 150:
VALIDATION
valid epoch balanced_accuracy: 0.630952
accuracy: 0.692308
sensitivity: 0.885714
precision: 0.659574
specificity: 0.466667
IoU: 0.607843
FAR: 0.533333
F1: 0.756098
balanced_accuracy: 0.676190
loss: 0.585188

number of parameters : 1296796
train : (1382, 12)
valid : (65, 12)
test : (65, 12)
class weights : [1.0, 1.0]
balanced batches : 87 per epoch covering all 1382 train rows, target 8 positive + 8 unlabeled
cache warmed : 35 proteins, 409 lipid encodings, 0 lipid graphs, 131 MiB
data extracted
EPOCH 1:
VALIDATION
valid epoch balanced_accuracy: 0.628571
EPOCH 2:
VALIDATION
valid epoch balanced_accuracy: 0.659524
EPOCH 3:
VALIDATION
valid epoch balanced_accuracy: 0.678571
EPOCH 4:
VALIDATION
valid epoch balanced_accuracy: 0.680952
EPOCH 5:
VALIDATION
valid epoch balanced_accuracy: 0.709524
EPOCH 6:
VALIDATION
valid epoch balanced_accuracy: 0.697619
EPOCH 7:
VALIDATION
valid epoch balanced_accuracy: 0.702381
EPOCH 8:

VALIDATION
number of parameters : 1296796
valid epoch balanced_accuracy: 0.659524
EPOCH 9:
train : (1382, 12)
valid : (65, 12)
test : (65, 12)
class weights : [1.0, 1.0]
balanced batches : 87 per epoch covering all 1382 train rows, target 8 positive + 8 unlabeled
VALIDATION
valid epoch balanced_accuracy: 0.664286
EPOCH 10:
cache warmed : 35 proteins, 409 lipid encodings, 0 lipid graphs, 131 MiB
data extracted
EPOCH 1:
VALIDATION
valid epoch balanced_accuracy: 0.676190
EPOCH 11:
VALIDATION
valid epoch balanced_accuracy: 0.715996
EPOCH 2:

number of parameters : 1296796
train : (1426, 12)
valid : (43, 12)
test : (43, 12)
class weights : [1.0, 1.0]
balanced batches : 90 per epoch covering all 1426 train rows, target 8 positive + 8 unlabeled
VALIDATION
valid epoch balanced_accuracy: 0.702381
EPOCH 12:
VALIDATION
valid epoch balanced_accuracy: 0.673851
EPOCH 3:
cache warmed : 35 proteins, 409 lipid encodings, 0 lipid graphs, 131 MiB
data extracted
EPOCH 1:
VALIDATION
valid epoch balanced_accuracy: 0.535714
EPOCH 13:
VALIDATION
valid epoch balanced_accuracy: 0.726054
EPOCH 4:
VALIDATION
valid epoch balanced_accuracy: 0.649321
VALIDATION
EPOCH 2:
valid epoch balanced_accuracy: 0.450000
EPOCH 14:
VALIDATION
valid epoch balanced_accuracy: 0.638889
EPOCH 5:
VALIDATION
VALIDATION
valid epoch balanced_accuracy: 0.643665
EPOCH 3:
valid epoch balanced_accuracy: 0.283333
EPOCH 15:

VALIDATION
valid epoch balanced_accuracy: 0.611111
EPOCH 6:
number of parameters : 1296796
train : (1426, 12)
valid : (43, 12)
test : (43, 12)
class weights : [1.0, 1.0]
balanced batches : 90 per epoch covering all 1426 train rows, target 8 positive + 8 unlabeled
VALIDATION
VALIDATION
valid epoch balanced_accuracy: 0.671946
EPOCH 4:
valid epoch balanced_accuracy: 0.747619
EPOCH 16:
cache warmed : 35 proteins, 409 lipid encodings, 0 lipid graphs, 131 MiB
data extracted
EPOCH 1:
VALIDATION
valid epoch balanced_accuracy: 0.698276
EPOCH 7:
VALIDATION
VALIDATION
valid epoch balanced_accuracy: 0.680952
EPOCH 17:
valid epoch balanced_accuracy: 0.660633
EPOCH 5:
VALIDATION
valid epoch balanced_accuracy: 0.546935
EPOCH 8:
VALIDATION
valid epoch balanced_accuracy: 0.582609
EPOCH 2:
VALIDATION
valid epoch balanced_accuracy: 0.740476
EPOCH 18:
VALIDATION
valid epoch balanced_accuracy: 0.652715
EPOCH 6:
VALIDATION
valid epoch balanced_accuracy: 0.629789
EPOCH 9:
VALIDATION
valid epoch balanced_accuracy: 0.494565
EPOCH 3:
VALIDATION
VALIDATION
valid epoch balanced_accuracy: 0.735714
EPOCH 19:
valid epoch balanced_accuracy: 0.573529
EPOCH 7:
VALIDATION
valid epoch balanced_accuracy: 0.595307
EPOCH 10:
VALIDATION
valid epoch balanced_accuracy: 0.557609
EPOCH 4:
VALIDATION
VALIDATION
valid epoch balanced_accuracy: 0.507143
EPOCH 20:
valid epoch balanced_accuracy: 0.614253
EPOCH 8:
VALIDATION
valid epoch balanced_accuracy: 0.529215
EPOCH 11:
VALIDATION
valid epoch balanced_accuracy: 0.576087
EPOCH 5:
VALIDATION
VALIDATION
valid epoch balanced_accuracy: 0.609524
EPOCH 21:
valid epoch balanced_accuracy: 0.554299
EPOCH 9:
VALIDATION
valid epoch balanced_accuracy: 0.501437
EPOCH 12:
VALIDATION
valid epoch balanced_accuracy: 0.579348
EPOCH 6:
VALIDATION
valid epoch balanced_accuracy: 0.678571
EPOCH 22:
VALIDATION
valid epoch balanced_accuracy: 0.642534
EPOCH 10:
VALIDATION
valid epoch balanced_accuracy: 0.498084
EPOCH 13:
VALIDATION
valid epoch balanced_accuracy: 0.717391
EPOCH 7:
VALIDATION
valid epoch balanced_accuracy: 0.519048
EPOCH 23:
VALIDATION
valid epoch balanced_accuracy: 0.592760
EPOCH 11:
VALIDATION
valid epoch balanced_accuracy: 0.598659
EPOCH 14:
VALIDATION
valid epoch balanced_accuracy: 0.644565
EPOCH 8:
VALIDATION
valid epoch balanced_accuracy: 0.619048
EPOCH 24:
VALIDATION
valid epoch balanced_accuracy: 0.642534
EPOCH 12:
VALIDATION
valid epoch balanced_accuracy: 0.584770
EPOCH 15:
VALIDATION
valid epoch balanced_accuracy: 0.772826
EPOCH 9:
VALIDATION
valid epoch balanced_accuracy: 0.626190
EPOCH 25:
VALIDATION
valid epoch balanced_accuracy: 0.671946
EPOCH 13:
VALIDATION
valid epoch balanced_accuracy: 0.578065
EPOCH 16:
VALIDATION
valid epoch balanced_accuracy: 0.666304
EPOCH 10:
VALIDATION
valid epoch balanced_accuracy: 0.440476
EPOCH 26:
VALIDATION
valid epoch balanced_accuracy: 0.483032
EPOCH 14:
VALIDATION
valid epoch balanced_accuracy: 0.498084
EPOCH 17:
VALIDATION
valid epoch balanced_accuracy: 0.682609
EPOCH 11:
VALIDATION
valid epoch balanced_accuracy: 0.442857
EPOCH 27:
VALIDATION
valid epoch balanced_accuracy: 0.575792
EPOCH 15:
VALIDATION
valid epoch balanced_accuracy: 0.556513
EPOCH 18:
VALIDATION
valid epoch balanced_accuracy: 0.513043
EPOCH 12:
VALIDATION
valid epoch balanced_accuracy: 0.440476
EPOCH 28:
VALIDATION
valid epoch balanced_accuracy: 0.660633
EPOCH 16:
VALIDATION
valid epoch balanced_accuracy: 0.616379
EPOCH 19:
VALIDATION
valid epoch balanced_accuracy: 0.553261
EPOCH 13:
VALIDATION
valid epoch balanced_accuracy: 0.559524
EPOCH 29:
VALIDATION
valid epoch balanced_accuracy: 0.602941
EPOCH 17:
VALIDATION
valid epoch balanced_accuracy: 0.609195
EPOCH 20:
VALIDATION
valid epoch balanced_accuracy: 0.491304
EPOCH 14:
VALIDATION
valid epoch balanced_accuracy: 0.473810
EPOCH 30:
VALIDATION
valid epoch balanced_accuracy: 0.632353
EPOCH 18:
VALIDATION
valid epoch balanced_accuracy: 0.630268
EPOCH 21:
VALIDATION
valid epoch balanced_accuracy: 0.314130
EPOCH 15:
VALIDATION
valid epoch balanced_accuracy: 0.514286
EPOCH 31:
VALIDATION
valid epoch balanced_accuracy: 0.623303
EPOCH 19:
VALIDATION
valid epoch balanced_accuracy: 0.643678
EPOCH 22:
VALIDATION
valid epoch balanced_accuracy: 0.494565
EPOCH 16:
VALIDATION
valid epoch balanced_accuracy: 0.454762
EPOCH 32:
VALIDATION
valid epoch balanced_accuracy: 0.610860
EPOCH 20:
VALIDATION
valid epoch balanced_accuracy: 0.612548
EPOCH 23:
VALIDATION
valid epoch balanced_accuracy: 0.488043
EPOCH 17:
VALIDATION
valid epoch balanced_accuracy: 0.457143
EPOCH 33:
VALIDATION
valid epoch balanced_accuracy: 0.590498
EPOCH 21:
VALIDATION
valid epoch balanced_accuracy: 0.633621
EPOCH 24:
VALIDATION
valid epoch balanced_accuracy: 0.509783
EPOCH 18:
VALIDATION
valid epoch balanced_accuracy: 0.400000
EPOCH 34:
VALIDATION
valid epoch balanced_accuracy: 0.549774
EPOCH 22:
VALIDATION
valid epoch balanced_accuracy: 0.650383
EPOCH 25:
VALIDATION
valid epoch balanced_accuracy: 0.494565
EPOCH 19:
VALIDATION
valid epoch balanced_accuracy: 0.440476
EPOCH 35:
VALIDATION
valid epoch balanced_accuracy: 0.504525
EPOCH 23:
VALIDATION
valid epoch balanced_accuracy: 0.570402
EPOCH 26:
VALIDATION
valid epoch balanced_accuracy: 0.463043
VALIDATION
EPOCH 20:
valid epoch balanced_accuracy: 0.440476
EPOCH 36:
VALIDATION
valid epoch balanced_accuracy: 0.583710
EPOCH 24:
VALIDATION
valid epoch balanced_accuracy: 0.602490
EPOCH 27:
VALIDATION
VALIDATION
valid epoch balanced_accuracy: 0.538043
EPOCH 21:
valid epoch balanced_accuracy: 0.473810
EPOCH 37:
VALIDATION
valid epoch balanced_accuracy: 0.494344
EPOCH 25:
VALIDATION
valid epoch balanced_accuracy: 0.630268
EPOCH 28:
VALIDATION
VALIDATION
valid epoch balanced_accuracy: 0.513043
EPOCH 22:
valid epoch balanced_accuracy: 0.711905
EPOCH 38:
VALIDATION
valid epoch balanced_accuracy: 0.475113
EPOCH 26:
VALIDATION
valid epoch balanced_accuracy: 0.640326
EPOCH 29:
VALIDATION
VALIDATION
valid epoch balanced_accuracy: 0.630952
EPOCH 39:
valid epoch balanced_accuracy: 0.516304
EPOCH 23:
VALIDATION
valid epoch balanced_accuracy: 0.622172
EPOCH 27:
VALIDATION
valid epoch balanced_accuracy: 0.619732
EPOCH 30:
VALIDATION
VALIDATION
valid epoch balanced_accuracy: 0.490476
EPOCH 40:
valid epoch balanced_accuracy: 0.441304
EPOCH 24:
VALIDATION
valid epoch balanced_accuracy: 0.521493
EPOCH 28:
VALIDATION
valid epoch balanced_accuracy: 0.643678
EPOCH 31:
VALIDATION
VALIDATION
valid epoch balanced_accuracy: 0.545238
EPOCH 41:
valid epoch balanced_accuracy: 0.416304
EPOCH 25:
VALIDATION
valid epoch balanced_accuracy: 0.544118
EPOCH 29:
VALIDATION
valid epoch balanced_accuracy: 0.612548
EPOCH 32:
VALIDATION
valid epoch balanced_accuracy: 0.442857
EPOCH 42:
VALIDATION
valid epoch balanced_accuracy: 0.638043
EPOCH 26:
VALIDATION
valid epoch balanced_accuracy: 0.504525
EPOCH 30:
VALIDATION
valid epoch balanced_accuracy: 0.623084
EPOCH 33:
VALIDATION
valid epoch balanced_accuracy: 0.523810
EPOCH 43:
VALIDATION
valid epoch balanced_accuracy: 0.416304
EPOCH 27:
VALIDATION
valid epoch balanced_accuracy: 0.523756
EPOCH 31:
VALIDATION
valid epoch balanced_accuracy: 0.588123
EPOCH 34:
VALIDATION
valid epoch balanced_accuracy: 0.595238
EPOCH 44:
VALIDATION
valid epoch balanced_accuracy: 0.488043
EPOCH 28:
VALIDATION
valid epoch balanced_accuracy: 0.523756
EPOCH 32:
VALIDATION
valid epoch balanced_accuracy: 0.636973
EPOCH 35:
VALIDATION
valid epoch balanced_accuracy: 0.473810
EPOCH 45:
VALIDATION
valid epoch balanced_accuracy: 0.459783
EPOCH 29:
VALIDATION
valid epoch balanced_accuracy: 0.404977
EPOCH 33:
VALIDATION
valid epoch balanced_accuracy: 0.630268
EPOCH 36:
VALIDATION
valid epoch balanced_accuracy: 0.416667
EPOCH 46:
VALIDATION
valid epoch balanced_accuracy: 0.538043
EPOCH 30:
VALIDATION
valid epoch balanced_accuracy: 0.463801
EPOCH 34:
VALIDATION
valid epoch balanced_accuracy: 0.636973
EPOCH 37:
VALIDATION
valid epoch balanced_accuracy: 0.430952
EPOCH 47:
VALIDATION
valid epoch balanced_accuracy: 0.459783
EPOCH 31:
VALIDATION
valid epoch balanced_accuracy: 0.533937
EPOCH 35:
VALIDATION
valid epoch balanced_accuracy: 0.623084
EPOCH 38:
VALIDATION
valid epoch balanced_accuracy: 0.416667
EPOCH 48:
VALIDATION
valid epoch balanced_accuracy: 0.531522
EPOCH 32:
VALIDATION
valid epoch balanced_accuracy: 0.442308
EPOCH 36:
VALIDATION
valid epoch balanced_accuracy: 0.630268
EPOCH 39:
VALIDATION
valid epoch balanced_accuracy: 0.440476
EPOCH 49:
VALIDATION
valid epoch balanced_accuracy: 0.581522
EPOCH 33:
VALIDATION
valid epoch balanced_accuracy: 0.483032
EPOCH 37:
VALIDATION
valid epoch balanced_accuracy: 0.629789
EPOCH 40:
VALIDATION
valid epoch balanced_accuracy: 0.507143
EPOCH 50:
VALIDATION
valid epoch balanced_accuracy: 0.484783
EPOCH 34:
VALIDATION
valid epoch balanced_accuracy: 0.582579
EPOCH 38:
VALIDATION
valid epoch balanced_accuracy: 0.640326
EPOCH 41:
VALIDATION
valid epoch balanced_accuracy: 0.426190
EPOCH 51:
VALIDATION
valid epoch balanced_accuracy: 0.613043
EPOCH 35:
VALIDATION
valid epoch balanced_accuracy: 0.522624
EPOCH 39:
VALIDATION
valid epoch balanced_accuracy: 0.633142
EPOCH 42:
VALIDATION
valid epoch balanced_accuracy: 0.373810
EPOCH 52:
VALIDATION
valid epoch balanced_accuracy: 0.441304
EPOCH 36:
VALIDATION
valid epoch balanced_accuracy: 0.563348
EPOCH 40:
VALIDATION
valid epoch balanced_accuracy: 0.650862
EPOCH 43:
VALIDATION
valid epoch balanced_accuracy: 0.473810
EPOCH 53:
VALIDATION
valid epoch balanced_accuracy: 0.484783
EPOCH 37:
VALIDATION
valid epoch balanced_accuracy: 0.530543
EPOCH 41:
VALIDATION
valid epoch balanced_accuracy: 0.615900
EPOCH 44:
VALIDATION
valid epoch balanced_accuracy: 0.550000
EPOCH 54:
VALIDATION
valid epoch balanced_accuracy: 0.494565
EPOCH 38:
VALIDATION
VALIDATION
valid epoch balanced_accuracy: 0.522624
EPOCH 42:
valid epoch balanced_accuracy: 0.657567
EPOCH 45:
VALIDATION
valid epoch balanced_accuracy: 0.633333
EPOCH 55:
VALIDATION
valid epoch balanced_accuracy: 0.509783
EPOCH 39:
VALIDATION
VALIDATION
valid epoch balanced_accuracy: 0.592760
EPOCH 43:
valid epoch balanced_accuracy: 0.639847
EPOCH 46:
VALIDATION
valid epoch balanced_accuracy: 0.616667
EPOCH 56:
VALIDATION
valid epoch balanced_accuracy: 0.466304
EPOCH 40:
VALIDATION
VALIDATION
valid epoch balanced_accuracy: 0.572398
EPOCH 44:
valid epoch balanced_accuracy: 0.591954
EPOCH 47:
VALIDATION
valid epoch balanced_accuracy: 0.452381
EPOCH 57:
VALIDATION
valid epoch balanced_accuracy: 0.438043
EPOCH 41:
VALIDATION
VALIDATION
valid epoch balanced_accuracy: 0.552036
EPOCH 45:
valid epoch balanced_accuracy: 0.658046
EPOCH 48:
VALIDATION
valid epoch balanced_accuracy: 0.440476
EPOCH 58:
VALIDATION
valid epoch balanced_accuracy: 0.563043
EPOCH 42:
VALIDATION
VALIDATION
valid epoch balanced_accuracy: 0.562217
EPOCH 46:
valid epoch balanced_accuracy: 0.647031
EPOCH 49:
VALIDATION
valid epoch balanced_accuracy: 0.457143
EPOCH 59:
VALIDATION
valid epoch balanced_accuracy: 0.538043
EPOCH 43:
VALIDATION
VALIDATION
valid epoch balanced_accuracy: 0.640805
EPOCH 50:
valid epoch balanced_accuracy: 0.591629
EPOCH 47:
VALIDATION
valid epoch balanced_accuracy: 0.488095
EPOCH 60:
VALIDATION
valid epoch balanced_accuracy: 0.463043
EPOCH 44:
VALIDATION
valid epoch balanced_accuracy: 0.619732
VALIDATION
EPOCH 51:
valid epoch balanced_accuracy: 0.490950
EPOCH 48:
VALIDATION
valid epoch balanced_accuracy: 0.547619
EPOCH 61:
VALIDATION
valid epoch balanced_accuracy: 0.463043
EPOCH 45:
VALIDATION
valid epoch balanced_accuracy: 0.640326
EPOCH 52:
VALIDATION
valid epoch balanced_accuracy: 0.542986
EPOCH 49:
VALIDATION
valid epoch balanced_accuracy: 0.457143
EPOCH 62:
VALIDATION
valid epoch balanced_accuracy: 0.481522
EPOCH 46:
VALIDATION
valid epoch balanced_accuracy: 0.633621
EPOCH 53:
VALIDATION
valid epoch balanced_accuracy: 0.562217
EPOCH 50:
VALIDATION
valid epoch balanced_accuracy: 0.540476
EPOCH 63:
VALIDATION
valid epoch balanced_accuracy: 0.459783
EPOCH 47:
VALIDATION
valid epoch balanced_accuracy: 0.640326
EPOCH 54:
VALIDATION
valid epoch balanced_accuracy: 0.592760
EPOCH 51:
VALIDATION
valid epoch balanced_accuracy: 0.490476
EPOCH 64:
VALIDATION
valid epoch balanced_accuracy: 0.469565
EPOCH 48:
VALIDATION
valid epoch balanced_accuracy: 0.671456
EPOCH 55:
VALIDATION
valid epoch balanced_accuracy: 0.572398
EPOCH 52:
VALIDATION
valid epoch balanced_accuracy: 0.528571
EPOCH 65:
VALIDATION
valid epoch balanced_accuracy: 0.559783
EPOCH 49:
VALIDATION
valid epoch balanced_accuracy: 0.647031
EPOCH 56:
VALIDATION
valid epoch balanced_accuracy: 0.542986
EPOCH 53:
VALIDATION
valid epoch balanced_accuracy: 0.507143
EPOCH 66:
VALIDATION
valid epoch balanced_accuracy: 0.484783
EPOCH 50:
VALIDATION
valid epoch balanced_accuracy: 0.674808
EPOCH 57:
VALIDATION
valid epoch balanced_accuracy: 0.493213
EPOCH 54:
VALIDATION
valid epoch balanced_accuracy: 0.507143
EPOCH 67:
VALIDATION
valid epoch balanced_accuracy: 0.509783
EPOCH 51:
VALIDATION
valid epoch balanced_accuracy: 0.674808
EPOCH 58:
VALIDATION
valid epoch balanced_accuracy: 0.623303
EPOCH 55:
VALIDATION
valid epoch balanced_accuracy: 0.533333
EPOCH 68:
VALIDATION
valid epoch balanced_accuracy: 0.541304
EPOCH 52:
VALIDATION
valid epoch balanced_accuracy: 0.657567
EPOCH 59:
VALIDATION
valid epoch balanced_accuracy: 0.562217
EPOCH 56:
VALIDATION
valid epoch balanced_accuracy: 0.550000
EPOCH 69:
VALIDATION
valid epoch balanced_accuracy: 0.519565
EPOCH 53:
VALIDATION
valid epoch balanced_accuracy: 0.619732
EPOCH 60:
VALIDATION
valid epoch balanced_accuracy: 0.631222
EPOCH 57:
VALIDATION
valid epoch balanced_accuracy: 0.466667
EPOCH 70:
VALIDATION
valid epoch balanced_accuracy: 0.494565
EPOCH 54:
VALIDATION
valid epoch balanced_accuracy: 0.609195
EPOCH 61:
VALIDATION
valid epoch balanced_accuracy: 0.631222
EPOCH 58:
VALIDATION
valid epoch balanced_accuracy: 0.473810
EPOCH 71:
VALIDATION
valid epoch balanced_accuracy: 0.491304
EPOCH 55:
VALIDATION
valid epoch balanced_accuracy: 0.692050
EPOCH 62:
VALIDATION
valid epoch balanced_accuracy: 0.542986
EPOCH 59:
VALIDATION
valid epoch balanced_accuracy: 0.440476
EPOCH 72:
VALIDATION
valid epoch balanced_accuracy: 0.379348
EPOCH 56:
VALIDATION
valid epoch balanced_accuracy: 0.671456
EPOCH 63:
VALIDATION
valid epoch balanced_accuracy: 0.522624
EPOCH 60:
VALIDATION
valid epoch balanced_accuracy: 0.400000
EPOCH 73:
VALIDATION
valid epoch balanced_accuracy: 0.416304
EPOCH 57:
VALIDATION
valid epoch balanced_accuracy: 0.636973
EPOCH 64:
VALIDATION
valid epoch balanced_accuracy: 0.522624
EPOCH 61:
VALIDATION
valid epoch balanced_accuracy: 0.514286
EPOCH 74:
VALIDATION
valid epoch balanced_accuracy: 0.441304
EPOCH 58:
VALIDATION
valid epoch balanced_accuracy: 0.602011
EPOCH 65:
VALIDATION
valid epoch balanced_accuracy: 0.490950
EPOCH 62:
VALIDATION
valid epoch balanced_accuracy: 0.523810
EPOCH 75:
VALIDATION
valid epoch balanced_accuracy: 0.466304
EPOCH 59:
VALIDATION
valid epoch balanced_accuracy: 0.619253
EPOCH 66:
VALIDATION
valid epoch balanced_accuracy: 0.601810
EPOCH 63:
VALIDATION
valid epoch balanced_accuracy: 0.507143
EPOCH 76:
VALIDATION
valid epoch balanced_accuracy: 0.481522
EPOCH 60:
VALIDATION
valid epoch balanced_accuracy: 0.671456
EPOCH 67:
VALIDATION
valid epoch balanced_accuracy: 0.520362
EPOCH 64:
VALIDATION
valid epoch balanced_accuracy: 0.523810
EPOCH 77:
VALIDATION
valid epoch balanced_accuracy: 0.594565
EPOCH 61:
VALIDATION
valid epoch balanced_accuracy: 0.616379
EPOCH 68:
VALIDATION
valid epoch balanced_accuracy: 0.550905
EPOCH 65:
VALIDATION
valid epoch balanced_accuracy: 0.464286
EPOCH 78:
VALIDATION
valid epoch balanced_accuracy: 0.466304
EPOCH 62:
VALIDATION
valid epoch balanced_accuracy: 0.588602
EPOCH 69:
VALIDATION
valid epoch balanced_accuracy: 0.540724
EPOCH 66:
VALIDATION
valid epoch balanced_accuracy: 0.488095
EPOCH 79:
VALIDATION
valid epoch balanced_accuracy: 0.516304
EPOCH 63:
VALIDATION
valid epoch balanced_accuracy: 0.650862
EPOCH 70:
VALIDATION
valid epoch balanced_accuracy: 0.562217
EPOCH 67:
VALIDATION
valid epoch balanced_accuracy: 0.519048
EPOCH 80:
VALIDATION
valid epoch balanced_accuracy: 0.556522
EPOCH 64:
VALIDATION
valid epoch balanced_accuracy: 0.619732
EPOCH 71:
VALIDATION
valid epoch balanced_accuracy: 0.531674
EPOCH 68:
VALIDATION
valid epoch balanced_accuracy: 0.490476
EPOCH 81:
VALIDATION
VALIDATION
valid epoch balanced_accuracy: 0.488043
EPOCH 65:
valid epoch balanced_accuracy: 0.692050
EPOCH 72:
VALIDATION
valid epoch balanced_accuracy: 0.561086
EPOCH 69:
VALIDATION
valid epoch balanced_accuracy: 0.490476
EPOCH 82:
VALIDATION
VALIDATION
valid epoch balanced_accuracy: 0.509783
EPOCH 66:
valid epoch balanced_accuracy: 0.671456
EPOCH 73:
VALIDATION
valid epoch balanced_accuracy: 0.610860
EPOCH 70:
VALIDATION
valid epoch balanced_accuracy: 0.404762
EPOCH 83:
VALIDATION
VALIDATION
valid epoch balanced_accuracy: 0.516304
EPOCH 67:
valid epoch balanced_accuracy: 0.678161
EPOCH 74:
VALIDATION
valid epoch balanced_accuracy: 0.591629
EPOCH 71:
VALIDATION
valid epoch balanced_accuracy: 0.328571
EPOCH 84:
VALIDATION
VALIDATION
valid epoch balanced_accuracy: 0.503261
EPOCH 68:
valid epoch balanced_accuracy: 0.619732
EPOCH 75:
VALIDATION
valid epoch balanced_accuracy: 0.602941
EPOCH 72:
VALIDATION
valid epoch balanced_accuracy: 0.490476
EPOCH 85:
VALIDATION
VALIDATION
valid epoch balanced_accuracy: 0.633621
EPOCH 76:
valid epoch balanced_accuracy: 0.488043
EPOCH 69:
VALIDATION
valid epoch balanced_accuracy: 0.581448
EPOCH 73:
VALIDATION
valid epoch balanced_accuracy: 0.528571
EPOCH 86:
VALIDATION
VALIDATION
valid epoch balanced_accuracy: 0.629789
EPOCH 77:
valid epoch balanced_accuracy: 0.466304
EPOCH 70:
VALIDATION
valid epoch balanced_accuracy: 0.572398
EPOCH 74:
VALIDATION
valid epoch balanced_accuracy: 0.528571
EPOCH 87:
VALIDATION
VALIDATION
valid epoch balanced_accuracy: 0.605843
EPOCH 78:
valid epoch balanced_accuracy: 0.503261
EPOCH 71:
VALIDATION
valid epoch balanced_accuracy: 0.542986
EPOCH 75:
VALIDATION
valid epoch balanced_accuracy: 0.580952
EPOCH 88:
VALIDATION
VALIDATION
valid epoch balanced_accuracy: 0.602490
EPOCH 79:
valid epoch balanced_accuracy: 0.466304
EPOCH 72:
VALIDATION
valid epoch balanced_accuracy: 0.641403
EPOCH 76:
VALIDATION
valid epoch balanced_accuracy: 0.523810
EPOCH 89:
VALIDATION
VALIDATION
valid epoch balanced_accuracy: 0.616379
EPOCH 80:
valid epoch balanced_accuracy: 0.484783
EPOCH 73:
VALIDATION
valid epoch balanced_accuracy: 0.630090
EPOCH 77:
VALIDATION
valid epoch balanced_accuracy: 0.500000
EPOCH 90:
VALIDATION
VALIDATION
valid epoch balanced_accuracy: 0.633621
EPOCH 81:
valid epoch balanced_accuracy: 0.506522
EPOCH 74:
VALIDATION
valid epoch balanced_accuracy: 0.650452
EPOCH 78:
VALIDATION
valid epoch balanced_accuracy: 0.438095
EPOCH 91:
VALIDATION
VALIDATION
valid epoch balanced_accuracy: 0.667625
EPOCH 82:
valid epoch balanced_accuracy: 0.447826
EPOCH 75:
VALIDATION
valid epoch balanced_accuracy: 0.550905
EPOCH 79:
VALIDATION
valid epoch balanced_accuracy: 0.502381
EPOCH 92:
VALIDATION
VALIDATION
valid epoch balanced_accuracy: 0.636973
EPOCH 83:
valid epoch balanced_accuracy: 0.506522
EPOCH 76:
VALIDATION
valid epoch balanced_accuracy: 0.630090
EPOCH 80:
VALIDATION
valid epoch balanced_accuracy: 0.488095
EPOCH 93:
VALIDATION
valid epoch balanced_accuracy: 0.599138
EPOCH 84:
VALIDATION
valid epoch balanced_accuracy: 0.506522
EPOCH 77:
VALIDATION
valid epoch balanced_accuracy: 0.650452
EPOCH 81:
VALIDATION
valid epoch balanced_accuracy: 0.516667
EPOCH 94:
VALIDATION
VALIDATION
valid epoch balanced_accuracy: 0.615900
EPOCH 85:
valid epoch balanced_accuracy: 0.466304
EPOCH 78:
VALIDATION
valid epoch balanced_accuracy: 0.619910
EPOCH 82:
VALIDATION
valid epoch balanced_accuracy: 0.523810
EPOCH 95:
VALIDATION
VALIDATION
valid epoch balanced_accuracy: 0.602490
EPOCH 86:
valid epoch balanced_accuracy: 0.538043
EPOCH 79:
VALIDATION
valid epoch balanced_accuracy: 0.580317
EPOCH 83:
VALIDATION
valid epoch balanced_accuracy: 0.473810
EPOCH 96:
VALIDATION
valid epoch balanced_accuracy: 0.636973
VALIDATION
EPOCH 87:
valid epoch balanced_accuracy: 0.509783
EPOCH 80:
VALIDATION
valid epoch balanced_accuracy: 0.530543
EPOCH 84:
VALIDATION
valid epoch balanced_accuracy: 0.407143
EPOCH 97:
VALIDATION
valid epoch balanced_accuracy: 0.599138
EPOCH 88:
VALIDATION
valid epoch balanced_accuracy: 0.484783
EPOCH 81:
VALIDATION
valid epoch balanced_accuracy: 0.619910
EPOCH 85:
VALIDATION
valid epoch balanced_accuracy: 0.547619
EPOCH 98:
VALIDATION
valid epoch balanced_accuracy: 0.688697
VALIDATION
EPOCH 89:
valid epoch balanced_accuracy: 0.491304
EPOCH 82:
VALIDATION
valid epoch balanced_accuracy: 0.591629
EPOCH 86:
VALIDATION
valid epoch balanced_accuracy: 0.459524
EPOCH 99:
VALIDATION
valid epoch balanced_accuracy: 0.602490
EPOCH 90:
VALIDATION
valid epoch balanced_accuracy: 0.534783
EPOCH 83:
VALIDATION
valid epoch balanced_accuracy: 0.639140
EPOCH 87:
VALIDATION
valid epoch balanced_accuracy: 0.473810
EPOCH 100:
VALIDATION
valid epoch balanced_accuracy: 0.671456
EPOCH 91:
VALIDATION
valid epoch balanced_accuracy: 0.531522
EPOCH 84:
VALIDATION
valid epoch balanced_accuracy: 0.582579
EPOCH 88:
VALIDATION
valid epoch balanced_accuracy: 0.459524
EPOCH 101:
VALIDATION
valid epoch balanced_accuracy: 0.654215
EPOCH 92:
VALIDATION
valid epoch balanced_accuracy: 0.484783
EPOCH 85:
VALIDATION
valid epoch balanced_accuracy: 0.610860
EPOCH 89:
VALIDATION
valid epoch balanced_accuracy: 0.423810
EPOCH 102:
VALIDATION
valid epoch balanced_accuracy: 0.605843
EPOCH 93:
VALIDATION
valid epoch balanced_accuracy: 0.578261
EPOCH 86:
VALIDATION
valid epoch balanced_accuracy: 0.696833
EPOCH 90:
VALIDATION
valid epoch balanced_accuracy: 0.440476
EPOCH 103:
VALIDATION
valid epoch balanced_accuracy: 0.619732
EPOCH 94:
VALIDATION
valid epoch balanced_accuracy: 0.441304
EPOCH 87:
VALIDATION
VALIDATION
valid epoch balanced_accuracy: 0.659502
EPOCH 91:
valid epoch balanced_accuracy: 0.540476
EPOCH 104:
VALIDATION
valid epoch balanced_accuracy: 0.633621
EPOCH 95:
VALIDATION
valid epoch balanced_accuracy: 0.506522
EPOCH 88:
VALIDATION
VALIDATION
valid epoch balanced_accuracy: 0.718326
EPOCH 92:
valid epoch balanced_accuracy: 0.411905
EPOCH 105:
VALIDATION
valid epoch balanced_accuracy: 0.619732
EPOCH 96:
VALIDATION
valid epoch balanced_accuracy: 0.506522
EPOCH 89:
VALIDATION
VALIDATION
valid epoch balanced_accuracy: 0.638009
EPOCH 93:
valid epoch balanced_accuracy: 0.440476
EPOCH 106:
VALIDATION
valid epoch balanced_accuracy: 0.688697
EPOCH 97:
VALIDATION
valid epoch balanced_accuracy: 0.506522
EPOCH 90:
VALIDATION
VALIDATION
valid epoch balanced_accuracy: 0.641403
EPOCH 94:
valid epoch balanced_accuracy: 0.457143
EPOCH 107:
VALIDATION
valid epoch balanced_accuracy: 0.671456
EPOCH 98:
VALIDATION
valid epoch balanced_accuracy: 0.509783
EPOCH 91:
VALIDATION
VALIDATION
valid epoch balanced_accuracy: 0.457143
EPOCH 108:
valid epoch balanced_accuracy: 0.619910
EPOCH 95:
VALIDATION
valid epoch balanced_accuracy: 0.678161
EPOCH 99:
VALIDATION
valid epoch balanced_accuracy: 0.528261
EPOCH 92:
VALIDATION
valid epoch balanced_accuracy: 0.473810
EPOCH 109:
VALIDATION
valid epoch balanced_accuracy: 0.639140
EPOCH 96:
VALIDATION
valid epoch balanced_accuracy: 0.623084
EPOCH 100:
VALIDATION
valid epoch balanced_accuracy: 0.506522
EPOCH 93:
VALIDATION
valid epoch balanced_accuracy: 0.483333
EPOCH 110:
VALIDATION
valid epoch balanced_accuracy: 0.668552
EPOCH 97:
VALIDATION
valid epoch balanced_accuracy: 0.660920
EPOCH 101:
VALIDATION
valid epoch balanced_accuracy: 0.606522
EPOCH 94:
VALIDATION
valid epoch balanced_accuracy: 0.414286
EPOCH 111:
VALIDATION
valid epoch balanced_accuracy: 0.667421
EPOCH 98:
VALIDATION
valid epoch balanced_accuracy: 0.664272
EPOCH 102:
VALIDATION
valid epoch balanced_accuracy: 0.481522
EPOCH 95:
VALIDATION
valid epoch balanced_accuracy: 0.473810
EPOCH 112:
VALIDATION
valid epoch balanced_accuracy: 0.708145
EPOCH 99:
VALIDATION
valid epoch balanced_accuracy: 0.688697
EPOCH 103:
VALIDATION
valid epoch balanced_accuracy: 0.484783
EPOCH 96:
VALIDATION
valid epoch balanced_accuracy: 0.457143
EPOCH 113:
VALIDATION
valid epoch balanced_accuracy: 0.640271
EPOCH 100:
VALIDATION
valid epoch balanced_accuracy: 0.650862
EPOCH 104:
VALIDATION
valid epoch balanced_accuracy: 0.588043
EPOCH 97:
VALIDATION
valid epoch balanced_accuracy: 0.428571
EPOCH 114:
VALIDATION
valid epoch balanced_accuracy: 0.658371
EPOCH 101:
VALIDATION
valid epoch balanced_accuracy: 0.650383
EPOCH 105:
VALIDATION
valid epoch balanced_accuracy: 0.484783
EPOCH 98:
VALIDATION
valid epoch balanced_accuracy: 0.457143
EPOCH 115:
VALIDATION
valid epoch balanced_accuracy: 0.678733
EPOCH 102:
VALIDATION
valid epoch balanced_accuracy: 0.640326
EPOCH 106:
VALIDATION
valid epoch balanced_accuracy: 0.506522
EPOCH 99:
VALIDATION
valid epoch balanced_accuracy: 0.507143
EPOCH 116:
VALIDATION
valid epoch balanced_accuracy: 0.669683
EPOCH 103:
VALIDATION
valid epoch balanced_accuracy: 0.702586
EPOCH 107:
VALIDATION
valid epoch balanced_accuracy: 0.528261
EPOCH 100:
VALIDATION
valid epoch balanced_accuracy: 0.440476
EPOCH 117:
VALIDATION
valid epoch balanced_accuracy: 0.678733
EPOCH 104:
VALIDATION
valid epoch balanced_accuracy: 0.619732
EPOCH 108:
VALIDATION
valid epoch balanced_accuracy: 0.481522
EPOCH 101:
VALIDATION
valid epoch balanced_accuracy: 0.454762
EPOCH 118:
VALIDATION
valid epoch balanced_accuracy: 0.621041
EPOCH 105:
VALIDATION
valid epoch balanced_accuracy: 0.636494
EPOCH 109:
VALIDATION
valid epoch balanced_accuracy: 0.541304
EPOCH 102:
VALIDATION
valid epoch balanced_accuracy: 0.440476
EPOCH 119:
VALIDATION
valid epoch balanced_accuracy: 0.667421
EPOCH 106:
VALIDATION
valid epoch balanced_accuracy: 0.602490
EPOCH 110:
VALIDATION
valid epoch balanced_accuracy: 0.491304
EPOCH 103:
VALIDATION
valid epoch balanced_accuracy: 0.457143
EPOCH 120:
VALIDATION
valid epoch balanced_accuracy: 0.726244
EPOCH 107:
VALIDATION
valid epoch balanced_accuracy: 0.636973
EPOCH 111:
VALIDATION
valid epoch balanced_accuracy: 0.419565
EPOCH 104:
VALIDATION
valid epoch balanced_accuracy: 0.338095
EPOCH 121:
VALIDATION
valid epoch balanced_accuracy: 0.630090
EPOCH 108:
VALIDATION
valid epoch balanced_accuracy: 0.602490
EPOCH 112:
VALIDATION
valid epoch balanced_accuracy: 0.481522
EPOCH 105:
VALIDATION
valid epoch balanced_accuracy: 0.311905
EPOCH 122:
VALIDATION
valid epoch balanced_accuracy: 0.649321
EPOCH 109:
VALIDATION
valid epoch balanced_accuracy: 0.636973
EPOCH 113:
VALIDATION
valid epoch balanced_accuracy: 0.559783
EPOCH 106:
VALIDATION
valid epoch balanced_accuracy: 0.340476
EPOCH 123:
VALIDATION
valid epoch balanced_accuracy: 0.667421
EPOCH 110:
VALIDATION
valid epoch balanced_accuracy: 0.619732
EPOCH 114:
VALIDATION
valid epoch balanced_accuracy: 0.609783
EPOCH 107:
VALIDATION
valid epoch balanced_accuracy: 0.440476
EPOCH 124:
VALIDATION
valid epoch balanced_accuracy: 0.736425
EPOCH 111:
VALIDATION
valid epoch balanced_accuracy: 0.602490
EPOCH 115:
VALIDATION
valid epoch balanced_accuracy: 0.534783
EPOCH 108:
VALIDATION
valid epoch balanced_accuracy: 0.507143
EPOCH 125:
VALIDATION
valid epoch balanced_accuracy: 0.621041
EPOCH 112:
VALIDATION
valid epoch balanced_accuracy: 0.647510
EPOCH 116:
VALIDATION
valid epoch balanced_accuracy: 0.653261
EPOCH 109:
VALIDATION
valid epoch balanced_accuracy: 0.476190
EPOCH 126:
VALIDATION
valid epoch balanced_accuracy: 0.726244
EPOCH 113:
VALIDATION
valid epoch balanced_accuracy: 0.636973
EPOCH 117:
VALIDATION
valid epoch balanced_accuracy: 0.488043
EPOCH 110:
VALIDATION
valid epoch balanced_accuracy: 0.369048
EPOCH 127:
VALIDATION
valid epoch balanced_accuracy: 0.668552
EPOCH 114:
VALIDATION
valid epoch balanced_accuracy: 0.619732
EPOCH 118:
VALIDATION
valid epoch balanced_accuracy: 0.481522
EPOCH 111:
VALIDATION
valid epoch balanced_accuracy: 0.390476
EPOCH 128:
VALIDATION
valid epoch balanced_accuracy: 0.726244
EPOCH 115:
VALIDATION
valid epoch balanced_accuracy: 0.650862
EPOCH 119:
VALIDATION
valid epoch balanced_accuracy: 0.538043
EPOCH 112:
VALIDATION
valid epoch balanced_accuracy: 0.373810
EPOCH 129:
VALIDATION
valid epoch balanced_accuracy: 0.619910
EPOCH 116:
VALIDATION
valid epoch balanced_accuracy: 0.602490
EPOCH 120:
VALIDATION
valid epoch balanced_accuracy: 0.506522
EPOCH 113:
VALIDATION
valid epoch balanced_accuracy: 0.442857
EPOCH 130:
VALIDATION
valid epoch balanced_accuracy: 0.600679
EPOCH 117:
VALIDATION
valid epoch balanced_accuracy: 0.616379
EPOCH 121:
VALIDATION
valid epoch balanced_accuracy: 0.481522
EPOCH 114:
VALIDATION
valid epoch balanced_accuracy: 0.435714
EPOCH 131:
VALIDATION
valid epoch balanced_accuracy: 0.503394
EPOCH 118:
VALIDATION
valid epoch balanced_accuracy: 0.633621
EPOCH 122:
VALIDATION
valid epoch balanced_accuracy: 0.481522
EPOCH 115:
VALIDATION
valid epoch balanced_accuracy: 0.478571
EPOCH 132:
VALIDATION
valid epoch balanced_accuracy: 0.631222
EPOCH 119:
VALIDATION
valid epoch balanced_accuracy: 0.602490
EPOCH 123:
VALIDATION
valid epoch balanced_accuracy: 0.488043
EPOCH 116:
VALIDATION
valid epoch balanced_accuracy: 0.454762
EPOCH 133:
VALIDATION
valid epoch balanced_accuracy: 0.639140
EPOCH 120:
VALIDATION
valid epoch balanced_accuracy: 0.591954
EPOCH 124:
VALIDATION
valid epoch balanced_accuracy: 0.509783
EPOCH 117:
VALIDATION
valid epoch balanced_accuracy: 0.442857
EPOCH 134:
VALIDATION
valid epoch balanced_accuracy: 0.641403
EPOCH 121:
VALIDATION
valid epoch balanced_accuracy: 0.619732
EPOCH 125:
VALIDATION
valid epoch balanced_accuracy: 0.459783
EPOCH 118:
VALIDATION
valid epoch balanced_accuracy: 0.423810
EPOCH 135:
VALIDATION
valid epoch balanced_accuracy: 0.621041
EPOCH 122:
VALIDATION
valid epoch balanced_accuracy: 0.667625
EPOCH 126:
VALIDATION
valid epoch balanced_accuracy: 0.706522
EPOCH 119:
VALIDATION
valid epoch balanced_accuracy: 0.307143
EPOCH 136:
VALIDATION
valid epoch balanced_accuracy: 0.619910
EPOCH 123:
VALIDATION
valid epoch balanced_accuracy: 0.640326
EPOCH 127:
VALIDATION
valid epoch balanced_accuracy: 0.588043
EPOCH 120:
VALIDATION
valid epoch balanced_accuracy: 0.519048
EPOCH 137:
VALIDATION
valid epoch balanced_accuracy: 0.648190
EPOCH 124:
VALIDATION
valid epoch balanced_accuracy: 0.602490
EPOCH 128:
VALIDATION
valid epoch balanced_accuracy: 0.531522
EPOCH 121:
VALIDATION
valid epoch balanced_accuracy: 0.442857
EPOCH 138:
VALIDATION
valid epoch balanced_accuracy: 0.745475
EPOCH 125:
VALIDATION
valid epoch balanced_accuracy: 0.685345
EPOCH 129:
VALIDATION
valid epoch balanced_accuracy: 0.506522
EPOCH 122:
VALIDATION
valid epoch balanced_accuracy: 0.404762
EPOCH 139:
VALIDATION
valid epoch balanced_accuracy: 0.532805
EPOCH 126:
VALIDATION
valid epoch balanced_accuracy: 0.574234
EPOCH 130:
VALIDATION
valid epoch balanced_accuracy: 0.484783
EPOCH 123:
VALIDATION
valid epoch balanced_accuracy: 0.407143
EPOCH 140:
VALIDATION
valid epoch balanced_accuracy: 0.552036
EPOCH 127:
VALIDATION
valid epoch balanced_accuracy: 0.599138
EPOCH 131:
VALIDATION
VALIDATION
valid epoch balanced_accuracy: 0.488043
EPOCH 124:
valid epoch balanced_accuracy: 0.402381
EPOCH 141:
VALIDATION
valid epoch balanced_accuracy: 0.443439
EPOCH 128:
VALIDATION
valid epoch balanced_accuracy: 0.636973
EPOCH 132:
VALIDATION
VALIDATION
valid epoch balanced_accuracy: 0.481522
EPOCH 125:
valid epoch balanced_accuracy: 0.571429
EPOCH 142:
VALIDATION
valid epoch balanced_accuracy: 0.600679
EPOCH 129:
VALIDATION
valid epoch balanced_accuracy: 0.602490
EPOCH 133:
VALIDATION
VALIDATION
valid epoch balanced_accuracy: 0.438095
EPOCH 143:
valid epoch balanced_accuracy: 0.481522
EPOCH 126:
VALIDATION
valid epoch balanced_accuracy: 0.503394
EPOCH 130:
VALIDATION
valid epoch balanced_accuracy: 0.650862
EPOCH 134:
VALIDATION
VALIDATION
valid epoch balanced_accuracy: 0.414286
EPOCH 144:
valid epoch balanced_accuracy: 0.566304
EPOCH 127:
VALIDATION
valid epoch balanced_accuracy: 0.668552
EPOCH 131:
VALIDATION
valid epoch balanced_accuracy: 0.623084
EPOCH 135:
VALIDATION
VALIDATION
valid epoch balanced_accuracy: 0.492857
EPOCH 145:
valid epoch balanced_accuracy: 0.563043
EPOCH 128:
VALIDATION
valid epoch balanced_accuracy: 0.649321
EPOCH 132:
VALIDATION
valid epoch balanced_accuracy: 0.602490
EPOCH 136:
VALIDATION
VALIDATION
valid epoch balanced_accuracy: 0.457143
EPOCH 146:
valid epoch balanced_accuracy: 0.528261
EPOCH 129:
VALIDATION
valid epoch balanced_accuracy: 0.542986
EPOCH 133:
VALIDATION
valid epoch balanced_accuracy: 0.636973
EPOCH 137:
VALIDATION
valid epoch balanced_accuracy: 0.500000
EPOCH 147:
VALIDATION
valid epoch balanced_accuracy: 0.509783
EPOCH 130:
VALIDATION
valid epoch balanced_accuracy: 0.591629
EPOCH 134:
VALIDATION
valid epoch balanced_accuracy: 0.605843
EPOCH 138:
VALIDATION
valid epoch balanced_accuracy: 0.316667
EPOCH 148:
VALIDATION
valid epoch balanced_accuracy: 0.606522
EPOCH 131:
VALIDATION
valid epoch balanced_accuracy: 0.619910
EPOCH 135:
VALIDATION
valid epoch balanced_accuracy: 0.654215
EPOCH 139:
VALIDATION
valid epoch balanced_accuracy: 0.392857
EPOCH 149:
VALIDATION
valid epoch balanced_accuracy: 0.603261
EPOCH 132:
VALIDATION
valid epoch balanced_accuracy: 0.581448
EPOCH 136:
VALIDATION
valid epoch balanced_accuracy: 0.602490
EPOCH 140:
VALIDATION
valid epoch balanced_accuracy: 0.414286
EPOCH 150:
VALIDATION
valid epoch balanced_accuracy: 0.559783
EPOCH 133:
VALIDATION
valid epoch balanced_accuracy: 0.668552
EPOCH 137:
VALIDATION
valid epoch balanced_accuracy: 0.613027
EPOCH 141:
VALIDATION
valid epoch balanced_accuracy: 0.309524
VALIDATION
accuracy: 0.676923
sensitivity: 0.933333
precision: 0.595745
specificity: 0.457143
IoU: 0.571429
FAR: 0.542857
F1: 0.727273
balanced_accuracy: 0.695238
loss: 0.614339
valid epoch balanced_accuracy: 0.616304
EPOCH 134:
VALIDATION
valid epoch balanced_accuracy: 0.621041
EPOCH 138:
VALIDATION
valid epoch balanced_accuracy: 0.671456
EPOCH 142:
VALIDATION
valid epoch balanced_accuracy: 0.606522
EPOCH 135:
VALIDATION
valid epoch balanced_accuracy: 0.562217
EPOCH 139:
VALIDATION
valid epoch balanced_accuracy: 0.650862
EPOCH 143:
VALIDATION
valid epoch balanced_accuracy: 0.581522
EPOCH 136:
VALIDATION
valid epoch balanced_accuracy: 0.667421
EPOCH 140:
VALIDATION
valid epoch balanced_accuracy: 0.705939
EPOCH 144:
VALIDATION
valid epoch balanced_accuracy: 0.634783
EPOCH 137:
VALIDATION
valid epoch balanced_accuracy: 0.591629
EPOCH 141:
VALIDATION
valid epoch balanced_accuracy: 0.692050
EPOCH 145:
VALIDATION
valid epoch balanced_accuracy: 0.606522
EPOCH 138:
VALIDATION
valid epoch balanced_accuracy: 0.453620
EPOCH 142:
VALIDATION
valid epoch balanced_accuracy: 0.599138
EPOCH 146:
VALIDATION
valid epoch balanced_accuracy: 0.581522
EPOCH 139:
VALIDATION
valid epoch balanced_accuracy: 0.601810
EPOCH 143:
VALIDATION
valid epoch balanced_accuracy: 0.660920
EPOCH 147:
VALIDATION
valid epoch balanced_accuracy: 0.709783
EPOCH 140:
VALIDATION
valid epoch balanced_accuracy: 0.532805
EPOCH 144:
VALIDATION
valid epoch balanced_accuracy: 0.616379
EPOCH 148:
VALIDATION
valid epoch balanced_accuracy: 0.606522
EPOCH 141:
VALIDATION
valid epoch balanced_accuracy: 0.649321
EPOCH 145:
VALIDATION
valid epoch balanced_accuracy: 0.615900
EPOCH 149:
VALIDATION
valid epoch balanced_accuracy: 0.556522
EPOCH 142:
VALIDATION
valid epoch balanced_accuracy: 0.572398
EPOCH 146:
VALIDATION
valid epoch balanced_accuracy: 0.674808
EPOCH 150:
VALIDATION
valid epoch balanced_accuracy: 0.556522
EPOCH 143:
VALIDATION
valid epoch balanced_accuracy: 0.599548
EPOCH 147:
VALIDATION
valid epoch balanced_accuracy: 0.705939
accuracy: 0.723077
sensitivity: 0.777778
precision: 0.736842
specificity: 0.655172
IoU: 0.608696
FAR: 0.344828
F1: 0.756757
balanced_accuracy: 0.716475
loss: 0.676355
VALIDATION
valid epoch balanced_accuracy: 0.606522
EPOCH 144:
VALIDATION
valid epoch balanced_accuracy: 0.541855
EPOCH 148:
VALIDATION
valid epoch balanced_accuracy: 0.556522
EPOCH 145:
VALIDATION
valid epoch balanced_accuracy: 0.610860
EPOCH 149:
VALIDATION
valid epoch balanced_accuracy: 0.691304
EPOCH 146:
VALIDATION
valid epoch balanced_accuracy: 0.471719
EPOCH 150:
VALIDATION
valid epoch balanced_accuracy: 0.581522
EPOCH 147:
VALIDATION
valid epoch balanced_accuracy: 0.627828
accuracy: 0.534884
sensitivity: 0.384615
precision: 0.714286
specificity: 0.764706
IoU: 0.333333
FAR: 0.235294
F1: 0.500000
balanced_accuracy: 0.574661
loss: 1.500594
VALIDATION
valid epoch balanced_accuracy: 0.616304
EPOCH 148:
VALIDATION
valid epoch balanced_accuracy: 0.584783
EPOCH 149:
VALIDATION
valid epoch balanced_accuracy: 0.528261
EPOCH 150:
VALIDATION
valid epoch balanced_accuracy: 0.531522
accuracy: 0.627907
sensitivity: 0.782609
precision: 0.620690
specificity: 0.450000
IoU: 0.529412
FAR: 0.550000
F1: 0.692308
balanced_accuracy: 0.616304
loss: 0.687964
=== PACK finished: 12 experiment(s), 0 failure(s) ===
