ID_chainID,ID_resSeq,ID_iCode,contact_area,contact_exposure,edge_degree,edge_area_rank_0,edge_boundary_rank_0,edge_area_rank_1,edge_boundary_rank_1,edge_area_rank_2,edge_boundary_rank_2,edge_area_rank_3,edge_boundary_rank_3,edge_area_rank_4,edge_boundary_rank_4,edge_area_rank_5,edge_boundary_rank_5,edge_area_rank_6,edge_boundary_rank_6,edge_area_rank_7,edge_boundary_rank_7,edge_area_rank_8,edge_boundary_rank_8,edge_area_rank_9,edge_boundary_rank_9,edge_area_rank_10,edge_boundary_rank_10,edge_area_rank_11,edge_boundary_rank_11,edge_area_rank_12,edge_boundary_rank_12,edge_area_rank_13,edge_boundary_rank_13,edge_area_rank_14,edge_boundary_rank_14,edge_area_rank_15,edge_boundary_rank_15,edge_area_rank_16,edge_boundary_rank_16,edge_area_rank_17,edge_boundary_rank_17,edge_area_rank_18,edge_boundary_rank_18,edge_area_rank_19,edge_boundary_rank_19,edge_area_rank_20,edge_boundary_rank_20,pna_area_sum,pna_area_mean,pna_area_std,pna_area_min,pna_area_max,quantile_area_0,quantile_area_10,quantile_area_25,quantile_area_50,quantile_area_75,quantile_area_90,quantile_area_100,pna_boundary_sum,pna_boundary_mean,pna_boundary_std,pna_boundary_min,pna_boundary_max,quantile_boundary_0,quantile_boundary_10,quantile_boundary_25,quantile_boundary_50,quantile_boundary_75,quantile_boundary_90,quantile_boundary_100,edge_degree_normalized,edge_exposed_fraction,edge_boundary_area_ratio,quantile_area_total,quantile_boundary_total,rotation_00,rotation_01,rotation_02,rotation_10,rotation_11,rotation_12,rotation_20,rotation_21,rotation_22,translation_x,translation_y,translation_z
A,1,.,5.026194656956133,0.32523485823353576,9,3.7997922771456687,2.888687006165295,3.6013179258188255,2.5324579516462227,3.2425611009972255,1.0545663528293758,2.8508856762024335,2.160918988853019,2.7334125080964045,1.510141196945192,2.2909698970217307,1.8753098639219892,1.8886971118747977,0.15806643182524988,1.0771639078622388,0.7354736428008845,0.25816005453368496,0.5950562881554279,0.0,0.0,0.0,0.0,0.0,0.0,0.0,0.0,0.0,0.0,0.0,0.0,0.0,0.0,0.0,0.0,0.0,0.0,0.0,0.0,0.0,0.0,0.0,0.0,21.74296045955301,2.4158844955058902,1.1073178411099902,0.25816005453368496,3.7997922771456687,0.25816005453368496,0.9133631371965281,1.8886971118747977,2.7334125080964045,3.2425611009972255,3.641012796084194,3.7997922771456687,13.510677723142656,1.5011864136825173,0.8803284179060835,0.15806643182524988,2.888687006165295,0.15806643182524988,0.5076583168893923,0.7354736428008845,1.510141196945192,2.160918988853019,2.603703762550037,2.888687006165295,0.42857142857142855,1.0,0.32523485823353576,5.026194656956133,3.9165128509697866,0.12787091559175107,0.47624386244432027,0.8699659834900688,0.6420047523751726,0.6288470667963365,-0.43861288684822874,-0.755962252280774,0.6146081272369893,-0.225339572780327,46.853,-15.063,24.342
A,2,.,4.698536524784302,0.2691009904727097,7,3.6013179258188255,2.5324579516462227,3.0236149145402433,2.0218349391830603,3.015245643332974,2.0603797648861395,2.9467573423161753,0.0,2.3963823106663362,0.43650759878348716,1.9674871116513342,1.5563978301425963,0.000135163864953234,0.0,0.0,0.0,0.0,0.0,0.0,0.0,0.0,0.0,0.0,0.0,0.0,0.0,0.0,0.0,0.0,0.0,0.0,0.0,0.0,0.0,0.0,0.0,0.0,0.0,0.0,0.0,0.0,0.0,16.950940412190842,2.421562916027263,1.0988765767231585,0.000135163864953234,3.6013179258188255,0.000135163864953234,1.180546332536782,2.181934711158835,2.9467573423161753,3.0194302789366088,3.2546961190516766,3.6013179258188255,8.607578084641506,1.2296540120916437,0.9837896651656062,0.0,2.5324579516462227,0.0,0.0,0.21825379939174358,1.5563978301425963,2.0411073520346,2.2492110395901728,2.5324579516462227,0.3333333333333333,0.7142857142857143,0.2691009904727097,4.698536524784302,3.410306566772203,-0.7134133377994721,-0.5225032869469078,-0.4669386732532374,-0.025619815998323425,-0.6464534275937768,0.7625231740612671,-0.7002749706208472,0.5559570856477455,0.4478020594414867,47.73,-13.763,20.888
A,3,.,5.360791368970166,0.010894225438129238,19,3.286661568068877,0.0,3.2219271647919157,0.0,3.0185890556969186,0.0,2.9881989693371347,0.0,2.9467573423161753,0.0,2.8562517915651413,0.6472116131495305,2.7298377851721485,0.0,2.5958590019458048,0.0,2.5713748237140006,0.0,2.553102537100753,0.0,2.2338864639278326,0.42953573868993744,2.2277570154728314,0.0,2.21068140450431,0.5249764271997509,1.8886971118747977,0.15806643182524988,1.546293618909354,0.0,0.9597447795016159,0.0,0.8664027653401531,0.0,0.6279551125738158,0.0,0.5520339756406303,0.0,0.0,0.0,0.0,0.0,41.88201228745421,2.2043164361818004,0.8655576930889936,0.5520339756406303,3.286661568068877,0.5520339756406303,0.8187132347868857,1.7174953653920757,2.553102537100753,2.901504566940658,3.059256677515918,3.286661568068877,1.7597902108644685,0.0926205374139194,0.19748102559445097,0.0,0.6472116131495305,0.0,0.0,0.0,0.0,0.0,0.44862387639190004,0.6472116131495305,0.9047619047619048,0.21052631578947367,0.010894225438129238,5.360791368970166,1.1964689204794237,0.4048886580672196,0.8713778563717038,-0.27706642884618893,-0.18793691783250516,-0.21723770403551626,-0.9578556753817329,-0.894843499995471,0.4398959096995919,0.07580698612544941,45.451,-12.448,18.113
A,4,.,4.7338266027033296,0.23086743689098366,8,3.12680000886554,1.92047951419349,3.0969928961243243,1.5160191427853218,3.0185890556969186,0.0,3.015245643332974,2.0603797648861395,2.6194739639937668,1.7580510023585785,2.4421383179370624,0.7381109859275317,2.0406708272619345,1.5903223690417057,0.7027806295281834,0.0,0.0,0.0,0.0,0.0,0.0,0.0,0.0,0.0,0.0,0.0,0.0,0.0,0.0,0.0,0.0,0.0,0.0,0.0,0.0,0.0,0.0,0.0,0.0,0.0,0.0,0.0,20.062691342740703,2.507836417842588,0.769886593279575,0.7027806295281834,3.12680000886554,0.7027806295281834,1.6393037679418092,2.3417714452682805,2.8173598036633702,3.03819001580377,3.105935029946689,3.12680000886554,9.583362779192768,1.197920347399096,0.7839237449757026,0.0,2.0603797648861395,0.0,0.0,0.5535832394456488,1.5531707559135137,1.7986581303173064,1.9624495894012848,2.0603797648861395,0.38095238095238093,0.75,0.23086743689098366,4.7338266027033296,3.2967871550773484,-0.3704874328704626,-0.7023268890594924,-0.6078453775336865,-0.7279065259571349,-0.18696635333608488,0.6596936199397572,-0.576967201454354,0.6868628128121523,-0.44195964162093926,48.123,-12.956,15.458
A,5,.,4.576879409262277,0.18230970598385215,8,3.2682029876851897,1.9255806115377496,3.12680000886554,1.92047951419349,2.871183275307845,1.0602040453717898,2.6570656309842424,0.0,2.3332549282951582,1.330490911254454,2.1871147559873405,0.7824850159121404,0.8664027653401531,0.0,0.4910346684016937,0.0,0.0,0.0,0.0,0.0,0.0,0.0,0.0,0.0,0.0,0.0,0.0,0.0,0.0,0.0,0.0,0.0,0.0,0.0,0.0,0.0,0.0,0.0,0.0,0.0,0.0,0.0,17.801059020867164,2.2251323776083956,0.9599040161979885,0.4910346684016937,3.2682029876851897,0.4910346684016937,0.7537923362586153,1.8569367583255436,2.4951602796397,2.935087458697269,3.169220902511435,3.2682029876851897,7.019240098269624,0.877405012283703,0.7700574081036812,0.0,1.9255806115377496,0.0,0.0,0.0,0.9213445306419651,1.4779880619892132,1.9220098433967678,1.9255806115377496,0.38095238095238093,0.625,0.18230970598385215,4.576879409262277,2.919937032608672,-0.4488677652715963,0.14036037591113587,0.8825059173592933,0.36623378786518956,0.9297299670524098,0.038405741636377416,-0.8151015531367847,0.3404425843498569,-0.4687305247529672,46.875,-14.75,12.371
A,6,.,4.954228812778295,0.2388700243687311,8,3.535095790261408,2.374797841774551,3.5298104491301316,2.639150182447158,3.2682029876851897,1.9255806115377496,3.057838150711035,0.0,2.7197350004921512,1.6847475908209983,2.5056565407065974,0.48621218304144426,1.4650339123614966,0.0,0.05471590556595931,0.0,0.0,0.0,0.0,0.0,0.0,0.0,0.0,0.0,0.0,0.0,0.0,0.0,0.0,0.0,0.0,0.0,0.0,0.0,0.0,0.0,0.0,0.0,0.0,0.0,0.0,0.0,20.13608873691397,2.517011092114246,1.1252678371581255,0.05471590556595931,3.535095790261408,0.05471590556595931,1.0419385103228356,2.245500883620322,2.888786575601593,3.3336048530464253,3.5313960514695144,3.535095790261408,9.110488409621901,1.1388110512027376,1.0613841796989225,0.0,2.639150182447158,0.0,0.0,0.0,1.0854798869312212,2.03788491909695,2.4541035439763332,2.639150182447158,0.38095238095238093,0.625,0.2388700243687311,4.954228812778295,3.5446194292668673,-0.9172185770440047,0.2348506265417456,-0.32180003905891763,-0.3929994765767252,-0.40103703942396435,0.8274785220297152,0.06528011439781185,0.8854459194230957,0.46013479594701095,45.139,-14.708,9.032
A,7,.,5.39752740416183,0.04908740326275658,19,3.395085408214405,1.664020790204392,3.3790097124132585,0.0,3.2819595382860096,1.186314815647439,3.057838150711035,0.0,2.9460797376489194,1.1364859410961912,2.9244403326597506,0.0,2.6570656309842424,0.0,2.631629813786462,0.6875787053395902,2.553102537100753,0.0,2.4899522327323473,0.0,2.4686078768184974,0.0,2.272831821844649,0.0,1.9424097440655443,0.0,1.1285787747855798,0.6430447557530243,1.091872963679966,0.0,0.9026298454162727,0.2069255475713504,0.7027806295281834,0.0,0.032340076541001586,0.0,0.000135163864953234,0.0,0.0,0.0,0.0,0.0,39.85834999108184,2.097807894267465,1.0808012768892885,0.000135163864953234,3.395085408214405,0.000135163864953234,0.5686925189307471,1.1102258692327729,2.4899522327323473,2.935260035154335,3.3013695731114594,3.395085408214405,5.524370555611988,0.2907563450322099,0.5021402483469449,0.0,1.664020790204392,0.0,0.0,0.0,0.0,0.42498515166218737,1.1464517160064407,1.664020790204392,0.9047619047619048,0.3157894736842105,0.04908740326275658,5.39752740416183,2.467450083337691,-0.5923713310724207,0.7708284814619148,0.2343494362924879,0.1217652180537759,0.3731932869283048,-0.9197282219568803,-0.796410345108478,-0.5162850208545336,-0.3149291022522827,41.339,-14.894,9.202
A,8,.,5.01456788464896,0.2002197591366596,9,3.2121814675754736,0.9114068249928622,3.1695343087322034,2.2395909786461203,2.9994553343541153,1.9737420796973046,2.9776344921817914,2.188406926980452,2.967461391586961,1.8288721929011043,2.9244403326597506,0.0,2.7096089855662036,0.12712768257000642,2.2458253055743804,0.4654947294174881,2.042212044739054,0.0,0.0,0.0,0.0,0.0,0.0,0.0,0.0,0.0,0.0,0.0,0.0,0.0,0.0,0.0,0.0,0.0,0.0,0.0,0.0,0.0,0.0,0.0,0.0,0.0,25.248353662969933,2.8053726292188816,0.38160148658729737,2.042212044739054,3.2121814675754736,2.042212044739054,2.205102653407315,2.7096089855662036,2.967461391586961,2.9994553343541153,3.1780637405008574,3.2121814675754736,9.734641415205338,1.0816268239117042,0.9177014668550146,0.0,2.2395909786461203,0.0,0.0,0.12712768257000642,0.9114068249928622,1.9737420796973046,2.198643737313586,2.2395909786461203,0.42857142857142855,0.7777777777777778,0.2002197591366596,5.01456788464896,3.4324080227499043,-0.938908246253246,0.3279756320535981,0.10432300751366835,0.09211433390010745,-0.05258803547017255,0.9943588125096128,0.3316116020403894,0.9432213331474382,0.019164083275119287,38.763,-15.633,6.538
A,9,.,5.264982823575293,0.13024879995873231,12,3.50691083503014,2.057250890322525,3.4868795423016827,1.310438708816355,3.218891824740202,1.198647650830384,3.2121814675754736,0.9114068249928622,2.90579115451278,0.13653238513863844,2.875455506131564,1.012175292144978,2.7541701367157634,1.8270204298219277,2.54599390966898,0.0,2.3424382983896233,1.3525436601346372,2.2575040415534073,0.0,1.1285787747855798,0.6430447557530243,0.045304190455276824,0.6135962686017358,0.0,0.0,0.0,0.0,0.0,0.0,0.0,0.0,0.0,0.0,0.0,0.0,0.0,0.0,0.0,0.0,0.0,0.0,30.28009968186047,2.523341640155039,0.9732924981517548,0.045304190455276824,3.50691083503014,0.045304190455276824,1.2414713014623626,2.3212047341805695,2.8148128214236636,3.2138590568666556,3.460080770545535,3.50691083503014,11.062656866557068,0.921888072213089,0.6467188254977093,0.0,2.057250890322525,0.0,0.013653238513863856,0.49433029773596143,0.9617910585689201,1.3209649466459255,1.7795727528531988,2.057250890322525,0.5714285714285714,0.8333333333333334,0.13024879995873231,5.264982823575293,3.2606113731710975,-0.5541029298257193,0.8153108857066104,0.16804196739760174,-0.8108982734831585,-0.4830126699789334,-0.33036759935238014,-0.18818590069552713,-0.3193225959560717,0.9287729251497853,35.252,-14.271,6.885
A,10,.,4.969790313200705,0.27297638847444644,8,3.409813489502187,2.177113702536659,3.338921188418817,2.4214608647301654,3.218891824740202,1.198647650830384,3.017694332304753,1.5747512250338078,2.9994553343541153,1.9737420796973046,2.857016034240757,2.0601032565601396,1.7781793419606715,0.0,1.308527395313701,1.015991259979773,0.0,0.0,0.0,0.0,0.0,0.0,0.0,0.0,0.0,0.0,0.0,0.0,0.0,0.0,0.0,0.0,0.0,0.0,0.0,0.0,0.0,0.0,0.0,0.0,0.0,0.0,21.928498940835205,2.7410623676044006,0.7218917692984433,1.308527395313701,3.409813489502187,1.308527395313701,1.6372837579665804,2.5873068611707355,3.008574833329434,3.248899165659856,3.360188878743828,3.409813489502187,12.421810039368234,1.5527262549210292,0.7419691105618429,0.0,2.4214608647301654,0.0,0.7111938819858411,1.1529835531177313,1.7742466523655562,2.0893558680542696,2.250417851194711,2.4214608647301654,0.38095238095238093,0.875,0.27297638847444644,4.969790313200705,3.6897470776197854,-0.9350672725535241,0.3112698932547866,0.16958847057647325,0.31300423469443095,0.9495976520951207,-0.01710696345900143,-0.1663656961716184,0.03708574778250675,-0.9853664812894465,32.757,-17.109,7.467
A,11,.,4.746480824166758,0.2648247208018747,8,3.4609934250081213,2.0598113745115536,3.410470915883377,2.28327892244282,3.409813489502187,2.177113702536659,2.54599390966898,0.0,2.158857899391029,1.3244295956430892,1.2811116074392455,0.0,1.270069485900787,1.6100557215507403,0.19198966960953662,0.0,0.0,0.0,0.0,0.0,0.0,0.0,0.0,0.0,0.0,0.0,0.0,0.0,0.0,0.0,0.0,0.0,0.0,0.0,0.0,0.0,0.0,0.0,0.0,0.0,0.0,0.0,17.72930040240326,2.2161625503004077,1.1390533182866203,0.19198966960953662,3.4609934250081213,0.19198966960953662,0.946645541013412,1.278351077054631,2.3524259045300044,3.4099778460974846,3.4256276686208,3.4609934250081213,9.454689316684862,1.1818361645856077,0.9597205993768404,0.0,2.28327892244282,0.0,0.0,0.0,1.4672426585969147,2.08913695651783,2.208963268508507,2.28327892244282,0.38095238095238093,0.625,0.2648247208018747,4.746480824166758,3.4416103325354634,-0.060748203226341446,0.9477756878015378,0.3130988684378998,0.9112230483951335,-0.07537321796265883,0.4049585584815242,0.4074091455505775,0.30990341015593176,-0.8590562638706926,29.566,-15.107,7.804
A,12,.,5.153339196006428,0.18019874951736423,14,3.4609934250081213,2.0598113745115536,3.4576092205880973,2.130186935997552,3.296196060745433,1.5985225560935845,3.0420527238224953,0.5506603791259939,2.90579115451278,0.13653238513863844,2.715264118120405,1.4967931531963357,2.345056286837191,0.0,2.197070120964004,0.6452302849804817,2.038537512544834,1.5488085406063843,1.9773063745443593,0.8807174387895678,1.005758422986047,0.273420609508633,0.6700433302181839,1.030479761264742,0.04715225209493196,0.22403275585464627,0.0007513746473565438,0.0469769975663791,0.0,0.0,0.0,0.0,0.0,0.0,0.0,0.0,0.0,0.0,0.0,0.0,0.0,0.0,29.159582377634237,2.08282731268816,1.1646259632746347,0.0007513746473565438,3.4609934250081213,0.0007513746473565438,0.23401957553190758,1.248645410875625,2.2710632039005976,3.0079873314950665,3.4091852726352982,3.4609934250081213,12.622173172634493,0.901583798045321,0.7219983482665265,0.0,2.130186935997552,0.0,0.0738436138380569,0.23637971926814294,0.7629738618850248,1.535804693753872,1.9214247289861635,2.130186935997552,0.6666666666666666,0.9285714285714286,0.18019874951736423,5.153339196006428,3.4656005467645117,-0.9696077897612343,-0.21494782202527035,-0.11686816436021771,0.24455589502521988,-0.8656950174291747,-0.4367660140243454,-0.007290284133542601,-0.4520725280360373,0.8919513894559269,28.234,-11.659,8.613
A,13,.,4.902927432984891,0.29126470974573676,8,3.8019089875366188,2.4087542815877567,3.545378530451923,2.38354276657397,3.4576092205880973,2.130186935997552,2.2683352047941723,0.0,2.065305851918614,1.3592648325672212,1.5800111614734018,0.0,1.5120367480444175,1.733612920284556,1.270069485900787,1.6100557215507403,0.0,0.0,0.0,0.0,0.0,0.0,0.0,0.0,0.0,0.0,0.0,0.0,0.0,0.0,0.0,0.0,0.0,0.0,0.0,0.0,0.0,0.0,0.0,0.0,0.0,0.0,19.50065519070803,2.437581898838504,0.9520660460117393,1.270069485900787,3.8019089875366188,1.270069485900787,1.4394465694013283,1.5630175581161558,2.166820528356393,3.4795515480540535,3.622337667577332,3.8019089875366188,11.625417458561795,1.4531771823202244,0.906405840024884,0.0,2.4087542815877567,0.0,0.0,1.019448624425416,1.671834320917648,2.1935258936416564,2.3911062210781058,2.4087542815877567,0.38095238095238093,0.75,0.29126470974573676,4.902927432984891,3.6873102235153823,-0.019695506504401397,0.9956603074576097,-0.09095404981062315,0.9965926291226733,0.012263002323242001,-0.08156439390063369,-0.08009505978456258,-0.092250587680721,-0.9925092495642894,24.991,-10.063,9.708
A,14,.,4.866711742893736,0.25235758949750386,9,3.545378530451923,2.38354276657397,3.0819512533465354,1.4643242752521386,3.0544303348615838,1.8840575414299765,3.044274788013146,2.1423588274502716,2.5640566514257395,1.3245891556832114,2.3655608311221297,0.0,2.2189067008887924,0.0,1.4918900991107746,0.9919805950354303,0.6700433302181839,1.030479761264742,0.0,0.0,0.0,0.0,0.0,0.0,0.0,0.0,0.0,0.0,0.0,0.0,0.0,0.0,0.0,0.0,0.0,0.0,0.0,0.0,0.0,0.0,0.0,0.0,22.03649251943881,2.4484991688265345,0.8483616974206751,0.6700433302181839,3.545378530451923,0.6700433302181839,1.3275207453322566,2.2189067008887924,2.5640566514257395,3.0544303348615838,3.174636708767613,3.545378530451923,11.22133292268974,1.246814769187749,0.8010009516451149,0.0,2.38354276657397,0.0,0.0,0.9919805950354303,1.3245891556832114,1.8840575414299765,2.1905956152750115,2.38354276657397,0.42857142857142855,0.7777777777777778,0.25235758949750386,4.866711742893736,3.512355558356761,0.6910564258677708,0.5526882410820267,-0.4658076045284335,0.557856618591732,-0.8176132512545766,-0.1424940857240022,-0.459605275600989,-0.16138240158882194,-0.8733376844595468,23.718,-6.602,8.738
A,15,.,5.37763616764904,0.08795043068954096,17,3.621884585289658,0.3732352618023872,3.3704529101258283,1.5377055777562583,3.296196060745433,1.5985225560935845,3.0819512533465354,1.4643242752521386,3.061800873523696,1.2436213105780847,3.02047854324138,0.027232311652036843,2.8873115245995704,1.0788006613314298,2.66569926056168,0.0,2.3141035007025277,0.17409783449398047,1.9496744836207704,0.0,1.8394299591771446,0.5272047505070425,1.5800111614734018,0.0,1.3999383570351287,0.6783898244516984,1.3271598784943668,0.471722775666351,1.1617341818619706,0.4011464628361478,0.777846720646088,0.17333210581449005,0.4198590169754636,0.0,0.0,0.0,0.0,0.0,0.0,0.0,0.0,0.0,37.775532271420644,2.222090133612979,0.9619070654093896,0.4198590169754636,3.621884585289658,0.4198590169754636,1.0081791973756176,1.3999383570351287,2.3141035007025277,3.061800873523696,3.325898800497591,3.621884585289658,9.74933570823563,0.5734903357785665,0.5690710753867811,0.0,1.5985225560935845,0.0,0.0,0.027232311652036843,0.4011464628361478,1.0788006613314298,1.4936767962537865,1.5985225560935845,0.8095238095238095,0.7647058823529411,0.08795043068954096,5.37763616764904,2.99343897094458,-0.4437158892682135,-0.8728906267905603,0.2029240332540761,0.7639232320390906,-0.25002552680414536,0.5949021192576636,-0.4685482954422822,0.41898590621582066,0.7777617278001274,26.474,-5.611,6.306
A,16,.,4.917411775612466,0.24358606484763043,10,3.3809640616311736,2.4139922905681765,3.3704529101258283,1.5377055777562583,3.252809509360951,1.9981799664889945,3.0767452795665737,1.2963067413285048,2.5889513000746014,1.903882070365003,2.542467760312532,1.279371514547338,1.8076771087420953,0.0,1.4918900991107746,0.9919805950354303,0.7106727074257638,0.0,0.0031531934562201297,0.1616416948399391,0.0,0.0,0.0,0.0,0.0,0.0,0.0,0.0,0.0,0.0,0.0,0.0,0.0,0.0,0.0,0.0,0.0,0.0,0.0,0.0,0.0,0.0,22.22578392980651,2.222578392980651,1.1227094138238651,0.0031531934562201297,3.3809640616311736,0.0031531934562201297,0.6399207560288095,1.5708368515186049,2.5657095301935664,3.2087934519123564,3.3715040252763626,3.3809640616311736,11.583060450929645,1.1583060450929645,0.8197569503467472,0.0,2.4139922905681765,0.0,0.0,0.3692264198888119,1.2878391279379215,1.812337947212817,2.0397611988969127,2.4139922905681765,0.47619047619047616,0.8,0.24358606484763043,4.917411775612466,3.5275973770457996,-0.3796848909960827,0.3147176869758096,0.8699380213865175,0.7356394763049097,-0.4674879176645807,0.49019343910284285,0.5609580594403926,0.8260797929632648,-0.05402065537031506,24.033,-3.665,4.134
A,17,.,4.660383619579654,0.2663285421135231,8,3.252809509360951,1.9981799664889945,3.151970772369597,2.1504753290803302,3.044274788013146,2.1423588274502716,2.8442754620031914,0.0,2.5153550238806948,1.8387416507751007,2.3001200572884173,0.7446384553480829,0.4198590169754636,0.0,0.3217841790149863,0.0,0.0,0.0,0.0,0.0,0.0,0.0,0.0,0.0,0.0,0.0,0.0,0.0,0.0,0.0,0.0,0.0,0.0,0.0,0.0,0.0,0.0,0.0,0.0,0.0,0.0,0.0,17.85044880890645,2.231306101113306,1.1147183407662757,0.3217841790149863,3.252809509360951,0.3217841790149863,0.39043656558732037,1.8300547972101788,2.679815242941943,3.0711987841022585,3.1822223934670033,3.252809509360951,8.87439422914278,1.1092992786428475,0.9551221672980637,0.0,2.1504753290803302,0.0,0.0,0.0,1.2916900530615918,2.034224681729314,2.1447937779392894,2.1504753290803302,0.38095238095238093,0.625,0.2663285421135231,4.660383619579654,3.3630928719885906,0.7011392397287691,0.7054273119501308,-0.1038078709317195,0.5937752478375282,-0.4970533267946073,0.6327471417382264,0.3947590677464491,-0.5052823941888597,-0.7673688686379766,22.189,-1.932,6.961
A,18,.,5.333654152781683,0.05741004902622878,15,3.4480141714370647,0.6325140899576505,3.4116558342247023,0.661508927758938,3.299039140652902,1.0024574188802942,3.0980947997289423,1.4865129295967359,2.9738240310051114,0.0,2.881981099010978,1.150961192370716,2.8816336919528793,0.0,2.8442754620031914,0.0,2.3655608311221297,0.0,2.3272864860336737,0.0,1.9496744836207704,0.0,1.3295970174413454,1.3109483151767012,0.8401264932066087,0.0,0.7106727074257638,0.0,0.5255388514225918,0.0,0.0,0.0,0.0,0.0,0.0,0.0,0.0,0.0,0.0,0.0,0.0,0.0,34.88697510028866,2.325798340019244,0.9825612022414398,0.5255388514225918,3.4480141714370647,0.5255388514225918,0.7624542217381018,1.639635750531058,2.8442754620031914,3.035959415367027,3.366609156795982,3.4480141714370647,6.244902873741035,0.4163268582494023,0.5474599565226622,0.0,1.4865129295967359,0.0,0.0,0.0,0.0,0.8319831733196161,1.2469534660543071,1.4865129295967359,0.7142857142857143,0.4,0.05741004902622878,5.333654152781683,2.5523776638371474,0.42870706374002615,-0.6494744428493978,-0.6280073260598713,0.6086985790507231,-0.30602189976716054,0.7320086315915466,-0.6676048931524062,-0.6960844380880543,0.2641404204028645,25.48,-0.885,8.576
A,19,.,5.2494206086977,0.06181792565876865,13,3.621884585289658,0.3732352618023872,3.4116558342247023,0.661508927758938,3.253872243624784,0.0,3.1121632845256606,1.1069077856922167,2.9782452631464045,0.0,2.8194723081386317,0.0,2.742213274133756,0.0,2.6653305738820485,1.7079302963791019,2.0489462510699123,1.5642543366987758,1.8076771087420953,0.0,1.148687341300416,0.0,0.5113620798476928,0.0,0.3217841790149863,0.0,0.0,0.0,0.0,0.0,0.0,0.0,0.0,0.0,0.0,0.0,0.0,0.0,0.0,0.0,0.0,0.0,30.443294326940748,2.3417918713031343,1.0499932212901797,0.3217841790149863,3.621884585289658,0.3217841790149863,0.6388271321382375,1.8076771087420953,2.742213274133756,3.1121632845256606,3.3800991161047187,3.621884585289658,5.41383660833142,0.4164489698716477,0.614659024723403,0.0,1.7079302963791019,0.0,0.0,0.0,0.0,0.661508927758938,1.4727850264974642,1.7079302963791019,0.6190476190476191,0.38461538461538464,0.06181792565876865,5.2494206086977,2.5425283359303923,-0.5854428696322235,-0.6977651059923876,0.4127717326273924,0.7517840179406023,-0.27668405444630273,0.5985538608882575,-0.30344264164067564,0.6607342815947932,0.6865513617782293,27.08,0.308,5.328
A,20,.,4.691228425553195,0.32292383767005983,10,3.2046551892282285,2.106375542919917,2.8194723081386317,0.0,2.629872420038186,0.9941402670713986,2.5947396489641332,1.8660518291432133,2.5907895289902316,2.3969702996880646,2.542467760312532,1.279371514547338,2.5153550238806948,1.8387416507751007,1.7542739164795491,1.2851499452098016,1.0255647796655503,0.0,0.8401264932066087,0.0,0.0,0.0,0.0,0.0,0.0,0.0,0.0,0.0,0.0,0.0,0.0,0.0,0.0,0.0,0.0,0.0,0.0,0.0,0.0,0.0,0.0,0.0,22.517317068904347,2.2517317068904346,0.741862600450339,0.8401264932066087,3.2046551892282285,0.8401264932066087,1.0070209510196562,1.9445441933298355,2.5666286446513817,2.621089227269673,2.8579905962475913,3.2046551892282285,11.766801049354832,1.1766801049354831,0.8646595204907326,0.0,2.3969702996880646,0.0,0.0,0.24853506676784964,1.28226072987857,1.859224284551185,2.1354350185967315,2.3969702996880646,0.47619047619047616,0.7,0.32292383767005983,4.691228425553195,3.5799450597527835,0.021191602218421694,0.6788779359829481,0.7339452731852345,0.7105809118864518,-0.5266402799786054,0.4666098832715343,0.7032962986238696,0.5116392904572402,-0.49355805413586035,23.933,2.325,4.504
A,21,.,4.637315552806817,0.2696919285436253,8,3.2046551892282285,2.106375542919917,3.0996777885704345,1.7606557241767211,3.0356066191968525,2.058611086349347,2.8279761243193393,1.926481194791812,2.3272864860336737,0.0,2.3001200572884173,0.7446384553480829,1.3379257330916141,1.0078849250351523,0.5113620798476928,0.0,0.0,0.0,0.0,0.0,0.0,0.0,0.0,0.0,0.0,0.0,0.0,0.0,0.0,0.0,0.0,0.0,0.0,0.0,0.0,0.0,0.0,0.0,0.0,0.0,0.0,0.0,18.644610077576253,2.3305762596970316,0.8941364040877217,0.5113620798476928,3.2046551892282285,0.5113620798476928,1.0899566371184377,2.0595714762392165,2.5776313051765065,3.051624411540248,3.131171008767773,3.2046551892282285,9.604646928621033,1.2005808660776291,0.831045954579,0.0,2.106375542919917,0.0,0.0,0.5584788415110622,1.3842703246059367,1.9595136676811957,2.072940423320518,2.106375542919917,0.38095238095238093,0.75,0.2696919285436253,4.637315552806817,3.35272536687784,0.7992039451061189,0.40138336981874934,-0.4473974123302021,0.5951238602767135,-0.42407815988432007,0.6826311633953374,0.08426532534891526,-0.8118183939416956,-0.5777977589103018,23.953,3.896,7.958
A,22,.,5.082097044281416,0.2005759609112546,10,3.299039140652902,1.0024574188802942,3.2369396864851323,1.9393515455009118,3.0996777885704345,1.7606557241767211,3.0332447978137624,2.2352544107334325,2.9782452631464045,0.0,2.8073946565048837,1.564101576925777,2.6120824718262745,1.2554080386395385,2.523446041150703,0.0,2.251964204070211,1.7888485700020837,1.0255647796655503,0.0,0.0,0.0,0.0,0.0,0.0,0.0,0.0,0.0,0.0,0.0,0.0,0.0,0.0,0.0,0.0,0.0,0.0,0.0,0.0,0.0,0.0,0.0,26.867598829886255,2.6867598829886257,0.6362796361902782,1.0255647796655503,3.299039140652902,1.0255647796655503,2.129324261629745,2.545605148819596,2.892819959825644,3.0830695408812665,3.2431496319019093,3.299039140652902,11.546077284858761,1.154607728485876,0.8217985385428883,0.0,2.2352544107334325,0.0,0.0,0.25061435472007354,1.4097548077826576,1.7818003585457431,1.9689418320241638,2.2352544107334325,0.47619047619047616,0.7,0.2005759609112546,5.082097044281416,3.4999721588723083,0.16957236750380522,-0.8359768589118144,-0.5219079454684427,0.48760303340588745,-0.3890476126362843,0.7815914769976607,-0.8564394280931557,-0.3870202145443363,0.34165312751608823,27.484,5.207,7.522
A,23,.,4.411553518930324,0.3385344022785993,7,3.2369396864851323,1.9393515455009118,3.236389560138675,1.555074647347178,2.5947396489641332,1.8660518291432133,2.3963814001985515,2.098122216293008,1.81780563689402,1.5069067237864338,1.3379257330916141,1.0078849250351523,1.148687341300416,0.0,0.0,0.0,0.0,0.0,0.0,0.0,0.0,0.0,0.0,0.0,0.0,0.0,0.0,0.0,0.0,0.0,0.0,0.0,0.0,0.0,0.0,0.0,0.0,0.0,0.0,0.0,0.0,0.0,15.768869007072542,2.2526955724389346,0.785475051372055,1.148687341300416,3.2369396864851323,1.148687341300416,1.2622303763751348,1.5778656849928172,2.3963814001985515,2.9155646045514043,3.2366096106772577,3.2369396864851323,9.973391887105898,1.4247702695865567,0.6697990624093779,0.0,2.098122216293008,0.0,0.6047309550210914,1.257395824410793,1.555074647347178,1.9027016873220626,2.0028598138177505,2.098122216293008,0.3333333333333333,0.8571428571428571,0.3385344022785993,4.411553518930324,3.351860418025139,0.5172020465640673,0.26817575836379537,-0.8127630685851465,-0.35206729351040567,-0.798907780153143,-0.4876422660629768,-0.7800965734254947,0.5383568718208959,-0.31878082547891956,26.788,6.634,4.084
A,24,.,5.275573883170562,0.20246802819745788,11,3.5465004652580117,1.8916847406709412,3.371043969341738,2.309006431996671,3.3212699451224243,2.380479957240881,3.253872243624784,0.0,3.236389560138675,1.555074647347178,3.0709649701108814,0.7292572915720027,2.6256825706667812,1.6202215593493108,2.523446041150703,0.0,1.76670145655387,1.3618966425440047,1.7542739164795491,1.2851499452098016,1.1617341818619706,0.4011464628361478,0.0,0.0,0.0,0.0,0.0,0.0,0.0,0.0,0.0,0.0,0.0,0.0,0.0,0.0,0.0,0.0,0.0,0.0,0.0,0.0,29.631879320309388,2.693807210937217,0.765917208314012,1.1617341818619706,3.5465004652580117,1.1617341818619706,1.7542739164795491,2.1450737488522864,3.0709649701108814,3.2875710943736043,3.371043969341738,3.5465004652580117,13.533917678766938,1.2303561526151763,0.80721802798034,0.0,2.380479957240881,0.0,0.0,0.5652018772040752,1.3618966425440047,1.755953150010126,2.309006431996671,2.380479957240881,0.5238095238095238,0.8181818181818182,0.20246802819745788,5.275573883170562,3.6983486296264765,-0.6147472735688448,-0.7110029558512658,0.34140970462251746,-0.018429254453883704,0.44569375533514227,0.8949957759875363,-0.7885088155626073,0.5439042868244569,-0.28709227532978493,28.378,4.172,1.708
A,25,.,4.741423982007362,0.2744584442918391,6,3.5465004652580117,1.8916847406709412,3.3675061526946886,2.0007932779838953,3.057222403063501,1.8953909910370925,2.7726949665956497,1.9941940626525665,2.3963814001985515,2.098122216293008,2.034183943146764,0.0,0.0,0.0,0.0,0.0,0.0,0.0,0.0,0.0,0.0,0.0,0.0,0.0,0.0,0.0,0.0,0.0,0.0,0.0,0.0,0.0,0.0,0.0,0.0,0.0,0.0,0.0,0.0,0.0,0.0,0.0,17.174489330957165,2.862414888492861,0.5279273315950143,2.034183943146764,3.5465004652580117,2.034183943146764,2.2152826716726577,2.490459791797826,2.9149586848295757,3.2899352152868917,3.45700330897635,3.5465004652580117,9.880185288637504,1.6466975481062507,0.7397524149564734,0.0,2.098122216293008,0.0,0.9458423703354706,1.892611303262479,1.9447925268448296,1.999143474151063,2.049457747138452,2.098122216293008,0.2857142857142857,0.8333333333333334,0.2744584442918391,4.741423982007362,3.47127459836761,-0.35949876081875,0.3716339738518123,-0.8559490816917169,-0.9189397422033624,-0.30043982910329503,0.2555105854707406,-0.16220478158488733,0.8784213673217958,0.4495169743886271,27.322,4.575,-1.933
A,26,.,4.828417629265345,0.3314083463182818,8,3.4839686710607864,2.500369809841365,3.4113457127139704,1.564363137649636,3.260685491479758,2.129219313242595,3.057222403063501,1.8953909910370925,2.5907895289902316,2.3969702996880646,1.76670145655387,1.3618966425440047,0.4621031273070475,0.0,0.0031531934562201297,0.1616416948399391,0.0,0.0,0.0,0.0,0.0,0.0,0.0,0.0,0.0,0.0,0.0,0.0,0.0,0.0,0.0,0.0,0.0,0.0,0.0,0.0,0.0,0.0,0.0,0.0,0.0,0.0,18.035969584625384,2.254496198078173,1.281549100431994,0.0031531934562201297,3.4839686710607864,0.0031531934562201297,0.3244181471517993,1.4405518742421644,2.824005966026866,3.2983505467883107,3.4331326002180154,3.4839686710607864,12.009851888842698,1.5012314861053373,0.895959850263304,0.0,2.500369809841365,0.0,0.11314918638795737,1.0618329056179883,1.7298770643433643,2.196157059853962,2.4279901527340546,2.500369809841365,0.38095238095238093,0.875,0.3314083463182818,4.828417629265345,3.740022538470525,0.5147535450112677,0.7049361498649822,0.4879485756838198,-0.6072124620132915,0.7015599529884954,-0.3729700501897401,-0.6052452510132484,-0.10430080045865199,0.7891764879604528,24.817,1.826,-2.763
A,27,.,4.664117920261227,0.33227802502627246,6,3.417880770102089,1.8480767887065501,3.3103933671610895,2.5602073627244977,3.260685491479758,2.129219313242595,2.7726949665956497,1.9941940626525665,2.1730639343360427,1.5835927859546683,0.8403250352183189,0.0,0.0,0.0,0.0,0.0,0.0,0.0,0.0,0.0,0.0,0.0,0.0,0.0,0.0,0.0,0.0,0.0,0.0,0.0,0.0,0.0,0.0,0.0,0.0,0.0,0.0,0.0,0.0,0.0,0.0,0.0,15.775043564892949,2.629173927482158,0.9049438507373632,0.8403250352183189,3.417880770102089,0.8403250352183189,1.5066944847771808,2.3229716924009445,3.016690229037704,3.2979663982407565,3.3641370686315892,3.417880770102089,10.115290313280877,1.685881718880146,0.8098371741601998,0.0,2.5602073627244977,0.0,0.7917963929773342,1.6497137866426388,1.9211354256795583,2.095463000595088,2.3447133379835465,2.5602073627244977,0.2857142857142857,0.8333333333333334,0.33227802502627246,4.664117920261227,3.581102409890355,0.6991027583815594,-0.32581079896621273,-0.6364767525214831,-0.552265190171306,0.31934724329629205,-0.7700782414301226,0.4541569034467562,0.8898677775243112,0.04332257581904411,27.159,0.796,-5.543
A,28,.,5.067364382085345,0.240488904601826,11,3.417880770102089,1.8480767887065501,3.3675061526946886,2.0007932779838953,3.3212699451224243,2.380479957240881,3.087148518187271,2.382405006620062,3.0218190358171455,1.8005540169095502,2.9848330926849904,0.0,2.406025766934553,0.0,1.3999383570351287,0.6783898244516984,0.4621031273070475,0.0,0.33539522828446167,0.0,0.17572065201202633,0.4260393330711228,0.0,0.0,0.0,0.0,0.0,0.0,0.0,0.0,0.0,0.0,0.0,0.0,0.0,0.0,0.0,0.0,0.0,0.0,0.0,0.0,23.979640646181828,2.1799673314710755,1.2596827420833636,0.17572065201202633,3.417880770102089,0.17572065201202633,0.33539522828446167,0.9310207421710881,2.9848330926849904,3.204209231654848,3.3675061526946886,3.417880770102089,11.51673820498376,1.0469762004530692,0.9810507459843597,0.0,2.382405006620062,0.0,0.0,0.0,0.6783898244516984,1.9244350333452227,2.380479957240881,2.382405006620062,0.5238095238095238,0.6363636363636364,0.240488904601826,5.067364382085345,3.6619812441058417,-0.37298554267835493,-0.9267794374533058,0.0442906227848163,-0.6649159232552312,0.23369473079492242,-0.7094177808600036,0.6471233266963697,-0.29405211632025813,-0.7033951612948448,29.95,-0.182,-3.063
A,29,.,5.1910563794712115,0.05155843917414612,13,3.4113457127139704,1.564363137649636,3.214711164697426,0.0,3.0767452795665737,1.2963067413285048,3.0709649701108814,0.7292572915720027,2.9848330926849904,0.0,2.742213274133756,0.0,2.66569926056168,0.0,2.629872420038186,0.9941402670713986,2.5879895737017686,0.0,2.034183943146764,0.0,1.4531302413061453,0.0,0.8403250352183189,0.0,0.7460384475089956,0.0,0.0,0.0,0.0,0.0,0.0,0.0,0.0,0.0,0.0,0.0,0.0,0.0,0.0,0.0,0.0,0.0,31.458052415389457,2.4198501857991888,0.8506154299900991,0.7460384475089956,3.4113457127139704,0.7460384475089956,0.9628860764358843,2.034183943146764,2.66569926056168,3.0709649701108814,3.1871179876712556,3.4113457127139704,4.584067437621542,0.35262057212473397,0.5568688410321241,0.0,1.564363137649636,0.0,0.0,0.0,0.0,0.7292572915720027,1.2358734464770837,1.564363137649636,0.6190476190476191,0.3076923076923077,0.05155843917414612,5.1910563794712115,2.3234988674434005,-0.20200708668633596,0.4163034790339874,0.8865012973891788,-0.8570591930284321,0.36290395752961135,-0.36571882266954564,-0.4739648474032138,-0.8336618804728595,0.2834875525882995,27.445,-1.956,-0.878
A,30,.,4.991904856199537,0.2890676223776889,9,3.7050627945880317,2.4535363744860548,3.4839686710607864,2.500369809841365,3.338598311905633,2.22715332192814,3.214711164697426,0.0,2.5889513000746014,1.903882070365003,2.1730639343360427,1.5835927859546683,1.1512268764296538,1.2787982333316428,0.8055647366290246,0.0,0.33539522828446167,0.0,0.0,0.0,0.0,0.0,0.0,0.0,0.0,0.0,0.0,0.0,0.0,0.0,0.0,0.0,0.0,0.0,0.0,0.0,0.0,0.0,0.0,0.0,0.0,0.0,20.79654301800566,2.310727002000629,1.1926918478536872,0.33539522828446167,3.7050627945880317,0.33539522828446167,0.711530834960112,1.1512268764296538,2.5889513000746014,3.338598311905633,3.5281874957662356,3.7050627945880317,11.947332595906873,1.3274813995452082,1.0077421419621664,0.0,2.500369809841365,0.0,0.0,0.0,1.5835927859546683,2.22715332192814,2.462903061557117,2.500369809841365,0.42857142857142855,0.6666666666666666,0.2890676223776889,4.991904856199537,3.767378201262835,0.8074507573934177,0.5898193538376927,0.011679221861188999,-0.5006326095474247,0.6955601053064994,-0.515328177149035,-0.3120741332480665,0.4102551276273073,0.8569133361157182,26.197,-4.385,-3.536
A,31,.,4.880661292161933,0.30765135862700316,9,3.338598311905633,2.22715332192814,3.3103933671610895,2.5602073627244977,3.0232988012717965,0.0,3.0218190358171455,1.8005540169095502,2.959975553841872,1.9265481960765138,2.723076735118833,2.0481740179047976,1.5047238544441486,1.2032905716581437,0.7460384475089956,0.0,0.6515431094641816,0.0,0.0,0.0,0.0,0.0,0.0,0.0,0.0,0.0,0.0,0.0,0.0,0.0,0.0,0.0,0.0,0.0,0.0,0.0,0.0,0.0,0.0,0.0,0.0,0.0,21.279467216533696,2.364385246281522,1.0266281581831163,0.6515431094641816,3.338598311905633,0.6515431094641816,0.7271393799000329,1.5047238544441486,2.959975553841872,3.0232988012717965,3.316034356109998,3.338598311905633,11.765927487201644,1.3073252763557381,0.9848568414192809,0.0,2.5602073627244977,0.0,0.0,0.0,1.8005540169095502,2.0481740179047976,2.293764130087412,2.5602073627244977,0.42857142857142855,0.6666666666666666,0.30765135862700316,4.880661292161933,3.718814156569928,0.4468279346409446,-0.7357539316045507,-0.5089311829245226,-0.5080282261307928,0.2595738081696267,-0.8212969983913967,0.7363777008294777,0.6255298476018263,-0.25779893615049754,29.694,-5.021,-4.834
A,32,.,4.653304611398326,0.012999949870669212,11,3.0232988012717965,0.0,2.9420044391299283,0.34838669106838643,2.904148641537225,0.0,2.538763322578711,0.35746113480968345,2.406025766934553,0.0,2.3141035007025277,0.17409783449398047,2.2291172236231267,0.0,1.5600249543688045,0.0,1.4531302413061453,0.0,1.005758422986047,0.273420609508633,0.8055647366290246,0.0,0.0,0.0,0.0,0.0,0.0,0.0,0.0,0.0,0.0,0.0,0.0,0.0,0.0,0.0,0.0,0.0,0.0,0.0,0.0,0.0,23.18194005106789,2.1074490955516265,0.7470617727056649,0.8055647366290246,3.0232988012717965,0.8055647366290246,1.005758422986047,1.506577597837475,2.3141035007025277,2.721455982057968,2.9420044391299283,3.0232988012717965,1.1533662698806835,0.10485147908006213,0.14562981580785517,0.0,0.35746113480968345,0.0,0.0,0.0,0.0,0.22375922200130674,0.34838669106838643,0.35746113480968345,0.5238095238095238,0.36363636363636365,0.012999949870669212,4.653304611398326,0.8548833037447916,-0.4668359230873436,-0.8241951260047029,0.3205723244219312,-0.6428022063326415,0.06729454966688275,-0.7630706173867656,0.607346313439932,-0.5622933734761805,-0.5612099586569188,31.071,-5.74,-1.383
A,33,.,5.23438900056128,0.23174375054654808,10,3.954404103913921,2.764298200640797,3.7050627945880317,2.4535363744860548,3.3809640616311736,2.4139922905681765,3.061800873523696,1.2436213105780847,2.904148641537225,0.0,2.715264118120405,1.4967931531963357,2.5879895737017686,0.0,0.894719741946012,0.9690501509754305,0.6959881412069379,0.0,0.6515431094641816,0.0,0.0,0.0,0.0,0.0,0.0,0.0,0.0,0.0,0.0,0.0,0.0,0.0,0.0,0.0,0.0,0.0,0.0,0.0,0.0,0.0,0.0,0.0,24.55188515963335,2.455188515963335,1.1876320198009125,0.6515431094641816,3.954404103913921,0.6515431094641816,0.6915436380326623,1.3180371998849512,2.809706379828815,3.301173264604304,3.7299969255206205,3.954404103913921,11.34129148044488,1.134129148044488,1.0654621870417758,0.0,2.764298200640797,0.0,0.0,0.0,1.1063357307767576,2.1846925062252165,2.4846125571015287,2.764298200640797,0.47619047619047616,0.6,0.23174375054654808,5.23438900056128,3.7897814704182395,0.17403490218853307,0.6841344077938138,0.708288052202517,-0.9842423307291589,0.09799485671341739,0.14718710017712067,0.03128717342715203,-0.7227427759101606,0.6904085693620952,28.238,-7.452,0.545
A,34,.,4.700906653100888,0.33349358364529635,7,3.954404103913921,2.764298200640797,3.3359474964540383,1.8687436582444172,3.1048153518698864,2.4718129671101523,1.5600249543688045,0.0,1.5047238544441486,1.2032905716581437,1.1512268764296538,1.2787982333316428,0.04715225209493196,0.22403275585464627,0.0,0.0,0.0,0.0,0.0,0.0,0.0,0.0,0.0,0.0,0.0,0.0,0.0,0.0,0.0,0.0,0.0,0.0,0.0,0.0,0.0,0.0,0.0,0.0,0.0,0.0,0.0,0.0,14.658294889575384,2.0940421270821976,1.2948285748463193,0.04715225209493196,3.954404103913921,0.04715225209493196,0.7095970266957652,1.327975365436901,1.5600249543688045,3.220381424161962,3.5833301394379915,3.954404103913921,9.810976386839798,1.4015680552628282,0.9729248575481284,0.0,2.764298200640797,0.0,0.13441965351278778,0.713661663756395,1.2787982333316428,2.1702783126772847,2.5888070605224103,2.764298200640797,0.3333333333333333,0.8571428571428571,0.33349358364529635,4.700906653100888,3.62077302890308,0.9602012995239652,0.27928374238587034,0.0037490840790036575,-0.27874696195196963,0.9590341579846713,-0.05053330605827802,-0.01770863052400747,0.04747710034927605,0.998715339497391,29.214,-10.976,-0.544
A,35,.,5.074015206806222,0.2473062794616091,11,3.3359474964540383,1.8687436582444172,3.329336114544733,1.7538014252391059,3.01950739220476,1.6824151026376843,2.9420044391299283,0.34838669106838643,2.723076735118833,2.0481740179047976,2.7126728335876535,1.8326518612703464,2.5734668267674805,1.635587024789144,2.4258287478500886,1.570152237170827,2.3424382983896233,1.3525436601346372,1.9773063745443593,0.8807174387895678,0.6959881412069379,0.0,0.0,0.0,0.0,0.0,0.0,0.0,0.0,0.0,0.0,0.0,0.0,0.0,0.0,0.0,0.0,0.0,0.0,0.0,0.0,0.0,28.077573399798435,2.5525066727089487,0.7058148624600078,0.6959881412069379,3.3359474964540383,0.6959881412069379,1.9773063745443593,2.384133523119856,2.7126728335876535,2.980755915667344,3.329336114544733,3.3359474964540383,14.973173117248912,1.3611975561135374,0.6351563647409134,0.0,2.0481740179047976,0.0,0.34838669106838643,1.1166305494621025,1.635587024789144,1.7932266432547261,1.8687436582444172,2.0481740179047976,0.5238095238095238,0.9090909090909091,0.2473062794616091,5.074015206806222,3.6957527786070785,0.22927632619632474,-0.9613519121408735,-0.15242987656297158,-0.43452085616243824,0.039042277932122414,-0.8998151621826188,0.8709902363435414,0.2725402751098582,-0.4087759858862366,32.998,-10.721,-0.476
A,36,.,5.0458200532200985,0.28960665448567435,9,3.4868795423016827,1.310438708816355,3.329336114544733,1.7538014252391059,3.2037581261362016,1.5062372847601828,3.1048153518698864,2.4718129671101523,2.9776344921817914,2.188406926980452,2.857016034240757,2.0601032565601396,2.158857899391029,1.3244295956430892,2.038537512544834,1.5488085406063843,0.894719741946012,0.9690501509754305,0.0,0.0,0.0,0.0,0.0,0.0,0.0,0.0,0.0,0.0,0.0,0.0,0.0,0.0,0.0,0.0,0.0,0.0,0.0,0.0,0.0,0.0,0.0,0.0,24.051554815156926,2.6723949794618806,0.7829553623738605,0.894719741946012,3.4868795423016827,0.894719741946012,1.8097739584250696,2.158857899391029,2.9776344921817914,3.2037581261362016,3.360844800096123,3.4868795423016827,15.133088856691291,1.6814543174101435,0.45353080348619834,0.9690501509754305,2.4718129671101523,0.9690501509754305,1.24216099724817,1.3244295956430892,1.5488085406063843,2.0601032565601396,2.2450881350063923,2.4718129671101523,0.42857142857142855,1.0,0.28960665448567435,5.0458200532200985,3.8222527717452657,0.9982655954400207,-0.007520433941967886,0.058388732081672445,-0.047411030917995,0.4852619033178146,0.8730825157656433,-0.034899786647968896,-0.874336507451048,0.48406371133377657,34.547,-13.188,1.958
A,37,.,4.661567437995635,0.26022287405587247,8,3.280320815972067,1.7363295606617757,3.2037581261362016,1.5062372847601828,2.9193100872095386,2.096971981669345,2.7541701367157634,1.8270204298219277,2.5734668267674805,1.635587024789144,2.2458253055743804,0.4654947294174881,0.9026298454162727,0.2069255475713504,0.8461257451570259,1.0201605369749072,0.0,0.0,0.0,0.0,0.0,0.0,0.0,0.0,0.0,0.0,0.0,0.0,0.0,0.0,0.0,0.0,0.0,0.0,0.0,0.0,0.0,0.0,0.0,0.0,0.0,0.0,18.725606888948732,2.3407008611185915,0.9012826533542244,0.8461257451570259,3.280320815972067,0.8461257451570259,0.8856786153384987,1.9100264405348535,2.6638184817416217,2.990422096941204,3.2267269330869612,3.280320815972067,10.49472709566612,1.311840886958265,0.635103348358726,0.2069255475713504,2.096971981669345,0.2069255475713504,0.3879239748636468,0.8814940850855524,1.5709121547746634,1.7590022779518137,1.9080058953761527,2.096971981669345,0.38095238095238093,1.0,0.26022287405587247,4.661567437995635,3.3418656549465373,0.5161095588995699,-0.8545192813702069,0.058546741831090876,-0.2884141652674076,-0.23774377403535316,-0.9275209793748771,0.8065036841116078,0.46181673386092437,-0.36915729958979837,38.125,-12.019,2.171
A,38,.,4.952645452362965,0.23417061944192677,9,3.280320815972067,1.7363295606617757,3.2533700009073705,0.0,3.065332960283827,1.9956875808177152,2.967461391586961,1.8288721929011043,2.9563051390972985,1.927357682839165,2.7197350004921512,1.6847475908209983,2.4686078768184974,0.0,1.615565102806073,1.4763635582087582,1.6020708420885335,1.3893945505626717,0.0,0.0,0.0,0.0,0.0,0.0,0.0,0.0,0.0,0.0,0.0,0.0,0.0,0.0,0.0,0.0,0.0,0.0,0.0,0.0,0.0,0.0,0.0,0.0,23.92876913005278,2.6587521255614197,0.6086189724093501,1.6020708420885335,3.280320815972067,1.6020708420885335,1.612866250662565,2.4686078768184974,2.9563051390972985,3.065332960283827,3.25876016392031,3.280320815972067,12.038752716812189,1.3376391907569098,0.7380171614311519,0.0,1.9956875808177152,0.0,0.0,1.3893945505626717,1.6847475908209983,1.8288721929011043,1.9410236624348751,1.9956875808177152,0.42857142857142855,0.7777777777777778,0.23417061944192677,4.952645452362965,3.5237816138472766,0.33119661959955643,-0.5350434223067637,-0.777198388709146,0.8151006626072957,0.5771590976305374,-0.04998285545515857,0.4753101187466707,-0.6169407688494657,0.6272673901522826,41.081,-12.462,4.48
A,39,.,4.881741428643215,0.1878736610059924,13,3.395085408214405,1.664020790204392,3.2533700009073705,0.0,3.1488524225667254,0.21866795073904502,2.9908152045597056,1.6806733341911646,2.4371859135765885,0.6047694159423185,2.074971566208384,1.8317379080552292,1.8074687629332349,0.0,1.6181419223974873,1.2571675398280158,1.533040552399925,1.67931092981233,1.4650339123614966,0.0,0.8461257451570259,1.0201605369749072,0.4910346684016937,0.0,0.3960361279947452,0.6752713557869785,0.0,0.0,0.0,0.0,0.0,0.0,0.0,0.0,0.0,0.0,0.0,0.0,0.0,0.0,0.0,0.0,25.457162207678785,1.9582432467445219,0.9946428585479357,0.3960361279947452,3.395085408214405,0.3960361279947452,0.5620528837527602,1.4650339123614966,1.8074687629332349,2.9908152045597056,3.2324664852392417,3.395085408214405,10.63177976153438,0.8178292124257216,0.7106198706715455,0.0,1.8317379080552292,0.0,0.0,0.0,0.6752713557869785,1.664020790204392,1.6804008533153978,1.8317379080552292,0.6190476190476191,0.6923076923076923,0.1878736610059924,4.881741428643215,3.242012652242374,0.8009737278012896,-0.09650175602280665,0.5908709659956397,-0.3273716634187852,-0.8969077620103801,0.29729490482675425,0.5012672753756457,-0.4315598191792719,-0.749991494023386,41.953,-10.166,7.35
A,40,.,5.088692460810395,0.26160336030717535,11,3.578330501766986,2.4775379004505673,3.5298104491301316,2.639150182447158,3.3665231177281343,0.72138958274643,3.1488524225667254,0.21866795073904502,3.0629001474120354,2.513291624204572,2.1871147559873405,0.7824850159121404,2.056163958712659,0.19806612469241527,1.615565102806073,1.4763635582087582,1.3357586744119965,0.5995335108681934,0.682182790722717,0.0,0.032340076541001586,0.0,0.0,0.0,0.0,0.0,0.0,0.0,0.0,0.0,0.0,0.0,0.0,0.0,0.0,0.0,0.0,0.0,0.0,0.0,0.0,0.0,24.5955419977858,2.235958363435073,1.1588204114907121,0.032340076541001586,3.578330501766986,0.032340076541001586,0.682182790722717,1.4756618886090347,2.1871147559873405,3.25768777014743,3.5298104491301316,3.578330501766986,11.62648545026928,1.0569532227517529,0.9949925826746008,0.0,2.639150182447158,0.0,0.0,0.20836703771573015,0.72138958274643,1.9769507293296629,2.513291624204572,2.639150182447158,0.5238095238095238,0.8181818181818182,0.26160336030717535,5.088692460810395,3.7650211782200316,0.1495701265015204,-0.8278692472667853,-0.5406119557392763,0.5456058092816239,0.5250876027920365,-0.6531441726542897,0.8245866104518453,-0.1972701670908164,0.5302276898083482,45.407,-10.221,8.925
A,41,.,5.2496052643316915,0.08687336489647585,13,3.4717459313429386,1.5440115305981763,3.3665231177281343,0.72138958274643,3.3138805034663292,1.1516600430901829,3.2219271647919157,0.0,2.871183275307845,1.0602040453717898,2.6749965657059644,1.321171669387898,2.631629813786462,0.6875787053395902,2.4421383179370624,0.7381109859275317,2.2284594283761208,0.0,2.060430725818226,0.0,1.7094262236075712,0.0,1.6181419223974873,1.2571675398280158,1.2481695778680915,0.28259063304354226,0.0,0.0,0.0,0.0,0.0,0.0,0.0,0.0,0.0,0.0,0.0,0.0,0.0,0.0,0.0,0.0,32.85865256813415,2.5275886590872423,0.6958463929725787,1.2481695778680915,3.4717459313429386,1.2481695778680915,1.6363987826395041,2.060430725818226,2.631629813786462,3.2219271647919157,3.3559945948757735,3.4717459313429386,8.763884735333157,0.674144979641012,0.5456114203046253,0.0,1.5440115305981763,0.0,0.0,0.0,0.72138958274643,1.1516600430901829,1.3083708434759216,1.5440115305981763,0.6190476190476191,0.6923076923076923,0.08687336489647585,5.2496052643316915,2.8600114000502974,0.9363502836338133,0.03649589853636325,0.3491649978576045,-0.26133759669443113,-0.5916449752911597,0.7626656434943836,0.23441588447214137,-0.8053721329936532,-0.5444491900117009,46.429,-9.394,12.504
A,42,.,4.934929297062697,0.30675615411509405,8,3.668893560025424,2.5891990952618844,3.3138805034663292,1.1516600430901829,3.1729365929267557,0.7112915709959258,3.0629001474120354,2.513291624204572,2.822467579282292,2.414287456556465,2.0406708272619345,1.5903223690417057,1.8061241349618617,0.0,1.2514277918292875,0.8754604039858442,0.0,0.0,0.0,0.0,0.0,0.0,0.0,0.0,0.0,0.0,0.0,0.0,0.0,0.0,0.0,0.0,0.0,0.0,0.0,0.0,0.0,0.0,0.0,0.0,0.0,0.0,21.13930113716592,2.64241264214574,0.7898993512799243,1.2514277918292875,3.668893560025424,1.2514277918292875,1.6397152320220896,1.9820341541869162,2.9426838633471637,3.208172570561649,3.4203844204340577,3.668893560025424,11.84551256313658,1.4806890703920725,0.8970550701393141,0.0,2.5891990952618844,0.0,0.4979040996971481,0.8344181957383646,1.3709912060659444,2.439038498468492,2.5360638655217658,2.5891990952618844,0.38095238095238093,0.875,0.30675615411509405,4.934929297062697,3.7693475328428376,0.037351922127243725,-0.9427995211400672,-0.33126107053419396,0.4095605496408659,0.3168152529512691,-0.8555046765946374,0.9115179592807111,-0.10371672206295039,0.3979671487362299,50.014,-9.045,13.596
A,43,.,5.202780716101172,0.19788532291799713,11,3.381763086523357,1.925105219622125,3.253412508138436,0.0,3.1729365929267557,0.7112915709959258,3.154068467597434,2.2205959923260346,3.0969928961243243,1.5160191427853218,3.0236149145402433,2.0218349391830603,2.8562517915651413,0.6472116131495305,2.2909698970217307,1.8753098639219892,1.9784658430898097,1.6348190684118638,1.8613259539452547,0.0,1.7094262236075712,0.0,0.0,0.0,0.0,0.0,0.0,0.0,0.0,0.0,0.0,0.0,0.0,0.0,0.0,0.0,0.0,0.0,0.0,0.0,0.0,0.0,29.77922817508006,2.7072025613709148,0.5923462731374545,1.7094262236075712,3.381763086523357,1.7094262236075712,1.8613259539452547,2.1347178700557703,3.0236149145402433,3.163502530262095,3.253412508138436,3.381763086523357,12.55218741039585,1.1411079463996228,0.8428331806783007,0.0,2.2205959923260346,0.0,0.0,0.32360580657476523,1.5160191427853218,1.900207541772057,2.0218349391830603,2.2205959923260346,0.5238095238095238,0.7272727272727273,0.19788532291799713,5.202780716101172,3.604767061913483,0.9136305716618175,0.31736665216971494,0.2540818502284011,-0.10136917581072506,-0.4274020250862096,0.8983606175404515,0.39370479895520044,-0.8465257923080632,-0.35831636054867905,50.295,-8.748,17.364
A,44,.,4.680882484807007,0.34465909488606306,5,3.545254434655581,2.4650440206917485,3.381763086523357,1.925105219622125,3.262548153324387,2.22656221164837,2.822467579282292,2.414287456556465,1.5810014001894774,1.016117967132561,0.0,0.0,0.0,0.0,0.0,0.0,0.0,0.0,0.0,0.0,0.0,0.0,0.0,0.0,0.0,0.0,0.0,0.0,0.0,0.0,0.0,0.0,0.0,0.0,0.0,0.0,0.0,0.0,0.0,0.0,0.0,0.0,14.593034653975094,2.918606930795019,0.710482598471566,1.5810014001894774,3.545254434655581,1.5810014001894774,2.077587871826603,2.822467579282292,3.262548153324387,3.381763086523357,3.4798578954026915,3.545254434655581,10.04711687565127,2.009423375130254,0.5314921554117539,1.016117967132561,2.4650440206917485,1.016117967132561,1.3797128681283866,1.925105219622125,2.22656221164837,2.414287456556465,2.444741395037635,2.4650440206917485,0.23809523809523808,1.0,0.34465909488606306,4.680882484807007,3.6331571556253355,-0.16834563654551735,-0.9564586267854875,-0.23842533821660822,0.439786662913479,0.14359175758053286,-0.8865489824473092,0.8821833356958805,-0.25410293662717265,0.39646470185621385,53.447,-7.713,19.227
A,45,.,4.442884170540204,0.3190987124463519,6,3.3209160344053474,2.264541526731426,3.262548153324387,2.22656221164837,3.154068467597434,2.2205959923260346,1.6805243242686905,0.0,1.4471636588830776,0.9944103608473791,1.152939476144243,0.0,0.0,0.0,0.0,0.0,0.0,0.0,0.0,0.0,0.0,0.0,0.0,0.0,0.0,0.0,0.0,0.0,0.0,0.0,0.0,0.0,0.0,0.0,0.0,0.0,0.0,0.0,0.0,0.0,0.0,0.0,14.018160114623182,2.336360019103864,0.9234985039803497,1.152939476144243,3.3209160344053474,1.152939476144243,1.3000515675136604,1.5055038252294808,2.4172963959330622,3.235428231892649,3.2917320938648675,3.3209160344053474,7.706110091553208,1.2843516819255347,1.008982216422151,0.0,2.264541526731426,0.0,0.0,0.24860259021184478,1.607503176586707,2.225070656817786,2.2455518691898977,2.264541526731426,0.2857142857142857,0.6666666666666666,0.3190987124463519,4.442884170540204,3.3254176025612296,-0.8152204315486845,-0.08774843148200615,-0.5724647244660795,0.5790967143201802,-0.10999595510744155,-0.8078043607975717,0.007914761471346725,-0.9900510606188195,0.14048577834927745,52.582,-7.393,22.908
A,46,.,4.817810895042813,0.24947834660068788,8,3.6007965942005384,2.2178427761029886,3.3209160344053474,2.264541526731426,3.1119585425221232,1.9646267526675292,2.9832091859986867,0.914637365817464,2.417590942503133,0.0,1.8363742619870063,1.6872744960969106,1.5810014001894774,1.016117967132561,0.5946767624586929,0.0,0.0,0.0,0.0,0.0,0.0,0.0,0.0,0.0,0.0,0.0,0.0,0.0,0.0,0.0,0.0,0.0,0.0,0.0,0.0,0.0,0.0,0.0,0.0,0.0,0.0,0.0,19.446523724265006,2.4308154655331258,0.9602964446559482,0.5946767624586929,3.6007965942005384,0.5946767624586929,1.2851040088702421,1.772531046537624,2.7004000642509096,3.164197915492929,3.4048802023439046,3.6007965942005384,10.06504088454888,1.25813011056861,0.8631015758156315,0.0,2.264541526731426,0.0,0.0,0.685978024363098,1.3516962316147358,2.027930758526394,2.23185240129152,2.264541526731426,0.38095238095238093,0.75,0.24947834660068788,4.817810895042813,3.4534577083232403,-0.07631209122744752,0.7800511659892809,-0.6210447996491533,0.47026510918795633,-0.521075664448652,-0.7122716328759943,-0.879219649355571,-0.34641063834437746,-0.3270664731043335,50.454,-4.268,23.129
A,47,.,5.04135335940772,0.24618710624553575,10,3.545254434655581,2.4650440206917485,3.396345630931131,0.0,3.169008881179726,2.4332273159845412,3.0621190855491798,2.3038013530498263,2.9832091859986867,0.914637365817464,2.723063600555229,1.0731850729896146,1.8613259539452547,0.0,1.7827405877745095,1.345873327870587,1.2514277918292875,0.8754604039858442,1.152939476144243,0.0,0.0,0.0,0.0,0.0,0.0,0.0,0.0,0.0,0.0,0.0,0.0,0.0,0.0,0.0,0.0,0.0,0.0,0.0,0.0,0.0,0.0,0.0,24.92743462856283,2.492743462856283,0.8507723080931999,1.152939476144243,3.545254434655581,1.152939476144243,1.2415789602607832,1.802386929317196,2.853136393276958,3.1422864322720896,3.411236511303576,3.545254434655581,11.411228860389626,1.1411228860389626,0.9406921443572553,0.0,2.4650440206917485,0.0,0.0,0.21886510099646106,0.9939112194035393,2.0643193467550165,2.436408986455262,2.4650440206917485,0.47619047619047616,0.7,0.24618710624553575,5.04135335940772,3.659292031462832,-0.43754289420135256,-0.1565021087734476,-0.8854734923662975,-0.6065787820057367,-0.6755658277985899,0.419133622525374,-0.6637909286472216,0.7204983707547643,0.2006581689974004,51.192,-3.3,19.518
A,48,.,5.3408951308021235,0.0,15,3.5303320394649913,0.0,3.396345630931131,0.0,3.253412508138436,0.0,3.0460308233471496,0.0,2.910087235425415,0.0,2.7298377851721485,0.0,2.689030467264955,0.0,2.476504786107161,0.0,2.417590942503133,0.0,2.2894431142471,0.0,2.2284594283761208,0.0,2.0344141020751345,0.0,1.8061241349618617,0.0,1.6805243242686905,0.0,0.7014129249769779,0.0,0.0,0.0,0.0,0.0,0.0,0.0,0.0,0.0,0.0,0.0,0.0,0.0,37.18955024726041,2.4793033498173602,0.7169939758403208,0.7014129249769779,3.5303320394649913,0.7014129249769779,1.730764248545959,2.1314367652256276,2.476504786107161,2.9780590293862823,3.339172381814053,3.5303320394649913,0.0,0.0,0.0,0.0,0.0,0.0,0.0,0.0,0.0,0.0,0.0,0.0,0.7142857142857143,0.0,0.0,5.3408951308021235,0.0,0.08177183630814895,0.6032258797462944,0.7933674462637743,0.4194103862256597,0.7012896044498846,-0.57644411577929,-0.9041063514392742,0.3798834409326546,-0.1956534604660242,48.754,-4.448,16.798
A,49,.,5.114073563421826,0.27397369525590487,10,3.668893560025424,2.5891990952618844,3.5114081159698323,2.5763913399101788,3.3341134013682807,0.3063995523649203,3.0460308233471496,0.0,2.8510937097659315,2.41636010725289,2.548256965288762,1.9490694389535768,2.060430725818226,0.0,1.7827405877745095,1.345873327870587,1.7694525087055144,0.45959653784334836,1.3357586744119965,0.5995335108681934,0.0,0.0,0.0,0.0,0.0,0.0,0.0,0.0,0.0,0.0,0.0,0.0,0.0,0.0,0.0,0.0,0.0,0.0,0.0,0.0,0.0,0.0,25.908179072475626,2.590817907247563,0.7760869587583614,1.3357586744119965,3.668893560025424,1.3357586744119965,1.7260831252761626,1.8521631222854387,2.6996753375273466,3.262092756862998,3.5271566603753914,3.668893560025424,12.24242291032558,1.2242422910325579,1.0231151144491553,0.0,2.5891990952618844,0.0,0.0,0.3446987987345273,0.9727034193693902,2.299537440178062,2.5776721154453495,2.5891990952618844,0.47619047619047616,0.8,0.27397369525590487,5.114073563421826,3.835155330333273,-0.7420440666923683,-0.16148499094791025,-0.6506098683429307,-0.49752163698266955,-0.5177941559596643,0.6959607983127383,-0.44926921085328886,0.8401260677735053,0.3038838041533158,48.854,-4.179,13.03
A,50,.,5.34610468517879,0.12519859474931086,14,3.4717459313429386,1.5440115305981763,3.403850525627649,0.8683476088640498,3.366347104226409,2.1841258287466383,3.3341134013682807,0.3063995523649203,3.05480746032155,0.0,2.887227932362454,1.5550725356087631,2.689030467264955,0.0,2.665414062016346,0.9941809708019012,2.43954310803647,1.939950999972184,2.234229161474902,0.22512478736925817,2.056163958712659,0.19806612469241527,1.1805915814880241,0.0,0.6279551125738158,0.0,0.3960361279947452,0.6752713557869785,0.0,0.0,0.0,0.0,0.0,0.0,0.0,0.0,0.0,0.0,0.0,0.0,0.0,0.0,33.807055934811196,2.414789709629371,0.9845257242533875,0.3960361279947452,3.4717459313429386,0.3960361279947452,0.7937460532480782,2.1006802594032195,2.6772222646406503,3.264286916106598,3.392599499207277,3.4717459313429386,10.490551294805286,0.7493250924860918,0.7491619707715822,0.0,2.1841258287466383,0.0,0.0,0.04951653117310382,0.4908354540759494,1.4065538906491075,1.8244874606631583,2.1841258287466383,0.6666666666666666,0.7142857142857143,0.12519859474931086,5.34610468517879,3.3010142918263523,0.003294773628144078,0.8471829153522029,0.5312911183165794,0.1963685082372866,0.5204015586779585,-0.8310364773571699,-0.9805246317351757,0.10706692141316869,-0.16464543996025033,45.576,-4.808,11.164
A,51,.,4.943993371248394,0.24071223384678278,10,3.578330501766986,2.4775379004505673,3.143755648300699,0.0,3.05480746032155,0.0,3.028184942772899,1.7949643281769663,2.886045747525143,2.0908474957675947,2.548256965288762,1.9490694389535768,1.8074687629332349,0.0,1.6020708420885335,1.3893945505626717,1.5254778753681855,0.0,0.7349990445825058,0.9085891506871162,0.0,0.0,0.0,0.0,0.0,0.0,0.0,0.0,0.0,0.0,0.0,0.0,0.0,0.0,0.0,0.0,0.0,0.0,0.0,0.0,0.0,0.0,23.909397790948496,2.3909397790948494,0.8687476863028338,0.7349990445825058,3.578330501766986,0.7349990445825058,1.4464299922896175,1.6534203222997088,2.7171513564069523,3.0481518309343874,3.1872131336473277,3.578330501766986,10.610402864598493,1.0610402864598494,0.9501837971144751,0.0,2.4775379004505673,0.0,0.0,0.0,1.148991850624894,1.9105431612594241,2.129516536235892,2.4775379004505673,0.47619047619047616,0.6,0.24071223384678278,4.943993371248394,3.542069432276775,-0.8772954510960052,-0.06857833791758583,-0.47502600250377697,-0.4452143082657881,-0.2533992004301107,0.8588207408631888,-0.17926770819551602,0.9649279023791582,0.19177390857070556,45.164,-5.403,7.454
A,52,.,5.151545799808348,0.16074969574091327,11,3.6172438078577307,1.537628220287356,3.366347104226409,2.1841258287466383,3.178478740061026,0.0,3.143755648300699,0.0,2.9908152045597056,1.6806733341911646,2.649262224952399,1.332471554422384,2.4320507316308406,1.7544919140858992,2.3937074250833588,0.0,2.1498720459440612,1.6339236743640564,0.8528225710299036,0.0,0.682182790722717,0.0,0.0,0.0,0.0,0.0,0.0,0.0,0.0,0.0,0.0,0.0,0.0,0.0,0.0,0.0,0.0,0.0,0.0,0.0,0.0,0.0,27.45653829436885,2.496048935851714,0.9191255978615791,0.682182790722717,3.6172438078577307,0.682182790722717,0.8528225710299036,2.27178973551371,2.649262224952399,3.1611171941808625,3.366347104226409,3.6172438078577307,10.123314526097499,0.920301320554318,0.861620998874384,0.0,2.1841258287466383,0.0,0.0,0.0,1.332471554422384,1.6572985042776105,1.7544919140858992,2.1841258287466383,0.5238095238095238,0.5454545454545454,0.16074969574091327,5.151545799808348,3.3534221023228494,-0.43249549413616595,0.8346297080582363,0.34108781564068935,0.06870200738925568,0.40770475068063927,-0.9105256012068659,-0.8990148395508276,-0.37036480218706136,-0.2336712039775947,41.41,-5.788,7.095
A,53,.,5.009045290710557,0.24889203160364765,13,3.178478740061026,0.0,3.065332960283827,1.9956875808177152,2.9193100872095386,2.096971981669345,2.912904858847031,0.0,2.8012612094901126,2.1966577500533173,2.6779551884588937,1.5429754082943334,2.659979777857127,1.5749437714189303,2.4371859135765885,0.6047694159423185,2.4258287478500886,1.570152237170827,1.9577243712034622,0.4262365470005508,0.7349990445825058,0.9085891506871162,0.08348867120768183,0.4222724042023076,0.045304190455276824,0.6135962686017358,0.0,0.0,0.0,0.0,0.0,0.0,0.0,0.0,0.0,0.0,0.0,0.0,0.0,0.0,0.0,0.0,27.899753761083158,2.1461349046987044,1.0716700189353523,0.045304190455276824,3.178478740061026,0.045304190455276824,0.21379074588264674,1.9577243712034622,2.659979777857127,2.912904858847031,3.0361283856689694,3.178478740061026,13.952852515858497,1.0732963473737305,0.7587536000833365,0.0,2.1966577500533173,0.0,0.0844544808404616,0.4262365470005508,0.9085891506871162,1.5749437714189303,2.076715101499019,2.1966577500533173,0.6190476190476191,0.8461538461538461,0.24889203160364765,5.009045290710557,3.638259590815497,-0.9573532707763971,0.25267400326873196,0.14010911107378882,0.1543059112705445,0.037171338068377406,0.987323643681834,0.24426297443677641,0.9668371836552209,-0.07457519440765453,39.26,-6.726,4.093
A,54,.,4.836157057888317,0.12002847238296464,10,3.1437513362366216,0.0,3.024373178928915,0.8798300463380296,3.0060587712712943,0.0,2.912904858847031,0.0,2.649262224952399,1.332471554422384,2.567223692277214,1.2547980391907165,2.5256006361155565,1.67246529237272,2.0489462510699123,1.5642543366987758,1.094125571723508,0.0,0.777846720646088,0.17333210581449005,0.0,0.0,0.0,0.0,0.0,0.0,0.0,0.0,0.0,0.0,0.0,0.0,0.0,0.0,0.0,0.0,0.0,0.0,0.0,0.0,0.0,0.0,23.750093242068537,2.3750093242068537,0.7831309063649572,0.777846720646088,3.1437513362366216,0.777846720646088,1.062497686615766,2.1681098473313236,2.608242958614807,2.9827702931652285,3.0363109946596856,3.1437513362366216,6.877151374837116,0.6877151374837116,0.68327550612303,0.0,1.67246529237272,0.0,0.0,0.0,0.5265810760762598,1.313053175614467,1.5750754322661702,1.67246529237272,0.47619047619047616,0.6,0.12002847238296464,4.836157057888317,2.772693154286565,-0.5090490574978358,0.816533561261916,-0.2722902869980816,0.20860515500555582,-0.1898788181125746,-0.9593903917265796,-0.8350766110756984,-0.5451779322066368,-0.07367547671527142,35.947,-4.916,4.539
A,55,.,4.738435199386818,0.1464033176379643,10,3.1437513362366216,0.0,3.01950739220476,1.6824151026376843,2.976982591716125,1.2708386152225983,2.8873115245995704,1.0788006613314298,2.6779551884588937,1.5429754082943334,2.538763322578711,0.35746113480968345,1.7257977135502958,1.1763754771338317,1.556842718311165,0.0,1.174847757998692,0.5963399807801619,0.17572065201202633,0.4260393330711228,0.0,0.0,0.0,0.0,0.0,0.0,0.0,0.0,0.0,0.0,0.0,0.0,0.0,0.0,0.0,0.0,0.0,0.0,0.0,0.0,0.0,0.0,21.877480197666863,2.187748019766686,0.9363344363175661,0.17572065201202633,3.1437513362366216,0.17572065201202633,1.0749350474000254,1.5990814671209477,2.6083592555188027,2.9545648249369862,3.031931786607946,3.1437513362366216,8.131245713280846,0.8131245713280846,0.5854219220478074,0.0,1.6824151026376843,0.0,0.0,0.37460568437504327,0.8375703210557959,1.2472228307004067,1.5569193777286685,1.6824151026376843,0.47619047619047616,0.8,0.1464033176379643,4.738435199386818,2.8668158157178105,0.7003562097962206,0.7132044209900781,-0.02899367655334139,0.04743710922420302,-0.0870350214901997,-0.995075185954635,-0.7122154871022697,0.6955317094959854,-0.09478787378809968,33.723,-5.391,1.51
A,56,.,4.761136669673814,0.34295865422566796,10,3.4442249421326734,2.3746024527683756,3.087148518187271,2.382405006620062,2.976982591716125,1.2708386152225983,2.959975553841872,1.9265481960765138,2.7126728335876535,1.8326518612703464,2.2291172236231267,0.0,1.094125571723508,0.0,1.0574777453095545,1.171196481411821,0.8776746359030622,1.5544789603567304,0.08348867120768183,0.4222724042023076,0.0,0.0,0.0,0.0,0.0,0.0,0.0,0.0,0.0,0.0,0.0,0.0,0.0,0.0,0.0,0.0,0.0,0.0,0.0,0.0,0.0,0.0,20.52288828723253,2.052288828723253,1.1098814469592704,0.08348867120768183,3.4442249421326734,0.08348867120768183,0.7982560394335241,1.066639701913043,2.47089502860539,2.972730832247562,3.122856160581811,3.4442249421326734,12.934993977928755,1.2934993977928755,0.8505783388574389,0.0,2.382405006620062,0.0,0.0,0.6095034235046859,1.4126587877896644,1.903074112374972,2.3753827081535444,2.382405006620062,0.47619047619047616,0.8,0.34295865422566796,4.761136669673814,3.7072497816485566,0.7548852217710091,-0.4141246717534281,0.5085755186762826,0.6108783719732315,0.16174800411779403,-0.7750259336430263,0.23869628528125192,0.8957334086708084,0.3750809832341621,35.694,-4.186,-1.485
A,57,.,5.180309543128777,0.20007581286223852,12,3.662217152960044,2.1575570088023865,3.502923300166834,2.2265373946333913,3.4442249421326734,2.3746024527683756,3.0060587712712943,0.0,2.7642477831206977,0.0,2.734581772177965,1.5963972514257483,2.520241618075489,1.6490316329345673,1.9577243712034622,0.4262365470005508,1.728771744983138,0.0,1.556842718311165,0.0,0.8528225710299036,0.0,0.43322293681921076,0.7069909123805955,0.0,0.0,0.0,0.0,0.0,0.0,0.0,0.0,0.0,0.0,0.0,0.0,0.0,0.0,0.0,0.0,0.0,0.0,28.163879682251874,2.3469899735209894,1.004645166617298,0.43322293681921076,3.662217152960044,0.43322293681921076,0.9232245857580298,1.6857894883151447,2.6274116951267272,3.115600313986639,3.497053464363418,3.662217152960044,11.137353199945617,0.9281127666621347,0.9514831137010115,0.0,2.3746024527683756,0.0,0.0,0.0,0.5666137296905731,1.7761629769015221,2.219639356050291,2.3746024527683756,0.5714285714285714,0.5833333333333334,0.20007581286223852,5.180309543128777,3.5934957541070673,0.6417760019821763,-0.5133366592376141,0.5697447126235919,-0.4522804129195373,-0.8533254478496881,-0.2593802385330501,0.6193270471803298,-0.09122036140519714,-0.7798159105173468,38.054,-2.081,0.635
A,58,.,4.784693498011051,0.29625900478558576,8,3.662217152960044,2.1575570088023865,3.2359256470629463,0.0,2.886045747525143,2.0908474957675947,2.8012612094901126,2.1966577500533173,2.3937074250833588,0.0,2.235704631654066,1.9161325943177576,1.646170918423645,1.3588152448315949,0.8776746359030622,1.5544789603567304,0.0,0.0,0.0,0.0,0.0,0.0,0.0,0.0,0.0,0.0,0.0,0.0,0.0,0.0,0.0,0.0,0.0,0.0,0.0,0.0,0.0,0.0,0.0,0.0,0.0,0.0,19.73870736810238,2.4673384210127973,0.8340941579776131,0.8776746359030622,3.662217152960044,0.8776746359030622,1.4156220336674703,2.0883212033464607,2.5974843172867357,2.973515722409594,3.3638130988320754,3.662217152960044,11.274489054129383,1.4093111317661728,0.8585660767730846,0.0,2.1966577500533173,0.0,0.0,1.0191114336236962,1.735305777337244,2.107524874026293,2.1692872311776656,2.1966577500533173,0.38095238095238093,0.75,0.29625900478558576,4.784693498011051,3.5878285277108244,0.22335961236001492,-0.6528788034926009,-0.7237815633991057,0.7359666283366894,0.5998258215355617,-0.31394602369501945,0.639111575189426,-0.46255621471261,0.614473874700652,41.308,-2.892,2.4
A,59,.,5.205251735857618,0.08069671727251729,11,3.6172438078577307,1.537628220287356,3.3368757258964785,1.4666547106476036,3.24768871792068,0.0,3.2359256470629463,0.0,2.9111651795964724,1.4986359522668533,2.7642477831206977,0.0,2.567223692277214,1.2547980391907165,2.542719479081068,0.7834813642411282,2.0614557629143593,0.38142033562406785,1.5254778753681855,0.0,1.1805915814880241,0.0,0.0,0.0,0.0,0.0,0.0,0.0,0.0,0.0,0.0,0.0,0.0,0.0,0.0,0.0,0.0,0.0,0.0,0.0,0.0,0.0,28.990615252583858,2.6355104775076232,0.7370275909264707,1.1805915814880241,3.6172438078577307,1.1805915814880241,1.5254778753681855,2.302087620997714,2.7642477831206977,3.2418071824918133,3.3368757258964785,3.6172438078577307,6.922618622257724,0.6293289656597931,0.6563344854022467,0.0,1.537628220287356,0.0,0.0,0.0,0.38142033562406785,1.36072637491916,1.4986359522668533,1.537628220287356,0.5238095238095238,0.5454545454545454,0.08069671727251729,5.205251735857618,2.748833986892521,0.8214496030631075,0.1567980929309977,0.5483018399391573,-0.22726552771192632,-0.7918061984087095,0.5669156234179535,0.5230400840674476,-0.5903027208261449,-0.6147940860515557,41.637,-1.076,5.713
A,60,.,4.900030212677265,0.2926625857428052,9,3.4350704884888414,2.076050799605727,3.24768871792068,0.0,3.028184942772899,1.7949643281769663,2.91793828561397,1.6003648766450582,2.8510937097659315,2.41636010725289,2.235704631654066,1.9161325943177576,2.234229161474902,0.22512478736925817,2.216952038408796,1.916135537814396,0.17250435874488815,0.7012839867828267,0.0,0.0,0.0,0.0,0.0,0.0,0.0,0.0,0.0,0.0,0.0,0.0,0.0,0.0,0.0,0.0,0.0,0.0,0.0,0.0,0.0,0.0,0.0,0.0,22.339366334844975,2.482151814982775,0.921670285967941,0.17250435874488815,3.4350704884888414,0.17250435874488815,1.8080625024760146,2.234229161474902,2.8510937097659315,3.028184942772899,3.2851650720343124,3.4350704884888414,12.64641701796488,1.4051574464405423,0.8197059529012831,0.0,2.41636010725289,0.0,0.18009982989540654,0.7012839867828267,1.7949643281769663,1.916135537814396,2.1441126611351597,2.41636010725289,0.42857142857142855,0.8888888888888888,0.2926625857428052,4.900030212677265,3.6891323971211563,0.06173089531335583,-0.8931724382850549,-0.44545739644969573,0.531936438338485,0.4070829605288588,-0.7425140327393326,0.8445311848188783,-0.19111896487525637,0.5002405612637103,44.924,-0.616,7.554
A,61,.,5.154440437215371,0.18119627084183318,12,3.4350704884888414,2.076050799605727,3.403850525627649,0.8683476088640498,3.376094935101314,1.9794430137266739,3.1947183690558933,1.8337679595836578,2.803675482771879,1.1270086031848148,2.542719479081068,0.7834813642411282,2.4497025259955527,0.7646163169041447,2.4320507316308406,1.7544919140858992,2.1003636401734616,0.8866312045600109,1.7694525087055144,0.45959653784334836,0.7014129249769779,0.0,0.17065712437438327,0.12683263093603228,0.0,0.0,0.0,0.0,0.0,0.0,0.0,0.0,0.0,0.0,0.0,0.0,0.0,0.0,0.0,0.0,0.0,0.0,28.379768735983372,2.3649807279986144,1.0073922332969902,0.17065712437438327,3.4350704884888414,0.17065712437438327,0.8082168833498317,2.017635857306475,2.4962110025383106,3.2400625105672485,3.4010749665750155,3.4350704884888414,12.660267953535488,1.0550223294612906,0.6799724561706634,0.0,2.076050799605727,0.0,0.1601090216267639,0.6883613721389455,0.8774894067120304,1.7743109254603389,1.9648755083123723,2.076050799605727,0.5714285714285714,0.9166666666666666,0.18119627084183318,5.154440437215371,3.472022103175751,0.7779958568331773,0.24555602902206666,0.5782946336957696,-0.35032948523499075,-0.594517704256332,0.7237526864204147,0.5215282336800154,-0.7656702527437608,-0.3765067934817495,45.337,0.118,11.264
A,62,.,4.894247721827779,0.2909856490958596,8,3.5114081159698323,2.5763913399101788,3.376094935101314,1.9794430137266739,3.3393397082833385,1.4084789532057194,3.169008881179726,2.4332273159845412,2.1649756822595063,1.6724728036866365,2.0417240980505245,1.2126312118965774,2.0344141020751345,0.0,0.5408027850851129,0.0,0.0,0.0,0.0,0.0,0.0,0.0,0.0,0.0,0.0,0.0,0.0,0.0,0.0,0.0,0.0,0.0,0.0,0.0,0.0,0.0,0.0,0.0,0.0,0.0,0.0,0.0,20.177768308004488,2.522221038500561,0.9563004624596173,0.5408027850851129,3.5114081159698323,0.5408027850851129,1.586330706978128,2.039896599056677,2.666992281719616,3.3485285149878323,3.416688889361869,3.5114081159698323,11.282644638410325,1.4103305798012906,0.923023299705129,0.0,2.5763913399101788,0.0,0.0,0.909473408922433,1.5404758784461778,2.0928890892911407,2.4761765231622324,2.5763913399101788,0.38095238095238093,0.75,0.2909856490958596,4.894247721827779,3.6778508621461357,-0.14721678544361558,-0.7993693797384863,-0.5825253752585857,0.5162489964883763,0.44026049163248754,-0.7346139619774897,0.8436908152329222,-0.4088756464305841,0.34785990577756876,48.366,0.153,13.552
A,63,.,5.35319220529172,0.10941085180712151,13,3.5303320394649913,0.0,3.4389458577599545,1.580466257787666,3.348893050032866,1.5038551498590353,3.3393397082833385,1.4084789532057194,3.0577065723817958,1.255105935888106,2.887227932362454,1.5550725356087631,2.723063600555229,1.0731850729896146,2.452082104139957,1.161768605000582,2.4497025259955527,0.7646163169041447,2.402303723104461,0.0,2.2625294714016917,0.7108839499501606,0.5946767624586929,0.0,0.18703708784749998,0.013199896775264435,0.0,0.0,0.0,0.0,0.0,0.0,0.0,0.0,0.0,0.0,0.0,0.0,0.0,0.0,0.0,0.0,32.673840435788485,2.513372341214499,0.9972094004312795,0.18703708784749998,3.5303320394649913,0.18703708784749998,0.928247304247293,2.402303723104461,2.723063600555229,3.3393397082833385,3.420935296214537,3.5303320394649913,11.026632673969056,0.8482025133822351,0.6186580794559593,0.0,1.580466257787666,0.0,0.0,0.013199896775264435,1.0731850729896146,1.4084789532057194,1.5448290584588176,1.580466257787666,0.6190476190476191,0.7692307692307693,0.10941085180712151,5.35319220529172,3.1783495116299263,0.4093374487055076,0.31283885542275064,0.8570733362000296,-0.5247745898315362,-0.6877169772900734,0.5016542524629362,0.7463608262458639,-0.655116180295364,-0.1173384308775409,48.128,0.948,17.258
A,64,.,4.9372678445085185,0.2358307695071031,9,3.683585465652827,2.5529779856803168,3.4389458577599545,1.580466257787666,3.2023561228709103,0.43591671556399275,3.1119585425221232,1.9646267526675292,3.0621190855491798,2.3038013530498263,0.8799669385936677,0.277815053128111,0.8593308865534672,0.0,0.7762605535269445,0.4948413532581548,0.06958828086227077,0.24885808059419884,0.0,0.0,0.0,0.0,0.0,0.0,0.0,0.0,0.0,0.0,0.0,0.0,0.0,0.0,0.0,0.0,0.0,0.0,0.0,0.0,0.0,0.0,0.0,0.0,19.084111733891344,2.1204568593212603,1.3484259642156282,0.06958828086227077,3.683585465652827,0.06958828086227077,0.6349260989940098,0.8593308865534672,3.0621190855491798,3.2023561228709103,3.4878737793385293,3.683585465652827,9.859303551729795,1.0954781724144216,0.9402233894536234,0.0,2.5529779856803168,0.0,0.19908646447535908,0.277815053128111,0.4948413532581548,1.9646267526675292,2.3536366795759243,2.5529779856803168,0.42857142857142855,0.8888888888888888,0.2358307695071031,4.9372678445085185,3.5156076247317856,-0.7818661578858155,-0.4929650568597451,-0.38166839516541207,0.10599357119456239,0.49817236103818613,-0.8605751922772712,0.6143701441462599,-0.7133090153733566,-0.33725298303913703,49.31,0.203,20.743
A,65,.,5.083027456995571,0.13490673650750745,10,3.6007965942005384,2.2178427761029886,3.2023561228709103,0.43591671556399275,3.181576784119203,1.6558614688714999,3.113710845647435,1.7719410418070538,2.6879563313990773,0.0,2.476504786107161,0.0,2.402303723104461,0.0,2.1998001465972337,1.2668152003562194,2.1693702216999324,0.0,1.9500231078038786,0.7962045460023193,0.0,0.0,0.0,0.0,0.0,0.0,0.0,0.0,0.0,0.0,0.0,0.0,0.0,0.0,0.0,0.0,0.0,0.0,0.0,0.0,0.0,0.0,26.984398663549833,2.6984398663549833,0.5195956243660169,1.9500231078038786,3.6007965942005384,1.9500231078038786,2.147435510310327,2.2504260407240406,2.5822305587531194,3.164610299501261,3.242200170003873,3.6007965942005384,8.144581748704073,0.8144581748704074,0.8121479832487325,0.0,2.2178427761029886,0.0,0.0,0.0,0.616060630783156,1.5585999017426797,1.816531215236647,2.2178427761029886,0.47619047619047616,0.6,0.13490673650750745,5.083027456995571,3.1188503856806937,0.17925780711271708,0.9200574675991721,-0.34836890633944134,0.6385241596423935,0.16058097695409668,0.7526623727764281,0.7484340559742821,-0.35736256960608853,-0.558693527528661,46.508,-0.594,23.203
A,66,.,4.525554672054315,0.2766475410164483,7,3.4021402703362194,2.1777993454840865,3.113710845647435,1.7719410418070538,2.840615293675847,2.1390503536184227,2.833019207565888,1.5437894421975387,2.016835818151656,0.0,0.8593308865534672,0.0,0.5962749814383951,0.8705273822762511,0.0,0.0,0.0,0.0,0.0,0.0,0.0,0.0,0.0,0.0,0.0,0.0,0.0,0.0,0.0,0.0,0.0,0.0,0.0,0.0,0.0,0.0,0.0,0.0,0.0,0.0,0.0,0.0,15.661927303368909,2.2374181861955584,1.0340064859199367,0.5962749814383951,3.4021402703362194,0.5962749814383951,0.7541085245074384,1.4380833523525616,2.833019207565888,2.977163069661641,3.2290826155229486,3.4021402703362194,8.503107565383353,1.2147296521976219,0.8676938506987132,0.0,2.1777993454840865,0.0,0.0,0.4352636911381256,1.5437894421975387,1.9554956977127382,2.154549950364688,2.1777993454840865,0.3333333333333333,0.7142857142857143,0.2766475410164483,4.525554672054315,3.268464146615587,0.3787219790698446,0.057197028832538424,-0.9237413937147939,0.8733658160810636,-0.3523749398011098,0.3362499860241218,-0.30627081785648147,-0.934109416338843,-0.1834060643398357,45.964,2.223,25.684
A,67,.,4.8810464963632905,0.2551703102598411,9,3.683585465652827,2.5529779856803168,3.5495599138645244,2.466190931592059,3.4021402703362194,2.1777993454840865,2.522780302216082,0.0,2.1998001465972337,1.2668152003562194,2.0465231272559663,0.17750581302483837,1.2279695651114895,0.14973207501246819,0.2670264564641629,0.0,0.18703708784749998,0.013199896775264435,0.0,0.0,0.0,0.0,0.0,0.0,0.0,0.0,0.0,0.0,0.0,0.0,0.0,0.0,0.0,0.0,0.0,0.0,0.0,0.0,0.0,0.0,0.0,0.0,19.086422335346004,2.1207135928162226,1.2592720075619201,0.18703708784749998,3.683585465652827,0.18703708784749998,0.25102858274083034,1.2279695651114895,2.1998001465972337,3.4021402703362194,3.5763650242221847,3.683585465652827,8.804221247925252,0.978246805325028,1.0743900586711272,0.0,2.5529779856803168,0.0,0.0,0.013199896775264435,0.17750581302483837,2.1777993454840865,2.4835483424097107,2.5529779856803168,0.42857142857142855,0.7777777777777778,0.2551703102598411,4.8810464963632905,3.5371327482577284,-0.6450584333419177,-0.6264107070891567,-0.4376176911626555,0.3834587606827223,-0.760729267677799,0.5236891827735897,-0.6609530969971631,0.17000178629197482,0.7309175030243812,47.672,4.793,23.472
A,68,.,4.80464634673219,0.354169612140321,7,3.5495599138645244,2.466190931592059,3.478868047498318,2.751562972233898,3.426842386111843,2.179920160246055,2.7396134655583286,1.9966399275547486,2.460238203572286,0.9385804598482161,0.5962749814383951,0.8705273822762511,0.06958828086227077,0.24885808059419884,0.0,0.0,0.0,0.0,0.0,0.0,0.0,0.0,0.0,0.0,0.0,0.0,0.0,0.0,0.0,0.0,0.0,0.0,0.0,0.0,0.0,0.0,0.0,0.0,0.0,0.0,0.0,0.0,16.320985278905965,2.3315693255579952,1.3261264169106781,0.06958828086227077,3.5495599138645244,0.06958828086227077,0.3856003012079454,1.5282565925053406,2.7396134655583286,3.4528552168050806,3.5071447940448004,3.5495599138645244,11.452279914345425,1.6360399877636322,0.8747336788854932,0.24885808059419884,2.751562972233898,0.24885808059419884,0.6218596616034303,0.9045539210622336,1.9966399275547486,2.323055545919057,2.580339747848795,2.751562972233898,0.3333333333333333,1.0,0.354169612140321,4.80464634673219,3.7814939583930105,0.2995663958659152,0.6918626213003257,-0.6569521198042885,-0.3166095606197746,-0.5774652391847453,-0.7525239422486559,-0.9000102002711187,0.43342820718170516,0.046061140098718784,45.947,7.315,21.238
A,69,.,5.031971581335878,0.13280842498395404,12,3.460440657702794,1.807396570007454,3.426842386111843,2.179920160246055,3.131315933835881,0.0,3.0577065723817958,1.255105935888106,2.4949312353099646,0.0,2.4048076905323734,0.22498585323339665,2.3284097475099284,0.841825772931308,2.0465231272559663,0.17750581302483837,2.0417240980505245,1.2126312118965774,1.410633252621748,0.0,0.8181132452717808,0.0,0.7762605535269445,0.4948413532581548,0.0,0.0,0.0,0.0,0.0,0.0,0.0,0.0,0.0,0.0,0.0,0.0,0.0,0.0,0.0,0.0,0.0,0.0,27.39770850011154,2.283142375009295,0.8835384327301405,0.7762605535269445,3.460440657702794,0.7762605535269445,0.8773652460067776,1.8839513866933304,2.366608719021151,3.076108912745317,3.397289740884247,3.460440657702794,8.19421267048589,0.6828510558738241,0.7362482825827045,0.0,2.179920160246055,0.0,0.0,0.0,0.3599136032457757,1.2232498928944595,1.7521675065955193,2.179920160246055,0.5714285714285714,0.6666666666666666,0.13280842498395404,5.031971581335878,3.0548530828580356,-0.659713663079358,-0.47600034419068415,0.581550990951581,0.3670934169182852,0.47112569695200773,0.8020492509358408,-0.6557593354285348,0.7426063896855691,-0.1360714665037865,45.794,6.165,17.614
A,70,.,4.998597995640352,0.27468018816097894,9,3.629232947536791,2.8256080262154177,3.463564797655683,2.617395832834079,3.460440657702794,1.807396570007454,3.2078108330112136,0.0,2.299220438888568,0.0,2.1649756822595063,1.6724728036866365,2.1003636401734616,0.8866312045600109,0.6914517441194961,0.0,0.17250435874488815,0.7012839867828267,0.0,0.0,0.0,0.0,0.0,0.0,0.0,0.0,0.0,0.0,0.0,0.0,0.0,0.0,0.0,0.0,0.0,0.0,0.0,0.0,0.0,0.0,0.0,0.0,21.189565100092402,2.354396122232489,1.1755191712617399,0.17250435874488815,3.629232947536791,0.17250435874488815,0.5876622670445745,2.1003636401734616,2.299220438888568,3.460440657702794,3.496698427631905,3.629232947536791,10.510788424086424,1.167865380454047,1.0488828716065384,0.0,2.8256080262154177,0.0,0.0,0.0,0.8866312045600109,1.807396570007454,2.659038271510347,2.8256080262154177,0.42857142857142855,0.6666666666666666,0.27468018816097894,4.998597995640352,3.724110488302629,-0.34932288284090646,0.5606864384766083,-0.7507357998871076,-0.8135459199621808,-0.5789994563008687,-0.053876392939649964,-0.46488338283553143,0.5919377900689525,0.6584019236391079,44.069,6.826,14.306
A,71,.,5.227435649815525,0.09307111915713627,14,3.2078108330112136,0.0,3.2068315833133307,0.8311162122831048,3.196364331906102,0.0,3.1947183690558933,1.8337679595836578,3.0811528024822623,1.6908962330392934,2.688541130713985,0.0,2.521825035130254,1.369265184252029,2.4949312353099646,0.0,2.452082104139957,1.161768605000582,2.415726260720726,0.7616185827720919,2.140274377112429,0.0,1.5742085830999542,0.0,0.7512462629435916,0.0,0.5408027850851129,0.0,0.0,0.0,0.0,0.0,0.0,0.0,0.0,0.0,0.0,0.0,0.0,0.0,0.0,0.0,33.46651569402478,2.390465406716056,0.8479583277820865,0.5408027850851129,3.2078108330112136,0.5408027850851129,0.9981349589905004,2.2091373480145036,2.5083781352201093,3.166326977412486,3.2036914078911622,3.2078108330112136,7.648432776930759,0.5463166269236257,0.6834147174755446,0.0,1.8337679595836578,0.0,0.0,0.0,0.0,1.0791055068212128,1.5944069184031144,1.8337679595836578,0.6666666666666666,0.42857142857142855,0.09307111915713627,5.227435649815525,2.904023700171826,-0.33379688670061114,0.33771974324949827,0.8800710275020261,0.2998852508007471,0.9231589700171737,-0.24051268662796937,-0.8936713460669713,0.18363793479650045,-0.40942476002621514,41.603,4.286,12.948
A,72,.,5.213471109448379,0.16996684005515394,12,3.4100712257205084,0.934099215323746,3.3368757258964785,1.4666547106476036,3.314727676123871,1.852282125061822,3.2068315833133307,0.8311162122831048,2.91793828561397,1.6003648766450582,2.803675482771879,1.1270086031848148,2.744208537655488,1.5019506924985702,2.734581772177965,1.5963972514257483,1.7746099194073417,0.0,1.646170918423645,1.3588152448315949,1.6235439527882836,1.4230625500619971,0.6914517441194961,0.0,0.0,0.0,0.0,0.0,0.0,0.0,0.0,0.0,0.0,0.0,0.0,0.0,0.0,0.0,0.0,0.0,0.0,0.0,30.204686824012256,2.5170572353343545,0.8348795218370538,0.6914517441194961,3.4100712257205084,0.6914517441194961,1.6258066493518197,1.7425001691614175,2.7739420102136836,3.2338056065159657,3.3346609209192177,3.4100712257205084,13.69175148196406,1.1409792901636717,0.579544204136025,0.0,1.852282125061822,0.0,0.08311162122831056,0.9083534645635857,1.390938897446796,1.5255623322303646,1.5999681141231272,1.852282125061822,0.5714285714285714,0.8333333333333334,0.16996684005515394,5.213471109448379,3.4675517531451305,-0.9440156969490283,0.04198598099976416,-0.32721788049146683,-0.3203972099512095,-0.3530377034047621,0.8790392527243434,-0.07861292367875017,0.9346665487617382,0.3467253247983198,40.698,4.2,9.288
A,73,.,5.048185343236491,0.12203853268478915,12,3.4100712257205084,0.934099215323746,3.2474166334017767,0.0,3.2376975791087887,1.92624811187588,2.7496526909567236,1.8601219198192829,2.6500325947326364,1.038182647841646,2.6357877044976354,0.0,2.5090706674121126,1.5607937376077057,2.2827568053686424,0.0,2.0614557629143593,0.38142033562406785,1.728771744983138,0.0,1.5742085830999542,0.0,0.10631665840762676,0.0,0.0,0.0,0.0,0.0,0.0,0.0,0.0,0.0,0.0,0.0,0.0,0.0,0.0,0.0,0.0,0.0,0.0,0.0,28.193238650603902,2.3494365542169917,0.8748095959054095,0.10631665840762676,3.4100712257205084,0.10631665840762676,1.5896648992882725,1.978284758431554,2.5724291859548742,2.87166391299474,3.2464447279724777,3.4100712257205084,7.700865968092328,0.6417388306743607,0.7505810938691077,0.0,1.92624811187588,0.0,0.0,0.0,0.19071016781203393,1.168835420283161,1.8301891015981253,1.92624811187588,0.5714285714285714,0.5,0.12203853268478915,5.048185343236491,2.98992509448184,-0.18393696345064628,0.974447939357963,0.1289124003250858,-0.32532623072943617,0.06340608893841293,-0.9434736411182413,-0.9275397765465012,-0.2154782619350584,0.305350751689779,37.046,4.314,8.398
A,74,.,5.282814617511038,0.22193359178813596,13,3.502923300166834,2.2265373946333913,3.371043969341738,2.309006431996671,3.2376975791087887,1.92624811187588,3.2093950237686837,1.4452540683230801,3.1121632845256606,1.1069077856922167,3.024373178928915,0.8798300463380296,2.9111651795964724,1.4986359522668533,2.8073946565048837,1.564101576925777,1.547726325084613,0.0,1.3295970174413454,1.3109483151767012,1.3271598784943668,0.471722775666351,1.174847757998692,0.5963399807801619,1.0574777453095545,1.171196481411821,0.0,0.0,0.0,0.0,0.0,0.0,0.0,0.0,0.0,0.0,0.0,0.0,0.0,0.0,0.0,0.0,31.612964896270547,2.4317665304823497,0.9262773649712799,1.0574777453095545,3.502923300166834,1.0574777453095545,1.205310182097827,1.3295970174413454,2.9111651795964724,3.2093950237686837,3.344374691295148,3.502923300166834,16.506728921086932,1.2697483785451487,0.6497856421873782,0.0,2.309006431996671,0.0,0.49664621668911324,0.8798300463380296,1.3109483151767012,1.564101576925777,2.166479538081889,2.309006431996671,0.6190476190476191,0.9230769230769231,0.22193359178813596,5.282814617511038,3.7950840509350057,0.08125142132657492,0.31467224662001836,0.9457164393937126,0.7398503405346807,0.6167494116043095,-0.26877804392556875,-0.6678470484647877,0.721527227825013,-0.18269860252345466,35.177,2.835,5.399
A,75,.,4.813407996661865,0.33356618796796744,9,3.2093950237686837,1.4452540683230801,3.071317368510188,1.9228008894426316,3.0332447978137624,2.2352544107334325,3.01042874936407,2.136758345753167,2.6500325947326364,1.038182647841646,2.6256825706667812,1.6202215593493108,2.090202187703328,1.8598199061329652,1.81780563689402,1.5069067237864338,0.43322293681921076,0.7069909123805955,0.0,0.0,0.0,0.0,0.0,0.0,0.0,0.0,0.0,0.0,0.0,0.0,0.0,0.0,0.0,0.0,0.0,0.0,0.0,0.0,0.0,0.0,0.0,0.0,21.941331866272684,2.4379257629191873,0.8355337730163236,0.43322293681921076,3.2093950237686837,0.43322293681921076,1.5408890968790583,2.090202187703328,2.6500325947326364,3.0332447978137624,3.098932899561887,3.2093950237686837,14.472189463743263,1.6080210515270292,0.4724535240161814,0.7069909123805955,2.2352544107334325,0.7069909123805955,0.9719443007494359,1.4452540683230801,1.6202215593493108,1.9228008894426316,2.15645755874922,2.2352544107334325,0.42857142857142855,1.0,0.33356618796796744,4.813407996661865,3.7315871096574376,0.8970780405383615,0.42479878229971124,0.1216428532242508,0.40858949130965166,-0.6926407983230791,-0.5943932638326983,-0.16824273171573897,0.5829191359485895,-0.7949211685253927,34.877,6.314,3.945
A,76,.,4.539861128063284,0.25243135383353443,7,3.2222700579362162,1.7416899870802334,3.071317368510188,1.9228008894426316,2.744208537655488,1.5019506924985702,2.520241618075489,1.6490316329345673,2.3546223605649037,1.8173183731463842,2.2827568053686424,0.0,1.547726325084613,0.0,0.0,0.0,0.0,0.0,0.0,0.0,0.0,0.0,0.0,0.0,0.0,0.0,0.0,0.0,0.0,0.0,0.0,0.0,0.0,0.0,0.0,0.0,0.0,0.0,0.0,0.0,0.0,0.0,17.74314307319554,2.53473472474222,0.5175262606168651,1.547726325084613,3.2222700579362162,1.547726325084613,1.9887446132550308,2.318689582966773,2.520241618075489,2.9077629530828384,3.1316984442805995,3.2222700579362162,8.632791575102386,1.2332559393003408,0.7893951633362953,0.0,1.9228008894426316,0.0,0.0,0.7509753462492851,1.6490316329345673,1.779504180113309,1.8595113796648832,1.9228008894426316,0.3333333333333333,0.7142857142857143,0.25243135383353443,4.539861128063284,3.194369174985693,0.3686123305391019,-0.857239871111106,0.35953407787294156,0.5804660365250932,-0.08983367836932256,-0.8093139629782045,0.726074466026303,0.507020427209843,0.4644848287905293,38.69,6.809,3.991
A,77,.,4.979688820150201,0.22504235987867266,8,3.5299657825624484,2.2637340714963825,3.2474166334017767,0.0,3.2336343796437292,2.3094008131140074,3.2222700579362162,1.7416899870802334,3.01042874936407,2.136758345753167,2.6255450195826255,1.2910024311490365,1.7746099194073417,0.0,0.7512462629435916,0.0,0.0,0.0,0.0,0.0,0.0,0.0,0.0,0.0,0.0,0.0,0.0,0.0,0.0,0.0,0.0,0.0,0.0,0.0,0.0,0.0,0.0,0.0,0.0,0.0,0.0,0.0,21.395116804841802,2.6743896006052252,0.8871788275439383,0.7512462629435916,3.5299657825624484,0.7512462629435916,1.4676008224682167,2.412811244538805,3.116349403650143,3.2370799430832413,3.3321813781499783,3.5299657825624484,9.742585648592826,1.2178232060741032,0.9911473584007602,0.0,2.3094008131140074,0.0,0.0,0.0,1.516346209114635,2.1685022771889706,2.27743409398167,2.3094008131140074,0.38095238095238093,0.625,0.22504235987867266,4.979688820150201,3.511625137147563,0.5029548456373734,0.009533097204353767,0.8642601132226214,-0.40508605479814414,-0.8807143237305143,0.24545380050831933,0.7635061960835426,-0.47355189793051733,-0.4390978120059856,38.642,9.214,6.959
A,78,.,5.008596403637688,0.3121157397654,10,3.629232947536791,2.8256080262154177,3.5299657825624484,2.2637340714963825,3.314727676123871,1.852282125061822,3.3133420122474604,1.5388738072056638,2.3546223605649037,1.8173183731463842,2.216952038408796,1.916135537814396,2.140274377112429,0.0,0.3239585517529796,1.0299229425412468,0.17065712437438327,0.12683263093603228,0.10631665840762676,0.0,0.0,0.0,0.0,0.0,0.0,0.0,0.0,0.0,0.0,0.0,0.0,0.0,0.0,0.0,0.0,0.0,0.0,0.0,0.0,0.0,0.0,0.0,21.10004952909169,2.1100049529091693,1.3513589270631028,0.10631665840762676,3.629232947536791,0.10631665840762676,0.16422307777770762,0.778037508092842,2.28578719948685,3.3143812601547684,3.539892499059883,3.629232947536791,13.370707514417346,1.3370707514417346,0.9529481433151432,0.0,2.8256080262154177,0.0,0.0,0.3526052088373359,1.678096090176024,1.9001721846262525,2.3199214669682857,2.8256080262154177,0.47619047619047616,0.8,0.3121157397654,5.008596403637688,3.8588307934477823,-0.4207369491906514,-0.6769716376564513,-0.6038955384787055,0.3810693233782418,0.47221989000506437,-0.794855047328539,0.8232658078444606,-0.5645509519010196,0.05929276804012837,40.986,8.921,9.991
A,79,.,5.079188308860421,0.12149430847874211,10,3.447419171013829,2.1184591092004403,3.3133420122474604,1.5388738072056638,3.196364331906102,0.0,2.9580459825726573,0.6971541419569223,2.9001075442841695,1.7533096588528556,2.6357877044976354,0.0,2.6255450195826255,1.2910024311490365,2.299220438888568,0.0,2.1825259690127554,0.0,0.8181132452717808,0.0,0.0,0.0,0.0,0.0,0.0,0.0,0.0,0.0,0.0,0.0,0.0,0.0,0.0,0.0,0.0,0.0,0.0,0.0,0.0,0.0,0.0,0.0,26.376471419277586,2.6376471419277587,0.7230851616824892,0.8181132452717808,3.447419171013829,0.8181132452717808,2.046084696638658,2.3808015840620826,2.7679476243909025,3.136784744572741,3.326749728124097,3.447419171013829,7.398799148364918,0.7398799148364918,0.8129320170088373,0.0,2.1184591092004403,0.0,0.0,0.0,0.34857707097846113,1.476905963191507,1.789824603887614,2.1184591092004403,0.47619047619047616,0.5,0.12149430847874211,5.079188308860421,3.015328507003406,0.576502214679466,0.6659950939672947,0.47338750646924055,-0.19150929734215213,-0.4530836256947169,0.8706545911892069,0.7943358140617771,-0.5925924087759005,-0.13365946116900934,39.549,9.185,13.525
A,80,.,4.885475391137001,0.3520583446012844,7,3.478868047498318,2.751562972233898,3.463564797655683,2.617395832834079,3.447419171013829,2.1184591092004403,3.3618326581398787,2.0765636545323187,2.3284097475099284,0.841825772931308,0.7392527921595275,0.9002345179991313,0.3239585517529796,1.0299229425412468,0.0,0.0,0.0,0.0,0.0,0.0,0.0,0.0,0.0,0.0,0.0,0.0,0.0,0.0,0.0,0.0,0.0,0.0,0.0,0.0,0.0,0.0,0.0,0.0,0.0,0.0,0.0,0.0,17.143305765730144,2.449043680818592,1.274679393519371,0.3239585517529796,3.478868047498318,0.3239585517529796,0.5731350959969084,1.533831269834728,3.3618326581398787,3.4554919843347562,3.4696860975927373,3.478868047498318,12.335964802272422,1.7622806860389173,0.7617880204610304,0.841825772931308,2.751562972233898,0.841825772931308,0.876871019972002,0.9650787302701891,2.0765636545323187,2.3679274710172598,2.6710626885940068,2.751562972233898,0.3333333333333333,1.0,0.3520583446012844,4.885475391137001,3.855326720084491,-0.5408636355063811,-0.7505399266447298,0.3796792676706808,-0.5204412570646073,-0.05598869199512147,-0.8520599534737489,0.6607627605516463,-0.658448999453108,-0.3603296954004329,41.413,9.742,16.792
A,81,.,5.047473009909,0.14986486175803268,11,3.5944286549362774,2.150911841804623,3.3618326581398787,2.0765636545323187,3.131315933835881,0.0,2.914858387213818,2.0164831048845833,2.688541130713985,0.0,2.460238203572286,0.9385804598482161,2.279118903039892,0.0,2.2563170456124864,0.42885475839056514,2.1825259690127554,0.0,1.1419942037938788,0.0,0.2670264564641629,0.0,0.0,0.0,0.0,0.0,0.0,0.0,0.0,0.0,0.0,0.0,0.0,0.0,0.0,0.0,0.0,0.0,0.0,0.0,0.0,0.0,26.278197546335303,2.3889270496668455,0.9269660505000892,0.2670264564641629,3.5944286549362774,0.2670264564641629,1.1419942037938788,2.219421507312621,2.460238203572286,3.0230871605248497,3.3618326581398787,3.5944286549362774,7.611393819460306,0.6919448926782097,0.8945759319715283,0.0,2.150911841804623,0.0,0.0,0.0,0.0,1.4775317823663996,2.0765636545323187,2.150911841804623,0.5238095238095238,0.45454545454545453,0.14986486175803268,5.047473009909,3.185253186016859,0.6750733913726492,0.7136454577908211,0.18704565441399418,-0.5702524253294348,0.3438998037335117,0.7460195013523101,0.4680684647212706,-0.6102811528849482,0.6391156599293207,40.592,7.2,19.489
A,82,.,4.948135837541668,0.2118402594041302,10,3.5944286549362774,2.150911841804623,3.2765974134288256,0.0,3.0623950992580533,2.2596306180193846,2.833019207565888,1.5437894421975387,2.7396134655583286,1.9966399275547486,2.5330775746492935,1.1659032683139179,2.522780302216082,0.0,1.410633252621748,0.0,0.8515431222124351,0.28367028598691324,0.5176181025614458,0.6330664420621603,0.0,0.0,0.0,0.0,0.0,0.0,0.0,0.0,0.0,0.0,0.0,0.0,0.0,0.0,0.0,0.0,0.0,0.0,0.0,0.0,0.0,0.0,23.341706195008378,2.3341706195008376,0.9922736258563557,0.5176181025614458,3.5944286549362774,0.5176181025614458,0.8181506202473362,1.6886700150203315,2.636345520103811,3.005051126335012,3.3083805375795707,3.5944286549362774,10.033611825939285,1.0033611825939286,0.8874370331562564,0.0,2.2596306180193846,0.0,0.0,0.07091757149672831,0.8994848551880391,1.883427306215446,2.1617837194260994,2.2596306180193846,0.47619047619047616,0.7,0.2118402594041302,4.948135837541668,3.4222737725403514,-0.4075867629977854,-0.7575583433742781,0.5098807576414377,-0.9129680955393192,0.3496969269375986,-0.2102410897462919,-0.019033842394421414,-0.5511963494748665,-0.8341584364911052,42.003,4.539,21.803
A,83,.,5.103889725934316,0.07420368242554813,13,3.348893050032866,1.5038551498590353,3.2765974134288256,0.0,3.1891462480455077,0.0,2.954300718289328,1.5523552604300337,2.757671765594339,1.3979437428178672,2.6879563313990773,0.0,2.415726260720726,0.7616185827720919,2.4048076905323734,0.22498585323339665,2.201318408385338,0.0,2.016835818151656,0.0,1.2279695651114895,0.14973207501246819,1.1419942037938788,0.0,0.8799669385936677,0.277815053128111,0.0,0.0,0.0,0.0,0.0,0.0,0.0,0.0,0.0,0.0,0.0,0.0,0.0,0.0,0.0,0.0,30.503184412079072,2.346398800929159,0.7954492658002257,0.8799669385936677,3.348893050032866,0.8799669385936677,1.159189276057401,2.016835818151656,2.415726260720726,2.954300718289328,3.2591071803521623,3.348893050032866,5.868305717253004,0.4514081320963849,0.6017228693728147,0.0,1.5523552604300337,0.0,0.0,0.0,0.14973207501246819,0.7616185827720919,1.4826728684508017,1.5523552604300337,0.6190476190476191,0.5384615384615384,0.07420368242554813,5.103889725934316,2.575985161427946,0.3140232490366762,0.4319572322936076,-0.8454598444241428,-0.42353555857467756,0.8607223196762387,0.28244418746717126,0.8497099679815963,0.2693882660406741,0.45323606700296204,41.772,0.757,21.691
A,84,.,4.92606029218758,0.22931381577327092,9,3.3862867689264013,1.95138371316318,3.2641168411137875,1.6518841870968555,3.1891462480455077,0.0,3.0623950992580533,2.2596306180193846,2.840615293675847,2.1390503536184227,2.212596926122141,1.5758811289052577,2.176924359595779,0.0,1.9500231078038786,0.7962045460023193,0.8596357207175761,0.0,0.0,0.0,0.0,0.0,0.0,0.0,0.0,0.0,0.0,0.0,0.0,0.0,0.0,0.0,0.0,0.0,0.0,0.0,0.0,0.0,0.0,0.0,0.0,0.0,22.941740365258973,2.5490822628065524,0.7771153704631607,0.8596357207175761,3.3862867689264013,0.8596357207175761,1.731945630386618,2.176924359595779,2.840615293675847,3.1891462480455077,3.2885508266763104,3.3862867689264013,10.374034546805419,1.152670505200602,0.9053904055565501,0.0,2.2596306180193846,0.0,0.0,0.0,1.5758811289052577,1.95138371316318,2.163166406498615,2.2596306180193846,0.42857142857142855,0.6666666666666666,0.22931381577327092,4.92606029218758,3.4774869010817406,-0.052687650985761975,-0.27037336712599935,0.9613127762505562,-0.9971137949054781,0.06693870496150225,-0.03582303431136093,-0.05466343789772565,-0.960425661947361,-0.27311985726082777,41.682,-1.203,24.937
A,85,.,5.126723406774456,0.23501660868174445,13,3.3862867689264013,1.95138371316318,3.3004668717072976,1.7999871951366813,3.181576784119203,1.6558614688714999,2.8785746672758736,2.1255901247058135,2.8168089362661894,1.9286942304844714,2.626073402056964,0.0,2.5786246536617523,0.0,2.2894431142471,0.0,2.2338864639278326,0.42953573868993744,1.9784658430898097,1.6348190684118638,1.8363742619870063,1.6872744960969106,1.4471636588830776,0.9944103608473791,0.2034093056799509,0.0,0.0,0.0,0.0,0.0,0.0,0.0,0.0,0.0,0.0,0.0,0.0,0.0,0.0,0.0,0.0,0.0,30.75715473182846,2.36593497937142,0.8381870356070307,0.2034093056799509,3.3862867689264013,0.2034093056799509,1.5250057795038634,1.9784658430898097,2.5786246536617523,2.8785746672758736,3.2766888541896786,3.3862867689264013,14.207556396407735,1.0928889535698258,0.8409392368536086,0.0,2.1255901247058135,0.0,0.0,0.0,1.6348190684118638,1.7999871951366813,1.9468458166274383,2.1255901247058135,0.6190476190476191,0.6923076923076923,0.23501660868174445,5.126723406774456,3.6977617395620888,-0.6185908972207224,-0.08971826474989496,-0.7805741059284055,-0.13002229049862282,0.9914509808629107,-0.010915883815068202,0.7748803171130064,0.09473956679360565,-0.6249679260846963,42.188,-4.804,25.959
A,86,.,4.928804728044856,0.2768857540337841,6,3.656338183732561,2.3470392033882104,3.4627188560879927,2.3121898195784825,3.444026959637511,2.3464976667504525,3.3004668717072976,1.7999871951366813,2.212596926122141,1.5758811289052577,1.6121921161306352,0.7457870678841247,0.0,0.0,0.0,0.0,0.0,0.0,0.0,0.0,0.0,0.0,0.0,0.0,0.0,0.0,0.0,0.0,0.0,0.0,0.0,0.0,0.0,0.0,0.0,0.0,0.0,0.0,0.0,0.0,0.0,0.0,17.68833991341814,2.9480566522363567,0.759622108694419,1.6121921161306352,3.656338183732561,1.6121921161306352,1.9123945211263882,2.4845644125184303,3.372246915672404,3.458045881975372,3.559528519910277,3.656338183732561,11.127382081643209,1.854563680273868,0.5779245920593878,0.7457870678841247,2.3470392033882104,0.7457870678841247,1.1608340983946912,1.6319076454631136,2.0560885073575816,2.33792070495746,2.3467684350693316,2.3470392033882104,0.2857142857142857,1.0,0.2768857540337841,4.928804728044856,3.663373423288634,0.04786809089802791,0.6444374314151519,0.7631572857968529,-0.9908039088619148,-0.06616895568127719,0.11802238553765793,0.12655536360711278,-0.7617887281228901,0.6353437444778857,39.393,-6.285,28.094
A,87,.,4.403713747466254,0.33742473848235155,5,3.4627188560879927,2.3121898195784825,3.3549230501301657,2.3774383587760326,2.8168089362661894,1.9286942304844714,1.9069049555331505,1.2510701078435642,0.5603577982919219,0.0,0.0,0.0,0.0,0.0,0.0,0.0,0.0,0.0,0.0,0.0,0.0,0.0,0.0,0.0,0.0,0.0,0.0,0.0,0.0,0.0,0.0,0.0,0.0,0.0,0.0,0.0,0.0,0.0,0.0,0.0,0.0,0.0,12.10171359630942,2.420342719261884,1.0807715864283713,0.5603577982919219,3.4627188560879927,0.5603577982919219,1.0989766611884133,1.9069049555331505,2.8168089362661894,3.3549230501301657,3.419600533704862,3.4627188560879927,7.8693925166825505,1.5738785033365101,0.882950173527587,0.0,2.3774383587760326,0.0,0.5004280431374257,1.2510701078435642,1.9286942304844714,2.3121898195784825,2.3513389430970126,2.3774383587760326,0.23809523809523808,0.8,0.33742473848235155,4.403713747466254,3.341035756812748,0.7409533849039219,-0.0382698959551144,0.6704651344126743,-0.12966684235818646,0.9714348301320835,0.1987482850218015,-0.6589192601467025,-0.23420031142130182,0.7148255890340578,40.555,-9.643,29.354
A,88,.,4.823311365477293,0.3162256454401709,6,3.7997922771456687,2.888687006165295,3.3549230501301657,2.3774383587760326,3.335456360032807,1.6485663136344568,2.8785746672758736,2.1255901247058135,2.21068140450431,0.5249764271997509,0.03819605375371111,0.0,0.0,0.0,0.0,0.0,0.0,0.0,0.0,0.0,0.0,0.0,0.0,0.0,0.0,0.0,0.0,0.0,0.0,0.0,0.0,0.0,0.0,0.0,0.0,0.0,0.0,0.0,0.0,0.0,0.0,0.0,15.617623812842535,2.6029373021404223,1.2478158841228275,0.03819605375371111,3.7997922771456687,0.03819605375371111,1.1244387291290106,2.377654720197201,3.10701551365434,3.350056377605826,3.577357663637917,3.7997922771456687,9.56525823048135,1.5942097050802249,1.0213718539745633,0.0,2.888687006165295,0.0,0.26248821359987545,0.8058738988084274,1.8870782191701352,2.3144763002584776,2.6330626824706638,2.888687006165295,0.2857142857142857,0.8333333333333334,0.3162256454401709,4.823311365477293,3.6892478612436954,-0.2908025650695467,-0.9415727822151053,0.16992517159231565,-0.04781213344611991,0.19167952679948969,0.9802922823838073,-0.9555877081902542,0.276947025255065,-0.10075950157711154,43.108,-11.375,27.159
A,89,.,4.976537074806905,0.16167588212571482,11,3.3595382312691306,1.3141053158784544,3.335456360032807,1.6485663136344568,3.101991385353345,0.646703685806779,3.0913969359764732,1.5258301909770187,2.7334125080964045,1.510141196945192,2.5713748237140006,0.0,2.360189629528687,1.7436243404760734,1.9069049555331505,1.2510701078435642,1.6121921161306352,0.7457870678841247,0.5992441103124684,0.0,0.2034093056799509,0.0,0.0,0.0,0.0,0.0,0.0,0.0,0.0,0.0,0.0,0.0,0.0,0.0,0.0,0.0,0.0,0.0,0.0,0.0,0.0,0.0,24.87511036162705,2.261373669238823,1.0281872187732317,0.2034093056799509,3.3595382312691306,0.2034093056799509,0.5992441103124684,1.7595485358318927,2.5713748237140006,3.096694160664909,3.335456360032807,3.3595382312691306,10.385828219445663,0.9441662017677875,0.6624476760957477,0.0,1.7436243404760734,0.0,0.0,0.3233518429033895,1.2510701078435642,1.5179856939611054,1.6485663136344568,1.7436243404760734,0.5238095238095238,0.7272727272727273,0.16167588212571482,4.976537074806905,3.1895177428809984,-0.6481438483493128,0.10065247849619148,0.7548368237039822,0.6461718082427709,0.5971942601382076,0.47520628140866006,-0.402953528436234,0.7957563032930072,-0.4521065800120992,40.819,-11.898,24.204
A,90,.,5.126269260081698,0.16138129939758986,12,3.656338183732561,2.3470392033882104,3.3648168979026805,2.2406884124538635,3.3595382312691306,1.3141053158784544,3.0637506703947137,1.9339416688222426,2.9753764932969173,0.0,2.626073402056964,0.0,2.480078345598026,0.4191970584942794,1.8486847077366009,0.0,1.546293618909354,0.0,0.8596357207175761,0.0,0.5603577982919219,0.0,0.03819605375371111,0.0,0.0,0.0,0.0,0.0,0.0,0.0,0.0,0.0,0.0,0.0,0.0,0.0,0.0,0.0,0.0,0.0,0.0,0.0,26.379140123660157,2.1982616769716796,1.1596918423388622,0.03819605375371111,3.656338183732561,0.03819605375371111,0.5902855905344874,1.3746291443614094,2.553075873827495,3.1376975606133177,3.3642890312393257,3.656338183732561,8.25497165903705,0.6879143049197541,0.9351155822706565,0.0,2.3470392033882104,0.0,0.0,0.0,0.0,1.4690644041144014,2.2100137380907015,2.3470392033882104,0.5714285714285714,0.4166666666666667,0.16138129939758986,5.126269260081698,3.332677612530348,0.4226523912996462,0.8902386283197248,0.16982385220017107,0.8877004699981812,-0.3688895859699545,-0.2755146982066905,-0.18262757648750327,0.26719965945025165,-0.9461773144056935,38.779,-8.732,23.655
A,91,.,5.205880638922938,0.06755942889350147,14,3.4885609188583224,1.6323982938706907,3.1462320110805235,0.0,2.9881989693371347,0.0,2.9753764932969173,0.0,2.910087235425415,0.0,2.757671765594339,1.3979437428178672,2.665414062016346,0.9941809708019012,2.5786246536617523,0.0,2.2625294714016917,0.7108839499501606,2.176924359595779,0.0,2.1693702216999324,0.0,1.8821256293015272,0.0,1.0781238262407733,0.5668467244437707,0.4363815643720481,0.9506225909543242,0.0,0.0,0.0,0.0,0.0,0.0,0.0,0.0,0.0,0.0,0.0,0.0,0.0,0.0,33.5156211818825,2.3939729415630358,0.7974075389892542,0.4363815643720481,3.4885609188583224,0.4363815643720481,1.3193243671589996,2.171258756173894,2.622019357839049,2.959054178829042,3.0988220985575072,3.4885609188583224,6.252876272838714,0.4466340194884796,0.5697727584159049,0.0,1.6323982938706907,0.0,0.0,0.0,0.0,0.8906879307032833,1.2768149112130778,1.6323982938706907,0.6666666666666666,0.42857142857142855,0.06755942889350147,5.205880638922938,2.584097170111735,-0.8310765279736195,-0.552791365399842,0.06110246304930418,0.55339143410307,-0.810991478754533,0.189870329564372,-0.05540510186490782,0.19161035391364953,0.9799059888379216,39.705,-5.522,21.851
A,92,.,5.076795873984949,0.1894508053322202,10,3.4737877743029486,1.8724727212672296,3.444026959637511,2.3464976667504525,3.2641168411137875,1.6518841870968555,3.1462320110805235,0.0,3.042401141746156,2.0281877201974305,2.480078345598026,0.4191970584942794,2.27432861236346,0.6462342782313726,2.201318408385338,0.0,0.8515431222124351,0.28367028598691324,0.8257837979925154,1.2932027185409398,0.0,0.0,0.0,0.0,0.0,0.0,0.0,0.0,0.0,0.0,0.0,0.0,0.0,0.0,0.0,0.0,0.0,0.0,0.0,0.0,0.0,0.0,25.0036170144327,2.50036170144327,0.9378743353393507,0.8257837979925154,3.4737877743029486,0.8257837979925154,0.8489671897904432,2.2195709593798685,2.761239743672091,3.2346456336054716,3.4470030411040544,3.4737877743029486,10.541346636565473,1.0541346636565474,0.8419418219376885,0.0,2.3464976667504525,0.0,0.0,0.31755197911375477,0.9697184983861562,1.8173255877246361,2.0600187148527325,2.3464976667504525,0.47619047619047616,0.8,0.1894508053322202,5.076795873984949,3.4395165988464353,0.23143640293459194,0.9558255652177775,-0.1812034223540313,0.9427919190366622,-0.26630310420148623,-0.20056433903318965,-0.23995955658373994,-0.1244192331143726,-0.9627768514226785,37.239,-2.714,22.515
A,93,.,5.068546584823633,0.17072199187316445,11,3.495018574687784,1.6480719150448684,3.4737877743029486,1.8724727212672296,3.419754135140542,1.7752743329681926,2.954300718289328,1.5523552604300337,2.5330775746492935,1.1659032683139179,2.521825035130254,1.369265184252029,2.3668313839365327,0.6017821583772736,2.279118903039892,0.0,1.5516583645538666,0.7345817873949523,0.8072969572505659,0.0,0.4363815643720481,0.9506225909543242,0.0,0.0,0.0,0.0,0.0,0.0,0.0,0.0,0.0,0.0,0.0,0.0,0.0,0.0,0.0,0.0,0.0,0.0,0.0,0.0,25.839050985353058,2.349004635032096,0.9922918877830849,0.4363815643720481,3.495018574687784,0.4363815643720481,0.8072969572505659,1.9153886337968795,2.521825035130254,3.187027426714935,3.4737877743029486,3.495018574687784,11.67032921900282,1.0609390199093474,0.6354559102163547,0.0,1.8724727212672296,0.0,0.0,0.6681819728861129,1.1659032683139179,1.600213587737451,1.7752743329681926,1.8724727212672296,0.5238095238095238,0.8181818181818182,0.17072199187316445,5.068546584823633,3.3309311640997974,-0.8221389905257378,-0.5125793985225081,-0.24768899948852138,0.4502812118221266,-0.8517187381079401,0.2679963086234869,-0.348330748768061,0.10880051179163606,0.9310360562816888,36.983,0.777,21.02
A,94,.,4.829616911801438,0.267554917304956,9,3.495018574687784,1.6480719150448684,3.4175299429497152,1.597725590185409,3.0521645905160586,2.3138217249200332,2.914858387213818,2.0164831048845833,2.5540517319125473,0.0,2.4991628784611994,1.8870423759331996,0.8257837979925154,1.2932027185409398,0.5176181025614458,0.6330664420621603,0.11127926525105004,0.2845734958300775,0.0,0.0,0.0,0.0,0.0,0.0,0.0,0.0,0.0,0.0,0.0,0.0,0.0,0.0,0.0,0.0,0.0,0.0,0.0,0.0,0.0,0.0,0.0,0.0,19.387467271546132,2.1541630301717927,1.2326229669023359,0.11127926525105004,3.495018574687784,0.11127926525105004,0.43635033509936666,0.8257837979925154,2.5540517319125473,3.0521645905160586,3.433027669297329,3.495018574687784,11.67398736740127,1.29710970748903,0.7645956259308178,0.0,2.3138217249200332,0.0,0.22765879666406202,0.6330664420621603,1.597725590185409,1.8870423759331996,2.0759508288916733,2.3138217249200332,0.42857142857142855,0.8888888888888888,0.267554917304956,4.829616911801438,3.5328226003576177,0.33212086975765487,0.9356590897861407,-0.11932223418956593,0.7087459360628353,-0.33102289701461884,-0.6229791647932251,-0.622394509925846,0.12233523348823065,-0.7730841898923726,34.665,3.576,19.853
A,95,.,5.314141108174681,0.1910547617804092,13,3.652606990598424,1.6234492929817526,3.49240217619573,1.8492655078247011,3.4175299429497152,1.597725590185409,3.0811528024822623,1.6908962330392934,2.9580459825726573,0.6971541419569223,2.770091857666194,2.0418461070455947,2.7496526909567236,1.8601219198192829,2.3668313839365327,0.6017821583772736,2.2563170456124864,0.42885475839056514,2.2479757803743565,1.004045166061728,1.6235439527882836,1.4230625500619971,1.3269582837733436,0.0,0.7392527921595275,0.9002345179991313,0.0,0.0,0.0,0.0,0.0,0.0,0.0,0.0,0.0,0.0,0.0,0.0,0.0,0.0,0.0,0.0,32.68236168206624,2.514027821697403,0.8421836572619215,0.7392527921595275,3.652606990598424,0.7392527921595275,1.3862754175763317,2.2479757803743565,2.7496526909567236,3.0811528024822623,3.477427729546527,3.652606990598424,15.718437943743652,1.209110611057204,0.6181115535389798,0.0,2.0418461070455947,0.0,0.4634402383879068,0.6971541419569223,1.4230625500619971,1.6908962330392934,1.8579506374203665,2.0418461070455947,0.6190476190476191,0.9230769230769231,0.1910547617804092,5.314141108174681,3.6795699296504907,-0.8137847476049404,-0.5137857225672255,-0.2716221932236715,0.22319824388193646,-0.7078322333822483,0.6701910722421762,-0.5365975479757462,0.4847656760448001,0.6906991463982307,34.767,5.932,16.909
A,96,.,4.9515611900223435,0.3333536521178732,9,3.49240217619573,1.8492655078247011,3.4059527237460157,2.429631755129245,3.2336343796437292,2.3094008131140074,2.9001075442841695,1.7533096588528556,2.6647459616929376,1.687797974483936,2.5090706674121126,1.5607937376077057,2.090202187703328,1.8598199061329652,1.9427451457121567,1.4649923188685614,0.11127926525105004,0.2845734958300775,0.0,0.0,0.0,0.0,0.0,0.0,0.0,0.0,0.0,0.0,0.0,0.0,0.0,0.0,0.0,0.0,0.0,0.0,0.0,0.0,0.0,0.0,0.0,0.0,22.350140051641226,2.4833488946268027,0.983932021719734,0.11127926525105004,3.49240217619573,0.11127926525105004,1.5764519696199355,2.090202187703328,2.6647459616929376,3.2336343796437292,3.4232426142359587,3.49240217619573,15.199585167844056,1.6888427964271173,0.5803700051744586,0.2845734958300775,2.429631755129245,0.2845734958300775,1.2289085542608646,1.5607937376077057,1.7533096588528556,1.8598199061329652,2.333447001517055,2.429631755129245,0.42857142857142855,1.0,0.3333536521178732,4.9515611900223435,3.8670541955750375,-0.8549265215857793,0.4992642748541474,-0.1408397193394052,-0.4196438109003371,-0.5060117369518708,0.753559018285889,0.3049585458095612,0.7033401068624716,0.6421160171000291,32.136,8.002,15.102
A,97,.,4.584280508066413,0.32598126328885924,8,3.4059527237460157,2.429631755129245,3.0028717268967733,1.8746090033070464,2.9153461735947386,0.0,2.4991628784611994,1.8870423759331996,2.4006822945336603,1.908310635333497,1.6112063478300611,0.6201107879059309,1.4374127652150255,1.509535805852907,1.3269582837733436,0.0,0.0,0.0,0.0,0.0,0.0,0.0,0.0,0.0,0.0,0.0,0.0,0.0,0.0,0.0,0.0,0.0,0.0,0.0,0.0,0.0,0.0,0.0,0.0,0.0,0.0,0.0,18.59959319405082,2.3249491492563523,0.7336499263605961,1.3269582837733436,3.4059527237460157,1.3269582837733436,1.404276420782521,1.567757952176302,2.44992258649743,2.9372275619202473,3.123796025951546,3.4059527237460157,10.229240363461827,1.2786550454327283,0.8805831680661631,0.0,2.429631755129245,0.0,0.0,0.46508309092944816,1.6920724045799767,1.892359440783274,2.0647069712722215,2.429631755129245,0.38095238095238093,0.75,0.32598126328885924,4.584280508066413,3.4842584218912145,-0.10586310587446611,0.8502721925944878,0.5155872392865961,-0.9830145545486056,-0.011314579802240978,-0.18317850809935418,-0.14991793875389972,-0.5262216061551073,0.8370277372078665,29.436,6.642,17.493
A,98,.,5.177039844780969,0.09752682853004033,12,3.652606990598424,1.6234492929817526,3.0861167053925618,0.0,2.9153461735947386,0.0,2.881981099010978,1.150961192370716,2.8546927654391467,0.527999504816697,2.85149809562487,0.6220039630209416,2.6647459616929376,1.687797974483936,2.5540517319125473,0.0,2.3479723309148195,0.0,2.251964204070211,1.7888485700020837,1.9833518081024095,0.0,0.8072969572505659,0.0,0.0,0.0,0.0,0.0,0.0,0.0,0.0,0.0,0.0,0.0,0.0,0.0,0.0,0.0,0.0,0.0,0.0,0.0,30.851624823604208,2.5709687353003505,0.6724484328686682,0.8072969572505659,3.652606990598424,0.8072969572505659,2.0102130476991897,2.3239702992036673,2.758122028658904,2.8903223676569185,3.0690396522127794,3.652606990598424,7.401060497676126,0.6167550414730105,0.7135574909802809,0.0,1.7888485700020837,0.0,0.0,0.0,0.2639997524083485,1.269083217523475,1.6813631063337178,1.7888485700020837,0.5714285714285714,0.5,0.09752682853004033,5.177039844780969,2.9003272592530176,0.47889944991873773,0.16619221276376375,-0.861995049454586,-0.4677926413940189,0.8792048568861284,-0.0903817696521234,0.7428494878002792,0.4465187208220127,0.4987942165165272,30.395,3.069,16.672
A,99,.,4.824153816818479,0.28052786058172957,9,3.5925007035912238,2.502042325234687,3.0861167053925618,0.0,3.0521645905160586,2.3138217249200332,3.02755065694051,0.6873976838347468,2.4006822945336603,1.908310635333497,1.9948676461625838,1.9144460185424061,1.5713808419859623,0.0,1.5516583645538666,0.7345817873949523,1.5134070730170046,0.5431797387788923,0.0,0.0,0.0,0.0,0.0,0.0,0.0,0.0,0.0,0.0,0.0,0.0,0.0,0.0,0.0,0.0,0.0,0.0,0.0,0.0,0.0,0.0,0.0,0.0,21.790328876693433,2.421147652965937,0.7501407630784525,1.5134070730170046,3.5925007035912238,1.5134070730170046,1.5440081062464943,1.5713808419859623,2.4006822945336603,3.0521645905160586,3.1873935050322943,3.5925007035912238,10.603779914039215,1.1781977682265794,0.9270359089331938,0.0,2.502042325234687,0.0,0.0,0.5431797387788923,0.7345817873949523,1.9144460185424061,2.351465844982964,2.502042325234687,0.42857142857142855,0.7777777777777778,0.28052786058172957,4.824153816818479,3.573465403944294,0.28976644066780577,-0.35058141772158585,0.890577385414111,-0.867305516218999,0.2973114899915274,0.39923303903248486,-0.40474257423553395,-0.8880870157069862,-0.2179103052493217,31.048,0.644,19.51
A,100,.,4.930436007498213,0.1273318817408574,11,3.419754135140542,1.7752743329681926,3.3059045350409435,0.20660839601253506,3.02755065694051,0.6873976838347468,2.909476974301903,1.1827328245334032,2.27432861236346,0.6462342782313726,2.2574642884827387,1.6049940531011178,2.2479757803743565,1.004045166061728,1.9961672639371075,1.007625748448663,1.9833518081024095,0.0,1.6667988613179978,0.0,1.0781238262407733,0.5668467244437707,0.0,0.0,0.0,0.0,0.0,0.0,0.0,0.0,0.0,0.0,0.0,0.0,0.0,0.0,0.0,0.0,0.0,0.0,0.0,0.0,26.16689674224274,2.37880879474934,0.6868800749674404,1.0781238262407733,3.419754135140542,1.0781238262407733,1.6667988613179978,1.9897595360197586,2.2574642884827387,2.9685138156212068,3.3059045350409435,3.419754135140542,8.68175920763553,0.7892508370577754,0.5682452240411016,0.0,1.7752743329681926,0.0,0.0,0.3867275602281529,0.6873976838347468,1.095179286491033,1.6049940531011178,1.7752743329681926,0.5238095238095238,0.8181818181818182,0.1273318817408574,4.930436007498213,2.917796461483005,0.36719828478004085,-0.2700162754653197,-0.8900879903910808,-0.5899033816863452,0.6722642875386958,-0.4472971361132373,0.7191518754266099,0.6893126566979069,0.0875707792957415,33.336,-2.126,18.353
A,101,.,4.987953666452883,0.20858685744360683,10,3.4389394380385703,2.1930469744030257,3.3059045350409435,0.20660839601253506,3.0637506703947137,1.9339416688222426,3.047892941664171,0.0,3.042401141746156,2.0281877201974305,2.2228977388416338,1.3944956385179799,1.9948676461625838,1.9144460185424061,1.8821256293015272,0.0,1.7732933484090716,0.6166143477295528,1.554326813179401,0.0,0.0,0.0,0.0,0.0,0.0,0.0,0.0,0.0,0.0,0.0,0.0,0.0,0.0,0.0,0.0,0.0,0.0,0.0,0.0,0.0,0.0,0.0,25.32639990277877,2.532639990277877,0.675925263653472,1.554326813179401,3.4389394380385703,1.554326813179401,1.7513966948861046,1.9103111335167913,2.632649440293895,3.059786238212078,3.319208025340706,3.4389394380385703,10.287340764225174,1.0287340764225175,0.9007116500669531,0.0,2.1930469744030257,0.0,0.0,0.051652099003133764,1.0055549931237664,1.9290677562522835,2.04467364561799,2.1930469744030257,0.47619047619047616,0.7,0.20858685744360683,4.987953666452883,3.4460995529286893,0.3167638585453008,-0.29586609510779177,0.901179178457403,-0.7734317546147816,0.46941396304368255,0.42597400419875914,-0.5490573548118565,-0.8319337624266077,-0.08013885488148512,34.213,-5.302,20.173
A,102,.,5.037325792509802,0.1487290376304505,12,3.4885609188583224,1.6323982938706907,3.142923075235305,1.9469496086299758,3.047892941664171,0.0,3.014897442815002,0.0,2.865162206160218,1.2172482937759312,2.5958590019458048,0.0,2.43954310803647,1.939950999972184,2.2574642884827387,1.6049940531011178,1.8486847077366009,0.0,1.3978523099536195,0.0,1.2481695778680915,0.28259063304354226,0.5992441103124684,0.0,0.0,0.0,0.0,0.0,0.0,0.0,0.0,0.0,0.0,0.0,0.0,0.0,0.0,0.0,0.0,0.0,0.0,0.0,27.94625368906881,2.3288544740890678,0.8479545890657196,0.5992441103124684,3.4885609188583224,0.5992441103124684,1.2631378510766442,1.7359766082908554,2.5177010549911376,3.0231463175272943,3.1334200618781916,3.4885609188583224,8.624131882393442,0.7186776568661202,0.8245368771822172,0.0,1.9469496086299758,0.0,0.0,0.0,0.14129531652177113,1.611845113293511,1.9091957293620347,1.9469496086299758,0.5714285714285714,0.5,0.1487290376304505,5.037325792509802,3.168175701888122,0.31649989912749077,-0.35893320059918526,-0.878063079374092,-0.71063184898436,0.5234401725519564,-0.4701199431717907,0.6283551456472349,0.7727725042122053,-0.08940060219170268,36.623,-7.789,18.614
A,103,.,5.087837664134913,0.17451184215510399,10,3.3648168979026805,2.2406884124538635,3.323531292037744,1.8146243963582722,3.233125809837477,2.189725417684657,3.0913969359764732,1.5258301909770187,3.0624278415922577,0.0,3.014897442815002,0.0,2.3389122006290406,0.0,2.2228977388416338,1.3944956385179799,1.100167744985132,0.0,0.9597447795016159,0.0,0.0,0.0,0.0,0.0,0.0,0.0,0.0,0.0,0.0,0.0,0.0,0.0,0.0,0.0,0.0,0.0,0.0,0.0,0.0,0.0,0.0,0.0,25.711918684119055,2.5711918684119057,0.8531558419086841,0.9597447795016159,3.3648168979026805,0.9597447795016159,1.0861254484367804,2.2519013542884854,3.03866264220363,3.197693591372226,3.3276598526242376,3.3648168979026805,9.165364055991791,0.9165364055991791,0.9476723957187889,0.0,2.2406884124538635,0.0,0.0,0.0,0.6972478192589899,1.7424258450129588,2.1948217171615774,2.2406884124538635,0.47619047619047616,0.5,0.17451184215510399,5.087837664134913,3.370849164581358,0.35112286593589176,-0.07481417859829867,0.933335722930194,-0.8326816182794858,0.4309044046823184,0.34779694737710604,-0.42819861699499034,-0.8992909610943717,0.08900399821097313,36.8,-11.066,20.46
A,104,.,5.230324619769599,0.027868705154518246,12,3.286661568068877,0.0,3.274355942267329,0.8073371020394432,3.2425611009972255,1.0545663528293758,3.101991385353345,0.646703685806779,3.0624278415922577,0.0,2.792133963473834,0.0,2.4899522327323473,0.0,2.4393948558854524,0.4764229810479189,2.3963823106663362,0.43650759878348716,2.3389276297068737,0.0,2.310988683706727,0.0,1.4285345495276298,0.0,0.0,0.0,0.0,0.0,0.0,0.0,0.0,0.0,0.0,0.0,0.0,0.0,0.0,0.0,0.0,0.0,0.0,0.0,32.16431206397823,2.6803593386648523,0.5297629946669955,1.4285345495276298,3.286661568068877,1.4285345495276298,2.3137825783067414,2.3820186404264705,2.641043098103091,3.137133814264315,3.2711764581403187,3.286661568068877,3.421537720507004,0.2851281433755837,0.36788472934398825,0.0,1.0545663528293758,0.0,0.0,0.0,0.0,0.518993157237634,0.7912737604161768,1.0545663528293758,0.5714285714285714,0.4166666666666667,0.027868705154518246,5.230324619769599,1.8212365529203738,-0.20803945712119054,-0.5063771164808444,-0.8368403672058762,-0.7799849238775605,0.602137576171693,-0.1704519225054232,0.5902059833688884,0.6172621446894536,-0.5202348911106784,38.978,-14.138,19.859
A,105,.,4.833789915629829,0.28400699675345503,8,3.378467674644842,2.1283828848973303,3.274355942267329,0.8073371020394432,3.233125809837477,2.189725417684657,3.2279307054204374,2.168462668601795,2.360189629528687,1.7436243404760734,2.088848408051248,1.6720877761805863,1.5567309877629683,0.674601263272847,1.0771639078622388,0.7354736428008845,0.0,0.0,0.0,0.0,0.0,0.0,0.0,0.0,0.0,0.0,0.0,0.0,0.0,0.0,0.0,0.0,0.0,0.0,0.0,0.0,0.0,0.0,0.0,0.0,0.0,0.0,20.196813065375228,2.5246016331719034,0.8319148670849974,1.0771639078622388,3.378467674644842,1.0771639078622388,1.4128608637927496,1.955819052979178,2.794060167474562,3.24343334294494,3.305589461980583,3.378467674644842,12.119695095953617,1.514961886994202,0.6275119734200504,0.674601263272847,2.189725417684657,0.674601263272847,0.7172119289424732,0.7893712372298035,1.7078560583283298,2.1384028308234466,2.1748414933266536,2.189725417684657,0.38095238095238093,1.0,0.28400699675345503,4.833789915629829,3.594893172569448,0.3650353763693597,0.2939662963738226,0.8833645853186203,-0.772780559114664,0.6248181646314728,0.1114112588609655,-0.519191083757519,-0.7233160289547135,0.4552521727612919,37.902,-17.634,20.915
A,106,.,4.464701989274039,0.30157728383436877,6,3.250645772957003,2.167002455146633,3.2279307054204374,2.168462668601795,2.8508856762024335,2.160918988853019,2.4449696801842995,1.321225032462264,2.3389276297068737,0.0,0.5052018398957006,0.0,0.0,0.0,0.0,0.0,0.0,0.0,0.0,0.0,0.0,0.0,0.0,0.0,0.0,0.0,0.0,0.0,0.0,0.0,0.0,0.0,0.0,0.0,0.0,0.0,0.0,0.0,0.0,0.0,0.0,0.0,14.618561304366747,2.4364268840611243,0.9309865774024749,0.5052018398957006,3.250645772957003,0.5052018398957006,1.4220647348012871,2.36543814232623,2.6479276781933665,3.1336694481159366,3.23928823918872,3.250645772957003,7.817609145063711,1.3029348575106185,0.9684610636661586,0.0,2.168462668601795,0.0,0.0,0.330306258115566,1.7410720106576416,2.1654815885732295,2.167732561874214,2.168462668601795,0.2857142857142857,0.6666666666666666,0.30157728383436877,4.464701989274039,3.2922757178215756,0.27303495271095757,-0.39414323359902853,0.877555141290977,0.3071643217998296,0.9001837786062908,0.3087381481892884,-0.9116479550853914,0.18525732412566567,0.36684837446337715,40.32,-20.287,19.748
A,107,.,4.826504822201448,0.23333324446174478,9,3.6671807303624697,2.38860497861852,3.3383072789139243,1.5411012541635811,3.250645772957003,2.167002455146633,2.9915184076787584,2.030419350594241,1.9424097440655443,0.0,1.5567309877629683,0.674601263272847,1.4285345495276298,0.0,0.6560827010631272,0.0,0.6521960110302912,0.0,0.0,0.0,0.0,0.0,0.0,0.0,0.0,0.0,0.0,0.0,0.0,0.0,0.0,0.0,0.0,0.0,0.0,0.0,0.0,0.0,0.0,0.0,0.0,0.0,19.483606183361715,2.164845131484635,1.1066607641025072,0.6521960110302912,3.6671807303624697,0.6521960110302912,0.65530536305656,1.4285345495276298,1.9424097440655443,3.250645772957003,3.4040819692036335,3.6671807303624697,8.80172930179582,0.9779699224217578,0.9857985787787349,0.0,2.38860497861852,0.0,0.0,0.0,0.674601263272847,2.030419350594241,2.2113229598410102,2.38860497861852,0.42857142857142855,0.5555555555555556,0.23333324446174478,4.826504822201448,3.39720977504954,-0.6900639856712794,-0.5047301692866608,0.5187091206941777,0.6061018277188803,-0.011325551747973428,0.7953064229046793,-0.39554047847887974,0.8632028661267654,0.31373323348863785,40.304,-19.933,15.965
A,108,.,5.02925519610475,0.19644616637624437,11,3.378467674644842,2.1283828848973303,3.3383072789139243,1.5411012541635811,3.1232587979911277,2.014276157437971,3.108837719659263,0.0,2.9620358732471215,2.0093972247606775,2.5138179932824203,1.6168245638279573,2.310988683706727,0.0,2.30958553263879,0.0,1.308527395313701,1.015991259979773,1.100167744985132,0.0,0.5052018398957006,0.0,0.0,0.0,0.0,0.0,0.0,0.0,0.0,0.0,0.0,0.0,0.0,0.0,0.0,0.0,0.0,0.0,0.0,0.0,0.0,0.0,25.959196534278753,2.359926957661705,0.9372000106684645,0.5052018398957006,3.378467674644842,0.5052018398957006,1.100167744985132,1.8090564639762456,2.5138179932824203,3.116048258825195,3.3383072789139243,3.378467674644842,10.32597334506729,0.9387248495515718,0.9021743714411892,0.0,2.1283828848973303,0.0,0.0,0.0,1.015991259979773,1.8131108942943173,2.014276157437971,2.1283828848973303,0.5238095238095238,0.5454545454545454,0.19644616637624437,5.02925519610475,3.4283030155329084,0.07049785556684983,0.8449991605909493,0.5301004347867172,0.9283315747074016,-0.2500346361051011,0.27510573994205567,0.3650075886358418,0.47271460665858495,-0.8020663070406757,37.151,-17.823,15.723
A,109,.,5.170602806161649,0.09276717744448731,13,3.2819595382860096,1.186314815647439,3.240766466822191,1.6566039012015983,3.1178215794606357,0.0,3.108837719659263,0.0,2.865162206160218,1.2172482937759312,2.792133963473834,0.0,2.6749965657059644,1.321171669387898,2.3656509678201263,1.585620516729669,2.3389122006290406,0.0,2.2277570154728314,0.0,1.8750047355395392,0.0,1.31561971910647,0.5374963761081717,0.6521960110302912,0.0,0.0,0.0,0.0,0.0,0.0,0.0,0.0,0.0,0.0,0.0,0.0,0.0,0.0,0.0,0.0,0.0,31.856818689166413,2.4505245145512626,0.7573202161293314,0.6521960110302912,3.2819595382860096,0.6521960110302912,1.427496722393084,2.2277570154728314,2.6749965657059644,3.108837719659263,3.21617748934988,3.2819595382860096,7.504455572850707,0.5772658132962083,0.6708144558205201,0.0,1.6566039012015983,0.0,0.0,0.0,0.0,1.2172482937759312,1.532730747261315,1.6566039012015983,0.6190476190476191,0.46153846153846156,0.09276717744448731,5.170602806161649,2.8470115912368588,-0.9340749881274583,-0.24074742641413016,-0.2637130888478268,0.3161686406442669,-0.9008624211368,-0.2974630882255801,-0.1659557387614095,-0.361230639423784,0.917589841875791,37.157,-14.037,15.804
A,110,.,4.96263460820682,0.19003085652550328,11,3.323531292037744,1.8146243963582722,3.1178215794606357,0.0,2.97395690167615,0.0,2.876520718048811,1.8054355242108948,2.7075967649822554,1.285188669734601,2.655942540120461,1.7798471315643556,2.5138179932824203,1.6168245638279573,2.088848408051248,1.6720877761805863,1.7732933484090716,0.6166143477295528,1.739964294533685,0.0,1.3978523099536195,0.0,0.0,0.0,0.0,0.0,0.0,0.0,0.0,0.0,0.0,0.0,0.0,0.0,0.0,0.0,0.0,0.0,0.0,0.0,0.0,0.0,27.1691461505561,2.469922377323282,0.6010215859389094,1.3978523099536195,3.323531292037744,1.3978523099536195,1.739964294533685,1.9310708782301598,2.655942540120461,2.9252388098624804,3.1178215794606357,3.323531292037744,10.59062240960622,0.9627838554187473,0.7957704694745061,0.0,1.8146243963582722,0.0,0.0,0.0,1.285188669734601,1.725967453872471,1.8054355242108948,1.8146243963582722,0.5238095238095238,0.6363636363636364,0.19003085652550328,4.96263460820682,3.331442612862287,0.09147845515534427,0.9868088616025013,0.1335663239936139,0.9937587574429784,-0.09906387726650011,0.05128235784668472,0.06383748309402001,0.12804147329558174,-0.9897121585938597,33.847,-12.308,16.416
A,111,.,5.0117135792045255,0.1795356090763971,10,3.6782885681491404,2.2932223994482497,3.142923075235305,1.9469496086299758,3.096292285208173,1.8181465803039645,3.0470810664014736,0.0,2.97395690167615,0.0,2.3656509678201263,1.585620516729669,1.9961672639371075,1.007625748448663,1.8679995715378823,0.0,1.554326813179401,0.0,1.4937890977071708,0.7342555340755494,0.0,0.0,0.0,0.0,0.0,0.0,0.0,0.0,0.0,0.0,0.0,0.0,0.0,0.0,0.0,0.0,0.0,0.0,0.0,0.0,0.0,0.0,25.21647561085193,2.521647561085193,0.7248865411130754,1.4937890977071708,3.6782885681491404,1.4937890977071708,1.548273041632178,1.9000414946376887,2.6698039347481384,3.0839894805064985,3.196459624526688,3.6782885681491404,9.385820387636072,0.9385820387636071,0.8726058426220552,0.0,2.2932223994482497,0.0,0.0,0.0,0.8709406412621062,1.7600150644103907,1.981576887711803,2.2932223994482497,0.47619047619047616,0.6,0.1795356090763971,5.0117135792045255,3.3243112977166667,-0.9229921862092313,-0.38457979573472506,0.013557466921992316,0.38479858899489916,-0.9227311042614701,0.022301460399324787,0.003933205338959938,0.025800967831559045,0.9996593619602212,33.818,-8.68,15.354
A,112,.,4.947363596864997,0.18614882085010037,10,3.4389394380385703,2.1930469744030257,3.1653189178099197,0.0,3.0470810664014736,0.0,2.816061201121,1.7033980904868955,2.7910546722670833,1.4322567212938762,2.655942540120461,1.7798471315643556,2.403524851488234,1.7458184922671136,1.7495980363940142,0.0,1.6667988613179978,0.0,1.5134070730170046,0.5431797387788923,0.0,0.0,0.0,0.0,0.0,0.0,0.0,0.0,0.0,0.0,0.0,0.0,0.0,0.0,0.0,0.0,0.0,0.0,0.0,0.0,0.0,0.0,25.247726657975758,2.5247726657975758,0.6376788578483259,1.5134070730170046,3.4389394380385703,1.5134070730170046,1.6514596824878984,1.9130797401675692,2.723498606193772,2.989326100081355,3.1926809698327845,3.4389394380385703,9.397547148794159,0.9397547148794159,0.8626570818826457,0.0,2.1930469744030257,0.0,0.0,0.0,0.9877182300363843,1.7352133918220591,1.8211671158482226,2.1930469744030257,0.47619047619047616,0.6,0.18614882085010037,4.947363596864997,3.2967332049133,0.048705665223270155,0.9929378873186634,-0.10817629177554608,0.9984661370770644,-0.045547570905639004,0.03147684696726498,0.026327386607173184,-0.10954346494312263,-0.9936332814487906,30.76,-6.809,16.594
A,113,.,5.21069525218721,0.12459665618086925,13,3.661991182828225,1.4859699984338555,3.1653189178099197,0.0,3.0980947997289423,1.4865129295967359,3.096292285208173,1.8181465803039645,3.0201467987011457,0.0,2.909476974301903,1.1827328245334032,2.8546927654391467,0.527999504816697,2.770091857666194,2.0418461070455947,1.5713808419859623,0.0,1.395638072373024,0.0,1.2414708807460202,0.0,0.879618448712942,0.7125624779516206,0.3524714215044003,0.0,0.0,0.0,0.0,0.0,0.0,0.0,0.0,0.0,0.0,0.0,0.0,0.0,0.0,0.0,0.0,0.0,30.016685247006,2.3089757882312307,1.0217677660316888,0.3524714215044003,3.661991182828225,0.3524714215044003,0.9519889351195577,1.395638072373024,2.8546927654391467,3.096292285208173,3.151874094193724,3.661991182828225,9.25577042268187,0.7119823402062977,0.7589497119642864,0.0,2.0418461070455947,0.0,0.0,0.0,0.527999504816697,1.4859699984338555,1.751819850162519,2.0418461070455947,0.6190476190476191,0.5384615384615384,0.12459665618086925,5.21069525218721,3.1656512773375467,-0.9354149827679699,-0.34516783889391917,0.0765373961309121,0.347984898652783,-0.9371185262488593,0.02674655250267576,0.062492562139914144,0.051652983984156395,0.9967079055183226,30.179,-3.184,15.619
A,114,.,4.98172842063629,0.22012041509599792,11,3.5925007035912238,2.502042325234687,3.1244772294445533,0.0,3.0486140556266763,2.0126498173186986,3.0201467987011457,0.0,2.738902664584975,2.1731732035527367,2.403524851488234,1.7458184922671136,2.3479723309148195,0.0,2.1493628154013655,0.0,1.6112063478300611,0.6201107879059309,1.0284759064790792,0.5826579800975006,0.5255388514225918,0.0,0.0,0.0,0.0,0.0,0.0,0.0,0.0,0.0,0.0,0.0,0.0,0.0,0.0,0.0,0.0,0.0,0.0,0.0,0.0,0.0,25.590722555484724,2.326429323225884,0.8989862987876377,0.5255388514225918,3.5925007035912238,0.5255388514225918,1.0284759064790792,1.8802845816157134,2.403524851488234,3.034380427163911,3.1244772294445533,3.5925007035912238,9.636452606376666,0.8760411460342424,0.9706435443023452,0.0,2.502042325234687,0.0,0.0,0.0,0.5826579800975006,1.8792341547929061,2.1731732035527367,2.502042325234687,0.5238095238095238,0.5454545454545454,0.22012041509599792,4.98172842063629,3.492169559867802,-0.09214411673103236,0.9559929869672056,-0.27854419868555513,0.978043981873668,0.03438121934295394,-0.20554294265965922,-0.18692092251152131,-0.291368050111902,-0.9381712147051998,27.175,-1.302,16.983
A,115,.,5.148198060635645,0.1718341399465042,11,3.4228381877530936,2.143936311860348,3.315733896977965,1.2685603867599822,3.1244772294445533,0.0,3.0356066191968525,2.058611086349347,3.0028717268967733,1.8746090033070464,2.8816336919528793,0.0,2.85149809562487,0.6220039630209416,2.6120824718262745,1.2554080386395385,1.9427451457121567,1.4649923188685614,1.109321407476461,0.2334605476106548,0.3524714215044003,0.0,0.0,0.0,0.0,0.0,0.0,0.0,0.0,0.0,0.0,0.0,0.0,0.0,0.0,0.0,0.0,0.0,0.0,0.0,0.0,0.0,27.651279894366283,2.513752717669662,0.9333641216028695,0.3524714215044003,3.4228381877530936,0.3524714215044003,1.109321407476461,2.2774138087692157,2.8816336919528793,3.080041924320703,3.315733896977965,3.4228381877530936,10.921581656416421,0.9928710596742202,0.8133918393143308,0.0,2.143936311860348,0.0,0.0,0.1167302738053274,1.2554080386395385,1.669800661087804,2.058611086349347,2.143936311860348,0.5238095238095238,0.7272727272727273,0.1718341399465042,5.148198060635645,3.4145886503791076,-0.9832235127589528,-0.15852955596889434,0.09022141565199873,0.1782298140185129,-0.9401890468834582,0.29030792189552923,0.03880280083797833,0.3015177208800166,0.952670670611019,25.804,1.91,15.46
A,116,.,4.395064890993843,0.3989763133965581,5,3.4640156740543064,2.645770460331764,3.4228381877530936,2.143936311860348,2.738902664584975,2.1731732035527367,1.4374127652150255,1.509535805852907,1.0184140133389974,0.0,0.0,0.0,0.0,0.0,0.0,0.0,0.0,0.0,0.0,0.0,0.0,0.0,0.0,0.0,0.0,0.0,0.0,0.0,0.0,0.0,0.0,0.0,0.0,0.0,0.0,0.0,0.0,0.0,0.0,0.0,0.0,0.0,12.081583304946399,2.41631666098928,1.0126406257900098,1.0184140133389974,3.4640156740543064,1.0184140133389974,1.1860135140894086,1.4374127652150255,2.738902664584975,3.4228381877530936,3.4475446795338214,3.4640156740543064,8.472415781597755,1.694483156319551,0.9210405555257394,0.0,2.645770460331764,0.0,0.6038143223411628,1.509535805852907,2.143936311860348,2.1731732035527367,2.456731557620153,2.645770460331764,0.23809523809523808,0.8,0.3989763133965581,4.395064890993843,3.494627310052675,-0.3571934795975734,0.9152390339721148,0.1864144008030712,-0.8916656418736505,-0.39355765814825927,0.22370684570416857,0.2781100523803999,-0.086312689719693,0.9566634300308146,22.461,3.068,16.781
A,117,.,4.340120719590589,0.4065194910508632,5,3.4640156740543064,2.645770460331764,3.393108084677359,2.306460573608443,2.5790343125126984,2.151002612517864,1.109321407476461,0.2334605476106548,1.0284759064790792,0.5826579800975006,0.0,0.0,0.0,0.0,0.0,0.0,0.0,0.0,0.0,0.0,0.0,0.0,0.0,0.0,0.0,0.0,0.0,0.0,0.0,0.0,0.0,0.0,0.0,0.0,0.0,0.0,0.0,0.0,0.0,0.0,0.0,0.0,11.573955385199904,2.3147910770399807,1.0640557384919798,1.0284759064790792,3.4640156740543064,1.0284759064790792,1.060814106878032,1.109321407476461,2.5790343125126984,3.393108084677359,3.4356526383035275,3.4640156740543064,7.919352174166225,1.583870434833245,0.9795346163153926,0.2334605476106548,2.645770460331764,0.2334605476106548,0.3731395206053931,0.5826579800975006,2.151002612517864,2.306460573608443,2.5100465056424355,2.645770460331764,0.23809523809523808,1.0,0.4065194910508632,4.340120719590589,3.458848331593694,0.3451746655194931,0.5678874969079599,0.7472337259111891,-0.7225656331541359,0.6688969683479243,-0.1745730549641572,-0.5989602291204891,-0.4796672144211733,0.6412222760801152,20.328,-0.089,16.817
A,118,.,5.10560159659974,0.1730231866181515,11,3.393108084677359,2.306460573608443,3.315733896977965,1.2685603867599822,3.151970772369597,2.1504753290803302,3.135994090970801,0.44246348189871515,2.9738240310051114,0.0,2.8279761243193393,1.926481194791812,2.5640566514257395,1.3245891556832114,2.1493628154013655,0.0,1.9421430624860692,0.0,1.2414708807460202,0.0,1.0184140133389974,0.0,0.0,0.0,0.0,0.0,0.0,0.0,0.0,0.0,0.0,0.0,0.0,0.0,0.0,0.0,0.0,0.0,0.0,0.0,0.0,0.0,27.714054423718366,2.519459493065306,0.7884263386186918,1.0184140133389974,3.393108084677359,1.0184140133389974,1.2414708807460202,2.0457529389437172,2.8279761243193393,3.143982431670199,3.315733896977965,3.393108084677359,9.419030121822495,0.8562754656202268,0.9120359705949334,0.0,2.306460573608443,0.0,0.0,0.0,0.44246348189871515,1.6255351752375118,2.1504753290803302,2.306460573608443,0.5238095238095238,0.5454545454545454,0.1730231866181515,5.10560159659974,3.379837099851824,0.7804047603311298,-0.08585861557734015,-0.619351845225034,-0.49626410094882256,0.517531037190413,-0.6970534898084022,0.38038185046341105,0.8513459482934995,0.361275136374306,22.291,-1.793,14.061
A,119,.,4.903752583450219,0.23675240103005607,9,3.135994090970801,0.44246348189871515,3.0544303348615838,1.8840575414299765,3.0486140556266763,2.0126498173186986,2.9592861077818573,0.0,2.816061201121,1.7033980904868955,2.7962564195399655,1.6247244752917507,2.5790343125126984,2.151002612517864,2.065305851918614,1.3592648325672212,1.395638072373024,0.0,0.0,0.0,0.0,0.0,0.0,0.0,0.0,0.0,0.0,0.0,0.0,0.0,0.0,0.0,0.0,0.0,0.0,0.0,0.0,0.0,0.0,0.0,0.0,0.0,23.850620446706223,2.6500689385229137,0.5399176537118859,1.395638072373024,3.135994090970801,1.395638072373024,1.931372296009496,2.5790343125126984,2.816061201121,3.0486140556266763,3.0707430860834273,3.135994090970801,11.17756085151112,1.2419512057234579,0.811714828290745,0.0,2.151002612517864,0.0,0.0,0.44246348189871515,1.6247244752917507,1.8840575414299765,2.040320376358532,2.151002612517864,0.42857142857142855,0.7777777777777778,0.23675240103005607,4.903752583450219,3.4866471983842726,0.39457658413034813,-0.6653810273044878,0.6337013553396038,-0.4804395949626991,0.4384800746012018,0.7595479048551199,-0.7832541827836631,-0.6041550402677686,-0.14666142120867035,24.463,-4.697,15.165
A,120,.,5.332098987699007,0.07247640448368484,13,3.661991182828225,1.4859699984338555,3.4480141714370647,0.6325140899576505,3.2419749734469088,1.7901231311568586,3.10362208783754,0.0,3.02047854324138,0.027232311652036843,2.9592861077818573,0.0,2.6653305738820485,1.7079302963791019,2.345056286837191,0.0,2.2683352047941723,0.0,2.2189067008887924,0.0,1.9421430624860692,0.0,1.7495980363940142,0.0,1.4937890977071708,0.7342555340755494,0.0,0.0,0.0,0.0,0.0,0.0,0.0,0.0,0.0,0.0,0.0,0.0,0.0,0.0,0.0,0.0,34.11852602956243,2.624502002274033,0.6513278979478275,1.4937890977071708,3.661991182828225,1.4937890977071708,1.7881070416124252,2.2189067008887924,2.6653305738820485,3.10362208783754,3.4068063318390336,3.661991182828225,6.3780253616550535,0.4906173355119272,0.6872716746219009,0.0,1.7901231311568586,0.0,0.0,0.0,0.0,0.7342555340755494,1.6635382367900529,1.7901231311568586,0.6190476190476191,0.46153846153846156,0.07247640448368484,5.332098987699007,2.767629162680994,0.6192019986611887,-0.3796619337658204,-0.6873468563274199,-0.6769682228549471,0.18542342875533654,-0.712272544264644,0.3978729823682476,0.9063525628130658,-0.14220450690320519,26.97,-5.441,12.428
A,121,.,5.156790656385836,0.18043784217083314,10,3.8019089875366188,2.4087542815877567,3.21691390155466,2.1713846957732943,3.1557613559534463,0.0,3.10362208783754,0.0,2.876520718048811,1.8054355242108948,2.7962564195399655,1.6247244752917507,2.7910546722670833,1.4322567212938762,2.197070120964004,0.6452302849804817,1.8679995715378823,0.0,0.19198966960953662,0.0,0.0,0.0,0.0,0.0,0.0,0.0,0.0,0.0,0.0,0.0,0.0,0.0,0.0,0.0,0.0,0.0,0.0,0.0,0.0,0.0,0.0,0.0,25.999097504849544,2.5999097504849544,0.9505707143818304,0.19198966960953662,3.8019089875366188,0.19198966960953662,1.7003985813450477,2.3455662587897734,2.836388568794388,3.1427265389244696,3.275413410152856,3.8019089875366188,10.087785983138055,1.0087785983138056,0.9331492148090985,0.0,2.4087542815877567,0.0,0.0,0.0,1.038743503137179,1.7602577619811088,2.1951216543547405,2.4087542815877567,0.47619047619047616,0.6,0.18043784217083314,5.156790656385836,3.470248393681136,0.457213369190834,-0.41023454992931396,0.7890903301127565,-0.5503615735310048,0.5664527822044781,0.6133786627469873,-0.698611532551276,-0.7147299207232751,0.033212452623350375,28.526,-8.83,13.316
A,122,.,5.4313228834241425,0.22132440154431324,17,3.6782885681491404,2.2932223994482497,3.50691083503014,2.057250890322525,3.2419749734469088,1.7901231311568586,3.1557613559534463,0.0,3.108685888530911,0.0,3.0420527238224953,0.5506603791259939,2.659979777857127,1.5749437714189303,2.5256006361155565,1.67246529237272,2.1498720459440612,1.6339236743640564,2.1336230985188145,2.0376490242712304,2.074971566208384,1.8317379080552292,1.8394299591771446,0.5272047505070425,1.739964294533685,0.0,1.7257977135502958,1.1763754771338317,1.31561971910647,0.5374963761081717,1.2811116074392455,0.0,0.879618448712942,0.7125624779516206,0.0,0.0,0.0,0.0,0.0,0.0,0.0,0.0,40.059263212096766,2.356427247770398,0.8148575278676291,0.879618448712942,3.6782885681491404,0.879618448712942,1.3018164744395802,1.739964294533685,2.1498720459440612,3.108685888530911,3.3479493180802016,3.6782885681491404,18.39561555223646,1.0820950324844976,0.8046240386482093,0.0,2.2932223994482497,0.0,0.0,0.5272047505070425,1.1763754771338317,1.7901231311568586,2.045489770691748,2.2932223994482497,0.8095238095238095,0.7647058823529411,0.22132440154431324,5.4313228834241425,3.9384801870796715,0.46439897661966767,-0.4120759357469567,-0.7839177340084068,-0.7462137402093787,0.2946484160381424,-0.5969483770385372,0.4769681796905692,0.8621923997023424,-0.17066230239329677,31.337,-10.605,11.449
A,123,.,5.110046517700929,0.20762989044173383,11,3.410470915883377,2.28327892244282,3.21691390155466,2.1713846957732943,3.108685888530911,0.0,3.075679592062741,0.0,3.017694332304753,1.5747512250338078,2.9620358732471215,2.0093972247606775,2.7075967649822554,1.285188669734601,2.2575040415534073,0.0,1.8750047355395392,0.0,1.5120367480444175,1.733612920284556,0.0007513746473565438,0.0469769975663791,0.0,0.0,0.0,0.0,0.0,0.0,0.0,0.0,0.0,0.0,0.0,0.0,0.0,0.0,0.0,0.0,0.0,0.0,0.0,0.0,27.144374168350538,2.467670378940958,0.9643486035968646,0.0007513746473565438,3.410470915883377,0.0007513746473565438,1.5120367480444175,2.066254388546473,2.9620358732471215,3.092182740296826,3.21691390155466,3.410470915883377,11.104590655596134,1.0095082414178302,0.9484411847594922,0.0,2.28327892244282,0.0,0.0,0.0,1.285188669734601,1.8715050725226168,2.1713846957732943,2.28327892244282,0.5238095238095238,0.6363636363636364,0.20762989044173383,5.110046517700929,3.5608212817700555,0.6876927628631062,-0.217874865333776,0.6925382350177474,-0.37160226217389153,0.713844708095997,0.5935802317046848,-0.6236909672690106,-0.6655496042964264,0.4099430467368806,32.646,-14.073,12.17
A,124,.,4.875582271999618,0.14719881220238568,11,3.240766466822191,1.6566039012015983,3.075679592062741,0.0,2.9460797376489194,1.1364859410961912,2.9105011291913305,0.0,2.875455506131564,1.012175292144978,2.30958553263879,0.0,2.1336230985188145,2.0376490242712304,2.042212044739054,0.0,1.7781793419606715,0.0,1.533040552399925,1.67931092981233,0.6560827010631272,0.0,0.0,0.0,0.0,0.0,0.0,0.0,0.0,0.0,0.0,0.0,0.0,0.0,0.0,0.0,0.0,0.0,0.0,0.0,0.0,0.0,25.501205703177128,2.318291427561557,0.7544736392527511,0.6560827010631272,3.240766466822191,0.6560827010631272,1.533040552399925,1.9101956933498627,2.30958553263879,2.928290433420125,3.075679592062741,3.240766466822191,7.522225088526328,0.6838386444114843,0.7913478800249133,0.0,2.0376490242712304,0.0,0.0,0.0,0.0,1.3965449211488947,1.67931092981233,2.0376490242712304,0.5238095238095238,0.45454545454545453,0.14719881220238568,4.875582271999618,3.0028702375667065,0.4799928998559954,-0.629527988104135,-0.6109839018185277,-0.760705988875225,0.04822359389191294,-0.6473027757406219,0.4369590536620089,0.7754798496322828,-0.45573872804172977,36.053,-15.133,10.822
A,125,.,5.008028302177262,0.22175931390316833,9,3.545257320779243,2.1384542768694415,3.338921188418817,2.4214608647301654,3.1232587979911277,2.014276157437971,2.9915184076787584,2.030419350594241,2.9105011291913305,0.0,2.7096089855662036,0.12712768257000642,2.272831821844649,0.0,2.0773731540401985,1.0847770212116365,0.05471590556595931,0.0,0.0,0.0,0.0,0.0,0.0,0.0,0.0,0.0,0.0,0.0,0.0,0.0,0.0,0.0,0.0,0.0,0.0,0.0,0.0,0.0,0.0,0.0,0.0,0.0,23.023986711076287,2.558220745675143,0.9898353871461114,0.05471590556595931,3.545257320779243,0.05471590556595931,1.6728417043453507,2.272831821844649,2.9105011291913305,3.1232587979911277,3.380188414890902,3.545257320779243,9.816515353413463,1.0907239281570513,1.0056598186545576,0.0,2.4214608647301654,0.0,0.0,0.0,1.0847770212116365,2.030419350594241,2.195055594441586,2.4214608647301654,0.42857142857142855,0.6666666666666666,0.22175931390316833,5.008028302177262,3.525051786238628,0.9550884049105057,-0.15220876300187178,0.2542412855358978,0.0065686960447752085,0.8686571578141641,0.4953701589826437,-0.2962481916194212,-0.4714522612562786,0.8306441923703339,38.123,-18.299,11.176
A,126,.,5.294667002067171,0.2385989400440481,12,3.6671807303624697,2.38860497861852,3.6288029632962546,2.694586639407739,3.545257320779243,2.1384542768694415,3.3790097124132585,0.0,2.6194739639937668,1.7580510023585785,2.5056565407065974,0.48621218304144426,2.4449696801842995,1.321225032462264,2.4393948558854524,0.4764229810479189,2.3332549282951582,1.330490911254454,1.9674871116513342,1.5563978301425963,0.5520339756406303,0.0,0.25816005453368496,0.5950562881554279,0.0,0.0,0.0,0.0,0.0,0.0,0.0,0.0,0.0,0.0,0.0,0.0,0.0,0.0,0.0,0.0,0.0,0.0,29.34068183774215,2.4450568198118456,1.0652973804023191,0.25816005453368496,3.6671807303624697,0.25816005453368496,0.6935792892417008,2.241812974134202,2.475313110445448,3.4205716145047544,3.6204483990445535,3.6671807303624697,14.745502123358385,1.2287918436131988,0.878753718343827,0.0,2.694586639407739,0.0,0.04764229810479193,0.48376488254306294,1.3258579718583592,1.8531518209862943,2.363589908443612,2.694586639407739,0.5714285714285714,0.8333333333333334,0.2385989400440481,5.294667002067171,3.877582936364208,0.1705255626952139,-0.9731154882180292,-0.15481369144125345,-0.6598881928052436,-0.22946107542120622,0.7154685093438936,-0.7317572039028453,-0.01984594307989601,-0.6812763999138376,41.896,-18.678,11.295
A,127,.,4.795398071894797,0.3315298419741411,6,3.6288029632962546,2.694586639407739,3.535095790261408,2.374797841774551,3.1695343087322034,2.2395909786461203,2.9563051390972985,1.927357682839165,2.0773731540401985,1.0847770212116365,1.091872963679966,0.0,0.0,0.0,0.0,0.0,0.0,0.0,0.0,0.0,0.0,0.0,0.0,0.0,0.0,0.0,0.0,0.0,0.0,0.0,0.0,0.0,0.0,0.0,0.0,0.0,0.0,0.0,0.0,0.0,0.0,0.0,16.45898431910733,2.743164053184555,0.8952441618793106,1.091872963679966,3.6288029632962546,1.091872963679966,1.5846230588600823,2.2971061503044736,3.062919723914751,3.443705419879107,3.581949376778831,3.6288029632962546,10.321110163879212,1.720185027313202,0.9177381028374111,0.0,2.694586639407739,0.0,0.5423885106058183,1.2954221866185187,2.083474330742643,2.340996125992443,2.534692240591145,2.694586639407739,0.2857142857142857,0.8333333333333334,0.3315298419741411,4.795398071894797,3.7078935352952147,0.9568601146858747,0.11621993039999379,-0.26629241202324083,-0.285105258661505,0.5521572883711338,-0.783477708924889,0.05597957133536433,0.8255999374251777,0.5614721995937569,43.43,-20.242,8.158
