
number of parameters : 1075406
train : (1224, 12)
valid : (55, 12)
test : (55, 12)
GRAB graph: targets=1224, edges=20596, zero_neighbor_targets=0
class weights : [1.1147540807724, 0.9066666960716248]
data extracted
EPOCH 1:
GRAB train batch 1: pair_ids shape=(16,), range=29..10524, coefficients shape=(16, 2), sample_weights shape=(16,), zero_neighbor_targets=0
GRAB train batch 2: pair_ids shape=(16,), range=45..10005, coefficients shape=(16, 2), sample_weights shape=(16,), zero_neighbor_targets=0
GRAB train batch 3: pair_ids shape=(16,), range=6..8233, coefficients shape=(16, 2), sample_weights shape=(16,), zero_neighbor_targets=0
GRAB train batch 4: pair_ids shape=(16,), range=103..8739, coefficients shape=(16, 2), sample_weights shape=(16,), zero_neighbor_targets=0
GRAB train batch 5: pair_ids shape=(16,), range=11..10772, coefficients shape=(16, 2), sample_weights shape=(16,), zero_neighbor_targets=0
GRAB train batch 6: pair_ids shape=(16,), range=24..9176, coefficients shape=(16, 2), sample_weights shape=(16,), zero_neighbor_targets=0
GRAB train batch 7: pair_ids shape=(16,), range=109..9887, coefficients shape=(16, 2), sample_weights shape=(16,), zero_neighbor_targets=0
GRAB train batch 8: pair_ids shape=(16,), range=64..9535, coefficients shape=(16, 2), sample_weights shape=(16,), zero_neighbor_targets=0
GRAB train batch 9: pair_ids shape=(16,), range=9..10360, coefficients shape=(16, 2), sample_weights shape=(16,), zero_neighbor_targets=0
GRAB train batch 10: pair_ids shape=(16,), range=70..9122, coefficients shape=(16, 2), sample_weights shape=(16,), zero_neighbor_targets=0
GRAB train batch 11: pair_ids shape=(16,), range=180..10836, coefficients shape=(16, 2), sample_weights shape=(16,), zero_neighbor_targets=0
GRAB train batch 12: pair_ids shape=(16,), range=41..10817, coefficients shape=(16, 2), sample_weights shape=(16,), zero_neighbor_targets=0
GRAB train batch 13: pair_ids shape=(16,), range=30..8310, coefficients shape=(16, 2), sample_weights shape=(16,), zero_neighbor_targets=0
GRAB train batch 14: pair_ids shape=(16,), range=25..10473, coefficients shape=(16, 2), sample_weights shape=(16,), zero_neighbor_targets=0
GRAB train batch 15: pair_ids shape=(16,), range=7..9293, coefficients shape=(16, 2), sample_weights shape=(16,), zero_neighbor_targets=0
GRAB train batch 16: pair_ids shape=(16,), range=14..10627, coefficients shape=(16, 2), sample_weights shape=(16,), zero_neighbor_targets=0
GRAB train batch 17: pair_ids shape=(16,), range=22..9622, coefficients shape=(16, 2), sample_weights shape=(16,), zero_neighbor_targets=0
GRAB train batch 18: pair_ids shape=(16,), range=102..9914, coefficients shape=(16, 2), sample_weights shape=(16,), zero_neighbor_targets=0
GRAB train batch 19: pair_ids shape=(16,), range=184..10850, coefficients shape=(16, 2), sample_weights shape=(16,), zero_neighbor_targets=0
GRAB train batch 20: pair_ids shape=(16,), range=159..9023, coefficients shape=(16, 2), sample_weights shape=(16,), zero_neighbor_targets=0
GRAB train batch 21: pair_ids shape=(16,), range=329..9822, coefficients shape=(16, 2), sample_weights shape=(16,), zero_neighbor_targets=0
GRAB train batch 22: pair_ids shape=(16,), range=19..8373, coefficients shape=(16, 2), sample_weights shape=(16,), zero_neighbor_targets=0
GRAB train batch 23: pair_ids shape=(16,), range=71..9196, coefficients shape=(16, 2), sample_weights shape=(16,), zero_neighbor_targets=0
GRAB train batch 24: pair_ids shape=(16,), range=3..10453, coefficients shape=(16, 2), sample_weights shape=(16,), zero_neighbor_targets=0
GRAB train batch 25: pair_ids shape=(16,), range=26..10600, coefficients shape=(16, 2), sample_weights shape=(16,), zero_neighbor_targets=0
GRAB train batch 26: pair_ids shape=(16,), range=113..10475, coefficients shape=(16, 2), sample_weights shape=(16,), zero_neighbor_targets=0
GRAB train batch 27: pair_ids shape=(16,), range=31..9319, coefficients shape=(16, 2), sample_weights shape=(16,), zero_neighbor_targets=0
GRAB train batch 28: pair_ids shape=(16,), range=39..10170, coefficients shape=(16, 2), sample_weights shape=(16,), zero_neighbor_targets=0
GRAB train batch 29: pair_ids shape=(16,), range=66..10800, coefficients shape=(16, 2), sample_weights shape=(16,), zero_neighbor_targets=0
GRAB train batch 30: pair_ids shape=(16,), range=185..10851, coefficients shape=(16, 2), sample_weights shape=(16,), zero_neighbor_targets=0
GRAB train batch 31: pair_ids shape=(16,), range=157..10891, coefficients shape=(16, 2), sample_weights shape=(16,), zero_neighbor_targets=0
GRAB train batch 32: pair_ids shape=(16,), range=0..10009, coefficients shape=(16, 2), sample_weights shape=(16,), zero_neighbor_targets=0
GRAB train batch 33: pair_ids shape=(16,), range=167..7583, coefficients shape=(16, 2), sample_weights shape=(16,), zero_neighbor_targets=0
GRAB train batch 34: pair_ids shape=(16,), range=77..10522, coefficients shape=(16, 2), sample_weights shape=(16,), zero_neighbor_targets=0
GRAB train batch 35: pair_ids shape=(16,), range=192..9459, coefficients shape=(16, 2), sample_weights shape=(16,), zero_neighbor_targets=0
GRAB train batch 36: pair_ids shape=(16,), range=28..10277, coefficients shape=(16, 2), sample_weights shape=(16,), zero_neighbor_targets=0
GRAB train batch 37: pair_ids shape=(16,), range=17..9937, coefficients shape=(16, 2), sample_weights shape=(16,), zero_neighbor_targets=0
GRAB train batch 38: pair_ids shape=(16,), range=80..10811, coefficients shape=(16, 2), sample_weights shape=(16,), zero_neighbor_targets=0
GRAB train batch 39: pair_ids shape=(16,), range=106..10264, coefficients shape=(16, 2), sample_weights shape=(16,), zero_neighbor_targets=0
GRAB train batch 40: pair_ids shape=(16,), range=268..10205, coefficients shape=(16, 2), sample_weights shape=(16,), zero_neighbor_targets=0
GRAB train batch 41: pair_ids shape=(16,), range=250..10935, coefficients shape=(16, 2), sample_weights shape=(16,), zero_neighbor_targets=0
GRAB train batch 42: pair_ids shape=(16,), range=104..10411, coefficients shape=(16, 2), sample_weights shape=(16,), zero_neighbor_targets=0
GRAB train batch 43: pair_ids shape=(16,), range=99..9995, coefficients shape=(16, 2), sample_weights shape=(16,), zero_neighbor_targets=0
GRAB train batch 44: pair_ids shape=(16,), range=96..10225, coefficients shape=(16, 2), sample_weights shape=(16,), zero_neighbor_targets=0
GRAB train batch 45: pair_ids shape=(16,), range=15..10742, coefficients shape=(16, 2), sample_weights shape=(16,), zero_neighbor_targets=0
GRAB train batch 46: pair_ids shape=(16,), range=74..9249, coefficients shape=(16, 2), sample_weights shape=(16,), zero_neighbor_targets=0
GRAB train batch 47: pair_ids shape=(16,), range=276..9954, coefficients shape=(16, 2), sample_weights shape=(16,), zero_neighbor_targets=0
GRAB train batch 48: pair_ids shape=(16,), range=81..10685, coefficients shape=(16, 2), sample_weights shape=(16,), zero_neighbor_targets=0
GRAB train batch 49: pair_ids shape=(16,), range=248..10728, coefficients shape=(16, 2), sample_weights shape=(16,), zero_neighbor_targets=0
GRAB train batch 50: pair_ids shape=(16,), range=40..10462, coefficients shape=(16, 2), sample_weights shape=(16,), zero_neighbor_targets=0
GRAB train batch 51: pair_ids shape=(16,), range=169..10398, coefficients shape=(16, 2), sample_weights shape=(16,), zero_neighbor_targets=0
GRAB train batch 52: pair_ids shape=(16,), range=253..10984, coefficients shape=(16, 2), sample_weights shape=(16,), zero_neighbor_targets=0
GRAB train batch 53: pair_ids shape=(16,), range=8..9403, coefficients shape=(16, 2), sample_weights shape=(16,), zero_neighbor_targets=0
GRAB train batch 54: pair_ids shape=(16,), range=32..10994, coefficients shape=(16, 2), sample_weights shape=(16,), zero_neighbor_targets=0
GRAB train batch 55: pair_ids shape=(16,), range=141..8858, coefficients shape=(16, 2), sample_weights shape=(16,), zero_neighbor_targets=0
GRAB train batch 56: pair_ids shape=(16,), range=2..9224, coefficients shape=(16, 2), sample_weights shape=(16,), zero_neighbor_targets=0
GRAB train batch 57: pair_ids shape=(16,), range=198..8491, coefficients shape=(16, 2), sample_weights shape=(16,), zero_neighbor_targets=0
GRAB train batch 58: pair_ids shape=(16,), range=133..9913, coefficients shape=(16, 2), sample_weights shape=(16,), zero_neighbor_targets=0
GRAB train batch 59: pair_ids shape=(16,), range=90..10331, coefficients shape=(16, 2), sample_weights shape=(16,), zero_neighbor_targets=0
GRAB train batch 60: pair_ids shape=(16,), range=33..10988, coefficients shape=(16, 2), sample_weights shape=(16,), zero_neighbor_targets=0
GRAB train batch 61: pair_ids shape=(16,), range=16..8745, coefficients shape=(16, 2), sample_weights shape=(16,), zero_neighbor_targets=0
GRAB train batch 62: pair_ids shape=(16,), range=89..9696, coefficients shape=(16, 2), sample_weights shape=(16,), zero_neighbor_targets=0
GRAB train batch 63: pair_ids shape=(16,), range=125..9471, coefficients shape=(16, 2), sample_weights shape=(16,), zero_neighbor_targets=0
GRAB train batch 64: pair_ids shape=(16,), range=1..10374, coefficients shape=(16, 2), sample_weights shape=(16,), zero_neighbor_targets=0
GRAB train batch 65: pair_ids shape=(16,), range=18..9840, coefficients shape=(16, 2), sample_weights shape=(16,), zero_neighbor_targets=0
GRAB train batch 66: pair_ids shape=(16,), range=34..8903, coefficients shape=(16, 2), sample_weights shape=(16,), zero_neighbor_targets=0
GRAB train batch 67: pair_ids shape=(16,), range=84..7923, coefficients shape=(16, 2), sample_weights shape=(16,), zero_neighbor_targets=0
GRAB train batch 68: pair_ids shape=(16,), range=20..7815, coefficients shape=(16, 2), sample_weights shape=(16,), zero_neighbor_targets=0
GRAB train batch 69: pair_ids shape=(16,), range=68..10384, coefficients shape=(16, 2), sample_weights shape=(16,), zero_neighbor_targets=0
GRAB train batch 70: pair_ids shape=(16,), range=207..10590, coefficients shape=(16, 2), sample_weights shape=(16,), zero_neighbor_targets=0
GRAB train batch 71: pair_ids shape=(16,), range=10..10764, coefficients shape=(16, 2), sample_weights shape=(16,), zero_neighbor_targets=0
GRAB train batch 72: pair_ids shape=(16,), range=79..10396, coefficients shape=(16, 2), sample_weights shape=(16,), zero_neighbor_targets=0
GRAB train batch 73: pair_ids shape=(16,), range=75..9180, coefficients shape=(16, 2), sample_weights shape=(16,), zero_neighbor_targets=0
GRAB train batch 74: pair_ids shape=(16,), range=112..10987, coefficients shape=(16, 2), sample_weights shape=(16,), zero_neighbor_targets=0
GRAB train batch 75: pair_ids shape=(16,), range=4..10662, coefficients shape=(16, 2), sample_weights shape=(16,), zero_neighbor_targets=0
GRAB train batch 76: pair_ids shape=(16,), range=5..10795, coefficients shape=(16, 2), sample_weights shape=(16,), zero_neighbor_targets=0
GRAB train batch 77: pair_ids shape=(8,), range=111..10471, coefficients shape=(8, 2), sample_weights shape=(8,), zero_neighbor_targets=0
VALIDATION
valid epoch balanced_accuracy: 0.500000
EPOCH 2:
GRAB train batch 1: pair_ids shape=(16,), range=133..9939, coefficients shape=(16, 2), sample_weights shape=(16,), zero_neighbor_targets=0
GRAB train batch 2: pair_ids shape=(16,), range=23..8972, coefficients shape=(16, 2), sample_weights shape=(16,), zero_neighbor_targets=0
GRAB train batch 3: pair_ids shape=(16,), range=107..6530, coefficients shape=(16, 2), sample_weights shape=(16,), zero_neighbor_targets=0
GRAB train batch 4: pair_ids shape=(16,), range=0..8001, coefficients shape=(16, 2), sample_weights shape=(16,), zero_neighbor_targets=0
GRAB train batch 5: pair_ids shape=(16,), range=5..6283, coefficients shape=(16, 2), sample_weights shape=(16,), zero_neighbor_targets=0
GRAB train batch 6: pair_ids shape=(16,), range=129..10590, coefficients shape=(16, 2), sample_weights shape=(16,), zero_neighbor_targets=0
GRAB train batch 7: pair_ids shape=(16,), range=109..9500, coefficients shape=(16, 2), sample_weights shape=(16,), zero_neighbor_targets=0
GRAB train batch 8: pair_ids shape=(16,), range=360..10331, coefficients shape=(16, 2), sample_weights shape=(16,), zero_neighbor_targets=0
GRAB train batch 9: pair_ids shape=(16,), range=151..10662, coefficients shape=(16, 2), sample_weights shape=(16,), zero_neighbor_targets=0
GRAB train batch 10: pair_ids shape=(16,), range=310..8739, coefficients shape=(16, 2), sample_weights shape=(16,), zero_neighbor_targets=0
GRAB train batch 11: pair_ids shape=(16,), range=42..10935, coefficients shape=(16, 2), sample_weights shape=(16,), zero_neighbor_targets=0
GRAB train batch 12: pair_ids shape=(16,), range=15..9272, coefficients shape=(16, 2), sample_weights shape=(16,), zero_neighbor_targets=0
GRAB train batch 13: pair_ids shape=(16,), range=26..10237, coefficients shape=(16, 2), sample_weights shape=(16,), zero_neighbor_targets=0
GRAB train batch 14: pair_ids shape=(16,), range=180..10728, coefficients shape=(16, 2), sample_weights shape=(16,), zero_neighbor_targets=0
GRAB train batch 15: pair_ids shape=(16,), range=1..10384, coefficients shape=(16, 2), sample_weights shape=(16,), zero_neighbor_targets=0
GRAB train batch 16: pair_ids shape=(16,), range=27..10988, coefficients shape=(16, 2), sample_weights shape=(16,), zero_neighbor_targets=0
GRAB train batch 17: pair_ids shape=(16,), range=44..10627, coefficients shape=(16, 2), sample_weights shape=(16,), zero_neighbor_targets=0
GRAB train batch 18: pair_ids shape=(16,), range=81..10987, coefficients shape=(16, 2), sample_weights shape=(16,), zero_neighbor_targets=0
GRAB train batch 19: pair_ids shape=(16,), range=92..10600, coefficients shape=(16, 2), sample_weights shape=(16,), zero_neighbor_targets=0
GRAB train batch 20: pair_ids shape=(16,), range=8..10404, coefficients shape=(16, 2), sample_weights shape=(16,), zero_neighbor_targets=0
GRAB train batch 21: pair_ids shape=(16,), range=267..9459, coefficients shape=(16, 2), sample_weights shape=(16,), zero_neighbor_targets=0
GRAB train batch 22: pair_ids shape=(16,), range=108..9387, coefficients shape=(16, 2), sample_weights shape=(16,), zero_neighbor_targets=0
GRAB train batch 23: pair_ids shape=(16,), range=134..9546, coefficients shape=(16, 2), sample_weights shape=(16,), zero_neighbor_targets=0
GRAB train batch 24: pair_ids shape=(16,), range=24..10360, coefficients shape=(16, 2), sample_weights shape=(16,), zero_neighbor_targets=0
GRAB train batch 25: pair_ids shape=(16,), range=76..9995, coefficients shape=(16, 2), sample_weights shape=(16,), zero_neighbor_targets=0
GRAB train batch 26: pair_ids shape=(16,), range=100..10453, coefficients shape=(16, 2), sample_weights shape=(16,), zero_neighbor_targets=0
GRAB train batch 27: pair_ids shape=(16,), range=18..8081, coefficients shape=(16, 2), sample_weights shape=(16,), zero_neighbor_targets=0
GRAB train batch 28: pair_ids shape=(16,), range=135..10817, coefficients shape=(16, 2), sample_weights shape=(16,), zero_neighbor_targets=0
GRAB train batch 29: pair_ids shape=(16,), range=17..9319, coefficients shape=(16, 2), sample_weights shape=(16,), zero_neighbor_targets=0
GRAB train batch 30: pair_ids shape=(16,), range=112..10685, coefficients shape=(16, 2), sample_weights shape=(16,), zero_neighbor_targets=0
GRAB train batch 31: pair_ids shape=(16,), range=259..10764, coefficients shape=(16, 2), sample_weights shape=(16,), zero_neighbor_targets=0
GRAB train batch 32: pair_ids shape=(16,), range=75..9822, coefficients shape=(16, 2), sample_weights shape=(16,), zero_neighbor_targets=0
GRAB train batch 33: pair_ids shape=(16,), range=110..10374, coefficients shape=(16, 2), sample_weights shape=(16,), zero_neighbor_targets=0
GRAB train batch 34: pair_ids shape=(16,), range=210..9122, coefficients shape=(16, 2), sample_weights shape=(16,), zero_neighbor_targets=0
GRAB train batch 35: pair_ids shape=(16,), range=160..9504, coefficients shape=(16, 2), sample_weights shape=(16,), zero_neighbor_targets=0
GRAB train batch 36: pair_ids shape=(16,), range=30..9403, coefficients shape=(16, 2), sample_weights shape=(16,), zero_neighbor_targets=0
GRAB train batch 37: pair_ids shape=(16,), range=12..9956, coefficients shape=(16, 2), sample_weights shape=(16,), zero_neighbor_targets=0
GRAB train batch 38: pair_ids shape=(16,), range=16..10851, coefficients shape=(16, 2), sample_weights shape=(16,), zero_neighbor_targets=0
GRAB train batch 39: pair_ids shape=(16,), range=188..10984, coefficients shape=(16, 2), sample_weights shape=(16,), zero_neighbor_targets=0
GRAB train batch 40: pair_ids shape=(16,), range=10..10447, coefficients shape=(16, 2), sample_weights shape=(16,), zero_neighbor_targets=0
GRAB train batch 41: pair_ids shape=(16,), range=246..8841, coefficients shape=(16, 2), sample_weights shape=(16,), zero_neighbor_targets=0
GRAB train batch 42: pair_ids shape=(16,), range=165..10205, coefficients shape=(16, 2), sample_weights shape=(16,), zero_neighbor_targets=0
GRAB train batch 43: pair_ids shape=(16,), range=31..9598, coefficients shape=(16, 2), sample_weights shape=(16,), zero_neighbor_targets=0
GRAB train batch 44: pair_ids shape=(16,), range=4..5727, coefficients shape=(16, 2), sample_weights shape=(16,), zero_neighbor_targets=0
GRAB train batch 45: pair_ids shape=(16,), range=45..9478, coefficients shape=(16, 2), sample_weights shape=(16,), zero_neighbor_targets=0
GRAB train batch 46: pair_ids shape=(16,), range=264..10299, coefficients shape=(16, 2), sample_weights shape=(16,), zero_neighbor_targets=0
GRAB train batch 47: pair_ids shape=(16,), range=3..10312, coefficients shape=(16, 2), sample_weights shape=(16,), zero_neighbor_targets=0
GRAB train batch 48: pair_ids shape=(16,), range=199..9914, coefficients shape=(16, 2), sample_weights shape=(16,), zero_neighbor_targets=0
GRAB train batch 49: pair_ids shape=(16,), range=143..10836, coefficients shape=(16, 2), sample_weights shape=(16,), zero_neighbor_targets=0
GRAB train batch 50: pair_ids shape=(16,), range=33..9027, coefficients shape=(16, 2), sample_weights shape=(16,), zero_neighbor_targets=0
GRAB train batch 51: pair_ids shape=(16,), range=11..7815, coefficients shape=(16, 2), sample_weights shape=(16,), zero_neighbor_targets=0
GRAB train batch 52: pair_ids shape=(16,), range=22..10362, coefficients shape=(16, 2), sample_weights shape=(16,), zero_neighbor_targets=0
GRAB train batch 53: pair_ids shape=(16,), range=98..8279, coefficients shape=(16, 2), sample_weights shape=(16,), zero_neighbor_targets=0
GRAB train batch 54: pair_ids shape=(16,), range=37..10396, coefficients shape=(16, 2), sample_weights shape=(16,), zero_neighbor_targets=0
GRAB train batch 55: pair_ids shape=(16,), range=34..10170, coefficients shape=(16, 2), sample_weights shape=(16,), zero_neighbor_targets=0
GRAB train batch 56: pair_ids shape=(16,), range=187..10811, coefficients shape=(16, 2), sample_weights shape=(16,), zero_neighbor_targets=0
GRAB train batch 57: pair_ids shape=(16,), range=70..10524, coefficients shape=(16, 2), sample_weights shape=(16,), zero_neighbor_targets=0
GRAB train batch 58: pair_ids shape=(16,), range=14..10222, coefficients shape=(16, 2), sample_weights shape=(16,), zero_neighbor_targets=0
GRAB train batch 59: pair_ids shape=(16,), range=6..10537, coefficients shape=(16, 2), sample_weights shape=(16,), zero_neighbor_targets=0
GRAB train batch 60: pair_ids shape=(16,), range=2..10277, coefficients shape=(16, 2), sample_weights shape=(16,), zero_neighbor_targets=0
GRAB train batch 61: pair_ids shape=(16,), range=198..10393, coefficients shape=(16, 2), sample_weights shape=(16,), zero_neighbor_targets=0
GRAB train batch 62: pair_ids shape=(16,), range=116..10248, coefficients shape=(16, 2), sample_weights shape=(16,), zero_neighbor_targets=0
GRAB train batch 63: pair_ids shape=(16,), range=68..10850, coefficients shape=(16, 2), sample_weights shape=(16,), zero_neighbor_targets=0
GRAB train batch 64: pair_ids shape=(16,), range=36..10891, coefficients shape=(16, 2), sample_weights shape=(16,), zero_neighbor_targets=0
GRAB train batch 65: pair_ids shape=(16,), range=28..9220, coefficients shape=(16, 2), sample_weights shape=(16,), zero_neighbor_targets=0
GRAB train batch 66: pair_ids shape=(16,), range=106..9278, coefficients shape=(16, 2), sample_weights shape=(16,), zero_neighbor_targets=0
GRAB train batch 67: pair_ids shape=(16,), range=89..10259, coefficients shape=(16, 2), sample_weights shape=(16,), zero_neighbor_targets=0
GRAB train batch 68: pair_ids shape=(16,), range=86..8594, coefficients shape=(16, 2), sample_weights shape=(16,), zero_neighbor_targets=0
GRAB train batch 69: pair_ids shape=(16,), range=119..10994, coefficients shape=(16, 2), sample_weights shape=(16,), zero_neighbor_targets=0
GRAB train batch 70: pair_ids shape=(16,), range=43..4189, coefficients shape=(16, 2), sample_weights shape=(16,), zero_neighbor_targets=0
GRAB train batch 71: pair_ids shape=(16,), range=84..10795, coefficients shape=(16, 2), sample_weights shape=(16,), zero_neighbor_targets=0
GRAB train batch 72: pair_ids shape=(16,), range=20..7496, coefficients shape=(16, 2), sample_weights shape=(16,), zero_neighbor_targets=0
GRAB train batch 73: pair_ids shape=(16,), range=72..10800, coefficients shape=(16, 2), sample_weights shape=(16,), zero_neighbor_targets=0
GRAB train batch 74: pair_ids shape=(16,), range=142..10772, coefficients shape=(16, 2), sample_weights shape=(16,), zero_neighbor_targets=0
GRAB train batch 75: pair_ids shape=(16,), range=7..9622, coefficients shape=(16, 2), sample_weights shape=(16,), zero_neighbor_targets=0
GRAB train batch 76: pair_ids shape=(16,), range=41..7829, coefficients shape=(16, 2), sample_weights shape=(16,), zero_neighbor_targets=0
GRAB train batch 77: pair_ids shape=(8,), range=21..5280, coefficients shape=(8, 2), sample_weights shape=(8,), zero_neighbor_targets=0
VALIDATION
valid epoch balanced_accuracy: 0.500000
EPOCH 3:
GRAB train batch 1: pair_ids shape=(16,), range=289..9704, coefficients shape=(16, 2), sample_weights shape=(16,), zero_neighbor_targets=0
GRAB train batch 2: pair_ids shape=(16,), range=176..10537, coefficients shape=(16, 2), sample_weights shape=(16,), zero_neighbor_targets=0
GRAB train batch 3: pair_ids shape=(16,), range=102..9478, coefficients shape=(16, 2), sample_weights shape=(16,), zero_neighbor_targets=0
GRAB train batch 4: pair_ids shape=(16,), range=13..10259, coefficients shape=(16, 2), sample_weights shape=(16,), zero_neighbor_targets=0
GRAB train batch 5: pair_ids shape=(16,), range=12..9180, coefficients shape=(16, 2), sample_weights shape=(16,), zero_neighbor_targets=0
GRAB train batch 6: pair_ids shape=(16,), range=3..10237, coefficients shape=(16, 2), sample_weights shape=(16,), zero_neighbor_targets=0
GRAB train batch 7: pair_ids shape=(16,), range=118..10473, coefficients shape=(16, 2), sample_weights shape=(16,), zero_neighbor_targets=0
GRAB train batch 8: pair_ids shape=(16,), range=286..8678, coefficients shape=(16, 2), sample_weights shape=(16,), zero_neighbor_targets=0
GRAB train batch 9: pair_ids shape=(16,), range=130..9170, coefficients shape=(16, 2), sample_weights shape=(16,), zero_neighbor_targets=0
GRAB train batch 10: pair_ids shape=(16,), range=79..10811, coefficients shape=(16, 2), sample_weights shape=(16,), zero_neighbor_targets=0
GRAB train batch 11: pair_ids shape=(16,), range=119..10984, coefficients shape=(16, 2), sample_weights shape=(16,), zero_neighbor_targets=0
GRAB train batch 12: pair_ids shape=(16,), range=5..8911, coefficients shape=(16, 2), sample_weights shape=(16,), zero_neighbor_targets=0
GRAB train batch 13: pair_ids shape=(16,), range=11..10851, coefficients shape=(16, 2), sample_weights shape=(16,), zero_neighbor_targets=0
GRAB train batch 14: pair_ids shape=(16,), range=70..10850, coefficients shape=(16, 2), sample_weights shape=(16,), zero_neighbor_targets=0
GRAB train batch 15: pair_ids shape=(16,), range=141..7537, coefficients shape=(16, 2), sample_weights shape=(16,), zero_neighbor_targets=0
GRAB train batch 16: pair_ids shape=(16,), range=16..10764, coefficients shape=(16, 2), sample_weights shape=(16,), zero_neighbor_targets=0
GRAB train batch 17: pair_ids shape=(16,), range=6..10600, coefficients shape=(16, 2), sample_weights shape=(16,), zero_neighbor_targets=0
GRAB train batch 18: pair_ids shape=(16,), range=20..10277, coefficients shape=(16, 2), sample_weights shape=(16,), zero_neighbor_targets=0
GRAB train batch 19: pair_ids shape=(16,), range=92..10685, coefficients shape=(16, 2), sample_weights shape=(16,), zero_neighbor_targets=0
GRAB train batch 20: pair_ids shape=(16,), range=39..9147, coefficients shape=(16, 2), sample_weights shape=(16,), zero_neighbor_targets=0
GRAB train batch 21: pair_ids shape=(16,), range=78..6952, coefficients shape=(16, 2), sample_weights shape=(16,), zero_neighbor_targets=0
GRAB train batch 22: pair_ids shape=(16,), range=0..10817, coefficients shape=(16, 2), sample_weights shape=(16,), zero_neighbor_targets=0
GRAB train batch 23: pair_ids shape=(16,), range=68..7798, coefficients shape=(16, 2), sample_weights shape=(16,), zero_neighbor_targets=0
GRAB train batch 24: pair_ids shape=(16,), range=1..8903, coefficients shape=(16, 2), sample_weights shape=(16,), zero_neighbor_targets=0
GRAB train batch 25: pair_ids shape=(16,), range=37..9391, coefficients shape=(16, 2), sample_weights shape=(16,), zero_neighbor_targets=0
GRAB train batch 26: pair_ids shape=(16,), range=65..9228, coefficients shape=(16, 2), sample_weights shape=(16,), zero_neighbor_targets=0
GRAB train batch 27: pair_ids shape=(16,), range=170..10027, coefficients shape=(16, 2), sample_weights shape=(16,), zero_neighbor_targets=0
GRAB train batch 28: pair_ids shape=(16,), range=23..9249, coefficients shape=(16, 2), sample_weights shape=(16,), zero_neighbor_targets=0
GRAB train batch 29: pair_ids shape=(16,), range=105..9956, coefficients shape=(16, 2), sample_weights shape=(16,), zero_neighbor_targets=0
GRAB train batch 30: pair_ids shape=(16,), range=34..10500, coefficients shape=(16, 2), sample_weights shape=(16,), zero_neighbor_targets=0
GRAB train batch 31: pair_ids shape=(16,), range=24..10590, coefficients shape=(16, 2), sample_weights shape=(16,), zero_neighbor_targets=0
GRAB train batch 32: pair_ids shape=(16,), range=25..10772, coefficients shape=(16, 2), sample_weights shape=(16,), zero_neighbor_targets=0
GRAB train batch 33: pair_ids shape=(16,), range=72..10800, coefficients shape=(16, 2), sample_weights shape=(16,), zero_neighbor_targets=0
GRAB train batch 34: pair_ids shape=(16,), range=83..10005, coefficients shape=(16, 2), sample_weights shape=(16,), zero_neighbor_targets=0
GRAB train batch 35: pair_ids shape=(16,), range=124..10475, coefficients shape=(16, 2), sample_weights shape=(16,), zero_neighbor_targets=0
GRAB train batch 36: pair_ids shape=(16,), range=101..10435, coefficients shape=(16, 2), sample_weights shape=(16,), zero_neighbor_targets=0
GRAB train batch 37: pair_ids shape=(16,), range=112..9090, coefficients shape=(16, 2), sample_weights shape=(16,), zero_neighbor_targets=0
GRAB train batch 38: pair_ids shape=(16,), range=161..9143, coefficients shape=(16, 2), sample_weights shape=(16,), zero_neighbor_targets=0
GRAB train batch 39: pair_ids shape=(16,), range=15..10362, coefficients shape=(16, 2), sample_weights shape=(16,), zero_neighbor_targets=0
GRAB train batch 40: pair_ids shape=(16,), range=265..10374, coefficients shape=(16, 2), sample_weights shape=(16,), zero_neighbor_targets=0
GRAB train batch 41: pair_ids shape=(16,), range=305..10987, coefficients shape=(16, 2), sample_weights shape=(16,), zero_neighbor_targets=0
GRAB train batch 42: pair_ids shape=(16,), range=18..9007, coefficients shape=(16, 2), sample_weights shape=(16,), zero_neighbor_targets=0
GRAB train batch 43: pair_ids shape=(16,), range=110..10312, coefficients shape=(16, 2), sample_weights shape=(16,), zero_neighbor_targets=0
GRAB train batch 44: pair_ids shape=(16,), range=21..9939, coefficients shape=(16, 2), sample_weights shape=(16,), zero_neighbor_targets=0
GRAB train batch 45: pair_ids shape=(16,), range=10..6766, coefficients shape=(16, 2), sample_weights shape=(16,), zero_neighbor_targets=0
GRAB train batch 46: pair_ids shape=(16,), range=40..10393, coefficients shape=(16, 2), sample_weights shape=(16,), zero_neighbor_targets=0
GRAB train batch 47: pair_ids shape=(16,), range=32..10662, coefficients shape=(16, 2), sample_weights shape=(16,), zero_neighbor_targets=0
GRAB train batch 48: pair_ids shape=(16,), range=76..10988, coefficients shape=(16, 2), sample_weights shape=(16,), zero_neighbor_targets=0
GRAB train batch 49: pair_ids shape=(16,), range=164..8279, coefficients shape=(16, 2), sample_weights shape=(16,), zero_neighbor_targets=0
GRAB train batch 50: pair_ids shape=(16,), range=252..10398, coefficients shape=(16, 2), sample_weights shape=(16,), zero_neighbor_targets=0
GRAB train batch 51: pair_ids shape=(16,), range=84..10331, coefficients shape=(16, 2), sample_weights shape=(16,), zero_neighbor_targets=0
GRAB train batch 52: pair_ids shape=(16,), range=41..9537, coefficients shape=(16, 2), sample_weights shape=(16,), zero_neighbor_targets=0
GRAB train batch 53: pair_ids shape=(16,), range=7..10471, coefficients shape=(16, 2), sample_weights shape=(16,), zero_neighbor_targets=0
GRAB train batch 54: pair_ids shape=(16,), range=250..8590, coefficients shape=(16, 2), sample_weights shape=(16,), zero_neighbor_targets=0
GRAB train batch 55: pair_ids shape=(16,), range=87..10205, coefficients shape=(16, 2), sample_weights shape=(16,), zero_neighbor_targets=0
GRAB train batch 56: pair_ids shape=(16,), range=193..10524, coefficients shape=(16, 2), sample_weights shape=(16,), zero_neighbor_targets=0
GRAB train batch 57: pair_ids shape=(16,), range=33..10836, coefficients shape=(16, 2), sample_weights shape=(16,), zero_neighbor_targets=0
GRAB train batch 58: pair_ids shape=(16,), range=69..10411, coefficients shape=(16, 2), sample_weights shape=(16,), zero_neighbor_targets=0
GRAB train batch 59: pair_ids shape=(16,), range=128..10627, coefficients shape=(16, 2), sample_weights shape=(16,), zero_neighbor_targets=0
GRAB train batch 60: pair_ids shape=(16,), range=132..9504, coefficients shape=(16, 2), sample_weights shape=(16,), zero_neighbor_targets=0
GRAB train batch 61: pair_ids shape=(16,), range=300..10994, coefficients shape=(16, 2), sample_weights shape=(16,), zero_neighbor_targets=0
GRAB train batch 62: pair_ids shape=(16,), range=74..10935, coefficients shape=(16, 2), sample_weights shape=(16,), zero_neighbor_targets=0
GRAB train batch 63: pair_ids shape=(16,), range=30..9954, coefficients shape=(16, 2), sample_weights shape=(16,), zero_neighbor_targets=0
GRAB train batch 64: pair_ids shape=(16,), range=4..9818, coefficients shape=(16, 2), sample_weights shape=(16,), zero_neighbor_targets=0
GRAB train batch 65: pair_ids shape=(16,), range=131..7879, coefficients shape=(16, 2), sample_weights shape=(16,), zero_neighbor_targets=0
GRAB train batch 66: pair_ids shape=(16,), range=19..10009, coefficients shape=(16, 2), sample_weights shape=(16,), zero_neighbor_targets=0
GRAB train batch 67: pair_ids shape=(16,), range=86..9914, coefficients shape=(16, 2), sample_weights shape=(16,), zero_neighbor_targets=0
GRAB train batch 68: pair_ids shape=(16,), range=38..9159, coefficients shape=(16, 2), sample_weights shape=(16,), zero_neighbor_targets=0
GRAB train batch 69: pair_ids shape=(16,), range=8..10742, coefficients shape=(16, 2), sample_weights shape=(16,), zero_neighbor_targets=0
GRAB train batch 70: pair_ids shape=(16,), range=17..9913, coefficients shape=(16, 2), sample_weights shape=(16,), zero_neighbor_targets=0
GRAB train batch 71: pair_ids shape=(16,), range=26..10222, coefficients shape=(16, 2), sample_weights shape=(16,), zero_neighbor_targets=0
GRAB train batch 72: pair_ids shape=(16,), range=91..10384, coefficients shape=(16, 2), sample_weights shape=(16,), zero_neighbor_targets=0
GRAB train batch 73: pair_ids shape=(16,), range=216..8731, coefficients shape=(16, 2), sample_weights shape=(16,), zero_neighbor_targets=0
GRAB train batch 74: pair_ids shape=(16,), range=2..9278, coefficients shape=(16, 2), sample_weights shape=(16,), zero_neighbor_targets=0
GRAB train batch 75: pair_ids shape=(16,), range=9..10891, coefficients shape=(16, 2), sample_weights shape=(16,), zero_neighbor_targets=0
GRAB train batch 76: pair_ids shape=(16,), range=77..9534, coefficients shape=(16, 2), sample_weights shape=(16,), zero_neighbor_targets=0
GRAB train batch 77: pair_ids shape=(8,), range=168..6117, coefficients shape=(8, 2), sample_weights shape=(8,), zero_neighbor_targets=0
VALIDATION
valid epoch balanced_accuracy: 0.392857
EPOCH 4:
GRAB train batch 1: pair_ids shape=(16,), range=77..9272, coefficients shape=(16, 2), sample_weights shape=(16,), zero_neighbor_targets=0
GRAB train batch 2: pair_ids shape=(16,), range=12..10393, coefficients shape=(16, 2), sample_weights shape=(16,), zero_neighbor_targets=0
GRAB train batch 3: pair_ids shape=(16,), range=90..9840, coefficients shape=(16, 2), sample_weights shape=(16,), zero_neighbor_targets=0
GRAB train batch 4: pair_ids shape=(16,), range=312..10237, coefficients shape=(16, 2), sample_weights shape=(16,), zero_neighbor_targets=0
GRAB train batch 5: pair_ids shape=(16,), range=104..10500, coefficients shape=(16, 2), sample_weights shape=(16,), zero_neighbor_targets=0
GRAB train batch 6: pair_ids shape=(16,), range=155..10384, coefficients shape=(16, 2), sample_weights shape=(16,), zero_neighbor_targets=0
GRAB train batch 7: pair_ids shape=(16,), range=1..9546, coefficients shape=(16, 2), sample_weights shape=(16,), zero_neighbor_targets=0
GRAB train batch 8: pair_ids shape=(16,), range=18..9023, coefficients shape=(16, 2), sample_weights shape=(16,), zero_neighbor_targets=0
GRAB train batch 9: pair_ids shape=(16,), range=126..10627, coefficients shape=(16, 2), sample_weights shape=(16,), zero_neighbor_targets=0
GRAB train batch 10: pair_ids shape=(16,), range=15..10742, coefficients shape=(16, 2), sample_weights shape=(16,), zero_neighbor_targets=0
GRAB train batch 11: pair_ids shape=(16,), range=118..10398, coefficients shape=(16, 2), sample_weights shape=(16,), zero_neighbor_targets=0
GRAB train batch 12: pair_ids shape=(16,), range=30..8200, coefficients shape=(16, 2), sample_weights shape=(16,), zero_neighbor_targets=0
GRAB train batch 13: pair_ids shape=(16,), range=147..10259, coefficients shape=(16, 2), sample_weights shape=(16,), zero_neighbor_targets=0
GRAB train batch 14: pair_ids shape=(16,), range=10..10248, coefficients shape=(16, 2), sample_weights shape=(16,), zero_neighbor_targets=0
GRAB train batch 15: pair_ids shape=(16,), range=100..10662, coefficients shape=(16, 2), sample_weights shape=(16,), zero_neighbor_targets=0
GRAB train batch 16: pair_ids shape=(16,), range=8..9913, coefficients shape=(16, 2), sample_weights shape=(16,), zero_neighbor_targets=0
GRAB train batch 17: pair_ids shape=(16,), range=20..8310, coefficients shape=(16, 2), sample_weights shape=(16,), zero_neighbor_targets=0
GRAB train batch 18: pair_ids shape=(16,), range=0..5915, coefficients shape=(16, 2), sample_weights shape=(16,), zero_neighbor_targets=0
GRAB train batch 19: pair_ids shape=(16,), range=186..9698, coefficients shape=(16, 2), sample_weights shape=(16,), zero_neighbor_targets=0
GRAB train batch 20: pair_ids shape=(16,), range=98..10764, coefficients shape=(16, 2), sample_weights shape=(16,), zero_neighbor_targets=0
GRAB train batch 21: pair_ids shape=(16,), range=29..10851, coefficients shape=(16, 2), sample_weights shape=(16,), zero_neighbor_targets=0
GRAB train batch 22: pair_ids shape=(16,), range=160..10984, coefficients shape=(16, 2), sample_weights shape=(16,), zero_neighbor_targets=0
GRAB train batch 23: pair_ids shape=(16,), range=95..10462, coefficients shape=(16, 2), sample_weights shape=(16,), zero_neighbor_targets=0
GRAB train batch 24: pair_ids shape=(16,), range=38..10836, coefficients shape=(16, 2), sample_weights shape=(16,), zero_neighbor_targets=0
GRAB train batch 25: pair_ids shape=(16,), range=13..9262, coefficients shape=(16, 2), sample_weights shape=(16,), zero_neighbor_targets=0
GRAB train batch 26: pair_ids shape=(16,), range=33..10891, coefficients shape=(16, 2), sample_weights shape=(16,), zero_neighbor_targets=0
GRAB train batch 27: pair_ids shape=(16,), range=117..10411, coefficients shape=(16, 2), sample_weights shape=(16,), zero_neighbor_targets=0
GRAB train batch 28: pair_ids shape=(16,), range=2..8841, coefficients shape=(16, 2), sample_weights shape=(16,), zero_neighbor_targets=0
GRAB train batch 29: pair_ids shape=(16,), range=9..10396, coefficients shape=(16, 2), sample_weights shape=(16,), zero_neighbor_targets=0
GRAB train batch 30: pair_ids shape=(16,), range=71..10850, coefficients shape=(16, 2), sample_weights shape=(16,), zero_neighbor_targets=0
GRAB train batch 31: pair_ids shape=(16,), range=177..8373, coefficients shape=(16, 2), sample_weights shape=(16,), zero_neighbor_targets=0
GRAB train batch 32: pair_ids shape=(16,), range=364..10987, coefficients shape=(16, 2), sample_weights shape=(16,), zero_neighbor_targets=0
GRAB train batch 33: pair_ids shape=(16,), range=25..9598, coefficients shape=(16, 2), sample_weights shape=(16,), zero_neighbor_targets=0
GRAB train batch 34: pair_ids shape=(16,), range=94..10435, coefficients shape=(16, 2), sample_weights shape=(16,), zero_neighbor_targets=0
GRAB train batch 35: pair_ids shape=(16,), range=164..10811, coefficients shape=(16, 2), sample_weights shape=(16,), zero_neighbor_targets=0
GRAB train batch 36: pair_ids shape=(16,), range=81..10312, coefficients shape=(16, 2), sample_weights shape=(16,), zero_neighbor_targets=0
GRAB train batch 37: pair_ids shape=(16,), range=166..9249, coefficients shape=(16, 2), sample_weights shape=(16,), zero_neighbor_targets=0
GRAB train batch 38: pair_ids shape=(16,), range=130..10935, coefficients shape=(16, 2), sample_weights shape=(16,), zero_neighbor_targets=0
GRAB train batch 39: pair_ids shape=(16,), range=66..8081, coefficients shape=(16, 2), sample_weights shape=(16,), zero_neighbor_targets=0
GRAB train batch 40: pair_ids shape=(16,), range=37..10227, coefficients shape=(16, 2), sample_weights shape=(16,), zero_neighbor_targets=0
GRAB train batch 41: pair_ids shape=(16,), range=140..9017, coefficients shape=(16, 2), sample_weights shape=(16,), zero_neighbor_targets=0
GRAB train batch 42: pair_ids shape=(16,), range=41..10374, coefficients shape=(16, 2), sample_weights shape=(16,), zero_neighbor_targets=0
GRAB train batch 43: pair_ids shape=(16,), range=280..10447, coefficients shape=(16, 2), sample_weights shape=(16,), zero_neighbor_targets=0
GRAB train batch 44: pair_ids shape=(16,), range=43..9143, coefficients shape=(16, 2), sample_weights shape=(16,), zero_neighbor_targets=0
GRAB train batch 45: pair_ids shape=(16,), range=119..8590, coefficients shape=(16, 2), sample_weights shape=(16,), zero_neighbor_targets=0
GRAB train batch 46: pair_ids shape=(16,), range=142..10453, coefficients shape=(16, 2), sample_weights shape=(16,), zero_neighbor_targets=0
GRAB train batch 47: pair_ids shape=(16,), range=69..9293, coefficients shape=(16, 2), sample_weights shape=(16,), zero_neighbor_targets=0
GRAB train batch 48: pair_ids shape=(16,), range=87..10600, coefficients shape=(16, 2), sample_weights shape=(16,), zero_neighbor_targets=0
GRAB train batch 49: pair_ids shape=(16,), range=36..10988, coefficients shape=(16, 2), sample_weights shape=(16,), zero_neighbor_targets=0
GRAB train batch 50: pair_ids shape=(16,), range=14..8928, coefficients shape=(16, 2), sample_weights shape=(16,), zero_neighbor_targets=0
GRAB train batch 51: pair_ids shape=(16,), range=106..10331, coefficients shape=(16, 2), sample_weights shape=(16,), zero_neighbor_targets=0
GRAB train batch 52: pair_ids shape=(16,), range=370..9057, coefficients shape=(16, 2), sample_weights shape=(16,), zero_neighbor_targets=0
GRAB train batch 53: pair_ids shape=(16,), range=210..10772, coefficients shape=(16, 2), sample_weights shape=(16,), zero_neighbor_targets=0
GRAB train batch 54: pair_ids shape=(16,), range=3..10522, coefficients shape=(16, 2), sample_weights shape=(16,), zero_neighbor_targets=0
GRAB train batch 55: pair_ids shape=(16,), range=26..10502, coefficients shape=(16, 2), sample_weights shape=(16,), zero_neighbor_targets=0
GRAB train batch 56: pair_ids shape=(16,), range=144..10222, coefficients shape=(16, 2), sample_weights shape=(16,), zero_neighbor_targets=0
GRAB train batch 57: pair_ids shape=(16,), range=22..5288, coefficients shape=(16, 2), sample_weights shape=(16,), zero_neighbor_targets=0
GRAB train batch 58: pair_ids shape=(16,), range=24..9914, coefficients shape=(16, 2), sample_weights shape=(16,), zero_neighbor_targets=0
GRAB train batch 59: pair_ids shape=(16,), range=137..10728, coefficients shape=(16, 2), sample_weights shape=(16,), zero_neighbor_targets=0
GRAB train batch 60: pair_ids shape=(16,), range=32..9887, coefficients shape=(16, 2), sample_weights shape=(16,), zero_neighbor_targets=0
GRAB train batch 61: pair_ids shape=(16,), range=439..10360, coefficients shape=(16, 2), sample_weights shape=(16,), zero_neighbor_targets=0
GRAB train batch 62: pair_ids shape=(16,), range=165..9956, coefficients shape=(16, 2), sample_weights shape=(16,), zero_neighbor_targets=0
GRAB train batch 63: pair_ids shape=(16,), range=5..10005, coefficients shape=(16, 2), sample_weights shape=(16,), zero_neighbor_targets=0
GRAB train batch 64: pair_ids shape=(16,), range=84..10473, coefficients shape=(16, 2), sample_weights shape=(16,), zero_neighbor_targets=0
GRAB train batch 65: pair_ids shape=(16,), range=80..7979, coefficients shape=(16, 2), sample_weights shape=(16,), zero_neighbor_targets=0
GRAB train batch 66: pair_ids shape=(16,), range=99..9498, coefficients shape=(16, 2), sample_weights shape=(16,), zero_neighbor_targets=0
GRAB train batch 67: pair_ids shape=(16,), range=4..10800, coefficients shape=(16, 2), sample_weights shape=(16,), zero_neighbor_targets=0
GRAB train batch 68: pair_ids shape=(16,), range=170..10817, coefficients shape=(16, 2), sample_weights shape=(16,), zero_neighbor_targets=0
GRAB train batch 69: pair_ids shape=(16,), range=21..10994, coefficients shape=(16, 2), sample_weights shape=(16,), zero_neighbor_targets=0
GRAB train batch 70: pair_ids shape=(16,), range=109..6388, coefficients shape=(16, 2), sample_weights shape=(16,), zero_neighbor_targets=0
GRAB train batch 71: pair_ids shape=(16,), range=108..10362, coefficients shape=(16, 2), sample_weights shape=(16,), zero_neighbor_targets=0
GRAB train batch 72: pair_ids shape=(16,), range=212..4495, coefficients shape=(16, 2), sample_weights shape=(16,), zero_neighbor_targets=0
GRAB train batch 73: pair_ids shape=(16,), range=79..9228, coefficients shape=(16, 2), sample_weights shape=(16,), zero_neighbor_targets=0
GRAB train batch 74: pair_ids shape=(16,), range=65..9727, coefficients shape=(16, 2), sample_weights shape=(16,), zero_neighbor_targets=0
GRAB train batch 75: pair_ids shape=(16,), range=11..10537, coefficients shape=(16, 2), sample_weights shape=(16,), zero_neighbor_targets=0
GRAB train batch 76: pair_ids shape=(16,), range=7..9892, coefficients shape=(16, 2), sample_weights shape=(16,), zero_neighbor_targets=0
GRAB train batch 77: pair_ids shape=(8,), range=168..10795, coefficients shape=(8, 2), sample_weights shape=(8,), zero_neighbor_targets=0
VALIDATION
valid epoch balanced_accuracy: 0.500000
EPOCH 5:
GRAB train batch 1: pair_ids shape=(16,), range=25..10994, coefficients shape=(16, 2), sample_weights shape=(16,), zero_neighbor_targets=0
GRAB train batch 2: pair_ids shape=(16,), range=83..10817, coefficients shape=(16, 2), sample_weights shape=(16,), zero_neighbor_targets=0
GRAB train batch 3: pair_ids shape=(16,), range=98..6117, coefficients shape=(16, 2), sample_weights shape=(16,), zero_neighbor_targets=0
GRAB train batch 4: pair_ids shape=(16,), range=21..8729, coefficients shape=(16, 2), sample_weights shape=(16,), zero_neighbor_targets=0
GRAB train batch 5: pair_ids shape=(16,), range=3..10502, coefficients shape=(16, 2), sample_weights shape=(16,), zero_neighbor_targets=0
GRAB train batch 6: pair_ids shape=(16,), range=92..10170, coefficients shape=(16, 2), sample_weights shape=(16,), zero_neighbor_targets=0
GRAB train batch 7: pair_ids shape=(16,), range=450..10987, coefficients shape=(16, 2), sample_weights shape=(16,), zero_neighbor_targets=0
GRAB train batch 8: pair_ids shape=(16,), range=4..9795, coefficients shape=(16, 2), sample_weights shape=(16,), zero_neighbor_targets=0
GRAB train batch 9: pair_ids shape=(16,), range=426..10764, coefficients shape=(16, 2), sample_weights shape=(16,), zero_neighbor_targets=0
GRAB train batch 10: pair_ids shape=(16,), range=77..10277, coefficients shape=(16, 2), sample_weights shape=(16,), zero_neighbor_targets=0
GRAB train batch 11: pair_ids shape=(16,), range=9..9939, coefficients shape=(16, 2), sample_weights shape=(16,), zero_neighbor_targets=0
GRAB train batch 12: pair_ids shape=(16,), range=1..10248, coefficients shape=(16, 2), sample_weights shape=(16,), zero_neighbor_targets=0
GRAB train batch 13: pair_ids shape=(16,), range=156..9937, coefficients shape=(16, 2), sample_weights shape=(16,), zero_neighbor_targets=0
GRAB train batch 14: pair_ids shape=(16,), range=71..10795, coefficients shape=(16, 2), sample_weights shape=(16,), zero_neighbor_targets=0
GRAB train batch 15: pair_ids shape=(16,), range=42..9139, coefficients shape=(16, 2), sample_weights shape=(16,), zero_neighbor_targets=0
GRAB train batch 16: pair_ids shape=(16,), range=78..10850, coefficients shape=(16, 2), sample_weights shape=(16,), zero_neighbor_targets=0
GRAB train batch 17: pair_ids shape=(16,), range=35..9122, coefficients shape=(16, 2), sample_weights shape=(16,), zero_neighbor_targets=0
GRAB train batch 18: pair_ids shape=(16,), range=29..10984, coefficients shape=(16, 2), sample_weights shape=(16,), zero_neighbor_targets=0
GRAB train batch 19: pair_ids shape=(16,), range=7..9598, coefficients shape=(16, 2), sample_weights shape=(16,), zero_neighbor_targets=0
GRAB train batch 20: pair_ids shape=(16,), range=161..10398, coefficients shape=(16, 2), sample_weights shape=(16,), zero_neighbor_targets=0
GRAB train batch 21: pair_ids shape=(16,), range=75..9017, coefficients shape=(16, 2), sample_weights shape=(16,), zero_neighbor_targets=0
GRAB train batch 22: pair_ids shape=(16,), range=15..10537, coefficients shape=(16, 2), sample_weights shape=(16,), zero_neighbor_targets=0
GRAB train batch 23: pair_ids shape=(16,), range=430..8313, coefficients shape=(16, 2), sample_weights shape=(16,), zero_neighbor_targets=0
GRAB train batch 24: pair_ids shape=(16,), range=114..9224, coefficients shape=(16, 2), sample_weights shape=(16,), zero_neighbor_targets=0
GRAB train batch 25: pair_ids shape=(16,), range=8..10384, coefficients shape=(16, 2), sample_weights shape=(16,), zero_neighbor_targets=0
GRAB train batch 26: pair_ids shape=(16,), range=26..8670, coefficients shape=(16, 2), sample_weights shape=(16,), zero_neighbor_targets=0
GRAB train batch 27: pair_ids shape=(16,), range=414..10600, coefficients shape=(16, 2), sample_weights shape=(16,), zero_neighbor_targets=0
GRAB train batch 28: pair_ids shape=(16,), range=151..5767, coefficients shape=(16, 2), sample_weights shape=(16,), zero_neighbor_targets=0
GRAB train batch 29: pair_ids shape=(16,), range=38..10312, coefficients shape=(16, 2), sample_weights shape=(16,), zero_neighbor_targets=0
GRAB train batch 30: pair_ids shape=(16,), range=16..10462, coefficients shape=(16, 2), sample_weights shape=(16,), zero_neighbor_targets=0
GRAB train batch 31: pair_ids shape=(16,), range=278..10473, coefficients shape=(16, 2), sample_weights shape=(16,), zero_neighbor_targets=0
GRAB train batch 32: pair_ids shape=(16,), range=82..8772, coefficients shape=(16, 2), sample_weights shape=(16,), zero_neighbor_targets=0
GRAB train batch 33: pair_ids shape=(16,), range=129..10374, coefficients shape=(16, 2), sample_weights shape=(16,), zero_neighbor_targets=0
GRAB train batch 34: pair_ids shape=(16,), range=157..10988, coefficients shape=(16, 2), sample_weights shape=(16,), zero_neighbor_targets=0
GRAB train batch 35: pair_ids shape=(16,), range=20..10742, coefficients shape=(16, 2), sample_weights shape=(16,), zero_neighbor_targets=0
GRAB train batch 36: pair_ids shape=(16,), range=5..9818, coefficients shape=(16, 2), sample_weights shape=(16,), zero_neighbor_targets=0
GRAB train batch 37: pair_ids shape=(16,), range=105..10627, coefficients shape=(16, 2), sample_weights shape=(16,), zero_neighbor_targets=0
GRAB train batch 38: pair_ids shape=(16,), range=11..10222, coefficients shape=(16, 2), sample_weights shape=(16,), zero_neighbor_targets=0
GRAB train batch 39: pair_ids shape=(16,), range=117..9500, coefficients shape=(16, 2), sample_weights shape=(16,), zero_neighbor_targets=0
GRAB train batch 40: pair_ids shape=(16,), range=142..10471, coefficients shape=(16, 2), sample_weights shape=(16,), zero_neighbor_targets=0
GRAB train batch 41: pair_ids shape=(16,), range=84..10662, coefficients shape=(16, 2), sample_weights shape=(16,), zero_neighbor_targets=0
GRAB train batch 42: pair_ids shape=(16,), range=97..9319, coefficients shape=(16, 2), sample_weights shape=(16,), zero_neighbor_targets=0
GRAB train batch 43: pair_ids shape=(16,), range=197..10009, coefficients shape=(16, 2), sample_weights shape=(16,), zero_neighbor_targets=0
GRAB train batch 44: pair_ids shape=(16,), range=34..10227, coefficients shape=(16, 2), sample_weights shape=(16,), zero_neighbor_targets=0
GRAB train batch 45: pair_ids shape=(16,), range=0..10811, coefficients shape=(16, 2), sample_weights shape=(16,), zero_neighbor_targets=0
GRAB train batch 46: pair_ids shape=(16,), range=168..9045, coefficients shape=(16, 2), sample_weights shape=(16,), zero_neighbor_targets=0
GRAB train batch 47: pair_ids shape=(16,), range=68..10772, coefficients shape=(16, 2), sample_weights shape=(16,), zero_neighbor_targets=0
GRAB train batch 48: pair_ids shape=(16,), range=264..10435, coefficients shape=(16, 2), sample_weights shape=(16,), zero_neighbor_targets=0
GRAB train batch 49: pair_ids shape=(16,), range=93..9892, coefficients shape=(16, 2), sample_weights shape=(16,), zero_neighbor_targets=0
GRAB train batch 50: pair_ids shape=(16,), range=33..10331, coefficients shape=(16, 2), sample_weights shape=(16,), zero_neighbor_targets=0
GRAB train batch 51: pair_ids shape=(16,), range=91..10360, coefficients shape=(16, 2), sample_weights shape=(16,), zero_neighbor_targets=0
GRAB train batch 52: pair_ids shape=(16,), range=2..9249, coefficients shape=(16, 2), sample_weights shape=(16,), zero_neighbor_targets=0
GRAB train batch 53: pair_ids shape=(16,), range=45..10264, coefficients shape=(16, 2), sample_weights shape=(16,), zero_neighbor_targets=0
GRAB train batch 54: pair_ids shape=(16,), range=199..10475, coefficients shape=(16, 2), sample_weights shape=(16,), zero_neighbor_targets=0
GRAB train batch 55: pair_ids shape=(16,), range=14..7913, coefficients shape=(16, 2), sample_weights shape=(16,), zero_neighbor_targets=0
GRAB train batch 56: pair_ids shape=(16,), range=22..9840, coefficients shape=(16, 2), sample_weights shape=(16,), zero_neighbor_targets=0
GRAB train batch 57: pair_ids shape=(16,), range=69..8731, coefficients shape=(16, 2), sample_weights shape=(16,), zero_neighbor_targets=0
GRAB train batch 58: pair_ids shape=(16,), range=37..9887, coefficients shape=(16, 2), sample_weights shape=(16,), zero_neighbor_targets=0
GRAB train batch 59: pair_ids shape=(16,), range=23..9293, coefficients shape=(16, 2), sample_weights shape=(16,), zero_neighbor_targets=0
GRAB train batch 60: pair_ids shape=(16,), range=110..10259, coefficients shape=(16, 2), sample_weights shape=(16,), zero_neighbor_targets=0
GRAB train batch 61: pair_ids shape=(16,), range=39..10500, coefficients shape=(16, 2), sample_weights shape=(16,), zero_neighbor_targets=0
GRAB train batch 62: pair_ids shape=(16,), range=121..10851, coefficients shape=(16, 2), sample_weights shape=(16,), zero_neighbor_targets=0
GRAB train batch 63: pair_ids shape=(16,), range=136..10225, coefficients shape=(16, 2), sample_weights shape=(16,), zero_neighbor_targets=0
GRAB train batch 64: pair_ids shape=(16,), range=10..9534, coefficients shape=(16, 2), sample_weights shape=(16,), zero_neighbor_targets=0
GRAB train batch 65: pair_ids shape=(16,), range=19..8678, coefficients shape=(16, 2), sample_weights shape=(16,), zero_neighbor_targets=0
GRAB train batch 66: pair_ids shape=(16,), range=76..10935, coefficients shape=(16, 2), sample_weights shape=(16,), zero_neighbor_targets=0
GRAB train batch 67: pair_ids shape=(16,), range=139..10891, coefficients shape=(16, 2), sample_weights shape=(16,), zero_neighbor_targets=0
GRAB train batch 68: pair_ids shape=(16,), range=43..7921, coefficients shape=(16, 2), sample_weights shape=(16,), zero_neighbor_targets=0
GRAB train batch 69: pair_ids shape=(16,), range=104..9088, coefficients shape=(16, 2), sample_weights shape=(16,), zero_neighbor_targets=0
GRAB train batch 70: pair_ids shape=(16,), range=133..9822, coefficients shape=(16, 2), sample_weights shape=(16,), zero_neighbor_targets=0
GRAB train batch 71: pair_ids shape=(16,), range=169..9170, coefficients shape=(16, 2), sample_weights shape=(16,), zero_neighbor_targets=0
GRAB train batch 72: pair_ids shape=(16,), range=12..10685, coefficients shape=(16, 2), sample_weights shape=(16,), zero_neighbor_targets=0
GRAB train batch 73: pair_ids shape=(16,), range=116..10237, coefficients shape=(16, 2), sample_weights shape=(16,), zero_neighbor_targets=0
GRAB train batch 74: pair_ids shape=(16,), range=13..10836, coefficients shape=(16, 2), sample_weights shape=(16,), zero_neighbor_targets=0
GRAB train batch 75: pair_ids shape=(16,), range=28..10027, coefficients shape=(16, 2), sample_weights shape=(16,), zero_neighbor_targets=0
GRAB train batch 76: pair_ids shape=(16,), range=81..10453, coefficients shape=(16, 2), sample_weights shape=(16,), zero_neighbor_targets=0
GRAB train batch 77: pair_ids shape=(8,), range=254..4782, coefficients shape=(8, 2), sample_weights shape=(8,), zero_neighbor_targets=0
VALIDATION
valid epoch balanced_accuracy: 0.404762
EPOCH 6:
GRAB train batch 1: pair_ids shape=(16,), range=72..7552, coefficients shape=(16, 2), sample_weights shape=(16,), zero_neighbor_targets=0
GRAB train batch 2: pair_ids shape=(16,), range=126..10447, coefficients shape=(16, 2), sample_weights shape=(16,), zero_neighbor_targets=0
GRAB train batch 3: pair_ids shape=(16,), range=271..10404, coefficients shape=(16, 2), sample_weights shape=(16,), zero_neighbor_targets=0
GRAB train batch 4: pair_ids shape=(16,), range=36..8521, coefficients shape=(16, 2), sample_weights shape=(16,), zero_neighbor_targets=0
GRAB train batch 5: pair_ids shape=(16,), range=82..8729, coefficients shape=(16, 2), sample_weights shape=(16,), zero_neighbor_targets=0
GRAB train batch 6: pair_ids shape=(16,), range=419..10772, coefficients shape=(16, 2), sample_weights shape=(16,), zero_neighbor_targets=0
GRAB train batch 7: pair_ids shape=(16,), range=80..9818, coefficients shape=(16, 2), sample_weights shape=(16,), zero_neighbor_targets=0
GRAB train batch 8: pair_ids shape=(16,), range=129..8671, coefficients shape=(16, 2), sample_weights shape=(16,), zero_neighbor_targets=0
GRAB train batch 9: pair_ids shape=(16,), range=73..10851, coefficients shape=(16, 2), sample_weights shape=(16,), zero_neighbor_targets=0
GRAB train batch 10: pair_ids shape=(16,), range=213..10836, coefficients shape=(16, 2), sample_weights shape=(16,), zero_neighbor_targets=0
GRAB train batch 11: pair_ids shape=(16,), range=26..10800, coefficients shape=(16, 2), sample_weights shape=(16,), zero_neighbor_targets=0
GRAB train batch 12: pair_ids shape=(16,), range=109..9939, coefficients shape=(16, 2), sample_weights shape=(16,), zero_neighbor_targets=0
GRAB train batch 13: pair_ids shape=(16,), range=111..10384, coefficients shape=(16, 2), sample_weights shape=(16,), zero_neighbor_targets=0
GRAB train batch 14: pair_ids shape=(16,), range=127..9954, coefficients shape=(16, 2), sample_weights shape=(16,), zero_neighbor_targets=0
GRAB train batch 15: pair_ids shape=(16,), range=133..10475, coefficients shape=(16, 2), sample_weights shape=(16,), zero_neighbor_targets=0
GRAB train batch 16: pair_ids shape=(16,), range=174..9937, coefficients shape=(16, 2), sample_weights shape=(16,), zero_neighbor_targets=0
GRAB train batch 17: pair_ids shape=(16,), range=2..10237, coefficients shape=(16, 2), sample_weights shape=(16,), zero_neighbor_targets=0
GRAB train batch 18: pair_ids shape=(16,), range=79..9471, coefficients shape=(16, 2), sample_weights shape=(16,), zero_neighbor_targets=0
GRAB train batch 19: pair_ids shape=(16,), range=8..10027, coefficients shape=(16, 2), sample_weights shape=(16,), zero_neighbor_targets=0
GRAB train batch 20: pair_ids shape=(16,), range=0..10811, coefficients shape=(16, 2), sample_weights shape=(16,), zero_neighbor_targets=0
GRAB train batch 21: pair_ids shape=(16,), range=107..9143, coefficients shape=(16, 2), sample_weights shape=(16,), zero_neighbor_targets=0
GRAB train batch 22: pair_ids shape=(16,), range=41..10453, coefficients shape=(16, 2), sample_weights shape=(16,), zero_neighbor_targets=0
GRAB train batch 23: pair_ids shape=(16,), range=75..10987, coefficients shape=(16, 2), sample_weights shape=(16,), zero_neighbor_targets=0
GRAB train batch 24: pair_ids shape=(16,), range=181..7339, coefficients shape=(16, 2), sample_weights shape=(16,), zero_neighbor_targets=0
GRAB train batch 25: pair_ids shape=(16,), range=17..10277, coefficients shape=(16, 2), sample_weights shape=(16,), zero_neighbor_targets=0
GRAB train batch 26: pair_ids shape=(16,), range=254..10685, coefficients shape=(16, 2), sample_weights shape=(16,), zero_neighbor_targets=0
GRAB train batch 27: pair_ids shape=(16,), range=28..10500, coefficients shape=(16, 2), sample_weights shape=(16,), zero_neighbor_targets=0
GRAB train batch 28: pair_ids shape=(16,), range=90..10502, coefficients shape=(16, 2), sample_weights shape=(16,), zero_neighbor_targets=0
GRAB train batch 29: pair_ids shape=(16,), range=113..10471, coefficients shape=(16, 2), sample_weights shape=(16,), zero_neighbor_targets=0
GRAB train batch 30: pair_ids shape=(16,), range=87..9159, coefficients shape=(16, 2), sample_weights shape=(16,), zero_neighbor_targets=0
GRAB train batch 31: pair_ids shape=(16,), range=40..7857, coefficients shape=(16, 2), sample_weights shape=(16,), zero_neighbor_targets=0
GRAB train batch 32: pair_ids shape=(16,), range=70..10590, coefficients shape=(16, 2), sample_weights shape=(16,), zero_neighbor_targets=0
GRAB train batch 33: pair_ids shape=(16,), range=14..9795, coefficients shape=(16, 2), sample_weights shape=(16,), zero_neighbor_targets=0
GRAB train batch 34: pair_ids shape=(16,), range=39..9135, coefficients shape=(16, 2), sample_weights shape=(16,), zero_neighbor_targets=0
GRAB train batch 35: pair_ids shape=(16,), range=91..10742, coefficients shape=(16, 2), sample_weights shape=(16,), zero_neighbor_targets=0
GRAB train batch 36: pair_ids shape=(16,), range=29..10522, coefficients shape=(16, 2), sample_weights shape=(16,), zero_neighbor_targets=0
GRAB train batch 37: pair_ids shape=(16,), range=389..10764, coefficients shape=(16, 2), sample_weights shape=(16,), zero_neighbor_targets=0
GRAB train batch 38: pair_ids shape=(16,), range=147..9262, coefficients shape=(16, 2), sample_weights shape=(16,), zero_neighbor_targets=0
GRAB train batch 39: pair_ids shape=(16,), range=10..7829, coefficients shape=(16, 2), sample_weights shape=(16,), zero_neighbor_targets=0
GRAB train batch 40: pair_ids shape=(16,), range=21..9319, coefficients shape=(16, 2), sample_weights shape=(16,), zero_neighbor_targets=0
GRAB train batch 41: pair_ids shape=(16,), range=142..10374, coefficients shape=(16, 2), sample_weights shape=(16,), zero_neighbor_targets=0
GRAB train batch 42: pair_ids shape=(16,), range=3..10984, coefficients shape=(16, 2), sample_weights shape=(16,), zero_neighbor_targets=0
GRAB train batch 43: pair_ids shape=(16,), range=76..9088, coefficients shape=(16, 2), sample_weights shape=(16,), zero_neighbor_targets=0
GRAB train batch 44: pair_ids shape=(16,), range=4..9913, coefficients shape=(16, 2), sample_weights shape=(16,), zero_neighbor_targets=0
GRAB train batch 45: pair_ids shape=(16,), range=168..10227, coefficients shape=(16, 2), sample_weights shape=(16,), zero_neighbor_targets=0
GRAB train batch 46: pair_ids shape=(16,), range=103..10411, coefficients shape=(16, 2), sample_weights shape=(16,), zero_neighbor_targets=0
GRAB train batch 47: pair_ids shape=(16,), range=85..9696, coefficients shape=(16, 2), sample_weights shape=(16,), zero_neighbor_targets=0
GRAB train batch 48: pair_ids shape=(16,), range=45..8841, coefficients shape=(16, 2), sample_weights shape=(16,), zero_neighbor_targets=0
GRAB train batch 49: pair_ids shape=(16,), range=30..9057, coefficients shape=(16, 2), sample_weights shape=(16,), zero_neighbor_targets=0
GRAB train batch 50: pair_ids shape=(16,), range=189..10994, coefficients shape=(16, 2), sample_weights shape=(16,), zero_neighbor_targets=0
GRAB train batch 51: pair_ids shape=(16,), range=68..10537, coefficients shape=(16, 2), sample_weights shape=(16,), zero_neighbor_targets=0
GRAB train batch 52: pair_ids shape=(16,), range=164..9995, coefficients shape=(16, 2), sample_weights shape=(16,), zero_neighbor_targets=0
GRAB train batch 53: pair_ids shape=(16,), range=15..8668, coefficients shape=(16, 2), sample_weights shape=(16,), zero_neighbor_targets=0
GRAB train batch 54: pair_ids shape=(16,), range=33..9698, coefficients shape=(16, 2), sample_weights shape=(16,), zero_neighbor_targets=0
GRAB train batch 55: pair_ids shape=(16,), range=16..8200, coefficients shape=(16, 2), sample_weights shape=(16,), zero_neighbor_targets=0
GRAB train batch 56: pair_ids shape=(16,), range=38..10312, coefficients shape=(16, 2), sample_weights shape=(16,), zero_neighbor_targets=0
GRAB train batch 57: pair_ids shape=(16,), range=101..10627, coefficients shape=(16, 2), sample_weights shape=(16,), zero_neighbor_targets=0
GRAB train batch 58: pair_ids shape=(16,), range=18..10935, coefficients shape=(16, 2), sample_weights shape=(16,), zero_neighbor_targets=0
GRAB train batch 59: pair_ids shape=(16,), range=281..9036, coefficients shape=(16, 2), sample_weights shape=(16,), zero_neighbor_targets=0
GRAB train batch 60: pair_ids shape=(16,), range=66..9704, coefficients shape=(16, 2), sample_weights shape=(16,), zero_neighbor_targets=0
GRAB train batch 61: pair_ids shape=(16,), range=1..8313, coefficients shape=(16, 2), sample_weights shape=(16,), zero_neighbor_targets=0
GRAB train batch 62: pair_ids shape=(16,), range=136..10331, coefficients shape=(16, 2), sample_weights shape=(16,), zero_neighbor_targets=0
GRAB train batch 63: pair_ids shape=(16,), range=199..10299, coefficients shape=(16, 2), sample_weights shape=(16,), zero_neighbor_targets=0
GRAB train batch 64: pair_ids shape=(16,), range=104..10435, coefficients shape=(16, 2), sample_weights shape=(16,), zero_neighbor_targets=0
GRAB train batch 65: pair_ids shape=(16,), range=156..10170, coefficients shape=(16, 2), sample_weights shape=(16,), zero_neighbor_targets=0
GRAB train batch 66: pair_ids shape=(16,), range=13..10988, coefficients shape=(16, 2), sample_weights shape=(16,), zero_neighbor_targets=0
GRAB train batch 67: pair_ids shape=(16,), range=7..9499, coefficients shape=(16, 2), sample_weights shape=(16,), zero_neighbor_targets=0
GRAB train batch 68: pair_ids shape=(16,), range=24..10817, coefficients shape=(16, 2), sample_weights shape=(16,), zero_neighbor_targets=0
GRAB train batch 69: pair_ids shape=(16,), range=32..10398, coefficients shape=(16, 2), sample_weights shape=(16,), zero_neighbor_targets=0
GRAB train batch 70: pair_ids shape=(16,), range=118..9546, coefficients shape=(16, 2), sample_weights shape=(16,), zero_neighbor_targets=0
GRAB train batch 71: pair_ids shape=(16,), range=188..9391, coefficients shape=(16, 2), sample_weights shape=(16,), zero_neighbor_targets=0
GRAB train batch 72: pair_ids shape=(16,), range=27..10396, coefficients shape=(16, 2), sample_weights shape=(16,), zero_neighbor_targets=0
GRAB train batch 73: pair_ids shape=(16,), range=5..10728, coefficients shape=(16, 2), sample_weights shape=(16,), zero_neighbor_targets=0
GRAB train batch 74: pair_ids shape=(16,), range=6..9293, coefficients shape=(16, 2), sample_weights shape=(16,), zero_neighbor_targets=0
GRAB train batch 75: pair_ids shape=(16,), range=179..8731, coefficients shape=(16, 2), sample_weights shape=(16,), zero_neighbor_targets=0
GRAB train batch 76: pair_ids shape=(16,), range=150..6952, coefficients shape=(16, 2), sample_weights shape=(16,), zero_neighbor_targets=0
GRAB train batch 77: pair_ids shape=(8,), range=42..6314, coefficients shape=(8, 2), sample_weights shape=(8,), zero_neighbor_targets=0
VALIDATION
valid epoch balanced_accuracy: 0.500000
EPOCH 7:
GRAB train batch 1: pair_ids shape=(16,), range=6..10685, coefficients shape=(16, 2), sample_weights shape=(16,), zero_neighbor_targets=0
GRAB train batch 2: pair_ids shape=(16,), range=70..10817, coefficients shape=(16, 2), sample_weights shape=(16,), zero_neighbor_targets=0
GRAB train batch 3: pair_ids shape=(16,), range=39..9027, coefficients shape=(16, 2), sample_weights shape=(16,), zero_neighbor_targets=0
GRAB train batch 4: pair_ids shape=(16,), range=107..9822, coefficients shape=(16, 2), sample_weights shape=(16,), zero_neighbor_targets=0
GRAB train batch 5: pair_ids shape=(16,), range=25..9272, coefficients shape=(16, 2), sample_weights shape=(16,), zero_neighbor_targets=0
GRAB train batch 6: pair_ids shape=(16,), range=81..10027, coefficients shape=(16, 2), sample_weights shape=(16,), zero_neighbor_targets=0
GRAB train batch 7: pair_ids shape=(16,), range=74..10988, coefficients shape=(16, 2), sample_weights shape=(16,), zero_neighbor_targets=0
GRAB train batch 8: pair_ids shape=(16,), range=71..10850, coefficients shape=(16, 2), sample_weights shape=(16,), zero_neighbor_targets=0
GRAB train batch 9: pair_ids shape=(16,), range=91..10374, coefficients shape=(16, 2), sample_weights shape=(16,), zero_neighbor_targets=0
GRAB train batch 10: pair_ids shape=(16,), range=4..10299, coefficients shape=(16, 2), sample_weights shape=(16,), zero_neighbor_targets=0
GRAB train batch 11: pair_ids shape=(16,), range=188..8903, coefficients shape=(16, 2), sample_weights shape=(16,), zero_neighbor_targets=0
GRAB train batch 12: pair_ids shape=(16,), range=1..10728, coefficients shape=(16, 2), sample_weights shape=(16,), zero_neighbor_targets=0
GRAB train batch 13: pair_ids shape=(16,), range=152..10362, coefficients shape=(16, 2), sample_weights shape=(16,), zero_neighbor_targets=0
GRAB train batch 14: pair_ids shape=(16,), range=11..9535, coefficients shape=(16, 2), sample_weights shape=(16,), zero_neighbor_targets=0
GRAB train batch 15: pair_ids shape=(16,), range=99..10462, coefficients shape=(16, 2), sample_weights shape=(16,), zero_neighbor_targets=0
GRAB train batch 16: pair_ids shape=(16,), range=275..10360, coefficients shape=(16, 2), sample_weights shape=(16,), zero_neighbor_targets=0
GRAB train batch 17: pair_ids shape=(16,), range=42..10227, coefficients shape=(16, 2), sample_weights shape=(16,), zero_neighbor_targets=0
GRAB train batch 18: pair_ids shape=(16,), range=66..10984, coefficients shape=(16, 2), sample_weights shape=(16,), zero_neighbor_targets=0
GRAB train batch 19: pair_ids shape=(16,), range=87..7286, coefficients shape=(16, 2), sample_weights shape=(16,), zero_neighbor_targets=0
GRAB train batch 20: pair_ids shape=(16,), range=21..5099, coefficients shape=(16, 2), sample_weights shape=(16,), zero_neighbor_targets=0
GRAB train batch 21: pair_ids shape=(16,), range=147..10447, coefficients shape=(16, 2), sample_weights shape=(16,), zero_neighbor_targets=0
GRAB train batch 22: pair_ids shape=(16,), range=187..10811, coefficients shape=(16, 2), sample_weights shape=(16,), zero_neighbor_targets=0
GRAB train batch 23: pair_ids shape=(16,), range=72..10248, coefficients shape=(16, 2), sample_weights shape=(16,), zero_neighbor_targets=0
GRAB train batch 24: pair_ids shape=(16,), range=19..9546, coefficients shape=(16, 2), sample_weights shape=(16,), zero_neighbor_targets=0
GRAB train batch 25: pair_ids shape=(16,), range=12..7785, coefficients shape=(16, 2), sample_weights shape=(16,), zero_neighbor_targets=0
GRAB train batch 26: pair_ids shape=(16,), range=157..10987, coefficients shape=(16, 2), sample_weights shape=(16,), zero_neighbor_targets=0
GRAB train batch 27: pair_ids shape=(16,), range=15..10836, coefficients shape=(16, 2), sample_weights shape=(16,), zero_neighbor_targets=0
GRAB train batch 28: pair_ids shape=(16,), range=182..9139, coefficients shape=(16, 2), sample_weights shape=(16,), zero_neighbor_targets=0
GRAB train batch 29: pair_ids shape=(16,), range=30..10264, coefficients shape=(16, 2), sample_weights shape=(16,), zero_neighbor_targets=0
GRAB train batch 30: pair_ids shape=(16,), range=141..10393, coefficients shape=(16, 2), sample_weights shape=(16,), zero_neighbor_targets=0
GRAB train batch 31: pair_ids shape=(16,), range=8..8911, coefficients shape=(16, 2), sample_weights shape=(16,), zero_neighbor_targets=0
GRAB train batch 32: pair_ids shape=(16,), range=35..10471, coefficients shape=(16, 2), sample_weights shape=(16,), zero_neighbor_targets=0
GRAB train batch 33: pair_ids shape=(16,), range=9..10994, coefficients shape=(16, 2), sample_weights shape=(16,), zero_neighbor_targets=0
GRAB train batch 34: pair_ids shape=(16,), range=16..9122, coefficients shape=(16, 2), sample_weights shape=(16,), zero_neighbor_targets=0
GRAB train batch 35: pair_ids shape=(16,), range=3..10627, coefficients shape=(16, 2), sample_weights shape=(16,), zero_neighbor_targets=0
GRAB train batch 36: pair_ids shape=(16,), range=40..10742, coefficients shape=(16, 2), sample_weights shape=(16,), zero_neighbor_targets=0
GRAB train batch 37: pair_ids shape=(16,), range=22..8081, coefficients shape=(16, 2), sample_weights shape=(16,), zero_neighbor_targets=0
GRAB train batch 38: pair_ids shape=(16,), range=156..10772, coefficients shape=(16, 2), sample_weights shape=(16,), zero_neighbor_targets=0
GRAB train batch 39: pair_ids shape=(16,), range=140..9293, coefficients shape=(16, 2), sample_weights shape=(16,), zero_neighbor_targets=0
GRAB train batch 40: pair_ids shape=(16,), range=102..10935, coefficients shape=(16, 2), sample_weights shape=(16,), zero_neighbor_targets=0
GRAB train batch 41: pair_ids shape=(16,), range=146..9143, coefficients shape=(16, 2), sample_weights shape=(16,), zero_neighbor_targets=0
GRAB train batch 42: pair_ids shape=(16,), range=165..8745, coefficients shape=(16, 2), sample_weights shape=(16,), zero_neighbor_targets=0
GRAB train batch 43: pair_ids shape=(16,), range=2..10205, coefficients shape=(16, 2), sample_weights shape=(16,), zero_neighbor_targets=0
GRAB train batch 44: pair_ids shape=(16,), range=84..10259, coefficients shape=(16, 2), sample_weights shape=(16,), zero_neighbor_targets=0
GRAB train batch 45: pair_ids shape=(16,), range=18..10453, coefficients shape=(16, 2), sample_weights shape=(16,), zero_neighbor_targets=0
GRAB train batch 46: pair_ids shape=(16,), range=170..9914, coefficients shape=(16, 2), sample_weights shape=(16,), zero_neighbor_targets=0
GRAB train batch 47: pair_ids shape=(16,), range=68..9017, coefficients shape=(16, 2), sample_weights shape=(16,), zero_neighbor_targets=0
GRAB train batch 48: pair_ids shape=(16,), range=101..5080, coefficients shape=(16, 2), sample_weights shape=(16,), zero_neighbor_targets=0
GRAB train batch 49: pair_ids shape=(16,), range=27..10435, coefficients shape=(16, 2), sample_weights shape=(16,), zero_neighbor_targets=0
GRAB train batch 50: pair_ids shape=(16,), range=115..10764, coefficients shape=(16, 2), sample_weights shape=(16,), zero_neighbor_targets=0
GRAB train batch 51: pair_ids shape=(16,), range=13..10590, coefficients shape=(16, 2), sample_weights shape=(16,), zero_neighbor_targets=0
GRAB train batch 52: pair_ids shape=(16,), range=0..7795, coefficients shape=(16, 2), sample_weights shape=(16,), zero_neighbor_targets=0
GRAB train batch 53: pair_ids shape=(16,), range=95..10795, coefficients shape=(16, 2), sample_weights shape=(16,), zero_neighbor_targets=0
GRAB train batch 54: pair_ids shape=(16,), range=89..10500, coefficients shape=(16, 2), sample_weights shape=(16,), zero_neighbor_targets=0
GRAB train batch 55: pair_ids shape=(16,), range=137..9500, coefficients shape=(16, 2), sample_weights shape=(16,), zero_neighbor_targets=0
GRAB train batch 56: pair_ids shape=(16,), range=185..8951, coefficients shape=(16, 2), sample_weights shape=(16,), zero_neighbor_targets=0
GRAB train batch 57: pair_ids shape=(16,), range=41..6314, coefficients shape=(16, 2), sample_weights shape=(16,), zero_neighbor_targets=0
GRAB train batch 58: pair_ids shape=(16,), range=20..6351, coefficients shape=(16, 2), sample_weights shape=(16,), zero_neighbor_targets=0
GRAB train batch 59: pair_ids shape=(16,), range=197..7894, coefficients shape=(16, 2), sample_weights shape=(16,), zero_neighbor_targets=0
GRAB train batch 60: pair_ids shape=(16,), range=105..9913, coefficients shape=(16, 2), sample_weights shape=(16,), zero_neighbor_targets=0
GRAB train batch 61: pair_ids shape=(16,), range=113..10600, coefficients shape=(16, 2), sample_weights shape=(16,), zero_neighbor_targets=0
GRAB train batch 62: pair_ids shape=(16,), range=73..6809, coefficients shape=(16, 2), sample_weights shape=(16,), zero_neighbor_targets=0
GRAB train batch 63: pair_ids shape=(16,), range=104..10222, coefficients shape=(16, 2), sample_weights shape=(16,), zero_neighbor_targets=0
GRAB train batch 64: pair_ids shape=(16,), range=64..9956, coefficients shape=(16, 2), sample_weights shape=(16,), zero_neighbor_targets=0
GRAB train batch 65: pair_ids shape=(16,), range=79..9739, coefficients shape=(16, 2), sample_weights shape=(16,), zero_neighbor_targets=0
GRAB train batch 66: pair_ids shape=(16,), range=38..9228, coefficients shape=(16, 2), sample_weights shape=(16,), zero_neighbor_targets=0
GRAB train batch 67: pair_ids shape=(16,), range=23..9598, coefficients shape=(16, 2), sample_weights shape=(16,), zero_neighbor_targets=0
GRAB train batch 68: pair_ids shape=(16,), range=124..9459, coefficients shape=(16, 2), sample_weights shape=(16,), zero_neighbor_targets=0
GRAB train batch 69: pair_ids shape=(16,), range=32..6381, coefficients shape=(16, 2), sample_weights shape=(16,), zero_neighbor_targets=0
GRAB train batch 70: pair_ids shape=(16,), range=112..9954, coefficients shape=(16, 2), sample_weights shape=(16,), zero_neighbor_targets=0
GRAB train batch 71: pair_ids shape=(16,), range=7..9937, coefficients shape=(16, 2), sample_weights shape=(16,), zero_neighbor_targets=0
GRAB train batch 72: pair_ids shape=(16,), range=111..10891, coefficients shape=(16, 2), sample_weights shape=(16,), zero_neighbor_targets=0
GRAB train batch 73: pair_ids shape=(16,), range=138..9608, coefficients shape=(16, 2), sample_weights shape=(16,), zero_neighbor_targets=0
GRAB train batch 74: pair_ids shape=(16,), range=31..10005, coefficients shape=(16, 2), sample_weights shape=(16,), zero_neighbor_targets=0
GRAB train batch 75: pair_ids shape=(16,), range=37..10800, coefficients shape=(16, 2), sample_weights shape=(16,), zero_neighbor_targets=0
GRAB train batch 76: pair_ids shape=(16,), range=43..10851, coefficients shape=(16, 2), sample_weights shape=(16,), zero_neighbor_targets=0
GRAB train batch 77: pair_ids shape=(8,), range=100..10524, coefficients shape=(8, 2), sample_weights shape=(8,), zero_neighbor_targets=0
VALIDATION
valid epoch balanced_accuracy: 0.369048
EPOCH 8:
GRAB train batch 1: pair_ids shape=(16,), range=77..9892, coefficients shape=(16, 2), sample_weights shape=(16,), zero_neighbor_targets=0
GRAB train batch 2: pair_ids shape=(16,), range=204..10850, coefficients shape=(16, 2), sample_weights shape=(16,), zero_neighbor_targets=0
GRAB train batch 3: pair_ids shape=(16,), range=27..10836, coefficients shape=(16, 2), sample_weights shape=(16,), zero_neighbor_targets=0
GRAB train batch 4: pair_ids shape=(16,), range=7..7200, coefficients shape=(16, 2), sample_weights shape=(16,), zero_neighbor_targets=0
GRAB train batch 5: pair_ids shape=(16,), range=70..10935, coefficients shape=(16, 2), sample_weights shape=(16,), zero_neighbor_targets=0
GRAB train batch 6: pair_ids shape=(16,), range=76..10396, coefficients shape=(16, 2), sample_weights shape=(16,), zero_neighbor_targets=0
GRAB train batch 7: pair_ids shape=(16,), range=94..10411, coefficients shape=(16, 2), sample_weights shape=(16,), zero_neighbor_targets=0
GRAB train batch 8: pair_ids shape=(16,), range=20..10742, coefficients shape=(16, 2), sample_weights shape=(16,), zero_neighbor_targets=0
GRAB train batch 9: pair_ids shape=(16,), range=33..8563, coefficients shape=(16, 2), sample_weights shape=(16,), zero_neighbor_targets=0
GRAB train batch 10: pair_ids shape=(16,), range=17..9387, coefficients shape=(16, 2), sample_weights shape=(16,), zero_neighbor_targets=0
GRAB train batch 11: pair_ids shape=(16,), range=5..10524, coefficients shape=(16, 2), sample_weights shape=(16,), zero_neighbor_targets=0
GRAB train batch 12: pair_ids shape=(16,), range=196..9739, coefficients shape=(16, 2), sample_weights shape=(16,), zero_neighbor_targets=0
GRAB train batch 13: pair_ids shape=(16,), range=140..8491, coefficients shape=(16, 2), sample_weights shape=(16,), zero_neighbor_targets=0
GRAB train batch 14: pair_ids shape=(16,), range=122..10435, coefficients shape=(16, 2), sample_weights shape=(16,), zero_neighbor_targets=0
GRAB train batch 15: pair_ids shape=(16,), range=24..9939, coefficients shape=(16, 2), sample_weights shape=(16,), zero_neighbor_targets=0
GRAB train batch 16: pair_ids shape=(16,), range=18..10817, coefficients shape=(16, 2), sample_weights shape=(16,), zero_neighbor_targets=0
GRAB train batch 17: pair_ids shape=(16,), range=143..10170, coefficients shape=(16, 2), sample_weights shape=(16,), zero_neighbor_targets=0
GRAB train batch 18: pair_ids shape=(16,), range=66..9795, coefficients shape=(16, 2), sample_weights shape=(16,), zero_neighbor_targets=0
GRAB train batch 19: pair_ids shape=(16,), range=272..10795, coefficients shape=(16, 2), sample_weights shape=(16,), zero_neighbor_targets=0
GRAB train batch 20: pair_ids shape=(16,), range=16..10800, coefficients shape=(16, 2), sample_weights shape=(16,), zero_neighbor_targets=0
GRAB train batch 21: pair_ids shape=(16,), range=200..9143, coefficients shape=(16, 2), sample_weights shape=(16,), zero_neighbor_targets=0
GRAB train batch 22: pair_ids shape=(16,), range=0..9937, coefficients shape=(16, 2), sample_weights shape=(16,), zero_neighbor_targets=0
GRAB train batch 23: pair_ids shape=(16,), range=85..10473, coefficients shape=(16, 2), sample_weights shape=(16,), zero_neighbor_targets=0
GRAB train batch 24: pair_ids shape=(16,), range=3..10600, coefficients shape=(16, 2), sample_weights shape=(16,), zero_neighbor_targets=0
GRAB train batch 25: pair_ids shape=(16,), range=78..9887, coefficients shape=(16, 2), sample_weights shape=(16,), zero_neighbor_targets=0
GRAB train batch 26: pair_ids shape=(16,), range=42..10662, coefficients shape=(16, 2), sample_weights shape=(16,), zero_neighbor_targets=0
GRAB train batch 27: pair_ids shape=(16,), range=88..10027, coefficients shape=(16, 2), sample_weights shape=(16,), zero_neighbor_targets=0
GRAB train batch 28: pair_ids shape=(16,), range=192..10502, coefficients shape=(16, 2), sample_weights shape=(16,), zero_neighbor_targets=0
GRAB train batch 29: pair_ids shape=(16,), range=149..10462, coefficients shape=(16, 2), sample_weights shape=(16,), zero_neighbor_targets=0
GRAB train batch 30: pair_ids shape=(16,), range=274..10772, coefficients shape=(16, 2), sample_weights shape=(16,), zero_neighbor_targets=0
GRAB train batch 31: pair_ids shape=(16,), range=32..8911, coefficients shape=(16, 2), sample_weights shape=(16,), zero_neighbor_targets=0
GRAB train batch 32: pair_ids shape=(16,), range=155..10471, coefficients shape=(16, 2), sample_weights shape=(16,), zero_neighbor_targets=0
GRAB train batch 33: pair_ids shape=(16,), range=109..10005, coefficients shape=(16, 2), sample_weights shape=(16,), zero_neighbor_targets=0
GRAB train batch 34: pair_ids shape=(16,), range=30..9196, coefficients shape=(16, 2), sample_weights shape=(16,), zero_neighbor_targets=0
GRAB train batch 35: pair_ids shape=(16,), range=139..10248, coefficients shape=(16, 2), sample_weights shape=(16,), zero_neighbor_targets=0
GRAB train batch 36: pair_ids shape=(16,), range=65..10685, coefficients shape=(16, 2), sample_weights shape=(16,), zero_neighbor_targets=0
GRAB train batch 37: pair_ids shape=(16,), range=165..10331, coefficients shape=(16, 2), sample_weights shape=(16,), zero_neighbor_targets=0
GRAB train batch 38: pair_ids shape=(16,), range=21..10994, coefficients shape=(16, 2), sample_weights shape=(16,), zero_neighbor_targets=0
GRAB train batch 39: pair_ids shape=(16,), range=132..9995, coefficients shape=(16, 2), sample_weights shape=(16,), zero_neighbor_targets=0
GRAB train batch 40: pair_ids shape=(16,), range=246..8313, coefficients shape=(16, 2), sample_weights shape=(16,), zero_neighbor_targets=0
GRAB train batch 41: pair_ids shape=(16,), range=31..9478, coefficients shape=(16, 2), sample_weights shape=(16,), zero_neighbor_targets=0
GRAB train batch 42: pair_ids shape=(16,), range=130..10988, coefficients shape=(16, 2), sample_weights shape=(16,), zero_neighbor_targets=0
GRAB train batch 43: pair_ids shape=(16,), range=104..9914, coefficients shape=(16, 2), sample_weights shape=(16,), zero_neighbor_targets=0
GRAB train batch 44: pair_ids shape=(16,), range=28..8590, coefficients shape=(16, 2), sample_weights shape=(16,), zero_neighbor_targets=0
GRAB train batch 45: pair_ids shape=(16,), range=148..10987, coefficients shape=(16, 2), sample_weights shape=(16,), zero_neighbor_targets=0
GRAB train batch 46: pair_ids shape=(16,), range=284..9500, coefficients shape=(16, 2), sample_weights shape=(16,), zero_neighbor_targets=0
GRAB train batch 47: pair_ids shape=(16,), range=14..8658, coefficients shape=(16, 2), sample_weights shape=(16,), zero_neighbor_targets=0
GRAB train batch 48: pair_ids shape=(16,), range=37..10891, coefficients shape=(16, 2), sample_weights shape=(16,), zero_neighbor_targets=0
GRAB train batch 49: pair_ids shape=(16,), range=107..8928, coefficients shape=(16, 2), sample_weights shape=(16,), zero_neighbor_targets=0
GRAB train batch 50: pair_ids shape=(16,), range=22..10500, coefficients shape=(16, 2), sample_weights shape=(16,), zero_neighbor_targets=0
GRAB train batch 51: pair_ids shape=(16,), range=91..10627, coefficients shape=(16, 2), sample_weights shape=(16,), zero_neighbor_targets=0
GRAB train batch 52: pair_ids shape=(16,), range=12..9249, coefficients shape=(16, 2), sample_weights shape=(16,), zero_neighbor_targets=0
GRAB train batch 53: pair_ids shape=(16,), range=138..10984, coefficients shape=(16, 2), sample_weights shape=(16,), zero_neighbor_targets=0
GRAB train batch 54: pair_ids shape=(16,), range=13..9278, coefficients shape=(16, 2), sample_weights shape=(16,), zero_neighbor_targets=0
GRAB train batch 55: pair_ids shape=(16,), range=112..10537, coefficients shape=(16, 2), sample_weights shape=(16,), zero_neighbor_targets=0
GRAB train batch 56: pair_ids shape=(16,), range=181..9704, coefficients shape=(16, 2), sample_weights shape=(16,), zero_neighbor_targets=0
GRAB train batch 57: pair_ids shape=(16,), range=90..10225, coefficients shape=(16, 2), sample_weights shape=(16,), zero_neighbor_targets=0
GRAB train batch 58: pair_ids shape=(16,), range=9..10404, coefficients shape=(16, 2), sample_weights shape=(16,), zero_neighbor_targets=0
GRAB train batch 59: pair_ids shape=(16,), range=75..10237, coefficients shape=(16, 2), sample_weights shape=(16,), zero_neighbor_targets=0
GRAB train batch 60: pair_ids shape=(16,), range=73..8671, coefficients shape=(16, 2), sample_weights shape=(16,), zero_neighbor_targets=0
GRAB train batch 61: pair_ids shape=(16,), range=423..10851, coefficients shape=(16, 2), sample_weights shape=(16,), zero_neighbor_targets=0
GRAB train batch 62: pair_ids shape=(16,), range=4..10374, coefficients shape=(16, 2), sample_weights shape=(16,), zero_neighbor_targets=0
GRAB train batch 63: pair_ids shape=(16,), range=11..10453, coefficients shape=(16, 2), sample_weights shape=(16,), zero_neighbor_targets=0
GRAB train batch 64: pair_ids shape=(16,), range=97..10522, coefficients shape=(16, 2), sample_weights shape=(16,), zero_neighbor_targets=0
GRAB train batch 65: pair_ids shape=(16,), range=35..8210, coefficients shape=(16, 2), sample_weights shape=(16,), zero_neighbor_targets=0
GRAB train batch 66: pair_ids shape=(16,), range=83..10590, coefficients shape=(16, 2), sample_weights shape=(16,), zero_neighbor_targets=0
GRAB train batch 67: pair_ids shape=(16,), range=110..8594, coefficients shape=(16, 2), sample_weights shape=(16,), zero_neighbor_targets=0
GRAB train batch 68: pair_ids shape=(16,), range=1..5339, coefficients shape=(16, 2), sample_weights shape=(16,), zero_neighbor_targets=0
GRAB train batch 69: pair_ids shape=(16,), range=44..9403, coefficients shape=(16, 2), sample_weights shape=(16,), zero_neighbor_targets=0
GRAB train batch 70: pair_ids shape=(16,), range=6..7643, coefficients shape=(16, 2), sample_weights shape=(16,), zero_neighbor_targets=0
GRAB train batch 71: pair_ids shape=(16,), range=8..9499, coefficients shape=(16, 2), sample_weights shape=(16,), zero_neighbor_targets=0
GRAB train batch 72: pair_ids shape=(16,), range=29..9147, coefficients shape=(16, 2), sample_weights shape=(16,), zero_neighbor_targets=0
GRAB train batch 73: pair_ids shape=(16,), range=25..10728, coefficients shape=(16, 2), sample_weights shape=(16,), zero_neighbor_targets=0
GRAB train batch 74: pair_ids shape=(16,), range=131..10277, coefficients shape=(16, 2), sample_weights shape=(16,), zero_neighbor_targets=0
GRAB train batch 75: pair_ids shape=(16,), range=105..8678, coefficients shape=(16, 2), sample_weights shape=(16,), zero_neighbor_targets=0
GRAB train batch 76: pair_ids shape=(16,), range=2..10393, coefficients shape=(16, 2), sample_weights shape=(16,), zero_neighbor_targets=0
GRAB train batch 77: pair_ids shape=(8,), range=67..10009, coefficients shape=(8, 2), sample_weights shape=(8,), zero_neighbor_targets=0
VALIDATION
valid epoch balanced_accuracy: 0.488095
EPOCH 9:
GRAB train batch 1: pair_ids shape=(16,), range=153..10935, coefficients shape=(16, 2), sample_weights shape=(16,), zero_neighbor_targets=0
GRAB train batch 2: pair_ids shape=(16,), range=40..6216, coefficients shape=(16, 2), sample_weights shape=(16,), zero_neighbor_targets=0
GRAB train batch 3: pair_ids shape=(16,), range=110..7200, coefficients shape=(16, 2), sample_weights shape=(16,), zero_neighbor_targets=0
GRAB train batch 4: pair_ids shape=(16,), range=21..9498, coefficients shape=(16, 2), sample_weights shape=(16,), zero_neighbor_targets=0
GRAB train batch 5: pair_ids shape=(16,), range=125..10248, coefficients shape=(16, 2), sample_weights shape=(16,), zero_neighbor_targets=0
GRAB train batch 6: pair_ids shape=(16,), range=0..9822, coefficients shape=(16, 2), sample_weights shape=(16,), zero_neighbor_targets=0
GRAB train batch 7: pair_ids shape=(16,), range=1..10447, coefficients shape=(16, 2), sample_weights shape=(16,), zero_neighbor_targets=0
GRAB train batch 8: pair_ids shape=(16,), range=175..10524, coefficients shape=(16, 2), sample_weights shape=(16,), zero_neighbor_targets=0
GRAB train batch 9: pair_ids shape=(16,), range=327..9598, coefficients shape=(16, 2), sample_weights shape=(16,), zero_neighbor_targets=0
GRAB train batch 10: pair_ids shape=(16,), range=102..10590, coefficients shape=(16, 2), sample_weights shape=(16,), zero_neighbor_targets=0
GRAB train batch 11: pair_ids shape=(16,), range=97..10984, coefficients shape=(16, 2), sample_weights shape=(16,), zero_neighbor_targets=0
GRAB train batch 12: pair_ids shape=(16,), range=18..9892, coefficients shape=(16, 2), sample_weights shape=(16,), zero_neighbor_targets=0
GRAB train batch 13: pair_ids shape=(16,), range=19..10398, coefficients shape=(16, 2), sample_weights shape=(16,), zero_neighbor_targets=0
GRAB train batch 14: pair_ids shape=(16,), range=34..7829, coefficients shape=(16, 2), sample_weights shape=(16,), zero_neighbor_targets=0
GRAB train batch 15: pair_ids shape=(16,), range=69..10393, coefficients shape=(16, 2), sample_weights shape=(16,), zero_neighbor_targets=0
GRAB train batch 16: pair_ids shape=(16,), range=84..8521, coefficients shape=(16, 2), sample_weights shape=(16,), zero_neighbor_targets=0
GRAB train batch 17: pair_ids shape=(16,), range=5..9727, coefficients shape=(16, 2), sample_weights shape=(16,), zero_neighbor_targets=0
GRAB train batch 18: pair_ids shape=(16,), range=8..10473, coefficients shape=(16, 2), sample_weights shape=(16,), zero_neighbor_targets=0
GRAB train batch 19: pair_ids shape=(16,), range=80..10264, coefficients shape=(16, 2), sample_weights shape=(16,), zero_neighbor_targets=0
GRAB train batch 20: pair_ids shape=(16,), range=24..9088, coefficients shape=(16, 2), sample_weights shape=(16,), zero_neighbor_targets=0
GRAB train batch 21: pair_ids shape=(16,), range=94..10462, coefficients shape=(16, 2), sample_weights shape=(16,), zero_neighbor_targets=0
GRAB train batch 22: pair_ids shape=(16,), range=25..9471, coefficients shape=(16, 2), sample_weights shape=(16,), zero_neighbor_targets=0
GRAB train batch 23: pair_ids shape=(16,), range=77..8858, coefficients shape=(16, 2), sample_weights shape=(16,), zero_neighbor_targets=0
GRAB train batch 24: pair_ids shape=(16,), range=76..10362, coefficients shape=(16, 2), sample_weights shape=(16,), zero_neighbor_targets=0
GRAB train batch 25: pair_ids shape=(16,), range=158..8841, coefficients shape=(16, 2), sample_weights shape=(16,), zero_neighbor_targets=0
GRAB train batch 26: pair_ids shape=(16,), range=90..10742, coefficients shape=(16, 2), sample_weights shape=(16,), zero_neighbor_targets=0
GRAB train batch 27: pair_ids shape=(16,), range=2..10404, coefficients shape=(16, 2), sample_weights shape=(16,), zero_neighbor_targets=0
GRAB train batch 28: pair_ids shape=(16,), range=22..10170, coefficients shape=(16, 2), sample_weights shape=(16,), zero_neighbor_targets=0
GRAB train batch 29: pair_ids shape=(16,), range=28..10225, coefficients shape=(16, 2), sample_weights shape=(16,), zero_neighbor_targets=0
GRAB train batch 30: pair_ids shape=(16,), range=35..10764, coefficients shape=(16, 2), sample_weights shape=(16,), zero_neighbor_targets=0
GRAB train batch 31: pair_ids shape=(16,), range=20..10471, coefficients shape=(16, 2), sample_weights shape=(16,), zero_neighbor_targets=0
GRAB train batch 32: pair_ids shape=(16,), range=30..9478, coefficients shape=(16, 2), sample_weights shape=(16,), zero_neighbor_targets=0
GRAB train batch 33: pair_ids shape=(16,), range=144..8658, coefficients shape=(16, 2), sample_weights shape=(16,), zero_neighbor_targets=0
GRAB train batch 34: pair_ids shape=(16,), range=36..10600, coefficients shape=(16, 2), sample_weights shape=(16,), zero_neighbor_targets=0
GRAB train batch 35: pair_ids shape=(16,), range=146..8951, coefficients shape=(16, 2), sample_weights shape=(16,), zero_neighbor_targets=0
GRAB train batch 36: pair_ids shape=(16,), range=4..9954, coefficients shape=(16, 2), sample_weights shape=(16,), zero_neighbor_targets=0
GRAB train batch 37: pair_ids shape=(16,), range=43..9995, coefficients shape=(16, 2), sample_weights shape=(16,), zero_neighbor_targets=0
GRAB train batch 38: pair_ids shape=(16,), range=187..10277, coefficients shape=(16, 2), sample_weights shape=(16,), zero_neighbor_targets=0
GRAB train batch 39: pair_ids shape=(16,), range=41..9262, coefficients shape=(16, 2), sample_weights shape=(16,), zero_neighbor_targets=0
GRAB train batch 40: pair_ids shape=(16,), range=23..10685, coefficients shape=(16, 2), sample_weights shape=(16,), zero_neighbor_targets=0
GRAB train batch 41: pair_ids shape=(16,), range=253..10537, coefficients shape=(16, 2), sample_weights shape=(16,), zero_neighbor_targets=0
GRAB train batch 42: pair_ids shape=(16,), range=99..10475, coefficients shape=(16, 2), sample_weights shape=(16,), zero_neighbor_targets=0
GRAB train batch 43: pair_ids shape=(16,), range=7..10987, coefficients shape=(16, 2), sample_weights shape=(16,), zero_neighbor_targets=0
GRAB train batch 44: pair_ids shape=(16,), range=86..9913, coefficients shape=(16, 2), sample_weights shape=(16,), zero_neighbor_targets=0
GRAB train batch 45: pair_ids shape=(16,), range=111..10851, coefficients shape=(16, 2), sample_weights shape=(16,), zero_neighbor_targets=0
GRAB train batch 46: pair_ids shape=(16,), range=45..10728, coefficients shape=(16, 2), sample_weights shape=(16,), zero_neighbor_targets=0
GRAB train batch 47: pair_ids shape=(16,), range=10..10027, coefficients shape=(16, 2), sample_weights shape=(16,), zero_neighbor_targets=0
GRAB train batch 48: pair_ids shape=(16,), range=71..6924, coefficients shape=(16, 2), sample_weights shape=(16,), zero_neighbor_targets=0
GRAB train batch 49: pair_ids shape=(16,), range=15..9840, coefficients shape=(16, 2), sample_weights shape=(16,), zero_neighbor_targets=0
GRAB train batch 50: pair_ids shape=(16,), range=79..10800, coefficients shape=(16, 2), sample_weights shape=(16,), zero_neighbor_targets=0
GRAB train batch 51: pair_ids shape=(16,), range=32..9249, coefficients shape=(16, 2), sample_weights shape=(16,), zero_neighbor_targets=0
GRAB train batch 52: pair_ids shape=(16,), range=6..10772, coefficients shape=(16, 2), sample_weights shape=(16,), zero_neighbor_targets=0
GRAB train batch 53: pair_ids shape=(16,), range=38..7619, coefficients shape=(16, 2), sample_weights shape=(16,), zero_neighbor_targets=0
GRAB train batch 54: pair_ids shape=(16,), range=105..10500, coefficients shape=(16, 2), sample_weights shape=(16,), zero_neighbor_targets=0
GRAB train batch 55: pair_ids shape=(16,), range=133..8772, coefficients shape=(16, 2), sample_weights shape=(16,), zero_neighbor_targets=0
GRAB train batch 56: pair_ids shape=(16,), range=67..9459, coefficients shape=(16, 2), sample_weights shape=(16,), zero_neighbor_targets=0
GRAB train batch 57: pair_ids shape=(16,), range=26..10891, coefficients shape=(16, 2), sample_weights shape=(16,), zero_neighbor_targets=0
GRAB train batch 58: pair_ids shape=(16,), range=3..10795, coefficients shape=(16, 2), sample_weights shape=(16,), zero_neighbor_targets=0
GRAB train batch 59: pair_ids shape=(16,), range=33..9139, coefficients shape=(16, 2), sample_weights shape=(16,), zero_neighbor_targets=0
GRAB train batch 60: pair_ids shape=(16,), range=66..10312, coefficients shape=(16, 2), sample_weights shape=(16,), zero_neighbor_targets=0
GRAB train batch 61: pair_ids shape=(16,), range=11..9956, coefficients shape=(16, 2), sample_weights shape=(16,), zero_neighbor_targets=0
GRAB train batch 62: pair_ids shape=(16,), range=37..8279, coefficients shape=(16, 2), sample_weights shape=(16,), zero_neighbor_targets=0
GRAB train batch 63: pair_ids shape=(16,), range=93..10994, coefficients shape=(16, 2), sample_weights shape=(16,), zero_neighbor_targets=0
GRAB train batch 64: pair_ids shape=(16,), range=74..10331, coefficients shape=(16, 2), sample_weights shape=(16,), zero_neighbor_targets=0
GRAB train batch 65: pair_ids shape=(16,), range=201..10299, coefficients shape=(16, 2), sample_weights shape=(16,), zero_neighbor_targets=0
GRAB train batch 66: pair_ids shape=(16,), range=106..10836, coefficients shape=(16, 2), sample_weights shape=(16,), zero_neighbor_targets=0
GRAB train batch 67: pair_ids shape=(16,), range=195..9887, coefficients shape=(16, 2), sample_weights shape=(16,), zero_neighbor_targets=0
GRAB train batch 68: pair_ids shape=(16,), range=12..10005, coefficients shape=(16, 2), sample_weights shape=(16,), zero_neighbor_targets=0
GRAB train batch 69: pair_ids shape=(16,), range=118..10627, coefficients shape=(16, 2), sample_weights shape=(16,), zero_neighbor_targets=0
GRAB train batch 70: pair_ids shape=(16,), range=13..10662, coefficients shape=(16, 2), sample_weights shape=(16,), zero_neighbor_targets=0
GRAB train batch 71: pair_ids shape=(16,), range=95..10988, coefficients shape=(16, 2), sample_weights shape=(16,), zero_neighbor_targets=0
GRAB train batch 72: pair_ids shape=(16,), range=16..10811, coefficients shape=(16, 2), sample_weights shape=(16,), zero_neighbor_targets=0
GRAB train batch 73: pair_ids shape=(16,), range=173..10435, coefficients shape=(16, 2), sample_weights shape=(16,), zero_neighbor_targets=0
GRAB train batch 74: pair_ids shape=(16,), range=107..10850, coefficients shape=(16, 2), sample_weights shape=(16,), zero_neighbor_targets=0
GRAB train batch 75: pair_ids shape=(16,), range=9..10237, coefficients shape=(16, 2), sample_weights shape=(16,), zero_neighbor_targets=0
GRAB train batch 76: pair_ids shape=(16,), range=117..10396, coefficients shape=(16, 2), sample_weights shape=(16,), zero_neighbor_targets=0
GRAB train batch 77: pair_ids shape=(8,), range=70..10259, coefficients shape=(8, 2), sample_weights shape=(8,), zero_neighbor_targets=0
VALIDATION
valid epoch balanced_accuracy: 0.428571
EPOCH 10:
GRAB train batch 1: pair_ids shape=(16,), range=117..9143, coefficients shape=(16, 2), sample_weights shape=(16,), zero_neighbor_targets=0
GRAB train batch 2: pair_ids shape=(16,), range=145..9704, coefficients shape=(16, 2), sample_weights shape=(16,), zero_neighbor_targets=0
GRAB train batch 3: pair_ids shape=(16,), range=1..9459, coefficients shape=(16, 2), sample_weights shape=(16,), zero_neighbor_targets=0
GRAB train batch 4: pair_ids shape=(16,), range=111..5808, coefficients shape=(16, 2), sample_weights shape=(16,), zero_neighbor_targets=0
GRAB train batch 5: pair_ids shape=(16,), range=0..10396, coefficients shape=(16, 2), sample_weights shape=(16,), zero_neighbor_targets=0
GRAB train batch 6: pair_ids shape=(16,), range=124..10411, coefficients shape=(16, 2), sample_weights shape=(16,), zero_neighbor_targets=0
GRAB train batch 7: pair_ids shape=(16,), range=38..9913, coefficients shape=(16, 2), sample_weights shape=(16,), zero_neighbor_targets=0
GRAB train batch 8: pair_ids shape=(16,), range=22..9224, coefficients shape=(16, 2), sample_weights shape=(16,), zero_neighbor_targets=0
GRAB train batch 9: pair_ids shape=(16,), range=157..10453, coefficients shape=(16, 2), sample_weights shape=(16,), zero_neighbor_targets=0
GRAB train batch 10: pair_ids shape=(16,), range=65..10222, coefficients shape=(16, 2), sample_weights shape=(16,), zero_neighbor_targets=0
GRAB train batch 11: pair_ids shape=(16,), range=94..7583, coefficients shape=(16, 2), sample_weights shape=(16,), zero_neighbor_targets=0
GRAB train batch 12: pair_ids shape=(16,), range=7..9698, coefficients shape=(16, 2), sample_weights shape=(16,), zero_neighbor_targets=0
GRAB train batch 13: pair_ids shape=(16,), range=29..10027, coefficients shape=(16, 2), sample_weights shape=(16,), zero_neighbor_targets=0
GRAB train batch 14: pair_ids shape=(16,), range=184..8491, coefficients shape=(16, 2), sample_weights shape=(16,), zero_neighbor_targets=0
GRAB train batch 15: pair_ids shape=(16,), range=91..9387, coefficients shape=(16, 2), sample_weights shape=(16,), zero_neighbor_targets=0
GRAB train batch 16: pair_ids shape=(16,), range=8..10851, coefficients shape=(16, 2), sample_weights shape=(16,), zero_neighbor_targets=0
GRAB train batch 17: pair_ids shape=(16,), range=81..10170, coefficients shape=(16, 2), sample_weights shape=(16,), zero_neighbor_targets=0
GRAB train batch 18: pair_ids shape=(16,), range=136..9036, coefficients shape=(16, 2), sample_weights shape=(16,), zero_neighbor_targets=0
GRAB train batch 19: pair_ids shape=(16,), range=69..8671, coefficients shape=(16, 2), sample_weights shape=(16,), zero_neighbor_targets=0
GRAB train batch 20: pair_ids shape=(16,), range=152..9027, coefficients shape=(16, 2), sample_weights shape=(16,), zero_neighbor_targets=0
GRAB train batch 21: pair_ids shape=(16,), range=3..9220, coefficients shape=(16, 2), sample_weights shape=(16,), zero_neighbor_targets=0
GRAB train batch 22: pair_ids shape=(16,), range=423..10502, coefficients shape=(16, 2), sample_weights shape=(16,), zero_neighbor_targets=0
GRAB train batch 23: pair_ids shape=(16,), range=250..9471, coefficients shape=(16, 2), sample_weights shape=(16,), zero_neighbor_targets=0
GRAB train batch 24: pair_ids shape=(16,), range=20..10795, coefficients shape=(16, 2), sample_weights shape=(16,), zero_neighbor_targets=0
GRAB train batch 25: pair_ids shape=(16,), range=99..9995, coefficients shape=(16, 2), sample_weights shape=(16,), zero_neighbor_targets=0
GRAB train batch 26: pair_ids shape=(16,), range=2..10627, coefficients shape=(16, 2), sample_weights shape=(16,), zero_neighbor_targets=0
GRAB train batch 27: pair_ids shape=(16,), range=27..8668, coefficients shape=(16, 2), sample_weights shape=(16,), zero_neighbor_targets=0
GRAB train batch 28: pair_ids shape=(16,), range=100..10524, coefficients shape=(16, 2), sample_weights shape=(16,), zero_neighbor_targets=0
GRAB train batch 29: pair_ids shape=(16,), range=19..10764, coefficients shape=(16, 2), sample_weights shape=(16,), zero_neighbor_targets=0
GRAB train batch 30: pair_ids shape=(16,), range=86..7385, coefficients shape=(16, 2), sample_weights shape=(16,), zero_neighbor_targets=0
GRAB train batch 31: pair_ids shape=(16,), range=305..10462, coefficients shape=(16, 2), sample_weights shape=(16,), zero_neighbor_targets=0
GRAB train batch 32: pair_ids shape=(16,), range=14..9139, coefficients shape=(16, 2), sample_weights shape=(16,), zero_neighbor_targets=0
GRAB train batch 33: pair_ids shape=(16,), range=93..9537, coefficients shape=(16, 2), sample_weights shape=(16,), zero_neighbor_targets=0
GRAB train batch 34: pair_ids shape=(16,), range=6..10237, coefficients shape=(16, 2), sample_weights shape=(16,), zero_neighbor_targets=0
GRAB train batch 35: pair_ids shape=(16,), range=107..9622, coefficients shape=(16, 2), sample_weights shape=(16,), zero_neighbor_targets=0
GRAB train batch 36: pair_ids shape=(16,), range=95..9840, coefficients shape=(16, 2), sample_weights shape=(16,), zero_neighbor_targets=0
GRAB train batch 37: pair_ids shape=(16,), range=34..10728, coefficients shape=(16, 2), sample_weights shape=(16,), zero_neighbor_targets=0
GRAB train batch 38: pair_ids shape=(16,), range=88..10850, coefficients shape=(16, 2), sample_weights shape=(16,), zero_neighbor_targets=0
GRAB train batch 39: pair_ids shape=(16,), range=31..10891, coefficients shape=(16, 2), sample_weights shape=(16,), zero_neighbor_targets=0
GRAB train batch 40: pair_ids shape=(16,), range=73..9500, coefficients shape=(16, 2), sample_weights shape=(16,), zero_neighbor_targets=0
GRAB train batch 41: pair_ids shape=(16,), range=148..9937, coefficients shape=(16, 2), sample_weights shape=(16,), zero_neighbor_targets=0
GRAB train batch 42: pair_ids shape=(16,), range=150..10935, coefficients shape=(16, 2), sample_weights shape=(16,), zero_neighbor_targets=0
GRAB train batch 43: pair_ids shape=(16,), range=78..8510, coefficients shape=(16, 2), sample_weights shape=(16,), zero_neighbor_targets=0
GRAB train batch 44: pair_ids shape=(16,), range=166..10447, coefficients shape=(16, 2), sample_weights shape=(16,), zero_neighbor_targets=0
GRAB train batch 45: pair_ids shape=(16,), range=36..10600, coefficients shape=(16, 2), sample_weights shape=(16,), zero_neighbor_targets=0
GRAB train batch 46: pair_ids shape=(16,), range=25..10662, coefficients shape=(16, 2), sample_weights shape=(16,), zero_neighbor_targets=0
GRAB train batch 47: pair_ids shape=(16,), range=121..10264, coefficients shape=(16, 2), sample_weights shape=(16,), zero_neighbor_targets=0
GRAB train batch 48: pair_ids shape=(16,), range=173..8157, coefficients shape=(16, 2), sample_weights shape=(16,), zero_neighbor_targets=0
GRAB train batch 49: pair_ids shape=(16,), range=11..10537, coefficients shape=(16, 2), sample_weights shape=(16,), zero_neighbor_targets=0
GRAB train batch 50: pair_ids shape=(16,), range=185..9818, coefficients shape=(16, 2), sample_weights shape=(16,), zero_neighbor_targets=0
GRAB train batch 51: pair_ids shape=(16,), range=5..8563, coefficients shape=(16, 2), sample_weights shape=(16,), zero_neighbor_targets=0
GRAB train batch 52: pair_ids shape=(16,), range=424..10988, coefficients shape=(16, 2), sample_weights shape=(16,), zero_neighbor_targets=0
GRAB train batch 53: pair_ids shape=(16,), range=160..8841, coefficients shape=(16, 2), sample_weights shape=(16,), zero_neighbor_targets=0
GRAB train batch 54: pair_ids shape=(16,), range=89..10817, coefficients shape=(16, 2), sample_weights shape=(16,), zero_neighbor_targets=0
GRAB train batch 55: pair_ids shape=(16,), range=214..9023, coefficients shape=(16, 2), sample_weights shape=(16,), zero_neighbor_targets=0
GRAB train batch 56: pair_ids shape=(16,), range=13..9887, coefficients shape=(16, 2), sample_weights shape=(16,), zero_neighbor_targets=0
GRAB train batch 57: pair_ids shape=(16,), range=10..9546, coefficients shape=(16, 2), sample_weights shape=(16,), zero_neighbor_targets=0
GRAB train batch 58: pair_ids shape=(16,), range=21..9535, coefficients shape=(16, 2), sample_weights shape=(16,), zero_neighbor_targets=0
GRAB train batch 59: pair_ids shape=(16,), range=42..4645, coefficients shape=(16, 2), sample_weights shape=(16,), zero_neighbor_targets=0
GRAB train batch 60: pair_ids shape=(16,), range=4..9272, coefficients shape=(16, 2), sample_weights shape=(16,), zero_neighbor_targets=0
GRAB train batch 61: pair_ids shape=(16,), range=67..10800, coefficients shape=(16, 2), sample_weights shape=(16,), zero_neighbor_targets=0
GRAB train batch 62: pair_ids shape=(16,), range=75..10984, coefficients shape=(16, 2), sample_weights shape=(16,), zero_neighbor_targets=0
GRAB train batch 63: pair_ids shape=(16,), range=24..10836, coefficients shape=(16, 2), sample_weights shape=(16,), zero_neighbor_targets=0
GRAB train batch 64: pair_ids shape=(16,), range=9..10522, coefficients shape=(16, 2), sample_weights shape=(16,), zero_neighbor_targets=0
GRAB train batch 65: pair_ids shape=(16,), range=77..10227, coefficients shape=(16, 2), sample_weights shape=(16,), zero_neighbor_targets=0
GRAB train batch 66: pair_ids shape=(16,), range=90..10742, coefficients shape=(16, 2), sample_weights shape=(16,), zero_neighbor_targets=0
GRAB train batch 67: pair_ids shape=(16,), range=37..10987, coefficients shape=(16, 2), sample_weights shape=(16,), zero_neighbor_targets=0
GRAB train batch 68: pair_ids shape=(16,), range=123..10259, coefficients shape=(16, 2), sample_weights shape=(16,), zero_neighbor_targets=0
GRAB train batch 69: pair_ids shape=(16,), range=85..10994, coefficients shape=(16, 2), sample_weights shape=(16,), zero_neighbor_targets=0
GRAB train batch 70: pair_ids shape=(16,), range=164..7221, coefficients shape=(16, 2), sample_weights shape=(16,), zero_neighbor_targets=0
GRAB train batch 71: pair_ids shape=(16,), range=33..10473, coefficients shape=(16, 2), sample_weights shape=(16,), zero_neighbor_targets=0
GRAB train batch 72: pair_ids shape=(16,), range=17..9598, coefficients shape=(16, 2), sample_weights shape=(16,), zero_neighbor_targets=0
GRAB train batch 73: pair_ids shape=(16,), range=16..10500, coefficients shape=(16, 2), sample_weights shape=(16,), zero_neighbor_targets=0
GRAB train batch 74: pair_ids shape=(16,), range=212..10811, coefficients shape=(16, 2), sample_weights shape=(16,), zero_neighbor_targets=0
GRAB train batch 75: pair_ids shape=(16,), range=82..10374, coefficients shape=(16, 2), sample_weights shape=(16,), zero_neighbor_targets=0
GRAB train batch 76: pair_ids shape=(16,), range=142..7952, coefficients shape=(16, 2), sample_weights shape=(16,), zero_neighbor_targets=0
GRAB train batch 77: pair_ids shape=(8,), range=333..10331, coefficients shape=(8, 2), sample_weights shape=(8,), zero_neighbor_targets=0
VALIDATION
valid epoch balanced_accuracy: 0.273810
EPOCH 11:
GRAB train batch 1: pair_ids shape=(16,), range=39..10836, coefficients shape=(16, 2), sample_weights shape=(16,), zero_neighbor_targets=0
GRAB train batch 2: pair_ids shape=(16,), range=40..10435, coefficients shape=(16, 2), sample_weights shape=(16,), zero_neighbor_targets=0
GRAB train batch 3: pair_ids shape=(16,), range=2..9598, coefficients shape=(16, 2), sample_weights shape=(16,), zero_neighbor_targets=0
GRAB train batch 4: pair_ids shape=(16,), range=97..10800, coefficients shape=(16, 2), sample_weights shape=(16,), zero_neighbor_targets=0
GRAB train batch 5: pair_ids shape=(16,), range=92..10362, coefficients shape=(16, 2), sample_weights shape=(16,), zero_neighbor_targets=0
GRAB train batch 6: pair_ids shape=(16,), range=105..10742, coefficients shape=(16, 2), sample_weights shape=(16,), zero_neighbor_targets=0
GRAB train batch 7: pair_ids shape=(16,), range=12..10590, coefficients shape=(16, 2), sample_weights shape=(16,), zero_neighbor_targets=0
GRAB train batch 8: pair_ids shape=(16,), range=4..8370, coefficients shape=(16, 2), sample_weights shape=(16,), zero_neighbor_targets=0
GRAB train batch 9: pair_ids shape=(16,), range=0..9954, coefficients shape=(16, 2), sample_weights shape=(16,), zero_neighbor_targets=0
GRAB train batch 10: pair_ids shape=(16,), range=15..9488, coefficients shape=(16, 2), sample_weights shape=(16,), zero_neighbor_targets=0
GRAB train batch 11: pair_ids shape=(16,), range=114..10398, coefficients shape=(16, 2), sample_weights shape=(16,), zero_neighbor_targets=0
GRAB train batch 12: pair_ids shape=(16,), range=42..8903, coefficients shape=(16, 2), sample_weights shape=(16,), zero_neighbor_targets=0
GRAB train batch 13: pair_ids shape=(16,), range=110..10524, coefficients shape=(16, 2), sample_weights shape=(16,), zero_neighbor_targets=0
GRAB train batch 14: pair_ids shape=(16,), range=14..10891, coefficients shape=(16, 2), sample_weights shape=(16,), zero_neighbor_targets=0
GRAB train batch 15: pair_ids shape=(16,), range=77..10447, coefficients shape=(16, 2), sample_weights shape=(16,), zero_neighbor_targets=0
GRAB train batch 16: pair_ids shape=(16,), range=38..10987, coefficients shape=(16, 2), sample_weights shape=(16,), zero_neighbor_targets=0
GRAB train batch 17: pair_ids shape=(16,), range=74..10935, coefficients shape=(16, 2), sample_weights shape=(16,), zero_neighbor_targets=0
GRAB train batch 18: pair_ids shape=(16,), range=26..7894, coefficients shape=(16, 2), sample_weights shape=(16,), zero_neighbor_targets=0
GRAB train batch 19: pair_ids shape=(16,), range=1..10522, coefficients shape=(16, 2), sample_weights shape=(16,), zero_neighbor_targets=0
GRAB train batch 20: pair_ids shape=(16,), range=82..8670, coefficients shape=(16, 2), sample_weights shape=(16,), zero_neighbor_targets=0
GRAB train batch 21: pair_ids shape=(16,), range=66..8978, coefficients shape=(16, 2), sample_weights shape=(16,), zero_neighbor_targets=0
GRAB train batch 22: pair_ids shape=(16,), range=128..9914, coefficients shape=(16, 2), sample_weights shape=(16,), zero_neighbor_targets=0
GRAB train batch 23: pair_ids shape=(16,), range=165..8911, coefficients shape=(16, 2), sample_weights shape=(16,), zero_neighbor_targets=0
GRAB train batch 24: pair_ids shape=(16,), range=88..10984, coefficients shape=(16, 2), sample_weights shape=(16,), zero_neighbor_targets=0
GRAB train batch 25: pair_ids shape=(16,), range=27..10312, coefficients shape=(16, 2), sample_weights shape=(16,), zero_neighbor_targets=0
GRAB train batch 26: pair_ids shape=(16,), range=37..10728, coefficients shape=(16, 2), sample_weights shape=(16,), zero_neighbor_targets=0
GRAB train batch 27: pair_ids shape=(16,), range=25..10994, coefficients shape=(16, 2), sample_weights shape=(16,), zero_neighbor_targets=0
GRAB train batch 28: pair_ids shape=(16,), range=41..10473, coefficients shape=(16, 2), sample_weights shape=(16,), zero_neighbor_targets=0
GRAB train batch 29: pair_ids shape=(16,), range=156..10360, coefficients shape=(16, 2), sample_weights shape=(16,), zero_neighbor_targets=0
GRAB train batch 30: pair_ids shape=(16,), range=84..9090, coefficients shape=(16, 2), sample_weights shape=(16,), zero_neighbor_targets=0
GRAB train batch 31: pair_ids shape=(16,), range=8..10500, coefficients shape=(16, 2), sample_weights shape=(16,), zero_neighbor_targets=0
GRAB train batch 32: pair_ids shape=(16,), range=45..9956, coefficients shape=(16, 2), sample_weights shape=(16,), zero_neighbor_targets=0
GRAB train batch 33: pair_ids shape=(16,), range=21..9727, coefficients shape=(16, 2), sample_weights shape=(16,), zero_neighbor_targets=0
GRAB train batch 34: pair_ids shape=(16,), range=43..6993, coefficients shape=(16, 2), sample_weights shape=(16,), zero_neighbor_targets=0
GRAB train batch 35: pair_ids shape=(16,), range=262..9459, coefficients shape=(16, 2), sample_weights shape=(16,), zero_neighbor_targets=0
GRAB train batch 36: pair_ids shape=(16,), range=109..10248, coefficients shape=(16, 2), sample_weights shape=(16,), zero_neighbor_targets=0
GRAB train batch 37: pair_ids shape=(16,), range=93..10396, coefficients shape=(16, 2), sample_weights shape=(16,), zero_neighbor_targets=0
GRAB train batch 38: pair_ids shape=(16,), range=71..9622, coefficients shape=(16, 2), sample_weights shape=(16,), zero_neighbor_targets=0
GRAB train batch 39: pair_ids shape=(16,), range=271..9892, coefficients shape=(16, 2), sample_weights shape=(16,), zero_neighbor_targets=0
GRAB train batch 40: pair_ids shape=(16,), range=95..10384, coefficients shape=(16, 2), sample_weights shape=(16,), zero_neighbor_targets=0
GRAB train batch 41: pair_ids shape=(16,), range=18..10685, coefficients shape=(16, 2), sample_weights shape=(16,), zero_neighbor_targets=0
GRAB train batch 42: pair_ids shape=(16,), range=126..10237, coefficients shape=(16, 2), sample_weights shape=(16,), zero_neighbor_targets=0
GRAB train batch 43: pair_ids shape=(16,), range=161..9535, coefficients shape=(16, 2), sample_weights shape=(16,), zero_neighbor_targets=0
GRAB train batch 44: pair_ids shape=(16,), range=35..10264, coefficients shape=(16, 2), sample_weights shape=(16,), zero_neighbor_targets=0
GRAB train batch 45: pair_ids shape=(16,), range=36..9995, coefficients shape=(16, 2), sample_weights shape=(16,), zero_neighbor_targets=0
GRAB train batch 46: pair_ids shape=(16,), range=136..10502, coefficients shape=(16, 2), sample_weights shape=(16,), zero_neighbor_targets=0
GRAB train batch 47: pair_ids shape=(16,), range=65..10537, coefficients shape=(16, 2), sample_weights shape=(16,), zero_neighbor_targets=0
GRAB train batch 48: pair_ids shape=(16,), range=11..10772, coefficients shape=(16, 2), sample_weights shape=(16,), zero_neighbor_targets=0
GRAB train batch 49: pair_ids shape=(16,), range=330..9387, coefficients shape=(16, 2), sample_weights shape=(16,), zero_neighbor_targets=0
GRAB train batch 50: pair_ids shape=(16,), range=91..10851, coefficients shape=(16, 2), sample_weights shape=(16,), zero_neighbor_targets=0
GRAB train batch 51: pair_ids shape=(16,), range=3..7136, coefficients shape=(16, 2), sample_weights shape=(16,), zero_neighbor_targets=0
GRAB train batch 52: pair_ids shape=(16,), range=5..10471, coefficients shape=(16, 2), sample_weights shape=(16,), zero_neighbor_targets=0
GRAB train batch 53: pair_ids shape=(16,), range=64..8001, coefficients shape=(16, 2), sample_weights shape=(16,), zero_neighbor_targets=0
GRAB train batch 54: pair_ids shape=(16,), range=162..9840, coefficients shape=(16, 2), sample_weights shape=(16,), zero_neighbor_targets=0
GRAB train batch 55: pair_ids shape=(16,), range=7..10205, coefficients shape=(16, 2), sample_weights shape=(16,), zero_neighbor_targets=0
GRAB train batch 56: pair_ids shape=(16,), range=78..7867, coefficients shape=(16, 2), sample_weights shape=(16,), zero_neighbor_targets=0
GRAB train batch 57: pair_ids shape=(16,), range=145..10277, coefficients shape=(16, 2), sample_weights shape=(16,), zero_neighbor_targets=0
GRAB train batch 58: pair_ids shape=(16,), range=256..9391, coefficients shape=(16, 2), sample_weights shape=(16,), zero_neighbor_targets=0
GRAB train batch 59: pair_ids shape=(16,), range=31..10475, coefficients shape=(16, 2), sample_weights shape=(16,), zero_neighbor_targets=0
GRAB train batch 60: pair_ids shape=(16,), range=103..9073, coefficients shape=(16, 2), sample_weights shape=(16,), zero_neighbor_targets=0
GRAB train batch 61: pair_ids shape=(16,), range=163..10027, coefficients shape=(16, 2), sample_weights shape=(16,), zero_neighbor_targets=0
GRAB train batch 62: pair_ids shape=(16,), range=150..7942, coefficients shape=(16, 2), sample_weights shape=(16,), zero_neighbor_targets=0
GRAB train batch 63: pair_ids shape=(16,), range=68..9228, coefficients shape=(16, 2), sample_weights shape=(16,), zero_neighbor_targets=0
GRAB train batch 64: pair_ids shape=(16,), range=158..8594, coefficients shape=(16, 2), sample_weights shape=(16,), zero_neighbor_targets=0
GRAB train batch 65: pair_ids shape=(16,), range=106..8739, coefficients shape=(16, 2), sample_weights shape=(16,), zero_neighbor_targets=0
GRAB train batch 66: pair_ids shape=(16,), range=76..10404, coefficients shape=(16, 2), sample_weights shape=(16,), zero_neighbor_targets=0
GRAB train batch 67: pair_ids shape=(16,), range=69..7369, coefficients shape=(16, 2), sample_weights shape=(16,), zero_neighbor_targets=0
GRAB train batch 68: pair_ids shape=(16,), range=10..10225, coefficients shape=(16, 2), sample_weights shape=(16,), zero_neighbor_targets=0
GRAB train batch 69: pair_ids shape=(16,), range=22..10374, coefficients shape=(16, 2), sample_weights shape=(16,), zero_neighbor_targets=0
GRAB train batch 70: pair_ids shape=(16,), range=204..10817, coefficients shape=(16, 2), sample_weights shape=(16,), zero_neighbor_targets=0
GRAB train batch 71: pair_ids shape=(16,), range=181..10811, coefficients shape=(16, 2), sample_weights shape=(16,), zero_neighbor_targets=0
GRAB train batch 72: pair_ids shape=(16,), range=30..10988, coefficients shape=(16, 2), sample_weights shape=(16,), zero_neighbor_targets=0
GRAB train batch 73: pair_ids shape=(16,), range=107..9027, coefficients shape=(16, 2), sample_weights shape=(16,), zero_neighbor_targets=0
GRAB train batch 74: pair_ids shape=(16,), range=6..10600, coefficients shape=(16, 2), sample_weights shape=(16,), zero_neighbor_targets=0
GRAB train batch 75: pair_ids shape=(16,), range=178..7522, coefficients shape=(16, 2), sample_weights shape=(16,), zero_neighbor_targets=0
GRAB train batch 76: pair_ids shape=(16,), range=9..9143, coefficients shape=(16, 2), sample_weights shape=(16,), zero_neighbor_targets=0
GRAB train batch 77: pair_ids shape=(8,), range=23..10850, coefficients shape=(8, 2), sample_weights shape=(8,), zero_neighbor_targets=0
VALIDATION
valid epoch balanced_accuracy: 0.136447
EPOCH 12:
GRAB train batch 1: pair_ids shape=(16,), range=68..10600, coefficients shape=(16, 2), sample_weights shape=(16,), zero_neighbor_targets=0
GRAB train batch 2: pair_ids shape=(16,), range=90..10772, coefficients shape=(16, 2), sample_weights shape=(16,), zero_neighbor_targets=0
GRAB train batch 3: pair_ids shape=(16,), range=42..10500, coefficients shape=(16, 2), sample_weights shape=(16,), zero_neighbor_targets=0
GRAB train batch 4: pair_ids shape=(16,), range=24..9937, coefficients shape=(16, 2), sample_weights shape=(16,), zero_neighbor_targets=0
GRAB train batch 5: pair_ids shape=(16,), range=31..10836, coefficients shape=(16, 2), sample_weights shape=(16,), zero_neighbor_targets=0
GRAB train batch 6: pair_ids shape=(16,), range=32..10851, coefficients shape=(16, 2), sample_weights shape=(16,), zero_neighbor_targets=0
GRAB train batch 7: pair_ids shape=(16,), range=120..7921, coefficients shape=(16, 2), sample_weights shape=(16,), zero_neighbor_targets=0
GRAB train batch 8: pair_ids shape=(16,), range=15..10009, coefficients shape=(16, 2), sample_weights shape=(16,), zero_neighbor_targets=0
GRAB train batch 9: pair_ids shape=(16,), range=37..9478, coefficients shape=(16, 2), sample_weights shape=(16,), zero_neighbor_targets=0
GRAB train batch 10: pair_ids shape=(16,), range=6..10795, coefficients shape=(16, 2), sample_weights shape=(16,), zero_neighbor_targets=0
GRAB train batch 11: pair_ids shape=(16,), range=91..10984, coefficients shape=(16, 2), sample_weights shape=(16,), zero_neighbor_targets=0
GRAB train batch 12: pair_ids shape=(16,), range=173..10404, coefficients shape=(16, 2), sample_weights shape=(16,), zero_neighbor_targets=0
GRAB train batch 13: pair_ids shape=(16,), range=75..10987, coefficients shape=(16, 2), sample_weights shape=(16,), zero_neighbor_targets=0
GRAB train batch 14: pair_ids shape=(16,), range=77..4610, coefficients shape=(16, 2), sample_weights shape=(16,), zero_neighbor_targets=0
GRAB train batch 15: pair_ids shape=(16,), range=87..9007, coefficients shape=(16, 2), sample_weights shape=(16,), zero_neighbor_targets=0
GRAB train batch 16: pair_ids shape=(16,), range=5..9036, coefficients shape=(16, 2), sample_weights shape=(16,), zero_neighbor_targets=0
GRAB train batch 17: pair_ids shape=(16,), range=73..9073, coefficients shape=(16, 2), sample_weights shape=(16,), zero_neighbor_targets=0
GRAB train batch 18: pair_ids shape=(16,), range=67..10728, coefficients shape=(16, 2), sample_weights shape=(16,), zero_neighbor_targets=0
GRAB train batch 19: pair_ids shape=(16,), range=7..9704, coefficients shape=(16, 2), sample_weights shape=(16,), zero_neighbor_targets=0
GRAB train batch 20: pair_ids shape=(16,), range=12..8279, coefficients shape=(16, 2), sample_weights shape=(16,), zero_neighbor_targets=0
GRAB train batch 21: pair_ids shape=(16,), range=19..8163, coefficients shape=(16, 2), sample_weights shape=(16,), zero_neighbor_targets=0
GRAB train batch 22: pair_ids shape=(16,), range=111..9954, coefficients shape=(16, 2), sample_weights shape=(16,), zero_neighbor_targets=0
GRAB train batch 23: pair_ids shape=(16,), range=94..10522, coefficients shape=(16, 2), sample_weights shape=(16,), zero_neighbor_targets=0
GRAB train batch 24: pair_ids shape=(16,), range=70..10473, coefficients shape=(16, 2), sample_weights shape=(16,), zero_neighbor_targets=0
GRAB train batch 25: pair_ids shape=(16,), range=264..10811, coefficients shape=(16, 2), sample_weights shape=(16,), zero_neighbor_targets=0
GRAB train batch 26: pair_ids shape=(16,), range=96..9488, coefficients shape=(16, 2), sample_weights shape=(16,), zero_neighbor_targets=0
GRAB train batch 27: pair_ids shape=(16,), range=9..9228, coefficients shape=(16, 2), sample_weights shape=(16,), zero_neighbor_targets=0
GRAB train batch 28: pair_ids shape=(16,), range=132..7894, coefficients shape=(16, 2), sample_weights shape=(16,), zero_neighbor_targets=0
GRAB train batch 29: pair_ids shape=(16,), range=104..9262, coefficients shape=(16, 2), sample_weights shape=(16,), zero_neighbor_targets=0
GRAB train batch 30: pair_ids shape=(16,), range=17..9122, coefficients shape=(16, 2), sample_weights shape=(16,), zero_neighbor_targets=0
GRAB train batch 31: pair_ids shape=(16,), range=4..9090, coefficients shape=(16, 2), sample_weights shape=(16,), zero_neighbor_targets=0
GRAB train batch 32: pair_ids shape=(16,), range=124..10005, coefficients shape=(16, 2), sample_weights shape=(16,), zero_neighbor_targets=0
GRAB train batch 33: pair_ids shape=(16,), range=25..10662, coefficients shape=(16, 2), sample_weights shape=(16,), zero_neighbor_targets=0
GRAB train batch 34: pair_ids shape=(16,), range=116..8858, coefficients shape=(16, 2), sample_weights shape=(16,), zero_neighbor_targets=0
GRAB train batch 35: pair_ids shape=(16,), range=135..10411, coefficients shape=(16, 2), sample_weights shape=(16,), zero_neighbor_targets=0
GRAB train batch 36: pair_ids shape=(16,), range=29..10800, coefficients shape=(16, 2), sample_weights shape=(16,), zero_neighbor_targets=0
GRAB train batch 37: pair_ids shape=(16,), range=1..8224, coefficients shape=(16, 2), sample_weights shape=(16,), zero_neighbor_targets=0
GRAB train batch 38: pair_ids shape=(16,), range=11..9795, coefficients shape=(16, 2), sample_weights shape=(16,), zero_neighbor_targets=0
GRAB train batch 39: pair_ids shape=(16,), range=3..9391, coefficients shape=(16, 2), sample_weights shape=(16,), zero_neighbor_targets=0
GRAB train batch 40: pair_ids shape=(16,), range=113..10462, coefficients shape=(16, 2), sample_weights shape=(16,), zero_neighbor_targets=0
GRAB train batch 41: pair_ids shape=(16,), range=22..10374, coefficients shape=(16, 2), sample_weights shape=(16,), zero_neighbor_targets=0
GRAB train batch 42: pair_ids shape=(16,), range=364..10027, coefficients shape=(16, 2), sample_weights shape=(16,), zero_neighbor_targets=0
GRAB train batch 43: pair_ids shape=(16,), range=176..10259, coefficients shape=(16, 2), sample_weights shape=(16,), zero_neighbor_targets=0
GRAB train batch 44: pair_ids shape=(16,), range=13..10524, coefficients shape=(16, 2), sample_weights shape=(16,), zero_neighbor_targets=0
GRAB train batch 45: pair_ids shape=(16,), range=122..10435, coefficients shape=(16, 2), sample_weights shape=(16,), zero_neighbor_targets=0
GRAB train batch 46: pair_ids shape=(16,), range=30..10331, coefficients shape=(16, 2), sample_weights shape=(16,), zero_neighbor_targets=0
GRAB train batch 47: pair_ids shape=(16,), range=41..10742, coefficients shape=(16, 2), sample_weights shape=(16,), zero_neighbor_targets=0
GRAB train batch 48: pair_ids shape=(16,), range=2..10502, coefficients shape=(16, 2), sample_weights shape=(16,), zero_neighbor_targets=0
GRAB train batch 49: pair_ids shape=(16,), range=33..10988, coefficients shape=(16, 2), sample_weights shape=(16,), zero_neighbor_targets=0
GRAB train batch 50: pair_ids shape=(16,), range=69..10764, coefficients shape=(16, 2), sample_weights shape=(16,), zero_neighbor_targets=0
GRAB train batch 51: pair_ids shape=(16,), range=283..10384, coefficients shape=(16, 2), sample_weights shape=(16,), zero_neighbor_targets=0
GRAB train batch 52: pair_ids shape=(16,), range=36..9146, coefficients shape=(16, 2), sample_weights shape=(16,), zero_neighbor_targets=0
GRAB train batch 53: pair_ids shape=(16,), range=80..9459, coefficients shape=(16, 2), sample_weights shape=(16,), zero_neighbor_targets=0
GRAB train batch 54: pair_ids shape=(16,), range=126..10817, coefficients shape=(16, 2), sample_weights shape=(16,), zero_neighbor_targets=0
GRAB train batch 55: pair_ids shape=(16,), range=136..10935, coefficients shape=(16, 2), sample_weights shape=(16,), zero_neighbor_targets=0
GRAB train batch 56: pair_ids shape=(16,), range=182..10627, coefficients shape=(16, 2), sample_weights shape=(16,), zero_neighbor_targets=0
GRAB train batch 57: pair_ids shape=(16,), range=0..10471, coefficients shape=(16, 2), sample_weights shape=(16,), zero_neighbor_targets=0
GRAB train batch 58: pair_ids shape=(16,), range=184..9537, coefficients shape=(16, 2), sample_weights shape=(16,), zero_neighbor_targets=0
GRAB train batch 59: pair_ids shape=(16,), range=16..9159, coefficients shape=(16, 2), sample_weights shape=(16,), zero_neighbor_targets=0
GRAB train batch 60: pair_ids shape=(16,), range=125..9045, coefficients shape=(16, 2), sample_weights shape=(16,), zero_neighbor_targets=0
GRAB train batch 61: pair_ids shape=(16,), range=86..10362, coefficients shape=(16, 2), sample_weights shape=(16,), zero_neighbor_targets=0
GRAB train batch 62: pair_ids shape=(16,), range=10..9387, coefficients shape=(16, 2), sample_weights shape=(16,), zero_neighbor_targets=0
GRAB train batch 63: pair_ids shape=(16,), range=40..10994, coefficients shape=(16, 2), sample_weights shape=(16,), zero_neighbor_targets=0
GRAB train batch 64: pair_ids shape=(16,), range=83..9143, coefficients shape=(16, 2), sample_weights shape=(16,), zero_neighbor_targets=0
GRAB train batch 65: pair_ids shape=(16,), range=183..10248, coefficients shape=(16, 2), sample_weights shape=(16,), zero_neighbor_targets=0
GRAB train batch 66: pair_ids shape=(16,), range=138..7456, coefficients shape=(16, 2), sample_weights shape=(16,), zero_neighbor_targets=0
GRAB train batch 67: pair_ids shape=(16,), range=108..9956, coefficients shape=(16, 2), sample_weights shape=(16,), zero_neighbor_targets=0
GRAB train batch 68: pair_ids shape=(16,), range=199..10590, coefficients shape=(16, 2), sample_weights shape=(16,), zero_neighbor_targets=0
GRAB train batch 69: pair_ids shape=(16,), range=109..10299, coefficients shape=(16, 2), sample_weights shape=(16,), zero_neighbor_targets=0
GRAB train batch 70: pair_ids shape=(16,), range=18..10891, coefficients shape=(16, 2), sample_weights shape=(16,), zero_neighbor_targets=0
GRAB train batch 71: pair_ids shape=(16,), range=23..7619, coefficients shape=(16, 2), sample_weights shape=(16,), zero_neighbor_targets=0
GRAB train batch 72: pair_ids shape=(16,), range=39..10360, coefficients shape=(16, 2), sample_weights shape=(16,), zero_neighbor_targets=0
GRAB train batch 73: pair_ids shape=(16,), range=76..10264, coefficients shape=(16, 2), sample_weights shape=(16,), zero_neighbor_targets=0
GRAB train batch 74: pair_ids shape=(16,), range=110..9500, coefficients shape=(16, 2), sample_weights shape=(16,), zero_neighbor_targets=0
GRAB train batch 75: pair_ids shape=(16,), range=252..10222, coefficients shape=(16, 2), sample_weights shape=(16,), zero_neighbor_targets=0
GRAB train batch 76: pair_ids shape=(16,), range=123..10447, coefficients shape=(16, 2), sample_weights shape=(16,), zero_neighbor_targets=0
GRAB train batch 77: pair_ids shape=(8,), range=163..8954, coefficients shape=(8, 2), sample_weights shape=(8,), zero_neighbor_targets=0
VALIDATION
valid epoch balanced_accuracy: 0.369048
EPOCH 13:
GRAB train batch 1: pair_ids shape=(16,), range=156..10537, coefficients shape=(16, 2), sample_weights shape=(16,), zero_neighbor_targets=0
GRAB train batch 2: pair_ids shape=(16,), range=2..10435, coefficients shape=(16, 2), sample_weights shape=(16,), zero_neighbor_targets=0
GRAB train batch 3: pair_ids shape=(16,), range=41..8313, coefficients shape=(16, 2), sample_weights shape=(16,), zero_neighbor_targets=0
GRAB train batch 4: pair_ids shape=(16,), range=110..9293, coefficients shape=(16, 2), sample_weights shape=(16,), zero_neighbor_targets=0
GRAB train batch 5: pair_ids shape=(16,), range=88..9017, coefficients shape=(16, 2), sample_weights shape=(16,), zero_neighbor_targets=0
GRAB train batch 6: pair_ids shape=(16,), range=135..10264, coefficients shape=(16, 2), sample_weights shape=(16,), zero_neighbor_targets=0
GRAB train batch 7: pair_ids shape=(16,), range=13..9500, coefficients shape=(16, 2), sample_weights shape=(16,), zero_neighbor_targets=0
GRAB train batch 8: pair_ids shape=(16,), range=114..10227, coefficients shape=(16, 2), sample_weights shape=(16,), zero_neighbor_targets=0
GRAB train batch 9: pair_ids shape=(16,), range=10..10500, coefficients shape=(16, 2), sample_weights shape=(16,), zero_neighbor_targets=0
GRAB train batch 10: pair_ids shape=(16,), range=93..9007, coefficients shape=(16, 2), sample_weights shape=(16,), zero_neighbor_targets=0
GRAB train batch 11: pair_ids shape=(16,), range=64..7510, coefficients shape=(16, 2), sample_weights shape=(16,), zero_neighbor_targets=0
GRAB train batch 12: pair_ids shape=(16,), range=20..9278, coefficients shape=(16, 2), sample_weights shape=(16,), zero_neighbor_targets=0
GRAB train batch 13: pair_ids shape=(16,), range=28..10222, coefficients shape=(16, 2), sample_weights shape=(16,), zero_neighbor_targets=0
GRAB train batch 14: pair_ids shape=(16,), range=11..8363, coefficients shape=(16, 2), sample_weights shape=(16,), zero_neighbor_targets=0
GRAB train batch 15: pair_ids shape=(16,), range=3..10524, coefficients shape=(16, 2), sample_weights shape=(16,), zero_neighbor_targets=0
GRAB train batch 16: pair_ids shape=(16,), range=25..10994, coefficients shape=(16, 2), sample_weights shape=(16,), zero_neighbor_targets=0
GRAB train batch 17: pair_ids shape=(16,), range=69..9698, coefficients shape=(16, 2), sample_weights shape=(16,), zero_neighbor_targets=0
GRAB train batch 18: pair_ids shape=(16,), range=143..10685, coefficients shape=(16, 2), sample_weights shape=(16,), zero_neighbor_targets=0
GRAB train batch 19: pair_ids shape=(16,), range=137..7346, coefficients shape=(16, 2), sample_weights shape=(16,), zero_neighbor_targets=0
GRAB train batch 20: pair_ids shape=(16,), range=43..10471, coefficients shape=(16, 2), sample_weights shape=(16,), zero_neighbor_targets=0
GRAB train batch 21: pair_ids shape=(16,), range=6..9914, coefficients shape=(16, 2), sample_weights shape=(16,), zero_neighbor_targets=0
GRAB train batch 22: pair_ids shape=(16,), range=163..9622, coefficients shape=(16, 2), sample_weights shape=(16,), zero_neighbor_targets=0
GRAB train batch 23: pair_ids shape=(16,), range=39..10205, coefficients shape=(16, 2), sample_weights shape=(16,), zero_neighbor_targets=0
GRAB train batch 24: pair_ids shape=(16,), range=82..5971, coefficients shape=(16, 2), sample_weights shape=(16,), zero_neighbor_targets=0
GRAB train batch 25: pair_ids shape=(16,), range=66..10988, coefficients shape=(16, 2), sample_weights shape=(16,), zero_neighbor_targets=0
GRAB train batch 26: pair_ids shape=(16,), range=85..10447, coefficients shape=(16, 2), sample_weights shape=(16,), zero_neighbor_targets=0
GRAB train batch 27: pair_ids shape=(16,), range=30..10627, coefficients shape=(16, 2), sample_weights shape=(16,), zero_neighbor_targets=0
GRAB train batch 28: pair_ids shape=(16,), range=70..9608, coefficients shape=(16, 2), sample_weights shape=(16,), zero_neighbor_targets=0
GRAB train batch 29: pair_ids shape=(16,), range=5..10772, coefficients shape=(16, 2), sample_weights shape=(16,), zero_neighbor_targets=0
GRAB train batch 30: pair_ids shape=(16,), range=74..10473, coefficients shape=(16, 2), sample_weights shape=(16,), zero_neighbor_targets=0
GRAB train batch 31: pair_ids shape=(16,), range=183..9272, coefficients shape=(16, 2), sample_weights shape=(16,), zero_neighbor_targets=0
GRAB train batch 32: pair_ids shape=(16,), range=96..10237, coefficients shape=(16, 2), sample_weights shape=(16,), zero_neighbor_targets=0
GRAB train batch 33: pair_ids shape=(16,), range=118..9186, coefficients shape=(16, 2), sample_weights shape=(16,), zero_neighbor_targets=0
GRAB train batch 34: pair_ids shape=(16,), range=16..10728, coefficients shape=(16, 2), sample_weights shape=(16,), zero_neighbor_targets=0
GRAB train batch 35: pair_ids shape=(16,), range=106..9956, coefficients shape=(16, 2), sample_weights shape=(16,), zero_neighbor_targets=0
GRAB train batch 36: pair_ids shape=(16,), range=159..10850, coefficients shape=(16, 2), sample_weights shape=(16,), zero_neighbor_targets=0
GRAB train batch 37: pair_ids shape=(16,), range=19..10522, coefficients shape=(16, 2), sample_weights shape=(16,), zero_neighbor_targets=0
GRAB train batch 38: pair_ids shape=(16,), range=287..10984, coefficients shape=(16, 2), sample_weights shape=(16,), zero_neighbor_targets=0
GRAB train batch 39: pair_ids shape=(16,), range=12..10453, coefficients shape=(16, 2), sample_weights shape=(16,), zero_neighbor_targets=0
GRAB train batch 40: pair_ids shape=(16,), range=125..9995, coefficients shape=(16, 2), sample_weights shape=(16,), zero_neighbor_targets=0
GRAB train batch 41: pair_ids shape=(16,), range=91..10742, coefficients shape=(16, 2), sample_weights shape=(16,), zero_neighbor_targets=0
GRAB train batch 42: pair_ids shape=(16,), range=78..10590, coefficients shape=(16, 2), sample_weights shape=(16,), zero_neighbor_targets=0
GRAB train batch 43: pair_ids shape=(16,), range=1..10764, coefficients shape=(16, 2), sample_weights shape=(16,), zero_neighbor_targets=0
GRAB train batch 44: pair_ids shape=(16,), range=4..9228, coefficients shape=(16, 2), sample_weights shape=(16,), zero_neighbor_targets=0
GRAB train batch 45: pair_ids shape=(16,), range=38..10851, coefficients shape=(16, 2), sample_weights shape=(16,), zero_neighbor_targets=0
GRAB train batch 46: pair_ids shape=(16,), range=29..10398, coefficients shape=(16, 2), sample_weights shape=(16,), zero_neighbor_targets=0
GRAB train batch 47: pair_ids shape=(16,), range=37..10600, coefficients shape=(16, 2), sample_weights shape=(16,), zero_neighbor_targets=0
GRAB train batch 48: pair_ids shape=(16,), range=200..10170, coefficients shape=(16, 2), sample_weights shape=(16,), zero_neighbor_targets=0
GRAB train batch 49: pair_ids shape=(16,), range=34..10411, coefficients shape=(16, 2), sample_weights shape=(16,), zero_neighbor_targets=0
GRAB train batch 50: pair_ids shape=(16,), range=180..7683, coefficients shape=(16, 2), sample_weights shape=(16,), zero_neighbor_targets=0
GRAB train batch 51: pair_ids shape=(16,), range=87..10360, coefficients shape=(16, 2), sample_weights shape=(16,), zero_neighbor_targets=0
GRAB train batch 52: pair_ids shape=(16,), range=24..8671, coefficients shape=(16, 2), sample_weights shape=(16,), zero_neighbor_targets=0
GRAB train batch 53: pair_ids shape=(16,), range=162..10005, coefficients shape=(16, 2), sample_weights shape=(16,), zero_neighbor_targets=0
GRAB train batch 54: pair_ids shape=(16,), range=21..9139, coefficients shape=(16, 2), sample_weights shape=(16,), zero_neighbor_targets=0
GRAB train batch 55: pair_ids shape=(16,), range=17..8491, coefficients shape=(16, 2), sample_weights shape=(16,), zero_neighbor_targets=0
GRAB train batch 56: pair_ids shape=(16,), range=0..10225, coefficients shape=(16, 2), sample_weights shape=(16,), zero_neighbor_targets=0
GRAB train batch 57: pair_ids shape=(16,), range=86..10404, coefficients shape=(16, 2), sample_weights shape=(16,), zero_neighbor_targets=0
GRAB train batch 58: pair_ids shape=(16,), range=33..8841, coefficients shape=(16, 2), sample_weights shape=(16,), zero_neighbor_targets=0
GRAB train batch 59: pair_ids shape=(16,), range=204..9795, coefficients shape=(16, 2), sample_weights shape=(16,), zero_neighbor_targets=0
GRAB train batch 60: pair_ids shape=(16,), range=9..10312, coefficients shape=(16, 2), sample_weights shape=(16,), zero_neighbor_targets=0
GRAB train batch 61: pair_ids shape=(16,), range=27..9598, coefficients shape=(16, 2), sample_weights shape=(16,), zero_neighbor_targets=0
GRAB train batch 62: pair_ids shape=(16,), range=45..6403, coefficients shape=(16, 2), sample_weights shape=(16,), zero_neighbor_targets=0
GRAB train batch 63: pair_ids shape=(16,), range=168..10795, coefficients shape=(16, 2), sample_weights shape=(16,), zero_neighbor_targets=0
GRAB train batch 64: pair_ids shape=(16,), range=192..9913, coefficients shape=(16, 2), sample_weights shape=(16,), zero_neighbor_targets=0
GRAB train batch 65: pair_ids shape=(16,), range=216..8928, coefficients shape=(16, 2), sample_weights shape=(16,), zero_neighbor_targets=0
GRAB train batch 66: pair_ids shape=(16,), range=68..6283, coefficients shape=(16, 2), sample_weights shape=(16,), zero_neighbor_targets=0
GRAB train batch 67: pair_ids shape=(16,), range=44..9535, coefficients shape=(16, 2), sample_weights shape=(16,), zero_neighbor_targets=0
GRAB train batch 68: pair_ids shape=(16,), range=31..10891, coefficients shape=(16, 2), sample_weights shape=(16,), zero_neighbor_targets=0
GRAB train batch 69: pair_ids shape=(16,), range=8..10396, coefficients shape=(16, 2), sample_weights shape=(16,), zero_neighbor_targets=0
GRAB train batch 70: pair_ids shape=(16,), range=32..10836, coefficients shape=(16, 2), sample_weights shape=(16,), zero_neighbor_targets=0
GRAB train batch 71: pair_ids shape=(16,), range=18..10384, coefficients shape=(16, 2), sample_weights shape=(16,), zero_neighbor_targets=0
GRAB train batch 72: pair_ids shape=(16,), range=94..9143, coefficients shape=(16, 2), sample_weights shape=(16,), zero_neighbor_targets=0
GRAB train batch 73: pair_ids shape=(16,), range=26..9180, coefficients shape=(16, 2), sample_weights shape=(16,), zero_neighbor_targets=0
GRAB train batch 74: pair_ids shape=(16,), range=186..9045, coefficients shape=(16, 2), sample_weights shape=(16,), zero_neighbor_targets=0
GRAB train batch 75: pair_ids shape=(16,), range=147..10935, coefficients shape=(16, 2), sample_weights shape=(16,), zero_neighbor_targets=0
GRAB train batch 76: pair_ids shape=(16,), range=111..10800, coefficients shape=(16, 2), sample_weights shape=(16,), zero_neighbor_targets=0
GRAB train batch 77: pair_ids shape=(8,), range=35..9262, coefficients shape=(8, 2), sample_weights shape=(8,), zero_neighbor_targets=0
VALIDATION
valid epoch balanced_accuracy: 0.297619
EPOCH 14:
GRAB train batch 1: pair_ids shape=(16,), range=64..9272, coefficients shape=(16, 2), sample_weights shape=(16,), zero_neighbor_targets=0
GRAB train batch 2: pair_ids shape=(16,), range=126..9180, coefficients shape=(16, 2), sample_weights shape=(16,), zero_neighbor_targets=0
GRAB train batch 3: pair_ids shape=(16,), range=93..9698, coefficients shape=(16, 2), sample_weights shape=(16,), zero_neighbor_targets=0
GRAB train batch 4: pair_ids shape=(16,), range=123..10851, coefficients shape=(16, 2), sample_weights shape=(16,), zero_neighbor_targets=0
GRAB train batch 5: pair_ids shape=(16,), range=19..10393, coefficients shape=(16, 2), sample_weights shape=(16,), zero_neighbor_targets=0
GRAB train batch 6: pair_ids shape=(16,), range=84..10264, coefficients shape=(16, 2), sample_weights shape=(16,), zero_neighbor_targets=0
GRAB train batch 7: pair_ids shape=(16,), range=26..10227, coefficients shape=(16, 2), sample_weights shape=(16,), zero_neighbor_targets=0
GRAB train batch 8: pair_ids shape=(16,), range=183..10435, coefficients shape=(16, 2), sample_weights shape=(16,), zero_neighbor_targets=0
GRAB train batch 9: pair_ids shape=(16,), range=99..10590, coefficients shape=(16, 2), sample_weights shape=(16,), zero_neighbor_targets=0
GRAB train batch 10: pair_ids shape=(16,), range=82..9122, coefficients shape=(16, 2), sample_weights shape=(16,), zero_neighbor_targets=0
GRAB train batch 11: pair_ids shape=(16,), range=107..7607, coefficients shape=(16, 2), sample_weights shape=(16,), zero_neighbor_targets=0
GRAB train batch 12: pair_ids shape=(16,), range=73..10384, coefficients shape=(16, 2), sample_weights shape=(16,), zero_neighbor_targets=0
GRAB train batch 13: pair_ids shape=(16,), range=152..9459, coefficients shape=(16, 2), sample_weights shape=(16,), zero_neighbor_targets=0
GRAB train batch 14: pair_ids shape=(16,), range=29..10764, coefficients shape=(16, 2), sample_weights shape=(16,), zero_neighbor_targets=0
GRAB train batch 15: pair_ids shape=(16,), range=75..10453, coefficients shape=(16, 2), sample_weights shape=(16,), zero_neighbor_targets=0
GRAB train batch 16: pair_ids shape=(16,), range=34..10522, coefficients shape=(16, 2), sample_weights shape=(16,), zero_neighbor_targets=0
GRAB train batch 17: pair_ids shape=(16,), range=182..10811, coefficients shape=(16, 2), sample_weights shape=(16,), zero_neighbor_targets=0
GRAB train batch 18: pair_ids shape=(16,), range=167..10984, coefficients shape=(16, 2), sample_weights shape=(16,), zero_neighbor_targets=0
GRAB train batch 19: pair_ids shape=(16,), range=39..10850, coefficients shape=(16, 2), sample_weights shape=(16,), zero_neighbor_targets=0
GRAB train batch 20: pair_ids shape=(16,), range=124..9135, coefficients shape=(16, 2), sample_weights shape=(16,), zero_neighbor_targets=0
GRAB train batch 21: pair_ids shape=(16,), range=136..10475, coefficients shape=(16, 2), sample_weights shape=(16,), zero_neighbor_targets=0
GRAB train batch 22: pair_ids shape=(16,), range=0..9220, coefficients shape=(16, 2), sample_weights shape=(16,), zero_neighbor_targets=0
GRAB train batch 23: pair_ids shape=(16,), range=24..7221, coefficients shape=(16, 2), sample_weights shape=(16,), zero_neighbor_targets=0
GRAB train batch 24: pair_ids shape=(16,), range=133..9498, coefficients shape=(16, 2), sample_weights shape=(16,), zero_neighbor_targets=0
GRAB train batch 25: pair_ids shape=(16,), range=77..6438, coefficients shape=(16, 2), sample_weights shape=(16,), zero_neighbor_targets=0
GRAB train batch 26: pair_ids shape=(16,), range=16..9696, coefficients shape=(16, 2), sample_weights shape=(16,), zero_neighbor_targets=0
GRAB train batch 27: pair_ids shape=(16,), range=4..9478, coefficients shape=(16, 2), sample_weights shape=(16,), zero_neighbor_targets=0
GRAB train batch 28: pair_ids shape=(16,), range=2..10524, coefficients shape=(16, 2), sample_weights shape=(16,), zero_neighbor_targets=0
GRAB train batch 29: pair_ids shape=(16,), range=38..10462, coefficients shape=(16, 2), sample_weights shape=(16,), zero_neighbor_targets=0
GRAB train batch 30: pair_ids shape=(16,), range=36..10237, coefficients shape=(16, 2), sample_weights shape=(16,), zero_neighbor_targets=0
GRAB train batch 31: pair_ids shape=(16,), range=142..8745, coefficients shape=(16, 2), sample_weights shape=(16,), zero_neighbor_targets=0
GRAB train batch 32: pair_ids shape=(16,), range=14..10299, coefficients shape=(16, 2), sample_weights shape=(16,), zero_neighbor_targets=0
GRAB train batch 33: pair_ids shape=(16,), range=78..10935, coefficients shape=(16, 2), sample_weights shape=(16,), zero_neighbor_targets=0
GRAB train batch 34: pair_ids shape=(16,), range=35..9608, coefficients shape=(16, 2), sample_weights shape=(16,), zero_neighbor_targets=0
GRAB train batch 35: pair_ids shape=(16,), range=42..10362, coefficients shape=(16, 2), sample_weights shape=(16,), zero_neighbor_targets=0
GRAB train batch 36: pair_ids shape=(16,), range=33..7252, coefficients shape=(16, 2), sample_weights shape=(16,), zero_neighbor_targets=0
GRAB train batch 37: pair_ids shape=(16,), range=17..4710, coefficients shape=(16, 2), sample_weights shape=(16,), zero_neighbor_targets=0
GRAB train batch 38: pair_ids shape=(16,), range=1..10662, coefficients shape=(16, 2), sample_weights shape=(16,), zero_neighbor_targets=0
GRAB train batch 39: pair_ids shape=(16,), range=23..7497, coefficients shape=(16, 2), sample_weights shape=(16,), zero_neighbor_targets=0
GRAB train batch 40: pair_ids shape=(16,), range=6..10817, coefficients shape=(16, 2), sample_weights shape=(16,), zero_neighbor_targets=0
GRAB train batch 41: pair_ids shape=(16,), range=120..10259, coefficients shape=(16, 2), sample_weights shape=(16,), zero_neighbor_targets=0
GRAB train batch 42: pair_ids shape=(16,), range=13..7923, coefficients shape=(16, 2), sample_weights shape=(16,), zero_neighbor_targets=0
GRAB train batch 43: pair_ids shape=(16,), range=79..10473, coefficients shape=(16, 2), sample_weights shape=(16,), zero_neighbor_targets=0
GRAB train batch 44: pair_ids shape=(16,), range=111..10471, coefficients shape=(16, 2), sample_weights shape=(16,), zero_neighbor_targets=0
GRAB train batch 45: pair_ids shape=(16,), range=83..9598, coefficients shape=(16, 2), sample_weights shape=(16,), zero_neighbor_targets=0
GRAB train batch 46: pair_ids shape=(16,), range=41..7798, coefficients shape=(16, 2), sample_weights shape=(16,), zero_neighbor_targets=0
GRAB train batch 47: pair_ids shape=(16,), range=96..10795, coefficients shape=(16, 2), sample_weights shape=(16,), zero_neighbor_targets=0
GRAB train batch 48: pair_ids shape=(16,), range=110..10331, coefficients shape=(16, 2), sample_weights shape=(16,), zero_neighbor_targets=0
GRAB train batch 49: pair_ids shape=(16,), range=185..9739, coefficients shape=(16, 2), sample_weights shape=(16,), zero_neighbor_targets=0
GRAB train batch 50: pair_ids shape=(16,), range=115..10374, coefficients shape=(16, 2), sample_weights shape=(16,), zero_neighbor_targets=0
GRAB train batch 51: pair_ids shape=(16,), range=20..10447, coefficients shape=(16, 2), sample_weights shape=(16,), zero_neighbor_targets=0
GRAB train batch 52: pair_ids shape=(16,), range=43..9534, coefficients shape=(16, 2), sample_weights shape=(16,), zero_neighbor_targets=0
GRAB train batch 53: pair_ids shape=(16,), range=117..10891, coefficients shape=(16, 2), sample_weights shape=(16,), zero_neighbor_targets=0
GRAB train batch 54: pair_ids shape=(16,), range=15..10685, coefficients shape=(16, 2), sample_weights shape=(16,), zero_neighbor_targets=0
GRAB train batch 55: pair_ids shape=(16,), range=9..9097, coefficients shape=(16, 2), sample_weights shape=(16,), zero_neighbor_targets=0
GRAB train batch 56: pair_ids shape=(16,), range=21..10537, coefficients shape=(16, 2), sample_weights shape=(16,), zero_neighbor_targets=0
GRAB train batch 57: pair_ids shape=(16,), range=89..10411, coefficients shape=(16, 2), sample_weights shape=(16,), zero_neighbor_targets=0
GRAB train batch 58: pair_ids shape=(16,), range=247..10312, coefficients shape=(16, 2), sample_weights shape=(16,), zero_neighbor_targets=0
GRAB train batch 59: pair_ids shape=(16,), range=85..10170, coefficients shape=(16, 2), sample_weights shape=(16,), zero_neighbor_targets=0
GRAB train batch 60: pair_ids shape=(16,), range=165..10987, coefficients shape=(16, 2), sample_weights shape=(16,), zero_neighbor_targets=0
GRAB train batch 61: pair_ids shape=(16,), range=7..10627, coefficients shape=(16, 2), sample_weights shape=(16,), zero_neighbor_targets=0
GRAB train batch 62: pair_ids shape=(16,), range=275..10222, coefficients shape=(16, 2), sample_weights shape=(16,), zero_neighbor_targets=0
GRAB train batch 63: pair_ids shape=(16,), range=10..9170, coefficients shape=(16, 2), sample_weights shape=(16,), zero_neighbor_targets=0
GRAB train batch 64: pair_ids shape=(16,), range=98..9176, coefficients shape=(16, 2), sample_weights shape=(16,), zero_neighbor_targets=0
GRAB train batch 65: pair_ids shape=(16,), range=122..8579, coefficients shape=(16, 2), sample_weights shape=(16,), zero_neighbor_targets=0
GRAB train batch 66: pair_ids shape=(16,), range=118..10994, coefficients shape=(16, 2), sample_weights shape=(16,), zero_neighbor_targets=0
GRAB train batch 67: pair_ids shape=(16,), range=31..7795, coefficients shape=(16, 2), sample_weights shape=(16,), zero_neighbor_targets=0
GRAB train batch 68: pair_ids shape=(16,), range=149..10988, coefficients shape=(16, 2), sample_weights shape=(16,), zero_neighbor_targets=0
GRAB train batch 69: pair_ids shape=(16,), range=100..9088, coefficients shape=(16, 2), sample_weights shape=(16,), zero_neighbor_targets=0
GRAB train batch 70: pair_ids shape=(16,), range=8..10836, coefficients shape=(16, 2), sample_weights shape=(16,), zero_neighbor_targets=0
GRAB train batch 71: pair_ids shape=(16,), range=171..10502, coefficients shape=(16, 2), sample_weights shape=(16,), zero_neighbor_targets=0
GRAB train batch 72: pair_ids shape=(16,), range=80..10728, coefficients shape=(16, 2), sample_weights shape=(16,), zero_neighbor_targets=0
GRAB train batch 73: pair_ids shape=(16,), range=87..9500, coefficients shape=(16, 2), sample_weights shape=(16,), zero_neighbor_targets=0
GRAB train batch 74: pair_ids shape=(16,), range=189..10772, coefficients shape=(16, 2), sample_weights shape=(16,), zero_neighbor_targets=0
GRAB train batch 75: pair_ids shape=(16,), range=204..9535, coefficients shape=(16, 2), sample_weights shape=(16,), zero_neighbor_targets=0
GRAB train batch 76: pair_ids shape=(16,), range=11..9196, coefficients shape=(16, 2), sample_weights shape=(16,), zero_neighbor_targets=0
GRAB train batch 77: pair_ids shape=(8,), range=143..10600, coefficients shape=(8, 2), sample_weights shape=(8,), zero_neighbor_targets=0
VALIDATION
valid epoch balanced_accuracy: 0.145604
EPOCH 15:
GRAB train batch 1: pair_ids shape=(16,), range=7..6818, coefficients shape=(16, 2), sample_weights shape=(16,), zero_neighbor_targets=0
GRAB train batch 2: pair_ids shape=(16,), range=85..7940, coefficients shape=(16, 2), sample_weights shape=(16,), zero_neighbor_targets=0
GRAB train batch 3: pair_ids shape=(16,), range=286..10742, coefficients shape=(16, 2), sample_weights shape=(16,), zero_neighbor_targets=0
GRAB train batch 4: pair_ids shape=(16,), range=150..9459, coefficients shape=(16, 2), sample_weights shape=(16,), zero_neighbor_targets=0
GRAB train batch 5: pair_ids shape=(16,), range=327..10500, coefficients shape=(16, 2), sample_weights shape=(16,), zero_neighbor_targets=0
GRAB train batch 6: pair_ids shape=(16,), range=103..10522, coefficients shape=(16, 2), sample_weights shape=(16,), zero_neighbor_targets=0
GRAB train batch 7: pair_ids shape=(16,), range=135..9818, coefficients shape=(16, 2), sample_weights shape=(16,), zero_neighbor_targets=0
GRAB train batch 8: pair_ids shape=(16,), range=104..10627, coefficients shape=(16, 2), sample_weights shape=(16,), zero_neighbor_targets=0
GRAB train batch 9: pair_ids shape=(16,), range=81..9995, coefficients shape=(16, 2), sample_weights shape=(16,), zero_neighbor_targets=0
GRAB train batch 10: pair_ids shape=(16,), range=172..10984, coefficients shape=(16, 2), sample_weights shape=(16,), zero_neighbor_targets=0
GRAB train batch 11: pair_ids shape=(16,), range=257..9537, coefficients shape=(16, 2), sample_weights shape=(16,), zero_neighbor_targets=0
GRAB train batch 12: pair_ids shape=(16,), range=17..3053, coefficients shape=(16, 2), sample_weights shape=(16,), zero_neighbor_targets=0
GRAB train batch 13: pair_ids shape=(16,), range=43..10475, coefficients shape=(16, 2), sample_weights shape=(16,), zero_neighbor_targets=0
GRAB train batch 14: pair_ids shape=(16,), range=69..9403, coefficients shape=(16, 2), sample_weights shape=(16,), zero_neighbor_targets=0
GRAB train batch 15: pair_ids shape=(16,), range=66..10225, coefficients shape=(16, 2), sample_weights shape=(16,), zero_neighbor_targets=0
GRAB train batch 16: pair_ids shape=(16,), range=21..9224, coefficients shape=(16, 2), sample_weights shape=(16,), zero_neighbor_targets=0
GRAB train batch 17: pair_ids shape=(16,), range=5..9036, coefficients shape=(16, 2), sample_weights shape=(16,), zero_neighbor_targets=0
GRAB train batch 18: pair_ids shape=(16,), range=1..9143, coefficients shape=(16, 2), sample_weights shape=(16,), zero_neighbor_targets=0
GRAB train batch 19: pair_ids shape=(16,), range=64..10264, coefficients shape=(16, 2), sample_weights shape=(16,), zero_neighbor_targets=0
GRAB train batch 20: pair_ids shape=(16,), range=189..9499, coefficients shape=(16, 2), sample_weights shape=(16,), zero_neighbor_targets=0
GRAB train batch 21: pair_ids shape=(16,), range=2..9090, coefficients shape=(16, 2), sample_weights shape=(16,), zero_neighbor_targets=0
GRAB train batch 22: pair_ids shape=(16,), range=25..10987, coefficients shape=(16, 2), sample_weights shape=(16,), zero_neighbor_targets=0
GRAB train batch 23: pair_ids shape=(16,), range=82..10471, coefficients shape=(16, 2), sample_weights shape=(16,), zero_neighbor_targets=0
GRAB train batch 24: pair_ids shape=(16,), range=35..10685, coefficients shape=(16, 2), sample_weights shape=(16,), zero_neighbor_targets=0
GRAB train batch 25: pair_ids shape=(16,), range=75..10850, coefficients shape=(16, 2), sample_weights shape=(16,), zero_neighbor_targets=0
GRAB train batch 26: pair_ids shape=(16,), range=125..10404, coefficients shape=(16, 2), sample_weights shape=(16,), zero_neighbor_targets=0
GRAB train batch 27: pair_ids shape=(16,), range=6..10360, coefficients shape=(16, 2), sample_weights shape=(16,), zero_neighbor_targets=0
GRAB train batch 28: pair_ids shape=(16,), range=27..10851, coefficients shape=(16, 2), sample_weights shape=(16,), zero_neighbor_targets=0
GRAB train batch 29: pair_ids shape=(16,), range=115..9937, coefficients shape=(16, 2), sample_weights shape=(16,), zero_neighbor_targets=0
GRAB train batch 30: pair_ids shape=(16,), range=92..10772, coefficients shape=(16, 2), sample_weights shape=(16,), zero_neighbor_targets=0
GRAB train batch 31: pair_ids shape=(16,), range=10..10299, coefficients shape=(16, 2), sample_weights shape=(16,), zero_neighbor_targets=0
GRAB train batch 32: pair_ids shape=(16,), range=28..10590, coefficients shape=(16, 2), sample_weights shape=(16,), zero_neighbor_targets=0
GRAB train batch 33: pair_ids shape=(16,), range=123..8491, coefficients shape=(16, 2), sample_weights shape=(16,), zero_neighbor_targets=0
GRAB train batch 34: pair_ids shape=(16,), range=18..10800, coefficients shape=(16, 2), sample_weights shape=(16,), zero_neighbor_targets=0
GRAB train batch 35: pair_ids shape=(16,), range=546..10502, coefficients shape=(16, 2), sample_weights shape=(16,), zero_neighbor_targets=0
GRAB train batch 36: pair_ids shape=(16,), range=77..10411, coefficients shape=(16, 2), sample_weights shape=(16,), zero_neighbor_targets=0
GRAB train batch 37: pair_ids shape=(16,), range=30..10237, coefficients shape=(16, 2), sample_weights shape=(16,), zero_neighbor_targets=0
GRAB train batch 38: pair_ids shape=(16,), range=15..10994, coefficients shape=(16, 2), sample_weights shape=(16,), zero_neighbor_targets=0
GRAB train batch 39: pair_ids shape=(16,), range=38..10473, coefficients shape=(16, 2), sample_weights shape=(16,), zero_neighbor_targets=0
GRAB train batch 40: pair_ids shape=(16,), range=16..8668, coefficients shape=(16, 2), sample_weights shape=(16,), zero_neighbor_targets=0
GRAB train batch 41: pair_ids shape=(16,), range=147..10277, coefficients shape=(16, 2), sample_weights shape=(16,), zero_neighbor_targets=0
GRAB train batch 42: pair_ids shape=(16,), range=114..7815, coefficients shape=(16, 2), sample_weights shape=(16,), zero_neighbor_targets=0
GRAB train batch 43: pair_ids shape=(16,), range=117..7346, coefficients shape=(16, 2), sample_weights shape=(16,), zero_neighbor_targets=0
GRAB train batch 44: pair_ids shape=(16,), range=253..10170, coefficients shape=(16, 2), sample_weights shape=(16,), zero_neighbor_targets=0
GRAB train batch 45: pair_ids shape=(16,), range=144..10836, coefficients shape=(16, 2), sample_weights shape=(16,), zero_neighbor_targets=0
GRAB train batch 46: pair_ids shape=(16,), range=206..10988, coefficients shape=(16, 2), sample_weights shape=(16,), zero_neighbor_targets=0
GRAB train batch 47: pair_ids shape=(16,), range=20..10891, coefficients shape=(16, 2), sample_weights shape=(16,), zero_neighbor_targets=0
GRAB train batch 48: pair_ids shape=(16,), range=42..9608, coefficients shape=(16, 2), sample_weights shape=(16,), zero_neighbor_targets=0
GRAB train batch 49: pair_ids shape=(16,), range=34..9319, coefficients shape=(16, 2), sample_weights shape=(16,), zero_neighbor_targets=0
GRAB train batch 50: pair_ids shape=(16,), range=174..5816, coefficients shape=(16, 2), sample_weights shape=(16,), zero_neighbor_targets=0
GRAB train batch 51: pair_ids shape=(16,), range=319..10662, coefficients shape=(16, 2), sample_weights shape=(16,), zero_neighbor_targets=0
GRAB train batch 52: pair_ids shape=(16,), range=80..10795, coefficients shape=(16, 2), sample_weights shape=(16,), zero_neighbor_targets=0
GRAB train batch 53: pair_ids shape=(16,), range=72..10453, coefficients shape=(16, 2), sample_weights shape=(16,), zero_neighbor_targets=0
GRAB train batch 54: pair_ids shape=(16,), range=74..8233, coefficients shape=(16, 2), sample_weights shape=(16,), zero_neighbor_targets=0
GRAB train batch 55: pair_ids shape=(16,), range=19..8678, coefficients shape=(16, 2), sample_weights shape=(16,), zero_neighbor_targets=0
GRAB train batch 56: pair_ids shape=(16,), range=36..9262, coefficients shape=(16, 2), sample_weights shape=(16,), zero_neighbor_targets=0
GRAB train batch 57: pair_ids shape=(16,), range=160..10817, coefficients shape=(16, 2), sample_weights shape=(16,), zero_neighbor_targets=0
GRAB train batch 58: pair_ids shape=(16,), range=4..8972, coefficients shape=(16, 2), sample_weights shape=(16,), zero_neighbor_targets=0
GRAB train batch 59: pair_ids shape=(16,), range=121..9278, coefficients shape=(16, 2), sample_weights shape=(16,), zero_neighbor_targets=0
GRAB train batch 60: pair_ids shape=(16,), range=84..8745, coefficients shape=(16, 2), sample_weights shape=(16,), zero_neighbor_targets=0
GRAB train batch 61: pair_ids shape=(16,), range=23..9135, coefficients shape=(16, 2), sample_weights shape=(16,), zero_neighbor_targets=0
GRAB train batch 62: pair_ids shape=(16,), range=111..10728, coefficients shape=(16, 2), sample_weights shape=(16,), zero_neighbor_targets=0
GRAB train batch 63: pair_ids shape=(16,), range=0..8594, coefficients shape=(16, 2), sample_weights shape=(16,), zero_neighbor_targets=0
GRAB train batch 64: pair_ids shape=(16,), range=12..10811, coefficients shape=(16, 2), sample_weights shape=(16,), zero_neighbor_targets=0
GRAB train batch 65: pair_ids shape=(16,), range=9..6639, coefficients shape=(16, 2), sample_weights shape=(16,), zero_neighbor_targets=0
GRAB train batch 66: pair_ids shape=(16,), range=33..4580, coefficients shape=(16, 2), sample_weights shape=(16,), zero_neighbor_targets=0
GRAB train batch 67: pair_ids shape=(16,), range=65..9598, coefficients shape=(16, 2), sample_weights shape=(16,), zero_neighbor_targets=0
GRAB train batch 68: pair_ids shape=(16,), range=93..9170, coefficients shape=(16, 2), sample_weights shape=(16,), zero_neighbor_targets=0
GRAB train batch 69: pair_ids shape=(16,), range=31..10935, coefficients shape=(16, 2), sample_weights shape=(16,), zero_neighbor_targets=0
GRAB train batch 70: pair_ids shape=(16,), range=3..10331, coefficients shape=(16, 2), sample_weights shape=(16,), zero_neighbor_targets=0
GRAB train batch 71: pair_ids shape=(16,), range=22..10027, coefficients shape=(16, 2), sample_weights shape=(16,), zero_neighbor_targets=0
GRAB train batch 72: pair_ids shape=(16,), range=157..9939, coefficients shape=(16, 2), sample_weights shape=(16,), zero_neighbor_targets=0
GRAB train batch 73: pair_ids shape=(16,), range=32..8163, coefficients shape=(16, 2), sample_weights shape=(16,), zero_neighbor_targets=0
GRAB train batch 74: pair_ids shape=(16,), range=26..9147, coefficients shape=(16, 2), sample_weights shape=(16,), zero_neighbor_targets=0
GRAB train batch 75: pair_ids shape=(16,), range=13..9795, coefficients shape=(16, 2), sample_weights shape=(16,), zero_neighbor_targets=0
GRAB train batch 76: pair_ids shape=(16,), range=68..10009, coefficients shape=(16, 2), sample_weights shape=(16,), zero_neighbor_targets=0
GRAB train batch 77: pair_ids shape=(8,), range=153..7872, coefficients shape=(8, 2), sample_weights shape=(8,), zero_neighbor_targets=0
VALIDATION
valid epoch balanced_accuracy: 0.392857
EPOCH 16:
GRAB train batch 1: pair_ids shape=(16,), range=168..10299, coefficients shape=(16, 2), sample_weights shape=(16,), zero_neighbor_targets=0
GRAB train batch 2: pair_ids shape=(16,), range=17..10475, coefficients shape=(16, 2), sample_weights shape=(16,), zero_neighbor_targets=0
GRAB train batch 3: pair_ids shape=(16,), range=353..10524, coefficients shape=(16, 2), sample_weights shape=(16,), zero_neighbor_targets=0
GRAB train batch 4: pair_ids shape=(16,), range=151..10662, coefficients shape=(16, 2), sample_weights shape=(16,), zero_neighbor_targets=0
GRAB train batch 5: pair_ids shape=(16,), range=292..9939, coefficients shape=(16, 2), sample_weights shape=(16,), zero_neighbor_targets=0
GRAB train batch 6: pair_ids shape=(16,), range=42..10772, coefficients shape=(16, 2), sample_weights shape=(16,), zero_neighbor_targets=0
GRAB train batch 7: pair_ids shape=(16,), range=118..10360, coefficients shape=(16, 2), sample_weights shape=(16,), zero_neighbor_targets=0
GRAB train batch 8: pair_ids shape=(16,), range=131..8739, coefficients shape=(16, 2), sample_weights shape=(16,), zero_neighbor_targets=0
GRAB train batch 9: pair_ids shape=(16,), range=4..9892, coefficients shape=(16, 2), sample_weights shape=(16,), zero_neighbor_targets=0
GRAB train batch 10: pair_ids shape=(16,), range=104..8579, coefficients shape=(16, 2), sample_weights shape=(16,), zero_neighbor_targets=0
GRAB train batch 11: pair_ids shape=(16,), range=80..4549, coefficients shape=(16, 2), sample_weights shape=(16,), zero_neighbor_targets=0
GRAB train batch 12: pair_ids shape=(16,), range=32..7987, coefficients shape=(16, 2), sample_weights shape=(16,), zero_neighbor_targets=0
GRAB train batch 13: pair_ids shape=(16,), range=6..10627, coefficients shape=(16, 2), sample_weights shape=(16,), zero_neighbor_targets=0
GRAB train batch 14: pair_ids shape=(16,), range=82..10453, coefficients shape=(16, 2), sample_weights shape=(16,), zero_neighbor_targets=0
GRAB train batch 15: pair_ids shape=(16,), range=3..10237, coefficients shape=(16, 2), sample_weights shape=(16,), zero_neighbor_targets=0
GRAB train batch 16: pair_ids shape=(16,), range=44..9176, coefficients shape=(16, 2), sample_weights shape=(16,), zero_neighbor_targets=0
GRAB train batch 17: pair_ids shape=(16,), range=137..7952, coefficients shape=(16, 2), sample_weights shape=(16,), zero_neighbor_targets=0
GRAB train batch 18: pair_ids shape=(16,), range=21..10800, coefficients shape=(16, 2), sample_weights shape=(16,), zero_neighbor_targets=0
GRAB train batch 19: pair_ids shape=(16,), range=1..8671, coefficients shape=(16, 2), sample_weights shape=(16,), zero_neighbor_targets=0
GRAB train batch 20: pair_ids shape=(16,), range=30..9500, coefficients shape=(16, 2), sample_weights shape=(16,), zero_neighbor_targets=0
GRAB train batch 21: pair_ids shape=(16,), range=65..7879, coefficients shape=(16, 2), sample_weights shape=(16,), zero_neighbor_targets=0
GRAB train batch 22: pair_ids shape=(16,), range=214..10398, coefficients shape=(16, 2), sample_weights shape=(16,), zero_neighbor_targets=0
GRAB train batch 23: pair_ids shape=(16,), range=38..10994, coefficients shape=(16, 2), sample_weights shape=(16,), zero_neighbor_targets=0
GRAB train batch 24: pair_ids shape=(16,), range=208..10742, coefficients shape=(16, 2), sample_weights shape=(16,), zero_neighbor_targets=0
GRAB train batch 25: pair_ids shape=(16,), range=10..10836, coefficients shape=(16, 2), sample_weights shape=(16,), zero_neighbor_targets=0
GRAB train batch 26: pair_ids shape=(16,), range=11..10264, coefficients shape=(16, 2), sample_weights shape=(16,), zero_neighbor_targets=0
GRAB train batch 27: pair_ids shape=(16,), range=31..9795, coefficients shape=(16, 2), sample_weights shape=(16,), zero_neighbor_targets=0
GRAB train batch 28: pair_ids shape=(16,), range=26..10811, coefficients shape=(16, 2), sample_weights shape=(16,), zero_neighbor_targets=0
GRAB train batch 29: pair_ids shape=(16,), range=147..9045, coefficients shape=(16, 2), sample_weights shape=(16,), zero_neighbor_targets=0
GRAB train batch 30: pair_ids shape=(16,), range=24..9272, coefficients shape=(16, 2), sample_weights shape=(16,), zero_neighbor_targets=0
GRAB train batch 31: pair_ids shape=(16,), range=128..10850, coefficients shape=(16, 2), sample_weights shape=(16,), zero_neighbor_targets=0
GRAB train batch 32: pair_ids shape=(16,), range=119..10447, coefficients shape=(16, 2), sample_weights shape=(16,), zero_neighbor_targets=0
GRAB train batch 33: pair_ids shape=(16,), range=126..9937, coefficients shape=(16, 2), sample_weights shape=(16,), zero_neighbor_targets=0
GRAB train batch 34: pair_ids shape=(16,), range=144..9088, coefficients shape=(16, 2), sample_weights shape=(16,), zero_neighbor_targets=0
GRAB train batch 35: pair_ids shape=(16,), range=19..10411, coefficients shape=(16, 2), sample_weights shape=(16,), zero_neighbor_targets=0
GRAB train batch 36: pair_ids shape=(16,), range=73..10277, coefficients shape=(16, 2), sample_weights shape=(16,), zero_neighbor_targets=0
GRAB train batch 37: pair_ids shape=(16,), range=155..10248, coefficients shape=(16, 2), sample_weights shape=(16,), zero_neighbor_targets=0
GRAB train batch 38: pair_ids shape=(16,), range=29..10935, coefficients shape=(16, 2), sample_weights shape=(16,), zero_neighbor_targets=0
GRAB train batch 39: pair_ids shape=(16,), range=76..9159, coefficients shape=(16, 2), sample_weights shape=(16,), zero_neighbor_targets=0
GRAB train batch 40: pair_ids shape=(16,), range=105..8668, coefficients shape=(16, 2), sample_weights shape=(16,), zero_neighbor_targets=0
GRAB train batch 41: pair_ids shape=(16,), range=72..4591, coefficients shape=(16, 2), sample_weights shape=(16,), zero_neighbor_targets=0
GRAB train batch 42: pair_ids shape=(16,), range=20..10222, coefficients shape=(16, 2), sample_weights shape=(16,), zero_neighbor_targets=0
GRAB train batch 43: pair_ids shape=(16,), range=13..10891, coefficients shape=(16, 2), sample_weights shape=(16,), zero_neighbor_targets=0
GRAB train batch 44: pair_ids shape=(16,), range=23..10170, coefficients shape=(16, 2), sample_weights shape=(16,), zero_neighbor_targets=0
GRAB train batch 45: pair_ids shape=(16,), range=74..9704, coefficients shape=(16, 2), sample_weights shape=(16,), zero_neighbor_targets=0
GRAB train batch 46: pair_ids shape=(16,), range=12..9954, coefficients shape=(16, 2), sample_weights shape=(16,), zero_neighbor_targets=0
GRAB train batch 47: pair_ids shape=(16,), range=37..10984, coefficients shape=(16, 2), sample_weights shape=(16,), zero_neighbor_targets=0
GRAB train batch 48: pair_ids shape=(16,), range=194..10393, coefficients shape=(16, 2), sample_weights shape=(16,), zero_neighbor_targets=0
GRAB train batch 49: pair_ids shape=(16,), range=25..7536, coefficients shape=(16, 2), sample_weights shape=(16,), zero_neighbor_targets=0
GRAB train batch 50: pair_ids shape=(16,), range=14..10009, coefficients shape=(16, 2), sample_weights shape=(16,), zero_neighbor_targets=0
GRAB train batch 51: pair_ids shape=(16,), range=272..9143, coefficients shape=(16, 2), sample_weights shape=(16,), zero_neighbor_targets=0
GRAB train batch 52: pair_ids shape=(16,), range=167..8279, coefficients shape=(16, 2), sample_weights shape=(16,), zero_neighbor_targets=0
GRAB train batch 53: pair_ids shape=(16,), range=15..8841, coefficients shape=(16, 2), sample_weights shape=(16,), zero_neighbor_targets=0
GRAB train batch 54: pair_ids shape=(16,), range=102..10404, coefficients shape=(16, 2), sample_weights shape=(16,), zero_neighbor_targets=0
GRAB train batch 55: pair_ids shape=(16,), range=172..10988, coefficients shape=(16, 2), sample_weights shape=(16,), zero_neighbor_targets=0
GRAB train batch 56: pair_ids shape=(16,), range=75..9403, coefficients shape=(16, 2), sample_weights shape=(16,), zero_neighbor_targets=0
GRAB train batch 57: pair_ids shape=(16,), range=68..10227, coefficients shape=(16, 2), sample_weights shape=(16,), zero_neighbor_targets=0
GRAB train batch 58: pair_ids shape=(16,), range=95..10764, coefficients shape=(16, 2), sample_weights shape=(16,), zero_neighbor_targets=0
GRAB train batch 59: pair_ids shape=(16,), range=28..10987, coefficients shape=(16, 2), sample_weights shape=(16,), zero_neighbor_targets=0
GRAB train batch 60: pair_ids shape=(16,), range=7..10471, coefficients shape=(16, 2), sample_weights shape=(16,), zero_neighbor_targets=0
GRAB train batch 61: pair_ids shape=(16,), range=77..6657, coefficients shape=(16, 2), sample_weights shape=(16,), zero_neighbor_targets=0
GRAB train batch 62: pair_ids shape=(16,), range=139..10435, coefficients shape=(16, 2), sample_weights shape=(16,), zero_neighbor_targets=0
GRAB train batch 63: pair_ids shape=(16,), range=89..10205, coefficients shape=(16, 2), sample_weights shape=(16,), zero_neighbor_targets=0
GRAB train batch 64: pair_ids shape=(16,), range=369..10027, coefficients shape=(16, 2), sample_weights shape=(16,), zero_neighbor_targets=0
GRAB train batch 65: pair_ids shape=(16,), range=97..10225, coefficients shape=(16, 2), sample_weights shape=(16,), zero_neighbor_targets=0
GRAB train batch 66: pair_ids shape=(16,), range=2..10374, coefficients shape=(16, 2), sample_weights shape=(16,), zero_neighbor_targets=0
GRAB train batch 67: pair_ids shape=(16,), range=107..10396, coefficients shape=(16, 2), sample_weights shape=(16,), zero_neighbor_targets=0
GRAB train batch 68: pair_ids shape=(16,), range=117..9913, coefficients shape=(16, 2), sample_weights shape=(16,), zero_neighbor_targets=0
GRAB train batch 69: pair_ids shape=(16,), range=101..10851, coefficients shape=(16, 2), sample_weights shape=(16,), zero_neighbor_targets=0
GRAB train batch 70: pair_ids shape=(16,), range=45..10259, coefficients shape=(16, 2), sample_weights shape=(16,), zero_neighbor_targets=0
GRAB train batch 71: pair_ids shape=(16,), range=8..10728, coefficients shape=(16, 2), sample_weights shape=(16,), zero_neighbor_targets=0
GRAB train batch 72: pair_ids shape=(16,), range=0..10502, coefficients shape=(16, 2), sample_weights shape=(16,), zero_neighbor_targets=0
GRAB train batch 73: pair_ids shape=(16,), range=33..10817, coefficients shape=(16, 2), sample_weights shape=(16,), zero_neighbor_targets=0
GRAB train batch 74: pair_ids shape=(16,), range=43..10590, coefficients shape=(16, 2), sample_weights shape=(16,), zero_neighbor_targets=0
GRAB train batch 75: pair_ids shape=(16,), range=22..8729, coefficients shape=(16, 2), sample_weights shape=(16,), zero_neighbor_targets=0
GRAB train batch 76: pair_ids shape=(16,), range=129..9023, coefficients shape=(16, 2), sample_weights shape=(16,), zero_neighbor_targets=0
GRAB train batch 77: pair_ids shape=(8,), range=153..10312, coefficients shape=(8, 2), sample_weights shape=(8,), zero_neighbor_targets=0
VALIDATION
valid epoch balanced_accuracy: 0.345238
EPOCH 17:
GRAB train batch 1: pair_ids shape=(16,), range=33..10800, coefficients shape=(16, 2), sample_weights shape=(16,), zero_neighbor_targets=0
GRAB train batch 2: pair_ids shape=(16,), range=152..10299, coefficients shape=(16, 2), sample_weights shape=(16,), zero_neighbor_targets=0
GRAB train batch 3: pair_ids shape=(16,), range=93..10988, coefficients shape=(16, 2), sample_weights shape=(16,), zero_neighbor_targets=0
GRAB train batch 4: pair_ids shape=(16,), range=18..9471, coefficients shape=(16, 2), sample_weights shape=(16,), zero_neighbor_targets=0
GRAB train batch 5: pair_ids shape=(16,), range=4..10772, coefficients shape=(16, 2), sample_weights shape=(16,), zero_neighbor_targets=0
GRAB train batch 6: pair_ids shape=(16,), range=36..10453, coefficients shape=(16, 2), sample_weights shape=(16,), zero_neighbor_targets=0
GRAB train batch 7: pair_ids shape=(16,), range=7..8670, coefficients shape=(16, 2), sample_weights shape=(16,), zero_neighbor_targets=0
GRAB train batch 8: pair_ids shape=(16,), range=6..9045, coefficients shape=(16, 2), sample_weights shape=(16,), zero_neighbor_targets=0
GRAB train batch 9: pair_ids shape=(16,), range=8..7304, coefficients shape=(16, 2), sample_weights shape=(16,), zero_neighbor_targets=0
GRAB train batch 10: pair_ids shape=(16,), range=28..9727, coefficients shape=(16, 2), sample_weights shape=(16,), zero_neighbor_targets=0
GRAB train batch 11: pair_ids shape=(16,), range=91..10836, coefficients shape=(16, 2), sample_weights shape=(16,), zero_neighbor_targets=0
GRAB train batch 12: pair_ids shape=(16,), range=127..10404, coefficients shape=(16, 2), sample_weights shape=(16,), zero_neighbor_targets=0
GRAB train batch 13: pair_ids shape=(16,), range=157..7937, coefficients shape=(16, 2), sample_weights shape=(16,), zero_neighbor_targets=0
GRAB train batch 14: pair_ids shape=(16,), range=169..9027, coefficients shape=(16, 2), sample_weights shape=(16,), zero_neighbor_targets=0
GRAB train batch 15: pair_ids shape=(16,), range=12..9534, coefficients shape=(16, 2), sample_weights shape=(16,), zero_neighbor_targets=0
GRAB train batch 16: pair_ids shape=(16,), range=116..9696, coefficients shape=(16, 2), sample_weights shape=(16,), zero_neighbor_targets=0
GRAB train batch 17: pair_ids shape=(16,), range=29..7987, coefficients shape=(16, 2), sample_weights shape=(16,), zero_neighbor_targets=0
GRAB train batch 18: pair_ids shape=(16,), range=23..10795, coefficients shape=(16, 2), sample_weights shape=(16,), zero_neighbor_targets=0
GRAB train batch 19: pair_ids shape=(16,), range=9..9498, coefficients shape=(16, 2), sample_weights shape=(16,), zero_neighbor_targets=0
GRAB train batch 20: pair_ids shape=(16,), range=121..9135, coefficients shape=(16, 2), sample_weights shape=(16,), zero_neighbor_targets=0
GRAB train batch 21: pair_ids shape=(16,), range=34..10205, coefficients shape=(16, 2), sample_weights shape=(16,), zero_neighbor_targets=0
GRAB train batch 22: pair_ids shape=(16,), range=87..10764, coefficients shape=(16, 2), sample_weights shape=(16,), zero_neighbor_targets=0
GRAB train batch 23: pair_ids shape=(16,), range=131..10627, coefficients shape=(16, 2), sample_weights shape=(16,), zero_neighbor_targets=0
GRAB train batch 24: pair_ids shape=(16,), range=154..9937, coefficients shape=(16, 2), sample_weights shape=(16,), zero_neighbor_targets=0
GRAB train batch 25: pair_ids shape=(16,), range=39..10248, coefficients shape=(16, 2), sample_weights shape=(16,), zero_neighbor_targets=0
GRAB train batch 26: pair_ids shape=(16,), range=178..10524, coefficients shape=(16, 2), sample_weights shape=(16,), zero_neighbor_targets=0
GRAB train batch 27: pair_ids shape=(16,), range=1..9023, coefficients shape=(16, 2), sample_weights shape=(16,), zero_neighbor_targets=0
GRAB train batch 28: pair_ids shape=(16,), range=146..8671, coefficients shape=(16, 2), sample_weights shape=(16,), zero_neighbor_targets=0
GRAB train batch 29: pair_ids shape=(16,), range=138..10264, coefficients shape=(16, 2), sample_weights shape=(16,), zero_neighbor_targets=0
GRAB train batch 30: pair_ids shape=(16,), range=71..9319, coefficients shape=(16, 2), sample_weights shape=(16,), zero_neighbor_targets=0
GRAB train batch 31: pair_ids shape=(16,), range=72..10237, coefficients shape=(16, 2), sample_weights shape=(16,), zero_neighbor_targets=0
GRAB train batch 32: pair_ids shape=(16,), range=136..10891, coefficients shape=(16, 2), sample_weights shape=(16,), zero_neighbor_targets=0
GRAB train batch 33: pair_ids shape=(16,), range=15..10259, coefficients shape=(16, 2), sample_weights shape=(16,), zero_neighbor_targets=0
GRAB train batch 34: pair_ids shape=(16,), range=25..9995, coefficients shape=(16, 2), sample_weights shape=(16,), zero_neighbor_targets=0
GRAB train batch 35: pair_ids shape=(16,), range=194..10935, coefficients shape=(16, 2), sample_weights shape=(16,), zero_neighbor_targets=0
GRAB train batch 36: pair_ids shape=(16,), range=32..10590, coefficients shape=(16, 2), sample_weights shape=(16,), zero_neighbor_targets=0
GRAB train batch 37: pair_ids shape=(16,), range=19..7795, coefficients shape=(16, 2), sample_weights shape=(16,), zero_neighbor_targets=0
GRAB train batch 38: pair_ids shape=(16,), range=204..10502, coefficients shape=(16, 2), sample_weights shape=(16,), zero_neighbor_targets=0
GRAB train batch 39: pair_ids shape=(16,), range=203..10009, coefficients shape=(16, 2), sample_weights shape=(16,), zero_neighbor_targets=0
GRAB train batch 40: pair_ids shape=(16,), range=78..10225, coefficients shape=(16, 2), sample_weights shape=(16,), zero_neighbor_targets=0
GRAB train batch 41: pair_ids shape=(16,), range=83..10393, coefficients shape=(16, 2), sample_weights shape=(16,), zero_neighbor_targets=0
GRAB train batch 42: pair_ids shape=(16,), range=81..10462, coefficients shape=(16, 2), sample_weights shape=(16,), zero_neighbor_targets=0
GRAB train batch 43: pair_ids shape=(16,), range=22..10396, coefficients shape=(16, 2), sample_weights shape=(16,), zero_neighbor_targets=0
GRAB train batch 44: pair_ids shape=(16,), range=85..10473, coefficients shape=(16, 2), sample_weights shape=(16,), zero_neighbor_targets=0
GRAB train batch 45: pair_ids shape=(16,), range=11..10984, coefficients shape=(16, 2), sample_weights shape=(16,), zero_neighbor_targets=0
GRAB train batch 46: pair_ids shape=(16,), range=177..9892, coefficients shape=(16, 2), sample_weights shape=(16,), zero_neighbor_targets=0
GRAB train batch 47: pair_ids shape=(16,), range=102..10811, coefficients shape=(16, 2), sample_weights shape=(16,), zero_neighbor_targets=0
GRAB train batch 48: pair_ids shape=(16,), range=405..10522, coefficients shape=(16, 2), sample_weights shape=(16,), zero_neighbor_targets=0
GRAB train batch 49: pair_ids shape=(16,), range=0..5522, coefficients shape=(16, 2), sample_weights shape=(16,), zero_neighbor_targets=0
GRAB train batch 50: pair_ids shape=(16,), range=64..9887, coefficients shape=(16, 2), sample_weights shape=(16,), zero_neighbor_targets=0
GRAB train batch 51: pair_ids shape=(16,), range=10..8951, coefficients shape=(16, 2), sample_weights shape=(16,), zero_neighbor_targets=0
GRAB train batch 52: pair_ids shape=(16,), range=281..10728, coefficients shape=(16, 2), sample_weights shape=(16,), zero_neighbor_targets=0
GRAB train batch 53: pair_ids shape=(16,), range=31..8972, coefficients shape=(16, 2), sample_weights shape=(16,), zero_neighbor_targets=0
GRAB train batch 54: pair_ids shape=(16,), range=90..9840, coefficients shape=(16, 2), sample_weights shape=(16,), zero_neighbor_targets=0
GRAB train batch 55: pair_ids shape=(16,), range=37..9537, coefficients shape=(16, 2), sample_weights shape=(16,), zero_neighbor_targets=0
GRAB train batch 56: pair_ids shape=(16,), range=167..10851, coefficients shape=(16, 2), sample_weights shape=(16,), zero_neighbor_targets=0
GRAB train batch 57: pair_ids shape=(16,), range=246..9196, coefficients shape=(16, 2), sample_weights shape=(16,), zero_neighbor_targets=0
GRAB train batch 58: pair_ids shape=(16,), range=65..10537, coefficients shape=(16, 2), sample_weights shape=(16,), zero_neighbor_targets=0
GRAB train batch 59: pair_ids shape=(16,), range=86..9913, coefficients shape=(16, 2), sample_weights shape=(16,), zero_neighbor_targets=0
GRAB train batch 60: pair_ids shape=(16,), range=20..7867, coefficients shape=(16, 2), sample_weights shape=(16,), zero_neighbor_targets=0
GRAB train batch 61: pair_ids shape=(16,), range=21..10374, coefficients shape=(16, 2), sample_weights shape=(16,), zero_neighbor_targets=0
GRAB train batch 62: pair_ids shape=(16,), range=3..6605, coefficients shape=(16, 2), sample_weights shape=(16,), zero_neighbor_targets=0
GRAB train batch 63: pair_ids shape=(16,), range=115..9278, coefficients shape=(16, 2), sample_weights shape=(16,), zero_neighbor_targets=0
GRAB train batch 64: pair_ids shape=(16,), range=107..9220, coefficients shape=(16, 2), sample_weights shape=(16,), zero_neighbor_targets=0
GRAB train batch 65: pair_ids shape=(16,), range=42..8729, coefficients shape=(16, 2), sample_weights shape=(16,), zero_neighbor_targets=0
GRAB train batch 66: pair_ids shape=(16,), range=40..10742, coefficients shape=(16, 2), sample_weights shape=(16,), zero_neighbor_targets=0
GRAB train batch 67: pair_ids shape=(16,), range=2..10685, coefficients shape=(16, 2), sample_weights shape=(16,), zero_neighbor_targets=0
GRAB train batch 68: pair_ids shape=(16,), range=74..9146, coefficients shape=(16, 2), sample_weights shape=(16,), zero_neighbor_targets=0
GRAB train batch 69: pair_ids shape=(16,), range=111..8370, coefficients shape=(16, 2), sample_weights shape=(16,), zero_neighbor_targets=0
GRAB train batch 70: pair_ids shape=(16,), range=5..10994, coefficients shape=(16, 2), sample_weights shape=(16,), zero_neighbor_targets=0
GRAB train batch 71: pair_ids shape=(16,), range=67..8200, coefficients shape=(16, 2), sample_weights shape=(16,), zero_neighbor_targets=0
GRAB train batch 72: pair_ids shape=(16,), range=30..9391, coefficients shape=(16, 2), sample_weights shape=(16,), zero_neighbor_targets=0
GRAB train batch 73: pair_ids shape=(16,), range=113..9036, coefficients shape=(16, 2), sample_weights shape=(16,), zero_neighbor_targets=0
GRAB train batch 74: pair_ids shape=(16,), range=35..9478, coefficients shape=(16, 2), sample_weights shape=(16,), zero_neighbor_targets=0
GRAB train batch 75: pair_ids shape=(16,), range=45..7456, coefficients shape=(16, 2), sample_weights shape=(16,), zero_neighbor_targets=0
GRAB train batch 76: pair_ids shape=(16,), range=137..8928, coefficients shape=(16, 2), sample_weights shape=(16,), zero_neighbor_targets=0
GRAB train batch 77: pair_ids shape=(8,), range=260..9488, coefficients shape=(8, 2), sample_weights shape=(8,), zero_neighbor_targets=0
VALIDATION
valid epoch balanced_accuracy: 0.404762
EPOCH 18:
GRAB train batch 1: pair_ids shape=(16,), range=3..8903, coefficients shape=(16, 2), sample_weights shape=(16,), zero_neighbor_targets=0
GRAB train batch 2: pair_ids shape=(16,), range=27..8001, coefficients shape=(16, 2), sample_weights shape=(16,), zero_neighbor_targets=0
GRAB train batch 3: pair_ids shape=(16,), range=108..9698, coefficients shape=(16, 2), sample_weights shape=(16,), zero_neighbor_targets=0
GRAB train batch 4: pair_ids shape=(16,), range=90..10600, coefficients shape=(16, 2), sample_weights shape=(16,), zero_neighbor_targets=0
GRAB train batch 5: pair_ids shape=(16,), range=140..8739, coefficients shape=(16, 2), sample_weights shape=(16,), zero_neighbor_targets=0
GRAB train batch 6: pair_ids shape=(16,), range=264..9892, coefficients shape=(16, 2), sample_weights shape=(16,), zero_neighbor_targets=0
GRAB train batch 7: pair_ids shape=(16,), range=26..10988, coefficients shape=(16, 2), sample_weights shape=(16,), zero_neighbor_targets=0
GRAB train batch 8: pair_ids shape=(16,), range=2..10987, coefficients shape=(16, 2), sample_weights shape=(16,), zero_neighbor_targets=0
GRAB train batch 9: pair_ids shape=(16,), range=44..10994, coefficients shape=(16, 2), sample_weights shape=(16,), zero_neighbor_targets=0
GRAB train batch 10: pair_ids shape=(16,), range=143..10627, coefficients shape=(16, 2), sample_weights shape=(16,), zero_neighbor_targets=0
GRAB train batch 11: pair_ids shape=(16,), range=309..9278, coefficients shape=(16, 2), sample_weights shape=(16,), zero_neighbor_targets=0
GRAB train batch 12: pair_ids shape=(16,), range=67..9249, coefficients shape=(16, 2), sample_weights shape=(16,), zero_neighbor_targets=0
GRAB train batch 13: pair_ids shape=(16,), range=73..9170, coefficients shape=(16, 2), sample_weights shape=(16,), zero_neighbor_targets=0
GRAB train batch 14: pair_ids shape=(16,), range=25..6766, coefficients shape=(16, 2), sample_weights shape=(16,), zero_neighbor_targets=0
GRAB train batch 15: pair_ids shape=(16,), range=81..10764, coefficients shape=(16, 2), sample_weights shape=(16,), zero_neighbor_targets=0
GRAB train batch 16: pair_ids shape=(16,), range=66..9995, coefficients shape=(16, 2), sample_weights shape=(16,), zero_neighbor_targets=0
GRAB train batch 17: pair_ids shape=(16,), range=111..10502, coefficients shape=(16, 2), sample_weights shape=(16,), zero_neighbor_targets=0
GRAB train batch 18: pair_ids shape=(16,), range=68..9913, coefficients shape=(16, 2), sample_weights shape=(16,), zero_neighbor_targets=0
GRAB train batch 19: pair_ids shape=(16,), range=12..9478, coefficients shape=(16, 2), sample_weights shape=(16,), zero_neighbor_targets=0
GRAB train batch 20: pair_ids shape=(16,), range=16..9262, coefficients shape=(16, 2), sample_weights shape=(16,), zero_neighbor_targets=0
GRAB train batch 21: pair_ids shape=(16,), range=20..8363, coefficients shape=(16, 2), sample_weights shape=(16,), zero_neighbor_targets=0
GRAB train batch 22: pair_ids shape=(16,), range=43..9459, coefficients shape=(16, 2), sample_weights shape=(16,), zero_neighbor_targets=0
GRAB train batch 23: pair_ids shape=(16,), range=83..8279, coefficients shape=(16, 2), sample_weights shape=(16,), zero_neighbor_targets=0
GRAB train batch 24: pair_ids shape=(16,), range=193..8876, coefficients shape=(16, 2), sample_weights shape=(16,), zero_neighbor_targets=0
GRAB train batch 25: pair_ids shape=(16,), range=32..8051, coefficients shape=(16, 2), sample_weights shape=(16,), zero_neighbor_targets=0
GRAB train batch 26: pair_ids shape=(16,), range=39..9739, coefficients shape=(16, 2), sample_weights shape=(16,), zero_neighbor_targets=0
GRAB train batch 27: pair_ids shape=(16,), range=10..8972, coefficients shape=(16, 2), sample_weights shape=(16,), zero_neighbor_targets=0
GRAB train batch 28: pair_ids shape=(16,), range=19..10522, coefficients shape=(16, 2), sample_weights shape=(16,), zero_neighbor_targets=0
GRAB train batch 29: pair_ids shape=(16,), range=106..10447, coefficients shape=(16, 2), sample_weights shape=(16,), zero_neighbor_targets=0
GRAB train batch 30: pair_ids shape=(16,), range=8..9139, coefficients shape=(16, 2), sample_weights shape=(16,), zero_neighbor_targets=0
GRAB train batch 31: pair_ids shape=(16,), range=22..8510, coefficients shape=(16, 2), sample_weights shape=(16,), zero_neighbor_targets=0
GRAB train batch 32: pair_ids shape=(16,), range=0..10524, coefficients shape=(16, 2), sample_weights shape=(16,), zero_neighbor_targets=0
GRAB train batch 33: pair_ids shape=(16,), range=98..10836, coefficients shape=(16, 2), sample_weights shape=(16,), zero_neighbor_targets=0
GRAB train batch 34: pair_ids shape=(16,), range=30..9220, coefficients shape=(16, 2), sample_weights shape=(16,), zero_neighbor_targets=0
GRAB train batch 35: pair_ids shape=(16,), range=6..10662, coefficients shape=(16, 2), sample_weights shape=(16,), zero_neighbor_targets=0
GRAB train batch 36: pair_ids shape=(16,), range=162..10009, coefficients shape=(16, 2), sample_weights shape=(16,), zero_neighbor_targets=0
GRAB train batch 37: pair_ids shape=(16,), range=76..10811, coefficients shape=(16, 2), sample_weights shape=(16,), zero_neighbor_targets=0
GRAB train batch 38: pair_ids shape=(16,), range=176..9027, coefficients shape=(16, 2), sample_weights shape=(16,), zero_neighbor_targets=0
GRAB train batch 39: pair_ids shape=(16,), range=1..10374, coefficients shape=(16, 2), sample_weights shape=(16,), zero_neighbor_targets=0
GRAB train batch 40: pair_ids shape=(16,), range=125..9704, coefficients shape=(16, 2), sample_weights shape=(16,), zero_neighbor_targets=0
GRAB train batch 41: pair_ids shape=(16,), range=121..8521, coefficients shape=(16, 2), sample_weights shape=(16,), zero_neighbor_targets=0
GRAB train batch 42: pair_ids shape=(16,), range=71..10772, coefficients shape=(16, 2), sample_weights shape=(16,), zero_neighbor_targets=0
GRAB train batch 43: pair_ids shape=(16,), range=420..8671, coefficients shape=(16, 2), sample_weights shape=(16,), zero_neighbor_targets=0
GRAB train batch 44: pair_ids shape=(16,), range=257..10851, coefficients shape=(16, 2), sample_weights shape=(16,), zero_neighbor_targets=0
GRAB train batch 45: pair_ids shape=(16,), range=188..10537, coefficients shape=(16, 2), sample_weights shape=(16,), zero_neighbor_targets=0
GRAB train batch 46: pair_ids shape=(16,), range=110..9023, coefficients shape=(16, 2), sample_weights shape=(16,), zero_neighbor_targets=0
GRAB train batch 47: pair_ids shape=(16,), range=11..10435, coefficients shape=(16, 2), sample_weights shape=(16,), zero_neighbor_targets=0
GRAB train batch 48: pair_ids shape=(16,), range=77..10984, coefficients shape=(16, 2), sample_weights shape=(16,), zero_neighbor_targets=0
GRAB train batch 49: pair_ids shape=(16,), range=24..9135, coefficients shape=(16, 2), sample_weights shape=(16,), zero_neighbor_targets=0
GRAB train batch 50: pair_ids shape=(16,), range=82..10475, coefficients shape=(16, 2), sample_weights shape=(16,), zero_neighbor_targets=0
GRAB train batch 51: pair_ids shape=(16,), range=88..10331, coefficients shape=(16, 2), sample_weights shape=(16,), zero_neighbor_targets=0
GRAB train batch 52: pair_ids shape=(16,), range=36..9057, coefficients shape=(16, 2), sample_weights shape=(16,), zero_neighbor_targets=0
GRAB train batch 53: pair_ids shape=(16,), range=124..8310, coefficients shape=(16, 2), sample_weights shape=(16,), zero_neighbor_targets=0
GRAB train batch 54: pair_ids shape=(16,), range=17..10299, coefficients shape=(16, 2), sample_weights shape=(16,), zero_neighbor_targets=0
GRAB train batch 55: pair_ids shape=(16,), range=72..10362, coefficients shape=(16, 2), sample_weights shape=(16,), zero_neighbor_targets=0
GRAB train batch 56: pair_ids shape=(16,), range=9..10850, coefficients shape=(16, 2), sample_weights shape=(16,), zero_neighbor_targets=0
GRAB train batch 57: pair_ids shape=(16,), range=7..10685, coefficients shape=(16, 2), sample_weights shape=(16,), zero_neighbor_targets=0
GRAB train batch 58: pair_ids shape=(16,), range=23..10590, coefficients shape=(16, 2), sample_weights shape=(16,), zero_neighbor_targets=0
GRAB train batch 59: pair_ids shape=(16,), range=29..10027, coefficients shape=(16, 2), sample_weights shape=(16,), zero_neighbor_targets=0
GRAB train batch 60: pair_ids shape=(16,), range=35..9534, coefficients shape=(16, 2), sample_weights shape=(16,), zero_neighbor_targets=0
GRAB train batch 61: pair_ids shape=(16,), range=69..10728, coefficients shape=(16, 2), sample_weights shape=(16,), zero_neighbor_targets=0
GRAB train batch 62: pair_ids shape=(16,), range=4..9488, coefficients shape=(16, 2), sample_weights shape=(16,), zero_neighbor_targets=0
GRAB train batch 63: pair_ids shape=(16,), range=370..10312, coefficients shape=(16, 2), sample_weights shape=(16,), zero_neighbor_targets=0
GRAB train batch 64: pair_ids shape=(16,), range=132..10453, coefficients shape=(16, 2), sample_weights shape=(16,), zero_neighbor_targets=0
GRAB train batch 65: pair_ids shape=(16,), range=13..10248, coefficients shape=(16, 2), sample_weights shape=(16,), zero_neighbor_targets=0
GRAB train batch 66: pair_ids shape=(16,), range=164..10471, coefficients shape=(16, 2), sample_weights shape=(16,), zero_neighbor_targets=0
GRAB train batch 67: pair_ids shape=(16,), range=168..10411, coefficients shape=(16, 2), sample_weights shape=(16,), zero_neighbor_targets=0
GRAB train batch 68: pair_ids shape=(16,), range=14..10935, coefficients shape=(16, 2), sample_weights shape=(16,), zero_neighbor_targets=0
GRAB train batch 69: pair_ids shape=(16,), range=114..10500, coefficients shape=(16, 2), sample_weights shape=(16,), zero_neighbor_targets=0
GRAB train batch 70: pair_ids shape=(16,), range=18..10795, coefficients shape=(16, 2), sample_weights shape=(16,), zero_neighbor_targets=0
GRAB train batch 71: pair_ids shape=(16,), range=127..10800, coefficients shape=(16, 2), sample_weights shape=(16,), zero_neighbor_targets=0
GRAB train batch 72: pair_ids shape=(16,), range=15..10264, coefficients shape=(16, 2), sample_weights shape=(16,), zero_neighbor_targets=0
GRAB train batch 73: pair_ids shape=(16,), range=258..9914, coefficients shape=(16, 2), sample_weights shape=(16,), zero_neighbor_targets=0
GRAB train batch 74: pair_ids shape=(16,), range=92..10396, coefficients shape=(16, 2), sample_weights shape=(16,), zero_neighbor_targets=0
GRAB train batch 75: pair_ids shape=(16,), range=93..10742, coefficients shape=(16, 2), sample_weights shape=(16,), zero_neighbor_targets=0
GRAB train batch 76: pair_ids shape=(16,), range=75..5972, coefficients shape=(16, 2), sample_weights shape=(16,), zero_neighbor_targets=0
GRAB train batch 77: pair_ids shape=(8,), range=117..5490, coefficients shape=(8, 2), sample_weights shape=(8,), zero_neighbor_targets=0
VALIDATION
valid epoch balanced_accuracy: 0.193223
EPOCH 19:
GRAB train batch 1: pair_ids shape=(16,), range=130..9598, coefficients shape=(16, 2), sample_weights shape=(16,), zero_neighbor_targets=0
GRAB train batch 2: pair_ids shape=(16,), range=68..10764, coefficients shape=(16, 2), sample_weights shape=(16,), zero_neighbor_targets=0
GRAB train batch 3: pair_ids shape=(16,), range=8..9403, coefficients shape=(16, 2), sample_weights shape=(16,), zero_neighbor_targets=0
GRAB train batch 4: pair_ids shape=(16,), range=21..10662, coefficients shape=(16, 2), sample_weights shape=(16,), zero_neighbor_targets=0
GRAB train batch 5: pair_ids shape=(16,), range=24..10891, coefficients shape=(16, 2), sample_weights shape=(16,), zero_neighbor_targets=0
GRAB train batch 6: pair_ids shape=(16,), range=115..10987, coefficients shape=(16, 2), sample_weights shape=(16,), zero_neighbor_targets=0
GRAB train batch 7: pair_ids shape=(16,), range=188..10994, coefficients shape=(16, 2), sample_weights shape=(16,), zero_neighbor_targets=0
GRAB train batch 8: pair_ids shape=(16,), range=16..10500, coefficients shape=(16, 2), sample_weights shape=(16,), zero_neighbor_targets=0
GRAB train batch 9: pair_ids shape=(16,), range=111..8954, coefficients shape=(16, 2), sample_weights shape=(16,), zero_neighbor_targets=0
GRAB train batch 10: pair_ids shape=(16,), range=30..10473, coefficients shape=(16, 2), sample_weights shape=(16,), zero_neighbor_targets=0
GRAB train batch 11: pair_ids shape=(16,), range=10..10988, coefficients shape=(16, 2), sample_weights shape=(16,), zero_neighbor_targets=0
GRAB train batch 12: pair_ids shape=(16,), range=20..9739, coefficients shape=(16, 2), sample_weights shape=(16,), zero_neighbor_targets=0
GRAB train batch 13: pair_ids shape=(16,), range=72..9147, coefficients shape=(16, 2), sample_weights shape=(16,), zero_neighbor_targets=0
GRAB train batch 14: pair_ids shape=(16,), range=180..10362, coefficients shape=(16, 2), sample_weights shape=(16,), zero_neighbor_targets=0
GRAB train batch 15: pair_ids shape=(16,), range=28..9143, coefficients shape=(16, 2), sample_weights shape=(16,), zero_neighbor_targets=0
GRAB train batch 16: pair_ids shape=(16,), range=78..9535, coefficients shape=(16, 2), sample_weights shape=(16,), zero_neighbor_targets=0
GRAB train batch 17: pair_ids shape=(16,), range=94..10590, coefficients shape=(16, 2), sample_weights shape=(16,), zero_neighbor_targets=0
GRAB train batch 18: pair_ids shape=(16,), range=164..9818, coefficients shape=(16, 2), sample_weights shape=(16,), zero_neighbor_targets=0
GRAB train batch 19: pair_ids shape=(16,), range=82..10627, coefficients shape=(16, 2), sample_weights shape=(16,), zero_neighbor_targets=0
GRAB train batch 20: pair_ids shape=(16,), range=154..10850, coefficients shape=(16, 2), sample_weights shape=(16,), zero_neighbor_targets=0
GRAB train batch 21: pair_ids shape=(16,), range=39..10685, coefficients shape=(16, 2), sample_weights shape=(16,), zero_neighbor_targets=0
GRAB train batch 22: pair_ids shape=(16,), range=33..10277, coefficients shape=(16, 2), sample_weights shape=(16,), zero_neighbor_targets=0
GRAB train batch 23: pair_ids shape=(16,), range=6..9459, coefficients shape=(16, 2), sample_weights shape=(16,), zero_neighbor_targets=0
GRAB train batch 24: pair_ids shape=(16,), range=126..10817, coefficients shape=(16, 2), sample_weights shape=(16,), zero_neighbor_targets=0
GRAB train batch 25: pair_ids shape=(16,), range=75..10502, coefficients shape=(16, 2), sample_weights shape=(16,), zero_neighbor_targets=0
GRAB train batch 26: pair_ids shape=(16,), range=65..9939, coefficients shape=(16, 2), sample_weights shape=(16,), zero_neighbor_targets=0
GRAB train batch 27: pair_ids shape=(16,), range=32..10447, coefficients shape=(16, 2), sample_weights shape=(16,), zero_neighbor_targets=0
GRAB train batch 28: pair_ids shape=(16,), range=325..10772, coefficients shape=(16, 2), sample_weights shape=(16,), zero_neighbor_targets=0
GRAB train batch 29: pair_ids shape=(16,), range=18..3208, coefficients shape=(16, 2), sample_weights shape=(16,), zero_neighbor_targets=0
GRAB train batch 30: pair_ids shape=(16,), range=0..9088, coefficients shape=(16, 2), sample_weights shape=(16,), zero_neighbor_targets=0
GRAB train batch 31: pair_ids shape=(16,), range=70..7829, coefficients shape=(16, 2), sample_weights shape=(16,), zero_neighbor_targets=0
GRAB train batch 32: pair_ids shape=(16,), range=131..10331, coefficients shape=(16, 2), sample_weights shape=(16,), zero_neighbor_targets=0
GRAB train batch 33: pair_ids shape=(16,), range=23..9913, coefficients shape=(16, 2), sample_weights shape=(16,), zero_neighbor_targets=0
GRAB train batch 34: pair_ids shape=(16,), range=102..10742, coefficients shape=(16, 2), sample_weights shape=(16,), zero_neighbor_targets=0
GRAB train batch 35: pair_ids shape=(16,), range=92..10795, coefficients shape=(16, 2), sample_weights shape=(16,), zero_neighbor_targets=0
GRAB train batch 36: pair_ids shape=(16,), range=127..10836, coefficients shape=(16, 2), sample_weights shape=(16,), zero_neighbor_targets=0
GRAB train batch 37: pair_ids shape=(16,), range=14..8233, coefficients shape=(16, 2), sample_weights shape=(16,), zero_neighbor_targets=0
GRAB train batch 38: pair_ids shape=(16,), range=83..9146, coefficients shape=(16, 2), sample_weights shape=(16,), zero_neighbor_targets=0
GRAB train batch 39: pair_ids shape=(16,), range=93..8157, coefficients shape=(16, 2), sample_weights shape=(16,), zero_neighbor_targets=0
GRAB train batch 40: pair_ids shape=(16,), range=12..9036, coefficients shape=(16, 2), sample_weights shape=(16,), zero_neighbor_targets=0
GRAB train batch 41: pair_ids shape=(16,), range=26..10471, coefficients shape=(16, 2), sample_weights shape=(16,), zero_neighbor_targets=0
GRAB train batch 42: pair_ids shape=(16,), range=161..10222, coefficients shape=(16, 2), sample_weights shape=(16,), zero_neighbor_targets=0
GRAB train batch 43: pair_ids shape=(16,), range=40..6924, coefficients shape=(16, 2), sample_weights shape=(16,), zero_neighbor_targets=0
GRAB train batch 44: pair_ids shape=(16,), range=360..10851, coefficients shape=(16, 2), sample_weights shape=(16,), zero_neighbor_targets=0
GRAB train batch 45: pair_ids shape=(16,), range=179..9319, coefficients shape=(16, 2), sample_weights shape=(16,), zero_neighbor_targets=0
GRAB train batch 46: pair_ids shape=(16,), range=128..10248, coefficients shape=(16, 2), sample_weights shape=(16,), zero_neighbor_targets=0
GRAB train batch 47: pair_ids shape=(16,), range=97..10524, coefficients shape=(16, 2), sample_weights shape=(16,), zero_neighbor_targets=0
GRAB train batch 48: pair_ids shape=(16,), range=38..10800, coefficients shape=(16, 2), sample_weights shape=(16,), zero_neighbor_targets=0
GRAB train batch 49: pair_ids shape=(16,), range=3..10396, coefficients shape=(16, 2), sample_weights shape=(16,), zero_neighbor_targets=0
GRAB train batch 50: pair_ids shape=(16,), range=25..7923, coefficients shape=(16, 2), sample_weights shape=(16,), zero_neighbor_targets=0
GRAB train batch 51: pair_ids shape=(16,), range=122..10984, coefficients shape=(16, 2), sample_weights shape=(16,), zero_neighbor_targets=0
GRAB train batch 52: pair_ids shape=(16,), range=181..7510, coefficients shape=(16, 2), sample_weights shape=(16,), zero_neighbor_targets=0
GRAB train batch 53: pair_ids shape=(16,), range=17..9698, coefficients shape=(16, 2), sample_weights shape=(16,), zero_neighbor_targets=0
GRAB train batch 54: pair_ids shape=(16,), range=73..9622, coefficients shape=(16, 2), sample_weights shape=(16,), zero_neighbor_targets=0
GRAB train batch 55: pair_ids shape=(16,), range=108..7987, coefficients shape=(16, 2), sample_weights shape=(16,), zero_neighbor_targets=0
GRAB train batch 56: pair_ids shape=(16,), range=36..10027, coefficients shape=(16, 2), sample_weights shape=(16,), zero_neighbor_targets=0
GRAB train batch 57: pair_ids shape=(16,), range=45..10475, coefficients shape=(16, 2), sample_weights shape=(16,), zero_neighbor_targets=0
GRAB train batch 58: pair_ids shape=(16,), range=320..10537, coefficients shape=(16, 2), sample_weights shape=(16,), zero_neighbor_targets=0
GRAB train batch 59: pair_ids shape=(16,), range=209..10411, coefficients shape=(16, 2), sample_weights shape=(16,), zero_neighbor_targets=0
GRAB train batch 60: pair_ids shape=(16,), range=86..10935, coefficients shape=(16, 2), sample_weights shape=(16,), zero_neighbor_targets=0
GRAB train batch 61: pair_ids shape=(16,), range=19..9073, coefficients shape=(16, 2), sample_weights shape=(16,), zero_neighbor_targets=0
GRAB train batch 62: pair_ids shape=(16,), range=11..10259, coefficients shape=(16, 2), sample_weights shape=(16,), zero_neighbor_targets=0
GRAB train batch 63: pair_ids shape=(16,), range=7..10360, coefficients shape=(16, 2), sample_weights shape=(16,), zero_neighbor_targets=0
GRAB train batch 64: pair_ids shape=(16,), range=44..10393, coefficients shape=(16, 2), sample_weights shape=(16,), zero_neighbor_targets=0
GRAB train batch 65: pair_ids shape=(16,), range=67..9504, coefficients shape=(16, 2), sample_weights shape=(16,), zero_neighbor_targets=0
GRAB train batch 66: pair_ids shape=(16,), range=1..9499, coefficients shape=(16, 2), sample_weights shape=(16,), zero_neighbor_targets=0
GRAB train batch 67: pair_ids shape=(16,), range=2..9023, coefficients shape=(16, 2), sample_weights shape=(16,), zero_neighbor_targets=0
GRAB train batch 68: pair_ids shape=(16,), range=41..9478, coefficients shape=(16, 2), sample_weights shape=(16,), zero_neighbor_targets=0
GRAB train batch 69: pair_ids shape=(16,), range=186..9956, coefficients shape=(16, 2), sample_weights shape=(16,), zero_neighbor_targets=0
GRAB train batch 70: pair_ids shape=(16,), range=9..8081, coefficients shape=(16, 2), sample_weights shape=(16,), zero_neighbor_targets=0
GRAB train batch 71: pair_ids shape=(16,), range=4..10811, coefficients shape=(16, 2), sample_weights shape=(16,), zero_neighbor_targets=0
GRAB train batch 72: pair_ids shape=(16,), range=91..8739, coefficients shape=(16, 2), sample_weights shape=(16,), zero_neighbor_targets=0
GRAB train batch 73: pair_ids shape=(16,), range=27..9391, coefficients shape=(16, 2), sample_weights shape=(16,), zero_neighbor_targets=0
GRAB train batch 74: pair_ids shape=(16,), range=42..10522, coefficients shape=(16, 2), sample_weights shape=(16,), zero_neighbor_targets=0
GRAB train batch 75: pair_ids shape=(16,), range=15..10237, coefficients shape=(16, 2), sample_weights shape=(16,), zero_neighbor_targets=0
GRAB train batch 76: pair_ids shape=(16,), range=132..10404, coefficients shape=(16, 2), sample_weights shape=(16,), zero_neighbor_targets=0
GRAB train batch 77: pair_ids shape=(8,), range=34..7213, coefficients shape=(8, 2), sample_weights shape=(8,), zero_neighbor_targets=0
VALIDATION
valid epoch balanced_accuracy: 0.285714
EPOCH 20:
GRAB train batch 1: pair_ids shape=(16,), range=140..10462, coefficients shape=(16, 2), sample_weights shape=(16,), zero_neighbor_targets=0
GRAB train batch 2: pair_ids shape=(16,), range=6..10600, coefficients shape=(16, 2), sample_weights shape=(16,), zero_neighbor_targets=0
GRAB train batch 3: pair_ids shape=(16,), range=99..10685, coefficients shape=(16, 2), sample_weights shape=(16,), zero_neighbor_targets=0
GRAB train batch 4: pair_ids shape=(16,), range=33..10935, coefficients shape=(16, 2), sample_weights shape=(16,), zero_neighbor_targets=0
GRAB train batch 5: pair_ids shape=(16,), range=39..7456, coefficients shape=(16, 2), sample_weights shape=(16,), zero_neighbor_targets=0
GRAB train batch 6: pair_ids shape=(16,), range=188..9956, coefficients shape=(16, 2), sample_weights shape=(16,), zero_neighbor_targets=0
GRAB train batch 7: pair_ids shape=(16,), range=7..10772, coefficients shape=(16, 2), sample_weights shape=(16,), zero_neighbor_targets=0
GRAB train batch 8: pair_ids shape=(16,), range=69..9727, coefficients shape=(16, 2), sample_weights shape=(16,), zero_neighbor_targets=0
GRAB train batch 9: pair_ids shape=(16,), range=355..9319, coefficients shape=(16, 2), sample_weights shape=(16,), zero_neighbor_targets=0
GRAB train batch 10: pair_ids shape=(16,), range=36..10299, coefficients shape=(16, 2), sample_weights shape=(16,), zero_neighbor_targets=0
GRAB train batch 11: pair_ids shape=(16,), range=20..8928, coefficients shape=(16, 2), sample_weights shape=(16,), zero_neighbor_targets=0
GRAB train batch 12: pair_ids shape=(16,), range=261..10836, coefficients shape=(16, 2), sample_weights shape=(16,), zero_neighbor_targets=0
GRAB train batch 13: pair_ids shape=(16,), range=19..10627, coefficients shape=(16, 2), sample_weights shape=(16,), zero_neighbor_targets=0
GRAB train batch 14: pair_ids shape=(16,), range=29..9698, coefficients shape=(16, 2), sample_weights shape=(16,), zero_neighbor_targets=0
GRAB train batch 15: pair_ids shape=(16,), range=71..10590, coefficients shape=(16, 2), sample_weights shape=(16,), zero_neighbor_targets=0
GRAB train batch 16: pair_ids shape=(16,), range=24..10994, coefficients shape=(16, 2), sample_weights shape=(16,), zero_neighbor_targets=0
GRAB train batch 17: pair_ids shape=(16,), range=72..10374, coefficients shape=(16, 2), sample_weights shape=(16,), zero_neighbor_targets=0
GRAB train batch 18: pair_ids shape=(16,), range=34..9220, coefficients shape=(16, 2), sample_weights shape=(16,), zero_neighbor_targets=0
GRAB train batch 19: pair_ids shape=(16,), range=197..10005, coefficients shape=(16, 2), sample_weights shape=(16,), zero_neighbor_targets=0
GRAB train batch 20: pair_ids shape=(16,), range=306..8224, coefficients shape=(16, 2), sample_weights shape=(16,), zero_neighbor_targets=0
GRAB train batch 21: pair_ids shape=(16,), range=176..9196, coefficients shape=(16, 2), sample_weights shape=(16,), zero_neighbor_targets=0
GRAB train batch 22: pair_ids shape=(16,), range=21..10027, coefficients shape=(16, 2), sample_weights shape=(16,), zero_neighbor_targets=0
GRAB train batch 23: pair_ids shape=(16,), range=12..8163, coefficients shape=(16, 2), sample_weights shape=(16,), zero_neighbor_targets=0
GRAB train batch 24: pair_ids shape=(16,), range=5..10259, coefficients shape=(16, 2), sample_weights shape=(16,), zero_neighbor_targets=0
GRAB train batch 25: pair_ids shape=(16,), range=44..9088, coefficients shape=(16, 2), sample_weights shape=(16,), zero_neighbor_targets=0
GRAB train batch 26: pair_ids shape=(16,), range=31..10227, coefficients shape=(16, 2), sample_weights shape=(16,), zero_neighbor_targets=0
GRAB train batch 27: pair_ids shape=(16,), range=66..10360, coefficients shape=(16, 2), sample_weights shape=(16,), zero_neighbor_targets=0
GRAB train batch 28: pair_ids shape=(16,), range=77..9186, coefficients shape=(16, 2), sample_weights shape=(16,), zero_neighbor_targets=0
GRAB train batch 29: pair_ids shape=(16,), range=25..9537, coefficients shape=(16, 2), sample_weights shape=(16,), zero_neighbor_targets=0
GRAB train batch 30: pair_ids shape=(16,), range=131..10984, coefficients shape=(16, 2), sample_weights shape=(16,), zero_neighbor_targets=0
GRAB train batch 31: pair_ids shape=(16,), range=153..9937, coefficients shape=(16, 2), sample_weights shape=(16,), zero_neighbor_targets=0
GRAB train batch 32: pair_ids shape=(16,), range=1..8729, coefficients shape=(16, 2), sample_weights shape=(16,), zero_neighbor_targets=0
GRAB train batch 33: pair_ids shape=(16,), range=121..6117, coefficients shape=(16, 2), sample_weights shape=(16,), zero_neighbor_targets=0
GRAB train batch 34: pair_ids shape=(16,), range=85..10312, coefficients shape=(16, 2), sample_weights shape=(16,), zero_neighbor_targets=0
GRAB train batch 35: pair_ids shape=(16,), range=4..7607, coefficients shape=(16, 2), sample_weights shape=(16,), zero_neighbor_targets=0
GRAB train batch 36: pair_ids shape=(16,), range=80..9159, coefficients shape=(16, 2), sample_weights shape=(16,), zero_neighbor_targets=0
GRAB train batch 37: pair_ids shape=(16,), range=43..10795, coefficients shape=(16, 2), sample_weights shape=(16,), zero_neighbor_targets=0
GRAB train batch 38: pair_ids shape=(16,), range=75..10522, coefficients shape=(16, 2), sample_weights shape=(16,), zero_neighbor_targets=0
GRAB train batch 39: pair_ids shape=(16,), range=8..9534, coefficients shape=(16, 2), sample_weights shape=(16,), zero_neighbor_targets=0
GRAB train batch 40: pair_ids shape=(16,), range=70..10453, coefficients shape=(16, 2), sample_weights shape=(16,), zero_neighbor_targets=0
GRAB train batch 41: pair_ids shape=(16,), range=18..10728, coefficients shape=(16, 2), sample_weights shape=(16,), zero_neighbor_targets=0
GRAB train batch 42: pair_ids shape=(16,), range=93..10393, coefficients shape=(16, 2), sample_weights shape=(16,), zero_neighbor_targets=0
GRAB train batch 43: pair_ids shape=(16,), range=147..7795, coefficients shape=(16, 2), sample_weights shape=(16,), zero_neighbor_targets=0
GRAB train batch 44: pair_ids shape=(16,), range=16..10237, coefficients shape=(16, 2), sample_weights shape=(16,), zero_neighbor_targets=0
GRAB train batch 45: pair_ids shape=(16,), range=108..7619, coefficients shape=(16, 2), sample_weights shape=(16,), zero_neighbor_targets=0
GRAB train batch 46: pair_ids shape=(16,), range=0..10851, coefficients shape=(16, 2), sample_weights shape=(16,), zero_neighbor_targets=0
GRAB train batch 47: pair_ids shape=(16,), range=144..10411, coefficients shape=(16, 2), sample_weights shape=(16,), zero_neighbor_targets=0
GRAB train batch 48: pair_ids shape=(16,), range=28..10524, coefficients shape=(16, 2), sample_weights shape=(16,), zero_neighbor_targets=0
GRAB train batch 49: pair_ids shape=(16,), range=190..10987, coefficients shape=(16, 2), sample_weights shape=(16,), zero_neighbor_targets=0
GRAB train batch 50: pair_ids shape=(16,), range=100..9387, coefficients shape=(16, 2), sample_weights shape=(16,), zero_neighbor_targets=0
GRAB train batch 51: pair_ids shape=(16,), range=73..9954, coefficients shape=(16, 2), sample_weights shape=(16,), zero_neighbor_targets=0
GRAB train batch 52: pair_ids shape=(16,), range=10..10331, coefficients shape=(16, 2), sample_weights shape=(16,), zero_neighbor_targets=0
GRAB train batch 53: pair_ids shape=(16,), range=45..9333, coefficients shape=(16, 2), sample_weights shape=(16,), zero_neighbor_targets=0
GRAB train batch 54: pair_ids shape=(16,), range=9..10891, coefficients shape=(16, 2), sample_weights shape=(16,), zero_neighbor_targets=0
GRAB train batch 55: pair_ids shape=(16,), range=35..10435, coefficients shape=(16, 2), sample_weights shape=(16,), zero_neighbor_targets=0
GRAB train batch 56: pair_ids shape=(16,), range=95..10222, coefficients shape=(16, 2), sample_weights shape=(16,), zero_neighbor_targets=0
GRAB train batch 57: pair_ids shape=(16,), range=83..9795, coefficients shape=(16, 2), sample_weights shape=(16,), zero_neighbor_targets=0
GRAB train batch 58: pair_ids shape=(16,), range=249..9488, coefficients shape=(16, 2), sample_weights shape=(16,), zero_neighbor_targets=0
GRAB train batch 59: pair_ids shape=(16,), range=17..9045, coefficients shape=(16, 2), sample_weights shape=(16,), zero_neighbor_targets=0
GRAB train batch 60: pair_ids shape=(16,), range=15..10500, coefficients shape=(16, 2), sample_weights shape=(16,), zero_neighbor_targets=0
GRAB train batch 61: pair_ids shape=(16,), range=92..9499, coefficients shape=(16, 2), sample_weights shape=(16,), zero_neighbor_targets=0
GRAB train batch 62: pair_ids shape=(16,), range=84..10471, coefficients shape=(16, 2), sample_weights shape=(16,), zero_neighbor_targets=0
GRAB train batch 63: pair_ids shape=(16,), range=130..10988, coefficients shape=(16, 2), sample_weights shape=(16,), zero_neighbor_targets=0
GRAB train batch 64: pair_ids shape=(16,), range=250..9228, coefficients shape=(16, 2), sample_weights shape=(16,), zero_neighbor_targets=0
GRAB train batch 65: pair_ids shape=(16,), range=67..10817, coefficients shape=(16, 2), sample_weights shape=(16,), zero_neighbor_targets=0
GRAB train batch 66: pair_ids shape=(16,), range=106..10764, coefficients shape=(16, 2), sample_weights shape=(16,), zero_neighbor_targets=0
GRAB train batch 67: pair_ids shape=(16,), range=104..10850, coefficients shape=(16, 2), sample_weights shape=(16,), zero_neighbor_targets=0
GRAB train batch 68: pair_ids shape=(16,), range=169..6314, coefficients shape=(16, 2), sample_weights shape=(16,), zero_neighbor_targets=0
GRAB train batch 69: pair_ids shape=(16,), range=68..9939, coefficients shape=(16, 2), sample_weights shape=(16,), zero_neighbor_targets=0
GRAB train batch 70: pair_ids shape=(16,), range=32..10264, coefficients shape=(16, 2), sample_weights shape=(16,), zero_neighbor_targets=0
GRAB train batch 71: pair_ids shape=(16,), range=254..10800, coefficients shape=(16, 2), sample_weights shape=(16,), zero_neighbor_targets=0
GRAB train batch 72: pair_ids shape=(16,), range=14..7894, coefficients shape=(16, 2), sample_weights shape=(16,), zero_neighbor_targets=0
GRAB train batch 73: pair_ids shape=(16,), range=101..10473, coefficients shape=(16, 2), sample_weights shape=(16,), zero_neighbor_targets=0
GRAB train batch 74: pair_ids shape=(16,), range=126..10447, coefficients shape=(16, 2), sample_weights shape=(16,), zero_neighbor_targets=0
GRAB train batch 75: pair_ids shape=(16,), range=88..10537, coefficients shape=(16, 2), sample_weights shape=(16,), zero_neighbor_targets=0
GRAB train batch 76: pair_ids shape=(16,), range=3..9995, coefficients shape=(16, 2), sample_weights shape=(16,), zero_neighbor_targets=0
GRAB train batch 77: pair_ids shape=(8,), range=252..10384, coefficients shape=(8, 2), sample_weights shape=(8,), zero_neighbor_targets=0
VALIDATION
valid epoch balanced_accuracy: 0.157509
EPOCH 21:
GRAB train batch 1: pair_ids shape=(16,), range=16..6964, coefficients shape=(16, 2), sample_weights shape=(16,), zero_neighbor_targets=0
GRAB train batch 2: pair_ids shape=(16,), range=43..10027, coefficients shape=(16, 2), sample_weights shape=(16,), zero_neighbor_targets=0
GRAB train batch 3: pair_ids shape=(16,), range=2..9546, coefficients shape=(16, 2), sample_weights shape=(16,), zero_neighbor_targets=0
GRAB train batch 4: pair_ids shape=(16,), range=94..2789, coefficients shape=(16, 2), sample_weights shape=(16,), zero_neighbor_targets=0
GRAB train batch 5: pair_ids shape=(16,), range=29..9471, coefficients shape=(16, 2), sample_weights shape=(16,), zero_neighbor_targets=0
GRAB train batch 6: pair_ids shape=(16,), range=64..10522, coefficients shape=(16, 2), sample_weights shape=(16,), zero_neighbor_targets=0
GRAB train batch 7: pair_ids shape=(16,), range=74..9088, coefficients shape=(16, 2), sample_weights shape=(16,), zero_neighbor_targets=0
GRAB train batch 8: pair_ids shape=(16,), range=75..10685, coefficients shape=(16, 2), sample_weights shape=(16,), zero_neighbor_targets=0
GRAB train batch 9: pair_ids shape=(16,), range=156..9278, coefficients shape=(16, 2), sample_weights shape=(16,), zero_neighbor_targets=0
GRAB train batch 10: pair_ids shape=(16,), range=5..9887, coefficients shape=(16, 2), sample_weights shape=(16,), zero_neighbor_targets=0
GRAB train batch 11: pair_ids shape=(16,), range=9..9180, coefficients shape=(16, 2), sample_weights shape=(16,), zero_neighbor_targets=0
GRAB train batch 12: pair_ids shape=(16,), range=123..10264, coefficients shape=(16, 2), sample_weights shape=(16,), zero_neighbor_targets=0
GRAB train batch 13: pair_ids shape=(16,), range=32..10800, coefficients shape=(16, 2), sample_weights shape=(16,), zero_neighbor_targets=0
GRAB train batch 14: pair_ids shape=(16,), range=214..10005, coefficients shape=(16, 2), sample_weights shape=(16,), zero_neighbor_targets=0
GRAB train batch 15: pair_ids shape=(16,), range=144..10500, coefficients shape=(16, 2), sample_weights shape=(16,), zero_neighbor_targets=0
GRAB train batch 16: pair_ids shape=(16,), range=163..9727, coefficients shape=(16, 2), sample_weights shape=(16,), zero_neighbor_targets=0
GRAB train batch 17: pair_ids shape=(16,), range=12..9913, coefficients shape=(16, 2), sample_weights shape=(16,), zero_neighbor_targets=0
GRAB train batch 18: pair_ids shape=(16,), range=71..10994, coefficients shape=(16, 2), sample_weights shape=(16,), zero_neighbor_targets=0
GRAB train batch 19: pair_ids shape=(16,), range=174..10362, coefficients shape=(16, 2), sample_weights shape=(16,), zero_neighbor_targets=0
GRAB train batch 20: pair_ids shape=(16,), range=98..9196, coefficients shape=(16, 2), sample_weights shape=(16,), zero_neighbor_targets=0
GRAB train batch 21: pair_ids shape=(16,), range=66..7913, coefficients shape=(16, 2), sample_weights shape=(16,), zero_neighbor_targets=0
GRAB train batch 22: pair_ids shape=(16,), range=19..8678, coefficients shape=(16, 2), sample_weights shape=(16,), zero_neighbor_targets=0
GRAB train batch 23: pair_ids shape=(16,), range=336..10396, coefficients shape=(16, 2), sample_weights shape=(16,), zero_neighbor_targets=0
GRAB train batch 24: pair_ids shape=(16,), range=104..10764, coefficients shape=(16, 2), sample_weights shape=(16,), zero_neighbor_targets=0
GRAB train batch 25: pair_ids shape=(16,), range=76..10662, coefficients shape=(16, 2), sample_weights shape=(16,), zero_neighbor_targets=0
GRAB train batch 26: pair_ids shape=(16,), range=72..10360, coefficients shape=(16, 2), sample_weights shape=(16,), zero_neighbor_targets=0
GRAB train batch 27: pair_ids shape=(16,), range=1..9696, coefficients shape=(16, 2), sample_weights shape=(16,), zero_neighbor_targets=0
GRAB train batch 28: pair_ids shape=(16,), range=119..9954, coefficients shape=(16, 2), sample_weights shape=(16,), zero_neighbor_targets=0
GRAB train batch 29: pair_ids shape=(16,), range=7..10453, coefficients shape=(16, 2), sample_weights shape=(16,), zero_neighbor_targets=0
GRAB train batch 30: pair_ids shape=(16,), range=91..10331, coefficients shape=(16, 2), sample_weights shape=(16,), zero_neighbor_targets=0
GRAB train batch 31: pair_ids shape=(16,), range=18..7795, coefficients shape=(16, 2), sample_weights shape=(16,), zero_neighbor_targets=0
GRAB train batch 32: pair_ids shape=(16,), range=111..10384, coefficients shape=(16, 2), sample_weights shape=(16,), zero_neighbor_targets=0
GRAB train batch 33: pair_ids shape=(16,), range=6..10987, coefficients shape=(16, 2), sample_weights shape=(16,), zero_neighbor_targets=0
GRAB train batch 34: pair_ids shape=(16,), range=45..10742, coefficients shape=(16, 2), sample_weights shape=(16,), zero_neighbor_targets=0
GRAB train batch 35: pair_ids shape=(16,), range=35..10502, coefficients shape=(16, 2), sample_weights shape=(16,), zero_neighbor_targets=0
GRAB train batch 36: pair_ids shape=(16,), range=70..8951, coefficients shape=(16, 2), sample_weights shape=(16,), zero_neighbor_targets=0
GRAB train batch 37: pair_ids shape=(16,), range=310..8729, coefficients shape=(16, 2), sample_weights shape=(16,), zero_neighbor_targets=0
GRAB train batch 38: pair_ids shape=(16,), range=30..8658, coefficients shape=(16, 2), sample_weights shape=(16,), zero_neighbor_targets=0
GRAB train batch 39: pair_ids shape=(16,), range=97..10225, coefficients shape=(16, 2), sample_weights shape=(16,), zero_neighbor_targets=0
GRAB train batch 40: pair_ids shape=(16,), range=96..10627, coefficients shape=(16, 2), sample_weights shape=(16,), zero_neighbor_targets=0
GRAB train batch 41: pair_ids shape=(16,), range=23..10590, coefficients shape=(16, 2), sample_weights shape=(16,), zero_neighbor_targets=0
GRAB train batch 42: pair_ids shape=(16,), range=173..10398, coefficients shape=(16, 2), sample_weights shape=(16,), zero_neighbor_targets=0
GRAB train batch 43: pair_ids shape=(16,), range=8..10248, coefficients shape=(16, 2), sample_weights shape=(16,), zero_neighbor_targets=0
GRAB train batch 44: pair_ids shape=(16,), range=92..10537, coefficients shape=(16, 2), sample_weights shape=(16,), zero_neighbor_targets=0
GRAB train batch 45: pair_ids shape=(16,), range=20..10205, coefficients shape=(16, 2), sample_weights shape=(16,), zero_neighbor_targets=0
GRAB train batch 46: pair_ids shape=(16,), range=33..10728, coefficients shape=(16, 2), sample_weights shape=(16,), zero_neighbor_targets=0
GRAB train batch 47: pair_ids shape=(16,), range=120..9017, coefficients shape=(16, 2), sample_weights shape=(16,), zero_neighbor_targets=0
GRAB train batch 48: pair_ids shape=(16,), range=34..10836, coefficients shape=(16, 2), sample_weights shape=(16,), zero_neighbor_targets=0
GRAB train batch 49: pair_ids shape=(16,), range=27..8310, coefficients shape=(16, 2), sample_weights shape=(16,), zero_neighbor_targets=0
GRAB train batch 50: pair_ids shape=(16,), range=4..7975, coefficients shape=(16, 2), sample_weights shape=(16,), zero_neighbor_targets=0
GRAB train batch 51: pair_ids shape=(16,), range=154..10984, coefficients shape=(16, 2), sample_weights shape=(16,), zero_neighbor_targets=0
GRAB train batch 52: pair_ids shape=(16,), range=199..9488, coefficients shape=(16, 2), sample_weights shape=(16,), zero_neighbor_targets=0
GRAB train batch 53: pair_ids shape=(16,), range=11..9146, coefficients shape=(16, 2), sample_weights shape=(16,), zero_neighbor_targets=0
GRAB train batch 54: pair_ids shape=(16,), range=321..10988, coefficients shape=(16, 2), sample_weights shape=(16,), zero_neighbor_targets=0
GRAB train batch 55: pair_ids shape=(16,), range=132..10935, coefficients shape=(16, 2), sample_weights shape=(16,), zero_neighbor_targets=0
GRAB train batch 56: pair_ids shape=(16,), range=128..10524, coefficients shape=(16, 2), sample_weights shape=(16,), zero_neighbor_targets=0
GRAB train batch 57: pair_ids shape=(16,), range=242..10411, coefficients shape=(16, 2), sample_weights shape=(16,), zero_neighbor_targets=0
GRAB train batch 58: pair_ids shape=(16,), range=252..10795, coefficients shape=(16, 2), sample_weights shape=(16,), zero_neighbor_targets=0
GRAB train batch 59: pair_ids shape=(16,), range=28..9023, coefficients shape=(16, 2), sample_weights shape=(16,), zero_neighbor_targets=0
GRAB train batch 60: pair_ids shape=(16,), range=13..10462, coefficients shape=(16, 2), sample_weights shape=(16,), zero_neighbor_targets=0
GRAB train batch 61: pair_ids shape=(16,), range=88..10891, coefficients shape=(16, 2), sample_weights shape=(16,), zero_neighbor_targets=0
GRAB train batch 62: pair_ids shape=(16,), range=159..10851, coefficients shape=(16, 2), sample_weights shape=(16,), zero_neighbor_targets=0
GRAB train batch 63: pair_ids shape=(16,), range=14..10009, coefficients shape=(16, 2), sample_weights shape=(16,), zero_neighbor_targets=0
GRAB train batch 64: pair_ids shape=(16,), range=25..7607, coefficients shape=(16, 2), sample_weights shape=(16,), zero_neighbor_targets=0
GRAB train batch 65: pair_ids shape=(16,), range=117..10475, coefficients shape=(16, 2), sample_weights shape=(16,), zero_neighbor_targets=0
GRAB train batch 66: pair_ids shape=(16,), range=157..9249, coefficients shape=(16, 2), sample_weights shape=(16,), zero_neighbor_targets=0
GRAB train batch 67: pair_ids shape=(16,), range=21..10850, coefficients shape=(16, 2), sample_weights shape=(16,), zero_neighbor_targets=0
GRAB train batch 68: pair_ids shape=(16,), range=44..9840, coefficients shape=(16, 2), sample_weights shape=(16,), zero_neighbor_targets=0
GRAB train batch 69: pair_ids shape=(16,), range=158..10817, coefficients shape=(16, 2), sample_weights shape=(16,), zero_neighbor_targets=0
GRAB train batch 70: pair_ids shape=(16,), range=136..9135, coefficients shape=(16, 2), sample_weights shape=(16,), zero_neighbor_targets=0
GRAB train batch 71: pair_ids shape=(16,), range=3..10811, coefficients shape=(16, 2), sample_weights shape=(16,), zero_neighbor_targets=0
GRAB train batch 72: pair_ids shape=(16,), range=78..9622, coefficients shape=(16, 2), sample_weights shape=(16,), zero_neighbor_targets=0
GRAB train batch 73: pair_ids shape=(16,), range=101..9387, coefficients shape=(16, 2), sample_weights shape=(16,), zero_neighbor_targets=0
GRAB train batch 74: pair_ids shape=(16,), range=0..9186, coefficients shape=(16, 2), sample_weights shape=(16,), zero_neighbor_targets=0
GRAB train batch 75: pair_ids shape=(16,), range=65..10227, coefficients shape=(16, 2), sample_weights shape=(16,), zero_neighbor_targets=0
GRAB train batch 76: pair_ids shape=(16,), range=36..10237, coefficients shape=(16, 2), sample_weights shape=(16,), zero_neighbor_targets=0
GRAB train batch 77: pair_ids shape=(8,), range=95..10393, coefficients shape=(8, 2), sample_weights shape=(8,), zero_neighbor_targets=0
VALIDATION
valid epoch balanced_accuracy: 0.481685
EPOCH 22:
GRAB train batch 1: pair_ids shape=(16,), range=6..10987, coefficients shape=(16, 2), sample_weights shape=(16,), zero_neighbor_targets=0
GRAB train batch 2: pair_ids shape=(16,), range=138..7863, coefficients shape=(16, 2), sample_weights shape=(16,), zero_neighbor_targets=0
GRAB train batch 3: pair_ids shape=(16,), range=22..10627, coefficients shape=(16, 2), sample_weights shape=(16,), zero_neighbor_targets=0
GRAB train batch 4: pair_ids shape=(16,), range=212..6605, coefficients shape=(16, 2), sample_weights shape=(16,), zero_neighbor_targets=0
GRAB train batch 5: pair_ids shape=(16,), range=14..10473, coefficients shape=(16, 2), sample_weights shape=(16,), zero_neighbor_targets=0
GRAB train batch 6: pair_ids shape=(16,), range=200..10005, coefficients shape=(16, 2), sample_weights shape=(16,), zero_neighbor_targets=0
GRAB train batch 7: pair_ids shape=(16,), range=8..10500, coefficients shape=(16, 2), sample_weights shape=(16,), zero_neighbor_targets=0
GRAB train batch 8: pair_ids shape=(16,), range=110..10984, coefficients shape=(16, 2), sample_weights shape=(16,), zero_neighbor_targets=0
GRAB train batch 9: pair_ids shape=(16,), range=37..9795, coefficients shape=(16, 2), sample_weights shape=(16,), zero_neighbor_targets=0
GRAB train batch 10: pair_ids shape=(16,), range=24..8081, coefficients shape=(16, 2), sample_weights shape=(16,), zero_neighbor_targets=0
GRAB train batch 11: pair_ids shape=(16,), range=21..9017, coefficients shape=(16, 2), sample_weights shape=(16,), zero_neighbor_targets=0
GRAB train batch 12: pair_ids shape=(16,), range=18..9937, coefficients shape=(16, 2), sample_weights shape=(16,), zero_neighbor_targets=0
GRAB train batch 13: pair_ids shape=(16,), range=456..9459, coefficients shape=(16, 2), sample_weights shape=(16,), zero_neighbor_targets=0
GRAB train batch 14: pair_ids shape=(16,), range=150..10742, coefficients shape=(16, 2), sample_weights shape=(16,), zero_neighbor_targets=0
GRAB train batch 15: pair_ids shape=(16,), range=27..9391, coefficients shape=(16, 2), sample_weights shape=(16,), zero_neighbor_targets=0
GRAB train batch 16: pair_ids shape=(16,), range=69..10027, coefficients shape=(16, 2), sample_weights shape=(16,), zero_neighbor_targets=0
GRAB train batch 17: pair_ids shape=(16,), range=97..7894, coefficients shape=(16, 2), sample_weights shape=(16,), zero_neighbor_targets=0
GRAB train batch 18: pair_ids shape=(16,), range=28..5171, coefficients shape=(16, 2), sample_weights shape=(16,), zero_neighbor_targets=0
GRAB train batch 19: pair_ids shape=(16,), range=3..10362, coefficients shape=(16, 2), sample_weights shape=(16,), zero_neighbor_targets=0
GRAB train batch 20: pair_ids shape=(16,), range=5..10836, coefficients shape=(16, 2), sample_weights shape=(16,), zero_neighbor_targets=0
GRAB train batch 21: pair_ids shape=(16,), range=29..10248, coefficients shape=(16, 2), sample_weights shape=(16,), zero_neighbor_targets=0
GRAB train batch 22: pair_ids shape=(16,), range=34..7987, coefficients shape=(16, 2), sample_weights shape=(16,), zero_neighbor_targets=0
GRAB train batch 23: pair_ids shape=(16,), range=64..9036, coefficients shape=(16, 2), sample_weights shape=(16,), zero_neighbor_targets=0
GRAB train batch 24: pair_ids shape=(16,), range=40..10600, coefficients shape=(16, 2), sample_weights shape=(16,), zero_neighbor_targets=0
GRAB train batch 25: pair_ids shape=(16,), range=91..10393, coefficients shape=(16, 2), sample_weights shape=(16,), zero_neighbor_targets=0
GRAB train batch 26: pair_ids shape=(16,), range=109..10891, coefficients shape=(16, 2), sample_weights shape=(16,), zero_neighbor_targets=0
GRAB train batch 27: pair_ids shape=(16,), range=41..9387, coefficients shape=(16, 2), sample_weights shape=(16,), zero_neighbor_targets=0
GRAB train batch 28: pair_ids shape=(16,), range=326..10795, coefficients shape=(16, 2), sample_weights shape=(16,), zero_neighbor_targets=0
GRAB train batch 29: pair_ids shape=(16,), range=33..10590, coefficients shape=(16, 2), sample_weights shape=(16,), zero_neighbor_targets=0
GRAB train batch 30: pair_ids shape=(16,), range=30..10524, coefficients shape=(16, 2), sample_weights shape=(16,), zero_neighbor_targets=0
GRAB train batch 31: pair_ids shape=(16,), range=128..9887, coefficients shape=(16, 2), sample_weights shape=(16,), zero_neighbor_targets=0
GRAB train batch 32: pair_ids shape=(16,), range=4..5896, coefficients shape=(16, 2), sample_weights shape=(16,), zero_neighbor_targets=0
GRAB train batch 33: pair_ids shape=(16,), range=172..9739, coefficients shape=(16, 2), sample_weights shape=(16,), zero_neighbor_targets=0
GRAB train batch 34: pair_ids shape=(16,), range=10..10222, coefficients shape=(16, 2), sample_weights shape=(16,), zero_neighbor_targets=0
GRAB train batch 35: pair_ids shape=(16,), range=174..10502, coefficients shape=(16, 2), sample_weights shape=(16,), zero_neighbor_targets=0
GRAB train batch 36: pair_ids shape=(16,), range=15..10453, coefficients shape=(16, 2), sample_weights shape=(16,), zero_neighbor_targets=0
GRAB train batch 37: pair_ids shape=(16,), range=129..6818, coefficients shape=(16, 2), sample_weights shape=(16,), zero_neighbor_targets=0
GRAB train batch 38: pair_ids shape=(16,), range=136..8157, coefficients shape=(16, 2), sample_weights shape=(16,), zero_neighbor_targets=0
GRAB train batch 39: pair_ids shape=(16,), range=117..10850, coefficients shape=(16, 2), sample_weights shape=(16,), zero_neighbor_targets=0
GRAB train batch 40: pair_ids shape=(16,), range=85..9822, coefficients shape=(16, 2), sample_weights shape=(16,), zero_neighbor_targets=0
GRAB train batch 41: pair_ids shape=(16,), range=169..6765, coefficients shape=(16, 2), sample_weights shape=(16,), zero_neighbor_targets=0
GRAB train batch 42: pair_ids shape=(16,), range=43..10360, coefficients shape=(16, 2), sample_weights shape=(16,), zero_neighbor_targets=0
GRAB train batch 43: pair_ids shape=(16,), range=11..10994, coefficients shape=(16, 2), sample_weights shape=(16,), zero_neighbor_targets=0
GRAB train batch 44: pair_ids shape=(16,), range=245..10225, coefficients shape=(16, 2), sample_weights shape=(16,), zero_neighbor_targets=0
GRAB train batch 45: pair_ids shape=(16,), range=7..9696, coefficients shape=(16, 2), sample_weights shape=(16,), zero_neighbor_targets=0
GRAB train batch 46: pair_ids shape=(16,), range=71..10851, coefficients shape=(16, 2), sample_weights shape=(16,), zero_neighbor_targets=0
GRAB train batch 47: pair_ids shape=(16,), range=244..10299, coefficients shape=(16, 2), sample_weights shape=(16,), zero_neighbor_targets=0
GRAB train batch 48: pair_ids shape=(16,), range=16..10447, coefficients shape=(16, 2), sample_weights shape=(16,), zero_neighbor_targets=0
GRAB train batch 49: pair_ids shape=(16,), range=132..10988, coefficients shape=(16, 2), sample_weights shape=(16,), zero_neighbor_targets=0
GRAB train batch 50: pair_ids shape=(16,), range=76..9704, coefficients shape=(16, 2), sample_weights shape=(16,), zero_neighbor_targets=0
GRAB train batch 51: pair_ids shape=(16,), range=32..10728, coefficients shape=(16, 2), sample_weights shape=(16,), zero_neighbor_targets=0
GRAB train batch 52: pair_ids shape=(16,), range=19..9840, coefficients shape=(16, 2), sample_weights shape=(16,), zero_neighbor_targets=0
GRAB train batch 53: pair_ids shape=(16,), range=74..9272, coefficients shape=(16, 2), sample_weights shape=(16,), zero_neighbor_targets=0
GRAB train batch 54: pair_ids shape=(16,), range=135..8363, coefficients shape=(16, 2), sample_weights shape=(16,), zero_neighbor_targets=0
GRAB train batch 55: pair_ids shape=(16,), range=68..10227, coefficients shape=(16, 2), sample_weights shape=(16,), zero_neighbor_targets=0
GRAB train batch 56: pair_ids shape=(16,), range=180..9914, coefficients shape=(16, 2), sample_weights shape=(16,), zero_neighbor_targets=0
GRAB train batch 57: pair_ids shape=(16,), range=36..10396, coefficients shape=(16, 2), sample_weights shape=(16,), zero_neighbor_targets=0
GRAB train batch 58: pair_ids shape=(16,), range=167..10384, coefficients shape=(16, 2), sample_weights shape=(16,), zero_neighbor_targets=0
GRAB train batch 59: pair_ids shape=(16,), range=104..10522, coefficients shape=(16, 2), sample_weights shape=(16,), zero_neighbor_targets=0
GRAB train batch 60: pair_ids shape=(16,), range=116..9818, coefficients shape=(16, 2), sample_weights shape=(16,), zero_neighbor_targets=0
GRAB train batch 61: pair_ids shape=(16,), range=70..10772, coefficients shape=(16, 2), sample_weights shape=(16,), zero_neighbor_targets=0
GRAB train batch 62: pair_ids shape=(16,), range=108..9956, coefficients shape=(16, 2), sample_weights shape=(16,), zero_neighbor_targets=0
GRAB train batch 63: pair_ids shape=(16,), range=42..7782, coefficients shape=(16, 2), sample_weights shape=(16,), zero_neighbor_targets=0
GRAB train batch 64: pair_ids shape=(16,), range=99..9939, coefficients shape=(16, 2), sample_weights shape=(16,), zero_neighbor_targets=0
GRAB train batch 65: pair_ids shape=(16,), range=31..10398, coefficients shape=(16, 2), sample_weights shape=(16,), zero_neighbor_targets=0
GRAB train batch 66: pair_ids shape=(16,), range=75..10537, coefficients shape=(16, 2), sample_weights shape=(16,), zero_neighbor_targets=0
GRAB train batch 67: pair_ids shape=(16,), range=90..9196, coefficients shape=(16, 2), sample_weights shape=(16,), zero_neighbor_targets=0
GRAB train batch 68: pair_ids shape=(16,), range=0..10331, coefficients shape=(16, 2), sample_weights shape=(16,), zero_neighbor_targets=0
GRAB train batch 69: pair_ids shape=(16,), range=2..10800, coefficients shape=(16, 2), sample_weights shape=(16,), zero_neighbor_targets=0
GRAB train batch 70: pair_ids shape=(16,), range=88..10764, coefficients shape=(16, 2), sample_weights shape=(16,), zero_neighbor_targets=0
GRAB train batch 71: pair_ids shape=(16,), range=9..10685, coefficients shape=(16, 2), sample_weights shape=(16,), zero_neighbor_targets=0
GRAB train batch 72: pair_ids shape=(16,), range=20..8563, coefficients shape=(16, 2), sample_weights shape=(16,), zero_neighbor_targets=0
GRAB train batch 73: pair_ids shape=(16,), range=410..9698, coefficients shape=(16, 2), sample_weights shape=(16,), zero_neighbor_targets=0
GRAB train batch 74: pair_ids shape=(16,), range=89..10935, coefficients shape=(16, 2), sample_weights shape=(16,), zero_neighbor_targets=0
GRAB train batch 75: pair_ids shape=(16,), range=77..7286, coefficients shape=(16, 2), sample_weights shape=(16,), zero_neighbor_targets=0
GRAB train batch 76: pair_ids shape=(16,), range=1..10471, coefficients shape=(16, 2), sample_weights shape=(16,), zero_neighbor_targets=0
GRAB train batch 77: pair_ids shape=(8,), range=262..9403, coefficients shape=(8, 2), sample_weights shape=(8,), zero_neighbor_targets=0
VALIDATION
valid epoch balanced_accuracy: 0.195971
EPOCH 23:
GRAB train batch 1: pair_ids shape=(16,), range=88..10800, coefficients shape=(16, 2), sample_weights shape=(16,), zero_neighbor_targets=0
GRAB train batch 2: pair_ids shape=(16,), range=132..7795, coefficients shape=(16, 2), sample_weights shape=(16,), zero_neighbor_targets=0
GRAB train batch 3: pair_ids shape=(16,), range=9..9954, coefficients shape=(16, 2), sample_weights shape=(16,), zero_neighbor_targets=0
GRAB train batch 4: pair_ids shape=(16,), range=121..10764, coefficients shape=(16, 2), sample_weights shape=(16,), zero_neighbor_targets=0
GRAB train batch 5: pair_ids shape=(16,), range=21..10590, coefficients shape=(16, 2), sample_weights shape=(16,), zero_neighbor_targets=0
GRAB train batch 6: pair_ids shape=(16,), range=29..9180, coefficients shape=(16, 2), sample_weights shape=(16,), zero_neighbor_targets=0
GRAB train batch 7: pair_ids shape=(16,), range=130..8279, coefficients shape=(16, 2), sample_weights shape=(16,), zero_neighbor_targets=0
GRAB train batch 8: pair_ids shape=(16,), range=31..10502, coefficients shape=(16, 2), sample_weights shape=(16,), zero_neighbor_targets=0
GRAB train batch 9: pair_ids shape=(16,), range=243..10299, coefficients shape=(16, 2), sample_weights shape=(16,), zero_neighbor_targets=0
GRAB train batch 10: pair_ids shape=(16,), range=315..10411, coefficients shape=(16, 2), sample_weights shape=(16,), zero_neighbor_targets=0
GRAB train batch 11: pair_ids shape=(16,), range=22..9608, coefficients shape=(16, 2), sample_weights shape=(16,), zero_neighbor_targets=0
GRAB train batch 12: pair_ids shape=(16,), range=19..9956, coefficients shape=(16, 2), sample_weights shape=(16,), zero_neighbor_targets=0
GRAB train batch 13: pair_ids shape=(16,), range=11..10396, coefficients shape=(16, 2), sample_weights shape=(16,), zero_neighbor_targets=0
GRAB train batch 14: pair_ids shape=(16,), range=43..10009, coefficients shape=(16, 2), sample_weights shape=(16,), zero_neighbor_targets=0
GRAB train batch 15: pair_ids shape=(16,), range=78..4209, coefficients shape=(16, 2), sample_weights shape=(16,), zero_neighbor_targets=0
GRAB train batch 16: pair_ids shape=(16,), range=40..7137, coefficients shape=(16, 2), sample_weights shape=(16,), zero_neighbor_targets=0
GRAB train batch 17: pair_ids shape=(16,), range=171..9887, coefficients shape=(16, 2), sample_weights shape=(16,), zero_neighbor_targets=0
GRAB train batch 18: pair_ids shape=(16,), range=89..10248, coefficients shape=(16, 2), sample_weights shape=(16,), zero_neighbor_targets=0
GRAB train batch 19: pair_ids shape=(16,), range=71..6886, coefficients shape=(16, 2), sample_weights shape=(16,), zero_neighbor_targets=0
GRAB train batch 20: pair_ids shape=(16,), range=135..7987, coefficients shape=(16, 2), sample_weights shape=(16,), zero_neighbor_targets=0
GRAB train batch 21: pair_ids shape=(16,), range=2..9478, coefficients shape=(16, 2), sample_weights shape=(16,), zero_neighbor_targets=0
GRAB train batch 22: pair_ids shape=(16,), range=138..10522, coefficients shape=(16, 2), sample_weights shape=(16,), zero_neighbor_targets=0
GRAB train batch 23: pair_ids shape=(16,), range=248..10742, coefficients shape=(16, 2), sample_weights shape=(16,), zero_neighbor_targets=0
GRAB train batch 24: pair_ids shape=(16,), range=20..10264, coefficients shape=(16, 2), sample_weights shape=(16,), zero_neighbor_targets=0
GRAB train batch 25: pair_ids shape=(16,), range=26..10685, coefficients shape=(16, 2), sample_weights shape=(16,), zero_neighbor_targets=0
GRAB train batch 26: pair_ids shape=(16,), range=45..10851, coefficients shape=(16, 2), sample_weights shape=(16,), zero_neighbor_targets=0
GRAB train batch 27: pair_ids shape=(16,), range=35..10524, coefficients shape=(16, 2), sample_weights shape=(16,), zero_neighbor_targets=0
GRAB train batch 28: pair_ids shape=(16,), range=106..10627, coefficients shape=(16, 2), sample_weights shape=(16,), zero_neighbor_targets=0
GRAB train batch 29: pair_ids shape=(16,), range=23..10462, coefficients shape=(16, 2), sample_weights shape=(16,), zero_neighbor_targets=0
GRAB train batch 30: pair_ids shape=(16,), range=69..9220, coefficients shape=(16, 2), sample_weights shape=(16,), zero_neighbor_targets=0
GRAB train batch 31: pair_ids shape=(16,), range=263..10312, coefficients shape=(16, 2), sample_weights shape=(16,), zero_neighbor_targets=0
GRAB train batch 32: pair_ids shape=(16,), range=36..9045, coefficients shape=(16, 2), sample_weights shape=(16,), zero_neighbor_targets=0
GRAB train batch 33: pair_ids shape=(16,), range=41..10435, coefficients shape=(16, 2), sample_weights shape=(16,), zero_neighbor_targets=0
GRAB train batch 34: pair_ids shape=(16,), range=87..10935, coefficients shape=(16, 2), sample_weights shape=(16,), zero_neighbor_targets=0
GRAB train batch 35: pair_ids shape=(16,), range=70..10994, coefficients shape=(16, 2), sample_weights shape=(16,), zero_neighbor_targets=0
GRAB train batch 36: pair_ids shape=(16,), range=102..10987, coefficients shape=(16, 2), sample_weights shape=(16,), zero_neighbor_targets=0
GRAB train batch 37: pair_ids shape=(16,), range=37..10331, coefficients shape=(16, 2), sample_weights shape=(16,), zero_neighbor_targets=0
GRAB train batch 38: pair_ids shape=(16,), range=28..10795, coefficients shape=(16, 2), sample_weights shape=(16,), zero_neighbor_targets=0
GRAB train batch 39: pair_ids shape=(16,), range=4..9598, coefficients shape=(16, 2), sample_weights shape=(16,), zero_neighbor_targets=0
GRAB train batch 40: pair_ids shape=(16,), range=14..9537, coefficients shape=(16, 2), sample_weights shape=(16,), zero_neighbor_targets=0
GRAB train batch 41: pair_ids shape=(16,), range=64..9622, coefficients shape=(16, 2), sample_weights shape=(16,), zero_neighbor_targets=0
GRAB train batch 42: pair_ids shape=(16,), range=30..5399, coefficients shape=(16, 2), sample_weights shape=(16,), zero_neighbor_targets=0
GRAB train batch 43: pair_ids shape=(16,), range=96..10475, coefficients shape=(16, 2), sample_weights shape=(16,), zero_neighbor_targets=0
GRAB train batch 44: pair_ids shape=(16,), range=81..10393, coefficients shape=(16, 2), sample_weights shape=(16,), zero_neighbor_targets=0
GRAB train batch 45: pair_ids shape=(16,), range=146..9387, coefficients shape=(16, 2), sample_weights shape=(16,), zero_neighbor_targets=0
GRAB train batch 46: pair_ids shape=(16,), range=107..9914, coefficients shape=(16, 2), sample_weights shape=(16,), zero_neighbor_targets=0
GRAB train batch 47: pair_ids shape=(16,), range=0..9319, coefficients shape=(16, 2), sample_weights shape=(16,), zero_neighbor_targets=0
GRAB train batch 48: pair_ids shape=(16,), range=98..9471, coefficients shape=(16, 2), sample_weights shape=(16,), zero_neighbor_targets=0
GRAB train batch 49: pair_ids shape=(16,), range=34..7798, coefficients shape=(16, 2), sample_weights shape=(16,), zero_neighbor_targets=0
GRAB train batch 50: pair_ids shape=(16,), range=125..10027, coefficients shape=(16, 2), sample_weights shape=(16,), zero_neighbor_targets=0
GRAB train batch 51: pair_ids shape=(16,), range=105..10836, coefficients shape=(16, 2), sample_weights shape=(16,), zero_neighbor_targets=0
GRAB train batch 52: pair_ids shape=(16,), range=13..10471, coefficients shape=(16, 2), sample_weights shape=(16,), zero_neighbor_targets=0
GRAB train batch 53: pair_ids shape=(16,), range=8..7536, coefficients shape=(16, 2), sample_weights shape=(16,), zero_neighbor_targets=0
GRAB train batch 54: pair_ids shape=(16,), range=134..10891, coefficients shape=(16, 2), sample_weights shape=(16,), zero_neighbor_targets=0
GRAB train batch 55: pair_ids shape=(16,), range=27..10453, coefficients shape=(16, 2), sample_weights shape=(16,), zero_neighbor_targets=0
GRAB train batch 56: pair_ids shape=(16,), range=16..10728, coefficients shape=(16, 2), sample_weights shape=(16,), zero_neighbor_targets=0
GRAB train batch 57: pair_ids shape=(16,), range=92..10227, coefficients shape=(16, 2), sample_weights shape=(16,), zero_neighbor_targets=0
GRAB train batch 58: pair_ids shape=(16,), range=68..8876, coefficients shape=(16, 2), sample_weights shape=(16,), zero_neighbor_targets=0
GRAB train batch 59: pair_ids shape=(16,), range=143..10398, coefficients shape=(16, 2), sample_weights shape=(16,), zero_neighbor_targets=0
GRAB train batch 60: pair_ids shape=(16,), range=137..9995, coefficients shape=(16, 2), sample_weights shape=(16,), zero_neighbor_targets=0
GRAB train batch 61: pair_ids shape=(16,), range=65..10988, coefficients shape=(16, 2), sample_weights shape=(16,), zero_neighbor_targets=0
GRAB train batch 62: pair_ids shape=(16,), range=131..10984, coefficients shape=(16, 2), sample_weights shape=(16,), zero_neighbor_targets=0
GRAB train batch 63: pair_ids shape=(16,), range=85..10772, coefficients shape=(16, 2), sample_weights shape=(16,), zero_neighbor_targets=0
GRAB train batch 64: pair_ids shape=(16,), range=5..7511, coefficients shape=(16, 2), sample_weights shape=(16,), zero_neighbor_targets=0
GRAB train batch 65: pair_ids shape=(16,), range=84..10811, coefficients shape=(16, 2), sample_weights shape=(16,), zero_neighbor_targets=0
GRAB train batch 66: pair_ids shape=(16,), range=44..9459, coefficients shape=(16, 2), sample_weights shape=(16,), zero_neighbor_targets=0
GRAB train batch 67: pair_ids shape=(16,), range=24..10662, coefficients shape=(16, 2), sample_weights shape=(16,), zero_neighbor_targets=0
GRAB train batch 68: pair_ids shape=(16,), range=10..9696, coefficients shape=(16, 2), sample_weights shape=(16,), zero_neighbor_targets=0
GRAB train batch 69: pair_ids shape=(16,), range=136..10404, coefficients shape=(16, 2), sample_weights shape=(16,), zero_neighbor_targets=0
GRAB train batch 70: pair_ids shape=(16,), range=109..9057, coefficients shape=(16, 2), sample_weights shape=(16,), zero_neighbor_targets=0
GRAB train batch 71: pair_ids shape=(16,), range=12..10600, coefficients shape=(16, 2), sample_weights shape=(16,), zero_neighbor_targets=0
GRAB train batch 72: pair_ids shape=(16,), range=3..10170, coefficients shape=(16, 2), sample_weights shape=(16,), zero_neighbor_targets=0
GRAB train batch 73: pair_ids shape=(16,), range=82..7583, coefficients shape=(16, 2), sample_weights shape=(16,), zero_neighbor_targets=0
GRAB train batch 74: pair_ids shape=(16,), range=80..7952, coefficients shape=(16, 2), sample_weights shape=(16,), zero_neighbor_targets=0
GRAB train batch 75: pair_ids shape=(16,), range=17..9840, coefficients shape=(16, 2), sample_weights shape=(16,), zero_neighbor_targets=0
GRAB train batch 76: pair_ids shape=(16,), range=1..10817, coefficients shape=(16, 2), sample_weights shape=(16,), zero_neighbor_targets=0
GRAB train batch 77: pair_ids shape=(8,), range=75..720, coefficients shape=(8, 2), sample_weights shape=(8,), zero_neighbor_targets=0
VALIDATION
valid epoch balanced_accuracy: 0.267399
EPOCH 24:
GRAB train batch 1: pair_ids shape=(16,), range=6..10522, coefficients shape=(16, 2), sample_weights shape=(16,), zero_neighbor_targets=0
GRAB train batch 2: pair_ids shape=(16,), range=71..9840, coefficients shape=(16, 2), sample_weights shape=(16,), zero_neighbor_targets=0
GRAB train batch 3: pair_ids shape=(16,), range=26..10850, coefficients shape=(16, 2), sample_weights shape=(16,), zero_neighbor_targets=0
GRAB train batch 4: pair_ids shape=(16,), range=84..10662, coefficients shape=(16, 2), sample_weights shape=(16,), zero_neighbor_targets=0
GRAB train batch 5: pair_ids shape=(16,), range=113..8911, coefficients shape=(16, 2), sample_weights shape=(16,), zero_neighbor_targets=0
GRAB train batch 6: pair_ids shape=(16,), range=19..10891, coefficients shape=(16, 2), sample_weights shape=(16,), zero_neighbor_targets=0
GRAB train batch 7: pair_ids shape=(16,), range=37..6283, coefficients shape=(16, 2), sample_weights shape=(16,), zero_neighbor_targets=0
GRAB train batch 8: pair_ids shape=(16,), range=27..10984, coefficients shape=(16, 2), sample_weights shape=(16,), zero_neighbor_targets=0
GRAB train batch 9: pair_ids shape=(16,), range=8..10742, coefficients shape=(16, 2), sample_weights shape=(16,), zero_neighbor_targets=0
GRAB train batch 10: pair_ids shape=(16,), range=83..10764, coefficients shape=(16, 2), sample_weights shape=(16,), zero_neighbor_targets=0
GRAB train batch 11: pair_ids shape=(16,), range=1..8951, coefficients shape=(16, 2), sample_weights shape=(16,), zero_neighbor_targets=0
GRAB train batch 12: pair_ids shape=(16,), range=86..10331, coefficients shape=(16, 2), sample_weights shape=(16,), zero_neighbor_targets=0
GRAB train batch 13: pair_ids shape=(16,), range=7..10312, coefficients shape=(16, 2), sample_weights shape=(16,), zero_neighbor_targets=0
GRAB train batch 14: pair_ids shape=(16,), range=243..9696, coefficients shape=(16, 2), sample_weights shape=(16,), zero_neighbor_targets=0
GRAB train batch 15: pair_ids shape=(16,), range=36..10811, coefficients shape=(16, 2), sample_weights shape=(16,), zero_neighbor_targets=0
GRAB train batch 16: pair_ids shape=(16,), range=104..10987, coefficients shape=(16, 2), sample_weights shape=(16,), zero_neighbor_targets=0
GRAB train batch 17: pair_ids shape=(16,), range=91..9097, coefficients shape=(16, 2), sample_weights shape=(16,), zero_neighbor_targets=0
GRAB train batch 18: pair_ids shape=(16,), range=24..9914, coefficients shape=(16, 2), sample_weights shape=(16,), zero_neighbor_targets=0
GRAB train batch 19: pair_ids shape=(16,), range=122..9146, coefficients shape=(16, 2), sample_weights shape=(16,), zero_neighbor_targets=0
GRAB train batch 20: pair_ids shape=(16,), range=22..10259, coefficients shape=(16, 2), sample_weights shape=(16,), zero_neighbor_targets=0
GRAB train batch 21: pair_ids shape=(16,), range=258..10502, coefficients shape=(16, 2), sample_weights shape=(16,), zero_neighbor_targets=0
GRAB train batch 22: pair_ids shape=(16,), range=252..7456, coefficients shape=(16, 2), sample_weights shape=(16,), zero_neighbor_targets=0
GRAB train batch 23: pair_ids shape=(16,), range=184..10473, coefficients shape=(16, 2), sample_weights shape=(16,), zero_neighbor_targets=0
GRAB train batch 24: pair_ids shape=(16,), range=103..10475, coefficients shape=(16, 2), sample_weights shape=(16,), zero_neighbor_targets=0
GRAB train batch 25: pair_ids shape=(16,), range=11..10396, coefficients shape=(16, 2), sample_weights shape=(16,), zero_neighbor_targets=0
GRAB train batch 26: pair_ids shape=(16,), range=81..8731, coefficients shape=(16, 2), sample_weights shape=(16,), zero_neighbor_targets=0
GRAB train batch 27: pair_ids shape=(16,), range=111..6709, coefficients shape=(16, 2), sample_weights shape=(16,), zero_neighbor_targets=0
GRAB train batch 28: pair_ids shape=(16,), range=418..10851, coefficients shape=(16, 2), sample_weights shape=(16,), zero_neighbor_targets=0
GRAB train batch 29: pair_ids shape=(16,), range=0..9995, coefficients shape=(16, 2), sample_weights shape=(16,), zero_neighbor_targets=0
GRAB train batch 30: pair_ids shape=(16,), range=42..9272, coefficients shape=(16, 2), sample_weights shape=(16,), zero_neighbor_targets=0
GRAB train batch 31: pair_ids shape=(16,), range=73..10264, coefficients shape=(16, 2), sample_weights shape=(16,), zero_neighbor_targets=0
GRAB train batch 32: pair_ids shape=(16,), range=4..10524, coefficients shape=(16, 2), sample_weights shape=(16,), zero_neighbor_targets=0
GRAB train batch 33: pair_ids shape=(16,), range=29..9262, coefficients shape=(16, 2), sample_weights shape=(16,), zero_neighbor_targets=0
GRAB train batch 34: pair_ids shape=(16,), range=23..9608, coefficients shape=(16, 2), sample_weights shape=(16,), zero_neighbor_targets=0
GRAB train batch 35: pair_ids shape=(16,), range=14..10462, coefficients shape=(16, 2), sample_weights shape=(16,), zero_neighbor_targets=0
GRAB train batch 36: pair_ids shape=(16,), range=10..8678, coefficients shape=(16, 2), sample_weights shape=(16,), zero_neighbor_targets=0
GRAB train batch 37: pair_ids shape=(16,), range=45..10500, coefficients shape=(16, 2), sample_weights shape=(16,), zero_neighbor_targets=0
GRAB train batch 38: pair_ids shape=(16,), range=17..10453, coefficients shape=(16, 2), sample_weights shape=(16,), zero_neighbor_targets=0
GRAB train batch 39: pair_ids shape=(16,), range=152..8200, coefficients shape=(16, 2), sample_weights shape=(16,), zero_neighbor_targets=0
GRAB train batch 40: pair_ids shape=(16,), range=264..9220, coefficients shape=(16, 2), sample_weights shape=(16,), zero_neighbor_targets=0
GRAB train batch 41: pair_ids shape=(16,), range=85..8233, coefficients shape=(16, 2), sample_weights shape=(16,), zero_neighbor_targets=0
GRAB train batch 42: pair_ids shape=(16,), range=9..10225, coefficients shape=(16, 2), sample_weights shape=(16,), zero_neighbor_targets=0
GRAB train batch 43: pair_ids shape=(16,), range=110..10836, coefficients shape=(16, 2), sample_weights shape=(16,), zero_neighbor_targets=0
GRAB train batch 44: pair_ids shape=(16,), range=96..9795, coefficients shape=(16, 2), sample_weights shape=(16,), zero_neighbor_targets=0
GRAB train batch 45: pair_ids shape=(16,), range=176..10027, coefficients shape=(16, 2), sample_weights shape=(16,), zero_neighbor_targets=0
GRAB train batch 46: pair_ids shape=(16,), range=70..10772, coefficients shape=(16, 2), sample_weights shape=(16,), zero_neighbor_targets=0
GRAB train batch 47: pair_ids shape=(16,), range=5..10248, coefficients shape=(16, 2), sample_weights shape=(16,), zero_neighbor_targets=0
GRAB train batch 48: pair_ids shape=(16,), range=2..10627, coefficients shape=(16, 2), sample_weights shape=(16,), zero_neighbor_targets=0
GRAB train batch 49: pair_ids shape=(16,), range=200..9478, coefficients shape=(16, 2), sample_weights shape=(16,), zero_neighbor_targets=0
GRAB train batch 50: pair_ids shape=(16,), range=100..9818, coefficients shape=(16, 2), sample_weights shape=(16,), zero_neighbor_targets=0
GRAB train batch 51: pair_ids shape=(16,), range=44..10728, coefficients shape=(16, 2), sample_weights shape=(16,), zero_neighbor_targets=0
GRAB train batch 52: pair_ids shape=(16,), range=169..9045, coefficients shape=(16, 2), sample_weights shape=(16,), zero_neighbor_targets=0
GRAB train batch 53: pair_ids shape=(16,), range=34..9622, coefficients shape=(16, 2), sample_weights shape=(16,), zero_neighbor_targets=0
GRAB train batch 54: pair_ids shape=(16,), range=69..9698, coefficients shape=(16, 2), sample_weights shape=(16,), zero_neighbor_targets=0
GRAB train batch 55: pair_ids shape=(16,), range=250..9546, coefficients shape=(16, 2), sample_weights shape=(16,), zero_neighbor_targets=0
GRAB train batch 56: pair_ids shape=(16,), range=302..9007, coefficients shape=(16, 2), sample_weights shape=(16,), zero_neighbor_targets=0
GRAB train batch 57: pair_ids shape=(16,), range=13..9319, coefficients shape=(16, 2), sample_weights shape=(16,), zero_neighbor_targets=0
GRAB train batch 58: pair_ids shape=(16,), range=40..10817, coefficients shape=(16, 2), sample_weights shape=(16,), zero_neighbor_targets=0
GRAB train batch 59: pair_ids shape=(16,), range=18..10537, coefficients shape=(16, 2), sample_weights shape=(16,), zero_neighbor_targets=0
GRAB train batch 60: pair_ids shape=(16,), range=12..10685, coefficients shape=(16, 2), sample_weights shape=(16,), zero_neighbor_targets=0
GRAB train batch 61: pair_ids shape=(16,), range=25..10222, coefficients shape=(16, 2), sample_weights shape=(16,), zero_neighbor_targets=0
GRAB train batch 62: pair_ids shape=(16,), range=31..9224, coefficients shape=(16, 2), sample_weights shape=(16,), zero_neighbor_targets=0
GRAB train batch 63: pair_ids shape=(16,), range=141..10994, coefficients shape=(16, 2), sample_weights shape=(16,), zero_neighbor_targets=0
GRAB train batch 64: pair_ids shape=(16,), range=95..10795, coefficients shape=(16, 2), sample_weights shape=(16,), zero_neighbor_targets=0
GRAB train batch 65: pair_ids shape=(16,), range=3..9954, coefficients shape=(16, 2), sample_weights shape=(16,), zero_neighbor_targets=0
GRAB train batch 66: pair_ids shape=(16,), range=66..10935, coefficients shape=(16, 2), sample_weights shape=(16,), zero_neighbor_targets=0
GRAB train batch 67: pair_ids shape=(16,), range=41..10590, coefficients shape=(16, 2), sample_weights shape=(16,), zero_neighbor_targets=0
GRAB train batch 68: pair_ids shape=(16,), range=90..8745, coefficients shape=(16, 2), sample_weights shape=(16,), zero_neighbor_targets=0
GRAB train batch 69: pair_ids shape=(16,), range=89..10600, coefficients shape=(16, 2), sample_weights shape=(16,), zero_neighbor_targets=0
GRAB train batch 70: pair_ids shape=(16,), range=186..9498, coefficients shape=(16, 2), sample_weights shape=(16,), zero_neighbor_targets=0
GRAB train batch 71: pair_ids shape=(16,), range=188..8491, coefficients shape=(16, 2), sample_weights shape=(16,), zero_neighbor_targets=0
GRAB train batch 72: pair_ids shape=(16,), range=75..9488, coefficients shape=(16, 2), sample_weights shape=(16,), zero_neighbor_targets=0
GRAB train batch 73: pair_ids shape=(16,), range=128..10411, coefficients shape=(16, 2), sample_weights shape=(16,), zero_neighbor_targets=0
GRAB train batch 74: pair_ids shape=(16,), range=135..8051, coefficients shape=(16, 2), sample_weights shape=(16,), zero_neighbor_targets=0
GRAB train batch 75: pair_ids shape=(16,), range=65..10435, coefficients shape=(16, 2), sample_weights shape=(16,), zero_neighbor_targets=0
GRAB train batch 76: pair_ids shape=(16,), range=210..10398, coefficients shape=(16, 2), sample_weights shape=(16,), zero_neighbor_targets=0
GRAB train batch 77: pair_ids shape=(8,), range=338..10471, coefficients shape=(8, 2), sample_weights shape=(8,), zero_neighbor_targets=0
VALIDATION
valid epoch balanced_accuracy: 0.344322
EPOCH 25:
GRAB train batch 1: pair_ids shape=(16,), range=216..10473, coefficients shape=(16, 2), sample_weights shape=(16,), zero_neighbor_targets=0
GRAB train batch 2: pair_ids shape=(16,), range=143..9939, coefficients shape=(16, 2), sample_weights shape=(16,), zero_neighbor_targets=0
GRAB train batch 3: pair_ids shape=(16,), range=23..10225, coefficients shape=(16, 2), sample_weights shape=(16,), zero_neighbor_targets=0
GRAB train batch 4: pair_ids shape=(16,), range=16..9186, coefficients shape=(16, 2), sample_weights shape=(16,), zero_neighbor_targets=0
GRAB train batch 5: pair_ids shape=(16,), range=104..10984, coefficients shape=(16, 2), sample_weights shape=(16,), zero_neighbor_targets=0
GRAB train batch 6: pair_ids shape=(16,), range=112..10005, coefficients shape=(16, 2), sample_weights shape=(16,), zero_neighbor_targets=0
GRAB train batch 7: pair_ids shape=(16,), range=30..10836, coefficients shape=(16, 2), sample_weights shape=(16,), zero_neighbor_targets=0
GRAB train batch 8: pair_ids shape=(16,), range=69..10264, coefficients shape=(16, 2), sample_weights shape=(16,), zero_neighbor_targets=0
GRAB train batch 9: pair_ids shape=(16,), range=139..10259, coefficients shape=(16, 2), sample_weights shape=(16,), zero_neighbor_targets=0
GRAB train batch 10: pair_ids shape=(16,), range=12..10524, coefficients shape=(16, 2), sample_weights shape=(16,), zero_neighbor_targets=0
GRAB train batch 11: pair_ids shape=(16,), range=206..8081, coefficients shape=(16, 2), sample_weights shape=(16,), zero_neighbor_targets=0
GRAB train batch 12: pair_ids shape=(16,), range=28..9739, coefficients shape=(16, 2), sample_weights shape=(16,), zero_neighbor_targets=0
GRAB train batch 13: pair_ids shape=(16,), range=83..10411, coefficients shape=(16, 2), sample_weights shape=(16,), zero_neighbor_targets=0
GRAB train batch 14: pair_ids shape=(16,), range=183..10988, coefficients shape=(16, 2), sample_weights shape=(16,), zero_neighbor_targets=0
GRAB train batch 15: pair_ids shape=(16,), range=0..9954, coefficients shape=(16, 2), sample_weights shape=(16,), zero_neighbor_targets=0
GRAB train batch 16: pair_ids shape=(16,), range=1..8978, coefficients shape=(16, 2), sample_weights shape=(16,), zero_neighbor_targets=0
GRAB train batch 17: pair_ids shape=(16,), range=68..7456, coefficients shape=(16, 2), sample_weights shape=(16,), zero_neighbor_targets=0
GRAB train batch 18: pair_ids shape=(16,), range=5..9333, coefficients shape=(16, 2), sample_weights shape=(16,), zero_neighbor_targets=0
GRAB train batch 19: pair_ids shape=(16,), range=66..9498, coefficients shape=(16, 2), sample_weights shape=(16,), zero_neighbor_targets=0
GRAB train batch 20: pair_ids shape=(16,), range=21..10471, coefficients shape=(16, 2), sample_weights shape=(16,), zero_neighbor_targets=0
GRAB train batch 21: pair_ids shape=(16,), range=151..10850, coefficients shape=(16, 2), sample_weights shape=(16,), zero_neighbor_targets=0
GRAB train batch 22: pair_ids shape=(16,), range=38..10590, coefficients shape=(16, 2), sample_weights shape=(16,), zero_neighbor_targets=0
GRAB train batch 23: pair_ids shape=(16,), range=6..7923, coefficients shape=(16, 2), sample_weights shape=(16,), zero_neighbor_targets=0
GRAB train batch 24: pair_ids shape=(16,), range=27..9036, coefficients shape=(16, 2), sample_weights shape=(16,), zero_neighbor_targets=0
GRAB train batch 25: pair_ids shape=(16,), range=79..3116, coefficients shape=(16, 2), sample_weights shape=(16,), zero_neighbor_targets=0
GRAB train batch 26: pair_ids shape=(16,), range=2..7619, coefficients shape=(16, 2), sample_weights shape=(16,), zero_neighbor_targets=0
GRAB train batch 27: pair_ids shape=(16,), range=43..10811, coefficients shape=(16, 2), sample_weights shape=(16,), zero_neighbor_targets=0
GRAB train batch 28: pair_ids shape=(16,), range=44..9504, coefficients shape=(16, 2), sample_weights shape=(16,), zero_neighbor_targets=0
GRAB train batch 29: pair_ids shape=(16,), range=108..10393, coefficients shape=(16, 2), sample_weights shape=(16,), zero_neighbor_targets=0
GRAB train batch 30: pair_ids shape=(16,), range=24..7829, coefficients shape=(16, 2), sample_weights shape=(16,), zero_neighbor_targets=0
GRAB train batch 31: pair_ids shape=(16,), range=32..7440, coefficients shape=(16, 2), sample_weights shape=(16,), zero_neighbor_targets=0
GRAB train batch 32: pair_ids shape=(16,), range=170..9170, coefficients shape=(16, 2), sample_weights shape=(16,), zero_neighbor_targets=0
GRAB train batch 33: pair_ids shape=(16,), range=40..10435, coefficients shape=(16, 2), sample_weights shape=(16,), zero_neighbor_targets=0
GRAB train batch 34: pair_ids shape=(16,), range=158..10522, coefficients shape=(16, 2), sample_weights shape=(16,), zero_neighbor_targets=0
GRAB train batch 35: pair_ids shape=(16,), range=17..10299, coefficients shape=(16, 2), sample_weights shape=(16,), zero_neighbor_targets=0
GRAB train batch 36: pair_ids shape=(16,), range=20..10795, coefficients shape=(16, 2), sample_weights shape=(16,), zero_neighbor_targets=0
GRAB train batch 37: pair_ids shape=(16,), range=70..10935, coefficients shape=(16, 2), sample_weights shape=(16,), zero_neighbor_targets=0
GRAB train batch 38: pair_ids shape=(16,), range=64..9045, coefficients shape=(16, 2), sample_weights shape=(16,), zero_neighbor_targets=0
GRAB train batch 39: pair_ids shape=(16,), range=150..10396, coefficients shape=(16, 2), sample_weights shape=(16,), zero_neighbor_targets=0
GRAB train batch 40: pair_ids shape=(16,), range=7..10500, coefficients shape=(16, 2), sample_weights shape=(16,), zero_neighbor_targets=0
GRAB train batch 41: pair_ids shape=(16,), range=113..10891, coefficients shape=(16, 2), sample_weights shape=(16,), zero_neighbor_targets=0
GRAB train batch 42: pair_ids shape=(16,), range=8..9913, coefficients shape=(16, 2), sample_weights shape=(16,), zero_neighbor_targets=0
GRAB train batch 43: pair_ids shape=(16,), range=146..10685, coefficients shape=(16, 2), sample_weights shape=(16,), zero_neighbor_targets=0
GRAB train batch 44: pair_ids shape=(16,), range=75..10772, coefficients shape=(16, 2), sample_weights shape=(16,), zero_neighbor_targets=0
GRAB train batch 45: pair_ids shape=(16,), range=98..7937, coefficients shape=(16, 2), sample_weights shape=(16,), zero_neighbor_targets=0
GRAB train batch 46: pair_ids shape=(16,), range=36..9892, coefficients shape=(16, 2), sample_weights shape=(16,), zero_neighbor_targets=0
GRAB train batch 47: pair_ids shape=(16,), range=105..7556, coefficients shape=(16, 2), sample_weights shape=(16,), zero_neighbor_targets=0
GRAB train batch 48: pair_ids shape=(16,), range=89..10462, coefficients shape=(16, 2), sample_weights shape=(16,), zero_neighbor_targets=0
GRAB train batch 49: pair_ids shape=(16,), range=157..10502, coefficients shape=(16, 2), sample_weights shape=(16,), zero_neighbor_targets=0
GRAB train batch 50: pair_ids shape=(16,), range=160..10987, coefficients shape=(16, 2), sample_weights shape=(16,), zero_neighbor_targets=0
GRAB train batch 51: pair_ids shape=(16,), range=165..10453, coefficients shape=(16, 2), sample_weights shape=(16,), zero_neighbor_targets=0
GRAB train batch 52: pair_ids shape=(16,), range=11..10764, coefficients shape=(16, 2), sample_weights shape=(16,), zero_neighbor_targets=0
GRAB train batch 53: pair_ids shape=(16,), range=90..9704, coefficients shape=(16, 2), sample_weights shape=(16,), zero_neighbor_targets=0
GRAB train batch 54: pair_ids shape=(16,), range=176..10227, coefficients shape=(16, 2), sample_weights shape=(16,), zero_neighbor_targets=0
GRAB train batch 55: pair_ids shape=(16,), range=13..10237, coefficients shape=(16, 2), sample_weights shape=(16,), zero_neighbor_targets=0
GRAB train batch 56: pair_ids shape=(16,), range=72..10331, coefficients shape=(16, 2), sample_weights shape=(16,), zero_neighbor_targets=0
GRAB train batch 57: pair_ids shape=(16,), range=107..10362, coefficients shape=(16, 2), sample_weights shape=(16,), zero_neighbor_targets=0
GRAB train batch 58: pair_ids shape=(16,), range=86..9090, coefficients shape=(16, 2), sample_weights shape=(16,), zero_neighbor_targets=0
GRAB train batch 59: pair_ids shape=(16,), range=34..10475, coefficients shape=(16, 2), sample_weights shape=(16,), zero_neighbor_targets=0
GRAB train batch 60: pair_ids shape=(16,), range=15..10728, coefficients shape=(16, 2), sample_weights shape=(16,), zero_neighbor_targets=0
GRAB train batch 61: pair_ids shape=(16,), range=114..10742, coefficients shape=(16, 2), sample_weights shape=(16,), zero_neighbor_targets=0
GRAB train batch 62: pair_ids shape=(16,), range=39..9500, coefficients shape=(16, 2), sample_weights shape=(16,), zero_neighbor_targets=0
GRAB train batch 63: pair_ids shape=(16,), range=9..10398, coefficients shape=(16, 2), sample_weights shape=(16,), zero_neighbor_targets=0
GRAB train batch 64: pair_ids shape=(16,), range=110..7137, coefficients shape=(16, 2), sample_weights shape=(16,), zero_neighbor_targets=0
GRAB train batch 65: pair_ids shape=(16,), range=26..9840, coefficients shape=(16, 2), sample_weights shape=(16,), zero_neighbor_targets=0
GRAB train batch 66: pair_ids shape=(16,), range=4..9459, coefficients shape=(16, 2), sample_weights shape=(16,), zero_neighbor_targets=0
GRAB train batch 67: pair_ids shape=(16,), range=3..9278, coefficients shape=(16, 2), sample_weights shape=(16,), zero_neighbor_targets=0
GRAB train batch 68: pair_ids shape=(16,), range=84..10600, coefficients shape=(16, 2), sample_weights shape=(16,), zero_neighbor_targets=0
GRAB train batch 69: pair_ids shape=(16,), range=204..10800, coefficients shape=(16, 2), sample_weights shape=(16,), zero_neighbor_targets=0
GRAB train batch 70: pair_ids shape=(16,), range=10..10994, coefficients shape=(16, 2), sample_weights shape=(16,), zero_neighbor_targets=0
GRAB train batch 71: pair_ids shape=(16,), range=103..8745, coefficients shape=(16, 2), sample_weights shape=(16,), zero_neighbor_targets=0
GRAB train batch 72: pair_ids shape=(16,), range=19..9795, coefficients shape=(16, 2), sample_weights shape=(16,), zero_neighbor_targets=0
GRAB train batch 73: pair_ids shape=(16,), range=14..8772, coefficients shape=(16, 2), sample_weights shape=(16,), zero_neighbor_targets=0
GRAB train batch 74: pair_ids shape=(16,), range=200..6818, coefficients shape=(16, 2), sample_weights shape=(16,), zero_neighbor_targets=0
GRAB train batch 75: pair_ids shape=(16,), range=187..10851, coefficients shape=(16, 2), sample_weights shape=(16,), zero_neighbor_targets=0
GRAB train batch 76: pair_ids shape=(16,), range=106..7979, coefficients shape=(16, 2), sample_weights shape=(16,), zero_neighbor_targets=0
GRAB train batch 77: pair_ids shape=(8,), range=87..10817, coefficients shape=(8, 2), sample_weights shape=(8,), zero_neighbor_targets=0
VALIDATION
valid epoch balanced_accuracy: 0.369048
EPOCH 26:
GRAB train batch 1: pair_ids shape=(16,), range=74..9914, coefficients shape=(16, 2), sample_weights shape=(16,), zero_neighbor_targets=0
GRAB train batch 2: pair_ids shape=(16,), range=44..10471, coefficients shape=(16, 2), sample_weights shape=(16,), zero_neighbor_targets=0
GRAB train batch 3: pair_ids shape=(16,), range=79..10627, coefficients shape=(16, 2), sample_weights shape=(16,), zero_neighbor_targets=0
GRAB train batch 4: pair_ids shape=(16,), range=1..9727, coefficients shape=(16, 2), sample_weights shape=(16,), zero_neighbor_targets=0
GRAB train batch 5: pair_ids shape=(16,), range=45..10524, coefficients shape=(16, 2), sample_weights shape=(16,), zero_neighbor_targets=0
GRAB train batch 6: pair_ids shape=(16,), range=136..10435, coefficients shape=(16, 2), sample_weights shape=(16,), zero_neighbor_targets=0
GRAB train batch 7: pair_ids shape=(16,), range=16..10453, coefficients shape=(16, 2), sample_weights shape=(16,), zero_neighbor_targets=0
GRAB train batch 8: pair_ids shape=(16,), range=160..9387, coefficients shape=(16, 2), sample_weights shape=(16,), zero_neighbor_targets=0
GRAB train batch 9: pair_ids shape=(16,), range=130..8978, coefficients shape=(16, 2), sample_weights shape=(16,), zero_neighbor_targets=0
GRAB train batch 10: pair_ids shape=(16,), range=115..9500, coefficients shape=(16, 2), sample_weights shape=(16,), zero_neighbor_targets=0
GRAB train batch 11: pair_ids shape=(16,), range=6..10994, coefficients shape=(16, 2), sample_weights shape=(16,), zero_neighbor_targets=0
GRAB train batch 12: pair_ids shape=(16,), range=80..9598, coefficients shape=(16, 2), sample_weights shape=(16,), zero_neighbor_targets=0
GRAB train batch 13: pair_ids shape=(16,), range=97..9027, coefficients shape=(16, 2), sample_weights shape=(16,), zero_neighbor_targets=0
GRAB train batch 14: pair_ids shape=(16,), range=41..10411, coefficients shape=(16, 2), sample_weights shape=(16,), zero_neighbor_targets=0
GRAB train batch 15: pair_ids shape=(16,), range=72..10988, coefficients shape=(16, 2), sample_weights shape=(16,), zero_neighbor_targets=0
GRAB train batch 16: pair_ids shape=(16,), range=144..8163, coefficients shape=(16, 2), sample_weights shape=(16,), zero_neighbor_targets=0
GRAB train batch 17: pair_ids shape=(16,), range=73..10222, coefficients shape=(16, 2), sample_weights shape=(16,), zero_neighbor_targets=0
GRAB train batch 18: pair_ids shape=(16,), range=142..9840, coefficients shape=(16, 2), sample_weights shape=(16,), zero_neighbor_targets=0
GRAB train batch 19: pair_ids shape=(16,), range=152..10817, coefficients shape=(16, 2), sample_weights shape=(16,), zero_neighbor_targets=0
GRAB train batch 20: pair_ids shape=(16,), range=15..10404, coefficients shape=(16, 2), sample_weights shape=(16,), zero_neighbor_targets=0
GRAB train batch 21: pair_ids shape=(16,), range=159..10836, coefficients shape=(16, 2), sample_weights shape=(16,), zero_neighbor_targets=0
GRAB train batch 22: pair_ids shape=(16,), range=85..9937, coefficients shape=(16, 2), sample_weights shape=(16,), zero_neighbor_targets=0
GRAB train batch 23: pair_ids shape=(16,), range=7..10393, coefficients shape=(16, 2), sample_weights shape=(16,), zero_neighbor_targets=0
GRAB train batch 24: pair_ids shape=(16,), range=101..9504, coefficients shape=(16, 2), sample_weights shape=(16,), zero_neighbor_targets=0
GRAB train batch 25: pair_ids shape=(16,), range=83..10447, coefficients shape=(16, 2), sample_weights shape=(16,), zero_neighbor_targets=0
GRAB train batch 26: pair_ids shape=(16,), range=121..10891, coefficients shape=(16, 2), sample_weights shape=(16,), zero_neighbor_targets=0
GRAB train batch 27: pair_ids shape=(16,), range=8..7251, coefficients shape=(16, 2), sample_weights shape=(16,), zero_neighbor_targets=0
GRAB train batch 28: pair_ids shape=(16,), range=30..10811, coefficients shape=(16, 2), sample_weights shape=(16,), zero_neighbor_targets=0
GRAB train batch 29: pair_ids shape=(16,), range=13..10800, coefficients shape=(16, 2), sample_weights shape=(16,), zero_neighbor_targets=0
GRAB train batch 30: pair_ids shape=(16,), range=105..10742, coefficients shape=(16, 2), sample_weights shape=(16,), zero_neighbor_targets=0
GRAB train batch 31: pair_ids shape=(16,), range=68..9534, coefficients shape=(16, 2), sample_weights shape=(16,), zero_neighbor_targets=0
GRAB train batch 32: pair_ids shape=(16,), range=22..8001, coefficients shape=(16, 2), sample_weights shape=(16,), zero_neighbor_targets=0
GRAB train batch 33: pair_ids shape=(16,), range=208..5971, coefficients shape=(16, 2), sample_weights shape=(16,), zero_neighbor_targets=0
GRAB train batch 34: pair_ids shape=(16,), range=43..10772, coefficients shape=(16, 2), sample_weights shape=(16,), zero_neighbor_targets=0
GRAB train batch 35: pair_ids shape=(16,), range=2..6964, coefficients shape=(16, 2), sample_weights shape=(16,), zero_neighbor_targets=0
GRAB train batch 36: pair_ids shape=(16,), range=9..10237, coefficients shape=(16, 2), sample_weights shape=(16,), zero_neighbor_targets=0
GRAB train batch 37: pair_ids shape=(16,), range=133..9546, coefficients shape=(16, 2), sample_weights shape=(16,), zero_neighbor_targets=0
GRAB train batch 38: pair_ids shape=(16,), range=339..10984, coefficients shape=(16, 2), sample_weights shape=(16,), zero_neighbor_targets=0
GRAB train batch 39: pair_ids shape=(16,), range=34..7913, coefficients shape=(16, 2), sample_weights shape=(16,), zero_neighbor_targets=0
GRAB train batch 40: pair_ids shape=(16,), range=29..10396, coefficients shape=(16, 2), sample_weights shape=(16,), zero_neighbor_targets=0
GRAB train batch 41: pair_ids shape=(16,), range=0..10502, coefficients shape=(16, 2), sample_weights shape=(16,), zero_neighbor_targets=0
GRAB train batch 42: pair_ids shape=(16,), range=27..7510, coefficients shape=(16, 2), sample_weights shape=(16,), zero_neighbor_targets=0
GRAB train batch 43: pair_ids shape=(16,), range=281..10685, coefficients shape=(16, 2), sample_weights shape=(16,), zero_neighbor_targets=0
GRAB train batch 44: pair_ids shape=(16,), range=110..9088, coefficients shape=(16, 2), sample_weights shape=(16,), zero_neighbor_targets=0
GRAB train batch 45: pair_ids shape=(16,), range=353..10312, coefficients shape=(16, 2), sample_weights shape=(16,), zero_neighbor_targets=0
GRAB train batch 46: pair_ids shape=(16,), range=174..10987, coefficients shape=(16, 2), sample_weights shape=(16,), zero_neighbor_targets=0
GRAB train batch 47: pair_ids shape=(16,), range=175..10259, coefficients shape=(16, 2), sample_weights shape=(16,), zero_neighbor_targets=0
GRAB train batch 48: pair_ids shape=(16,), range=82..10475, coefficients shape=(16, 2), sample_weights shape=(16,), zero_neighbor_targets=0
GRAB train batch 49: pair_ids shape=(16,), range=24..8563, coefficients shape=(16, 2), sample_weights shape=(16,), zero_neighbor_targets=0
GRAB train batch 50: pair_ids shape=(16,), range=65..10227, coefficients shape=(16, 2), sample_weights shape=(16,), zero_neighbor_targets=0
GRAB train batch 51: pair_ids shape=(16,), range=35..10851, coefficients shape=(16, 2), sample_weights shape=(16,), zero_neighbor_targets=0
GRAB train batch 52: pair_ids shape=(16,), range=71..10277, coefficients shape=(16, 2), sample_weights shape=(16,), zero_neighbor_targets=0
GRAB train batch 53: pair_ids shape=(16,), range=305..10764, coefficients shape=(16, 2), sample_weights shape=(16,), zero_neighbor_targets=0
GRAB train batch 54: pair_ids shape=(16,), range=107..9391, coefficients shape=(16, 2), sample_weights shape=(16,), zero_neighbor_targets=0
GRAB train batch 55: pair_ids shape=(16,), range=28..4408, coefficients shape=(16, 2), sample_weights shape=(16,), zero_neighbor_targets=0
GRAB train batch 56: pair_ids shape=(16,), range=4..10522, coefficients shape=(16, 2), sample_weights shape=(16,), zero_neighbor_targets=0
GRAB train batch 57: pair_ids shape=(16,), range=5..10795, coefficients shape=(16, 2), sample_weights shape=(16,), zero_neighbor_targets=0
GRAB train batch 58: pair_ids shape=(16,), range=155..10205, coefficients shape=(16, 2), sample_weights shape=(16,), zero_neighbor_targets=0
GRAB train batch 59: pair_ids shape=(16,), range=14..9954, coefficients shape=(16, 2), sample_weights shape=(16,), zero_neighbor_targets=0
GRAB train batch 60: pair_ids shape=(16,), range=132..9471, coefficients shape=(16, 2), sample_weights shape=(16,), zero_neighbor_targets=0
GRAB train batch 61: pair_ids shape=(16,), range=3..10384, coefficients shape=(16, 2), sample_weights shape=(16,), zero_neighbor_targets=0
GRAB train batch 62: pair_ids shape=(16,), range=19..4645, coefficients shape=(16, 2), sample_weights shape=(16,), zero_neighbor_targets=0
GRAB train batch 63: pair_ids shape=(16,), range=10..10500, coefficients shape=(16, 2), sample_weights shape=(16,), zero_neighbor_targets=0
GRAB train batch 64: pair_ids shape=(16,), range=25..9278, coefficients shape=(16, 2), sample_weights shape=(16,), zero_neighbor_targets=0
GRAB train batch 65: pair_ids shape=(16,), range=40..9478, coefficients shape=(16, 2), sample_weights shape=(16,), zero_neighbor_targets=0
GRAB train batch 66: pair_ids shape=(16,), range=126..9090, coefficients shape=(16, 2), sample_weights shape=(16,), zero_neighbor_targets=0
GRAB train batch 67: pair_ids shape=(16,), range=11..9995, coefficients shape=(16, 2), sample_weights shape=(16,), zero_neighbor_targets=0
GRAB train batch 68: pair_ids shape=(16,), range=125..10398, coefficients shape=(16, 2), sample_weights shape=(16,), zero_neighbor_targets=0
GRAB train batch 69: pair_ids shape=(16,), range=70..10331, coefficients shape=(16, 2), sample_weights shape=(16,), zero_neighbor_targets=0
GRAB train batch 70: pair_ids shape=(16,), range=36..8373, coefficients shape=(16, 2), sample_weights shape=(16,), zero_neighbor_targets=0
GRAB train batch 71: pair_ids shape=(16,), range=119..10935, coefficients shape=(16, 2), sample_weights shape=(16,), zero_neighbor_targets=0
GRAB train batch 72: pair_ids shape=(16,), range=76..10473, coefficients shape=(16, 2), sample_weights shape=(16,), zero_neighbor_targets=0
GRAB train batch 73: pair_ids shape=(16,), range=12..7857, coefficients shape=(16, 2), sample_weights shape=(16,), zero_neighbor_targets=0
GRAB train batch 74: pair_ids shape=(16,), range=199..9499, coefficients shape=(16, 2), sample_weights shape=(16,), zero_neighbor_targets=0
GRAB train batch 75: pair_ids shape=(16,), range=42..10374, coefficients shape=(16, 2), sample_weights shape=(16,), zero_neighbor_targets=0
GRAB train batch 76: pair_ids shape=(16,), range=64..8678, coefficients shape=(16, 2), sample_weights shape=(16,), zero_neighbor_targets=0
GRAB train batch 77: pair_ids shape=(8,), range=67..9892, coefficients shape=(8, 2), sample_weights shape=(8,), zero_neighbor_targets=0
VALIDATION
valid epoch balanced_accuracy: 0.270147
EPOCH 27:
GRAB train batch 1: pair_ids shape=(16,), range=42..10851, coefficients shape=(16, 2), sample_weights shape=(16,), zero_neighbor_targets=0
GRAB train batch 2: pair_ids shape=(16,), range=113..10817, coefficients shape=(16, 2), sample_weights shape=(16,), zero_neighbor_targets=0
GRAB train batch 3: pair_ids shape=(16,), range=89..10312, coefficients shape=(16, 2), sample_weights shape=(16,), zero_neighbor_targets=0
GRAB train batch 4: pair_ids shape=(16,), range=305..10600, coefficients shape=(16, 2), sample_weights shape=(16,), zero_neighbor_targets=0
GRAB train batch 5: pair_ids shape=(16,), range=83..6818, coefficients shape=(16, 2), sample_weights shape=(16,), zero_neighbor_targets=0
GRAB train batch 6: pair_ids shape=(16,), range=71..10360, coefficients shape=(16, 2), sample_weights shape=(16,), zero_neighbor_targets=0
GRAB train batch 7: pair_ids shape=(16,), range=11..7879, coefficients shape=(16, 2), sample_weights shape=(16,), zero_neighbor_targets=0
GRAB train batch 8: pair_ids shape=(16,), range=3..10537, coefficients shape=(16, 2), sample_weights shape=(16,), zero_neighbor_targets=0
GRAB train batch 9: pair_ids shape=(16,), range=111..10205, coefficients shape=(16, 2), sample_weights shape=(16,), zero_neighbor_targets=0
GRAB train batch 10: pair_ids shape=(16,), range=14..6956, coefficients shape=(16, 2), sample_weights shape=(16,), zero_neighbor_targets=0
GRAB train batch 11: pair_ids shape=(16,), range=23..9459, coefficients shape=(16, 2), sample_weights shape=(16,), zero_neighbor_targets=0
GRAB train batch 12: pair_ids shape=(16,), range=147..7940, coefficients shape=(16, 2), sample_weights shape=(16,), zero_neighbor_targets=0
GRAB train batch 13: pair_ids shape=(16,), range=19..10524, coefficients shape=(16, 2), sample_weights shape=(16,), zero_neighbor_targets=0
GRAB train batch 14: pair_ids shape=(16,), range=153..8745, coefficients shape=(16, 2), sample_weights shape=(16,), zero_neighbor_targets=0
GRAB train batch 15: pair_ids shape=(16,), range=204..8163, coefficients shape=(16, 2), sample_weights shape=(16,), zero_neighbor_targets=0
GRAB train batch 16: pair_ids shape=(16,), range=18..9739, coefficients shape=(16, 2), sample_weights shape=(16,), zero_neighbor_targets=0
GRAB train batch 17: pair_ids shape=(16,), range=34..10935, coefficients shape=(16, 2), sample_weights shape=(16,), zero_neighbor_targets=0
GRAB train batch 18: pair_ids shape=(16,), range=29..7510, coefficients shape=(16, 2), sample_weights shape=(16,), zero_neighbor_targets=0
GRAB train batch 19: pair_ids shape=(16,), range=179..10994, coefficients shape=(16, 2), sample_weights shape=(16,), zero_neighbor_targets=0
GRAB train batch 20: pair_ids shape=(16,), range=97..10627, coefficients shape=(16, 2), sample_weights shape=(16,), zero_neighbor_targets=0
GRAB train batch 21: pair_ids shape=(16,), range=6..9698, coefficients shape=(16, 2), sample_weights shape=(16,), zero_neighbor_targets=0
GRAB train batch 22: pair_ids shape=(16,), range=27..10795, coefficients shape=(16, 2), sample_weights shape=(16,), zero_neighbor_targets=0
GRAB train batch 23: pair_ids shape=(16,), range=25..10005, coefficients shape=(16, 2), sample_weights shape=(16,), zero_neighbor_targets=0
GRAB train batch 24: pair_ids shape=(16,), range=9..10435, coefficients shape=(16, 2), sample_weights shape=(16,), zero_neighbor_targets=0
GRAB train batch 25: pair_ids shape=(16,), range=39..9146, coefficients shape=(16, 2), sample_weights shape=(16,), zero_neighbor_targets=0
GRAB train batch 26: pair_ids shape=(16,), range=77..9135, coefficients shape=(16, 2), sample_weights shape=(16,), zero_neighbor_targets=0
GRAB train batch 27: pair_ids shape=(16,), range=16..10462, coefficients shape=(16, 2), sample_weights shape=(16,), zero_neighbor_targets=0
GRAB train batch 28: pair_ids shape=(16,), range=114..10800, coefficients shape=(16, 2), sample_weights shape=(16,), zero_neighbor_targets=0
GRAB train batch 29: pair_ids shape=(16,), range=17..10590, coefficients shape=(16, 2), sample_weights shape=(16,), zero_neighbor_targets=0
GRAB train batch 30: pair_ids shape=(16,), range=185..10237, coefficients shape=(16, 2), sample_weights shape=(16,), zero_neighbor_targets=0
GRAB train batch 31: pair_ids shape=(16,), range=30..10264, coefficients shape=(16, 2), sample_weights shape=(16,), zero_neighbor_targets=0
GRAB train batch 32: pair_ids shape=(16,), range=0..10475, coefficients shape=(16, 2), sample_weights shape=(16,), zero_neighbor_targets=0
GRAB train batch 33: pair_ids shape=(16,), range=28..10170, coefficients shape=(16, 2), sample_weights shape=(16,), zero_neighbor_targets=0
GRAB train batch 34: pair_ids shape=(16,), range=200..10891, coefficients shape=(16, 2), sample_weights shape=(16,), zero_neighbor_targets=0
GRAB train batch 35: pair_ids shape=(16,), range=7..9937, coefficients shape=(16, 2), sample_weights shape=(16,), zero_neighbor_targets=0
GRAB train batch 36: pair_ids shape=(16,), range=1..9159, coefficients shape=(16, 2), sample_weights shape=(16,), zero_neighbor_targets=0
GRAB train batch 37: pair_ids shape=(16,), range=4..9939, coefficients shape=(16, 2), sample_weights shape=(16,), zero_neighbor_targets=0
GRAB train batch 38: pair_ids shape=(16,), range=133..10384, coefficients shape=(16, 2), sample_weights shape=(16,), zero_neighbor_targets=0
GRAB train batch 39: pair_ids shape=(16,), range=32..10009, coefficients shape=(16, 2), sample_weights shape=(16,), zero_neighbor_targets=0
GRAB train batch 40: pair_ids shape=(16,), range=26..7785, coefficients shape=(16, 2), sample_weights shape=(16,), zero_neighbor_targets=0
GRAB train batch 41: pair_ids shape=(16,), range=182..10225, coefficients shape=(16, 2), sample_weights shape=(16,), zero_neighbor_targets=0
GRAB train batch 42: pair_ids shape=(16,), range=33..9534, coefficients shape=(16, 2), sample_weights shape=(16,), zero_neighbor_targets=0
GRAB train batch 43: pair_ids shape=(16,), range=100..10299, coefficients shape=(16, 2), sample_weights shape=(16,), zero_neighbor_targets=0
GRAB train batch 44: pair_ids shape=(16,), range=203..9017, coefficients shape=(16, 2), sample_weights shape=(16,), zero_neighbor_targets=0
GRAB train batch 45: pair_ids shape=(16,), range=181..10772, coefficients shape=(16, 2), sample_weights shape=(16,), zero_neighbor_targets=0
GRAB train batch 46: pair_ids shape=(16,), range=45..8972, coefficients shape=(16, 2), sample_weights shape=(16,), zero_neighbor_targets=0
GRAB train batch 47: pair_ids shape=(16,), range=92..10222, coefficients shape=(16, 2), sample_weights shape=(16,), zero_neighbor_targets=0
GRAB train batch 48: pair_ids shape=(16,), range=8..9139, coefficients shape=(16, 2), sample_weights shape=(16,), zero_neighbor_targets=0
GRAB train batch 49: pair_ids shape=(16,), range=75..10522, coefficients shape=(16, 2), sample_weights shape=(16,), zero_neighbor_targets=0
GRAB train batch 50: pair_ids shape=(16,), range=109..8491, coefficients shape=(16, 2), sample_weights shape=(16,), zero_neighbor_targets=0
GRAB train batch 51: pair_ids shape=(16,), range=216..8224, coefficients shape=(16, 2), sample_weights shape=(16,), zero_neighbor_targets=0
GRAB train batch 52: pair_ids shape=(16,), range=43..9914, coefficients shape=(16, 2), sample_weights shape=(16,), zero_neighbor_targets=0
GRAB train batch 53: pair_ids shape=(16,), range=65..10811, coefficients shape=(16, 2), sample_weights shape=(16,), zero_neighbor_targets=0
GRAB train batch 54: pair_ids shape=(16,), range=5..10259, coefficients shape=(16, 2), sample_weights shape=(16,), zero_neighbor_targets=0
GRAB train batch 55: pair_ids shape=(16,), range=40..10836, coefficients shape=(16, 2), sample_weights shape=(16,), zero_neighbor_targets=0
GRAB train batch 56: pair_ids shape=(16,), range=12..10850, coefficients shape=(16, 2), sample_weights shape=(16,), zero_neighbor_targets=0
GRAB train batch 57: pair_ids shape=(16,), range=180..10764, coefficients shape=(16, 2), sample_weights shape=(16,), zero_neighbor_targets=0
GRAB train batch 58: pair_ids shape=(16,), range=37..9333, coefficients shape=(16, 2), sample_weights shape=(16,), zero_neighbor_targets=0
GRAB train batch 59: pair_ids shape=(16,), range=67..10398, coefficients shape=(16, 2), sample_weights shape=(16,), zero_neighbor_targets=0
GRAB train batch 60: pair_ids shape=(16,), range=112..10988, coefficients shape=(16, 2), sample_weights shape=(16,), zero_neighbor_targets=0
GRAB train batch 61: pair_ids shape=(16,), range=84..9097, coefficients shape=(16, 2), sample_weights shape=(16,), zero_neighbor_targets=0
GRAB train batch 62: pair_ids shape=(16,), range=161..10984, coefficients shape=(16, 2), sample_weights shape=(16,), zero_neighbor_targets=0
GRAB train batch 63: pair_ids shape=(16,), range=24..9319, coefficients shape=(16, 2), sample_weights shape=(16,), zero_neighbor_targets=0
GRAB train batch 64: pair_ids shape=(16,), range=44..10277, coefficients shape=(16, 2), sample_weights shape=(16,), zero_neighbor_targets=0
GRAB train batch 65: pair_ids shape=(16,), range=360..10404, coefficients shape=(16, 2), sample_weights shape=(16,), zero_neighbor_targets=0
GRAB train batch 66: pair_ids shape=(16,), range=13..9704, coefficients shape=(16, 2), sample_weights shape=(16,), zero_neighbor_targets=0
GRAB train batch 67: pair_ids shape=(16,), range=176..10685, coefficients shape=(16, 2), sample_weights shape=(16,), zero_neighbor_targets=0
GRAB train batch 68: pair_ids shape=(16,), range=68..10742, coefficients shape=(16, 2), sample_weights shape=(16,), zero_neighbor_targets=0
GRAB train batch 69: pair_ids shape=(16,), range=116..8051, coefficients shape=(16, 2), sample_weights shape=(16,), zero_neighbor_targets=0
GRAB train batch 70: pair_ids shape=(16,), range=329..10473, coefficients shape=(16, 2), sample_weights shape=(16,), zero_neighbor_targets=0
GRAB train batch 71: pair_ids shape=(16,), range=10..9840, coefficients shape=(16, 2), sample_weights shape=(16,), zero_neighbor_targets=0
GRAB train batch 72: pair_ids shape=(16,), range=253..9504, coefficients shape=(16, 2), sample_weights shape=(16,), zero_neighbor_targets=0
GRAB train batch 73: pair_ids shape=(16,), range=87..10987, coefficients shape=(16, 2), sample_weights shape=(16,), zero_neighbor_targets=0
GRAB train batch 74: pair_ids shape=(16,), range=22..9228, coefficients shape=(16, 2), sample_weights shape=(16,), zero_neighbor_targets=0
GRAB train batch 75: pair_ids shape=(16,), range=73..10227, coefficients shape=(16, 2), sample_weights shape=(16,), zero_neighbor_targets=0
GRAB train batch 76: pair_ids shape=(16,), range=2..10502, coefficients shape=(16, 2), sample_weights shape=(16,), zero_neighbor_targets=0
GRAB train batch 77: pair_ids shape=(8,), range=106..9537, coefficients shape=(8, 2), sample_weights shape=(8,), zero_neighbor_targets=0
VALIDATION
valid epoch balanced_accuracy: 0.416667
EPOCH 28:
GRAB train batch 1: pair_ids shape=(16,), range=68..9534, coefficients shape=(16, 2), sample_weights shape=(16,), zero_neighbor_targets=0
GRAB train batch 2: pair_ids shape=(16,), range=3..10398, coefficients shape=(16, 2), sample_weights shape=(16,), zero_neighbor_targets=0
GRAB train batch 3: pair_ids shape=(16,), range=142..10988, coefficients shape=(16, 2), sample_weights shape=(16,), zero_neighbor_targets=0
GRAB train batch 4: pair_ids shape=(16,), range=91..9727, coefficients shape=(16, 2), sample_weights shape=(16,), zero_neighbor_targets=0
GRAB train batch 5: pair_ids shape=(16,), range=27..10500, coefficients shape=(16, 2), sample_weights shape=(16,), zero_neighbor_targets=0
GRAB train batch 6: pair_ids shape=(16,), range=32..10772, coefficients shape=(16, 2), sample_weights shape=(16,), zero_neighbor_targets=0
GRAB train batch 7: pair_ids shape=(16,), range=83..8915, coefficients shape=(16, 2), sample_weights shape=(16,), zero_neighbor_targets=0
GRAB train batch 8: pair_ids shape=(16,), range=90..9822, coefficients shape=(16, 2), sample_weights shape=(16,), zero_neighbor_targets=0
GRAB train batch 9: pair_ids shape=(16,), range=132..10537, coefficients shape=(16, 2), sample_weights shape=(16,), zero_neighbor_targets=0
GRAB train batch 10: pair_ids shape=(16,), range=88..8678, coefficients shape=(16, 2), sample_weights shape=(16,), zero_neighbor_targets=0
GRAB train batch 11: pair_ids shape=(16,), range=174..10411, coefficients shape=(16, 2), sample_weights shape=(16,), zero_neighbor_targets=0
GRAB train batch 12: pair_ids shape=(16,), range=1..10475, coefficients shape=(16, 2), sample_weights shape=(16,), zero_neighbor_targets=0
GRAB train batch 13: pair_ids shape=(16,), range=25..10795, coefficients shape=(16, 2), sample_weights shape=(16,), zero_neighbor_targets=0
GRAB train batch 14: pair_ids shape=(16,), range=40..10453, coefficients shape=(16, 2), sample_weights shape=(16,), zero_neighbor_targets=0
GRAB train batch 15: pair_ids shape=(16,), range=10..8163, coefficients shape=(16, 2), sample_weights shape=(16,), zero_neighbor_targets=0
GRAB train batch 16: pair_ids shape=(16,), range=157..10987, coefficients shape=(16, 2), sample_weights shape=(16,), zero_neighbor_targets=0
GRAB train batch 17: pair_ids shape=(16,), range=131..10935, coefficients shape=(16, 2), sample_weights shape=(16,), zero_neighbor_targets=0
GRAB train batch 18: pair_ids shape=(16,), range=31..10225, coefficients shape=(16, 2), sample_weights shape=(16,), zero_neighbor_targets=0
GRAB train batch 19: pair_ids shape=(16,), range=139..9262, coefficients shape=(16, 2), sample_weights shape=(16,), zero_neighbor_targets=0
GRAB train batch 20: pair_ids shape=(16,), range=6..10227, coefficients shape=(16, 2), sample_weights shape=(16,), zero_neighbor_targets=0
GRAB train batch 21: pair_ids shape=(16,), range=263..10742, coefficients shape=(16, 2), sample_weights shape=(16,), zero_neighbor_targets=0
GRAB train batch 22: pair_ids shape=(16,), range=120..10994, coefficients shape=(16, 2), sample_weights shape=(16,), zero_neighbor_targets=0
GRAB train batch 23: pair_ids shape=(16,), range=71..10374, coefficients shape=(16, 2), sample_weights shape=(16,), zero_neighbor_targets=0
GRAB train batch 24: pair_ids shape=(16,), range=4..9795, coefficients shape=(16, 2), sample_weights shape=(16,), zero_neighbor_targets=0
GRAB train batch 25: pair_ids shape=(16,), range=98..10404, coefficients shape=(16, 2), sample_weights shape=(16,), zero_neighbor_targets=0
GRAB train batch 26: pair_ids shape=(16,), range=5..10447, coefficients shape=(16, 2), sample_weights shape=(16,), zero_neighbor_targets=0
GRAB train batch 27: pair_ids shape=(16,), range=64..10850, coefficients shape=(16, 2), sample_weights shape=(16,), zero_neighbor_targets=0
GRAB train batch 28: pair_ids shape=(16,), range=73..7284, coefficients shape=(16, 2), sample_weights shape=(16,), zero_neighbor_targets=0
GRAB train batch 29: pair_ids shape=(16,), range=250..7894, coefficients shape=(16, 2), sample_weights shape=(16,), zero_neighbor_targets=0
GRAB train batch 30: pair_ids shape=(16,), range=87..10662, coefficients shape=(16, 2), sample_weights shape=(16,), zero_neighbor_targets=0
GRAB train batch 31: pair_ids shape=(16,), range=24..9954, coefficients shape=(16, 2), sample_weights shape=(16,), zero_neighbor_targets=0
GRAB train batch 32: pair_ids shape=(16,), range=155..9696, coefficients shape=(16, 2), sample_weights shape=(16,), zero_neighbor_targets=0
GRAB train batch 33: pair_ids shape=(16,), range=110..10471, coefficients shape=(16, 2), sample_weights shape=(16,), zero_neighbor_targets=0
GRAB train batch 34: pair_ids shape=(16,), range=102..10393, coefficients shape=(16, 2), sample_weights shape=(16,), zero_neighbor_targets=0
GRAB train batch 35: pair_ids shape=(16,), range=20..9939, coefficients shape=(16, 2), sample_weights shape=(16,), zero_neighbor_targets=0
GRAB train batch 36: pair_ids shape=(16,), range=21..9391, coefficients shape=(16, 2), sample_weights shape=(16,), zero_neighbor_targets=0
GRAB train batch 37: pair_ids shape=(16,), range=7..10264, coefficients shape=(16, 2), sample_weights shape=(16,), zero_neighbor_targets=0
GRAB train batch 38: pair_ids shape=(16,), range=23..10811, coefficients shape=(16, 2), sample_weights shape=(16,), zero_neighbor_targets=0
GRAB train batch 39: pair_ids shape=(16,), range=101..10627, coefficients shape=(16, 2), sample_weights shape=(16,), zero_neighbor_targets=0
GRAB train batch 40: pair_ids shape=(16,), range=134..9546, coefficients shape=(16, 2), sample_weights shape=(16,), zero_neighbor_targets=0
GRAB train batch 41: pair_ids shape=(16,), range=121..10473, coefficients shape=(16, 2), sample_weights shape=(16,), zero_neighbor_targets=0
GRAB train batch 42: pair_ids shape=(16,), range=13..10435, coefficients shape=(16, 2), sample_weights shape=(16,), zero_neighbor_targets=0
GRAB train batch 43: pair_ids shape=(16,), range=195..10005, coefficients shape=(16, 2), sample_weights shape=(16,), zero_neighbor_targets=0
GRAB train batch 44: pair_ids shape=(16,), range=193..9598, coefficients shape=(16, 2), sample_weights shape=(16,), zero_neighbor_targets=0
GRAB train batch 45: pair_ids shape=(16,), range=0..9293, coefficients shape=(16, 2), sample_weights shape=(16,), zero_neighbor_targets=0
GRAB train batch 46: pair_ids shape=(16,), range=256..9698, coefficients shape=(16, 2), sample_weights shape=(16,), zero_neighbor_targets=0
GRAB train batch 47: pair_ids shape=(16,), range=178..10836, coefficients shape=(16, 2), sample_weights shape=(16,), zero_neighbor_targets=0
GRAB train batch 48: pair_ids shape=(16,), range=41..10384, coefficients shape=(16, 2), sample_weights shape=(16,), zero_neighbor_targets=0
GRAB train batch 49: pair_ids shape=(16,), range=94..10170, coefficients shape=(16, 2), sample_weights shape=(16,), zero_neighbor_targets=0
GRAB train batch 50: pair_ids shape=(16,), range=16..8210, coefficients shape=(16, 2), sample_weights shape=(16,), zero_neighbor_targets=0
GRAB train batch 51: pair_ids shape=(16,), range=136..10685, coefficients shape=(16, 2), sample_weights shape=(16,), zero_neighbor_targets=0
GRAB train batch 52: pair_ids shape=(16,), range=257..10851, coefficients shape=(16, 2), sample_weights shape=(16,), zero_neighbor_targets=0
GRAB train batch 53: pair_ids shape=(16,), range=128..9739, coefficients shape=(16, 2), sample_weights shape=(16,), zero_neighbor_targets=0
GRAB train batch 54: pair_ids shape=(16,), range=106..10590, coefficients shape=(16, 2), sample_weights shape=(16,), zero_neighbor_targets=0
GRAB train batch 55: pair_ids shape=(16,), range=9..10248, coefficients shape=(16, 2), sample_weights shape=(16,), zero_neighbor_targets=0
GRAB train batch 56: pair_ids shape=(16,), range=17..10237, coefficients shape=(16, 2), sample_weights shape=(16,), zero_neighbor_targets=0
GRAB train batch 57: pair_ids shape=(16,), range=70..8928, coefficients shape=(16, 2), sample_weights shape=(16,), zero_neighbor_targets=0
GRAB train batch 58: pair_ids shape=(16,), range=11..10817, coefficients shape=(16, 2), sample_weights shape=(16,), zero_neighbor_targets=0
GRAB train batch 59: pair_ids shape=(16,), range=33..8594, coefficients shape=(16, 2), sample_weights shape=(16,), zero_neighbor_targets=0
GRAB train batch 60: pair_ids shape=(16,), range=72..6530, coefficients shape=(16, 2), sample_weights shape=(16,), zero_neighbor_targets=0
GRAB train batch 61: pair_ids shape=(16,), range=36..9224, coefficients shape=(16, 2), sample_weights shape=(16,), zero_neighbor_targets=0
GRAB train batch 62: pair_ids shape=(16,), range=15..8731, coefficients shape=(16, 2), sample_weights shape=(16,), zero_neighbor_targets=0
GRAB train batch 63: pair_ids shape=(16,), range=14..10891, coefficients shape=(16, 2), sample_weights shape=(16,), zero_neighbor_targets=0
GRAB train batch 64: pair_ids shape=(16,), range=100..9249, coefficients shape=(16, 2), sample_weights shape=(16,), zero_neighbor_targets=0
GRAB train batch 65: pair_ids shape=(16,), range=18..9090, coefficients shape=(16, 2), sample_weights shape=(16,), zero_neighbor_targets=0
GRAB train batch 66: pair_ids shape=(16,), range=105..9196, coefficients shape=(16, 2), sample_weights shape=(16,), zero_neighbor_targets=0
GRAB train batch 67: pair_ids shape=(16,), range=306..7913, coefficients shape=(16, 2), sample_weights shape=(16,), zero_neighbor_targets=0
GRAB train batch 68: pair_ids shape=(16,), range=8..10522, coefficients shape=(16, 2), sample_weights shape=(16,), zero_neighbor_targets=0
GRAB train batch 69: pair_ids shape=(16,), range=42..10984, coefficients shape=(16, 2), sample_weights shape=(16,), zero_neighbor_targets=0
GRAB train batch 70: pair_ids shape=(16,), range=78..9122, coefficients shape=(16, 2), sample_weights shape=(16,), zero_neighbor_targets=0
GRAB train batch 71: pair_ids shape=(16,), range=66..10502, coefficients shape=(16, 2), sample_weights shape=(16,), zero_neighbor_targets=0
GRAB train batch 72: pair_ids shape=(16,), range=12..8590, coefficients shape=(16, 2), sample_weights shape=(16,), zero_neighbor_targets=0
GRAB train batch 73: pair_ids shape=(16,), range=192..10396, coefficients shape=(16, 2), sample_weights shape=(16,), zero_neighbor_targets=0
GRAB train batch 74: pair_ids shape=(16,), range=85..4746, coefficients shape=(16, 2), sample_weights shape=(16,), zero_neighbor_targets=0
GRAB train batch 75: pair_ids shape=(16,), range=22..10205, coefficients shape=(16, 2), sample_weights shape=(16,), zero_neighbor_targets=0
GRAB train batch 76: pair_ids shape=(16,), range=38..10524, coefficients shape=(16, 2), sample_weights shape=(16,), zero_neighbor_targets=0
GRAB train batch 77: pair_ids shape=(8,), range=45..7252, coefficients shape=(8, 2), sample_weights shape=(8,), zero_neighbor_targets=0
VALIDATION
valid epoch balanced_accuracy: 0.440476
EPOCH 29:
GRAB train batch 1: pair_ids shape=(16,), range=28..9272, coefficients shape=(16, 2), sample_weights shape=(16,), zero_neighbor_targets=0
GRAB train batch 2: pair_ids shape=(16,), range=139..9696, coefficients shape=(16, 2), sample_weights shape=(16,), zero_neighbor_targets=0
GRAB train batch 3: pair_ids shape=(16,), range=95..10009, coefficients shape=(16, 2), sample_weights shape=(16,), zero_neighbor_targets=0
GRAB train batch 4: pair_ids shape=(16,), range=71..10685, coefficients shape=(16, 2), sample_weights shape=(16,), zero_neighbor_targets=0
GRAB train batch 5: pair_ids shape=(16,), range=280..10248, coefficients shape=(16, 2), sample_weights shape=(16,), zero_neighbor_targets=0
GRAB train batch 6: pair_ids shape=(16,), range=11..9262, coefficients shape=(16, 2), sample_weights shape=(16,), zero_neighbor_targets=0
GRAB train batch 7: pair_ids shape=(16,), range=36..10772, coefficients shape=(16, 2), sample_weights shape=(16,), zero_neighbor_targets=0
GRAB train batch 8: pair_ids shape=(16,), range=31..10988, coefficients shape=(16, 2), sample_weights shape=(16,), zero_neighbor_targets=0
GRAB train batch 9: pair_ids shape=(16,), range=97..9088, coefficients shape=(16, 2), sample_weights shape=(16,), zero_neighbor_targets=0
GRAB train batch 10: pair_ids shape=(16,), range=117..9956, coefficients shape=(16, 2), sample_weights shape=(16,), zero_neighbor_targets=0
GRAB train batch 11: pair_ids shape=(16,), range=29..9892, coefficients shape=(16, 2), sample_weights shape=(16,), zero_neighbor_targets=0
GRAB train batch 12: pair_ids shape=(16,), range=100..10237, coefficients shape=(16, 2), sample_weights shape=(16,), zero_neighbor_targets=0
GRAB train batch 13: pair_ids shape=(16,), range=393..10473, coefficients shape=(16, 2), sample_weights shape=(16,), zero_neighbor_targets=0
GRAB train batch 14: pair_ids shape=(16,), range=167..9403, coefficients shape=(16, 2), sample_weights shape=(16,), zero_neighbor_targets=0
GRAB train batch 15: pair_ids shape=(16,), range=104..10471, coefficients shape=(16, 2), sample_weights shape=(16,), zero_neighbor_targets=0
GRAB train batch 16: pair_ids shape=(16,), range=1..10447, coefficients shape=(16, 2), sample_weights shape=(16,), zero_neighbor_targets=0
GRAB train batch 17: pair_ids shape=(16,), range=126..10502, coefficients shape=(16, 2), sample_weights shape=(16,), zero_neighbor_targets=0
GRAB train batch 18: pair_ids shape=(16,), range=18..10522, coefficients shape=(16, 2), sample_weights shape=(16,), zero_neighbor_targets=0
GRAB train batch 19: pair_ids shape=(16,), range=189..10537, coefficients shape=(16, 2), sample_weights shape=(16,), zero_neighbor_targets=0
GRAB train batch 20: pair_ids shape=(16,), range=27..9913, coefficients shape=(16, 2), sample_weights shape=(16,), zero_neighbor_targets=0
GRAB train batch 21: pair_ids shape=(16,), range=165..10764, coefficients shape=(16, 2), sample_weights shape=(16,), zero_neighbor_targets=0
GRAB train batch 22: pair_ids shape=(16,), range=5..9135, coefficients shape=(16, 2), sample_weights shape=(16,), zero_neighbor_targets=0
GRAB train batch 23: pair_ids shape=(16,), range=124..10500, coefficients shape=(16, 2), sample_weights shape=(16,), zero_neighbor_targets=0
GRAB train batch 24: pair_ids shape=(16,), range=20..10259, coefficients shape=(16, 2), sample_weights shape=(16,), zero_neighbor_targets=0
GRAB train batch 25: pair_ids shape=(16,), range=78..9007, coefficients shape=(16, 2), sample_weights shape=(16,), zero_neighbor_targets=0
GRAB train batch 26: pair_ids shape=(16,), range=292..10817, coefficients shape=(16, 2), sample_weights shape=(16,), zero_neighbor_targets=0
GRAB train batch 27: pair_ids shape=(16,), range=76..10005, coefficients shape=(16, 2), sample_weights shape=(16,), zero_neighbor_targets=0
GRAB train batch 28: pair_ids shape=(16,), range=254..10850, coefficients shape=(16, 2), sample_weights shape=(16,), zero_neighbor_targets=0
GRAB train batch 29: pair_ids shape=(16,), range=12..10264, coefficients shape=(16, 2), sample_weights shape=(16,), zero_neighbor_targets=0
GRAB train batch 30: pair_ids shape=(16,), range=3..10836, coefficients shape=(16, 2), sample_weights shape=(16,), zero_neighbor_targets=0
GRAB train batch 31: pair_ids shape=(16,), range=15..9914, coefficients shape=(16, 2), sample_weights shape=(16,), zero_neighbor_targets=0
GRAB train batch 32: pair_ids shape=(16,), range=38..10662, coefficients shape=(16, 2), sample_weights shape=(16,), zero_neighbor_targets=0
GRAB train batch 33: pair_ids shape=(16,), range=75..7385, coefficients shape=(16, 2), sample_weights shape=(16,), zero_neighbor_targets=0
GRAB train batch 34: pair_ids shape=(16,), range=188..10935, coefficients shape=(16, 2), sample_weights shape=(16,), zero_neighbor_targets=0
GRAB train batch 35: pair_ids shape=(16,), range=30..9228, coefficients shape=(16, 2), sample_weights shape=(16,), zero_neighbor_targets=0
GRAB train batch 36: pair_ids shape=(16,), range=163..9727, coefficients shape=(16, 2), sample_weights shape=(16,), zero_neighbor_targets=0
GRAB train batch 37: pair_ids shape=(16,), range=4..7979, coefficients shape=(16, 2), sample_weights shape=(16,), zero_neighbor_targets=0
GRAB train batch 38: pair_ids shape=(16,), range=2..7921, coefficients shape=(16, 2), sample_weights shape=(16,), zero_neighbor_targets=0
GRAB train batch 39: pair_ids shape=(16,), range=268..8521, coefficients shape=(16, 2), sample_weights shape=(16,), zero_neighbor_targets=0
GRAB train batch 40: pair_ids shape=(16,), range=19..10800, coefficients shape=(16, 2), sample_weights shape=(16,), zero_neighbor_targets=0
GRAB train batch 41: pair_ids shape=(16,), range=103..10222, coefficients shape=(16, 2), sample_weights shape=(16,), zero_neighbor_targets=0
GRAB train batch 42: pair_ids shape=(16,), range=191..10987, coefficients shape=(16, 2), sample_weights shape=(16,), zero_neighbor_targets=0
GRAB train batch 43: pair_ids shape=(16,), range=94..6993, coefficients shape=(16, 2), sample_weights shape=(16,), zero_neighbor_targets=0
GRAB train batch 44: pair_ids shape=(16,), range=45..8510, coefficients shape=(16, 2), sample_weights shape=(16,), zero_neighbor_targets=0
GRAB train batch 45: pair_ids shape=(16,), range=87..9995, coefficients shape=(16, 2), sample_weights shape=(16,), zero_neighbor_targets=0
GRAB train batch 46: pair_ids shape=(16,), range=82..10590, coefficients shape=(16, 2), sample_weights shape=(16,), zero_neighbor_targets=0
GRAB train batch 47: pair_ids shape=(16,), range=86..4888, coefficients shape=(16, 2), sample_weights shape=(16,), zero_neighbor_targets=0
GRAB train batch 48: pair_ids shape=(16,), range=35..10811, coefficients shape=(16, 2), sample_weights shape=(16,), zero_neighbor_targets=0
GRAB train batch 49: pair_ids shape=(16,), range=32..9704, coefficients shape=(16, 2), sample_weights shape=(16,), zero_neighbor_targets=0
GRAB train batch 50: pair_ids shape=(16,), range=39..10891, coefficients shape=(16, 2), sample_weights shape=(16,), zero_neighbor_targets=0
GRAB train batch 51: pair_ids shape=(16,), range=7..7339, coefficients shape=(16, 2), sample_weights shape=(16,), zero_neighbor_targets=0
GRAB train batch 52: pair_ids shape=(16,), range=26..5894, coefficients shape=(16, 2), sample_weights shape=(16,), zero_neighbor_targets=0
GRAB train batch 53: pair_ids shape=(16,), range=8..7937, coefficients shape=(16, 2), sample_weights shape=(16,), zero_neighbor_targets=0
GRAB train batch 54: pair_ids shape=(16,), range=258..9504, coefficients shape=(16, 2), sample_weights shape=(16,), zero_neighbor_targets=0
GRAB train batch 55: pair_ids shape=(16,), range=24..9459, coefficients shape=(16, 2), sample_weights shape=(16,), zero_neighbor_targets=0
GRAB train batch 56: pair_ids shape=(16,), range=40..10984, coefficients shape=(16, 2), sample_weights shape=(16,), zero_neighbor_targets=0
GRAB train batch 57: pair_ids shape=(16,), range=16..10524, coefficients shape=(16, 2), sample_weights shape=(16,), zero_neighbor_targets=0
GRAB train batch 58: pair_ids shape=(16,), range=34..10994, coefficients shape=(16, 2), sample_weights shape=(16,), zero_neighbor_targets=0
GRAB train batch 59: pair_ids shape=(16,), range=14..10627, coefficients shape=(16, 2), sample_weights shape=(16,), zero_neighbor_targets=0
GRAB train batch 60: pair_ids shape=(16,), range=200..8594, coefficients shape=(16, 2), sample_weights shape=(16,), zero_neighbor_targets=0
GRAB train batch 61: pair_ids shape=(16,), range=10..10851, coefficients shape=(16, 2), sample_weights shape=(16,), zero_neighbor_targets=0
GRAB train batch 62: pair_ids shape=(16,), range=42..9036, coefficients shape=(16, 2), sample_weights shape=(16,), zero_neighbor_targets=0
GRAB train batch 63: pair_ids shape=(16,), range=17..10398, coefficients shape=(16, 2), sample_weights shape=(16,), zero_neighbor_targets=0
GRAB train batch 64: pair_ids shape=(16,), range=9..10277, coefficients shape=(16, 2), sample_weights shape=(16,), zero_neighbor_targets=0
GRAB train batch 65: pair_ids shape=(16,), range=0..9598, coefficients shape=(16, 2), sample_weights shape=(16,), zero_neighbor_targets=0
GRAB train batch 66: pair_ids shape=(16,), range=183..10404, coefficients shape=(16, 2), sample_weights shape=(16,), zero_neighbor_targets=0
GRAB train batch 67: pair_ids shape=(16,), range=155..10312, coefficients shape=(16, 2), sample_weights shape=(16,), zero_neighbor_targets=0
GRAB train batch 68: pair_ids shape=(16,), range=154..10475, coefficients shape=(16, 2), sample_weights shape=(16,), zero_neighbor_targets=0
GRAB train batch 69: pair_ids shape=(16,), range=69..10728, coefficients shape=(16, 2), sample_weights shape=(16,), zero_neighbor_targets=0
GRAB train batch 70: pair_ids shape=(16,), range=133..10600, coefficients shape=(16, 2), sample_weights shape=(16,), zero_neighbor_targets=0
GRAB train batch 71: pair_ids shape=(16,), range=37..8745, coefficients shape=(16, 2), sample_weights shape=(16,), zero_neighbor_targets=0
GRAB train batch 72: pair_ids shape=(16,), range=146..9698, coefficients shape=(16, 2), sample_weights shape=(16,), zero_neighbor_targets=0
GRAB train batch 73: pair_ids shape=(16,), range=127..7872, coefficients shape=(16, 2), sample_weights shape=(16,), zero_neighbor_targets=0
GRAB train batch 74: pair_ids shape=(16,), range=80..10795, coefficients shape=(16, 2), sample_weights shape=(16,), zero_neighbor_targets=0
GRAB train batch 75: pair_ids shape=(16,), range=22..8876, coefficients shape=(16, 2), sample_weights shape=(16,), zero_neighbor_targets=0
GRAB train batch 76: pair_ids shape=(16,), range=266..10742, coefficients shape=(16, 2), sample_weights shape=(16,), zero_neighbor_targets=0
GRAB train batch 77: pair_ids shape=(8,), range=13..1863, coefficients shape=(8, 2), sample_weights shape=(8,), zero_neighbor_targets=0
VALIDATION
valid epoch balanced_accuracy: 0.345238
EPOCH 30:
GRAB train batch 1: pair_ids shape=(16,), range=244..10222, coefficients shape=(16, 2), sample_weights shape=(16,), zero_neighbor_targets=0
GRAB train batch 2: pair_ids shape=(16,), range=15..7782, coefficients shape=(16, 2), sample_weights shape=(16,), zero_neighbor_targets=0
GRAB train batch 3: pair_ids shape=(16,), range=154..10500, coefficients shape=(16, 2), sample_weights shape=(16,), zero_neighbor_targets=0
GRAB train batch 4: pair_ids shape=(16,), range=153..8491, coefficients shape=(16, 2), sample_weights shape=(16,), zero_neighbor_targets=0
GRAB train batch 5: pair_ids shape=(16,), range=89..9956, coefficients shape=(16, 2), sample_weights shape=(16,), zero_neighbor_targets=0
GRAB train batch 6: pair_ids shape=(16,), range=38..9045, coefficients shape=(16, 2), sample_weights shape=(16,), zero_neighbor_targets=0
GRAB train batch 7: pair_ids shape=(16,), range=33..9333, coefficients shape=(16, 2), sample_weights shape=(16,), zero_neighbor_targets=0
GRAB train batch 8: pair_ids shape=(16,), range=106..10987, coefficients shape=(16, 2), sample_weights shape=(16,), zero_neighbor_targets=0
GRAB train batch 9: pair_ids shape=(16,), range=23..9818, coefficients shape=(16, 2), sample_weights shape=(16,), zero_neighbor_targets=0
GRAB train batch 10: pair_ids shape=(16,), range=11..10988, coefficients shape=(16, 2), sample_weights shape=(16,), zero_neighbor_targets=0
GRAB train batch 11: pair_ids shape=(16,), range=208..10772, coefficients shape=(16, 2), sample_weights shape=(16,), zero_neighbor_targets=0
GRAB train batch 12: pair_ids shape=(16,), range=100..10685, coefficients shape=(16, 2), sample_weights shape=(16,), zero_neighbor_targets=0
GRAB train batch 13: pair_ids shape=(16,), range=277..9272, coefficients shape=(16, 2), sample_weights shape=(16,), zero_neighbor_targets=0
GRAB train batch 14: pair_ids shape=(16,), range=37..9840, coefficients shape=(16, 2), sample_weights shape=(16,), zero_neighbor_targets=0
GRAB train batch 15: pair_ids shape=(16,), range=14..8163, coefficients shape=(16, 2), sample_weights shape=(16,), zero_neighbor_targets=0
GRAB train batch 16: pair_ids shape=(16,), range=7..8951, coefficients shape=(16, 2), sample_weights shape=(16,), zero_neighbor_targets=0
GRAB train batch 17: pair_ids shape=(16,), range=79..9892, coefficients shape=(16, 2), sample_weights shape=(16,), zero_neighbor_targets=0
GRAB train batch 18: pair_ids shape=(16,), range=45..10447, coefficients shape=(16, 2), sample_weights shape=(16,), zero_neighbor_targets=0
GRAB train batch 19: pair_ids shape=(16,), range=44..10811, coefficients shape=(16, 2), sample_weights shape=(16,), zero_neighbor_targets=0
GRAB train batch 20: pair_ids shape=(16,), range=39..10227, coefficients shape=(16, 2), sample_weights shape=(16,), zero_neighbor_targets=0
GRAB train batch 21: pair_ids shape=(16,), range=103..7284, coefficients shape=(16, 2), sample_weights shape=(16,), zero_neighbor_targets=0
GRAB train batch 22: pair_ids shape=(16,), range=249..10312, coefficients shape=(16, 2), sample_weights shape=(16,), zero_neighbor_targets=0
GRAB train batch 23: pair_ids shape=(16,), range=21..10404, coefficients shape=(16, 2), sample_weights shape=(16,), zero_neighbor_targets=0
GRAB train batch 24: pair_ids shape=(16,), range=76..10453, coefficients shape=(16, 2), sample_weights shape=(16,), zero_neighbor_targets=0
GRAB train batch 25: pair_ids shape=(16,), range=13..6314, coefficients shape=(16, 2), sample_weights shape=(16,), zero_neighbor_targets=0
GRAB train batch 26: pair_ids shape=(16,), range=8..7785, coefficients shape=(16, 2), sample_weights shape=(16,), zero_neighbor_targets=0
GRAB train batch 27: pair_ids shape=(16,), range=74..10728, coefficients shape=(16, 2), sample_weights shape=(16,), zero_neighbor_targets=0
GRAB train batch 28: pair_ids shape=(16,), range=109..9500, coefficients shape=(16, 2), sample_weights shape=(16,), zero_neighbor_targets=0
GRAB train batch 29: pair_ids shape=(16,), range=24..10764, coefficients shape=(16, 2), sample_weights shape=(16,), zero_neighbor_targets=0
GRAB train batch 30: pair_ids shape=(16,), range=67..9293, coefficients shape=(16, 2), sample_weights shape=(16,), zero_neighbor_targets=0
GRAB train batch 31: pair_ids shape=(16,), range=4..10027, coefficients shape=(16, 2), sample_weights shape=(16,), zero_neighbor_targets=0
GRAB train batch 32: pair_ids shape=(16,), range=31..10225, coefficients shape=(16, 2), sample_weights shape=(16,), zero_neighbor_targets=0
GRAB train batch 33: pair_ids shape=(16,), range=125..8200, coefficients shape=(16, 2), sample_weights shape=(16,), zero_neighbor_targets=0
GRAB train batch 34: pair_ids shape=(16,), range=71..9939, coefficients shape=(16, 2), sample_weights shape=(16,), zero_neighbor_targets=0
GRAB train batch 35: pair_ids shape=(16,), range=92..10411, coefficients shape=(16, 2), sample_weights shape=(16,), zero_neighbor_targets=0
GRAB train batch 36: pair_ids shape=(16,), range=28..10891, coefficients shape=(16, 2), sample_weights shape=(16,), zero_neighbor_targets=0
GRAB train batch 37: pair_ids shape=(16,), range=3..10462, coefficients shape=(16, 2), sample_weights shape=(16,), zero_neighbor_targets=0
GRAB train batch 38: pair_ids shape=(16,), range=12..10360, coefficients shape=(16, 2), sample_weights shape=(16,), zero_neighbor_targets=0
GRAB train batch 39: pair_ids shape=(16,), range=2..7653, coefficients shape=(16, 2), sample_weights shape=(16,), zero_neighbor_targets=0
GRAB train batch 40: pair_ids shape=(16,), range=175..10851, coefficients shape=(16, 2), sample_weights shape=(16,), zero_neighbor_targets=0
GRAB train batch 41: pair_ids shape=(16,), range=1..9704, coefficients shape=(16, 2), sample_weights shape=(16,), zero_neighbor_targets=0
GRAB train batch 42: pair_ids shape=(16,), range=245..10237, coefficients shape=(16, 2), sample_weights shape=(16,), zero_neighbor_targets=0
GRAB train batch 43: pair_ids shape=(16,), range=5..10795, coefficients shape=(16, 2), sample_weights shape=(16,), zero_neighbor_targets=0
GRAB train batch 44: pair_ids shape=(16,), range=26..8678, coefficients shape=(16, 2), sample_weights shape=(16,), zero_neighbor_targets=0
GRAB train batch 45: pair_ids shape=(16,), range=129..10836, coefficients shape=(16, 2), sample_weights shape=(16,), zero_neighbor_targets=0
GRAB train batch 46: pair_ids shape=(16,), range=70..10994, coefficients shape=(16, 2), sample_weights shape=(16,), zero_neighbor_targets=0
GRAB train batch 47: pair_ids shape=(16,), range=35..9278, coefficients shape=(16, 2), sample_weights shape=(16,), zero_neighbor_targets=0
GRAB train batch 48: pair_ids shape=(16,), range=43..10009, coefficients shape=(16, 2), sample_weights shape=(16,), zero_neighbor_targets=0
GRAB train batch 49: pair_ids shape=(16,), range=111..9122, coefficients shape=(16, 2), sample_weights shape=(16,), zero_neighbor_targets=0
GRAB train batch 50: pair_ids shape=(16,), range=41..6307, coefficients shape=(16, 2), sample_weights shape=(16,), zero_neighbor_targets=0
GRAB train batch 51: pair_ids shape=(16,), range=186..10264, coefficients shape=(16, 2), sample_weights shape=(16,), zero_neighbor_targets=0
GRAB train batch 52: pair_ids shape=(16,), range=122..10331, coefficients shape=(16, 2), sample_weights shape=(16,), zero_neighbor_targets=0
GRAB train batch 53: pair_ids shape=(16,), range=77..10742, coefficients shape=(16, 2), sample_weights shape=(16,), zero_neighbor_targets=0
GRAB train batch 54: pair_ids shape=(16,), range=40..10984, coefficients shape=(16, 2), sample_weights shape=(16,), zero_neighbor_targets=0
GRAB train batch 55: pair_ids shape=(16,), range=105..10522, coefficients shape=(16, 2), sample_weights shape=(16,), zero_neighbor_targets=0
GRAB train batch 56: pair_ids shape=(16,), range=30..9822, coefficients shape=(16, 2), sample_weights shape=(16,), zero_neighbor_targets=0
GRAB train batch 57: pair_ids shape=(16,), range=27..10398, coefficients shape=(16, 2), sample_weights shape=(16,), zero_neighbor_targets=0
GRAB train batch 58: pair_ids shape=(16,), range=140..9696, coefficients shape=(16, 2), sample_weights shape=(16,), zero_neighbor_targets=0
GRAB train batch 59: pair_ids shape=(16,), range=88..8772, coefficients shape=(16, 2), sample_weights shape=(16,), zero_neighbor_targets=0
GRAB train batch 60: pair_ids shape=(16,), range=96..10473, coefficients shape=(16, 2), sample_weights shape=(16,), zero_neighbor_targets=0
GRAB train batch 61: pair_ids shape=(16,), range=10..9504, coefficients shape=(16, 2), sample_weights shape=(16,), zero_neighbor_targets=0
GRAB train batch 62: pair_ids shape=(16,), range=183..10935, coefficients shape=(16, 2), sample_weights shape=(16,), zero_neighbor_targets=0
GRAB train batch 63: pair_ids shape=(16,), range=32..10800, coefficients shape=(16, 2), sample_weights shape=(16,), zero_neighbor_targets=0
GRAB train batch 64: pair_ids shape=(16,), range=29..10590, coefficients shape=(16, 2), sample_weights shape=(16,), zero_neighbor_targets=0
GRAB train batch 65: pair_ids shape=(16,), range=17..10850, coefficients shape=(16, 2), sample_weights shape=(16,), zero_neighbor_targets=0
GRAB train batch 66: pair_ids shape=(16,), range=104..10817, coefficients shape=(16, 2), sample_weights shape=(16,), zero_neighbor_targets=0
GRAB train batch 67: pair_ids shape=(16,), range=75..8911, coefficients shape=(16, 2), sample_weights shape=(16,), zero_neighbor_targets=0
GRAB train batch 68: pair_ids shape=(16,), range=118..9228, coefficients shape=(16, 2), sample_weights shape=(16,), zero_neighbor_targets=0
GRAB train batch 69: pair_ids shape=(16,), range=25..8928, coefficients shape=(16, 2), sample_weights shape=(16,), zero_neighbor_targets=0
GRAB train batch 70: pair_ids shape=(16,), range=145..10374, coefficients shape=(16, 2), sample_weights shape=(16,), zero_neighbor_targets=0
GRAB train batch 71: pair_ids shape=(16,), range=0..10537, coefficients shape=(16, 2), sample_weights shape=(16,), zero_neighbor_targets=0
GRAB train batch 72: pair_ids shape=(16,), range=16..9698, coefficients shape=(16, 2), sample_weights shape=(16,), zero_neighbor_targets=0
GRAB train batch 73: pair_ids shape=(16,), range=212..10524, coefficients shape=(16, 2), sample_weights shape=(16,), zero_neighbor_targets=0
GRAB train batch 74: pair_ids shape=(16,), range=66..8954, coefficients shape=(16, 2), sample_weights shape=(16,), zero_neighbor_targets=0
GRAB train batch 75: pair_ids shape=(16,), range=72..10396, coefficients shape=(16, 2), sample_weights shape=(16,), zero_neighbor_targets=0
GRAB train batch 76: pair_ids shape=(16,), range=173..9498, coefficients shape=(16, 2), sample_weights shape=(16,), zero_neighbor_targets=0
GRAB train batch 77: pair_ids shape=(8,), range=115..9471, coefficients shape=(8, 2), sample_weights shape=(8,), zero_neighbor_targets=0
VALIDATION
valid epoch balanced_accuracy: 0.345238
EPOCH 31:
GRAB train batch 1: pair_ids shape=(16,), range=64..7278, coefficients shape=(16, 2), sample_weights shape=(16,), zero_neighbor_targets=0
GRAB train batch 2: pair_ids shape=(16,), range=166..9822, coefficients shape=(16, 2), sample_weights shape=(16,), zero_neighbor_targets=0
GRAB train batch 3: pair_ids shape=(16,), range=262..10502, coefficients shape=(16, 2), sample_weights shape=(16,), zero_neighbor_targets=0
GRAB train batch 4: pair_ids shape=(16,), range=92..10398, coefficients shape=(16, 2), sample_weights shape=(16,), zero_neighbor_targets=0
GRAB train batch 5: pair_ids shape=(16,), range=3..10984, coefficients shape=(16, 2), sample_weights shape=(16,), zero_neighbor_targets=0
GRAB train batch 6: pair_ids shape=(16,), range=17..9224, coefficients shape=(16, 2), sample_weights shape=(16,), zero_neighbor_targets=0
GRAB train batch 7: pair_ids shape=(16,), range=6..8594, coefficients shape=(16, 2), sample_weights shape=(16,), zero_neighbor_targets=0
GRAB train batch 8: pair_ids shape=(16,), range=24..10435, coefficients shape=(16, 2), sample_weights shape=(16,), zero_neighbor_targets=0
GRAB train batch 9: pair_ids shape=(16,), range=38..9608, coefficients shape=(16, 2), sample_weights shape=(16,), zero_neighbor_targets=0
GRAB train batch 10: pair_ids shape=(16,), range=195..10891, coefficients shape=(16, 2), sample_weights shape=(16,), zero_neighbor_targets=0
GRAB train batch 11: pair_ids shape=(16,), range=14..10205, coefficients shape=(16, 2), sample_weights shape=(16,), zero_neighbor_targets=0
GRAB train batch 12: pair_ids shape=(16,), range=4..9176, coefficients shape=(16, 2), sample_weights shape=(16,), zero_neighbor_targets=0
GRAB train batch 13: pair_ids shape=(16,), range=37..7798, coefficients shape=(16, 2), sample_weights shape=(16,), zero_neighbor_targets=0
GRAB train batch 14: pair_ids shape=(16,), range=106..10728, coefficients shape=(16, 2), sample_weights shape=(16,), zero_neighbor_targets=0
GRAB train batch 15: pair_ids shape=(16,), range=36..6605, coefficients shape=(16, 2), sample_weights shape=(16,), zero_neighbor_targets=0
GRAB train batch 16: pair_ids shape=(16,), range=206..10662, coefficients shape=(16, 2), sample_weights shape=(16,), zero_neighbor_targets=0
GRAB train batch 17: pair_ids shape=(16,), range=20..10462, coefficients shape=(16, 2), sample_weights shape=(16,), zero_neighbor_targets=0
GRAB train batch 18: pair_ids shape=(16,), range=114..10264, coefficients shape=(16, 2), sample_weights shape=(16,), zero_neighbor_targets=0
GRAB train batch 19: pair_ids shape=(16,), range=7..10522, coefficients shape=(16, 2), sample_weights shape=(16,), zero_neighbor_targets=0
GRAB train batch 20: pair_ids shape=(16,), range=0..9017, coefficients shape=(16, 2), sample_weights shape=(16,), zero_neighbor_targets=0
GRAB train batch 21: pair_ids shape=(16,), range=11..10009, coefficients shape=(16, 2), sample_weights shape=(16,), zero_neighbor_targets=0
GRAB train batch 22: pair_ids shape=(16,), range=104..10935, coefficients shape=(16, 2), sample_weights shape=(16,), zero_neighbor_targets=0
GRAB train batch 23: pair_ids shape=(16,), range=25..10331, coefficients shape=(16, 2), sample_weights shape=(16,), zero_neighbor_targets=0
GRAB train batch 24: pair_ids shape=(16,), range=13..10600, coefficients shape=(16, 2), sample_weights shape=(16,), zero_neighbor_targets=0
GRAB train batch 25: pair_ids shape=(16,), range=23..10475, coefficients shape=(16, 2), sample_weights shape=(16,), zero_neighbor_targets=0
GRAB train batch 26: pair_ids shape=(16,), range=103..10362, coefficients shape=(16, 2), sample_weights shape=(16,), zero_neighbor_targets=0
GRAB train batch 27: pair_ids shape=(16,), range=279..10411, coefficients shape=(16, 2), sample_weights shape=(16,), zero_neighbor_targets=0
GRAB train batch 28: pair_ids shape=(16,), range=8..10742, coefficients shape=(16, 2), sample_weights shape=(16,), zero_neighbor_targets=0
GRAB train batch 29: pair_ids shape=(16,), range=75..10627, coefficients shape=(16, 2), sample_weights shape=(16,), zero_neighbor_targets=0
GRAB train batch 30: pair_ids shape=(16,), range=1..9892, coefficients shape=(16, 2), sample_weights shape=(16,), zero_neighbor_targets=0
GRAB train batch 31: pair_ids shape=(16,), range=79..10537, coefficients shape=(16, 2), sample_weights shape=(16,), zero_neighbor_targets=0
GRAB train batch 32: pair_ids shape=(16,), range=304..10795, coefficients shape=(16, 2), sample_weights shape=(16,), zero_neighbor_targets=0
GRAB train batch 33: pair_ids shape=(16,), range=15..9170, coefficients shape=(16, 2), sample_weights shape=(16,), zero_neighbor_targets=0
GRAB train batch 34: pair_ids shape=(16,), range=12..9278, coefficients shape=(16, 2), sample_weights shape=(16,), zero_neighbor_targets=0
GRAB train batch 35: pair_ids shape=(16,), range=21..9739, coefficients shape=(16, 2), sample_weights shape=(16,), zero_neighbor_targets=0
GRAB train batch 36: pair_ids shape=(16,), range=128..10005, coefficients shape=(16, 2), sample_weights shape=(16,), zero_neighbor_targets=0
GRAB train batch 37: pair_ids shape=(16,), range=70..10850, coefficients shape=(16, 2), sample_weights shape=(16,), zero_neighbor_targets=0
GRAB train batch 38: pair_ids shape=(16,), range=117..6147, coefficients shape=(16, 2), sample_weights shape=(16,), zero_neighbor_targets=0
GRAB train batch 39: pair_ids shape=(16,), range=66..10396, coefficients shape=(16, 2), sample_weights shape=(16,), zero_neighbor_targets=0
GRAB train batch 40: pair_ids shape=(16,), range=84..10473, coefficients shape=(16, 2), sample_weights shape=(16,), zero_neighbor_targets=0
GRAB train batch 41: pair_ids shape=(16,), range=178..9995, coefficients shape=(16, 2), sample_weights shape=(16,), zero_neighbor_targets=0
GRAB train batch 42: pair_ids shape=(16,), range=86..10471, coefficients shape=(16, 2), sample_weights shape=(16,), zero_neighbor_targets=0
GRAB train batch 43: pair_ids shape=(16,), range=96..10994, coefficients shape=(16, 2), sample_weights shape=(16,), zero_neighbor_targets=0
GRAB train batch 44: pair_ids shape=(16,), range=120..9727, coefficients shape=(16, 2), sample_weights shape=(16,), zero_neighbor_targets=0
GRAB train batch 45: pair_ids shape=(16,), range=141..7987, coefficients shape=(16, 2), sample_weights shape=(16,), zero_neighbor_targets=0
GRAB train batch 46: pair_ids shape=(16,), range=127..9937, coefficients shape=(16, 2), sample_weights shape=(16,), zero_neighbor_targets=0
GRAB train batch 47: pair_ids shape=(16,), range=35..9228, coefficients shape=(16, 2), sample_weights shape=(16,), zero_neighbor_targets=0
GRAB train batch 48: pair_ids shape=(16,), range=39..10772, coefficients shape=(16, 2), sample_weights shape=(16,), zero_neighbor_targets=0
GRAB train batch 49: pair_ids shape=(16,), range=82..8876, coefficients shape=(16, 2), sample_weights shape=(16,), zero_neighbor_targets=0
GRAB train batch 50: pair_ids shape=(16,), range=30..10500, coefficients shape=(16, 2), sample_weights shape=(16,), zero_neighbor_targets=0
GRAB train batch 51: pair_ids shape=(16,), range=45..10851, coefficients shape=(16, 2), sample_weights shape=(16,), zero_neighbor_targets=0
GRAB train batch 52: pair_ids shape=(16,), range=196..9319, coefficients shape=(16, 2), sample_weights shape=(16,), zero_neighbor_targets=0
GRAB train batch 53: pair_ids shape=(16,), range=132..9696, coefficients shape=(16, 2), sample_weights shape=(16,), zero_neighbor_targets=0
GRAB train batch 54: pair_ids shape=(16,), range=16..9704, coefficients shape=(16, 2), sample_weights shape=(16,), zero_neighbor_targets=0
GRAB train batch 55: pair_ids shape=(16,), range=101..9913, coefficients shape=(16, 2), sample_weights shape=(16,), zero_neighbor_targets=0
GRAB train batch 56: pair_ids shape=(16,), range=102..8668, coefficients shape=(16, 2), sample_weights shape=(16,), zero_neighbor_targets=0
GRAB train batch 57: pair_ids shape=(16,), range=22..10590, coefficients shape=(16, 2), sample_weights shape=(16,), zero_neighbor_targets=0
GRAB train batch 58: pair_ids shape=(16,), range=85..10685, coefficients shape=(16, 2), sample_weights shape=(16,), zero_neighbor_targets=0
GRAB train batch 59: pair_ids shape=(16,), range=113..9057, coefficients shape=(16, 2), sample_weights shape=(16,), zero_neighbor_targets=0
GRAB train batch 60: pair_ids shape=(16,), range=32..9500, coefficients shape=(16, 2), sample_weights shape=(16,), zero_neighbor_targets=0
GRAB train batch 61: pair_ids shape=(16,), range=5..9598, coefficients shape=(16, 2), sample_weights shape=(16,), zero_neighbor_targets=0
GRAB train batch 62: pair_ids shape=(16,), range=161..8915, coefficients shape=(16, 2), sample_weights shape=(16,), zero_neighbor_targets=0
GRAB train batch 63: pair_ids shape=(16,), range=10..8279, coefficients shape=(16, 2), sample_weights shape=(16,), zero_neighbor_targets=0
GRAB train batch 64: pair_ids shape=(16,), range=91..8978, coefficients shape=(16, 2), sample_weights shape=(16,), zero_neighbor_targets=0
GRAB train batch 65: pair_ids shape=(16,), range=43..10987, coefficients shape=(16, 2), sample_weights shape=(16,), zero_neighbor_targets=0
GRAB train batch 66: pair_ids shape=(16,), range=291..10988, coefficients shape=(16, 2), sample_weights shape=(16,), zero_neighbor_targets=0
GRAB train batch 67: pair_ids shape=(16,), range=42..10299, coefficients shape=(16, 2), sample_weights shape=(16,), zero_neighbor_targets=0
GRAB train batch 68: pair_ids shape=(16,), range=216..10811, coefficients shape=(16, 2), sample_weights shape=(16,), zero_neighbor_targets=0
GRAB train batch 69: pair_ids shape=(16,), range=19..10836, coefficients shape=(16, 2), sample_weights shape=(16,), zero_neighbor_targets=0
GRAB train batch 70: pair_ids shape=(16,), range=254..10817, coefficients shape=(16, 2), sample_weights shape=(16,), zero_neighbor_targets=0
GRAB train batch 71: pair_ids shape=(16,), range=18..10222, coefficients shape=(16, 2), sample_weights shape=(16,), zero_neighbor_targets=0
GRAB train batch 72: pair_ids shape=(16,), range=287..10764, coefficients shape=(16, 2), sample_weights shape=(16,), zero_neighbor_targets=0
GRAB train batch 73: pair_ids shape=(16,), range=142..10800, coefficients shape=(16, 2), sample_weights shape=(16,), zero_neighbor_targets=0
GRAB train batch 74: pair_ids shape=(16,), range=29..9546, coefficients shape=(16, 2), sample_weights shape=(16,), zero_neighbor_targets=0
GRAB train batch 75: pair_ids shape=(16,), range=87..9914, coefficients shape=(16, 2), sample_weights shape=(16,), zero_neighbor_targets=0
GRAB train batch 76: pair_ids shape=(16,), range=2..7216, coefficients shape=(16, 2), sample_weights shape=(16,), zero_neighbor_targets=0
GRAB train batch 77: pair_ids shape=(8,), range=40..4440, coefficients shape=(8, 2), sample_weights shape=(8,), zero_neighbor_targets=0
VALIDATION
valid epoch balanced_accuracy: 0.252747
EPOCH 32:
GRAB train batch 1: pair_ids shape=(16,), range=97..10836, coefficients shape=(16, 2), sample_weights shape=(16,), zero_neighbor_targets=0
GRAB train batch 2: pair_ids shape=(16,), range=4..8951, coefficients shape=(16, 2), sample_weights shape=(16,), zero_neighbor_targets=0
GRAB train batch 3: pair_ids shape=(16,), range=0..9795, coefficients shape=(16, 2), sample_weights shape=(16,), zero_neighbor_targets=0
GRAB train batch 4: pair_ids shape=(16,), range=11..9739, coefficients shape=(16, 2), sample_weights shape=(16,), zero_neighbor_targets=0
GRAB train batch 5: pair_ids shape=(16,), range=28..9500, coefficients shape=(16, 2), sample_weights shape=(16,), zero_neighbor_targets=0
GRAB train batch 6: pair_ids shape=(16,), range=75..10248, coefficients shape=(16, 2), sample_weights shape=(16,), zero_neighbor_targets=0
GRAB train batch 7: pair_ids shape=(16,), range=25..9498, coefficients shape=(16, 2), sample_weights shape=(16,), zero_neighbor_targets=0
GRAB train batch 8: pair_ids shape=(16,), range=81..6846, coefficients shape=(16, 2), sample_weights shape=(16,), zero_neighbor_targets=0
GRAB train batch 9: pair_ids shape=(16,), range=121..10987, coefficients shape=(16, 2), sample_weights shape=(16,), zero_neighbor_targets=0
GRAB train batch 10: pair_ids shape=(16,), range=10..10850, coefficients shape=(16, 2), sample_weights shape=(16,), zero_neighbor_targets=0
GRAB train batch 11: pair_ids shape=(16,), range=71..10590, coefficients shape=(16, 2), sample_weights shape=(16,), zero_neighbor_targets=0
GRAB train batch 12: pair_ids shape=(16,), range=106..10473, coefficients shape=(16, 2), sample_weights shape=(16,), zero_neighbor_targets=0
GRAB train batch 13: pair_ids shape=(16,), range=26..8658, coefficients shape=(16, 2), sample_weights shape=(16,), zero_neighbor_targets=0
GRAB train batch 14: pair_ids shape=(16,), range=22..9228, coefficients shape=(16, 2), sample_weights shape=(16,), zero_neighbor_targets=0
GRAB train batch 15: pair_ids shape=(16,), range=99..8668, coefficients shape=(16, 2), sample_weights shape=(16,), zero_neighbor_targets=0
GRAB train batch 16: pair_ids shape=(16,), range=144..9892, coefficients shape=(16, 2), sample_weights shape=(16,), zero_neighbor_targets=0
GRAB train batch 17: pair_ids shape=(16,), range=14..10935, coefficients shape=(16, 2), sample_weights shape=(16,), zero_neighbor_targets=0
GRAB train batch 18: pair_ids shape=(16,), range=40..7219, coefficients shape=(16, 2), sample_weights shape=(16,), zero_neighbor_targets=0
GRAB train batch 19: pair_ids shape=(16,), range=90..10891, coefficients shape=(16, 2), sample_weights shape=(16,), zero_neighbor_targets=0
GRAB train batch 20: pair_ids shape=(16,), range=110..9139, coefficients shape=(16, 2), sample_weights shape=(16,), zero_neighbor_targets=0
GRAB train batch 21: pair_ids shape=(16,), range=94..10277, coefficients shape=(16, 2), sample_weights shape=(16,), zero_neighbor_targets=0
GRAB train batch 22: pair_ids shape=(16,), range=158..9478, coefficients shape=(16, 2), sample_weights shape=(16,), zero_neighbor_targets=0
GRAB train batch 23: pair_ids shape=(16,), range=19..9913, coefficients shape=(16, 2), sample_weights shape=(16,), zero_neighbor_targets=0
GRAB train batch 24: pair_ids shape=(16,), range=203..10662, coefficients shape=(16, 2), sample_weights shape=(16,), zero_neighbor_targets=0
GRAB train batch 25: pair_ids shape=(16,), range=241..9176, coefficients shape=(16, 2), sample_weights shape=(16,), zero_neighbor_targets=0
GRAB train batch 26: pair_ids shape=(16,), range=39..10299, coefficients shape=(16, 2), sample_weights shape=(16,), zero_neighbor_targets=0
GRAB train batch 27: pair_ids shape=(16,), range=157..9546, coefficients shape=(16, 2), sample_weights shape=(16,), zero_neighbor_targets=0
GRAB train batch 28: pair_ids shape=(16,), range=310..10471, coefficients shape=(16, 2), sample_weights shape=(16,), zero_neighbor_targets=0
GRAB train batch 29: pair_ids shape=(16,), range=70..10475, coefficients shape=(16, 2), sample_weights shape=(16,), zero_neighbor_targets=0
GRAB train batch 30: pair_ids shape=(16,), range=111..10984, coefficients shape=(16, 2), sample_weights shape=(16,), zero_neighbor_targets=0
GRAB train batch 31: pair_ids shape=(16,), range=146..8954, coefficients shape=(16, 2), sample_weights shape=(16,), zero_neighbor_targets=0
GRAB train batch 32: pair_ids shape=(16,), range=68..10435, coefficients shape=(16, 2), sample_weights shape=(16,), zero_neighbor_targets=0
GRAB train batch 33: pair_ids shape=(16,), range=32..6765, coefficients shape=(16, 2), sample_weights shape=(16,), zero_neighbor_targets=0
GRAB train batch 34: pair_ids shape=(16,), range=268..8081, coefficients shape=(16, 2), sample_weights shape=(16,), zero_neighbor_targets=0
GRAB train batch 35: pair_ids shape=(16,), range=85..10795, coefficients shape=(16, 2), sample_weights shape=(16,), zero_neighbor_targets=0
GRAB train batch 36: pair_ids shape=(16,), range=64..10811, coefficients shape=(16, 2), sample_weights shape=(16,), zero_neighbor_targets=0
GRAB train batch 37: pair_ids shape=(16,), range=8..10524, coefficients shape=(16, 2), sample_weights shape=(16,), zero_neighbor_targets=0
GRAB train batch 38: pair_ids shape=(16,), range=112..10742, coefficients shape=(16, 2), sample_weights shape=(16,), zero_neighbor_targets=0
GRAB train batch 39: pair_ids shape=(16,), range=77..9027, coefficients shape=(16, 2), sample_weights shape=(16,), zero_neighbor_targets=0
GRAB train batch 40: pair_ids shape=(16,), range=128..10764, coefficients shape=(16, 2), sample_weights shape=(16,), zero_neighbor_targets=0
GRAB train batch 41: pair_ids shape=(16,), range=127..10994, coefficients shape=(16, 2), sample_weights shape=(16,), zero_neighbor_targets=0
GRAB train batch 42: pair_ids shape=(16,), range=74..9036, coefficients shape=(16, 2), sample_weights shape=(16,), zero_neighbor_targets=0
GRAB train batch 43: pair_ids shape=(16,), range=118..10312, coefficients shape=(16, 2), sample_weights shape=(16,), zero_neighbor_targets=0
GRAB train batch 44: pair_ids shape=(16,), range=86..10237, coefficients shape=(16, 2), sample_weights shape=(16,), zero_neighbor_targets=0
GRAB train batch 45: pair_ids shape=(16,), range=1..10772, coefficients shape=(16, 2), sample_weights shape=(16,), zero_neighbor_targets=0
GRAB train batch 46: pair_ids shape=(16,), range=96..10259, coefficients shape=(16, 2), sample_weights shape=(16,), zero_neighbor_targets=0
GRAB train batch 47: pair_ids shape=(16,), range=15..9499, coefficients shape=(16, 2), sample_weights shape=(16,), zero_neighbor_targets=0
GRAB train batch 48: pair_ids shape=(16,), range=2..8001, coefficients shape=(16, 2), sample_weights shape=(16,), zero_neighbor_targets=0
GRAB train batch 49: pair_ids shape=(16,), range=185..10264, coefficients shape=(16, 2), sample_weights shape=(16,), zero_neighbor_targets=0
GRAB train batch 50: pair_ids shape=(16,), range=141..10537, coefficients shape=(16, 2), sample_weights shape=(16,), zero_neighbor_targets=0
GRAB train batch 51: pair_ids shape=(16,), range=79..9704, coefficients shape=(16, 2), sample_weights shape=(16,), zero_neighbor_targets=0
GRAB train batch 52: pair_ids shape=(16,), range=12..10398, coefficients shape=(16, 2), sample_weights shape=(16,), zero_neighbor_targets=0
GRAB train batch 53: pair_ids shape=(16,), range=23..6993, coefficients shape=(16, 2), sample_weights shape=(16,), zero_neighbor_targets=0
GRAB train batch 54: pair_ids shape=(16,), range=89..10988, coefficients shape=(16, 2), sample_weights shape=(16,), zero_neighbor_targets=0
GRAB train batch 55: pair_ids shape=(16,), range=29..10362, coefficients shape=(16, 2), sample_weights shape=(16,), zero_neighbor_targets=0
GRAB train batch 56: pair_ids shape=(16,), range=43..10522, coefficients shape=(16, 2), sample_weights shape=(16,), zero_neighbor_targets=0
GRAB train batch 57: pair_ids shape=(16,), range=9..5947, coefficients shape=(16, 2), sample_weights shape=(16,), zero_neighbor_targets=0
GRAB train batch 58: pair_ids shape=(16,), range=20..7894, coefficients shape=(16, 2), sample_weights shape=(16,), zero_neighbor_targets=0
GRAB train batch 59: pair_ids shape=(16,), range=3..7952, coefficients shape=(16, 2), sample_weights shape=(16,), zero_neighbor_targets=0
GRAB train batch 60: pair_ids shape=(16,), range=18..9840, coefficients shape=(16, 2), sample_weights shape=(16,), zero_neighbor_targets=0
GRAB train batch 61: pair_ids shape=(16,), range=191..10384, coefficients shape=(16, 2), sample_weights shape=(16,), zero_neighbor_targets=0
GRAB train batch 62: pair_ids shape=(16,), range=65..9914, coefficients shape=(16, 2), sample_weights shape=(16,), zero_neighbor_targets=0
GRAB train batch 63: pair_ids shape=(16,), range=36..9488, coefficients shape=(16, 2), sample_weights shape=(16,), zero_neighbor_targets=0
GRAB train batch 64: pair_ids shape=(16,), range=104..7619, coefficients shape=(16, 2), sample_weights shape=(16,), zero_neighbor_targets=0
GRAB train batch 65: pair_ids shape=(16,), range=6..9073, coefficients shape=(16, 2), sample_weights shape=(16,), zero_neighbor_targets=0
GRAB train batch 66: pair_ids shape=(16,), range=16..10728, coefficients shape=(16, 2), sample_weights shape=(16,), zero_neighbor_targets=0
GRAB train batch 67: pair_ids shape=(16,), range=31..8772, coefficients shape=(16, 2), sample_weights shape=(16,), zero_neighbor_targets=0
GRAB train batch 68: pair_ids shape=(16,), range=201..10205, coefficients shape=(16, 2), sample_weights shape=(16,), zero_neighbor_targets=0
GRAB train batch 69: pair_ids shape=(16,), range=122..6156, coefficients shape=(16, 2), sample_weights shape=(16,), zero_neighbor_targets=0
GRAB train batch 70: pair_ids shape=(16,), range=41..9387, coefficients shape=(16, 2), sample_weights shape=(16,), zero_neighbor_targets=0
GRAB train batch 71: pair_ids shape=(16,), range=35..9995, coefficients shape=(16, 2), sample_weights shape=(16,), zero_neighbor_targets=0
GRAB train batch 72: pair_ids shape=(16,), range=21..8978, coefficients shape=(16, 2), sample_weights shape=(16,), zero_neighbor_targets=0
GRAB train batch 73: pair_ids shape=(16,), range=72..10851, coefficients shape=(16, 2), sample_weights shape=(16,), zero_neighbor_targets=0
GRAB train batch 74: pair_ids shape=(16,), range=37..9956, coefficients shape=(16, 2), sample_weights shape=(16,), zero_neighbor_targets=0
GRAB train batch 75: pair_ids shape=(16,), range=5..10447, coefficients shape=(16, 2), sample_weights shape=(16,), zero_neighbor_targets=0
GRAB train batch 76: pair_ids shape=(16,), range=17..7511, coefficients shape=(16, 2), sample_weights shape=(16,), zero_neighbor_targets=0
GRAB train batch 77: pair_ids shape=(8,), range=76..7536, coefficients shape=(8, 2), sample_weights shape=(8,), zero_neighbor_targets=0
VALIDATION
valid epoch balanced_accuracy: 0.467033
EPOCH 33:
GRAB train batch 1: pair_ids shape=(16,), range=76..10742, coefficients shape=(16, 2), sample_weights shape=(16,), zero_neighbor_targets=0
GRAB train batch 2: pair_ids shape=(16,), range=90..9224, coefficients shape=(16, 2), sample_weights shape=(16,), zero_neighbor_targets=0
GRAB train batch 3: pair_ids shape=(16,), range=6..9088, coefficients shape=(16, 2), sample_weights shape=(16,), zero_neighbor_targets=0
GRAB train batch 4: pair_ids shape=(16,), range=16..9180, coefficients shape=(16, 2), sample_weights shape=(16,), zero_neighbor_targets=0
GRAB train batch 5: pair_ids shape=(16,), range=72..10685, coefficients shape=(16, 2), sample_weights shape=(16,), zero_neighbor_targets=0
GRAB train batch 6: pair_ids shape=(16,), range=3..6838, coefficients shape=(16, 2), sample_weights shape=(16,), zero_neighbor_targets=0
GRAB train batch 7: pair_ids shape=(16,), range=45..10537, coefficients shape=(16, 2), sample_weights shape=(16,), zero_neighbor_targets=0
GRAB train batch 8: pair_ids shape=(16,), range=19..10384, coefficients shape=(16, 2), sample_weights shape=(16,), zero_neighbor_targets=0
GRAB train batch 9: pair_ids shape=(16,), range=250..10987, coefficients shape=(16, 2), sample_weights shape=(16,), zero_neighbor_targets=0
GRAB train batch 10: pair_ids shape=(16,), range=70..7942, coefficients shape=(16, 2), sample_weights shape=(16,), zero_neighbor_targets=0
GRAB train batch 11: pair_ids shape=(16,), range=274..10453, coefficients shape=(16, 2), sample_weights shape=(16,), zero_neighbor_targets=0
GRAB train batch 12: pair_ids shape=(16,), range=108..10662, coefficients shape=(16, 2), sample_weights shape=(16,), zero_neighbor_targets=0
GRAB train batch 13: pair_ids shape=(16,), range=79..9956, coefficients shape=(16, 2), sample_weights shape=(16,), zero_neighbor_targets=0
GRAB train batch 14: pair_ids shape=(16,), range=10..10411, coefficients shape=(16, 2), sample_weights shape=(16,), zero_neighbor_targets=0
GRAB train batch 15: pair_ids shape=(16,), range=15..10248, coefficients shape=(16, 2), sample_weights shape=(16,), zero_neighbor_targets=0
GRAB train batch 16: pair_ids shape=(16,), range=104..9498, coefficients shape=(16, 2), sample_weights shape=(16,), zero_neighbor_targets=0
GRAB train batch 17: pair_ids shape=(16,), range=118..10935, coefficients shape=(16, 2), sample_weights shape=(16,), zero_neighbor_targets=0
GRAB train batch 18: pair_ids shape=(16,), range=68..10522, coefficients shape=(16, 2), sample_weights shape=(16,), zero_neighbor_targets=0
GRAB train batch 19: pair_ids shape=(16,), range=34..9696, coefficients shape=(16, 2), sample_weights shape=(16,), zero_neighbor_targets=0
GRAB train batch 20: pair_ids shape=(16,), range=110..10447, coefficients shape=(16, 2), sample_weights shape=(16,), zero_neighbor_targets=0
GRAB train batch 21: pair_ids shape=(16,), range=25..10404, coefficients shape=(16, 2), sample_weights shape=(16,), zero_neighbor_targets=0
GRAB train batch 22: pair_ids shape=(16,), range=152..10984, coefficients shape=(16, 2), sample_weights shape=(16,), zero_neighbor_targets=0
GRAB train batch 23: pair_ids shape=(16,), range=5..10850, coefficients shape=(16, 2), sample_weights shape=(16,), zero_neighbor_targets=0
GRAB train batch 24: pair_ids shape=(16,), range=113..10817, coefficients shape=(16, 2), sample_weights shape=(16,), zero_neighbor_targets=0
GRAB train batch 25: pair_ids shape=(16,), range=170..10259, coefficients shape=(16, 2), sample_weights shape=(16,), zero_neighbor_targets=0
GRAB train batch 26: pair_ids shape=(16,), range=86..9186, coefficients shape=(16, 2), sample_weights shape=(16,), zero_neighbor_targets=0
GRAB train batch 27: pair_ids shape=(16,), range=27..10473, coefficients shape=(16, 2), sample_weights shape=(16,), zero_neighbor_targets=0
GRAB train batch 28: pair_ids shape=(16,), range=21..9995, coefficients shape=(16, 2), sample_weights shape=(16,), zero_neighbor_targets=0
GRAB train batch 29: pair_ids shape=(16,), range=0..9391, coefficients shape=(16, 2), sample_weights shape=(16,), zero_neighbor_targets=0
GRAB train batch 30: pair_ids shape=(16,), range=9..10524, coefficients shape=(16, 2), sample_weights shape=(16,), zero_neighbor_targets=0
GRAB train batch 31: pair_ids shape=(16,), range=286..10772, coefficients shape=(16, 2), sample_weights shape=(16,), zero_neighbor_targets=0
GRAB train batch 32: pair_ids shape=(16,), range=171..10027, coefficients shape=(16, 2), sample_weights shape=(16,), zero_neighbor_targets=0
GRAB train batch 33: pair_ids shape=(16,), range=22..8668, coefficients shape=(16, 2), sample_weights shape=(16,), zero_neighbor_targets=0
GRAB train batch 34: pair_ids shape=(16,), range=114..10811, coefficients shape=(16, 2), sample_weights shape=(16,), zero_neighbor_targets=0
GRAB train batch 35: pair_ids shape=(16,), range=2..8163, coefficients shape=(16, 2), sample_weights shape=(16,), zero_neighbor_targets=0
GRAB train batch 36: pair_ids shape=(16,), range=150..10435, coefficients shape=(16, 2), sample_weights shape=(16,), zero_neighbor_targets=0
GRAB train batch 37: pair_ids shape=(16,), range=119..7200, coefficients shape=(16, 2), sample_weights shape=(16,), zero_neighbor_targets=0
GRAB train batch 38: pair_ids shape=(16,), range=183..10851, coefficients shape=(16, 2), sample_weights shape=(16,), zero_neighbor_targets=0
GRAB train batch 39: pair_ids shape=(16,), range=145..7683, coefficients shape=(16, 2), sample_weights shape=(16,), zero_neighbor_targets=0
GRAB train batch 40: pair_ids shape=(16,), range=38..10627, coefficients shape=(16, 2), sample_weights shape=(16,), zero_neighbor_targets=0
GRAB train batch 41: pair_ids shape=(16,), range=96..10728, coefficients shape=(16, 2), sample_weights shape=(16,), zero_neighbor_targets=0
GRAB train batch 42: pair_ids shape=(16,), range=81..10237, coefficients shape=(16, 2), sample_weights shape=(16,), zero_neighbor_targets=0
GRAB train batch 43: pair_ids shape=(16,), range=80..7221, coefficients shape=(16, 2), sample_weights shape=(16,), zero_neighbor_targets=0
GRAB train batch 44: pair_ids shape=(16,), range=18..9135, coefficients shape=(16, 2), sample_weights shape=(16,), zero_neighbor_targets=0
GRAB train batch 45: pair_ids shape=(16,), range=11..10795, coefficients shape=(16, 2), sample_weights shape=(16,), zero_neighbor_targets=0
GRAB train batch 46: pair_ids shape=(16,), range=94..9147, coefficients shape=(16, 2), sample_weights shape=(16,), zero_neighbor_targets=0
GRAB train batch 47: pair_ids shape=(16,), range=24..10891, coefficients shape=(16, 2), sample_weights shape=(16,), zero_neighbor_targets=0
GRAB train batch 48: pair_ids shape=(16,), range=82..9795, coefficients shape=(16, 2), sample_weights shape=(16,), zero_neighbor_targets=0
GRAB train batch 49: pair_ids shape=(16,), range=37..4465, coefficients shape=(16, 2), sample_weights shape=(16,), zero_neighbor_targets=0
GRAB train batch 50: pair_ids shape=(16,), range=31..9704, coefficients shape=(16, 2), sample_weights shape=(16,), zero_neighbor_targets=0
GRAB train batch 51: pair_ids shape=(16,), range=138..8081, coefficients shape=(16, 2), sample_weights shape=(16,), zero_neighbor_targets=0
GRAB train batch 52: pair_ids shape=(16,), range=99..10264, coefficients shape=(16, 2), sample_weights shape=(16,), zero_neighbor_targets=0
GRAB train batch 53: pair_ids shape=(16,), range=7..10299, coefficients shape=(16, 2), sample_weights shape=(16,), zero_neighbor_targets=0
GRAB train batch 54: pair_ids shape=(16,), range=198..10312, coefficients shape=(16, 2), sample_weights shape=(16,), zero_neighbor_targets=0
GRAB train batch 55: pair_ids shape=(16,), range=97..10393, coefficients shape=(16, 2), sample_weights shape=(16,), zero_neighbor_targets=0
GRAB train batch 56: pair_ids shape=(16,), range=1..10988, coefficients shape=(16, 2), sample_weights shape=(16,), zero_neighbor_targets=0
GRAB train batch 57: pair_ids shape=(16,), range=36..10800, coefficients shape=(16, 2), sample_weights shape=(16,), zero_neighbor_targets=0
GRAB train batch 58: pair_ids shape=(16,), range=93..9139, coefficients shape=(16, 2), sample_weights shape=(16,), zero_neighbor_targets=0
GRAB train batch 59: pair_ids shape=(16,), range=41..8590, coefficients shape=(16, 2), sample_weights shape=(16,), zero_neighbor_targets=0
GRAB train batch 60: pair_ids shape=(16,), range=39..9887, coefficients shape=(16, 2), sample_weights shape=(16,), zero_neighbor_targets=0
GRAB train batch 61: pair_ids shape=(16,), range=127..10170, coefficients shape=(16, 2), sample_weights shape=(16,), zero_neighbor_targets=0
GRAB train batch 62: pair_ids shape=(16,), range=105..9698, coefficients shape=(16, 2), sample_weights shape=(16,), zero_neighbor_targets=0
GRAB train batch 63: pair_ids shape=(16,), range=44..9913, coefficients shape=(16, 2), sample_weights shape=(16,), zero_neighbor_targets=0
GRAB train batch 64: pair_ids shape=(16,), range=130..8491, coefficients shape=(16, 2), sample_weights shape=(16,), zero_neighbor_targets=0
GRAB train batch 65: pair_ids shape=(16,), range=245..10471, coefficients shape=(16, 2), sample_weights shape=(16,), zero_neighbor_targets=0
GRAB train batch 66: pair_ids shape=(16,), range=107..9937, coefficients shape=(16, 2), sample_weights shape=(16,), zero_neighbor_targets=0
GRAB train batch 67: pair_ids shape=(16,), range=83..8731, coefficients shape=(16, 2), sample_weights shape=(16,), zero_neighbor_targets=0
GRAB train batch 68: pair_ids shape=(16,), range=444..10005, coefficients shape=(16, 2), sample_weights shape=(16,), zero_neighbor_targets=0
GRAB train batch 69: pair_ids shape=(16,), range=325..10764, coefficients shape=(16, 2), sample_weights shape=(16,), zero_neighbor_targets=0
GRAB train batch 70: pair_ids shape=(16,), range=32..9822, coefficients shape=(16, 2), sample_weights shape=(16,), zero_neighbor_targets=0
GRAB train batch 71: pair_ids shape=(16,), range=12..8858, coefficients shape=(16, 2), sample_weights shape=(16,), zero_neighbor_targets=0
GRAB train batch 72: pair_ids shape=(16,), range=43..9262, coefficients shape=(16, 2), sample_weights shape=(16,), zero_neighbor_targets=0
GRAB train batch 73: pair_ids shape=(16,), range=259..7798, coefficients shape=(16, 2), sample_weights shape=(16,), zero_neighbor_targets=0
GRAB train batch 74: pair_ids shape=(16,), range=87..10462, coefficients shape=(16, 2), sample_weights shape=(16,), zero_neighbor_targets=0
GRAB train batch 75: pair_ids shape=(16,), range=98..7857, coefficients shape=(16, 2), sample_weights shape=(16,), zero_neighbor_targets=0
GRAB train batch 76: pair_ids shape=(16,), range=35..10994, coefficients shape=(16, 2), sample_weights shape=(16,), zero_neighbor_targets=0
GRAB train batch 77: pair_ids shape=(8,), range=116..9272, coefficients shape=(8, 2), sample_weights shape=(8,), zero_neighbor_targets=0
VALIDATION
valid epoch balanced_accuracy: 0.416667
EPOCH 34:
GRAB train batch 1: pair_ids shape=(16,), range=212..9272, coefficients shape=(16, 2), sample_weights shape=(16,), zero_neighbor_targets=0
GRAB train batch 2: pair_ids shape=(16,), range=27..10475, coefficients shape=(16, 2), sample_weights shape=(16,), zero_neighbor_targets=0
GRAB train batch 3: pair_ids shape=(16,), range=20..10984, coefficients shape=(16, 2), sample_weights shape=(16,), zero_neighbor_targets=0
GRAB train batch 4: pair_ids shape=(16,), range=83..10685, coefficients shape=(16, 2), sample_weights shape=(16,), zero_neighbor_targets=0
GRAB train batch 5: pair_ids shape=(16,), range=256..9471, coefficients shape=(16, 2), sample_weights shape=(16,), zero_neighbor_targets=0
GRAB train batch 6: pair_ids shape=(16,), range=92..10994, coefficients shape=(16, 2), sample_weights shape=(16,), zero_neighbor_targets=0
GRAB train batch 7: pair_ids shape=(16,), range=160..10522, coefficients shape=(16, 2), sample_weights shape=(16,), zero_neighbor_targets=0
GRAB train batch 8: pair_ids shape=(16,), range=68..9954, coefficients shape=(16, 2), sample_weights shape=(16,), zero_neighbor_targets=0
GRAB train batch 9: pair_ids shape=(16,), range=16..10227, coefficients shape=(16, 2), sample_weights shape=(16,), zero_neighbor_targets=0
GRAB train batch 10: pair_ids shape=(16,), range=17..6964, coefficients shape=(16, 2), sample_weights shape=(16,), zero_neighbor_targets=0
GRAB train batch 11: pair_ids shape=(16,), range=30..10627, coefficients shape=(16, 2), sample_weights shape=(16,), zero_neighbor_targets=0
GRAB train batch 12: pair_ids shape=(16,), range=102..6438, coefficients shape=(16, 2), sample_weights shape=(16,), zero_neighbor_targets=0
GRAB train batch 13: pair_ids shape=(16,), range=125..10772, coefficients shape=(16, 2), sample_weights shape=(16,), zero_neighbor_targets=0
GRAB train batch 14: pair_ids shape=(16,), range=31..9622, coefficients shape=(16, 2), sample_weights shape=(16,), zero_neighbor_targets=0
GRAB train batch 15: pair_ids shape=(16,), range=109..10447, coefficients shape=(16, 2), sample_weights shape=(16,), zero_neighbor_targets=0
GRAB train batch 16: pair_ids shape=(16,), range=22..6216, coefficients shape=(16, 2), sample_weights shape=(16,), zero_neighbor_targets=0
GRAB train batch 17: pair_ids shape=(16,), range=10..10851, coefficients shape=(16, 2), sample_weights shape=(16,), zero_neighbor_targets=0
GRAB train batch 18: pair_ids shape=(16,), range=81..8157, coefficients shape=(16, 2), sample_weights shape=(16,), zero_neighbor_targets=0
GRAB train batch 19: pair_ids shape=(16,), range=95..10988, coefficients shape=(16, 2), sample_weights shape=(16,), zero_neighbor_targets=0
GRAB train batch 20: pair_ids shape=(16,), range=7..9795, coefficients shape=(16, 2), sample_weights shape=(16,), zero_neighbor_targets=0
GRAB train batch 21: pair_ids shape=(16,), range=41..10850, coefficients shape=(16, 2), sample_weights shape=(16,), zero_neighbor_targets=0
GRAB train batch 22: pair_ids shape=(16,), range=139..10393, coefficients shape=(16, 2), sample_weights shape=(16,), zero_neighbor_targets=0
GRAB train batch 23: pair_ids shape=(16,), range=88..10005, coefficients shape=(16, 2), sample_weights shape=(16,), zero_neighbor_targets=0
GRAB train batch 24: pair_ids shape=(16,), range=40..9500, coefficients shape=(16, 2), sample_weights shape=(16,), zero_neighbor_targets=0
GRAB train batch 25: pair_ids shape=(16,), range=135..9727, coefficients shape=(16, 2), sample_weights shape=(16,), zero_neighbor_targets=0
GRAB train batch 26: pair_ids shape=(16,), range=193..10404, coefficients shape=(16, 2), sample_weights shape=(16,), zero_neighbor_targets=0
GRAB train batch 27: pair_ids shape=(16,), range=140..10537, coefficients shape=(16, 2), sample_weights shape=(16,), zero_neighbor_targets=0
GRAB train batch 28: pair_ids shape=(16,), range=85..10836, coefficients shape=(16, 2), sample_weights shape=(16,), zero_neighbor_targets=0
GRAB train batch 29: pair_ids shape=(16,), range=629..9818, coefficients shape=(16, 2), sample_weights shape=(16,), zero_neighbor_targets=0
GRAB train batch 30: pair_ids shape=(16,), range=345..9176, coefficients shape=(16, 2), sample_weights shape=(16,), zero_neighbor_targets=0
GRAB train batch 31: pair_ids shape=(16,), range=13..8978, coefficients shape=(16, 2), sample_weights shape=(16,), zero_neighbor_targets=0
GRAB train batch 32: pair_ids shape=(16,), range=69..10248, coefficients shape=(16, 2), sample_weights shape=(16,), zero_neighbor_targets=0
GRAB train batch 33: pair_ids shape=(16,), range=3..10662, coefficients shape=(16, 2), sample_weights shape=(16,), zero_neighbor_targets=0
GRAB train batch 34: pair_ids shape=(16,), range=116..7942, coefficients shape=(16, 2), sample_weights shape=(16,), zero_neighbor_targets=0
GRAB train batch 35: pair_ids shape=(16,), range=15..10027, coefficients shape=(16, 2), sample_weights shape=(16,), zero_neighbor_targets=0
GRAB train batch 36: pair_ids shape=(16,), range=371..10205, coefficients shape=(16, 2), sample_weights shape=(16,), zero_neighbor_targets=0
GRAB train batch 37: pair_ids shape=(16,), range=23..10500, coefficients shape=(16, 2), sample_weights shape=(16,), zero_neighbor_targets=0
GRAB train batch 38: pair_ids shape=(16,), range=115..10360, coefficients shape=(16, 2), sample_weights shape=(16,), zero_neighbor_targets=0
GRAB train batch 39: pair_ids shape=(16,), range=9..9319, coefficients shape=(16, 2), sample_weights shape=(16,), zero_neighbor_targets=0
GRAB train batch 40: pair_ids shape=(16,), range=64..10259, coefficients shape=(16, 2), sample_weights shape=(16,), zero_neighbor_targets=0
GRAB train batch 41: pair_ids shape=(16,), range=114..10764, coefficients shape=(16, 2), sample_weights shape=(16,), zero_neighbor_targets=0
GRAB train batch 42: pair_ids shape=(16,), range=188..9534, coefficients shape=(16, 2), sample_weights shape=(16,), zero_neighbor_targets=0
GRAB train batch 43: pair_ids shape=(16,), range=1..10742, coefficients shape=(16, 2), sample_weights shape=(16,), zero_neighbor_targets=0
GRAB train batch 44: pair_ids shape=(16,), range=66..10811, coefficients shape=(16, 2), sample_weights shape=(16,), zero_neighbor_targets=0
GRAB train batch 45: pair_ids shape=(16,), range=2..9278, coefficients shape=(16, 2), sample_weights shape=(16,), zero_neighbor_targets=0
GRAB train batch 46: pair_ids shape=(16,), range=82..9696, coefficients shape=(16, 2), sample_weights shape=(16,), zero_neighbor_targets=0
GRAB train batch 47: pair_ids shape=(16,), range=5..4398, coefficients shape=(16, 2), sample_weights shape=(16,), zero_neighbor_targets=0
GRAB train batch 48: pair_ids shape=(16,), range=14..9504, coefficients shape=(16, 2), sample_weights shape=(16,), zero_neighbor_targets=0
GRAB train batch 49: pair_ids shape=(16,), range=33..10453, coefficients shape=(16, 2), sample_weights shape=(16,), zero_neighbor_targets=0
GRAB train batch 50: pair_ids shape=(16,), range=108..10817, coefficients shape=(16, 2), sample_weights shape=(16,), zero_neighbor_targets=0
GRAB train batch 51: pair_ids shape=(16,), range=65..9704, coefficients shape=(16, 2), sample_weights shape=(16,), zero_neighbor_targets=0
GRAB train batch 52: pair_ids shape=(16,), range=19..10891, coefficients shape=(16, 2), sample_weights shape=(16,), zero_neighbor_targets=0
GRAB train batch 53: pair_ids shape=(16,), range=34..9403, coefficients shape=(16, 2), sample_weights shape=(16,), zero_neighbor_targets=0
GRAB train batch 54: pair_ids shape=(16,), range=71..10435, coefficients shape=(16, 2), sample_weights shape=(16,), zero_neighbor_targets=0
GRAB train batch 55: pair_ids shape=(16,), range=98..9887, coefficients shape=(16, 2), sample_weights shape=(16,), zero_neighbor_targets=0
GRAB train batch 56: pair_ids shape=(16,), range=4..9498, coefficients shape=(16, 2), sample_weights shape=(16,), zero_neighbor_targets=0
GRAB train batch 57: pair_ids shape=(16,), range=106..10411, coefficients shape=(16, 2), sample_weights shape=(16,), zero_neighbor_targets=0
GRAB train batch 58: pair_ids shape=(16,), range=77..10398, coefficients shape=(16, 2), sample_weights shape=(16,), zero_neighbor_targets=0
GRAB train batch 59: pair_ids shape=(16,), range=24..10728, coefficients shape=(16, 2), sample_weights shape=(16,), zero_neighbor_targets=0
GRAB train batch 60: pair_ids shape=(16,), range=8..10222, coefficients shape=(16, 2), sample_weights shape=(16,), zero_neighbor_targets=0
GRAB train batch 61: pair_ids shape=(16,), range=150..9937, coefficients shape=(16, 2), sample_weights shape=(16,), zero_neighbor_targets=0
GRAB train batch 62: pair_ids shape=(16,), range=0..10312, coefficients shape=(16, 2), sample_weights shape=(16,), zero_neighbor_targets=0
GRAB train batch 63: pair_ids shape=(16,), range=42..7987, coefficients shape=(16, 2), sample_weights shape=(16,), zero_neighbor_targets=0
GRAB train batch 64: pair_ids shape=(16,), range=6..8678, coefficients shape=(16, 2), sample_weights shape=(16,), zero_neighbor_targets=0
GRAB train batch 65: pair_ids shape=(16,), range=113..9488, coefficients shape=(16, 2), sample_weights shape=(16,), zero_neighbor_targets=0
GRAB train batch 66: pair_ids shape=(16,), range=123..10987, coefficients shape=(16, 2), sample_weights shape=(16,), zero_neighbor_targets=0
GRAB train batch 67: pair_ids shape=(16,), range=28..10935, coefficients shape=(16, 2), sample_weights shape=(16,), zero_neighbor_targets=0
GRAB train batch 68: pair_ids shape=(16,), range=137..10299, coefficients shape=(16, 2), sample_weights shape=(16,), zero_neighbor_targets=0
GRAB train batch 69: pair_ids shape=(16,), range=38..10502, coefficients shape=(16, 2), sample_weights shape=(16,), zero_neighbor_targets=0
GRAB train batch 70: pair_ids shape=(16,), range=11..5497, coefficients shape=(16, 2), sample_weights shape=(16,), zero_neighbor_targets=0
GRAB train batch 71: pair_ids shape=(16,), range=207..10225, coefficients shape=(16, 2), sample_weights shape=(16,), zero_neighbor_targets=0
GRAB train batch 72: pair_ids shape=(16,), range=204..9478, coefficients shape=(16, 2), sample_weights shape=(16,), zero_neighbor_targets=0
GRAB train batch 73: pair_ids shape=(16,), range=79..8911, coefficients shape=(16, 2), sample_weights shape=(16,), zero_neighbor_targets=0
GRAB train batch 74: pair_ids shape=(16,), range=136..10590, coefficients shape=(16, 2), sample_weights shape=(16,), zero_neighbor_targets=0
GRAB train batch 75: pair_ids shape=(16,), range=91..7829, coefficients shape=(16, 2), sample_weights shape=(16,), zero_neighbor_targets=0
GRAB train batch 76: pair_ids shape=(16,), range=39..9196, coefficients shape=(16, 2), sample_weights shape=(16,), zero_neighbor_targets=0
GRAB train batch 77: pair_ids shape=(8,), range=154..7536, coefficients shape=(8, 2), sample_weights shape=(8,), zero_neighbor_targets=0
VALIDATION
valid epoch balanced_accuracy: 0.344322
EPOCH 35:
GRAB train batch 1: pair_ids shape=(16,), range=201..10817, coefficients shape=(16, 2), sample_weights shape=(16,), zero_neighbor_targets=0
GRAB train batch 2: pair_ids shape=(16,), range=99..8911, coefficients shape=(16, 2), sample_weights shape=(16,), zero_neighbor_targets=0
GRAB train batch 3: pair_ids shape=(16,), range=215..10222, coefficients shape=(16, 2), sample_weights shape=(16,), zero_neighbor_targets=0
GRAB train batch 4: pair_ids shape=(16,), range=12..10475, coefficients shape=(16, 2), sample_weights shape=(16,), zero_neighbor_targets=0
GRAB train batch 5: pair_ids shape=(16,), range=9..10502, coefficients shape=(16, 2), sample_weights shape=(16,), zero_neighbor_targets=0
GRAB train batch 6: pair_ids shape=(16,), range=69..9696, coefficients shape=(16, 2), sample_weights shape=(16,), zero_neighbor_targets=0
GRAB train batch 7: pair_ids shape=(16,), range=76..10891, coefficients shape=(16, 2), sample_weights shape=(16,), zero_neighbor_targets=0
GRAB train batch 8: pair_ids shape=(16,), range=6..10264, coefficients shape=(16, 2), sample_weights shape=(16,), zero_neighbor_targets=0
GRAB train batch 9: pair_ids shape=(16,), range=80..10009, coefficients shape=(16, 2), sample_weights shape=(16,), zero_neighbor_targets=0
GRAB train batch 10: pair_ids shape=(16,), range=122..10984, coefficients shape=(16, 2), sample_weights shape=(16,), zero_neighbor_targets=0
GRAB train batch 11: pair_ids shape=(16,), range=96..9293, coefficients shape=(16, 2), sample_weights shape=(16,), zero_neighbor_targets=0
GRAB train batch 12: pair_ids shape=(16,), range=40..10590, coefficients shape=(16, 2), sample_weights shape=(16,), zero_neighbor_targets=0
GRAB train batch 13: pair_ids shape=(16,), range=246..7607, coefficients shape=(16, 2), sample_weights shape=(16,), zero_neighbor_targets=0
GRAB train batch 14: pair_ids shape=(16,), range=357..10411, coefficients shape=(16, 2), sample_weights shape=(16,), zero_neighbor_targets=0
GRAB train batch 15: pair_ids shape=(16,), range=77..10662, coefficients shape=(16, 2), sample_weights shape=(16,), zero_neighbor_targets=0
GRAB train batch 16: pair_ids shape=(16,), range=39..10205, coefficients shape=(16, 2), sample_weights shape=(16,), zero_neighbor_targets=0
GRAB train batch 17: pair_ids shape=(16,), range=13..10935, coefficients shape=(16, 2), sample_weights shape=(16,), zero_neighbor_targets=0
GRAB train batch 18: pair_ids shape=(16,), range=168..10685, coefficients shape=(16, 2), sample_weights shape=(16,), zero_neighbor_targets=0
GRAB train batch 19: pair_ids shape=(16,), range=22..10471, coefficients shape=(16, 2), sample_weights shape=(16,), zero_neighbor_targets=0
GRAB train batch 20: pair_ids shape=(16,), range=10..8876, coefficients shape=(16, 2), sample_weights shape=(16,), zero_neighbor_targets=0
GRAB train batch 21: pair_ids shape=(16,), range=45..10522, coefficients shape=(16, 2), sample_weights shape=(16,), zero_neighbor_targets=0
GRAB train batch 22: pair_ids shape=(16,), range=87..9892, coefficients shape=(16, 2), sample_weights shape=(16,), zero_neighbor_targets=0
GRAB train batch 23: pair_ids shape=(16,), range=1..10728, coefficients shape=(16, 2), sample_weights shape=(16,), zero_neighbor_targets=0
GRAB train batch 24: pair_ids shape=(16,), range=31..10850, coefficients shape=(16, 2), sample_weights shape=(16,), zero_neighbor_targets=0
GRAB train batch 25: pair_ids shape=(16,), range=113..10170, coefficients shape=(16, 2), sample_weights shape=(16,), zero_neighbor_targets=0
GRAB train batch 26: pair_ids shape=(16,), range=71..9727, coefficients shape=(16, 2), sample_weights shape=(16,), zero_neighbor_targets=0
GRAB train batch 27: pair_ids shape=(16,), range=165..8903, coefficients shape=(16, 2), sample_weights shape=(16,), zero_neighbor_targets=0
GRAB train batch 28: pair_ids shape=(16,), range=98..9914, coefficients shape=(16, 2), sample_weights shape=(16,), zero_neighbor_targets=0
GRAB train batch 29: pair_ids shape=(16,), range=95..6530, coefficients shape=(16, 2), sample_weights shape=(16,), zero_neighbor_targets=0
GRAB train batch 30: pair_ids shape=(16,), range=24..10811, coefficients shape=(16, 2), sample_weights shape=(16,), zero_neighbor_targets=0
GRAB train batch 31: pair_ids shape=(16,), range=101..8224, coefficients shape=(16, 2), sample_weights shape=(16,), zero_neighbor_targets=0
GRAB train batch 32: pair_ids shape=(16,), range=16..10237, coefficients shape=(16, 2), sample_weights shape=(16,), zero_neighbor_targets=0
GRAB train batch 33: pair_ids shape=(16,), range=8..10836, coefficients shape=(16, 2), sample_weights shape=(16,), zero_neighbor_targets=0
GRAB train batch 34: pair_ids shape=(16,), range=33..10742, coefficients shape=(16, 2), sample_weights shape=(16,), zero_neighbor_targets=0
GRAB train batch 35: pair_ids shape=(16,), range=38..10524, coefficients shape=(16, 2), sample_weights shape=(16,), zero_neighbor_targets=0
GRAB train batch 36: pair_ids shape=(16,), range=83..10277, coefficients shape=(16, 2), sample_weights shape=(16,), zero_neighbor_targets=0
GRAB train batch 37: pair_ids shape=(16,), range=115..9956, coefficients shape=(16, 2), sample_weights shape=(16,), zero_neighbor_targets=0
GRAB train batch 38: pair_ids shape=(16,), range=75..10764, coefficients shape=(16, 2), sample_weights shape=(16,), zero_neighbor_targets=0
GRAB train batch 39: pair_ids shape=(16,), range=36..10473, coefficients shape=(16, 2), sample_weights shape=(16,), zero_neighbor_targets=0
GRAB train batch 40: pair_ids shape=(16,), range=29..6732, coefficients shape=(16, 2), sample_weights shape=(16,), zero_neighbor_targets=0
GRAB train batch 41: pair_ids shape=(16,), range=5..9319, coefficients shape=(16, 2), sample_weights shape=(16,), zero_neighbor_targets=0
GRAB train batch 42: pair_ids shape=(16,), range=18..8951, coefficients shape=(16, 2), sample_weights shape=(16,), zero_neighbor_targets=0
GRAB train batch 43: pair_ids shape=(16,), range=149..7536, coefficients shape=(16, 2), sample_weights shape=(16,), zero_neighbor_targets=0
GRAB train batch 44: pair_ids shape=(16,), range=73..10312, coefficients shape=(16, 2), sample_weights shape=(16,), zero_neighbor_targets=0
GRAB train batch 45: pair_ids shape=(16,), range=3..10393, coefficients shape=(16, 2), sample_weights shape=(16,), zero_neighbor_targets=0
GRAB train batch 46: pair_ids shape=(16,), range=42..6924, coefficients shape=(16, 2), sample_weights shape=(16,), zero_neighbor_targets=0
GRAB train batch 47: pair_ids shape=(16,), range=138..10384, coefficients shape=(16, 2), sample_weights shape=(16,), zero_neighbor_targets=0
GRAB train batch 48: pair_ids shape=(16,), range=68..7940, coefficients shape=(16, 2), sample_weights shape=(16,), zero_neighbor_targets=0
GRAB train batch 49: pair_ids shape=(16,), range=78..10225, coefficients shape=(16, 2), sample_weights shape=(16,), zero_neighbor_targets=0
GRAB train batch 50: pair_ids shape=(16,), range=20..10800, coefficients shape=(16, 2), sample_weights shape=(16,), zero_neighbor_targets=0
GRAB train batch 51: pair_ids shape=(16,), range=111..10005, coefficients shape=(16, 2), sample_weights shape=(16,), zero_neighbor_targets=0
GRAB train batch 52: pair_ids shape=(16,), range=44..8772, coefficients shape=(16, 2), sample_weights shape=(16,), zero_neighbor_targets=0
GRAB train batch 53: pair_ids shape=(16,), range=41..9088, coefficients shape=(16, 2), sample_weights shape=(16,), zero_neighbor_targets=0
GRAB train batch 54: pair_ids shape=(16,), range=17..10259, coefficients shape=(16, 2), sample_weights shape=(16,), zero_neighbor_targets=0
GRAB train batch 55: pair_ids shape=(16,), range=34..10374, coefficients shape=(16, 2), sample_weights shape=(16,), zero_neighbor_targets=0
GRAB train batch 56: pair_ids shape=(16,), range=166..10462, coefficients shape=(16, 2), sample_weights shape=(16,), zero_neighbor_targets=0
GRAB train batch 57: pair_ids shape=(16,), range=14..10447, coefficients shape=(16, 2), sample_weights shape=(16,), zero_neighbor_targets=0
GRAB train batch 58: pair_ids shape=(16,), range=144..9139, coefficients shape=(16, 2), sample_weights shape=(16,), zero_neighbor_targets=0
GRAB train batch 59: pair_ids shape=(16,), range=310..10537, coefficients shape=(16, 2), sample_weights shape=(16,), zero_neighbor_targets=0
GRAB train batch 60: pair_ids shape=(16,), range=25..8370, coefficients shape=(16, 2), sample_weights shape=(16,), zero_neighbor_targets=0
GRAB train batch 61: pair_ids shape=(16,), range=2..10627, coefficients shape=(16, 2), sample_weights shape=(16,), zero_neighbor_targets=0
GRAB train batch 62: pair_ids shape=(16,), range=15..8051, coefficients shape=(16, 2), sample_weights shape=(16,), zero_neighbor_targets=0
GRAB train batch 63: pair_ids shape=(16,), range=26..7942, coefficients shape=(16, 2), sample_weights shape=(16,), zero_neighbor_targets=0
GRAB train batch 64: pair_ids shape=(16,), range=120..10851, coefficients shape=(16, 2), sample_weights shape=(16,), zero_neighbor_targets=0
GRAB train batch 65: pair_ids shape=(16,), range=4..9387, coefficients shape=(16, 2), sample_weights shape=(16,), zero_neighbor_targets=0
GRAB train batch 66: pair_ids shape=(16,), range=141..10987, coefficients shape=(16, 2), sample_weights shape=(16,), zero_neighbor_targets=0
GRAB train batch 67: pair_ids shape=(16,), range=79..8739, coefficients shape=(16, 2), sample_weights shape=(16,), zero_neighbor_targets=0
GRAB train batch 68: pair_ids shape=(16,), range=7..10500, coefficients shape=(16, 2), sample_weights shape=(16,), zero_neighbor_targets=0
GRAB train batch 69: pair_ids shape=(16,), range=11..8731, coefficients shape=(16, 2), sample_weights shape=(16,), zero_neighbor_targets=0
GRAB train batch 70: pair_ids shape=(16,), range=112..10988, coefficients shape=(16, 2), sample_weights shape=(16,), zero_neighbor_targets=0
GRAB train batch 71: pair_ids shape=(16,), range=66..7795, coefficients shape=(16, 2), sample_weights shape=(16,), zero_neighbor_targets=0
GRAB train batch 72: pair_ids shape=(16,), range=0..7216, coefficients shape=(16, 2), sample_weights shape=(16,), zero_neighbor_targets=0
GRAB train batch 73: pair_ids shape=(16,), range=167..10362, coefficients shape=(16, 2), sample_weights shape=(16,), zero_neighbor_targets=0
GRAB train batch 74: pair_ids shape=(16,), range=279..10994, coefficients shape=(16, 2), sample_weights shape=(16,), zero_neighbor_targets=0
GRAB train batch 75: pair_ids shape=(16,), range=65..9937, coefficients shape=(16, 2), sample_weights shape=(16,), zero_neighbor_targets=0
GRAB train batch 76: pair_ids shape=(16,), range=82..10772, coefficients shape=(16, 2), sample_weights shape=(16,), zero_neighbor_targets=0
GRAB train batch 77: pair_ids shape=(8,), range=177..748, coefficients shape=(8, 2), sample_weights shape=(8,), zero_neighbor_targets=0
VALIDATION
valid epoch balanced_accuracy: 0.418498
EPOCH 36:
GRAB train batch 1: pair_ids shape=(16,), range=379..9224, coefficients shape=(16, 2), sample_weights shape=(16,), zero_neighbor_targets=0
GRAB train batch 2: pair_ids shape=(16,), range=84..10524, coefficients shape=(16, 2), sample_weights shape=(16,), zero_neighbor_targets=0
GRAB train batch 3: pair_ids shape=(16,), range=141..9795, coefficients shape=(16, 2), sample_weights shape=(16,), zero_neighbor_targets=0
GRAB train batch 4: pair_ids shape=(16,), range=29..7052, coefficients shape=(16, 2), sample_weights shape=(16,), zero_neighbor_targets=0
GRAB train batch 5: pair_ids shape=(16,), range=34..9995, coefficients shape=(16, 2), sample_weights shape=(16,), zero_neighbor_targets=0
GRAB train batch 6: pair_ids shape=(16,), range=100..10374, coefficients shape=(16, 2), sample_weights shape=(16,), zero_neighbor_targets=0
GRAB train batch 7: pair_ids shape=(16,), range=123..10987, coefficients shape=(16, 2), sample_weights shape=(16,), zero_neighbor_targets=0
GRAB train batch 8: pair_ids shape=(16,), range=203..7440, coefficients shape=(16, 2), sample_weights shape=(16,), zero_neighbor_targets=0
GRAB train batch 9: pair_ids shape=(16,), range=81..10811, coefficients shape=(16, 2), sample_weights shape=(16,), zero_neighbor_targets=0
GRAB train batch 10: pair_ids shape=(16,), range=45..9887, coefficients shape=(16, 2), sample_weights shape=(16,), zero_neighbor_targets=0
GRAB train batch 11: pair_ids shape=(16,), range=418..10404, coefficients shape=(16, 2), sample_weights shape=(16,), zero_neighbor_targets=0
GRAB train batch 12: pair_ids shape=(16,), range=16..10299, coefficients shape=(16, 2), sample_weights shape=(16,), zero_neighbor_targets=0
GRAB train batch 13: pair_ids shape=(16,), range=174..9045, coefficients shape=(16, 2), sample_weights shape=(16,), zero_neighbor_targets=0
GRAB train batch 14: pair_ids shape=(16,), range=162..9073, coefficients shape=(16, 2), sample_weights shape=(16,), zero_neighbor_targets=0
GRAB train batch 15: pair_ids shape=(16,), range=17..9272, coefficients shape=(16, 2), sample_weights shape=(16,), zero_neighbor_targets=0
GRAB train batch 16: pair_ids shape=(16,), range=65..10205, coefficients shape=(16, 2), sample_weights shape=(16,), zero_neighbor_targets=0
GRAB train batch 17: pair_ids shape=(16,), range=112..10502, coefficients shape=(16, 2), sample_weights shape=(16,), zero_neighbor_targets=0
GRAB train batch 18: pair_ids shape=(16,), range=66..10227, coefficients shape=(16, 2), sample_weights shape=(16,), zero_neighbor_targets=0
GRAB train batch 19: pair_ids shape=(16,), range=26..10475, coefficients shape=(16, 2), sample_weights shape=(16,), zero_neighbor_targets=0
GRAB train batch 20: pair_ids shape=(16,), range=28..10360, coefficients shape=(16, 2), sample_weights shape=(16,), zero_neighbor_targets=0
GRAB train batch 21: pair_ids shape=(16,), range=35..10817, coefficients shape=(16, 2), sample_weights shape=(16,), zero_neighbor_targets=0
GRAB train batch 22: pair_ids shape=(16,), range=92..10590, coefficients shape=(16, 2), sample_weights shape=(16,), zero_neighbor_targets=0
GRAB train batch 23: pair_ids shape=(16,), range=6..6438, coefficients shape=(16, 2), sample_weights shape=(16,), zero_neighbor_targets=0
GRAB train batch 24: pair_ids shape=(16,), range=267..10988, coefficients shape=(16, 2), sample_weights shape=(16,), zero_neighbor_targets=0
GRAB train batch 25: pair_ids shape=(16,), range=99..3689, coefficients shape=(16, 2), sample_weights shape=(16,), zero_neighbor_targets=0
GRAB train batch 26: pair_ids shape=(16,), range=15..9913, coefficients shape=(16, 2), sample_weights shape=(16,), zero_neighbor_targets=0
GRAB train batch 27: pair_ids shape=(16,), range=11..10836, coefficients shape=(16, 2), sample_weights shape=(16,), zero_neighbor_targets=0
GRAB train batch 28: pair_ids shape=(16,), range=198..10411, coefficients shape=(16, 2), sample_weights shape=(16,), zero_neighbor_targets=0
GRAB train batch 29: pair_ids shape=(16,), range=2..8772, coefficients shape=(16, 2), sample_weights shape=(16,), zero_neighbor_targets=0
GRAB train batch 30: pair_ids shape=(16,), range=36..8163, coefficients shape=(16, 2), sample_weights shape=(16,), zero_neighbor_targets=0
GRAB train batch 31: pair_ids shape=(16,), range=3..8168, coefficients shape=(16, 2), sample_weights shape=(16,), zero_neighbor_targets=0
GRAB train batch 32: pair_ids shape=(16,), range=152..10600, coefficients shape=(16, 2), sample_weights shape=(16,), zero_neighbor_targets=0
GRAB train batch 33: pair_ids shape=(16,), range=5..10728, coefficients shape=(16, 2), sample_weights shape=(16,), zero_neighbor_targets=0
GRAB train batch 34: pair_ids shape=(16,), range=21..6657, coefficients shape=(16, 2), sample_weights shape=(16,), zero_neighbor_targets=0
GRAB train batch 35: pair_ids shape=(16,), range=251..10312, coefficients shape=(16, 2), sample_weights shape=(16,), zero_neighbor_targets=0
GRAB train batch 36: pair_ids shape=(16,), range=9..9249, coefficients shape=(16, 2), sample_weights shape=(16,), zero_neighbor_targets=0
GRAB train batch 37: pair_ids shape=(16,), range=144..10522, coefficients shape=(16, 2), sample_weights shape=(16,), zero_neighbor_targets=0
GRAB train batch 38: pair_ids shape=(16,), range=282..6956, coefficients shape=(16, 2), sample_weights shape=(16,), zero_neighbor_targets=0
GRAB train batch 39: pair_ids shape=(16,), range=98..10362, coefficients shape=(16, 2), sample_weights shape=(16,), zero_neighbor_targets=0
GRAB train batch 40: pair_ids shape=(16,), range=173..10396, coefficients shape=(16, 2), sample_weights shape=(16,), zero_neighbor_targets=0
GRAB train batch 41: pair_ids shape=(16,), range=70..10772, coefficients shape=(16, 2), sample_weights shape=(16,), zero_neighbor_targets=0
GRAB train batch 42: pair_ids shape=(16,), range=163..10453, coefficients shape=(16, 2), sample_weights shape=(16,), zero_neighbor_targets=0
GRAB train batch 43: pair_ids shape=(16,), range=103..8729, coefficients shape=(16, 2), sample_weights shape=(16,), zero_neighbor_targets=0
GRAB train batch 44: pair_ids shape=(16,), range=93..9391, coefficients shape=(16, 2), sample_weights shape=(16,), zero_neighbor_targets=0
GRAB train batch 45: pair_ids shape=(16,), range=145..10264, coefficients shape=(16, 2), sample_weights shape=(16,), zero_neighbor_targets=0
GRAB train batch 46: pair_ids shape=(16,), range=10..10398, coefficients shape=(16, 2), sample_weights shape=(16,), zero_neighbor_targets=0
GRAB train batch 47: pair_ids shape=(16,), range=19..9892, coefficients shape=(16, 2), sample_weights shape=(16,), zero_neighbor_targets=0
GRAB train batch 48: pair_ids shape=(16,), range=80..7952, coefficients shape=(16, 2), sample_weights shape=(16,), zero_neighbor_targets=0
GRAB train batch 49: pair_ids shape=(16,), range=38..10891, coefficients shape=(16, 2), sample_weights shape=(16,), zero_neighbor_targets=0
GRAB train batch 50: pair_ids shape=(16,), range=1..10435, coefficients shape=(16, 2), sample_weights shape=(16,), zero_neighbor_targets=0
GRAB train batch 51: pair_ids shape=(16,), range=32..10009, coefficients shape=(16, 2), sample_weights shape=(16,), zero_neighbor_targets=0
GRAB train batch 52: pair_ids shape=(16,), range=119..10935, coefficients shape=(16, 2), sample_weights shape=(16,), zero_neighbor_targets=0
GRAB train batch 53: pair_ids shape=(16,), range=13..10627, coefficients shape=(16, 2), sample_weights shape=(16,), zero_neighbor_targets=0
GRAB train batch 54: pair_ids shape=(16,), range=74..10994, coefficients shape=(16, 2), sample_weights shape=(16,), zero_neighbor_targets=0
GRAB train batch 55: pair_ids shape=(16,), range=148..10984, coefficients shape=(16, 2), sample_weights shape=(16,), zero_neighbor_targets=0
GRAB train batch 56: pair_ids shape=(16,), range=4..10222, coefficients shape=(16, 2), sample_weights shape=(16,), zero_neighbor_targets=0
GRAB train batch 57: pair_ids shape=(16,), range=42..9535, coefficients shape=(16, 2), sample_weights shape=(16,), zero_neighbor_targets=0
GRAB train batch 58: pair_ids shape=(16,), range=110..9498, coefficients shape=(16, 2), sample_weights shape=(16,), zero_neighbor_targets=0
GRAB train batch 59: pair_ids shape=(16,), range=91..10277, coefficients shape=(16, 2), sample_weights shape=(16,), zero_neighbor_targets=0
GRAB train batch 60: pair_ids shape=(16,), range=30..9499, coefficients shape=(16, 2), sample_weights shape=(16,), zero_neighbor_targets=0
GRAB train batch 61: pair_ids shape=(16,), range=24..9500, coefficients shape=(16, 2), sample_weights shape=(16,), zero_neighbor_targets=0
GRAB train batch 62: pair_ids shape=(16,), range=72..9293, coefficients shape=(16, 2), sample_weights shape=(16,), zero_neighbor_targets=0
GRAB train batch 63: pair_ids shape=(16,), range=212..10795, coefficients shape=(16, 2), sample_weights shape=(16,), zero_neighbor_targets=0
GRAB train batch 64: pair_ids shape=(16,), range=7..10447, coefficients shape=(16, 2), sample_weights shape=(16,), zero_neighbor_targets=0
GRAB train batch 65: pair_ids shape=(16,), range=88..9488, coefficients shape=(16, 2), sample_weights shape=(16,), zero_neighbor_targets=0
GRAB train batch 66: pair_ids shape=(16,), range=8..10851, coefficients shape=(16, 2), sample_weights shape=(16,), zero_neighbor_targets=0
GRAB train batch 67: pair_ids shape=(16,), range=177..8903, coefficients shape=(16, 2), sample_weights shape=(16,), zero_neighbor_targets=0
GRAB train batch 68: pair_ids shape=(16,), range=43..10850, coefficients shape=(16, 2), sample_weights shape=(16,), zero_neighbor_targets=0
GRAB train batch 69: pair_ids shape=(16,), range=12..8911, coefficients shape=(16, 2), sample_weights shape=(16,), zero_neighbor_targets=0
GRAB train batch 70: pair_ids shape=(16,), range=14..10462, coefficients shape=(16, 2), sample_weights shape=(16,), zero_neighbor_targets=0
GRAB train batch 71: pair_ids shape=(16,), range=89..9186, coefficients shape=(16, 2), sample_weights shape=(16,), zero_neighbor_targets=0
GRAB train batch 72: pair_ids shape=(16,), range=71..9937, coefficients shape=(16, 2), sample_weights shape=(16,), zero_neighbor_targets=0
GRAB train batch 73: pair_ids shape=(16,), range=0..9818, coefficients shape=(16, 2), sample_weights shape=(16,), zero_neighbor_targets=0
GRAB train batch 74: pair_ids shape=(16,), range=107..10248, coefficients shape=(16, 2), sample_weights shape=(16,), zero_neighbor_targets=0
GRAB train batch 75: pair_ids shape=(16,), range=108..7921, coefficients shape=(16, 2), sample_weights shape=(16,), zero_neighbor_targets=0
GRAB train batch 76: pair_ids shape=(16,), range=76..10537, coefficients shape=(16, 2), sample_weights shape=(16,), zero_neighbor_targets=0
GRAB train batch 77: pair_ids shape=(8,), range=33..9598, coefficients shape=(8, 2), sample_weights shape=(8,), zero_neighbor_targets=0
VALIDATION
valid epoch balanced_accuracy: 0.395604
EPOCH 37:
GRAB train batch 1: pair_ids shape=(16,), range=6..10891, coefficients shape=(16, 2), sample_weights shape=(16,), zero_neighbor_targets=0
GRAB train batch 2: pair_ids shape=(16,), range=206..10851, coefficients shape=(16, 2), sample_weights shape=(16,), zero_neighbor_targets=0
GRAB train batch 3: pair_ids shape=(16,), range=39..10475, coefficients shape=(16, 2), sample_weights shape=(16,), zero_neighbor_targets=0
GRAB train batch 4: pair_ids shape=(16,), range=67..10662, coefficients shape=(16, 2), sample_weights shape=(16,), zero_neighbor_targets=0
GRAB train batch 5: pair_ids shape=(16,), range=41..10600, coefficients shape=(16, 2), sample_weights shape=(16,), zero_neighbor_targets=0
GRAB train batch 6: pair_ids shape=(16,), range=28..9272, coefficients shape=(16, 2), sample_weights shape=(16,), zero_neighbor_targets=0
GRAB train batch 7: pair_ids shape=(16,), range=111..10205, coefficients shape=(16, 2), sample_weights shape=(16,), zero_neighbor_targets=0
GRAB train batch 8: pair_ids shape=(16,), range=70..10462, coefficients shape=(16, 2), sample_weights shape=(16,), zero_neighbor_targets=0
GRAB train batch 9: pair_ids shape=(16,), range=102..9598, coefficients shape=(16, 2), sample_weights shape=(16,), zero_neighbor_targets=0
GRAB train batch 10: pair_ids shape=(16,), range=155..6385, coefficients shape=(16, 2), sample_weights shape=(16,), zero_neighbor_targets=0
GRAB train batch 11: pair_ids shape=(16,), range=126..10795, coefficients shape=(16, 2), sample_weights shape=(16,), zero_neighbor_targets=0
GRAB train batch 12: pair_ids shape=(16,), range=68..10537, coefficients shape=(16, 2), sample_weights shape=(16,), zero_neighbor_targets=0
GRAB train batch 13: pair_ids shape=(16,), range=259..8928, coefficients shape=(16, 2), sample_weights shape=(16,), zero_neighbor_targets=0
GRAB train batch 14: pair_ids shape=(16,), range=35..10398, coefficients shape=(16, 2), sample_weights shape=(16,), zero_neighbor_targets=0
GRAB train batch 15: pair_ids shape=(16,), range=113..8858, coefficients shape=(16, 2), sample_weights shape=(16,), zero_neighbor_targets=0
GRAB train batch 16: pair_ids shape=(16,), range=253..10685, coefficients shape=(16, 2), sample_weights shape=(16,), zero_neighbor_targets=0
GRAB train batch 17: pair_ids shape=(16,), range=0..9027, coefficients shape=(16, 2), sample_weights shape=(16,), zero_neighbor_targets=0
GRAB train batch 18: pair_ids shape=(16,), range=87..9696, coefficients shape=(16, 2), sample_weights shape=(16,), zero_neighbor_targets=0
GRAB train batch 19: pair_ids shape=(16,), range=117..10435, coefficients shape=(16, 2), sample_weights shape=(16,), zero_neighbor_targets=0
GRAB train batch 20: pair_ids shape=(16,), range=95..9622, coefficients shape=(16, 2), sample_weights shape=(16,), zero_neighbor_targets=0
GRAB train batch 21: pair_ids shape=(16,), range=73..9387, coefficients shape=(16, 2), sample_weights shape=(16,), zero_neighbor_targets=0
GRAB train batch 22: pair_ids shape=(16,), range=92..10772, coefficients shape=(16, 2), sample_weights shape=(16,), zero_neighbor_targets=0
GRAB train batch 23: pair_ids shape=(16,), range=105..9391, coefficients shape=(16, 2), sample_weights shape=(16,), zero_neighbor_targets=0
GRAB train batch 24: pair_ids shape=(16,), range=32..9887, coefficients shape=(16, 2), sample_weights shape=(16,), zero_neighbor_targets=0
GRAB train batch 25: pair_ids shape=(16,), range=189..9914, coefficients shape=(16, 2), sample_weights shape=(16,), zero_neighbor_targets=0
GRAB train batch 26: pair_ids shape=(16,), range=69..10590, coefficients shape=(16, 2), sample_weights shape=(16,), zero_neighbor_targets=0
GRAB train batch 27: pair_ids shape=(16,), range=40..10312, coefficients shape=(16, 2), sample_weights shape=(16,), zero_neighbor_targets=0
GRAB train batch 28: pair_ids shape=(16,), range=44..9319, coefficients shape=(16, 2), sample_weights shape=(16,), zero_neighbor_targets=0
GRAB train batch 29: pair_ids shape=(16,), range=78..10764, coefficients shape=(16, 2), sample_weights shape=(16,), zero_neighbor_targets=0
GRAB train batch 30: pair_ids shape=(16,), range=9..10277, coefficients shape=(16, 2), sample_weights shape=(16,), zero_neighbor_targets=0
GRAB train batch 31: pair_ids shape=(16,), range=34..10850, coefficients shape=(16, 2), sample_weights shape=(16,), zero_neighbor_targets=0
GRAB train batch 32: pair_ids shape=(16,), range=15..10471, coefficients shape=(16, 2), sample_weights shape=(16,), zero_neighbor_targets=0
GRAB train batch 33: pair_ids shape=(16,), range=23..10396, coefficients shape=(16, 2), sample_weights shape=(16,), zero_neighbor_targets=0
GRAB train batch 34: pair_ids shape=(16,), range=25..10836, coefficients shape=(16, 2), sample_weights shape=(16,), zero_neighbor_targets=0
GRAB train batch 35: pair_ids shape=(16,), range=8..10374, coefficients shape=(16, 2), sample_weights shape=(16,), zero_neighbor_targets=0
GRAB train batch 36: pair_ids shape=(16,), range=104..6913, coefficients shape=(16, 2), sample_weights shape=(16,), zero_neighbor_targets=0
GRAB train batch 37: pair_ids shape=(16,), range=22..9913, coefficients shape=(16, 2), sample_weights shape=(16,), zero_neighbor_targets=0
GRAB train batch 38: pair_ids shape=(16,), range=277..10627, coefficients shape=(16, 2), sample_weights shape=(16,), zero_neighbor_targets=0
GRAB train batch 39: pair_ids shape=(16,), range=17..8911, coefficients shape=(16, 2), sample_weights shape=(16,), zero_neighbor_targets=0
GRAB train batch 40: pair_ids shape=(16,), range=349..9704, coefficients shape=(16, 2), sample_weights shape=(16,), zero_neighbor_targets=0
GRAB train batch 41: pair_ids shape=(16,), range=94..8745, coefficients shape=(16, 2), sample_weights shape=(16,), zero_neighbor_targets=0
GRAB train batch 42: pair_ids shape=(16,), range=16..10248, coefficients shape=(16, 2), sample_weights shape=(16,), zero_neighbor_targets=0
GRAB train batch 43: pair_ids shape=(16,), range=79..10817, coefficients shape=(16, 2), sample_weights shape=(16,), zero_neighbor_targets=0
GRAB train batch 44: pair_ids shape=(16,), range=24..10227, coefficients shape=(16, 2), sample_weights shape=(16,), zero_neighbor_targets=0
GRAB train batch 45: pair_ids shape=(16,), range=280..10988, coefficients shape=(16, 2), sample_weights shape=(16,), zero_neighbor_targets=0
GRAB train batch 46: pair_ids shape=(16,), range=185..10222, coefficients shape=(16, 2), sample_weights shape=(16,), zero_neighbor_targets=0
GRAB train batch 47: pair_ids shape=(16,), range=4..10264, coefficients shape=(16, 2), sample_weights shape=(16,), zero_neighbor_targets=0
GRAB train batch 48: pair_ids shape=(16,), range=14..10447, coefficients shape=(16, 2), sample_weights shape=(16,), zero_neighbor_targets=0
GRAB train batch 49: pair_ids shape=(16,), range=2..7930, coefficients shape=(16, 2), sample_weights shape=(16,), zero_neighbor_targets=0
GRAB train batch 50: pair_ids shape=(16,), range=12..8772, coefficients shape=(16, 2), sample_weights shape=(16,), zero_neighbor_targets=0
GRAB train batch 51: pair_ids shape=(16,), range=112..8200, coefficients shape=(16, 2), sample_weights shape=(16,), zero_neighbor_targets=0
GRAB train batch 52: pair_ids shape=(16,), range=77..9262, coefficients shape=(16, 2), sample_weights shape=(16,), zero_neighbor_targets=0
GRAB train batch 53: pair_ids shape=(16,), range=66..9822, coefficients shape=(16, 2), sample_weights shape=(16,), zero_neighbor_targets=0
GRAB train batch 54: pair_ids shape=(16,), range=31..10393, coefficients shape=(16, 2), sample_weights shape=(16,), zero_neighbor_targets=0
GRAB train batch 55: pair_ids shape=(16,), range=19..9180, coefficients shape=(16, 2), sample_weights shape=(16,), zero_neighbor_targets=0
GRAB train batch 56: pair_ids shape=(16,), range=18..10728, coefficients shape=(16, 2), sample_weights shape=(16,), zero_neighbor_targets=0
GRAB train batch 57: pair_ids shape=(16,), range=162..9143, coefficients shape=(16, 2), sample_weights shape=(16,), zero_neighbor_targets=0
GRAB train batch 58: pair_ids shape=(16,), range=11..9488, coefficients shape=(16, 2), sample_weights shape=(16,), zero_neighbor_targets=0
GRAB train batch 59: pair_ids shape=(16,), range=5..8668, coefficients shape=(16, 2), sample_weights shape=(16,), zero_neighbor_targets=0
GRAB train batch 60: pair_ids shape=(16,), range=13..10522, coefficients shape=(16, 2), sample_weights shape=(16,), zero_neighbor_targets=0
GRAB train batch 61: pair_ids shape=(16,), range=71..8313, coefficients shape=(16, 2), sample_weights shape=(16,), zero_neighbor_targets=0
GRAB train batch 62: pair_ids shape=(16,), range=1..9224, coefficients shape=(16, 2), sample_weights shape=(16,), zero_neighbor_targets=0
GRAB train batch 63: pair_ids shape=(16,), range=3..10524, coefficients shape=(16, 2), sample_weights shape=(16,), zero_neighbor_targets=0
GRAB train batch 64: pair_ids shape=(16,), range=10..10453, coefficients shape=(16, 2), sample_weights shape=(16,), zero_neighbor_targets=0
GRAB train batch 65: pair_ids shape=(16,), range=121..9818, coefficients shape=(16, 2), sample_weights shape=(16,), zero_neighbor_targets=0
GRAB train batch 66: pair_ids shape=(16,), range=64..10800, coefficients shape=(16, 2), sample_weights shape=(16,), zero_neighbor_targets=0
GRAB train batch 67: pair_ids shape=(16,), range=84..9333, coefficients shape=(16, 2), sample_weights shape=(16,), zero_neighbor_targets=0
GRAB train batch 68: pair_ids shape=(16,), range=21..10987, coefficients shape=(16, 2), sample_weights shape=(16,), zero_neighbor_targets=0
GRAB train batch 69: pair_ids shape=(16,), range=7..9954, coefficients shape=(16, 2), sample_weights shape=(16,), zero_neighbor_targets=0
GRAB train batch 70: pair_ids shape=(16,), range=38..10984, coefficients shape=(16, 2), sample_weights shape=(16,), zero_neighbor_targets=0
GRAB train batch 71: pair_ids shape=(16,), range=33..9017, coefficients shape=(16, 2), sample_weights shape=(16,), zero_neighbor_targets=0
GRAB train batch 72: pair_ids shape=(16,), range=147..9504, coefficients shape=(16, 2), sample_weights shape=(16,), zero_neighbor_targets=0
GRAB train batch 73: pair_ids shape=(16,), range=109..10411, coefficients shape=(16, 2), sample_weights shape=(16,), zero_neighbor_targets=0
GRAB train batch 74: pair_ids shape=(16,), range=36..10994, coefficients shape=(16, 2), sample_weights shape=(16,), zero_neighbor_targets=0
GRAB train batch 75: pair_ids shape=(16,), range=144..10384, coefficients shape=(16, 2), sample_weights shape=(16,), zero_neighbor_targets=0
GRAB train batch 76: pair_ids shape=(16,), range=45..9170, coefficients shape=(16, 2), sample_weights shape=(16,), zero_neighbor_targets=0
GRAB train batch 77: pair_ids shape=(8,), range=243..10742, coefficients shape=(8, 2), sample_weights shape=(8,), zero_neighbor_targets=0
VALIDATION
valid epoch balanced_accuracy: 0.228938
EPOCH 38:
GRAB train batch 1: pair_ids shape=(16,), range=111..10374, coefficients shape=(16, 2), sample_weights shape=(16,), zero_neighbor_targets=0
GRAB train batch 2: pair_ids shape=(16,), range=39..10005, coefficients shape=(16, 2), sample_weights shape=(16,), zero_neighbor_targets=0
GRAB train batch 3: pair_ids shape=(16,), range=126..9319, coefficients shape=(16, 2), sample_weights shape=(16,), zero_neighbor_targets=0
GRAB train batch 4: pair_ids shape=(16,), range=13..10627, coefficients shape=(16, 2), sample_weights shape=(16,), zero_neighbor_targets=0
GRAB train batch 5: pair_ids shape=(16,), range=68..10742, coefficients shape=(16, 2), sample_weights shape=(16,), zero_neighbor_targets=0
GRAB train batch 6: pair_ids shape=(16,), range=107..10987, coefficients shape=(16, 2), sample_weights shape=(16,), zero_neighbor_targets=0
GRAB train batch 7: pair_ids shape=(16,), range=45..9459, coefficients shape=(16, 2), sample_weights shape=(16,), zero_neighbor_targets=0
GRAB train batch 8: pair_ids shape=(16,), range=26..7930, coefficients shape=(16, 2), sample_weights shape=(16,), zero_neighbor_targets=0
GRAB train batch 9: pair_ids shape=(16,), range=80..9704, coefficients shape=(16, 2), sample_weights shape=(16,), zero_neighbor_targets=0
GRAB train batch 10: pair_ids shape=(16,), range=71..10590, coefficients shape=(16, 2), sample_weights shape=(16,), zero_neighbor_targets=0
GRAB train batch 11: pair_ids shape=(16,), range=116..7815, coefficients shape=(16, 2), sample_weights shape=(16,), zero_neighbor_targets=0
GRAB train batch 12: pair_ids shape=(16,), range=289..10984, coefficients shape=(16, 2), sample_weights shape=(16,), zero_neighbor_targets=0
GRAB train batch 13: pair_ids shape=(16,), range=159..9608, coefficients shape=(16, 2), sample_weights shape=(16,), zero_neighbor_targets=0
GRAB train batch 14: pair_ids shape=(16,), range=285..10817, coefficients shape=(16, 2), sample_weights shape=(16,), zero_neighbor_targets=0
GRAB train batch 15: pair_ids shape=(16,), range=157..9391, coefficients shape=(16, 2), sample_weights shape=(16,), zero_neighbor_targets=0
GRAB train batch 16: pair_ids shape=(16,), range=7..9887, coefficients shape=(16, 2), sample_weights shape=(16,), zero_neighbor_targets=0
GRAB train batch 17: pair_ids shape=(16,), range=130..10994, coefficients shape=(16, 2), sample_weights shape=(16,), zero_neighbor_targets=0
GRAB train batch 18: pair_ids shape=(16,), range=20..10850, coefficients shape=(16, 2), sample_weights shape=(16,), zero_neighbor_targets=0
GRAB train batch 19: pair_ids shape=(16,), range=43..10728, coefficients shape=(16, 2), sample_weights shape=(16,), zero_neighbor_targets=0
GRAB train batch 20: pair_ids shape=(16,), range=248..10398, coefficients shape=(16, 2), sample_weights shape=(16,), zero_neighbor_targets=0
GRAB train batch 21: pair_ids shape=(16,), range=86..9045, coefficients shape=(16, 2), sample_weights shape=(16,), zero_neighbor_targets=0
GRAB train batch 22: pair_ids shape=(16,), range=37..8841, coefficients shape=(16, 2), sample_weights shape=(16,), zero_neighbor_targets=0
GRAB train batch 23: pair_ids shape=(16,), range=78..10836, coefficients shape=(16, 2), sample_weights shape=(16,), zero_neighbor_targets=0
GRAB train batch 24: pair_ids shape=(16,), range=3..10475, coefficients shape=(16, 2), sample_weights shape=(16,), zero_neighbor_targets=0
GRAB train batch 25: pair_ids shape=(16,), range=96..10404, coefficients shape=(16, 2), sample_weights shape=(16,), zero_neighbor_targets=0
GRAB train batch 26: pair_ids shape=(16,), range=290..9278, coefficients shape=(16, 2), sample_weights shape=(16,), zero_neighbor_targets=0
GRAB train batch 27: pair_ids shape=(16,), range=83..7683, coefficients shape=(16, 2), sample_weights shape=(16,), zero_neighbor_targets=0
GRAB train batch 28: pair_ids shape=(16,), range=88..10411, coefficients shape=(16, 2), sample_weights shape=(16,), zero_neighbor_targets=0
GRAB train batch 29: pair_ids shape=(16,), range=95..9956, coefficients shape=(16, 2), sample_weights shape=(16,), zero_neighbor_targets=0
GRAB train batch 30: pair_ids shape=(16,), range=29..10935, coefficients shape=(16, 2), sample_weights shape=(16,), zero_neighbor_targets=0
GRAB train batch 31: pair_ids shape=(16,), range=32..10277, coefficients shape=(16, 2), sample_weights shape=(16,), zero_neighbor_targets=0
GRAB train batch 32: pair_ids shape=(16,), range=1..10384, coefficients shape=(16, 2), sample_weights shape=(16,), zero_neighbor_targets=0
GRAB train batch 33: pair_ids shape=(16,), range=384..10248, coefficients shape=(16, 2), sample_weights shape=(16,), zero_neighbor_targets=0
GRAB train batch 34: pair_ids shape=(16,), range=70..4957, coefficients shape=(16, 2), sample_weights shape=(16,), zero_neighbor_targets=0
GRAB train batch 35: pair_ids shape=(16,), range=6..10222, coefficients shape=(16, 2), sample_weights shape=(16,), zero_neighbor_targets=0
GRAB train batch 36: pair_ids shape=(16,), range=316..9228, coefficients shape=(16, 2), sample_weights shape=(16,), zero_neighbor_targets=0
GRAB train batch 37: pair_ids shape=(16,), range=9..8373, coefficients shape=(16, 2), sample_weights shape=(16,), zero_neighbor_targets=0
GRAB train batch 38: pair_ids shape=(16,), range=28..9220, coefficients shape=(16, 2), sample_weights shape=(16,), zero_neighbor_targets=0
GRAB train batch 39: pair_ids shape=(16,), range=74..9180, coefficients shape=(16, 2), sample_weights shape=(16,), zero_neighbor_targets=0
GRAB train batch 40: pair_ids shape=(16,), range=27..10473, coefficients shape=(16, 2), sample_weights shape=(16,), zero_neighbor_targets=0
GRAB train batch 41: pair_ids shape=(16,), range=133..10227, coefficients shape=(16, 2), sample_weights shape=(16,), zero_neighbor_targets=0
GRAB train batch 42: pair_ids shape=(16,), range=129..9159, coefficients shape=(16, 2), sample_weights shape=(16,), zero_neighbor_targets=0
GRAB train batch 43: pair_ids shape=(16,), range=89..10170, coefficients shape=(16, 2), sample_weights shape=(16,), zero_neighbor_targets=0
GRAB train batch 44: pair_ids shape=(16,), range=97..8163, coefficients shape=(16, 2), sample_weights shape=(16,), zero_neighbor_targets=0
GRAB train batch 45: pair_ids shape=(16,), range=2..9146, coefficients shape=(16, 2), sample_weights shape=(16,), zero_neighbor_targets=0
GRAB train batch 46: pair_ids shape=(16,), range=72..6569, coefficients shape=(16, 2), sample_weights shape=(16,), zero_neighbor_targets=0
GRAB train batch 47: pair_ids shape=(16,), range=21..10331, coefficients shape=(16, 2), sample_weights shape=(16,), zero_neighbor_targets=0
GRAB train batch 48: pair_ids shape=(16,), range=30..10851, coefficients shape=(16, 2), sample_weights shape=(16,), zero_neighbor_targets=0
GRAB train batch 49: pair_ids shape=(16,), range=22..8521, coefficients shape=(16, 2), sample_weights shape=(16,), zero_neighbor_targets=0
GRAB train batch 50: pair_ids shape=(16,), range=4..7219, coefficients shape=(16, 2), sample_weights shape=(16,), zero_neighbor_targets=0
GRAB train batch 51: pair_ids shape=(16,), range=139..10259, coefficients shape=(16, 2), sample_weights shape=(16,), zero_neighbor_targets=0
GRAB train batch 52: pair_ids shape=(16,), range=0..9727, coefficients shape=(16, 2), sample_weights shape=(16,), zero_neighbor_targets=0
GRAB train batch 53: pair_ids shape=(16,), range=24..10447, coefficients shape=(16, 2), sample_weights shape=(16,), zero_neighbor_targets=0
GRAB train batch 54: pair_ids shape=(16,), range=87..10800, coefficients shape=(16, 2), sample_weights shape=(16,), zero_neighbor_targets=0
GRAB train batch 55: pair_ids shape=(16,), range=77..10312, coefficients shape=(16, 2), sample_weights shape=(16,), zero_neighbor_targets=0
GRAB train batch 56: pair_ids shape=(16,), range=31..10988, coefficients shape=(16, 2), sample_weights shape=(16,), zero_neighbor_targets=0
GRAB train batch 57: pair_ids shape=(16,), range=101..10205, coefficients shape=(16, 2), sample_weights shape=(16,), zero_neighbor_targets=0
GRAB train batch 58: pair_ids shape=(16,), range=64..10453, coefficients shape=(16, 2), sample_weights shape=(16,), zero_neighbor_targets=0
GRAB train batch 59: pair_ids shape=(16,), range=16..9090, coefficients shape=(16, 2), sample_weights shape=(16,), zero_neighbor_targets=0
GRAB train batch 60: pair_ids shape=(16,), range=5..9488, coefficients shape=(16, 2), sample_weights shape=(16,), zero_neighbor_targets=0
GRAB train batch 61: pair_ids shape=(16,), range=165..9622, coefficients shape=(16, 2), sample_weights shape=(16,), zero_neighbor_targets=0
GRAB train batch 62: pair_ids shape=(16,), range=146..10393, coefficients shape=(16, 2), sample_weights shape=(16,), zero_neighbor_targets=0
GRAB train batch 63: pair_ids shape=(16,), range=42..10524, coefficients shape=(16, 2), sample_weights shape=(16,), zero_neighbor_targets=0
GRAB train batch 64: pair_ids shape=(16,), range=11..10764, coefficients shape=(16, 2), sample_weights shape=(16,), zero_neighbor_targets=0
GRAB train batch 65: pair_ids shape=(16,), range=65..10500, coefficients shape=(16, 2), sample_weights shape=(16,), zero_neighbor_targets=0
GRAB train batch 66: pair_ids shape=(16,), range=8..9698, coefficients shape=(16, 2), sample_weights shape=(16,), zero_neighbor_targets=0
GRAB train batch 67: pair_ids shape=(16,), range=379..10891, coefficients shape=(16, 2), sample_weights shape=(16,), zero_neighbor_targets=0
GRAB train batch 68: pair_ids shape=(16,), range=102..9818, coefficients shape=(16, 2), sample_weights shape=(16,), zero_neighbor_targets=0
GRAB train batch 69: pair_ids shape=(16,), range=40..10795, coefficients shape=(16, 2), sample_weights shape=(16,), zero_neighbor_targets=0
GRAB train batch 70: pair_ids shape=(16,), range=12..9143, coefficients shape=(16, 2), sample_weights shape=(16,), zero_neighbor_targets=0
GRAB train batch 71: pair_ids shape=(16,), range=36..10600, coefficients shape=(16, 2), sample_weights shape=(16,), zero_neighbor_targets=0
GRAB train batch 72: pair_ids shape=(16,), range=75..7829, coefficients shape=(16, 2), sample_weights shape=(16,), zero_neighbor_targets=0
GRAB train batch 73: pair_ids shape=(16,), range=18..10811, coefficients shape=(16, 2), sample_weights shape=(16,), zero_neighbor_targets=0
GRAB train batch 74: pair_ids shape=(16,), range=25..10471, coefficients shape=(16, 2), sample_weights shape=(16,), zero_neighbor_targets=0
GRAB train batch 75: pair_ids shape=(16,), range=69..10772, coefficients shape=(16, 2), sample_weights shape=(16,), zero_neighbor_targets=0
GRAB train batch 76: pair_ids shape=(16,), range=14..8928, coefficients shape=(16, 2), sample_weights shape=(16,), zero_neighbor_targets=0
GRAB train batch 77: pair_ids shape=(8,), range=10..7405, coefficients shape=(8, 2), sample_weights shape=(8,), zero_neighbor_targets=0
VALIDATION
valid epoch balanced_accuracy: 0.500000
EPOCH 39:
GRAB train batch 1: pair_ids shape=(16,), range=85..9704, coefficients shape=(16, 2), sample_weights shape=(16,), zero_neighbor_targets=0
GRAB train batch 2: pair_ids shape=(16,), range=162..10374, coefficients shape=(16, 2), sample_weights shape=(16,), zero_neighbor_targets=0
GRAB train batch 3: pair_ids shape=(16,), range=4..9135, coefficients shape=(16, 2), sample_weights shape=(16,), zero_neighbor_targets=0
GRAB train batch 4: pair_ids shape=(16,), range=23..10537, coefficients shape=(16, 2), sample_weights shape=(16,), zero_neighbor_targets=0
GRAB train batch 5: pair_ids shape=(16,), range=3..10524, coefficients shape=(16, 2), sample_weights shape=(16,), zero_neighbor_targets=0
GRAB train batch 6: pair_ids shape=(16,), range=0..9488, coefficients shape=(16, 2), sample_weights shape=(16,), zero_neighbor_targets=0
GRAB train batch 7: pair_ids shape=(16,), range=110..10502, coefficients shape=(16, 2), sample_weights shape=(16,), zero_neighbor_targets=0
GRAB train batch 8: pair_ids shape=(16,), range=154..8521, coefficients shape=(16, 2), sample_weights shape=(16,), zero_neighbor_targets=0
GRAB train batch 9: pair_ids shape=(16,), range=76..9045, coefficients shape=(16, 2), sample_weights shape=(16,), zero_neighbor_targets=0
GRAB train batch 10: pair_ids shape=(16,), range=2..7829, coefficients shape=(16, 2), sample_weights shape=(16,), zero_neighbor_targets=0
GRAB train batch 11: pair_ids shape=(16,), range=18..10404, coefficients shape=(16, 2), sample_weights shape=(16,), zero_neighbor_targets=0
GRAB train batch 12: pair_ids shape=(16,), range=31..6924, coefficients shape=(16, 2), sample_weights shape=(16,), zero_neighbor_targets=0
GRAB train batch 13: pair_ids shape=(16,), range=91..10600, coefficients shape=(16, 2), sample_weights shape=(16,), zero_neighbor_targets=0
GRAB train batch 14: pair_ids shape=(16,), range=10..10728, coefficients shape=(16, 2), sample_weights shape=(16,), zero_neighbor_targets=0
GRAB train batch 15: pair_ids shape=(16,), range=16..9391, coefficients shape=(16, 2), sample_weights shape=(16,), zero_neighbor_targets=0
GRAB train batch 16: pair_ids shape=(16,), range=576..10764, coefficients shape=(16, 2), sample_weights shape=(16,), zero_neighbor_targets=0
GRAB train batch 17: pair_ids shape=(16,), range=28..10987, coefficients shape=(16, 2), sample_weights shape=(16,), zero_neighbor_targets=0
GRAB train batch 18: pair_ids shape=(16,), range=44..7221, coefficients shape=(16, 2), sample_weights shape=(16,), zero_neighbor_targets=0
GRAB train batch 19: pair_ids shape=(16,), range=92..10795, coefficients shape=(16, 2), sample_weights shape=(16,), zero_neighbor_targets=0
GRAB train batch 20: pair_ids shape=(16,), range=100..10462, coefficients shape=(16, 2), sample_weights shape=(16,), zero_neighbor_targets=0
GRAB train batch 21: pair_ids shape=(16,), range=20..9262, coefficients shape=(16, 2), sample_weights shape=(16,), zero_neighbor_targets=0
GRAB train batch 22: pair_ids shape=(16,), range=98..8972, coefficients shape=(16, 2), sample_weights shape=(16,), zero_neighbor_targets=0
GRAB train batch 23: pair_ids shape=(16,), range=69..8772, coefficients shape=(16, 2), sample_weights shape=(16,), zero_neighbor_targets=0
GRAB train batch 24: pair_ids shape=(16,), range=74..10994, coefficients shape=(16, 2), sample_weights shape=(16,), zero_neighbor_targets=0
GRAB train batch 25: pair_ids shape=(16,), range=96..9500, coefficients shape=(16, 2), sample_weights shape=(16,), zero_neighbor_targets=0
GRAB train batch 26: pair_ids shape=(16,), range=310..9504, coefficients shape=(16, 2), sample_weights shape=(16,), zero_neighbor_targets=0
GRAB train batch 27: pair_ids shape=(16,), range=106..10447, coefficients shape=(16, 2), sample_weights shape=(16,), zero_neighbor_targets=0
GRAB train batch 28: pair_ids shape=(16,), range=26..9249, coefficients shape=(16, 2), sample_weights shape=(16,), zero_neighbor_targets=0
GRAB train batch 29: pair_ids shape=(16,), range=90..9727, coefficients shape=(16, 2), sample_weights shape=(16,), zero_neighbor_targets=0
GRAB train batch 30: pair_ids shape=(16,), range=169..9017, coefficients shape=(16, 2), sample_weights shape=(16,), zero_neighbor_targets=0
GRAB train batch 31: pair_ids shape=(16,), range=127..10817, coefficients shape=(16, 2), sample_weights shape=(16,), zero_neighbor_targets=0
GRAB train batch 32: pair_ids shape=(16,), range=45..7952, coefficients shape=(16, 2), sample_weights shape=(16,), zero_neighbor_targets=0
GRAB train batch 33: pair_ids shape=(16,), range=64..9499, coefficients shape=(16, 2), sample_weights shape=(16,), zero_neighbor_targets=0
GRAB train batch 34: pair_ids shape=(16,), range=143..10475, coefficients shape=(16, 2), sample_weights shape=(16,), zero_neighbor_targets=0
GRAB train batch 35: pair_ids shape=(16,), range=75..8858, coefficients shape=(16, 2), sample_weights shape=(16,), zero_neighbor_targets=0
GRAB train batch 36: pair_ids shape=(16,), range=8..10248, coefficients shape=(16, 2), sample_weights shape=(16,), zero_neighbor_targets=0
GRAB train batch 37: pair_ids shape=(16,), range=82..8363, coefficients shape=(16, 2), sample_weights shape=(16,), zero_neighbor_targets=0
GRAB train batch 38: pair_ids shape=(16,), range=9..10264, coefficients shape=(16, 2), sample_weights shape=(16,), zero_neighbor_targets=0
GRAB train batch 39: pair_ids shape=(16,), range=15..10222, coefficients shape=(16, 2), sample_weights shape=(16,), zero_neighbor_targets=0
GRAB train batch 40: pair_ids shape=(16,), range=72..10453, coefficients shape=(16, 2), sample_weights shape=(16,), zero_neighbor_targets=0
GRAB train batch 41: pair_ids shape=(16,), range=7..10500, coefficients shape=(16, 2), sample_weights shape=(16,), zero_neighbor_targets=0
GRAB train batch 42: pair_ids shape=(16,), range=65..9459, coefficients shape=(16, 2), sample_weights shape=(16,), zero_neighbor_targets=0
GRAB train batch 43: pair_ids shape=(16,), range=99..10800, coefficients shape=(16, 2), sample_weights shape=(16,), zero_neighbor_targets=0
GRAB train batch 44: pair_ids shape=(16,), range=73..10891, coefficients shape=(16, 2), sample_weights shape=(16,), zero_neighbor_targets=0
GRAB train batch 45: pair_ids shape=(16,), range=34..8051, coefficients shape=(16, 2), sample_weights shape=(16,), zero_neighbor_targets=0
GRAB train batch 46: pair_ids shape=(16,), range=11..10627, coefficients shape=(16, 2), sample_weights shape=(16,), zero_neighbor_targets=0
GRAB train batch 47: pair_ids shape=(16,), range=412..9546, coefficients shape=(16, 2), sample_weights shape=(16,), zero_neighbor_targets=0
GRAB train batch 48: pair_ids shape=(16,), range=67..10205, coefficients shape=(16, 2), sample_weights shape=(16,), zero_neighbor_targets=0
GRAB train batch 49: pair_ids shape=(16,), range=35..10742, coefficients shape=(16, 2), sample_weights shape=(16,), zero_neighbor_targets=0
GRAB train batch 50: pair_ids shape=(16,), range=93..9818, coefficients shape=(16, 2), sample_weights shape=(16,), zero_neighbor_targets=0
GRAB train batch 51: pair_ids shape=(16,), range=314..10811, coefficients shape=(16, 2), sample_weights shape=(16,), zero_neighbor_targets=0
GRAB train batch 52: pair_ids shape=(16,), range=122..10850, coefficients shape=(16, 2), sample_weights shape=(16,), zero_neighbor_targets=0
GRAB train batch 53: pair_ids shape=(16,), range=161..8678, coefficients shape=(16, 2), sample_weights shape=(16,), zero_neighbor_targets=0
GRAB train batch 54: pair_ids shape=(16,), range=317..10027, coefficients shape=(16, 2), sample_weights shape=(16,), zero_neighbor_targets=0
GRAB train batch 55: pair_ids shape=(16,), range=40..10299, coefficients shape=(16, 2), sample_weights shape=(16,), zero_neighbor_targets=0
GRAB train batch 56: pair_ids shape=(16,), range=5..10836, coefficients shape=(16, 2), sample_weights shape=(16,), zero_neighbor_targets=0
GRAB train batch 57: pair_ids shape=(16,), range=94..7619, coefficients shape=(16, 2), sample_weights shape=(16,), zero_neighbor_targets=0
GRAB train batch 58: pair_ids shape=(16,), range=179..9036, coefficients shape=(16, 2), sample_weights shape=(16,), zero_neighbor_targets=0
GRAB train batch 59: pair_ids shape=(16,), range=17..9698, coefficients shape=(16, 2), sample_weights shape=(16,), zero_neighbor_targets=0
GRAB train batch 60: pair_ids shape=(16,), range=14..10851, coefficients shape=(16, 2), sample_weights shape=(16,), zero_neighbor_targets=0
GRAB train batch 61: pair_ids shape=(16,), range=6..10988, coefficients shape=(16, 2), sample_weights shape=(16,), zero_neighbor_targets=0
GRAB train batch 62: pair_ids shape=(16,), range=123..10662, coefficients shape=(16, 2), sample_weights shape=(16,), zero_neighbor_targets=0
GRAB train batch 63: pair_ids shape=(16,), range=160..5386, coefficients shape=(16, 2), sample_weights shape=(16,), zero_neighbor_targets=0
GRAB train batch 64: pair_ids shape=(16,), range=118..10473, coefficients shape=(16, 2), sample_weights shape=(16,), zero_neighbor_targets=0
GRAB train batch 65: pair_ids shape=(16,), range=24..8978, coefficients shape=(16, 2), sample_weights shape=(16,), zero_neighbor_targets=0
GRAB train batch 66: pair_ids shape=(16,), range=37..9937, coefficients shape=(16, 2), sample_weights shape=(16,), zero_neighbor_targets=0
GRAB train batch 67: pair_ids shape=(16,), range=30..9840, coefficients shape=(16, 2), sample_weights shape=(16,), zero_neighbor_targets=0
GRAB train batch 68: pair_ids shape=(16,), range=89..9534, coefficients shape=(16, 2), sample_weights shape=(16,), zero_neighbor_targets=0
GRAB train batch 69: pair_ids shape=(16,), range=137..10277, coefficients shape=(16, 2), sample_weights shape=(16,), zero_neighbor_targets=0
GRAB train batch 70: pair_ids shape=(16,), range=71..9739, coefficients shape=(16, 2), sample_weights shape=(16,), zero_neighbor_targets=0
GRAB train batch 71: pair_ids shape=(16,), range=1..10984, coefficients shape=(16, 2), sample_weights shape=(16,), zero_neighbor_targets=0
GRAB train batch 72: pair_ids shape=(16,), range=268..9914, coefficients shape=(16, 2), sample_weights shape=(16,), zero_neighbor_targets=0
GRAB train batch 73: pair_ids shape=(16,), range=21..10259, coefficients shape=(16, 2), sample_weights shape=(16,), zero_neighbor_targets=0
GRAB train batch 74: pair_ids shape=(16,), range=83..7448, coefficients shape=(16, 2), sample_weights shape=(16,), zero_neighbor_targets=0
GRAB train batch 75: pair_ids shape=(16,), range=33..7385, coefficients shape=(16, 2), sample_weights shape=(16,), zero_neighbor_targets=0
GRAB train batch 76: pair_ids shape=(16,), range=41..10935, coefficients shape=(16, 2), sample_weights shape=(16,), zero_neighbor_targets=0
GRAB train batch 77: pair_ids shape=(8,), range=119..7200, coefficients shape=(8, 2), sample_weights shape=(8,), zero_neighbor_targets=0
VALIDATION
valid epoch balanced_accuracy: 0.336081
EPOCH 40:
GRAB train batch 1: pair_ids shape=(16,), range=44..8310, coefficients shape=(16, 2), sample_weights shape=(16,), zero_neighbor_targets=0
GRAB train batch 2: pair_ids shape=(16,), range=150..10662, coefficients shape=(16, 2), sample_weights shape=(16,), zero_neighbor_targets=0
GRAB train batch 3: pair_ids shape=(16,), range=13..9818, coefficients shape=(16, 2), sample_weights shape=(16,), zero_neighbor_targets=0
GRAB train batch 4: pair_ids shape=(16,), range=165..9045, coefficients shape=(16, 2), sample_weights shape=(16,), zero_neighbor_targets=0
GRAB train batch 5: pair_ids shape=(16,), range=182..9499, coefficients shape=(16, 2), sample_weights shape=(16,), zero_neighbor_targets=0
GRAB train batch 6: pair_ids shape=(16,), range=94..10522, coefficients shape=(16, 2), sample_weights shape=(16,), zero_neighbor_targets=0
GRAB train batch 7: pair_ids shape=(16,), range=26..10435, coefficients shape=(16, 2), sample_weights shape=(16,), zero_neighbor_targets=0
GRAB train batch 8: pair_ids shape=(16,), range=99..10891, coefficients shape=(16, 2), sample_weights shape=(16,), zero_neighbor_targets=0
GRAB train batch 9: pair_ids shape=(16,), range=32..9698, coefficients shape=(16, 2), sample_weights shape=(16,), zero_neighbor_targets=0
GRAB train batch 10: pair_ids shape=(16,), range=9..8911, coefficients shape=(16, 2), sample_weights shape=(16,), zero_neighbor_targets=0
GRAB train batch 11: pair_ids shape=(16,), range=203..10384, coefficients shape=(16, 2), sample_weights shape=(16,), zero_neighbor_targets=0
GRAB train batch 12: pair_ids shape=(16,), range=176..10447, coefficients shape=(16, 2), sample_weights shape=(16,), zero_neighbor_targets=0
GRAB train batch 13: pair_ids shape=(16,), range=6..10772, coefficients shape=(16, 2), sample_weights shape=(16,), zero_neighbor_targets=0
GRAB train batch 14: pair_ids shape=(16,), range=35..7930, coefficients shape=(16, 2), sample_weights shape=(16,), zero_neighbor_targets=0
GRAB train batch 15: pair_ids shape=(16,), range=127..10836, coefficients shape=(16, 2), sample_weights shape=(16,), zero_neighbor_targets=0
GRAB train batch 16: pair_ids shape=(16,), range=19..10984, coefficients shape=(16, 2), sample_weights shape=(16,), zero_neighbor_targets=0
GRAB train batch 17: pair_ids shape=(16,), range=110..7496, coefficients shape=(16, 2), sample_weights shape=(16,), zero_neighbor_targets=0
GRAB train batch 18: pair_ids shape=(16,), range=73..9224, coefficients shape=(16, 2), sample_weights shape=(16,), zero_neighbor_targets=0
GRAB train batch 19: pair_ids shape=(16,), range=22..10935, coefficients shape=(16, 2), sample_weights shape=(16,), zero_neighbor_targets=0
GRAB train batch 20: pair_ids shape=(16,), range=64..10600, coefficients shape=(16, 2), sample_weights shape=(16,), zero_neighbor_targets=0
GRAB train batch 21: pair_ids shape=(16,), range=0..9696, coefficients shape=(16, 2), sample_weights shape=(16,), zero_neighbor_targets=0
GRAB train batch 22: pair_ids shape=(16,), range=16..10502, coefficients shape=(16, 2), sample_weights shape=(16,), zero_neighbor_targets=0
GRAB train batch 23: pair_ids shape=(16,), range=28..9498, coefficients shape=(16, 2), sample_weights shape=(16,), zero_neighbor_targets=0
GRAB train batch 24: pair_ids shape=(16,), range=89..10005, coefficients shape=(16, 2), sample_weights shape=(16,), zero_neighbor_targets=0
GRAB train batch 25: pair_ids shape=(16,), range=159..10237, coefficients shape=(16, 2), sample_weights shape=(16,), zero_neighbor_targets=0
GRAB train batch 26: pair_ids shape=(16,), range=132..10404, coefficients shape=(16, 2), sample_weights shape=(16,), zero_neighbor_targets=0
GRAB train batch 27: pair_ids shape=(16,), range=1..9739, coefficients shape=(16, 2), sample_weights shape=(16,), zero_neighbor_targets=0
GRAB train batch 28: pair_ids shape=(16,), range=130..10264, coefficients shape=(16, 2), sample_weights shape=(16,), zero_neighbor_targets=0
GRAB train batch 29: pair_ids shape=(16,), range=8..7923, coefficients shape=(16, 2), sample_weights shape=(16,), zero_neighbor_targets=0
GRAB train batch 30: pair_ids shape=(16,), range=5..9887, coefficients shape=(16, 2), sample_weights shape=(16,), zero_neighbor_targets=0
GRAB train batch 31: pair_ids shape=(16,), range=113..10225, coefficients shape=(16, 2), sample_weights shape=(16,), zero_neighbor_targets=0
GRAB train batch 32: pair_ids shape=(16,), range=140..10362, coefficients shape=(16, 2), sample_weights shape=(16,), zero_neighbor_targets=0
GRAB train batch 33: pair_ids shape=(16,), range=7..9387, coefficients shape=(16, 2), sample_weights shape=(16,), zero_neighbor_targets=0
GRAB train batch 34: pair_ids shape=(16,), range=25..7338, coefficients shape=(16, 2), sample_weights shape=(16,), zero_neighbor_targets=0
GRAB train batch 35: pair_ids shape=(16,), range=70..9333, coefficients shape=(16, 2), sample_weights shape=(16,), zero_neighbor_targets=0
GRAB train batch 36: pair_ids shape=(16,), range=12..10728, coefficients shape=(16, 2), sample_weights shape=(16,), zero_neighbor_targets=0
GRAB train batch 37: pair_ids shape=(16,), range=126..10393, coefficients shape=(16, 2), sample_weights shape=(16,), zero_neighbor_targets=0
GRAB train batch 38: pair_ids shape=(16,), range=27..7815, coefficients shape=(16, 2), sample_weights shape=(16,), zero_neighbor_targets=0
GRAB train batch 39: pair_ids shape=(16,), range=38..10742, coefficients shape=(16, 2), sample_weights shape=(16,), zero_neighbor_targets=0
GRAB train batch 40: pair_ids shape=(16,), range=69..9913, coefficients shape=(16, 2), sample_weights shape=(16,), zero_neighbor_targets=0
GRAB train batch 41: pair_ids shape=(16,), range=34..10396, coefficients shape=(16, 2), sample_weights shape=(16,), zero_neighbor_targets=0
GRAB train batch 42: pair_ids shape=(16,), range=68..10994, coefficients shape=(16, 2), sample_weights shape=(16,), zero_neighbor_targets=0
GRAB train batch 43: pair_ids shape=(16,), range=23..10851, coefficients shape=(16, 2), sample_weights shape=(16,), zero_neighbor_targets=0
GRAB train batch 44: pair_ids shape=(16,), range=45..7213, coefficients shape=(16, 2), sample_weights shape=(16,), zero_neighbor_targets=0
GRAB train batch 45: pair_ids shape=(16,), range=396..10259, coefficients shape=(16, 2), sample_weights shape=(16,), zero_neighbor_targets=0
GRAB train batch 46: pair_ids shape=(16,), range=210..10411, coefficients shape=(16, 2), sample_weights shape=(16,), zero_neighbor_targets=0
GRAB train batch 47: pair_ids shape=(16,), range=92..9272, coefficients shape=(16, 2), sample_weights shape=(16,), zero_neighbor_targets=0
GRAB train batch 48: pair_ids shape=(16,), range=4..9537, coefficients shape=(16, 2), sample_weights shape=(16,), zero_neighbor_targets=0
GRAB train batch 49: pair_ids shape=(16,), range=15..9293, coefficients shape=(16, 2), sample_weights shape=(16,), zero_neighbor_targets=0
GRAB train batch 50: pair_ids shape=(16,), range=293..10811, coefficients shape=(16, 2), sample_weights shape=(16,), zero_neighbor_targets=0
GRAB train batch 51: pair_ids shape=(16,), range=80..9795, coefficients shape=(16, 2), sample_weights shape=(16,), zero_neighbor_targets=0
GRAB train batch 52: pair_ids shape=(16,), range=17..10987, coefficients shape=(16, 2), sample_weights shape=(16,), zero_neighbor_targets=0
GRAB train batch 53: pair_ids shape=(16,), range=42..10475, coefficients shape=(16, 2), sample_weights shape=(16,), zero_neighbor_targets=0
GRAB train batch 54: pair_ids shape=(16,), range=98..10817, coefficients shape=(16, 2), sample_weights shape=(16,), zero_neighbor_targets=0
GRAB train batch 55: pair_ids shape=(16,), range=67..10627, coefficients shape=(16, 2), sample_weights shape=(16,), zero_neighbor_targets=0
GRAB train batch 56: pair_ids shape=(16,), range=85..10027, coefficients shape=(16, 2), sample_weights shape=(16,), zero_neighbor_targets=0
GRAB train batch 57: pair_ids shape=(16,), range=156..6438, coefficients shape=(16, 2), sample_weights shape=(16,), zero_neighbor_targets=0
GRAB train batch 58: pair_ids shape=(16,), range=87..10312, coefficients shape=(16, 2), sample_weights shape=(16,), zero_neighbor_targets=0
GRAB train batch 59: pair_ids shape=(16,), range=39..9220, coefficients shape=(16, 2), sample_weights shape=(16,), zero_neighbor_targets=0
GRAB train batch 60: pair_ids shape=(16,), range=77..10009, coefficients shape=(16, 2), sample_weights shape=(16,), zero_neighbor_targets=0
GRAB train batch 61: pair_ids shape=(16,), range=14..10277, coefficients shape=(16, 2), sample_weights shape=(16,), zero_neighbor_targets=0
GRAB train batch 62: pair_ids shape=(16,), range=137..10170, coefficients shape=(16, 2), sample_weights shape=(16,), zero_neighbor_targets=0
GRAB train batch 63: pair_ids shape=(16,), range=90..10471, coefficients shape=(16, 2), sample_weights shape=(16,), zero_neighbor_targets=0
GRAB train batch 64: pair_ids shape=(16,), range=29..9262, coefficients shape=(16, 2), sample_weights shape=(16,), zero_neighbor_targets=0
GRAB train batch 65: pair_ids shape=(16,), range=20..10795, coefficients shape=(16, 2), sample_weights shape=(16,), zero_neighbor_targets=0
GRAB train batch 66: pair_ids shape=(16,), range=72..8972, coefficients shape=(16, 2), sample_weights shape=(16,), zero_neighbor_targets=0
GRAB train batch 67: pair_ids shape=(16,), range=164..10850, coefficients shape=(16, 2), sample_weights shape=(16,), zero_neighbor_targets=0
GRAB train batch 68: pair_ids shape=(16,), range=3..10500, coefficients shape=(16, 2), sample_weights shape=(16,), zero_neighbor_targets=0
GRAB train batch 69: pair_ids shape=(16,), range=65..8678, coefficients shape=(16, 2), sample_weights shape=(16,), zero_neighbor_targets=0
GRAB train batch 70: pair_ids shape=(16,), range=11..9608, coefficients shape=(16, 2), sample_weights shape=(16,), zero_neighbor_targets=0
GRAB train batch 71: pair_ids shape=(16,), range=138..8472, coefficients shape=(16, 2), sample_weights shape=(16,), zero_neighbor_targets=0
GRAB train batch 72: pair_ids shape=(16,), range=112..10473, coefficients shape=(16, 2), sample_weights shape=(16,), zero_neighbor_targets=0
GRAB train batch 73: pair_ids shape=(16,), range=2..9180, coefficients shape=(16, 2), sample_weights shape=(16,), zero_neighbor_targets=0
GRAB train batch 74: pair_ids shape=(16,), range=78..9534, coefficients shape=(16, 2), sample_weights shape=(16,), zero_neighbor_targets=0
GRAB train batch 75: pair_ids shape=(16,), range=66..9822, coefficients shape=(16, 2), sample_weights shape=(16,), zero_neighbor_targets=0
GRAB train batch 76: pair_ids shape=(16,), range=43..9954, coefficients shape=(16, 2), sample_weights shape=(16,), zero_neighbor_targets=0
GRAB train batch 77: pair_ids shape=(8,), range=21..8168, coefficients shape=(8, 2), sample_weights shape=(8,), zero_neighbor_targets=0
VALIDATION
valid epoch balanced_accuracy: 0.404762
EPOCH 41:
GRAB train batch 1: pair_ids shape=(16,), range=29..10404, coefficients shape=(16, 2), sample_weights shape=(16,), zero_neighbor_targets=0
GRAB train batch 2: pair_ids shape=(16,), range=6..10475, coefficients shape=(16, 2), sample_weights shape=(16,), zero_neighbor_targets=0
GRAB train batch 3: pair_ids shape=(16,), range=71..10795, coefficients shape=(16, 2), sample_weights shape=(16,), zero_neighbor_targets=0
GRAB train batch 4: pair_ids shape=(16,), range=342..10393, coefficients shape=(16, 2), sample_weights shape=(16,), zero_neighbor_targets=0
GRAB train batch 5: pair_ids shape=(16,), range=40..10500, coefficients shape=(16, 2), sample_weights shape=(16,), zero_neighbor_targets=0
GRAB train batch 6: pair_ids shape=(16,), range=110..9892, coefficients shape=(16, 2), sample_weights shape=(16,), zero_neighbor_targets=0
GRAB train batch 7: pair_ids shape=(16,), range=97..9159, coefficients shape=(16, 2), sample_weights shape=(16,), zero_neighbor_targets=0
GRAB train batch 8: pair_ids shape=(16,), range=115..10600, coefficients shape=(16, 2), sample_weights shape=(16,), zero_neighbor_targets=0
GRAB train batch 9: pair_ids shape=(16,), range=66..8954, coefficients shape=(16, 2), sample_weights shape=(16,), zero_neighbor_targets=0
GRAB train batch 10: pair_ids shape=(16,), range=189..10374, coefficients shape=(16, 2), sample_weights shape=(16,), zero_neighbor_targets=0
GRAB train batch 11: pair_ids shape=(16,), range=28..10800, coefficients shape=(16, 2), sample_weights shape=(16,), zero_neighbor_targets=0
GRAB train batch 12: pair_ids shape=(16,), range=12..9333, coefficients shape=(16, 2), sample_weights shape=(16,), zero_neighbor_targets=0
GRAB train batch 13: pair_ids shape=(16,), range=27..9499, coefficients shape=(16, 2), sample_weights shape=(16,), zero_neighbor_targets=0
GRAB train batch 14: pair_ids shape=(16,), range=143..10811, coefficients shape=(16, 2), sample_weights shape=(16,), zero_neighbor_targets=0
GRAB train batch 15: pair_ids shape=(16,), range=127..9090, coefficients shape=(16, 2), sample_weights shape=(16,), zero_neighbor_targets=0
GRAB train batch 16: pair_ids shape=(16,), range=45..10384, coefficients shape=(16, 2), sample_weights shape=(16,), zero_neighbor_targets=0
GRAB train batch 17: pair_ids shape=(16,), range=3..8658, coefficients shape=(16, 2), sample_weights shape=(16,), zero_neighbor_targets=0
GRAB train batch 18: pair_ids shape=(16,), range=24..10502, coefficients shape=(16, 2), sample_weights shape=(16,), zero_neighbor_targets=0
GRAB train batch 19: pair_ids shape=(16,), range=108..9622, coefficients shape=(16, 2), sample_weights shape=(16,), zero_neighbor_targets=0
GRAB train batch 20: pair_ids shape=(16,), range=147..10772, coefficients shape=(16, 2), sample_weights shape=(16,), zero_neighbor_targets=0
GRAB train batch 21: pair_ids shape=(16,), range=74..10988, coefficients shape=(16, 2), sample_weights shape=(16,), zero_neighbor_targets=0
GRAB train batch 22: pair_ids shape=(16,), range=150..9995, coefficients shape=(16, 2), sample_weights shape=(16,), zero_neighbor_targets=0
GRAB train batch 23: pair_ids shape=(16,), range=26..10850, coefficients shape=(16, 2), sample_weights shape=(16,), zero_neighbor_targets=0
GRAB train batch 24: pair_ids shape=(16,), range=20..6605, coefficients shape=(16, 2), sample_weights shape=(16,), zero_neighbor_targets=0
GRAB train batch 25: pair_ids shape=(16,), range=0..10009, coefficients shape=(16, 2), sample_weights shape=(16,), zero_neighbor_targets=0
GRAB train batch 26: pair_ids shape=(16,), range=132..10264, coefficients shape=(16, 2), sample_weights shape=(16,), zero_neighbor_targets=0
GRAB train batch 27: pair_ids shape=(16,), range=251..10685, coefficients shape=(16, 2), sample_weights shape=(16,), zero_neighbor_targets=0
GRAB train batch 28: pair_ids shape=(16,), range=122..10935, coefficients shape=(16, 2), sample_weights shape=(16,), zero_neighbor_targets=0
GRAB train batch 29: pair_ids shape=(16,), range=100..10836, coefficients shape=(16, 2), sample_weights shape=(16,), zero_neighbor_targets=0
GRAB train batch 30: pair_ids shape=(16,), range=246..7913, coefficients shape=(16, 2), sample_weights shape=(16,), zero_neighbor_targets=0
GRAB train batch 31: pair_ids shape=(16,), range=99..10227, coefficients shape=(16, 2), sample_weights shape=(16,), zero_neighbor_targets=0
GRAB train batch 32: pair_ids shape=(16,), range=104..9727, coefficients shape=(16, 2), sample_weights shape=(16,), zero_neighbor_targets=0
GRAB train batch 33: pair_ids shape=(16,), range=67..10205, coefficients shape=(16, 2), sample_weights shape=(16,), zero_neighbor_targets=0
GRAB train batch 34: pair_ids shape=(16,), range=188..9220, coefficients shape=(16, 2), sample_weights shape=(16,), zero_neighbor_targets=0
GRAB train batch 35: pair_ids shape=(16,), range=96..9488, coefficients shape=(16, 2), sample_weights shape=(16,), zero_neighbor_targets=0
GRAB train batch 36: pair_ids shape=(16,), range=16..7216, coefficients shape=(16, 2), sample_weights shape=(16,), zero_neighbor_targets=0
GRAB train batch 37: pair_ids shape=(16,), range=7..10259, coefficients shape=(16, 2), sample_weights shape=(16,), zero_neighbor_targets=0
GRAB train batch 38: pair_ids shape=(16,), range=11..7284, coefficients shape=(16, 2), sample_weights shape=(16,), zero_neighbor_targets=0
GRAB train batch 39: pair_ids shape=(16,), range=5..10817, coefficients shape=(16, 2), sample_weights shape=(16,), zero_neighbor_targets=0
GRAB train batch 40: pair_ids shape=(16,), range=279..9954, coefficients shape=(16, 2), sample_weights shape=(16,), zero_neighbor_targets=0
GRAB train batch 41: pair_ids shape=(16,), range=22..10662, coefficients shape=(16, 2), sample_weights shape=(16,), zero_neighbor_targets=0
GRAB train batch 42: pair_ids shape=(16,), range=121..10005, coefficients shape=(16, 2), sample_weights shape=(16,), zero_neighbor_targets=0
GRAB train batch 43: pair_ids shape=(16,), range=70..9176, coefficients shape=(16, 2), sample_weights shape=(16,), zero_neighbor_targets=0
GRAB train batch 44: pair_ids shape=(16,), range=9..7405, coefficients shape=(16, 2), sample_weights shape=(16,), zero_neighbor_targets=0
GRAB train batch 45: pair_ids shape=(16,), range=14..10524, coefficients shape=(16, 2), sample_weights shape=(16,), zero_neighbor_targets=0
GRAB train batch 46: pair_ids shape=(16,), range=88..10728, coefficients shape=(16, 2), sample_weights shape=(16,), zero_neighbor_targets=0
GRAB train batch 47: pair_ids shape=(16,), range=90..9546, coefficients shape=(16, 2), sample_weights shape=(16,), zero_neighbor_targets=0
GRAB train batch 48: pair_ids shape=(16,), range=8..7304, coefficients shape=(16, 2), sample_weights shape=(16,), zero_neighbor_targets=0
GRAB train batch 49: pair_ids shape=(16,), range=10..8671, coefficients shape=(16, 2), sample_weights shape=(16,), zero_neighbor_targets=0
GRAB train batch 50: pair_ids shape=(16,), range=91..10396, coefficients shape=(16, 2), sample_weights shape=(16,), zero_neighbor_targets=0
GRAB train batch 51: pair_ids shape=(16,), range=168..10590, coefficients shape=(16, 2), sample_weights shape=(16,), zero_neighbor_targets=0
GRAB train batch 52: pair_ids shape=(16,), range=19..5288, coefficients shape=(16, 2), sample_weights shape=(16,), zero_neighbor_targets=0
GRAB train batch 53: pair_ids shape=(16,), range=13..9249, coefficients shape=(16, 2), sample_weights shape=(16,), zero_neighbor_targets=0
GRAB train batch 54: pair_ids shape=(16,), range=107..10398, coefficients shape=(16, 2), sample_weights shape=(16,), zero_neighbor_targets=0
GRAB train batch 55: pair_ids shape=(16,), range=38..10987, coefficients shape=(16, 2), sample_weights shape=(16,), zero_neighbor_targets=0
GRAB train batch 56: pair_ids shape=(16,), range=69..10891, coefficients shape=(16, 2), sample_weights shape=(16,), zero_neighbor_targets=0
GRAB train batch 57: pair_ids shape=(16,), range=195..9608, coefficients shape=(16, 2), sample_weights shape=(16,), zero_neighbor_targets=0
GRAB train batch 58: pair_ids shape=(16,), range=86..10331, coefficients shape=(16, 2), sample_weights shape=(16,), zero_neighbor_targets=0
GRAB train batch 59: pair_ids shape=(16,), range=158..10360, coefficients shape=(16, 2), sample_weights shape=(16,), zero_neighbor_targets=0
GRAB train batch 60: pair_ids shape=(16,), range=21..10742, coefficients shape=(16, 2), sample_weights shape=(16,), zero_neighbor_targets=0
GRAB train batch 61: pair_ids shape=(16,), range=164..9272, coefficients shape=(16, 2), sample_weights shape=(16,), zero_neighbor_targets=0
GRAB train batch 62: pair_ids shape=(16,), range=39..10462, coefficients shape=(16, 2), sample_weights shape=(16,), zero_neighbor_targets=0
GRAB train batch 63: pair_ids shape=(16,), range=42..10473, coefficients shape=(16, 2), sample_weights shape=(16,), zero_neighbor_targets=0
GRAB train batch 64: pair_ids shape=(16,), range=25..5808, coefficients shape=(16, 2), sample_weights shape=(16,), zero_neighbor_targets=0
GRAB train batch 65: pair_ids shape=(16,), range=243..10222, coefficients shape=(16, 2), sample_weights shape=(16,), zero_neighbor_targets=0
GRAB train batch 66: pair_ids shape=(16,), range=2..9500, coefficients shape=(16, 2), sample_weights shape=(16,), zero_neighbor_targets=0
GRAB train batch 67: pair_ids shape=(16,), range=1..10537, coefficients shape=(16, 2), sample_weights shape=(16,), zero_neighbor_targets=0
GRAB train batch 68: pair_ids shape=(16,), range=84..10764, coefficients shape=(16, 2), sample_weights shape=(16,), zero_neighbor_targets=0
GRAB train batch 69: pair_ids shape=(16,), range=102..10411, coefficients shape=(16, 2), sample_weights shape=(16,), zero_neighbor_targets=0
GRAB train batch 70: pair_ids shape=(16,), range=4..10225, coefficients shape=(16, 2), sample_weights shape=(16,), zero_neighbor_targets=0
GRAB train batch 71: pair_ids shape=(16,), range=439..10447, coefficients shape=(16, 2), sample_weights shape=(16,), zero_neighbor_targets=0
GRAB train batch 72: pair_ids shape=(16,), range=93..10984, coefficients shape=(16, 2), sample_weights shape=(16,), zero_neighbor_targets=0
GRAB train batch 73: pair_ids shape=(16,), range=41..10277, coefficients shape=(16, 2), sample_weights shape=(16,), zero_neighbor_targets=0
GRAB train batch 74: pair_ids shape=(16,), range=75..10851, coefficients shape=(16, 2), sample_weights shape=(16,), zero_neighbor_targets=0
GRAB train batch 75: pair_ids shape=(16,), range=76..8563, coefficients shape=(16, 2), sample_weights shape=(16,), zero_neighbor_targets=0
GRAB train batch 76: pair_ids shape=(16,), range=193..10471, coefficients shape=(16, 2), sample_weights shape=(16,), zero_neighbor_targets=0
GRAB train batch 77: pair_ids shape=(8,), range=136..10994, coefficients shape=(8, 2), sample_weights shape=(8,), zero_neighbor_targets=0
VALIDATION
valid epoch balanced_accuracy: 0.452381
EPOCH 42:
GRAB train batch 1: pair_ids shape=(16,), range=91..9537, coefficients shape=(16, 2), sample_weights shape=(16,), zero_neighbor_targets=0
GRAB train batch 2: pair_ids shape=(16,), range=114..10935, coefficients shape=(16, 2), sample_weights shape=(16,), zero_neighbor_targets=0
GRAB train batch 3: pair_ids shape=(16,), range=68..10360, coefficients shape=(16, 2), sample_weights shape=(16,), zero_neighbor_targets=0
GRAB train batch 4: pair_ids shape=(16,), range=88..9739, coefficients shape=(16, 2), sample_weights shape=(16,), zero_neighbor_targets=0
GRAB train batch 5: pair_ids shape=(16,), range=11..10811, coefficients shape=(16, 2), sample_weights shape=(16,), zero_neighbor_targets=0
GRAB train batch 6: pair_ids shape=(16,), range=6..9224, coefficients shape=(16, 2), sample_weights shape=(16,), zero_neighbor_targets=0
GRAB train batch 7: pair_ids shape=(16,), range=18..10502, coefficients shape=(16, 2), sample_weights shape=(16,), zero_neighbor_targets=0
GRAB train batch 8: pair_ids shape=(16,), range=65..9088, coefficients shape=(16, 2), sample_weights shape=(16,), zero_neighbor_targets=0
GRAB train batch 9: pair_ids shape=(16,), range=67..10891, coefficients shape=(16, 2), sample_weights shape=(16,), zero_neighbor_targets=0
GRAB train batch 10: pair_ids shape=(16,), range=104..10537, coefficients shape=(16, 2), sample_weights shape=(16,), zero_neighbor_targets=0
GRAB train batch 11: pair_ids shape=(16,), range=26..10447, coefficients shape=(16, 2), sample_weights shape=(16,), zero_neighbor_targets=0
GRAB train batch 12: pair_ids shape=(16,), range=66..9995, coefficients shape=(16, 2), sample_weights shape=(16,), zero_neighbor_targets=0
GRAB train batch 13: pair_ids shape=(16,), range=100..9471, coefficients shape=(16, 2), sample_weights shape=(16,), zero_neighbor_targets=0
GRAB train batch 14: pair_ids shape=(16,), range=82..10817, coefficients shape=(16, 2), sample_weights shape=(16,), zero_neighbor_targets=0
GRAB train batch 15: pair_ids shape=(16,), range=79..10728, coefficients shape=(16, 2), sample_weights shape=(16,), zero_neighbor_targets=0
GRAB train batch 16: pair_ids shape=(16,), range=21..9228, coefficients shape=(16, 2), sample_weights shape=(16,), zero_neighbor_targets=0
GRAB train batch 17: pair_ids shape=(16,), range=12..10500, coefficients shape=(16, 2), sample_weights shape=(16,), zero_neighbor_targets=0
GRAB train batch 18: pair_ids shape=(16,), range=161..7221, coefficients shape=(16, 2), sample_weights shape=(16,), zero_neighbor_targets=0
GRAB train batch 19: pair_ids shape=(16,), range=160..10471, coefficients shape=(16, 2), sample_weights shape=(16,), zero_neighbor_targets=0
GRAB train batch 20: pair_ids shape=(16,), range=84..10851, coefficients shape=(16, 2), sample_weights shape=(16,), zero_neighbor_targets=0
GRAB train batch 21: pair_ids shape=(16,), range=93..9499, coefficients shape=(16, 2), sample_weights shape=(16,), zero_neighbor_targets=0
GRAB train batch 22: pair_ids shape=(16,), range=29..7863, coefficients shape=(16, 2), sample_weights shape=(16,), zero_neighbor_targets=0
GRAB train batch 23: pair_ids shape=(16,), range=214..9319, coefficients shape=(16, 2), sample_weights shape=(16,), zero_neighbor_targets=0
GRAB train batch 24: pair_ids shape=(16,), range=2..10205, coefficients shape=(16, 2), sample_weights shape=(16,), zero_neighbor_targets=0
GRAB train batch 25: pair_ids shape=(16,), range=130..10473, coefficients shape=(16, 2), sample_weights shape=(16,), zero_neighbor_targets=0
GRAB train batch 26: pair_ids shape=(16,), range=147..8671, coefficients shape=(16, 2), sample_weights shape=(16,), zero_neighbor_targets=0
GRAB train batch 27: pair_ids shape=(16,), range=5..8563, coefficients shape=(16, 2), sample_weights shape=(16,), zero_neighbor_targets=0
GRAB train batch 28: pair_ids shape=(16,), range=3..9478, coefficients shape=(16, 2), sample_weights shape=(16,), zero_neighbor_targets=0
GRAB train batch 29: pair_ids shape=(16,), range=34..10312, coefficients shape=(16, 2), sample_weights shape=(16,), zero_neighbor_targets=0
GRAB train batch 30: pair_ids shape=(16,), range=154..9956, coefficients shape=(16, 2), sample_weights shape=(16,), zero_neighbor_targets=0
GRAB train batch 31: pair_ids shape=(16,), range=271..10264, coefficients shape=(16, 2), sample_weights shape=(16,), zero_neighbor_targets=0
GRAB train batch 32: pair_ids shape=(16,), range=102..10627, coefficients shape=(16, 2), sample_weights shape=(16,), zero_neighbor_targets=0
GRAB train batch 33: pair_ids shape=(16,), range=10..10435, coefficients shape=(16, 2), sample_weights shape=(16,), zero_neighbor_targets=0
GRAB train batch 34: pair_ids shape=(16,), range=64..10800, coefficients shape=(16, 2), sample_weights shape=(16,), zero_neighbor_targets=0
GRAB train batch 35: pair_ids shape=(16,), range=86..5725, coefficients shape=(16, 2), sample_weights shape=(16,), zero_neighbor_targets=0
GRAB train batch 36: pair_ids shape=(16,), range=92..9818, coefficients shape=(16, 2), sample_weights shape=(16,), zero_neighbor_targets=0
GRAB train batch 37: pair_ids shape=(16,), range=137..10795, coefficients shape=(16, 2), sample_weights shape=(16,), zero_neighbor_targets=0
GRAB train batch 38: pair_ids shape=(16,), range=43..7497, coefficients shape=(16, 2), sample_weights shape=(16,), zero_neighbor_targets=0
GRAB train batch 39: pair_ids shape=(16,), range=108..10396, coefficients shape=(16, 2), sample_weights shape=(16,), zero_neighbor_targets=0
GRAB train batch 40: pair_ids shape=(16,), range=70..10522, coefficients shape=(16, 2), sample_weights shape=(16,), zero_neighbor_targets=0
GRAB train batch 41: pair_ids shape=(16,), range=111..10398, coefficients shape=(16, 2), sample_weights shape=(16,), zero_neighbor_targets=0
GRAB train batch 42: pair_ids shape=(16,), range=23..10988, coefficients shape=(16, 2), sample_weights shape=(16,), zero_neighbor_targets=0
GRAB train batch 43: pair_ids shape=(16,), range=139..10994, coefficients shape=(16, 2), sample_weights shape=(16,), zero_neighbor_targets=0
GRAB train batch 44: pair_ids shape=(16,), range=4..10237, coefficients shape=(16, 2), sample_weights shape=(16,), zero_neighbor_targets=0
GRAB train batch 45: pair_ids shape=(16,), range=145..10600, coefficients shape=(16, 2), sample_weights shape=(16,), zero_neighbor_targets=0
GRAB train batch 46: pair_ids shape=(16,), range=105..9500, coefficients shape=(16, 2), sample_weights shape=(16,), zero_neighbor_targets=0
GRAB train batch 47: pair_ids shape=(16,), range=144..9122, coefficients shape=(16, 2), sample_weights shape=(16,), zero_neighbor_targets=0
GRAB train batch 48: pair_ids shape=(16,), range=168..10772, coefficients shape=(16, 2), sample_weights shape=(16,), zero_neighbor_targets=0
GRAB train batch 49: pair_ids shape=(16,), range=14..9534, coefficients shape=(16, 2), sample_weights shape=(16,), zero_neighbor_targets=0
GRAB train batch 50: pair_ids shape=(16,), range=118..10987, coefficients shape=(16, 2), sample_weights shape=(16,), zero_neighbor_targets=0
GRAB train batch 51: pair_ids shape=(16,), range=155..9278, coefficients shape=(16, 2), sample_weights shape=(16,), zero_neighbor_targets=0
GRAB train batch 52: pair_ids shape=(16,), range=31..10331, coefficients shape=(16, 2), sample_weights shape=(16,), zero_neighbor_targets=0
GRAB train batch 53: pair_ids shape=(16,), range=15..9403, coefficients shape=(16, 2), sample_weights shape=(16,), zero_neighbor_targets=0
GRAB train batch 54: pair_ids shape=(16,), range=1..9608, coefficients shape=(16, 2), sample_weights shape=(16,), zero_neighbor_targets=0
GRAB train batch 55: pair_ids shape=(16,), range=126..10984, coefficients shape=(16, 2), sample_weights shape=(16,), zero_neighbor_targets=0
GRAB train batch 56: pair_ids shape=(16,), range=39..10475, coefficients shape=(16, 2), sample_weights shape=(16,), zero_neighbor_targets=0
GRAB train batch 57: pair_ids shape=(16,), range=30..10850, coefficients shape=(16, 2), sample_weights shape=(16,), zero_neighbor_targets=0
GRAB train batch 58: pair_ids shape=(16,), range=134..10764, coefficients shape=(16, 2), sample_weights shape=(16,), zero_neighbor_targets=0
GRAB train batch 59: pair_ids shape=(16,), range=72..10685, coefficients shape=(16, 2), sample_weights shape=(16,), zero_neighbor_targets=0
GRAB train batch 60: pair_ids shape=(16,), range=7..9704, coefficients shape=(16, 2), sample_weights shape=(16,), zero_neighbor_targets=0
GRAB train batch 61: pair_ids shape=(16,), range=149..9262, coefficients shape=(16, 2), sample_weights shape=(16,), zero_neighbor_targets=0
GRAB train batch 62: pair_ids shape=(16,), range=9..10248, coefficients shape=(16, 2), sample_weights shape=(16,), zero_neighbor_targets=0
GRAB train batch 63: pair_ids shape=(16,), range=35..9887, coefficients shape=(16, 2), sample_weights shape=(16,), zero_neighbor_targets=0
GRAB train batch 64: pair_ids shape=(16,), range=103..8594, coefficients shape=(16, 2), sample_weights shape=(16,), zero_neighbor_targets=0
GRAB train batch 65: pair_ids shape=(16,), range=78..6709, coefficients shape=(16, 2), sample_weights shape=(16,), zero_neighbor_targets=0
GRAB train batch 66: pair_ids shape=(16,), range=122..9892, coefficients shape=(16, 2), sample_weights shape=(16,), zero_neighbor_targets=0
GRAB train batch 67: pair_ids shape=(16,), range=8..10404, coefficients shape=(16, 2), sample_weights shape=(16,), zero_neighbor_targets=0
GRAB train batch 68: pair_ids shape=(16,), range=25..9186, coefficients shape=(16, 2), sample_weights shape=(16,), zero_neighbor_targets=0
GRAB train batch 69: pair_ids shape=(16,), range=0..10277, coefficients shape=(16, 2), sample_weights shape=(16,), zero_neighbor_targets=0
GRAB train batch 70: pair_ids shape=(16,), range=189..9387, coefficients shape=(16, 2), sample_weights shape=(16,), zero_neighbor_targets=0
GRAB train batch 71: pair_ids shape=(16,), range=27..10227, coefficients shape=(16, 2), sample_weights shape=(16,), zero_neighbor_targets=0
GRAB train batch 72: pair_ids shape=(16,), range=125..9333, coefficients shape=(16, 2), sample_weights shape=(16,), zero_neighbor_targets=0
GRAB train batch 73: pair_ids shape=(16,), range=16..10393, coefficients shape=(16, 2), sample_weights shape=(16,), zero_neighbor_targets=0
GRAB train batch 74: pair_ids shape=(16,), range=37..7940, coefficients shape=(16, 2), sample_weights shape=(16,), zero_neighbor_targets=0
GRAB train batch 75: pair_ids shape=(16,), range=97..10524, coefficients shape=(16, 2), sample_weights shape=(16,), zero_neighbor_targets=0
GRAB train batch 76: pair_ids shape=(16,), range=45..9090, coefficients shape=(16, 2), sample_weights shape=(16,), zero_neighbor_targets=0
GRAB train batch 77: pair_ids shape=(8,), range=71..6777, coefficients shape=(8, 2), sample_weights shape=(8,), zero_neighbor_targets=0
VALIDATION
valid epoch balanced_accuracy: 0.488095
EPOCH 43:
GRAB train batch 1: pair_ids shape=(16,), range=7..7536, coefficients shape=(16, 2), sample_weights shape=(16,), zero_neighbor_targets=0
GRAB train batch 2: pair_ids shape=(16,), range=127..10811, coefficients shape=(16, 2), sample_weights shape=(16,), zero_neighbor_targets=0
GRAB train batch 3: pair_ids shape=(16,), range=21..10537, coefficients shape=(16, 2), sample_weights shape=(16,), zero_neighbor_targets=0
GRAB train batch 4: pair_ids shape=(16,), range=8..10836, coefficients shape=(16, 2), sample_weights shape=(16,), zero_neighbor_targets=0
GRAB train batch 5: pair_ids shape=(16,), range=6..9036, coefficients shape=(16, 2), sample_weights shape=(16,), zero_neighbor_targets=0
GRAB train batch 6: pair_ids shape=(16,), range=42..9135, coefficients shape=(16, 2), sample_weights shape=(16,), zero_neighbor_targets=0
GRAB train batch 7: pair_ids shape=(16,), range=101..8858, coefficients shape=(16, 2), sample_weights shape=(16,), zero_neighbor_targets=0
GRAB train batch 8: pair_ids shape=(16,), range=88..9272, coefficients shape=(16, 2), sample_weights shape=(16,), zero_neighbor_targets=0
GRAB train batch 9: pair_ids shape=(16,), range=323..10299, coefficients shape=(16, 2), sample_weights shape=(16,), zero_neighbor_targets=0
GRAB train batch 10: pair_ids shape=(16,), range=37..10987, coefficients shape=(16, 2), sample_weights shape=(16,), zero_neighbor_targets=0
GRAB train batch 11: pair_ids shape=(16,), range=18..10237, coefficients shape=(16, 2), sample_weights shape=(16,), zero_neighbor_targets=0
GRAB train batch 12: pair_ids shape=(16,), range=35..10795, coefficients shape=(16, 2), sample_weights shape=(16,), zero_neighbor_targets=0
GRAB train batch 13: pair_ids shape=(16,), range=34..10850, coefficients shape=(16, 2), sample_weights shape=(16,), zero_neighbor_targets=0
GRAB train batch 14: pair_ids shape=(16,), range=0..9598, coefficients shape=(16, 2), sample_weights shape=(16,), zero_neighbor_targets=0
GRAB train batch 15: pair_ids shape=(16,), range=44..10225, coefficients shape=(16, 2), sample_weights shape=(16,), zero_neighbor_targets=0
GRAB train batch 16: pair_ids shape=(16,), range=24..9698, coefficients shape=(16, 2), sample_weights shape=(16,), zero_neighbor_targets=0
GRAB train batch 17: pair_ids shape=(16,), range=90..10027, coefficients shape=(16, 2), sample_weights shape=(16,), zero_neighbor_targets=0
GRAB train batch 18: pair_ids shape=(16,), range=159..10277, coefficients shape=(16, 2), sample_weights shape=(16,), zero_neighbor_targets=0
GRAB train batch 19: pair_ids shape=(16,), range=3..9262, coefficients shape=(16, 2), sample_weights shape=(16,), zero_neighbor_targets=0
GRAB train batch 20: pair_ids shape=(16,), range=86..10374, coefficients shape=(16, 2), sample_weights shape=(16,), zero_neighbor_targets=0
GRAB train batch 21: pair_ids shape=(16,), range=13..7923, coefficients shape=(16, 2), sample_weights shape=(16,), zero_neighbor_targets=0
GRAB train batch 22: pair_ids shape=(16,), range=67..9180, coefficients shape=(16, 2), sample_weights shape=(16,), zero_neighbor_targets=0
GRAB train batch 23: pair_ids shape=(16,), range=92..9887, coefficients shape=(16, 2), sample_weights shape=(16,), zero_neighbor_targets=0
GRAB train batch 24: pair_ids shape=(16,), range=14..8563, coefficients shape=(16, 2), sample_weights shape=(16,), zero_neighbor_targets=0
GRAB train batch 25: pair_ids shape=(16,), range=71..10764, coefficients shape=(16, 2), sample_weights shape=(16,), zero_neighbor_targets=0
GRAB train batch 26: pair_ids shape=(16,), range=93..10685, coefficients shape=(16, 2), sample_weights shape=(16,), zero_neighbor_targets=0
GRAB train batch 27: pair_ids shape=(16,), range=25..9954, coefficients shape=(16, 2), sample_weights shape=(16,), zero_neighbor_targets=0
GRAB train batch 28: pair_ids shape=(16,), range=41..7879, coefficients shape=(16, 2), sample_weights shape=(16,), zero_neighbor_targets=0
GRAB train batch 29: pair_ids shape=(16,), range=84..8729, coefficients shape=(16, 2), sample_weights shape=(16,), zero_neighbor_targets=0
GRAB train batch 30: pair_ids shape=(16,), range=175..10742, coefficients shape=(16, 2), sample_weights shape=(16,), zero_neighbor_targets=0
GRAB train batch 31: pair_ids shape=(16,), range=45..6639, coefficients shape=(16, 2), sample_weights shape=(16,), zero_neighbor_targets=0
GRAB train batch 32: pair_ids shape=(16,), range=124..7872, coefficients shape=(16, 2), sample_weights shape=(16,), zero_neighbor_targets=0
GRAB train batch 33: pair_ids shape=(16,), range=17..9739, coefficients shape=(16, 2), sample_weights shape=(16,), zero_neighbor_targets=0
GRAB train batch 34: pair_ids shape=(16,), range=80..10988, coefficients shape=(16, 2), sample_weights shape=(16,), zero_neighbor_targets=0
GRAB train batch 35: pair_ids shape=(16,), range=122..10600, coefficients shape=(16, 2), sample_weights shape=(16,), zero_neighbor_targets=0
GRAB train batch 36: pair_ids shape=(16,), range=169..10891, coefficients shape=(16, 2), sample_weights shape=(16,), zero_neighbor_targets=0
GRAB train batch 37: pair_ids shape=(16,), range=32..9478, coefficients shape=(16, 2), sample_weights shape=(16,), zero_neighbor_targets=0
GRAB train batch 38: pair_ids shape=(16,), range=1..4209, coefficients shape=(16, 2), sample_weights shape=(16,), zero_neighbor_targets=0
GRAB train batch 39: pair_ids shape=(16,), range=255..8668, coefficients shape=(16, 2), sample_weights shape=(16,), zero_neighbor_targets=0
GRAB train batch 40: pair_ids shape=(16,), range=10..10994, coefficients shape=(16, 2), sample_weights shape=(16,), zero_neighbor_targets=0
GRAB train batch 41: pair_ids shape=(16,), range=15..8579, coefficients shape=(16, 2), sample_weights shape=(16,), zero_neighbor_targets=0
GRAB train batch 42: pair_ids shape=(16,), range=284..9500, coefficients shape=(16, 2), sample_weights shape=(16,), zero_neighbor_targets=0
GRAB train batch 43: pair_ids shape=(16,), range=66..10331, coefficients shape=(16, 2), sample_weights shape=(16,), zero_neighbor_targets=0
GRAB train batch 44: pair_ids shape=(16,), range=77..9913, coefficients shape=(16, 2), sample_weights shape=(16,), zero_neighbor_targets=0
GRAB train batch 45: pair_ids shape=(16,), range=20..10447, coefficients shape=(16, 2), sample_weights shape=(16,), zero_neighbor_targets=0
GRAB train batch 46: pair_ids shape=(16,), range=70..9088, coefficients shape=(16, 2), sample_weights shape=(16,), zero_neighbor_targets=0
GRAB train batch 47: pair_ids shape=(16,), range=96..10522, coefficients shape=(16, 2), sample_weights shape=(16,), zero_neighbor_targets=0
GRAB train batch 48: pair_ids shape=(16,), range=5..9840, coefficients shape=(16, 2), sample_weights shape=(16,), zero_neighbor_targets=0
GRAB train batch 49: pair_ids shape=(16,), range=173..10728, coefficients shape=(16, 2), sample_weights shape=(16,), zero_neighbor_targets=0
GRAB train batch 50: pair_ids shape=(16,), range=167..10362, coefficients shape=(16, 2), sample_weights shape=(16,), zero_neighbor_targets=0
GRAB train batch 51: pair_ids shape=(16,), range=192..10817, coefficients shape=(16, 2), sample_weights shape=(16,), zero_neighbor_targets=0
GRAB train batch 52: pair_ids shape=(16,), range=186..9146, coefficients shape=(16, 2), sample_weights shape=(16,), zero_neighbor_targets=0
GRAB train batch 53: pair_ids shape=(16,), range=23..10524, coefficients shape=(16, 2), sample_weights shape=(16,), zero_neighbor_targets=0
GRAB train batch 54: pair_ids shape=(16,), range=106..9534, coefficients shape=(16, 2), sample_weights shape=(16,), zero_neighbor_targets=0
GRAB train batch 55: pair_ids shape=(16,), range=114..9914, coefficients shape=(16, 2), sample_weights shape=(16,), zero_neighbor_targets=0
GRAB train batch 56: pair_ids shape=(16,), range=91..10411, coefficients shape=(16, 2), sample_weights shape=(16,), zero_neighbor_targets=0
GRAB train batch 57: pair_ids shape=(16,), range=95..10453, coefficients shape=(16, 2), sample_weights shape=(16,), zero_neighbor_targets=0
GRAB train batch 58: pair_ids shape=(16,), range=36..10627, coefficients shape=(16, 2), sample_weights shape=(16,), zero_neighbor_targets=0
GRAB train batch 59: pair_ids shape=(16,), range=4..10384, coefficients shape=(16, 2), sample_weights shape=(16,), zero_neighbor_targets=0
GRAB train batch 60: pair_ids shape=(16,), range=180..10471, coefficients shape=(16, 2), sample_weights shape=(16,), zero_neighbor_targets=0
GRAB train batch 61: pair_ids shape=(16,), range=28..10984, coefficients shape=(16, 2), sample_weights shape=(16,), zero_neighbor_targets=0
GRAB train batch 62: pair_ids shape=(16,), range=26..7975, coefficients shape=(16, 2), sample_weights shape=(16,), zero_neighbor_targets=0
GRAB train batch 63: pair_ids shape=(16,), range=2..10800, coefficients shape=(16, 2), sample_weights shape=(16,), zero_neighbor_targets=0
GRAB train batch 64: pair_ids shape=(16,), range=30..8521, coefficients shape=(16, 2), sample_weights shape=(16,), zero_neighbor_targets=0
GRAB train batch 65: pair_ids shape=(16,), range=163..9319, coefficients shape=(16, 2), sample_weights shape=(16,), zero_neighbor_targets=0
GRAB train batch 66: pair_ids shape=(16,), range=152..9795, coefficients shape=(16, 2), sample_weights shape=(16,), zero_neighbor_targets=0
GRAB train batch 67: pair_ids shape=(16,), range=135..10502, coefficients shape=(16, 2), sample_weights shape=(16,), zero_neighbor_targets=0
GRAB train batch 68: pair_ids shape=(16,), range=142..10590, coefficients shape=(16, 2), sample_weights shape=(16,), zero_neighbor_targets=0
GRAB train batch 69: pair_ids shape=(16,), range=31..8670, coefficients shape=(16, 2), sample_weights shape=(16,), zero_neighbor_targets=0
GRAB train batch 70: pair_ids shape=(16,), range=141..10935, coefficients shape=(16, 2), sample_weights shape=(16,), zero_neighbor_targets=0
GRAB train batch 71: pair_ids shape=(16,), range=162..10475, coefficients shape=(16, 2), sample_weights shape=(16,), zero_neighbor_targets=0
GRAB train batch 72: pair_ids shape=(16,), range=12..10205, coefficients shape=(16, 2), sample_weights shape=(16,), zero_neighbor_targets=0
GRAB train batch 73: pair_ids shape=(16,), range=22..9220, coefficients shape=(16, 2), sample_weights shape=(16,), zero_neighbor_targets=0
GRAB train batch 74: pair_ids shape=(16,), range=138..9278, coefficients shape=(16, 2), sample_weights shape=(16,), zero_neighbor_targets=0
GRAB train batch 75: pair_ids shape=(16,), range=65..9535, coefficients shape=(16, 2), sample_weights shape=(16,), zero_neighbor_targets=0
GRAB train batch 76: pair_ids shape=(16,), range=76..10500, coefficients shape=(16, 2), sample_weights shape=(16,), zero_neighbor_targets=0
GRAB train batch 77: pair_ids shape=(8,), range=27..8658, coefficients shape=(8, 2), sample_weights shape=(8,), zero_neighbor_targets=0
VALIDATION
valid epoch balanced_accuracy: 0.464286
EPOCH 44:
GRAB train batch 1: pair_ids shape=(16,), range=107..9488, coefficients shape=(16, 2), sample_weights shape=(16,), zero_neighbor_targets=0
GRAB train batch 2: pair_ids shape=(16,), range=201..10277, coefficients shape=(16, 2), sample_weights shape=(16,), zero_neighbor_targets=0
GRAB train batch 3: pair_ids shape=(16,), range=86..8658, coefficients shape=(16, 2), sample_weights shape=(16,), zero_neighbor_targets=0
GRAB train batch 4: pair_ids shape=(16,), range=109..9471, coefficients shape=(16, 2), sample_weights shape=(16,), zero_neighbor_targets=0
GRAB train batch 5: pair_ids shape=(16,), range=2..10473, coefficients shape=(16, 2), sample_weights shape=(16,), zero_neighbor_targets=0
GRAB train batch 6: pair_ids shape=(16,), range=12..10471, coefficients shape=(16, 2), sample_weights shape=(16,), zero_neighbor_targets=0
GRAB train batch 7: pair_ids shape=(16,), range=249..10227, coefficients shape=(16, 2), sample_weights shape=(16,), zero_neighbor_targets=0
GRAB train batch 8: pair_ids shape=(16,), range=68..10374, coefficients shape=(16, 2), sample_weights shape=(16,), zero_neighbor_targets=0
GRAB train batch 9: pair_ids shape=(16,), range=14..9704, coefficients shape=(16, 2), sample_weights shape=(16,), zero_neighbor_targets=0
GRAB train batch 10: pair_ids shape=(16,), range=21..10398, coefficients shape=(16, 2), sample_weights shape=(16,), zero_neighbor_targets=0
GRAB train batch 11: pair_ids shape=(16,), range=7..9036, coefficients shape=(16, 2), sample_weights shape=(16,), zero_neighbor_targets=0
GRAB train batch 12: pair_ids shape=(16,), range=37..7619, coefficients shape=(16, 2), sample_weights shape=(16,), zero_neighbor_targets=0
GRAB train batch 13: pair_ids shape=(16,), range=89..10742, coefficients shape=(16, 2), sample_weights shape=(16,), zero_neighbor_targets=0
GRAB train batch 14: pair_ids shape=(16,), range=24..10524, coefficients shape=(16, 2), sample_weights shape=(16,), zero_neighbor_targets=0
GRAB train batch 15: pair_ids shape=(16,), range=69..9159, coefficients shape=(16, 2), sample_weights shape=(16,), zero_neighbor_targets=0
GRAB train batch 16: pair_ids shape=(16,), range=106..9795, coefficients shape=(16, 2), sample_weights shape=(16,), zero_neighbor_targets=0
GRAB train batch 17: pair_ids shape=(16,), range=101..10984, coefficients shape=(16, 2), sample_weights shape=(16,), zero_neighbor_targets=0
GRAB train batch 18: pair_ids shape=(16,), range=108..10384, coefficients shape=(16, 2), sample_weights shape=(16,), zero_neighbor_targets=0
GRAB train batch 19: pair_ids shape=(16,), range=95..10795, coefficients shape=(16, 2), sample_weights shape=(16,), zero_neighbor_targets=0
GRAB train batch 20: pair_ids shape=(16,), range=130..10988, coefficients shape=(16, 2), sample_weights shape=(16,), zero_neighbor_targets=0
GRAB train batch 21: pair_ids shape=(16,), range=436..10502, coefficients shape=(16, 2), sample_weights shape=(16,), zero_neighbor_targets=0
GRAB train batch 22: pair_ids shape=(16,), range=84..10264, coefficients shape=(16, 2), sample_weights shape=(16,), zero_neighbor_targets=0
GRAB train batch 23: pair_ids shape=(16,), range=64..10205, coefficients shape=(16, 2), sample_weights shape=(16,), zero_neighbor_targets=0
GRAB train batch 24: pair_ids shape=(16,), range=40..9319, coefficients shape=(16, 2), sample_weights shape=(16,), zero_neighbor_targets=0
GRAB train batch 25: pair_ids shape=(16,), range=96..9224, coefficients shape=(16, 2), sample_weights shape=(16,), zero_neighbor_targets=0
GRAB train batch 26: pair_ids shape=(16,), range=82..9176, coefficients shape=(16, 2), sample_weights shape=(16,), zero_neighbor_targets=0
GRAB train batch 27: pair_ids shape=(16,), range=170..10435, coefficients shape=(16, 2), sample_weights shape=(16,), zero_neighbor_targets=0
GRAB train batch 28: pair_ids shape=(16,), range=212..7448, coefficients shape=(16, 2), sample_weights shape=(16,), zero_neighbor_targets=0
GRAB train batch 29: pair_ids shape=(16,), range=43..10627, coefficients shape=(16, 2), sample_weights shape=(16,), zero_neighbor_targets=0
GRAB train batch 30: pair_ids shape=(16,), range=16..10360, coefficients shape=(16, 2), sample_weights shape=(16,), zero_neighbor_targets=0
GRAB train batch 31: pair_ids shape=(16,), range=41..10462, coefficients shape=(16, 2), sample_weights shape=(16,), zero_neighbor_targets=0
GRAB train batch 32: pair_ids shape=(16,), range=1..10891, coefficients shape=(16, 2), sample_weights shape=(16,), zero_neighbor_targets=0
GRAB train batch 33: pair_ids shape=(16,), range=19..8671, coefficients shape=(16, 2), sample_weights shape=(16,), zero_neighbor_targets=0
GRAB train batch 34: pair_ids shape=(16,), range=147..9956, coefficients shape=(16, 2), sample_weights shape=(16,), zero_neighbor_targets=0
GRAB train batch 35: pair_ids shape=(16,), range=66..9147, coefficients shape=(16, 2), sample_weights shape=(16,), zero_neighbor_targets=0
GRAB train batch 36: pair_ids shape=(16,), range=75..10537, coefficients shape=(16, 2), sample_weights shape=(16,), zero_neighbor_targets=0
GRAB train batch 37: pair_ids shape=(16,), range=146..10685, coefficients shape=(16, 2), sample_weights shape=(16,), zero_neighbor_targets=0
GRAB train batch 38: pair_ids shape=(16,), range=39..9727, coefficients shape=(16, 2), sample_weights shape=(16,), zero_neighbor_targets=0
GRAB train batch 39: pair_ids shape=(16,), range=80..10851, coefficients shape=(16, 2), sample_weights shape=(16,), zero_neighbor_targets=0
GRAB train batch 40: pair_ids shape=(16,), range=11..9954, coefficients shape=(16, 2), sample_weights shape=(16,), zero_neighbor_targets=0
GRAB train batch 41: pair_ids shape=(16,), range=25..10935, coefficients shape=(16, 2), sample_weights shape=(16,), zero_neighbor_targets=0
GRAB train batch 42: pair_ids shape=(16,), range=180..9278, coefficients shape=(16, 2), sample_weights shape=(16,), zero_neighbor_targets=0
GRAB train batch 43: pair_ids shape=(16,), range=105..10850, coefficients shape=(16, 2), sample_weights shape=(16,), zero_neighbor_targets=0
GRAB train batch 44: pair_ids shape=(16,), range=368..8978, coefficients shape=(16, 2), sample_weights shape=(16,), zero_neighbor_targets=0
GRAB train batch 45: pair_ids shape=(16,), range=76..10411, coefficients shape=(16, 2), sample_weights shape=(16,), zero_neighbor_targets=0
GRAB train batch 46: pair_ids shape=(16,), range=17..10728, coefficients shape=(16, 2), sample_weights shape=(16,), zero_neighbor_targets=0
GRAB train batch 47: pair_ids shape=(16,), range=125..10817, coefficients shape=(16, 2), sample_weights shape=(16,), zero_neighbor_targets=0
GRAB train batch 48: pair_ids shape=(16,), range=127..10170, coefficients shape=(16, 2), sample_weights shape=(16,), zero_neighbor_targets=0
GRAB train batch 49: pair_ids shape=(16,), range=26..9122, coefficients shape=(16, 2), sample_weights shape=(16,), zero_neighbor_targets=0
GRAB train batch 50: pair_ids shape=(16,), range=3..10987, coefficients shape=(16, 2), sample_weights shape=(16,), zero_neighbor_targets=0
GRAB train batch 51: pair_ids shape=(16,), range=13..10836, coefficients shape=(16, 2), sample_weights shape=(16,), zero_neighbor_targets=0
GRAB train batch 52: pair_ids shape=(16,), range=243..9914, coefficients shape=(16, 2), sample_weights shape=(16,), zero_neighbor_targets=0
GRAB train batch 53: pair_ids shape=(16,), range=83..10994, coefficients shape=(16, 2), sample_weights shape=(16,), zero_neighbor_targets=0
GRAB train batch 54: pair_ids shape=(16,), range=73..9822, coefficients shape=(16, 2), sample_weights shape=(16,), zero_neighbor_targets=0
GRAB train batch 55: pair_ids shape=(16,), range=388..10299, coefficients shape=(16, 2), sample_weights shape=(16,), zero_neighbor_targets=0
GRAB train batch 56: pair_ids shape=(16,), range=44..10331, coefficients shape=(16, 2), sample_weights shape=(16,), zero_neighbor_targets=0
GRAB train batch 57: pair_ids shape=(16,), range=22..10500, coefficients shape=(16, 2), sample_weights shape=(16,), zero_neighbor_targets=0
GRAB train batch 58: pair_ids shape=(16,), range=34..10312, coefficients shape=(16, 2), sample_weights shape=(16,), zero_neighbor_targets=0
GRAB train batch 59: pair_ids shape=(16,), range=10..5725, coefficients shape=(16, 2), sample_weights shape=(16,), zero_neighbor_targets=0
GRAB train batch 60: pair_ids shape=(16,), range=30..10005, coefficients shape=(16, 2), sample_weights shape=(16,), zero_neighbor_targets=0
GRAB train batch 61: pair_ids shape=(16,), range=28..10811, coefficients shape=(16, 2), sample_weights shape=(16,), zero_neighbor_targets=0
GRAB train batch 62: pair_ids shape=(16,), range=0..9537, coefficients shape=(16, 2), sample_weights shape=(16,), zero_neighbor_targets=0
GRAB train batch 63: pair_ids shape=(16,), range=18..9333, coefficients shape=(16, 2), sample_weights shape=(16,), zero_neighbor_targets=0
GRAB train batch 64: pair_ids shape=(16,), range=23..9146, coefficients shape=(16, 2), sample_weights shape=(16,), zero_neighbor_targets=0
GRAB train batch 65: pair_ids shape=(16,), range=111..9045, coefficients shape=(16, 2), sample_weights shape=(16,), zero_neighbor_targets=0
GRAB train batch 66: pair_ids shape=(16,), range=113..10225, coefficients shape=(16, 2), sample_weights shape=(16,), zero_neighbor_targets=0
GRAB train batch 67: pair_ids shape=(16,), range=114..9478, coefficients shape=(16, 2), sample_weights shape=(16,), zero_neighbor_targets=0
GRAB train batch 68: pair_ids shape=(16,), range=36..9937, coefficients shape=(16, 2), sample_weights shape=(16,), zero_neighbor_targets=0
GRAB train batch 69: pair_ids shape=(16,), range=4..9499, coefficients shape=(16, 2), sample_weights shape=(16,), zero_neighbor_targets=0
GRAB train batch 70: pair_ids shape=(16,), range=6..9598, coefficients shape=(16, 2), sample_weights shape=(16,), zero_neighbor_targets=0
GRAB train batch 71: pair_ids shape=(16,), range=20..10396, coefficients shape=(16, 2), sample_weights shape=(16,), zero_neighbor_targets=0
GRAB train batch 72: pair_ids shape=(16,), range=65..6156, coefficients shape=(16, 2), sample_weights shape=(16,), zero_neighbor_targets=0
GRAB train batch 73: pair_ids shape=(16,), range=162..10662, coefficients shape=(16, 2), sample_weights shape=(16,), zero_neighbor_targets=0
GRAB train batch 74: pair_ids shape=(16,), range=118..9170, coefficients shape=(16, 2), sample_weights shape=(16,), zero_neighbor_targets=0
GRAB train batch 75: pair_ids shape=(16,), range=8..10800, coefficients shape=(16, 2), sample_weights shape=(16,), zero_neighbor_targets=0
GRAB train batch 76: pair_ids shape=(16,), range=132..7987, coefficients shape=(16, 2), sample_weights shape=(16,), zero_neighbor_targets=0
GRAB train batch 77: pair_ids shape=(8,), range=152..8841, coefficients shape=(8, 2), sample_weights shape=(8,), zero_neighbor_targets=0
VALIDATION
valid epoch balanced_accuracy: 0.193223
EPOCH 45:
GRAB train batch 1: pair_ids shape=(16,), range=20..10009, coefficients shape=(16, 2), sample_weights shape=(16,), zero_neighbor_targets=0
GRAB train batch 2: pair_ids shape=(16,), range=113..10453, coefficients shape=(16, 2), sample_weights shape=(16,), zero_neighbor_targets=0
GRAB train batch 3: pair_ids shape=(16,), range=93..10537, coefficients shape=(16, 2), sample_weights shape=(16,), zero_neighbor_targets=0
GRAB train batch 4: pair_ids shape=(16,), range=96..10447, coefficients shape=(16, 2), sample_weights shape=(16,), zero_neighbor_targets=0
GRAB train batch 5: pair_ids shape=(16,), range=5..10935, coefficients shape=(16, 2), sample_weights shape=(16,), zero_neighbor_targets=0
GRAB train batch 6: pair_ids shape=(16,), range=42..8928, coefficients shape=(16, 2), sample_weights shape=(16,), zero_neighbor_targets=0
GRAB train batch 7: pair_ids shape=(16,), range=100..8903, coefficients shape=(16, 2), sample_weights shape=(16,), zero_neighbor_targets=0
GRAB train batch 8: pair_ids shape=(16,), range=68..10404, coefficients shape=(16, 2), sample_weights shape=(16,), zero_neighbor_targets=0
GRAB train batch 9: pair_ids shape=(16,), range=251..8210, coefficients shape=(16, 2), sample_weights shape=(16,), zero_neighbor_targets=0
GRAB train batch 10: pair_ids shape=(16,), range=138..10170, coefficients shape=(16, 2), sample_weights shape=(16,), zero_neighbor_targets=0
GRAB train batch 11: pair_ids shape=(16,), range=6..9608, coefficients shape=(16, 2), sample_weights shape=(16,), zero_neighbor_targets=0
GRAB train batch 12: pair_ids shape=(16,), range=34..8876, coefficients shape=(16, 2), sample_weights shape=(16,), zero_neighbor_targets=0
GRAB train batch 13: pair_ids shape=(16,), range=86..10850, coefficients shape=(16, 2), sample_weights shape=(16,), zero_neighbor_targets=0
GRAB train batch 14: pair_ids shape=(16,), range=103..9170, coefficients shape=(16, 2), sample_weights shape=(16,), zero_neighbor_targets=0
GRAB train batch 15: pair_ids shape=(16,), range=2..8841, coefficients shape=(16, 2), sample_weights shape=(16,), zero_neighbor_targets=0
GRAB train batch 16: pair_ids shape=(16,), range=45..8233, coefficients shape=(16, 2), sample_weights shape=(16,), zero_neighbor_targets=0
GRAB train batch 17: pair_ids shape=(16,), range=18..7346, coefficients shape=(16, 2), sample_weights shape=(16,), zero_neighbor_targets=0
GRAB train batch 18: pair_ids shape=(16,), range=71..10462, coefficients shape=(16, 2), sample_weights shape=(16,), zero_neighbor_targets=0
GRAB train batch 19: pair_ids shape=(16,), range=147..10836, coefficients shape=(16, 2), sample_weights shape=(16,), zero_neighbor_targets=0
GRAB train batch 20: pair_ids shape=(16,), range=32..10396, coefficients shape=(16, 2), sample_weights shape=(16,), zero_neighbor_targets=0
GRAB train batch 21: pair_ids shape=(16,), range=116..10277, coefficients shape=(16, 2), sample_weights shape=(16,), zero_neighbor_targets=0
GRAB train batch 22: pair_ids shape=(16,), range=9..9818, coefficients shape=(16, 2), sample_weights shape=(16,), zero_neighbor_targets=0
GRAB train batch 23: pair_ids shape=(16,), range=10..8579, coefficients shape=(16, 2), sample_weights shape=(16,), zero_neighbor_targets=0
GRAB train batch 24: pair_ids shape=(16,), range=28..10362, coefficients shape=(16, 2), sample_weights shape=(16,), zero_neighbor_targets=0
GRAB train batch 25: pair_ids shape=(16,), range=0..10987, coefficients shape=(16, 2), sample_weights shape=(16,), zero_neighbor_targets=0
GRAB train batch 26: pair_ids shape=(16,), range=1..10222, coefficients shape=(16, 2), sample_weights shape=(16,), zero_neighbor_targets=0
GRAB train batch 27: pair_ids shape=(16,), range=67..9224, coefficients shape=(16, 2), sample_weights shape=(16,), zero_neighbor_targets=0
GRAB train batch 28: pair_ids shape=(16,), range=14..9319, coefficients shape=(16, 2), sample_weights shape=(16,), zero_neighbor_targets=0
GRAB train batch 29: pair_ids shape=(16,), range=38..9995, coefficients shape=(16, 2), sample_weights shape=(16,), zero_neighbor_targets=0
GRAB train batch 30: pair_ids shape=(16,), range=207..10360, coefficients shape=(16, 2), sample_weights shape=(16,), zero_neighbor_targets=0
GRAB train batch 31: pair_ids shape=(16,), range=98..9088, coefficients shape=(16, 2), sample_weights shape=(16,), zero_neighbor_targets=0
GRAB train batch 32: pair_ids shape=(16,), range=204..9739, coefficients shape=(16, 2), sample_weights shape=(16,), zero_neighbor_targets=0
GRAB train batch 33: pair_ids shape=(16,), range=11..7894, coefficients shape=(16, 2), sample_weights shape=(16,), zero_neighbor_targets=0
GRAB train batch 34: pair_ids shape=(16,), range=105..9498, coefficients shape=(16, 2), sample_weights shape=(16,), zero_neighbor_targets=0
GRAB train batch 35: pair_ids shape=(16,), range=7..10331, coefficients shape=(16, 2), sample_weights shape=(16,), zero_neighbor_targets=0
GRAB train batch 36: pair_ids shape=(16,), range=66..9007, coefficients shape=(16, 2), sample_weights shape=(16,), zero_neighbor_targets=0
GRAB train batch 37: pair_ids shape=(16,), range=15..10772, coefficients shape=(16, 2), sample_weights shape=(16,), zero_neighbor_targets=0
GRAB train batch 38: pair_ids shape=(16,), range=163..9954, coefficients shape=(16, 2), sample_weights shape=(16,), zero_neighbor_targets=0
GRAB train batch 39: pair_ids shape=(16,), range=108..10522, coefficients shape=(16, 2), sample_weights shape=(16,), zero_neighbor_targets=0
GRAB train batch 40: pair_ids shape=(16,), range=43..8521, coefficients shape=(16, 2), sample_weights shape=(16,), zero_neighbor_targets=0
GRAB train batch 41: pair_ids shape=(16,), range=69..8731, coefficients shape=(16, 2), sample_weights shape=(16,), zero_neighbor_targets=0
GRAB train batch 42: pair_ids shape=(16,), range=8..7522, coefficients shape=(16, 2), sample_weights shape=(16,), zero_neighbor_targets=0
GRAB train batch 43: pair_ids shape=(16,), range=178..10435, coefficients shape=(16, 2), sample_weights shape=(16,), zero_neighbor_targets=0
GRAB train batch 44: pair_ids shape=(16,), range=19..10685, coefficients shape=(16, 2), sample_weights shape=(16,), zero_neighbor_targets=0
GRAB train batch 45: pair_ids shape=(16,), range=64..7552, coefficients shape=(16, 2), sample_weights shape=(16,), zero_neighbor_targets=0
GRAB train batch 46: pair_ids shape=(16,), range=259..10502, coefficients shape=(16, 2), sample_weights shape=(16,), zero_neighbor_targets=0
GRAB train batch 47: pair_ids shape=(16,), range=35..10374, coefficients shape=(16, 2), sample_weights shape=(16,), zero_neighbor_targets=0
GRAB train batch 48: pair_ids shape=(16,), range=111..10988, coefficients shape=(16, 2), sample_weights shape=(16,), zero_neighbor_targets=0
GRAB train batch 49: pair_ids shape=(16,), range=129..9027, coefficients shape=(16, 2), sample_weights shape=(16,), zero_neighbor_targets=0
GRAB train batch 50: pair_ids shape=(16,), range=29..9180, coefficients shape=(16, 2), sample_weights shape=(16,), zero_neighbor_targets=0
GRAB train batch 51: pair_ids shape=(16,), range=13..6499, coefficients shape=(16, 2), sample_weights shape=(16,), zero_neighbor_targets=0
GRAB train batch 52: pair_ids shape=(16,), range=77..10994, coefficients shape=(16, 2), sample_weights shape=(16,), zero_neighbor_targets=0
GRAB train batch 53: pair_ids shape=(16,), range=114..10764, coefficients shape=(16, 2), sample_weights shape=(16,), zero_neighbor_targets=0
GRAB train batch 54: pair_ids shape=(16,), range=91..10728, coefficients shape=(16, 2), sample_weights shape=(16,), zero_neighbor_targets=0
GRAB train batch 55: pair_ids shape=(16,), range=130..10984, coefficients shape=(16, 2), sample_weights shape=(16,), zero_neighbor_targets=0
GRAB train batch 56: pair_ids shape=(16,), range=200..9333, coefficients shape=(16, 2), sample_weights shape=(16,), zero_neighbor_targets=0
GRAB train batch 57: pair_ids shape=(16,), range=78..6246, coefficients shape=(16, 2), sample_weights shape=(16,), zero_neighbor_targets=0
GRAB train batch 58: pair_ids shape=(16,), range=12..10817, coefficients shape=(16, 2), sample_weights shape=(16,), zero_neighbor_targets=0
GRAB train batch 59: pair_ids shape=(16,), range=65..6182, coefficients shape=(16, 2), sample_weights shape=(16,), zero_neighbor_targets=0
GRAB train batch 60: pair_ids shape=(16,), range=27..9228, coefficients shape=(16, 2), sample_weights shape=(16,), zero_neighbor_targets=0
GRAB train batch 61: pair_ids shape=(16,), range=90..9892, coefficients shape=(16, 2), sample_weights shape=(16,), zero_neighbor_targets=0
GRAB train batch 62: pair_ids shape=(16,), range=16..10524, coefficients shape=(16, 2), sample_weights shape=(16,), zero_neighbor_targets=0
GRAB train batch 63: pair_ids shape=(16,), range=206..10027, coefficients shape=(16, 2), sample_weights shape=(16,), zero_neighbor_targets=0
GRAB train batch 64: pair_ids shape=(16,), range=24..9272, coefficients shape=(16, 2), sample_weights shape=(16,), zero_neighbor_targets=0
GRAB train batch 65: pair_ids shape=(16,), range=88..9196, coefficients shape=(16, 2), sample_weights shape=(16,), zero_neighbor_targets=0
GRAB train batch 66: pair_ids shape=(16,), range=26..10742, coefficients shape=(16, 2), sample_weights shape=(16,), zero_neighbor_targets=0
GRAB train batch 67: pair_ids shape=(16,), range=17..9499, coefficients shape=(16, 2), sample_weights shape=(16,), zero_neighbor_targets=0
GRAB train batch 68: pair_ids shape=(16,), range=135..10473, coefficients shape=(16, 2), sample_weights shape=(16,), zero_neighbor_targets=0
GRAB train batch 69: pair_ids shape=(16,), range=74..10800, coefficients shape=(16, 2), sample_weights shape=(16,), zero_neighbor_targets=0
GRAB train batch 70: pair_ids shape=(16,), range=23..9090, coefficients shape=(16, 2), sample_weights shape=(16,), zero_neighbor_targets=0
GRAB train batch 71: pair_ids shape=(16,), range=31..10795, coefficients shape=(16, 2), sample_weights shape=(16,), zero_neighbor_targets=0
GRAB train batch 72: pair_ids shape=(16,), range=81..10600, coefficients shape=(16, 2), sample_weights shape=(16,), zero_neighbor_targets=0
GRAB train batch 73: pair_ids shape=(16,), range=21..10891, coefficients shape=(16, 2), sample_weights shape=(16,), zero_neighbor_targets=0
GRAB train batch 74: pair_ids shape=(16,), range=87..8563, coefficients shape=(16, 2), sample_weights shape=(16,), zero_neighbor_targets=0
GRAB train batch 75: pair_ids shape=(16,), range=3..8915, coefficients shape=(16, 2), sample_weights shape=(16,), zero_neighbor_targets=0
GRAB train batch 76: pair_ids shape=(16,), range=72..10811, coefficients shape=(16, 2), sample_weights shape=(16,), zero_neighbor_targets=0
GRAB train batch 77: pair_ids shape=(8,), range=153..10851, coefficients shape=(8, 2), sample_weights shape=(8,), zero_neighbor_targets=0
VALIDATION
valid epoch balanced_accuracy: 0.276557
EPOCH 46:
GRAB train batch 1: pair_ids shape=(16,), range=21..9892, coefficients shape=(16, 2), sample_weights shape=(16,), zero_neighbor_targets=0
GRAB train batch 2: pair_ids shape=(16,), range=25..9504, coefficients shape=(16, 2), sample_weights shape=(16,), zero_neighbor_targets=0
GRAB train batch 3: pair_ids shape=(16,), range=9..9180, coefficients shape=(16, 2), sample_weights shape=(16,), zero_neighbor_targets=0
GRAB train batch 4: pair_ids shape=(16,), range=276..10009, coefficients shape=(16, 2), sample_weights shape=(16,), zero_neighbor_targets=0
GRAB train batch 5: pair_ids shape=(16,), range=24..9840, coefficients shape=(16, 2), sample_weights shape=(16,), zero_neighbor_targets=0
GRAB train batch 6: pair_ids shape=(16,), range=45..10742, coefficients shape=(16, 2), sample_weights shape=(16,), zero_neighbor_targets=0
GRAB train batch 7: pair_ids shape=(16,), range=252..10627, coefficients shape=(16, 2), sample_weights shape=(16,), zero_neighbor_targets=0
GRAB train batch 8: pair_ids shape=(16,), range=23..10404, coefficients shape=(16, 2), sample_weights shape=(16,), zero_neighbor_targets=0
GRAB train batch 9: pair_ids shape=(16,), range=117..10817, coefficients shape=(16, 2), sample_weights shape=(16,), zero_neighbor_targets=0
GRAB train batch 10: pair_ids shape=(16,), range=123..10685, coefficients shape=(16, 2), sample_weights shape=(16,), zero_neighbor_targets=0
GRAB train batch 11: pair_ids shape=(16,), range=7..9546, coefficients shape=(16, 2), sample_weights shape=(16,), zero_neighbor_targets=0
GRAB train batch 12: pair_ids shape=(16,), range=87..10772, coefficients shape=(16, 2), sample_weights shape=(16,), zero_neighbor_targets=0
GRAB train batch 13: pair_ids shape=(16,), range=14..10248, coefficients shape=(16, 2), sample_weights shape=(16,), zero_neighbor_targets=0
GRAB train batch 14: pair_ids shape=(16,), range=30..7510, coefficients shape=(16, 2), sample_weights shape=(16,), zero_neighbor_targets=0
GRAB train batch 15: pair_ids shape=(16,), range=186..8521, coefficients shape=(16, 2), sample_weights shape=(16,), zero_neighbor_targets=0
GRAB train batch 16: pair_ids shape=(16,), range=32..7829, coefficients shape=(16, 2), sample_weights shape=(16,), zero_neighbor_targets=0
GRAB train batch 17: pair_ids shape=(16,), range=1..10237, coefficients shape=(16, 2), sample_weights shape=(16,), zero_neighbor_targets=0
GRAB train batch 18: pair_ids shape=(16,), range=5..9914, coefficients shape=(16, 2), sample_weights shape=(16,), zero_neighbor_targets=0
GRAB train batch 19: pair_ids shape=(16,), range=42..10264, coefficients shape=(16, 2), sample_weights shape=(16,), zero_neighbor_targets=0
GRAB train batch 20: pair_ids shape=(16,), range=93..10836, coefficients shape=(16, 2), sample_weights shape=(16,), zero_neighbor_targets=0
GRAB train batch 21: pair_ids shape=(16,), range=35..10524, coefficients shape=(16, 2), sample_weights shape=(16,), zero_neighbor_targets=0
GRAB train batch 22: pair_ids shape=(16,), range=129..10850, coefficients shape=(16, 2), sample_weights shape=(16,), zero_neighbor_targets=0
GRAB train batch 23: pair_ids shape=(16,), range=116..9913, coefficients shape=(16, 2), sample_weights shape=(16,), zero_neighbor_targets=0
GRAB train batch 24: pair_ids shape=(16,), range=19..8590, coefficients shape=(16, 2), sample_weights shape=(16,), zero_neighbor_targets=0
GRAB train batch 25: pair_ids shape=(16,), range=101..9704, coefficients shape=(16, 2), sample_weights shape=(16,), zero_neighbor_targets=0
GRAB train batch 26: pair_ids shape=(16,), range=178..7339, coefficients shape=(16, 2), sample_weights shape=(16,), zero_neighbor_targets=0
GRAB train batch 27: pair_ids shape=(16,), range=182..10222, coefficients shape=(16, 2), sample_weights shape=(16,), zero_neighbor_targets=0
GRAB train batch 28: pair_ids shape=(16,), range=26..9937, coefficients shape=(16, 2), sample_weights shape=(16,), zero_neighbor_targets=0
GRAB train batch 29: pair_ids shape=(16,), range=82..10312, coefficients shape=(16, 2), sample_weights shape=(16,), zero_neighbor_targets=0
GRAB train batch 30: pair_ids shape=(16,), range=22..10764, coefficients shape=(16, 2), sample_weights shape=(16,), zero_neighbor_targets=0
GRAB train batch 31: pair_ids shape=(16,), range=18..10522, coefficients shape=(16, 2), sample_weights shape=(16,), zero_neighbor_targets=0
GRAB train batch 32: pair_ids shape=(16,), range=211..9333, coefficients shape=(16, 2), sample_weights shape=(16,), zero_neighbor_targets=0
GRAB train batch 33: pair_ids shape=(16,), range=212..9822, coefficients shape=(16, 2), sample_weights shape=(16,), zero_neighbor_targets=0
GRAB train batch 34: pair_ids shape=(16,), range=281..10393, coefficients shape=(16, 2), sample_weights shape=(16,), zero_neighbor_targets=0
GRAB train batch 35: pair_ids shape=(16,), range=40..10005, coefficients shape=(16, 2), sample_weights shape=(16,), zero_neighbor_targets=0
GRAB train batch 36: pair_ids shape=(16,), range=70..7987, coefficients shape=(16, 2), sample_weights shape=(16,), zero_neighbor_targets=0
GRAB train batch 37: pair_ids shape=(16,), range=20..10473, coefficients shape=(16, 2), sample_weights shape=(16,), zero_neighbor_targets=0
GRAB train batch 38: pair_ids shape=(16,), range=102..9478, coefficients shape=(16, 2), sample_weights shape=(16,), zero_neighbor_targets=0
GRAB train batch 39: pair_ids shape=(16,), range=107..9135, coefficients shape=(16, 2), sample_weights shape=(16,), zero_neighbor_targets=0
GRAB train batch 40: pair_ids shape=(16,), range=72..10728, coefficients shape=(16, 2), sample_weights shape=(16,), zero_neighbor_targets=0
GRAB train batch 41: pair_ids shape=(16,), range=66..9995, coefficients shape=(16, 2), sample_weights shape=(16,), zero_neighbor_targets=0
GRAB train batch 42: pair_ids shape=(16,), range=99..10800, coefficients shape=(16, 2), sample_weights shape=(16,), zero_neighbor_targets=0
GRAB train batch 43: pair_ids shape=(16,), range=16..9023, coefficients shape=(16, 2), sample_weights shape=(16,), zero_neighbor_targets=0
GRAB train batch 44: pair_ids shape=(16,), range=86..10851, coefficients shape=(16, 2), sample_weights shape=(16,), zero_neighbor_targets=0
GRAB train batch 45: pair_ids shape=(16,), range=184..10987, coefficients shape=(16, 2), sample_weights shape=(16,), zero_neighbor_targets=0
GRAB train batch 46: pair_ids shape=(16,), range=111..10384, coefficients shape=(16, 2), sample_weights shape=(16,), zero_neighbor_targets=0
GRAB train batch 47: pair_ids shape=(16,), range=15..10411, coefficients shape=(16, 2), sample_weights shape=(16,), zero_neighbor_targets=0
GRAB train batch 48: pair_ids shape=(16,), range=100..8978, coefficients shape=(16, 2), sample_weights shape=(16,), zero_neighbor_targets=0
GRAB train batch 49: pair_ids shape=(16,), range=6..9498, coefficients shape=(16, 2), sample_weights shape=(16,), zero_neighbor_targets=0
GRAB train batch 50: pair_ids shape=(16,), range=193..10935, coefficients shape=(16, 2), sample_weights shape=(16,), zero_neighbor_targets=0
GRAB train batch 51: pair_ids shape=(16,), range=103..10500, coefficients shape=(16, 2), sample_weights shape=(16,), zero_neighbor_targets=0
GRAB train batch 52: pair_ids shape=(16,), range=247..8670, coefficients shape=(16, 2), sample_weights shape=(16,), zero_neighbor_targets=0
GRAB train batch 53: pair_ids shape=(16,), range=98..10331, coefficients shape=(16, 2), sample_weights shape=(16,), zero_neighbor_targets=0
GRAB train batch 54: pair_ids shape=(16,), range=13..8579, coefficients shape=(16, 2), sample_weights shape=(16,), zero_neighbor_targets=0
GRAB train batch 55: pair_ids shape=(16,), range=197..10795, coefficients shape=(16, 2), sample_weights shape=(16,), zero_neighbor_targets=0
GRAB train batch 56: pair_ids shape=(16,), range=163..10447, coefficients shape=(16, 2), sample_weights shape=(16,), zero_neighbor_targets=0
GRAB train batch 57: pair_ids shape=(16,), range=268..9535, coefficients shape=(16, 2), sample_weights shape=(16,), zero_neighbor_targets=0
GRAB train batch 58: pair_ids shape=(16,), range=69..8658, coefficients shape=(16, 2), sample_weights shape=(16,), zero_neighbor_targets=0
GRAB train batch 59: pair_ids shape=(16,), range=91..9045, coefficients shape=(16, 2), sample_weights shape=(16,), zero_neighbor_targets=0
GRAB train batch 60: pair_ids shape=(16,), range=106..10891, coefficients shape=(16, 2), sample_weights shape=(16,), zero_neighbor_targets=0
GRAB train batch 61: pair_ids shape=(16,), range=39..10462, coefficients shape=(16, 2), sample_weights shape=(16,), zero_neighbor_targets=0
GRAB train batch 62: pair_ids shape=(16,), range=10..10502, coefficients shape=(16, 2), sample_weights shape=(16,), zero_neighbor_targets=0
GRAB train batch 63: pair_ids shape=(16,), range=38..8373, coefficients shape=(16, 2), sample_weights shape=(16,), zero_neighbor_targets=0
GRAB train batch 64: pair_ids shape=(16,), range=80..10225, coefficients shape=(16, 2), sample_weights shape=(16,), zero_neighbor_targets=0
GRAB train batch 65: pair_ids shape=(16,), range=136..10994, coefficients shape=(16, 2), sample_weights shape=(16,), zero_neighbor_targets=0
GRAB train batch 66: pair_ids shape=(16,), range=0..9939, coefficients shape=(16, 2), sample_weights shape=(16,), zero_neighbor_targets=0
GRAB train batch 67: pair_ids shape=(16,), range=64..8370, coefficients shape=(16, 2), sample_weights shape=(16,), zero_neighbor_targets=0
GRAB train batch 68: pair_ids shape=(16,), range=75..10662, coefficients shape=(16, 2), sample_weights shape=(16,), zero_neighbor_targets=0
GRAB train batch 69: pair_ids shape=(16,), range=97..10362, coefficients shape=(16, 2), sample_weights shape=(16,), zero_neighbor_targets=0
GRAB train batch 70: pair_ids shape=(16,), range=73..10984, coefficients shape=(16, 2), sample_weights shape=(16,), zero_neighbor_targets=0
GRAB train batch 71: pair_ids shape=(16,), range=246..8233, coefficients shape=(16, 2), sample_weights shape=(16,), zero_neighbor_targets=0
GRAB train batch 72: pair_ids shape=(16,), range=115..9698, coefficients shape=(16, 2), sample_weights shape=(16,), zero_neighbor_targets=0
GRAB train batch 73: pair_ids shape=(16,), range=3..10475, coefficients shape=(16, 2), sample_weights shape=(16,), zero_neighbor_targets=0
GRAB train batch 74: pair_ids shape=(16,), range=29..10537, coefficients shape=(16, 2), sample_weights shape=(16,), zero_neighbor_targets=0
GRAB train batch 75: pair_ids shape=(16,), range=4..9007, coefficients shape=(16, 2), sample_weights shape=(16,), zero_neighbor_targets=0
GRAB train batch 76: pair_ids shape=(16,), range=11..10360, coefficients shape=(16, 2), sample_weights shape=(16,), zero_neighbor_targets=0
GRAB train batch 77: pair_ids shape=(8,), range=160..10988, coefficients shape=(8, 2), sample_weights shape=(8,), zero_neighbor_targets=0
VALIDATION
valid epoch balanced_accuracy: 0.261905
EPOCH 47:
GRAB train batch 1: pair_ids shape=(16,), range=18..10362, coefficients shape=(16, 2), sample_weights shape=(16,), zero_neighbor_targets=0
GRAB train batch 2: pair_ids shape=(16,), range=36..8915, coefficients shape=(16, 2), sample_weights shape=(16,), zero_neighbor_targets=0
GRAB train batch 3: pair_ids shape=(16,), range=12..6956, coefficients shape=(16, 2), sample_weights shape=(16,), zero_neighbor_targets=0
GRAB train batch 4: pair_ids shape=(16,), range=26..10817, coefficients shape=(16, 2), sample_weights shape=(16,), zero_neighbor_targets=0
GRAB train batch 5: pair_ids shape=(16,), range=163..10374, coefficients shape=(16, 2), sample_weights shape=(16,), zero_neighbor_targets=0
GRAB train batch 6: pair_ids shape=(16,), range=3..9186, coefficients shape=(16, 2), sample_weights shape=(16,), zero_neighbor_targets=0
GRAB train batch 7: pair_ids shape=(16,), range=43..8563, coefficients shape=(16, 2), sample_weights shape=(16,), zero_neighbor_targets=0
GRAB train batch 8: pair_ids shape=(16,), range=115..5687, coefficients shape=(16, 2), sample_weights shape=(16,), zero_neighbor_targets=0
GRAB train batch 9: pair_ids shape=(16,), range=39..5539, coefficients shape=(16, 2), sample_weights shape=(16,), zero_neighbor_targets=0
GRAB train batch 10: pair_ids shape=(16,), range=16..9956, coefficients shape=(16, 2), sample_weights shape=(16,), zero_neighbor_targets=0
GRAB train batch 11: pair_ids shape=(16,), range=2..10384, coefficients shape=(16, 2), sample_weights shape=(16,), zero_neighbor_targets=0
GRAB train batch 12: pair_ids shape=(16,), range=171..10225, coefficients shape=(16, 2), sample_weights shape=(16,), zero_neighbor_targets=0
GRAB train batch 13: pair_ids shape=(16,), range=1..10772, coefficients shape=(16, 2), sample_weights shape=(16,), zero_neighbor_targets=0
GRAB train batch 14: pair_ids shape=(16,), range=84..10800, coefficients shape=(16, 2), sample_weights shape=(16,), zero_neighbor_targets=0
GRAB train batch 15: pair_ids shape=(16,), range=117..10404, coefficients shape=(16, 2), sample_weights shape=(16,), zero_neighbor_targets=0
GRAB train batch 16: pair_ids shape=(16,), range=250..9822, coefficients shape=(16, 2), sample_weights shape=(16,), zero_neighbor_targets=0
GRAB train batch 17: pair_ids shape=(16,), range=34..9995, coefficients shape=(16, 2), sample_weights shape=(16,), zero_neighbor_targets=0
GRAB train batch 18: pair_ids shape=(16,), range=71..7537, coefficients shape=(16, 2), sample_weights shape=(16,), zero_neighbor_targets=0
GRAB train batch 19: pair_ids shape=(16,), range=7..10259, coefficients shape=(16, 2), sample_weights shape=(16,), zero_neighbor_targets=0
GRAB train batch 20: pair_ids shape=(16,), range=85..10851, coefficients shape=(16, 2), sample_weights shape=(16,), zero_neighbor_targets=0
GRAB train batch 21: pair_ids shape=(16,), range=66..9017, coefficients shape=(16, 2), sample_weights shape=(16,), zero_neighbor_targets=0
GRAB train batch 22: pair_ids shape=(16,), range=64..10453, coefficients shape=(16, 2), sample_weights shape=(16,), zero_neighbor_targets=0
GRAB train batch 23: pair_ids shape=(16,), range=122..10473, coefficients shape=(16, 2), sample_weights shape=(16,), zero_neighbor_targets=0
GRAB train batch 24: pair_ids shape=(16,), range=23..9146, coefficients shape=(16, 2), sample_weights shape=(16,), zero_neighbor_targets=0
GRAB train batch 25: pair_ids shape=(16,), range=70..10522, coefficients shape=(16, 2), sample_weights shape=(16,), zero_neighbor_targets=0
GRAB train batch 26: pair_ids shape=(16,), range=13..10360, coefficients shape=(16, 2), sample_weights shape=(16,), zero_neighbor_targets=0
GRAB train batch 27: pair_ids shape=(16,), range=138..10795, coefficients shape=(16, 2), sample_weights shape=(16,), zero_neighbor_targets=0
GRAB train batch 28: pair_ids shape=(16,), range=245..9045, coefficients shape=(16, 2), sample_weights shape=(16,), zero_neighbor_targets=0
GRAB train batch 29: pair_ids shape=(16,), range=24..7619, coefficients shape=(16, 2), sample_weights shape=(16,), zero_neighbor_targets=0
GRAB train batch 30: pair_ids shape=(16,), range=93..9278, coefficients shape=(16, 2), sample_weights shape=(16,), zero_neighbor_targets=0
GRAB train batch 31: pair_ids shape=(16,), range=113..10891, coefficients shape=(16, 2), sample_weights shape=(16,), zero_neighbor_targets=0
GRAB train batch 32: pair_ids shape=(16,), range=10..7284, coefficients shape=(16, 2), sample_weights shape=(16,), zero_neighbor_targets=0
GRAB train batch 33: pair_ids shape=(16,), range=17..5522, coefficients shape=(16, 2), sample_weights shape=(16,), zero_neighbor_targets=0
GRAB train batch 34: pair_ids shape=(16,), range=8..8658, coefficients shape=(16, 2), sample_weights shape=(16,), zero_neighbor_targets=0
GRAB train batch 35: pair_ids shape=(16,), range=20..10600, coefficients shape=(16, 2), sample_weights shape=(16,), zero_neighbor_targets=0
GRAB train batch 36: pair_ids shape=(16,), range=33..10502, coefficients shape=(16, 2), sample_weights shape=(16,), zero_neighbor_targets=0
GRAB train batch 37: pair_ids shape=(16,), range=87..10475, coefficients shape=(16, 2), sample_weights shape=(16,), zero_neighbor_targets=0
GRAB train batch 38: pair_ids shape=(16,), range=35..9147, coefficients shape=(16, 2), sample_weights shape=(16,), zero_neighbor_targets=0
GRAB train batch 39: pair_ids shape=(16,), range=4..9135, coefficients shape=(16, 2), sample_weights shape=(16,), zero_neighbor_targets=0
GRAB train batch 40: pair_ids shape=(16,), range=9..10836, coefficients shape=(16, 2), sample_weights shape=(16,), zero_neighbor_targets=0
GRAB train batch 41: pair_ids shape=(16,), range=19..10742, coefficients shape=(16, 2), sample_weights shape=(16,), zero_neighbor_targets=0
GRAB train batch 42: pair_ids shape=(16,), range=27..10462, coefficients shape=(16, 2), sample_weights shape=(16,), zero_neighbor_targets=0
GRAB train batch 43: pair_ids shape=(16,), range=88..8279, coefficients shape=(16, 2), sample_weights shape=(16,), zero_neighbor_targets=0
GRAB train batch 44: pair_ids shape=(16,), range=30..10471, coefficients shape=(16, 2), sample_weights shape=(16,), zero_neighbor_targets=0
GRAB train batch 45: pair_ids shape=(16,), range=181..10398, coefficients shape=(16, 2), sample_weights shape=(16,), zero_neighbor_targets=0
GRAB train batch 46: pair_ids shape=(16,), range=205..10685, coefficients shape=(16, 2), sample_weights shape=(16,), zero_neighbor_targets=0
GRAB train batch 47: pair_ids shape=(16,), range=78..10237, coefficients shape=(16, 2), sample_weights shape=(16,), zero_neighbor_targets=0
GRAB train batch 48: pair_ids shape=(16,), range=94..10728, coefficients shape=(16, 2), sample_weights shape=(16,), zero_neighbor_targets=0
GRAB train batch 49: pair_ids shape=(16,), range=15..6952, coefficients shape=(16, 2), sample_weights shape=(16,), zero_neighbor_targets=0
GRAB train batch 50: pair_ids shape=(16,), range=80..9795, coefficients shape=(16, 2), sample_weights shape=(16,), zero_neighbor_targets=0
GRAB train batch 51: pair_ids shape=(16,), range=150..9704, coefficients shape=(16, 2), sample_weights shape=(16,), zero_neighbor_targets=0
GRAB train batch 52: pair_ids shape=(16,), range=5..10764, coefficients shape=(16, 2), sample_weights shape=(16,), zero_neighbor_targets=0
GRAB train batch 53: pair_ids shape=(16,), range=118..9249, coefficients shape=(16, 2), sample_weights shape=(16,), zero_neighbor_targets=0
GRAB train batch 54: pair_ids shape=(16,), range=100..10299, coefficients shape=(16, 2), sample_weights shape=(16,), zero_neighbor_targets=0
GRAB train batch 55: pair_ids shape=(16,), range=241..9696, coefficients shape=(16, 2), sample_weights shape=(16,), zero_neighbor_targets=0
GRAB train batch 56: pair_ids shape=(16,), range=0..7497, coefficients shape=(16, 2), sample_weights shape=(16,), zero_neighbor_targets=0
GRAB train batch 57: pair_ids shape=(16,), range=145..10627, coefficients shape=(16, 2), sample_weights shape=(16,), zero_neighbor_targets=0
GRAB train batch 58: pair_ids shape=(16,), range=42..10988, coefficients shape=(16, 2), sample_weights shape=(16,), zero_neighbor_targets=0
GRAB train batch 59: pair_ids shape=(16,), range=114..9537, coefficients shape=(16, 2), sample_weights shape=(16,), zero_neighbor_targets=0
GRAB train batch 60: pair_ids shape=(16,), range=77..10248, coefficients shape=(16, 2), sample_weights shape=(16,), zero_neighbor_targets=0
GRAB train batch 61: pair_ids shape=(16,), range=101..9598, coefficients shape=(16, 2), sample_weights shape=(16,), zero_neighbor_targets=0
GRAB train batch 62: pair_ids shape=(16,), range=103..10662, coefficients shape=(16, 2), sample_weights shape=(16,), zero_neighbor_targets=0
GRAB train batch 63: pair_ids shape=(16,), range=106..9913, coefficients shape=(16, 2), sample_weights shape=(16,), zero_neighbor_targets=0
GRAB train batch 64: pair_ids shape=(16,), range=37..10811, coefficients shape=(16, 2), sample_weights shape=(16,), zero_neighbor_targets=0
GRAB train batch 65: pair_ids shape=(16,), range=108..10590, coefficients shape=(16, 2), sample_weights shape=(16,), zero_neighbor_targets=0
GRAB train batch 66: pair_ids shape=(16,), range=164..10935, coefficients shape=(16, 2), sample_weights shape=(16,), zero_neighbor_targets=0
GRAB train batch 67: pair_ids shape=(16,), range=38..10396, coefficients shape=(16, 2), sample_weights shape=(16,), zero_neighbor_targets=0
GRAB train batch 68: pair_ids shape=(16,), range=92..10312, coefficients shape=(16, 2), sample_weights shape=(16,), zero_neighbor_targets=0
GRAB train batch 69: pair_ids shape=(16,), range=142..10994, coefficients shape=(16, 2), sample_weights shape=(16,), zero_neighbor_targets=0
GRAB train batch 70: pair_ids shape=(16,), range=25..9027, coefficients shape=(16, 2), sample_weights shape=(16,), zero_neighbor_targets=0
GRAB train batch 71: pair_ids shape=(16,), range=74..6314, coefficients shape=(16, 2), sample_weights shape=(16,), zero_neighbor_targets=0
GRAB train batch 72: pair_ids shape=(16,), range=14..9262, coefficients shape=(16, 2), sample_weights shape=(16,), zero_neighbor_targets=0
GRAB train batch 73: pair_ids shape=(16,), range=21..10393, coefficients shape=(16, 2), sample_weights shape=(16,), zero_neighbor_targets=0
GRAB train batch 74: pair_ids shape=(16,), range=136..10987, coefficients shape=(16, 2), sample_weights shape=(16,), zero_neighbor_targets=0
GRAB train batch 75: pair_ids shape=(16,), range=41..10984, coefficients shape=(16, 2), sample_weights shape=(16,), zero_neighbor_targets=0
GRAB train batch 76: pair_ids shape=(16,), range=31..8168, coefficients shape=(16, 2), sample_weights shape=(16,), zero_neighbor_targets=0
GRAB train batch 77: pair_ids shape=(8,), range=253..9090, coefficients shape=(8, 2), sample_weights shape=(8,), zero_neighbor_targets=0
VALIDATION
valid epoch balanced_accuracy: 0.228938
EPOCH 48:
GRAB train batch 1: pair_ids shape=(16,), range=20..8739, coefficients shape=(16, 2), sample_weights shape=(16,), zero_neighbor_targets=0
GRAB train batch 2: pair_ids shape=(16,), range=31..10205, coefficients shape=(16, 2), sample_weights shape=(16,), zero_neighbor_targets=0
GRAB train batch 3: pair_ids shape=(16,), range=97..10994, coefficients shape=(16, 2), sample_weights shape=(16,), zero_neighbor_targets=0
GRAB train batch 4: pair_ids shape=(16,), range=88..10685, coefficients shape=(16, 2), sample_weights shape=(16,), zero_neighbor_targets=0
GRAB train batch 5: pair_ids shape=(16,), range=6..10728, coefficients shape=(16, 2), sample_weights shape=(16,), zero_neighbor_targets=0
GRAB train batch 6: pair_ids shape=(16,), range=0..10502, coefficients shape=(16, 2), sample_weights shape=(16,), zero_neighbor_targets=0
GRAB train batch 7: pair_ids shape=(16,), range=69..9471, coefficients shape=(16, 2), sample_weights shape=(16,), zero_neighbor_targets=0
GRAB train batch 8: pair_ids shape=(16,), range=76..8841, coefficients shape=(16, 2), sample_weights shape=(16,), zero_neighbor_targets=0
GRAB train batch 9: pair_ids shape=(16,), range=42..5808, coefficients shape=(16, 2), sample_weights shape=(16,), zero_neighbor_targets=0
GRAB train batch 10: pair_ids shape=(16,), range=174..9534, coefficients shape=(16, 2), sample_weights shape=(16,), zero_neighbor_targets=0
GRAB train batch 11: pair_ids shape=(16,), range=175..10817, coefficients shape=(16, 2), sample_weights shape=(16,), zero_neighbor_targets=0
GRAB train batch 12: pair_ids shape=(16,), range=14..5108, coefficients shape=(16, 2), sample_weights shape=(16,), zero_neighbor_targets=0
GRAB train batch 13: pair_ids shape=(16,), range=202..10473, coefficients shape=(16, 2), sample_weights shape=(16,), zero_neighbor_targets=0
GRAB train batch 14: pair_ids shape=(16,), range=5..10331, coefficients shape=(16, 2), sample_weights shape=(16,), zero_neighbor_targets=0
GRAB train batch 15: pair_ids shape=(16,), range=75..10988, coefficients shape=(16, 2), sample_weights shape=(16,), zero_neighbor_targets=0
GRAB train batch 16: pair_ids shape=(16,), range=70..10374, coefficients shape=(16, 2), sample_weights shape=(16,), zero_neighbor_targets=0
GRAB train batch 17: pair_ids shape=(16,), range=41..10987, coefficients shape=(16, 2), sample_weights shape=(16,), zero_neighbor_targets=0
GRAB train batch 18: pair_ids shape=(16,), range=8..10850, coefficients shape=(16, 2), sample_weights shape=(16,), zero_neighbor_targets=0
GRAB train batch 19: pair_ids shape=(16,), range=11..10851, coefficients shape=(16, 2), sample_weights shape=(16,), zero_neighbor_targets=0
GRAB train batch 20: pair_ids shape=(16,), range=151..10471, coefficients shape=(16, 2), sample_weights shape=(16,), zero_neighbor_targets=0
GRAB train batch 21: pair_ids shape=(16,), range=34..9822, coefficients shape=(16, 2), sample_weights shape=(16,), zero_neighbor_targets=0
GRAB train batch 22: pair_ids shape=(16,), range=104..10396, coefficients shape=(16, 2), sample_weights shape=(16,), zero_neighbor_targets=0
GRAB train batch 23: pair_ids shape=(16,), range=177..10836, coefficients shape=(16, 2), sample_weights shape=(16,), zero_neighbor_targets=0
GRAB train batch 24: pair_ids shape=(16,), range=13..8590, coefficients shape=(16, 2), sample_weights shape=(16,), zero_neighbor_targets=0
GRAB train batch 25: pair_ids shape=(16,), range=103..8928, coefficients shape=(16, 2), sample_weights shape=(16,), zero_neighbor_targets=0
GRAB train batch 26: pair_ids shape=(16,), range=29..9045, coefficients shape=(16, 2), sample_weights shape=(16,), zero_neighbor_targets=0
GRAB train batch 27: pair_ids shape=(16,), range=142..9007, coefficients shape=(16, 2), sample_weights shape=(16,), zero_neighbor_targets=0
GRAB train batch 28: pair_ids shape=(16,), range=115..10475, coefficients shape=(16, 2), sample_weights shape=(16,), zero_neighbor_targets=0
GRAB train batch 29: pair_ids shape=(16,), range=150..9180, coefficients shape=(16, 2), sample_weights shape=(16,), zero_neighbor_targets=0
GRAB train batch 30: pair_ids shape=(16,), range=15..10435, coefficients shape=(16, 2), sample_weights shape=(16,), zero_neighbor_targets=0
GRAB train batch 31: pair_ids shape=(16,), range=30..8678, coefficients shape=(16, 2), sample_weights shape=(16,), zero_neighbor_targets=0
GRAB train batch 32: pair_ids shape=(16,), range=261..10248, coefficients shape=(16, 2), sample_weights shape=(16,), zero_neighbor_targets=0
GRAB train batch 33: pair_ids shape=(16,), range=87..10811, coefficients shape=(16, 2), sample_weights shape=(16,), zero_neighbor_targets=0
GRAB train batch 34: pair_ids shape=(16,), range=18..10360, coefficients shape=(16, 2), sample_weights shape=(16,), zero_neighbor_targets=0
GRAB train batch 35: pair_ids shape=(16,), range=16..9608, coefficients shape=(16, 2), sample_weights shape=(16,), zero_neighbor_targets=0
GRAB train batch 36: pair_ids shape=(16,), range=173..10795, coefficients shape=(16, 2), sample_weights shape=(16,), zero_neighbor_targets=0
GRAB train batch 37: pair_ids shape=(16,), range=44..8081, coefficients shape=(16, 2), sample_weights shape=(16,), zero_neighbor_targets=0
GRAB train batch 38: pair_ids shape=(16,), range=38..6818, coefficients shape=(16, 2), sample_weights shape=(16,), zero_neighbor_targets=0
GRAB train batch 39: pair_ids shape=(16,), range=129..10453, coefficients shape=(16, 2), sample_weights shape=(16,), zero_neighbor_targets=0
GRAB train batch 40: pair_ids shape=(16,), range=7..10225, coefficients shape=(16, 2), sample_weights shape=(16,), zero_neighbor_targets=0
GRAB train batch 41: pair_ids shape=(16,), range=147..10537, coefficients shape=(16, 2), sample_weights shape=(16,), zero_neighbor_targets=0
GRAB train batch 42: pair_ids shape=(16,), range=17..10742, coefficients shape=(16, 2), sample_weights shape=(16,), zero_neighbor_targets=0
GRAB train batch 43: pair_ids shape=(16,), range=162..10398, coefficients shape=(16, 2), sample_weights shape=(16,), zero_neighbor_targets=0
GRAB train batch 44: pair_ids shape=(16,), range=74..10227, coefficients shape=(16, 2), sample_weights shape=(16,), zero_neighbor_targets=0
GRAB train batch 45: pair_ids shape=(16,), range=72..9333, coefficients shape=(16, 2), sample_weights shape=(16,), zero_neighbor_targets=0
GRAB train batch 46: pair_ids shape=(16,), range=141..8876, coefficients shape=(16, 2), sample_weights shape=(16,), zero_neighbor_targets=0
GRAB train batch 47: pair_ids shape=(16,), range=33..10800, coefficients shape=(16, 2), sample_weights shape=(16,), zero_neighbor_targets=0
GRAB train batch 48: pair_ids shape=(16,), range=22..10772, coefficients shape=(16, 2), sample_weights shape=(16,), zero_neighbor_targets=0
GRAB train batch 49: pair_ids shape=(16,), range=216..9504, coefficients shape=(16, 2), sample_weights shape=(16,), zero_neighbor_targets=0
GRAB train batch 50: pair_ids shape=(16,), range=296..10522, coefficients shape=(16, 2), sample_weights shape=(16,), zero_neighbor_targets=0
GRAB train batch 51: pair_ids shape=(16,), range=10..9995, coefficients shape=(16, 2), sample_weights shape=(16,), zero_neighbor_targets=0
GRAB train batch 52: pair_ids shape=(16,), range=91..9892, coefficients shape=(16, 2), sample_weights shape=(16,), zero_neighbor_targets=0
GRAB train batch 53: pair_ids shape=(16,), range=3..10590, coefficients shape=(16, 2), sample_weights shape=(16,), zero_neighbor_targets=0
GRAB train batch 54: pair_ids shape=(16,), range=43..9954, coefficients shape=(16, 2), sample_weights shape=(16,), zero_neighbor_targets=0
GRAB train batch 55: pair_ids shape=(16,), range=65..10984, coefficients shape=(16, 2), sample_weights shape=(16,), zero_neighbor_targets=0
GRAB train batch 56: pair_ids shape=(16,), range=169..8954, coefficients shape=(16, 2), sample_weights shape=(16,), zero_neighbor_targets=0
GRAB train batch 57: pair_ids shape=(16,), range=39..8233, coefficients shape=(16, 2), sample_weights shape=(16,), zero_neighbor_targets=0
GRAB train batch 58: pair_ids shape=(16,), range=37..10411, coefficients shape=(16, 2), sample_weights shape=(16,), zero_neighbor_targets=0
GRAB train batch 59: pair_ids shape=(16,), range=1..10277, coefficients shape=(16, 2), sample_weights shape=(16,), zero_neighbor_targets=0
GRAB train batch 60: pair_ids shape=(16,), range=67..10662, coefficients shape=(16, 2), sample_weights shape=(16,), zero_neighbor_targets=0
GRAB train batch 61: pair_ids shape=(16,), range=21..8972, coefficients shape=(16, 2), sample_weights shape=(16,), zero_neighbor_targets=0
GRAB train batch 62: pair_ids shape=(16,), range=137..9598, coefficients shape=(16, 2), sample_weights shape=(16,), zero_neighbor_targets=0
GRAB train batch 63: pair_ids shape=(16,), range=66..10362, coefficients shape=(16, 2), sample_weights shape=(16,), zero_neighbor_targets=0
GRAB train batch 64: pair_ids shape=(16,), range=81..10935, coefficients shape=(16, 2), sample_weights shape=(16,), zero_neighbor_targets=0
GRAB train batch 65: pair_ids shape=(16,), range=163..9704, coefficients shape=(16, 2), sample_weights shape=(16,), zero_neighbor_targets=0
GRAB train batch 66: pair_ids shape=(16,), range=12..9017, coefficients shape=(16, 2), sample_weights shape=(16,), zero_neighbor_targets=0
GRAB train batch 67: pair_ids shape=(16,), range=205..7583, coefficients shape=(16, 2), sample_weights shape=(16,), zero_neighbor_targets=0
GRAB train batch 68: pair_ids shape=(16,), range=2..9840, coefficients shape=(16, 2), sample_weights shape=(16,), zero_neighbor_targets=0
GRAB train batch 69: pair_ids shape=(16,), range=84..10027, coefficients shape=(16, 2), sample_weights shape=(16,), zero_neighbor_targets=0
GRAB train batch 70: pair_ids shape=(16,), range=9..10764, coefficients shape=(16, 2), sample_weights shape=(16,), zero_neighbor_targets=0
GRAB train batch 71: pair_ids shape=(16,), range=176..10500, coefficients shape=(16, 2), sample_weights shape=(16,), zero_neighbor_targets=0
GRAB train batch 72: pair_ids shape=(16,), range=114..10891, coefficients shape=(16, 2), sample_weights shape=(16,), zero_neighbor_targets=0
GRAB train batch 73: pair_ids shape=(16,), range=189..9090, coefficients shape=(16, 2), sample_weights shape=(16,), zero_neighbor_targets=0
GRAB train batch 74: pair_ids shape=(16,), range=19..7643, coefficients shape=(16, 2), sample_weights shape=(16,), zero_neighbor_targets=0
GRAB train batch 75: pair_ids shape=(16,), range=32..9739, coefficients shape=(16, 2), sample_weights shape=(16,), zero_neighbor_targets=0
GRAB train batch 76: pair_ids shape=(16,), range=36..10384, coefficients shape=(16, 2), sample_weights shape=(16,), zero_neighbor_targets=0
GRAB train batch 77: pair_ids shape=(8,), range=135..10393, coefficients shape=(8, 2), sample_weights shape=(8,), zero_neighbor_targets=0
VALIDATION
valid epoch balanced_accuracy: 0.419414
EPOCH 49:
GRAB train batch 1: pair_ids shape=(16,), range=73..5171, coefficients shape=(16, 2), sample_weights shape=(16,), zero_neighbor_targets=0
GRAB train batch 2: pair_ids shape=(16,), range=2..10817, coefficients shape=(16, 2), sample_weights shape=(16,), zero_neighbor_targets=0
GRAB train batch 3: pair_ids shape=(16,), range=11..8903, coefficients shape=(16, 2), sample_weights shape=(16,), zero_neighbor_targets=0
GRAB train batch 4: pair_ids shape=(16,), range=7..10170, coefficients shape=(16, 2), sample_weights shape=(16,), zero_neighbor_targets=0
GRAB train batch 5: pair_ids shape=(16,), range=25..10994, coefficients shape=(16, 2), sample_weights shape=(16,), zero_neighbor_targets=0
GRAB train batch 6: pair_ids shape=(16,), range=34..10462, coefficients shape=(16, 2), sample_weights shape=(16,), zero_neighbor_targets=0
GRAB train batch 7: pair_ids shape=(16,), range=84..9622, coefficients shape=(16, 2), sample_weights shape=(16,), zero_neighbor_targets=0
GRAB train batch 8: pair_ids shape=(16,), range=13..9498, coefficients shape=(16, 2), sample_weights shape=(16,), zero_neighbor_targets=0
GRAB train batch 9: pair_ids shape=(16,), range=137..8200, coefficients shape=(16, 2), sample_weights shape=(16,), zero_neighbor_targets=0
GRAB train batch 10: pair_ids shape=(16,), range=22..2777, coefficients shape=(16, 2), sample_weights shape=(16,), zero_neighbor_targets=0
GRAB train batch 11: pair_ids shape=(16,), range=161..10987, coefficients shape=(16, 2), sample_weights shape=(16,), zero_neighbor_targets=0
GRAB train batch 12: pair_ids shape=(16,), range=8..10237, coefficients shape=(16, 2), sample_weights shape=(16,), zero_neighbor_targets=0
GRAB train batch 13: pair_ids shape=(16,), range=88..8210, coefficients shape=(16, 2), sample_weights shape=(16,), zero_neighbor_targets=0
GRAB train batch 14: pair_ids shape=(16,), range=256..10331, coefficients shape=(16, 2), sample_weights shape=(16,), zero_neighbor_targets=0
GRAB train batch 15: pair_ids shape=(16,), range=175..10850, coefficients shape=(16, 2), sample_weights shape=(16,), zero_neighbor_targets=0
GRAB train batch 16: pair_ids shape=(16,), range=125..9488, coefficients shape=(16, 2), sample_weights shape=(16,), zero_neighbor_targets=0
GRAB train batch 17: pair_ids shape=(16,), range=139..7683, coefficients shape=(16, 2), sample_weights shape=(16,), zero_neighbor_targets=0
GRAB train batch 18: pair_ids shape=(16,), range=145..10411, coefficients shape=(16, 2), sample_weights shape=(16,), zero_neighbor_targets=0
GRAB train batch 19: pair_ids shape=(16,), range=37..8658, coefficients shape=(16, 2), sample_weights shape=(16,), zero_neighbor_targets=0
GRAB train batch 20: pair_ids shape=(16,), range=195..9598, coefficients shape=(16, 2), sample_weights shape=(16,), zero_neighbor_targets=0
GRAB train batch 21: pair_ids shape=(16,), range=121..10836, coefficients shape=(16, 2), sample_weights shape=(16,), zero_neighbor_targets=0
GRAB train batch 22: pair_ids shape=(16,), range=5..10384, coefficients shape=(16, 2), sample_weights shape=(16,), zero_neighbor_targets=0
GRAB train batch 23: pair_ids shape=(16,), range=65..10473, coefficients shape=(16, 2), sample_weights shape=(16,), zero_neighbor_targets=0
GRAB train batch 24: pair_ids shape=(16,), range=68..10685, coefficients shape=(16, 2), sample_weights shape=(16,), zero_neighbor_targets=0
GRAB train batch 25: pair_ids shape=(16,), range=15..10590, coefficients shape=(16, 2), sample_weights shape=(16,), zero_neighbor_targets=0
GRAB train batch 26: pair_ids shape=(16,), range=504..10772, coefficients shape=(16, 2), sample_weights shape=(16,), zero_neighbor_targets=0
GRAB train batch 27: pair_ids shape=(16,), range=33..9045, coefficients shape=(16, 2), sample_weights shape=(16,), zero_neighbor_targets=0
GRAB train batch 28: pair_ids shape=(16,), range=151..10475, coefficients shape=(16, 2), sample_weights shape=(16,), zero_neighbor_targets=0
GRAB train batch 29: pair_ids shape=(16,), range=3..10502, coefficients shape=(16, 2), sample_weights shape=(16,), zero_neighbor_targets=0
GRAB train batch 30: pair_ids shape=(16,), range=9..10600, coefficients shape=(16, 2), sample_weights shape=(16,), zero_neighbor_targets=0
GRAB train batch 31: pair_ids shape=(16,), range=144..10522, coefficients shape=(16, 2), sample_weights shape=(16,), zero_neighbor_targets=0
GRAB train batch 32: pair_ids shape=(16,), range=93..9913, coefficients shape=(16, 2), sample_weights shape=(16,), zero_neighbor_targets=0
GRAB train batch 33: pair_ids shape=(16,), range=132..9956, coefficients shape=(16, 2), sample_weights shape=(16,), zero_neighbor_targets=0
GRAB train batch 34: pair_ids shape=(16,), range=80..9546, coefficients shape=(16, 2), sample_weights shape=(16,), zero_neighbor_targets=0
GRAB train batch 35: pair_ids shape=(16,), range=41..9608, coefficients shape=(16, 2), sample_weights shape=(16,), zero_neighbor_targets=0
GRAB train batch 36: pair_ids shape=(16,), range=143..10398, coefficients shape=(16, 2), sample_weights shape=(16,), zero_neighbor_targets=0
GRAB train batch 37: pair_ids shape=(16,), range=101..10205, coefficients shape=(16, 2), sample_weights shape=(16,), zero_neighbor_targets=0
GRAB train batch 38: pair_ids shape=(16,), range=117..9795, coefficients shape=(16, 2), sample_weights shape=(16,), zero_neighbor_targets=0
GRAB train batch 39: pair_ids shape=(16,), range=367..10447, coefficients shape=(16, 2), sample_weights shape=(16,), zero_neighbor_targets=0
GRAB train batch 40: pair_ids shape=(16,), range=66..10009, coefficients shape=(16, 2), sample_weights shape=(16,), zero_neighbor_targets=0
GRAB train batch 41: pair_ids shape=(16,), range=94..9696, coefficients shape=(16, 2), sample_weights shape=(16,), zero_neighbor_targets=0
GRAB train batch 42: pair_ids shape=(16,), range=26..10374, coefficients shape=(16, 2), sample_weights shape=(16,), zero_neighbor_targets=0
GRAB train batch 43: pair_ids shape=(16,), range=1..10299, coefficients shape=(16, 2), sample_weights shape=(16,), zero_neighbor_targets=0
GRAB train batch 44: pair_ids shape=(16,), range=105..10404, coefficients shape=(16, 2), sample_weights shape=(16,), zero_neighbor_targets=0
GRAB train batch 45: pair_ids shape=(16,), range=45..7913, coefficients shape=(16, 2), sample_weights shape=(16,), zero_neighbor_targets=0
GRAB train batch 46: pair_ids shape=(16,), range=99..6254, coefficients shape=(16, 2), sample_weights shape=(16,), zero_neighbor_targets=0
GRAB train batch 47: pair_ids shape=(16,), range=6..10312, coefficients shape=(16, 2), sample_weights shape=(16,), zero_neighbor_targets=0
GRAB train batch 48: pair_ids shape=(16,), range=35..10811, coefficients shape=(16, 2), sample_weights shape=(16,), zero_neighbor_targets=0
GRAB train batch 49: pair_ids shape=(16,), range=29..10984, coefficients shape=(16, 2), sample_weights shape=(16,), zero_neighbor_targets=0
GRAB train batch 50: pair_ids shape=(16,), range=319..10662, coefficients shape=(16, 2), sample_weights shape=(16,), zero_neighbor_targets=0
GRAB train batch 51: pair_ids shape=(16,), range=36..9914, coefficients shape=(16, 2), sample_weights shape=(16,), zero_neighbor_targets=0
GRAB train batch 52: pair_ids shape=(16,), range=10..7872, coefficients shape=(16, 2), sample_weights shape=(16,), zero_neighbor_targets=0
GRAB train batch 53: pair_ids shape=(16,), range=83..9478, coefficients shape=(16, 2), sample_weights shape=(16,), zero_neighbor_targets=0
GRAB train batch 54: pair_ids shape=(16,), range=98..9176, coefficients shape=(16, 2), sample_weights shape=(16,), zero_neighbor_targets=0
GRAB train batch 55: pair_ids shape=(16,), range=17..10935, coefficients shape=(16, 2), sample_weights shape=(16,), zero_neighbor_targets=0
GRAB train batch 56: pair_ids shape=(16,), range=32..9333, coefficients shape=(16, 2), sample_weights shape=(16,), zero_neighbor_targets=0
GRAB train batch 57: pair_ids shape=(16,), range=110..10891, coefficients shape=(16, 2), sample_weights shape=(16,), zero_neighbor_targets=0
GRAB train batch 58: pair_ids shape=(16,), range=27..10795, coefficients shape=(16, 2), sample_weights shape=(16,), zero_neighbor_targets=0
GRAB train batch 59: pair_ids shape=(16,), range=162..10537, coefficients shape=(16, 2), sample_weights shape=(16,), zero_neighbor_targets=0
GRAB train batch 60: pair_ids shape=(16,), range=42..9822, coefficients shape=(16, 2), sample_weights shape=(16,), zero_neighbor_targets=0
GRAB train batch 61: pair_ids shape=(16,), range=0..10728, coefficients shape=(16, 2), sample_weights shape=(16,), zero_neighbor_targets=0
GRAB train batch 62: pair_ids shape=(16,), range=16..10524, coefficients shape=(16, 2), sample_weights shape=(16,), zero_neighbor_targets=0
GRAB train batch 63: pair_ids shape=(16,), range=19..9939, coefficients shape=(16, 2), sample_weights shape=(16,), zero_neighbor_targets=0
GRAB train batch 64: pair_ids shape=(16,), range=112..10393, coefficients shape=(16, 2), sample_weights shape=(16,), zero_neighbor_targets=0
GRAB train batch 65: pair_ids shape=(16,), range=167..9499, coefficients shape=(16, 2), sample_weights shape=(16,), zero_neighbor_targets=0
GRAB train batch 66: pair_ids shape=(16,), range=20..10988, coefficients shape=(16, 2), sample_weights shape=(16,), zero_neighbor_targets=0
GRAB train batch 67: pair_ids shape=(16,), range=18..9892, coefficients shape=(16, 2), sample_weights shape=(16,), zero_neighbor_targets=0
GRAB train batch 68: pair_ids shape=(16,), range=131..10851, coefficients shape=(16, 2), sample_weights shape=(16,), zero_neighbor_targets=0
GRAB train batch 69: pair_ids shape=(16,), range=30..10742, coefficients shape=(16, 2), sample_weights shape=(16,), zero_neighbor_targets=0
GRAB train batch 70: pair_ids shape=(16,), range=23..10500, coefficients shape=(16, 2), sample_weights shape=(16,), zero_neighbor_targets=0
GRAB train batch 71: pair_ids shape=(16,), range=102..9887, coefficients shape=(16, 2), sample_weights shape=(16,), zero_neighbor_targets=0
GRAB train batch 72: pair_ids shape=(16,), range=4..5894, coefficients shape=(16, 2), sample_weights shape=(16,), zero_neighbor_targets=0
GRAB train batch 73: pair_ids shape=(16,), range=176..10453, coefficients shape=(16, 2), sample_weights shape=(16,), zero_neighbor_targets=0
GRAB train batch 74: pair_ids shape=(16,), range=39..10360, coefficients shape=(16, 2), sample_weights shape=(16,), zero_neighbor_targets=0
GRAB train batch 75: pair_ids shape=(16,), range=14..9954, coefficients shape=(16, 2), sample_weights shape=(16,), zero_neighbor_targets=0
GRAB train batch 76: pair_ids shape=(16,), range=106..9220, coefficients shape=(16, 2), sample_weights shape=(16,), zero_neighbor_targets=0
GRAB train batch 77: pair_ids shape=(8,), range=28..9146, coefficients shape=(8, 2), sample_weights shape=(8,), zero_neighbor_targets=0
VALIDATION
valid epoch balanced_accuracy: 0.291209
EPOCH 50:
GRAB train batch 1: pair_ids shape=(16,), range=118..6147, coefficients shape=(16, 2), sample_weights shape=(16,), zero_neighbor_targets=0
GRAB train batch 2: pair_ids shape=(16,), range=100..10435, coefficients shape=(16, 2), sample_weights shape=(16,), zero_neighbor_targets=0
GRAB train batch 3: pair_ids shape=(16,), range=23..9698, coefficients shape=(16, 2), sample_weights shape=(16,), zero_neighbor_targets=0
GRAB train batch 4: pair_ids shape=(16,), range=387..10453, coefficients shape=(16, 2), sample_weights shape=(16,), zero_neighbor_targets=0
GRAB train batch 5: pair_ids shape=(16,), range=42..7857, coefficients shape=(16, 2), sample_weights shape=(16,), zero_neighbor_targets=0
GRAB train batch 6: pair_ids shape=(16,), range=17..8729, coefficients shape=(16, 2), sample_weights shape=(16,), zero_neighbor_targets=0
GRAB train batch 7: pair_ids shape=(16,), range=64..10891, coefficients shape=(16, 2), sample_weights shape=(16,), zero_neighbor_targets=0
GRAB train batch 8: pair_ids shape=(16,), range=35..9478, coefficients shape=(16, 2), sample_weights shape=(16,), zero_neighbor_targets=0
GRAB train batch 9: pair_ids shape=(16,), range=167..8951, coefficients shape=(16, 2), sample_weights shape=(16,), zero_neighbor_targets=0
GRAB train batch 10: pair_ids shape=(16,), range=109..10994, coefficients shape=(16, 2), sample_weights shape=(16,), zero_neighbor_targets=0
GRAB train batch 11: pair_ids shape=(16,), range=8..9278, coefficients shape=(16, 2), sample_weights shape=(16,), zero_neighbor_targets=0
GRAB train batch 12: pair_ids shape=(16,), range=68..7798, coefficients shape=(16, 2), sample_weights shape=(16,), zero_neighbor_targets=0
GRAB train batch 13: pair_ids shape=(16,), range=155..6812, coefficients shape=(16, 2), sample_weights shape=(16,), zero_neighbor_targets=0
GRAB train batch 14: pair_ids shape=(16,), range=134..10627, coefficients shape=(16, 2), sample_weights shape=(16,), zero_neighbor_targets=0
GRAB train batch 15: pair_ids shape=(16,), range=91..9500, coefficients shape=(16, 2), sample_weights shape=(16,), zero_neighbor_targets=0
GRAB train batch 16: pair_ids shape=(16,), range=183..10850, coefficients shape=(16, 2), sample_weights shape=(16,), zero_neighbor_targets=0
GRAB train batch 17: pair_ids shape=(16,), range=16..10811, coefficients shape=(16, 2), sample_weights shape=(16,), zero_neighbor_targets=0
GRAB train batch 18: pair_ids shape=(16,), range=18..10987, coefficients shape=(16, 2), sample_weights shape=(16,), zero_neighbor_targets=0
GRAB train batch 19: pair_ids shape=(16,), range=83..9727, coefficients shape=(16, 2), sample_weights shape=(16,), zero_neighbor_targets=0
GRAB train batch 20: pair_ids shape=(16,), range=21..10817, coefficients shape=(16, 2), sample_weights shape=(16,), zero_neighbor_targets=0
GRAB train batch 21: pair_ids shape=(16,), range=174..9937, coefficients shape=(16, 2), sample_weights shape=(16,), zero_neighbor_targets=0
GRAB train batch 22: pair_ids shape=(16,), range=193..8310, coefficients shape=(16, 2), sample_weights shape=(16,), zero_neighbor_targets=0
GRAB train batch 23: pair_ids shape=(16,), range=9..10524, coefficients shape=(16, 2), sample_weights shape=(16,), zero_neighbor_targets=0
GRAB train batch 24: pair_ids shape=(16,), range=199..10299, coefficients shape=(16, 2), sample_weights shape=(16,), zero_neighbor_targets=0
GRAB train batch 25: pair_ids shape=(16,), range=33..7653, coefficients shape=(16, 2), sample_weights shape=(16,), zero_neighbor_targets=0
GRAB train batch 26: pair_ids shape=(16,), range=39..10500, coefficients shape=(16, 2), sample_weights shape=(16,), zero_neighbor_targets=0
GRAB train batch 27: pair_ids shape=(16,), range=25..8370, coefficients shape=(16, 2), sample_weights shape=(16,), zero_neighbor_targets=0
GRAB train batch 28: pair_ids shape=(16,), range=73..10005, coefficients shape=(16, 2), sample_weights shape=(16,), zero_neighbor_targets=0
GRAB train batch 29: pair_ids shape=(16,), range=181..10170, coefficients shape=(16, 2), sample_weights shape=(16,), zero_neighbor_targets=0
GRAB train batch 30: pair_ids shape=(16,), range=10..10393, coefficients shape=(16, 2), sample_weights shape=(16,), zero_neighbor_targets=0
GRAB train batch 31: pair_ids shape=(16,), range=2..9391, coefficients shape=(16, 2), sample_weights shape=(16,), zero_neighbor_targets=0
GRAB train batch 32: pair_ids shape=(16,), range=142..9228, coefficients shape=(16, 2), sample_weights shape=(16,), zero_neighbor_targets=0
GRAB train batch 33: pair_ids shape=(16,), range=1..9954, coefficients shape=(16, 2), sample_weights shape=(16,), zero_neighbor_targets=0
GRAB train batch 34: pair_ids shape=(16,), range=6..9249, coefficients shape=(16, 2), sample_weights shape=(16,), zero_neighbor_targets=0
GRAB train batch 35: pair_ids shape=(16,), range=20..10537, coefficients shape=(16, 2), sample_weights shape=(16,), zero_neighbor_targets=0
GRAB train batch 36: pair_ids shape=(16,), range=81..10988, coefficients shape=(16, 2), sample_weights shape=(16,), zero_neighbor_targets=0
GRAB train batch 37: pair_ids shape=(16,), range=4..10600, coefficients shape=(16, 2), sample_weights shape=(16,), zero_neighbor_targets=0
GRAB train batch 38: pair_ids shape=(16,), range=19..8051, coefficients shape=(16, 2), sample_weights shape=(16,), zero_neighbor_targets=0
GRAB train batch 39: pair_ids shape=(16,), range=263..9892, coefficients shape=(16, 2), sample_weights shape=(16,), zero_neighbor_targets=0
GRAB train batch 40: pair_ids shape=(16,), range=5..10475, coefficients shape=(16, 2), sample_weights shape=(16,), zero_neighbor_targets=0
GRAB train batch 41: pair_ids shape=(16,), range=314..10404, coefficients shape=(16, 2), sample_weights shape=(16,), zero_neighbor_targets=0
GRAB train batch 42: pair_ids shape=(16,), range=280..10935, coefficients shape=(16, 2), sample_weights shape=(16,), zero_neighbor_targets=0
GRAB train batch 43: pair_ids shape=(16,), range=14..9088, coefficients shape=(16, 2), sample_weights shape=(16,), zero_neighbor_targets=0
GRAB train batch 44: pair_ids shape=(16,), range=26..9704, coefficients shape=(16, 2), sample_weights shape=(16,), zero_neighbor_targets=0
GRAB train batch 45: pair_ids shape=(16,), range=388..10473, coefficients shape=(16, 2), sample_weights shape=(16,), zero_neighbor_targets=0
GRAB train batch 46: pair_ids shape=(16,), range=243..10264, coefficients shape=(16, 2), sample_weights shape=(16,), zero_neighbor_targets=0
GRAB train batch 47: pair_ids shape=(16,), range=7..10728, coefficients shape=(16, 2), sample_weights shape=(16,), zero_neighbor_targets=0
GRAB train batch 48: pair_ids shape=(16,), range=93..10362, coefficients shape=(16, 2), sample_weights shape=(16,), zero_neighbor_targets=0
GRAB train batch 49: pair_ids shape=(16,), range=166..10764, coefficients shape=(16, 2), sample_weights shape=(16,), zero_neighbor_targets=0
GRAB train batch 50: pair_ids shape=(16,), range=291..10398, coefficients shape=(16, 2), sample_weights shape=(16,), zero_neighbor_targets=0
GRAB train batch 51: pair_ids shape=(16,), range=30..9537, coefficients shape=(16, 2), sample_weights shape=(16,), zero_neighbor_targets=0
GRAB train batch 52: pair_ids shape=(16,), range=152..9333, coefficients shape=(16, 2), sample_weights shape=(16,), zero_neighbor_targets=0
GRAB train batch 53: pair_ids shape=(16,), range=13..10836, coefficients shape=(16, 2), sample_weights shape=(16,), zero_neighbor_targets=0
GRAB train batch 54: pair_ids shape=(16,), range=11..10800, coefficients shape=(16, 2), sample_weights shape=(16,), zero_neighbor_targets=0
GRAB train batch 55: pair_ids shape=(16,), range=24..10742, coefficients shape=(16, 2), sample_weights shape=(16,), zero_neighbor_targets=0
GRAB train batch 56: pair_ids shape=(16,), range=44..9180, coefficients shape=(16, 2), sample_weights shape=(16,), zero_neighbor_targets=0
GRAB train batch 57: pair_ids shape=(16,), range=3..9622, coefficients shape=(16, 2), sample_weights shape=(16,), zero_neighbor_targets=0
GRAB train batch 58: pair_ids shape=(16,), range=0..10027, coefficients shape=(16, 2), sample_weights shape=(16,), zero_neighbor_targets=0
GRAB train batch 59: pair_ids shape=(16,), range=72..9176, coefficients shape=(16, 2), sample_weights shape=(16,), zero_neighbor_targets=0
GRAB train batch 60: pair_ids shape=(16,), range=127..9914, coefficients shape=(16, 2), sample_weights shape=(16,), zero_neighbor_targets=0
GRAB train batch 61: pair_ids shape=(16,), range=110..10502, coefficients shape=(16, 2), sample_weights shape=(16,), zero_neighbor_targets=0
GRAB train batch 62: pair_ids shape=(16,), range=22..9471, coefficients shape=(16, 2), sample_weights shape=(16,), zero_neighbor_targets=0
GRAB train batch 63: pair_ids shape=(16,), range=76..10795, coefficients shape=(16, 2), sample_weights shape=(16,), zero_neighbor_targets=0
GRAB train batch 64: pair_ids shape=(16,), range=28..8373, coefficients shape=(16, 2), sample_weights shape=(16,), zero_neighbor_targets=0
GRAB train batch 65: pair_ids shape=(16,), range=143..9535, coefficients shape=(16, 2), sample_weights shape=(16,), zero_neighbor_targets=0
GRAB train batch 66: pair_ids shape=(16,), range=103..10984, coefficients shape=(16, 2), sample_weights shape=(16,), zero_neighbor_targets=0
GRAB train batch 67: pair_ids shape=(16,), range=132..9135, coefficients shape=(16, 2), sample_weights shape=(16,), zero_neighbor_targets=0
GRAB train batch 68: pair_ids shape=(16,), range=105..10205, coefficients shape=(16, 2), sample_weights shape=(16,), zero_neighbor_targets=0
GRAB train batch 69: pair_ids shape=(16,), range=15..10662, coefficients shape=(16, 2), sample_weights shape=(16,), zero_neighbor_targets=0
GRAB train batch 70: pair_ids shape=(16,), range=104..10851, coefficients shape=(16, 2), sample_weights shape=(16,), zero_neighbor_targets=0
GRAB train batch 71: pair_ids shape=(16,), range=29..10471, coefficients shape=(16, 2), sample_weights shape=(16,), zero_neighbor_targets=0
GRAB train batch 72: pair_ids shape=(16,), range=67..10462, coefficients shape=(16, 2), sample_weights shape=(16,), zero_neighbor_targets=0
GRAB train batch 73: pair_ids shape=(16,), range=87..9913, coefficients shape=(16, 2), sample_weights shape=(16,), zero_neighbor_targets=0
GRAB train batch 74: pair_ids shape=(16,), range=197..10772, coefficients shape=(16, 2), sample_weights shape=(16,), zero_neighbor_targets=0
GRAB train batch 75: pair_ids shape=(16,), range=66..5108, coefficients shape=(16, 2), sample_weights shape=(16,), zero_neighbor_targets=0
GRAB train batch 76: pair_ids shape=(16,), range=12..9224, coefficients shape=(16, 2), sample_weights shape=(16,), zero_neighbor_targets=0
GRAB train batch 77: pair_ids shape=(8,), range=37..6522, coefficients shape=(8, 2), sample_weights shape=(8,), zero_neighbor_targets=0
VALIDATION
valid epoch balanced_accuracy: 0.250000
EPOCH 51:
GRAB train batch 1: pair_ids shape=(16,), range=4..10836, coefficients shape=(16, 2), sample_weights shape=(16,), zero_neighbor_targets=0
GRAB train batch 2: pair_ids shape=(16,), range=147..10205, coefficients shape=(16, 2), sample_weights shape=(16,), zero_neighbor_targets=0
GRAB train batch 3: pair_ids shape=(16,), range=22..8590, coefficients shape=(16, 2), sample_weights shape=(16,), zero_neighbor_targets=0
GRAB train batch 4: pair_ids shape=(16,), range=11..6777, coefficients shape=(16, 2), sample_weights shape=(16,), zero_neighbor_targets=0
GRAB train batch 5: pair_ids shape=(16,), range=27..8670, coefficients shape=(16, 2), sample_weights shape=(16,), zero_neighbor_targets=0
GRAB train batch 6: pair_ids shape=(16,), range=65..10237, coefficients shape=(16, 2), sample_weights shape=(16,), zero_neighbor_targets=0
GRAB train batch 7: pair_ids shape=(16,), range=90..9278, coefficients shape=(16, 2), sample_weights shape=(16,), zero_neighbor_targets=0
GRAB train batch 8: pair_ids shape=(16,), range=12..8579, coefficients shape=(16, 2), sample_weights shape=(16,), zero_neighbor_targets=0
GRAB train batch 9: pair_ids shape=(16,), range=74..10600, coefficients shape=(16, 2), sample_weights shape=(16,), zero_neighbor_targets=0
GRAB train batch 10: pair_ids shape=(16,), range=73..9535, coefficients shape=(16, 2), sample_weights shape=(16,), zero_neighbor_targets=0
GRAB train batch 11: pair_ids shape=(16,), range=15..10994, coefficients shape=(16, 2), sample_weights shape=(16,), zero_neighbor_targets=0
GRAB train batch 12: pair_ids shape=(16,), range=98..10772, coefficients shape=(16, 2), sample_weights shape=(16,), zero_neighbor_targets=0
GRAB train batch 13: pair_ids shape=(16,), range=1..10537, coefficients shape=(16, 2), sample_weights shape=(16,), zero_neighbor_targets=0
GRAB train batch 14: pair_ids shape=(16,), range=166..9546, coefficients shape=(16, 2), sample_weights shape=(16,), zero_neighbor_targets=0
GRAB train batch 15: pair_ids shape=(16,), range=31..8081, coefficients shape=(16, 2), sample_weights shape=(16,), zero_neighbor_targets=0
GRAB train batch 16: pair_ids shape=(16,), range=69..9488, coefficients shape=(16, 2), sample_weights shape=(16,), zero_neighbor_targets=0
GRAB train batch 17: pair_ids shape=(16,), range=121..10447, coefficients shape=(16, 2), sample_weights shape=(16,), zero_neighbor_targets=0
GRAB train batch 18: pair_ids shape=(16,), range=8..7940, coefficients shape=(16, 2), sample_weights shape=(16,), zero_neighbor_targets=0
GRAB train batch 19: pair_ids shape=(16,), range=96..10404, coefficients shape=(16, 2), sample_weights shape=(16,), zero_neighbor_targets=0
GRAB train batch 20: pair_ids shape=(16,), range=161..9228, coefficients shape=(16, 2), sample_weights shape=(16,), zero_neighbor_targets=0
GRAB train batch 21: pair_ids shape=(16,), range=25..10524, coefficients shape=(16, 2), sample_weights shape=(16,), zero_neighbor_targets=0
GRAB train batch 22: pair_ids shape=(16,), range=23..10984, coefficients shape=(16, 2), sample_weights shape=(16,), zero_neighbor_targets=0
GRAB train batch 23: pair_ids shape=(16,), range=16..10299, coefficients shape=(16, 2), sample_weights shape=(16,), zero_neighbor_targets=0
GRAB train batch 24: pair_ids shape=(16,), range=32..10396, coefficients shape=(16, 2), sample_weights shape=(16,), zero_neighbor_targets=0
GRAB train batch 25: pair_ids shape=(16,), range=191..10800, coefficients shape=(16, 2), sample_weights shape=(16,), zero_neighbor_targets=0
GRAB train batch 26: pair_ids shape=(16,), range=136..10795, coefficients shape=(16, 2), sample_weights shape=(16,), zero_neighbor_targets=0
GRAB train batch 27: pair_ids shape=(16,), range=159..9822, coefficients shape=(16, 2), sample_weights shape=(16,), zero_neighbor_targets=0
GRAB train batch 28: pair_ids shape=(16,), range=113..9914, coefficients shape=(16, 2), sample_weights shape=(16,), zero_neighbor_targets=0
GRAB train batch 29: pair_ids shape=(16,), range=68..10500, coefficients shape=(16, 2), sample_weights shape=(16,), zero_neighbor_targets=0
GRAB train batch 30: pair_ids shape=(16,), range=7..7785, coefficients shape=(16, 2), sample_weights shape=(16,), zero_neighbor_targets=0
GRAB train batch 31: pair_ids shape=(16,), range=110..9739, coefficients shape=(16, 2), sample_weights shape=(16,), zero_neighbor_targets=0
GRAB train batch 32: pair_ids shape=(16,), range=241..9459, coefficients shape=(16, 2), sample_weights shape=(16,), zero_neighbor_targets=0
GRAB train batch 33: pair_ids shape=(16,), range=72..10988, coefficients shape=(16, 2), sample_weights shape=(16,), zero_neighbor_targets=0
GRAB train batch 34: pair_ids shape=(16,), range=87..8521, coefficients shape=(16, 2), sample_weights shape=(16,), zero_neighbor_targets=0
GRAB train batch 35: pair_ids shape=(16,), range=9..10935, coefficients shape=(16, 2), sample_weights shape=(16,), zero_neighbor_targets=0
GRAB train batch 36: pair_ids shape=(16,), range=24..10462, coefficients shape=(16, 2), sample_weights shape=(16,), zero_neighbor_targets=0
GRAB train batch 37: pair_ids shape=(16,), range=67..9696, coefficients shape=(16, 2), sample_weights shape=(16,), zero_neighbor_targets=0
GRAB train batch 38: pair_ids shape=(16,), range=35..10764, coefficients shape=(16, 2), sample_weights shape=(16,), zero_neighbor_targets=0
GRAB train batch 39: pair_ids shape=(16,), range=0..9180, coefficients shape=(16, 2), sample_weights shape=(16,), zero_neighbor_targets=0
GRAB train batch 40: pair_ids shape=(16,), range=18..10850, coefficients shape=(16, 2), sample_weights shape=(16,), zero_neighbor_targets=0
GRAB train batch 41: pair_ids shape=(16,), range=77..10502, coefficients shape=(16, 2), sample_weights shape=(16,), zero_neighbor_targets=0
GRAB train batch 42: pair_ids shape=(16,), range=251..10264, coefficients shape=(16, 2), sample_weights shape=(16,), zero_neighbor_targets=0
GRAB train batch 43: pair_ids shape=(16,), range=153..10662, coefficients shape=(16, 2), sample_weights shape=(16,), zero_neighbor_targets=0
GRAB train batch 44: pair_ids shape=(16,), range=17..10742, coefficients shape=(16, 2), sample_weights shape=(16,), zero_neighbor_targets=0
GRAB train batch 45: pair_ids shape=(16,), range=26..9840, coefficients shape=(16, 2), sample_weights shape=(16,), zero_neighbor_targets=0
GRAB train batch 46: pair_ids shape=(16,), range=45..8903, coefficients shape=(16, 2), sample_weights shape=(16,), zero_neighbor_targets=0
GRAB train batch 47: pair_ids shape=(16,), range=126..9727, coefficients shape=(16, 2), sample_weights shape=(16,), zero_neighbor_targets=0
GRAB train batch 48: pair_ids shape=(16,), range=20..10987, coefficients shape=(16, 2), sample_weights shape=(16,), zero_neighbor_targets=0
GRAB train batch 49: pair_ids shape=(16,), range=199..10362, coefficients shape=(16, 2), sample_weights shape=(16,), zero_neighbor_targets=0
GRAB train batch 50: pair_ids shape=(16,), range=144..8972, coefficients shape=(16, 2), sample_weights shape=(16,), zero_neighbor_targets=0
GRAB train batch 51: pair_ids shape=(16,), range=29..10360, coefficients shape=(16, 2), sample_weights shape=(16,), zero_neighbor_targets=0
GRAB train batch 52: pair_ids shape=(16,), range=34..10277, coefficients shape=(16, 2), sample_weights shape=(16,), zero_neighbor_targets=0
GRAB train batch 53: pair_ids shape=(16,), range=38..10453, coefficients shape=(16, 2), sample_weights shape=(16,), zero_neighbor_targets=0
GRAB train batch 54: pair_ids shape=(16,), range=179..9007, coefficients shape=(16, 2), sample_weights shape=(16,), zero_neighbor_targets=0
GRAB train batch 55: pair_ids shape=(16,), range=95..9391, coefficients shape=(16, 2), sample_weights shape=(16,), zero_neighbor_targets=0
GRAB train batch 56: pair_ids shape=(16,), range=103..10248, coefficients shape=(16, 2), sample_weights shape=(16,), zero_neighbor_targets=0
GRAB train batch 57: pair_ids shape=(16,), range=71..10475, coefficients shape=(16, 2), sample_weights shape=(16,), zero_neighbor_targets=0
GRAB train batch 58: pair_ids shape=(16,), range=5..9954, coefficients shape=(16, 2), sample_weights shape=(16,), zero_neighbor_targets=0
GRAB train batch 59: pair_ids shape=(16,), range=3..10473, coefficients shape=(16, 2), sample_weights shape=(16,), zero_neighbor_targets=0
GRAB train batch 60: pair_ids shape=(16,), range=164..9498, coefficients shape=(16, 2), sample_weights shape=(16,), zero_neighbor_targets=0
GRAB train batch 61: pair_ids shape=(16,), range=120..10728, coefficients shape=(16, 2), sample_weights shape=(16,), zero_neighbor_targets=0
GRAB train batch 62: pair_ids shape=(16,), range=2..10222, coefficients shape=(16, 2), sample_weights shape=(16,), zero_neighbor_targets=0
GRAB train batch 63: pair_ids shape=(16,), range=100..5915, coefficients shape=(16, 2), sample_weights shape=(16,), zero_neighbor_targets=0
GRAB train batch 64: pair_ids shape=(16,), range=76..9293, coefficients shape=(16, 2), sample_weights shape=(16,), zero_neighbor_targets=0
GRAB train batch 65: pair_ids shape=(16,), range=28..10851, coefficients shape=(16, 2), sample_weights shape=(16,), zero_neighbor_targets=0
GRAB train batch 66: pair_ids shape=(16,), range=19..9088, coefficients shape=(16, 2), sample_weights shape=(16,), zero_neighbor_targets=0
GRAB train batch 67: pair_ids shape=(16,), range=84..10817, coefficients shape=(16, 2), sample_weights shape=(16,), zero_neighbor_targets=0
GRAB train batch 68: pair_ids shape=(16,), range=21..10435, coefficients shape=(16, 2), sample_weights shape=(16,), zero_neighbor_targets=0
GRAB train batch 69: pair_ids shape=(16,), range=149..7643, coefficients shape=(16, 2), sample_weights shape=(16,), zero_neighbor_targets=0
GRAB train batch 70: pair_ids shape=(16,), range=6..9471, coefficients shape=(16, 2), sample_weights shape=(16,), zero_neighbor_targets=0
GRAB train batch 71: pair_ids shape=(16,), range=83..4610, coefficients shape=(16, 2), sample_weights shape=(16,), zero_neighbor_targets=0
GRAB train batch 72: pair_ids shape=(16,), range=137..9795, coefficients shape=(16, 2), sample_weights shape=(16,), zero_neighbor_targets=0
GRAB train batch 73: pair_ids shape=(16,), range=44..9956, coefficients shape=(16, 2), sample_weights shape=(16,), zero_neighbor_targets=0
GRAB train batch 74: pair_ids shape=(16,), range=108..9249, coefficients shape=(16, 2), sample_weights shape=(16,), zero_neighbor_targets=0
GRAB train batch 75: pair_ids shape=(16,), range=97..10685, coefficients shape=(16, 2), sample_weights shape=(16,), zero_neighbor_targets=0
GRAB train batch 76: pair_ids shape=(16,), range=101..10891, coefficients shape=(16, 2), sample_weights shape=(16,), zero_neighbor_targets=0
GRAB train batch 77: pair_ids shape=(8,), range=109..6569, coefficients shape=(8, 2), sample_weights shape=(8,), zero_neighbor_targets=0
VALIDATION
valid epoch balanced_accuracy: 0.276557
EPOCH 52:
GRAB train batch 1: pair_ids shape=(16,), range=115..10772, coefficients shape=(16, 2), sample_weights shape=(16,), zero_neighbor_targets=0
GRAB train batch 2: pair_ids shape=(16,), range=27..9598, coefficients shape=(16, 2), sample_weights shape=(16,), zero_neighbor_targets=0
GRAB train batch 3: pair_ids shape=(16,), range=118..10524, coefficients shape=(16, 2), sample_weights shape=(16,), zero_neighbor_targets=0
GRAB train batch 4: pair_ids shape=(16,), range=114..8951, coefficients shape=(16, 2), sample_weights shape=(16,), zero_neighbor_targets=0
GRAB train batch 5: pair_ids shape=(16,), range=142..7940, coefficients shape=(16, 2), sample_weights shape=(16,), zero_neighbor_targets=0
GRAB train batch 6: pair_ids shape=(16,), range=28..8729, coefficients shape=(16, 2), sample_weights shape=(16,), zero_neighbor_targets=0
GRAB train batch 7: pair_ids shape=(16,), range=164..10227, coefficients shape=(16, 2), sample_weights shape=(16,), zero_neighbor_targets=0
GRAB train batch 8: pair_ids shape=(16,), range=104..10398, coefficients shape=(16, 2), sample_weights shape=(16,), zero_neighbor_targets=0
GRAB train batch 9: pair_ids shape=(16,), range=12..9403, coefficients shape=(16, 2), sample_weights shape=(16,), zero_neighbor_targets=0
GRAB train batch 10: pair_ids shape=(16,), range=5..8310, coefficients shape=(16, 2), sample_weights shape=(16,), zero_neighbor_targets=0
GRAB train batch 11: pair_ids shape=(16,), range=24..10795, coefficients shape=(16, 2), sample_weights shape=(16,), zero_neighbor_targets=0
GRAB train batch 12: pair_ids shape=(16,), range=180..10264, coefficients shape=(16, 2), sample_weights shape=(16,), zero_neighbor_targets=0
GRAB train batch 13: pair_ids shape=(16,), range=65..8579, coefficients shape=(16, 2), sample_weights shape=(16,), zero_neighbor_targets=0
GRAB train batch 14: pair_ids shape=(16,), range=66..10170, coefficients shape=(16, 2), sample_weights shape=(16,), zero_neighbor_targets=0
GRAB train batch 15: pair_ids shape=(16,), range=260..10027, coefficients shape=(16, 2), sample_weights shape=(16,), zero_neighbor_targets=0
GRAB train batch 16: pair_ids shape=(16,), range=89..9499, coefficients shape=(16, 2), sample_weights shape=(16,), zero_neighbor_targets=0
GRAB train batch 17: pair_ids shape=(16,), range=100..9608, coefficients shape=(16, 2), sample_weights shape=(16,), zero_neighbor_targets=0
GRAB train batch 18: pair_ids shape=(16,), range=125..10627, coefficients shape=(16, 2), sample_weights shape=(16,), zero_neighbor_targets=0
GRAB train batch 19: pair_ids shape=(16,), range=83..10742, coefficients shape=(16, 2), sample_weights shape=(16,), zero_neighbor_targets=0
GRAB train batch 20: pair_ids shape=(16,), range=33..9272, coefficients shape=(16, 2), sample_weights shape=(16,), zero_neighbor_targets=0
GRAB train batch 21: pair_ids shape=(16,), range=195..10662, coefficients shape=(16, 2), sample_weights shape=(16,), zero_neighbor_targets=0
GRAB train batch 22: pair_ids shape=(16,), range=38..10988, coefficients shape=(16, 2), sample_weights shape=(16,), zero_neighbor_targets=0
GRAB train batch 23: pair_ids shape=(16,), range=10..9249, coefficients shape=(16, 2), sample_weights shape=(16,), zero_neighbor_targets=0
GRAB train batch 24: pair_ids shape=(16,), range=106..10600, coefficients shape=(16, 2), sample_weights shape=(16,), zero_neighbor_targets=0
GRAB train batch 25: pair_ids shape=(16,), range=120..8911, coefficients shape=(16, 2), sample_weights shape=(16,), zero_neighbor_targets=0
GRAB train batch 26: pair_ids shape=(16,), range=19..7683, coefficients shape=(16, 2), sample_weights shape=(16,), zero_neighbor_targets=0
GRAB train batch 27: pair_ids shape=(16,), range=30..9954, coefficients shape=(16, 2), sample_weights shape=(16,), zero_neighbor_targets=0
GRAB train batch 28: pair_ids shape=(16,), range=77..10299, coefficients shape=(16, 2), sample_weights shape=(16,), zero_neighbor_targets=0
GRAB train batch 29: pair_ids shape=(16,), range=76..9704, coefficients shape=(16, 2), sample_weights shape=(16,), zero_neighbor_targets=0
GRAB train batch 30: pair_ids shape=(16,), range=70..9088, coefficients shape=(16, 2), sample_weights shape=(16,), zero_neighbor_targets=0
GRAB train batch 31: pair_ids shape=(16,), range=263..10237, coefficients shape=(16, 2), sample_weights shape=(16,), zero_neighbor_targets=0
GRAB train batch 32: pair_ids shape=(16,), range=11..8594, coefficients shape=(16, 2), sample_weights shape=(16,), zero_neighbor_targets=0
GRAB train batch 33: pair_ids shape=(16,), range=185..9391, coefficients shape=(16, 2), sample_weights shape=(16,), zero_neighbor_targets=0
GRAB train batch 34: pair_ids shape=(16,), range=34..10453, coefficients shape=(16, 2), sample_weights shape=(16,), zero_neighbor_targets=0
GRAB train batch 35: pair_ids shape=(16,), range=317..10537, coefficients shape=(16, 2), sample_weights shape=(16,), zero_neighbor_targets=0
GRAB train batch 36: pair_ids shape=(16,), range=4..10374, coefficients shape=(16, 2), sample_weights shape=(16,), zero_neighbor_targets=0
GRAB train batch 37: pair_ids shape=(16,), range=2..9698, coefficients shape=(16, 2), sample_weights shape=(16,), zero_neighbor_targets=0
GRAB train batch 38: pair_ids shape=(16,), range=159..10851, coefficients shape=(16, 2), sample_weights shape=(16,), zero_neighbor_targets=0
GRAB train batch 39: pair_ids shape=(16,), range=13..9535, coefficients shape=(16, 2), sample_weights shape=(16,), zero_neighbor_targets=0
GRAB train batch 40: pair_ids shape=(16,), range=119..10685, coefficients shape=(16, 2), sample_weights shape=(16,), zero_neighbor_targets=0
GRAB train batch 41: pair_ids shape=(16,), range=0..9822, coefficients shape=(16, 2), sample_weights shape=(16,), zero_neighbor_targets=0
GRAB train batch 42: pair_ids shape=(16,), range=191..10891, coefficients shape=(16, 2), sample_weights shape=(16,), zero_neighbor_targets=0
GRAB train batch 43: pair_ids shape=(16,), range=72..10222, coefficients shape=(16, 2), sample_weights shape=(16,), zero_neighbor_targets=0
GRAB train batch 44: pair_ids shape=(16,), range=20..10984, coefficients shape=(16, 2), sample_weights shape=(16,), zero_neighbor_targets=0
GRAB train batch 45: pair_ids shape=(16,), range=8..10384, coefficients shape=(16, 2), sample_weights shape=(16,), zero_neighbor_targets=0
GRAB train batch 46: pair_ids shape=(16,), range=199..9727, coefficients shape=(16, 2), sample_weights shape=(16,), zero_neighbor_targets=0
GRAB train batch 47: pair_ids shape=(16,), range=26..10817, coefficients shape=(16, 2), sample_weights shape=(16,), zero_neighbor_targets=0
GRAB train batch 48: pair_ids shape=(16,), range=23..10764, coefficients shape=(16, 2), sample_weights shape=(16,), zero_neighbor_targets=0
GRAB train batch 49: pair_ids shape=(16,), range=113..10935, coefficients shape=(16, 2), sample_weights shape=(16,), zero_neighbor_targets=0
GRAB train batch 50: pair_ids shape=(16,), range=152..10411, coefficients shape=(16, 2), sample_weights shape=(16,), zero_neighbor_targets=0
GRAB train batch 51: pair_ids shape=(16,), range=123..10396, coefficients shape=(16, 2), sample_weights shape=(16,), zero_neighbor_targets=0
GRAB train batch 52: pair_ids shape=(16,), range=7..8224, coefficients shape=(16, 2), sample_weights shape=(16,), zero_neighbor_targets=0
GRAB train batch 53: pair_ids shape=(16,), range=67..9097, coefficients shape=(16, 2), sample_weights shape=(16,), zero_neighbor_targets=0
GRAB train batch 54: pair_ids shape=(16,), range=14..10850, coefficients shape=(16, 2), sample_weights shape=(16,), zero_neighbor_targets=0
GRAB train batch 55: pair_ids shape=(16,), range=91..10259, coefficients shape=(16, 2), sample_weights shape=(16,), zero_neighbor_targets=0
GRAB train batch 56: pair_ids shape=(16,), range=257..8590, coefficients shape=(16, 2), sample_weights shape=(16,), zero_neighbor_targets=0
GRAB train batch 57: pair_ids shape=(16,), range=134..10987, coefficients shape=(16, 2), sample_weights shape=(16,), zero_neighbor_targets=0
GRAB train batch 58: pair_ids shape=(16,), range=21..10471, coefficients shape=(16, 2), sample_weights shape=(16,), zero_neighbor_targets=0
GRAB train batch 59: pair_ids shape=(16,), range=16..8841, coefficients shape=(16, 2), sample_weights shape=(16,), zero_neighbor_targets=0
GRAB train batch 60: pair_ids shape=(16,), range=80..9090, coefficients shape=(16, 2), sample_weights shape=(16,), zero_neighbor_targets=0
GRAB train batch 61: pair_ids shape=(16,), range=169..10811, coefficients shape=(16, 2), sample_weights shape=(16,), zero_neighbor_targets=0
GRAB train batch 62: pair_ids shape=(16,), range=43..9262, coefficients shape=(16, 2), sample_weights shape=(16,), zero_neighbor_targets=0
GRAB train batch 63: pair_ids shape=(16,), range=32..10502, coefficients shape=(16, 2), sample_weights shape=(16,), zero_neighbor_targets=0
GRAB train batch 64: pair_ids shape=(16,), range=29..10462, coefficients shape=(16, 2), sample_weights shape=(16,), zero_neighbor_targets=0
GRAB train batch 65: pair_ids shape=(16,), range=141..10005, coefficients shape=(16, 2), sample_weights shape=(16,), zero_neighbor_targets=0
GRAB train batch 66: pair_ids shape=(16,), range=1..10994, coefficients shape=(16, 2), sample_weights shape=(16,), zero_neighbor_targets=0
GRAB train batch 67: pair_ids shape=(16,), range=264..10590, coefficients shape=(16, 2), sample_weights shape=(16,), zero_neighbor_targets=0
GRAB train batch 68: pair_ids shape=(16,), range=156..9913, coefficients shape=(16, 2), sample_weights shape=(16,), zero_neighbor_targets=0
GRAB train batch 69: pair_ids shape=(16,), range=101..10728, coefficients shape=(16, 2), sample_weights shape=(16,), zero_neighbor_targets=0
GRAB train batch 70: pair_ids shape=(16,), range=35..9887, coefficients shape=(16, 2), sample_weights shape=(16,), zero_neighbor_targets=0
GRAB train batch 71: pair_ids shape=(16,), range=9..10362, coefficients shape=(16, 2), sample_weights shape=(16,), zero_neighbor_targets=0
GRAB train batch 72: pair_ids shape=(16,), range=139..8491, coefficients shape=(16, 2), sample_weights shape=(16,), zero_neighbor_targets=0
GRAB train batch 73: pair_ids shape=(16,), range=31..10800, coefficients shape=(16, 2), sample_weights shape=(16,), zero_neighbor_targets=0
GRAB train batch 74: pair_ids shape=(16,), range=102..7522, coefficients shape=(16, 2), sample_weights shape=(16,), zero_neighbor_targets=0
GRAB train batch 75: pair_ids shape=(16,), range=170..10836, coefficients shape=(16, 2), sample_weights shape=(16,), zero_neighbor_targets=0
GRAB train batch 76: pair_ids shape=(16,), range=6..10522, coefficients shape=(16, 2), sample_weights shape=(16,), zero_neighbor_targets=0
GRAB train batch 77: pair_ids shape=(8,), range=18..7510, coefficients shape=(8, 2), sample_weights shape=(8,), zero_neighbor_targets=0
VALIDATION
valid epoch balanced_accuracy: 0.476190
EPOCH 53:
GRAB train batch 1: pair_ids shape=(16,), range=105..10836, coefficients shape=(16, 2), sample_weights shape=(16,), zero_neighbor_targets=0
GRAB train batch 2: pair_ids shape=(16,), range=78..9319, coefficients shape=(16, 2), sample_weights shape=(16,), zero_neighbor_targets=0
GRAB train batch 3: pair_ids shape=(16,), range=21..10299, coefficients shape=(16, 2), sample_weights shape=(16,), zero_neighbor_targets=0
GRAB train batch 4: pair_ids shape=(16,), range=85..10988, coefficients shape=(16, 2), sample_weights shape=(16,), zero_neighbor_targets=0
GRAB train batch 5: pair_ids shape=(16,), range=37..6314, coefficients shape=(16, 2), sample_weights shape=(16,), zero_neighbor_targets=0
GRAB train batch 6: pair_ids shape=(16,), range=9..10225, coefficients shape=(16, 2), sample_weights shape=(16,), zero_neighbor_targets=0
GRAB train batch 7: pair_ids shape=(16,), range=81..10994, coefficients shape=(16, 2), sample_weights shape=(16,), zero_neighbor_targets=0
GRAB train batch 8: pair_ids shape=(16,), range=70..10396, coefficients shape=(16, 2), sample_weights shape=(16,), zero_neighbor_targets=0
GRAB train batch 9: pair_ids shape=(16,), range=172..10264, coefficients shape=(16, 2), sample_weights shape=(16,), zero_neighbor_targets=0
GRAB train batch 10: pair_ids shape=(16,), range=6..10393, coefficients shape=(16, 2), sample_weights shape=(16,), zero_neighbor_targets=0
GRAB train batch 11: pair_ids shape=(16,), range=24..10205, coefficients shape=(16, 2), sample_weights shape=(16,), zero_neighbor_targets=0
GRAB train batch 12: pair_ids shape=(16,), range=167..9608, coefficients shape=(16, 2), sample_weights shape=(16,), zero_neighbor_targets=0
GRAB train batch 13: pair_ids shape=(16,), range=14..9914, coefficients shape=(16, 2), sample_weights shape=(16,), zero_neighbor_targets=0
GRAB train batch 14: pair_ids shape=(16,), range=2..10891, coefficients shape=(16, 2), sample_weights shape=(16,), zero_neighbor_targets=0
GRAB train batch 15: pair_ids shape=(16,), range=31..7536, coefficients shape=(16, 2), sample_weights shape=(16,), zero_neighbor_targets=0
GRAB train batch 16: pair_ids shape=(16,), range=10..10522, coefficients shape=(16, 2), sample_weights shape=(16,), zero_neighbor_targets=0
GRAB train batch 17: pair_ids shape=(16,), range=19..10384, coefficients shape=(16, 2), sample_weights shape=(16,), zero_neighbor_targets=0
GRAB train batch 18: pair_ids shape=(16,), range=8..8731, coefficients shape=(16, 2), sample_weights shape=(16,), zero_neighbor_targets=0
GRAB train batch 19: pair_ids shape=(16,), range=135..7369, coefficients shape=(16, 2), sample_weights shape=(16,), zero_neighbor_targets=0
GRAB train batch 20: pair_ids shape=(16,), range=23..10227, coefficients shape=(16, 2), sample_weights shape=(16,), zero_neighbor_targets=0
GRAB train batch 21: pair_ids shape=(16,), range=25..9913, coefficients shape=(16, 2), sample_weights shape=(16,), zero_neighbor_targets=0
GRAB train batch 22: pair_ids shape=(16,), range=104..10728, coefficients shape=(16, 2), sample_weights shape=(16,), zero_neighbor_targets=0
GRAB train batch 23: pair_ids shape=(16,), range=7..9818, coefficients shape=(16, 2), sample_weights shape=(16,), zero_neighbor_targets=0
GRAB train batch 24: pair_ids shape=(16,), range=13..10027, coefficients shape=(16, 2), sample_weights shape=(16,), zero_neighbor_targets=0
GRAB train batch 25: pair_ids shape=(16,), range=1..10447, coefficients shape=(16, 2), sample_weights shape=(16,), zero_neighbor_targets=0
GRAB train batch 26: pair_ids shape=(16,), range=22..9220, coefficients shape=(16, 2), sample_weights shape=(16,), zero_neighbor_targets=0
GRAB train batch 27: pair_ids shape=(16,), range=16..10524, coefficients shape=(16, 2), sample_weights shape=(16,), zero_neighbor_targets=0
GRAB train batch 28: pair_ids shape=(16,), range=83..8729, coefficients shape=(16, 2), sample_weights shape=(16,), zero_neighbor_targets=0
GRAB train batch 29: pair_ids shape=(16,), range=5..9036, coefficients shape=(16, 2), sample_weights shape=(16,), zero_neighbor_targets=0
GRAB train batch 30: pair_ids shape=(16,), range=152..10600, coefficients shape=(16, 2), sample_weights shape=(16,), zero_neighbor_targets=0
GRAB train batch 31: pair_ids shape=(16,), range=36..9956, coefficients shape=(16, 2), sample_weights shape=(16,), zero_neighbor_targets=0
GRAB train batch 32: pair_ids shape=(16,), range=112..10627, coefficients shape=(16, 2), sample_weights shape=(16,), zero_neighbor_targets=0
GRAB train batch 33: pair_ids shape=(16,), range=20..10811, coefficients shape=(16, 2), sample_weights shape=(16,), zero_neighbor_targets=0
GRAB train batch 34: pair_ids shape=(16,), range=35..10502, coefficients shape=(16, 2), sample_weights shape=(16,), zero_neighbor_targets=0
GRAB train batch 35: pair_ids shape=(16,), range=44..10259, coefficients shape=(16, 2), sample_weights shape=(16,), zero_neighbor_targets=0
GRAB train batch 36: pair_ids shape=(16,), range=255..10473, coefficients shape=(16, 2), sample_weights shape=(16,), zero_neighbor_targets=0
GRAB train batch 37: pair_ids shape=(16,), range=39..10772, coefficients shape=(16, 2), sample_weights shape=(16,), zero_neighbor_targets=0
GRAB train batch 38: pair_ids shape=(16,), range=3..10764, coefficients shape=(16, 2), sample_weights shape=(16,), zero_neighbor_targets=0
GRAB train batch 39: pair_ids shape=(16,), range=385..10462, coefficients shape=(16, 2), sample_weights shape=(16,), zero_neighbor_targets=0
GRAB train batch 40: pair_ids shape=(16,), range=33..9795, coefficients shape=(16, 2), sample_weights shape=(16,), zero_neighbor_targets=0
GRAB train batch 41: pair_ids shape=(16,), range=133..10984, coefficients shape=(16, 2), sample_weights shape=(16,), zero_neighbor_targets=0
GRAB train batch 42: pair_ids shape=(16,), range=0..10404, coefficients shape=(16, 2), sample_weights shape=(16,), zero_neighbor_targets=0
GRAB train batch 43: pair_ids shape=(16,), range=41..10851, coefficients shape=(16, 2), sample_weights shape=(16,), zero_neighbor_targets=0
GRAB train batch 44: pair_ids shape=(16,), range=11..9387, coefficients shape=(16, 2), sample_weights shape=(16,), zero_neighbor_targets=0
GRAB train batch 45: pair_ids shape=(16,), range=74..9840, coefficients shape=(16, 2), sample_weights shape=(16,), zero_neighbor_targets=0
GRAB train batch 46: pair_ids shape=(16,), range=80..10475, coefficients shape=(16, 2), sample_weights shape=(16,), zero_neighbor_targets=0
GRAB train batch 47: pair_ids shape=(16,), range=113..10800, coefficients shape=(16, 2), sample_weights shape=(16,), zero_neighbor_targets=0
GRAB train batch 48: pair_ids shape=(16,), range=12..8678, coefficients shape=(16, 2), sample_weights shape=(16,), zero_neighbor_targets=0
GRAB train batch 49: pair_ids shape=(16,), range=79..9272, coefficients shape=(16, 2), sample_weights shape=(16,), zero_neighbor_targets=0
GRAB train batch 50: pair_ids shape=(16,), range=94..9887, coefficients shape=(16, 2), sample_weights shape=(16,), zero_neighbor_targets=0
GRAB train batch 51: pair_ids shape=(16,), range=250..5823, coefficients shape=(16, 2), sample_weights shape=(16,), zero_neighbor_targets=0
GRAB train batch 52: pair_ids shape=(16,), range=128..7448, coefficients shape=(16, 2), sample_weights shape=(16,), zero_neighbor_targets=0
GRAB train batch 53: pair_ids shape=(16,), range=147..10850, coefficients shape=(16, 2), sample_weights shape=(16,), zero_neighbor_targets=0
GRAB train batch 54: pair_ids shape=(16,), range=75..9939, coefficients shape=(16, 2), sample_weights shape=(16,), zero_neighbor_targets=0
GRAB train batch 55: pair_ids shape=(16,), range=38..8210, coefficients shape=(16, 2), sample_weights shape=(16,), zero_neighbor_targets=0
GRAB train batch 56: pair_ids shape=(16,), range=82..10935, coefficients shape=(16, 2), sample_weights shape=(16,), zero_neighbor_targets=0
GRAB train batch 57: pair_ids shape=(16,), range=161..10009, coefficients shape=(16, 2), sample_weights shape=(16,), zero_neighbor_targets=0
GRAB train batch 58: pair_ids shape=(16,), range=29..9822, coefficients shape=(16, 2), sample_weights shape=(16,), zero_neighbor_targets=0
GRAB train batch 59: pair_ids shape=(16,), range=102..10435, coefficients shape=(16, 2), sample_weights shape=(16,), zero_neighbor_targets=0
GRAB train batch 60: pair_ids shape=(16,), range=66..9739, coefficients shape=(16, 2), sample_weights shape=(16,), zero_neighbor_targets=0
GRAB train batch 61: pair_ids shape=(16,), range=28..7930, coefficients shape=(16, 2), sample_weights shape=(16,), zero_neighbor_targets=0
GRAB train batch 62: pair_ids shape=(16,), range=90..10987, coefficients shape=(16, 2), sample_weights shape=(16,), zero_neighbor_targets=0
GRAB train batch 63: pair_ids shape=(16,), range=73..10471, coefficients shape=(16, 2), sample_weights shape=(16,), zero_neighbor_targets=0
GRAB train batch 64: pair_ids shape=(16,), range=305..10374, coefficients shape=(16, 2), sample_weights shape=(16,), zero_neighbor_targets=0
GRAB train batch 65: pair_ids shape=(16,), range=26..9293, coefficients shape=(16, 2), sample_weights shape=(16,), zero_neighbor_targets=0
GRAB train batch 66: pair_ids shape=(16,), range=42..10817, coefficients shape=(16, 2), sample_weights shape=(16,), zero_neighbor_targets=0
GRAB train batch 67: pair_ids shape=(16,), range=156..10453, coefficients shape=(16, 2), sample_weights shape=(16,), zero_neighbor_targets=0
GRAB train batch 68: pair_ids shape=(16,), range=139..8370, coefficients shape=(16, 2), sample_weights shape=(16,), zero_neighbor_targets=0
GRAB train batch 69: pair_ids shape=(16,), range=200..10742, coefficients shape=(16, 2), sample_weights shape=(16,), zero_neighbor_targets=0
GRAB train batch 70: pair_ids shape=(16,), range=209..10590, coefficients shape=(16, 2), sample_weights shape=(16,), zero_neighbor_targets=0
GRAB train batch 71: pair_ids shape=(16,), range=101..10360, coefficients shape=(16, 2), sample_weights shape=(16,), zero_neighbor_targets=0
GRAB train batch 72: pair_ids shape=(16,), range=27..10795, coefficients shape=(16, 2), sample_weights shape=(16,), zero_neighbor_targets=0
GRAB train batch 73: pair_ids shape=(16,), range=4..8491, coefficients shape=(16, 2), sample_weights shape=(16,), zero_neighbor_targets=0
GRAB train batch 74: pair_ids shape=(16,), range=119..9007, coefficients shape=(16, 2), sample_weights shape=(16,), zero_neighbor_targets=0
GRAB train batch 75: pair_ids shape=(16,), range=87..10398, coefficients shape=(16, 2), sample_weights shape=(16,), zero_neighbor_targets=0
GRAB train batch 76: pair_ids shape=(16,), range=157..10277, coefficients shape=(16, 2), sample_weights shape=(16,), zero_neighbor_targets=0
GRAB train batch 77: pair_ids shape=(8,), range=165..10312, coefficients shape=(8, 2), sample_weights shape=(8,), zero_neighbor_targets=0
VALIDATION
valid epoch balanced_accuracy: 0.374542
EPOCH 54:
GRAB train batch 1: pair_ids shape=(16,), range=16..10764, coefficients shape=(16, 2), sample_weights shape=(16,), zero_neighbor_targets=0
GRAB train batch 2: pair_ids shape=(16,), range=21..9498, coefficients shape=(16, 2), sample_weights shape=(16,), zero_neighbor_targets=0
GRAB train batch 3: pair_ids shape=(16,), range=114..9500, coefficients shape=(16, 2), sample_weights shape=(16,), zero_neighbor_targets=0
GRAB train batch 4: pair_ids shape=(16,), range=109..8210, coefficients shape=(16, 2), sample_weights shape=(16,), zero_neighbor_targets=0
GRAB train batch 5: pair_ids shape=(16,), range=187..10685, coefficients shape=(16, 2), sample_weights shape=(16,), zero_neighbor_targets=0
GRAB train batch 6: pair_ids shape=(16,), range=67..10600, coefficients shape=(16, 2), sample_weights shape=(16,), zero_neighbor_targets=0
GRAB train batch 7: pair_ids shape=(16,), range=39..9546, coefficients shape=(16, 2), sample_weights shape=(16,), zero_neighbor_targets=0
GRAB train batch 8: pair_ids shape=(16,), range=29..10411, coefficients shape=(16, 2), sample_weights shape=(16,), zero_neighbor_targets=0
GRAB train batch 9: pair_ids shape=(16,), range=166..10662, coefficients shape=(16, 2), sample_weights shape=(16,), zero_neighbor_targets=0
GRAB train batch 10: pair_ids shape=(16,), range=123..5083, coefficients shape=(16, 2), sample_weights shape=(16,), zero_neighbor_targets=0
GRAB train batch 11: pair_ids shape=(16,), range=17..9391, coefficients shape=(16, 2), sample_weights shape=(16,), zero_neighbor_targets=0
GRAB train batch 12: pair_ids shape=(16,), range=89..10795, coefficients shape=(16, 2), sample_weights shape=(16,), zero_neighbor_targets=0
GRAB train batch 13: pair_ids shape=(16,), range=126..7440, coefficients shape=(16, 2), sample_weights shape=(16,), zero_neighbor_targets=0
GRAB train batch 14: pair_ids shape=(16,), range=5..9139, coefficients shape=(16, 2), sample_weights shape=(16,), zero_neighbor_targets=0
GRAB train batch 15: pair_ids shape=(16,), range=2..10524, coefficients shape=(16, 2), sample_weights shape=(16,), zero_neighbor_targets=0
GRAB train batch 16: pair_ids shape=(16,), range=154..9272, coefficients shape=(16, 2), sample_weights shape=(16,), zero_neighbor_targets=0
GRAB train batch 17: pair_ids shape=(16,), range=22..8858, coefficients shape=(16, 2), sample_weights shape=(16,), zero_neighbor_targets=0
GRAB train batch 18: pair_ids shape=(16,), range=92..8772, coefficients shape=(16, 2), sample_weights shape=(16,), zero_neighbor_targets=0
GRAB train batch 19: pair_ids shape=(16,), range=43..10935, coefficients shape=(16, 2), sample_weights shape=(16,), zero_neighbor_targets=0
GRAB train batch 20: pair_ids shape=(16,), range=64..9023, coefficients shape=(16, 2), sample_weights shape=(16,), zero_neighbor_targets=0
GRAB train batch 21: pair_ids shape=(16,), range=12..7339, coefficients shape=(16, 2), sample_weights shape=(16,), zero_neighbor_targets=0
GRAB train batch 22: pair_ids shape=(16,), range=90..10590, coefficients shape=(16, 2), sample_weights shape=(16,), zero_neighbor_targets=0
GRAB train batch 23: pair_ids shape=(16,), range=13..10988, coefficients shape=(16, 2), sample_weights shape=(16,), zero_neighbor_targets=0
GRAB train batch 24: pair_ids shape=(16,), range=106..10994, coefficients shape=(16, 2), sample_weights shape=(16,), zero_neighbor_targets=0
GRAB train batch 25: pair_ids shape=(16,), range=25..9180, coefficients shape=(16, 2), sample_weights shape=(16,), zero_neighbor_targets=0
GRAB train batch 26: pair_ids shape=(16,), range=30..10471, coefficients shape=(16, 2), sample_weights shape=(16,), zero_neighbor_targets=0
GRAB train batch 27: pair_ids shape=(16,), range=10..10475, coefficients shape=(16, 2), sample_weights shape=(16,), zero_neighbor_targets=0
GRAB train batch 28: pair_ids shape=(16,), range=68..9622, coefficients shape=(16, 2), sample_weights shape=(16,), zero_neighbor_targets=0
GRAB train batch 29: pair_ids shape=(16,), range=24..7815, coefficients shape=(16, 2), sample_weights shape=(16,), zero_neighbor_targets=0
GRAB train batch 30: pair_ids shape=(16,), range=27..10170, coefficients shape=(16, 2), sample_weights shape=(16,), zero_neighbor_targets=0
GRAB train batch 31: pair_ids shape=(16,), range=148..9504, coefficients shape=(16, 2), sample_weights shape=(16,), zero_neighbor_targets=0
GRAB train batch 32: pair_ids shape=(16,), range=66..10522, coefficients shape=(16, 2), sample_weights shape=(16,), zero_neighbor_targets=0
GRAB train batch 33: pair_ids shape=(16,), range=108..9535, coefficients shape=(16, 2), sample_weights shape=(16,), zero_neighbor_targets=0
GRAB train batch 34: pair_ids shape=(16,), range=85..8224, coefficients shape=(16, 2), sample_weights shape=(16,), zero_neighbor_targets=0
GRAB train batch 35: pair_ids shape=(16,), range=7..7913, coefficients shape=(16, 2), sample_weights shape=(16,), zero_neighbor_targets=0
GRAB train batch 36: pair_ids shape=(16,), range=121..10277, coefficients shape=(16, 2), sample_weights shape=(16,), zero_neighbor_targets=0
GRAB train batch 37: pair_ids shape=(16,), range=134..10227, coefficients shape=(16, 2), sample_weights shape=(16,), zero_neighbor_targets=0
GRAB train batch 38: pair_ids shape=(16,), range=3..10299, coefficients shape=(16, 2), sample_weights shape=(16,), zero_neighbor_targets=0
GRAB train batch 39: pair_ids shape=(16,), range=97..9007, coefficients shape=(16, 2), sample_weights shape=(16,), zero_neighbor_targets=0
GRAB train batch 40: pair_ids shape=(16,), range=210..10462, coefficients shape=(16, 2), sample_weights shape=(16,), zero_neighbor_targets=0
GRAB train batch 41: pair_ids shape=(16,), range=70..9097, coefficients shape=(16, 2), sample_weights shape=(16,), zero_neighbor_targets=0
GRAB train batch 42: pair_ids shape=(16,), range=129..10811, coefficients shape=(16, 2), sample_weights shape=(16,), zero_neighbor_targets=0
GRAB train batch 43: pair_ids shape=(16,), range=253..10984, coefficients shape=(16, 2), sample_weights shape=(16,), zero_neighbor_targets=0
GRAB train batch 44: pair_ids shape=(16,), range=131..9176, coefficients shape=(16, 2), sample_weights shape=(16,), zero_neighbor_targets=0
GRAB train batch 45: pair_ids shape=(16,), range=79..5865, coefficients shape=(16, 2), sample_weights shape=(16,), zero_neighbor_targets=0
GRAB train batch 46: pair_ids shape=(16,), range=87..9459, coefficients shape=(16, 2), sample_weights shape=(16,), zero_neighbor_targets=0
GRAB train batch 47: pair_ids shape=(16,), range=9..10453, coefficients shape=(16, 2), sample_weights shape=(16,), zero_neighbor_targets=0
GRAB train batch 48: pair_ids shape=(16,), range=32..10850, coefficients shape=(16, 2), sample_weights shape=(16,), zero_neighbor_targets=0
GRAB train batch 49: pair_ids shape=(16,), range=125..10248, coefficients shape=(16, 2), sample_weights shape=(16,), zero_neighbor_targets=0
GRAB train batch 50: pair_ids shape=(16,), range=0..10331, coefficients shape=(16, 2), sample_weights shape=(16,), zero_neighbor_targets=0
GRAB train batch 51: pair_ids shape=(16,), range=141..10772, coefficients shape=(16, 2), sample_weights shape=(16,), zero_neighbor_targets=0
GRAB train batch 52: pair_ids shape=(16,), range=113..9598, coefficients shape=(16, 2), sample_weights shape=(16,), zero_neighbor_targets=0
GRAB train batch 53: pair_ids shape=(16,), range=99..6108, coefficients shape=(16, 2), sample_weights shape=(16,), zero_neighbor_targets=0
GRAB train batch 54: pair_ids shape=(16,), range=20..10005, coefficients shape=(16, 2), sample_weights shape=(16,), zero_neighbor_targets=0
GRAB train batch 55: pair_ids shape=(16,), range=34..10800, coefficients shape=(16, 2), sample_weights shape=(16,), zero_neighbor_targets=0
GRAB train batch 56: pair_ids shape=(16,), range=15..7448, coefficients shape=(16, 2), sample_weights shape=(16,), zero_neighbor_targets=0
GRAB train batch 57: pair_ids shape=(16,), range=6..10987, coefficients shape=(16, 2), sample_weights shape=(16,), zero_neighbor_targets=0
GRAB train batch 58: pair_ids shape=(16,), range=120..10435, coefficients shape=(16, 2), sample_weights shape=(16,), zero_neighbor_targets=0
GRAB train batch 59: pair_ids shape=(16,), range=4..10742, coefficients shape=(16, 2), sample_weights shape=(16,), zero_neighbor_targets=0
GRAB train batch 60: pair_ids shape=(16,), range=83..10360, coefficients shape=(16, 2), sample_weights shape=(16,), zero_neighbor_targets=0
GRAB train batch 61: pair_ids shape=(16,), range=98..10362, coefficients shape=(16, 2), sample_weights shape=(16,), zero_neighbor_targets=0
GRAB train batch 62: pair_ids shape=(16,), range=26..10728, coefficients shape=(16, 2), sample_weights shape=(16,), zero_neighbor_targets=0
GRAB train batch 63: pair_ids shape=(16,), range=171..9954, coefficients shape=(16, 2), sample_weights shape=(16,), zero_neighbor_targets=0
GRAB train batch 64: pair_ids shape=(16,), range=38..9608, coefficients shape=(16, 2), sample_weights shape=(16,), zero_neighbor_targets=0
GRAB train batch 65: pair_ids shape=(16,), range=41..9914, coefficients shape=(16, 2), sample_weights shape=(16,), zero_neighbor_targets=0
GRAB train batch 66: pair_ids shape=(16,), range=1..10312, coefficients shape=(16, 2), sample_weights shape=(16,), zero_neighbor_targets=0
GRAB train batch 67: pair_ids shape=(16,), range=37..8233, coefficients shape=(16, 2), sample_weights shape=(16,), zero_neighbor_targets=0
GRAB train batch 68: pair_ids shape=(16,), range=81..9956, coefficients shape=(16, 2), sample_weights shape=(16,), zero_neighbor_targets=0
GRAB train batch 69: pair_ids shape=(16,), range=75..9822, coefficients shape=(16, 2), sample_weights shape=(16,), zero_neighbor_targets=0
GRAB train batch 70: pair_ids shape=(16,), range=35..8678, coefficients shape=(16, 2), sample_weights shape=(16,), zero_neighbor_targets=0
GRAB train batch 71: pair_ids shape=(16,), range=274..9017, coefficients shape=(16, 2), sample_weights shape=(16,), zero_neighbor_targets=0
GRAB train batch 72: pair_ids shape=(16,), range=11..10851, coefficients shape=(16, 2), sample_weights shape=(16,), zero_neighbor_targets=0
GRAB train batch 73: pair_ids shape=(16,), range=8..10836, coefficients shape=(16, 2), sample_weights shape=(16,), zero_neighbor_targets=0
GRAB train batch 74: pair_ids shape=(16,), range=299..10891, coefficients shape=(16, 2), sample_weights shape=(16,), zero_neighbor_targets=0
GRAB train batch 75: pair_ids shape=(16,), range=23..7023, coefficients shape=(16, 2), sample_weights shape=(16,), zero_neighbor_targets=0
GRAB train batch 76: pair_ids shape=(16,), range=144..10817, coefficients shape=(16, 2), sample_weights shape=(16,), zero_neighbor_targets=0
GRAB train batch 77: pair_ids shape=(8,), range=107..9228, coefficients shape=(8, 2), sample_weights shape=(8,), zero_neighbor_targets=0
VALIDATION
valid epoch balanced_accuracy: 0.383700
EPOCH 55:
GRAB train batch 1: pair_ids shape=(16,), range=83..7913, coefficients shape=(16, 2), sample_weights shape=(16,), zero_neighbor_targets=0
GRAB train batch 2: pair_ids shape=(16,), range=9..9937, coefficients shape=(16, 2), sample_weights shape=(16,), zero_neighbor_targets=0
GRAB train batch 3: pair_ids shape=(16,), range=344..10728, coefficients shape=(16, 2), sample_weights shape=(16,), zero_neighbor_targets=0
GRAB train batch 4: pair_ids shape=(16,), range=18..9488, coefficients shape=(16, 2), sample_weights shape=(16,), zero_neighbor_targets=0
GRAB train batch 5: pair_ids shape=(16,), range=131..10800, coefficients shape=(16, 2), sample_weights shape=(16,), zero_neighbor_targets=0
GRAB train batch 6: pair_ids shape=(16,), range=41..10225, coefficients shape=(16, 2), sample_weights shape=(16,), zero_neighbor_targets=0
GRAB train batch 7: pair_ids shape=(16,), range=168..10851, coefficients shape=(16, 2), sample_weights shape=(16,), zero_neighbor_targets=0
GRAB train batch 8: pair_ids shape=(16,), range=90..6314, coefficients shape=(16, 2), sample_weights shape=(16,), zero_neighbor_targets=0
GRAB train batch 9: pair_ids shape=(16,), range=16..9220, coefficients shape=(16, 2), sample_weights shape=(16,), zero_neighbor_targets=0
GRAB train batch 10: pair_ids shape=(16,), range=273..9537, coefficients shape=(16, 2), sample_weights shape=(16,), zero_neighbor_targets=0
GRAB train batch 11: pair_ids shape=(16,), range=24..10994, coefficients shape=(16, 2), sample_weights shape=(16,), zero_neighbor_targets=0
GRAB train batch 12: pair_ids shape=(16,), range=96..10987, coefficients shape=(16, 2), sample_weights shape=(16,), zero_neighbor_targets=0
GRAB train batch 13: pair_ids shape=(16,), range=79..9939, coefficients shape=(16, 2), sample_weights shape=(16,), zero_neighbor_targets=0
GRAB train batch 14: pair_ids shape=(16,), range=32..10500, coefficients shape=(16, 2), sample_weights shape=(16,), zero_neighbor_targets=0
GRAB train batch 15: pair_ids shape=(16,), range=7..5660, coefficients shape=(16, 2), sample_weights shape=(16,), zero_neighbor_targets=0
GRAB train batch 16: pair_ids shape=(16,), range=92..9333, coefficients shape=(16, 2), sample_weights shape=(16,), zero_neighbor_targets=0
GRAB train batch 17: pair_ids shape=(16,), range=36..9027, coefficients shape=(16, 2), sample_weights shape=(16,), zero_neighbor_targets=0
GRAB train batch 18: pair_ids shape=(16,), range=27..10411, coefficients shape=(16, 2), sample_weights shape=(16,), zero_neighbor_targets=0
GRAB train batch 19: pair_ids shape=(16,), range=87..9698, coefficients shape=(16, 2), sample_weights shape=(16,), zero_neighbor_targets=0
GRAB train batch 20: pair_ids shape=(16,), range=14..7975, coefficients shape=(16, 2), sample_weights shape=(16,), zero_neighbor_targets=0
GRAB train batch 21: pair_ids shape=(16,), range=136..6838, coefficients shape=(16, 2), sample_weights shape=(16,), zero_neighbor_targets=0
GRAB train batch 22: pair_ids shape=(16,), range=43..8928, coefficients shape=(16, 2), sample_weights shape=(16,), zero_neighbor_targets=0
GRAB train batch 23: pair_ids shape=(16,), range=17..10009, coefficients shape=(16, 2), sample_weights shape=(16,), zero_neighbor_targets=0
GRAB train batch 24: pair_ids shape=(16,), range=72..10447, coefficients shape=(16, 2), sample_weights shape=(16,), zero_neighbor_targets=0
GRAB train batch 25: pair_ids shape=(16,), range=13..9498, coefficients shape=(16, 2), sample_weights shape=(16,), zero_neighbor_targets=0
GRAB train batch 26: pair_ids shape=(16,), range=135..10600, coefficients shape=(16, 2), sample_weights shape=(16,), zero_neighbor_targets=0
GRAB train batch 27: pair_ids shape=(16,), range=45..7863, coefficients shape=(16, 2), sample_weights shape=(16,), zero_neighbor_targets=0
GRAB train batch 28: pair_ids shape=(16,), range=354..10685, coefficients shape=(16, 2), sample_weights shape=(16,), zero_neighbor_targets=0
GRAB train batch 29: pair_ids shape=(16,), range=80..10988, coefficients shape=(16, 2), sample_weights shape=(16,), zero_neighbor_targets=0
GRAB train batch 30: pair_ids shape=(16,), range=0..10396, coefficients shape=(16, 2), sample_weights shape=(16,), zero_neighbor_targets=0
GRAB train batch 31: pair_ids shape=(16,), range=178..9739, coefficients shape=(16, 2), sample_weights shape=(16,), zero_neighbor_targets=0
GRAB train batch 32: pair_ids shape=(16,), range=44..9278, coefficients shape=(16, 2), sample_weights shape=(16,), zero_neighbor_targets=0
GRAB train batch 33: pair_ids shape=(16,), range=21..10662, coefficients shape=(16, 2), sample_weights shape=(16,), zero_neighbor_targets=0
GRAB train batch 34: pair_ids shape=(16,), range=31..10502, coefficients shape=(16, 2), sample_weights shape=(16,), zero_neighbor_targets=0
GRAB train batch 35: pair_ids shape=(16,), range=22..10170, coefficients shape=(16, 2), sample_weights shape=(16,), zero_neighbor_targets=0
GRAB train batch 36: pair_ids shape=(16,), range=276..10772, coefficients shape=(16, 2), sample_weights shape=(16,), zero_neighbor_targets=0
GRAB train batch 37: pair_ids shape=(16,), range=76..9073, coefficients shape=(16, 2), sample_weights shape=(16,), zero_neighbor_targets=0
GRAB train batch 38: pair_ids shape=(16,), range=97..8590, coefficients shape=(16, 2), sample_weights shape=(16,), zero_neighbor_targets=0
GRAB train batch 39: pair_ids shape=(16,), range=30..10811, coefficients shape=(16, 2), sample_weights shape=(16,), zero_neighbor_targets=0
GRAB train batch 40: pair_ids shape=(16,), range=214..7496, coefficients shape=(16, 2), sample_weights shape=(16,), zero_neighbor_targets=0
GRAB train batch 41: pair_ids shape=(16,), range=284..10259, coefficients shape=(16, 2), sample_weights shape=(16,), zero_neighbor_targets=0
GRAB train batch 42: pair_ids shape=(16,), range=154..10590, coefficients shape=(16, 2), sample_weights shape=(16,), zero_neighbor_targets=0
GRAB train batch 43: pair_ids shape=(16,), range=71..8594, coefficients shape=(16, 2), sample_weights shape=(16,), zero_neighbor_targets=0
GRAB train batch 44: pair_ids shape=(16,), range=40..10404, coefficients shape=(16, 2), sample_weights shape=(16,), zero_neighbor_targets=0
GRAB train batch 45: pair_ids shape=(16,), range=38..10742, coefficients shape=(16, 2), sample_weights shape=(16,), zero_neighbor_targets=0
GRAB train batch 46: pair_ids shape=(16,), range=8..6766, coefficients shape=(16, 2), sample_weights shape=(16,), zero_neighbor_targets=0
GRAB train batch 47: pair_ids shape=(16,), range=26..10836, coefficients shape=(16, 2), sample_weights shape=(16,), zero_neighbor_targets=0
GRAB train batch 48: pair_ids shape=(16,), range=1..10891, coefficients shape=(16, 2), sample_weights shape=(16,), zero_neighbor_targets=0
GRAB train batch 49: pair_ids shape=(16,), range=250..9249, coefficients shape=(16, 2), sample_weights shape=(16,), zero_neighbor_targets=0
GRAB train batch 50: pair_ids shape=(16,), range=120..9196, coefficients shape=(16, 2), sample_weights shape=(16,), zero_neighbor_targets=0
GRAB train batch 51: pair_ids shape=(16,), range=2..9956, coefficients shape=(16, 2), sample_weights shape=(16,), zero_neighbor_targets=0
GRAB train batch 52: pair_ids shape=(16,), range=3..9598, coefficients shape=(16, 2), sample_weights shape=(16,), zero_neighbor_targets=0
GRAB train batch 53: pair_ids shape=(16,), range=23..10005, coefficients shape=(16, 2), sample_weights shape=(16,), zero_neighbor_targets=0
GRAB train batch 54: pair_ids shape=(16,), range=65..10795, coefficients shape=(16, 2), sample_weights shape=(16,), zero_neighbor_targets=0
GRAB train batch 55: pair_ids shape=(16,), range=111..10331, coefficients shape=(16, 2), sample_weights shape=(16,), zero_neighbor_targets=0
GRAB train batch 56: pair_ids shape=(16,), range=121..8671, coefficients shape=(16, 2), sample_weights shape=(16,), zero_neighbor_targets=0
GRAB train batch 57: pair_ids shape=(16,), range=66..9622, coefficients shape=(16, 2), sample_weights shape=(16,), zero_neighbor_targets=0
GRAB train batch 58: pair_ids shape=(16,), range=102..9608, coefficients shape=(16, 2), sample_weights shape=(16,), zero_neighbor_targets=0
GRAB train batch 59: pair_ids shape=(16,), range=169..10764, coefficients shape=(16, 2), sample_weights shape=(16,), zero_neighbor_targets=0
GRAB train batch 60: pair_ids shape=(16,), range=20..9887, coefficients shape=(16, 2), sample_weights shape=(16,), zero_neighbor_targets=0
GRAB train batch 61: pair_ids shape=(16,), range=28..9319, coefficients shape=(16, 2), sample_weights shape=(16,), zero_neighbor_targets=0
GRAB train batch 62: pair_ids shape=(16,), range=132..9704, coefficients shape=(16, 2), sample_weights shape=(16,), zero_neighbor_targets=0
GRAB train batch 63: pair_ids shape=(16,), range=95..10817, coefficients shape=(16, 2), sample_weights shape=(16,), zero_neighbor_targets=0
GRAB train batch 64: pair_ids shape=(16,), range=164..9954, coefficients shape=(16, 2), sample_weights shape=(16,), zero_neighbor_targets=0
GRAB train batch 65: pair_ids shape=(16,), range=70..5795, coefficients shape=(16, 2), sample_weights shape=(16,), zero_neighbor_targets=0
GRAB train batch 66: pair_ids shape=(16,), range=109..10850, coefficients shape=(16, 2), sample_weights shape=(16,), zero_neighbor_targets=0
GRAB train batch 67: pair_ids shape=(16,), range=4..9534, coefficients shape=(16, 2), sample_weights shape=(16,), zero_neighbor_targets=0
GRAB train batch 68: pair_ids shape=(16,), range=6..9403, coefficients shape=(16, 2), sample_weights shape=(16,), zero_neighbor_targets=0
GRAB train batch 69: pair_ids shape=(16,), range=25..10277, coefficients shape=(16, 2), sample_weights shape=(16,), zero_neighbor_targets=0
GRAB train batch 70: pair_ids shape=(16,), range=163..10360, coefficients shape=(16, 2), sample_weights shape=(16,), zero_neighbor_targets=0
GRAB train batch 71: pair_ids shape=(16,), range=69..8472, coefficients shape=(16, 2), sample_weights shape=(16,), zero_neighbor_targets=0
GRAB train batch 72: pair_ids shape=(16,), range=10..10984, coefficients shape=(16, 2), sample_weights shape=(16,), zero_neighbor_targets=0
GRAB train batch 73: pair_ids shape=(16,), range=5..10935, coefficients shape=(16, 2), sample_weights shape=(16,), zero_neighbor_targets=0
GRAB train batch 74: pair_ids shape=(16,), range=86..10393, coefficients shape=(16, 2), sample_weights shape=(16,), zero_neighbor_targets=0
GRAB train batch 75: pair_ids shape=(16,), range=125..7872, coefficients shape=(16, 2), sample_weights shape=(16,), zero_neighbor_targets=0
GRAB train batch 76: pair_ids shape=(16,), range=11..10299, coefficients shape=(16, 2), sample_weights shape=(16,), zero_neighbor_targets=0
GRAB train batch 77: pair_ids shape=(8,), range=306..8370, coefficients shape=(8, 2), sample_weights shape=(8,), zero_neighbor_targets=0
VALIDATION
valid epoch balanced_accuracy: 0.488095
EPOCH 56:
GRAB train batch 1: pair_ids shape=(16,), range=84..9913, coefficients shape=(16, 2), sample_weights shape=(16,), zero_neighbor_targets=0
GRAB train batch 2: pair_ids shape=(16,), range=34..10836, coefficients shape=(16, 2), sample_weights shape=(16,), zero_neighbor_targets=0
GRAB train batch 3: pair_ids shape=(16,), range=17..10984, coefficients shape=(16, 2), sample_weights shape=(16,), zero_neighbor_targets=0
GRAB train batch 4: pair_ids shape=(16,), range=73..7942, coefficients shape=(16, 2), sample_weights shape=(16,), zero_neighbor_targets=0
GRAB train batch 5: pair_ids shape=(16,), range=15..10728, coefficients shape=(16, 2), sample_weights shape=(16,), zero_neighbor_targets=0
GRAB train batch 6: pair_ids shape=(16,), range=19..10764, coefficients shape=(16, 2), sample_weights shape=(16,), zero_neighbor_targets=0
GRAB train batch 7: pair_ids shape=(16,), range=80..9146, coefficients shape=(16, 2), sample_weights shape=(16,), zero_neighbor_targets=0
GRAB train batch 8: pair_ids shape=(16,), range=65..8210, coefficients shape=(16, 2), sample_weights shape=(16,), zero_neighbor_targets=0
GRAB train batch 9: pair_ids shape=(16,), range=39..3546, coefficients shape=(16, 2), sample_weights shape=(16,), zero_neighbor_targets=0
GRAB train batch 10: pair_ids shape=(16,), range=107..9956, coefficients shape=(16, 2), sample_weights shape=(16,), zero_neighbor_targets=0
GRAB train batch 11: pair_ids shape=(16,), range=31..9180, coefficients shape=(16, 2), sample_weights shape=(16,), zero_neighbor_targets=0
GRAB train batch 12: pair_ids shape=(16,), range=66..10850, coefficients shape=(16, 2), sample_weights shape=(16,), zero_neighbor_targets=0
GRAB train batch 13: pair_ids shape=(16,), range=188..10522, coefficients shape=(16, 2), sample_weights shape=(16,), zero_neighbor_targets=0
GRAB train batch 14: pair_ids shape=(16,), range=124..10590, coefficients shape=(16, 2), sample_weights shape=(16,), zero_neighbor_targets=0
GRAB train batch 15: pair_ids shape=(16,), range=26..9027, coefficients shape=(16, 2), sample_weights shape=(16,), zero_neighbor_targets=0
GRAB train batch 16: pair_ids shape=(16,), range=196..10935, coefficients shape=(16, 2), sample_weights shape=(16,), zero_neighbor_targets=0
GRAB train batch 17: pair_ids shape=(16,), range=9..9036, coefficients shape=(16, 2), sample_weights shape=(16,), zero_neighbor_targets=0
GRAB train batch 18: pair_ids shape=(16,), range=118..10987, coefficients shape=(16, 2), sample_weights shape=(16,), zero_neighbor_targets=0
GRAB train batch 19: pair_ids shape=(16,), range=16..10225, coefficients shape=(16, 2), sample_weights shape=(16,), zero_neighbor_targets=0
GRAB train batch 20: pair_ids shape=(16,), range=157..9228, coefficients shape=(16, 2), sample_weights shape=(16,), zero_neighbor_targets=0
GRAB train batch 21: pair_ids shape=(16,), range=279..10331, coefficients shape=(16, 2), sample_weights shape=(16,), zero_neighbor_targets=0
GRAB train batch 22: pair_ids shape=(16,), range=87..8670, coefficients shape=(16, 2), sample_weights shape=(16,), zero_neighbor_targets=0
GRAB train batch 23: pair_ids shape=(16,), range=36..9914, coefficients shape=(16, 2), sample_weights shape=(16,), zero_neighbor_targets=0
GRAB train batch 24: pair_ids shape=(16,), range=86..9622, coefficients shape=(16, 2), sample_weights shape=(16,), zero_neighbor_targets=0
GRAB train batch 25: pair_ids shape=(16,), range=88..10811, coefficients shape=(16, 2), sample_weights shape=(16,), zero_neighbor_targets=0
GRAB train batch 26: pair_ids shape=(16,), range=164..10800, coefficients shape=(16, 2), sample_weights shape=(16,), zero_neighbor_targets=0
GRAB train batch 27: pair_ids shape=(16,), range=38..10237, coefficients shape=(16, 2), sample_weights shape=(16,), zero_neighbor_targets=0
GRAB train batch 28: pair_ids shape=(16,), range=69..10500, coefficients shape=(16, 2), sample_weights shape=(16,), zero_neighbor_targets=0
GRAB train batch 29: pair_ids shape=(16,), range=314..9937, coefficients shape=(16, 2), sample_weights shape=(16,), zero_neighbor_targets=0
GRAB train batch 30: pair_ids shape=(16,), range=1..10742, coefficients shape=(16, 2), sample_weights shape=(16,), zero_neighbor_targets=0
GRAB train batch 31: pair_ids shape=(16,), range=27..9045, coefficients shape=(16, 2), sample_weights shape=(16,), zero_neighbor_targets=0
GRAB train batch 32: pair_ids shape=(16,), range=3..6818, coefficients shape=(16, 2), sample_weights shape=(16,), zero_neighbor_targets=0
GRAB train batch 33: pair_ids shape=(16,), range=4..9727, coefficients shape=(16, 2), sample_weights shape=(16,), zero_neighbor_targets=0
GRAB train batch 34: pair_ids shape=(16,), range=148..6766, coefficients shape=(16, 2), sample_weights shape=(16,), zero_neighbor_targets=0
GRAB train batch 35: pair_ids shape=(16,), range=67..9939, coefficients shape=(16, 2), sample_weights shape=(16,), zero_neighbor_targets=0
GRAB train batch 36: pair_ids shape=(16,), range=83..10817, coefficients shape=(16, 2), sample_weights shape=(16,), zero_neighbor_targets=0
GRAB train batch 37: pair_ids shape=(16,), range=139..10009, coefficients shape=(16, 2), sample_weights shape=(16,), zero_neighbor_targets=0
GRAB train batch 38: pair_ids shape=(16,), range=35..9840, coefficients shape=(16, 2), sample_weights shape=(16,), zero_neighbor_targets=0
GRAB train batch 39: pair_ids shape=(16,), range=90..7522, coefficients shape=(16, 2), sample_weights shape=(16,), zero_neighbor_targets=0
GRAB train batch 40: pair_ids shape=(16,), range=23..10994, coefficients shape=(16, 2), sample_weights shape=(16,), zero_neighbor_targets=0
GRAB train batch 41: pair_ids shape=(16,), range=168..10264, coefficients shape=(16, 2), sample_weights shape=(16,), zero_neighbor_targets=0
GRAB train batch 42: pair_ids shape=(16,), range=12..9139, coefficients shape=(16, 2), sample_weights shape=(16,), zero_neighbor_targets=0
GRAB train batch 43: pair_ids shape=(16,), range=7..10227, coefficients shape=(16, 2), sample_weights shape=(16,), zero_neighbor_targets=0
GRAB train batch 44: pair_ids shape=(16,), range=332..10891, coefficients shape=(16, 2), sample_weights shape=(16,), zero_neighbor_targets=0
GRAB train batch 45: pair_ids shape=(16,), range=2..7213, coefficients shape=(16, 2), sample_weights shape=(16,), zero_neighbor_targets=0
GRAB train batch 46: pair_ids shape=(16,), range=14..10435, coefficients shape=(16, 2), sample_weights shape=(16,), zero_neighbor_targets=0
GRAB train batch 47: pair_ids shape=(16,), range=20..10685, coefficients shape=(16, 2), sample_weights shape=(16,), zero_neighbor_targets=0
GRAB train batch 48: pair_ids shape=(16,), range=29..8373, coefficients shape=(16, 2), sample_weights shape=(16,), zero_neighbor_targets=0
GRAB train batch 49: pair_ids shape=(16,), range=89..10473, coefficients shape=(16, 2), sample_weights shape=(16,), zero_neighbor_targets=0
GRAB train batch 50: pair_ids shape=(16,), range=5..9535, coefficients shape=(16, 2), sample_weights shape=(16,), zero_neighbor_targets=0
GRAB train batch 51: pair_ids shape=(16,), range=30..9704, coefficients shape=(16, 2), sample_weights shape=(16,), zero_neighbor_targets=0
GRAB train batch 52: pair_ids shape=(16,), range=246..7872, coefficients shape=(16, 2), sample_weights shape=(16,), zero_neighbor_targets=0
GRAB train batch 53: pair_ids shape=(16,), range=105..9887, coefficients shape=(16, 2), sample_weights shape=(16,), zero_neighbor_targets=0
GRAB train batch 54: pair_ids shape=(16,), range=101..10627, coefficients shape=(16, 2), sample_weights shape=(16,), zero_neighbor_targets=0
GRAB train batch 55: pair_ids shape=(16,), range=116..10524, coefficients shape=(16, 2), sample_weights shape=(16,), zero_neighbor_targets=0
GRAB train batch 56: pair_ids shape=(16,), range=82..10851, coefficients shape=(16, 2), sample_weights shape=(16,), zero_neighbor_targets=0
GRAB train batch 57: pair_ids shape=(16,), range=119..10795, coefficients shape=(16, 2), sample_weights shape=(16,), zero_neighbor_targets=0
GRAB train batch 58: pair_ids shape=(16,), range=13..8310, coefficients shape=(16, 2), sample_weights shape=(16,), zero_neighbor_targets=0
GRAB train batch 59: pair_ids shape=(16,), range=134..9954, coefficients shape=(16, 2), sample_weights shape=(16,), zero_neighbor_targets=0
GRAB train batch 60: pair_ids shape=(16,), range=64..10411, coefficients shape=(16, 2), sample_weights shape=(16,), zero_neighbor_targets=0
GRAB train batch 61: pair_ids shape=(16,), range=175..10471, coefficients shape=(16, 2), sample_weights shape=(16,), zero_neighbor_targets=0
GRAB train batch 62: pair_ids shape=(16,), range=329..10005, coefficients shape=(16, 2), sample_weights shape=(16,), zero_neighbor_targets=0
GRAB train batch 63: pair_ids shape=(16,), range=45..10453, coefficients shape=(16, 2), sample_weights shape=(16,), zero_neighbor_targets=0
GRAB train batch 64: pair_ids shape=(16,), range=111..10384, coefficients shape=(16, 2), sample_weights shape=(16,), zero_neighbor_targets=0
GRAB train batch 65: pair_ids shape=(16,), range=76..10502, coefficients shape=(16, 2), sample_weights shape=(16,), zero_neighbor_targets=0
GRAB train batch 66: pair_ids shape=(16,), range=92..7619, coefficients shape=(16, 2), sample_weights shape=(16,), zero_neighbor_targets=0
GRAB train batch 67: pair_ids shape=(16,), range=298..9391, coefficients shape=(16, 2), sample_weights shape=(16,), zero_neighbor_targets=0
GRAB train batch 68: pair_ids shape=(16,), range=41..6182, coefficients shape=(16, 2), sample_weights shape=(16,), zero_neighbor_targets=0
GRAB train batch 69: pair_ids shape=(16,), range=0..10988, coefficients shape=(16, 2), sample_weights shape=(16,), zero_neighbor_targets=0
GRAB train batch 70: pair_ids shape=(16,), range=6..10170, coefficients shape=(16, 2), sample_weights shape=(16,), zero_neighbor_targets=0
GRAB train batch 71: pair_ids shape=(16,), range=21..9220, coefficients shape=(16, 2), sample_weights shape=(16,), zero_neighbor_targets=0
GRAB train batch 72: pair_ids shape=(16,), range=85..9995, coefficients shape=(16, 2), sample_weights shape=(16,), zero_neighbor_targets=0
GRAB train batch 73: pair_ids shape=(16,), range=141..9293, coefficients shape=(16, 2), sample_weights shape=(16,), zero_neighbor_targets=0
GRAB train batch 74: pair_ids shape=(16,), range=68..10398, coefficients shape=(16, 2), sample_weights shape=(16,), zero_neighbor_targets=0
GRAB train batch 75: pair_ids shape=(16,), range=32..10662, coefficients shape=(16, 2), sample_weights shape=(16,), zero_neighbor_targets=0
GRAB train batch 76: pair_ids shape=(16,), range=253..10462, coefficients shape=(16, 2), sample_weights shape=(16,), zero_neighbor_targets=0
GRAB train batch 77: pair_ids shape=(8,), range=18..10360, coefficients shape=(8, 2), sample_weights shape=(8,), zero_neighbor_targets=0
VALIDATION
valid epoch balanced_accuracy: 0.252747
EPOCH 57:
GRAB train batch 1: pair_ids shape=(16,), range=96..10264, coefficients shape=(16, 2), sample_weights shape=(16,), zero_neighbor_targets=0
GRAB train batch 2: pair_ids shape=(16,), range=110..10475, coefficients shape=(16, 2), sample_weights shape=(16,), zero_neighbor_targets=0
GRAB train batch 3: pair_ids shape=(16,), range=7..9220, coefficients shape=(16, 2), sample_weights shape=(16,), zero_neighbor_targets=0
GRAB train batch 4: pair_ids shape=(16,), range=87..9698, coefficients shape=(16, 2), sample_weights shape=(16,), zero_neighbor_targets=0
GRAB train batch 5: pair_ids shape=(16,), range=31..8313, coefficients shape=(16, 2), sample_weights shape=(16,), zero_neighbor_targets=0
GRAB train batch 6: pair_ids shape=(16,), range=117..10935, coefficients shape=(16, 2), sample_weights shape=(16,), zero_neighbor_targets=0
GRAB train batch 7: pair_ids shape=(16,), range=76..9598, coefficients shape=(16, 2), sample_weights shape=(16,), zero_neighbor_targets=0
GRAB train batch 8: pair_ids shape=(16,), range=83..10600, coefficients shape=(16, 2), sample_weights shape=(16,), zero_neighbor_targets=0
GRAB train batch 9: pair_ids shape=(16,), range=95..9319, coefficients shape=(16, 2), sample_weights shape=(16,), zero_neighbor_targets=0
GRAB train batch 10: pair_ids shape=(16,), range=324..10473, coefficients shape=(16, 2), sample_weights shape=(16,), zero_neighbor_targets=0
GRAB train batch 11: pair_ids shape=(16,), range=38..10524, coefficients shape=(16, 2), sample_weights shape=(16,), zero_neighbor_targets=0
GRAB train batch 12: pair_ids shape=(16,), range=131..8279, coefficients shape=(16, 2), sample_weights shape=(16,), zero_neighbor_targets=0
GRAB train batch 13: pair_ids shape=(16,), range=101..9504, coefficients shape=(16, 2), sample_weights shape=(16,), zero_neighbor_targets=0
GRAB train batch 14: pair_ids shape=(16,), range=28..9892, coefficients shape=(16, 2), sample_weights shape=(16,), zero_neighbor_targets=0
GRAB train batch 15: pair_ids shape=(16,), range=0..10222, coefficients shape=(16, 2), sample_weights shape=(16,), zero_neighbor_targets=0
GRAB train batch 16: pair_ids shape=(16,), range=158..10994, coefficients shape=(16, 2), sample_weights shape=(16,), zero_neighbor_targets=0
GRAB train batch 17: pair_ids shape=(16,), range=41..9391, coefficients shape=(16, 2), sample_weights shape=(16,), zero_neighbor_targets=0
GRAB train batch 18: pair_ids shape=(16,), range=103..10742, coefficients shape=(16, 2), sample_weights shape=(16,), zero_neighbor_targets=0
GRAB train batch 19: pair_ids shape=(16,), range=6..10009, coefficients shape=(16, 2), sample_weights shape=(16,), zero_neighbor_targets=0
GRAB train batch 20: pair_ids shape=(16,), range=45..8163, coefficients shape=(16, 2), sample_weights shape=(16,), zero_neighbor_targets=0
GRAB train batch 21: pair_ids shape=(16,), range=94..10331, coefficients shape=(16, 2), sample_weights shape=(16,), zero_neighbor_targets=0
GRAB train batch 22: pair_ids shape=(16,), range=8..9995, coefficients shape=(16, 2), sample_weights shape=(16,), zero_neighbor_targets=0
GRAB train batch 23: pair_ids shape=(16,), range=93..10259, coefficients shape=(16, 2), sample_weights shape=(16,), zero_neighbor_targets=0
GRAB train batch 24: pair_ids shape=(16,), range=127..7872, coefficients shape=(16, 2), sample_weights shape=(16,), zero_neighbor_targets=0
GRAB train batch 25: pair_ids shape=(16,), range=293..8363, coefficients shape=(16, 2), sample_weights shape=(16,), zero_neighbor_targets=0
GRAB train batch 26: pair_ids shape=(16,), range=129..10471, coefficients shape=(16, 2), sample_weights shape=(16,), zero_neighbor_targets=0
GRAB train batch 27: pair_ids shape=(16,), range=109..9535, coefficients shape=(16, 2), sample_weights shape=(16,), zero_neighbor_targets=0
GRAB train batch 28: pair_ids shape=(16,), range=75..10404, coefficients shape=(16, 2), sample_weights shape=(16,), zero_neighbor_targets=0
GRAB train batch 29: pair_ids shape=(16,), range=65..10662, coefficients shape=(16, 2), sample_weights shape=(16,), zero_neighbor_targets=0
GRAB train batch 30: pair_ids shape=(16,), range=10..9228, coefficients shape=(16, 2), sample_weights shape=(16,), zero_neighbor_targets=0
GRAB train batch 31: pair_ids shape=(16,), range=104..9696, coefficients shape=(16, 2), sample_weights shape=(16,), zero_neighbor_targets=0
GRAB train batch 32: pair_ids shape=(16,), range=243..10590, coefficients shape=(16, 2), sample_weights shape=(16,), zero_neighbor_targets=0
GRAB train batch 33: pair_ids shape=(16,), range=26..10435, coefficients shape=(16, 2), sample_weights shape=(16,), zero_neighbor_targets=0
GRAB train batch 34: pair_ids shape=(16,), range=24..9937, coefficients shape=(16, 2), sample_weights shape=(16,), zero_neighbor_targets=0
GRAB train batch 35: pair_ids shape=(16,), range=106..9822, coefficients shape=(16, 2), sample_weights shape=(16,), zero_neighbor_targets=0
GRAB train batch 36: pair_ids shape=(16,), range=19..10522, coefficients shape=(16, 2), sample_weights shape=(16,), zero_neighbor_targets=0
GRAB train batch 37: pair_ids shape=(16,), range=35..10393, coefficients shape=(16, 2), sample_weights shape=(16,), zero_neighbor_targets=0
GRAB train batch 38: pair_ids shape=(16,), range=14..10891, coefficients shape=(16, 2), sample_weights shape=(16,), zero_neighbor_targets=0
GRAB train batch 39: pair_ids shape=(16,), range=152..10398, coefficients shape=(16, 2), sample_weights shape=(16,), zero_neighbor_targets=0
GRAB train batch 40: pair_ids shape=(16,), range=2..5947, coefficients shape=(16, 2), sample_weights shape=(16,), zero_neighbor_targets=0
GRAB train batch 41: pair_ids shape=(16,), range=27..10988, coefficients shape=(16, 2), sample_weights shape=(16,), zero_neighbor_targets=0
GRAB train batch 42: pair_ids shape=(16,), range=1..10362, coefficients shape=(16, 2), sample_weights shape=(16,), zero_neighbor_targets=0
GRAB train batch 43: pair_ids shape=(16,), range=126..7583, coefficients shape=(16, 2), sample_weights shape=(16,), zero_neighbor_targets=0
GRAB train batch 44: pair_ids shape=(16,), range=167..8972, coefficients shape=(16, 2), sample_weights shape=(16,), zero_neighbor_targets=0
GRAB train batch 45: pair_ids shape=(16,), range=140..9023, coefficients shape=(16, 2), sample_weights shape=(16,), zero_neighbor_targets=0
GRAB train batch 46: pair_ids shape=(16,), range=4..10205, coefficients shape=(16, 2), sample_weights shape=(16,), zero_neighbor_targets=0
GRAB train batch 47: pair_ids shape=(16,), range=3..10462, coefficients shape=(16, 2), sample_weights shape=(16,), zero_neighbor_targets=0
GRAB train batch 48: pair_ids shape=(16,), range=21..9956, coefficients shape=(16, 2), sample_weights shape=(16,), zero_neighbor_targets=0
GRAB train batch 49: pair_ids shape=(16,), range=78..10850, coefficients shape=(16, 2), sample_weights shape=(16,), zero_neighbor_targets=0
GRAB train batch 50: pair_ids shape=(16,), range=84..10537, coefficients shape=(16, 2), sample_weights shape=(16,), zero_neighbor_targets=0
GRAB train batch 51: pair_ids shape=(16,), range=11..10795, coefficients shape=(16, 2), sample_weights shape=(16,), zero_neighbor_targets=0
GRAB train batch 52: pair_ids shape=(16,), range=33..6732, coefficients shape=(16, 2), sample_weights shape=(16,), zero_neighbor_targets=0
GRAB train batch 53: pair_ids shape=(16,), range=9..10836, coefficients shape=(16, 2), sample_weights shape=(16,), zero_neighbor_targets=0
GRAB train batch 54: pair_ids shape=(16,), range=25..10248, coefficients shape=(16, 2), sample_weights shape=(16,), zero_neighbor_targets=0
GRAB train batch 55: pair_ids shape=(16,), range=5..10800, coefficients shape=(16, 2), sample_weights shape=(16,), zero_neighbor_targets=0
GRAB train batch 56: pair_ids shape=(16,), range=40..10685, coefficients shape=(16, 2), sample_weights shape=(16,), zero_neighbor_targets=0
GRAB train batch 57: pair_ids shape=(16,), range=113..10227, coefficients shape=(16, 2), sample_weights shape=(16,), zero_neighbor_targets=0
GRAB train batch 58: pair_ids shape=(16,), range=20..9139, coefficients shape=(16, 2), sample_weights shape=(16,), zero_neighbor_targets=0
GRAB train batch 59: pair_ids shape=(16,), range=289..10984, coefficients shape=(16, 2), sample_weights shape=(16,), zero_neighbor_targets=0
GRAB train batch 60: pair_ids shape=(16,), range=42..9939, coefficients shape=(16, 2), sample_weights shape=(16,), zero_neighbor_targets=0
GRAB train batch 61: pair_ids shape=(16,), range=130..10817, coefficients shape=(16, 2), sample_weights shape=(16,), zero_neighbor_targets=0
GRAB train batch 62: pair_ids shape=(16,), range=34..9914, coefficients shape=(16, 2), sample_weights shape=(16,), zero_neighbor_targets=0
GRAB train batch 63: pair_ids shape=(16,), range=85..9537, coefficients shape=(16, 2), sample_weights shape=(16,), zero_neighbor_targets=0
GRAB train batch 64: pair_ids shape=(16,), range=30..9249, coefficients shape=(16, 2), sample_weights shape=(16,), zero_neighbor_targets=0
GRAB train batch 65: pair_ids shape=(16,), range=23..10277, coefficients shape=(16, 2), sample_weights shape=(16,), zero_neighbor_targets=0
GRAB train batch 66: pair_ids shape=(16,), range=29..9135, coefficients shape=(16, 2), sample_weights shape=(16,), zero_neighbor_targets=0
GRAB train batch 67: pair_ids shape=(16,), range=162..10811, coefficients shape=(16, 2), sample_weights shape=(16,), zero_neighbor_targets=0
GRAB train batch 68: pair_ids shape=(16,), range=105..10728, coefficients shape=(16, 2), sample_weights shape=(16,), zero_neighbor_targets=0
GRAB train batch 69: pair_ids shape=(16,), range=99..9727, coefficients shape=(16, 2), sample_weights shape=(16,), zero_neighbor_targets=0
GRAB train batch 70: pair_ids shape=(16,), range=16..5167, coefficients shape=(16, 2), sample_weights shape=(16,), zero_neighbor_targets=0
GRAB train batch 71: pair_ids shape=(16,), range=73..7219, coefficients shape=(16, 2), sample_weights shape=(16,), zero_neighbor_targets=0
GRAB train batch 72: pair_ids shape=(16,), range=381..10987, coefficients shape=(16, 2), sample_weights shape=(16,), zero_neighbor_targets=0
GRAB train batch 73: pair_ids shape=(16,), range=148..10851, coefficients shape=(16, 2), sample_weights shape=(16,), zero_neighbor_targets=0
GRAB train batch 74: pair_ids shape=(16,), range=13..8678, coefficients shape=(16, 2), sample_weights shape=(16,), zero_neighbor_targets=0
GRAB train batch 75: pair_ids shape=(16,), range=12..9146, coefficients shape=(16, 2), sample_weights shape=(16,), zero_neighbor_targets=0
GRAB train batch 76: pair_ids shape=(16,), range=139..9913, coefficients shape=(16, 2), sample_weights shape=(16,), zero_neighbor_targets=0
GRAB train batch 77: pair_ids shape=(8,), range=68..5894, coefficients shape=(8, 2), sample_weights shape=(8,), zero_neighbor_targets=0
VALIDATION
valid epoch balanced_accuracy: 0.464286
EPOCH 58:
GRAB train batch 1: pair_ids shape=(16,), range=67..9220, coefficients shape=(16, 2), sample_weights shape=(16,), zero_neighbor_targets=0
GRAB train batch 2: pair_ids shape=(16,), range=68..10537, coefficients shape=(16, 2), sample_weights shape=(16,), zero_neighbor_targets=0
GRAB train batch 3: pair_ids shape=(16,), range=17..10009, coefficients shape=(16, 2), sample_weights shape=(16,), zero_neighbor_targets=0
GRAB train batch 4: pair_ids shape=(16,), range=74..10473, coefficients shape=(16, 2), sample_weights shape=(16,), zero_neighbor_targets=0
GRAB train batch 5: pair_ids shape=(16,), range=215..10312, coefficients shape=(16, 2), sample_weights shape=(16,), zero_neighbor_targets=0
GRAB train batch 6: pair_ids shape=(16,), range=319..10435, coefficients shape=(16, 2), sample_weights shape=(16,), zero_neighbor_targets=0
GRAB train batch 7: pair_ids shape=(16,), range=64..10471, coefficients shape=(16, 2), sample_weights shape=(16,), zero_neighbor_targets=0
GRAB train batch 8: pair_ids shape=(16,), range=12..10851, coefficients shape=(16, 2), sample_weights shape=(16,), zero_neighbor_targets=0
GRAB train batch 9: pair_ids shape=(16,), range=11..9956, coefficients shape=(16, 2), sample_weights shape=(16,), zero_neighbor_targets=0
GRAB train batch 10: pair_ids shape=(16,), range=171..10988, coefficients shape=(16, 2), sample_weights shape=(16,), zero_neighbor_targets=0
GRAB train batch 11: pair_ids shape=(16,), range=6..10225, coefficients shape=(16, 2), sample_weights shape=(16,), zero_neighbor_targets=0
GRAB train batch 12: pair_ids shape=(16,), range=136..9403, coefficients shape=(16, 2), sample_weights shape=(16,), zero_neighbor_targets=0
GRAB train batch 13: pair_ids shape=(16,), range=41..9170, coefficients shape=(16, 2), sample_weights shape=(16,), zero_neighbor_targets=0
GRAB train batch 14: pair_ids shape=(16,), range=92..10259, coefficients shape=(16, 2), sample_weights shape=(16,), zero_neighbor_targets=0
GRAB train batch 15: pair_ids shape=(16,), range=8..8279, coefficients shape=(16, 2), sample_weights shape=(16,), zero_neighbor_targets=0
GRAB train batch 16: pair_ids shape=(16,), range=22..9159, coefficients shape=(16, 2), sample_weights shape=(16,), zero_neighbor_targets=0
GRAB train batch 17: pair_ids shape=(16,), range=149..9622, coefficients shape=(16, 2), sample_weights shape=(16,), zero_neighbor_targets=0
GRAB train batch 18: pair_ids shape=(16,), range=70..9504, coefficients shape=(16, 2), sample_weights shape=(16,), zero_neighbor_targets=0
GRAB train batch 19: pair_ids shape=(16,), range=110..10299, coefficients shape=(16, 2), sample_weights shape=(16,), zero_neighbor_targets=0
GRAB train batch 20: pair_ids shape=(16,), range=98..10984, coefficients shape=(16, 2), sample_weights shape=(16,), zero_neighbor_targets=0
GRAB train batch 21: pair_ids shape=(16,), range=72..10590, coefficients shape=(16, 2), sample_weights shape=(16,), zero_neighbor_targets=0
GRAB train batch 22: pair_ids shape=(16,), range=0..10662, coefficients shape=(16, 2), sample_weights shape=(16,), zero_neighbor_targets=0
GRAB train batch 23: pair_ids shape=(16,), range=15..10850, coefficients shape=(16, 2), sample_weights shape=(16,), zero_neighbor_targets=0
GRAB train batch 24: pair_ids shape=(16,), range=9..10222, coefficients shape=(16, 2), sample_weights shape=(16,), zero_neighbor_targets=0
GRAB train batch 25: pair_ids shape=(16,), range=91..10205, coefficients shape=(16, 2), sample_weights shape=(16,), zero_neighbor_targets=0
GRAB train batch 26: pair_ids shape=(16,), range=78..9598, coefficients shape=(16, 2), sample_weights shape=(16,), zero_neighbor_targets=0
GRAB train batch 27: pair_ids shape=(16,), range=66..10764, coefficients shape=(16, 2), sample_weights shape=(16,), zero_neighbor_targets=0
GRAB train batch 28: pair_ids shape=(16,), range=28..6956, coefficients shape=(16, 2), sample_weights shape=(16,), zero_neighbor_targets=0
GRAB train batch 29: pair_ids shape=(16,), range=1..9739, coefficients shape=(16, 2), sample_weights shape=(16,), zero_neighbor_targets=0
GRAB train batch 30: pair_ids shape=(16,), range=14..10800, coefficients shape=(16, 2), sample_weights shape=(16,), zero_neighbor_targets=0
GRAB train batch 31: pair_ids shape=(16,), range=5..10475, coefficients shape=(16, 2), sample_weights shape=(16,), zero_neighbor_targets=0
GRAB train batch 32: pair_ids shape=(16,), range=13..9499, coefficients shape=(16, 2), sample_weights shape=(16,), zero_neighbor_targets=0
GRAB train batch 33: pair_ids shape=(16,), range=35..9696, coefficients shape=(16, 2), sample_weights shape=(16,), zero_neighbor_targets=0
GRAB train batch 34: pair_ids shape=(16,), range=40..10524, coefficients shape=(16, 2), sample_weights shape=(16,), zero_neighbor_targets=0
GRAB train batch 35: pair_ids shape=(16,), range=156..10447, coefficients shape=(16, 2), sample_weights shape=(16,), zero_neighbor_targets=0
GRAB train batch 36: pair_ids shape=(16,), range=18..9498, coefficients shape=(16, 2), sample_weights shape=(16,), zero_neighbor_targets=0
GRAB train batch 37: pair_ids shape=(16,), range=125..10396, coefficients shape=(16, 2), sample_weights shape=(16,), zero_neighbor_targets=0
GRAB train batch 38: pair_ids shape=(16,), range=23..9459, coefficients shape=(16, 2), sample_weights shape=(16,), zero_neighbor_targets=0
GRAB train batch 39: pair_ids shape=(16,), range=145..8313, coefficients shape=(16, 2), sample_weights shape=(16,), zero_neighbor_targets=0
GRAB train batch 40: pair_ids shape=(16,), range=253..10685, coefficients shape=(16, 2), sample_weights shape=(16,), zero_neighbor_targets=0
GRAB train batch 41: pair_ids shape=(16,), range=34..8670, coefficients shape=(16, 2), sample_weights shape=(16,), zero_neighbor_targets=0
GRAB train batch 42: pair_ids shape=(16,), range=121..10393, coefficients shape=(16, 2), sample_weights shape=(16,), zero_neighbor_targets=0
GRAB train batch 43: pair_ids shape=(16,), range=101..10935, coefficients shape=(16, 2), sample_weights shape=(16,), zero_neighbor_targets=0
GRAB train batch 44: pair_ids shape=(16,), range=69..10404, coefficients shape=(16, 2), sample_weights shape=(16,), zero_neighbor_targets=0
GRAB train batch 45: pair_ids shape=(16,), range=105..10772, coefficients shape=(16, 2), sample_weights shape=(16,), zero_neighbor_targets=0
GRAB train batch 46: pair_ids shape=(16,), range=2..10362, coefficients shape=(16, 2), sample_weights shape=(16,), zero_neighbor_targets=0
GRAB train batch 47: pair_ids shape=(16,), range=38..9228, coefficients shape=(16, 2), sample_weights shape=(16,), zero_neighbor_targets=0
GRAB train batch 48: pair_ids shape=(16,), range=3..6314, coefficients shape=(16, 2), sample_weights shape=(16,), zero_neighbor_targets=0
GRAB train batch 49: pair_ids shape=(16,), range=85..10398, coefficients shape=(16, 2), sample_weights shape=(16,), zero_neighbor_targets=0
GRAB train batch 50: pair_ids shape=(16,), range=31..10795, coefficients shape=(16, 2), sample_weights shape=(16,), zero_neighbor_targets=0
GRAB train batch 51: pair_ids shape=(16,), range=4..9727, coefficients shape=(16, 2), sample_weights shape=(16,), zero_neighbor_targets=0
GRAB train batch 52: pair_ids shape=(16,), range=351..10742, coefficients shape=(16, 2), sample_weights shape=(16,), zero_neighbor_targets=0
GRAB train batch 53: pair_ids shape=(16,), range=20..10987, coefficients shape=(16, 2), sample_weights shape=(16,), zero_neighbor_targets=0
GRAB train batch 54: pair_ids shape=(16,), range=163..10384, coefficients shape=(16, 2), sample_weights shape=(16,), zero_neighbor_targets=0
GRAB train batch 55: pair_ids shape=(16,), range=263..8310, coefficients shape=(16, 2), sample_weights shape=(16,), zero_neighbor_targets=0
GRAB train batch 56: pair_ids shape=(16,), range=127..10627, coefficients shape=(16, 2), sample_weights shape=(16,), zero_neighbor_targets=0
GRAB train batch 57: pair_ids shape=(16,), range=44..9995, coefficients shape=(16, 2), sample_weights shape=(16,), zero_neighbor_targets=0
GRAB train batch 58: pair_ids shape=(16,), range=65..10237, coefficients shape=(16, 2), sample_weights shape=(16,), zero_neighbor_targets=0
GRAB train batch 59: pair_ids shape=(16,), range=19..10027, coefficients shape=(16, 2), sample_weights shape=(16,), zero_neighbor_targets=0
GRAB train batch 60: pair_ids shape=(16,), range=259..10891, coefficients shape=(16, 2), sample_weights shape=(16,), zero_neighbor_targets=0
GRAB train batch 61: pair_ids shape=(16,), range=96..10994, coefficients shape=(16, 2), sample_weights shape=(16,), zero_neighbor_targets=0
GRAB train batch 62: pair_ids shape=(16,), range=73..10811, coefficients shape=(16, 2), sample_weights shape=(16,), zero_neighbor_targets=0
GRAB train batch 63: pair_ids shape=(16,), range=107..7304, coefficients shape=(16, 2), sample_weights shape=(16,), zero_neighbor_targets=0
GRAB train batch 64: pair_ids shape=(16,), range=10..9939, coefficients shape=(16, 2), sample_weights shape=(16,), zero_neighbor_targets=0
GRAB train batch 65: pair_ids shape=(16,), range=16..9500, coefficients shape=(16, 2), sample_weights shape=(16,), zero_neighbor_targets=0
GRAB train batch 66: pair_ids shape=(16,), range=39..10728, coefficients shape=(16, 2), sample_weights shape=(16,), zero_neighbor_targets=0
GRAB train batch 67: pair_ids shape=(16,), range=116..7221, coefficients shape=(16, 2), sample_weights shape=(16,), zero_neighbor_targets=0
GRAB train batch 68: pair_ids shape=(16,), range=37..10462, coefficients shape=(16, 2), sample_weights shape=(16,), zero_neighbor_targets=0
GRAB train batch 69: pair_ids shape=(16,), range=21..10227, coefficients shape=(16, 2), sample_weights shape=(16,), zero_neighbor_targets=0
GRAB train batch 70: pair_ids shape=(16,), range=29..10360, coefficients shape=(16, 2), sample_weights shape=(16,), zero_neighbor_targets=0
GRAB train batch 71: pair_ids shape=(16,), range=153..9319, coefficients shape=(16, 2), sample_weights shape=(16,), zero_neighbor_targets=0
GRAB train batch 72: pair_ids shape=(16,), range=99..10005, coefficients shape=(16, 2), sample_weights shape=(16,), zero_neighbor_targets=0
GRAB train batch 73: pair_ids shape=(16,), range=27..10836, coefficients shape=(16, 2), sample_weights shape=(16,), zero_neighbor_targets=0
GRAB train batch 74: pair_ids shape=(16,), range=84..9954, coefficients shape=(16, 2), sample_weights shape=(16,), zero_neighbor_targets=0
GRAB train batch 75: pair_ids shape=(16,), range=45..10264, coefficients shape=(16, 2), sample_weights shape=(16,), zero_neighbor_targets=0
GRAB train batch 76: pair_ids shape=(16,), range=252..10817, coefficients shape=(16, 2), sample_weights shape=(16,), zero_neighbor_targets=0
GRAB train batch 77: pair_ids shape=(8,), range=81..9045, coefficients shape=(8, 2), sample_weights shape=(8,), zero_neighbor_targets=0
VALIDATION
valid epoch balanced_accuracy: 0.452381
EPOCH 59:
GRAB train batch 1: pair_ids shape=(16,), range=36..6167, coefficients shape=(16, 2), sample_weights shape=(16,), zero_neighbor_targets=0
GRAB train batch 2: pair_ids shape=(16,), range=43..10850, coefficients shape=(16, 2), sample_weights shape=(16,), zero_neighbor_targets=0
GRAB train batch 3: pair_ids shape=(16,), range=213..10811, coefficients shape=(16, 2), sample_weights shape=(16,), zero_neighbor_targets=0
GRAB train batch 4: pair_ids shape=(16,), range=203..10396, coefficients shape=(16, 2), sample_weights shape=(16,), zero_neighbor_targets=0
GRAB train batch 5: pair_ids shape=(16,), range=152..10662, coefficients shape=(16, 2), sample_weights shape=(16,), zero_neighbor_targets=0
GRAB train batch 6: pair_ids shape=(16,), range=0..10435, coefficients shape=(16, 2), sample_weights shape=(16,), zero_neighbor_targets=0
GRAB train batch 7: pair_ids shape=(16,), range=75..9278, coefficients shape=(16, 2), sample_weights shape=(16,), zero_neighbor_targets=0
GRAB train batch 8: pair_ids shape=(16,), range=106..9840, coefficients shape=(16, 2), sample_weights shape=(16,), zero_neighbor_targets=0
GRAB train batch 9: pair_ids shape=(16,), range=80..10170, coefficients shape=(16, 2), sample_weights shape=(16,), zero_neighbor_targets=0
GRAB train batch 10: pair_ids shape=(16,), range=45..8310, coefficients shape=(16, 2), sample_weights shape=(16,), zero_neighbor_targets=0
GRAB train batch 11: pair_ids shape=(16,), range=163..9995, coefficients shape=(16, 2), sample_weights shape=(16,), zero_neighbor_targets=0
GRAB train batch 12: pair_ids shape=(16,), range=288..10600, coefficients shape=(16, 2), sample_weights shape=(16,), zero_neighbor_targets=0
GRAB train batch 13: pair_ids shape=(16,), range=77..10398, coefficients shape=(16, 2), sample_weights shape=(16,), zero_neighbor_targets=0
GRAB train batch 14: pair_ids shape=(16,), range=5..8858, coefficients shape=(16, 2), sample_weights shape=(16,), zero_neighbor_targets=0
GRAB train batch 15: pair_ids shape=(16,), range=38..10027, coefficients shape=(16, 2), sample_weights shape=(16,), zero_neighbor_targets=0
GRAB train batch 16: pair_ids shape=(16,), range=26..9262, coefficients shape=(16, 2), sample_weights shape=(16,), zero_neighbor_targets=0
GRAB train batch 17: pair_ids shape=(16,), range=99..9939, coefficients shape=(16, 2), sample_weights shape=(16,), zero_neighbor_targets=0
GRAB train batch 18: pair_ids shape=(16,), range=341..9704, coefficients shape=(16, 2), sample_weights shape=(16,), zero_neighbor_targets=0
GRAB train batch 19: pair_ids shape=(16,), range=14..5687, coefficients shape=(16, 2), sample_weights shape=(16,), zero_neighbor_targets=0
GRAB train batch 20: pair_ids shape=(16,), range=104..10728, coefficients shape=(16, 2), sample_weights shape=(16,), zero_neighbor_targets=0
GRAB train batch 21: pair_ids shape=(16,), range=94..10009, coefficients shape=(16, 2), sample_weights shape=(16,), zero_neighbor_targets=0
GRAB train batch 22: pair_ids shape=(16,), range=132..10299, coefficients shape=(16, 2), sample_weights shape=(16,), zero_neighbor_targets=0
GRAB train batch 23: pair_ids shape=(16,), range=103..8594, coefficients shape=(16, 2), sample_weights shape=(16,), zero_neighbor_targets=0
GRAB train batch 24: pair_ids shape=(16,), range=368..10462, coefficients shape=(16, 2), sample_weights shape=(16,), zero_neighbor_targets=0
GRAB train batch 25: pair_ids shape=(16,), range=12..10935, coefficients shape=(16, 2), sample_weights shape=(16,), zero_neighbor_targets=0
GRAB train batch 26: pair_ids shape=(16,), range=16..10248, coefficients shape=(16, 2), sample_weights shape=(16,), zero_neighbor_targets=0
GRAB train batch 27: pair_ids shape=(16,), range=130..10994, coefficients shape=(16, 2), sample_weights shape=(16,), zero_neighbor_targets=0
GRAB train batch 28: pair_ids shape=(16,), range=137..8668, coefficients shape=(16, 2), sample_weights shape=(16,), zero_neighbor_targets=0
GRAB train batch 29: pair_ids shape=(16,), range=324..8370, coefficients shape=(16, 2), sample_weights shape=(16,), zero_neighbor_targets=0
GRAB train batch 30: pair_ids shape=(16,), range=67..10237, coefficients shape=(16, 2), sample_weights shape=(16,), zero_neighbor_targets=0
GRAB train batch 31: pair_ids shape=(16,), range=101..9818, coefficients shape=(16, 2), sample_weights shape=(16,), zero_neighbor_targets=0
GRAB train batch 32: pair_ids shape=(16,), range=35..8876, coefficients shape=(16, 2), sample_weights shape=(16,), zero_neighbor_targets=0
GRAB train batch 33: pair_ids shape=(16,), range=18..10473, coefficients shape=(16, 2), sample_weights shape=(16,), zero_neighbor_targets=0
GRAB train batch 34: pair_ids shape=(16,), range=131..10988, coefficients shape=(16, 2), sample_weights shape=(16,), zero_neighbor_targets=0
GRAB train batch 35: pair_ids shape=(16,), range=272..9391, coefficients shape=(16, 2), sample_weights shape=(16,), zero_neighbor_targets=0
GRAB train batch 36: pair_ids shape=(16,), range=248..10447, coefficients shape=(16, 2), sample_weights shape=(16,), zero_neighbor_targets=0
GRAB train batch 37: pair_ids shape=(16,), range=65..8157, coefficients shape=(16, 2), sample_weights shape=(16,), zero_neighbor_targets=0
GRAB train batch 38: pair_ids shape=(16,), range=37..10795, coefficients shape=(16, 2), sample_weights shape=(16,), zero_neighbor_targets=0
GRAB train batch 39: pair_ids shape=(16,), range=24..9504, coefficients shape=(16, 2), sample_weights shape=(16,), zero_neighbor_targets=0
GRAB train batch 40: pair_ids shape=(16,), range=82..10627, coefficients shape=(16, 2), sample_weights shape=(16,), zero_neighbor_targets=0
GRAB train batch 41: pair_ids shape=(16,), range=9..10502, coefficients shape=(16, 2), sample_weights shape=(16,), zero_neighbor_targets=0
GRAB train batch 42: pair_ids shape=(16,), range=30..9471, coefficients shape=(16, 2), sample_weights shape=(16,), zero_neighbor_targets=0
GRAB train batch 43: pair_ids shape=(16,), range=11..7942, coefficients shape=(16, 2), sample_weights shape=(16,), zero_neighbor_targets=0
GRAB train batch 44: pair_ids shape=(16,), range=15..9698, coefficients shape=(16, 2), sample_weights shape=(16,), zero_neighbor_targets=0
GRAB train batch 45: pair_ids shape=(16,), range=89..9622, coefficients shape=(16, 2), sample_weights shape=(16,), zero_neighbor_targets=0
GRAB train batch 46: pair_ids shape=(16,), range=25..9122, coefficients shape=(16, 2), sample_weights shape=(16,), zero_neighbor_targets=0
GRAB train batch 47: pair_ids shape=(16,), range=69..10312, coefficients shape=(16, 2), sample_weights shape=(16,), zero_neighbor_targets=0
GRAB train batch 48: pair_ids shape=(16,), range=86..10374, coefficients shape=(16, 2), sample_weights shape=(16,), zero_neighbor_targets=0
GRAB train batch 49: pair_ids shape=(16,), range=1..10891, coefficients shape=(16, 2), sample_weights shape=(16,), zero_neighbor_targets=0
GRAB train batch 50: pair_ids shape=(16,), range=34..10984, coefficients shape=(16, 2), sample_weights shape=(16,), zero_neighbor_targets=0
GRAB train batch 51: pair_ids shape=(16,), range=3..9196, coefficients shape=(16, 2), sample_weights shape=(16,), zero_neighbor_targets=0
GRAB train batch 52: pair_ids shape=(16,), range=121..10817, coefficients shape=(16, 2), sample_weights shape=(16,), zero_neighbor_targets=0
GRAB train batch 53: pair_ids shape=(16,), range=10..10851, coefficients shape=(16, 2), sample_weights shape=(16,), zero_neighbor_targets=0
GRAB train batch 54: pair_ids shape=(16,), range=95..10393, coefficients shape=(16, 2), sample_weights shape=(16,), zero_neighbor_targets=0
GRAB train batch 55: pair_ids shape=(16,), range=124..9088, coefficients shape=(16, 2), sample_weights shape=(16,), zero_neighbor_targets=0
GRAB train batch 56: pair_ids shape=(16,), range=112..8200, coefficients shape=(16, 2), sample_weights shape=(16,), zero_neighbor_targets=0
GRAB train batch 57: pair_ids shape=(16,), range=200..10742, coefficients shape=(16, 2), sample_weights shape=(16,), zero_neighbor_targets=0
GRAB train batch 58: pair_ids shape=(16,), range=19..10590, coefficients shape=(16, 2), sample_weights shape=(16,), zero_neighbor_targets=0
GRAB train batch 59: pair_ids shape=(16,), range=73..9147, coefficients shape=(16, 2), sample_weights shape=(16,), zero_neighbor_targets=0
GRAB train batch 60: pair_ids shape=(16,), range=31..9608, coefficients shape=(16, 2), sample_weights shape=(16,), zero_neighbor_targets=0
GRAB train batch 61: pair_ids shape=(16,), range=96..10362, coefficients shape=(16, 2), sample_weights shape=(16,), zero_neighbor_targets=0
GRAB train batch 62: pair_ids shape=(16,), range=29..9727, coefficients shape=(16, 2), sample_weights shape=(16,), zero_neighbor_targets=0
GRAB train batch 63: pair_ids shape=(16,), range=85..10227, coefficients shape=(16, 2), sample_weights shape=(16,), zero_neighbor_targets=0
GRAB train batch 64: pair_ids shape=(16,), range=160..8954, coefficients shape=(16, 2), sample_weights shape=(16,), zero_neighbor_targets=0
GRAB train batch 65: pair_ids shape=(16,), range=123..10475, coefficients shape=(16, 2), sample_weights shape=(16,), zero_neighbor_targets=0
GRAB train batch 66: pair_ids shape=(16,), range=243..10772, coefficients shape=(16, 2), sample_weights shape=(16,), zero_neighbor_targets=0
GRAB train batch 67: pair_ids shape=(16,), range=162..10800, coefficients shape=(16, 2), sample_weights shape=(16,), zero_neighbor_targets=0
GRAB train batch 68: pair_ids shape=(16,), range=115..9159, coefficients shape=(16, 2), sample_weights shape=(16,), zero_neighbor_targets=0
GRAB train batch 69: pair_ids shape=(16,), range=2..8081, coefficients shape=(16, 2), sample_weights shape=(16,), zero_neighbor_targets=0
GRAB train batch 70: pair_ids shape=(16,), range=17..10453, coefficients shape=(16, 2), sample_weights shape=(16,), zero_neighbor_targets=0
GRAB train batch 71: pair_ids shape=(16,), range=87..10987, coefficients shape=(16, 2), sample_weights shape=(16,), zero_neighbor_targets=0
GRAB train batch 72: pair_ids shape=(16,), range=6..10471, coefficients shape=(16, 2), sample_weights shape=(16,), zero_neighbor_targets=0
GRAB train batch 73: pair_ids shape=(16,), range=8..10500, coefficients shape=(16, 2), sample_weights shape=(16,), zero_neighbor_targets=0
GRAB train batch 74: pair_ids shape=(16,), range=64..10764, coefficients shape=(16, 2), sample_weights shape=(16,), zero_neighbor_targets=0
GRAB train batch 75: pair_ids shape=(16,), range=71..10836, coefficients shape=(16, 2), sample_weights shape=(16,), zero_neighbor_targets=0
GRAB train batch 76: pair_ids shape=(16,), range=4..9937, coefficients shape=(16, 2), sample_weights shape=(16,), zero_neighbor_targets=0
GRAB train batch 77: pair_ids shape=(8,), range=290..5539, coefficients shape=(8, 2), sample_weights shape=(8,), zero_neighbor_targets=0
VALIDATION
valid epoch balanced_accuracy: 0.434066
EPOCH 60:
GRAB train batch 1: pair_ids shape=(16,), range=107..10772, coefficients shape=(16, 2), sample_weights shape=(16,), zero_neighbor_targets=0
GRAB train batch 2: pair_ids shape=(16,), range=21..10987, coefficients shape=(16, 2), sample_weights shape=(16,), zero_neighbor_targets=0
GRAB train batch 3: pair_ids shape=(16,), range=10..10447, coefficients shape=(16, 2), sample_weights shape=(16,), zero_neighbor_targets=0
GRAB train batch 4: pair_ids shape=(16,), range=78..8200, coefficients shape=(16, 2), sample_weights shape=(16,), zero_neighbor_targets=0
GRAB train batch 5: pair_ids shape=(16,), range=5..9739, coefficients shape=(16, 2), sample_weights shape=(16,), zero_neighbor_targets=0
GRAB train batch 6: pair_ids shape=(16,), range=113..10994, coefficients shape=(16, 2), sample_weights shape=(16,), zero_neighbor_targets=0
GRAB train batch 7: pair_ids shape=(16,), range=405..9170, coefficients shape=(16, 2), sample_weights shape=(16,), zero_neighbor_targets=0
GRAB train batch 8: pair_ids shape=(16,), range=89..9937, coefficients shape=(16, 2), sample_weights shape=(16,), zero_neighbor_targets=0
GRAB train batch 9: pair_ids shape=(16,), range=22..9608, coefficients shape=(16, 2), sample_weights shape=(16,), zero_neighbor_targets=0
GRAB train batch 10: pair_ids shape=(16,), range=12..9459, coefficients shape=(16, 2), sample_weights shape=(16,), zero_neighbor_targets=0
GRAB train batch 11: pair_ids shape=(16,), range=81..10502, coefficients shape=(16, 2), sample_weights shape=(16,), zero_neighbor_targets=0
GRAB train batch 12: pair_ids shape=(16,), range=71..9537, coefficients shape=(16, 2), sample_weights shape=(16,), zero_neighbor_targets=0
GRAB train batch 13: pair_ids shape=(16,), range=2..8590, coefficients shape=(16, 2), sample_weights shape=(16,), zero_neighbor_targets=0
GRAB train batch 14: pair_ids shape=(16,), range=64..10662, coefficients shape=(16, 2), sample_weights shape=(16,), zero_neighbor_targets=0
GRAB train batch 15: pair_ids shape=(16,), range=43..9471, coefficients shape=(16, 2), sample_weights shape=(16,), zero_neighbor_targets=0
GRAB train batch 16: pair_ids shape=(16,), range=13..10374, coefficients shape=(16, 2), sample_weights shape=(16,), zero_neighbor_targets=0
GRAB train batch 17: pair_ids shape=(16,), range=35..10393, coefficients shape=(16, 2), sample_weights shape=(16,), zero_neighbor_targets=0
GRAB train batch 18: pair_ids shape=(16,), range=182..10299, coefficients shape=(16, 2), sample_weights shape=(16,), zero_neighbor_targets=0
GRAB train batch 19: pair_ids shape=(16,), range=166..10935, coefficients shape=(16, 2), sample_weights shape=(16,), zero_neighbor_targets=0
GRAB train batch 20: pair_ids shape=(16,), range=66..9387, coefficients shape=(16, 2), sample_weights shape=(16,), zero_neighbor_targets=0
GRAB train batch 21: pair_ids shape=(16,), range=104..9892, coefficients shape=(16, 2), sample_weights shape=(16,), zero_neighbor_targets=0
GRAB train batch 22: pair_ids shape=(16,), range=94..8210, coefficients shape=(16, 2), sample_weights shape=(16,), zero_neighbor_targets=0
GRAB train batch 23: pair_ids shape=(16,), range=15..10462, coefficients shape=(16, 2), sample_weights shape=(16,), zero_neighbor_targets=0
GRAB train batch 24: pair_ids shape=(16,), range=142..9228, coefficients shape=(16, 2), sample_weights shape=(16,), zero_neighbor_targets=0
GRAB train batch 25: pair_ids shape=(16,), range=1..9696, coefficients shape=(16, 2), sample_weights shape=(16,), zero_neighbor_targets=0
GRAB train batch 26: pair_ids shape=(16,), range=11..9180, coefficients shape=(16, 2), sample_weights shape=(16,), zero_neighbor_targets=0
GRAB train batch 27: pair_ids shape=(16,), range=7..10522, coefficients shape=(16, 2), sample_weights shape=(16,), zero_neighbor_targets=0
GRAB train batch 28: pair_ids shape=(16,), range=67..10396, coefficients shape=(16, 2), sample_weights shape=(16,), zero_neighbor_targets=0
GRAB train batch 29: pair_ids shape=(16,), range=120..9088, coefficients shape=(16, 2), sample_weights shape=(16,), zero_neighbor_targets=0
GRAB train batch 30: pair_ids shape=(16,), range=117..10471, coefficients shape=(16, 2), sample_weights shape=(16,), zero_neighbor_targets=0
GRAB train batch 31: pair_ids shape=(16,), range=73..10850, coefficients shape=(16, 2), sample_weights shape=(16,), zero_neighbor_targets=0
GRAB train batch 32: pair_ids shape=(16,), range=9..10362, coefficients shape=(16, 2), sample_weights shape=(16,), zero_neighbor_targets=0
GRAB train batch 33: pair_ids shape=(16,), range=136..10205, coefficients shape=(16, 2), sample_weights shape=(16,), zero_neighbor_targets=0
GRAB train batch 34: pair_ids shape=(16,), range=16..9795, coefficients shape=(16, 2), sample_weights shape=(16,), zero_neighbor_targets=0
GRAB train batch 35: pair_ids shape=(16,), range=6..9196, coefficients shape=(16, 2), sample_weights shape=(16,), zero_neighbor_targets=0
GRAB train batch 36: pair_ids shape=(16,), range=129..10264, coefficients shape=(16, 2), sample_weights shape=(16,), zero_neighbor_targets=0
GRAB train batch 37: pair_ids shape=(16,), range=106..6515, coefficients shape=(16, 2), sample_weights shape=(16,), zero_neighbor_targets=0
GRAB train batch 38: pair_ids shape=(16,), range=108..4172, coefficients shape=(16, 2), sample_weights shape=(16,), zero_neighbor_targets=0
GRAB train batch 39: pair_ids shape=(16,), range=25..10404, coefficients shape=(16, 2), sample_weights shape=(16,), zero_neighbor_targets=0
GRAB train batch 40: pair_ids shape=(16,), range=8..9704, coefficients shape=(16, 2), sample_weights shape=(16,), zero_neighbor_targets=0
GRAB train batch 41: pair_ids shape=(16,), range=140..10728, coefficients shape=(16, 2), sample_weights shape=(16,), zero_neighbor_targets=0
GRAB train batch 42: pair_ids shape=(16,), range=77..8928, coefficients shape=(16, 2), sample_weights shape=(16,), zero_neighbor_targets=0
GRAB train batch 43: pair_ids shape=(16,), range=14..10473, coefficients shape=(16, 2), sample_weights shape=(16,), zero_neighbor_targets=0
GRAB train batch 44: pair_ids shape=(16,), range=0..8310, coefficients shape=(16, 2), sample_weights shape=(16,), zero_neighbor_targets=0
GRAB train batch 45: pair_ids shape=(16,), range=88..10851, coefficients shape=(16, 2), sample_weights shape=(16,), zero_neighbor_targets=0
GRAB train batch 46: pair_ids shape=(16,), range=82..10817, coefficients shape=(16, 2), sample_weights shape=(16,), zero_neighbor_targets=0
GRAB train batch 47: pair_ids shape=(16,), range=3..7213, coefficients shape=(16, 2), sample_weights shape=(16,), zero_neighbor_targets=0
GRAB train batch 48: pair_ids shape=(16,), range=40..10590, coefficients shape=(16, 2), sample_weights shape=(16,), zero_neighbor_targets=0
GRAB train batch 49: pair_ids shape=(16,), range=267..10811, coefficients shape=(16, 2), sample_weights shape=(16,), zero_neighbor_targets=0
GRAB train batch 50: pair_ids shape=(16,), range=130..10384, coefficients shape=(16, 2), sample_weights shape=(16,), zero_neighbor_targets=0
GRAB train batch 51: pair_ids shape=(16,), range=85..7284, coefficients shape=(16, 2), sample_weights shape=(16,), zero_neighbor_targets=0
GRAB train batch 52: pair_ids shape=(16,), range=295..10800, coefficients shape=(16, 2), sample_weights shape=(16,), zero_neighbor_targets=0
GRAB train batch 53: pair_ids shape=(16,), range=45..9498, coefficients shape=(16, 2), sample_weights shape=(16,), zero_neighbor_targets=0
GRAB train batch 54: pair_ids shape=(16,), range=210..10453, coefficients shape=(16, 2), sample_weights shape=(16,), zero_neighbor_targets=0
GRAB train batch 55: pair_ids shape=(16,), range=27..10398, coefficients shape=(16, 2), sample_weights shape=(16,), zero_neighbor_targets=0
GRAB train batch 56: pair_ids shape=(16,), range=90..10248, coefficients shape=(16, 2), sample_weights shape=(16,), zero_neighbor_targets=0
GRAB train batch 57: pair_ids shape=(16,), range=70..9403, coefficients shape=(16, 2), sample_weights shape=(16,), zero_neighbor_targets=0
GRAB train batch 58: pair_ids shape=(16,), range=33..8954, coefficients shape=(16, 2), sample_weights shape=(16,), zero_neighbor_targets=0
GRAB train batch 59: pair_ids shape=(16,), range=93..10331, coefficients shape=(16, 2), sample_weights shape=(16,), zero_neighbor_targets=0
GRAB train batch 60: pair_ids shape=(16,), range=103..7867, coefficients shape=(16, 2), sample_weights shape=(16,), zero_neighbor_targets=0
GRAB train batch 61: pair_ids shape=(16,), range=30..8915, coefficients shape=(16, 2), sample_weights shape=(16,), zero_neighbor_targets=0
GRAB train batch 62: pair_ids shape=(16,), range=316..10764, coefficients shape=(16, 2), sample_weights shape=(16,), zero_neighbor_targets=0
GRAB train batch 63: pair_ids shape=(16,), range=83..10988, coefficients shape=(16, 2), sample_weights shape=(16,), zero_neighbor_targets=0
GRAB train batch 64: pair_ids shape=(16,), range=208..9478, coefficients shape=(16, 2), sample_weights shape=(16,), zero_neighbor_targets=0
GRAB train batch 65: pair_ids shape=(16,), range=38..10795, coefficients shape=(16, 2), sample_weights shape=(16,), zero_neighbor_targets=0
GRAB train batch 66: pair_ids shape=(16,), range=29..9546, coefficients shape=(16, 2), sample_weights shape=(16,), zero_neighbor_targets=0
GRAB train batch 67: pair_ids shape=(16,), range=17..10984, coefficients shape=(16, 2), sample_weights shape=(16,), zero_neighbor_targets=0
GRAB train batch 68: pair_ids shape=(16,), range=175..10742, coefficients shape=(16, 2), sample_weights shape=(16,), zero_neighbor_targets=0
GRAB train batch 69: pair_ids shape=(16,), range=76..10836, coefficients shape=(16, 2), sample_weights shape=(16,), zero_neighbor_targets=0
GRAB train batch 70: pair_ids shape=(16,), range=91..9097, coefficients shape=(16, 2), sample_weights shape=(16,), zero_neighbor_targets=0
GRAB train batch 71: pair_ids shape=(16,), range=20..9023, coefficients shape=(16, 2), sample_weights shape=(16,), zero_neighbor_targets=0
GRAB train batch 72: pair_ids shape=(16,), range=144..10891, coefficients shape=(16, 2), sample_weights shape=(16,), zero_neighbor_targets=0
GRAB train batch 73: pair_ids shape=(16,), range=26..8363, coefficients shape=(16, 2), sample_weights shape=(16,), zero_neighbor_targets=0
GRAB train batch 74: pair_ids shape=(16,), range=80..10277, coefficients shape=(16, 2), sample_weights shape=(16,), zero_neighbor_targets=0
GRAB train batch 75: pair_ids shape=(16,), range=97..10600, coefficients shape=(16, 2), sample_weights shape=(16,), zero_neighbor_targets=0
GRAB train batch 76: pair_ids shape=(16,), range=272..9159, coefficients shape=(16, 2), sample_weights shape=(16,), zero_neighbor_targets=0
GRAB train batch 77: pair_ids shape=(8,), range=185..10524, coefficients shape=(8, 2), sample_weights shape=(8,), zero_neighbor_targets=0
VALIDATION
valid epoch balanced_accuracy: 0.520147
EPOCH 61:
GRAB train batch 1: pair_ids shape=(16,), range=33..10522, coefficients shape=(16, 2), sample_weights shape=(16,), zero_neighbor_targets=0
GRAB train batch 2: pair_ids shape=(16,), range=170..10627, coefficients shape=(16, 2), sample_weights shape=(16,), zero_neighbor_targets=0
GRAB train batch 3: pair_ids shape=(16,), range=73..8841, coefficients shape=(16, 2), sample_weights shape=(16,), zero_neighbor_targets=0
GRAB train batch 4: pair_ids shape=(16,), range=21..9186, coefficients shape=(16, 2), sample_weights shape=(16,), zero_neighbor_targets=0
GRAB train batch 5: pair_ids shape=(16,), range=85..9387, coefficients shape=(16, 2), sample_weights shape=(16,), zero_neighbor_targets=0
GRAB train batch 6: pair_ids shape=(16,), range=126..10851, coefficients shape=(16, 2), sample_weights shape=(16,), zero_neighbor_targets=0
GRAB train batch 7: pair_ids shape=(16,), range=164..9143, coefficients shape=(16, 2), sample_weights shape=(16,), zero_neighbor_targets=0
GRAB train batch 8: pair_ids shape=(16,), range=25..10473, coefficients shape=(16, 2), sample_weights shape=(16,), zero_neighbor_targets=0
GRAB train batch 9: pair_ids shape=(16,), range=6..10312, coefficients shape=(16, 2), sample_weights shape=(16,), zero_neighbor_targets=0
GRAB train batch 10: pair_ids shape=(16,), range=83..8678, coefficients shape=(16, 2), sample_weights shape=(16,), zero_neighbor_targets=0
GRAB train batch 11: pair_ids shape=(16,), range=110..10404, coefficients shape=(16, 2), sample_weights shape=(16,), zero_neighbor_targets=0
GRAB train batch 12: pair_ids shape=(16,), range=5..9818, coefficients shape=(16, 2), sample_weights shape=(16,), zero_neighbor_targets=0
GRAB train batch 13: pair_ids shape=(16,), range=17..6286, coefficients shape=(16, 2), sample_weights shape=(16,), zero_neighbor_targets=0
GRAB train batch 14: pair_ids shape=(16,), range=39..9500, coefficients shape=(16, 2), sample_weights shape=(16,), zero_neighbor_targets=0
GRAB train batch 15: pair_ids shape=(16,), range=66..9073, coefficients shape=(16, 2), sample_weights shape=(16,), zero_neighbor_targets=0
GRAB train batch 16: pair_ids shape=(16,), range=109..9608, coefficients shape=(16, 2), sample_weights shape=(16,), zero_neighbor_targets=0
GRAB train batch 17: pair_ids shape=(16,), range=2..10891, coefficients shape=(16, 2), sample_weights shape=(16,), zero_neighbor_targets=0
GRAB train batch 18: pair_ids shape=(16,), range=68..10836, coefficients shape=(16, 2), sample_weights shape=(16,), zero_neighbor_targets=0
GRAB train batch 19: pair_ids shape=(16,), range=144..7942, coefficients shape=(16, 2), sample_weights shape=(16,), zero_neighbor_targets=0
GRAB train batch 20: pair_ids shape=(16,), range=124..9249, coefficients shape=(16, 2), sample_weights shape=(16,), zero_neighbor_targets=0
GRAB train batch 21: pair_ids shape=(16,), range=100..10502, coefficients shape=(16, 2), sample_weights shape=(16,), zero_neighbor_targets=0
GRAB train batch 22: pair_ids shape=(16,), range=45..10222, coefficients shape=(16, 2), sample_weights shape=(16,), zero_neighbor_targets=0
GRAB train batch 23: pair_ids shape=(16,), range=165..10987, coefficients shape=(16, 2), sample_weights shape=(16,), zero_neighbor_targets=0
GRAB train batch 24: pair_ids shape=(16,), range=127..7583, coefficients shape=(16, 2), sample_weights shape=(16,), zero_neighbor_targets=0
GRAB train batch 25: pair_ids shape=(16,), range=12..9696, coefficients shape=(16, 2), sample_weights shape=(16,), zero_neighbor_targets=0
GRAB train batch 26: pair_ids shape=(16,), range=171..8168, coefficients shape=(16, 2), sample_weights shape=(16,), zero_neighbor_targets=0
GRAB train batch 27: pair_ids shape=(16,), range=1..10850, coefficients shape=(16, 2), sample_weights shape=(16,), zero_neighbor_targets=0
GRAB train batch 28: pair_ids shape=(16,), range=150..9887, coefficients shape=(16, 2), sample_weights shape=(16,), zero_neighbor_targets=0
GRAB train batch 29: pair_ids shape=(16,), range=285..10170, coefficients shape=(16, 2), sample_weights shape=(16,), zero_neighbor_targets=0
GRAB train batch 30: pair_ids shape=(16,), range=10..10764, coefficients shape=(16, 2), sample_weights shape=(16,), zero_neighbor_targets=0
GRAB train batch 31: pair_ids shape=(16,), range=133..10396, coefficients shape=(16, 2), sample_weights shape=(16,), zero_neighbor_targets=0
GRAB train batch 32: pair_ids shape=(16,), range=37..9704, coefficients shape=(16, 2), sample_weights shape=(16,), zero_neighbor_targets=0
GRAB train batch 33: pair_ids shape=(16,), range=112..9698, coefficients shape=(16, 2), sample_weights shape=(16,), zero_neighbor_targets=0
GRAB train batch 34: pair_ids shape=(16,), range=15..9319, coefficients shape=(16, 2), sample_weights shape=(16,), zero_neighbor_targets=0
GRAB train batch 35: pair_ids shape=(16,), range=93..10398, coefficients shape=(16, 2), sample_weights shape=(16,), zero_neighbor_targets=0
GRAB train batch 36: pair_ids shape=(16,), range=119..7829, coefficients shape=(16, 2), sample_weights shape=(16,), zero_neighbor_targets=0
GRAB train batch 37: pair_ids shape=(16,), range=8..10360, coefficients shape=(16, 2), sample_weights shape=(16,), zero_neighbor_targets=0
GRAB train batch 38: pair_ids shape=(16,), range=3..8772, coefficients shape=(16, 2), sample_weights shape=(16,), zero_neighbor_targets=0
GRAB train batch 39: pair_ids shape=(16,), range=64..10685, coefficients shape=(16, 2), sample_weights shape=(16,), zero_neighbor_targets=0
GRAB train batch 40: pair_ids shape=(16,), range=20..7872, coefficients shape=(16, 2), sample_weights shape=(16,), zero_neighbor_targets=0
GRAB train batch 41: pair_ids shape=(16,), range=187..10331, coefficients shape=(16, 2), sample_weights shape=(16,), zero_neighbor_targets=0
GRAB train batch 42: pair_ids shape=(16,), range=42..9956, coefficients shape=(16, 2), sample_weights shape=(16,), zero_neighbor_targets=0
GRAB train batch 43: pair_ids shape=(16,), range=16..9892, coefficients shape=(16, 2), sample_weights shape=(16,), zero_neighbor_targets=0
GRAB train batch 44: pair_ids shape=(16,), range=24..9498, coefficients shape=(16, 2), sample_weights shape=(16,), zero_neighbor_targets=0
GRAB train batch 45: pair_ids shape=(16,), range=26..10205, coefficients shape=(16, 2), sample_weights shape=(16,), zero_neighbor_targets=0
GRAB train batch 46: pair_ids shape=(16,), range=14..10384, coefficients shape=(16, 2), sample_weights shape=(16,), zero_neighbor_targets=0
GRAB train batch 47: pair_ids shape=(16,), range=166..10742, coefficients shape=(16, 2), sample_weights shape=(16,), zero_neighbor_targets=0
GRAB train batch 48: pair_ids shape=(16,), range=143..7923, coefficients shape=(16, 2), sample_weights shape=(16,), zero_neighbor_targets=0
GRAB train batch 49: pair_ids shape=(16,), range=32..10728, coefficients shape=(16, 2), sample_weights shape=(16,), zero_neighbor_targets=0
GRAB train batch 50: pair_ids shape=(16,), range=30..10471, coefficients shape=(16, 2), sample_weights shape=(16,), zero_neighbor_targets=0
GRAB train batch 51: pair_ids shape=(16,), range=122..10259, coefficients shape=(16, 2), sample_weights shape=(16,), zero_neighbor_targets=0
GRAB train batch 52: pair_ids shape=(16,), range=134..10772, coefficients shape=(16, 2), sample_weights shape=(16,), zero_neighbor_targets=0
GRAB train batch 53: pair_ids shape=(16,), range=69..7284, coefficients shape=(16, 2), sample_weights shape=(16,), zero_neighbor_targets=0
GRAB train batch 54: pair_ids shape=(16,), range=193..10994, coefficients shape=(16, 2), sample_weights shape=(16,), zero_neighbor_targets=0
GRAB train batch 55: pair_ids shape=(16,), range=13..8370, coefficients shape=(16, 2), sample_weights shape=(16,), zero_neighbor_targets=0
GRAB train batch 56: pair_ids shape=(16,), range=216..10984, coefficients shape=(16, 2), sample_weights shape=(16,), zero_neighbor_targets=0
GRAB train batch 57: pair_ids shape=(16,), range=87..10600, coefficients shape=(16, 2), sample_weights shape=(16,), zero_neighbor_targets=0
GRAB train batch 58: pair_ids shape=(16,), range=123..10447, coefficients shape=(16, 2), sample_weights shape=(16,), zero_neighbor_targets=0
GRAB train batch 59: pair_ids shape=(16,), range=80..10009, coefficients shape=(16, 2), sample_weights shape=(16,), zero_neighbor_targets=0
GRAB train batch 60: pair_ids shape=(16,), range=125..9147, coefficients shape=(16, 2), sample_weights shape=(16,), zero_neighbor_targets=0
GRAB train batch 61: pair_ids shape=(16,), range=255..9139, coefficients shape=(16, 2), sample_weights shape=(16,), zero_neighbor_targets=0
GRAB train batch 62: pair_ids shape=(16,), range=23..10988, coefficients shape=(16, 2), sample_weights shape=(16,), zero_neighbor_targets=0
GRAB train batch 63: pair_ids shape=(16,), range=291..10811, coefficients shape=(16, 2), sample_weights shape=(16,), zero_neighbor_targets=0
GRAB train batch 64: pair_ids shape=(16,), range=38..7556, coefficients shape=(16, 2), sample_weights shape=(16,), zero_neighbor_targets=0
GRAB train batch 65: pair_ids shape=(16,), range=182..9088, coefficients shape=(16, 2), sample_weights shape=(16,), zero_neighbor_targets=0
GRAB train batch 66: pair_ids shape=(16,), range=4..10227, coefficients shape=(16, 2), sample_weights shape=(16,), zero_neighbor_targets=0
GRAB train batch 67: pair_ids shape=(16,), range=11..10299, coefficients shape=(16, 2), sample_weights shape=(16,), zero_neighbor_targets=0
GRAB train batch 68: pair_ids shape=(16,), range=94..10800, coefficients shape=(16, 2), sample_weights shape=(16,), zero_neighbor_targets=0
GRAB train batch 69: pair_ids shape=(16,), range=44..9196, coefficients shape=(16, 2), sample_weights shape=(16,), zero_neighbor_targets=0
GRAB train batch 70: pair_ids shape=(16,), range=90..7278, coefficients shape=(16, 2), sample_weights shape=(16,), zero_neighbor_targets=0
GRAB train batch 71: pair_ids shape=(16,), range=35..9027, coefficients shape=(16, 2), sample_weights shape=(16,), zero_neighbor_targets=0
GRAB train batch 72: pair_ids shape=(16,), range=27..10374, coefficients shape=(16, 2), sample_weights shape=(16,), zero_neighbor_targets=0
GRAB train batch 73: pair_ids shape=(16,), range=75..10453, coefficients shape=(16, 2), sample_weights shape=(16,), zero_neighbor_targets=0
GRAB train batch 74: pair_ids shape=(16,), range=36..10462, coefficients shape=(16, 2), sample_weights shape=(16,), zero_neighbor_targets=0
GRAB train batch 75: pair_ids shape=(16,), range=86..10027, coefficients shape=(16, 2), sample_weights shape=(16,), zero_neighbor_targets=0
GRAB train batch 76: pair_ids shape=(16,), range=0..9954, coefficients shape=(16, 2), sample_weights shape=(16,), zero_neighbor_targets=0
GRAB train batch 77: pair_ids shape=(8,), range=537..10500, coefficients shape=(8, 2), sample_weights shape=(8,), zero_neighbor_targets=0
VALIDATION
valid epoch balanced_accuracy: 0.455128
EARLY STOPPING: rolling validation balanced accuracy did not improve for 60 epochs and validation loss increased over the same window.
accuracy: 0.709091
sensitivity: 1.000000
precision: 0.709091
specificity: 0.000000
IoU: 0.709091
FAR: 1.000000
F1: 0.829787
balanced_accuracy: 0.500000
loss: 0.669365
