Waiting for exclusive access to GPU GPU-3d901ca2-883a-b37a-1cb7-5e9c28415c30.
=== GROUP: lipocalin | VARIANT: grab_loss | SEED: 1 | GPU: Tesla V100-SXM2-32GB ===

number of parameters : 1075406
train : (1082, 12)
valid : (126, 12)
test : (126, 12)
GRAB graph: targets=1082, edges=19350, zero_neighbor_targets=0
class weights : [1.3004807233810425, 0.8123123049736023]
data extracted
EPOCH 1:
GRAB train batch 1: pair_ids shape=(16,), range=69..10258, coefficients shape=(16, 2), sample_weights shape=(16,), zero_neighbor_targets=0
GRAB train batch 2: pair_ids shape=(16,), range=106..10918, coefficients shape=(16, 2), sample_weights shape=(16,), zero_neighbor_targets=0
GRAB train batch 3: pair_ids shape=(16,), range=6..10373, coefficients shape=(16, 2), sample_weights shape=(16,), zero_neighbor_targets=0
GRAB train batch 4: pair_ids shape=(16,), range=234..10030, coefficients shape=(16, 2), sample_weights shape=(16,), zero_neighbor_targets=0
GRAB train batch 5: pair_ids shape=(16,), range=11..8790, coefficients shape=(16, 2), sample_weights shape=(16,), zero_neighbor_targets=0
GRAB train batch 6: pair_ids shape=(16,), range=61..4999, coefficients shape=(16, 2), sample_weights shape=(16,), zero_neighbor_targets=0
GRAB train batch 7: pair_ids shape=(16,), range=0..5050, coefficients shape=(16, 2), sample_weights shape=(16,), zero_neighbor_targets=0
GRAB train batch 8: pair_ids shape=(16,), range=48..6968, coefficients shape=(16, 2), sample_weights shape=(16,), zero_neighbor_targets=0
GRAB train batch 9: pair_ids shape=(16,), range=31..10015, coefficients shape=(16, 2), sample_weights shape=(16,), zero_neighbor_targets=0
GRAB train batch 10: pair_ids shape=(16,), range=4..10609, coefficients shape=(16, 2), sample_weights shape=(16,), zero_neighbor_targets=0
GRAB train batch 11: pair_ids shape=(16,), range=175..9327, coefficients shape=(16, 2), sample_weights shape=(16,), zero_neighbor_targets=0
GRAB train batch 12: pair_ids shape=(16,), range=272..10228, coefficients shape=(16, 2), sample_weights shape=(16,), zero_neighbor_targets=0
GRAB train batch 13: pair_ids shape=(16,), range=7..10733, coefficients shape=(16, 2), sample_weights shape=(16,), zero_neighbor_targets=0
GRAB train batch 14: pair_ids shape=(16,), range=21..10738, coefficients shape=(16, 2), sample_weights shape=(16,), zero_neighbor_targets=0
GRAB train batch 15: pair_ids shape=(16,), range=47..10735, coefficients shape=(16, 2), sample_weights shape=(16,), zero_neighbor_targets=0
GRAB train batch 16: pair_ids shape=(16,), range=26..10435, coefficients shape=(16, 2), sample_weights shape=(16,), zero_neighbor_targets=0
GRAB train batch 17: pair_ids shape=(16,), range=32..10256, coefficients shape=(16, 2), sample_weights shape=(16,), zero_neighbor_targets=0
GRAB train batch 18: pair_ids shape=(16,), range=72..5061, coefficients shape=(16, 2), sample_weights shape=(16,), zero_neighbor_targets=0
GRAB train batch 19: pair_ids shape=(16,), range=27..9883, coefficients shape=(16, 2), sample_weights shape=(16,), zero_neighbor_targets=0
GRAB train batch 20: pair_ids shape=(16,), range=18..4744, coefficients shape=(16, 2), sample_weights shape=(16,), zero_neighbor_targets=0
GRAB train batch 21: pair_ids shape=(16,), range=16..10498, coefficients shape=(16, 2), sample_weights shape=(16,), zero_neighbor_targets=0
GRAB train batch 22: pair_ids shape=(16,), range=30..10090, coefficients shape=(16, 2), sample_weights shape=(16,), zero_neighbor_targets=0
GRAB train batch 23: pair_ids shape=(16,), range=186..9541, coefficients shape=(16, 2), sample_weights shape=(16,), zero_neighbor_targets=0
GRAB train batch 24: pair_ids shape=(16,), range=62..4869, coefficients shape=(16, 2), sample_weights shape=(16,), zero_neighbor_targets=0
GRAB train batch 25: pair_ids shape=(16,), range=17..10092, coefficients shape=(16, 2), sample_weights shape=(16,), zero_neighbor_targets=0
GRAB train batch 26: pair_ids shape=(16,), range=114..10018, coefficients shape=(16, 2), sample_weights shape=(16,), zero_neighbor_targets=0
GRAB train batch 27: pair_ids shape=(16,), range=12..9358, coefficients shape=(16, 2), sample_weights shape=(16,), zero_neighbor_targets=0
GRAB train batch 28: pair_ids shape=(16,), range=55..10899, coefficients shape=(16, 2), sample_weights shape=(16,), zero_neighbor_targets=0
GRAB train batch 29: pair_ids shape=(16,), range=122..10599, coefficients shape=(16, 2), sample_weights shape=(16,), zero_neighbor_targets=0
GRAB train batch 30: pair_ids shape=(16,), range=153..8933, coefficients shape=(16, 2), sample_weights shape=(16,), zero_neighbor_targets=0
GRAB train batch 31: pair_ids shape=(16,), range=13..10655, coefficients shape=(16, 2), sample_weights shape=(16,), zero_neighbor_targets=0
GRAB train batch 32: pair_ids shape=(16,), range=33..9324, coefficients shape=(16, 2), sample_weights shape=(16,), zero_neighbor_targets=0
GRAB train batch 33: pair_ids shape=(16,), range=185..10141, coefficients shape=(16, 2), sample_weights shape=(16,), zero_neighbor_targets=0
GRAB train batch 34: pair_ids shape=(16,), range=99..10619, coefficients shape=(16, 2), sample_weights shape=(16,), zero_neighbor_targets=0
GRAB train batch 35: pair_ids shape=(16,), range=147..10567, coefficients shape=(16, 2), sample_weights shape=(16,), zero_neighbor_targets=0
GRAB train batch 36: pair_ids shape=(16,), range=34..10925, coefficients shape=(16, 2), sample_weights shape=(16,), zero_neighbor_targets=0
GRAB train batch 37: pair_ids shape=(16,), range=9..7924, coefficients shape=(16, 2), sample_weights shape=(16,), zero_neighbor_targets=0
GRAB train batch 38: pair_ids shape=(16,), range=60..10665, coefficients shape=(16, 2), sample_weights shape=(16,), zero_neighbor_targets=0
GRAB train batch 39: pair_ids shape=(16,), range=22..10956, coefficients shape=(16, 2), sample_weights shape=(16,), zero_neighbor_targets=0
GRAB train batch 40: pair_ids shape=(16,), range=116..10530, coefficients shape=(16, 2), sample_weights shape=(16,), zero_neighbor_targets=0
GRAB train batch 41: pair_ids shape=(16,), range=221..10336, coefficients shape=(16, 2), sample_weights shape=(16,), zero_neighbor_targets=0
GRAB train batch 42: pair_ids shape=(16,), range=3..10352, coefficients shape=(16, 2), sample_weights shape=(16,), zero_neighbor_targets=0
GRAB train batch 43: pair_ids shape=(16,), range=44..9949, coefficients shape=(16, 2), sample_weights shape=(16,), zero_neighbor_targets=0
GRAB train batch 44: pair_ids shape=(16,), range=63..10222, coefficients shape=(16, 2), sample_weights shape=(16,), zero_neighbor_targets=0
GRAB train batch 45: pair_ids shape=(16,), range=120..10064, coefficients shape=(16, 2), sample_weights shape=(16,), zero_neighbor_targets=0
GRAB train batch 46: pair_ids shape=(16,), range=36..10004, coefficients shape=(16, 2), sample_weights shape=(16,), zero_neighbor_targets=0
GRAB train batch 47: pair_ids shape=(16,), range=41..9828, coefficients shape=(16, 2), sample_weights shape=(16,), zero_neighbor_targets=0
GRAB train batch 48: pair_ids shape=(16,), range=24..10611, coefficients shape=(16, 2), sample_weights shape=(16,), zero_neighbor_targets=0
GRAB train batch 49: pair_ids shape=(16,), range=2..10859, coefficients shape=(16, 2), sample_weights shape=(16,), zero_neighbor_targets=0
GRAB train batch 50: pair_ids shape=(16,), range=28..9560, coefficients shape=(16, 2), sample_weights shape=(16,), zero_neighbor_targets=0
GRAB train batch 51: pair_ids shape=(16,), range=111..9968, coefficients shape=(16, 2), sample_weights shape=(16,), zero_neighbor_targets=0
GRAB train batch 52: pair_ids shape=(16,), range=139..10093, coefficients shape=(16, 2), sample_weights shape=(16,), zero_neighbor_targets=0
GRAB train batch 53: pair_ids shape=(16,), range=35..9396, coefficients shape=(16, 2), sample_weights shape=(16,), zero_neighbor_targets=0
GRAB train batch 54: pair_ids shape=(16,), range=125..10488, coefficients shape=(16, 2), sample_weights shape=(16,), zero_neighbor_targets=0
GRAB train batch 55: pair_ids shape=(16,), range=38..10046, coefficients shape=(16, 2), sample_weights shape=(16,), zero_neighbor_targets=0
GRAB train batch 56: pair_ids shape=(16,), range=5..7758, coefficients shape=(16, 2), sample_weights shape=(16,), zero_neighbor_targets=0
GRAB train batch 57: pair_ids shape=(16,), range=181..10862, coefficients shape=(16, 2), sample_weights shape=(16,), zero_neighbor_targets=0
GRAB train batch 58: pair_ids shape=(16,), range=146..7942, coefficients shape=(16, 2), sample_weights shape=(16,), zero_neighbor_targets=0
GRAB train batch 59: pair_ids shape=(16,), range=1..9957, coefficients shape=(16, 2), sample_weights shape=(16,), zero_neighbor_targets=0
GRAB train batch 60: pair_ids shape=(16,), range=42..9548, coefficients shape=(16, 2), sample_weights shape=(16,), zero_neighbor_targets=0
GRAB train batch 61: pair_ids shape=(16,), range=179..10867, coefficients shape=(16, 2), sample_weights shape=(16,), zero_neighbor_targets=0
GRAB train batch 62: pair_ids shape=(16,), range=58..10935, coefficients shape=(16, 2), sample_weights shape=(16,), zero_neighbor_targets=0
GRAB train batch 63: pair_ids shape=(16,), range=19..9915, coefficients shape=(16, 2), sample_weights shape=(16,), zero_neighbor_targets=0
GRAB train batch 64: pair_ids shape=(16,), range=71..10716, coefficients shape=(16, 2), sample_weights shape=(16,), zero_neighbor_targets=0
GRAB train batch 65: pair_ids shape=(16,), range=8..9904, coefficients shape=(16, 2), sample_weights shape=(16,), zero_neighbor_targets=0
GRAB train batch 66: pair_ids shape=(16,), range=14..2184, coefficients shape=(16, 2), sample_weights shape=(16,), zero_neighbor_targets=0
GRAB train batch 67: pair_ids shape=(16,), range=40..10520, coefficients shape=(16, 2), sample_weights shape=(16,), zero_neighbor_targets=0
GRAB train batch 68: pair_ids shape=(10,), range=37..10274, coefficients shape=(10, 2), sample_weights shape=(10,), zero_neighbor_targets=0
VALIDATION
valid epoch balanced_accuracy: 0.500000
EPOCH 2:
GRAB train batch 1: pair_ids shape=(16,), range=29..9531, coefficients shape=(16, 2), sample_weights shape=(16,), zero_neighbor_targets=0
GRAB train batch 2: pair_ids shape=(16,), range=24..7582, coefficients shape=(16, 2), sample_weights shape=(16,), zero_neighbor_targets=0
GRAB train batch 3: pair_ids shape=(16,), range=150..9915, coefficients shape=(16, 2), sample_weights shape=(16,), zero_neighbor_targets=0
GRAB train batch 4: pair_ids shape=(16,), range=34..10733, coefficients shape=(16, 2), sample_weights shape=(16,), zero_neighbor_targets=0
GRAB train batch 5: pair_ids shape=(16,), range=17..5197, coefficients shape=(16, 2), sample_weights shape=(16,), zero_neighbor_targets=0
GRAB train batch 6: pair_ids shape=(16,), range=172..10935, coefficients shape=(16, 2), sample_weights shape=(16,), zero_neighbor_targets=0
GRAB train batch 7: pair_ids shape=(16,), range=96..9648, coefficients shape=(16, 2), sample_weights shape=(16,), zero_neighbor_targets=0
GRAB train batch 8: pair_ids shape=(16,), range=270..10435, coefficients shape=(16, 2), sample_weights shape=(16,), zero_neighbor_targets=0
GRAB train batch 9: pair_ids shape=(16,), range=14..10599, coefficients shape=(16, 2), sample_weights shape=(16,), zero_neighbor_targets=0
GRAB train batch 10: pair_ids shape=(16,), range=3..10899, coefficients shape=(16, 2), sample_weights shape=(16,), zero_neighbor_targets=0
GRAB train batch 11: pair_ids shape=(16,), range=60..9922, coefficients shape=(16, 2), sample_weights shape=(16,), zero_neighbor_targets=0
GRAB train batch 12: pair_ids shape=(16,), range=19..8795, coefficients shape=(16, 2), sample_weights shape=(16,), zero_neighbor_targets=0
GRAB train batch 13: pair_ids shape=(16,), range=128..8012, coefficients shape=(16, 2), sample_weights shape=(16,), zero_neighbor_targets=0
GRAB train batch 14: pair_ids shape=(16,), range=100..10956, coefficients shape=(16, 2), sample_weights shape=(16,), zero_neighbor_targets=0
GRAB train batch 15: pair_ids shape=(16,), range=20..10365, coefficients shape=(16, 2), sample_weights shape=(16,), zero_neighbor_targets=0
GRAB train batch 16: pair_ids shape=(16,), range=63..10258, coefficients shape=(16, 2), sample_weights shape=(16,), zero_neighbor_targets=0
GRAB train batch 17: pair_ids shape=(16,), range=44..10530, coefficients shape=(16, 2), sample_weights shape=(16,), zero_neighbor_targets=0
GRAB train batch 18: pair_ids shape=(16,), range=47..10472, coefficients shape=(16, 2), sample_weights shape=(16,), zero_neighbor_targets=0
GRAB train batch 19: pair_ids shape=(16,), range=7..10716, coefficients shape=(16, 2), sample_weights shape=(16,), zero_neighbor_targets=0
GRAB train batch 20: pair_ids shape=(16,), range=145..9171, coefficients shape=(16, 2), sample_weights shape=(16,), zero_neighbor_targets=0
GRAB train batch 21: pair_ids shape=(16,), range=51..10619, coefficients shape=(16, 2), sample_weights shape=(16,), zero_neighbor_targets=0
GRAB train batch 22: pair_ids shape=(16,), range=264..9128, coefficients shape=(16, 2), sample_weights shape=(16,), zero_neighbor_targets=0
GRAB train batch 23: pair_ids shape=(16,), range=119..10925, coefficients shape=(16, 2), sample_weights shape=(16,), zero_neighbor_targets=0
GRAB train batch 24: pair_ids shape=(16,), range=12..10064, coefficients shape=(16, 2), sample_weights shape=(16,), zero_neighbor_targets=0
GRAB train batch 25: pair_ids shape=(16,), range=70..9889, coefficients shape=(16, 2), sample_weights shape=(16,), zero_neighbor_targets=0
GRAB train batch 26: pair_ids shape=(16,), range=59..10488, coefficients shape=(16, 2), sample_weights shape=(16,), zero_neighbor_targets=0
GRAB train batch 27: pair_ids shape=(16,), range=98..7895, coefficients shape=(16, 2), sample_weights shape=(16,), zero_neighbor_targets=0
GRAB train batch 28: pair_ids shape=(16,), range=53..10665, coefficients shape=(16, 2), sample_weights shape=(16,), zero_neighbor_targets=0
GRAB train batch 29: pair_ids shape=(16,), range=0..10859, coefficients shape=(16, 2), sample_weights shape=(16,), zero_neighbor_targets=0
GRAB train batch 30: pair_ids shape=(16,), range=171..9828, coefficients shape=(16, 2), sample_weights shape=(16,), zero_neighbor_targets=0
GRAB train batch 31: pair_ids shape=(16,), range=10..9883, coefficients shape=(16, 2), sample_weights shape=(16,), zero_neighbor_targets=0
GRAB train batch 32: pair_ids shape=(16,), range=35..10141, coefficients shape=(16, 2), sample_weights shape=(16,), zero_neighbor_targets=0
GRAB train batch 33: pair_ids shape=(16,), range=65..9072, coefficients shape=(16, 2), sample_weights shape=(16,), zero_neighbor_targets=0
GRAB train batch 34: pair_ids shape=(16,), range=22..10735, coefficients shape=(16, 2), sample_weights shape=(16,), zero_neighbor_targets=0
GRAB train batch 35: pair_ids shape=(16,), range=21..10222, coefficients shape=(16, 2), sample_weights shape=(16,), zero_neighbor_targets=0
GRAB train batch 36: pair_ids shape=(16,), range=224..10684, coefficients shape=(16, 2), sample_weights shape=(16,), zero_neighbor_targets=0
GRAB train batch 37: pair_ids shape=(16,), range=228..10520, coefficients shape=(16, 2), sample_weights shape=(16,), zero_neighbor_targets=0
GRAB train batch 38: pair_ids shape=(16,), range=42..9255, coefficients shape=(16, 2), sample_weights shape=(16,), zero_neighbor_targets=0
GRAB train batch 39: pair_ids shape=(16,), range=144..4871, coefficients shape=(16, 2), sample_weights shape=(16,), zero_neighbor_targets=0
GRAB train batch 40: pair_ids shape=(16,), range=48..10256, coefficients shape=(16, 2), sample_weights shape=(16,), zero_neighbor_targets=0
GRAB train batch 41: pair_ids shape=(16,), range=37..10609, coefficients shape=(16, 2), sample_weights shape=(16,), zero_neighbor_targets=0
GRAB train batch 42: pair_ids shape=(16,), range=108..10867, coefficients shape=(16, 2), sample_weights shape=(16,), zero_neighbor_targets=0
GRAB train batch 43: pair_ids shape=(16,), range=28..9331, coefficients shape=(16, 2), sample_weights shape=(16,), zero_neighbor_targets=0
GRAB train batch 44: pair_ids shape=(16,), range=109..10336, coefficients shape=(16, 2), sample_weights shape=(16,), zero_neighbor_targets=0
GRAB train batch 45: pair_ids shape=(16,), range=8..10557, coefficients shape=(16, 2), sample_weights shape=(16,), zero_neighbor_targets=0
GRAB train batch 46: pair_ids shape=(16,), range=4..10655, coefficients shape=(16, 2), sample_weights shape=(16,), zero_neighbor_targets=0
GRAB train batch 47: pair_ids shape=(16,), range=50..8790, coefficients shape=(16, 2), sample_weights shape=(16,), zero_neighbor_targets=0
GRAB train batch 48: pair_ids shape=(16,), range=170..9560, coefficients shape=(16, 2), sample_weights shape=(16,), zero_neighbor_targets=0
GRAB train batch 49: pair_ids shape=(16,), range=25..5095, coefficients shape=(16, 2), sample_weights shape=(16,), zero_neighbor_targets=0
GRAB train batch 50: pair_ids shape=(16,), range=41..10004, coefficients shape=(16, 2), sample_weights shape=(16,), zero_neighbor_targets=0
GRAB train batch 51: pair_ids shape=(16,), range=2..8079, coefficients shape=(16, 2), sample_weights shape=(16,), zero_neighbor_targets=0
GRAB train batch 52: pair_ids shape=(16,), range=1..10046, coefficients shape=(16, 2), sample_weights shape=(16,), zero_neighbor_targets=0
GRAB train batch 53: pair_ids shape=(16,), range=135..10161, coefficients shape=(16, 2), sample_weights shape=(16,), zero_neighbor_targets=0
GRAB train batch 54: pair_ids shape=(16,), range=46..9968, coefficients shape=(16, 2), sample_weights shape=(16,), zero_neighbor_targets=0
GRAB train batch 55: pair_ids shape=(16,), range=11..10352, coefficients shape=(16, 2), sample_weights shape=(16,), zero_neighbor_targets=0
GRAB train batch 56: pair_ids shape=(16,), range=18..9541, coefficients shape=(16, 2), sample_weights shape=(16,), zero_neighbor_targets=0
GRAB train batch 57: pair_ids shape=(16,), range=16..10092, coefficients shape=(16, 2), sample_weights shape=(16,), zero_neighbor_targets=0
GRAB train batch 58: pair_ids shape=(16,), range=130..10611, coefficients shape=(16, 2), sample_weights shape=(16,), zero_neighbor_targets=0
GRAB train batch 59: pair_ids shape=(16,), range=38..9957, coefficients shape=(16, 2), sample_weights shape=(16,), zero_neighbor_targets=0
GRAB train batch 60: pair_ids shape=(16,), range=143..10738, coefficients shape=(16, 2), sample_weights shape=(16,), zero_neighbor_targets=0
GRAB train batch 61: pair_ids shape=(16,), range=153..10567, coefficients shape=(16, 2), sample_weights shape=(16,), zero_neighbor_targets=0
GRAB train batch 62: pair_ids shape=(16,), range=73..10093, coefficients shape=(16, 2), sample_weights shape=(16,), zero_neighbor_targets=0
GRAB train batch 63: pair_ids shape=(16,), range=5..10404, coefficients shape=(16, 2), sample_weights shape=(16,), zero_neighbor_targets=0
GRAB train batch 64: pair_ids shape=(16,), range=23..9358, coefficients shape=(16, 2), sample_weights shape=(16,), zero_neighbor_targets=0
GRAB train batch 65: pair_ids shape=(16,), range=6..9477, coefficients shape=(16, 2), sample_weights shape=(16,), zero_neighbor_targets=0
GRAB train batch 66: pair_ids shape=(16,), range=31..6866, coefficients shape=(16, 2), sample_weights shape=(16,), zero_neighbor_targets=0
GRAB train batch 67: pair_ids shape=(16,), range=9..10090, coefficients shape=(16, 2), sample_weights shape=(16,), zero_neighbor_targets=0
GRAB train batch 68: pair_ids shape=(10,), range=68..10918, coefficients shape=(10, 2), sample_weights shape=(10,), zero_neighbor_targets=0
VALIDATION
valid epoch balanced_accuracy: 0.320676
EPOCH 3:
GRAB train batch 1: pair_ids shape=(16,), range=14..10018, coefficients shape=(16, 2), sample_weights shape=(16,), zero_neighbor_targets=0
GRAB train batch 2: pair_ids shape=(16,), range=73..9754, coefficients shape=(16, 2), sample_weights shape=(16,), zero_neighbor_targets=0
GRAB train batch 3: pair_ids shape=(16,), range=36..10862, coefficients shape=(16, 2), sample_weights shape=(16,), zero_neighbor_targets=0
GRAB train batch 4: pair_ids shape=(16,), range=48..9648, coefficients shape=(16, 2), sample_weights shape=(16,), zero_neighbor_targets=0
GRAB train batch 5: pair_ids shape=(16,), range=57..8012, coefficients shape=(16, 2), sample_weights shape=(16,), zero_neighbor_targets=0
GRAB train batch 6: pair_ids shape=(16,), range=157..9587, coefficients shape=(16, 2), sample_weights shape=(16,), zero_neighbor_targets=0
GRAB train batch 7: pair_ids shape=(16,), range=38..10488, coefficients shape=(16, 2), sample_weights shape=(16,), zero_neighbor_targets=0
GRAB train batch 8: pair_ids shape=(16,), range=140..10925, coefficients shape=(16, 2), sample_weights shape=(16,), zero_neighbor_targets=0
GRAB train batch 9: pair_ids shape=(16,), range=1..9531, coefficients shape=(16, 2), sample_weights shape=(16,), zero_neighbor_targets=0
GRAB train batch 10: pair_ids shape=(16,), range=58..9962, coefficients shape=(16, 2), sample_weights shape=(16,), zero_neighbor_targets=0
GRAB train batch 11: pair_ids shape=(16,), range=18..9573, coefficients shape=(16, 2), sample_weights shape=(16,), zero_neighbor_targets=0
GRAB train batch 12: pair_ids shape=(16,), range=2..10665, coefficients shape=(16, 2), sample_weights shape=(16,), zero_neighbor_targets=0
GRAB train batch 13: pair_ids shape=(16,), range=5..10738, coefficients shape=(16, 2), sample_weights shape=(16,), zero_neighbor_targets=0
GRAB train batch 14: pair_ids shape=(16,), range=59..4292, coefficients shape=(16, 2), sample_weights shape=(16,), zero_neighbor_targets=0
GRAB train batch 15: pair_ids shape=(16,), range=114..10222, coefficients shape=(16, 2), sample_weights shape=(16,), zero_neighbor_targets=0
GRAB train batch 16: pair_ids shape=(16,), range=24..10256, coefficients shape=(16, 2), sample_weights shape=(16,), zero_neighbor_targets=0
GRAB train batch 17: pair_ids shape=(16,), range=13..10733, coefficients shape=(16, 2), sample_weights shape=(16,), zero_neighbor_targets=0
GRAB train batch 18: pair_ids shape=(16,), range=10..10735, coefficients shape=(16, 2), sample_weights shape=(16,), zero_neighbor_targets=0
GRAB train batch 19: pair_ids shape=(16,), range=46..4491, coefficients shape=(16, 2), sample_weights shape=(16,), zero_neighbor_targets=0
GRAB train batch 20: pair_ids shape=(16,), range=15..10064, coefficients shape=(16, 2), sample_weights shape=(16,), zero_neighbor_targets=0
GRAB train batch 21: pair_ids shape=(16,), range=54..4955, coefficients shape=(16, 2), sample_weights shape=(16,), zero_neighbor_targets=0
GRAB train batch 22: pair_ids shape=(16,), range=65..10404, coefficients shape=(16, 2), sample_weights shape=(16,), zero_neighbor_targets=0
GRAB train batch 23: pair_ids shape=(16,), range=0..10557, coefficients shape=(16, 2), sample_weights shape=(16,), zero_neighbor_targets=0
GRAB train batch 24: pair_ids shape=(16,), range=312..9477, coefficients shape=(16, 2), sample_weights shape=(16,), zero_neighbor_targets=0
GRAB train batch 25: pair_ids shape=(16,), range=148..9670, coefficients shape=(16, 2), sample_weights shape=(16,), zero_neighbor_targets=0
GRAB train batch 26: pair_ids shape=(16,), range=99..10935, coefficients shape=(16, 2), sample_weights shape=(16,), zero_neighbor_targets=0
GRAB train batch 27: pair_ids shape=(16,), range=4..10530, coefficients shape=(16, 2), sample_weights shape=(16,), zero_neighbor_targets=0
GRAB train batch 28: pair_ids shape=(16,), range=32..10090, coefficients shape=(16, 2), sample_weights shape=(16,), zero_neighbor_targets=0
GRAB train batch 29: pair_ids shape=(16,), range=28..10015, coefficients shape=(16, 2), sample_weights shape=(16,), zero_neighbor_targets=0
GRAB train batch 30: pair_ids shape=(16,), range=60..10030, coefficients shape=(16, 2), sample_weights shape=(16,), zero_neighbor_targets=0
GRAB train batch 31: pair_ids shape=(16,), range=117..8079, coefficients shape=(16, 2), sample_weights shape=(16,), zero_neighbor_targets=0
GRAB train batch 32: pair_ids shape=(16,), range=3..8002, coefficients shape=(16, 2), sample_weights shape=(16,), zero_neighbor_targets=0
GRAB train batch 33: pair_ids shape=(16,), range=22..7924, coefficients shape=(16, 2), sample_weights shape=(16,), zero_neighbor_targets=0
GRAB train batch 34: pair_ids shape=(16,), range=8..9671, coefficients shape=(16, 2), sample_weights shape=(16,), zero_neighbor_targets=0
GRAB train batch 35: pair_ids shape=(16,), range=156..8792, coefficients shape=(16, 2), sample_weights shape=(16,), zero_neighbor_targets=0
GRAB train batch 36: pair_ids shape=(16,), range=307..10867, coefficients shape=(16, 2), sample_weights shape=(16,), zero_neighbor_targets=0
GRAB train batch 37: pair_ids shape=(16,), range=164..7941, coefficients shape=(16, 2), sample_weights shape=(16,), zero_neighbor_targets=0
GRAB train batch 38: pair_ids shape=(16,), range=33..10161, coefficients shape=(16, 2), sample_weights shape=(16,), zero_neighbor_targets=0
GRAB train batch 39: pair_ids shape=(16,), range=16..9957, coefficients shape=(16, 2), sample_weights shape=(16,), zero_neighbor_targets=0
GRAB train batch 40: pair_ids shape=(16,), range=142..10472, coefficients shape=(16, 2), sample_weights shape=(16,), zero_neighbor_targets=0
GRAB train batch 41: pair_ids shape=(16,), range=11..10004, coefficients shape=(16, 2), sample_weights shape=(16,), zero_neighbor_targets=0
GRAB train batch 42: pair_ids shape=(16,), range=7..10609, coefficients shape=(16, 2), sample_weights shape=(16,), zero_neighbor_targets=0
GRAB train batch 43: pair_ids shape=(16,), range=227..10141, coefficients shape=(16, 2), sample_weights shape=(16,), zero_neighbor_targets=0
GRAB train batch 44: pair_ids shape=(16,), range=21..10007, coefficients shape=(16, 2), sample_weights shape=(16,), zero_neighbor_targets=0
GRAB train batch 45: pair_ids shape=(16,), range=43..7902, coefficients shape=(16, 2), sample_weights shape=(16,), zero_neighbor_targets=0
GRAB train batch 46: pair_ids shape=(16,), range=17..10619, coefficients shape=(16, 2), sample_weights shape=(16,), zero_neighbor_targets=0
GRAB train batch 47: pair_ids shape=(16,), range=45..9541, coefficients shape=(16, 2), sample_weights shape=(16,), zero_neighbor_targets=0
GRAB train batch 48: pair_ids shape=(16,), range=19..5309, coefficients shape=(16, 2), sample_weights shape=(16,), zero_neighbor_targets=0
GRAB train batch 49: pair_ids shape=(16,), range=53..9915, coefficients shape=(16, 2), sample_weights shape=(16,), zero_neighbor_targets=0
GRAB train batch 50: pair_ids shape=(16,), range=56..10899, coefficients shape=(16, 2), sample_weights shape=(16,), zero_neighbor_targets=0
GRAB train batch 51: pair_ids shape=(16,), range=64..10859, coefficients shape=(16, 2), sample_weights shape=(16,), zero_neighbor_targets=0
GRAB train batch 52: pair_ids shape=(16,), range=6..10956, coefficients shape=(16, 2), sample_weights shape=(16,), zero_neighbor_targets=0
GRAB train batch 53: pair_ids shape=(16,), range=67..10567, coefficients shape=(16, 2), sample_weights shape=(16,), zero_neighbor_targets=0
GRAB train batch 54: pair_ids shape=(16,), range=34..10716, coefficients shape=(16, 2), sample_weights shape=(16,), zero_neighbor_targets=0
GRAB train batch 55: pair_ids shape=(16,), range=30..4364, coefficients shape=(16, 2), sample_weights shape=(16,), zero_neighbor_targets=0
GRAB train batch 56: pair_ids shape=(16,), range=47..10599, coefficients shape=(16, 2), sample_weights shape=(16,), zero_neighbor_targets=0
GRAB train batch 57: pair_ids shape=(16,), range=167..10918, coefficients shape=(16, 2), sample_weights shape=(16,), zero_neighbor_targets=0
GRAB train batch 58: pair_ids shape=(16,), range=166..10352, coefficients shape=(16, 2), sample_weights shape=(16,), zero_neighbor_targets=0
GRAB train batch 59: pair_ids shape=(16,), range=111..10655, coefficients shape=(16, 2), sample_weights shape=(16,), zero_neighbor_targets=0
GRAB train batch 60: pair_ids shape=(16,), range=127..7536, coefficients shape=(16, 2), sample_weights shape=(16,), zero_neighbor_targets=0
GRAB train batch 61: pair_ids shape=(16,), range=37..8005, coefficients shape=(16, 2), sample_weights shape=(16,), zero_neighbor_targets=0
GRAB train batch 62: pair_ids shape=(16,), range=9..5421, coefficients shape=(16, 2), sample_weights shape=(16,), zero_neighbor_targets=0
GRAB train batch 63: pair_ids shape=(16,), range=153..9785, coefficients shape=(16, 2), sample_weights shape=(16,), zero_neighbor_targets=0
GRAB train batch 64: pair_ids shape=(16,), range=40..10365, coefficients shape=(16, 2), sample_weights shape=(16,), zero_neighbor_targets=0
GRAB train batch 65: pair_ids shape=(16,), range=116..10308, coefficients shape=(16, 2), sample_weights shape=(16,), zero_neighbor_targets=0
GRAB train batch 66: pair_ids shape=(16,), range=134..10435, coefficients shape=(16, 2), sample_weights shape=(16,), zero_neighbor_targets=0
GRAB train batch 67: pair_ids shape=(16,), range=20..10498, coefficients shape=(16, 2), sample_weights shape=(16,), zero_neighbor_targets=0
GRAB train batch 68: pair_ids shape=(10,), range=41..5227, coefficients shape=(10, 2), sample_weights shape=(10,), zero_neighbor_targets=0
VALIDATION
valid epoch balanced_accuracy: 0.382206
EPOCH 4:
GRAB train batch 1: pair_ids shape=(16,), range=63..10030, coefficients shape=(16, 2), sample_weights shape=(16,), zero_neighbor_targets=0
GRAB train batch 2: pair_ids shape=(16,), range=23..9889, coefficients shape=(16, 2), sample_weights shape=(16,), zero_neighbor_targets=0
GRAB train batch 3: pair_ids shape=(16,), range=0..9648, coefficients shape=(16, 2), sample_weights shape=(16,), zero_neighbor_targets=0
GRAB train batch 4: pair_ids shape=(16,), range=167..9531, coefficients shape=(16, 2), sample_weights shape=(16,), zero_neighbor_targets=0
GRAB train batch 5: pair_ids shape=(16,), range=29..9848, coefficients shape=(16, 2), sample_weights shape=(16,), zero_neighbor_targets=0
GRAB train batch 6: pair_ids shape=(16,), range=143..9808, coefficients shape=(16, 2), sample_weights shape=(16,), zero_neighbor_targets=0
GRAB train batch 7: pair_ids shape=(16,), range=40..10046, coefficients shape=(16, 2), sample_weights shape=(16,), zero_neighbor_targets=0
GRAB train batch 8: pair_ids shape=(16,), range=32..7855, coefficients shape=(16, 2), sample_weights shape=(16,), zero_neighbor_targets=0
GRAB train batch 9: pair_ids shape=(16,), range=9..6980, coefficients shape=(16, 2), sample_weights shape=(16,), zero_neighbor_targets=0
GRAB train batch 10: pair_ids shape=(16,), range=2..10733, coefficients shape=(16, 2), sample_weights shape=(16,), zero_neighbor_targets=0
GRAB train batch 11: pair_ids shape=(16,), range=1..10956, coefficients shape=(16, 2), sample_weights shape=(16,), zero_neighbor_targets=0
GRAB train batch 12: pair_ids shape=(16,), range=100..9624, coefficients shape=(16, 2), sample_weights shape=(16,), zero_neighbor_targets=0
GRAB train batch 13: pair_ids shape=(16,), range=73..9054, coefficients shape=(16, 2), sample_weights shape=(16,), zero_neighbor_targets=0
GRAB train batch 14: pair_ids shape=(16,), range=97..7924, coefficients shape=(16, 2), sample_weights shape=(16,), zero_neighbor_targets=0
GRAB train batch 15: pair_ids shape=(16,), range=147..9587, coefficients shape=(16, 2), sample_weights shape=(16,), zero_neighbor_targets=0
GRAB train batch 16: pair_ids shape=(16,), range=17..8002, coefficients shape=(16, 2), sample_weights shape=(16,), zero_neighbor_targets=0
GRAB train batch 17: pair_ids shape=(16,), range=55..10665, coefficients shape=(16, 2), sample_weights shape=(16,), zero_neighbor_targets=0
GRAB train batch 18: pair_ids shape=(16,), range=122..7549, coefficients shape=(16, 2), sample_weights shape=(16,), zero_neighbor_targets=0
GRAB train batch 19: pair_ids shape=(16,), range=6..10684, coefficients shape=(16, 2), sample_weights shape=(16,), zero_neighbor_targets=0
GRAB train batch 20: pair_ids shape=(16,), range=25..7755, coefficients shape=(16, 2), sample_weights shape=(16,), zero_neighbor_targets=0
GRAB train batch 21: pair_ids shape=(16,), range=8..10488, coefficients shape=(16, 2), sample_weights shape=(16,), zero_neighbor_targets=0
GRAB train batch 22: pair_ids shape=(16,), range=132..9957, coefficients shape=(16, 2), sample_weights shape=(16,), zero_neighbor_targets=0
GRAB train batch 23: pair_ids shape=(16,), range=30..8088, coefficients shape=(16, 2), sample_weights shape=(16,), zero_neighbor_targets=0
GRAB train batch 24: pair_ids shape=(16,), range=121..10925, coefficients shape=(16, 2), sample_weights shape=(16,), zero_neighbor_targets=0
GRAB train batch 25: pair_ids shape=(16,), range=45..10064, coefficients shape=(16, 2), sample_weights shape=(16,), zero_neighbor_targets=0
GRAB train batch 26: pair_ids shape=(16,), range=47..10092, coefficients shape=(16, 2), sample_weights shape=(16,), zero_neighbor_targets=0
GRAB train batch 27: pair_ids shape=(16,), range=59..10472, coefficients shape=(16, 2), sample_weights shape=(16,), zero_neighbor_targets=0
GRAB train batch 28: pair_ids shape=(16,), range=26..10141, coefficients shape=(16, 2), sample_weights shape=(16,), zero_neighbor_targets=0
GRAB train batch 29: pair_ids shape=(16,), range=39..10918, coefficients shape=(16, 2), sample_weights shape=(16,), zero_neighbor_targets=0
GRAB train batch 30: pair_ids shape=(16,), range=18..10015, coefficients shape=(16, 2), sample_weights shape=(16,), zero_neighbor_targets=0
GRAB train batch 31: pair_ids shape=(16,), range=31..10222, coefficients shape=(16, 2), sample_weights shape=(16,), zero_neighbor_targets=0
GRAB train batch 32: pair_ids shape=(16,), range=28..9883, coefficients shape=(16, 2), sample_weights shape=(16,), zero_neighbor_targets=0
GRAB train batch 33: pair_ids shape=(16,), range=42..8792, coefficients shape=(16, 2), sample_weights shape=(16,), zero_neighbor_targets=0
GRAB train batch 34: pair_ids shape=(16,), range=34..10228, coefficients shape=(16, 2), sample_weights shape=(16,), zero_neighbor_targets=0
GRAB train batch 35: pair_ids shape=(16,), range=133..10862, coefficients shape=(16, 2), sample_weights shape=(16,), zero_neighbor_targets=0
GRAB train batch 36: pair_ids shape=(16,), range=297..9962, coefficients shape=(16, 2), sample_weights shape=(16,), zero_neighbor_targets=0
GRAB train batch 37: pair_ids shape=(16,), range=22..4431, coefficients shape=(16, 2), sample_weights shape=(16,), zero_neighbor_targets=0
GRAB train batch 38: pair_ids shape=(16,), range=21..10274, coefficients shape=(16, 2), sample_weights shape=(16,), zero_neighbor_targets=0
GRAB train batch 39: pair_ids shape=(16,), range=96..7096, coefficients shape=(16, 2), sample_weights shape=(16,), zero_neighbor_targets=0
GRAB train batch 40: pair_ids shape=(16,), range=60..10867, coefficients shape=(16, 2), sample_weights shape=(16,), zero_neighbor_targets=0
GRAB train batch 41: pair_ids shape=(16,), range=295..10557, coefficients shape=(16, 2), sample_weights shape=(16,), zero_neighbor_targets=0
GRAB train batch 42: pair_ids shape=(16,), range=14..10090, coefficients shape=(16, 2), sample_weights shape=(16,), zero_neighbor_targets=0
GRAB train batch 43: pair_ids shape=(16,), range=16..10738, coefficients shape=(16, 2), sample_weights shape=(16,), zero_neighbor_targets=0
GRAB train batch 44: pair_ids shape=(16,), range=108..10735, coefficients shape=(16, 2), sample_weights shape=(16,), zero_neighbor_targets=0
GRAB train batch 45: pair_ids shape=(16,), range=3..10935, coefficients shape=(16, 2), sample_weights shape=(16,), zero_neighbor_targets=0
GRAB train batch 46: pair_ids shape=(16,), range=20..7942, coefficients shape=(16, 2), sample_weights shape=(16,), zero_neighbor_targets=0
GRAB train batch 47: pair_ids shape=(16,), range=69..10258, coefficients shape=(16, 2), sample_weights shape=(16,), zero_neighbor_targets=0
GRAB train batch 48: pair_ids shape=(16,), range=254..10567, coefficients shape=(16, 2), sample_weights shape=(16,), zero_neighbor_targets=0
GRAB train batch 49: pair_ids shape=(16,), range=15..10611, coefficients shape=(16, 2), sample_weights shape=(16,), zero_neighbor_targets=0
GRAB train batch 50: pair_ids shape=(16,), range=19..10093, coefficients shape=(16, 2), sample_weights shape=(16,), zero_neighbor_targets=0
GRAB train batch 51: pair_ids shape=(16,), range=114..9211, coefficients shape=(16, 2), sample_weights shape=(16,), zero_neighbor_targets=0
GRAB train batch 52: pair_ids shape=(16,), range=151..7803, coefficients shape=(16, 2), sample_weights shape=(16,), zero_neighbor_targets=0
GRAB train batch 53: pair_ids shape=(16,), range=61..3114, coefficients shape=(16, 2), sample_weights shape=(16,), zero_neighbor_targets=0
GRAB train batch 54: pair_ids shape=(16,), range=38..8075, coefficients shape=(16, 2), sample_weights shape=(16,), zero_neighbor_targets=0
GRAB train batch 55: pair_ids shape=(16,), range=13..10859, coefficients shape=(16, 2), sample_weights shape=(16,), zero_neighbor_targets=0
GRAB train batch 56: pair_ids shape=(16,), range=130..9124, coefficients shape=(16, 2), sample_weights shape=(16,), zero_neighbor_targets=0
GRAB train batch 57: pair_ids shape=(16,), range=98..10899, coefficients shape=(16, 2), sample_weights shape=(16,), zero_neighbor_targets=0
GRAB train batch 58: pair_ids shape=(16,), range=5..4874, coefficients shape=(16, 2), sample_weights shape=(16,), zero_neighbor_targets=0
GRAB train batch 59: pair_ids shape=(16,), range=136..10655, coefficients shape=(16, 2), sample_weights shape=(16,), zero_neighbor_targets=0
GRAB train batch 60: pair_ids shape=(16,), range=10..9671, coefficients shape=(16, 2), sample_weights shape=(16,), zero_neighbor_targets=0
GRAB train batch 61: pair_ids shape=(16,), range=37..10520, coefficients shape=(16, 2), sample_weights shape=(16,), zero_neighbor_targets=0
GRAB train batch 62: pair_ids shape=(16,), range=279..10336, coefficients shape=(16, 2), sample_weights shape=(16,), zero_neighbor_targets=0
GRAB train batch 63: pair_ids shape=(16,), range=71..10256, coefficients shape=(16, 2), sample_weights shape=(16,), zero_neighbor_targets=0
GRAB train batch 64: pair_ids shape=(16,), range=146..9077, coefficients shape=(16, 2), sample_weights shape=(16,), zero_neighbor_targets=0
GRAB train batch 65: pair_ids shape=(16,), range=50..9477, coefficients shape=(16, 2), sample_weights shape=(16,), zero_neighbor_targets=0
GRAB train batch 66: pair_ids shape=(16,), range=65..9670, coefficients shape=(16, 2), sample_weights shape=(16,), zero_neighbor_targets=0
GRAB train batch 67: pair_ids shape=(16,), range=68..10599, coefficients shape=(16, 2), sample_weights shape=(16,), zero_neighbor_targets=0
GRAB train batch 68: pair_ids shape=(10,), range=4..10018, coefficients shape=(10, 2), sample_weights shape=(10,), zero_neighbor_targets=0
VALIDATION
valid epoch balanced_accuracy: 0.324002
EPOCH 5:
GRAB train batch 1: pair_ids shape=(16,), range=100..8933, coefficients shape=(16, 2), sample_weights shape=(16,), zero_neighbor_targets=0
GRAB train batch 2: pair_ids shape=(16,), range=12..10258, coefficients shape=(16, 2), sample_weights shape=(16,), zero_neighbor_targets=0
GRAB train batch 3: pair_ids shape=(16,), range=13..10567, coefficients shape=(16, 2), sample_weights shape=(16,), zero_neighbor_targets=0
GRAB train batch 4: pair_ids shape=(16,), range=69..7720, coefficients shape=(16, 2), sample_weights shape=(16,), zero_neighbor_targets=0
GRAB train batch 5: pair_ids shape=(16,), range=50..10308, coefficients shape=(16, 2), sample_weights shape=(16,), zero_neighbor_targets=0
GRAB train batch 6: pair_ids shape=(16,), range=41..5461, coefficients shape=(16, 2), sample_weights shape=(16,), zero_neighbor_targets=0
GRAB train batch 7: pair_ids shape=(16,), range=44..3413, coefficients shape=(16, 2), sample_weights shape=(16,), zero_neighbor_targets=0
GRAB train batch 8: pair_ids shape=(16,), range=67..10599, coefficients shape=(16, 2), sample_weights shape=(16,), zero_neighbor_targets=0
GRAB train batch 9: pair_ids shape=(16,), range=176..10899, coefficients shape=(16, 2), sample_weights shape=(16,), zero_neighbor_targets=0
GRAB train batch 10: pair_ids shape=(16,), range=124..8079, coefficients shape=(16, 2), sample_weights shape=(16,), zero_neighbor_targets=0
GRAB train batch 11: pair_ids shape=(16,), range=35..10956, coefficients shape=(16, 2), sample_weights shape=(16,), zero_neighbor_targets=0
GRAB train batch 12: pair_ids shape=(16,), range=15..9648, coefficients shape=(16, 2), sample_weights shape=(16,), zero_neighbor_targets=0
GRAB train batch 13: pair_ids shape=(16,), range=0..10404, coefficients shape=(16, 2), sample_weights shape=(16,), zero_neighbor_targets=0
GRAB train batch 14: pair_ids shape=(16,), range=27..1455, coefficients shape=(16, 2), sample_weights shape=(16,), zero_neighbor_targets=0
GRAB train batch 15: pair_ids shape=(16,), range=19..10373, coefficients shape=(16, 2), sample_weights shape=(16,), zero_neighbor_targets=0
GRAB train batch 16: pair_ids shape=(16,), range=2..9327, coefficients shape=(16, 2), sample_weights shape=(16,), zero_neighbor_targets=0
GRAB train batch 17: pair_ids shape=(16,), range=122..10859, coefficients shape=(16, 2), sample_weights shape=(16,), zero_neighbor_targets=0
GRAB train batch 18: pair_ids shape=(16,), range=46..10862, coefficients shape=(16, 2), sample_weights shape=(16,), zero_neighbor_targets=0
GRAB train batch 19: pair_ids shape=(16,), range=101..9396, coefficients shape=(16, 2), sample_weights shape=(16,), zero_neighbor_targets=0
GRAB train batch 20: pair_ids shape=(16,), range=6..9587, coefficients shape=(16, 2), sample_weights shape=(16,), zero_neighbor_targets=0
GRAB train batch 21: pair_ids shape=(16,), range=170..10352, coefficients shape=(16, 2), sample_weights shape=(16,), zero_neighbor_targets=0
GRAB train batch 22: pair_ids shape=(16,), range=1..9889, coefficients shape=(16, 2), sample_weights shape=(16,), zero_neighbor_targets=0
GRAB train batch 23: pair_ids shape=(16,), range=55..8810, coefficients shape=(16, 2), sample_weights shape=(16,), zero_neighbor_targets=0
GRAB train batch 24: pair_ids shape=(16,), range=232..10530, coefficients shape=(16, 2), sample_weights shape=(16,), zero_neighbor_targets=0
GRAB train batch 25: pair_ids shape=(16,), range=30..10336, coefficients shape=(16, 2), sample_weights shape=(16,), zero_neighbor_targets=0
GRAB train batch 26: pair_ids shape=(16,), range=5..9005, coefficients shape=(16, 2), sample_weights shape=(16,), zero_neighbor_targets=0
GRAB train batch 27: pair_ids shape=(16,), range=223..10274, coefficients shape=(16, 2), sample_weights shape=(16,), zero_neighbor_targets=0
GRAB train batch 28: pair_ids shape=(16,), range=130..10867, coefficients shape=(16, 2), sample_weights shape=(16,), zero_neighbor_targets=0
GRAB train batch 29: pair_ids shape=(16,), range=8..10716, coefficients shape=(16, 2), sample_weights shape=(16,), zero_neighbor_targets=0
GRAB train batch 30: pair_ids shape=(16,), range=16..9324, coefficients shape=(16, 2), sample_weights shape=(16,), zero_neighbor_targets=0
GRAB train batch 31: pair_ids shape=(16,), range=177..9054, coefficients shape=(16, 2), sample_weights shape=(16,), zero_neighbor_targets=0
GRAB train batch 32: pair_ids shape=(16,), range=129..9962, coefficients shape=(16, 2), sample_weights shape=(16,), zero_neighbor_targets=0
GRAB train batch 33: pair_ids shape=(16,), range=7..10619, coefficients shape=(16, 2), sample_weights shape=(16,), zero_neighbor_targets=0
GRAB train batch 34: pair_ids shape=(16,), range=20..8012, coefficients shape=(16, 2), sample_weights shape=(16,), zero_neighbor_targets=0
GRAB train batch 35: pair_ids shape=(16,), range=17..9904, coefficients shape=(16, 2), sample_weights shape=(16,), zero_neighbor_targets=0
GRAB train batch 36: pair_ids shape=(16,), range=138..10918, coefficients shape=(16, 2), sample_weights shape=(16,), zero_neighbor_targets=0
GRAB train batch 37: pair_ids shape=(16,), range=107..10161, coefficients shape=(16, 2), sample_weights shape=(16,), zero_neighbor_targets=0
GRAB train batch 38: pair_ids shape=(16,), range=38..10611, coefficients shape=(16, 2), sample_weights shape=(16,), zero_neighbor_targets=0
GRAB train batch 39: pair_ids shape=(16,), range=32..10735, coefficients shape=(16, 2), sample_weights shape=(16,), zero_neighbor_targets=0
GRAB train batch 40: pair_ids shape=(16,), range=220..9573, coefficients shape=(16, 2), sample_weights shape=(16,), zero_neighbor_targets=0
GRAB train batch 41: pair_ids shape=(16,), range=10..10733, coefficients shape=(16, 2), sample_weights shape=(16,), zero_neighbor_targets=0
GRAB train batch 42: pair_ids shape=(16,), range=111..10093, coefficients shape=(16, 2), sample_weights shape=(16,), zero_neighbor_targets=0
GRAB train batch 43: pair_ids shape=(16,), range=21..9808, coefficients shape=(16, 2), sample_weights shape=(16,), zero_neighbor_targets=0
GRAB train batch 44: pair_ids shape=(16,), range=42..10557, coefficients shape=(16, 2), sample_weights shape=(16,), zero_neighbor_targets=0
GRAB train batch 45: pair_ids shape=(16,), range=9..10030, coefficients shape=(16, 2), sample_weights shape=(16,), zero_neighbor_targets=0
GRAB train batch 46: pair_ids shape=(16,), range=164..10609, coefficients shape=(16, 2), sample_weights shape=(16,), zero_neighbor_targets=0
GRAB train batch 47: pair_ids shape=(16,), range=54..10141, coefficients shape=(16, 2), sample_weights shape=(16,), zero_neighbor_targets=0
GRAB train batch 48: pair_ids shape=(16,), range=22..10488, coefficients shape=(16, 2), sample_weights shape=(16,), zero_neighbor_targets=0
GRAB train batch 49: pair_ids shape=(16,), range=43..10222, coefficients shape=(16, 2), sample_weights shape=(16,), zero_neighbor_targets=0
GRAB train batch 50: pair_ids shape=(16,), range=24..5351, coefficients shape=(16, 2), sample_weights shape=(16,), zero_neighbor_targets=0
GRAB train batch 51: pair_ids shape=(16,), range=63..9968, coefficients shape=(16, 2), sample_weights shape=(16,), zero_neighbor_targets=0
GRAB train batch 52: pair_ids shape=(16,), range=141..5462, coefficients shape=(16, 2), sample_weights shape=(16,), zero_neighbor_targets=0
GRAB train batch 53: pair_ids shape=(16,), range=149..10738, coefficients shape=(16, 2), sample_weights shape=(16,), zero_neighbor_targets=0
GRAB train batch 54: pair_ids shape=(16,), range=49..9153, coefficients shape=(16, 2), sample_weights shape=(16,), zero_neighbor_targets=0
GRAB train batch 55: pair_ids shape=(16,), range=258..9957, coefficients shape=(16, 2), sample_weights shape=(16,), zero_neighbor_targets=0
GRAB train batch 56: pair_ids shape=(16,), range=145..10015, coefficients shape=(16, 2), sample_weights shape=(16,), zero_neighbor_targets=0
GRAB train batch 57: pair_ids shape=(16,), range=25..6866, coefficients shape=(16, 2), sample_weights shape=(16,), zero_neighbor_targets=0
GRAB train batch 58: pair_ids shape=(16,), range=28..9785, coefficients shape=(16, 2), sample_weights shape=(16,), zero_neighbor_targets=0
GRAB train batch 59: pair_ids shape=(16,), range=62..9398, coefficients shape=(16, 2), sample_weights shape=(16,), zero_neighbor_targets=0
GRAB train batch 60: pair_ids shape=(16,), range=11..10684, coefficients shape=(16, 2), sample_weights shape=(16,), zero_neighbor_targets=0
GRAB train batch 61: pair_ids shape=(16,), range=4..9754, coefficients shape=(16, 2), sample_weights shape=(16,), zero_neighbor_targets=0
GRAB train batch 62: pair_ids shape=(16,), range=146..9358, coefficients shape=(16, 2), sample_weights shape=(16,), zero_neighbor_targets=0
GRAB train batch 63: pair_ids shape=(16,), range=3..7758, coefficients shape=(16, 2), sample_weights shape=(16,), zero_neighbor_targets=0
GRAB train batch 64: pair_ids shape=(16,), range=68..9637, coefficients shape=(16, 2), sample_weights shape=(16,), zero_neighbor_targets=0
GRAB train batch 65: pair_ids shape=(16,), range=120..10935, coefficients shape=(16, 2), sample_weights shape=(16,), zero_neighbor_targets=0
GRAB train batch 66: pair_ids shape=(16,), range=125..9624, coefficients shape=(16, 2), sample_weights shape=(16,), zero_neighbor_targets=0
GRAB train batch 67: pair_ids shape=(16,), range=23..6867, coefficients shape=(16, 2), sample_weights shape=(16,), zero_neighbor_targets=0
GRAB train batch 68: pair_ids shape=(10,), range=59..5084, coefficients shape=(10, 2), sample_weights shape=(10,), zero_neighbor_targets=0
VALIDATION
valid epoch balanced_accuracy: 0.293514
EPOCH 6:
GRAB train batch 1: pair_ids shape=(16,), range=20..10611, coefficients shape=(16, 2), sample_weights shape=(16,), zero_neighbor_targets=0
GRAB train batch 2: pair_ids shape=(16,), range=3..9398, coefficients shape=(16, 2), sample_weights shape=(16,), zero_neighbor_targets=0
GRAB train batch 3: pair_ids shape=(16,), range=32..10655, coefficients shape=(16, 2), sample_weights shape=(16,), zero_neighbor_targets=0
GRAB train batch 4: pair_ids shape=(16,), range=65..10472, coefficients shape=(16, 2), sample_weights shape=(16,), zero_neighbor_targets=0
GRAB train batch 5: pair_ids shape=(16,), range=100..10956, coefficients shape=(16, 2), sample_weights shape=(16,), zero_neighbor_targets=0
GRAB train batch 6: pair_ids shape=(16,), range=1..10619, coefficients shape=(16, 2), sample_weights shape=(16,), zero_neighbor_targets=0
GRAB train batch 7: pair_ids shape=(16,), range=157..10862, coefficients shape=(16, 2), sample_weights shape=(16,), zero_neighbor_targets=0
GRAB train batch 8: pair_ids shape=(16,), range=96..10256, coefficients shape=(16, 2), sample_weights shape=(16,), zero_neighbor_targets=0
GRAB train batch 9: pair_ids shape=(16,), range=7..10141, coefficients shape=(16, 2), sample_weights shape=(16,), zero_neighbor_targets=0
GRAB train batch 10: pair_ids shape=(16,), range=109..10716, coefficients shape=(16, 2), sample_weights shape=(16,), zero_neighbor_targets=0
GRAB train batch 11: pair_ids shape=(16,), range=120..10859, coefficients shape=(16, 2), sample_weights shape=(16,), zero_neighbor_targets=0
GRAB train batch 12: pair_ids shape=(16,), range=10..10918, coefficients shape=(16, 2), sample_weights shape=(16,), zero_neighbor_targets=0
GRAB train batch 13: pair_ids shape=(16,), range=55..5227, coefficients shape=(16, 2), sample_weights shape=(16,), zero_neighbor_targets=0
GRAB train batch 14: pair_ids shape=(16,), range=37..10015, coefficients shape=(16, 2), sample_weights shape=(16,), zero_neighbor_targets=0
GRAB train batch 15: pair_ids shape=(16,), range=34..10064, coefficients shape=(16, 2), sample_weights shape=(16,), zero_neighbor_targets=0
GRAB train batch 16: pair_ids shape=(16,), range=14..10925, coefficients shape=(16, 2), sample_weights shape=(16,), zero_neighbor_targets=0
GRAB train batch 17: pair_ids shape=(16,), range=171..10435, coefficients shape=(16, 2), sample_weights shape=(16,), zero_neighbor_targets=0
GRAB train batch 18: pair_ids shape=(16,), range=23..5305, coefficients shape=(16, 2), sample_weights shape=(16,), zero_neighbor_targets=0
GRAB train batch 19: pair_ids shape=(16,), range=11..6866, coefficients shape=(16, 2), sample_weights shape=(16,), zero_neighbor_targets=0
GRAB train batch 20: pair_ids shape=(16,), range=64..9171, coefficients shape=(16, 2), sample_weights shape=(16,), zero_neighbor_targets=0
GRAB train batch 21: pair_ids shape=(16,), range=116..9358, coefficients shape=(16, 2), sample_weights shape=(16,), zero_neighbor_targets=0
GRAB train batch 22: pair_ids shape=(16,), range=162..10735, coefficients shape=(16, 2), sample_weights shape=(16,), zero_neighbor_targets=0
GRAB train batch 23: pair_ids shape=(16,), range=28..6920, coefficients shape=(16, 2), sample_weights shape=(16,), zero_neighbor_targets=0
GRAB train batch 24: pair_ids shape=(16,), range=12..10093, coefficients shape=(16, 2), sample_weights shape=(16,), zero_neighbor_targets=0
GRAB train batch 25: pair_ids shape=(16,), range=56..10308, coefficients shape=(16, 2), sample_weights shape=(16,), zero_neighbor_targets=0
GRAB train batch 26: pair_ids shape=(16,), range=217..10935, coefficients shape=(16, 2), sample_weights shape=(16,), zero_neighbor_targets=0
GRAB train batch 27: pair_ids shape=(16,), range=112..10733, coefficients shape=(16, 2), sample_weights shape=(16,), zero_neighbor_targets=0
GRAB train batch 28: pair_ids shape=(16,), range=43..10557, coefficients shape=(16, 2), sample_weights shape=(16,), zero_neighbor_targets=0
GRAB train batch 29: pair_ids shape=(16,), range=48..5084, coefficients shape=(16, 2), sample_weights shape=(16,), zero_neighbor_targets=0
GRAB train batch 30: pair_ids shape=(16,), range=0..10336, coefficients shape=(16, 2), sample_weights shape=(16,), zero_neighbor_targets=0
GRAB train batch 31: pair_ids shape=(16,), range=51..9883, coefficients shape=(16, 2), sample_weights shape=(16,), zero_neighbor_targets=0
GRAB train batch 32: pair_ids shape=(16,), range=225..9444, coefficients shape=(16, 2), sample_weights shape=(16,), zero_neighbor_targets=0
GRAB train batch 33: pair_ids shape=(16,), range=26..10004, coefficients shape=(16, 2), sample_weights shape=(16,), zero_neighbor_targets=0
GRAB train batch 34: pair_ids shape=(16,), range=47..8088, coefficients shape=(16, 2), sample_weights shape=(16,), zero_neighbor_targets=0
GRAB train batch 35: pair_ids shape=(16,), range=13..9324, coefficients shape=(16, 2), sample_weights shape=(16,), zero_neighbor_targets=0
GRAB train batch 36: pair_ids shape=(16,), range=139..9848, coefficients shape=(16, 2), sample_weights shape=(16,), zero_neighbor_targets=0
GRAB train batch 37: pair_ids shape=(16,), range=106..10258, coefficients shape=(16, 2), sample_weights shape=(16,), zero_neighbor_targets=0
GRAB train batch 38: pair_ids shape=(16,), range=52..10567, coefficients shape=(16, 2), sample_weights shape=(16,), zero_neighbor_targets=0
GRAB train batch 39: pair_ids shape=(16,), range=158..10404, coefficients shape=(16, 2), sample_weights shape=(16,), zero_neighbor_targets=0
GRAB train batch 40: pair_ids shape=(16,), range=27..10352, coefficients shape=(16, 2), sample_weights shape=(16,), zero_neighbor_targets=0
GRAB train batch 41: pair_ids shape=(16,), range=140..9670, coefficients shape=(16, 2), sample_weights shape=(16,), zero_neighbor_targets=0
GRAB train batch 42: pair_ids shape=(16,), range=70..6942, coefficients shape=(16, 2), sample_weights shape=(16,), zero_neighbor_targets=0
GRAB train batch 43: pair_ids shape=(16,), range=16..9648, coefficients shape=(16, 2), sample_weights shape=(16,), zero_neighbor_targets=0
GRAB train batch 44: pair_ids shape=(16,), range=115..10228, coefficients shape=(16, 2), sample_weights shape=(16,), zero_neighbor_targets=0
GRAB train batch 45: pair_ids shape=(16,), range=186..8790, coefficients shape=(16, 2), sample_weights shape=(16,), zero_neighbor_targets=0
GRAB train batch 46: pair_ids shape=(16,), range=4..10599, coefficients shape=(16, 2), sample_weights shape=(16,), zero_neighbor_targets=0
GRAB train batch 47: pair_ids shape=(16,), range=50..10373, coefficients shape=(16, 2), sample_weights shape=(16,), zero_neighbor_targets=0
GRAB train batch 48: pair_ids shape=(16,), range=6..9054, coefficients shape=(16, 2), sample_weights shape=(16,), zero_neighbor_targets=0
GRAB train batch 49: pair_ids shape=(16,), range=2..8084, coefficients shape=(16, 2), sample_weights shape=(16,), zero_neighbor_targets=0
GRAB train batch 50: pair_ids shape=(16,), range=235..10867, coefficients shape=(16, 2), sample_weights shape=(16,), zero_neighbor_targets=0
GRAB train batch 51: pair_ids shape=(16,), range=29..10007, coefficients shape=(16, 2), sample_weights shape=(16,), zero_neighbor_targets=0
GRAB train batch 52: pair_ids shape=(16,), range=119..10684, coefficients shape=(16, 2), sample_weights shape=(16,), zero_neighbor_targets=0
GRAB train batch 53: pair_ids shape=(16,), range=33..7753, coefficients shape=(16, 2), sample_weights shape=(16,), zero_neighbor_targets=0
GRAB train batch 54: pair_ids shape=(16,), range=15..9915, coefficients shape=(16, 2), sample_weights shape=(16,), zero_neighbor_targets=0
GRAB train batch 55: pair_ids shape=(16,), range=5..10274, coefficients shape=(16, 2), sample_weights shape=(16,), zero_neighbor_targets=0
GRAB train batch 56: pair_ids shape=(16,), range=60..9785, coefficients shape=(16, 2), sample_weights shape=(16,), zero_neighbor_targets=0
GRAB train batch 57: pair_ids shape=(16,), range=9..10738, coefficients shape=(16, 2), sample_weights shape=(16,), zero_neighbor_targets=0
GRAB train batch 58: pair_ids shape=(16,), range=25..10365, coefficients shape=(16, 2), sample_weights shape=(16,), zero_neighbor_targets=0
GRAB train batch 59: pair_ids shape=(16,), range=53..7536, coefficients shape=(16, 2), sample_weights shape=(16,), zero_neighbor_targets=0
GRAB train batch 60: pair_ids shape=(16,), range=8..9754, coefficients shape=(16, 2), sample_weights shape=(16,), zero_neighbor_targets=0
GRAB train batch 61: pair_ids shape=(16,), range=38..9637, coefficients shape=(16, 2), sample_weights shape=(16,), zero_neighbor_targets=0
GRAB train batch 62: pair_ids shape=(16,), range=18..10520, coefficients shape=(16, 2), sample_weights shape=(16,), zero_neighbor_targets=0
GRAB train batch 63: pair_ids shape=(16,), range=145..9671, coefficients shape=(16, 2), sample_weights shape=(16,), zero_neighbor_targets=0
GRAB train batch 64: pair_ids shape=(16,), range=19..10899, coefficients shape=(16, 2), sample_weights shape=(16,), zero_neighbor_targets=0
GRAB train batch 65: pair_ids shape=(16,), range=35..10665, coefficients shape=(16, 2), sample_weights shape=(16,), zero_neighbor_targets=0
GRAB train batch 66: pair_ids shape=(16,), range=30..10530, coefficients shape=(16, 2), sample_weights shape=(16,), zero_neighbor_targets=0
GRAB train batch 67: pair_ids shape=(16,), range=104..7111, coefficients shape=(16, 2), sample_weights shape=(16,), zero_neighbor_targets=0
GRAB train batch 68: pair_ids shape=(10,), range=358..6867, coefficients shape=(10, 2), sample_weights shape=(10,), zero_neighbor_targets=0
VALIDATION
valid epoch balanced_accuracy: 0.435421
EPOCH 7:
GRAB train batch 1: pair_ids shape=(16,), range=112..9124, coefficients shape=(16, 2), sample_weights shape=(16,), zero_neighbor_targets=0
GRAB train batch 2: pair_ids shape=(16,), range=32..10308, coefficients shape=(16, 2), sample_weights shape=(16,), zero_neighbor_targets=0
GRAB train batch 3: pair_ids shape=(16,), range=1..10867, coefficients shape=(16, 2), sample_weights shape=(16,), zero_neighbor_targets=0
GRAB train batch 4: pair_ids shape=(16,), range=42..10498, coefficients shape=(16, 2), sample_weights shape=(16,), zero_neighbor_targets=0
GRAB train batch 5: pair_ids shape=(16,), range=31..10488, coefficients shape=(16, 2), sample_weights shape=(16,), zero_neighbor_targets=0
GRAB train batch 6: pair_ids shape=(16,), range=123..9949, coefficients shape=(16, 2), sample_weights shape=(16,), zero_neighbor_targets=0
GRAB train batch 7: pair_ids shape=(16,), range=55..10918, coefficients shape=(16, 2), sample_weights shape=(16,), zero_neighbor_targets=0
GRAB train batch 8: pair_ids shape=(16,), range=48..9754, coefficients shape=(16, 2), sample_weights shape=(16,), zero_neighbor_targets=0
GRAB train batch 9: pair_ids shape=(16,), range=35..4874, coefficients shape=(16, 2), sample_weights shape=(16,), zero_neighbor_targets=0
GRAB train batch 10: pair_ids shape=(16,), range=6..10899, coefficients shape=(16, 2), sample_weights shape=(16,), zero_neighbor_targets=0
GRAB train batch 11: pair_ids shape=(16,), range=164..9848, coefficients shape=(16, 2), sample_weights shape=(16,), zero_neighbor_targets=0
GRAB train batch 12: pair_ids shape=(16,), range=7..8075, coefficients shape=(16, 2), sample_weights shape=(16,), zero_neighbor_targets=0
GRAB train batch 13: pair_ids shape=(16,), range=43..9054, coefficients shape=(16, 2), sample_weights shape=(16,), zero_neighbor_targets=0
GRAB train batch 14: pair_ids shape=(16,), range=221..10611, coefficients shape=(16, 2), sample_weights shape=(16,), zero_neighbor_targets=0
GRAB train batch 15: pair_ids shape=(16,), range=141..10090, coefficients shape=(16, 2), sample_weights shape=(16,), zero_neighbor_targets=0
GRAB train batch 16: pair_ids shape=(16,), range=64..10435, coefficients shape=(16, 2), sample_weights shape=(16,), zero_neighbor_targets=0
GRAB train batch 17: pair_ids shape=(16,), range=174..9358, coefficients shape=(16, 2), sample_weights shape=(16,), zero_neighbor_targets=0
GRAB train batch 18: pair_ids shape=(16,), range=143..8873, coefficients shape=(16, 2), sample_weights shape=(16,), zero_neighbor_targets=0
GRAB train batch 19: pair_ids shape=(16,), range=37..7685, coefficients shape=(16, 2), sample_weights shape=(16,), zero_neighbor_targets=0
GRAB train batch 20: pair_ids shape=(16,), range=60..9648, coefficients shape=(16, 2), sample_weights shape=(16,), zero_neighbor_targets=0
GRAB train batch 21: pair_ids shape=(16,), range=12..10609, coefficients shape=(16, 2), sample_weights shape=(16,), zero_neighbor_targets=0
GRAB train batch 22: pair_ids shape=(16,), range=16..8045, coefficients shape=(16, 2), sample_weights shape=(16,), zero_neighbor_targets=0
GRAB train batch 23: pair_ids shape=(16,), range=5..9671, coefficients shape=(16, 2), sample_weights shape=(16,), zero_neighbor_targets=0
GRAB train batch 24: pair_ids shape=(16,), range=106..10373, coefficients shape=(16, 2), sample_weights shape=(16,), zero_neighbor_targets=0
GRAB train batch 25: pair_ids shape=(16,), range=11..9957, coefficients shape=(16, 2), sample_weights shape=(16,), zero_neighbor_targets=0
GRAB train batch 26: pair_ids shape=(16,), range=22..9828, coefficients shape=(16, 2), sample_weights shape=(16,), zero_neighbor_targets=0
GRAB train batch 27: pair_ids shape=(16,), range=8..9077, coefficients shape=(16, 2), sample_weights shape=(16,), zero_neighbor_targets=0
GRAB train batch 28: pair_ids shape=(16,), range=99..10222, coefficients shape=(16, 2), sample_weights shape=(16,), zero_neighbor_targets=0
GRAB train batch 29: pair_ids shape=(16,), range=227..10862, coefficients shape=(16, 2), sample_weights shape=(16,), zero_neighbor_targets=0
GRAB train batch 30: pair_ids shape=(16,), range=30..10738, coefficients shape=(16, 2), sample_weights shape=(16,), zero_neighbor_targets=0
GRAB train batch 31: pair_ids shape=(16,), range=222..10925, coefficients shape=(16, 2), sample_weights shape=(16,), zero_neighbor_targets=0
GRAB train batch 32: pair_ids shape=(16,), range=18..10004, coefficients shape=(16, 2), sample_weights shape=(16,), zero_neighbor_targets=0
GRAB train batch 33: pair_ids shape=(16,), range=20..10567, coefficients shape=(16, 2), sample_weights shape=(16,), zero_neighbor_targets=0
GRAB train batch 34: pair_ids shape=(16,), range=3..10935, coefficients shape=(16, 2), sample_weights shape=(16,), zero_neighbor_targets=0
GRAB train batch 35: pair_ids shape=(16,), range=21..10015, coefficients shape=(16, 2), sample_weights shape=(16,), zero_neighbor_targets=0
GRAB train batch 36: pair_ids shape=(16,), range=14..10530, coefficients shape=(16, 2), sample_weights shape=(16,), zero_neighbor_targets=0
GRAB train batch 37: pair_ids shape=(16,), range=17..10733, coefficients shape=(16, 2), sample_weights shape=(16,), zero_neighbor_targets=0
GRAB train batch 38: pair_ids shape=(16,), range=182..10665, coefficients shape=(16, 2), sample_weights shape=(16,), zero_neighbor_targets=0
GRAB train batch 39: pair_ids shape=(16,), range=39..10161, coefficients shape=(16, 2), sample_weights shape=(16,), zero_neighbor_targets=0
GRAB train batch 40: pair_ids shape=(16,), range=9..9922, coefficients shape=(16, 2), sample_weights shape=(16,), zero_neighbor_targets=0
GRAB train batch 41: pair_ids shape=(16,), range=150..4775, coefficients shape=(16, 2), sample_weights shape=(16,), zero_neighbor_targets=0
GRAB train batch 42: pair_ids shape=(16,), range=4..10735, coefficients shape=(16, 2), sample_weights shape=(16,), zero_neighbor_targets=0
GRAB train batch 43: pair_ids shape=(16,), range=144..10093, coefficients shape=(16, 2), sample_weights shape=(16,), zero_neighbor_targets=0
GRAB train batch 44: pair_ids shape=(16,), range=65..10859, coefficients shape=(16, 2), sample_weights shape=(16,), zero_neighbor_targets=0
GRAB train batch 45: pair_ids shape=(16,), range=38..7855, coefficients shape=(16, 2), sample_weights shape=(16,), zero_neighbor_targets=0
GRAB train batch 46: pair_ids shape=(16,), range=44..4893, coefficients shape=(16, 2), sample_weights shape=(16,), zero_neighbor_targets=0
GRAB train batch 47: pair_ids shape=(16,), range=45..5050, coefficients shape=(16, 2), sample_weights shape=(16,), zero_neighbor_targets=0
GRAB train batch 48: pair_ids shape=(16,), range=56..9624, coefficients shape=(16, 2), sample_weights shape=(16,), zero_neighbor_targets=0
GRAB train batch 49: pair_ids shape=(16,), range=142..10599, coefficients shape=(16, 2), sample_weights shape=(16,), zero_neighbor_targets=0
GRAB train batch 50: pair_ids shape=(16,), range=126..10956, coefficients shape=(16, 2), sample_weights shape=(16,), zero_neighbor_targets=0
GRAB train batch 51: pair_ids shape=(16,), range=59..10365, coefficients shape=(16, 2), sample_weights shape=(16,), zero_neighbor_targets=0
GRAB train batch 52: pair_ids shape=(16,), range=13..10619, coefficients shape=(16, 2), sample_weights shape=(16,), zero_neighbor_targets=0
GRAB train batch 53: pair_ids shape=(16,), range=281..9883, coefficients shape=(16, 2), sample_weights shape=(16,), zero_neighbor_targets=0
GRAB train batch 54: pair_ids shape=(16,), range=131..10404, coefficients shape=(16, 2), sample_weights shape=(16,), zero_neighbor_targets=0
GRAB train batch 55: pair_ids shape=(16,), range=230..5403, coefficients shape=(16, 2), sample_weights shape=(16,), zero_neighbor_targets=0
GRAB train batch 56: pair_ids shape=(16,), range=71..10655, coefficients shape=(16, 2), sample_weights shape=(16,), zero_neighbor_targets=0
GRAB train batch 57: pair_ids shape=(16,), range=15..9211, coefficients shape=(16, 2), sample_weights shape=(16,), zero_neighbor_targets=0
GRAB train batch 58: pair_ids shape=(16,), range=29..9619, coefficients shape=(16, 2), sample_weights shape=(16,), zero_neighbor_targets=0
GRAB train batch 59: pair_ids shape=(16,), range=140..5335, coefficients shape=(16, 2), sample_weights shape=(16,), zero_neighbor_targets=0
GRAB train batch 60: pair_ids shape=(16,), range=36..9785, coefficients shape=(16, 2), sample_weights shape=(16,), zero_neighbor_targets=0
GRAB train batch 61: pair_ids shape=(16,), range=24..8005, coefficients shape=(16, 2), sample_weights shape=(16,), zero_neighbor_targets=0
GRAB train batch 62: pair_ids shape=(16,), range=2..10352, coefficients shape=(16, 2), sample_weights shape=(16,), zero_neighbor_targets=0
GRAB train batch 63: pair_ids shape=(16,), range=49..10684, coefficients shape=(16, 2), sample_weights shape=(16,), zero_neighbor_targets=0
GRAB train batch 64: pair_ids shape=(16,), range=0..10716, coefficients shape=(16, 2), sample_weights shape=(16,), zero_neighbor_targets=0
GRAB train batch 65: pair_ids shape=(16,), range=100..9398, coefficients shape=(16, 2), sample_weights shape=(16,), zero_neighbor_targets=0
GRAB train batch 66: pair_ids shape=(16,), range=27..10092, coefficients shape=(16, 2), sample_weights shape=(16,), zero_neighbor_targets=0
GRAB train batch 67: pair_ids shape=(16,), range=52..7481, coefficients shape=(16, 2), sample_weights shape=(16,), zero_neighbor_targets=0
GRAB train batch 68: pair_ids shape=(10,), range=163..6980, coefficients shape=(10, 2), sample_weights shape=(10,), zero_neighbor_targets=0
VALIDATION
valid epoch balanced_accuracy: 0.455377
EPOCH 8:
GRAB train batch 1: pair_ids shape=(16,), range=2..10336, coefficients shape=(16, 2), sample_weights shape=(16,), zero_neighbor_targets=0
GRAB train batch 2: pair_ids shape=(16,), range=130..10530, coefficients shape=(16, 2), sample_weights shape=(16,), zero_neighbor_targets=0
GRAB train batch 3: pair_ids shape=(16,), range=110..9208, coefficients shape=(16, 2), sample_weights shape=(16,), zero_neighbor_targets=0
GRAB train batch 4: pair_ids shape=(16,), range=17..10619, coefficients shape=(16, 2), sample_weights shape=(16,), zero_neighbor_targets=0
GRAB train batch 5: pair_ids shape=(16,), range=97..10956, coefficients shape=(16, 2), sample_weights shape=(16,), zero_neighbor_targets=0
GRAB train batch 6: pair_ids shape=(16,), range=144..10609, coefficients shape=(16, 2), sample_weights shape=(16,), zero_neighbor_targets=0
GRAB train batch 7: pair_ids shape=(16,), range=179..9541, coefficients shape=(16, 2), sample_weights shape=(16,), zero_neighbor_targets=0
GRAB train batch 8: pair_ids shape=(16,), range=55..10373, coefficients shape=(16, 2), sample_weights shape=(16,), zero_neighbor_targets=0
GRAB train batch 9: pair_ids shape=(16,), range=136..9968, coefficients shape=(16, 2), sample_weights shape=(16,), zero_neighbor_targets=0
GRAB train batch 10: pair_ids shape=(16,), range=170..9560, coefficients shape=(16, 2), sample_weights shape=(16,), zero_neighbor_targets=0
GRAB train batch 11: pair_ids shape=(16,), range=8..9889, coefficients shape=(16, 2), sample_weights shape=(16,), zero_neighbor_targets=0
GRAB train batch 12: pair_ids shape=(16,), range=25..10935, coefficients shape=(16, 2), sample_weights shape=(16,), zero_neighbor_targets=0
GRAB train batch 13: pair_ids shape=(16,), range=14..8005, coefficients shape=(16, 2), sample_weights shape=(16,), zero_neighbor_targets=0
GRAB train batch 14: pair_ids shape=(16,), range=21..10684, coefficients shape=(16, 2), sample_weights shape=(16,), zero_neighbor_targets=0
GRAB train batch 15: pair_ids shape=(16,), range=69..10918, coefficients shape=(16, 2), sample_weights shape=(16,), zero_neighbor_targets=0
GRAB train batch 16: pair_ids shape=(16,), range=7..9652, coefficients shape=(16, 2), sample_weights shape=(16,), zero_neighbor_targets=0
GRAB train batch 17: pair_ids shape=(16,), range=63..9327, coefficients shape=(16, 2), sample_weights shape=(16,), zero_neighbor_targets=0
GRAB train batch 18: pair_ids shape=(16,), range=122..10488, coefficients shape=(16, 2), sample_weights shape=(16,), zero_neighbor_targets=0
GRAB train batch 19: pair_ids shape=(16,), range=50..10716, coefficients shape=(16, 2), sample_weights shape=(16,), zero_neighbor_targets=0
GRAB train batch 20: pair_ids shape=(16,), range=27..10899, coefficients shape=(16, 2), sample_weights shape=(16,), zero_neighbor_targets=0
GRAB train batch 21: pair_ids shape=(16,), range=39..9619, coefficients shape=(16, 2), sample_weights shape=(16,), zero_neighbor_targets=0
GRAB train batch 22: pair_ids shape=(16,), range=269..10733, coefficients shape=(16, 2), sample_weights shape=(16,), zero_neighbor_targets=0
GRAB train batch 23: pair_ids shape=(16,), range=45..9808, coefficients shape=(16, 2), sample_weights shape=(16,), zero_neighbor_targets=0
GRAB train batch 24: pair_ids shape=(16,), range=49..10141, coefficients shape=(16, 2), sample_weights shape=(16,), zero_neighbor_targets=0
GRAB train batch 25: pair_ids shape=(16,), range=3..10092, coefficients shape=(16, 2), sample_weights shape=(16,), zero_neighbor_targets=0
GRAB train batch 26: pair_ids shape=(16,), range=114..4491, coefficients shape=(16, 2), sample_weights shape=(16,), zero_neighbor_targets=0
GRAB train batch 27: pair_ids shape=(16,), range=105..4874, coefficients shape=(16, 2), sample_weights shape=(16,), zero_neighbor_targets=0
GRAB train batch 28: pair_ids shape=(16,), range=54..7753, coefficients shape=(16, 2), sample_weights shape=(16,), zero_neighbor_targets=0
GRAB train batch 29: pair_ids shape=(16,), range=16..10222, coefficients shape=(16, 2), sample_weights shape=(16,), zero_neighbor_targets=0
GRAB train batch 30: pair_ids shape=(16,), range=233..10365, coefficients shape=(16, 2), sample_weights shape=(16,), zero_neighbor_targets=0
GRAB train batch 31: pair_ids shape=(16,), range=42..4657, coefficients shape=(16, 2), sample_weights shape=(16,), zero_neighbor_targets=0
GRAB train batch 32: pair_ids shape=(16,), range=109..9124, coefficients shape=(16, 2), sample_weights shape=(16,), zero_neighbor_targets=0
GRAB train batch 33: pair_ids shape=(16,), range=46..10228, coefficients shape=(16, 2), sample_weights shape=(16,), zero_neighbor_targets=0
GRAB train batch 34: pair_ids shape=(16,), range=32..10090, coefficients shape=(16, 2), sample_weights shape=(16,), zero_neighbor_targets=0
GRAB train batch 35: pair_ids shape=(16,), range=6..5643, coefficients shape=(16, 2), sample_weights shape=(16,), zero_neighbor_targets=0
GRAB train batch 36: pair_ids shape=(16,), range=20..10665, coefficients shape=(16, 2), sample_weights shape=(16,), zero_neighbor_targets=0
GRAB train batch 37: pair_ids shape=(16,), range=64..10018, coefficients shape=(16, 2), sample_weights shape=(16,), zero_neighbor_targets=0
GRAB train batch 38: pair_ids shape=(16,), range=13..4937, coefficients shape=(16, 2), sample_weights shape=(16,), zero_neighbor_targets=0
GRAB train batch 39: pair_ids shape=(16,), range=65..10404, coefficients shape=(16, 2), sample_weights shape=(16,), zero_neighbor_targets=0
GRAB train batch 40: pair_ids shape=(16,), range=9..10557, coefficients shape=(16, 2), sample_weights shape=(16,), zero_neighbor_targets=0
GRAB train batch 41: pair_ids shape=(16,), range=111..10308, coefficients shape=(16, 2), sample_weights shape=(16,), zero_neighbor_targets=0
GRAB train batch 42: pair_ids shape=(16,), range=35..10735, coefficients shape=(16, 2), sample_weights shape=(16,), zero_neighbor_targets=0
GRAB train batch 43: pair_ids shape=(16,), range=41..10472, coefficients shape=(16, 2), sample_weights shape=(16,), zero_neighbor_targets=0
GRAB train batch 44: pair_ids shape=(16,), range=30..8084, coefficients shape=(16, 2), sample_weights shape=(16,), zero_neighbor_targets=0
GRAB train batch 45: pair_ids shape=(16,), range=18..10862, coefficients shape=(16, 2), sample_weights shape=(16,), zero_neighbor_targets=0
GRAB train batch 46: pair_ids shape=(16,), range=22..10258, coefficients shape=(16, 2), sample_weights shape=(16,), zero_neighbor_targets=0
GRAB train batch 47: pair_ids shape=(16,), range=44..3432, coefficients shape=(16, 2), sample_weights shape=(16,), zero_neighbor_targets=0
GRAB train batch 48: pair_ids shape=(16,), range=4..7002, coefficients shape=(16, 2), sample_weights shape=(16,), zero_neighbor_targets=0
GRAB train batch 49: pair_ids shape=(16,), range=36..10046, coefficients shape=(16, 2), sample_weights shape=(16,), zero_neighbor_targets=0
GRAB train batch 50: pair_ids shape=(16,), range=5..4290, coefficients shape=(16, 2), sample_weights shape=(16,), zero_neighbor_targets=0
GRAB train batch 51: pair_ids shape=(16,), range=243..10859, coefficients shape=(16, 2), sample_weights shape=(16,), zero_neighbor_targets=0
GRAB train batch 52: pair_ids shape=(16,), range=23..7166, coefficients shape=(16, 2), sample_weights shape=(16,), zero_neighbor_targets=0
GRAB train batch 53: pair_ids shape=(16,), range=1..10738, coefficients shape=(16, 2), sample_weights shape=(16,), zero_neighbor_targets=0
GRAB train batch 54: pair_ids shape=(16,), range=11..8088, coefficients shape=(16, 2), sample_weights shape=(16,), zero_neighbor_targets=0
GRAB train batch 55: pair_ids shape=(16,), range=48..10064, coefficients shape=(16, 2), sample_weights shape=(16,), zero_neighbor_targets=0
GRAB train batch 56: pair_ids shape=(16,), range=188..9922, coefficients shape=(16, 2), sample_weights shape=(16,), zero_neighbor_targets=0
GRAB train batch 57: pair_ids shape=(16,), range=28..10256, coefficients shape=(16, 2), sample_weights shape=(16,), zero_neighbor_targets=0
GRAB train batch 58: pair_ids shape=(16,), range=12..9211, coefficients shape=(16, 2), sample_weights shape=(16,), zero_neighbor_targets=0
GRAB train batch 59: pair_ids shape=(16,), range=31..10867, coefficients shape=(16, 2), sample_weights shape=(16,), zero_neighbor_targets=0
GRAB train batch 60: pair_ids shape=(16,), range=61..10161, coefficients shape=(16, 2), sample_weights shape=(16,), zero_neighbor_targets=0
GRAB train batch 61: pair_ids shape=(16,), range=104..10925, coefficients shape=(16, 2), sample_weights shape=(16,), zero_neighbor_targets=0
GRAB train batch 62: pair_ids shape=(16,), range=225..10093, coefficients shape=(16, 2), sample_weights shape=(16,), zero_neighbor_targets=0
GRAB train batch 63: pair_ids shape=(16,), range=24..10435, coefficients shape=(16, 2), sample_weights shape=(16,), zero_neighbor_targets=0
GRAB train batch 64: pair_ids shape=(16,), range=52..7536, coefficients shape=(16, 2), sample_weights shape=(16,), zero_neighbor_targets=0
GRAB train batch 65: pair_ids shape=(16,), range=0..9477, coefficients shape=(16, 2), sample_weights shape=(16,), zero_neighbor_targets=0
GRAB train batch 66: pair_ids shape=(16,), range=37..10520, coefficients shape=(16, 2), sample_weights shape=(16,), zero_neighbor_targets=0
GRAB train batch 67: pair_ids shape=(16,), range=112..9848, coefficients shape=(16, 2), sample_weights shape=(16,), zero_neighbor_targets=0
GRAB train batch 68: pair_ids shape=(10,), range=113..4751, coefficients shape=(10, 2), sample_weights shape=(10,), zero_neighbor_targets=0
VALIDATION
valid epoch balanced_accuracy: 0.384701
EPOCH 9:
GRAB train batch 1: pair_ids shape=(16,), range=68..9624, coefficients shape=(16, 2), sample_weights shape=(16,), zero_neighbor_targets=0
GRAB train batch 2: pair_ids shape=(16,), range=307..9548, coefficients shape=(16, 2), sample_weights shape=(16,), zero_neighbor_targets=0
GRAB train batch 3: pair_ids shape=(16,), range=18..10859, coefficients shape=(16, 2), sample_weights shape=(16,), zero_neighbor_targets=0
GRAB train batch 4: pair_ids shape=(16,), range=24..10733, coefficients shape=(16, 2), sample_weights shape=(16,), zero_neighbor_targets=0
GRAB train batch 5: pair_ids shape=(16,), range=29..10862, coefficients shape=(16, 2), sample_weights shape=(16,), zero_neighbor_targets=0
GRAB train batch 6: pair_ids shape=(16,), range=64..7106, coefficients shape=(16, 2), sample_weights shape=(16,), zero_neighbor_targets=0
GRAB train batch 7: pair_ids shape=(16,), range=52..10046, coefficients shape=(16, 2), sample_weights shape=(16,), zero_neighbor_targets=0
GRAB train batch 8: pair_ids shape=(16,), range=116..9848, coefficients shape=(16, 2), sample_weights shape=(16,), zero_neighbor_targets=0
GRAB train batch 9: pair_ids shape=(16,), range=150..10520, coefficients shape=(16, 2), sample_weights shape=(16,), zero_neighbor_targets=0
GRAB train batch 10: pair_ids shape=(16,), range=25..9587, coefficients shape=(16, 2), sample_weights shape=(16,), zero_neighbor_targets=0
GRAB train batch 11: pair_ids shape=(16,), range=234..10655, coefficients shape=(16, 2), sample_weights shape=(16,), zero_neighbor_targets=0
GRAB train batch 12: pair_ids shape=(16,), range=16..8088, coefficients shape=(16, 2), sample_weights shape=(16,), zero_neighbor_targets=0
GRAB train batch 13: pair_ids shape=(16,), range=135..10308, coefficients shape=(16, 2), sample_weights shape=(16,), zero_neighbor_targets=0
GRAB train batch 14: pair_ids shape=(16,), range=219..9962, coefficients shape=(16, 2), sample_weights shape=(16,), zero_neighbor_targets=0
GRAB train batch 15: pair_ids shape=(16,), range=277..8060, coefficients shape=(16, 2), sample_weights shape=(16,), zero_neighbor_targets=0
GRAB train batch 16: pair_ids shape=(16,), range=12..2297, coefficients shape=(16, 2), sample_weights shape=(16,), zero_neighbor_targets=0
GRAB train batch 17: pair_ids shape=(16,), range=45..10611, coefficients shape=(16, 2), sample_weights shape=(16,), zero_neighbor_targets=0
GRAB train batch 18: pair_ids shape=(16,), range=1..9808, coefficients shape=(16, 2), sample_weights shape=(16,), zero_neighbor_targets=0
GRAB train batch 19: pair_ids shape=(16,), range=30..7598, coefficients shape=(16, 2), sample_weights shape=(16,), zero_neighbor_targets=0
GRAB train batch 20: pair_ids shape=(16,), range=13..2230, coefficients shape=(16, 2), sample_weights shape=(16,), zero_neighbor_targets=0
GRAB train batch 21: pair_ids shape=(16,), range=107..10365, coefficients shape=(16, 2), sample_weights shape=(16,), zero_neighbor_targets=0
GRAB train batch 22: pair_ids shape=(16,), range=185..10867, coefficients shape=(16, 2), sample_weights shape=(16,), zero_neighbor_targets=0
GRAB train batch 23: pair_ids shape=(16,), range=3..7095, coefficients shape=(16, 2), sample_weights shape=(16,), zero_neighbor_targets=0
GRAB train batch 24: pair_ids shape=(16,), range=343..10435, coefficients shape=(16, 2), sample_weights shape=(16,), zero_neighbor_targets=0
GRAB train batch 25: pair_ids shape=(16,), range=23..9619, coefficients shape=(16, 2), sample_weights shape=(16,), zero_neighbor_targets=0
GRAB train batch 26: pair_ids shape=(16,), range=21..10488, coefficients shape=(16, 2), sample_weights shape=(16,), zero_neighbor_targets=0
GRAB train batch 27: pair_ids shape=(16,), range=2..8084, coefficients shape=(16, 2), sample_weights shape=(16,), zero_neighbor_targets=0
GRAB train batch 28: pair_ids shape=(16,), range=26..10161, coefficients shape=(16, 2), sample_weights shape=(16,), zero_neighbor_targets=0
GRAB train batch 29: pair_ids shape=(16,), range=14..7589, coefficients shape=(16, 2), sample_weights shape=(16,), zero_neighbor_targets=0
GRAB train batch 30: pair_ids shape=(16,), range=33..10918, coefficients shape=(16, 2), sample_weights shape=(16,), zero_neighbor_targets=0
GRAB train batch 31: pair_ids shape=(16,), range=0..7924, coefficients shape=(16, 2), sample_weights shape=(16,), zero_neighbor_targets=0
GRAB train batch 32: pair_ids shape=(16,), range=17..4606, coefficients shape=(16, 2), sample_weights shape=(16,), zero_neighbor_targets=0
GRAB train batch 33: pair_ids shape=(16,), range=124..8810, coefficients shape=(16, 2), sample_weights shape=(16,), zero_neighbor_targets=0
GRAB train batch 34: pair_ids shape=(16,), range=134..10956, coefficients shape=(16, 2), sample_weights shape=(16,), zero_neighbor_targets=0
GRAB train batch 35: pair_ids shape=(16,), range=7..10258, coefficients shape=(16, 2), sample_weights shape=(16,), zero_neighbor_targets=0
GRAB train batch 36: pair_ids shape=(16,), range=22..10352, coefficients shape=(16, 2), sample_weights shape=(16,), zero_neighbor_targets=0
GRAB train batch 37: pair_ids shape=(16,), range=10..10030, coefficients shape=(16, 2), sample_weights shape=(16,), zero_neighbor_targets=0
GRAB train batch 38: pair_ids shape=(16,), range=8..10228, coefficients shape=(16, 2), sample_weights shape=(16,), zero_neighbor_targets=0
GRAB train batch 39: pair_ids shape=(16,), range=140..10899, coefficients shape=(16, 2), sample_weights shape=(16,), zero_neighbor_targets=0
GRAB train batch 40: pair_ids shape=(16,), range=123..10684, coefficients shape=(16, 2), sample_weights shape=(16,), zero_neighbor_targets=0
GRAB train batch 41: pair_ids shape=(16,), range=101..10925, coefficients shape=(16, 2), sample_weights shape=(16,), zero_neighbor_targets=0
GRAB train batch 42: pair_ids shape=(16,), range=5..7755, coefficients shape=(16, 2), sample_weights shape=(16,), zero_neighbor_targets=0
GRAB train batch 43: pair_ids shape=(16,), range=54..10336, coefficients shape=(16, 2), sample_weights shape=(16,), zero_neighbor_targets=0
GRAB train batch 44: pair_ids shape=(16,), range=189..5241, coefficients shape=(16, 2), sample_weights shape=(16,), zero_neighbor_targets=0
GRAB train batch 45: pair_ids shape=(16,), range=165..10557, coefficients shape=(16, 2), sample_weights shape=(16,), zero_neighbor_targets=0
GRAB train batch 46: pair_ids shape=(16,), range=176..9828, coefficients shape=(16, 2), sample_weights shape=(16,), zero_neighbor_targets=0
GRAB train batch 47: pair_ids shape=(16,), range=61..4871, coefficients shape=(16, 2), sample_weights shape=(16,), zero_neighbor_targets=0
GRAB train batch 48: pair_ids shape=(16,), range=6..7720, coefficients shape=(16, 2), sample_weights shape=(16,), zero_neighbor_targets=0
GRAB train batch 49: pair_ids shape=(16,), range=154..10665, coefficients shape=(16, 2), sample_weights shape=(16,), zero_neighbor_targets=0
GRAB train batch 50: pair_ids shape=(16,), range=15..9957, coefficients shape=(16, 2), sample_weights shape=(16,), zero_neighbor_targets=0
GRAB train batch 51: pair_ids shape=(16,), range=57..4561, coefficients shape=(16, 2), sample_weights shape=(16,), zero_neighbor_targets=0
GRAB train batch 52: pair_ids shape=(16,), range=228..10735, coefficients shape=(16, 2), sample_weights shape=(16,), zero_neighbor_targets=0
GRAB train batch 53: pair_ids shape=(16,), range=28..10092, coefficients shape=(16, 2), sample_weights shape=(16,), zero_neighbor_targets=0
GRAB train batch 54: pair_ids shape=(16,), range=174..10935, coefficients shape=(16, 2), sample_weights shape=(16,), zero_neighbor_targets=0
GRAB train batch 55: pair_ids shape=(16,), range=100..9904, coefficients shape=(16, 2), sample_weights shape=(16,), zero_neighbor_targets=0
GRAB train batch 56: pair_ids shape=(16,), range=38..9670, coefficients shape=(16, 2), sample_weights shape=(16,), zero_neighbor_targets=0
GRAB train batch 57: pair_ids shape=(16,), range=31..10716, coefficients shape=(16, 2), sample_weights shape=(16,), zero_neighbor_targets=0
GRAB train batch 58: pair_ids shape=(16,), range=27..10738, coefficients shape=(16, 2), sample_weights shape=(16,), zero_neighbor_targets=0
GRAB train batch 59: pair_ids shape=(16,), range=104..10222, coefficients shape=(16, 2), sample_weights shape=(16,), zero_neighbor_targets=0
GRAB train batch 60: pair_ids shape=(16,), range=265..9531, coefficients shape=(16, 2), sample_weights shape=(16,), zero_neighbor_targets=0
GRAB train batch 61: pair_ids shape=(16,), range=96..9573, coefficients shape=(16, 2), sample_weights shape=(16,), zero_neighbor_targets=0
GRAB train batch 62: pair_ids shape=(16,), range=155..9327, coefficients shape=(16, 2), sample_weights shape=(16,), zero_neighbor_targets=0
GRAB train batch 63: pair_ids shape=(16,), range=62..8075, coefficients shape=(16, 2), sample_weights shape=(16,), zero_neighbor_targets=0
GRAB train batch 64: pair_ids shape=(16,), range=11..9883, coefficients shape=(16, 2), sample_weights shape=(16,), zero_neighbor_targets=0
GRAB train batch 65: pair_ids shape=(16,), range=39..3654, coefficients shape=(16, 2), sample_weights shape=(16,), zero_neighbor_targets=0
GRAB train batch 66: pair_ids shape=(16,), range=175..10015, coefficients shape=(16, 2), sample_weights shape=(16,), zero_neighbor_targets=0
GRAB train batch 67: pair_ids shape=(16,), range=315..10619, coefficients shape=(16, 2), sample_weights shape=(16,), zero_neighbor_targets=0
GRAB train batch 68: pair_ids shape=(10,), range=299..9128, coefficients shape=(10, 2), sample_weights shape=(10,), zero_neighbor_targets=0
VALIDATION
valid epoch balanced_accuracy: 0.430710
EPOCH 10:
GRAB train batch 1: pair_ids shape=(16,), range=2..10684, coefficients shape=(16, 2), sample_weights shape=(16,), zero_neighbor_targets=0
GRAB train batch 2: pair_ids shape=(16,), range=69..10918, coefficients shape=(16, 2), sample_weights shape=(16,), zero_neighbor_targets=0
GRAB train batch 3: pair_ids shape=(16,), range=16..5643, coefficients shape=(16, 2), sample_weights shape=(16,), zero_neighbor_targets=0
GRAB train batch 4: pair_ids shape=(16,), range=70..9883, coefficients shape=(16, 2), sample_weights shape=(16,), zero_neighbor_targets=0
GRAB train batch 5: pair_ids shape=(16,), range=188..10619, coefficients shape=(16, 2), sample_weights shape=(16,), zero_neighbor_targets=0
GRAB train batch 6: pair_ids shape=(16,), range=163..9648, coefficients shape=(16, 2), sample_weights shape=(16,), zero_neighbor_targets=0
GRAB train batch 7: pair_ids shape=(16,), range=164..10611, coefficients shape=(16, 2), sample_weights shape=(16,), zero_neighbor_targets=0
GRAB train batch 8: pair_ids shape=(16,), range=58..9541, coefficients shape=(16, 2), sample_weights shape=(16,), zero_neighbor_targets=0
GRAB train batch 9: pair_ids shape=(16,), range=14..10609, coefficients shape=(16, 2), sample_weights shape=(16,), zero_neighbor_targets=0
GRAB train batch 10: pair_ids shape=(16,), range=8..9637, coefficients shape=(16, 2), sample_weights shape=(16,), zero_neighbor_targets=0
GRAB train batch 11: pair_ids shape=(16,), range=271..10655, coefficients shape=(16, 2), sample_weights shape=(16,), zero_neighbor_targets=0
GRAB train batch 12: pair_ids shape=(16,), range=121..5050, coefficients shape=(16, 2), sample_weights shape=(16,), zero_neighbor_targets=0
GRAB train batch 13: pair_ids shape=(16,), range=30..10935, coefficients shape=(16, 2), sample_weights shape=(16,), zero_neighbor_targets=0
GRAB train batch 14: pair_ids shape=(16,), range=53..8792, coefficients shape=(16, 2), sample_weights shape=(16,), zero_neighbor_targets=0
GRAB train batch 15: pair_ids shape=(16,), range=4..10092, coefficients shape=(16, 2), sample_weights shape=(16,), zero_neighbor_targets=0
GRAB train batch 16: pair_ids shape=(16,), range=13..10735, coefficients shape=(16, 2), sample_weights shape=(16,), zero_neighbor_targets=0
GRAB train batch 17: pair_ids shape=(16,), range=132..10862, coefficients shape=(16, 2), sample_weights shape=(16,), zero_neighbor_targets=0
GRAB train batch 18: pair_ids shape=(16,), range=38..10520, coefficients shape=(16, 2), sample_weights shape=(16,), zero_neighbor_targets=0
GRAB train batch 19: pair_ids shape=(16,), range=380..9922, coefficients shape=(16, 2), sample_weights shape=(16,), zero_neighbor_targets=0
GRAB train batch 20: pair_ids shape=(16,), range=66..10365, coefficients shape=(16, 2), sample_weights shape=(16,), zero_neighbor_targets=0
GRAB train batch 21: pair_ids shape=(16,), range=25..9587, coefficients shape=(16, 2), sample_weights shape=(16,), zero_neighbor_targets=0
GRAB train batch 22: pair_ids shape=(16,), range=67..9915, coefficients shape=(16, 2), sample_weights shape=(16,), zero_neighbor_targets=0
GRAB train batch 23: pair_ids shape=(16,), range=227..10738, coefficients shape=(16, 2), sample_weights shape=(16,), zero_neighbor_targets=0
GRAB train batch 24: pair_ids shape=(16,), range=39..10859, coefficients shape=(16, 2), sample_weights shape=(16,), zero_neighbor_targets=0
GRAB train batch 25: pair_ids shape=(16,), range=12..9531, coefficients shape=(16, 2), sample_weights shape=(16,), zero_neighbor_targets=0
GRAB train batch 26: pair_ids shape=(16,), range=11..10308, coefficients shape=(16, 2), sample_weights shape=(16,), zero_neighbor_targets=0
GRAB train batch 27: pair_ids shape=(16,), range=35..9444, coefficients shape=(16, 2), sample_weights shape=(16,), zero_neighbor_targets=0
GRAB train batch 28: pair_ids shape=(16,), range=32..9560, coefficients shape=(16, 2), sample_weights shape=(16,), zero_neighbor_targets=0
GRAB train batch 29: pair_ids shape=(16,), range=119..5601, coefficients shape=(16, 2), sample_weights shape=(16,), zero_neighbor_targets=0
GRAB train batch 30: pair_ids shape=(16,), range=118..10404, coefficients shape=(16, 2), sample_weights shape=(16,), zero_neighbor_targets=0
GRAB train batch 31: pair_ids shape=(16,), range=100..9808, coefficients shape=(16, 2), sample_weights shape=(16,), zero_neighbor_targets=0
GRAB train batch 32: pair_ids shape=(16,), range=137..10435, coefficients shape=(16, 2), sample_weights shape=(16,), zero_neighbor_targets=0
GRAB train batch 33: pair_ids shape=(16,), range=3..10557, coefficients shape=(16, 2), sample_weights shape=(16,), zero_neighbor_targets=0
GRAB train batch 34: pair_ids shape=(16,), range=21..10472, coefficients shape=(16, 2), sample_weights shape=(16,), zero_neighbor_targets=0
GRAB train batch 35: pair_ids shape=(16,), range=129..10956, coefficients shape=(16, 2), sample_weights shape=(16,), zero_neighbor_targets=0
GRAB train batch 36: pair_ids shape=(16,), range=34..10867, coefficients shape=(16, 2), sample_weights shape=(16,), zero_neighbor_targets=0
GRAB train batch 37: pair_ids shape=(16,), range=68..10716, coefficients shape=(16, 2), sample_weights shape=(16,), zero_neighbor_targets=0
GRAB train batch 38: pair_ids shape=(16,), range=26..8795, coefficients shape=(16, 2), sample_weights shape=(16,), zero_neighbor_targets=0
GRAB train batch 39: pair_ids shape=(16,), range=10..10336, coefficients shape=(16, 2), sample_weights shape=(16,), zero_neighbor_targets=0
GRAB train batch 40: pair_ids shape=(16,), range=110..6942, coefficients shape=(16, 2), sample_weights shape=(16,), zero_neighbor_targets=0
GRAB train batch 41: pair_ids shape=(16,), range=175..10373, coefficients shape=(16, 2), sample_weights shape=(16,), zero_neighbor_targets=0
GRAB train batch 42: pair_ids shape=(16,), range=55..9124, coefficients shape=(16, 2), sample_weights shape=(16,), zero_neighbor_targets=0
GRAB train batch 43: pair_ids shape=(16,), range=27..10222, coefficients shape=(16, 2), sample_weights shape=(16,), zero_neighbor_targets=0
GRAB train batch 44: pair_ids shape=(16,), range=56..5461, coefficients shape=(16, 2), sample_weights shape=(16,), zero_neighbor_targets=0
GRAB train batch 45: pair_ids shape=(16,), range=9..10925, coefficients shape=(16, 2), sample_weights shape=(16,), zero_neighbor_targets=0
GRAB train batch 46: pair_ids shape=(16,), range=263..9904, coefficients shape=(16, 2), sample_weights shape=(16,), zero_neighbor_targets=0
GRAB train batch 47: pair_ids shape=(16,), range=15..10064, coefficients shape=(16, 2), sample_weights shape=(16,), zero_neighbor_targets=0
GRAB train batch 48: pair_ids shape=(16,), range=7..3334, coefficients shape=(16, 2), sample_weights shape=(16,), zero_neighbor_targets=0
GRAB train batch 49: pair_ids shape=(16,), range=180..9211, coefficients shape=(16, 2), sample_weights shape=(16,), zero_neighbor_targets=0
GRAB train batch 50: pair_ids shape=(16,), range=101..10599, coefficients shape=(16, 2), sample_weights shape=(16,), zero_neighbor_targets=0
GRAB train batch 51: pair_ids shape=(16,), range=123..9331, coefficients shape=(16, 2), sample_weights shape=(16,), zero_neighbor_targets=0
GRAB train batch 52: pair_ids shape=(16,), range=158..10733, coefficients shape=(16, 2), sample_weights shape=(16,), zero_neighbor_targets=0
GRAB train batch 53: pair_ids shape=(16,), range=18..6968, coefficients shape=(16, 2), sample_weights shape=(16,), zero_neighbor_targets=0
GRAB train batch 54: pair_ids shape=(16,), range=23..10488, coefficients shape=(16, 2), sample_weights shape=(16,), zero_neighbor_targets=0
GRAB train batch 55: pair_ids shape=(16,), range=72..4937, coefficients shape=(16, 2), sample_weights shape=(16,), zero_neighbor_targets=0
GRAB train batch 56: pair_ids shape=(16,), range=41..10228, coefficients shape=(16, 2), sample_weights shape=(16,), zero_neighbor_targets=0
GRAB train batch 57: pair_ids shape=(16,), range=220..10141, coefficients shape=(16, 2), sample_weights shape=(16,), zero_neighbor_targets=0
GRAB train batch 58: pair_ids shape=(16,), range=60..10899, coefficients shape=(16, 2), sample_weights shape=(16,), zero_neighbor_targets=0
GRAB train batch 59: pair_ids shape=(16,), range=109..10665, coefficients shape=(16, 2), sample_weights shape=(16,), zero_neighbor_targets=0
GRAB train batch 60: pair_ids shape=(16,), range=239..10352, coefficients shape=(16, 2), sample_weights shape=(16,), zero_neighbor_targets=0
GRAB train batch 61: pair_ids shape=(16,), range=224..10498, coefficients shape=(16, 2), sample_weights shape=(16,), zero_neighbor_targets=0
GRAB train batch 62: pair_ids shape=(16,), range=0..5241, coefficients shape=(16, 2), sample_weights shape=(16,), zero_neighbor_targets=0
GRAB train batch 63: pair_ids shape=(16,), range=31..9236, coefficients shape=(16, 2), sample_weights shape=(16,), zero_neighbor_targets=0
GRAB train batch 64: pair_ids shape=(16,), range=20..9477, coefficients shape=(16, 2), sample_weights shape=(16,), zero_neighbor_targets=0
GRAB train batch 65: pair_ids shape=(16,), range=1..10530, coefficients shape=(16, 2), sample_weights shape=(16,), zero_neighbor_targets=0
GRAB train batch 66: pair_ids shape=(16,), range=22..7095, coefficients shape=(16, 2), sample_weights shape=(16,), zero_neighbor_targets=0
GRAB train batch 67: pair_ids shape=(16,), range=28..10567, coefficients shape=(16, 2), sample_weights shape=(16,), zero_neighbor_targets=0
GRAB train batch 68: pair_ids shape=(10,), range=5..1334, coefficients shape=(10, 2), sample_weights shape=(10,), zero_neighbor_targets=0
VALIDATION
valid epoch balanced_accuracy: 0.457871
EPOCH 11:
GRAB train batch 1: pair_ids shape=(16,), range=140..10228, coefficients shape=(16, 2), sample_weights shape=(16,), zero_neighbor_targets=0
GRAB train batch 2: pair_ids shape=(16,), range=50..7924, coefficients shape=(16, 2), sample_weights shape=(16,), zero_neighbor_targets=0
GRAB train batch 3: pair_ids shape=(16,), range=31..9398, coefficients shape=(16, 2), sample_weights shape=(16,), zero_neighbor_targets=0
GRAB train batch 4: pair_ids shape=(16,), range=3..9915, coefficients shape=(16, 2), sample_weights shape=(16,), zero_neighbor_targets=0
GRAB train batch 5: pair_ids shape=(16,), range=62..10716, coefficients shape=(16, 2), sample_weights shape=(16,), zero_neighbor_targets=0
GRAB train batch 6: pair_ids shape=(16,), range=55..8005, coefficients shape=(16, 2), sample_weights shape=(16,), zero_neighbor_targets=0
GRAB train batch 7: pair_ids shape=(16,), range=8..10899, coefficients shape=(16, 2), sample_weights shape=(16,), zero_neighbor_targets=0
GRAB train batch 8: pair_ids shape=(16,), range=2..10735, coefficients shape=(16, 2), sample_weights shape=(16,), zero_neighbor_targets=0
GRAB train batch 9: pair_ids shape=(16,), range=151..5227, coefficients shape=(16, 2), sample_weights shape=(16,), zero_neighbor_targets=0
GRAB train batch 10: pair_ids shape=(16,), range=4..10258, coefficients shape=(16, 2), sample_weights shape=(16,), zero_neighbor_targets=0
GRAB train batch 11: pair_ids shape=(16,), range=46..5061, coefficients shape=(16, 2), sample_weights shape=(16,), zero_neighbor_targets=0
GRAB train batch 12: pair_ids shape=(16,), range=47..9211, coefficients shape=(16, 2), sample_weights shape=(16,), zero_neighbor_targets=0
GRAB train batch 13: pair_ids shape=(16,), range=69..7755, coefficients shape=(16, 2), sample_weights shape=(16,), zero_neighbor_targets=0
GRAB train batch 14: pair_ids shape=(16,), range=32..10684, coefficients shape=(16, 2), sample_weights shape=(16,), zero_neighbor_targets=0
GRAB train batch 15: pair_ids shape=(16,), range=11..9904, coefficients shape=(16, 2), sample_weights shape=(16,), zero_neighbor_targets=0
GRAB train batch 16: pair_ids shape=(16,), range=17..9255, coefficients shape=(16, 2), sample_weights shape=(16,), zero_neighbor_targets=0
GRAB train batch 17: pair_ids shape=(16,), range=7..8795, coefficients shape=(16, 2), sample_weights shape=(16,), zero_neighbor_targets=0
GRAB train batch 18: pair_ids shape=(16,), range=34..10498, coefficients shape=(16, 2), sample_weights shape=(16,), zero_neighbor_targets=0
GRAB train batch 19: pair_ids shape=(16,), range=16..10520, coefficients shape=(16, 2), sample_weights shape=(16,), zero_neighbor_targets=0
GRAB train batch 20: pair_ids shape=(16,), range=142..9957, coefficients shape=(16, 2), sample_weights shape=(16,), zero_neighbor_targets=0
GRAB train batch 21: pair_ids shape=(16,), range=15..9444, coefficients shape=(16, 2), sample_weights shape=(16,), zero_neighbor_targets=0
GRAB train batch 22: pair_ids shape=(16,), range=67..10018, coefficients shape=(16, 2), sample_weights shape=(16,), zero_neighbor_targets=0
GRAB train batch 23: pair_ids shape=(16,), range=20..10004, coefficients shape=(16, 2), sample_weights shape=(16,), zero_neighbor_targets=0
GRAB train batch 24: pair_ids shape=(16,), range=60..6980, coefficients shape=(16, 2), sample_weights shape=(16,), zero_neighbor_targets=0
GRAB train batch 25: pair_ids shape=(16,), range=156..5596, coefficients shape=(16, 2), sample_weights shape=(16,), zero_neighbor_targets=0
GRAB train batch 26: pair_ids shape=(16,), range=10..7895, coefficients shape=(16, 2), sample_weights shape=(16,), zero_neighbor_targets=0
GRAB train batch 27: pair_ids shape=(16,), range=174..9624, coefficients shape=(16, 2), sample_weights shape=(16,), zero_neighbor_targets=0
GRAB train batch 28: pair_ids shape=(16,), range=157..10530, coefficients shape=(16, 2), sample_weights shape=(16,), zero_neighbor_targets=0
GRAB train batch 29: pair_ids shape=(16,), range=162..10925, coefficients shape=(16, 2), sample_weights shape=(16,), zero_neighbor_targets=0
GRAB train batch 30: pair_ids shape=(16,), range=39..4679, coefficients shape=(16, 2), sample_weights shape=(16,), zero_neighbor_targets=0
GRAB train batch 31: pair_ids shape=(16,), range=23..7549, coefficients shape=(16, 2), sample_weights shape=(16,), zero_neighbor_targets=0
GRAB train batch 32: pair_ids shape=(16,), range=45..7803, coefficients shape=(16, 2), sample_weights shape=(16,), zero_neighbor_targets=0
GRAB train batch 33: pair_ids shape=(16,), range=124..10609, coefficients shape=(16, 2), sample_weights shape=(16,), zero_neighbor_targets=0
GRAB train batch 34: pair_ids shape=(16,), range=58..8012, coefficients shape=(16, 2), sample_weights shape=(16,), zero_neighbor_targets=0
GRAB train batch 35: pair_ids shape=(16,), range=104..3423, coefficients shape=(16, 2), sample_weights shape=(16,), zero_neighbor_targets=0
GRAB train batch 36: pair_ids shape=(16,), range=27..9396, coefficients shape=(16, 2), sample_weights shape=(16,), zero_neighbor_targets=0
GRAB train batch 37: pair_ids shape=(16,), range=260..10935, coefficients shape=(16, 2), sample_weights shape=(16,), zero_neighbor_targets=0
GRAB train batch 38: pair_ids shape=(16,), range=14..10862, coefficients shape=(16, 2), sample_weights shape=(16,), zero_neighbor_targets=0
GRAB train batch 39: pair_ids shape=(16,), range=48..9848, coefficients shape=(16, 2), sample_weights shape=(16,), zero_neighbor_targets=0
GRAB train batch 40: pair_ids shape=(16,), range=25..10472, coefficients shape=(16, 2), sample_weights shape=(16,), zero_neighbor_targets=0
GRAB train batch 41: pair_ids shape=(16,), range=26..9652, coefficients shape=(16, 2), sample_weights shape=(16,), zero_neighbor_targets=0
GRAB train batch 42: pair_ids shape=(16,), range=41..4442, coefficients shape=(16, 2), sample_weights shape=(16,), zero_neighbor_targets=0
GRAB train batch 43: pair_ids shape=(16,), range=42..9560, coefficients shape=(16, 2), sample_weights shape=(16,), zero_neighbor_targets=0
GRAB train batch 44: pair_ids shape=(16,), range=38..9331, coefficients shape=(16, 2), sample_weights shape=(16,), zero_neighbor_targets=0
GRAB train batch 45: pair_ids shape=(16,), range=100..10956, coefficients shape=(16, 2), sample_weights shape=(16,), zero_neighbor_targets=0
GRAB train batch 46: pair_ids shape=(16,), range=251..8088, coefficients shape=(16, 2), sample_weights shape=(16,), zero_neighbor_targets=0
GRAB train batch 47: pair_ids shape=(16,), range=36..7578, coefficients shape=(16, 2), sample_weights shape=(16,), zero_neighbor_targets=0
GRAB train batch 48: pair_ids shape=(16,), range=53..9541, coefficients shape=(16, 2), sample_weights shape=(16,), zero_neighbor_targets=0
GRAB train batch 49: pair_ids shape=(16,), range=68..10007, coefficients shape=(16, 2), sample_weights shape=(16,), zero_neighbor_targets=0
GRAB train batch 50: pair_ids shape=(16,), range=13..10655, coefficients shape=(16, 2), sample_weights shape=(16,), zero_neighbor_targets=0
GRAB train batch 51: pair_ids shape=(16,), range=171..10859, coefficients shape=(16, 2), sample_weights shape=(16,), zero_neighbor_targets=0
GRAB train batch 52: pair_ids shape=(16,), range=19..10738, coefficients shape=(16, 2), sample_weights shape=(16,), zero_neighbor_targets=0
GRAB train batch 53: pair_ids shape=(16,), range=138..10365, coefficients shape=(16, 2), sample_weights shape=(16,), zero_neighbor_targets=0
GRAB train batch 54: pair_ids shape=(16,), range=96..8084, coefficients shape=(16, 2), sample_weights shape=(16,), zero_neighbor_targets=0
GRAB train batch 55: pair_ids shape=(16,), range=1..10611, coefficients shape=(16, 2), sample_weights shape=(16,), zero_neighbor_targets=0
GRAB train batch 56: pair_ids shape=(16,), range=9..9828, coefficients shape=(16, 2), sample_weights shape=(16,), zero_neighbor_targets=0
GRAB train batch 57: pair_ids shape=(16,), range=0..10141, coefficients shape=(16, 2), sample_weights shape=(16,), zero_neighbor_targets=0
GRAB train batch 58: pair_ids shape=(16,), range=61..10733, coefficients shape=(16, 2), sample_weights shape=(16,), zero_neighbor_targets=0
GRAB train batch 59: pair_ids shape=(16,), range=98..9968, coefficients shape=(16, 2), sample_weights shape=(16,), zero_neighbor_targets=0
GRAB train batch 60: pair_ids shape=(16,), range=22..9889, coefficients shape=(16, 2), sample_weights shape=(16,), zero_neighbor_targets=0
GRAB train batch 61: pair_ids shape=(16,), range=111..3252, coefficients shape=(16, 2), sample_weights shape=(16,), zero_neighbor_targets=0
GRAB train batch 62: pair_ids shape=(16,), range=5..3466, coefficients shape=(16, 2), sample_weights shape=(16,), zero_neighbor_targets=0
GRAB train batch 63: pair_ids shape=(16,), range=64..10599, coefficients shape=(16, 2), sample_weights shape=(16,), zero_neighbor_targets=0
GRAB train batch 64: pair_ids shape=(16,), range=129..10435, coefficients shape=(16, 2), sample_weights shape=(16,), zero_neighbor_targets=0
GRAB train batch 65: pair_ids shape=(16,), range=331..10093, coefficients shape=(16, 2), sample_weights shape=(16,), zero_neighbor_targets=0
GRAB train batch 66: pair_ids shape=(16,), range=21..10918, coefficients shape=(16, 2), sample_weights shape=(16,), zero_neighbor_targets=0
GRAB train batch 67: pair_ids shape=(16,), range=24..10867, coefficients shape=(16, 2), sample_weights shape=(16,), zero_neighbor_targets=0
GRAB train batch 68: pair_ids shape=(10,), range=44..7517, coefficients shape=(10, 2), sample_weights shape=(10,), zero_neighbor_targets=0
VALIDATION
valid epoch balanced_accuracy: 0.388304
EPOCH 12:
GRAB train batch 1: pair_ids shape=(16,), range=13..10611, coefficients shape=(16, 2), sample_weights shape=(16,), zero_neighbor_targets=0
GRAB train batch 2: pair_ids shape=(16,), range=2..10030, coefficients shape=(16, 2), sample_weights shape=(16,), zero_neighbor_targets=0
GRAB train batch 3: pair_ids shape=(16,), range=140..9211, coefficients shape=(16, 2), sample_weights shape=(16,), zero_neighbor_targets=0
GRAB train batch 4: pair_ids shape=(16,), range=4..10859, coefficients shape=(16, 2), sample_weights shape=(16,), zero_neighbor_targets=0
GRAB train batch 5: pair_ids shape=(16,), range=41..9573, coefficients shape=(16, 2), sample_weights shape=(16,), zero_neighbor_targets=0
GRAB train batch 6: pair_ids shape=(16,), range=122..6943, coefficients shape=(16, 2), sample_weights shape=(16,), zero_neighbor_targets=0
GRAB train batch 7: pair_ids shape=(16,), range=14..10733, coefficients shape=(16, 2), sample_weights shape=(16,), zero_neighbor_targets=0
GRAB train batch 8: pair_ids shape=(16,), range=107..10609, coefficients shape=(16, 2), sample_weights shape=(16,), zero_neighbor_targets=0
GRAB train batch 9: pair_ids shape=(16,), range=51..10308, coefficients shape=(16, 2), sample_weights shape=(16,), zero_neighbor_targets=0
GRAB train batch 10: pair_ids shape=(16,), range=45..9957, coefficients shape=(16, 2), sample_weights shape=(16,), zero_neighbor_targets=0
GRAB train batch 11: pair_ids shape=(16,), range=106..7002, coefficients shape=(16, 2), sample_weights shape=(16,), zero_neighbor_targets=0
GRAB train batch 12: pair_ids shape=(16,), range=188..9889, coefficients shape=(16, 2), sample_weights shape=(16,), zero_neighbor_targets=0
GRAB train batch 13: pair_ids shape=(16,), range=5..10046, coefficients shape=(16, 2), sample_weights shape=(16,), zero_neighbor_targets=0
GRAB train batch 14: pair_ids shape=(16,), range=38..10258, coefficients shape=(16, 2), sample_weights shape=(16,), zero_neighbor_targets=0
GRAB train batch 15: pair_ids shape=(16,), range=66..7803, coefficients shape=(16, 2), sample_weights shape=(16,), zero_neighbor_targets=0
GRAB train batch 16: pair_ids shape=(16,), range=32..9587, coefficients shape=(16, 2), sample_weights shape=(16,), zero_neighbor_targets=0
GRAB train batch 17: pair_ids shape=(16,), range=98..10935, coefficients shape=(16, 2), sample_weights shape=(16,), zero_neighbor_targets=0
GRAB train batch 18: pair_ids shape=(16,), range=48..10274, coefficients shape=(16, 2), sample_weights shape=(16,), zero_neighbor_targets=0
GRAB train batch 19: pair_ids shape=(16,), range=63..10404, coefficients shape=(16, 2), sample_weights shape=(16,), zero_neighbor_targets=0
GRAB train batch 20: pair_ids shape=(16,), range=7..10018, coefficients shape=(16, 2), sample_weights shape=(16,), zero_neighbor_targets=0
GRAB train batch 21: pair_ids shape=(16,), range=40..10488, coefficients shape=(16, 2), sample_weights shape=(16,), zero_neighbor_targets=0
GRAB train batch 22: pair_ids shape=(16,), range=161..7911, coefficients shape=(16, 2), sample_weights shape=(16,), zero_neighbor_targets=0
GRAB train batch 23: pair_ids shape=(16,), range=52..10567, coefficients shape=(16, 2), sample_weights shape=(16,), zero_neighbor_targets=0
GRAB train batch 24: pair_ids shape=(16,), range=20..1445, coefficients shape=(16, 2), sample_weights shape=(16,), zero_neighbor_targets=0
GRAB train batch 25: pair_ids shape=(16,), range=68..9110, coefficients shape=(16, 2), sample_weights shape=(16,), zero_neighbor_targets=0
GRAB train batch 26: pair_ids shape=(16,), range=22..9236, coefficients shape=(16, 2), sample_weights shape=(16,), zero_neighbor_targets=0
GRAB train batch 27: pair_ids shape=(16,), range=1..9396, coefficients shape=(16, 2), sample_weights shape=(16,), zero_neighbor_targets=0
GRAB train batch 28: pair_ids shape=(16,), range=29..10472, coefficients shape=(16, 2), sample_weights shape=(16,), zero_neighbor_targets=0
GRAB train batch 29: pair_ids shape=(16,), range=11..10530, coefficients shape=(16, 2), sample_weights shape=(16,), zero_neighbor_targets=0
GRAB train batch 30: pair_ids shape=(16,), range=60..9548, coefficients shape=(16, 2), sample_weights shape=(16,), zero_neighbor_targets=0
GRAB train batch 31: pair_ids shape=(16,), range=96..10520, coefficients shape=(16, 2), sample_weights shape=(16,), zero_neighbor_targets=0
GRAB train batch 32: pair_ids shape=(16,), range=33..7685, coefficients shape=(16, 2), sample_weights shape=(16,), zero_neighbor_targets=0
GRAB train batch 33: pair_ids shape=(16,), range=172..10925, coefficients shape=(16, 2), sample_weights shape=(16,), zero_neighbor_targets=0
GRAB train batch 34: pair_ids shape=(16,), range=3..4562, coefficients shape=(16, 2), sample_weights shape=(16,), zero_neighbor_targets=0
GRAB train batch 35: pair_ids shape=(16,), range=153..10435, coefficients shape=(16, 2), sample_weights shape=(16,), zero_neighbor_targets=0
GRAB train batch 36: pair_ids shape=(16,), range=328..9785, coefficients shape=(16, 2), sample_weights shape=(16,), zero_neighbor_targets=0
GRAB train batch 37: pair_ids shape=(16,), range=164..10373, coefficients shape=(16, 2), sample_weights shape=(16,), zero_neighbor_targets=0
GRAB train batch 38: pair_ids shape=(16,), range=34..9949, coefficients shape=(16, 2), sample_weights shape=(16,), zero_neighbor_targets=0
GRAB train batch 39: pair_ids shape=(16,), range=0..9922, coefficients shape=(16, 2), sample_weights shape=(16,), zero_neighbor_targets=0
GRAB train batch 40: pair_ids shape=(16,), range=42..10684, coefficients shape=(16, 2), sample_weights shape=(16,), zero_neighbor_targets=0
GRAB train batch 41: pair_ids shape=(16,), range=12..10867, coefficients shape=(16, 2), sample_weights shape=(16,), zero_neighbor_targets=0
GRAB train batch 42: pair_ids shape=(16,), range=8..10665, coefficients shape=(16, 2), sample_weights shape=(16,), zero_neighbor_targets=0
GRAB train batch 43: pair_ids shape=(16,), range=158..10862, coefficients shape=(16, 2), sample_weights shape=(16,), zero_neighbor_targets=0
GRAB train batch 44: pair_ids shape=(16,), range=25..8005, coefficients shape=(16, 2), sample_weights shape=(16,), zero_neighbor_targets=0
GRAB train batch 45: pair_ids shape=(16,), range=24..10498, coefficients shape=(16, 2), sample_weights shape=(16,), zero_neighbor_targets=0
GRAB train batch 46: pair_ids shape=(16,), range=139..10336, coefficients shape=(16, 2), sample_weights shape=(16,), zero_neighbor_targets=0
GRAB train batch 47: pair_ids shape=(16,), range=31..9671, coefficients shape=(16, 2), sample_weights shape=(16,), zero_neighbor_targets=0
GRAB train batch 48: pair_ids shape=(16,), range=169..10899, coefficients shape=(16, 2), sample_weights shape=(16,), zero_neighbor_targets=0
GRAB train batch 49: pair_ids shape=(16,), range=128..10738, coefficients shape=(16, 2), sample_weights shape=(16,), zero_neighbor_targets=0
GRAB train batch 50: pair_ids shape=(16,), range=131..8075, coefficients shape=(16, 2), sample_weights shape=(16,), zero_neighbor_targets=0
GRAB train batch 51: pair_ids shape=(16,), range=59..4364, coefficients shape=(16, 2), sample_weights shape=(16,), zero_neighbor_targets=0
GRAB train batch 52: pair_ids shape=(16,), range=127..9904, coefficients shape=(16, 2), sample_weights shape=(16,), zero_neighbor_targets=0
GRAB train batch 53: pair_ids shape=(16,), range=21..4572, coefficients shape=(16, 2), sample_weights shape=(16,), zero_neighbor_targets=0
GRAB train batch 54: pair_ids shape=(16,), range=65..10007, coefficients shape=(16, 2), sample_weights shape=(16,), zero_neighbor_targets=0
GRAB train batch 55: pair_ids shape=(16,), range=105..2713, coefficients shape=(16, 2), sample_weights shape=(16,), zero_neighbor_targets=0
GRAB train batch 56: pair_ids shape=(16,), range=9..10918, coefficients shape=(16, 2), sample_weights shape=(16,), zero_neighbor_targets=0
GRAB train batch 57: pair_ids shape=(16,), range=35..10735, coefficients shape=(16, 2), sample_weights shape=(16,), zero_neighbor_targets=0
GRAB train batch 58: pair_ids shape=(16,), range=28..10256, coefficients shape=(16, 2), sample_weights shape=(16,), zero_neighbor_targets=0
GRAB train batch 59: pair_ids shape=(16,), range=53..7942, coefficients shape=(16, 2), sample_weights shape=(16,), zero_neighbor_targets=0
GRAB train batch 60: pair_ids shape=(16,), range=130..5589, coefficients shape=(16, 2), sample_weights shape=(16,), zero_neighbor_targets=0
GRAB train batch 61: pair_ids shape=(16,), range=15..5461, coefficients shape=(16, 2), sample_weights shape=(16,), zero_neighbor_targets=0
GRAB train batch 62: pair_ids shape=(16,), range=163..10956, coefficients shape=(16, 2), sample_weights shape=(16,), zero_neighbor_targets=0
GRAB train batch 63: pair_ids shape=(16,), range=44..9324, coefficients shape=(16, 2), sample_weights shape=(16,), zero_neighbor_targets=0
GRAB train batch 64: pair_ids shape=(16,), range=99..5141, coefficients shape=(16, 2), sample_weights shape=(16,), zero_neighbor_targets=0
GRAB train batch 65: pair_ids shape=(16,), range=125..10599, coefficients shape=(16, 2), sample_weights shape=(16,), zero_neighbor_targets=0
GRAB train batch 66: pair_ids shape=(16,), range=57..9637, coefficients shape=(16, 2), sample_weights shape=(16,), zero_neighbor_targets=0
GRAB train batch 67: pair_ids shape=(16,), range=220..10716, coefficients shape=(16, 2), sample_weights shape=(16,), zero_neighbor_targets=0
GRAB train batch 68: pair_ids shape=(10,), range=23..9754, coefficients shape=(10, 2), sample_weights shape=(10,), zero_neighbor_targets=0
VALIDATION
valid epoch balanced_accuracy: 0.361973
EPOCH 13:
GRAB train batch 1: pair_ids shape=(16,), range=28..10925, coefficients shape=(16, 2), sample_weights shape=(16,), zero_neighbor_targets=0
GRAB train batch 2: pair_ids shape=(16,), range=155..10161, coefficients shape=(16, 2), sample_weights shape=(16,), zero_neighbor_targets=0
GRAB train batch 3: pair_ids shape=(16,), range=47..9671, coefficients shape=(16, 2), sample_weights shape=(16,), zero_neighbor_targets=0
GRAB train batch 4: pair_ids shape=(16,), range=186..10611, coefficients shape=(16, 2), sample_weights shape=(16,), zero_neighbor_targets=0
GRAB train batch 5: pair_ids shape=(16,), range=100..10899, coefficients shape=(16, 2), sample_weights shape=(16,), zero_neighbor_targets=0
GRAB train batch 6: pair_ids shape=(16,), range=36..5614, coefficients shape=(16, 2), sample_weights shape=(16,), zero_neighbor_targets=0
GRAB train batch 7: pair_ids shape=(16,), range=5..9477, coefficients shape=(16, 2), sample_weights shape=(16,), zero_neighbor_targets=0
GRAB train batch 8: pair_ids shape=(16,), range=9..9828, coefficients shape=(16, 2), sample_weights shape=(16,), zero_neighbor_targets=0
GRAB train batch 9: pair_ids shape=(16,), range=8..8084, coefficients shape=(16, 2), sample_weights shape=(16,), zero_neighbor_targets=0
GRAB train batch 10: pair_ids shape=(16,), range=13..10488, coefficients shape=(16, 2), sample_weights shape=(16,), zero_neighbor_targets=0
GRAB train batch 11: pair_ids shape=(16,), range=48..10498, coefficients shape=(16, 2), sample_weights shape=(16,), zero_neighbor_targets=0
GRAB train batch 12: pair_ids shape=(16,), range=23..4897, coefficients shape=(16, 2), sample_weights shape=(16,), zero_neighbor_targets=0
GRAB train batch 13: pair_ids shape=(16,), range=35..7720, coefficients shape=(16, 2), sample_weights shape=(16,), zero_neighbor_targets=0
GRAB train batch 14: pair_ids shape=(16,), range=146..10862, coefficients shape=(16, 2), sample_weights shape=(16,), zero_neighbor_targets=0
GRAB train batch 15: pair_ids shape=(16,), range=63..9255, coefficients shape=(16, 2), sample_weights shape=(16,), zero_neighbor_targets=0
GRAB train batch 16: pair_ids shape=(16,), range=258..10046, coefficients shape=(16, 2), sample_weights shape=(16,), zero_neighbor_targets=0
GRAB train batch 17: pair_ids shape=(16,), range=156..7755, coefficients shape=(16, 2), sample_weights shape=(16,), zero_neighbor_targets=0
GRAB train batch 18: pair_ids shape=(16,), range=11..10738, coefficients shape=(16, 2), sample_weights shape=(16,), zero_neighbor_targets=0
GRAB train batch 19: pair_ids shape=(16,), range=24..9327, coefficients shape=(16, 2), sample_weights shape=(16,), zero_neighbor_targets=0
GRAB train batch 20: pair_ids shape=(16,), range=73..4572, coefficients shape=(16, 2), sample_weights shape=(16,), zero_neighbor_targets=0
GRAB train batch 21: pair_ids shape=(16,), range=55..2564, coefficients shape=(16, 2), sample_weights shape=(16,), zero_neighbor_targets=0
GRAB train batch 22: pair_ids shape=(16,), range=57..8933, coefficients shape=(16, 2), sample_weights shape=(16,), zero_neighbor_targets=0
GRAB train batch 23: pair_ids shape=(16,), range=128..9324, coefficients shape=(16, 2), sample_weights shape=(16,), zero_neighbor_targets=0
GRAB train batch 24: pair_ids shape=(16,), range=45..10956, coefficients shape=(16, 2), sample_weights shape=(16,), zero_neighbor_targets=0
GRAB train batch 25: pair_ids shape=(16,), range=320..10520, coefficients shape=(16, 2), sample_weights shape=(16,), zero_neighbor_targets=0
GRAB train batch 26: pair_ids shape=(16,), range=52..10935, coefficients shape=(16, 2), sample_weights shape=(16,), zero_neighbor_targets=0
GRAB train batch 27: pair_ids shape=(16,), range=2..10567, coefficients shape=(16, 2), sample_weights shape=(16,), zero_neighbor_targets=0
GRAB train batch 28: pair_ids shape=(16,), range=15..8005, coefficients shape=(16, 2), sample_weights shape=(16,), zero_neighbor_targets=0
GRAB train batch 29: pair_ids shape=(16,), range=148..10093, coefficients shape=(16, 2), sample_weights shape=(16,), zero_neighbor_targets=0
GRAB train batch 30: pair_ids shape=(16,), range=32..10918, coefficients shape=(16, 2), sample_weights shape=(16,), zero_neighbor_targets=0
GRAB train batch 31: pair_ids shape=(16,), range=6..7549, coefficients shape=(16, 2), sample_weights shape=(16,), zero_neighbor_targets=0
GRAB train batch 32: pair_ids shape=(16,), range=12..9648, coefficients shape=(16, 2), sample_weights shape=(16,), zero_neighbor_targets=0
GRAB train batch 33: pair_ids shape=(16,), range=37..9889, coefficients shape=(16, 2), sample_weights shape=(16,), zero_neighbor_targets=0
GRAB train batch 34: pair_ids shape=(16,), range=70..10373, coefficients shape=(16, 2), sample_weights shape=(16,), zero_neighbor_targets=0
GRAB train batch 35: pair_ids shape=(16,), range=189..10716, coefficients shape=(16, 2), sample_weights shape=(16,), zero_neighbor_targets=0
GRAB train batch 36: pair_ids shape=(16,), range=3..10274, coefficients shape=(16, 2), sample_weights shape=(16,), zero_neighbor_targets=0
GRAB train batch 37: pair_ids shape=(16,), range=4..10867, coefficients shape=(16, 2), sample_weights shape=(16,), zero_neighbor_targets=0
GRAB train batch 38: pair_ids shape=(16,), range=139..9915, coefficients shape=(16, 2), sample_weights shape=(16,), zero_neighbor_targets=0
GRAB train batch 39: pair_ids shape=(16,), range=34..10665, coefficients shape=(16, 2), sample_weights shape=(16,), zero_neighbor_targets=0
GRAB train batch 40: pair_ids shape=(16,), range=10..4657, coefficients shape=(16, 2), sample_weights shape=(16,), zero_neighbor_targets=0
GRAB train batch 41: pair_ids shape=(16,), range=97..9904, coefficients shape=(16, 2), sample_weights shape=(16,), zero_neighbor_targets=0
GRAB train batch 42: pair_ids shape=(16,), range=39..9587, coefficients shape=(16, 2), sample_weights shape=(16,), zero_neighbor_targets=0
GRAB train batch 43: pair_ids shape=(16,), range=58..9957, coefficients shape=(16, 2), sample_weights shape=(16,), zero_neighbor_targets=0
GRAB train batch 44: pair_ids shape=(16,), range=56..10530, coefficients shape=(16, 2), sample_weights shape=(16,), zero_neighbor_targets=0
GRAB train batch 45: pair_ids shape=(16,), range=117..10222, coefficients shape=(16, 2), sample_weights shape=(16,), zero_neighbor_targets=0
GRAB train batch 46: pair_ids shape=(16,), range=46..10404, coefficients shape=(16, 2), sample_weights shape=(16,), zero_neighbor_targets=0
GRAB train batch 47: pair_ids shape=(16,), range=106..10256, coefficients shape=(16, 2), sample_weights shape=(16,), zero_neighbor_targets=0
GRAB train batch 48: pair_ids shape=(16,), range=60..9541, coefficients shape=(16, 2), sample_weights shape=(16,), zero_neighbor_targets=0
GRAB train batch 49: pair_ids shape=(16,), range=114..10472, coefficients shape=(16, 2), sample_weights shape=(16,), zero_neighbor_targets=0
GRAB train batch 50: pair_ids shape=(16,), range=99..9637, coefficients shape=(16, 2), sample_weights shape=(16,), zero_neighbor_targets=0
GRAB train batch 51: pair_ids shape=(16,), range=0..2297, coefficients shape=(16, 2), sample_weights shape=(16,), zero_neighbor_targets=0
GRAB train batch 52: pair_ids shape=(16,), range=41..10030, coefficients shape=(16, 2), sample_weights shape=(16,), zero_neighbor_targets=0
GRAB train batch 53: pair_ids shape=(16,), range=118..10655, coefficients shape=(16, 2), sample_weights shape=(16,), zero_neighbor_targets=0
GRAB train batch 54: pair_ids shape=(16,), range=40..10336, coefficients shape=(16, 2), sample_weights shape=(16,), zero_neighbor_targets=0
GRAB train batch 55: pair_ids shape=(16,), range=323..10859, coefficients shape=(16, 2), sample_weights shape=(16,), zero_neighbor_targets=0
GRAB train batch 56: pair_ids shape=(16,), range=31..5050, coefficients shape=(16, 2), sample_weights shape=(16,), zero_neighbor_targets=0
GRAB train batch 57: pair_ids shape=(16,), range=33..5501, coefficients shape=(16, 2), sample_weights shape=(16,), zero_neighbor_targets=0
GRAB train batch 58: pair_ids shape=(16,), range=42..10735, coefficients shape=(16, 2), sample_weights shape=(16,), zero_neighbor_targets=0
GRAB train batch 59: pair_ids shape=(16,), range=1..10007, coefficients shape=(16, 2), sample_weights shape=(16,), zero_neighbor_targets=0
GRAB train batch 60: pair_ids shape=(16,), range=108..9785, coefficients shape=(16, 2), sample_weights shape=(16,), zero_neighbor_targets=0
GRAB train batch 61: pair_ids shape=(16,), range=126..9124, coefficients shape=(16, 2), sample_weights shape=(16,), zero_neighbor_targets=0
GRAB train batch 62: pair_ids shape=(16,), range=104..10557, coefficients shape=(16, 2), sample_weights shape=(16,), zero_neighbor_targets=0
GRAB train batch 63: pair_ids shape=(16,), range=7..10064, coefficients shape=(16, 2), sample_weights shape=(16,), zero_neighbor_targets=0
GRAB train batch 64: pair_ids shape=(16,), range=19..7103, coefficients shape=(16, 2), sample_weights shape=(16,), zero_neighbor_targets=0
GRAB train batch 65: pair_ids shape=(16,), range=17..4869, coefficients shape=(16, 2), sample_weights shape=(16,), zero_neighbor_targets=0
GRAB train batch 66: pair_ids shape=(16,), range=21..10733, coefficients shape=(16, 2), sample_weights shape=(16,), zero_neighbor_targets=0
GRAB train batch 67: pair_ids shape=(16,), range=14..2619, coefficients shape=(16, 2), sample_weights shape=(16,), zero_neighbor_targets=0
GRAB train batch 68: pair_ids shape=(10,), range=168..4290, coefficients shape=(10, 2), sample_weights shape=(10,), zero_neighbor_targets=0
VALIDATION
valid epoch balanced_accuracy: 0.355044
EPOCH 14:
GRAB train batch 1: pair_ids shape=(16,), range=32..10141, coefficients shape=(16, 2), sample_weights shape=(16,), zero_neighbor_targets=0
GRAB train batch 2: pair_ids shape=(16,), range=72..10018, coefficients shape=(16, 2), sample_weights shape=(16,), zero_neighbor_targets=0
GRAB train batch 3: pair_ids shape=(16,), range=50..7166, coefficients shape=(16, 2), sample_weights shape=(16,), zero_neighbor_targets=0
GRAB train batch 4: pair_ids shape=(16,), range=51..7919, coefficients shape=(16, 2), sample_weights shape=(16,), zero_neighbor_targets=0
GRAB train batch 5: pair_ids shape=(16,), range=137..10161, coefficients shape=(16, 2), sample_weights shape=(16,), zero_neighbor_targets=0
GRAB train batch 6: pair_ids shape=(16,), range=130..10655, coefficients shape=(16, 2), sample_weights shape=(16,), zero_neighbor_targets=0
GRAB train batch 7: pair_ids shape=(16,), range=19..4931, coefficients shape=(16, 2), sample_weights shape=(16,), zero_neighbor_targets=0
GRAB train batch 8: pair_ids shape=(16,), range=9..10030, coefficients shape=(16, 2), sample_weights shape=(16,), zero_neighbor_targets=0
GRAB train batch 9: pair_ids shape=(16,), range=14..10472, coefficients shape=(16, 2), sample_weights shape=(16,), zero_neighbor_targets=0
GRAB train batch 10: pair_ids shape=(16,), range=11..3573, coefficients shape=(16, 2), sample_weights shape=(16,), zero_neighbor_targets=0
GRAB train batch 11: pair_ids shape=(16,), range=17..9949, coefficients shape=(16, 2), sample_weights shape=(16,), zero_neighbor_targets=0
GRAB train batch 12: pair_ids shape=(16,), range=117..10935, coefficients shape=(16, 2), sample_weights shape=(16,), zero_neighbor_targets=0
GRAB train batch 13: pair_ids shape=(16,), range=113..10336, coefficients shape=(16, 2), sample_weights shape=(16,), zero_neighbor_targets=0
GRAB train batch 14: pair_ids shape=(16,), range=22..10733, coefficients shape=(16, 2), sample_weights shape=(16,), zero_neighbor_targets=0
GRAB train batch 15: pair_ids shape=(16,), range=170..9128, coefficients shape=(16, 2), sample_weights shape=(16,), zero_neighbor_targets=0
GRAB train batch 16: pair_ids shape=(16,), range=68..9110, coefficients shape=(16, 2), sample_weights shape=(16,), zero_neighbor_targets=0
GRAB train batch 17: pair_ids shape=(16,), range=12..10925, coefficients shape=(16, 2), sample_weights shape=(16,), zero_neighbor_targets=0
GRAB train batch 18: pair_ids shape=(16,), range=4..10498, coefficients shape=(16, 2), sample_weights shape=(16,), zero_neighbor_targets=0
GRAB train batch 19: pair_ids shape=(16,), range=28..10004, coefficients shape=(16, 2), sample_weights shape=(16,), zero_neighbor_targets=0
GRAB train batch 20: pair_ids shape=(16,), range=55..9587, coefficients shape=(16, 2), sample_weights shape=(16,), zero_neighbor_targets=0
GRAB train batch 21: pair_ids shape=(16,), range=27..10404, coefficients shape=(16, 2), sample_weights shape=(16,), zero_neighbor_targets=0
GRAB train batch 22: pair_ids shape=(16,), range=33..9236, coefficients shape=(16, 2), sample_weights shape=(16,), zero_neighbor_targets=0
GRAB train batch 23: pair_ids shape=(16,), range=7..7873, coefficients shape=(16, 2), sample_weights shape=(16,), zero_neighbor_targets=0
GRAB train batch 24: pair_ids shape=(16,), range=66..8045, coefficients shape=(16, 2), sample_weights shape=(16,), zero_neighbor_targets=0
GRAB train batch 25: pair_ids shape=(16,), range=59..9444, coefficients shape=(16, 2), sample_weights shape=(16,), zero_neighbor_targets=0
GRAB train batch 26: pair_ids shape=(16,), range=174..8079, coefficients shape=(16, 2), sample_weights shape=(16,), zero_neighbor_targets=0
GRAB train batch 27: pair_ids shape=(16,), range=2..10557, coefficients shape=(16, 2), sample_weights shape=(16,), zero_neighbor_targets=0
GRAB train batch 28: pair_ids shape=(16,), range=18..10256, coefficients shape=(16, 2), sample_weights shape=(16,), zero_neighbor_targets=0
GRAB train batch 29: pair_ids shape=(16,), range=0..9324, coefficients shape=(16, 2), sample_weights shape=(16,), zero_neighbor_targets=0
GRAB train batch 30: pair_ids shape=(16,), range=104..9171, coefficients shape=(16, 2), sample_weights shape=(16,), zero_neighbor_targets=0
GRAB train batch 31: pair_ids shape=(16,), range=175..10599, coefficients shape=(16, 2), sample_weights shape=(16,), zero_neighbor_targets=0
GRAB train batch 32: pair_ids shape=(16,), range=122..10488, coefficients shape=(16, 2), sample_weights shape=(16,), zero_neighbor_targets=0
GRAB train batch 33: pair_ids shape=(16,), range=16..10093, coefficients shape=(16, 2), sample_weights shape=(16,), zero_neighbor_targets=0
GRAB train batch 34: pair_ids shape=(16,), range=43..10611, coefficients shape=(16, 2), sample_weights shape=(16,), zero_neighbor_targets=0
GRAB train batch 35: pair_ids shape=(16,), range=25..10352, coefficients shape=(16, 2), sample_weights shape=(16,), zero_neighbor_targets=0
GRAB train batch 36: pair_ids shape=(16,), range=41..10735, coefficients shape=(16, 2), sample_weights shape=(16,), zero_neighbor_targets=0
GRAB train batch 37: pair_ids shape=(16,), range=40..9883, coefficients shape=(16, 2), sample_weights shape=(16,), zero_neighbor_targets=0
GRAB train batch 38: pair_ids shape=(16,), range=70..7855, coefficients shape=(16, 2), sample_weights shape=(16,), zero_neighbor_targets=0
GRAB train batch 39: pair_ids shape=(16,), range=171..4957, coefficients shape=(16, 2), sample_weights shape=(16,), zero_neighbor_targets=0
GRAB train batch 40: pair_ids shape=(16,), range=227..10619, coefficients shape=(16, 2), sample_weights shape=(16,), zero_neighbor_targets=0
GRAB train batch 41: pair_ids shape=(16,), range=152..8084, coefficients shape=(16, 2), sample_weights shape=(16,), zero_neighbor_targets=0
GRAB train batch 42: pair_ids shape=(16,), range=253..10308, coefficients shape=(16, 2), sample_weights shape=(16,), zero_neighbor_targets=0
GRAB train batch 43: pair_ids shape=(16,), range=37..10530, coefficients shape=(16, 2), sample_weights shape=(16,), zero_neighbor_targets=0
GRAB train batch 44: pair_ids shape=(16,), range=42..10899, coefficients shape=(16, 2), sample_weights shape=(16,), zero_neighbor_targets=0
GRAB train batch 45: pair_ids shape=(16,), range=54..5055, coefficients shape=(16, 2), sample_weights shape=(16,), zero_neighbor_targets=0
GRAB train batch 46: pair_ids shape=(16,), range=21..10956, coefficients shape=(16, 2), sample_weights shape=(16,), zero_neighbor_targets=0
GRAB train batch 47: pair_ids shape=(16,), range=45..9754, coefficients shape=(16, 2), sample_weights shape=(16,), zero_neighbor_targets=0
GRAB train batch 48: pair_ids shape=(16,), range=167..10738, coefficients shape=(16, 2), sample_weights shape=(16,), zero_neighbor_targets=0
GRAB train batch 49: pair_ids shape=(16,), range=181..9889, coefficients shape=(16, 2), sample_weights shape=(16,), zero_neighbor_targets=0
GRAB train batch 50: pair_ids shape=(16,), range=98..9531, coefficients shape=(16, 2), sample_weights shape=(16,), zero_neighbor_targets=0
GRAB train batch 51: pair_ids shape=(16,), range=8..10859, coefficients shape=(16, 2), sample_weights shape=(16,), zero_neighbor_targets=0
GRAB train batch 52: pair_ids shape=(16,), range=29..5351, coefficients shape=(16, 2), sample_weights shape=(16,), zero_neighbor_targets=0
GRAB train batch 53: pair_ids shape=(16,), range=1..10274, coefficients shape=(16, 2), sample_weights shape=(16,), zero_neighbor_targets=0
GRAB train batch 54: pair_ids shape=(16,), range=157..9208, coefficients shape=(16, 2), sample_weights shape=(16,), zero_neighbor_targets=0
GRAB train batch 55: pair_ids shape=(16,), range=5..10090, coefficients shape=(16, 2), sample_weights shape=(16,), zero_neighbor_targets=0
GRAB train batch 56: pair_ids shape=(16,), range=3..9957, coefficients shape=(16, 2), sample_weights shape=(16,), zero_neighbor_targets=0
GRAB train batch 57: pair_ids shape=(16,), range=114..10716, coefficients shape=(16, 2), sample_weights shape=(16,), zero_neighbor_targets=0
GRAB train batch 58: pair_ids shape=(16,), range=23..9619, coefficients shape=(16, 2), sample_weights shape=(16,), zero_neighbor_targets=0
GRAB train batch 59: pair_ids shape=(16,), range=251..10867, coefficients shape=(16, 2), sample_weights shape=(16,), zero_neighbor_targets=0
GRAB train batch 60: pair_ids shape=(16,), range=13..757, coefficients shape=(16, 2), sample_weights shape=(16,), zero_neighbor_targets=0
GRAB train batch 61: pair_ids shape=(16,), range=6..10007, coefficients shape=(16, 2), sample_weights shape=(16,), zero_neighbor_targets=0
GRAB train batch 62: pair_ids shape=(16,), range=47..9962, coefficients shape=(16, 2), sample_weights shape=(16,), zero_neighbor_targets=0
GRAB train batch 63: pair_ids shape=(16,), range=307..10665, coefficients shape=(16, 2), sample_weights shape=(16,), zero_neighbor_targets=0
GRAB train batch 64: pair_ids shape=(16,), range=26..10918, coefficients shape=(16, 2), sample_weights shape=(16,), zero_neighbor_targets=0
GRAB train batch 65: pair_ids shape=(16,), range=44..10609, coefficients shape=(16, 2), sample_weights shape=(16,), zero_neighbor_targets=0
GRAB train batch 66: pair_ids shape=(16,), range=116..7895, coefficients shape=(16, 2), sample_weights shape=(16,), zero_neighbor_targets=0
GRAB train batch 67: pair_ids shape=(16,), range=46..9255, coefficients shape=(16, 2), sample_weights shape=(16,), zero_neighbor_targets=0
GRAB train batch 68: pair_ids shape=(10,), range=38..6943, coefficients shape=(10, 2), sample_weights shape=(10,), zero_neighbor_targets=0
VALIDATION
valid epoch balanced_accuracy: 0.379435
EPOCH 15:
GRAB train batch 1: pair_ids shape=(16,), range=99..10090, coefficients shape=(16, 2), sample_weights shape=(16,), zero_neighbor_targets=0
GRAB train batch 2: pair_ids shape=(16,), range=11..10935, coefficients shape=(16, 2), sample_weights shape=(16,), zero_neighbor_targets=0
GRAB train batch 3: pair_ids shape=(16,), range=184..8079, coefficients shape=(16, 2), sample_weights shape=(16,), zero_neighbor_targets=0
GRAB train batch 4: pair_ids shape=(16,), range=26..10619, coefficients shape=(16, 2), sample_weights shape=(16,), zero_neighbor_targets=0
GRAB train batch 5: pair_ids shape=(16,), range=29..5448, coefficients shape=(16, 2), sample_weights shape=(16,), zero_neighbor_targets=0
GRAB train batch 6: pair_ids shape=(16,), range=0..10498, coefficients shape=(16, 2), sample_weights shape=(16,), zero_neighbor_targets=0
GRAB train batch 7: pair_ids shape=(16,), range=3..7873, coefficients shape=(16, 2), sample_weights shape=(16,), zero_neighbor_targets=0
GRAB train batch 8: pair_ids shape=(16,), range=30..9848, coefficients shape=(16, 2), sample_weights shape=(16,), zero_neighbor_targets=0
GRAB train batch 9: pair_ids shape=(16,), range=12..10336, coefficients shape=(16, 2), sample_weights shape=(16,), zero_neighbor_targets=0
GRAB train batch 10: pair_ids shape=(16,), range=23..10488, coefficients shape=(16, 2), sample_weights shape=(16,), zero_neighbor_targets=0
GRAB train batch 11: pair_ids shape=(16,), range=9..7942, coefficients shape=(16, 2), sample_weights shape=(16,), zero_neighbor_targets=0
GRAB train batch 12: pair_ids shape=(16,), range=34..10899, coefficients shape=(16, 2), sample_weights shape=(16,), zero_neighbor_targets=0
GRAB train batch 13: pair_ids shape=(16,), range=14..10015, coefficients shape=(16, 2), sample_weights shape=(16,), zero_neighbor_targets=0
GRAB train batch 14: pair_ids shape=(16,), range=36..9396, coefficients shape=(16, 2), sample_weights shape=(16,), zero_neighbor_targets=0
GRAB train batch 15: pair_ids shape=(16,), range=169..5391, coefficients shape=(16, 2), sample_weights shape=(16,), zero_neighbor_targets=0
GRAB train batch 16: pair_ids shape=(16,), range=19..10557, coefficients shape=(16, 2), sample_weights shape=(16,), zero_neighbor_targets=0
GRAB train batch 17: pair_ids shape=(16,), range=43..10867, coefficients shape=(16, 2), sample_weights shape=(16,), zero_neighbor_targets=0
GRAB train batch 18: pair_ids shape=(16,), range=167..8792, coefficients shape=(16, 2), sample_weights shape=(16,), zero_neighbor_targets=0
GRAB train batch 19: pair_ids shape=(16,), range=21..9208, coefficients shape=(16, 2), sample_weights shape=(16,), zero_neighbor_targets=0
GRAB train batch 20: pair_ids shape=(16,), range=145..4469, coefficients shape=(16, 2), sample_weights shape=(16,), zero_neighbor_targets=0
GRAB train batch 21: pair_ids shape=(16,), range=218..9560, coefficients shape=(16, 2), sample_weights shape=(16,), zero_neighbor_targets=0
GRAB train batch 22: pair_ids shape=(16,), range=66..5462, coefficients shape=(16, 2), sample_weights shape=(16,), zero_neighbor_targets=0
GRAB train batch 23: pair_ids shape=(16,), range=127..10609, coefficients shape=(16, 2), sample_weights shape=(16,), zero_neighbor_targets=0
GRAB train batch 24: pair_ids shape=(16,), range=7..10738, coefficients shape=(16, 2), sample_weights shape=(16,), zero_neighbor_targets=0
GRAB train batch 25: pair_ids shape=(16,), range=109..10925, coefficients shape=(16, 2), sample_weights shape=(16,), zero_neighbor_targets=0
GRAB train batch 26: pair_ids shape=(16,), range=37..10716, coefficients shape=(16, 2), sample_weights shape=(16,), zero_neighbor_targets=0
GRAB train batch 27: pair_ids shape=(16,), range=1..10161, coefficients shape=(16, 2), sample_weights shape=(16,), zero_neighbor_targets=0
GRAB train batch 28: pair_ids shape=(16,), range=2..10859, coefficients shape=(16, 2), sample_weights shape=(16,), zero_neighbor_targets=0
GRAB train batch 29: pair_ids shape=(16,), range=131..10258, coefficients shape=(16, 2), sample_weights shape=(16,), zero_neighbor_targets=0
GRAB train batch 30: pair_ids shape=(16,), range=108..10530, coefficients shape=(16, 2), sample_weights shape=(16,), zero_neighbor_targets=0
GRAB train batch 31: pair_ids shape=(16,), range=39..10918, coefficients shape=(16, 2), sample_weights shape=(16,), zero_neighbor_targets=0
GRAB train batch 32: pair_ids shape=(16,), range=116..9968, coefficients shape=(16, 2), sample_weights shape=(16,), zero_neighbor_targets=0
GRAB train batch 33: pair_ids shape=(16,), range=177..10256, coefficients shape=(16, 2), sample_weights shape=(16,), zero_neighbor_targets=0
GRAB train batch 34: pair_ids shape=(16,), range=137..10093, coefficients shape=(16, 2), sample_weights shape=(16,), zero_neighbor_targets=0
GRAB train batch 35: pair_ids shape=(16,), range=5..10735, coefficients shape=(16, 2), sample_weights shape=(16,), zero_neighbor_targets=0
GRAB train batch 36: pair_ids shape=(16,), range=104..8810, coefficients shape=(16, 2), sample_weights shape=(16,), zero_neighbor_targets=0
GRAB train batch 37: pair_ids shape=(16,), range=13..10472, coefficients shape=(16, 2), sample_weights shape=(16,), zero_neighbor_targets=0
GRAB train batch 38: pair_ids shape=(16,), range=60..9889, coefficients shape=(16, 2), sample_weights shape=(16,), zero_neighbor_targets=0
GRAB train batch 39: pair_ids shape=(16,), range=166..7095, coefficients shape=(16, 2), sample_weights shape=(16,), zero_neighbor_targets=0
GRAB train batch 40: pair_ids shape=(16,), range=72..7919, coefficients shape=(16, 2), sample_weights shape=(16,), zero_neighbor_targets=0
GRAB train batch 41: pair_ids shape=(16,), range=15..8045, coefficients shape=(16, 2), sample_weights shape=(16,), zero_neighbor_targets=0
GRAB train batch 42: pair_ids shape=(16,), range=163..10228, coefficients shape=(16, 2), sample_weights shape=(16,), zero_neighbor_targets=0
GRAB train batch 43: pair_ids shape=(16,), range=6..7532, coefficients shape=(16, 2), sample_weights shape=(16,), zero_neighbor_targets=0
GRAB train batch 44: pair_ids shape=(16,), range=68..10733, coefficients shape=(16, 2), sample_weights shape=(16,), zero_neighbor_targets=0
GRAB train batch 45: pair_ids shape=(16,), range=46..9671, coefficients shape=(16, 2), sample_weights shape=(16,), zero_neighbor_targets=0
GRAB train batch 46: pair_ids shape=(16,), range=33..9171, coefficients shape=(16, 2), sample_weights shape=(16,), zero_neighbor_targets=0
GRAB train batch 47: pair_ids shape=(16,), range=51..8790, coefficients shape=(16, 2), sample_weights shape=(16,), zero_neighbor_targets=0
GRAB train batch 48: pair_ids shape=(16,), range=18..10064, coefficients shape=(16, 2), sample_weights shape=(16,), zero_neighbor_targets=0
GRAB train batch 49: pair_ids shape=(16,), range=22..5305, coefficients shape=(16, 2), sample_weights shape=(16,), zero_neighbor_targets=0
GRAB train batch 50: pair_ids shape=(16,), range=8..7902, coefficients shape=(16, 2), sample_weights shape=(16,), zero_neighbor_targets=0
GRAB train batch 51: pair_ids shape=(16,), range=47..10030, coefficients shape=(16, 2), sample_weights shape=(16,), zero_neighbor_targets=0
GRAB train batch 52: pair_ids shape=(16,), range=255..4937, coefficients shape=(16, 2), sample_weights shape=(16,), zero_neighbor_targets=0
GRAB train batch 53: pair_ids shape=(16,), range=174..9962, coefficients shape=(16, 2), sample_weights shape=(16,), zero_neighbor_targets=0
GRAB train batch 54: pair_ids shape=(16,), range=69..10655, coefficients shape=(16, 2), sample_weights shape=(16,), zero_neighbor_targets=0
GRAB train batch 55: pair_ids shape=(16,), range=132..10222, coefficients shape=(16, 2), sample_weights shape=(16,), zero_neighbor_targets=0
GRAB train batch 56: pair_ids shape=(16,), range=4..9637, coefficients shape=(16, 2), sample_weights shape=(16,), zero_neighbor_targets=0
GRAB train batch 57: pair_ids shape=(16,), range=27..10018, coefficients shape=(16, 2), sample_weights shape=(16,), zero_neighbor_targets=0
GRAB train batch 58: pair_ids shape=(16,), range=143..10520, coefficients shape=(16, 2), sample_weights shape=(16,), zero_neighbor_targets=0
GRAB train batch 59: pair_ids shape=(16,), range=44..7103, coefficients shape=(16, 2), sample_weights shape=(16,), zero_neighbor_targets=0
GRAB train batch 60: pair_ids shape=(16,), range=38..9548, coefficients shape=(16, 2), sample_weights shape=(16,), zero_neighbor_targets=0
GRAB train batch 61: pair_ids shape=(16,), range=32..10862, coefficients shape=(16, 2), sample_weights shape=(16,), zero_neighbor_targets=0
GRAB train batch 62: pair_ids shape=(16,), range=178..4871, coefficients shape=(16, 2), sample_weights shape=(16,), zero_neighbor_targets=0
GRAB train batch 63: pair_ids shape=(16,), range=24..7758, coefficients shape=(16, 2), sample_weights shape=(16,), zero_neighbor_targets=0
GRAB train batch 64: pair_ids shape=(16,), range=20..7033, coefficients shape=(16, 2), sample_weights shape=(16,), zero_neighbor_targets=0
GRAB train batch 65: pair_ids shape=(16,), range=115..10611, coefficients shape=(16, 2), sample_weights shape=(16,), zero_neighbor_targets=0
GRAB train batch 66: pair_ids shape=(16,), range=268..10599, coefficients shape=(16, 2), sample_weights shape=(16,), zero_neighbor_targets=0
GRAB train batch 67: pair_ids shape=(16,), range=31..10373, coefficients shape=(16, 2), sample_weights shape=(16,), zero_neighbor_targets=0
GRAB train batch 68: pair_ids shape=(10,), range=40..10956, coefficients shape=(10, 2), sample_weights shape=(10,), zero_neighbor_targets=0
VALIDATION
valid epoch balanced_accuracy: 0.413525
EPOCH 16:
GRAB train batch 1: pair_ids shape=(16,), range=55..8028, coefficients shape=(16, 2), sample_weights shape=(16,), zero_neighbor_targets=0
GRAB train batch 2: pair_ids shape=(16,), range=142..9962, coefficients shape=(16, 2), sample_weights shape=(16,), zero_neighbor_targets=0
GRAB train batch 3: pair_ids shape=(16,), range=23..10336, coefficients shape=(16, 2), sample_weights shape=(16,), zero_neighbor_targets=0
GRAB train batch 4: pair_ids shape=(16,), range=41..8075, coefficients shape=(16, 2), sample_weights shape=(16,), zero_neighbor_targets=0
GRAB train batch 5: pair_ids shape=(16,), range=106..7582, coefficients shape=(16, 2), sample_weights shape=(16,), zero_neighbor_targets=0
GRAB train batch 6: pair_ids shape=(16,), range=38..10599, coefficients shape=(16, 2), sample_weights shape=(16,), zero_neighbor_targets=0
GRAB train batch 7: pair_ids shape=(16,), range=108..10090, coefficients shape=(16, 2), sample_weights shape=(16,), zero_neighbor_targets=0
GRAB train batch 8: pair_ids shape=(16,), range=46..10030, coefficients shape=(16, 2), sample_weights shape=(16,), zero_neighbor_targets=0
GRAB train batch 9: pair_ids shape=(16,), range=54..9255, coefficients shape=(16, 2), sample_weights shape=(16,), zero_neighbor_targets=0
GRAB train batch 10: pair_ids shape=(16,), range=116..9637, coefficients shape=(16, 2), sample_weights shape=(16,), zero_neighbor_targets=0
GRAB train batch 11: pair_ids shape=(16,), range=180..9396, coefficients shape=(16, 2), sample_weights shape=(16,), zero_neighbor_targets=0
GRAB train batch 12: pair_ids shape=(16,), range=160..10611, coefficients shape=(16, 2), sample_weights shape=(16,), zero_neighbor_targets=0
GRAB train batch 13: pair_ids shape=(16,), range=14..10488, coefficients shape=(16, 2), sample_weights shape=(16,), zero_neighbor_targets=0
GRAB train batch 14: pair_ids shape=(16,), range=57..10862, coefficients shape=(16, 2), sample_weights shape=(16,), zero_neighbor_targets=0
GRAB train batch 15: pair_ids shape=(16,), range=8..9785, coefficients shape=(16, 2), sample_weights shape=(16,), zero_neighbor_targets=0
GRAB train batch 16: pair_ids shape=(16,), range=22..10735, coefficients shape=(16, 2), sample_weights shape=(16,), zero_neighbor_targets=0
GRAB train batch 17: pair_ids shape=(16,), range=136..10258, coefficients shape=(16, 2), sample_weights shape=(16,), zero_neighbor_targets=0
GRAB train batch 18: pair_ids shape=(16,), range=51..10956, coefficients shape=(16, 2), sample_weights shape=(16,), zero_neighbor_targets=0
GRAB train batch 19: pair_ids shape=(16,), range=6..10567, coefficients shape=(16, 2), sample_weights shape=(16,), zero_neighbor_targets=0
GRAB train batch 20: pair_ids shape=(16,), range=52..4572, coefficients shape=(16, 2), sample_weights shape=(16,), zero_neighbor_targets=0
GRAB train batch 21: pair_ids shape=(16,), range=63..9619, coefficients shape=(16, 2), sample_weights shape=(16,), zero_neighbor_targets=0
GRAB train batch 22: pair_ids shape=(16,), range=40..10733, coefficients shape=(16, 2), sample_weights shape=(16,), zero_neighbor_targets=0
GRAB train batch 23: pair_ids shape=(16,), range=120..10684, coefficients shape=(16, 2), sample_weights shape=(16,), zero_neighbor_targets=0
GRAB train batch 24: pair_ids shape=(16,), range=230..10609, coefficients shape=(16, 2), sample_weights shape=(16,), zero_neighbor_targets=0
GRAB train batch 25: pair_ids shape=(16,), range=123..10655, coefficients shape=(16, 2), sample_weights shape=(16,), zero_neighbor_targets=0
GRAB train batch 26: pair_ids shape=(16,), range=49..5461, coefficients shape=(16, 2), sample_weights shape=(16,), zero_neighbor_targets=0
GRAB train batch 27: pair_ids shape=(16,), range=237..10918, coefficients shape=(16, 2), sample_weights shape=(16,), zero_neighbor_targets=0
GRAB train batch 28: pair_ids shape=(16,), range=15..10018, coefficients shape=(16, 2), sample_weights shape=(16,), zero_neighbor_targets=0
GRAB train batch 29: pair_ids shape=(16,), range=257..10925, coefficients shape=(16, 2), sample_weights shape=(16,), zero_neighbor_targets=0
GRAB train batch 30: pair_ids shape=(16,), range=1..5596, coefficients shape=(16, 2), sample_weights shape=(16,), zero_neighbor_targets=0
GRAB train batch 31: pair_ids shape=(16,), range=140..10867, coefficients shape=(16, 2), sample_weights shape=(16,), zero_neighbor_targets=0
GRAB train batch 32: pair_ids shape=(16,), range=44..7911, coefficients shape=(16, 2), sample_weights shape=(16,), zero_neighbor_targets=0
GRAB train batch 33: pair_ids shape=(16,), range=156..10557, coefficients shape=(16, 2), sample_weights shape=(16,), zero_neighbor_targets=0
GRAB train batch 34: pair_ids shape=(16,), range=21..9671, coefficients shape=(16, 2), sample_weights shape=(16,), zero_neighbor_targets=0
GRAB train batch 35: pair_ids shape=(16,), range=32..10498, coefficients shape=(16, 2), sample_weights shape=(16,), zero_neighbor_targets=0
GRAB train batch 36: pair_ids shape=(16,), range=20..8933, coefficients shape=(16, 2), sample_weights shape=(16,), zero_neighbor_targets=0
GRAB train batch 37: pair_ids shape=(16,), range=33..5095, coefficients shape=(16, 2), sample_weights shape=(16,), zero_neighbor_targets=0
GRAB train batch 38: pair_ids shape=(16,), range=19..10352, coefficients shape=(16, 2), sample_weights shape=(16,), zero_neighbor_targets=0
GRAB train batch 39: pair_ids shape=(16,), range=28..9477, coefficients shape=(16, 2), sample_weights shape=(16,), zero_neighbor_targets=0
GRAB train batch 40: pair_ids shape=(16,), range=16..9072, coefficients shape=(16, 2), sample_weights shape=(16,), zero_neighbor_targets=0
GRAB train batch 41: pair_ids shape=(16,), range=2..8810, coefficients shape=(16, 2), sample_weights shape=(16,), zero_neighbor_targets=0
GRAB train batch 42: pair_ids shape=(16,), range=62..10222, coefficients shape=(16, 2), sample_weights shape=(16,), zero_neighbor_targets=0
GRAB train batch 43: pair_ids shape=(16,), range=149..9652, coefficients shape=(16, 2), sample_weights shape=(16,), zero_neighbor_targets=0
GRAB train batch 44: pair_ids shape=(16,), range=3..10935, coefficients shape=(16, 2), sample_weights shape=(16,), zero_neighbor_targets=0
GRAB train batch 45: pair_ids shape=(16,), range=31..5420, coefficients shape=(16, 2), sample_weights shape=(16,), zero_neighbor_targets=0
GRAB train batch 46: pair_ids shape=(16,), range=128..10404, coefficients shape=(16, 2), sample_weights shape=(16,), zero_neighbor_targets=0
GRAB train batch 47: pair_ids shape=(16,), range=10..10716, coefficients shape=(16, 2), sample_weights shape=(16,), zero_neighbor_targets=0
GRAB train batch 48: pair_ids shape=(16,), range=98..9573, coefficients shape=(16, 2), sample_weights shape=(16,), zero_neighbor_targets=0
GRAB train batch 49: pair_ids shape=(16,), range=69..8005, coefficients shape=(16, 2), sample_weights shape=(16,), zero_neighbor_targets=0
GRAB train batch 50: pair_ids shape=(16,), range=35..8088, coefficients shape=(16, 2), sample_weights shape=(16,), zero_neighbor_targets=0
GRAB train batch 51: pair_ids shape=(16,), range=37..5643, coefficients shape=(16, 2), sample_weights shape=(16,), zero_neighbor_targets=0
GRAB train batch 52: pair_ids shape=(16,), range=188..10859, coefficients shape=(16, 2), sample_weights shape=(16,), zero_neighbor_targets=0
GRAB train batch 53: pair_ids shape=(16,), range=17..10256, coefficients shape=(16, 2), sample_weights shape=(16,), zero_neighbor_targets=0
GRAB train batch 54: pair_ids shape=(16,), range=72..10007, coefficients shape=(16, 2), sample_weights shape=(16,), zero_neighbor_targets=0
GRAB train batch 55: pair_ids shape=(16,), range=50..10520, coefficients shape=(16, 2), sample_weights shape=(16,), zero_neighbor_targets=0
GRAB train batch 56: pair_ids shape=(16,), range=7..10530, coefficients shape=(16, 2), sample_weights shape=(16,), zero_neighbor_targets=0
GRAB train batch 57: pair_ids shape=(16,), range=26..2726, coefficients shape=(16, 2), sample_weights shape=(16,), zero_neighbor_targets=0
GRAB train batch 58: pair_ids shape=(16,), range=12..9560, coefficients shape=(16, 2), sample_weights shape=(16,), zero_neighbor_targets=0
GRAB train batch 59: pair_ids shape=(16,), range=115..9670, coefficients shape=(16, 2), sample_weights shape=(16,), zero_neighbor_targets=0
GRAB train batch 60: pair_ids shape=(16,), range=11..9889, coefficients shape=(16, 2), sample_weights shape=(16,), zero_neighbor_targets=0
GRAB train batch 61: pair_ids shape=(16,), range=9..7096, coefficients shape=(16, 2), sample_weights shape=(16,), zero_neighbor_targets=0
GRAB train batch 62: pair_ids shape=(16,), range=27..7111, coefficients shape=(16, 2), sample_weights shape=(16,), zero_neighbor_targets=0
GRAB train batch 63: pair_ids shape=(16,), range=0..9915, coefficients shape=(16, 2), sample_weights shape=(16,), zero_neighbor_targets=0
GRAB train batch 64: pair_ids shape=(16,), range=67..10899, coefficients shape=(16, 2), sample_weights shape=(16,), zero_neighbor_targets=0
GRAB train batch 65: pair_ids shape=(16,), range=5..10004, coefficients shape=(16, 2), sample_weights shape=(16,), zero_neighbor_targets=0
GRAB train batch 66: pair_ids shape=(16,), range=4..10472, coefficients shape=(16, 2), sample_weights shape=(16,), zero_neighbor_targets=0
GRAB train batch 67: pair_ids shape=(16,), range=146..9327, coefficients shape=(16, 2), sample_weights shape=(16,), zero_neighbor_targets=0
GRAB train batch 68: pair_ids shape=(10,), range=29..10064, coefficients shape=(10, 2), sample_weights shape=(10,), zero_neighbor_targets=0
VALIDATION
valid epoch balanced_accuracy: 0.414357
EPOCH 17:
GRAB train batch 1: pair_ids shape=(16,), range=101..9949, coefficients shape=(16, 2), sample_weights shape=(16,), zero_neighbor_targets=0
GRAB train batch 2: pair_ids shape=(16,), range=4..9957, coefficients shape=(16, 2), sample_weights shape=(16,), zero_neighbor_targets=0
GRAB train batch 3: pair_ids shape=(16,), range=7..9848, coefficients shape=(16, 2), sample_weights shape=(16,), zero_neighbor_targets=0
GRAB train batch 4: pair_ids shape=(16,), range=1..9785, coefficients shape=(16, 2), sample_weights shape=(16,), zero_neighbor_targets=0
GRAB train batch 5: pair_ids shape=(16,), range=129..10274, coefficients shape=(16, 2), sample_weights shape=(16,), zero_neighbor_targets=0
GRAB train batch 6: pair_ids shape=(16,), range=67..10619, coefficients shape=(16, 2), sample_weights shape=(16,), zero_neighbor_targets=0
GRAB train batch 7: pair_ids shape=(16,), range=9..7589, coefficients shape=(16, 2), sample_weights shape=(16,), zero_neighbor_targets=0
GRAB train batch 8: pair_ids shape=(16,), range=383..10007, coefficients shape=(16, 2), sample_weights shape=(16,), zero_neighbor_targets=0
GRAB train batch 9: pair_ids shape=(16,), range=160..10228, coefficients shape=(16, 2), sample_weights shape=(16,), zero_neighbor_targets=0
GRAB train batch 10: pair_ids shape=(16,), range=36..7536, coefficients shape=(16, 2), sample_weights shape=(16,), zero_neighbor_targets=0
GRAB train batch 11: pair_ids shape=(16,), range=49..4415, coefficients shape=(16, 2), sample_weights shape=(16,), zero_neighbor_targets=0
GRAB train batch 12: pair_ids shape=(16,), range=133..10899, coefficients shape=(16, 2), sample_weights shape=(16,), zero_neighbor_targets=0
GRAB train batch 13: pair_ids shape=(16,), range=27..10365, coefficients shape=(16, 2), sample_weights shape=(16,), zero_neighbor_targets=0
GRAB train batch 14: pair_ids shape=(16,), range=148..10655, coefficients shape=(16, 2), sample_weights shape=(16,), zero_neighbor_targets=0
GRAB train batch 15: pair_ids shape=(16,), range=54..10735, coefficients shape=(16, 2), sample_weights shape=(16,), zero_neighbor_targets=0
GRAB train batch 16: pair_ids shape=(16,), range=48..9828, coefficients shape=(16, 2), sample_weights shape=(16,), zero_neighbor_targets=0
GRAB train batch 17: pair_ids shape=(16,), range=15..10609, coefficients shape=(16, 2), sample_weights shape=(16,), zero_neighbor_targets=0
GRAB train batch 18: pair_ids shape=(16,), range=64..10665, coefficients shape=(16, 2), sample_weights shape=(16,), zero_neighbor_targets=0
GRAB train batch 19: pair_ids shape=(16,), range=97..10488, coefficients shape=(16, 2), sample_weights shape=(16,), zero_neighbor_targets=0
GRAB train batch 20: pair_ids shape=(16,), range=107..5305, coefficients shape=(16, 2), sample_weights shape=(16,), zero_neighbor_targets=0
GRAB train batch 21: pair_ids shape=(16,), range=13..9962, coefficients shape=(16, 2), sample_weights shape=(16,), zero_neighbor_targets=0
GRAB train batch 22: pair_ids shape=(16,), range=28..10258, coefficients shape=(16, 2), sample_weights shape=(16,), zero_neighbor_targets=0
GRAB train batch 23: pair_ids shape=(16,), range=116..9904, coefficients shape=(16, 2), sample_weights shape=(16,), zero_neighbor_targets=0
GRAB train batch 24: pair_ids shape=(16,), range=168..10867, coefficients shape=(16, 2), sample_weights shape=(16,), zero_neighbor_targets=0
GRAB train batch 25: pair_ids shape=(16,), range=72..10918, coefficients shape=(16, 2), sample_weights shape=(16,), zero_neighbor_targets=0
GRAB train batch 26: pair_ids shape=(16,), range=104..10925, coefficients shape=(16, 2), sample_weights shape=(16,), zero_neighbor_targets=0
GRAB train batch 27: pair_ids shape=(16,), range=16..10092, coefficients shape=(16, 2), sample_weights shape=(16,), zero_neighbor_targets=0
GRAB train batch 28: pair_ids shape=(16,), range=38..7873, coefficients shape=(16, 2), sample_weights shape=(16,), zero_neighbor_targets=0
GRAB train batch 29: pair_ids shape=(16,), range=26..10567, coefficients shape=(16, 2), sample_weights shape=(16,), zero_neighbor_targets=0
GRAB train batch 30: pair_ids shape=(16,), range=68..10611, coefficients shape=(16, 2), sample_weights shape=(16,), zero_neighbor_targets=0
GRAB train batch 31: pair_ids shape=(16,), range=10..9883, coefficients shape=(16, 2), sample_weights shape=(16,), zero_neighbor_targets=0
GRAB train batch 32: pair_ids shape=(16,), range=99..10935, coefficients shape=(16, 2), sample_weights shape=(16,), zero_neighbor_targets=0
GRAB train batch 33: pair_ids shape=(16,), range=66..8060, coefficients shape=(16, 2), sample_weights shape=(16,), zero_neighbor_targets=0
GRAB train batch 34: pair_ids shape=(16,), range=130..9541, coefficients shape=(16, 2), sample_weights shape=(16,), zero_neighbor_targets=0
GRAB train batch 35: pair_ids shape=(16,), range=12..9915, coefficients shape=(16, 2), sample_weights shape=(16,), zero_neighbor_targets=0
GRAB train batch 36: pair_ids shape=(16,), range=23..10004, coefficients shape=(16, 2), sample_weights shape=(16,), zero_neighbor_targets=0
GRAB train batch 37: pair_ids shape=(16,), range=319..10733, coefficients shape=(16, 2), sample_weights shape=(16,), zero_neighbor_targets=0
GRAB train batch 38: pair_ids shape=(16,), range=232..9331, coefficients shape=(16, 2), sample_weights shape=(16,), zero_neighbor_targets=0
GRAB train batch 39: pair_ids shape=(16,), range=20..9573, coefficients shape=(16, 2), sample_weights shape=(16,), zero_neighbor_targets=0
GRAB train batch 40: pair_ids shape=(16,), range=150..9208, coefficients shape=(16, 2), sample_weights shape=(16,), zero_neighbor_targets=0
GRAB train batch 41: pair_ids shape=(16,), range=5..9358, coefficients shape=(16, 2), sample_weights shape=(16,), zero_neighbor_targets=0
GRAB train batch 42: pair_ids shape=(16,), range=24..10684, coefficients shape=(16, 2), sample_weights shape=(16,), zero_neighbor_targets=0
GRAB train batch 43: pair_ids shape=(16,), range=8..10256, coefficients shape=(16, 2), sample_weights shape=(16,), zero_neighbor_targets=0
GRAB train batch 44: pair_ids shape=(16,), range=151..5596, coefficients shape=(16, 2), sample_weights shape=(16,), zero_neighbor_targets=0
GRAB train batch 45: pair_ids shape=(16,), range=2..9968, coefficients shape=(16, 2), sample_weights shape=(16,), zero_neighbor_targets=0
GRAB train batch 46: pair_ids shape=(16,), range=34..8810, coefficients shape=(16, 2), sample_weights shape=(16,), zero_neighbor_targets=0
GRAB train batch 47: pair_ids shape=(16,), range=3..10064, coefficients shape=(16, 2), sample_weights shape=(16,), zero_neighbor_targets=0
GRAB train batch 48: pair_ids shape=(16,), range=0..10498, coefficients shape=(16, 2), sample_weights shape=(16,), zero_neighbor_targets=0
GRAB train batch 49: pair_ids shape=(16,), range=11..10090, coefficients shape=(16, 2), sample_weights shape=(16,), zero_neighbor_targets=0
GRAB train batch 50: pair_ids shape=(16,), range=118..9444, coefficients shape=(16, 2), sample_weights shape=(16,), zero_neighbor_targets=0
GRAB train batch 51: pair_ids shape=(16,), range=186..10862, coefficients shape=(16, 2), sample_weights shape=(16,), zero_neighbor_targets=0
GRAB train batch 52: pair_ids shape=(16,), range=121..10046, coefficients shape=(16, 2), sample_weights shape=(16,), zero_neighbor_targets=0
GRAB train batch 53: pair_ids shape=(16,), range=161..9236, coefficients shape=(16, 2), sample_weights shape=(16,), zero_neighbor_targets=0
GRAB train batch 54: pair_ids shape=(16,), range=17..10738, coefficients shape=(16, 2), sample_weights shape=(16,), zero_neighbor_targets=0
GRAB train batch 55: pair_ids shape=(16,), range=53..9255, coefficients shape=(16, 2), sample_weights shape=(16,), zero_neighbor_targets=0
GRAB train batch 56: pair_ids shape=(16,), range=170..9128, coefficients shape=(16, 2), sample_weights shape=(16,), zero_neighbor_targets=0
GRAB train batch 57: pair_ids shape=(16,), range=169..10472, coefficients shape=(16, 2), sample_weights shape=(16,), zero_neighbor_targets=0
GRAB train batch 58: pair_ids shape=(16,), range=14..8873, coefficients shape=(16, 2), sample_weights shape=(16,), zero_neighbor_targets=0
GRAB train batch 59: pair_ids shape=(16,), range=32..10336, coefficients shape=(16, 2), sample_weights shape=(16,), zero_neighbor_targets=0
GRAB train batch 60: pair_ids shape=(16,), range=25..4562, coefficients shape=(16, 2), sample_weights shape=(16,), zero_neighbor_targets=0
GRAB train batch 61: pair_ids shape=(16,), range=113..9531, coefficients shape=(16, 2), sample_weights shape=(16,), zero_neighbor_targets=0
GRAB train batch 62: pair_ids shape=(16,), range=30..6942, coefficients shape=(16, 2), sample_weights shape=(16,), zero_neighbor_targets=0
GRAB train batch 63: pair_ids shape=(16,), range=55..10435, coefficients shape=(16, 2), sample_weights shape=(16,), zero_neighbor_targets=0
GRAB train batch 64: pair_ids shape=(16,), range=6..10018, coefficients shape=(16, 2), sample_weights shape=(16,), zero_neighbor_targets=0
GRAB train batch 65: pair_ids shape=(16,), range=40..10956, coefficients shape=(16, 2), sample_weights shape=(16,), zero_neighbor_targets=0
GRAB train batch 66: pair_ids shape=(16,), range=44..10530, coefficients shape=(16, 2), sample_weights shape=(16,), zero_neighbor_targets=0
GRAB train batch 67: pair_ids shape=(16,), range=51..9889, coefficients shape=(16, 2), sample_weights shape=(16,), zero_neighbor_targets=0
GRAB train batch 68: pair_ids shape=(10,), range=143..10557, coefficients shape=(10, 2), sample_weights shape=(10,), zero_neighbor_targets=0
VALIDATION
valid epoch balanced_accuracy: 0.456208
EPOCH 18:
GRAB train batch 1: pair_ids shape=(16,), range=54..10256, coefficients shape=(16, 2), sample_weights shape=(16,), zero_neighbor_targets=0
GRAB train batch 2: pair_ids shape=(16,), range=2..9828, coefficients shape=(16, 2), sample_weights shape=(16,), zero_neighbor_targets=0
GRAB train batch 3: pair_ids shape=(16,), range=4..10956, coefficients shape=(16, 2), sample_weights shape=(16,), zero_neighbor_targets=0
GRAB train batch 4: pair_ids shape=(16,), range=158..9968, coefficients shape=(16, 2), sample_weights shape=(16,), zero_neighbor_targets=0
GRAB train batch 5: pair_ids shape=(16,), range=50..10530, coefficients shape=(16, 2), sample_weights shape=(16,), zero_neighbor_targets=0
GRAB train batch 6: pair_ids shape=(16,), range=6..10862, coefficients shape=(16, 2), sample_weights shape=(16,), zero_neighbor_targets=0
GRAB train batch 7: pair_ids shape=(16,), range=188..9637, coefficients shape=(16, 2), sample_weights shape=(16,), zero_neighbor_targets=0
GRAB train batch 8: pair_ids shape=(16,), range=64..10092, coefficients shape=(16, 2), sample_weights shape=(16,), zero_neighbor_targets=0
GRAB train batch 9: pair_ids shape=(16,), range=334..5055, coefficients shape=(16, 2), sample_weights shape=(16,), zero_neighbor_targets=0
GRAB train batch 10: pair_ids shape=(16,), range=28..10611, coefficients shape=(16, 2), sample_weights shape=(16,), zero_neighbor_targets=0
GRAB train batch 11: pair_ids shape=(16,), range=18..10404, coefficients shape=(16, 2), sample_weights shape=(16,), zero_neighbor_targets=0
GRAB train batch 12: pair_ids shape=(16,), range=279..5305, coefficients shape=(16, 2), sample_weights shape=(16,), zero_neighbor_targets=0
GRAB train batch 13: pair_ids shape=(16,), range=155..9531, coefficients shape=(16, 2), sample_weights shape=(16,), zero_neighbor_targets=0
GRAB train batch 14: pair_ids shape=(16,), range=143..9949, coefficients shape=(16, 2), sample_weights shape=(16,), zero_neighbor_targets=0
GRAB train batch 15: pair_ids shape=(16,), range=19..10365, coefficients shape=(16, 2), sample_weights shape=(16,), zero_neighbor_targets=0
GRAB train batch 16: pair_ids shape=(16,), range=69..10308, coefficients shape=(16, 2), sample_weights shape=(16,), zero_neighbor_targets=0
GRAB train batch 17: pair_ids shape=(16,), range=51..4391, coefficients shape=(16, 2), sample_weights shape=(16,), zero_neighbor_targets=0
GRAB train batch 18: pair_ids shape=(16,), range=171..10258, coefficients shape=(16, 2), sample_weights shape=(16,), zero_neighbor_targets=0
GRAB train batch 19: pair_ids shape=(16,), range=11..10567, coefficients shape=(16, 2), sample_weights shape=(16,), zero_neighbor_targets=0
GRAB train batch 20: pair_ids shape=(16,), range=128..9541, coefficients shape=(16, 2), sample_weights shape=(16,), zero_neighbor_targets=0
GRAB train batch 21: pair_ids shape=(16,), range=15..10609, coefficients shape=(16, 2), sample_weights shape=(16,), zero_neighbor_targets=0
GRAB train batch 22: pair_ids shape=(16,), range=98..9005, coefficients shape=(16, 2), sample_weights shape=(16,), zero_neighbor_targets=0
GRAB train batch 23: pair_ids shape=(16,), range=35..8792, coefficients shape=(16, 2), sample_weights shape=(16,), zero_neighbor_targets=0
GRAB train batch 24: pair_ids shape=(16,), range=7..10599, coefficients shape=(16, 2), sample_weights shape=(16,), zero_neighbor_targets=0
GRAB train batch 25: pair_ids shape=(16,), range=119..9331, coefficients shape=(16, 2), sample_weights shape=(16,), zero_neighbor_targets=0
GRAB train batch 26: pair_ids shape=(16,), range=5..10918, coefficients shape=(16, 2), sample_weights shape=(16,), zero_neighbor_targets=0
GRAB train batch 27: pair_ids shape=(16,), range=8..9904, coefficients shape=(16, 2), sample_weights shape=(16,), zero_neighbor_targets=0
GRAB train batch 28: pair_ids shape=(16,), range=101..10373, coefficients shape=(16, 2), sample_weights shape=(16,), zero_neighbor_targets=0
GRAB train batch 29: pair_ids shape=(16,), range=53..10935, coefficients shape=(16, 2), sample_weights shape=(16,), zero_neighbor_targets=0
GRAB train batch 30: pair_ids shape=(16,), range=1..9358, coefficients shape=(16, 2), sample_weights shape=(16,), zero_neighbor_targets=0
GRAB train batch 31: pair_ids shape=(16,), range=16..10557, coefficients shape=(16, 2), sample_weights shape=(16,), zero_neighbor_targets=0
GRAB train batch 32: pair_ids shape=(16,), range=12..10738, coefficients shape=(16, 2), sample_weights shape=(16,), zero_neighbor_targets=0
GRAB train batch 33: pair_ids shape=(16,), range=31..9670, coefficients shape=(16, 2), sample_weights shape=(16,), zero_neighbor_targets=0
GRAB train batch 34: pair_ids shape=(16,), range=96..10735, coefficients shape=(16, 2), sample_weights shape=(16,), zero_neighbor_targets=0
GRAB train batch 35: pair_ids shape=(16,), range=141..4469, coefficients shape=(16, 2), sample_weights shape=(16,), zero_neighbor_targets=0
GRAB train batch 36: pair_ids shape=(16,), range=185..9072, coefficients shape=(16, 2), sample_weights shape=(16,), zero_neighbor_targets=0
GRAB train batch 37: pair_ids shape=(16,), range=150..9889, coefficients shape=(16, 2), sample_weights shape=(16,), zero_neighbor_targets=0
GRAB train batch 38: pair_ids shape=(16,), range=70..10222, coefficients shape=(16, 2), sample_weights shape=(16,), zero_neighbor_targets=0
GRAB train batch 39: pair_ids shape=(16,), range=44..4793, coefficients shape=(16, 2), sample_weights shape=(16,), zero_neighbor_targets=0
GRAB train batch 40: pair_ids shape=(16,), range=21..10655, coefficients shape=(16, 2), sample_weights shape=(16,), zero_neighbor_targets=0
GRAB train batch 41: pair_ids shape=(16,), range=322..9255, coefficients shape=(16, 2), sample_weights shape=(16,), zero_neighbor_targets=0
GRAB train batch 42: pair_ids shape=(16,), range=133..7902, coefficients shape=(16, 2), sample_weights shape=(16,), zero_neighbor_targets=0
GRAB train batch 43: pair_ids shape=(16,), range=116..10619, coefficients shape=(16, 2), sample_weights shape=(16,), zero_neighbor_targets=0
GRAB train batch 44: pair_ids shape=(16,), range=234..10867, coefficients shape=(16, 2), sample_weights shape=(16,), zero_neighbor_targets=0
GRAB train batch 45: pair_ids shape=(16,), range=104..6942, coefficients shape=(16, 2), sample_weights shape=(16,), zero_neighbor_targets=0
GRAB train batch 46: pair_ids shape=(16,), range=336..10498, coefficients shape=(16, 2), sample_weights shape=(16,), zero_neighbor_targets=0
GRAB train batch 47: pair_ids shape=(16,), range=67..10046, coefficients shape=(16, 2), sample_weights shape=(16,), zero_neighbor_targets=0
GRAB train batch 48: pair_ids shape=(16,), range=22..10859, coefficients shape=(16, 2), sample_weights shape=(16,), zero_neighbor_targets=0
GRAB train batch 49: pair_ids shape=(16,), range=66..9077, coefficients shape=(16, 2), sample_weights shape=(16,), zero_neighbor_targets=0
GRAB train batch 50: pair_ids shape=(16,), range=26..10684, coefficients shape=(16, 2), sample_weights shape=(16,), zero_neighbor_targets=0
GRAB train batch 51: pair_ids shape=(16,), range=108..10030, coefficients shape=(16, 2), sample_weights shape=(16,), zero_neighbor_targets=0
GRAB train batch 52: pair_ids shape=(16,), range=9..10274, coefficients shape=(16, 2), sample_weights shape=(16,), zero_neighbor_targets=0
GRAB train batch 53: pair_ids shape=(16,), range=177..5205, coefficients shape=(16, 2), sample_weights shape=(16,), zero_neighbor_targets=0
GRAB train batch 54: pair_ids shape=(16,), range=46..10090, coefficients shape=(16, 2), sample_weights shape=(16,), zero_neighbor_targets=0
GRAB train batch 55: pair_ids shape=(16,), range=242..10018, coefficients shape=(16, 2), sample_weights shape=(16,), zero_neighbor_targets=0
GRAB train batch 56: pair_ids shape=(16,), range=39..9327, coefficients shape=(16, 2), sample_weights shape=(16,), zero_neighbor_targets=0
GRAB train batch 57: pair_ids shape=(16,), range=10..8795, coefficients shape=(16, 2), sample_weights shape=(16,), zero_neighbor_targets=0
GRAB train batch 58: pair_ids shape=(16,), range=42..10488, coefficients shape=(16, 2), sample_weights shape=(16,), zero_neighbor_targets=0
GRAB train batch 59: pair_ids shape=(16,), range=0..10733, coefficients shape=(16, 2), sample_weights shape=(16,), zero_neighbor_targets=0
GRAB train batch 60: pair_ids shape=(16,), range=179..5447, coefficients shape=(16, 2), sample_weights shape=(16,), zero_neighbor_targets=0
GRAB train batch 61: pair_ids shape=(16,), range=61..10004, coefficients shape=(16, 2), sample_weights shape=(16,), zero_neighbor_targets=0
GRAB train batch 62: pair_ids shape=(16,), range=32..4871, coefficients shape=(16, 2), sample_weights shape=(16,), zero_neighbor_targets=0
GRAB train batch 63: pair_ids shape=(16,), range=138..10665, coefficients shape=(16, 2), sample_weights shape=(16,), zero_neighbor_targets=0
GRAB train batch 64: pair_ids shape=(16,), range=25..9848, coefficients shape=(16, 2), sample_weights shape=(16,), zero_neighbor_targets=0
GRAB train batch 65: pair_ids shape=(16,), range=17..10925, coefficients shape=(16, 2), sample_weights shape=(16,), zero_neighbor_targets=0
GRAB train batch 66: pair_ids shape=(16,), range=3..9619, coefficients shape=(16, 2), sample_weights shape=(16,), zero_neighbor_targets=0
GRAB train batch 67: pair_ids shape=(16,), range=123..10716, coefficients shape=(16, 2), sample_weights shape=(16,), zero_neighbor_targets=0
GRAB train batch 68: pair_ids shape=(10,), range=41..9915, coefficients shape=(10, 2), sample_weights shape=(10,), zero_neighbor_targets=0
VALIDATION
valid epoch balanced_accuracy: 0.459534
EPOCH 19:
GRAB train batch 1: pair_ids shape=(16,), range=12..9444, coefficients shape=(16, 2), sample_weights shape=(16,), zero_neighbor_targets=0
GRAB train batch 2: pair_ids shape=(16,), range=22..10956, coefficients shape=(16, 2), sample_weights shape=(16,), zero_neighbor_targets=0
GRAB train batch 3: pair_ids shape=(16,), range=188..10665, coefficients shape=(16, 2), sample_weights shape=(16,), zero_neighbor_targets=0
GRAB train batch 4: pair_ids shape=(16,), range=128..10925, coefficients shape=(16, 2), sample_weights shape=(16,), zero_neighbor_targets=0
GRAB train batch 5: pair_ids shape=(16,), range=21..10735, coefficients shape=(16, 2), sample_weights shape=(16,), zero_neighbor_targets=0
GRAB train batch 6: pair_ids shape=(16,), range=119..9652, coefficients shape=(16, 2), sample_weights shape=(16,), zero_neighbor_targets=0
GRAB train batch 7: pair_ids shape=(16,), range=17..9560, coefficients shape=(16, 2), sample_weights shape=(16,), zero_neighbor_targets=0
GRAB train batch 8: pair_ids shape=(16,), range=23..10918, coefficients shape=(16, 2), sample_weights shape=(16,), zero_neighbor_targets=0
GRAB train batch 9: pair_ids shape=(16,), range=130..10161, coefficients shape=(16, 2), sample_weights shape=(16,), zero_neighbor_targets=0
GRAB train batch 10: pair_ids shape=(16,), range=32..2746, coefficients shape=(16, 2), sample_weights shape=(16,), zero_neighbor_targets=0
GRAB train batch 11: pair_ids shape=(16,), range=57..9754, coefficients shape=(16, 2), sample_weights shape=(16,), zero_neighbor_targets=0
GRAB train batch 12: pair_ids shape=(16,), range=72..10064, coefficients shape=(16, 2), sample_weights shape=(16,), zero_neighbor_targets=0
GRAB train batch 13: pair_ids shape=(16,), range=98..10015, coefficients shape=(16, 2), sample_weights shape=(16,), zero_neighbor_targets=0
GRAB train batch 14: pair_ids shape=(16,), range=48..9587, coefficients shape=(16, 2), sample_weights shape=(16,), zero_neighbor_targets=0
GRAB train batch 15: pair_ids shape=(16,), range=31..10935, coefficients shape=(16, 2), sample_weights shape=(16,), zero_neighbor_targets=0
GRAB train batch 16: pair_ids shape=(16,), range=42..10733, coefficients shape=(16, 2), sample_weights shape=(16,), zero_neighbor_targets=0
GRAB train batch 17: pair_ids shape=(16,), range=5..10520, coefficients shape=(16, 2), sample_weights shape=(16,), zero_neighbor_targets=0
GRAB train batch 18: pair_ids shape=(16,), range=99..3136, coefficients shape=(16, 2), sample_weights shape=(16,), zero_neighbor_targets=0
GRAB train batch 19: pair_ids shape=(16,), range=120..9324, coefficients shape=(16, 2), sample_weights shape=(16,), zero_neighbor_targets=0
GRAB train batch 20: pair_ids shape=(16,), range=15..7753, coefficients shape=(16, 2), sample_weights shape=(16,), zero_neighbor_targets=0
GRAB train batch 21: pair_ids shape=(16,), range=231..10004, coefficients shape=(16, 2), sample_weights shape=(16,), zero_neighbor_targets=0
GRAB train batch 22: pair_ids shape=(16,), range=35..10655, coefficients shape=(16, 2), sample_weights shape=(16,), zero_neighbor_targets=0
GRAB train batch 23: pair_ids shape=(16,), range=8..9236, coefficients shape=(16, 2), sample_weights shape=(16,), zero_neighbor_targets=0
GRAB train batch 24: pair_ids shape=(16,), range=43..10619, coefficients shape=(16, 2), sample_weights shape=(16,), zero_neighbor_targets=0
GRAB train batch 25: pair_ids shape=(16,), range=6..10256, coefficients shape=(16, 2), sample_weights shape=(16,), zero_neighbor_targets=0
GRAB train batch 26: pair_ids shape=(16,), range=38..10899, coefficients shape=(16, 2), sample_weights shape=(16,), zero_neighbor_targets=0
GRAB train batch 27: pair_ids shape=(16,), range=18..5501, coefficients shape=(16, 2), sample_weights shape=(16,), zero_neighbor_targets=0
GRAB train batch 28: pair_ids shape=(16,), range=109..9828, coefficients shape=(16, 2), sample_weights shape=(16,), zero_neighbor_targets=0
GRAB train batch 29: pair_ids shape=(16,), range=0..9637, coefficients shape=(16, 2), sample_weights shape=(16,), zero_neighbor_targets=0
GRAB train batch 30: pair_ids shape=(16,), range=3..10599, coefficients shape=(16, 2), sample_weights shape=(16,), zero_neighbor_targets=0
GRAB train batch 31: pair_ids shape=(16,), range=16..10684, coefficients shape=(16, 2), sample_weights shape=(16,), zero_neighbor_targets=0
GRAB train batch 32: pair_ids shape=(16,), range=118..10373, coefficients shape=(16, 2), sample_weights shape=(16,), zero_neighbor_targets=0
GRAB train batch 33: pair_ids shape=(16,), range=9..9670, coefficients shape=(16, 2), sample_weights shape=(16,), zero_neighbor_targets=0
GRAB train batch 34: pair_ids shape=(16,), range=44..4607, coefficients shape=(16, 2), sample_weights shape=(16,), zero_neighbor_targets=0
GRAB train batch 35: pair_ids shape=(16,), range=1..10738, coefficients shape=(16, 2), sample_weights shape=(16,), zero_neighbor_targets=0
GRAB train batch 36: pair_ids shape=(16,), range=239..10336, coefficients shape=(16, 2), sample_weights shape=(16,), zero_neighbor_targets=0
GRAB train batch 37: pair_ids shape=(16,), range=106..4619, coefficients shape=(16, 2), sample_weights shape=(16,), zero_neighbor_targets=0
GRAB train batch 38: pair_ids shape=(16,), range=51..10859, coefficients shape=(16, 2), sample_weights shape=(16,), zero_neighbor_targets=0
GRAB train batch 39: pair_ids shape=(16,), range=2..7536, coefficients shape=(16, 2), sample_weights shape=(16,), zero_neighbor_targets=0
GRAB train batch 40: pair_ids shape=(16,), range=59..9128, coefficients shape=(16, 2), sample_weights shape=(16,), zero_neighbor_targets=0
GRAB train batch 41: pair_ids shape=(16,), range=25..2184, coefficients shape=(16, 2), sample_weights shape=(16,), zero_neighbor_targets=0
GRAB train batch 42: pair_ids shape=(16,), range=70..10435, coefficients shape=(16, 2), sample_weights shape=(16,), zero_neighbor_targets=0
GRAB train batch 43: pair_ids shape=(16,), range=132..5351, coefficients shape=(16, 2), sample_weights shape=(16,), zero_neighbor_targets=0
GRAB train batch 44: pair_ids shape=(16,), range=241..10472, coefficients shape=(16, 2), sample_weights shape=(16,), zero_neighbor_targets=0
GRAB train batch 45: pair_ids shape=(16,), range=148..9005, coefficients shape=(16, 2), sample_weights shape=(16,), zero_neighbor_targets=0
GRAB train batch 46: pair_ids shape=(16,), range=28..10404, coefficients shape=(16, 2), sample_weights shape=(16,), zero_neighbor_targets=0
GRAB train batch 47: pair_ids shape=(16,), range=4..10567, coefficients shape=(16, 2), sample_weights shape=(16,), zero_neighbor_targets=0
GRAB train batch 48: pair_ids shape=(16,), range=37..9915, coefficients shape=(16, 2), sample_weights shape=(16,), zero_neighbor_targets=0
GRAB train batch 49: pair_ids shape=(16,), range=45..10030, coefficients shape=(16, 2), sample_weights shape=(16,), zero_neighbor_targets=0
GRAB train batch 50: pair_ids shape=(16,), range=314..10092, coefficients shape=(16, 2), sample_weights shape=(16,), zero_neighbor_targets=0
GRAB train batch 51: pair_ids shape=(16,), range=50..7532, coefficients shape=(16, 2), sample_weights shape=(16,), zero_neighbor_targets=0
GRAB train batch 52: pair_ids shape=(16,), range=14..10488, coefficients shape=(16, 2), sample_weights shape=(16,), zero_neighbor_targets=0
GRAB train batch 53: pair_ids shape=(16,), range=371..10557, coefficients shape=(16, 2), sample_weights shape=(16,), zero_neighbor_targets=0
GRAB train batch 54: pair_ids shape=(16,), range=184..9785, coefficients shape=(16, 2), sample_weights shape=(16,), zero_neighbor_targets=0
GRAB train batch 55: pair_ids shape=(16,), range=7..10046, coefficients shape=(16, 2), sample_weights shape=(16,), zero_neighbor_targets=0
GRAB train batch 56: pair_ids shape=(16,), range=63..7106, coefficients shape=(16, 2), sample_weights shape=(16,), zero_neighbor_targets=0
GRAB train batch 57: pair_ids shape=(16,), range=54..10862, coefficients shape=(16, 2), sample_weights shape=(16,), zero_neighbor_targets=0
GRAB train batch 58: pair_ids shape=(16,), range=30..10530, coefficients shape=(16, 2), sample_weights shape=(16,), zero_neighbor_targets=0
GRAB train batch 59: pair_ids shape=(16,), range=262..10867, coefficients shape=(16, 2), sample_weights shape=(16,), zero_neighbor_targets=0
GRAB train batch 60: pair_ids shape=(16,), range=33..9477, coefficients shape=(16, 2), sample_weights shape=(16,), zero_neighbor_targets=0
GRAB train batch 61: pair_ids shape=(16,), range=39..9077, coefficients shape=(16, 2), sample_weights shape=(16,), zero_neighbor_targets=0
GRAB train batch 62: pair_ids shape=(16,), range=225..9848, coefficients shape=(16, 2), sample_weights shape=(16,), zero_neighbor_targets=0
GRAB train batch 63: pair_ids shape=(16,), range=46..10609, coefficients shape=(16, 2), sample_weights shape=(16,), zero_neighbor_targets=0
GRAB train batch 64: pair_ids shape=(16,), range=135..10498, coefficients shape=(16, 2), sample_weights shape=(16,), zero_neighbor_targets=0
GRAB train batch 65: pair_ids shape=(16,), range=11..9548, coefficients shape=(16, 2), sample_weights shape=(16,), zero_neighbor_targets=0
GRAB train batch 66: pair_ids shape=(16,), range=182..10018, coefficients shape=(16, 2), sample_weights shape=(16,), zero_neighbor_targets=0
GRAB train batch 67: pair_ids shape=(16,), range=27..9968, coefficients shape=(16, 2), sample_weights shape=(16,), zero_neighbor_targets=0
GRAB train batch 68: pair_ids shape=(10,), range=64..7517, coefficients shape=(10, 2), sample_weights shape=(10,), zero_neighbor_targets=0
VALIDATION
valid epoch balanced_accuracy: 0.450111
EPOCH 20:
GRAB train batch 1: pair_ids shape=(16,), range=119..10733, coefficients shape=(16, 2), sample_weights shape=(16,), zero_neighbor_targets=0
GRAB train batch 2: pair_ids shape=(16,), range=5..10404, coefficients shape=(16, 2), sample_weights shape=(16,), zero_neighbor_targets=0
GRAB train batch 3: pair_ids shape=(16,), range=97..7111, coefficients shape=(16, 2), sample_weights shape=(16,), zero_neighbor_targets=0
GRAB train batch 4: pair_ids shape=(16,), range=7..10665, coefficients shape=(16, 2), sample_weights shape=(16,), zero_neighbor_targets=0
GRAB train batch 5: pair_ids shape=(16,), range=139..9968, coefficients shape=(16, 2), sample_weights shape=(16,), zero_neighbor_targets=0
GRAB train batch 6: pair_ids shape=(16,), range=27..10046, coefficients shape=(16, 2), sample_weights shape=(16,), zero_neighbor_targets=0
GRAB train batch 7: pair_ids shape=(16,), range=172..9477, coefficients shape=(16, 2), sample_weights shape=(16,), zero_neighbor_targets=0
GRAB train batch 8: pair_ids shape=(16,), range=52..10611, coefficients shape=(16, 2), sample_weights shape=(16,), zero_neighbor_targets=0
GRAB train batch 9: pair_ids shape=(16,), range=238..10530, coefficients shape=(16, 2), sample_weights shape=(16,), zero_neighbor_targets=0
GRAB train batch 10: pair_ids shape=(16,), range=0..10093, coefficients shape=(16, 2), sample_weights shape=(16,), zero_neighbor_targets=0
GRAB train batch 11: pair_ids shape=(16,), range=60..5034, coefficients shape=(16, 2), sample_weights shape=(16,), zero_neighbor_targets=0
GRAB train batch 12: pair_ids shape=(16,), range=165..10557, coefficients shape=(16, 2), sample_weights shape=(16,), zero_neighbor_targets=0
GRAB train batch 13: pair_ids shape=(16,), range=100..7753, coefficients shape=(16, 2), sample_weights shape=(16,), zero_neighbor_targets=0
GRAB train batch 14: pair_ids shape=(16,), range=4..10935, coefficients shape=(16, 2), sample_weights shape=(16,), zero_neighbor_targets=0
GRAB train batch 15: pair_ids shape=(16,), range=40..10018, coefficients shape=(16, 2), sample_weights shape=(16,), zero_neighbor_targets=0
GRAB train batch 16: pair_ids shape=(16,), range=1..7589, coefficients shape=(16, 2), sample_weights shape=(16,), zero_neighbor_targets=0
GRAB train batch 17: pair_ids shape=(16,), range=45..9883, coefficients shape=(16, 2), sample_weights shape=(16,), zero_neighbor_targets=0
GRAB train batch 18: pair_ids shape=(16,), range=68..10859, coefficients shape=(16, 2), sample_weights shape=(16,), zero_neighbor_targets=0
GRAB train batch 19: pair_ids shape=(16,), range=187..9236, coefficients shape=(16, 2), sample_weights shape=(16,), zero_neighbor_targets=0
GRAB train batch 20: pair_ids shape=(16,), range=10..7758, coefficients shape=(16, 2), sample_weights shape=(16,), zero_neighbor_targets=0
GRAB train batch 21: pair_ids shape=(16,), range=18..9548, coefficients shape=(16, 2), sample_weights shape=(16,), zero_neighbor_targets=0
GRAB train batch 22: pair_ids shape=(16,), range=56..9637, coefficients shape=(16, 2), sample_weights shape=(16,), zero_neighbor_targets=0
GRAB train batch 23: pair_ids shape=(16,), range=35..9670, coefficients shape=(16, 2), sample_weights shape=(16,), zero_neighbor_targets=0
GRAB train batch 24: pair_ids shape=(16,), range=2..4657, coefficients shape=(16, 2), sample_weights shape=(16,), zero_neighbor_targets=0
GRAB train batch 25: pair_ids shape=(16,), range=58..10567, coefficients shape=(16, 2), sample_weights shape=(16,), zero_neighbor_targets=0
GRAB train batch 26: pair_ids shape=(16,), range=41..10004, coefficients shape=(16, 2), sample_weights shape=(16,), zero_neighbor_targets=0
GRAB train batch 27: pair_ids shape=(16,), range=159..10684, coefficients shape=(16, 2), sample_weights shape=(16,), zero_neighbor_targets=0
GRAB train batch 28: pair_ids shape=(16,), range=14..9171, coefficients shape=(16, 2), sample_weights shape=(16,), zero_neighbor_targets=0
GRAB train batch 29: pair_ids shape=(16,), range=15..10899, coefficients shape=(16, 2), sample_weights shape=(16,), zero_neighbor_targets=0
GRAB train batch 30: pair_ids shape=(16,), range=31..10373, coefficients shape=(16, 2), sample_weights shape=(16,), zero_neighbor_targets=0
GRAB train batch 31: pair_ids shape=(16,), range=19..10609, coefficients shape=(16, 2), sample_weights shape=(16,), zero_neighbor_targets=0
GRAB train batch 32: pair_ids shape=(16,), range=26..10161, coefficients shape=(16, 2), sample_weights shape=(16,), zero_neighbor_targets=0
GRAB train batch 33: pair_ids shape=(16,), range=124..10862, coefficients shape=(16, 2), sample_weights shape=(16,), zero_neighbor_targets=0
GRAB train batch 34: pair_ids shape=(16,), range=169..10716, coefficients shape=(16, 2), sample_weights shape=(16,), zero_neighbor_targets=0
GRAB train batch 35: pair_ids shape=(16,), range=73..7941, coefficients shape=(16, 2), sample_weights shape=(16,), zero_neighbor_targets=0
GRAB train batch 36: pair_ids shape=(16,), range=170..9922, coefficients shape=(16, 2), sample_weights shape=(16,), zero_neighbor_targets=0
GRAB train batch 37: pair_ids shape=(16,), range=30..10472, coefficients shape=(16, 2), sample_weights shape=(16,), zero_neighbor_targets=0
GRAB train batch 38: pair_ids shape=(16,), range=188..9124, coefficients shape=(16, 2), sample_weights shape=(16,), zero_neighbor_targets=0
GRAB train batch 39: pair_ids shape=(16,), range=16..10030, coefficients shape=(16, 2), sample_weights shape=(16,), zero_neighbor_targets=0
GRAB train batch 40: pair_ids shape=(16,), range=25..7924, coefficients shape=(16, 2), sample_weights shape=(16,), zero_neighbor_targets=0
GRAB train batch 41: pair_ids shape=(16,), range=133..1706, coefficients shape=(16, 2), sample_weights shape=(16,), zero_neighbor_targets=0
GRAB train batch 42: pair_ids shape=(16,), range=104..10228, coefficients shape=(16, 2), sample_weights shape=(16,), zero_neighbor_targets=0
GRAB train batch 43: pair_ids shape=(16,), range=127..9255, coefficients shape=(16, 2), sample_weights shape=(16,), zero_neighbor_targets=0
GRAB train batch 44: pair_ids shape=(16,), range=21..10867, coefficients shape=(16, 2), sample_weights shape=(16,), zero_neighbor_targets=0
GRAB train batch 45: pair_ids shape=(16,), range=20..10498, coefficients shape=(16, 2), sample_weights shape=(16,), zero_neighbor_targets=0
GRAB train batch 46: pair_ids shape=(16,), range=50..9785, coefficients shape=(16, 2), sample_weights shape=(16,), zero_neighbor_targets=0
GRAB train batch 47: pair_ids shape=(16,), range=65..10735, coefficients shape=(16, 2), sample_weights shape=(16,), zero_neighbor_targets=0
GRAB train batch 48: pair_ids shape=(16,), range=12..10738, coefficients shape=(16, 2), sample_weights shape=(16,), zero_neighbor_targets=0
GRAB train batch 49: pair_ids shape=(16,), range=134..10655, coefficients shape=(16, 2), sample_weights shape=(16,), zero_neighbor_targets=0
GRAB train batch 50: pair_ids shape=(16,), range=66..10336, coefficients shape=(16, 2), sample_weights shape=(16,), zero_neighbor_targets=0
GRAB train batch 51: pair_ids shape=(16,), range=8..9541, coefficients shape=(16, 2), sample_weights shape=(16,), zero_neighbor_targets=0
GRAB train batch 52: pair_ids shape=(16,), range=22..8084, coefficients shape=(16, 2), sample_weights shape=(16,), zero_neighbor_targets=0
GRAB train batch 53: pair_ids shape=(16,), range=61..7685, coefficients shape=(16, 2), sample_weights shape=(16,), zero_neighbor_targets=0
GRAB train batch 54: pair_ids shape=(16,), range=96..6942, coefficients shape=(16, 2), sample_weights shape=(16,), zero_neighbor_targets=0
GRAB train batch 55: pair_ids shape=(16,), range=43..10619, coefficients shape=(16, 2), sample_weights shape=(16,), zero_neighbor_targets=0
GRAB train batch 56: pair_ids shape=(16,), range=59..10918, coefficients shape=(16, 2), sample_weights shape=(16,), zero_neighbor_targets=0
GRAB train batch 57: pair_ids shape=(16,), range=62..10308, coefficients shape=(16, 2), sample_weights shape=(16,), zero_neighbor_targets=0
GRAB train batch 58: pair_ids shape=(16,), range=175..10956, coefficients shape=(16, 2), sample_weights shape=(16,), zero_neighbor_targets=0
GRAB train batch 59: pair_ids shape=(16,), range=232..10256, coefficients shape=(16, 2), sample_weights shape=(16,), zero_neighbor_targets=0
GRAB train batch 60: pair_ids shape=(16,), range=36..10015, coefficients shape=(16, 2), sample_weights shape=(16,), zero_neighbor_targets=0
GRAB train batch 61: pair_ids shape=(16,), range=11..10222, coefficients shape=(16, 2), sample_weights shape=(16,), zero_neighbor_targets=0
GRAB train batch 62: pair_ids shape=(16,), range=3..7942, coefficients shape=(16, 2), sample_weights shape=(16,), zero_neighbor_targets=0
GRAB train batch 63: pair_ids shape=(16,), range=42..10064, coefficients shape=(16, 2), sample_weights shape=(16,), zero_neighbor_targets=0
GRAB train batch 64: pair_ids shape=(16,), range=184..10599, coefficients shape=(16, 2), sample_weights shape=(16,), zero_neighbor_targets=0
GRAB train batch 65: pair_ids shape=(16,), range=13..10488, coefficients shape=(16, 2), sample_weights shape=(16,), zero_neighbor_targets=0
GRAB train batch 66: pair_ids shape=(16,), range=55..10925, coefficients shape=(16, 2), sample_weights shape=(16,), zero_neighbor_targets=0
GRAB train batch 67: pair_ids shape=(16,), range=28..5197, coefficients shape=(16, 2), sample_weights shape=(16,), zero_neighbor_targets=0
GRAB train batch 68: pair_ids shape=(10,), range=394..10352, coefficients shape=(10, 2), sample_weights shape=(10,), zero_neighbor_targets=0
VALIDATION
valid epoch balanced_accuracy: 0.393847
EPOCH 21:
GRAB train batch 1: pair_ids shape=(16,), range=45..9208, coefficients shape=(16, 2), sample_weights shape=(16,), zero_neighbor_targets=0
GRAB train batch 2: pair_ids shape=(16,), range=20..10918, coefficients shape=(16, 2), sample_weights shape=(16,), zero_neighbor_targets=0
GRAB train batch 3: pair_ids shape=(16,), range=5..10004, coefficients shape=(16, 2), sample_weights shape=(16,), zero_neighbor_targets=0
GRAB train batch 4: pair_ids shape=(16,), range=167..10352, coefficients shape=(16, 2), sample_weights shape=(16,), zero_neighbor_targets=0
GRAB train batch 5: pair_ids shape=(16,), range=53..5208, coefficients shape=(16, 2), sample_weights shape=(16,), zero_neighbor_targets=0
GRAB train batch 6: pair_ids shape=(16,), range=36..5421, coefficients shape=(16, 2), sample_weights shape=(16,), zero_neighbor_targets=0
GRAB train batch 7: pair_ids shape=(16,), range=224..3654, coefficients shape=(16, 2), sample_weights shape=(16,), zero_neighbor_targets=0
GRAB train batch 8: pair_ids shape=(16,), range=222..10733, coefficients shape=(16, 2), sample_weights shape=(16,), zero_neighbor_targets=0
GRAB train batch 9: pair_ids shape=(16,), range=0..10619, coefficients shape=(16, 2), sample_weights shape=(16,), zero_neighbor_targets=0
GRAB train batch 10: pair_ids shape=(16,), range=30..10520, coefficients shape=(16, 2), sample_weights shape=(16,), zero_neighbor_targets=0
GRAB train batch 11: pair_ids shape=(16,), range=184..9648, coefficients shape=(16, 2), sample_weights shape=(16,), zero_neighbor_targets=0
GRAB train batch 12: pair_ids shape=(16,), range=28..10404, coefficients shape=(16, 2), sample_weights shape=(16,), zero_neighbor_targets=0
GRAB train batch 13: pair_ids shape=(16,), range=6..9957, coefficients shape=(16, 2), sample_weights shape=(16,), zero_neighbor_targets=0
GRAB train batch 14: pair_ids shape=(16,), range=21..10161, coefficients shape=(16, 2), sample_weights shape=(16,), zero_neighbor_targets=0
GRAB train batch 15: pair_ids shape=(16,), range=132..10609, coefficients shape=(16, 2), sample_weights shape=(16,), zero_neighbor_targets=0
GRAB train batch 16: pair_ids shape=(16,), range=17..10228, coefficients shape=(16, 2), sample_weights shape=(16,), zero_neighbor_targets=0
GRAB train batch 17: pair_ids shape=(16,), range=113..6943, coefficients shape=(16, 2), sample_weights shape=(16,), zero_neighbor_targets=0
GRAB train batch 18: pair_ids shape=(16,), range=269..10488, coefficients shape=(16, 2), sample_weights shape=(16,), zero_neighbor_targets=0
GRAB train batch 19: pair_ids shape=(16,), range=267..10867, coefficients shape=(16, 2), sample_weights shape=(16,), zero_neighbor_targets=0
GRAB train batch 20: pair_ids shape=(16,), range=7..5496, coefficients shape=(16, 2), sample_weights shape=(16,), zero_neighbor_targets=0
GRAB train batch 21: pair_ids shape=(16,), range=23..10665, coefficients shape=(16, 2), sample_weights shape=(16,), zero_neighbor_targets=0
GRAB train batch 22: pair_ids shape=(16,), range=11..9754, coefficients shape=(16, 2), sample_weights shape=(16,), zero_neighbor_targets=0
GRAB train batch 23: pair_ids shape=(16,), range=104..9904, coefficients shape=(16, 2), sample_weights shape=(16,), zero_neighbor_targets=0
GRAB train batch 24: pair_ids shape=(16,), range=9..9255, coefficients shape=(16, 2), sample_weights shape=(16,), zero_neighbor_targets=0
GRAB train batch 25: pair_ids shape=(16,), range=33..10738, coefficients shape=(16, 2), sample_weights shape=(16,), zero_neighbor_targets=0
GRAB train batch 26: pair_ids shape=(16,), range=18..10141, coefficients shape=(16, 2), sample_weights shape=(16,), zero_neighbor_targets=0
GRAB train batch 27: pair_ids shape=(16,), range=3..10557, coefficients shape=(16, 2), sample_weights shape=(16,), zero_neighbor_targets=0
GRAB train batch 28: pair_ids shape=(16,), range=24..10935, coefficients shape=(16, 2), sample_weights shape=(16,), zero_neighbor_targets=0
GRAB train batch 29: pair_ids shape=(16,), range=121..10655, coefficients shape=(16, 2), sample_weights shape=(16,), zero_neighbor_targets=0
GRAB train batch 30: pair_ids shape=(16,), range=127..9587, coefficients shape=(16, 2), sample_weights shape=(16,), zero_neighbor_targets=0
GRAB train batch 31: pair_ids shape=(16,), range=54..9153, coefficients shape=(16, 2), sample_weights shape=(16,), zero_neighbor_targets=0
GRAB train batch 32: pair_ids shape=(16,), range=72..7902, coefficients shape=(16, 2), sample_weights shape=(16,), zero_neighbor_targets=0
GRAB train batch 33: pair_ids shape=(16,), range=117..6867, coefficients shape=(16, 2), sample_weights shape=(16,), zero_neighbor_targets=0
GRAB train batch 34: pair_ids shape=(16,), range=42..10365, coefficients shape=(16, 2), sample_weights shape=(16,), zero_neighbor_targets=0
GRAB train batch 35: pair_ids shape=(16,), range=29..10274, coefficients shape=(16, 2), sample_weights shape=(16,), zero_neighbor_targets=0
GRAB train batch 36: pair_ids shape=(16,), range=8..10925, coefficients shape=(16, 2), sample_weights shape=(16,), zero_neighbor_targets=0
GRAB train batch 37: pair_ids shape=(16,), range=16..10256, coefficients shape=(16, 2), sample_weights shape=(16,), zero_neighbor_targets=0
GRAB train batch 38: pair_ids shape=(16,), range=59..9072, coefficients shape=(16, 2), sample_weights shape=(16,), zero_neighbor_targets=0
GRAB train batch 39: pair_ids shape=(16,), range=141..9110, coefficients shape=(16, 2), sample_weights shape=(16,), zero_neighbor_targets=0
GRAB train batch 40: pair_ids shape=(16,), range=1..10956, coefficients shape=(16, 2), sample_weights shape=(16,), zero_neighbor_targets=0
GRAB train batch 41: pair_ids shape=(16,), range=22..5305, coefficients shape=(16, 2), sample_weights shape=(16,), zero_neighbor_targets=0
GRAB train batch 42: pair_ids shape=(16,), range=260..5447, coefficients shape=(16, 2), sample_weights shape=(16,), zero_neighbor_targets=0
GRAB train batch 43: pair_ids shape=(16,), range=149..10899, coefficients shape=(16, 2), sample_weights shape=(16,), zero_neighbor_targets=0
GRAB train batch 44: pair_ids shape=(16,), range=31..5501, coefficients shape=(16, 2), sample_weights shape=(16,), zero_neighbor_targets=0
GRAB train batch 45: pair_ids shape=(16,), range=40..10716, coefficients shape=(16, 2), sample_weights shape=(16,), zero_neighbor_targets=0
GRAB train batch 46: pair_ids shape=(16,), range=124..10046, coefficients shape=(16, 2), sample_weights shape=(16,), zero_neighbor_targets=0
GRAB train batch 47: pair_ids shape=(16,), range=259..10030, coefficients shape=(16, 2), sample_weights shape=(16,), zero_neighbor_targets=0
GRAB train batch 48: pair_ids shape=(16,), range=15..3316, coefficients shape=(16, 2), sample_weights shape=(16,), zero_neighbor_targets=0
GRAB train batch 49: pair_ids shape=(16,), range=19..9531, coefficients shape=(16, 2), sample_weights shape=(16,), zero_neighbor_targets=0
GRAB train batch 50: pair_ids shape=(16,), range=12..10735, coefficients shape=(16, 2), sample_weights shape=(16,), zero_neighbor_targets=0
GRAB train batch 51: pair_ids shape=(16,), range=10..10007, coefficients shape=(16, 2), sample_weights shape=(16,), zero_neighbor_targets=0
GRAB train batch 52: pair_ids shape=(16,), range=140..9171, coefficients shape=(16, 2), sample_weights shape=(16,), zero_neighbor_targets=0
GRAB train batch 53: pair_ids shape=(16,), range=44..7941, coefficients shape=(16, 2), sample_weights shape=(16,), zero_neighbor_targets=0
GRAB train batch 54: pair_ids shape=(16,), range=26..1748, coefficients shape=(16, 2), sample_weights shape=(16,), zero_neighbor_targets=0
GRAB train batch 55: pair_ids shape=(16,), range=110..10611, coefficients shape=(16, 2), sample_weights shape=(16,), zero_neighbor_targets=0
GRAB train batch 56: pair_ids shape=(16,), range=46..10435, coefficients shape=(16, 2), sample_weights shape=(16,), zero_neighbor_targets=0
GRAB train batch 57: pair_ids shape=(16,), range=116..10015, coefficients shape=(16, 2), sample_weights shape=(16,), zero_neighbor_targets=0
GRAB train batch 58: pair_ids shape=(16,), range=61..10859, coefficients shape=(16, 2), sample_weights shape=(16,), zero_neighbor_targets=0
GRAB train batch 59: pair_ids shape=(16,), range=38..10567, coefficients shape=(16, 2), sample_weights shape=(16,), zero_neighbor_targets=0
GRAB train batch 60: pair_ids shape=(16,), range=69..9962, coefficients shape=(16, 2), sample_weights shape=(16,), zero_neighbor_targets=0
GRAB train batch 61: pair_ids shape=(16,), range=32..7027, coefficients shape=(16, 2), sample_weights shape=(16,), zero_neighbor_targets=0
GRAB train batch 62: pair_ids shape=(16,), range=185..10862, coefficients shape=(16, 2), sample_weights shape=(16,), zero_neighbor_targets=0
GRAB train batch 63: pair_ids shape=(16,), range=34..10222, coefficients shape=(16, 2), sample_weights shape=(16,), zero_neighbor_targets=0
GRAB train batch 64: pair_ids shape=(16,), range=37..10093, coefficients shape=(16, 2), sample_weights shape=(16,), zero_neighbor_targets=0
GRAB train batch 65: pair_ids shape=(16,), range=62..8933, coefficients shape=(16, 2), sample_weights shape=(16,), zero_neighbor_targets=0
GRAB train batch 66: pair_ids shape=(16,), range=176..10498, coefficients shape=(16, 2), sample_weights shape=(16,), zero_neighbor_targets=0
GRAB train batch 67: pair_ids shape=(16,), range=279..10092, coefficients shape=(16, 2), sample_weights shape=(16,), zero_neighbor_targets=0
GRAB train batch 68: pair_ids shape=(10,), range=27..7095, coefficients shape=(10, 2), sample_weights shape=(10,), zero_neighbor_targets=0
VALIDATION
valid epoch balanced_accuracy: 0.496120
EPOCH 22:
GRAB train batch 1: pair_ids shape=(16,), range=171..10404, coefficients shape=(16, 2), sample_weights shape=(16,), zero_neighbor_targets=0
GRAB train batch 2: pair_ids shape=(16,), range=58..10373, coefficients shape=(16, 2), sample_weights shape=(16,), zero_neighbor_targets=0
GRAB train batch 3: pair_ids shape=(16,), range=32..10735, coefficients shape=(16, 2), sample_weights shape=(16,), zero_neighbor_targets=0
GRAB train batch 4: pair_ids shape=(16,), range=25..10935, coefficients shape=(16, 2), sample_weights shape=(16,), zero_neighbor_targets=0
GRAB train batch 5: pair_ids shape=(16,), range=128..10015, coefficients shape=(16, 2), sample_weights shape=(16,), zero_neighbor_targets=0
GRAB train batch 6: pair_ids shape=(16,), range=6..10684, coefficients shape=(16, 2), sample_weights shape=(16,), zero_neighbor_targets=0
GRAB train batch 7: pair_ids shape=(16,), range=71..9962, coefficients shape=(16, 2), sample_weights shape=(16,), zero_neighbor_targets=0
GRAB train batch 8: pair_ids shape=(16,), range=36..10655, coefficients shape=(16, 2), sample_weights shape=(16,), zero_neighbor_targets=0
GRAB train batch 9: pair_ids shape=(16,), range=54..3210, coefficients shape=(16, 2), sample_weights shape=(16,), zero_neighbor_targets=0
GRAB train batch 10: pair_ids shape=(16,), range=118..8045, coefficients shape=(16, 2), sample_weights shape=(16,), zero_neighbor_targets=0
GRAB train batch 11: pair_ids shape=(16,), range=108..9560, coefficients shape=(16, 2), sample_weights shape=(16,), zero_neighbor_targets=0
GRAB train batch 12: pair_ids shape=(16,), range=22..9072, coefficients shape=(16, 2), sample_weights shape=(16,), zero_neighbor_targets=0
GRAB train batch 13: pair_ids shape=(16,), range=21..9808, coefficients shape=(16, 2), sample_weights shape=(16,), zero_neighbor_targets=0
GRAB train batch 14: pair_ids shape=(16,), range=181..7166, coefficients shape=(16, 2), sample_weights shape=(16,), zero_neighbor_targets=0
GRAB train batch 15: pair_ids shape=(16,), range=143..5391, coefficients shape=(16, 2), sample_weights shape=(16,), zero_neighbor_targets=0
GRAB train batch 16: pair_ids shape=(16,), range=16..10336, coefficients shape=(16, 2), sample_weights shape=(16,), zero_neighbor_targets=0
GRAB train batch 17: pair_ids shape=(16,), range=153..5496, coefficients shape=(16, 2), sample_weights shape=(16,), zero_neighbor_targets=0
GRAB train batch 18: pair_ids shape=(16,), range=125..8002, coefficients shape=(16, 2), sample_weights shape=(16,), zero_neighbor_targets=0
GRAB train batch 19: pair_ids shape=(16,), range=43..7103, coefficients shape=(16, 2), sample_weights shape=(16,), zero_neighbor_targets=0
GRAB train batch 20: pair_ids shape=(16,), range=51..9922, coefficients shape=(16, 2), sample_weights shape=(16,), zero_neighbor_targets=0
GRAB train batch 21: pair_ids shape=(16,), range=15..9828, coefficients shape=(16, 2), sample_weights shape=(16,), zero_neighbor_targets=0
GRAB train batch 22: pair_ids shape=(16,), range=321..9531, coefficients shape=(16, 2), sample_weights shape=(16,), zero_neighbor_targets=0
GRAB train batch 23: pair_ids shape=(16,), range=14..10018, coefficients shape=(16, 2), sample_weights shape=(16,), zero_neighbor_targets=0
GRAB train batch 24: pair_ids shape=(16,), range=64..4492, coefficients shape=(16, 2), sample_weights shape=(16,), zero_neighbor_targets=0
GRAB train batch 25: pair_ids shape=(16,), range=152..10007, coefficients shape=(16, 2), sample_weights shape=(16,), zero_neighbor_targets=0
GRAB train batch 26: pair_ids shape=(16,), range=62..10918, coefficients shape=(16, 2), sample_weights shape=(16,), zero_neighbor_targets=0
GRAB train batch 27: pair_ids shape=(16,), range=12..8028, coefficients shape=(16, 2), sample_weights shape=(16,), zero_neighbor_targets=0
GRAB train batch 28: pair_ids shape=(16,), range=98..10859, coefficients shape=(16, 2), sample_weights shape=(16,), zero_neighbor_targets=0
GRAB train batch 29: pair_ids shape=(16,), range=17..10090, coefficients shape=(16, 2), sample_weights shape=(16,), zero_neighbor_targets=0
GRAB train batch 30: pair_ids shape=(16,), range=4..7549, coefficients shape=(16, 2), sample_weights shape=(16,), zero_neighbor_targets=0
GRAB train batch 31: pair_ids shape=(16,), range=44..9949, coefficients shape=(16, 2), sample_weights shape=(16,), zero_neighbor_targets=0
GRAB train batch 32: pair_ids shape=(16,), range=161..8060, coefficients shape=(16, 2), sample_weights shape=(16,), zero_neighbor_targets=0
GRAB train batch 33: pair_ids shape=(16,), range=142..10256, coefficients shape=(16, 2), sample_weights shape=(16,), zero_neighbor_targets=0
GRAB train batch 34: pair_ids shape=(16,), range=8..10365, coefficients shape=(16, 2), sample_weights shape=(16,), zero_neighbor_targets=0
GRAB train batch 35: pair_ids shape=(16,), range=40..8795, coefficients shape=(16, 2), sample_weights shape=(16,), zero_neighbor_targets=0
GRAB train batch 36: pair_ids shape=(16,), range=28..9548, coefficients shape=(16, 2), sample_weights shape=(16,), zero_neighbor_targets=0
GRAB train batch 37: pair_ids shape=(16,), range=1..10619, coefficients shape=(16, 2), sample_weights shape=(16,), zero_neighbor_targets=0
GRAB train batch 38: pair_ids shape=(16,), range=26..10498, coefficients shape=(16, 2), sample_weights shape=(16,), zero_neighbor_targets=0
GRAB train batch 39: pair_ids shape=(16,), range=68..9255, coefficients shape=(16, 2), sample_weights shape=(16,), zero_neighbor_targets=0
GRAB train batch 40: pair_ids shape=(16,), range=0..10862, coefficients shape=(16, 2), sample_weights shape=(16,), zero_neighbor_targets=0
GRAB train batch 41: pair_ids shape=(16,), range=39..9211, coefficients shape=(16, 2), sample_weights shape=(16,), zero_neighbor_targets=0
GRAB train batch 42: pair_ids shape=(16,), range=7..8810, coefficients shape=(16, 2), sample_weights shape=(16,), zero_neighbor_targets=0
GRAB train batch 43: pair_ids shape=(16,), range=34..7855, coefficients shape=(16, 2), sample_weights shape=(16,), zero_neighbor_targets=0
GRAB train batch 44: pair_ids shape=(16,), range=272..10488, coefficients shape=(16, 2), sample_weights shape=(16,), zero_neighbor_targets=0
GRAB train batch 45: pair_ids shape=(16,), range=133..7911, coefficients shape=(16, 2), sample_weights shape=(16,), zero_neighbor_targets=0
GRAB train batch 46: pair_ids shape=(16,), range=18..9358, coefficients shape=(16, 2), sample_weights shape=(16,), zero_neighbor_targets=0
GRAB train batch 47: pair_ids shape=(16,), range=48..10738, coefficients shape=(16, 2), sample_weights shape=(16,), zero_neighbor_targets=0
GRAB train batch 48: pair_ids shape=(16,), range=50..10599, coefficients shape=(16, 2), sample_weights shape=(16,), zero_neighbor_targets=0
GRAB train batch 49: pair_ids shape=(16,), range=259..9236, coefficients shape=(16, 2), sample_weights shape=(16,), zero_neighbor_targets=0
GRAB train batch 50: pair_ids shape=(16,), range=100..10228, coefficients shape=(16, 2), sample_weights shape=(16,), zero_neighbor_targets=0
GRAB train batch 51: pair_ids shape=(16,), range=2..10472, coefficients shape=(16, 2), sample_weights shape=(16,), zero_neighbor_targets=0
GRAB train batch 52: pair_ids shape=(16,), range=27..7758, coefficients shape=(16, 2), sample_weights shape=(16,), zero_neighbor_targets=0
GRAB train batch 53: pair_ids shape=(16,), range=9..10733, coefficients shape=(16, 2), sample_weights shape=(16,), zero_neighbor_targets=0
GRAB train batch 54: pair_ids shape=(16,), range=3..10222, coefficients shape=(16, 2), sample_weights shape=(16,), zero_neighbor_targets=0
GRAB train batch 55: pair_ids shape=(16,), range=23..10567, coefficients shape=(16, 2), sample_weights shape=(16,), zero_neighbor_targets=0
GRAB train batch 56: pair_ids shape=(16,), range=56..9652, coefficients shape=(16, 2), sample_weights shape=(16,), zero_neighbor_targets=0
GRAB train batch 57: pair_ids shape=(16,), range=165..10665, coefficients shape=(16, 2), sample_weights shape=(16,), zero_neighbor_targets=0
GRAB train batch 58: pair_ids shape=(16,), range=5..9573, coefficients shape=(16, 2), sample_weights shape=(16,), zero_neighbor_targets=0
GRAB train batch 59: pair_ids shape=(16,), range=30..10435, coefficients shape=(16, 2), sample_weights shape=(16,), zero_neighbor_targets=0
GRAB train batch 60: pair_ids shape=(16,), range=115..10530, coefficients shape=(16, 2), sample_weights shape=(16,), zero_neighbor_targets=0
GRAB train batch 61: pair_ids shape=(16,), range=123..10956, coefficients shape=(16, 2), sample_weights shape=(16,), zero_neighbor_targets=0
GRAB train batch 62: pair_ids shape=(16,), range=10..10899, coefficients shape=(16, 2), sample_weights shape=(16,), zero_neighbor_targets=0
GRAB train batch 63: pair_ids shape=(16,), range=31..9648, coefficients shape=(16, 2), sample_weights shape=(16,), zero_neighbor_targets=0
GRAB train batch 64: pair_ids shape=(16,), range=53..10308, coefficients shape=(16, 2), sample_weights shape=(16,), zero_neighbor_targets=0
GRAB train batch 65: pair_ids shape=(16,), range=29..10258, coefficients shape=(16, 2), sample_weights shape=(16,), zero_neighbor_targets=0
GRAB train batch 66: pair_ids shape=(16,), range=46..9153, coefficients shape=(16, 2), sample_weights shape=(16,), zero_neighbor_targets=0
GRAB train batch 67: pair_ids shape=(16,), range=33..10925, coefficients shape=(16, 2), sample_weights shape=(16,), zero_neighbor_targets=0
GRAB train batch 68: pair_ids shape=(10,), range=63..8075, coefficients shape=(10, 2), sample_weights shape=(10,), zero_neighbor_targets=0
VALIDATION
valid epoch balanced_accuracy: 0.482262
EPOCH 23:
GRAB train batch 1: pair_ids shape=(16,), range=56..10472, coefficients shape=(16, 2), sample_weights shape=(16,), zero_neighbor_targets=0
GRAB train batch 2: pair_ids shape=(16,), range=7..9957, coefficients shape=(16, 2), sample_weights shape=(16,), zero_neighbor_targets=0
GRAB train batch 3: pair_ids shape=(16,), range=48..10918, coefficients shape=(16, 2), sample_weights shape=(16,), zero_neighbor_targets=0
GRAB train batch 4: pair_ids shape=(16,), range=27..10498, coefficients shape=(16, 2), sample_weights shape=(16,), zero_neighbor_targets=0
GRAB train batch 5: pair_ids shape=(16,), range=245..8060, coefficients shape=(16, 2), sample_weights shape=(16,), zero_neighbor_targets=0
GRAB train batch 6: pair_ids shape=(16,), range=13..10735, coefficients shape=(16, 2), sample_weights shape=(16,), zero_neighbor_targets=0
GRAB train batch 7: pair_ids shape=(16,), range=50..9324, coefficients shape=(16, 2), sample_weights shape=(16,), zero_neighbor_targets=0
GRAB train batch 8: pair_ids shape=(16,), range=31..10274, coefficients shape=(16, 2), sample_weights shape=(16,), zero_neighbor_targets=0
GRAB train batch 9: pair_ids shape=(16,), range=69..10899, coefficients shape=(16, 2), sample_weights shape=(16,), zero_neighbor_targets=0
GRAB train batch 10: pair_ids shape=(16,), range=279..10738, coefficients shape=(16, 2), sample_weights shape=(16,), zero_neighbor_targets=0
GRAB train batch 11: pair_ids shape=(16,), range=26..5507, coefficients shape=(16, 2), sample_weights shape=(16,), zero_neighbor_targets=0
GRAB train batch 12: pair_ids shape=(16,), range=0..10007, coefficients shape=(16, 2), sample_weights shape=(16,), zero_neighbor_targets=0
GRAB train batch 13: pair_ids shape=(16,), range=109..10373, coefficients shape=(16, 2), sample_weights shape=(16,), zero_neighbor_targets=0
GRAB train batch 14: pair_ids shape=(16,), range=41..9754, coefficients shape=(16, 2), sample_weights shape=(16,), zero_neighbor_targets=0
GRAB train batch 15: pair_ids shape=(16,), range=2..9922, coefficients shape=(16, 2), sample_weights shape=(16,), zero_neighbor_targets=0
GRAB train batch 16: pair_ids shape=(16,), range=218..10859, coefficients shape=(16, 2), sample_weights shape=(16,), zero_neighbor_targets=0
GRAB train batch 17: pair_ids shape=(16,), range=158..10090, coefficients shape=(16, 2), sample_weights shape=(16,), zero_neighbor_targets=0
GRAB train batch 18: pair_ids shape=(16,), range=54..10935, coefficients shape=(16, 2), sample_weights shape=(16,), zero_neighbor_targets=0
GRAB train batch 19: pair_ids shape=(16,), range=60..9828, coefficients shape=(16, 2), sample_weights shape=(16,), zero_neighbor_targets=0
GRAB train batch 20: pair_ids shape=(16,), range=4..10488, coefficients shape=(16, 2), sample_weights shape=(16,), zero_neighbor_targets=0
GRAB train batch 21: pair_ids shape=(16,), range=72..5084, coefficients shape=(16, 2), sample_weights shape=(16,), zero_neighbor_targets=0
GRAB train batch 22: pair_ids shape=(16,), range=114..8790, coefficients shape=(16, 2), sample_weights shape=(16,), zero_neighbor_targets=0
GRAB train batch 23: pair_ids shape=(16,), range=176..7941, coefficients shape=(16, 2), sample_weights shape=(16,), zero_neighbor_targets=0
GRAB train batch 24: pair_ids shape=(16,), range=256..10867, coefficients shape=(16, 2), sample_weights shape=(16,), zero_neighbor_targets=0
GRAB train batch 25: pair_ids shape=(16,), range=237..10161, coefficients shape=(16, 2), sample_weights shape=(16,), zero_neighbor_targets=0
GRAB train batch 26: pair_ids shape=(16,), range=29..10004, coefficients shape=(16, 2), sample_weights shape=(16,), zero_neighbor_targets=0
GRAB train batch 27: pair_ids shape=(16,), range=313..10567, coefficients shape=(16, 2), sample_weights shape=(16,), zero_neighbor_targets=0
GRAB train batch 28: pair_ids shape=(16,), range=38..9331, coefficients shape=(16, 2), sample_weights shape=(16,), zero_neighbor_targets=0
GRAB train batch 29: pair_ids shape=(16,), range=11..9548, coefficients shape=(16, 2), sample_weights shape=(16,), zero_neighbor_targets=0
GRAB train batch 30: pair_ids shape=(16,), range=101..10599, coefficients shape=(16, 2), sample_weights shape=(16,), zero_neighbor_targets=0
GRAB train batch 31: pair_ids shape=(16,), range=241..5501, coefficients shape=(16, 2), sample_weights shape=(16,), zero_neighbor_targets=0
GRAB train batch 32: pair_ids shape=(16,), range=232..10716, coefficients shape=(16, 2), sample_weights shape=(16,), zero_neighbor_targets=0
GRAB train batch 33: pair_ids shape=(16,), range=131..10655, coefficients shape=(16, 2), sample_weights shape=(16,), zero_neighbor_targets=0
GRAB train batch 34: pair_ids shape=(16,), range=174..9477, coefficients shape=(16, 2), sample_weights shape=(16,), zero_neighbor_targets=0
GRAB train batch 35: pair_ids shape=(16,), range=32..9587, coefficients shape=(16, 2), sample_weights shape=(16,), zero_neighbor_targets=0
GRAB train batch 36: pair_ids shape=(16,), range=37..10956, coefficients shape=(16, 2), sample_weights shape=(16,), zero_neighbor_targets=0
GRAB train batch 37: pair_ids shape=(16,), range=43..9968, coefficients shape=(16, 2), sample_weights shape=(16,), zero_neighbor_targets=0
GRAB train batch 38: pair_ids shape=(16,), range=9..7106, coefficients shape=(16, 2), sample_weights shape=(16,), zero_neighbor_targets=0
GRAB train batch 39: pair_ids shape=(16,), range=16..9619, coefficients shape=(16, 2), sample_weights shape=(16,), zero_neighbor_targets=0
GRAB train batch 40: pair_ids shape=(16,), range=1..10256, coefficients shape=(16, 2), sample_weights shape=(16,), zero_neighbor_targets=0
GRAB train batch 41: pair_ids shape=(16,), range=66..9005, coefficients shape=(16, 2), sample_weights shape=(16,), zero_neighbor_targets=0
GRAB train batch 42: pair_ids shape=(16,), range=15..9904, coefficients shape=(16, 2), sample_weights shape=(16,), zero_neighbor_targets=0
GRAB train batch 43: pair_ids shape=(16,), range=120..7166, coefficients shape=(16, 2), sample_weights shape=(16,), zero_neighbor_targets=0
GRAB train batch 44: pair_ids shape=(16,), range=126..9072, coefficients shape=(16, 2), sample_weights shape=(16,), zero_neighbor_targets=0
GRAB train batch 45: pair_ids shape=(16,), range=28..7108, coefficients shape=(16, 2), sample_weights shape=(16,), zero_neighbor_targets=0
GRAB train batch 46: pair_ids shape=(16,), range=46..10530, coefficients shape=(16, 2), sample_weights shape=(16,), zero_neighbor_targets=0
GRAB train batch 47: pair_ids shape=(16,), range=14..10336, coefficients shape=(16, 2), sample_weights shape=(16,), zero_neighbor_targets=0
GRAB train batch 48: pair_ids shape=(16,), range=175..10925, coefficients shape=(16, 2), sample_weights shape=(16,), zero_neighbor_targets=0
GRAB train batch 49: pair_ids shape=(16,), range=6..9531, coefficients shape=(16, 2), sample_weights shape=(16,), zero_neighbor_targets=0
GRAB train batch 50: pair_ids shape=(16,), range=21..7103, coefficients shape=(16, 2), sample_weights shape=(16,), zero_neighbor_targets=0
GRAB train batch 51: pair_ids shape=(16,), range=22..8792, coefficients shape=(16, 2), sample_weights shape=(16,), zero_neighbor_targets=0
GRAB train batch 52: pair_ids shape=(16,), range=30..10308, coefficients shape=(16, 2), sample_weights shape=(16,), zero_neighbor_targets=0
GRAB train batch 53: pair_ids shape=(16,), range=257..10258, coefficients shape=(16, 2), sample_weights shape=(16,), zero_neighbor_targets=0
GRAB train batch 54: pair_ids shape=(16,), range=33..5601, coefficients shape=(16, 2), sample_weights shape=(16,), zero_neighbor_targets=0
GRAB train batch 55: pair_ids shape=(16,), range=5..3432, coefficients shape=(16, 2), sample_weights shape=(16,), zero_neighbor_targets=0
GRAB train batch 56: pair_ids shape=(16,), range=70..10222, coefficients shape=(16, 2), sample_weights shape=(16,), zero_neighbor_targets=0
GRAB train batch 57: pair_ids shape=(16,), range=39..9236, coefficients shape=(16, 2), sample_weights shape=(16,), zero_neighbor_targets=0
GRAB train batch 58: pair_ids shape=(16,), range=52..10435, coefficients shape=(16, 2), sample_weights shape=(16,), zero_neighbor_targets=0
GRAB train batch 59: pair_ids shape=(16,), range=240..10684, coefficients shape=(16, 2), sample_weights shape=(16,), zero_neighbor_targets=0
GRAB train batch 60: pair_ids shape=(16,), range=12..10611, coefficients shape=(16, 2), sample_weights shape=(16,), zero_neighbor_targets=0
GRAB train batch 61: pair_ids shape=(16,), range=266..10609, coefficients shape=(16, 2), sample_weights shape=(16,), zero_neighbor_targets=0
GRAB train batch 62: pair_ids shape=(16,), range=142..10733, coefficients shape=(16, 2), sample_weights shape=(16,), zero_neighbor_targets=0
GRAB train batch 63: pair_ids shape=(16,), range=105..10862, coefficients shape=(16, 2), sample_weights shape=(16,), zero_neighbor_targets=0
GRAB train batch 64: pair_ids shape=(16,), range=10..6866, coefficients shape=(16, 2), sample_weights shape=(16,), zero_neighbor_targets=0
GRAB train batch 65: pair_ids shape=(16,), range=160..10557, coefficients shape=(16, 2), sample_weights shape=(16,), zero_neighbor_targets=0
GRAB train batch 66: pair_ids shape=(16,), range=3..10141, coefficients shape=(16, 2), sample_weights shape=(16,), zero_neighbor_targets=0
GRAB train batch 67: pair_ids shape=(16,), range=67..10665, coefficients shape=(16, 2), sample_weights shape=(16,), zero_neighbor_targets=0
GRAB train batch 68: pair_ids shape=(10,), range=110..4469, coefficients shape=(10, 2), sample_weights shape=(10,), zero_neighbor_targets=0
VALIDATION
valid epoch balanced_accuracy: 0.515244
EPOCH 24:
GRAB train batch 1: pair_ids shape=(16,), range=29..10015, coefficients shape=(16, 2), sample_weights shape=(16,), zero_neighbor_targets=0
GRAB train batch 2: pair_ids shape=(16,), range=146..9883, coefficients shape=(16, 2), sample_weights shape=(16,), zero_neighbor_targets=0
GRAB train batch 3: pair_ids shape=(16,), range=42..10655, coefficients shape=(16, 2), sample_weights shape=(16,), zero_neighbor_targets=0
GRAB train batch 4: pair_ids shape=(16,), range=73..9754, coefficients shape=(16, 2), sample_weights shape=(16,), zero_neighbor_targets=0
GRAB train batch 5: pair_ids shape=(16,), range=54..8088, coefficients shape=(16, 2), sample_weights shape=(16,), zero_neighbor_targets=0
GRAB train batch 6: pair_ids shape=(16,), range=57..10352, coefficients shape=(16, 2), sample_weights shape=(16,), zero_neighbor_targets=0
GRAB train batch 7: pair_ids shape=(16,), range=121..10738, coefficients shape=(16, 2), sample_weights shape=(16,), zero_neighbor_targets=0
GRAB train batch 8: pair_ids shape=(16,), range=0..7753, coefficients shape=(16, 2), sample_weights shape=(16,), zero_neighbor_targets=0
GRAB train batch 9: pair_ids shape=(16,), range=126..10609, coefficients shape=(16, 2), sample_weights shape=(16,), zero_neighbor_targets=0
GRAB train batch 10: pair_ids shape=(16,), range=4..7755, coefficients shape=(16, 2), sample_weights shape=(16,), zero_neighbor_targets=0
GRAB train batch 11: pair_ids shape=(16,), range=41..10599, coefficients shape=(16, 2), sample_weights shape=(16,), zero_neighbor_targets=0
GRAB train batch 12: pair_ids shape=(16,), range=8..5034, coefficients shape=(16, 2), sample_weights shape=(16,), zero_neighbor_targets=0
GRAB train batch 13: pair_ids shape=(16,), range=9..8792, coefficients shape=(16, 2), sample_weights shape=(16,), zero_neighbor_targets=0
GRAB train batch 14: pair_ids shape=(16,), range=62..5501, coefficients shape=(16, 2), sample_weights shape=(16,), zero_neighbor_targets=0
GRAB train batch 15: pair_ids shape=(16,), range=66..10899, coefficients shape=(16, 2), sample_weights shape=(16,), zero_neighbor_targets=0
GRAB train batch 16: pair_ids shape=(16,), range=45..10530, coefficients shape=(16, 2), sample_weights shape=(16,), zero_neighbor_targets=0
GRAB train batch 17: pair_ids shape=(16,), range=17..9889, coefficients shape=(16, 2), sample_weights shape=(16,), zero_neighbor_targets=0
GRAB train batch 18: pair_ids shape=(16,), range=24..10567, coefficients shape=(16, 2), sample_weights shape=(16,), zero_neighbor_targets=0
GRAB train batch 19: pair_ids shape=(16,), range=10..9904, coefficients shape=(16, 2), sample_weights shape=(16,), zero_neighbor_targets=0
GRAB train batch 20: pair_ids shape=(16,), range=166..10867, coefficients shape=(16, 2), sample_weights shape=(16,), zero_neighbor_targets=0
GRAB train batch 21: pair_ids shape=(16,), range=137..10716, coefficients shape=(16, 2), sample_weights shape=(16,), zero_neighbor_targets=0
GRAB train batch 22: pair_ids shape=(16,), range=141..8060, coefficients shape=(16, 2), sample_weights shape=(16,), zero_neighbor_targets=0
GRAB train batch 23: pair_ids shape=(16,), range=97..7108, coefficients shape=(16, 2), sample_weights shape=(16,), zero_neighbor_targets=0
GRAB train batch 24: pair_ids shape=(16,), range=11..10373, coefficients shape=(16, 2), sample_weights shape=(16,), zero_neighbor_targets=0
GRAB train batch 25: pair_ids shape=(16,), range=5..9848, coefficients shape=(16, 2), sample_weights shape=(16,), zero_neighbor_targets=0
GRAB train batch 26: pair_ids shape=(16,), range=27..10007, coefficients shape=(16, 2), sample_weights shape=(16,), zero_neighbor_targets=0
GRAB train batch 27: pair_ids shape=(16,), range=111..10472, coefficients shape=(16, 2), sample_weights shape=(16,), zero_neighbor_targets=0
GRAB train batch 28: pair_ids shape=(16,), range=37..10308, coefficients shape=(16, 2), sample_weights shape=(16,), zero_neighbor_targets=0
GRAB train batch 29: pair_ids shape=(16,), range=53..4628, coefficients shape=(16, 2), sample_weights shape=(16,), zero_neighbor_targets=0
GRAB train batch 30: pair_ids shape=(16,), range=101..10956, coefficients shape=(16, 2), sample_weights shape=(16,), zero_neighbor_targets=0
GRAB train batch 31: pair_ids shape=(16,), range=35..10498, coefficients shape=(16, 2), sample_weights shape=(16,), zero_neighbor_targets=0
GRAB train batch 32: pair_ids shape=(16,), range=30..10228, coefficients shape=(16, 2), sample_weights shape=(16,), zero_neighbor_targets=0
GRAB train batch 33: pair_ids shape=(16,), range=15..9652, coefficients shape=(16, 2), sample_weights shape=(16,), zero_neighbor_targets=0
GRAB train batch 34: pair_ids shape=(16,), range=147..10090, coefficients shape=(16, 2), sample_weights shape=(16,), zero_neighbor_targets=0
GRAB train batch 35: pair_ids shape=(16,), range=68..7873, coefficients shape=(16, 2), sample_weights shape=(16,), zero_neighbor_targets=0
GRAB train batch 36: pair_ids shape=(16,), range=120..9922, coefficients shape=(16, 2), sample_weights shape=(16,), zero_neighbor_targets=0
GRAB train batch 37: pair_ids shape=(16,), range=164..10862, coefficients shape=(16, 2), sample_weights shape=(16,), zero_neighbor_targets=0
GRAB train batch 38: pair_ids shape=(16,), range=2..9077, coefficients shape=(16, 2), sample_weights shape=(16,), zero_neighbor_targets=0
GRAB train batch 39: pair_ids shape=(16,), range=33..6980, coefficients shape=(16, 2), sample_weights shape=(16,), zero_neighbor_targets=0
GRAB train batch 40: pair_ids shape=(16,), range=3..9153, coefficients shape=(16, 2), sample_weights shape=(16,), zero_neighbor_targets=0
GRAB train batch 41: pair_ids shape=(16,), range=134..10665, coefficients shape=(16, 2), sample_weights shape=(16,), zero_neighbor_targets=0
GRAB train batch 42: pair_ids shape=(16,), range=156..9477, coefficients shape=(16, 2), sample_weights shape=(16,), zero_neighbor_targets=0
GRAB train batch 43: pair_ids shape=(16,), range=50..9573, coefficients shape=(16, 2), sample_weights shape=(16,), zero_neighbor_targets=0
GRAB train batch 44: pair_ids shape=(16,), range=21..10365, coefficients shape=(16, 2), sample_weights shape=(16,), zero_neighbor_targets=0
GRAB train batch 45: pair_ids shape=(16,), range=26..10222, coefficients shape=(16, 2), sample_weights shape=(16,), zero_neighbor_targets=0
GRAB train batch 46: pair_ids shape=(16,), range=6..10161, coefficients shape=(16, 2), sample_weights shape=(16,), zero_neighbor_targets=0
GRAB train batch 47: pair_ids shape=(16,), range=55..4871, coefficients shape=(16, 2), sample_weights shape=(16,), zero_neighbor_targets=0
GRAB train batch 48: pair_ids shape=(16,), range=1..7942, coefficients shape=(16, 2), sample_weights shape=(16,), zero_neighbor_targets=0
GRAB train batch 49: pair_ids shape=(16,), range=99..10918, coefficients shape=(16, 2), sample_weights shape=(16,), zero_neighbor_targets=0
GRAB train batch 50: pair_ids shape=(16,), range=39..10925, coefficients shape=(16, 2), sample_weights shape=(16,), zero_neighbor_targets=0
GRAB train batch 51: pair_ids shape=(16,), range=28..10935, coefficients shape=(16, 2), sample_weights shape=(16,), zero_neighbor_targets=0
GRAB train batch 52: pair_ids shape=(16,), range=168..10435, coefficients shape=(16, 2), sample_weights shape=(16,), zero_neighbor_targets=0
GRAB train batch 53: pair_ids shape=(16,), range=64..10557, coefficients shape=(16, 2), sample_weights shape=(16,), zero_neighbor_targets=0
GRAB train batch 54: pair_ids shape=(16,), range=23..10684, coefficients shape=(16, 2), sample_weights shape=(16,), zero_neighbor_targets=0
GRAB train batch 55: pair_ids shape=(16,), range=40..9171, coefficients shape=(16, 2), sample_weights shape=(16,), zero_neighbor_targets=0
GRAB train batch 56: pair_ids shape=(16,), range=34..5403, coefficients shape=(16, 2), sample_weights shape=(16,), zero_neighbor_targets=0
GRAB train batch 57: pair_ids shape=(16,), range=38..10064, coefficients shape=(16, 2), sample_weights shape=(16,), zero_neighbor_targets=0
GRAB train batch 58: pair_ids shape=(16,), range=300..9828, coefficients shape=(16, 2), sample_weights shape=(16,), zero_neighbor_targets=0
GRAB train batch 59: pair_ids shape=(16,), range=125..10735, coefficients shape=(16, 2), sample_weights shape=(16,), zero_neighbor_targets=0
GRAB train batch 60: pair_ids shape=(16,), range=14..4751, coefficients shape=(16, 2), sample_weights shape=(16,), zero_neighbor_targets=0
GRAB train batch 61: pair_ids shape=(16,), range=71..9785, coefficients shape=(16, 2), sample_weights shape=(16,), zero_neighbor_targets=0
GRAB train batch 62: pair_ids shape=(16,), range=32..7481, coefficients shape=(16, 2), sample_weights shape=(16,), zero_neighbor_targets=0
GRAB train batch 63: pair_ids shape=(16,), range=169..10404, coefficients shape=(16, 2), sample_weights shape=(16,), zero_neighbor_targets=0
GRAB train batch 64: pair_ids shape=(16,), range=142..10859, coefficients shape=(16, 2), sample_weights shape=(16,), zero_neighbor_targets=0
GRAB train batch 65: pair_ids shape=(16,), range=19..9957, coefficients shape=(16, 2), sample_weights shape=(16,), zero_neighbor_targets=0
GRAB train batch 66: pair_ids shape=(16,), range=16..10092, coefficients shape=(16, 2), sample_weights shape=(16,), zero_neighbor_targets=0
GRAB train batch 67: pair_ids shape=(16,), range=13..10733, coefficients shape=(16, 2), sample_weights shape=(16,), zero_neighbor_targets=0
GRAB train batch 68: pair_ids shape=(10,), range=22..10256, coefficients shape=(10, 2), sample_weights shape=(10,), zero_neighbor_targets=0
VALIDATION
valid epoch balanced_accuracy: 0.464800
EPOCH 25:
GRAB train batch 1: pair_ids shape=(16,), range=15..10222, coefficients shape=(16, 2), sample_weights shape=(16,), zero_neighbor_targets=0
GRAB train batch 2: pair_ids shape=(16,), range=14..7753, coefficients shape=(16, 2), sample_weights shape=(16,), zero_neighbor_targets=0
GRAB train batch 3: pair_ids shape=(16,), range=59..6943, coefficients shape=(16, 2), sample_weights shape=(16,), zero_neighbor_targets=0
GRAB train batch 4: pair_ids shape=(16,), range=100..10336, coefficients shape=(16, 2), sample_weights shape=(16,), zero_neighbor_targets=0
GRAB train batch 5: pair_ids shape=(16,), range=1..8933, coefficients shape=(16, 2), sample_weights shape=(16,), zero_neighbor_targets=0
GRAB train batch 6: pair_ids shape=(16,), range=17..9883, coefficients shape=(16, 2), sample_weights shape=(16,), zero_neighbor_targets=0
GRAB train batch 7: pair_ids shape=(16,), range=156..10655, coefficients shape=(16, 2), sample_weights shape=(16,), zero_neighbor_targets=0
GRAB train batch 8: pair_ids shape=(16,), range=124..10684, coefficients shape=(16, 2), sample_weights shape=(16,), zero_neighbor_targets=0
GRAB train batch 9: pair_ids shape=(16,), range=158..10228, coefficients shape=(16, 2), sample_weights shape=(16,), zero_neighbor_targets=0
GRAB train batch 10: pair_ids shape=(16,), range=61..10899, coefficients shape=(16, 2), sample_weights shape=(16,), zero_neighbor_targets=0
GRAB train batch 11: pair_ids shape=(16,), range=73..7517, coefficients shape=(16, 2), sample_weights shape=(16,), zero_neighbor_targets=0
GRAB train batch 12: pair_ids shape=(16,), range=2..10030, coefficients shape=(16, 2), sample_weights shape=(16,), zero_neighbor_targets=0
GRAB train batch 13: pair_ids shape=(16,), range=256..10161, coefficients shape=(16, 2), sample_weights shape=(16,), zero_neighbor_targets=0
GRAB train batch 14: pair_ids shape=(16,), range=34..7755, coefficients shape=(16, 2), sample_weights shape=(16,), zero_neighbor_targets=0
GRAB train batch 15: pair_ids shape=(16,), range=125..7033, coefficients shape=(16, 2), sample_weights shape=(16,), zero_neighbor_targets=0
GRAB train batch 16: pair_ids shape=(16,), range=40..10064, coefficients shape=(16, 2), sample_weights shape=(16,), zero_neighbor_targets=0
GRAB train batch 17: pair_ids shape=(16,), range=66..10867, coefficients shape=(16, 2), sample_weights shape=(16,), zero_neighbor_targets=0
GRAB train batch 18: pair_ids shape=(16,), range=31..10619, coefficients shape=(16, 2), sample_weights shape=(16,), zero_neighbor_targets=0
GRAB train batch 19: pair_ids shape=(16,), range=107..9587, coefficients shape=(16, 2), sample_weights shape=(16,), zero_neighbor_targets=0
GRAB train batch 20: pair_ids shape=(16,), range=144..10862, coefficients shape=(16, 2), sample_weights shape=(16,), zero_neighbor_targets=0
GRAB train batch 21: pair_ids shape=(16,), range=29..4292, coefficients shape=(16, 2), sample_weights shape=(16,), zero_neighbor_targets=0
GRAB train batch 22: pair_ids shape=(16,), range=143..10611, coefficients shape=(16, 2), sample_weights shape=(16,), zero_neighbor_targets=0
GRAB train batch 23: pair_ids shape=(16,), range=9..10935, coefficients shape=(16, 2), sample_weights shape=(16,), zero_neighbor_targets=0
GRAB train batch 24: pair_ids shape=(16,), range=52..10373, coefficients shape=(16, 2), sample_weights shape=(16,), zero_neighbor_targets=0
GRAB train batch 25: pair_ids shape=(16,), range=13..10404, coefficients shape=(16, 2), sample_weights shape=(16,), zero_neighbor_targets=0
GRAB train batch 26: pair_ids shape=(16,), range=130..7095, coefficients shape=(16, 2), sample_weights shape=(16,), zero_neighbor_targets=0
GRAB train batch 27: pair_ids shape=(16,), range=6..9848, coefficients shape=(16, 2), sample_weights shape=(16,), zero_neighbor_targets=0
GRAB train batch 28: pair_ids shape=(16,), range=230..7589, coefficients shape=(16, 2), sample_weights shape=(16,), zero_neighbor_targets=0
GRAB train batch 29: pair_ids shape=(16,), range=48..10918, coefficients shape=(16, 2), sample_weights shape=(16,), zero_neighbor_targets=0
GRAB train batch 30: pair_ids shape=(16,), range=43..10435, coefficients shape=(16, 2), sample_weights shape=(16,), zero_neighbor_targets=0
GRAB train batch 31: pair_ids shape=(16,), range=128..10733, coefficients shape=(16, 2), sample_weights shape=(16,), zero_neighbor_targets=0
GRAB train batch 32: pair_ids shape=(16,), range=26..8790, coefficients shape=(16, 2), sample_weights shape=(16,), zero_neighbor_targets=0
GRAB train batch 33: pair_ids shape=(16,), range=96..10859, coefficients shape=(16, 2), sample_weights shape=(16,), zero_neighbor_targets=0
GRAB train batch 34: pair_ids shape=(16,), range=122..10735, coefficients shape=(16, 2), sample_weights shape=(16,), zero_neighbor_targets=0
GRAB train batch 35: pair_ids shape=(16,), range=41..7924, coefficients shape=(16, 2), sample_weights shape=(16,), zero_neighbor_targets=0
GRAB train batch 36: pair_ids shape=(16,), range=20..10018, coefficients shape=(16, 2), sample_weights shape=(16,), zero_neighbor_targets=0
GRAB train batch 37: pair_ids shape=(16,), range=57..10258, coefficients shape=(16, 2), sample_weights shape=(16,), zero_neighbor_targets=0
GRAB train batch 38: pair_ids shape=(16,), range=22..9236, coefficients shape=(16, 2), sample_weights shape=(16,), zero_neighbor_targets=0
GRAB train batch 39: pair_ids shape=(16,), range=0..5421, coefficients shape=(16, 2), sample_weights shape=(16,), zero_neighbor_targets=0
GRAB train batch 40: pair_ids shape=(16,), range=7..2713, coefficients shape=(16, 2), sample_weights shape=(16,), zero_neighbor_targets=0
GRAB train batch 41: pair_ids shape=(16,), range=60..9573, coefficients shape=(16, 2), sample_weights shape=(16,), zero_neighbor_targets=0
GRAB train batch 42: pair_ids shape=(16,), range=62..10488, coefficients shape=(16, 2), sample_weights shape=(16,), zero_neighbor_targets=0
GRAB train batch 43: pair_ids shape=(16,), range=236..9922, coefficients shape=(16, 2), sample_weights shape=(16,), zero_neighbor_targets=0
GRAB train batch 44: pair_ids shape=(16,), range=42..7685, coefficients shape=(16, 2), sample_weights shape=(16,), zero_neighbor_targets=0
GRAB train batch 45: pair_ids shape=(16,), range=30..9324, coefficients shape=(16, 2), sample_weights shape=(16,), zero_neighbor_targets=0
GRAB train batch 46: pair_ids shape=(16,), range=5..9396, coefficients shape=(16, 2), sample_weights shape=(16,), zero_neighbor_targets=0
GRAB train batch 47: pair_ids shape=(16,), range=12..10956, coefficients shape=(16, 2), sample_weights shape=(16,), zero_neighbor_targets=0
GRAB train batch 48: pair_ids shape=(16,), range=16..10046, coefficients shape=(16, 2), sample_weights shape=(16,), zero_neighbor_targets=0
GRAB train batch 49: pair_ids shape=(16,), range=37..10599, coefficients shape=(16, 2), sample_weights shape=(16,), zero_neighbor_targets=0
GRAB train batch 50: pair_ids shape=(16,), range=173..10925, coefficients shape=(16, 2), sample_weights shape=(16,), zero_neighbor_targets=0
GRAB train batch 51: pair_ids shape=(16,), range=35..9624, coefficients shape=(16, 2), sample_weights shape=(16,), zero_neighbor_targets=0
GRAB train batch 52: pair_ids shape=(16,), range=49..9477, coefficients shape=(16, 2), sample_weights shape=(16,), zero_neighbor_targets=0
GRAB train batch 53: pair_ids shape=(16,), range=3..7758, coefficients shape=(16, 2), sample_weights shape=(16,), zero_neighbor_targets=0
GRAB train batch 54: pair_ids shape=(16,), range=11..8088, coefficients shape=(16, 2), sample_weights shape=(16,), zero_neighbor_targets=0
GRAB train batch 55: pair_ids shape=(16,), range=217..10716, coefficients shape=(16, 2), sample_weights shape=(16,), zero_neighbor_targets=0
GRAB train batch 56: pair_ids shape=(16,), range=24..7111, coefficients shape=(16, 2), sample_weights shape=(16,), zero_neighbor_targets=0
GRAB train batch 57: pair_ids shape=(16,), range=27..10665, coefficients shape=(16, 2), sample_weights shape=(16,), zero_neighbor_targets=0
GRAB train batch 58: pair_ids shape=(16,), range=55..7481, coefficients shape=(16, 2), sample_weights shape=(16,), zero_neighbor_targets=0
GRAB train batch 59: pair_ids shape=(16,), range=23..9110, coefficients shape=(16, 2), sample_weights shape=(16,), zero_neighbor_targets=0
GRAB train batch 60: pair_ids shape=(16,), range=18..9785, coefficients shape=(16, 2), sample_weights shape=(16,), zero_neighbor_targets=0
GRAB train batch 61: pair_ids shape=(16,), range=50..10015, coefficients shape=(16, 2), sample_weights shape=(16,), zero_neighbor_targets=0
GRAB train batch 62: pair_ids shape=(16,), range=108..10520, coefficients shape=(16, 2), sample_weights shape=(16,), zero_neighbor_targets=0
GRAB train batch 63: pair_ids shape=(16,), range=10..9331, coefficients shape=(16, 2), sample_weights shape=(16,), zero_neighbor_targets=0
GRAB train batch 64: pair_ids shape=(16,), range=98..10365, coefficients shape=(16, 2), sample_weights shape=(16,), zero_neighbor_targets=0
GRAB train batch 65: pair_ids shape=(16,), range=36..10738, coefficients shape=(16, 2), sample_weights shape=(16,), zero_neighbor_targets=0
GRAB train batch 66: pair_ids shape=(16,), range=38..10557, coefficients shape=(16, 2), sample_weights shape=(16,), zero_neighbor_targets=0
GRAB train batch 67: pair_ids shape=(16,), range=183..8005, coefficients shape=(16, 2), sample_weights shape=(16,), zero_neighbor_targets=0
GRAB train batch 68: pair_ids shape=(10,), range=220..9358, coefficients shape=(10, 2), sample_weights shape=(10,), zero_neighbor_targets=0
VALIDATION
valid epoch balanced_accuracy: 0.490854
EPOCH 26:
GRAB train batch 1: pair_ids shape=(16,), range=133..10007, coefficients shape=(16, 2), sample_weights shape=(16,), zero_neighbor_targets=0
GRAB train batch 2: pair_ids shape=(16,), range=121..10609, coefficients shape=(16, 2), sample_weights shape=(16,), zero_neighbor_targets=0
GRAB train batch 3: pair_ids shape=(16,), range=45..9652, coefficients shape=(16, 2), sample_weights shape=(16,), zero_neighbor_targets=0
GRAB train batch 4: pair_ids shape=(16,), range=22..9211, coefficients shape=(16, 2), sample_weights shape=(16,), zero_neighbor_targets=0
GRAB train batch 5: pair_ids shape=(16,), range=49..10530, coefficients shape=(16, 2), sample_weights shape=(16,), zero_neighbor_targets=0
GRAB train batch 6: pair_ids shape=(16,), range=51..9922, coefficients shape=(16, 2), sample_weights shape=(16,), zero_neighbor_targets=0
GRAB train batch 7: pair_ids shape=(16,), range=42..10599, coefficients shape=(16, 2), sample_weights shape=(16,), zero_neighbor_targets=0
GRAB train batch 8: pair_ids shape=(16,), range=8..9324, coefficients shape=(16, 2), sample_weights shape=(16,), zero_neighbor_targets=0
GRAB train batch 9: pair_ids shape=(16,), range=25..10308, coefficients shape=(16, 2), sample_weights shape=(16,), zero_neighbor_targets=0
GRAB train batch 10: pair_ids shape=(16,), range=143..10258, coefficients shape=(16, 2), sample_weights shape=(16,), zero_neighbor_targets=0
GRAB train batch 11: pair_ids shape=(16,), range=18..9208, coefficients shape=(16, 2), sample_weights shape=(16,), zero_neighbor_targets=0
GRAB train batch 12: pair_ids shape=(16,), range=2..10867, coefficients shape=(16, 2), sample_weights shape=(16,), zero_neighbor_targets=0
GRAB train batch 13: pair_ids shape=(16,), range=47..10365, coefficients shape=(16, 2), sample_weights shape=(16,), zero_neighbor_targets=0
GRAB train batch 14: pair_ids shape=(16,), range=270..7758, coefficients shape=(16, 2), sample_weights shape=(16,), zero_neighbor_targets=0
GRAB train batch 15: pair_ids shape=(16,), range=60..9548, coefficients shape=(16, 2), sample_weights shape=(16,), zero_neighbor_targets=0
GRAB train batch 16: pair_ids shape=(16,), range=40..10222, coefficients shape=(16, 2), sample_weights shape=(16,), zero_neighbor_targets=0
GRAB train batch 17: pair_ids shape=(16,), range=241..10733, coefficients shape=(16, 2), sample_weights shape=(16,), zero_neighbor_targets=0
GRAB train batch 18: pair_ids shape=(16,), range=239..10611, coefficients shape=(16, 2), sample_weights shape=(16,), zero_neighbor_targets=0
GRAB train batch 19: pair_ids shape=(16,), range=231..9962, coefficients shape=(16, 2), sample_weights shape=(16,), zero_neighbor_targets=0
GRAB train batch 20: pair_ids shape=(16,), range=64..9587, coefficients shape=(16, 2), sample_weights shape=(16,), zero_neighbor_targets=0
GRAB train batch 21: pair_ids shape=(16,), range=0..9072, coefficients shape=(16, 2), sample_weights shape=(16,), zero_neighbor_targets=0
GRAB train batch 22: pair_ids shape=(16,), range=118..8873, coefficients shape=(16, 2), sample_weights shape=(16,), zero_neighbor_targets=0
GRAB train batch 23: pair_ids shape=(16,), range=96..10274, coefficients shape=(16, 2), sample_weights shape=(16,), zero_neighbor_targets=0
GRAB train batch 24: pair_ids shape=(16,), range=134..10030, coefficients shape=(16, 2), sample_weights shape=(16,), zero_neighbor_targets=0
GRAB train batch 25: pair_ids shape=(16,), range=11..10935, coefficients shape=(16, 2), sample_weights shape=(16,), zero_neighbor_targets=0
GRAB train batch 26: pair_ids shape=(16,), range=1..10956, coefficients shape=(16, 2), sample_weights shape=(16,), zero_neighbor_targets=0
GRAB train batch 27: pair_ids shape=(16,), range=73..10735, coefficients shape=(16, 2), sample_weights shape=(16,), zero_neighbor_targets=0
GRAB train batch 28: pair_ids shape=(16,), range=110..10090, coefficients shape=(16, 2), sample_weights shape=(16,), zero_neighbor_targets=0
GRAB train batch 29: pair_ids shape=(16,), range=10..10557, coefficients shape=(16, 2), sample_weights shape=(16,), zero_neighbor_targets=0
GRAB train batch 30: pair_ids shape=(16,), range=36..5462, coefficients shape=(16, 2), sample_weights shape=(16,), zero_neighbor_targets=0
GRAB train batch 31: pair_ids shape=(16,), range=34..10520, coefficients shape=(16, 2), sample_weights shape=(16,), zero_neighbor_targets=0
GRAB train batch 32: pair_ids shape=(16,), range=296..10899, coefficients shape=(16, 2), sample_weights shape=(16,), zero_neighbor_targets=0
GRAB train batch 33: pair_ids shape=(16,), range=117..9396, coefficients shape=(16, 2), sample_weights shape=(16,), zero_neighbor_targets=0
GRAB train batch 34: pair_ids shape=(16,), range=137..10684, coefficients shape=(16, 2), sample_weights shape=(16,), zero_neighbor_targets=0
GRAB train batch 35: pair_ids shape=(16,), range=109..6942, coefficients shape=(16, 2), sample_weights shape=(16,), zero_neighbor_targets=0
GRAB train batch 36: pair_ids shape=(16,), range=54..10404, coefficients shape=(16, 2), sample_weights shape=(16,), zero_neighbor_targets=0
GRAB train batch 37: pair_ids shape=(16,), range=21..8045, coefficients shape=(16, 2), sample_weights shape=(16,), zero_neighbor_targets=0
GRAB train batch 38: pair_ids shape=(16,), range=33..9889, coefficients shape=(16, 2), sample_weights shape=(16,), zero_neighbor_targets=0
GRAB train batch 39: pair_ids shape=(16,), range=106..10336, coefficients shape=(16, 2), sample_weights shape=(16,), zero_neighbor_targets=0
GRAB train batch 40: pair_ids shape=(16,), range=3..10256, coefficients shape=(16, 2), sample_weights shape=(16,), zero_neighbor_targets=0
GRAB train batch 41: pair_ids shape=(16,), range=180..5596, coefficients shape=(16, 2), sample_weights shape=(16,), zero_neighbor_targets=0
GRAB train batch 42: pair_ids shape=(16,), range=23..10472, coefficients shape=(16, 2), sample_weights shape=(16,), zero_neighbor_targets=0
GRAB train batch 43: pair_ids shape=(16,), range=9..9671, coefficients shape=(16, 2), sample_weights shape=(16,), zero_neighbor_targets=0
GRAB train batch 44: pair_ids shape=(16,), range=128..9754, coefficients shape=(16, 2), sample_weights shape=(16,), zero_neighbor_targets=0
GRAB train batch 45: pair_ids shape=(16,), range=28..10738, coefficients shape=(16, 2), sample_weights shape=(16,), zero_neighbor_targets=0
GRAB train batch 46: pair_ids shape=(16,), range=68..9327, coefficients shape=(16, 2), sample_weights shape=(16,), zero_neighbor_targets=0
GRAB train batch 47: pair_ids shape=(16,), range=55..10619, coefficients shape=(16, 2), sample_weights shape=(16,), zero_neighbor_targets=0
GRAB train batch 48: pair_ids shape=(16,), range=66..9398, coefficients shape=(16, 2), sample_weights shape=(16,), zero_neighbor_targets=0
GRAB train batch 49: pair_ids shape=(16,), range=6..9331, coefficients shape=(16, 2), sample_weights shape=(16,), zero_neighbor_targets=0
GRAB train batch 50: pair_ids shape=(16,), range=41..10918, coefficients shape=(16, 2), sample_weights shape=(16,), zero_neighbor_targets=0
GRAB train batch 51: pair_ids shape=(16,), range=258..10716, coefficients shape=(16, 2), sample_weights shape=(16,), zero_neighbor_targets=0
GRAB train batch 52: pair_ids shape=(16,), range=153..5205, coefficients shape=(16, 2), sample_weights shape=(16,), zero_neighbor_targets=0
GRAB train batch 53: pair_ids shape=(16,), range=53..10665, coefficients shape=(16, 2), sample_weights shape=(16,), zero_neighbor_targets=0
GRAB train batch 54: pair_ids shape=(16,), range=161..10373, coefficients shape=(16, 2), sample_weights shape=(16,), zero_neighbor_targets=0
GRAB train batch 55: pair_ids shape=(16,), range=32..9124, coefficients shape=(16, 2), sample_weights shape=(16,), zero_neighbor_targets=0
GRAB train batch 56: pair_ids shape=(16,), range=7..10064, coefficients shape=(16, 2), sample_weights shape=(16,), zero_neighbor_targets=0
GRAB train batch 57: pair_ids shape=(16,), range=125..7685, coefficients shape=(16, 2), sample_weights shape=(16,), zero_neighbor_targets=0
GRAB train batch 58: pair_ids shape=(16,), range=50..10859, coefficients shape=(16, 2), sample_weights shape=(16,), zero_neighbor_targets=0
GRAB train batch 59: pair_ids shape=(16,), range=58..9949, coefficients shape=(16, 2), sample_weights shape=(16,), zero_neighbor_targets=0
GRAB train batch 60: pair_ids shape=(16,), range=27..4931, coefficients shape=(16, 2), sample_weights shape=(16,), zero_neighbor_targets=0
GRAB train batch 61: pair_ids shape=(16,), range=20..10655, coefficients shape=(16, 2), sample_weights shape=(16,), zero_neighbor_targets=0
GRAB train batch 62: pair_ids shape=(16,), range=37..7027, coefficients shape=(16, 2), sample_weights shape=(16,), zero_neighbor_targets=0
GRAB train batch 63: pair_ids shape=(16,), range=15..10498, coefficients shape=(16, 2), sample_weights shape=(16,), zero_neighbor_targets=0
GRAB train batch 64: pair_ids shape=(16,), range=16..9054, coefficients shape=(16, 2), sample_weights shape=(16,), zero_neighbor_targets=0
GRAB train batch 65: pair_ids shape=(16,), range=30..9670, coefficients shape=(16, 2), sample_weights shape=(16,), zero_neighbor_targets=0
GRAB train batch 66: pair_ids shape=(16,), range=43..10488, coefficients shape=(16, 2), sample_weights shape=(16,), zero_neighbor_targets=0
GRAB train batch 67: pair_ids shape=(16,), range=12..9828, coefficients shape=(16, 2), sample_weights shape=(16,), zero_neighbor_targets=0
GRAB train batch 68: pair_ids shape=(10,), range=65..10925, coefficients shape=(10, 2), sample_weights shape=(10,), zero_neighbor_targets=0
VALIDATION
valid epoch balanced_accuracy: 0.453437
EPOCH 27:
GRAB train batch 1: pair_ids shape=(16,), range=5..5095, coefficients shape=(16, 2), sample_weights shape=(16,), zero_neighbor_targets=0
GRAB train batch 2: pair_ids shape=(16,), range=11..10498, coefficients shape=(16, 2), sample_weights shape=(16,), zero_neighbor_targets=0
GRAB train batch 3: pair_ids shape=(16,), range=61..10655, coefficients shape=(16, 2), sample_weights shape=(16,), zero_neighbor_targets=0
GRAB train batch 4: pair_ids shape=(16,), range=30..7924, coefficients shape=(16, 2), sample_weights shape=(16,), zero_neighbor_targets=0
GRAB train batch 5: pair_ids shape=(16,), range=114..10258, coefficients shape=(16, 2), sample_weights shape=(16,), zero_neighbor_targets=0
GRAB train batch 6: pair_ids shape=(16,), range=72..10611, coefficients shape=(16, 2), sample_weights shape=(16,), zero_neighbor_targets=0
GRAB train batch 7: pair_ids shape=(16,), range=12..6980, coefficients shape=(16, 2), sample_weights shape=(16,), zero_neighbor_targets=0
GRAB train batch 8: pair_ids shape=(16,), range=10..10256, coefficients shape=(16, 2), sample_weights shape=(16,), zero_neighbor_targets=0
GRAB train batch 9: pair_ids shape=(16,), range=56..9904, coefficients shape=(16, 2), sample_weights shape=(16,), zero_neighbor_targets=0
GRAB train batch 10: pair_ids shape=(16,), range=218..9077, coefficients shape=(16, 2), sample_weights shape=(16,), zero_neighbor_targets=0
GRAB train batch 11: pair_ids shape=(16,), range=20..9962, coefficients shape=(16, 2), sample_weights shape=(16,), zero_neighbor_targets=0
GRAB train batch 12: pair_ids shape=(16,), range=4..10092, coefficients shape=(16, 2), sample_weights shape=(16,), zero_neighbor_targets=0
GRAB train batch 13: pair_ids shape=(16,), range=133..10609, coefficients shape=(16, 2), sample_weights shape=(16,), zero_neighbor_targets=0
GRAB train batch 14: pair_ids shape=(16,), range=22..10867, coefficients shape=(16, 2), sample_weights shape=(16,), zero_neighbor_targets=0
GRAB train batch 15: pair_ids shape=(16,), range=2..10665, coefficients shape=(16, 2), sample_weights shape=(16,), zero_neighbor_targets=0
GRAB train batch 16: pair_ids shape=(16,), range=36..10161, coefficients shape=(16, 2), sample_weights shape=(16,), zero_neighbor_targets=0
GRAB train batch 17: pair_ids shape=(16,), range=25..9128, coefficients shape=(16, 2), sample_weights shape=(16,), zero_neighbor_targets=0
GRAB train batch 18: pair_ids shape=(16,), range=6..10599, coefficients shape=(16, 2), sample_weights shape=(16,), zero_neighbor_targets=0
GRAB train batch 19: pair_ids shape=(16,), range=44..10738, coefficients shape=(16, 2), sample_weights shape=(16,), zero_neighbor_targets=0
GRAB train batch 20: pair_ids shape=(16,), range=142..10530, coefficients shape=(16, 2), sample_weights shape=(16,), zero_neighbor_targets=0
GRAB train batch 21: pair_ids shape=(16,), range=43..10308, coefficients shape=(16, 2), sample_weights shape=(16,), zero_neighbor_targets=0
GRAB train batch 22: pair_ids shape=(16,), range=1..10733, coefficients shape=(16, 2), sample_weights shape=(16,), zero_neighbor_targets=0
GRAB train batch 23: pair_ids shape=(16,), range=113..10918, coefficients shape=(16, 2), sample_weights shape=(16,), zero_neighbor_targets=0
GRAB train batch 24: pair_ids shape=(16,), range=27..10472, coefficients shape=(16, 2), sample_weights shape=(16,), zero_neighbor_targets=0
GRAB train batch 25: pair_ids shape=(16,), range=60..10567, coefficients shape=(16, 2), sample_weights shape=(16,), zero_neighbor_targets=0
GRAB train batch 26: pair_ids shape=(16,), range=225..7902, coefficients shape=(16, 2), sample_weights shape=(16,), zero_neighbor_targets=0
GRAB train batch 27: pair_ids shape=(16,), range=70..10015, coefficients shape=(16, 2), sample_weights shape=(16,), zero_neighbor_targets=0
GRAB train batch 28: pair_ids shape=(16,), range=59..8002, coefficients shape=(16, 2), sample_weights shape=(16,), zero_neighbor_targets=0
GRAB train batch 29: pair_ids shape=(16,), range=35..9548, coefficients shape=(16, 2), sample_weights shape=(16,), zero_neighbor_targets=0
GRAB train batch 30: pair_ids shape=(16,), range=7..7582, coefficients shape=(16, 2), sample_weights shape=(16,), zero_neighbor_targets=0
GRAB train batch 31: pair_ids shape=(16,), range=9..9619, coefficients shape=(16, 2), sample_weights shape=(16,), zero_neighbor_targets=0
GRAB train batch 32: pair_ids shape=(16,), range=57..4931, coefficients shape=(16, 2), sample_weights shape=(16,), zero_neighbor_targets=0
GRAB train batch 33: pair_ids shape=(16,), range=129..7911, coefficients shape=(16, 2), sample_weights shape=(16,), zero_neighbor_targets=0
GRAB train batch 34: pair_ids shape=(16,), range=156..10925, coefficients shape=(16, 2), sample_weights shape=(16,), zero_neighbor_targets=0
GRAB train batch 35: pair_ids shape=(16,), range=46..10336, coefficients shape=(16, 2), sample_weights shape=(16,), zero_neighbor_targets=0
GRAB train batch 36: pair_ids shape=(16,), range=100..10520, coefficients shape=(16, 2), sample_weights shape=(16,), zero_neighbor_targets=0
GRAB train batch 37: pair_ids shape=(16,), range=16..8028, coefficients shape=(16, 2), sample_weights shape=(16,), zero_neighbor_targets=0
GRAB train batch 38: pair_ids shape=(16,), range=112..10365, coefficients shape=(16, 2), sample_weights shape=(16,), zero_neighbor_targets=0
GRAB train batch 39: pair_ids shape=(16,), range=8..10488, coefficients shape=(16, 2), sample_weights shape=(16,), zero_neighbor_targets=0
GRAB train batch 40: pair_ids shape=(16,), range=0..3114, coefficients shape=(16, 2), sample_weights shape=(16,), zero_neighbor_targets=0
GRAB train batch 41: pair_ids shape=(16,), range=160..10435, coefficients shape=(16, 2), sample_weights shape=(16,), zero_neighbor_targets=0
GRAB train batch 42: pair_ids shape=(16,), range=125..10004, coefficients shape=(16, 2), sample_weights shape=(16,), zero_neighbor_targets=0
GRAB train batch 43: pair_ids shape=(16,), range=163..9124, coefficients shape=(16, 2), sample_weights shape=(16,), zero_neighbor_targets=0
GRAB train batch 44: pair_ids shape=(16,), range=19..10373, coefficients shape=(16, 2), sample_weights shape=(16,), zero_neighbor_targets=0
GRAB train batch 45: pair_ids shape=(16,), range=118..9968, coefficients shape=(16, 2), sample_weights shape=(16,), zero_neighbor_targets=0
GRAB train batch 46: pair_ids shape=(16,), range=37..10141, coefficients shape=(16, 2), sample_weights shape=(16,), zero_neighbor_targets=0
GRAB train batch 47: pair_ids shape=(16,), range=99..10090, coefficients shape=(16, 2), sample_weights shape=(16,), zero_neighbor_targets=0
GRAB train batch 48: pair_ids shape=(16,), range=3..10956, coefficients shape=(16, 2), sample_weights shape=(16,), zero_neighbor_targets=0
GRAB train batch 49: pair_ids shape=(16,), range=58..10735, coefficients shape=(16, 2), sample_weights shape=(16,), zero_neighbor_targets=0
GRAB train batch 50: pair_ids shape=(16,), range=434..10859, coefficients shape=(16, 2), sample_weights shape=(16,), zero_neighbor_targets=0
GRAB train batch 51: pair_ids shape=(16,), range=13..10093, coefficients shape=(16, 2), sample_weights shape=(16,), zero_neighbor_targets=0
GRAB train batch 52: pair_ids shape=(16,), range=71..8088, coefficients shape=(16, 2), sample_weights shape=(16,), zero_neighbor_targets=0
GRAB train batch 53: pair_ids shape=(16,), range=23..10716, coefficients shape=(16, 2), sample_weights shape=(16,), zero_neighbor_targets=0
GRAB train batch 54: pair_ids shape=(16,), range=227..7481, coefficients shape=(16, 2), sample_weights shape=(16,), zero_neighbor_targets=0
GRAB train batch 55: pair_ids shape=(16,), range=244..9957, coefficients shape=(16, 2), sample_weights shape=(16,), zero_neighbor_targets=0
GRAB train batch 56: pair_ids shape=(16,), range=52..9637, coefficients shape=(16, 2), sample_weights shape=(16,), zero_neighbor_targets=0
GRAB train batch 57: pair_ids shape=(16,), range=278..10619, coefficients shape=(16, 2), sample_weights shape=(16,), zero_neighbor_targets=0
GRAB train batch 58: pair_ids shape=(16,), range=41..10352, coefficients shape=(16, 2), sample_weights shape=(16,), zero_neighbor_targets=0
GRAB train batch 59: pair_ids shape=(16,), range=146..9587, coefficients shape=(16, 2), sample_weights shape=(16,), zero_neighbor_targets=0
GRAB train batch 60: pair_ids shape=(16,), range=17..10862, coefficients shape=(16, 2), sample_weights shape=(16,), zero_neighbor_targets=0
GRAB train batch 61: pair_ids shape=(16,), range=135..9236, coefficients shape=(16, 2), sample_weights shape=(16,), zero_neighbor_targets=0
GRAB train batch 62: pair_ids shape=(16,), range=137..10935, coefficients shape=(16, 2), sample_weights shape=(16,), zero_neighbor_targets=0
GRAB train batch 63: pair_ids shape=(16,), range=105..7873, coefficients shape=(16, 2), sample_weights shape=(16,), zero_neighbor_targets=0
GRAB train batch 64: pair_ids shape=(16,), range=63..10899, coefficients shape=(16, 2), sample_weights shape=(16,), zero_neighbor_targets=0
GRAB train batch 65: pair_ids shape=(16,), range=34..10274, coefficients shape=(16, 2), sample_weights shape=(16,), zero_neighbor_targets=0
GRAB train batch 66: pair_ids shape=(16,), range=15..8045, coefficients shape=(16, 2), sample_weights shape=(16,), zero_neighbor_targets=0
GRAB train batch 67: pair_ids shape=(16,), range=147..10557, coefficients shape=(16, 2), sample_weights shape=(16,), zero_neighbor_targets=0
GRAB train batch 68: pair_ids shape=(10,), range=175..9648, coefficients shape=(10, 2), sample_weights shape=(10,), zero_neighbor_targets=0
VALIDATION
valid epoch balanced_accuracy: 0.508315
EPOCH 28:
GRAB train batch 1: pair_ids shape=(16,), range=15..10733, coefficients shape=(16, 2), sample_weights shape=(16,), zero_neighbor_targets=0
GRAB train batch 2: pair_ids shape=(16,), range=38..9398, coefficients shape=(16, 2), sample_weights shape=(16,), zero_neighbor_targets=0
GRAB train batch 3: pair_ids shape=(16,), range=0..10665, coefficients shape=(16, 2), sample_weights shape=(16,), zero_neighbor_targets=0
GRAB train batch 4: pair_ids shape=(16,), range=24..10684, coefficients shape=(16, 2), sample_weights shape=(16,), zero_neighbor_targets=0
GRAB train batch 5: pair_ids shape=(16,), range=41..9211, coefficients shape=(16, 2), sample_weights shape=(16,), zero_neighbor_targets=0
GRAB train batch 6: pair_ids shape=(16,), range=174..10498, coefficients shape=(16, 2), sample_weights shape=(16,), zero_neighbor_targets=0
GRAB train batch 7: pair_ids shape=(16,), range=262..7103, coefficients shape=(16, 2), sample_weights shape=(16,), zero_neighbor_targets=0
GRAB train batch 8: pair_ids shape=(16,), range=182..10935, coefficients shape=(16, 2), sample_weights shape=(16,), zero_neighbor_targets=0
GRAB train batch 9: pair_ids shape=(16,), range=14..10015, coefficients shape=(16, 2), sample_weights shape=(16,), zero_neighbor_targets=0
GRAB train batch 10: pair_ids shape=(16,), range=65..5309, coefficients shape=(16, 2), sample_weights shape=(16,), zero_neighbor_targets=0
GRAB train batch 11: pair_ids shape=(16,), range=124..10557, coefficients shape=(16, 2), sample_weights shape=(16,), zero_neighbor_targets=0
GRAB train batch 12: pair_ids shape=(16,), range=143..10619, coefficients shape=(16, 2), sample_weights shape=(16,), zero_neighbor_targets=0
GRAB train batch 13: pair_ids shape=(16,), range=36..10956, coefficients shape=(16, 2), sample_weights shape=(16,), zero_neighbor_targets=0
GRAB train batch 14: pair_ids shape=(16,), range=10..10007, coefficients shape=(16, 2), sample_weights shape=(16,), zero_neighbor_targets=0
GRAB train batch 15: pair_ids shape=(16,), range=51..10161, coefficients shape=(16, 2), sample_weights shape=(16,), zero_neighbor_targets=0
GRAB train batch 16: pair_ids shape=(16,), range=138..10862, coefficients shape=(16, 2), sample_weights shape=(16,), zero_neighbor_targets=0
GRAB train batch 17: pair_ids shape=(16,), range=3..10365, coefficients shape=(16, 2), sample_weights shape=(16,), zero_neighbor_targets=0
GRAB train batch 18: pair_ids shape=(16,), range=40..7855, coefficients shape=(16, 2), sample_weights shape=(16,), zero_neighbor_targets=0
GRAB train batch 19: pair_ids shape=(16,), range=35..10472, coefficients shape=(16, 2), sample_weights shape=(16,), zero_neighbor_targets=0
GRAB train batch 20: pair_ids shape=(16,), range=13..9324, coefficients shape=(16, 2), sample_weights shape=(16,), zero_neighbor_targets=0
GRAB train batch 21: pair_ids shape=(16,), range=32..10567, coefficients shape=(16, 2), sample_weights shape=(16,), zero_neighbor_targets=0
GRAB train batch 22: pair_ids shape=(16,), range=12..9124, coefficients shape=(16, 2), sample_weights shape=(16,), zero_neighbor_targets=0
GRAB train batch 23: pair_ids shape=(16,), range=104..10899, coefficients shape=(16, 2), sample_weights shape=(16,), zero_neighbor_targets=0
GRAB train batch 24: pair_ids shape=(16,), range=119..10925, coefficients shape=(16, 2), sample_weights shape=(16,), zero_neighbor_targets=0
GRAB train batch 25: pair_ids shape=(16,), range=123..9560, coefficients shape=(16, 2), sample_weights shape=(16,), zero_neighbor_targets=0
GRAB train batch 26: pair_ids shape=(16,), range=2..10867, coefficients shape=(16, 2), sample_weights shape=(16,), zero_neighbor_targets=0
GRAB train batch 27: pair_ids shape=(16,), range=11..10655, coefficients shape=(16, 2), sample_weights shape=(16,), zero_neighbor_targets=0
GRAB train batch 28: pair_ids shape=(16,), range=27..10228, coefficients shape=(16, 2), sample_weights shape=(16,), zero_neighbor_targets=0
GRAB train batch 29: pair_ids shape=(16,), range=55..9828, coefficients shape=(16, 2), sample_weights shape=(16,), zero_neighbor_targets=0
GRAB train batch 30: pair_ids shape=(16,), range=54..10918, coefficients shape=(16, 2), sample_weights shape=(16,), zero_neighbor_targets=0
GRAB train batch 31: pair_ids shape=(16,), range=142..9785, coefficients shape=(16, 2), sample_weights shape=(16,), zero_neighbor_targets=0
GRAB train batch 32: pair_ids shape=(16,), range=64..9808, coefficients shape=(16, 2), sample_weights shape=(16,), zero_neighbor_targets=0
GRAB train batch 33: pair_ids shape=(16,), range=458..10030, coefficients shape=(16, 2), sample_weights shape=(16,), zero_neighbor_targets=0
GRAB train batch 34: pair_ids shape=(16,), range=106..9754, coefficients shape=(16, 2), sample_weights shape=(16,), zero_neighbor_targets=0
GRAB train batch 35: pair_ids shape=(16,), range=7..9652, coefficients shape=(16, 2), sample_weights shape=(16,), zero_neighbor_targets=0
GRAB train batch 36: pair_ids shape=(16,), range=20..4577, coefficients shape=(16, 2), sample_weights shape=(16,), zero_neighbor_targets=0
GRAB train batch 37: pair_ids shape=(16,), range=156..9904, coefficients shape=(16, 2), sample_weights shape=(16,), zero_neighbor_targets=0
GRAB train batch 38: pair_ids shape=(16,), range=72..10336, coefficients shape=(16, 2), sample_weights shape=(16,), zero_neighbor_targets=0
GRAB train batch 39: pair_ids shape=(16,), range=25..10609, coefficients shape=(16, 2), sample_weights shape=(16,), zero_neighbor_targets=0
GRAB train batch 40: pair_ids shape=(16,), range=21..9110, coefficients shape=(16, 2), sample_weights shape=(16,), zero_neighbor_targets=0
GRAB train batch 41: pair_ids shape=(16,), range=17..10530, coefficients shape=(16, 2), sample_weights shape=(16,), zero_neighbor_targets=0
GRAB train batch 42: pair_ids shape=(16,), range=29..8088, coefficients shape=(16, 2), sample_weights shape=(16,), zero_neighbor_targets=0
GRAB train batch 43: pair_ids shape=(16,), range=30..8079, coefficients shape=(16, 2), sample_weights shape=(16,), zero_neighbor_targets=0
GRAB train batch 44: pair_ids shape=(16,), range=173..9670, coefficients shape=(16, 2), sample_weights shape=(16,), zero_neighbor_targets=0
GRAB train batch 45: pair_ids shape=(16,), range=162..4663, coefficients shape=(16, 2), sample_weights shape=(16,), zero_neighbor_targets=0
GRAB train batch 46: pair_ids shape=(16,), range=22..6980, coefficients shape=(16, 2), sample_weights shape=(16,), zero_neighbor_targets=0
GRAB train batch 47: pair_ids shape=(16,), range=23..8873, coefficients shape=(16, 2), sample_weights shape=(16,), zero_neighbor_targets=0
GRAB train batch 48: pair_ids shape=(16,), range=9..10611, coefficients shape=(16, 2), sample_weights shape=(16,), zero_neighbor_targets=0
GRAB train batch 49: pair_ids shape=(16,), range=8..10373, coefficients shape=(16, 2), sample_weights shape=(16,), zero_neighbor_targets=0
GRAB train batch 50: pair_ids shape=(16,), range=57..8933, coefficients shape=(16, 2), sample_weights shape=(16,), zero_neighbor_targets=0
GRAB train batch 51: pair_ids shape=(16,), range=139..10488, coefficients shape=(16, 2), sample_weights shape=(16,), zero_neighbor_targets=0
GRAB train batch 52: pair_ids shape=(16,), range=43..10092, coefficients shape=(16, 2), sample_weights shape=(16,), zero_neighbor_targets=0
GRAB train batch 53: pair_ids shape=(16,), range=144..10274, coefficients shape=(16, 2), sample_weights shape=(16,), zero_neighbor_targets=0
GRAB train batch 54: pair_ids shape=(16,), range=37..8060, coefficients shape=(16, 2), sample_weights shape=(16,), zero_neighbor_targets=0
GRAB train batch 55: pair_ids shape=(16,), range=59..10352, coefficients shape=(16, 2), sample_weights shape=(16,), zero_neighbor_targets=0
GRAB train batch 56: pair_ids shape=(16,), range=117..10735, coefficients shape=(16, 2), sample_weights shape=(16,), zero_neighbor_targets=0
GRAB train batch 57: pair_ids shape=(16,), range=5..9889, coefficients shape=(16, 2), sample_weights shape=(16,), zero_neighbor_targets=0
GRAB train batch 58: pair_ids shape=(16,), range=31..10258, coefficients shape=(16, 2), sample_weights shape=(16,), zero_neighbor_targets=0
GRAB train batch 59: pair_ids shape=(16,), range=114..10093, coefficients shape=(16, 2), sample_weights shape=(16,), zero_neighbor_targets=0
GRAB train batch 60: pair_ids shape=(16,), range=18..9957, coefficients shape=(16, 2), sample_weights shape=(16,), zero_neighbor_targets=0
GRAB train batch 61: pair_ids shape=(16,), range=69..10004, coefficients shape=(16, 2), sample_weights shape=(16,), zero_neighbor_targets=0
GRAB train batch 62: pair_ids shape=(16,), range=6..10222, coefficients shape=(16, 2), sample_weights shape=(16,), zero_neighbor_targets=0
GRAB train batch 63: pair_ids shape=(16,), range=16..10716, coefficients shape=(16, 2), sample_weights shape=(16,), zero_neighbor_targets=0
GRAB train batch 64: pair_ids shape=(16,), range=4..5335, coefficients shape=(16, 2), sample_weights shape=(16,), zero_neighbor_targets=0
GRAB train batch 65: pair_ids shape=(16,), range=1..10520, coefficients shape=(16, 2), sample_weights shape=(16,), zero_neighbor_targets=0
GRAB train batch 66: pair_ids shape=(16,), range=42..10738, coefficients shape=(16, 2), sample_weights shape=(16,), zero_neighbor_targets=0
GRAB train batch 67: pair_ids shape=(16,), range=34..7753, coefficients shape=(16, 2), sample_weights shape=(16,), zero_neighbor_targets=0
GRAB train batch 68: pair_ids shape=(10,), range=56..9573, coefficients shape=(10, 2), sample_weights shape=(10,), zero_neighbor_targets=0
VALIDATION
valid epoch balanced_accuracy: 0.454545
EPOCH 29:
GRAB train batch 1: pair_ids shape=(16,), range=38..7902, coefficients shape=(16, 2), sample_weights shape=(16,), zero_neighbor_targets=0
GRAB train batch 2: pair_ids shape=(16,), range=268..5501, coefficients shape=(16, 2), sample_weights shape=(16,), zero_neighbor_targets=0
GRAB train batch 3: pair_ids shape=(16,), range=11..10935, coefficients shape=(16, 2), sample_weights shape=(16,), zero_neighbor_targets=0
GRAB train batch 4: pair_ids shape=(16,), range=235..10738, coefficients shape=(16, 2), sample_weights shape=(16,), zero_neighbor_targets=0
GRAB train batch 5: pair_ids shape=(16,), range=8..10665, coefficients shape=(16, 2), sample_weights shape=(16,), zero_neighbor_targets=0
GRAB train batch 6: pair_ids shape=(16,), range=46..9648, coefficients shape=(16, 2), sample_weights shape=(16,), zero_neighbor_targets=0
GRAB train batch 7: pair_ids shape=(16,), range=111..10716, coefficients shape=(16, 2), sample_weights shape=(16,), zero_neighbor_targets=0
GRAB train batch 8: pair_ids shape=(16,), range=58..7033, coefficients shape=(16, 2), sample_weights shape=(16,), zero_neighbor_targets=0
GRAB train batch 9: pair_ids shape=(16,), range=2..9883, coefficients shape=(16, 2), sample_weights shape=(16,), zero_neighbor_targets=0
GRAB train batch 10: pair_ids shape=(16,), range=7..10228, coefficients shape=(16, 2), sample_weights shape=(16,), zero_neighbor_targets=0
GRAB train batch 11: pair_ids shape=(16,), range=184..10308, coefficients shape=(16, 2), sample_weights shape=(16,), zero_neighbor_targets=0
GRAB train batch 12: pair_ids shape=(16,), range=5..10064, coefficients shape=(16, 2), sample_weights shape=(16,), zero_neighbor_targets=0
GRAB train batch 13: pair_ids shape=(16,), range=99..10859, coefficients shape=(16, 2), sample_weights shape=(16,), zero_neighbor_targets=0
GRAB train batch 14: pair_ids shape=(16,), range=27..10258, coefficients shape=(16, 2), sample_weights shape=(16,), zero_neighbor_targets=0
GRAB train batch 15: pair_ids shape=(16,), range=21..9889, coefficients shape=(16, 2), sample_weights shape=(16,), zero_neighbor_targets=0
GRAB train batch 16: pair_ids shape=(16,), range=62..10046, coefficients shape=(16, 2), sample_weights shape=(16,), zero_neighbor_targets=0
GRAB train batch 17: pair_ids shape=(16,), range=56..9072, coefficients shape=(16, 2), sample_weights shape=(16,), zero_neighbor_targets=0
GRAB train batch 18: pair_ids shape=(16,), range=43..10567, coefficients shape=(16, 2), sample_weights shape=(16,), zero_neighbor_targets=0
GRAB train batch 19: pair_ids shape=(16,), range=28..9968, coefficients shape=(16, 2), sample_weights shape=(16,), zero_neighbor_targets=0
GRAB train batch 20: pair_ids shape=(16,), range=57..10007, coefficients shape=(16, 2), sample_weights shape=(16,), zero_neighbor_targets=0
GRAB train batch 21: pair_ids shape=(16,), range=3..10611, coefficients shape=(16, 2), sample_weights shape=(16,), zero_neighbor_targets=0
GRAB train batch 22: pair_ids shape=(16,), range=9..7589, coefficients shape=(16, 2), sample_weights shape=(16,), zero_neighbor_targets=0
GRAB train batch 23: pair_ids shape=(16,), range=168..8792, coefficients shape=(16, 2), sample_weights shape=(16,), zero_neighbor_targets=0
GRAB train batch 24: pair_ids shape=(16,), range=96..10015, coefficients shape=(16, 2), sample_weights shape=(16,), zero_neighbor_targets=0
GRAB train batch 25: pair_ids shape=(16,), range=12..10735, coefficients shape=(16, 2), sample_weights shape=(16,), zero_neighbor_targets=0
GRAB train batch 26: pair_ids shape=(16,), range=70..8028, coefficients shape=(16, 2), sample_weights shape=(16,), zero_neighbor_targets=0
GRAB train batch 27: pair_ids shape=(16,), range=65..10956, coefficients shape=(16, 2), sample_weights shape=(16,), zero_neighbor_targets=0
GRAB train batch 28: pair_ids shape=(16,), range=100..5601, coefficients shape=(16, 2), sample_weights shape=(16,), zero_neighbor_targets=0
GRAB train batch 29: pair_ids shape=(16,), range=17..10141, coefficients shape=(16, 2), sample_weights shape=(16,), zero_neighbor_targets=0
GRAB train batch 30: pair_ids shape=(16,), range=4..7532, coefficients shape=(16, 2), sample_weights shape=(16,), zero_neighbor_targets=0
GRAB train batch 31: pair_ids shape=(16,), range=129..10619, coefficients shape=(16, 2), sample_weights shape=(16,), zero_neighbor_targets=0
GRAB train batch 32: pair_ids shape=(16,), range=52..8002, coefficients shape=(16, 2), sample_weights shape=(16,), zero_neighbor_targets=0
GRAB train batch 33: pair_ids shape=(16,), range=45..10557, coefficients shape=(16, 2), sample_weights shape=(16,), zero_neighbor_targets=0
GRAB train batch 34: pair_ids shape=(16,), range=22..9005, coefficients shape=(16, 2), sample_weights shape=(16,), zero_neighbor_targets=0
GRAB train batch 35: pair_ids shape=(16,), range=71..10733, coefficients shape=(16, 2), sample_weights shape=(16,), zero_neighbor_targets=0
GRAB train batch 36: pair_ids shape=(16,), range=26..10599, coefficients shape=(16, 2), sample_weights shape=(16,), zero_neighbor_targets=0
GRAB train batch 37: pair_ids shape=(16,), range=164..9754, coefficients shape=(16, 2), sample_weights shape=(16,), zero_neighbor_targets=0
GRAB train batch 38: pair_ids shape=(16,), range=40..9531, coefficients shape=(16, 2), sample_weights shape=(16,), zero_neighbor_targets=0
GRAB train batch 39: pair_ids shape=(16,), range=49..10256, coefficients shape=(16, 2), sample_weights shape=(16,), zero_neighbor_targets=0
GRAB train batch 40: pair_ids shape=(16,), range=182..9208, coefficients shape=(16, 2), sample_weights shape=(16,), zero_neighbor_targets=0
GRAB train batch 41: pair_ids shape=(16,), range=98..9922, coefficients shape=(16, 2), sample_weights shape=(16,), zero_neighbor_targets=0
GRAB train batch 42: pair_ids shape=(16,), range=119..10161, coefficients shape=(16, 2), sample_weights shape=(16,), zero_neighbor_targets=0
GRAB train batch 43: pair_ids shape=(16,), range=13..10925, coefficients shape=(16, 2), sample_weights shape=(16,), zero_neighbor_targets=0
GRAB train batch 44: pair_ids shape=(16,), range=47..10862, coefficients shape=(16, 2), sample_weights shape=(16,), zero_neighbor_targets=0
GRAB train batch 45: pair_ids shape=(16,), range=42..10373, coefficients shape=(16, 2), sample_weights shape=(16,), zero_neighbor_targets=0
GRAB train batch 46: pair_ids shape=(16,), range=67..10093, coefficients shape=(16, 2), sample_weights shape=(16,), zero_neighbor_targets=0
GRAB train batch 47: pair_ids shape=(16,), range=0..8045, coefficients shape=(16, 2), sample_weights shape=(16,), zero_neighbor_targets=0
GRAB train batch 48: pair_ids shape=(16,), range=18..10352, coefficients shape=(16, 2), sample_weights shape=(16,), zero_neighbor_targets=0
GRAB train batch 49: pair_ids shape=(16,), range=16..9828, coefficients shape=(16, 2), sample_weights shape=(16,), zero_neighbor_targets=0
GRAB train batch 50: pair_ids shape=(16,), range=19..9236, coefficients shape=(16, 2), sample_weights shape=(16,), zero_neighbor_targets=0
GRAB train batch 51: pair_ids shape=(16,), range=30..9398, coefficients shape=(16, 2), sample_weights shape=(16,), zero_neighbor_targets=0
GRAB train batch 52: pair_ids shape=(16,), range=1..9331, coefficients shape=(16, 2), sample_weights shape=(16,), zero_neighbor_targets=0
GRAB train batch 53: pair_ids shape=(16,), range=14..10899, coefficients shape=(16, 2), sample_weights shape=(16,), zero_neighbor_targets=0
GRAB train batch 54: pair_ids shape=(16,), range=55..10918, coefficients shape=(16, 2), sample_weights shape=(16,), zero_neighbor_targets=0
GRAB train batch 55: pair_ids shape=(16,), range=29..10090, coefficients shape=(16, 2), sample_weights shape=(16,), zero_neighbor_targets=0
GRAB train batch 56: pair_ids shape=(16,), range=105..9396, coefficients shape=(16, 2), sample_weights shape=(16,), zero_neighbor_targets=0
GRAB train batch 57: pair_ids shape=(16,), range=23..10435, coefficients shape=(16, 2), sample_weights shape=(16,), zero_neighbor_targets=0
GRAB train batch 58: pair_ids shape=(16,), range=227..9560, coefficients shape=(16, 2), sample_weights shape=(16,), zero_neighbor_targets=0
GRAB train batch 59: pair_ids shape=(16,), range=122..10867, coefficients shape=(16, 2), sample_weights shape=(16,), zero_neighbor_targets=0
GRAB train batch 60: pair_ids shape=(16,), range=393..10530, coefficients shape=(16, 2), sample_weights shape=(16,), zero_neighbor_targets=0
GRAB train batch 61: pair_ids shape=(16,), range=50..10520, coefficients shape=(16, 2), sample_weights shape=(16,), zero_neighbor_targets=0
GRAB train batch 62: pair_ids shape=(16,), range=48..10274, coefficients shape=(16, 2), sample_weights shape=(16,), zero_neighbor_targets=0
GRAB train batch 63: pair_ids shape=(16,), range=10..10655, coefficients shape=(16, 2), sample_weights shape=(16,), zero_neighbor_targets=0
GRAB train batch 64: pair_ids shape=(16,), range=41..7942, coefficients shape=(16, 2), sample_weights shape=(16,), zero_neighbor_targets=0
GRAB train batch 65: pair_ids shape=(16,), range=15..10336, coefficients shape=(16, 2), sample_weights shape=(16,), zero_neighbor_targets=0
GRAB train batch 66: pair_ids shape=(16,), range=108..8079, coefficients shape=(16, 2), sample_weights shape=(16,), zero_neighbor_targets=0
GRAB train batch 67: pair_ids shape=(16,), range=44..8810, coefficients shape=(16, 2), sample_weights shape=(16,), zero_neighbor_targets=0
GRAB train batch 68: pair_ids shape=(10,), range=218..7753, coefficients shape=(10, 2), sample_weights shape=(10,), zero_neighbor_targets=0
VALIDATION
valid epoch balanced_accuracy: 0.445676
EPOCH 30:
GRAB train batch 1: pair_ids shape=(16,), range=251..7598, coefficients shape=(16, 2), sample_weights shape=(16,), zero_neighbor_targets=0
GRAB train batch 2: pair_ids shape=(16,), range=145..10935, coefficients shape=(16, 2), sample_weights shape=(16,), zero_neighbor_targets=0
GRAB train batch 3: pair_ids shape=(16,), range=177..10092, coefficients shape=(16, 2), sample_weights shape=(16,), zero_neighbor_targets=0
GRAB train batch 4: pair_ids shape=(16,), range=100..7902, coefficients shape=(16, 2), sample_weights shape=(16,), zero_neighbor_targets=0
GRAB train batch 5: pair_ids shape=(16,), range=154..9531, coefficients shape=(16, 2), sample_weights shape=(16,), zero_neighbor_targets=0
GRAB train batch 6: pair_ids shape=(16,), range=275..10435, coefficients shape=(16, 2), sample_weights shape=(16,), zero_neighbor_targets=0
GRAB train batch 7: pair_ids shape=(16,), range=45..7578, coefficients shape=(16, 2), sample_weights shape=(16,), zero_neighbor_targets=0
GRAB train batch 8: pair_ids shape=(16,), range=116..10665, coefficients shape=(16, 2), sample_weights shape=(16,), zero_neighbor_targets=0
GRAB train batch 9: pair_ids shape=(16,), range=24..8933, coefficients shape=(16, 2), sample_weights shape=(16,), zero_neighbor_targets=0
GRAB train batch 10: pair_ids shape=(16,), range=26..10520, coefficients shape=(16, 2), sample_weights shape=(16,), zero_neighbor_targets=0
GRAB train batch 11: pair_ids shape=(16,), range=50..9573, coefficients shape=(16, 2), sample_weights shape=(16,), zero_neighbor_targets=0
GRAB train batch 12: pair_ids shape=(16,), range=268..10859, coefficients shape=(16, 2), sample_weights shape=(16,), zero_neighbor_targets=0
GRAB train batch 13: pair_ids shape=(16,), range=25..9477, coefficients shape=(16, 2), sample_weights shape=(16,), zero_neighbor_targets=0
GRAB train batch 14: pair_ids shape=(16,), range=129..9808, coefficients shape=(16, 2), sample_weights shape=(16,), zero_neighbor_targets=0
GRAB train batch 15: pair_ids shape=(16,), range=130..10599, coefficients shape=(16, 2), sample_weights shape=(16,), zero_neighbor_targets=0
GRAB train batch 16: pair_ids shape=(16,), range=15..9211, coefficients shape=(16, 2), sample_weights shape=(16,), zero_neighbor_targets=0
GRAB train batch 17: pair_ids shape=(16,), range=11..7582, coefficients shape=(16, 2), sample_weights shape=(16,), zero_neighbor_targets=0
GRAB train batch 18: pair_ids shape=(16,), range=21..7911, coefficients shape=(16, 2), sample_weights shape=(16,), zero_neighbor_targets=0
GRAB train batch 19: pair_ids shape=(16,), range=59..9785, coefficients shape=(16, 2), sample_weights shape=(16,), zero_neighbor_targets=0
GRAB train batch 20: pair_ids shape=(16,), range=30..5050, coefficients shape=(16, 2), sample_weights shape=(16,), zero_neighbor_targets=0
GRAB train batch 21: pair_ids shape=(16,), range=107..10925, coefficients shape=(16, 2), sample_weights shape=(16,), zero_neighbor_targets=0
GRAB train batch 22: pair_ids shape=(16,), range=32..10222, coefficients shape=(16, 2), sample_weights shape=(16,), zero_neighbor_targets=0
GRAB train batch 23: pair_ids shape=(16,), range=41..10308, coefficients shape=(16, 2), sample_weights shape=(16,), zero_neighbor_targets=0
GRAB train batch 24: pair_ids shape=(16,), range=3..8028, coefficients shape=(16, 2), sample_weights shape=(16,), zero_neighbor_targets=0
GRAB train batch 25: pair_ids shape=(16,), range=7..10735, coefficients shape=(16, 2), sample_weights shape=(16,), zero_neighbor_targets=0
GRAB train batch 26: pair_ids shape=(16,), range=13..10228, coefficients shape=(16, 2), sample_weights shape=(16,), zero_neighbor_targets=0
GRAB train batch 27: pair_ids shape=(16,), range=33..9949, coefficients shape=(16, 2), sample_weights shape=(16,), zero_neighbor_targets=0
GRAB train batch 28: pair_ids shape=(16,), range=58..9671, coefficients shape=(16, 2), sample_weights shape=(16,), zero_neighbor_targets=0
GRAB train batch 29: pair_ids shape=(16,), range=0..10899, coefficients shape=(16, 2), sample_weights shape=(16,), zero_neighbor_targets=0
GRAB train batch 30: pair_ids shape=(16,), range=122..10557, coefficients shape=(16, 2), sample_weights shape=(16,), zero_neighbor_targets=0
GRAB train batch 31: pair_ids shape=(16,), range=9..9358, coefficients shape=(16, 2), sample_weights shape=(16,), zero_neighbor_targets=0
GRAB train batch 32: pair_ids shape=(16,), range=65..9968, coefficients shape=(16, 2), sample_weights shape=(16,), zero_neighbor_targets=0
GRAB train batch 33: pair_ids shape=(16,), range=14..10738, coefficients shape=(16, 2), sample_weights shape=(16,), zero_neighbor_targets=0
GRAB train batch 34: pair_ids shape=(16,), range=19..10404, coefficients shape=(16, 2), sample_weights shape=(16,), zero_neighbor_targets=0
GRAB train batch 35: pair_ids shape=(16,), range=31..10862, coefficients shape=(16, 2), sample_weights shape=(16,), zero_neighbor_targets=0
GRAB train batch 36: pair_ids shape=(16,), range=228..4435, coefficients shape=(16, 2), sample_weights shape=(16,), zero_neighbor_targets=0
GRAB train batch 37: pair_ids shape=(16,), range=57..9828, coefficients shape=(16, 2), sample_weights shape=(16,), zero_neighbor_targets=0
GRAB train batch 38: pair_ids shape=(16,), range=2..10733, coefficients shape=(16, 2), sample_weights shape=(16,), zero_neighbor_targets=0
GRAB train batch 39: pair_ids shape=(16,), range=169..10093, coefficients shape=(16, 2), sample_weights shape=(16,), zero_neighbor_targets=0
GRAB train batch 40: pair_ids shape=(16,), range=6..9124, coefficients shape=(16, 2), sample_weights shape=(16,), zero_neighbor_targets=0
GRAB train batch 41: pair_ids shape=(16,), range=10..10619, coefficients shape=(16, 2), sample_weights shape=(16,), zero_neighbor_targets=0
GRAB train batch 42: pair_ids shape=(16,), range=51..10655, coefficients shape=(16, 2), sample_weights shape=(16,), zero_neighbor_targets=0
GRAB train batch 43: pair_ids shape=(16,), range=23..8084, coefficients shape=(16, 2), sample_weights shape=(16,), zero_neighbor_targets=0
GRAB train batch 44: pair_ids shape=(16,), range=462..9396, coefficients shape=(16, 2), sample_weights shape=(16,), zero_neighbor_targets=0
GRAB train batch 45: pair_ids shape=(16,), range=162..10018, coefficients shape=(16, 2), sample_weights shape=(16,), zero_neighbor_targets=0
GRAB train batch 46: pair_ids shape=(16,), range=37..10472, coefficients shape=(16, 2), sample_weights shape=(16,), zero_neighbor_targets=0
GRAB train batch 47: pair_ids shape=(16,), range=1..7027, coefficients shape=(16, 2), sample_weights shape=(16,), zero_neighbor_targets=0
GRAB train batch 48: pair_ids shape=(16,), range=71..9444, coefficients shape=(16, 2), sample_weights shape=(16,), zero_neighbor_targets=0
GRAB train batch 49: pair_ids shape=(16,), range=136..10141, coefficients shape=(16, 2), sample_weights shape=(16,), zero_neighbor_targets=0
GRAB train batch 50: pair_ids shape=(16,), range=54..10352, coefficients shape=(16, 2), sample_weights shape=(16,), zero_neighbor_targets=0
GRAB train batch 51: pair_ids shape=(16,), range=42..10373, coefficients shape=(16, 2), sample_weights shape=(16,), zero_neighbor_targets=0
GRAB train batch 52: pair_ids shape=(16,), range=27..9398, coefficients shape=(16, 2), sample_weights shape=(16,), zero_neighbor_targets=0
GRAB train batch 53: pair_ids shape=(16,), range=22..9652, coefficients shape=(16, 2), sample_weights shape=(16,), zero_neighbor_targets=0
GRAB train batch 54: pair_ids shape=(16,), range=262..10716, coefficients shape=(16, 2), sample_weights shape=(16,), zero_neighbor_targets=0
GRAB train batch 55: pair_ids shape=(16,), range=43..9171, coefficients shape=(16, 2), sample_weights shape=(16,), zero_neighbor_targets=0
GRAB train batch 56: pair_ids shape=(16,), range=5..9962, coefficients shape=(16, 2), sample_weights shape=(16,), zero_neighbor_targets=0
GRAB train batch 57: pair_ids shape=(16,), range=113..9922, coefficients shape=(16, 2), sample_weights shape=(16,), zero_neighbor_targets=0
GRAB train batch 58: pair_ids shape=(16,), range=188..8790, coefficients shape=(16, 2), sample_weights shape=(16,), zero_neighbor_targets=0
GRAB train batch 59: pair_ids shape=(16,), range=8..9848, coefficients shape=(16, 2), sample_weights shape=(16,), zero_neighbor_targets=0
GRAB train batch 60: pair_ids shape=(16,), range=46..7924, coefficients shape=(16, 2), sample_weights shape=(16,), zero_neighbor_targets=0
GRAB train batch 61: pair_ids shape=(16,), range=16..10867, coefficients shape=(16, 2), sample_weights shape=(16,), zero_neighbor_targets=0
GRAB train batch 62: pair_ids shape=(16,), range=12..8005, coefficients shape=(16, 2), sample_weights shape=(16,), zero_neighbor_targets=0
GRAB train batch 63: pair_ids shape=(16,), range=29..10918, coefficients shape=(16, 2), sample_weights shape=(16,), zero_neighbor_targets=0
GRAB train batch 64: pair_ids shape=(16,), range=35..10365, coefficients shape=(16, 2), sample_weights shape=(16,), zero_neighbor_targets=0
GRAB train batch 65: pair_ids shape=(16,), range=111..10956, coefficients shape=(16, 2), sample_weights shape=(16,), zero_neighbor_targets=0
GRAB train batch 66: pair_ids shape=(16,), range=4..10488, coefficients shape=(16, 2), sample_weights shape=(16,), zero_neighbor_targets=0
GRAB train batch 67: pair_ids shape=(16,), range=99..10684, coefficients shape=(16, 2), sample_weights shape=(16,), zero_neighbor_targets=0
GRAB train batch 68: pair_ids shape=(10,), range=127..10030, coefficients shape=(10, 2), sample_weights shape=(10,), zero_neighbor_targets=0
VALIDATION
valid epoch balanced_accuracy: 0.452605
EPOCH 31:
GRAB train batch 1: pair_ids shape=(16,), range=234..10557, coefficients shape=(16, 2), sample_weights shape=(16,), zero_neighbor_targets=0
GRAB train batch 2: pair_ids shape=(16,), range=6..10735, coefficients shape=(16, 2), sample_weights shape=(16,), zero_neighbor_targets=0
GRAB train batch 3: pair_ids shape=(16,), range=114..10352, coefficients shape=(16, 2), sample_weights shape=(16,), zero_neighbor_targets=0
GRAB train batch 4: pair_ids shape=(16,), range=1..10018, coefficients shape=(16, 2), sample_weights shape=(16,), zero_neighbor_targets=0
GRAB train batch 5: pair_ids shape=(16,), range=21..9968, coefficients shape=(16, 2), sample_weights shape=(16,), zero_neighbor_targets=0
GRAB train batch 6: pair_ids shape=(16,), range=136..9883, coefficients shape=(16, 2), sample_weights shape=(16,), zero_neighbor_targets=0
GRAB train batch 7: pair_ids shape=(16,), range=40..7924, coefficients shape=(16, 2), sample_weights shape=(16,), zero_neighbor_targets=0
GRAB train batch 8: pair_ids shape=(16,), range=54..5354, coefficients shape=(16, 2), sample_weights shape=(16,), zero_neighbor_targets=0
GRAB train batch 9: pair_ids shape=(16,), range=9..5643, coefficients shape=(16, 2), sample_weights shape=(16,), zero_neighbor_targets=0
GRAB train batch 10: pair_ids shape=(16,), range=23..10404, coefficients shape=(16, 2), sample_weights shape=(16,), zero_neighbor_targets=0
GRAB train batch 11: pair_ids shape=(16,), range=58..9828, coefficients shape=(16, 2), sample_weights shape=(16,), zero_neighbor_targets=0
GRAB train batch 12: pair_ids shape=(16,), range=11..4431, coefficients shape=(16, 2), sample_weights shape=(16,), zero_neighbor_targets=0
GRAB train batch 13: pair_ids shape=(16,), range=232..10030, coefficients shape=(16, 2), sample_weights shape=(16,), zero_neighbor_targets=0
GRAB train batch 14: pair_ids shape=(16,), range=158..2048, coefficients shape=(16, 2), sample_weights shape=(16,), zero_neighbor_targets=0
GRAB train batch 15: pair_ids shape=(16,), range=24..7578, coefficients shape=(16, 2), sample_weights shape=(16,), zero_neighbor_targets=0
GRAB train batch 16: pair_ids shape=(16,), range=56..9398, coefficients shape=(16, 2), sample_weights shape=(16,), zero_neighbor_targets=0
GRAB train batch 17: pair_ids shape=(16,), range=57..8079, coefficients shape=(16, 2), sample_weights shape=(16,), zero_neighbor_targets=0
GRAB train batch 18: pair_ids shape=(16,), range=97..10530, coefficients shape=(16, 2), sample_weights shape=(16,), zero_neighbor_targets=0
GRAB train batch 19: pair_ids shape=(16,), range=124..9358, coefficients shape=(16, 2), sample_weights shape=(16,), zero_neighbor_targets=0
GRAB train batch 20: pair_ids shape=(16,), range=4..10498, coefficients shape=(16, 2), sample_weights shape=(16,), zero_neighbor_targets=0
GRAB train batch 21: pair_ids shape=(16,), range=3..10619, coefficients shape=(16, 2), sample_weights shape=(16,), zero_neighbor_targets=0
GRAB train batch 22: pair_ids shape=(16,), range=15..10935, coefficients shape=(16, 2), sample_weights shape=(16,), zero_neighbor_targets=0
GRAB train batch 23: pair_ids shape=(16,), range=69..8060, coefficients shape=(16, 2), sample_weights shape=(16,), zero_neighbor_targets=0
GRAB train batch 24: pair_ids shape=(16,), range=31..9648, coefficients shape=(16, 2), sample_weights shape=(16,), zero_neighbor_targets=0
GRAB train batch 25: pair_ids shape=(16,), range=18..10733, coefficients shape=(16, 2), sample_weights shape=(16,), zero_neighbor_targets=0
GRAB train batch 26: pair_ids shape=(16,), range=2..10488, coefficients shape=(16, 2), sample_weights shape=(16,), zero_neighbor_targets=0
GRAB train batch 27: pair_ids shape=(16,), range=245..10599, coefficients shape=(16, 2), sample_weights shape=(16,), zero_neighbor_targets=0
GRAB train batch 28: pair_ids shape=(16,), range=27..10716, coefficients shape=(16, 2), sample_weights shape=(16,), zero_neighbor_targets=0
GRAB train batch 29: pair_ids shape=(16,), range=5..10308, coefficients shape=(16, 2), sample_weights shape=(16,), zero_neighbor_targets=0
GRAB train batch 30: pair_ids shape=(16,), range=49..10161, coefficients shape=(16, 2), sample_weights shape=(16,), zero_neighbor_targets=0
GRAB train batch 31: pair_ids shape=(16,), range=12..9957, coefficients shape=(16, 2), sample_weights shape=(16,), zero_neighbor_targets=0
GRAB train batch 32: pair_ids shape=(16,), range=106..10925, coefficients shape=(16, 2), sample_weights shape=(16,), zero_neighbor_targets=0
GRAB train batch 33: pair_ids shape=(16,), range=37..10090, coefficients shape=(16, 2), sample_weights shape=(16,), zero_neighbor_targets=0
GRAB train batch 34: pair_ids shape=(16,), range=33..10015, coefficients shape=(16, 2), sample_weights shape=(16,), zero_neighbor_targets=0
GRAB train batch 35: pair_ids shape=(16,), range=147..10665, coefficients shape=(16, 2), sample_weights shape=(16,), zero_neighbor_targets=0
GRAB train batch 36: pair_ids shape=(16,), range=20..7095, coefficients shape=(16, 2), sample_weights shape=(16,), zero_neighbor_targets=0
GRAB train batch 37: pair_ids shape=(16,), range=30..10859, coefficients shape=(16, 2), sample_weights shape=(16,), zero_neighbor_targets=0
GRAB train batch 38: pair_ids shape=(16,), range=134..9054, coefficients shape=(16, 2), sample_weights shape=(16,), zero_neighbor_targets=0
GRAB train batch 39: pair_ids shape=(16,), range=164..7002, coefficients shape=(16, 2), sample_weights shape=(16,), zero_neighbor_targets=0
GRAB train batch 40: pair_ids shape=(16,), range=0..10738, coefficients shape=(16, 2), sample_weights shape=(16,), zero_neighbor_targets=0
GRAB train batch 41: pair_ids shape=(16,), range=22..9922, coefficients shape=(16, 2), sample_weights shape=(16,), zero_neighbor_targets=0
GRAB train batch 42: pair_ids shape=(16,), range=189..10567, coefficients shape=(16, 2), sample_weights shape=(16,), zero_neighbor_targets=0
GRAB train batch 43: pair_ids shape=(16,), range=10..10228, coefficients shape=(16, 2), sample_weights shape=(16,), zero_neighbor_targets=0
GRAB train batch 44: pair_ids shape=(16,), range=98..7919, coefficients shape=(16, 2), sample_weights shape=(16,), zero_neighbor_targets=0
GRAB train batch 45: pair_ids shape=(16,), range=156..9005, coefficients shape=(16, 2), sample_weights shape=(16,), zero_neighbor_targets=0
GRAB train batch 46: pair_ids shape=(16,), range=66..10862, coefficients shape=(16, 2), sample_weights shape=(16,), zero_neighbor_targets=0
GRAB train batch 47: pair_ids shape=(16,), range=13..10655, coefficients shape=(16, 2), sample_weights shape=(16,), zero_neighbor_targets=0
GRAB train batch 48: pair_ids shape=(16,), range=62..10684, coefficients shape=(16, 2), sample_weights shape=(16,), zero_neighbor_targets=0
GRAB train batch 49: pair_ids shape=(16,), range=19..10141, coefficients shape=(16, 2), sample_weights shape=(16,), zero_neighbor_targets=0
GRAB train batch 50: pair_ids shape=(16,), range=133..9619, coefficients shape=(16, 2), sample_weights shape=(16,), zero_neighbor_targets=0
GRAB train batch 51: pair_ids shape=(16,), range=25..10611, coefficients shape=(16, 2), sample_weights shape=(16,), zero_neighbor_targets=0
GRAB train batch 52: pair_ids shape=(16,), range=330..9754, coefficients shape=(16, 2), sample_weights shape=(16,), zero_neighbor_targets=0
GRAB train batch 53: pair_ids shape=(16,), range=45..10867, coefficients shape=(16, 2), sample_weights shape=(16,), zero_neighbor_targets=0
GRAB train batch 54: pair_ids shape=(16,), range=50..9652, coefficients shape=(16, 2), sample_weights shape=(16,), zero_neighbor_targets=0
GRAB train batch 55: pair_ids shape=(16,), range=36..10365, coefficients shape=(16, 2), sample_weights shape=(16,), zero_neighbor_targets=0
GRAB train batch 56: pair_ids shape=(16,), range=32..4789, coefficients shape=(16, 2), sample_weights shape=(16,), zero_neighbor_targets=0
GRAB train batch 57: pair_ids shape=(16,), range=46..7027, coefficients shape=(16, 2), sample_weights shape=(16,), zero_neighbor_targets=0
GRAB train batch 58: pair_ids shape=(16,), range=116..7803, coefficients shape=(16, 2), sample_weights shape=(16,), zero_neighbor_targets=0
GRAB train batch 59: pair_ids shape=(16,), range=68..10918, coefficients shape=(16, 2), sample_weights shape=(16,), zero_neighbor_targets=0
GRAB train batch 60: pair_ids shape=(16,), range=16..8005, coefficients shape=(16, 2), sample_weights shape=(16,), zero_neighbor_targets=0
GRAB train batch 61: pair_ids shape=(16,), range=61..9548, coefficients shape=(16, 2), sample_weights shape=(16,), zero_neighbor_targets=0
GRAB train batch 62: pair_ids shape=(16,), range=163..8933, coefficients shape=(16, 2), sample_weights shape=(16,), zero_neighbor_targets=0
GRAB train batch 63: pair_ids shape=(16,), range=34..7582, coefficients shape=(16, 2), sample_weights shape=(16,), zero_neighbor_targets=0
GRAB train batch 64: pair_ids shape=(16,), range=44..9396, coefficients shape=(16, 2), sample_weights shape=(16,), zero_neighbor_targets=0
GRAB train batch 65: pair_ids shape=(16,), range=64..10956, coefficients shape=(16, 2), sample_weights shape=(16,), zero_neighbor_targets=0
GRAB train batch 66: pair_ids shape=(16,), range=29..9444, coefficients shape=(16, 2), sample_weights shape=(16,), zero_neighbor_targets=0
GRAB train batch 67: pair_ids shape=(16,), range=48..9573, coefficients shape=(16, 2), sample_weights shape=(16,), zero_neighbor_targets=0
GRAB train batch 68: pair_ids shape=(10,), range=177..9904, coefficients shape=(10, 2), sample_weights shape=(10,), zero_neighbor_targets=0
VALIDATION
valid epoch balanced_accuracy: 0.490022
EPOCH 32:
GRAB train batch 1: pair_ids shape=(16,), range=37..10435, coefficients shape=(16, 2), sample_weights shape=(16,), zero_neighbor_targets=0
GRAB train batch 2: pair_ids shape=(16,), range=101..9153, coefficients shape=(16, 2), sample_weights shape=(16,), zero_neighbor_targets=0
GRAB train batch 3: pair_ids shape=(16,), range=30..8005, coefficients shape=(16, 2), sample_weights shape=(16,), zero_neighbor_targets=0
GRAB train batch 4: pair_ids shape=(16,), range=7..9128, coefficients shape=(16, 2), sample_weights shape=(16,), zero_neighbor_targets=0
GRAB train batch 5: pair_ids shape=(16,), range=6..10161, coefficients shape=(16, 2), sample_weights shape=(16,), zero_neighbor_targets=0
GRAB train batch 6: pair_ids shape=(16,), range=1..10404, coefficients shape=(16, 2), sample_weights shape=(16,), zero_neighbor_targets=0
GRAB train batch 7: pair_ids shape=(16,), range=19..10228, coefficients shape=(16, 2), sample_weights shape=(16,), zero_neighbor_targets=0
GRAB train batch 8: pair_ids shape=(16,), range=69..10018, coefficients shape=(16, 2), sample_weights shape=(16,), zero_neighbor_targets=0
GRAB train batch 9: pair_ids shape=(16,), range=11..10735, coefficients shape=(16, 2), sample_weights shape=(16,), zero_neighbor_targets=0
GRAB train batch 10: pair_ids shape=(16,), range=104..10918, coefficients shape=(16, 2), sample_weights shape=(16,), zero_neighbor_targets=0
GRAB train batch 11: pair_ids shape=(16,), range=160..10365, coefficients shape=(16, 2), sample_weights shape=(16,), zero_neighbor_targets=0
GRAB train batch 12: pair_ids shape=(16,), range=10..10567, coefficients shape=(16, 2), sample_weights shape=(16,), zero_neighbor_targets=0
GRAB train batch 13: pair_ids shape=(16,), range=33..10530, coefficients shape=(16, 2), sample_weights shape=(16,), zero_neighbor_targets=0
GRAB train batch 14: pair_ids shape=(16,), range=281..10373, coefficients shape=(16, 2), sample_weights shape=(16,), zero_neighbor_targets=0
GRAB train batch 15: pair_ids shape=(16,), range=2..10611, coefficients shape=(16, 2), sample_weights shape=(16,), zero_neighbor_targets=0
GRAB train batch 16: pair_ids shape=(16,), range=15..9828, coefficients shape=(16, 2), sample_weights shape=(16,), zero_neighbor_targets=0
GRAB train batch 17: pair_ids shape=(16,), range=73..10274, coefficients shape=(16, 2), sample_weights shape=(16,), zero_neighbor_targets=0
GRAB train batch 18: pair_ids shape=(16,), range=66..9968, coefficients shape=(16, 2), sample_weights shape=(16,), zero_neighbor_targets=0
GRAB train batch 19: pair_ids shape=(16,), range=0..8045, coefficients shape=(16, 2), sample_weights shape=(16,), zero_neighbor_targets=0
GRAB train batch 20: pair_ids shape=(16,), range=53..10336, coefficients shape=(16, 2), sample_weights shape=(16,), zero_neighbor_targets=0
GRAB train batch 21: pair_ids shape=(16,), range=8..4906, coefficients shape=(16, 2), sample_weights shape=(16,), zero_neighbor_targets=0
GRAB train batch 22: pair_ids shape=(16,), range=67..5403, coefficients shape=(16, 2), sample_weights shape=(16,), zero_neighbor_targets=0
GRAB train batch 23: pair_ids shape=(16,), range=172..10619, coefficients shape=(16, 2), sample_weights shape=(16,), zero_neighbor_targets=0
GRAB train batch 24: pair_ids shape=(16,), range=44..9652, coefficients shape=(16, 2), sample_weights shape=(16,), zero_neighbor_targets=0
GRAB train batch 25: pair_ids shape=(16,), range=68..7108, coefficients shape=(16, 2), sample_weights shape=(16,), zero_neighbor_targets=0
GRAB train batch 26: pair_ids shape=(16,), range=145..10308, coefficients shape=(16, 2), sample_weights shape=(16,), zero_neighbor_targets=0
GRAB train batch 27: pair_ids shape=(16,), range=115..5614, coefficients shape=(16, 2), sample_weights shape=(16,), zero_neighbor_targets=0
GRAB train batch 28: pair_ids shape=(16,), range=54..9255, coefficients shape=(16, 2), sample_weights shape=(16,), zero_neighbor_targets=0
GRAB train batch 29: pair_ids shape=(16,), range=13..10258, coefficients shape=(16, 2), sample_weights shape=(16,), zero_neighbor_targets=0
GRAB train batch 30: pair_ids shape=(16,), range=21..2750, coefficients shape=(16, 2), sample_weights shape=(16,), zero_neighbor_targets=0
GRAB train batch 31: pair_ids shape=(16,), range=24..10004, coefficients shape=(16, 2), sample_weights shape=(16,), zero_neighbor_targets=0
GRAB train batch 32: pair_ids shape=(16,), range=159..5309, coefficients shape=(16, 2), sample_weights shape=(16,), zero_neighbor_targets=0
GRAB train batch 33: pair_ids shape=(16,), range=118..5141, coefficients shape=(16, 2), sample_weights shape=(16,), zero_neighbor_targets=0
GRAB train batch 34: pair_ids shape=(16,), range=108..10093, coefficients shape=(16, 2), sample_weights shape=(16,), zero_neighbor_targets=0
GRAB train batch 35: pair_ids shape=(16,), range=38..9957, coefficients shape=(16, 2), sample_weights shape=(16,), zero_neighbor_targets=0
GRAB train batch 36: pair_ids shape=(16,), range=271..10859, coefficients shape=(16, 2), sample_weights shape=(16,), zero_neighbor_targets=0
GRAB train batch 37: pair_ids shape=(16,), range=34..9560, coefficients shape=(16, 2), sample_weights shape=(16,), zero_neighbor_targets=0
GRAB train batch 38: pair_ids shape=(16,), range=129..10599, coefficients shape=(16, 2), sample_weights shape=(16,), zero_neighbor_targets=0
GRAB train batch 39: pair_ids shape=(16,), range=9..10498, coefficients shape=(16, 2), sample_weights shape=(16,), zero_neighbor_targets=0
GRAB train batch 40: pair_ids shape=(16,), range=64..10867, coefficients shape=(16, 2), sample_weights shape=(16,), zero_neighbor_targets=0
GRAB train batch 41: pair_ids shape=(16,), range=96..9922, coefficients shape=(16, 2), sample_weights shape=(16,), zero_neighbor_targets=0
GRAB train batch 42: pair_ids shape=(16,), range=12..10064, coefficients shape=(16, 2), sample_weights shape=(16,), zero_neighbor_targets=0
GRAB train batch 43: pair_ids shape=(16,), range=169..4937, coefficients shape=(16, 2), sample_weights shape=(16,), zero_neighbor_targets=0
GRAB train batch 44: pair_ids shape=(16,), range=46..10684, coefficients shape=(16, 2), sample_weights shape=(16,), zero_neighbor_targets=0
GRAB train batch 45: pair_ids shape=(16,), range=56..10738, coefficients shape=(16, 2), sample_weights shape=(16,), zero_neighbor_targets=0
GRAB train batch 46: pair_ids shape=(16,), range=16..9671, coefficients shape=(16, 2), sample_weights shape=(16,), zero_neighbor_targets=0
GRAB train batch 47: pair_ids shape=(16,), range=71..10655, coefficients shape=(16, 2), sample_weights shape=(16,), zero_neighbor_targets=0
GRAB train batch 48: pair_ids shape=(16,), range=49..8810, coefficients shape=(16, 2), sample_weights shape=(16,), zero_neighbor_targets=0
GRAB train batch 49: pair_ids shape=(16,), range=276..9949, coefficients shape=(16, 2), sample_weights shape=(16,), zero_neighbor_targets=0
GRAB train batch 50: pair_ids shape=(16,), range=137..3104, coefficients shape=(16, 2), sample_weights shape=(16,), zero_neighbor_targets=0
GRAB train batch 51: pair_ids shape=(16,), range=39..10665, coefficients shape=(16, 2), sample_weights shape=(16,), zero_neighbor_targets=0
GRAB train batch 52: pair_ids shape=(16,), range=14..10092, coefficients shape=(16, 2), sample_weights shape=(16,), zero_neighbor_targets=0
GRAB train batch 53: pair_ids shape=(16,), range=18..5055, coefficients shape=(16, 2), sample_weights shape=(16,), zero_neighbor_targets=0
GRAB train batch 54: pair_ids shape=(16,), range=59..7911, coefficients shape=(16, 2), sample_weights shape=(16,), zero_neighbor_targets=0
GRAB train batch 55: pair_ids shape=(16,), range=26..2783, coefficients shape=(16, 2), sample_weights shape=(16,), zero_neighbor_targets=0
GRAB train batch 56: pair_ids shape=(16,), range=5..10935, coefficients shape=(16, 2), sample_weights shape=(16,), zero_neighbor_targets=0
GRAB train batch 57: pair_ids shape=(16,), range=47..10956, coefficients shape=(16, 2), sample_weights shape=(16,), zero_neighbor_targets=0
GRAB train batch 58: pair_ids shape=(16,), range=106..10925, coefficients shape=(16, 2), sample_weights shape=(16,), zero_neighbor_targets=0
GRAB train batch 59: pair_ids shape=(16,), range=31..7103, coefficients shape=(16, 2), sample_weights shape=(16,), zero_neighbor_targets=0
GRAB train batch 60: pair_ids shape=(16,), range=3..10488, coefficients shape=(16, 2), sample_weights shape=(16,), zero_neighbor_targets=0
GRAB train batch 61: pair_ids shape=(16,), range=4..10733, coefficients shape=(16, 2), sample_weights shape=(16,), zero_neighbor_targets=0
GRAB train batch 62: pair_ids shape=(16,), range=51..7803, coefficients shape=(16, 2), sample_weights shape=(16,), zero_neighbor_targets=0
GRAB train batch 63: pair_ids shape=(16,), range=123..10862, coefficients shape=(16, 2), sample_weights shape=(16,), zero_neighbor_targets=0
GRAB train batch 64: pair_ids shape=(16,), range=113..9915, coefficients shape=(16, 2), sample_weights shape=(16,), zero_neighbor_targets=0
GRAB train batch 65: pair_ids shape=(16,), range=41..9670, coefficients shape=(16, 2), sample_weights shape=(16,), zero_neighbor_targets=0
GRAB train batch 66: pair_ids shape=(16,), range=98..10256, coefficients shape=(16, 2), sample_weights shape=(16,), zero_neighbor_targets=0
GRAB train batch 67: pair_ids shape=(16,), range=42..6884, coefficients shape=(16, 2), sample_weights shape=(16,), zero_neighbor_targets=0
GRAB train batch 68: pair_ids shape=(10,), range=17..9648, coefficients shape=(10, 2), sample_weights shape=(10,), zero_neighbor_targets=0
VALIDATION
valid epoch balanced_accuracy: 0.505543
EPOCH 33:
GRAB train batch 1: pair_ids shape=(16,), range=64..9949, coefficients shape=(16, 2), sample_weights shape=(16,), zero_neighbor_targets=0
GRAB train batch 2: pair_ids shape=(16,), range=97..9889, coefficients shape=(16, 2), sample_weights shape=(16,), zero_neighbor_targets=0
GRAB train batch 3: pair_ids shape=(16,), range=116..10918, coefficients shape=(16, 2), sample_weights shape=(16,), zero_neighbor_targets=0
GRAB train batch 4: pair_ids shape=(16,), range=16..10684, coefficients shape=(16, 2), sample_weights shape=(16,), zero_neighbor_targets=0
GRAB train batch 5: pair_ids shape=(16,), range=6..9904, coefficients shape=(16, 2), sample_weights shape=(16,), zero_neighbor_targets=0
GRAB train batch 6: pair_ids shape=(16,), range=28..8084, coefficients shape=(16, 2), sample_weights shape=(16,), zero_neighbor_targets=0
GRAB train batch 7: pair_ids shape=(16,), range=122..5084, coefficients shape=(16, 2), sample_weights shape=(16,), zero_neighbor_targets=0
GRAB train batch 8: pair_ids shape=(16,), range=7..10609, coefficients shape=(16, 2), sample_weights shape=(16,), zero_neighbor_targets=0
GRAB train batch 9: pair_ids shape=(16,), range=147..10092, coefficients shape=(16, 2), sample_weights shape=(16,), zero_neighbor_targets=0
GRAB train batch 10: pair_ids shape=(16,), range=31..6943, coefficients shape=(16, 2), sample_weights shape=(16,), zero_neighbor_targets=0
GRAB train batch 11: pair_ids shape=(16,), range=168..10498, coefficients shape=(16, 2), sample_weights shape=(16,), zero_neighbor_targets=0
GRAB train batch 12: pair_ids shape=(16,), range=25..8075, coefficients shape=(16, 2), sample_weights shape=(16,), zero_neighbor_targets=0
GRAB train batch 13: pair_ids shape=(16,), range=13..9531, coefficients shape=(16, 2), sample_weights shape=(16,), zero_neighbor_targets=0
GRAB train batch 14: pair_ids shape=(16,), range=2..10435, coefficients shape=(16, 2), sample_weights shape=(16,), zero_neighbor_targets=0
GRAB train batch 15: pair_ids shape=(16,), range=99..10472, coefficients shape=(16, 2), sample_weights shape=(16,), zero_neighbor_targets=0
GRAB train batch 16: pair_ids shape=(16,), range=323..10619, coefficients shape=(16, 2), sample_weights shape=(16,), zero_neighbor_targets=0
GRAB train batch 17: pair_ids shape=(16,), range=5..9171, coefficients shape=(16, 2), sample_weights shape=(16,), zero_neighbor_targets=0
GRAB train batch 18: pair_ids shape=(16,), range=65..9324, coefficients shape=(16, 2), sample_weights shape=(16,), zero_neighbor_targets=0
GRAB train batch 19: pair_ids shape=(16,), range=71..5496, coefficients shape=(16, 2), sample_weights shape=(16,), zero_neighbor_targets=0
GRAB train batch 20: pair_ids shape=(16,), range=8..9005, coefficients shape=(16, 2), sample_weights shape=(16,), zero_neighbor_targets=0
GRAB train batch 21: pair_ids shape=(16,), range=9..10004, coefficients shape=(16, 2), sample_weights shape=(16,), zero_neighbor_targets=0
GRAB train batch 22: pair_ids shape=(16,), range=11..9637, coefficients shape=(16, 2), sample_weights shape=(16,), zero_neighbor_targets=0
GRAB train batch 23: pair_ids shape=(16,), range=23..6866, coefficients shape=(16, 2), sample_weights shape=(16,), zero_neighbor_targets=0
GRAB train batch 24: pair_ids shape=(16,), range=4..10222, coefficients shape=(16, 2), sample_weights shape=(16,), zero_neighbor_targets=0
GRAB train batch 25: pair_ids shape=(16,), range=57..5391, coefficients shape=(16, 2), sample_weights shape=(16,), zero_neighbor_targets=0
GRAB train batch 26: pair_ids shape=(16,), range=138..5507, coefficients shape=(16, 2), sample_weights shape=(16,), zero_neighbor_targets=0
GRAB train batch 27: pair_ids shape=(16,), range=152..7753, coefficients shape=(16, 2), sample_weights shape=(16,), zero_neighbor_targets=0
GRAB train batch 28: pair_ids shape=(16,), range=59..10925, coefficients shape=(16, 2), sample_weights shape=(16,), zero_neighbor_targets=0
GRAB train batch 29: pair_ids shape=(16,), range=62..7911, coefficients shape=(16, 2), sample_weights shape=(16,), zero_neighbor_targets=0
GRAB train batch 30: pair_ids shape=(16,), range=33..9648, coefficients shape=(16, 2), sample_weights shape=(16,), zero_neighbor_targets=0
GRAB train batch 31: pair_ids shape=(16,), range=100..7942, coefficients shape=(16, 2), sample_weights shape=(16,), zero_neighbor_targets=0
GRAB train batch 32: pair_ids shape=(16,), range=0..9915, coefficients shape=(16, 2), sample_weights shape=(16,), zero_neighbor_targets=0
GRAB train batch 33: pair_ids shape=(16,), range=151..10274, coefficients shape=(16, 2), sample_weights shape=(16,), zero_neighbor_targets=0
GRAB train batch 34: pair_ids shape=(16,), range=49..10956, coefficients shape=(16, 2), sample_weights shape=(16,), zero_neighbor_targets=0
GRAB train batch 35: pair_ids shape=(16,), range=10..8088, coefficients shape=(16, 2), sample_weights shape=(16,), zero_neighbor_targets=0
GRAB train batch 36: pair_ids shape=(16,), range=20..4663, coefficients shape=(16, 2), sample_weights shape=(16,), zero_neighbor_targets=0
GRAB train batch 37: pair_ids shape=(16,), range=142..5614, coefficients shape=(16, 2), sample_weights shape=(16,), zero_neighbor_targets=0
GRAB train batch 38: pair_ids shape=(16,), range=51..10256, coefficients shape=(16, 2), sample_weights shape=(16,), zero_neighbor_targets=0
GRAB train batch 39: pair_ids shape=(16,), range=14..10935, coefficients shape=(16, 2), sample_weights shape=(16,), zero_neighbor_targets=0
GRAB train batch 40: pair_ids shape=(16,), range=129..10567, coefficients shape=(16, 2), sample_weights shape=(16,), zero_neighbor_targets=0
GRAB train batch 41: pair_ids shape=(16,), range=244..10899, coefficients shape=(16, 2), sample_weights shape=(16,), zero_neighbor_targets=0
GRAB train batch 42: pair_ids shape=(16,), range=18..10867, coefficients shape=(16, 2), sample_weights shape=(16,), zero_neighbor_targets=0
GRAB train batch 43: pair_ids shape=(16,), range=38..10064, coefficients shape=(16, 2), sample_weights shape=(16,), zero_neighbor_targets=0
GRAB train batch 44: pair_ids shape=(16,), range=42..9072, coefficients shape=(16, 2), sample_weights shape=(16,), zero_neighbor_targets=0
GRAB train batch 45: pair_ids shape=(16,), range=115..10735, coefficients shape=(16, 2), sample_weights shape=(16,), zero_neighbor_targets=0
GRAB train batch 46: pair_ids shape=(16,), range=108..10530, coefficients shape=(16, 2), sample_weights shape=(16,), zero_neighbor_targets=0
GRAB train batch 47: pair_ids shape=(16,), range=126..10015, coefficients shape=(16, 2), sample_weights shape=(16,), zero_neighbor_targets=0
GRAB train batch 48: pair_ids shape=(16,), range=48..10599, coefficients shape=(16, 2), sample_weights shape=(16,), zero_neighbor_targets=0
GRAB train batch 49: pair_ids shape=(16,), range=22..9962, coefficients shape=(16, 2), sample_weights shape=(16,), zero_neighbor_targets=0
GRAB train batch 50: pair_ids shape=(16,), range=1..10228, coefficients shape=(16, 2), sample_weights shape=(16,), zero_neighbor_targets=0
GRAB train batch 51: pair_ids shape=(16,), range=120..10733, coefficients shape=(16, 2), sample_weights shape=(16,), zero_neighbor_targets=0
GRAB train batch 52: pair_ids shape=(16,), range=47..10557, coefficients shape=(16, 2), sample_weights shape=(16,), zero_neighbor_targets=0
GRAB train batch 53: pair_ids shape=(16,), range=68..5241, coefficients shape=(16, 2), sample_weights shape=(16,), zero_neighbor_targets=0
GRAB train batch 54: pair_ids shape=(16,), range=114..10520, coefficients shape=(16, 2), sample_weights shape=(16,), zero_neighbor_targets=0
GRAB train batch 55: pair_ids shape=(16,), range=72..10030, coefficients shape=(16, 2), sample_weights shape=(16,), zero_neighbor_targets=0
GRAB train batch 56: pair_ids shape=(16,), range=60..9548, coefficients shape=(16, 2), sample_weights shape=(16,), zero_neighbor_targets=0
GRAB train batch 57: pair_ids shape=(16,), range=26..10365, coefficients shape=(16, 2), sample_weights shape=(16,), zero_neighbor_targets=0
GRAB train batch 58: pair_ids shape=(16,), range=41..10738, coefficients shape=(16, 2), sample_weights shape=(16,), zero_neighbor_targets=0
GRAB train batch 59: pair_ids shape=(16,), range=34..10404, coefficients shape=(16, 2), sample_weights shape=(16,), zero_neighbor_targets=0
GRAB train batch 60: pair_ids shape=(16,), range=17..9398, coefficients shape=(16, 2), sample_weights shape=(16,), zero_neighbor_targets=0
GRAB train batch 61: pair_ids shape=(16,), range=19..10655, coefficients shape=(16, 2), sample_weights shape=(16,), zero_neighbor_targets=0
GRAB train batch 62: pair_ids shape=(16,), range=45..10716, coefficients shape=(16, 2), sample_weights shape=(16,), zero_neighbor_targets=0
GRAB train batch 63: pair_ids shape=(16,), range=53..752, coefficients shape=(16, 2), sample_weights shape=(16,), zero_neighbor_targets=0
GRAB train batch 64: pair_ids shape=(16,), range=3..9652, coefficients shape=(16, 2), sample_weights shape=(16,), zero_neighbor_targets=0
GRAB train batch 65: pair_ids shape=(16,), range=15..10862, coefficients shape=(16, 2), sample_weights shape=(16,), zero_neighbor_targets=0
GRAB train batch 66: pair_ids shape=(16,), range=67..9670, coefficients shape=(16, 2), sample_weights shape=(16,), zero_neighbor_targets=0
GRAB train batch 67: pair_ids shape=(16,), range=37..9331, coefficients shape=(16, 2), sample_weights shape=(16,), zero_neighbor_targets=0
GRAB train batch 68: pair_ids shape=(10,), range=96..9128, coefficients shape=(10, 2), sample_weights shape=(10,), zero_neighbor_targets=0
VALIDATION
valid epoch balanced_accuracy: 0.468958
EPOCH 34:
GRAB train batch 1: pair_ids shape=(16,), range=155..10733, coefficients shape=(16, 2), sample_weights shape=(16,), zero_neighbor_targets=0
GRAB train batch 2: pair_ids shape=(16,), range=26..10352, coefficients shape=(16, 2), sample_weights shape=(16,), zero_neighbor_targets=0
GRAB train batch 3: pair_ids shape=(16,), range=34..10498, coefficients shape=(16, 2), sample_weights shape=(16,), zero_neighbor_targets=0
GRAB train batch 4: pair_ids shape=(16,), range=19..9904, coefficients shape=(16, 2), sample_weights shape=(16,), zero_neighbor_targets=0
GRAB train batch 5: pair_ids shape=(16,), range=29..10735, coefficients shape=(16, 2), sample_weights shape=(16,), zero_neighbor_targets=0
GRAB train batch 6: pair_ids shape=(16,), range=16..10918, coefficients shape=(16, 2), sample_weights shape=(16,), zero_neighbor_targets=0
GRAB train batch 7: pair_ids shape=(16,), range=1..10046, coefficients shape=(16, 2), sample_weights shape=(16,), zero_neighbor_targets=0
GRAB train batch 8: pair_ids shape=(16,), range=182..9785, coefficients shape=(16, 2), sample_weights shape=(16,), zero_neighbor_targets=0
GRAB train batch 9: pair_ids shape=(16,), range=61..10859, coefficients shape=(16, 2), sample_weights shape=(16,), zero_neighbor_targets=0
GRAB train batch 10: pair_ids shape=(16,), range=73..8079, coefficients shape=(16, 2), sample_weights shape=(16,), zero_neighbor_targets=0
GRAB train batch 11: pair_ids shape=(16,), range=67..9541, coefficients shape=(16, 2), sample_weights shape=(16,), zero_neighbor_targets=0
GRAB train batch 12: pair_ids shape=(16,), range=3..10228, coefficients shape=(16, 2), sample_weights shape=(16,), zero_neighbor_targets=0
GRAB train batch 13: pair_ids shape=(16,), range=33..10716, coefficients shape=(16, 2), sample_weights shape=(16,), zero_neighbor_targets=0
GRAB train batch 14: pair_ids shape=(16,), range=115..6943, coefficients shape=(16, 2), sample_weights shape=(16,), zero_neighbor_targets=0
GRAB train batch 15: pair_ids shape=(16,), range=48..2445, coefficients shape=(16, 2), sample_weights shape=(16,), zero_neighbor_targets=0
GRAB train batch 16: pair_ids shape=(16,), range=30..7924, coefficients shape=(16, 2), sample_weights shape=(16,), zero_neighbor_targets=0
GRAB train batch 17: pair_ids shape=(16,), range=42..7753, coefficients shape=(16, 2), sample_weights shape=(16,), zero_neighbor_targets=0
GRAB train batch 18: pair_ids shape=(16,), range=36..10256, coefficients shape=(16, 2), sample_weights shape=(16,), zero_neighbor_targets=0
GRAB train batch 19: pair_ids shape=(16,), range=7..10373, coefficients shape=(16, 2), sample_weights shape=(16,), zero_neighbor_targets=0
GRAB train batch 20: pair_ids shape=(16,), range=233..10935, coefficients shape=(16, 2), sample_weights shape=(16,), zero_neighbor_targets=0
GRAB train batch 21: pair_ids shape=(16,), range=17..10567, coefficients shape=(16, 2), sample_weights shape=(16,), zero_neighbor_targets=0
GRAB train batch 22: pair_ids shape=(16,), range=25..10557, coefficients shape=(16, 2), sample_weights shape=(16,), zero_neighbor_targets=0
GRAB train batch 23: pair_ids shape=(16,), range=21..7755, coefficients shape=(16, 2), sample_weights shape=(16,), zero_neighbor_targets=0
GRAB train batch 24: pair_ids shape=(16,), range=9..10899, coefficients shape=(16, 2), sample_weights shape=(16,), zero_neighbor_targets=0
GRAB train batch 25: pair_ids shape=(16,), range=121..10609, coefficients shape=(16, 2), sample_weights shape=(16,), zero_neighbor_targets=0
GRAB train batch 26: pair_ids shape=(16,), range=54..8028, coefficients shape=(16, 2), sample_weights shape=(16,), zero_neighbor_targets=0
GRAB train batch 27: pair_ids shape=(16,), range=32..9331, coefficients shape=(16, 2), sample_weights shape=(16,), zero_neighbor_targets=0
GRAB train batch 28: pair_ids shape=(16,), range=60..9968, coefficients shape=(16, 2), sample_weights shape=(16,), zero_neighbor_targets=0
GRAB train batch 29: pair_ids shape=(16,), range=56..10030, coefficients shape=(16, 2), sample_weights shape=(16,), zero_neighbor_targets=0
GRAB train batch 30: pair_ids shape=(16,), range=99..9889, coefficients shape=(16, 2), sample_weights shape=(16,), zero_neighbor_targets=0
GRAB train batch 31: pair_ids shape=(16,), range=127..10161, coefficients shape=(16, 2), sample_weights shape=(16,), zero_neighbor_targets=0
GRAB train batch 32: pair_ids shape=(16,), range=63..7803, coefficients shape=(16, 2), sample_weights shape=(16,), zero_neighbor_targets=0
GRAB train batch 33: pair_ids shape=(16,), range=18..4724, coefficients shape=(16, 2), sample_weights shape=(16,), zero_neighbor_targets=0
GRAB train batch 34: pair_ids shape=(16,), range=2..4931, coefficients shape=(16, 2), sample_weights shape=(16,), zero_neighbor_targets=0
GRAB train batch 35: pair_ids shape=(16,), range=107..10365, coefficients shape=(16, 2), sample_weights shape=(16,), zero_neighbor_targets=0
GRAB train batch 36: pair_ids shape=(16,), range=133..10655, coefficients shape=(16, 2), sample_weights shape=(16,), zero_neighbor_targets=0
GRAB train batch 37: pair_ids shape=(16,), range=163..10007, coefficients shape=(16, 2), sample_weights shape=(16,), zero_neighbor_targets=0
GRAB train batch 38: pair_ids shape=(16,), range=145..10738, coefficients shape=(16, 2), sample_weights shape=(16,), zero_neighbor_targets=0
GRAB train batch 39: pair_ids shape=(16,), range=96..9637, coefficients shape=(16, 2), sample_weights shape=(16,), zero_neighbor_targets=0
GRAB train batch 40: pair_ids shape=(16,), range=65..10619, coefficients shape=(16, 2), sample_weights shape=(16,), zero_neighbor_targets=0
GRAB train batch 41: pair_ids shape=(16,), range=47..10015, coefficients shape=(16, 2), sample_weights shape=(16,), zero_neighbor_targets=0
GRAB train batch 42: pair_ids shape=(16,), range=57..9652, coefficients shape=(16, 2), sample_weights shape=(16,), zero_neighbor_targets=0
GRAB train batch 43: pair_ids shape=(16,), range=31..10530, coefficients shape=(16, 2), sample_weights shape=(16,), zero_neighbor_targets=0
GRAB train batch 44: pair_ids shape=(16,), range=250..10611, coefficients shape=(16, 2), sample_weights shape=(16,), zero_neighbor_targets=0
GRAB train batch 45: pair_ids shape=(16,), range=130..9962, coefficients shape=(16, 2), sample_weights shape=(16,), zero_neighbor_targets=0
GRAB train batch 46: pair_ids shape=(16,), range=4..5061, coefficients shape=(16, 2), sample_weights shape=(16,), zero_neighbor_targets=0
GRAB train batch 47: pair_ids shape=(16,), range=52..7532, coefficients shape=(16, 2), sample_weights shape=(16,), zero_neighbor_targets=0
GRAB train batch 48: pair_ids shape=(16,), range=24..8810, coefficients shape=(16, 2), sample_weights shape=(16,), zero_neighbor_targets=0
GRAB train batch 49: pair_ids shape=(16,), range=243..9358, coefficients shape=(16, 2), sample_weights shape=(16,), zero_neighbor_targets=0
GRAB train batch 50: pair_ids shape=(16,), range=14..6866, coefficients shape=(16, 2), sample_weights shape=(16,), zero_neighbor_targets=0
GRAB train batch 51: pair_ids shape=(16,), range=6..10862, coefficients shape=(16, 2), sample_weights shape=(16,), zero_neighbor_targets=0
GRAB train batch 52: pair_ids shape=(16,), range=38..10435, coefficients shape=(16, 2), sample_weights shape=(16,), zero_neighbor_targets=0
GRAB train batch 53: pair_ids shape=(16,), range=110..10092, coefficients shape=(16, 2), sample_weights shape=(16,), zero_neighbor_targets=0
GRAB train batch 54: pair_ids shape=(16,), range=49..7895, coefficients shape=(16, 2), sample_weights shape=(16,), zero_neighbor_targets=0
GRAB train batch 55: pair_ids shape=(16,), range=41..9477, coefficients shape=(16, 2), sample_weights shape=(16,), zero_neighbor_targets=0
GRAB train batch 56: pair_ids shape=(16,), range=22..10274, coefficients shape=(16, 2), sample_weights shape=(16,), zero_neighbor_targets=0
GRAB train batch 57: pair_ids shape=(16,), range=15..10867, coefficients shape=(16, 2), sample_weights shape=(16,), zero_neighbor_targets=0
GRAB train batch 58: pair_ids shape=(16,), range=59..10018, coefficients shape=(16, 2), sample_weights shape=(16,), zero_neighbor_targets=0
GRAB train batch 59: pair_ids shape=(16,), range=139..9670, coefficients shape=(16, 2), sample_weights shape=(16,), zero_neighbor_targets=0
GRAB train batch 60: pair_ids shape=(16,), range=44..9922, coefficients shape=(16, 2), sample_weights shape=(16,), zero_neighbor_targets=0
GRAB train batch 61: pair_ids shape=(16,), range=160..10956, coefficients shape=(16, 2), sample_weights shape=(16,), zero_neighbor_targets=0
GRAB train batch 62: pair_ids shape=(16,), range=13..10488, coefficients shape=(16, 2), sample_weights shape=(16,), zero_neighbor_targets=0
GRAB train batch 63: pair_ids shape=(16,), range=12..10665, coefficients shape=(16, 2), sample_weights shape=(16,), zero_neighbor_targets=0
GRAB train batch 64: pair_ids shape=(16,), range=8..10684, coefficients shape=(16, 2), sample_weights shape=(16,), zero_neighbor_targets=0
GRAB train batch 65: pair_ids shape=(16,), range=11..9531, coefficients shape=(16, 2), sample_weights shape=(16,), zero_neighbor_targets=0
GRAB train batch 66: pair_ids shape=(16,), range=5..10925, coefficients shape=(16, 2), sample_weights shape=(16,), zero_neighbor_targets=0
GRAB train batch 67: pair_ids shape=(16,), range=0..9957, coefficients shape=(16, 2), sample_weights shape=(16,), zero_neighbor_targets=0
GRAB train batch 68: pair_ids shape=(10,), range=27..9398, coefficients shape=(10, 2), sample_weights shape=(10,), zero_neighbor_targets=0
VALIDATION
valid epoch balanced_accuracy: 0.486696
EPOCH 35:
GRAB train batch 1: pair_ids shape=(16,), range=120..9624, coefficients shape=(16, 2), sample_weights shape=(16,), zero_neighbor_targets=0
GRAB train batch 2: pair_ids shape=(16,), range=7..10046, coefficients shape=(16, 2), sample_weights shape=(16,), zero_neighbor_targets=0
GRAB train batch 3: pair_ids shape=(16,), range=43..10498, coefficients shape=(16, 2), sample_weights shape=(16,), zero_neighbor_targets=0
GRAB train batch 4: pair_ids shape=(16,), range=42..10256, coefficients shape=(16, 2), sample_weights shape=(16,), zero_neighbor_targets=0
GRAB train batch 5: pair_ids shape=(16,), range=37..7755, coefficients shape=(16, 2), sample_weights shape=(16,), zero_neighbor_targets=0
GRAB train batch 6: pair_ids shape=(16,), range=253..9541, coefficients shape=(16, 2), sample_weights shape=(16,), zero_neighbor_targets=0
GRAB train batch 7: pair_ids shape=(16,), range=140..7589, coefficients shape=(16, 2), sample_weights shape=(16,), zero_neighbor_targets=0
GRAB train batch 8: pair_ids shape=(16,), range=5..9883, coefficients shape=(16, 2), sample_weights shape=(16,), zero_neighbor_targets=0
GRAB train batch 9: pair_ids shape=(16,), range=59..3423, coefficients shape=(16, 2), sample_weights shape=(16,), zero_neighbor_targets=0
GRAB train batch 10: pair_ids shape=(16,), range=136..10308, coefficients shape=(16, 2), sample_weights shape=(16,), zero_neighbor_targets=0
GRAB train batch 11: pair_ids shape=(16,), range=25..5354, coefficients shape=(16, 2), sample_weights shape=(16,), zero_neighbor_targets=0
GRAB train batch 12: pair_ids shape=(16,), range=14..9922, coefficients shape=(16, 2), sample_weights shape=(16,), zero_neighbor_targets=0
GRAB train batch 13: pair_ids shape=(16,), range=6..8933, coefficients shape=(16, 2), sample_weights shape=(16,), zero_neighbor_targets=0
GRAB train batch 14: pair_ids shape=(16,), range=47..10918, coefficients shape=(16, 2), sample_weights shape=(16,), zero_neighbor_targets=0
GRAB train batch 15: pair_ids shape=(16,), range=29..9531, coefficients shape=(16, 2), sample_weights shape=(16,), zero_neighbor_targets=0
GRAB train batch 16: pair_ids shape=(16,), range=104..10862, coefficients shape=(16, 2), sample_weights shape=(16,), zero_neighbor_targets=0
GRAB train batch 17: pair_ids shape=(16,), range=48..9072, coefficients shape=(16, 2), sample_weights shape=(16,), zero_neighbor_targets=0
GRAB train batch 18: pair_ids shape=(16,), range=69..10609, coefficients shape=(16, 2), sample_weights shape=(16,), zero_neighbor_targets=0
GRAB train batch 19: pair_ids shape=(16,), range=2..10935, coefficients shape=(16, 2), sample_weights shape=(16,), zero_neighbor_targets=0
GRAB train batch 20: pair_ids shape=(16,), range=12..10352, coefficients shape=(16, 2), sample_weights shape=(16,), zero_neighbor_targets=0
GRAB train batch 21: pair_ids shape=(16,), range=115..7803, coefficients shape=(16, 2), sample_weights shape=(16,), zero_neighbor_targets=0
GRAB train batch 22: pair_ids shape=(16,), range=34..10859, coefficients shape=(16, 2), sample_weights shape=(16,), zero_neighbor_targets=0
GRAB train batch 23: pair_ids shape=(16,), range=358..7941, coefficients shape=(16, 2), sample_weights shape=(16,), zero_neighbor_targets=0
GRAB train batch 24: pair_ids shape=(16,), range=71..8810, coefficients shape=(16, 2), sample_weights shape=(16,), zero_neighbor_targets=0
GRAB train batch 25: pair_ids shape=(16,), range=96..5643, coefficients shape=(16, 2), sample_weights shape=(16,), zero_neighbor_targets=0
GRAB train batch 26: pair_ids shape=(16,), range=28..10738, coefficients shape=(16, 2), sample_weights shape=(16,), zero_neighbor_targets=0
GRAB train batch 27: pair_ids shape=(16,), range=23..10611, coefficients shape=(16, 2), sample_weights shape=(16,), zero_neighbor_targets=0
GRAB train batch 28: pair_ids shape=(16,), range=142..9560, coefficients shape=(16, 2), sample_weights shape=(16,), zero_neighbor_targets=0
GRAB train batch 29: pair_ids shape=(16,), range=108..10161, coefficients shape=(16, 2), sample_weights shape=(16,), zero_neighbor_targets=0
GRAB train batch 30: pair_ids shape=(16,), range=26..9648, coefficients shape=(16, 2), sample_weights shape=(16,), zero_neighbor_targets=0
GRAB train batch 31: pair_ids shape=(16,), range=24..7027, coefficients shape=(16, 2), sample_weights shape=(16,), zero_neighbor_targets=0
GRAB train batch 32: pair_ids shape=(16,), range=64..10899, coefficients shape=(16, 2), sample_weights shape=(16,), zero_neighbor_targets=0
GRAB train batch 33: pair_ids shape=(16,), range=35..10599, coefficients shape=(16, 2), sample_weights shape=(16,), zero_neighbor_targets=0
GRAB train batch 34: pair_ids shape=(16,), range=107..10064, coefficients shape=(16, 2), sample_weights shape=(16,), zero_neighbor_targets=0
GRAB train batch 35: pair_ids shape=(16,), range=131..10655, coefficients shape=(16, 2), sample_weights shape=(16,), zero_neighbor_targets=0
GRAB train batch 36: pair_ids shape=(16,), range=0..10530, coefficients shape=(16, 2), sample_weights shape=(16,), zero_neighbor_targets=0
GRAB train batch 37: pair_ids shape=(16,), range=116..10925, coefficients shape=(16, 2), sample_weights shape=(16,), zero_neighbor_targets=0
GRAB train batch 38: pair_ids shape=(16,), range=46..8790, coefficients shape=(16, 2), sample_weights shape=(16,), zero_neighbor_targets=0
GRAB train batch 39: pair_ids shape=(16,), range=17..9110, coefficients shape=(16, 2), sample_weights shape=(16,), zero_neighbor_targets=0
GRAB train batch 40: pair_ids shape=(16,), range=130..9005, coefficients shape=(16, 2), sample_weights shape=(16,), zero_neighbor_targets=0
GRAB train batch 41: pair_ids shape=(16,), range=66..10092, coefficients shape=(16, 2), sample_weights shape=(16,), zero_neighbor_targets=0
GRAB train batch 42: pair_ids shape=(16,), range=32..10141, coefficients shape=(16, 2), sample_weights shape=(16,), zero_neighbor_targets=0
GRAB train batch 43: pair_ids shape=(16,), range=58..10228, coefficients shape=(16, 2), sample_weights shape=(16,), zero_neighbor_targets=0
GRAB train batch 44: pair_ids shape=(16,), range=4..10336, coefficients shape=(16, 2), sample_weights shape=(16,), zero_neighbor_targets=0
GRAB train batch 45: pair_ids shape=(16,), range=49..10867, coefficients shape=(16, 2), sample_weights shape=(16,), zero_neighbor_targets=0
GRAB train batch 46: pair_ids shape=(16,), range=16..10365, coefficients shape=(16, 2), sample_weights shape=(16,), zero_neighbor_targets=0
GRAB train batch 47: pair_ids shape=(16,), range=44..10956, coefficients shape=(16, 2), sample_weights shape=(16,), zero_neighbor_targets=0
GRAB train batch 48: pair_ids shape=(16,), range=13..10373, coefficients shape=(16, 2), sample_weights shape=(16,), zero_neighbor_targets=0
GRAB train batch 49: pair_ids shape=(16,), range=1..10733, coefficients shape=(16, 2), sample_weights shape=(16,), zero_neighbor_targets=0
GRAB train batch 50: pair_ids shape=(16,), range=98..10404, coefficients shape=(16, 2), sample_weights shape=(16,), zero_neighbor_targets=0
GRAB train batch 51: pair_ids shape=(16,), range=72..7549, coefficients shape=(16, 2), sample_weights shape=(16,), zero_neighbor_targets=0
GRAB train batch 52: pair_ids shape=(16,), range=19..10030, coefficients shape=(16, 2), sample_weights shape=(16,), zero_neighbor_targets=0
GRAB train batch 53: pair_ids shape=(16,), range=10..10258, coefficients shape=(16, 2), sample_weights shape=(16,), zero_neighbor_targets=0
GRAB train batch 54: pair_ids shape=(16,), range=33..9637, coefficients shape=(16, 2), sample_weights shape=(16,), zero_neighbor_targets=0
GRAB train batch 55: pair_ids shape=(16,), range=8..6867, coefficients shape=(16, 2), sample_weights shape=(16,), zero_neighbor_targets=0
GRAB train batch 56: pair_ids shape=(16,), range=15..7166, coefficients shape=(16, 2), sample_weights shape=(16,), zero_neighbor_targets=0
GRAB train batch 57: pair_ids shape=(16,), range=3..10716, coefficients shape=(16, 2), sample_weights shape=(16,), zero_neighbor_targets=0
GRAB train batch 58: pair_ids shape=(16,), range=128..9153, coefficients shape=(16, 2), sample_weights shape=(16,), zero_neighbor_targets=0
GRAB train batch 59: pair_ids shape=(16,), range=162..10488, coefficients shape=(16, 2), sample_weights shape=(16,), zero_neighbor_targets=0
GRAB train batch 60: pair_ids shape=(16,), range=244..9915, coefficients shape=(16, 2), sample_weights shape=(16,), zero_neighbor_targets=0
GRAB train batch 61: pair_ids shape=(16,), range=70..7942, coefficients shape=(16, 2), sample_weights shape=(16,), zero_neighbor_targets=0
GRAB train batch 62: pair_ids shape=(16,), range=45..10007, coefficients shape=(16, 2), sample_weights shape=(16,), zero_neighbor_targets=0
GRAB train batch 63: pair_ids shape=(16,), range=20..10093, coefficients shape=(16, 2), sample_weights shape=(16,), zero_neighbor_targets=0
GRAB train batch 64: pair_ids shape=(16,), range=67..9949, coefficients shape=(16, 2), sample_weights shape=(16,), zero_neighbor_targets=0
GRAB train batch 65: pair_ids shape=(16,), range=30..9962, coefficients shape=(16, 2), sample_weights shape=(16,), zero_neighbor_targets=0
GRAB train batch 66: pair_ids shape=(16,), range=21..10735, coefficients shape=(16, 2), sample_weights shape=(16,), zero_neighbor_targets=0
GRAB train batch 67: pair_ids shape=(16,), range=11..8792, coefficients shape=(16, 2), sample_weights shape=(16,), zero_neighbor_targets=0
GRAB train batch 68: pair_ids shape=(10,), range=61..8002, coefficients shape=(10, 2), sample_weights shape=(10,), zero_neighbor_targets=0
VALIDATION
valid epoch balanced_accuracy: 0.503049
EPOCH 36:
GRAB train batch 1: pair_ids shape=(16,), range=181..7942, coefficients shape=(16, 2), sample_weights shape=(16,), zero_neighbor_targets=0
GRAB train batch 2: pair_ids shape=(16,), range=15..4415, coefficients shape=(16, 2), sample_weights shape=(16,), zero_neighbor_targets=0
GRAB train batch 3: pair_ids shape=(16,), range=64..10090, coefficients shape=(16, 2), sample_weights shape=(16,), zero_neighbor_targets=0
GRAB train batch 4: pair_ids shape=(16,), range=139..10733, coefficients shape=(16, 2), sample_weights shape=(16,), zero_neighbor_targets=0
GRAB train batch 5: pair_ids shape=(16,), range=28..9670, coefficients shape=(16, 2), sample_weights shape=(16,), zero_neighbor_targets=0
GRAB train batch 6: pair_ids shape=(16,), range=27..10655, coefficients shape=(16, 2), sample_weights shape=(16,), zero_neighbor_targets=0
GRAB train batch 7: pair_ids shape=(16,), range=2..10867, coefficients shape=(16, 2), sample_weights shape=(16,), zero_neighbor_targets=0
GRAB train batch 8: pair_ids shape=(16,), range=6..9754, coefficients shape=(16, 2), sample_weights shape=(16,), zero_neighbor_targets=0
GRAB train batch 9: pair_ids shape=(16,), range=118..9671, coefficients shape=(16, 2), sample_weights shape=(16,), zero_neighbor_targets=0
GRAB train batch 10: pair_ids shape=(16,), range=65..7685, coefficients shape=(16, 2), sample_weights shape=(16,), zero_neighbor_targets=0
GRAB train batch 11: pair_ids shape=(16,), range=25..10373, coefficients shape=(16, 2), sample_weights shape=(16,), zero_neighbor_targets=0
GRAB train batch 12: pair_ids shape=(16,), range=35..9531, coefficients shape=(16, 2), sample_weights shape=(16,), zero_neighbor_targets=0
GRAB train batch 13: pair_ids shape=(16,), range=55..9236, coefficients shape=(16, 2), sample_weights shape=(16,), zero_neighbor_targets=0
GRAB train batch 14: pair_ids shape=(16,), range=10..10365, coefficients shape=(16, 2), sample_weights shape=(16,), zero_neighbor_targets=0
GRAB train batch 15: pair_ids shape=(16,), range=142..7911, coefficients shape=(16, 2), sample_weights shape=(16,), zero_neighbor_targets=0
GRAB train batch 16: pair_ids shape=(16,), range=8..4820, coefficients shape=(16, 2), sample_weights shape=(16,), zero_neighbor_targets=0
GRAB train batch 17: pair_ids shape=(16,), range=117..10619, coefficients shape=(16, 2), sample_weights shape=(16,), zero_neighbor_targets=0
GRAB train batch 18: pair_ids shape=(16,), range=23..9324, coefficients shape=(16, 2), sample_weights shape=(16,), zero_neighbor_targets=0
GRAB train batch 19: pair_ids shape=(16,), range=162..9957, coefficients shape=(16, 2), sample_weights shape=(16,), zero_neighbor_targets=0
GRAB train batch 20: pair_ids shape=(16,), range=24..10256, coefficients shape=(16, 2), sample_weights shape=(16,), zero_neighbor_targets=0
GRAB train batch 21: pair_ids shape=(16,), range=252..10935, coefficients shape=(16, 2), sample_weights shape=(16,), zero_neighbor_targets=0
GRAB train batch 22: pair_ids shape=(16,), range=18..6945, coefficients shape=(16, 2), sample_weights shape=(16,), zero_neighbor_targets=0
GRAB train batch 23: pair_ids shape=(16,), range=1..10665, coefficients shape=(16, 2), sample_weights shape=(16,), zero_neighbor_targets=0
GRAB train batch 24: pair_ids shape=(16,), range=67..10336, coefficients shape=(16, 2), sample_weights shape=(16,), zero_neighbor_targets=0
GRAB train batch 25: pair_ids shape=(16,), range=53..8084, coefficients shape=(16, 2), sample_weights shape=(16,), zero_neighbor_targets=0
GRAB train batch 26: pair_ids shape=(16,), range=16..10352, coefficients shape=(16, 2), sample_weights shape=(16,), zero_neighbor_targets=0
GRAB train batch 27: pair_ids shape=(16,), range=107..10498, coefficients shape=(16, 2), sample_weights shape=(16,), zero_neighbor_targets=0
GRAB train batch 28: pair_ids shape=(16,), range=58..10404, coefficients shape=(16, 2), sample_weights shape=(16,), zero_neighbor_targets=0
GRAB train batch 29: pair_ids shape=(16,), range=153..9477, coefficients shape=(16, 2), sample_weights shape=(16,), zero_neighbor_targets=0
GRAB train batch 30: pair_ids shape=(16,), range=109..10161, coefficients shape=(16, 2), sample_weights shape=(16,), zero_neighbor_targets=0
GRAB train batch 31: pair_ids shape=(16,), range=48..7002, coefficients shape=(16, 2), sample_weights shape=(16,), zero_neighbor_targets=0
GRAB train batch 32: pair_ids shape=(16,), range=11..10862, coefficients shape=(16, 2), sample_weights shape=(16,), zero_neighbor_targets=0
GRAB train batch 33: pair_ids shape=(16,), range=32..10738, coefficients shape=(16, 2), sample_weights shape=(16,), zero_neighbor_targets=0
GRAB train batch 34: pair_ids shape=(16,), range=115..8810, coefficients shape=(16, 2), sample_weights shape=(16,), zero_neighbor_targets=0
GRAB train batch 35: pair_ids shape=(16,), range=38..9128, coefficients shape=(16, 2), sample_weights shape=(16,), zero_neighbor_targets=0
GRAB train batch 36: pair_ids shape=(16,), range=131..10611, coefficients shape=(16, 2), sample_weights shape=(16,), zero_neighbor_targets=0
GRAB train batch 37: pair_ids shape=(16,), range=14..9077, coefficients shape=(16, 2), sample_weights shape=(16,), zero_neighbor_targets=0
GRAB train batch 38: pair_ids shape=(16,), range=9..10859, coefficients shape=(16, 2), sample_weights shape=(16,), zero_neighbor_targets=0
GRAB train batch 39: pair_ids shape=(16,), range=3..9889, coefficients shape=(16, 2), sample_weights shape=(16,), zero_neighbor_targets=0
GRAB train batch 40: pair_ids shape=(16,), range=51..4614, coefficients shape=(16, 2), sample_weights shape=(16,), zero_neighbor_targets=0
GRAB train batch 41: pair_ids shape=(16,), range=45..10530, coefficients shape=(16, 2), sample_weights shape=(16,), zero_neighbor_targets=0
GRAB train batch 42: pair_ids shape=(16,), range=227..9358, coefficients shape=(16, 2), sample_weights shape=(16,), zero_neighbor_targets=0
GRAB train batch 43: pair_ids shape=(16,), range=229..10015, coefficients shape=(16, 2), sample_weights shape=(16,), zero_neighbor_targets=0
GRAB train batch 44: pair_ids shape=(16,), range=21..10918, coefficients shape=(16, 2), sample_weights shape=(16,), zero_neighbor_targets=0
GRAB train batch 45: pair_ids shape=(16,), range=30..9054, coefficients shape=(16, 2), sample_weights shape=(16,), zero_neighbor_targets=0
GRAB train batch 46: pair_ids shape=(16,), range=5..9915, coefficients shape=(16, 2), sample_weights shape=(16,), zero_neighbor_targets=0
GRAB train batch 47: pair_ids shape=(16,), range=20..9922, coefficients shape=(16, 2), sample_weights shape=(16,), zero_neighbor_targets=0
GRAB train batch 48: pair_ids shape=(16,), range=57..10956, coefficients shape=(16, 2), sample_weights shape=(16,), zero_neighbor_targets=0
GRAB train batch 49: pair_ids shape=(16,), range=56..6943, coefficients shape=(16, 2), sample_weights shape=(16,), zero_neighbor_targets=0
GRAB train batch 50: pair_ids shape=(16,), range=7..10018, coefficients shape=(16, 2), sample_weights shape=(16,), zero_neighbor_targets=0
GRAB train batch 51: pair_ids shape=(16,), range=12..10609, coefficients shape=(16, 2), sample_weights shape=(16,), zero_neighbor_targets=0
GRAB train batch 52: pair_ids shape=(16,), range=50..10684, coefficients shape=(16, 2), sample_weights shape=(16,), zero_neighbor_targets=0
GRAB train batch 53: pair_ids shape=(16,), range=143..10567, coefficients shape=(16, 2), sample_weights shape=(16,), zero_neighbor_targets=0
GRAB train batch 54: pair_ids shape=(16,), range=0..10007, coefficients shape=(16, 2), sample_weights shape=(16,), zero_neighbor_targets=0
GRAB train batch 55: pair_ids shape=(16,), range=171..5055, coefficients shape=(16, 2), sample_weights shape=(16,), zero_neighbor_targets=0
GRAB train batch 56: pair_ids shape=(16,), range=233..10258, coefficients shape=(16, 2), sample_weights shape=(16,), zero_neighbor_targets=0
GRAB train batch 57: pair_ids shape=(16,), range=44..7753, coefficients shape=(16, 2), sample_weights shape=(16,), zero_neighbor_targets=0
GRAB train batch 58: pair_ids shape=(16,), range=29..10716, coefficients shape=(16, 2), sample_weights shape=(16,), zero_neighbor_targets=0
GRAB train batch 59: pair_ids shape=(16,), range=46..10599, coefficients shape=(16, 2), sample_weights shape=(16,), zero_neighbor_targets=0
GRAB train batch 60: pair_ids shape=(16,), range=22..5601, coefficients shape=(16, 2), sample_weights shape=(16,), zero_neighbor_targets=0
GRAB train batch 61: pair_ids shape=(16,), range=189..10520, coefficients shape=(16, 2), sample_weights shape=(16,), zero_neighbor_targets=0
GRAB train batch 62: pair_ids shape=(16,), range=52..10228, coefficients shape=(16, 2), sample_weights shape=(16,), zero_neighbor_targets=0
GRAB train batch 63: pair_ids shape=(16,), range=13..10472, coefficients shape=(16, 2), sample_weights shape=(16,), zero_neighbor_targets=0
GRAB train batch 64: pair_ids shape=(16,), range=188..10899, coefficients shape=(16, 2), sample_weights shape=(16,), zero_neighbor_targets=0
GRAB train batch 65: pair_ids shape=(16,), range=59..9848, coefficients shape=(16, 2), sample_weights shape=(16,), zero_neighbor_targets=0
GRAB train batch 66: pair_ids shape=(16,), range=33..10488, coefficients shape=(16, 2), sample_weights shape=(16,), zero_neighbor_targets=0
GRAB train batch 67: pair_ids shape=(16,), range=185..10735, coefficients shape=(16, 2), sample_weights shape=(16,), zero_neighbor_targets=0
GRAB train batch 68: pair_ids shape=(10,), range=221..5507, coefficients shape=(10, 2), sample_weights shape=(10,), zero_neighbor_targets=0
VALIDATION
valid epoch balanced_accuracy: 0.483093
EPOCH 37:
GRAB train batch 1: pair_ids shape=(16,), range=149..8005, coefficients shape=(16, 2), sample_weights shape=(16,), zero_neighbor_targets=0
GRAB train batch 2: pair_ids shape=(16,), range=147..10609, coefficients shape=(16, 2), sample_weights shape=(16,), zero_neighbor_targets=0
GRAB train batch 3: pair_ids shape=(16,), range=151..10064, coefficients shape=(16, 2), sample_weights shape=(16,), zero_neighbor_targets=0
GRAB train batch 4: pair_ids shape=(16,), range=20..9573, coefficients shape=(16, 2), sample_weights shape=(16,), zero_neighbor_targets=0
GRAB train batch 5: pair_ids shape=(16,), range=169..10733, coefficients shape=(16, 2), sample_weights shape=(16,), zero_neighbor_targets=0
GRAB train batch 6: pair_ids shape=(16,), range=184..4292, coefficients shape=(16, 2), sample_weights shape=(16,), zero_neighbor_targets=0
GRAB train batch 7: pair_ids shape=(16,), range=17..10308, coefficients shape=(16, 2), sample_weights shape=(16,), zero_neighbor_targets=0
GRAB train batch 8: pair_ids shape=(16,), range=4..10498, coefficients shape=(16, 2), sample_weights shape=(16,), zero_neighbor_targets=0
GRAB train batch 9: pair_ids shape=(16,), range=14..8790, coefficients shape=(16, 2), sample_weights shape=(16,), zero_neighbor_targets=0
GRAB train batch 10: pair_ids shape=(16,), range=113..9054, coefficients shape=(16, 2), sample_weights shape=(16,), zero_neighbor_targets=0
GRAB train batch 11: pair_ids shape=(16,), range=2..10735, coefficients shape=(16, 2), sample_weights shape=(16,), zero_neighbor_targets=0
GRAB train batch 12: pair_ids shape=(16,), range=39..9785, coefficients shape=(16, 2), sample_weights shape=(16,), zero_neighbor_targets=0
GRAB train batch 13: pair_ids shape=(16,), range=22..10935, coefficients shape=(16, 2), sample_weights shape=(16,), zero_neighbor_targets=0
GRAB train batch 14: pair_ids shape=(16,), range=61..10619, coefficients shape=(16, 2), sample_weights shape=(16,), zero_neighbor_targets=0
GRAB train batch 15: pair_ids shape=(16,), range=72..9828, coefficients shape=(16, 2), sample_weights shape=(16,), zero_neighbor_targets=0
GRAB train batch 16: pair_ids shape=(16,), range=13..10899, coefficients shape=(16, 2), sample_weights shape=(16,), zero_neighbor_targets=0
GRAB train batch 17: pair_ids shape=(16,), range=11..10684, coefficients shape=(16, 2), sample_weights shape=(16,), zero_neighbor_targets=0
GRAB train batch 18: pair_ids shape=(16,), range=105..5055, coefficients shape=(16, 2), sample_weights shape=(16,), zero_neighbor_targets=0
GRAB train batch 19: pair_ids shape=(16,), range=158..10956, coefficients shape=(16, 2), sample_weights shape=(16,), zero_neighbor_targets=0
GRAB train batch 20: pair_ids shape=(16,), range=152..9962, coefficients shape=(16, 2), sample_weights shape=(16,), zero_neighbor_targets=0
GRAB train batch 21: pair_ids shape=(16,), range=269..10665, coefficients shape=(16, 2), sample_weights shape=(16,), zero_neighbor_targets=0
GRAB train batch 22: pair_ids shape=(16,), range=115..4706, coefficients shape=(16, 2), sample_weights shape=(16,), zero_neighbor_targets=0
GRAB train batch 23: pair_ids shape=(16,), range=32..9883, coefficients shape=(16, 2), sample_weights shape=(16,), zero_neighbor_targets=0
GRAB train batch 24: pair_ids shape=(16,), range=238..4871, coefficients shape=(16, 2), sample_weights shape=(16,), zero_neighbor_targets=0
GRAB train batch 25: pair_ids shape=(16,), range=118..7027, coefficients shape=(16, 2), sample_weights shape=(16,), zero_neighbor_targets=0
GRAB train batch 26: pair_ids shape=(16,), range=266..7758, coefficients shape=(16, 2), sample_weights shape=(16,), zero_neighbor_targets=0
GRAB train batch 27: pair_ids shape=(16,), range=21..10274, coefficients shape=(16, 2), sample_weights shape=(16,), zero_neighbor_targets=0
GRAB train batch 28: pair_ids shape=(16,), range=188..9255, coefficients shape=(16, 2), sample_weights shape=(16,), zero_neighbor_targets=0
GRAB train batch 29: pair_ids shape=(16,), range=60..9619, coefficients shape=(16, 2), sample_weights shape=(16,), zero_neighbor_targets=0
GRAB train batch 30: pair_ids shape=(16,), range=25..4492, coefficients shape=(16, 2), sample_weights shape=(16,), zero_neighbor_targets=0
GRAB train batch 31: pair_ids shape=(16,), range=15..10435, coefficients shape=(16, 2), sample_weights shape=(16,), zero_neighbor_targets=0
GRAB train batch 32: pair_ids shape=(16,), range=162..10488, coefficients shape=(16, 2), sample_weights shape=(16,), zero_neighbor_targets=0
GRAB train batch 33: pair_ids shape=(16,), range=114..5501, coefficients shape=(16, 2), sample_weights shape=(16,), zero_neighbor_targets=0
GRAB train batch 34: pair_ids shape=(16,), range=34..8012, coefficients shape=(16, 2), sample_weights shape=(16,), zero_neighbor_targets=0
GRAB train batch 35: pair_ids shape=(16,), range=57..10716, coefficients shape=(16, 2), sample_weights shape=(16,), zero_neighbor_targets=0
GRAB train batch 36: pair_ids shape=(16,), range=36..9477, coefficients shape=(16, 2), sample_weights shape=(16,), zero_neighbor_targets=0
GRAB train batch 37: pair_ids shape=(16,), range=7..9904, coefficients shape=(16, 2), sample_weights shape=(16,), zero_neighbor_targets=0
GRAB train batch 38: pair_ids shape=(16,), range=26..10925, coefficients shape=(16, 2), sample_weights shape=(16,), zero_neighbor_targets=0
GRAB train batch 39: pair_ids shape=(16,), range=0..10336, coefficients shape=(16, 2), sample_weights shape=(16,), zero_neighbor_targets=0
GRAB train batch 40: pair_ids shape=(16,), range=109..8088, coefficients shape=(16, 2), sample_weights shape=(16,), zero_neighbor_targets=0
GRAB train batch 41: pair_ids shape=(16,), range=123..10655, coefficients shape=(16, 2), sample_weights shape=(16,), zero_neighbor_targets=0
GRAB train batch 42: pair_ids shape=(16,), range=1..10007, coefficients shape=(16, 2), sample_weights shape=(16,), zero_neighbor_targets=0
GRAB train batch 43: pair_ids shape=(16,), range=8..10161, coefficients shape=(16, 2), sample_weights shape=(16,), zero_neighbor_targets=0
GRAB train batch 44: pair_ids shape=(16,), range=40..9541, coefficients shape=(16, 2), sample_weights shape=(16,), zero_neighbor_targets=0
GRAB train batch 45: pair_ids shape=(16,), range=97..10030, coefficients shape=(16, 2), sample_weights shape=(16,), zero_neighbor_targets=0
GRAB train batch 46: pair_ids shape=(16,), range=27..10611, coefficients shape=(16, 2), sample_weights shape=(16,), zero_neighbor_targets=0
GRAB train batch 47: pair_ids shape=(16,), range=5..10557, coefficients shape=(16, 2), sample_weights shape=(16,), zero_neighbor_targets=0
GRAB train batch 48: pair_ids shape=(16,), range=3..8084, coefficients shape=(16, 2), sample_weights shape=(16,), zero_neighbor_targets=0
GRAB train batch 49: pair_ids shape=(16,), range=110..10738, coefficients shape=(16, 2), sample_weights shape=(16,), zero_neighbor_targets=0
GRAB train batch 50: pair_ids shape=(16,), range=125..7924, coefficients shape=(16, 2), sample_weights shape=(16,), zero_neighbor_targets=0
GRAB train batch 51: pair_ids shape=(16,), range=35..10090, coefficients shape=(16, 2), sample_weights shape=(16,), zero_neighbor_targets=0
GRAB train batch 52: pair_ids shape=(16,), range=18..4415, coefficients shape=(16, 2), sample_weights shape=(16,), zero_neighbor_targets=0
GRAB train batch 53: pair_ids shape=(16,), range=156..10472, coefficients shape=(16, 2), sample_weights shape=(16,), zero_neighbor_targets=0
GRAB train batch 54: pair_ids shape=(16,), range=6..7589, coefficients shape=(16, 2), sample_weights shape=(16,), zero_neighbor_targets=0
GRAB train batch 55: pair_ids shape=(16,), range=29..10918, coefficients shape=(16, 2), sample_weights shape=(16,), zero_neighbor_targets=0
GRAB train batch 56: pair_ids shape=(16,), range=139..10867, coefficients shape=(16, 2), sample_weights shape=(16,), zero_neighbor_targets=0
GRAB train batch 57: pair_ids shape=(16,), range=165..7855, coefficients shape=(16, 2), sample_weights shape=(16,), zero_neighbor_targets=0
GRAB train batch 58: pair_ids shape=(16,), range=62..10862, coefficients shape=(16, 2), sample_weights shape=(16,), zero_neighbor_targets=0
GRAB train batch 59: pair_ids shape=(16,), range=106..9889, coefficients shape=(16, 2), sample_weights shape=(16,), zero_neighbor_targets=0
GRAB train batch 60: pair_ids shape=(16,), range=38..7582, coefficients shape=(16, 2), sample_weights shape=(16,), zero_neighbor_targets=0
GRAB train batch 61: pair_ids shape=(16,), range=9..10258, coefficients shape=(16, 2), sample_weights shape=(16,), zero_neighbor_targets=0
GRAB train batch 62: pair_ids shape=(16,), range=41..10599, coefficients shape=(16, 2), sample_weights shape=(16,), zero_neighbor_targets=0
GRAB train batch 63: pair_ids shape=(16,), range=12..9949, coefficients shape=(16, 2), sample_weights shape=(16,), zero_neighbor_targets=0
GRAB train batch 64: pair_ids shape=(16,), range=50..6980, coefficients shape=(16, 2), sample_weights shape=(16,), zero_neighbor_targets=0
GRAB train batch 65: pair_ids shape=(16,), range=10..5391, coefficients shape=(16, 2), sample_weights shape=(16,), zero_neighbor_targets=0
GRAB train batch 66: pair_ids shape=(16,), range=127..9652, coefficients shape=(16, 2), sample_weights shape=(16,), zero_neighbor_targets=0
GRAB train batch 67: pair_ids shape=(16,), range=133..9396, coefficients shape=(16, 2), sample_weights shape=(16,), zero_neighbor_targets=0
GRAB train batch 68: pair_ids shape=(10,), range=30..9624, coefficients shape=(10, 2), sample_weights shape=(10,), zero_neighbor_targets=0
VALIDATION
valid epoch balanced_accuracy: 0.506375
EPOCH 38:
GRAB train batch 1: pair_ids shape=(16,), range=141..9587, coefficients shape=(16, 2), sample_weights shape=(16,), zero_neighbor_targets=0
GRAB train batch 2: pair_ids shape=(16,), range=51..9236, coefficients shape=(16, 2), sample_weights shape=(16,), zero_neighbor_targets=0
GRAB train batch 3: pair_ids shape=(16,), range=230..10735, coefficients shape=(16, 2), sample_weights shape=(16,), zero_neighbor_targets=0
GRAB train batch 4: pair_ids shape=(16,), range=66..7517, coefficients shape=(16, 2), sample_weights shape=(16,), zero_neighbor_targets=0
GRAB train batch 5: pair_ids shape=(16,), range=8..9808, coefficients shape=(16, 2), sample_weights shape=(16,), zero_neighbor_targets=0
GRAB train batch 6: pair_ids shape=(16,), range=220..9962, coefficients shape=(16, 2), sample_weights shape=(16,), zero_neighbor_targets=0
GRAB train batch 7: pair_ids shape=(16,), range=1..10007, coefficients shape=(16, 2), sample_weights shape=(16,), zero_neighbor_targets=0
GRAB train batch 8: pair_ids shape=(16,), range=130..10899, coefficients shape=(16, 2), sample_weights shape=(16,), zero_neighbor_targets=0
GRAB train batch 9: pair_ids shape=(16,), range=15..9957, coefficients shape=(16, 2), sample_weights shape=(16,), zero_neighbor_targets=0
GRAB train batch 10: pair_ids shape=(16,), range=27..10530, coefficients shape=(16, 2), sample_weights shape=(16,), zero_neighbor_targets=0
GRAB train batch 11: pair_ids shape=(16,), range=231..9848, coefficients shape=(16, 2), sample_weights shape=(16,), zero_neighbor_targets=0
GRAB train batch 12: pair_ids shape=(16,), range=252..10918, coefficients shape=(16, 2), sample_weights shape=(16,), zero_neighbor_targets=0
GRAB train batch 13: pair_ids shape=(16,), range=147..10498, coefficients shape=(16, 2), sample_weights shape=(16,), zero_neighbor_targets=0
GRAB train batch 14: pair_ids shape=(16,), range=0..10733, coefficients shape=(16, 2), sample_weights shape=(16,), zero_neighbor_targets=0
GRAB train batch 15: pair_ids shape=(16,), range=5..10956, coefficients shape=(16, 2), sample_weights shape=(16,), zero_neighbor_targets=0
GRAB train batch 16: pair_ids shape=(16,), range=57..10373, coefficients shape=(16, 2), sample_weights shape=(16,), zero_neighbor_targets=0
GRAB train batch 17: pair_ids shape=(16,), range=38..10925, coefficients shape=(16, 2), sample_weights shape=(16,), zero_neighbor_targets=0
GRAB train batch 18: pair_ids shape=(16,), range=115..10557, coefficients shape=(16, 2), sample_weights shape=(16,), zero_neighbor_targets=0
GRAB train batch 19: pair_ids shape=(16,), range=41..10092, coefficients shape=(16, 2), sample_weights shape=(16,), zero_neighbor_targets=0
GRAB train batch 20: pair_ids shape=(16,), range=182..9619, coefficients shape=(16, 2), sample_weights shape=(16,), zero_neighbor_targets=0
GRAB train batch 21: pair_ids shape=(16,), range=4..9077, coefficients shape=(16, 2), sample_weights shape=(16,), zero_neighbor_targets=0
GRAB train batch 22: pair_ids shape=(16,), range=10..10665, coefficients shape=(16, 2), sample_weights shape=(16,), zero_neighbor_targets=0
GRAB train batch 23: pair_ids shape=(16,), range=7..8933, coefficients shape=(16, 2), sample_weights shape=(16,), zero_neighbor_targets=0
GRAB train batch 24: pair_ids shape=(16,), range=36..9128, coefficients shape=(16, 2), sample_weights shape=(16,), zero_neighbor_targets=0
GRAB train batch 25: pair_ids shape=(16,), range=33..10611, coefficients shape=(16, 2), sample_weights shape=(16,), zero_neighbor_targets=0
GRAB train batch 26: pair_ids shape=(16,), range=53..10488, coefficients shape=(16, 2), sample_weights shape=(16,), zero_neighbor_targets=0
GRAB train batch 27: pair_ids shape=(16,), range=222..10619, coefficients shape=(16, 2), sample_weights shape=(16,), zero_neighbor_targets=0
GRAB train batch 28: pair_ids shape=(16,), range=58..2297, coefficients shape=(16, 2), sample_weights shape=(16,), zero_neighbor_targets=0
GRAB train batch 29: pair_ids shape=(16,), range=62..9331, coefficients shape=(16, 2), sample_weights shape=(16,), zero_neighbor_targets=0
GRAB train batch 30: pair_ids shape=(16,), range=25..9477, coefficients shape=(16, 2), sample_weights shape=(16,), zero_neighbor_targets=0
GRAB train batch 31: pair_ids shape=(16,), range=150..10004, coefficients shape=(16, 2), sample_weights shape=(16,), zero_neighbor_targets=0
GRAB train batch 32: pair_ids shape=(16,), range=18..10609, coefficients shape=(16, 2), sample_weights shape=(16,), zero_neighbor_targets=0
GRAB train batch 33: pair_ids shape=(16,), range=21..7536, coefficients shape=(16, 2), sample_weights shape=(16,), zero_neighbor_targets=0
GRAB train batch 34: pair_ids shape=(16,), range=39..9358, coefficients shape=(16, 2), sample_weights shape=(16,), zero_neighbor_targets=0
GRAB train batch 35: pair_ids shape=(16,), range=56..10862, coefficients shape=(16, 2), sample_weights shape=(16,), zero_neighbor_targets=0
GRAB train batch 36: pair_ids shape=(16,), range=47..10867, coefficients shape=(16, 2), sample_weights shape=(16,), zero_neighbor_targets=0
GRAB train batch 37: pair_ids shape=(16,), range=234..10859, coefficients shape=(16, 2), sample_weights shape=(16,), zero_neighbor_targets=0
GRAB train batch 38: pair_ids shape=(16,), range=45..9327, coefficients shape=(16, 2), sample_weights shape=(16,), zero_neighbor_targets=0
GRAB train batch 39: pair_ids shape=(16,), range=44..10015, coefficients shape=(16, 2), sample_weights shape=(16,), zero_neighbor_targets=0
GRAB train batch 40: pair_ids shape=(16,), range=3..9560, coefficients shape=(16, 2), sample_weights shape=(16,), zero_neighbor_targets=0
GRAB train batch 41: pair_ids shape=(16,), range=34..5095, coefficients shape=(16, 2), sample_weights shape=(16,), zero_neighbor_targets=0
GRAB train batch 42: pair_ids shape=(16,), range=35..10141, coefficients shape=(16, 2), sample_weights shape=(16,), zero_neighbor_targets=0
GRAB train batch 43: pair_ids shape=(16,), range=2..9968, coefficients shape=(16, 2), sample_weights shape=(16,), zero_neighbor_targets=0
GRAB train batch 44: pair_ids shape=(16,), range=101..9255, coefficients shape=(16, 2), sample_weights shape=(16,), zero_neighbor_targets=0
GRAB train batch 45: pair_ids shape=(16,), range=126..10738, coefficients shape=(16, 2), sample_weights shape=(16,), zero_neighbor_targets=0
GRAB train batch 46: pair_ids shape=(16,), range=13..10716, coefficients shape=(16, 2), sample_weights shape=(16,), zero_neighbor_targets=0
GRAB train batch 47: pair_ids shape=(16,), range=31..8084, coefficients shape=(16, 2), sample_weights shape=(16,), zero_neighbor_targets=0
GRAB train batch 48: pair_ids shape=(16,), range=11..8088, coefficients shape=(16, 2), sample_weights shape=(16,), zero_neighbor_targets=0
GRAB train batch 49: pair_ids shape=(16,), range=29..10599, coefficients shape=(16, 2), sample_weights shape=(16,), zero_neighbor_targets=0
GRAB train batch 50: pair_ids shape=(16,), range=24..7532, coefficients shape=(16, 2), sample_weights shape=(16,), zero_neighbor_targets=0
GRAB train batch 51: pair_ids shape=(16,), range=17..10030, coefficients shape=(16, 2), sample_weights shape=(16,), zero_neighbor_targets=0
GRAB train batch 52: pair_ids shape=(16,), range=164..10935, coefficients shape=(16, 2), sample_weights shape=(16,), zero_neighbor_targets=0
GRAB train batch 53: pair_ids shape=(16,), range=26..10258, coefficients shape=(16, 2), sample_weights shape=(16,), zero_neighbor_targets=0
GRAB train batch 54: pair_ids shape=(16,), range=137..10161, coefficients shape=(16, 2), sample_weights shape=(16,), zero_neighbor_targets=0
GRAB train batch 55: pair_ids shape=(16,), range=23..10520, coefficients shape=(16, 2), sample_weights shape=(16,), zero_neighbor_targets=0
GRAB train batch 56: pair_ids shape=(16,), range=97..10256, coefficients shape=(16, 2), sample_weights shape=(16,), zero_neighbor_targets=0
GRAB train batch 57: pair_ids shape=(16,), range=159..10472, coefficients shape=(16, 2), sample_weights shape=(16,), zero_neighbor_targets=0
GRAB train batch 58: pair_ids shape=(16,), range=55..7942, coefficients shape=(16, 2), sample_weights shape=(16,), zero_neighbor_targets=0
GRAB train batch 59: pair_ids shape=(16,), range=151..10655, coefficients shape=(16, 2), sample_weights shape=(16,), zero_neighbor_targets=0
GRAB train batch 60: pair_ids shape=(16,), range=9..6884, coefficients shape=(16, 2), sample_weights shape=(16,), zero_neighbor_targets=0
GRAB train batch 61: pair_ids shape=(16,), range=59..9398, coefficients shape=(16, 2), sample_weights shape=(16,), zero_neighbor_targets=0
GRAB train batch 62: pair_ids shape=(16,), range=48..7578, coefficients shape=(16, 2), sample_weights shape=(16,), zero_neighbor_targets=0
GRAB train batch 63: pair_ids shape=(16,), range=30..10336, coefficients shape=(16, 2), sample_weights shape=(16,), zero_neighbor_targets=0
GRAB train batch 64: pair_ids shape=(16,), range=43..9904, coefficients shape=(16, 2), sample_weights shape=(16,), zero_neighbor_targets=0
GRAB train batch 65: pair_ids shape=(16,), range=28..7027, coefficients shape=(16, 2), sample_weights shape=(16,), zero_neighbor_targets=0
GRAB train batch 66: pair_ids shape=(16,), range=156..10435, coefficients shape=(16, 2), sample_weights shape=(16,), zero_neighbor_targets=0
GRAB train batch 67: pair_ids shape=(16,), range=40..7902, coefficients shape=(16, 2), sample_weights shape=(16,), zero_neighbor_targets=0
GRAB train batch 68: pair_ids shape=(10,), range=49..7941, coefficients shape=(10, 2), sample_weights shape=(10,), zero_neighbor_targets=0
VALIDATION
valid epoch balanced_accuracy: 0.502217
EPOCH 39:
GRAB train batch 1: pair_ids shape=(16,), range=48..10435, coefficients shape=(16, 2), sample_weights shape=(16,), zero_neighbor_targets=0
GRAB train batch 2: pair_ids shape=(16,), range=6..9671, coefficients shape=(16, 2), sample_weights shape=(16,), zero_neighbor_targets=0
GRAB train batch 3: pair_ids shape=(16,), range=101..10308, coefficients shape=(16, 2), sample_weights shape=(16,), zero_neighbor_targets=0
GRAB train batch 4: pair_ids shape=(16,), range=218..10336, coefficients shape=(16, 2), sample_weights shape=(16,), zero_neighbor_targets=0
GRAB train batch 5: pair_ids shape=(16,), range=25..9211, coefficients shape=(16, 2), sample_weights shape=(16,), zero_neighbor_targets=0
GRAB train batch 6: pair_ids shape=(16,), range=14..10716, coefficients shape=(16, 2), sample_weights shape=(16,), zero_neighbor_targets=0
GRAB train batch 7: pair_ids shape=(16,), range=168..10738, coefficients shape=(16, 2), sample_weights shape=(16,), zero_neighbor_targets=0
GRAB train batch 8: pair_ids shape=(16,), range=20..5614, coefficients shape=(16, 2), sample_weights shape=(16,), zero_neighbor_targets=0
GRAB train batch 9: pair_ids shape=(16,), range=46..9637, coefficients shape=(16, 2), sample_weights shape=(16,), zero_neighbor_targets=0
GRAB train batch 10: pair_ids shape=(16,), range=97..9883, coefficients shape=(16, 2), sample_weights shape=(16,), zero_neighbor_targets=0
GRAB train batch 11: pair_ids shape=(16,), range=31..10488, coefficients shape=(16, 2), sample_weights shape=(16,), zero_neighbor_targets=0
GRAB train batch 12: pair_ids shape=(16,), range=50..7855, coefficients shape=(16, 2), sample_weights shape=(16,), zero_neighbor_targets=0
GRAB train batch 13: pair_ids shape=(16,), range=28..10867, coefficients shape=(16, 2), sample_weights shape=(16,), zero_neighbor_targets=0
GRAB train batch 14: pair_ids shape=(16,), range=118..8873, coefficients shape=(16, 2), sample_weights shape=(16,), zero_neighbor_targets=0
GRAB train batch 15: pair_ids shape=(16,), range=189..10925, coefficients shape=(16, 2), sample_weights shape=(16,), zero_neighbor_targets=0
GRAB train batch 16: pair_ids shape=(16,), range=40..4442, coefficients shape=(16, 2), sample_weights shape=(16,), zero_neighbor_targets=0
GRAB train batch 17: pair_ids shape=(16,), range=184..10141, coefficients shape=(16, 2), sample_weights shape=(16,), zero_neighbor_targets=0
GRAB train batch 18: pair_ids shape=(16,), range=122..10228, coefficients shape=(16, 2), sample_weights shape=(16,), zero_neighbor_targets=0
GRAB train batch 19: pair_ids shape=(16,), range=159..10567, coefficients shape=(16, 2), sample_weights shape=(16,), zero_neighbor_targets=0
GRAB train batch 20: pair_ids shape=(16,), range=63..10665, coefficients shape=(16, 2), sample_weights shape=(16,), zero_neighbor_targets=0
GRAB train batch 21: pair_ids shape=(16,), range=279..9904, coefficients shape=(16, 2), sample_weights shape=(16,), zero_neighbor_targets=0
GRAB train batch 22: pair_ids shape=(16,), range=17..10064, coefficients shape=(16, 2), sample_weights shape=(16,), zero_neighbor_targets=0
GRAB train batch 23: pair_ids shape=(16,), range=35..4906, coefficients shape=(16, 2), sample_weights shape=(16,), zero_neighbor_targets=0
GRAB train batch 24: pair_ids shape=(16,), range=98..9915, coefficients shape=(16, 2), sample_weights shape=(16,), zero_neighbor_targets=0
GRAB train batch 25: pair_ids shape=(16,), range=7..10735, coefficients shape=(16, 2), sample_weights shape=(16,), zero_neighbor_targets=0
GRAB train batch 26: pair_ids shape=(16,), range=18..8012, coefficients shape=(16, 2), sample_weights shape=(16,), zero_neighbor_targets=0
GRAB train batch 27: pair_ids shape=(16,), range=114..9962, coefficients shape=(16, 2), sample_weights shape=(16,), zero_neighbor_targets=0
GRAB train batch 28: pair_ids shape=(16,), range=245..10609, coefficients shape=(16, 2), sample_weights shape=(16,), zero_neighbor_targets=0
GRAB train batch 29: pair_ids shape=(16,), range=4..10859, coefficients shape=(16, 2), sample_weights shape=(16,), zero_neighbor_targets=0
GRAB train batch 30: pair_ids shape=(16,), range=276..9957, coefficients shape=(16, 2), sample_weights shape=(16,), zero_neighbor_targets=0
GRAB train batch 31: pair_ids shape=(16,), range=161..10655, coefficients shape=(16, 2), sample_weights shape=(16,), zero_neighbor_targets=0
GRAB train batch 32: pair_ids shape=(16,), range=9..8790, coefficients shape=(16, 2), sample_weights shape=(16,), zero_neighbor_targets=0
GRAB train batch 33: pair_ids shape=(16,), range=23..9808, coefficients shape=(16, 2), sample_weights shape=(16,), zero_neighbor_targets=0
GRAB train batch 34: pair_ids shape=(16,), range=306..10611, coefficients shape=(16, 2), sample_weights shape=(16,), zero_neighbor_targets=0
GRAB train batch 35: pair_ids shape=(16,), range=144..10404, coefficients shape=(16, 2), sample_weights shape=(16,), zero_neighbor_targets=0
GRAB train batch 36: pair_ids shape=(16,), range=26..10520, coefficients shape=(16, 2), sample_weights shape=(16,), zero_neighbor_targets=0
GRAB train batch 37: pair_ids shape=(16,), range=58..9670, coefficients shape=(16, 2), sample_weights shape=(16,), zero_neighbor_targets=0
GRAB train batch 38: pair_ids shape=(16,), range=11..7803, coefficients shape=(16, 2), sample_weights shape=(16,), zero_neighbor_targets=0
GRAB train batch 39: pair_ids shape=(16,), range=8..4957, coefficients shape=(16, 2), sample_weights shape=(16,), zero_neighbor_targets=0
GRAB train batch 40: pair_ids shape=(16,), range=321..10619, coefficients shape=(16, 2), sample_weights shape=(16,), zero_neighbor_targets=0
GRAB train batch 41: pair_ids shape=(16,), range=45..10599, coefficients shape=(16, 2), sample_weights shape=(16,), zero_neighbor_targets=0
GRAB train batch 42: pair_ids shape=(16,), range=29..9077, coefficients shape=(16, 2), sample_weights shape=(16,), zero_neighbor_targets=0
GRAB train batch 43: pair_ids shape=(16,), range=72..9171, coefficients shape=(16, 2), sample_weights shape=(16,), zero_neighbor_targets=0
GRAB train batch 44: pair_ids shape=(16,), range=5..10733, coefficients shape=(16, 2), sample_weights shape=(16,), zero_neighbor_targets=0
GRAB train batch 45: pair_ids shape=(16,), range=21..9652, coefficients shape=(16, 2), sample_weights shape=(16,), zero_neighbor_targets=0
GRAB train batch 46: pair_ids shape=(16,), range=335..10956, coefficients shape=(16, 2), sample_weights shape=(16,), zero_neighbor_targets=0
GRAB train batch 47: pair_ids shape=(16,), range=0..3334, coefficients shape=(16, 2), sample_weights shape=(16,), zero_neighbor_targets=0
GRAB train batch 48: pair_ids shape=(16,), range=100..9255, coefficients shape=(16, 2), sample_weights shape=(16,), zero_neighbor_targets=0
GRAB train batch 49: pair_ids shape=(16,), range=49..10899, coefficients shape=(16, 2), sample_weights shape=(16,), zero_neighbor_targets=0
GRAB train batch 50: pair_ids shape=(16,), range=43..10862, coefficients shape=(16, 2), sample_weights shape=(16,), zero_neighbor_targets=0
GRAB train batch 51: pair_ids shape=(16,), range=1..10030, coefficients shape=(16, 2), sample_weights shape=(16,), zero_neighbor_targets=0
GRAB train batch 52: pair_ids shape=(16,), range=16..10557, coefficients shape=(16, 2), sample_weights shape=(16,), zero_neighbor_targets=0
GRAB train batch 53: pair_ids shape=(16,), range=13..10256, coefficients shape=(16, 2), sample_weights shape=(16,), zero_neighbor_targets=0
GRAB train batch 54: pair_ids shape=(16,), range=299..10530, coefficients shape=(16, 2), sample_weights shape=(16,), zero_neighbor_targets=0
GRAB train batch 55: pair_ids shape=(16,), range=19..10918, coefficients shape=(16, 2), sample_weights shape=(16,), zero_neighbor_targets=0
GRAB train batch 56: pair_ids shape=(16,), range=37..7902, coefficients shape=(16, 2), sample_weights shape=(16,), zero_neighbor_targets=0
GRAB train batch 57: pair_ids shape=(16,), range=2..10935, coefficients shape=(16, 2), sample_weights shape=(16,), zero_neighbor_targets=0
GRAB train batch 58: pair_ids shape=(16,), range=65..9754, coefficients shape=(16, 2), sample_weights shape=(16,), zero_neighbor_targets=0
GRAB train batch 59: pair_ids shape=(16,), range=53..10365, coefficients shape=(16, 2), sample_weights shape=(16,), zero_neighbor_targets=0
GRAB train batch 60: pair_ids shape=(16,), range=10..5448, coefficients shape=(16, 2), sample_weights shape=(16,), zero_neighbor_targets=0
GRAB train batch 61: pair_ids shape=(16,), range=121..7685, coefficients shape=(16, 2), sample_weights shape=(16,), zero_neighbor_targets=0
GRAB train batch 62: pair_ids shape=(16,), range=128..9889, coefficients shape=(16, 2), sample_weights shape=(16,), zero_neighbor_targets=0
GRAB train batch 63: pair_ids shape=(16,), range=71..8792, coefficients shape=(16, 2), sample_weights shape=(16,), zero_neighbor_targets=0
GRAB train batch 64: pair_ids shape=(16,), range=119..9949, coefficients shape=(16, 2), sample_weights shape=(16,), zero_neighbor_targets=0
GRAB train batch 65: pair_ids shape=(16,), range=15..9828, coefficients shape=(16, 2), sample_weights shape=(16,), zero_neighbor_targets=0
GRAB train batch 66: pair_ids shape=(16,), range=47..9648, coefficients shape=(16, 2), sample_weights shape=(16,), zero_neighbor_targets=0
GRAB train batch 67: pair_ids shape=(16,), range=57..10258, coefficients shape=(16, 2), sample_weights shape=(16,), zero_neighbor_targets=0
GRAB train batch 68: pair_ids shape=(10,), range=12..10472, coefficients shape=(10, 2), sample_weights shape=(10,), zero_neighbor_targets=0
VALIDATION
valid epoch balanced_accuracy: 0.481430
EPOCH 40:
GRAB train batch 1: pair_ids shape=(16,), range=3..10404, coefficients shape=(16, 2), sample_weights shape=(16,), zero_neighbor_targets=0
GRAB train batch 2: pair_ids shape=(16,), range=68..7582, coefficients shape=(16, 2), sample_weights shape=(16,), zero_neighbor_targets=0
GRAB train batch 3: pair_ids shape=(16,), range=35..9477, coefficients shape=(16, 2), sample_weights shape=(16,), zero_neighbor_targets=0
GRAB train batch 4: pair_ids shape=(16,), range=147..8075, coefficients shape=(16, 2), sample_weights shape=(16,), zero_neighbor_targets=0
GRAB train batch 5: pair_ids shape=(16,), range=1..10609, coefficients shape=(16, 2), sample_weights shape=(16,), zero_neighbor_targets=0
GRAB train batch 6: pair_ids shape=(16,), range=56..9573, coefficients shape=(16, 2), sample_weights shape=(16,), zero_neighbor_targets=0
GRAB train batch 7: pair_ids shape=(16,), range=15..9785, coefficients shape=(16, 2), sample_weights shape=(16,), zero_neighbor_targets=0
GRAB train batch 8: pair_ids shape=(16,), range=14..8060, coefficients shape=(16, 2), sample_weights shape=(16,), zero_neighbor_targets=0
GRAB train batch 9: pair_ids shape=(16,), range=134..10530, coefficients shape=(16, 2), sample_weights shape=(16,), zero_neighbor_targets=0
GRAB train batch 10: pair_ids shape=(16,), range=53..5403, coefficients shape=(16, 2), sample_weights shape=(16,), zero_neighbor_targets=0
GRAB train batch 11: pair_ids shape=(16,), range=22..10520, coefficients shape=(16, 2), sample_weights shape=(16,), zero_neighbor_targets=0
GRAB train batch 12: pair_ids shape=(16,), range=8..9962, coefficients shape=(16, 2), sample_weights shape=(16,), zero_neighbor_targets=0
GRAB train batch 13: pair_ids shape=(16,), range=19..10092, coefficients shape=(16, 2), sample_weights shape=(16,), zero_neighbor_targets=0
GRAB train batch 14: pair_ids shape=(16,), range=6..9648, coefficients shape=(16, 2), sample_weights shape=(16,), zero_neighbor_targets=0
GRAB train batch 15: pair_ids shape=(16,), range=20..7106, coefficients shape=(16, 2), sample_weights shape=(16,), zero_neighbor_targets=0
GRAB train batch 16: pair_ids shape=(16,), range=101..10557, coefficients shape=(16, 2), sample_weights shape=(16,), zero_neighbor_targets=0
GRAB train batch 17: pair_ids shape=(16,), range=39..10046, coefficients shape=(16, 2), sample_weights shape=(16,), zero_neighbor_targets=0
GRAB train batch 18: pair_ids shape=(16,), range=13..10256, coefficients shape=(16, 2), sample_weights shape=(16,), zero_neighbor_targets=0
GRAB train batch 19: pair_ids shape=(16,), range=69..10498, coefficients shape=(16, 2), sample_weights shape=(16,), zero_neighbor_targets=0
GRAB train batch 20: pair_ids shape=(16,), range=188..10015, coefficients shape=(16, 2), sample_weights shape=(16,), zero_neighbor_targets=0
GRAB train batch 21: pair_ids shape=(16,), range=107..9922, coefficients shape=(16, 2), sample_weights shape=(16,), zero_neighbor_targets=0
GRAB train batch 22: pair_ids shape=(16,), range=28..8045, coefficients shape=(16, 2), sample_weights shape=(16,), zero_neighbor_targets=0
GRAB train batch 23: pair_ids shape=(16,), range=21..1692, coefficients shape=(16, 2), sample_weights shape=(16,), zero_neighbor_targets=0
GRAB train batch 24: pair_ids shape=(16,), range=137..10336, coefficients shape=(16, 2), sample_weights shape=(16,), zero_neighbor_targets=0
GRAB train batch 25: pair_ids shape=(16,), range=30..10655, coefficients shape=(16, 2), sample_weights shape=(16,), zero_neighbor_targets=0
GRAB train batch 26: pair_ids shape=(16,), range=140..10716, coefficients shape=(16, 2), sample_weights shape=(16,), zero_neighbor_targets=0
GRAB train batch 27: pair_ids shape=(16,), range=119..5241, coefficients shape=(16, 2), sample_weights shape=(16,), zero_neighbor_targets=0
GRAB train batch 28: pair_ids shape=(16,), range=105..10918, coefficients shape=(16, 2), sample_weights shape=(16,), zero_neighbor_targets=0
GRAB train batch 29: pair_ids shape=(16,), range=311..10161, coefficients shape=(16, 2), sample_weights shape=(16,), zero_neighbor_targets=0
GRAB train batch 30: pair_ids shape=(16,), range=228..10665, coefficients shape=(16, 2), sample_weights shape=(16,), zero_neighbor_targets=0
GRAB train batch 31: pair_ids shape=(16,), range=250..10352, coefficients shape=(16, 2), sample_weights shape=(16,), zero_neighbor_targets=0
GRAB train batch 32: pair_ids shape=(16,), range=118..10925, coefficients shape=(16, 2), sample_weights shape=(16,), zero_neighbor_targets=0
GRAB train batch 33: pair_ids shape=(16,), range=24..6943, coefficients shape=(16, 2), sample_weights shape=(16,), zero_neighbor_targets=0
GRAB train batch 34: pair_ids shape=(16,), range=67..10567, coefficients shape=(16, 2), sample_weights shape=(16,), zero_neighbor_targets=0
GRAB train batch 35: pair_ids shape=(16,), range=127..10862, coefficients shape=(16, 2), sample_weights shape=(16,), zero_neighbor_targets=0
GRAB train batch 36: pair_ids shape=(16,), range=115..9005, coefficients shape=(16, 2), sample_weights shape=(16,), zero_neighbor_targets=0
GRAB train batch 37: pair_ids shape=(16,), range=40..7758, coefficients shape=(16, 2), sample_weights shape=(16,), zero_neighbor_targets=0
GRAB train batch 38: pair_ids shape=(16,), range=26..10684, coefficients shape=(16, 2), sample_weights shape=(16,), zero_neighbor_targets=0
GRAB train batch 39: pair_ids shape=(16,), range=4..10733, coefficients shape=(16, 2), sample_weights shape=(16,), zero_neighbor_targets=0
GRAB train batch 40: pair_ids shape=(16,), range=5..10472, coefficients shape=(16, 2), sample_weights shape=(16,), zero_neighbor_targets=0
GRAB train batch 41: pair_ids shape=(16,), range=96..10222, coefficients shape=(16, 2), sample_weights shape=(16,), zero_neighbor_targets=0
GRAB train batch 42: pair_ids shape=(16,), range=7..10435, coefficients shape=(16, 2), sample_weights shape=(16,), zero_neighbor_targets=0
GRAB train batch 43: pair_ids shape=(16,), range=135..10867, coefficients shape=(16, 2), sample_weights shape=(16,), zero_neighbor_targets=0
GRAB train batch 44: pair_ids shape=(16,), range=10..9128, coefficients shape=(16, 2), sample_weights shape=(16,), zero_neighbor_targets=0
GRAB train batch 45: pair_ids shape=(16,), range=9..10899, coefficients shape=(16, 2), sample_weights shape=(16,), zero_neighbor_targets=0
GRAB train batch 46: pair_ids shape=(16,), range=36..10258, coefficients shape=(16, 2), sample_weights shape=(16,), zero_neighbor_targets=0
GRAB train batch 47: pair_ids shape=(16,), range=38..10373, coefficients shape=(16, 2), sample_weights shape=(16,), zero_neighbor_targets=0
GRAB train batch 48: pair_ids shape=(16,), range=12..10859, coefficients shape=(16, 2), sample_weights shape=(16,), zero_neighbor_targets=0
GRAB train batch 49: pair_ids shape=(16,), range=123..5205, coefficients shape=(16, 2), sample_weights shape=(16,), zero_neighbor_targets=0
GRAB train batch 50: pair_ids shape=(16,), range=510..9754, coefficients shape=(16, 2), sample_weights shape=(16,), zero_neighbor_targets=0
GRAB train batch 51: pair_ids shape=(16,), range=45..10064, coefficients shape=(16, 2), sample_weights shape=(16,), zero_neighbor_targets=0
GRAB train batch 52: pair_ids shape=(16,), range=23..7108, coefficients shape=(16, 2), sample_weights shape=(16,), zero_neighbor_targets=0
GRAB train batch 53: pair_ids shape=(16,), range=97..9671, coefficients shape=(16, 2), sample_weights shape=(16,), zero_neighbor_targets=0
GRAB train batch 54: pair_ids shape=(16,), range=41..7096, coefficients shape=(16, 2), sample_weights shape=(16,), zero_neighbor_targets=0
GRAB train batch 55: pair_ids shape=(16,), range=34..10004, coefficients shape=(16, 2), sample_weights shape=(16,), zero_neighbor_targets=0
GRAB train batch 56: pair_ids shape=(16,), range=170..10735, coefficients shape=(16, 2), sample_weights shape=(16,), zero_neighbor_targets=0
GRAB train batch 57: pair_ids shape=(16,), range=144..9904, coefficients shape=(16, 2), sample_weights shape=(16,), zero_neighbor_targets=0
GRAB train batch 58: pair_ids shape=(16,), range=11..8795, coefficients shape=(16, 2), sample_weights shape=(16,), zero_neighbor_targets=0
GRAB train batch 59: pair_ids shape=(16,), range=17..10611, coefficients shape=(16, 2), sample_weights shape=(16,), zero_neighbor_targets=0
GRAB train batch 60: pair_ids shape=(16,), range=219..10488, coefficients shape=(16, 2), sample_weights shape=(16,), zero_neighbor_targets=0
GRAB train batch 61: pair_ids shape=(16,), range=269..10935, coefficients shape=(16, 2), sample_weights shape=(16,), zero_neighbor_targets=0
GRAB train batch 62: pair_ids shape=(16,), range=16..7095, coefficients shape=(16, 2), sample_weights shape=(16,), zero_neighbor_targets=0
GRAB train batch 63: pair_ids shape=(16,), range=99..10619, coefficients shape=(16, 2), sample_weights shape=(16,), zero_neighbor_targets=0
GRAB train batch 64: pair_ids shape=(16,), range=124..9670, coefficients shape=(16, 2), sample_weights shape=(16,), zero_neighbor_targets=0
GRAB train batch 65: pair_ids shape=(16,), range=32..9153, coefficients shape=(16, 2), sample_weights shape=(16,), zero_neighbor_targets=0
GRAB train batch 66: pair_ids shape=(16,), range=31..10956, coefficients shape=(16, 2), sample_weights shape=(16,), zero_neighbor_targets=0
GRAB train batch 67: pair_ids shape=(16,), range=52..9968, coefficients shape=(16, 2), sample_weights shape=(16,), zero_neighbor_targets=0
GRAB train batch 68: pair_ids shape=(10,), range=0..4679, coefficients shape=(10, 2), sample_weights shape=(10,), zero_neighbor_targets=0
VALIDATION
valid epoch balanced_accuracy: 0.498614
EPOCH 41:
GRAB train batch 1: pair_ids shape=(16,), range=237..10365, coefficients shape=(16, 2), sample_weights shape=(16,), zero_neighbor_targets=0
GRAB train batch 2: pair_ids shape=(16,), range=73..10867, coefficients shape=(16, 2), sample_weights shape=(16,), zero_neighbor_targets=0
GRAB train batch 3: pair_ids shape=(16,), range=13..10435, coefficients shape=(16, 2), sample_weights shape=(16,), zero_neighbor_targets=0
GRAB train batch 4: pair_ids shape=(16,), range=364..10684, coefficients shape=(16, 2), sample_weights shape=(16,), zero_neighbor_targets=0
GRAB train batch 5: pair_ids shape=(16,), range=18..10557, coefficients shape=(16, 2), sample_weights shape=(16,), zero_neighbor_targets=0
GRAB train batch 6: pair_ids shape=(16,), range=115..7720, coefficients shape=(16, 2), sample_weights shape=(16,), zero_neighbor_targets=0
GRAB train batch 7: pair_ids shape=(16,), range=67..10655, coefficients shape=(16, 2), sample_weights shape=(16,), zero_neighbor_targets=0
GRAB train batch 8: pair_ids shape=(16,), range=11..7549, coefficients shape=(16, 2), sample_weights shape=(16,), zero_neighbor_targets=0
GRAB train batch 9: pair_ids shape=(16,), range=15..5205, coefficients shape=(16, 2), sample_weights shape=(16,), zero_neighbor_targets=0
GRAB train batch 10: pair_ids shape=(16,), range=129..9398, coefficients shape=(16, 2), sample_weights shape=(16,), zero_neighbor_targets=0
GRAB train batch 11: pair_ids shape=(16,), range=20..10274, coefficients shape=(16, 2), sample_weights shape=(16,), zero_neighbor_targets=0
GRAB train batch 12: pair_ids shape=(16,), range=33..10046, coefficients shape=(16, 2), sample_weights shape=(16,), zero_neighbor_targets=0
GRAB train batch 13: pair_ids shape=(16,), range=111..10918, coefficients shape=(16, 2), sample_weights shape=(16,), zero_neighbor_targets=0
GRAB train batch 14: pair_ids shape=(16,), range=32..10935, coefficients shape=(16, 2), sample_weights shape=(16,), zero_neighbor_targets=0
GRAB train batch 15: pair_ids shape=(16,), range=25..10404, coefficients shape=(16, 2), sample_weights shape=(16,), zero_neighbor_targets=0
GRAB train batch 16: pair_ids shape=(16,), range=41..10599, coefficients shape=(16, 2), sample_weights shape=(16,), zero_neighbor_targets=0
GRAB train batch 17: pair_ids shape=(16,), range=7..7919, coefficients shape=(16, 2), sample_weights shape=(16,), zero_neighbor_targets=0
GRAB train batch 18: pair_ids shape=(16,), range=63..10161, coefficients shape=(16, 2), sample_weights shape=(16,), zero_neighbor_targets=0
GRAB train batch 19: pair_ids shape=(16,), range=55..10373, coefficients shape=(16, 2), sample_weights shape=(16,), zero_neighbor_targets=0
GRAB train batch 20: pair_ids shape=(16,), range=68..9358, coefficients shape=(16, 2), sample_weights shape=(16,), zero_neighbor_targets=0
GRAB train batch 21: pair_ids shape=(16,), range=12..10956, coefficients shape=(16, 2), sample_weights shape=(16,), zero_neighbor_targets=0
GRAB train batch 22: pair_ids shape=(16,), range=259..4679, coefficients shape=(16, 2), sample_weights shape=(16,), zero_neighbor_targets=0
GRAB train batch 23: pair_ids shape=(16,), range=123..9331, coefficients shape=(16, 2), sample_weights shape=(16,), zero_neighbor_targets=0
GRAB train batch 24: pair_ids shape=(16,), range=34..10258, coefficients shape=(16, 2), sample_weights shape=(16,), zero_neighbor_targets=0
GRAB train batch 25: pair_ids shape=(16,), range=45..8790, coefficients shape=(16, 2), sample_weights shape=(16,), zero_neighbor_targets=0
GRAB train batch 26: pair_ids shape=(16,), range=117..4955, coefficients shape=(16, 2), sample_weights shape=(16,), zero_neighbor_targets=0
GRAB train batch 27: pair_ids shape=(16,), range=243..7517, coefficients shape=(16, 2), sample_weights shape=(16,), zero_neighbor_targets=0
GRAB train batch 28: pair_ids shape=(16,), range=71..6980, coefficients shape=(16, 2), sample_weights shape=(16,), zero_neighbor_targets=0
GRAB train batch 29: pair_ids shape=(16,), range=51..10619, coefficients shape=(16, 2), sample_weights shape=(16,), zero_neighbor_targets=0
GRAB train batch 30: pair_ids shape=(16,), range=10..9396, coefficients shape=(16, 2), sample_weights shape=(16,), zero_neighbor_targets=0
GRAB train batch 31: pair_ids shape=(16,), range=23..4657, coefficients shape=(16, 2), sample_weights shape=(16,), zero_neighbor_targets=0
GRAB train batch 32: pair_ids shape=(16,), range=37..10609, coefficients shape=(16, 2), sample_weights shape=(16,), zero_neighbor_targets=0
GRAB train batch 33: pair_ids shape=(16,), range=35..8084, coefficients shape=(16, 2), sample_weights shape=(16,), zero_neighbor_targets=0
GRAB train batch 34: pair_ids shape=(16,), range=8..9883, coefficients shape=(16, 2), sample_weights shape=(16,), zero_neighbor_targets=0
GRAB train batch 35: pair_ids shape=(16,), range=9..9915, coefficients shape=(16, 2), sample_weights shape=(16,), zero_neighbor_targets=0
GRAB train batch 36: pair_ids shape=(16,), range=220..10738, coefficients shape=(16, 2), sample_weights shape=(16,), zero_neighbor_targets=0
GRAB train batch 37: pair_ids shape=(16,), range=163..7096, coefficients shape=(16, 2), sample_weights shape=(16,), zero_neighbor_targets=0
GRAB train batch 38: pair_ids shape=(16,), range=4..10530, coefficients shape=(16, 2), sample_weights shape=(16,), zero_neighbor_targets=0
GRAB train batch 39: pair_ids shape=(16,), range=2..9671, coefficients shape=(16, 2), sample_weights shape=(16,), zero_neighbor_targets=0
GRAB train batch 40: pair_ids shape=(16,), range=30..10665, coefficients shape=(16, 2), sample_weights shape=(16,), zero_neighbor_targets=0
GRAB train batch 41: pair_ids shape=(16,), range=48..9153, coefficients shape=(16, 2), sample_weights shape=(16,), zero_neighbor_targets=0
GRAB train batch 42: pair_ids shape=(16,), range=144..9648, coefficients shape=(16, 2), sample_weights shape=(16,), zero_neighbor_targets=0
GRAB train batch 43: pair_ids shape=(16,), range=98..10611, coefficients shape=(16, 2), sample_weights shape=(16,), zero_neighbor_targets=0
GRAB train batch 44: pair_ids shape=(16,), range=137..10228, coefficients shape=(16, 2), sample_weights shape=(16,), zero_neighbor_targets=0
GRAB train batch 45: pair_ids shape=(16,), range=368..10925, coefficients shape=(16, 2), sample_weights shape=(16,), zero_neighbor_targets=0
GRAB train batch 46: pair_ids shape=(16,), range=145..7536, coefficients shape=(16, 2), sample_weights shape=(16,), zero_neighbor_targets=0
GRAB train batch 47: pair_ids shape=(16,), range=172..10064, coefficients shape=(16, 2), sample_weights shape=(16,), zero_neighbor_targets=0
GRAB train batch 48: pair_ids shape=(16,), range=5..7753, coefficients shape=(16, 2), sample_weights shape=(16,), zero_neighbor_targets=0
GRAB train batch 49: pair_ids shape=(16,), range=170..9054, coefficients shape=(16, 2), sample_weights shape=(16,), zero_neighbor_targets=0
GRAB train batch 50: pair_ids shape=(16,), range=6..10859, coefficients shape=(16, 2), sample_weights shape=(16,), zero_neighbor_targets=0
GRAB train batch 51: pair_ids shape=(16,), range=52..10862, coefficients shape=(16, 2), sample_weights shape=(16,), zero_neighbor_targets=0
GRAB train batch 52: pair_ids shape=(16,), range=0..10090, coefficients shape=(16, 2), sample_weights shape=(16,), zero_neighbor_targets=0
GRAB train batch 53: pair_ids shape=(16,), range=106..9619, coefficients shape=(16, 2), sample_weights shape=(16,), zero_neighbor_targets=0
GRAB train batch 54: pair_ids shape=(16,), range=21..10520, coefficients shape=(16, 2), sample_weights shape=(16,), zero_neighbor_targets=0
GRAB train batch 55: pair_ids shape=(16,), range=24..10015, coefficients shape=(16, 2), sample_weights shape=(16,), zero_neighbor_targets=0
GRAB train batch 56: pair_ids shape=(16,), range=3..10733, coefficients shape=(16, 2), sample_weights shape=(16,), zero_neighbor_targets=0
GRAB train batch 57: pair_ids shape=(16,), range=183..10735, coefficients shape=(16, 2), sample_weights shape=(16,), zero_neighbor_targets=0
GRAB train batch 58: pair_ids shape=(16,), range=14..10716, coefficients shape=(16, 2), sample_weights shape=(16,), zero_neighbor_targets=0
GRAB train batch 59: pair_ids shape=(16,), range=101..10498, coefficients shape=(16, 2), sample_weights shape=(16,), zero_neighbor_targets=0
GRAB train batch 60: pair_ids shape=(16,), range=70..5208, coefficients shape=(16, 2), sample_weights shape=(16,), zero_neighbor_targets=0
GRAB train batch 61: pair_ids shape=(16,), range=234..9949, coefficients shape=(16, 2), sample_weights shape=(16,), zero_neighbor_targets=0
GRAB train batch 62: pair_ids shape=(16,), range=152..10352, coefficients shape=(16, 2), sample_weights shape=(16,), zero_neighbor_targets=0
GRAB train batch 63: pair_ids shape=(16,), range=19..10472, coefficients shape=(16, 2), sample_weights shape=(16,), zero_neighbor_targets=0
GRAB train batch 64: pair_ids shape=(16,), range=221..10222, coefficients shape=(16, 2), sample_weights shape=(16,), zero_neighbor_targets=0
GRAB train batch 65: pair_ids shape=(16,), range=1..10899, coefficients shape=(16, 2), sample_weights shape=(16,), zero_neighbor_targets=0
GRAB train batch 66: pair_ids shape=(16,), range=42..9828, coefficients shape=(16, 2), sample_weights shape=(16,), zero_neighbor_targets=0
GRAB train batch 67: pair_ids shape=(16,), range=283..9236, coefficients shape=(16, 2), sample_weights shape=(16,), zero_neighbor_targets=0
GRAB train batch 68: pair_ids shape=(10,), range=26..9624, coefficients shape=(10, 2), sample_weights shape=(10,), zero_neighbor_targets=0
VALIDATION
valid epoch balanced_accuracy: 0.465632
EPOCH 42:
GRAB train batch 1: pair_ids shape=(16,), range=144..8012, coefficients shape=(16, 2), sample_weights shape=(16,), zero_neighbor_targets=0
GRAB train batch 2: pair_ids shape=(16,), range=1..8060, coefficients shape=(16, 2), sample_weights shape=(16,), zero_neighbor_targets=0
GRAB train batch 3: pair_ids shape=(16,), range=108..10004, coefficients shape=(16, 2), sample_weights shape=(16,), zero_neighbor_targets=0
GRAB train batch 4: pair_ids shape=(16,), range=5..10918, coefficients shape=(16, 2), sample_weights shape=(16,), zero_neighbor_targets=0
GRAB train batch 5: pair_ids shape=(16,), range=25..8873, coefficients shape=(16, 2), sample_weights shape=(16,), zero_neighbor_targets=0
GRAB train batch 6: pair_ids shape=(16,), range=323..9396, coefficients shape=(16, 2), sample_weights shape=(16,), zero_neighbor_targets=0
GRAB train batch 7: pair_ids shape=(16,), range=46..10161, coefficients shape=(16, 2), sample_weights shape=(16,), zero_neighbor_targets=0
GRAB train batch 8: pair_ids shape=(16,), range=55..10046, coefficients shape=(16, 2), sample_weights shape=(16,), zero_neighbor_targets=0
GRAB train batch 9: pair_ids shape=(16,), range=129..10735, coefficients shape=(16, 2), sample_weights shape=(16,), zero_neighbor_targets=0
GRAB train batch 10: pair_ids shape=(16,), range=52..10899, coefficients shape=(16, 2), sample_weights shape=(16,), zero_neighbor_targets=0
GRAB train batch 11: pair_ids shape=(16,), range=106..9324, coefficients shape=(16, 2), sample_weights shape=(16,), zero_neighbor_targets=0
GRAB train batch 12: pair_ids shape=(16,), range=50..9573, coefficients shape=(16, 2), sample_weights shape=(16,), zero_neighbor_targets=0
GRAB train batch 13: pair_ids shape=(16,), range=3..7549, coefficients shape=(16, 2), sample_weights shape=(16,), zero_neighbor_targets=0
GRAB train batch 14: pair_ids shape=(16,), range=51..10256, coefficients shape=(16, 2), sample_weights shape=(16,), zero_neighbor_targets=0
GRAB train batch 15: pair_ids shape=(16,), range=35..10859, coefficients shape=(16, 2), sample_weights shape=(16,), zero_neighbor_targets=0
GRAB train batch 16: pair_ids shape=(16,), range=131..7532, coefficients shape=(16, 2), sample_weights shape=(16,), zero_neighbor_targets=0
GRAB train batch 17: pair_ids shape=(16,), range=48..9957, coefficients shape=(16, 2), sample_weights shape=(16,), zero_neighbor_targets=0
GRAB train batch 18: pair_ids shape=(16,), range=45..9968, coefficients shape=(16, 2), sample_weights shape=(16,), zero_neighbor_targets=0
GRAB train batch 19: pair_ids shape=(16,), range=109..10609, coefficients shape=(16, 2), sample_weights shape=(16,), zero_neighbor_targets=0
GRAB train batch 20: pair_ids shape=(16,), range=0..8075, coefficients shape=(16, 2), sample_weights shape=(16,), zero_neighbor_targets=0
GRAB train batch 21: pair_ids shape=(16,), range=12..4679, coefficients shape=(16, 2), sample_weights shape=(16,), zero_neighbor_targets=0
GRAB train batch 22: pair_ids shape=(16,), range=41..10935, coefficients shape=(16, 2), sample_weights shape=(16,), zero_neighbor_targets=0
GRAB train batch 23: pair_ids shape=(16,), range=143..8005, coefficients shape=(16, 2), sample_weights shape=(16,), zero_neighbor_targets=0
GRAB train batch 24: pair_ids shape=(16,), range=116..10956, coefficients shape=(16, 2), sample_weights shape=(16,), zero_neighbor_targets=0
GRAB train batch 25: pair_ids shape=(16,), range=19..10373, coefficients shape=(16, 2), sample_weights shape=(16,), zero_neighbor_targets=0
GRAB train batch 26: pair_ids shape=(16,), range=2..10733, coefficients shape=(16, 2), sample_weights shape=(16,), zero_neighbor_targets=0
GRAB train batch 27: pair_ids shape=(16,), range=122..7895, coefficients shape=(16, 2), sample_weights shape=(16,), zero_neighbor_targets=0
GRAB train batch 28: pair_ids shape=(16,), range=26..10716, coefficients shape=(16, 2), sample_weights shape=(16,), zero_neighbor_targets=0
GRAB train batch 29: pair_ids shape=(16,), range=68..7902, coefficients shape=(16, 2), sample_weights shape=(16,), zero_neighbor_targets=0
GRAB train batch 30: pair_ids shape=(16,), range=148..10567, coefficients shape=(16, 2), sample_weights shape=(16,), zero_neighbor_targets=0
GRAB train batch 31: pair_ids shape=(16,), range=14..10665, coefficients shape=(16, 2), sample_weights shape=(16,), zero_neighbor_targets=0
GRAB train batch 32: pair_ids shape=(16,), range=16..9128, coefficients shape=(16, 2), sample_weights shape=(16,), zero_neighbor_targets=0
GRAB train batch 33: pair_ids shape=(16,), range=100..10611, coefficients shape=(16, 2), sample_weights shape=(16,), zero_neighbor_targets=0
GRAB train batch 34: pair_ids shape=(16,), range=54..9358, coefficients shape=(16, 2), sample_weights shape=(16,), zero_neighbor_targets=0
GRAB train batch 35: pair_ids shape=(16,), range=7..10007, coefficients shape=(16, 2), sample_weights shape=(16,), zero_neighbor_targets=0
GRAB train batch 36: pair_ids shape=(16,), range=178..7481, coefficients shape=(16, 2), sample_weights shape=(16,), zero_neighbor_targets=0
GRAB train batch 37: pair_ids shape=(16,), range=31..10092, coefficients shape=(16, 2), sample_weights shape=(16,), zero_neighbor_targets=0
GRAB train batch 38: pair_ids shape=(16,), range=58..9587, coefficients shape=(16, 2), sample_weights shape=(16,), zero_neighbor_targets=0
GRAB train batch 39: pair_ids shape=(16,), range=33..10141, coefficients shape=(16, 2), sample_weights shape=(16,), zero_neighbor_targets=0
GRAB train batch 40: pair_ids shape=(16,), range=179..9531, coefficients shape=(16, 2), sample_weights shape=(16,), zero_neighbor_targets=0
GRAB train batch 41: pair_ids shape=(16,), range=15..9808, coefficients shape=(16, 2), sample_weights shape=(16,), zero_neighbor_targets=0
GRAB train batch 42: pair_ids shape=(16,), range=6..10619, coefficients shape=(16, 2), sample_weights shape=(16,), zero_neighbor_targets=0
GRAB train batch 43: pair_ids shape=(16,), range=414..9072, coefficients shape=(16, 2), sample_weights shape=(16,), zero_neighbor_targets=0
GRAB train batch 44: pair_ids shape=(16,), range=29..10520, coefficients shape=(16, 2), sample_weights shape=(16,), zero_neighbor_targets=0
GRAB train batch 45: pair_ids shape=(16,), range=23..10365, coefficients shape=(16, 2), sample_weights shape=(16,), zero_neighbor_targets=0
GRAB train batch 46: pair_ids shape=(16,), range=4..5614, coefficients shape=(16, 2), sample_weights shape=(16,), zero_neighbor_targets=0
GRAB train batch 47: pair_ids shape=(16,), range=34..7758, coefficients shape=(16, 2), sample_weights shape=(16,), zero_neighbor_targets=0
GRAB train batch 48: pair_ids shape=(16,), range=11..9648, coefficients shape=(16, 2), sample_weights shape=(16,), zero_neighbor_targets=0
GRAB train batch 49: pair_ids shape=(16,), range=21..10274, coefficients shape=(16, 2), sample_weights shape=(16,), zero_neighbor_targets=0
GRAB train batch 50: pair_ids shape=(16,), range=69..10308, coefficients shape=(16, 2), sample_weights shape=(16,), zero_neighbor_targets=0
GRAB train batch 51: pair_ids shape=(16,), range=32..10530, coefficients shape=(16, 2), sample_weights shape=(16,), zero_neighbor_targets=0
GRAB train batch 52: pair_ids shape=(16,), range=134..7166, coefficients shape=(16, 2), sample_weights shape=(16,), zero_neighbor_targets=0
GRAB train batch 53: pair_ids shape=(16,), range=18..7942, coefficients shape=(16, 2), sample_weights shape=(16,), zero_neighbor_targets=0
GRAB train batch 54: pair_ids shape=(16,), range=8..10867, coefficients shape=(16, 2), sample_weights shape=(16,), zero_neighbor_targets=0
GRAB train batch 55: pair_ids shape=(16,), range=44..10222, coefficients shape=(16, 2), sample_weights shape=(16,), zero_neighbor_targets=0
GRAB train batch 56: pair_ids shape=(16,), range=13..10738, coefficients shape=(16, 2), sample_weights shape=(16,), zero_neighbor_targets=0
GRAB train batch 57: pair_ids shape=(16,), range=60..9331, coefficients shape=(16, 2), sample_weights shape=(16,), zero_neighbor_targets=0
GRAB train batch 58: pair_ids shape=(16,), range=10..10862, coefficients shape=(16, 2), sample_weights shape=(16,), zero_neighbor_targets=0
GRAB train batch 59: pair_ids shape=(16,), range=66..10488, coefficients shape=(16, 2), sample_weights shape=(16,), zero_neighbor_targets=0
GRAB train batch 60: pair_ids shape=(16,), range=24..10064, coefficients shape=(16, 2), sample_weights shape=(16,), zero_neighbor_targets=0
GRAB train batch 61: pair_ids shape=(16,), range=20..10093, coefficients shape=(16, 2), sample_weights shape=(16,), zero_neighbor_targets=0
GRAB train batch 62: pair_ids shape=(16,), range=73..10404, coefficients shape=(16, 2), sample_weights shape=(16,), zero_neighbor_targets=0
GRAB train batch 63: pair_ids shape=(16,), range=123..9904, coefficients shape=(16, 2), sample_weights shape=(16,), zero_neighbor_targets=0
GRAB train batch 64: pair_ids shape=(16,), range=53..10498, coefficients shape=(16, 2), sample_weights shape=(16,), zero_neighbor_targets=0
GRAB train batch 65: pair_ids shape=(16,), range=320..9883, coefficients shape=(16, 2), sample_weights shape=(16,), zero_neighbor_targets=0
GRAB train batch 66: pair_ids shape=(16,), range=17..9208, coefficients shape=(16, 2), sample_weights shape=(16,), zero_neighbor_targets=0
GRAB train batch 67: pair_ids shape=(16,), range=146..10228, coefficients shape=(16, 2), sample_weights shape=(16,), zero_neighbor_targets=0
GRAB train batch 68: pair_ids shape=(10,), range=9..10925, coefficients shape=(10, 2), sample_weights shape=(10,), zero_neighbor_targets=0
VALIDATION
valid epoch balanced_accuracy: 0.471729
EPOCH 43:
GRAB train batch 1: pair_ids shape=(16,), range=72..10092, coefficients shape=(16, 2), sample_weights shape=(16,), zero_neighbor_targets=0
GRAB train batch 2: pair_ids shape=(16,), range=127..7942, coefficients shape=(16, 2), sample_weights shape=(16,), zero_neighbor_targets=0
GRAB train batch 3: pair_ids shape=(16,), range=107..10859, coefficients shape=(16, 2), sample_weights shape=(16,), zero_neighbor_targets=0
GRAB train batch 4: pair_ids shape=(16,), range=53..6942, coefficients shape=(16, 2), sample_weights shape=(16,), zero_neighbor_targets=0
GRAB train batch 5: pair_ids shape=(16,), range=7..9548, coefficients shape=(16, 2), sample_weights shape=(16,), zero_neighbor_targets=0
GRAB train batch 6: pair_ids shape=(16,), range=50..9236, coefficients shape=(16, 2), sample_weights shape=(16,), zero_neighbor_targets=0
GRAB train batch 7: pair_ids shape=(16,), range=6..5462, coefficients shape=(16, 2), sample_weights shape=(16,), zero_neighbor_targets=0
GRAB train batch 8: pair_ids shape=(16,), range=17..10567, coefficients shape=(16, 2), sample_weights shape=(16,), zero_neighbor_targets=0
GRAB train batch 9: pair_ids shape=(16,), range=36..10228, coefficients shape=(16, 2), sample_weights shape=(16,), zero_neighbor_targets=0
GRAB train batch 10: pair_ids shape=(16,), range=144..10665, coefficients shape=(16, 2), sample_weights shape=(16,), zero_neighbor_targets=0
GRAB train batch 11: pair_ids shape=(16,), range=33..10862, coefficients shape=(16, 2), sample_weights shape=(16,), zero_neighbor_targets=0
GRAB train batch 12: pair_ids shape=(16,), range=119..10609, coefficients shape=(16, 2), sample_weights shape=(16,), zero_neighbor_targets=0
GRAB train batch 13: pair_ids shape=(16,), range=13..5309, coefficients shape=(16, 2), sample_weights shape=(16,), zero_neighbor_targets=0
GRAB train batch 14: pair_ids shape=(16,), range=298..9398, coefficients shape=(16, 2), sample_weights shape=(16,), zero_neighbor_targets=0
GRAB train batch 15: pair_ids shape=(16,), range=188..10956, coefficients shape=(16, 2), sample_weights shape=(16,), zero_neighbor_targets=0
GRAB train batch 16: pair_ids shape=(16,), range=59..9054, coefficients shape=(16, 2), sample_weights shape=(16,), zero_neighbor_targets=0
GRAB train batch 17: pair_ids shape=(16,), range=65..10030, coefficients shape=(16, 2), sample_weights shape=(16,), zero_neighbor_targets=0
GRAB train batch 18: pair_ids shape=(16,), range=173..10733, coefficients shape=(16, 2), sample_weights shape=(16,), zero_neighbor_targets=0
GRAB train batch 19: pair_ids shape=(16,), range=134..8060, coefficients shape=(16, 2), sample_weights shape=(16,), zero_neighbor_targets=0
GRAB train batch 20: pair_ids shape=(16,), range=42..10557, coefficients shape=(16, 2), sample_weights shape=(16,), zero_neighbor_targets=0
GRAB train batch 21: pair_ids shape=(16,), range=46..3163, coefficients shape=(16, 2), sample_weights shape=(16,), zero_neighbor_targets=0
GRAB train batch 22: pair_ids shape=(16,), range=1..9957, coefficients shape=(16, 2), sample_weights shape=(16,), zero_neighbor_targets=0
GRAB train batch 23: pair_ids shape=(16,), range=112..10336, coefficients shape=(16, 2), sample_weights shape=(16,), zero_neighbor_targets=0
GRAB train batch 24: pair_ids shape=(16,), range=31..9648, coefficients shape=(16, 2), sample_weights shape=(16,), zero_neighbor_targets=0
GRAB train batch 25: pair_ids shape=(16,), range=19..10498, coefficients shape=(16, 2), sample_weights shape=(16,), zero_neighbor_targets=0
GRAB train batch 26: pair_ids shape=(16,), range=158..7924, coefficients shape=(16, 2), sample_weights shape=(16,), zero_neighbor_targets=0
GRAB train batch 27: pair_ids shape=(16,), range=55..10352, coefficients shape=(16, 2), sample_weights shape=(16,), zero_neighbor_targets=0
GRAB train batch 28: pair_ids shape=(16,), range=44..8045, coefficients shape=(16, 2), sample_weights shape=(16,), zero_neighbor_targets=0
GRAB train batch 29: pair_ids shape=(16,), range=20..10373, coefficients shape=(16, 2), sample_weights shape=(16,), zero_neighbor_targets=0
GRAB train batch 30: pair_ids shape=(16,), range=29..10090, coefficients shape=(16, 2), sample_weights shape=(16,), zero_neighbor_targets=0
GRAB train batch 31: pair_ids shape=(16,), range=232..10918, coefficients shape=(16, 2), sample_weights shape=(16,), zero_neighbor_targets=0
GRAB train batch 32: pair_ids shape=(16,), range=18..10007, coefficients shape=(16, 2), sample_weights shape=(16,), zero_neighbor_targets=0
GRAB train batch 33: pair_ids shape=(16,), range=135..3114, coefficients shape=(16, 2), sample_weights shape=(16,), zero_neighbor_targets=0
GRAB train batch 34: pair_ids shape=(16,), range=109..10899, coefficients shape=(16, 2), sample_weights shape=(16,), zero_neighbor_targets=0
GRAB train batch 35: pair_ids shape=(16,), range=34..9005, coefficients shape=(16, 2), sample_weights shape=(16,), zero_neighbor_targets=0
GRAB train batch 36: pair_ids shape=(16,), range=25..10716, coefficients shape=(16, 2), sample_weights shape=(16,), zero_neighbor_targets=0
GRAB train batch 37: pair_ids shape=(16,), range=35..10735, coefficients shape=(16, 2), sample_weights shape=(16,), zero_neighbor_targets=0
GRAB train batch 38: pair_ids shape=(16,), range=48..9444, coefficients shape=(16, 2), sample_weights shape=(16,), zero_neighbor_targets=0
GRAB train batch 39: pair_ids shape=(16,), range=71..9327, coefficients shape=(16, 2), sample_weights shape=(16,), zero_neighbor_targets=0
GRAB train batch 40: pair_ids shape=(16,), range=120..10867, coefficients shape=(16, 2), sample_weights shape=(16,), zero_neighbor_targets=0
GRAB train batch 41: pair_ids shape=(16,), range=61..9922, coefficients shape=(16, 2), sample_weights shape=(16,), zero_neighbor_targets=0
GRAB train batch 42: pair_ids shape=(16,), range=2..9560, coefficients shape=(16, 2), sample_weights shape=(16,), zero_neighbor_targets=0
GRAB train batch 43: pair_ids shape=(16,), range=148..10684, coefficients shape=(16, 2), sample_weights shape=(16,), zero_neighbor_targets=0
GRAB train batch 44: pair_ids shape=(16,), range=4..10925, coefficients shape=(16, 2), sample_weights shape=(16,), zero_neighbor_targets=0
GRAB train batch 45: pair_ids shape=(16,), range=26..10611, coefficients shape=(16, 2), sample_weights shape=(16,), zero_neighbor_targets=0
GRAB train batch 46: pair_ids shape=(16,), range=38..9624, coefficients shape=(16, 2), sample_weights shape=(16,), zero_neighbor_targets=0
GRAB train batch 47: pair_ids shape=(16,), range=14..8012, coefficients shape=(16, 2), sample_weights shape=(16,), zero_neighbor_targets=0
GRAB train batch 48: pair_ids shape=(16,), range=51..9619, coefficients shape=(16, 2), sample_weights shape=(16,), zero_neighbor_targets=0
GRAB train batch 49: pair_ids shape=(16,), range=178..8028, coefficients shape=(16, 2), sample_weights shape=(16,), zero_neighbor_targets=0
GRAB train batch 50: pair_ids shape=(16,), range=0..9077, coefficients shape=(16, 2), sample_weights shape=(16,), zero_neighbor_targets=0
GRAB train batch 51: pair_ids shape=(16,), range=12..9904, coefficients shape=(16, 2), sample_weights shape=(16,), zero_neighbor_targets=0
GRAB train batch 52: pair_ids shape=(16,), range=146..10274, coefficients shape=(16, 2), sample_weights shape=(16,), zero_neighbor_targets=0
GRAB train batch 53: pair_ids shape=(16,), range=3..7549, coefficients shape=(16, 2), sample_weights shape=(16,), zero_neighbor_targets=0
GRAB train batch 54: pair_ids shape=(16,), range=32..10619, coefficients shape=(16, 2), sample_weights shape=(16,), zero_neighbor_targets=0
GRAB train batch 55: pair_ids shape=(16,), range=100..10738, coefficients shape=(16, 2), sample_weights shape=(16,), zero_neighbor_targets=0
GRAB train batch 56: pair_ids shape=(16,), range=8..7106, coefficients shape=(16, 2), sample_weights shape=(16,), zero_neighbor_targets=0
GRAB train batch 57: pair_ids shape=(16,), range=23..8790, coefficients shape=(16, 2), sample_weights shape=(16,), zero_neighbor_targets=0
GRAB train batch 58: pair_ids shape=(16,), range=218..10161, coefficients shape=(16, 2), sample_weights shape=(16,), zero_neighbor_targets=0
GRAB train batch 59: pair_ids shape=(16,), range=43..10404, coefficients shape=(16, 2), sample_weights shape=(16,), zero_neighbor_targets=0
GRAB train batch 60: pair_ids shape=(16,), range=223..9785, coefficients shape=(16, 2), sample_weights shape=(16,), zero_neighbor_targets=0
GRAB train batch 61: pair_ids shape=(16,), range=5..10258, coefficients shape=(16, 2), sample_weights shape=(16,), zero_neighbor_targets=0
GRAB train batch 62: pair_ids shape=(16,), range=111..9358, coefficients shape=(16, 2), sample_weights shape=(16,), zero_neighbor_targets=0
GRAB train batch 63: pair_ids shape=(16,), range=22..10935, coefficients shape=(16, 2), sample_weights shape=(16,), zero_neighbor_targets=0
GRAB train batch 64: pair_ids shape=(16,), range=99..8084, coefficients shape=(16, 2), sample_weights shape=(16,), zero_neighbor_targets=0
GRAB train batch 65: pair_ids shape=(16,), range=15..10488, coefficients shape=(16, 2), sample_weights shape=(16,), zero_neighbor_targets=0
GRAB train batch 66: pair_ids shape=(16,), range=67..9153, coefficients shape=(16, 2), sample_weights shape=(16,), zero_neighbor_targets=0
GRAB train batch 67: pair_ids shape=(16,), range=58..8795, coefficients shape=(16, 2), sample_weights shape=(16,), zero_neighbor_targets=0
GRAB train batch 68: pair_ids shape=(10,), range=187..9531, coefficients shape=(10, 2), sample_weights shape=(10,), zero_neighbor_targets=0
VALIDATION
valid epoch balanced_accuracy: 0.480322
EPOCH 44:
GRAB train batch 1: pair_ids shape=(16,), range=151..10520, coefficients shape=(16, 2), sample_weights shape=(16,), zero_neighbor_targets=0
GRAB train batch 2: pair_ids shape=(16,), range=13..10365, coefficients shape=(16, 2), sample_weights shape=(16,), zero_neighbor_targets=0
GRAB train batch 3: pair_ids shape=(16,), range=20..10007, coefficients shape=(16, 2), sample_weights shape=(16,), zero_neighbor_targets=0
GRAB train batch 4: pair_ids shape=(16,), range=39..10862, coefficients shape=(16, 2), sample_weights shape=(16,), zero_neighbor_targets=0
GRAB train batch 5: pair_ids shape=(16,), range=73..10274, coefficients shape=(16, 2), sample_weights shape=(16,), zero_neighbor_targets=0
GRAB train batch 6: pair_ids shape=(16,), range=9..5596, coefficients shape=(16, 2), sample_weights shape=(16,), zero_neighbor_targets=0
GRAB train batch 7: pair_ids shape=(16,), range=108..10956, coefficients shape=(16, 2), sample_weights shape=(16,), zero_neighbor_targets=0
GRAB train batch 8: pair_ids shape=(16,), range=11..5197, coefficients shape=(16, 2), sample_weights shape=(16,), zero_neighbor_targets=0
GRAB train batch 9: pair_ids shape=(16,), range=71..10867, coefficients shape=(16, 2), sample_weights shape=(16,), zero_neighbor_targets=0
GRAB train batch 10: pair_ids shape=(16,), range=28..10222, coefficients shape=(16, 2), sample_weights shape=(16,), zero_neighbor_targets=0
GRAB train batch 11: pair_ids shape=(16,), range=235..9331, coefficients shape=(16, 2), sample_weights shape=(16,), zero_neighbor_targets=0
GRAB train batch 12: pair_ids shape=(16,), range=169..9962, coefficients shape=(16, 2), sample_weights shape=(16,), zero_neighbor_targets=0
GRAB train batch 13: pair_ids shape=(16,), range=114..10611, coefficients shape=(16, 2), sample_weights shape=(16,), zero_neighbor_targets=0
GRAB train batch 14: pair_ids shape=(16,), range=52..10373, coefficients shape=(16, 2), sample_weights shape=(16,), zero_neighbor_targets=0
GRAB train batch 15: pair_ids shape=(16,), range=30..10684, coefficients shape=(16, 2), sample_weights shape=(16,), zero_neighbor_targets=0
GRAB train batch 16: pair_ids shape=(16,), range=153..10935, coefficients shape=(16, 2), sample_weights shape=(16,), zero_neighbor_targets=0
GRAB train batch 17: pair_ids shape=(16,), range=134..9637, coefficients shape=(16, 2), sample_weights shape=(16,), zero_neighbor_targets=0
GRAB train batch 18: pair_ids shape=(16,), range=16..10472, coefficients shape=(16, 2), sample_weights shape=(16,), zero_neighbor_targets=0
GRAB train batch 19: pair_ids shape=(16,), range=29..9255, coefficients shape=(16, 2), sample_weights shape=(16,), zero_neighbor_targets=0
GRAB train batch 20: pair_ids shape=(16,), range=26..10655, coefficients shape=(16, 2), sample_weights shape=(16,), zero_neighbor_targets=0
GRAB train batch 21: pair_ids shape=(16,), range=67..10228, coefficients shape=(16, 2), sample_weights shape=(16,), zero_neighbor_targets=0
GRAB train batch 22: pair_ids shape=(16,), range=8..9211, coefficients shape=(16, 2), sample_weights shape=(16,), zero_neighbor_targets=0
GRAB train batch 23: pair_ids shape=(16,), range=7..7549, coefficients shape=(16, 2), sample_weights shape=(16,), zero_neighbor_targets=0
GRAB train batch 24: pair_ids shape=(16,), range=170..10599, coefficients shape=(16, 2), sample_weights shape=(16,), zero_neighbor_targets=0
GRAB train batch 25: pair_ids shape=(16,), range=42..10090, coefficients shape=(16, 2), sample_weights shape=(16,), zero_neighbor_targets=0
GRAB train batch 26: pair_ids shape=(16,), range=128..7942, coefficients shape=(16, 2), sample_weights shape=(16,), zero_neighbor_targets=0
GRAB train batch 27: pair_ids shape=(16,), range=37..7517, coefficients shape=(16, 2), sample_weights shape=(16,), zero_neighbor_targets=0
GRAB train batch 28: pair_ids shape=(16,), range=130..2332, coefficients shape=(16, 2), sample_weights shape=(16,), zero_neighbor_targets=0
GRAB train batch 29: pair_ids shape=(16,), range=66..7536, coefficients shape=(16, 2), sample_weights shape=(16,), zero_neighbor_targets=0
GRAB train batch 30: pair_ids shape=(16,), range=1..10716, coefficients shape=(16, 2), sample_weights shape=(16,), zero_neighbor_targets=0
GRAB train batch 31: pair_ids shape=(16,), range=139..9883, coefficients shape=(16, 2), sample_weights shape=(16,), zero_neighbor_targets=0
GRAB train batch 32: pair_ids shape=(16,), range=19..5095, coefficients shape=(16, 2), sample_weights shape=(16,), zero_neighbor_targets=0
GRAB train batch 33: pair_ids shape=(16,), range=4..10488, coefficients shape=(16, 2), sample_weights shape=(16,), zero_neighbor_targets=0
GRAB train batch 34: pair_ids shape=(16,), range=275..10141, coefficients shape=(16, 2), sample_weights shape=(16,), zero_neighbor_targets=0
GRAB train batch 35: pair_ids shape=(16,), range=60..10899, coefficients shape=(16, 2), sample_weights shape=(16,), zero_neighbor_targets=0
GRAB train batch 36: pair_ids shape=(16,), range=5..7941, coefficients shape=(16, 2), sample_weights shape=(16,), zero_neighbor_targets=0
GRAB train batch 37: pair_ids shape=(16,), range=0..10619, coefficients shape=(16, 2), sample_weights shape=(16,), zero_neighbor_targets=0
GRAB train batch 38: pair_ids shape=(16,), range=180..5202, coefficients shape=(16, 2), sample_weights shape=(16,), zero_neighbor_targets=0
GRAB train batch 39: pair_ids shape=(16,), range=14..7106, coefficients shape=(16, 2), sample_weights shape=(16,), zero_neighbor_targets=0
GRAB train batch 40: pair_ids shape=(16,), range=106..10092, coefficients shape=(16, 2), sample_weights shape=(16,), zero_neighbor_targets=0
GRAB train batch 41: pair_ids shape=(16,), range=165..9671, coefficients shape=(16, 2), sample_weights shape=(16,), zero_neighbor_targets=0
GRAB train batch 42: pair_ids shape=(16,), range=97..10567, coefficients shape=(16, 2), sample_weights shape=(16,), zero_neighbor_targets=0
GRAB train batch 43: pair_ids shape=(16,), range=70..9652, coefficients shape=(16, 2), sample_weights shape=(16,), zero_neighbor_targets=0
GRAB train batch 44: pair_ids shape=(16,), range=163..10256, coefficients shape=(16, 2), sample_weights shape=(16,), zero_neighbor_targets=0
GRAB train batch 45: pair_ids shape=(16,), range=53..9124, coefficients shape=(16, 2), sample_weights shape=(16,), zero_neighbor_targets=0
GRAB train batch 46: pair_ids shape=(16,), range=104..9785, coefficients shape=(16, 2), sample_weights shape=(16,), zero_neighbor_targets=0
GRAB train batch 47: pair_ids shape=(16,), range=21..10738, coefficients shape=(16, 2), sample_weights shape=(16,), zero_neighbor_targets=0
GRAB train batch 48: pair_ids shape=(16,), range=263..10557, coefficients shape=(16, 2), sample_weights shape=(16,), zero_neighbor_targets=0
GRAB train batch 49: pair_ids shape=(16,), range=18..9573, coefficients shape=(16, 2), sample_weights shape=(16,), zero_neighbor_targets=0
GRAB train batch 50: pair_ids shape=(16,), range=3..10308, coefficients shape=(16, 2), sample_weights shape=(16,), zero_neighbor_targets=0
GRAB train batch 51: pair_ids shape=(16,), range=41..9957, coefficients shape=(16, 2), sample_weights shape=(16,), zero_neighbor_targets=0
GRAB train batch 52: pair_ids shape=(16,), range=356..3205, coefficients shape=(16, 2), sample_weights shape=(16,), zero_neighbor_targets=0
GRAB train batch 53: pair_ids shape=(16,), range=6..9531, coefficients shape=(16, 2), sample_weights shape=(16,), zero_neighbor_targets=0
GRAB train batch 54: pair_ids shape=(16,), range=57..3114, coefficients shape=(16, 2), sample_weights shape=(16,), zero_neighbor_targets=0
GRAB train batch 55: pair_ids shape=(16,), range=36..10918, coefficients shape=(16, 2), sample_weights shape=(16,), zero_neighbor_targets=0
GRAB train batch 56: pair_ids shape=(16,), range=99..10665, coefficients shape=(16, 2), sample_weights shape=(16,), zero_neighbor_targets=0
GRAB train batch 57: pair_ids shape=(16,), range=17..7758, coefficients shape=(16, 2), sample_weights shape=(16,), zero_neighbor_targets=0
GRAB train batch 58: pair_ids shape=(16,), range=2..10030, coefficients shape=(16, 2), sample_weights shape=(16,), zero_neighbor_targets=0
GRAB train batch 59: pair_ids shape=(16,), range=38..10735, coefficients shape=(16, 2), sample_weights shape=(16,), zero_neighbor_targets=0
GRAB train batch 60: pair_ids shape=(16,), range=24..8933, coefficients shape=(16, 2), sample_weights shape=(16,), zero_neighbor_targets=0
GRAB train batch 61: pair_ids shape=(16,), range=43..10859, coefficients shape=(16, 2), sample_weights shape=(16,), zero_neighbor_targets=0
GRAB train batch 62: pair_ids shape=(16,), range=12..9077, coefficients shape=(16, 2), sample_weights shape=(16,), zero_neighbor_targets=0
GRAB train batch 63: pair_ids shape=(16,), range=61..10004, coefficients shape=(16, 2), sample_weights shape=(16,), zero_neighbor_targets=0
GRAB train batch 64: pair_ids shape=(16,), range=116..10018, coefficients shape=(16, 2), sample_weights shape=(16,), zero_neighbor_targets=0
GRAB train batch 65: pair_ids shape=(16,), range=51..10733, coefficients shape=(16, 2), sample_weights shape=(16,), zero_neighbor_targets=0
GRAB train batch 66: pair_ids shape=(16,), range=174..10404, coefficients shape=(16, 2), sample_weights shape=(16,), zero_neighbor_targets=0
GRAB train batch 67: pair_ids shape=(16,), range=22..9670, coefficients shape=(16, 2), sample_weights shape=(16,), zero_neighbor_targets=0
GRAB train batch 68: pair_ids shape=(10,), range=59..9915, coefficients shape=(10, 2), sample_weights shape=(10,), zero_neighbor_targets=0
VALIDATION
valid epoch balanced_accuracy: 0.462029
EPOCH 45:
GRAB train batch 1: pair_ids shape=(16,), range=18..8060, coefficients shape=(16, 2), sample_weights shape=(16,), zero_neighbor_targets=0
GRAB train batch 2: pair_ids shape=(16,), range=5..9785, coefficients shape=(16, 2), sample_weights shape=(16,), zero_neighbor_targets=0
GRAB train batch 3: pair_ids shape=(16,), range=57..10567, coefficients shape=(16, 2), sample_weights shape=(16,), zero_neighbor_targets=0
GRAB train batch 4: pair_ids shape=(16,), range=142..10557, coefficients shape=(16, 2), sample_weights shape=(16,), zero_neighbor_targets=0
GRAB train batch 5: pair_ids shape=(16,), range=132..10256, coefficients shape=(16, 2), sample_weights shape=(16,), zero_neighbor_targets=0
GRAB train batch 6: pair_ids shape=(16,), range=127..5421, coefficients shape=(16, 2), sample_weights shape=(16,), zero_neighbor_targets=0
GRAB train batch 7: pair_ids shape=(16,), range=173..1851, coefficients shape=(16, 2), sample_weights shape=(16,), zero_neighbor_targets=0
GRAB train batch 8: pair_ids shape=(16,), range=155..10030, coefficients shape=(16, 2), sample_weights shape=(16,), zero_neighbor_targets=0
GRAB train batch 9: pair_ids shape=(16,), range=117..7720, coefficients shape=(16, 2), sample_weights shape=(16,), zero_neighbor_targets=0
GRAB train batch 10: pair_ids shape=(16,), range=1..10899, coefficients shape=(16, 2), sample_weights shape=(16,), zero_neighbor_targets=0
GRAB train batch 11: pair_ids shape=(16,), range=137..8088, coefficients shape=(16, 2), sample_weights shape=(16,), zero_neighbor_targets=0
GRAB train batch 12: pair_ids shape=(16,), range=0..7685, coefficients shape=(16, 2), sample_weights shape=(16,), zero_neighbor_targets=0
GRAB train batch 13: pair_ids shape=(16,), range=51..10665, coefficients shape=(16, 2), sample_weights shape=(16,), zero_neighbor_targets=0
GRAB train batch 14: pair_ids shape=(16,), range=97..10599, coefficients shape=(16, 2), sample_weights shape=(16,), zero_neighbor_targets=0
GRAB train batch 15: pair_ids shape=(16,), range=110..10530, coefficients shape=(16, 2), sample_weights shape=(16,), zero_neighbor_targets=0
GRAB train batch 16: pair_ids shape=(16,), range=68..9915, coefficients shape=(16, 2), sample_weights shape=(16,), zero_neighbor_targets=0
GRAB train batch 17: pair_ids shape=(16,), range=32..10015, coefficients shape=(16, 2), sample_weights shape=(16,), zero_neighbor_targets=0
GRAB train batch 18: pair_ids shape=(16,), range=151..9957, coefficients shape=(16, 2), sample_weights shape=(16,), zero_neighbor_targets=0
GRAB train batch 19: pair_ids shape=(16,), range=174..10655, coefficients shape=(16, 2), sample_weights shape=(16,), zero_neighbor_targets=0
GRAB train batch 20: pair_ids shape=(16,), range=21..4871, coefficients shape=(16, 2), sample_weights shape=(16,), zero_neighbor_targets=0
GRAB train batch 21: pair_ids shape=(16,), range=98..10733, coefficients shape=(16, 2), sample_weights shape=(16,), zero_neighbor_targets=0
GRAB train batch 22: pair_ids shape=(16,), range=105..9808, coefficients shape=(16, 2), sample_weights shape=(16,), zero_neighbor_targets=0
GRAB train batch 23: pair_ids shape=(16,), range=15..9962, coefficients shape=(16, 2), sample_weights shape=(16,), zero_neighbor_targets=0
GRAB train batch 24: pair_ids shape=(16,), range=175..10161, coefficients shape=(16, 2), sample_weights shape=(16,), zero_neighbor_targets=0
GRAB train batch 25: pair_ids shape=(16,), range=150..4469, coefficients shape=(16, 2), sample_weights shape=(16,), zero_neighbor_targets=0
GRAB train batch 26: pair_ids shape=(16,), range=36..5335, coefficients shape=(16, 2), sample_weights shape=(16,), zero_neighbor_targets=0
GRAB train batch 27: pair_ids shape=(16,), range=16..9358, coefficients shape=(16, 2), sample_weights shape=(16,), zero_neighbor_targets=0
GRAB train batch 28: pair_ids shape=(16,), range=145..7803, coefficients shape=(16, 2), sample_weights shape=(16,), zero_neighbor_targets=0
GRAB train batch 29: pair_ids shape=(16,), range=19..7919, coefficients shape=(16, 2), sample_weights shape=(16,), zero_neighbor_targets=0
GRAB train batch 30: pair_ids shape=(16,), range=26..10918, coefficients shape=(16, 2), sample_weights shape=(16,), zero_neighbor_targets=0
GRAB train batch 31: pair_ids shape=(16,), range=41..10716, coefficients shape=(16, 2), sample_weights shape=(16,), zero_neighbor_targets=0
GRAB train batch 32: pair_ids shape=(16,), range=6..9128, coefficients shape=(16, 2), sample_weights shape=(16,), zero_neighbor_targets=0
GRAB train batch 33: pair_ids shape=(16,), range=49..10520, coefficients shape=(16, 2), sample_weights shape=(16,), zero_neighbor_targets=0
GRAB train batch 34: pair_ids shape=(16,), range=23..4724, coefficients shape=(16, 2), sample_weights shape=(16,), zero_neighbor_targets=0
GRAB train batch 35: pair_ids shape=(16,), range=35..10228, coefficients shape=(16, 2), sample_weights shape=(16,), zero_neighbor_targets=0
GRAB train batch 36: pair_ids shape=(16,), range=11..4657, coefficients shape=(16, 2), sample_weights shape=(16,), zero_neighbor_targets=0
GRAB train batch 37: pair_ids shape=(16,), range=252..7549, coefficients shape=(16, 2), sample_weights shape=(16,), zero_neighbor_targets=0
GRAB train batch 38: pair_ids shape=(16,), range=55..10274, coefficients shape=(16, 2), sample_weights shape=(16,), zero_neighbor_targets=0
GRAB train batch 39: pair_ids shape=(16,), range=66..10609, coefficients shape=(16, 2), sample_weights shape=(16,), zero_neighbor_targets=0
GRAB train batch 40: pair_ids shape=(16,), range=52..9883, coefficients shape=(16, 2), sample_weights shape=(16,), zero_neighbor_targets=0
GRAB train batch 41: pair_ids shape=(16,), range=118..10684, coefficients shape=(16, 2), sample_weights shape=(16,), zero_neighbor_targets=0
GRAB train batch 42: pair_ids shape=(16,), range=108..9054, coefficients shape=(16, 2), sample_weights shape=(16,), zero_neighbor_targets=0
GRAB train batch 43: pair_ids shape=(16,), range=56..10935, coefficients shape=(16, 2), sample_weights shape=(16,), zero_neighbor_targets=0
GRAB train batch 44: pair_ids shape=(16,), range=43..10611, coefficients shape=(16, 2), sample_weights shape=(16,), zero_neighbor_targets=0
GRAB train batch 45: pair_ids shape=(16,), range=28..10308, coefficients shape=(16, 2), sample_weights shape=(16,), zero_neighbor_targets=0
GRAB train batch 46: pair_ids shape=(16,), range=10..5205, coefficients shape=(16, 2), sample_weights shape=(16,), zero_neighbor_targets=0
GRAB train batch 47: pair_ids shape=(16,), range=17..9670, coefficients shape=(16, 2), sample_weights shape=(16,), zero_neighbor_targets=0
GRAB train batch 48: pair_ids shape=(16,), range=39..9652, coefficients shape=(16, 2), sample_weights shape=(16,), zero_neighbor_targets=0
GRAB train batch 49: pair_ids shape=(16,), range=12..10925, coefficients shape=(16, 2), sample_weights shape=(16,), zero_neighbor_targets=0
GRAB train batch 50: pair_ids shape=(16,), range=31..8810, coefficients shape=(16, 2), sample_weights shape=(16,), zero_neighbor_targets=0
GRAB train batch 51: pair_ids shape=(16,), range=121..10222, coefficients shape=(16, 2), sample_weights shape=(16,), zero_neighbor_targets=0
GRAB train batch 52: pair_ids shape=(16,), range=14..10498, coefficients shape=(16, 2), sample_weights shape=(16,), zero_neighbor_targets=0
GRAB train batch 53: pair_ids shape=(16,), range=13..10004, coefficients shape=(16, 2), sample_weights shape=(16,), zero_neighbor_targets=0
GRAB train batch 54: pair_ids shape=(16,), range=162..10867, coefficients shape=(16, 2), sample_weights shape=(16,), zero_neighbor_targets=0
GRAB train batch 55: pair_ids shape=(16,), range=96..10258, coefficients shape=(16, 2), sample_weights shape=(16,), zero_neighbor_targets=0
GRAB train batch 56: pair_ids shape=(16,), range=24..4937, coefficients shape=(16, 2), sample_weights shape=(16,), zero_neighbor_targets=0
GRAB train batch 57: pair_ids shape=(16,), range=61..10488, coefficients shape=(16, 2), sample_weights shape=(16,), zero_neighbor_targets=0
GRAB train batch 58: pair_ids shape=(16,), range=4..9331, coefficients shape=(16, 2), sample_weights shape=(16,), zero_neighbor_targets=0
GRAB train batch 59: pair_ids shape=(16,), range=29..10619, coefficients shape=(16, 2), sample_weights shape=(16,), zero_neighbor_targets=0
GRAB train batch 60: pair_ids shape=(16,), range=7..7578, coefficients shape=(16, 2), sample_weights shape=(16,), zero_neighbor_targets=0
GRAB train batch 61: pair_ids shape=(16,), range=38..10093, coefficients shape=(16, 2), sample_weights shape=(16,), zero_neighbor_targets=0
GRAB train batch 62: pair_ids shape=(16,), range=113..10435, coefficients shape=(16, 2), sample_weights shape=(16,), zero_neighbor_targets=0
GRAB train batch 63: pair_ids shape=(16,), range=27..9548, coefficients shape=(16, 2), sample_weights shape=(16,), zero_neighbor_targets=0
GRAB train batch 64: pair_ids shape=(16,), range=9..8873, coefficients shape=(16, 2), sample_weights shape=(16,), zero_neighbor_targets=0
GRAB train batch 65: pair_ids shape=(16,), range=62..6980, coefficients shape=(16, 2), sample_weights shape=(16,), zero_neighbor_targets=0
GRAB train batch 66: pair_ids shape=(16,), range=2..10352, coefficients shape=(16, 2), sample_weights shape=(16,), zero_neighbor_targets=0
GRAB train batch 67: pair_ids shape=(16,), range=3..10862, coefficients shape=(16, 2), sample_weights shape=(16,), zero_neighbor_targets=0
GRAB train batch 68: pair_ids shape=(10,), range=67..10956, coefficients shape=(10, 2), sample_weights shape=(10,), zero_neighbor_targets=0
VALIDATION
valid epoch balanced_accuracy: 0.475055
EPOCH 46:
GRAB train batch 1: pair_ids shape=(16,), range=47..9477, coefficients shape=(16, 2), sample_weights shape=(16,), zero_neighbor_targets=0
GRAB train batch 2: pair_ids shape=(16,), range=57..8933, coefficients shape=(16, 2), sample_weights shape=(16,), zero_neighbor_targets=0
GRAB train batch 3: pair_ids shape=(16,), range=293..9587, coefficients shape=(16, 2), sample_weights shape=(16,), zero_neighbor_targets=0
GRAB train batch 4: pair_ids shape=(16,), range=4..9171, coefficients shape=(16, 2), sample_weights shape=(16,), zero_neighbor_targets=0
GRAB train batch 5: pair_ids shape=(16,), range=161..10918, coefficients shape=(16, 2), sample_weights shape=(16,), zero_neighbor_targets=0
GRAB train batch 6: pair_ids shape=(16,), range=100..9619, coefficients shape=(16, 2), sample_weights shape=(16,), zero_neighbor_targets=0
GRAB train batch 7: pair_ids shape=(16,), range=163..10015, coefficients shape=(16, 2), sample_weights shape=(16,), zero_neighbor_targets=0
GRAB train batch 8: pair_ids shape=(16,), range=118..10092, coefficients shape=(16, 2), sample_weights shape=(16,), zero_neighbor_targets=0
GRAB train batch 9: pair_ids shape=(16,), range=17..8028, coefficients shape=(16, 2), sample_weights shape=(16,), zero_neighbor_targets=0
GRAB train batch 10: pair_ids shape=(16,), range=61..7549, coefficients shape=(16, 2), sample_weights shape=(16,), zero_neighbor_targets=0
GRAB train batch 11: pair_ids shape=(16,), range=238..10935, coefficients shape=(16, 2), sample_weights shape=(16,), zero_neighbor_targets=0
GRAB train batch 12: pair_ids shape=(16,), range=0..10472, coefficients shape=(16, 2), sample_weights shape=(16,), zero_neighbor_targets=0
GRAB train batch 13: pair_ids shape=(16,), range=52..6866, coefficients shape=(16, 2), sample_weights shape=(16,), zero_neighbor_targets=0
GRAB train batch 14: pair_ids shape=(16,), range=323..10655, coefficients shape=(16, 2), sample_weights shape=(16,), zero_neighbor_targets=0
GRAB train batch 15: pair_ids shape=(16,), range=104..9541, coefficients shape=(16, 2), sample_weights shape=(16,), zero_neighbor_targets=0
GRAB train batch 16: pair_ids shape=(16,), range=188..10222, coefficients shape=(16, 2), sample_weights shape=(16,), zero_neighbor_targets=0
GRAB train batch 17: pair_ids shape=(16,), range=121..9671, coefficients shape=(16, 2), sample_weights shape=(16,), zero_neighbor_targets=0
GRAB train batch 18: pair_ids shape=(16,), range=53..9808, coefficients shape=(16, 2), sample_weights shape=(16,), zero_neighbor_targets=0
GRAB train batch 19: pair_ids shape=(16,), range=63..9904, coefficients shape=(16, 2), sample_weights shape=(16,), zero_neighbor_targets=0
GRAB train batch 20: pair_ids shape=(16,), range=28..6942, coefficients shape=(16, 2), sample_weights shape=(16,), zero_neighbor_targets=0
GRAB train batch 21: pair_ids shape=(16,), range=126..3562, coefficients shape=(16, 2), sample_weights shape=(16,), zero_neighbor_targets=0
GRAB train batch 22: pair_ids shape=(16,), range=36..9548, coefficients shape=(16, 2), sample_weights shape=(16,), zero_neighbor_targets=0
GRAB train batch 23: pair_ids shape=(16,), range=167..5208, coefficients shape=(16, 2), sample_weights shape=(16,), zero_neighbor_targets=0
GRAB train batch 24: pair_ids shape=(16,), range=56..10018, coefficients shape=(16, 2), sample_weights shape=(16,), zero_neighbor_targets=0
GRAB train batch 25: pair_ids shape=(16,), range=23..10925, coefficients shape=(16, 2), sample_weights shape=(16,), zero_neighbor_targets=0
GRAB train batch 26: pair_ids shape=(16,), range=22..10530, coefficients shape=(16, 2), sample_weights shape=(16,), zero_neighbor_targets=0
GRAB train batch 27: pair_ids shape=(16,), range=44..10738, coefficients shape=(16, 2), sample_weights shape=(16,), zero_neighbor_targets=0
GRAB train batch 28: pair_ids shape=(16,), range=175..10735, coefficients shape=(16, 2), sample_weights shape=(16,), zero_neighbor_targets=0
GRAB train batch 29: pair_ids shape=(16,), range=50..9624, coefficients shape=(16, 2), sample_weights shape=(16,), zero_neighbor_targets=0
GRAB train batch 30: pair_ids shape=(16,), range=5..10488, coefficients shape=(16, 2), sample_weights shape=(16,), zero_neighbor_targets=0
GRAB train batch 31: pair_ids shape=(16,), range=142..10716, coefficients shape=(16, 2), sample_weights shape=(16,), zero_neighbor_targets=0
GRAB train batch 32: pair_ids shape=(16,), range=233..9754, coefficients shape=(16, 2), sample_weights shape=(16,), zero_neighbor_targets=0
GRAB train batch 33: pair_ids shape=(16,), range=332..10352, coefficients shape=(16, 2), sample_weights shape=(16,), zero_neighbor_targets=0
GRAB train batch 34: pair_ids shape=(16,), range=9..10336, coefficients shape=(16, 2), sample_weights shape=(16,), zero_neighbor_targets=0
GRAB train batch 35: pair_ids shape=(16,), range=2..10733, coefficients shape=(16, 2), sample_weights shape=(16,), zero_neighbor_targets=0
GRAB train batch 36: pair_ids shape=(16,), range=146..6980, coefficients shape=(16, 2), sample_weights shape=(16,), zero_neighbor_targets=0
GRAB train batch 37: pair_ids shape=(16,), range=10..9110, coefficients shape=(16, 2), sample_weights shape=(16,), zero_neighbor_targets=0
GRAB train batch 38: pair_ids shape=(16,), range=105..2747, coefficients shape=(16, 2), sample_weights shape=(16,), zero_neighbor_targets=0
GRAB train batch 39: pair_ids shape=(16,), range=3..10609, coefficients shape=(16, 2), sample_weights shape=(16,), zero_neighbor_targets=0
GRAB train batch 40: pair_ids shape=(16,), range=20..10404, coefficients shape=(16, 2), sample_weights shape=(16,), zero_neighbor_targets=0
GRAB train batch 41: pair_ids shape=(16,), range=59..9005, coefficients shape=(16, 2), sample_weights shape=(16,), zero_neighbor_targets=0
GRAB train batch 42: pair_ids shape=(16,), range=46..10899, coefficients shape=(16, 2), sample_weights shape=(16,), zero_neighbor_targets=0
GRAB train batch 43: pair_ids shape=(16,), range=43..10665, coefficients shape=(16, 2), sample_weights shape=(16,), zero_neighbor_targets=0
GRAB train batch 44: pair_ids shape=(16,), range=14..9915, coefficients shape=(16, 2), sample_weights shape=(16,), zero_neighbor_targets=0
GRAB train batch 45: pair_ids shape=(16,), range=21..9670, coefficients shape=(16, 2), sample_weights shape=(16,), zero_neighbor_targets=0
GRAB train batch 46: pair_ids shape=(16,), range=144..9957, coefficients shape=(16, 2), sample_weights shape=(16,), zero_neighbor_targets=0
GRAB train batch 47: pair_ids shape=(16,), range=39..10862, coefficients shape=(16, 2), sample_weights shape=(16,), zero_neighbor_targets=0
GRAB train batch 48: pair_ids shape=(16,), range=170..10256, coefficients shape=(16, 2), sample_weights shape=(16,), zero_neighbor_targets=0
GRAB train batch 49: pair_ids shape=(16,), range=7..9396, coefficients shape=(16, 2), sample_weights shape=(16,), zero_neighbor_targets=0
GRAB train batch 50: pair_ids shape=(16,), range=35..10567, coefficients shape=(16, 2), sample_weights shape=(16,), zero_neighbor_targets=0
GRAB train batch 51: pair_ids shape=(16,), range=72..10956, coefficients shape=(16, 2), sample_weights shape=(16,), zero_neighbor_targets=0
GRAB train batch 52: pair_ids shape=(16,), range=6..9153, coefficients shape=(16, 2), sample_weights shape=(16,), zero_neighbor_targets=0
GRAB train batch 53: pair_ids shape=(16,), range=25..10498, coefficients shape=(16, 2), sample_weights shape=(16,), zero_neighbor_targets=0
GRAB train batch 54: pair_ids shape=(16,), range=11..6945, coefficients shape=(16, 2), sample_weights shape=(16,), zero_neighbor_targets=0
GRAB train batch 55: pair_ids shape=(16,), range=1..9848, coefficients shape=(16, 2), sample_weights shape=(16,), zero_neighbor_targets=0
GRAB train batch 56: pair_ids shape=(16,), range=124..10046, coefficients shape=(16, 2), sample_weights shape=(16,), zero_neighbor_targets=0
GRAB train batch 57: pair_ids shape=(16,), range=18..10684, coefficients shape=(16, 2), sample_weights shape=(16,), zero_neighbor_targets=0
GRAB train batch 58: pair_ids shape=(16,), range=34..7758, coefficients shape=(16, 2), sample_weights shape=(16,), zero_neighbor_targets=0
GRAB train batch 59: pair_ids shape=(16,), range=151..8088, coefficients shape=(16, 2), sample_weights shape=(16,), zero_neighbor_targets=0
GRAB train batch 60: pair_ids shape=(16,), range=41..10030, coefficients shape=(16, 2), sample_weights shape=(16,), zero_neighbor_targets=0
GRAB train batch 61: pair_ids shape=(16,), range=29..10867, coefficients shape=(16, 2), sample_weights shape=(16,), zero_neighbor_targets=0
GRAB train batch 62: pair_ids shape=(16,), range=8..7895, coefficients shape=(16, 2), sample_weights shape=(16,), zero_neighbor_targets=0
GRAB train batch 63: pair_ids shape=(16,), range=12..9785, coefficients shape=(16, 2), sample_weights shape=(16,), zero_neighbor_targets=0
GRAB train batch 64: pair_ids shape=(16,), range=133..10611, coefficients shape=(16, 2), sample_weights shape=(16,), zero_neighbor_targets=0
GRAB train batch 65: pair_ids shape=(16,), range=101..10859, coefficients shape=(16, 2), sample_weights shape=(16,), zero_neighbor_targets=0
GRAB train batch 66: pair_ids shape=(16,), range=33..9652, coefficients shape=(16, 2), sample_weights shape=(16,), zero_neighbor_targets=0
GRAB train batch 67: pair_ids shape=(16,), range=261..10557, coefficients shape=(16, 2), sample_weights shape=(16,), zero_neighbor_targets=0
GRAB train batch 68: pair_ids shape=(10,), range=49..632, coefficients shape=(10, 2), sample_weights shape=(10,), zero_neighbor_targets=0
VALIDATION
valid epoch balanced_accuracy: 0.453991
EPOCH 47:
GRAB train batch 1: pair_ids shape=(16,), range=37..7166, coefficients shape=(16, 2), sample_weights shape=(16,), zero_neighbor_targets=0
GRAB train batch 2: pair_ids shape=(16,), range=41..10090, coefficients shape=(16, 2), sample_weights shape=(16,), zero_neighbor_targets=0
GRAB train batch 3: pair_ids shape=(16,), range=399..10404, coefficients shape=(16, 2), sample_weights shape=(16,), zero_neighbor_targets=0
GRAB train batch 4: pair_ids shape=(16,), range=66..8012, coefficients shape=(16, 2), sample_weights shape=(16,), zero_neighbor_targets=0
GRAB train batch 5: pair_ids shape=(16,), range=112..9153, coefficients shape=(16, 2), sample_weights shape=(16,), zero_neighbor_targets=0
GRAB train batch 6: pair_ids shape=(16,), range=104..10925, coefficients shape=(16, 2), sample_weights shape=(16,), zero_neighbor_targets=0
GRAB train batch 7: pair_ids shape=(16,), range=67..9358, coefficients shape=(16, 2), sample_weights shape=(16,), zero_neighbor_targets=0
GRAB train batch 8: pair_ids shape=(16,), range=236..10092, coefficients shape=(16, 2), sample_weights shape=(16,), zero_neighbor_targets=0
GRAB train batch 9: pair_ids shape=(16,), range=28..9477, coefficients shape=(16, 2), sample_weights shape=(16,), zero_neighbor_targets=0
GRAB train batch 10: pair_ids shape=(16,), range=44..10567, coefficients shape=(16, 2), sample_weights shape=(16,), zero_neighbor_targets=0
GRAB train batch 11: pair_ids shape=(16,), range=3..10619, coefficients shape=(16, 2), sample_weights shape=(16,), zero_neighbor_targets=0
GRAB train batch 12: pair_ids shape=(16,), range=110..8084, coefficients shape=(16, 2), sample_weights shape=(16,), zero_neighbor_targets=0
GRAB train batch 13: pair_ids shape=(16,), range=18..8075, coefficients shape=(16, 2), sample_weights shape=(16,), zero_neighbor_targets=0
GRAB train batch 14: pair_ids shape=(16,), range=17..7578, coefficients shape=(16, 2), sample_weights shape=(16,), zero_neighbor_targets=0
GRAB train batch 15: pair_ids shape=(16,), range=20..10520, coefficients shape=(16, 2), sample_weights shape=(16,), zero_neighbor_targets=0
GRAB train batch 16: pair_ids shape=(16,), range=125..10735, coefficients shape=(16, 2), sample_weights shape=(16,), zero_neighbor_targets=0
GRAB train batch 17: pair_ids shape=(16,), range=0..9208, coefficients shape=(16, 2), sample_weights shape=(16,), zero_neighbor_targets=0
GRAB train batch 18: pair_ids shape=(16,), range=15..10738, coefficients shape=(16, 2), sample_weights shape=(16,), zero_neighbor_targets=0
GRAB train batch 19: pair_ids shape=(16,), range=154..10867, coefficients shape=(16, 2), sample_weights shape=(16,), zero_neighbor_targets=0
GRAB train batch 20: pair_ids shape=(16,), range=189..9548, coefficients shape=(16, 2), sample_weights shape=(16,), zero_neighbor_targets=0
GRAB train batch 21: pair_ids shape=(16,), range=25..9072, coefficients shape=(16, 2), sample_weights shape=(16,), zero_neighbor_targets=0
GRAB train batch 22: pair_ids shape=(16,), range=23..10365, coefficients shape=(16, 2), sample_weights shape=(16,), zero_neighbor_targets=0
GRAB train batch 23: pair_ids shape=(16,), range=6..10862, coefficients shape=(16, 2), sample_weights shape=(16,), zero_neighbor_targets=0
GRAB train batch 24: pair_ids shape=(16,), range=152..7911, coefficients shape=(16, 2), sample_weights shape=(16,), zero_neighbor_targets=0
GRAB train batch 25: pair_ids shape=(16,), range=27..10530, coefficients shape=(16, 2), sample_weights shape=(16,), zero_neighbor_targets=0
GRAB train batch 26: pair_ids shape=(16,), range=2..9619, coefficients shape=(16, 2), sample_weights shape=(16,), zero_neighbor_targets=0
GRAB train batch 27: pair_ids shape=(16,), range=8..4415, coefficients shape=(16, 2), sample_weights shape=(16,), zero_neighbor_targets=0
GRAB train batch 28: pair_ids shape=(16,), range=52..7942, coefficients shape=(16, 2), sample_weights shape=(16,), zero_neighbor_targets=0
GRAB train batch 29: pair_ids shape=(16,), range=117..9110, coefficients shape=(16, 2), sample_weights shape=(16,), zero_neighbor_targets=0
GRAB train batch 30: pair_ids shape=(16,), range=136..10093, coefficients shape=(16, 2), sample_weights shape=(16,), zero_neighbor_targets=0
GRAB train batch 31: pair_ids shape=(16,), range=33..9848, coefficients shape=(16, 2), sample_weights shape=(16,), zero_neighbor_targets=0
GRAB train batch 32: pair_ids shape=(16,), range=65..10899, coefficients shape=(16, 2), sample_weights shape=(16,), zero_neighbor_targets=0
GRAB train batch 33: pair_ids shape=(16,), range=336..10665, coefficients shape=(16, 2), sample_weights shape=(16,), zero_neighbor_targets=0
GRAB train batch 34: pair_ids shape=(16,), range=1..10956, coefficients shape=(16, 2), sample_weights shape=(16,), zero_neighbor_targets=0
GRAB train batch 35: pair_ids shape=(16,), range=142..8028, coefficients shape=(16, 2), sample_weights shape=(16,), zero_neighbor_targets=0
GRAB train batch 36: pair_ids shape=(16,), range=13..10733, coefficients shape=(16, 2), sample_weights shape=(16,), zero_neighbor_targets=0
GRAB train batch 37: pair_ids shape=(16,), range=58..9211, coefficients shape=(16, 2), sample_weights shape=(16,), zero_neighbor_targets=0
GRAB train batch 38: pair_ids shape=(16,), range=59..9883, coefficients shape=(16, 2), sample_weights shape=(16,), zero_neighbor_targets=0
GRAB train batch 39: pair_ids shape=(16,), range=29..10655, coefficients shape=(16, 2), sample_weights shape=(16,), zero_neighbor_targets=0
GRAB train batch 40: pair_ids shape=(16,), range=5..3323, coefficients shape=(16, 2), sample_weights shape=(16,), zero_neighbor_targets=0
GRAB train batch 41: pair_ids shape=(16,), range=45..10258, coefficients shape=(16, 2), sample_weights shape=(16,), zero_neighbor_targets=0
GRAB train batch 42: pair_ids shape=(16,), range=9..9828, coefficients shape=(16, 2), sample_weights shape=(16,), zero_neighbor_targets=0
GRAB train batch 43: pair_ids shape=(16,), range=64..10064, coefficients shape=(16, 2), sample_weights shape=(16,), zero_neighbor_targets=0
GRAB train batch 44: pair_ids shape=(16,), range=14..10336, coefficients shape=(16, 2), sample_weights shape=(16,), zero_neighbor_targets=0
GRAB train batch 45: pair_ids shape=(16,), range=137..10373, coefficients shape=(16, 2), sample_weights shape=(16,), zero_neighbor_targets=0
GRAB train batch 46: pair_ids shape=(16,), range=121..10557, coefficients shape=(16, 2), sample_weights shape=(16,), zero_neighbor_targets=0
GRAB train batch 47: pair_ids shape=(16,), range=24..10015, coefficients shape=(16, 2), sample_weights shape=(16,), zero_neighbor_targets=0
GRAB train batch 48: pair_ids shape=(16,), range=43..10228, coefficients shape=(16, 2), sample_weights shape=(16,), zero_neighbor_targets=0
GRAB train batch 49: pair_ids shape=(16,), range=35..10222, coefficients shape=(16, 2), sample_weights shape=(16,), zero_neighbor_targets=0
GRAB train batch 50: pair_ids shape=(16,), range=127..9889, coefficients shape=(16, 2), sample_weights shape=(16,), zero_neighbor_targets=0
GRAB train batch 51: pair_ids shape=(16,), range=30..7755, coefficients shape=(16, 2), sample_weights shape=(16,), zero_neighbor_targets=0
GRAB train batch 52: pair_ids shape=(16,), range=151..10935, coefficients shape=(16, 2), sample_weights shape=(16,), zero_neighbor_targets=0
GRAB train batch 53: pair_ids shape=(16,), range=120..10599, coefficients shape=(16, 2), sample_weights shape=(16,), zero_neighbor_targets=0
GRAB train batch 54: pair_ids shape=(16,), range=166..9236, coefficients shape=(16, 2), sample_weights shape=(16,), zero_neighbor_targets=0
GRAB train batch 55: pair_ids shape=(16,), range=10..10004, coefficients shape=(16, 2), sample_weights shape=(16,), zero_neighbor_targets=0
GRAB train batch 56: pair_ids shape=(16,), range=309..10274, coefficients shape=(16, 2), sample_weights shape=(16,), zero_neighbor_targets=0
GRAB train batch 57: pair_ids shape=(16,), range=47..10007, coefficients shape=(16, 2), sample_weights shape=(16,), zero_neighbor_targets=0
GRAB train batch 58: pair_ids shape=(16,), range=40..10859, coefficients shape=(16, 2), sample_weights shape=(16,), zero_neighbor_targets=0
GRAB train batch 59: pair_ids shape=(16,), range=57..10684, coefficients shape=(16, 2), sample_weights shape=(16,), zero_neighbor_targets=0
GRAB train batch 60: pair_ids shape=(16,), range=31..9670, coefficients shape=(16, 2), sample_weights shape=(16,), zero_neighbor_targets=0
GRAB train batch 61: pair_ids shape=(16,), range=39..10918, coefficients shape=(16, 2), sample_weights shape=(16,), zero_neighbor_targets=0
GRAB train batch 62: pair_ids shape=(16,), range=97..9444, coefficients shape=(16, 2), sample_weights shape=(16,), zero_neighbor_targets=0
GRAB train batch 63: pair_ids shape=(16,), range=36..10435, coefficients shape=(16, 2), sample_weights shape=(16,), zero_neighbor_targets=0
GRAB train batch 64: pair_ids shape=(16,), range=122..9560, coefficients shape=(16, 2), sample_weights shape=(16,), zero_neighbor_targets=0
GRAB train batch 65: pair_ids shape=(16,), range=19..10488, coefficients shape=(16, 2), sample_weights shape=(16,), zero_neighbor_targets=0
GRAB train batch 66: pair_ids shape=(16,), range=11..10308, coefficients shape=(16, 2), sample_weights shape=(16,), zero_neighbor_targets=0
GRAB train batch 67: pair_ids shape=(16,), range=100..10611, coefficients shape=(16, 2), sample_weights shape=(16,), zero_neighbor_targets=0
GRAB train batch 68: pair_ids shape=(10,), range=129..1409, coefficients shape=(10, 2), sample_weights shape=(10,), zero_neighbor_targets=0
VALIDATION
valid epoch balanced_accuracy: 0.460089
EPOCH 48:
GRAB train batch 1: pair_ids shape=(16,), range=6..10557, coefficients shape=(16, 2), sample_weights shape=(16,), zero_neighbor_targets=0
GRAB train batch 2: pair_ids shape=(16,), range=34..9922, coefficients shape=(16, 2), sample_weights shape=(16,), zero_neighbor_targets=0
GRAB train batch 3: pair_ids shape=(16,), range=129..10046, coefficients shape=(16, 2), sample_weights shape=(16,), zero_neighbor_targets=0
GRAB train batch 4: pair_ids shape=(16,), range=46..9072, coefficients shape=(16, 2), sample_weights shape=(16,), zero_neighbor_targets=0
GRAB train batch 5: pair_ids shape=(16,), range=66..9785, coefficients shape=(16, 2), sample_weights shape=(16,), zero_neighbor_targets=0
GRAB train batch 6: pair_ids shape=(16,), range=26..9444, coefficients shape=(16, 2), sample_weights shape=(16,), zero_neighbor_targets=0
GRAB train batch 7: pair_ids shape=(16,), range=152..10258, coefficients shape=(16, 2), sample_weights shape=(16,), zero_neighbor_targets=0
GRAB train batch 8: pair_ids shape=(16,), range=283..10336, coefficients shape=(16, 2), sample_weights shape=(16,), zero_neighbor_targets=0
GRAB train batch 9: pair_ids shape=(16,), range=27..10619, coefficients shape=(16, 2), sample_weights shape=(16,), zero_neighbor_targets=0
GRAB train batch 10: pair_ids shape=(16,), range=54..10365, coefficients shape=(16, 2), sample_weights shape=(16,), zero_neighbor_targets=0
GRAB train batch 11: pair_ids shape=(16,), range=1..10733, coefficients shape=(16, 2), sample_weights shape=(16,), zero_neighbor_targets=0
GRAB train batch 12: pair_ids shape=(16,), range=9..10716, coefficients shape=(16, 2), sample_weights shape=(16,), zero_neighbor_targets=0
GRAB train batch 13: pair_ids shape=(16,), range=8..7108, coefficients shape=(16, 2), sample_weights shape=(16,), zero_neighbor_targets=0
GRAB train batch 14: pair_ids shape=(16,), range=73..10435, coefficients shape=(16, 2), sample_weights shape=(16,), zero_neighbor_targets=0
GRAB train batch 15: pair_ids shape=(16,), range=64..8088, coefficients shape=(16, 2), sample_weights shape=(16,), zero_neighbor_targets=0
GRAB train batch 16: pair_ids shape=(16,), range=4..7033, coefficients shape=(16, 2), sample_weights shape=(16,), zero_neighbor_targets=0
GRAB train batch 17: pair_ids shape=(16,), range=151..10222, coefficients shape=(16, 2), sample_weights shape=(16,), zero_neighbor_targets=0
GRAB train batch 18: pair_ids shape=(16,), range=24..7911, coefficients shape=(16, 2), sample_weights shape=(16,), zero_neighbor_targets=0
GRAB train batch 19: pair_ids shape=(16,), range=22..10738, coefficients shape=(16, 2), sample_weights shape=(16,), zero_neighbor_targets=0
GRAB train batch 20: pair_ids shape=(16,), range=18..10228, coefficients shape=(16, 2), sample_weights shape=(16,), zero_neighbor_targets=0
GRAB train batch 21: pair_ids shape=(16,), range=17..10859, coefficients shape=(16, 2), sample_weights shape=(16,), zero_neighbor_targets=0
GRAB train batch 22: pair_ids shape=(16,), range=100..10599, coefficients shape=(16, 2), sample_weights shape=(16,), zero_neighbor_targets=0
GRAB train batch 23: pair_ids shape=(16,), range=114..10488, coefficients shape=(16, 2), sample_weights shape=(16,), zero_neighbor_targets=0
GRAB train batch 24: pair_ids shape=(16,), range=58..2445, coefficients shape=(16, 2), sample_weights shape=(16,), zero_neighbor_targets=0
GRAB train batch 25: pair_ids shape=(16,), range=118..9110, coefficients shape=(16, 2), sample_weights shape=(16,), zero_neighbor_targets=0
GRAB train batch 26: pair_ids shape=(16,), range=42..7720, coefficients shape=(16, 2), sample_weights shape=(16,), zero_neighbor_targets=0
GRAB train batch 27: pair_ids shape=(16,), range=20..4789, coefficients shape=(16, 2), sample_weights shape=(16,), zero_neighbor_targets=0
GRAB train batch 28: pair_ids shape=(16,), range=7..9619, coefficients shape=(16, 2), sample_weights shape=(16,), zero_neighbor_targets=0
GRAB train batch 29: pair_ids shape=(16,), range=360..10611, coefficients shape=(16, 2), sample_weights shape=(16,), zero_neighbor_targets=0
GRAB train batch 30: pair_ids shape=(16,), range=39..10161, coefficients shape=(16, 2), sample_weights shape=(16,), zero_neighbor_targets=0
GRAB train batch 31: pair_ids shape=(16,), range=12..10935, coefficients shape=(16, 2), sample_weights shape=(16,), zero_neighbor_targets=0
GRAB train batch 32: pair_ids shape=(16,), range=10..2072, coefficients shape=(16, 2), sample_weights shape=(16,), zero_neighbor_targets=0
GRAB train batch 33: pair_ids shape=(16,), range=11..10925, coefficients shape=(16, 2), sample_weights shape=(16,), zero_neighbor_targets=0
GRAB train batch 34: pair_ids shape=(16,), range=37..10520, coefficients shape=(16, 2), sample_weights shape=(16,), zero_neighbor_targets=0
GRAB train batch 35: pair_ids shape=(16,), range=13..10735, coefficients shape=(16, 2), sample_weights shape=(16,), zero_neighbor_targets=0
GRAB train batch 36: pair_ids shape=(16,), range=16..10655, coefficients shape=(16, 2), sample_weights shape=(16,), zero_neighbor_targets=0
GRAB train batch 37: pair_ids shape=(16,), range=0..9124, coefficients shape=(16, 2), sample_weights shape=(16,), zero_neighbor_targets=0
GRAB train batch 38: pair_ids shape=(16,), range=169..10684, coefficients shape=(16, 2), sample_weights shape=(16,), zero_neighbor_targets=0
GRAB train batch 39: pair_ids shape=(16,), range=107..9637, coefficients shape=(16, 2), sample_weights shape=(16,), zero_neighbor_targets=0
GRAB train batch 40: pair_ids shape=(16,), range=35..10918, coefficients shape=(16, 2), sample_weights shape=(16,), zero_neighbor_targets=0
GRAB train batch 41: pair_ids shape=(16,), range=3..10064, coefficients shape=(16, 2), sample_weights shape=(16,), zero_neighbor_targets=0
GRAB train batch 42: pair_ids shape=(16,), range=21..10373, coefficients shape=(16, 2), sample_weights shape=(16,), zero_neighbor_targets=0
GRAB train batch 43: pair_ids shape=(16,), range=125..10498, coefficients shape=(16, 2), sample_weights shape=(16,), zero_neighbor_targets=0
GRAB train batch 44: pair_ids shape=(16,), range=131..9560, coefficients shape=(16, 2), sample_weights shape=(16,), zero_neighbor_targets=0
GRAB train batch 45: pair_ids shape=(16,), range=30..10862, coefficients shape=(16, 2), sample_weights shape=(16,), zero_neighbor_targets=0
GRAB train batch 46: pair_ids shape=(16,), range=126..5507, coefficients shape=(16, 2), sample_weights shape=(16,), zero_neighbor_targets=0
GRAB train batch 47: pair_ids shape=(16,), range=57..8810, coefficients shape=(16, 2), sample_weights shape=(16,), zero_neighbor_targets=0
GRAB train batch 48: pair_ids shape=(16,), range=19..8933, coefficients shape=(16, 2), sample_weights shape=(16,), zero_neighbor_targets=0
GRAB train batch 49: pair_ids shape=(16,), range=48..6866, coefficients shape=(16, 2), sample_weights shape=(16,), zero_neighbor_targets=0
GRAB train batch 50: pair_ids shape=(16,), range=14..8075, coefficients shape=(16, 2), sample_weights shape=(16,), zero_neighbor_targets=0
GRAB train batch 51: pair_ids shape=(16,), range=259..10867, coefficients shape=(16, 2), sample_weights shape=(16,), zero_neighbor_targets=0
GRAB train batch 52: pair_ids shape=(16,), range=167..8079, coefficients shape=(16, 2), sample_weights shape=(16,), zero_neighbor_targets=0
GRAB train batch 53: pair_ids shape=(16,), range=59..10665, coefficients shape=(16, 2), sample_weights shape=(16,), zero_neighbor_targets=0
GRAB train batch 54: pair_ids shape=(16,), range=5..7755, coefficients shape=(16, 2), sample_weights shape=(16,), zero_neighbor_targets=0
GRAB train batch 55: pair_ids shape=(16,), range=23..10256, coefficients shape=(16, 2), sample_weights shape=(16,), zero_neighbor_targets=0
GRAB train batch 56: pair_ids shape=(16,), range=63..8045, coefficients shape=(16, 2), sample_weights shape=(16,), zero_neighbor_targets=0
GRAB train batch 57: pair_ids shape=(16,), range=2..10352, coefficients shape=(16, 2), sample_weights shape=(16,), zero_neighbor_targets=0
GRAB train batch 58: pair_ids shape=(16,), range=32..10567, coefficients shape=(16, 2), sample_weights shape=(16,), zero_neighbor_targets=0
GRAB train batch 59: pair_ids shape=(16,), range=217..9652, coefficients shape=(16, 2), sample_weights shape=(16,), zero_neighbor_targets=0
GRAB train batch 60: pair_ids shape=(16,), range=50..10141, coefficients shape=(16, 2), sample_weights shape=(16,), zero_neighbor_targets=0
GRAB train batch 61: pair_ids shape=(16,), range=71..10090, coefficients shape=(16, 2), sample_weights shape=(16,), zero_neighbor_targets=0
GRAB train batch 62: pair_ids shape=(16,), range=43..5202, coefficients shape=(16, 2), sample_weights shape=(16,), zero_neighbor_targets=0
GRAB train batch 63: pair_ids shape=(16,), range=234..10899, coefficients shape=(16, 2), sample_weights shape=(16,), zero_neighbor_targets=0
GRAB train batch 64: pair_ids shape=(16,), range=119..10007, coefficients shape=(16, 2), sample_weights shape=(16,), zero_neighbor_targets=0
GRAB train batch 65: pair_ids shape=(16,), range=120..10956, coefficients shape=(16, 2), sample_weights shape=(16,), zero_neighbor_targets=0
GRAB train batch 66: pair_ids shape=(16,), range=31..10530, coefficients shape=(16, 2), sample_weights shape=(16,), zero_neighbor_targets=0
GRAB train batch 67: pair_ids shape=(16,), range=239..10472, coefficients shape=(16, 2), sample_weights shape=(16,), zero_neighbor_targets=0
GRAB train batch 68: pair_ids shape=(10,), range=28..9573, coefficients shape=(10, 2), sample_weights shape=(10,), zero_neighbor_targets=0
VALIDATION
valid epoch balanced_accuracy: 0.493348
EPOCH 49:
GRAB train batch 1: pair_ids shape=(16,), range=375..8790, coefficients shape=(16, 2), sample_weights shape=(16,), zero_neighbor_targets=0
GRAB train batch 2: pair_ids shape=(16,), range=101..1636, coefficients shape=(16, 2), sample_weights shape=(16,), zero_neighbor_targets=0
GRAB train batch 3: pair_ids shape=(16,), range=12..10274, coefficients shape=(16, 2), sample_weights shape=(16,), zero_neighbor_targets=0
GRAB train batch 4: pair_ids shape=(16,), range=6..10365, coefficients shape=(16, 2), sample_weights shape=(16,), zero_neighbor_targets=0
GRAB train batch 5: pair_ids shape=(16,), range=127..8933, coefficients shape=(16, 2), sample_weights shape=(16,), zero_neighbor_targets=0
GRAB train batch 6: pair_ids shape=(16,), range=34..5197, coefficients shape=(16, 2), sample_weights shape=(16,), zero_neighbor_targets=0
GRAB train batch 7: pair_ids shape=(16,), range=226..10665, coefficients shape=(16, 2), sample_weights shape=(16,), zero_neighbor_targets=0
GRAB train batch 8: pair_ids shape=(16,), range=59..5403, coefficients shape=(16, 2), sample_weights shape=(16,), zero_neighbor_targets=0
GRAB train batch 9: pair_ids shape=(16,), range=42..9077, coefficients shape=(16, 2), sample_weights shape=(16,), zero_neighbor_targets=0
GRAB train batch 10: pair_ids shape=(16,), range=231..10935, coefficients shape=(16, 2), sample_weights shape=(16,), zero_neighbor_targets=0
GRAB train batch 11: pair_ids shape=(16,), range=45..9652, coefficients shape=(16, 2), sample_weights shape=(16,), zero_neighbor_targets=0
GRAB train batch 12: pair_ids shape=(16,), range=44..9828, coefficients shape=(16, 2), sample_weights shape=(16,), zero_neighbor_targets=0
GRAB train batch 13: pair_ids shape=(16,), range=60..10619, coefficients shape=(16, 2), sample_weights shape=(16,), zero_neighbor_targets=0
GRAB train batch 14: pair_ids shape=(16,), range=40..10738, coefficients shape=(16, 2), sample_weights shape=(16,), zero_neighbor_targets=0
GRAB train batch 15: pair_ids shape=(16,), range=122..10435, coefficients shape=(16, 2), sample_weights shape=(16,), zero_neighbor_targets=0
GRAB train batch 16: pair_ids shape=(16,), range=14..7873, coefficients shape=(16, 2), sample_weights shape=(16,), zero_neighbor_targets=0
GRAB train batch 17: pair_ids shape=(16,), range=15..10064, coefficients shape=(16, 2), sample_weights shape=(16,), zero_neighbor_targets=0
GRAB train batch 18: pair_ids shape=(16,), range=96..10733, coefficients shape=(16, 2), sample_weights shape=(16,), zero_neighbor_targets=0
GRAB train batch 19: pair_ids shape=(16,), range=3..8810, coefficients shape=(16, 2), sample_weights shape=(16,), zero_neighbor_targets=0
GRAB train batch 20: pair_ids shape=(16,), range=8..10308, coefficients shape=(16, 2), sample_weights shape=(16,), zero_neighbor_targets=0
GRAB train batch 21: pair_ids shape=(16,), range=51..10859, coefficients shape=(16, 2), sample_weights shape=(16,), zero_neighbor_targets=0
GRAB train batch 22: pair_ids shape=(16,), range=2..10488, coefficients shape=(16, 2), sample_weights shape=(16,), zero_neighbor_targets=0
GRAB train batch 23: pair_ids shape=(16,), range=273..10609, coefficients shape=(16, 2), sample_weights shape=(16,), zero_neighbor_targets=0
GRAB train batch 24: pair_ids shape=(16,), range=128..9587, coefficients shape=(16, 2), sample_weights shape=(16,), zero_neighbor_targets=0
GRAB train batch 25: pair_ids shape=(16,), range=48..9477, coefficients shape=(16, 2), sample_weights shape=(16,), zero_neighbor_targets=0
GRAB train batch 26: pair_ids shape=(16,), range=129..7924, coefficients shape=(16, 2), sample_weights shape=(16,), zero_neighbor_targets=0
GRAB train batch 27: pair_ids shape=(16,), range=27..9255, coefficients shape=(16, 2), sample_weights shape=(16,), zero_neighbor_targets=0
GRAB train batch 28: pair_ids shape=(16,), range=65..9848, coefficients shape=(16, 2), sample_weights shape=(16,), zero_neighbor_targets=0
GRAB train batch 29: pair_ids shape=(16,), range=11..10093, coefficients shape=(16, 2), sample_weights shape=(16,), zero_neighbor_targets=0
GRAB train batch 30: pair_ids shape=(16,), range=32..9331, coefficients shape=(16, 2), sample_weights shape=(16,), zero_neighbor_targets=0
GRAB train batch 31: pair_ids shape=(16,), range=243..10899, coefficients shape=(16, 2), sample_weights shape=(16,), zero_neighbor_targets=0
GRAB train batch 32: pair_ids shape=(16,), range=72..10161, coefficients shape=(16, 2), sample_weights shape=(16,), zero_neighbor_targets=0
GRAB train batch 33: pair_ids shape=(16,), range=17..4876, coefficients shape=(16, 2), sample_weights shape=(16,), zero_neighbor_targets=0
GRAB train batch 34: pair_ids shape=(16,), range=154..10141, coefficients shape=(16, 2), sample_weights shape=(16,), zero_neighbor_targets=0
GRAB train batch 35: pair_ids shape=(16,), range=43..9637, coefficients shape=(16, 2), sample_weights shape=(16,), zero_neighbor_targets=0
GRAB train batch 36: pair_ids shape=(16,), range=178..10867, coefficients shape=(16, 2), sample_weights shape=(16,), zero_neighbor_targets=0
GRAB train batch 37: pair_ids shape=(16,), range=263..10004, coefficients shape=(16, 2), sample_weights shape=(16,), zero_neighbor_targets=0
GRAB train batch 38: pair_ids shape=(16,), range=26..9324, coefficients shape=(16, 2), sample_weights shape=(16,), zero_neighbor_targets=0
GRAB train batch 39: pair_ids shape=(16,), range=7..5496, coefficients shape=(16, 2), sample_weights shape=(16,), zero_neighbor_targets=0
GRAB train batch 40: pair_ids shape=(16,), range=24..10557, coefficients shape=(16, 2), sample_weights shape=(16,), zero_neighbor_targets=0
GRAB train batch 41: pair_ids shape=(16,), range=97..10599, coefficients shape=(16, 2), sample_weights shape=(16,), zero_neighbor_targets=0
GRAB train batch 42: pair_ids shape=(16,), range=260..10918, coefficients shape=(16, 2), sample_weights shape=(16,), zero_neighbor_targets=0
GRAB train batch 43: pair_ids shape=(16,), range=62..6943, coefficients shape=(16, 2), sample_weights shape=(16,), zero_neighbor_targets=0
GRAB train batch 44: pair_ids shape=(16,), range=10..10228, coefficients shape=(16, 2), sample_weights shape=(16,), zero_neighbor_targets=0
GRAB train batch 45: pair_ids shape=(16,), range=254..10684, coefficients shape=(16, 2), sample_weights shape=(16,), zero_neighbor_targets=0
GRAB train batch 46: pair_ids shape=(16,), range=1..7919, coefficients shape=(16, 2), sample_weights shape=(16,), zero_neighbor_targets=0
GRAB train batch 47: pair_ids shape=(16,), range=38..10373, coefficients shape=(16, 2), sample_weights shape=(16,), zero_neighbor_targets=0
GRAB train batch 48: pair_ids shape=(16,), range=39..9808, coefficients shape=(16, 2), sample_weights shape=(16,), zero_neighbor_targets=0
GRAB train batch 49: pair_ids shape=(16,), range=23..10336, coefficients shape=(16, 2), sample_weights shape=(16,), zero_neighbor_targets=0
GRAB train batch 50: pair_ids shape=(16,), range=49..10925, coefficients shape=(16, 2), sample_weights shape=(16,), zero_neighbor_targets=0
GRAB train batch 51: pair_ids shape=(16,), range=138..9915, coefficients shape=(16, 2), sample_weights shape=(16,), zero_neighbor_targets=0
GRAB train batch 52: pair_ids shape=(16,), range=33..10472, coefficients shape=(16, 2), sample_weights shape=(16,), zero_neighbor_targets=0
GRAB train batch 53: pair_ids shape=(16,), range=5..9670, coefficients shape=(16, 2), sample_weights shape=(16,), zero_neighbor_targets=0
GRAB train batch 54: pair_ids shape=(16,), range=106..10222, coefficients shape=(16, 2), sample_weights shape=(16,), zero_neighbor_targets=0
GRAB train batch 55: pair_ids shape=(16,), range=147..10256, coefficients shape=(16, 2), sample_weights shape=(16,), zero_neighbor_targets=0
GRAB train batch 56: pair_ids shape=(16,), range=125..10655, coefficients shape=(16, 2), sample_weights shape=(16,), zero_neighbor_targets=0
GRAB train batch 57: pair_ids shape=(16,), range=119..10862, coefficients shape=(16, 2), sample_weights shape=(16,), zero_neighbor_targets=0
GRAB train batch 58: pair_ids shape=(16,), range=37..10956, coefficients shape=(16, 2), sample_weights shape=(16,), zero_neighbor_targets=0
GRAB train batch 59: pair_ids shape=(16,), range=120..10352, coefficients shape=(16, 2), sample_weights shape=(16,), zero_neighbor_targets=0
GRAB train batch 60: pair_ids shape=(16,), range=139..5589, coefficients shape=(16, 2), sample_weights shape=(16,), zero_neighbor_targets=0
GRAB train batch 61: pair_ids shape=(16,), range=16..10567, coefficients shape=(16, 2), sample_weights shape=(16,), zero_neighbor_targets=0
GRAB train batch 62: pair_ids shape=(16,), range=99..10046, coefficients shape=(16, 2), sample_weights shape=(16,), zero_neighbor_targets=0
GRAB train batch 63: pair_ids shape=(16,), range=267..4561, coefficients shape=(16, 2), sample_weights shape=(16,), zero_neighbor_targets=0
GRAB train batch 64: pair_ids shape=(16,), range=13..9153, coefficients shape=(16, 2), sample_weights shape=(16,), zero_neighbor_targets=0
GRAB train batch 65: pair_ids shape=(16,), range=68..10735, coefficients shape=(16, 2), sample_weights shape=(16,), zero_neighbor_targets=0
GRAB train batch 66: pair_ids shape=(16,), range=9..10716, coefficients shape=(16, 2), sample_weights shape=(16,), zero_neighbor_targets=0
GRAB train batch 67: pair_ids shape=(16,), range=0..4874, coefficients shape=(16, 2), sample_weights shape=(16,), zero_neighbor_targets=0
GRAB train batch 68: pair_ids shape=(10,), range=109..10015, coefficients shape=(10, 2), sample_weights shape=(10,), zero_neighbor_targets=0
VALIDATION
valid epoch balanced_accuracy: 0.486419
EPOCH 50:
GRAB train batch 1: pair_ids shape=(16,), range=59..7753, coefficients shape=(16, 2), sample_weights shape=(16,), zero_neighbor_targets=0
GRAB train batch 2: pair_ids shape=(16,), range=115..8790, coefficients shape=(16, 2), sample_weights shape=(16,), zero_neighbor_targets=0
GRAB train batch 3: pair_ids shape=(16,), range=21..9883, coefficients shape=(16, 2), sample_weights shape=(16,), zero_neighbor_targets=0
GRAB train batch 4: pair_ids shape=(16,), range=0..10018, coefficients shape=(16, 2), sample_weights shape=(16,), zero_neighbor_targets=0
GRAB train batch 5: pair_ids shape=(16,), range=16..7002, coefficients shape=(16, 2), sample_weights shape=(16,), zero_neighbor_targets=0
GRAB train batch 6: pair_ids shape=(16,), range=22..10867, coefficients shape=(16, 2), sample_weights shape=(16,), zero_neighbor_targets=0
GRAB train batch 7: pair_ids shape=(16,), range=45..10918, coefficients shape=(16, 2), sample_weights shape=(16,), zero_neighbor_targets=0
GRAB train batch 8: pair_ids shape=(16,), range=13..9548, coefficients shape=(16, 2), sample_weights shape=(16,), zero_neighbor_targets=0
GRAB train batch 9: pair_ids shape=(16,), range=100..5034, coefficients shape=(16, 2), sample_weights shape=(16,), zero_neighbor_targets=0
GRAB train batch 10: pair_ids shape=(16,), range=47..9624, coefficients shape=(16, 2), sample_weights shape=(16,), zero_neighbor_targets=0
GRAB train batch 11: pair_ids shape=(16,), range=36..10684, coefficients shape=(16, 2), sample_weights shape=(16,), zero_neighbor_targets=0
GRAB train batch 12: pair_ids shape=(16,), range=168..9904, coefficients shape=(16, 2), sample_weights shape=(16,), zero_neighbor_targets=0
GRAB train batch 13: pair_ids shape=(16,), range=136..9541, coefficients shape=(16, 2), sample_weights shape=(16,), zero_neighbor_targets=0
GRAB train batch 14: pair_ids shape=(16,), range=152..10899, coefficients shape=(16, 2), sample_weights shape=(16,), zero_neighbor_targets=0
GRAB train batch 15: pair_ids shape=(16,), range=9..9968, coefficients shape=(16, 2), sample_weights shape=(16,), zero_neighbor_targets=0
GRAB train batch 16: pair_ids shape=(16,), range=169..7855, coefficients shape=(16, 2), sample_weights shape=(16,), zero_neighbor_targets=0
GRAB train batch 17: pair_ids shape=(16,), range=24..10859, coefficients shape=(16, 2), sample_weights shape=(16,), zero_neighbor_targets=0
GRAB train batch 18: pair_ids shape=(16,), range=37..9671, coefficients shape=(16, 2), sample_weights shape=(16,), zero_neighbor_targets=0
GRAB train batch 19: pair_ids shape=(16,), range=55..9236, coefficients shape=(16, 2), sample_weights shape=(16,), zero_neighbor_targets=0
GRAB train batch 20: pair_ids shape=(16,), range=1..8795, coefficients shape=(16, 2), sample_weights shape=(16,), zero_neighbor_targets=0
GRAB train batch 21: pair_ids shape=(16,), range=182..10735, coefficients shape=(16, 2), sample_weights shape=(16,), zero_neighbor_targets=0
GRAB train batch 22: pair_ids shape=(16,), range=110..10435, coefficients shape=(16, 2), sample_weights shape=(16,), zero_neighbor_targets=0
GRAB train batch 23: pair_ids shape=(16,), range=12..9396, coefficients shape=(16, 2), sample_weights shape=(16,), zero_neighbor_targets=0
GRAB train batch 24: pair_ids shape=(16,), range=66..10655, coefficients shape=(16, 2), sample_weights shape=(16,), zero_neighbor_targets=0
GRAB train batch 25: pair_ids shape=(16,), range=65..10609, coefficients shape=(16, 2), sample_weights shape=(16,), zero_neighbor_targets=0
GRAB train batch 26: pair_ids shape=(16,), range=244..10308, coefficients shape=(16, 2), sample_weights shape=(16,), zero_neighbor_targets=0
GRAB train batch 27: pair_ids shape=(16,), range=7..10007, coefficients shape=(16, 2), sample_weights shape=(16,), zero_neighbor_targets=0
GRAB train batch 28: pair_ids shape=(16,), range=6..5601, coefficients shape=(16, 2), sample_weights shape=(16,), zero_neighbor_targets=0
GRAB train batch 29: pair_ids shape=(16,), range=33..10530, coefficients shape=(16, 2), sample_weights shape=(16,), zero_neighbor_targets=0
GRAB train batch 30: pair_ids shape=(16,), range=3..10557, coefficients shape=(16, 2), sample_weights shape=(16,), zero_neighbor_targets=0
GRAB train batch 31: pair_ids shape=(16,), range=49..7902, coefficients shape=(16, 2), sample_weights shape=(16,), zero_neighbor_targets=0
GRAB train batch 32: pair_ids shape=(16,), range=127..10599, coefficients shape=(16, 2), sample_weights shape=(16,), zero_neighbor_targets=0
GRAB train batch 33: pair_ids shape=(16,), range=30..7598, coefficients shape=(16, 2), sample_weights shape=(16,), zero_neighbor_targets=0
GRAB train batch 34: pair_ids shape=(16,), range=51..9560, coefficients shape=(16, 2), sample_weights shape=(16,), zero_neighbor_targets=0
GRAB train batch 35: pair_ids shape=(16,), range=11..9171, coefficients shape=(16, 2), sample_weights shape=(16,), zero_neighbor_targets=0
GRAB train batch 36: pair_ids shape=(16,), range=39..9949, coefficients shape=(16, 2), sample_weights shape=(16,), zero_neighbor_targets=0
GRAB train batch 37: pair_ids shape=(16,), range=63..10956, coefficients shape=(16, 2), sample_weights shape=(16,), zero_neighbor_targets=0
GRAB train batch 38: pair_ids shape=(16,), range=222..10925, coefficients shape=(16, 2), sample_weights shape=(16,), zero_neighbor_targets=0
GRAB train batch 39: pair_ids shape=(16,), range=173..9957, coefficients shape=(16, 2), sample_weights shape=(16,), zero_neighbor_targets=0
GRAB train batch 40: pair_ids shape=(16,), range=50..10738, coefficients shape=(16, 2), sample_weights shape=(16,), zero_neighbor_targets=0
GRAB train batch 41: pair_ids shape=(16,), range=43..9619, coefficients shape=(16, 2), sample_weights shape=(16,), zero_neighbor_targets=0
GRAB train batch 42: pair_ids shape=(16,), range=368..9889, coefficients shape=(16, 2), sample_weights shape=(16,), zero_neighbor_targets=0
GRAB train batch 43: pair_ids shape=(16,), range=101..5447, coefficients shape=(16, 2), sample_weights shape=(16,), zero_neighbor_targets=0
GRAB train batch 44: pair_ids shape=(16,), range=68..8028, coefficients shape=(16, 2), sample_weights shape=(16,), zero_neighbor_targets=0
GRAB train batch 45: pair_ids shape=(16,), range=243..8933, coefficients shape=(16, 2), sample_weights shape=(16,), zero_neighbor_targets=0
GRAB train batch 46: pair_ids shape=(16,), range=153..10064, coefficients shape=(16, 2), sample_weights shape=(16,), zero_neighbor_targets=0
GRAB train batch 47: pair_ids shape=(16,), range=26..2748, coefficients shape=(16, 2), sample_weights shape=(16,), zero_neighbor_targets=0
GRAB train batch 48: pair_ids shape=(16,), range=71..10935, coefficients shape=(16, 2), sample_weights shape=(16,), zero_neighbor_targets=0
GRAB train batch 49: pair_ids shape=(16,), range=131..10716, coefficients shape=(16, 2), sample_weights shape=(16,), zero_neighbor_targets=0
GRAB train batch 50: pair_ids shape=(16,), range=170..10228, coefficients shape=(16, 2), sample_weights shape=(16,), zero_neighbor_targets=0
GRAB train batch 51: pair_ids shape=(16,), range=44..10352, coefficients shape=(16, 2), sample_weights shape=(16,), zero_neighbor_targets=0
GRAB train batch 52: pair_ids shape=(16,), range=15..9255, coefficients shape=(16, 2), sample_weights shape=(16,), zero_neighbor_targets=0
GRAB train batch 53: pair_ids shape=(16,), range=2..10665, coefficients shape=(16, 2), sample_weights shape=(16,), zero_neighbor_targets=0
GRAB train batch 54: pair_ids shape=(16,), range=23..10336, coefficients shape=(16, 2), sample_weights shape=(16,), zero_neighbor_targets=0
GRAB train batch 55: pair_ids shape=(16,), range=223..9327, coefficients shape=(16, 2), sample_weights shape=(16,), zero_neighbor_targets=0
GRAB train batch 56: pair_ids shape=(16,), range=107..10488, coefficients shape=(16, 2), sample_weights shape=(16,), zero_neighbor_targets=0
GRAB train batch 57: pair_ids shape=(16,), range=361..8075, coefficients shape=(16, 2), sample_weights shape=(16,), zero_neighbor_targets=0
GRAB train batch 58: pair_ids shape=(16,), range=4..5141, coefficients shape=(16, 2), sample_weights shape=(16,), zero_neighbor_targets=0
GRAB train batch 59: pair_ids shape=(16,), range=20..10733, coefficients shape=(16, 2), sample_weights shape=(16,), zero_neighbor_targets=0
GRAB train batch 60: pair_ids shape=(16,), range=161..9922, coefficients shape=(16, 2), sample_weights shape=(16,), zero_neighbor_targets=0
GRAB train batch 61: pair_ids shape=(16,), range=111..10030, coefficients shape=(16, 2), sample_weights shape=(16,), zero_neighbor_targets=0
GRAB train batch 62: pair_ids shape=(16,), range=188..10161, coefficients shape=(16, 2), sample_weights shape=(16,), zero_neighbor_targets=0
GRAB train batch 63: pair_ids shape=(16,), range=167..10498, coefficients shape=(16, 2), sample_weights shape=(16,), zero_neighbor_targets=0
GRAB train batch 64: pair_ids shape=(16,), range=187..10090, coefficients shape=(16, 2), sample_weights shape=(16,), zero_neighbor_targets=0
GRAB train batch 65: pair_ids shape=(16,), range=8..10093, coefficients shape=(16, 2), sample_weights shape=(16,), zero_neighbor_targets=0
GRAB train batch 66: pair_ids shape=(16,), range=17..9808, coefficients shape=(16, 2), sample_weights shape=(16,), zero_neighbor_targets=0
GRAB train batch 67: pair_ids shape=(16,), range=105..10365, coefficients shape=(16, 2), sample_weights shape=(16,), zero_neighbor_targets=0
GRAB train batch 68: pair_ids shape=(10,), range=294..9915, coefficients shape=(10, 2), sample_weights shape=(10,), zero_neighbor_targets=0
VALIDATION
valid epoch balanced_accuracy: 0.449834
EPOCH 51:
GRAB train batch 1: pair_ids shape=(16,), range=239..10684, coefficients shape=(16, 2), sample_weights shape=(16,), zero_neighbor_targets=0
GRAB train batch 2: pair_ids shape=(16,), range=69..9889, coefficients shape=(16, 2), sample_weights shape=(16,), zero_neighbor_targets=0
GRAB train batch 3: pair_ids shape=(16,), range=176..7855, coefficients shape=(16, 2), sample_weights shape=(16,), zero_neighbor_targets=0
GRAB train batch 4: pair_ids shape=(16,), range=71..9444, coefficients shape=(16, 2), sample_weights shape=(16,), zero_neighbor_targets=0
GRAB train batch 5: pair_ids shape=(16,), range=50..5596, coefficients shape=(16, 2), sample_weights shape=(16,), zero_neighbor_targets=0
GRAB train batch 6: pair_ids shape=(16,), range=6..10925, coefficients shape=(16, 2), sample_weights shape=(16,), zero_neighbor_targets=0
GRAB train batch 7: pair_ids shape=(16,), range=161..10336, coefficients shape=(16, 2), sample_weights shape=(16,), zero_neighbor_targets=0
GRAB train batch 8: pair_ids shape=(16,), range=15..10716, coefficients shape=(16, 2), sample_weights shape=(16,), zero_neighbor_targets=0
GRAB train batch 9: pair_ids shape=(16,), range=70..10611, coefficients shape=(16, 2), sample_weights shape=(16,), zero_neighbor_targets=0
GRAB train batch 10: pair_ids shape=(16,), range=28..7033, coefficients shape=(16, 2), sample_weights shape=(16,), zero_neighbor_targets=0
GRAB train batch 11: pair_ids shape=(16,), range=16..7598, coefficients shape=(16, 2), sample_weights shape=(16,), zero_neighbor_targets=0
GRAB train batch 12: pair_ids shape=(16,), range=100..9072, coefficients shape=(16, 2), sample_weights shape=(16,), zero_neighbor_targets=0
GRAB train batch 13: pair_ids shape=(16,), range=1..6980, coefficients shape=(16, 2), sample_weights shape=(16,), zero_neighbor_targets=0
GRAB train batch 14: pair_ids shape=(16,), range=46..9587, coefficients shape=(16, 2), sample_weights shape=(16,), zero_neighbor_targets=0
GRAB train batch 15: pair_ids shape=(16,), range=26..7103, coefficients shape=(16, 2), sample_weights shape=(16,), zero_neighbor_targets=0
GRAB train batch 16: pair_ids shape=(16,), range=35..9531, coefficients shape=(16, 2), sample_weights shape=(16,), zero_neighbor_targets=0
GRAB train batch 17: pair_ids shape=(16,), range=5..10862, coefficients shape=(16, 2), sample_weights shape=(16,), zero_neighbor_targets=0
GRAB train batch 18: pair_ids shape=(16,), range=22..6968, coefficients shape=(16, 2), sample_weights shape=(16,), zero_neighbor_targets=0
GRAB train batch 19: pair_ids shape=(16,), range=0..9670, coefficients shape=(16, 2), sample_weights shape=(16,), zero_neighbor_targets=0
GRAB train batch 20: pair_ids shape=(16,), range=98..10918, coefficients shape=(16, 2), sample_weights shape=(16,), zero_neighbor_targets=0
GRAB train batch 21: pair_ids shape=(16,), range=45..9808, coefficients shape=(16, 2), sample_weights shape=(16,), zero_neighbor_targets=0
GRAB train batch 22: pair_ids shape=(16,), range=115..9671, coefficients shape=(16, 2), sample_weights shape=(16,), zero_neighbor_targets=0
GRAB train batch 23: pair_ids shape=(16,), range=49..9968, coefficients shape=(16, 2), sample_weights shape=(16,), zero_neighbor_targets=0
GRAB train batch 24: pair_ids shape=(16,), range=41..10733, coefficients shape=(16, 2), sample_weights shape=(16,), zero_neighbor_targets=0
GRAB train batch 25: pair_ids shape=(16,), range=56..10308, coefficients shape=(16, 2), sample_weights shape=(16,), zero_neighbor_targets=0
GRAB train batch 26: pair_ids shape=(16,), range=11..10256, coefficients shape=(16, 2), sample_weights shape=(16,), zero_neighbor_targets=0
GRAB train batch 27: pair_ids shape=(16,), range=4..10735, coefficients shape=(16, 2), sample_weights shape=(16,), zero_neighbor_targets=0
GRAB train batch 28: pair_ids shape=(16,), range=107..10655, coefficients shape=(16, 2), sample_weights shape=(16,), zero_neighbor_targets=0
GRAB train batch 29: pair_ids shape=(16,), range=9..5601, coefficients shape=(16, 2), sample_weights shape=(16,), zero_neighbor_targets=0
GRAB train batch 30: pair_ids shape=(16,), range=65..9171, coefficients shape=(16, 2), sample_weights shape=(16,), zero_neighbor_targets=0
GRAB train batch 31: pair_ids shape=(16,), range=7..9236, coefficients shape=(16, 2), sample_weights shape=(16,), zero_neighbor_targets=0
GRAB train batch 32: pair_ids shape=(16,), range=156..10018, coefficients shape=(16, 2), sample_weights shape=(16,), zero_neighbor_targets=0
GRAB train batch 33: pair_ids shape=(16,), range=101..9785, coefficients shape=(16, 2), sample_weights shape=(16,), zero_neighbor_targets=0
GRAB train batch 34: pair_ids shape=(16,), range=24..9541, coefficients shape=(16, 2), sample_weights shape=(16,), zero_neighbor_targets=0
GRAB train batch 35: pair_ids shape=(16,), range=359..10738, coefficients shape=(16, 2), sample_weights shape=(16,), zero_neighbor_targets=0
GRAB train batch 36: pair_ids shape=(16,), range=31..10619, coefficients shape=(16, 2), sample_weights shape=(16,), zero_neighbor_targets=0
GRAB train batch 37: pair_ids shape=(16,), range=19..10609, coefficients shape=(16, 2), sample_weights shape=(16,), zero_neighbor_targets=0
GRAB train batch 38: pair_ids shape=(16,), range=2..10557, coefficients shape=(16, 2), sample_weights shape=(16,), zero_neighbor_targets=0
GRAB train batch 39: pair_ids shape=(16,), range=43..10665, coefficients shape=(16, 2), sample_weights shape=(16,), zero_neighbor_targets=0
GRAB train batch 40: pair_ids shape=(16,), range=40..7941, coefficients shape=(16, 2), sample_weights shape=(16,), zero_neighbor_targets=0
GRAB train batch 41: pair_ids shape=(16,), range=21..10004, coefficients shape=(16, 2), sample_weights shape=(16,), zero_neighbor_targets=0
GRAB train batch 42: pair_ids shape=(16,), range=124..9619, coefficients shape=(16, 2), sample_weights shape=(16,), zero_neighbor_targets=0
GRAB train batch 43: pair_ids shape=(16,), range=141..7942, coefficients shape=(16, 2), sample_weights shape=(16,), zero_neighbor_targets=0
GRAB train batch 44: pair_ids shape=(16,), range=42..9358, coefficients shape=(16, 2), sample_weights shape=(16,), zero_neighbor_targets=0
GRAB train batch 45: pair_ids shape=(16,), range=3..10030, coefficients shape=(16, 2), sample_weights shape=(16,), zero_neighbor_targets=0
GRAB train batch 46: pair_ids shape=(16,), range=59..10373, coefficients shape=(16, 2), sample_weights shape=(16,), zero_neighbor_targets=0
GRAB train batch 47: pair_ids shape=(16,), range=254..10404, coefficients shape=(16, 2), sample_weights shape=(16,), zero_neighbor_targets=0
GRAB train batch 48: pair_ids shape=(16,), range=109..10092, coefficients shape=(16, 2), sample_weights shape=(16,), zero_neighbor_targets=0
GRAB train batch 49: pair_ids shape=(16,), range=14..10530, coefficients shape=(16, 2), sample_weights shape=(16,), zero_neighbor_targets=0
GRAB train batch 50: pair_ids shape=(16,), range=20..10274, coefficients shape=(16, 2), sample_weights shape=(16,), zero_neighbor_targets=0
GRAB train batch 51: pair_ids shape=(16,), range=25..10228, coefficients shape=(16, 2), sample_weights shape=(16,), zero_neighbor_targets=0
GRAB train batch 52: pair_ids shape=(16,), range=120..10956, coefficients shape=(16, 2), sample_weights shape=(16,), zero_neighbor_targets=0
GRAB train batch 53: pair_ids shape=(16,), range=155..10867, coefficients shape=(16, 2), sample_weights shape=(16,), zero_neighbor_targets=0
GRAB train batch 54: pair_ids shape=(16,), range=129..10488, coefficients shape=(16, 2), sample_weights shape=(16,), zero_neighbor_targets=0
GRAB train batch 55: pair_ids shape=(16,), range=67..8079, coefficients shape=(16, 2), sample_weights shape=(16,), zero_neighbor_targets=0
GRAB train batch 56: pair_ids shape=(16,), range=131..8028, coefficients shape=(16, 2), sample_weights shape=(16,), zero_neighbor_targets=0
GRAB train batch 57: pair_ids shape=(16,), range=122..10899, coefficients shape=(16, 2), sample_weights shape=(16,), zero_neighbor_targets=0
GRAB train batch 58: pair_ids shape=(16,), range=134..10859, coefficients shape=(16, 2), sample_weights shape=(16,), zero_neighbor_targets=0
GRAB train batch 59: pair_ids shape=(16,), range=33..10935, coefficients shape=(16, 2), sample_weights shape=(16,), zero_neighbor_targets=0
GRAB train batch 60: pair_ids shape=(16,), range=29..7095, coefficients shape=(16, 2), sample_weights shape=(16,), zero_neighbor_targets=0
GRAB train batch 61: pair_ids shape=(16,), range=8..9077, coefficients shape=(16, 2), sample_weights shape=(16,), zero_neighbor_targets=0
GRAB train batch 62: pair_ids shape=(16,), range=105..9110, coefficients shape=(16, 2), sample_weights shape=(16,), zero_neighbor_targets=0
GRAB train batch 63: pair_ids shape=(16,), range=97..5614, coefficients shape=(16, 2), sample_weights shape=(16,), zero_neighbor_targets=0
GRAB train batch 64: pair_ids shape=(16,), range=10..9255, coefficients shape=(16, 2), sample_weights shape=(16,), zero_neighbor_targets=0
GRAB train batch 65: pair_ids shape=(16,), range=58..10365, coefficients shape=(16, 2), sample_weights shape=(16,), zero_neighbor_targets=0
GRAB train batch 66: pair_ids shape=(16,), range=30..7758, coefficients shape=(16, 2), sample_weights shape=(16,), zero_neighbor_targets=0
GRAB train batch 67: pair_ids shape=(16,), range=110..10498, coefficients shape=(16, 2), sample_weights shape=(16,), zero_neighbor_targets=0
GRAB train batch 68: pair_ids shape=(10,), range=51..4614, coefficients shape=(10, 2), sample_weights shape=(10,), zero_neighbor_targets=0
VALIDATION
valid epoch balanced_accuracy: 0.451497
EPOCH 52:
GRAB train batch 1: pair_ids shape=(16,), range=40..8795, coefficients shape=(16, 2), sample_weights shape=(16,), zero_neighbor_targets=0
GRAB train batch 2: pair_ids shape=(16,), range=4..10488, coefficients shape=(16, 2), sample_weights shape=(16,), zero_neighbor_targets=0
GRAB train batch 3: pair_ids shape=(16,), range=18..9962, coefficients shape=(16, 2), sample_weights shape=(16,), zero_neighbor_targets=0
GRAB train batch 4: pair_ids shape=(16,), range=98..10530, coefficients shape=(16, 2), sample_weights shape=(16,), zero_neighbor_targets=0
GRAB train batch 5: pair_ids shape=(16,), range=9..10093, coefficients shape=(16, 2), sample_weights shape=(16,), zero_neighbor_targets=0
GRAB train batch 6: pair_ids shape=(16,), range=54..10274, coefficients shape=(16, 2), sample_weights shape=(16,), zero_neighbor_targets=0
GRAB train batch 7: pair_ids shape=(16,), range=361..10599, coefficients shape=(16, 2), sample_weights shape=(16,), zero_neighbor_targets=0
GRAB train batch 8: pair_ids shape=(16,), range=59..10308, coefficients shape=(16, 2), sample_weights shape=(16,), zero_neighbor_targets=0
GRAB train batch 9: pair_ids shape=(16,), range=130..9754, coefficients shape=(16, 2), sample_weights shape=(16,), zero_neighbor_targets=0
GRAB train batch 10: pair_ids shape=(16,), range=42..10352, coefficients shape=(16, 2), sample_weights shape=(16,), zero_neighbor_targets=0
GRAB train batch 11: pair_ids shape=(16,), range=115..10738, coefficients shape=(16, 2), sample_weights shape=(16,), zero_neighbor_targets=0
GRAB train batch 12: pair_ids shape=(16,), range=1..5305, coefficients shape=(16, 2), sample_weights shape=(16,), zero_neighbor_targets=0
GRAB train batch 13: pair_ids shape=(16,), range=156..9153, coefficients shape=(16, 2), sample_weights shape=(16,), zero_neighbor_targets=0
GRAB train batch 14: pair_ids shape=(16,), range=47..4869, coefficients shape=(16, 2), sample_weights shape=(16,), zero_neighbor_targets=0
GRAB train batch 15: pair_ids shape=(16,), range=3..7755, coefficients shape=(16, 2), sample_weights shape=(16,), zero_neighbor_targets=0
GRAB train batch 16: pair_ids shape=(16,), range=11..5084, coefficients shape=(16, 2), sample_weights shape=(16,), zero_neighbor_targets=0
GRAB train batch 17: pair_ids shape=(16,), range=63..10665, coefficients shape=(16, 2), sample_weights shape=(16,), zero_neighbor_targets=0
GRAB train batch 18: pair_ids shape=(16,), range=113..10684, coefficients shape=(16, 2), sample_weights shape=(16,), zero_neighbor_targets=0
GRAB train batch 19: pair_ids shape=(16,), range=260..10567, coefficients shape=(16, 2), sample_weights shape=(16,), zero_neighbor_targets=0
GRAB train batch 20: pair_ids shape=(16,), range=145..10716, coefficients shape=(16, 2), sample_weights shape=(16,), zero_neighbor_targets=0
GRAB train batch 21: pair_ids shape=(16,), range=2..10899, coefficients shape=(16, 2), sample_weights shape=(16,), zero_neighbor_targets=0
GRAB train batch 22: pair_ids shape=(16,), range=20..9785, coefficients shape=(16, 2), sample_weights shape=(16,), zero_neighbor_targets=0
GRAB train batch 23: pair_ids shape=(16,), range=12..9005, coefficients shape=(16, 2), sample_weights shape=(16,), zero_neighbor_targets=0
GRAB train batch 24: pair_ids shape=(16,), range=23..10918, coefficients shape=(16, 2), sample_weights shape=(16,), zero_neighbor_targets=0
GRAB train batch 25: pair_ids shape=(16,), range=64..10030, coefficients shape=(16, 2), sample_weights shape=(16,), zero_neighbor_targets=0
GRAB train batch 26: pair_ids shape=(16,), range=24..4519, coefficients shape=(16, 2), sample_weights shape=(16,), zero_neighbor_targets=0
GRAB train batch 27: pair_ids shape=(16,), range=230..4744, coefficients shape=(16, 2), sample_weights shape=(16,), zero_neighbor_targets=0
GRAB train batch 28: pair_ids shape=(16,), range=17..10092, coefficients shape=(16, 2), sample_weights shape=(16,), zero_neighbor_targets=0
GRAB train batch 29: pair_ids shape=(16,), range=164..4874, coefficients shape=(16, 2), sample_weights shape=(16,), zero_neighbor_targets=0
GRAB train batch 30: pair_ids shape=(16,), range=49..10365, coefficients shape=(16, 2), sample_weights shape=(16,), zero_neighbor_targets=0
GRAB train batch 31: pair_ids shape=(16,), range=43..9541, coefficients shape=(16, 2), sample_weights shape=(16,), zero_neighbor_targets=0
GRAB train batch 32: pair_ids shape=(16,), range=53..9624, coefficients shape=(16, 2), sample_weights shape=(16,), zero_neighbor_targets=0
GRAB train batch 33: pair_ids shape=(16,), range=29..10859, coefficients shape=(16, 2), sample_weights shape=(16,), zero_neighbor_targets=0
GRAB train batch 34: pair_ids shape=(16,), range=16..10472, coefficients shape=(16, 2), sample_weights shape=(16,), zero_neighbor_targets=0
GRAB train batch 35: pair_ids shape=(16,), range=239..9124, coefficients shape=(16, 2), sample_weights shape=(16,), zero_neighbor_targets=0
GRAB train batch 36: pair_ids shape=(16,), range=46..10735, coefficients shape=(16, 2), sample_weights shape=(16,), zero_neighbor_targets=0
GRAB train batch 37: pair_ids shape=(16,), range=162..10867, coefficients shape=(16, 2), sample_weights shape=(16,), zero_neighbor_targets=0
GRAB train batch 38: pair_ids shape=(16,), range=172..10557, coefficients shape=(16, 2), sample_weights shape=(16,), zero_neighbor_targets=0
GRAB train batch 39: pair_ids shape=(16,), range=134..10925, coefficients shape=(16, 2), sample_weights shape=(16,), zero_neighbor_targets=0
GRAB train batch 40: pair_ids shape=(16,), range=106..8810, coefficients shape=(16, 2), sample_weights shape=(16,), zero_neighbor_targets=0
GRAB train batch 41: pair_ids shape=(16,), range=5..9072, coefficients shape=(16, 2), sample_weights shape=(16,), zero_neighbor_targets=0
GRAB train batch 42: pair_ids shape=(16,), range=34..5202, coefficients shape=(16, 2), sample_weights shape=(16,), zero_neighbor_targets=0
GRAB train batch 43: pair_ids shape=(16,), range=21..10733, coefficients shape=(16, 2), sample_weights shape=(16,), zero_neighbor_targets=0
GRAB train batch 44: pair_ids shape=(16,), range=117..10655, coefficients shape=(16, 2), sample_weights shape=(16,), zero_neighbor_targets=0
GRAB train batch 45: pair_ids shape=(16,), range=123..9883, coefficients shape=(16, 2), sample_weights shape=(16,), zero_neighbor_targets=0
GRAB train batch 46: pair_ids shape=(16,), range=67..10520, coefficients shape=(16, 2), sample_weights shape=(16,), zero_neighbor_targets=0
GRAB train batch 47: pair_ids shape=(16,), range=72..10611, coefficients shape=(16, 2), sample_weights shape=(16,), zero_neighbor_targets=0
GRAB train batch 48: pair_ids shape=(16,), range=13..9324, coefficients shape=(16, 2), sample_weights shape=(16,), zero_neighbor_targets=0
GRAB train batch 49: pair_ids shape=(16,), range=257..10015, coefficients shape=(16, 2), sample_weights shape=(16,), zero_neighbor_targets=0
GRAB train batch 50: pair_ids shape=(16,), range=6..10498, coefficients shape=(16, 2), sample_weights shape=(16,), zero_neighbor_targets=0
GRAB train batch 51: pair_ids shape=(16,), range=0..10935, coefficients shape=(16, 2), sample_weights shape=(16,), zero_neighbor_targets=0
GRAB train batch 52: pair_ids shape=(16,), range=141..9808, coefficients shape=(16, 2), sample_weights shape=(16,), zero_neighbor_targets=0
GRAB train batch 53: pair_ids shape=(16,), range=28..10256, coefficients shape=(16, 2), sample_weights shape=(16,), zero_neighbor_targets=0
GRAB train batch 54: pair_ids shape=(16,), range=15..7103, coefficients shape=(16, 2), sample_weights shape=(16,), zero_neighbor_targets=0
GRAB train batch 55: pair_ids shape=(16,), range=14..1335, coefficients shape=(16, 2), sample_weights shape=(16,), zero_neighbor_targets=0
GRAB train batch 56: pair_ids shape=(16,), range=241..9957, coefficients shape=(16, 2), sample_weights shape=(16,), zero_neighbor_targets=0
GRAB train batch 57: pair_ids shape=(16,), range=7..10018, coefficients shape=(16, 2), sample_weights shape=(16,), zero_neighbor_targets=0
GRAB train batch 58: pair_ids shape=(16,), range=8..10862, coefficients shape=(16, 2), sample_weights shape=(16,), zero_neighbor_targets=0
GRAB train batch 59: pair_ids shape=(16,), range=146..9922, coefficients shape=(16, 2), sample_weights shape=(16,), zero_neighbor_targets=0
GRAB train batch 60: pair_ids shape=(16,), range=36..10435, coefficients shape=(16, 2), sample_weights shape=(16,), zero_neighbor_targets=0
GRAB train batch 61: pair_ids shape=(16,), range=148..10004, coefficients shape=(16, 2), sample_weights shape=(16,), zero_neighbor_targets=0
GRAB train batch 62: pair_ids shape=(16,), range=51..9587, coefficients shape=(16, 2), sample_weights shape=(16,), zero_neighbor_targets=0
GRAB train batch 63: pair_ids shape=(16,), range=240..7582, coefficients shape=(16, 2), sample_weights shape=(16,), zero_neighbor_targets=0
GRAB train batch 64: pair_ids shape=(16,), range=50..9648, coefficients shape=(16, 2), sample_weights shape=(16,), zero_neighbor_targets=0
GRAB train batch 65: pair_ids shape=(16,), range=39..10619, coefficients shape=(16, 2), sample_weights shape=(16,), zero_neighbor_targets=0
GRAB train batch 66: pair_ids shape=(16,), range=10..9652, coefficients shape=(16, 2), sample_weights shape=(16,), zero_neighbor_targets=0
GRAB train batch 67: pair_ids shape=(16,), range=143..10956, coefficients shape=(16, 2), sample_weights shape=(16,), zero_neighbor_targets=0
GRAB train batch 68: pair_ids shape=(10,), range=263..4657, coefficients shape=(10, 2), sample_weights shape=(10,), zero_neighbor_targets=0
VALIDATION
valid epoch balanced_accuracy: 0.499446
EPOCH 53:
GRAB train batch 1: pair_ids shape=(16,), range=301..10007, coefficients shape=(16, 2), sample_weights shape=(16,), zero_neighbor_targets=0
GRAB train batch 2: pair_ids shape=(16,), range=116..5309, coefficients shape=(16, 2), sample_weights shape=(16,), zero_neighbor_targets=0
GRAB train batch 3: pair_ids shape=(16,), range=23..9573, coefficients shape=(16, 2), sample_weights shape=(16,), zero_neighbor_targets=0
GRAB train batch 4: pair_ids shape=(16,), range=61..9949, coefficients shape=(16, 2), sample_weights shape=(16,), zero_neighbor_targets=0
GRAB train batch 5: pair_ids shape=(16,), range=8..10308, coefficients shape=(16, 2), sample_weights shape=(16,), zero_neighbor_targets=0
GRAB train batch 6: pair_ids shape=(16,), range=28..9754, coefficients shape=(16, 2), sample_weights shape=(16,), zero_neighbor_targets=0
GRAB train batch 7: pair_ids shape=(16,), range=130..9619, coefficients shape=(16, 2), sample_weights shape=(16,), zero_neighbor_targets=0
GRAB train batch 8: pair_ids shape=(16,), range=56..5448, coefficients shape=(16, 2), sample_weights shape=(16,), zero_neighbor_targets=0
GRAB train batch 9: pair_ids shape=(16,), range=121..10735, coefficients shape=(16, 2), sample_weights shape=(16,), zero_neighbor_targets=0
GRAB train batch 10: pair_ids shape=(16,), range=225..10256, coefficients shape=(16, 2), sample_weights shape=(16,), zero_neighbor_targets=0
GRAB train batch 11: pair_ids shape=(16,), range=34..10918, coefficients shape=(16, 2), sample_weights shape=(16,), zero_neighbor_targets=0
GRAB train batch 12: pair_ids shape=(16,), range=378..10935, coefficients shape=(16, 2), sample_weights shape=(16,), zero_neighbor_targets=0
GRAB train batch 13: pair_ids shape=(16,), range=1..6968, coefficients shape=(16, 2), sample_weights shape=(16,), zero_neighbor_targets=0
GRAB train batch 14: pair_ids shape=(16,), range=18..9128, coefficients shape=(16, 2), sample_weights shape=(16,), zero_neighbor_targets=0
GRAB train batch 15: pair_ids shape=(16,), range=101..10716, coefficients shape=(16, 2), sample_weights shape=(16,), zero_neighbor_targets=0
GRAB train batch 16: pair_ids shape=(16,), range=12..10015, coefficients shape=(16, 2), sample_weights shape=(16,), zero_neighbor_targets=0
GRAB train batch 17: pair_ids shape=(16,), range=11..10228, coefficients shape=(16, 2), sample_weights shape=(16,), zero_neighbor_targets=0
GRAB train batch 18: pair_ids shape=(16,), range=63..9255, coefficients shape=(16, 2), sample_weights shape=(16,), zero_neighbor_targets=0
GRAB train batch 19: pair_ids shape=(16,), range=2..10488, coefficients shape=(16, 2), sample_weights shape=(16,), zero_neighbor_targets=0
GRAB train batch 20: pair_ids shape=(16,), range=110..10557, coefficients shape=(16, 2), sample_weights shape=(16,), zero_neighbor_targets=0
GRAB train batch 21: pair_ids shape=(16,), range=60..10567, coefficients shape=(16, 2), sample_weights shape=(16,), zero_neighbor_targets=0
GRAB train batch 22: pair_ids shape=(16,), range=41..7902, coefficients shape=(16, 2), sample_weights shape=(16,), zero_neighbor_targets=0
GRAB train batch 23: pair_ids shape=(16,), range=113..10336, coefficients shape=(16, 2), sample_weights shape=(16,), zero_neighbor_targets=0
GRAB train batch 24: pair_ids shape=(16,), range=31..10862, coefficients shape=(16, 2), sample_weights shape=(16,), zero_neighbor_targets=0
GRAB train batch 25: pair_ids shape=(16,), range=55..10655, coefficients shape=(16, 2), sample_weights shape=(16,), zero_neighbor_targets=0
GRAB train batch 26: pair_ids shape=(16,), range=168..10738, coefficients shape=(16, 2), sample_weights shape=(16,), zero_neighbor_targets=0
GRAB train batch 27: pair_ids shape=(16,), range=59..7517, coefficients shape=(16, 2), sample_weights shape=(16,), zero_neighbor_targets=0
GRAB train batch 28: pair_ids shape=(16,), range=181..7685, coefficients shape=(16, 2), sample_weights shape=(16,), zero_neighbor_targets=0
GRAB train batch 29: pair_ids shape=(16,), range=106..7111, coefficients shape=(16, 2), sample_weights shape=(16,), zero_neighbor_targets=0
GRAB train batch 30: pair_ids shape=(16,), range=22..10609, coefficients shape=(16, 2), sample_weights shape=(16,), zero_neighbor_targets=0
GRAB train batch 31: pair_ids shape=(16,), range=7..7598, coefficients shape=(16, 2), sample_weights shape=(16,), zero_neighbor_targets=0
GRAB train batch 32: pair_ids shape=(16,), range=19..10665, coefficients shape=(16, 2), sample_weights shape=(16,), zero_neighbor_targets=0
GRAB train batch 33: pair_ids shape=(16,), range=51..10352, coefficients shape=(16, 2), sample_weights shape=(16,), zero_neighbor_targets=0
GRAB train batch 34: pair_ids shape=(16,), range=43..9968, coefficients shape=(16, 2), sample_weights shape=(16,), zero_neighbor_targets=0
GRAB train batch 35: pair_ids shape=(16,), range=13..10925, coefficients shape=(16, 2), sample_weights shape=(16,), zero_neighbor_targets=0
GRAB train batch 36: pair_ids shape=(16,), range=97..10899, coefficients shape=(16, 2), sample_weights shape=(16,), zero_neighbor_targets=0
GRAB train batch 37: pair_ids shape=(16,), range=10..10274, coefficients shape=(16, 2), sample_weights shape=(16,), zero_neighbor_targets=0
GRAB train batch 38: pair_ids shape=(16,), range=105..10619, coefficients shape=(16, 2), sample_weights shape=(16,), zero_neighbor_targets=0
GRAB train batch 39: pair_ids shape=(16,), range=32..7803, coefficients shape=(16, 2), sample_weights shape=(16,), zero_neighbor_targets=0
GRAB train batch 40: pair_ids shape=(16,), range=47..9915, coefficients shape=(16, 2), sample_weights shape=(16,), zero_neighbor_targets=0
GRAB train batch 41: pair_ids shape=(16,), range=3..7589, coefficients shape=(16, 2), sample_weights shape=(16,), zero_neighbor_targets=0
GRAB train batch 42: pair_ids shape=(16,), range=15..10365, coefficients shape=(16, 2), sample_weights shape=(16,), zero_neighbor_targets=0
GRAB train batch 43: pair_ids shape=(16,), range=21..10141, coefficients shape=(16, 2), sample_weights shape=(16,), zero_neighbor_targets=0
GRAB train batch 44: pair_ids shape=(16,), range=14..10520, coefficients shape=(16, 2), sample_weights shape=(16,), zero_neighbor_targets=0
GRAB train batch 45: pair_ids shape=(16,), range=44..9828, coefficients shape=(16, 2), sample_weights shape=(16,), zero_neighbor_targets=0
GRAB train batch 46: pair_ids shape=(16,), range=4..10867, coefficients shape=(16, 2), sample_weights shape=(16,), zero_neighbor_targets=0
GRAB train batch 47: pair_ids shape=(16,), range=35..10090, coefficients shape=(16, 2), sample_weights shape=(16,), zero_neighbor_targets=0
GRAB train batch 48: pair_ids shape=(16,), range=36..9848, coefficients shape=(16, 2), sample_weights shape=(16,), zero_neighbor_targets=0
GRAB train batch 49: pair_ids shape=(16,), range=62..9922, coefficients shape=(16, 2), sample_weights shape=(16,), zero_neighbor_targets=0
GRAB train batch 50: pair_ids shape=(16,), range=163..9670, coefficients shape=(16, 2), sample_weights shape=(16,), zero_neighbor_targets=0
GRAB train batch 51: pair_ids shape=(16,), range=184..10956, coefficients shape=(16, 2), sample_weights shape=(16,), zero_neighbor_targets=0
GRAB train batch 52: pair_ids shape=(16,), range=132..10733, coefficients shape=(16, 2), sample_weights shape=(16,), zero_neighbor_targets=0
GRAB train batch 53: pair_ids shape=(16,), range=0..9962, coefficients shape=(16, 2), sample_weights shape=(16,), zero_neighbor_targets=0
GRAB train batch 54: pair_ids shape=(16,), range=29..5351, coefficients shape=(16, 2), sample_weights shape=(16,), zero_neighbor_targets=0
GRAB train batch 55: pair_ids shape=(16,), range=24..10373, coefficients shape=(16, 2), sample_weights shape=(16,), zero_neighbor_targets=0
GRAB train batch 56: pair_ids shape=(16,), range=175..7536, coefficients shape=(16, 2), sample_weights shape=(16,), zero_neighbor_targets=0
GRAB train batch 57: pair_ids shape=(16,), range=6..9652, coefficients shape=(16, 2), sample_weights shape=(16,), zero_neighbor_targets=0
GRAB train batch 58: pair_ids shape=(16,), range=136..10472, coefficients shape=(16, 2), sample_weights shape=(16,), zero_neighbor_targets=0
GRAB train batch 59: pair_ids shape=(16,), range=38..6943, coefficients shape=(16, 2), sample_weights shape=(16,), zero_neighbor_targets=0
GRAB train batch 60: pair_ids shape=(16,), range=50..10404, coefficients shape=(16, 2), sample_weights shape=(16,), zero_neighbor_targets=0
GRAB train batch 61: pair_ids shape=(16,), range=17..9005, coefficients shape=(16, 2), sample_weights shape=(16,), zero_neighbor_targets=0
GRAB train batch 62: pair_ids shape=(16,), range=120..10018, coefficients shape=(16, 2), sample_weights shape=(16,), zero_neighbor_targets=0
GRAB train batch 63: pair_ids shape=(16,), range=68..9957, coefficients shape=(16, 2), sample_weights shape=(16,), zero_neighbor_targets=0
GRAB train batch 64: pair_ids shape=(16,), range=179..9587, coefficients shape=(16, 2), sample_weights shape=(16,), zero_neighbor_targets=0
GRAB train batch 65: pair_ids shape=(16,), range=16..10859, coefficients shape=(16, 2), sample_weights shape=(16,), zero_neighbor_targets=0
GRAB train batch 66: pair_ids shape=(16,), range=9..5055, coefficients shape=(16, 2), sample_weights shape=(16,), zero_neighbor_targets=0
GRAB train batch 67: pair_ids shape=(16,), range=46..10599, coefficients shape=(16, 2), sample_weights shape=(16,), zero_neighbor_targets=0
GRAB train batch 68: pair_ids shape=(10,), range=108..7758, coefficients shape=(10, 2), sample_weights shape=(10,), zero_neighbor_targets=0
VALIDATION
valid epoch balanced_accuracy: 0.423780
EPOCH 54:
GRAB train batch 1: pair_ids shape=(16,), range=71..10018, coefficients shape=(16, 2), sample_weights shape=(16,), zero_neighbor_targets=0
GRAB train batch 2: pair_ids shape=(16,), range=73..10733, coefficients shape=(16, 2), sample_weights shape=(16,), zero_neighbor_targets=0
GRAB train batch 3: pair_ids shape=(16,), range=69..10557, coefficients shape=(16, 2), sample_weights shape=(16,), zero_neighbor_targets=0
GRAB train batch 4: pair_ids shape=(16,), range=58..10007, coefficients shape=(16, 2), sample_weights shape=(16,), zero_neighbor_targets=0
GRAB train batch 5: pair_ids shape=(16,), range=3..9358, coefficients shape=(16, 2), sample_weights shape=(16,), zero_neighbor_targets=0
GRAB train batch 6: pair_ids shape=(16,), range=108..10030, coefficients shape=(16, 2), sample_weights shape=(16,), zero_neighbor_targets=0
GRAB train batch 7: pair_ids shape=(16,), range=6..10925, coefficients shape=(16, 2), sample_weights shape=(16,), zero_neighbor_targets=0
GRAB train batch 8: pair_ids shape=(16,), range=100..7753, coefficients shape=(16, 2), sample_weights shape=(16,), zero_neighbor_targets=0
GRAB train batch 9: pair_ids shape=(16,), range=33..5448, coefficients shape=(16, 2), sample_weights shape=(16,), zero_neighbor_targets=0
GRAB train batch 10: pair_ids shape=(16,), range=317..10336, coefficients shape=(16, 2), sample_weights shape=(16,), zero_neighbor_targets=0
GRAB train batch 11: pair_ids shape=(16,), range=30..6942, coefficients shape=(16, 2), sample_weights shape=(16,), zero_neighbor_targets=0
GRAB train batch 12: pair_ids shape=(16,), range=15..9331, coefficients shape=(16, 2), sample_weights shape=(16,), zero_neighbor_targets=0
GRAB train batch 13: pair_ids shape=(16,), range=97..7578, coefficients shape=(16, 2), sample_weights shape=(16,), zero_neighbor_targets=0
GRAB train batch 14: pair_ids shape=(16,), range=8..10530, coefficients shape=(16, 2), sample_weights shape=(16,), zero_neighbor_targets=0
GRAB train batch 15: pair_ids shape=(16,), range=70..9968, coefficients shape=(16, 2), sample_weights shape=(16,), zero_neighbor_targets=0
GRAB train batch 16: pair_ids shape=(16,), range=18..10859, coefficients shape=(16, 2), sample_weights shape=(16,), zero_neighbor_targets=0
GRAB train batch 17: pair_ids shape=(16,), range=26..9904, coefficients shape=(16, 2), sample_weights shape=(16,), zero_neighbor_targets=0
GRAB train batch 18: pair_ids shape=(16,), range=57..10956, coefficients shape=(16, 2), sample_weights shape=(16,), zero_neighbor_targets=0
GRAB train batch 19: pair_ids shape=(16,), range=13..9889, coefficients shape=(16, 2), sample_weights shape=(16,), zero_neighbor_targets=0
GRAB train batch 20: pair_ids shape=(16,), range=27..10867, coefficients shape=(16, 2), sample_weights shape=(16,), zero_neighbor_targets=0
GRAB train batch 21: pair_ids shape=(16,), range=105..10161, coefficients shape=(16, 2), sample_weights shape=(16,), zero_neighbor_targets=0
GRAB train batch 22: pair_ids shape=(16,), range=114..9153, coefficients shape=(16, 2), sample_weights shape=(16,), zero_neighbor_targets=0
GRAB train batch 23: pair_ids shape=(16,), range=65..4957, coefficients shape=(16, 2), sample_weights shape=(16,), zero_neighbor_targets=0
GRAB train batch 24: pair_ids shape=(16,), range=19..10488, coefficients shape=(16, 2), sample_weights shape=(16,), zero_neighbor_targets=0
GRAB train batch 25: pair_ids shape=(16,), range=35..9962, coefficients shape=(16, 2), sample_weights shape=(16,), zero_neighbor_targets=0
GRAB train batch 26: pair_ids shape=(16,), range=111..9327, coefficients shape=(16, 2), sample_weights shape=(16,), zero_neighbor_targets=0
GRAB train batch 27: pair_ids shape=(16,), range=4..9560, coefficients shape=(16, 2), sample_weights shape=(16,), zero_neighbor_targets=0
GRAB train batch 28: pair_ids shape=(16,), range=1..9541, coefficients shape=(16, 2), sample_weights shape=(16,), zero_neighbor_targets=0
GRAB train batch 29: pair_ids shape=(16,), range=116..9648, coefficients shape=(16, 2), sample_weights shape=(16,), zero_neighbor_targets=0
GRAB train batch 30: pair_ids shape=(16,), range=24..10899, coefficients shape=(16, 2), sample_weights shape=(16,), zero_neighbor_targets=0
GRAB train batch 31: pair_ids shape=(16,), range=61..10015, coefficients shape=(16, 2), sample_weights shape=(16,), zero_neighbor_targets=0
GRAB train batch 32: pair_ids shape=(16,), range=121..10862, coefficients shape=(16, 2), sample_weights shape=(16,), zero_neighbor_targets=0
GRAB train batch 33: pair_ids shape=(16,), range=64..10222, coefficients shape=(16, 2), sample_weights shape=(16,), zero_neighbor_targets=0
GRAB train batch 34: pair_ids shape=(16,), range=34..10498, coefficients shape=(16, 2), sample_weights shape=(16,), zero_neighbor_targets=0
GRAB train batch 35: pair_ids shape=(16,), range=28..4874, coefficients shape=(16, 2), sample_weights shape=(16,), zero_neighbor_targets=0
GRAB train batch 36: pair_ids shape=(16,), range=22..10738, coefficients shape=(16, 2), sample_weights shape=(16,), zero_neighbor_targets=0
GRAB train batch 37: pair_ids shape=(16,), range=150..10611, coefficients shape=(16, 2), sample_weights shape=(16,), zero_neighbor_targets=0
GRAB train batch 38: pair_ids shape=(16,), range=12..10655, coefficients shape=(16, 2), sample_weights shape=(16,), zero_neighbor_targets=0
GRAB train batch 39: pair_ids shape=(16,), range=169..7598, coefficients shape=(16, 2), sample_weights shape=(16,), zero_neighbor_targets=0
GRAB train batch 40: pair_ids shape=(16,), range=42..10090, coefficients shape=(16, 2), sample_weights shape=(16,), zero_neighbor_targets=0
GRAB train batch 41: pair_ids shape=(16,), range=36..9548, coefficients shape=(16, 2), sample_weights shape=(16,), zero_neighbor_targets=0
GRAB train batch 42: pair_ids shape=(16,), range=112..10918, coefficients shape=(16, 2), sample_weights shape=(16,), zero_neighbor_targets=0
GRAB train batch 43: pair_ids shape=(16,), range=159..9922, coefficients shape=(16, 2), sample_weights shape=(16,), zero_neighbor_targets=0
GRAB train batch 44: pair_ids shape=(16,), range=31..9949, coefficients shape=(16, 2), sample_weights shape=(16,), zero_neighbor_targets=0
GRAB train batch 45: pair_ids shape=(16,), range=9..9808, coefficients shape=(16, 2), sample_weights shape=(16,), zero_neighbor_targets=0
GRAB train batch 46: pair_ids shape=(16,), range=7..8060, coefficients shape=(16, 2), sample_weights shape=(16,), zero_neighbor_targets=0
GRAB train batch 47: pair_ids shape=(16,), range=45..10935, coefficients shape=(16, 2), sample_weights shape=(16,), zero_neighbor_targets=0
GRAB train batch 48: pair_ids shape=(16,), range=11..10716, coefficients shape=(16, 2), sample_weights shape=(16,), zero_neighbor_targets=0
GRAB train batch 49: pair_ids shape=(16,), range=32..10735, coefficients shape=(16, 2), sample_weights shape=(16,), zero_neighbor_targets=0
GRAB train batch 50: pair_ids shape=(16,), range=220..7166, coefficients shape=(16, 2), sample_weights shape=(16,), zero_neighbor_targets=0
GRAB train batch 51: pair_ids shape=(16,), range=10..10599, coefficients shape=(16, 2), sample_weights shape=(16,), zero_neighbor_targets=0
GRAB train batch 52: pair_ids shape=(16,), range=379..10684, coefficients shape=(16, 2), sample_weights shape=(16,), zero_neighbor_targets=0
GRAB train batch 53: pair_ids shape=(16,), range=53..7517, coefficients shape=(16, 2), sample_weights shape=(16,), zero_neighbor_targets=0
GRAB train batch 54: pair_ids shape=(16,), range=2..7549, coefficients shape=(16, 2), sample_weights shape=(16,), zero_neighbor_targets=0
GRAB train batch 55: pair_ids shape=(16,), range=20..10308, coefficients shape=(16, 2), sample_weights shape=(16,), zero_neighbor_targets=0
GRAB train batch 56: pair_ids shape=(16,), range=122..9573, coefficients shape=(16, 2), sample_weights shape=(16,), zero_neighbor_targets=0
GRAB train batch 57: pair_ids shape=(16,), range=66..10274, coefficients shape=(16, 2), sample_weights shape=(16,), zero_neighbor_targets=0
GRAB train batch 58: pair_ids shape=(16,), range=242..4775, coefficients shape=(16, 2), sample_weights shape=(16,), zero_neighbor_targets=0
GRAB train batch 59: pair_ids shape=(16,), range=0..8084, coefficients shape=(16, 2), sample_weights shape=(16,), zero_neighbor_targets=0
GRAB train batch 60: pair_ids shape=(16,), range=14..3399, coefficients shape=(16, 2), sample_weights shape=(16,), zero_neighbor_targets=0
GRAB train batch 61: pair_ids shape=(16,), range=21..9124, coefficients shape=(16, 2), sample_weights shape=(16,), zero_neighbor_targets=0
GRAB train batch 62: pair_ids shape=(16,), range=241..10093, coefficients shape=(16, 2), sample_weights shape=(16,), zero_neighbor_targets=0
GRAB train batch 63: pair_ids shape=(16,), range=333..10404, coefficients shape=(16, 2), sample_weights shape=(16,), zero_neighbor_targets=0
GRAB train batch 64: pair_ids shape=(16,), range=139..9110, coefficients shape=(16, 2), sample_weights shape=(16,), zero_neighbor_targets=0
GRAB train batch 65: pair_ids shape=(16,), range=17..10609, coefficients shape=(16, 2), sample_weights shape=(16,), zero_neighbor_targets=0
GRAB train batch 66: pair_ids shape=(16,), range=142..10141, coefficients shape=(16, 2), sample_weights shape=(16,), zero_neighbor_targets=0
GRAB train batch 67: pair_ids shape=(16,), range=5..10567, coefficients shape=(16, 2), sample_weights shape=(16,), zero_neighbor_targets=0
GRAB train batch 68: pair_ids shape=(10,), range=351..10365, coefficients shape=(10, 2), sample_weights shape=(10,), zero_neighbor_targets=0
VALIDATION
valid epoch balanced_accuracy: 0.481984
EPOCH 55:
GRAB train batch 1: pair_ids shape=(16,), range=124..8002, coefficients shape=(16, 2), sample_weights shape=(16,), zero_neighbor_targets=0
GRAB train batch 2: pair_ids shape=(16,), range=36..10435, coefficients shape=(16, 2), sample_weights shape=(16,), zero_neighbor_targets=0
GRAB train batch 3: pair_ids shape=(16,), range=41..10867, coefficients shape=(16, 2), sample_weights shape=(16,), zero_neighbor_targets=0
GRAB train batch 4: pair_ids shape=(16,), range=7..9358, coefficients shape=(16, 2), sample_weights shape=(16,), zero_neighbor_targets=0
GRAB train batch 5: pair_ids shape=(16,), range=13..5351, coefficients shape=(16, 2), sample_weights shape=(16,), zero_neighbor_targets=0
GRAB train batch 6: pair_ids shape=(16,), range=157..10018, coefficients shape=(16, 2), sample_weights shape=(16,), zero_neighbor_targets=0
GRAB train batch 7: pair_ids shape=(16,), range=169..10093, coefficients shape=(16, 2), sample_weights shape=(16,), zero_neighbor_targets=0
GRAB train batch 8: pair_ids shape=(16,), range=29..10404, coefficients shape=(16, 2), sample_weights shape=(16,), zero_neighbor_targets=0
GRAB train batch 9: pair_ids shape=(16,), range=9..10567, coefficients shape=(16, 2), sample_weights shape=(16,), zero_neighbor_targets=0
GRAB train batch 10: pair_ids shape=(16,), range=47..7103, coefficients shape=(16, 2), sample_weights shape=(16,), zero_neighbor_targets=0
GRAB train batch 11: pair_ids shape=(16,), range=63..10256, coefficients shape=(16, 2), sample_weights shape=(16,), zero_neighbor_targets=0
GRAB train batch 12: pair_ids shape=(16,), range=66..10918, coefficients shape=(16, 2), sample_weights shape=(16,), zero_neighbor_targets=0
GRAB train batch 13: pair_ids shape=(16,), range=4..10859, coefficients shape=(16, 2), sample_weights shape=(16,), zero_neighbor_targets=0
GRAB train batch 14: pair_ids shape=(16,), range=53..10030, coefficients shape=(16, 2), sample_weights shape=(16,), zero_neighbor_targets=0
GRAB train batch 15: pair_ids shape=(16,), range=173..4906, coefficients shape=(16, 2), sample_weights shape=(16,), zero_neighbor_targets=0
GRAB train batch 16: pair_ids shape=(16,), range=71..10619, coefficients shape=(16, 2), sample_weights shape=(16,), zero_neighbor_targets=0
GRAB train batch 17: pair_ids shape=(16,), range=8..10735, coefficients shape=(16, 2), sample_weights shape=(16,), zero_neighbor_targets=0
GRAB train batch 18: pair_ids shape=(16,), range=1..5354, coefficients shape=(16, 2), sample_weights shape=(16,), zero_neighbor_targets=0
GRAB train batch 19: pair_ids shape=(16,), range=134..3417, coefficients shape=(16, 2), sample_weights shape=(16,), zero_neighbor_targets=0
GRAB train batch 20: pair_ids shape=(16,), range=136..7873, coefficients shape=(16, 2), sample_weights shape=(16,), zero_neighbor_targets=0
GRAB train batch 21: pair_ids shape=(16,), range=42..8079, coefficients shape=(16, 2), sample_weights shape=(16,), zero_neighbor_targets=0
GRAB train batch 22: pair_ids shape=(16,), range=139..9848, coefficients shape=(16, 2), sample_weights shape=(16,), zero_neighbor_targets=0
GRAB train batch 23: pair_ids shape=(16,), range=23..7895, coefficients shape=(16, 2), sample_weights shape=(16,), zero_neighbor_targets=0
GRAB train batch 24: pair_ids shape=(16,), range=39..10684, coefficients shape=(16, 2), sample_weights shape=(16,), zero_neighbor_targets=0
GRAB train batch 25: pair_ids shape=(16,), range=46..10352, coefficients shape=(16, 2), sample_weights shape=(16,), zero_neighbor_targets=0
GRAB train batch 26: pair_ids shape=(16,), range=112..9077, coefficients shape=(16, 2), sample_weights shape=(16,), zero_neighbor_targets=0
GRAB train batch 27: pair_ids shape=(16,), range=171..10228, coefficients shape=(16, 2), sample_weights shape=(16,), zero_neighbor_targets=0
GRAB train batch 28: pair_ids shape=(16,), range=10..9889, coefficients shape=(16, 2), sample_weights shape=(16,), zero_neighbor_targets=0
GRAB train batch 29: pair_ids shape=(16,), range=33..5596, coefficients shape=(16, 2), sample_weights shape=(16,), zero_neighbor_targets=0
GRAB train batch 30: pair_ids shape=(16,), range=50..10472, coefficients shape=(16, 2), sample_weights shape=(16,), zero_neighbor_targets=0
GRAB train batch 31: pair_ids shape=(16,), range=30..10092, coefficients shape=(16, 2), sample_weights shape=(16,), zero_neighbor_targets=0
GRAB train batch 32: pair_ids shape=(16,), range=69..8790, coefficients shape=(16, 2), sample_weights shape=(16,), zero_neighbor_targets=0
GRAB train batch 33: pair_ids shape=(16,), range=70..10004, coefficients shape=(16, 2), sample_weights shape=(16,), zero_neighbor_targets=0
GRAB train batch 34: pair_ids shape=(16,), range=15..10488, coefficients shape=(16, 2), sample_weights shape=(16,), zero_neighbor_targets=0
GRAB train batch 35: pair_ids shape=(16,), range=6..10064, coefficients shape=(16, 2), sample_weights shape=(16,), zero_neighbor_targets=0
GRAB train batch 36: pair_ids shape=(16,), range=51..10655, coefficients shape=(16, 2), sample_weights shape=(16,), zero_neighbor_targets=0
GRAB train batch 37: pair_ids shape=(16,), range=118..9619, coefficients shape=(16, 2), sample_weights shape=(16,), zero_neighbor_targets=0
GRAB train batch 38: pair_ids shape=(16,), range=179..10862, coefficients shape=(16, 2), sample_weights shape=(16,), zero_neighbor_targets=0
GRAB train batch 39: pair_ids shape=(16,), range=131..9541, coefficients shape=(16, 2), sample_weights shape=(16,), zero_neighbor_targets=0
GRAB train batch 40: pair_ids shape=(16,), range=26..10738, coefficients shape=(16, 2), sample_weights shape=(16,), zero_neighbor_targets=0
GRAB train batch 41: pair_ids shape=(16,), range=17..9331, coefficients shape=(16, 2), sample_weights shape=(16,), zero_neighbor_targets=0
GRAB train batch 42: pair_ids shape=(16,), range=98..10925, coefficients shape=(16, 2), sample_weights shape=(16,), zero_neighbor_targets=0
GRAB train batch 43: pair_ids shape=(16,), range=170..10530, coefficients shape=(16, 2), sample_weights shape=(16,), zero_neighbor_targets=0
GRAB train batch 44: pair_ids shape=(16,), range=156..7598, coefficients shape=(16, 2), sample_weights shape=(16,), zero_neighbor_targets=0
GRAB train batch 45: pair_ids shape=(16,), range=161..10956, coefficients shape=(16, 2), sample_weights shape=(16,), zero_neighbor_targets=0
GRAB train batch 46: pair_ids shape=(16,), range=56..7578, coefficients shape=(16, 2), sample_weights shape=(16,), zero_neighbor_targets=0
GRAB train batch 47: pair_ids shape=(16,), range=0..9548, coefficients shape=(16, 2), sample_weights shape=(16,), zero_neighbor_targets=0
GRAB train batch 48: pair_ids shape=(16,), range=20..7758, coefficients shape=(16, 2), sample_weights shape=(16,), zero_neighbor_targets=0
GRAB train batch 49: pair_ids shape=(16,), range=2..9671, coefficients shape=(16, 2), sample_weights shape=(16,), zero_neighbor_targets=0
GRAB train batch 50: pair_ids shape=(16,), range=43..10899, coefficients shape=(16, 2), sample_weights shape=(16,), zero_neighbor_targets=0
GRAB train batch 51: pair_ids shape=(16,), range=21..10665, coefficients shape=(16, 2), sample_weights shape=(16,), zero_neighbor_targets=0
GRAB train batch 52: pair_ids shape=(16,), range=22..4348, coefficients shape=(16, 2), sample_weights shape=(16,), zero_neighbor_targets=0
GRAB train batch 53: pair_ids shape=(16,), range=31..10733, coefficients shape=(16, 2), sample_weights shape=(16,), zero_neighbor_targets=0
GRAB train batch 54: pair_ids shape=(16,), range=104..10308, coefficients shape=(16, 2), sample_weights shape=(16,), zero_neighbor_targets=0
GRAB train batch 55: pair_ids shape=(16,), range=18..9922, coefficients shape=(16, 2), sample_weights shape=(16,), zero_neighbor_targets=0
GRAB train batch 56: pair_ids shape=(16,), range=19..9327, coefficients shape=(16, 2), sample_weights shape=(16,), zero_neighbor_targets=0
GRAB train batch 57: pair_ids shape=(16,), range=24..10935, coefficients shape=(16, 2), sample_weights shape=(16,), zero_neighbor_targets=0
GRAB train batch 58: pair_ids shape=(16,), range=68..9968, coefficients shape=(16, 2), sample_weights shape=(16,), zero_neighbor_targets=0
GRAB train batch 59: pair_ids shape=(16,), range=67..10520, coefficients shape=(16, 2), sample_weights shape=(16,), zero_neighbor_targets=0
GRAB train batch 60: pair_ids shape=(16,), range=5..10015, coefficients shape=(16, 2), sample_weights shape=(16,), zero_neighbor_targets=0
GRAB train batch 61: pair_ids shape=(16,), range=35..10609, coefficients shape=(16, 2), sample_weights shape=(16,), zero_neighbor_targets=0
GRAB train batch 62: pair_ids shape=(16,), range=61..10599, coefficients shape=(16, 2), sample_weights shape=(16,), zero_neighbor_targets=0
GRAB train batch 63: pair_ids shape=(16,), range=3..8792, coefficients shape=(16, 2), sample_weights shape=(16,), zero_neighbor_targets=0
GRAB train batch 64: pair_ids shape=(16,), range=11..10373, coefficients shape=(16, 2), sample_weights shape=(16,), zero_neighbor_targets=0
GRAB train batch 65: pair_ids shape=(16,), range=38..9110, coefficients shape=(16, 2), sample_weights shape=(16,), zero_neighbor_targets=0
GRAB train batch 66: pair_ids shape=(16,), range=12..10258, coefficients shape=(16, 2), sample_weights shape=(16,), zero_neighbor_targets=0
GRAB train batch 67: pair_ids shape=(16,), range=138..10365, coefficients shape=(16, 2), sample_weights shape=(16,), zero_neighbor_targets=0
GRAB train batch 68: pair_ids shape=(10,), range=152..10274, coefficients shape=(10, 2), sample_weights shape=(10,), zero_neighbor_targets=0
VALIDATION
valid epoch balanced_accuracy: 0.455931
EPOCH 56:
GRAB train batch 1: pair_ids shape=(16,), range=96..9396, coefficients shape=(16, 2), sample_weights shape=(16,), zero_neighbor_targets=0
GRAB train batch 2: pair_ids shape=(16,), range=12..10665, coefficients shape=(16, 2), sample_weights shape=(16,), zero_neighbor_targets=0
GRAB train batch 3: pair_ids shape=(16,), range=138..10918, coefficients shape=(16, 2), sample_weights shape=(16,), zero_neighbor_targets=0
GRAB train batch 4: pair_ids shape=(16,), range=159..10336, coefficients shape=(16, 2), sample_weights shape=(16,), zero_neighbor_targets=0
GRAB train batch 5: pair_ids shape=(16,), range=70..10735, coefficients shape=(16, 2), sample_weights shape=(16,), zero_neighbor_targets=0
GRAB train batch 6: pair_ids shape=(16,), range=182..10228, coefficients shape=(16, 2), sample_weights shape=(16,), zero_neighbor_targets=0
GRAB train batch 7: pair_ids shape=(16,), range=8..10599, coefficients shape=(16, 2), sample_weights shape=(16,), zero_neighbor_targets=0
GRAB train batch 8: pair_ids shape=(16,), range=46..10611, coefficients shape=(16, 2), sample_weights shape=(16,), zero_neighbor_targets=0
GRAB train batch 9: pair_ids shape=(16,), range=0..8088, coefficients shape=(16, 2), sample_weights shape=(16,), zero_neighbor_targets=0
GRAB train batch 10: pair_ids shape=(16,), range=72..7753, coefficients shape=(16, 2), sample_weights shape=(16,), zero_neighbor_targets=0
GRAB train batch 11: pair_ids shape=(16,), range=52..9324, coefficients shape=(16, 2), sample_weights shape=(16,), zero_neighbor_targets=0
GRAB train batch 12: pair_ids shape=(16,), range=4..9077, coefficients shape=(16, 2), sample_weights shape=(16,), zero_neighbor_targets=0
GRAB train batch 13: pair_ids shape=(16,), range=118..5309, coefficients shape=(16, 2), sample_weights shape=(16,), zero_neighbor_targets=0
GRAB train batch 14: pair_ids shape=(16,), range=11..3635, coefficients shape=(16, 2), sample_weights shape=(16,), zero_neighbor_targets=0
GRAB train batch 15: pair_ids shape=(16,), range=23..10859, coefficients shape=(16, 2), sample_weights shape=(16,), zero_neighbor_targets=0
GRAB train batch 16: pair_ids shape=(16,), range=6..10716, coefficients shape=(16, 2), sample_weights shape=(16,), zero_neighbor_targets=0
GRAB train batch 17: pair_ids shape=(16,), range=400..9587, coefficients shape=(16, 2), sample_weights shape=(16,), zero_neighbor_targets=0
GRAB train batch 18: pair_ids shape=(16,), range=142..10925, coefficients shape=(16, 2), sample_weights shape=(16,), zero_neighbor_targets=0
GRAB train batch 19: pair_ids shape=(16,), range=111..10935, coefficients shape=(16, 2), sample_weights shape=(16,), zero_neighbor_targets=0
GRAB train batch 20: pair_ids shape=(16,), range=51..10472, coefficients shape=(16, 2), sample_weights shape=(16,), zero_neighbor_targets=0
GRAB train batch 21: pair_ids shape=(16,), range=68..9785, coefficients shape=(16, 2), sample_weights shape=(16,), zero_neighbor_targets=0
GRAB train batch 22: pair_ids shape=(16,), range=105..9327, coefficients shape=(16, 2), sample_weights shape=(16,), zero_neighbor_targets=0
GRAB train batch 23: pair_ids shape=(16,), range=316..10308, coefficients shape=(16, 2), sample_weights shape=(16,), zero_neighbor_targets=0
GRAB train batch 24: pair_ids shape=(16,), range=30..10141, coefficients shape=(16, 2), sample_weights shape=(16,), zero_neighbor_targets=0
GRAB train batch 25: pair_ids shape=(16,), range=28..10352, coefficients shape=(16, 2), sample_weights shape=(16,), zero_neighbor_targets=0
GRAB train batch 26: pair_ids shape=(16,), range=14..10655, coefficients shape=(16, 2), sample_weights shape=(16,), zero_neighbor_targets=0
GRAB train batch 27: pair_ids shape=(16,), range=7..10435, coefficients shape=(16, 2), sample_weights shape=(16,), zero_neighbor_targets=0
GRAB train batch 28: pair_ids shape=(16,), range=129..10619, coefficients shape=(16, 2), sample_weights shape=(16,), zero_neighbor_targets=0
GRAB train batch 29: pair_ids shape=(16,), range=2..9560, coefficients shape=(16, 2), sample_weights shape=(16,), zero_neighbor_targets=0
GRAB train batch 30: pair_ids shape=(16,), range=24..10404, coefficients shape=(16, 2), sample_weights shape=(16,), zero_neighbor_targets=0
GRAB train batch 31: pair_ids shape=(16,), range=36..9828, coefficients shape=(16, 2), sample_weights shape=(16,), zero_neighbor_targets=0
GRAB train batch 32: pair_ids shape=(16,), range=64..9211, coefficients shape=(16, 2), sample_weights shape=(16,), zero_neighbor_targets=0
GRAB train batch 33: pair_ids shape=(16,), range=33..10365, coefficients shape=(16, 2), sample_weights shape=(16,), zero_neighbor_targets=0
GRAB train batch 34: pair_ids shape=(16,), range=18..9922, coefficients shape=(16, 2), sample_weights shape=(16,), zero_neighbor_targets=0
GRAB train batch 35: pair_ids shape=(16,), range=1..10274, coefficients shape=(16, 2), sample_weights shape=(16,), zero_neighbor_targets=0
GRAB train batch 36: pair_ids shape=(16,), range=3..9648, coefficients shape=(16, 2), sample_weights shape=(16,), zero_neighbor_targets=0
GRAB train batch 37: pair_ids shape=(16,), range=37..10530, coefficients shape=(16, 2), sample_weights shape=(16,), zero_neighbor_targets=0
GRAB train batch 38: pair_ids shape=(16,), range=31..2500, coefficients shape=(16, 2), sample_weights shape=(16,), zero_neighbor_targets=0
GRAB train batch 39: pair_ids shape=(16,), range=16..10733, coefficients shape=(16, 2), sample_weights shape=(16,), zero_neighbor_targets=0
GRAB train batch 40: pair_ids shape=(16,), range=244..10498, coefficients shape=(16, 2), sample_weights shape=(16,), zero_neighbor_targets=0
GRAB train batch 41: pair_ids shape=(16,), range=22..8810, coefficients shape=(16, 2), sample_weights shape=(16,), zero_neighbor_targets=0
GRAB train batch 42: pair_ids shape=(16,), range=71..9889, coefficients shape=(16, 2), sample_weights shape=(16,), zero_neighbor_targets=0
GRAB train batch 43: pair_ids shape=(16,), range=21..7532, coefficients shape=(16, 2), sample_weights shape=(16,), zero_neighbor_targets=0
GRAB train batch 44: pair_ids shape=(16,), range=27..8084, coefficients shape=(16, 2), sample_weights shape=(16,), zero_neighbor_targets=0
GRAB train batch 45: pair_ids shape=(16,), range=243..10373, coefficients shape=(16, 2), sample_weights shape=(16,), zero_neighbor_targets=0
GRAB train batch 46: pair_ids shape=(16,), range=188..10064, coefficients shape=(16, 2), sample_weights shape=(16,), zero_neighbor_targets=0
GRAB train batch 47: pair_ids shape=(16,), range=166..10161, coefficients shape=(16, 2), sample_weights shape=(16,), zero_neighbor_targets=0
GRAB train batch 48: pair_ids shape=(16,), range=120..10956, coefficients shape=(16, 2), sample_weights shape=(16,), zero_neighbor_targets=0
GRAB train batch 49: pair_ids shape=(16,), range=15..10557, coefficients shape=(16, 2), sample_weights shape=(16,), zero_neighbor_targets=0
GRAB train batch 50: pair_ids shape=(16,), range=13..10222, coefficients shape=(16, 2), sample_weights shape=(16,), zero_neighbor_targets=0
GRAB train batch 51: pair_ids shape=(16,), range=32..5061, coefficients shape=(16, 2), sample_weights shape=(16,), zero_neighbor_targets=0
GRAB train batch 52: pair_ids shape=(16,), range=45..10684, coefficients shape=(16, 2), sample_weights shape=(16,), zero_neighbor_targets=0
GRAB train batch 53: pair_ids shape=(16,), range=113..10092, coefficients shape=(16, 2), sample_weights shape=(16,), zero_neighbor_targets=0
GRAB train batch 54: pair_ids shape=(16,), range=151..10004, coefficients shape=(16, 2), sample_weights shape=(16,), zero_neighbor_targets=0
GRAB train batch 55: pair_ids shape=(16,), range=47..10090, coefficients shape=(16, 2), sample_weights shape=(16,), zero_neighbor_targets=0
GRAB train batch 56: pair_ids shape=(16,), range=100..10093, coefficients shape=(16, 2), sample_weights shape=(16,), zero_neighbor_targets=0
GRAB train batch 57: pair_ids shape=(16,), range=48..10899, coefficients shape=(16, 2), sample_weights shape=(16,), zero_neighbor_targets=0
GRAB train batch 58: pair_ids shape=(16,), range=20..10867, coefficients shape=(16, 2), sample_weights shape=(16,), zero_neighbor_targets=0
GRAB train batch 59: pair_ids shape=(16,), range=134..7919, coefficients shape=(16, 2), sample_weights shape=(16,), zero_neighbor_targets=0
GRAB train batch 60: pair_ids shape=(16,), range=114..10046, coefficients shape=(16, 2), sample_weights shape=(16,), zero_neighbor_targets=0
GRAB train batch 61: pair_ids shape=(16,), range=10..10738, coefficients shape=(16, 2), sample_weights shape=(16,), zero_neighbor_targets=0
GRAB train batch 62: pair_ids shape=(16,), range=168..10007, coefficients shape=(16, 2), sample_weights shape=(16,), zero_neighbor_targets=0
GRAB train batch 63: pair_ids shape=(16,), range=42..9255, coefficients shape=(16, 2), sample_weights shape=(16,), zero_neighbor_targets=0
GRAB train batch 64: pair_ids shape=(16,), range=128..10862, coefficients shape=(16, 2), sample_weights shape=(16,), zero_neighbor_targets=0
GRAB train batch 65: pair_ids shape=(16,), range=44..9331, coefficients shape=(16, 2), sample_weights shape=(16,), zero_neighbor_targets=0
GRAB train batch 66: pair_ids shape=(16,), range=25..6968, coefficients shape=(16, 2), sample_weights shape=(16,), zero_neighbor_targets=0
GRAB train batch 67: pair_ids shape=(16,), range=164..9949, coefficients shape=(16, 2), sample_weights shape=(16,), zero_neighbor_targets=0
GRAB train batch 68: pair_ids shape=(10,), range=152..9904, coefficients shape=(10, 2), sample_weights shape=(10,), zero_neighbor_targets=0
VALIDATION
valid epoch balanced_accuracy: 0.488914
EPOCH 57:
GRAB train batch 1: pair_ids shape=(16,), range=46..10655, coefficients shape=(16, 2), sample_weights shape=(16,), zero_neighbor_targets=0
GRAB train batch 2: pair_ids shape=(16,), range=49..10274, coefficients shape=(16, 2), sample_weights shape=(16,), zero_neighbor_targets=0
GRAB train batch 3: pair_ids shape=(16,), range=226..10859, coefficients shape=(16, 2), sample_weights shape=(16,), zero_neighbor_targets=0
GRAB train batch 4: pair_ids shape=(16,), range=1..10404, coefficients shape=(16, 2), sample_weights shape=(16,), zero_neighbor_targets=0
GRAB train batch 5: pair_ids shape=(16,), range=68..10472, coefficients shape=(16, 2), sample_weights shape=(16,), zero_neighbor_targets=0
GRAB train batch 6: pair_ids shape=(16,), range=6..9153, coefficients shape=(16, 2), sample_weights shape=(16,), zero_neighbor_targets=0
GRAB train batch 7: pair_ids shape=(16,), range=5..7753, coefficients shape=(16, 2), sample_weights shape=(16,), zero_neighbor_targets=0
GRAB train batch 8: pair_ids shape=(16,), range=8..10665, coefficients shape=(16, 2), sample_weights shape=(16,), zero_neighbor_targets=0
GRAB train batch 9: pair_ids shape=(16,), range=3..8012, coefficients shape=(16, 2), sample_weights shape=(16,), zero_neighbor_targets=0
GRAB train batch 10: pair_ids shape=(16,), range=28..9327, coefficients shape=(16, 2), sample_weights shape=(16,), zero_neighbor_targets=0
GRAB train batch 11: pair_ids shape=(16,), range=23..7911, coefficients shape=(16, 2), sample_weights shape=(16,), zero_neighbor_targets=0
GRAB train batch 12: pair_ids shape=(16,), range=67..3249, coefficients shape=(16, 2), sample_weights shape=(16,), zero_neighbor_targets=0
GRAB train batch 13: pair_ids shape=(16,), range=124..9548, coefficients shape=(16, 2), sample_weights shape=(16,), zero_neighbor_targets=0
GRAB train batch 14: pair_ids shape=(16,), range=13..10867, coefficients shape=(16, 2), sample_weights shape=(16,), zero_neighbor_targets=0
GRAB train batch 15: pair_ids shape=(16,), range=113..9619, coefficients shape=(16, 2), sample_weights shape=(16,), zero_neighbor_targets=0
GRAB train batch 16: pair_ids shape=(16,), range=24..8810, coefficients shape=(16, 2), sample_weights shape=(16,), zero_neighbor_targets=0
GRAB train batch 17: pair_ids shape=(16,), range=4..10619, coefficients shape=(16, 2), sample_weights shape=(16,), zero_neighbor_targets=0
GRAB train batch 18: pair_ids shape=(16,), range=62..10530, coefficients shape=(16, 2), sample_weights shape=(16,), zero_neighbor_targets=0
GRAB train batch 19: pair_ids shape=(16,), range=25..10007, coefficients shape=(16, 2), sample_weights shape=(16,), zero_neighbor_targets=0
GRAB train batch 20: pair_ids shape=(16,), range=185..9171, coefficients shape=(16, 2), sample_weights shape=(16,), zero_neighbor_targets=0
GRAB train batch 21: pair_ids shape=(16,), range=15..6866, coefficients shape=(16, 2), sample_weights shape=(16,), zero_neighbor_targets=0
GRAB train batch 22: pair_ids shape=(16,), range=168..9785, coefficients shape=(16, 2), sample_weights shape=(16,), zero_neighbor_targets=0
GRAB train batch 23: pair_ids shape=(16,), range=35..10030, coefficients shape=(16, 2), sample_weights shape=(16,), zero_neighbor_targets=0
GRAB train batch 24: pair_ids shape=(16,), range=16..9648, coefficients shape=(16, 2), sample_weights shape=(16,), zero_neighbor_targets=0
GRAB train batch 25: pair_ids shape=(16,), range=267..10738, coefficients shape=(16, 2), sample_weights shape=(16,), zero_neighbor_targets=0
GRAB train batch 26: pair_ids shape=(16,), range=32..10557, coefficients shape=(16, 2), sample_weights shape=(16,), zero_neighbor_targets=0
GRAB train batch 27: pair_ids shape=(16,), range=258..10935, coefficients shape=(16, 2), sample_weights shape=(16,), zero_neighbor_targets=0
GRAB train batch 28: pair_ids shape=(16,), range=21..9110, coefficients shape=(16, 2), sample_weights shape=(16,), zero_neighbor_targets=0
GRAB train batch 29: pair_ids shape=(16,), range=129..10520, coefficients shape=(16, 2), sample_weights shape=(16,), zero_neighbor_targets=0
GRAB train batch 30: pair_ids shape=(16,), range=53..10956, coefficients shape=(16, 2), sample_weights shape=(16,), zero_neighbor_targets=0
GRAB train batch 31: pair_ids shape=(16,), range=27..10046, coefficients shape=(16, 2), sample_weights shape=(16,), zero_neighbor_targets=0
GRAB train batch 32: pair_ids shape=(16,), range=20..9077, coefficients shape=(16, 2), sample_weights shape=(16,), zero_neighbor_targets=0
GRAB train batch 33: pair_ids shape=(16,), range=57..7924, coefficients shape=(16, 2), sample_weights shape=(16,), zero_neighbor_targets=0
GRAB train batch 34: pair_ids shape=(16,), range=59..10918, coefficients shape=(16, 2), sample_weights shape=(16,), zero_neighbor_targets=0
GRAB train batch 35: pair_ids shape=(16,), range=12..10092, coefficients shape=(16, 2), sample_weights shape=(16,), zero_neighbor_targets=0
GRAB train batch 36: pair_ids shape=(16,), range=10..10611, coefficients shape=(16, 2), sample_weights shape=(16,), zero_neighbor_targets=0
GRAB train batch 37: pair_ids shape=(16,), range=122..10862, coefficients shape=(16, 2), sample_weights shape=(16,), zero_neighbor_targets=0
GRAB train batch 38: pair_ids shape=(16,), range=40..10256, coefficients shape=(16, 2), sample_weights shape=(16,), zero_neighbor_targets=0
GRAB train batch 39: pair_ids shape=(16,), range=139..10435, coefficients shape=(16, 2), sample_weights shape=(16,), zero_neighbor_targets=0
GRAB train batch 40: pair_ids shape=(16,), range=7..10716, coefficients shape=(16, 2), sample_weights shape=(16,), zero_neighbor_targets=0
GRAB train batch 41: pair_ids shape=(16,), range=11..10004, coefficients shape=(16, 2), sample_weights shape=(16,), zero_neighbor_targets=0
GRAB train batch 42: pair_ids shape=(16,), range=235..9054, coefficients shape=(16, 2), sample_weights shape=(16,), zero_neighbor_targets=0
GRAB train batch 43: pair_ids shape=(16,), range=17..10567, coefficients shape=(16, 2), sample_weights shape=(16,), zero_neighbor_targets=0
GRAB train batch 44: pair_ids shape=(16,), range=9..3114, coefficients shape=(16, 2), sample_weights shape=(16,), zero_neighbor_targets=0
GRAB train batch 45: pair_ids shape=(16,), range=48..8933, coefficients shape=(16, 2), sample_weights shape=(16,), zero_neighbor_targets=0
GRAB train batch 46: pair_ids shape=(16,), range=158..10365, coefficients shape=(16, 2), sample_weights shape=(16,), zero_neighbor_targets=0
GRAB train batch 47: pair_ids shape=(16,), range=387..10609, coefficients shape=(16, 2), sample_weights shape=(16,), zero_neighbor_targets=0
GRAB train batch 48: pair_ids shape=(16,), range=37..4897, coefficients shape=(16, 2), sample_weights shape=(16,), zero_neighbor_targets=0
GRAB train batch 49: pair_ids shape=(16,), range=72..9962, coefficients shape=(16, 2), sample_weights shape=(16,), zero_neighbor_targets=0
GRAB train batch 50: pair_ids shape=(16,), range=50..9560, coefficients shape=(16, 2), sample_weights shape=(16,), zero_neighbor_targets=0
GRAB train batch 51: pair_ids shape=(16,), range=123..5601, coefficients shape=(16, 2), sample_weights shape=(16,), zero_neighbor_targets=0
GRAB train batch 52: pair_ids shape=(16,), range=144..10336, coefficients shape=(16, 2), sample_weights shape=(16,), zero_neighbor_targets=0
GRAB train batch 53: pair_ids shape=(16,), range=283..7002, coefficients shape=(16, 2), sample_weights shape=(16,), zero_neighbor_targets=0
GRAB train batch 54: pair_ids shape=(16,), range=112..5462, coefficients shape=(16, 2), sample_weights shape=(16,), zero_neighbor_targets=0
GRAB train batch 55: pair_ids shape=(16,), range=227..10733, coefficients shape=(16, 2), sample_weights shape=(16,), zero_neighbor_targets=0
GRAB train batch 56: pair_ids shape=(16,), range=26..10141, coefficients shape=(16, 2), sample_weights shape=(16,), zero_neighbor_targets=0
GRAB train batch 57: pair_ids shape=(16,), range=30..7941, coefficients shape=(16, 2), sample_weights shape=(16,), zero_neighbor_targets=0
GRAB train batch 58: pair_ids shape=(16,), range=29..10925, coefficients shape=(16, 2), sample_weights shape=(16,), zero_neighbor_targets=0
GRAB train batch 59: pair_ids shape=(16,), range=2..9072, coefficients shape=(16, 2), sample_weights shape=(16,), zero_neighbor_targets=0
GRAB train batch 60: pair_ids shape=(16,), range=43..9808, coefficients shape=(16, 2), sample_weights shape=(16,), zero_neighbor_targets=0
GRAB train batch 61: pair_ids shape=(16,), range=311..10258, coefficients shape=(16, 2), sample_weights shape=(16,), zero_neighbor_targets=0
GRAB train batch 62: pair_ids shape=(16,), range=14..10222, coefficients shape=(16, 2), sample_weights shape=(16,), zero_neighbor_targets=0
GRAB train batch 63: pair_ids shape=(16,), range=44..10599, coefficients shape=(16, 2), sample_weights shape=(16,), zero_neighbor_targets=0
GRAB train batch 64: pair_ids shape=(16,), range=0..10373, coefficients shape=(16, 2), sample_weights shape=(16,), zero_neighbor_targets=0
GRAB train batch 65: pair_ids shape=(16,), range=221..10899, coefficients shape=(16, 2), sample_weights shape=(16,), zero_neighbor_targets=0
GRAB train batch 66: pair_ids shape=(16,), range=58..9573, coefficients shape=(16, 2), sample_weights shape=(16,), zero_neighbor_targets=0
GRAB train batch 67: pair_ids shape=(16,), range=173..9968, coefficients shape=(16, 2), sample_weights shape=(16,), zero_neighbor_targets=0
GRAB train batch 68: pair_ids shape=(10,), range=36..9236, coefficients shape=(10, 2), sample_weights shape=(10,), zero_neighbor_targets=0
VALIDATION
valid epoch balanced_accuracy: 0.462860
EPOCH 58:
GRAB train batch 1: pair_ids shape=(16,), range=66..10611, coefficients shape=(16, 2), sample_weights shape=(16,), zero_neighbor_targets=0
GRAB train batch 2: pair_ids shape=(16,), range=12..10956, coefficients shape=(16, 2), sample_weights shape=(16,), zero_neighbor_targets=0
GRAB train batch 3: pair_ids shape=(16,), range=37..7103, coefficients shape=(16, 2), sample_weights shape=(16,), zero_neighbor_targets=0
GRAB train batch 4: pair_ids shape=(16,), range=28..10867, coefficients shape=(16, 2), sample_weights shape=(16,), zero_neighbor_targets=0
GRAB train batch 5: pair_ids shape=(16,), range=72..7517, coefficients shape=(16, 2), sample_weights shape=(16,), zero_neighbor_targets=0
GRAB train batch 6: pair_ids shape=(16,), range=11..10404, coefficients shape=(16, 2), sample_weights shape=(16,), zero_neighbor_targets=0
GRAB train batch 7: pair_ids shape=(16,), range=39..9110, coefficients shape=(16, 2), sample_weights shape=(16,), zero_neighbor_targets=0
GRAB train batch 8: pair_ids shape=(16,), range=168..5305, coefficients shape=(16, 2), sample_weights shape=(16,), zero_neighbor_targets=0
GRAB train batch 9: pair_ids shape=(16,), range=35..9648, coefficients shape=(16, 2), sample_weights shape=(16,), zero_neighbor_targets=0
GRAB train batch 10: pair_ids shape=(16,), range=42..10918, coefficients shape=(16, 2), sample_weights shape=(16,), zero_neighbor_targets=0
GRAB train batch 11: pair_ids shape=(16,), range=20..9560, coefficients shape=(16, 2), sample_weights shape=(16,), zero_neighbor_targets=0
GRAB train batch 12: pair_ids shape=(16,), range=131..10609, coefficients shape=(16, 2), sample_weights shape=(16,), zero_neighbor_targets=0
GRAB train batch 13: pair_ids shape=(16,), range=30..9327, coefficients shape=(16, 2), sample_weights shape=(16,), zero_neighbor_targets=0
GRAB train batch 14: pair_ids shape=(16,), range=34..9255, coefficients shape=(16, 2), sample_weights shape=(16,), zero_neighbor_targets=0
GRAB train batch 15: pair_ids shape=(16,), range=112..9671, coefficients shape=(16, 2), sample_weights shape=(16,), zero_neighbor_targets=0
GRAB train batch 16: pair_ids shape=(16,), range=263..10093, coefficients shape=(16, 2), sample_weights shape=(16,), zero_neighbor_targets=0
GRAB train batch 17: pair_ids shape=(16,), range=142..9541, coefficients shape=(16, 2), sample_weights shape=(16,), zero_neighbor_targets=0
GRAB train batch 18: pair_ids shape=(16,), range=3..10899, coefficients shape=(16, 2), sample_weights shape=(16,), zero_neighbor_targets=0
GRAB train batch 19: pair_ids shape=(16,), range=5..6920, coefficients shape=(16, 2), sample_weights shape=(16,), zero_neighbor_targets=0
GRAB train batch 20: pair_ids shape=(16,), range=9..8028, coefficients shape=(16, 2), sample_weights shape=(16,), zero_neighbor_targets=0
GRAB train batch 21: pair_ids shape=(16,), range=99..10530, coefficients shape=(16, 2), sample_weights shape=(16,), zero_neighbor_targets=0
GRAB train batch 22: pair_ids shape=(16,), range=8..10655, coefficients shape=(16, 2), sample_weights shape=(16,), zero_neighbor_targets=0
GRAB train batch 23: pair_ids shape=(16,), range=107..9670, coefficients shape=(16, 2), sample_weights shape=(16,), zero_neighbor_targets=0
GRAB train batch 24: pair_ids shape=(16,), range=53..10274, coefficients shape=(16, 2), sample_weights shape=(16,), zero_neighbor_targets=0
GRAB train batch 25: pair_ids shape=(16,), range=117..10064, coefficients shape=(16, 2), sample_weights shape=(16,), zero_neighbor_targets=0
GRAB train batch 26: pair_ids shape=(16,), range=22..10665, coefficients shape=(16, 2), sample_weights shape=(16,), zero_neighbor_targets=0
GRAB train batch 27: pair_ids shape=(16,), range=170..10090, coefficients shape=(16, 2), sample_weights shape=(16,), zero_neighbor_targets=0
GRAB train batch 28: pair_ids shape=(16,), range=44..10256, coefficients shape=(16, 2), sample_weights shape=(16,), zero_neighbor_targets=0
GRAB train batch 29: pair_ids shape=(16,), range=21..8088, coefficients shape=(16, 2), sample_weights shape=(16,), zero_neighbor_targets=0
GRAB train batch 30: pair_ids shape=(16,), range=43..10859, coefficients shape=(16, 2), sample_weights shape=(16,), zero_neighbor_targets=0
GRAB train batch 31: pair_ids shape=(16,), range=18..10046, coefficients shape=(16, 2), sample_weights shape=(16,), zero_neighbor_targets=0
GRAB train batch 32: pair_ids shape=(16,), range=243..10228, coefficients shape=(16, 2), sample_weights shape=(16,), zero_neighbor_targets=0
GRAB train batch 33: pair_ids shape=(16,), range=10..9949, coefficients shape=(16, 2), sample_weights shape=(16,), zero_neighbor_targets=0
GRAB train batch 34: pair_ids shape=(16,), range=97..10619, coefficients shape=(16, 2), sample_weights shape=(16,), zero_neighbor_targets=0
GRAB train batch 35: pair_ids shape=(16,), range=48..10684, coefficients shape=(16, 2), sample_weights shape=(16,), zero_neighbor_targets=0
GRAB train batch 36: pair_ids shape=(16,), range=16..7002, coefficients shape=(16, 2), sample_weights shape=(16,), zero_neighbor_targets=0
GRAB train batch 37: pair_ids shape=(16,), range=7..10308, coefficients shape=(16, 2), sample_weights shape=(16,), zero_neighbor_targets=0
GRAB train batch 38: pair_ids shape=(16,), range=139..10738, coefficients shape=(16, 2), sample_weights shape=(16,), zero_neighbor_targets=0
GRAB train batch 39: pair_ids shape=(16,), range=40..9211, coefficients shape=(16, 2), sample_weights shape=(16,), zero_neighbor_targets=0
GRAB train batch 40: pair_ids shape=(16,), range=14..4628, coefficients shape=(16, 2), sample_weights shape=(16,), zero_neighbor_targets=0
GRAB train batch 41: pair_ids shape=(16,), range=233..10258, coefficients shape=(16, 2), sample_weights shape=(16,), zero_neighbor_targets=0
GRAB train batch 42: pair_ids shape=(16,), range=4..10222, coefficients shape=(16, 2), sample_weights shape=(16,), zero_neighbor_targets=0
GRAB train batch 43: pair_ids shape=(16,), range=121..6867, coefficients shape=(16, 2), sample_weights shape=(16,), zero_neighbor_targets=0
GRAB train batch 44: pair_ids shape=(16,), range=24..10925, coefficients shape=(16, 2), sample_weights shape=(16,), zero_neighbor_targets=0
GRAB train batch 45: pair_ids shape=(16,), range=2..8002, coefficients shape=(16, 2), sample_weights shape=(16,), zero_neighbor_targets=0
GRAB train batch 46: pair_ids shape=(16,), range=46..9637, coefficients shape=(16, 2), sample_weights shape=(16,), zero_neighbor_targets=0
GRAB train batch 47: pair_ids shape=(16,), range=120..9324, coefficients shape=(16, 2), sample_weights shape=(16,), zero_neighbor_targets=0
GRAB train batch 48: pair_ids shape=(16,), range=59..8012, coefficients shape=(16, 2), sample_weights shape=(16,), zero_neighbor_targets=0
GRAB train batch 49: pair_ids shape=(16,), range=29..10733, coefficients shape=(16, 2), sample_weights shape=(16,), zero_neighbor_targets=0
GRAB train batch 50: pair_ids shape=(16,), range=51..10365, coefficients shape=(16, 2), sample_weights shape=(16,), zero_neighbor_targets=0
GRAB train batch 51: pair_ids shape=(16,), range=232..8084, coefficients shape=(16, 2), sample_weights shape=(16,), zero_neighbor_targets=0
GRAB train batch 52: pair_ids shape=(16,), range=96..10435, coefficients shape=(16, 2), sample_weights shape=(16,), zero_neighbor_targets=0
GRAB train batch 53: pair_ids shape=(16,), range=256..9754, coefficients shape=(16, 2), sample_weights shape=(16,), zero_neighbor_targets=0
GRAB train batch 54: pair_ids shape=(16,), range=70..4931, coefficients shape=(16, 2), sample_weights shape=(16,), zero_neighbor_targets=0
GRAB train batch 55: pair_ids shape=(16,), range=111..6884, coefficients shape=(16, 2), sample_weights shape=(16,), zero_neighbor_targets=0
GRAB train batch 56: pair_ids shape=(16,), range=251..10735, coefficients shape=(16, 2), sample_weights shape=(16,), zero_neighbor_targets=0
GRAB train batch 57: pair_ids shape=(16,), range=0..10935, coefficients shape=(16, 2), sample_weights shape=(16,), zero_neighbor_targets=0
GRAB train batch 58: pair_ids shape=(16,), range=128..7902, coefficients shape=(16, 2), sample_weights shape=(16,), zero_neighbor_targets=0
GRAB train batch 59: pair_ids shape=(16,), range=274..10862, coefficients shape=(16, 2), sample_weights shape=(16,), zero_neighbor_targets=0
GRAB train batch 60: pair_ids shape=(16,), range=17..9398, coefficients shape=(16, 2), sample_weights shape=(16,), zero_neighbor_targets=0
GRAB train batch 61: pair_ids shape=(16,), range=122..9968, coefficients shape=(16, 2), sample_weights shape=(16,), zero_neighbor_targets=0
GRAB train batch 62: pair_ids shape=(16,), range=56..5354, coefficients shape=(16, 2), sample_weights shape=(16,), zero_neighbor_targets=0
GRAB train batch 63: pair_ids shape=(16,), range=6..5335, coefficients shape=(16, 2), sample_weights shape=(16,), zero_neighbor_targets=0
GRAB train batch 64: pair_ids shape=(16,), range=1..10498, coefficients shape=(16, 2), sample_weights shape=(16,), zero_neighbor_targets=0
GRAB train batch 65: pair_ids shape=(16,), range=13..5501, coefficients shape=(16, 2), sample_weights shape=(16,), zero_neighbor_targets=0
GRAB train batch 66: pair_ids shape=(16,), range=58..9915, coefficients shape=(16, 2), sample_weights shape=(16,), zero_neighbor_targets=0
GRAB train batch 67: pair_ids shape=(16,), range=26..10472, coefficients shape=(16, 2), sample_weights shape=(16,), zero_neighbor_targets=0
GRAB train batch 68: pair_ids shape=(10,), range=64..4663, coefficients shape=(10, 2), sample_weights shape=(10,), zero_neighbor_targets=0
VALIDATION
valid epoch balanced_accuracy: 0.463137
EPOCH 59:
GRAB train batch 1: pair_ids shape=(16,), range=2..4793, coefficients shape=(16, 2), sample_weights shape=(16,), zero_neighbor_targets=0
GRAB train batch 2: pair_ids shape=(16,), range=0..9153, coefficients shape=(16, 2), sample_weights shape=(16,), zero_neighbor_targets=0
GRAB train batch 3: pair_ids shape=(16,), range=338..7578, coefficients shape=(16, 2), sample_weights shape=(16,), zero_neighbor_targets=0
GRAB train batch 4: pair_ids shape=(16,), range=99..7033, coefficients shape=(16, 2), sample_weights shape=(16,), zero_neighbor_targets=0
GRAB train batch 5: pair_ids shape=(16,), range=160..10738, coefficients shape=(16, 2), sample_weights shape=(16,), zero_neighbor_targets=0
GRAB train batch 6: pair_ids shape=(16,), range=189..9848, coefficients shape=(16, 2), sample_weights shape=(16,), zero_neighbor_targets=0
GRAB train batch 7: pair_ids shape=(16,), range=419..9396, coefficients shape=(16, 2), sample_weights shape=(16,), zero_neighbor_targets=0
GRAB train batch 8: pair_ids shape=(16,), range=339..9624, coefficients shape=(16, 2), sample_weights shape=(16,), zero_neighbor_targets=0
GRAB train batch 9: pair_ids shape=(16,), range=220..10141, coefficients shape=(16, 2), sample_weights shape=(16,), zero_neighbor_targets=0
GRAB train batch 10: pair_ids shape=(16,), range=138..10925, coefficients shape=(16, 2), sample_weights shape=(16,), zero_neighbor_targets=0
GRAB train batch 11: pair_ids shape=(16,), range=28..10557, coefficients shape=(16, 2), sample_weights shape=(16,), zero_neighbor_targets=0
GRAB train batch 12: pair_ids shape=(16,), range=152..7895, coefficients shape=(16, 2), sample_weights shape=(16,), zero_neighbor_targets=0
GRAB train batch 13: pair_ids shape=(16,), range=140..10684, coefficients shape=(16, 2), sample_weights shape=(16,), zero_neighbor_targets=0
GRAB train batch 14: pair_ids shape=(16,), range=147..10619, coefficients shape=(16, 2), sample_weights shape=(16,), zero_neighbor_targets=0
GRAB train batch 15: pair_ids shape=(16,), range=60..10222, coefficients shape=(16, 2), sample_weights shape=(16,), zero_neighbor_targets=0
GRAB train batch 16: pair_ids shape=(16,), range=1..9904, coefficients shape=(16, 2), sample_weights shape=(16,), zero_neighbor_targets=0
GRAB train batch 17: pair_ids shape=(16,), range=45..2052, coefficients shape=(16, 2), sample_weights shape=(16,), zero_neighbor_targets=0
GRAB train batch 18: pair_ids shape=(16,), range=16..9962, coefficients shape=(16, 2), sample_weights shape=(16,), zero_neighbor_targets=0
GRAB train batch 19: pair_ids shape=(16,), range=35..8810, coefficients shape=(16, 2), sample_weights shape=(16,), zero_neighbor_targets=0
GRAB train batch 20: pair_ids shape=(16,), range=30..10336, coefficients shape=(16, 2), sample_weights shape=(16,), zero_neighbor_targets=0
GRAB train batch 21: pair_ids shape=(16,), range=11..10665, coefficients shape=(16, 2), sample_weights shape=(16,), zero_neighbor_targets=0
GRAB train batch 22: pair_ids shape=(16,), range=4..10161, coefficients shape=(16, 2), sample_weights shape=(16,), zero_neighbor_targets=0
GRAB train batch 23: pair_ids shape=(16,), range=55..10308, coefficients shape=(16, 2), sample_weights shape=(16,), zero_neighbor_targets=0
GRAB train batch 24: pair_ids shape=(16,), range=162..10530, coefficients shape=(16, 2), sample_weights shape=(16,), zero_neighbor_targets=0
GRAB train batch 25: pair_ids shape=(16,), range=163..5448, coefficients shape=(16, 2), sample_weights shape=(16,), zero_neighbor_targets=0
GRAB train batch 26: pair_ids shape=(16,), range=38..10256, coefficients shape=(16, 2), sample_weights shape=(16,), zero_neighbor_targets=0
GRAB train batch 27: pair_ids shape=(16,), range=25..9619, coefficients shape=(16, 2), sample_weights shape=(16,), zero_neighbor_targets=0
GRAB train batch 28: pair_ids shape=(16,), range=266..9331, coefficients shape=(16, 2), sample_weights shape=(16,), zero_neighbor_targets=0
GRAB train batch 29: pair_ids shape=(16,), range=5..9889, coefficients shape=(16, 2), sample_weights shape=(16,), zero_neighbor_targets=0
GRAB train batch 30: pair_ids shape=(16,), range=14..9754, coefficients shape=(16, 2), sample_weights shape=(16,), zero_neighbor_targets=0
GRAB train batch 31: pair_ids shape=(16,), range=37..6867, coefficients shape=(16, 2), sample_weights shape=(16,), zero_neighbor_targets=0
GRAB train batch 32: pair_ids shape=(16,), range=49..10092, coefficients shape=(16, 2), sample_weights shape=(16,), zero_neighbor_targets=0
GRAB train batch 33: pair_ids shape=(16,), range=36..10093, coefficients shape=(16, 2), sample_weights shape=(16,), zero_neighbor_targets=0
GRAB train batch 34: pair_ids shape=(16,), range=44..10655, coefficients shape=(16, 2), sample_weights shape=(16,), zero_neighbor_targets=0
GRAB train batch 35: pair_ids shape=(16,), range=112..7598, coefficients shape=(16, 2), sample_weights shape=(16,), zero_neighbor_targets=0
GRAB train batch 36: pair_ids shape=(16,), range=23..4999, coefficients shape=(16, 2), sample_weights shape=(16,), zero_neighbor_targets=0
GRAB train batch 37: pair_ids shape=(16,), range=3..10611, coefficients shape=(16, 2), sample_weights shape=(16,), zero_neighbor_targets=0
GRAB train batch 38: pair_ids shape=(16,), range=41..7753, coefficients shape=(16, 2), sample_weights shape=(16,), zero_neighbor_targets=0
GRAB train batch 39: pair_ids shape=(16,), range=159..10228, coefficients shape=(16, 2), sample_weights shape=(16,), zero_neighbor_targets=0
GRAB train batch 40: pair_ids shape=(16,), range=52..10567, coefficients shape=(16, 2), sample_weights shape=(16,), zero_neighbor_targets=0
GRAB train batch 41: pair_ids shape=(16,), range=7..9324, coefficients shape=(16, 2), sample_weights shape=(16,), zero_neighbor_targets=0
GRAB train batch 42: pair_ids shape=(16,), range=71..10733, coefficients shape=(16, 2), sample_weights shape=(16,), zero_neighbor_targets=0
GRAB train batch 43: pair_ids shape=(16,), range=10..10472, coefficients shape=(16, 2), sample_weights shape=(16,), zero_neighbor_targets=0
GRAB train batch 44: pair_ids shape=(16,), range=24..10859, coefficients shape=(16, 2), sample_weights shape=(16,), zero_neighbor_targets=0
GRAB train batch 45: pair_ids shape=(16,), range=17..10956, coefficients shape=(16, 2), sample_weights shape=(16,), zero_neighbor_targets=0
GRAB train batch 46: pair_ids shape=(16,), range=43..10488, coefficients shape=(16, 2), sample_weights shape=(16,), zero_neighbor_targets=0
GRAB train batch 47: pair_ids shape=(16,), range=47..10867, coefficients shape=(16, 2), sample_weights shape=(16,), zero_neighbor_targets=0
GRAB train batch 48: pair_ids shape=(16,), range=27..10404, coefficients shape=(16, 2), sample_weights shape=(16,), zero_neighbor_targets=0
GRAB train batch 49: pair_ids shape=(16,), range=33..9922, coefficients shape=(16, 2), sample_weights shape=(16,), zero_neighbor_targets=0
GRAB train batch 50: pair_ids shape=(16,), range=6..10716, coefficients shape=(16, 2), sample_weights shape=(16,), zero_neighbor_targets=0
GRAB train batch 51: pair_ids shape=(16,), range=19..10258, coefficients shape=(16, 2), sample_weights shape=(16,), zero_neighbor_targets=0
GRAB train batch 52: pair_ids shape=(16,), range=40..9968, coefficients shape=(16, 2), sample_weights shape=(16,), zero_neighbor_targets=0
GRAB train batch 53: pair_ids shape=(16,), range=68..10918, coefficients shape=(16, 2), sample_weights shape=(16,), zero_neighbor_targets=0
GRAB train batch 54: pair_ids shape=(16,), range=463..10935, coefficients shape=(16, 2), sample_weights shape=(16,), zero_neighbor_targets=0
GRAB train batch 55: pair_ids shape=(16,), range=31..10599, coefficients shape=(16, 2), sample_weights shape=(16,), zero_neighbor_targets=0
GRAB train batch 56: pair_ids shape=(16,), range=9..7582, coefficients shape=(16, 2), sample_weights shape=(16,), zero_neighbor_targets=0
GRAB train batch 57: pair_ids shape=(16,), range=15..9648, coefficients shape=(16, 2), sample_weights shape=(16,), zero_neighbor_targets=0
GRAB train batch 58: pair_ids shape=(16,), range=22..10352, coefficients shape=(16, 2), sample_weights shape=(16,), zero_neighbor_targets=0
GRAB train batch 59: pair_ids shape=(16,), range=134..10015, coefficients shape=(16, 2), sample_weights shape=(16,), zero_neighbor_targets=0
GRAB train batch 60: pair_ids shape=(16,), range=46..10030, coefficients shape=(16, 2), sample_weights shape=(16,), zero_neighbor_targets=0
GRAB train batch 61: pair_ids shape=(16,), range=237..10862, coefficients shape=(16, 2), sample_weights shape=(16,), zero_neighbor_targets=0
GRAB train batch 62: pair_ids shape=(16,), range=186..7481, coefficients shape=(16, 2), sample_weights shape=(16,), zero_neighbor_targets=0
GRAB train batch 63: pair_ids shape=(16,), range=65..7911, coefficients shape=(16, 2), sample_weights shape=(16,), zero_neighbor_targets=0
GRAB train batch 64: pair_ids shape=(16,), range=13..8079, coefficients shape=(16, 2), sample_weights shape=(16,), zero_neighbor_targets=0
GRAB train batch 65: pair_ids shape=(16,), range=62..9236, coefficients shape=(16, 2), sample_weights shape=(16,), zero_neighbor_targets=0
GRAB train batch 66: pair_ids shape=(16,), range=50..10046, coefficients shape=(16, 2), sample_weights shape=(16,), zero_neighbor_targets=0
GRAB train batch 67: pair_ids shape=(16,), range=18..9005, coefficients shape=(16, 2), sample_weights shape=(16,), zero_neighbor_targets=0
GRAB train batch 68: pair_ids shape=(10,), range=464..9541, coefficients shape=(10, 2), sample_weights shape=(10,), zero_neighbor_targets=0
VALIDATION
valid epoch balanced_accuracy: 0.481153
EPOCH 60:
GRAB train batch 1: pair_ids shape=(16,), range=64..10557, coefficients shape=(16, 2), sample_weights shape=(16,), zero_neighbor_targets=0
GRAB train batch 2: pair_ids shape=(16,), range=149..10030, coefficients shape=(16, 2), sample_weights shape=(16,), zero_neighbor_targets=0
GRAB train batch 3: pair_ids shape=(16,), range=39..9968, coefficients shape=(16, 2), sample_weights shape=(16,), zero_neighbor_targets=0
GRAB train batch 4: pair_ids shape=(16,), range=8..10472, coefficients shape=(16, 2), sample_weights shape=(16,), zero_neighbor_targets=0
GRAB train batch 5: pair_ids shape=(16,), range=4..10619, coefficients shape=(16, 2), sample_weights shape=(16,), zero_neighbor_targets=0
GRAB train batch 6: pair_ids shape=(16,), range=131..10007, coefficients shape=(16, 2), sample_weights shape=(16,), zero_neighbor_targets=0
GRAB train batch 7: pair_ids shape=(16,), range=187..7549, coefficients shape=(16, 2), sample_weights shape=(16,), zero_neighbor_targets=0
GRAB train batch 8: pair_ids shape=(16,), range=18..7578, coefficients shape=(16, 2), sample_weights shape=(16,), zero_neighbor_targets=0
GRAB train batch 9: pair_ids shape=(16,), range=65..4442, coefficients shape=(16, 2), sample_weights shape=(16,), zero_neighbor_targets=0
GRAB train batch 10: pair_ids shape=(16,), range=166..10733, coefficients shape=(16, 2), sample_weights shape=(16,), zero_neighbor_targets=0
GRAB train batch 11: pair_ids shape=(16,), range=69..10404, coefficients shape=(16, 2), sample_weights shape=(16,), zero_neighbor_targets=0
GRAB train batch 12: pair_ids shape=(16,), range=40..10655, coefficients shape=(16, 2), sample_weights shape=(16,), zero_neighbor_targets=0
GRAB train batch 13: pair_ids shape=(16,), range=221..10520, coefficients shape=(16, 2), sample_weights shape=(16,), zero_neighbor_targets=0
GRAB train batch 14: pair_ids shape=(16,), range=2..10609, coefficients shape=(16, 2), sample_weights shape=(16,), zero_neighbor_targets=0
GRAB train batch 15: pair_ids shape=(16,), range=106..5462, coefficients shape=(16, 2), sample_weights shape=(16,), zero_neighbor_targets=0
GRAB train batch 16: pair_ids shape=(16,), range=10..10336, coefficients shape=(16, 2), sample_weights shape=(16,), zero_neighbor_targets=0
GRAB train batch 17: pair_ids shape=(16,), range=60..9671, coefficients shape=(16, 2), sample_weights shape=(16,), zero_neighbor_targets=0
GRAB train batch 18: pair_ids shape=(16,), range=67..10498, coefficients shape=(16, 2), sample_weights shape=(16,), zero_neighbor_targets=0
GRAB train batch 19: pair_ids shape=(16,), range=16..2235, coefficients shape=(16, 2), sample_weights shape=(16,), zero_neighbor_targets=0
GRAB train batch 20: pair_ids shape=(16,), range=114..5507, coefficients shape=(16, 2), sample_weights shape=(16,), zero_neighbor_targets=0
GRAB train batch 21: pair_ids shape=(16,), range=3..10935, coefficients shape=(16, 2), sample_weights shape=(16,), zero_neighbor_targets=0
GRAB train batch 22: pair_ids shape=(16,), range=36..9541, coefficients shape=(16, 2), sample_weights shape=(16,), zero_neighbor_targets=0
GRAB train batch 23: pair_ids shape=(16,), range=41..9785, coefficients shape=(16, 2), sample_weights shape=(16,), zero_neighbor_targets=0
GRAB train batch 24: pair_ids shape=(16,), range=29..10530, coefficients shape=(16, 2), sample_weights shape=(16,), zero_neighbor_targets=0
GRAB train batch 25: pair_ids shape=(16,), range=5..10365, coefficients shape=(16, 2), sample_weights shape=(16,), zero_neighbor_targets=0
GRAB train batch 26: pair_ids shape=(16,), range=51..10352, coefficients shape=(16, 2), sample_weights shape=(16,), zero_neighbor_targets=0
GRAB train batch 27: pair_ids shape=(16,), range=13..10141, coefficients shape=(16, 2), sample_weights shape=(16,), zero_neighbor_targets=0
GRAB train batch 28: pair_ids shape=(16,), range=98..10738, coefficients shape=(16, 2), sample_weights shape=(16,), zero_neighbor_targets=0
GRAB train batch 29: pair_ids shape=(16,), range=0..10918, coefficients shape=(16, 2), sample_weights shape=(16,), zero_neighbor_targets=0
GRAB train batch 30: pair_ids shape=(16,), range=50..10488, coefficients shape=(16, 2), sample_weights shape=(16,), zero_neighbor_targets=0
GRAB train batch 31: pair_ids shape=(16,), range=143..8873, coefficients shape=(16, 2), sample_weights shape=(16,), zero_neighbor_targets=0
GRAB train batch 32: pair_ids shape=(16,), range=61..10956, coefficients shape=(16, 2), sample_weights shape=(16,), zero_neighbor_targets=0
GRAB train batch 33: pair_ids shape=(16,), range=252..9211, coefficients shape=(16, 2), sample_weights shape=(16,), zero_neighbor_targets=0
GRAB train batch 34: pair_ids shape=(16,), range=7..9670, coefficients shape=(16, 2), sample_weights shape=(16,), zero_neighbor_targets=0
GRAB train batch 35: pair_ids shape=(16,), range=20..9077, coefficients shape=(16, 2), sample_weights shape=(16,), zero_neighbor_targets=0
GRAB train batch 36: pair_ids shape=(16,), range=44..9957, coefficients shape=(16, 2), sample_weights shape=(16,), zero_neighbor_targets=0
GRAB train batch 37: pair_ids shape=(16,), range=12..10435, coefficients shape=(16, 2), sample_weights shape=(16,), zero_neighbor_targets=0
GRAB train batch 38: pair_ids shape=(16,), range=22..9324, coefficients shape=(16, 2), sample_weights shape=(16,), zero_neighbor_targets=0
GRAB train batch 39: pair_ids shape=(16,), range=217..9548, coefficients shape=(16, 2), sample_weights shape=(16,), zero_neighbor_targets=0
GRAB train batch 40: pair_ids shape=(16,), range=108..10611, coefficients shape=(16, 2), sample_weights shape=(16,), zero_neighbor_targets=0
GRAB train batch 41: pair_ids shape=(16,), range=21..10899, coefficients shape=(16, 2), sample_weights shape=(16,), zero_neighbor_targets=0
GRAB train batch 42: pair_ids shape=(16,), range=280..7924, coefficients shape=(16, 2), sample_weights shape=(16,), zero_neighbor_targets=0
GRAB train batch 43: pair_ids shape=(16,), range=1..7873, coefficients shape=(16, 2), sample_weights shape=(16,), zero_neighbor_targets=0
GRAB train batch 44: pair_ids shape=(16,), range=23..10308, coefficients shape=(16, 2), sample_weights shape=(16,), zero_neighbor_targets=0
GRAB train batch 45: pair_ids shape=(16,), range=62..10258, coefficients shape=(16, 2), sample_weights shape=(16,), zero_neighbor_targets=0
GRAB train batch 46: pair_ids shape=(16,), range=14..10862, coefficients shape=(16, 2), sample_weights shape=(16,), zero_neighbor_targets=0
GRAB train batch 47: pair_ids shape=(16,), range=17..8045, coefficients shape=(16, 2), sample_weights shape=(16,), zero_neighbor_targets=0
GRAB train batch 48: pair_ids shape=(16,), range=31..9005, coefficients shape=(16, 2), sample_weights shape=(16,), zero_neighbor_targets=0
GRAB train batch 49: pair_ids shape=(16,), range=11..9072, coefficients shape=(16, 2), sample_weights shape=(16,), zero_neighbor_targets=0
GRAB train batch 50: pair_ids shape=(16,), range=34..10735, coefficients shape=(16, 2), sample_weights shape=(16,), zero_neighbor_targets=0
GRAB train batch 51: pair_ids shape=(16,), range=59..9398, coefficients shape=(16, 2), sample_weights shape=(16,), zero_neighbor_targets=0
GRAB train batch 52: pair_ids shape=(16,), range=107..10018, coefficients shape=(16, 2), sample_weights shape=(16,), zero_neighbor_targets=0
GRAB train batch 53: pair_ids shape=(16,), range=35..10867, coefficients shape=(16, 2), sample_weights shape=(16,), zero_neighbor_targets=0
GRAB train batch 54: pair_ids shape=(16,), range=42..7942, coefficients shape=(16, 2), sample_weights shape=(16,), zero_neighbor_targets=0
GRAB train batch 55: pair_ids shape=(16,), range=147..10567, coefficients shape=(16, 2), sample_weights shape=(16,), zero_neighbor_targets=0
GRAB train batch 56: pair_ids shape=(16,), range=27..10064, coefficients shape=(16, 2), sample_weights shape=(16,), zero_neighbor_targets=0
GRAB train batch 57: pair_ids shape=(16,), range=294..10859, coefficients shape=(16, 2), sample_weights shape=(16,), zero_neighbor_targets=0
GRAB train batch 58: pair_ids shape=(16,), range=19..10665, coefficients shape=(16, 2), sample_weights shape=(16,), zero_neighbor_targets=0
GRAB train batch 59: pair_ids shape=(16,), range=165..5601, coefficients shape=(16, 2), sample_weights shape=(16,), zero_neighbor_targets=0
GRAB train batch 60: pair_ids shape=(16,), range=135..10090, coefficients shape=(16, 2), sample_weights shape=(16,), zero_neighbor_targets=0
GRAB train batch 61: pair_ids shape=(16,), range=116..10161, coefficients shape=(16, 2), sample_weights shape=(16,), zero_neighbor_targets=0
GRAB train batch 62: pair_ids shape=(16,), range=55..10228, coefficients shape=(16, 2), sample_weights shape=(16,), zero_neighbor_targets=0
GRAB train batch 63: pair_ids shape=(16,), range=52..10925, coefficients shape=(16, 2), sample_weights shape=(16,), zero_neighbor_targets=0
GRAB train batch 64: pair_ids shape=(16,), range=99..10015, coefficients shape=(16, 2), sample_weights shape=(16,), zero_neighbor_targets=0
GRAB train batch 65: pair_ids shape=(16,), range=97..9889, coefficients shape=(16, 2), sample_weights shape=(16,), zero_neighbor_targets=0
GRAB train batch 66: pair_ids shape=(16,), range=6..9153, coefficients shape=(16, 2), sample_weights shape=(16,), zero_neighbor_targets=0
GRAB train batch 67: pair_ids shape=(16,), range=9..5205, coefficients shape=(16, 2), sample_weights shape=(16,), zero_neighbor_targets=0
GRAB train batch 68: pair_ids shape=(10,), range=361..8795, coefficients shape=(10, 2), sample_weights shape=(10,), zero_neighbor_targets=0
VALIDATION
valid epoch balanced_accuracy: 0.450665
EPOCH 61:
GRAB train batch 1: pair_ids shape=(16,), range=27..7755, coefficients shape=(16, 2), sample_weights shape=(16,), zero_neighbor_targets=0
GRAB train batch 2: pair_ids shape=(16,), range=38..10735, coefficients shape=(16, 2), sample_weights shape=(16,), zero_neighbor_targets=0
GRAB train batch 3: pair_ids shape=(16,), range=5..7941, coefficients shape=(16, 2), sample_weights shape=(16,), zero_neighbor_targets=0
GRAB train batch 4: pair_ids shape=(16,), range=8..10092, coefficients shape=(16, 2), sample_weights shape=(16,), zero_neighbor_targets=0
GRAB train batch 5: pair_ids shape=(16,), range=49..10619, coefficients shape=(16, 2), sample_weights shape=(16,), zero_neighbor_targets=0
GRAB train batch 6: pair_ids shape=(16,), range=128..10655, coefficients shape=(16, 2), sample_weights shape=(16,), zero_neighbor_targets=0
GRAB train batch 7: pair_ids shape=(16,), range=121..9477, coefficients shape=(16, 2), sample_weights shape=(16,), zero_neighbor_targets=0
GRAB train batch 8: pair_ids shape=(16,), range=63..10859, coefficients shape=(16, 2), sample_weights shape=(16,), zero_neighbor_targets=0
GRAB train batch 9: pair_ids shape=(16,), range=29..10935, coefficients shape=(16, 2), sample_weights shape=(16,), zero_neighbor_targets=0
GRAB train batch 10: pair_ids shape=(16,), range=461..9398, coefficients shape=(16, 2), sample_weights shape=(16,), zero_neighbor_targets=0
GRAB train batch 11: pair_ids shape=(16,), range=137..8790, coefficients shape=(16, 2), sample_weights shape=(16,), zero_neighbor_targets=0
GRAB train batch 12: pair_ids shape=(16,), range=166..10373, coefficients shape=(16, 2), sample_weights shape=(16,), zero_neighbor_targets=0
GRAB train batch 13: pair_ids shape=(16,), range=142..10557, coefficients shape=(16, 2), sample_weights shape=(16,), zero_neighbor_targets=0
GRAB train batch 14: pair_ids shape=(16,), range=26..10472, coefficients shape=(16, 2), sample_weights shape=(16,), zero_neighbor_targets=0
GRAB train batch 15: pair_ids shape=(16,), range=40..10404, coefficients shape=(16, 2), sample_weights shape=(16,), zero_neighbor_targets=0
GRAB train batch 16: pair_ids shape=(16,), range=28..4751, coefficients shape=(16, 2), sample_weights shape=(16,), zero_neighbor_targets=0
GRAB train batch 17: pair_ids shape=(16,), range=4..10925, coefficients shape=(16, 2), sample_weights shape=(16,), zero_neighbor_targets=0
GRAB train batch 18: pair_ids shape=(16,), range=31..9904, coefficients shape=(16, 2), sample_weights shape=(16,), zero_neighbor_targets=0
GRAB train batch 19: pair_ids shape=(16,), range=1..10738, coefficients shape=(16, 2), sample_weights shape=(16,), zero_neighbor_targets=0
GRAB train batch 20: pair_ids shape=(16,), range=17..9153, coefficients shape=(16, 2), sample_weights shape=(16,), zero_neighbor_targets=0
GRAB train batch 21: pair_ids shape=(16,), range=66..10956, coefficients shape=(16, 2), sample_weights shape=(16,), zero_neighbor_targets=0
GRAB train batch 22: pair_ids shape=(16,), range=33..10352, coefficients shape=(16, 2), sample_weights shape=(16,), zero_neighbor_targets=0
GRAB train batch 23: pair_ids shape=(16,), range=138..8060, coefficients shape=(16, 2), sample_weights shape=(16,), zero_neighbor_targets=0
GRAB train batch 24: pair_ids shape=(16,), range=59..8079, coefficients shape=(16, 2), sample_weights shape=(16,), zero_neighbor_targets=0
GRAB train batch 25: pair_ids shape=(16,), range=150..10716, coefficients shape=(16, 2), sample_weights shape=(16,), zero_neighbor_targets=0
GRAB train batch 26: pair_ids shape=(16,), range=13..10046, coefficients shape=(16, 2), sample_weights shape=(16,), zero_neighbor_targets=0
GRAB train batch 27: pair_ids shape=(16,), range=172..9922, coefficients shape=(16, 2), sample_weights shape=(16,), zero_neighbor_targets=0
GRAB train batch 28: pair_ids shape=(16,), range=20..10336, coefficients shape=(16, 2), sample_weights shape=(16,), zero_neighbor_targets=0
GRAB train batch 29: pair_ids shape=(16,), range=101..10567, coefficients shape=(16, 2), sample_weights shape=(16,), zero_neighbor_targets=0
GRAB train batch 30: pair_ids shape=(16,), range=32..10867, coefficients shape=(16, 2), sample_weights shape=(16,), zero_neighbor_targets=0
GRAB train batch 31: pair_ids shape=(16,), range=16..10918, coefficients shape=(16, 2), sample_weights shape=(16,), zero_neighbor_targets=0
GRAB train batch 32: pair_ids shape=(16,), range=239..10498, coefficients shape=(16, 2), sample_weights shape=(16,), zero_neighbor_targets=0
GRAB train batch 33: pair_ids shape=(16,), range=9..10684, coefficients shape=(16, 2), sample_weights shape=(16,), zero_neighbor_targets=0
GRAB train batch 34: pair_ids shape=(16,), range=100..9889, coefficients shape=(16, 2), sample_weights shape=(16,), zero_neighbor_targets=0
GRAB train batch 35: pair_ids shape=(16,), range=42..9358, coefficients shape=(16, 2), sample_weights shape=(16,), zero_neighbor_targets=0
GRAB train batch 36: pair_ids shape=(16,), range=15..10064, coefficients shape=(16, 2), sample_weights shape=(16,), zero_neighbor_targets=0
GRAB train batch 37: pair_ids shape=(16,), range=133..9236, coefficients shape=(16, 2), sample_weights shape=(16,), zero_neighbor_targets=0
GRAB train batch 38: pair_ids shape=(16,), range=21..9957, coefficients shape=(16, 2), sample_weights shape=(16,), zero_neighbor_targets=0
GRAB train batch 39: pair_ids shape=(16,), range=39..7589, coefficients shape=(16, 2), sample_weights shape=(16,), zero_neighbor_targets=0
GRAB train batch 40: pair_ids shape=(16,), range=56..9949, coefficients shape=(16, 2), sample_weights shape=(16,), zero_neighbor_targets=0
GRAB train batch 41: pair_ids shape=(16,), range=10..9648, coefficients shape=(16, 2), sample_weights shape=(16,), zero_neighbor_targets=0
GRAB train batch 42: pair_ids shape=(16,), range=256..9968, coefficients shape=(16, 2), sample_weights shape=(16,), zero_neighbor_targets=0
GRAB train batch 43: pair_ids shape=(16,), range=104..10256, coefficients shape=(16, 2), sample_weights shape=(16,), zero_neighbor_targets=0
GRAB train batch 44: pair_ids shape=(16,), range=11..10018, coefficients shape=(16, 2), sample_weights shape=(16,), zero_neighbor_targets=0
GRAB train batch 45: pair_ids shape=(16,), range=35..10365, coefficients shape=(16, 2), sample_weights shape=(16,), zero_neighbor_targets=0
GRAB train batch 46: pair_ids shape=(16,), range=265..9327, coefficients shape=(16, 2), sample_weights shape=(16,), zero_neighbor_targets=0
GRAB train batch 47: pair_ids shape=(16,), range=2..10862, coefficients shape=(16, 2), sample_weights shape=(16,), zero_neighbor_targets=0
GRAB train batch 48: pair_ids shape=(16,), range=135..10222, coefficients shape=(16, 2), sample_weights shape=(16,), zero_neighbor_targets=0
GRAB train batch 49: pair_ids shape=(16,), range=229..10609, coefficients shape=(16, 2), sample_weights shape=(16,), zero_neighbor_targets=0
GRAB train batch 50: pair_ids shape=(16,), range=106..4893, coefficients shape=(16, 2), sample_weights shape=(16,), zero_neighbor_targets=0
GRAB train batch 51: pair_ids shape=(16,), range=18..9573, coefficients shape=(16, 2), sample_weights shape=(16,), zero_neighbor_targets=0
GRAB train batch 52: pair_ids shape=(16,), range=0..10530, coefficients shape=(16, 2), sample_weights shape=(16,), zero_neighbor_targets=0
GRAB train batch 53: pair_ids shape=(16,), range=120..10611, coefficients shape=(16, 2), sample_weights shape=(16,), zero_neighbor_targets=0
GRAB train batch 54: pair_ids shape=(16,), range=14..10899, coefficients shape=(16, 2), sample_weights shape=(16,), zero_neighbor_targets=0
GRAB train batch 55: pair_ids shape=(16,), range=45..10228, coefficients shape=(16, 2), sample_weights shape=(16,), zero_neighbor_targets=0
GRAB train batch 56: pair_ids shape=(16,), range=41..9828, coefficients shape=(16, 2), sample_weights shape=(16,), zero_neighbor_targets=0
GRAB train batch 57: pair_ids shape=(16,), range=6..7919, coefficients shape=(16, 2), sample_weights shape=(16,), zero_neighbor_targets=0
GRAB train batch 58: pair_ids shape=(16,), range=57..7111, coefficients shape=(16, 2), sample_weights shape=(16,), zero_neighbor_targets=0
GRAB train batch 59: pair_ids shape=(16,), range=48..10435, coefficients shape=(16, 2), sample_weights shape=(16,), zero_neighbor_targets=0
GRAB train batch 60: pair_ids shape=(16,), range=64..9054, coefficients shape=(16, 2), sample_weights shape=(16,), zero_neighbor_targets=0
GRAB train batch 61: pair_ids shape=(16,), range=44..9211, coefficients shape=(16, 2), sample_weights shape=(16,), zero_neighbor_targets=0
GRAB train batch 62: pair_ids shape=(16,), range=105..10308, coefficients shape=(16, 2), sample_weights shape=(16,), zero_neighbor_targets=0
GRAB train batch 63: pair_ids shape=(16,), range=72..10733, coefficients shape=(16, 2), sample_weights shape=(16,), zero_neighbor_targets=0
GRAB train batch 64: pair_ids shape=(16,), range=19..10520, coefficients shape=(16, 2), sample_weights shape=(16,), zero_neighbor_targets=0
GRAB train batch 65: pair_ids shape=(16,), range=43..10599, coefficients shape=(16, 2), sample_weights shape=(16,), zero_neighbor_targets=0
GRAB train batch 66: pair_ids shape=(16,), range=54..10093, coefficients shape=(16, 2), sample_weights shape=(16,), zero_neighbor_targets=0
GRAB train batch 67: pair_ids shape=(16,), range=130..4775, coefficients shape=(16, 2), sample_weights shape=(16,), zero_neighbor_targets=0
GRAB train batch 68: pair_ids shape=(10,), range=263..4874, coefficients shape=(10, 2), sample_weights shape=(10,), zero_neighbor_targets=0
VALIDATION
valid epoch balanced_accuracy: 0.478659
EPOCH 62:
GRAB train batch 1: pair_ids shape=(16,), range=35..7855, coefficients shape=(16, 2), sample_weights shape=(16,), zero_neighbor_targets=0
GRAB train batch 2: pair_ids shape=(16,), range=36..9624, coefficients shape=(16, 2), sample_weights shape=(16,), zero_neighbor_targets=0
GRAB train batch 3: pair_ids shape=(16,), range=45..10735, coefficients shape=(16, 2), sample_weights shape=(16,), zero_neighbor_targets=0
GRAB train batch 4: pair_ids shape=(16,), range=12..10274, coefficients shape=(16, 2), sample_weights shape=(16,), zero_neighbor_targets=0
GRAB train batch 5: pair_ids shape=(16,), range=10..10557, coefficients shape=(16, 2), sample_weights shape=(16,), zero_neighbor_targets=0
GRAB train batch 6: pair_ids shape=(16,), range=39..10665, coefficients shape=(16, 2), sample_weights shape=(16,), zero_neighbor_targets=0
GRAB train batch 7: pair_ids shape=(16,), range=171..10599, coefficients shape=(16, 2), sample_weights shape=(16,), zero_neighbor_targets=0
GRAB train batch 8: pair_ids shape=(16,), range=127..9236, coefficients shape=(16, 2), sample_weights shape=(16,), zero_neighbor_targets=0
GRAB train batch 9: pair_ids shape=(16,), range=227..9153, coefficients shape=(16, 2), sample_weights shape=(16,), zero_neighbor_targets=0
GRAB train batch 10: pair_ids shape=(16,), range=159..10228, coefficients shape=(16, 2), sample_weights shape=(16,), zero_neighbor_targets=0
GRAB train batch 11: pair_ids shape=(16,), range=62..10567, coefficients shape=(16, 2), sample_weights shape=(16,), zero_neighbor_targets=0
GRAB train batch 12: pair_ids shape=(16,), range=113..10161, coefficients shape=(16, 2), sample_weights shape=(16,), zero_neighbor_targets=0
GRAB train batch 13: pair_ids shape=(16,), range=133..10352, coefficients shape=(16, 2), sample_weights shape=(16,), zero_neighbor_targets=0
GRAB train batch 14: pair_ids shape=(16,), range=26..10064, coefficients shape=(16, 2), sample_weights shape=(16,), zero_neighbor_targets=0
GRAB train batch 15: pair_ids shape=(16,), range=9..10684, coefficients shape=(16, 2), sample_weights shape=(16,), zero_neighbor_targets=0
GRAB train batch 16: pair_ids shape=(16,), range=223..9957, coefficients shape=(16, 2), sample_weights shape=(16,), zero_neighbor_targets=0
GRAB train batch 17: pair_ids shape=(16,), range=21..10935, coefficients shape=(16, 2), sample_weights shape=(16,), zero_neighbor_targets=0
GRAB train batch 18: pair_ids shape=(16,), range=16..10918, coefficients shape=(16, 2), sample_weights shape=(16,), zero_neighbor_targets=0
GRAB train batch 19: pair_ids shape=(16,), range=129..10611, coefficients shape=(16, 2), sample_weights shape=(16,), zero_neighbor_targets=0
GRAB train batch 20: pair_ids shape=(16,), range=22..10488, coefficients shape=(16, 2), sample_weights shape=(16,), zero_neighbor_targets=0
GRAB train batch 21: pair_ids shape=(16,), range=34..10530, coefficients shape=(16, 2), sample_weights shape=(16,), zero_neighbor_targets=0
GRAB train batch 22: pair_ids shape=(16,), range=5..10004, coefficients shape=(16, 2), sample_weights shape=(16,), zero_neighbor_targets=0
GRAB train batch 23: pair_ids shape=(16,), range=117..9648, coefficients shape=(16, 2), sample_weights shape=(16,), zero_neighbor_targets=0
GRAB train batch 24: pair_ids shape=(16,), range=19..9477, coefficients shape=(16, 2), sample_weights shape=(16,), zero_neighbor_targets=0
GRAB train batch 25: pair_ids shape=(16,), range=173..6884, coefficients shape=(16, 2), sample_weights shape=(16,), zero_neighbor_targets=0
GRAB train batch 26: pair_ids shape=(16,), range=48..10655, coefficients shape=(16, 2), sample_weights shape=(16,), zero_neighbor_targets=0
GRAB train batch 27: pair_ids shape=(16,), range=221..10867, coefficients shape=(16, 2), sample_weights shape=(16,), zero_neighbor_targets=0
GRAB train batch 28: pair_ids shape=(16,), range=49..10258, coefficients shape=(16, 2), sample_weights shape=(16,), zero_neighbor_targets=0
GRAB train batch 29: pair_ids shape=(16,), range=150..7685, coefficients shape=(16, 2), sample_weights shape=(16,), zero_neighbor_targets=0
GRAB train batch 30: pair_ids shape=(16,), range=137..10498, coefficients shape=(16, 2), sample_weights shape=(16,), zero_neighbor_targets=0
GRAB train batch 31: pair_ids shape=(16,), range=17..7941, coefficients shape=(16, 2), sample_weights shape=(16,), zero_neighbor_targets=0
GRAB train batch 32: pair_ids shape=(16,), range=273..7108, coefficients shape=(16, 2), sample_weights shape=(16,), zero_neighbor_targets=0
GRAB train batch 33: pair_ids shape=(16,), range=31..5197, coefficients shape=(16, 2), sample_weights shape=(16,), zero_neighbor_targets=0
GRAB train batch 34: pair_ids shape=(16,), range=2..9541, coefficients shape=(16, 2), sample_weights shape=(16,), zero_neighbor_targets=0
GRAB train batch 35: pair_ids shape=(16,), range=28..9396, coefficients shape=(16, 2), sample_weights shape=(16,), zero_neighbor_targets=0
GRAB train batch 36: pair_ids shape=(16,), range=187..10092, coefficients shape=(16, 2), sample_weights shape=(16,), zero_neighbor_targets=0
GRAB train batch 37: pair_ids shape=(16,), range=23..8060, coefficients shape=(16, 2), sample_weights shape=(16,), zero_neighbor_targets=0
GRAB train batch 38: pair_ids shape=(16,), range=57..10435, coefficients shape=(16, 2), sample_weights shape=(16,), zero_neighbor_targets=0
GRAB train batch 39: pair_ids shape=(16,), range=38..7720, coefficients shape=(16, 2), sample_weights shape=(16,), zero_neighbor_targets=0
GRAB train batch 40: pair_ids shape=(16,), range=15..8790, coefficients shape=(16, 2), sample_weights shape=(16,), zero_neighbor_targets=0
GRAB train batch 41: pair_ids shape=(16,), range=242..9110, coefficients shape=(16, 2), sample_weights shape=(16,), zero_neighbor_targets=0
GRAB train batch 42: pair_ids shape=(16,), range=124..10956, coefficients shape=(16, 2), sample_weights shape=(16,), zero_neighbor_targets=0
GRAB train batch 43: pair_ids shape=(16,), range=100..10256, coefficients shape=(16, 2), sample_weights shape=(16,), zero_neighbor_targets=0
GRAB train batch 44: pair_ids shape=(16,), range=112..10862, coefficients shape=(16, 2), sample_weights shape=(16,), zero_neighbor_targets=0
GRAB train batch 45: pair_ids shape=(16,), range=27..9587, coefficients shape=(16, 2), sample_weights shape=(16,), zero_neighbor_targets=0
GRAB train batch 46: pair_ids shape=(16,), range=8..10308, coefficients shape=(16, 2), sample_weights shape=(16,), zero_neighbor_targets=0
GRAB train batch 47: pair_ids shape=(16,), range=60..10609, coefficients shape=(16, 2), sample_weights shape=(16,), zero_neighbor_targets=0
GRAB train batch 48: pair_ids shape=(16,), range=7..10018, coefficients shape=(16, 2), sample_weights shape=(16,), zero_neighbor_targets=0
GRAB train batch 49: pair_ids shape=(16,), range=161..5205, coefficients shape=(16, 2), sample_weights shape=(16,), zero_neighbor_targets=0
GRAB train batch 50: pair_ids shape=(16,), range=260..9671, coefficients shape=(16, 2), sample_weights shape=(16,), zero_neighbor_targets=0
GRAB train batch 51: pair_ids shape=(16,), range=1..9531, coefficients shape=(16, 2), sample_weights shape=(16,), zero_neighbor_targets=0
GRAB train batch 52: pair_ids shape=(16,), range=125..10733, coefficients shape=(16, 2), sample_weights shape=(16,), zero_neighbor_targets=0
GRAB train batch 53: pair_ids shape=(16,), range=11..9904, coefficients shape=(16, 2), sample_weights shape=(16,), zero_neighbor_targets=0
GRAB train batch 54: pair_ids shape=(16,), range=165..10859, coefficients shape=(16, 2), sample_weights shape=(16,), zero_neighbor_targets=0
GRAB train batch 55: pair_ids shape=(16,), range=4..10472, coefficients shape=(16, 2), sample_weights shape=(16,), zero_neighbor_targets=0
GRAB train batch 56: pair_ids shape=(16,), range=0..10925, coefficients shape=(16, 2), sample_weights shape=(16,), zero_neighbor_targets=0
GRAB train batch 57: pair_ids shape=(16,), range=58..10090, coefficients shape=(16, 2), sample_weights shape=(16,), zero_neighbor_targets=0
GRAB train batch 58: pair_ids shape=(16,), range=72..9962, coefficients shape=(16, 2), sample_weights shape=(16,), zero_neighbor_targets=0
GRAB train batch 59: pair_ids shape=(16,), range=108..9949, coefficients shape=(16, 2), sample_weights shape=(16,), zero_neighbor_targets=0
GRAB train batch 60: pair_ids shape=(16,), range=6..10899, coefficients shape=(16, 2), sample_weights shape=(16,), zero_neighbor_targets=0
GRAB train batch 61: pair_ids shape=(16,), range=13..5227, coefficients shape=(16, 2), sample_weights shape=(16,), zero_neighbor_targets=0
GRAB train batch 62: pair_ids shape=(16,), range=29..8873, coefficients shape=(16, 2), sample_weights shape=(16,), zero_neighbor_targets=0
GRAB train batch 63: pair_ids shape=(16,), range=69..7033, coefficients shape=(16, 2), sample_weights shape=(16,), zero_neighbor_targets=0
GRAB train batch 64: pair_ids shape=(16,), range=63..10046, coefficients shape=(16, 2), sample_weights shape=(16,), zero_neighbor_targets=0
GRAB train batch 65: pair_ids shape=(16,), range=104..7895, coefficients shape=(16, 2), sample_weights shape=(16,), zero_neighbor_targets=0
GRAB train batch 66: pair_ids shape=(16,), range=66..10007, coefficients shape=(16, 2), sample_weights shape=(16,), zero_neighbor_targets=0
GRAB train batch 67: pair_ids shape=(16,), range=3..7873, coefficients shape=(16, 2), sample_weights shape=(16,), zero_neighbor_targets=0
GRAB train batch 68: pair_ids shape=(10,), range=14..6968, coefficients shape=(10, 2), sample_weights shape=(10,), zero_neighbor_targets=0
VALIDATION
valid epoch balanced_accuracy: 0.457594
EPOCH 63:
GRAB train batch 1: pair_ids shape=(16,), range=55..10925, coefficients shape=(16, 2), sample_weights shape=(16,), zero_neighbor_targets=0
GRAB train batch 2: pair_ids shape=(16,), range=39..10609, coefficients shape=(16, 2), sample_weights shape=(16,), zero_neighbor_targets=0
GRAB train batch 3: pair_ids shape=(16,), range=161..10093, coefficients shape=(16, 2), sample_weights shape=(16,), zero_neighbor_targets=0
GRAB train batch 4: pair_ids shape=(16,), range=41..10956, coefficients shape=(16, 2), sample_weights shape=(16,), zero_neighbor_targets=0
GRAB train batch 5: pair_ids shape=(16,), range=10..10092, coefficients shape=(16, 2), sample_weights shape=(16,), zero_neighbor_targets=0
GRAB train batch 6: pair_ids shape=(16,), range=61..9587, coefficients shape=(16, 2), sample_weights shape=(16,), zero_neighbor_targets=0
GRAB train batch 7: pair_ids shape=(16,), range=19..9573, coefficients shape=(16, 2), sample_weights shape=(16,), zero_neighbor_targets=0
GRAB train batch 8: pair_ids shape=(16,), range=53..10655, coefficients shape=(16, 2), sample_weights shape=(16,), zero_neighbor_targets=0
GRAB train batch 9: pair_ids shape=(16,), range=104..4789, coefficients shape=(16, 2), sample_weights shape=(16,), zero_neighbor_targets=0
GRAB train batch 10: pair_ids shape=(16,), range=0..10567, coefficients shape=(16, 2), sample_weights shape=(16,), zero_neighbor_targets=0
GRAB train batch 11: pair_ids shape=(16,), range=58..5309, coefficients shape=(16, 2), sample_weights shape=(16,), zero_neighbor_targets=0
GRAB train batch 12: pair_ids shape=(16,), range=4..10498, coefficients shape=(16, 2), sample_weights shape=(16,), zero_neighbor_targets=0
GRAB train batch 13: pair_ids shape=(16,), range=42..9358, coefficients shape=(16, 2), sample_weights shape=(16,), zero_neighbor_targets=0
GRAB train batch 14: pair_ids shape=(16,), range=303..10665, coefficients shape=(16, 2), sample_weights shape=(16,), zero_neighbor_targets=0
GRAB train batch 15: pair_ids shape=(16,), range=43..6866, coefficients shape=(16, 2), sample_weights shape=(16,), zero_neighbor_targets=0
GRAB train batch 16: pair_ids shape=(16,), range=308..8810, coefficients shape=(16, 2), sample_weights shape=(16,), zero_neighbor_targets=0
GRAB train batch 17: pair_ids shape=(16,), range=334..10684, coefficients shape=(16, 2), sample_weights shape=(16,), zero_neighbor_targets=0
GRAB train batch 18: pair_ids shape=(16,), range=64..10274, coefficients shape=(16, 2), sample_weights shape=(16,), zero_neighbor_targets=0
GRAB train batch 19: pair_ids shape=(16,), range=270..10859, coefficients shape=(16, 2), sample_weights shape=(16,), zero_neighbor_targets=0
GRAB train batch 20: pair_ids shape=(16,), range=31..9648, coefficients shape=(16, 2), sample_weights shape=(16,), zero_neighbor_targets=0
GRAB train batch 21: pair_ids shape=(16,), range=117..10064, coefficients shape=(16, 2), sample_weights shape=(16,), zero_neighbor_targets=0
GRAB train batch 22: pair_ids shape=(16,), range=136..10015, coefficients shape=(16, 2), sample_weights shape=(16,), zero_neighbor_targets=0
GRAB train batch 23: pair_ids shape=(16,), range=37..10935, coefficients shape=(16, 2), sample_weights shape=(16,), zero_neighbor_targets=0
GRAB train batch 24: pair_ids shape=(16,), range=1..9124, coefficients shape=(16, 2), sample_weights shape=(16,), zero_neighbor_targets=0
GRAB train batch 25: pair_ids shape=(16,), range=224..10256, coefficients shape=(16, 2), sample_weights shape=(16,), zero_neighbor_targets=0
GRAB train batch 26: pair_ids shape=(16,), range=186..10018, coefficients shape=(16, 2), sample_weights shape=(16,), zero_neighbor_targets=0
GRAB train batch 27: pair_ids shape=(16,), range=57..10530, coefficients shape=(16, 2), sample_weights shape=(16,), zero_neighbor_targets=0
GRAB train batch 28: pair_ids shape=(16,), range=9..7532, coefficients shape=(16, 2), sample_weights shape=(16,), zero_neighbor_targets=0
GRAB train batch 29: pair_ids shape=(16,), range=13..9808, coefficients shape=(16, 2), sample_weights shape=(16,), zero_neighbor_targets=0
GRAB train batch 30: pair_ids shape=(16,), range=7..7536, coefficients shape=(16, 2), sample_weights shape=(16,), zero_neighbor_targets=0
GRAB train batch 31: pair_ids shape=(16,), range=135..10373, coefficients shape=(16, 2), sample_weights shape=(16,), zero_neighbor_targets=0
GRAB train batch 32: pair_ids shape=(16,), range=138..10733, coefficients shape=(16, 2), sample_weights shape=(16,), zero_neighbor_targets=0
GRAB train batch 33: pair_ids shape=(16,), range=46..9670, coefficients shape=(16, 2), sample_weights shape=(16,), zero_neighbor_targets=0
GRAB train batch 34: pair_ids shape=(16,), range=32..10735, coefficients shape=(16, 2), sample_weights shape=(16,), zero_neighbor_targets=0
GRAB train batch 35: pair_ids shape=(16,), range=62..10352, coefficients shape=(16, 2), sample_weights shape=(16,), zero_neighbor_targets=0
GRAB train batch 36: pair_ids shape=(16,), range=28..5095, coefficients shape=(16, 2), sample_weights shape=(16,), zero_neighbor_targets=0
GRAB train batch 37: pair_ids shape=(16,), range=17..10007, coefficients shape=(16, 2), sample_weights shape=(16,), zero_neighbor_targets=0
GRAB train batch 38: pair_ids shape=(16,), range=105..10161, coefficients shape=(16, 2), sample_weights shape=(16,), zero_neighbor_targets=0
GRAB train batch 39: pair_ids shape=(16,), range=21..4775, coefficients shape=(16, 2), sample_weights shape=(16,), zero_neighbor_targets=0
GRAB train batch 40: pair_ids shape=(16,), range=2..10520, coefficients shape=(16, 2), sample_weights shape=(16,), zero_neighbor_targets=0
GRAB train batch 41: pair_ids shape=(16,), range=8..9754, coefficients shape=(16, 2), sample_weights shape=(16,), zero_neighbor_targets=0
GRAB train batch 42: pair_ids shape=(16,), range=110..10258, coefficients shape=(16, 2), sample_weights shape=(16,), zero_neighbor_targets=0
GRAB train batch 43: pair_ids shape=(16,), range=23..10141, coefficients shape=(16, 2), sample_weights shape=(16,), zero_neighbor_targets=0
GRAB train batch 44: pair_ids shape=(16,), range=22..10867, coefficients shape=(16, 2), sample_weights shape=(16,), zero_neighbor_targets=0
GRAB train batch 45: pair_ids shape=(16,), range=56..9962, coefficients shape=(16, 2), sample_weights shape=(16,), zero_neighbor_targets=0
GRAB train batch 46: pair_ids shape=(16,), range=3..10619, coefficients shape=(16, 2), sample_weights shape=(16,), zero_neighbor_targets=0
GRAB train batch 47: pair_ids shape=(16,), range=220..7755, coefficients shape=(16, 2), sample_weights shape=(16,), zero_neighbor_targets=0
GRAB train batch 48: pair_ids shape=(16,), range=44..10308, coefficients shape=(16, 2), sample_weights shape=(16,), zero_neighbor_targets=0
GRAB train batch 49: pair_ids shape=(16,), range=150..8028, coefficients shape=(16, 2), sample_weights shape=(16,), zero_neighbor_targets=0
GRAB train batch 50: pair_ids shape=(16,), range=12..9211, coefficients shape=(16, 2), sample_weights shape=(16,), zero_neighbor_targets=0
GRAB train batch 51: pair_ids shape=(16,), range=49..9128, coefficients shape=(16, 2), sample_weights shape=(16,), zero_neighbor_targets=0
GRAB train batch 52: pair_ids shape=(16,), range=24..7720, coefficients shape=(16, 2), sample_weights shape=(16,), zero_neighbor_targets=0
GRAB train batch 53: pair_ids shape=(16,), range=101..9883, coefficients shape=(16, 2), sample_weights shape=(16,), zero_neighbor_targets=0
GRAB train batch 54: pair_ids shape=(16,), range=65..10557, coefficients shape=(16, 2), sample_weights shape=(16,), zero_neighbor_targets=0
GRAB train batch 55: pair_ids shape=(16,), range=25..7919, coefficients shape=(16, 2), sample_weights shape=(16,), zero_neighbor_targets=0
GRAB train batch 56: pair_ids shape=(16,), range=281..4724, coefficients shape=(16, 2), sample_weights shape=(16,), zero_neighbor_targets=0
GRAB train batch 57: pair_ids shape=(16,), range=30..9444, coefficients shape=(16, 2), sample_weights shape=(16,), zero_neighbor_targets=0
GRAB train batch 58: pair_ids shape=(16,), range=5..10488, coefficients shape=(16, 2), sample_weights shape=(16,), zero_neighbor_targets=0
GRAB train batch 59: pair_ids shape=(16,), range=167..10336, coefficients shape=(16, 2), sample_weights shape=(16,), zero_neighbor_targets=0
GRAB train batch 60: pair_ids shape=(16,), range=14..7911, coefficients shape=(16, 2), sample_weights shape=(16,), zero_neighbor_targets=0
GRAB train batch 61: pair_ids shape=(16,), range=176..10365, coefficients shape=(16, 2), sample_weights shape=(16,), zero_neighbor_targets=0
GRAB train batch 62: pair_ids shape=(16,), range=6..10862, coefficients shape=(16, 2), sample_weights shape=(16,), zero_neighbor_targets=0
GRAB train batch 63: pair_ids shape=(16,), range=29..10046, coefficients shape=(16, 2), sample_weights shape=(16,), zero_neighbor_targets=0
GRAB train batch 64: pair_ids shape=(16,), range=67..9828, coefficients shape=(16, 2), sample_weights shape=(16,), zero_neighbor_targets=0
GRAB train batch 65: pair_ids shape=(16,), range=168..10918, coefficients shape=(16, 2), sample_weights shape=(16,), zero_neighbor_targets=0
GRAB train batch 66: pair_ids shape=(16,), range=48..6943, coefficients shape=(16, 2), sample_weights shape=(16,), zero_neighbor_targets=0
GRAB train batch 67: pair_ids shape=(16,), range=47..9560, coefficients shape=(16, 2), sample_weights shape=(16,), zero_neighbor_targets=0
GRAB train batch 68: pair_ids shape=(10,), range=11..9077, coefficients shape=(10, 2), sample_weights shape=(10,), zero_neighbor_targets=0
VALIDATION
valid epoch balanced_accuracy: 0.496120
EPOCH 64:
GRAB train batch 1: pair_ids shape=(16,), range=11..5335, coefficients shape=(16, 2), sample_weights shape=(16,), zero_neighbor_targets=0
GRAB train batch 2: pair_ids shape=(16,), range=65..10738, coefficients shape=(16, 2), sample_weights shape=(16,), zero_neighbor_targets=0
GRAB train batch 3: pair_ids shape=(16,), range=113..10918, coefficients shape=(16, 2), sample_weights shape=(16,), zero_neighbor_targets=0
GRAB train batch 4: pair_ids shape=(16,), range=19..10090, coefficients shape=(16, 2), sample_weights shape=(16,), zero_neighbor_targets=0
GRAB train batch 5: pair_ids shape=(16,), range=145..10015, coefficients shape=(16, 2), sample_weights shape=(16,), zero_neighbor_targets=0
GRAB train batch 6: pair_ids shape=(16,), range=41..5507, coefficients shape=(16, 2), sample_weights shape=(16,), zero_neighbor_targets=0
GRAB train batch 7: pair_ids shape=(16,), range=16..9904, coefficients shape=(16, 2), sample_weights shape=(16,), zero_neighbor_targets=0
GRAB train batch 8: pair_ids shape=(16,), range=227..9957, coefficients shape=(16, 2), sample_weights shape=(16,), zero_neighbor_targets=0
GRAB train batch 9: pair_ids shape=(16,), range=188..9054, coefficients shape=(16, 2), sample_weights shape=(16,), zero_neighbor_targets=0
GRAB train batch 10: pair_ids shape=(16,), range=253..10018, coefficients shape=(16, 2), sample_weights shape=(16,), zero_neighbor_targets=0
GRAB train batch 11: pair_ids shape=(16,), range=44..9968, coefficients shape=(16, 2), sample_weights shape=(16,), zero_neighbor_targets=0
GRAB train batch 12: pair_ids shape=(16,), range=13..10899, coefficients shape=(16, 2), sample_weights shape=(16,), zero_neighbor_targets=0
GRAB train batch 13: pair_ids shape=(16,), range=50..4789, coefficients shape=(16, 2), sample_weights shape=(16,), zero_neighbor_targets=0
GRAB train batch 14: pair_ids shape=(16,), range=42..10064, coefficients shape=(16, 2), sample_weights shape=(16,), zero_neighbor_targets=0
GRAB train batch 15: pair_ids shape=(16,), range=31..10007, coefficients shape=(16, 2), sample_weights shape=(16,), zero_neighbor_targets=0
GRAB train batch 16: pair_ids shape=(16,), range=159..9128, coefficients shape=(16, 2), sample_weights shape=(16,), zero_neighbor_targets=0
GRAB train batch 17: pair_ids shape=(16,), range=37..10488, coefficients shape=(16, 2), sample_weights shape=(16,), zero_neighbor_targets=0
GRAB train batch 18: pair_ids shape=(16,), range=117..10258, coefficients shape=(16, 2), sample_weights shape=(16,), zero_neighbor_targets=0
GRAB train batch 19: pair_ids shape=(16,), range=58..9124, coefficients shape=(16, 2), sample_weights shape=(16,), zero_neighbor_targets=0
GRAB train batch 20: pair_ids shape=(16,), range=149..10498, coefficients shape=(16, 2), sample_weights shape=(16,), zero_neighbor_targets=0
GRAB train batch 21: pair_ids shape=(16,), range=6..9560, coefficients shape=(16, 2), sample_weights shape=(16,), zero_neighbor_targets=0
GRAB train batch 22: pair_ids shape=(16,), range=40..7111, coefficients shape=(16, 2), sample_weights shape=(16,), zero_neighbor_targets=0
GRAB train batch 23: pair_ids shape=(16,), range=5..9848, coefficients shape=(16, 2), sample_weights shape=(16,), zero_neighbor_targets=0
GRAB train batch 24: pair_ids shape=(16,), range=9..5309, coefficients shape=(16, 2), sample_weights shape=(16,), zero_neighbor_targets=0
GRAB train batch 25: pair_ids shape=(16,), range=157..10684, coefficients shape=(16, 2), sample_weights shape=(16,), zero_neighbor_targets=0
GRAB train batch 26: pair_ids shape=(16,), range=1..10092, coefficients shape=(16, 2), sample_weights shape=(16,), zero_neighbor_targets=0
GRAB train batch 27: pair_ids shape=(16,), range=105..8084, coefficients shape=(16, 2), sample_weights shape=(16,), zero_neighbor_targets=0
GRAB train batch 28: pair_ids shape=(16,), range=48..8045, coefficients shape=(16, 2), sample_weights shape=(16,), zero_neighbor_targets=0
GRAB train batch 29: pair_ids shape=(16,), range=15..4673, coefficients shape=(16, 2), sample_weights shape=(16,), zero_neighbor_targets=0
GRAB train batch 30: pair_ids shape=(16,), range=17..10735, coefficients shape=(16, 2), sample_weights shape=(16,), zero_neighbor_targets=0
GRAB train batch 31: pair_ids shape=(16,), range=128..9754, coefficients shape=(16, 2), sample_weights shape=(16,), zero_neighbor_targets=0
GRAB train batch 32: pair_ids shape=(16,), range=110..10222, coefficients shape=(16, 2), sample_weights shape=(16,), zero_neighbor_targets=0
GRAB train batch 33: pair_ids shape=(16,), range=21..7924, coefficients shape=(16, 2), sample_weights shape=(16,), zero_neighbor_targets=0
GRAB train batch 34: pair_ids shape=(16,), range=2..8810, coefficients shape=(16, 2), sample_weights shape=(16,), zero_neighbor_targets=0
GRAB train batch 35: pair_ids shape=(16,), range=35..10956, coefficients shape=(16, 2), sample_weights shape=(16,), zero_neighbor_targets=0
GRAB train batch 36: pair_ids shape=(16,), range=24..9531, coefficients shape=(16, 2), sample_weights shape=(16,), zero_neighbor_targets=0
GRAB train batch 37: pair_ids shape=(16,), range=164..9396, coefficients shape=(16, 2), sample_weights shape=(16,), zero_neighbor_targets=0
GRAB train batch 38: pair_ids shape=(16,), range=38..10935, coefficients shape=(16, 2), sample_weights shape=(16,), zero_neighbor_targets=0
GRAB train batch 39: pair_ids shape=(16,), range=8..9828, coefficients shape=(16, 2), sample_weights shape=(16,), zero_neighbor_targets=0
GRAB train batch 40: pair_ids shape=(16,), range=25..6945, coefficients shape=(16, 2), sample_weights shape=(16,), zero_neighbor_targets=0
GRAB train batch 41: pair_ids shape=(16,), range=10..10599, coefficients shape=(16, 2), sample_weights shape=(16,), zero_neighbor_targets=0
GRAB train batch 42: pair_ids shape=(16,), range=131..6884, coefficients shape=(16, 2), sample_weights shape=(16,), zero_neighbor_targets=0
GRAB train batch 43: pair_ids shape=(16,), range=60..10925, coefficients shape=(16, 2), sample_weights shape=(16,), zero_neighbor_targets=0
GRAB train batch 44: pair_ids shape=(16,), range=57..8792, coefficients shape=(16, 2), sample_weights shape=(16,), zero_neighbor_targets=0
GRAB train batch 45: pair_ids shape=(16,), range=61..8075, coefficients shape=(16, 2), sample_weights shape=(16,), zero_neighbor_targets=0
GRAB train batch 46: pair_ids shape=(16,), range=4..9624, coefficients shape=(16, 2), sample_weights shape=(16,), zero_neighbor_targets=0
GRAB train batch 47: pair_ids shape=(16,), range=186..10609, coefficients shape=(16, 2), sample_weights shape=(16,), zero_neighbor_targets=0
GRAB train batch 48: pair_ids shape=(16,), range=67..10567, coefficients shape=(16, 2), sample_weights shape=(16,), zero_neighbor_targets=0
GRAB train batch 49: pair_ids shape=(16,), range=134..10862, coefficients shape=(16, 2), sample_weights shape=(16,), zero_neighbor_targets=0
GRAB train batch 50: pair_ids shape=(16,), range=135..5208, coefficients shape=(16, 2), sample_weights shape=(16,), zero_neighbor_targets=0
GRAB train batch 51: pair_ids shape=(16,), range=7..7166, coefficients shape=(16, 2), sample_weights shape=(16,), zero_neighbor_targets=0
GRAB train batch 52: pair_ids shape=(16,), range=165..10716, coefficients shape=(16, 2), sample_weights shape=(16,), zero_neighbor_targets=0
GRAB train batch 53: pair_ids shape=(16,), range=0..10520, coefficients shape=(16, 2), sample_weights shape=(16,), zero_neighbor_targets=0
GRAB train batch 54: pair_ids shape=(16,), range=109..10859, coefficients shape=(16, 2), sample_weights shape=(16,), zero_neighbor_targets=0
GRAB train batch 55: pair_ids shape=(16,), range=30..10867, coefficients shape=(16, 2), sample_weights shape=(16,), zero_neighbor_targets=0
GRAB train batch 56: pair_ids shape=(16,), range=22..9573, coefficients shape=(16, 2), sample_weights shape=(16,), zero_neighbor_targets=0
GRAB train batch 57: pair_ids shape=(16,), range=69..10733, coefficients shape=(16, 2), sample_weights shape=(16,), zero_neighbor_targets=0
GRAB train batch 58: pair_ids shape=(16,), range=23..8012, coefficients shape=(16, 2), sample_weights shape=(16,), zero_neighbor_targets=0
GRAB train batch 59: pair_ids shape=(16,), range=59..7598, coefficients shape=(16, 2), sample_weights shape=(16,), zero_neighbor_targets=0
GRAB train batch 60: pair_ids shape=(16,), range=98..9331, coefficients shape=(16, 2), sample_weights shape=(16,), zero_neighbor_targets=0
GRAB train batch 61: pair_ids shape=(16,), range=183..10336, coefficients shape=(16, 2), sample_weights shape=(16,), zero_neighbor_targets=0
GRAB train batch 62: pair_ids shape=(16,), range=12..10141, coefficients shape=(16, 2), sample_weights shape=(16,), zero_neighbor_targets=0
GRAB train batch 63: pair_ids shape=(16,), range=3..9648, coefficients shape=(16, 2), sample_weights shape=(16,), zero_neighbor_targets=0
GRAB train batch 64: pair_ids shape=(16,), range=18..10655, coefficients shape=(16, 2), sample_weights shape=(16,), zero_neighbor_targets=0
GRAB train batch 65: pair_ids shape=(16,), range=26..10373, coefficients shape=(16, 2), sample_weights shape=(16,), zero_neighbor_targets=0
GRAB train batch 66: pair_ids shape=(16,), range=49..9922, coefficients shape=(16, 2), sample_weights shape=(16,), zero_neighbor_targets=0
GRAB train batch 67: pair_ids shape=(16,), range=53..10665, coefficients shape=(16, 2), sample_weights shape=(16,), zero_neighbor_targets=0
GRAB train batch 68: pair_ids shape=(10,), range=20..7549, coefficients shape=(10, 2), sample_weights shape=(10,), zero_neighbor_targets=0
VALIDATION
valid epoch balanced_accuracy: 0.485588
EPOCH 65:
GRAB train batch 1: pair_ids shape=(16,), range=3..10609, coefficients shape=(16, 2), sample_weights shape=(16,), zero_neighbor_targets=0
GRAB train batch 2: pair_ids shape=(16,), range=31..9648, coefficients shape=(16, 2), sample_weights shape=(16,), zero_neighbor_targets=0
GRAB train batch 3: pair_ids shape=(16,), range=15..10472, coefficients shape=(16, 2), sample_weights shape=(16,), zero_neighbor_targets=0
GRAB train batch 4: pair_ids shape=(16,), range=234..10373, coefficients shape=(16, 2), sample_weights shape=(16,), zero_neighbor_targets=0
GRAB train batch 5: pair_ids shape=(16,), range=101..7582, coefficients shape=(16, 2), sample_weights shape=(16,), zero_neighbor_targets=0
GRAB train batch 6: pair_ids shape=(16,), range=44..9957, coefficients shape=(16, 2), sample_weights shape=(16,), zero_neighbor_targets=0
GRAB train batch 7: pair_ids shape=(16,), range=41..10007, coefficients shape=(16, 2), sample_weights shape=(16,), zero_neighbor_targets=0
GRAB train batch 8: pair_ids shape=(16,), range=5..10738, coefficients shape=(16, 2), sample_weights shape=(16,), zero_neighbor_targets=0
GRAB train batch 9: pair_ids shape=(16,), range=6..2783, coefficients shape=(16, 2), sample_weights shape=(16,), zero_neighbor_targets=0
GRAB train batch 10: pair_ids shape=(16,), range=66..10064, coefficients shape=(16, 2), sample_weights shape=(16,), zero_neighbor_targets=0
GRAB train batch 11: pair_ids shape=(16,), range=384..7758, coefficients shape=(16, 2), sample_weights shape=(16,), zero_neighbor_targets=0
GRAB train batch 12: pair_ids shape=(16,), range=38..10557, coefficients shape=(16, 2), sample_weights shape=(16,), zero_neighbor_targets=0
GRAB train batch 13: pair_ids shape=(16,), range=32..10030, coefficients shape=(16, 2), sample_weights shape=(16,), zero_neighbor_targets=0
GRAB train batch 14: pair_ids shape=(16,), range=117..10918, coefficients shape=(16, 2), sample_weights shape=(16,), zero_neighbor_targets=0
GRAB train batch 15: pair_ids shape=(16,), range=115..5420, coefficients shape=(16, 2), sample_weights shape=(16,), zero_neighbor_targets=0
GRAB train batch 16: pair_ids shape=(16,), range=33..10716, coefficients shape=(16, 2), sample_weights shape=(16,), zero_neighbor_targets=0
GRAB train batch 17: pair_ids shape=(16,), range=37..8933, coefficients shape=(16, 2), sample_weights shape=(16,), zero_neighbor_targets=0
GRAB train batch 18: pair_ids shape=(16,), range=112..10256, coefficients shape=(16, 2), sample_weights shape=(16,), zero_neighbor_targets=0
GRAB train batch 19: pair_ids shape=(16,), range=71..10092, coefficients shape=(16, 2), sample_weights shape=(16,), zero_neighbor_targets=0
GRAB train batch 20: pair_ids shape=(16,), range=105..10684, coefficients shape=(16, 2), sample_weights shape=(16,), zero_neighbor_targets=0
GRAB train batch 21: pair_ids shape=(16,), range=13..10925, coefficients shape=(16, 2), sample_weights shape=(16,), zero_neighbor_targets=0
GRAB train batch 22: pair_ids shape=(16,), range=108..5643, coefficients shape=(16, 2), sample_weights shape=(16,), zero_neighbor_targets=0
GRAB train batch 23: pair_ids shape=(16,), range=12..9236, coefficients shape=(16, 2), sample_weights shape=(16,), zero_neighbor_targets=0
GRAB train batch 24: pair_ids shape=(16,), range=379..9624, coefficients shape=(16, 2), sample_weights shape=(16,), zero_neighbor_targets=0
GRAB train batch 25: pair_ids shape=(16,), range=109..5447, coefficients shape=(16, 2), sample_weights shape=(16,), zero_neighbor_targets=0
GRAB train batch 26: pair_ids shape=(16,), range=9..5205, coefficients shape=(16, 2), sample_weights shape=(16,), zero_neighbor_targets=0
GRAB train batch 27: pair_ids shape=(16,), range=8..8084, coefficients shape=(16, 2), sample_weights shape=(16,), zero_neighbor_targets=0
GRAB train batch 28: pair_ids shape=(16,), range=36..10665, coefficients shape=(16, 2), sample_weights shape=(16,), zero_neighbor_targets=0
GRAB train batch 29: pair_ids shape=(16,), range=22..10404, coefficients shape=(16, 2), sample_weights shape=(16,), zero_neighbor_targets=0
GRAB train batch 30: pair_ids shape=(16,), range=26..9548, coefficients shape=(16, 2), sample_weights shape=(16,), zero_neighbor_targets=0
GRAB train batch 31: pair_ids shape=(16,), range=20..9671, coefficients shape=(16, 2), sample_weights shape=(16,), zero_neighbor_targets=0
GRAB train batch 32: pair_ids shape=(16,), range=40..10956, coefficients shape=(16, 2), sample_weights shape=(16,), zero_neighbor_targets=0
GRAB train batch 33: pair_ids shape=(16,), range=58..10859, coefficients shape=(16, 2), sample_weights shape=(16,), zero_neighbor_targets=0
GRAB train batch 34: pair_ids shape=(16,), range=106..7924, coefficients shape=(16, 2), sample_weights shape=(16,), zero_neighbor_targets=0
GRAB train batch 35: pair_ids shape=(16,), range=27..10228, coefficients shape=(16, 2), sample_weights shape=(16,), zero_neighbor_targets=0
GRAB train batch 36: pair_ids shape=(16,), range=264..10862, coefficients shape=(16, 2), sample_weights shape=(16,), zero_neighbor_targets=0
GRAB train batch 37: pair_ids shape=(16,), range=24..8005, coefficients shape=(16, 2), sample_weights shape=(16,), zero_neighbor_targets=0
GRAB train batch 38: pair_ids shape=(16,), range=111..10733, coefficients shape=(16, 2), sample_weights shape=(16,), zero_neighbor_targets=0
GRAB train batch 39: pair_ids shape=(16,), range=7..6968, coefficients shape=(16, 2), sample_weights shape=(16,), zero_neighbor_targets=0
GRAB train batch 40: pair_ids shape=(16,), range=16..9922, coefficients shape=(16, 2), sample_weights shape=(16,), zero_neighbor_targets=0
GRAB train batch 41: pair_ids shape=(16,), range=42..9619, coefficients shape=(16, 2), sample_weights shape=(16,), zero_neighbor_targets=0
GRAB train batch 42: pair_ids shape=(16,), range=10..10258, coefficients shape=(16, 2), sample_weights shape=(16,), zero_neighbor_targets=0
GRAB train batch 43: pair_ids shape=(16,), range=187..7942, coefficients shape=(16, 2), sample_weights shape=(16,), zero_neighbor_targets=0
GRAB train batch 44: pair_ids shape=(16,), range=182..10093, coefficients shape=(16, 2), sample_weights shape=(16,), zero_neighbor_targets=0
GRAB train batch 45: pair_ids shape=(16,), range=0..8028, coefficients shape=(16, 2), sample_weights shape=(16,), zero_neighbor_targets=0
GRAB train batch 46: pair_ids shape=(16,), range=62..10015, coefficients shape=(16, 2), sample_weights shape=(16,), zero_neighbor_targets=0
GRAB train batch 47: pair_ids shape=(16,), range=43..9211, coefficients shape=(16, 2), sample_weights shape=(16,), zero_neighbor_targets=0
GRAB train batch 48: pair_ids shape=(16,), range=98..7536, coefficients shape=(16, 2), sample_weights shape=(16,), zero_neighbor_targets=0
GRAB train batch 49: pair_ids shape=(16,), range=4..9637, coefficients shape=(16, 2), sample_weights shape=(16,), zero_neighbor_targets=0
GRAB train batch 50: pair_ids shape=(16,), range=100..10867, coefficients shape=(16, 2), sample_weights shape=(16,), zero_neighbor_targets=0
GRAB train batch 51: pair_ids shape=(16,), range=119..10611, coefficients shape=(16, 2), sample_weights shape=(16,), zero_neighbor_targets=0
GRAB train batch 52: pair_ids shape=(16,), range=110..10090, coefficients shape=(16, 2), sample_weights shape=(16,), zero_neighbor_targets=0
GRAB train batch 53: pair_ids shape=(16,), range=14..10567, coefficients shape=(16, 2), sample_weights shape=(16,), zero_neighbor_targets=0
GRAB train batch 54: pair_ids shape=(16,), range=29..10935, coefficients shape=(16, 2), sample_weights shape=(16,), zero_neighbor_targets=0
GRAB train batch 55: pair_ids shape=(16,), range=30..9968, coefficients shape=(16, 2), sample_weights shape=(16,), zero_neighbor_targets=0
GRAB train batch 56: pair_ids shape=(16,), range=270..10308, coefficients shape=(16, 2), sample_weights shape=(16,), zero_neighbor_targets=0
GRAB train batch 57: pair_ids shape=(16,), range=23..10046, coefficients shape=(16, 2), sample_weights shape=(16,), zero_neighbor_targets=0
GRAB train batch 58: pair_ids shape=(16,), range=18..10619, coefficients shape=(16, 2), sample_weights shape=(16,), zero_neighbor_targets=0
GRAB train batch 59: pair_ids shape=(16,), range=51..10498, coefficients shape=(16, 2), sample_weights shape=(16,), zero_neighbor_targets=0
GRAB train batch 60: pair_ids shape=(16,), range=1..9531, coefficients shape=(16, 2), sample_weights shape=(16,), zero_neighbor_targets=0
GRAB train batch 61: pair_ids shape=(16,), range=34..9560, coefficients shape=(16, 2), sample_weights shape=(16,), zero_neighbor_targets=0
GRAB train batch 62: pair_ids shape=(16,), range=45..9949, coefficients shape=(16, 2), sample_weights shape=(16,), zero_neighbor_targets=0
GRAB train batch 63: pair_ids shape=(16,), range=17..7517, coefficients shape=(16, 2), sample_weights shape=(16,), zero_neighbor_targets=0
GRAB train batch 64: pair_ids shape=(16,), range=46..9785, coefficients shape=(16, 2), sample_weights shape=(16,), zero_neighbor_targets=0
GRAB train batch 65: pair_ids shape=(16,), range=59..10735, coefficients shape=(16, 2), sample_weights shape=(16,), zero_neighbor_targets=0
GRAB train batch 66: pair_ids shape=(16,), range=19..10365, coefficients shape=(16, 2), sample_weights shape=(16,), zero_neighbor_targets=0
GRAB train batch 67: pair_ids shape=(16,), range=47..10899, coefficients shape=(16, 2), sample_weights shape=(16,), zero_neighbor_targets=0
GRAB train batch 68: pair_ids shape=(10,), range=294..9889, coefficients shape=(10, 2), sample_weights shape=(10,), zero_neighbor_targets=0
VALIDATION
valid epoch balanced_accuracy: 0.473392
EPOCH 66:
GRAB train batch 1: pair_ids shape=(16,), range=19..10336, coefficients shape=(16, 2), sample_weights shape=(16,), zero_neighbor_targets=0
GRAB train batch 2: pair_ids shape=(16,), range=14..9883, coefficients shape=(16, 2), sample_weights shape=(16,), zero_neighbor_targets=0
GRAB train batch 3: pair_ids shape=(16,), range=32..10373, coefficients shape=(16, 2), sample_weights shape=(16,), zero_neighbor_targets=0
GRAB train batch 4: pair_ids shape=(16,), range=136..9153, coefficients shape=(16, 2), sample_weights shape=(16,), zero_neighbor_targets=0
GRAB train batch 5: pair_ids shape=(16,), range=67..10862, coefficients shape=(16, 2), sample_weights shape=(16,), zero_neighbor_targets=0
GRAB train batch 6: pair_ids shape=(16,), range=101..10918, coefficients shape=(16, 2), sample_weights shape=(16,), zero_neighbor_targets=0
GRAB train batch 7: pair_ids shape=(16,), range=165..10611, coefficients shape=(16, 2), sample_weights shape=(16,), zero_neighbor_targets=0
GRAB train batch 8: pair_ids shape=(16,), range=23..10684, coefficients shape=(16, 2), sample_weights shape=(16,), zero_neighbor_targets=0
GRAB train batch 9: pair_ids shape=(16,), range=7..10228, coefficients shape=(16, 2), sample_weights shape=(16,), zero_neighbor_targets=0
GRAB train batch 10: pair_ids shape=(16,), range=31..7753, coefficients shape=(16, 2), sample_weights shape=(16,), zero_neighbor_targets=0
GRAB train batch 11: pair_ids shape=(16,), range=114..6920, coefficients shape=(16, 2), sample_weights shape=(16,), zero_neighbor_targets=0
GRAB train batch 12: pair_ids shape=(16,), range=25..9670, coefficients shape=(16, 2), sample_weights shape=(16,), zero_neighbor_targets=0
GRAB train batch 13: pair_ids shape=(16,), range=64..10925, coefficients shape=(16, 2), sample_weights shape=(16,), zero_neighbor_targets=0
GRAB train batch 14: pair_ids shape=(16,), range=15..10141, coefficients shape=(16, 2), sample_weights shape=(16,), zero_neighbor_targets=0
GRAB train batch 15: pair_ids shape=(16,), range=267..6942, coefficients shape=(16, 2), sample_weights shape=(16,), zero_neighbor_targets=0
GRAB train batch 16: pair_ids shape=(16,), range=163..10867, coefficients shape=(16, 2), sample_weights shape=(16,), zero_neighbor_targets=0
GRAB train batch 17: pair_ids shape=(16,), range=29..10092, coefficients shape=(16, 2), sample_weights shape=(16,), zero_neighbor_targets=0
GRAB train batch 18: pair_ids shape=(16,), range=137..10004, coefficients shape=(16, 2), sample_weights shape=(16,), zero_neighbor_targets=0
GRAB train batch 19: pair_ids shape=(16,), range=40..10090, coefficients shape=(16, 2), sample_weights shape=(16,), zero_neighbor_targets=0
GRAB train batch 20: pair_ids shape=(16,), range=34..7027, coefficients shape=(16, 2), sample_weights shape=(16,), zero_neighbor_targets=0
GRAB train batch 21: pair_ids shape=(16,), range=158..10735, coefficients shape=(16, 2), sample_weights shape=(16,), zero_neighbor_targets=0
GRAB train batch 22: pair_ids shape=(16,), range=33..10488, coefficients shape=(16, 2), sample_weights shape=(16,), zero_neighbor_targets=0
GRAB train batch 23: pair_ids shape=(16,), range=1..10256, coefficients shape=(16, 2), sample_weights shape=(16,), zero_neighbor_targets=0
GRAB train batch 24: pair_ids shape=(16,), range=27..10365, coefficients shape=(16, 2), sample_weights shape=(16,), zero_neighbor_targets=0
GRAB train batch 25: pair_ids shape=(16,), range=9..7106, coefficients shape=(16, 2), sample_weights shape=(16,), zero_neighbor_targets=0
GRAB train batch 26: pair_ids shape=(16,), range=3..10435, coefficients shape=(16, 2), sample_weights shape=(16,), zero_neighbor_targets=0
GRAB train batch 27: pair_ids shape=(16,), range=42..10733, coefficients shape=(16, 2), sample_weights shape=(16,), zero_neighbor_targets=0
GRAB train batch 28: pair_ids shape=(16,), range=60..10899, coefficients shape=(16, 2), sample_weights shape=(16,), zero_neighbor_targets=0
GRAB train batch 29: pair_ids shape=(16,), range=5..9619, coefficients shape=(16, 2), sample_weights shape=(16,), zero_neighbor_targets=0
GRAB train batch 30: pair_ids shape=(16,), range=11..5496, coefficients shape=(16, 2), sample_weights shape=(16,), zero_neighbor_targets=0
GRAB train batch 31: pair_ids shape=(16,), range=0..10352, coefficients shape=(16, 2), sample_weights shape=(16,), zero_neighbor_targets=0
GRAB train batch 32: pair_ids shape=(16,), range=218..9915, coefficients shape=(16, 2), sample_weights shape=(16,), zero_neighbor_targets=0
GRAB train batch 33: pair_ids shape=(16,), range=13..10007, coefficients shape=(16, 2), sample_weights shape=(16,), zero_neighbor_targets=0
GRAB train batch 34: pair_ids shape=(16,), range=72..7578, coefficients shape=(16, 2), sample_weights shape=(16,), zero_neighbor_targets=0
GRAB train batch 35: pair_ids shape=(16,), range=24..9889, coefficients shape=(16, 2), sample_weights shape=(16,), zero_neighbor_targets=0
GRAB train batch 36: pair_ids shape=(16,), range=301..10161, coefficients shape=(16, 2), sample_weights shape=(16,), zero_neighbor_targets=0
GRAB train batch 37: pair_ids shape=(16,), range=112..10567, coefficients shape=(16, 2), sample_weights shape=(16,), zero_neighbor_targets=0
GRAB train batch 38: pair_ids shape=(16,), range=30..10557, coefficients shape=(16, 2), sample_weights shape=(16,), zero_neighbor_targets=0
GRAB train batch 39: pair_ids shape=(16,), range=111..7902, coefficients shape=(16, 2), sample_weights shape=(16,), zero_neighbor_targets=0
GRAB train batch 40: pair_ids shape=(16,), range=41..9324, coefficients shape=(16, 2), sample_weights shape=(16,), zero_neighbor_targets=0
GRAB train batch 41: pair_ids shape=(16,), range=20..10472, coefficients shape=(16, 2), sample_weights shape=(16,), zero_neighbor_targets=0
GRAB train batch 42: pair_ids shape=(16,), range=52..9828, coefficients shape=(16, 2), sample_weights shape=(16,), zero_neighbor_targets=0
GRAB train batch 43: pair_ids shape=(16,), range=61..9396, coefficients shape=(16, 2), sample_weights shape=(16,), zero_neighbor_targets=0
GRAB train batch 44: pair_ids shape=(16,), range=70..8933, coefficients shape=(16, 2), sample_weights shape=(16,), zero_neighbor_targets=0
GRAB train batch 45: pair_ids shape=(16,), range=138..10665, coefficients shape=(16, 2), sample_weights shape=(16,), zero_neighbor_targets=0
GRAB train batch 46: pair_ids shape=(16,), range=6..10064, coefficients shape=(16, 2), sample_weights shape=(16,), zero_neighbor_targets=0
GRAB train batch 47: pair_ids shape=(16,), range=185..10520, coefficients shape=(16, 2), sample_weights shape=(16,), zero_neighbor_targets=0
GRAB train batch 48: pair_ids shape=(16,), range=151..10935, coefficients shape=(16, 2), sample_weights shape=(16,), zero_neighbor_targets=0
GRAB train batch 49: pair_ids shape=(16,), range=221..10956, coefficients shape=(16, 2), sample_weights shape=(16,), zero_neighbor_targets=0
GRAB train batch 50: pair_ids shape=(16,), range=26..10859, coefficients shape=(16, 2), sample_weights shape=(16,), zero_neighbor_targets=0
GRAB train batch 51: pair_ids shape=(16,), range=36..10258, coefficients shape=(16, 2), sample_weights shape=(16,), zero_neighbor_targets=0
GRAB train batch 52: pair_ids shape=(16,), range=21..9548, coefficients shape=(16, 2), sample_weights shape=(16,), zero_neighbor_targets=0
GRAB train batch 53: pair_ids shape=(16,), range=35..7911, coefficients shape=(16, 2), sample_weights shape=(16,), zero_neighbor_targets=0
GRAB train batch 54: pair_ids shape=(16,), range=99..9968, coefficients shape=(16, 2), sample_weights shape=(16,), zero_neighbor_targets=0
GRAB train batch 55: pair_ids shape=(16,), range=154..3614, coefficients shape=(16, 2), sample_weights shape=(16,), zero_neighbor_targets=0
GRAB train batch 56: pair_ids shape=(16,), range=56..1618, coefficients shape=(16, 2), sample_weights shape=(16,), zero_neighbor_targets=0
GRAB train batch 57: pair_ids shape=(16,), range=4..10609, coefficients shape=(16, 2), sample_weights shape=(16,), zero_neighbor_targets=0
GRAB train batch 58: pair_ids shape=(16,), range=53..9211, coefficients shape=(16, 2), sample_weights shape=(16,), zero_neighbor_targets=0
GRAB train batch 59: pair_ids shape=(16,), range=12..9922, coefficients shape=(16, 2), sample_weights shape=(16,), zero_neighbor_targets=0
GRAB train batch 60: pair_ids shape=(16,), range=169..10738, coefficients shape=(16, 2), sample_weights shape=(16,), zero_neighbor_targets=0
GRAB train batch 61: pair_ids shape=(16,), range=71..7517, coefficients shape=(16, 2), sample_weights shape=(16,), zero_neighbor_targets=0
GRAB train batch 62: pair_ids shape=(16,), range=2..4957, coefficients shape=(16, 2), sample_weights shape=(16,), zero_neighbor_targets=0
GRAB train batch 63: pair_ids shape=(16,), range=18..5596, coefficients shape=(16, 2), sample_weights shape=(16,), zero_neighbor_targets=0
GRAB train batch 64: pair_ids shape=(16,), range=37..10030, coefficients shape=(16, 2), sample_weights shape=(16,), zero_neighbor_targets=0
GRAB train batch 65: pair_ids shape=(16,), range=17..9110, coefficients shape=(16, 2), sample_weights shape=(16,), zero_neighbor_targets=0
GRAB train batch 66: pair_ids shape=(16,), range=16..9957, coefficients shape=(16, 2), sample_weights shape=(16,), zero_neighbor_targets=0
GRAB train batch 67: pair_ids shape=(16,), range=48..5141, coefficients shape=(16, 2), sample_weights shape=(16,), zero_neighbor_targets=0
GRAB train batch 68: pair_ids shape=(10,), range=122..10655, coefficients shape=(10, 2), sample_weights shape=(10,), zero_neighbor_targets=0
VALIDATION
valid epoch balanced_accuracy: 0.501386
EPOCH 67:
GRAB train batch 1: pair_ids shape=(16,), range=9..5420, coefficients shape=(16, 2), sample_weights shape=(16,), zero_neighbor_targets=0
GRAB train batch 2: pair_ids shape=(16,), range=144..10373, coefficients shape=(16, 2), sample_weights shape=(16,), zero_neighbor_targets=0
GRAB train batch 3: pair_ids shape=(16,), range=14..9211, coefficients shape=(16, 2), sample_weights shape=(16,), zero_neighbor_targets=0
GRAB train batch 4: pair_ids shape=(16,), range=165..9531, coefficients shape=(16, 2), sample_weights shape=(16,), zero_neighbor_targets=0
GRAB train batch 5: pair_ids shape=(16,), range=4..5034, coefficients shape=(16, 2), sample_weights shape=(16,), zero_neighbor_targets=0
GRAB train batch 6: pair_ids shape=(16,), range=25..10336, coefficients shape=(16, 2), sample_weights shape=(16,), zero_neighbor_targets=0
GRAB train batch 7: pair_ids shape=(16,), range=65..10609, coefficients shape=(16, 2), sample_weights shape=(16,), zero_neighbor_targets=0
GRAB train batch 8: pair_ids shape=(16,), range=18..9396, coefficients shape=(16, 2), sample_weights shape=(16,), zero_neighbor_targets=0
GRAB train batch 9: pair_ids shape=(16,), range=260..10093, coefficients shape=(16, 2), sample_weights shape=(16,), zero_neighbor_targets=0
GRAB train batch 10: pair_ids shape=(16,), range=37..9828, coefficients shape=(16, 2), sample_weights shape=(16,), zero_neighbor_targets=0
GRAB train batch 11: pair_ids shape=(16,), range=228..8795, coefficients shape=(16, 2), sample_weights shape=(16,), zero_neighbor_targets=0
GRAB train batch 12: pair_ids shape=(16,), range=423..9619, coefficients shape=(16, 2), sample_weights shape=(16,), zero_neighbor_targets=0
GRAB train batch 13: pair_ids shape=(16,), range=60..7106, coefficients shape=(16, 2), sample_weights shape=(16,), zero_neighbor_targets=0
GRAB train batch 14: pair_ids shape=(16,), range=0..10859, coefficients shape=(16, 2), sample_weights shape=(16,), zero_neighbor_targets=0
GRAB train batch 15: pair_ids shape=(16,), range=113..9671, coefficients shape=(16, 2), sample_weights shape=(16,), zero_neighbor_targets=0
GRAB train batch 16: pair_ids shape=(16,), range=26..10619, coefficients shape=(16, 2), sample_weights shape=(16,), zero_neighbor_targets=0
GRAB train batch 17: pair_ids shape=(16,), range=12..9968, coefficients shape=(16, 2), sample_weights shape=(16,), zero_neighbor_targets=0
GRAB train batch 18: pair_ids shape=(16,), range=97..10046, coefficients shape=(16, 2), sample_weights shape=(16,), zero_neighbor_targets=0
GRAB train batch 19: pair_ids shape=(16,), range=159..8002, coefficients shape=(16, 2), sample_weights shape=(16,), zero_neighbor_targets=0
GRAB train batch 20: pair_ids shape=(16,), range=72..10899, coefficients shape=(16, 2), sample_weights shape=(16,), zero_neighbor_targets=0
GRAB train batch 21: pair_ids shape=(16,), range=124..10733, coefficients shape=(16, 2), sample_weights shape=(16,), zero_neighbor_targets=0
GRAB train batch 22: pair_ids shape=(16,), range=311..10472, coefficients shape=(16, 2), sample_weights shape=(16,), zero_neighbor_targets=0
GRAB train batch 23: pair_ids shape=(16,), range=30..10735, coefficients shape=(16, 2), sample_weights shape=(16,), zero_neighbor_targets=0
GRAB train batch 24: pair_ids shape=(16,), range=48..9587, coefficients shape=(16, 2), sample_weights shape=(16,), zero_neighbor_targets=0
GRAB train batch 25: pair_ids shape=(16,), range=258..10404, coefficients shape=(16, 2), sample_weights shape=(16,), zero_neighbor_targets=0
GRAB train batch 26: pair_ids shape=(16,), range=22..5421, coefficients shape=(16, 2), sample_weights shape=(16,), zero_neighbor_targets=0
GRAB train batch 27: pair_ids shape=(16,), range=23..10007, coefficients shape=(16, 2), sample_weights shape=(16,), zero_neighbor_targets=0
GRAB train batch 28: pair_ids shape=(16,), range=56..10738, coefficients shape=(16, 2), sample_weights shape=(16,), zero_neighbor_targets=0
GRAB train batch 29: pair_ids shape=(16,), range=256..9110, coefficients shape=(16, 2), sample_weights shape=(16,), zero_neighbor_targets=0
GRAB train batch 30: pair_ids shape=(16,), range=36..10308, coefficients shape=(16, 2), sample_weights shape=(16,), zero_neighbor_targets=0
GRAB train batch 31: pair_ids shape=(16,), range=270..4372, coefficients shape=(16, 2), sample_weights shape=(16,), zero_neighbor_targets=0
GRAB train batch 32: pair_ids shape=(16,), range=106..10018, coefficients shape=(16, 2), sample_weights shape=(16,), zero_neighbor_targets=0
GRAB train batch 33: pair_ids shape=(16,), range=99..7578, coefficients shape=(16, 2), sample_weights shape=(16,), zero_neighbor_targets=0
GRAB train batch 34: pair_ids shape=(16,), range=51..10925, coefficients shape=(16, 2), sample_weights shape=(16,), zero_neighbor_targets=0
GRAB train batch 35: pair_ids shape=(16,), range=116..9957, coefficients shape=(16, 2), sample_weights shape=(16,), zero_neighbor_targets=0
GRAB train batch 36: pair_ids shape=(16,), range=118..7873, coefficients shape=(16, 2), sample_weights shape=(16,), zero_neighbor_targets=0
GRAB train batch 37: pair_ids shape=(16,), range=20..10956, coefficients shape=(16, 2), sample_weights shape=(16,), zero_neighbor_targets=0
GRAB train batch 38: pair_ids shape=(16,), range=31..10665, coefficients shape=(16, 2), sample_weights shape=(16,), zero_neighbor_targets=0
GRAB train batch 39: pair_ids shape=(16,), range=1..9922, coefficients shape=(16, 2), sample_weights shape=(16,), zero_neighbor_targets=0
GRAB train batch 40: pair_ids shape=(16,), range=57..4955, coefficients shape=(16, 2), sample_weights shape=(16,), zero_neighbor_targets=0
GRAB train batch 41: pair_ids shape=(16,), range=11..5351, coefficients shape=(16, 2), sample_weights shape=(16,), zero_neighbor_targets=0
GRAB train batch 42: pair_ids shape=(16,), range=114..10918, coefficients shape=(16, 2), sample_weights shape=(16,), zero_neighbor_targets=0
GRAB train batch 43: pair_ids shape=(16,), range=183..7108, coefficients shape=(16, 2), sample_weights shape=(16,), zero_neighbor_targets=0
GRAB train batch 44: pair_ids shape=(16,), range=10..9072, coefficients shape=(16, 2), sample_weights shape=(16,), zero_neighbor_targets=0
GRAB train batch 45: pair_ids shape=(16,), range=340..10862, coefficients shape=(16, 2), sample_weights shape=(16,), zero_neighbor_targets=0
GRAB train batch 46: pair_ids shape=(16,), range=5..10655, coefficients shape=(16, 2), sample_weights shape=(16,), zero_neighbor_targets=0
GRAB train batch 47: pair_ids shape=(16,), range=8..10004, coefficients shape=(16, 2), sample_weights shape=(16,), zero_neighbor_targets=0
GRAB train batch 48: pair_ids shape=(16,), range=61..9128, coefficients shape=(16, 2), sample_weights shape=(16,), zero_neighbor_targets=0
GRAB train batch 49: pair_ids shape=(16,), range=32..10567, coefficients shape=(16, 2), sample_weights shape=(16,), zero_neighbor_targets=0
GRAB train batch 50: pair_ids shape=(16,), range=13..4657, coefficients shape=(16, 2), sample_weights shape=(16,), zero_neighbor_targets=0
GRAB train batch 51: pair_ids shape=(16,), range=21..10557, coefficients shape=(16, 2), sample_weights shape=(16,), zero_neighbor_targets=0
GRAB train batch 52: pair_ids shape=(16,), range=49..5447, coefficients shape=(16, 2), sample_weights shape=(16,), zero_neighbor_targets=0
GRAB train batch 53: pair_ids shape=(16,), range=109..9883, coefficients shape=(16, 2), sample_weights shape=(16,), zero_neighbor_targets=0
GRAB train batch 54: pair_ids shape=(16,), range=40..10599, coefficients shape=(16, 2), sample_weights shape=(16,), zero_neighbor_targets=0
GRAB train batch 55: pair_ids shape=(16,), range=27..7598, coefficients shape=(16, 2), sample_weights shape=(16,), zero_neighbor_targets=0
GRAB train batch 56: pair_ids shape=(16,), range=2..10064, coefficients shape=(16, 2), sample_weights shape=(16,), zero_neighbor_targets=0
GRAB train batch 57: pair_ids shape=(16,), range=52..10274, coefficients shape=(16, 2), sample_weights shape=(16,), zero_neighbor_targets=0
GRAB train batch 58: pair_ids shape=(16,), range=169..10935, coefficients shape=(16, 2), sample_weights shape=(16,), zero_neighbor_targets=0
GRAB train batch 59: pair_ids shape=(16,), range=43..10488, coefficients shape=(16, 2), sample_weights shape=(16,), zero_neighbor_targets=0
GRAB train batch 60: pair_ids shape=(16,), range=6..7582, coefficients shape=(16, 2), sample_weights shape=(16,), zero_neighbor_targets=0
GRAB train batch 61: pair_ids shape=(16,), range=3..10867, coefficients shape=(16, 2), sample_weights shape=(16,), zero_neighbor_targets=0
GRAB train batch 62: pair_ids shape=(16,), range=46..7941, coefficients shape=(16, 2), sample_weights shape=(16,), zero_neighbor_targets=0
GRAB train batch 63: pair_ids shape=(16,), range=34..10611, coefficients shape=(16, 2), sample_weights shape=(16,), zero_neighbor_targets=0
GRAB train batch 64: pair_ids shape=(16,), range=127..7942, coefficients shape=(16, 2), sample_weights shape=(16,), zero_neighbor_targets=0
GRAB train batch 65: pair_ids shape=(16,), range=132..10435, coefficients shape=(16, 2), sample_weights shape=(16,), zero_neighbor_targets=0
GRAB train batch 66: pair_ids shape=(16,), range=28..10520, coefficients shape=(16, 2), sample_weights shape=(16,), zero_neighbor_targets=0
GRAB train batch 67: pair_ids shape=(16,), range=29..10161, coefficients shape=(16, 2), sample_weights shape=(16,), zero_neighbor_targets=0
GRAB train batch 68: pair_ids shape=(10,), range=168..8079, coefficients shape=(10, 2), sample_weights shape=(10,), zero_neighbor_targets=0
VALIDATION
valid epoch balanced_accuracy: 0.486419
EPOCH 68:
GRAB train batch 1: pair_ids shape=(16,), range=47..9171, coefficients shape=(16, 2), sample_weights shape=(16,), zero_neighbor_targets=0
GRAB train batch 2: pair_ids shape=(16,), range=32..8810, coefficients shape=(16, 2), sample_weights shape=(16,), zero_neighbor_targets=0
GRAB train batch 3: pair_ids shape=(16,), range=6..8790, coefficients shape=(16, 2), sample_weights shape=(16,), zero_neighbor_targets=0
GRAB train batch 4: pair_ids shape=(16,), range=16..9828, coefficients shape=(16, 2), sample_weights shape=(16,), zero_neighbor_targets=0
GRAB train batch 5: pair_ids shape=(16,), range=68..10738, coefficients shape=(16, 2), sample_weights shape=(16,), zero_neighbor_targets=0
GRAB train batch 6: pair_ids shape=(16,), range=30..9398, coefficients shape=(16, 2), sample_weights shape=(16,), zero_neighbor_targets=0
GRAB train batch 7: pair_ids shape=(16,), range=9..10046, coefficients shape=(16, 2), sample_weights shape=(16,), zero_neighbor_targets=0
GRAB train batch 8: pair_ids shape=(16,), range=34..10365, coefficients shape=(16, 2), sample_weights shape=(16,), zero_neighbor_targets=0
GRAB train batch 9: pair_ids shape=(16,), range=72..10256, coefficients shape=(16, 2), sample_weights shape=(16,), zero_neighbor_targets=0
GRAB train batch 10: pair_ids shape=(16,), range=146..10918, coefficients shape=(16, 2), sample_weights shape=(16,), zero_neighbor_targets=0
GRAB train batch 11: pair_ids shape=(16,), range=24..10258, coefficients shape=(16, 2), sample_weights shape=(16,), zero_neighbor_targets=0
GRAB train batch 12: pair_ids shape=(16,), range=57..10859, coefficients shape=(16, 2), sample_weights shape=(16,), zero_neighbor_targets=0
GRAB train batch 13: pair_ids shape=(16,), range=219..10684, coefficients shape=(16, 2), sample_weights shape=(16,), zero_neighbor_targets=0
GRAB train batch 14: pair_ids shape=(16,), range=5..10498, coefficients shape=(16, 2), sample_weights shape=(16,), zero_neighbor_targets=0
GRAB train batch 15: pair_ids shape=(16,), range=269..9754, coefficients shape=(16, 2), sample_weights shape=(16,), zero_neighbor_targets=0
GRAB train batch 16: pair_ids shape=(16,), range=13..10092, coefficients shape=(16, 2), sample_weights shape=(16,), zero_neighbor_targets=0
GRAB train batch 17: pair_ids shape=(16,), range=142..8012, coefficients shape=(16, 2), sample_weights shape=(16,), zero_neighbor_targets=0
GRAB train batch 18: pair_ids shape=(16,), range=189..10352, coefficients shape=(16, 2), sample_weights shape=(16,), zero_neighbor_targets=0
GRAB train batch 19: pair_ids shape=(16,), range=21..10404, coefficients shape=(16, 2), sample_weights shape=(16,), zero_neighbor_targets=0
GRAB train batch 20: pair_ids shape=(16,), range=44..10862, coefficients shape=(16, 2), sample_weights shape=(16,), zero_neighbor_targets=0
GRAB train batch 21: pair_ids shape=(16,), range=235..10956, coefficients shape=(16, 2), sample_weights shape=(16,), zero_neighbor_targets=0
GRAB train batch 22: pair_ids shape=(16,), range=67..10733, coefficients shape=(16, 2), sample_weights shape=(16,), zero_neighbor_targets=0
GRAB train batch 23: pair_ids shape=(16,), range=0..10655, coefficients shape=(16, 2), sample_weights shape=(16,), zero_neighbor_targets=0
GRAB train batch 24: pair_ids shape=(16,), range=154..10716, coefficients shape=(16, 2), sample_weights shape=(16,), zero_neighbor_targets=0
GRAB train batch 25: pair_ids shape=(16,), range=27..5241, coefficients shape=(16, 2), sample_weights shape=(16,), zero_neighbor_targets=0
GRAB train batch 26: pair_ids shape=(16,), range=28..9624, coefficients shape=(16, 2), sample_weights shape=(16,), zero_neighbor_targets=0
GRAB train batch 27: pair_ids shape=(16,), range=55..9548, coefficients shape=(16, 2), sample_weights shape=(16,), zero_neighbor_targets=0
GRAB train batch 28: pair_ids shape=(16,), range=4..3327, coefficients shape=(16, 2), sample_weights shape=(16,), zero_neighbor_targets=0
GRAB train batch 29: pair_ids shape=(16,), range=317..7855, coefficients shape=(16, 2), sample_weights shape=(16,), zero_neighbor_targets=0
GRAB train batch 30: pair_ids shape=(16,), range=8..9128, coefficients shape=(16, 2), sample_weights shape=(16,), zero_neighbor_targets=0
GRAB train batch 31: pair_ids shape=(16,), range=31..9949, coefficients shape=(16, 2), sample_weights shape=(16,), zero_neighbor_targets=0
GRAB train batch 32: pair_ids shape=(16,), range=156..9211, coefficients shape=(16, 2), sample_weights shape=(16,), zero_neighbor_targets=0
GRAB train batch 33: pair_ids shape=(16,), range=19..4619, coefficients shape=(16, 2), sample_weights shape=(16,), zero_neighbor_targets=0
GRAB train batch 34: pair_ids shape=(16,), range=59..10222, coefficients shape=(16, 2), sample_weights shape=(16,), zero_neighbor_targets=0
GRAB train batch 35: pair_ids shape=(16,), range=18..10472, coefficients shape=(16, 2), sample_weights shape=(16,), zero_neighbor_targets=0
GRAB train batch 36: pair_ids shape=(16,), range=153..9968, coefficients shape=(16, 2), sample_weights shape=(16,), zero_neighbor_targets=0
GRAB train batch 37: pair_ids shape=(16,), range=221..7027, coefficients shape=(16, 2), sample_weights shape=(16,), zero_neighbor_targets=0
GRAB train batch 38: pair_ids shape=(16,), range=104..9652, coefficients shape=(16, 2), sample_weights shape=(16,), zero_neighbor_targets=0
GRAB train batch 39: pair_ids shape=(16,), range=12..10899, coefficients shape=(16, 2), sample_weights shape=(16,), zero_neighbor_targets=0
GRAB train batch 40: pair_ids shape=(16,), range=105..9904, coefficients shape=(16, 2), sample_weights shape=(16,), zero_neighbor_targets=0
GRAB train batch 41: pair_ids shape=(16,), range=20..9648, coefficients shape=(16, 2), sample_weights shape=(16,), zero_neighbor_targets=0
GRAB train batch 42: pair_ids shape=(16,), range=112..7481, coefficients shape=(16, 2), sample_weights shape=(16,), zero_neighbor_targets=0
GRAB train batch 43: pair_ids shape=(16,), range=11..10488, coefficients shape=(16, 2), sample_weights shape=(16,), zero_neighbor_targets=0
GRAB train batch 44: pair_ids shape=(16,), range=169..7106, coefficients shape=(16, 2), sample_weights shape=(16,), zero_neighbor_targets=0
GRAB train batch 45: pair_ids shape=(16,), range=51..10373, coefficients shape=(16, 2), sample_weights shape=(16,), zero_neighbor_targets=0
GRAB train batch 46: pair_ids shape=(16,), range=1..9889, coefficients shape=(16, 2), sample_weights shape=(16,), zero_neighbor_targets=0
GRAB train batch 47: pair_ids shape=(16,), range=56..9587, coefficients shape=(16, 2), sample_weights shape=(16,), zero_neighbor_targets=0
GRAB train batch 48: pair_ids shape=(16,), range=280..10599, coefficients shape=(16, 2), sample_weights shape=(16,), zero_neighbor_targets=0
GRAB train batch 49: pair_ids shape=(16,), range=323..5462, coefficients shape=(16, 2), sample_weights shape=(16,), zero_neighbor_targets=0
GRAB train batch 50: pair_ids shape=(16,), range=14..10609, coefficients shape=(16, 2), sample_weights shape=(16,), zero_neighbor_targets=0
GRAB train batch 51: pair_ids shape=(16,), range=15..10228, coefficients shape=(16, 2), sample_weights shape=(16,), zero_neighbor_targets=0
GRAB train batch 52: pair_ids shape=(16,), range=115..9153, coefficients shape=(16, 2), sample_weights shape=(16,), zero_neighbor_targets=0
GRAB train batch 53: pair_ids shape=(16,), range=17..7002, coefficients shape=(16, 2), sample_weights shape=(16,), zero_neighbor_targets=0
GRAB train batch 54: pair_ids shape=(16,), range=73..10530, coefficients shape=(16, 2), sample_weights shape=(16,), zero_neighbor_targets=0
GRAB train batch 55: pair_ids shape=(16,), range=40..5643, coefficients shape=(16, 2), sample_weights shape=(16,), zero_neighbor_targets=0
GRAB train batch 56: pair_ids shape=(16,), range=50..10925, coefficients shape=(16, 2), sample_weights shape=(16,), zero_neighbor_targets=0
GRAB train batch 57: pair_ids shape=(16,), range=36..10935, coefficients shape=(16, 2), sample_weights shape=(16,), zero_neighbor_targets=0
GRAB train batch 58: pair_ids shape=(16,), range=23..10090, coefficients shape=(16, 2), sample_weights shape=(16,), zero_neighbor_targets=0
GRAB train batch 59: pair_ids shape=(16,), range=134..10141, coefficients shape=(16, 2), sample_weights shape=(16,), zero_neighbor_targets=0
GRAB train batch 60: pair_ids shape=(16,), range=240..10030, coefficients shape=(16, 2), sample_weights shape=(16,), zero_neighbor_targets=0
GRAB train batch 61: pair_ids shape=(16,), range=113..5205, coefficients shape=(16, 2), sample_weights shape=(16,), zero_neighbor_targets=0
GRAB train batch 62: pair_ids shape=(16,), range=3..9255, coefficients shape=(16, 2), sample_weights shape=(16,), zero_neighbor_targets=0
GRAB train batch 63: pair_ids shape=(16,), range=70..10064, coefficients shape=(16, 2), sample_weights shape=(16,), zero_neighbor_targets=0
GRAB train batch 64: pair_ids shape=(16,), range=45..10867, coefficients shape=(16, 2), sample_weights shape=(16,), zero_neighbor_targets=0
GRAB train batch 65: pair_ids shape=(16,), range=140..9619, coefficients shape=(16, 2), sample_weights shape=(16,), zero_neighbor_targets=0
GRAB train batch 66: pair_ids shape=(16,), range=2..10520, coefficients shape=(16, 2), sample_weights shape=(16,), zero_neighbor_targets=0
GRAB train batch 67: pair_ids shape=(16,), range=176..9808, coefficients shape=(16, 2), sample_weights shape=(16,), zero_neighbor_targets=0
GRAB train batch 68: pair_ids shape=(10,), range=98..10567, coefficients shape=(10, 2), sample_weights shape=(10,), zero_neighbor_targets=0
VALIDATION
valid epoch balanced_accuracy: 0.490022
EPOCH 69:
GRAB train batch 1: pair_ids shape=(16,), range=60..4775, coefficients shape=(16, 2), sample_weights shape=(16,), zero_neighbor_targets=0
GRAB train batch 2: pair_ids shape=(16,), range=68..4871, coefficients shape=(16, 2), sample_weights shape=(16,), zero_neighbor_targets=0
GRAB train batch 3: pair_ids shape=(16,), range=11..10609, coefficients shape=(16, 2), sample_weights shape=(16,), zero_neighbor_targets=0
GRAB train batch 4: pair_ids shape=(16,), range=53..10222, coefficients shape=(16, 2), sample_weights shape=(16,), zero_neighbor_targets=0
GRAB train batch 5: pair_ids shape=(16,), range=15..10030, coefficients shape=(16, 2), sample_weights shape=(16,), zero_neighbor_targets=0
GRAB train batch 6: pair_ids shape=(16,), range=156..10018, coefficients shape=(16, 2), sample_weights shape=(16,), zero_neighbor_targets=0
GRAB train batch 7: pair_ids shape=(16,), range=104..9477, coefficients shape=(16, 2), sample_weights shape=(16,), zero_neighbor_targets=0
GRAB train batch 8: pair_ids shape=(16,), range=71..5601, coefficients shape=(16, 2), sample_weights shape=(16,), zero_neighbor_targets=0
GRAB train batch 9: pair_ids shape=(16,), range=39..10867, coefficients shape=(16, 2), sample_weights shape=(16,), zero_neighbor_targets=0
GRAB train batch 10: pair_ids shape=(16,), range=51..6943, coefficients shape=(16, 2), sample_weights shape=(16,), zero_neighbor_targets=0
GRAB train batch 11: pair_ids shape=(16,), range=107..9785, coefficients shape=(16, 2), sample_weights shape=(16,), zero_neighbor_targets=0
GRAB train batch 12: pair_ids shape=(16,), range=28..10007, coefficients shape=(16, 2), sample_weights shape=(16,), zero_neighbor_targets=0
GRAB train batch 13: pair_ids shape=(16,), range=3..10599, coefficients shape=(16, 2), sample_weights shape=(16,), zero_neighbor_targets=0
GRAB train batch 14: pair_ids shape=(16,), range=155..10141, coefficients shape=(16, 2), sample_weights shape=(16,), zero_neighbor_targets=0
GRAB train batch 15: pair_ids shape=(16,), range=141..10435, coefficients shape=(16, 2), sample_weights shape=(16,), zero_neighbor_targets=0
GRAB train batch 16: pair_ids shape=(16,), range=23..9922, coefficients shape=(16, 2), sample_weights shape=(16,), zero_neighbor_targets=0
GRAB train batch 17: pair_ids shape=(16,), range=44..10935, coefficients shape=(16, 2), sample_weights shape=(16,), zero_neighbor_targets=0
GRAB train batch 18: pair_ids shape=(16,), range=144..4751, coefficients shape=(16, 2), sample_weights shape=(16,), zero_neighbor_targets=0
GRAB train batch 19: pair_ids shape=(16,), range=43..9828, coefficients shape=(16, 2), sample_weights shape=(16,), zero_neighbor_targets=0
GRAB train batch 20: pair_ids shape=(16,), range=18..9208, coefficients shape=(16, 2), sample_weights shape=(16,), zero_neighbor_targets=0
GRAB train batch 21: pair_ids shape=(16,), range=131..5596, coefficients shape=(16, 2), sample_weights shape=(16,), zero_neighbor_targets=0
GRAB train batch 22: pair_ids shape=(16,), range=110..9573, coefficients shape=(16, 2), sample_weights shape=(16,), zero_neighbor_targets=0
GRAB train batch 23: pair_ids shape=(16,), range=9..4957, coefficients shape=(16, 2), sample_weights shape=(16,), zero_neighbor_targets=0
GRAB train batch 24: pair_ids shape=(16,), range=138..10557, coefficients shape=(16, 2), sample_weights shape=(16,), zero_neighbor_targets=0
GRAB train batch 25: pair_ids shape=(16,), range=16..10256, coefficients shape=(16, 2), sample_weights shape=(16,), zero_neighbor_targets=0
GRAB train batch 26: pair_ids shape=(16,), range=25..6920, coefficients shape=(16, 2), sample_weights shape=(16,), zero_neighbor_targets=0
GRAB train batch 27: pair_ids shape=(16,), range=73..10611, coefficients shape=(16, 2), sample_weights shape=(16,), zero_neighbor_targets=0
GRAB train batch 28: pair_ids shape=(16,), range=2..9327, coefficients shape=(16, 2), sample_weights shape=(16,), zero_neighbor_targets=0
GRAB train batch 29: pair_ids shape=(16,), range=22..7598, coefficients shape=(16, 2), sample_weights shape=(16,), zero_neighbor_targets=0
GRAB train batch 30: pair_ids shape=(16,), range=5..10308, coefficients shape=(16, 2), sample_weights shape=(16,), zero_neighbor_targets=0
GRAB train batch 31: pair_ids shape=(16,), range=97..10064, coefficients shape=(16, 2), sample_weights shape=(16,), zero_neighbor_targets=0
GRAB train batch 32: pair_ids shape=(16,), range=31..7941, coefficients shape=(16, 2), sample_weights shape=(16,), zero_neighbor_targets=0
GRAB train batch 33: pair_ids shape=(16,), range=67..10925, coefficients shape=(16, 2), sample_weights shape=(16,), zero_neighbor_targets=0
GRAB train batch 34: pair_ids shape=(16,), range=7..2235, coefficients shape=(16, 2), sample_weights shape=(16,), zero_neighbor_targets=0
GRAB train batch 35: pair_ids shape=(16,), range=149..10530, coefficients shape=(16, 2), sample_weights shape=(16,), zero_neighbor_targets=0
GRAB train batch 36: pair_ids shape=(16,), range=124..10738, coefficients shape=(16, 2), sample_weights shape=(16,), zero_neighbor_targets=0
GRAB train batch 37: pair_ids shape=(16,), range=167..7095, coefficients shape=(16, 2), sample_weights shape=(16,), zero_neighbor_targets=0
GRAB train batch 38: pair_ids shape=(16,), range=6..10684, coefficients shape=(16, 2), sample_weights shape=(16,), zero_neighbor_targets=0
GRAB train batch 39: pair_ids shape=(16,), range=27..10899, coefficients shape=(16, 2), sample_weights shape=(16,), zero_neighbor_targets=0
GRAB train batch 40: pair_ids shape=(16,), range=12..10733, coefficients shape=(16, 2), sample_weights shape=(16,), zero_neighbor_targets=0
GRAB train batch 41: pair_ids shape=(16,), range=187..10956, coefficients shape=(16, 2), sample_weights shape=(16,), zero_neighbor_targets=0
GRAB train batch 42: pair_ids shape=(16,), range=52..10619, coefficients shape=(16, 2), sample_weights shape=(16,), zero_neighbor_targets=0
GRAB train batch 43: pair_ids shape=(16,), range=311..9968, coefficients shape=(16, 2), sample_weights shape=(16,), zero_neighbor_targets=0
GRAB train batch 44: pair_ids shape=(16,), range=33..8045, coefficients shape=(16, 2), sample_weights shape=(16,), zero_neighbor_targets=0
GRAB train batch 45: pair_ids shape=(16,), range=54..9548, coefficients shape=(16, 2), sample_weights shape=(16,), zero_neighbor_targets=0
GRAB train batch 46: pair_ids shape=(16,), range=166..10161, coefficients shape=(16, 2), sample_weights shape=(16,), zero_neighbor_targets=0
GRAB train batch 47: pair_ids shape=(16,), range=109..10735, coefficients shape=(16, 2), sample_weights shape=(16,), zero_neighbor_targets=0
GRAB train batch 48: pair_ids shape=(16,), range=19..9398, coefficients shape=(16, 2), sample_weights shape=(16,), zero_neighbor_targets=0
GRAB train batch 49: pair_ids shape=(16,), range=8..10046, coefficients shape=(16, 2), sample_weights shape=(16,), zero_neighbor_targets=0
GRAB train batch 50: pair_ids shape=(16,), range=143..10093, coefficients shape=(16, 2), sample_weights shape=(16,), zero_neighbor_targets=0
GRAB train batch 51: pair_ids shape=(16,), range=21..10567, coefficients shape=(16, 2), sample_weights shape=(16,), zero_neighbor_targets=0
GRAB train batch 52: pair_ids shape=(16,), range=10..5496, coefficients shape=(16, 2), sample_weights shape=(16,), zero_neighbor_targets=0
GRAB train batch 53: pair_ids shape=(16,), range=96..10336, coefficients shape=(16, 2), sample_weights shape=(16,), zero_neighbor_targets=0
GRAB train batch 54: pair_ids shape=(16,), range=221..7536, coefficients shape=(16, 2), sample_weights shape=(16,), zero_neighbor_targets=0
GRAB train batch 55: pair_ids shape=(16,), range=20..9541, coefficients shape=(16, 2), sample_weights shape=(16,), zero_neighbor_targets=0
GRAB train batch 56: pair_ids shape=(16,), range=1..4391, coefficients shape=(16, 2), sample_weights shape=(16,), zero_neighbor_targets=0
GRAB train batch 57: pair_ids shape=(16,), range=108..10716, coefficients shape=(16, 2), sample_weights shape=(16,), zero_neighbor_targets=0
GRAB train batch 58: pair_ids shape=(16,), range=125..10373, coefficients shape=(16, 2), sample_weights shape=(16,), zero_neighbor_targets=0
GRAB train batch 59: pair_ids shape=(16,), range=72..10015, coefficients shape=(16, 2), sample_weights shape=(16,), zero_neighbor_targets=0
GRAB train batch 60: pair_ids shape=(16,), range=105..10090, coefficients shape=(16, 2), sample_weights shape=(16,), zero_neighbor_targets=0
GRAB train batch 61: pair_ids shape=(16,), range=30..10404, coefficients shape=(16, 2), sample_weights shape=(16,), zero_neighbor_targets=0
GRAB train batch 62: pair_ids shape=(16,), range=0..10365, coefficients shape=(16, 2), sample_weights shape=(16,), zero_neighbor_targets=0
GRAB train batch 63: pair_ids shape=(16,), range=64..10918, coefficients shape=(16, 2), sample_weights shape=(16,), zero_neighbor_targets=0
GRAB train batch 64: pair_ids shape=(16,), range=69..7549, coefficients shape=(16, 2), sample_weights shape=(16,), zero_neighbor_targets=0
GRAB train batch 65: pair_ids shape=(16,), range=217..10859, coefficients shape=(16, 2), sample_weights shape=(16,), zero_neighbor_targets=0
GRAB train batch 66: pair_ids shape=(16,), range=61..10862, coefficients shape=(16, 2), sample_weights shape=(16,), zero_neighbor_targets=0
GRAB train batch 67: pair_ids shape=(16,), range=13..7873, coefficients shape=(16, 2), sample_weights shape=(16,), zero_neighbor_targets=0
GRAB train batch 68: pair_ids shape=(10,), range=148..5050, coefficients shape=(10, 2), sample_weights shape=(10,), zero_neighbor_targets=0
VALIDATION
valid epoch balanced_accuracy: 0.422672
EPOCH 70:
GRAB train batch 1: pair_ids shape=(16,), range=12..7895, coefficients shape=(16, 2), sample_weights shape=(16,), zero_neighbor_targets=0
GRAB train batch 2: pair_ids shape=(16,), range=26..10557, coefficients shape=(16, 2), sample_weights shape=(16,), zero_neighbor_targets=0
GRAB train batch 3: pair_ids shape=(16,), range=17..1207, coefficients shape=(16, 2), sample_weights shape=(16,), zero_neighbor_targets=0
GRAB train batch 4: pair_ids shape=(16,), range=112..5208, coefficients shape=(16, 2), sample_weights shape=(16,), zero_neighbor_targets=0
GRAB train batch 5: pair_ids shape=(16,), range=55..10488, coefficients shape=(16, 2), sample_weights shape=(16,), zero_neighbor_targets=0
GRAB train batch 6: pair_ids shape=(16,), range=62..10141, coefficients shape=(16, 2), sample_weights shape=(16,), zero_neighbor_targets=0
GRAB train batch 7: pair_ids shape=(16,), range=23..10899, coefficients shape=(16, 2), sample_weights shape=(16,), zero_neighbor_targets=0
GRAB train batch 8: pair_ids shape=(16,), range=72..9005, coefficients shape=(16, 2), sample_weights shape=(16,), zero_neighbor_targets=0
GRAB train batch 9: pair_ids shape=(16,), range=219..5496, coefficients shape=(16, 2), sample_weights shape=(16,), zero_neighbor_targets=0
GRAB train batch 10: pair_ids shape=(16,), range=185..7536, coefficients shape=(16, 2), sample_weights shape=(16,), zero_neighbor_targets=0
GRAB train batch 11: pair_ids shape=(16,), range=120..10735, coefficients shape=(16, 2), sample_weights shape=(16,), zero_neighbor_targets=0
GRAB train batch 12: pair_ids shape=(16,), range=186..8790, coefficients shape=(16, 2), sample_weights shape=(16,), zero_neighbor_targets=0
GRAB train batch 13: pair_ids shape=(16,), range=221..9962, coefficients shape=(16, 2), sample_weights shape=(16,), zero_neighbor_targets=0
GRAB train batch 14: pair_ids shape=(16,), range=44..9904, coefficients shape=(16, 2), sample_weights shape=(16,), zero_neighbor_targets=0
GRAB train batch 15: pair_ids shape=(16,), range=28..10684, coefficients shape=(16, 2), sample_weights shape=(16,), zero_neighbor_targets=0
GRAB train batch 16: pair_ids shape=(16,), range=267..9652, coefficients shape=(16, 2), sample_weights shape=(16,), zero_neighbor_targets=0
GRAB train batch 17: pair_ids shape=(16,), range=160..10665, coefficients shape=(16, 2), sample_weights shape=(16,), zero_neighbor_targets=0
GRAB train batch 18: pair_ids shape=(16,), range=136..10935, coefficients shape=(16, 2), sample_weights shape=(16,), zero_neighbor_targets=0
GRAB train batch 19: pair_ids shape=(16,), range=37..10352, coefficients shape=(16, 2), sample_weights shape=(16,), zero_neighbor_targets=0
GRAB train batch 20: pair_ids shape=(16,), range=30..10046, coefficients shape=(16, 2), sample_weights shape=(16,), zero_neighbor_targets=0
GRAB train batch 21: pair_ids shape=(16,), range=65..10520, coefficients shape=(16, 2), sample_weights shape=(16,), zero_neighbor_targets=0
GRAB train batch 22: pair_ids shape=(16,), range=164..10599, coefficients shape=(16, 2), sample_weights shape=(16,), zero_neighbor_targets=0
GRAB train batch 23: pair_ids shape=(16,), range=145..9398, coefficients shape=(16, 2), sample_weights shape=(16,), zero_neighbor_targets=0
GRAB train batch 24: pair_ids shape=(16,), range=16..9785, coefficients shape=(16, 2), sample_weights shape=(16,), zero_neighbor_targets=0
GRAB train batch 25: pair_ids shape=(16,), range=63..10004, coefficients shape=(16, 2), sample_weights shape=(16,), zero_neighbor_targets=0
GRAB train batch 26: pair_ids shape=(16,), range=18..10956, coefficients shape=(16, 2), sample_weights shape=(16,), zero_neighbor_targets=0
GRAB train batch 27: pair_ids shape=(16,), range=126..7919, coefficients shape=(16, 2), sample_weights shape=(16,), zero_neighbor_targets=0
GRAB train batch 28: pair_ids shape=(16,), range=14..10567, coefficients shape=(16, 2), sample_weights shape=(16,), zero_neighbor_targets=0
GRAB train batch 29: pair_ids shape=(16,), range=32..10274, coefficients shape=(16, 2), sample_weights shape=(16,), zero_neighbor_targets=0
GRAB train batch 30: pair_ids shape=(16,), range=22..9171, coefficients shape=(16, 2), sample_weights shape=(16,), zero_neighbor_targets=0
GRAB train batch 31: pair_ids shape=(16,), range=224..9396, coefficients shape=(16, 2), sample_weights shape=(16,), zero_neighbor_targets=0
GRAB train batch 32: pair_ids shape=(16,), range=10..8060, coefficients shape=(16, 2), sample_weights shape=(16,), zero_neighbor_targets=0
GRAB train batch 33: pair_ids shape=(16,), range=46..10336, coefficients shape=(16, 2), sample_weights shape=(16,), zero_neighbor_targets=0
GRAB train batch 34: pair_ids shape=(16,), range=20..10738, coefficients shape=(16, 2), sample_weights shape=(16,), zero_neighbor_targets=0
GRAB train batch 35: pair_ids shape=(16,), range=56..9883, coefficients shape=(16, 2), sample_weights shape=(16,), zero_neighbor_targets=0
GRAB train batch 36: pair_ids shape=(16,), range=9..10862, coefficients shape=(16, 2), sample_weights shape=(16,), zero_neighbor_targets=0
GRAB train batch 37: pair_ids shape=(16,), range=159..9889, coefficients shape=(16, 2), sample_weights shape=(16,), zero_neighbor_targets=0
GRAB train batch 38: pair_ids shape=(16,), range=8..9477, coefficients shape=(16, 2), sample_weights shape=(16,), zero_neighbor_targets=0
GRAB train batch 39: pair_ids shape=(16,), range=0..10373, coefficients shape=(16, 2), sample_weights shape=(16,), zero_neighbor_targets=0
GRAB train batch 40: pair_ids shape=(16,), range=117..9828, coefficients shape=(16, 2), sample_weights shape=(16,), zero_neighbor_targets=0
GRAB train batch 41: pair_ids shape=(16,), range=19..10365, coefficients shape=(16, 2), sample_weights shape=(16,), zero_neighbor_targets=0
GRAB train batch 42: pair_ids shape=(16,), range=43..10256, coefficients shape=(16, 2), sample_weights shape=(16,), zero_neighbor_targets=0
GRAB train batch 43: pair_ids shape=(16,), range=29..9922, coefficients shape=(16, 2), sample_weights shape=(16,), zero_neighbor_targets=0
GRAB train batch 44: pair_ids shape=(16,), range=340..10228, coefficients shape=(16, 2), sample_weights shape=(16,), zero_neighbor_targets=0
GRAB train batch 45: pair_ids shape=(16,), range=50..10918, coefficients shape=(16, 2), sample_weights shape=(16,), zero_neighbor_targets=0
GRAB train batch 46: pair_ids shape=(16,), range=2..10530, coefficients shape=(16, 2), sample_weights shape=(16,), zero_neighbor_targets=0
GRAB train batch 47: pair_ids shape=(16,), range=4..4871, coefficients shape=(16, 2), sample_weights shape=(16,), zero_neighbor_targets=0
GRAB train batch 48: pair_ids shape=(16,), range=57..10716, coefficients shape=(16, 2), sample_weights shape=(16,), zero_neighbor_targets=0
GRAB train batch 49: pair_ids shape=(16,), range=73..7941, coefficients shape=(16, 2), sample_weights shape=(16,), zero_neighbor_targets=0
GRAB train batch 50: pair_ids shape=(16,), range=5..9957, coefficients shape=(16, 2), sample_weights shape=(16,), zero_neighbor_targets=0
GRAB train batch 51: pair_ids shape=(16,), range=157..10655, coefficients shape=(16, 2), sample_weights shape=(16,), zero_neighbor_targets=0
GRAB train batch 52: pair_ids shape=(16,), range=45..9054, coefficients shape=(16, 2), sample_weights shape=(16,), zero_neighbor_targets=0
GRAB train batch 53: pair_ids shape=(16,), range=114..10007, coefficients shape=(16, 2), sample_weights shape=(16,), zero_neighbor_targets=0
GRAB train batch 54: pair_ids shape=(16,), range=6..3136, coefficients shape=(16, 2), sample_weights shape=(16,), zero_neighbor_targets=0
GRAB train batch 55: pair_ids shape=(16,), range=34..8028, coefficients shape=(16, 2), sample_weights shape=(16,), zero_neighbor_targets=0
GRAB train batch 56: pair_ids shape=(16,), range=218..10609, coefficients shape=(16, 2), sample_weights shape=(16,), zero_neighbor_targets=0
GRAB train batch 57: pair_ids shape=(16,), range=7..10867, coefficients shape=(16, 2), sample_weights shape=(16,), zero_neighbor_targets=0
GRAB train batch 58: pair_ids shape=(16,), range=67..7532, coefficients shape=(16, 2), sample_weights shape=(16,), zero_neighbor_targets=0
GRAB train batch 59: pair_ids shape=(16,), range=38..10925, coefficients shape=(16, 2), sample_weights shape=(16,), zero_neighbor_targets=0
GRAB train batch 60: pair_ids shape=(16,), range=98..10611, coefficients shape=(16, 2), sample_weights shape=(16,), zero_neighbor_targets=0
GRAB train batch 61: pair_ids shape=(16,), range=3..10498, coefficients shape=(16, 2), sample_weights shape=(16,), zero_neighbor_targets=0
GRAB train batch 62: pair_ids shape=(16,), range=1..8002, coefficients shape=(16, 2), sample_weights shape=(16,), zero_neighbor_targets=0
GRAB train batch 63: pair_ids shape=(16,), range=36..10018, coefficients shape=(16, 2), sample_weights shape=(16,), zero_neighbor_targets=0
GRAB train batch 64: pair_ids shape=(16,), range=21..10064, coefficients shape=(16, 2), sample_weights shape=(16,), zero_neighbor_targets=0
GRAB train batch 65: pair_ids shape=(16,), range=40..4304, coefficients shape=(16, 2), sample_weights shape=(16,), zero_neighbor_targets=0
GRAB train batch 66: pair_ids shape=(16,), range=54..10161, coefficients shape=(16, 2), sample_weights shape=(16,), zero_neighbor_targets=0
GRAB train batch 67: pair_ids shape=(16,), range=41..5309, coefficients shape=(16, 2), sample_weights shape=(16,), zero_neighbor_targets=0
GRAB train batch 68: pair_ids shape=(10,), range=116..8810, coefficients shape=(10, 2), sample_weights shape=(10,), zero_neighbor_targets=0
VALIDATION
valid epoch balanced_accuracy: 0.475055
EPOCH 71:
GRAB train batch 1: pair_ids shape=(16,), range=45..10352, coefficients shape=(16, 2), sample_weights shape=(16,), zero_neighbor_targets=0
GRAB train batch 2: pair_ids shape=(16,), range=22..10498, coefficients shape=(16, 2), sample_weights shape=(16,), zero_neighbor_targets=0
GRAB train batch 3: pair_ids shape=(16,), range=117..9211, coefficients shape=(16, 2), sample_weights shape=(16,), zero_neighbor_targets=0
GRAB train batch 4: pair_ids shape=(16,), range=18..9808, coefficients shape=(16, 2), sample_weights shape=(16,), zero_neighbor_targets=0
GRAB train batch 5: pair_ids shape=(16,), range=71..10665, coefficients shape=(16, 2), sample_weights shape=(16,), zero_neighbor_targets=0
GRAB train batch 6: pair_ids shape=(16,), range=25..9671, coefficients shape=(16, 2), sample_weights shape=(16,), zero_neighbor_targets=0
GRAB train batch 7: pair_ids shape=(16,), range=189..5391, coefficients shape=(16, 2), sample_weights shape=(16,), zero_neighbor_targets=0
GRAB train batch 8: pair_ids shape=(16,), range=127..9054, coefficients shape=(16, 2), sample_weights shape=(16,), zero_neighbor_targets=0
GRAB train batch 9: pair_ids shape=(16,), range=9..5507, coefficients shape=(16, 2), sample_weights shape=(16,), zero_neighbor_targets=0
GRAB train batch 10: pair_ids shape=(16,), range=51..8088, coefficients shape=(16, 2), sample_weights shape=(16,), zero_neighbor_targets=0
GRAB train batch 11: pair_ids shape=(16,), range=11..10373, coefficients shape=(16, 2), sample_weights shape=(16,), zero_neighbor_targets=0
GRAB train batch 12: pair_ids shape=(16,), range=48..10404, coefficients shape=(16, 2), sample_weights shape=(16,), zero_neighbor_targets=0
GRAB train batch 13: pair_ids shape=(16,), range=146..5589, coefficients shape=(16, 2), sample_weights shape=(16,), zero_neighbor_targets=0
GRAB train batch 14: pair_ids shape=(16,), range=24..10862, coefficients shape=(16, 2), sample_weights shape=(16,), zero_neighbor_targets=0
GRAB train batch 15: pair_ids shape=(16,), range=0..10530, coefficients shape=(16, 2), sample_weights shape=(16,), zero_neighbor_targets=0
GRAB train batch 16: pair_ids shape=(16,), range=32..8795, coefficients shape=(16, 2), sample_weights shape=(16,), zero_neighbor_targets=0
GRAB train batch 17: pair_ids shape=(16,), range=4..9949, coefficients shape=(16, 2), sample_weights shape=(16,), zero_neighbor_targets=0
GRAB train batch 18: pair_ids shape=(16,), range=185..9358, coefficients shape=(16, 2), sample_weights shape=(16,), zero_neighbor_targets=0
GRAB train batch 19: pair_ids shape=(16,), range=23..10738, coefficients shape=(16, 2), sample_weights shape=(16,), zero_neighbor_targets=0
GRAB train batch 20: pair_ids shape=(16,), range=57..10064, coefficients shape=(16, 2), sample_weights shape=(16,), zero_neighbor_targets=0
GRAB train batch 21: pair_ids shape=(16,), range=73..9477, coefficients shape=(16, 2), sample_weights shape=(16,), zero_neighbor_targets=0
GRAB train batch 22: pair_ids shape=(16,), range=118..9904, coefficients shape=(16, 2), sample_weights shape=(16,), zero_neighbor_targets=0
GRAB train batch 23: pair_ids shape=(16,), range=37..10258, coefficients shape=(16, 2), sample_weights shape=(16,), zero_neighbor_targets=0
GRAB train batch 24: pair_ids shape=(16,), range=13..9624, coefficients shape=(16, 2), sample_weights shape=(16,), zero_neighbor_targets=0
GRAB train batch 25: pair_ids shape=(16,), range=17..9648, coefficients shape=(16, 2), sample_weights shape=(16,), zero_neighbor_targets=0
GRAB train batch 26: pair_ids shape=(16,), range=29..10735, coefficients shape=(16, 2), sample_weights shape=(16,), zero_neighbor_targets=0
GRAB train batch 27: pair_ids shape=(16,), range=270..10365, coefficients shape=(16, 2), sample_weights shape=(16,), zero_neighbor_targets=0
GRAB train batch 28: pair_ids shape=(16,), range=41..9331, coefficients shape=(16, 2), sample_weights shape=(16,), zero_neighbor_targets=0
GRAB train batch 29: pair_ids shape=(16,), range=140..10716, coefficients shape=(16, 2), sample_weights shape=(16,), zero_neighbor_targets=0
GRAB train batch 30: pair_ids shape=(16,), range=135..10609, coefficients shape=(16, 2), sample_weights shape=(16,), zero_neighbor_targets=0
GRAB train batch 31: pair_ids shape=(16,), range=39..10228, coefficients shape=(16, 2), sample_weights shape=(16,), zero_neighbor_targets=0
GRAB train batch 32: pair_ids shape=(16,), range=70..10867, coefficients shape=(16, 2), sample_weights shape=(16,), zero_neighbor_targets=0
GRAB train batch 33: pair_ids shape=(16,), range=5..9883, coefficients shape=(16, 2), sample_weights shape=(16,), zero_neighbor_targets=0
GRAB train batch 34: pair_ids shape=(16,), range=7..7924, coefficients shape=(16, 2), sample_weights shape=(16,), zero_neighbor_targets=0
GRAB train batch 35: pair_ids shape=(16,), range=182..10684, coefficients shape=(16, 2), sample_weights shape=(16,), zero_neighbor_targets=0
GRAB train batch 36: pair_ids shape=(16,), range=373..9531, coefficients shape=(16, 2), sample_weights shape=(16,), zero_neighbor_targets=0
GRAB train batch 37: pair_ids shape=(16,), range=156..10435, coefficients shape=(16, 2), sample_weights shape=(16,), zero_neighbor_targets=0
GRAB train batch 38: pair_ids shape=(16,), range=30..9560, coefficients shape=(16, 2), sample_weights shape=(16,), zero_neighbor_targets=0
GRAB train batch 39: pair_ids shape=(16,), range=110..10655, coefficients shape=(16, 2), sample_weights shape=(16,), zero_neighbor_targets=0
GRAB train batch 40: pair_ids shape=(16,), range=188..10599, coefficients shape=(16, 2), sample_weights shape=(16,), zero_neighbor_targets=0
GRAB train batch 41: pair_ids shape=(16,), range=44..10925, coefficients shape=(16, 2), sample_weights shape=(16,), zero_neighbor_targets=0
GRAB train batch 42: pair_ids shape=(16,), range=1..4869, coefficients shape=(16, 2), sample_weights shape=(16,), zero_neighbor_targets=0
GRAB train batch 43: pair_ids shape=(16,), range=20..10274, coefficients shape=(16, 2), sample_weights shape=(16,), zero_neighbor_targets=0
GRAB train batch 44: pair_ids shape=(16,), range=121..7919, coefficients shape=(16, 2), sample_weights shape=(16,), zero_neighbor_targets=0
GRAB train batch 45: pair_ids shape=(16,), range=2..8045, coefficients shape=(16, 2), sample_weights shape=(16,), zero_neighbor_targets=0
GRAB train batch 46: pair_ids shape=(16,), range=31..10222, coefficients shape=(16, 2), sample_weights shape=(16,), zero_neighbor_targets=0
GRAB train batch 47: pair_ids shape=(16,), range=34..10004, coefficients shape=(16, 2), sample_weights shape=(16,), zero_neighbor_targets=0
GRAB train batch 48: pair_ids shape=(16,), range=3..5208, coefficients shape=(16, 2), sample_weights shape=(16,), zero_neighbor_targets=0
GRAB train batch 49: pair_ids shape=(16,), range=28..9548, coefficients shape=(16, 2), sample_weights shape=(16,), zero_neighbor_targets=0
GRAB train batch 50: pair_ids shape=(16,), range=62..5448, coefficients shape=(16, 2), sample_weights shape=(16,), zero_neighbor_targets=0
GRAB train batch 51: pair_ids shape=(16,), range=14..7902, coefficients shape=(16, 2), sample_weights shape=(16,), zero_neighbor_targets=0
GRAB train batch 52: pair_ids shape=(16,), range=38..10161, coefficients shape=(16, 2), sample_weights shape=(16,), zero_neighbor_targets=0
GRAB train batch 53: pair_ids shape=(16,), range=54..10935, coefficients shape=(16, 2), sample_weights shape=(16,), zero_neighbor_targets=0
GRAB train batch 54: pair_ids shape=(16,), range=130..9922, coefficients shape=(16, 2), sample_weights shape=(16,), zero_neighbor_targets=0
GRAB train batch 55: pair_ids shape=(16,), range=43..7106, coefficients shape=(16, 2), sample_weights shape=(16,), zero_neighbor_targets=0
GRAB train batch 56: pair_ids shape=(16,), range=99..10488, coefficients shape=(16, 2), sample_weights shape=(16,), zero_neighbor_targets=0
GRAB train batch 57: pair_ids shape=(16,), range=6..10733, coefficients shape=(16, 2), sample_weights shape=(16,), zero_neighbor_targets=0
GRAB train batch 58: pair_ids shape=(16,), range=8..5403, coefficients shape=(16, 2), sample_weights shape=(16,), zero_neighbor_targets=0
GRAB train batch 59: pair_ids shape=(16,), range=171..9962, coefficients shape=(16, 2), sample_weights shape=(16,), zero_neighbor_targets=0
GRAB train batch 60: pair_ids shape=(16,), range=114..10956, coefficients shape=(16, 2), sample_weights shape=(16,), zero_neighbor_targets=0
GRAB train batch 61: pair_ids shape=(16,), range=16..10859, coefficients shape=(16, 2), sample_weights shape=(16,), zero_neighbor_targets=0
GRAB train batch 62: pair_ids shape=(16,), range=64..10899, coefficients shape=(16, 2), sample_weights shape=(16,), zero_neighbor_targets=0
GRAB train batch 63: pair_ids shape=(16,), range=120..6920, coefficients shape=(16, 2), sample_weights shape=(16,), zero_neighbor_targets=0
GRAB train batch 64: pair_ids shape=(16,), range=113..9968, coefficients shape=(16, 2), sample_weights shape=(16,), zero_neighbor_targets=0
GRAB train batch 65: pair_ids shape=(16,), range=21..10918, coefficients shape=(16, 2), sample_weights shape=(16,), zero_neighbor_targets=0
GRAB train batch 66: pair_ids shape=(16,), range=276..10520, coefficients shape=(16, 2), sample_weights shape=(16,), zero_neighbor_targets=0
GRAB train batch 67: pair_ids shape=(16,), range=260..10030, coefficients shape=(16, 2), sample_weights shape=(16,), zero_neighbor_targets=0
GRAB train batch 68: pair_ids shape=(10,), range=116..10557, coefficients shape=(10, 2), sample_weights shape=(10,), zero_neighbor_targets=0
VALIDATION
valid epoch balanced_accuracy: 0.472561
EPOCH 72:
GRAB train batch 1: pair_ids shape=(16,), range=51..9548, coefficients shape=(16, 2), sample_weights shape=(16,), zero_neighbor_targets=0
GRAB train batch 2: pair_ids shape=(16,), range=34..9915, coefficients shape=(16, 2), sample_weights shape=(16,), zero_neighbor_targets=0
GRAB train batch 3: pair_ids shape=(16,), range=25..10228, coefficients shape=(16, 2), sample_weights shape=(16,), zero_neighbor_targets=0
GRAB train batch 4: pair_ids shape=(16,), range=52..10064, coefficients shape=(16, 2), sample_weights shape=(16,), zero_neighbor_targets=0
GRAB train batch 5: pair_ids shape=(16,), range=11..7685, coefficients shape=(16, 2), sample_weights shape=(16,), zero_neighbor_targets=0
GRAB train batch 6: pair_ids shape=(16,), range=38..10274, coefficients shape=(16, 2), sample_weights shape=(16,), zero_neighbor_targets=0
GRAB train batch 7: pair_ids shape=(16,), range=10..10258, coefficients shape=(16, 2), sample_weights shape=(16,), zero_neighbor_targets=0
GRAB train batch 8: pair_ids shape=(16,), range=32..5391, coefficients shape=(16, 2), sample_weights shape=(16,), zero_neighbor_targets=0
GRAB train batch 9: pair_ids shape=(16,), range=146..10599, coefficients shape=(16, 2), sample_weights shape=(16,), zero_neighbor_targets=0
GRAB train batch 10: pair_ids shape=(16,), range=138..9560, coefficients shape=(16, 2), sample_weights shape=(16,), zero_neighbor_targets=0
GRAB train batch 11: pair_ids shape=(16,), range=242..9889, coefficients shape=(16, 2), sample_weights shape=(16,), zero_neighbor_targets=0
GRAB train batch 12: pair_ids shape=(16,), range=107..5354, coefficients shape=(16, 2), sample_weights shape=(16,), zero_neighbor_targets=0
GRAB train batch 13: pair_ids shape=(16,), range=16..5601, coefficients shape=(16, 2), sample_weights shape=(16,), zero_neighbor_targets=0
GRAB train batch 14: pair_ids shape=(16,), range=17..10093, coefficients shape=(16, 2), sample_weights shape=(16,), zero_neighbor_targets=0
GRAB train batch 15: pair_ids shape=(16,), range=46..9619, coefficients shape=(16, 2), sample_weights shape=(16,), zero_neighbor_targets=0
GRAB train batch 16: pair_ids shape=(16,), range=165..10935, coefficients shape=(16, 2), sample_weights shape=(16,), zero_neighbor_targets=0
GRAB train batch 17: pair_ids shape=(16,), range=30..9477, coefficients shape=(16, 2), sample_weights shape=(16,), zero_neighbor_targets=0
GRAB train batch 18: pair_ids shape=(16,), range=71..10352, coefficients shape=(16, 2), sample_weights shape=(16,), zero_neighbor_targets=0
GRAB train batch 19: pair_ids shape=(16,), range=116..8810, coefficients shape=(16, 2), sample_weights shape=(16,), zero_neighbor_targets=0
GRAB train batch 20: pair_ids shape=(16,), range=2..9396, coefficients shape=(16, 2), sample_weights shape=(16,), zero_neighbor_targets=0
GRAB train batch 21: pair_ids shape=(16,), range=49..9128, coefficients shape=(16, 2), sample_weights shape=(16,), zero_neighbor_targets=0
GRAB train batch 22: pair_ids shape=(16,), range=65..9652, coefficients shape=(16, 2), sample_weights shape=(16,), zero_neighbor_targets=0
GRAB train batch 23: pair_ids shape=(16,), range=3..10046, coefficients shape=(16, 2), sample_weights shape=(16,), zero_neighbor_targets=0
GRAB train batch 24: pair_ids shape=(16,), range=29..10918, coefficients shape=(16, 2), sample_weights shape=(16,), zero_neighbor_targets=0
GRAB train batch 25: pair_ids shape=(16,), range=31..10655, coefficients shape=(16, 2), sample_weights shape=(16,), zero_neighbor_targets=0
GRAB train batch 26: pair_ids shape=(16,), range=19..3210, coefficients shape=(16, 2), sample_weights shape=(16,), zero_neighbor_targets=0
GRAB train batch 27: pair_ids shape=(16,), range=112..10956, coefficients shape=(16, 2), sample_weights shape=(16,), zero_neighbor_targets=0
GRAB train batch 28: pair_ids shape=(16,), range=9..10684, coefficients shape=(16, 2), sample_weights shape=(16,), zero_neighbor_targets=0
GRAB train batch 29: pair_ids shape=(16,), range=26..9208, coefficients shape=(16, 2), sample_weights shape=(16,), zero_neighbor_targets=0
GRAB train batch 30: pair_ids shape=(16,), range=4..8933, coefficients shape=(16, 2), sample_weights shape=(16,), zero_neighbor_targets=0
GRAB train batch 31: pair_ids shape=(16,), range=5..10007, coefficients shape=(16, 2), sample_weights shape=(16,), zero_neighbor_targets=0
GRAB train batch 32: pair_ids shape=(16,), range=0..8079, coefficients shape=(16, 2), sample_weights shape=(16,), zero_neighbor_targets=0
GRAB train batch 33: pair_ids shape=(16,), range=60..9624, coefficients shape=(16, 2), sample_weights shape=(16,), zero_neighbor_targets=0
GRAB train batch 34: pair_ids shape=(16,), range=27..10308, coefficients shape=(16, 2), sample_weights shape=(16,), zero_neighbor_targets=0
GRAB train batch 35: pair_ids shape=(16,), range=23..4871, coefficients shape=(16, 2), sample_weights shape=(16,), zero_neighbor_targets=0
GRAB train batch 36: pair_ids shape=(16,), range=48..9255, coefficients shape=(16, 2), sample_weights shape=(16,), zero_neighbor_targets=0
GRAB train batch 37: pair_ids shape=(16,), range=339..10222, coefficients shape=(16, 2), sample_weights shape=(16,), zero_neighbor_targets=0
GRAB train batch 38: pair_ids shape=(16,), range=6..7873, coefficients shape=(16, 2), sample_weights shape=(16,), zero_neighbor_targets=0
GRAB train batch 39: pair_ids shape=(16,), range=8..10530, coefficients shape=(16, 2), sample_weights shape=(16,), zero_neighbor_targets=0
GRAB train batch 40: pair_ids shape=(16,), range=101..10619, coefficients shape=(16, 2), sample_weights shape=(16,), zero_neighbor_targets=0
GRAB train batch 41: pair_ids shape=(16,), range=67..8790, coefficients shape=(16, 2), sample_weights shape=(16,), zero_neighbor_targets=0
GRAB train batch 42: pair_ids shape=(16,), range=12..9398, coefficients shape=(16, 2), sample_weights shape=(16,), zero_neighbor_targets=0
GRAB train batch 43: pair_ids shape=(16,), range=175..6867, coefficients shape=(16, 2), sample_weights shape=(16,), zero_neighbor_targets=0
GRAB train batch 44: pair_ids shape=(16,), range=70..10716, coefficients shape=(16, 2), sample_weights shape=(16,), zero_neighbor_targets=0
GRAB train batch 45: pair_ids shape=(16,), range=44..4820, coefficients shape=(16, 2), sample_weights shape=(16,), zero_neighbor_targets=0
GRAB train batch 46: pair_ids shape=(16,), range=57..10899, coefficients shape=(16, 2), sample_weights shape=(16,), zero_neighbor_targets=0
GRAB train batch 47: pair_ids shape=(16,), range=170..10161, coefficients shape=(16, 2), sample_weights shape=(16,), zero_neighbor_targets=0
GRAB train batch 48: pair_ids shape=(16,), range=100..10609, coefficients shape=(16, 2), sample_weights shape=(16,), zero_neighbor_targets=0
GRAB train batch 49: pair_ids shape=(16,), range=54..7720, coefficients shape=(16, 2), sample_weights shape=(16,), zero_neighbor_targets=0
GRAB train batch 50: pair_ids shape=(16,), range=22..9848, coefficients shape=(16, 2), sample_weights shape=(16,), zero_neighbor_targets=0
GRAB train batch 51: pair_ids shape=(16,), range=133..10520, coefficients shape=(16, 2), sample_weights shape=(16,), zero_neighbor_targets=0
GRAB train batch 52: pair_ids shape=(16,), range=24..9670, coefficients shape=(16, 2), sample_weights shape=(16,), zero_neighbor_targets=0
GRAB train batch 53: pair_ids shape=(16,), range=55..9671, coefficients shape=(16, 2), sample_weights shape=(16,), zero_neighbor_targets=0
GRAB train batch 54: pair_ids shape=(16,), range=237..8012, coefficients shape=(16, 2), sample_weights shape=(16,), zero_neighbor_targets=0
GRAB train batch 55: pair_ids shape=(16,), range=258..7166, coefficients shape=(16, 2), sample_weights shape=(16,), zero_neighbor_targets=0
GRAB train batch 56: pair_ids shape=(16,), range=39..5421, coefficients shape=(16, 2), sample_weights shape=(16,), zero_neighbor_targets=0
GRAB train batch 57: pair_ids shape=(16,), range=36..10738, coefficients shape=(16, 2), sample_weights shape=(16,), zero_neighbor_targets=0
GRAB train batch 58: pair_ids shape=(16,), range=33..10867, coefficients shape=(16, 2), sample_weights shape=(16,), zero_neighbor_targets=0
GRAB train batch 59: pair_ids shape=(16,), range=7..10004, coefficients shape=(16, 2), sample_weights shape=(16,), zero_neighbor_targets=0
GRAB train batch 60: pair_ids shape=(16,), range=114..10859, coefficients shape=(16, 2), sample_weights shape=(16,), zero_neighbor_targets=0
GRAB train batch 61: pair_ids shape=(16,), range=15..7481, coefficients shape=(16, 2), sample_weights shape=(16,), zero_neighbor_targets=0
GRAB train batch 62: pair_ids shape=(16,), range=20..9077, coefficients shape=(16, 2), sample_weights shape=(16,), zero_neighbor_targets=0
GRAB train batch 63: pair_ids shape=(16,), range=164..10488, coefficients shape=(16, 2), sample_weights shape=(16,), zero_neighbor_targets=0
GRAB train batch 64: pair_ids shape=(16,), range=1..9949, coefficients shape=(16, 2), sample_weights shape=(16,), zero_neighbor_targets=0
GRAB train batch 65: pair_ids shape=(16,), range=106..9962, coefficients shape=(16, 2), sample_weights shape=(16,), zero_neighbor_targets=0
GRAB train batch 66: pair_ids shape=(16,), range=56..10862, coefficients shape=(16, 2), sample_weights shape=(16,), zero_neighbor_targets=0
GRAB train batch 67: pair_ids shape=(16,), range=18..10925, coefficients shape=(16, 2), sample_weights shape=(16,), zero_neighbor_targets=0
GRAB train batch 68: pair_ids shape=(10,), range=111..9922, coefficients shape=(10, 2), sample_weights shape=(10,), zero_neighbor_targets=0
VALIDATION
valid epoch balanced_accuracy: 0.451497
EPOCH 73:
GRAB train batch 1: pair_ids shape=(16,), range=11..10373, coefficients shape=(16, 2), sample_weights shape=(16,), zero_neighbor_targets=0
GRAB train batch 2: pair_ids shape=(16,), range=13..9915, coefficients shape=(16, 2), sample_weights shape=(16,), zero_neighbor_targets=0
GRAB train batch 3: pair_ids shape=(16,), range=31..10733, coefficients shape=(16, 2), sample_weights shape=(16,), zero_neighbor_targets=0
GRAB train batch 4: pair_ids shape=(16,), range=230..10619, coefficients shape=(16, 2), sample_weights shape=(16,), zero_neighbor_targets=0
GRAB train batch 5: pair_ids shape=(16,), range=32..9358, coefficients shape=(16, 2), sample_weights shape=(16,), zero_neighbor_targets=0
GRAB train batch 6: pair_ids shape=(16,), range=5..8075, coefficients shape=(16, 2), sample_weights shape=(16,), zero_neighbor_targets=0
GRAB train batch 7: pair_ids shape=(16,), range=41..10899, coefficients shape=(16, 2), sample_weights shape=(16,), zero_neighbor_targets=0
GRAB train batch 8: pair_ids shape=(16,), range=15..8045, coefficients shape=(16, 2), sample_weights shape=(16,), zero_neighbor_targets=0
GRAB train batch 9: pair_ids shape=(16,), range=163..10935, coefficients shape=(16, 2), sample_weights shape=(16,), zero_neighbor_targets=0
GRAB train batch 10: pair_ids shape=(16,), range=21..10599, coefficients shape=(16, 2), sample_weights shape=(16,), zero_neighbor_targets=0
GRAB train batch 11: pair_ids shape=(16,), range=3..10716, coefficients shape=(16, 2), sample_weights shape=(16,), zero_neighbor_targets=0
GRAB train batch 12: pair_ids shape=(16,), range=61..9670, coefficients shape=(16, 2), sample_weights shape=(16,), zero_neighbor_targets=0
GRAB train batch 13: pair_ids shape=(16,), range=4..8060, coefficients shape=(16, 2), sample_weights shape=(16,), zero_neighbor_targets=0
GRAB train batch 14: pair_ids shape=(16,), range=217..9968, coefficients shape=(16, 2), sample_weights shape=(16,), zero_neighbor_targets=0
GRAB train batch 15: pair_ids shape=(16,), range=8..9208, coefficients shape=(16, 2), sample_weights shape=(16,), zero_neighbor_targets=0
GRAB train batch 16: pair_ids shape=(16,), range=0..7911, coefficients shape=(16, 2), sample_weights shape=(16,), zero_neighbor_targets=0
GRAB train batch 17: pair_ids shape=(16,), range=2..8028, coefficients shape=(16, 2), sample_weights shape=(16,), zero_neighbor_targets=0
GRAB train batch 18: pair_ids shape=(16,), range=34..10092, coefficients shape=(16, 2), sample_weights shape=(16,), zero_neighbor_targets=0
GRAB train batch 19: pair_ids shape=(16,), range=110..9444, coefficients shape=(16, 2), sample_weights shape=(16,), zero_neighbor_targets=0
GRAB train batch 20: pair_ids shape=(16,), range=144..10222, coefficients shape=(16, 2), sample_weights shape=(16,), zero_neighbor_targets=0
GRAB train batch 21: pair_ids shape=(16,), range=122..10018, coefficients shape=(16, 2), sample_weights shape=(16,), zero_neighbor_targets=0
GRAB train batch 22: pair_ids shape=(16,), range=7..10557, coefficients shape=(16, 2), sample_weights shape=(16,), zero_neighbor_targets=0
GRAB train batch 23: pair_ids shape=(16,), range=67..7919, coefficients shape=(16, 2), sample_weights shape=(16,), zero_neighbor_targets=0
GRAB train batch 24: pair_ids shape=(16,), range=10..10352, coefficients shape=(16, 2), sample_weights shape=(16,), zero_neighbor_targets=0
GRAB train batch 25: pair_ids shape=(16,), range=105..10015, coefficients shape=(16, 2), sample_weights shape=(16,), zero_neighbor_targets=0
GRAB train batch 26: pair_ids shape=(16,), range=29..10918, coefficients shape=(16, 2), sample_weights shape=(16,), zero_neighbor_targets=0
GRAB train batch 27: pair_ids shape=(16,), range=26..10735, coefficients shape=(16, 2), sample_weights shape=(16,), zero_neighbor_targets=0
GRAB train batch 28: pair_ids shape=(16,), range=1..9949, coefficients shape=(16, 2), sample_weights shape=(16,), zero_neighbor_targets=0
GRAB train batch 29: pair_ids shape=(16,), range=159..10093, coefficients shape=(16, 2), sample_weights shape=(16,), zero_neighbor_targets=0
GRAB train batch 30: pair_ids shape=(16,), range=9..10336, coefficients shape=(16, 2), sample_weights shape=(16,), zero_neighbor_targets=0
GRAB train batch 31: pair_ids shape=(16,), range=23..9236, coefficients shape=(16, 2), sample_weights shape=(16,), zero_neighbor_targets=0
GRAB train batch 32: pair_ids shape=(16,), range=100..7924, coefficients shape=(16, 2), sample_weights shape=(16,), zero_neighbor_targets=0
GRAB train batch 33: pair_ids shape=(16,), range=28..7111, coefficients shape=(16, 2), sample_weights shape=(16,), zero_neighbor_targets=0
GRAB train batch 34: pair_ids shape=(16,), range=36..9883, coefficients shape=(16, 2), sample_weights shape=(16,), zero_neighbor_targets=0
GRAB train batch 35: pair_ids shape=(16,), range=71..10956, coefficients shape=(16, 2), sample_weights shape=(16,), zero_neighbor_targets=0
GRAB train batch 36: pair_ids shape=(16,), range=20..10609, coefficients shape=(16, 2), sample_weights shape=(16,), zero_neighbor_targets=0
GRAB train batch 37: pair_ids shape=(16,), range=14..9110, coefficients shape=(16, 2), sample_weights shape=(16,), zero_neighbor_targets=0
GRAB train batch 38: pair_ids shape=(16,), range=128..10308, coefficients shape=(16, 2), sample_weights shape=(16,), zero_neighbor_targets=0
GRAB train batch 39: pair_ids shape=(16,), range=39..10228, coefficients shape=(16, 2), sample_weights shape=(16,), zero_neighbor_targets=0
GRAB train batch 40: pair_ids shape=(16,), range=19..5461, coefficients shape=(16, 2), sample_weights shape=(16,), zero_neighbor_targets=0
GRAB train batch 41: pair_ids shape=(16,), range=70..10256, coefficients shape=(16, 2), sample_weights shape=(16,), zero_neighbor_targets=0
GRAB train batch 42: pair_ids shape=(16,), range=43..8792, coefficients shape=(16, 2), sample_weights shape=(16,), zero_neighbor_targets=0
GRAB train batch 43: pair_ids shape=(16,), range=38..10064, coefficients shape=(16, 2), sample_weights shape=(16,), zero_neighbor_targets=0
GRAB train batch 44: pair_ids shape=(16,), range=56..10520, coefficients shape=(16, 2), sample_weights shape=(16,), zero_neighbor_targets=0
GRAB train batch 45: pair_ids shape=(16,), range=12..10665, coefficients shape=(16, 2), sample_weights shape=(16,), zero_neighbor_targets=0
GRAB train batch 46: pair_ids shape=(16,), range=18..10472, coefficients shape=(16, 2), sample_weights shape=(16,), zero_neighbor_targets=0
GRAB train batch 47: pair_ids shape=(16,), range=156..9808, coefficients shape=(16, 2), sample_weights shape=(16,), zero_neighbor_targets=0
GRAB train batch 48: pair_ids shape=(16,), range=157..10925, coefficients shape=(16, 2), sample_weights shape=(16,), zero_neighbor_targets=0
GRAB train batch 49: pair_ids shape=(16,), range=64..10611, coefficients shape=(16, 2), sample_weights shape=(16,), zero_neighbor_targets=0
GRAB train batch 50: pair_ids shape=(16,), range=24..10862, coefficients shape=(16, 2), sample_weights shape=(16,), zero_neighbor_targets=0
GRAB train batch 51: pair_ids shape=(16,), range=55..10404, coefficients shape=(16, 2), sample_weights shape=(16,), zero_neighbor_targets=0
GRAB train batch 52: pair_ids shape=(16,), range=33..8795, coefficients shape=(16, 2), sample_weights shape=(16,), zero_neighbor_targets=0
GRAB train batch 53: pair_ids shape=(16,), range=6..10274, coefficients shape=(16, 2), sample_weights shape=(16,), zero_neighbor_targets=0
GRAB train batch 54: pair_ids shape=(16,), range=164..8790, coefficients shape=(16, 2), sample_weights shape=(16,), zero_neighbor_targets=0
GRAB train batch 55: pair_ids shape=(16,), range=52..9785, coefficients shape=(16, 2), sample_weights shape=(16,), zero_neighbor_targets=0
GRAB train batch 56: pair_ids shape=(16,), range=136..10867, coefficients shape=(16, 2), sample_weights shape=(16,), zero_neighbor_targets=0
GRAB train batch 57: pair_ids shape=(16,), range=35..4871, coefficients shape=(16, 2), sample_weights shape=(16,), zero_neighbor_targets=0
GRAB train batch 58: pair_ids shape=(16,), range=22..9619, coefficients shape=(16, 2), sample_weights shape=(16,), zero_neighbor_targets=0
GRAB train batch 59: pair_ids shape=(16,), range=37..9652, coefficients shape=(16, 2), sample_weights shape=(16,), zero_neighbor_targets=0
GRAB train batch 60: pair_ids shape=(16,), range=137..10161, coefficients shape=(16, 2), sample_weights shape=(16,), zero_neighbor_targets=0
GRAB train batch 61: pair_ids shape=(16,), range=107..9531, coefficients shape=(16, 2), sample_weights shape=(16,), zero_neighbor_targets=0
GRAB train batch 62: pair_ids shape=(16,), range=69..9957, coefficients shape=(16, 2), sample_weights shape=(16,), zero_neighbor_targets=0
GRAB train batch 63: pair_ids shape=(16,), range=16..9560, coefficients shape=(16, 2), sample_weights shape=(16,), zero_neighbor_targets=0
GRAB train batch 64: pair_ids shape=(16,), range=129..10365, coefficients shape=(16, 2), sample_weights shape=(16,), zero_neighbor_targets=0
GRAB train batch 65: pair_ids shape=(16,), range=106..9327, coefficients shape=(16, 2), sample_weights shape=(16,), zero_neighbor_targets=0
GRAB train batch 66: pair_ids shape=(16,), range=251..10488, coefficients shape=(16, 2), sample_weights shape=(16,), zero_neighbor_targets=0
GRAB train batch 67: pair_ids shape=(16,), range=125..9072, coefficients shape=(16, 2), sample_weights shape=(16,), zero_neighbor_targets=0
GRAB train batch 68: pair_ids shape=(10,), range=256..10684, coefficients shape=(10, 2), sample_weights shape=(10,), zero_neighbor_targets=0
VALIDATION
valid epoch balanced_accuracy: 0.475055
EPOCH 74:
GRAB train batch 1: pair_ids shape=(16,), range=140..10918, coefficients shape=(16, 2), sample_weights shape=(16,), zero_neighbor_targets=0
GRAB train batch 2: pair_ids shape=(16,), range=11..10256, coefficients shape=(16, 2), sample_weights shape=(16,), zero_neighbor_targets=0
GRAB train batch 3: pair_ids shape=(16,), range=101..10716, coefficients shape=(16, 2), sample_weights shape=(16,), zero_neighbor_targets=0
GRAB train batch 4: pair_ids shape=(16,), range=113..7166, coefficients shape=(16, 2), sample_weights shape=(16,), zero_neighbor_targets=0
GRAB train batch 5: pair_ids shape=(16,), range=271..10733, coefficients shape=(16, 2), sample_weights shape=(16,), zero_neighbor_targets=0
GRAB train batch 6: pair_ids shape=(16,), range=15..8045, coefficients shape=(16, 2), sample_weights shape=(16,), zero_neighbor_targets=0
GRAB train batch 7: pair_ids shape=(16,), range=188..9077, coefficients shape=(16, 2), sample_weights shape=(16,), zero_neighbor_targets=0
GRAB train batch 8: pair_ids shape=(16,), range=17..7720, coefficients shape=(16, 2), sample_weights shape=(16,), zero_neighbor_targets=0
GRAB train batch 9: pair_ids shape=(16,), range=2..8079, coefficients shape=(16, 2), sample_weights shape=(16,), zero_neighbor_targets=0
GRAB train batch 10: pair_ids shape=(16,), range=189..10161, coefficients shape=(16, 2), sample_weights shape=(16,), zero_neighbor_targets=0
GRAB train batch 11: pair_ids shape=(16,), range=137..10935, coefficients shape=(16, 2), sample_weights shape=(16,), zero_neighbor_targets=0
GRAB train batch 12: pair_ids shape=(16,), range=122..10015, coefficients shape=(16, 2), sample_weights shape=(16,), zero_neighbor_targets=0
GRAB train batch 13: pair_ids shape=(16,), range=45..5309, coefficients shape=(16, 2), sample_weights shape=(16,), zero_neighbor_targets=0
GRAB train batch 14: pair_ids shape=(16,), range=5..10665, coefficients shape=(16, 2), sample_weights shape=(16,), zero_neighbor_targets=0
GRAB train batch 15: pair_ids shape=(16,), range=4..10472, coefficients shape=(16, 2), sample_weights shape=(16,), zero_neighbor_targets=0
GRAB train batch 16: pair_ids shape=(16,), range=12..10404, coefficients shape=(16, 2), sample_weights shape=(16,), zero_neighbor_targets=0
GRAB train batch 17: pair_ids shape=(16,), range=6..10030, coefficients shape=(16, 2), sample_weights shape=(16,), zero_neighbor_targets=0
GRAB train batch 18: pair_ids shape=(16,), range=19..9236, coefficients shape=(16, 2), sample_weights shape=(16,), zero_neighbor_targets=0
GRAB train batch 19: pair_ids shape=(16,), range=32..9444, coefficients shape=(16, 2), sample_weights shape=(16,), zero_neighbor_targets=0
GRAB train batch 20: pair_ids shape=(16,), range=14..10611, coefficients shape=(16, 2), sample_weights shape=(16,), zero_neighbor_targets=0
GRAB train batch 21: pair_ids shape=(16,), range=182..9211, coefficients shape=(16, 2), sample_weights shape=(16,), zero_neighbor_targets=0
GRAB train batch 22: pair_ids shape=(16,), range=16..7758, coefficients shape=(16, 2), sample_weights shape=(16,), zero_neighbor_targets=0
GRAB train batch 23: pair_ids shape=(16,), range=29..10308, coefficients shape=(16, 2), sample_weights shape=(16,), zero_neighbor_targets=0
GRAB train batch 24: pair_ids shape=(16,), range=27..9255, coefficients shape=(16, 2), sample_weights shape=(16,), zero_neighbor_targets=0
GRAB train batch 25: pair_ids shape=(16,), range=121..7027, coefficients shape=(16, 2), sample_weights shape=(16,), zero_neighbor_targets=0
GRAB train batch 26: pair_ids shape=(16,), range=25..9883, coefficients shape=(16, 2), sample_weights shape=(16,), zero_neighbor_targets=0
GRAB train batch 27: pair_ids shape=(16,), range=161..10090, coefficients shape=(16, 2), sample_weights shape=(16,), zero_neighbor_targets=0
GRAB train batch 28: pair_ids shape=(16,), range=44..10925, coefficients shape=(16, 2), sample_weights shape=(16,), zero_neighbor_targets=0
GRAB train batch 29: pair_ids shape=(16,), range=20..9477, coefficients shape=(16, 2), sample_weights shape=(16,), zero_neighbor_targets=0
GRAB train batch 30: pair_ids shape=(16,), range=57..10004, coefficients shape=(16, 2), sample_weights shape=(16,), zero_neighbor_targets=0
GRAB train batch 31: pair_ids shape=(16,), range=111..10609, coefficients shape=(16, 2), sample_weights shape=(16,), zero_neighbor_targets=0
GRAB train batch 32: pair_ids shape=(16,), range=124..9531, coefficients shape=(16, 2), sample_weights shape=(16,), zero_neighbor_targets=0
GRAB train batch 33: pair_ids shape=(16,), range=112..10735, coefficients shape=(16, 2), sample_weights shape=(16,), zero_neighbor_targets=0
GRAB train batch 34: pair_ids shape=(16,), range=238..10862, coefficients shape=(16, 2), sample_weights shape=(16,), zero_neighbor_targets=0
GRAB train batch 35: pair_ids shape=(16,), range=50..9949, coefficients shape=(16, 2), sample_weights shape=(16,), zero_neighbor_targets=0
GRAB train batch 36: pair_ids shape=(16,), range=10..10530, coefficients shape=(16, 2), sample_weights shape=(16,), zero_neighbor_targets=0
GRAB train batch 37: pair_ids shape=(16,), range=9..10092, coefficients shape=(16, 2), sample_weights shape=(16,), zero_neighbor_targets=0
GRAB train batch 38: pair_ids shape=(16,), range=97..10064, coefficients shape=(16, 2), sample_weights shape=(16,), zero_neighbor_targets=0
GRAB train batch 39: pair_ids shape=(16,), range=36..10859, coefficients shape=(16, 2), sample_weights shape=(16,), zero_neighbor_targets=0
GRAB train batch 40: pair_ids shape=(16,), range=22..9637, coefficients shape=(16, 2), sample_weights shape=(16,), zero_neighbor_targets=0
GRAB train batch 41: pair_ids shape=(16,), range=26..10956, coefficients shape=(16, 2), sample_weights shape=(16,), zero_neighbor_targets=0
GRAB train batch 42: pair_ids shape=(16,), range=96..8088, coefficients shape=(16, 2), sample_weights shape=(16,), zero_neighbor_targets=0
GRAB train batch 43: pair_ids shape=(16,), range=217..9573, coefficients shape=(16, 2), sample_weights shape=(16,), zero_neighbor_targets=0
GRAB train batch 44: pair_ids shape=(16,), range=71..9327, coefficients shape=(16, 2), sample_weights shape=(16,), zero_neighbor_targets=0
GRAB train batch 45: pair_ids shape=(16,), range=69..10867, coefficients shape=(16, 2), sample_weights shape=(16,), zero_neighbor_targets=0
GRAB train batch 46: pair_ids shape=(16,), range=152..9922, coefficients shape=(16, 2), sample_weights shape=(16,), zero_neighbor_targets=0
GRAB train batch 47: pair_ids shape=(16,), range=34..7803, coefficients shape=(16, 2), sample_weights shape=(16,), zero_neighbor_targets=0
GRAB train batch 48: pair_ids shape=(16,), range=3..8012, coefficients shape=(16, 2), sample_weights shape=(16,), zero_neighbor_targets=0
GRAB train batch 49: pair_ids shape=(16,), range=1..10222, coefficients shape=(16, 2), sample_weights shape=(16,), zero_neighbor_targets=0
GRAB train batch 50: pair_ids shape=(16,), range=67..10007, coefficients shape=(16, 2), sample_weights shape=(16,), zero_neighbor_targets=0
GRAB train batch 51: pair_ids shape=(16,), range=153..9808, coefficients shape=(16, 2), sample_weights shape=(16,), zero_neighbor_targets=0
GRAB train batch 52: pair_ids shape=(16,), range=64..9331, coefficients shape=(16, 2), sample_weights shape=(16,), zero_neighbor_targets=0
GRAB train batch 53: pair_ids shape=(16,), range=58..8873, coefficients shape=(16, 2), sample_weights shape=(16,), zero_neighbor_targets=0
GRAB train batch 54: pair_ids shape=(16,), range=8..9828, coefficients shape=(16, 2), sample_weights shape=(16,), zero_neighbor_targets=0
GRAB train batch 55: pair_ids shape=(16,), range=162..9889, coefficients shape=(16, 2), sample_weights shape=(16,), zero_neighbor_targets=0
GRAB train batch 56: pair_ids shape=(16,), range=30..8810, coefficients shape=(16, 2), sample_weights shape=(16,), zero_neighbor_targets=0
GRAB train batch 57: pair_ids shape=(16,), range=43..9962, coefficients shape=(16, 2), sample_weights shape=(16,), zero_neighbor_targets=0
GRAB train batch 58: pair_ids shape=(16,), range=42..10488, coefficients shape=(16, 2), sample_weights shape=(16,), zero_neighbor_targets=0
GRAB train batch 59: pair_ids shape=(16,), range=126..9624, coefficients shape=(16, 2), sample_weights shape=(16,), zero_neighbor_targets=0
GRAB train batch 60: pair_ids shape=(16,), range=99..10619, coefficients shape=(16, 2), sample_weights shape=(16,), zero_neighbor_targets=0
GRAB train batch 61: pair_ids shape=(16,), range=38..5335, coefficients shape=(16, 2), sample_weights shape=(16,), zero_neighbor_targets=0
GRAB train batch 62: pair_ids shape=(16,), range=37..10899, coefficients shape=(16, 2), sample_weights shape=(16,), zero_neighbor_targets=0
GRAB train batch 63: pair_ids shape=(16,), range=23..9358, coefficients shape=(16, 2), sample_weights shape=(16,), zero_neighbor_targets=0
GRAB train batch 64: pair_ids shape=(16,), range=7..9110, coefficients shape=(16, 2), sample_weights shape=(16,), zero_neighbor_targets=0
GRAB train batch 65: pair_ids shape=(16,), range=65..10738, coefficients shape=(16, 2), sample_weights shape=(16,), zero_neighbor_targets=0
GRAB train batch 66: pair_ids shape=(16,), range=0..10557, coefficients shape=(16, 2), sample_weights shape=(16,), zero_neighbor_targets=0
GRAB train batch 67: pair_ids shape=(16,), range=31..10599, coefficients shape=(16, 2), sample_weights shape=(16,), zero_neighbor_targets=0
GRAB train batch 68: pair_ids shape=(10,), range=131..9904, coefficients shape=(10, 2), sample_weights shape=(10,), zero_neighbor_targets=0
VALIDATION
valid epoch balanced_accuracy: 0.459534
EPOCH 75:
GRAB train batch 1: pair_ids shape=(16,), range=51..10018, coefficients shape=(16, 2), sample_weights shape=(16,), zero_neighbor_targets=0
GRAB train batch 2: pair_ids shape=(16,), range=2..10007, coefficients shape=(16, 2), sample_weights shape=(16,), zero_neighbor_targets=0
GRAB train batch 3: pair_ids shape=(16,), range=27..9828, coefficients shape=(16, 2), sample_weights shape=(16,), zero_neighbor_targets=0
GRAB train batch 4: pair_ids shape=(16,), range=162..10274, coefficients shape=(16, 2), sample_weights shape=(16,), zero_neighbor_targets=0
GRAB train batch 5: pair_ids shape=(16,), range=113..10935, coefficients shape=(16, 2), sample_weights shape=(16,), zero_neighbor_targets=0
GRAB train batch 6: pair_ids shape=(16,), range=97..4348, coefficients shape=(16, 2), sample_weights shape=(16,), zero_neighbor_targets=0
GRAB train batch 7: pair_ids shape=(16,), range=26..9573, coefficients shape=(16, 2), sample_weights shape=(16,), zero_neighbor_targets=0
GRAB train batch 8: pair_ids shape=(16,), range=0..9968, coefficients shape=(16, 2), sample_weights shape=(16,), zero_neighbor_targets=0
GRAB train batch 9: pair_ids shape=(16,), range=319..10015, coefficients shape=(16, 2), sample_weights shape=(16,), zero_neighbor_targets=0
GRAB train batch 10: pair_ids shape=(16,), range=245..10899, coefficients shape=(16, 2), sample_weights shape=(16,), zero_neighbor_targets=0
GRAB train batch 11: pair_ids shape=(16,), range=67..9077, coefficients shape=(16, 2), sample_weights shape=(16,), zero_neighbor_targets=0
GRAB train batch 12: pair_ids shape=(16,), range=101..10373, coefficients shape=(16, 2), sample_weights shape=(16,), zero_neighbor_targets=0
GRAB train batch 13: pair_ids shape=(16,), range=183..10862, coefficients shape=(16, 2), sample_weights shape=(16,), zero_neighbor_targets=0
GRAB train batch 14: pair_ids shape=(16,), range=125..8873, coefficients shape=(16, 2), sample_weights shape=(16,), zero_neighbor_targets=0
GRAB train batch 15: pair_ids shape=(16,), range=71..8088, coefficients shape=(16, 2), sample_weights shape=(16,), zero_neighbor_targets=0
GRAB train batch 16: pair_ids shape=(16,), range=414..8933, coefficients shape=(16, 2), sample_weights shape=(16,), zero_neighbor_targets=0
GRAB train batch 17: pair_ids shape=(16,), range=25..9619, coefficients shape=(16, 2), sample_weights shape=(16,), zero_neighbor_targets=0
GRAB train batch 18: pair_ids shape=(16,), range=118..7108, coefficients shape=(16, 2), sample_weights shape=(16,), zero_neighbor_targets=0
GRAB train batch 19: pair_ids shape=(16,), range=346..9957, coefficients shape=(16, 2), sample_weights shape=(16,), zero_neighbor_targets=0
GRAB train batch 20: pair_ids shape=(16,), range=59..10867, coefficients shape=(16, 2), sample_weights shape=(16,), zero_neighbor_targets=0
GRAB train batch 21: pair_ids shape=(16,), range=140..8002, coefficients shape=(16, 2), sample_weights shape=(16,), zero_neighbor_targets=0
GRAB train batch 22: pair_ids shape=(16,), range=126..10092, coefficients shape=(16, 2), sample_weights shape=(16,), zero_neighbor_targets=0
GRAB train batch 23: pair_ids shape=(16,), range=30..10404, coefficients shape=(16, 2), sample_weights shape=(16,), zero_neighbor_targets=0
GRAB train batch 24: pair_ids shape=(16,), range=131..10684, coefficients shape=(16, 2), sample_weights shape=(16,), zero_neighbor_targets=0
GRAB train batch 25: pair_ids shape=(16,), range=52..10925, coefficients shape=(16, 2), sample_weights shape=(16,), zero_neighbor_targets=0
GRAB train batch 26: pair_ids shape=(16,), range=14..9398, coefficients shape=(16, 2), sample_weights shape=(16,), zero_neighbor_targets=0
GRAB train batch 27: pair_ids shape=(16,), range=28..5507, coefficients shape=(16, 2), sample_weights shape=(16,), zero_neighbor_targets=0
GRAB train batch 28: pair_ids shape=(16,), range=22..5241, coefficients shape=(16, 2), sample_weights shape=(16,), zero_neighbor_targets=0
GRAB train batch 29: pair_ids shape=(16,), range=8..9883, coefficients shape=(16, 2), sample_weights shape=(16,), zero_neighbor_targets=0
GRAB train batch 30: pair_ids shape=(16,), range=164..9531, coefficients shape=(16, 2), sample_weights shape=(16,), zero_neighbor_targets=0
GRAB train batch 31: pair_ids shape=(16,), range=46..10141, coefficients shape=(16, 2), sample_weights shape=(16,), zero_neighbor_targets=0
GRAB train batch 32: pair_ids shape=(16,), range=43..9396, coefficients shape=(16, 2), sample_weights shape=(16,), zero_neighbor_targets=0
GRAB train batch 33: pair_ids shape=(16,), range=186..10435, coefficients shape=(16, 2), sample_weights shape=(16,), zero_neighbor_targets=0
GRAB train batch 34: pair_ids shape=(16,), range=184..9754, coefficients shape=(16, 2), sample_weights shape=(16,), zero_neighbor_targets=0
GRAB train batch 35: pair_ids shape=(16,), range=41..10222, coefficients shape=(16, 2), sample_weights shape=(16,), zero_neighbor_targets=0
GRAB train batch 36: pair_ids shape=(16,), range=1..9637, coefficients shape=(16, 2), sample_weights shape=(16,), zero_neighbor_targets=0
GRAB train batch 37: pair_ids shape=(16,), range=12..10655, coefficients shape=(16, 2), sample_weights shape=(16,), zero_neighbor_targets=0
GRAB train batch 38: pair_ids shape=(16,), range=16..7924, coefficients shape=(16, 2), sample_weights shape=(16,), zero_neighbor_targets=0
GRAB train batch 39: pair_ids shape=(16,), range=34..9327, coefficients shape=(16, 2), sample_weights shape=(16,), zero_neighbor_targets=0
GRAB train batch 40: pair_ids shape=(16,), range=134..10308, coefficients shape=(16, 2), sample_weights shape=(16,), zero_neighbor_targets=0
GRAB train batch 41: pair_ids shape=(16,), range=31..8075, coefficients shape=(16, 2), sample_weights shape=(16,), zero_neighbor_targets=0
GRAB train batch 42: pair_ids shape=(16,), range=24..10557, coefficients shape=(16, 2), sample_weights shape=(16,), zero_neighbor_targets=0
GRAB train batch 43: pair_ids shape=(16,), range=45..10619, coefficients shape=(16, 2), sample_weights shape=(16,), zero_neighbor_targets=0
GRAB train batch 44: pair_ids shape=(16,), range=21..10956, coefficients shape=(16, 2), sample_weights shape=(16,), zero_neighbor_targets=0
GRAB train batch 45: pair_ids shape=(16,), range=63..10498, coefficients shape=(16, 2), sample_weights shape=(16,), zero_neighbor_targets=0
GRAB train batch 46: pair_ids shape=(16,), range=3..10609, coefficients shape=(16, 2), sample_weights shape=(16,), zero_neighbor_targets=0
GRAB train batch 47: pair_ids shape=(16,), range=19..10336, coefficients shape=(16, 2), sample_weights shape=(16,), zero_neighbor_targets=0
GRAB train batch 48: pair_ids shape=(16,), range=48..10733, coefficients shape=(16, 2), sample_weights shape=(16,), zero_neighbor_targets=0
GRAB train batch 49: pair_ids shape=(16,), range=6..10918, coefficients shape=(16, 2), sample_weights shape=(16,), zero_neighbor_targets=0
GRAB train batch 50: pair_ids shape=(16,), range=62..10090, coefficients shape=(16, 2), sample_weights shape=(16,), zero_neighbor_targets=0
GRAB train batch 51: pair_ids shape=(16,), range=233..7549, coefficients shape=(16, 2), sample_weights shape=(16,), zero_neighbor_targets=0
GRAB train batch 52: pair_ids shape=(16,), range=42..8045, coefficients shape=(16, 2), sample_weights shape=(16,), zero_neighbor_targets=0
GRAB train batch 53: pair_ids shape=(16,), range=244..9652, coefficients shape=(16, 2), sample_weights shape=(16,), zero_neighbor_targets=0
GRAB train batch 54: pair_ids shape=(16,), range=70..10228, coefficients shape=(16, 2), sample_weights shape=(16,), zero_neighbor_targets=0
GRAB train batch 55: pair_ids shape=(16,), range=15..9128, coefficients shape=(16, 2), sample_weights shape=(16,), zero_neighbor_targets=0
GRAB train batch 56: pair_ids shape=(16,), range=266..10735, coefficients shape=(16, 2), sample_weights shape=(16,), zero_neighbor_targets=0
GRAB train batch 57: pair_ids shape=(16,), range=9..9648, coefficients shape=(16, 2), sample_weights shape=(16,), zero_neighbor_targets=0
GRAB train batch 58: pair_ids shape=(16,), range=105..7720, coefficients shape=(16, 2), sample_weights shape=(16,), zero_neighbor_targets=0
GRAB train batch 59: pair_ids shape=(16,), range=147..9072, coefficients shape=(16, 2), sample_weights shape=(16,), zero_neighbor_targets=0
GRAB train batch 60: pair_ids shape=(16,), range=4..5197, coefficients shape=(16, 2), sample_weights shape=(16,), zero_neighbor_targets=0
GRAB train batch 61: pair_ids shape=(16,), range=23..10352, coefficients shape=(16, 2), sample_weights shape=(16,), zero_neighbor_targets=0
GRAB train batch 62: pair_ids shape=(16,), range=53..9915, coefficients shape=(16, 2), sample_weights shape=(16,), zero_neighbor_targets=0
GRAB train batch 63: pair_ids shape=(16,), range=7..9444, coefficients shape=(16, 2), sample_weights shape=(16,), zero_neighbor_targets=0
GRAB train batch 64: pair_ids shape=(16,), range=120..10064, coefficients shape=(16, 2), sample_weights shape=(16,), zero_neighbor_targets=0
GRAB train batch 65: pair_ids shape=(16,), range=13..10530, coefficients shape=(16, 2), sample_weights shape=(16,), zero_neighbor_targets=0
GRAB train batch 66: pair_ids shape=(16,), range=106..5034, coefficients shape=(16, 2), sample_weights shape=(16,), zero_neighbor_targets=0
GRAB train batch 67: pair_ids shape=(16,), range=17..10738, coefficients shape=(16, 2), sample_weights shape=(16,), zero_neighbor_targets=0
GRAB train batch 68: pair_ids shape=(10,), range=156..8005, coefficients shape=(10, 2), sample_weights shape=(10,), zero_neighbor_targets=0
VALIDATION
valid epoch balanced_accuracy: 0.473392
EARLY STOPPING: rolling validation balanced accuracy did not improve for 60 epochs and validation loss increased over the same window.
accuracy: 0.365079
sensitivity: 1.000000
precision: 0.365079
specificity: 0.000000
IoU: 0.365079
FAR: 1.000000
F1: 0.534884
balanced_accuracy: 0.500000
loss: 1.071504
