ID_chainID,ID_resSeq,ID_iCode,contact_area,contact_exposure,edge_degree,edge_area_rank_0,edge_boundary_rank_0,edge_area_rank_1,edge_boundary_rank_1,edge_area_rank_2,edge_boundary_rank_2,edge_area_rank_3,edge_boundary_rank_3,edge_area_rank_4,edge_boundary_rank_4,edge_area_rank_5,edge_boundary_rank_5,edge_area_rank_6,edge_boundary_rank_6,edge_area_rank_7,edge_boundary_rank_7,edge_area_rank_8,edge_boundary_rank_8,edge_area_rank_9,edge_boundary_rank_9,edge_area_rank_10,edge_boundary_rank_10,edge_area_rank_11,edge_boundary_rank_11,edge_area_rank_12,edge_boundary_rank_12,edge_area_rank_13,edge_boundary_rank_13,edge_area_rank_14,edge_boundary_rank_14,edge_area_rank_15,edge_boundary_rank_15,edge_area_rank_16,edge_boundary_rank_16,edge_area_rank_17,edge_boundary_rank_17,edge_area_rank_18,edge_boundary_rank_18,edge_area_rank_19,edge_boundary_rank_19,edge_area_rank_20,edge_boundary_rank_20,pna_area_sum,pna_area_mean,pna_area_std,pna_area_min,pna_area_max,quantile_area_0,quantile_area_10,quantile_area_25,quantile_area_50,quantile_area_75,quantile_area_90,quantile_area_100,pna_boundary_sum,pna_boundary_mean,pna_boundary_std,pna_boundary_min,pna_boundary_max,quantile_boundary_0,quantile_boundary_10,quantile_boundary_25,quantile_boundary_50,quantile_boundary_75,quantile_boundary_90,quantile_boundary_100,edge_degree_normalized,edge_exposed_fraction,edge_boundary_area_ratio,quantile_area_total,quantile_boundary_total,rotation_00,rotation_01,rotation_02,rotation_10,rotation_11,rotation_12,rotation_20,rotation_21,rotation_22,translation_x,translation_y,translation_z
A,364,.,3.994348889285532,0.5248896238127336,3,3.546102596445678,2.774031431034789,2.9657987010948608,2.4068369943660777,0.7895385938024853,1.3480004183822092,0.0,0.0,0.0,0.0,0.0,0.0,0.0,0.0,0.0,0.0,0.0,0.0,0.0,0.0,0.0,0.0,0.0,0.0,0.0,0.0,0.0,0.0,0.0,0.0,0.0,0.0,0.0,0.0,0.0,0.0,0.0,0.0,0.0,0.0,0.0,0.0,7.3014398913430245,2.4338132971143414,1.1865686179633839,0.7895385938024853,3.546102596445678,0.7895385938024853,1.2247906152609604,1.877668647448673,2.9657987010948608,3.2559506487702694,3.4300418173755145,3.546102596445678,6.528868843783076,2.1762896145943587,0.6045688176992698,1.3480004183822092,2.774031431034789,1.3480004183822092,1.5597677335789828,1.8774187063741434,2.4068369943660777,2.5904342127004334,2.7005925437010467,2.774031431034789,0.14285714285714285,1.0,0.5248896238127336,3.994348889285532,3.3663167301349546,-0.4222794666540461,0.8265271748219338,-0.3722000555121492,-0.41375519170605957,-0.5410873644426655,-0.7321414517542166,-0.8065275527709244,-0.15516859644065428,0.5704699933388093,-17.772,27.204,-13.288
A,365,.,5.240469945985698,0.2794508931320967,11,3.6385304505855096,2.2093946649277005,3.604565345314611,2.1979309944315664,3.546102596445678,2.774031431034789,3.418500154899117,2.5275829240684367,2.8119716818457796,0.0,2.6011922685788424,1.51999886376001,2.4019687829605645,0.2336093928332751,2.3746350202540243,1.1049422123629795,1.256111641141714,1.3175148597250648,0.5654865214071498,0.0,0.45053662062330757,0.7965833458427023,0.0,0.0,0.0,0.0,0.0,0.0,0.0,0.0,0.0,0.0,0.0,0.0,0.0,0.0,0.0,0.0,0.0,0.0,0.0,0.0,26.669601084056296,2.424509189459663,1.1287320067348934,0.45053662062330757,3.6385304505855096,0.45053662062330757,0.5654865214071498,1.8153733306978692,2.6011922685788424,3.4823013756723977,3.604565345314611,3.6385304505855096,14.681588688986524,1.3346898808169567,0.9609247923452672,0.0,2.774031431034789,0.0,0.0,0.5150963693379886,1.3175148597250648,2.2036628296796335,2.5275829240684367,2.774031431034789,0.5238095238095238,0.8181818181818182,0.2794508931320967,5.240469945985698,3.9791087982627116,-0.9190439734141744,0.3410872516845908,0.19752888818939573,0.357260317767994,0.5091636729020474,0.7830181476474276,0.1665029737854496,0.7901973430322007,-0.5898007449855014,-20.213,25.078,-15.285
A,366,.,4.9001697350354245,0.31120547260180337,10,3.952523668326925,2.4652310144280034,3.418500154899117,2.5275829240684367,3.086514033707431,2.1407953093695036,2.502631957550517,0.6985227064967846,2.485989396739238,1.7772581650540862,1.5212971706793668,0.775017447997568,1.5133740486813687,0.0,0.7964841502288705,0.8895113434808919,0.7928703361203601,1.2671644813760656,0.045475438435862665,0.4776387821414643,0.0,0.0,0.0,0.0,0.0,0.0,0.0,0.0,0.0,0.0,0.0,0.0,0.0,0.0,0.0,0.0,0.0,0.0,0.0,0.0,0.0,0.0,20.11566035536906,2.011566035536906,1.2117850824343723,0.045475438435862665,3.952523668326925,0.045475438435862665,0.7181308463519104,0.9757066248419951,2.0036432837093026,2.940543514668202,3.471902506241898,3.952523668326925,13.018722174412805,1.3018722174412805,0.8350232873636091,0.0,2.5275829240684367,0.0,0.4298749039273179,0.7176463918719804,1.0783379124284789,2.0499110232906492,2.471466205392047,2.5275829240684367,0.47619047619047616,0.9,0.31120547260180337,4.9001697350354245,3.74921233926172,-0.545248520360154,0.7431571681156509,0.3878420742046803,-0.27817469421967356,-0.5968560262802397,0.7525833664045152,0.7907736025822142,0.30245711658231467,0.5321623831950716,-23.856,25.954,-15.876
A,367,.,5.2789791339339525,0.1365718956768833,13,3.952523668326925,2.4652310144280034,3.2357958701414264,2.071879269643077,3.1279089990311633,1.6218090730890977,2.8638908806465673,0.0,2.8119716818457796,0.0,2.8050619626977986,0.0,2.6313563242745195,0.0,2.6264134458318322,0.0,2.452633082571038,0.0,2.3057062172145275,1.7726615935361143,1.2599059678531919,0.0,1.1719247063570424,0.0,0.029131817892816814,0.0,0.0,0.0,0.0,0.0,0.0,0.0,0.0,0.0,0.0,0.0,0.0,0.0,0.0,0.0,0.0,0.0,31.274224624684628,2.405709586514202,0.9896678707696713,0.029131817892816814,3.952523668326925,0.029131817892816814,1.1895209586562723,2.3057062172145275,2.6313563242745195,2.8638908806465673,3.214218495919374,3.952523668326925,7.931580950696292,0.6101216115920225,0.9324662297500339,0.0,2.4652310144280034,0.0,0.0,0.0,0.0,1.6218090730890977,2.0120357344216844,2.4652310144280034,0.6190476190476191,0.3076923076923077,0.1365718956768833,5.2789791339339525,3.3197946106327225,0.3479791213143367,0.7315082043908738,-0.5863499620859045,0.29354663306404954,0.5089714545570756,0.8091838064758927,0.8903599863797016,-0.45370012712682184,-0.037620330926818546,-25.06,23.969,-12.829
A,368,.,4.865394585654029,0.27920043109919385,9,3.604565345314611,2.1979309944315664,3.392492941032009,2.218396636902226,2.9657987010948608,2.4068369943660777,2.8050619626977986,0.0,2.692171465264745,1.7018402321446235,2.5348628005974017,1.2702183052442069,1.5212971706793668,0.775017447997568,0.6456031646251805,0.885930488564496,0.34671813906460786,0.0,0.0,0.0,0.0,0.0,0.0,0.0,0.0,0.0,0.0,0.0,0.0,0.0,0.0,0.0,0.0,0.0,0.0,0.0,0.0,0.0,0.0,0.0,0.0,0.0,20.50857169037058,2.278730187818953,1.1033993648707294,0.34671813906460786,3.604565345314611,0.34671813906460786,0.585826159513066,1.5212971706793668,2.692171465264745,2.9657987010948608,3.4349074218885294,3.604565345314611,11.456171099650764,1.272907899961196,0.872903043508072,0.0,2.4068369943660777,0.0,0.0,0.775017447997568,1.2702183052442069,2.1979309944315664,2.2560847083949964,2.4068369943660777,0.42857142857142855,0.7777777777777778,0.27920043109919385,4.865394585654029,3.6092752127999748,-0.6029127419460456,-0.7717736831074883,-0.20214254292900166,0.3486408464296706,-0.02697566009103306,-0.9368681198351537,0.7175972309031745,-0.6353248742378621,0.28533579932202835,-22.759,25.536,-10.203
A,369,.,4.430657786201474,0.32791011527107905,7,3.392492941032009,2.218396636902226,3.278600276947517,2.074805813275308,2.609142892714633,1.7640045057573484,2.5388975523566044,1.735197936042931,1.2599059678531919,0.0,0.7928703361203601,1.2671644813760656,0.5423963812500403,0.0,0.0,0.0,0.0,0.0,0.0,0.0,0.0,0.0,0.0,0.0,0.0,0.0,0.0,0.0,0.0,0.0,0.0,0.0,0.0,0.0,0.0,0.0,0.0,0.0,0.0,0.0,0.0,0.0,14.414306348274355,2.0591866211820506,1.0915460210870482,0.5423963812500403,3.392492941032009,0.5423963812500403,0.6926807541722322,1.026388151986776,2.5388975523566044,2.943871584831075,3.3241573425813136,3.392492941032009,9.05956937335388,1.2942241961934113,0.8643179398291626,0.0,2.218396636902226,0.0,0.0,0.6335822406880328,1.735197936042931,1.9194051595163282,2.132242142726075,2.218396636902226,0.3333333333333333,0.7142857142857143,0.32791011527107905,4.430657786201474,3.3397530906753774,-0.6871055615170336,0.3874662148588598,0.6146184830244773,-0.6518023261964639,-0.7024637125044536,-0.28582942497115066,0.3209979359703736,-0.5970047445015897,0.7352181037932564,-25.467,27.577,-8.528
A,370,.,5.001055846010904,0.24221939915863613,10,3.4773648981643297,2.4308111873782066,3.369025367955804,1.8726710301085339,3.278600276947517,2.074805813275308,3.2357958701414264,2.071879269643077,2.9828445828803294,1.57135798833348,2.867688652670528,0.0,0.7946698410640278,0.9331006501866164,0.7726004837995788,0.0,0.34671813906460786,0.0,0.045475438435862665,0.4776387821414643,0.0,0.0,0.0,0.0,0.0,0.0,0.0,0.0,0.0,0.0,0.0,0.0,0.0,0.0,0.0,0.0,0.0,0.0,0.0,0.0,0.0,0.0,21.17078355112401,2.117078355112401,1.3532730248874676,0.045475438435862665,3.4773648981643297,0.045475438435862665,0.31659386900173336,0.7781178231156911,2.9252666177754287,3.2678991752459945,3.3798593209766565,3.4773648981643297,11.432264721066685,1.1432264721066685,0.9225809762995147,0.0,2.4308111873782066,0.0,0.0,0.11940969553536608,1.2522293192600482,2.0220772097594413,2.1104063506855977,2.4308111873782066,0.47619047619047616,0.7,0.24221939915863613,5.001055846010904,3.603983193233777,0.45001298002741597,0.850187694985213,-0.273256657929089,-0.6472610496475603,0.5213396700757348,0.5561097751473737,0.6152572237820398,-0.07338822590207938,0.78490299839086,-27.96,24.681,-8.508
A,371,.,5.072321062501371,0.06152290266544581,14,3.1031910862460395,1.0595734256457576,2.9502588529045926,0.0,2.927094696085501,0.0,2.867688652670528,0.0,2.749588738844044,1.4558857201441089,2.6809050835786548,0.0,2.6313563242745195,0.0,2.5348628005974017,1.2702183052442069,2.517309300895501,0.0,2.3746350202540243,1.1049422123629795,2.179363796768047,0.0,0.9780065228548072,0.0,0.5826434612763616,0.0,0.5423963812500403,0.0,0.0,0.0,0.0,0.0,0.0,0.0,0.0,0.0,0.0,0.0,0.0,0.0,0.0,0.0,31.61930071850006,2.2585214798928614,0.8504224961382646,0.5423963812500403,3.1031910862460395,0.5423963812500403,0.7012523797498953,2.228181602639541,2.5831095624359603,2.838163674213907,2.943309605858865,3.1031910862460395,4.890619663397053,0.3493299759569323,0.5585830837718059,0.0,1.4558857201441089,0.0,0.0,0.0,0.0,0.7946800692343182,1.220635477379839,1.4558857201441089,0.6666666666666666,0.2857142857142857,0.06152290266544581,5.072321062501371,2.3752870772097907,0.07961453322209615,-0.5231682100063992,-0.8485025339611708,0.4039944082509722,0.7950989495793975,-0.4523341447201233,0.9112903182859865,-0.30677790731478494,0.2746584631533983,-25.285,22.394,-7.011
A,372,.,4.9344636381136695,0.2224196252353892,9,3.596045705421312,2.37682577062772,3.2920853935783763,2.2400658650443326,3.098031608575683,1.4372702301333373,2.9502588529045926,0.0,2.692171465264745,1.7018402321446235,2.609142892714633,1.7640045057573484,2.330791524884214,0.0,0.7726004837995788,0.0,0.4562209580983445,0.0,0.0,0.0,0.0,0.0,0.0,0.0,0.0,0.0,0.0,0.0,0.0,0.0,0.0,0.0,0.0,0.0,0.0,0.0,0.0,0.0,0.0,0.0,0.0,0.0,21.79734888524148,2.42192765391572,1.0313232109710313,0.4562209580983445,3.596045705421312,0.4562209580983445,0.709324578659332,2.330791524884214,2.692171465264745,3.098031608575683,3.3528774559469636,3.596045705421312,9.520006603707362,1.0577785115230403,0.9815438630151092,0.0,2.37682577062772,0.0,0.0,0.0,1.4372702301333373,1.7640045057573484,2.26741784616101,2.37682577062772,0.42857142857142855,0.5555555555555556,0.2224196252353892,4.9344636381136695,3.456114452234507,-0.8467872144539842,-0.48666623873392195,0.21472630373067755,0.018846376990917464,-0.43086788034352685,-0.9022182018572847,0.5315978061576045,-0.7599400251104382,0.374025307597719,-24.647,24.899,-4.293
A,373,.,4.881390821390606,0.262344207455806,8,3.4773648981643297,2.4308111873782066,3.4278847513684956,2.410102281360518,3.3174280163959153,1.07668019566837,3.098031608575683,1.4372702301333373,2.5388975523566044,1.735197936042931,2.262667897353136,1.6096178962360441,0.5985122727081871,0.0,0.5826434612763616,0.0,0.0,0.0,0.0,0.0,0.0,0.0,0.0,0.0,0.0,0.0,0.0,0.0,0.0,0.0,0.0,0.0,0.0,0.0,0.0,0.0,0.0,0.0,0.0,0.0,0.0,0.0,19.30343045819871,2.412928807274839,1.1253412094873525,0.5826434612763616,3.4773648981643297,0.5826434612763616,0.5937516292786394,1.8466289911918987,2.8184645804661437,3.3450422001390603,3.4427287954072456,3.4773648981643297,10.699679726819408,1.337459965852426,0.882737953793583,0.0,2.4308111873782066,0.0,0.0,0.8075101467512775,1.5234440631846908,1.903924022372328,2.416314953165825,2.4308111873782066,0.38095238095238093,0.75,0.262344207455806,4.881390821390606,3.5644001106490952,-0.21305908502879903,0.8517892987101989,0.47860298462240947,-0.9118151724028837,-0.34932299499884534,0.21579280928922562,0.35099703369485963,-0.3904208444330605,0.8511008439483452,-28.332,25.167,-3.403
A,374,.,5.176425044954383,0.1428484545163195,11,3.391419735898059,1.3615814983244852,3.369025367955804,1.8726710301085339,3.3174280163959153,1.07668019566837,3.0335433397755707,2.2103765979883008,3.0109065595249023,0.0,3.00603897654263,0.9121782873540291,2.655169682828726,1.823979775068322,2.558575239713201,0.0,2.179363796768047,0.0,0.6172688730561501,0.0,0.4562209580983445,0.0,0.0,0.0,0.0,0.0,0.0,0.0,0.0,0.0,0.0,0.0,0.0,0.0,0.0,0.0,0.0,0.0,0.0,0.0,0.0,0.0,27.59496054655735,2.508632776959759,0.9941189800162449,0.4562209580983445,3.391419735898059,0.4562209580983445,0.6172688730561501,2.368969518240624,3.00603897654263,3.1754856780857432,3.369025367955804,3.391419735898059,9.25746738451204,0.8415879440465491,0.8406601527606452,0.0,2.2103765979883008,0.0,0.0,0.0,0.9121782873540291,1.5927806366964035,1.8726710301085339,2.2103765979883008,0.5238095238095238,0.5454545454545454,0.1428484545163195,5.176425044954383,3.2637837964033762,0.5962300604569375,0.42504847560037545,-0.6810605761584748,-0.2748299178563888,0.9051494646018601,0.32430381277748893,0.7543064571237391,-0.006183859697879077,0.6564933576363661,-28.741,21.337,-3.274
A,375,.,5.122319573942726,0.013950813690721991,14,3.2487724341242004,0.0,3.1681423737391645,0.5606877845702276,3.0489838991586304,0.3925021170814503,3.0109065595249023,0.0,2.927094696085501,0.0,2.7659731374351617,0.0,2.538139312384727,0.0,2.4593751437582343,0.40665240299455907,2.330791524884214,0.0,2.215302406476041,0.0,1.9365536561312091,0.46473665807286463,0.5985122727081871,0.0,0.5077731697648553,0.0,0.014691450201400353,0.0,0.0,0.0,0.0,0.0,0.0,0.0,0.0,0.0,0.0,0.0,0.0,0.0,0.0,0.0,30.77101203637643,2.197929431169745,1.0259777537785582,0.014691450201400353,3.2487724341242004,0.014691450201400353,0.5349949006478548,2.0062408437174173,2.4987572280714807,2.989953593665052,3.1323948313650045,3.2487724341242004,1.8245789627191016,0.13032706876565012,0.2090767142112168,0.0,0.5606877845702276,0.0,0.0,0.0,0.0,0.2943765878110877,0.447311381549373,0.5606877845702276,0.6666666666666666,0.2857142857142857,0.013950813690721991,5.122319573942726,1.2017508375851809,-0.22613403129990825,-0.7744087895425955,-0.5908929061743966,0.46790845669549036,0.4456837492511548,-0.7631694908775365,0.8543565274760277,-0.449062381337611,0.26156815866327754,-25.588,20.84,-1.169
A,376,.,4.9792893430552,0.24163191569810447,10,3.596045705421312,2.37682577062772,3.2487724341242004,0.0,3.1063429827939455,1.5136029949790524,3.0242031055296854,1.5684721575808238,2.9823987762415722,2.027498035950699,2.5395763211277322,1.9497456412848369,2.262667897353136,1.6096178962360441,1.2315510056951429,0.7648862777149219,0.6643607999240086,0.0,0.6172688730561501,0.0,0.0,0.0,0.0,0.0,0.0,0.0,0.0,0.0,0.0,0.0,0.0,0.0,0.0,0.0,0.0,0.0,0.0,0.0,0.0,0.0,0.0,0.0,23.273187901266887,2.3273187901266885,1.0449900030386006,0.6172688730561501,3.596045705421312,0.6172688730561501,0.6596516072372228,1.489330228609641,2.7609875486846525,3.0858080134778803,3.2834997612539114,3.596045705421312,11.810648774374098,1.1810648774374097,0.8682991635079764,0.0,2.37682577062772,0.0,0.0,0.19122156942873048,1.5410375762799382,1.8647137050226386,2.0624308094184007,2.37682577062772,0.47619047619047616,0.7,0.24163191569810447,4.9792893430552,3.5803096274556214,-0.8601854721323381,-0.1366426483685006,0.4913346519219959,-0.28694636950311225,-0.666782205256304,-0.6877959521417115,0.4215954631651649,-0.7326187804038212,0.5343472541692038,-26.543,23.602,1.283
A,377,.,4.867162350465736,0.2863422531529573,9,3.4764316240972324,2.537206520740674,3.4278847513684956,2.410102281360518,3.1063429827939455,1.5136029949790524,3.092913429263539,1.5682679407101334,2.655169682828726,1.823979775068322,2.3026810883863407,1.103702644130761,1.0482904520871494,0.46481644905822195,0.5146297787841914,0.0,0.5077731697648553,0.0,0.0,0.0,0.0,0.0,0.0,0.0,0.0,0.0,0.0,0.0,0.0,0.0,0.0,0.0,0.0,0.0,0.0,0.0,0.0,0.0,0.0,0.0,0.0,0.0,20.13211695937448,2.236901884374942,1.154302919177001,0.5077731697648553,3.4764316240972324,0.5077731697648553,0.5132584569803241,1.0482904520871494,2.655169682828726,3.1063429827939455,3.437594125914243,3.4764316240972324,11.421678606047685,1.269075400671965,0.8983078549445169,0.0,2.537206520740674,0.0,0.0,0.46481644905822195,1.5136029949790524,1.823979775068322,2.4355231292365493,2.537206520740674,0.42857142857142855,0.7777777777777778,0.2863422531529573,4.867162350465736,3.635592120319017,0.17697187688607433,0.9733201129812186,0.14604421405056783,-0.8548198776526598,0.07845755851994031,0.5129594411656561,0.48781546875976795,-0.21562089225610315,0.845898161282651,-30.123,22.325,1.665
A,378,.,5.235189567207718,0.10348775925248871,17,3.331900892659499,1.6680765635154784,3.092913429263539,1.5682679407101334,3.0476698603406107,2.0174198506665393,3.00603897654263,0.9121782873540291,2.9997491949119253,0.0,2.740278576020238,0.0,2.5219294364490175,0.7914664648285553,2.514700052340455,0.0,2.4953601543580715,0.0,2.4347618184712183,0.0,2.215302406476041,0.0,1.8961945568093803,0.0,1.314975572497906,0.0,1.028883432124874,0.0,0.8756728831813891,0.0,0.6643607999240086,0.0,0.6103518127914328,1.1027039065713633,0.0,0.0,0.0,0.0,0.0,0.0,0.0,0.0,36.79104385516224,2.1641790503036615,0.8940250812067716,0.6103518127914328,3.331900892659499,0.6103518127914328,0.791148049878437,1.314975572497906,2.4953601543580715,2.9997491949119253,3.065767287909782,3.331900892659499,8.060113013646099,0.47412429492035874,0.6930272683004164,0.0,2.0174198506665393,0.0,0.0,0.0,0.0,0.9121782873540291,1.6081913898322715,2.0174198506665393,0.8095238095238095,0.35294117647058826,0.10348775925248871,5.235189567207718,3.0119923589418054,0.49652743929322196,-0.022872036294725718,-0.8677196390451518,0.17010662272082389,0.982833232860039,0.07143229866383859,0.8511898959312375,-0.18307295360488757,0.49189435321311803,-28.725,18.888,2.53
A,379,.,5.183244656513634,0.15958359128501146,12,3.4683200609849907,2.1108105976268714,3.3496795006534086,2.1978632622224876,3.2968252662647073,1.8933754829808984,3.0242031055296854,1.5684721575808238,2.9997491949119253,0.0,2.8973197865671425,1.2044157062304057,2.7659731374351617,0.0,2.53145621044098,0.0,2.188545915347125,0.0,0.8354667190612324,0.8114989433492782,0.5146297787841914,0.0,0.40954211912586463,0.0,0.0,0.0,0.0,0.0,0.0,0.0,0.0,0.0,0.0,0.0,0.0,0.0,0.0,0.0,0.0,0.0,0.0,0.0,28.281710795106413,2.3568092329255346,1.0794289569281998,0.40954211912586463,3.4683200609849907,0.40954211912586463,0.5467134728118955,1.850276116275652,2.831646462001152,3.092358645713441,3.3443940772145386,3.4683200609849907,9.786436149990767,0.8155363458325638,0.8878369444481764,0.0,2.1978632622224876,0.0,0.0,0.0,0.4057494716746391,1.6496979889308425,2.089067086162274,2.1978632622224876,0.5714285714285714,0.5,0.15958359128501146,5.183244656513634,3.377172071376069,-0.6093044972813608,-0.7680641677595066,-0.19704178185502869,0.38097840086971535,-0.06563223774142682,-0.9222515207034399,0.6954160536423232,-0.6370006621448282,0.3326058760208364,-26.236,20.355,5.006
A,380,.,4.781067904039796,0.276105637062711,7,3.7738178506301274,2.223030932628503,3.3496795006534086,2.1978632622224876,2.9823987762415722,2.027498035950699,2.9187918322056854,2.1431308742338215,2.3026810883863407,1.103702644130761,0.9308088323870645,0.2365919153251967,0.8756728831813891,0.0,0.0,0.0,0.0,0.0,0.0,0.0,0.0,0.0,0.0,0.0,0.0,0.0,0.0,0.0,0.0,0.0,0.0,0.0,0.0,0.0,0.0,0.0,0.0,0.0,0.0,0.0,0.0,0.0,17.133850763685587,2.447692966240798,1.0605419385402142,0.8756728831813891,3.7738178506301274,0.8756728831813891,0.9087544527047944,1.6167449603867026,2.9187918322056854,3.1660391384474904,3.5193348406440963,3.7738178506301274,9.931817664491469,1.4188310949273526,0.8991099731129206,0.0,2.223030932628503,0.0,0.14195514919511804,0.6701472797279788,2.027498035950699,2.170497068228155,2.207930330384894,2.223030932628503,0.3333333333333333,0.8571428571428571,0.276105637062711,4.781067904039796,3.5158470393389503,-0.6686219839170662,0.37378929079553974,0.6428267330388291,-0.636533367646808,-0.7345995301969747,-0.2349229705809922,0.3844085255233294,-0.566255327852155,0.7290987513252429,-29.039,22.35,6.619
A,381,.,4.947108513421098,0.2799364841636689,8,3.7738178506301274,2.223030932628503,3.4764316240972324,2.537206520740674,3.423998776132084,2.4280276086845602,3.2623222126539138,1.8919380819878915,1.9636139366721657,1.4534131442664724,1.293671816386617,0.0,1.028883432124874,0.0,0.40954211912586463,0.0,0.0,0.0,0.0,0.0,0.0,0.0,0.0,0.0,0.0,0.0,0.0,0.0,0.0,0.0,0.0,0.0,0.0,0.0,0.0,0.0,0.0,0.0,0.0,0.0,0.0,0.0,18.632281767822878,2.3290352209778598,1.2275098617470104,0.40954211912586463,3.7738178506301274,0.40954211912586463,0.8430810382251712,1.2274747203211813,2.6129680746630397,3.437106988123371,3.5656474920571006,3.7738178506301274,10.533616288308101,1.3167020360385127,1.0663493204143677,0.0,2.537206520740674,0.0,0.0,0.0,1.6726756131271818,2.274280101642517,2.460781282301394,2.537206520740674,0.38095238095238093,0.625,0.2799364841636689,4.947108513421098,3.6920240048279394,0.1840714069904036,0.949810536739928,0.25293805847753137,-0.9819325234114447,0.16620437902438015,0.09046891101341287,0.04388891198703603,-0.2650208457667625,0.9632433309988002,-31.857,19.781,6.741
A,382,.,4.841709610599297,0.13107191547172214,9,3.331900892659499,1.6680765635154784,3.2623222126539138,1.8919380819878915,3.0615527850905995,1.6852167735892714,2.9201894263053467,0.0,2.667130979633346,0.9378017030412082,2.409221793980855,0.0,2.218982807533809,0.0,1.1326948239652674,0.0,1.0482904520871494,0.46481644905822195,0.0,0.0,0.0,0.0,0.0,0.0,0.0,0.0,0.0,0.0,0.0,0.0,0.0,0.0,0.0,0.0,0.0,0.0,0.0,0.0,0.0,0.0,0.0,0.0,22.052286173909785,2.4502540193233093,0.8051881172613036,1.0482904520871494,3.331900892659499,1.0482904520871494,1.1158139495896437,2.218982807533809,2.667130979633346,3.0615527850905995,3.2762379486550306,3.331900892659499,6.647849571192072,0.7386499523546747,0.7736606561831931,0.0,1.8919380819878915,0.0,0.0,0.0,0.46481644905822195,1.6680765635154784,1.7265610352689955,1.8919380819878915,0.42857142857142855,0.5555555555555556,0.13107191547172214,4.841709610599297,2.8607067366802514,0.5505057141156005,0.10315516448475566,-0.8284337455501168,-0.34580503341557606,0.9313775741763736,-0.11381868557396907,0.7598436270644936,0.34913439584414585,0.5484002516848604,-30.563,16.32,5.872
A,383,.,5.121188852536348,0.24752999087125682,12,3.4683200609849907,2.1108105976268714,3.379977150039598,2.0189455053459335,3.24511650687323,2.552923489555367,3.197235349763875,0.9966017112519274,3.1747943573660486,2.2053999565565747,2.9201894263053467,0.0,1.9153949753506223,1.8749035166182624,1.8961945568093803,0.0,1.293671816386617,0.0,1.277397042787041,0.0,0.9308088323870645,0.2365919153251967,0.23523416438590444,0.022055675511106532,0.0,0.0,0.0,0.0,0.0,0.0,0.0,0.0,0.0,0.0,0.0,0.0,0.0,0.0,0.0,0.0,0.0,0.0,26.934334239439718,2.2445278532866433,1.0743179452155536,0.23523416438590444,3.4683200609849907,0.23523416438590444,0.9654676534270621,1.289603122986723,2.4177922008279844,3.2092056390412136,3.366491085722961,3.4683200609849907,12.018232367791239,1.0015193639826032,1.018222207331878,0.0,2.552923489555367,0.0,0.0,0.0,0.6165968132885621,2.0419117784161678,2.1959410206636045,2.552923489555367,0.5714285714285714,0.6666666666666666,0.24752999087125682,5.121188852536348,3.7429476814363376,-0.4205966617519006,-0.8642338575248518,-0.2760403731899944,-0.09092213994325753,0.3428822293409871,-0.9349678824806195,0.9026802382855715,-0.368146188775422,-0.22279311277244462,-27.916,16.094,8.584
A,384,.,4.896931402408141,0.30938174794942114,7,3.481430840372325,2.5099569219877833,3.423998776132084,2.4280276086845602,3.379977150039598,2.0189455053459335,2.9187918322056854,2.1431308742338215,2.8117673672005163,1.3835957230695568,2.202534897041751,1.2306751034598986,1.1326948239652674,0.0,0.0,0.0,0.0,0.0,0.0,0.0,0.0,0.0,0.0,0.0,0.0,0.0,0.0,0.0,0.0,0.0,0.0,0.0,0.0,0.0,0.0,0.0,0.0,0.0,0.0,0.0,0.0,0.0,19.351195686957226,2.7644565267081753,0.786708664314464,1.1326948239652674,3.481430840372325,1.1326948239652674,1.7745988678111577,2.507151132121134,2.9187918322056854,3.401987963085841,3.4469716018281806,3.481430840372325,11.714331736781554,1.673475962397365,0.8185002377641263,0.0,2.5099569219877833,0.0,0.7384050620759393,1.3071354132647277,2.0189455053459335,2.2855792414591907,2.4607993340058494,2.5099569219877833,0.3333333333333333,0.8571428571428571,0.30938174794942114,4.896931402408141,3.740288329321767,-0.2318328612782722,0.37386237202886796,0.8980425664813878,-0.9095991866017166,-0.4105430772418979,-0.06390384544179364,0.34479391549884547,-0.8316737993406438,0.43524228577342255,-30.339,16.658,11.497
A,385,.,4.585212539457051,0.4484123673009385,9,3.481430840372325,2.5099569219877833,3.345522572618506,1.8150136493963887,2.8883307876437314,1.9436833859432494,2.375205244605776,2.060063749128595,1.9153949753506223,1.8749035166182624,1.7022048609656437,1.632927850882256,0.5114466309011383,1.0742376255264547,0.38345805284507445,1.2381597152827846,0.015082583827878257,0.19413483774614462,0.0,0.0,0.0,0.0,0.0,0.0,0.0,0.0,0.0,0.0,0.0,0.0,0.0,0.0,0.0,0.0,0.0,0.0,0.0,0.0,0.0,0.0,0.0,0.0,16.618076549130695,1.8464529499034106,1.228708659364065,0.015082583827878257,3.481430840372325,0.015082583827878257,0.3097829590416352,0.5114466309011383,1.9153949753506223,2.8883307876437314,3.3727042261692697,3.481430840372325,14.343081252511919,1.5936756947235464,0.6380645150338995,0.19413483774614462,2.5099569219877833,0.19413483774614462,0.8982170679703927,1.2381597152827846,1.8150136493963887,1.9436833859432494,2.1500423837004328,2.5099569219877833,0.42857142857142855,1.0,0.4484123673009385,4.585212539457051,3.795641312432325,-0.9821520210680816,-0.1861612444795865,0.026858863819867775,-0.17975726645543177,0.8869973619211936,-0.42535044974857394,0.055360027712723,-0.4225868798231375,-0.9046300881205488,-30.725,13.758,13.935
A,386,.,5.143669671562538,0.15217719924442039,9,3.345522572618506,1.8150136493963887,3.3303849987248837,1.525849760427368,3.3238914810688396,1.7790490327855362,3.3085592953008596,1.2569712441264036,3.2779783477030158,1.2795551176757833,3.2010173065668877,1.1802383575480548,2.202534897041751,1.2306751034598986,1.5015987719666117,1.2439989622522403,1.190464983101004,0.0,0.0,0.0,0.0,0.0,0.0,0.0,0.0,0.0,0.0,0.0,0.0,0.0,0.0,0.0,0.0,0.0,0.0,0.0,0.0,0.0,0.0,0.0,0.0,0.0,24.68195265409236,2.74243918378804,0.823601183602967,1.190464983101004,3.345522572618506,1.190464983101004,1.4393720141934903,2.202534897041751,3.2779783477030158,3.3238914810688396,3.333412513503608,3.345522572618506,11.311351227671675,1.2568168030746305,0.49927797070140045,0.0,1.8150136493963887,0.0,0.9441906860384439,1.2306751034598986,1.2569712441264036,1.525849760427368,1.7862419561077068,1.8150136493963887,0.42857142857142855,0.8888888888888888,0.15217719924442039,5.143669671562538,3.2929579109725964,-0.232238034299873,0.960037415813338,-0.15618468446995262,-0.6464828426718471,-0.03238158371065939,0.7622410164556335,0.7267223882305119,0.27799207412233395,0.6281679529948212,-34.087,11.988,13.637
A,387,.,4.448783825554996,0.32987415122084707,5,3.2504365055085658,2.311890661577242,3.2010173065668877,1.1802383575480548,2.8883307876437314,1.9436833859432494,2.7440284837674453,2.1942858189682966,1.731827211838711,1.2740351037709077,0.0,0.0,0.0,0.0,0.0,0.0,0.0,0.0,0.0,0.0,0.0,0.0,0.0,0.0,0.0,0.0,0.0,0.0,0.0,0.0,0.0,0.0,0.0,0.0,0.0,0.0,0.0,0.0,0.0,0.0,0.0,0.0,13.815640295325341,2.7631280590650684,0.5493338637955572,1.731827211838711,3.2504365055085658,1.731827211838711,2.1367077206102048,2.7440284837674453,2.8883307876437314,3.2010173065668877,3.2306688259318945,3.2504365055085658,8.90413332780775,1.7808266655615501,0.46841087809703413,1.1802383575480548,2.311890661577242,1.1802383575480548,1.217757056037196,1.2740351037709077,1.9436833859432494,2.1942858189682966,2.264848724533664,2.311890661577242,0.23809523809523808,1.0,0.32987415122084707,4.448783825554996,3.363215447571826,-0.7342360187829736,-0.09254617876861591,-0.6725568180585609,0.3279239158621452,0.8190857009293673,-0.47070640524501456,0.594443751861659,-0.5661570624202921,-0.5710541187525574,-33.774,9.755,16.747
A,388,.,4.234575959603403,0.42524150257818333,5,3.257719543891201,2.075277885681901,3.2504365055085658,2.311890661577242,2.375205244605776,2.060063749128595,1.9739101780950004,1.9492588217016593,1.190464983101004,0.0,0.0,0.0,0.0,0.0,0.0,0.0,0.0,0.0,0.0,0.0,0.0,0.0,0.0,0.0,0.0,0.0,0.0,0.0,0.0,0.0,0.0,0.0,0.0,0.0,0.0,0.0,0.0,0.0,0.0,0.0,0.0,0.0,12.047736455201546,2.409547291040309,0.7878593256888513,1.190464983101004,3.257719543891201,1.190464983101004,1.5038430610986024,1.9739101780950004,2.375205244605776,3.2504365055085658,3.254806328538147,3.257719543891201,8.396491118089397,1.6792982236178795,0.8479241380115411,0.0,2.311890661577242,0.0,0.7797035286806637,1.9492588217016593,2.060063749128595,2.075277885681901,2.2172455512191056,2.311890661577242,0.23809523809523808,0.8,0.42524150257818333,4.234575959603403,3.3988680041008847,-0.7949023103712508,0.4479230341309183,-0.4092618629452296,0.28994387550426814,-0.3120920813594519,-0.9047270758689002,-0.5329754835112148,-0.8378326135020512,0.11821017607765166,-36.013,12.174,18.673
A,389,.,4.944159252733579,0.2943802349145478,7,3.3913456792783734,2.0487052339507303,3.3238914810688396,1.7790490327855362,3.3008612596094924,2.339332557881042,3.257719543891201,2.075277885681901,3.203376325821249,1.9886247514628503,1.731827211838711,1.2740351037709077,1.7022048609656437,1.632927850882256,0.0,0.0,0.0,0.0,0.0,0.0,0.0,0.0,0.0,0.0,0.0,0.0,0.0,0.0,0.0,0.0,0.0,0.0,0.0,0.0,0.0,0.0,0.0,0.0,0.0,0.0,0.0,0.0,19.911226362473514,2.8444609089247876,0.7150967471515531,1.7022048609656437,3.3913456792783734,1.7022048609656437,1.719978271489484,2.4676017688299803,3.257719543891201,3.312376370339166,3.350873160352653,3.3913456792783734,13.137952416415224,1.876850345202175,0.32243280624349446,1.2740351037709077,2.339332557881042,1.2740351037709077,1.4893707520377166,1.7059884418338962,1.9886247514628503,2.061991559816316,2.1808997545615574,2.339332557881042,0.3333333333333333,1.0,0.2943802349145478,4.944159252733579,3.738210186435788,-0.641301321325688,0.5326788894266082,-0.5522552091426227,-0.7200804684123971,-0.6663874605714655,0.19342148640752488,-0.2649844038371118,0.5217096444885304,0.8109268231910582,-38.401,12.756,15.709
A,390,.,4.248210072821051,0.42583825080649046,5,3.3054387679930595,2.4141533009984224,3.203376325821249,1.9886247514628503,2.58665816081605,1.7827321789085375,1.9739101780950004,1.9492588217016593,0.4824082478494958,1.0712410918719777,0.0,0.0,0.0,0.0,0.0,0.0,0.0,0.0,0.0,0.0,0.0,0.0,0.0,0.0,0.0,0.0,0.0,0.0,0.0,0.0,0.0,0.0,0.0,0.0,0.0,0.0,0.0,0.0,0.0,0.0,0.0,0.0,11.551791680574855,2.310358336114971,1.0313686709611032,0.4824082478494958,3.3054387679930595,0.4824082478494958,1.0790090199476976,1.9739101780950004,2.58665816081605,3.203376325821249,3.264613791124335,3.3054387679930595,9.206010144943447,1.8412020289886892,0.4377079980317286,1.0712410918719777,2.4141533009984224,1.0712410918719777,1.3558375266866016,1.7827321789085375,1.9492588217016593,1.9886247514628503,2.2439418811841936,2.4141533009984224,0.23809523809523808,1.0,0.42583825080649046,4.248210072821051,3.4135981730295857,-0.3560825145392475,0.6012225749184739,0.7153577134887179,0.04231327869296466,0.7751238549441187,-0.6303908279336083,-0.9334960253186181,-0.1942020208570673,-0.30144774971688393,-41.584,10.604,15.72
A,391,.,4.636028560894883,0.33679728687259236,6,3.3054387679930595,2.4141533009984224,3.3008612596094924,2.339332557881042,3.2160759087588695,2.5083952858569045,3.1628428950804572,0.7778329387265879,1.3266398935516015,1.214713911541955,0.33738824552835356,0.012466864694328943,0.0,0.0,0.0,0.0,0.0,0.0,0.0,0.0,0.0,0.0,0.0,0.0,0.0,0.0,0.0,0.0,0.0,0.0,0.0,0.0,0.0,0.0,0.0,0.0,0.0,0.0,0.0,0.0,0.0,0.0,14.649246970521833,2.441541161753639,1.174407276186716,0.33738824552835356,3.3054387679930595,0.33738824552835356,0.8320140695399776,1.7856906439338154,3.189459401919663,3.2796649218968366,3.303150013801276,3.3054387679930595,9.266894859699242,1.5444824766165404,0.9452347639534243,0.012466864694328943,2.5083952858569045,0.012466864694328943,0.3951499017104584,0.8870531819304297,1.7770232347114985,2.3954481152190774,2.4612742934276635,2.5083952858569045,0.2857142857142857,1.0,0.33679728687259236,4.636028560894883,3.5666676072979486,0.4501283875950621,0.559091497755393,-0.6962766201867623,-0.6607989410915927,-0.3158956132436534,-0.680848530134013,-0.6006073543782987,0.766568104391937,0.2272534866523572,-42.346,11.817,12.16
A,392,.,5.470427341324043,0.18015262665669735,14,3.590759330111604,2.1462949595003926,3.3913456792783734,2.0487052339507303,3.328365005845795,1.687300398998037,3.3085592953008596,1.2569712441264036,3.2115974012895023,1.5137438589597052,3.1628428950804572,0.7778329387265879,3.159172528501101,1.1255754922463266,2.8211109933862244,1.0428810911643436,2.58665816081605,1.7827321789085375,2.467014196946412,0.0,1.9108793886347761,0.8096716467721853,1.67954589528654,1.411250353656865,0.752472134644629,1.1384321812518972,0.21180025874017738,0.8461214544072388,0.0,0.0,0.0,0.0,0.0,0.0,0.0,0.0,0.0,0.0,0.0,0.0,0.0,0.0,35.582123163862505,2.5415802259901787,1.0036317845956404,0.21180025874017738,3.590759330111604,0.21180025874017738,1.0305942628372025,2.049913090712685,2.9901417609436627,3.28431882179802,3.3724514772486,3.590759330111604,17.58751303266925,1.2562509309049463,0.549327493349655,0.0,2.1462949595003926,0.0,0.7873845511402671,0.8953113635965151,1.1977017126891503,1.643911263988454,1.9689133174380729,2.1462949595003926,0.6666666666666666,0.9285714285714286,0.18015262665669735,5.470427341324043,3.775451797242303,-0.17034898601588114,-0.5939308926358134,-0.786274327277819,-0.9100745439681197,0.4007749322762391,-0.10556409465436109,0.3778168172336696,0.6975855133471464,-0.6087929895979569,-39.734,9.371,10.862
A,393,.,4.941186611600391,0.2487345972559016,9,3.940571588832562,2.280257681109955,3.3811749302064156,2.1531229049918017,3.2115974012895023,1.5137438589597052,2.959472771683675,1.7971217332250038,2.34694450347447,0.0,1.5624427363092923,1.449480405573055,1.3266398935516015,1.214713911541955,0.8603677898186599,1.1125579279667202,0.4824082478494958,1.0712410918719777,0.0,0.0,0.0,0.0,0.0,0.0,0.0,0.0,0.0,0.0,0.0,0.0,0.0,0.0,0.0,0.0,0.0,0.0,0.0,0.0,0.0,0.0,0.0,0.0,20.071619863015673,2.2301799847795194,1.1524013620949494,0.4824082478494958,3.940571588832562,0.4824082478494958,0.7847758814248271,1.3266398935516015,2.34694450347447,3.2115974012895023,3.493054261931645,3.940571588832562,12.592239515240173,1.399137723915575,0.6411941073329684,0.0,2.280257681109955,0.0,0.8569928734975822,1.1125579279667202,1.449480405573055,1.7971217332250038,2.1785498602154325,2.280257681109955,0.42857142857142855,0.8888888888888888,0.2487345972559016,4.941186611600391,3.5711719156075716,0.8476676777036504,0.456349545133712,0.2705634876193658,-0.5270880223308086,0.7823987228316157,0.3317083888400377,-0.060313554794071786,-0.4237892532470719,0.9037504876570701,-40.49,5.698,11.129
A,394,.,4.960093646975669,0.2490048136693663,8,3.4504731421963,2.015510835785149,3.3811749302064156,2.1531229049918017,3.256059849995155,1.9395787192164522,3.1740039740726633,2.396721857342929,2.6017559162842927,0.9628154747706017,2.3211114159641766,0.39307668752821545,2.2822742165611523,0.0,1.67954589528654,1.411250353656865,0.0,0.0,0.0,0.0,0.0,0.0,0.0,0.0,0.0,0.0,0.0,0.0,0.0,0.0,0.0,0.0,0.0,0.0,0.0,0.0,0.0,0.0,0.0,0.0,0.0,0.0,22.146399340566695,2.768299917570837,0.60133210313286,1.67954589528654,3.4504731421963,1.67954589528654,2.1014557201787687,2.3114021161134204,2.887879945178478,3.2873386200479704,3.401964393803381,3.4504731421963,11.272076833292015,1.409009604161502,0.8212147562565518,0.0,2.396721857342929,0.0,0.2751536812697508,0.8203807779600052,1.6754145364366586,2.049913853086812,2.22620259069714,2.396721857342929,0.38095238095238093,0.875,0.2490048136693663,4.960093646975669,3.590738977796482,-0.2616930565455578,-0.9528011764386215,0.1539047183585423,-0.9039124930804407,0.29784924915177236,0.3069658444075295,-0.33831782248197584,-0.058785567590218545,-0.939193967204938,-37.512,3.514,12.099
A,395,.,5.093116257575919,0.282686490830264,8,3.6210047072925553,2.0409670500340176,3.4941623894565934,2.893184465190355,3.256059849995155,1.9395787192164522,3.12042030365976,2.091852950505553,3.070213390366299,1.1596634861548716,2.959472771683675,1.7971217332250038,1.9194708332953345,0.0,1.2072424531935586,1.0081075442422698,0.0,0.0,0.0,0.0,0.0,0.0,0.0,0.0,0.0,0.0,0.0,0.0,0.0,0.0,0.0,0.0,0.0,0.0,0.0,0.0,0.0,0.0,0.0,0.0,0.0,0.0,22.64804669894293,2.8310058373678664,0.7801870025888654,1.2072424531935586,3.6210047072925553,1.2072424531935586,1.7058023192648017,2.69947228708659,3.09531684701303,3.315585484860515,3.532215084807382,3.6210047072925553,12.930475948568525,1.6163094935710656,0.8189149022765233,0.0,2.893184465190355,0.0,0.705675280969589,1.1217745006767212,1.8683502262207279,2.0536885251519017,2.3322524049109936,2.893184465190355,0.38095238095238093,0.875,0.282686490830264,5.093116257575919,3.845156657001739,0.5831000221044056,0.635795132542645,-0.505726125147715,-0.803484282427328,0.5433078631230792,-0.24337126732807898,0.12003071321159255,0.5482527841276449,0.8276542228383799,-37.966,0.567,9.731
A,396,.,5.073495407495255,0.19132590293254625,9,3.6210047072925553,2.0409670500340176,3.5189241194375467,2.2405735097911874,3.159333866759847,0.18892470792752653,3.028847849765198,2.042610271532527,3.0092850188048237,1.6047589832973634,2.3211114159641766,0.39307668752821545,2.2617547651057346,0.0,2.123037285797482,1.5883899500299448,1.3772258663349806,0.0,0.0,0.0,0.0,0.0,0.0,0.0,0.0,0.0,0.0,0.0,0.0,0.0,0.0,0.0,0.0,0.0,0.0,0.0,0.0,0.0,0.0,0.0,0.0,0.0,24.420524895262346,2.7133916550291497,0.6952450340251795,1.3772258663349806,3.6210047072925553,1.3772258663349806,1.973875001904982,2.2617547651057346,3.0092850188048237,3.159333866759847,3.5393402370085485,3.6210047072925553,10.099301160140781,1.1221445733489757,0.9014514676883377,0.0,2.2405735097911874,0.0,0.0,0.18892470792752653,1.5883899500299448,2.0409670500340176,2.082202919184259,2.2405735097911874,0.42857142857142855,0.7777777777777778,0.19132590293254625,5.073495407495255,3.4458355094746045,0.7585695940725607,-0.46038489198541804,-0.4611051096877646,0.33677874219600645,0.8828268842154683,-0.32740918024894167,0.5578102273654242,0.09307225009627257,0.8247334760445648,-34.807,-1.579,9.987
A,397,.,4.881398286434741,0.29543335485229705,6,3.5189241194375467,2.2405735097911874,3.3189129966396806,2.0305545603237714,3.1740039740726633,2.396721857342929,3.1295067616284205,1.9338679317325256,3.0231236801459036,2.1663907292357427,2.093757330042644,0.0,0.0,0.0,0.0,0.0,0.0,0.0,0.0,0.0,0.0,0.0,0.0,0.0,0.0,0.0,0.0,0.0,0.0,0.0,0.0,0.0,0.0,0.0,0.0,0.0,0.0,0.0,0.0,0.0,0.0,0.0,18.258228861966856,3.0430381436611427,0.45253617093672543,2.093757330042644,3.5189241194375467,2.093757330042644,2.558440505094274,3.049719450516533,3.1517553678505417,3.2826857409979264,3.4189185580386137,3.5189241194375467,10.768108588426156,1.7946847647376927,0.8160198809983624,0.0,2.396721857342929,0.0,0.9669339658662628,1.958039588880337,2.098472644779757,2.2220278146523262,2.3186476835670584,2.396721857342929,0.2857142857142857,0.8333333333333334,0.29543335485229705,4.881398286434741,3.680017048755161,0.6002971822125425,-0.6849196228136909,0.4129508485430596,-0.7997380223555263,-0.5089630309638704,0.318395553849205,-0.007898647134375866,-0.5213844487485425,-0.8532853379594806,-31.951,-1.515,12.529
A,398,.,4.908888537235794,0.31830787469642435,8,3.647726675724062,1.1143412704485511,3.4563229900115973,2.805358383569208,3.326319369513979,2.357644138033948,3.3189129966396806,2.0305545603237714,2.123037285797482,1.5883899500299448,1.0814627388473965,0.6059021399094522,1.0740565833721736,1.235852212847565,0.9941920715317742,1.055652594227974,0.0,0.0,0.0,0.0,0.0,0.0,0.0,0.0,0.0,0.0,0.0,0.0,0.0,0.0,0.0,0.0,0.0,0.0,0.0,0.0,0.0,0.0,0.0,0.0,0.0,0.0,19.022030711438145,2.377753838929768,1.1135989169557796,0.9941920715317742,3.647726675724062,0.9941920715317742,1.0500972298200537,1.079611199978591,2.7209751412185814,3.3588202746383837,3.5137440957253365,3.647726675724062,12.793695249390414,1.5992119061738017,0.6951108897833795,0.6059021399094522,2.805358383569208,0.6059021399094522,0.9207274579324175,1.0996691013934068,1.4121210814387548,2.1123269547513157,2.491958411694526,2.805358383569208,0.38095238095238093,1.0,0.31830787469642435,4.908888537235794,3.7798352811054867,0.8364689435754087,-0.4600391049213938,-0.2977981336022148,0.40383516289986404,0.8847903041026147,-0.232515115576693,0.370454946841691,0.07423031529722456,0.9258795778347175,-28.806,-3.581,12.193
A,399,.,4.440613181024739,0.3324335470196097,5,3.3755342149030896,2.4135807016502135,3.326319369513979,2.357644138033948,3.0231236801459036,2.1663907292357427,1.893768374509506,0.3366343663346235,1.5154744254318306,0.0,0.0,0.0,0.0,0.0,0.0,0.0,0.0,0.0,0.0,0.0,0.0,0.0,0.0,0.0,0.0,0.0,0.0,0.0,0.0,0.0,0.0,0.0,0.0,0.0,0.0,0.0,0.0,0.0,0.0,0.0,0.0,0.0,13.13422006450431,2.626844012900862,0.771930387963708,1.5154744254318306,3.3755342149030896,1.5154744254318306,1.6667920050629008,1.893768374509506,3.0231236801459036,3.326319369513979,3.3558482767474453,3.3755342149030896,7.274249935254527,1.4548499870509055,1.0590077194421352,0.0,2.4135807016502135,0.0,0.1346537465338494,0.3366343663346235,2.1663907292357427,2.357644138033948,2.3912060762037073,2.4135807016502135,0.23809523809523808,0.8,0.3324335470196097,4.440613181024739,3.3626951596656074,-0.0645023277971522,-0.8489190774198629,-0.5245720634015476,0.997505695529695,-0.06994998094275849,-0.009454499030999111,-0.028667701243179015,-0.5238734581544634,0.8513135513703017,-26.311,-2.3,14.778
A,400,.,4.887425007520819,0.3298322124346734,8,3.442390507304735,2.4294820261823964,3.4011207120564495,2.4912779763785946,3.3755342149030896,2.4135807016502135,2.8754498670709188,0.0,2.7348933451697035,1.6008955299562877,2.0002468077082876,0.8065205077276286,1.7283030290962738,1.913341206598363,1.0814627388473965,0.6059021399094522,0.0,0.0,0.0,0.0,0.0,0.0,0.0,0.0,0.0,0.0,0.0,0.0,0.0,0.0,0.0,0.0,0.0,0.0,0.0,0.0,0.0,0.0,0.0,0.0,0.0,0.0,20.639401222156856,2.579925152769607,0.8268335112595119,1.0814627388473965,3.442390507304735,1.0814627388473965,1.5342509420216106,1.932260863055284,2.805171606120311,3.38193083919143,3.413501650630935,3.442390507304735,12.261000088402936,1.532625011050367,0.8933111917024612,0.0,2.4912779763785946,0.0,0.42413149793661653,0.7563659157730845,1.7571183682773253,2.417556032783259,2.448020811241256,2.4912779763785946,0.38095238095238093,0.875,0.3298322124346734,4.887425007520819,3.7934593776890195,-0.48614569716556594,-0.21369172418291837,-0.8473477492406155,0.24925542438341605,-0.9632691435068192,0.09992142204293243,-0.8375763216226022,-0.1626296534564659,0.5215529707266374,-25.297,1.298,14.037
A,401,.,5.251234296713589,0.02704729156987372,13,3.647726675724062,1.1143412704485511,3.3636858736518676,0.9636398582471829,3.07875361760544,0.0,2.8754498670709188,0.0,2.8487102907469692,0.9021268966658815,2.83367794199623,0.0,2.8248015936867152,0.0,2.622259896482,0.0,2.2617547651057346,0.0,2.093757330042644,0.0,1.981966520296,0.0,1.5154744254318306,0.0,0.4900997183797385,0.0,0.0,0.0,0.0,0.0,0.0,0.0,0.0,0.0,0.0,0.0,0.0,0.0,0.0,0.0,0.0,0.0,32.43811851622015,2.4952398858630884,0.8034243694976294,0.4900997183797385,3.647726675724062,0.4900997183797385,1.6087728444046645,2.093757330042644,2.8248015936867152,2.8754498670709188,3.3066994224425823,3.647726675724062,2.9801080253616155,0.2292390788739704,0.42071678418519654,0.0,1.1143412704485511,0.0,0.0,0.0,0.0,0.0,0.9513372659309227,1.1143412704485511,0.6190476190476191,0.23076923076923078,0.02704729156987372,5.251234296713589,1.8137851139850258,-0.9648192899758297,0.21972652970764078,0.14437447777627863,0.10647633328778622,-0.17553064901386087,0.9786990250870596,0.24038828619573835,0.9596401634984907,0.14595968094123038,-27.152,0.998,10.676
A,402,.,5.157734891998408,0.1664140204197324,11,3.442390507304735,2.4294820261823964,3.364567974839365,1.7481941318481193,3.2719728914800674,1.9048946834397804,3.1295067616284205,1.9338679317325256,3.07875361760544,0.0,2.9726529838580937,0.0,2.6017559162842927,0.9628154747706017,2.078203275344419,0.0,1.893768374509506,0.3366343663346235,1.3772258663349806,0.0,0.0010502083381202052,0.0,0.0,0.0,0.0,0.0,0.0,0.0,0.0,0.0,0.0,0.0,0.0,0.0,0.0,0.0,0.0,0.0,0.0,0.0,0.0,0.0,27.21184837752744,2.4738043979570397,1.0108395336618603,0.0010502083381202052,3.442390507304735,0.0010502083381202052,1.3772258663349806,1.9859858249269626,2.9726529838580937,3.200739826554244,3.364567974839365,3.442390507304735,9.315888614308049,0.8468989649370954,0.9282316756598193,0.0,2.4294820261823964,0.0,0.0,0.0,0.3366343663346235,1.8265444076439499,1.9338679317325256,2.4294820261823964,0.5238095238095238,0.5454545454545454,0.1664140204197324,5.157734891998408,3.3928767611094552,-0.45005147524494615,0.8469262137303697,-0.28314246966180767,0.3788532012221608,-0.10603865733241971,-0.9193617650712143,-0.8086556260569566,-0.521029549687422,-0.2731378531052657,-30.56,2.642,11.151
A,403,.,5.112968542199986,0.04137355072236719,14,3.159333866759847,0.18892470792752653,3.0928272233447687,0.0,3.070213390366299,1.1596634861548716,2.9726529838580937,0.0,2.867910265615904,0.36667507553202106,2.784955685139516,0.823416383023404,2.622259896482,0.0,2.5055014468949377,0.0,2.2822742165611523,0.0,2.2153940635042355,0.0,1.9622684762038116,0.0,1.2597641174427225,0.0,0.5640072740866684,1.118555428967692,0.2631201325733587,0.5037623373864315,0.0,0.0,0.0,0.0,0.0,0.0,0.0,0.0,0.0,0.0,0.0,0.0,0.0,0.0,31.622483038833316,2.258748788488094,0.9047043511468559,0.2631201325733587,3.159333866759847,0.2631201325733587,0.7727343270934847,2.0255498730289174,2.5638806716884686,2.9464673042975464,3.086043073451228,3.159333866759847,4.160997418991947,0.2972141013565676,0.4192861900934883,0.0,1.1596634861548716,0.0,0.0,0.0,0.0,0.4694905219228289,1.030013715184406,1.1596634861548716,0.6666666666666666,0.42857142857142855,0.04137355072236719,5.112968542199986,2.058393451616793,-0.9324022871657451,0.16121790749049333,0.3234729682561961,0.28850703681640555,-0.20707221230272851,0.9348180510663403,0.2176916732341974,0.9649507164598823,0.14656210358771118,-32.978,3.023,8.216
A,404,.,5.421844106618995,0.13498967127928188,14,3.4504731421963,2.015510835785149,3.3303849987248837,1.525849760427368,3.304308289364603,0.0,3.2719728914800674,1.9048946834397804,3.159172528501101,1.1255754922463266,3.0928272233447687,0.0,2.962015187622079,0.0,2.7440284837674453,2.1942858189682966,2.5600605033884247,1.2828736295305336,2.34694450347447,0.0,2.298628275104862,0.0,1.9194708332953345,0.0,1.3676491138010396,0.0,0.5114466309011383,1.0742376255264547,0.0,0.0,0.0,0.0,0.0,0.0,0.0,0.0,0.0,0.0,0.0,0.0,0.0,0.0,36.31938260496652,2.594241614640466,0.8199117156957672,0.5114466309011383,3.4504731421963,0.5114466309011383,1.533195629649328,2.3107073321972638,2.8530218356947623,3.243772800735326,3.3225619859167996,3.4504731421963,11.12322784592391,0.7945162747088508,0.8478165777956599,0.0,2.1942858189682966,0.0,0.0,0.0,0.5371188127632274,1.4651057277031594,1.9823259900815386,2.1942858189682966,0.6666666666666666,0.5,0.13498967127928188,5.421844106618995,3.4472103596842913,-0.47011973789478106,0.7858348499381668,-0.4018096821436753,0.2454780348841164,-0.3208742022677825,-0.9147569517136488,-0.8477782531011131,-0.5286807495470902,-0.04205589883894881,-36.053,5.256,8.462
A,405,.,5.34137897286448,0.195346682178857,12,3.940571588832562,2.280257681109955,3.3053947472886476,0.032440084252231306,3.2547717863857297,2.0073384814233246,3.12042030365976,2.091852950505553,3.088357032659813,1.7656447626077938,2.962015187622079,0.0,2.8328897622975204,2.1794090411328693,2.467014196946412,0.0,2.3385003491386005,1.6149128973143698,2.2539062726256627,0.0,0.33738824552835356,0.012466864694328943,0.1588046902432409,0.9207408155477664,0.0,0.0,0.0,0.0,0.0,0.0,0.0,0.0,0.0,0.0,0.0,0.0,0.0,0.0,0.0,0.0,0.0,0.0,30.06003416322838,2.505002846935698,1.1028169873066727,0.1588046902432409,3.940571588832562,0.1588046902432409,0.5290400482380846,2.317351830010366,2.8974524749598,3.1540081743412527,3.3003324511983556,3.940571588832562,12.90506357858819,1.0754219648823493,0.9596302717102023,0.0,2.280257681109955,0.0,0.0,0.009350148520746707,1.2678268564310682,2.0284670986938815,2.1706534320701376,2.280257681109955,0.5714285714285714,0.75,0.195346682178857,5.34137897286448,3.7279349348670965,-0.7760842804570551,0.2812425460148486,0.5644429288586587,0.5338459299836052,-0.18347843238386238,0.8254357563674476,0.335710757449616,0.941933275323176,-0.007745461352235472,-38.852,6.303,6.097
A,406,.,5.1786485401554865,0.23474611681895263,9,3.590759330111604,2.1462949595003926,3.5548222089674937,1.7926623948013765,3.3053947472886476,0.032440084252231306,3.2275897481200535,1.9127063834269624,3.2160759087588695,2.5083952858569045,3.098938470332401,2.17287837696043,2.3588869734473166,0.0,0.8603677898186599,1.1125579279667202,0.5151215829054789,1.0802853719752255,0.0,0.0,0.0,0.0,0.0,0.0,0.0,0.0,0.0,0.0,0.0,0.0,0.0,0.0,0.0,0.0,0.0,0.0,0.0,0.0,0.0,0.0,0.0,0.0,23.727956759750526,2.6364396399722807,1.0970897041723033,0.5151215829054789,3.590759330111604,0.5151215829054789,0.7913185484360237,2.3588869734473166,3.2160759087588695,3.3053947472886476,3.5620096331963156,3.590759330111604,12.758220784740242,1.4175800871933601,0.8700043313987141,0.0,2.5083952858569045,0.0,0.025952067401785045,1.0802853719752255,1.7926623948013765,2.1462949595003926,2.239981758739725,2.5083952858569045,0.42857142857142855,0.8888888888888888,0.23474611681895263,5.1786485401554865,3.747602787273101,-0.5937638663021407,0.7710903110309806,-0.2299221679353235,-0.3715939428182272,-0.5162253360612344,-0.7716406832647367,-0.7136963028731041,-0.37273467056689413,0.5930484403677757,-41.949,8.472,5.929
A,407,.,4.75008638753572,0.3121124642619566,7,3.365141787564024,2.279017547278524,3.2547717863857297,2.0073384814233246,3.2275897481200535,1.9127063834269624,3.079452825045525,1.8538340197817615,2.2134368891606577,1.9656007252560763,1.7681683747438,0.0,1.5624427363092923,1.449480405573055,0.0,0.0,0.0,0.0,0.0,0.0,0.0,0.0,0.0,0.0,0.0,0.0,0.0,0.0,0.0,0.0,0.0,0.0,0.0,0.0,0.0,0.0,0.0,0.0,0.0,0.0,0.0,0.0,18.471004147329083,2.638714878189869,0.7116700705318513,1.5624427363092923,3.365141787564024,1.5624427363092923,1.685878119369997,1.9908026319522287,3.079452825045525,3.2411807672528914,3.2989197868570477,3.365141787564024,11.467977562739703,1.6382825089628148,0.7066285794391912,0.0,2.279017547278524,0.0,0.8696882433438331,1.6516572126774083,1.9127063834269624,1.9864696033397005,2.1160101077654043,2.279017547278524,0.3333333333333333,0.8571428571428571,0.3121124642619566,4.75008638753572,3.604581664740168,-0.4637021625528498,0.49402550938222795,0.7354720256566123,0.7521262157063193,0.6582390308817735,0.032055169179319165,-0.4682803221267167,0.5680318426844166,-0.6767963989306123,-44.996,7.041,4.185
A,408,.,4.995375195476744,0.24294154527534353,9,3.5693016838845217,2.3171406451032355,3.365141787564024,2.279017547278524,3.2693940189430997,1.9156600507808603,3.098938470332401,2.17287837696043,2.8555272330253434,1.4722633199804815,2.6808982334425084,0.0,1.6710070292511434,0.0,1.371655230003073,0.0,0.46245773042768057,0.5870502827281943,0.0,0.0,0.0,0.0,0.0,0.0,0.0,0.0,0.0,0.0,0.0,0.0,0.0,0.0,0.0,0.0,0.0,0.0,0.0,0.0,0.0,0.0,0.0,0.0,22.344321416873797,2.482702379652644,1.0061461972662364,0.46245773042768057,3.5693016838845217,0.46245773042768057,1.1898157300879946,1.6710070292511434,2.8555272330253434,3.2693940189430997,3.4059737668281236,3.5693016838845217,10.744010222831726,1.1937789136479695,0.9798202832373135,0.0,2.3171406451032355,0.0,0.0,0.0,1.4722633199804815,2.17287837696043,2.286642166843466,2.3171406451032355,0.42857142857142855,0.6666666666666666,0.24294154527534353,4.995375195476744,3.6013156063586154,-0.2950653603612075,0.2719262822200734,-0.9159653542317415,-0.3272662571489532,-0.9294231837878522,-0.17049733830581537,-0.8976821431033516,0.24945669458970487,0.3632328832550168,-45.852,9.547,1.445
A,409,.,4.928000283195111,0.2776766434017608,10,3.5693016838845217,2.3171406451032355,3.261797373780805,1.9108497981522568,3.0464634099603485,2.276066564433237,3.0127958589798713,1.3461960630015453,2.512351568866578,0.0,2.326000793117609,0.0,2.2134368891606577,1.9656007252560763,1.8942919898748345,1.5439175761403954,1.4085400800672043,0.0,0.5152930300301422,1.0158428111789484,0.0,0.0,0.0,0.0,0.0,0.0,0.0,0.0,0.0,0.0,0.0,0.0,0.0,0.0,0.0,0.0,0.0,0.0,0.0,0.0,0.0,0.0,23.760272677722575,2.3760272677722574,0.8798526130352402,0.5152930300301422,3.5693016838845217,0.5152930300301422,1.319215375063498,1.9740782146962903,2.4191761809920935,3.0380465222152293,3.2925478047911767,3.5693016838845217,12.375614183265695,1.2375614183265695,0.8931311345385643,0.0,2.3171406451032355,0.0,0.0,0.2539607027947371,1.4450568195709703,1.9519129934801214,2.280173972500237,2.3171406451032355,0.47619047619047616,0.7,0.2776766434017608,4.928000283195111,3.6653630994608757,-0.3386196889598219,0.15237817145857027,0.9285028805080231,0.8343377911212791,0.5048257324263099,0.22143041838714184,-0.43499098445326223,0.8496657417733061,-0.2980787994829544,-47.874,9.192,-1.783
A,410,.,4.77445278720111,0.2988035333704876,7,3.580946187323841,2.547928396204157,3.352735163712483,2.187334722432122,3.261797373780805,1.9108497981522568,3.093788679026341,1.3393835548505693,1.8981579460178004,1.9497456412848369,1.2637650798382742,0.0,0.46245773042768057,0.5870502827281943,0.0,0.0,0.0,0.0,0.0,0.0,0.0,0.0,0.0,0.0,0.0,0.0,0.0,0.0,0.0,0.0,0.0,0.0,0.0,0.0,0.0,0.0,0.0,0.0,0.0,0.0,0.0,0.0,16.913648160127224,2.416235451446746,1.122591122121577,0.46245773042768057,3.580946187323841,0.46245773042768057,0.9432421400740368,1.5809615129280372,3.093788679026341,3.307266268746644,3.4440195731570262,3.580946187323841,10.522292395652137,1.5031846279503054,0.8494414533311332,0.0,2.547928396204157,0.0,0.3522301696369166,0.9632169187893818,1.9108497981522568,2.0685401818584794,2.331572191940936,2.547928396204157,0.3333333333333333,0.8571428571428571,0.2988035333704876,4.77445278720111,3.5861024039889275,-0.4602538151576238,0.24309557415312527,-0.8538565262735973,-0.3888915593223726,-0.9198009003959906,-0.052246135919690906,-0.7980788060841268,0.3080111125558422,0.5178796904894486,-48.62,11.736,-4.495
A,411,.,4.431946565178831,0.41695768915161807,5,3.580946187323841,2.547928396204157,3.3097361185988947,2.451246448295365,3.0745850427622536,2.330355889939402,0.5152930300301422,1.0158428111789484,0.4018084306046205,0.7976828561306992,0.0,0.0,0.0,0.0,0.0,0.0,0.0,0.0,0.0,0.0,0.0,0.0,0.0,0.0,0.0,0.0,0.0,0.0,0.0,0.0,0.0,0.0,0.0,0.0,0.0,0.0,0.0,0.0,0.0,0.0,0.0,0.0,10.882368809319754,2.1764737618639507,1.4122597988851848,0.4018084306046205,3.580946187323841,0.4018084306046205,0.4472022703748292,0.5152930300301422,3.0745850427622536,3.3097361185988947,3.4724621598338623,3.580946187323841,9.14305640174857,1.828611280349714,0.758978961383919,0.7976828561306992,2.547928396204157,0.7976828561306992,0.8849468381499989,1.0158428111789484,2.330355889939402,2.451246448295365,2.50925561704064,2.547928396204157,0.23809523809523808,1.0,0.41695768915161807,4.431946565178831,3.573667236072328,0.05722740571152777,0.6527353827458942,-0.7554214347945784,-0.9978617754526931,0.013467104229552286,-0.06395712778157969,-0.031573741082221045,0.7574662746388394,0.6521103753651151,-51.45,10.91,-6.895
A,412,.,4.575271336937184,0.3161786808866687,8,3.3097361185988947,2.451246448295365,3.166006552437269,0.0,3.0464634099603485,2.276066564433237,2.4727328488562916,1.9587248320068333,1.9405098795266396,1.5549078062713628,1.6234492929817526,0.6507656372420715,1.5033437944225228,0.2525516625907905,1.2637650798382742,0.0,0.0,0.0,0.0,0.0,0.0,0.0,0.0,0.0,0.0,0.0,0.0,0.0,0.0,0.0,0.0,0.0,0.0,0.0,0.0,0.0,0.0,0.0,0.0,0.0,0.0,0.0,18.326006976621994,2.290750872077749,0.7625034583647009,1.2637650798382742,3.3097361185988947,1.2637650798382742,1.4314701800472482,1.593422918341945,2.2066213641914656,3.0763491955795788,3.209125422285757,3.3097361185988947,9.14426295083966,1.1430328688549576,0.9668579621747367,0.0,2.451246448295365,0.0,0.0,0.18941374694309288,1.1028367217567172,2.038060265113434,2.3286205295918756,2.451246448295365,0.38095238095238093,0.75,0.3161786808866687,4.575271336937184,3.4458629880334404,0.918320539016914,0.36454184132879375,0.15426157506098875,-0.3746642997986266,0.9262280422502001,0.041572541487938715,-0.12772646584044106,-0.09597322371356554,0.9871550487405393,-51.362,7.267,-5.741
A,413,.,5.210034308587534,0.1475217454289212,13,3.191907424636481,0.0,3.166006552437269,0.0,3.0939745142997706,1.373614307962516,3.093788679026341,1.3393835548505693,3.0745850427622536,2.330355889939402,2.83174167344476,1.6722436832264918,2.6683248272958267,0.6981297469342302,2.6063939273722783,0.0,2.326000793117609,0.0,2.1650227297700417,1.5739661631258475,1.9177810671335593,1.296377859247515,1.8762599186982123,0.0,1.4010450330657986,0.0,0.0,0.0,0.0,0.0,0.0,0.0,0.0,0.0,0.0,0.0,0.0,0.0,0.0,0.0,0.0,0.0,33.4128321830602,2.5702178602354,0.5630730054280861,1.4010450330657986,3.191907424636481,1.4010450330657986,1.8845641483852817,2.1650227297700417,2.6683248272958267,3.093788679026341,3.1516001448097697,3.191907424636481,10.28407120528657,0.7910824004066593,0.804675019402017,0.0,2.330355889939402,0.0,0.0,0.0,0.6981297469342302,1.373614307962516,1.652588179206363,2.330355889939402,0.6190476190476191,0.5384615384615384,0.1475217454289212,5.210034308587534,3.3273269197621786,0.5878163054070481,-0.747355764383288,-0.3097278685244181,0.07561395427495612,0.4319345209378466,-0.8987297143975477,0.8054529911897483,0.5048682313884131,0.3104086788706511,-47.631,6.992,-6.297
A,414,.,5.066492617440491,0.09089507592517608,12,3.2730609339262804,1.635746779157402,3.191907424636481,0.0,3.1470532392281574,0.7869471296306164,3.0561545219531308,0.902885278955274,2.901075380311524,1.5565095979187975,2.9000580274855854,0.16870595035073171,2.54105066040604,1.064469328545409,2.512351568866578,0.0,1.5033437944225228,0.2525516625907905,1.371655230003073,0.0,0.9661507996829912,0.784755060757722,0.6496862905490755,0.20330241127642393,0.0,0.0,0.0,0.0,0.0,0.0,0.0,0.0,0.0,0.0,0.0,0.0,0.0,0.0,0.0,0.0,0.0,0.0,28.013547871471438,2.33446232262262,0.9055890107064879,0.6496862905490755,3.2730609339262804,0.6496862905490755,1.0067012427149995,1.4704216533176604,2.7205543439458126,3.0788792012718873,3.1874220060956486,3.2730609339262804,7.355873199183167,0.6129894332652639,0.5705491571998436,0.0,1.635746779157402,0.0,0.0,0.12652946276304877,0.5186533616742562,0.9432812913528078,1.507305570981459,1.635746779157402,0.5714285714285714,0.75,0.09089507592517608,5.066492617440491,2.729590598646411,0.8002958432558439,-0.3018493802136599,-0.5180863971694752,0.5810815280549386,0.17732341517073757,0.7942925557913306,-0.14788786637434248,-0.9367194660605788,0.3173102911700612,-45.262,6.07,-3.483
A,415,.,5.170951556168954,0.19652013958463307,11,3.352735163712483,2.187334722432122,3.2693940189430997,1.9156600507808603,3.1832154860534625,1.9272572605561036,3.1595079130608474,1.381553139269673,3.0561545219531308,0.902885278955274,3.041847434519018,1.808380570244291,2.6683248272958267,0.6981297469342302,2.5231493207113047,1.2210599834216358,1.6817585740137266,0.0,1.6063792394594987,1.059382775476108,1.4085400800672043,0.0,0.0,0.0,0.0,0.0,0.0,0.0,0.0,0.0,0.0,0.0,0.0,0.0,0.0,0.0,0.0,0.0,0.0,0.0,0.0,0.0,28.951006579789603,2.631909689071782,0.6954785247070222,1.4085400800672043,3.352735163712483,1.4085400800672043,1.6063792394594987,2.1024539473625157,3.041847434519018,3.171361699557155,3.2693940189430997,3.352735163712483,13.101643528070298,1.1910585025518452,0.7172218451668739,0.0,2.187334722432122,0.0,0.0,0.8005075129447521,1.2210599834216358,1.8620203105125757,1.9272572605561036,2.187334722432122,0.5238095238095238,0.8181818181818182,0.19652013958463307,5.170951556168954,3.56691518928933,0.5709615726440244,-0.6400761713146452,0.51410638731594,-0.14668713214241538,-0.6956731851988454,-0.7032223721264322,0.8077659115286409,0.326100159936296,-0.4910935937902531,-42.655,8.774,-2.775
A,416,.,4.971668944856398,0.19522723307004095,13,3.1595079130608474,1.381553139269673,3.155437498294578,0.0,3.088357032659813,1.7656447626077938,2.9197039972574492,1.3266903120918363,2.901075380311524,1.5565095979187975,2.6808982334425084,0.0,2.3588869734473166,0.0,2.074282004128326,1.6869969228990767,1.7681683747438,0.0,1.4367949664124393,1.995881927768405,1.2796302183315587,0.8009561961936856,0.9488005154898271,0.9718805828289685,0.17667313444927757,0.0,0.0,0.0,0.0,0.0,0.0,0.0,0.0,0.0,0.0,0.0,0.0,0.0,0.0,0.0,0.0,0.0,27.948216242029265,2.149862787848405,0.9260005955872525,0.17667313444927757,3.1595079130608474,0.17667313444927757,1.0149664560581735,1.4367949664124393,2.3588869734473166,2.9197039972574492,3.142021405167625,3.1595079130608474,11.486113441578237,0.8835471878137106,0.7583424520578615,0.0,1.995881927768405,0.0,0.0,0.0,0.9718805828289685,1.5565095979187975,1.7499151946660505,1.995881927768405,0.6190476190476191,0.6153846153846154,0.19522723307004095,4.971668944856398,3.3662508013756147,0.9412159417958768,-0.03642110548268101,-0.3358363500050585,0.33188520316983433,0.28501211682192906,0.8992331762015906,0.0629663626567276,-0.9578317160859221,0.28034557395057796,-41.604,7.533,0.696
A,417,.,5.060818963077179,0.1282500788190988,9,3.5548222089674937,1.7926623948013765,3.2927469118239823,2.1383010772358784,3.155437498294578,0.0,3.0083868653872288,0.02139439897087774,2.8555272330253434,1.4722633199804815,2.8211109933862244,1.0428810911643436,2.5231493207113047,1.2210599834216358,2.2539062726256627,0.0,1.36903629368361,0.0,0.0,0.0,0.0,0.0,0.0,0.0,0.0,0.0,0.0,0.0,0.0,0.0,0.0,0.0,0.0,0.0,0.0,0.0,0.0,0.0,0.0,0.0,0.0,0.0,24.83412359790543,2.7593470664339366,0.6140479326385299,1.36903629368361,3.5548222089674937,1.36903629368361,2.076932276837252,2.5231493207113047,2.8555272330253434,3.155437498294578,3.3451619712526846,3.5548222089674937,7.6885622655745935,0.8542846961749548,0.814067587738919,0.0,2.1383010772358784,0.0,0.0,0.0,1.0428810911643436,1.4722633199804815,1.861790131288277,2.1383010772358784,0.42857142857142855,0.6666666666666666,0.1282500788190988,5.060818963077179,3.049240096811422,0.4735422247206409,-0.8103206728581347,0.34516397341751337,-0.6927022626078801,-0.5846786389050069,-0.4222729740181249,0.5439865226129683,-0.039131781801093425,-0.838180986940483,-38.559,9.625,1.751
A,418,.,5.250320842363061,0.12804409773649822,16,3.524090302552208,1.4679688136963827,3.283111800243418,0.3961485097374736,3.2012046045096008,0.0,3.0083868653872288,0.02139439897087774,2.784955685139516,0.823416383023404,2.628776086873933,0.0,2.3385003491386005,1.6149128973143698,2.298628275104862,0.0,2.2717319935110787,0.540629832786032,2.1164253798927333,0.0,2.074282004128326,1.6869969228990767,1.9862840431935866,1.9605130064392469,1.9108793886347761,0.8096716467721853,1.3858667697157145,0.6502182805723219,1.2072424531935586,1.0081075442422698,0.9165466991117464,0.0,0.0,0.0,0.0,0.0,0.0,0.0,0.0,0.0,0.0,0.0,36.936912700330886,2.3085570437706804,0.7246316924181795,0.9165466991117464,3.524090302552208,0.9165466991117464,1.2965546114546367,1.967432879553884,2.2851801343079705,2.840813480201444,3.242158202376509,3.524090302552208,10.979978236453642,0.6862486397783526,0.6680087091200221,0.0,1.9605130064392469,0.0,0.0,0.0,0.595424056679177,1.123072861605798,1.6509549101067234,1.9605130064392469,0.7619047619047619,0.6875,0.12804409773649822,5.250320842363061,3.230040147248244,0.7402251645719032,-0.3752311828139453,-0.55791420951482,0.5180261364854856,0.8472602956652453,0.11746877588177282,0.4286206103915441,-0.3759674864044612,0.8215429517160326,-35.709,7.373,2.995
A,419,.,5.323236649349214,0.09767350760926409,16,3.328365005845795,1.687300398998037,3.304308289364603,0.0,3.2779783477030158,1.2795551176757833,3.2012046045096008,0.0,3.12645785857927,0.0,2.9699322980635783,1.02332464661841,2.8117673672005163,1.3835957230695568,2.667130979633346,0.9378017030412082,2.4945351466799566,0.5829326811385136,2.192532475511911,1.193461756300272,1.9636139366721657,1.4534131442664724,1.7071506583092302,0.0,1.2597641174427225,0.0,0.23523416438590444,0.022055675511106532,0.015082583827878257,0.19413483774614462,0.0010502083381202052,0.0,0.0,0.0,0.0,0.0,0.0,0.0,0.0,0.0,0.0,0.0,34.55610804206762,2.1597567526292263,1.1568818218802082,0.0010502083381202052,3.328365005845795,0.0010502083381202052,0.12515837410689135,1.5953040230926032,2.5808330631566516,3.1451445450618527,3.2911433185338095,3.328365005845795,9.757575684365506,0.6098484802728441,0.6269644006708989,0.0,1.687300398998037,0.0,0.0,0.0,0.3885337594423291,1.21498509664415,1.4185044336680146,1.687300398998037,0.7619047619047619,0.625,0.09767350760926409,5.323236649349214,3.041180416529487,0.43935636829462005,-0.6952374838693677,0.5688680186668549,-0.7188869918353595,-0.6518519179715925,-0.2414344010423204,0.5386719545408596,-0.30287607706741576,-0.7861924747359155,-33.134,8.471,5.54
A,420,.,4.8220649404302875,0.03313808095072189,12,3.3270555627817933,1.0100032724960155,3.217098245910438,0.6555963923056167,3.12645785857927,0.0,2.7407755057149137,0.8069668167594056,2.5055014468949377,0.0,2.1164253798927333,0.0,2.078203275344419,0.0,2.044334953894868,0.0,1.3676491138010396,0.0,0.4900997183797385,0.0,0.25686610030319945,0.13153164446032617,0.0007445047875196091,0.029309839213986638,0.0,0.0,0.0,0.0,0.0,0.0,0.0,0.0,0.0,0.0,0.0,0.0,0.0,0.0,0.0,0.0,0.0,0.0,23.27121166628487,1.9392676388570724,1.1183384990348084,0.0007445047875196091,3.3270555627817933,0.0007445047875196091,0.2801894621108534,1.1482617649457143,2.097314327618576,2.837196093931003,3.208034207177321,3.3270555627817933,2.633407965235351,0.21945066376961256,0.35839517268299825,0.0,1.0100032724960155,0.0,0.0,0.0,0.0,0.26254783142164884,0.7918297743140268,1.0100032724960155,0.5714285714285714,0.4166666666666667,0.03313808095072189,4.8220649404302875,1.6259643160204549,0.8314555817308215,-0.20705745167409445,-0.5155665110486631,0.38792538156284667,0.8806655528649108,0.2719229345540035,0.39773799661081055,-0.4260931772551293,0.8125571305136936,-30.467,6.265,7.064
A,421,.,4.983025459715731,0.2082300214591053,12,3.364567974839365,1.7481941318481193,3.3270555627817933,1.0100032724960155,3.2878196284846775,1.7729571414654386,2.81564222509227,1.8197539417475128,2.5600605033884247,1.2828736295305336,2.5379338567466174,1.2706000799961288,2.192532475511911,1.193461756300272,2.0002468077082876,0.8065205077276286,1.981966520296,0.0,1.5015987719666117,1.2439989622522403,0.4038738427166715,0.0,0.38345805284507445,1.2381597152827846,0.0,0.0,0.0,0.0,0.0,0.0,0.0,0.0,0.0,0.0,0.0,0.0,0.0,0.0,0.0,0.0,0.0,0.0,26.356756222377705,2.196396351864809,0.9803775003930545,0.38345805284507445,3.364567974839365,0.38345805284507445,0.5136463356416656,1.861874583213653,2.365233166129264,2.933686575940372,3.3231319693520818,3.364567974839365,13.386523138646673,1.1155435948872228,0.5783243846330421,0.0,1.8197539417475128,0.0,0.08065205077276294,0.9591325813039188,1.2410793387675123,1.3992037551099301,1.7704808405037067,1.8197539417475128,0.5714285714285714,0.8333333333333334,0.2082300214591053,4.983025459715731,3.439638624440653,0.5055779291261576,-0.776482728510924,0.37611903688159226,-0.8518461462099578,-0.5184270146577169,0.07477682569038847,0.136927355805001,-0.35820106476295954,-0.9235490763543284,-27.471,6.618,9.362
A,422,.,5.2730106702045765,0.16617682232501324,13,3.584820868355237,1.870604536940148,3.4169362073348717,0.8474078543376473,3.3636858736518676,0.9636398582471829,3.2878196284846775,1.7729571414654386,2.8137006747181643,1.3895440750750019,2.7960793932755204,0.8883849626204463,2.7348933451697035,1.6008955299562877,2.6720291635229967,0.9790551802748757,2.1916334203526766,1.4147676229192405,1.9610970984637148,1.4476669384419718,1.0740565833721736,1.235852212847565,0.6341145408672465,0.0,0.0007445047875196091,0.029309839213986638,0.0,0.0,0.0,0.0,0.0,0.0,0.0,0.0,0.0,0.0,0.0,0.0,0.0,0.0,0.0,0.0,30.531611302356367,2.3485854847966436,1.0920568555915966,0.0007445047875196091,3.584820868355237,0.0007445047875196091,0.722102949368232,1.9610970984637148,2.7348933451697035,3.2878196284846775,3.406286140598271,3.584820868355237,14.440085752339792,1.110775827103061,0.5627210597781888,0.0,1.870604536940148,0.0,0.1929294422387189,0.8883849626204463,1.235852212847565,1.4476669384419718,1.7385448191636086,1.870604536940148,0.6190476190476191,0.9230769230769231,0.16617682232501324,5.2730106702045765,3.503713764606218,0.8522847552745234,-0.36933343507754757,-0.3704099211150597,0.3358275814585911,0.9292725231532466,-0.15385841947736328,0.4010368205767633,0.006737317434851473,0.9160371592328901,-24.515,4.299,9.742
A,423,.,4.878339937264663,0.24595994872570706,7,3.584820868355237,1.870604536940148,3.4011207120564495,2.4912779763785946,3.1493027851161837,1.1667848237711587,3.0369941713026316,2.023599760698318,2.8387041244466413,1.4786319453182672,1.756650292114487,0.0,1.4629845322407151,1.4686091011566471,0.0,0.0,0.0,0.0,0.0,0.0,0.0,0.0,0.0,0.0,0.0,0.0,0.0,0.0,0.0,0.0,0.0,0.0,0.0,0.0,0.0,0.0,0.0,0.0,0.0,0.0,0.0,0.0,19.230577485632345,2.747225355090335,0.7572185398827005,1.4629845322407151,3.584820868355237,1.4629845322407151,1.6391839881649783,2.297677208280564,3.0369941713026316,3.2752117485863166,3.474600774575965,3.584820868355237,10.499508144263134,1.4999297348947334,0.7325699147577458,0.0,2.4912779763785946,0.0,0.7000708942626953,1.317696962463903,1.4786319453182672,1.947102148819233,2.210671046970429,2.4912779763785946,0.3333333333333333,0.8571428571428571,0.24595994872570706,4.878339937264663,3.4988142928541563,0.6345617339577286,-0.745288112745142,0.20463879103763616,-0.7196060900551545,-0.47314668892886,0.508231527860275,-0.281954749830702,-0.4697635998632089,-0.8365546481201722,-21.175,4.256,11.534
A,424,.,5.097364269547658,0.05993720690069564,12,3.2009480788831164,0.932018401128305,3.1769949365844403,0.7886800628369608,3.1493027851161837,1.1667848237711587,3.097702047137708,0.0,2.968227460431801,0.0,2.8481135473260273,1.4186381167277569,2.6720291635229967,0.9790551802748757,2.4785783348418367,0.0,2.3337842966140654,0.0,1.2915687604159036,0.0,0.6726832146275699,0.0,0.45226662957111885,0.0,0.0,0.0,0.0,0.0,0.0,0.0,0.0,0.0,0.0,0.0,0.0,0.0,0.0,0.0,0.0,0.0,0.0,0.0,28.34219925507277,2.361849937922731,0.9526354737534398,0.45226662957111885,3.2009480788831164,0.45226662957111885,0.7345717692064033,2.073230412564525,2.760071355424512,3.1106022316323267,3.174225721437615,3.2009480788831164,5.285176584739057,0.4404313820615881,0.5397056984398031,0.0,1.4186381167277569,0.0,0.0,0.0,0.0,0.9437775959149477,1.1480118594215305,1.4186381167277569,0.5714285714285714,0.4166666666666667,0.05993720690069564,5.097364269547658,2.374459143229764,0.9442553660923262,-0.26387074821033185,-0.19686043747987267,0.07183132107203019,0.7486984418402186,-0.6590075147515965,0.3212819087948996,0.6081306368083657,0.7259167057288031,-18.39,2.545,9.626
A,425,.,4.707288104104254,0.3096390400684252,8,3.2704734729354707,1.9571157031015445,3.2111823054991824,2.397413338504874,3.1824732171231442,2.2704822674676963,3.1769949365844403,0.7886800628369608,1.955665269908583,1.4469613349806414,1.7831071455989065,0.0,1.4629845322407151,1.4686091011566471,0.18444097590438108,0.8886358360520038,0.0,0.0,0.0,0.0,0.0,0.0,0.0,0.0,0.0,0.0,0.0,0.0,0.0,0.0,0.0,0.0,0.0,0.0,0.0,0.0,0.0,0.0,0.0,0.0,0.0,0.0,18.227321855794823,2.278415231974353,1.0534558214843202,0.18444097590438108,3.2704734729354707,0.18444097590438108,1.079421465339815,1.7030764922593586,2.5663301032465116,3.1896504892171538,3.2289696557300687,3.2704734729354707,11.217897644100368,1.402237205512546,0.7636285550928351,0.0,2.397413338504874,0.0,0.5520760439858726,0.863646892748243,1.4577852180686444,2.0354573441930826,2.3085615887788498,2.397413338504874,0.38095238095238093,0.875,0.3096390400684252,4.707288104104254,3.5548713764645865,0.6988501432164542,-0.7145131955165347,-0.03285377845989086,-0.030241868850382644,-0.07540756679771402,0.9966940996304154,-0.7146285095731751,-0.6955462546102872,-0.07430680320686564,-15.089,1.662,11.305
A,426,.,4.606255307031242,0.17229416010851367,8,3.4784978713519434,2.178059879852875,3.2704734729354707,1.9571157031015445,3.1311893109339954,0.9086697659427908,2.8717437737698246,0.0,1.096433249619339,0.6680062800035367,0.6726832146275699,0.0,0.49644106021822376,0.0,0.1897513871200728,0.5518272501514763,0.0,0.0,0.0,0.0,0.0,0.0,0.0,0.0,0.0,0.0,0.0,0.0,0.0,0.0,0.0,0.0,0.0,0.0,0.0,0.0,0.0,0.0,0.0,0.0,0.0,0.0,15.207213340576438,1.9009016675720547,1.3170475350352298,0.1897513871200728,3.4784978713519434,0.1897513871200728,0.4044341582887785,0.6286226760252334,1.9840885116945817,3.1660103514343643,3.3328807924604127,3.4784978713519434,6.263678879052223,0.7829598598815278,0.8098197350134619,0.0,2.178059879852875,0.0,0.0,0.0,0.6099167650775065,1.1707812502324793,2.0233989561269436,2.178059879852875,0.38095238095238093,0.625,0.17229416010851367,4.606255307031242,2.894575576124253,0.03524479078812061,-0.8696085492209721,0.49248225942068,0.4666671372871501,0.4500836437174332,0.7613451888823198,-0.8837304949465747,0.2029918342688567,0.4216808360853588,-11.782,2.1,9.526
A,427,.,5.0931562176852445,0.018919350700086025,15,3.1311893109339954,0.9086697659427908,3.0713729990124072,0.0,2.968227460431801,0.0,2.7644809428456174,0.0,2.729093888030559,0.0,2.7247040854566453,0.9229365990952577,2.657339193293271,0.0,2.53207645426439,0.0,2.3425737804103575,0.06336308057791364,2.2856291500445063,0.0,1.7831071455989065,0.0,1.4844663511271585,0.0,1.4640398167447377,0.0,1.323335924324638,0.0,0.013320388398997341,0.0,0.0,0.0,0.0,0.0,0.0,0.0,0.0,0.0,0.0,0.0,0.0,0.0,33.27495689091799,2.2183304593945326,0.8250275894518149,0.013320388398997341,3.1311893109339954,0.013320388398997341,1.379617481292678,1.6337867483630326,2.53207645426439,2.7467874154380882,3.0301147835801645,3.1311893109339954,1.894969445615962,0.12633129637439747,0.3100659760775473,0.0,0.9229365990952577,0.0,0.0,0.0,0.0,0.0,0.5705470917968396,0.9229365990952577,0.7142857142857143,0.2,0.018919350700086025,5.0931562176852445,1.401947115080708,-0.23433048226348022,-0.09897069189410049,0.9671060062000276,0.9484493541893413,-0.24163005306589025,0.20508227615568467,0.21338474083210876,0.9653080956883031,0.15048997567491226,-12.608,4.475,6.611
A,428,.,4.9871837852013075,0.03144901957492742,12,3.2102467008367923,0.0,3.0713729990124072,0.0,2.9715778910917936,1.1788734340208606,2.873519440818222,1.1277956158969888,2.8656349776637504,0.0,2.362260558621874,0.0,2.35873950299077,0.0,2.2801155325911027,0.0,2.2414796055802793,0.0,2.21080746637016,0.2126987942525457,1.7672413414143295,0.0,0.028646833126035758,0.0,0.0,0.0,0.0,0.0,0.0,0.0,0.0,0.0,0.0,0.0,0.0,0.0,0.0,0.0,0.0,0.0,0.0,0.0,28.241642850117515,2.353470237509793,0.8139983591892871,0.028646833126035758,3.2102467008367923,0.028646833126035758,1.8115979539099125,2.2338115707777493,2.360500030806322,2.8980340533866147,3.0613934882203457,3.2102467008367923,2.5193678441703953,0.20994732034753294,0.4260254074876067,0.0,1.1788734340208606,0.0,0.0,0.0,0.0,0.053174698563136426,1.036285933732545,1.1788734340208606,0.5714285714285714,0.25,0.03144901957492742,4.9871837852013075,1.7185724574754693,-0.7683778192925812,-0.049051126440767784,-0.6381140288491308,0.22630305636699286,-0.9534689479743255,-0.19920816230187596,-0.5986505270173369,-0.2974742883740118,0.7437248108394933,-12.864,8.226,6.167
A,429,.,4.607076787268197,0.011301476803675081,10,2.95084996376555,0.0,2.8656349776637504,0.0,2.775041960588321,0.25948396654295175,2.6578720741579294,0.3518434912452,2.387326896448971,0.0,2.3693611090718085,0.3386527147927577,2.265877539208591,0.0,2.0490390336186124,0.0,0.6103099886164561,0.0,0.3273594121045428,0.0,0.0,0.0,0.0,0.0,0.0,0.0,0.0,0.0,0.0,0.0,0.0,0.0,0.0,0.0,0.0,0.0,0.0,0.0,0.0,0.0,0.0,0.0,21.25867295524453,2.1258672955244533,0.8727548237762298,0.3273594121045428,2.95084996376555,0.3273594121045428,0.5820149309652648,2.103248660016107,2.3783440027603895,2.7457494889807235,2.8741564762739302,2.95084996376555,0.9499801725809095,0.09499801725809096,0.14682138796214067,0.0,0.3518434912452,0.0,0.0,0.0,0.0,0.1946129749072138,0.33997179243800196,0.3518434912452,0.47619047619047616,0.3,0.011301476803675081,4.607076787268197,0.7518890900087021,0.307748214821895,0.8994347262374093,-0.3103356400933889,0.1988224074435705,-0.37975593284100395,-0.9034683623516662,-0.9304626196534064,0.21633909658287723,-0.2956969880087129,-15.667,10.343,4.762
A,430,.,5.159456098194231,0.14339978863897726,11,3.869397301868989,2.305390155126136,3.33550975611248,1.9718591149603886,3.321118284437638,1.7060781164548682,3.0761364543497844,1.5932821073909018,2.95084996376555,0.0,2.9161965206904807,0.0,2.21080746637016,0.2126987942525457,1.9384725586240856,0.0,0.6980352146327213,0.0,0.4370619615615639,0.6636431868163877,0.38899081575500927,0.0,0.0,0.0,0.0,0.0,0.0,0.0,0.0,0.0,0.0,0.0,0.0,0.0,0.0,0.0,0.0,0.0,0.0,0.0,0.0,0.0,25.142576298168464,2.2856887543789512,1.1988195861191582,0.38899081575500927,3.869397301868989,0.38899081575500927,0.4370619615615639,1.3182538866284035,2.9161965206904807,3.1986273693937113,3.33550975611248,3.869397301868989,8.452951475001228,0.7684501340910207,0.8863763776716655,0.0,2.305390155126136,0.0,0.0,0.0,0.2126987942525457,1.649680111922885,1.9718591149603886,2.305390155126136,0.5238095238095238,0.5454545454545454,0.14339978863897726,5.159456098194231,3.2510783526865916,0.023567675235378074,-0.3746829823777455,-0.9268534012455896,-0.8327245249833682,-0.5203643822921326,0.18918450024500183,-0.5531857103859639,0.7673549194201112,-0.324271487285779,-13.426,11.374,1.9
A,431,.,5.157750856845372,0.07680221191744609,15,3.3680231516308465,1.7795468646957047,3.2102467008367923,0.0,2.9897292916578264,1.2703025327934034,2.932062708098385,0.0,2.918959214748077,1.3788315837385243,2.9161965206904807,0.0,2.805025660225596,0.5238689880378891,2.4435897411512886,0.533268292495756,2.2856291500445063,0.0,1.9549166116912693,0.0,1.5790632374588929,0.0,1.2337286745269551,0.8825105521429462,0.7834356819069358,0.0,0.6103099886164561,0.0,0.07322536848795669,0.0,0.0,0.0,0.0,0.0,0.0,0.0,0.0,0.0,0.0,0.0,0.0,0.0,32.104141701772264,2.1402761134514843,1.0129090914050793,0.07322536848795669,3.3680231516308465,0.07322536848795669,0.6795602659326481,1.406395955992924,2.4435897411512886,2.925510961423231,3.1220397371652058,3.3680231516308465,6.368328813904224,0.4245552542602816,0.5952905906102879,0.0,1.7795468646957047,0.0,0.0,0.0,0.0,0.707889422319351,1.335419963360476,1.7795468646957047,0.7142857142857143,0.4,0.07680221191744609,5.157750856845372,2.6581147213091616,-0.9194155118491593,-0.3932843671709483,-0.0015884300724163247,-0.3401381269916807,0.7931303267174984,0.5052230590616241,-0.19743649900091806,0.4650502030748302,-0.8629873333266945,-12.82,7.758,0.922
A,432,.,5.08352249903585,0.0,17,2.9992909340040206,0.0,2.9486249426260884,0.0,2.932062708098385,0.0,2.764795937209823,0.0,2.6190222467319435,0.0,2.53207645426439,0.0,2.478142155430977,0.0,2.35873950299077,0.0,2.3459644546615706,0.0,2.332712665493951,0.0,2.2252719898913753,0.0,2.0490390336186124,0.0,1.7702412711815545,0.0,1.497090825202034,0.0,1.2915687604159036,0.0,0.42468586680523474,0.0,0.38899081575500927,0.0,0.0,0.0,0.0,0.0,0.0,0.0,0.0,0.0,35.95832056438164,2.1151953273165667,0.7790730540068872,0.38899081575500927,2.9992909340040206,0.38899081575500927,0.9448156029716361,1.7702412711815545,2.3459644546615706,2.6190222467319435,2.9386876019094665,2.9992909340040206,0.0,0.0,0.0,0.0,0.0,0.0,0.0,0.0,0.0,0.0,0.0,0.0,0.8095238095238095,0.0,0.0,5.08352249903585,0.0,-0.38824768592285946,0.8481026010770274,0.3605353136960723,0.4932495642525804,0.5217098434736844,-0.6960773711214173,-0.7784398510740469,-0.09241654218290271,-0.620878877874559,-16.487,6.775,1.358
A,433,.,4.953337108135698,0.0,14,2.9486249426260884,0.0,2.90490453259345,0.0,2.886865618566877,0.0,2.813976556642451,0.0,2.593260181900086,0.0,2.4588449754601407,0.0,2.387326896448971,0.0,2.3722902440829756,0.0,2.196494310756476,0.0,2.1848865537677384,0.0,1.9466298899796621,0.0,1.9384725586240856,0.0,0.7834356819069358,0.0,0.6903768467263206,0.0,0.0,0.0,0.0,0.0,0.0,0.0,0.0,0.0,0.0,0.0,0.0,0.0,0.0,0.0,31.106389790082254,2.2218849850058753,0.6868278947860789,0.6903768467263206,2.9486249426260884,0.6903768467263206,1.1299467449220808,2.0061940559266813,2.3798085702659733,2.75879746295686,2.899492858385478,2.9486249426260884,0.0,0.0,0.0,0.0,0.0,0.0,0.0,0.0,0.0,0.0,0.0,0.0,0.6666666666666666,0.0,0.0,4.953337108135698,0.0,0.4230374644124525,0.6146028255442082,-0.6658097855518185,-0.17143120668794268,-0.667240269850132,-0.7248460275560865,-0.8897475176009196,0.4207776005485541,-0.17690552789441766,-17.555,9.689,-0.913
A,434,.,4.9403353830908925,0.21027680199765544,11,3.321118284437638,1.7060781164548682,3.266160093841644,1.8403956532891903,2.9410173425650568,1.4920677915166913,2.82617688140971,1.7457469438458164,2.813976556642451,0.0,2.76590392871106,2.086871372005954,2.4435897411512886,0.533268292495756,2.3980770744532665,1.356832079220108,0.5934246305518472,0.4441658142863794,0.5154232385192028,0.0,0.42468586680523474,0.0,0.0,0.0,0.0,0.0,0.0,0.0,0.0,0.0,0.0,0.0,0.0,0.0,0.0,0.0,0.0,0.0,0.0,0.0,0.0,0.0,24.3095536390884,2.209959421735309,1.0745030633196146,0.42468586680523474,3.321118284437638,0.42468586680523474,0.5154232385192028,1.495750852502557,2.76590392871106,2.8835971119873833,3.266160093841644,3.321118284437638,11.205426063114764,1.0186750966467968,0.7882461928270237,0.0,2.086871372005954,0.0,0.0,0.2220829071431897,1.356832079220108,1.7259125301503424,1.8403956532891903,2.086871372005954,0.5238095238095238,0.7272727272727273,0.21027680199765544,4.9403353830908925,3.4075115055601266,-0.3549902578008847,-0.6406551164796324,-0.6808398773536478,-0.8422062446542092,-0.09696123493389223,0.5303651198802093,-0.40579620295403906,0.7616820469517207,-0.5051434459829417,-14.862,9.01,-3.545
A,435,.,5.343009856228731,0.1290896452725716,16,3.368347001450047,1.7367892477832205,3.3535290879606543,1.5610162803483771,3.266160093841644,1.8403956532891903,2.9897292916578264,1.2703025327934034,2.9724841172341807,0.0,2.927886957658897,0.0,2.826123564979647,0.0,2.7808482680855846,1.1679735367405188,2.288399958001964,0.0,2.240369205786118,0.0,2.2284411201923082,1.2065215535034939,2.1632126747445133,1.9470338032337222,1.7702412711815545,0.0,0.7498440990384002,0.0,0.6903768467263206,0.0,0.6686352016543274,0.0,0.0,0.0,0.0,0.0,0.0,0.0,0.0,0.0,0.0,0.0,37.28462876019399,2.3302892975121243,0.9001280069339961,0.6686352016543274,3.368347001450047,0.6686352016543274,0.7201104728823604,2.0649698238537737,2.5346241130437743,2.9767954108400922,3.3098445909011494,3.368347001450047,10.730032607691925,0.6706270379807453,0.7853693594255243,0.0,1.9470338032337222,0.0,0.0,0.0,0.0,1.3429809696821469,1.7885924505362054,1.9470338032337222,0.7619047619047619,0.4375,0.1290896452725716,5.343009856228731,3.327510654105802,-0.9646752285498541,-0.06122755996524742,0.2562281977515138,0.021553339568141282,0.9510132960492068,0.3083977371692021,-0.262558863830089,0.30302623094102904,-0.916099310329359,-15.986,5.394,-3.896
A,436,.,5.335689182601666,0.10886279106244877,16,3.3908035524781397,0.0,3.1539190829551784,1.7267924118374942,3.09482619506159,0.50946529894358,3.0294233030714377,0.7177861331740607,2.9718134864834083,0.0,2.927886957658897,0.0,2.906266979079227,2.1183929878147767,2.599521709741203,1.518998849453276,2.5823131156969636,1.1033377726278206,2.4560355277069106,0.9751292890380583,2.2252719898913753,0.0,2.195211441225703,0.9573405404428192,2.1848865537677384,0.0,0.7014278013911673,0.0,0.5154232385192028,0.0,0.06181704001495968,0.0,0.0,0.0,0.0,0.0,0.0,0.0,0.0,0.0,0.0,0.0,36.996847974743105,2.312302998421444,0.9768168252216529,0.06181704001495968,3.3908035524781397,0.06181704001495968,0.6084255199551851,2.192630219361212,2.590917412719083,2.986215940630416,3.124372639008384,3.3908035524781397,9.627243283331886,0.6017027052082429,0.7001573111983139,0.0,2.1183929878147767,0.0,0.0,0.0,0.25473264947179,1.007181409935499,1.622895630645385,2.1183929878147767,0.7619047619047619,0.5,0.10886279106244877,5.335689182601666,3.1566927568050156,-0.07643883919161631,0.9966035772630452,0.030633537985999916,0.5004457335109196,0.06492085369997126,-0.863330383205401,-0.8623869037002799,-0.05066154894363579,-0.5037084829391656,-19.673,6.363,-3.959
A,437,.,5.407107361314081,0.142267440032618,17,3.502598067532293,2.0293646124832687,3.412770158014771,1.3665481822304697,3.337607743526016,1.9933919747298754,3.0997994532132624,0.6892410616006988,3.0294233030714377,0.7177861331740607,2.858353489200575,0.19307684411077458,2.7492689169181643,2.148783352280453,2.411116575817245,0.0,2.3980770744532665,1.356832079220108,2.372570937986254,1.1717295321169439,2.289476550235676,0.08219389989181856,2.196494310756476,0.0,1.9645776785901996,0.0,1.8997480285519903,0.0,0.7498440990384002,0.0,0.7161456760170758,0.52075793465482,0.4851982294032444,0.0,0.0,0.0,0.0,0.0,0.0,0.0,0.0,0.0,39.47307029232635,2.3219453113133146,0.9059973612753489,0.4851982294032444,3.502598067532293,0.4851982294032444,0.7363647298298704,1.9645776785901996,2.3980770744532665,3.0294233030714377,3.367672709321518,3.502598067532293,12.269705606493291,0.7217473886172524,0.7761316230530066,0.0,2.148783352280453,0.0,0.0,0.0,0.52075793465482,1.356832079220108,2.0077810298312326,2.148783352280453,0.8095238095238095,0.6470588235294118,0.142267440032618,5.407107361314081,3.483739372754104,0.4323386230061537,0.2582685531274656,-0.8639332552475267,-0.37659481254358995,-0.8188261986799844,-0.4332435845116983,-0.8193043770311501,0.5126607170641538,-0.2567475938677256,-19.0,8.987,-6.635
A,438,.,4.959530283736541,0.20990076136304128,9,3.502598067532293,2.0293646124832687,3.392919884176056,1.7814666797426226,3.2569574279434117,2.2454579727820936,3.0923052920054674,1.2925384727785314,2.82617688140971,1.7457469438458164,2.329286418476479,0.0,2.2284411201923082,1.2065215535034939,0.7014278013911673,0.0,0.1141435318008362,0.0,0.0,0.0,0.0,0.0,0.0,0.0,0.0,0.0,0.0,0.0,0.0,0.0,0.0,0.0,0.0,0.0,0.0,0.0,0.0,0.0,0.0,0.0,0.0,0.0,21.44425642492773,2.382695158325303,1.142070577156123,0.1141435318008362,3.502598067532293,0.1141435318008362,0.5839709474731012,2.2284411201923082,2.82617688140971,3.2569574279434117,3.4148555208473033,3.502598067532293,10.301096235135827,1.1445662483484251,0.8639522268084742,0.0,2.2454579727820936,0.0,0.0,0.0,1.2925384727785314,1.7814666797426226,2.072583284543034,2.2454579727820936,0.42857142857142855,0.6666666666666666,0.20990076136304128,4.959530283736541,3.4244772895378794,-0.4185968603336421,-0.8005725903070574,-0.4287892211423531,-0.6754927528125447,-0.04112504529698088,0.7362189019218752,-0.6070306494869494,0.5978229322285736,-0.5235661680103887,-16.36,7.365,-8.853
A,439,.,5.09563129546897,0.22592111129318734,10,3.5434374104635786,2.60757403386632,3.3154143408677297,0.269337586550538,3.2769824556749816,2.0044377838144833,3.0923052920054674,1.2925384727785314,2.8869548156814098,1.9645804828880666,2.81087751090168,1.7130318686442063,2.4565328951001537,0.030441713331686743,2.372570937986254,1.1717295321169439,1.0121498518923187,0.0,0.6730296736943969,1.0272129525378186,0.0,0.0,0.0,0.0,0.0,0.0,0.0,0.0,0.0,0.0,0.0,0.0,0.0,0.0,0.0,0.0,0.0,0.0,0.0,0.0,0.0,0.0,25.44025518426797,2.544025518426797,0.922216463587991,0.6730296736943969,3.5434374104635786,0.6730296736943969,0.9782378340725265,2.393561427264729,2.8489161632915447,3.230813164757603,3.3382166478273145,3.5434374104635786,12.080884426528595,1.2080884426528595,0.8478639430148446,0.0,2.60757403386632,0.0,0.027397541998518068,0.45880642804735816,1.2321340024477376,1.9016933293271014,2.064751408819667,2.60757403386632,0.47619047619047616,0.9,0.22592111129318734,5.09563129546897,3.6288257093162035,0.5599380645426468,0.7524410366529067,-0.34684557116522824,-0.7965316129409479,0.3736465432189564,-0.4753163686706112,-0.228049892483918,0.5424211897605249,0.8085619948011716,-18.102,5.774,-11.855
A,440,.,4.5166673882923885,0.3601622212645293,6,3.5434374104635786,2.60757403386632,3.3435859240368964,1.9062407638352006,3.2569574279434117,2.2454579727820936,1.1333840171856373,1.5060110815577779,0.9801590284614214,0.012102172396446478,0.6326139608162138,1.2077745684539065,0.0,0.0,0.0,0.0,0.0,0.0,0.0,0.0,0.0,0.0,0.0,0.0,0.0,0.0,0.0,0.0,0.0,0.0,0.0,0.0,0.0,0.0,0.0,0.0,0.0,0.0,0.0,0.0,0.0,0.0,12.89013776890716,2.14835629481786,1.2447322375201149,0.6326139608162138,3.5434374104635786,0.6326139608162138,0.8063864946388176,1.0184652756424755,2.1951707225645247,3.3219288000135254,3.4435116672502373,3.5434374104635786,9.485160592891745,1.5808600988152908,0.8374068142913341,0.012102172396446478,2.60757403386632,0.012102172396446478,0.6099383704251765,1.2823336967298744,1.706125922696489,2.1606536705453703,2.426516003324207,2.60757403386632,0.2857142857142857,1.0,0.3601622212645293,4.5166673882923885,3.5146899136646033,-0.06565065553828973,-0.6017143299742489,-0.7960087038035661,-0.7654866435764477,0.5420957191934942,-0.34664452936423634,0.6400938914983156,0.5865765903407064,-0.49619322217339246,-15.149,3.498,-12.497
A,441,.,5.092517846678221,0.1368366911465906,10,3.392919884176056,1.7814666797426226,3.3535290879606543,1.5610162803483771,3.3435859240368964,1.9062407638352006,3.16496859079929,1.3637521846833975,2.9449861978360428,0.0,2.6617130258938446,0.0,2.6367833174368918,0.0,1.9679427810389352,1.6603097180077193,1.4416581099559964,0.43069351209603607,1.0121498518923187,0.0,0.0,0.0,0.0,0.0,0.0,0.0,0.0,0.0,0.0,0.0,0.0,0.0,0.0,0.0,0.0,0.0,0.0,0.0,0.0,0.0,0.0,0.0,25.920236771026925,2.5920236771026923,0.8034113945353032,1.0121498518923187,3.392919884176056,1.0121498518923187,1.3987072841496286,2.1351529151384243,2.8033496118649435,3.298931590727495,3.3574681675821942,3.392919884176056,8.703479138713353,0.8703479138713354,0.8044277207277403,0.0,1.9062407638352006,0.0,0.0,0.0,0.8972228483897168,1.6354863585928838,1.7939440881518804,1.9062407638352006,0.47619047619047616,0.6,0.1368366911465906,5.092517846678221,3.141565919686087,-0.9580643483352609,-0.27612674724475095,0.07659454226617868,-0.26010205364081446,0.7258184178725108,-0.6368159435573801,0.12024818560278928,-0.6300330497149168,-0.7672018835522749,-15.911,1.395,-9.413
A,442,.,5.429688517529855,0.12427209962989308,18,3.5202448028313658,1.4457229738849038,3.3154143408677297,0.269337586550538,3.2501419067421997,0.011882818830523128,3.1925975557887867,1.1951943865143537,3.0313696511451225,1.592202227719987,2.9449861978360428,0.0,2.6284440647841967,1.2918325713309615,2.599521709741203,1.518998849453276,2.500336987443358,0.8941391880322269,2.329286418476479,0.0,2.289476550235676,0.08219389989181856,2.073203374712689,0.8013376880108248,2.0391116135750424,1.7321315380504467,1.7233360784133427,1.5975697637433701,1.7211420646157145,0.6218450376140722,1.0256938651310645,0.0,0.9801590284614214,0.012102172396446478,0.6686352016543274,0.0,0.0,0.0,0.0,0.0,0.0,0.0,41.83310141245576,2.324061189580876,0.8237127432482922,0.6686352016543274,3.5202448028313658,0.6686352016543274,1.0120334141301717,1.8022799622037677,2.4148117029599185,3.0097737878178528,3.2697236369798586,3.5202448028313658,13.06649070202375,0.7259161501124305,0.6668807166469812,0.0,1.7321315380504467,0.0,0.0,0.011937657222003965,0.7115913628124485,1.407250373246418,1.593812488527002,1.7321315380504467,0.8571428571428571,0.7777777777777778,0.12427209962989308,5.429688517529855,3.37483573676193,-0.2967332303692616,0.948386798087659,0.11185647593081344,-0.9535986412087124,-0.2880172946316064,-0.08772496496429921,-0.05098059905022549,-0.13269709569590557,0.9898446642349251,-19.696,1.599,-9.803
A,443,.,4.712267999669407,0.33309239714944233,10,3.3627995298655886,2.3310024673555407,3.2501419067421997,0.011882818830523128,3.073049732647174,2.2342527176172204,2.9132415719869122,2.0376294738653957,2.475319169763174,1.8882174748766636,1.4416581099559964,0.43069351209603607,1.2117355957435905,0.0,0.8333916152126344,1.1455658466735625,0.6730296736943969,1.0272129525378186,0.6326139608162138,1.2077745684539065,0.0,0.0,0.0,0.0,0.0,0.0,0.0,0.0,0.0,0.0,0.0,0.0,0.0,0.0,0.0,0.0,0.0,0.0,0.0,0.0,0.0,0.0,19.86698086642788,1.9866980866427881,1.074912021283186,0.6326139608162138,3.3627995298655886,0.6326139608162138,0.6689881024065786,0.9279776103453734,1.9584886398595853,3.0330976924821087,3.2614076690545386,3.3627995298655886,12.314231832306668,1.2314231832306668,0.8360963653842792,0.0,2.3310024673555407,0.0,0.010694536947470815,0.5798233722064817,1.1766702075637345,2.0002764741182126,2.2439276925910523,2.3310024673555407,0.47619047619047616,0.9,0.33309239714944233,4.712267999669407,3.6307610187183714,0.3727766934347582,0.5007116352719648,-0.7812332527069769,-0.6079732363927136,0.7678268636380601,0.20201596794785687,0.7010036238579782,0.39966206447324315,0.5906472327531616,-20.126,-1.991,-11.034
A,444,.,4.839757573311311,0.29353290653908964,9,3.424028099399936,2.2339260943367862,3.3627995298655886,2.3310024673555407,3.16496859079929,1.3637521846833975,3.1230651198220136,0.3827865492825179,2.656911280763285,2.10642177956149,1.9789662958579293,1.806810630086459,1.1333840171856373,1.5060110815577779,1.0256938651310645,0.0,0.08567839730015278,0.0,0.0,0.0,0.0,0.0,0.0,0.0,0.0,0.0,0.0,0.0,0.0,0.0,0.0,0.0,0.0,0.0,0.0,0.0,0.0,0.0,0.0,0.0,0.0,0.0,19.955495196124897,2.2172772440138773,1.1486958214850846,0.08567839730015278,3.424028099399936,0.08567839730015278,0.8376907715648823,1.1333840171856373,2.656911280763285,3.16496859079929,3.3750452437724583,3.424028099399936,11.730710786863968,1.303412309651552,0.8888218022213008,0.0,2.3310024673555407,0.0,0.0,0.3827865492825179,1.5060110815577779,2.10642177956149,2.253341368940537,2.3310024673555407,0.42857142857142855,0.7777777777777778,0.29353290653908964,4.839757573311311,3.6328482429775457,-0.6388785086208761,-0.6406184738790278,-0.4259603527879917,-0.07265933858290723,0.6014648965994532,-0.7955882092359736,0.7658687039819941,-0.4773342110969152,-0.43080991072330976,-18.11,-3.299,-8.082
A,445,.,5.52002101369763,0.12864614138168434,13,3.830255310819751,2.291116580285787,3.5202448028313658,1.4457229738849038,3.439462510184711,0.5301493128601658,3.2314445070240554,1.5445708039842974,3.1539190829551784,1.7267924118374942,3.1406115348720753,0.3633033275864465,3.1230651198220136,0.3827865492825179,3.041842659847694,2.2214314351104525,2.6367833174368918,0.0,2.240369205786118,0.0,1.9791044983413713,1.0017452308913075,1.2117355957435905,0.0,0.1141435318008362,0.0,0.0,0.0,0.0,0.0,0.0,0.0,0.0,0.0,0.0,0.0,0.0,0.0,0.0,0.0,0.0,0.0,34.66298167746565,2.6663832059588963,1.0037383518579515,0.1141435318008362,3.830255310819751,0.1141435318008362,1.3652093762631468,2.240369205786118,3.1230651198220136,3.2314445070240554,3.5040883443020348,3.830255310819751,11.507618625723373,0.8852014327479517,0.8328867723099455,0.0,2.291116580285787,0.0,0.0,0.0,0.5301493128601658,1.5445708039842974,2.1225036304558613,2.291116580285787,0.6190476190476191,0.6923076923076923,0.12864614138168434,5.52002101369763,3.4961018124948318,-0.9700136561370977,0.2391905169847131,-0.04314398558462271,0.063233417100335,0.07695892386709749,-0.9950270644555521,-0.23468072325897493,-0.9679179823837368,-0.0897760408396389,-20.828,-2.523,-5.546
A,446,.,5.154338906568624,0.23944635574752748,10,3.830255310819751,2.291116580285787,3.503952506234301,2.3057341295697342,3.4186115379159427,1.4342460786530629,3.1925975557887867,1.1951943865143537,3.0010381723441726,1.8006349652273974,2.9132415719869122,2.0376294738653957,1.2263016498089991,1.205105162965831,1.117064331132438,0.8769551321216611,0.644510354633604,1.2069942352030594,0.08567839730015278,0.0,0.0,0.0,0.0,0.0,0.0,0.0,0.0,0.0,0.0,0.0,0.0,0.0,0.0,0.0,0.0,0.0,0.0,0.0,0.0,0.0,0.0,0.0,22.93325138796506,2.293325138796506,1.3000888584967978,0.08567839730015278,3.830255310819751,0.08567839730015278,0.5886271589002589,1.1443736608015782,2.957139872165542,3.3621080423841536,3.536582786692846,3.830255310819751,14.353610144406282,1.4353610144406281,0.672379957374492,0.0,2.3057341295697342,0.0,0.789259618909495,1.197672080627223,1.3206201569280611,1.978380846705896,2.292578335214182,2.3057341295697342,0.47619047619047616,0.9,0.23944635574752748,5.154338906568624,3.743087770692959,-0.3750968060580517,0.8849739606800806,-0.27590482961205925,-0.8859366870357144,-0.42982969512702124,-0.1742487295540332,-0.27279767713312914,0.17907406876826998,0.9452586446288369,-24.04,-1.623,-7.425
A,447,.,4.974110304213861,0.3392236880492355,8,3.503952506234301,2.3057341295697342,3.4498129274120752,1.8590333084698012,3.226324018083219,2.280854688729311,3.1286009466284153,2.4083855118802573,3.095355864483301,2.466598405345352,1.9791044983413713,1.0017452308913075,1.7487962951291347,0.9653894198737867,1.327356129048609,0.8056228235583649,0.0,0.0,0.0,0.0,0.0,0.0,0.0,0.0,0.0,0.0,0.0,0.0,0.0,0.0,0.0,0.0,0.0,0.0,0.0,0.0,0.0,0.0,0.0,0.0,0.0,0.0,21.459303185360426,2.6824128981700532,0.8009163986618677,1.327356129048609,3.503952506234301,1.327356129048609,1.622364245304977,1.9215274475383122,3.111978405555858,3.2821962454154328,3.466054801058743,3.503952506234301,14.093363518317915,1.7616704397897394,0.6722887923422872,0.8056228235583649,2.466598405345352,0.8056228235583649,0.9174594409791601,0.9926562781369273,2.0699439985995562,2.331396975147365,2.4258493799197858,2.466598405345352,0.38095238095238093,1.0,0.3392236880492355,4.974110304213861,3.9063939922181223,-0.8662139325396496,0.10010940694609408,0.48954216336807654,0.15056088669425086,0.9864828478353926,0.06467619596431536,-0.4764502518333222,0.1297293242388741,-0.8695777480826478,-26.469,-4.542,-7.878
A,448,.,4.944060505260981,0.2686996160410038,7,3.4498129274120752,1.8590333084698012,3.24690335822836,2.1598745577885086,3.244761871374397,2.7150456756145966,3.1071484168321715,1.8235730091903704,3.0010381723441726,1.8006349652273974,2.992005337146357,0.0,0.08529767610937479,0.0,0.0,0.0,0.0,0.0,0.0,0.0,0.0,0.0,0.0,0.0,0.0,0.0,0.0,0.0,0.0,0.0,0.0,0.0,0.0,0.0,0.0,0.0,0.0,0.0,0.0,0.0,0.0,0.0,19.126967759446906,2.7324239656352725,1.0908095411236487,0.08529767610937479,3.4498129274120752,0.08529767610937479,1.8293222727315643,2.996521754745265,3.1071484168321715,3.2458326148013787,3.3280671859018462,3.4498129274120752,10.358161516290673,1.4797373594700962,0.9807345785410156,0.0,2.7150456756145966,0.0,0.0,0.9003174826136987,1.8235730091903704,2.009453933129155,2.381943004918944,2.7150456756145966,0.3333333333333333,0.7142857142857143,0.2686996160410038,4.944060505260981,3.6491069087292525,0.0228505001420647,0.9967758668189987,0.07691375670510053,0.4694145600612703,0.05722850953746636,-0.8811213699023558,-0.8826821769163244,0.05623850125451444,-0.4665934049372156,-29.603,-2.886,-9.265
A,449,.,5.179860184956337,0.14927698988050186,12,3.4186115379159427,1.4342460786530629,3.2582657544728013,1.9341744110251646,3.138580752019919,1.1491311165672284,2.992005337146357,0.0,2.745487273231105,0.0,2.72949853230808,1.7597165340816763,2.5630090146749627,0.7728959988983952,2.537435846799841,0.7176934409779455,2.475319169763174,1.8882174748766636,2.197631161336408,0.0,2.073203374712689,0.8013376880108248,1.327356129048609,0.8056228235583649,0.0,0.0,0.0,0.0,0.0,0.0,0.0,0.0,0.0,0.0,0.0,0.0,0.0,0.0,0.0,0.0,0.0,0.0,31.45640388342989,2.621366990285824,0.5522302966362282,1.327356129048609,3.4186115379159427,1.327356129048609,2.0856461533750608,2.4058971676564824,2.6462537734915212,3.0286491908647473,3.246297254227513,3.4186115379159427,11.263035566649325,0.9385862972207771,0.6839136019168525,0.0,1.9341744110251646,0.0,0.0,0.5382700807334592,0.8034802557845948,1.5156136925102162,1.875367380797165,1.9341744110251646,0.5714285714285714,0.75,0.14927698988050186,5.179860184956337,3.3094829626876585,0.08539143002137103,-0.08108429866947234,-0.9930426175085261,-0.6277247871036654,-0.7783764162320972,0.009578429377239246,-0.7737376140104365,0.6225395498785251,-0.11736529939671325,-28.224,-1.178,-12.422
A,450,.,4.91580368189352,0.3157489019227972,9,3.537070613373081,2.5793376553531,3.2582657544728013,1.9341744110251646,3.2072242076477253,2.088453313412274,3.1920923279017837,0.8346120200085922,2.9470093571233793,1.9891858165706988,1.873324095119394,2.079982645256887,1.566828905491166,0.0,1.2724087207422026,1.3773923555816734,0.08529767610937479,0.0,0.0,0.0,0.0,0.0,0.0,0.0,0.0,0.0,0.0,0.0,0.0,0.0,0.0,0.0,0.0,0.0,0.0,0.0,0.0,0.0,0.0,0.0,0.0,0.0,20.939521657980908,2.3266135175534344,1.113562373633383,0.08529767610937479,3.537070613373081,0.08529767610937479,1.0349865118156372,1.566828905491166,2.9470093571233793,3.2072242076477253,3.3140267262528575,3.537070613373081,12.88313821720839,1.4314598019120435,0.8938637167471092,0.0,2.5793376553531,0.0,0.0,0.8346120200085922,1.9341744110251646,2.079982645256887,2.186630181800439,2.5793376553531,0.42857142857142855,0.7777777777777778,0.3157489019227972,4.91580368189352,3.778755120939448,0.7173762179083047,0.14791834986760907,0.6808021179109391,0.4245562889620974,0.6819732283544051,-0.5955371300856082,-0.5523796877893943,0.716262994702584,0.4264317095824105,-28.732,-2.627,-15.919
A,451,.,4.859846589823854,0.2530765150981908,7,3.641832394854044,2.2981733756644367,3.537070613373081,2.5793376553531,3.1627159711246593,1.0885585858055729,2.537435846799841,0.7176934409779455,2.453338580320338,1.6471632773420382,1.9985893397875776,1.6171302503944207,1.9725479069508796,0.0,0.0,0.0,0.0,0.0,0.0,0.0,0.0,0.0,0.0,0.0,0.0,0.0,0.0,0.0,0.0,0.0,0.0,0.0,0.0,0.0,0.0,0.0,0.0,0.0,0.0,0.0,0.0,0.0,19.30353065321042,2.757647236172917,0.6422073026056014,1.9725479069508796,3.641832394854044,1.9725479069508796,1.9881727666528983,2.225963960053958,2.537435846799841,3.3498932922488702,3.5789753259654664,3.641832394854044,9.948056585537515,1.4211509407910736,0.8302490511264424,0.0,2.5793376553531,0.0,0.4306160645867674,0.9031260133917591,1.6171302503944207,1.9726683265032374,2.410639087539902,2.5793376553531,0.3333333333333333,0.8571428571428571,0.2530765150981908,4.859846589823854,3.508403493159744,0.16412167659296112,-0.6063511597915563,0.7780760543107275,0.9180351949662003,-0.19472279758591707,-0.34539023278559067,0.3609369142602153,0.7709872263012848,0.5246934731865506,-26.756,0.038,-17.829
A,452,.,5.253110459836713,0.2215693273777852,10,3.641832394854044,2.2981733756644367,3.42225086030443,1.961174482653038,3.2769824556749816,2.0044377838144833,3.073049732647174,2.2342527176172204,3.0313696511451225,1.592202227719987,2.6811790505536495,0.97259166707324,2.673472558859834,1.2640900033075293,2.5630090146749627,0.7728959988983952,2.55015585582922,1.397058717000411,2.035298935860583,0.0,0.0,0.0,0.0,0.0,0.0,0.0,0.0,0.0,0.0,0.0,0.0,0.0,0.0,0.0,0.0,0.0,0.0,0.0,0.0,0.0,0.0,0.0,28.948600510404003,2.8948600510404003,0.4577090897851384,2.035298935860583,3.641832394854044,2.035298935860583,2.4986701638323563,2.5906249007211803,2.856274350849386,3.2259992749180295,3.4442090137593913,3.641832394854044,14.49687697374874,1.449687697374874,0.6891752576321567,0.0,2.2981733756644367,0.0,0.6956063990085557,1.0454662511318122,1.4946304723601989,1.993621958524122,2.240644783421942,2.2981733756644367,0.47619047619047616,0.9,0.2215693273777852,5.253110459836713,3.764302507597594,0.6088215442667002,0.13906950200069323,-0.781022407393021,0.40305031417655945,-0.902206546271333,0.15353759183773136,-0.6832911322993204,-0.40826832044432776,-0.6053347892221962,-25.236,3.464,-17.255
A,453,.,4.879348238205707,0.2638512879476716,8,3.6959072015459946,2.4103985976129385,3.42225086030443,1.961174482653038,3.2934079927524764,1.4460503705076346,3.0067711206692076,1.602177620180591,2.042562285176206,0.0,1.9985893397875776,1.6171302503944207,1.04086311212694,1.4807246084426116,0.9350575287655575,1.5158939719104445,0.0,0.0,0.0,0.0,0.0,0.0,0.0,0.0,0.0,0.0,0.0,0.0,0.0,0.0,0.0,0.0,0.0,0.0,0.0,0.0,0.0,0.0,0.0,0.0,0.0,0.0,19.43540944112839,2.4294261801410486,1.010321476826616,0.9350575287655575,3.6959072015459946,0.9350575287655575,1.0091214371185253,1.759157782872418,2.5246667029227066,3.325618709640465,3.5043477626768995,3.6959072015459946,12.03354990170168,1.50419373771271,0.6441138577249224,0.0,2.4103985976129385,0.0,1.0122352593553443,1.4720560489588674,1.5590357960455177,1.703141308459075,2.095941717141008,2.4103985976129385,0.38095238095238093,0.875,0.2638512879476716,4.879348238205707,3.567966400056768,0.21277743436056332,-0.5316833088486449,0.8197796182625503,0.8873411891135559,-0.246118100839981,-0.3899378085560077,0.40908602705235103,0.810394187744876,0.41941612145916096,-23.68,6.084,-19.511
A,454,.,4.961073552337378,0.23024775981086298,9,3.6959072015459946,2.4103985976129385,3.0867331817702173,1.6074659694318714,2.9312364181728903,1.199597245515278,2.8869548156814098,1.9645804828880666,2.55015585582922,1.397058717000411,2.438496151965337,0.7035281117607824,2.3966108118678724,1.9449825761353914,2.2722671126497174,0.0,1.9341137008900227,0.0,0.0,0.0,0.0,0.0,0.0,0.0,0.0,0.0,0.0,0.0,0.0,0.0,0.0,0.0,0.0,0.0,0.0,0.0,0.0,0.0,0.0,0.0,0.0,0.0,24.19247525037268,2.6880528055969646,0.4922681347849994,1.9341137008900227,3.6959072015459946,1.9341137008900227,2.2046364302977786,2.3966108118678724,2.55015585582922,2.9312364181728903,3.208567985725373,3.6959072015459946,11.227611700344738,1.2475124111494154,0.8107387171899227,0.0,2.4103985976129385,0.0,0.0,0.7035281117607824,1.397058717000411,1.9449825761353914,2.053744105833041,2.4103985976129385,0.42857142857142855,0.7777777777777778,0.23024775981086298,4.961073552337378,3.5156242732436467,-0.25073644625451,-0.281920002258776,-0.9260952147841339,0.5868020496113436,-0.8051268966556068,0.08622084929782428,-0.7699315483155535,-0.5218158608246051,0.3673058920032334,-21.821,9.265,-18.559
A,455,.,5.060484770012703,0.14520000487658755,11,3.4161254022463923,2.1000624615343,3.1143727193070383,1.9181116109251737,3.0867331817702173,1.6074659694318714,3.0067711206692076,1.602177620180591,2.9222471842915136,0.0,2.921708913205205,0.9811829404569471,2.603030368146182,0.0,2.428336298299606,0.0,1.3316137573245665,0.0,1.2953817478305525,0.14122087761140276,1.1406783090671957,0.0,0.0,0.0,0.0,0.0,0.0,0.0,0.0,0.0,0.0,0.0,0.0,0.0,0.0,0.0,0.0,0.0,0.0,0.0,0.0,0.0,27.266999002157675,2.4788180911052433,0.7890584734807601,1.1406783090671957,3.4161254022463923,1.1406783090671957,1.2953817478305525,1.8799750278120864,2.921708913205205,3.0467521512197124,3.1143727193070383,3.4161254022463923,8.350221480140286,0.759111043649117,0.8466110204932619,0.0,2.1000624615343,0.0,0.0,0.0,0.14122087761140276,1.6048217948062313,1.9181116109251737,2.1000624615343,0.5238095238095238,0.5454545454545454,0.14520000487658755,5.060484770012703,3.167499958650638,0.5647642321159178,0.6284742064608545,0.5348472061588404,0.8146138463238798,-0.320825111785426,-0.48319305564679155,-0.13208195751098004,0.708584094840738,-0.6931543385414245,-23.751,11.91,-20.569
A,456,.,5.07811274235368,0.20148005667741808,8,3.5681035066618816,2.4039134905784683,3.4161254022463923,2.1000624615343,3.2214724507154666,0.0,3.086514033707431,2.1407953093695036,2.9295069973112,1.1281290188272255,2.8501861349226525,1.6639620819192158,2.438496151965337,0.7035281117607824,1.9656595536466746,0.0,0.0,0.0,0.0,0.0,0.0,0.0,0.0,0.0,0.0,0.0,0.0,0.0,0.0,0.0,0.0,0.0,0.0,0.0,0.0,0.0,0.0,0.0,0.0,0.0,0.0,0.0,23.476064231177038,2.9345080288971297,0.49125900383817483,1.9656595536466746,3.5681035066618816,1.9656595536466746,2.2966451724697383,2.7472636391833234,3.0080105155093153,3.270135688598198,3.461718833571039,3.5681035066618816,10.140390473989495,1.2675488092486868,0.89826386683909,0.0,2.4039134905784683,0.0,0.0,0.5276460838205869,1.3960455503732208,2.1102456734931008,2.219730763732193,2.4039134905784683,0.38095238095238093,0.75,0.20148005667741808,5.07811274235368,3.5004455549575773,0.6616794237617648,-0.2560243550213214,0.7047211291044249,0.08344914281801832,-0.9089095060573749,-0.40855813584051526,0.7451285665797797,0.32914288604564323,-0.5800417052525688,-21.693,14.979,-19.772
A,457,.,4.635638681129669,0.3269472709399492,7,3.5681035066618816,2.4039134905784683,3.266816104178263,1.9175650528316908,2.8169823309457986,1.885914436576793,2.790385663020238,1.6466180835583841,2.3966108118678724,1.9449825761353914,0.6959183373557314,0.0,0.3448024439014603,1.0054767426328524,0.0,0.0,0.0,0.0,0.0,0.0,0.0,0.0,0.0,0.0,0.0,0.0,0.0,0.0,0.0,0.0,0.0,0.0,0.0,0.0,0.0,0.0,0.0,0.0,0.0,0.0,0.0,0.0,15.879619197931245,2.268517028275892,1.1618236639086938,0.3448024439014603,3.5681035066618816,0.3448024439014603,0.555471979974023,1.546264574611802,2.790385663020238,3.0418992175620305,3.3873310651717103,3.5681035066618816,10.80447038231358,1.54349576890194,0.7407685736869422,0.0,2.4039134905784683,0.0,0.6032860455797115,1.3260474130956181,1.885914436576793,1.931273814483541,2.1285549419126224,2.4039134905784683,0.3333333333333333,0.8571428571428571,0.3269472709399492,4.635638681129669,3.537453766454114,-0.03734108418585177,-0.6945432966060487,-0.7184812123997588,0.9806947899336498,0.112632523076412,-0.1598488152675393,0.19194627485007237,-0.7105797097335694,0.6769291718386324,-18.528,15.853,-17.87
A,458,.,5.21346179141956,0.12877321764871574,10,3.6385304505855096,2.2093946649277005,3.2982894116097343,2.0169515874621395,3.266816104178263,1.9175650528316908,2.987896655119514,0.0,2.9295069973112,1.1281290188272255,2.741891084270928,0.0,2.6264134458318322,0.0,2.564710867486602,0.0,2.502631957550517,0.6985227064967846,2.1144333737837475,0.0,0.0,0.0,0.0,0.0,0.0,0.0,0.0,0.0,0.0,0.0,0.0,0.0,0.0,0.0,0.0,0.0,0.0,0.0,0.0,0.0,0.0,0.0,28.671120347727847,2.8671120347727848,0.4270455664272585,2.1144333737837475,3.6385304505855096,2.1144333737837475,2.46381209917384,2.5801365120729094,2.835699040791064,3.1970862419135755,3.3323135155073116,3.6385304505855096,7.9705630305455415,0.7970563030545541,0.8963367545537879,0.0,2.2093946649277005,0.0,0.0,0.0,0.3492613532483923,1.7202060443305744,2.0361958952086954,2.2093946649277005,0.47619047619047616,0.5,0.12877321764871574,5.21346179141956,3.1999213178163486,0.8395711183833872,0.42674959619595704,0.33616234072700035,0.3789099946954397,-0.9034395731186319,0.2005596012239904,0.3892910904405214,-0.041008777960477534,-0.9202014600259107,-19.15,19.226,-16.111
A,459,.,4.83313099565927,0.2858648557614021,9,3.4990890749761845,2.5597976486296266,3.2982894116097343,2.0169515874621395,2.9420783002183577,0.0,2.8169823309457986,1.885914436576793,2.7409109891490453,1.4849806536185886,2.6011922685788424,1.51999886376001,1.5130811851899941,0.7220795730556315,0.7895385938024853,1.3480004183822092,0.7161456760170758,0.52075793465482,0.0,0.0,0.0,0.0,0.0,0.0,0.0,0.0,0.0,0.0,0.0,0.0,0.0,0.0,0.0,0.0,0.0,0.0,0.0,0.0,0.0,0.0,0.0,0.0,20.91730783048752,2.3241453144986135,0.9890024913230215,0.7161456760170758,3.4990890749761845,0.7161456760170758,0.7748600102454034,1.5130811851899941,2.7409109891490453,2.9420783002183577,3.3384493442830245,3.4990890749761845,12.058481116139818,1.3398312351266464,0.7561788643742957,0.0,2.5597976486296266,0.0,0.416606347723856,0.7220795730556315,1.4849806536185886,1.885914436576793,2.125520799695637,2.5597976486296266,0.42857142857142855,0.8888888888888888,0.2858648557614021,4.83313099565927,3.6005888865815625,0.45526050355119124,-0.6846094352594357,0.5692519609628696,-0.8092784823300981,-0.5847476056235941,-0.056022993091826706,0.3712225908317123,-0.4351783069860334,-0.8202521741421726,-16.003,19.437,-13.92
A,460,.,4.388910101662443,0.39307575165038333,6,3.4990890749761845,2.5597976486296266,3.490523023119224,2.3366821255620924,2.7492689169181643,2.148783352280453,0.3448024439014603,1.0054767426328524,0.33313452981270114,0.0,0.20370055534293227,0.5202861317052028,0.0,0.0,0.0,0.0,0.0,0.0,0.0,0.0,0.0,0.0,0.0,0.0,0.0,0.0,0.0,0.0,0.0,0.0,0.0,0.0,0.0,0.0,0.0,0.0,0.0,0.0,0.0,0.0,0.0,0.0,10.620518544070666,1.7700864240117777,1.497663762485402,0.20370055534293227,3.4990890749761845,0.20370055534293227,0.2684175425778167,0.33605150833489095,1.5470356804098122,3.305209496568959,3.494806049047704,3.4990890749761845,8.571026000810228,1.4285043334683714,0.9719268325755124,0.0,2.5597976486296266,0.0,0.2601430658526014,0.6415837844371152,1.5771300474566528,2.2897074322416824,2.4482398870958595,2.5597976486296266,0.2857142857142857,0.8333333333333334,0.39307575165038333,4.388910101662443,3.474143862879691,-0.5295503435417664,-0.7003158628846632,-0.4786795648937888,-0.40154860405989323,0.7040161428701384,-0.5857644485250059,0.7472182761632294,-0.11797865387587228,-0.6540228474581673,-13.49,17.271,-12.175
A,461,.,4.951286504309904,0.22729953267711056,9,3.490523023119224,2.3366821255620924,3.4437682460176706,2.06451824108446,3.1426641029223137,0.13396517352798126,2.800410579973017,1.0585261344620647,2.7409109891490453,1.4849806536185886,2.6604273553514513,2.1400873397426405,2.411116575817245,0.0,1.256111641141714,1.3175148597250648,0.15731395710035379,0.0,0.0,0.0,0.0,0.0,0.0,0.0,0.0,0.0,0.0,0.0,0.0,0.0,0.0,0.0,0.0,0.0,0.0,0.0,0.0,0.0,0.0,0.0,0.0,0.0,22.103246470592033,2.455916274510226,1.0265757049866702,0.15731395710035379,3.490523023119224,0.15731395710035379,1.0363521043334418,2.411116575817245,2.7409109891490453,3.1426641029223137,3.4531192014379815,3.490523023119224,10.536274527722892,1.170697169746988,0.8848693041229648,0.0,2.3366821255620924,0.0,0.0,0.13396517352798126,1.3175148597250648,2.06451824108446,2.179406296906531,2.3366821255620924,0.42857142857142855,0.7777777777777778,0.22729953267711056,4.951286504309904,3.4935642341251962,-0.9730158016194488,0.16319257993229166,0.16312091114846028,-0.09631873591788619,0.3551405306018778,-0.929837568952232,-0.20967343873281077,-0.9204582474935292,-0.3298388450608855,-16.072,16.812,-9.383
A,462,.,4.814128683453114,0.0051938252143529685,12,3.1456855853152157,0.0,3.1426641029223137,0.13396517352798126,2.987896655119514,0.0,2.9420783002183577,0.0,2.4980202889333833,0.20570111258047688,2.4019687829605645,0.2336093928332751,1.983673757190456,0.0,1.8997480285519903,0.0,1.7616850674212299,0.0,0.9780065228548072,0.0,0.6959183373557314,0.0,0.33313452981270114,0.0,0.0,0.0,0.0,0.0,0.0,0.0,0.0,0.0,0.0,0.0,0.0,0.0,0.0,0.0,0.0,0.0,0.0,0.0,24.770479958656264,2.064206663221355,0.9324033621879803,0.33313452981270114,3.1456855853152157,0.33313452981270114,0.724127155905639,1.5657654312796243,2.1928212700755103,2.9535328889436467,3.127187358142034,3.1456855853152157,0.5732756789417333,0.047772973245144436,0.08536484453166507,0.0,0.2336093928332751,0.0,0.0,0.0,0.0,0.033491293381995316,0.19852751867522733,0.2336093928332751,0.5714285714285714,0.25,0.0051938252143529685,4.814128683453114,0.49157552379846947,-0.14477501699680234,0.9829691564546513,-0.11318936307094718,-0.3871585296158814,-0.16154984830640742,-0.9077499212105972,-0.9105758987581674,-0.0875972828974041,0.403953275305137,-19.35,16.804,-11.38
A,463,.,5.210764248297651,0.10126006040770395,13,3.337607743526016,1.9933919747298754,3.1456855853152157,0.0,3.120274635628118,0.0,3.0968256981140434,0.0,2.9312364181728903,1.199597245515278,2.828850901247914,0.0,2.81087751090168,1.7130318686442063,2.790385663020238,1.6466180835583841,2.202146887311215,0.0,2.1144333737837475,0.0,1.9656595536466746,0.0,1.5130811851899941,0.7220795730556315,0.38411957113878625,0.0,0.0,0.0,0.0,0.0,0.0,0.0,0.0,0.0,0.0,0.0,0.0,0.0,0.0,0.0,0.0,0.0,32.241184726996536,2.4800911328458874,0.7991927849778875,0.38411957113878625,3.337607743526016,0.38411957113878625,1.6035968588813303,2.1144333737837475,2.81087751090168,3.0968256981140434,3.1406033953777963,3.337607743526016,7.2747187455033755,0.5595937496541058,0.76000942209779,0.0,1.9933919747298754,0.0,0.0,0.0,0.0,1.199597245515278,1.699749111627042,1.9933919747298754,0.6190476190476191,0.38461538461538464,0.10126006040770395,5.210764248297651,2.968002841993075,-0.9945558287337758,-0.07792306621649803,-0.06918597605795174,-0.09624733826455899,0.43244689519100793,0.8965077426975435,-0.03993937166080329,0.8982859670456156,-0.43759246794279205,-20.892,14.647,-14.108
A,464,.,5.197973026596041,0.0,14,3.2214724507154666,0.0,3.134746110080781,0.0,3.0968256981140434,0.0,2.9222471842915136,0.0,2.7917600228402137,0.0,2.7805878933925334,0.0,2.741891084270928,0.0,2.488043391731807,0.0,2.452633082571038,0.0,2.356538097215487,0.0,2.2962822718818976,0.0,1.9341137008900227,0.0,1.5133740486813687,0.0,0.46009217263695423,0.0,0.0,0.0,0.0,0.0,0.0,0.0,0.0,0.0,0.0,0.0,0.0,0.0,0.0,0.0,34.19060720931405,2.442186229236718,0.7147846966212087,0.46009217263695423,3.2214724507154666,0.46009217263695423,1.639595944343965,2.311346228215295,2.6149672380013675,2.8896253939286884,3.12336998649076,3.2214724507154666,0.0,0.0,0.0,0.0,0.0,0.0,0.0,0.0,0.0,0.0,0.0,0.0,0.6666666666666666,0.0,0.0,5.197973026596041,0.0,-0.026816167754410973,0.9970064091803594,-0.07251974352031912,-0.9457604529970222,-0.04879955512476919,-0.32117871810954735,-0.32375617166910464,0.05997352309903256,0.9442378502439177,-24.305,13.903,-15.583
A,465,.,5.212533183520502,0.020494426067591047,15,3.727116510558623,0.0,3.1540343245037255,0.0,3.134746110080781,0.0,2.828850901247914,0.0,2.6811790505536495,0.97259166707324,2.500336987443358,0.8941391880322269,2.4565328951001537,0.030441713331686743,2.404988239944724,0.0,2.2722671126497174,0.0,2.240692667854499,0.0,2.172848775667079,0.48273536069276424,2.042562285176206,0.0,1.3316137573245665,0.0,0.7524485743550249,0.0,0.4851982294032444,0.0,0.0,0.0,0.0,0.0,0.0,0.0,0.0,0.0,0.0,0.0,0.0,0.0,34.185416421863266,2.279027761457551,0.8433979416371635,0.4851982294032444,3.727116510558623,0.4851982294032444,0.9841146475428416,2.1077055304216428,2.404988239944724,2.7550149759007816,3.1463190387345477,3.727116510558623,2.379907929129918,0.1586605286086612,0.3267804680753608,0.0,0.97259166707324,0.0,0.0,0.0,0.0,0.015220856665843371,0.7295776570964417,0.97259166707324,0.7142857142857143,0.26666666666666666,0.020494426067591047,5.212533183520502,1.5563389466975501,-0.9199390847928008,-0.27967982484162246,0.27475675760050566,-0.2504752176698859,0.958391357127896,0.136923963993791,-0.30161937206321304,0.05714194745639183,-0.9517145329546479,-25.257,10.19,-15.638
A,466,.,5.411083878240061,0.078561301345598,16,3.5985498506222644,2.0534363179923214,3.3055378074933945,0.0,3.2934079927524764,1.4460503705076346,3.1540343245037255,0.0,2.9291703734317704,0.0,2.742271257286445,0.0,2.6808708324286687,0.7205872349853363,2.6764769712631042,1.1695242064960643,2.603030368146182,0.0,2.498784899820709,0.0,2.453338580320338,1.6471632773420382,2.422490319653751,0.0,2.035298935860583,0.0,1.12600693852255,0.0,0.012268434053853609,0.0,0.011339958932075792,0.0,0.0,0.0,0.0,0.0,0.0,0.0,0.0,0.0,0.0,0.0,37.542877845091894,2.3464298653182434,1.0412493509290248,0.011339958932075792,3.5985498506222644,0.011339958932075792,0.5691376862882018,2.325692473705459,2.639753669704643,2.985386361199759,3.2994729001229355,3.5985498506222644,7.036761407323395,0.4397975879577122,0.6987976901055041,0.0,2.0534363179923214,0.0,0.0,0.0,0.0,0.8328214778630183,1.5466068239248365,2.0534363179923214,0.7619047619047619,0.3125,0.078561301345598,5.411083878240061,2.918272227935833,0.0739403080511709,0.9228758507655856,-0.3779325269396566,-0.9507545805163569,0.17961547532760705,0.25259455388033203,0.3009959442790951,0.34064416198804015,0.890709265939791,-27.946,8.216,-17.428
A,467,.,5.20768176087761,0.13557077258957106,13,3.3764093478526576,0.36905282096549824,3.3055378074933945,0.0,3.138580752019919,1.1491311165672284,3.1126171281887607,1.5683679705107616,3.0657899113094267,0.0,2.973885358123982,1.782844851838481,2.673472558859834,1.2640900033075293,2.172848775667079,0.48273536069276424,2.0635115809211393,0.0,2.0391116135750424,1.7321315380504467,1.9725479069508796,0.0,1.2937540915697259,1.4171387444148718,0.644510354633604,1.2069942352030594,0.0,0.0,0.0,0.0,0.0,0.0,0.0,0.0,0.0,0.0,0.0,0.0,0.0,0.0,0.0,0.0,31.832577187165445,2.448659783628111,0.8051099865038307,0.644510354633604,3.3764093478526576,0.644510354633604,1.4295128546459568,2.0391116135750424,2.673472558859834,3.1126171281887607,3.2721463963986994,3.3764093478526576,10.97248664155064,0.8440374339654338,0.6866966988075617,0.0,1.782844851838481,0.0,0.0,0.0,1.1491311165672284,1.4171387444148718,1.6993788245425099,1.782844851838481,0.6190476190476191,0.6923076923076923,0.13557077258957106,5.20768176087761,3.2437305706557384,-0.8984525324555818,-0.4228907265072922,0.11809521733874802,-0.4390687065975483,0.8661432090448172,-0.23877732788584005,-0.0013106528555155074,-0.2663820092642903,-0.9638666439551746,-28.772,4.806,-15.979
A,468,.,4.99181211098798,0.04560503678004264,11,3.1920923279017837,0.8346120200085922,3.1627159711246593,1.0885585858055729,3.0658085579371845,0.0,3.0657899113094267,0.0,2.6808708324286687,0.7205872349853363,2.480296037230317,1.2053838083913322,2.236417512325913,0.0,2.197631161336408,0.0,2.1188341150643017,0.0,2.0907770513435815,0.0,1.6108569051875143,0.0,0.0,0.0,0.0,0.0,0.0,0.0,0.0,0.0,0.0,0.0,0.0,0.0,0.0,0.0,0.0,0.0,0.0,0.0,0.0,0.0,27.90209038318976,2.536553671199069,0.5082121389746752,1.6108569051875143,3.1920923279017837,1.6108569051875143,2.0907770513435815,2.1582326382003547,2.480296037230317,3.065799234623306,3.1627159711246593,3.1920923279017837,3.849141649190834,0.34992196810825765,0.4773824354099546,0.0,1.2053838083913322,0.0,0.0,0.0,0.0,0.7775996274969643,1.0885585858055729,1.2053838083913322,0.5238095238095238,0.36363636363636365,0.04560503678004264,4.99181211098798,2.0370023547919622,0.08379487487368145,0.9152257141055421,-0.394132352370247,-0.6505649340586664,0.349845580042055,0.6740722043655866,0.7548136760274995,0.19992489180949588,0.6247290229506024,-31.377,2.072,-16.203
A,469,.,5.1173326957236736,0.19788243544819528,12,3.3300951441690065,1.7975046009753939,3.3104955670129885,2.188103102886658,3.24690335822836,2.1598745577885086,3.0658085579371845,0.0,2.973885358123982,1.782844851838481,2.745487273231105,0.0,2.6594270229898305,0.0,2.4517720453124237,1.7293466871054997,1.566828905491166,0.0,1.3232986492398329,0.24913405298935604,1.2263016498089991,1.205105162965831,0.8732621379364365,0.0,0.0,0.0,0.0,0.0,0.0,0.0,0.0,0.0,0.0,0.0,0.0,0.0,0.0,0.0,0.0,0.0,0.0,0.0,28.773565669481314,2.3977971391234427,0.8629026611253103,0.8732621379364365,3.3300951441690065,0.8732621379364365,1.2360013497520825,1.5059463414283327,2.7024571481104678,3.1110822580099784,3.3041363461345257,3.3300951441690065,11.111913016549728,0.925992751379144,0.9164172602035138,0.0,2.188103102886658,0.0,0.0,0.0,0.7271196079775935,1.786509789122709,2.1236375621071972,2.188103102886658,0.5714285714285714,0.5833333333333334,0.19788243544819528,5.1173326957236736,3.521248775979972,-0.41018704517643595,-0.13492873891510912,0.9019649790231341,-0.8692835154533941,0.35698092108257107,-0.34192220130320267,-0.27584915756698103,-0.9243153452138602,-0.2637202777030415,-32.391,-0.106,-13.232
A,470,.,5.011207457046479,0.35229656840200846,9,3.4809446610856787,2.369104775335108,3.3300951441690065,1.7975046009753939,3.1071484168321715,1.8235730091903704,3.095355864483301,2.466598405345352,2.9470093571233793,1.9891858165706988,2.72949853230808,1.7597165340816763,2.599283892309551,2.275248839061197,1.3899103156692663,0.758101240349371,0.30708682648924496,0.6091474458378999,0.0,0.0,0.0,0.0,0.0,0.0,0.0,0.0,0.0,0.0,0.0,0.0,0.0,0.0,0.0,0.0,0.0,0.0,0.0,0.0,0.0,0.0,0.0,0.0,22.98633301046968,2.5540370011632976,0.9804545278845308,0.30708682648924496,3.4809446610856787,0.30708682648924496,1.173345617833262,2.599283892309551,2.9470093571233793,3.1071484168321715,3.360265047552341,3.4809446610856787,15.848180666747067,1.7609089629718964,0.6255664927333399,0.6091474458378999,2.466598405345352,0.6091474458378999,0.7283104814470768,1.7597165340816763,1.8235730091903704,2.275248839061197,2.388603501337157,2.466598405345352,0.42857142857142855,1.0,0.35229656840200846,5.011207457046479,3.9801008744279707,-0.9696291227485019,0.12046552794953026,-0.2128553990243417,0.050617927085854164,0.9502871375012047,0.30723310654501007,0.23928474622403734,0.28712786851089056,-0.9275237988045865,-33.194,-3.825,-13.357
A,471,.,4.91138453322399,0.31956941700958813,9,3.532094056463922,2.41005737729804,3.4809446610856787,2.369104775335108,3.4241323529446515,1.936423867657397,2.9599392790551766,2.449745684694411,2.6590210083677266,0.6504499914607957,1.9098787446458099,1.4904899485121874,0.997199525925047,1.1869924506661962,0.8732621379364365,0.0,0.008644280320551225,0.10623393411685046,0.0,0.0,0.0,0.0,0.0,0.0,0.0,0.0,0.0,0.0,0.0,0.0,0.0,0.0,0.0,0.0,0.0,0.0,0.0,0.0,0.0,0.0,0.0,0.0,19.845116046744998,2.2050128940827776,1.2380517049700994,0.008644280320551225,3.532094056463922,0.008644280320551225,0.7003385664132594,0.997199525925047,2.6590210083677266,3.4241323529446515,3.4911745401613272,3.532094056463922,12.599498029740985,1.3999442255267762,0.9188345883496025,0.0,2.449745684694411,0.0,0.08498714729348038,0.6504499914607957,1.4904899485121874,2.369104775335108,2.417995038777314,2.449745684694411,0.42857142857142855,0.8888888888888888,0.31956941700958813,4.91138453322399,3.786158036251722,-0.24601819005293382,0.9587718211751838,0.1422379874840044,-0.5156541263509496,-0.25372378440408544,0.8183673155771239,0.8207166820165881,0.12798764060678053,0.5568153120304722,-36.928,-4.268,-13.653
A,472,.,5.003563863696227,0.3058874211083974,11,3.4241323529446515,1.936423867657397,3.3341454824121293,2.2221057900266525,3.320984659536981,1.8884853131735422,3.104088796695978,1.3862768609667637,2.681288616330889,0.6353533295784547,2.599283892309551,2.275248839061197,2.3857407964183674,2.1144526858633332,1.8239023086088395,1.408833437001577,1.0178432061371088,0.9487540497873154,0.1763085146368268,0.0,0.1266335319902466,0.6456529762716257,0.0,0.0,0.0,0.0,0.0,0.0,0.0,0.0,0.0,0.0,0.0,0.0,0.0,0.0,0.0,0.0,0.0,0.0,0.0,0.0,23.99435215802157,2.1813047416383244,1.1760337971395465,0.1266335319902466,3.4241323529446515,0.1266335319902466,0.1763085146368268,1.4208727573729742,2.599283892309551,3.2125367281164796,3.3341454824121293,3.4241323529446515,15.461587149387856,1.4055988317625323,0.7258849129938771,0.0,2.275248839061197,0.0,0.6353533295784547,0.7972035130294706,1.408833437001577,2.025438276760365,2.2221057900266525,2.275248839061197,0.5238095238095238,0.9090909090909091,0.3058874211083974,5.003563863696227,3.834146022545418,-0.9453590433022743,0.06806677591100692,0.31884666105149895,-0.23633976082556857,0.530604370383116,-0.8140040046481651,-0.22458806001103826,-0.8448821906913517,-0.48552475441841314,-38.781,-5.382,-10.54
A,473,.,4.718573332808481,0.32643006822730614,5,4.032382275297152,2.8430646601065903,3.320984659536981,1.8884853131735422,2.9599392790551766,2.449745684694411,2.2112852609845537,1.5837938974039232,1.253162888516695,0.0,0.0,0.0,0.0,0.0,0.0,0.0,0.0,0.0,0.0,0.0,0.0,0.0,0.0,0.0,0.0,0.0,0.0,0.0,0.0,0.0,0.0,0.0,0.0,0.0,0.0,0.0,0.0,0.0,0.0,0.0,0.0,0.0,13.777754363390558,2.7555508726781115,0.9534341224984337,1.253162888516695,4.032382275297152,1.253162888516695,1.6364118375038386,2.2112852609845537,2.9599392790551766,3.320984659536981,3.747823228993084,4.032382275297152,8.765089555378466,1.7530179110756934,0.9791518254071768,0.0,2.8430646601065903,0.0,0.6335175589615694,1.5837938974039232,1.8884853131735422,2.449745684694411,2.6857370699417187,2.8430646601065903,0.23809523809523808,0.8,0.32643006822730614,4.718573332808481,3.617288388814204,-0.6637478652219282,0.7310278065433902,-0.15823121523167544,0.206080385186436,0.382102829650018,0.9008486567758535,0.7190060126693958,0.5653280230395527,-0.40427042942991476,-41.768,-7.393,-11.726
A,474,.,4.815805765752864,0.32475198646563597,8,4.032382275297152,2.8430646601065903,3.4091886991915663,1.415751216417449,2.8478817062752126,1.7670534398810125,2.8302619341040414,1.9970933659559882,1.3616122484743944,1.54582482961303,0.997199525925047,1.1869924506661962,0.5896599092837993,1.4554798807156701,0.1763085146368268,0.0,0.0,0.0,0.0,0.0,0.0,0.0,0.0,0.0,0.0,0.0,0.0,0.0,0.0,0.0,0.0,0.0,0.0,0.0,0.0,0.0,0.0,0.0,0.0,0.0,0.0,0.0,16.24449481318804,2.030561851648505,1.3344106411207581,0.1763085146368268,4.032382275297152,0.1763085146368268,0.46565449088970756,0.8953146217647351,2.095937091289218,2.988208454504301,3.596146772023242,4.032382275297152,12.211259843355936,1.526407480419492,0.7479820130512302,0.0,2.8430646601065903,0.0,0.8308947154663374,1.358561524979636,1.50065235516435,1.8245634213997564,2.2508847542011687,2.8430646601065903,0.38095238095238093,0.875,0.32475198646563597,4.815805765752864,3.707815529591928,0.052990298284546246,0.37377172676406695,0.9260057907807717,0.9479375582012912,0.2727719975445907,-0.16434665529577208,-0.3140165824269291,0.886504446479171,-0.33985798847985044,-44.49,-6.403,-12.282
A,475,.,4.948686057865381,0.14302362697111975,11,3.4733722961870868,1.8935109802561048,3.4091886991915663,1.415751216417449,3.104088796695978,1.3862768609667637,2.6590210083677266,0.6504499914607957,2.5670394793265228,0.41391067701169426,2.4876778065837866,0.05895159956543643,2.042603787024341,1.0310041722508623,1.9329218797650873,0.0,1.5940826210627,1.0557882914771815,1.3419113461858838,1.4089580876438723,1.253162888516695,0.0,0.0,0.0,0.0,0.0,0.0,0.0,0.0,0.0,0.0,0.0,0.0,0.0,0.0,0.0,0.0,0.0,0.0,0.0,0.0,0.0,25.865070608907374,2.3513700553552157,0.7491317784718323,1.253162888516695,3.4733722961870868,1.253162888516695,1.3419113461858838,1.7635022504138935,2.4876778065837866,2.8815549025318523,3.4091886991915663,3.4733722961870868,9.31460187705016,0.8467819888227418,0.6313596954360577,0.0,1.8935109802561048,0.0,0.0,0.23643113828856535,1.0310041722508623,1.397617474305318,1.415751216417449,1.8935109802561048,0.5238095238095238,0.8181818181818182,0.14302362697111975,4.948686057865381,3.0455608935795437,0.5699043886257896,0.15986947599324325,-0.8060091429200483,0.07917156259899073,-0.9870108350883193,-0.1397908262150735,-0.8178880433780035,0.015854402035542055,-0.5751589227643056,-43.559,-2.713,-12.497
A,476,.,4.810905407786205,0.2865959897996426,10,3.4733722961870868,1.8935109802561048,3.3610730603779864,1.0438463048015865,3.160746586989882,1.4058616666124193,2.874321415299682,2.040288726221454,2.4390633892297076,1.8727816970150917,1.9098787446458099,1.4904899485121874,1.3616122484743944,1.54582482961303,1.0178432061371088,0.9487540497873154,0.8332090779441019,1.397249137843413,0.8289141973135228,0.3371755606594379,0.0,0.0,0.0,0.0,0.0,0.0,0.0,0.0,0.0,0.0,0.0,0.0,0.0,0.0,0.0,0.0,0.0,0.0,0.0,0.0,0.0,0.0,21.26003422259928,2.126003422259928,1.0140148003658427,0.8289141973135228,3.4733722961870868,0.8289141973135228,0.8327795898810441,1.1037854667214302,2.174471066937759,3.089140294067332,3.3723029839588965,3.4733722961870868,13.97578290132204,1.397578290132204,0.48647158354246817,0.3371755606594379,2.040288726221454,0.3371755606594379,0.8875962008745276,1.1321970130620431,1.4481758075623032,1.7910424801645761,1.9081887548526397,2.040288726221454,0.47619047619047616,1.0,0.2865959897996426,4.810905407786205,3.5812846387108133,0.9234760407007677,-0.2734335983328422,0.26912091994935655,0.2321770498928986,-0.16013089330202898,-0.9594018524650265,0.30542727408446124,0.9484683254136892,-0.08439203713791571,-42.14,-1.211,-15.701
A,477,.,5.260011786532663,0.1686614050194126,11,3.532094056463922,2.41005737729804,3.3610730603779864,1.0438463048015865,3.3311968598089092,2.3551101784154236,3.2978977039812087,0.8579282993769115,3.2072242076477253,2.088453313412274,3.108283871292358,0.0,2.6594270229898305,0.0,2.0907770513435815,0.0,2.0819022616236516,0.0,1.3899103156692663,0.758101240349371,1.0764212112945848,0.7961549306341744,0.0,0.0,0.0,0.0,0.0,0.0,0.0,0.0,0.0,0.0,0.0,0.0,0.0,0.0,0.0,0.0,0.0,0.0,0.0,0.0,29.136207622493025,2.648746147499366,0.8195093588231112,1.0764212112945848,3.532094056463922,1.0764212112945848,1.3899103156692663,2.0863396564836165,3.108283871292358,3.314547281895059,3.3610730603779864,3.532094056463922,10.309651644287781,0.9372410585716164,0.9089537029495408,0.0,2.41005737729804,0.0,0.0,0.0,0.7961549306341744,1.5661498091069301,2.3551101784154236,2.41005737729804,0.5238095238095238,0.6363636363636364,0.1686614050194126,5.260011786532663,3.505434866957378,0.011054348834815092,-0.9858592983258144,-0.16721018293265186,0.9935908835059722,0.029641993125691934,-0.10908028445763128,0.112494255789616,-0.16493270187585332,0.9798684841682944,-38.37,-0.648,-15.805
A,478,.,5.382812894144674,0.12323343218537508,17,3.3912211171393793,0.1859341900358976,3.3104955670129885,2.188103102886658,3.2978977039812087,0.8579282993769115,3.2770013264835396,1.457777462741755,3.160746586989882,1.4058616666124193,3.055448247380731,0.30717950612229994,2.8372932452232837,1.7966110147590584,2.6573041253842615,0.28343155177415025,2.425643080485899,0.08901815373224028,2.239182992552467,0.0,2.042603787024341,1.0310041722508623,2.002447099985915,0.0,1.6108569051875143,0.0,0.9728525233259124,1.186562114066142,0.30708682648924496,0.6091474458378999,0.008644280320551225,0.10623393411685046,0.0008943489507248412,0.0,0.0,0.0,0.0,0.0,0.0,0.0,0.0,0.0,36.59761976391785,2.152801162583403,1.1489176644101249,0.0008943489507248412,3.3912211171393793,0.0008943489507248412,0.18770980802176748,1.6108569051875143,2.425643080485899,3.160746586989882,3.302936849193921,3.3912211171393793,11.504792614313146,0.6767525067243028,0.6918749534689969,0.0,2.188103102886658,0.0,0.0,0.08901815373224028,0.30717950612229994,1.186562114066142,1.5933108835486764,2.188103102886658,0.8095238095238095,0.7647058823529411,0.12323343218537508,5.382812894144674,3.3213061055778326,0.9031659246742169,0.17930893672455323,-0.39005078863921966,0.2526520394906964,-0.9565899809104893,0.14526718611875633,-0.34707097177459045,-0.22974749973042155,-0.9092622432054801,-37.178,2.794,-14.628
A,479,.,5.037947613719161,0.05816807430630228,12,3.4184379060445576,1.5674464843929354,3.1025262612996016,0.2819881427573448,3.055448247380731,0.30717950612229994,3.018149127837991,1.0504404333063837,2.9291703734317704,0.0,2.4699622024021775,0.19666897196372907,2.236417512325913,0.0,2.1948150099924204,1.1215896098487277,2.160112129118688,0.0,2.0635115809211393,0.0,1.3232986492398329,0.24913405298935604,0.41855111165652803,0.0,0.0,0.0,0.0,0.0,0.0,0.0,0.0,0.0,0.0,0.0,0.0,0.0,0.0,0.0,0.0,0.0,0.0,0.0,28.39040011165135,2.365866675970946,0.8133506268676267,0.41855111165652803,3.4184379060445576,0.41855111165652803,1.3973199424079636,2.135961992069301,2.353189857364045,3.0274739077236763,3.0978184599077148,3.4184379060445576,4.774447201380776,0.3978706001150647,0.5158558978031629,0.0,1.5674464843929354,0.0,0.0,0.0,0.22290151247654255,0.4929947379183209,1.1144746921944932,1.5674464843929354,0.5714285714285714,0.5833333333333334,0.05816807430630228,5.037947613719161,2.2934063973538374,0.057244748178256755,-0.9292593490910471,0.3649658900950766,0.8710308842123287,-0.1321584617178606,-0.47311662383038067,0.48788137651922836,0.3449800039469712,0.8018482146406831,-34.401,5.011,-15.929
A,480,.,5.090887149127728,0.06938754499904323,12,3.3764093478526576,0.36905282096549824,3.1812694879081556,0.0,3.1025262612996016,0.2819881427573448,3.0789928751719513,1.4974644683726825,2.861732199687,0.0,2.766331687763428,1.2026749624934527,2.498784899820709,0.0,2.4517720453124237,1.7293466871054997,2.072410632664655,0.0,1.916109046032734,0.0,0.7753629101256879,0.0,0.7524485743550249,0.0,0.0,0.0,0.0,0.0,0.0,0.0,0.0,0.0,0.0,0.0,0.0,0.0,0.0,0.0,0.0,0.0,0.0,0.0,28.83414996799403,2.4028458306661693,0.8452517114392823,0.7524485743550249,3.3764093478526576,0.7524485743550249,0.8894375237163926,2.0333352360066748,2.6325582937920684,3.0848762217038637,3.1733951652473,3.3764093478526576,5.080527081694478,0.42337725680787314,0.6287689388786158,0.0,1.7293466871054997,0.0,0.0,0.0,0.0,0.5774583563474869,1.4679855177847596,1.7293466871054997,0.5714285714285714,0.4166666666666667,0.06938754499904323,5.090887149127728,2.5021280892059834,0.7049158240365397,0.045882792470102046,-0.7078053760590067,0.5263981802870266,-0.7026750602512415,0.47869898212908424,-0.47539313921573734,-0.7100299494078118,-0.519479387589678,-32.832,8.124,-14.372
A,481,.,5.227557599663214,0.09355652754351863,14,3.2203946708374707,2.114903999507423,3.2142571753081586,1.4928569040533821,3.1812694879081556,0.0,3.0351933424349045,0.0,2.994186078810747,0.8219932391291553,2.8927799669427445,0.5441151281789527,2.742271257286445,0.0,2.458331641602201,1.1482401970699265,2.428336298299606,0.0,2.356538097215487,0.0,2.240692667854499,0.0,1.6150879210325195,1.1615526584418214,0.6811307718370399,0.22735546872354392,0.013317329413719001,0.0,0.0,0.0,0.0,0.0,0.0,0.0,0.0,0.0,0.0,0.0,0.0,0.0,0.0,0.0,33.07378670678369,2.362413336198835,0.9389013646879371,0.013317329413719001,3.2203946708374707,0.013317329413719001,0.9613179165956838,2.269654025194746,2.600301449444323,3.024941526528865,3.2043608690881578,3.2203946708374707,7.511017595104205,0.5365012567931575,0.6741584743266232,0.0,2.114903999507423,0.0,0.0,0.0,0.11367773436177196,1.0666784575847337,1.3934656303699142,2.114903999507423,0.6666666666666666,0.5,0.09355652754351863,5.227557599663214,2.909057149116044,0.22981210158706677,-0.6262729003177472,0.7449621817862522,0.6789005064076443,-0.44529749980740985,-0.5837844114608698,0.6973381535263791,0.6399159249408215,0.3228422349128954,-30.862,11.15,-15.567
A,482,.,5.357637116212513,0.05231194267005966,15,3.727116510558623,0.0,3.1126171281887607,1.5683679705107616,3.090128399374589,0.0,3.0351933424349045,0.0,3.033601111797559,1.3768120457303978,2.946284643301092,0.9741708851974915,2.861732199687,0.0,2.6284440647841967,1.2918325713309615,2.4043290768773296,0.0,2.315844793323534,0.0,2.2962822718818976,0.0,2.0255514574976377,0.0,1.952521105590294,0.0,0.38411957113878625,0.0,0.011339958932075792,0.0,0.0,0.0,0.0,0.0,0.0,0.0,0.0,0.0,0.0,0.0,0.0,0.0,35.82510563536828,2.388340375691219,0.9743308322695279,0.011339958932075792,3.727116510558623,0.011339958932075792,1.0114801849193895,2.1609168646897676,2.6284440647841967,3.034397227116232,3.103621636663092,3.727116510558623,5.211183472769613,0.3474122315179742,0.5866742950443014,0.0,1.5683679705107616,0.0,0.0,0.0,0.0,0.48708544259874575,1.3428202559706233,1.5683679705107616,0.7142857142857143,0.26666666666666666,0.05231194267005966,5.357637116212513,2.489021505478553,0.9254690426029358,0.15969556998572454,-0.34351765036245197,0.37791623324974793,-0.45191650580650394,0.8080537063994955,-0.02619869901211485,-0.8776495865130767,-0.4785862842408858,-29.028,12.958,-12.828
A,483,.,5.170949136842928,0.0,14,3.5541273166835765,0.0,3.090128399374589,0.0,3.0850563907637136,0.0,2.8638908806465673,0.0,2.8025539952589433,0.0,2.564710867486602,0.0,2.517309300895501,0.0,2.488043391731807,0.0,2.446226457193825,0.0,2.202146887311215,0.0,1.983673757190456,0.0,1.6637347915415226,0.0,1.3691685479579048,0.0,0.5654865214071498,0.0,0.0,0.0,0.0,0.0,0.0,0.0,0.0,0.0,0.0,0.0,0.0,0.0,0.0,0.0,33.19625750544337,2.371161250388812,0.75007538061265,0.5654865214071498,3.5541273166835765,0.5654865214071498,1.45753842103299,2.0382920397206457,2.5026763463136543,2.8485566592996614,3.088606796791326,3.5541273166835765,0.0,0.0,0.0,0.0,0.0,0.0,0.0,0.0,0.0,0.0,0.0,0.0,0.6666666666666666,0.0,0.0,5.170949136842928,0.0,0.3445583665318379,-0.8514079725398734,0.3954541646619158,-0.39443729197263777,-0.5135616088835191,-0.762019485697225,0.8518795423968131,0.10657831944871937,-0.5127790041229096,-26.11,15.213,-11.947
A,484,.,4.886115313602259,0.024285379733864517,12,3.120274635628118,0.0,3.0997994532132624,0.6892410616006988,3.0850563907637136,0.0,2.8392480397730218,0.0,2.7136478383906812,0.6776395565180718,2.404988239944724,0.0,2.4043290768773296,0.0,1.7616850674212299,0.0,1.7211420646157145,0.6218450376140722,1.698018224667574,0.31352231894130594,1.4679365581587953,0.0,0.15731395710035379,0.0,0.0,0.0,0.0,0.0,0.0,0.0,0.0,0.0,0.0,0.0,0.0,0.0,0.0,0.0,0.0,0.0,0.0,0.0,26.473439546554516,2.206119962212876,0.8454563015950212,0.15731395710035379,3.120274635628118,0.15731395710035379,1.4909447248096732,1.7153611046286794,2.4046586584110266,2.900700127520695,3.0983251469683077,3.120274635628118,2.3022479746741484,0.19185399788951238,0.2854149941692768,0.0,0.6892410616006988,0.0,0.0,0.0,0.0,0.3906029986094975,0.6720601046276719,0.6892410616006988,0.5714285714285714,0.3333333333333333,0.024285379733864517,4.886115313602259,1.4331836721931919,0.8103187122425255,-0.2202110196213899,-0.5430383885388979,0.5498591261645714,0.6061035646262422,0.5747115888172925,0.20257967806063137,-0.7642941683570996,0.6122220987943676,-23.651,13.65,-9.497
A,485,.,5.09014779908334,0.048179541483737806,15,3.2474632817201132,0.35900782066454756,3.1031910862460395,1.0595734256457576,3.0597956818433256,0.0,2.8392480397730218,0.0,2.800410579973017,1.0585261344620647,2.595127833237094,0.6493718709613832,2.4980202889333833,0.20570111258047688,2.446226457193825,0.0,2.3425958785732806,0.0,1.9645776785901996,0.0,1.9365536561312091,0.46473665807286463,1.878166496968794,0.0,1.0345500985113665,0.48575947642019807,0.45053662062330757,0.7965833458427023,0.040797258214315235,0.0,0.0,0.0,0.0,0.0,0.0,0.0,0.0,0.0,0.0,0.0,0.0,0.0,32.23726093653229,2.1491507291021525,0.931589607176321,0.040797258214315235,3.2474632817201132,0.040797258214315235,0.6841420117785312,1.9073600765500016,2.446226457193825,2.819829309873019,3.085832924484954,3.2474632817201132,5.079259844649995,0.3386173229766663,0.3831987210616603,0.0,1.0595734256457576,0.0,0.0,0.0,0.20570111258047688,0.5675656736907906,0.9537490190143196,1.0595734256457576,0.7142857142857143,0.5333333333333333,0.048179541483737806,5.09014779908334,2.1721171175975567,0.37319523895558987,-0.6477133330254442,0.6642234201245468,-0.26628693675917225,-0.760607314084812,-0.5920876464444305,0.8887162544548719,0.04409027082881565,-0.45633262768066996,-21.295,15.957,-7.602
A,486,.,5.158048994208869,0.11991598483578106,11,3.4437682460176706,2.06451824108446,3.412770158014771,1.3665481822304697,3.277031519036549,1.1941527449870657,3.0597956818433256,0.0,2.9876194534434406,1.7032269358664864,2.9410173425650568,1.4920677915166913,2.593260181900086,0.0,2.4369673735107686,0.0,2.0189030099075467,0.0,0.6980352146327213,0.0,0.20370055534293227,0.5202861317052028,0.0,0.0,0.0,0.0,0.0,0.0,0.0,0.0,0.0,0.0,0.0,0.0,0.0,0.0,0.0,0.0,0.0,0.0,0.0,0.0,27.072868736214865,2.461169885110442,1.0366411510676934,0.20370055534293227,3.4437682460176706,0.20370055534293227,0.6980352146327213,2.2279351917091574,2.9410173425650568,3.168413600439937,3.412770158014771,3.4437682460176706,8.340800027390376,0.7582545479445796,0.7763074996774733,0.0,2.06451824108446,0.0,0.0,0.0,0.5202861317052028,1.4293079868735805,1.7032269358664864,2.06451824108446,0.5238095238095238,0.5454545454545454,0.11991598483578106,5.158048994208869,3.0784396892758608,0.40881476634627195,-0.33964686106115094,-0.8470599132225242,0.8510422780189184,0.47703788890108567,0.21945818184147337,0.32954139017976614,-0.810601543499704,0.48407397144887315,-18.771,15.39,-4.817
A,487,.,5.310905803645788,0.18910306673873203,13,3.4865918966791036,2.311671684595207,3.2920853935783763,2.2400658650443326,3.277031519036549,1.1941527449870657,3.251250077482885,0.3496429775145243,3.0489838991586304,0.3925021170814503,2.89558039160355,1.267006756667318,2.749588738844044,1.4558857201441089,2.6604273553514513,2.1400873397426405,2.595127833237094,0.6493718709613832,2.5934919602014412,0.4689981238946219,1.2315510056951429,0.7648862777149219,0.6456031646251805,0.885930488564496,0.340623607743689,0.0,0.0,0.0,0.0,0.0,0.0,0.0,0.0,0.0,0.0,0.0,0.0,0.0,0.0,0.0,0.0,0.0,32.067936843237135,2.4667643725567028,1.0011110436859794,0.340623607743689,3.4865918966791036,0.340623607743689,0.762792732839173,2.5934919602014412,2.749588738844044,3.251250077482885,3.2890746186700106,3.4865918966791036,14.12020196691207,1.0861693820701592,0.7360784345065142,0.0,2.311671684595207,0.0,0.3582148054279095,0.4689981238946219,0.885930488564496,1.4558857201441089,2.2200701599839943,2.311671684595207,0.6190476190476191,0.9230769230769231,0.18910306673873203,5.310905803645788,3.6663940925018625,0.36953256026727144,-0.20023575207635702,0.9073870896661089,-0.14207777449429476,-0.9771996893865548,-0.15778045841475213,0.9182916709287217,-0.07061452154646874,-0.38955615314059616,-17.962,18.315,-2.497
A,488,.,5.02719534967293,0.27128382626306813,6,3.689181908370036,2.4264032141646004,3.4865918966791036,2.311671684595207,3.2921485911917583,0.2571909056934936,3.2526316325904148,2.626840145676667,3.197292573200975,2.258434648658676,2.027238623183371,0.0,0.0,0.0,0.0,0.0,0.0,0.0,0.0,0.0,0.0,0.0,0.0,0.0,0.0,0.0,0.0,0.0,0.0,0.0,0.0,0.0,0.0,0.0,0.0,0.0,0.0,0.0,0.0,0.0,0.0,0.0,18.945085225215657,3.1575142042026094,0.5318586319646599,2.027238623183371,3.689181908370036,2.027238623183371,2.612265598192173,3.211127338048335,3.2723901118910863,3.4379810703072673,3.58788690252457,3.689181908370036,9.880540598788643,1.646756766464774,1.0822334023409281,0.0,2.626840145676667,0.0,0.1285954528467468,0.7575018414347892,2.2850531666269416,2.397720331772252,2.5266216799206336,2.626840145676667,0.2857142857142857,0.8333333333333334,0.27128382626306813,5.02719534967293,3.7400660778123713,-0.3576611309635567,-0.4375649838696184,-0.8249941819728489,0.8419395236185908,0.2310967222195726,-0.48757783332332705,0.40400043807744807,-0.868982847857511,0.28574893904033966,-15.888,18.92,0.651
A,489,.,5.182554241996969,0.16228065678974465,12,3.7180498314137163,2.5802850090862326,3.3515553547606727,0.9578433394316936,3.2968252662647073,1.8933754829808984,3.2921485911917583,0.2571909056934936,2.89558039160355,1.267006756667318,2.5395763211277322,1.9497456412848369,2.538139312384727,0.0,2.4157530510994096,0.0,1.9741588007752529,0.0,0.2656074611534685,0.0,0.19787005004067076,0.35545169607603716,0.12455913704974839,0.0,0.0,0.0,0.0,0.0,0.0,0.0,0.0,0.0,0.0,0.0,0.0,0.0,0.0,0.0,0.0,0.0,0.0,0.0,26.609823568865412,2.217485297405451,1.2547107898708716,0.12455913704974839,3.7180498314137163,0.12455913704974839,0.20464379115195055,1.5470209658698066,2.53885781675623,3.2933177599599954,3.3460823459110762,3.7180498314137163,9.26089883122051,0.7717415692683759,0.8950089371567187,0.0,2.5802850090862326,0.0,0.0,0.0,0.3063213008847654,1.423598938245713,1.944108625454443,2.5802850090862326,0.5714285714285714,0.5833333333333334,0.16228065678974465,5.182554241996969,3.3926928874166506,0.5893662241214673,0.5767602927670814,0.5656810219125571,0.17518178374439297,-0.7747966578127313,0.6074549215261607,0.7886436435481726,-0.25891640297488266,-0.5576768775568977,-17.581,21.298,3.16
A,490,.,4.777346057265064,0.39896399885581535,6,3.7180498314137163,2.5802850090862326,3.3861717264451463,2.1532076696972227,3.2526316325904148,2.626840145676667,2.9653246111325653,2.5040064157559323,1.852660131373225,1.1547279367945973,0.34784517602034526,0.6655395734983953,0.0,0.0,0.0,0.0,0.0,0.0,0.0,0.0,0.0,0.0,0.0,0.0,0.0,0.0,0.0,0.0,0.0,0.0,0.0,0.0,0.0,0.0,0.0,0.0,0.0,0.0,0.0,0.0,0.0,0.0,15.522683108975412,2.5871138514959022,1.1588222067985716,0.34784517602034526,3.7180498314137163,0.34784517602034526,1.1002526536967852,2.13082625131306,3.1089781218614903,3.3527867029814633,3.552110778929431,3.7180498314137163,11.684606750509047,1.9474344584181746,0.7622166130157235,0.6655395734983953,2.626840145676667,0.6655395734983953,0.9101337551464963,1.4043478700202536,2.3286070427265777,2.5612153607536574,2.6035625773814495,2.626840145676667,0.2857142857142857,1.0,0.39896399885581535,4.777346057265064,3.8710643349014844,-0.5348428039084244,-0.8432577707703816,0.053474359675841986,0.10343349206551997,-0.128151663373557,-0.9863461176958737,0.8385968565565378,-0.5220090834554101,0.15576209090640808,-15.116,22.931,5.602
A,491,.,4.659229046170782,0.30016640193595173,6,3.399612793531917,2.30499019840789,3.3861717264451463,2.1532076696972227,3.0665028972360235,2.172266818486574,2.8647348106732764,1.8258790526886346,2.37343956396227,1.0155458474497987,0.2656074611534685,0.0,0.0,0.0,0.0,0.0,0.0,0.0,0.0,0.0,0.0,0.0,0.0,0.0,0.0,0.0,0.0,0.0,0.0,0.0,0.0,0.0,0.0,0.0,0.0,0.0,0.0,0.0,0.0,0.0,0.0,0.0,15.356069253002103,2.5593448755003503,1.0828940543642722,0.2656074611534685,3.399612793531917,0.2656074611534685,1.3195235125578693,2.4962633756400217,2.96561885395465,3.3062545191428656,3.392892259988532,3.399612793531917,9.47188958673012,1.57864826445502,0.8246627432285845,0.0,2.30499019840789,0.0,0.5077729237248993,1.2181291487595076,1.9895433611929287,2.1675020312892364,2.238628508447232,2.30499019840789,0.2857142857142857,0.8333333333333334,0.30016640193595173,4.659229046170782,3.4776582977566015,-0.02947017375907978,0.2922713384291848,-0.9558812549639325,0.9941271948062933,0.10819061848947867,0.002431176142188192,0.10412794728208134,-0.9501959033818641,-0.2937432821208735,-15.721,22.959,9.348
A,492,.,4.145718686676147,0.479514984798031,3,3.399612793531917,2.30499019840789,2.9653246111325653,2.5040064157559323,2.7606110251678353,2.356373222690312,0.0,0.0,0.0,0.0,0.0,0.0,0.0,0.0,0.0,0.0,0.0,0.0,0.0,0.0,0.0,0.0,0.0,0.0,0.0,0.0,0.0,0.0,0.0,0.0,0.0,0.0,0.0,0.0,0.0,0.0,0.0,0.0,0.0,0.0,0.0,0.0,9.125548429832318,3.0418494766107727,0.2664242935250076,2.7606110251678353,3.399612793531917,2.7606110251678353,2.8015537423607815,2.8629678181502003,2.9653246111325653,3.1824687023322413,3.3127551570520466,3.399612793531917,7.1653698368541345,2.3884566122847115,0.08435587949388511,2.30499019840789,2.5040064157559323,2.30499019840789,2.3152668032643744,2.330681710549101,2.356373222690312,2.430189819223122,2.4744797771428084,2.5040064157559323,0.14285714285714285,1.0,0.479514984798031,4.145718686676147,3.4277773178274784,-0.975230057730848,-0.16372606922914146,0.1487283051509061,0.17648265119794126,-0.9812892115775829,0.0769763409600085,0.13334244757177846,0.10131760703954687,0.9858775452252411,-17.14,26.431,9.833
A,496,.,4.328711771977569,0.4690878597475398,4,3.695763206630256,2.911665647435541,3.0665028972360235,2.172266818486574,2.7606110251678353,2.356373222690312,0.2577505607626986,0.3303262457953702,0.0,0.0,0.0,0.0,0.0,0.0,0.0,0.0,0.0,0.0,0.0,0.0,0.0,0.0,0.0,0.0,0.0,0.0,0.0,0.0,0.0,0.0,0.0,0.0,0.0,0.0,0.0,0.0,0.0,0.0,0.0,0.0,0.0,0.0,9.780627689796813,2.445156922449203,1.307128989473259,0.2577505607626986,3.695763206630256,0.2577505607626986,1.0086087000842396,2.134895909066551,2.9135569612019294,3.2238179745845814,3.5069851138119863,3.695763206630256,7.770631934407797,1.9426579836019493,0.9698543706940792,0.3303262457953702,2.911665647435541,0.3303262457953702,0.8829084176027314,1.7117816753137731,2.264320020588443,2.4951963288766192,2.745077920011972,2.911665647435541,0.19047619047619047,1.0,0.4690878597475398,4.328711771977569,3.5865585364163404,0.5667567687340396,0.7472561913280967,-0.34697975389924,-0.6499504228601373,0.1467063570294937,-0.7456820318547734,-0.5063113794080468,0.6481399766477619,0.5688262984013304,-17.414,21.421,13.981
A,497,.,4.893709618301847,0.37592239146294854,9,3.695763206630256,2.911665647435541,3.4697621615309644,2.476076108403184,3.412457085934783,1.8304335586508285,2.37343956396227,1.0155458474497987,2.3416759900292714,1.7046280850378492,2.1128303786064375,1.9245580934433715,1.8966088542808865,1.331539820366352,0.34784517602034526,0.6655395734983953,0.19787005004067076,0.35545169607603716,0.0,0.0,0.0,0.0,0.0,0.0,0.0,0.0,0.0,0.0,0.0,0.0,0.0,0.0,0.0,0.0,0.0,0.0,0.0,0.0,0.0,0.0,0.0,0.0,19.848252467035884,2.2053613852262095,1.1975993083174674,0.19787005004067076,3.695763206630256,0.19787005004067076,0.31785015082441037,1.8966088542808865,2.3416759900292714,3.412457085934783,3.5149623705508226,3.695763206630256,14.215438430361358,1.5794931589290397,0.7809787488025967,0.35545169607603716,2.911665647435541,0.35545169607603716,0.6035219980139237,1.0155458474497987,1.7046280850378492,1.9245580934433715,2.5631940162096556,2.911665647435541,0.42857142857142855,1.0,0.37592239146294854,4.893709618301847,3.9277005677029,-0.0176090930263142,-0.571582440754295,0.8203556748533855,0.34305121969781166,0.7672234412802089,0.5419262420422153,-0.9391516280700547,0.29096684445399756,0.18257194450914097,-16.282,18.372,11.837
A,498,.,5.008285014351297,0.30662161783251096,12,3.412457085934783,1.8304335586508285,3.222839957302633,0.2835347341211732,3.197292573200975,2.258434648658676,2.8647348106732764,1.8258790526886346,2.66111232039609,1.5501633788382825,2.5970069023088858,2.2866325247000026,2.2397091889423746,0.33375712546912617,2.230088590955392,2.396748251584617,1.9741588007752529,0.0,1.852660131373225,1.1547279367945973,0.6418254647158774,0.5514338354363206,0.2577505607626986,0.3303262457953702,0.0,0.0,0.0,0.0,0.0,0.0,0.0,0.0,0.0,0.0,0.0,0.0,0.0,0.0,0.0,0.0,0.0,0.0,27.151636387341462,2.2626363656117885,0.942083242550381,0.2577505607626986,3.412457085934783,0.2577505607626986,0.7629089313816123,1.9437841334247459,2.41835804562563,2.947874251305201,3.2202852188924673,3.412457085934783,14.802071292737628,1.233505941061469,0.8583355779118843,0.0,2.396748251584617,0.0,0.2882138852885929,0.3328994055506872,1.3524456578164399,1.9374338311527903,2.28381273709587,2.396748251584617,0.5714285714285714,0.9166666666666666,0.30662161783251096,5.008285014351297,3.8411423031093825,-0.5893112175493824,-0.05821510032816029,-0.8058059884142378,-0.7214320454572339,-0.4110368684653704,0.5573010824945286,-0.3636593084988421,0.9097580419298111,0.20023039850677002,-15.486,18.799,8.157
A,499,.,5.050636945827356,0.05627667958678736,12,3.395427434151353,0.27847002150292444,3.3515553547606727,0.9578433394316936,3.222839957302633,0.2835347341211732,3.0025986459712684,0.7636569010495589,2.8973197865671425,1.2044157062304057,2.418838069818295,0.0,2.3950348219705364,0.1881064586040524,2.027238623183371,0.0,1.8966088542808865,1.331539820366352,1.3696389262142534,0.0,1.277397042787041,0.0,0.340623607743689,0.0,0.0,0.0,0.0,0.0,0.0,0.0,0.0,0.0,0.0,0.0,0.0,0.0,0.0,0.0,0.0,0.0,0.0,0.0,27.595121124751138,2.299593427062595,0.9137158104474018,0.340623607743689,3.395427434151353,0.340623607743689,1.2866212311297622,1.7648663722642284,2.4069364458944156,3.0576589738041093,3.338683815014869,3.395427434151353,5.0075669813061605,0.41729724844218,0.48544900414106373,0.0,1.331539820366352,0.0,0.0,0.0,0.23328824005348842,0.8122035106450926,1.1797584695505345,1.331539820366352,0.5714285714285714,0.5833333333333334,0.05627667958678736,5.050636945827356,2.2751875854715222,0.19638445876458635,0.751430445949065,0.6299090642755745,-0.15514372242402175,0.6581392549186266,-0.7367381804464685,-0.9681753817094084,0.04695749179784084,0.24582803789620322,-17.939,17.011,5.906
A,500,.,5.473886606843715,0.15196452488808862,16,3.869397301868989,2.305390155126136,3.689181908370036,2.4264032141646004,3.395427434151353,0.27847002150292444,2.998777631739951,0.7517980911833729,2.9924268165452643,0.0,2.9876194534434406,1.7032269358664864,2.90490453259345,0.0,2.66111232039609,1.5501633788382825,2.5934919602014412,0.4689981238946219,2.3693611090718085,0.3386527147927577,2.1145082060147486,1.357382924292133,1.3942600506072618,0.0,0.8240263090394206,1.2907328997469967,0.5934246305518472,0.4441658142863794,0.47986546608441394,0.0,0.12455913704974839,0.0,0.0,0.0,0.0,0.0,0.0,0.0,0.0,0.0,0.0,0.0,35.992344267729266,2.249521516733079,1.1611135424506527,0.12455913704974839,3.869397301868989,0.12455913704974839,0.5366450483181306,1.2517016152153015,2.6273021402987657,2.994014520343936,3.5423046712606947,3.869397301868989,12.915384273694691,0.8072115171059182,0.8202115506114902,0.0,2.4264032141646004,0.0,0.0,0.0,0.45658196909050064,1.4055780379286702,2.004308545496311,2.4264032141646004,0.7619047619047619,0.6875,0.15196452488808862,5.473886606843715,3.6129181810431232,-0.9261386476274134,-0.28955148769042827,-0.24171706879557714,-0.2803905997404089,0.0998755791420009,0.9546758508877575,-0.2522861806522104,0.9519373953508233,-0.17368614908682423,-17.783,15.258,2.545
A,501,.,5.198518798984709,0.012400684118358742,15,3.251250077482885,0.3496429775145243,3.190583340507625,0.0,3.1681423737391645,0.5606877845702276,2.9924268165452643,0.0,2.9159853554637354,0.0,2.53145621044098,0.0,2.4953601543580715,0.0,2.4157530510994096,0.0,2.200927712260601,0.36208776813859594,2.151541248618225,0.0,2.067366430077993,0.0,2.0189030099075467,0.0,1.9466298899796621,0.0,1.3696389262142534,0.0,1.0345500985113665,0.48575947642019807,0.0,0.0,0.0,0.0,0.0,0.0,0.0,0.0,0.0,0.0,0.0,0.0,35.75051469520678,2.3833676463471187,0.6360428775505224,1.0345500985113665,3.251250077482885,1.0345500985113665,1.600435311720417,2.0431347199927696,2.4157530510994096,2.9542060860044996,3.181606953800241,3.251250077482885,1.758178006643546,0.11721186710956973,0.19960151926433078,0.0,0.5606877845702276,0.0,0.0,0.0,0.0,0.17482148875726214,0.4362907931075572,0.5606877845702276,0.7142857142857143,0.26666666666666666,0.012400684118358742,5.198518798984709,1.173154357064613,0.024119911973693793,0.9905900827830354,0.13472014600007082,-0.244458567300957,0.13651253522484,-0.9600022586429942,-0.9693597055373948,-0.009778323904736888,0.24545090275260611,-21.02,15.002,0.533
A,502,.,5.074058925224861,0.012920224883351436,12,3.190583340507625,0.0,3.1020902915409065,0.0,3.09482619506159,0.50946529894358,2.9435859838904403,0.0,2.886865618566877,0.0,2.858353489200575,0.19307684411077458,2.4369673735107686,0.0,2.374512188764715,0.5528679294036688,2.3425958785732806,0.0,2.085417400614426,0.0,1.698018224667574,0.31352231894130594,0.5506425053294115,0.06594531239256926,0.0,0.0,0.0,0.0,0.0,0.0,0.0,0.0,0.0,0.0,0.0,0.0,0.0,0.0,0.0,0.0,0.0,0.0,29.56445849022819,2.4637048741856824,0.7252484341512874,0.5506425053294115,3.190583340507625,0.5506425053294115,1.736758142262259,2.278301259083567,2.6476604313556718,2.9813960366832277,3.1013638818929747,3.190583340507625,1.6348777037918985,0.13623980864932486,0.20050064611154816,0.0,0.5528679294036688,0.0,0.0,0.0,0.0,0.22318821281840742,0.4898710009433526,0.5528679294036688,0.5714285714285714,0.4166666666666667,0.012920224883351436,5.074058925224861,1.1158011435582573,-0.9796183566210178,-0.04881723363493247,0.1948454594579222,0.18281840902827004,0.1851879731470954,0.9655479500895037,-0.08321841557917657,0.9814898330099517,-0.17248884893403507,-22.076,13.385,-2.724
A,503,.,5.018417401463375,0.009122980222594286,13,3.2474632817201132,0.35900782066454756,3.1464384564785997,0.0,3.1020902915409065,0.0,2.825839162666961,0.0,2.558575239713201,0.0,2.514700052340455,0.0,2.4593751437582343,0.40665240299455907,2.2132422730294277,0.0,2.200927712260601,0.36208776813859594,1.8059433999944114,0.0,1.7155441499722364,0.0,1.4679365581587953,0.0,1.3691685479579048,0.0,0.0,0.0,0.0,0.0,0.0,0.0,0.0,0.0,0.0,0.0,0.0,0.0,0.0,0.0,0.0,0.0,30.62724426959185,2.3559418668916807,0.6072304240355955,1.3691685479579048,3.2474632817201132,1.3691685479579048,1.5174580765214836,1.8059433999944114,2.4593751437582343,2.825839162666961,3.137568823491061,3.2474632817201132,1.1277479917977025,0.08674984552290019,0.1587277252496176,0.0,0.40665240299455907,0.0,0.0,0.0,0.0,0.0,0.36147177864378627,0.40665240299455907,0.6190476190476191,0.23076923076923078,0.009122980222594286,5.018417401463375,0.8628962842409351,-0.17807279510063592,0.9578586760111495,-0.2253815352579147,-0.32591921169710303,-0.2735263045661439,-0.9049641032422934,-0.9284754962258218,-0.08769331502775322,0.36089213819042576,-25.32,14.729,-4.142
A,504,.,5.060620559086225,0.1260932682452061,12,3.397119076670285,1.0842800713578473,3.1464384564785997,0.0,3.033601111797559,1.3768120457303978,2.9524854665507085,0.0,2.906266979079227,2.1183929878147767,2.7136478383906812,0.6776395565180718,2.7097953441206,1.0548554361065285,2.374512188764715,0.5528679294036688,1.7233360784133427,1.5975697637433701,1.6637347915415226,0.0,1.5181008294174574,0.0,0.040797258214315235,0.0,0.0,0.0,0.0,0.0,0.0,0.0,0.0,0.0,0.0,0.0,0.0,0.0,0.0,0.0,0.0,0.0,0.0,0.0,28.179835419439016,2.3483196182865846,0.9138246224897545,0.040797258214315235,3.397119076670285,0.040797258214315235,1.532664225629864,1.7084357566953876,2.7117215912556407,2.972764377862421,3.135154722010496,3.397119076670285,8.46241779067466,0.7052014825562217,0.7083408677014579,0.0,2.1183929878147767,0.0,0.0,0.0,0.6152537429608703,1.157413064950985,1.575493991942073,2.1183929878147767,0.5714285714285714,0.5833333333333334,0.1260932682452061,5.060620559086225,3.032900159945632,-0.9314814083463275,0.04825978896686301,0.3605736799518455,0.3444574862198125,0.4358036082268573,0.8315192452634993,-0.11701036745634867,0.8987470210383597,-0.4225664043465885,-27.121,12.957,-6.997
A,505,.,5.323063586969775,0.07239115406105875,14,3.5541273166835765,0.0,3.391419735898059,1.3615814983244852,3.290195054950088,1.8208521434313274,2.9828445828803294,1.57135798833348,2.9524854665507085,0.0,2.825839162666961,0.0,2.760212451171726,0.6818182498745582,2.6809050835786548,0.0,2.3259929782365125,0.6846133709666536,2.315844793323534,0.0,2.2157922375813826,0.6499557143909557,1.878166496968794,0.0,1.1719247063570424,0.0,0.014691450201400353,0.0,0.0,0.0,0.0,0.0,0.0,0.0,0.0,0.0,0.0,0.0,0.0,0.0,0.0,0.0,34.36044151704877,2.4543172512177693,0.9109524220384008,0.014691450201400353,3.5541273166835765,0.014691450201400353,1.3837972435405679,2.2408053765169207,2.7205587673751905,2.9752548037979243,3.3610523316136676,3.5541273166835765,6.77017896532146,0.48358421180867567,0.6392314021992452,0.0,1.8208521434313274,0.0,0.0,0.0,0.0,0.6839145906936298,1.5084250413307818,1.8208521434313274,0.6666666666666666,0.42857142857142855,0.07239115406105875,5.323063586969775,2.7580200501221497,-0.2560658666862442,0.9012206410983564,-0.349616401183483,0.07353686427912651,-0.34246578030172864,-0.9366480229597036,-0.9638581853728357,-0.26555328162272007,0.021420856873345828,-30.14,14.856,-8.309
A,506,.,4.830114514928573,0.23551138133697405,8,3.3775158410994868,2.2995404628078204,3.290195054950088,1.8208521434313274,3.229788069171874,2.397456085460638,3.0900920018223204,1.3425357673429585,2.458331641602201,1.1482401970699265,2.0255514574976377,0.0,1.916109046032734,0.0,1.0173443863055458,0.1250472538861862,0.0,0.0,0.0,0.0,0.0,0.0,0.0,0.0,0.0,0.0,0.0,0.0,0.0,0.0,0.0,0.0,0.0,0.0,0.0,0.0,0.0,0.0,0.0,0.0,0.0,0.0,20.404927498481886,2.5506159373102357,0.7922104892647466,1.0173443863055458,3.3775158410994868,1.0173443863055458,1.6464796481145776,1.9981908546314118,2.7742118217122607,3.2448898156164274,3.3163912907949076,3.3775158410994868,9.133671909998856,1.141708988749857,0.939393679625996,0.0,2.397456085460638,0.0,0.0,0.09378544041463965,1.2453879822064424,1.9405242232754507,2.3289151496036657,2.397456085460638,0.38095238095238093,0.75,0.23551138133697405,4.830114514928573,3.409710112005948,0.08485157170760847,0.37036845891206704,0.9250013056325104,0.9003334707906535,0.3691996159469214,-0.23041546163116094,-0.4268487462237694,0.8523607500511424,-0.30212795239674517,-32.248,14.637,-11.467
A,507,.,5.114472030191458,0.18367333858335524,11,3.6168140099635715,2.458057755759531,3.3775158410994868,2.2995404628078204,3.2142571753081586,1.4928569040533821,3.1279089990311633,1.6218090730890977,2.8025539952589433,0.0,2.7805878933925334,0.0,2.760212451171726,0.6818182498745582,1.952521105590294,0.0,1.23602364449107,0.0,0.7946698410640278,0.9331006501866164,0.06274641627649089,0.5296624907481213,0.0,0.0,0.0,0.0,0.0,0.0,0.0,0.0,0.0,0.0,0.0,0.0,0.0,0.0,0.0,0.0,0.0,0.0,0.0,0.0,25.725811372647467,2.3387101247861333,1.1127070308132325,0.06274641627649089,3.6168140099635715,0.06274641627649089,0.7946698410640278,1.594272375040682,2.7805878933925334,3.171083087169661,3.3775158410994868,3.6168140099635715,10.016845586519127,0.9106223260471933,0.8884794340469635,0.0,2.458057755759531,0.0,0.0,0.0,0.6818182498745582,1.55733298857124,2.2995404628078204,2.458057755759531,0.5238095238095238,0.6363636363636364,0.18367333858335524,5.114472030191458,3.446232536345554,-0.3375622292642813,-0.1800314332816466,-0.9239266336699493,-0.23505300296932535,-0.93432366542585,0.26793539150382245,-0.9114833115143859,0.30761659782228973,0.27307545033380165,-31.62,17.194,-14.254
A,508,.,4.448378658857813,0.38212578874599634,7,3.6168140099635715,2.458057755759531,3.5211380878723384,2.429490834388121,2.3057062172145275,1.7726615935361143,1.6150879210325195,1.1615526584418214,0.7964841502288705,0.8895113434808919,0.4605755744826635,1.3176407178028424,0.46009217263695423,0.0,0.0,0.0,0.0,0.0,0.0,0.0,0.0,0.0,0.0,0.0,0.0,0.0,0.0,0.0,0.0,0.0,0.0,0.0,0.0,0.0,0.0,0.0,0.0,0.0,0.0,0.0,0.0,0.0,12.775898133431445,1.8251283047759208,1.2618068414403076,0.46009217263695423,3.6168140099635715,0.46009217263695423,0.4603822137443798,0.628529862355767,1.6150879210325195,2.9134221525434327,3.5594084567088315,3.6168140099635715,10.028914903409323,1.4327021290584747,0.810199896470803,0.0,2.458057755759531,0.0,0.5337068060885353,1.0255320009613567,1.3176407178028424,2.1010762139621177,2.4409176029366852,2.458057755759531,0.3333333333333333,0.8571428571428571,0.38212578874599634,4.448378658857813,3.5051107507082513,0.8049197271634408,0.5720206351980361,0.15778664623714947,0.08134478090323433,0.1570286723843279,-0.9842382956728621,-0.5877816426556182,0.8050679405844272,0.07986458289011739,-32.896,17.682,-17.826
A,509,.,5.229673150166686,0.2504198523982869,11,3.56608733140191,2.7493968579631054,3.5211380878723384,2.429490834388121,3.0989880758557606,1.7765290733330112,2.994186078810747,0.8219932391291553,2.921708913205205,0.9811829404569471,2.8501861349226525,1.6639620819192158,2.817095918056773,1.700897050121769,2.7917600228402137,0.0,2.485989396739238,1.7772581650540862,1.23602364449107,0.0,0.029131817892816814,0.0,0.0,0.0,0.0,0.0,0.0,0.0,0.0,0.0,0.0,0.0,0.0,0.0,0.0,0.0,0.0,0.0,0.0,0.0,0.0,0.0,28.312295422088724,2.573845038371702,0.9959669749890598,0.029131817892816814,3.56608733140191,0.029131817892816814,1.23602364449107,2.638874709789726,2.8501861349226525,3.0465870773332537,3.5211380878723384,3.56608733140191,13.900710242365411,1.2637009311241283,0.9298183540609092,0.0,2.7493968579631054,0.0,0.0,0.41099661956457767,1.6639620819192158,1.7768936191935487,2.429490834388121,2.7493968579631054,0.5238095238095238,0.7272727272727273,0.2504198523982869,5.229673150166686,3.860959579355692,-0.3176284703203226,-0.9301754313295708,-0.18408101964303397,-0.29867533114482786,-0.08610665093439022,0.9504623565562135,-0.8999473325742454,0.3568743639093598,-0.2504705311544463,-30.516,16.993,-20.745
A,510,.,4.276095122695346,0.41120705084210724,3,3.56608733140191,2.7493968579631054,3.293831152200814,2.2870094195279504,2.4540263914745184,1.902129914206013,0.0,0.0,0.0,0.0,0.0,0.0,0.0,0.0,0.0,0.0,0.0,0.0,0.0,0.0,0.0,0.0,0.0,0.0,0.0,0.0,0.0,0.0,0.0,0.0,0.0,0.0,0.0,0.0,0.0,0.0,0.0,0.0,0.0,0.0,0.0,0.0,9.313944875077244,3.1046482916924147,0.47329518594682113,2.4540263914745184,3.56608733140191,2.4540263914745184,2.6219873436197774,2.873928771837666,3.293831152200814,3.4299592418013622,3.5116360955616908,3.56608733140191,6.938536191697068,2.312845397232356,0.34637738744884206,1.902129914206013,2.7493968579631054,1.902129914206013,1.9791058152704006,2.094569666866982,2.2870094195279504,2.5182031387455277,2.6569193702760745,2.7493968579631054,0.14285714285714285,1.0,0.41120705084210724,4.276095122695346,3.4071396911177847,0.3719837087468932,0.3965341294407229,-0.8392787407146652,-0.8828064073781952,-0.1282764099657556,-0.4518827389249356,-0.28684659230834636,0.9090136670232111,0.30234613549060607,-30.845,16.856,-24.56
A,511,.,4.636997190611653,0.2985643997308524,6,3.293831152200814,2.2870094195279504,3.1431690368277003,1.2003683159558236,3.1143727193070383,1.9181116109251737,3.0989880758557606,1.7765290733330112,2.359374605464917,1.8314736503495783,1.04086311212694,1.4807246084426116,0.0,0.0,0.0,0.0,0.0,0.0,0.0,0.0,0.0,0.0,0.0,0.0,0.0,0.0,0.0,0.0,0.0,0.0,0.0,0.0,0.0,0.0,0.0,0.0,0.0,0.0,0.0,0.0,0.0,0.0,16.050598701783173,2.675099783630529,0.7900391567468596,1.04086311212694,3.293831152200814,1.04086311212694,1.7001188587959286,2.544277973062628,3.1066803975813997,3.135969957447535,3.2185000945142574,3.293831152200814,10.494216678534148,1.7490361130890246,0.3412186561816719,1.2003683159558236,2.2870094195279504,1.2003683159558236,1.3405464621992176,1.5546757246652114,1.8040013618412947,1.8964521207812748,2.1025605152265623,2.2870094195279504,0.2857142857142857,1.0,0.2985643997308524,4.636997190611653,3.4507301271926463,-0.2944042802274947,-0.5782702207450233,-0.7608742810630629,-0.8047050326218204,0.5794799943690442,-0.12904552142235498,0.5155346062650361,0.5742878093130259,-0.6359383474973024,-28.59,13.772,-24.86
A,512,.,4.79262894141894,0.23120376063645914,9,3.54589494985942,2.006468886348469,3.1431690368277003,1.2003683159558236,2.8927799669427445,0.5441151281789527,2.817095918056773,1.700897050121769,2.675368594645839,1.706918462552653,2.4540263914745184,1.902129914206013,1.2902073796832856,1.5004597498643553,1.1406783090671957,0.0,1.12600693852255,0.0,0.0,0.0,0.0,0.0,0.0,0.0,0.0,0.0,0.0,0.0,0.0,0.0,0.0,0.0,0.0,0.0,0.0,0.0,0.0,0.0,0.0,0.0,0.0,0.0,21.085227485080026,2.3428030538977804,0.8674399725789953,1.12600693852255,3.54589494985942,1.12600693852255,1.1377440349582666,1.2902073796832856,2.675368594645839,2.8927799669427445,3.2237142194340445,3.54589494985942,10.561357507228035,1.1734841674697816,0.7487304826782532,0.0,2.006468886348469,0.0,0.0,0.5441151281789527,1.5004597498643553,1.706918462552653,1.9229977086345043,2.006468886348469,0.42857142857142855,0.7777777777777778,0.23120376063645914,4.79262894141894,3.3553678355348273,-0.2945089980881217,0.4573614083745921,0.8390977250444314,-0.6159108000105686,0.5805163607322931,-0.5325923782335562,-0.7306971578400124,-0.6736625988220986,0.11072653915292513,-30.964,11.635,-22.821
A,513,.,4.944069791307591,0.3030497698768211,10,3.5985498506222644,2.0534363179923214,3.57505544615492,2.6587409022056603,3.54589494985942,2.006468886348469,2.4640659839161483,1.5837220765292577,2.429922341455241,1.3598913491300624,2.359374605464917,1.8314736503495783,1.2953817478305525,0.14122087761140276,0.9350575287655575,1.5158939719104445,0.41855111165652803,0.0,0.013317329413719001,0.0,0.0,0.0,0.0,0.0,0.0,0.0,0.0,0.0,0.0,0.0,0.0,0.0,0.0,0.0,0.0,0.0,0.0,0.0,0.0,0.0,0.0,0.0,20.635170895139268,2.063517089513927,1.2646512090425472,0.013317329413719001,3.5985498506222644,0.013317329413719001,0.37802773343224716,1.0251385835318063,2.3946484734600793,3.275437708373602,3.5774048866016543,3.5985498506222644,13.150848032077196,1.3150848032077196,0.8970281262097818,0.0,2.6587409022056603,0.0,0.0,0.4458884954910677,1.549808024219851,1.9627200773487465,2.113966776413655,2.6587409022056603,0.47619047619047616,0.8,0.3030497698768211,4.944069791307591,3.76646597089568,-0.992591792020835,-0.05485515239503304,-0.10840870199658859,-0.11835251275083822,0.6382384553816142,0.7606867665456355,0.027463014008482695,0.76788188305742,-0.6400024972871284,-31.712,8.442,-24.888
A,514,.,4.60701787795348,0.42426410703076495,4,3.57505544615492,2.6587409022056603,3.4812677812599593,2.8447291350174284,3.445338661255529,2.3146776820281576,1.2902073796832856,1.5004597498643553,0.0,0.0,0.0,0.0,0.0,0.0,0.0,0.0,0.0,0.0,0.0,0.0,0.0,0.0,0.0,0.0,0.0,0.0,0.0,0.0,0.0,0.0,0.0,0.0,0.0,0.0,0.0,0.0,0.0,0.0,0.0,0.0,0.0,0.0,11.791869268353693,2.9479673170884233,0.9582790787090385,1.2902073796832856,3.57505544615492,1.2902073796832856,1.9367467641549587,2.906555840862468,3.4633032212577444,3.5047146974836996,3.546919146686432,3.57505544615492,9.318607469115602,2.3296518672789004,0.515118427756267,1.5004597498643553,2.8447291350174284,1.5004597498643553,1.744725129513496,2.1111231989872072,2.4867092921169087,2.7052379604086023,2.788932665173898,2.8447291350174284,0.19047619047619047,1.0,0.42426410703076495,4.60701787795348,3.7630730118908184,0.11903436723533137,0.9512273496594321,-0.28460033147692687,-0.9197518867254578,0.21361390455414714,0.32928037695266943,0.3740150883077374,0.22256601052502184,0.9003205455153909,-35.085,7.259,-26.167
A,515,.,5.0193285248991275,0.2642835239029101,11,3.445338661255529,2.3146776820281576,3.43365489121069,1.6933120400659054,3.2953775012532365,2.040824146493664,2.8582502302327284,1.800178925920803,2.6764769712631042,1.1695242064960643,2.480296037230317,1.2053838083913322,2.429922341455241,1.3598913491300624,2.1948150099924204,1.1215896098487277,1.2724087207422026,1.3773923555816734,1.0764212112945848,0.7961549306341744,0.2061430583699569,0.5376733757888077,0.0,0.0,0.0,0.0,0.0,0.0,0.0,0.0,0.0,0.0,0.0,0.0,0.0,0.0,0.0,0.0,0.0,0.0,0.0,0.0,25.36910463430001,2.306282239481819,1.001747140490049,0.2061430583699569,3.445338661255529,0.2061430583699569,1.0764212112945848,1.7336118653673114,2.480296037230317,3.0768138657429827,3.43365489121069,3.445338661255529,15.416602430379372,1.4015093118526702,0.5020235143838012,0.5376733757888077,2.3146776820281576,0.5376733757888077,0.7961549306341744,1.145556908172396,1.3598913491300624,1.7467454829933542,2.040824146493664,2.3146776820281576,0.5238095238095238,1.0,0.2642835239029101,5.0193285248991275,3.7068266601998716,-0.9629362356171056,-0.25384499990894643,-0.09119496782600081,-0.2080618469935674,0.9142013718065913,-0.3477730863833083,0.17165102376969274,-0.3159091132084886,-0.9331330870945703,-35.71,4.164,-23.997
A,516,.,4.544373136806913,0.4200510582974996,4,3.4812677812599593,2.8447291350174284,3.419174814892808,2.615503532613903,3.2953775012532365,2.040824146493664,1.9556794168414573,1.5127948447292323,0.0,0.0,0.0,0.0,0.0,0.0,0.0,0.0,0.0,0.0,0.0,0.0,0.0,0.0,0.0,0.0,0.0,0.0,0.0,0.0,0.0,0.0,0.0,0.0,0.0,0.0,0.0,0.0,0.0,0.0,0.0,0.0,0.0,0.0,12.151499514247462,3.0378748785618654,0.6283791701015805,1.9556794168414573,3.4812677812599593,1.9556794168414573,2.357588842164991,2.9604529801502917,3.357276158073022,3.4346980564845957,3.4626398913498138,3.4812677812599593,9.013851658854227,2.2534629147135568,0.5182840890685505,1.5127948447292323,2.8447291350174284,1.5127948447292323,1.671203635258562,1.908816821052556,2.328163839553784,2.6728099332147846,2.775961454296371,2.8447291350174284,0.19047619047619047,1.0,0.4200510582974996,4.544373136806913,3.691559609287213,-0.2321061283379542,0.9684098444473929,-0.09115436558575578,-0.6818528472704176,-0.09515636346493322,0.7252737146494102,0.6936882872423245,0.2304943376083369,0.6823993848717218,-39.231,2.948,-24.674
A,517,.,4.705717536930361,0.3729556040650644,6,3.419174814892808,2.615503532613903,3.3311968598089092,2.3551101784154236,3.075393369961671,0.7384837689482369,2.8582502302327284,1.800178925920803,2.4390633892297076,1.8727816970150917,1.873324095119394,2.079982645256887,0.0,0.0,0.0,0.0,0.0,0.0,0.0,0.0,0.0,0.0,0.0,0.0,0.0,0.0,0.0,0.0,0.0,0.0,0.0,0.0,0.0,0.0,0.0,0.0,0.0,0.0,0.0,0.0,0.0,0.0,16.996402759245218,2.8327337932075363,0.5365563988969401,1.873324095119394,3.419174814892808,1.873324095119394,2.1561937421745507,2.5438600994804625,2.9668218000971995,3.2672459873470996,3.3751858373508585,3.419174814892808,11.462040748170345,1.9103401246950575,0.5931059294153812,0.7384837689482369,2.615503532613903,0.7384837689482369,1.26933134743452,1.8183296186943751,1.9763821711359892,2.2863282951257893,2.485306855514663,2.615503532613903,0.2857142857142857,1.0,0.3729556040650644,4.705717536930361,3.734511780414663,-0.1131663813667557,0.21666296516750586,-0.9696651636792869,0.4448609474417306,0.8836957156508591,0.1455356299383818,0.8884211318792455,-0.4148964228155505,-0.19638953832946454,-38.949,0.191,-22.076
A,518,.,4.947530936942593,0.14215158745220446,11,3.43365489121069,1.6933120400659054,3.2611265582548286,1.9691257131582889,3.108283871292358,0.0,3.075393369961671,0.7384837689482369,3.018149127837991,1.0504404333063837,2.1188341150643017,0.0,2.002447099985915,0.0,1.9556794168414573,1.5127948447292323,1.1516284314330656,1.2186682947245395,0.8289141973135228,0.3371755606594379,0.012268434053853609,0.0,0.0,0.0,0.0,0.0,0.0,0.0,0.0,0.0,0.0,0.0,0.0,0.0,0.0,0.0,0.0,0.0,0.0,0.0,0.0,0.0,23.966379513249656,2.178761773931787,1.0776248985707653,0.012268434053853609,3.43365489121069,0.012268434053853609,0.8289141973135228,1.5536539241372616,2.1188341150643017,3.0918386206270148,3.2611265582548286,3.43365489121069,8.520000655592025,0.7745455141447295,0.7186986247499019,0.0,1.9691257131582889,0.0,0.0,0.0,0.7384837689482369,1.365731569726886,1.6933120400659054,1.9691257131582889,0.5238095238095238,0.6363636363636364,0.14215158745220446,4.947530936942593,3.03862915400887,-0.5780180428782811,-0.40563016353538955,-0.7080673079145898,0.7932165877864261,-0.07557921215046468,-0.6042311044221191,0.1915791924182281,-0.9109072143313873,0.3654387225122857,-38.457,2.692,-19.234
A,519,.,4.949987732016695,0.2018419108721128,11,3.3912211171393793,0.1859341900358976,3.3470473791878326,1.8563261149701258,3.2611265582548286,1.9691257131582889,2.874321415299682,2.040288726221454,2.6038741688520437,1.7836617711904386,2.160112129118688,0.0,2.097409153030286,1.2494173782442715,2.0819022616236516,0.0,1.7876543882341744,0.0,1.19922053013737,0.0,0.4788531068575104,1.2211690969041895,0.0,0.0,0.0,0.0,0.0,0.0,0.0,0.0,0.0,0.0,0.0,0.0,0.0,0.0,0.0,0.0,0.0,0.0,0.0,0.0,25.282742207735446,2.2984311097941315,0.8807002012589793,0.4788531068575104,3.3912211171393793,0.4788531068575104,1.19922053013737,1.934778324928913,2.160112129118688,3.0677239867772554,3.3470473791878326,3.3912211171393793,10.305922990724664,0.9369020900658785,0.8580558681187243,0.0,2.040288726221454,0.0,0.0,0.0,1.2211690969041895,1.819993943080282,1.9691257131582889,2.040288726221454,0.5238095238095238,0.6363636363636364,0.2018419108721128,4.949987732016695,3.377342878593193,0.7209663317417202,0.6669569639912452,0.18808497196338914,0.5221244758640952,-0.7012832068449206,0.48537397489044276,0.4556243849911151,-0.2517345267953627,-0.8538361363988896,-40.439,5.219,-17.134
A,520,.,5.196584063200305,0.2343844132083882,14,3.4184379060445576,1.5674464843929354,3.3470473791878326,1.8563261149701258,3.2894237532937938,0.13745319230507602,3.2203946708374707,2.114903999507423,2.8825355795357543,2.398922018242094,2.675368594645839,1.706918462552653,2.5148052001338637,1.6067142065125037,2.4640659839161483,1.5837220765292577,2.422490319653751,0.0,2.072410632664655,0.0,1.1516284314330656,1.2186682947245395,0.5558200216923219,0.0,0.2061430583699569,0.5376733757888077,0.0008943489507248412,0.0,0.0,0.0,0.0,0.0,0.0,0.0,0.0,0.0,0.0,0.0,0.0,0.0,0.0,0.0,30.221465880359734,2.1586761343114094,1.1509262398251785,0.0008943489507248412,3.4184379060445576,0.0008943489507248412,0.3110461473666664,1.381823981740963,2.489435592025006,3.1359298980120416,3.329760291419621,3.4184379060445576,14.728748225525415,1.0520534446803869,0.8631944758269006,0.0,2.398922018242094,0.0,0.0,0.034363298076269005,1.3930573895587375,1.6818673985426158,2.037330634146234,2.398922018242094,0.6666666666666666,0.7142857142857143,0.2343844132083882,5.196584063200305,3.7637113088442917,-0.16981480627568463,-0.8653478554284689,0.47152520682875615,0.2331687916939233,-0.5001700051729194,-0.8339438113598048,0.9574942538467517,-0.03167104404138293,0.2867083863785314,-38.273,8.133,-16.055
A,521,.,4.869638013338073,0.10774265380448347,13,3.2894237532937938,0.13745319230507602,3.225795826333367,0.21965507364531134,2.8372932452232837,1.7966110147590584,2.766331687763428,1.2026749624934527,2.4699622024021775,0.19666897196372907,2.4240236612644286,0.411184057034117,2.2949590887995925,1.524587834517707,2.0032419605594307,0.0,1.8355418773964223,0.9039914042871012,1.19922053013737,0.0,1.0173443863055458,0.1250472538861862,0.9261460087048822,0.0,0.6811307718370399,0.22735546872354392,0.0,0.0,0.0,0.0,0.0,0.0,0.0,0.0,0.0,0.0,0.0,0.0,0.0,0.0,0.0,0.0,26.970415000020765,2.074647307693905,0.850123566857343,0.6811307718370399,3.2894237532937938,0.6811307718370399,0.9443856842250149,1.19922053013737,2.2949590887995925,2.766331687763428,3.1480953101113505,3.2894237532937938,6.745229233615283,0.5188637872011757,0.5985991089369295,0.0,1.7966110147590584,0.0,0.0,0.1250472538861862,0.21965507364531134,0.9039914042871012,1.4602052601128563,1.7966110147590584,0.6190476190476191,0.7692307692307693,0.10774265380448347,4.869638013338073,2.7032585394054673,0.5217377710714572,0.24022925974136805,-0.8185838997937243,0.8411957789546112,0.014908829167670664,0.5405251042105206,0.14205407317754945,-0.9706016843056494,-0.1943013399766041,-37.794,8.322,-12.275
A,522,.,4.882551306336257,0.2933783216291618,11,3.466335722871694,2.2785864145756536,3.229788069171874,2.397456085460638,3.225795826333367,0.21965507364531134,3.2218234762721356,1.459393789149634,2.8825355795357543,2.398922018242094,1.7720600366071215,0.0,1.119068297235492,0.7908590195252841,1.0297765476926557,0.9027068877997587,0.7753629101256879,0.0,0.4605755744826635,1.3176407178028424,0.06274641627649089,0.5296624907481213,0.0,0.0,0.0,0.0,0.0,0.0,0.0,0.0,0.0,0.0,0.0,0.0,0.0,0.0,0.0,0.0,0.0,0.0,0.0,0.0,21.245868456604935,1.931442586964085,1.2349810728912118,0.06274641627649089,3.466335722871694,0.06274641627649089,0.4605755744826635,0.9025697289091719,1.7720600366071215,3.2238096513027514,3.229788069171874,3.466335722871694,12.294882496949338,1.117716590631758,0.8835630422457995,0.0,2.398922018242094,0.0,0.0,0.37465878219671633,0.9027068877997587,1.8689901018626438,2.397456085460638,2.398922018242094,0.5238095238095238,0.8181818181818182,0.2933783216291618,4.882551306336257,3.6743457496328857,0.3443735367765234,-0.43665533541573903,0.8311070840878431,-0.12111997015904341,-0.8985214998288215,-0.42188750535425634,0.9309870138711394,0.044623227116980635,-0.36231470796113896,-36.534,11.485,-10.581
A,523,.,5.196413979240702,0.184454533085229,12,3.2218234762721356,1.459393789149634,3.1888618790645378,1.6928116813424183,3.0900920018223204,1.3425357673429585,3.0789928751719513,1.4974644683726825,3.035597010048944,1.7595461468634035,2.946284643301092,0.9741708851974915,2.8961991898287804,1.6954504574237566,2.7097953441206,1.0548554361065285,2.2157922375813826,0.6499557143909557,1.8732795465918306,0.590863592966762,1.8355418773964223,0.9039914042871012,1.2937540915697259,1.4171387444148718,0.0,0.0,0.0,0.0,0.0,0.0,0.0,0.0,0.0,0.0,0.0,0.0,0.0,0.0,0.0,0.0,0.0,0.0,31.38601417276972,2.6155011810641433,0.6175234986896673,1.2937540915697259,3.2218234762721356,1.2937540915697259,1.839315644315963,2.130164064833995,2.921241916564936,3.0817676568345433,3.178984891340316,3.2218234762721356,15.038178087858565,1.253181507321547,0.3898723888123791,0.590863592966762,1.7595461468634035,0.590863592966762,0.6753592833805703,0.956626014969894,1.3798372558789151,1.5463012716151165,1.6951865798156227,1.7595461468634035,0.5714285714285714,1.0,0.184454533085229,5.196413979240702,3.530245409844518,0.4172554409001526,-0.317312016523204,-0.8515932017161697,0.829889381663746,0.5149435235767666,0.21474818212992908,0.3703802252294046,-0.7963330030184117,0.47819686015562,-34.13,11.396,-7.623
A,524,.,4.971450500297867,0.20681343475572997,10,3.5369280208368314,2.356623366476917,3.209419252096446,0.0,3.1888618790645378,1.6928116813424183,3.0476698603406107,2.0174198506665393,3.0335433397755707,2.2103765979883008,2.3259929782365125,0.6846133709666536,1.7155441499722364,0.0,1.5181008294174574,0.0,1.4049762625982196,0.0,1.2744769332878323,0.012001493107568232,0.0,0.0,0.0,0.0,0.0,0.0,0.0,0.0,0.0,0.0,0.0,0.0,0.0,0.0,0.0,0.0,0.0,0.0,0.0,0.0,0.0,0.0,24.255513505626254,2.4255513505626256,0.8302391233468406,1.2744769332878323,3.5369280208368314,1.2744769332878323,1.3919263296671809,1.5674616595561521,2.6797681590060414,3.153563874383556,3.2421701289704843,3.5369280208368314,8.973846360548396,0.8973846360548396,0.9894887716382861,0.0,2.356623366476917,0.0,0.0,0.0,0.34830743203711095,1.9362678083355092,2.225001274837162,2.356623366476917,0.47619047619047616,0.6,0.20681343475572997,4.971450500297867,3.421755240039404,0.39562811541460313,-0.49690957651173023,0.7723724924312247,-0.51575282372531,-0.8160652088714823,-0.2608382634678303,0.7599193504003295,-0.2951583433353644,-0.5791408578633219,-32.574,13.596,-4.98
A,525,.,5.110623659560605,0.0923364315359315,14,3.397119076670285,1.0842800713578473,3.2486404311733543,0.0,3.209419252096446,0.0,2.999071691486039,1.6852538537491653,2.8961991898287804,1.6954504574237566,2.6129479996688842,0.5203390274972359,2.4560355277069106,0.9751292890380583,2.2455257330716254,0.0,2.2132422730294277,0.0,1.9550270350943477,1.1026408298551162,1.314975572497906,0.0,0.814630030122818,0.0,0.5506425053294115,0.06594531239256926,0.427769179346531,0.0,0.0,0.0,0.0,0.0,0.0,0.0,0.0,0.0,0.0,0.0,0.0,0.0,0.0,0.0,30.341245497122767,2.1672318212230546,0.9827761246955692,0.427769179346531,3.397119076670285,0.427769179346531,0.6298387627674334,1.4749884381470164,2.350780630389268,2.973353566071724,3.236874077450282,3.397119076670285,7.129038841313749,0.5092170600938392,0.638181752883971,0.0,1.6954504574237566,0.0,0.0,0.0,0.03297265619628463,1.0569923757779,1.5104699465809512,1.6954504574237566,0.6666666666666666,0.5,0.0923364315359315,5.110623659560605,2.785913076204556,0.8014602884956858,-0.24681764517171553,-0.5447407236441031,0.4834931862843362,0.8035094781753895,0.3472849799500884,0.3519882736413701,-0.5417135483945389,0.7633155878827351,-29.977,11.559,-3.041
A,526,.,4.796391915976991,0.0,11,3.2486404311733543,0.0,3.1461588847806174,0.0,2.9467573423161753,0.0,2.740278576020238,0.0,2.450254816721615,0.0,2.214016139976056,0.0,2.151541248618225,0.0,2.085417400614426,0.0,1.8059433999944114,0.0,1.0973648442661024,0.0,0.06181704001495968,0.0,0.0,0.0,0.0,0.0,0.0,0.0,0.0,0.0,0.0,0.0,0.0,0.0,0.0,0.0,0.0,0.0,0.0,0.0,0.0,0.0,23.94819012449618,2.177108193136016,0.8974640576896323,0.06181704001495968,3.2486404311733543,0.06181704001495968,1.0973648442661024,1.9456804003044188,2.214016139976056,2.8435179591682065,3.1461588847806174,3.2486404311733543,0.0,0.0,0.0,0.0,0.0,0.0,0.0,0.0,0.0,0.0,0.0,0.0,0.5238095238095238,0.0,0.0,4.796391915976991,0.0,0.3935137638360387,-0.7992824377354008,0.45419654600112214,-0.6876553650872179,-0.5838193145668723,-0.4316075842770053,0.6101450782710284,-0.14248716667273048,-0.7793717924041248,-27.178,12.576,-0.715
A,527,.,5.227382147424643,0.011573057391331788,17,3.3908035524781397,0.0,3.0305297570961645,0.0,2.968412462899028,0.0,2.9467573423161753,0.0,2.9435859838904403,0.0,2.875359637775661,0.39423360356903164,2.6165122308940068,0.16878282030749853,2.4588449754601407,0.0,2.332712665493951,0.0,2.2781356258414265,0.0,2.156916339709177,0.0,2.067366430077993,0.0,1.9034379842288394,0.6532268627403793,1.3033718858932584,0.0,0.47986546608441394,0.0,0.427769179346531,0.0,0.1427990647766788,0.44192367671671584,0.0,0.0,0.0,0.0,0.0,0.0,0.0,0.0,36.323180584262026,2.136657681427178,0.961126789039379,0.1427990647766788,3.3908035524781397,0.1427990647766788,0.45902695138926075,1.9034379842288394,2.332712665493951,2.9435859838904403,2.9932593805778827,3.3908035524781397,1.6581669633336253,0.09753923313727209,0.1946600824431739,0.0,0.6532268627403793,0.0,0.0,0.0,0.0,0.0,0.41330963282810534,0.6532268627403793,0.8095238095238095,0.23529411764705882,0.011573057391331788,5.227382147424643,1.145667297532237,0.6015593128325182,-0.39230167023102946,-0.6958633433932362,0.6406216058735912,0.7573040289720571,0.12686435981248137,0.47721101331843724,-0.5221015296248749,0.7068802172440222,-24.483,10.612,1.042
A,528,.,5.210489092352358,0.02474484123518672,15,3.454801337746947,0.4092758380450228,3.2044157805259994,0.13658123711715328,3.197235349763875,0.9966017112519274,3.0305297570961645,0.0,2.9159853554637354,0.0,2.450254816721615,0.0,2.4347618184712183,0.0,2.418838069818295,0.0,2.409221793980855,0.0,2.188545915347125,0.0,2.1000232771571063,0.0,1.503245940100842,0.0,1.3942600506072618,0.0,1.23798864946987,0.761604575371515,1.0376301029333155,0.6957737281618253,0.0,0.0,0.0,0.0,0.0,0.0,0.0,0.0,0.0,0.0,0.0,0.0,34.977738015204224,2.331849201013615,0.7371246397400715,1.0376301029333155,3.454801337746947,1.0376301029333155,1.3004972099248266,1.8016346086289743,2.418838069818295,2.97325755627995,3.2015436082211495,3.454801337746947,2.9998370899474436,0.19998913932982956,0.33101700752770186,0.0,0.9966017112519274,0.0,0.0,0.0,0.0,0.27292853758108804,0.7352722364876391,0.9966017112519274,0.7142857142857143,0.3333333333333333,0.02474484123518672,5.210489092352358,1.7062206438655363,0.594270989865557,-0.2932098848897397,0.7489125142546067,-0.429744137743309,-0.9028644947688228,-0.012477185624095832,0.6798249529691235,-0.31442593323195184,-0.6625514061804905,-23.114,12.858,3.825
A,529,.,4.986322355420621,0.026486736634713792,13,3.2044157805259994,0.13658123711715328,3.189063830576254,0.42855969657036813,2.998777631739951,0.7517980911833729,2.775041960588321,0.25948396654295175,2.478142155430977,0.0,2.415485115009495,0.0,2.3950348219705364,0.1881064586040524,2.3722902440829756,0.0,2.28473471881105,0.0,2.2781356258414265,0.0,1.7062941691725715,0.0,0.6418254647158774,0.5514338354363206,0.46695523761767455,0.5932865129726852,0.0,0.0,0.0,0.0,0.0,0.0,0.0,0.0,0.0,0.0,0.0,0.0,0.0,0.0,0.0,0.0,29.20619675608311,2.2466305196987006,0.8231016407457441,0.46695523761767455,3.2044157805259994,0.46695523761767455,0.8547192056072164,2.2781356258414265,2.3950348219705364,2.775041960588321,3.1510065908089935,3.2044157805259994,2.9092497984269046,0.22378844603283882,0.25947370642741074,0.0,0.7517980911833729,0.0,0.0,0.0,0.13658123711715328,0.42855969657036813,0.5849159774654124,0.7517980911833729,0.6190476190476191,0.5384615384615384,0.026486736634713792,4.986322355420621,1.579204040384198,0.5594341147718223,-0.4344161783642137,-0.7059150481502001,0.580226091162876,0.8134350251801165,-0.040757121390907286,0.5919215778828454,-0.3867894049552742,0.7071229043462159,-20.023,11.781,5.736
A,530,.,5.189346301806461,0.20830776464376569,13,3.4697621615309644,2.476076108403184,3.42345451054312,2.1443182868632054,3.302878680793375,0.4398253101432431,3.24511650687323,2.552923489555367,3.189063830576254,0.42855969657036813,3.0025986459712684,0.7636569010495589,2.2397091889423746,0.33375712546912617,2.0511295118944064,0.0,1.7603668365468406,1.0953737168175914,1.0376301029333155,0.6957737281618253,0.8354667190612324,0.8114989433492782,0.5824463194964375,0.0,0.3273594121045428,0.0,0.0,0.0,0.0,0.0,0.0,0.0,0.0,0.0,0.0,0.0,0.0,0.0,0.0,0.0,0.0,0.0,28.46698242726736,2.1897678790205664,1.1297423692951318,0.3273594121045428,3.4697621615309644,0.3273594121045428,0.6330503994093966,1.0376301029333155,2.2397091889423746,3.24511650687323,3.399339344593171,3.4697621615309644,11.741763306382747,0.9032125620294421,0.8794803810487019,0.0,2.552923489555367,0.0,0.0,0.33375712546912617,0.6957737281618253,1.0953737168175914,2.4097245440951887,2.552923489555367,0.6190476190476191,0.7692307692307693,0.20830776464376569,5.189346301806461,3.6415770015026716,0.6019700715960045,-0.4163000999527675,0.6814148954066218,-0.6728673101263959,-0.7239512719738044,0.15213197813339446,0.4299786225685763,-0.550080705521314,-0.7159117274826579,-18.267,13.072,8.927
A,531,.,5.017707904121438,0.2226468562363374,15,3.5036065463652033,1.4819931017883008,3.302878680793375,0.4398253101432431,2.873519440818222,1.1277956158969888,2.6578720741579294,0.3518434912452,2.539134384491095,1.7340773888869703,2.3416759900292714,1.7046280850378492,2.230088590955392,2.396748251584617,2.188651264624908,1.4836683189594786,2.1478802596520867,0.0,1.988908060265179,0.0,1.8451959653172263,0.0,1.323335924324638,0.0,0.8240263090394206,1.2907328997469967,0.46695523761767455,0.5932865129726852,0.4370619615615639,0.6636431868163877,0.0,0.0,0.0,0.0,0.0,0.0,0.0,0.0,0.0,0.0,0.0,0.0,30.670790690013185,2.044719379334212,0.9055327825974412,0.4370619615615639,3.5036065463652033,0.4370619615615639,0.609783666186373,1.5842659448209322,2.188651264624908,2.5985032293245123,3.131134984803314,3.5036065463652033,13.268242163078718,0.8845494775385812,0.7468113426665552,0.0,2.396748251584617,0.0,0.0,0.1759217456226,0.6636431868163877,1.4828307103738898,1.7222976673473218,2.396748251584617,0.7142857142857143,0.7333333333333333,0.2226468562363374,5.017707904121438,3.5383885732118086,0.32101095285366366,-0.6188629777700121,-0.7169104427288086,0.19431337841448804,0.7839065562469548,-0.5896887501404344,0.9269273321664061,0.049991257422405684,0.3718959465552103,-15.102,11.466,10.244
A,532,.,4.959194269498889,0.2696278845722279,8,3.6216787257786893,2.215877306279861,3.5036065463652033,1.4819931017883008,3.4426719632011746,2.3102863619490357,3.200214785712252,2.2660673634868562,2.1128303786064375,1.9245580934433715,1.862009772038996,0.0,1.7603668365468406,1.0953737168175914,0.9212782733851941,0.7003064914250059,0.0,0.0,0.0,0.0,0.0,0.0,0.0,0.0,0.0,0.0,0.0,0.0,0.0,0.0,0.0,0.0,0.0,0.0,0.0,0.0,0.0,0.0,0.0,0.0,0.0,0.0,20.424657281634786,2.5530821602043483,0.9498769701598634,0.9212782733851941,3.6216787257786893,0.9212782733851941,1.5086402675983468,1.8365990381659572,2.6565225821593446,3.457905608992182,3.5390282001892492,3.6216787257786893,11.994462435190021,1.4993078043987527,0.7897551549467156,0.0,2.3102863619490357,0.0,0.4902145439975042,0.996606910469445,1.703275597615836,2.2284248205816097,2.27933306302551,2.3102863619490357,0.38095238095238093,0.875,0.2696278845722279,4.959194269498889,3.667315361347956,0.8636653664320708,-0.0785699552363373,0.497904505864244,-0.49893283860806487,-0.27385489560881726,0.8222344669919783,0.07175066121127886,-0.9585563406942984,-0.27572011956058,-14.093,10.945,13.887
A,533,.,4.962147674155703,0.31522543598723524,7,3.716231940735034,2.8998874508536203,3.4426719632011746,2.3102863619490357,3.238996048784058,2.3047736962537457,2.7337504359520235,1.677586160660562,2.539134384491095,1.7340773888869703,2.4956734788988935,0.0,2.3817261635457383,0.366700717490583,0.0,0.0,0.0,0.0,0.0,0.0,0.0,0.0,0.0,0.0,0.0,0.0,0.0,0.0,0.0,0.0,0.0,0.0,0.0,0.0,0.0,0.0,0.0,0.0,0.0,0.0,0.0,0.0,20.548184415608016,2.935454916515431,0.4865031227762928,2.3817261635457383,3.716231940735034,2.3817261635457383,2.450094552757631,2.5174039316949943,2.7337504359520235,3.3408340059926163,3.5520959542147184,3.716231940735034,11.293311776094516,1.613330253727788,0.9852265637124571,0.0,2.8998874508536203,0.0,0.22002043049434983,1.0221434390755726,1.7340773888869703,2.3075300291013905,2.54612679751087,2.8998874508536203,0.3333333333333333,0.8571428571428571,0.31522543598723524,4.962147674155703,3.8227677892768908,0.1998709013034074,-0.8544136745172876,-0.4796132771411047,0.01110393896130125,0.49143380811151516,-0.8708441392031976,0.9797593201147449,0.1687308064429286,0.10771067544775537,-10.536,10.123,14.875
A,534,.,4.3470016073080755,0.4358691874381119,2,3.716231940735034,2.8998874508536203,3.614621855382101,2.836818602002503,0.0,0.0,0.0,0.0,0.0,0.0,0.0,0.0,0.0,0.0,0.0,0.0,0.0,0.0,0.0,0.0,0.0,0.0,0.0,0.0,0.0,0.0,0.0,0.0,0.0,0.0,0.0,0.0,0.0,0.0,0.0,0.0,0.0,0.0,0.0,0.0,0.0,0.0,7.330853796117134,3.665426898058567,0.05080504267646657,3.614621855382101,3.716231940735034,3.614621855382101,3.6247828639173942,3.640024376720334,3.665426898058567,3.6908294193968008,3.7060709321997405,3.716231940735034,5.736706052856123,2.8683530264280614,0.03153442442555865,2.836818602002503,2.8998874508536203,2.836818602002503,2.843125486887615,2.8525858142152822,2.8683530264280614,2.884120238640841,2.8935805659685085,2.8998874508536203,0.09523809523809523,1.0,0.4358691874381119,4.3470016073080755,3.5332046968037236,0.30529535965123594,-0.2511279372481059,-0.9185474960550128,0.8944504473186202,0.4065901759692952,0.18612583403917327,0.3267309912863223,-0.8784185721731803,0.348751589808976,-9.146,8.99,18.266
A,541,.,4.037638928214832,0.5031409172501851,3,3.8391511919922356,2.958383407401501,2.1726199053234065,2.061992692074241,1.2311219094615407,1.3590952975038817,0.0,0.0,0.0,0.0,0.0,0.0,0.0,0.0,0.0,0.0,0.0,0.0,0.0,0.0,0.0,0.0,0.0,0.0,0.0,0.0,0.0,0.0,0.0,0.0,0.0,0.0,0.0,0.0,0.0,0.0,0.0,0.0,0.0,0.0,0.0,0.0,7.242893006777183,2.4142976689257276,1.0783506821992115,1.2311219094615407,3.8391511919922356,1.2311219094615407,1.419421508633914,1.7018709073924736,2.1726199053234065,3.005885548657821,3.50584493465847,3.8391511919922356,6.379471396979624,2.1264904656598747,0.6544975613466677,1.3590952975038817,2.958383407401501,1.3590952975038817,1.4996747764179537,1.7105439947890613,2.061992692074241,2.510188049737871,2.779105264336049,2.958383407401501,0.14285714285714285,1.0,0.5031409172501851,4.037638928214832,3.36802280705391,-0.8893230452438222,-0.09096167903288493,-0.44814115426478396,-0.4570132315836311,0.14336277300630673,0.8778302919547881,-0.015602158688488701,0.9854811455646733,-0.1690665087496593,0.581,8.191,13.739
A,542,.,5.034147307614694,0.305408865612509,7,3.8391511919922356,2.958383407401501,3.3443201047700994,1.1408221196976056,3.238996048784058,2.3047736962537457,3.1695385110396908,2.275876574830745,2.823471932554351,1.8853074912833814,2.290194647481097,1.34883130238668,2.166150060312503,0.0,0.0,0.0,0.0,0.0,0.0,0.0,0.0,0.0,0.0,0.0,0.0,0.0,0.0,0.0,0.0,0.0,0.0,0.0,0.0,0.0,0.0,0.0,0.0,0.0,0.0,0.0,0.0,0.0,20.871822496934037,2.981688928133434,0.5524669255954131,2.166150060312503,3.8391511919922356,2.166150060312503,2.2405768126136594,2.5568332900177237,3.1695385110396908,3.291658076777079,3.542252539658954,3.8391511919922356,11.913994591853658,1.7019992274076654,0.8977132931668808,0.0,2.958383407401501,0.0,0.6844932718185635,1.2448267110421427,1.8853074912833814,2.290325135542245,2.566217580712848,2.958383407401501,0.3333333333333333,0.8571428571428571,0.305408865612509,5.034147307614694,3.862744522050294,-0.1549746934307891,0.9623730679168335,0.22320600920310082,-0.8556441760182967,-0.01781862439916742,-0.5172577120454478,-0.4938176672031924,-0.2711467771758742,0.8262103465735187,-3.077,7.461,12.907
A,543,.,4.746271578725043,0.24101245911887206,7,3.3443201047700994,1.1408221196976056,3.245245079888269,1.5843518724613248,3.1461674881522788,2.282020075152035,3.1206189076947233,1.8452939170207951,2.1726199053234065,2.061992692074241,1.873482303160225,0.0,1.7826262211384964,0.4180983055011581,0.0,0.0,0.0,0.0,0.0,0.0,0.0,0.0,0.0,0.0,0.0,0.0,0.0,0.0,0.0,0.0,0.0,0.0,0.0,0.0,0.0,0.0,0.0,0.0,0.0,0.0,0.0,0.0,18.6850800101275,2.6692971443039286,0.6419460978379427,1.7826262211384964,3.3443201047700994,1.7826262211384964,1.8371398703515336,2.023051104241816,3.1206189076947233,3.195706284020274,3.2848750898410013,3.3443201047700994,9.33257898190716,1.3332255688438799,0.7935956474400727,0.0,2.282020075152035,0.0,0.2508589833006949,0.7794602125993819,1.5843518724613248,1.9536433045475181,2.150003645305359,2.282020075152035,0.3333333333333333,0.8571428571428571,0.24101245911887206,4.746271578725043,3.3503450426710613,-0.9558669213035986,-0.1132985371284978,0.27107539586270524,-0.03963826118254212,0.9639487593716943,0.2631189798478932,-0.29111378704555463,0.24076177186238237,-0.9258976899213441,-4.304,3.895,12.37
A,544,.,5.35030311985556,0.18685924450095928,15,3.4784978713519434,2.178059879852875,3.4057038788000162,1.3322631114248522,3.240512064187556,2.260732359111107,3.179947868857365,0.27424722772540805,3.1206189076947233,1.8452939170207951,3.080073421987742,0.34753863468006846,2.805025660225596,0.5238689880378891,2.74372617755468,1.2313933999019282,2.3989946682416714,1.7595306556765973,2.219595798394008,1.6922134977779422,1.763721726255778,0.11481151394444372,1.4844663511271585,0.0,1.2079478931812047,0.0,0.18444097590438108,0.8886358360520038,0.028646833126035758,0.0,0.0,0.0,0.0,0.0,0.0,0.0,0.0,0.0,0.0,0.0,0.0,0.0,34.341920096889865,2.2894613397926578,1.0893020583440431,0.028646833126035758,3.4784978713519434,0.028646833126035758,0.5938437428151107,1.6240940386914682,2.74372617755468,3.150283388276044,3.339627152955032,3.4784978713519434,14.44858902120591,0.963239268080394,0.8110320591308844,0.0,2.260732359111107,0.0,0.0,0.19452937083492589,0.8886358360520038,1.7258720767272697,2.044953494720043,2.260732359111107,0.7142857142857143,0.8,0.18685924450095928,5.35030311985556,3.6933489261267614,-0.5382359396502284,0.8084680573142087,-0.23807871297414424,-0.24073825664355708,0.12323632407457565,0.9627345948997611,0.8076801130751311,0.5754930136249923,0.12829897198250667,-7.516,2.636,10.617
A,545,.,4.43541028025426,0.38232217736297164,4,3.4799561885646373,2.504978848589654,3.240512064187556,2.260732359111107,3.1461674881522788,2.282020075152035,1.8139839979531884,1.4470930854266661,0.0,0.0,0.0,0.0,0.0,0.0,0.0,0.0,0.0,0.0,0.0,0.0,0.0,0.0,0.0,0.0,0.0,0.0,0.0,0.0,0.0,0.0,0.0,0.0,0.0,0.0,0.0,0.0,0.0,0.0,0.0,0.0,0.0,0.0,11.68061973885766,2.920154934714415,0.6501349763440021,1.8139839979531884,3.4799561885646373,1.8139839979531884,2.2136390450129158,2.813121615602506,3.1933397761699176,3.3003730952818264,3.4081229512515128,3.4799561885646373,8.494824368279463,2.123706092069866,0.40218577508458303,1.4470930854266661,2.504978848589654,1.4470930854266661,1.6911848675319985,2.057322540689997,2.271376217131571,2.3377597685114395,2.4380912165583686,2.504978848589654,0.19047619047619047,1.0,0.38232217736297164,4.43541028025426,3.492882818196666,-0.36881062605669845,0.3470537330574688,-0.8622832646401886,0.8079648118069205,0.5783310443363405,-0.11280986676104826,0.4595340955679718,-0.7383000132247817,-0.49370183864637696,-8.366,1.211,14.062
A,546,.,4.951857534529341,0.2965129065115076,10,3.614621855382101,2.836818602002503,3.4799561885646373,2.504978848589654,3.245245079888269,1.5843518724613248,3.1747818164775263,1.2513648487241118,2.3817261635457383,0.366700717490583,2.290194647481097,1.34883130238668,1.2311219094615407,1.3590952975038817,1.2079478931812047,0.0,0.9212782733851941,0.7003064914250059,0.23715295968727323,0.5668177911381584,0.0,0.0,0.0,0.0,0.0,0.0,0.0,0.0,0.0,0.0,0.0,0.0,0.0,0.0,0.0,0.0,0.0,0.0,0.0,0.0,0.0,0.0,21.784026787054582,2.1784026787054582,1.1458387595977895,0.23715295968727323,3.614621855382101,0.23715295968727323,0.852865742015402,1.2137413972512887,2.3359604055134175,3.2276292640355835,3.4934227552463835,3.614621855382101,12.519265771721903,1.2519265771721904,0.856621796543166,0.0,2.836818602002503,0.0,0.3300306457415247,0.6001899662098703,1.300098075555396,1.528037728721964,2.538162823930939,2.836818602002503,0.47619047619047616,0.9,0.2965129065115076,4.951857534529341,3.7528283092451744,-0.6317649351402442,0.056778055859242275,-0.7730778221499357,0.6108152170837802,-0.577575456032125,-0.5415822773763718,-0.4772607644738225,-0.8143603900989583,0.33021102000347435,-8.788,4.728,15.335
A,547,.,5.1860073310411146,0.07327611350696746,16,3.2264193011733213,1.550432853417533,3.179947868857365,0.27424722772540805,3.1747818164775263,1.2513648487241118,2.8717437737698246,0.0,2.7075700858653327,0.0,2.657339193293271,0.0,2.4956734788988935,0.0,2.2801155325911027,0.0,2.166150060312503,0.0,2.1413841181417843,0.0,1.988908060265179,0.0,1.955665269908583,1.4469613349806414,1.873482303160225,0.0,1.862009772038996,0.0,1.8139839979531884,1.4470930854266661,0.07322536848795669,0.0,0.0,0.0,0.0,0.0,0.0,0.0,0.0,0.0,0.0,0.0,36.46840000119505,2.2792750000746906,0.7448665951915611,0.07322536848795669,3.2264193011733213,0.07322536848795669,1.8379968849960924,1.9351195282214935,2.223132796451803,2.7486135078414557,3.177364842667446,3.2264193011733213,5.970099350274361,0.37313120939214756,0.6126332850670796,0.0,1.550432853417533,0.0,0.0,0.0,0.0,0.518526632975084,1.4470272102036539,1.550432853417533,0.7619047619047619,0.3125,0.07327611350696746,5.1860073310411146,2.640847155492313,-0.9159151956926755,0.2861594686904605,-0.28144646520793487,-0.38965426294027855,-0.8021375137656429,0.45248752953240756,-0.09627517681996857,0.5241070191179149,0.8461931947490581,-11.106,6.148,12.674
A,548,.,5.0934040795640225,0.1880904864701284,12,3.6216787257786893,2.215877306279861,3.2264193011733213,1.550432853417533,3.1824732171231442,2.2704822674676963,3.1304336065313265,0.0,3.0369941713026316,2.023599760698318,2.748129519907116,1.2711247824079086,2.3337842966140654,0.0,2.1478802596520867,0.0,1.4640398167447377,0.0,0.5824463194964375,0.0,0.49644106021822376,0.0,0.23715295968727323,0.5668177911381584,0.0,0.0,0.0,0.0,0.0,0.0,0.0,0.0,0.0,0.0,0.0,0.0,0.0,0.0,0.0,0.0,0.0,0.0,26.207873254229057,2.1839894378524214,1.1488113431877418,0.23715295968727323,3.6216787257786893,0.23715295968727323,0.5050415861460451,1.2436414424326627,2.5409569082605907,3.143443509179281,3.222024692768304,3.6216787257786893,9.898334761409476,0.8248612301174564,0.9280933870583715,0.0,2.2704822674676963,0.0,0.0,0.0,0.2834088955690792,1.668724580237729,2.196649551721707,2.2704822674676963,0.5714285714285714,0.5,0.1880904864701284,5.0934040795640225,3.4487184551622945,-0.4136957130936715,0.8615762768884884,0.29418051613063956,0.6483193481657528,0.505651248471959,-0.5692089578640542,-0.6391696799456714,-0.04475638526199456,-0.7677623240407332,-14.934,5.997,12.35
A,549,.,4.961303247134859,0.0,13,3.1304336065313265,0.0,3.098870822471062,0.0,3.097702047137708,0.0,2.7644809428456174,0.0,2.6504281503875293,0.0,2.3459644546615706,0.0,2.28473471881105,0.0,2.265877539208591,0.0,2.0511295118944064,0.0,1.8451959653172263,0.0,1.7672413414143295,0.0,1.756650292114487,0.0,0.6341145408672465,0.0,0.0,0.0,0.0,0.0,0.0,0.0,0.0,0.0,0.0,0.0,0.0,0.0,0.0,0.0,0.0,0.0,29.692823933662147,2.2840633795124727,0.6751587994812663,0.6341145408672465,3.1304336065313265,0.6341145408672465,1.7587685019744557,1.8451959653172263,2.28473471881105,2.7644809428456174,3.0986370674043915,3.1304336065313265,0.0,0.0,0.0,0.0,0.0,0.0,0.0,0.0,0.0,0.0,0.0,0.0,0.6190476190476191,0.0,0.0,4.961303247134859,0.0,-0.9704787393029177,0.1922627088885766,0.14562303159818485,-0.020191168401604103,-0.6664221119534885,0.7453012044925394,0.24034003678038654,0.7203586741827146,0.6506304997847273,-16.993,7.414,9.448
A,550,.,4.998744572168035,0.2504427959570501,11,3.42345451054312,2.1443182868632054,3.200214785712252,2.2660673634868562,3.132315255340525,1.4049566325750802,3.098870822471062,0.0,2.8387041244466413,1.4786319453182672,2.748129519907116,1.2711247824079086,2.1916334203526766,1.4147676229192405,1.7283030290962738,1.913341206598363,1.7062941691725715,0.0,1.23798864946987,0.761604575371515,0.5122030746447896,0.9685871229919185,0.0,0.0,0.0,0.0,0.0,0.0,0.0,0.0,0.0,0.0,0.0,0.0,0.0,0.0,0.0,0.0,0.0,0.0,0.0,0.0,25.818111361156898,2.347101032832445,0.8987492270152649,0.5122030746447896,3.42345451054312,0.5122030746447896,1.23798864946987,1.7172985991344225,2.748129519907116,3.1155930389057938,3.200214785712252,3.42345451054312,13.623399538532354,1.238490867139305,0.7272216511389865,0.0,2.2660673634868562,0.0,0.0,0.8650958491817168,1.4049566325750802,1.6959865759583153,2.1443182868632054,2.2660673634868562,0.5238095238095238,0.8181818181818182,0.2504427959570501,4.998744572168035,3.634210204438699,-0.46175906906773106,0.8820891586952175,-0.09325919925704859,0.28917579361017665,0.050310253337695565,-0.9559530526124291,-0.8385439299903297,-0.4683882946033776,-0.2783100482463986,-20.505,8.592,10.414
A,551,.,5.261322430114948,0.06306283221849346,15,3.4169362073348717,0.8474078543376473,3.342420010959656,1.2321257644654602,3.132315255340525,1.4049566325750802,2.875359637775661,0.39423360356903164,2.7077101432891055,0.3502272018535487,2.6504281503875293,0.0,2.6190222467319435,0.0,2.5379338567466174,1.2706000799961288,2.4785783348418367,0.0,2.415485115009495,0.0,2.275568406835661,0.5837250945474333,2.1000232771571063,0.0,2.0525198841135714,0.617924048384816,0.5208874335536663,0.0,0.25686610030319945,0.13153164446032617,0.0,0.0,0.0,0.0,0.0,0.0,0.0,0.0,0.0,0.0,0.0,0.0,35.38205406038045,2.358803604025363,0.8656488611944212,0.25686610030319945,3.4169362073348717,0.25686610030319945,1.1335404137776286,2.1877958419963837,2.5379338567466174,2.7915348905323834,3.2583781087120034,3.4169362073348717,6.8327319241894715,0.45551546161263146,0.49867100399664943,0.0,1.4049566325750802,0.0,0.0,0.0,0.3502272018535487,0.7326659513612317,1.2552103537838613,1.4049566325750802,0.7142857142857143,0.6,0.06306283221849346,5.261322430114948,2.571957664880919,-0.9528957206048813,0.16776349775611132,0.25267598713280853,0.2338032799009913,-0.12436865216947147,0.9642968757934912,0.19319878871370463,0.9779508408801458,0.07928670040664493,-22.827,8.502,7.374
A,552,.,5.056476250131449,0.11922850535744962,12,3.454801337746947,0.4092758380450228,3.342420010959656,1.2321257644654602,3.1747943573660486,2.2053999565565747,3.056535702912816,0.0,2.81564222509227,1.8197539417475128,2.4945351466799566,0.5829326811385136,2.218982807533809,0.0,2.1783905474647307,0.0,2.044334953894868,0.0,1.3033718858932584,0.0,1.0973648442661024,0.0,0.5122030746447896,0.9685871229919185,0.0,0.0,0.0,0.0,0.0,0.0,0.0,0.0,0.0,0.0,0.0,0.0,0.0,0.0,0.0,0.0,0.0,0.0,27.693376894455252,2.307781407871271,0.9029283513670257,0.5122030746447896,3.454801337746947,0.5122030746447896,1.117965548428818,1.8590941868944657,2.3567589771068826,3.086100366526124,3.3256574456002954,3.454801337746947,7.218075304945003,0.6015062754120836,0.7526169854357135,0.0,2.2053999565565747,0.0,0.0,0.0,0.2046379190225114,1.0344717833603039,1.7609911240193077,2.2053999565565747,0.5714285714285714,0.5,0.11922850535744962,5.056476250131449,2.975731637655402,-0.1723370874737154,0.9728273553924056,-0.1546184493561326,-0.08747412773287114,-0.17146114694260792,-0.981299827813344,-0.9811463730037686,-0.1555892402749733,0.1146463390266183,-26.201,10.073,6.787
A,553,.,5.394308587118716,0.07571346605346076,14,3.33744077697045,0.0,3.217098245910438,0.6555963923056167,3.0916422734302835,1.5247728715528535,3.056535702912816,0.0,2.999071691486039,1.6852538537491653,2.968412462899028,0.0,2.9485568050615605,1.6534126917012653,2.922666834696609,0.4732340308753775,2.628776086873933,0.0,2.5132835240543145,0.3722288523154695,2.275568406835661,0.5837250945474333,2.214016139976056,0.0,2.195211441225703,0.9573405404428192,1.7071506583092302,0.0,0.0,0.0,0.0,0.0,0.0,0.0,0.0,0.0,0.0,0.0,0.0,0.0,0.0,0.0,38.07543105064212,2.7196736464744373,0.4565768436558819,1.7071506583092302,3.33744077697045,1.7071506583092302,2.200852850850809,2.3349971861403245,2.935611819879085,3.042169700056122,3.1794614541663915,3.33744077697045,7.9055643274900005,0.5646831662492857,0.6258819256230627,0.0,1.6852538537491653,0.0,0.0,0.0,0.42273144159542353,0.8819045034085187,1.6148207456567418,1.6852538537491653,0.6666666666666666,0.5714285714285714,0.07571346605346076,5.394308587118716,2.8674781885565968,-0.9712819792267843,-0.04605754775930181,0.2334309729314004,0.21474591427123638,0.2527376534636235,0.943402284725616,-0.10244759212939727,0.9664379860167445,-0.23558885807861893,-27.795,8.839,3.576
A,554,.,5.084530777009071,0.09250067817565329,13,3.33744077697045,0.0,3.1461588847806174,0.0,3.0615527850905995,1.6852167735892714,2.9982540910975004,0.0,2.9699322980635783,1.02332464661841,2.5219294364490175,0.7914664648285553,2.359642890661246,1.7250906806812147,2.2717319935110787,0.540629832786032,2.2455257330716254,0.0,2.1783905474647307,0.0,1.503245940100842,0.0,1.2744769332878323,0.012001493107568232,0.752472134644629,1.1384321812518972,0.0,0.0,0.0,0.0,0.0,0.0,0.0,0.0,0.0,0.0,0.0,0.0,0.0,0.0,0.0,0.0,30.620754445193747,2.3554426496302883,0.7555619820057182,0.752472134644629,3.33744077697045,0.752472134644629,1.3202307346504343,2.1783905474647307,2.359642890661246,2.9982540910975004,3.129237664842614,3.33744077697045,6.916162072862949,0.5320124671433037,0.6444123120859195,0.0,1.7250906806812147,0.0,0.0,0.0,0.012001493107568232,1.02332464661841,1.5758598551217968,1.7250906806812147,0.6190476190476191,0.5384615384615384,0.09250067817565329,5.084530777009071,2.7629639145232074,-0.22106181164836858,0.9490029125301329,-0.22477799589832195,-0.1447661421414098,-0.259857417623481,-0.9547339349764147,-0.9644555145366915,-0.17851497000358427,0.1948280420380625,-31.029,10.315,2.227
A,555,.,4.83396470049155,0.04678036446150327,10,3.283111800243418,0.3961485097374736,3.23285762238862,0.0,2.9982540910975004,0.0,2.6604972712426624,0.9404719942350847,2.6129479996688842,0.5203390274972359,2.5132835240543145,0.3722288523154695,2.375553916564321,0.8859923362008021,1.4049762625982196,0.0,1.36903629368361,0.0,1.2796302183315587,0.8009561961936856,0.0,0.0,0.0,0.0,0.0,0.0,0.0,0.0,0.0,0.0,0.0,0.0,0.0,0.0,0.0,0.0,0.0,0.0,0.0,0.0,0.0,0.0,23.73014899987311,2.373014899987311,0.725188773237957,1.2796302183315587,3.283111800243418,1.2796302183315587,1.3600956861484048,1.647620676089745,2.5631157618615994,2.9138148861337907,3.2378830401740997,3.283111800243418,3.9161369161797515,0.39161369161797516,0.3665554049719669,0.0,0.9404719942350847,0.0,0.0,0.0,0.3841886810264715,0.7308019040195732,0.8914403020042303,0.9404719942350847,0.47619047619047616,0.6,0.04678036446150327,4.83396470049155,1.9218959598551717,-0.9734591183996968,-0.021221228928731756,0.22787497503508217,0.21763530458498212,0.22217546335137262,0.950406722242012,-0.07079702679270516,0.9747757295539099,-0.21166024206249917,-32.962,9.365,-0.917
A,556,.,4.93964215912979,0.25924072235081075,15,3.5369280208368314,2.356623366476917,3.313280139955491,1.2433329308376466,3.2927469118239823,2.1383010772358784,3.23285762238862,0.0,2.359642890661246,1.7250906806812147,1.8732795465918306,0.590863592966762,1.6063792394594987,1.059382775476108,1.3858667697157145,0.6502182805723219,1.119068297235492,0.7908590195252841,0.8202378763544811,1.0085781659641286,0.814630030122818,0.0,0.6103518127914328,1.1027039065713633,0.5151215829054789,1.0802853719752255,0.21180025874017738,0.8461214544072388,0.17667313444927757,0.0,0.0,0.0,0.0,0.0,0.0,0.0,0.0,0.0,0.0,0.0,0.0,0.0,24.868864134032375,1.6579242756021584,1.1670873267427253,0.17667313444927757,3.5369280208368314,0.17667313444927757,0.33312878840629806,0.7124909214571253,1.3858667697157145,2.796250256524933,3.3050668487028876,3.5369280208368314,14.592360622690089,0.9728240415126727,0.6874007981858924,0.0,2.356623366476917,0.0,0.0,0.620540936769542,1.0085781659641286,1.173018418704505,1.9730169186140127,2.356623366476917,0.7142857142857143,0.8,0.25924072235081075,4.93964215912979,3.60988862635403,-0.13044265132656144,0.9450118080072845,-0.29989564425263077,-0.23782725822671047,-0.32347306902903983,-0.9158620905230763,-0.9625086544853833,-0.04814412051058122,0.2669442520471268,-36.126,10.99,-2.253
A,557,.,5.03844946856329,0.25966488828053963,12,3.313280139955491,1.2433329308376466,3.124868396115109,0.9567414574826363,3.041847434519018,1.808380570244291,3.035597010048944,1.7595461468634035,2.8471684580955063,2.3981406972247865,2.842814167129278,1.9372571049331457,2.375553916564321,0.8859923362008021,2.2949590887995925,1.524587834517707,1.9550270350943477,1.1026408298551162,1.7720600366071215,0.0,0.9661507996829912,0.784755060757722,0.9488005154898271,0.9718805828289685,0.0,0.0,0.0,0.0,0.0,0.0,0.0,0.0,0.0,0.0,0.0,0.0,0.0,0.0,0.0,0.0,0.0,0.0,28.518126998101547,2.3765105831751288,0.7815973863630336,0.9488005154898271,3.313280139955491,0.9488005154898271,1.0467417233754044,1.9092852854725413,2.6091840418467998,3.0371596161664627,3.1165662999554997,3.313280139955491,15.373255551746226,1.2811046293121855,0.613889825878322,0.0,2.3981406972247865,0.0,0.79487878830203,0.9390541771621778,1.1729868803463814,1.7717547527086253,1.9243694514642604,2.3981406972247865,0.5714285714285714,0.9166666666666666,0.25966488828053963,5.03844946856329,3.7084033661020244,-0.9557295453384719,-0.239478250027684,0.17097135412341935,0.05656761245637213,0.4206734175711667,0.9054468404991981,-0.2887579287017126,0.8750337384996494,-0.3885033012719761,-37.266,9.052,-5.295
A,558,.,4.903262533007662,0.23895214053655833,9,3.466335722871694,2.2785864145756536,3.1832154860534625,1.9272572605561036,3.124868396115109,0.9567414574826363,3.0240718862840077,1.8395014652134762,3.0002172012136583,0.0,2.0032419605594307,0.0,1.9177810671335593,1.296377859247515,1.8981579460178004,1.9497456412848369,0.8202378763544811,1.0085781659641286,0.0,0.0,0.0,0.0,0.0,0.0,0.0,0.0,0.0,0.0,0.0,0.0,0.0,0.0,0.0,0.0,0.0,0.0,0.0,0.0,0.0,0.0,0.0,0.0,22.438127542603205,2.493125282511467,0.8222634048348678,0.8202378763544811,3.466335722871694,0.8202378763544811,1.6825739320851365,1.9177810671335593,3.0002172012136583,3.124868396115109,3.239839533417109,3.466335722871694,11.256788264324351,1.2507542515915946,0.7905872788763063,0.0,2.2785864145756536,0.0,0.0,0.9567414574826363,1.296377859247515,1.9272572605561036,2.0155137959430003,2.2785864145756536,0.42857142857142855,0.7777777777777778,0.23895214053655833,4.903262533007662,3.4951351049272095,0.03214067800423436,0.9506860426294386,-0.3084850485307274,-0.6762661024972652,-0.20658102464267217,-0.7070986061863948,-0.7359559330765577,0.2313446100672345,0.6362770905527344,-40.236,9.801,-7.52
A,559,.,5.030668483046348,0.11941532912623966,13,3.2770013264835396,1.457777462741755,3.1478523216148244,2.016415209940667,3.0002172012136583,0.0,2.842814167129278,1.9372571049331457,2.8250269858997754,0.0,2.6063939273722783,0.0,2.54105066040604,1.064469328545409,2.4240236612644286,0.411184057034117,1.9056966003467388,0.0,1.7876543882341744,0.0,1.6817585740137266,0.0,1.3312043948019305,0.0,0.5558200216923219,0.0,0.0,0.0,0.0,0.0,0.0,0.0,0.0,0.0,0.0,0.0,0.0,0.0,0.0,0.0,0.0,0.0,29.926514230472716,2.3020395561902087,0.7687264525982694,0.5558200216923219,3.2770013264835396,0.5558200216923219,1.4013152306442898,1.7876543882341744,2.54105066040604,2.842814167129278,3.118325297534591,3.2770013264835396,6.887103163195094,0.5297771663996226,0.7644780925595519,0.0,2.016415209940667,0.0,0.0,0.0,0.0,1.064469328545409,1.8413611764948679,2.016415209940667,0.6190476190476191,0.38461538461538464,0.11941532912623966,5.030668483046348,2.952581684544106,-0.3508689693434815,-0.24470424136626118,0.9038864976362938,0.22019151334963155,0.9166288406769247,0.33362743575442966,-0.9101684809971404,0.316087650338699,-0.2677348193693123,-40.846,6.616,-9.572
A,560,.,4.5117551492651575,0.25075359502068906,8,3.261782045878658,1.8761220635102733,3.0240718862840077,1.8395014652134762,2.8250269858997754,0.0,2.5148052001338637,1.6067142065125037,2.1650227297700417,1.5739661631258475,2.097409153030286,1.2494173782442715,1.0297765476926557,0.9027068877997587,0.9261460087048822,0.0,0.0,0.0,0.0,0.0,0.0,0.0,0.0,0.0,0.0,0.0,0.0,0.0,0.0,0.0,0.0,0.0,0.0,0.0,0.0,0.0,0.0,0.0,0.0,0.0,0.0,0.0,17.844040557394173,2.2305050696742716,0.8133777851054897,0.9261460087048822,3.261782045878658,0.9261460087048822,0.9986873859963237,1.8305010016958785,2.3399139649519527,2.8747882109958334,3.0953849341624027,3.261782045878658,9.04842816440613,1.1310535205507664,0.7162547243582786,0.0,1.8761220635102733,0.0,0.0,0.677030165849819,1.4116917706850596,1.664911021187747,1.8504876447025154,1.8761220635102733,0.38095238095238093,0.75,0.25075359502068906,4.5117551492651575,3.1607495545709665,-0.941651730506962,-0.23929184243586146,-0.2367095954474479,-0.07218236261725829,-0.5433332164090617,0.8364082271675561,-0.3287578515567868,0.8046915123761618,0.49435801293144954,-42.377,8.721,-12.333
A,561,.,4.607758433583623,0.20143813427395516,7,3.261782045878658,1.8761220635102733,3.247579892996556,2.023562749950657,3.0939745142997706,1.373614307962516,2.6038741688520437,1.7836617711904386,2.239182992552467,0.0,1.9056966003467388,0.0,1.0097118558081624,0.0,0.0,0.0,0.0,0.0,0.0,0.0,0.0,0.0,0.0,0.0,0.0,0.0,0.0,0.0,0.0,0.0,0.0,0.0,0.0,0.0,0.0,0.0,0.0,0.0,0.0,0.0,0.0,0.0,17.3618020707344,2.4802574386763427,0.7692515436882138,1.0097118558081624,3.261782045878658,1.0097118558081624,1.5473027025313084,2.072439796449603,2.6038741688520437,3.1707772036481634,3.2532607541493967,3.261782045878658,7.056960892613885,1.0081372703734122,0.8919097079390769,0.0,2.023562749950657,0.0,0.0,0.0,1.373614307962516,1.829891917350356,1.9350983380864268,2.023562749950657,0.3333333333333333,0.5714285714285714,0.20143813427395516,4.607758433583623,3.0442643091730197,-0.32326037598211854,0.9007688759279316,-0.29003131120523806,-0.6233835062395404,0.027888083175301948,0.7814187475133316,0.7119661041569296,0.4334024538190084,0.5525093479347348,-45.665,7.089,-13.264
A,562,.,4.9518315156213,0.3109506321360822,12,3.6848839828384476,0.8174069744405402,3.4466518297815765,2.474233224231526,3.247579892996556,2.023562749950657,2.83174167344476,1.6722436832264918,2.6573041253842615,0.28343155177415025,2.4727328488562916,1.9587248320068333,1.3419113461858838,1.4089580876438723,0.8332090779441019,1.397249137843413,0.5896599092837993,1.4554798807156701,0.4788531068575104,1.2211690969041895,0.4018084306046205,0.7976828561306992,0.2952059469879282,0.7837325797830995,0.0,0.0,0.0,0.0,0.0,0.0,0.0,0.0,0.0,0.0,0.0,0.0,0.0,0.0,0.0,0.0,0.0,0.0,22.28154217116574,1.8567951809304784,1.2631734771304246,0.2952059469879282,3.6848839828384476,0.2952059469879282,0.4095128982299095,0.5619582086772271,1.9073220975210878,2.935701228332709,3.4267446361030744,3.6848839828384476,16.29387465465114,1.357822887887595,0.5966299949410138,0.28343155177415025,2.474233224231526,0.28343155177415025,0.7851276074178595,0.81247594486308,1.4031036127436427,1.743863970421577,2.017078958156275,2.474233224231526,0.5714285714285714,1.0,0.3109506321360822,4.9518315156213,3.7992566451867638,0.5590522970395114,0.6912647624883252,0.45783573180432874,-0.8122203337663733,0.3456277250258547,0.46993574572476765,0.16660929923412798,-0.6345821490046907,0.7546832697054451,-47.608,4.274,-11.624
A,563,.,4.894998610876616,0.031995748961235596,12,3.6848839828384476,0.8174069744405402,3.2890099115879297,0.10003264774232543,3.2189678206364603,0.0,2.5670394793265228,0.41391067701169426,2.425643080485899,0.08901815373224028,2.000039774393452,0.7538517991765508,1.8762599186982123,0.0,1.6234492929817526,0.6507656372420715,1.3312043948019305,0.0,1.0097118558081624,0.0,0.6496862905490755,0.20330241127642393,0.17372723115002278,0.0,0.0,0.0,0.0,0.0,0.0,0.0,0.0,0.0,0.0,0.0,0.0,0.0,0.0,0.0,0.0,0.0,0.0,0.0,23.84962303325787,1.9874685861048225,1.0500303192886982,0.17372723115002278,3.6848839828384476,0.17372723115002278,0.6856888470749842,1.2508312600534885,1.9381498465458322,2.730021564654007,3.282005702492783,3.6848839828384476,3.0282883006218464,0.2523573583851539,0.3063653125641795,0.0,0.8174069744405402,0.0,0.0,0.0,0.09452540073728286,0.47312441706928854,0.7435431829831028,0.8174069744405402,0.5714285714285714,0.5833333333333334,0.031995748961235596,4.894998610876616,1.6569454448592,-0.46823512571175746,-0.5060141245579624,-0.7243656347436244,-0.29760707142696213,0.8622013114937168,-0.40992551700910473,0.8319771019002637,0.023634809209167336,-0.5543063211864758,-46.233,1.2,-9.855
A,564,.,4.993944101263645,0.19083713709867314,8,3.4466518297815765,2.474233224231526,3.268027828327805,1.0544722956739085,3.2189678206364603,0.0,3.0773076522408647,1.661373600442679,2.8302619341040414,1.9970933659559882,2.4876778065837866,0.05895159956543643,2.4086733437884114,1.7089157590737711,2.3083583953658877,0.0,0.0,0.0,0.0,0.0,0.0,0.0,0.0,0.0,0.0,0.0,0.0,0.0,0.0,0.0,0.0,0.0,0.0,0.0,0.0,0.0,0.0,0.0,0.0,0.0,0.0,0.0,23.045926610828833,2.880740826353604,0.4078600424582225,2.3083583953658877,3.4466518297815765,2.3083583953658877,2.3785788592616544,2.467926690884943,2.953784793172453,3.2312328225592966,3.3216150287639366,3.4466518297815765,8.95503984494331,1.1193799806179137,0.927500812497282,0.0,2.474233224231526,0.0,0.0,0.04421369967407732,1.3579229480582937,1.7809601607943253,2.1402353234386493,2.474233224231526,0.38095238095238093,0.75,0.19083713709867314,4.993944101263645,3.3659467790470052,0.49202967490174115,0.7155671095220759,-0.49585331579642417,0.30967366331416973,0.3884591052611155,0.8678719639378356,0.8136393680652807,-0.5805714730418253,-0.03045888087858506,-47.9,-0.987,-7.188
A,565,.,4.758874420459165,0.22180852204357973,10,3.2774126216351114,2.047159798096059,3.2117384140433325,1.7432290213294324,3.0773076522408647,1.661373600442679,2.9000580274855854,0.16870595035073171,2.2917273605765724,0.0,2.000039774393452,0.7538517991765508,1.9405098795266396,1.5549078062713628,1.8942919898748345,1.5439175761403954,0.7771619889858818,0.0,0.2952059469879282,0.7837325797830995,0.0,0.0,0.0,0.0,0.0,0.0,0.0,0.0,0.0,0.0,0.0,0.0,0.0,0.0,0.0,0.0,0.0,0.0,0.0,0.0,0.0,0.0,21.665453655750206,2.1665453655750206,0.9641000627087188,0.2952059469879282,3.2774126216351114,0.2952059469879282,0.7289663847860864,1.9058464622877858,2.1458835674850123,3.032995246052045,3.21830583480251,3.2774126216351114,10.25687813159031,1.025687813159031,0.7404004832995438,0.0,2.047159798096059,0.0,0.0,0.31499241255718646,1.1638250779617474,1.6347571518998498,1.773622099006095,2.047159798096059,0.47619047619047616,0.8,0.22180852204357973,4.758874420459165,3.2825753191211358,0.45565616851969737,-0.26191313845981884,0.8507519991114196,-0.7329554939331101,-0.6527328248518226,0.19161446520090927,0.5051274096732623,-0.7108736647696886,-0.48939241180640775,-47.32,0.63,-3.796
A,566,.,4.485264455257759,0.3203567874059418,6,3.3344591095120815,1.9480279050263147,3.2774126216351114,2.047159798096059,2.7541828690003807,1.9125483531630996,2.4086733437884114,1.7089157590737711,2.398522348872339,1.798639083652953,0.2591321236464328,0.0,0.0,0.0,0.0,0.0,0.0,0.0,0.0,0.0,0.0,0.0,0.0,0.0,0.0,0.0,0.0,0.0,0.0,0.0,0.0,0.0,0.0,0.0,0.0,0.0,0.0,0.0,0.0,0.0,0.0,0.0,14.432382416454757,2.4053970694091262,1.0288934302481454,0.2591321236464328,3.3344591095120815,0.2591321236464328,1.3288272362593858,2.401060097601357,2.5814281063943962,3.146605183476429,3.3059358655735966,3.3344591095120815,9.415290899012199,1.5692151498353664,0.7099760168374735,0.0,2.047159798096059,0.0,0.8544578795368856,1.7313465902185667,1.8555937184080262,1.939158017060511,1.997593851561187,2.047159798096059,0.2857142857142857,0.8333333333333334,0.3203567874059418,4.485264455257759,3.3705807734744546,0.9018903193555021,-0.07299806487910368,0.42575243320119327,-0.2656073516481114,0.6835625921838793,0.6798491871859024,-0.3406561119418039,-0.7262323767849804,0.5971096618762181,-46.663,-2.76,-2.166
A,567,.,5.018255195435107,0.15948898758793287,12,3.3344591095120815,1.9480279050263147,3.268027828327805,1.0544722956739085,3.1634688175964625,0.0,2.968484399060854,1.2915275336729342,2.8478817062752126,1.7670534398810125,2.681288616330889,0.6353533295784547,2.423297168156309,1.5703914241027934,2.2112852609845537,1.5837938974039232,1.9329218797650873,0.0,0.7771619889858818,0.0,0.7745059449277656,0.0,0.17372723115002278,0.0,0.0,0.0,0.0,0.0,0.0,0.0,0.0,0.0,0.0,0.0,0.0,0.0,0.0,0.0,0.0,0.0,0.0,0.0,26.556509951072925,2.213042495922744,1.0359967764429185,0.17372723115002278,3.3344591095120815,0.17372723115002278,0.7747715493335772,1.643981907070286,2.552292892243599,3.0172305036947558,3.257571927254671,3.3344591095120815,9.850619825339342,0.8208849854449451,0.7631746221400987,0.0,1.9480279050263147,0.0,0.0,0.0,0.8449128126261816,1.573742042428076,1.7487274856333037,1.9480279050263147,0.5714285714285714,0.5833333333333334,0.15948898758793287,5.018255195435107,3.216747521636777,0.6952875308829732,-0.6605576892637571,0.28326452046308964,0.6881330286942785,0.49803422079565557,-0.5276692616938221,0.207480563472094,0.5618055304738374,0.8008285470126002,-43.862,-3.528,-4.698
A,568,.,5.169192889192313,0.15761809816386194,15,3.2890099115879297,0.10003264774232543,3.2730609339262804,1.635746779157402,3.1634688175964625,0.0,3.1478523216148244,2.016415209940667,2.9965669251354305,0.43513846689465335,2.694485278810571,1.6519071894392616,2.6332763662855,1.7568591430810956,2.3083583953658877,0.0,2.2917273605765724,0.0,1.8239023086088395,1.408833437001577,1.5940826210627,1.0557882914771815,1.4010450330657986,0.0,0.9728525233259124,1.186562114066142,0.5998123983723822,0.0,0.2591321236464328,0.0,0.0,0.0,0.0,0.0,0.0,0.0,0.0,0.0,0.0,0.0,0.0,0.0,32.44863331898152,2.1632422212654348,0.9733489860777574,0.2591321236464328,3.2890099115879297,0.2591321236464328,0.7490284483537943,1.4975638270642493,2.3083583953658877,3.0722096233751275,3.2292240873943534,3.2890099115879297,11.247283278800305,0.7498188852533537,0.7672594546597118,0.0,2.016415209940667,0.0,0.0,0.0,0.43513846689465335,1.5222901080794895,1.714878361624362,2.016415209940667,0.7142857142857143,0.6,0.15761809816386194,5.169192889192313,3.351564952887455,0.30747534739369914,-0.6117150166603702,0.7288783500264823,-0.05507021147349822,-0.7761413714398496,-0.6281495390014497,0.9499611479178444,0.15300101284524992,-0.27233161313909093,-42.115,-0.149,-4.304
A,569,.,5.302359097737394,0.21918212774775192,14,3.2117384140433325,1.7432290213294324,3.1470532392281574,0.7869471296306164,3.079452825045525,1.8538340197817615,3.042882999340323,1.4093001860298164,3.0127958589798713,1.3461960630015453,2.9965669251354305,0.43513846689465335,2.9197039972574492,1.3266903120918363,2.8328897622975204,2.1794090411328693,2.7050858116381944,1.8366467891039457,2.494815725664781,1.8067334639551282,2.398522348872339,1.798639083652953,1.6710070292511434,0.0,0.7745059449277656,0.0,0.43699090658242096,0.0,0.0,0.0,0.0,0.0,0.0,0.0,0.0,0.0,0.0,0.0,0.0,0.0,0.0,0.0,34.72401178826425,2.480286556304589,0.8585599253872719,0.43699090658242096,3.2117384140433325,0.43699090658242096,1.043456270224779,2.4225956930704493,2.8762968797774846,3.03536121425021,3.1267731149733677,3.2117384140433325,16.522763576604557,1.180197398328897,0.7542744042028612,0.0,2.1794090411328693,0.0,0.0,0.5230906325786441,1.3777481245156808,1.8047098688795844,1.8486778505784167,2.1794090411328693,0.6666666666666666,0.7857142857142857,0.21918212774775192,5.302359097737394,3.8020915478029726,0.5634046089703155,-0.017985033048917645,0.8259853419869115,-0.7924522771031124,-0.2945101866332145,0.5341190302576395,0.23365494881362533,-0.9554790884972305,-0.18018067693125037,-42.245,-0.442,-0.481
A,570,.,4.628120032062224,0.275802114381977,8,3.204561867228717,2.2953580406495826,3.042882999340323,1.4093001860298164,3.007730011987608,0.8062258346117392,2.7541828690003807,1.9125483531630996,2.552534145128586,1.8091605222414109,2.423297168156309,1.5703914241027934,0.5998123983723822,0.0,0.597321617968725,0.0,0.0,0.0,0.0,0.0,0.0,0.0,0.0,0.0,0.0,0.0,0.0,0.0,0.0,0.0,0.0,0.0,0.0,0.0,0.0,0.0,0.0,0.0,0.0,0.0,0.0,0.0,18.18232307718303,2.272790384647879,0.9962476790982874,0.597321617968725,3.204561867228717,0.597321617968725,0.5990651642512851,1.9674259757103274,2.6533585070644836,3.0165182588257866,3.091386659706841,3.204561867228717,9.802984360798442,1.2253730450998053,0.8131355261867256,0.0,2.2953580406495826,0.0,0.0,0.6046693759588044,1.489845805066305,1.835007479971833,2.027391259409044,2.2953580406495826,0.38095238095238093,0.75,0.275802114381977,4.628120032062224,3.3653867675064366,0.9134567587496073,-0.23369729748953566,0.3331400952163358,0.07943102249996585,0.9053035020307945,0.41727243124293434,-0.3991083343645829,-0.35469866415996965,0.8455184179447905,-40.881,-3.983,-0.49
A,571,.,5.038207516238239,0.19080439620809084,10,3.3404525442867863,2.033086036321909,3.3341454824121293,2.2221057900266525,3.2153255300231796,1.3125563205330484,3.1362070053126896,1.516280413947851,3.007730011987608,0.8062258346117392,2.968484399060854,1.2915275336729342,2.694485278810571,1.6519071894392616,0.6545009423643228,0.0,0.43699090658242096,0.0,0.005339758082464553,0.0,0.0,0.0,0.0,0.0,0.0,0.0,0.0,0.0,0.0,0.0,0.0,0.0,0.0,0.0,0.0,0.0,0.0,0.0,0.0,0.0,0.0,0.0,22.793661858923024,2.2793661858923024,1.2740530313936584,0.005339758082464553,3.3404525442867863,0.005339758082464553,0.3938257917324253,1.164497026475885,2.988107205524231,3.195545898845557,3.334776188599595,3.3404525442867863,10.833689118553394,1.0833689118553393,0.8001913645407458,0.0,2.2221057900266525,0.0,0.0,0.2015564586529348,1.3020419271029913,1.618000495566409,2.051988011692383,2.2221057900266525,0.47619047619047616,0.7,0.19080439620809084,5.038207516238239,3.4088338163992105,0.5448963573252283,-0.7518236456022502,0.37128044075474687,0.6019128608265594,0.0424418702153886,-0.7974331292492225,0.5837712460761355,0.6579968796019949,0.47565874183993906,-38.075,-3.073,-2.94
A,572,.,4.810334490956245,0.34683584232939213,13,3.533035257763395,2.244208879113013,3.1437901441439533,1.7478458951411482,3.1362070053126896,1.516280413947851,2.6332763662855,1.7568591430810956,2.494815725664781,1.8067334639551282,1.9862840431935866,1.9605130064392469,1.6991341818720938,0.6892561201936843,1.5589274694331616,0.0,1.4367949664124393,1.995881927768405,0.8282548302383362,0.0,0.597321617968725,0.0,0.2631201325733587,0.5037623373864315,0.1588046902432409,0.9207408155477664,0.0,0.0,0.0,0.0,0.0,0.0,0.0,0.0,0.0,0.0,0.0,0.0,0.0,0.0,0.0,0.0,23.469766431105263,1.8053666485465587,1.0902551415285582,0.1588046902432409,3.533035257763395,0.1588046902432409,0.329960429652432,0.8282548302383362,1.6991341818720938,2.6332763662855,3.1422735163777005,3.533035257763395,15.142082002573769,1.1647755386595207,0.8089893151629094,0.0,2.244208879113013,0.0,0.0,0.5037623373864315,1.516280413947851,1.8067334639551282,1.9888081435025735,2.244208879113013,0.6190476190476191,0.7692307692307693,0.34683584232939213,4.810334490956245,3.766653336101709,0.3029705721518103,-0.4366820350091773,0.8470641255006897,-0.4707797037100342,-0.8413934703497802,-0.26537426142609555,0.828598396682432,-0.31838000620798584,-0.4604985001737854,-37.057,-0.1,-0.731
A,573,.,4.94132939647888,0.357465777024883,10,3.4941623894565934,2.893184465190355,3.1929178119964874,1.9851473455892266,3.1437901441439533,1.7478458951411482,3.028847849765198,2.042610271532527,2.7275782809097553,1.23753909980954,2.7050858116381944,1.8366467891039457,2.552534145128586,1.8091605222414109,0.6545009423643228,0.0,0.5640072740866684,1.118555428967692,0.03555940334652537,0.0,0.0,0.0,0.0,0.0,0.0,0.0,0.0,0.0,0.0,0.0,0.0,0.0,0.0,0.0,0.0,0.0,0.0,0.0,0.0,0.0,0.0,0.0,22.098984052836286,2.209898405283629,1.2101679370054041,0.03555940334652537,3.4941623894565934,0.03555940334652537,0.5111624870126541,1.1290092430553886,2.716332046273975,3.1150545705492645,3.223042269742498,3.4941623894565934,14.670689817575845,1.4670689817575844,0.8628230902039821,0.0,2.893184465190355,0.0,0.0,1.148301346678154,1.7785032086912795,1.9480222064679062,2.1276676908983094,2.893184465190355,0.47619047619047616,0.8,0.357465777024883,4.94132939647888,3.9253750685762183,0.7280131063439056,0.03832236124359303,0.684491280894222,-0.6834542483498567,0.11882504824764512,0.7202575222248478,-0.053732740522232446,-0.9921753900080672,0.11269777308496413,-37.209,-2.062,2.494
A,574,.,5.045248041478972,0.2771063070661838,9,3.783098129352918,2.1153020483496525,3.2153255300231796,1.3125563205330484,3.204561867228717,2.2953580406495826,3.1929178119964874,1.9851473455892266,3.0700741469221198,2.2129885591822895,2.3857407964183674,2.1144526858633332,2.247880724344036,1.134246449620211,0.8282548302383362,0.0,0.2213267018423066,0.0,0.0,0.0,0.0,0.0,0.0,0.0,0.0,0.0,0.0,0.0,0.0,0.0,0.0,0.0,0.0,0.0,0.0,0.0,0.0,0.0,0.0,0.0,0.0,0.0,22.149180538366465,2.4610200598184964,1.130859395959326,0.2213267018423066,3.783098129352918,0.2213267018423066,0.7068692045591304,2.247880724344036,3.0700741469221198,3.204561867228717,3.3288800498891273,3.783098129352918,13.170051449787344,1.4633390499763717,0.8685414545488706,0.0,2.2953580406495826,0.0,0.0,1.134246449620211,1.9851473455892266,2.1153020483496525,2.229462455475748,2.2953580406495826,0.42857142857142855,0.7777777777777778,0.2771063070661838,5.045248041478972,3.778554239413965,0.8437722206451321,-0.43843803848715046,0.3095489074041814,0.43421816585507256,0.8966543373851907,0.0864036092404784,-0.31544099941041165,0.06150679357489262,0.946949782319578,-35.031,-4.819,1.059
A,575,.,5.158608482165278,0.27227155110370765,11,3.783098129352918,2.1153020483496525,3.442793476489442,1.9687264379909708,3.3404525442867863,2.033086036321909,3.244761871374397,2.7150456756145966,3.1960615471019493,1.6149447220871735,2.7248876522918786,1.845674573665994,1.7487962951291347,0.9653894198737867,1.6991341818720938,0.6892561201936843,0.5479369984436127,0.0,0.1266335319902466,0.6456529762716257,0.03555940334652537,0.0,0.0,0.0,0.0,0.0,0.0,0.0,0.0,0.0,0.0,0.0,0.0,0.0,0.0,0.0,0.0,0.0,0.0,0.0,0.0,0.0,23.890115631678984,2.171828693788999,1.3439840911871457,0.03555940334652537,3.783098129352918,0.03555940334652537,0.1266335319902466,1.1235355901578532,2.7248876522918786,3.2926072078305917,3.442793476489442,3.783098129352918,14.593078010369393,1.3266434554881266,0.8704213473706925,0.0,2.7150456756145966,0.0,0.0,0.667454548232655,1.6149447220871735,2.00090623715644,2.1153020483496525,2.7150456756145966,0.5238095238095238,0.8181818181818182,0.27227155110370765,5.158608482165278,3.872904039098481,0.5358087941467743,-0.6470956025199263,0.542380140966051,0.7024322606192465,-0.014814470367566342,-0.7115964099888811,0.4685059821990695,0.7622649228890847,0.4466031034112763,-32.653,-2.887,-1.222
A,576,.,5.3178896488854805,0.16876551448742644,13,3.533035257763395,2.244208879113013,3.524090302552208,1.4679688136963827,3.1960615471019493,1.6149447220871735,3.1885320746355728,0.0,2.9492432098210353,1.297963022454926,2.9485568050615605,1.6534126917012653,2.8793051931745968,0.0,2.8471684580955063,2.3981406972247865,2.6604972712426624,0.9404719942350847,1.9622684762038116,0.0,0.8023961264645738,0.0,0.2213267018423066,0.0,0.005339758082464553,0.0,0.0,0.0,0.0,0.0,0.0,0.0,0.0,0.0,0.0,0.0,0.0,0.0,0.0,0.0,0.0,0.0,30.717821182041643,2.362909321695511,1.1802886550479201,0.005339758082464553,3.533035257763395,0.005339758082464553,0.33754058676676013,1.9622684762038116,2.8793051931745968,3.1885320746355728,3.4584845514621563,3.533035257763395,11.617110820512632,0.8936239092702025,0.897525329104158,0.0,2.3981406972247865,0.0,0.0,0.0,0.9404719942350847,1.6149447220871735,2.126049641630664,2.3981406972247865,0.6190476190476191,0.5384615384615384,0.16876551448742644,5.3178896488854805,3.562507230516428,0.6380617704425777,-0.32527902914924917,0.6979045280662715,-0.3642350575411257,-0.9260707510026707,-0.09861940476073872,0.6783877946703464,-0.19127602393680043,-0.7093683688389499,-31.668,0.13,0.901
A,577,.,5.010856742907991,0.10132458319477644,13,3.1885320746355728,0.0,3.1020543267863623,1.2220327375419033,3.0092850188048237,1.6047589832973634,2.867910265615904,0.36667507553202106,2.8248015936867152,0.0,2.807225628476012,1.0498631236582006,2.7275782809097553,1.23753909980954,2.247880724344036,1.134246449620211,2.151349327340254,0.0,1.5589274694331616,0.0,0.9941920715317742,1.055652594227974,0.5479369984436127,0.0,0.5284965688765527,0.0,0.0,0.0,0.0,0.0,0.0,0.0,0.0,0.0,0.0,0.0,0.0,0.0,0.0,0.0,0.0,0.0,28.556170348884535,2.1966284883757337,0.9332357763008673,0.5284965688765527,3.1885320746355728,0.5284965688765527,0.6371880130612451,1.5589274694331616,2.7275782809097553,2.867910265615904,3.083500465190055,3.1885320746355728,7.670768063687213,0.5900590818220933,0.6020153759048219,0.0,1.6047589832973634,0.0,0.0,0.0,0.36667507553202106,1.134246449620211,1.2344378273560126,1.6047589832973634,0.6190476190476191,0.5384615384615384,0.10132458319477644,5.010856742907991,2.7788645504684375,0.697495886983249,-0.3881524777029147,0.602359644809095,-0.563738490508443,0.22170835124422614,0.7956408243094548,-0.44237812102398655,-0.8945295193796876,-0.06417582876466801,-30.222,-1.883,3.881
A,578,.,5.025091714686371,0.2798128135243856,9,3.442793476489442,1.9687264379909708,3.216312542465036,2.1248951934963323,3.1286009466284153,2.4083855118802573,3.1020543267863623,1.2220327375419033,3.0700741469221198,2.2129885591822895,3.057762965214282,1.2888110718225865,2.496052635198254,1.86997897742149,0.8023961264645738,0.0,0.5304123454032798,0.0,0.0,0.0,0.0,0.0,0.0,0.0,0.0,0.0,0.0,0.0,0.0,0.0,0.0,0.0,0.0,0.0,0.0,0.0,0.0,0.0,0.0,0.0,0.0,0.0,22.846459511571766,2.5384955012857517,1.0297501697207758,0.5304123454032798,3.442793476489442,0.5304123454032798,0.747999370252315,2.496052635198254,3.0700741469221198,3.1286009466284153,3.261608729269917,3.442793476489442,13.09581848933583,1.4550909432595367,0.8618014076447645,0.0,2.4083855118802573,0.0,0.0,1.2220327375419033,1.86997897742149,2.1248951934963323,2.252067949721883,2.4083855118802573,0.42857142857142855,0.7777777777777778,0.2798128135243856,5.025091714686371,3.768228382716881,0.7245065853617457,-0.41121398363449335,0.5531665819903748,0.550940579431164,0.8277526115870892,-0.10625484434512447,-0.41419160506161484,0.3817442516583635,0.8262666885590144,-28.591,-4.298,1.406
A,579,.,5.2268439585726885,0.15571642495140514,12,3.5651824025891563,0.0,3.28409786235524,0.34596772571857487,3.0916422734302835,1.5247728715528535,3.057762965214282,1.2888110718225865,3.041842659847694,2.2214314351104525,2.9492432098210353,1.297963022454926,2.7248876522918786,1.845674573665994,2.5823131156969636,1.1033377726278206,2.4105871167953237,1.6043208425346218,2.156916339709177,0.0,0.6319561170957271,0.0,0.5284965688765527,0.0,0.0,0.0,0.0,0.0,0.0,0.0,0.0,0.0,0.0,0.0,0.0,0.0,0.0,0.0,0.0,0.0,0.0,0.0,30.024928283723316,2.502077356976943,0.9338713755323981,0.5284965688765527,3.5651824025891563,0.5284965688765527,0.7844521393570723,2.347169422523787,2.837065431056457,3.0662327922682824,3.2648523034627446,3.5651824025891563,11.23227931548783,0.9360232762906525,0.7857674029016122,0.0,2.2214314351104525,0.0,0.0,0.0,1.1960744222252035,1.5446598642982956,1.821539200552857,2.2214314351104525,0.5714285714285714,0.6666666666666666,0.15571642495140514,5.2268439585726885,3.395827556590066,0.6105058532032692,-0.4701257104042572,0.6373887507804328,0.347929696489376,-0.5637636255366362,-0.7490764318963707,0.7114966827086118,0.6790820207741329,-0.18061029748040694,-26.939,-1.388,-0.436
A,580,.,5.265416458888687,0.03077382729003545,17,3.5651824025891563,0.0,3.116054305451966,0.5860123138942166,2.9781333163922343,0.0,2.922666834696609,0.4732340308753775,2.8793051931745968,0.0,2.83367794199623,0.0,2.7960793932755204,0.8883849626204463,2.7407755057149137,0.8069668167594056,2.2153940635042355,0.0,2.151349327340254,0.0,2.0525198841135714,0.617924048384816,1.9610942843803532,0.0711089510106129,1.9034379842288394,0.6532268627403793,0.9165466991117464,0.0,0.5304123454032798,0.0,0.4885247985703556,0.0,0.4038738427166715,0.0,0.0,0.0,0.0,0.0,0.0,0.0,0.0,0.0,36.45502812266053,2.1444134189800312,0.9716030622341245,0.4038738427166715,3.5651824025891563,0.4038738427166715,0.5136573266701101,1.9034379842288394,2.2153940635042355,2.8793051931745968,3.033301712016127,3.5651824025891563,4.096857986285254,0.24099164625207378,0.3284605412142656,0.0,0.8883849626204463,0.0,0.0,0.0,0.0,0.5860123138942166,0.7147228443479899,0.8883849626204463,0.8095238095238095,0.4117647058823529,0.03077382729003545,5.265416458888687,1.9351076111768697,0.6492630335063175,-0.3921834238119381,0.651651498432498,-0.6629936716771446,-0.7116882121457209,0.23224831540591612,0.3726887503510575,-0.582831065386852,-0.722087975652409,-25.734,0.286,2.762
A,581,.,4.9967473616551725,0.2634093890835677,11,3.4563229900115973,2.805358383569208,3.1075643037169347,1.5369553877553495,2.9781333163922343,0.0,2.862755013084169,1.9085227258272246,2.8487102907469692,0.9021268966658815,2.807225628476012,1.0498631236582006,2.496052635198254,1.86997897742149,2.3202255806284002,0.9980882067351141,1.9610970984637148,1.4476669384419718,0.6319561170957271,0.0,0.4532592208274544,0.0,0.0,0.0,0.0,0.0,0.0,0.0,0.0,0.0,0.0,0.0,0.0,0.0,0.0,0.0,0.0,0.0,0.0,0.0,0.0,0.0,25.92330219464147,2.356663835876497,0.9359179197119988,0.4532592208274544,3.4563229900115973,0.4532592208274544,0.6319561170957271,2.1406613395460576,2.807225628476012,2.9204441647382016,3.1075643037169347,3.4563229900115973,12.51856064007444,1.1380509672794945,0.8598495110939128,0.0,2.805358383569208,0.0,0.0,0.45106344833294076,1.0498631236582006,1.7034671825884198,1.9085227258272246,2.805358383569208,0.5238095238095238,0.7272727272727273,0.2634093890835677,4.9967473616551725,3.6814282628084243,0.6942173270617511,-0.435932851567049,0.5727345386231382,-0.21690170997465882,0.632027712959779,0.7439721891716788,-0.6863060184912462,-0.6407054853639483,0.34421000858086737,-24.231,-2.922,4.111
A,582,.,5.113213964006669,0.2849234947383432,13,3.2314445070240554,1.5445708039842974,3.226324018083219,2.280854688729311,3.216312542465036,2.1248951934963323,3.1075643037169347,1.5369553877553495,3.0306939297868887,0.4370005961950594,2.668408065829767,1.5625726943665603,2.656911280763285,2.10642177956149,2.411295989851492,1.707796169400528,2.4105871167953237,1.6043208425346218,1.117064331132438,0.8769551321216611,0.8333916152126344,1.1455658466735625,0.5547353264054036,0.0,0.4885247985703556,0.0,0.0,0.0,0.0,0.0,0.0,0.0,0.0,0.0,0.0,0.0,0.0,0.0,0.0,0.0,0.0,0.0,28.953257825636832,2.227173678895141,1.0320932544350983,0.4885247985703556,3.2314445070240554,0.4885247985703556,0.6104665841668497,1.117064331132438,2.656911280763285,3.1075643037169347,3.224321722959582,3.2314445070240554,16.927909134818773,1.302146856524521,0.7371559199419784,0.0,2.280854688729311,0.0,0.08740011923901195,0.8769551321216611,1.5445708039842974,1.707796169400528,2.1212005107093637,2.280854688729311,0.6190476190476191,0.8461538461538461,0.2849234947383432,5.113213964006669,3.872666748689248,0.6752036922226626,-0.38514025435565663,0.62910011801282,0.69485074437269,0.6183241658917246,-0.36722972227070844,-0.24755285709036462,0.6850855496572403,0.6851097522275058,-22.736,-3.939,0.79
A,583,.,5.322672961378692,0.010308839724125605,14,3.439462510184711,0.5301493128601658,3.402403320891724,0.16900832773182917,3.28409786235524,0.34596772571857487,3.1452206732527053,0.0,3.0306939297868887,0.4370005961950594,2.9718134864834083,0.0,2.764795937209823,0.0,2.690130599799259,0.0,2.6165122308940068,0.16878282030749853,2.288399958001964,0.0,1.9610942843803532,0.0711089510106129,0.7204802066275843,0.0,0.5208874335536663,0.0,0.4532592208274544,0.0,0.0,0.0,0.0,0.0,0.0,0.0,0.0,0.0,0.0,0.0,0.0,0.0,0.0,0.0,33.28925165424879,2.377803689589199,1.0264710091925735,0.4532592208274544,3.439462510184711,0.4532592208274544,0.5807652654758417,2.042920702785756,2.727463268504541,3.116588987386251,3.366911683330779,3.439462510184711,1.7220177338237406,0.12300126670169576,0.17768733733407258,0.0,0.5301493128601658,0.0,0.0,0.0,0.0,0.1689519508757465,0.4096907350521141,0.5301493128601658,0.6666666666666666,0.42857142857142855,0.010308839724125605,5.322672961378692,1.1321409352677794,0.6538548877445989,-0.3807611168592803,0.6538308326016536,0.20193532282876933,-0.7449819727051394,-0.6357861163460554,0.729174815230572,0.5477433999898424,-0.4102209850812472,-21.363,-0.544,-0.202
A,584,.,5.105516979079483,0.0714987194770385,14,3.402403320891724,0.16900832773182917,3.2009480788831164,0.932018401128305,3.116054305451966,0.5860123138942166,3.032946166698034,1.036109028314821,2.8137006747181643,1.3895440750750019,2.7077101432891055,0.3502272018535487,2.659462016533525,0.9860928758118038,2.622535884776038,0.0,2.3202255806284002,0.9980882067351141,1.497090825202034,0.0,0.5547353264054036,0.0,0.5545664902317949,0.0,0.1427990647766788,0.44192367671671584,0.013320388398997341,0.0,0.0,0.0,0.0,0.0,0.0,0.0,0.0,0.0,0.0,0.0,0.0,0.0,0.0,0.0,28.638498266884984,2.045607019063213,1.1834414443680943,0.013320388398997341,3.402403320891724,0.013320388398997341,0.2663292924132137,0.7903242011045613,2.6409989506547813,2.9781347937030667,3.1754799468537716,3.402403320891724,6.889024107261356,0.4920731505186683,0.4737086403132501,0.0,1.3895440750750019,0.0,0.0,0.0,0.3960754392851323,0.9725742571409292,1.0247027818409091,1.3895440750750019,0.6666666666666666,0.6428571428571429,0.0714987194770385,5.105516979079483,2.5432334178732763,0.6817923089291849,-0.4380579943079016,0.5858877376323467,-0.7194532174224156,-0.5465351593810038,0.4285864994384625,0.1324625057348128,-0.713725796915958,-0.6877857016477846,-19.823,0.21,3.228
A,585,.,4.645550582218172,0.2726964253735456,8,3.1441695199029436,2.246864116134607,3.0368166336533875,1.3570328896711648,3.032946166698034,1.036109028314821,2.862755013084169,1.9085227258272246,2.618293240262531,1.7404345953945106,2.411295989851492,1.707796169400528,0.7204802066275843,0.0,0.6404618651289251,0.0,0.0,0.0,0.0,0.0,0.0,0.0,0.0,0.0,0.0,0.0,0.0,0.0,0.0,0.0,0.0,0.0,0.0,0.0,0.0,0.0,0.0,0.0,0.0,0.0,0.0,0.0,18.467218635209065,2.308402329401133,0.966404832858344,0.6404618651289251,3.1441695199029436,0.6404618651289251,0.6964747041779865,1.988592044045515,2.7405241266733498,3.0339137834368723,3.0690224995282542,3.1441695199029436,9.996759524742856,1.249594940592857,0.7952749325076303,0.0,2.246864116134607,0.0,0.0,0.7770817712361158,1.5324145295358464,1.7824566280026892,2.010025142919439,2.246864116134607,0.38095238095238093,0.75,0.2726964253735456,4.645550582218172,3.3714472011089502,0.6651339015317772,-0.4478827646061938,0.5974930310905968,0.022280347440473556,0.811699578809005,0.5836500491554982,-0.7463916392558587,-0.3748930819980498,0.5498678913329597,-18.208,-3.277,3.391
A,586,.,5.356498082103917,0.12319277351703163,12,3.654049885757051,1.4609123817482004,3.424028099399936,2.2339260943367862,3.183861930630922,0.0,3.1406115348720753,0.3633033275864465,3.0736974400171326,2.1103622801427355,3.0368166336533875,1.3570328896711648,2.826123564979647,0.0,2.690130599799259,0.0,2.668408065829767,1.5625726943665603,2.6617130258938446,0.0,0.6135183039132031,0.0,0.5545664902317949,0.0,0.0,0.0,0.0,0.0,0.0,0.0,0.0,0.0,0.0,0.0,0.0,0.0,0.0,0.0,0.0,0.0,0.0,0.0,31.52752557497802,2.627293797914835,0.9586061495589565,0.5545664902317949,3.654049885757051,0.5545664902317949,0.8183377761112673,2.6667343058457864,2.9314700993165173,3.151424133811787,3.400011482523035,3.654049885757051,9.088109667851894,0.7573424723209912,0.8713337137038171,0.0,2.2339260943367862,0.0,0.0,0.0,0.18165166379322326,1.4863274599027902,2.055583321565118,2.2339260943367862,0.5714285714285714,0.5,0.12319277351703163,5.356498082103917,3.2955172593800173,0.6798345011010768,-0.38884149953546854,0.6217936469212745,0.713631244941665,0.15539234200267296,-0.6830692983072317,0.16898371920294433,0.9081054499814065,0.38313051869879533,-16.771,-2.745,-0.074
A,587,.,5.074814606976265,0.0,13,3.183861930630922,0.0,3.1452206732527053,0.0,2.9992909340040206,0.0,2.9724841172341807,0.0,2.889371257562581,0.0,2.8458333754123184,0.0,2.729093888030559,0.0,2.622535884776038,0.0,2.107213554388537,0.0,1.9549166116912693,0.0,0.6527880997119547,0.0,0.6404618651289251,0.0,0.45226662957111885,0.0,0.0,0.0,0.0,0.0,0.0,0.0,0.0,0.0,0.0,0.0,0.0,0.0,0.0,0.0,0.0,0.0,29.19533882139513,2.2457952939534715,0.9754620913692854,0.45226662957111885,3.183861930630922,0.45226662957111885,0.642927112045531,1.9549166116912693,2.729093888030559,2.9724841172341807,3.1160347254029683,3.183861930630922,0.0,0.0,0.0,0.0,0.0,0.0,0.0,0.0,0.0,0.0,0.0,0.0,0.6190476190476191,0.0,0.0,5.074814606976265,0.0,0.6743711698816236,-0.47750492997160593,0.5632162702597485,-0.3121486610831042,-0.8756104574643543,-0.3686048564019331,0.6691686921969047,0.07276928357401927,-0.7395389731120384,-15.157,0.569,0.977
A,588,.,5.017974529235094,0.23655797192810482,12,3.2111823054991824,2.397413338504874,3.1441695199029436,2.246864116134607,3.0758319026843934,1.5133894601737188,2.8481135473260273,1.4186381167277569,2.8458333754123184,0.0,2.752774969881718,1.8736374148985786,2.7247040854566453,0.9229365990952577,2.659462016533525,0.9860928758118038,2.069479585759097,0.6608440059711583,0.6135183039132031,0.0,0.5618806497698843,0.0,0.1897513871200728,0.5518272501514763,0.0,0.0,0.0,0.0,0.0,0.0,0.0,0.0,0.0,0.0,0.0,0.0,0.0,0.0,0.0,0.0,0.0,0.0,26.696701649259012,2.224725137438251,1.0630662146197598,0.1897513871200728,3.2111823054991824,0.1897513871200728,0.5670444151842161,1.7054892652976235,2.738739527669182,2.905043136165619,3.137335758181089,3.2111823054991824,12.57164317746923,1.0476369314557692,0.8167154521329821,0.0,2.397413338504874,0.0,0.0,0.4138704376136072,0.9545147374535308,1.6034514488549338,2.209541446011004,2.397413338504874,0.5714285714285714,0.75,0.23655797192810482,5.017974529235094,3.5975456306158167,0.6666277455008368,-0.3980113060695025,0.6302336464909821,-0.6174664073370587,0.17876026877535955,0.7660156670183884,-0.4175436321376928,-0.8997954026045087,-0.12659205627942463,-13.719,-1.154,4.049
A,589,.,4.65497649085451,0.3213145191960609,7,3.5329417618639987,2.3935330448289704,3.0758319026843934,1.5133894601737188,3.0736974400171326,2.1103622801427355,2.737272377112214,2.1978621518201833,2.618293240262531,1.7404345953945106,0.9221376055460648,0.0,0.6527880997119547,0.0,0.0,0.0,0.0,0.0,0.0,0.0,0.0,0.0,0.0,0.0,0.0,0.0,0.0,0.0,0.0,0.0,0.0,0.0,0.0,0.0,0.0,0.0,0.0,0.0,0.0,0.0,0.0,0.0,16.61296242719829,2.373280346742613,1.041112573480361,0.6527880997119547,3.5329417618639987,0.6527880997119547,0.8143978032124208,1.7702154229042981,2.737272377112214,3.074764671350763,3.2586758463562355,3.5329417618639987,9.95558153236012,1.4222259331943028,0.9391182362954892,0.0,2.3935330448289704,0.0,0.0,0.7566947300868594,1.7404345953945106,2.1541122159814594,2.276130509023698,2.3935330448289704,0.3333333333333333,0.7142857142857143,0.3213145191960609,4.65497649085451,3.539538314881867,0.6523219076504408,-0.39301000090827515,0.648088935243742,0.44985472872899646,0.8889259043961802,0.08626389472771279,-0.6100056162359907,0.2352740437861993,0.7566632490619845,-12.297,-3.918,1.864
A,590,.,5.05937973023605,0.2195971344317072,10,3.654049885757051,1.4609123817482004,3.5329417618639987,2.3935330448289704,3.368347001450047,1.7367892477832205,3.0715027914836988,0.0,2.638485737716301,1.8420548491979312,2.107213554388537,0.0,1.9789662958579293,1.806810630086459,1.9679427810389352,1.6603097180077193,1.5412104622232445,1.0162663750954637,0.5618806497698843,0.0,0.0,0.0,0.0,0.0,0.0,0.0,0.0,0.0,0.0,0.0,0.0,0.0,0.0,0.0,0.0,0.0,0.0,0.0,0.0,0.0,0.0,0.0,24.42254092154963,2.442254092154963,0.9407284607730922,0.5618806497698843,3.654049885757051,0.5618806497698843,1.4432774809779085,1.9706986597436837,2.372849646052419,3.29413594895846,3.5450525742533037,3.654049885757051,11.916676246747965,1.1916676246747966,0.8441647625538345,0.0,2.3935330448289704,0.0,0.0,0.2540665937738659,1.5606110498779597,1.7893052845106494,1.8972026687610348,2.3935330448289704,0.47619047619047616,0.7,0.2195971344317072,5.05937973023605,3.5657330927547277,0.715408982763972,-0.3772656124928425,0.5880991795700952,0.5656873576177367,-0.18129223884926846,-0.804444490045449,0.4101070601831692,0.9081870852216629,0.08371629127295488,-10.825,-1.645,-0.827
A,591,.,5.037357909875851,0.06835255130863924,12,3.1195459770121694,0.2954225376068285,3.080073421987742,0.34753863468006846,3.0715027914836988,0.0,3.022111268280407,1.2711696639486996,2.918959214748077,1.3788315837385243,2.889371257562581,0.0,2.7808482680855846,1.1679735367405188,2.3425737804103575,0.06336308057791364,2.069479585759097,0.6608440059711583,1.096433249619339,0.6680062800035367,0.9221376055460648,0.0,0.7342459367781482,0.0,0.0,0.0,0.0,0.0,0.0,0.0,0.0,0.0,0.0,0.0,0.0,0.0,0.0,0.0,0.0,0.0,0.0,0.0,28.047282357273268,2.3372735297727725,0.8753789332780422,0.7342459367781482,3.1195459770121694,0.7342459367781482,0.9395671699533923,1.8262180017241576,2.835109762824083,3.03445914908123,3.079216358937338,3.1195459770121694,5.853149323267248,0.487762443605604,0.5100068843761663,0.0,1.3788315837385243,0.0,0.0,0.0,0.3214805861434485,0.7929980941877822,1.2608500512278815,1.3788315837385243,0.5714285714285714,0.6666666666666666,0.06835255130863924,5.037357909875851,2.4390553279878597,0.6144787105712131,-0.4111649162995143,0.6733196312741467,-0.41117777547797146,-0.895283923642919,-0.17146292024670234,0.6733117786046272,-0.1714937540289831,-0.7191947866338578,-9.109,0.72,1.592
A,592,.,4.588812424323005,0.34239412316167805,7,3.307289551439189,2.4535965649458853,3.1195459770121694,0.2954225376068285,2.752774969881718,1.8736374148985786,2.737272377112214,2.1978621518201833,2.3989946682416714,1.7595306556765973,2.030407535283304,1.1870656810092215,1.5412104622232445,1.0162663750954637,0.0,0.0,0.0,0.0,0.0,0.0,0.0,0.0,0.0,0.0,0.0,0.0,0.0,0.0,0.0,0.0,0.0,0.0,0.0,0.0,0.0,0.0,0.0,0.0,0.0,0.0,0.0,0.0,17.88749554119351,2.555356505884787,0.5712509008858295,1.5412104622232445,3.307289551439189,1.5412104622232445,1.8347287060592803,2.214701101762488,2.737272377112214,2.936160473446944,3.194643406782977,3.307289551439189,10.783381381052758,1.5404830544361083,0.6943424327647238,0.2954225376068285,2.4535965649458853,0.2954225376068285,0.7279288401000097,1.1016660280523425,1.7595306556765973,2.035749783359381,2.300155917070464,2.4535965649458853,0.3333333333333333,1.0,0.34239412316167805,4.588812424323005,3.5363543606382835,0.9446480525901244,-0.25857715881007326,0.20193540967199342,-0.08433190227275163,0.40344388611793824,0.9111098512326137,-0.3170618031184847,-0.8777077438964329,0.35930617766396544,-7.749,-1.671,4.226
A,593,.,4.241075210145236,0.41509453799305285,5,3.323434018751974,2.1649848624353756,3.307289551439189,2.4535965649458853,2.219595798394008,1.6922134977779422,1.9641008336118786,1.8947160978632946,0.7342459367781482,0.0,0.0,0.0,0.0,0.0,0.0,0.0,0.0,0.0,0.0,0.0,0.0,0.0,0.0,0.0,0.0,0.0,0.0,0.0,0.0,0.0,0.0,0.0,0.0,0.0,0.0,0.0,0.0,0.0,0.0,0.0,0.0,0.0,11.548666138975197,2.3097332277950393,0.9625439859739084,0.7342459367781482,3.323434018751974,0.7342459367781482,1.2261878955116403,1.9641008336118786,2.219595798394008,3.307289551439189,3.31697623182686,3.323434018751974,8.205511023022497,1.6411022046044994,0.859621886862357,0.0,2.4535965649458853,0.0,0.676885399111177,1.6922134977779422,1.8947160978632946,2.1649848624353756,2.3381518839416815,2.4535965649458853,0.23809523809523808,0.8,0.41509453799305285,4.241075210145236,3.381903105133827,0.2947113628966043,-0.9191891656320093,0.2612211522146641,0.6924412995491013,0.3938068910611462,0.6045173109444479,-0.6585364524902002,0.002722193506207035,0.7525439059643876,-3.951,-1.468,4.168
A,594,.,4.887248159771526,0.3140108068952378,8,3.7087801158202724,2.6714000478936124,3.323434018751974,2.1649848624353756,3.022111268280407,1.2711696639486996,2.74372617755468,1.2313933999019282,2.638485737716301,1.8420548491979312,2.1632126747445133,1.9470338032337222,2.030407535283304,1.1870656810092215,1.5349470977747686,0.9398588099735351,0.0,0.0,0.0,0.0,0.0,0.0,0.0,0.0,0.0,0.0,0.0,0.0,0.0,0.0,0.0,0.0,0.0,0.0,0.0,0.0,0.0,0.0,0.0,0.0,0.0,0.0,21.16510462592622,2.6456380782407773,0.6695110312830522,1.5349470977747686,3.7087801158202724,1.5349470977747686,1.8817694040307436,2.1300113898792112,2.6911059576354903,3.0974419558982986,3.4390378478724632,3.7087801158202724,13.254961117594025,1.6568701396992531,0.5557153749686925,0.9398588099735351,2.6714000478936124,0.9398588099735351,1.1129036196985156,1.2203114701787516,1.5566122565733154,2.0015215680341356,2.3169094180728464,2.6714000478936124,0.38095238095238093,1.0,0.3140108068952378,4.887248159771526,3.745262623084776,0.16021372526699257,-0.27226316655414573,0.9487909835016255,0.7749112834342289,-0.560707905676813,-0.2917518591506116,0.6114278903046448,0.7819714909441594,0.1211466974712046,-3.931,1.614,1.928
A,595,.,4.488082845779502,0.40550401218863963,6,3.7087801158202724,2.6714000478936124,3.3716930446040227,2.469242945321393,2.031082097237343,1.6489278201205126,1.9641008336118786,1.8947160978632946,1.763721726255778,0.11481151394444372,1.2337286745269551,0.8825105521429462,0.0,0.0,0.0,0.0,0.0,0.0,0.0,0.0,0.0,0.0,0.0,0.0,0.0,0.0,0.0,0.0,0.0,0.0,0.0,0.0,0.0,0.0,0.0,0.0,0.0,0.0,0.0,0.0,0.0,0.0,14.073106492056251,2.3455177486760417,0.887921751313954,1.2337286745269551,3.7087801158202724,1.2337286745269551,1.4987252003913665,1.8138165030948032,1.9975914654246107,3.036540307762353,3.540236580212148,3.7087801158202724,9.681608977286203,1.6136014962143672,0.8862090435521366,0.11481151394444372,2.6714000478936124,0.11481151394444372,0.4986610330436949,1.074114869137338,1.7718219589919038,2.3256112334568684,2.5703214966075025,2.6714000478936124,0.2857142857142857,1.0,0.40550401218863963,4.488082845779502,3.6018057660921055,-0.8945756879818471,-0.40692773719413144,-0.1847813712847401,0.44305278064650816,-0.7532405842147342,-0.486140777813632,0.05863933861497895,-0.516757621128039,0.8541211793257957,-2.597,4.934,3.338
A,596,.,5.114862327605836,0.20685093462049844,10,3.5316201976649744,2.219042601548881,3.4057038788000162,1.3322631114248522,3.3716930446040227,2.469242945321393,3.184507957587744,1.7510329562604026,2.823471932554351,1.8853074912833814,2.7075700858653327,0.0,2.362260558621874,0.0,1.7826262211384964,0.4180983055011581,1.5790632374588929,0.0,1.5349470977747686,0.9398588099735351,0.0,0.0,0.0,0.0,0.0,0.0,0.0,0.0,0.0,0.0,0.0,0.0,0.0,0.0,0.0,0.0,0.0,0.0,0.0,0.0,0.0,0.0,26.28346421207047,2.628346421207047,0.7354576783641558,1.5349470977747686,3.5316201976649744,1.5349470977747686,1.5746516234904804,1.9275348055093409,2.765521009209842,3.324896772849953,3.418295510686512,3.5316201976649744,11.014846221313604,1.1014846221313603,0.9133560963282699,0.0,2.469242945321393,0.0,0.0,0.10452457637528953,1.1360609606991936,1.8517388575276366,2.244062635926132,2.469242945321393,0.47619047619047616,0.7,0.20685093462049844,5.114862327605836,3.561876703452114,-0.07180192184884945,0.9154656134122403,-0.39593837232397944,0.8701865941498181,-0.13650965070808954,-0.47343469098228846,-0.48746258869861114,-0.3785337843882708,-0.7868242489247155,-5.51,6.889,4.841
A,597,.,4.905093058224608,0.23842610889889024,7,3.3680231516308465,1.7795468646957047,3.33550975611248,1.9718591149603886,3.287778558959566,1.759658020532331,3.184507957587744,1.7510329562604026,2.76590392871106,2.086871372005954,2.2414796055802793,0.0,2.031082097237343,1.6489278201205126,0.0,0.0,0.0,0.0,0.0,0.0,0.0,0.0,0.0,0.0,0.0,0.0,0.0,0.0,0.0,0.0,0.0,0.0,0.0,0.0,0.0,0.0,0.0,0.0,0.0,0.0,0.0,0.0,20.214285055819317,2.8877550079741883,0.513479866900687,2.031082097237343,3.3680231516308465,2.031082097237343,2.1573206022431046,2.5036917671456695,3.184507957587744,3.3116441575360227,3.3485151143198264,3.3680231516308465,10.997896148575293,1.5711280212250418,0.6560074522388417,0.0,2.086871372005954,0.0,0.9893566920723077,1.6999803881904576,1.759658020532331,1.8757029898280466,2.017864017778615,2.086871372005954,0.3333333333333333,0.8571428571428571,0.23842610889889024,4.905093058224608,3.494786384120507,-0.7010001084845947,-0.03431258532881585,0.7123352401732201,0.4973355971160618,-0.7394039011751874,0.45380521677050384,0.5111322253055433,0.67238717820536,0.5353870850508413,-6.975,9.553,2.657
A,598,.,5.144526063803765,0.2780538868541351,10,3.5316201976649744,2.219042601548881,3.287778558959566,1.759658020532331,3.1695385110396908,2.275876574830745,3.0761364543497844,1.5932821073909018,2.9715778910917936,1.1788734340208606,2.7337504359520235,1.677586160660562,2.5970069023088858,2.2866325247000026,2.188651264624908,1.4836683189594786,2.1413841181417843,0.0,2.1145082060147486,1.357382924292133,0.0,0.0,0.0,0.0,0.0,0.0,0.0,0.0,0.0,0.0,0.0,0.0,0.0,0.0,0.0,0.0,0.0,0.0,0.0,0.0,0.0,0.0,27.811952540148162,2.781195254014816,0.4832106409133229,2.1145082060147486,3.5316201976649744,2.1145082060147486,2.1386965269290807,2.2907401740459026,2.8526641635219088,3.146187996867214,3.3121627228301067,3.5316201976649744,15.832002666935896,1.5832002666935896,0.6442021357044052,0.0,2.2866325247000026,0.0,1.0609860906187747,1.3889542729589692,1.635434134025732,2.1041964562947433,2.2769521698176707,2.2866325247000026,0.47619047619047616,0.9,0.2780538868541351,5.144526063803765,3.879612617277381,-0.43539843311781473,0.5160938091117699,-0.7376146586362392,0.6768525716629695,-0.3525498115260543,-0.6462037036617541,-0.5935476397659891,-0.7806124586434984,-0.19581978638221423,-8.53,12.093,5.008
