ID1_chainID,ID1_resSeq,ID1_iCode,ID1_serial,ID1_altLoc,ID1_resName,ID1_name,ID2_chainID,ID2_resSeq,ID2_iCode,ID2_serial,ID2_altLoc,ID2_resName,ID2_name,atom_index1,atom_index2,area,boundary,distance,voromqa_energy,seq_sep_class,covalent_bond
A,2,.,.,.,ALA,N,A,2,.,.,.,ALA,CA,0,1,13.6107,2.13194,1.50278,0,0,1
A,2,.,.,.,ALA,N,A,2,.,.,.,ALA,C,0,2,3.10113,2.09444,2.49152,0,0,0
A,2,.,.,.,ALA,N,A,2,.,.,.,ALA,O,0,3,6.46118,5.20469,2.8712,0,0,0
A,2,.,.,.,ALA,N,A,2,.,.,.,ALA,CB,0,4,9.3424,6.89309,2.4809,0,0,0
A,2,.,.,.,ALA,N,A,6,.,.,.,GLN,NE2,0,36,3.33973,4.57483,4.63895,2.06226,4,0
A,2,.,.,.,ALA,CA,A,2,.,.,.,ALA,C,1,2,7.53252,0,1.52949,0,0,1
A,2,.,.,.,ALA,CA,A,2,.,.,.,ALA,O,1,3,0.698341,0,2.41332,0,0,0
A,2,.,.,.,ALA,CA,A,2,.,.,.,ALA,CB,1,4,12.8554,1.50365,1.51317,0,0,1
A,2,.,.,.,ALA,CA,A,3,.,.,.,THR,N,1,5,3.36097,0,2.43015,0,1,0
A,2,.,.,.,ALA,CA,A,6,.,.,.,GLN,CD,1,34,0.708093,0,4.09527,-0.354338,4,0
A,2,.,.,.,ALA,CA,A,6,.,.,.,GLN,OE1,1,35,6.33673,1.71589,3.52713,0.623006,4,0
A,2,.,.,.,ALA,CA,A,6,.,.,.,GLN,NE2,1,36,3.80184,0.470289,4.19468,0.59189,4,0
A,2,.,.,.,ALA,C,A,2,.,.,.,ALA,O,2,3,9.06181,0.636874,1.23626,0,0,1
A,2,.,.,.,ALA,C,A,2,.,.,.,ALA,CB,2,4,2.76646,0,2.50116,0,0,0
A,2,.,.,.,ALA,C,A,3,.,.,.,THR,N,2,5,7.98409,0,1.33266,0,1,1
A,2,.,.,.,ALA,C,A,3,.,.,.,THR,CA,2,6,1.45519,0,2.43613,0,1,0
A,2,.,.,.,ALA,C,A,3,.,.,.,THR,CB,2,9,2.81726,2.06712,3.40494,0,1,0
A,2,.,.,.,ALA,C,A,6,.,.,.,GLN,NE2,2,36,0.13116,0.208776,4.49859,0.0222369,4,0
A,2,.,.,.,ALA,C,A,89,.,.,.,PHE,CE2,2,678,0.817623,0,3.96505,-0.300648,5,0
A,2,.,.,.,ALA,C,A,89,.,.,.,PHE,CZ,2,679,0.999195,0,4.02234,-0.423772,5,0
A,2,.,.,.,ALA,O,A,2,.,.,.,ALA,CB,3,4,2.64104,0.801455,3.13289,0,0,0
A,2,.,.,.,ALA,O,A,3,.,.,.,THR,CA,3,6,4.78454,1.27441,2.77283,0,1,0
A,2,.,.,.,ALA,O,A,3,.,.,.,THR,CB,3,9,3.23182,3.47425,3.66554,0,1,0
A,2,.,.,.,ALA,O,A,89,.,.,.,PHE,CE2,3,678,7.78126,3.8893,3.58888,-2.01351,5,0
A,2,.,.,.,ALA,O,A,92,.,.,.,GLY,CA,3,696,1.29367,1.4253,4.84533,0.460539,5,0
A,2,.,.,.,ALA,CB,A,3,.,.,.,THR,N,4,5,1.63275,0,3.34675,0,1,0
A,2,.,.,.,ALA,CB,A,3,.,.,.,THR,O,4,8,0.171989,0.534443,5.17824,0,1,0
A,2,.,.,.,ALA,CB,A,6,.,.,.,GLN,OE1,4,35,5.61713,5.21433,4.11538,0.876262,4,0
A,2,.,.,.,ALA,CB,A,89,.,.,.,PHE,CE2,4,678,0.276331,0,4.6497,-0.231029,5,0
A,2,.,.,.,ALA,CB,A,89,.,.,.,PHE,CZ,4,679,4.86526,1.21765,4.2771,-6.76004,5,0
A,2,.,.,.,ALA,CB,A,92,.,.,.,GLY,CA,4,696,13.8309,6.05179,3.78186,-7.03513,5,0
A,2,.,.,.,ALA,CB,A,92,.,.,.,GLY,O,4,698,6.12052,4.77617,4.24613,0.637838,5,0
A,3,.,.,.,THR,N,A,3,.,.,.,THR,CA,5,6,6.32056,0,1.45773,0,0,1
A,3,.,.,.,THR,N,A,3,.,.,.,THR,C,5,7,0.7272,0,2.44783,0,0,0
A,3,.,.,.,THR,N,A,3,.,.,.,THR,O,5,8,3.81889,0,2.71434,0,0,0
A,3,.,.,.,THR,N,A,3,.,.,.,THR,CB,5,9,3.257,0,2.48655,0,0,0
A,3,.,.,.,THR,N,A,3,.,.,.,THR,CG2,5,11,1.08136,0,3.17561,0,0,0
A,3,.,.,.,THR,N,A,6,.,.,.,GLN,CG,5,33,0.0567259,0,4.11805,0.0632579,3,0
A,3,.,.,.,THR,N,A,6,.,.,.,GLN,CD,5,34,3.13119,0,3.60868,5.66604,3,0
A,3,.,.,.,THR,N,A,6,.,.,.,GLN,OE1,5,35,2.04754,0,3.50587,0.0884573,3,0
A,3,.,.,.,THR,N,A,6,.,.,.,GLN,NE2,5,36,1.13711,0,3.96907,0.789897,3,0
A,3,.,.,.,THR,N,A,89,.,.,.,PHE,CZ,5,679,1.60007,0,3.9571,1.08414,5,0
A,3,.,.,.,THR,CA,A,3,.,.,.,THR,C,6,7,6.22047,0,1.54448,0,0,1
A,3,.,.,.,THR,CA,A,3,.,.,.,THR,O,6,8,0.196967,0,2.41107,0,0,0
A,3,.,.,.,THR,CA,A,3,.,.,.,THR,CB,6,9,9.66998,0.473577,1.55408,0,0,1
A,3,.,.,.,THR,CA,A,3,.,.,.,THR,OG1,6,10,2.69213,1.95056,2.43091,0,0,0
A,3,.,.,.,THR,CA,A,3,.,.,.,THR,CG2,6,11,0.656221,0,2.57882,0,0,0
A,3,.,.,.,THR,CA,A,4,.,.,.,VAL,N,6,12,3.36906,0.0511304,2.43603,0,1,0
A,3,.,.,.,THR,CA,A,89,.,.,.,PHE,CD2,6,676,1.02704,1.4613,4.55792,-0.163468,5,0
A,3,.,.,.,THR,CA,A,89,.,.,.,PHE,CE2,6,678,3.9955,0.293569,3.84754,-1.07254,5,0
A,3,.,.,.,THR,CA,A,89,.,.,.,PHE,CZ,6,679,0.680239,0,3.91923,-0.204861,5,0
A,3,.,.,.,THR,C,A,3,.,.,.,THR,O,7,8,7.15462,0,1.23637,0,0,1
A,3,.,.,.,THR,C,A,3,.,.,.,THR,CB,7,9,0.899071,0,2.53062,0,0,0
A,3,.,.,.,THR,C,A,3,.,.,.,THR,CG2,7,11,1.91641,0,2.87009,0,0,0
A,3,.,.,.,THR,C,A,4,.,.,.,VAL,N,7,12,6.35805,0,1.32929,0,1,1
A,3,.,.,.,THR,C,A,4,.,.,.,VAL,CA,7,13,1.24055,0,2.46462,0,1,0
A,3,.,.,.,THR,C,A,4,.,.,.,VAL,C,7,14,0.177039,0,3.05327,0,1,0
A,3,.,.,.,THR,C,A,5,.,.,.,GLN,N,7,19,1.07656,0,3.15966,2.01762,2,0
A,3,.,.,.,THR,C,A,89,.,.,.,PHE,CE1,7,677,0.401641,0,3.93223,-0.190285,5,0
A,3,.,.,.,THR,C,A,89,.,.,.,PHE,CE2,7,678,0.0705408,0,3.88517,-0.03342,5,0
A,3,.,.,.,THR,C,A,89,.,.,.,PHE,CZ,7,679,2.53474,0,3.58385,-0.876451,5,0
A,3,.,.,.,THR,O,A,3,.,.,.,THR,CG2,8,11,1.50533,0,3.10722,0,0,0
A,3,.,.,.,THR,O,A,4,.,.,.,VAL,CA,8,13,2.03104,0,2.82173,0,1,0
A,3,.,.,.,THR,O,A,4,.,.,.,VAL,C,8,14,1.7753,0,2.97387,0,1,0
A,3,.,.,.,THR,O,A,5,.,.,.,GLN,N,8,19,0.289053,0,3.20021,0.298167,2,0
A,3,.,.,.,THR,O,A,6,.,.,.,GLN,N,8,28,3.03983,0,3.01378,-2.96652,3,0
A,3,.,.,.,THR,O,A,6,.,.,.,GLN,CA,8,29,0.0033488,0,3.7142,0.00291515,3,0
A,3,.,.,.,THR,O,A,6,.,.,.,GLN,CB,8,32,5.93901,0.682942,3.34525,1.71051,3,0
A,3,.,.,.,THR,O,A,6,.,.,.,GLN,CG,8,33,0.527382,0,3.64043,0.140944,3,0
A,3,.,.,.,THR,O,A,6,.,.,.,GLN,CD,8,34,0.117801,0,4.05259,-0.0137938,3,0
A,3,.,.,.,THR,O,A,6,.,.,.,GLN,OE1,8,35,0.980529,0.654369,4.01345,0.264789,3,0
A,3,.,.,.,THR,O,A,7,.,.,.,LEU,N,8,37,0.808688,0,4.11959,0.818424,4,0
A,3,.,.,.,THR,O,A,7,.,.,.,LEU,CG,8,42,3.84802,0.298721,4.59226,1.38218,4,0
A,3,.,.,.,THR,O,A,7,.,.,.,LEU,CD2,8,44,0.186328,0.797458,5.25697,0.105048,4,0
A,3,.,.,.,THR,O,A,89,.,.,.,PHE,CE1,8,677,1.31924,0,4.0921,0.101426,5,0
A,3,.,.,.,THR,O,A,89,.,.,.,PHE,CZ,8,679,2.14117,1.06409,3.90108,-0.0336723,5,0
A,3,.,.,.,THR,CB,A,3,.,.,.,THR,OG1,9,10,15.7024,6.49651,1.43219,0,0,1
A,3,.,.,.,THR,CB,A,3,.,.,.,THR,CG2,9,11,16.2913,4.39563,1.56076,0,0,1
A,3,.,.,.,THR,CB,A,4,.,.,.,VAL,N,9,12,0.596321,0,3.19663,0,1,0
A,3,.,.,.,THR,CB,A,5,.,.,.,GLN,OE1,9,26,0.260291,0,3.40195,-0.206377,2,0
A,3,.,.,.,THR,CB,A,6,.,.,.,GLN,NE2,9,36,1.54523,1.60686,4.65253,-0.942041,3,0
A,3,.,.,.,THR,OG1,A,3,.,.,.,THR,CG2,10,11,0.78347,0.417538,2.46175,0,0,0
A,3,.,.,.,THR,OG1,A,4,.,.,.,VAL,N,10,12,3.71636,1.31594,3.15371,0,1,0
A,3,.,.,.,THR,OG1,A,4,.,.,.,VAL,CG1,10,17,1.21304,1.53488,4.65175,0,1,0
A,3,.,.,.,THR,OG1,A,5,.,.,.,GLN,OE1,10,26,10.8489,3.57786,2.5316,-6.43783,2,0
A,3,.,.,.,THR,OG1,A,5,.,.,.,GLN,NE2,10,27,0.211019,1.76385,4.3908,-0.0458572,2,0
A,3,.,.,.,THR,CG2,A,4,.,.,.,VAL,N,11,12,0.0110531,0,3.6584,0,1,0
A,3,.,.,.,THR,CG2,A,5,.,.,.,GLN,N,11,19,1.90652,0,3.62887,1.75536,2,0
A,3,.,.,.,THR,CG2,A,5,.,.,.,GLN,CA,11,20,0.203416,0,4.08206,0.0455878,2,0
A,3,.,.,.,THR,CG2,A,5,.,.,.,GLN,CB,11,23,7.92511,3.60049,3.86438,-3.96727,2,0
A,3,.,.,.,THR,CG2,A,5,.,.,.,GLN,CD,11,25,0.821924,1.33053,4.21829,-0.910404,2,0
A,3,.,.,.,THR,CG2,A,5,.,.,.,GLN,OE1,11,26,4.23461,0.400429,3.23292,-1.44548,2,0
A,3,.,.,.,THR,CG2,A,6,.,.,.,GLN,N,11,28,3.35428,0,3.60789,3.08833,3,0
A,3,.,.,.,THR,CG2,A,6,.,.,.,GLN,CB,11,32,7.82373e-06,0,4.19421,8.12174e-07,3,0
A,3,.,.,.,THR,CG2,A,6,.,.,.,GLN,CG,11,33,8.85046,2.55275,3.36011,-4.00219,3,0
A,3,.,.,.,THR,CG2,A,6,.,.,.,GLN,CD,11,34,1.03244,0,3.87406,-1.14358,3,0
A,3,.,.,.,THR,CG2,A,6,.,.,.,GLN,NE2,11,36,4.98395,3.02137,4.02794,-0.711907,3,0
A,4,.,.,.,VAL,N,A,4,.,.,.,VAL,CA,12,13,6.45655,0,1.49323,0,0,1
A,4,.,.,.,VAL,N,A,4,.,.,.,VAL,C,12,14,0.00113555,0,2.53059,0,0,0
A,4,.,.,.,VAL,N,A,4,.,.,.,VAL,CB,12,16,3.51592,0.322057,2.51331,0,0,0
A,4,.,.,.,VAL,N,A,4,.,.,.,VAL,CG1,12,17,2.79219,0.660304,3.12918,0,0,0
A,4,.,.,.,VAL,N,A,5,.,.,.,GLN,N,12,19,1.35681,0,2.81993,0,1,0
A,4,.,.,.,VAL,N,A,5,.,.,.,GLN,OE1,12,26,1.02396,0,3.59286,0,1,0
A,4,.,.,.,VAL,N,A,89,.,.,.,PHE,CG,12,674,0.235646,0,3.96599,0.583435,5,0
A,4,.,.,.,VAL,N,A,89,.,.,.,PHE,CD1,12,675,0.216251,0,3.86887,0.052513,5,0
A,4,.,.,.,VAL,N,A,89,.,.,.,PHE,CD2,12,676,3.49522,1.25633,3.92787,2.38611,5,0
A,4,.,.,.,VAL,N,A,89,.,.,.,PHE,CE1,12,677,0.50862,0,3.72846,0.182241,5,0
A,4,.,.,.,VAL,N,A,89,.,.,.,PHE,CE2,12,678,1.06771,0,3.78787,0.382568,5,0
A,4,.,.,.,VAL,N,A,89,.,.,.,PHE,CZ,12,679,0.634823,0,3.68112,0.259774,5,0
A,4,.,.,.,VAL,CA,A,4,.,.,.,VAL,C,13,14,6.59975,0,1.53368,0,0,1
A,4,.,.,.,VAL,CA,A,4,.,.,.,VAL,O,13,15,1.09838,0,2.44265,0,0,0
A,4,.,.,.,VAL,CA,A,4,.,.,.,VAL,CB,13,16,6.89114,0,1.53642,0,0,1
A,4,.,.,.,VAL,CA,A,4,.,.,.,VAL,CG1,13,17,0.763265,0,2.53512,0,0,0
A,4,.,.,.,VAL,CA,A,4,.,.,.,VAL,CG2,13,18,2.55537,0,2.5433,0,0,0
A,4,.,.,.,VAL,CA,A,5,.,.,.,GLN,N,13,19,0.760488,0,2.42973,0,1,0
A,4,.,.,.,VAL,CA,A,7,.,.,.,LEU,CG,13,42,2.23397,0,4.6452,0.516685,3,0
A,4,.,.,.,VAL,CA,A,7,.,.,.,LEU,CD1,13,43,0.690146,0,4.81661,-0.128131,3,0
A,4,.,.,.,VAL,CA,A,89,.,.,.,PHE,CG,13,674,0.00215682,0,4.0521,-0.000918225,5,0
A,4,.,.,.,VAL,CA,A,89,.,.,.,PHE,CD1,13,675,1.75591,0,3.644,-0.0200804,5,0
A,4,.,.,.,VAL,CA,A,89,.,.,.,PHE,CE1,13,677,3.22642,0,3.71801,-1.33388,5,0
A,4,.,.,.,VAL,C,A,4,.,.,.,VAL,O,14,15,8.20075,0,1.25644,0,0,1
A,4,.,.,.,VAL,C,A,4,.,.,.,VAL,CB,14,16,0.970526,0,2.5183,0,0,0
A,4,.,.,.,VAL,C,A,4,.,.,.,VAL,CG1,14,17,1.86513,0,2.92436,0,0,0
A,4,.,.,.,VAL,C,A,4,.,.,.,VAL,CG2,14,18,1.17363,0,3.09907,0,0,0
A,4,.,.,.,VAL,C,A,5,.,.,.,GLN,N,14,19,6.10398,0,1.32042,0,1,1
A,4,.,.,.,VAL,C,A,5,.,.,.,GLN,CA,14,20,1.69546,0,2.43022,0,1,0
A,4,.,.,.,VAL,C,A,5,.,.,.,GLN,C,14,21,0.129547,0,3.06176,0,1,0
A,4,.,.,.,VAL,C,A,6,.,.,.,GLN,N,14,28,1.33746,0,3.16873,3.23408,2,0
A,4,.,.,.,VAL,C,A,7,.,.,.,LEU,N,14,37,0.160199,0,3.8694,0.348711,3,0
A,4,.,.,.,VAL,C,A,7,.,.,.,LEU,CG,14,42,0.16334,0,4.49741,-0.0878861,3,0
A,4,.,.,.,VAL,C,A,47,.,.,.,CYS,CB,14,353,0.486586,0,5.15792,0.371073,5,0
A,4,.,.,.,VAL,O,A,4,.,.,.,VAL,CG2,15,18,5.15122,0,3.2406,0,0,0
A,4,.,.,.,VAL,O,A,5,.,.,.,GLN,CA,15,20,2.79245,0,2.75039,0,1,0
A,4,.,.,.,VAL,O,A,5,.,.,.,GLN,C,15,21,1.48556,0,2.97985,0,1,0
A,4,.,.,.,VAL,O,A,6,.,.,.,GLN,N,15,28,0.25463,0,3.22437,0.251418,2,0
A,4,.,.,.,VAL,O,A,7,.,.,.,LEU,N,15,37,3.22582,0,3.06502,-5.79163,3,0
A,4,.,.,.,VAL,O,A,7,.,.,.,LEU,CA,15,38,0.0816144,0,3.71792,0.0124153,3,0
A,4,.,.,.,VAL,O,A,7,.,.,.,LEU,CB,15,41,5.07029,0,3.38484,-0.512475,3,0
A,4,.,.,.,VAL,O,A,7,.,.,.,LEU,CG,15,42,2.19112,0,3.72468,0.107816,3,0
A,4,.,.,.,VAL,O,A,7,.,.,.,LEU,CD1,15,43,0.244911,0,4.26669,0.0957733,3,0
A,4,.,.,.,VAL,O,A,8,.,.,.,GLU,N,15,45,1.5292,0,4.06781,1.77614,4,0
A,4,.,.,.,VAL,O,A,8,.,.,.,GLU,CG,15,50,2.60845,0,4.51497,1.01197,4,0
A,4,.,.,.,VAL,O,A,45,.,.,.,ILE,CG2,15,340,1.93834,0,5.27193,-0.789705,5,0
A,4,.,.,.,VAL,O,A,47,.,.,.,CYS,CB,15,353,2.0802,0,4.93319,-1.43432,5,0
A,4,.,.,.,VAL,CB,A,4,.,.,.,VAL,CG1,16,17,13.2446,1.3766,1.55319,0,0,1
A,4,.,.,.,VAL,CB,A,4,.,.,.,VAL,CG2,16,18,10.2323,0,1.56464,0,0,1
A,4,.,.,.,VAL,CB,A,69,.,.,.,LEU,CD1,16,521,1.35971,0,4.99356,-1.80609,5,0
A,4,.,.,.,VAL,CB,A,89,.,.,.,PHE,CB,16,673,6.3847,0.782606,4.02311,-8.89734,5,0
A,4,.,.,.,VAL,CB,A,89,.,.,.,PHE,CG,16,674,1.72638,0,3.79356,-1.2607,5,0
A,4,.,.,.,VAL,CB,A,89,.,.,.,PHE,CD1,16,675,1.92112,0,3.67109,-2.39741,5,0
A,4,.,.,.,VAL,CB,A,89,.,.,.,PHE,CD2,16,676,0.849193,0.610068,4.50682,-1.25584,5,0
A,4,.,.,.,VAL,CG1,A,4,.,.,.,VAL,CG2,17,18,2.91557,0,2.59531,0,0,0
A,4,.,.,.,VAL,CG1,A,5,.,.,.,GLN,N,17,19,3.26438,0,3.08437,0,1,0
A,4,.,.,.,VAL,CG1,A,5,.,.,.,GLN,CA,17,20,0.381982,0,4.22054,0,1,0
A,4,.,.,.,VAL,CG1,A,5,.,.,.,GLN,CG,17,24,1.37827,0,4.34952,0,1,0
A,4,.,.,.,VAL,CG1,A,5,.,.,.,GLN,CD,17,25,4.68195,0,3.72278,0,1,0
A,4,.,.,.,VAL,CG1,A,5,.,.,.,GLN,OE1,17,26,4.10263,0.67379,3.4329,0,1,0
A,4,.,.,.,VAL,CG1,A,5,.,.,.,GLN,NE2,17,27,4.69671,2.11051,4.1838,0,1,0
A,4,.,.,.,VAL,CG1,A,47,.,.,.,CYS,CB,17,353,3.00249,0,4.469,-1.42969,5,0
A,4,.,.,.,VAL,CG1,A,47,.,.,.,CYS,SG,17,354,7.78515,0,3.76882,-12.2132,5,0
A,4,.,.,.,VAL,CG1,A,49,.,.,.,GLY,O,17,366,5.2406,1.96002,4.76185,-1.19773,5,0
A,4,.,.,.,VAL,CG1,A,69,.,.,.,LEU,CD1,17,521,5.75496,2.28653,4.77124,-10.9764,5,0
A,4,.,.,.,VAL,CG1,A,89,.,.,.,PHE,CB,17,673,0.247725,1.12601,5.02694,-0.14761,5,0
A,4,.,.,.,VAL,CG2,A,7,.,.,.,LEU,CB,18,41,0.216683,0,5.33314,-0.154366,3,0
A,4,.,.,.,VAL,CG2,A,7,.,.,.,LEU,CD1,18,43,5.53665,0,4.64893,-10.7378,3,0
A,4,.,.,.,VAL,CG2,A,45,.,.,.,ILE,CG2,18,340,2.24346,0,5.89627,-4.21119,5,0
A,4,.,.,.,VAL,CG2,A,47,.,.,.,CYS,CB,18,353,3.55168,0,4.47119,-1.43181,5,0
A,4,.,.,.,VAL,CG2,A,47,.,.,.,CYS,SG,18,354,6.16454,0,3.85286,-9.70293,5,0
A,4,.,.,.,VAL,CG2,A,52,.,.,.,LEU,CD1,18,390,5.33791,0,4.99362,-10.3524,5,0
A,4,.,.,.,VAL,CG2,A,69,.,.,.,LEU,CD1,18,521,3.52073,0,4.7377,-6.82814,5,0
A,4,.,.,.,VAL,CG2,A,69,.,.,.,LEU,CD2,18,522,1.82391,0,5.24637,-3.44371,5,0
A,4,.,.,.,VAL,CG2,A,89,.,.,.,PHE,CB,18,673,2.46245,0,4.30945,-1.48512,5,0
A,4,.,.,.,VAL,CG2,A,89,.,.,.,PHE,CD1,18,675,3.57529,0,3.87202,-5.37001,5,0
A,4,.,.,.,VAL,CG2,A,94,.,.,.,LEU,CB,18,708,0.790347,0,5.12548,-0.563047,5,0
A,4,.,.,.,VAL,CG2,A,94,.,.,.,LEU,CG,18,709,0.0496767,0,5.12307,-0.0731881,5,0
A,4,.,.,.,VAL,CG2,A,94,.,.,.,LEU,CD1,18,710,7.08897,0,4.41139,-13.7484,5,0
A,4,.,.,.,VAL,CG2,A,94,.,.,.,LEU,CD2,18,711,2.61631,0,5.09401,-4.93983,5,0
A,5,.,.,.,GLN,N,A,5,.,.,.,GLN,CA,19,20,7.33627,0,1.46226,0,0,1
A,5,.,.,.,GLN,N,A,5,.,.,.,GLN,C,19,21,0.000277099,0,2.49176,0,0,0
A,5,.,.,.,GLN,N,A,5,.,.,.,GLN,CB,19,23,0.904442,0,2.48569,0,0,0
A,5,.,.,.,GLN,N,A,5,.,.,.,GLN,CG,19,24,0.483933,0,3.07104,0,0,0
A,5,.,.,.,GLN,N,A,5,.,.,.,GLN,CD,19,25,0.816426,0,3.21643,0,0,0
A,5,.,.,.,GLN,N,A,5,.,.,.,GLN,OE1,19,26,2.64832,0,2.78173,0,0,0
A,5,.,.,.,GLN,N,A,6,.,.,.,GLN,N,19,28,1.35309,0,2.79249,0,1,0
A,5,.,.,.,GLN,CA,A,5,.,.,.,GLN,C,20,21,7.00157,0,1.50982,0,0,1
A,5,.,.,.,GLN,CA,A,5,.,.,.,GLN,O,20,22,1.24189,0,2.40887,0,0,0
A,5,.,.,.,GLN,CA,A,5,.,.,.,GLN,CB,20,23,9.11375,0,1.54519,0,0,1
A,5,.,.,.,GLN,CA,A,5,.,.,.,GLN,CG,20,24,3.67058,0,2.57583,0,0,0
A,5,.,.,.,GLN,CA,A,6,.,.,.,GLN,N,20,28,1.03336,0,2.43784,0,1,0
A,5,.,.,.,GLN,CA,A,8,.,.,.,GLU,CG,20,50,5.79979,0,4.07453,5.56406,3,0
A,5,.,.,.,GLN,CA,A,8,.,.,.,GLU,CD,20,51,0.35735,0,4.67668,0.151645,3,0
A,5,.,.,.,GLN,CA,A,8,.,.,.,GLU,OE1,20,52,0.0692739,0,4.59972,0.0707661,3,0
A,5,.,.,.,GLN,CA,A,47,.,.,.,CYS,CB,20,353,2.31644,0,5.32448,0.869322,5,0
A,5,.,.,.,GLN,C,A,5,.,.,.,GLN,O,21,22,8.78168,0.662184,1.25569,0,0,1
A,5,.,.,.,GLN,C,A,5,.,.,.,GLN,CB,21,23,4.56128,1.31087,2.48877,0,0,0
A,5,.,.,.,GLN,C,A,6,.,.,.,GLN,N,21,28,7.08057,0.0134921,1.33947,0,1,1
A,5,.,.,.,GLN,C,A,6,.,.,.,GLN,CA,21,29,2.46799,1.16402,2.42502,0,1,0
A,5,.,.,.,GLN,C,A,6,.,.,.,GLN,C,21,30,0.0423822,0,3.09662,0,1,0
A,5,.,.,.,GLN,C,A,7,.,.,.,LEU,N,21,37,1.72143,0,3.03945,4.00901,2,0
A,5,.,.,.,GLN,C,A,8,.,.,.,GLU,N,21,45,0.430754,0,3.82,1.0128,3,0
A,5,.,.,.,GLN,C,A,8,.,.,.,GLU,CG,21,50,0.247715,0,4.04745,0.155911,3,0
A,5,.,.,.,GLN,O,A,5,.,.,.,GLN,CB,22,23,3.31718,2.13828,3.14085,0,0,0
A,5,.,.,.,GLN,O,A,6,.,.,.,GLN,CA,22,29,5.67677,3.48603,2.73928,0,1,0
A,5,.,.,.,GLN,O,A,6,.,.,.,GLN,C,22,30,1.83248,0.47314,3.07822,0,1,0
A,5,.,.,.,GLN,O,A,7,.,.,.,LEU,N,22,37,0.338194,0,3.16089,0.378064,2,0
A,5,.,.,.,GLN,O,A,8,.,.,.,GLU,N,22,45,3.64842,0,3.11085,-0.600596,3,0
A,5,.,.,.,GLN,O,A,8,.,.,.,GLU,O,22,48,0.267338,0.820518,4.75856,0.432147,3,0
A,5,.,.,.,GLN,O,A,8,.,.,.,GLU,CB,22,49,6.20187,2.40754,3.30226,6.55885,3,0
A,5,.,.,.,GLN,O,A,8,.,.,.,GLU,CG,22,50,2.71526,0,3.33308,2.05801,3,0
A,5,.,.,.,GLN,O,A,8,.,.,.,GLU,OE1,22,52,2.62726,1.687,3.94919,3.54714,3,0
A,5,.,.,.,GLN,CB,A,5,.,.,.,GLN,CG,23,24,15.3514,4.7097,1.533,0,0,1
A,5,.,.,.,GLN,CB,A,5,.,.,.,GLN,CD,23,25,2.79923,0.974968,2.58385,0,0,0
A,5,.,.,.,GLN,CB,A,5,.,.,.,GLN,OE1,23,26,1.28002,0,2.86431,0,0,0
A,5,.,.,.,GLN,CB,A,6,.,.,.,GLN,N,23,28,1.16844,0.350504,3.30652,0,1,0
A,5,.,.,.,GLN,CB,A,6,.,.,.,GLN,CG,23,33,0.062644,0.378932,5.36754,0,1,0
A,5,.,.,.,GLN,CB,A,8,.,.,.,GLU,CD,23,51,0.242395,0,4.96804,-0.0664311,3,0
A,5,.,.,.,GLN,CB,A,8,.,.,.,GLU,OE1,23,52,4.99901,2.6508,4.54159,3.14554,3,0
A,5,.,.,.,GLN,CG,A,5,.,.,.,GLN,CD,24,25,12.0362,1.93536,1.54306,0,0,1
A,5,.,.,.,GLN,CG,A,5,.,.,.,GLN,NE2,24,27,7.77129,6.09165,2.44094,0,0,0
A,5,.,.,.,GLN,CG,A,8,.,.,.,GLU,CD,24,51,1.12157,0,5.16188,-0.648421,3,0
A,5,.,.,.,GLN,CG,A,8,.,.,.,GLU,OE1,24,52,2.23937,1.94274,4.82067,0.226181,3,0
A,5,.,.,.,GLN,CG,A,47,.,.,.,CYS,C,24,351,0.0336442,0.27329,5.62503,-0.0119497,5,0
A,5,.,.,.,GLN,CG,A,47,.,.,.,CYS,O,24,352,6.99715,3.7902,4.84692,-1.36747,5,0
A,5,.,.,.,GLN,CG,A,47,.,.,.,CYS,CB,24,353,2.47499,0.465103,5.43992,-0.685264,5,0
A,5,.,.,.,GLN,CD,A,5,.,.,.,GLN,OE1,25,26,12.2814,2.06006,1.24511,0,0,1
A,5,.,.,.,GLN,CD,A,5,.,.,.,GLN,NE2,25,27,16.429,4.09109,1.33662,0,0,1
A,5,.,.,.,GLN,CD,A,47,.,.,.,CYS,CB,25,353,8.92709e-05,0.00386707,5.95867,-9.15875e-05,5,0
A,5,.,.,.,GLN,CD,A,47,.,.,.,CYS,SG,25,354,0.000316129,0.0195261,6.05204,-0.000266277,5,0
A,5,.,.,.,GLN,OE1,A,5,.,.,.,GLN,NE2,26,27,2.81186,1.74601,2.26295,0,0,0
A,5,.,.,.,GLN,NE2,A,47,.,.,.,CYS,O,27,352,0.0169655,0.115368,5.70021,0.0109658,5,0
A,5,.,.,.,GLN,NE2,A,47,.,.,.,CYS,SG,27,354,0.0492175,0.689008,6.08386,0.0102876,5,0
A,5,.,.,.,GLN,NE2,A,49,.,.,.,GLY,N,27,363,4.35796,4.08219,5.21388,2.94333,5,0
A,5,.,.,.,GLN,NE2,A,49,.,.,.,GLY,CA,27,364,4.79357,3.74001,5.32164,-0.786931,5,0
A,5,.,.,.,GLN,NE2,A,49,.,.,.,GLY,O,27,366,2.81627,1.60913,5.11799,-1.27551,5,0
A,6,.,.,.,GLN,N,A,6,.,.,.,GLN,CA,28,29,7.4373,0.255118,1.45396,0,0,1
A,6,.,.,.,GLN,N,A,6,.,.,.,GLN,CB,28,32,1.45767,0,2.43613,0,0,0
A,6,.,.,.,GLN,N,A,6,.,.,.,GLN,CG,28,33,1.9226,0.150897,3.02089,0,0,0
A,6,.,.,.,GLN,N,A,7,.,.,.,LEU,N,28,37,2.16258,0,2.67782,0,1,0
A,6,.,.,.,GLN,CA,A,6,.,.,.,GLN,C,29,30,8.2565,0.493984,1.5506,0,0,1
A,6,.,.,.,GLN,CA,A,6,.,.,.,GLN,O,29,31,3.73103,2.96,2.43688,0,0,0
A,6,.,.,.,GLN,CA,A,6,.,.,.,GLN,CB,29,32,10.6296,1.77996,1.53138,0,0,1
A,6,.,.,.,GLN,CA,A,6,.,.,.,GLN,CG,29,33,5.3566,3.56866,2.55362,0,0,0
A,6,.,.,.,GLN,CA,A,7,.,.,.,LEU,N,29,37,0.897592,0,2.44768,0,1,0
A,6,.,.,.,GLN,C,A,6,.,.,.,GLN,O,30,31,10.1548,0.679501,1.22775,0,0,1
A,6,.,.,.,GLN,C,A,6,.,.,.,GLN,CB,30,32,3.63269,0,2.48982,0,0,0
A,6,.,.,.,GLN,C,A,7,.,.,.,LEU,N,30,37,7.13961,0,1.33617,0,1,1
A,6,.,.,.,GLN,C,A,7,.,.,.,LEU,CA,30,38,1.64846,0,2.43038,0,1,0
A,6,.,.,.,GLN,C,A,7,.,.,.,LEU,C,30,39,0.0293197,0,3.26812,0,1,0
A,6,.,.,.,GLN,C,A,7,.,.,.,LEU,CD2,30,44,1.04136,0,4.36501,0,1,0
A,6,.,.,.,GLN,C,A,8,.,.,.,GLU,N,30,45,2.42408,0,3.27155,5.69953,2,0
A,6,.,.,.,GLN,C,A,8,.,.,.,GLU,O,30,48,0.18442,0.347002,4.80286,0.36684,2,0
A,6,.,.,.,GLN,C,A,111,.,.,.,LEU,CD2,30,855,0.320224,0,4.57332,-0.0852723,5,0
A,6,.,.,.,GLN,O,A,6,.,.,.,GLN,CB,31,32,2.16146,0.528004,3.04468,0,0,0
A,6,.,.,.,GLN,O,A,7,.,.,.,LEU,CA,31,38,4.14733,0,2.73193,0,1,0
A,6,.,.,.,GLN,O,A,7,.,.,.,LEU,C,31,39,0.840028,0,3.41381,0,1,0
A,6,.,.,.,GLN,O,A,7,.,.,.,LEU,CD2,31,44,0.308019,0,4.51782,0,1,0
A,6,.,.,.,GLN,O,A,8,.,.,.,GLU,N,31,45,0.574384,0,3.6125,0.860485,2,0
A,6,.,.,.,GLN,O,A,8,.,.,.,GLU,O,31,48,2.25626,0.787905,4.451,3.6472,2,0
A,6,.,.,.,GLN,O,A,11,.,.,.,TRP,CZ2,31,80,4.75034,0,4.16243,-1.62,5,0
A,6,.,.,.,GLN,O,A,11,.,.,.,TRP,CH2,31,82,0.906421,0.771678,4.67517,-0.287957,5,0
A,6,.,.,.,GLN,O,A,111,.,.,.,LEU,CD1,31,854,2.86941,0,4.34004,0.304671,5,0
A,6,.,.,.,GLN,O,A,111,.,.,.,LEU,CD2,31,855,7.66139,2.71465,3.84302,1.05738,5,0
A,6,.,.,.,GLN,O,A,133,.,.,.,LYS,NZ,31,1029,3.47182,3.34583,5.10503,-0.407831,5,0
A,6,.,.,.,GLN,CB,A,6,.,.,.,GLN,CG,32,33,11.3207,2.55969,1.5109,0,0,1
A,6,.,.,.,GLN,CB,A,6,.,.,.,GLN,CD,32,34,2.8681,0.249583,2.50227,0,0,0
A,6,.,.,.,GLN,CB,A,6,.,.,.,GLN,OE1,32,35,5.99417,1.04007,2.75256,0,0,0
A,6,.,.,.,GLN,CB,A,7,.,.,.,LEU,N,32,37,0.830454,0,3.37342,0,1,0
A,6,.,.,.,GLN,CB,A,7,.,.,.,LEU,CG,32,42,0.433963,0,5.373,0,1,0
A,6,.,.,.,GLN,CB,A,7,.,.,.,LEU,CD2,32,44,1.90709,0.929198,5.43988,0,1,0
A,6,.,.,.,GLN,CB,A,111,.,.,.,LEU,CB,32,852,0.48403,0.48862,5.62881,0.154133,5,0
A,6,.,.,.,GLN,CB,A,111,.,.,.,LEU,CD2,32,855,9.66033,2.27127,4.20522,-8.02326,5,0
A,6,.,.,.,GLN,CG,A,6,.,.,.,GLN,CD,33,34,10.9208,2.08365,1.49942,0,0,1
A,6,.,.,.,GLN,CG,A,6,.,.,.,GLN,NE2,33,36,5.7944,3.9094,2.40107,0,0,0
A,6,.,.,.,GLN,CD,A,6,.,.,.,GLN,OE1,34,35,12.5192,2.11649,1.24799,0,0,1
A,6,.,.,.,GLN,CD,A,6,.,.,.,GLN,NE2,34,36,15.0966,4.15429,1.33724,0,0,1
A,6,.,.,.,GLN,CD,A,111,.,.,.,LEU,CD2,34,855,1.30531,1.81339,5.03527,-1.33763,5,0
A,6,.,.,.,GLN,OE1,A,6,.,.,.,GLN,NE2,35,36,1.63729,1.71609,2.27402,0,0,0
A,6,.,.,.,GLN,OE1,A,111,.,.,.,LEU,CB,35,852,2.09188,3.30926,5.36878,-0.168333,5,0
A,6,.,.,.,GLN,OE1,A,111,.,.,.,LEU,CD2,35,855,7.14656,3.3981,4.38701,-2.46929,5,0
A,7,.,.,.,LEU,N,A,7,.,.,.,LEU,CA,37,38,6.37614,0,1.47031,0,0,1
A,7,.,.,.,LEU,N,A,7,.,.,.,LEU,CB,37,41,1.174,0,2.43587,0,0,0
A,7,.,.,.,LEU,N,A,7,.,.,.,LEU,CG,37,42,3.50123,0,3.10933,0,0,0
A,7,.,.,.,LEU,N,A,7,.,.,.,LEU,CD2,37,44,0.494334,0,3.65718,0,0,0
A,7,.,.,.,LEU,N,A,8,.,.,.,GLU,N,37,45,2.40405,0,2.70451,0,1,0
A,7,.,.,.,LEU,CA,A,7,.,.,.,LEU,C,38,39,7.81584,0,1.54972,0,0,1
A,7,.,.,.,LEU,CA,A,7,.,.,.,LEU,O,38,40,1.56759,0,2.45464,0,0,0
A,7,.,.,.,LEU,CA,A,7,.,.,.,LEU,CB,38,41,8.40932,0,1.51901,0,0,1
A,7,.,.,.,LEU,CA,A,7,.,.,.,LEU,CG,38,42,0.595233,0,2.66088,0,0,0
A,7,.,.,.,LEU,CA,A,7,.,.,.,LEU,CD2,38,44,4.96274,0,3.07704,0,0,0
A,7,.,.,.,LEU,CA,A,8,.,.,.,GLU,N,38,45,1.05472,0,2.43899,0,1,0
A,7,.,.,.,LEU,CA,A,11,.,.,.,TRP,CZ2,38,80,3.86546,0,4.3386,-1.44845,4,0
A,7,.,.,.,LEU,CA,A,111,.,.,.,LEU,CD1,38,854,0.628585,0,5.36273,-0.461197,5,0
A,7,.,.,.,LEU,CA,A,116,.,.,.,LEU,CD1,38,892,0.761115,0,5.11581,-0.229179,5,0
A,7,.,.,.,LEU,C,A,7,.,.,.,LEU,O,39,40,7.7384,0,1.25123,0,0,1
A,7,.,.,.,LEU,C,A,7,.,.,.,LEU,CB,39,41,2.99116,0,2.49583,0,0,0
A,7,.,.,.,LEU,C,A,8,.,.,.,GLU,N,39,45,7.755,0,1.32559,0,1,1
A,7,.,.,.,LEU,C,A,8,.,.,.,GLU,CA,39,46,1.55264,0,2.39124,0,1,0
A,7,.,.,.,LEU,C,A,8,.,.,.,GLU,C,39,47,0.38788,0,3.04455,0,1,0
A,7,.,.,.,LEU,C,A,8,.,.,.,GLU,O,39,48,1.39141,0,3.28828,0,1,0
A,7,.,.,.,LEU,C,A,11,.,.,.,TRP,CZ2,39,80,1.69272,0,4.09277,-0.886377,4,0
A,7,.,.,.,LEU,C,A,45,.,.,.,ILE,CB,39,338,0.0242775,0,4.31352,-0.00767223,5,0
A,7,.,.,.,LEU,C,A,45,.,.,.,ILE,CG2,39,340,1.63625,0,4.24989,0.665462,5,0
A,7,.,.,.,LEU,O,A,7,.,.,.,LEU,CB,40,41,1.74173,0,3.05172,0,0,0
A,7,.,.,.,LEU,O,A,8,.,.,.,GLU,CA,40,46,1.74195,0,2.72533,0,1,0
A,7,.,.,.,LEU,O,A,8,.,.,.,GLU,C,40,47,2.08534,0,2.94804,0,1,0
A,7,.,.,.,LEU,O,A,8,.,.,.,GLU,O,40,48,0.224555,0,3.30605,0,1,0
A,7,.,.,.,LEU,O,A,9,.,.,.,GLY,N,40,54,0.574493,0,3.59026,0.301198,2,0
A,7,.,.,.,LEU,O,A,11,.,.,.,TRP,NE1,40,77,7.26862,0,2.78568,-8.49483,4,0
A,7,.,.,.,LEU,O,A,11,.,.,.,TRP,CE2,40,78,0.00291608,0,3.53414,0.000876784,4,0
A,7,.,.,.,LEU,O,A,11,.,.,.,TRP,CZ2,40,80,1.83473,0,3.65147,-1.2406,4,0
A,7,.,.,.,LEU,O,A,45,.,.,.,ILE,CB,40,338,4.30909,0,3.58564,-1.6794,5,0
A,7,.,.,.,LEU,O,A,45,.,.,.,ILE,CG2,40,340,0.216691,0,3.94693,0.04216,5,0
A,7,.,.,.,LEU,O,A,45,.,.,.,ILE,CD1,40,341,3.53207,0,3.74465,-1.6499,5,0
A,7,.,.,.,LEU,O,A,116,.,.,.,LEU,CD1,40,892,0.654788,0,5.0247,-0.390158,5,0
A,7,.,.,.,LEU,CB,A,7,.,.,.,LEU,CG,41,42,7.92542,0,1.52788,0,0,1
A,7,.,.,.,LEU,CB,A,7,.,.,.,LEU,CD1,41,43,6.01179,0,2.48004,0,0,0
A,7,.,.,.,LEU,CB,A,7,.,.,.,LEU,CD2,41,44,2.38564,0,2.43784,0,0,0
A,7,.,.,.,LEU,CB,A,8,.,.,.,GLU,N,41,45,0.350776,0,3.4303,0,1,0
A,7,.,.,.,LEU,CB,A,45,.,.,.,ILE,CG2,41,340,5.68896,0,4.41237,-8.16804,5,0
A,7,.,.,.,LEU,CB,A,45,.,.,.,ILE,CD1,41,341,4.32722,0,4.37752,-7.23335,5,0
A,7,.,.,.,LEU,CB,A,116,.,.,.,LEU,CD1,41,892,1.81552,0,4.71332,-1.8446,5,0
A,7,.,.,.,LEU,CG,A,7,.,.,.,LEU,CD1,42,43,11.0068,0,1.53952,0,0,1
A,7,.,.,.,LEU,CG,A,7,.,.,.,LEU,CD2,42,44,13.1595,0.403971,1.47535,0,0,1
A,7,.,.,.,LEU,CG,A,89,.,.,.,PHE,CE1,42,677,4.24879,0.135495,4.5201,-5.38831,5,0
A,7,.,.,.,LEU,CG,A,89,.,.,.,PHE,CZ,42,679,0.000936846,0.0861967,5.45749,-0.00157666,5,0
A,7,.,.,.,LEU,CG,A,116,.,.,.,LEU,CD1,42,892,1.22042e-05,0,4.74149,-2.01808e-05,5,0
A,7,.,.,.,LEU,CD1,A,7,.,.,.,LEU,CD2,43,44,5.14822,0,2.47407,0,0,0
A,7,.,.,.,LEU,CD1,A,45,.,.,.,ILE,CG2,43,340,1.66586,0,5.31637,-0.925357,5,0
A,7,.,.,.,LEU,CD1,A,45,.,.,.,ILE,CD1,43,341,3.4709,0,4.92977,-7.37462,5,0
A,7,.,.,.,LEU,CD1,A,89,.,.,.,PHE,CD1,43,675,1.37539,0,4.52719,-1.93591,5,0
A,7,.,.,.,LEU,CD1,A,89,.,.,.,PHE,CE1,43,677,4.80518,0,4.18789,-8.5586,5,0
A,7,.,.,.,LEU,CD1,A,94,.,.,.,LEU,N,43,704,1.46243,0,4.30273,-0.0784857,5,0
A,7,.,.,.,LEU,CD1,A,94,.,.,.,LEU,CB,43,708,8.0349,0,3.61562,-14.1892,5,0
A,7,.,.,.,LEU,CD1,A,94,.,.,.,LEU,CD2,43,711,5.62877,0,4.37942,-12.113,5,0
A,7,.,.,.,LEU,CD1,A,109,.,.,.,ARG,C,43,830,0.604177,0,4.41607,-0.296325,5,0
A,7,.,.,.,LEU,CD1,A,109,.,.,.,ARG,O,43,831,4.51186,0,3.77085,-0.18982,5,0
A,7,.,.,.,LEU,CD1,A,109,.,.,.,ARG,CB,43,832,4.6757,0,4.54891,-4.00651,5,0
A,7,.,.,.,LEU,CD1,A,116,.,.,.,LEU,CD1,43,892,1.08407,0,4.91754,-0.974497,5,0
A,7,.,.,.,LEU,CD2,A,11,.,.,.,TRP,CZ2,44,80,0.0972229,0,5.60476,-0.110234,4,0
A,7,.,.,.,LEU,CD2,A,89,.,.,.,PHE,CE1,44,677,1.71875,1.26979,5.14225,-2.49535,5,0
A,7,.,.,.,LEU,CD2,A,92,.,.,.,GLY,O,44,698,0.89337,0.914003,5.90912,-0.0384247,5,0
A,7,.,.,.,LEU,CD2,A,93,.,.,.,ALA,CA,44,700,0.0343153,0,6.28141,-0.017008,5,0
A,7,.,.,.,LEU,CD2,A,109,.,.,.,ARG,C,44,830,0.968634,0,4.57099,-0.05022,5,0
A,7,.,.,.,LEU,CD2,A,109,.,.,.,ARG,O,44,831,0.964509,0,4.29401,0.018171,5,0
A,7,.,.,.,LEU,CD2,A,109,.,.,.,ARG,CB,44,832,0.00578008,0,5.3617,-0.00045768,5,0
A,7,.,.,.,LEU,CD2,A,110,.,.,.,LYS,N,44,839,0.331707,0,4.48984,0.225101,5,0
A,7,.,.,.,LEU,CD2,A,110,.,.,.,LYS,CA,44,840,5.20925,0,4.19355,-0.936982,5,0
A,7,.,.,.,LEU,CD2,A,110,.,.,.,LYS,C,44,841,1.54851,0,4.12349,0.290756,5,0
A,7,.,.,.,LEU,CD2,A,111,.,.,.,LEU,N,44,848,4.47831,0.849625,3.96033,1.55195,5,0
A,7,.,.,.,LEU,CD2,A,111,.,.,.,LEU,CA,44,849,0.267711,0,4.63406,-0.0582255,5,0
A,7,.,.,.,LEU,CD2,A,111,.,.,.,LEU,CB,44,852,6.68935,1.84171,4.33859,-11.0479,5,0
A,7,.,.,.,LEU,CD2,A,111,.,.,.,LEU,CG,44,853,0.0172617,0,5.05114,-0.0279256,5,0
A,7,.,.,.,LEU,CD2,A,111,.,.,.,LEU,CD1,44,854,3.93542,0,4.73448,-8.46894,5,0
A,7,.,.,.,LEU,CD2,A,111,.,.,.,LEU,CD2,44,855,0.645171,0,5.35131,-0.498992,5,0
A,7,.,.,.,LEU,CD2,A,116,.,.,.,LEU,CD1,44,892,9.25017,0,3.85435,-19.9062,5,0
A,8,.,.,.,GLU,N,A,8,.,.,.,GLU,CA,45,46,7.72471,0,1.42879,0,0,1
A,8,.,.,.,GLU,N,A,8,.,.,.,GLU,C,45,47,0.187628,0,2.45807,0,0,0
A,8,.,.,.,GLU,N,A,8,.,.,.,GLU,O,45,48,2.96865,0,2.81998,0,0,0
A,8,.,.,.,GLU,N,A,8,.,.,.,GLU,CB,45,49,1.8375,0,2.44975,0,0,0
A,8,.,.,.,GLU,N,A,8,.,.,.,GLU,CG,45,50,2.27551,0,3.14755,0,0,0
A,8,.,.,.,GLU,N,A,45,.,.,.,ILE,CG2,45,340,0.588662,0,4.52466,0.509664,5,0
A,8,.,.,.,GLU,CA,A,8,.,.,.,GLU,C,46,47,6.20221,0,1.51575,0,0,1
A,8,.,.,.,GLU,CA,A,8,.,.,.,GLU,O,46,48,0.728292,0,2.41921,0,0,0
A,8,.,.,.,GLU,CA,A,8,.,.,.,GLU,CB,46,49,7.93435,0,1.52587,0,0,1
A,8,.,.,.,GLU,CA,A,8,.,.,.,GLU,CG,46,50,2.93785,0,2.56426,0,0,0
A,8,.,.,.,GLU,CA,A,9,.,.,.,GLY,N,46,54,2.2677,0,2.39901,0,1,0
A,8,.,.,.,GLU,CA,A,45,.,.,.,ILE,C,46,336,2.78442e-05,0,4.16794,4.07383e-05,5,0
A,8,.,.,.,GLU,CA,A,45,.,.,.,ILE,O,46,337,3.14562,0,3.22548,-1.21379,5,0
A,8,.,.,.,GLU,CA,A,45,.,.,.,ILE,CB,46,338,1.6045,0,4.34479,1.10393,5,0
A,8,.,.,.,GLU,CA,A,45,.,.,.,ILE,CG2,46,340,2.31894,0,4.37016,0.544447,5,0
A,8,.,.,.,GLU,C,A,8,.,.,.,GLU,O,47,48,9.45425,0.679747,1.26206,0,0,1
A,8,.,.,.,GLU,C,A,8,.,.,.,GLU,CB,47,49,4.52519,0.954587,2.45947,0,0,0
A,8,.,.,.,GLU,C,A,9,.,.,.,GLY,N,47,54,7.53854,0,1.33469,0,1,1
A,8,.,.,.,GLU,C,A,9,.,.,.,GLY,CA,47,55,3.27596,0.800961,2.44429,0,1,0
A,8,.,.,.,GLU,C,A,11,.,.,.,TRP,NE1,47,77,1.20983,0,3.97766,0.977154,3,0
A,8,.,.,.,GLU,O,A,8,.,.,.,GLU,CB,48,49,3.19016,2.95636,3.20349,0,0,0
A,8,.,.,.,GLU,O,A,9,.,.,.,GLY,CA,48,55,3.80114,0.948868,2.85385,0,1,0
A,8,.,.,.,GLU,O,A,11,.,.,.,TRP,NE1,48,77,1.25137,0,3.9053,-0.632053,3,0
A,8,.,.,.,GLU,O,A,11,.,.,.,TRP,CE2,48,78,0.0572863,0,4.28041,0.051821,3,0
A,8,.,.,.,GLU,O,A,11,.,.,.,TRP,CZ2,48,80,2.7833,0,4.13226,-0.901207,3,0
A,8,.,.,.,GLU,O,A,133,.,.,.,LYS,CE,48,1028,5.47953,1.17182,3.41246,-0.530875,5,0
A,8,.,.,.,GLU,O,A,133,.,.,.,LYS,NZ,48,1029,7.55716,3.33116,3.32718,-2.7071,5,0
A,8,.,.,.,GLU,CB,A,8,.,.,.,GLU,CG,49,50,9.11036,0,1.48177,0,0,1
A,8,.,.,.,GLU,CB,A,8,.,.,.,GLU,CD,49,51,5.34153,2.06017,2.46483,0,0,0
A,8,.,.,.,GLU,CB,A,8,.,.,.,GLU,OE1,49,52,6.07178,4.00364,2.93474,0,0,0
A,8,.,.,.,GLU,CB,A,8,.,.,.,GLU,OE2,49,53,0.281245,0,3.37427,0,0,0
A,8,.,.,.,GLU,CB,A,9,.,.,.,GLY,N,49,54,3.79936,1.09363,3.14554,0,1,0
A,8,.,.,.,GLU,CB,A,9,.,.,.,GLY,CA,49,55,0.657003,2.00365,4.36596,0,1,0
A,8,.,.,.,GLU,CB,A,45,.,.,.,ILE,O,49,337,2.5117,0,3.59829,0.210696,5,0
A,8,.,.,.,GLU,CB,A,46,.,.,.,THR,CA,49,343,0.00158808,0,4.84807,0.00167874,5,0
A,8,.,.,.,GLU,CB,A,46,.,.,.,THR,CG2,49,348,0.622019,0.821701,5.70591,0.144859,5,0
A,8,.,.,.,GLU,CG,A,8,.,.,.,GLU,CD,50,51,10.0723,0,1.53936,0,0,1
A,8,.,.,.,GLU,CG,A,8,.,.,.,GLU,OE1,50,52,1.52997,0,2.40612,0,0,0
A,8,.,.,.,GLU,CG,A,8,.,.,.,GLU,OE2,50,53,1.08729,0,2.4546,0,0,0
A,8,.,.,.,GLU,CG,A,45,.,.,.,ILE,C,50,336,0.173349,0,4.57354,0.00378174,5,0
A,8,.,.,.,GLU,CG,A,45,.,.,.,ILE,O,50,337,1.21776,0,3.84764,0.886947,5,0
A,8,.,.,.,GLU,CG,A,45,.,.,.,ILE,CG2,50,340,3.03188,0,4.94741,-1.02282,5,0
A,8,.,.,.,GLU,CG,A,46,.,.,.,THR,CA,50,343,2.78423,0,4.2129,2.25075,5,0
A,8,.,.,.,GLU,CG,A,46,.,.,.,THR,C,50,344,0.194174,0,4.43395,0.0869383,5,0
A,8,.,.,.,GLU,CG,A,47,.,.,.,CYS,N,50,349,2.22527,0,3.9051,2.52653,5,0
A,8,.,.,.,GLU,CG,A,47,.,.,.,CYS,CB,50,353,5.175,0,4.56759,-0.247737,5,0
A,8,.,.,.,GLU,CD,A,8,.,.,.,GLU,OE1,51,52,14.4124,2.08319,1.29346,0,0,1
A,8,.,.,.,GLU,CD,A,8,.,.,.,GLU,OE2,51,53,14.2085,2.74067,1.28203,0,0,1
A,8,.,.,.,GLU,CD,A,46,.,.,.,THR,CG2,51,348,0.000178245,0.0119986,5.26767,-0.000162039,5,0
A,8,.,.,.,GLU,CD,A,47,.,.,.,CYS,N,51,349,0.530112,0,3.64228,0.0998981,5,0
A,8,.,.,.,GLU,CD,A,47,.,.,.,CYS,CA,51,350,0.00871043,0,4.49403,0.00226739,5,0
A,8,.,.,.,GLU,CD,A,47,.,.,.,CYS,O,51,352,4.3311,0,3.75827,3.01382,5,0
A,8,.,.,.,GLU,CD,A,47,.,.,.,CYS,CB,51,353,0.475598,0,4.70965,-0.244043,5,0
A,8,.,.,.,GLU,OE1,A,8,.,.,.,GLU,OE2,52,53,2.08836,3.34545,2.26269,0,0,0
A,8,.,.,.,GLU,OE1,A,47,.,.,.,CYS,O,52,352,1.43731,2.22778,4.25574,1.53847,5,0
A,8,.,.,.,GLU,OE2,A,45,.,.,.,ILE,O,53,337,0.0113902,0,4.35378,0.0143138,5,0
A,8,.,.,.,GLU,OE2,A,46,.,.,.,THR,CA,53,343,2.86486,0,3.42023,2.53781,5,0
A,8,.,.,.,GLU,OE2,A,46,.,.,.,THR,CB,53,346,4.64966,2.38902,3.87309,-2.97732,5,0
A,8,.,.,.,GLU,OE2,A,46,.,.,.,THR,CG2,53,348,3.6495,3.08001,4.34145,-0.430268,5,0
A,8,.,.,.,GLU,OE2,A,47,.,.,.,CYS,N,53,349,5.31164,0.370306,2.83238,2.62492,5,0
A,8,.,.,.,GLU,OE2,A,47,.,.,.,CYS,O,53,352,5.85311,3.27819,3.24158,8.08074,5,0
A,9,.,.,.,GLY,N,A,9,.,.,.,GLY,CA,54,55,12.6994,1.15397,1.44211,0,0,1
A,9,.,.,.,GLY,N,A,9,.,.,.,GLY,C,54,56,0.144065,0,2.44997,0,0,0
A,9,.,.,.,GLY,N,A,9,.,.,.,GLY,O,54,57,3.08294,0,2.68675,0,0,0
A,9,.,.,.,GLY,N,A,11,.,.,.,TRP,NE1,54,77,0.835258,0,4.08068,0.144434,2,0
A,9,.,.,.,GLY,N,A,45,.,.,.,ILE,N,54,334,0.145657,0,4.19879,0.325323,5,0
A,9,.,.,.,GLY,N,A,45,.,.,.,ILE,O,54,337,6.80697,0,2.84933,-8.23344,5,0
A,9,.,.,.,GLY,N,A,45,.,.,.,ILE,CB,54,338,1.07657,0,4.51341,0.125059,5,0
A,9,.,.,.,GLY,N,A,46,.,.,.,THR,CG2,54,348,0.446044,0.565947,5.37955,0.0306606,5,0
A,9,.,.,.,GLY,CA,A,9,.,.,.,GLY,C,55,56,11.1752,0,1.48641,0,0,1
A,9,.,.,.,GLY,CA,A,9,.,.,.,GLY,O,55,57,0.440331,0,2.33094,0,0,0
A,9,.,.,.,GLY,CA,A,10,.,.,.,ARG,N,55,58,8.25066,4.30786,2.39971,0,1,0
A,9,.,.,.,GLY,CA,A,11,.,.,.,TRP,NE1,55,77,0.936561,0,4.30698,-0.629211,2,0
A,9,.,.,.,GLY,CA,A,44,.,.,.,ILE,CG2,55,332,2.78032,1.88973,4.98667,1.70331,5,0
A,9,.,.,.,GLY,CA,A,45,.,.,.,ILE,O,55,337,0.938411,0,3.87773,0.184767,5,0
A,9,.,.,.,GLY,CA,A,46,.,.,.,THR,CG2,55,348,1.80173,2.11423,5.83464,0.436187,5,0
A,9,.,.,.,GLY,CA,A,133,.,.,.,LYS,CD,55,1027,0.000825827,0,4.77282,0.000157019,5,0
A,9,.,.,.,GLY,CA,A,133,.,.,.,LYS,CE,55,1028,8.78883,3.43284,4.02983,1.46967,5,0
A,9,.,.,.,GLY,C,A,9,.,.,.,GLY,O,56,57,7.82711,0,1.19962,0,0,1
A,9,.,.,.,GLY,C,A,10,.,.,.,ARG,N,56,58,8.3583,0,1.33336,0,1,1
A,9,.,.,.,GLY,C,A,10,.,.,.,ARG,CA,56,59,1.60494,0,2.41927,0,1,0
A,9,.,.,.,GLY,C,A,10,.,.,.,ARG,C,56,60,0.482915,0,3.25943,0,1,0
A,9,.,.,.,GLY,C,A,11,.,.,.,TRP,CD1,56,75,1.9206,0,3.72134,-1.52026,2,0
A,9,.,.,.,GLY,C,A,11,.,.,.,TRP,NE1,56,77,1.00666,0,3.90615,-0.973278,2,0
A,9,.,.,.,GLY,C,A,44,.,.,.,ILE,CG2,56,332,2.87858,0,4.21875,-0.638469,5,0
A,9,.,.,.,GLY,C,A,133,.,.,.,LYS,CD,56,1027,0.490284,0,4.8089,-0.138288,5,0
A,9,.,.,.,GLY,C,A,133,.,.,.,LYS,CE,56,1028,0.0751636,0,4.51673,-0.00559758,5,0
A,9,.,.,.,GLY,O,A,10,.,.,.,ARG,CA,57,59,2.49624,0,2.7667,0,1,0
A,9,.,.,.,GLY,O,A,11,.,.,.,TRP,CD1,57,75,4.77263,0,3.21459,-2.01694,2,0
A,9,.,.,.,GLY,O,A,11,.,.,.,TRP,NE1,57,77,0.701755,0,3.56759,-0.245651,2,0
A,9,.,.,.,GLY,O,A,43,.,.,.,CYS,O,57,323,1.50905,0,3.47287,0.626625,5,0
A,9,.,.,.,GLY,O,A,44,.,.,.,ILE,CA,57,327,3.01177,0,3.36827,-1.60975,5,0
A,9,.,.,.,GLY,O,A,44,.,.,.,ILE,CG2,57,332,1.61963,0,3.82779,-0.260746,5,0
A,9,.,.,.,GLY,O,A,45,.,.,.,ILE,N,57,334,5.58411,0,3.00902,-6.27587,5,0
A,9,.,.,.,GLY,O,A,45,.,.,.,ILE,O,57,337,0.221813,0,3.79357,0.158825,5,0
A,9,.,.,.,GLY,O,A,45,.,.,.,ILE,CB,57,338,0.77023,0,4.37815,-0.406153,5,0
A,10,.,.,.,ARG,N,A,10,.,.,.,ARG,CA,58,59,7.4301,0,1.42624,0,0,1
A,10,.,.,.,ARG,N,A,10,.,.,.,ARG,C,58,60,1.2582,0,2.43178,0,0,0
A,10,.,.,.,ARG,N,A,10,.,.,.,ARG,O,58,61,2.1816,0,2.85412,0,0,0
A,10,.,.,.,ARG,N,A,10,.,.,.,ARG,CB,58,62,7.37954,3.62832,2.47726,0,0,0
A,10,.,.,.,ARG,N,A,44,.,.,.,ILE,CG2,58,332,1.64513,0.914137,4.45839,1.13546,5,0
A,10,.,.,.,ARG,N,A,133,.,.,.,LYS,CD,58,1027,1.06912,0,4.52795,2.6011,5,0
A,10,.,.,.,ARG,N,A,133,.,.,.,LYS,CE,58,1028,2.26403,0.591973,4.45412,5.82708,5,0
A,10,.,.,.,ARG,N,A,134,.,.,.,VAL,O,58,1033,2.33031,1.50381,4.56156,2.00556,5,0
A,10,.,.,.,ARG,CA,A,10,.,.,.,ARG,C,59,60,6.30357,0,1.54847,0,0,1
A,10,.,.,.,ARG,CA,A,10,.,.,.,ARG,O,59,61,0.697616,0,2.42319,0,0,0
A,10,.,.,.,ARG,CA,A,10,.,.,.,ARG,CB,59,62,8.83104,0,1.54826,0,0,1
A,10,.,.,.,ARG,CA,A,10,.,.,.,ARG,CG,59,63,2.1457,0,2.55011,0,0,0
A,10,.,.,.,ARG,CA,A,11,.,.,.,TRP,N,59,69,2.39842,0,2.41682,0,1,0
A,10,.,.,.,ARG,CA,A,11,.,.,.,TRP,CD1,59,75,0.193172,0,4.19671,0,1,0
A,10,.,.,.,ARG,CA,A,43,.,.,.,CYS,O,59,323,2.38756,0,3.60019,-0.916381,5,0
A,10,.,.,.,ARG,CA,A,44,.,.,.,ILE,CA,59,327,1.32144,0,4.35204,0.690401,5,0
A,10,.,.,.,ARG,CA,A,44,.,.,.,ILE,CB,59,330,0.205918,0,4.60219,0.0856457,5,0
A,10,.,.,.,ARG,CA,A,44,.,.,.,ILE,CG1,59,331,1.55467,0,4.33626,0.100153,5,0
A,10,.,.,.,ARG,CA,A,44,.,.,.,ILE,CG2,59,332,1.49646,0,4.46285,-0.104734,5,0
A,10,.,.,.,ARG,C,A,10,.,.,.,ARG,O,60,61,7.96424,0,1.23252,0,0,1
A,10,.,.,.,ARG,C,A,10,.,.,.,ARG,CB,60,62,1.17751,0,2.52489,0,0,0
A,10,.,.,.,ARG,C,A,10,.,.,.,ARG,CG,60,63,1.43423,0,3.00803,0,0,0
A,10,.,.,.,ARG,C,A,11,.,.,.,TRP,N,60,69,6.48204,0,1.30791,0,1,1
A,10,.,.,.,ARG,C,A,11,.,.,.,TRP,CA,60,70,1.45956,0,2.43676,0,1,0
A,10,.,.,.,ARG,C,A,11,.,.,.,TRP,CG,60,74,0.770308,0,3.47301,0,1,0
A,10,.,.,.,ARG,C,A,11,.,.,.,TRP,CD1,60,75,2.11066,0,3.59017,0,1,0
A,10,.,.,.,ARG,C,A,133,.,.,.,LYS,CD,60,1027,0.149194,0,4.32507,0.0848537,5,0
A,10,.,.,.,ARG,C,A,134,.,.,.,VAL,CG2,60,1036,1.13611,0,3.95323,0.29177,5,0
A,10,.,.,.,ARG,O,A,10,.,.,.,ARG,CB,61,62,1.09512,0,3.10823,0,0,0
A,10,.,.,.,ARG,O,A,11,.,.,.,TRP,CA,61,70,2.96515,0,2.79758,0,1,0
A,10,.,.,.,ARG,O,A,11,.,.,.,TRP,CG,61,74,0.46984,0,3.72824,0,1,0
A,10,.,.,.,ARG,O,A,11,.,.,.,TRP,CD1,61,75,0.00403528,0,4.06341,0,1,0
A,10,.,.,.,ARG,O,A,11,.,.,.,TRP,CD2,61,76,0.225515,0,4.24723,0,1,0
A,10,.,.,.,ARG,O,A,133,.,.,.,LYS,CA,61,1022,1.18728,0,3.8302,0.443737,5,0
A,10,.,.,.,ARG,O,A,133,.,.,.,LYS,CD,61,1027,5.99121,0,3.36482,3.08952,5,0
A,10,.,.,.,ARG,O,A,134,.,.,.,VAL,N,61,1030,4.10666,0,2.98162,-5.72825,5,0
A,10,.,.,.,ARG,O,A,134,.,.,.,VAL,CA,61,1031,0.000409842,0,3.83184,0.000214585,5,0
A,10,.,.,.,ARG,O,A,134,.,.,.,VAL,O,61,1033,3.34464,0,3.28571,1.34648,5,0
A,10,.,.,.,ARG,O,A,134,.,.,.,VAL,CG2,61,1036,2.4816,0,3.52406,0.315017,5,0
A,10,.,.,.,ARG,CB,A,10,.,.,.,ARG,CG,62,63,8.55509,0,1.48141,0,0,1
A,10,.,.,.,ARG,CB,A,10,.,.,.,ARG,CD,62,64,4.47789,0,2.47784,0,0,0
A,10,.,.,.,ARG,CB,A,10,.,.,.,ARG,NE,62,65,5.31578,2.7196,3.07979,0,0,0
A,10,.,.,.,ARG,CB,A,44,.,.,.,ILE,CG1,62,331,2.43541,0,4.21404,-1.09917,5,0
A,10,.,.,.,ARG,CB,A,44,.,.,.,ILE,CG2,62,332,3.48161,2.01371,4.69682,-2.09277,5,0
A,10,.,.,.,ARG,CB,A,134,.,.,.,VAL,O,62,1033,3.935,0.575693,4.29513,0.668784,5,0
A,10,.,.,.,ARG,CB,A,134,.,.,.,VAL,CG2,62,1036,1.63399,0,4.12822,0.119437,5,0
A,10,.,.,.,ARG,CB,A,135,.,.,.,GLU,C,62,1039,1.15907,0,4.98591,1.4377,5,0
A,10,.,.,.,ARG,CB,A,135,.,.,.,GLU,O,62,1040,3.6883,2.98273,4.87697,0.762341,5,0
A,10,.,.,.,ARG,CB,A,135,.,.,.,GLU,OXT,62,1046,0.379241,0,4.63249,-0.0900626,5,0
A,10,.,.,.,ARG,CG,A,10,.,.,.,ARG,CD,63,64,8.64445,0,1.54931,0,0,1
A,10,.,.,.,ARG,CG,A,10,.,.,.,ARG,NE,63,65,1.00346,0,2.51193,0,0,0
A,10,.,.,.,ARG,CG,A,10,.,.,.,ARG,CZ,63,66,0.898517,0,3.31186,0,0,0
A,10,.,.,.,ARG,CG,A,10,.,.,.,ARG,NH1,63,67,1.41351,0,3.44605,0,0,0
A,10,.,.,.,ARG,CG,A,11,.,.,.,TRP,N,63,69,3.78708,0,3.31113,0,1,0
A,10,.,.,.,ARG,CG,A,11,.,.,.,TRP,C,63,71,0.625159,0,4.58792,0,1,0
A,10,.,.,.,ARG,CG,A,11,.,.,.,TRP,O,63,72,0.619584,0,4.39737,0,1,0
A,10,.,.,.,ARG,CG,A,42,.,.,.,ASP,CB,63,316,4.48444,0,4.14319,-1.73695,5,0
A,10,.,.,.,ARG,CG,A,42,.,.,.,ASP,CG,63,317,1.3261,0,4.05625,-1.63558,5,0
A,10,.,.,.,ARG,CG,A,42,.,.,.,ASP,OD2,63,319,1.91932,0,3.4619,-1.01851,5,0
A,10,.,.,.,ARG,CG,A,43,.,.,.,CYS,N,63,320,0.0346872,0,5.30171,0.0358263,5,0
A,10,.,.,.,ARG,CG,A,43,.,.,.,CYS,C,63,322,0.321565,0,5.09979,-0.127488,5,0
A,10,.,.,.,ARG,CG,A,43,.,.,.,CYS,O,63,323,0.394184,0,4.56125,-0.00657143,5,0
A,10,.,.,.,ARG,CG,A,44,.,.,.,ILE,CG1,63,331,4.41686,0,4.08298,-1.88047,5,0
A,10,.,.,.,ARG,CG,A,134,.,.,.,VAL,CG2,63,1036,4.98369,0,3.6616,-3.67286,5,0
A,10,.,.,.,ARG,CD,A,10,.,.,.,ARG,NE,64,65,12.0757,2.59541,1.46791,0,0,1
A,10,.,.,.,ARG,CD,A,10,.,.,.,ARG,CZ,64,66,2.60984,1.22424,2.48216,0,0,0
A,10,.,.,.,ARG,CD,A,10,.,.,.,ARG,NH1,64,67,3.0118,0.502529,2.82448,0,0,0
A,10,.,.,.,ARG,CD,A,42,.,.,.,ASP,OD2,64,319,7.15341,2.56562,3.18367,-5.08684,5,0
A,10,.,.,.,ARG,CD,A,134,.,.,.,VAL,CG2,64,1036,5.73476,1.04934,3.80442,-2.19561,5,0
A,10,.,.,.,ARG,CD,A,135,.,.,.,GLU,C,64,1039,0.0784577,0,4.64732,0.00336002,5,0
A,10,.,.,.,ARG,CD,A,135,.,.,.,GLU,O,64,1040,2.08078,0.153398,4.6257,0.744906,5,0
A,10,.,.,.,ARG,CD,A,135,.,.,.,GLU,OXT,64,1046,8.64529,3.81349,3.82572,-2.59714,5,0
A,10,.,.,.,ARG,NE,A,10,.,.,.,ARG,CZ,65,66,12.3805,2.64863,1.32078,0,0,1
A,10,.,.,.,ARG,NE,A,10,.,.,.,ARG,NH2,65,68,4.78731,4.83806,2.3586,0,0,0
A,10,.,.,.,ARG,NE,A,44,.,.,.,ILE,CG1,65,331,0.678029,0,4.24464,-0.401732,5,0
A,10,.,.,.,ARG,NE,A,44,.,.,.,ILE,CG2,65,332,0.221239,0.521254,5.48898,-0.132377,5,0
A,10,.,.,.,ARG,NE,A,135,.,.,.,GLU,O,65,1040,2.17179,3.35043,4.89183,-0.624561,5,0
A,10,.,.,.,ARG,CZ,A,10,.,.,.,ARG,NH1,66,67,12.0959,3.03427,1.34934,0,0,1
A,10,.,.,.,ARG,CZ,A,10,.,.,.,ARG,NH2,66,68,15.4353,4.07421,1.34581,0,0,1
A,10,.,.,.,ARG,CZ,A,44,.,.,.,ILE,CG1,66,331,3.12478,0,3.88273,-2.19453,5,0
A,10,.,.,.,ARG,CZ,A,44,.,.,.,ILE,CD1,66,333,0.694983,0,3.96473,-0.651979,5,0
A,10,.,.,.,ARG,NH1,A,10,.,.,.,ARG,NH2,67,68,0.772164,0.0299381,2.29723,0,0,0
A,10,.,.,.,ARG,NH1,A,42,.,.,.,ASP,CB,67,316,6.747,0.722879,3.54909,-3.41995,5,0
A,10,.,.,.,ARG,NH1,A,42,.,.,.,ASP,CG,67,317,0.128923,0.299546,3.70925,-0.305186,5,0
A,10,.,.,.,ARG,NH1,A,42,.,.,.,ASP,OD2,67,319,7.07435,3.41432,2.98775,-11.5799,5,0
A,10,.,.,.,ARG,NH1,A,44,.,.,.,ILE,CG1,67,331,0.455421,0,4.01938,-0.0130683,5,0
A,10,.,.,.,ARG,NH1,A,44,.,.,.,ILE,CD1,67,333,3.14847,0,3.78006,-0.43468,5,0
A,10,.,.,.,ARG,NH1,A,57,.,.,.,GLU,CB,67,427,0.149081,0,4.84185,-0.048974,5,0
A,10,.,.,.,ARG,NH1,A,57,.,.,.,GLU,OE1,67,430,9.91268,3.89066,2.83309,-16.2534,5,0
A,10,.,.,.,ARG,NH2,A,44,.,.,.,ILE,CG1,68,331,3.75764,0.861854,4.01039,-0.107825,5,0
A,10,.,.,.,ARG,NH2,A,44,.,.,.,ILE,CG2,68,332,0.926077,2.37615,5.39482,0.247627,5,0
A,10,.,.,.,ARG,NH2,A,44,.,.,.,ILE,CD1,68,333,4.19701,1.31911,3.92981,-0.579443,5,0
A,10,.,.,.,ARG,NH2,A,57,.,.,.,GLU,CD,68,429,0.169115,0,4.03535,-0.397148,5,0
A,10,.,.,.,ARG,NH2,A,57,.,.,.,GLU,OE1,68,430,8.13327,3.24662,3.07355,-13.3358,5,0
A,10,.,.,.,ARG,NH2,A,57,.,.,.,GLU,OE2,68,431,3.4149,3.57881,4.27152,-3.11818,5,0
A,11,.,.,.,TRP,N,A,11,.,.,.,TRP,CA,69,70,6.68028,0,1.46555,0,0,1
A,11,.,.,.,TRP,N,A,11,.,.,.,TRP,C,69,71,1.18856,0,2.42352,0,0,0
A,11,.,.,.,TRP,N,A,11,.,.,.,TRP,O,69,72,2.34648,0,2.7331,0,0,0
A,11,.,.,.,TRP,N,A,11,.,.,.,TRP,CB,69,73,1.31438,0,2.42806,0,0,0
A,11,.,.,.,TRP,N,A,11,.,.,.,TRP,CG,69,74,0.312286,0,2.97355,0,0,0
A,11,.,.,.,TRP,N,A,11,.,.,.,TRP,CD1,69,75,1.4194,0,3.30123,0,0,0
A,11,.,.,.,TRP,N,A,42,.,.,.,ASP,CB,69,316,0.0106432,0,5.00887,0.0101537,5,0
A,11,.,.,.,TRP,N,A,43,.,.,.,CYS,N,69,320,0.105783,0,4.27754,0.0749503,5,0
A,11,.,.,.,TRP,N,A,43,.,.,.,CYS,O,69,323,4.92673,0,2.82412,-7.578,5,0
A,11,.,.,.,TRP,N,A,134,.,.,.,VAL,CG2,69,1036,0.24929,0,4.30012,0.112644,5,0
A,11,.,.,.,TRP,CA,A,11,.,.,.,TRP,C,70,71,6.8917,0,1.50558,0,0,1
A,11,.,.,.,TRP,CA,A,11,.,.,.,TRP,O,70,72,0.447302,0,2.34208,0,0,0
A,11,.,.,.,TRP,CA,A,11,.,.,.,TRP,CB,70,73,8.82237,0,1.52467,0,0,1
A,11,.,.,.,TRP,CA,A,11,.,.,.,TRP,CG,70,74,1.15693,0,2.57781,0,0,0
A,11,.,.,.,TRP,CA,A,11,.,.,.,TRP,CD2,70,76,0.361778,0,3.57946,0,0,0
A,11,.,.,.,TRP,CA,A,11,.,.,.,TRP,CE3,70,79,0.212546,0,4.10468,0,0,0
A,11,.,.,.,TRP,CA,A,12,.,.,.,ARG,N,70,83,2.50904,0,2.4266,0,1,0
A,11,.,.,.,TRP,CA,A,43,.,.,.,CYS,O,70,323,0.0312362,0,3.64509,0.0120911,5,0
A,11,.,.,.,TRP,CA,A,132,.,.,.,GLU,C,70,1014,0.0131318,0,4.2254,0.0178105,5,0
A,11,.,.,.,TRP,CA,A,132,.,.,.,GLU,O,70,1015,3.79048,0,3.35481,-1.10217,5,0
A,11,.,.,.,TRP,CA,A,133,.,.,.,LYS,CA,70,1022,1.39991,0,4.50715,0.124608,5,0
A,11,.,.,.,TRP,CA,A,134,.,.,.,VAL,N,70,1030,0.701427,0,4.41027,0.171242,5,0
A,11,.,.,.,TRP,CA,A,134,.,.,.,VAL,CG2,70,1036,1.93054,0,4.4048,-0.636277,5,0
A,11,.,.,.,TRP,C,A,11,.,.,.,TRP,O,71,72,7.89351,0,1.16864,0,0,1
A,11,.,.,.,TRP,C,A,11,.,.,.,TRP,CB,71,73,2.60046,0,2.45598,0,0,0
A,11,.,.,.,TRP,C,A,12,.,.,.,ARG,N,71,83,7.54018,0,1.32176,0,1,1
A,11,.,.,.,TRP,C,A,12,.,.,.,ARG,CA,71,84,1.66772,0,2.4058,0,1,0
A,11,.,.,.,TRP,C,A,12,.,.,.,ARG,CB,71,87,0.2297,0,3.45115,0,1,0
A,11,.,.,.,TRP,C,A,42,.,.,.,ASP,CG,71,317,0.647435,0,4.34616,0.396571,5,0
A,11,.,.,.,TRP,C,A,131,.,.,.,TYR,CB,71,1004,0.0719305,0,4.34358,-0.0321488,5,0
A,11,.,.,.,TRP,C,A,131,.,.,.,TYR,CD2,71,1007,1.63939,0,3.80028,-0.609487,5,0
A,11,.,.,.,TRP,C,A,134,.,.,.,VAL,CG2,71,1036,1.56237,0,4.42736,-0.056739,5,0
A,11,.,.,.,TRP,O,A,11,.,.,.,TRP,CB,72,73,0.923826,0,3.07164,0,0,0
A,11,.,.,.,TRP,O,A,12,.,.,.,ARG,CA,72,84,3.2079,0,2.66885,0,1,0
A,11,.,.,.,TRP,O,A,41,.,.,.,PRO,O,72,308,0.00104562,0,4.16461,0.000883423,5,0
A,11,.,.,.,TRP,O,A,42,.,.,.,ASP,CA,72,313,3.78031,0,3.06859,0.635303,5,0
A,11,.,.,.,TRP,O,A,42,.,.,.,ASP,CB,72,316,2.13176,0,3.43953,1.46064,5,0
A,11,.,.,.,TRP,O,A,42,.,.,.,ASP,CG,72,317,1.44544,0,3.62909,0.624526,5,0
A,11,.,.,.,TRP,O,A,42,.,.,.,ASP,OD1,72,318,0.0395793,0,3.63687,0.0332182,5,0
A,11,.,.,.,TRP,O,A,43,.,.,.,CYS,N,72,320,5.32411,0,2.83221,-8.20269,5,0
A,11,.,.,.,TRP,O,A,43,.,.,.,CYS,O,72,323,0.426691,0,3.57419,0.111689,5,0
A,11,.,.,.,TRP,O,A,43,.,.,.,CYS,CB,72,324,0.0709335,0,4.29949,-0.0407783,5,0
A,11,.,.,.,TRP,O,A,131,.,.,.,TYR,CD2,72,1007,2.25254,0,3.64888,-1.22933,5,0
A,11,.,.,.,TRP,O,A,131,.,.,.,TYR,CE2,72,1009,0.279412,0,4.13595,-0.0402848,5,0
A,11,.,.,.,TRP,CB,A,11,.,.,.,TRP,CG,73,74,7.48933,0,1.50692,0,0,1
A,11,.,.,.,TRP,CB,A,11,.,.,.,TRP,CD1,73,75,2.37552,0,2.60622,0,0,0
A,11,.,.,.,TRP,CB,A,11,.,.,.,TRP,CD2,73,76,1.34841,0,2.62444,0,0,0
A,11,.,.,.,TRP,CB,A,11,.,.,.,TRP,CE3,73,79,2.89647,0,3.30685,0,0,0
A,11,.,.,.,TRP,CB,A,12,.,.,.,ARG,N,73,83,0.615878,0,3.28888,0,1,0
A,11,.,.,.,TRP,CB,A,43,.,.,.,CYS,N,73,320,0.0461182,0,4.63935,0.00937937,5,0
A,11,.,.,.,TRP,CB,A,43,.,.,.,CYS,O,73,323,2.2928,0,3.52336,-1.78996,5,0
A,11,.,.,.,TRP,CB,A,43,.,.,.,CYS,CB,73,324,3.27804,0,4.53848,-4.80214,5,0
A,11,.,.,.,TRP,CB,A,116,.,.,.,LEU,CB,73,890,0.238375,0,4.70052,-0.10369,5,0
A,11,.,.,.,TRP,CB,A,116,.,.,.,LEU,CD2,73,893,3.50157,0,4.1793,-5.49898,5,0
A,11,.,.,.,TRP,CB,A,131,.,.,.,TYR,C,73,1002,0.0540053,0,4.75983,-0.0444677,5,0
A,11,.,.,.,TRP,CB,A,131,.,.,.,TYR,CB,73,1004,6.687,0,3.66151,-10.2328,5,0
A,11,.,.,.,TRP,CB,A,131,.,.,.,TYR,CG,73,1005,0.0370362,0,4.22199,-0.0828039,5,0
A,11,.,.,.,TRP,CB,A,131,.,.,.,TYR,CD2,73,1007,2.80859,0,4.03899,-3.89569,5,0
A,11,.,.,.,TRP,CB,A,132,.,.,.,GLU,N,73,1012,0.22166,0,4.80547,0.223395,5,0
A,11,.,.,.,TRP,CB,A,132,.,.,.,GLU,C,73,1014,0.345551,0,4.4795,0.0286072,5,0
A,11,.,.,.,TRP,CB,A,132,.,.,.,GLU,O,73,1015,0.641203,0,3.9235,0.163837,5,0
A,11,.,.,.,TRP,CG,A,11,.,.,.,TRP,CD1,74,75,6.99909,0,1.40703,0,0,1
A,11,.,.,.,TRP,CG,A,11,.,.,.,TRP,CD2,74,76,7.77761,0,1.41903,0,0,1
A,11,.,.,.,TRP,CG,A,116,.,.,.,LEU,CB,74,890,0.00775539,0,4.23044,-0.0154614,5,0
A,11,.,.,.,TRP,CG,A,116,.,.,.,LEU,CD2,74,893,1.48254,0,3.8631,-1.9703,5,0
A,11,.,.,.,TRP,CG,A,133,.,.,.,LYS,CD,74,1027,0.0338482,0,4.61584,-0.0586962,5,0
A,11,.,.,.,TRP,CD1,A,11,.,.,.,TRP,CD2,75,76,1.06212,0,2.25038,0,0,0
A,11,.,.,.,TRP,CD1,A,11,.,.,.,TRP,NE1,75,77,10.301,0,1.34233,0,0,1
A,11,.,.,.,TRP,CD1,A,11,.,.,.,TRP,CE2,75,78,0.787258,0,2.22029,0,0,0
A,11,.,.,.,TRP,CD1,A,43,.,.,.,CYS,O,75,323,4.83451,0,3.40778,-2.69723,5,0
A,11,.,.,.,TRP,CD1,A,43,.,.,.,CYS,CB,75,324,0.602896,0,5.03128,-0.581692,5,0
A,11,.,.,.,TRP,CD1,A,43,.,.,.,CYS,SG,75,325,0.460817,0,5.34763,-0.339249,5,0
A,11,.,.,.,TRP,CD1,A,45,.,.,.,ILE,N,75,334,0.355889,0,4.8668,0.10087,5,0
A,11,.,.,.,TRP,CD1,A,45,.,.,.,ILE,CB,75,338,0.705476,0,5.01732,-0.670522,5,0
A,11,.,.,.,TRP,CD1,A,45,.,.,.,ILE,CG1,75,339,1.96061,0,4.7543,-1.77062,5,0
A,11,.,.,.,TRP,CD1,A,45,.,.,.,ILE,CD1,75,341,2.54308,0,4.52461,-2.7097,5,0
A,11,.,.,.,TRP,CD1,A,116,.,.,.,LEU,CD2,75,893,4.13365,0,3.98223,-4.4283,5,0
A,11,.,.,.,TRP,CD1,A,133,.,.,.,LYS,CD,75,1027,0.462559,0,4.85134,-0.0965107,5,0
A,11,.,.,.,TRP,CD2,A,11,.,.,.,TRP,CE2,76,78,7.58408,0,1.41053,0,0,1
A,11,.,.,.,TRP,CD2,A,11,.,.,.,TRP,CE3,76,79,9.36821,0,1.40041,0,0,1
A,11,.,.,.,TRP,CD2,A,11,.,.,.,TRP,CZ2,76,80,0.0982965,0,2.46465,0,0,0
A,11,.,.,.,TRP,CD2,A,11,.,.,.,TRP,CZ3,76,81,0.239497,0,2.39501,0,0,0
A,11,.,.,.,TRP,CD2,A,11,.,.,.,TRP,CH2,76,82,0.139513,0,2.77471,0,0,0
A,11,.,.,.,TRP,CD2,A,116,.,.,.,LEU,CB,76,890,2.5681,0,3.68481,-3.61865,5,0
A,11,.,.,.,TRP,CD2,A,116,.,.,.,LEU,CD2,76,893,0.752524,0,4.1201,-1.1916,5,0
A,11,.,.,.,TRP,CD2,A,133,.,.,.,LYS,CA,76,1022,0.572535,0,4.12329,-0.526801,5,0
A,11,.,.,.,TRP,CD2,A,133,.,.,.,LYS,CD,76,1027,2.4755,0,4.0473,-2.31664,5,0
A,11,.,.,.,TRP,NE1,A,11,.,.,.,TRP,CE2,77,78,8.96518,0,1.37774,0,0,1
A,11,.,.,.,TRP,NE1,A,11,.,.,.,TRP,CZ2,77,80,1.19205,0,2.50606,0,0,0
A,11,.,.,.,TRP,NE1,A,45,.,.,.,ILE,CB,77,338,0.463758,0,4.84954,-0.459661,5,0
A,11,.,.,.,TRP,NE1,A,45,.,.,.,ILE,CD1,77,341,1.68917,0,4.4245,-1.11362,5,0
A,11,.,.,.,TRP,NE1,A,116,.,.,.,LEU,CD1,77,892,0.787103,0,4.79973,-0.701762,5,0
A,11,.,.,.,TRP,NE1,A,116,.,.,.,LEU,CD2,77,893,0.789543,0,4.28822,-0.740554,5,0
A,11,.,.,.,TRP,NE1,A,133,.,.,.,LYS,CD,77,1027,0.434676,0,4.51287,-0.315001,5,0
A,11,.,.,.,TRP,NE1,A,133,.,.,.,LYS,CE,77,1028,0.353384,0,4.75922,-0.277912,5,0
A,11,.,.,.,TRP,CE2,A,11,.,.,.,TRP,CZ2,78,80,10.3848,0,1.39365,0,0,1
A,11,.,.,.,TRP,CE2,A,11,.,.,.,TRP,CH2,78,82,0.0023932,0,2.35564,0,0,0
A,11,.,.,.,TRP,CE2,A,116,.,.,.,LEU,CB,78,890,0.71025,0,4.1027,-1.18725,5,0
A,11,.,.,.,TRP,CE2,A,116,.,.,.,LEU,CG,78,891,0.170906,0,4.5848,-0.245539,5,0
A,11,.,.,.,TRP,CE2,A,116,.,.,.,LEU,CD1,78,892,1.10075,0,4.60915,-1.54067,5,0
A,11,.,.,.,TRP,CE2,A,116,.,.,.,LEU,CD2,78,893,0.394972,0,4.39453,-0.775816,5,0
A,11,.,.,.,TRP,CE2,A,133,.,.,.,LYS,CD,78,1027,2.05828,0,3.96942,-2.32475,5,0
A,11,.,.,.,TRP,CE2,A,133,.,.,.,LYS,CE,78,1028,0.312749,0,4.45034,-0.429188,5,0
A,11,.,.,.,TRP,CE3,A,11,.,.,.,TRP,CZ3,79,81,10.0606,0,1.39885,0,0,1
A,11,.,.,.,TRP,CE3,A,116,.,.,.,LEU,N,79,886,0.589802,0,3.88572,0.127566,5,0
A,11,.,.,.,TRP,CE3,A,116,.,.,.,LEU,CB,79,890,3.58113,0,3.54903,-5.06379,5,0
A,11,.,.,.,TRP,CE3,A,131,.,.,.,TYR,C,79,1002,1.42799,0,4.15975,-2.61721,5,0
A,11,.,.,.,TRP,CE3,A,131,.,.,.,TYR,O,79,1003,2.23512,0,3.78723,-1.63967,5,0
A,11,.,.,.,TRP,CE3,A,131,.,.,.,TYR,CB,79,1004,0.977398,0,4.55855,-1.94208,5,0
A,11,.,.,.,TRP,CE3,A,132,.,.,.,GLU,N,79,1012,0.00106023,0,4.38259,0.0006122,5,0
A,11,.,.,.,TRP,CE3,A,132,.,.,.,GLU,CA,79,1013,0.904943,0,4.18225,0.0623297,5,0
A,11,.,.,.,TRP,CE3,A,132,.,.,.,GLU,C,79,1014,2.76348,0,3.56148,-0.795635,5,0
A,11,.,.,.,TRP,CE3,A,133,.,.,.,LYS,N,79,1021,1.88713,0,3.3078,0.543113,5,0
A,11,.,.,.,TRP,CE3,A,133,.,.,.,LYS,CA,79,1022,3.18851,0,3.46967,-0.902005,5,0
A,11,.,.,.,TRP,CE3,A,133,.,.,.,LYS,CB,79,1025,0.266802,0,3.80957,-0.131568,5,0
A,11,.,.,.,TRP,CE3,A,133,.,.,.,LYS,CD,79,1027,0.440943,0,4.19178,-0.131674,5,0
A,11,.,.,.,TRP,CZ2,A,11,.,.,.,TRP,CZ3,80,81,0.00257125,0,2.41247,0,0,0
A,11,.,.,.,TRP,CZ2,A,11,.,.,.,TRP,CH2,80,82,13.0829,0,1.37921,0,0,1
A,11,.,.,.,TRP,CZ2,A,111,.,.,.,LEU,CD1,80,854,2.61761,0,3.99195,-2.83783,5,0
A,11,.,.,.,TRP,CZ2,A,116,.,.,.,LEU,CB,80,890,0.634268,0,4.40368,-0.88169,5,0
A,11,.,.,.,TRP,CZ2,A,116,.,.,.,LEU,CD1,80,892,2.802,0,4.7419,-3.65475,5,0
A,11,.,.,.,TRP,CZ2,A,133,.,.,.,LYS,CD,80,1027,1.57853,0,4.05916,-1.45931,5,0
A,11,.,.,.,TRP,CZ2,A,133,.,.,.,LYS,CE,80,1028,0.624096,0,4.35082,-0.491494,5,0
A,11,.,.,.,TRP,CZ2,A,133,.,.,.,LYS,NZ,80,1029,4.19541,0,3.99119,1.96321,5,0
A,11,.,.,.,TRP,CZ3,A,11,.,.,.,TRP,CH2,81,82,12.2518,0,1.37641,0,0,1
A,11,.,.,.,TRP,CZ3,A,111,.,.,.,LEU,CD1,81,854,0.692442,0,4.04432,-0.934644,5,0
A,11,.,.,.,TRP,CZ3,A,114,.,.,.,GLY,C,81,875,1.00264e-08,0,4.52665,-9.36769e-09,5,0
A,11,.,.,.,TRP,CZ3,A,114,.,.,.,GLY,O,81,876,5.873,0,3.67609,-0.6975,5,0
A,11,.,.,.,TRP,CZ3,A,115,.,.,.,LYS,CA,81,878,2.4732,0,4.2719,-1.36531,5,0
A,11,.,.,.,TRP,CZ3,A,115,.,.,.,LYS,C,81,879,0.464618,0,4.11429,-0.291587,5,0
A,11,.,.,.,TRP,CZ3,A,116,.,.,.,LEU,N,81,886,3.58623,0,3.58075,-1.38567,5,0
A,11,.,.,.,TRP,CZ3,A,116,.,.,.,LEU,CA,81,887,0.0255875,0,4.23275,-0.0158231,5,0
A,11,.,.,.,TRP,CZ3,A,116,.,.,.,LEU,CB,81,890,1.25883,0,3.83688,-1.69579,5,0
A,11,.,.,.,TRP,CZ3,A,131,.,.,.,TYR,O,81,1003,0.493281,0,4.19493,-0.268195,5,0
A,11,.,.,.,TRP,CZ3,A,132,.,.,.,GLU,CA,81,1013,0.510088,0,4.71032,-0.0763755,5,0
A,11,.,.,.,TRP,CZ3,A,133,.,.,.,LYS,N,81,1021,2.28748,0,3.65406,-0.608138,5,0
A,11,.,.,.,TRP,CZ3,A,133,.,.,.,LYS,CA,81,1022,0.0671633,0,3.81454,-0.0402273,5,0
A,11,.,.,.,TRP,CZ3,A,133,.,.,.,LYS,CB,81,1025,5.06207,0,3.62153,-4.32557,5,0
A,11,.,.,.,TRP,CZ3,A,133,.,.,.,LYS,CD,81,1027,0.282948,0,4.25563,-0.0737998,5,0
A,11,.,.,.,TRP,CH2,A,111,.,.,.,LEU,CD1,82,854,12.1612,1.65544,3.28996,-20.4941,5,0
A,11,.,.,.,TRP,CH2,A,111,.,.,.,LEU,CD2,82,855,0.0936474,0.70714,5.16923,-0.132624,5,0
A,11,.,.,.,TRP,CH2,A,114,.,.,.,GLY,O,82,876,2.40592,1.46284,4.15486,-1.44069,5,0
A,11,.,.,.,TRP,CH2,A,116,.,.,.,LEU,N,82,886,0.0245651,0,4.24683,-0.00304337,5,0
A,11,.,.,.,TRP,CH2,A,116,.,.,.,LEU,CA,82,887,0.10344,0,4.63188,-0.0552541,5,0
A,11,.,.,.,TRP,CH2,A,116,.,.,.,LEU,CB,82,890,1.30126,0,4.22601,-1.93307,5,0
A,11,.,.,.,TRP,CH2,A,116,.,.,.,LEU,CD1,82,892,0.0248056,0,5.08818,-0.0342689,5,0
A,11,.,.,.,TRP,CH2,A,133,.,.,.,LYS,CB,82,1025,2.65585,1.09563,4.15207,-2.17363,5,0
A,11,.,.,.,TRP,CH2,A,133,.,.,.,LYS,CG,82,1026,0.018659,0,4.64515,-0.0140159,5,0
A,11,.,.,.,TRP,CH2,A,133,.,.,.,LYS,CD,82,1027,1.13707,0,4.21093,-0.652432,5,0
A,11,.,.,.,TRP,CH2,A,133,.,.,.,LYS,NZ,82,1029,3.92502,2.51448,4.2734,-0.830334,5,0
A,12,.,.,.,ARG,N,A,12,.,.,.,ARG,CA,83,84,6.73999,0,1.43224,0,0,1
A,12,.,.,.,ARG,N,A,12,.,.,.,ARG,C,83,85,0.863774,0,2.45273,0,0,0
A,12,.,.,.,ARG,N,A,12,.,.,.,ARG,O,83,86,1.6743,0,2.81688,0,0,0
A,12,.,.,.,ARG,N,A,12,.,.,.,ARG,CB,83,87,3.57883,0,2.40987,0,0,0
A,12,.,.,.,ARG,N,A,131,.,.,.,TYR,CB,83,1004,1.37802,0,4.19024,1.04317,5,0
A,12,.,.,.,ARG,N,A,131,.,.,.,TYR,CD2,83,1007,0.45436,0,3.91348,0.259549,5,0
A,12,.,.,.,ARG,N,A,132,.,.,.,GLU,N,83,1012,0.721412,0,4.03957,1.47101,5,0
A,12,.,.,.,ARG,N,A,132,.,.,.,GLU,O,83,1015,5.48749,0,2.89764,-5.93873,5,0
A,12,.,.,.,ARG,N,A,132,.,.,.,GLU,CG,83,1017,0.00630881,0,4.7471,0.0042555,5,0
A,12,.,.,.,ARG,N,A,134,.,.,.,VAL,CG1,83,1035,0.357836,0,4.55737,0.19387,5,0
A,12,.,.,.,ARG,N,A,134,.,.,.,VAL,CG2,83,1036,1.46196,0,4.35181,1.04826,5,0
A,12,.,.,.,ARG,CA,A,12,.,.,.,ARG,C,84,85,6.21153,0,1.55488,0,0,1
A,12,.,.,.,ARG,CA,A,12,.,.,.,ARG,O,84,86,0.556906,0,2.4327,0,0,0
A,12,.,.,.,ARG,CA,A,12,.,.,.,ARG,CB,84,87,8.44496,0,1.53185,0,0,1
A,12,.,.,.,ARG,CA,A,12,.,.,.,ARG,CG,84,88,1.54567,0,2.56714,0,0,0
A,12,.,.,.,ARG,CA,A,13,.,.,.,LEU,N,84,94,3.143,0,2.39125,0,1,0
A,12,.,.,.,ARG,CA,A,41,.,.,.,PRO,O,84,308,1.87534,0,3.86573,0.478541,5,0
A,12,.,.,.,ARG,CA,A,42,.,.,.,ASP,CA,84,313,0.971368,0,4.35234,0.337143,5,0
A,12,.,.,.,ARG,CA,A,42,.,.,.,ASP,CG,84,317,0.277954,0,4.19211,-0.108653,5,0
A,12,.,.,.,ARG,CA,A,42,.,.,.,ASP,OD1,84,318,2.69525,0,3.39916,1.1528,5,0
A,12,.,.,.,ARG,CA,A,131,.,.,.,TYR,CD2,84,1007,1.19333,0,3.95002,-0.609302,5,0
A,12,.,.,.,ARG,CA,A,131,.,.,.,TYR,CE2,84,1009,0.0201813,0,4.6573,-0.00737961,5,0
A,12,.,.,.,ARG,CA,A,132,.,.,.,GLU,CG,84,1017,0.000705236,0,4.92904,0.000263341,5,0
A,12,.,.,.,ARG,C,A,12,.,.,.,ARG,O,85,86,7.93642,0,1.22568,0,0,1
A,12,.,.,.,ARG,C,A,12,.,.,.,ARG,CB,85,87,0.98548,0,2.53335,0,0,0
A,12,.,.,.,ARG,C,A,12,.,.,.,ARG,CG,85,88,2.87918,0,2.91448,0,0,0
A,12,.,.,.,ARG,C,A,13,.,.,.,LEU,N,85,94,5.92438,0,1.31611,0,1,1
A,12,.,.,.,ARG,C,A,13,.,.,.,LEU,CA,85,95,1.17977,0,2.44426,0,1,0
A,12,.,.,.,ARG,C,A,13,.,.,.,LEU,C,85,96,1.29853,0,3.02019,0,1,0
A,12,.,.,.,ARG,C,A,13,.,.,.,LEU,O,85,97,0.0149375,0,3.47676,0,1,0
A,12,.,.,.,ARG,C,A,14,.,.,.,VAL,CG1,85,107,0.188643,0,4.39547,-0.107126,2,0
A,12,.,.,.,ARG,C,A,131,.,.,.,TYR,CA,85,1001,0.00789132,0,3.93722,0.00450123,5,0
A,12,.,.,.,ARG,C,A,131,.,.,.,TYR,CB,85,1004,0.416063,0,4.01064,-0.143399,5,0
A,12,.,.,.,ARG,C,A,131,.,.,.,TYR,CD2,85,1007,2.02797,0,3.44585,-0.628694,5,0
A,12,.,.,.,ARG,O,A,12,.,.,.,ARG,CB,86,87,0.750278,0,3.19561,0,0,0
A,12,.,.,.,ARG,O,A,12,.,.,.,ARG,CG,86,88,0.15646,0,3.62272,0,0,0
A,12,.,.,.,ARG,O,A,13,.,.,.,LEU,CA,86,95,1.41242,0,2.81407,0,1,0
A,12,.,.,.,ARG,O,A,13,.,.,.,LEU,C,86,96,0.993651,0,3.02966,0,1,0
A,12,.,.,.,ARG,O,A,14,.,.,.,VAL,N,86,102,1.38481,0,3.30345,1.43607,2,0
A,12,.,.,.,ARG,O,A,14,.,.,.,VAL,CG1,86,107,3.87651,0,3.62875,-0.304753,2,0
A,12,.,.,.,ARG,O,A,14,.,.,.,VAL,CG2,86,108,0.0534744,0,4.57079,0.0194386,2,0
A,12,.,.,.,ARG,O,A,131,.,.,.,TYR,CA,86,1001,3.99386,0,3.06323,-3.23284,5,0
A,12,.,.,.,ARG,O,A,131,.,.,.,TYR,CB,86,1004,0.838826,0,3.51241,-0.302698,5,0
A,12,.,.,.,ARG,O,A,132,.,.,.,GLU,N,86,1012,4.4718,0,2.86418,-5.15052,5,0
A,12,.,.,.,ARG,O,A,132,.,.,.,GLU,O,86,1015,0.17791,0,3.7675,0.212666,5,0
A,12,.,.,.,ARG,O,A,132,.,.,.,GLU,CG,86,1017,2.46521,0,3.81542,0.406619,5,0
A,12,.,.,.,ARG,CB,A,12,.,.,.,ARG,CG,87,88,8.71315,0,1.51249,0,0,1
A,12,.,.,.,ARG,CB,A,12,.,.,.,ARG,CD,87,89,3.36274,0,2.50062,0,0,0
A,12,.,.,.,ARG,CB,A,12,.,.,.,ARG,NE,87,90,3.38093,0,2.93764,0,0,0
A,12,.,.,.,ARG,CB,A,12,.,.,.,ARG,CZ,87,91,0.228098,0,3.8891,0,0,0
A,12,.,.,.,ARG,CB,A,42,.,.,.,ASP,CG,87,317,1.13196,0,4.16718,-1.46254,5,0
A,12,.,.,.,ARG,CB,A,42,.,.,.,ASP,OD1,87,318,4.22754,0,3.26295,-1.85418,5,0
A,12,.,.,.,ARG,CB,A,42,.,.,.,ASP,OD2,87,319,0.207797,0,4.64564,-0.0898171,5,0
A,12,.,.,.,ARG,CB,A,132,.,.,.,GLU,O,87,1015,0.544513,0,4.15022,-0.129311,5,0
A,12,.,.,.,ARG,CB,A,132,.,.,.,GLU,CG,87,1017,2.87723,0,4.5559,-1.25516,5,0
A,12,.,.,.,ARG,CB,A,134,.,.,.,VAL,CG1,87,1035,5.21561,0,3.93552,-3.53983,5,0
A,12,.,.,.,ARG,CB,A,134,.,.,.,VAL,CG2,87,1036,4.31507,0,4.3274,-2.97295,5,0
A,12,.,.,.,ARG,CG,A,12,.,.,.,ARG,CD,88,89,15.1948,3.57545,1.59122,0,0,1
A,12,.,.,.,ARG,CG,A,12,.,.,.,ARG,NE,88,90,4.37925,1.66746,2.41572,0,0,0
A,12,.,.,.,ARG,CG,A,13,.,.,.,LEU,N,88,94,3.96661,0,3.29263,0,1,0
A,12,.,.,.,ARG,CG,A,13,.,.,.,LEU,C,88,96,0.0573933,0,4.33366,0,1,0
A,12,.,.,.,ARG,CG,A,13,.,.,.,LEU,O,88,97,7.32567,1.49138,3.85232,0,1,0
A,12,.,.,.,ARG,CG,A,13,.,.,.,LEU,CB,88,98,0.00603722,0,5.22712,0,1,0
A,12,.,.,.,ARG,CG,A,14,.,.,.,VAL,CG1,88,107,1.65537,0,4.91766,-1.20741,2,0
A,12,.,.,.,ARG,CG,A,40,.,.,.,LYS,C,88,298,0.129194,0,6.03456,0.0481692,5,0
A,12,.,.,.,ARG,CG,A,40,.,.,.,LYS,O,88,299,2.71541,1.57764,5.51235,1.2086,5,0
A,12,.,.,.,ARG,CG,A,40,.,.,.,LYS,CB,88,300,2.365,2.10633,6.18801,0.977379,5,0
A,12,.,.,.,ARG,CG,A,41,.,.,.,PRO,O,88,308,1.454,0,4.60647,0.143116,5,0
A,12,.,.,.,ARG,CG,A,42,.,.,.,ASP,OD1,88,318,5.96244,1.44107,3.58115,-4.57215,5,0
A,12,.,.,.,ARG,CG,A,132,.,.,.,GLU,CG,88,1017,0.130245,0,5.02326,-0.056521,5,0
A,12,.,.,.,ARG,CD,A,12,.,.,.,ARG,NE,89,90,10.215,3.1886,1.44236,0,0,1
A,12,.,.,.,ARG,CD,A,12,.,.,.,ARG,CZ,89,91,3.43976,1.37746,2.47352,0,0,0
A,12,.,.,.,ARG,CD,A,12,.,.,.,ARG,NH1,89,92,5.8558,1.97089,2.88265,0,0,0
A,12,.,.,.,ARG,CD,A,13,.,.,.,LEU,O,89,97,1.11044,1.65168,4.63348,0,1,0
A,12,.,.,.,ARG,CD,A,14,.,.,.,VAL,CG1,89,107,3.69338,1.66996,4.91857,-1.57437,2,0
A,12,.,.,.,ARG,CD,A,132,.,.,.,GLU,CG,89,1017,1.09218,0,4.7605,-0.216699,5,0
A,12,.,.,.,ARG,CD,A,132,.,.,.,GLU,OE2,89,1020,7.79588,2.27995,3.77266,-6.92635,5,0
A,12,.,.,.,ARG,CD,A,134,.,.,.,VAL,CG1,89,1035,1.26733,0,4.34809,-0.540223,5,0
A,12,.,.,.,ARG,NE,A,12,.,.,.,ARG,CZ,90,91,11.2095,2.16057,1.32881,0,0,1
A,12,.,.,.,ARG,NE,A,12,.,.,.,ARG,NH2,90,93,5.93689,3.45724,2.26277,0,0,0
A,12,.,.,.,ARG,NE,A,42,.,.,.,ASP,OD1,90,318,2.69333,1.81399,4.32507,-3.47884,5,0
A,12,.,.,.,ARG,NE,A,42,.,.,.,ASP,OD2,90,319,0.205921,0,5.1827,-0.265977,5,0
A,12,.,.,.,ARG,NE,A,134,.,.,.,VAL,CG2,90,1036,0.0583666,0,4.93508,-0.0375973,5,0
A,12,.,.,.,ARG,CZ,A,12,.,.,.,ARG,NH1,91,92,12.477,3.17979,1.32795,0,0,1
A,12,.,.,.,ARG,CZ,A,12,.,.,.,ARG,NH2,91,93,15.3623,3.85192,1.31941,0,0,1
A,12,.,.,.,ARG,CZ,A,134,.,.,.,VAL,CG1,91,1035,3.76121,0,3.60453,-2.88003,5,0
A,12,.,.,.,ARG,CZ,A,134,.,.,.,VAL,CG2,91,1036,0.556081,0,4.69456,-0.442876,5,0
A,12,.,.,.,ARG,NH1,A,12,.,.,.,ARG,NH2,92,93,5.14231,4.34343,2.30248,0,0,0
A,12,.,.,.,ARG,NH1,A,132,.,.,.,GLU,OE2,92,1020,7.06975,4.60457,3.94089,-11.592,5,0
A,12,.,.,.,ARG,NH1,A,134,.,.,.,VAL,CB,92,1034,0.114061,0.415883,4.38066,-0.0271041,5,0
A,12,.,.,.,ARG,NH1,A,134,.,.,.,VAL,CG1,92,1035,10.1557,4.01251,3.32115,-1.32533,5,0
A,12,.,.,.,ARG,NH2,A,42,.,.,.,ASP,OD1,93,318,0.0415204,0.15802,5.33633,-0.0363912,5,0
A,12,.,.,.,ARG,NH2,A,42,.,.,.,ASP,OD2,93,319,3.34127,3.15302,5.26434,-5.46926,5,0
A,12,.,.,.,ARG,NH2,A,134,.,.,.,VAL,CB,93,1034,4.62068,2.69316,4.48335,-1.098,5,0
A,12,.,.,.,ARG,NH2,A,134,.,.,.,VAL,CG1,93,1035,0.435436,0,4.10297,0.0603027,5,0
A,12,.,.,.,ARG,NH2,A,134,.,.,.,VAL,CG2,93,1036,4.37876,1.81946,4.61924,-0.431617,5,0
A,12,.,.,.,ARG,NH2,A,135,.,.,.,GLU,OXT,93,1046,0.113376,0.858608,5.79753,0.00812628,5,0
A,13,.,.,.,LEU,N,A,13,.,.,.,LEU,CA,94,95,6.71485,0,1.48463,0,0,1
A,13,.,.,.,LEU,N,A,13,.,.,.,LEU,C,94,96,0.510129,0,2.48195,0,0,0
A,13,.,.,.,LEU,N,A,13,.,.,.,LEU,O,94,97,1.33554,0,2.92534,0,0,0
A,13,.,.,.,LEU,N,A,13,.,.,.,LEU,CB,94,98,3.10117,0,2.46357,0,0,0
A,13,.,.,.,LEU,N,A,40,.,.,.,LYS,C,94,298,0.05323,0,5.28563,0.123073,5,0
A,13,.,.,.,LEU,N,A,40,.,.,.,LYS,CB,94,300,0.000298782,0,6.03094,0.000480805,5,0
A,13,.,.,.,LEU,N,A,41,.,.,.,PRO,O,94,308,5.22286,0,3.06815,-1.46534,5,0
A,13,.,.,.,LEU,N,A,131,.,.,.,TYR,CD2,94,1007,2.05406,0,3.27965,1.03914,5,0
A,13,.,.,.,LEU,N,A,131,.,.,.,TYR,CE2,94,1009,1.01844,0,3.65343,0.0378547,5,0
A,13,.,.,.,LEU,CA,A,13,.,.,.,LEU,C,95,96,5.67355,0,1.54908,0,0,1
A,13,.,.,.,LEU,CA,A,13,.,.,.,LEU,O,95,97,0.642766,0,2.40603,0,0,0
A,13,.,.,.,LEU,CA,A,13,.,.,.,LEU,CB,95,98,7.46625,0,1.48811,0,0,1
A,13,.,.,.,LEU,CA,A,13,.,.,.,LEU,CG,95,99,1.12222,0,2.55268,0,0,0
A,13,.,.,.,LEU,CA,A,13,.,.,.,LEU,CD1,95,100,2.47836,0,3.15336,0,0,0
A,13,.,.,.,LEU,CA,A,14,.,.,.,VAL,N,95,102,2.18618,0,2.42924,0,1,0
A,13,.,.,.,LEU,CA,A,130,.,.,.,ILE,O,95,995,1.70123,0,3.61753,-1.82806,5,0
A,13,.,.,.,LEU,CA,A,131,.,.,.,TYR,CA,95,1001,1.22641,0,4.29949,0.219648,5,0
A,13,.,.,.,LEU,CA,A,131,.,.,.,TYR,CG,95,1005,0.941067,0,3.99964,-0.863501,5,0
A,13,.,.,.,LEU,CA,A,131,.,.,.,TYR,CD2,95,1007,2.50903,0,3.56142,-0.545801,5,0
A,13,.,.,.,LEU,CA,A,131,.,.,.,TYR,CE2,95,1009,0.698962,0,3.81489,-0.0523456,5,0
A,13,.,.,.,LEU,C,A,13,.,.,.,LEU,O,96,97,7.73702,0,1.23634,0,0,1
A,13,.,.,.,LEU,C,A,13,.,.,.,LEU,CB,96,98,0.889551,0,2.45361,0,0,0
A,13,.,.,.,LEU,C,A,13,.,.,.,LEU,CG,96,99,2.7515,0,2.98531,0,0,0
A,13,.,.,.,LEU,C,A,14,.,.,.,VAL,N,96,102,6.32476,0,1.29054,0,1,1
A,13,.,.,.,LEU,C,A,14,.,.,.,VAL,CA,96,103,1.85801,0,2.40914,0,1,0
A,13,.,.,.,LEU,C,A,14,.,.,.,VAL,CG1,96,107,1.58473,0,3.41656,0,1,0
A,13,.,.,.,LEU,O,A,13,.,.,.,LEU,CB,97,98,3.60108,0,2.93484,0,0,0
A,13,.,.,.,LEU,O,A,13,.,.,.,LEU,CG,97,99,2.34549,1.34172,3.5467,0,0,0
A,13,.,.,.,LEU,O,A,13,.,.,.,LEU,CD2,97,101,0.0946999,0.24332,4.47423,0,0,0
A,13,.,.,.,LEU,O,A,14,.,.,.,VAL,CA,97,103,6.97542,4.03485,2.74505,0,1,0
A,13,.,.,.,LEU,O,A,14,.,.,.,VAL,CG1,97,107,3.87317,1.46788,3.52137,0,1,0
A,13,.,.,.,LEU,O,A,40,.,.,.,LYS,CB,97,300,5.8967,3.04128,5.05912,3.28553,5,0
A,13,.,.,.,LEU,O,A,40,.,.,.,LYS,CD,97,302,0.325102,1.28524,5.95687,0.0855391,5,0
A,13,.,.,.,LEU,CB,A,13,.,.,.,LEU,CG,98,99,8.43849,0,1.54781,0,0,1
A,13,.,.,.,LEU,CB,A,13,.,.,.,LEU,CD1,98,100,2.04239,0,2.56705,0,0,0
A,13,.,.,.,LEU,CB,A,13,.,.,.,LEU,CD2,98,101,4.22393,0,2.51087,0,0,0
A,13,.,.,.,LEU,CB,A,40,.,.,.,LYS,CA,98,297,1.50026,0,4.65472,1.32756,5,0
A,13,.,.,.,LEU,CB,A,40,.,.,.,LYS,C,98,298,1.79471,0,4.50286,2.47862,5,0
A,13,.,.,.,LEU,CB,A,40,.,.,.,LYS,CB,98,300,2.05832,0,5.06385,1.10567,5,0
A,13,.,.,.,LEU,CB,A,41,.,.,.,PRO,N,98,305,0.720668,0,4.31875,1.19615,5,0
A,13,.,.,.,LEU,CB,A,41,.,.,.,PRO,O,98,308,4.07739,0,3.51001,0.663881,5,0
A,13,.,.,.,LEU,CB,A,41,.,.,.,PRO,CG,98,310,1.86931,0,4.59682,-1.10099,5,0
A,13,.,.,.,LEU,CB,A,41,.,.,.,PRO,CD,98,311,1.59641,0,4.37832,0.28223,5,0
A,13,.,.,.,LEU,CB,A,131,.,.,.,TYR,CE2,98,1009,3.07583,0,3.8487,-3.67461,5,0
A,13,.,.,.,LEU,CB,A,131,.,.,.,TYR,CZ,98,1010,0.783339,0,4.19187,-1.30941,5,0
A,13,.,.,.,LEU,CB,A,131,.,.,.,TYR,OH,98,1011,0.216517,0,4.58153,-0.161762,5,0
A,13,.,.,.,LEU,CG,A,13,.,.,.,LEU,CD1,99,100,10.5374,0,1.56545,0,0,1
A,13,.,.,.,LEU,CG,A,13,.,.,.,LEU,CD2,99,101,15.7162,2.98849,1.51707,0,0,1
A,13,.,.,.,LEU,CG,A,14,.,.,.,VAL,N,99,102,1.59224,0,3.44608,0,1,0
A,13,.,.,.,LEU,CG,A,14,.,.,.,VAL,CA,99,103,0.475584,0.122265,4.44974,0,1,0
A,13,.,.,.,LEU,CG,A,14,.,.,.,VAL,C,99,104,1.1838,1.32404,4.60082,0,1,0
A,13,.,.,.,LEU,CG,A,15,.,.,.,ASP,N,99,109,3.45211,0.114889,4.12179,5.01405,2,0
A,13,.,.,.,LEU,CG,A,15,.,.,.,ASP,CA,99,110,0.591278,0.616243,4.94482,0.345377,2,0
A,13,.,.,.,LEU,CG,A,15,.,.,.,ASP,C,99,111,1.59568,0,4.60074,0.446148,2,0
A,13,.,.,.,LEU,CG,A,16,.,.,.,SER,CB,99,121,0.205306,0,5.10921,-0.0878256,3,0
A,13,.,.,.,LEU,CG,A,40,.,.,.,LYS,CB,99,300,0.00038288,0,5.56336,-4.23599e-05,5,0
A,13,.,.,.,LEU,CG,A,41,.,.,.,PRO,CG,99,310,0.00671946,0,5.16149,-0.00444275,5,0
A,13,.,.,.,LEU,CG,A,131,.,.,.,TYR,OH,99,1011,0.017504,0,4.92303,-0.016346,5,0
A,13,.,.,.,LEU,CD1,A,13,.,.,.,LEU,CD2,100,101,3.72397,0,2.55547,0,0,0
A,13,.,.,.,LEU,CD1,A,14,.,.,.,VAL,N,100,102,0.392962,0,3.89411,0,1,0
A,13,.,.,.,LEU,CD1,A,15,.,.,.,ASP,N,100,109,1.02367,0,4.14037,1.08554,2,0
A,13,.,.,.,LEU,CD1,A,15,.,.,.,ASP,C,100,111,0.76933,0,4.1622,-0.062929,2,0
A,13,.,.,.,LEU,CD1,A,15,.,.,.,ASP,O,100,112,4.64531,0,3.43479,1.09341,2,0
A,13,.,.,.,LEU,CD1,A,16,.,.,.,SER,CB,100,121,2.06756,0,4.72356,-1.60589,3,0
A,13,.,.,.,LEU,CD1,A,129,.,.,.,ARG,CA,100,982,0.0938979,0,4.36522,0.00834767,5,0
A,13,.,.,.,LEU,CD1,A,129,.,.,.,ARG,C,100,983,0.0691289,0,4.47376,-0.033905,5,0
A,13,.,.,.,LEU,CD1,A,129,.,.,.,ARG,CB,100,985,5.62374,0,3.74342,-4.81886,5,0
A,13,.,.,.,LEU,CD1,A,129,.,.,.,ARG,CG,100,986,1.79402,0,4.20232,-0.147048,5,0
A,13,.,.,.,LEU,CD1,A,129,.,.,.,ARG,NE,100,988,1.48101,0,4.14349,-0.235377,5,0
A,13,.,.,.,LEU,CD1,A,129,.,.,.,ARG,CZ,100,989,2.42556,0,4.14961,-2.2955,5,0
A,13,.,.,.,LEU,CD1,A,129,.,.,.,ARG,NH1,100,990,0.273442,0,4.44412,0.0175433,5,0
A,13,.,.,.,LEU,CD1,A,129,.,.,.,ARG,NH2,100,991,0.785192,0,4.36941,0.0503758,5,0
A,13,.,.,.,LEU,CD1,A,130,.,.,.,ILE,N,100,992,1.88354,0,4.12789,0.585597,5,0
A,13,.,.,.,LEU,CD1,A,130,.,.,.,ILE,C,100,994,0.0967152,0,4.31549,-0.0641632,5,0
A,13,.,.,.,LEU,CD1,A,130,.,.,.,ILE,O,100,995,4.09744,0,3.48568,-1.72065,5,0
A,13,.,.,.,LEU,CD1,A,131,.,.,.,TYR,CG,100,1005,0.0468368,0,4.53737,-0.124995,5,0
A,13,.,.,.,LEU,CD1,A,131,.,.,.,TYR,CD1,100,1006,2.15596,0,4.10971,-2.58834,5,0
A,13,.,.,.,LEU,CD1,A,131,.,.,.,TYR,CD2,100,1007,0.0694321,0,4.59494,-0.0833567,5,0
A,13,.,.,.,LEU,CD1,A,131,.,.,.,TYR,CE1,100,1008,3.68773,0,3.76583,-4.72081,5,0
A,13,.,.,.,LEU,CD1,A,131,.,.,.,TYR,CE2,100,1009,0.133727,0,4.30572,-0.12786,5,0
A,13,.,.,.,LEU,CD1,A,131,.,.,.,TYR,CZ,100,1010,2.89291,0,3.88116,-3.64744,5,0
A,13,.,.,.,LEU,CD1,A,131,.,.,.,TYR,OH,100,1011,0.918477,0,4.31885,-0.602956,5,0
A,13,.,.,.,LEU,CD2,A,15,.,.,.,ASP,CA,101,110,0.0643304,0.460808,5.65137,0.0301988,2,0
A,13,.,.,.,LEU,CD2,A,15,.,.,.,ASP,C,101,111,0.193636,0.117745,5.14377,-0.000786119,2,0
A,13,.,.,.,LEU,CD2,A,16,.,.,.,SER,N,101,117,0.00588952,0.0822925,5.4853,0.00258191,3,0
A,13,.,.,.,LEU,CD2,A,16,.,.,.,SER,CB,101,121,6.79271,3.55842,4.7189,-5.14952,3,0
A,13,.,.,.,LEU,CD2,A,39,.,.,.,ALA,O,101,294,5.7748,2.20451,4.30969,-1.96103,5,0
A,13,.,.,.,LEU,CD2,A,40,.,.,.,LYS,CA,101,297,4.07216,0,4.30269,-0.732456,5,0
A,13,.,.,.,LEU,CD2,A,40,.,.,.,LYS,CB,101,300,1.09259,0,4.94933,0.14956,5,0
A,13,.,.,.,LEU,CD2,A,40,.,.,.,LYS,CD,101,302,6.72015,4.89938,5.11539,-3.23056,5,0
A,13,.,.,.,LEU,CD2,A,41,.,.,.,PRO,CG,101,310,0.611002,0,4.64124,-0.287693,5,0
A,13,.,.,.,LEU,CD2,A,41,.,.,.,PRO,CD,101,311,4.98371,0,4.04476,-2.00151,5,0
A,13,.,.,.,LEU,CD2,A,129,.,.,.,ARG,CZ,101,989,1.39502,0,3.94954,-1.45509,5,0
A,13,.,.,.,LEU,CD2,A,129,.,.,.,ARG,NH1,101,990,5.51,1.85767,3.91214,-1.6264,5,0
A,13,.,.,.,LEU,CD2,A,129,.,.,.,ARG,NH2,101,991,5.53886,0,3.71606,-1.63492,5,0
A,13,.,.,.,LEU,CD2,A,131,.,.,.,TYR,OH,101,1011,0.0136422,0,5.19401,-0.0088779,5,0
A,14,.,.,.,VAL,N,A,14,.,.,.,VAL,CA,102,103,6.0356,0,1.47534,0,0,1
A,14,.,.,.,VAL,N,A,14,.,.,.,VAL,CB,102,106,0.919692,0,2.45856,0,0,0
A,14,.,.,.,VAL,N,A,14,.,.,.,VAL,CG1,102,107,1.51259,0,2.9127,0,0,0
A,14,.,.,.,VAL,N,A,14,.,.,.,VAL,CG2,102,108,1.72741,0,3,0,0,0
A,14,.,.,.,VAL,N,A,15,.,.,.,ASP,N,102,109,2.29519,0,2.80863,0,1,0
A,14,.,.,.,VAL,N,A,130,.,.,.,ILE,O,102,995,4.31104,0,2.77248,-9.19811,5,0
A,14,.,.,.,VAL,N,A,131,.,.,.,TYR,CA,102,1001,0.598629,0,4.31308,0.174457,5,0
A,14,.,.,.,VAL,CA,A,14,.,.,.,VAL,C,103,104,9.54766,1.51676,1.4919,0,0,1
A,14,.,.,.,VAL,CA,A,14,.,.,.,VAL,O,103,105,4.00567,2.94695,2.35136,0,0,0
A,14,.,.,.,VAL,CA,A,14,.,.,.,VAL,CB,103,106,8.74078,1.1778,1.49701,0,0,1
A,14,.,.,.,VAL,CA,A,14,.,.,.,VAL,CG1,103,107,3.21987,1.12266,2.45506,0,0,0
A,14,.,.,.,VAL,CA,A,14,.,.,.,VAL,CG2,103,108,0.896001,0,2.49706,0,0,0
A,14,.,.,.,VAL,CA,A,15,.,.,.,ASP,N,103,109,0.795448,0,2.44543,0,1,0
A,14,.,.,.,VAL,C,A,14,.,.,.,VAL,O,104,105,9.9318,2.08582,1.24125,0,0,1
A,14,.,.,.,VAL,C,A,14,.,.,.,VAL,CB,104,106,1.66705,0,2.4499,0,0,0
A,14,.,.,.,VAL,C,A,14,.,.,.,VAL,CG2,104,108,2.01848,0,2.98521,0,0,0
A,14,.,.,.,VAL,C,A,15,.,.,.,ASP,N,104,109,7.83952,0.106124,1.33623,0,1,1
A,14,.,.,.,VAL,C,A,15,.,.,.,ASP,CA,104,110,2.54486,1.11695,2.39541,0,1,0
A,14,.,.,.,VAL,C,A,15,.,.,.,ASP,CB,104,113,1.35002,0,3.17766,0,1,0
A,14,.,.,.,VAL,O,A,14,.,.,.,VAL,CB,105,106,6.41686,4.73545,2.98209,0,0,0
A,14,.,.,.,VAL,O,A,14,.,.,.,VAL,CG2,105,108,0.376649,0.452625,3.66853,0,0,0
A,14,.,.,.,VAL,O,A,15,.,.,.,ASP,CA,105,110,5.92322,2.70159,2.68998,0,1,0
A,14,.,.,.,VAL,O,A,15,.,.,.,ASP,CB,105,113,4.57422,2.36423,3.27226,0,1,0
A,14,.,.,.,VAL,O,A,15,.,.,.,ASP,OD1,105,115,2.11087,3.11138,4.15903,0,1,0
A,14,.,.,.,VAL,CB,A,14,.,.,.,VAL,CG1,106,107,15.9994,5.88456,1.52685,0,0,1
A,14,.,.,.,VAL,CB,A,14,.,.,.,VAL,CG2,106,108,14.5371,4.29134,1.51494,0,0,1
A,14,.,.,.,VAL,CB,A,132,.,.,.,GLU,OE1,106,1019,0.00505839,0.163009,4.90231,0.000561896,5,0
A,14,.,.,.,VAL,CG1,A,14,.,.,.,VAL,CG2,107,108,4.62265,0,2.5468,0,0,0
A,14,.,.,.,VAL,CG1,A,132,.,.,.,GLU,N,107,1012,0.957192,0,4.41977,0.945861,5,0
A,14,.,.,.,VAL,CG1,A,132,.,.,.,GLU,CB,107,1016,1.36397,0,4.2485,0.449011,5,0
A,14,.,.,.,VAL,CG1,A,132,.,.,.,GLU,CG,107,1017,4.60019,0,3.57821,-1.85052,5,0
A,14,.,.,.,VAL,CG1,A,132,.,.,.,GLU,CD,107,1018,4.5765,0.182216,3.378,-1.08648,5,0
A,14,.,.,.,VAL,CG1,A,132,.,.,.,GLU,OE1,107,1019,3.81753,2.66693,3.85314,1.01278,5,0
A,14,.,.,.,VAL,CG1,A,132,.,.,.,GLU,OE2,107,1020,6.63963,3.27313,3.42989,1.76147,5,0
A,14,.,.,.,VAL,CG2,A,15,.,.,.,ASP,N,108,109,1.67887,0,3.46741,0,1,0
A,14,.,.,.,VAL,CG2,A,15,.,.,.,ASP,CB,108,113,4.31143,2.53803,4.53051,0,1,0
A,14,.,.,.,VAL,CG2,A,115,.,.,.,LYS,CD,108,883,3.80506,0.469878,4.95348,-0.9964,5,0
A,14,.,.,.,VAL,CG2,A,115,.,.,.,LYS,CE,108,884,5.19865,3.82356,5.19323,1.79939,5,0
A,14,.,.,.,VAL,CG2,A,130,.,.,.,ILE,C,108,994,1.39101,0,3.86402,0.598656,5,0
A,14,.,.,.,VAL,CG2,A,130,.,.,.,ILE,O,108,995,2.42452,0,3.39758,-0.795866,5,0
A,14,.,.,.,VAL,CG2,A,130,.,.,.,ILE,CB,108,996,3.27587,0.0253816,4.11174,-4.90519,5,0
A,14,.,.,.,VAL,CG2,A,130,.,.,.,ILE,CG2,108,998,7.48475,1.50887,3.90678,-14.0496,5,0
A,14,.,.,.,VAL,CG2,A,131,.,.,.,TYR,N,108,1000,0.0438193,0,4.39357,0.0160755,5,0
A,14,.,.,.,VAL,CG2,A,131,.,.,.,TYR,CA,108,1001,1.75365,0,4.48139,-0.703981,5,0
A,14,.,.,.,VAL,CG2,A,131,.,.,.,TYR,C,108,1002,1.38201,0,4.56027,-0.192778,5,0
A,14,.,.,.,VAL,CG2,A,132,.,.,.,GLU,N,108,1012,1.9186,0,4.44721,1.85622,5,0
A,14,.,.,.,VAL,CG2,A,132,.,.,.,GLU,CB,108,1016,3.15525,0,4.82005,-1.2247,5,0
A,14,.,.,.,VAL,CG2,A,132,.,.,.,GLU,OE1,108,1019,0.762709,0.911416,5.08899,0.182423,5,0
A,15,.,.,.,ASP,N,A,15,.,.,.,ASP,CA,109,110,7.90231,0.121565,1.45436,0,0,1
A,15,.,.,.,ASP,N,A,15,.,.,.,ASP,C,109,111,1.16512,0,2.38198,0,0,0
A,15,.,.,.,ASP,N,A,15,.,.,.,ASP,O,109,112,2.18632,0,2.65734,0,0,0
A,15,.,.,.,ASP,N,A,15,.,.,.,ASP,CB,109,113,2.07175,0,2.46095,0,0,0
A,15,.,.,.,ASP,N,A,130,.,.,.,ILE,O,109,995,2.85077,0,3.26828,-2.54941,5,0
A,15,.,.,.,ASP,N,A,130,.,.,.,ILE,CB,109,996,1.16746,0,4.32823,0.846124,5,0
A,15,.,.,.,ASP,CA,A,15,.,.,.,ASP,C,110,111,7.47309,0.116501,1.49011,0,0,1
A,15,.,.,.,ASP,CA,A,15,.,.,.,ASP,O,110,112,0.516553,0,2.34098,0,0,0
A,15,.,.,.,ASP,CA,A,15,.,.,.,ASP,CB,110,113,7.79326,0,1.51839,0,0,1
A,15,.,.,.,ASP,CA,A,15,.,.,.,ASP,CG,110,114,0.837943,0,2.51885,0,0,0
A,15,.,.,.,ASP,CA,A,15,.,.,.,ASP,OD1,110,115,4.34074,1.75641,2.93457,0,0,0
A,15,.,.,.,ASP,CA,A,16,.,.,.,SER,N,110,117,5.79796,3.26505,2.39939,0,1,0
A,15,.,.,.,ASP,CA,A,130,.,.,.,ILE,CB,110,996,0.00035945,0,4.64454,9.9664e-05,5,0
A,15,.,.,.,ASP,C,A,15,.,.,.,ASP,O,111,112,8.46677,0,1.23281,0,0,1
A,15,.,.,.,ASP,C,A,15,.,.,.,ASP,CB,111,113,2.5172,0,2.41158,0,0,0
A,15,.,.,.,ASP,C,A,15,.,.,.,ASP,CG,111,114,0.378994,0,2.97798,0,0,0
A,15,.,.,.,ASP,C,A,15,.,.,.,ASP,OD2,111,116,1.07025,0,3.40916,0,0,0
A,15,.,.,.,ASP,C,A,16,.,.,.,SER,N,111,117,7.71871,0.120524,1.33741,0,1,1
A,15,.,.,.,ASP,C,A,16,.,.,.,SER,CA,111,118,2.0883,0,2.46246,0,1,0
A,15,.,.,.,ASP,C,A,16,.,.,.,SER,CB,111,121,1.7443,0,3.27553,0,1,0
A,15,.,.,.,ASP,C,A,128,.,.,.,THR,O,111,977,0.0542868,0,4.61316,0.0597779,5,0
A,15,.,.,.,ASP,C,A,130,.,.,.,ILE,CG1,111,997,0.0222146,0,4.81571,3.49764e-05,5,0
A,15,.,.,.,ASP,O,A,15,.,.,.,ASP,CB,112,113,0.991305,0,3.03329,0,0,0
A,15,.,.,.,ASP,O,A,15,.,.,.,ASP,OD2,112,116,0.0104948,0,4.03181,0,0,0
A,15,.,.,.,ASP,O,A,16,.,.,.,SER,CA,112,118,2.81964,0,2.83982,0,1,0
A,15,.,.,.,ASP,O,A,16,.,.,.,SER,CB,112,121,0.553585,0,3.55853,0,1,0
A,15,.,.,.,ASP,O,A,128,.,.,.,THR,O,112,977,0.515543,0,4.12628,0.515981,5,0
A,15,.,.,.,ASP,O,A,129,.,.,.,ARG,CA,112,982,3.96528,0,3.34683,-0.243186,5,0
A,15,.,.,.,ASP,O,A,129,.,.,.,ARG,CB,112,985,0.254483,0,3.94281,-0.0172348,5,0
A,15,.,.,.,ASP,O,A,129,.,.,.,ARG,CG,112,986,0.352411,0,4.22357,0.0400438,5,0
A,15,.,.,.,ASP,O,A,130,.,.,.,ILE,N,112,992,5.07071,0,2.83967,-3.58374,5,0
A,15,.,.,.,ASP,O,A,130,.,.,.,ILE,O,112,995,0.646208,0,3.59026,0.621105,5,0
A,15,.,.,.,ASP,O,A,130,.,.,.,ILE,CB,112,996,0.691963,0,4.01836,-0.0701243,5,0
A,15,.,.,.,ASP,O,A,130,.,.,.,ILE,CG1,112,997,1.17014,0,4.21803,0.481748,5,0
A,15,.,.,.,ASP,CB,A,15,.,.,.,ASP,CG,113,114,12.7483,3.96725,1.53618,0,0,1
A,15,.,.,.,ASP,CB,A,15,.,.,.,ASP,OD1,113,115,3.49083,1.59731,2.3525,0,0,0
A,15,.,.,.,ASP,CB,A,15,.,.,.,ASP,OD2,113,116,2.54279,0.0258541,2.43723,0,0,0
A,15,.,.,.,ASP,CB,A,130,.,.,.,ILE,CB,113,996,5.35654,0.937923,4.07727,-0.675385,5,0
A,15,.,.,.,ASP,CB,A,130,.,.,.,ILE,CG1,113,997,6.77106,2.1947,4.06305,-1.23299,5,0
A,15,.,.,.,ASP,CG,A,15,.,.,.,ASP,OD1,114,115,11.9429,3.57137,1.2423,0,0,1
A,15,.,.,.,ASP,CG,A,15,.,.,.,ASP,OD2,114,116,13.0369,3.90938,1.25308,0,0,1
A,15,.,.,.,ASP,CG,A,16,.,.,.,SER,N,114,117,2.63865,0,3.0822,0,1,0
A,15,.,.,.,ASP,CG,A,16,.,.,.,SER,C,114,119,4.21994e-05,0,4.41141,0,1,0
A,15,.,.,.,ASP,CG,A,17,.,.,.,LYS,NZ,114,131,1.61568,0.391632,3.38526,-3.48787,2,0
A,15,.,.,.,ASP,OD1,A,16,.,.,.,SER,N,115,117,2.20194,0.996104,3.42203,0,1,0
A,15,.,.,.,ASP,OD1,A,17,.,.,.,LYS,NZ,115,131,12.6653,7.32669,2.80273,-17.703,2,0
A,15,.,.,.,ASP,OD2,A,16,.,.,.,SER,N,116,117,1.17774,0,3.3302,0,1,0
A,15,.,.,.,ASP,OD2,A,16,.,.,.,SER,CA,116,118,0.961823,0,4.08902,0,1,0
A,15,.,.,.,ASP,OD2,A,16,.,.,.,SER,C,116,119,1.21839,0,4.00439,0,1,0
A,15,.,.,.,ASP,OD2,A,17,.,.,.,LYS,N,116,123,0.103967,0,4.48905,0.0588605,2,0
A,15,.,.,.,ASP,OD2,A,17,.,.,.,LYS,CG,116,128,9.29364,4.22259,3.70069,-0.505073,2,0
A,15,.,.,.,ASP,OD2,A,17,.,.,.,LYS,CE,116,130,1.75611,1.76721,4.02126,-2.18232,2,0
A,15,.,.,.,ASP,OD2,A,17,.,.,.,LYS,NZ,116,131,3.16774,0.154521,3.22879,-4.42771,2,0
A,15,.,.,.,ASP,OD2,A,128,.,.,.,THR,O,116,977,1.79893,0.763833,4.92163,1.95911,5,0
A,15,.,.,.,ASP,OD2,A,130,.,.,.,ILE,CG1,116,997,6.3677,4.48974,4.46761,3.15061,5,0
A,16,.,.,.,SER,N,A,16,.,.,.,SER,CA,117,118,7.04323,0,1.48559,0,0,1
A,16,.,.,.,SER,N,A,16,.,.,.,SER,C,117,119,1.1328,0,2.45678,0,0,0
A,16,.,.,.,SER,N,A,16,.,.,.,SER,O,117,120,4.22821,1.59492,2.80586,0,0,0
A,16,.,.,.,SER,N,A,16,.,.,.,SER,CB,117,121,6.28901,3.19734,2.43333,0,0,0
A,16,.,.,.,SER,N,A,17,.,.,.,LYS,NZ,117,131,0.748256,0.297188,4.30735,0,1,0
A,16,.,.,.,SER,CA,A,16,.,.,.,SER,C,118,119,7.10798,0,1.51819,0,0,1
A,16,.,.,.,SER,CA,A,16,.,.,.,SER,O,118,120,0.651757,0,2.40804,0,0,0
A,16,.,.,.,SER,CA,A,16,.,.,.,SER,CB,118,121,8.86139,0,1.51124,0,0,1
A,16,.,.,.,SER,CA,A,16,.,.,.,SER,OG,118,122,0.956888,0,2.45026,0,0,0
A,16,.,.,.,SER,CA,A,17,.,.,.,LYS,N,118,123,2.77417,0,2.41727,0,1,0
A,16,.,.,.,SER,CA,A,128,.,.,.,THR,O,118,977,4.26715,0,3.46778,-1.90579,5,0
A,16,.,.,.,SER,CA,A,129,.,.,.,ARG,CA,118,982,0.869079,0,4.40243,0.399711,5,0
A,16,.,.,.,SER,CA,A,129,.,.,.,ARG,CG,118,986,2.12681,0,4.0594,0.568763,5,0
A,16,.,.,.,SER,C,A,16,.,.,.,SER,O,119,120,8.69752,0.681215,1.27188,0,0,1
A,16,.,.,.,SER,C,A,16,.,.,.,SER,CB,119,121,2.55034,0.099034,2.50181,0,0,0
A,16,.,.,.,SER,C,A,16,.,.,.,SER,OG,119,122,1.81252,0.698662,2.94601,0,0,0
A,16,.,.,.,SER,C,A,17,.,.,.,LYS,N,119,123,7.30928,0,1.32039,0,1,1
A,16,.,.,.,SER,C,A,17,.,.,.,LYS,CA,119,124,2.66217,0.530707,2.42941,0,1,0
A,16,.,.,.,SER,C,A,17,.,.,.,LYS,CG,119,128,2.1201,0,3.35795,0,1,0
A,16,.,.,.,SER,C,A,17,.,.,.,LYS,NZ,119,131,0.113988,0,3.96389,0,1,0
A,16,.,.,.,SER,O,A,16,.,.,.,SER,CB,120,121,4.56243,4.02901,3.12184,0,0,0
A,16,.,.,.,SER,O,A,17,.,.,.,LYS,CA,120,124,4.20795,2.358,2.82885,0,1,0
A,16,.,.,.,SER,O,A,17,.,.,.,LYS,CG,120,128,0.579482,0,3.31744,0,1,0
A,16,.,.,.,SER,O,A,17,.,.,.,LYS,CD,120,129,5.07192,2.1508,3.22741,0,1,0
A,16,.,.,.,SER,O,A,17,.,.,.,LYS,NZ,120,131,8.07941,3.52908,3.09264,0,1,0
A,16,.,.,.,SER,CB,A,16,.,.,.,SER,OG,121,122,12.7973,3.67072,1.43705,0,0,1
A,16,.,.,.,SER,CB,A,129,.,.,.,ARG,CG,121,986,3.09235,0,3.835,-0.848702,5,0
A,16,.,.,.,SER,CB,A,129,.,.,.,ARG,NH1,121,990,6.11061,1.9942,3.52276,-0.924089,5,0
A,16,.,.,.,SER,OG,A,17,.,.,.,LYS,N,122,123,3.09874,0,3.27881,0,1,0
A,16,.,.,.,SER,OG,A,17,.,.,.,LYS,CA,122,124,0.482742,0.359818,4.29992,0,1,0
A,16,.,.,.,SER,OG,A,17,.,.,.,LYS,C,122,125,0.423591,0,4.49024,0,1,0
A,16,.,.,.,SER,OG,A,17,.,.,.,LYS,O,122,126,0.0256231,0,4.54245,0,1,0
A,16,.,.,.,SER,OG,A,19,.,.,.,PHE,N,122,136,1.2001,0.533341,4.37272,0.443881,3,0
A,16,.,.,.,SER,OG,A,19,.,.,.,PHE,CB,122,140,10.5789,3.34557,3.40803,-5.04813,3,0
A,16,.,.,.,SER,OG,A,19,.,.,.,PHE,CD2,122,143,0.0129002,0.111906,4.62622,-0.00217984,3,0
A,16,.,.,.,SER,OG,A,127,.,.,.,CYS,SG,122,973,1.34958,0,4.40789,-0.329346,5,0
A,16,.,.,.,SER,OG,A,129,.,.,.,ARG,CG,122,986,3.74276,0,3.40892,-0.824381,5,0
A,16,.,.,.,SER,OG,A,129,.,.,.,ARG,CD,122,987,0.425463,0,3.85064,-0.132965,5,0
A,16,.,.,.,SER,OG,A,129,.,.,.,ARG,NH1,122,990,4.8974,0.678744,2.97215,-2.52639,5,0
A,17,.,.,.,LYS,N,A,17,.,.,.,LYS,CA,123,124,7.05447,0,1.44691,0,0,1
A,17,.,.,.,LYS,N,A,17,.,.,.,LYS,C,123,125,1.61362,0,2.43897,0,0,0
A,17,.,.,.,LYS,N,A,17,.,.,.,LYS,O,123,126,2.21786,0,2.7658,0,0,0
A,17,.,.,.,LYS,N,A,17,.,.,.,LYS,CB,123,127,2.02619,0,2.41708,0,0,0
A,17,.,.,.,LYS,N,A,17,.,.,.,LYS,CG,123,128,1.92093,0,2.97857,0,0,0
A,17,.,.,.,LYS,N,A,127,.,.,.,CYS,SG,123,973,0.232163,0,5.08103,0.0843313,5,0
A,17,.,.,.,LYS,N,A,128,.,.,.,THR,O,123,977,6.33644,0,2.8914,-5.45023,5,0
A,17,.,.,.,LYS,N,A,129,.,.,.,ARG,CG,123,986,0.0780883,0,4.88768,0.124515,5,0
A,17,.,.,.,LYS,CA,A,17,.,.,.,LYS,C,124,125,7.40015,0,1.53486,0,0,1
A,17,.,.,.,LYS,CA,A,17,.,.,.,LYS,O,124,126,0.621701,0,2.36976,0,0,0
A,17,.,.,.,LYS,CA,A,17,.,.,.,LYS,CB,124,127,8.30316,0,1.52464,0,0,1
A,17,.,.,.,LYS,CA,A,17,.,.,.,LYS,CG,124,128,0.8336,0,2.55979,0,0,0
A,17,.,.,.,LYS,CA,A,17,.,.,.,LYS,CD,124,129,5.65522,2.23142,3.13529,0,0,0
A,17,.,.,.,LYS,CA,A,18,.,.,.,GLY,N,124,132,8.40755,4.27361,2.46331,0,1,0
A,17,.,.,.,LYS,CA,A,19,.,.,.,PHE,N,124,136,0.231789,0.280837,4.38439,0.418683,2,0
A,17,.,.,.,LYS,C,A,17,.,.,.,LYS,O,125,126,8.89196,0.680995,1.21737,0,0,1
A,17,.,.,.,LYS,C,A,17,.,.,.,LYS,CB,125,127,4.72546,1.5262,2.49942,0,0,0
A,17,.,.,.,LYS,C,A,18,.,.,.,GLY,N,125,132,8.09818,0.0297151,1.33207,0,1,1
A,17,.,.,.,LYS,C,A,18,.,.,.,GLY,CA,125,133,2.87673,1.40597,2.42695,0,1,0
A,17,.,.,.,LYS,C,A,19,.,.,.,PHE,N,125,136,2.92609,0,3.20002,6.53581,2,0
A,17,.,.,.,LYS,C,A,127,.,.,.,CYS,SG,125,973,0.00242191,0,4.50107,-0.000942078,5,0
A,17,.,.,.,LYS,O,A,17,.,.,.,LYS,CB,126,127,2.80665,0.969788,3.05997,0,0,0
A,17,.,.,.,LYS,O,A,18,.,.,.,GLY,CA,126,133,3.0842,0.542981,2.7584,0,1,0
A,17,.,.,.,LYS,O,A,18,.,.,.,GLY,C,126,134,0.285885,0,3.27291,0,1,0
A,17,.,.,.,LYS,O,A,19,.,.,.,PHE,N,126,136,1.07643,0,3.27583,1.16574,2,0
A,17,.,.,.,LYS,O,A,127,.,.,.,CYS,CA,126,969,4.59895,0.944951,3.23128,-2.08477,5,0
A,17,.,.,.,LYS,O,A,127,.,.,.,CYS,CB,126,972,0.303071,0,3.68583,-0.00596779,5,0
A,17,.,.,.,LYS,O,A,127,.,.,.,CYS,SG,126,973,3.41959,0,3.58663,1.0551,5,0
A,17,.,.,.,LYS,O,A,128,.,.,.,THR,N,126,974,6.62535,0.834485,2.87516,-6.06151,5,0
A,17,.,.,.,LYS,O,A,128,.,.,.,THR,O,126,977,1.37706,0,3.46132,1.21729,5,0
A,17,.,.,.,LYS,O,A,128,.,.,.,THR,CB,126,978,0.0354748,0.0254122,4.51607,-0.0155619,5,0
A,17,.,.,.,LYS,CB,A,17,.,.,.,LYS,CG,127,128,15.9465,4.5963,1.53515,0,0,1
A,17,.,.,.,LYS,CB,A,17,.,.,.,LYS,CD,127,129,5.79312,3.40568,2.5647,0,0,0
A,17,.,.,.,LYS,CB,A,18,.,.,.,GLY,N,127,132,3.30052,3.58667,3.37993,0,1,0
A,17,.,.,.,LYS,CB,A,128,.,.,.,THR,N,127,974,0.00475862,0,4.84834,0.00582536,5,0
A,17,.,.,.,LYS,CB,A,128,.,.,.,THR,O,127,977,1.57405,0,4.088,0.00899244,5,0
A,17,.,.,.,LYS,CB,A,128,.,.,.,THR,CB,127,978,7.81865,3.91971,4.94526,-2.8683,5,0
A,17,.,.,.,LYS,CG,A,17,.,.,.,LYS,CD,128,129,11.5726,2.82275,1.57765,0,0,1
A,17,.,.,.,LYS,CG,A,17,.,.,.,LYS,CE,128,130,5.76639,2.95016,2.60795,0,0,0
A,17,.,.,.,LYS,CG,A,17,.,.,.,LYS,NZ,128,131,1.28215,0,3.2169,0,0,0
A,17,.,.,.,LYS,CG,A,128,.,.,.,THR,O,128,977,0.975851,0.20309,4.66025,0.333121,5,0
A,17,.,.,.,LYS,CG,A,128,.,.,.,THR,CB,128,978,1.59237,2.64739,5.63575,-0.266854,5,0
A,17,.,.,.,LYS,CD,A,17,.,.,.,LYS,CE,129,130,19.1884,9.00559,1.5418,0,0,1
A,17,.,.,.,LYS,CD,A,17,.,.,.,LYS,NZ,129,131,1.57782,0.130952,2.54526,0,0,0
A,17,.,.,.,LYS,CD,A,18,.,.,.,GLY,N,129,132,0.128405,1.09715,4.93788,0,1,0
A,17,.,.,.,LYS,CE,A,17,.,.,.,LYS,NZ,130,131,19.374,9.11303,1.51322,0,0,1
A,18,.,.,.,GLY,N,A,18,.,.,.,GLY,CA,132,133,16.3946,7.67592,1.45907,0,0,1
A,18,.,.,.,GLY,N,A,19,.,.,.,PHE,N,132,136,5.19859,2.77462,2.75871,0,1,0
A,18,.,.,.,GLY,CA,A,18,.,.,.,GLY,C,133,134,10.9067,0,1.51011,0,0,1
A,18,.,.,.,GLY,CA,A,18,.,.,.,GLY,O,133,135,2.3232,0,2.37999,0,0,0
A,18,.,.,.,GLY,CA,A,19,.,.,.,PHE,N,133,136,1.61037,0.11864,2.41883,0,1,0
A,18,.,.,.,GLY,CA,A,20,.,.,.,ASP,N,133,147,0.599058,1.40762,4.53595,0.437304,2,0
A,18,.,.,.,GLY,CA,A,21,.,.,.,GLU,N,133,155,0.805337,0.519707,4.71367,0.878356,3,0
A,18,.,.,.,GLY,CA,A,21,.,.,.,GLU,CB,133,159,4.59793,1.56,4.84436,1.35236,3,0
A,18,.,.,.,GLY,CA,A,21,.,.,.,GLU,CG,133,160,4.13566,4.42785,5.26331,1.91673,3,0
A,18,.,.,.,GLY,CA,A,126,.,.,.,THR,O,133,964,9.23493,4.6502,3.59441,-4.16115,5,0
A,18,.,.,.,GLY,CA,A,127,.,.,.,CYS,CA,133,969,1.81573,0.0269404,4.17712,0.0811102,5,0
A,18,.,.,.,GLY,C,A,18,.,.,.,GLY,O,134,135,7.46007,0,1.22854,0,0,1
A,18,.,.,.,GLY,C,A,19,.,.,.,PHE,N,134,136,7.00676,0,1.32212,0,1,1
A,18,.,.,.,GLY,C,A,19,.,.,.,PHE,CA,134,137,1.24679,0,2.3828,0,1,0
A,18,.,.,.,GLY,C,A,19,.,.,.,PHE,C,134,138,0.393794,0,3.01845,0,1,0
A,18,.,.,.,GLY,C,A,20,.,.,.,ASP,N,134,147,1.95629,0,3.38219,1.89242,2,0
A,18,.,.,.,GLY,C,A,21,.,.,.,GLU,N,134,155,1.5992,0,3.8805,1.71515,3,0
A,18,.,.,.,GLY,C,A,21,.,.,.,GLU,CB,134,159,0.0688965,0,4.60636,0.0108518,3,0
A,18,.,.,.,GLY,C,A,126,.,.,.,THR,O,134,964,0.162342,0,3.76213,0.0529318,5,0
A,18,.,.,.,GLY,C,A,127,.,.,.,CYS,CA,134,969,0.572971,0,4.0007,-0.269081,5,0
A,18,.,.,.,GLY,C,A,127,.,.,.,CYS,CB,134,972,2.15541,0,3.67043,-0.444504,5,0
A,18,.,.,.,GLY,O,A,19,.,.,.,PHE,CA,135,137,1.83678,0,2.67875,0,1,0
A,18,.,.,.,GLY,O,A,19,.,.,.,PHE,C,135,138,1.70197,0,2.8967,0,1,0
A,18,.,.,.,GLY,O,A,19,.,.,.,PHE,O,135,139,0.00321591,0,3.34515,0,1,0
A,18,.,.,.,GLY,O,A,20,.,.,.,ASP,N,135,147,0.00225076,0,3.44378,0.00164998,2,0
A,18,.,.,.,GLY,O,A,21,.,.,.,GLU,N,135,155,2.14538,0,3.26408,-0.0562848,3,0
A,18,.,.,.,GLY,O,A,21,.,.,.,GLU,CA,135,156,0.0781439,0,3.79711,0.0621418,3,0
A,18,.,.,.,GLY,O,A,21,.,.,.,GLU,CB,135,159,3.06634,0,3.86626,1.86444,3,0
A,18,.,.,.,GLY,O,A,22,.,.,.,TYR,N,135,164,4.86852,0,2.92925,-4.76243,4,0
A,18,.,.,.,GLY,O,A,22,.,.,.,TYR,CB,135,168,3.27975,0,3.50962,-0.854237,4,0
A,18,.,.,.,GLY,O,A,126,.,.,.,THR,O,135,964,4.03261,0,3.37874,3.07962,5,0
A,18,.,.,.,GLY,O,A,127,.,.,.,CYS,CA,135,969,0.00899252,0,4.07456,0.00122906,5,0
A,18,.,.,.,GLY,O,A,127,.,.,.,CYS,CB,135,972,1.80243,0,3.63152,-1.18403,5,0
A,19,.,.,.,PHE,N,A,19,.,.,.,PHE,CA,136,137,6.67657,0,1.45607,0,0,1
A,19,.,.,.,PHE,N,A,19,.,.,.,PHE,C,136,138,0.0595538,0,2.50079,0,0,0
A,19,.,.,.,PHE,N,A,19,.,.,.,PHE,CB,136,140,5.34832,1.32068,2.48335,0,0,0
A,19,.,.,.,PHE,N,A,20,.,.,.,ASP,N,136,147,4.68948,2.38991,2.91585,0,1,0
A,19,.,.,.,PHE,N,A,127,.,.,.,CYS,CB,136,972,0.318753,0,3.78465,0.168172,5,0
A,19,.,.,.,PHE,N,A,127,.,.,.,CYS,SG,136,973,1.88679,0,3.5485,-0.156507,5,0
A,19,.,.,.,PHE,CA,A,19,.,.,.,PHE,C,137,138,6.76774,0,1.52599,0,0,1
A,19,.,.,.,PHE,CA,A,19,.,.,.,PHE,O,137,139,1.23938,0,2.40603,0,0,0
A,19,.,.,.,PHE,CA,A,19,.,.,.,PHE,CB,137,140,7.82619,0,1.56194,0,0,1
A,19,.,.,.,PHE,CA,A,19,.,.,.,PHE,CG,137,141,0.313702,0,2.57888,0,0,0
A,19,.,.,.,PHE,CA,A,19,.,.,.,PHE,CD1,137,142,2.86889,0,3.07865,0,0,0
A,19,.,.,.,PHE,CA,A,20,.,.,.,ASP,N,137,147,1.43278,0,2.45927,0,1,0
A,19,.,.,.,PHE,CA,A,22,.,.,.,TYR,CB,137,168,1.66009,0,4.41534,-0.53956,3,0
A,19,.,.,.,PHE,CA,A,127,.,.,.,CYS,CB,137,972,2.0144,0,3.81911,-0.368772,5,0
A,19,.,.,.,PHE,CA,A,127,.,.,.,CYS,SG,137,973,2.43606,0,3.38148,-1.72275,5,0
A,19,.,.,.,PHE,C,A,19,.,.,.,PHE,O,138,139,7.371,0,1.24438,0,0,1
A,19,.,.,.,PHE,C,A,19,.,.,.,PHE,CB,138,140,1.45944,0,2.58519,0,0,0
A,19,.,.,.,PHE,C,A,19,.,.,.,PHE,CG,138,141,1.25373,0,3.11376,0,0,0
A,19,.,.,.,PHE,C,A,19,.,.,.,PHE,CD1,138,142,0.0264059,0,3.5805,0,0,0
A,19,.,.,.,PHE,C,A,19,.,.,.,PHE,CD2,138,143,0.451809,0,3.90749,0,0,0
A,19,.,.,.,PHE,C,A,20,.,.,.,ASP,N,138,147,6.94063,0,1.32866,0,1,1
A,19,.,.,.,PHE,C,A,20,.,.,.,ASP,CA,138,148,1.30729,0,2.38927,0,1,0
A,19,.,.,.,PHE,C,A,20,.,.,.,ASP,C,138,149,0.335014,0,2.99531,0,1,0
A,19,.,.,.,PHE,C,A,21,.,.,.,GLU,N,138,155,0.987291,0,3.22612,2.24971,2,0
A,19,.,.,.,PHE,C,A,22,.,.,.,TYR,N,138,164,0.31985,0,3.8021,0.494766,3,0
A,19,.,.,.,PHE,C,A,22,.,.,.,TYR,CB,138,168,0.0164137,0,4.30699,-0.00939371,3,0
A,19,.,.,.,PHE,C,A,23,.,.,.,MET,CE,138,183,1.06628,0,4.21084,-0.472357,4,0
A,19,.,.,.,PHE,O,A,19,.,.,.,PHE,CG,139,141,0.415911,0,3.37105,0,0,0
A,19,.,.,.,PHE,O,A,19,.,.,.,PHE,CD1,139,142,2.8814,0,3.42178,0,0,0
A,19,.,.,.,PHE,O,A,20,.,.,.,ASP,CA,139,148,2.01673,0,2.67817,0,1,0
A,19,.,.,.,PHE,O,A,20,.,.,.,ASP,C,139,149,1.72823,0,2.88113,0,1,0
A,19,.,.,.,PHE,O,A,21,.,.,.,GLU,N,139,155,0.0353951,0,3.32599,0.0435434,2,0
A,19,.,.,.,PHE,O,A,22,.,.,.,TYR,N,139,164,1.70904,0,3.26015,-3.08765,3,0
A,19,.,.,.,PHE,O,A,22,.,.,.,TYR,CA,139,165,0.0611756,0,3.70891,-0.0666747,3,0
A,19,.,.,.,PHE,O,A,22,.,.,.,TYR,CB,139,168,2.7801,0,3.6174,-1.58514,3,0
A,19,.,.,.,PHE,O,A,22,.,.,.,TYR,CD2,139,171,0.0518137,0,4.69866,-0.0076589,3,0
A,19,.,.,.,PHE,O,A,23,.,.,.,MET,N,139,176,4.14349,0,2.88055,-5.7215,4,0
A,19,.,.,.,PHE,O,A,23,.,.,.,MET,CB,139,180,1.05419,0,3.61505,-0.251718,4,0
A,19,.,.,.,PHE,O,A,23,.,.,.,MET,CG,139,181,3.5344,0,3.44571,-1.57825,4,0
A,19,.,.,.,PHE,O,A,23,.,.,.,MET,CE,139,183,1.17724,0,3.83781,-0.795723,4,0
A,19,.,.,.,PHE,CB,A,19,.,.,.,PHE,CG,140,141,6.88649,0,1.52181,0,0,1
A,19,.,.,.,PHE,CB,A,19,.,.,.,PHE,CD1,140,142,1.19667,0,2.55022,0,0,0
A,19,.,.,.,PHE,CB,A,19,.,.,.,PHE,CD2,140,143,7.68335,2.75059,2.48127,0,0,0
A,19,.,.,.,PHE,CB,A,20,.,.,.,ASP,N,140,147,4.43361,2.77682,3.29613,0,1,0
A,19,.,.,.,PHE,CB,A,127,.,.,.,CYS,SG,140,973,4.50672,0,3.36408,-6.99713,5,0
A,19,.,.,.,PHE,CB,A,129,.,.,.,ARG,CD,140,987,1.22967,0,4.40028,-0.514323,5,0
A,19,.,.,.,PHE,CB,A,129,.,.,.,ARG,NH1,140,990,1.7971,0,3.93993,-0.647465,5,0
A,19,.,.,.,PHE,CG,A,19,.,.,.,PHE,CD1,141,142,7.73008,0,1.40551,0,0,1
A,19,.,.,.,PHE,CG,A,19,.,.,.,PHE,CD2,141,143,7.90533,0,1.35453,0,0,1
A,19,.,.,.,PHE,CG,A,23,.,.,.,MET,CG,141,181,0.0581775,0,4.64223,-0.143506,4,0
A,19,.,.,.,PHE,CG,A,23,.,.,.,MET,CE,141,183,0.161548,0,4.23451,-0.467576,4,0
A,19,.,.,.,PHE,CG,A,129,.,.,.,ARG,CD,141,987,0.783771,0,4.21226,-0.8044,5,0
A,19,.,.,.,PHE,CG,A,129,.,.,.,ARG,CZ,141,989,0.271348,0,4.1786,-0.54817,5,0
A,19,.,.,.,PHE,CG,A,129,.,.,.,ARG,NH1,141,990,0.611231,0,3.68909,-0.624354,5,0
A,19,.,.,.,PHE,CD1,A,19,.,.,.,PHE,CD2,142,143,0.761552,0,2.38726,0,0,0
A,19,.,.,.,PHE,CD1,A,19,.,.,.,PHE,CE1,142,144,13.8827,0,1.41208,0,0,1
A,19,.,.,.,PHE,CD1,A,19,.,.,.,PHE,CZ,142,146,0.173872,0,2.38895,0,0,0
A,19,.,.,.,PHE,CD1,A,22,.,.,.,TYR,CB,142,168,1.15336,0,4.80074,-1.71471,3,0
A,19,.,.,.,PHE,CD1,A,22,.,.,.,TYR,CD2,142,171,4.254,0,4.31024,-5.71508,3,0
A,19,.,.,.,PHE,CD1,A,23,.,.,.,MET,CG,142,181,1.45597,0,4.24855,-1.94321,4,0
A,19,.,.,.,PHE,CD1,A,120,.,.,.,CYS,SG,142,922,0.908421,0,5.75055,-1.36145,5,0
A,19,.,.,.,PHE,CD1,A,127,.,.,.,CYS,CB,142,972,0.623217,0,4.46821,-0.765335,5,0
A,19,.,.,.,PHE,CD1,A,127,.,.,.,CYS,SG,142,973,6.4799,0,3.54986,-9.71142,5,0
A,19,.,.,.,PHE,CD1,A,129,.,.,.,ARG,CD,142,987,3.66978,0,4.16874,-2.27607,5,0
A,19,.,.,.,PHE,CD1,A,129,.,.,.,ARG,CZ,142,989,0.24606,0,4.57301,-0.227437,5,0
A,19,.,.,.,PHE,CD2,A,19,.,.,.,PHE,CE2,143,145,11.3024,0,1.41509,0,0,1
A,19,.,.,.,PHE,CD2,A,19,.,.,.,PHE,CZ,143,146,0.0861647,0,2.37925,0,0,0
A,19,.,.,.,PHE,CD2,A,20,.,.,.,ASP,N,143,147,0.712591,0.631436,4.5,0,1,0
A,19,.,.,.,PHE,CD2,A,23,.,.,.,MET,CG,143,181,0.0447243,0,4.67832,-0.0596913,4,0
A,19,.,.,.,PHE,CD2,A,23,.,.,.,MET,CE,143,183,6.14883,0.560042,3.66582,-9.90054,4,0
A,19,.,.,.,PHE,CD2,A,36,.,.,.,GLY,C,143,276,1.31543,0,4.3568,-0.89262,5,0
A,19,.,.,.,PHE,CD2,A,36,.,.,.,GLY,O,143,277,4.70438,1.09996,3.9555,-1.30669,5,0
A,19,.,.,.,PHE,CD2,A,37,.,.,.,ALA,CA,143,279,1.84741,2.32801,5.5107,-1.20424,5,0
A,19,.,.,.,PHE,CD2,A,129,.,.,.,ARG,CZ,143,989,0.894907,0,3.92894,-0.827177,5,0
A,19,.,.,.,PHE,CD2,A,129,.,.,.,ARG,NH1,143,990,6.83571,1.09206,3.40172,-0.853084,5,0
A,19,.,.,.,PHE,CE1,A,19,.,.,.,PHE,CZ,144,146,17.4201,5.71229,1.37279,0,0,1
A,19,.,.,.,PHE,CE1,A,22,.,.,.,TYR,CD2,144,171,5.00902,0,4.31826,-7.54088,3,0
A,19,.,.,.,PHE,CE1,A,22,.,.,.,TYR,CE2,144,173,3.73305,3.596,4.853,-5.47881,3,0
A,19,.,.,.,PHE,CE1,A,23,.,.,.,MET,CG,144,181,6.14498,1.50192,3.85759,-9.28851,4,0
A,19,.,.,.,PHE,CE1,A,26,.,.,.,LEU,CD1,144,208,7.33613e-05,0.0114847,6.43471,-0.000105513,5,0
A,19,.,.,.,PHE,CE1,A,120,.,.,.,CYS,SG,144,922,3.16448,2.51442,5.73771,-4.80213,5,0
A,19,.,.,.,PHE,CE1,A,129,.,.,.,ARG,CD,144,987,2.40067,1.39661,4.69957,-1.89369,5,0
A,19,.,.,.,PHE,CE1,A,129,.,.,.,ARG,NE,144,988,1.31942,1.0902,4.73411,-1.35427,5,0
A,19,.,.,.,PHE,CE1,A,129,.,.,.,ARG,CZ,144,989,0.3556,0,4.73667,-0.403692,5,0
A,19,.,.,.,PHE,CE2,A,19,.,.,.,PHE,CZ,145,146,14.9497,1.96453,1.34016,0,0,1
A,19,.,.,.,PHE,CE2,A,23,.,.,.,MET,CG,145,181,0.0213811,0,4.31996,-0.0305001,4,0
A,19,.,.,.,PHE,CE2,A,23,.,.,.,MET,SD,145,182,2.59242,0,3.68668,-4.61015,4,0
A,19,.,.,.,PHE,CE2,A,23,.,.,.,MET,CE,145,183,2.41043,0,3.58462,-3.98723,4,0
A,19,.,.,.,PHE,CE2,A,36,.,.,.,GLY,CA,145,275,8.55424,2.49699,3.90161,-6.59046,5,0
A,19,.,.,.,PHE,CE2,A,36,.,.,.,GLY,C,145,276,0.929706,0,4.03541,-0.463059,5,0
A,19,.,.,.,PHE,CE2,A,36,.,.,.,GLY,O,145,277,3.24703,0.0829032,3.79773,-0.242356,5,0
A,19,.,.,.,PHE,CE2,A,129,.,.,.,ARG,CZ,145,989,1.72365,0,4.11678,-1.67177,5,0
A,19,.,.,.,PHE,CE2,A,129,.,.,.,ARG,NH1,145,990,0.256042,0,3.97566,-0.127727,5,0
A,19,.,.,.,PHE,CE2,A,129,.,.,.,ARG,NH2,145,991,4.81338,1.95102,4.26895,-2.40115,5,0
A,19,.,.,.,PHE,CZ,A,23,.,.,.,MET,CG,146,181,2.25968,0.871442,3.89692,-3.50483,4,0
A,19,.,.,.,PHE,CZ,A,23,.,.,.,MET,SD,146,182,6.78228,2.99872,3.65269,-12.9691,4,0
A,19,.,.,.,PHE,CZ,A,36,.,.,.,GLY,CA,146,275,0.891347,1.83571,4.76903,-0.536951,5,0
A,19,.,.,.,PHE,CZ,A,129,.,.,.,ARG,NE,146,988,0.242477,0.462147,4.8453,-0.264094,5,0
A,19,.,.,.,PHE,CZ,A,129,.,.,.,ARG,CZ,146,989,1.55282,0,4.51099,-1.88949,5,0
A,19,.,.,.,PHE,CZ,A,129,.,.,.,ARG,NH2,146,991,2.33782,2.70442,4.6765,-1.28505,5,0
A,20,.,.,.,ASP,N,A,20,.,.,.,ASP,CA,147,148,7.97894,0,1.44112,0,0,1
A,20,.,.,.,ASP,N,A,20,.,.,.,ASP,C,147,149,0.0454185,0,2.48042,0,0,0
A,20,.,.,.,ASP,N,A,20,.,.,.,ASP,CB,147,151,9.01786,6.56317,2.43926,0,0,0
A,20,.,.,.,ASP,N,A,21,.,.,.,GLU,N,147,155,2.90638,0.217778,2.81059,0,1,0
A,20,.,.,.,ASP,N,A,23,.,.,.,MET,CE,147,183,0.909684,0.392303,4.2737,0.479819,3,0
A,20,.,.,.,ASP,CA,A,20,.,.,.,ASP,C,148,149,6.53177,0,1.56294,0,0,1
A,20,.,.,.,ASP,CA,A,20,.,.,.,ASP,O,148,150,1.56983,0,2.44483,0,0,0
A,20,.,.,.,ASP,CA,A,20,.,.,.,ASP,CB,148,151,9.73792,0,1.51655,0,0,1
A,20,.,.,.,ASP,CA,A,20,.,.,.,ASP,CG,148,152,0.929422,0,2.51201,0,0,0
A,20,.,.,.,ASP,CA,A,20,.,.,.,ASP,OD1,148,153,2.39243,0,2.94279,0,0,0
A,20,.,.,.,ASP,CA,A,21,.,.,.,GLU,N,148,155,1.09707,0,2.46746,0,1,0
A,20,.,.,.,ASP,CA,A,23,.,.,.,MET,CB,148,180,1.42034,0,4.50363,0.822431,3,0
A,20,.,.,.,ASP,CA,A,23,.,.,.,MET,CE,148,183,5.94831,0,3.93775,0.32188,3,0
A,20,.,.,.,ASP,C,A,20,.,.,.,ASP,O,149,150,7.62519,0,1.24604,0,0,1
A,20,.,.,.,ASP,C,A,20,.,.,.,ASP,CB,149,151,1.88234,0,2.53702,0,0,0
A,20,.,.,.,ASP,C,A,20,.,.,.,ASP,CG,149,152,1.37903,0,3.06594,0,0,0
A,20,.,.,.,ASP,C,A,20,.,.,.,ASP,OD2,149,154,0.644519,0,3.61772,0,0,0
A,20,.,.,.,ASP,C,A,21,.,.,.,GLU,N,149,155,7.05329,0,1.33054,0,1,1
A,20,.,.,.,ASP,C,A,21,.,.,.,GLU,CA,149,156,1.80483,0,2.39354,0,1,0
A,20,.,.,.,ASP,C,A,21,.,.,.,GLU,C,149,157,0.37927,0,3.0563,0,1,0
A,20,.,.,.,ASP,C,A,21,.,.,.,GLU,CD,149,161,0.00230433,0,4.61857,0,1,0
A,20,.,.,.,ASP,C,A,21,.,.,.,GLU,OE2,149,163,0.020286,0,4.87219,0,1,0
A,20,.,.,.,ASP,C,A,22,.,.,.,TYR,N,149,164,0.627585,0,3.32587,1.00439,2,0
A,20,.,.,.,ASP,C,A,23,.,.,.,MET,N,149,176,0.570875,0,3.75544,1.67167,3,0
A,20,.,.,.,ASP,C,A,23,.,.,.,MET,CB,149,180,0.0438144,0,4.35287,0.00835373,3,0
A,20,.,.,.,ASP,C,A,24,.,.,.,LYS,CD,149,190,0.869315,0,4.46825,-0.135465,4,0
A,20,.,.,.,ASP,O,A,20,.,.,.,ASP,CG,150,152,1.40403,0,3.3088,0,0,0
A,20,.,.,.,ASP,O,A,20,.,.,.,ASP,OD1,150,153,1.13927,0,3.46517,0,0,0
A,20,.,.,.,ASP,O,A,21,.,.,.,GLU,CA,150,156,2.07849,0,2.70166,0,1,0
A,20,.,.,.,ASP,O,A,21,.,.,.,GLU,C,150,157,1.21796,0,3.01419,0,1,0
A,20,.,.,.,ASP,O,A,23,.,.,.,MET,N,150,176,1.60714,0,3.2849,-0.475399,3,0
A,20,.,.,.,ASP,O,A,23,.,.,.,MET,CA,150,177,0.178414,0,3.68578,-0.00231817,3,0
A,20,.,.,.,ASP,O,A,23,.,.,.,MET,CB,150,180,2.86718,0,3.67433,0.654367,3,0
A,20,.,.,.,ASP,O,A,24,.,.,.,LYS,N,150,184,3.86414,0,2.90191,-2.63185,4,0
A,20,.,.,.,ASP,O,A,24,.,.,.,LYS,CB,150,188,0.490981,0,3.57125,0.00945669,4,0
A,20,.,.,.,ASP,O,A,24,.,.,.,LYS,CG,150,189,4.97209,0,3.17406,-0.185679,4,0
A,20,.,.,.,ASP,O,A,24,.,.,.,LYS,CD,150,190,0.635061,0,3.79672,0.0547233,4,0
A,20,.,.,.,ASP,O,A,33,.,.,.,ARG,CD,150,252,1.29354,0,4.38952,-0.476362,5,0
A,20,.,.,.,ASP,CB,A,20,.,.,.,ASP,CG,151,152,12.6127,2.92612,1.5075,0,0,1
A,20,.,.,.,ASP,CB,A,20,.,.,.,ASP,OD1,151,153,2.25283,0,2.39752,0,0,0
A,20,.,.,.,ASP,CB,A,20,.,.,.,ASP,OD2,151,154,6.61009,3.61787,2.33868,0,0,0
A,20,.,.,.,ASP,CB,A,21,.,.,.,GLU,N,151,155,3.65548,0.691738,3.24492,0,1,0
A,20,.,.,.,ASP,CB,A,21,.,.,.,GLU,CG,151,160,1.82607,2.13576,5.29515,0,1,0
A,20,.,.,.,ASP,CB,A,21,.,.,.,GLU,OE2,151,163,0.425154,0.414435,5.37219,0,1,0
A,20,.,.,.,ASP,CB,A,23,.,.,.,MET,CE,151,183,1.67972,1.041,4.66874,0.204206,3,0
A,20,.,.,.,ASP,CB,A,37,.,.,.,ALA,CA,151,279,0.264402,0.997091,6.52105,0.110566,5,0
A,20,.,.,.,ASP,CB,A,37,.,.,.,ALA,CB,151,282,2.68895,2.52471,6.27062,-0.620712,5,0
A,20,.,.,.,ASP,CG,A,20,.,.,.,ASP,OD1,152,153,14.3459,3.27754,1.25324,0,0,1
A,20,.,.,.,ASP,CG,A,20,.,.,.,ASP,OD2,152,154,14.0486,4.0989,1.23909,0,0,1
A,20,.,.,.,ASP,CG,A,24,.,.,.,LYS,CG,152,189,0.612806,0,4.60795,-0.279094,4,0
A,20,.,.,.,ASP,CG,A,24,.,.,.,LYS,CD,152,190,0.122078,0,4.52708,-0.201622,4,0
A,20,.,.,.,ASP,CG,A,24,.,.,.,LYS,CE,152,191,0.894917,0,3.94004,-1.51765,4,0
A,20,.,.,.,ASP,CG,A,37,.,.,.,ALA,CB,152,282,0.410774,0.891417,6.22829,-0.15907,5,0
A,20,.,.,.,ASP,OD1,A,20,.,.,.,ASP,OD2,153,154,0.944604,1.01202,2.19259,0,0,0
A,20,.,.,.,ASP,OD1,A,23,.,.,.,MET,CB,153,180,0.212202,0,4.9576,0.091574,3,0
A,20,.,.,.,ASP,OD1,A,23,.,.,.,MET,CE,153,183,4.18076,0,4.08236,1.01409,3,0
A,20,.,.,.,ASP,OD1,A,24,.,.,.,LYS,CG,153,189,0.355514,0,4.57663,-0.153876,4,0
A,20,.,.,.,ASP,OD1,A,24,.,.,.,LYS,CE,153,191,0.539697,0,4.26546,-0.670682,4,0
A,20,.,.,.,ASP,OD1,A,33,.,.,.,ARG,C,153,248,0.00462515,0.0636612,4.9629,0.00529719,5,0
A,20,.,.,.,ASP,OD1,A,33,.,.,.,ARG,O,153,249,2.02451,0.524589,4.67122,1.30627,5,0
A,20,.,.,.,ASP,OD1,A,33,.,.,.,ARG,CB,153,250,6.59465,2.14194,3.88552,-2.89239,5,0
A,20,.,.,.,ASP,OD1,A,33,.,.,.,ARG,CG,153,251,0.000577011,0,4.22723,-0.000442467,5,0
A,20,.,.,.,ASP,OD1,A,33,.,.,.,ARG,CD,153,252,4.90783,0,3.59492,-3.49,5,0
A,20,.,.,.,ASP,OD1,A,33,.,.,.,ARG,NE,153,253,4.08348,1.62484,3.67136,-5.27443,5,0
A,20,.,.,.,ASP,OD1,A,37,.,.,.,ALA,CB,153,282,1.93456,1.35889,5.78223,0.664054,5,0
A,20,.,.,.,ASP,OD2,A,21,.,.,.,GLU,N,154,155,0.0455513,0,4.29986,0,1,0
A,20,.,.,.,ASP,OD2,A,21,.,.,.,GLU,OE2,154,163,3.53923,1.9708,4.4687,0,1,0
A,20,.,.,.,ASP,OD2,A,24,.,.,.,LYS,CD,154,190,0.505615,0,3.89692,-0.48396,4,0
A,20,.,.,.,ASP,OD2,A,24,.,.,.,LYS,CE,154,191,11.2729,2.55561,3.07533,-8.67053,4,0
A,20,.,.,.,ASP,OD2,A,24,.,.,.,LYS,NZ,154,192,2.93906,3.26344,3.76554,-3.19499,4,0
A,20,.,.,.,ASP,OD2,A,33,.,.,.,ARG,NE,154,253,0.0400842,0.165068,4.72892,-0.0517748,5,0
A,21,.,.,.,GLU,N,A,21,.,.,.,GLU,CA,155,156,6.82592,0,1.45725,0,0,1
A,21,.,.,.,GLU,N,A,21,.,.,.,GLU,C,155,157,0.0665183,0,2.4716,0,0,0
A,21,.,.,.,GLU,N,A,21,.,.,.,GLU,CB,155,159,2.29464,0,2.46058,0,0,0
A,21,.,.,.,GLU,N,A,21,.,.,.,GLU,CG,155,160,5.1269,0.753059,3.10219,0,0,0
A,21,.,.,.,GLU,N,A,21,.,.,.,GLU,CD,155,161,0.122382,0,3.81958,0,0,0
A,21,.,.,.,GLU,N,A,21,.,.,.,GLU,OE2,155,163,0.158597,0,4.3084,0,0,0
A,21,.,.,.,GLU,N,A,22,.,.,.,TYR,N,155,164,1.67151,0,2.79148,0,1,0
A,21,.,.,.,GLU,CA,A,21,.,.,.,GLU,C,156,157,6.69748,0,1.52625,0,0,1
A,21,.,.,.,GLU,CA,A,21,.,.,.,GLU,O,156,158,2.24814,0,2.3823,0,0,0
A,21,.,.,.,GLU,CA,A,21,.,.,.,GLU,CB,156,159,8.07261,0,1.52419,0,0,1
A,21,.,.,.,GLU,CA,A,21,.,.,.,GLU,CG,156,160,1.28835,0,2.58097,0,0,0
A,21,.,.,.,GLU,CA,A,21,.,.,.,GLU,CD,156,161,2.67065,0,3.11096,0,0,0
A,21,.,.,.,GLU,CA,A,21,.,.,.,GLU,OE1,156,162,1.68286,0,3.36732,0,0,0
A,21,.,.,.,GLU,CA,A,22,.,.,.,TYR,N,156,164,1.06883,0,2.44491,0,1,0
A,21,.,.,.,GLU,CA,A,24,.,.,.,LYS,CB,156,188,2.04592,0,4.31001,1.17101,3,0
A,21,.,.,.,GLU,CA,A,24,.,.,.,LYS,CG,156,189,0.24047,0,4.46069,0.105159,3,0
A,21,.,.,.,GLU,CA,A,24,.,.,.,LYS,CD,156,190,2.25734,0,4.42222,0.849109,3,0
A,21,.,.,.,GLU,C,A,21,.,.,.,GLU,O,157,158,7.21943,0,1.22061,0,0,1
A,21,.,.,.,GLU,C,A,21,.,.,.,GLU,CB,157,159,2.20548,0,2.51142,0,0,0
A,21,.,.,.,GLU,C,A,22,.,.,.,TYR,N,157,164,6.37716,0,1.34658,0,1,1
A,21,.,.,.,GLU,C,A,22,.,.,.,TYR,CA,157,165,1.04047,0,2.44506,0,1,0
A,21,.,.,.,GLU,C,A,22,.,.,.,TYR,C,157,166,0.617533,0,2.99791,0,1,0
A,21,.,.,.,GLU,C,A,23,.,.,.,MET,N,157,176,0.777745,0,3.29962,1.66206,2,0
A,21,.,.,.,GLU,C,A,24,.,.,.,LYS,N,157,184,0.821301,0,3.70719,2.15651,3,0
A,21,.,.,.,GLU,C,A,24,.,.,.,LYS,CB,157,188,0.0826479,0,4.22849,0.0146812,3,0
A,21,.,.,.,GLU,C,A,125,.,.,.,VAL,CG1,157,959,1.97307,0,3.65814,1.16993,5,0
A,21,.,.,.,GLU,O,A,21,.,.,.,GLU,CB,158,159,1.06212,0,3.22058,0,0,0
A,21,.,.,.,GLU,O,A,21,.,.,.,GLU,OE1,158,162,1.60648,1.4798,4.28091,0,0,0
A,21,.,.,.,GLU,O,A,22,.,.,.,TYR,CA,158,165,1.8119,0,2.78153,0,1,0
A,21,.,.,.,GLU,O,A,22,.,.,.,TYR,C,158,166,1.32629,0,3.00757,0,1,0
A,21,.,.,.,GLU,O,A,22,.,.,.,TYR,O,158,167,0.0159864,0,3.39862,0,1,0
A,21,.,.,.,GLU,O,A,24,.,.,.,LYS,N,158,184,1.4623,0,3.28205,-1.35099,3,0
A,21,.,.,.,GLU,O,A,24,.,.,.,LYS,CA,158,185,0.178068,0,3.66869,-0.00415749,3,0
A,21,.,.,.,GLU,O,A,24,.,.,.,LYS,CB,158,188,4.24679,0.767509,3.59164,0.896579,3,0
A,21,.,.,.,GLU,O,A,25,.,.,.,GLU,N,158,193,5.08277,0.616289,2.98908,1.57017,4,0
A,21,.,.,.,GLU,O,A,25,.,.,.,GLU,CB,158,197,3.71756,0.823828,3.66958,4.71268,4,0
A,21,.,.,.,GLU,O,A,125,.,.,.,VAL,CG1,158,959,4.98154,1.18946,3.46974,1.12948,5,0
A,21,.,.,.,GLU,CB,A,21,.,.,.,GLU,CG,159,160,15.8759,4.52473,1.55703,0,0,1
A,21,.,.,.,GLU,CB,A,21,.,.,.,GLU,CD,159,161,0.526761,0,2.55815,0,0,0
A,21,.,.,.,GLU,CB,A,21,.,.,.,GLU,OE1,159,162,5.44764,1.47106,2.86683,0,0,0
A,21,.,.,.,GLU,CB,A,22,.,.,.,TYR,N,159,164,1.47626,0,3.23965,0,1,0
A,21,.,.,.,GLU,CB,A,125,.,.,.,VAL,CG1,159,959,11.4762,4.66795,4.08927,-4.45474,5,0
A,21,.,.,.,GLU,CB,A,126,.,.,.,THR,O,159,964,1.4618,1.01621,5.3627,0.363775,5,0
A,21,.,.,.,GLU,CG,A,21,.,.,.,GLU,CD,160,161,13.1037,3.64409,1.51788,0,0,1
A,21,.,.,.,GLU,CG,A,21,.,.,.,GLU,OE1,160,162,1.94369,1.48782,2.37983,0,0,0
A,21,.,.,.,GLU,CG,A,21,.,.,.,GLU,OE2,160,163,6.39548,4.24705,2.39669,0,0,0
A,21,.,.,.,GLU,CD,A,21,.,.,.,GLU,OE1,161,162,13.5322,3.96701,1.24969,0,0,1
A,21,.,.,.,GLU,CD,A,21,.,.,.,GLU,OE2,161,163,14.5581,4.00683,1.25449,0,0,1
A,21,.,.,.,GLU,CD,A,24,.,.,.,LYS,CD,161,190,2.49134,0,3.99499,-3.10038,3,0
A,21,.,.,.,GLU,OE1,A,21,.,.,.,GLU,OE2,162,163,1.48821,1.89293,2.19402,0,0,0
A,21,.,.,.,GLU,OE1,A,24,.,.,.,LYS,CB,162,188,2.7549,2.15793,4.7091,-0.414739,3,0
A,21,.,.,.,GLU,OE1,A,24,.,.,.,LYS,CD,162,190,5.54314,2.8741,3.94439,-5.01275,3,0
A,21,.,.,.,GLU,OE1,A,125,.,.,.,VAL,CG1,162,959,0.469094,1.73793,5.51154,0.124449,5,0
A,21,.,.,.,GLU,OE2,A,24,.,.,.,LYS,CD,163,190,3.15745,0.0292505,3.71258,-2.85533,3,0
A,21,.,.,.,GLU,OE2,A,24,.,.,.,LYS,CE,163,191,1.07529,0,3.97812,-1.4157,3,0
A,21,.,.,.,GLU,OE2,A,24,.,.,.,LYS,NZ,163,192,9.27559,6.23536,3.61811,-13.056,3,0
A,22,.,.,.,TYR,N,A,22,.,.,.,TYR,CA,164,165,6.892,0,1.47011,0,0,1
A,22,.,.,.,TYR,N,A,22,.,.,.,TYR,C,164,166,0.113638,0,2.45299,0,0,0
A,22,.,.,.,TYR,N,A,22,.,.,.,TYR,CB,164,168,2.60455,0,2.43586,0,0,0
A,22,.,.,.,TYR,N,A,23,.,.,.,MET,N,164,176,1.39722,0,2.82974,0,1,0
A,22,.,.,.,TYR,N,A,125,.,.,.,VAL,CG1,164,959,2.27204,0,3.78629,0.912587,5,0
A,22,.,.,.,TYR,N,A,126,.,.,.,THR,O,164,964,0.307689,0,4.7968,0.228897,5,0
A,22,.,.,.,TYR,CA,A,22,.,.,.,TYR,C,165,166,6.6005,0,1.51748,0,0,1
A,22,.,.,.,TYR,CA,A,22,.,.,.,TYR,O,165,167,1.68272,0,2.41153,0,0,0
A,22,.,.,.,TYR,CA,A,22,.,.,.,TYR,CB,165,168,9.28341,0,1.50819,0,0,1
A,22,.,.,.,TYR,CA,A,22,.,.,.,TYR,CG,165,169,0.504893,0,2.53966,0,0,0
A,22,.,.,.,TYR,CA,A,22,.,.,.,TYR,CD1,165,170,3.39205,0,3.22994,0,0,0
A,22,.,.,.,TYR,CA,A,23,.,.,.,MET,N,165,176,0.922916,0,2.44733,0,1,0
A,22,.,.,.,TYR,CA,A,25,.,.,.,GLU,CB,165,197,2.27324,0,4.47771,2.29231,3,0
A,22,.,.,.,TYR,CA,A,125,.,.,.,VAL,O,165,957,1.7161e-05,0,4.98673,5.84629e-06,5,0
A,22,.,.,.,TYR,CA,A,125,.,.,.,VAL,CB,165,958,0.105969,0,4.86274,-0.0064012,5,0
A,22,.,.,.,TYR,CA,A,125,.,.,.,VAL,CG1,165,959,5.66414,0,3.88182,-1.51989,5,0
A,22,.,.,.,TYR,C,A,22,.,.,.,TYR,O,166,167,7.73763,0,1.24535,0,0,1
A,22,.,.,.,TYR,C,A,22,.,.,.,TYR,CB,166,168,0.945046,0,2.49775,0,0,0
A,22,.,.,.,TYR,C,A,22,.,.,.,TYR,CG,166,169,1.30388,0,2.95366,0,0,0
A,22,.,.,.,TYR,C,A,22,.,.,.,TYR,CD1,166,170,0.00568452,0,3.69527,0,0,0
A,22,.,.,.,TYR,C,A,22,.,.,.,TYR,CD2,166,171,1.75409,0,3.52183,0,0,0
A,22,.,.,.,TYR,C,A,23,.,.,.,MET,N,166,176,6.52414,0,1.3346,0,1,1
A,22,.,.,.,TYR,C,A,23,.,.,.,MET,CA,166,177,1.5019,0,2.43363,0,1,0
A,22,.,.,.,TYR,C,A,23,.,.,.,MET,C,166,178,0.209225,0,3.07514,0,1,0
A,22,.,.,.,TYR,C,A,24,.,.,.,LYS,N,166,184,0.969028,0,3.26982,1.45293,2,0
A,22,.,.,.,TYR,C,A,25,.,.,.,GLU,N,166,193,0.294938,0,3.76241,0.657828,3,0
A,22,.,.,.,TYR,C,A,25,.,.,.,GLU,CB,166,197,0.00129146,0,4.31426,0.000648456,3,0
A,22,.,.,.,TYR,C,A,26,.,.,.,LEU,CD1,166,208,0.112522,0,4.80479,-0.0897283,4,0
A,22,.,.,.,TYR,O,A,22,.,.,.,TYR,CG,167,169,0.433521,0,3.35834,0,0,0
A,22,.,.,.,TYR,O,A,22,.,.,.,TYR,CD1,167,170,2.74649,0,3.7056,0,0,0
A,22,.,.,.,TYR,O,A,22,.,.,.,TYR,CD2,167,171,0.252866,0,3.87815,0,0,0
A,22,.,.,.,TYR,O,A,23,.,.,.,MET,CA,167,177,2.16535,0,2.70195,0,1,0
A,22,.,.,.,TYR,O,A,23,.,.,.,MET,C,167,178,1.52384,0,2.94482,0,1,0
A,22,.,.,.,TYR,O,A,24,.,.,.,LYS,N,167,184,0.0543241,0,3.33506,0.0501623,2,0
A,22,.,.,.,TYR,O,A,25,.,.,.,GLU,N,167,193,2.21511,0,3.13079,-1.13151,3,0
A,22,.,.,.,TYR,O,A,25,.,.,.,GLU,CA,167,194,0.0650619,0,3.66005,0.0629184,3,0
A,22,.,.,.,TYR,O,A,25,.,.,.,GLU,CB,167,197,4.11703,0,3.53716,3.23232,3,0
A,22,.,.,.,TYR,O,A,26,.,.,.,LEU,N,167,202,3.83826,0,3.03248,-5.6749,4,0
A,22,.,.,.,TYR,O,A,26,.,.,.,LEU,CB,167,206,0.491121,0,3.78055,-0.279993,4,0
A,22,.,.,.,TYR,O,A,26,.,.,.,LEU,CG,167,207,5.2156,0,3.59986,0.990603,4,0
A,22,.,.,.,TYR,O,A,26,.,.,.,LEU,CD1,167,208,0.120575,0,4.17459,0.0305934,4,0
A,22,.,.,.,TYR,O,A,122,.,.,.,MET,CB,167,934,0.00399722,0,5.76204,-0.00240394,5,0
A,22,.,.,.,TYR,CB,A,22,.,.,.,TYR,CG,168,169,7.25898,0,1.52029,0,0,1
A,22,.,.,.,TYR,CB,A,22,.,.,.,TYR,CD1,168,170,3.83705,0,2.55709,0,0,0
A,22,.,.,.,TYR,CB,A,22,.,.,.,TYR,CD2,168,171,4.21545,0,2.54747,0,0,0
A,22,.,.,.,TYR,CB,A,23,.,.,.,MET,N,168,176,1.36664,0,3.15207,0,1,0
A,22,.,.,.,TYR,CB,A,125,.,.,.,VAL,C,168,956,0.577974,0,5.1116,0.532826,5,0
A,22,.,.,.,TYR,CB,A,125,.,.,.,VAL,O,168,957,0.27903,0,4.78127,-0.226077,5,0
A,22,.,.,.,TYR,CB,A,125,.,.,.,VAL,CG1,168,959,0.7777,0,4.66073,-0.399439,5,0
A,22,.,.,.,TYR,CB,A,126,.,.,.,THR,N,168,961,0.0981835,0,5.2056,0.0782739,5,0
A,22,.,.,.,TYR,CB,A,126,.,.,.,THR,CA,168,962,0.232648,0,5.20888,0.101079,5,0
A,22,.,.,.,TYR,CB,A,126,.,.,.,THR,C,168,963,2.66135,0,4.56712,1.3508,5,0
A,22,.,.,.,TYR,CB,A,126,.,.,.,THR,O,168,964,1.0664,0,4.51779,-0.549147,5,0
A,22,.,.,.,TYR,CB,A,127,.,.,.,CYS,N,168,968,0.649999,0,4.58672,0.165383,5,0
A,22,.,.,.,TYR,CB,A,127,.,.,.,CYS,CB,168,972,6.65681,0,3.898,-9.31148,5,0
A,22,.,.,.,TYR,CG,A,22,.,.,.,TYR,CD1,169,170,7.89138,0,1.39912,0,0,1
A,22,.,.,.,TYR,CG,A,22,.,.,.,TYR,CD2,169,171,7.68283,0,1.39637,0,0,1
A,22,.,.,.,TYR,CG,A,26,.,.,.,LEU,CG,169,207,0.00504351,0,4.91743,-0.00865355,4,0
A,22,.,.,.,TYR,CG,A,120,.,.,.,CYS,CB,169,921,1.10018,0,4.09403,-2.42368,5,0
A,22,.,.,.,TYR,CG,A,127,.,.,.,CYS,N,169,968,0.00154005,0,4.98012,0.000185051,5,0
A,22,.,.,.,TYR,CG,A,127,.,.,.,CYS,CB,169,972,0.65258,0,4.37198,-1.43763,5,0
A,22,.,.,.,TYR,CD1,A,22,.,.,.,TYR,CD2,170,171,0.761167,0,2.37192,0,0,0
A,22,.,.,.,TYR,CD1,A,22,.,.,.,TYR,CE1,170,172,12.1705,0,1.3368,0,0,1
A,22,.,.,.,TYR,CD1,A,22,.,.,.,TYR,CE2,170,173,0.0503719,0,2.71278,0,0,0
A,22,.,.,.,TYR,CD1,A,25,.,.,.,GLU,CB,170,197,1.55224,0,5.36482,-0.389223,3,0
A,22,.,.,.,TYR,CD1,A,26,.,.,.,LEU,CG,170,207,0.577817,0,4.81031,-0.69119,4,0
A,22,.,.,.,TYR,CD1,A,120,.,.,.,CYS,C,170,919,1.35146,0,4.30748,-0.820419,5,0
A,22,.,.,.,TYR,CD1,A,120,.,.,.,CYS,O,170,920,0.658332,0,4.49843,-0.114219,5,0
A,22,.,.,.,TYR,CD1,A,120,.,.,.,CYS,CB,170,921,2.06811,0,3.99898,-2.41725,5,0
A,22,.,.,.,TYR,CD1,A,121,.,.,.,VAL,N,170,923,0.0689725,0,4.26363,0.0162194,5,0
A,22,.,.,.,TYR,CD1,A,121,.,.,.,VAL,CA,170,924,1.21156,0,4.41385,-0.0482455,5,0
A,22,.,.,.,TYR,CD1,A,121,.,.,.,VAL,C,170,925,0.00524041,0,4.26679,-0.00347036,5,0
A,22,.,.,.,TYR,CD1,A,122,.,.,.,MET,N,170,930,1.6628,0,4.10053,0.248964,5,0
A,22,.,.,.,TYR,CD1,A,122,.,.,.,MET,CB,170,934,2.72191,0,4.45897,-2.56266,5,0
A,22,.,.,.,TYR,CD1,A,125,.,.,.,VAL,O,170,957,5.59197,0,3.84602,-3.09034,5,0
A,22,.,.,.,TYR,CD1,A,125,.,.,.,VAL,CB,170,958,0.999611,0,5.36936,-1.26496,5,0
A,22,.,.,.,TYR,CD1,A,125,.,.,.,VAL,CG1,170,959,0.123999,0,5.22736,-0.119692,5,0
A,22,.,.,.,TYR,CD1,A,126,.,.,.,THR,CA,170,962,0.525147,0,5.22641,-0.124598,5,0
A,22,.,.,.,TYR,CD1,A,126,.,.,.,THR,C,170,963,0.0385594,0,5.21043,-0.0236878,5,0
A,22,.,.,.,TYR,CD1,A,127,.,.,.,CYS,N,170,968,0.532921,0,5.10852,0.28349,5,0
A,22,.,.,.,TYR,CD1,A,127,.,.,.,CYS,CB,170,972,0.00276472,0,5.11526,-0.00263382,5,0
A,22,.,.,.,TYR,CD2,A,22,.,.,.,TYR,CE1,171,172,0.163422,0,2.69649,0,0,0
A,22,.,.,.,TYR,CD2,A,22,.,.,.,TYR,CE2,171,173,13.3718,0,1.33838,0,0,1
A,22,.,.,.,TYR,CD2,A,22,.,.,.,TYR,CZ,171,174,0.000104813,0,2.34045,0,0,0
A,22,.,.,.,TYR,CD2,A,23,.,.,.,MET,N,171,176,1.59292,0,3.91316,0,1,0
A,22,.,.,.,TYR,CD2,A,23,.,.,.,MET,CA,171,177,0.461434,0,4.7027,0,1,0
A,22,.,.,.,TYR,CD2,A,23,.,.,.,MET,CG,171,181,2.86034,0,4.8771,0,1,0
A,22,.,.,.,TYR,CD2,A,26,.,.,.,LEU,CG,171,207,0.473938,0,4.61466,-0.56693,4,0
A,22,.,.,.,TYR,CD2,A,26,.,.,.,LEU,CD1,171,208,2.60226,0,4.14637,-3.12414,4,0
A,22,.,.,.,TYR,CD2,A,120,.,.,.,CYS,CB,171,921,2.63446,0,3.9113,-2.50973,5,0
A,22,.,.,.,TYR,CD2,A,120,.,.,.,CYS,SG,171,922,1.10596,0,4.55672,-0.877903,5,0
A,22,.,.,.,TYR,CD2,A,127,.,.,.,CYS,CB,171,972,1.65678,0,4.68693,-1.57834,5,0
A,22,.,.,.,TYR,CD2,A,127,.,.,.,CYS,SG,171,973,0.0845141,0,5.31018,-0.0670868,5,0
A,22,.,.,.,TYR,CE1,A,22,.,.,.,TYR,CE2,172,173,0.203782,0,2.33097,0,0,0
A,22,.,.,.,TYR,CE1,A,22,.,.,.,TYR,CZ,172,174,10.0381,0,1.35654,0,0,1
A,22,.,.,.,TYR,CE1,A,22,.,.,.,TYR,OH,172,175,0.90378,0,2.3914,0,0,0
A,22,.,.,.,TYR,CE1,A,26,.,.,.,LEU,CG,172,207,2.29952,0,4.39433,-2.73672,4,0
A,22,.,.,.,TYR,CE1,A,26,.,.,.,LEU,CD2,172,209,1.69465,0,4.4715,-1.64613,4,0
A,22,.,.,.,TYR,CE1,A,105,.,.,.,SER,OG,172,805,3.69723,0,3.4854,-1.39208,5,0
A,22,.,.,.,TYR,CE1,A,120,.,.,.,CYS,C,172,919,0.165652,0,4.20908,-0.108013,5,0
A,22,.,.,.,TYR,CE1,A,120,.,.,.,CYS,CB,172,921,1.84732,0,3.80697,-2.17724,5,0
A,22,.,.,.,TYR,CE1,A,121,.,.,.,VAL,N,172,923,2.7421,0,3.88981,1.98266,5,0
A,22,.,.,.,TYR,CE1,A,121,.,.,.,VAL,CA,172,924,0.439328,0,4.21113,0.00679742,5,0
A,22,.,.,.,TYR,CE1,A,121,.,.,.,VAL,C,172,925,2.56613,0,3.80812,1.0666,5,0
A,22,.,.,.,TYR,CE1,A,122,.,.,.,MET,N,172,930,1.07583,0,3.88952,0.279039,5,0
A,22,.,.,.,TYR,CE1,A,122,.,.,.,MET,CB,172,934,5.26288,0,4.0292,-6.53276,5,0
A,22,.,.,.,TYR,CE2,A,22,.,.,.,TYR,CZ,173,174,9.2715,0,1.35051,0,0,1
A,22,.,.,.,TYR,CE2,A,22,.,.,.,TYR,OH,173,175,4.55205,1.51034,2.38356,0,0,0
A,22,.,.,.,TYR,CE2,A,23,.,.,.,MET,CG,173,181,0.00501141,0,5.61663,0,1,0
A,22,.,.,.,TYR,CE2,A,26,.,.,.,LEU,CG,173,207,0.192512,0,4.26111,-0.229115,4,0
A,22,.,.,.,TYR,CE2,A,26,.,.,.,LEU,CD1,173,208,8.86729,3.70966,3.67351,-11.3514,4,0
A,22,.,.,.,TYR,CE2,A,107,.,.,.,ILE,CD1,173,820,0.582094,1.10035,5.83445,-0.613102,5,0
A,22,.,.,.,TYR,CE2,A,120,.,.,.,CYS,CB,173,921,2.40826,0,3.64956,-2.83835,5,0
A,22,.,.,.,TYR,CE2,A,120,.,.,.,CYS,SG,173,922,6.34103,2.13664,4.12509,-4.11327,5,0
A,22,.,.,.,TYR,CZ,A,22,.,.,.,TYR,OH,174,175,10.1719,0,1.39578,0,0,1
A,22,.,.,.,TYR,CZ,A,26,.,.,.,LEU,CG,174,207,1.4116,0,4.10539,-1.13669,4,0
A,22,.,.,.,TYR,CZ,A,26,.,.,.,LEU,CD1,174,208,1.18549,0,3.8914,-1.49469,4,0
A,22,.,.,.,TYR,CZ,A,26,.,.,.,LEU,CD2,174,209,1.02898,0,4.22054,-1.27863,4,0
A,22,.,.,.,TYR,CZ,A,120,.,.,.,CYS,CB,174,921,3.16506,0,3.63297,-4.08967,5,0
A,22,.,.,.,TYR,CZ,A,120,.,.,.,CYS,SG,174,922,0.0519138,0,4.45477,-0.0647142,5,0
A,22,.,.,.,TYR,CZ,A,121,.,.,.,VAL,N,174,923,0.0452372,0,4.51971,0.0128193,5,0
A,22,.,.,.,TYR,OH,A,26,.,.,.,LEU,CD1,175,208,1.97577,0.0521107,4.10423,-1.29704,4,0
A,22,.,.,.,TYR,OH,A,26,.,.,.,LEU,CD2,175,209,3.50494,0,4.0702,-3.21148,4,0
A,22,.,.,.,TYR,OH,A,81,.,.,.,ARG,NH1,175,614,0.000254812,0,5.355,-0.000207996,5,0
A,22,.,.,.,TYR,OH,A,81,.,.,.,ARG,NH2,175,615,2.94308,1.64822,4.86846,-2.66081,5,0
A,22,.,.,.,TYR,OH,A,98,.,.,.,GLN,OE1,175,745,3.9835,0.114367,4.46364,-3.92501,5,0
A,22,.,.,.,TYR,OH,A,105,.,.,.,SER,CB,175,804,1.23416,0,3.80432,-0.953183,5,0
A,22,.,.,.,TYR,OH,A,105,.,.,.,SER,OG,175,805,8.5665,0,2.67659,-6.3878,5,0
A,22,.,.,.,TYR,OH,A,106,.,.,.,THR,O,175,809,0.190503,0,4.9718,-0.0219238,5,0
A,22,.,.,.,TYR,OH,A,107,.,.,.,ILE,CG1,175,818,5.03173,0,4.34436,-2.83874,5,0
A,22,.,.,.,TYR,OH,A,107,.,.,.,ILE,CD1,175,820,4.8829,1.89935,4.58013,-3.26764,5,0
A,22,.,.,.,TYR,OH,A,120,.,.,.,CYS,CB,175,921,1.21798,0,4.1279,-0.830043,5,0
A,22,.,.,.,TYR,OH,A,120,.,.,.,CYS,SG,175,922,0.3738,0,4.67039,-0.166675,5,0
A,22,.,.,.,TYR,OH,A,121,.,.,.,VAL,N,175,923,0.216304,0,4.74297,0.063102,5,0
A,23,.,.,.,MET,N,A,23,.,.,.,MET,CA,176,177,6.95039,0,1.48524,0,0,1
A,23,.,.,.,MET,N,A,23,.,.,.,MET,C,176,178,0.00510884,0,2.53507,0,0,0
A,23,.,.,.,MET,N,A,23,.,.,.,MET,CB,176,180,1.43271,0,2.49573,0,0,0
A,23,.,.,.,MET,N,A,23,.,.,.,MET,CG,176,181,2.28891,0,3.06977,0,0,0
A,23,.,.,.,MET,N,A,24,.,.,.,LYS,N,176,184,1.34487,0,2.83964,0,1,0
A,23,.,.,.,MET,CA,A,23,.,.,.,MET,C,177,178,6.74592,0,1.53017,0,0,1
A,23,.,.,.,MET,CA,A,23,.,.,.,MET,O,177,179,1.4109,0,2.40041,0,0,0
A,23,.,.,.,MET,CA,A,23,.,.,.,MET,CB,177,180,7.85984,0,1.55414,0,0,1
A,23,.,.,.,MET,CA,A,23,.,.,.,MET,CG,177,181,3.88238,0,2.53216,0,0,0
A,23,.,.,.,MET,CA,A,24,.,.,.,LYS,N,177,184,1.19962,0,2.42198,0,1,0
A,23,.,.,.,MET,CA,A,26,.,.,.,LEU,CB,177,206,1.34721,0,4.39568,0.272916,3,0
A,23,.,.,.,MET,CA,A,26,.,.,.,LEU,CG,177,207,0.45347,0,4.62775,0.192257,3,0
A,23,.,.,.,MET,CA,A,26,.,.,.,LEU,CD1,177,208,3.36096,0,4.50785,-1.97597,3,0
A,23,.,.,.,MET,CA,A,28,.,.,.,VAL,CB,177,218,0.0618783,0,4.45128,-0.00361316,5,0
A,23,.,.,.,MET,CA,A,28,.,.,.,VAL,CG2,177,220,2.08772,0,4.25718,-0.716252,5,0
A,23,.,.,.,MET,C,A,23,.,.,.,MET,O,178,179,8.18255,0,1.23673,0,0,1
A,23,.,.,.,MET,C,A,23,.,.,.,MET,CB,178,180,2.61622,0,2.53947,0,0,0
A,23,.,.,.,MET,C,A,24,.,.,.,LYS,N,178,184,6.75172,0,1.32116,0,1,1
A,23,.,.,.,MET,C,A,24,.,.,.,LYS,CA,178,185,1.61069,0,2.43486,0,1,0
A,23,.,.,.,MET,C,A,24,.,.,.,LYS,C,178,186,0.378525,0,3.03976,0,1,0
A,23,.,.,.,MET,C,A,25,.,.,.,GLU,N,178,193,0.770117,0,3.28752,1.59264,2,0
A,23,.,.,.,MET,C,A,26,.,.,.,LEU,N,178,202,0.491397,0,3.77473,0.810476,3,0
A,23,.,.,.,MET,C,A,26,.,.,.,LEU,CB,178,206,0.0509129,0,4.23484,0.00159598,3,0
A,23,.,.,.,MET,C,A,28,.,.,.,VAL,CB,178,218,0.653873,0,4.16138,-0.351399,5,0
A,23,.,.,.,MET,C,A,33,.,.,.,ARG,CD,178,252,1.70859,0,4.32976,1.38386,5,0
A,23,.,.,.,MET,O,A,24,.,.,.,LYS,CA,179,185,2.73804,0,2.78038,0,1,0
A,23,.,.,.,MET,O,A,24,.,.,.,LYS,C,179,186,1.31809,0,3.01064,0,1,0
A,23,.,.,.,MET,O,A,25,.,.,.,GLU,N,179,193,0.00119747,0,3.45002,0.00163156,2,0
A,23,.,.,.,MET,O,A,26,.,.,.,LEU,N,179,202,1.67593,0,3.24686,-2.21645,3,0
A,23,.,.,.,MET,O,A,26,.,.,.,LEU,CA,179,203,0.246593,0,3.61876,-0.163348,3,0
A,23,.,.,.,MET,O,A,26,.,.,.,LEU,CB,179,206,2.77021,0,3.49043,0.0364773,3,0
A,23,.,.,.,MET,O,A,27,.,.,.,GLY,N,179,210,2.98807,0,3.08362,-2.21537,4,0
A,23,.,.,.,MET,O,A,27,.,.,.,GLY,CA,179,211,0.0236084,0,3.94706,0.0107183,4,0
A,23,.,.,.,MET,O,A,28,.,.,.,VAL,N,179,214,4.37979,0,3.00218,-7.43031,5,0
A,23,.,.,.,MET,O,A,28,.,.,.,VAL,O,179,217,0.25892,0,4.31819,0.167004,5,0
A,23,.,.,.,MET,O,A,28,.,.,.,VAL,CB,179,218,2.62608,0,3.46208,-1.12801,5,0
A,23,.,.,.,MET,O,A,28,.,.,.,VAL,CG2,179,220,2.0082,0,3.48411,-0.574156,5,0
A,23,.,.,.,MET,O,A,33,.,.,.,ARG,CD,179,252,0.0821122,0,4.66421,0.0284888,5,0
A,23,.,.,.,MET,CB,A,23,.,.,.,MET,CG,180,181,8.86884,0,1.50302,0,0,1
A,23,.,.,.,MET,CB,A,23,.,.,.,MET,SD,180,182,3.05214,0,2.72298,0,0,0
A,23,.,.,.,MET,CB,A,23,.,.,.,MET,CE,180,183,3.09893,0,3.27885,0,0,0
A,23,.,.,.,MET,CB,A,24,.,.,.,LYS,N,180,184,0.8787,0,3.25608,0,1,0
A,23,.,.,.,MET,CB,A,28,.,.,.,VAL,CB,180,218,3.8092,0,4.12505,-4.41052,5,0
A,23,.,.,.,MET,CB,A,28,.,.,.,VAL,CG1,180,219,0.0933591,0,4.66002,-0.0487113,5,0
A,23,.,.,.,MET,CB,A,28,.,.,.,VAL,CG2,180,220,1.11794,0,4.22708,-1.50673,5,0
A,23,.,.,.,MET,CB,A,33,.,.,.,ARG,CG,180,251,3.25792,0,4.05555,-0.746448,5,0
A,23,.,.,.,MET,CB,A,33,.,.,.,ARG,CD,180,252,4.07191,0,4.0505,-0.725093,5,0
A,23,.,.,.,MET,CG,A,23,.,.,.,MET,SD,181,182,12.4388,1.78683,1.83235,0,0,0
A,23,.,.,.,MET,CG,A,23,.,.,.,MET,CE,181,183,2.49386,0,2.78606,0,0,0
A,23,.,.,.,MET,CG,A,26,.,.,.,LEU,CD1,181,208,4.5481,2.41199,5.11057,-6.75634,3,0
A,23,.,.,.,MET,CG,A,28,.,.,.,VAL,CB,181,218,0.0888855,0,4.75133,-0.0958142,5,0
A,23,.,.,.,MET,CG,A,28,.,.,.,VAL,CG1,181,219,0.00982587,0,4.96822,-0.00648591,5,0
A,23,.,.,.,MET,CG,A,28,.,.,.,VAL,CG2,181,220,4.19121,1.22211,4.5613,-2.71156,5,0
A,23,.,.,.,MET,SD,A,23,.,.,.,MET,CE,182,183,9.94317,0,1.76489,0,0,1
A,23,.,.,.,MET,SD,A,28,.,.,.,VAL,CB,182,218,0.018118,0,4.99016,-0.0266179,5,0
A,23,.,.,.,MET,SD,A,28,.,.,.,VAL,CG1,182,219,6.19847,1.73286,4.65431,-10.4639,5,0
A,23,.,.,.,MET,SD,A,28,.,.,.,VAL,CG2,182,220,0.652863,0.72303,5.11526,-0.513928,5,0
A,23,.,.,.,MET,SD,A,32,.,.,.,LEU,C,182,240,0.632176,0,4.70976,-0.358321,5,0
A,23,.,.,.,MET,SD,A,32,.,.,.,LEU,O,182,241,4.72543,1.77105,4.21655,0.28516,5,0
A,23,.,.,.,MET,SD,A,32,.,.,.,LEU,CB,182,242,0.101497,0.336817,5.92748,-0.0974944,5,0
A,23,.,.,.,MET,SD,A,33,.,.,.,ARG,N,182,246,0.00134264,0,4.56681,0.000335871,5,0
A,23,.,.,.,MET,SD,A,33,.,.,.,ARG,CA,182,247,4.43082,0,3.91345,-2.89984,5,0
A,23,.,.,.,MET,SD,A,33,.,.,.,ARG,CG,182,251,1.75042,0,4.34712,-1.67972,5,0
A,23,.,.,.,MET,SD,A,36,.,.,.,GLY,CA,182,275,5.24236,1.34885,4.41577,-5.34364,5,0
A,23,.,.,.,MET,CE,A,33,.,.,.,ARG,CA,183,247,2.41621,0,3.82655,-0.679075,5,0
A,23,.,.,.,MET,CE,A,33,.,.,.,ARG,O,183,249,5.25234,0,3.56383,-1.28593,5,0
A,23,.,.,.,MET,CE,A,33,.,.,.,ARG,CB,183,250,1.80557,0,4.21095,-0.441255,5,0
A,23,.,.,.,MET,CE,A,33,.,.,.,ARG,CG,183,251,0.816438,0,4.41854,-0.582575,5,0
A,23,.,.,.,MET,CE,A,33,.,.,.,ARG,CD,183,252,0.134952,0,4.93124,-0.0594706,5,0
A,23,.,.,.,MET,CE,A,36,.,.,.,GLY,CA,183,275,2.3924,0,4.21028,-1.6178,5,0
A,23,.,.,.,MET,CE,A,36,.,.,.,GLY,C,183,276,1.38174,0,4.32972,-0.958979,5,0
A,23,.,.,.,MET,CE,A,37,.,.,.,ALA,N,183,278,1.83336,0,4.36575,0.0381045,5,0
A,23,.,.,.,MET,CE,A,37,.,.,.,ALA,CA,183,279,2.10398,1.32803,5.15459,-0.839951,5,0
A,23,.,.,.,MET,CE,A,37,.,.,.,ALA,CB,183,282,0.371623,0,5.63426,-0.0545614,5,0
A,24,.,.,.,LYS,N,A,24,.,.,.,LYS,CA,184,185,6.82215,0,1.47196,0,0,1
A,24,.,.,.,LYS,N,A,24,.,.,.,LYS,C,184,186,0.0675362,0,2.47279,0,0,0
A,24,.,.,.,LYS,N,A,24,.,.,.,LYS,CB,184,188,1.31604,0,2.46908,0,0,0
A,24,.,.,.,LYS,N,A,24,.,.,.,LYS,CG,184,189,1.5188,0,3.08546,0,0,0
A,24,.,.,.,LYS,N,A,25,.,.,.,GLU,N,184,193,1.50042,0,2.81241,0,1,0
A,24,.,.,.,LYS,N,A,33,.,.,.,ARG,CD,184,252,1.49776,0,4.20206,2.79821,5,0
A,24,.,.,.,LYS,CA,A,24,.,.,.,LYS,C,185,186,6.78498,0,1.51709,0,0,1
A,24,.,.,.,LYS,CA,A,24,.,.,.,LYS,O,185,187,4.41671,1.57933,2.37767,0,0,0
A,24,.,.,.,LYS,CA,A,24,.,.,.,LYS,CB,185,188,10.3332,1.35706,1.50094,0,0,1
A,24,.,.,.,LYS,CA,A,24,.,.,.,LYS,CG,185,189,3.85489,0.820592,2.55912,0,0,0
A,24,.,.,.,LYS,CA,A,25,.,.,.,GLU,N,185,193,1.07446,0,2.43503,0,1,0
A,24,.,.,.,LYS,CA,A,27,.,.,.,GLY,N,185,210,0.0351507,0,4.34538,0.0349502,3,0
A,24,.,.,.,LYS,CA,A,27,.,.,.,GLY,CA,185,211,1.00021,0.568907,4.90736,0.737181,3,0
A,24,.,.,.,LYS,CA,A,28,.,.,.,VAL,N,185,214,0.906447,0,4.80158,1.26859,4,0
A,24,.,.,.,LYS,CA,A,28,.,.,.,VAL,O,185,217,2.39107,1.26859,5.07602,-1.02851,4,0
A,24,.,.,.,LYS,CA,A,33,.,.,.,ARG,CD,185,252,2.326,0,4.49481,1.28131,5,0
A,24,.,.,.,LYS,CA,A,33,.,.,.,ARG,NH1,185,255,0.135649,0.319627,5.80589,0.0613433,5,0
A,24,.,.,.,LYS,C,A,24,.,.,.,LYS,O,186,187,9.33766,1.16543,1.22525,0,0,1
A,24,.,.,.,LYS,C,A,24,.,.,.,LYS,CB,186,188,4.84032,1.73386,2.50511,0,0,0
A,24,.,.,.,LYS,C,A,25,.,.,.,GLU,N,186,193,7.43771,0.224643,1.33111,0,1,1
A,24,.,.,.,LYS,C,A,25,.,.,.,GLU,CA,186,194,2.48699,1.24973,2.44368,0,1,0
A,24,.,.,.,LYS,C,A,25,.,.,.,GLU,C,186,195,0.385044,0,3.01755,0,1,0
A,24,.,.,.,LYS,C,A,26,.,.,.,LEU,N,186,202,0.767131,0,3.25691,1.77368,2,0
A,24,.,.,.,LYS,C,A,27,.,.,.,GLY,N,186,210,0.794877,0,3.54939,0.931452,3,0
A,24,.,.,.,LYS,O,A,24,.,.,.,LYS,CB,187,188,2.59793,3.31788,3.24877,0,0,0
A,24,.,.,.,LYS,O,A,25,.,.,.,GLU,CA,187,194,4.72844,2.69218,2.76757,0,1,0
A,24,.,.,.,LYS,O,A,25,.,.,.,GLU,C,187,195,1.60899,0,2.98326,0,1,0
A,24,.,.,.,LYS,O,A,25,.,.,.,GLU,O,187,196,1.74776,1.56157,3.47552,0,1,0
A,24,.,.,.,LYS,O,A,27,.,.,.,GLY,N,187,210,3.33293,0,2.97205,-0.0197998,3,0
A,24,.,.,.,LYS,O,A,27,.,.,.,GLY,CA,187,211,8.61178,5.25203,3.46803,6.87708,3,0
A,24,.,.,.,LYS,CB,A,24,.,.,.,LYS,CG,188,189,12.096,2.77178,1.51557,0,0,1
A,24,.,.,.,LYS,CB,A,24,.,.,.,LYS,CD,188,190,8.30629,3.80424,2.55848,0,0,0
A,24,.,.,.,LYS,CB,A,25,.,.,.,GLU,N,188,193,2.28441,1.35658,3.23398,0,1,0
A,24,.,.,.,LYS,CG,A,24,.,.,.,LYS,CD,189,190,11.8229,2.05153,1.56554,0,0,1
A,24,.,.,.,LYS,CG,A,24,.,.,.,LYS,CE,189,191,5.17602,0.603293,2.55465,0,0,0
A,24,.,.,.,LYS,CG,A,33,.,.,.,ARG,CD,189,252,6.15008,0,3.8503,3.87576,5,0
A,24,.,.,.,LYS,CG,A,33,.,.,.,ARG,NE,189,253,1.93227,0,3.88298,1.66117,5,0
A,24,.,.,.,LYS,CG,A,33,.,.,.,ARG,CZ,189,254,3.92255,2.04113,4.53315,-1.39325,5,0
A,24,.,.,.,LYS,CG,A,33,.,.,.,ARG,NH1,189,255,0.369381,0.874224,5.15626,0.176956,5,0
A,24,.,.,.,LYS,CG,A,33,.,.,.,ARG,NH2,189,256,0.00041898,0.0196923,5.08052,0.000200717,5,0
A,24,.,.,.,LYS,CD,A,24,.,.,.,LYS,CE,190,191,12.6989,1.96259,1.49833,0,0,1
A,24,.,.,.,LYS,CD,A,24,.,.,.,LYS,NZ,190,192,6.99558,4.08666,2.44549,0,0,0
A,24,.,.,.,LYS,CE,A,24,.,.,.,LYS,NZ,191,192,18.0899,6.96113,1.48601,0,0,1
A,24,.,.,.,LYS,CE,A,33,.,.,.,ARG,NE,191,253,3.74007,0.321949,4.21393,3.95101,5,0
A,24,.,.,.,LYS,CE,A,33,.,.,.,ARG,CZ,191,254,0.63594,0,4.74799,-0.151854,5,0
A,24,.,.,.,LYS,CE,A,33,.,.,.,ARG,NH2,191,256,7.57572,6.41503,4.64716,2.71081,5,0
A,25,.,.,.,GLU,N,A,25,.,.,.,GLU,CA,193,194,8.73938,1.58756,1.47188,0,0,1
A,25,.,.,.,GLU,N,A,25,.,.,.,GLU,C,193,195,0.122452,0,2.43129,0,0,0
A,25,.,.,.,GLU,N,A,25,.,.,.,GLU,CB,193,197,2.66894,0.191493,2.44745,0,0,0
A,25,.,.,.,GLU,N,A,26,.,.,.,LEU,N,193,202,1.6701,0,2.75886,0,1,0
A,25,.,.,.,GLU,CA,A,25,.,.,.,GLU,C,194,195,6.4781,0,1.51344,0,0,1
A,25,.,.,.,GLU,CA,A,25,.,.,.,GLU,O,194,196,3.30445,1.22705,2.35328,0,0,0
A,25,.,.,.,GLU,CA,A,25,.,.,.,GLU,CB,194,197,8.76855,0.464383,1.5133,0,0,1
A,25,.,.,.,GLU,CA,A,25,.,.,.,GLU,CG,194,198,0.929644,0,2.51529,0,0,0
A,25,.,.,.,GLU,CA,A,25,.,.,.,GLU,CD,194,199,2.27307,0.291321,3.08575,0,0,0
A,25,.,.,.,GLU,CA,A,25,.,.,.,GLU,OE1,194,200,6.24888,4.76702,3.14329,0,0,0
A,25,.,.,.,GLU,CA,A,26,.,.,.,LEU,N,194,202,0.870906,0,2.44871,0,1,0
A,25,.,.,.,GLU,C,A,25,.,.,.,GLU,O,195,196,7.73127,0,1.20185,0,0,1
A,25,.,.,.,GLU,C,A,25,.,.,.,GLU,CB,195,197,1.12743,0,2.5005,0,0,0
A,25,.,.,.,GLU,C,A,25,.,.,.,GLU,CG,195,198,1.89779,0,2.98458,0,0,0
A,25,.,.,.,GLU,C,A,26,.,.,.,LEU,N,195,202,6.7889,0,1.34821,0,1,1
A,25,.,.,.,GLU,C,A,26,.,.,.,LEU,CA,195,203,1.07431,0,2.49405,0,1,0
A,25,.,.,.,GLU,C,A,26,.,.,.,LEU,C,195,204,0.12287,0,3.12776,0,1,0
A,25,.,.,.,GLU,C,A,27,.,.,.,GLY,N,195,210,1.55569,0,3.12183,1.64377,2,0
A,25,.,.,.,GLU,C,A,122,.,.,.,MET,SD,195,936,1.11986,0,4.23628,0.355552,5,0
A,25,.,.,.,GLU,O,A,25,.,.,.,GLU,CG,196,198,1.90376,0,3.22512,0,0,0
A,25,.,.,.,GLU,O,A,25,.,.,.,GLU,CD,196,199,3.10647,1.45587,3.57785,0,0,0
A,25,.,.,.,GLU,O,A,25,.,.,.,GLU,OE2,196,201,2.14722,2.00822,3.94124,0,0,0
A,25,.,.,.,GLU,O,A,26,.,.,.,LEU,CA,196,203,3.1935,0.245576,2.8284,0,1,0
A,25,.,.,.,GLU,O,A,26,.,.,.,LEU,C,196,204,3.75461,2.39991,3.15261,0,1,0
A,25,.,.,.,GLU,O,A,27,.,.,.,GLY,N,196,210,2.02725,0,3.27502,1.65113,2,0
A,25,.,.,.,GLU,O,A,27,.,.,.,GLY,CA,196,211,1.32636,2.30155,4.34746,1.28972,2,0
A,25,.,.,.,GLU,O,A,122,.,.,.,MET,SD,196,936,2.83534,0,3.975,2.01096,5,0
A,25,.,.,.,GLU,O,A,122,.,.,.,MET,CE,196,937,4.55871,3.48604,4.39087,3.83724,5,0
A,25,.,.,.,GLU,CB,A,25,.,.,.,GLU,CG,197,198,11.0786,0,1.49706,0,0,1
A,25,.,.,.,GLU,CB,A,25,.,.,.,GLU,CD,197,199,0.355266,0,2.52149,0,0,0
A,25,.,.,.,GLU,CB,A,25,.,.,.,GLU,OE1,197,200,3.75366,0.899773,2.76978,0,0,0
A,25,.,.,.,GLU,CB,A,26,.,.,.,LEU,N,197,202,1.92378,0,3.20251,0,1,0
A,25,.,.,.,GLU,CB,A,26,.,.,.,LEU,CG,197,207,0.0676154,0,5.58487,0,1,0
A,25,.,.,.,GLU,CB,A,122,.,.,.,MET,CB,197,934,1.36478,0,4.78627,0.726251,5,0
A,25,.,.,.,GLU,CB,A,122,.,.,.,MET,SD,197,936,0.162769,0,4.75782,-0.0155214,5,0
A,25,.,.,.,GLU,CB,A,125,.,.,.,VAL,CB,197,958,3.40419,0,4.04593,-1.28023,5,0
A,25,.,.,.,GLU,CB,A,125,.,.,.,VAL,CG1,197,959,3.6959,0.189753,4.11848,-1.43465,5,0
A,25,.,.,.,GLU,CB,A,125,.,.,.,VAL,CG2,197,960,2.21644,0.416086,4.13158,-0.860305,5,0
A,25,.,.,.,GLU,CG,A,25,.,.,.,GLU,CD,198,199,9.35927,0,1.51751,0,0,1
A,25,.,.,.,GLU,CG,A,25,.,.,.,GLU,OE1,198,200,0.0664215,0,2.37338,0,0,0
A,25,.,.,.,GLU,CG,A,25,.,.,.,GLU,OE2,198,201,2.84321,0,2.3693,0,0,0
A,25,.,.,.,GLU,CG,A,26,.,.,.,LEU,N,198,202,0.0122176,0,3.85892,0,1,0
A,25,.,.,.,GLU,CG,A,122,.,.,.,MET,C,198,932,0.051911,0,4.28039,0.00909968,5,0
A,25,.,.,.,GLU,CG,A,122,.,.,.,MET,O,198,933,4.24286,0,3.5826,2.10769,5,0
A,25,.,.,.,GLU,CG,A,122,.,.,.,MET,CB,198,934,4.05359,0,3.9644,0.426677,5,0
A,25,.,.,.,GLU,CG,A,122,.,.,.,MET,CG,198,935,3.0173,0,3.87908,-0.358548,5,0
A,25,.,.,.,GLU,CG,A,122,.,.,.,MET,SD,198,936,4.761,0,3.91091,-2.96994,5,0
A,25,.,.,.,GLU,CG,A,123,.,.,.,ASN,CB,198,942,0.575496,0,4.6783,0.0625714,5,0
A,25,.,.,.,GLU,CG,A,125,.,.,.,VAL,CB,198,958,1.95203,0,4.13386,-0.0875181,5,0
A,25,.,.,.,GLU,CG,A,125,.,.,.,VAL,CG2,198,960,1.79955,0,4.00417,-0.789891,5,0
A,25,.,.,.,GLU,CD,A,25,.,.,.,GLU,OE1,199,200,13.7364,3.26087,1.22682,0,0,1
A,25,.,.,.,GLU,CD,A,25,.,.,.,GLU,OE2,199,201,14.8742,2.95538,1.25694,0,0,1
A,25,.,.,.,GLU,CD,A,122,.,.,.,MET,O,199,933,0.117956,0,4.16982,0.0801975,5,0
A,25,.,.,.,GLU,CD,A,123,.,.,.,ASN,O,199,941,0.0326625,0.118966,5.08687,0.0227761,5,0
A,25,.,.,.,GLU,CD,A,123,.,.,.,ASN,CB,199,942,1.99858,0.46576,4.26984,-1.66912,5,0
A,25,.,.,.,GLU,CD,A,125,.,.,.,VAL,CG2,199,960,3.20596,0.344523,3.99737,-0.846153,5,0
A,25,.,.,.,GLU,OE1,A,25,.,.,.,GLU,OE2,200,201,1.95504,3.50585,2.18908,0,0,0
A,25,.,.,.,GLU,OE1,A,125,.,.,.,VAL,CG2,200,960,8.55865,5.67232,3.71959,4.04534,5,0
A,25,.,.,.,GLU,OE2,A,122,.,.,.,MET,CG,201,935,0.527918,0,4.44413,0.117067,5,0
A,25,.,.,.,GLU,OE2,A,122,.,.,.,MET,SD,201,936,0.294715,0,4.62078,0.0695761,5,0
A,25,.,.,.,GLU,OE2,A,122,.,.,.,MET,CE,201,937,2.07238,0.908866,4.67137,0.0856301,5,0
A,25,.,.,.,GLU,OE2,A,123,.,.,.,ASN,CB,201,942,6.64662,2.38894,3.50881,-0.906798,5,0
A,25,.,.,.,GLU,OE2,A,123,.,.,.,ASN,ND2,201,945,10.2386,4.79276,3.07302,-5.05993,5,0
A,26,.,.,.,LEU,N,A,26,.,.,.,LEU,CA,202,203,7.11999,0,1.47987,0,0,1
A,26,.,.,.,LEU,N,A,26,.,.,.,LEU,C,202,204,0.00114488,0,2.50196,0,0,0
A,26,.,.,.,LEU,N,A,26,.,.,.,LEU,CB,202,206,1.5014,0,2.47797,0,0,0
A,26,.,.,.,LEU,N,A,26,.,.,.,LEU,CG,202,207,2.23967,0,3.26619,0,0,0
A,26,.,.,.,LEU,N,A,27,.,.,.,GLY,N,202,210,1.56995,0,2.74777,0,1,0
A,26,.,.,.,LEU,N,A,122,.,.,.,MET,SD,202,936,1.18178,0,4.30472,0.132488,5,0
A,26,.,.,.,LEU,CA,A,26,.,.,.,LEU,C,203,204,7.92935,0.220259,1.56619,0,0,1
A,26,.,.,.,LEU,CA,A,26,.,.,.,LEU,O,203,205,3.78792,1.00047,2.42829,0,0,0
A,26,.,.,.,LEU,CA,A,26,.,.,.,LEU,CB,203,206,8.17604,0,1.50505,0,0,1
A,26,.,.,.,LEU,CA,A,26,.,.,.,LEU,CG,203,207,1.26077,0,2.65883,0,0,0
A,26,.,.,.,LEU,CA,A,26,.,.,.,LEU,CD2,203,209,3.69393,0,3.19482,0,0,0
A,26,.,.,.,LEU,CA,A,27,.,.,.,GLY,N,203,210,0.695701,0,2.48048,0,1,0
A,26,.,.,.,LEU,CA,A,100,.,.,.,TRP,CZ2,203,767,1.37295,0.175526,5.44499,-0.548117,5,0
A,26,.,.,.,LEU,CA,A,122,.,.,.,MET,SD,203,936,4.41602,0,4.2138,-2.74588,5,0
A,26,.,.,.,LEU,CA,A,122,.,.,.,MET,CE,203,937,0.823591,1.04358,5.12736,-0.187111,5,0
A,26,.,.,.,LEU,C,A,26,.,.,.,LEU,O,204,205,10.9652,2.42517,1.24699,0,0,1
A,26,.,.,.,LEU,C,A,26,.,.,.,LEU,CB,204,206,2.97649,0,2.49502,0,0,0
A,26,.,.,.,LEU,C,A,27,.,.,.,GLY,N,204,210,7.53265,0,1.31981,0,1,1
A,26,.,.,.,LEU,C,A,27,.,.,.,GLY,CA,204,211,2.50663,0.760495,2.44477,0,1,0
A,26,.,.,.,LEU,C,A,27,.,.,.,GLY,C,204,212,0.305126,0,3.22001,0,1,0
A,26,.,.,.,LEU,C,A,28,.,.,.,VAL,N,204,214,1.3416,0,3.39869,2.43924,2,0
A,26,.,.,.,LEU,C,A,28,.,.,.,VAL,CG2,204,220,0.353859,0,4.55406,-0.248791,2,0
A,26,.,.,.,LEU,O,A,26,.,.,.,LEU,CB,205,206,3.3679,0,3.06332,0,0,0
A,26,.,.,.,LEU,O,A,26,.,.,.,LEU,CD2,205,209,0.021399,0,4.69071,0,0,0
A,26,.,.,.,LEU,O,A,27,.,.,.,GLY,CA,205,211,6.54518,3.70735,2.78695,0,1,0
A,26,.,.,.,LEU,O,A,27,.,.,.,GLY,C,205,212,3.02499,0.997618,3.34035,0,1,0
A,26,.,.,.,LEU,O,A,27,.,.,.,GLY,O,205,213,1.08363,2.32055,3.92243,0,1,0
A,26,.,.,.,LEU,O,A,28,.,.,.,VAL,N,205,214,0.295047,0,3.7473,0.229337,2,0
A,26,.,.,.,LEU,O,A,28,.,.,.,VAL,CG2,205,220,1.03343,0.347575,4.79233,-0.0230728,2,0
A,26,.,.,.,LEU,O,A,79,.,.,.,ASP,OD2,205,600,2.22434,1.68542,4.93943,3.39054,5,0
A,26,.,.,.,LEU,O,A,81,.,.,.,ARG,CG,205,610,0.0139624,0.576562,5.79608,-0.000677803,5,0
A,26,.,.,.,LEU,O,A,81,.,.,.,ARG,CD,205,611,5.40163,2.5386,5.12352,-2.81932,5,0
A,26,.,.,.,LEU,O,A,100,.,.,.,TRP,NE1,205,764,0.178901,0.787285,5.8594,-0.032025,5,0
A,26,.,.,.,LEU,O,A,100,.,.,.,TRP,CZ2,205,767,2.48202,1.89844,5.42146,-1.67828,5,0
A,26,.,.,.,LEU,CB,A,26,.,.,.,LEU,CG,206,207,8.78376,0,1.54171,0,0,1
A,26,.,.,.,LEU,CB,A,26,.,.,.,LEU,CD1,206,208,3.67035,0,2.51416,0,0,0
A,26,.,.,.,LEU,CB,A,26,.,.,.,LEU,CD2,206,209,2.92754,0,2.54633,0,0,0
A,26,.,.,.,LEU,CB,A,27,.,.,.,GLY,N,206,210,0.051083,0,3.37248,0,1,0
A,26,.,.,.,LEU,CB,A,28,.,.,.,VAL,N,206,214,0.0848555,0,4.44595,0.0781764,2,0
A,26,.,.,.,LEU,CB,A,28,.,.,.,VAL,CG2,206,220,6.37331,0,3.85759,-9.8868,2,0
A,26,.,.,.,LEU,CB,A,79,.,.,.,ASP,OD2,206,600,2.71703,0,4.48596,2.06489,5,0
A,26,.,.,.,LEU,CB,A,81,.,.,.,ARG,CD,206,611,0.916015,0,5.34997,-0.0437216,5,0
A,26,.,.,.,LEU,CB,A,81,.,.,.,ARG,NE,206,612,0.934719,0,4.75505,-0.44395,5,0
A,26,.,.,.,LEU,CG,A,26,.,.,.,LEU,CD1,207,208,10.8726,0,1.50607,0,0,1
A,26,.,.,.,LEU,CG,A,26,.,.,.,LEU,CD2,207,209,11.208,0,1.54228,0,0,1
A,26,.,.,.,LEU,CG,A,81,.,.,.,ARG,NE,207,612,0.134292,0,4.59125,-0.0656999,5,0
A,26,.,.,.,LEU,CG,A,122,.,.,.,MET,CB,207,934,0.466393,0,5.45666,-0.42418,5,0
A,26,.,.,.,LEU,CG,A,122,.,.,.,MET,SD,207,936,0.494266,0,4.57419,-0.710359,5,0
A,26,.,.,.,LEU,CD1,A,26,.,.,.,LEU,CD2,208,209,3.23516,0,2.53142,0,0,0
A,26,.,.,.,LEU,CD1,A,28,.,.,.,VAL,CG2,208,220,5.85626,0.78496,4.2749,-11.3577,2,0
A,26,.,.,.,LEU,CD1,A,79,.,.,.,ASP,CB,208,597,0.00564182,0.105013,5.4519,0.0033432,5,0
A,26,.,.,.,LEU,CD1,A,79,.,.,.,ASP,CG,208,598,3.23089,0.482448,4.4683,-0.0108204,5,0
A,26,.,.,.,LEU,CD1,A,79,.,.,.,ASP,OD1,208,599,2.63362,1.99867,4.35401,2.05785,5,0
A,26,.,.,.,LEU,CD1,A,79,.,.,.,ASP,OD2,208,600,1.34871,0,4.31862,1.05385,5,0
A,26,.,.,.,LEU,CD1,A,81,.,.,.,ARG,NE,208,612,0.484297,0,4.41743,-0.37932,5,0
A,26,.,.,.,LEU,CD1,A,81,.,.,.,ARG,CZ,208,613,0.407866,0,4.13315,-0.355691,5,0
A,26,.,.,.,LEU,CD1,A,81,.,.,.,ARG,NH2,208,615,9.01084,2.23149,3.58683,-1.29843,5,0
A,26,.,.,.,LEU,CD2,A,81,.,.,.,ARG,CD,209,611,1.38809,0,4.70677,-0.402779,5,0
A,26,.,.,.,LEU,CD2,A,81,.,.,.,ARG,NE,209,612,1.38965,0,4.01907,-1.19831,5,0
A,26,.,.,.,LEU,CD2,A,81,.,.,.,ARG,CZ,209,613,3.82265,0,3.69692,-3.98725,5,0
A,26,.,.,.,LEU,CD2,A,81,.,.,.,ARG,NH1,209,614,3.06623,0,3.83054,-0.179408,5,0
A,26,.,.,.,LEU,CD2,A,81,.,.,.,ARG,NH2,209,615,1.53229,0,3.90156,-0.0896561,5,0
A,26,.,.,.,LEU,CD2,A,98,.,.,.,GLN,OE1,209,745,0.0336278,0,5.44424,-0.0042791,5,0
A,26,.,.,.,LEU,CD2,A,100,.,.,.,TRP,CZ2,209,767,4.13246,0,4.10734,-5.60659,5,0
A,26,.,.,.,LEU,CD2,A,100,.,.,.,TRP,CH2,209,769,4.23196,0,3.9148,-7.15598,5,0
A,26,.,.,.,LEU,CD2,A,105,.,.,.,SER,CB,209,804,4.15007,0,4.69615,-3.14615,5,0
A,26,.,.,.,LEU,CD2,A,105,.,.,.,SER,OG,209,805,0.457462,0,4.63843,-0.004671,5,0
A,26,.,.,.,LEU,CD2,A,122,.,.,.,MET,CB,209,934,1.59715,0,4.78211,-0.872142,5,0
A,26,.,.,.,LEU,CD2,A,122,.,.,.,MET,SD,209,936,8.06814,0,3.66793,-14.8459,5,0
A,27,.,.,.,GLY,N,A,27,.,.,.,GLY,CA,210,211,9.77946,0,1.471,0,0,1
A,27,.,.,.,GLY,N,A,27,.,.,.,GLY,C,210,212,0.0518621,0,2.47623,0,0,0
A,27,.,.,.,GLY,N,A,28,.,.,.,VAL,N,210,214,2.21684,0,2.73488,0,1,0
A,27,.,.,.,GLY,CA,A,27,.,.,.,GLY,C,211,212,12.6272,2.24746,1.52357,0,0,1
A,27,.,.,.,GLY,CA,A,27,.,.,.,GLY,O,211,213,7.19775,5.7853,2.3858,0,0,0
A,27,.,.,.,GLY,CA,A,28,.,.,.,VAL,N,211,214,2.07181,0,2.43396,0,1,0
A,27,.,.,.,GLY,CA,A,28,.,.,.,VAL,O,211,217,0.350869,1.01616,4.4779,0,1,0
A,27,.,.,.,GLY,C,A,27,.,.,.,GLY,O,212,213,11.9884,2.24627,1.23016,0,0,1
A,27,.,.,.,GLY,C,A,28,.,.,.,VAL,N,212,214,8.37027,0,1.32861,0,1,1
A,27,.,.,.,GLY,C,A,28,.,.,.,VAL,CA,212,215,2.057,0.734349,2.48156,0,1,0
A,27,.,.,.,GLY,C,A,28,.,.,.,VAL,C,212,216,1.32727,0,3.05369,0,1,0
A,27,.,.,.,GLY,C,A,28,.,.,.,VAL,O,212,217,3.02214,1.96287,3.37191,0,1,0
A,27,.,.,.,GLY,C,A,28,.,.,.,VAL,CG2,212,220,0.0149181,0.0159444,4.13141,0,1,0
A,27,.,.,.,GLY,O,A,28,.,.,.,VAL,CA,213,215,4.95975,2.72071,2.82026,0,1,0
A,27,.,.,.,GLY,O,A,28,.,.,.,VAL,C,213,216,2.21035,0.208821,3.14013,0,1,0
A,27,.,.,.,GLY,O,A,28,.,.,.,VAL,O,213,217,0.0373139,0.251428,3.68198,0,1,0
A,27,.,.,.,GLY,O,A,29,.,.,.,GLY,N,213,221,4.28089,2.63476,3.59587,-0.564547,2,0
A,27,.,.,.,GLY,O,A,29,.,.,.,GLY,CA,213,222,1.60524,3.01477,4.54885,-0.00959109,2,0
A,28,.,.,.,VAL,N,A,28,.,.,.,VAL,CA,214,215,6.75522,0,1.49546,0,0,1
A,28,.,.,.,VAL,N,A,28,.,.,.,VAL,C,214,216,0.58517,0,2.40214,0,0,0
A,28,.,.,.,VAL,N,A,28,.,.,.,VAL,O,214,217,3.29872,0,2.7565,0,0,0
A,28,.,.,.,VAL,N,A,28,.,.,.,VAL,CB,214,218,1.73008,0,2.48762,0,0,0
A,28,.,.,.,VAL,N,A,28,.,.,.,VAL,CG2,214,220,3.03751,0,2.99136,0,0,0
A,28,.,.,.,VAL,CA,A,28,.,.,.,VAL,C,215,216,5.84142,0,1.4993,0,0,1
A,28,.,.,.,VAL,CA,A,28,.,.,.,VAL,O,215,217,0.435943,0,2.38282,0,0,0
A,28,.,.,.,VAL,CA,A,28,.,.,.,VAL,CB,215,218,7.3184,0,1.5191,0,0,1
A,28,.,.,.,VAL,CA,A,28,.,.,.,VAL,CG1,215,219,2.8471,0,2.54339,0,0,0
A,28,.,.,.,VAL,CA,A,28,.,.,.,VAL,CG2,215,220,5.13168,1.92015,2.50429,0,0,0
A,28,.,.,.,VAL,CA,A,29,.,.,.,GLY,N,215,221,5.32855,1.72558,2.42179,0,1,0
A,28,.,.,.,VAL,CA,A,32,.,.,.,LEU,CD1,215,244,0.454277,1.15919,5.70055,-0.0843401,4,0
A,28,.,.,.,VAL,CA,A,79,.,.,.,ASP,CB,215,597,0.449662,1.35433,5.31978,0.503572,5,0
A,28,.,.,.,VAL,C,A,28,.,.,.,VAL,O,216,217,8.20783,0.167278,1.22933,0,0,1
A,28,.,.,.,VAL,C,A,28,.,.,.,VAL,CB,216,218,1.54778,0,2.49314,0,0,0
A,28,.,.,.,VAL,C,A,28,.,.,.,VAL,CG1,216,219,1.2538,0,3.00302,0,0,0
A,28,.,.,.,VAL,C,A,29,.,.,.,GLY,N,216,221,6.94234,0,1.33973,0,1,1
A,28,.,.,.,VAL,C,A,29,.,.,.,GLY,CA,216,222,2.24969,0.162134,2.44072,0,1,0
A,28,.,.,.,VAL,C,A,29,.,.,.,GLY,C,216,223,0.16669,0,3.17366,0,1,0
A,28,.,.,.,VAL,C,A,29,.,.,.,GLY,O,216,224,0.813429,0,3.22395,0,1,0
A,28,.,.,.,VAL,C,A,33,.,.,.,ARG,CG,216,251,0.543538,0,4.05199,-0.195572,5,0
A,28,.,.,.,VAL,O,A,28,.,.,.,VAL,CB,217,218,1.22849,0,3.11363,0,0,0
A,28,.,.,.,VAL,O,A,29,.,.,.,GLY,CA,217,222,3.64095,1.34965,2.76852,0,1,0
A,28,.,.,.,VAL,O,A,29,.,.,.,GLY,C,217,223,0.535121,0,3.23139,0,1,0
A,28,.,.,.,VAL,O,A,29,.,.,.,GLY,O,217,224,0.098103,0,3.35313,0,1,0
A,28,.,.,.,VAL,O,A,33,.,.,.,ARG,CG,217,251,1.91205,0,3.52804,-0.162757,5,0
A,28,.,.,.,VAL,O,A,33,.,.,.,ARG,CD,217,252,3.93574,0,3.49846,-0.884767,5,0
A,28,.,.,.,VAL,O,A,33,.,.,.,ARG,NH1,217,255,8.72805,3.35257,2.79822,-2.69575,5,0
A,28,.,.,.,VAL,CB,A,28,.,.,.,VAL,CG1,218,219,9.84389,0,1.52462,0,0,1
A,28,.,.,.,VAL,CB,A,28,.,.,.,VAL,CG2,218,220,9.31303,0,1.5264,0,0,1
A,28,.,.,.,VAL,CB,A,33,.,.,.,ARG,CG,218,251,2.98104,0,4.01892,-1.28858,5,0
A,28,.,.,.,VAL,CB,A,33,.,.,.,ARG,CD,218,252,0.757952,0,4.6113,-0.242485,5,0
A,28,.,.,.,VAL,CG1,A,28,.,.,.,VAL,CG2,219,220,5.90637,0.343113,2.43677,0,0,0
A,28,.,.,.,VAL,CG1,A,29,.,.,.,GLY,N,219,221,3.64892,0,3.33219,0,1,0
A,28,.,.,.,VAL,CG1,A,29,.,.,.,GLY,O,219,224,2.50909,0,3.63503,0,1,0
A,28,.,.,.,VAL,CG1,A,32,.,.,.,LEU,C,219,240,1.28417,0,4.09883,-0.909001,4,0
A,28,.,.,.,VAL,CG1,A,32,.,.,.,LEU,CB,219,242,11.2094,1.23379,3.29026,-16.2886,4,0
A,28,.,.,.,VAL,CG1,A,32,.,.,.,LEU,CD1,219,244,4.56093,0,4.29176,-2.85108,4,0
A,28,.,.,.,VAL,CG1,A,33,.,.,.,ARG,N,219,246,2.39834,0,3.88416,1.66941,5,0
A,28,.,.,.,VAL,CG1,A,33,.,.,.,ARG,CA,219,247,0.245927,0,4.5689,0.0705467,5,0
A,28,.,.,.,VAL,CG1,A,33,.,.,.,ARG,CG,219,251,3.75163,0,3.8413,-2.73641,5,0
A,28,.,.,.,VAL,CG1,A,79,.,.,.,ASP,CB,219,597,5.61822,1.41633,4.34517,-2.35199,5,0
A,28,.,.,.,VAL,CG2,A,79,.,.,.,ASP,CB,220,597,9.83277,2.35868,3.68774,-4.00763,5,0
A,28,.,.,.,VAL,CG2,A,79,.,.,.,ASP,CG,220,598,1.84997,0,3.94811,-0.48086,5,0
A,28,.,.,.,VAL,CG2,A,79,.,.,.,ASP,OD2,220,600,5.79946,1.71959,3.70564,4.03822,5,0
A,29,.,.,.,GLY,N,A,29,.,.,.,GLY,CA,221,222,15.7787,4.22687,1.44158,0,0,1
A,29,.,.,.,GLY,N,A,29,.,.,.,GLY,C,221,223,0.131584,0,2.44254,0,0,0
A,29,.,.,.,GLY,N,A,29,.,.,.,GLY,O,221,224,1.86768,0,2.73553,0,0,0
A,29,.,.,.,GLY,N,A,32,.,.,.,LEU,CB,221,242,0.610709,0,4.91615,0.278341,3,0
A,29,.,.,.,GLY,N,A,32,.,.,.,LEU,CD1,221,244,4.25838,2.73747,5.1762,1.81216,3,0
A,29,.,.,.,GLY,CA,A,29,.,.,.,GLY,C,222,223,12.0673,1.54646,1.50402,0,0,1
A,29,.,.,.,GLY,CA,A,29,.,.,.,GLY,O,222,224,0.113973,0,2.41636,0,0,0
A,29,.,.,.,GLY,CA,A,30,.,.,.,ILE,N,222,225,9.16999,5.9583,2.40296,0,1,0
A,29,.,.,.,GLY,CA,A,31,.,.,.,ALA,N,222,233,0.0302071,0.828781,4.49617,0.0172786,2,0
A,29,.,.,.,GLY,CA,A,32,.,.,.,LEU,N,222,238,0.0307061,0.210631,5.17352,0.0302508,3,0
A,29,.,.,.,GLY,CA,A,32,.,.,.,LEU,CB,222,242,0.229775,0,5.43013,0.0802097,3,0
A,29,.,.,.,GLY,CA,A,32,.,.,.,LEU,CG,222,243,0.0536391,0.122581,6.0889,-0.0072335,3,0
A,29,.,.,.,GLY,CA,A,32,.,.,.,LEU,CD1,222,244,0.946035,1.66259,5.86127,0.294232,3,0
A,29,.,.,.,GLY,CA,A,33,.,.,.,ARG,NH1,222,255,3.85688,2.20589,3.69376,-1.09154,4,0
A,29,.,.,.,GLY,C,A,29,.,.,.,GLY,O,223,224,8.37773,0,1.24643,0,0,1
A,29,.,.,.,GLY,C,A,30,.,.,.,ILE,N,223,225,7.02407,0,1.32702,0,1,1
A,29,.,.,.,GLY,C,A,30,.,.,.,ILE,CA,223,226,1.24184,0,2.41247,0,1,0
A,29,.,.,.,GLY,C,A,30,.,.,.,ILE,C,223,227,0.158946,0,3.04351,0,1,0
A,29,.,.,.,GLY,C,A,31,.,.,.,ALA,N,223,233,3.74252,0.519787,3.2443,1.90296,2,0
A,29,.,.,.,GLY,C,A,31,.,.,.,ALA,CB,223,237,0.0516419,0.636817,5.22595,-0.0282469,2,0
A,29,.,.,.,GLY,C,A,32,.,.,.,LEU,N,223,238,1.1152,0.49137,4.15165,0.991032,3,0
A,29,.,.,.,GLY,C,A,32,.,.,.,LEU,CB,223,242,0.10693,0,4.90793,-0.0177207,3,0
A,29,.,.,.,GLY,C,A,33,.,.,.,ARG,CG,223,251,0.0905056,0,4.09779,-0.0436714,4,0
A,29,.,.,.,GLY,C,A,33,.,.,.,ARG,NH1,223,255,2.0739,0,3.3058,0.695926,4,0
A,29,.,.,.,GLY,O,A,30,.,.,.,ILE,CA,224,226,1.66615,0,2.71584,0,1,0
A,29,.,.,.,GLY,O,A,30,.,.,.,ILE,C,224,227,1.83614,0,2.86968,0,1,0
A,29,.,.,.,GLY,O,A,31,.,.,.,ALA,N,224,233,0.478603,0,3.20831,0.228878,2,0
A,29,.,.,.,GLY,O,A,32,.,.,.,LEU,N,224,238,2.869,0,3.3373,-2.25169,3,0
A,29,.,.,.,GLY,O,A,32,.,.,.,LEU,CA,224,239,0.144869,0,3.84036,0.0959002,3,0
A,29,.,.,.,GLY,O,A,32,.,.,.,LEU,CB,224,242,1.95742,0,3.95228,0.233388,3,0
A,29,.,.,.,GLY,O,A,33,.,.,.,ARG,N,224,246,3.46048,0,3.01888,-1.50677,4,0
A,29,.,.,.,GLY,O,A,33,.,.,.,ARG,CB,224,250,0.465958,0,3.68023,-0.118861,4,0
A,29,.,.,.,GLY,O,A,33,.,.,.,ARG,CG,224,251,3.87767,0,3.26935,-1.10852,4,0
A,30,.,.,.,ILE,N,A,30,.,.,.,ILE,CA,225,226,6.18303,0,1.44994,0,0,1
A,30,.,.,.,ILE,N,A,30,.,.,.,ILE,C,225,227,0.00752849,0,2.51734,0,0,0
A,30,.,.,.,ILE,N,A,30,.,.,.,ILE,CB,225,229,4.10776,1.42329,2.47407,0,0,0
A,30,.,.,.,ILE,N,A,30,.,.,.,ILE,CG2,225,231,6.81144,4.43141,2.9605,0,0,0
A,30,.,.,.,ILE,N,A,31,.,.,.,ALA,N,225,233,3.0536,0.97901,2.8553,0,1,0
A,30,.,.,.,ILE,N,A,33,.,.,.,ARG,NH1,225,255,3.72348,1.05151,3.25094,5.1488,3,0
A,30,.,.,.,ILE,CA,A,30,.,.,.,ILE,C,226,227,6.20324,0,1.54682,0,0,1
A,30,.,.,.,ILE,CA,A,30,.,.,.,ILE,O,226,228,0.956921,0,2.39789,0,0,0
A,30,.,.,.,ILE,CA,A,30,.,.,.,ILE,CB,226,229,7.06006,0,1.55256,0,0,1
A,30,.,.,.,ILE,CA,A,30,.,.,.,ILE,CG1,226,230,0.476795,0,2.52846,0,0,0
A,30,.,.,.,ILE,CA,A,30,.,.,.,ILE,CG2,226,231,0.775796,0,2.51972,0,0,0
A,30,.,.,.,ILE,CA,A,30,.,.,.,ILE,CD1,226,232,2.99784,0,3.03186,0,0,0
A,30,.,.,.,ILE,CA,A,31,.,.,.,ALA,N,226,233,0.761355,0,2.46199,0,1,0
A,30,.,.,.,ILE,CA,A,33,.,.,.,ARG,CB,226,250,1.77868,0,4.33937,0.808656,3,0
A,30,.,.,.,ILE,CA,A,33,.,.,.,ARG,CG,226,251,0.320868,0,4.54717,0.204774,3,0
A,30,.,.,.,ILE,CA,A,33,.,.,.,ARG,CZ,226,254,1.76452,0,3.90467,1.77389,3,0
A,30,.,.,.,ILE,CA,A,33,.,.,.,ARG,NH1,226,255,1.92615,0,3.52226,1.35458,3,0
A,30,.,.,.,ILE,CA,A,33,.,.,.,ARG,NH2,226,256,0.0185083,0,4.12521,0.0082281,3,0
A,30,.,.,.,ILE,C,A,30,.,.,.,ILE,O,227,228,7.64584,0,1.22673,0,0,1
A,30,.,.,.,ILE,C,A,30,.,.,.,ILE,CB,227,229,1.01799,0,2.55166,0,0,0
A,30,.,.,.,ILE,C,A,30,.,.,.,ILE,CG1,227,230,2.65995,0,3.01054,0,0,0
A,30,.,.,.,ILE,C,A,30,.,.,.,ILE,CG2,227,231,0.978448,0,3.07007,0,0,0
A,30,.,.,.,ILE,C,A,31,.,.,.,ALA,N,227,233,6.60371,0,1.34811,0,1,1
A,30,.,.,.,ILE,C,A,31,.,.,.,ALA,CA,227,234,2.44551,0,2.45559,0,1,0
A,30,.,.,.,ILE,C,A,31,.,.,.,ALA,C,227,235,0.477696,0,3.00411,0,1,0
A,30,.,.,.,ILE,C,A,32,.,.,.,LEU,N,227,238,0.570584,0,3.38223,1.25745,2,0
A,30,.,.,.,ILE,C,A,33,.,.,.,ARG,N,227,246,0.548919,0,3.77585,1.15802,3,0
A,30,.,.,.,ILE,C,A,33,.,.,.,ARG,CB,227,250,0.0527472,0,4.33839,0.0106047,3,0
A,30,.,.,.,ILE,C,A,34,.,.,.,LYS,CG,227,262,0.15786,0,4.34436,-0.023355,4,0
A,30,.,.,.,ILE,O,A,30,.,.,.,ILE,CG1,228,230,1.12204,0,3.1907,0,0,0
A,30,.,.,.,ILE,O,A,30,.,.,.,ILE,CD1,228,232,2.33031,0,3.30783,0,0,0
A,30,.,.,.,ILE,O,A,31,.,.,.,ALA,CA,228,234,2.14415,0,2.78303,0,1,0
A,30,.,.,.,ILE,O,A,31,.,.,.,ALA,C,228,235,2.0338,0,2.86505,0,1,0
A,30,.,.,.,ILE,O,A,31,.,.,.,ALA,O,228,236,0.497002,0,3.19476,0,1,0
A,30,.,.,.,ILE,O,A,32,.,.,.,LEU,N,228,238,0.000421857,0,3.43381,0.000354299,2,0
A,30,.,.,.,ILE,O,A,33,.,.,.,ARG,N,228,246,1.93131,0,3.24087,-1.83644,3,0
A,30,.,.,.,ILE,O,A,33,.,.,.,ARG,CA,228,247,0.0873203,0,3.72765,0.0674966,3,0
A,30,.,.,.,ILE,O,A,33,.,.,.,ARG,CB,228,250,1.75545,0,3.73205,0.476042,3,0
A,30,.,.,.,ILE,O,A,34,.,.,.,LYS,N,228,257,3.96442,0,2.92882,-3.66376,4,0
A,30,.,.,.,ILE,O,A,34,.,.,.,LYS,CB,228,261,1.158,0,3.60704,-0.162317,4,0
A,30,.,.,.,ILE,O,A,34,.,.,.,LYS,CG,228,262,4.46506,0,3.3272,0.823469,4,0
A,30,.,.,.,ILE,CB,A,30,.,.,.,ILE,CG1,229,230,12.0021,2.85186,1.52989,0,0,1
A,30,.,.,.,ILE,CB,A,30,.,.,.,ILE,CG2,229,231,14.9211,4.81697,1.51172,0,0,1
A,30,.,.,.,ILE,CB,A,30,.,.,.,ILE,CD1,229,232,1.97742,0,2.64997,0,0,0
A,30,.,.,.,ILE,CB,A,33,.,.,.,ARG,CZ,229,254,0.0129377,0,4.40317,-0.00765389,3,0
A,30,.,.,.,ILE,CB,A,33,.,.,.,ARG,NH1,229,255,1.80166,1.08843,4.16969,-0.0990971,3,0
A,30,.,.,.,ILE,CB,A,33,.,.,.,ARG,NH2,229,256,4.36917,2.63592,4.14375,1.34378,3,0
A,30,.,.,.,ILE,CG1,A,30,.,.,.,ILE,CG2,230,231,8.88809,6.25386,2.56012,0,0,0
A,30,.,.,.,ILE,CG1,A,30,.,.,.,ILE,CD1,230,232,15.1491,3.99063,1.58885,0,0,1
A,30,.,.,.,ILE,CG1,A,31,.,.,.,ALA,CA,230,234,0.156086,0.609182,5.01024,0,1,0
A,30,.,.,.,ILE,CG1,A,33,.,.,.,ARG,NH2,230,256,0.026704,0.160197,4.20509,-0.00076627,3,0
A,30,.,.,.,ILE,CG1,A,34,.,.,.,LYS,CG,230,262,4.56862,1.80113,4.0909,-1.37279,4,0
A,30,.,.,.,ILE,CG1,A,34,.,.,.,LYS,CE,230,264,5.96886,4.5046,4.33182,0.842743,4,0
A,30,.,.,.,ILE,CG2,A,31,.,.,.,ALA,N,231,233,7.49524,1.05957,3.19111,0,1,0
A,30,.,.,.,ILE,CG2,A,31,.,.,.,ALA,CA,231,234,1.4953,2.02441,4.41603,0,1,0
A,30,.,.,.,ILE,CG2,A,31,.,.,.,ALA,CB,231,237,2.26414,3.81232,5.03692,0,1,0
A,30,.,.,.,ILE,CD1,A,33,.,.,.,ARG,CB,232,250,5.7842,1.84491,4.42744,-4.56348,3,0
A,30,.,.,.,ILE,CD1,A,33,.,.,.,ARG,NE,232,253,1.2041,0.868743,4.3007,-0.906396,3,0
A,30,.,.,.,ILE,CD1,A,33,.,.,.,ARG,CZ,232,254,1.69623,0,3.8317,-1.41838,3,0
A,30,.,.,.,ILE,CD1,A,33,.,.,.,ARG,NH2,232,256,12.3238,6.01966,3.29404,-1.70144,3,0
A,30,.,.,.,ILE,CD1,A,34,.,.,.,LYS,N,232,257,0.796781,0.126593,4.68975,0.577369,4,0
A,30,.,.,.,ILE,CD1,A,34,.,.,.,LYS,CG,232,262,5.09722,0.055141,3.76899,-3.19844,4,0
A,30,.,.,.,ILE,CD1,A,34,.,.,.,LYS,CD,232,263,2.45858,2.13868,4.24473,-0.317776,4,0
A,30,.,.,.,ILE,CD1,A,34,.,.,.,LYS,CE,232,264,7.29202,1.31689,3.97094,0.0753987,4,0
A,30,.,.,.,ILE,CD1,A,34,.,.,.,LYS,NZ,232,265,1.48185,3.40689,4.76911,1.05477,4,0
A,31,.,.,.,ALA,N,A,31,.,.,.,ALA,CA,233,234,8.53083,0,1.50201,0,0,1
A,31,.,.,.,ALA,N,A,31,.,.,.,ALA,C,233,235,0.0875409,0,2.5204,0,0,0
A,31,.,.,.,ALA,N,A,31,.,.,.,ALA,CB,233,237,7.59696,2.87353,2.52349,0,0,0
A,31,.,.,.,ALA,N,A,32,.,.,.,LEU,N,233,238,2.21599,0,2.90881,0,1,0
A,31,.,.,.,ALA,CA,A,31,.,.,.,ALA,C,234,235,6.84147,0,1.53575,0,0,1
A,31,.,.,.,ALA,CA,A,31,.,.,.,ALA,O,234,236,4.56327,1.98468,2.40848,0,0,0
A,31,.,.,.,ALA,CA,A,31,.,.,.,ALA,CB,234,237,15.9162,5.1666,1.55161,0,0,1
A,31,.,.,.,ALA,CA,A,32,.,.,.,LEU,N,234,238,1.31238,0,2.41831,0,1,0
A,31,.,.,.,ALA,CA,A,34,.,.,.,LYS,CB,234,261,1.72647,1.29285,4.97152,0.833757,3,0
A,31,.,.,.,ALA,CA,A,34,.,.,.,LYS,CG,234,262,1.71207,1.77968,5.13292,0.579816,3,0
A,31,.,.,.,ALA,C,A,31,.,.,.,ALA,O,235,236,10.4283,1.61773,1.21919,0,0,1
A,31,.,.,.,ALA,C,A,31,.,.,.,ALA,CB,235,237,4.61056,1.85974,2.55941,0,0,0
A,31,.,.,.,ALA,C,A,32,.,.,.,LEU,N,235,238,7.35035,0,1.33715,0,1,1
A,31,.,.,.,ALA,C,A,32,.,.,.,LEU,CA,235,239,2.42122,0.959821,2.4237,0,1,0
A,31,.,.,.,ALA,C,A,32,.,.,.,LEU,C,235,240,0.410639,0,3.11388,0,1,0
A,31,.,.,.,ALA,C,A,32,.,.,.,LEU,CG,235,243,0.0335983,0.422983,4.30846,0,1,0
A,31,.,.,.,ALA,C,A,33,.,.,.,ARG,N,235,246,0.669663,0,3.41523,1.24356,2,0
A,31,.,.,.,ALA,C,A,34,.,.,.,LYS,N,235,257,0.116454,0,4.03629,0.247169,3,0
A,31,.,.,.,ALA,O,A,31,.,.,.,ALA,CB,236,237,0.90471,0.704688,3.41012,0,0,0
A,31,.,.,.,ALA,O,A,32,.,.,.,LEU,CA,236,239,2.7242,0.1462,2.78372,0,1,0
A,31,.,.,.,ALA,O,A,32,.,.,.,LEU,C,236,240,1.26891,0,3.12114,0,1,0
A,31,.,.,.,ALA,O,A,33,.,.,.,ARG,N,236,246,0.000458508,0,3.59702,0.00043061,2,0
A,31,.,.,.,ALA,O,A,34,.,.,.,LYS,N,236,257,1.56421,0,3.51489,-0.152296,3,0
A,31,.,.,.,ALA,O,A,34,.,.,.,LYS,CA,236,258,0.0260264,0,3.95725,0.0233312,3,0
A,31,.,.,.,ALA,O,A,34,.,.,.,LYS,CB,236,261,4.07481,0.181709,3.80177,2.2133,3,0
A,31,.,.,.,ALA,O,A,35,.,.,.,MET,N,236,266,3.89566,0,3.16812,-2.78312,4,0
A,31,.,.,.,ALA,O,A,35,.,.,.,MET,CB,236,270,4.00333,0.619751,3.78982,0.0350149,4,0
A,31,.,.,.,ALA,O,A,35,.,.,.,MET,SD,236,272,5.14301,2.49751,4.34886,0.801204,4,0
A,31,.,.,.,ALA,O,A,35,.,.,.,MET,CE,236,273,2.87872,1.26419,4.22579,-1.52928,4,0
A,31,.,.,.,ALA,CB,A,32,.,.,.,LEU,N,237,238,4.91855,0.701428,3.10355,0,1,0
A,31,.,.,.,ALA,CB,A,32,.,.,.,LEU,CG,237,243,4.79265,5.70458,5.16093,0,1,0
A,31,.,.,.,ALA,CB,A,35,.,.,.,MET,SD,237,272,0.256048,1.48923,6.41528,-0.0824266,4,0
A,32,.,.,.,LEU,N,A,32,.,.,.,LEU,CA,238,239,7.37954,0,1.4375,0,0,1
A,32,.,.,.,LEU,N,A,32,.,.,.,LEU,C,238,240,0.0426503,0,2.51616,0,0,0
A,32,.,.,.,LEU,N,A,32,.,.,.,LEU,CB,238,242,2.68129,0,2.43899,0,0,0
A,32,.,.,.,LEU,N,A,32,.,.,.,LEU,CG,238,243,5.37075,0.79425,3.14613,0,0,0
A,32,.,.,.,LEU,N,A,33,.,.,.,ARG,N,238,246,1.30362,0,2.92328,0,1,0
A,32,.,.,.,LEU,CA,A,32,.,.,.,LEU,C,239,240,7.33886,0,1.54754,0,0,1
A,32,.,.,.,LEU,CA,A,32,.,.,.,LEU,O,239,241,2.73229,0,2.42246,0,0,0
A,32,.,.,.,LEU,CA,A,32,.,.,.,LEU,CB,239,242,8.13232,0,1.54618,0,0,1
A,32,.,.,.,LEU,CA,A,32,.,.,.,LEU,CG,239,243,2.53752,0.0471207,2.62499,0,0,0
A,32,.,.,.,LEU,CA,A,32,.,.,.,LEU,CD2,239,245,5.32564,1.14515,3.31,0,0,0
A,32,.,.,.,LEU,CA,A,33,.,.,.,ARG,N,239,246,1.15065,0,2.49545,0,1,0
A,32,.,.,.,LEU,CA,A,35,.,.,.,MET,CB,239,270,4.26569,0.452889,4.55227,1.4829,3,0
A,32,.,.,.,LEU,C,A,32,.,.,.,LEU,O,240,241,8.75567,0,1.2243,0,0,1
A,32,.,.,.,LEU,C,A,32,.,.,.,LEU,CB,240,242,3.03091,0,2.56445,0,0,0
A,32,.,.,.,LEU,C,A,33,.,.,.,ARG,N,240,246,7.07325,0,1.34391,0,1,1
A,32,.,.,.,LEU,C,A,33,.,.,.,ARG,CA,240,247,1.28605,0,2.42553,0,1,0
A,32,.,.,.,LEU,C,A,33,.,.,.,ARG,C,240,248,0.391899,0,3.05394,0,1,0
A,32,.,.,.,LEU,C,A,34,.,.,.,LYS,N,240,257,0.917566,0,3.33714,1.84198,2,0
A,32,.,.,.,LEU,C,A,35,.,.,.,MET,N,240,266,0.891555,0,3.79906,1.39836,3,0
A,32,.,.,.,LEU,C,A,35,.,.,.,MET,CB,240,270,0.0676195,0,4.45978,0.0014211,3,0
A,32,.,.,.,LEU,O,A,32,.,.,.,LEU,CB,241,242,2.302,1.67347,3.29836,0,0,0
A,32,.,.,.,LEU,O,A,32,.,.,.,LEU,CD2,241,245,1.01351,1.71825,4.70098,0,0,0
A,32,.,.,.,LEU,O,A,33,.,.,.,ARG,CA,241,247,2.48775,0,2.69172,0,1,0
A,32,.,.,.,LEU,O,A,33,.,.,.,ARG,C,241,248,1.50802,0,2.96077,0,1,0
A,32,.,.,.,LEU,O,A,33,.,.,.,ARG,O,241,249,0.00155682,0,3.46752,0,1,0
A,32,.,.,.,LEU,O,A,35,.,.,.,MET,N,241,266,1.62364,0,3.33091,-1.93676,3,0
A,32,.,.,.,LEU,O,A,35,.,.,.,MET,CA,241,267,0.107388,0,3.79455,0.0534601,3,0
A,32,.,.,.,LEU,O,A,35,.,.,.,MET,CB,241,270,3.33742,0.77475,3.84871,-0.0601059,3,0
A,32,.,.,.,LEU,O,A,36,.,.,.,GLY,N,241,274,7.02061,1.23809,2.88556,-5.35902,4,0
A,32,.,.,.,LEU,O,A,36,.,.,.,GLY,CA,241,275,2.35818,1.16689,3.75716,1.05125,4,0
A,32,.,.,.,LEU,CB,A,32,.,.,.,LEU,CG,242,243,9.54688,0,1.54326,0,0,1
A,32,.,.,.,LEU,CB,A,32,.,.,.,LEU,CD1,242,244,3.64942,0,2.61442,0,0,0
A,32,.,.,.,LEU,CB,A,32,.,.,.,LEU,CD2,242,245,5.53301,2.04649,2.56436,0,0,0
A,32,.,.,.,LEU,CB,A,33,.,.,.,ARG,N,242,246,0.459812,0,3.3216,0,1,0
A,32,.,.,.,LEU,CB,A,79,.,.,.,ASP,CB,242,597,1.27723,0.807485,5.26233,0.716556,5,0
A,32,.,.,.,LEU,CG,A,32,.,.,.,LEU,CD1,243,244,17.2389,5.73941,1.55622,0,0,1
A,32,.,.,.,LEU,CG,A,32,.,.,.,LEU,CD2,243,245,15.1047,4.30495,1.56196,0,0,1
A,32,.,.,.,LEU,CG,A,79,.,.,.,ASP,CA,243,594,0.0370885,0,4.91853,0.0216641,5,0
A,32,.,.,.,LEU,CG,A,79,.,.,.,ASP,CB,243,597,0.0951575,0,5.1823,0.000391365,5,0
A,32,.,.,.,LEU,CD1,A,32,.,.,.,LEU,CD2,244,245,7.15631,3.09353,2.56722,0,0,0
A,32,.,.,.,LEU,CD1,A,78,.,.,.,ALA,O,244,591,0.415909,0.498583,4.83905,0.0567824,5,0
A,32,.,.,.,LEU,CD1,A,79,.,.,.,ASP,CA,244,594,5.08797,0,4.08459,0.998021,5,0
A,32,.,.,.,LEU,CD1,A,79,.,.,.,ASP,C,244,595,1.54752,1.23833,4.38694,-0.126583,5,0
A,32,.,.,.,LEU,CD1,A,79,.,.,.,ASP,O,244,596,8.90644,6.19999,4.0037,2.0964,5,0
A,32,.,.,.,LEU,CD1,A,79,.,.,.,ASP,CB,244,597,4.03209,0.524764,4.37947,-1.98669,5,0
A,32,.,.,.,LEU,CD2,A,35,.,.,.,MET,CB,245,270,4.93754,3.6443,5.57927,-7.02493,3,0
A,32,.,.,.,LEU,CD2,A,61,.,.,.,LYS,CD,245,459,6.1814,4.23474,4.70387,-0.282834,5,0
A,32,.,.,.,LEU,CD2,A,61,.,.,.,LYS,CE,245,460,11.6357,5.109,4.10649,0.151333,5,0
A,32,.,.,.,LEU,CD2,A,78,.,.,.,ALA,C,245,590,0.577688,0.495873,4.94356,-0.376381,5,0
A,32,.,.,.,LEU,CD2,A,78,.,.,.,ALA,O,245,591,6.07777,1.27419,4.06432,-2.06391,5,0
A,32,.,.,.,LEU,CD2,A,78,.,.,.,ALA,CB,245,592,0.22832,0.754687,6.14755,0.000924453,5,0
A,32,.,.,.,LEU,CD2,A,79,.,.,.,ASP,CA,245,594,2.70664,0.456093,4.74644,0.430945,5,0
A,32,.,.,.,LEU,CD2,A,79,.,.,.,ASP,CB,245,597,0.263463,0.384398,5.33979,0.127501,5,0
A,33,.,.,.,ARG,N,A,33,.,.,.,ARG,CA,246,247,7.00189,0,1.44629,0,0,1
A,33,.,.,.,ARG,N,A,33,.,.,.,ARG,C,246,248,0.0420147,0,2.48821,0,0,0
A,33,.,.,.,ARG,N,A,33,.,.,.,ARG,CB,246,250,1.32436,0,2.46103,0,0,0
A,33,.,.,.,ARG,N,A,33,.,.,.,ARG,CG,246,251,1.75999,0,2.97685,0,0,0
A,33,.,.,.,ARG,N,A,34,.,.,.,LYS,N,246,257,1.38816,0,2.85155,0,1,0
A,33,.,.,.,ARG,CA,A,33,.,.,.,ARG,C,247,248,6.56924,0,1.52037,0,0,1
A,33,.,.,.,ARG,CA,A,33,.,.,.,ARG,O,247,249,1.67157,0,2.39327,0,0,0
A,33,.,.,.,ARG,CA,A,33,.,.,.,ARG,CB,247,250,7.76971,0,1.52704,0,0,1
A,33,.,.,.,ARG,CA,A,33,.,.,.,ARG,CG,247,251,2.67647,0,2.50272,0,0,0
A,33,.,.,.,ARG,CA,A,34,.,.,.,LYS,N,247,257,1.10018,0,2.42818,0,1,0
A,33,.,.,.,ARG,CA,A,36,.,.,.,GLY,CA,247,275,0.0950738,0,4.93245,0.0490884,3,0
A,33,.,.,.,ARG,C,A,33,.,.,.,ARG,O,248,249,9.40347,0.731942,1.24066,0,0,1
A,33,.,.,.,ARG,C,A,33,.,.,.,ARG,CB,248,250,4.56191,1.2807,2.46817,0,0,0
A,33,.,.,.,ARG,C,A,34,.,.,.,LYS,N,248,257,7.44476,0.328127,1.33293,0,1,1
A,33,.,.,.,ARG,C,A,34,.,.,.,LYS,CA,248,258,2.09925,0.729668,2.44158,0,1,0
A,33,.,.,.,ARG,C,A,34,.,.,.,LYS,C,248,259,0.55422,0,3.04544,0,1,0
A,33,.,.,.,ARG,C,A,35,.,.,.,MET,N,248,266,0.705463,0,3.34031,1.25055,2,0
A,33,.,.,.,ARG,C,A,36,.,.,.,GLY,N,248,274,0.767932,0,3.74274,1.42297,3,0
A,33,.,.,.,ARG,C,A,37,.,.,.,ALA,CB,248,282,0.0394069,0.265126,4.43732,-0.00974926,4,0
A,33,.,.,.,ARG,O,A,33,.,.,.,ARG,CB,249,250,1.03073,0,3.22261,0,0,0
A,33,.,.,.,ARG,O,A,34,.,.,.,LYS,CA,249,258,2.02702,0,2.7816,0,1,0
A,33,.,.,.,ARG,O,A,34,.,.,.,LYS,C,249,259,1.02773,0,3.05481,0,1,0
A,33,.,.,.,ARG,O,A,36,.,.,.,GLY,N,249,274,1.35007,0,3.3236,-0.399173,3,0
A,33,.,.,.,ARG,O,A,36,.,.,.,GLY,CA,249,275,1.47542,0,3.61605,-0.329201,3,0
A,33,.,.,.,ARG,O,A,37,.,.,.,ALA,N,249,278,4.95282,0,2.75244,-2.69908,4,0
A,33,.,.,.,ARG,O,A,37,.,.,.,ALA,CA,249,279,0.0965105,0,3.61541,0.0576786,4,0
A,33,.,.,.,ARG,O,A,37,.,.,.,ALA,CB,249,282,6.45164,0.871483,3.43241,0.700687,4,0
A,33,.,.,.,ARG,CB,A,33,.,.,.,ARG,CG,250,251,8.95083,0,1.51211,0,0,1
A,33,.,.,.,ARG,CB,A,33,.,.,.,ARG,CD,250,252,1.99801,0,2.5565,0,0,0
A,33,.,.,.,ARG,CB,A,33,.,.,.,ARG,NE,250,253,3.7926,0.203568,2.94622,0,0,0
A,33,.,.,.,ARG,CB,A,33,.,.,.,ARG,CZ,250,254,0.942037,0,3.70889,0,0,0
A,33,.,.,.,ARG,CB,A,34,.,.,.,LYS,N,250,257,2.48247,0.33038,3.13293,0,1,0
A,33,.,.,.,ARG,CG,A,33,.,.,.,ARG,CD,251,252,10.3381,0,1.56378,0,0,1
A,33,.,.,.,ARG,CG,A,33,.,.,.,ARG,NE,251,253,0.254449,0,2.52151,0,0,0
A,33,.,.,.,ARG,CG,A,33,.,.,.,ARG,CZ,251,254,0.990321,0,3.27158,0,0,0
A,33,.,.,.,ARG,CG,A,33,.,.,.,ARG,NH1,251,255,1.30808,0,3.46944,0,0,0
A,33,.,.,.,ARG,CD,A,33,.,.,.,ARG,NE,252,253,7.92517,0,1.44734,0,0,1
A,33,.,.,.,ARG,CD,A,33,.,.,.,ARG,CZ,252,254,2.20004,0,2.48903,0,0,0
A,33,.,.,.,ARG,CD,A,33,.,.,.,ARG,NH1,252,255,2.00057,0,2.98746,0,0,0
A,33,.,.,.,ARG,NE,A,33,.,.,.,ARG,CZ,253,254,8.60815,0,1.33632,0,0,1
A,33,.,.,.,ARG,NE,A,33,.,.,.,ARG,NH2,253,256,3.75742,1.22622,2.28518,0,0,0
A,33,.,.,.,ARG,CZ,A,33,.,.,.,ARG,NH1,254,255,12.183,2.0711,1.34958,0,0,1
A,33,.,.,.,ARG,CZ,A,33,.,.,.,ARG,NH2,254,256,12.6979,1.86235,1.32918,0,0,1
A,33,.,.,.,ARG,NH1,A,33,.,.,.,ARG,NH2,255,256,4.75759,3.2411,2.27707,0,0,0
A,34,.,.,.,LYS,N,A,34,.,.,.,LYS,CA,257,258,7.6596,0.299138,1.48142,0,0,1
A,34,.,.,.,LYS,N,A,34,.,.,.,LYS,C,257,259,0.0746436,0,2.49293,0,0,0
A,34,.,.,.,LYS,N,A,34,.,.,.,LYS,CB,257,261,1.41924,0,2.4753,0,0,0
A,34,.,.,.,LYS,N,A,34,.,.,.,LYS,CG,257,262,2.75965,0.0859612,3.06573,0,0,0
A,34,.,.,.,LYS,N,A,34,.,.,.,LYS,CD,257,263,0.0245192,0.252847,4.08961,0,0,0
A,34,.,.,.,LYS,N,A,35,.,.,.,MET,N,257,266,1.60393,0,2.85376,0,1,0
A,34,.,.,.,LYS,CA,A,34,.,.,.,LYS,C,258,259,6.61527,0,1.52206,0,0,1
A,34,.,.,.,LYS,CA,A,34,.,.,.,LYS,O,258,260,1.90571,0,2.38985,0,0,0
A,34,.,.,.,LYS,CA,A,34,.,.,.,LYS,CB,258,261,8.1578,0,1.52102,0,0,1
A,34,.,.,.,LYS,CA,A,34,.,.,.,LYS,CG,258,262,2.12405,0,2.55638,0,0,0
A,34,.,.,.,LYS,CA,A,34,.,.,.,LYS,CD,258,263,4.78357,1.08757,3.31215,0,0,0
A,34,.,.,.,LYS,CA,A,35,.,.,.,MET,N,258,266,1.06354,0,2.43693,0,1,0
A,34,.,.,.,LYS,CA,A,37,.,.,.,ALA,CB,258,282,5.89478,0.639852,4.05488,2.02881,3,0
A,34,.,.,.,LYS,CA,A,38,.,.,.,MET,CE,258,290,0.577292,0,4.41469,0.103353,4,0
A,34,.,.,.,LYS,C,A,34,.,.,.,LYS,O,259,260,7.17837,0,1.23975,0,0,1
A,34,.,.,.,LYS,C,A,34,.,.,.,LYS,CB,259,261,2.30343,0,2.48074,0,0,0
A,34,.,.,.,LYS,C,A,35,.,.,.,MET,N,259,266,6.04572,0,1.33062,0,1,1
A,34,.,.,.,LYS,C,A,35,.,.,.,MET,CA,259,267,1.35935,0,2.38751,0,1,0
A,34,.,.,.,LYS,C,A,35,.,.,.,MET,C,259,268,0.534355,0,2.92532,0,1,0
A,34,.,.,.,LYS,C,A,35,.,.,.,MET,CE,259,273,1.33131,0,3.73867,0,1,0
A,34,.,.,.,LYS,C,A,36,.,.,.,GLY,N,259,274,0.819846,0,3.24476,0.960712,2,0
A,34,.,.,.,LYS,C,A,37,.,.,.,ALA,N,259,278,0.650745,0,3.61419,1.26907,3,0
A,34,.,.,.,LYS,C,A,37,.,.,.,ALA,CB,259,282,0.0549766,0,4.0337,-0.000209048,3,0
A,34,.,.,.,LYS,C,A,38,.,.,.,MET,CE,259,290,0.976087,0,3.89322,-0.192251,4,0
A,34,.,.,.,LYS,O,A,35,.,.,.,MET,CA,260,267,1.92655,0,2.70674,0,1,0
A,34,.,.,.,LYS,O,A,35,.,.,.,MET,C,260,268,1.67109,0,2.84144,0,1,0
A,34,.,.,.,LYS,O,A,35,.,.,.,MET,O,260,269,0.359093,0,3.18058,0,1,0
A,34,.,.,.,LYS,O,A,35,.,.,.,MET,CE,260,273,0.0450075,0,4.10118,0,1,0
A,34,.,.,.,LYS,O,A,37,.,.,.,ALA,N,260,278,1.97344,0,3.08068,-0.331146,3,0
A,34,.,.,.,LYS,O,A,37,.,.,.,ALA,CA,260,279,0.208157,0,3.54832,0.181548,3,0
A,34,.,.,.,LYS,O,A,37,.,.,.,ALA,CB,260,282,4.30586,0,3.34224,1.61753,3,0
A,34,.,.,.,LYS,O,A,38,.,.,.,MET,N,260,283,2.32575,0,3.31028,-1.32311,4,0
A,34,.,.,.,LYS,O,A,38,.,.,.,MET,CB,260,287,0.668898,0,3.89249,0.0200476,4,0
A,34,.,.,.,LYS,O,A,38,.,.,.,MET,CG,260,288,3.33687,0,3.4602,0.38656,4,0
A,34,.,.,.,LYS,O,A,38,.,.,.,MET,CE,260,290,4.75026,0,3.29426,-0.419203,4,0
A,34,.,.,.,LYS,CB,A,34,.,.,.,LYS,CG,261,262,13.6185,3.57287,1.51164,0,0,1
A,34,.,.,.,LYS,CB,A,34,.,.,.,LYS,CD,261,263,4.8452,0.71187,2.52243,0,0,0
A,34,.,.,.,LYS,CB,A,35,.,.,.,MET,N,261,266,1.38871,0,3.13476,0,1,0
A,34,.,.,.,LYS,CB,A,35,.,.,.,MET,CE,261,273,7.93068,3.46147,4.05702,0,1,0
A,34,.,.,.,LYS,CB,A,38,.,.,.,MET,CE,261,290,6.20336,1.25243,4.10336,-3.87883,4,0
A,34,.,.,.,LYS,CG,A,34,.,.,.,LYS,CD,262,263,11.5741,1.2703,1.51617,0,0,1
A,34,.,.,.,LYS,CG,A,34,.,.,.,LYS,CE,262,264,6.76991,3.01299,2.49357,0,0,0
A,34,.,.,.,LYS,CD,A,34,.,.,.,LYS,CE,263,264,14.4648,3.85325,1.53065,0,0,1
A,34,.,.,.,LYS,CD,A,34,.,.,.,LYS,NZ,263,265,9.2135,7.47165,2.51591,0,0,0
A,34,.,.,.,LYS,CD,A,37,.,.,.,ALA,CB,263,282,4.76724,4.74939,5.43363,2.5208,3,0
A,34,.,.,.,LYS,CD,A,38,.,.,.,MET,CE,263,290,7.04959,5.64045,4.81852,-1.68614,4,0
A,34,.,.,.,LYS,CE,A,34,.,.,.,LYS,NZ,264,265,20.98,8.92477,1.49823,0,0,1
A,35,.,.,.,MET,N,A,35,.,.,.,MET,CA,266,267,6.18931,0,1.45112,0,0,1
A,35,.,.,.,MET,N,A,35,.,.,.,MET,C,266,268,0.119327,0,2.43654,0,0,0
A,35,.,.,.,MET,N,A,35,.,.,.,MET,CB,266,270,2.38498,0,2.46196,0,0,0
A,35,.,.,.,MET,N,A,35,.,.,.,MET,CE,266,273,2.60596,0,3.30118,0,0,0
A,35,.,.,.,MET,N,A,36,.,.,.,GLY,N,266,274,1.45484,0,2.8113,0,1,0
A,35,.,.,.,MET,CA,A,35,.,.,.,MET,C,267,268,6.73925,0,1.53902,0,0,1
A,35,.,.,.,MET,CA,A,35,.,.,.,MET,O,267,269,1.78452,0,2.39035,0,0,0
A,35,.,.,.,MET,CA,A,35,.,.,.,MET,CB,267,270,7.86901,0,1.52744,0,0,1
A,35,.,.,.,MET,CA,A,35,.,.,.,MET,CG,267,271,2.44753,0,2.55455,0,0,0
A,35,.,.,.,MET,CA,A,35,.,.,.,MET,CE,267,273,3.47145,0,3.28897,0,0,0
A,35,.,.,.,MET,CA,A,36,.,.,.,GLY,N,267,274,1.07223,0,2.4626,0,1,0
A,35,.,.,.,MET,CA,A,38,.,.,.,MET,CG,267,288,1.68448,0,4.47185,-0.537789,3,0
A,35,.,.,.,MET,CA,A,60,.,.,.,LEU,CD1,267,451,2.30187,0,4.19981,-1.35332,5,0
A,35,.,.,.,MET,C,A,35,.,.,.,MET,O,268,269,9.13118,0,1.22261,0,0,1
A,35,.,.,.,MET,C,A,35,.,.,.,MET,CB,268,270,4.69616,1.30029,2.58434,0,0,0
A,35,.,.,.,MET,C,A,36,.,.,.,GLY,N,268,274,7.9338,0.671359,1.33532,0,1,1
A,35,.,.,.,MET,C,A,36,.,.,.,GLY,CA,268,275,2.08922,0.445163,2.44669,0,1,0
A,35,.,.,.,MET,C,A,36,.,.,.,GLY,C,268,276,0.259287,0,3.06175,0,1,0
A,35,.,.,.,MET,C,A,37,.,.,.,ALA,N,268,278,0.874838,0,3.26584,1.3149,2,0
A,35,.,.,.,MET,C,A,38,.,.,.,MET,N,268,283,0.0480608,0,3.81673,0.0727645,3,0
A,35,.,.,.,MET,C,A,39,.,.,.,ALA,CB,268,295,1.33549,1.14281,4.51963,-0.59738,4,0
A,35,.,.,.,MET,O,A,35,.,.,.,MET,CB,269,270,0.249999,0,3.37955,0,0,0
A,35,.,.,.,MET,O,A,36,.,.,.,GLY,CA,269,275,2.44037,0,2.77026,0,1,0
A,35,.,.,.,MET,O,A,36,.,.,.,GLY,C,269,276,1.51246,0,2.99479,0,1,0
A,35,.,.,.,MET,O,A,37,.,.,.,ALA,N,269,278,0.0504496,0,3.36111,0.0397415,2,0
A,35,.,.,.,MET,O,A,38,.,.,.,MET,N,269,283,2.73111,0,3.08262,-3.37519,3,0
A,35,.,.,.,MET,O,A,38,.,.,.,MET,CA,269,284,0.0325976,0,3.75718,0.0017092,3,0
A,35,.,.,.,MET,O,A,38,.,.,.,MET,CG,269,288,1.70173,0,3.86489,-1.09801,3,0
A,35,.,.,.,MET,O,A,39,.,.,.,ALA,N,269,291,4.69531,0,2.81845,-3.63169,4,0
A,35,.,.,.,MET,O,A,39,.,.,.,ALA,CB,269,295,5.35998,0,3.52432,-0.452826,4,0
A,35,.,.,.,MET,O,A,60,.,.,.,LEU,CB,269,449,0.223503,0,4.86924,-0.0936531,5,0
A,35,.,.,.,MET,O,A,60,.,.,.,LEU,CD1,269,451,2.93106,0,3.82973,-1.19647,5,0
A,35,.,.,.,MET,CB,A,35,.,.,.,MET,CG,270,271,17.0496,3.67529,1.54597,0,0,1
A,35,.,.,.,MET,CB,A,35,.,.,.,MET,SD,270,272,2.02843,0.190294,2.94061,0,0,0
A,35,.,.,.,MET,CB,A,35,.,.,.,MET,CE,270,273,0.301108,0,3.4558,0,0,0
A,35,.,.,.,MET,CB,A,36,.,.,.,GLY,N,270,274,2.9557,1.7774,3.27092,0,1,0
A,35,.,.,.,MET,CB,A,39,.,.,.,ALA,CB,270,295,0.313774,0.278226,5.83657,-0.0352077,4,0
A,35,.,.,.,MET,CB,A,60,.,.,.,LEU,CB,270,449,0.821631,0,4.86547,-0.321723,5,0
A,35,.,.,.,MET,CB,A,60,.,.,.,LEU,CD1,270,451,0.0179206,0,4.46119,-0.0107443,5,0
A,35,.,.,.,MET,CB,A,61,.,.,.,LYS,CB,270,457,4.0402,1.88975,5.6715,-0.40266,5,0
A,35,.,.,.,MET,CB,A,61,.,.,.,LYS,CD,270,459,2.85489,2.63437,6.08013,0.134341,5,0
A,35,.,.,.,MET,CG,A,35,.,.,.,MET,SD,271,272,16.4138,5.10245,1.83265,0,0,0
A,35,.,.,.,MET,CG,A,35,.,.,.,MET,CE,271,273,0.961325,0,2.92933,0,0,0
A,35,.,.,.,MET,CG,A,60,.,.,.,LEU,C,271,447,0.4904,0,5.05618,-0.24566,5,0
A,35,.,.,.,MET,CG,A,60,.,.,.,LEU,O,271,448,3.7218,3.05206,4.98209,0.601042,5,0
A,35,.,.,.,MET,CG,A,60,.,.,.,LEU,CB,271,449,6.0269,0,3.98635,-6.51526,5,0
A,35,.,.,.,MET,CG,A,60,.,.,.,LEU,CG,271,450,0.34806,0,4.06964,-0.234935,5,0
A,35,.,.,.,MET,CG,A,60,.,.,.,LEU,CD1,271,451,4.21834,0,3.70862,-6.26647,5,0
A,35,.,.,.,MET,CG,A,60,.,.,.,LEU,CD2,271,452,3.44495,0.326762,3.96042,-4.8744,5,0
A,35,.,.,.,MET,CG,A,61,.,.,.,LYS,CB,271,457,2.97909,1.43514,5.59715,-0.433797,5,0
A,35,.,.,.,MET,SD,A,35,.,.,.,MET,CE,272,273,19.1415,6.64799,1.80215,0,0,0
A,35,.,.,.,MET,SD,A,60,.,.,.,LEU,CD1,272,451,0.556133,0,4.36685,-0.537255,5,0
A,35,.,.,.,MET,SD,A,60,.,.,.,LEU,CD2,272,452,9.91296,5.62838,4.09087,-18.2404,5,0
A,35,.,.,.,MET,CE,A,38,.,.,.,MET,CG,273,288,0.849716,0,4.71398,-1.27937,3,0
A,35,.,.,.,MET,CE,A,38,.,.,.,MET,SD,273,289,4.14607,2.23744,4.46083,-4.75658,3,0
A,35,.,.,.,MET,CE,A,38,.,.,.,MET,CE,273,290,8.45222,2.97884,3.85698,-15.7359,3,0
A,35,.,.,.,MET,CE,A,60,.,.,.,LEU,CD1,273,451,2.74238,0,4.43381,-4.51426,5,0
A,35,.,.,.,MET,CE,A,60,.,.,.,LEU,CD2,273,452,1.10263,1.28582,4.82791,-0.72688,5,0
A,36,.,.,.,GLY,N,A,36,.,.,.,GLY,CA,274,275,12.301,2.63947,1.46964,0,0,1
A,36,.,.,.,GLY,N,A,36,.,.,.,GLY,C,274,276,0.0158863,0,2.50256,0,0,0
A,36,.,.,.,GLY,N,A,37,.,.,.,ALA,N,274,278,1.24202,0,2.84341,0,1,0
A,36,.,.,.,GLY,CA,A,36,.,.,.,GLY,C,275,276,8.84589,0,1.51443,0,0,1
A,36,.,.,.,GLY,CA,A,36,.,.,.,GLY,O,275,277,3.83137,0.779063,2.38605,0,0,0
A,36,.,.,.,GLY,CA,A,37,.,.,.,ALA,N,275,278,1.39181,0,2.43135,0,1,0
A,36,.,.,.,GLY,CA,A,39,.,.,.,ALA,N,275,291,0.0027854,0,4.73223,0.00159327,3,0
A,36,.,.,.,GLY,CA,A,39,.,.,.,ALA,CB,275,295,5.21487,3.79936,4.94013,1.74199,3,0
A,36,.,.,.,GLY,C,A,36,.,.,.,GLY,O,276,277,8.27445,0,1.23178,0,0,1
A,36,.,.,.,GLY,C,A,37,.,.,.,ALA,N,276,278,7.31519,0,1.32606,0,1,1
A,36,.,.,.,GLY,C,A,37,.,.,.,ALA,CA,276,279,1.74101,0,2.44715,0,1,0
A,36,.,.,.,GLY,C,A,37,.,.,.,ALA,C,276,280,0.101711,0,3.02838,0,1,0
A,36,.,.,.,GLY,C,A,38,.,.,.,MET,N,276,283,1.60535,0,3.03334,2.78693,2,0
A,36,.,.,.,GLY,C,A,39,.,.,.,ALA,N,276,291,0.153179,0,4.28186,0.0778868,3,0
A,36,.,.,.,GLY,O,A,37,.,.,.,ALA,CA,277,279,4.1432,1.45275,2.76933,0,1,0
A,36,.,.,.,GLY,O,A,37,.,.,.,ALA,C,277,280,4.03232,0.1652,2.94346,0,1,0
A,36,.,.,.,GLY,O,A,37,.,.,.,ALA,O,277,281,0.248316,1.74367,3.71674,0,1,0
A,36,.,.,.,GLY,O,A,38,.,.,.,MET,N,277,283,1.69952,0,3.05777,1.15932,2,0
A,36,.,.,.,GLY,O,A,39,.,.,.,ALA,N,277,291,1.69871,0,3.99862,-0.904223,3,0
A,36,.,.,.,GLY,O,A,39,.,.,.,ALA,O,277,294,5.92369,1.82182,4.15677,5.27641,3,0
A,36,.,.,.,GLY,O,A,39,.,.,.,ALA,CB,277,295,1.78602,0.942118,4.82836,0.186127,3,0
A,36,.,.,.,GLY,O,A,129,.,.,.,ARG,NH1,277,990,3.33117,2.56897,4.81325,-2.44931,5,0
A,36,.,.,.,GLY,O,A,129,.,.,.,ARG,NH2,277,991,3.00241,1.34657,5.01484,-2.20759,5,0
A,37,.,.,.,ALA,N,A,37,.,.,.,ALA,CA,278,279,8.37541,0,1.46916,0,0,1
A,37,.,.,.,ALA,N,A,37,.,.,.,ALA,CB,278,282,1.622,0,2.50394,0,0,0
A,37,.,.,.,ALA,N,A,38,.,.,.,MET,N,278,283,1.43032,0,2.74094,0,1,0
A,37,.,.,.,ALA,CA,A,37,.,.,.,ALA,C,279,280,7.53047,0.00390114,1.53108,0,0,1
A,37,.,.,.,ALA,CA,A,37,.,.,.,ALA,O,279,281,4.70057,3.5508,2.39479,0,0,0
A,37,.,.,.,ALA,CA,A,37,.,.,.,ALA,CB,279,282,15.0531,3.30897,1.56892,0,0,1
A,37,.,.,.,ALA,CA,A,38,.,.,.,MET,N,279,283,0.908745,0,2.43803,0,1,0
A,37,.,.,.,ALA,C,A,37,.,.,.,ALA,O,280,281,10.9831,0.194702,1.22092,0,0,1
A,37,.,.,.,ALA,C,A,37,.,.,.,ALA,CB,280,282,3.38578,0,2.53204,0,0,0
A,37,.,.,.,ALA,C,A,38,.,.,.,MET,N,280,283,7.12122,0,1.3202,0,1,1
A,37,.,.,.,ALA,C,A,38,.,.,.,MET,CA,280,284,1.94431,0,2.38892,0,1,0
A,37,.,.,.,ALA,C,A,38,.,.,.,MET,CB,280,287,1.55326,0,3.27622,0,1,0
A,37,.,.,.,ALA,C,A,39,.,.,.,ALA,O,280,294,0.547428,0.0588733,4.84519,0.588359,2,0
A,37,.,.,.,ALA,O,A,37,.,.,.,ALA,CB,281,282,4.81087,4.36504,3.13289,0,0,0
A,37,.,.,.,ALA,O,A,38,.,.,.,MET,CA,281,284,5.55336,0,2.69147,0,1,0
A,37,.,.,.,ALA,O,A,38,.,.,.,MET,CB,281,287,2.36619,2.39392,3.56374,0,1,0
A,37,.,.,.,ALA,O,A,39,.,.,.,ALA,O,281,294,0.868381,1.43075,4.92565,0.784051,2,0
A,37,.,.,.,ALA,O,A,40,.,.,.,LYS,CD,281,302,0.00868975,0.0985552,5.69785,0.00365467,3,0
A,37,.,.,.,ALA,O,A,40,.,.,.,LYS,NZ,281,304,7.83554,6.40392,4.28164,-0.78032,3,0
A,37,.,.,.,ALA,CB,A,38,.,.,.,MET,N,282,283,0.389311,0,3.35367,0,1,0
A,37,.,.,.,ALA,CB,A,38,.,.,.,MET,CB,282,287,2.80185,1.64825,4.68821,0,1,0
A,37,.,.,.,ALA,CB,A,38,.,.,.,MET,CE,282,290,2.62667,1.82865,5.28093,0,1,0
A,38,.,.,.,MET,N,A,38,.,.,.,MET,CA,283,284,7.03683,0,1.45312,0,0,1
A,38,.,.,.,MET,N,A,38,.,.,.,MET,CB,283,287,2.00006,0,2.4498,0,0,0
A,38,.,.,.,MET,N,A,38,.,.,.,MET,CG,283,288,0.953904,0,3.19339,0,0,0
A,38,.,.,.,MET,N,A,39,.,.,.,ALA,N,283,291,2.57246,0,2.83441,0,1,0
A,38,.,.,.,MET,N,A,39,.,.,.,ALA,O,283,294,0.264727,0,4.32982,0,1,0
A,38,.,.,.,MET,CA,A,38,.,.,.,MET,C,284,285,8.60497,0,1.53035,0,0,1
A,38,.,.,.,MET,CA,A,38,.,.,.,MET,O,284,286,1.6208,0,2.37369,0,0,0
A,38,.,.,.,MET,CA,A,38,.,.,.,MET,CB,284,287,10.5599,0,1.53463,0,0,1
A,38,.,.,.,MET,CA,A,38,.,.,.,MET,CG,284,288,1.1927,0,2.58715,0,0,0
A,38,.,.,.,MET,CA,A,39,.,.,.,ALA,N,284,291,1.05827,0,2.46768,0,1,0
A,38,.,.,.,MET,CA,A,39,.,.,.,ALA,O,284,294,1.33945,0,4.0703,0,1,0
A,38,.,.,.,MET,CA,A,40,.,.,.,LYS,CD,284,302,0.121687,0,5.13733,0.0767254,2,0
A,38,.,.,.,MET,CA,A,40,.,.,.,LYS,NZ,284,304,5.56212,0,4.21245,8.44553,2,0
A,38,.,.,.,MET,C,A,38,.,.,.,MET,O,285,286,8.14577,0,1.21872,0,0,1
A,38,.,.,.,MET,C,A,38,.,.,.,MET,CB,285,287,0.757409,0,2.53916,0,0,0
A,38,.,.,.,MET,C,A,38,.,.,.,MET,CG,285,288,2.37307,0,3.04766,0,0,0
A,38,.,.,.,MET,C,A,39,.,.,.,ALA,N,285,291,6.98515,0,1.33175,0,1,1
A,38,.,.,.,MET,C,A,39,.,.,.,ALA,CA,285,292,1.15425,0,2.42614,0,1,0
A,38,.,.,.,MET,C,A,39,.,.,.,ALA,C,285,293,0.992372,0,2.95655,0,1,0
A,38,.,.,.,MET,C,A,39,.,.,.,ALA,O,285,294,1.93903,0,3.14927,0,1,0
A,38,.,.,.,MET,C,A,40,.,.,.,LYS,CD,285,302,0.59758,0,4.54328,0.07034,2,0
A,38,.,.,.,MET,C,A,40,.,.,.,LYS,NZ,285,304,0.127639,0,4.37729,0.0620137,2,0
A,38,.,.,.,MET,C,A,60,.,.,.,LEU,CD1,285,451,1.04459,0,4.13799,-0.835593,5,0
A,38,.,.,.,MET,O,A,38,.,.,.,MET,CB,286,287,4.39695,2.39939,3.02041,0,0,0
A,38,.,.,.,MET,O,A,38,.,.,.,MET,CG,286,288,1.85409,1.33445,3.55751,0,0,0
A,38,.,.,.,MET,O,A,39,.,.,.,ALA,CA,286,292,4.53204,1.53584,2.73786,0,1,0
A,38,.,.,.,MET,O,A,39,.,.,.,ALA,C,286,293,1.4851,0,2.99096,0,1,0
A,38,.,.,.,MET,O,A,40,.,.,.,LYS,N,286,296,1.36288,0.594015,3.52292,1.21588,2,0
A,38,.,.,.,MET,O,A,40,.,.,.,LYS,CG,286,301,5.27015,2.79023,3.87974,1.54281,2,0
A,38,.,.,.,MET,O,A,40,.,.,.,LYS,CD,286,302,1.8066,0,3.88072,0.138808,2,0
A,38,.,.,.,MET,O,A,40,.,.,.,LYS,CE,286,303,2.82103,1.72991,4.08022,-0.139832,2,0
A,38,.,.,.,MET,O,A,40,.,.,.,LYS,NZ,286,304,2.42238,0.535248,3.89842,-0.49781,2,0
A,38,.,.,.,MET,O,A,60,.,.,.,LEU,CD1,286,451,2.29481,2.12709,4.44,0.500545,5,0
A,38,.,.,.,MET,CB,A,38,.,.,.,MET,CG,287,288,10.5951,0.824533,1.50875,0,0,1
A,38,.,.,.,MET,CB,A,38,.,.,.,MET,SD,287,289,8.96578,5.59278,2.72273,0,0,0
A,38,.,.,.,MET,CB,A,38,.,.,.,MET,CE,287,290,3.28654,1.57855,3.5731,0,0,0
A,38,.,.,.,MET,CB,A,40,.,.,.,LYS,NZ,287,304,3.34065,3.83449,4.84101,2.79362,2,0
A,38,.,.,.,MET,CG,A,38,.,.,.,MET,SD,288,289,12.5119,2.03386,1.81794,0,0,0
A,38,.,.,.,MET,CG,A,38,.,.,.,MET,CE,288,290,2.70045,0,2.83355,0,0,0
A,38,.,.,.,MET,CG,A,39,.,.,.,ALA,N,288,291,0.64349,0,3.65129,0,1,0
A,38,.,.,.,MET,CG,A,60,.,.,.,LEU,CD1,288,451,10.7835,1.35078,3.32663,-16.0192,5,0
A,38,.,.,.,MET,SD,A,38,.,.,.,MET,CE,289,290,19.1578,7.81367,1.79957,0,0,1
A,38,.,.,.,MET,SD,A,60,.,.,.,LEU,CD1,289,451,5.05686,2.34269,4.24091,-4.88521,5,0
A,38,.,.,.,MET,SD,A,60,.,.,.,LEU,CD2,289,452,0.414833,1.6758,5.74174,-0.381883,5,0
A,39,.,.,.,ALA,N,A,39,.,.,.,ALA,CA,291,292,7.19075,0,1.4666,0,0,1
A,39,.,.,.,ALA,N,A,39,.,.,.,ALA,C,291,293,0.274118,0,2.45041,0,0,0
A,39,.,.,.,ALA,N,A,39,.,.,.,ALA,O,291,294,2.13556,0,2.7728,0,0,0
A,39,.,.,.,ALA,N,A,39,.,.,.,ALA,CB,291,295,2.79886,0,2.48622,0,0,0
A,39,.,.,.,ALA,N,A,60,.,.,.,LEU,CD1,291,451,2.42831,0,3.8338,0.00668398,5,0
A,39,.,.,.,ALA,CA,A,39,.,.,.,ALA,C,292,293,6.51008,0,1.56717,0,0,1
A,39,.,.,.,ALA,CA,A,39,.,.,.,ALA,O,292,294,0.608518,0,2.4385,0,0,0
A,39,.,.,.,ALA,CA,A,39,.,.,.,ALA,CB,292,295,11.6415,0,1.56188,0,0,1
A,39,.,.,.,ALA,CA,A,40,.,.,.,LYS,N,292,296,5.88346,1.90097,2.49019,0,1,0
A,39,.,.,.,ALA,CA,A,58,.,.,.,SER,CB,292,436,1.93107,1.17083,4.71854,0.222036,5,0
A,39,.,.,.,ALA,CA,A,60,.,.,.,LEU,N,292,445,0.00159644,0.0534145,5.77271,0.00176266,5,0
A,39,.,.,.,ALA,CA,A,60,.,.,.,LEU,CB,292,449,1.14499,0.213932,4.56295,-0.249602,5,0
A,39,.,.,.,ALA,CA,A,60,.,.,.,LEU,CG,292,450,2.18468,2.0539,4.75281,-0.80827,5,0
A,39,.,.,.,ALA,CA,A,60,.,.,.,LEU,CD1,292,451,3.00241,0.0174023,4.19465,-2.68869,5,0
A,39,.,.,.,ALA,C,A,39,.,.,.,ALA,O,293,294,7.24028,0,1.22751,0,0,1
A,39,.,.,.,ALA,C,A,39,.,.,.,ALA,CB,293,295,2.15343,0,2.61076,0,0,0
A,39,.,.,.,ALA,C,A,40,.,.,.,LYS,N,293,296,6.85359,0,1.33121,0,1,1
A,39,.,.,.,ALA,C,A,40,.,.,.,LYS,CA,293,297,1.02164,0,2.43164,0,1,0
A,39,.,.,.,ALA,C,A,40,.,.,.,LYS,CG,293,301,0.29097,0,3.68394,0,1,0
A,39,.,.,.,ALA,C,A,40,.,.,.,LYS,CD,293,302,0.826395,0,3.90219,0,1,0
A,39,.,.,.,ALA,C,A,41,.,.,.,PRO,CD,293,311,2.30561,0,3.36993,2.86954,2,0
A,39,.,.,.,ALA,O,A,39,.,.,.,ALA,CB,294,295,1.61701,0.174097,3.29656,0,0,0
A,39,.,.,.,ALA,O,A,40,.,.,.,LYS,CA,294,297,2.87193,0,2.73118,0,1,0
A,39,.,.,.,ALA,O,A,40,.,.,.,LYS,CD,294,302,5.56478,1.40507,3.66369,0,1,0
A,39,.,.,.,ALA,O,A,40,.,.,.,LYS,NZ,294,304,0.010138,0,4.87437,0,1,0
A,39,.,.,.,ALA,O,A,41,.,.,.,PRO,CD,294,311,4.06675,0,3.38793,2.70124,2,0
A,39,.,.,.,ALA,O,A,129,.,.,.,ARG,NH1,294,990,0.142961,0.339408,5.64313,0.029745,5,0
A,39,.,.,.,ALA,O,A,129,.,.,.,ARG,NH2,294,991,1.95386,0.181915,4.94706,0.406528,5,0
A,39,.,.,.,ALA,CB,A,40,.,.,.,LYS,N,295,296,0.571997,0,3.43019,0,1,0
A,39,.,.,.,ALA,CB,A,41,.,.,.,PRO,CB,295,309,0.94271,0.681687,5.16547,0.00933065,2,0
A,39,.,.,.,ALA,CB,A,41,.,.,.,PRO,CG,295,310,0.87724,1.77691,5.00152,-0.16089,2,0
A,39,.,.,.,ALA,CB,A,41,.,.,.,PRO,CD,295,311,7.61425,1.33337,4.12151,-0.804224,2,0
A,39,.,.,.,ALA,CB,A,58,.,.,.,SER,CB,295,436,4.10193,0,4.10364,-2.2403,5,0
A,39,.,.,.,ALA,CB,A,58,.,.,.,SER,OG,295,437,7.90216,1.16169,3.50789,-2.5591,5,0
A,39,.,.,.,ALA,CB,A,60,.,.,.,LEU,CB,295,449,7.75817,0,4.09437,-8.84144,5,0
A,39,.,.,.,ALA,CB,A,60,.,.,.,LEU,CD1,295,451,1.11676,0,4.42558,-1.73195,5,0
A,39,.,.,.,ALA,CB,A,61,.,.,.,LYS,N,295,453,0.247864,0,5.02817,0.282537,5,0
A,39,.,.,.,ALA,CB,A,61,.,.,.,LYS,CB,295,457,5.03975,3.93565,5.4897,-0.789985,5,0
A,39,.,.,.,ALA,CB,A,129,.,.,.,ARG,NH2,295,991,0.0595503,0.767802,6.19221,0.0161864,5,0
A,40,.,.,.,LYS,N,A,40,.,.,.,LYS,CA,296,297,6.02232,0,1.45633,0,0,1
A,40,.,.,.,LYS,N,A,40,.,.,.,LYS,C,296,298,2.83775,0,2.329,0,0,0
A,40,.,.,.,LYS,N,A,40,.,.,.,LYS,O,296,299,1.60073,1.11954,3.07009,0,0,0
A,40,.,.,.,LYS,N,A,40,.,.,.,LYS,CB,296,300,2.08455,0.807452,2.50424,0,0,0
A,40,.,.,.,LYS,N,A,40,.,.,.,LYS,CG,296,301,4.94364,1.75855,2.96257,0,0,0
A,40,.,.,.,LYS,N,A,40,.,.,.,LYS,CD,296,302,0.00212827,0,3.64568,0,0,0
A,40,.,.,.,LYS,N,A,41,.,.,.,PRO,N,296,305,0.493018,0,2.95955,0,1,0
A,40,.,.,.,LYS,N,A,41,.,.,.,PRO,CD,296,311,0.969076,0,3.27124,0,1,0
A,40,.,.,.,LYS,N,A,58,.,.,.,SER,CB,296,436,3.92649,1.6795,4.54136,5.63946,5,0
A,40,.,.,.,LYS,CA,A,40,.,.,.,LYS,C,297,298,7.19231,0,1.54884,0,0,1
A,40,.,.,.,LYS,CA,A,40,.,.,.,LYS,O,297,299,0.255516,0,2.42822,0,0,0
A,40,.,.,.,LYS,CA,A,40,.,.,.,LYS,CB,297,300,9.88666,0,1.54732,0,0,1
A,40,.,.,.,LYS,CA,A,40,.,.,.,LYS,CG,297,301,0.551011,0,2.63253,0,0,0
A,40,.,.,.,LYS,CA,A,40,.,.,.,LYS,CD,297,302,2.15736,0,3.28307,0,0,0
A,40,.,.,.,LYS,CA,A,41,.,.,.,PRO,N,297,305,0.361503,0,2.44911,0,1,0
A,40,.,.,.,LYS,CA,A,41,.,.,.,PRO,CD,297,311,3.29516,0,3.0181,0,1,0
A,40,.,.,.,LYS,C,A,40,.,.,.,LYS,O,298,299,8.88386,0,1.24232,0,0,1
A,40,.,.,.,LYS,C,A,40,.,.,.,LYS,CB,298,300,2.27162,0,2.54519,0,0,0
A,40,.,.,.,LYS,C,A,41,.,.,.,PRO,N,298,305,7.12569,0,1.32425,0,1,1
A,40,.,.,.,LYS,C,A,41,.,.,.,PRO,CA,298,306,1.58105,0,2.39786,0,1,0
A,40,.,.,.,LYS,C,A,41,.,.,.,PRO,C,298,307,0.287879,0,3.13485,0,1,0
A,40,.,.,.,LYS,C,A,41,.,.,.,PRO,O,298,308,2.08227,0,3.30244,0,1,0
A,40,.,.,.,LYS,C,A,58,.,.,.,SER,CB,298,436,1.04937,0,4.42045,0.131327,5,0
A,40,.,.,.,LYS,O,A,40,.,.,.,LYS,CB,299,300,9.21834,5.09516,2.81301,0,0,0
A,40,.,.,.,LYS,O,A,41,.,.,.,PRO,CA,299,306,4.12599,0,2.68477,0,1,0
A,40,.,.,.,LYS,O,A,41,.,.,.,PRO,C,299,307,2.6856,0,3.12381,0,1,0
A,40,.,.,.,LYS,O,A,41,.,.,.,PRO,O,299,308,1.20493,0,3.40061,0,1,0
A,40,.,.,.,LYS,O,A,42,.,.,.,ASP,N,299,312,0.75159,0.764216,3.93234,0.755687,2,0
A,40,.,.,.,LYS,O,A,42,.,.,.,ASP,OD1,299,318,3.38712,2.84424,4.58697,3.02576,2,0
A,40,.,.,.,LYS,O,A,57,.,.,.,GLU,O,299,426,0.306304,0.707522,4.66557,0.395732,5,0
A,40,.,.,.,LYS,O,A,58,.,.,.,SER,CA,299,433,0.717121,1.55544,5.07339,0.534146,5,0
A,40,.,.,.,LYS,O,A,58,.,.,.,SER,CB,299,436,3.97416,1.9784,4.35238,1.16398,5,0
A,40,.,.,.,LYS,CB,A,40,.,.,.,LYS,CG,300,301,17.5006,7.73995,1.54174,0,0,1
A,40,.,.,.,LYS,CB,A,40,.,.,.,LYS,CD,300,302,5.55477,1.32111,2.56381,0,0,0
A,40,.,.,.,LYS,CG,A,40,.,.,.,LYS,CD,301,302,10.8837,1.51083,1.52692,0,0,1
A,40,.,.,.,LYS,CG,A,40,.,.,.,LYS,CE,301,303,10.1124,6.39574,2.5329,0,0,0
A,40,.,.,.,LYS,CD,A,40,.,.,.,LYS,CE,302,303,15.1532,5.21142,1.54298,0,0,1
A,40,.,.,.,LYS,CD,A,40,.,.,.,LYS,NZ,302,304,6.72723,3.34538,2.53254,0,0,0
A,40,.,.,.,LYS,CE,A,40,.,.,.,LYS,NZ,303,304,20.3352,9.90923,1.50285,0,0,1
A,41,.,.,.,PRO,N,A,41,.,.,.,PRO,CA,305,306,5.67084,0,1.47693,0,0,1
A,41,.,.,.,PRO,N,A,41,.,.,.,PRO,C,305,307,0.085143,0,2.5044,0,0,0
A,41,.,.,.,PRO,N,A,41,.,.,.,PRO,O,305,308,1.37712,0,2.85292,0,0,0
A,41,.,.,.,PRO,N,A,41,.,.,.,PRO,CG,305,310,0.215404,0,2.28585,0,0,0
A,41,.,.,.,PRO,N,A,41,.,.,.,PRO,CD,305,311,7.24219,0,1.46331,0,0,1
A,41,.,.,.,PRO,N,A,58,.,.,.,SER,CB,305,436,0.582127,0,4.17432,-0.234129,5,0
A,41,.,.,.,PRO,CA,A,41,.,.,.,PRO,C,306,307,6.85086,0,1.49197,0,0,1
A,41,.,.,.,PRO,CA,A,41,.,.,.,PRO,O,306,308,0.0925973,0,2.43238,0,0,0
A,41,.,.,.,PRO,CA,A,41,.,.,.,PRO,CB,306,309,7.13462,0,1.51182,0,0,1
A,41,.,.,.,PRO,CA,A,41,.,.,.,PRO,CG,306,310,0.938667,0,2.35863,0,0,0
A,41,.,.,.,PRO,CA,A,41,.,.,.,PRO,CD,306,311,0.45343,0,2.40034,0,0,0
A,41,.,.,.,PRO,CA,A,42,.,.,.,ASP,N,306,312,2.74957,0,2.33113,0,1,0
A,41,.,.,.,PRO,CA,A,57,.,.,.,GLU,O,306,426,3.5777,0,3.2277,0.787176,5,0
A,41,.,.,.,PRO,CA,A,58,.,.,.,SER,CA,306,433,0.0214969,0,4.53141,0.00614832,5,0
A,41,.,.,.,PRO,CA,A,58,.,.,.,SER,CB,306,436,4.65527,0,3.77878,0.409035,5,0
A,41,.,.,.,PRO,C,A,41,.,.,.,PRO,O,307,308,8.55544,0,1.25953,0,0,1
A,41,.,.,.,PRO,C,A,41,.,.,.,PRO,CB,307,309,2.31263,0,2.4509,0,0,0
A,41,.,.,.,PRO,C,A,41,.,.,.,PRO,CG,307,310,0.925499,0,3.14,0,0,0
A,41,.,.,.,PRO,C,A,42,.,.,.,ASP,N,307,312,7.15703,0,1.31582,0,1,1
A,41,.,.,.,PRO,C,A,42,.,.,.,ASP,CA,307,313,2.0015,0,2.36679,0,1,0
A,41,.,.,.,PRO,C,A,42,.,.,.,ASP,C,307,314,0.635177,0,3.23716,0,1,0
A,41,.,.,.,PRO,C,A,42,.,.,.,ASP,OD1,307,318,1.66838,0,3.52062,0,1,0
A,41,.,.,.,PRO,C,A,131,.,.,.,TYR,CE2,307,1009,0.746136,0,4.34895,-0.270132,5,0
A,41,.,.,.,PRO,O,A,41,.,.,.,PRO,CG,308,310,1.31527,0,3.48573,0,0,0
A,41,.,.,.,PRO,O,A,41,.,.,.,PRO,CD,308,311,0.0286374,0,3.70303,0,0,0
A,41,.,.,.,PRO,O,A,42,.,.,.,ASP,CA,308,313,3.01639,0,2.76772,0,1,0
A,41,.,.,.,PRO,O,A,42,.,.,.,ASP,OD1,308,318,1.88613,0,3.43726,0,1,0
A,41,.,.,.,PRO,O,A,131,.,.,.,TYR,CE2,308,1009,3.86098,0,3.62909,-2.63113,5,0
A,41,.,.,.,PRO,CB,A,41,.,.,.,PRO,CG,309,310,12.2188,1.39191,1.50578,0,0,1
A,41,.,.,.,PRO,CB,A,41,.,.,.,PRO,CD,309,311,2.60128,0,2.29709,0,0,0
A,41,.,.,.,PRO,CB,A,42,.,.,.,ASP,N,309,312,1.50279,0,3.01507,0,1,0
A,41,.,.,.,PRO,CB,A,42,.,.,.,ASP,C,309,314,0.96027,0,4.21391,0,1,0
A,41,.,.,.,PRO,CB,A,42,.,.,.,ASP,O,309,315,1.80941,0,3.82495,0,1,0
A,41,.,.,.,PRO,CB,A,56,.,.,.,THR,C,309,418,0.120692,0,4.83121,-0.0142864,5,0
A,41,.,.,.,PRO,CB,A,56,.,.,.,THR,CG2,309,422,9.38619,1.51703,3.77266,-6.79275,5,0
A,41,.,.,.,PRO,CB,A,57,.,.,.,GLU,N,309,423,2.31534,0,4.26835,2.94718,5,0
A,41,.,.,.,PRO,CB,A,57,.,.,.,GLU,C,309,425,2.05569,0,4.07378,0.300899,5,0
A,41,.,.,.,PRO,CB,A,57,.,.,.,GLU,O,309,426,1.33371,0,3.5172,0.347093,5,0
A,41,.,.,.,PRO,CB,A,58,.,.,.,SER,CB,309,436,4.63538,0,3.99415,-1.75964,5,0
A,41,.,.,.,PRO,CB,A,58,.,.,.,SER,OG,309,437,1.02979,0.543798,4.52078,-0.304747,5,0
A,41,.,.,.,PRO,CB,A,61,.,.,.,LYS,O,309,456,1.7872,1.20426,5.30847,0.350469,5,0
A,41,.,.,.,PRO,CB,A,131,.,.,.,TYR,CE2,309,1009,0.2618,0,5.04135,-0.258994,5,0
A,41,.,.,.,PRO,CB,A,131,.,.,.,TYR,OH,309,1011,0.11046,0,4.42299,-0.11614,5,0
A,41,.,.,.,PRO,CG,A,41,.,.,.,PRO,CD,310,311,12.8823,0.655107,1.44155,0,0,1
A,41,.,.,.,PRO,CG,A,56,.,.,.,THR,CG2,310,422,6.28363,3.4211,4.1606,-1.91041,5,0
A,41,.,.,.,PRO,CG,A,129,.,.,.,ARG,NH2,310,991,8.50241,3.60917,3.85652,-2.9388,5,0
A,41,.,.,.,PRO,CG,A,131,.,.,.,TYR,CE2,310,1009,1.54467,0,4.5616,-1.96323,5,0
A,41,.,.,.,PRO,CG,A,131,.,.,.,TYR,OH,310,1011,8.13001,0.156691,3.57487,-8.85634,5,0
A,41,.,.,.,PRO,CD,A,58,.,.,.,SER,CB,311,436,0.628516,0,4.68039,0.138646,5,0
A,41,.,.,.,PRO,CD,A,129,.,.,.,ARG,NH2,311,991,5.30105,0.967316,3.99325,-1.03169,5,0
A,42,.,.,.,ASP,N,A,42,.,.,.,ASP,CA,312,313,6.15799,0,1.39819,0,0,1
A,42,.,.,.,ASP,N,A,42,.,.,.,ASP,C,312,314,0.917604,0,2.33919,0,0,0
A,42,.,.,.,ASP,N,A,42,.,.,.,ASP,O,312,315,1.94473,0,2.64146,0,0,0
A,42,.,.,.,ASP,N,A,42,.,.,.,ASP,CB,312,316,3.09533,0,2.39375,0,0,0
A,42,.,.,.,ASP,N,A,42,.,.,.,ASP,CG,312,317,1.19021,0.798288,3.16241,0,0,0
A,42,.,.,.,ASP,N,A,42,.,.,.,ASP,OD1,312,318,1.68623,0.168235,3.1146,0,0,0
A,42,.,.,.,ASP,N,A,57,.,.,.,GLU,O,312,426,6.37658,0.846766,2.77509,2.63751,5,0
A,42,.,.,.,ASP,CA,A,42,.,.,.,ASP,C,313,314,6.50388,0,1.52559,0,0,1
A,42,.,.,.,ASP,CA,A,42,.,.,.,ASP,O,313,315,0.320377,0,2.41021,0,0,0
A,42,.,.,.,ASP,CA,A,42,.,.,.,ASP,CB,313,316,7.60526,0,1.5047,0,0,1
A,42,.,.,.,ASP,CA,A,42,.,.,.,ASP,CG,313,317,0.564843,0,2.53438,0,0,0
A,42,.,.,.,ASP,CA,A,42,.,.,.,ASP,OD1,313,318,2.27131,0,2.76604,0,0,0
A,42,.,.,.,ASP,CA,A,43,.,.,.,CYS,N,313,320,2.32448,0,2.38913,0,1,0
A,42,.,.,.,ASP,CA,A,131,.,.,.,TYR,CE2,313,1009,1.02054,0,4.55922,-0.0656006,5,0
A,42,.,.,.,ASP,C,A,42,.,.,.,ASP,O,314,315,8.64572,0,1.2443,0,0,1
A,42,.,.,.,ASP,C,A,42,.,.,.,ASP,CB,314,316,3.36028,0,2.44429,0,0,0
A,42,.,.,.,ASP,C,A,43,.,.,.,CYS,N,314,320,7.86626,0,1.30961,0,1,1
A,42,.,.,.,ASP,C,A,43,.,.,.,CYS,CA,314,321,2.4054,0,2.41772,0,1,0
A,42,.,.,.,ASP,C,A,43,.,.,.,CYS,C,314,322,0.0652167,0,3.36238,0,1,0
A,42,.,.,.,ASP,C,A,43,.,.,.,CYS,CB,314,324,0.163408,0,3.48931,0,1,0
A,42,.,.,.,ASP,C,A,44,.,.,.,ILE,CG1,314,331,6.10198e-05,0,5.03674,9.60745e-08,2,0
A,42,.,.,.,ASP,C,A,44,.,.,.,ILE,CD1,314,333,1.27217,0,4.63576,0.311282,2,0
A,42,.,.,.,ASP,C,A,56,.,.,.,THR,CG2,314,422,0.711881,0,4.54833,-0.0831727,5,0
A,42,.,.,.,ASP,C,A,131,.,.,.,TYR,CE2,314,1009,1.36747,0,4.36605,-0.510344,5,0
A,42,.,.,.,ASP,O,A,42,.,.,.,ASP,CB,315,316,0.800786,0,3.15131,0,0,0
A,42,.,.,.,ASP,O,A,43,.,.,.,CYS,CA,315,321,3.00805,0,2.79961,0,1,0
A,42,.,.,.,ASP,O,A,44,.,.,.,ILE,CD1,315,333,1.62402,0,4.43075,0.297751,2,0
A,42,.,.,.,ASP,O,A,55,.,.,.,LYS,O,315,410,0.732604,0,3.77342,0.854553,5,0
A,42,.,.,.,ASP,O,A,56,.,.,.,THR,CA,315,417,2.99114,0,3.27569,-0.333174,5,0
A,42,.,.,.,ASP,O,A,56,.,.,.,THR,CG2,315,422,2.94119,0,3.68383,0.355834,5,0
A,42,.,.,.,ASP,O,A,57,.,.,.,GLU,N,315,423,5.83623,0,2.67313,1.87176,5,0
A,42,.,.,.,ASP,O,A,57,.,.,.,GLU,O,315,426,0.667248,0,3.46499,1.15476,5,0
A,42,.,.,.,ASP,O,A,57,.,.,.,GLU,CB,315,427,1.33488,0,3.92838,1.24786,5,0
A,42,.,.,.,ASP,CB,A,42,.,.,.,ASP,CG,316,317,12.2865,1.52518,1.53565,0,0,1
A,42,.,.,.,ASP,CB,A,42,.,.,.,ASP,OD2,316,319,1.26196,0,2.37828,0,0,0
A,42,.,.,.,ASP,CB,A,43,.,.,.,CYS,N,316,320,1.81347,0,3.176,0,1,0
A,42,.,.,.,ASP,CB,A,43,.,.,.,CYS,C,316,322,0.196811,0,4.72819,0,1,0
A,42,.,.,.,ASP,CB,A,44,.,.,.,ILE,CG1,316,331,0.888055,0,4.96273,0.0166994,2,0
A,42,.,.,.,ASP,CB,A,44,.,.,.,ILE,CD1,316,333,3.18259,0,4.63243,-1.77217,2,0
A,42,.,.,.,ASP,CB,A,57,.,.,.,GLU,O,316,426,3.86526,1.56311,3.89832,4.68335,5,0
A,42,.,.,.,ASP,CB,A,57,.,.,.,GLU,CB,316,427,3.73842,0.159701,4.72101,2.22152,5,0
A,42,.,.,.,ASP,CB,A,57,.,.,.,GLU,OE1,316,430,0.211323,0.296386,4.95296,0.175832,5,0
A,42,.,.,.,ASP,CG,A,42,.,.,.,ASP,OD1,317,318,13.7071,3.31224,1.26581,0,0,1
A,42,.,.,.,ASP,CG,A,42,.,.,.,ASP,OD2,317,319,14.7419,3.68897,1.24653,0,0,1
A,42,.,.,.,ASP,CG,A,57,.,.,.,GLU,O,317,426,0.114081,0.787244,4.73411,0.103158,5,0
A,42,.,.,.,ASP,CG,A,134,.,.,.,VAL,CG2,317,1036,0.798811,0,4.98132,-0.207633,5,0
A,42,.,.,.,ASP,OD1,A,42,.,.,.,ASP,OD2,318,319,1.26212,0.799679,2.21193,0,0,0
A,42,.,.,.,ASP,OD2,A,134,.,.,.,VAL,CG2,319,1036,3.6813,0.30895,4.42644,2.56333,5,0
A,43,.,.,.,CYS,N,A,43,.,.,.,CYS,CA,320,321,6.46835,0,1.4551,0,0,1
A,43,.,.,.,CYS,N,A,43,.,.,.,CYS,C,320,322,2.53909,0,2.37115,0,0,0
A,43,.,.,.,CYS,N,A,43,.,.,.,CYS,O,320,323,1.50415,0,2.82116,0,0,0
A,43,.,.,.,CYS,N,A,43,.,.,.,CYS,CB,320,324,3.43785,0,2.42239,0,0,0
A,43,.,.,.,CYS,N,A,44,.,.,.,ILE,CG1,320,331,0.0011735,0,4.89152,0,1,0
A,43,.,.,.,CYS,N,A,44,.,.,.,ILE,CD1,320,333,0.000255957,0,4.83076,0,1,0
A,43,.,.,.,CYS,N,A,131,.,.,.,TYR,CD2,320,1007,0.305945,0,4.30889,0.0323362,5,0
A,43,.,.,.,CYS,N,A,131,.,.,.,TYR,CE2,320,1009,2.54484,0,3.92936,0.959445,5,0
A,43,.,.,.,CYS,CA,A,43,.,.,.,CYS,C,321,322,6.36913,0,1.49904,0,0,1
A,43,.,.,.,CYS,CA,A,43,.,.,.,CYS,O,321,323,0.479043,0,2.3764,0,0,0
A,43,.,.,.,CYS,CA,A,43,.,.,.,CYS,CB,321,324,9.38,0,1.51615,0,0,1
A,43,.,.,.,CYS,CA,A,43,.,.,.,CYS,SG,321,325,2.10072,0,2.80825,0,0,0
A,43,.,.,.,CYS,CA,A,44,.,.,.,ILE,N,321,326,2.64936,0,2.40508,0,1,0
A,43,.,.,.,CYS,CA,A,44,.,.,.,ILE,CD1,321,333,0.403335,0,4.6913,0,1,0
A,43,.,.,.,CYS,CA,A,55,.,.,.,LYS,O,321,410,3.43069,0,3.41023,-1.55518,5,0
A,43,.,.,.,CYS,CA,A,56,.,.,.,THR,CA,321,417,1.62107,0,4.36518,0.111152,5,0
A,43,.,.,.,CYS,CA,A,56,.,.,.,THR,CB,321,420,0.283329,0,4.90383,-0.0256411,5,0
A,43,.,.,.,CYS,CA,A,56,.,.,.,THR,OG1,321,421,0.126811,0,4.72489,0.014808,5,0
A,43,.,.,.,CYS,CA,A,56,.,.,.,THR,CG2,321,422,1.07459,0,4.74165,-0.0837573,5,0
A,43,.,.,.,CYS,C,A,43,.,.,.,CYS,O,322,323,8.80229,0,1.24149,0,0,1
A,43,.,.,.,CYS,C,A,43,.,.,.,CYS,CB,322,324,1.38312,0,2.46426,0,0,0
A,43,.,.,.,CYS,C,A,43,.,.,.,CYS,SG,322,325,1.89982,0,3.24968,0,0,0
A,43,.,.,.,CYS,C,A,44,.,.,.,ILE,N,322,326,7.12518,0,1.33992,0,1,1
A,43,.,.,.,CYS,C,A,44,.,.,.,ILE,CA,322,327,1.86459,0,2.44189,0,1,0
A,43,.,.,.,CYS,C,A,44,.,.,.,ILE,CG1,322,331,2.29155,0,3.66768,0,1,0
A,43,.,.,.,CYS,C,A,44,.,.,.,ILE,CD1,322,333,0.398511,0,4.09847,0,1,0
A,43,.,.,.,CYS,C,A,45,.,.,.,ILE,N,322,334,0.073761,0,4.07501,0.123446,2,0
A,43,.,.,.,CYS,C,A,45,.,.,.,ILE,CG1,322,339,0.376071,0,4.96425,0.0380723,2,0
A,43,.,.,.,CYS,O,A,43,.,.,.,CYS,CB,323,324,2.41977,0,2.9278,0,0,0
A,43,.,.,.,CYS,O,A,43,.,.,.,CYS,SG,323,325,0.283619,0,3.7995,0,0,0
A,43,.,.,.,CYS,O,A,44,.,.,.,ILE,CA,323,327,2.75338,0,2.82953,0,1,0
A,43,.,.,.,CYS,O,A,44,.,.,.,ILE,CG1,323,331,0.133173,0,4.06611,0,1,0
A,43,.,.,.,CYS,O,A,45,.,.,.,ILE,N,323,334,0.344027,0,4.08673,0.216286,2,0
A,43,.,.,.,CYS,O,A,45,.,.,.,ILE,CG1,323,339,0.352219,0,4.95841,-0.114008,2,0
A,43,.,.,.,CYS,CB,A,43,.,.,.,CYS,SG,324,325,16.1714,0,1.81756,0,0,0
A,43,.,.,.,CYS,CB,A,56,.,.,.,THR,CB,324,420,0.0748283,0,5.17628,-0.0427283,5,0
A,43,.,.,.,CYS,CB,A,56,.,.,.,THR,OG1,324,421,0.228517,0,4.70214,-0.0104664,5,0
A,43,.,.,.,CYS,CB,A,56,.,.,.,THR,CG2,324,422,3.5237,0,4.8578,-2.8712,5,0
A,43,.,.,.,CYS,CB,A,116,.,.,.,LEU,CD2,324,893,4.0435,0,4.67404,-5.60792,5,0
A,43,.,.,.,CYS,CB,A,118,.,.,.,VAL,CG2,324,907,0.020911,0,6.07332,-0.00842996,5,0
A,43,.,.,.,CYS,CB,A,131,.,.,.,TYR,CG,324,1005,0.00725845,0,4.83107,-0.0159903,5,0
A,43,.,.,.,CYS,CB,A,131,.,.,.,TYR,CD1,324,1006,0.107719,0,5.19544,-0.102619,5,0
A,43,.,.,.,CYS,CB,A,131,.,.,.,TYR,CD2,324,1007,3.01982,0,4.14024,-2.87684,5,0
A,43,.,.,.,CYS,CB,A,131,.,.,.,TYR,CE1,324,1008,1.00258,0,4.87079,-0.902303,5,0
A,43,.,.,.,CYS,CB,A,131,.,.,.,TYR,CE2,324,1009,4.79528,0,3.78231,-5.65167,5,0
A,43,.,.,.,CYS,CB,A,131,.,.,.,TYR,CZ,324,1010,3.26431,0,4.20866,-5.34945,5,0
A,43,.,.,.,CYS,CB,A,131,.,.,.,TYR,OH,324,1011,1.99547,0,4.48749,-1.35989,5,0
A,43,.,.,.,CYS,SG,A,44,.,.,.,ILE,N,325,326,2.71319,0,3.62864,0,1,0
A,43,.,.,.,CYS,SG,A,44,.,.,.,ILE,C,325,328,0.437978,0,4.6884,0,1,0
A,43,.,.,.,CYS,SG,A,44,.,.,.,ILE,O,325,329,0.0278394,0,4.81534,0,1,0
A,43,.,.,.,CYS,SG,A,45,.,.,.,ILE,CG1,325,339,6.3472,0,3.8733,-9.19812,2,0
A,43,.,.,.,CYS,SG,A,45,.,.,.,ILE,CD1,325,341,4.23947,0,4.1312,-7.01819,2,0
A,43,.,.,.,CYS,SG,A,54,.,.,.,ILE,CG2,325,405,10.5914,0,3.6821,-16.9229,5,0
A,43,.,.,.,CYS,SG,A,55,.,.,.,LYS,O,325,410,1.44431,0,4.26417,0.685493,5,0
A,43,.,.,.,CYS,SG,A,56,.,.,.,THR,OG1,325,421,5.7098,1.21549,4.28484,-1.74163,5,0
A,43,.,.,.,CYS,SG,A,56,.,.,.,THR,CG2,325,422,0.442372,0.605174,5.28432,0.098599,5,0
A,43,.,.,.,CYS,SG,A,109,.,.,.,ARG,CD,325,834,2.0913,0,4.92844,-1.38903,5,0
A,43,.,.,.,CYS,SG,A,109,.,.,.,ARG,NE,325,835,5.69251,1.05327,4.48323,-0.527245,5,0
A,43,.,.,.,CYS,SG,A,109,.,.,.,ARG,NH2,325,838,1.28237,1.04547,5.34353,0.527161,5,0
A,43,.,.,.,CYS,SG,A,116,.,.,.,LEU,CD2,325,893,5.15939,0,4.52048,-8.13579,5,0
A,43,.,.,.,CYS,SG,A,118,.,.,.,VAL,CG2,325,907,2.64683,0.886573,5.68096,-4.16609,5,0
A,43,.,.,.,CYS,SG,A,131,.,.,.,TYR,CE1,325,1008,0.32386,0.219788,5.63639,-0.21008,5,0
A,43,.,.,.,CYS,SG,A,131,.,.,.,TYR,CZ,325,1010,0.33932,0.587242,5.25924,-0.422986,5,0
A,43,.,.,.,CYS,SG,A,131,.,.,.,TYR,OH,325,1011,0.205583,1.05295,5.40748,-0.0916685,5,0
A,44,.,.,.,ILE,N,A,44,.,.,.,ILE,CA,326,327,6.85185,0,1.43682,0,0,1
A,44,.,.,.,ILE,N,A,44,.,.,.,ILE,C,326,328,2.18769,0,2.43392,0,0,0
A,44,.,.,.,ILE,N,A,44,.,.,.,ILE,O,326,329,1.24386,0,2.92472,0,0,0
A,44,.,.,.,ILE,N,A,44,.,.,.,ILE,CB,326,330,1.03054,0,2.52405,0,0,0
A,44,.,.,.,ILE,N,A,44,.,.,.,ILE,CG1,326,331,1.05968,0,3.0047,0,0,0
A,44,.,.,.,ILE,N,A,44,.,.,.,ILE,CD1,326,333,1.83378,0,3.42348,0,0,0
A,44,.,.,.,ILE,N,A,45,.,.,.,ILE,N,326,334,0.000775429,0,3.35071,0,1,0
A,44,.,.,.,ILE,N,A,45,.,.,.,ILE,CG1,326,339,0.0741964,0,4.73884,0,1,0
A,44,.,.,.,ILE,N,A,54,.,.,.,ILE,CG2,326,405,0.0843698,0,5.17637,0.0198335,5,0
A,44,.,.,.,ILE,N,A,55,.,.,.,LYS,O,326,410,5.54083,0,2.76971,-6.46188,5,0
A,44,.,.,.,ILE,CA,A,44,.,.,.,ILE,C,327,328,5.95306,0,1.55113,0,0,1
A,44,.,.,.,ILE,CA,A,44,.,.,.,ILE,O,327,329,0.666563,0,2.41758,0,0,0
A,44,.,.,.,ILE,CA,A,44,.,.,.,ILE,CB,327,330,7.65192,0,1.53664,0,0,1
A,44,.,.,.,ILE,CA,A,44,.,.,.,ILE,CG1,327,331,1.39342,0,2.56757,0,0,0
A,44,.,.,.,ILE,CA,A,44,.,.,.,ILE,CG2,327,332,1.80894,0,2.53904,0,0,0
A,44,.,.,.,ILE,CA,A,45,.,.,.,ILE,N,327,334,2.98503,0,2.42799,0,1,0
A,44,.,.,.,ILE,CA,A,55,.,.,.,LYS,O,327,410,0.0424719,0,3.70665,0.0317656,5,0
A,44,.,.,.,ILE,C,A,44,.,.,.,ILE,O,328,329,9.16067,0,1.24347,0,0,1
A,44,.,.,.,ILE,C,A,44,.,.,.,ILE,CB,328,330,1.55501,0,2.52553,0,0,0
A,44,.,.,.,ILE,C,A,44,.,.,.,ILE,CG2,328,332,2.87408,0,3.05054,0,0,0
A,44,.,.,.,ILE,C,A,45,.,.,.,ILE,N,328,334,7.21417,0,1.32181,0,1,1
A,44,.,.,.,ILE,C,A,45,.,.,.,ILE,CA,328,335,1.95627,0,2.43875,0,1,0
A,44,.,.,.,ILE,C,A,45,.,.,.,ILE,C,328,336,0.470243,0,3.38063,0,1,0
A,44,.,.,.,ILE,C,A,45,.,.,.,ILE,CG1,328,339,1.81319,0,3.65357,0,1,0
A,44,.,.,.,ILE,C,A,46,.,.,.,THR,N,328,342,0.105595,0,4.12487,0.235255,2,0
A,44,.,.,.,ILE,C,A,46,.,.,.,THR,CG2,328,348,0.302416,0,5.20636,-0.194184,2,0
A,44,.,.,.,ILE,C,A,54,.,.,.,ILE,CG2,328,405,0.0324608,0,4.93985,-0.0204339,5,0
A,44,.,.,.,ILE,O,A,44,.,.,.,ILE,CB,329,330,3.19081,0.344659,3.03084,0,0,0
A,44,.,.,.,ILE,O,A,44,.,.,.,ILE,CG2,329,332,0.76817,0.877871,3.69598,0,0,0
A,44,.,.,.,ILE,O,A,45,.,.,.,ILE,CA,329,335,3.25455,0,2.81986,0,1,0
A,44,.,.,.,ILE,O,A,45,.,.,.,ILE,CG1,329,339,0.404204,0,3.98207,0,1,0
A,44,.,.,.,ILE,O,A,46,.,.,.,THR,N,329,342,0.755643,0,4.14148,0.745983,2,0
A,44,.,.,.,ILE,O,A,46,.,.,.,THR,OG1,329,347,0.172007,0.545353,5.41615,0.0499436,2,0
A,44,.,.,.,ILE,O,A,46,.,.,.,THR,CG2,329,348,0.455816,0.549996,5.39369,0.18901,2,0
A,44,.,.,.,ILE,O,A,53,.,.,.,THR,C,329,394,0.108837,0,4.3266,0.112365,5,0
A,44,.,.,.,ILE,O,A,53,.,.,.,THR,O,329,395,2.71214,0.0246383,3.64763,0.735633,5,0
A,44,.,.,.,ILE,O,A,53,.,.,.,THR,CB,329,396,0.0138824,0.14843,5.69064,-0.0122963,5,0
A,44,.,.,.,ILE,O,A,53,.,.,.,THR,CG2,329,398,0.931559,1.1276,5.50051,0.386282,5,0
A,44,.,.,.,ILE,O,A,54,.,.,.,ILE,CA,329,400,3.96992,0,3.42296,-6.82954,5,0
A,44,.,.,.,ILE,O,A,54,.,.,.,ILE,CG2,329,405,1.75635,0,4.19093,-0.267466,5,0
A,44,.,.,.,ILE,O,A,55,.,.,.,LYS,N,329,407,6.25702,0,2.89929,-5.78249,5,0
A,44,.,.,.,ILE,O,A,55,.,.,.,LYS,O,329,410,0.654565,0,3.61016,0.434947,5,0
A,44,.,.,.,ILE,O,A,55,.,.,.,LYS,CB,329,411,2.18189,0.79939,4.04436,-0.305836,5,0
A,44,.,.,.,ILE,CB,A,44,.,.,.,ILE,CG1,330,331,7.96439,0,1.51286,0,0,1
A,44,.,.,.,ILE,CB,A,44,.,.,.,ILE,CG2,330,332,13.997,3.85277,1.55104,0,0,1
A,44,.,.,.,ILE,CB,A,44,.,.,.,ILE,CD1,330,333,5.1064,0.50751,2.48169,0,0,0
A,44,.,.,.,ILE,CB,A,55,.,.,.,LYS,O,330,410,0.641617,0,4.00478,-0.366486,5,0
A,44,.,.,.,ILE,CB,A,55,.,.,.,LYS,CB,330,411,6.21082,2.09323,4.39826,-2.68842,5,0
A,44,.,.,.,ILE,CB,A,55,.,.,.,LYS,CD,330,413,0.763576,1.31436,5.43992,-0.0316335,5,0
A,44,.,.,.,ILE,CG1,A,44,.,.,.,ILE,CG2,331,332,7.77756,1.53013,2.47262,0,0,0
A,44,.,.,.,ILE,CG1,A,44,.,.,.,ILE,CD1,331,333,13.3917,1.06323,1.42003,0,0,1
A,44,.,.,.,ILE,CG2,A,44,.,.,.,ILE,CD1,332,333,0.015134,0.2344,3.64438,0,0,0
A,44,.,.,.,ILE,CG2,A,45,.,.,.,ILE,N,332,334,2.30428,0,3.55405,0,1,0
A,44,.,.,.,ILE,CG2,A,45,.,.,.,ILE,C,332,336,0.263251,0,4.78364,0,1,0
A,44,.,.,.,ILE,CG2,A,45,.,.,.,ILE,O,332,337,0.852726,0,4.72088,0,1,0
A,44,.,.,.,ILE,CG2,A,46,.,.,.,THR,CG2,332,348,13.577,7.72082,4.5549,-14.9848,2,0
A,44,.,.,.,ILE,CD1,A,55,.,.,.,LYS,C,333,409,0.415181,0,4.38665,-0.111774,5,0
A,44,.,.,.,ILE,CD1,A,55,.,.,.,LYS,O,333,410,3.5297,0,3.72257,0.664769,5,0
A,44,.,.,.,ILE,CD1,A,55,.,.,.,LYS,CB,333,411,2.44128,0,4.1746,-1.67238,5,0
A,44,.,.,.,ILE,CD1,A,55,.,.,.,LYS,CG,333,412,3.02087,0,4.19497,-1.89555,5,0
A,44,.,.,.,ILE,CD1,A,55,.,.,.,LYS,CD,333,413,5.33914,1.84387,4.4112,-2.49034,5,0
A,44,.,.,.,ILE,CD1,A,57,.,.,.,GLU,N,333,423,0.327644,0,4.86938,0.214808,5,0
A,44,.,.,.,ILE,CD1,A,57,.,.,.,GLU,CB,333,427,6.34752,0,4.04094,-3.45815,5,0
A,44,.,.,.,ILE,CD1,A,57,.,.,.,GLU,CD,333,429,2.90339,0,3.96649,-0.950551,5,0
A,44,.,.,.,ILE,CD1,A,57,.,.,.,GLU,OE1,333,430,1.93857,0,3.78525,0.784287,5,0
A,44,.,.,.,ILE,CD1,A,57,.,.,.,GLU,OE2,333,431,2.15508,0.507587,4.16539,0.446854,5,0
A,45,.,.,.,ILE,N,A,45,.,.,.,ILE,CA,334,335,6.08395,0,1.47217,0,0,1
A,45,.,.,.,ILE,N,A,45,.,.,.,ILE,C,334,336,1.95086,0,2.41434,0,0,0
A,45,.,.,.,ILE,N,A,45,.,.,.,ILE,O,334,337,2.01521,0,2.83792,0,0,0
A,45,.,.,.,ILE,N,A,45,.,.,.,ILE,CB,334,338,2.46749,0,2.4817,0,0,0
A,45,.,.,.,ILE,N,A,45,.,.,.,ILE,CG1,334,339,2.82205,0,2.96383,0,0,0
A,45,.,.,.,ILE,CA,A,45,.,.,.,ILE,C,335,336,6.21222,0,1.51867,0,0,1
A,45,.,.,.,ILE,CA,A,45,.,.,.,ILE,O,335,337,0.510328,0,2.41429,0,0,0
A,45,.,.,.,ILE,CA,A,45,.,.,.,ILE,CB,335,338,7.24325,0,1.50334,0,0,1
A,45,.,.,.,ILE,CA,A,45,.,.,.,ILE,CG1,335,339,2.60072,0,2.46903,0,0,0
A,45,.,.,.,ILE,CA,A,45,.,.,.,ILE,CG2,335,340,1.60587,0,2.52156,0,0,0
A,45,.,.,.,ILE,CA,A,46,.,.,.,THR,N,335,342,2.60437,0,2.43043,0,1,0
A,45,.,.,.,ILE,CA,A,53,.,.,.,THR,O,335,395,3.4356,0,3.50767,-3.40644,5,0
A,45,.,.,.,ILE,CA,A,54,.,.,.,ILE,CA,335,400,0.73984,0,4.70145,-0.4572,5,0
A,45,.,.,.,ILE,CA,A,54,.,.,.,ILE,CG1,335,404,0.487906,0,4.87539,-0.226889,5,0
A,45,.,.,.,ILE,C,A,45,.,.,.,ILE,O,336,337,7.57256,0,1.26843,0,0,1
A,45,.,.,.,ILE,C,A,45,.,.,.,ILE,CB,336,338,1.0821,0,2.47967,0,0,0
A,45,.,.,.,ILE,C,A,45,.,.,.,ILE,CG2,336,340,2.69036,0,2.85393,0,0,0
A,45,.,.,.,ILE,C,A,46,.,.,.,THR,N,336,342,7.00338,0,1.31566,0,1,1
A,45,.,.,.,ILE,C,A,46,.,.,.,THR,CA,336,343,1.63906,0,2.43439,0,1,0
A,45,.,.,.,ILE,C,A,46,.,.,.,THR,CG2,336,348,2.37604,0,3.46296,0,1,0
A,45,.,.,.,ILE,O,A,45,.,.,.,ILE,CB,337,338,1.30655,0,3.05015,0,0,0
A,45,.,.,.,ILE,O,A,45,.,.,.,ILE,CG2,337,340,0.0899267,0,3.49531,0,0,0
A,45,.,.,.,ILE,O,A,46,.,.,.,THR,CA,337,343,2.77178,0,2.78125,0,1,0
A,45,.,.,.,ILE,O,A,46,.,.,.,THR,CG2,337,348,5.49837,0,3.35913,0,1,0
A,45,.,.,.,ILE,CB,A,45,.,.,.,ILE,CG1,338,339,8.73313,0,1.52126,0,0,1
A,45,.,.,.,ILE,CB,A,45,.,.,.,ILE,CG2,338,340,9.71994,0,1.57668,0,0,1
A,45,.,.,.,ILE,CB,A,45,.,.,.,ILE,CD1,338,341,2.72134,0,2.61817,0,0,0
A,45,.,.,.,ILE,CB,A,54,.,.,.,ILE,CG1,338,404,0.139225,0,4.83519,-0.198869,5,0
A,45,.,.,.,ILE,CG1,A,45,.,.,.,ILE,CG2,339,340,2.3257,0,2.60044,0,0,0
A,45,.,.,.,ILE,CG1,A,45,.,.,.,ILE,CD1,339,341,12.8756,0,1.59428,0,0,1
A,45,.,.,.,ILE,CG1,A,54,.,.,.,ILE,CA,339,400,0.119879,0,5.01946,-0.0377822,5,0
A,45,.,.,.,ILE,CG1,A,54,.,.,.,ILE,CB,339,403,0.0337447,0,4.80002,-0.048201,5,0
A,45,.,.,.,ILE,CG1,A,54,.,.,.,ILE,CG1,339,404,3.19428,0,4.27466,-5.71466,5,0
A,45,.,.,.,ILE,CG1,A,54,.,.,.,ILE,CG2,339,405,4.05034,0,4.30354,-7.35753,5,0
A,45,.,.,.,ILE,CG1,A,54,.,.,.,ILE,CD1,339,406,2.1356,0,4.51206,-4.15368,5,0
A,45,.,.,.,ILE,CG2,A,45,.,.,.,ILE,CD1,340,341,4.35057,0,3.2375,0,0,0
A,45,.,.,.,ILE,CG2,A,46,.,.,.,THR,N,340,342,2.92371,0,3.28623,0,1,0
A,45,.,.,.,ILE,CG2,A,46,.,.,.,THR,CA,340,343,0.456844,0,4.28385,0,1,0
A,45,.,.,.,ILE,CG2,A,46,.,.,.,THR,C,340,344,1.66837,0,4.44397,0,1,0
A,45,.,.,.,ILE,CG2,A,46,.,.,.,THR,O,340,345,0.395325,0,4.38401,0,1,0
A,45,.,.,.,ILE,CG2,A,47,.,.,.,CYS,CB,340,353,2.95212,0,5.3332,-3.89996,2,0
A,45,.,.,.,ILE,CG2,A,52,.,.,.,LEU,CD1,340,390,10.0607,0,4.03506,-20.0253,5,0
A,45,.,.,.,ILE,CG2,A,53,.,.,.,THR,O,340,395,1.15265,0,4.232,0.487426,5,0
A,45,.,.,.,ILE,CG2,A,54,.,.,.,ILE,CG1,340,404,2.32535,0,4.70227,-4.22404,5,0
A,45,.,.,.,ILE,CG2,A,54,.,.,.,ILE,CD1,340,406,0.590533,0,5.14072,-0.508148,5,0
A,45,.,.,.,ILE,CG2,A,94,.,.,.,LEU,CD2,340,711,3.80338,0,5.20147,-7.33984,5,0
A,45,.,.,.,ILE,CD1,A,54,.,.,.,ILE,CG2,341,405,0.026205,0,5.14295,-0.0225491,5,0
A,45,.,.,.,ILE,CD1,A,54,.,.,.,ILE,CD1,341,406,1.75662,0,4.85922,-2.09256,5,0
A,45,.,.,.,ILE,CD1,A,94,.,.,.,LEU,CD2,341,711,2.51318,0,5.37435,-5.38534,5,0
A,45,.,.,.,ILE,CD1,A,109,.,.,.,ARG,CB,341,832,1.63243,0,5.00858,-0.0960234,5,0
A,45,.,.,.,ILE,CD1,A,109,.,.,.,ARG,CD,341,834,8.72424,0,4.11419,-4.26645,5,0
A,45,.,.,.,ILE,CD1,A,116,.,.,.,LEU,CD1,341,892,5.78072,0,4.25266,-12.2823,5,0
A,45,.,.,.,ILE,CD1,A,116,.,.,.,LEU,CD2,341,893,7.04123,0,3.971,-15.0882,5,0
A,46,.,.,.,THR,N,A,46,.,.,.,THR,CA,342,343,6.60523,0,1.4635,0,0,1
A,46,.,.,.,THR,N,A,46,.,.,.,THR,C,342,344,1.0144,0,2.41108,0,0,0
A,46,.,.,.,THR,N,A,46,.,.,.,THR,O,342,345,2.08513,0,2.72873,0,0,0
A,46,.,.,.,THR,N,A,46,.,.,.,THR,CB,342,346,1.65646,0,2.50161,0,0,0
A,46,.,.,.,THR,N,A,46,.,.,.,THR,OG1,342,347,1.81168,0,2.89403,0,0,0
A,46,.,.,.,THR,N,A,46,.,.,.,THR,CG2,342,348,1.667,0,3.0786,0,0,0
A,46,.,.,.,THR,N,A,52,.,.,.,LEU,CD1,342,390,0.0146072,0,4.91106,0.00848757,5,0
A,46,.,.,.,THR,N,A,53,.,.,.,THR,O,342,395,5.76585,0,2.94526,-8.21812,5,0
A,46,.,.,.,THR,CA,A,46,.,.,.,THR,C,343,344,7.07093,0,1.50617,0,0,1
A,46,.,.,.,THR,CA,A,46,.,.,.,THR,O,343,345,0.365552,0,2.3931,0,0,0
A,46,.,.,.,THR,CA,A,46,.,.,.,THR,CB,343,346,8.06252,0,1.52209,0,0,1
A,46,.,.,.,THR,CA,A,46,.,.,.,THR,OG1,343,347,0.499387,0,2.39727,0,0,0
A,46,.,.,.,THR,CA,A,46,.,.,.,THR,CG2,343,348,1.8997,0,2.54707,0,0,0
A,46,.,.,.,THR,CA,A,47,.,.,.,CYS,N,343,349,2.18849,0,2.40889,0,1,0
A,46,.,.,.,THR,C,A,46,.,.,.,THR,O,344,345,9.15358,0.626458,1.23006,0,0,1
A,46,.,.,.,THR,C,A,46,.,.,.,THR,CB,344,346,3.60054,0.741494,2.51429,0,0,0
A,46,.,.,.,THR,C,A,46,.,.,.,THR,OG1,344,347,1.33068,0.699737,2.93836,0,0,0
A,46,.,.,.,THR,C,A,47,.,.,.,CYS,N,344,349,7.96556,0.096734,1.33076,0,1,1
A,46,.,.,.,THR,C,A,47,.,.,.,CYS,CA,344,350,2.63014,1.24827,2.42261,0,1,0
A,46,.,.,.,THR,C,A,47,.,.,.,CYS,CB,344,353,1.76121,0,3.21346,0,1,0
A,46,.,.,.,THR,C,A,52,.,.,.,LEU,CD1,344,390,0.0225855,0,4.45863,-0.0120001,5,0
A,46,.,.,.,THR,O,A,46,.,.,.,THR,OG1,345,347,1.89353,0.29374,3.17042,0,0,0
A,46,.,.,.,THR,O,A,47,.,.,.,CYS,CA,345,350,3.39536,0.337052,2.72891,0,1,0
A,46,.,.,.,THR,O,A,47,.,.,.,CYS,CB,345,353,1.17296,0,3.32586,0,1,0
A,46,.,.,.,THR,O,A,51,.,.,.,ASN,O,345,379,0.0987405,0.200682,4.03962,0.0769129,5,0
A,46,.,.,.,THR,O,A,52,.,.,.,LEU,CA,345,385,3.52059,0.175077,3.45113,-2.30844,5,0
A,46,.,.,.,THR,O,A,52,.,.,.,LEU,CD1,345,390,4.60752,0,3.48472,-0.361936,5,0
A,46,.,.,.,THR,O,A,53,.,.,.,THR,N,345,392,6.18822,0.766729,2.92428,-8.82013,5,0
A,46,.,.,.,THR,O,A,53,.,.,.,THR,O,345,395,1.70259,0,3.32516,0.344186,5,0
A,46,.,.,.,THR,O,A,53,.,.,.,THR,CB,345,396,0.000294928,0,4.35837,-0.000256898,5,0
A,46,.,.,.,THR,CB,A,46,.,.,.,THR,OG1,346,347,14.5776,4.89105,1.43136,0,0,1
A,46,.,.,.,THR,CB,A,46,.,.,.,THR,CG2,346,348,17.8969,5.10009,1.53504,0,0,1
A,46,.,.,.,THR,CB,A,47,.,.,.,CYS,N,346,349,4.21408,2.83977,3.24521,0,1,0
A,46,.,.,.,THR,OG1,A,46,.,.,.,THR,CG2,347,348,5.6293,4.82661,2.44618,0,0,0
A,46,.,.,.,THR,OG1,A,53,.,.,.,THR,N,347,392,0.355407,0.201756,4.11292,0.119146,5,0
A,46,.,.,.,THR,OG1,A,53,.,.,.,THR,O,347,395,1.34725,0.0132877,3.76097,-0.059454,5,0
A,46,.,.,.,THR,OG1,A,53,.,.,.,THR,CB,347,396,13.2382,2.65262,3.47618,-11.9311,5,0
A,46,.,.,.,THR,OG1,A,53,.,.,.,THR,OG1,347,397,1.41408,3.13258,4.00721,-0.646379,5,0
A,46,.,.,.,THR,OG1,A,53,.,.,.,THR,CG2,347,398,1.1396,3.10052,4.39969,-0.503746,5,0
A,47,.,.,.,CYS,N,A,47,.,.,.,CYS,CA,349,350,8.28007,0.736839,1.46446,0,0,1
A,47,.,.,.,CYS,N,A,47,.,.,.,CYS,C,349,351,3.27679,2.2276,2.44798,0,0,0
A,47,.,.,.,CYS,N,A,47,.,.,.,CYS,O,349,352,1.40214,0.0289308,2.82899,0,0,0
A,47,.,.,.,CYS,N,A,47,.,.,.,CYS,CB,349,353,2.74061,0,2.45332,0,0,0
A,47,.,.,.,CYS,N,A,48,.,.,.,ASP,N,349,355,0.000669252,0.0507951,3.47743,0,1,0
A,47,.,.,.,CYS,CA,A,47,.,.,.,CYS,C,350,351,7.16328,0,1.51296,0,0,1
A,47,.,.,.,CYS,CA,A,47,.,.,.,CYS,O,350,352,0.79237,0,2.37684,0,0,0
A,47,.,.,.,CYS,CA,A,47,.,.,.,CYS,CB,350,353,8.84084,0,1.52058,0,0,1
A,47,.,.,.,CYS,CA,A,47,.,.,.,CYS,SG,350,354,0.818139,0,2.94744,0,0,0
A,47,.,.,.,CYS,CA,A,48,.,.,.,ASP,N,350,355,4.18381,1.77567,2.40784,0,1,0
A,47,.,.,.,CYS,CA,A,51,.,.,.,ASN,O,350,379,4.9215,0.737497,3.08525,-3.26806,4,0
A,47,.,.,.,CYS,CA,A,52,.,.,.,LEU,CA,350,385,0.890385,0,4.39551,0.216341,5,0
A,47,.,.,.,CYS,C,A,47,.,.,.,CYS,O,351,352,11.1049,1.18101,1.22837,0,0,1
A,47,.,.,.,CYS,C,A,47,.,.,.,CYS,CB,351,353,3.48145,0.385163,2.51154,0,0,0
A,47,.,.,.,CYS,C,A,47,.,.,.,CYS,SG,351,354,1.10488,0.107369,3.57891,0,0,0
A,47,.,.,.,CYS,C,A,48,.,.,.,ASP,N,351,355,9.27391,0.247366,1.33014,0,1,1
A,47,.,.,.,CYS,C,A,48,.,.,.,ASP,CA,351,356,1.91918,0,2.51868,0,1,0
A,47,.,.,.,CYS,C,A,48,.,.,.,ASP,CB,351,359,1.64118,2.09339,3.53382,0,1,0
A,47,.,.,.,CYS,C,A,49,.,.,.,GLY,N,351,363,1.65183,0.596258,3.94793,0.926726,2,0
A,47,.,.,.,CYS,O,A,47,.,.,.,CYS,CB,352,353,2.65905,0,3.1058,0,0,0
A,47,.,.,.,CYS,O,A,48,.,.,.,ASP,CA,352,356,7.70598,4.14202,2.91168,0,1,0
A,47,.,.,.,CYS,O,A,48,.,.,.,ASP,CB,352,359,0.613385,1.51047,3.94951,0,1,0
A,47,.,.,.,CYS,O,A,49,.,.,.,GLY,N,352,363,1.45666,1.72263,4.20993,0.234858,2,0
A,47,.,.,.,CYS,CB,A,47,.,.,.,CYS,SG,353,354,13.6022,0.506288,1.89594,0,0,0
A,47,.,.,.,CYS,CB,A,52,.,.,.,LEU,CA,353,385,0.356422,0,4.5817,0.0550219,5,0
A,47,.,.,.,CYS,CB,A,52,.,.,.,LEU,CD1,353,390,4.22375,0,4.30179,-6.27147,5,0
A,47,.,.,.,CYS,SG,A,48,.,.,.,ASP,N,354,355,1.54321,0,3.89493,0,1,0
A,47,.,.,.,CYS,SG,A,48,.,.,.,ASP,C,354,357,0.0871498,0,4.97929,0,1,0
A,47,.,.,.,CYS,SG,A,49,.,.,.,GLY,N,354,363,0.833492,0.474233,5.00087,-0.095539,2,0
A,47,.,.,.,CYS,SG,A,49,.,.,.,GLY,C,354,365,0.26147,0,4.57042,-0.212019,2,0
A,47,.,.,.,CYS,SG,A,49,.,.,.,GLY,O,354,366,7.70999,0.255178,3.73845,-0.540039,2,0
A,47,.,.,.,CYS,SG,A,50,.,.,.,LYS,CA,354,368,0.0279306,0,5.17086,0.0101031,3,0
A,47,.,.,.,CYS,SG,A,50,.,.,.,LYS,C,354,369,1.44681,0,4.81543,0.0412621,3,0
A,47,.,.,.,CYS,SG,A,51,.,.,.,ASN,N,354,376,0.230847,0,4.7555,0.106079,4,0
A,47,.,.,.,CYS,SG,A,51,.,.,.,ASN,C,354,378,1.24158,0,3.98521,-0.635077,4,0
A,47,.,.,.,CYS,SG,A,51,.,.,.,ASN,O,354,379,4.90277,0,3.15498,-0.0813375,4,0
A,47,.,.,.,CYS,SG,A,52,.,.,.,LEU,CA,354,385,1.41223,0,4.21608,-0.704518,5,0
A,47,.,.,.,CYS,SG,A,52,.,.,.,LEU,CB,354,388,3.55915,0,4.23172,-4.97467,5,0
A,47,.,.,.,CYS,SG,A,52,.,.,.,LEU,CD1,354,390,3.67533,0,4.24372,-5.81816,5,0
A,47,.,.,.,CYS,SG,A,69,.,.,.,LEU,CG,354,520,1.51796,0,4.76914,-1.83602,5,0
A,47,.,.,.,CYS,SG,A,69,.,.,.,LEU,CD1,354,521,6.57188,0,4.16418,-10.4035,5,0
A,47,.,.,.,CYS,SG,A,69,.,.,.,LEU,CD2,354,522,0.824169,0,5.10041,-0.299711,5,0
A,48,.,.,.,ASP,N,A,48,.,.,.,ASP,CA,355,356,6.90684,0,1.49184,0,0,1
A,48,.,.,.,ASP,N,A,48,.,.,.,ASP,C,355,357,2.78519,0,2.39534,0,0,0
A,48,.,.,.,ASP,N,A,48,.,.,.,ASP,O,355,358,0.25716,0,3.03228,0,0,0
A,48,.,.,.,ASP,N,A,48,.,.,.,ASP,CB,355,359,6.48374,2.34252,2.47859,0,0,0
A,48,.,.,.,ASP,N,A,49,.,.,.,GLY,N,355,363,0.819089,0,3.18224,0,1,0
A,48,.,.,.,ASP,N,A,51,.,.,.,ASN,O,355,379,6.56129,0.727109,2.80416,-2.50423,3,0
A,48,.,.,.,ASP,N,A,51,.,.,.,ASN,CB,355,380,0.349846,0,4.54547,0.300453,3,0
A,48,.,.,.,ASP,CA,A,48,.,.,.,ASP,C,356,357,6.19519,0,1.53067,0,0,1
A,48,.,.,.,ASP,CA,A,48,.,.,.,ASP,O,356,358,0.385204,0,2.40076,0,0,0
A,48,.,.,.,ASP,CA,A,48,.,.,.,ASP,CB,356,359,11.6025,1.75754,1.53951,0,0,1
A,48,.,.,.,ASP,CA,A,48,.,.,.,ASP,CG,356,360,0.334363,0,2.5832,0,0,0
A,48,.,.,.,ASP,CA,A,48,.,.,.,ASP,OD1,356,361,4.99415,2.65433,2.82936,0,0,0
A,48,.,.,.,ASP,CA,A,49,.,.,.,GLY,N,356,363,6.40971,1.9857,2.43367,0,1,0
A,48,.,.,.,ASP,CA,A,51,.,.,.,ASN,CB,356,380,0.00075523,0,4.739,0.000177163,3,0
A,48,.,.,.,ASP,C,A,48,.,.,.,ASP,O,357,358,8.3634,0.0830759,1.23603,0,0,1
A,48,.,.,.,ASP,C,A,48,.,.,.,ASP,CB,357,359,0.651197,0,2.52706,0,0,0
A,48,.,.,.,ASP,C,A,48,.,.,.,ASP,CG,357,360,0.81992,0,3.09848,0,0,0
A,48,.,.,.,ASP,C,A,48,.,.,.,ASP,OD1,357,361,2.8862,0.112839,3.05773,0,0,0
A,48,.,.,.,ASP,C,A,49,.,.,.,GLY,N,357,363,7.70373,0,1.33553,0,1,1
A,48,.,.,.,ASP,C,A,49,.,.,.,GLY,CA,357,364,2.11669,0.0974665,2.43706,0,1,0
A,48,.,.,.,ASP,C,A,49,.,.,.,GLY,C,357,365,1.61586,0,3.03405,0,1,0
A,48,.,.,.,ASP,C,A,49,.,.,.,GLY,O,357,366,0.00417292,0,3.66959,0,1,0
A,48,.,.,.,ASP,C,A,51,.,.,.,ASN,N,357,376,0.29566,0,3.75254,0.311114,3,0
A,48,.,.,.,ASP,C,A,51,.,.,.,ASN,O,357,379,0.41915,0,3.87833,0.406847,3,0
A,48,.,.,.,ASP,O,A,48,.,.,.,ASP,CB,358,359,2.76788,0,2.82879,0,0,0
A,48,.,.,.,ASP,O,A,48,.,.,.,ASP,CG,358,360,2.64923,1.00316,3.31971,0,0,0
A,48,.,.,.,ASP,O,A,48,.,.,.,ASP,OD1,358,361,0.375161,0.781731,3.51909,0,0,0
A,48,.,.,.,ASP,O,A,49,.,.,.,GLY,CA,358,364,3.44776,1.87038,2.7952,0,1,0
A,48,.,.,.,ASP,O,A,49,.,.,.,GLY,C,358,365,0.492755,0,3.02694,0,1,0
A,48,.,.,.,ASP,O,A,50,.,.,.,LYS,N,358,367,3.57517,1.18578,3.0379,-2.43503,2,0
A,48,.,.,.,ASP,O,A,51,.,.,.,ASN,N,358,376,4.45384,0,2.8379,-1.87194,3,0
A,48,.,.,.,ASP,O,A,51,.,.,.,ASN,CA,358,377,0.120079,0,3.5707,0.0725116,3,0
A,48,.,.,.,ASP,O,A,51,.,.,.,ASN,O,358,379,0.35168,0,3.63835,0.417324,3,0
A,48,.,.,.,ASP,O,A,51,.,.,.,ASN,CB,358,380,3.20162,0,3.40163,-0.673724,3,0
A,48,.,.,.,ASP,O,A,51,.,.,.,ASN,CG,358,381,0.493557,0,3.86614,-0.149802,3,0
A,48,.,.,.,ASP,O,A,51,.,.,.,ASN,ND2,358,383,4.98343,2.47537,3.78597,-2.05836,3,0
A,48,.,.,.,ASP,CB,A,48,.,.,.,ASP,CG,359,360,13.97,3.59189,1.54681,0,0,1
A,48,.,.,.,ASP,CB,A,48,.,.,.,ASP,OD1,359,361,0.0164534,0.0372505,2.43978,0,0,0
A,48,.,.,.,ASP,CB,A,48,.,.,.,ASP,OD2,359,362,6.98096,4.83336,2.40019,0,0,0
A,48,.,.,.,ASP,CB,A,51,.,.,.,ASN,O,359,379,0.000336689,0.00933169,4.3936,0.000167289,3,0
A,48,.,.,.,ASP,CB,A,51,.,.,.,ASN,CB,359,380,7.64022,3.69459,4.38696,-0.486088,3,0
A,48,.,.,.,ASP,CB,A,51,.,.,.,ASN,ND2,359,383,1.38302,0.19284,4.79037,-0.343699,3,0
A,48,.,.,.,ASP,CG,A,48,.,.,.,ASP,OD1,360,361,16.3964,6.13864,1.25859,0,0,1
A,48,.,.,.,ASP,CG,A,48,.,.,.,ASP,OD2,360,362,16.996,5.79833,1.25567,0,0,1
A,48,.,.,.,ASP,CG,A,51,.,.,.,ASN,ND2,360,383,1.54881,0.897555,4.86418,0.0195557,3,0
A,48,.,.,.,ASP,OD1,A,48,.,.,.,ASP,OD2,361,362,2.3728,3.78539,2.19939,0,0,0
A,48,.,.,.,ASP,OD1,A,49,.,.,.,GLY,N,361,363,4.3279,2.88575,3.57467,0,1,0
A,48,.,.,.,ASP,OD1,A,49,.,.,.,GLY,CA,361,364,1.12203,2.53898,4.57244,0,1,0
A,48,.,.,.,ASP,OD2,A,51,.,.,.,ASN,ND2,362,383,5.07255,4.97828,4.65081,-3.52809,3,0
A,49,.,.,.,GLY,N,A,49,.,.,.,GLY,CA,363,364,15.7859,3.75122,1.45601,0,0,1
A,49,.,.,.,GLY,N,A,49,.,.,.,GLY,C,363,365,0.935006,0,2.46383,0,0,0
A,49,.,.,.,GLY,N,A,49,.,.,.,GLY,O,363,366,2.05332,0.148852,3.0207,0,0,0
A,49,.,.,.,GLY,CA,A,49,.,.,.,GLY,C,364,365,11.0089,2.52821,1.53685,0,0,1
A,49,.,.,.,GLY,CA,A,49,.,.,.,GLY,O,364,366,4.29993,1.39068,2.38093,0,0,0
A,49,.,.,.,GLY,CA,A,50,.,.,.,LYS,N,364,367,7.26212,3.91188,2.4286,0,1,0
A,49,.,.,.,GLY,CA,A,50,.,.,.,LYS,CG,364,372,0.138774,1.01891,5.1505,0,1,0
A,49,.,.,.,GLY,C,A,49,.,.,.,GLY,O,365,366,11.3219,1.83982,1.20195,0,0,1
A,49,.,.,.,GLY,C,A,50,.,.,.,LYS,N,365,367,7.67131,0,1.33016,0,1,1
A,49,.,.,.,GLY,C,A,50,.,.,.,LYS,CA,365,368,2.00567,0,2.42251,0,1,0
A,49,.,.,.,GLY,C,A,50,.,.,.,LYS,C,365,369,0.0704494,0,3.2964,0,1,0
A,49,.,.,.,GLY,C,A,50,.,.,.,LYS,CG,365,372,2.45903,2.25121,4.07807,0,1,0
A,49,.,.,.,GLY,C,A,51,.,.,.,ASN,N,365,376,1.32661,0,3.37562,0.643065,2,0
A,49,.,.,.,GLY,C,A,51,.,.,.,ASN,O,365,379,0.067616,0,4.64454,0.0102797,2,0
A,49,.,.,.,GLY,O,A,50,.,.,.,LYS,CA,366,368,4.17734,0,2.77839,0,1,0
A,49,.,.,.,GLY,O,A,50,.,.,.,LYS,C,366,369,0.212892,0,3.56874,0,1,0
A,49,.,.,.,GLY,O,A,50,.,.,.,LYS,CG,366,372,0.761875,1.35203,4.43185,0,1,0
A,49,.,.,.,GLY,O,A,51,.,.,.,ASN,N,366,376,0.0265397,0,3.83573,0.0122775,2,0
A,49,.,.,.,GLY,O,A,69,.,.,.,LEU,CD1,366,521,6.12153,2.13998,4.09927,-0.114882,5,0
A,50,.,.,.,LYS,N,A,50,.,.,.,LYS,CA,367,368,6.6071,0,1.43675,0,0,1
A,50,.,.,.,LYS,N,A,50,.,.,.,LYS,CB,367,371,5.68222,2.98271,2.44129,0,0,0
A,50,.,.,.,LYS,N,A,50,.,.,.,LYS,CG,367,372,4.30524,1.95398,3.19129,0,0,0
A,50,.,.,.,LYS,N,A,51,.,.,.,ASN,N,367,376,3.57025,0,2.66474,0,1,0
A,50,.,.,.,LYS,N,A,51,.,.,.,ASN,CG,367,381,0.269443,0.367461,4.97771,0,1,0
A,50,.,.,.,LYS,N,A,51,.,.,.,ASN,ND2,367,383,0.15102,0.616542,5.31609,0,1,0
A,50,.,.,.,LYS,CA,A,50,.,.,.,LYS,C,368,369,8.25259,0,1.51479,0,0,1
A,50,.,.,.,LYS,CA,A,50,.,.,.,LYS,O,368,370,0.959336,0,2.35895,0,0,0
A,50,.,.,.,LYS,CA,A,50,.,.,.,LYS,CB,368,371,8.13229,0,1.53558,0,0,1
A,50,.,.,.,LYS,CA,A,50,.,.,.,LYS,CG,368,372,4.56698,0,2.5817,0,0,0
A,50,.,.,.,LYS,CA,A,51,.,.,.,ASN,N,368,376,0.822011,0,2.44193,0,1,0
A,50,.,.,.,LYS,CA,A,69,.,.,.,LEU,CB,368,519,0.845711,0,4.48243,0.748362,5,0
A,50,.,.,.,LYS,CA,A,69,.,.,.,LEU,CG,368,520,0.801716,0,4.34234,0.703309,5,0
A,50,.,.,.,LYS,CA,A,69,.,.,.,LEU,CD1,368,521,4.70698,0,4.15533,-0.540437,5,0
A,50,.,.,.,LYS,C,A,50,.,.,.,LYS,O,369,370,8.21013,0,1.21273,0,0,1
A,50,.,.,.,LYS,C,A,50,.,.,.,LYS,CB,369,371,3.27961,0,2.47674,0,0,0
A,50,.,.,.,LYS,C,A,51,.,.,.,ASN,N,369,376,8.25487,0,1.32261,0,1,1
A,50,.,.,.,LYS,C,A,51,.,.,.,ASN,CA,369,377,1.56033,0,2.42997,0,1,0
A,50,.,.,.,LYS,C,A,51,.,.,.,ASN,C,369,378,1.29355,0,3.20328,0,1,0
A,50,.,.,.,LYS,C,A,51,.,.,.,ASN,O,369,379,0.005111,0,3.64173,0,1,0
A,50,.,.,.,LYS,C,A,51,.,.,.,ASN,OD1,369,382,1.17797,0,3.87785,0,1,0
A,50,.,.,.,LYS,C,A,68,.,.,.,THR,CA,369,509,0.0135218,0,4.30554,0.0110354,5,0
A,50,.,.,.,LYS,C,A,68,.,.,.,THR,CB,369,512,0.000330326,0,4.97136,5.97517e-06,5,0
A,50,.,.,.,LYS,C,A,68,.,.,.,THR,CG2,369,514,0.387904,0,4.61078,-0.0539198,5,0
A,50,.,.,.,LYS,C,A,69,.,.,.,LEU,CG,369,520,1.02242,0,4.14251,0.186103,5,0
A,50,.,.,.,LYS,C,A,69,.,.,.,LEU,CD1,369,521,0.430627,0,4.37689,-0.114389,5,0
A,50,.,.,.,LYS,O,A,50,.,.,.,LYS,CB,370,371,1.72269,0,2.92259,0,0,0
A,50,.,.,.,LYS,O,A,51,.,.,.,ASN,CA,370,377,3.04063,0,2.72015,0,1,0
A,50,.,.,.,LYS,O,A,51,.,.,.,ASN,C,370,378,0.589941,0,3.34004,0,1,0
A,50,.,.,.,LYS,O,A,51,.,.,.,ASN,OD1,370,382,0.0224674,0,4.08238,0,1,0
A,50,.,.,.,LYS,O,A,52,.,.,.,LEU,N,370,384,1.65566,0,3.65643,2.32199,2,0
A,50,.,.,.,LYS,O,A,52,.,.,.,LEU,CB,370,388,0.283225,0,4.7737,0.00600391,2,0
A,50,.,.,.,LYS,O,A,67,.,.,.,CYS,O,370,505,0.906697,0,3.75137,0.710959,5,0
A,50,.,.,.,LYS,O,A,68,.,.,.,THR,CA,370,509,4.04559,0,3.29788,-1.28395,5,0
A,50,.,.,.,LYS,O,A,68,.,.,.,THR,CG2,370,514,0.880582,0,4.01481,0.140572,5,0
A,50,.,.,.,LYS,O,A,69,.,.,.,LEU,N,370,515,5.18569,0,2.73008,-3.68783,5,0
A,50,.,.,.,LYS,O,A,69,.,.,.,LEU,CB,370,519,0.314545,0,3.72093,0.00666786,5,0
A,50,.,.,.,LYS,O,A,69,.,.,.,LEU,CG,370,520,4.42987,0,3.46072,3.76091,5,0
A,50,.,.,.,LYS,CB,A,50,.,.,.,LYS,CG,371,372,12.4693,2.89447,1.53229,0,0,1
A,50,.,.,.,LYS,CB,A,50,.,.,.,LYS,CD,371,373,6.12782,1.41094,2.51179,0,0,0
A,50,.,.,.,LYS,CB,A,51,.,.,.,ASN,N,371,376,0.656212,0,3.44854,0,1,0
A,50,.,.,.,LYS,CB,A,51,.,.,.,ASN,CG,371,381,0.583576,0.9309,5.32938,0,1,0
A,50,.,.,.,LYS,CB,A,51,.,.,.,ASN,OD1,371,382,2.02092,1.39632,4.94447,0,1,0
A,50,.,.,.,LYS,CB,A,68,.,.,.,THR,CG2,371,514,8.66356,2.31017,3.9849,-3.67996,5,0
A,50,.,.,.,LYS,CB,A,69,.,.,.,LEU,N,371,515,1.22184,0,4.32287,1.9662,5,0
A,50,.,.,.,LYS,CB,A,69,.,.,.,LEU,CB,371,519,1.25496,0,4.60974,-0.163831,5,0
A,50,.,.,.,LYS,CG,A,50,.,.,.,LYS,CD,372,373,12.985,2.73716,1.53766,0,0,1
A,50,.,.,.,LYS,CG,A,50,.,.,.,LYS,CE,372,374,11.2039,7.94475,2.53064,0,0,0
A,50,.,.,.,LYS,CG,A,69,.,.,.,LEU,CB,372,519,2.06844,0.213815,4.80627,0.0998144,5,0
A,50,.,.,.,LYS,CG,A,69,.,.,.,LEU,CD1,372,521,2.72267,2.42403,5.14233,0.288434,5,0
A,50,.,.,.,LYS,CD,A,50,.,.,.,LYS,CE,373,374,15.2434,3.68067,1.52612,0,0,1
A,50,.,.,.,LYS,CD,A,50,.,.,.,LYS,NZ,373,375,6.17155,3.11182,2.51673,0,0,0
A,50,.,.,.,LYS,CD,A,68,.,.,.,THR,CG2,373,514,8.32406,3.52019,4.26709,-2.68948,5,0
A,50,.,.,.,LYS,CD,A,69,.,.,.,LEU,N,373,515,0.0592862,0,4.95799,0.0886619,5,0
A,50,.,.,.,LYS,CD,A,69,.,.,.,LEU,O,373,518,5.94813,0.166011,3.82779,0.0184964,5,0
A,50,.,.,.,LYS,CD,A,69,.,.,.,LEU,CB,373,519,2.60187,0,4.81868,0.170033,5,0
A,50,.,.,.,LYS,CD,A,71,.,.,.,GLU,OE2,373,535,0.113477,1.05247,6.00494,-0.119893,5,0
A,50,.,.,.,LYS,CE,A,50,.,.,.,LYS,NZ,374,375,21.716,11.4156,1.49726,0,0,1
A,50,.,.,.,LYS,CE,A,69,.,.,.,LEU,O,374,518,0.149074,0,4.44377,0.0289031,5,0
A,50,.,.,.,LYS,CE,A,69,.,.,.,LEU,CB,374,519,1.53501,2.22206,5.47012,0.811346,5,0
A,50,.,.,.,LYS,NZ,A,69,.,.,.,LEU,O,375,518,7.30516,3.73686,4.06242,-1.55133,5,0
A,50,.,.,.,LYS,NZ,A,69,.,.,.,LEU,CB,375,519,0.0266569,0.213086,5.75286,0.0292136,5,0
A,50,.,.,.,LYS,NZ,A,70,.,.,.,GLY,CA,375,524,1.5247,3.28712,5.72098,0.0763995,5,0
A,51,.,.,.,ASN,N,A,51,.,.,.,ASN,CA,376,377,6.51471,0,1.48077,0,0,1
A,51,.,.,.,ASN,N,A,51,.,.,.,ASN,C,376,378,0.848687,0,2.45458,0,0,0
A,51,.,.,.,ASN,N,A,51,.,.,.,ASN,O,376,379,2.09331,0,2.83444,0,0,0
A,51,.,.,.,ASN,N,A,51,.,.,.,ASN,CB,376,380,1.20571,0,2.48778,0,0,0
A,51,.,.,.,ASN,N,A,51,.,.,.,ASN,CG,376,381,3.56487,0,3.01316,0,0,0
A,51,.,.,.,ASN,N,A,51,.,.,.,ASN,OD1,376,382,0.814234,0,3.26318,0,0,0
A,51,.,.,.,ASN,CA,A,51,.,.,.,ASN,C,377,378,6.51673,0,1.50945,0,0,1
A,51,.,.,.,ASN,CA,A,51,.,.,.,ASN,O,377,379,0.654738,0,2.38168,0,0,0
A,51,.,.,.,ASN,CA,A,51,.,.,.,ASN,CB,377,380,9.21807,0,1.55005,0,0,1
A,51,.,.,.,ASN,CA,A,51,.,.,.,ASN,CG,377,381,0.692619,0,2.55266,0,0,0
A,51,.,.,.,ASN,CA,A,51,.,.,.,ASN,OD1,377,382,3.0744,0,2.86749,0,0,0
A,51,.,.,.,ASN,CA,A,52,.,.,.,LEU,N,377,384,3.04584,0,2.39613,0,1,0
A,51,.,.,.,ASN,CA,A,67,.,.,.,CYS,O,377,505,4.08171,0,3.50267,-1.84572,5,0
A,51,.,.,.,ASN,CA,A,68,.,.,.,THR,CA,377,509,0.829603,0,4.61672,0.257384,5,0
A,51,.,.,.,ASN,C,A,51,.,.,.,ASN,O,378,379,9.51098,1.04136,1.22236,0,0,1
A,51,.,.,.,ASN,C,A,51,.,.,.,ASN,CB,378,380,5.0433,1.64803,2.51878,0,0,0
A,51,.,.,.,ASN,C,A,52,.,.,.,LEU,N,378,384,8.92238,0,1.31053,0,1,1
A,51,.,.,.,ASN,C,A,52,.,.,.,LEU,CA,378,385,2.75414,0.570941,2.43407,0,1,0
A,51,.,.,.,ASN,C,A,52,.,.,.,LEU,C,378,386,0.423576,1.00562,3.52215,0,1,0
A,51,.,.,.,ASN,C,A,52,.,.,.,LEU,CB,378,388,0.276163,0,3.4599,0,1,0
A,51,.,.,.,ASN,C,A,69,.,.,.,LEU,CG,378,520,0.122812,0,5.40127,0.0408097,5,0
A,51,.,.,.,ASN,O,A,51,.,.,.,ASN,CB,379,380,1.64839,0.408203,3.12054,0,0,0
A,51,.,.,.,ASN,O,A,52,.,.,.,LEU,CA,379,385,3.08701,0.20085,2.79995,0,1,0
A,51,.,.,.,ASN,CB,A,51,.,.,.,ASN,CG,380,381,13.1356,3.77566,1.53377,0,0,1
A,51,.,.,.,ASN,CB,A,51,.,.,.,ASN,OD1,380,382,1.05105,0.282903,2.40616,0,0,0
A,51,.,.,.,ASN,CB,A,51,.,.,.,ASN,ND2,380,383,5.23395,2.19028,2.43257,0,0,0
A,51,.,.,.,ASN,CB,A,52,.,.,.,LEU,N,380,384,2.10707,0,3.39405,0,1,0
A,51,.,.,.,ASN,CB,A,52,.,.,.,LEU,C,380,386,0.313458,1.54521,5.22388,0,1,0
A,51,.,.,.,ASN,CB,A,52,.,.,.,LEU,O,380,387,0.179921,1.14965,5.30975,0,1,0
A,51,.,.,.,ASN,CB,A,67,.,.,.,CYS,O,380,505,2.06599,1.92435,4.29081,-0.106569,5,0
A,51,.,.,.,ASN,CG,A,51,.,.,.,ASN,OD1,381,382,16.005,5.0169,1.23258,0,0,1
A,51,.,.,.,ASN,CG,A,51,.,.,.,ASN,ND2,381,383,17.3619,5.71124,1.31866,0,0,1
A,51,.,.,.,ASN,OD1,A,51,.,.,.,ASN,ND2,382,383,3.17234,4.33235,2.23823,0,0,0
A,51,.,.,.,ASN,OD1,A,67,.,.,.,CYS,C,382,504,0.236176,0.477143,4.86818,0.0199251,5,0
A,51,.,.,.,ASN,OD1,A,67,.,.,.,CYS,O,382,505,1.95627,0.78182,4.23159,0.256485,5,0
A,51,.,.,.,ASN,OD1,A,68,.,.,.,THR,CA,382,509,1.28326,0,4.39062,-0.152764,5,0
A,51,.,.,.,ASN,OD1,A,68,.,.,.,THR,CB,382,512,0.55376,0,4.3704,-0.468649,5,0
A,51,.,.,.,ASN,OD1,A,68,.,.,.,THR,OG1,382,513,10.7657,6.03751,3.47872,-7.27392,5,0
A,51,.,.,.,ASN,OD1,A,68,.,.,.,THR,CG2,382,514,2.52914,1.41561,4.64836,-0.479186,5,0
A,52,.,.,.,LEU,N,A,52,.,.,.,LEU,CA,384,385,7.16248,0,1.4305,0,0,1
A,52,.,.,.,LEU,N,A,52,.,.,.,LEU,C,384,386,2.63217,0,2.44959,0,0,0
A,52,.,.,.,LEU,N,A,52,.,.,.,LEU,O,384,387,2.52552,0,2.81909,0,0,0
A,52,.,.,.,LEU,N,A,52,.,.,.,LEU,CB,384,388,4.29297,0,2.4275,0,0,0
A,52,.,.,.,LEU,N,A,67,.,.,.,CYS,O,384,505,5.90392,0,2.9456,-7.91284,5,0
A,52,.,.,.,LEU,N,A,69,.,.,.,LEU,CG,384,520,0.0124886,0,5.23946,0.0060537,5,0
A,52,.,.,.,LEU,CA,A,52,.,.,.,LEU,C,385,386,7.59671,0.17057,1.54666,0,0,1
A,52,.,.,.,LEU,CA,A,52,.,.,.,LEU,O,385,387,0.612409,0,2.40973,0,0,0
A,52,.,.,.,LEU,CA,A,52,.,.,.,LEU,CB,385,388,7.86695,0,1.5578,0,0,1
A,52,.,.,.,LEU,CA,A,52,.,.,.,LEU,CG,385,389,0.707842,0,2.63107,0,0,0
A,52,.,.,.,LEU,CA,A,52,.,.,.,LEU,CD1,385,390,2.10092,0,3.13773,0,0,0
A,52,.,.,.,LEU,CA,A,53,.,.,.,THR,N,385,392,2.61937,0.526475,2.47665,0,1,0
A,52,.,.,.,LEU,CA,A,67,.,.,.,CYS,O,385,505,0.00666893,0,3.85071,0.00218582,5,0
A,52,.,.,.,LEU,C,A,52,.,.,.,LEU,O,386,387,9.07288,0.296976,1.2443,0,0,1
A,52,.,.,.,LEU,C,A,52,.,.,.,LEU,CB,386,388,0.811371,0,2.52498,0,0,0
A,52,.,.,.,LEU,C,A,52,.,.,.,LEU,CG,386,389,2.73055,0,2.99615,0,0,0
A,52,.,.,.,LEU,C,A,53,.,.,.,THR,N,386,392,7.94853,0.380319,1.33915,0,1,1
A,52,.,.,.,LEU,C,A,53,.,.,.,THR,CA,386,393,1.87727,0,2.45683,0,1,0
A,52,.,.,.,LEU,C,A,53,.,.,.,THR,OG1,386,397,3.19714,2.37448,3.42881,0,1,0
A,52,.,.,.,LEU,O,A,52,.,.,.,LEU,CB,387,388,1.30879,0,3.09068,0,0,0
A,52,.,.,.,LEU,O,A,52,.,.,.,LEU,CG,387,389,1.25586,0,3.61132,0,0,0
A,52,.,.,.,LEU,O,A,53,.,.,.,THR,CA,387,393,3.20476,0,2.81542,0,1,0
A,52,.,.,.,LEU,O,A,53,.,.,.,THR,OG1,387,397,1.53877,0.451592,3.48401,0,1,0
A,52,.,.,.,LEU,O,A,65,.,.,.,PHE,O,387,488,0.0289944,0,4.17479,0.0191264,5,0
A,52,.,.,.,LEU,O,A,65,.,.,.,PHE,CD1,387,491,0.220344,0,5.28181,-0.00385206,5,0
A,52,.,.,.,LEU,O,A,65,.,.,.,PHE,CE1,387,493,0.383379,0,5.40762,-0.182663,5,0
A,52,.,.,.,LEU,O,A,66,.,.,.,SER,CA,387,497,4.40522,0,3.18695,-1.7038,5,0
A,52,.,.,.,LEU,O,A,66,.,.,.,SER,CB,387,500,3.46988,1.29033,3.65702,-0.108147,5,0
A,52,.,.,.,LEU,O,A,67,.,.,.,CYS,N,387,502,5.78638,0,2.85733,-7.44788,5,0
A,52,.,.,.,LEU,O,A,67,.,.,.,CYS,O,387,505,2.37547,0.366856,3.35004,0.953051,5,0
A,52,.,.,.,LEU,O,A,67,.,.,.,CYS,SG,387,507,1.24597,0,4.28823,0.272125,5,0
A,52,.,.,.,LEU,CB,A,52,.,.,.,LEU,CG,388,389,7.94201,0,1.52666,0,0,1
A,52,.,.,.,LEU,CB,A,52,.,.,.,LEU,CD1,388,390,3.12403,0,2.44408,0,0,0
A,52,.,.,.,LEU,CB,A,52,.,.,.,LEU,CD2,388,391,3.18848,0,2.50935,0,0,0
A,52,.,.,.,LEU,CB,A,67,.,.,.,CYS,O,388,505,1.53036,0,4.0616,-0.661191,5,0
A,52,.,.,.,LEU,CB,A,67,.,.,.,CYS,SG,388,507,4.97177,0,4.08988,-6.94909,5,0
A,52,.,.,.,LEU,CB,A,69,.,.,.,LEU,N,388,515,0.387191,0,5.41602,0.337602,5,0
A,52,.,.,.,LEU,CB,A,69,.,.,.,LEU,CG,388,520,3.37461,0,4.59002,-4.1939,5,0
A,52,.,.,.,LEU,CB,A,69,.,.,.,LEU,CD2,388,522,4.73333,0,4.17768,-7.81737,5,0
A,52,.,.,.,LEU,CG,A,52,.,.,.,LEU,CD1,389,390,9.55761,0,1.53283,0,0,1
A,52,.,.,.,LEU,CG,A,52,.,.,.,LEU,CD2,389,391,11.5695,0,1.53124,0,0,1
A,52,.,.,.,LEU,CG,A,53,.,.,.,THR,N,389,392,1.58059,0,3.39095,0,1,0
A,52,.,.,.,LEU,CG,A,53,.,.,.,THR,CA,389,393,1.06288,0,4.27734,0,1,0
A,52,.,.,.,LEU,CG,A,53,.,.,.,THR,C,389,394,1.39895,0,4.25695,0,1,0
A,52,.,.,.,LEU,CG,A,54,.,.,.,ILE,N,389,399,0.453116,0,4.74446,0.291031,2,0
A,52,.,.,.,LEU,CG,A,54,.,.,.,ILE,CG1,389,404,3.74384,0,4.17018,-3.67092,2,0
A,52,.,.,.,LEU,CG,A,65,.,.,.,PHE,CE1,389,493,1.97906,0,5.03818,-3.17841,5,0
A,52,.,.,.,LEU,CG,A,67,.,.,.,CYS,SG,389,507,1.04197,0,4.41381,-1.2603,5,0
A,52,.,.,.,LEU,CG,A,69,.,.,.,LEU,CD2,389,522,0.0121067,0,4.68586,-0.019586,5,0
A,52,.,.,.,LEU,CD1,A,52,.,.,.,LEU,CD2,390,391,3.56086,0,2.56335,0,0,0
A,52,.,.,.,LEU,CD1,A,53,.,.,.,THR,N,390,392,1.22926,0,3.67522,0,1,0
A,52,.,.,.,LEU,CD1,A,53,.,.,.,THR,C,390,394,0.343608,0,4.33786,0,1,0
A,52,.,.,.,LEU,CD1,A,53,.,.,.,THR,O,390,395,2.27991,0,4.01114,0,1,0
A,52,.,.,.,LEU,CD1,A,54,.,.,.,ILE,CG1,390,404,3.63261,0,4.16203,-6.43288,2,0
A,52,.,.,.,LEU,CD1,A,54,.,.,.,ILE,CD1,390,406,0.522284,0,4.65671,-0.453153,2,0
A,52,.,.,.,LEU,CD1,A,69,.,.,.,LEU,CD2,390,522,0.654876,0,5.1793,-0.546457,5,0
A,52,.,.,.,LEU,CD1,A,94,.,.,.,LEU,CD1,390,710,0.812838,0,5.05308,-0.730677,5,0
A,52,.,.,.,LEU,CD1,A,94,.,.,.,LEU,CD2,390,711,6.02522,0,4.20304,-12.9661,5,0
A,52,.,.,.,LEU,CD2,A,54,.,.,.,ILE,CG1,391,404,1.28836,0,4.32566,-2.19002,2,0
A,52,.,.,.,LEU,CD2,A,54,.,.,.,ILE,CD1,391,406,3.91686,0,4.33636,-8.39321,2,0
A,52,.,.,.,LEU,CD2,A,65,.,.,.,PHE,CE1,391,493,3.78924,0,4.48394,-6.74037,5,0
A,52,.,.,.,LEU,CD2,A,65,.,.,.,PHE,CZ,391,495,0.973109,0,4.82846,-1.50102,5,0
A,52,.,.,.,LEU,CD2,A,67,.,.,.,CYS,SG,391,507,5.39763,0,3.91164,-8.51146,5,0
A,52,.,.,.,LEU,CD2,A,69,.,.,.,LEU,CD2,391,522,5.22805,0,4.0598,-11.3137,5,0
A,52,.,.,.,LEU,CD2,A,87,.,.,.,CYS,CB,391,659,4.52165,0,3.98858,-6.27108,5,0
A,52,.,.,.,LEU,CD2,A,87,.,.,.,CYS,SG,391,660,5.59359,0,4.04736,-8.82048,5,0
A,52,.,.,.,LEU,CD2,A,94,.,.,.,LEU,CG,391,709,0.283383,0,4.49143,-0.458452,5,0
A,52,.,.,.,LEU,CD2,A,94,.,.,.,LEU,CD1,391,710,4.3666,0,4.11359,-9.39683,5,0
A,52,.,.,.,LEU,CD2,A,94,.,.,.,LEU,CD2,391,711,6.1338,0,3.82117,-13.2737,5,0
A,53,.,.,.,THR,N,A,53,.,.,.,THR,CA,392,393,6.23642,0,1.462,0,0,1
A,53,.,.,.,THR,N,A,53,.,.,.,THR,C,392,394,1.33519,0,2.37454,0,0,0
A,53,.,.,.,THR,N,A,53,.,.,.,THR,O,392,395,1.45813,0,2.79332,0,0,0
A,53,.,.,.,THR,N,A,53,.,.,.,THR,CB,392,396,3.66445,0.0255037,2.47495,0,0,0
A,53,.,.,.,THR,N,A,53,.,.,.,THR,OG1,392,397,1.90455,1.02084,2.86797,0,0,0
A,53,.,.,.,THR,CA,A,53,.,.,.,THR,C,393,394,6.25137,0,1.52089,0,0,1
A,53,.,.,.,THR,CA,A,53,.,.,.,THR,O,393,395,0.275142,0,2.46666,0,0,0
A,53,.,.,.,THR,CA,A,53,.,.,.,THR,CB,393,396,8.03915,0,1.52931,0,0,1
A,53,.,.,.,THR,CA,A,53,.,.,.,THR,OG1,393,397,0.707978,0,2.41648,0,0,0
A,53,.,.,.,THR,CA,A,53,.,.,.,THR,CG2,393,398,1.22168,0,2.55827,0,0,0
A,53,.,.,.,THR,CA,A,54,.,.,.,ILE,N,393,399,3.00602,0,2.40612,0,1,0
A,53,.,.,.,THR,CA,A,65,.,.,.,PHE,O,393,488,3.76965,0,3.31322,-3.67045,5,0
A,53,.,.,.,THR,CA,A,65,.,.,.,PHE,CD1,393,491,0.00774166,0,5.69159,-0.00123219,5,0
A,53,.,.,.,THR,CA,A,65,.,.,.,PHE,CE1,393,493,0.202102,0,5.80964,-0.0525576,5,0
A,53,.,.,.,THR,CA,A,66,.,.,.,SER,CA,393,497,1.88433,0,4.20642,-0.30529,5,0
A,53,.,.,.,THR,CA,A,66,.,.,.,SER,CB,393,500,0.0832633,0,4.57842,0.0171313,5,0
A,53,.,.,.,THR,CA,A,66,.,.,.,SER,OG,393,501,0.0128759,0,4.11657,0.00150066,5,0
A,53,.,.,.,THR,C,A,53,.,.,.,THR,O,394,395,8.14768,0,1.28079,0,0,1
A,53,.,.,.,THR,C,A,53,.,.,.,THR,CB,394,396,2.21447,0,2.48167,0,0,0
A,53,.,.,.,THR,C,A,53,.,.,.,THR,CG2,394,398,1.91854,0,3.04784,0,0,0
A,53,.,.,.,THR,C,A,54,.,.,.,ILE,N,394,399,6.82564,0,1.31614,0,1,1
A,53,.,.,.,THR,C,A,54,.,.,.,ILE,CA,394,400,1.99039,0,2.43176,0,1,0
A,53,.,.,.,THR,C,A,54,.,.,.,ILE,CG1,394,404,1.53802,0,3.46257,0,1,0
A,53,.,.,.,THR,O,A,53,.,.,.,THR,CB,395,396,2.07195,0.0155191,3.13755,0,0,0
A,53,.,.,.,THR,O,A,53,.,.,.,THR,CG2,395,398,0.105655,0,3.83939,0,0,0
A,53,.,.,.,THR,O,A,54,.,.,.,ILE,CA,395,400,2.84431,0,2.7756,0,1,0
A,53,.,.,.,THR,O,A,54,.,.,.,ILE,CG1,395,404,2.24723,0,3.49655,0,1,0
A,53,.,.,.,THR,CB,A,53,.,.,.,THR,OG1,396,397,13.0129,1.89206,1.43934,0,0,1
A,53,.,.,.,THR,CB,A,53,.,.,.,THR,CG2,396,398,16.1575,2.40624,1.53554,0,0,1
A,53,.,.,.,THR,CB,A,65,.,.,.,PHE,O,396,488,0.00408916,0,3.90457,-0.00310209,5,0
A,53,.,.,.,THR,CB,A,66,.,.,.,SER,CA,396,497,0.00703407,0,4.67682,-0.00108954,5,0
A,53,.,.,.,THR,CB,A,66,.,.,.,SER,CB,396,500,0.00488318,0,4.59177,-0.00231679,5,0
A,53,.,.,.,THR,CB,A,66,.,.,.,SER,OG,396,501,0.737867,0,3.72963,-0.509673,5,0
A,53,.,.,.,THR,OG1,A,53,.,.,.,THR,CG2,397,398,3.39067,2.09164,2.39567,0,0,0
A,53,.,.,.,THR,OG1,A,66,.,.,.,SER,CB,397,500,3.34983,2.08415,3.79579,-1.63922,5,0
A,53,.,.,.,THR,OG1,A,66,.,.,.,SER,OG,397,501,7.36703,3.29128,2.96058,-5.94772,5,0
A,53,.,.,.,THR,CG2,A,54,.,.,.,ILE,N,398,399,2.48726,0,3.34189,0,1,0
A,53,.,.,.,THR,CG2,A,54,.,.,.,ILE,CA,398,400,0.343706,0,4.30537,0,1,0
A,53,.,.,.,THR,CG2,A,54,.,.,.,ILE,C,398,401,2.13241,0,4.31821,0,1,0
A,53,.,.,.,THR,CG2,A,54,.,.,.,ILE,O,398,402,0.280533,0,4.49472,0,1,0
A,53,.,.,.,THR,CG2,A,55,.,.,.,LYS,N,398,407,1.33853,0,4.69979,1.05857,2,0
A,53,.,.,.,THR,CG2,A,55,.,.,.,LYS,CB,398,411,4.9964,2.77346,5.12639,-2.12229,2,0
A,53,.,.,.,THR,CG2,A,64,.,.,.,GLN,CG,398,481,6.18741,0,3.94392,-2.79796,5,0
A,53,.,.,.,THR,CG2,A,64,.,.,.,GLN,CD,398,482,1.80839,0.436545,4.15356,-2.00306,5,0
A,53,.,.,.,THR,CG2,A,64,.,.,.,GLN,OE1,398,483,10.1534,5.01643,3.64674,-3.46586,5,0
A,53,.,.,.,THR,CG2,A,65,.,.,.,PHE,C,398,487,0.32543,0,4.37045,-0.249873,5,0
A,53,.,.,.,THR,CG2,A,65,.,.,.,PHE,O,398,488,4.14453,0,3.48799,-0.445968,5,0
A,53,.,.,.,THR,CG2,A,66,.,.,.,SER,OG,398,501,5.84121,0.583215,3.59166,-2.72169,5,0
A,54,.,.,.,ILE,N,A,54,.,.,.,ILE,CA,399,400,6.60148,0,1.45105,0,0,1
A,54,.,.,.,ILE,N,A,54,.,.,.,ILE,C,399,401,1.40677,0,2.45094,0,0,0
A,54,.,.,.,ILE,N,A,54,.,.,.,ILE,O,399,402,1.12478,0,2.90917,0,0,0
A,54,.,.,.,ILE,N,A,54,.,.,.,ILE,CB,399,403,2.69036,0,2.47772,0,0,0
A,54,.,.,.,ILE,N,A,54,.,.,.,ILE,CG1,399,404,2.52191,0,2.92357,0,0,0
A,54,.,.,.,ILE,N,A,65,.,.,.,PHE,O,399,488,5.52863,0,3.01296,-10.6546,5,0
A,54,.,.,.,ILE,N,A,65,.,.,.,PHE,CD1,399,491,0.0608324,0,4.96915,0.0171087,5,0
A,54,.,.,.,ILE,N,A,65,.,.,.,PHE,CD2,399,492,0.00296609,0,5.02331,0.000834192,5,0
A,54,.,.,.,ILE,N,A,65,.,.,.,PHE,CE1,399,493,1.33129,0,4.90935,0.432463,5,0
A,54,.,.,.,ILE,CA,A,54,.,.,.,ILE,C,400,401,6.11081,0,1.53414,0,0,1
A,54,.,.,.,ILE,CA,A,54,.,.,.,ILE,O,400,402,0.510468,0,2.40621,0,0,0
A,54,.,.,.,ILE,CA,A,54,.,.,.,ILE,CB,400,403,7.07649,0,1.52848,0,0,1
A,54,.,.,.,ILE,CA,A,54,.,.,.,ILE,CG1,400,404,1.8817,0,2.50498,0,0,0
A,54,.,.,.,ILE,CA,A,54,.,.,.,ILE,CG2,400,405,1.92173,0,2.57976,0,0,0
A,54,.,.,.,ILE,CA,A,55,.,.,.,LYS,N,400,407,2.99342,0,2.41693,0,1,0
A,54,.,.,.,ILE,C,A,54,.,.,.,ILE,O,401,402,8.82082,0,1.231,0,0,1
A,54,.,.,.,ILE,C,A,54,.,.,.,ILE,CB,401,403,1.51292,0,2.47238,0,0,0
A,54,.,.,.,ILE,C,A,54,.,.,.,ILE,CG2,401,405,2.70784,0,2.98417,0,0,0
A,54,.,.,.,ILE,C,A,55,.,.,.,LYS,N,401,407,7.59256,0,1.32894,0,1,1
A,54,.,.,.,ILE,C,A,55,.,.,.,LYS,CA,401,408,2.49448,0,2.44286,0,1,0
A,54,.,.,.,ILE,C,A,55,.,.,.,LYS,C,401,409,0.105136,0,3.41033,0,1,0
A,54,.,.,.,ILE,C,A,55,.,.,.,LYS,CB,401,411,0.091511,0,3.49905,0,1,0
A,54,.,.,.,ILE,C,A,56,.,.,.,THR,N,401,416,0.0711715,0,4.16241,0.158563,2,0
A,54,.,.,.,ILE,C,A,56,.,.,.,THR,OG1,401,421,0.0716719,0,4.95089,0.0226543,2,0
A,54,.,.,.,ILE,C,A,64,.,.,.,GLN,CG,401,481,0.418271,0,4.59813,-0.0516812,5,0
A,54,.,.,.,ILE,O,A,54,.,.,.,ILE,CB,402,403,3.05927,0,2.98796,0,0,0
A,54,.,.,.,ILE,O,A,54,.,.,.,ILE,CG2,402,405,1.08115,0.725908,3.61504,0,0,0
A,54,.,.,.,ILE,O,A,55,.,.,.,LYS,CA,402,408,3.33226,0,2.81137,0,1,0
A,54,.,.,.,ILE,O,A,56,.,.,.,THR,N,402,416,0.58243,0,4.26241,0.574984,2,0
A,54,.,.,.,ILE,O,A,56,.,.,.,THR,OG1,402,421,0.597466,0.791435,5.03665,0.173478,2,0
A,54,.,.,.,ILE,O,A,63,.,.,.,THR,C,402,471,0.00021323,0,4.62431,0.000220141,5,0
A,54,.,.,.,ILE,O,A,63,.,.,.,THR,O,402,472,0.443487,0,4.10958,0.357315,5,0
A,54,.,.,.,ILE,O,A,63,.,.,.,THR,OG1,402,474,0.565859,1.15652,5.4248,0.164301,5,0
A,54,.,.,.,ILE,O,A,64,.,.,.,GLN,CA,402,477,5.65673,0.334096,3.30807,-2.3148,5,0
A,54,.,.,.,ILE,O,A,64,.,.,.,GLN,CB,402,480,0.00308422,0,4.02252,-8.54501e-05,5,0
A,54,.,.,.,ILE,O,A,64,.,.,.,GLN,CG,402,481,1.47332,0,3.97316,0.53108,5,0
A,54,.,.,.,ILE,O,A,65,.,.,.,PHE,N,402,485,4.87059,0,3.04017,-8.97055,5,0
A,54,.,.,.,ILE,O,A,65,.,.,.,PHE,O,402,488,1.65959,0,3.50484,-0.0407027,5,0
A,54,.,.,.,ILE,O,A,65,.,.,.,PHE,CD2,402,492,4.13869,1.4179,4.07088,-2.49254,5,0
A,54,.,.,.,ILE,O,A,65,.,.,.,PHE,CE2,402,494,0.106477,0.127082,4.43569,-0.00156346,5,0
A,54,.,.,.,ILE,CB,A,54,.,.,.,ILE,CG1,403,404,8.2605,0,1.53509,0,0,1
A,54,.,.,.,ILE,CB,A,54,.,.,.,ILE,CG2,403,405,10.7863,0,1.60671,0,0,1
A,54,.,.,.,ILE,CB,A,54,.,.,.,ILE,CD1,403,406,2.20293,0,2.54437,0,0,0
A,54,.,.,.,ILE,CB,A,65,.,.,.,PHE,O,403,488,0.0114424,0,4.63874,-0.0137691,5,0
A,54,.,.,.,ILE,CB,A,65,.,.,.,PHE,CD1,403,491,0.013577,0,5.19068,-0.0176625,5,0
A,54,.,.,.,ILE,CB,A,65,.,.,.,PHE,CD2,403,492,0.971937,0,4.46579,-1.2644,5,0
A,54,.,.,.,ILE,CB,A,65,.,.,.,PHE,CE1,403,493,0.281455,0,4.68683,-0.438498,5,0
A,54,.,.,.,ILE,CB,A,65,.,.,.,PHE,CE2,403,494,5.8974,0,3.9124,-7.02769,5,0
A,54,.,.,.,ILE,CB,A,65,.,.,.,PHE,CZ,403,495,1.84797,0,4.01597,-2.23124,5,0
A,54,.,.,.,ILE,CG1,A,54,.,.,.,ILE,CG2,404,405,1.52658,0,2.5409,0,0,0
A,54,.,.,.,ILE,CG1,A,54,.,.,.,ILE,CD1,404,406,11.8143,0,1.50829,0,0,1
A,54,.,.,.,ILE,CG1,A,65,.,.,.,PHE,CE1,404,493,1.10282,0,4.57122,-1.74046,5,0
A,54,.,.,.,ILE,CG1,A,65,.,.,.,PHE,CZ,404,495,1.72763,0,4.00222,-2.7248,5,0
A,54,.,.,.,ILE,CG2,A,54,.,.,.,ILE,CD1,405,406,5.45513,0,2.91347,0,0,0
A,54,.,.,.,ILE,CG2,A,55,.,.,.,LYS,N,405,407,2.5569,0,3.41719,0,1,0
A,54,.,.,.,ILE,CG2,A,55,.,.,.,LYS,C,405,409,1.23236,0,4.43154,0,1,0
A,54,.,.,.,ILE,CG2,A,55,.,.,.,LYS,O,405,410,1.06301,0,4.38776,0,1,0
A,54,.,.,.,ILE,CG2,A,56,.,.,.,THR,OG1,405,421,8.77309,2.046,4.07698,-2.81051,2,0
A,54,.,.,.,ILE,CG2,A,65,.,.,.,PHE,CE2,405,494,2.17518,1.74102,4.66971,-2.85581,5,0
A,54,.,.,.,ILE,CG2,A,109,.,.,.,ARG,CD,405,834,0.178371,0,5.15792,-0.00663159,5,0
A,54,.,.,.,ILE,CG2,A,109,.,.,.,ARG,NE,405,835,1.49562,0,4.48218,-0.894898,5,0
A,54,.,.,.,ILE,CG2,A,109,.,.,.,ARG,CZ,405,836,0.879437,0,4.41486,-0.636699,5,0
A,54,.,.,.,ILE,CG2,A,109,.,.,.,ARG,NH2,405,838,6.64819,0.799419,4.26371,-0.743687,5,0
A,54,.,.,.,ILE,CD1,A,65,.,.,.,PHE,CE2,406,494,0.861279,0,4.34297,-1.28593,5,0
A,54,.,.,.,ILE,CD1,A,65,.,.,.,PHE,CZ,406,495,6.59995,0,3.84541,-12.8979,5,0
A,54,.,.,.,ILE,CD1,A,87,.,.,.,CYS,SG,406,660,0.804519,0,5.86532,-0.277215,5,0
A,54,.,.,.,ILE,CD1,A,94,.,.,.,LEU,CD2,406,711,10.1426,0,3.86802,-21.7341,5,0
A,54,.,.,.,ILE,CD1,A,96,.,.,.,GLN,OE1,406,726,0.741224,0,4.70759,-0.107685,5,0
A,54,.,.,.,ILE,CD1,A,109,.,.,.,ARG,CD,406,834,4.53744,0,4.08187,-2.21896,5,0
A,54,.,.,.,ILE,CD1,A,109,.,.,.,ARG,NE,406,835,0.492759,0,3.94604,-0.370927,5,0
A,54,.,.,.,ILE,CD1,A,109,.,.,.,ARG,CZ,406,836,3.40994,0,3.63687,-3.19894,5,0
A,54,.,.,.,ILE,CD1,A,109,.,.,.,ARG,NH1,406,837,6.35163,0,3.44435,-0.876912,5,0
A,54,.,.,.,ILE,CD1,A,109,.,.,.,ARG,NH2,406,838,0.920888,0,4.1814,0.079161,5,0
A,55,.,.,.,LYS,N,A,55,.,.,.,LYS,CA,407,408,6.61576,0,1.46115,0,0,1
A,55,.,.,.,LYS,N,A,55,.,.,.,LYS,C,407,409,1.69401,0,2.38836,0,0,0
A,55,.,.,.,LYS,N,A,55,.,.,.,LYS,O,407,410,1.84781,0,2.78022,0,0,0
A,55,.,.,.,LYS,N,A,55,.,.,.,LYS,CB,407,411,4.34349,0,2.43462,0,0,0
A,55,.,.,.,LYS,CA,A,55,.,.,.,LYS,C,408,409,6.41508,0,1.53264,0,0,1
A,55,.,.,.,LYS,CA,A,55,.,.,.,LYS,O,408,410,0.473273,0,2.3927,0,0,0
A,55,.,.,.,LYS,CA,A,55,.,.,.,LYS,CB,408,411,8.39561,0,1.50211,0,0,1
A,55,.,.,.,LYS,CA,A,55,.,.,.,LYS,CG,408,412,1.96747,0,2.51157,0,0,0
A,55,.,.,.,LYS,CA,A,56,.,.,.,THR,N,408,416,3.0991,0,2.41205,0,1,0
A,55,.,.,.,LYS,CA,A,63,.,.,.,THR,O,408,472,2.85639,0,3.3269,0.151247,5,0
A,55,.,.,.,LYS,CA,A,64,.,.,.,GLN,CA,408,477,1.56276,0,4.11988,1.43602,5,0
A,55,.,.,.,LYS,CA,A,64,.,.,.,GLN,CB,408,480,1.20207,0,4.19817,1.02766,5,0
A,55,.,.,.,LYS,CA,A,64,.,.,.,GLN,CG,408,481,0.522939,0,4.43079,0.378688,5,0
A,55,.,.,.,LYS,C,A,55,.,.,.,LYS,O,409,410,8.15691,0,1.19936,0,0,1
A,55,.,.,.,LYS,C,A,55,.,.,.,LYS,CB,409,411,1.2595,0,2.49498,0,0,0
A,55,.,.,.,LYS,C,A,55,.,.,.,LYS,CG,409,412,2.37555,0,3.01722,0,0,0
A,55,.,.,.,LYS,C,A,56,.,.,.,THR,N,409,416,6.99398,0,1.30724,0,1,1
A,55,.,.,.,LYS,C,A,56,.,.,.,THR,CA,409,417,2.03775,0,2.35812,0,1,0
A,55,.,.,.,LYS,C,A,56,.,.,.,THR,C,409,418,0.151987,0,3.31281,0,1,0
A,55,.,.,.,LYS,C,A,56,.,.,.,THR,OG1,409,421,1.41852,0,3.37656,0,1,0
A,55,.,.,.,LYS,C,A,57,.,.,.,GLU,N,409,423,0.185001,0,3.99918,0.374369,2,0
A,55,.,.,.,LYS,C,A,57,.,.,.,GLU,CB,409,427,0.0739206,0,5.07173,0.0381026,2,0
A,55,.,.,.,LYS,O,A,55,.,.,.,LYS,CB,410,411,1.0347,0,3.04749,0,0,0
A,55,.,.,.,LYS,O,A,56,.,.,.,THR,CA,410,417,3.74753,0,2.64038,0,1,0
A,55,.,.,.,LYS,O,A,56,.,.,.,THR,OG1,410,421,0.530809,0,3.60039,0,1,0
A,55,.,.,.,LYS,O,A,57,.,.,.,GLU,N,410,423,0.156725,0,4.03301,0.148396,2,0
A,55,.,.,.,LYS,CB,A,55,.,.,.,LYS,CG,411,412,8.50034,0,1.52387,0,0,1
A,55,.,.,.,LYS,CB,A,55,.,.,.,LYS,CD,411,413,8.18699,2.68278,2.50487,0,0,0
A,55,.,.,.,LYS,CB,A,64,.,.,.,GLN,CB,411,480,0.859893,0,4.22474,-0.2027,5,0
A,55,.,.,.,LYS,CB,A,64,.,.,.,GLN,CG,411,481,2.40836,0,4.25908,0.874817,5,0
A,55,.,.,.,LYS,CB,A,64,.,.,.,GLN,CD,411,482,1.96564,0.235199,4.54929,-1.58365,5,0
A,55,.,.,.,LYS,CG,A,55,.,.,.,LYS,CD,412,413,9.88655,0,1.51989,0,0,1
A,55,.,.,.,LYS,CG,A,55,.,.,.,LYS,CE,412,414,4.19782,0,2.54036,0,0,0
A,55,.,.,.,LYS,CG,A,56,.,.,.,THR,N,412,416,1.90568,0,3.4489,0,1,0
A,55,.,.,.,LYS,CG,A,56,.,.,.,THR,C,412,418,1.34606,0,4.43101,0,1,0
A,55,.,.,.,LYS,CG,A,56,.,.,.,THR,O,412,419,0.134973,0,4.54492,0,1,0
A,55,.,.,.,LYS,CG,A,57,.,.,.,GLU,N,412,423,0.000271639,0,4.82667,0.000238676,2,0
A,55,.,.,.,LYS,CG,A,57,.,.,.,GLU,CB,412,427,3.64077,0,4.56438,-1.60186,2,0
A,55,.,.,.,LYS,CG,A,57,.,.,.,GLU,CD,412,429,0.00882211,0,4.93419,-0.00958099,2,0
A,55,.,.,.,LYS,CG,A,62,.,.,.,THR,CG2,412,468,4.07846,0,4.23487,-1.71307,5,0
A,55,.,.,.,LYS,CG,A,63,.,.,.,THR,O,412,472,3.41159,0,3.60819,1.0621,5,0
A,55,.,.,.,LYS,CG,A,64,.,.,.,GLN,CB,412,480,3.83839,0,4.13757,-0.194622,5,0
A,55,.,.,.,LYS,CG,A,64,.,.,.,GLN,CG,412,481,0.000667085,0,4.52698,9.20217e-05,5,0
A,55,.,.,.,LYS,CG,A,64,.,.,.,GLN,CD,412,482,0.0738878,0,4.60923,-0.0623591,5,0
A,55,.,.,.,LYS,CG,A,64,.,.,.,GLN,NE2,412,484,0.164838,0,4.18349,0.030184,5,0
A,55,.,.,.,LYS,CD,A,55,.,.,.,LYS,CE,413,414,9.82566,0,1.53224,0,0,1
A,55,.,.,.,LYS,CD,A,55,.,.,.,LYS,NZ,413,415,8.02205,4.58584,2.50203,0,0,0
A,55,.,.,.,LYS,CD,A,57,.,.,.,GLU,CB,413,427,0.0147272,0,4.98167,-0.0044769,2,0
A,55,.,.,.,LYS,CD,A,57,.,.,.,GLU,CD,413,429,0.0698864,0,4.57982,-0.127184,2,0
A,55,.,.,.,LYS,CD,A,57,.,.,.,GLU,OE2,413,431,3.03179,0.743444,3.7204,-3.20321,2,0
A,55,.,.,.,LYS,CD,A,64,.,.,.,GLN,CD,413,482,2.58479,1.78633,4.35897,-2.61268,5,0
A,55,.,.,.,LYS,CD,A,64,.,.,.,GLN,NE2,413,484,5.78836,1.04929,3.68667,-0.0962582,5,0
A,55,.,.,.,LYS,CE,A,55,.,.,.,LYS,NZ,414,415,15.6099,4.99691,1.51037,0,0,1
A,55,.,.,.,LYS,CE,A,57,.,.,.,GLU,CB,414,427,0.472197,0,4.7411,-0.10297,2,0
A,55,.,.,.,LYS,CE,A,57,.,.,.,GLU,CG,414,428,1.54839,0.11687,4.42381,-0.644433,2,0
A,55,.,.,.,LYS,CE,A,57,.,.,.,GLU,OE2,414,431,5.72937,0.542603,3.13121,-5.27314,2,0
A,55,.,.,.,LYS,CE,A,62,.,.,.,THR,CG2,414,468,14.0584,5.70648,3.63589,-1.51416,5,0
A,55,.,.,.,LYS,CE,A,64,.,.,.,GLN,CB,414,480,0.581116,0,5.07113,0.218698,5,0
A,55,.,.,.,LYS,CE,A,64,.,.,.,GLN,NE2,414,484,5.97503,2.35797,3.88241,0.254312,5,0
A,55,.,.,.,LYS,NZ,A,57,.,.,.,GLU,OE2,415,431,9.17187,6.78573,3.2063,-12.9101,2,0
A,55,.,.,.,LYS,NZ,A,64,.,.,.,GLN,NE2,415,484,4.49584,4.62386,4.23263,-0.657747,5,0
A,56,.,.,.,THR,N,A,56,.,.,.,THR,CA,416,417,5.71406,0,1.43781,0,0,1
A,56,.,.,.,THR,N,A,56,.,.,.,THR,C,416,418,2.09898,0,2.34868,0,0,0
A,56,.,.,.,THR,N,A,56,.,.,.,THR,O,416,419,1.09598,0,2.80903,0,0,0
A,56,.,.,.,THR,N,A,56,.,.,.,THR,CB,416,420,3.04948,0,2.4413,0,0,0
A,56,.,.,.,THR,N,A,56,.,.,.,THR,OG1,416,421,2.62704,0,2.75266,0,0,0
A,56,.,.,.,THR,N,A,63,.,.,.,THR,O,416,472,6.00419,0,2.81073,-8.55784,5,0
A,56,.,.,.,THR,N,A,63,.,.,.,THR,OG1,416,474,0.757541,0,4.10945,0.253956,5,0
A,56,.,.,.,THR,CA,A,56,.,.,.,THR,C,417,418,6.20718,0,1.53207,0,0,1
A,56,.,.,.,THR,CA,A,56,.,.,.,THR,O,417,419,0.390253,0,2.39173,0,0,0
A,56,.,.,.,THR,CA,A,56,.,.,.,THR,CB,417,420,8.01764,0,1.53464,0,0,1
A,56,.,.,.,THR,CA,A,56,.,.,.,THR,OG1,417,421,0.862632,0,2.40127,0,0,0
A,56,.,.,.,THR,CA,A,56,.,.,.,THR,CG2,417,422,2.14618,0,2.5072,0,0,0
A,56,.,.,.,THR,CA,A,57,.,.,.,GLU,N,417,423,2.57506,0,2.44205,0,1,0
A,56,.,.,.,THR,C,A,56,.,.,.,THR,O,418,419,8.98017,0,1.1915,0,0,1
A,56,.,.,.,THR,C,A,56,.,.,.,THR,CB,418,420,1.62524,0,2.56645,0,0,0
A,56,.,.,.,THR,C,A,56,.,.,.,THR,CG2,418,422,2.7765,0,3.14724,0,0,0
A,56,.,.,.,THR,C,A,57,.,.,.,GLU,N,418,423,8.39028,0,1.32254,0,1,1
A,56,.,.,.,THR,C,A,57,.,.,.,GLU,CA,418,424,1.87705,0,2.42274,0,1,0
A,56,.,.,.,THR,C,A,57,.,.,.,GLU,CB,418,427,0.585141,0,3.35397,0,1,0
A,56,.,.,.,THR,C,A,61,.,.,.,LYS,O,418,456,0.591293,0,4.5193,0.895626,5,0
A,56,.,.,.,THR,C,A,62,.,.,.,THR,CG2,418,468,0.227315,0,4.29703,-0.0935759,5,0
A,56,.,.,.,THR,O,A,56,.,.,.,THR,CB,419,420,3.76223,0.886776,3.06631,0,0,0
A,56,.,.,.,THR,O,A,56,.,.,.,THR,CG2,419,422,0.396546,0.249148,3.77489,0,0,0
A,56,.,.,.,THR,O,A,57,.,.,.,GLU,CA,419,424,2.81361,0,2.7152,0,1,0
A,56,.,.,.,THR,O,A,61,.,.,.,LYS,O,419,456,2.89622,0.997403,3.84015,3.00025,5,0
A,56,.,.,.,THR,O,A,62,.,.,.,THR,CA,419,463,4.48727,0.0851039,3.13552,-3.46017,5,0
A,56,.,.,.,THR,O,A,62,.,.,.,THR,CB,419,466,0.0926341,0,3.71209,-0.0806892,5,0
A,56,.,.,.,THR,O,A,62,.,.,.,THR,CG2,419,468,2.95666,0,3.48025,-0.387934,5,0
A,56,.,.,.,THR,O,A,63,.,.,.,THR,N,419,469,5.7012,0.328952,2.93361,-8.12598,5,0
A,56,.,.,.,THR,O,A,63,.,.,.,THR,O,419,472,1.3878,0,3.39674,0.28055,5,0
A,56,.,.,.,THR,O,A,63,.,.,.,THR,OG1,419,474,0.0899016,0,4.08198,0.00874221,5,0
A,56,.,.,.,THR,O,A,63,.,.,.,THR,CG2,419,475,0.0298055,0.252496,5.05338,0.00903796,5,0
A,56,.,.,.,THR,CB,A,56,.,.,.,THR,OG1,420,421,13.0191,2.05872,1.43772,0,0,1
A,56,.,.,.,THR,CB,A,56,.,.,.,THR,CG2,420,422,17.6213,5.65406,1.52481,0,0,1
A,56,.,.,.,THR,CB,A,63,.,.,.,THR,N,420,469,0.0647101,0,4.83068,0.0291516,5,0
A,56,.,.,.,THR,CB,A,63,.,.,.,THR,O,420,472,0.0207886,0,4.30913,-0.018108,5,0
A,56,.,.,.,THR,CB,A,63,.,.,.,THR,OG1,420,474,11.2947,3.36293,3.75304,-10.1795,5,0
A,56,.,.,.,THR,CB,A,63,.,.,.,THR,CG2,420,475,0.623952,1.70231,5.60987,-0.362182,5,0
A,56,.,.,.,THR,OG1,A,56,.,.,.,THR,CG2,421,422,5.02183,3.06396,2.40842,0,0,0
A,56,.,.,.,THR,OG1,A,63,.,.,.,THR,OG1,421,474,2.81292,3.40356,4.04677,-1.28579,5,0
A,56,.,.,.,THR,OG1,A,109,.,.,.,ARG,NH2,421,838,4.36017,4.62506,5.19157,-2.17518,5,0
A,56,.,.,.,THR,CG2,A,57,.,.,.,GLU,N,422,423,1.16173,0,3.67913,0,1,0
A,56,.,.,.,THR,CG2,A,61,.,.,.,LYS,O,422,456,0.884832,1.41958,5.77591,0.655071,5,0
A,56,.,.,.,THR,CG2,A,131,.,.,.,TYR,CE2,422,1009,0.0379687,0,5.58491,-0.0171538,5,0
A,56,.,.,.,THR,CG2,A,131,.,.,.,TYR,OH,422,1011,8.8295,4.25903,4.29653,-6.54309,5,0
A,57,.,.,.,GLU,N,A,57,.,.,.,GLU,CA,423,424,7.03295,0,1.44475,0,0,1
A,57,.,.,.,GLU,N,A,57,.,.,.,GLU,C,423,425,1.519,0,2.45558,0,0,0
A,57,.,.,.,GLU,N,A,57,.,.,.,GLU,O,423,426,0.975921,0,2.88023,0,0,0
A,57,.,.,.,GLU,N,A,57,.,.,.,GLU,CB,423,427,4.14351,0,2.36913,0,0,0
A,57,.,.,.,GLU,N,A,61,.,.,.,LYS,O,423,456,0.0603171,0,4.53929,0.0571116,4,0
A,57,.,.,.,GLU,CA,A,57,.,.,.,GLU,C,424,425,6.78581,0,1.50654,0,0,1
A,57,.,.,.,GLU,CA,A,57,.,.,.,GLU,O,424,426,0.536372,0,2.37535,0,0,0
A,57,.,.,.,GLU,CA,A,57,.,.,.,GLU,CB,424,427,7.99472,0,1.53779,0,0,1
A,57,.,.,.,GLU,CA,A,57,.,.,.,GLU,CG,424,428,1.53403,0,2.586,0,0,0
A,57,.,.,.,GLU,CA,A,58,.,.,.,SER,N,424,432,3.20501,0,2.34152,0,1,0
A,57,.,.,.,GLU,CA,A,61,.,.,.,LYS,O,424,456,1.10515,0,4.05783,1.38517,4,0
A,57,.,.,.,GLU,CA,A,62,.,.,.,THR,CA,424,463,0.733144,0,4.26276,0.270507,5,0
A,57,.,.,.,GLU,CA,A,62,.,.,.,THR,CB,424,466,0.831692,0,4.11237,0.61839,5,0
A,57,.,.,.,GLU,CA,A,62,.,.,.,THR,OG1,424,467,2.06527,0,3.45668,1.04979,5,0
A,57,.,.,.,GLU,CA,A,62,.,.,.,THR,CG2,424,468,1.87525,0,4.02951,0.675323,5,0
A,57,.,.,.,GLU,C,A,57,.,.,.,GLU,O,425,426,8.45254,0.236229,1.22194,0,0,1
A,57,.,.,.,GLU,C,A,57,.,.,.,GLU,CB,425,427,1.81696,0,2.46746,0,0,0
A,57,.,.,.,GLU,C,A,57,.,.,.,GLU,CG,425,428,2.53252,0.300012,3.17519,0,0,0
A,57,.,.,.,GLU,C,A,58,.,.,.,SER,N,425,432,7.47548,0,1.3021,0,1,1
A,57,.,.,.,GLU,C,A,58,.,.,.,SER,CA,425,433,2.66521,0.239156,2.43209,0,1,0
A,57,.,.,.,GLU,C,A,58,.,.,.,SER,CB,425,436,1.12228,0,3.18526,0,1,0
A,57,.,.,.,GLU,C,A,61,.,.,.,LYS,O,425,456,0.310991,0,3.83384,0.506034,4,0
A,57,.,.,.,GLU,O,A,57,.,.,.,GLU,CB,426,427,3.01253,0.206627,2.96702,0,0,0
A,57,.,.,.,GLU,O,A,57,.,.,.,GLU,CG,426,428,0.545617,1.26709,3.77556,0,0,0
A,57,.,.,.,GLU,O,A,58,.,.,.,SER,CA,426,433,5.20723,2.8445,2.8034,0,1,0
A,57,.,.,.,GLU,O,A,58,.,.,.,SER,CB,426,436,1.04781,0,3.29417,0,1,0
A,57,.,.,.,GLU,CB,A,57,.,.,.,GLU,CG,427,428,10.9786,0.208079,1.44301,0,0,1
A,57,.,.,.,GLU,CB,A,57,.,.,.,GLU,CD,427,429,3.00448,0,2.46936,0,0,0
A,57,.,.,.,GLU,CB,A,57,.,.,.,GLU,OE1,427,430,2.44205,0.120065,3.03759,0,0,0
A,57,.,.,.,GLU,CB,A,57,.,.,.,GLU,OE2,427,431,0.0259316,0,3.28545,0,0,0
A,57,.,.,.,GLU,CB,A,62,.,.,.,THR,CG2,427,468,1.42391,0,4.26336,-0.39371,5,0
A,57,.,.,.,GLU,CG,A,57,.,.,.,GLU,CD,428,429,12.3882,3.75529,1.58047,0,0,1
A,57,.,.,.,GLU,CG,A,57,.,.,.,GLU,OE1,428,430,4.10158,3.13065,2.43088,0,0,0
A,57,.,.,.,GLU,CG,A,57,.,.,.,GLU,OE2,428,431,3.55819,1.66368,2.4215,0,0,0
A,57,.,.,.,GLU,CG,A,58,.,.,.,SER,N,428,432,2.55021,0,3.65887,0,1,0
A,57,.,.,.,GLU,CG,A,58,.,.,.,SER,CA,428,433,1.61045,2.01501,4.72558,0,1,0
A,57,.,.,.,GLU,CG,A,58,.,.,.,SER,C,428,434,0.790432,1.38304,5.2222,0,1,0
A,57,.,.,.,GLU,CG,A,58,.,.,.,SER,O,428,435,0.316973,0.507625,5.09233,0,1,0
A,57,.,.,.,GLU,CG,A,62,.,.,.,THR,OG1,428,467,6.43369,2.88852,3.69563,-1.75687,5,0
A,57,.,.,.,GLU,CG,A,62,.,.,.,THR,CG2,428,468,4.22288,0.994076,4.17375,-1.69516,5,0
A,57,.,.,.,GLU,CD,A,57,.,.,.,GLU,OE1,429,430,14.3411,4.31,1.24539,0,0,1
A,57,.,.,.,GLU,CD,A,57,.,.,.,GLU,OE2,429,431,15.3038,4.27854,1.24611,0,0,1
A,57,.,.,.,GLU,OE1,A,57,.,.,.,GLU,OE2,430,431,0.134236,0.0626977,2.2037,0,0,0
A,58,.,.,.,SER,N,A,58,.,.,.,SER,CA,432,433,7.65261,0,1.50486,0,0,1
A,58,.,.,.,SER,N,A,58,.,.,.,SER,C,432,434,0.879548,0,2.45499,0,0,0
A,58,.,.,.,SER,N,A,58,.,.,.,SER,O,432,435,2.54549,0,2.65745,0,0,0
A,58,.,.,.,SER,N,A,58,.,.,.,SER,CB,432,436,2.00243,0,2.48353,0,0,0
A,58,.,.,.,SER,N,A,58,.,.,.,SER,OG,432,437,0.0829566,0,2.98904,0,0,0
A,58,.,.,.,SER,N,A,61,.,.,.,LYS,O,432,456,4.64507,0,3.01764,-2.46337,3,0
A,58,.,.,.,SER,N,A,62,.,.,.,THR,CA,432,463,0.0194597,0,4.43303,0.0198724,4,0
A,58,.,.,.,SER,N,A,62,.,.,.,THR,OG1,432,467,3.35565,0,3.2634,0.231192,4,0
A,58,.,.,.,SER,CA,A,58,.,.,.,SER,C,433,434,9.29278,1.14042,1.51713,0,0,1
A,58,.,.,.,SER,CA,A,58,.,.,.,SER,O,433,435,0.155072,0,2.36796,0,0,0
A,58,.,.,.,SER,CA,A,58,.,.,.,SER,CB,433,436,11.5715,1.08791,1.52585,0,0,1
A,58,.,.,.,SER,CA,A,58,.,.,.,SER,OG,433,437,0.576678,0,2.40654,0,0,0
A,58,.,.,.,SER,CA,A,59,.,.,.,THR,N,433,438,6.51116,4.20451,2.42251,0,1,0
A,58,.,.,.,SER,CA,A,61,.,.,.,LYS,O,433,456,0.0745385,0,3.65274,0.0555198,3,0
A,58,.,.,.,SER,C,A,58,.,.,.,SER,O,434,435,9.24678,1.23768,1.20534,0,0,1
A,58,.,.,.,SER,C,A,58,.,.,.,SER,CB,434,436,1.05417,0,2.50832,0,0,0
A,58,.,.,.,SER,C,A,58,.,.,.,SER,OG,434,437,1.39703,0,2.7975,0,0,0
A,58,.,.,.,SER,C,A,59,.,.,.,THR,N,434,438,8.45015,1.55529,1.3201,0,1,1
A,58,.,.,.,SER,C,A,59,.,.,.,THR,CA,434,439,2.26237,1.03006,2.40429,0,1,0
A,58,.,.,.,SER,C,A,59,.,.,.,THR,C,434,440,0.308814,0,2.97195,0,1,0
A,58,.,.,.,SER,C,A,60,.,.,.,LEU,N,434,445,1.3558,0,3.13367,2.32886,2,0
A,58,.,.,.,SER,C,A,61,.,.,.,LYS,N,434,453,0.296091,0,3.81315,0.501173,3,0
A,58,.,.,.,SER,O,A,58,.,.,.,SER,OG,435,437,0.12832,0,3.205,0,0,0
A,58,.,.,.,SER,O,A,59,.,.,.,THR,CA,435,439,4.8855,2.72045,2.69221,0,1,0
A,58,.,.,.,SER,O,A,59,.,.,.,THR,C,435,440,2.13317,0,2.90496,0,1,0
A,58,.,.,.,SER,O,A,59,.,.,.,THR,O,435,441,2.56578,2.27445,3.39989,0,1,0
A,58,.,.,.,SER,O,A,60,.,.,.,LEU,N,435,445,0.0949485,0,3.27082,0.115211,2,0
A,58,.,.,.,SER,O,A,61,.,.,.,LYS,N,435,453,3.0846,0,3.32571,-1.79693,3,0
A,58,.,.,.,SER,O,A,61,.,.,.,LYS,CA,435,454,0.881426,0.525987,3.94907,0.86264,3,0
A,58,.,.,.,SER,O,A,61,.,.,.,LYS,C,435,455,2.29618,0,3.56041,5.70494,3,0
A,58,.,.,.,SER,O,A,61,.,.,.,LYS,O,435,456,0.607828,0,3.39865,0.638584,3,0
A,58,.,.,.,SER,O,A,62,.,.,.,THR,N,435,462,0.340753,0.348663,4.13126,0.352591,4,0
A,58,.,.,.,SER,O,A,62,.,.,.,THR,OG1,435,467,8.69832,4.47435,3.19997,0.640609,4,0
A,58,.,.,.,SER,CB,A,58,.,.,.,SER,OG,436,437,10.8348,0,1.4087,0,0,1
A,58,.,.,.,SER,CB,A,59,.,.,.,THR,N,436,438,4.80007,2.92912,3.12641,0,1,0
A,58,.,.,.,SER,CB,A,60,.,.,.,LEU,N,436,445,1.91883,0.785836,4.11779,1.3287,2,0
A,58,.,.,.,SER,CB,A,60,.,.,.,LEU,CB,436,449,0.284354,0,5.0739,0.0387316,2,0
A,58,.,.,.,SER,CB,A,61,.,.,.,LYS,O,436,456,0.613689,0,3.56546,0.0793279,3,0
A,58,.,.,.,SER,OG,A,60,.,.,.,LEU,N,437,445,1.66106,0,3.55382,0.609625,2,0
A,58,.,.,.,SER,OG,A,60,.,.,.,LEU,CA,437,446,0.0633814,0,4.0115,0.0396986,2,0
A,58,.,.,.,SER,OG,A,60,.,.,.,LEU,CB,437,449,1.71767,0,4.10307,-0.18037,2,0
A,58,.,.,.,SER,OG,A,61,.,.,.,LYS,N,437,453,4.98973,0,2.96713,2.83155,3,0
A,58,.,.,.,SER,OG,A,61,.,.,.,LYS,CA,437,454,0.0845266,0,3.70662,0.0579852,3,0
A,58,.,.,.,SER,OG,A,61,.,.,.,LYS,O,437,456,6.83315,1.23032,2.68062,2.70219,3,0
A,58,.,.,.,SER,OG,A,61,.,.,.,LYS,CB,437,457,1.0314,0.0534626,4.33469,0.199712,3,0
A,59,.,.,.,THR,N,A,59,.,.,.,THR,CA,438,439,7.83136,0.688503,1.46878,0,0,1
A,59,.,.,.,THR,N,A,59,.,.,.,THR,C,438,440,0.0300737,0,2.45742,0,0,0
A,59,.,.,.,THR,N,A,59,.,.,.,THR,CB,438,442,6.08209,3.10631,2.5102,0,0,0
A,59,.,.,.,THR,N,A,59,.,.,.,THR,OG1,438,443,5.11907,4.69175,2.93365,0,0,0
A,59,.,.,.,THR,N,A,60,.,.,.,LEU,N,438,445,3.44959,0.725194,2.7509,0,1,0
A,59,.,.,.,THR,CA,A,59,.,.,.,THR,C,439,440,6.16718,0,1.51981,0,0,1
A,59,.,.,.,THR,CA,A,59,.,.,.,THR,O,439,441,3.77067,1.96375,2.37738,0,0,0
A,59,.,.,.,THR,CA,A,59,.,.,.,THR,CB,439,442,9.02615,0.446314,1.55547,0,0,1
A,59,.,.,.,THR,CA,A,59,.,.,.,THR,OG1,439,443,3.17364,2.45321,2.43645,0,0,0
A,59,.,.,.,THR,CA,A,59,.,.,.,THR,CG2,439,444,3.67343,2.0117,2.53137,0,0,0
A,59,.,.,.,THR,CA,A,60,.,.,.,LEU,N,439,445,0.969061,0,2.43196,0,1,0
A,59,.,.,.,THR,C,A,59,.,.,.,THR,O,440,441,8.17594,0,1.22543,0,0,1
A,59,.,.,.,THR,C,A,59,.,.,.,THR,CB,440,442,1.47104,0,2.53833,0,0,0
A,59,.,.,.,THR,C,A,59,.,.,.,THR,CG2,440,444,3.30785,0,2.93041,0,0,0
A,59,.,.,.,THR,C,A,60,.,.,.,LEU,N,440,445,7.32432,0,1.32689,0,1,1
A,59,.,.,.,THR,C,A,60,.,.,.,LEU,CA,440,446,2.08522,0,2.45296,0,1,0
A,59,.,.,.,THR,C,A,60,.,.,.,LEU,C,440,447,0.664429,0,3.07218,0,1,0
A,59,.,.,.,THR,C,A,60,.,.,.,LEU,CD2,440,452,0.151696,0,4.73543,0,1,0
A,59,.,.,.,THR,C,A,61,.,.,.,LYS,N,440,453,0.422464,0,3.496,0.723617,2,0
A,59,.,.,.,THR,O,A,59,.,.,.,THR,CG2,441,444,8.37642,6.04395,3.12212,0,0,0
A,59,.,.,.,THR,O,A,60,.,.,.,LEU,CA,441,446,4.30201,1.28389,2.78352,0,1,0
A,59,.,.,.,THR,O,A,60,.,.,.,LEU,C,441,447,2.87056,0.0807465,3.04212,0,1,0
A,59,.,.,.,THR,O,A,60,.,.,.,LEU,O,441,448,5.0121,4.75341,3.32674,0,1,0
A,59,.,.,.,THR,O,A,60,.,.,.,LEU,CD2,441,452,0.220023,0.997626,4.92211,0,1,0
A,59,.,.,.,THR,O,A,61,.,.,.,LYS,N,441,453,0.190332,0,3.69254,0.193743,2,0
A,59,.,.,.,THR,O,A,61,.,.,.,LYS,CA,441,454,0.200526,0.71456,4.72198,0.182416,2,0
A,59,.,.,.,THR,CB,A,59,.,.,.,THR,OG1,442,443,15.7916,5.6418,1.43527,0,0,1
A,59,.,.,.,THR,CB,A,59,.,.,.,THR,CG2,442,444,18.0561,5.59437,1.53657,0,0,1
A,59,.,.,.,THR,CB,A,60,.,.,.,LEU,N,442,445,4.15434,1.0836,3.29229,0,1,0
A,59,.,.,.,THR,CB,A,60,.,.,.,LEU,CG,442,450,1.4956,2.5425,5.70514,0,1,0
A,59,.,.,.,THR,OG1,A,59,.,.,.,THR,CG2,443,444,6.22421,5.78412,2.42379,0,0,0
A,59,.,.,.,THR,CG2,A,60,.,.,.,LEU,N,444,445,0.206613,0,3.88005,0,1,0
A,59,.,.,.,THR,CG2,A,60,.,.,.,LEU,CG,444,450,0.156476,0.222925,5.97512,0,1,0
A,59,.,.,.,THR,CG2,A,60,.,.,.,LEU,CD2,444,452,2.38928,3.2184,5.91871,0,1,0
A,60,.,.,.,LEU,N,A,60,.,.,.,LEU,CA,445,446,7.5576,0,1.4777,0,0,1
A,60,.,.,.,LEU,N,A,60,.,.,.,LEU,C,445,447,0.243227,0,2.46425,0,0,0
A,60,.,.,.,LEU,N,A,60,.,.,.,LEU,CB,445,449,3.19712,0.233035,2.54301,0,0,0
A,60,.,.,.,LEU,N,A,60,.,.,.,LEU,CG,445,450,4.79996,1.72549,3.33223,0,0,0
A,60,.,.,.,LEU,N,A,60,.,.,.,LEU,CD2,445,452,0.218232,0,3.92602,0,0,0
A,60,.,.,.,LEU,N,A,61,.,.,.,LYS,N,445,453,1.5181,0,2.87969,0,1,0
A,60,.,.,.,LEU,CA,A,60,.,.,.,LEU,C,446,447,6.72589,0,1.518,0,0,1
A,60,.,.,.,LEU,CA,A,60,.,.,.,LEU,O,446,448,4.35171,0.905935,2.37413,0,0,0
A,60,.,.,.,LEU,CA,A,60,.,.,.,LEU,CB,446,449,7.83166,0,1.55101,0,0,1
A,60,.,.,.,LEU,CA,A,60,.,.,.,LEU,CG,446,450,1.57638,0,2.60856,0,0,0
A,60,.,.,.,LEU,CA,A,60,.,.,.,LEU,CD2,446,452,8.352,1.59567,3.0195,0,0,0
A,60,.,.,.,LEU,CA,A,61,.,.,.,LYS,N,446,453,1.23513,0,2.44173,0,1,0
A,60,.,.,.,LEU,C,A,60,.,.,.,LEU,O,447,448,9.71063,0.0446724,1.23023,0,0,1
A,60,.,.,.,LEU,C,A,60,.,.,.,LEU,CB,447,449,3.2354,0,2.54133,0,0,0
A,60,.,.,.,LEU,C,A,61,.,.,.,LYS,N,447,453,7.35182,0,1.34746,0,1,1
A,60,.,.,.,LEU,C,A,61,.,.,.,LYS,CA,447,454,2.07695,0.0786579,2.43237,0,1,0
A,60,.,.,.,LEU,C,A,61,.,.,.,LYS,CB,447,457,2.12067,0,3.23219,0,1,0
A,60,.,.,.,LEU,O,A,60,.,.,.,LEU,CB,448,449,0.174203,0,3.36406,0,0,0
A,60,.,.,.,LEU,O,A,60,.,.,.,LEU,CD2,448,452,1.86334,2.35307,4.40783,0,0,0
A,60,.,.,.,LEU,O,A,61,.,.,.,LYS,CA,448,454,6.18651,3.31859,2.79888,0,1,0
A,60,.,.,.,LEU,O,A,61,.,.,.,LYS,CB,448,457,2.94341,0.824452,3.45562,0,1,0
A,60,.,.,.,LEU,O,A,61,.,.,.,LYS,CG,448,458,1.97091,3.04802,4.26832,0,1,0
A,60,.,.,.,LEU,CB,A,60,.,.,.,LEU,CG,449,450,9.72494,0.109649,1.54203,0,0,1
A,60,.,.,.,LEU,CB,A,60,.,.,.,LEU,CD1,449,451,3.39117,0,2.52987,0,0,0
A,60,.,.,.,LEU,CB,A,60,.,.,.,LEU,CD2,449,452,1.75325,0,2.52419,0,0,0
A,60,.,.,.,LEU,CB,A,61,.,.,.,LYS,N,449,453,2.38346,0,3.16791,0,1,0
A,60,.,.,.,LEU,CB,A,61,.,.,.,LYS,CB,449,457,2.23154,0,4.67763,0,1,0
A,60,.,.,.,LEU,CG,A,60,.,.,.,LEU,CD1,450,451,14.8753,4.07089,1.50185,0,0,1
A,60,.,.,.,LEU,CG,A,60,.,.,.,LEU,CD2,450,452,14.0117,3.64634,1.51442,0,0,1
A,60,.,.,.,LEU,CD1,A,60,.,.,.,LEU,CD2,451,452,6.51748,1.39971,2.46073,0,0,0
A,61,.,.,.,LYS,N,A,61,.,.,.,LYS,CA,453,454,8.26608,0,1.44467,0,0,1
A,61,.,.,.,LYS,N,A,61,.,.,.,LYS,C,453,455,0.786925,0,2.46231,0,0,0
A,61,.,.,.,LYS,N,A,61,.,.,.,LYS,O,453,456,0.47417,0,2.87649,0,0,0
A,61,.,.,.,LYS,N,A,61,.,.,.,LYS,CB,453,457,2.95254,0,2.47731,0,0,0
A,61,.,.,.,LYS,CA,A,61,.,.,.,LYS,C,454,455,6.96622,0,1.5185,0,0,1
A,61,.,.,.,LYS,CA,A,61,.,.,.,LYS,O,454,456,0.736447,0,2.41654,0,0,0
A,61,.,.,.,LYS,CA,A,61,.,.,.,LYS,CB,454,457,7.85919,0,1.52846,0,0,1
A,61,.,.,.,LYS,CA,A,61,.,.,.,LYS,CG,454,458,5.01691,1.53324,2.53594,0,0,0
A,61,.,.,.,LYS,CA,A,62,.,.,.,THR,N,454,462,6.59047,3.52335,2.39092,0,1,0
A,61,.,.,.,LYS,C,A,61,.,.,.,LYS,O,455,456,9.13164,0.680381,1.25541,0,0,1
A,61,.,.,.,LYS,C,A,61,.,.,.,LYS,CB,455,457,2.98099,0.336996,2.47591,0,0,0
A,61,.,.,.,LYS,C,A,61,.,.,.,LYS,CG,455,458,1.42136,0.0189225,3.14054,0,0,0
A,61,.,.,.,LYS,C,A,62,.,.,.,THR,N,455,462,7.47223,0,1.33291,0,1,1
A,61,.,.,.,LYS,C,A,62,.,.,.,THR,CA,455,463,2.64872,0,2.45247,0,1,0
A,61,.,.,.,LYS,C,A,62,.,.,.,THR,OG1,455,467,1.02159,0,3.37002,0,1,0
A,61,.,.,.,LYS,C,A,63,.,.,.,THR,CG2,455,475,0.332976,0.586884,5.47182,-0.0462847,2,0
A,61,.,.,.,LYS,O,A,61,.,.,.,LYS,CB,456,457,3.68935,2.81565,3.12757,0,0,0
A,61,.,.,.,LYS,O,A,62,.,.,.,THR,CA,456,463,3.51424,0.412048,2.84747,0,1,0
A,61,.,.,.,LYS,O,A,62,.,.,.,THR,OG1,456,467,0.311513,0,3.45007,0,1,0
A,61,.,.,.,LYS,O,A,63,.,.,.,THR,CG2,456,475,0.00194296,0.104223,5.77988,0.00143844,2,0
A,61,.,.,.,LYS,CB,A,61,.,.,.,LYS,CG,457,458,12.2766,1.87041,1.55091,0,0,1
A,61,.,.,.,LYS,CB,A,61,.,.,.,LYS,CD,457,459,10.6625,5.74091,2.56265,0,0,0
A,61,.,.,.,LYS,CG,A,61,.,.,.,LYS,CD,458,459,11.9187,1.34521,1.51016,0,0,1
A,61,.,.,.,LYS,CG,A,61,.,.,.,LYS,CE,458,460,5.52805,3.30905,2.50429,0,0,0
A,61,.,.,.,LYS,CG,A,61,.,.,.,LYS,NZ,458,461,6.07503,2.27573,2.97007,0,0,0
A,61,.,.,.,LYS,CG,A,62,.,.,.,THR,N,458,462,5.15553,1.16703,3.32506,0,1,0
A,61,.,.,.,LYS,CG,A,62,.,.,.,THR,CA,458,463,0.0216111,0,4.4526,0,1,0
A,61,.,.,.,LYS,CG,A,62,.,.,.,THR,C,458,464,0.67212,0,4.51621,0,1,0
A,61,.,.,.,LYS,CG,A,62,.,.,.,THR,O,458,465,2.38549,0.795418,4.29155,0,1,0
A,61,.,.,.,LYS,CG,A,63,.,.,.,THR,CG2,458,475,2.57927,0.386801,4.64122,0.101921,2,0
A,61,.,.,.,LYS,CD,A,61,.,.,.,LYS,CE,459,460,13.4861,0.770874,1.53801,0,0,1
A,61,.,.,.,LYS,CD,A,61,.,.,.,LYS,NZ,459,461,1.05544,0,2.55098,0,0,0
A,61,.,.,.,LYS,CD,A,63,.,.,.,THR,CG2,459,475,4.3262,1.26306,4.3865,-1.39778,2,0
A,61,.,.,.,LYS,CD,A,78,.,.,.,ALA,CB,459,592,9.22714,5.14224,4.2661,1.1588,5,0
A,61,.,.,.,LYS,CE,A,61,.,.,.,LYS,NZ,460,461,14.6838,4.63556,1.50347,0,0,1
A,61,.,.,.,LYS,CE,A,63,.,.,.,THR,CG2,460,475,0.0443776,0,4.51027,0.00168169,2,0
A,61,.,.,.,LYS,CE,A,78,.,.,.,ALA,CA,460,589,0.65921,0,4.19026,0.575406,5,0
A,61,.,.,.,LYS,CE,A,78,.,.,.,ALA,O,460,591,8.42475,1.28822,3.01582,0.810839,5,0
A,61,.,.,.,LYS,CE,A,78,.,.,.,ALA,CB,460,592,1.63519,0,4.2578,0.663536,5,0
A,61,.,.,.,LYS,NZ,A,62,.,.,.,THR,O,461,465,5.65394,3.86332,4.15879,0,1,0
A,61,.,.,.,LYS,NZ,A,63,.,.,.,THR,CG2,461,475,8.42546,2.39771,3.73491,3.39806,2,0
A,61,.,.,.,LYS,NZ,A,77,.,.,.,THR,O,461,584,0.357224,1.34541,5.2841,0.232323,5,0
A,61,.,.,.,LYS,NZ,A,78,.,.,.,ALA,CA,461,589,3.40978,0.463695,4.08265,4.77894,5,0
A,61,.,.,.,LYS,NZ,A,78,.,.,.,ALA,O,461,591,4.41029,2.62273,3.31088,2.7257,5,0
A,61,.,.,.,LYS,NZ,A,78,.,.,.,ALA,CB,461,592,0.00525032,0,4.4788,0.00530266,5,0
A,62,.,.,.,THR,N,A,62,.,.,.,THR,CA,462,463,6.90767,0,1.47002,0,0,1
A,62,.,.,.,THR,N,A,62,.,.,.,THR,C,462,464,1.24766,0,2.49774,0,0,0
A,62,.,.,.,THR,N,A,62,.,.,.,THR,O,462,465,4.06463,1.81694,2.87602,0,0,0
A,62,.,.,.,THR,N,A,62,.,.,.,THR,CB,462,466,6.71327,3.51757,2.45094,0,0,0
A,62,.,.,.,THR,N,A,62,.,.,.,THR,OG1,462,467,0.892744,0.0520806,2.8923,0,0,0
A,62,.,.,.,THR,CA,A,62,.,.,.,THR,C,463,464,7.19041,0,1.56869,0,0,1
A,62,.,.,.,THR,CA,A,62,.,.,.,THR,O,463,465,0.586896,0,2.45258,0,0,0
A,62,.,.,.,THR,CA,A,62,.,.,.,THR,CB,463,466,8.30201,0,1.51797,0,0,1
A,62,.,.,.,THR,CA,A,62,.,.,.,THR,OG1,463,467,0.61958,0,2.42118,0,0,0
A,62,.,.,.,THR,CA,A,62,.,.,.,THR,CG2,463,468,0.926958,0,2.57164,0,0,0
A,62,.,.,.,THR,CA,A,63,.,.,.,THR,N,463,469,2.85371,0.189666,2.4686,0,1,0
A,62,.,.,.,THR,CA,A,63,.,.,.,THR,CG2,463,475,0.396256,0.235342,4.60492,0,1,0
A,62,.,.,.,THR,C,A,62,.,.,.,THR,O,464,465,9.08157,0.177024,1.23798,0,0,1
A,62,.,.,.,THR,C,A,62,.,.,.,THR,CB,464,466,1.67422,0,2.56649,0,0,0
A,62,.,.,.,THR,C,A,62,.,.,.,THR,CG2,464,468,3.19479,0.196799,3.00632,0,0,0
A,62,.,.,.,THR,C,A,63,.,.,.,THR,N,464,469,6.86394,0,1.32936,0,1,1
A,62,.,.,.,THR,C,A,63,.,.,.,THR,CA,464,470,2.2339,0.120333,2.46038,0,1,0
A,62,.,.,.,THR,C,A,63,.,.,.,THR,CG2,464,475,2.49963,0,3.4077,0,1,0
A,62,.,.,.,THR,O,A,62,.,.,.,THR,CB,465,466,3.94341,3.14595,3.23954,0,0,0
A,62,.,.,.,THR,O,A,62,.,.,.,THR,CG2,465,468,0.612675,1.41562,3.78712,0,0,0
A,62,.,.,.,THR,O,A,63,.,.,.,THR,CA,465,470,6.68015,4.22634,2.78545,0,1,0
A,62,.,.,.,THR,O,A,63,.,.,.,THR,CG2,465,475,3.37797,0.617639,3.44286,0,1,0
A,62,.,.,.,THR,CB,A,62,.,.,.,THR,OG1,466,467,14.1778,4.89822,1.43887,0,0,1
A,62,.,.,.,THR,CB,A,62,.,.,.,THR,CG2,466,468,17.0085,5.61455,1.57514,0,0,1
A,62,.,.,.,THR,OG1,A,62,.,.,.,THR,CG2,467,468,1.88395,0.50378,2.44646,0,0,0
A,62,.,.,.,THR,CG2,A,63,.,.,.,THR,N,468,469,2.50104,0,3.33855,0,1,0
A,62,.,.,.,THR,CG2,A,63,.,.,.,THR,CA,468,470,0.714486,0.678383,4.38625,0,1,0
A,62,.,.,.,THR,CG2,A,63,.,.,.,THR,C,468,471,2.06753,0.419935,4.42291,0,1,0
A,62,.,.,.,THR,CG2,A,63,.,.,.,THR,O,468,472,1.97565,0,4.08451,0,1,0
A,62,.,.,.,THR,CG2,A,64,.,.,.,GLN,CB,468,480,1.6482,1.31705,5.64831,0.171098,2,0
A,62,.,.,.,THR,CG2,A,64,.,.,.,GLN,NE2,468,484,0.0270088,0.231374,5.87796,-0.00385793,2,0
A,63,.,.,.,THR,N,A,63,.,.,.,THR,CA,469,470,6.29783,0,1.48066,0,0,1
A,63,.,.,.,THR,N,A,63,.,.,.,THR,C,469,471,0.919729,0,2.40782,0,0,0
A,63,.,.,.,THR,N,A,63,.,.,.,THR,O,469,472,2.22783,0,2.68666,0,0,0
A,63,.,.,.,THR,N,A,63,.,.,.,THR,CB,469,473,1.40039,0,2.48194,0,0,0
A,63,.,.,.,THR,N,A,63,.,.,.,THR,OG1,469,474,1.54145,0,2.92872,0,0,0
A,63,.,.,.,THR,N,A,63,.,.,.,THR,CG2,469,475,3.4697,0.418697,2.89395,0,0,0
A,63,.,.,.,THR,CA,A,63,.,.,.,THR,C,470,471,8.03645,0.625164,1.52738,0,0,1
A,63,.,.,.,THR,CA,A,63,.,.,.,THR,O,470,472,0.10508,0,2.43111,0,0,0
A,63,.,.,.,THR,CA,A,63,.,.,.,THR,CB,470,473,10.2602,1.9348,1.51988,0,0,1
A,63,.,.,.,THR,CA,A,63,.,.,.,THR,OG1,470,474,0.293116,0,2.39772,0,0,0
A,63,.,.,.,THR,CA,A,63,.,.,.,THR,CG2,470,475,2.36235,0.696963,2.49986,0,0,0
A,63,.,.,.,THR,CA,A,64,.,.,.,GLN,N,470,476,6.4803,4.20485,2.4202,0,1,0
A,63,.,.,.,THR,C,A,63,.,.,.,THR,O,471,472,8.26062,0,1.23768,0,0,1
A,63,.,.,.,THR,C,A,63,.,.,.,THR,CB,471,473,1.74255,0,2.47102,0,0,0
A,63,.,.,.,THR,C,A,63,.,.,.,THR,OG1,471,474,2.36757,0,2.72955,0,0,0
A,63,.,.,.,THR,C,A,64,.,.,.,GLN,N,471,476,7.77004,0.263056,1.332,0,1,1
A,63,.,.,.,THR,C,A,64,.,.,.,GLN,CA,471,477,2.11862,0,2.40563,0,1,0
A,63,.,.,.,THR,C,A,64,.,.,.,GLN,CB,471,480,2.68902,0.616463,3.18234,0,1,0
A,63,.,.,.,THR,O,A,63,.,.,.,THR,OG1,472,474,2.15081,0,3.01538,0,0,0
A,63,.,.,.,THR,O,A,64,.,.,.,GLN,CA,472,477,2.76794,0,2.70445,0,1,0
A,63,.,.,.,THR,O,A,64,.,.,.,GLN,CB,472,480,1.53195,0,3.25864,0,1,0
A,63,.,.,.,THR,CB,A,63,.,.,.,THR,OG1,473,474,13.819,4.10065,1.44,0,0,1
A,63,.,.,.,THR,CB,A,63,.,.,.,THR,CG2,473,475,16.7034,2.57061,1.52519,0,0,1
A,63,.,.,.,THR,CB,A,64,.,.,.,GLN,N,473,476,7.25789,3.14208,3.10501,0,1,0
A,63,.,.,.,THR,CB,A,64,.,.,.,GLN,CA,473,477,0.0202835,0.243617,4.39078,0,1,0
A,63,.,.,.,THR,CB,A,64,.,.,.,GLN,C,473,478,0.257593,1.93968,5.0469,0,1,0
A,63,.,.,.,THR,CB,A,76,.,.,.,THR,O,473,577,4.75827,5.49095,5.63989,-1.08362,5,0
A,63,.,.,.,THR,CB,A,77,.,.,.,THR,CA,473,582,0.0745355,0.338153,6.26741,-0.0131722,5,0
A,63,.,.,.,THR,CB,A,77,.,.,.,THR,C,473,583,0.479251,0.0179958,5.58606,-0.15936,5,0
A,63,.,.,.,THR,CB,A,78,.,.,.,ALA,N,473,588,2.85041,2.03332,5.02225,1.51457,5,0
A,63,.,.,.,THR,CB,A,78,.,.,.,ALA,CB,473,592,0.32405,0.309675,4.80437,-0.0860096,5,0
A,63,.,.,.,THR,OG1,A,63,.,.,.,THR,CG2,474,475,4.849,1.23145,2.43127,0,0,0
A,63,.,.,.,THR,OG1,A,64,.,.,.,GLN,N,474,476,0.157565,0,3.52757,0,1,0
A,63,.,.,.,THR,OG1,A,64,.,.,.,GLN,CA,474,477,0.736286,1.11393,4.49343,0,1,0
A,63,.,.,.,THR,OG1,A,65,.,.,.,PHE,CD2,474,492,0.130613,1.3274,6.14444,-0.0293927,2,0
A,63,.,.,.,THR,OG1,A,78,.,.,.,ALA,CB,474,592,1.15859,2.70314,4.99332,0.172282,5,0
A,63,.,.,.,THR,CG2,A,77,.,.,.,THR,C,475,583,0.794957,0.746157,5.06863,-0.32725,5,0
A,63,.,.,.,THR,CG2,A,77,.,.,.,THR,O,475,584,0.067279,0.573157,5.33451,0.0204011,5,0
A,63,.,.,.,THR,CG2,A,78,.,.,.,ALA,N,475,588,1.27283,0,4.35405,0.544961,5,0
A,63,.,.,.,THR,CG2,A,78,.,.,.,ALA,CA,475,589,6.37594,0.551049,3.78449,-1.42827,5,0
A,63,.,.,.,THR,CG2,A,78,.,.,.,ALA,CB,475,592,10.4694,2.4417,3.67818,-9.67305,5,0
A,64,.,.,.,GLN,N,A,64,.,.,.,GLN,CA,476,477,8.04482,0.0791566,1.45375,0,0,1
A,64,.,.,.,GLN,N,A,64,.,.,.,GLN,C,476,478,3.1971,0.287238,2.39036,0,0,0
A,64,.,.,.,GLN,N,A,64,.,.,.,GLN,O,476,479,7.11485,5.43148,2.73795,0,0,0
A,64,.,.,.,GLN,N,A,64,.,.,.,GLN,CB,476,480,5.03007,2.67228,2.46941,0,0,0
A,64,.,.,.,GLN,CA,A,64,.,.,.,GLN,C,477,478,7.52518,0.00348953,1.51802,0,0,1
A,64,.,.,.,GLN,CA,A,64,.,.,.,GLN,O,477,479,0.630593,0,2.39245,0,0,0
A,64,.,.,.,GLN,CA,A,64,.,.,.,GLN,CB,477,480,8.60739,0,1.53228,0,0,1
A,64,.,.,.,GLN,CA,A,64,.,.,.,GLN,CG,477,481,1.12319,0,2.55922,0,0,0
A,64,.,.,.,GLN,CA,A,65,.,.,.,PHE,N,477,485,2.60544,0,2.43503,0,1,0
A,64,.,.,.,GLN,CA,A,65,.,.,.,PHE,CD2,477,492,0.565671,1.22869,5.1577,0,1,0
A,64,.,.,.,GLN,C,A,64,.,.,.,GLN,O,478,479,9.78901,0.896093,1.24365,0,0,1
A,64,.,.,.,GLN,C,A,64,.,.,.,GLN,CB,478,480,1.29927,0,2.52159,0,0,0
A,64,.,.,.,GLN,C,A,64,.,.,.,GLN,CG,478,481,2.3767,0,2.97755,0,0,0
A,64,.,.,.,GLN,C,A,65,.,.,.,PHE,N,478,485,7.86882,0,1.32661,0,1,1
A,64,.,.,.,GLN,C,A,65,.,.,.,PHE,CA,478,486,2.16292,0,2.4186,0,1,0
A,64,.,.,.,GLN,C,A,65,.,.,.,PHE,CB,478,489,1.7785,0.770054,3.34678,0,1,0
A,64,.,.,.,GLN,C,A,65,.,.,.,PHE,CD2,478,492,1.37408,1.6054,4.30505,0,1,0
A,64,.,.,.,GLN,O,A,64,.,.,.,GLN,CB,479,480,3.84792,2.86932,3.13892,0,0,0
A,64,.,.,.,GLN,O,A,64,.,.,.,GLN,CG,479,481,0.959947,1.49233,3.66712,0,0,0
A,64,.,.,.,GLN,O,A,65,.,.,.,PHE,CA,479,486,6.62735,3.78334,2.76342,0,1,0
A,64,.,.,.,GLN,O,A,65,.,.,.,PHE,CB,479,489,4.50314,3.36464,3.49119,0,1,0
A,64,.,.,.,GLN,O,A,76,.,.,.,THR,O,479,577,2.31519,4.55094,5.50843,1.78938,5,0
A,64,.,.,.,GLN,CB,A,64,.,.,.,GLN,CG,480,481,10.299,0.813089,1.48689,0,0,1
A,64,.,.,.,GLN,CB,A,64,.,.,.,GLN,CD,480,482,2.57423,1.17492,2.4987,0,0,0
A,64,.,.,.,GLN,CB,A,64,.,.,.,GLN,NE2,480,484,9.05666,4.05385,2.74015,0,0,0
A,64,.,.,.,GLN,CG,A,64,.,.,.,GLN,CD,481,482,12.7642,2.52392,1.5128,0,0,1
A,64,.,.,.,GLN,CG,A,64,.,.,.,GLN,OE1,481,483,2.25883,0.619585,2.36821,0,0,0
A,64,.,.,.,GLN,CG,A,65,.,.,.,PHE,N,481,485,2.79375,0,3.29418,0,1,0
A,64,.,.,.,GLN,CG,A,65,.,.,.,PHE,CA,481,486,1.86633,1.29957,4.20903,0,1,0
A,64,.,.,.,GLN,CG,A,65,.,.,.,PHE,C,481,487,1.73579,0.130632,4.41652,0,1,0
A,64,.,.,.,GLN,CG,A,65,.,.,.,PHE,O,481,488,0.579024,0,4.2552,0,1,0
A,64,.,.,.,GLN,CG,A,66,.,.,.,SER,OG,481,501,1.12262,0.75692,5.156,-0.248692,2,0
A,64,.,.,.,GLN,CD,A,64,.,.,.,GLN,OE1,482,483,17.8387,6.3935,1.227,0,0,1
A,64,.,.,.,GLN,CD,A,64,.,.,.,GLN,NE2,482,484,15.4278,4.00739,1.37828,0,0,1
A,64,.,.,.,GLN,OE1,A,64,.,.,.,GLN,NE2,483,484,2.94711,4.21833,2.29192,0,0,0
A,64,.,.,.,GLN,OE1,A,66,.,.,.,SER,OG,483,501,4.18565,3.93839,4.6576,-1.96176,2,0
A,65,.,.,.,PHE,N,A,65,.,.,.,PHE,CA,485,486,7.19541,0,1.44414,0,0,1
A,65,.,.,.,PHE,N,A,65,.,.,.,PHE,C,485,487,0.603052,0,2.42804,0,0,0
A,65,.,.,.,PHE,N,A,65,.,.,.,PHE,O,485,488,2.67902,0,2.68029,0,0,0
A,65,.,.,.,PHE,N,A,65,.,.,.,PHE,CB,485,489,1.4579,0,2.4967,0,0,0
A,65,.,.,.,PHE,N,A,65,.,.,.,PHE,CG,485,490,0.045441,0,3.13154,0,0,0
A,65,.,.,.,PHE,N,A,65,.,.,.,PHE,CD2,485,492,4.16567,0,3.39237,0,0,0
A,65,.,.,.,PHE,CA,A,65,.,.,.,PHE,C,486,487,8.02956,0.0703665,1.5104,0,0,1
A,65,.,.,.,PHE,CA,A,65,.,.,.,PHE,O,486,488,0.340891,0,2.36649,0,0,0
A,65,.,.,.,PHE,CA,A,65,.,.,.,PHE,CB,486,489,11.8489,2.23816,1.52957,0,0,1
A,65,.,.,.,PHE,CA,A,65,.,.,.,PHE,CG,486,490,0.913339,0,2.52392,0,0,0
A,65,.,.,.,PHE,CA,A,65,.,.,.,PHE,CD2,486,492,3.3702e-05,0,3.3341,0,0,0
A,65,.,.,.,PHE,CA,A,66,.,.,.,SER,N,486,496,6.70477,4.30391,2.41676,0,1,0
A,65,.,.,.,PHE,C,A,65,.,.,.,PHE,O,487,488,8.0041,0,1.22045,0,0,1
A,65,.,.,.,PHE,C,A,65,.,.,.,PHE,CB,487,489,0.799836,0,2.49257,0,0,0
A,65,.,.,.,PHE,C,A,65,.,.,.,PHE,CG,487,490,0.530534,0,2.94219,0,0,0
A,65,.,.,.,PHE,C,A,65,.,.,.,PHE,CD1,487,491,2.24293,0,3.16479,0,0,0
A,65,.,.,.,PHE,C,A,66,.,.,.,SER,N,487,496,7.64301,0.136829,1.33665,0,1,1
A,65,.,.,.,PHE,C,A,66,.,.,.,SER,CA,487,497,1.68945,0,2.43229,0,1,0
A,65,.,.,.,PHE,C,A,66,.,.,.,SER,OG,487,501,1.81187,0.0449136,3.49555,0,1,0
A,65,.,.,.,PHE,O,A,65,.,.,.,PHE,CG,488,490,0.676319,0,3.30555,0,0,0
A,65,.,.,.,PHE,O,A,65,.,.,.,PHE,CD1,488,491,2.80584,0,3.40043,0,0,0
A,65,.,.,.,PHE,O,A,65,.,.,.,PHE,CD2,488,492,0.484071,0,3.98312,0,0,0
A,65,.,.,.,PHE,O,A,65,.,.,.,PHE,CE1,488,493,0.156493,0,4.18519,0,0,0
A,65,.,.,.,PHE,O,A,66,.,.,.,SER,CA,488,497,2.93574,0,2.81836,0,1,0
A,65,.,.,.,PHE,O,A,66,.,.,.,SER,OG,488,501,0.311773,0,3.57048,0,1,0
A,65,.,.,.,PHE,CB,A,65,.,.,.,PHE,CG,489,490,7.07098,0,1.47442,0,0,1
A,65,.,.,.,PHE,CB,A,65,.,.,.,PHE,CD1,489,491,3.11799,0,2.50494,0,0,0
A,65,.,.,.,PHE,CB,A,65,.,.,.,PHE,CD2,489,492,5.44968,1.22412,2.45835,0,0,0
A,65,.,.,.,PHE,CB,A,66,.,.,.,SER,N,489,496,3.40409,0.907799,3.11643,0,1,0
A,65,.,.,.,PHE,CB,A,66,.,.,.,SER,O,489,499,0.940471,0.665544,4.63611,0,1,0
A,65,.,.,.,PHE,CB,A,73,.,.,.,PHE,CE2,489,554,6.03262,1.76177,4.43778,-10.9894,5,0
A,65,.,.,.,PHE,CB,A,75,.,.,.,GLU,CA,489,566,1.46118,1.82283,5.68354,0.931107,5,0
A,65,.,.,.,PHE,CB,A,75,.,.,.,GLU,CG,489,570,7.68634,0.241906,4.54947,-0.0162598,5,0
A,65,.,.,.,PHE,CB,A,76,.,.,.,THR,N,489,574,0.31171,1.26277,6.11276,0.243001,5,0
A,65,.,.,.,PHE,CB,A,76,.,.,.,THR,O,489,577,1.84893,2.47788,5.79013,-0.476857,5,0
A,65,.,.,.,PHE,CG,A,65,.,.,.,PHE,CD1,490,491,7.96856,0,1.40587,0,0,1
A,65,.,.,.,PHE,CG,A,65,.,.,.,PHE,CD2,490,492,8.28197,0,1.33597,0,0,1
A,65,.,.,.,PHE,CG,A,73,.,.,.,PHE,CE2,490,554,0.18523,0,4.36984,-0.529915,5,0
A,65,.,.,.,PHE,CG,A,75,.,.,.,GLU,CG,490,570,1.2053,0,4.56199,-0.160215,5,0
A,65,.,.,.,PHE,CG,A,75,.,.,.,GLU,CD,490,571,0.177342,0,4.65523,-0.136318,5,0
A,65,.,.,.,PHE,CD1,A,65,.,.,.,PHE,CD2,491,492,1.19443,0,2.34076,0,0,0
A,65,.,.,.,PHE,CD1,A,65,.,.,.,PHE,CE1,491,493,13.7946,0,1.38781,0,0,1
A,65,.,.,.,PHE,CD1,A,65,.,.,.,PHE,CE2,491,494,0.0571802,0,2.70411,0,0,0
A,65,.,.,.,PHE,CD1,A,66,.,.,.,SER,N,491,496,1.11964,0,3.5987,0,1,0
A,65,.,.,.,PHE,CD1,A,66,.,.,.,SER,CA,491,497,2.03308,0,4.13652,0,1,0
A,65,.,.,.,PHE,CD1,A,66,.,.,.,SER,C,491,498,2.27324,0,4.1807,0,1,0
A,65,.,.,.,PHE,CD1,A,66,.,.,.,SER,O,491,499,0.429326,0,4.36796,0,1,0
A,65,.,.,.,PHE,CD1,A,67,.,.,.,CYS,N,491,502,0.373833,0,4.63656,-0.00648261,2,0
A,65,.,.,.,PHE,CD1,A,67,.,.,.,CYS,CB,491,506,0.931009,0,4.73826,-1.31717,2,0
A,65,.,.,.,PHE,CD1,A,67,.,.,.,CYS,SG,491,507,1.28129,0,4.50088,-1.38286,2,0
A,65,.,.,.,PHE,CD1,A,73,.,.,.,PHE,CE2,491,554,3.64047,0,3.836,-6.13867,5,0
A,65,.,.,.,PHE,CD1,A,73,.,.,.,PHE,CZ,491,555,4.22526,0,3.65944,-7.37042,5,0
A,65,.,.,.,PHE,CD1,A,75,.,.,.,GLU,CG,491,570,0.0899973,0,5.16575,-0.023739,5,0
A,65,.,.,.,PHE,CD1,A,75,.,.,.,GLU,CD,491,571,0.341848,0,5.15594,-0.190803,5,0
A,65,.,.,.,PHE,CD2,A,65,.,.,.,PHE,CE1,492,493,0.0379748,0,2.70558,0,0,0
A,65,.,.,.,PHE,CD2,A,65,.,.,.,PHE,CE2,492,494,16.0095,2.9943,1.3501,0,0,1
A,65,.,.,.,PHE,CD2,A,65,.,.,.,PHE,CZ,492,495,0.00570968,0,2.37465,0,0,0
A,65,.,.,.,PHE,CD2,A,75,.,.,.,GLU,CG,492,570,1.51458,0.293571,4.61458,-0.339033,5,0
A,65,.,.,.,PHE,CD2,A,75,.,.,.,GLU,CD,492,571,1.37085,0,4.36327,-0.291229,5,0
A,65,.,.,.,PHE,CD2,A,75,.,.,.,GLU,OE2,492,573,5.59429,3.01061,3.91513,3.51453,5,0
A,65,.,.,.,PHE,CE1,A,65,.,.,.,PHE,CE2,493,494,0.321342,0,2.32522,0,0,0
A,65,.,.,.,PHE,CE1,A,65,.,.,.,PHE,CZ,493,495,13.5222,0,1.34168,0,0,1
A,65,.,.,.,PHE,CE1,A,67,.,.,.,CYS,SG,493,507,4.79767,0,4.18744,-7.28052,2,0
A,65,.,.,.,PHE,CE1,A,73,.,.,.,PHE,CZ,493,555,4.29366,0,3.88867,-7.97311,5,0
A,65,.,.,.,PHE,CE1,A,75,.,.,.,GLU,CD,493,571,0.198821,0,5.33868,-0.158394,5,0
A,65,.,.,.,PHE,CE1,A,85,.,.,.,THR,CG2,493,647,0.214308,0,5.55474,-0.140375,5,0
A,65,.,.,.,PHE,CE1,A,87,.,.,.,CYS,SG,493,660,5.5039,0,3.92726,-8.35223,5,0
A,65,.,.,.,PHE,CE1,A,96,.,.,.,GLN,NE2,493,727,0.449641,0,4.4035,-0.170563,5,0
A,65,.,.,.,PHE,CE2,A,65,.,.,.,PHE,CZ,494,495,11.2385,0,1.37221,0,0,1
A,65,.,.,.,PHE,CE2,A,75,.,.,.,GLU,CD,494,571,0.492738,0,4.55619,-0.392549,5,0
A,65,.,.,.,PHE,CE2,A,75,.,.,.,GLU,OE2,494,573,2.6607,1.41555,4.04444,1.17223,5,0
A,65,.,.,.,PHE,CE2,A,96,.,.,.,GLN,CD,494,725,0.168575,0,4.03421,-0.190886,5,0
A,65,.,.,.,PHE,CE2,A,96,.,.,.,GLN,OE1,494,726,2.06423,0,3.9475,-0.996071,5,0
A,65,.,.,.,PHE,CE2,A,96,.,.,.,GLN,NE2,494,727,5.49834,0.972383,3.55351,-1.19031,5,0
A,65,.,.,.,PHE,CE2,A,109,.,.,.,ARG,NH2,494,838,4.0804,2.41819,5.00696,-0.669239,5,0
A,65,.,.,.,PHE,CZ,A,75,.,.,.,GLU,CD,495,571,0.0296966,0,5.09155,-0.0254649,5,0
A,65,.,.,.,PHE,CZ,A,87,.,.,.,CYS,SG,495,660,3.87744,0,4.18844,-4.41067,5,0
A,65,.,.,.,PHE,CZ,A,96,.,.,.,GLN,CD,495,725,3.5097,0,3.762,-2.9704,5,0
A,65,.,.,.,PHE,CZ,A,96,.,.,.,GLN,OE1,495,726,3.02758,0,3.71202,-1.79806,5,0
A,65,.,.,.,PHE,CZ,A,96,.,.,.,GLN,NE2,495,727,2.47732,0,3.61297,-0.687627,5,0
A,66,.,.,.,SER,N,A,66,.,.,.,SER,CA,496,497,6.88467,0,1.42654,0,0,1
A,66,.,.,.,SER,N,A,66,.,.,.,SER,C,496,498,0.852793,0,2.40145,0,0,0
A,66,.,.,.,SER,N,A,66,.,.,.,SER,O,496,499,5.79274,2.5161,2.70639,0,0,0
A,66,.,.,.,SER,N,A,66,.,.,.,SER,CB,496,500,5.33288,2.88974,2.44081,0,0,0
A,66,.,.,.,SER,N,A,66,.,.,.,SER,OG,496,501,2.04818,1.13327,2.90194,0,0,0
A,66,.,.,.,SER,CA,A,66,.,.,.,SER,C,497,498,6.77919,0,1.49946,0,0,1
A,66,.,.,.,SER,CA,A,66,.,.,.,SER,O,497,499,0.515667,0,2.36064,0,0,0
A,66,.,.,.,SER,CA,A,66,.,.,.,SER,CB,497,500,8.56407,0,1.51361,0,0,1
A,66,.,.,.,SER,CA,A,66,.,.,.,SER,OG,497,501,1.21217,0,2.40211,0,0,0
A,66,.,.,.,SER,CA,A,67,.,.,.,CYS,N,497,502,2.46764,0,2.40853,0,1,0
A,66,.,.,.,SER,C,A,66,.,.,.,SER,O,498,499,9.30699,0.655517,1.21591,0,0,1
A,66,.,.,.,SER,C,A,66,.,.,.,SER,CB,498,500,4.62633,1.07703,2.40263,0,0,0
A,66,.,.,.,SER,C,A,67,.,.,.,CYS,N,498,502,7.66985,0,1.33536,0,1,1
A,66,.,.,.,SER,C,A,67,.,.,.,CYS,CA,498,503,2.54136,0.920034,2.44064,0,1,0
A,66,.,.,.,SER,C,A,67,.,.,.,CYS,CB,498,506,1.4792,0,3.1948,0,1,0
A,66,.,.,.,SER,C,A,73,.,.,.,PHE,CE2,498,554,0.00427552,0,4.87633,-0.0024768,5,0
A,66,.,.,.,SER,O,A,66,.,.,.,SER,CB,499,500,3.63394,3.50772,3.09344,0,0,0
A,66,.,.,.,SER,O,A,67,.,.,.,CYS,CA,499,503,5.81448,2.9587,2.76169,0,1,0
A,66,.,.,.,SER,O,A,67,.,.,.,CYS,CB,499,506,2.09718,0,3.29871,0,1,0
A,66,.,.,.,SER,O,A,73,.,.,.,PHE,CB,499,549,0.77193,1.4221,5.37682,-0.0764868,5,0
A,66,.,.,.,SER,O,A,73,.,.,.,PHE,CG,499,550,0.161309,0,4.67137,0.00777443,5,0
A,66,.,.,.,SER,O,A,73,.,.,.,PHE,CD2,499,552,6.14643,3.4176,4.18594,-1.02333,5,0
A,66,.,.,.,SER,O,A,73,.,.,.,PHE,CE2,499,554,3.24609,0.159155,4.15723,-0.120853,5,0
A,66,.,.,.,SER,CB,A,66,.,.,.,SER,OG,500,501,16.9429,7.06934,1.393,0,0,1
A,66,.,.,.,SER,CB,A,67,.,.,.,CYS,N,500,502,4.27728,1.54659,3.13144,0,1,0
A,66,.,.,.,SER,CB,A,67,.,.,.,CYS,CA,500,503,0.0813299,0.718677,4.4153,0,1,0
A,66,.,.,.,SER,CB,A,67,.,.,.,CYS,O,500,505,0.22198,1.12554,5.05894,0,1,0
A,67,.,.,.,CYS,N,A,67,.,.,.,CYS,CA,502,503,8.47479,0.717753,1.47754,0,0,1
A,67,.,.,.,CYS,N,A,67,.,.,.,CYS,C,502,504,0.9069,0.455189,2.44561,0,0,0
A,67,.,.,.,CYS,N,A,67,.,.,.,CYS,O,502,505,3.88527,0.50571,2.70364,0,0,0
A,67,.,.,.,CYS,N,A,67,.,.,.,CYS,CB,502,506,1.33859,0,2.46835,0,0,0
A,67,.,.,.,CYS,N,A,67,.,.,.,CYS,SG,502,507,3.1478,0,3.20587,0,0,0
A,67,.,.,.,CYS,CA,A,67,.,.,.,CYS,C,503,504,10.0375,2.37932,1.51102,0,0,1
A,67,.,.,.,CYS,CA,A,67,.,.,.,CYS,O,503,505,0.00818984,0,2.39942,0,0,0
A,67,.,.,.,CYS,CA,A,67,.,.,.,CYS,CB,503,506,10.6607,0.220359,1.52298,0,0,1
A,67,.,.,.,CYS,CA,A,67,.,.,.,CYS,SG,503,507,0.737611,0,2.789,0,0,0
A,67,.,.,.,CYS,CA,A,68,.,.,.,THR,N,503,508,5.68911,3.61706,2.38239,0,1,0
A,67,.,.,.,CYS,CA,A,73,.,.,.,PHE,CB,503,549,1.46211,2.30754,5.58902,-0.0575569,5,0
A,67,.,.,.,CYS,CA,A,73,.,.,.,PHE,CG,503,550,0.0406906,0,4.94158,-0.0493784,5,0
A,67,.,.,.,CYS,C,A,67,.,.,.,CYS,O,504,505,10.8182,1.37977,1.21479,0,0,1
A,67,.,.,.,CYS,C,A,67,.,.,.,CYS,CB,504,506,0.795255,0,2.47603,0,0,0
A,67,.,.,.,CYS,C,A,67,.,.,.,CYS,SG,504,507,2.65357,0,3.14152,0,0,0
A,67,.,.,.,CYS,C,A,68,.,.,.,THR,N,504,508,8.3958,0.290514,1.3174,0,1,1
A,67,.,.,.,CYS,C,A,68,.,.,.,THR,CA,504,509,1.82279,0,2.45491,0,1,0
A,67,.,.,.,CYS,C,A,68,.,.,.,THR,C,504,510,0.359072,0,3.31593,0,1,0
A,67,.,.,.,CYS,C,A,68,.,.,.,THR,OG1,504,513,1.85538,1.84516,3.72045,0,1,0
A,67,.,.,.,CYS,C,A,69,.,.,.,LEU,N,504,515,0.0532101,0,4.08184,0.0790984,2,0
A,67,.,.,.,CYS,O,A,67,.,.,.,CYS,SG,505,507,1.27754,0,3.56308,0,0,0
A,67,.,.,.,CYS,O,A,68,.,.,.,THR,CA,505,509,3.55549,0,2.80375,0,1,0
A,67,.,.,.,CYS,O,A,68,.,.,.,THR,OG1,505,513,0.0322666,0,4.02848,0,1,0
A,67,.,.,.,CYS,O,A,69,.,.,.,LEU,N,505,515,0.514311,0,4.11289,0.415007,2,0
A,67,.,.,.,CYS,CB,A,67,.,.,.,CYS,SG,506,507,11.7117,0,1.79205,0,0,1
A,67,.,.,.,CYS,CB,A,68,.,.,.,THR,N,506,508,4.64451,1.00951,2.94558,0,1,0
A,67,.,.,.,CYS,CB,A,68,.,.,.,THR,C,506,510,0.047535,0,4.337,0,1,0
A,67,.,.,.,CYS,CB,A,68,.,.,.,THR,O,506,511,2.3646,0,4.1867,0,1,0
A,67,.,.,.,CYS,CB,A,71,.,.,.,GLU,O,506,530,1.66325,0.265431,5.00173,0.409251,4,0
A,67,.,.,.,CYS,CB,A,73,.,.,.,PHE,CB,506,549,1.56478,1.07269,4.96077,-1.30174,5,0
A,67,.,.,.,CYS,CB,A,73,.,.,.,PHE,CG,506,550,1.85353,0,4.0452,-4.53023,5,0
A,67,.,.,.,CYS,CB,A,73,.,.,.,PHE,CD1,506,551,5.67244,0,3.55133,-8.02526,5,0
A,67,.,.,.,CYS,CB,A,73,.,.,.,PHE,CD2,506,552,0.728033,0,4.36813,-0.894053,5,0
A,67,.,.,.,CYS,CB,A,73,.,.,.,PHE,CE1,506,553,3.86706,0,3.34236,-6.11506,5,0
A,67,.,.,.,CYS,CB,A,73,.,.,.,PHE,CE2,506,554,0.980051,0,4.18828,-1.23688,5,0
A,67,.,.,.,CYS,CB,A,73,.,.,.,PHE,CZ,506,555,2.44649,0,3.69455,-2.95716,5,0
A,67,.,.,.,CYS,SG,A,68,.,.,.,THR,N,507,508,0.139186,0,3.72359,0,1,0
A,67,.,.,.,CYS,SG,A,68,.,.,.,THR,C,507,510,2.19147,0,4.30318,0,1,0
A,67,.,.,.,CYS,SG,A,68,.,.,.,THR,O,507,511,2.27362,0,4.30445,0,1,0
A,67,.,.,.,CYS,SG,A,69,.,.,.,LEU,N,507,515,1.26258,0,4.66884,0.11967,2,0
A,67,.,.,.,CYS,SG,A,69,.,.,.,LEU,CA,507,516,1.41153,0,5.09392,-0.130464,2,0
A,67,.,.,.,CYS,SG,A,69,.,.,.,LEU,CD2,507,522,1.94997,0,5.05339,-3.07489,2,0
A,67,.,.,.,CYS,SG,A,71,.,.,.,GLU,O,507,530,0.0219849,0,5.68359,0.013044,4,0
A,67,.,.,.,CYS,SG,A,73,.,.,.,PHE,CE1,507,553,3.58664,0,3.78618,-3.97177,5,0
A,67,.,.,.,CYS,SG,A,73,.,.,.,PHE,CZ,507,555,1.27957,0,4.09193,-1.45553,5,0
A,67,.,.,.,CYS,SG,A,87,.,.,.,CYS,N,507,655,1.18489,0,4.95225,-2.70194,5,0
A,67,.,.,.,CYS,SG,A,87,.,.,.,CYS,CB,507,659,6.50568,0,3.9371,-17.8539,5,0
A,67,.,.,.,CYS,SG,A,87,.,.,.,CYS,SG,507,660,4.19124,0,3.92231,-18.4582,5,0
A,68,.,.,.,THR,N,A,68,.,.,.,THR,CA,508,509,6.28829,0,1.4623,0,0,1
A,68,.,.,.,THR,N,A,68,.,.,.,THR,C,508,510,1.3585,0,2.41263,0,0,0
A,68,.,.,.,THR,N,A,68,.,.,.,THR,O,508,511,2.59462,0,2.83247,0,0,0
A,68,.,.,.,THR,N,A,68,.,.,.,THR,CB,508,512,5.79925,1.85254,2.44115,0,0,0
A,68,.,.,.,THR,N,A,68,.,.,.,THR,OG1,508,513,3.67677,2.01155,2.85852,0,0,0
A,68,.,.,.,THR,N,A,71,.,.,.,GLU,O,508,530,0.320142,0.252302,5.21539,0.455105,3,0
A,68,.,.,.,THR,N,A,71,.,.,.,GLU,CB,508,531,1.25495,1.27092,4.96994,1.84162,3,0
A,68,.,.,.,THR,CA,A,68,.,.,.,THR,C,509,510,6.28251,0,1.51707,0,0,1
A,68,.,.,.,THR,CA,A,68,.,.,.,THR,O,509,511,0.432127,0,2.40589,0,0,0
A,68,.,.,.,THR,CA,A,68,.,.,.,THR,CB,509,512,8.18222,0,1.52626,0,0,1
A,68,.,.,.,THR,CA,A,68,.,.,.,THR,OG1,509,513,1.35867,0,2.41329,0,0,0
A,68,.,.,.,THR,CA,A,68,.,.,.,THR,CG2,509,514,1.68078,0,2.54367,0,0,0
A,68,.,.,.,THR,CA,A,69,.,.,.,LEU,N,509,515,2.25677,0,2.45039,0,1,0
A,68,.,.,.,THR,C,A,68,.,.,.,THR,O,510,511,7.44149,0,1.25882,0,0,1
A,68,.,.,.,THR,C,A,68,.,.,.,THR,CB,510,512,1.21614,0,2.49688,0,0,0
A,68,.,.,.,THR,C,A,68,.,.,.,THR,CG2,510,514,1.93057,0,2.94975,0,0,0
A,68,.,.,.,THR,C,A,69,.,.,.,LEU,N,510,515,7.36614,0,1.32995,0,1,1
A,68,.,.,.,THR,C,A,69,.,.,.,LEU,CA,510,516,1.4974,0,2.41021,0,1,0
A,68,.,.,.,THR,C,A,69,.,.,.,LEU,C,510,517,0.607146,0,2.91668,0,1,0
A,68,.,.,.,THR,C,A,69,.,.,.,LEU,O,510,518,0.691223,0,3.17877,0,1,0
A,68,.,.,.,THR,O,A,68,.,.,.,THR,CB,511,512,1.53498,0,3.03036,0,0,0
A,68,.,.,.,THR,O,A,68,.,.,.,THR,CG2,511,514,0.058542,0,3.56889,0,0,0
A,68,.,.,.,THR,O,A,69,.,.,.,LEU,CA,511,516,2.7241,0,2.72485,0,1,0
A,68,.,.,.,THR,O,A,69,.,.,.,LEU,C,511,517,1.88744,0,2.7755,0,1,0
A,68,.,.,.,THR,O,A,69,.,.,.,LEU,O,511,518,0.264688,0,3.18684,0,1,0
A,68,.,.,.,THR,O,A,70,.,.,.,GLY,N,511,523,1.62059,0,3.24341,0.385664,2,0
A,68,.,.,.,THR,O,A,71,.,.,.,GLU,N,511,527,4.16648,0,3.06836,-2.7376,3,0
A,68,.,.,.,THR,O,A,71,.,.,.,GLU,CA,511,528,0.0386824,0,3.737,0.0438233,3,0
A,68,.,.,.,THR,O,A,71,.,.,.,GLU,O,511,530,4.38729,0,3.68782,4.75722,3,0
A,68,.,.,.,THR,O,A,71,.,.,.,GLU,CB,511,531,3.73917,0,3.46018,2.8901,3,0
A,68,.,.,.,THR,O,A,71,.,.,.,GLU,CG,511,532,0.479678,0,3.93975,0.381434,3,0
A,68,.,.,.,THR,O,A,87,.,.,.,CYS,N,511,655,1.22139,0,5.35846,-1.39187,5,0
A,68,.,.,.,THR,O,A,87,.,.,.,CYS,O,511,658,0.120187,0,4.58224,0.0847513,5,0
A,68,.,.,.,THR,O,A,87,.,.,.,CYS,CB,511,659,0.0157585,0,5.69725,-0.00432633,5,0
A,68,.,.,.,THR,CB,A,68,.,.,.,THR,OG1,512,513,13.01,1.51712,1.44841,0,0,1
A,68,.,.,.,THR,CB,A,68,.,.,.,THR,CG2,512,514,11.6769,0,1.55792,0,0,1
A,68,.,.,.,THR,CB,A,71,.,.,.,GLU,CB,512,531,4.67346,0.959093,4.09602,-1.81849,3,0
A,68,.,.,.,THR,CB,A,71,.,.,.,GLU,CG,512,532,1.11945,0,3.95933,-0.168216,3,0
A,68,.,.,.,THR,CB,A,71,.,.,.,GLU,CD,512,533,0.847171,0,3.79087,-0.199828,3,0
A,68,.,.,.,THR,CB,A,71,.,.,.,GLU,OE1,512,534,6.01987,1.44788,3.60722,-0.59069,3,0
A,68,.,.,.,THR,OG1,A,68,.,.,.,THR,CG2,513,514,4.66357,2.97183,2.46922,0,0,0
A,68,.,.,.,THR,OG1,A,71,.,.,.,GLU,OE1,513,534,3.03567,4.06135,3.92241,-0.45883,3,0
A,68,.,.,.,THR,CG2,A,69,.,.,.,LEU,N,514,515,1.93689,0,3.43954,0,1,0
A,68,.,.,.,THR,CG2,A,69,.,.,.,LEU,O,514,518,4.81045,0.112834,3.61996,0,1,0
A,68,.,.,.,THR,CG2,A,71,.,.,.,GLU,CG,514,532,3.92933,0.172168,3.76645,-1.57732,3,0
A,68,.,.,.,THR,CG2,A,71,.,.,.,GLU,CD,514,533,3.59985,0.0513043,3.54475,-1.30829,3,0
A,68,.,.,.,THR,CG2,A,71,.,.,.,GLU,OE1,514,534,0.68846,0.659269,3.79534,-0.0811681,3,0
A,68,.,.,.,THR,CG2,A,71,.,.,.,GLU,OE2,514,535,6.70992,4.7244,3.77331,-0.791086,3,0
A,69,.,.,.,LEU,N,A,69,.,.,.,LEU,CA,515,516,7.52609,0,1.44714,0,0,1
A,69,.,.,.,LEU,N,A,69,.,.,.,LEU,C,515,517,0.194262,0,2.44174,0,0,0
A,69,.,.,.,LEU,N,A,69,.,.,.,LEU,O,515,518,1.23657,0,2.83863,0,0,0
A,69,.,.,.,LEU,N,A,69,.,.,.,LEU,CB,515,519,1.73438,0,2.43779,0,0,0
A,69,.,.,.,LEU,N,A,69,.,.,.,LEU,CG,515,520,2.98821,0,3.04397,0,0,0
A,69,.,.,.,LEU,N,A,69,.,.,.,LEU,CD2,515,522,0.273819,0,3.80731,0,0,0
A,69,.,.,.,LEU,CA,A,69,.,.,.,LEU,C,516,517,6.04136,0,1.51822,0,0,1
A,69,.,.,.,LEU,CA,A,69,.,.,.,LEU,O,516,518,0.709175,0,2.42716,0,0,0
A,69,.,.,.,LEU,CA,A,69,.,.,.,LEU,CB,516,519,7.88443,0,1.52488,0,0,1
A,69,.,.,.,LEU,CA,A,69,.,.,.,LEU,CG,516,520,1.28758,0,2.59294,0,0,0
A,69,.,.,.,LEU,CA,A,69,.,.,.,LEU,CD2,516,522,3.32261,0,3.17565,0,0,0
A,69,.,.,.,LEU,CA,A,70,.,.,.,GLY,N,516,523,2.81912,0,2.41459,0,1,0
A,69,.,.,.,LEU,CA,A,87,.,.,.,CYS,N,516,655,0.000149357,0,5.42127,0.000171854,5,0
A,69,.,.,.,LEU,CA,A,87,.,.,.,CYS,O,516,658,4.00806,0,3.37631,-2.79892,5,0
A,69,.,.,.,LEU,CA,A,87,.,.,.,CYS,CB,516,659,0.78556,0,5.12109,0.154154,5,0
A,69,.,.,.,LEU,C,A,69,.,.,.,LEU,O,517,518,9.3204,1.09042,1.26959,0,0,1
A,69,.,.,.,LEU,C,A,69,.,.,.,LEU,CB,517,519,4.81441,1.37638,2.51088,0,0,0
A,69,.,.,.,LEU,C,A,70,.,.,.,GLY,N,517,523,7.86019,0,1.33304,0,1,1
A,69,.,.,.,LEU,C,A,70,.,.,.,GLY,CA,517,524,2.54294,0.922585,2.45635,0,1,0
A,69,.,.,.,LEU,C,A,71,.,.,.,GLU,N,517,527,0.899848,0,3.34079,2.24726,2,0
A,69,.,.,.,LEU,C,A,88,.,.,.,ASN,OD1,517,667,0.193495,0.488459,4.37178,0.116931,5,0
A,69,.,.,.,LEU,O,A,69,.,.,.,LEU,CB,518,519,1.60072,0.0184145,3.17323,0,0,0
A,69,.,.,.,LEU,O,A,70,.,.,.,GLY,CA,518,524,5.87256,1.22458,2.85537,0,1,0
A,69,.,.,.,LEU,O,A,70,.,.,.,GLY,C,518,525,0.470455,0.00614548,3.47104,0,1,0
A,69,.,.,.,LEU,O,A,71,.,.,.,GLU,N,518,527,0.698641,0,3.5086,1.0416,2,0
A,69,.,.,.,LEU,O,A,71,.,.,.,GLU,CG,518,532,4.85354,2.18186,4.0507,3.0951,2,0
A,69,.,.,.,LEU,CB,A,69,.,.,.,LEU,CG,519,520,8.15319,0,1.53442,0,0,1
A,69,.,.,.,LEU,CB,A,69,.,.,.,LEU,CD1,519,521,8.28929,3.02649,2.51507,0,0,0
A,69,.,.,.,LEU,CB,A,69,.,.,.,LEU,CD2,519,522,2.31494,0,2.53667,0,0,0
A,69,.,.,.,LEU,CB,A,70,.,.,.,GLY,N,519,523,1.18395,0,3.34387,0,1,0
A,69,.,.,.,LEU,CB,A,87,.,.,.,CYS,O,519,658,0.942128,0,3.84582,-0.407045,5,0
A,69,.,.,.,LEU,CB,A,88,.,.,.,ASN,CA,519,662,3.19779,0.445042,4.82716,1.62362,5,0
A,69,.,.,.,LEU,CB,A,88,.,.,.,ASN,OD1,519,667,1.71709,1.72502,5.06936,0.266127,5,0
A,69,.,.,.,LEU,CB,A,89,.,.,.,PHE,N,519,669,0.921637,0.871483,5.27723,0.73107,5,0
A,69,.,.,.,LEU,CG,A,69,.,.,.,LEU,CD1,520,521,10.8984,0,1.57632,0,0,1
A,69,.,.,.,LEU,CG,A,69,.,.,.,LEU,CD2,520,522,11.3981,0,1.50933,0,0,1
A,69,.,.,.,LEU,CG,A,89,.,.,.,PHE,N,520,669,0.00987036,0,5.16955,0.00697869,5,0
A,69,.,.,.,LEU,CD1,A,69,.,.,.,LEU,CD2,521,522,5.67231,0,2.53902,0,0,0
A,69,.,.,.,LEU,CD1,A,89,.,.,.,PHE,N,521,669,3.00943,1.19273,4.90041,0.760303,5,0
A,69,.,.,.,LEU,CD1,A,89,.,.,.,PHE,CB,521,673,6.95546,2.80767,4.91581,-12.1454,5,0
A,69,.,.,.,LEU,CD2,A,87,.,.,.,CYS,C,522,657,1.71325,0,3.97914,-0.244705,5,0
A,69,.,.,.,LEU,CD2,A,87,.,.,.,CYS,O,522,658,1.75304,0,3.7271,-0.651217,5,0
A,69,.,.,.,LEU,CD2,A,87,.,.,.,CYS,CB,522,659,5.29675,0,4.04776,-7.34607,5,0
A,69,.,.,.,LEU,CD2,A,88,.,.,.,ASN,N,522,661,0.375857,0,4.29629,0.325643,5,0
A,69,.,.,.,LEU,CD2,A,88,.,.,.,ASN,CA,522,662,3.07345,0,4.32556,0.178996,5,0
A,69,.,.,.,LEU,CD2,A,88,.,.,.,ASN,C,522,663,0.495389,0,4.55235,-0.00223878,5,0
A,69,.,.,.,LEU,CD2,A,89,.,.,.,PHE,N,522,669,2.06719,0,4.58458,1.15182,5,0
A,69,.,.,.,LEU,CD2,A,89,.,.,.,PHE,CB,522,673,0.391221,0,5.41678,-0.633496,5,0
A,69,.,.,.,LEU,CD2,A,94,.,.,.,LEU,CD1,522,710,8.714,0,3.91859,-18.7524,5,0
A,70,.,.,.,GLY,N,A,70,.,.,.,GLY,CA,523,524,9.56121,0,1.44136,0,0,1
A,70,.,.,.,GLY,N,A,71,.,.,.,GLU,N,523,527,2.57089,0,2.8358,0,1,0
A,70,.,.,.,GLY,N,A,86,.,.,.,VAL,CG1,523,653,1.20412,0,4.07795,0.0497836,5,0
A,70,.,.,.,GLY,N,A,87,.,.,.,CYS,N,523,655,0.309806,0,4.71473,0.213617,5,0
A,70,.,.,.,GLY,N,A,87,.,.,.,CYS,O,523,658,6.54276,0,2.78817,-8.10876,5,0
A,70,.,.,.,GLY,N,A,88,.,.,.,ASN,CA,523,662,0.0335152,0,4.75736,0.0143015,5,0
A,70,.,.,.,GLY,N,A,88,.,.,.,ASN,CG,523,666,0.0343902,0,4.1321,-0.0195519,5,0
A,70,.,.,.,GLY,N,A,88,.,.,.,ASN,OD1,523,667,2.94251,0,3.439,-0.199724,5,0
A,70,.,.,.,GLY,CA,A,70,.,.,.,GLY,C,524,525,11.3662,1.63682,1.49703,0,0,1
A,70,.,.,.,GLY,CA,A,70,.,.,.,GLY,O,524,526,6.67047,5.05297,2.35034,0,0,0
A,70,.,.,.,GLY,CA,A,71,.,.,.,GLU,N,524,527,1.13229,0,2.43939,0,1,0
A,70,.,.,.,GLY,CA,A,86,.,.,.,VAL,CG1,524,653,5.56436,0.251459,3.73756,-3.53743,5,0
A,70,.,.,.,GLY,CA,A,87,.,.,.,CYS,O,524,658,0.136858,0,3.72771,-0.00122421,5,0
A,70,.,.,.,GLY,CA,A,88,.,.,.,ASN,CG,524,666,0.703981,0,4.06575,-0.865967,5,0
A,70,.,.,.,GLY,CA,A,88,.,.,.,ASN,OD1,524,667,11.0167,5.63459,3.26864,-6.00159,5,0
A,70,.,.,.,GLY,CA,A,88,.,.,.,ASN,ND2,524,668,1.26911,0.906878,4.32209,-0.118845,5,0
A,70,.,.,.,GLY,C,A,70,.,.,.,GLY,O,525,526,10.4386,1.37732,1.21655,0,0,1
A,70,.,.,.,GLY,C,A,71,.,.,.,GLU,N,525,527,7.52525,0,1.3335,0,1,1
A,70,.,.,.,GLY,C,A,71,.,.,.,GLU,CA,525,528,1.59665,0,2.46303,0,1,0
A,70,.,.,.,GLY,C,A,71,.,.,.,GLU,C,525,529,0.0664288,0,3.43787,0,1,0
A,70,.,.,.,GLY,C,A,71,.,.,.,GLU,CG,525,532,3.56468,1.4946,3.6799,0,1,0
A,70,.,.,.,GLY,C,A,86,.,.,.,VAL,CG1,525,653,2.76584,0,3.69128,-0.836655,5,0
A,70,.,.,.,GLY,O,A,71,.,.,.,GLU,CA,526,528,6.79926,2.49594,2.79166,0,1,0
A,70,.,.,.,GLY,O,A,71,.,.,.,GLU,C,526,529,0.050197,0,3.69018,0,1,0
A,70,.,.,.,GLY,O,A,71,.,.,.,GLU,CG,526,532,1.50329,2.19977,4.09888,0,1,0
A,70,.,.,.,GLY,O,A,72,.,.,.,LYS,N,526,536,1.64577,0.685315,4.07079,1.29042,2,0
A,70,.,.,.,GLY,O,A,72,.,.,.,LYS,CG,526,541,1.29793,1.91989,5.4541,0.189121,2,0
A,70,.,.,.,GLY,O,A,86,.,.,.,VAL,CG1,526,653,4.29473,2.16324,3.90975,0.73403,5,0
A,70,.,.,.,GLY,O,A,86,.,.,.,VAL,CG2,526,654,1.62958,1.14591,4.90844,0.19735,5,0
A,71,.,.,.,GLU,N,A,71,.,.,.,GLU,CA,527,528,6.60073,0,1.4521,0,0,1
A,71,.,.,.,GLU,N,A,71,.,.,.,GLU,C,527,529,1.2953,0,2.44489,0,0,0
A,71,.,.,.,GLU,N,A,71,.,.,.,GLU,O,527,530,2.41688,0,2.84043,0,0,0
A,71,.,.,.,GLU,N,A,71,.,.,.,GLU,CB,527,531,1.33756,0,2.42936,0,0,0
A,71,.,.,.,GLU,N,A,71,.,.,.,GLU,CG,527,532,2.22675,0,2.94528,0,0,0
A,71,.,.,.,GLU,N,A,86,.,.,.,VAL,CG1,527,653,2.28468,0,4.01441,1.78772,5,0
A,71,.,.,.,GLU,N,A,87,.,.,.,CYS,N,527,655,0.06561,0,5.41723,0.119276,5,0
A,71,.,.,.,GLU,CA,A,71,.,.,.,GLU,C,528,529,6.93218,0,1.51145,0,0,1
A,71,.,.,.,GLU,CA,A,71,.,.,.,GLU,O,528,530,0.667868,0,2.36867,0,0,0
A,71,.,.,.,GLU,CA,A,71,.,.,.,GLU,CB,528,531,10.0072,1.38444,1.52703,0,0,1
A,71,.,.,.,GLU,CA,A,71,.,.,.,GLU,CG,528,532,4.94959,2.15181,2.51172,0,0,0
A,71,.,.,.,GLU,CA,A,72,.,.,.,LYS,N,528,536,7.66629,3.21734,2.41534,0,1,0
A,71,.,.,.,GLU,C,A,71,.,.,.,GLU,O,529,530,8.33292,0,1.22606,0,0,1
A,71,.,.,.,GLU,C,A,71,.,.,.,GLU,CB,529,531,3.53487,0,2.48301,0,0,0
A,71,.,.,.,GLU,C,A,72,.,.,.,LYS,N,529,536,7.95761,0,1.31534,0,1,1
A,71,.,.,.,GLU,C,A,72,.,.,.,LYS,CA,529,537,1.23517,0,2.44818,0,1,0
A,71,.,.,.,GLU,C,A,72,.,.,.,LYS,C,529,538,0.77071,0,3.06924,0,1,0
A,71,.,.,.,GLU,C,A,72,.,.,.,LYS,O,529,539,1.51552,0,3.34606,0,1,0
A,71,.,.,.,GLU,C,A,86,.,.,.,VAL,CB,529,652,0.0188842,0,4.79453,-0.00322969,5,0
A,71,.,.,.,GLU,C,A,86,.,.,.,VAL,CG1,529,653,1.48754,0,4.45124,0.882034,5,0
A,71,.,.,.,GLU,C,A,86,.,.,.,VAL,CG2,529,654,0.902321,0,4.37819,-0.0386432,5,0
A,71,.,.,.,GLU,O,A,71,.,.,.,GLU,CB,530,531,3.57961,0.727265,3.01905,0,0,0
A,71,.,.,.,GLU,O,A,72,.,.,.,LYS,CA,530,537,2.15492,0,2.80256,0,1,0
A,71,.,.,.,GLU,O,A,72,.,.,.,LYS,C,530,538,1.72944,0,3.1022,0,1,0
A,71,.,.,.,GLU,O,A,72,.,.,.,LYS,O,530,539,0.239943,0,3.54535,0,1,0
A,71,.,.,.,GLU,O,A,73,.,.,.,PHE,N,530,545,0.372187,0,3.55984,0.411095,2,0
A,71,.,.,.,GLU,O,A,73,.,.,.,PHE,CB,530,549,2.02201,0.762948,4.33829,0.26151,2,0
A,71,.,.,.,GLU,O,A,73,.,.,.,PHE,CD1,530,551,7.23033,0,3.54044,2.36885,2,0
A,71,.,.,.,GLU,O,A,73,.,.,.,PHE,CE1,530,553,0.659423,0,4.32006,0.238724,2,0
A,71,.,.,.,GLU,O,A,85,.,.,.,THR,O,530,644,0.86419,0,3.8232,0.937058,5,0
A,71,.,.,.,GLU,O,A,86,.,.,.,VAL,CA,530,649,2.89838,0,4.29295,-1.38634,5,0
A,71,.,.,.,GLU,O,A,86,.,.,.,VAL,CB,530,652,0.0809025,0,4.59443,0.00853676,5,0
A,71,.,.,.,GLU,O,A,86,.,.,.,VAL,CG1,530,653,1.4434,0,4.34149,0.327267,5,0
A,71,.,.,.,GLU,O,A,86,.,.,.,VAL,CG2,530,654,0.0997774,0,4.45611,0.0590903,5,0
A,71,.,.,.,GLU,O,A,87,.,.,.,CYS,N,530,655,1.32009,0,4.92157,1.12484,5,0
A,71,.,.,.,GLU,CB,A,71,.,.,.,GLU,CG,531,532,11.2346,1.69627,1.52833,0,0,1
A,71,.,.,.,GLU,CB,A,71,.,.,.,GLU,CD,531,533,1.53062,0.835941,2.60497,0,0,0
A,71,.,.,.,GLU,CB,A,71,.,.,.,GLU,OE1,531,534,7.65613,4.74842,2.88137,0,0,0
A,71,.,.,.,GLU,CB,A,72,.,.,.,LYS,N,531,536,1.44584,1.1991,3.40372,0,1,0
A,71,.,.,.,GLU,CB,A,72,.,.,.,LYS,O,531,539,4.41583,4.30473,4.55397,0,1,0
A,71,.,.,.,GLU,CB,A,73,.,.,.,PHE,CB,531,549,0.309813,1.07168,6.16668,0.121287,2,0
A,71,.,.,.,GLU,CG,A,71,.,.,.,GLU,CD,532,533,12.1606,2.7263,1.53191,0,0,1
A,71,.,.,.,GLU,CG,A,71,.,.,.,GLU,OE2,532,535,7.01266,5.29575,2.36988,0,0,0
A,71,.,.,.,GLU,CD,A,71,.,.,.,GLU,OE1,533,534,14.3739,3.84728,1.25116,0,0,1
A,71,.,.,.,GLU,CD,A,71,.,.,.,GLU,OE2,533,535,14.8609,4.15952,1.25771,0,0,1
A,71,.,.,.,GLU,OE1,A,71,.,.,.,GLU,OE2,534,535,2.08921,3.6025,2.20586,0,0,0
A,72,.,.,.,LYS,N,A,72,.,.,.,LYS,CA,536,537,6.85363,0,1.46223,0,0,1
A,72,.,.,.,LYS,N,A,72,.,.,.,LYS,C,536,538,0.306782,0,2.44683,0,0,0
A,72,.,.,.,LYS,N,A,72,.,.,.,LYS,O,536,539,3.64738,1.4866,2.82466,0,0,0
A,72,.,.,.,LYS,N,A,72,.,.,.,LYS,CB,536,540,5.28782,2.78798,2.41143,0,0,0
A,72,.,.,.,LYS,N,A,72,.,.,.,LYS,CG,536,541,4.88139,1.76786,3.06232,0,0,0
A,72,.,.,.,LYS,N,A,86,.,.,.,VAL,CG2,536,654,1.62967,0,4.02606,1.38916,5,0
A,72,.,.,.,LYS,CA,A,72,.,.,.,LYS,C,537,538,6.33245,0,1.49358,0,0,1
A,72,.,.,.,LYS,CA,A,72,.,.,.,LYS,O,537,539,0.629608,0,2.39541,0,0,0
A,72,.,.,.,LYS,CA,A,72,.,.,.,LYS,CB,537,540,8.50636,0,1.50984,0,0,1
A,72,.,.,.,LYS,CA,A,72,.,.,.,LYS,CG,537,541,2.0894,0,2.51748,0,0,0
A,72,.,.,.,LYS,CA,A,73,.,.,.,PHE,N,537,545,2.81744,0,2.40569,0,1,0
A,72,.,.,.,LYS,CA,A,84,.,.,.,GLN,CG,537,637,0.00898591,0,4.89153,0.00650716,5,0
A,72,.,.,.,LYS,CA,A,85,.,.,.,THR,O,537,644,4.1759,0,3.32665,0.221116,5,0
A,72,.,.,.,LYS,CA,A,86,.,.,.,VAL,CA,537,649,0.0377242,0,4.81401,0.0366006,5,0
A,72,.,.,.,LYS,CA,A,86,.,.,.,VAL,CG2,537,654,3.06145,0,3.77485,0.0313866,5,0
A,72,.,.,.,LYS,C,A,72,.,.,.,LYS,O,538,539,9.39325,0.985881,1.24473,0,0,1
A,72,.,.,.,LYS,C,A,72,.,.,.,LYS,CB,538,540,5.21825,1.73331,2.46735,0,0,0
A,72,.,.,.,LYS,C,A,73,.,.,.,PHE,N,538,545,7.90724,0.160564,1.33923,0,1,1
A,72,.,.,.,LYS,C,A,73,.,.,.,PHE,CA,538,546,2.93305,1.4316,2.41366,0,1,0
A,72,.,.,.,LYS,C,A,73,.,.,.,PHE,CB,538,549,1.06351,0,3.24597,0,1,0
A,72,.,.,.,LYS,C,A,84,.,.,.,GLN,CG,538,637,0.0118504,0.0939003,5.03716,0.00360065,5,0
A,72,.,.,.,LYS,O,A,72,.,.,.,LYS,CB,539,540,4.05268,3.81698,3.1382,0,0,0
A,72,.,.,.,LYS,O,A,73,.,.,.,PHE,CA,539,546,6.46273,3.86547,2.7152,0,1,0
A,72,.,.,.,LYS,O,A,73,.,.,.,PHE,CB,539,549,5.12224,3.46288,3.33286,0,1,0
A,72,.,.,.,LYS,CB,A,72,.,.,.,LYS,CG,540,541,10.4206,0.514535,1.49736,0,0,1
A,72,.,.,.,LYS,CB,A,72,.,.,.,LYS,CD,540,542,7.87385,4.18786,2.51938,0,0,0
A,72,.,.,.,LYS,CB,A,73,.,.,.,PHE,N,540,545,0.995281,0,3.33608,0,1,0
A,72,.,.,.,LYS,CB,A,84,.,.,.,GLN,CG,540,637,4.39862,0.096936,4.16928,1.59776,5,0
A,72,.,.,.,LYS,CB,A,84,.,.,.,GLN,CD,540,638,0.506843,0,4.20274,-0.143854,5,0
A,72,.,.,.,LYS,CB,A,84,.,.,.,GLN,NE2,540,640,5.89953,3.79038,4.02273,1.1664,5,0
A,72,.,.,.,LYS,CB,A,85,.,.,.,THR,O,540,644,0.165726,0,4.18606,0.000946785,5,0
A,72,.,.,.,LYS,CG,A,72,.,.,.,LYS,CD,541,542,12.5535,2.98745,1.52391,0,0,1
A,72,.,.,.,LYS,CG,A,72,.,.,.,LYS,CE,541,543,6.3628,1.49612,2.51696,0,0,0
A,72,.,.,.,LYS,CG,A,84,.,.,.,GLN,CG,541,637,2.89822,0.0821112,4.3159,1.19697,5,0
A,72,.,.,.,LYS,CG,A,84,.,.,.,GLN,CD,541,638,1.15335,0,4.1165,-0.97339,5,0
A,72,.,.,.,LYS,CG,A,84,.,.,.,GLN,OE1,541,639,0.0115112,0,4.39666,-0.00139138,5,0
A,72,.,.,.,LYS,CG,A,85,.,.,.,THR,C,541,643,0.0710656,0,5.05232,0.0118957,5,0
A,72,.,.,.,LYS,CG,A,85,.,.,.,THR,O,541,644,0.216264,0,4.47361,0.0738248,5,0
A,72,.,.,.,LYS,CG,A,86,.,.,.,VAL,CG2,541,654,12.4524,0.965123,3.15473,-5.82449,5,0
A,72,.,.,.,LYS,CD,A,72,.,.,.,LYS,CE,542,543,12.2683,1.37299,1.51783,0,0,1
A,72,.,.,.,LYS,CD,A,72,.,.,.,LYS,NZ,542,544,9.23971,7.25115,2.50446,0,0,0
A,72,.,.,.,LYS,CD,A,84,.,.,.,GLN,CD,542,638,3.00949,0,3.75514,-0.951146,5,0
A,72,.,.,.,LYS,CD,A,84,.,.,.,GLN,OE1,542,639,1.05652,0.026401,3.80049,-0.452927,5,0
A,72,.,.,.,LYS,CD,A,84,.,.,.,GLN,NE2,542,640,7.3361,4.28558,3.69542,-0.121996,5,0
A,72,.,.,.,LYS,CE,A,72,.,.,.,LYS,NZ,543,544,21.2519,9.82356,1.49823,0,0,1
A,72,.,.,.,LYS,CE,A,84,.,.,.,GLN,CG,543,637,0.00457783,0.052647,5.06124,0.0014704,5,0
A,72,.,.,.,LYS,CE,A,84,.,.,.,GLN,CD,543,638,0.0597533,0,4.24791,-0.0525589,5,0
A,72,.,.,.,LYS,CE,A,84,.,.,.,GLN,OE1,543,639,9.24354,3.88159,3.83287,-3.2931,5,0
A,72,.,.,.,LYS,CE,A,86,.,.,.,VAL,CG2,543,654,8.31152,7.23381,4.28403,2.87684,5,0
A,72,.,.,.,LYS,CE,A,99,.,.,.,GLU,OE1,543,754,0.317161,1.45678,6.05828,-0.417565,5,0
A,72,.,.,.,LYS,NZ,A,84,.,.,.,GLN,OE1,544,639,0.9844,2.60702,4.55514,-0.132281,5,0
A,73,.,.,.,PHE,N,A,73,.,.,.,PHE,CA,545,546,8.00666,0.191812,1.46061,0,0,1
A,73,.,.,.,PHE,N,A,73,.,.,.,PHE,C,545,547,0.643287,0,2.46687,0,0,0
A,73,.,.,.,PHE,N,A,73,.,.,.,PHE,O,545,548,2.90108,0,2.7175,0,0,0
A,73,.,.,.,PHE,N,A,73,.,.,.,PHE,CB,545,549,1.1043,0,2.46915,0,0,0
A,73,.,.,.,PHE,N,A,73,.,.,.,PHE,CD1,545,551,2.85794,0,3.16378,0,0,0
A,73,.,.,.,PHE,N,A,84,.,.,.,GLN,CG,545,637,2.56901,0.177742,4.69372,3.58767,5,0
A,73,.,.,.,PHE,N,A,85,.,.,.,THR,N,545,641,0.346164,0,4.2275,0.452322,5,0
A,73,.,.,.,PHE,N,A,85,.,.,.,THR,O,545,644,4.51755,0,2.87359,-5.16185,5,0
A,73,.,.,.,PHE,CA,A,73,.,.,.,PHE,C,546,547,9.4705,1.418,1.5173,0,0,1
A,73,.,.,.,PHE,CA,A,73,.,.,.,PHE,O,546,548,0.23425,0,2.39352,0,0,0
A,73,.,.,.,PHE,CA,A,73,.,.,.,PHE,CB,546,549,11.2991,2.11235,1.52472,0,0,1
A,73,.,.,.,PHE,CA,A,73,.,.,.,PHE,CG,546,550,0.682593,0,2.56718,0,0,0
A,73,.,.,.,PHE,CA,A,73,.,.,.,PHE,CD1,546,551,0.163825,0,3.26617,0,0,0
A,73,.,.,.,PHE,CA,A,74,.,.,.,GLU,N,546,556,6.3106,4.09982,2.44575,0,1,0
A,73,.,.,.,PHE,CA,A,84,.,.,.,GLN,CG,546,637,0.14458,0.470361,5.41165,0.101209,5,0
A,73,.,.,.,PHE,C,A,73,.,.,.,PHE,O,547,548,9.14385,0,1.23951,0,0,1
A,73,.,.,.,PHE,C,A,73,.,.,.,PHE,CB,547,549,0.954019,0,2.48756,0,0,0
A,73,.,.,.,PHE,C,A,73,.,.,.,PHE,CG,547,550,0.869254,0,2.98623,0,0,0
A,73,.,.,.,PHE,C,A,73,.,.,.,PHE,CD2,547,552,1.82726,0,3.37481,0,0,0
A,73,.,.,.,PHE,C,A,74,.,.,.,GLU,N,547,556,8.94964,1.78192,1.35333,0,1,1
A,73,.,.,.,PHE,C,A,74,.,.,.,GLU,CA,547,557,2.2188,0.375785,2.42834,0,1,0
A,73,.,.,.,PHE,C,A,74,.,.,.,GLU,C,547,558,0.554473,0,3.19939,0,1,0
A,73,.,.,.,PHE,C,A,75,.,.,.,GLU,N,547,565,0.0525055,0,3.71736,0.119643,2,0
A,73,.,.,.,PHE,C,A,84,.,.,.,GLN,CA,547,633,0.398119,0.353301,4.51831,0.383566,5,0
A,73,.,.,.,PHE,C,A,84,.,.,.,GLN,CG,547,637,1.45369,1.52536,5.00881,-0.335285,5,0
A,73,.,.,.,PHE,O,A,73,.,.,.,PHE,CG,548,550,0.492714,0,3.40611,0,0,0
A,73,.,.,.,PHE,O,A,73,.,.,.,PHE,CD1,548,551,0.476954,0,3.91409,0,0,0
A,73,.,.,.,PHE,O,A,73,.,.,.,PHE,CD2,548,552,0.980967,0,3.69903,0,0,0
A,73,.,.,.,PHE,O,A,74,.,.,.,GLU,CA,548,557,2.63241,0,2.7754,0,1,0
A,73,.,.,.,PHE,O,A,74,.,.,.,GLU,C,548,558,0.00352856,0,3.39427,0,1,0
A,73,.,.,.,PHE,O,A,75,.,.,.,GLU,N,548,565,2.2468,0,3.45958,2.76404,2,0
A,73,.,.,.,PHE,O,A,83,.,.,.,THR,O,548,628,1.76573,0,3.37609,0.862328,5,0
A,73,.,.,.,PHE,O,A,84,.,.,.,GLN,CA,548,633,4.24735,0,3.46138,-2.06172,5,0
A,73,.,.,.,PHE,O,A,84,.,.,.,GLN,CG,548,637,1.19377,0,4.27524,0.272989,5,0
A,73,.,.,.,PHE,O,A,85,.,.,.,THR,N,548,641,5.22879,0,2.86919,-6.22482,5,0
A,73,.,.,.,PHE,O,A,85,.,.,.,THR,CA,548,642,0.00399843,0,3.80773,0.00140949,5,0
A,73,.,.,.,PHE,O,A,85,.,.,.,THR,O,548,644,0.737636,0,3.52716,0.360238,5,0
A,73,.,.,.,PHE,O,A,85,.,.,.,THR,CB,548,645,2.50404,0,3.96386,-1.8996,5,0
A,73,.,.,.,PHE,CB,A,73,.,.,.,PHE,CG,549,550,8.06947,0,1.53221,0,0,1
A,73,.,.,.,PHE,CB,A,73,.,.,.,PHE,CD1,549,551,3.90013,0,2.52198,0,0,0
A,73,.,.,.,PHE,CB,A,73,.,.,.,PHE,CD2,549,552,6.37342,2.28684,2.5651,0,0,0
A,73,.,.,.,PHE,CB,A,74,.,.,.,GLU,N,549,556,4.90026,2.70004,3.10321,0,1,0
A,73,.,.,.,PHE,CB,A,74,.,.,.,GLU,O,549,559,0.236671,0.574411,4.73843,0,1,0
A,73,.,.,.,PHE,CG,A,73,.,.,.,PHE,CD1,550,551,7.84584,0,1.37956,0,0,1
A,73,.,.,.,PHE,CG,A,73,.,.,.,PHE,CD2,550,552,8.38361,0,1.40513,0,0,1
A,73,.,.,.,PHE,CG,A,85,.,.,.,THR,CB,550,645,0.00398773,0,4.74927,-0.0048602,5,0
A,73,.,.,.,PHE,CD1,A,73,.,.,.,PHE,CD2,551,552,0.828767,0,2.39093,0,0,0
A,73,.,.,.,PHE,CD1,A,73,.,.,.,PHE,CE1,551,553,11.06,0,1.39313,0,0,1
A,73,.,.,.,PHE,CD1,A,73,.,.,.,PHE,CE2,551,554,0.0599508,0,2.75636,0,0,0
A,73,.,.,.,PHE,CD1,A,73,.,.,.,PHE,CZ,551,555,0.238234,0,2.38716,0,0,0
A,73,.,.,.,PHE,CD1,A,85,.,.,.,THR,O,551,644,4.09873,0,3.17255,-0.901667,5,0
A,73,.,.,.,PHE,CD1,A,85,.,.,.,THR,CB,551,645,0.855122,0,4.26355,-0.587228,5,0
A,73,.,.,.,PHE,CD1,A,86,.,.,.,VAL,CA,551,649,0.268164,0,4.71992,-0.0613734,5,0
A,73,.,.,.,PHE,CD2,A,73,.,.,.,PHE,CE2,552,554,14.5294,1.4115,1.38919,0,0,1
A,73,.,.,.,PHE,CD2,A,73,.,.,.,PHE,CZ,552,555,8.03302e-05,0,2.41075,0,0,0
A,73,.,.,.,PHE,CD2,A,74,.,.,.,GLU,N,552,556,0.821491,0,3.7745,0,1,0
A,73,.,.,.,PHE,CD2,A,74,.,.,.,GLU,C,552,558,2.20387,0,3.77019,0,1,0
A,73,.,.,.,PHE,CD2,A,74,.,.,.,GLU,O,552,559,6.72097,3.67024,3.69442,0,1,0
A,73,.,.,.,PHE,CD2,A,75,.,.,.,GLU,N,552,565,1.16853,0,4.00595,0.674639,2,0
A,73,.,.,.,PHE,CD2,A,75,.,.,.,GLU,CA,552,566,0.748275,0,4.30965,0.105318,2,0
A,73,.,.,.,PHE,CD2,A,75,.,.,.,GLU,CB,552,569,0.175037,0,4.32312,-0.00995358,2,0
A,73,.,.,.,PHE,CD2,A,85,.,.,.,THR,CB,552,645,0.535824,0,4.68731,-0.36796,5,0
A,73,.,.,.,PHE,CE1,A,73,.,.,.,PHE,CZ,553,555,9.5696,0,1.39963,0,0,1
A,73,.,.,.,PHE,CE1,A,85,.,.,.,THR,C,553,643,0.87631,0,3.89222,-0.180062,5,0
A,73,.,.,.,PHE,CE1,A,85,.,.,.,THR,O,553,644,0.820256,0,3.48147,0.0630629,5,0
A,73,.,.,.,PHE,CE1,A,85,.,.,.,THR,CB,553,645,1.80032,0,3.74036,-1.13086,5,0
A,73,.,.,.,PHE,CE1,A,85,.,.,.,THR,CG2,553,647,3.17281,0,3.58025,-3.07763,5,0
A,73,.,.,.,PHE,CE1,A,86,.,.,.,VAL,CA,553,649,2.60288,0,4.39571,-1.07609,5,0
A,73,.,.,.,PHE,CE1,A,86,.,.,.,VAL,C,553,650,0.0309044,0,4.70803,-0.0187164,5,0
A,73,.,.,.,PHE,CE1,A,87,.,.,.,CYS,N,553,655,3.20806,0,4.47085,0.0304486,5,0
A,73,.,.,.,PHE,CE1,A,87,.,.,.,CYS,CB,553,659,0.0276154,0,5.06418,-0.0348523,5,0
A,73,.,.,.,PHE,CE1,A,87,.,.,.,CYS,SG,553,660,2.90858,0,4.33281,-4.41379,5,0
A,73,.,.,.,PHE,CE2,A,73,.,.,.,PHE,CZ,554,555,11.6317,0,1.39231,0,0,1
A,73,.,.,.,PHE,CE2,A,74,.,.,.,GLU,O,554,559,0.133218,0.364592,4.37482,0,1,0
A,73,.,.,.,PHE,CE2,A,75,.,.,.,GLU,CA,554,566,2.33384,0.264552,4.17948,-0.236626,2,0
A,73,.,.,.,PHE,CE2,A,75,.,.,.,GLU,CB,554,569,5.20042,0,3.78562,-3.02639,2,0
A,73,.,.,.,PHE,CE2,A,75,.,.,.,GLU,CG,554,570,2.33901,0,4.27239,-1.02846,2,0
A,73,.,.,.,PHE,CE2,A,85,.,.,.,THR,CB,554,645,1.21437,0,4.21551,-1.02781,5,0
A,73,.,.,.,PHE,CZ,A,75,.,.,.,GLU,CB,555,569,0.306918,0,4.44142,-0.13345,2,0
A,73,.,.,.,PHE,CZ,A,75,.,.,.,GLU,CG,555,570,0.267045,0,4.8069,-0.131493,2,0
A,73,.,.,.,PHE,CZ,A,75,.,.,.,GLU,CD,555,571,1.00564,0,4.97496,-0.862336,2,0
A,73,.,.,.,PHE,CZ,A,75,.,.,.,GLU,OE1,555,572,0.232686,0,4.70685,-0.0391742,2,0
A,73,.,.,.,PHE,CZ,A,85,.,.,.,THR,CB,555,645,2.42122,0,3.7045,-1.68261,5,0
A,73,.,.,.,PHE,CZ,A,85,.,.,.,THR,CG2,555,647,5.20867,0,3.52233,-5.36946,5,0
A,73,.,.,.,PHE,CZ,A,87,.,.,.,CYS,SG,555,660,1.92464,0,4.46514,-2.90365,5,0
A,73,.,.,.,PHE,CZ,A,96,.,.,.,GLN,NE2,555,727,0.0771752,0,5.4683,-0.0315595,5,0
A,74,.,.,.,GLU,N,A,74,.,.,.,GLU,CA,556,557,8.63133,0.857747,1.43988,0,0,1
A,74,.,.,.,GLU,N,A,74,.,.,.,GLU,C,556,558,1.08978,0,2.45338,0,0,0
A,74,.,.,.,GLU,N,A,74,.,.,.,GLU,O,556,559,2.53847,1.24494,3.02823,0,0,0
A,74,.,.,.,GLU,N,A,74,.,.,.,GLU,CB,556,560,9.06398,6.73394,2.47283,0,0,0
A,74,.,.,.,GLU,CA,A,74,.,.,.,GLU,C,557,558,6.08899,0,1.52158,0,0,1
A,74,.,.,.,GLU,CA,A,74,.,.,.,GLU,O,557,559,0.629666,0,2.43303,0,0,0
A,74,.,.,.,GLU,CA,A,74,.,.,.,GLU,CB,557,560,11.4116,2.5488,1.5572,0,0,1
A,74,.,.,.,GLU,CA,A,74,.,.,.,GLU,CG,557,561,2.34256,0,2.50495,0,0,0
A,74,.,.,.,GLU,CA,A,75,.,.,.,GLU,N,557,565,2.28424,0,2.40575,0,1,0
A,74,.,.,.,GLU,CA,A,83,.,.,.,THR,O,557,628,5.23768,0.392263,3.33158,0.539177,5,0
A,74,.,.,.,GLU,CA,A,84,.,.,.,GLN,CA,557,633,1.76891,1.84353,4.92133,2.31732,5,0
A,74,.,.,.,GLU,C,A,74,.,.,.,GLU,O,558,559,7.73954,0,1.25905,0,0,1
A,74,.,.,.,GLU,C,A,74,.,.,.,GLU,CB,558,560,0.705484,0,2.48596,0,0,0
A,74,.,.,.,GLU,C,A,74,.,.,.,GLU,CG,558,561,2.98032,0,2.85672,0,0,0
A,74,.,.,.,GLU,C,A,75,.,.,.,GLU,N,558,565,6.97907,0,1.32483,0,1,1
A,74,.,.,.,GLU,C,A,75,.,.,.,GLU,CA,558,566,1.86861,0,2.41928,0,1,0
A,74,.,.,.,GLU,C,A,75,.,.,.,GLU,C,558,567,0.382551,0,3.34384,0,1,0
A,74,.,.,.,GLU,O,A,74,.,.,.,GLU,CB,559,560,4.79253,2.4259,2.94204,0,0,0
A,74,.,.,.,GLU,O,A,74,.,.,.,GLU,CG,559,561,1.69745,0,3.31823,0,0,0
A,74,.,.,.,GLU,O,A,74,.,.,.,GLU,OE2,559,564,2.98842,2.87834,4.18521,0,0,0
A,74,.,.,.,GLU,O,A,75,.,.,.,GLU,CA,559,566,6.20027,1.8798,2.78123,0,1,0
A,74,.,.,.,GLU,O,A,75,.,.,.,GLU,C,559,567,0.0438642,0,3.65124,0,1,0
A,74,.,.,.,GLU,O,A,76,.,.,.,THR,N,559,574,2.92147,2.20783,4.02557,4.15308,2,0
A,74,.,.,.,GLU,O,A,76,.,.,.,THR,OG1,559,579,0.211563,0.513266,5.2845,0.138889,2,0
A,74,.,.,.,GLU,CB,A,74,.,.,.,GLU,CG,560,561,11.8792,2.24524,1.50039,0,0,1
A,74,.,.,.,GLU,CB,A,74,.,.,.,GLU,CD,560,562,5.49143,2.19415,2.50582,0,0,0
A,74,.,.,.,GLU,CB,A,74,.,.,.,GLU,OE1,560,563,5.13439,4.75403,3.06819,0,0,0
A,74,.,.,.,GLU,CB,A,74,.,.,.,GLU,OE2,560,564,1.51627,1.54447,3.27926,0,0,0
A,74,.,.,.,GLU,CB,A,83,.,.,.,THR,O,560,628,0.0801397,0.338777,4.24357,0.0199431,5,0
A,74,.,.,.,GLU,CG,A,74,.,.,.,GLU,CD,561,562,9.39866,0,1.50968,0,0,1
A,74,.,.,.,GLU,CG,A,74,.,.,.,GLU,OE1,561,563,4.83772,2.33196,2.33324,0,0,0
A,74,.,.,.,GLU,CG,A,74,.,.,.,GLU,OE2,561,564,3.52373,0,2.36921,0,0,0
A,74,.,.,.,GLU,CG,A,75,.,.,.,GLU,N,561,565,1.58009,0,3.49411,0,1,0
A,74,.,.,.,GLU,CG,A,75,.,.,.,GLU,C,561,567,2.43062,0,4.45309,0,1,0
A,74,.,.,.,GLU,CG,A,75,.,.,.,GLU,O,561,568,1.06849,0,4.45835,0,1,0
A,74,.,.,.,GLU,CG,A,76,.,.,.,THR,N,561,574,0.409005,0,4.99711,0.490221,2,0
A,74,.,.,.,GLU,CG,A,76,.,.,.,THR,OG1,561,579,1.01625,0,5.09285,-0.0206671,2,0
A,74,.,.,.,GLU,CG,A,82,.,.,.,LYS,CA,561,617,0.458171,0,4.93698,0.218998,5,0
A,74,.,.,.,GLU,CG,A,82,.,.,.,LYS,C,561,618,1.35485,0.703905,5.00396,0.425633,5,0
A,74,.,.,.,GLU,CG,A,82,.,.,.,LYS,CB,561,620,7.24747,1.34689,4.42385,-2.65887,5,0
A,74,.,.,.,GLU,CG,A,82,.,.,.,LYS,CG,561,621,0.106349,0,5.06371,-0.0444338,5,0
A,74,.,.,.,GLU,CG,A,82,.,.,.,LYS,CD,561,622,0.15766,0,4.90464,-0.0932617,5,0
A,74,.,.,.,GLU,CG,A,83,.,.,.,THR,N,561,625,0.587029,0,4.978,0.945992,5,0
A,74,.,.,.,GLU,CG,A,83,.,.,.,THR,C,561,627,0.0577346,0.458278,5.11548,0.0258497,5,0
A,74,.,.,.,GLU,CG,A,83,.,.,.,THR,O,561,628,3.50893,0.941359,4.10918,2.79026,5,0
A,74,.,.,.,GLU,CD,A,74,.,.,.,GLU,OE1,562,563,14.5991,2.72858,1.27538,0,0,1
A,74,.,.,.,GLU,CD,A,74,.,.,.,GLU,OE2,562,564,15.4306,3.12218,1.22448,0,0,1
A,74,.,.,.,GLU,CD,A,82,.,.,.,LYS,CB,562,620,1.04229,0,4.53644,-0.379258,5,0
A,74,.,.,.,GLU,CD,A,82,.,.,.,LYS,CD,562,622,4.20945,0,4.24373,-5.23849,5,0
A,74,.,.,.,GLU,OE1,A,74,.,.,.,GLU,OE2,563,564,1.13477,2.86425,2.23388,0,0,0
A,74,.,.,.,GLU,OE1,A,82,.,.,.,LYS,CB,563,620,2.06041,2.11143,4.75239,-0.310186,5,0
A,74,.,.,.,GLU,OE1,A,82,.,.,.,LYS,CD,563,622,4.06928,3.80822,4.45915,-4.29935,5,0
A,74,.,.,.,GLU,OE2,A,76,.,.,.,THR,N,564,574,0.0126895,0,5.27329,0.0106144,2,0
A,74,.,.,.,GLU,OE2,A,76,.,.,.,THR,OG1,564,579,6.75907,3.06422,4.12619,-2.89711,2,0
A,74,.,.,.,GLU,OE2,A,82,.,.,.,LYS,CD,564,622,4.0568,1.31895,4.12146,-3.66863,5,0
A,74,.,.,.,GLU,OE2,A,82,.,.,.,LYS,NZ,564,624,3.99483,3.0384,4.38256,-5.62301,5,0
A,75,.,.,.,GLU,N,A,75,.,.,.,GLU,CA,565,566,6.9676,0,1.4397,0,0,1
A,75,.,.,.,GLU,N,A,75,.,.,.,GLU,C,565,567,1.15516,0,2.44682,0,0,0
A,75,.,.,.,GLU,N,A,75,.,.,.,GLU,O,565,568,1.57796,0,2.86204,0,0,0
A,75,.,.,.,GLU,N,A,75,.,.,.,GLU,CB,565,569,3.81142,0,2.42988,0,0,0
A,75,.,.,.,GLU,N,A,83,.,.,.,THR,N,565,625,3.0638e-05,0,4.3385,5.10338e-05,5,0
A,75,.,.,.,GLU,N,A,83,.,.,.,THR,O,565,628,5.62604,0,2.88162,-3.69661,5,0
A,75,.,.,.,GLU,N,A,85,.,.,.,THR,CB,565,645,0.394765,0,4.87069,0.37684,5,0
A,75,.,.,.,GLU,CA,A,75,.,.,.,GLU,C,566,567,6.68248,0,1.50195,0,0,1
A,75,.,.,.,GLU,CA,A,75,.,.,.,GLU,O,566,568,0.723175,0,2.36959,0,0,0
A,75,.,.,.,GLU,CA,A,75,.,.,.,GLU,CB,566,569,8.40831,0,1.52651,0,0,1
A,75,.,.,.,GLU,CA,A,75,.,.,.,GLU,CG,566,570,3.41273,0,2.55928,0,0,0
A,75,.,.,.,GLU,CA,A,76,.,.,.,THR,N,566,574,5.66953,1.51184,2.42682,0,1,0
A,75,.,.,.,GLU,CA,A,83,.,.,.,THR,O,566,628,0.000214305,0,3.87768,0.000242786,5,0
A,75,.,.,.,GLU,C,A,75,.,.,.,GLU,O,567,568,8.66516,0,1.2431,0,0,1
A,75,.,.,.,GLU,C,A,75,.,.,.,GLU,CB,567,569,1.38106,0,2.45135,0,0,0
A,75,.,.,.,GLU,C,A,75,.,.,.,GLU,CG,567,570,1.92338,0,3.00127,0,0,0
A,75,.,.,.,GLU,C,A,76,.,.,.,THR,N,567,574,8.2036,0,1.32636,0,1,1
A,75,.,.,.,GLU,C,A,76,.,.,.,THR,CA,567,575,1.86479,0,2.42791,0,1,0
A,75,.,.,.,GLU,C,A,76,.,.,.,THR,C,567,576,0.568176,0,3.20567,0,1,0
A,75,.,.,.,GLU,C,A,76,.,.,.,THR,OG1,567,579,0.274268,0,3.8397,0,1,0
A,75,.,.,.,GLU,C,A,77,.,.,.,THR,N,567,581,0.257789,0,3.80169,0.589043,2,0
A,75,.,.,.,GLU,C,A,77,.,.,.,THR,CG2,567,587,0.122514,0,4.80954,-0.000313636,2,0
A,75,.,.,.,GLU,C,A,82,.,.,.,LYS,CB,567,620,0.089522,0,5.13441,0.0159023,5,0
A,75,.,.,.,GLU,C,A,82,.,.,.,LYS,CG,567,621,0.00035833,0,5.44096,-3.91805e-06,5,0
A,75,.,.,.,GLU,O,A,75,.,.,.,GLU,CB,568,569,1.63664,0,2.98307,0,0,0
A,75,.,.,.,GLU,O,A,75,.,.,.,GLU,CG,568,570,0.0119101,0,3.65223,0,0,0
A,75,.,.,.,GLU,O,A,76,.,.,.,THR,CA,568,575,2.78244,0,2.78244,0,1,0
A,75,.,.,.,GLU,O,A,77,.,.,.,THR,N,568,581,0.615971,0,3.73567,0.875646,2,0
A,75,.,.,.,GLU,O,A,77,.,.,.,THR,CG2,568,587,2.36112,0,4.31099,0.734054,2,0
A,75,.,.,.,GLU,O,A,81,.,.,.,ARG,O,568,608,2.33843,0,3.27549,2.08656,5,0
A,75,.,.,.,GLU,O,A,82,.,.,.,LYS,CA,568,617,4.48471,0,3.34977,-0.104708,5,0
A,75,.,.,.,GLU,O,A,82,.,.,.,LYS,CB,568,620,0.141639,0,4.26631,-0.012714,5,0
A,75,.,.,.,GLU,O,A,83,.,.,.,THR,N,568,625,5.74936,0,2.87442,-4.09829,5,0
A,75,.,.,.,GLU,O,A,83,.,.,.,THR,O,568,628,0.506116,0,3.63697,0.548792,5,0
A,75,.,.,.,GLU,O,A,83,.,.,.,THR,CB,568,629,0.0598287,0,4.17993,-0.0219505,5,0
A,75,.,.,.,GLU,O,A,83,.,.,.,THR,OG1,568,630,1.89128,0,3.5692,0.943742,5,0
A,75,.,.,.,GLU,O,A,83,.,.,.,THR,CG2,568,631,0.166141,0,4.53062,0.147282,5,0
A,75,.,.,.,GLU,CB,A,75,.,.,.,GLU,CG,569,570,10.5013,0,1.51374,0,0,1
A,75,.,.,.,GLU,CB,A,75,.,.,.,GLU,CD,569,571,1.06931,0,2.56585,0,0,0
A,75,.,.,.,GLU,CB,A,75,.,.,.,GLU,OE1,569,572,2.42889,0,2.83572,0,0,0
A,75,.,.,.,GLU,CB,A,77,.,.,.,THR,CG2,569,587,0.301896,0,4.94551,0.0703074,2,0
A,75,.,.,.,GLU,CB,A,83,.,.,.,THR,O,569,628,0.593285,0,4.12156,0.147641,5,0
A,75,.,.,.,GLU,CB,A,83,.,.,.,THR,OG1,569,630,4.72412,0,3.54255,-0.717302,5,0
A,75,.,.,.,GLU,CB,A,85,.,.,.,THR,CB,569,645,4.19943,0,3.98485,-1.63404,5,0
A,75,.,.,.,GLU,CB,A,85,.,.,.,THR,OG1,569,646,2.69529,0,3.39692,-0.409248,5,0
A,75,.,.,.,GLU,CG,A,75,.,.,.,GLU,CD,570,571,11.1723,0,1.52564,0,0,1
A,75,.,.,.,GLU,CG,A,75,.,.,.,GLU,OE2,570,573,3.96019,0.233795,2.37032,0,0,0
A,75,.,.,.,GLU,CG,A,76,.,.,.,THR,N,570,574,2.8838,0,3.43763,0,1,0
A,75,.,.,.,GLU,CG,A,76,.,.,.,THR,C,570,576,1.85635,0,4.00211,0,1,0
A,75,.,.,.,GLU,CG,A,76,.,.,.,THR,O,570,577,5.09228,0.561887,3.91539,0,1,0
A,75,.,.,.,GLU,CG,A,77,.,.,.,THR,N,570,581,0.24962,0,4.39528,0.299187,2,0
A,75,.,.,.,GLU,CG,A,77,.,.,.,THR,CA,570,582,0.874889,0,4.70967,0.707253,2,0
A,75,.,.,.,GLU,CG,A,77,.,.,.,THR,CG2,570,587,2.26427,0,4.41563,-0.908929,2,0
A,75,.,.,.,GLU,CD,A,75,.,.,.,GLU,OE1,571,572,9.28033,0,1.25901,0,0,1
A,75,.,.,.,GLU,CD,A,75,.,.,.,GLU,OE2,571,573,8.92892,0,1.24968,0,0,1
A,75,.,.,.,GLU,CD,A,77,.,.,.,THR,CA,571,582,0.00103885,0,4.81771,-7.94515e-05,2,0
A,75,.,.,.,GLU,CD,A,77,.,.,.,THR,CG2,571,587,3.00323,0,4.11819,-1.09146,2,0
A,75,.,.,.,GLU,CD,A,83,.,.,.,THR,OG1,571,630,0.275807,0,4.26654,-0.309965,5,0
A,75,.,.,.,GLU,CD,A,96,.,.,.,GLN,NE2,571,727,2.6095,0,3.22513,0.788597,5,0
A,75,.,.,.,GLU,CD,A,98,.,.,.,GLN,NE2,571,746,1.59626,0,3.51206,-1.58813,5,0
A,75,.,.,.,GLU,OE1,A,77,.,.,.,THR,CG2,572,587,0.00768628,0,4.48268,-0.000906197,2,0
A,75,.,.,.,GLU,OE1,A,83,.,.,.,THR,OG1,572,630,1.36214,0,3.7242,-0.583848,5,0
A,75,.,.,.,GLU,OE1,A,85,.,.,.,THR,CB,572,645,0.886584,0,3.51631,-0.567707,5,0
A,75,.,.,.,GLU,OE1,A,85,.,.,.,THR,OG1,572,646,3.48391,0,2.7776,-1.49329,5,0
A,75,.,.,.,GLU,OE1,A,85,.,.,.,THR,CG2,572,647,4.41881,0,3.40965,0.498146,5,0
A,75,.,.,.,GLU,OE1,A,96,.,.,.,GLN,NE2,572,727,4.48424,0,2.84823,-1.74076,5,0
A,75,.,.,.,GLU,OE1,A,98,.,.,.,GLN,CG,572,743,1.74613,0,3.79738,0.321525,5,0
A,75,.,.,.,GLU,OE1,A,98,.,.,.,GLN,NE2,572,746,4.17725,0,2.97909,-1.62159,5,0
A,75,.,.,.,GLU,OE2,A,76,.,.,.,THR,O,573,577,1.05674,1.32962,4.51466,0,1,0
A,75,.,.,.,GLU,OE2,A,77,.,.,.,THR,CA,573,582,4.77407,2.65346,4.37959,4.22907,2,0
A,75,.,.,.,GLU,OE2,A,77,.,.,.,THR,CB,573,585,1.28942,1.34175,4.64052,-0.825653,2,0
A,75,.,.,.,GLU,OE2,A,77,.,.,.,THR,CG2,573,587,2.14837,0,4.07417,-0.253288,2,0
A,75,.,.,.,GLU,OE2,A,96,.,.,.,GLN,NE2,573,727,6.26941,1.90703,3.00256,-2.43376,5,0
A,75,.,.,.,GLU,OE2,A,98,.,.,.,GLN,NE2,573,746,4.10919,1.54513,3.50236,0.60406,5,0
A,75,.,.,.,GLU,OE2,A,107,.,.,.,ILE,CD1,573,820,0.0278845,0.288521,5.78788,0.00578182,5,0
A,76,.,.,.,THR,N,A,76,.,.,.,THR,CA,574,575,6.52056,0,1.45233,0,0,1
A,76,.,.,.,THR,N,A,76,.,.,.,THR,C,574,576,1.3878,0,2.39496,0,0,0
A,76,.,.,.,THR,N,A,76,.,.,.,THR,O,574,577,3.0406,1.45458,2.88519,0,0,0
A,76,.,.,.,THR,N,A,76,.,.,.,THR,CB,574,578,5.98858,3.03807,2.47287,0,0,0
A,76,.,.,.,THR,N,A,76,.,.,.,THR,OG1,574,579,3.75351,0.746826,2.89384,0,0,0
A,76,.,.,.,THR,CA,A,76,.,.,.,THR,C,575,576,5.96997,0,1.54588,0,0,1
A,76,.,.,.,THR,CA,A,76,.,.,.,THR,O,575,577,0.45975,0,2.41542,0,0,0
A,76,.,.,.,THR,CA,A,76,.,.,.,THR,CB,575,578,8.67161,0,1.52447,0,0,1
A,76,.,.,.,THR,CA,A,76,.,.,.,THR,OG1,575,579,1.32681,0,2.42856,0,0,0
A,76,.,.,.,THR,CA,A,76,.,.,.,THR,CG2,575,580,1.8349,0,2.49861,0,0,0
A,76,.,.,.,THR,CA,A,77,.,.,.,THR,N,575,581,2.20403,0,2.44502,0,1,0
A,76,.,.,.,THR,CA,A,81,.,.,.,ARG,O,575,608,4.03691,0,3.24365,-1.98838,5,0
A,76,.,.,.,THR,CA,A,82,.,.,.,LYS,CA,575,617,0.703217,0,4.66987,0.501181,5,0
A,76,.,.,.,THR,CA,A,82,.,.,.,LYS,CB,575,620,0.0049669,0,5.24155,0.00352935,5,0
A,76,.,.,.,THR,CA,A,82,.,.,.,LYS,CG,575,621,1.05151,0,4.87367,0.388471,5,0
A,76,.,.,.,THR,C,A,76,.,.,.,THR,O,576,577,7.82851,0,1.20682,0,0,1
A,76,.,.,.,THR,C,A,76,.,.,.,THR,CB,576,578,1.10773,0,2.55293,0,0,0
A,76,.,.,.,THR,C,A,76,.,.,.,THR,CG2,576,580,2.39226,0,3.01253,0,0,0
A,76,.,.,.,THR,C,A,77,.,.,.,THR,N,576,581,7.27351,0,1.31312,0,1,1
A,76,.,.,.,THR,C,A,77,.,.,.,THR,CA,576,582,1.4565,0,2.41756,0,1,0
A,76,.,.,.,THR,C,A,77,.,.,.,THR,C,576,583,0.284272,0,3.18851,0,1,0
A,76,.,.,.,THR,C,A,77,.,.,.,THR,O,576,584,0.920434,0,3.2978,0,1,0
A,76,.,.,.,THR,O,A,76,.,.,.,THR,CB,577,578,5.35271,3.43378,3.05854,0,0,0
A,76,.,.,.,THR,O,A,76,.,.,.,THR,CG2,577,580,1.54083,1.35773,3.56515,0,0,0
A,76,.,.,.,THR,O,A,77,.,.,.,THR,CA,577,582,5.49178,1.1508,2.69418,0,1,0
A,76,.,.,.,THR,O,A,77,.,.,.,THR,C,577,583,3.3964,0.649106,3.23881,0,1,0
A,76,.,.,.,THR,O,A,77,.,.,.,THR,O,577,584,1.00433,0.845992,3.48731,0,1,0
A,76,.,.,.,THR,O,A,78,.,.,.,ALA,N,577,588,0.00731905,0,4.15994,0.0061051,2,0
A,76,.,.,.,THR,CB,A,76,.,.,.,THR,OG1,578,579,14.896,4.88364,1.42531,0,0,1
A,76,.,.,.,THR,CB,A,76,.,.,.,THR,CG2,578,580,17.2905,5.08735,1.48634,0,0,1
A,76,.,.,.,THR,CB,A,81,.,.,.,ARG,O,578,608,0.00117097,0,4.13056,-0.000608689,5,0
A,76,.,.,.,THR,CB,A,82,.,.,.,LYS,CG,578,621,0.680423,0,4.86805,-0.114027,5,0
A,76,.,.,.,THR,CB,A,82,.,.,.,LYS,NZ,578,624,0.00977139,0.0807511,3.82261,-0.00156275,5,0
A,76,.,.,.,THR,OG1,A,76,.,.,.,THR,CG2,579,580,0.845517,0,2.38185,0,0,0
A,76,.,.,.,THR,OG1,A,82,.,.,.,LYS,CB,579,620,0.0192134,0,4.95437,0.00299796,5,0
A,76,.,.,.,THR,OG1,A,82,.,.,.,LYS,CG,579,621,2.14599,0,4.16611,-0.414173,5,0
A,76,.,.,.,THR,OG1,A,82,.,.,.,LYS,CD,579,622,1.32113,0,4.05942,-0.594256,5,0
A,76,.,.,.,THR,OG1,A,82,.,.,.,LYS,NZ,579,624,10.1612,3.15584,2.78824,-2.91987,5,0
A,76,.,.,.,THR,CG2,A,77,.,.,.,THR,N,580,581,1.39297,0,3.60903,0,1,0
A,76,.,.,.,THR,CG2,A,77,.,.,.,THR,O,580,584,6.37274,3.15699,3.95008,0,1,0
A,76,.,.,.,THR,CG2,A,80,.,.,.,GLY,CA,580,602,8.75451,4.12889,4.46083,-4.39033,4,0
A,76,.,.,.,THR,CG2,A,80,.,.,.,GLY,C,580,603,1.00119,0,4.66769,-0.593668,4,0
A,76,.,.,.,THR,CG2,A,80,.,.,.,GLY,O,580,604,2.00605,0.470483,4.72492,0.186151,4,0
A,76,.,.,.,THR,CG2,A,81,.,.,.,ARG,O,580,608,2.16384,0,4.04774,1.24972,5,0
A,76,.,.,.,THR,CG2,A,82,.,.,.,LYS,CG,580,621,1.54933,0,4.9074,-0.650763,5,0
A,76,.,.,.,THR,CG2,A,82,.,.,.,LYS,CE,580,623,2.23543,1.06718,4.57645,0.0847116,5,0
A,76,.,.,.,THR,CG2,A,82,.,.,.,LYS,NZ,580,624,8.39271,4.39349,3.7098,3.38486,5,0
A,77,.,.,.,THR,N,A,77,.,.,.,THR,CA,581,582,6.40971,0,1.45619,0,0,1
A,77,.,.,.,THR,N,A,77,.,.,.,THR,C,581,583,0.208843,0,2.45845,0,0,0
A,77,.,.,.,THR,N,A,77,.,.,.,THR,O,581,584,2.26268,0,2.73037,0,0,0
A,77,.,.,.,THR,N,A,77,.,.,.,THR,CB,581,585,1.48344,0,2.47889,0,0,0
A,77,.,.,.,THR,N,A,77,.,.,.,THR,OG1,581,586,0.675647,0,2.97415,0,0,0
A,77,.,.,.,THR,N,A,77,.,.,.,THR,CG2,581,587,3.35068,0,2.90017,0,0,0
A,77,.,.,.,THR,N,A,80,.,.,.,GLY,CA,581,602,0.695666,0,4.64673,0.637483,3,0
A,77,.,.,.,THR,N,A,80,.,.,.,GLY,C,581,603,0.0457505,0,4.59669,0.0209158,3,0
A,77,.,.,.,THR,N,A,81,.,.,.,ARG,N,581,605,0.392435,0,4.25433,0.600162,4,0
A,77,.,.,.,THR,N,A,81,.,.,.,ARG,O,581,608,4.63464,0,2.93004,-4.69577,4,0
A,77,.,.,.,THR,CA,A,77,.,.,.,THR,C,582,583,7.54956,0,1.53262,0,0,1
A,77,.,.,.,THR,CA,A,77,.,.,.,THR,O,582,584,0.118731,0,2.415,0,0,0
A,77,.,.,.,THR,CA,A,77,.,.,.,THR,CB,582,585,9.56538,0.575932,1.58517,0,0,1
A,77,.,.,.,THR,CA,A,77,.,.,.,THR,OG1,582,586,0.346339,0,2.46608,0,0,0
A,77,.,.,.,THR,CA,A,77,.,.,.,THR,CG2,582,587,2.07624,0,2.57498,0,0,0
A,77,.,.,.,THR,CA,A,78,.,.,.,ALA,N,582,588,5.41233,2.75134,2.42255,0,1,0
A,77,.,.,.,THR,C,A,77,.,.,.,THR,O,583,584,8.93378,0.591199,1.21965,0,0,1
A,77,.,.,.,THR,C,A,77,.,.,.,THR,CB,583,585,1.32071,0,2.54797,0,0,0
A,77,.,.,.,THR,C,A,77,.,.,.,THR,OG1,583,586,1.08796,0,2.87289,0,0,0
A,77,.,.,.,THR,C,A,78,.,.,.,ALA,N,583,588,7.9053,0,1.33247,0,1,1
A,77,.,.,.,THR,C,A,78,.,.,.,ALA,CA,583,589,2.05566,0,2.44439,0,1,0
A,77,.,.,.,THR,C,A,78,.,.,.,ALA,C,583,590,0.1639,0,3.01672,0,1,0
A,77,.,.,.,THR,C,A,79,.,.,.,ASP,N,583,593,1.1765,0,3.18811,1.63743,2,0
A,77,.,.,.,THR,C,A,80,.,.,.,GLY,N,583,601,0.325327,0,3.59715,0.162441,3,0
A,77,.,.,.,THR,O,A,77,.,.,.,THR,OG1,584,586,0.118216,0,3.31289,0,0,0
A,77,.,.,.,THR,O,A,78,.,.,.,ALA,CA,584,589,3.74894,0.84912,2.74649,0,1,0
A,77,.,.,.,THR,O,A,78,.,.,.,ALA,C,584,590,2.51086,0,2.86041,0,1,0
A,77,.,.,.,THR,O,A,78,.,.,.,ALA,O,584,591,1.45711,1.32537,3.49196,0,1,0
A,77,.,.,.,THR,O,A,79,.,.,.,ASP,N,584,593,0.172971,0,3.16039,0.131991,2,0
A,77,.,.,.,THR,O,A,80,.,.,.,GLY,N,584,601,4.12295,0,2.86702,-2.72651,3,0
A,77,.,.,.,THR,O,A,80,.,.,.,GLY,CA,584,602,4.61267,1.25665,3.4345,2.05774,3,0
A,77,.,.,.,THR,CB,A,77,.,.,.,THR,OG1,585,586,8.54218,0,1.41566,0,0,1
A,77,.,.,.,THR,CB,A,77,.,.,.,THR,CG2,585,587,13.1133,0,1.552,0,0,1
A,77,.,.,.,THR,CB,A,78,.,.,.,ALA,N,585,588,6.04366,2.86619,3.04749,0,1,0
A,77,.,.,.,THR,CB,A,79,.,.,.,ASP,N,585,593,0.170412,0,4.24025,0.0962184,2,0
A,77,.,.,.,THR,CB,A,79,.,.,.,ASP,OD1,585,599,3.89124,0.620055,3.39773,-0.841266,2,0
A,77,.,.,.,THR,CB,A,81,.,.,.,ARG,O,585,608,0.219398,0,4.022,-0.114047,4,0
A,77,.,.,.,THR,CB,A,81,.,.,.,ARG,CZ,585,613,0.245203,0,4.07115,-0.187321,4,0
A,77,.,.,.,THR,CB,A,81,.,.,.,ARG,NH2,585,615,5.89318,2.17864,3.62391,0.417839,4,0
A,77,.,.,.,THR,CB,A,98,.,.,.,GLN,NE2,585,746,0.70173,1.58288,4.6914,-0.427806,5,0
A,77,.,.,.,THR,OG1,A,77,.,.,.,THR,CG2,586,587,0.784404,0,2.43794,0,0,0
A,77,.,.,.,THR,OG1,A,79,.,.,.,ASP,N,586,593,0.88328,0,3.63888,0.0809999,2,0
A,77,.,.,.,THR,OG1,A,79,.,.,.,ASP,CA,586,594,0.0251683,0,4.13107,0.00531766,2,0
A,77,.,.,.,THR,OG1,A,79,.,.,.,ASP,CG,586,598,1.77268,0,3.3997,-2.2304,2,0
A,77,.,.,.,THR,OG1,A,79,.,.,.,ASP,OD1,586,599,2.95795,0,2.71365,-1.68501,2,0
A,77,.,.,.,THR,OG1,A,80,.,.,.,GLY,N,586,601,2.49645,0,3.3872,-0.482067,3,0
A,77,.,.,.,THR,OG1,A,80,.,.,.,GLY,CA,586,602,0.0147513,0,4.11291,-0.000944379,3,0
A,77,.,.,.,THR,OG1,A,81,.,.,.,ARG,N,586,605,4.35219,0,2.98257,2.21988,4,0
A,77,.,.,.,THR,OG1,A,81,.,.,.,ARG,CA,586,606,0.24209,0,3.59583,0.0999583,4,0
A,77,.,.,.,THR,OG1,A,81,.,.,.,ARG,O,586,608,0.454221,0,3.6084,0.147202,4,0
A,77,.,.,.,THR,OG1,A,81,.,.,.,ARG,CB,586,609,3.02471,0,3.38154,-1.25713,4,0
A,77,.,.,.,THR,OG1,A,81,.,.,.,ARG,CG,586,610,0.223707,0,4.04194,-0.0383233,4,0
A,77,.,.,.,THR,OG1,A,81,.,.,.,ARG,NE,586,612,1.05327,0,3.61822,-0.670189,4,0
A,77,.,.,.,THR,OG1,A,81,.,.,.,ARG,CZ,586,613,0.714585,0,3.72066,0.358521,4,0
A,77,.,.,.,THR,OG1,A,81,.,.,.,ARG,NH2,586,615,0.240433,0,3.53852,-0.00177818,4,0
A,77,.,.,.,THR,CG2,A,81,.,.,.,ARG,C,587,607,0.177175,0,4.45911,-0.057794,4,0
A,77,.,.,.,THR,CG2,A,81,.,.,.,ARG,O,587,608,2.35189,0,3.85289,0.173457,4,0
A,77,.,.,.,THR,CG2,A,81,.,.,.,ARG,CB,587,609,2.87158,0,4.13114,-1.28992,4,0
A,77,.,.,.,THR,CG2,A,81,.,.,.,ARG,CZ,587,613,2.71177,0,3.8269,-1.57228,4,0
A,77,.,.,.,THR,CG2,A,81,.,.,.,ARG,NH1,587,614,1.19736,0,4.0833,0.0240313,4,0
A,77,.,.,.,THR,CG2,A,81,.,.,.,ARG,NH2,587,615,2.58039,0,3.6759,-0.651563,4,0
A,77,.,.,.,THR,CG2,A,83,.,.,.,THR,OG1,587,630,2.77376,0,4.12153,-2.25488,5,0
A,77,.,.,.,THR,CG2,A,83,.,.,.,THR,CG2,587,631,7.10007,0,3.85549,-7.94015,5,0
A,77,.,.,.,THR,CG2,A,98,.,.,.,GLN,CD,587,744,1.396,0,4.27863,-1.54628,5,0
A,77,.,.,.,THR,CG2,A,98,.,.,.,GLN,OE1,587,745,0.0442298,0,4.49999,-0.0127222,5,0
A,77,.,.,.,THR,CG2,A,98,.,.,.,GLN,NE2,587,746,7.91769,0,3.61506,-2.7167,5,0
A,78,.,.,.,ALA,N,A,78,.,.,.,ALA,CA,588,589,7.87091,0,1.48357,0,0,1
A,78,.,.,.,ALA,N,A,78,.,.,.,ALA,C,588,590,0.00241031,0,2.50494,0,0,0
A,78,.,.,.,ALA,N,A,78,.,.,.,ALA,CB,588,592,8.15627,4.24132,2.48676,0,0,0
A,78,.,.,.,ALA,N,A,79,.,.,.,ASP,N,588,593,1.84337,0,2.82549,0,1,0
A,78,.,.,.,ALA,N,A,79,.,.,.,ASP,OD1,588,599,1.17324,0.219878,3.96295,0,1,0
A,78,.,.,.,ALA,CA,A,78,.,.,.,ALA,C,589,590,6.84433,0,1.49465,0,0,1
A,78,.,.,.,ALA,CA,A,78,.,.,.,ALA,O,589,591,1.81321,0,2.37527,0,0,0
A,78,.,.,.,ALA,CA,A,78,.,.,.,ALA,CB,589,592,9.35755,0,1.54757,0,0,1
A,78,.,.,.,ALA,CA,A,79,.,.,.,ASP,N,589,593,1.26571,0,2.4025,0,1,0
A,78,.,.,.,ALA,C,A,78,.,.,.,ALA,O,590,591,10.0281,0,1.23294,0,0,1
A,78,.,.,.,ALA,C,A,78,.,.,.,ALA,CB,590,592,4.33321,0.708522,2.49162,0,0,0
A,78,.,.,.,ALA,C,A,79,.,.,.,ASP,N,590,593,7.11513,0.104964,1.33617,0,1,1
A,78,.,.,.,ALA,C,A,79,.,.,.,ASP,CA,590,594,2.26129,0.347454,2.41592,0,1,0
A,78,.,.,.,ALA,C,A,80,.,.,.,GLY,N,590,601,1.32845,0,3.26561,0.972027,2,0
A,78,.,.,.,ALA,O,A,78,.,.,.,ALA,CB,591,592,0.362422,0,3.20885,0,0,0
A,78,.,.,.,ALA,O,A,79,.,.,.,ASP,CA,591,594,4.06741,0,2.8009,0,1,0
A,78,.,.,.,ALA,O,A,79,.,.,.,ASP,C,591,595,1.34266,1.12617,3.50908,0,1,0
A,78,.,.,.,ALA,O,A,80,.,.,.,GLY,N,591,601,2.17152,0.198498,3.5803,0.738976,2,0
A,78,.,.,.,ALA,O,A,80,.,.,.,GLY,CA,591,602,0.535069,1.93304,4.65834,0.190481,2,0
A,78,.,.,.,ALA,CB,A,79,.,.,.,ASP,N,592,593,3.99978,0.310433,3.18774,0,1,0
A,78,.,.,.,ALA,CB,A,79,.,.,.,ASP,CB,592,597,1.00797,2.58105,5.06814,0,1,0
A,78,.,.,.,ALA,CB,A,79,.,.,.,ASP,OD1,592,599,2.18155,2.58027,4.74854,0,1,0
A,79,.,.,.,ASP,N,A,79,.,.,.,ASP,CA,593,594,7.35614,0.189897,1.39475,0,0,1
A,79,.,.,.,ASP,N,A,79,.,.,.,ASP,CB,593,597,3.83587,0.221642,2.39464,0,0,0
A,79,.,.,.,ASP,N,A,79,.,.,.,ASP,CG,593,598,0.245286,0,2.93214,0,0,0
A,79,.,.,.,ASP,N,A,79,.,.,.,ASP,OD1,593,599,4.02224,0,2.80285,0,0,0
A,79,.,.,.,ASP,N,A,80,.,.,.,GLY,N,593,601,1.88731,0,2.71652,0,1,0
A,79,.,.,.,ASP,CA,A,79,.,.,.,ASP,C,594,595,8.85954,0,1.52294,0,0,1
A,79,.,.,.,ASP,CA,A,79,.,.,.,ASP,O,594,596,0.800441,0,2.40475,0,0,0
A,79,.,.,.,ASP,CA,A,79,.,.,.,ASP,CB,594,597,10.81,0.588367,1.55213,0,0,1
A,79,.,.,.,ASP,CA,A,79,.,.,.,ASP,CG,594,598,1.0478,0,2.57676,0,0,0
A,79,.,.,.,ASP,CA,A,80,.,.,.,GLY,N,594,601,1.1167,0,2.42668,0,1,0
A,79,.,.,.,ASP,C,A,79,.,.,.,ASP,O,595,596,10.1781,0.727551,1.22597,0,0,1
A,79,.,.,.,ASP,C,A,79,.,.,.,ASP,CB,595,597,1.25479,0,2.55292,0,0,0
A,79,.,.,.,ASP,C,A,79,.,.,.,ASP,CG,595,598,1.7265,0,3.17635,0,0,0
A,79,.,.,.,ASP,C,A,79,.,.,.,ASP,OD2,595,600,0.432309,0,3.69123,0,0,0
A,79,.,.,.,ASP,C,A,80,.,.,.,GLY,N,595,601,8.21405,0.102683,1.35015,0,1,1
A,79,.,.,.,ASP,C,A,80,.,.,.,GLY,CA,595,602,3.06693,1.56187,2.47892,0,1,0
A,79,.,.,.,ASP,C,A,80,.,.,.,GLY,C,595,603,0.00163525,0,3.3743,0,1,0
A,79,.,.,.,ASP,C,A,81,.,.,.,ARG,N,595,605,1.64277,0,3.46275,1.91029,2,0
A,79,.,.,.,ASP,O,A,79,.,.,.,ASP,CB,596,597,4.52493,1.65183,2.99297,0,0,0
A,79,.,.,.,ASP,O,A,79,.,.,.,ASP,OD2,596,600,2.20927,1.68158,3.83781,0,0,0
A,79,.,.,.,ASP,O,A,80,.,.,.,GLY,CA,596,602,6.63491,4.04389,2.85044,0,1,0
A,79,.,.,.,ASP,O,A,80,.,.,.,GLY,C,596,603,2.15877,1.99921,3.51776,0,1,0
A,79,.,.,.,ASP,O,A,81,.,.,.,ARG,N,596,605,1.6017,0.443656,3.72566,1.19295,2,0
A,79,.,.,.,ASP,O,A,81,.,.,.,ARG,CG,596,610,0.928675,1.31097,5.2472,0.105523,2,0
A,79,.,.,.,ASP,CB,A,79,.,.,.,ASP,CG,597,598,9.7828,0.60231,1.54249,0,0,1
A,79,.,.,.,ASP,CB,A,79,.,.,.,ASP,OD1,597,599,1.84162,1.18197,2.4255,0,0,0
A,79,.,.,.,ASP,CB,A,79,.,.,.,ASP,OD2,597,600,4.09367,0.82281,2.34271,0,0,0
A,79,.,.,.,ASP,CG,A,79,.,.,.,ASP,OD1,598,599,9.85475,0.347816,1.24454,0,0,1
A,79,.,.,.,ASP,CG,A,79,.,.,.,ASP,OD2,598,600,9.1979,0,1.26896,0,0,1
A,79,.,.,.,ASP,CG,A,80,.,.,.,GLY,N,598,601,0.102231,0,3.83564,0,1,0
A,79,.,.,.,ASP,CG,A,81,.,.,.,ARG,N,598,605,0.655355,0,4.47716,1.01736,2,0
A,79,.,.,.,ASP,CG,A,81,.,.,.,ARG,CG,598,610,0.303948,0,4.42525,-0.374883,2,0
A,79,.,.,.,ASP,CG,A,81,.,.,.,ARG,NE,598,612,1.05678,0,3.45239,-2.90297,2,0
A,79,.,.,.,ASP,CG,A,81,.,.,.,ARG,NH2,598,615,0.464562,0,3.66339,-1.09971,2,0
A,79,.,.,.,ASP,OD1,A,81,.,.,.,ARG,NE,599,612,0.476243,0,3.36792,-0.910719,2,0
A,79,.,.,.,ASP,OD1,A,81,.,.,.,ARG,CZ,599,613,0.00468177,0,3.54505,-0.00663472,2,0
A,79,.,.,.,ASP,OD1,A,81,.,.,.,ARG,NH2,599,615,7.25271,1.68172,2.87726,-11.8718,2,0
A,79,.,.,.,ASP,OD2,A,81,.,.,.,ARG,N,600,605,0.178232,0,4.43327,0.0710419,2,0
A,79,.,.,.,ASP,OD2,A,81,.,.,.,ARG,CG,600,610,6.3808,2.5136,3.64997,-3.38605,2,0
A,79,.,.,.,ASP,OD2,A,81,.,.,.,ARG,CD,600,611,2.0946,0.0711154,3.6009,-2.19171,2,0
A,79,.,.,.,ASP,OD2,A,81,.,.,.,ARG,NE,600,612,4.82469,0,2.8505,-9.22625,2,0
A,79,.,.,.,ASP,OD2,A,81,.,.,.,ARG,NH2,600,615,0.0381351,0,3.76922,-0.033424,2,0
A,80,.,.,.,GLY,N,A,80,.,.,.,GLY,CA,601,602,10.7099,0.242219,1.45429,0,0,1
A,80,.,.,.,GLY,N,A,81,.,.,.,ARG,N,601,605,2.42177,0,2.75684,0,1,0
A,80,.,.,.,GLY,CA,A,80,.,.,.,GLY,C,602,603,11.8835,0.8026,1.52137,0,0,1
A,80,.,.,.,GLY,CA,A,80,.,.,.,GLY,O,602,604,6.55771,4.8283,2.38709,0,0,0
A,80,.,.,.,GLY,CA,A,81,.,.,.,ARG,N,602,605,1.3126,0,2.43914,0,1,0
A,80,.,.,.,GLY,CA,A,81,.,.,.,ARG,O,602,608,0.00314643,0,4.17762,0,1,0
A,80,.,.,.,GLY,C,A,80,.,.,.,GLY,O,603,604,11.3317,2.66685,1.22402,0,0,1
A,80,.,.,.,GLY,C,A,81,.,.,.,ARG,N,603,605,8.8399,0.969816,1.33513,0,1,1
A,80,.,.,.,GLY,C,A,81,.,.,.,ARG,CA,603,606,1.96763,0.744902,2.43003,0,1,0
A,80,.,.,.,GLY,C,A,81,.,.,.,ARG,C,603,607,0.722738,0,3.02572,0,1,0
A,80,.,.,.,GLY,C,A,81,.,.,.,ARG,O,603,608,1.90411,0,3.1987,0,1,0
A,80,.,.,.,GLY,O,A,81,.,.,.,ARG,CA,604,606,5.33695,2.86218,2.72596,0,1,0
A,80,.,.,.,GLY,O,A,81,.,.,.,ARG,C,604,607,2.02412,0,3.03812,0,1,0
A,80,.,.,.,GLY,O,A,81,.,.,.,ARG,O,604,608,0.18804,0,3.40849,0,1,0
A,80,.,.,.,GLY,O,A,82,.,.,.,LYS,N,604,616,1.26018,0.735638,3.6693,0.988082,2,0
A,80,.,.,.,GLY,O,A,82,.,.,.,LYS,CG,604,621,5.4659,1.98921,4.27778,0.00344401,2,0
A,80,.,.,.,GLY,O,A,82,.,.,.,LYS,CE,604,623,3.99922,3.56876,4.8996,-0.436131,2,0
A,81,.,.,.,ARG,N,A,81,.,.,.,ARG,CA,605,606,7.60919,0.216429,1.48918,0,0,1
A,81,.,.,.,ARG,N,A,81,.,.,.,ARG,C,605,607,0.176959,0,2.48236,0,0,0
A,81,.,.,.,ARG,N,A,81,.,.,.,ARG,O,605,608,1.48312,0,2.79007,0,0,0
A,81,.,.,.,ARG,N,A,81,.,.,.,ARG,CB,605,609,1.2309,0,2.49222,0,0,0
A,81,.,.,.,ARG,N,A,81,.,.,.,ARG,CG,605,610,4.60619,1.05357,3.10992,0,0,0
A,81,.,.,.,ARG,CA,A,81,.,.,.,ARG,C,606,607,6.41594,0,1.52369,0,0,1
A,81,.,.,.,ARG,CA,A,81,.,.,.,ARG,O,606,608,0.489592,0,2.40701,0,0,0
A,81,.,.,.,ARG,CA,A,81,.,.,.,ARG,CB,606,609,9.14812,0.618828,1.52684,0,0,1
A,81,.,.,.,ARG,CA,A,81,.,.,.,ARG,CG,606,610,6.54533,4.07873,2.54599,0,0,0
A,81,.,.,.,ARG,CA,A,82,.,.,.,LYS,N,606,616,6.45922,3.07212,2.42392,0,1,0
A,81,.,.,.,ARG,C,A,81,.,.,.,ARG,O,607,608,8.48338,0,1.23542,0,0,1
A,81,.,.,.,ARG,C,A,81,.,.,.,ARG,CB,607,609,2.83175,0,2.49242,0,0,0
A,81,.,.,.,ARG,C,A,82,.,.,.,LYS,N,607,616,7.09709,0,1.32963,0,1,1
A,81,.,.,.,ARG,C,A,82,.,.,.,LYS,CA,607,617,1.67431,0,2.43528,0,1,0
A,81,.,.,.,ARG,C,A,82,.,.,.,LYS,CG,607,621,1.35643,0,3.60256,0,1,0
A,81,.,.,.,ARG,C,A,83,.,.,.,THR,N,607,625,0.443096,0,3.81388,0.902277,2,0
A,81,.,.,.,ARG,C,A,83,.,.,.,THR,CG2,607,631,1.00497,0,4.44725,0.60083,2,0
A,81,.,.,.,ARG,O,A,81,.,.,.,ARG,CB,608,609,0.0965513,0,3.23819,0,0,0
A,81,.,.,.,ARG,O,A,82,.,.,.,LYS,CA,608,617,2.6512,0,2.77109,0,1,0
A,81,.,.,.,ARG,O,A,82,.,.,.,LYS,CG,608,621,1.41127,0,3.7653,0,1,0
A,81,.,.,.,ARG,O,A,83,.,.,.,THR,N,608,625,0.237195,0,3.91005,0.288016,2,0
A,81,.,.,.,ARG,O,A,83,.,.,.,THR,CG2,608,631,0.108077,0,4.65481,0.062419,2,0
A,81,.,.,.,ARG,CB,A,81,.,.,.,ARG,CG,609,610,10.332,0.344908,1.50466,0,0,1
A,81,.,.,.,ARG,CB,A,81,.,.,.,ARG,CD,609,611,3.3775,0,2.45909,0,0,0
A,81,.,.,.,ARG,CB,A,81,.,.,.,ARG,NE,609,612,1.00414,0,3.0443,0,0,0
A,81,.,.,.,ARG,CB,A,81,.,.,.,ARG,CZ,609,613,1.14667,0,3.78427,0,0,0
A,81,.,.,.,ARG,CB,A,81,.,.,.,ARG,NH1,609,614,0.0286348,0,4.17371,0,0,0
A,81,.,.,.,ARG,CB,A,82,.,.,.,LYS,N,609,616,3.32564,0.43504,3.20151,0,1,0
A,81,.,.,.,ARG,CB,A,82,.,.,.,LYS,C,609,618,0.0324426,0,4.67724,0,1,0
A,81,.,.,.,ARG,CB,A,82,.,.,.,LYS,O,609,619,0.00738804,0,5.00064,0,1,0
A,81,.,.,.,ARG,CB,A,83,.,.,.,THR,CG2,609,631,7.09289,0,3.86655,-3.18613,2,0
A,81,.,.,.,ARG,CB,A,100,.,.,.,TRP,CB,609,760,0.569513,0,5.38959,-0.110823,5,0
A,81,.,.,.,ARG,CB,A,100,.,.,.,TRP,CG,609,761,0.617524,0,4.84261,-1.23428,5,0
A,81,.,.,.,ARG,CB,A,100,.,.,.,TRP,CD1,609,762,2.73907,0.779276,4.66593,-1.06611,5,0
A,81,.,.,.,ARG,CG,A,81,.,.,.,ARG,CD,610,611,13.6485,2.25652,1.49507,0,0,1
A,81,.,.,.,ARG,CG,A,81,.,.,.,ARG,NE,610,612,1.61212,0,2.43918,0,0,0
A,81,.,.,.,ARG,CG,A,100,.,.,.,TRP,CD1,610,762,4.83991,2.73681,4.31397,-2.86365,5,0
A,81,.,.,.,ARG,CG,A,100,.,.,.,TRP,NE1,610,764,1.94087,1.67255,4.09112,-1.8339,5,0
A,81,.,.,.,ARG,CD,A,81,.,.,.,ARG,NE,611,612,8.28581,0,1.46087,0,0,1
A,81,.,.,.,ARG,CD,A,81,.,.,.,ARG,CZ,611,613,1.78596,0,2.51125,0,0,0
A,81,.,.,.,ARG,CD,A,81,.,.,.,ARG,NH1,611,614,3.02396,0,2.92225,0,0,0
A,81,.,.,.,ARG,CD,A,83,.,.,.,THR,CG2,611,631,0.81051,0,4.60092,-0.23889,2,0
A,81,.,.,.,ARG,CD,A,100,.,.,.,TRP,CG,611,761,0.149014,0,4.4014,-0.390515,5,0
A,81,.,.,.,ARG,CD,A,100,.,.,.,TRP,CD1,611,762,0.929103,0,4.04515,-0.696839,5,0
A,81,.,.,.,ARG,CD,A,100,.,.,.,TRP,CD2,611,763,1.24625,0,4.07753,-2.50133,5,0
A,81,.,.,.,ARG,CD,A,100,.,.,.,TRP,NE1,611,764,5.37098,1.51613,3.4824,-4.41567,5,0
A,81,.,.,.,ARG,CD,A,100,.,.,.,TRP,CE2,611,765,2.38536,0,3.46869,-4.47183,5,0
A,81,.,.,.,ARG,CD,A,100,.,.,.,TRP,CZ2,611,767,5.08465,0,3.70394,-6.89636,5,0
A,81,.,.,.,ARG,NE,A,81,.,.,.,ARG,CZ,612,613,8.52176,0,1.33095,0,0,1
A,81,.,.,.,ARG,NE,A,81,.,.,.,ARG,NH2,612,615,0.659108,0,2.31514,0,0,0
A,81,.,.,.,ARG,CZ,A,81,.,.,.,ARG,NH1,613,614,9.69218,0,1.32648,0,0,1
A,81,.,.,.,ARG,CZ,A,81,.,.,.,ARG,NH2,613,615,9.96611,0,1.33978,0,0,1
A,81,.,.,.,ARG,CZ,A,83,.,.,.,THR,CG2,613,631,0.109168,0,4.49688,-0.112521,2,0
A,81,.,.,.,ARG,CZ,A,100,.,.,.,TRP,CZ2,613,767,0.0260588,0,4.41356,-0.0397137,5,0
A,81,.,.,.,ARG,NH1,A,81,.,.,.,ARG,NH2,614,615,1.71079,0,2.29462,0,0,0
A,81,.,.,.,ARG,NH1,A,83,.,.,.,THR,CG2,614,631,5.36314,0,3.76684,-1.35422,2,0
A,81,.,.,.,ARG,NH1,A,98,.,.,.,GLN,CB,614,742,0.232933,0,4.73767,0.00109026,5,0
A,81,.,.,.,ARG,NH1,A,98,.,.,.,GLN,CD,614,744,0.496423,0,3.93801,-0.581266,5,0
A,81,.,.,.,ARG,NH1,A,98,.,.,.,GLN,OE1,614,745,7.40257,0,3.04914,-6.37758,5,0
A,81,.,.,.,ARG,NH1,A,100,.,.,.,TRP,CD2,614,763,0.60087,0,4.08011,-0.546455,5,0
A,81,.,.,.,ARG,NH1,A,100,.,.,.,TRP,CE2,614,765,0.0964029,0,4.01188,-0.117924,5,0
A,81,.,.,.,ARG,NH1,A,100,.,.,.,TRP,CE3,614,766,1.21742,0,3.81039,-0.675088,5,0
A,81,.,.,.,ARG,NH1,A,100,.,.,.,TRP,CZ2,614,767,1.0247,0,3.7453,-1.09648,5,0
A,81,.,.,.,ARG,NH1,A,100,.,.,.,TRP,CZ3,614,768,3.68464,0,3.46045,-1.15859,5,0
A,81,.,.,.,ARG,NH1,A,100,.,.,.,TRP,CH2,614,769,2.97038,0,3.45682,-1.55734,5,0
A,81,.,.,.,ARG,NH1,A,105,.,.,.,SER,CB,614,804,0.785611,0,4.96687,-0.118806,5,0
A,81,.,.,.,ARG,NH2,A,98,.,.,.,GLN,CD,615,744,0.000676433,0,4.58005,-0.000792043,5,0
A,81,.,.,.,ARG,NH2,A,98,.,.,.,GLN,OE1,615,745,4.64356,0.820415,3.79398,-4.00059,5,0
A,81,.,.,.,ARG,NH2,A,98,.,.,.,GLN,NE2,615,746,1.80539,1.48737,4.58138,-0.559574,5,0
A,82,.,.,.,LYS,N,A,82,.,.,.,LYS,CA,616,617,6.64405,0,1.47021,0,0,1
A,82,.,.,.,LYS,N,A,82,.,.,.,LYS,C,616,618,2.28018,0,2.42216,0,0,0
A,82,.,.,.,LYS,N,A,82,.,.,.,LYS,O,616,619,4.15348,2.29281,2.94048,0,0,0
A,82,.,.,.,LYS,N,A,82,.,.,.,LYS,CB,616,620,3.09248,1.70045,2.49915,0,0,0
A,82,.,.,.,LYS,N,A,82,.,.,.,LYS,CG,616,621,4.65627,1.52991,2.91151,0,0,0
A,82,.,.,.,LYS,N,A,83,.,.,.,THR,N,616,625,0.0159005,0,3.25208,0,1,0
A,82,.,.,.,LYS,N,A,83,.,.,.,THR,CG2,616,631,0.217149,0,4.49573,0,1,0
A,82,.,.,.,LYS,N,A,100,.,.,.,TRP,CB,616,760,0.104593,0,5.53485,0.0788625,5,0
A,82,.,.,.,LYS,N,A,100,.,.,.,TRP,CD1,616,762,0.295592,0.679015,5.86598,0.120738,5,0
A,82,.,.,.,LYS,CA,A,82,.,.,.,LYS,C,617,618,6.6978,0,1.49731,0,0,1
A,82,.,.,.,LYS,CA,A,82,.,.,.,LYS,O,617,619,0.870287,0,2.36846,0,0,0
A,82,.,.,.,LYS,CA,A,82,.,.,.,LYS,CB,617,620,9.61093,0,1.51543,0,0,1
A,82,.,.,.,LYS,CA,A,82,.,.,.,LYS,CG,617,621,2.79374,0,2.4877,0,0,0
A,82,.,.,.,LYS,CA,A,83,.,.,.,THR,N,617,625,3.05671,0,2.38311,0,1,0
A,82,.,.,.,LYS,C,A,82,.,.,.,LYS,O,618,619,10.0056,1.1039,1.23672,0,0,1
A,82,.,.,.,LYS,C,A,82,.,.,.,LYS,CB,618,620,3.96713,0.706474,2.49224,0,0,0
A,82,.,.,.,LYS,C,A,83,.,.,.,THR,N,618,625,8.11895,0,1.31283,0,1,1
A,82,.,.,.,LYS,C,A,83,.,.,.,THR,CA,618,626,1.77501,0,2.44641,0,1,0
A,82,.,.,.,LYS,C,A,83,.,.,.,THR,C,618,627,1.52491,0.908231,3.35465,0,1,0
A,82,.,.,.,LYS,C,A,83,.,.,.,THR,O,618,628,0.264299,0,3.65811,0,1,0
A,82,.,.,.,LYS,C,A,83,.,.,.,THR,CG2,618,631,1.49212,0,3.70892,0,1,0
A,82,.,.,.,LYS,C,A,100,.,.,.,TRP,CB,618,760,0.0101792,0,4.54091,-0.000274708,5,0
A,82,.,.,.,LYS,O,A,82,.,.,.,LYS,CB,619,620,6.68712,5.30487,2.95995,0,0,0
A,82,.,.,.,LYS,O,A,83,.,.,.,THR,CA,619,626,4.68407,0.250975,2.80969,0,1,0
A,82,.,.,.,LYS,O,A,83,.,.,.,THR,C,619,627,0.922543,1.36354,3.70003,0,1,0
A,82,.,.,.,LYS,O,A,83,.,.,.,THR,CG2,619,631,0.0423268,0,4.09363,0,1,0
A,82,.,.,.,LYS,O,A,84,.,.,.,GLN,N,619,632,0.219137,1.19898,4.40488,0.294951,2,0
A,82,.,.,.,LYS,O,A,99,.,.,.,GLU,O,619,750,0.00167376,0.0437352,4.83686,0.00216244,5,0
A,82,.,.,.,LYS,O,A,100,.,.,.,TRP,CA,619,757,0.118555,1.18796,4.77286,0.0880444,5,0
A,82,.,.,.,LYS,O,A,100,.,.,.,TRP,CB,619,760,11.1099,4.69986,3.76436,2.12665,5,0
A,82,.,.,.,LYS,O,A,100,.,.,.,TRP,CD1,619,762,0.0400962,0.32701,5.26335,0.0116895,5,0
A,82,.,.,.,LYS,CB,A,82,.,.,.,LYS,CG,620,621,13.0573,2.80005,1.53255,0,0,1
A,82,.,.,.,LYS,CB,A,82,.,.,.,LYS,CD,620,622,7.06668,3.05442,2.5567,0,0,0
A,82,.,.,.,LYS,CG,A,82,.,.,.,LYS,CD,621,622,13.1838,2.67173,1.44856,0,0,1
A,82,.,.,.,LYS,CG,A,82,.,.,.,LYS,CE,621,623,7.43114,1.81598,2.43785,0,0,0
A,82,.,.,.,LYS,CG,A,82,.,.,.,LYS,NZ,621,624,0.319507,0,3.32479,0,0,0
A,82,.,.,.,LYS,CD,A,82,.,.,.,LYS,CE,622,623,16.4653,7.14722,1.52931,0,0,1
A,82,.,.,.,LYS,CD,A,82,.,.,.,LYS,NZ,622,624,4.00428,0.362761,2.4945,0,0,0
A,82,.,.,.,LYS,CE,A,82,.,.,.,LYS,NZ,623,624,18.8129,8.12868,1.50133,0,0,1
A,83,.,.,.,THR,N,A,83,.,.,.,THR,CA,625,626,6.30158,0,1.46177,0,0,1
A,83,.,.,.,THR,N,A,83,.,.,.,THR,C,625,627,0.846168,0,2.4162,0,0,0
A,83,.,.,.,THR,N,A,83,.,.,.,THR,O,625,628,3.12482,0,2.7227,0,0,0
A,83,.,.,.,THR,N,A,83,.,.,.,THR,CB,625,629,1.52507,0,2.49364,0,0,0
A,83,.,.,.,THR,N,A,83,.,.,.,THR,OG1,625,630,0.419576,0,2.97708,0,0,0
A,83,.,.,.,THR,N,A,83,.,.,.,THR,CG2,625,631,3.09903,0,2.93866,0,0,0
A,83,.,.,.,THR,CA,A,83,.,.,.,THR,C,626,627,7.70679,0,1.49649,0,0,1
A,83,.,.,.,THR,CA,A,83,.,.,.,THR,O,626,628,0.296207,0,2.40938,0,0,0
A,83,.,.,.,THR,CA,A,83,.,.,.,THR,CB,626,629,7.80929,0,1.54252,0,0,1
A,83,.,.,.,THR,CA,A,83,.,.,.,THR,OG1,626,630,0.407472,0,2.41118,0,0,0
A,83,.,.,.,THR,CA,A,83,.,.,.,THR,CG2,626,631,1.53455,0,2.55227,0,0,0
A,83,.,.,.,THR,CA,A,84,.,.,.,GLN,N,626,632,3.29723,0.176837,2.37544,0,1,0
A,83,.,.,.,THR,CA,A,99,.,.,.,GLU,O,626,750,2.21386,0.119261,3.51395,-0.0478106,5,0
A,83,.,.,.,THR,CA,A,100,.,.,.,TRP,CB,626,760,3.21964,0,4.03933,0.76209,5,0
A,83,.,.,.,THR,C,A,83,.,.,.,THR,O,627,628,10.1467,1.29516,1.25539,0,0,1
A,83,.,.,.,THR,C,A,83,.,.,.,THR,CB,627,629,1.7225,0,2.50729,0,0,0
A,83,.,.,.,THR,C,A,83,.,.,.,THR,OG1,627,630,1.17965,0,2.84999,0,0,0
A,83,.,.,.,THR,C,A,84,.,.,.,GLN,N,627,632,9.24495,2.0142,1.31669,0,1,1
A,83,.,.,.,THR,C,A,84,.,.,.,GLN,CA,627,633,2.18711,0.631294,2.41101,0,1,0
A,83,.,.,.,THR,C,A,84,.,.,.,GLN,C,627,634,0.724475,0,3.13325,0,1,0
A,83,.,.,.,THR,C,A,85,.,.,.,THR,N,627,641,0.302931,0,3.70598,0.482693,2,0
A,83,.,.,.,THR,C,A,85,.,.,.,THR,OG1,627,646,0.23391,0,4.18306,0.0148135,2,0
A,83,.,.,.,THR,O,A,83,.,.,.,THR,OG1,628,630,1.09829,0,3.18571,0,0,0
A,83,.,.,.,THR,O,A,84,.,.,.,GLN,CA,628,633,3.863,0.51289,2.76825,0,1,0
A,83,.,.,.,THR,O,A,85,.,.,.,THR,N,628,641,0.987556,0,3.65901,0.760015,2,0
A,83,.,.,.,THR,O,A,85,.,.,.,THR,CB,628,645,0.180065,0,4.74105,-0.156846,2,0
A,83,.,.,.,THR,O,A,85,.,.,.,THR,OG1,628,646,0.404572,0,4.12246,0.0393413,2,0
A,83,.,.,.,THR,CB,A,83,.,.,.,THR,OG1,629,630,9.66608,0,1.39878,0,0,1
A,83,.,.,.,THR,CB,A,83,.,.,.,THR,CG2,629,631,11.7525,0,1.54979,0,0,1
A,83,.,.,.,THR,CB,A,84,.,.,.,GLN,N,629,632,1.84093,0,3.10972,0,1,0
A,83,.,.,.,THR,CB,A,84,.,.,.,GLN,C,629,634,1.15683,0,4.25195,0,1,0
A,83,.,.,.,THR,CB,A,84,.,.,.,GLN,O,629,635,0.495745,0,4.35226,0,1,0
A,83,.,.,.,THR,CB,A,85,.,.,.,THR,OG1,629,646,0.732366,0,3.82567,-0.731785,2,0
A,83,.,.,.,THR,CB,A,98,.,.,.,GLN,CA,629,739,0.947149,0,4.51825,0.163818,5,0
A,83,.,.,.,THR,CB,A,98,.,.,.,GLN,CB,629,742,4.43518,0,4.00853,-2.57155,5,0
A,83,.,.,.,THR,CB,A,98,.,.,.,GLN,CG,629,743,0.0869432,0,4.39668,-0.0355413,5,0
A,83,.,.,.,THR,CB,A,98,.,.,.,GLN,CD,629,744,0.063639,0,4.72376,-0.0778559,5,0
A,83,.,.,.,THR,CB,A,99,.,.,.,GLU,N,629,747,2.56774,0,4.29498,3.81127,5,0
A,83,.,.,.,THR,CB,A,99,.,.,.,GLU,C,629,749,0.83349,0,4.38078,0.213609,5,0
A,83,.,.,.,THR,CB,A,99,.,.,.,GLU,O,629,750,2.00662,0,3.70037,0.575576,5,0
A,83,.,.,.,THR,CB,A,100,.,.,.,TRP,CB,629,760,0.907335,0,4.23467,-0.334907,5,0
A,83,.,.,.,THR,CB,A,100,.,.,.,TRP,CE3,629,766,0.49347,0,4.60753,-0.203601,5,0
A,83,.,.,.,THR,OG1,A,83,.,.,.,THR,CG2,630,631,1.54523,0,2.40973,0,0,0
A,83,.,.,.,THR,OG1,A,84,.,.,.,GLN,C,630,634,0.00175786,0,4.19612,0,1,0
A,83,.,.,.,THR,OG1,A,85,.,.,.,THR,OG1,630,646,5.83878,0,2.74168,-7.03491,2,0
A,83,.,.,.,THR,OG1,A,98,.,.,.,GLN,CB,630,742,0.229268,0,3.96987,0.00568133,5,0
A,83,.,.,.,THR,OG1,A,98,.,.,.,GLN,CG,630,743,1.57161,0,3.88911,-0.791276,5,0
A,83,.,.,.,THR,OG1,A,98,.,.,.,GLN,CD,630,744,0.604656,0,4.21622,-0.636098,5,0
A,83,.,.,.,THR,OG1,A,98,.,.,.,GLN,NE2,630,746,0.72799,0,4.21811,-0.158202,5,0
A,83,.,.,.,THR,CG2,A,98,.,.,.,GLN,CB,631,742,2.42636,0,4.21988,0.251878,5,0
A,83,.,.,.,THR,CG2,A,98,.,.,.,GLN,CD,631,744,2.11399,0,4.48493,-1.30369,5,0
A,83,.,.,.,THR,CG2,A,98,.,.,.,GLN,OE1,631,745,0.00997698,0,4.6044,-0.00286978,5,0
A,83,.,.,.,THR,CG2,A,100,.,.,.,TRP,CB,631,760,4.48152,0,3.84936,-3.32839,5,0
A,83,.,.,.,THR,CG2,A,100,.,.,.,TRP,CG,631,761,1.2113,0,4.0272,-2.05832,5,0
A,83,.,.,.,THR,CG2,A,100,.,.,.,TRP,CD2,631,763,1.82018,0,4.01767,-0.907628,5,0
A,83,.,.,.,THR,CG2,A,100,.,.,.,TRP,CE3,631,766,4.50806,0,3.86077,-2.89181,5,0
A,84,.,.,.,GLN,N,A,84,.,.,.,GLN,CA,632,633,7.45061,0.432436,1.44905,0,0,1
A,84,.,.,.,GLN,N,A,84,.,.,.,GLN,C,632,634,1.78178,0,2.32762,0,0,0
A,84,.,.,.,GLN,N,A,84,.,.,.,GLN,O,632,635,0.95623,0,2.86382,0,0,0
A,84,.,.,.,GLN,N,A,84,.,.,.,GLN,CB,632,636,5.22641,2.75713,2.46594,0,0,0
A,84,.,.,.,GLN,N,A,99,.,.,.,GLU,N,632,747,0.0681809,0,4.28323,0.16298,5,0
A,84,.,.,.,GLN,N,A,99,.,.,.,GLU,O,632,750,6.81638,1.35044,2.82893,-0.845558,5,0
A,84,.,.,.,GLN,CA,A,84,.,.,.,GLN,C,633,634,5.74983,0,1.52462,0,0,1
A,84,.,.,.,GLN,CA,A,84,.,.,.,GLN,O,633,635,0.385609,0,2.41871,0,0,0
A,84,.,.,.,GLN,CA,A,84,.,.,.,GLN,CB,633,636,11.5695,2.98726,1.52099,0,0,1
A,84,.,.,.,GLN,CA,A,84,.,.,.,GLN,CG,633,637,3.31928,0.205634,2.4689,0,0,0
A,84,.,.,.,GLN,CA,A,85,.,.,.,THR,N,633,641,2.59085,0,2.40071,0,1,0
A,84,.,.,.,GLN,CA,A,99,.,.,.,GLU,O,633,750,0.00163089,0,3.7445,0.00215953,5,0
A,84,.,.,.,GLN,C,A,84,.,.,.,GLN,O,634,635,8.75297,0,1.2418,0,0,1
A,84,.,.,.,GLN,C,A,84,.,.,.,GLN,CB,634,636,0.987626,0,2.48803,0,0,0
A,84,.,.,.,GLN,C,A,84,.,.,.,GLN,CG,634,637,2.87412,0,2.97159,0,0,0
A,84,.,.,.,GLN,C,A,85,.,.,.,THR,N,634,641,7.54906,0,1.30788,0,1,1
A,84,.,.,.,GLN,C,A,85,.,.,.,THR,CA,634,642,1.87551,0,2.4315,0,1,0
A,84,.,.,.,GLN,C,A,85,.,.,.,THR,C,634,643,0.383015,0,3.4533,0,1,0
A,84,.,.,.,GLN,C,A,85,.,.,.,THR,OG1,634,646,1.08641,0,3.44923,0,1,0
A,84,.,.,.,GLN,C,A,86,.,.,.,VAL,CG2,634,654,8.49335e-06,0,5.79146,-1.9031e-06,2,0
A,84,.,.,.,GLN,C,A,98,.,.,.,GLN,CA,634,739,0.00750731,0,4.50066,0.00704732,5,0
A,84,.,.,.,GLN,O,A,84,.,.,.,GLN,CB,635,636,3.07188,0,2.92166,0,0,0
A,84,.,.,.,GLN,O,A,84,.,.,.,GLN,CG,635,637,1.85023,1.21579,3.46981,0,0,0
A,84,.,.,.,GLN,O,A,84,.,.,.,GLN,OE1,635,639,0.264711,0.613585,4.68124,0,0,0
A,84,.,.,.,GLN,O,A,85,.,.,.,THR,CA,635,642,3.90856,0,2.7882,0,1,0
A,84,.,.,.,GLN,O,A,85,.,.,.,THR,C,635,643,0.432795,0,3.78111,0,1,0
A,84,.,.,.,GLN,O,A,85,.,.,.,THR,OG1,635,646,0.0146592,0,3.80348,0,1,0
A,84,.,.,.,GLN,O,A,86,.,.,.,VAL,N,635,648,0.0525357,0.18701,4.43527,0.0595308,2,0
A,84,.,.,.,GLN,O,A,86,.,.,.,VAL,CG2,635,654,0.312088,1.16222,5.75124,0.1211,2,0
A,84,.,.,.,GLN,O,A,97,.,.,.,HIS,O,635,731,2.43295,0.177778,3.66686,2.55635,5,0
A,84,.,.,.,GLN,O,A,97,.,.,.,HIS,CD2,635,735,1.42351,1.25267,5.09293,0.083269,5,0
A,84,.,.,.,GLN,O,A,98,.,.,.,GLN,CA,635,739,3.06697,0,3.59781,0.0950079,5,0
A,84,.,.,.,GLN,O,A,99,.,.,.,GLU,N,635,747,5.8462,0,2.898,-0.962389,5,0
A,84,.,.,.,GLN,O,A,99,.,.,.,GLU,CA,635,748,0.000228818,0,3.83091,0.000291649,5,0
A,84,.,.,.,GLN,O,A,99,.,.,.,GLU,O,635,750,0.657061,0,3.57857,0.949769,5,0
A,84,.,.,.,GLN,O,A,99,.,.,.,GLU,CB,635,751,3.17721,0,3.87385,1.96092,5,0
A,84,.,.,.,GLN,O,A,99,.,.,.,GLU,CG,635,752,1.63779,1.11403,4.44504,1.90506,5,0
A,84,.,.,.,GLN,CB,A,84,.,.,.,GLN,CG,636,637,10.8914,1.53478,1.50984,0,0,1
A,84,.,.,.,GLN,CB,A,84,.,.,.,GLN,CD,636,638,6.56436,2.58821,2.52065,0,0,0
A,84,.,.,.,GLN,CB,A,84,.,.,.,GLN,OE1,636,639,4.05473,1.38072,3.09205,0,0,0
A,84,.,.,.,GLN,CB,A,84,.,.,.,GLN,NE2,636,640,1.47194,2.49063,3.46905,0,0,0
A,84,.,.,.,GLN,CB,A,99,.,.,.,GLU,O,636,750,5.0016,2.58994,3.79939,3.08272,5,0
A,84,.,.,.,GLN,CB,A,99,.,.,.,GLU,CB,636,751,4.79924,1.28027,4.74832,1.59088,5,0
A,84,.,.,.,GLN,CG,A,84,.,.,.,GLN,CD,637,638,9.23673,0,1.50429,0,0,1
A,84,.,.,.,GLN,CG,A,84,.,.,.,GLN,OE1,637,639,2.44996,1.20979,2.39453,0,0,0
A,84,.,.,.,GLN,CG,A,84,.,.,.,GLN,NE2,637,640,5.42867,2.7696,2.42673,0,0,0
A,84,.,.,.,GLN,CG,A,85,.,.,.,THR,N,637,641,2.1213,0,3.54328,0,1,0
A,84,.,.,.,GLN,CG,A,85,.,.,.,THR,C,637,643,0.768727,0,4.86486,0,1,0
A,84,.,.,.,GLN,CG,A,85,.,.,.,THR,O,637,644,0.527751,0,4.67585,0,1,0
A,84,.,.,.,GLN,CG,A,86,.,.,.,VAL,CG2,637,654,0.888552,0.924591,5.64656,-0.0645581,2,0
A,84,.,.,.,GLN,CD,A,84,.,.,.,GLN,OE1,638,639,14.0736,2.61011,1.2406,0,0,1
A,84,.,.,.,GLN,CD,A,84,.,.,.,GLN,NE2,638,640,14.2673,3.1629,1.357,0,0,1
A,84,.,.,.,GLN,OE1,A,84,.,.,.,GLN,NE2,639,640,2.51361,2.90962,2.28189,0,0,0
A,84,.,.,.,GLN,OE1,A,99,.,.,.,GLU,CB,639,751,2.2234,0.597968,5.05063,0.628893,5,0
A,84,.,.,.,GLN,OE1,A,99,.,.,.,GLU,CG,639,752,0.0497553,0.217919,5.46098,0.0114322,5,0
A,84,.,.,.,GLN,OE1,A,99,.,.,.,GLU,CD,639,753,1.1372,1.92003,4.99467,-0.48177,5,0
A,84,.,.,.,GLN,OE1,A,99,.,.,.,GLU,OE1,639,754,9.16185,5.38975,4.22379,2.50661,5,0
A,85,.,.,.,THR,N,A,85,.,.,.,THR,CA,641,642,6.42461,0,1.45211,0,0,1
A,85,.,.,.,THR,N,A,85,.,.,.,THR,C,641,643,1.57304,0,2.44088,0,0,0
A,85,.,.,.,THR,N,A,85,.,.,.,THR,O,641,644,2.26442,0,2.77368,0,0,0
A,85,.,.,.,THR,N,A,85,.,.,.,THR,CB,641,645,3.04703,0,2.45383,0,0,0
A,85,.,.,.,THR,N,A,85,.,.,.,THR,OG1,641,646,1.01534,0,2.83891,0,0,0
A,85,.,.,.,THR,CA,A,85,.,.,.,THR,C,642,643,7.70162,0,1.53343,0,0,1
A,85,.,.,.,THR,CA,A,85,.,.,.,THR,O,642,644,0.528873,0,2.40106,0,0,0
A,85,.,.,.,THR,CA,A,85,.,.,.,THR,CB,642,645,7.99999,0,1.55735,0,0,1
A,85,.,.,.,THR,CA,A,85,.,.,.,THR,OG1,642,646,1.15275,0,2.39987,0,0,0
A,85,.,.,.,THR,CA,A,85,.,.,.,THR,CG2,642,647,0.970132,0,2.55267,0,0,0
A,85,.,.,.,THR,CA,A,86,.,.,.,VAL,N,642,648,1.88878,0,2.42768,0,1,0
A,85,.,.,.,THR,CA,A,97,.,.,.,HIS,O,642,731,4.50352,0,3.11634,-2.657,5,0
A,85,.,.,.,THR,CA,A,98,.,.,.,GLN,CA,642,739,1.13725,0,4.40715,0.141197,5,0
A,85,.,.,.,THR,C,A,85,.,.,.,THR,O,643,644,7.88368,0,1.23488,0,0,1
A,85,.,.,.,THR,C,A,85,.,.,.,THR,CB,643,645,1.43234,0,2.55938,0,0,0
A,85,.,.,.,THR,C,A,85,.,.,.,THR,CG2,643,647,0.940516,0,3.01317,0,0,0
A,85,.,.,.,THR,C,A,86,.,.,.,VAL,N,643,648,7.1729,0,1.33598,0,1,1
A,85,.,.,.,THR,C,A,86,.,.,.,VAL,CA,643,649,1.52729,0,2.4466,0,1,0
A,85,.,.,.,THR,C,A,86,.,.,.,VAL,CG2,643,654,3.82356,0,3.45043,0,1,0
A,85,.,.,.,THR,O,A,85,.,.,.,THR,CB,644,645,0.608161,0,3.20429,0,0,0
A,85,.,.,.,THR,O,A,86,.,.,.,VAL,CA,644,649,2.79662,0,2.809,0,1,0
A,85,.,.,.,THR,O,A,86,.,.,.,VAL,CG2,644,654,1.67427,0,3.44941,0,1,0
A,85,.,.,.,THR,CB,A,85,.,.,.,THR,OG1,645,646,8.79393,0,1.43977,0,0,1
A,85,.,.,.,THR,CB,A,85,.,.,.,THR,CG2,645,647,10.577,0,1.50933,0,0,1
A,85,.,.,.,THR,CB,A,97,.,.,.,HIS,O,645,731,0.18855,0,3.81294,-0.110877,5,0
A,85,.,.,.,THR,CB,A,98,.,.,.,GLN,CA,645,739,0.298984,0,4.75036,0.162702,5,0
A,85,.,.,.,THR,CB,A,98,.,.,.,GLN,CG,645,743,0.0551521,0,4.53565,-0.0225455,5,0
A,85,.,.,.,THR,OG1,A,85,.,.,.,THR,CG2,646,647,1.08992,0,2.39652,0,0,0
A,85,.,.,.,THR,OG1,A,98,.,.,.,GLN,CA,646,739,1.57082,0,4.07715,0.441238,5,0
A,85,.,.,.,THR,OG1,A,98,.,.,.,GLN,CB,646,742,0.385401,0,4.06552,0.00955036,5,0
A,85,.,.,.,THR,OG1,A,98,.,.,.,GLN,CG,646,743,3.58436,0,3.54397,-1.80466,5,0
A,85,.,.,.,THR,CG2,A,86,.,.,.,VAL,N,647,648,3.28238,0,3.12371,0,1,0
A,85,.,.,.,THR,CG2,A,86,.,.,.,VAL,CA,647,649,0.43241,0,4.05929,0,1,0
A,85,.,.,.,THR,CG2,A,86,.,.,.,VAL,C,647,650,1.9175,0,4.08969,0,1,0
A,85,.,.,.,THR,CG2,A,86,.,.,.,VAL,O,647,651,1.29149,0,4.10138,0,1,0
A,85,.,.,.,THR,CG2,A,87,.,.,.,CYS,N,647,655,0.0140836,0,4.67662,0.0073818,2,0
A,85,.,.,.,THR,CG2,A,87,.,.,.,CYS,SG,647,660,5.0232,0,4.26157,-4.54843,2,0
A,85,.,.,.,THR,CG2,A,96,.,.,.,GLN,CA,647,720,0.166241,0,4.97011,0.0712958,5,0
A,85,.,.,.,THR,CG2,A,96,.,.,.,GLN,CG,647,724,7.84961,0,3.66739,-3.54961,5,0
A,85,.,.,.,THR,CG2,A,96,.,.,.,GLN,CD,647,725,0.0464862,0,4.42222,-0.0514904,5,0
A,85,.,.,.,THR,CG2,A,96,.,.,.,GLN,NE2,647,727,2.62163,0,4.12917,-0.899529,5,0
A,85,.,.,.,THR,CG2,A,97,.,.,.,HIS,N,647,728,1.51917,0,4.54318,1.14866,5,0
A,85,.,.,.,THR,CG2,A,97,.,.,.,HIS,C,647,730,1.15601,0,4.34507,-0.425779,5,0
A,85,.,.,.,THR,CG2,A,97,.,.,.,HIS,O,647,731,2.40194,0,3.63157,-0.0865756,5,0
A,85,.,.,.,THR,CG2,A,98,.,.,.,GLN,CA,647,739,0.0294901,0,4.9807,0.0126474,5,0
A,85,.,.,.,THR,CG2,A,98,.,.,.,GLN,CG,647,743,2.7246,0,4.42701,-1.23207,5,0
A,86,.,.,.,VAL,N,A,86,.,.,.,VAL,CA,648,649,6.59837,0,1.4627,0,0,1
A,86,.,.,.,VAL,N,A,86,.,.,.,VAL,C,648,650,0.888127,0,2.40358,0,0,0
A,86,.,.,.,VAL,N,A,86,.,.,.,VAL,O,648,651,2.04021,0,2.75825,0,0,0
A,86,.,.,.,VAL,N,A,86,.,.,.,VAL,CB,648,652,2.65564,0,2.53238,0,0,0
A,86,.,.,.,VAL,N,A,86,.,.,.,VAL,CG2,648,654,2.80184,0.349662,3.01201,0,0,0
A,86,.,.,.,VAL,N,A,97,.,.,.,HIS,O,648,731,6.43505,0.237192,2.94265,-9.52825,5,0
A,86,.,.,.,VAL,N,A,97,.,.,.,HIS,CB,648,732,0.25795,0,4.70382,0.192413,5,0
A,86,.,.,.,VAL,N,A,97,.,.,.,HIS,CD2,648,735,0.0821378,0.00295567,5.26912,0.0553019,5,0
A,86,.,.,.,VAL,CA,A,86,.,.,.,VAL,C,649,650,6.18108,0,1.48522,0,0,1
A,86,.,.,.,VAL,CA,A,86,.,.,.,VAL,O,649,651,0.480072,0,2.36857,0,0,0
A,86,.,.,.,VAL,CA,A,86,.,.,.,VAL,CB,649,652,7.09306,0,1.55354,0,0,1
A,86,.,.,.,VAL,CA,A,86,.,.,.,VAL,CG1,649,653,2.27621,0,2.4985,0,0,0
A,86,.,.,.,VAL,CA,A,86,.,.,.,VAL,CG2,649,654,1.49801,0,2.5533,0,0,0
A,86,.,.,.,VAL,CA,A,87,.,.,.,CYS,N,649,655,3.81742,0,2.39767,0,1,0
A,86,.,.,.,VAL,C,A,86,.,.,.,VAL,O,650,651,8.41553,0,1.23866,0,0,1
A,86,.,.,.,VAL,C,A,86,.,.,.,VAL,CB,650,652,1.95679,0,2.42682,0,0,0
A,86,.,.,.,VAL,C,A,86,.,.,.,VAL,CG1,650,653,2.156,0,2.82554,0,0,0
A,86,.,.,.,VAL,C,A,87,.,.,.,CYS,N,650,655,6.69751,0,1.34104,0,1,1
A,86,.,.,.,VAL,C,A,87,.,.,.,CYS,CA,650,656,2.2818,0,2.41863,0,1,0
A,86,.,.,.,VAL,C,A,87,.,.,.,CYS,C,650,657,0.0206444,0,3.41276,0,1,0
A,86,.,.,.,VAL,C,A,87,.,.,.,CYS,SG,650,660,1.03971,0,3.89388,0,1,0
A,86,.,.,.,VAL,C,A,88,.,.,.,ASN,ND2,650,668,0.184621,0,4.74693,0.0369706,2,0
A,86,.,.,.,VAL,O,A,86,.,.,.,VAL,CB,651,652,2.95697,0.195057,3.05649,0,0,0
A,86,.,.,.,VAL,O,A,86,.,.,.,VAL,CG1,651,653,0.0236058,0,3.64019,0,0,0
A,86,.,.,.,VAL,O,A,87,.,.,.,CYS,CA,651,656,3.32248,0,2.77638,0,1,0
A,86,.,.,.,VAL,O,A,87,.,.,.,CYS,SG,651,660,0.421622,0,4.07503,0,1,0
A,86,.,.,.,VAL,O,A,88,.,.,.,ASN,N,651,661,0.110422,0,4.28285,0.0833596,2,0
A,86,.,.,.,VAL,O,A,88,.,.,.,ASN,ND2,651,668,1.29273,1.23027,4.88421,0.926529,2,0
A,86,.,.,.,VAL,O,A,95,.,.,.,VAL,O,651,715,3.39941,0.769871,3.56825,-1.36976,5,0
A,86,.,.,.,VAL,O,A,96,.,.,.,GLN,CA,651,720,3.09104,0,3.53801,-1.48569,5,0
A,86,.,.,.,VAL,O,A,97,.,.,.,HIS,N,651,728,5.71858,0,2.88982,-8.49237,5,0
A,86,.,.,.,VAL,O,A,97,.,.,.,HIS,CA,651,729,0.000471665,0,3.80374,0.000189789,5,0
A,86,.,.,.,VAL,O,A,97,.,.,.,HIS,O,651,731,0.435191,0,3.6824,0.110999,5,0
A,86,.,.,.,VAL,O,A,97,.,.,.,HIS,CB,651,732,4.82492,1.39594,3.76469,-1.4175,5,0
A,86,.,.,.,VAL,CB,A,86,.,.,.,VAL,CG1,652,653,13.0723,1.45014,1.56438,0,0,1
A,86,.,.,.,VAL,CB,A,86,.,.,.,VAL,CG2,652,654,15.3145,3.03469,1.51269,0,0,1
A,86,.,.,.,VAL,CB,A,88,.,.,.,ASN,ND2,652,668,1.90026,2.81627,4.40825,-0.194448,2,0
A,86,.,.,.,VAL,CB,A,97,.,.,.,HIS,O,652,731,0.0248813,0,4.68141,-0.0203351,5,0
A,86,.,.,.,VAL,CB,A,97,.,.,.,HIS,CB,652,732,5.65898,2.9794,5.0501,-4.76014,5,0
A,86,.,.,.,VAL,CB,A,97,.,.,.,HIS,CD2,652,735,1.3918,0.704316,5.60583,-0.837333,5,0
A,86,.,.,.,VAL,CG1,A,86,.,.,.,VAL,CG2,653,654,6.54239,2.25133,2.56355,0,0,0
A,86,.,.,.,VAL,CG1,A,87,.,.,.,CYS,N,653,655,4.255,0,3.04467,0,1,0
A,86,.,.,.,VAL,CG1,A,87,.,.,.,CYS,CA,653,656,0.0102255,0,4.04556,0,1,0
A,86,.,.,.,VAL,CG1,A,87,.,.,.,CYS,C,653,657,1.17302,0,3.98833,0,1,0
A,86,.,.,.,VAL,CG1,A,87,.,.,.,CYS,O,653,658,2.26008,0,3.68218,0,1,0
A,86,.,.,.,VAL,CG1,A,88,.,.,.,ASN,CG,653,666,0.391608,0,4.17687,-0.327862,2,0
A,86,.,.,.,VAL,CG1,A,88,.,.,.,ASN,ND2,653,668,12.1952,3.36381,3.36826,-0.395705,2,0
A,86,.,.,.,VAL,CG2,A,97,.,.,.,HIS,CD2,654,735,3.6214,4.05365,5.65529,-2.78925,5,0
A,87,.,.,.,CYS,N,A,87,.,.,.,CYS,CA,655,656,6.76854,0,1.43591,0,0,1
A,87,.,.,.,CYS,N,A,87,.,.,.,CYS,C,655,657,0.65493,0,2.43314,0,0,0
A,87,.,.,.,CYS,N,A,87,.,.,.,CYS,O,655,658,2.807,0,2.76028,0,0,0
A,87,.,.,.,CYS,N,A,87,.,.,.,CYS,CB,655,659,3.32394,0,2.43983,0,0,0
A,87,.,.,.,CYS,N,A,87,.,.,.,CYS,SG,655,660,2.11264,0,3.24097,0,0,0
A,87,.,.,.,CYS,CA,A,87,.,.,.,CYS,C,656,657,6.92797,0,1.51608,0,0,1
A,87,.,.,.,CYS,CA,A,87,.,.,.,CYS,O,656,658,0.684229,0,2.36067,0,0,0
A,87,.,.,.,CYS,CA,A,87,.,.,.,CYS,CB,656,659,8.93279,0,1.49502,0,0,1
A,87,.,.,.,CYS,CA,A,87,.,.,.,CYS,SG,656,660,1.97104,0,2.80682,0,0,0
A,87,.,.,.,CYS,CA,A,88,.,.,.,ASN,N,656,661,2.91892,0,2.40481,0,1,0
A,87,.,.,.,CYS,CA,A,88,.,.,.,ASN,ND2,656,668,0.037027,0,4.68338,0,1,0
A,87,.,.,.,CYS,CA,A,95,.,.,.,VAL,O,656,715,4.2988,0,3.24725,-5.34904,5,0
A,87,.,.,.,CYS,CA,A,96,.,.,.,GLN,CA,656,720,1.15036,0,4.39114,0.236519,5,0
A,87,.,.,.,CYS,C,A,87,.,.,.,CYS,O,657,658,7.20057,0,1.21579,0,0,1
A,87,.,.,.,CYS,C,A,87,.,.,.,CYS,CB,657,659,2.75632,0,2.42303,0,0,0
A,87,.,.,.,CYS,C,A,88,.,.,.,ASN,N,657,661,7.59786,0,1.31078,0,1,1
A,87,.,.,.,CYS,C,A,88,.,.,.,ASN,CA,657,662,1.4447,0,2.43652,0,1,0
A,87,.,.,.,CYS,C,A,88,.,.,.,ASN,CG,657,666,0.809888,0,3.50406,0,1,0
A,87,.,.,.,CYS,C,A,88,.,.,.,ASN,ND2,657,668,1.1265,0,3.76771,0,1,0
A,87,.,.,.,CYS,O,A,87,.,.,.,CYS,CB,658,659,1.56009,0,3.05402,0,0,0
A,87,.,.,.,CYS,O,A,88,.,.,.,ASN,CA,658,662,2.66102,0,2.79316,0,1,0
A,87,.,.,.,CYS,O,A,88,.,.,.,ASN,CG,658,666,1.95514,0,3.3355,0,1,0
A,87,.,.,.,CYS,O,A,88,.,.,.,ASN,OD1,658,667,0.332492,0,3.50093,0,1,0
A,87,.,.,.,CYS,O,A,88,.,.,.,ASN,ND2,658,668,3.55121e-05,0,3.74445,0,1,0
A,87,.,.,.,CYS,CB,A,87,.,.,.,CYS,SG,659,660,12.4156,0,1.84752,0,0,0
A,87,.,.,.,CYS,CB,A,88,.,.,.,ASN,N,659,661,1.07073,0,3.22976,0,1,0
A,87,.,.,.,CYS,CB,A,94,.,.,.,LEU,CG,659,709,1.10357,0,5.07319,-1.2397,5,0
A,87,.,.,.,CYS,CB,A,94,.,.,.,LEU,CD1,659,710,4.68469,0,4.38876,-6.95588,5,0
A,87,.,.,.,CYS,CB,A,95,.,.,.,VAL,C,659,714,0.217271,0,4.83705,-0.164374,5,0
A,87,.,.,.,CYS,CB,A,95,.,.,.,VAL,O,659,715,1.25269,0,3.95896,-0.677247,5,0
A,87,.,.,.,CYS,CB,A,96,.,.,.,GLN,CA,659,720,0.117333,0,4.7182,0.0483761,5,0
A,87,.,.,.,CYS,SG,A,94,.,.,.,LEU,CG,660,709,1.76062,0,5.46646,-2.12952,5,0
A,87,.,.,.,CYS,SG,A,94,.,.,.,LEU,CD2,660,711,0.906525,0,5.60664,-0.32966,5,0
A,87,.,.,.,CYS,SG,A,95,.,.,.,VAL,C,660,714,0.0509725,0,5.08906,-0.0419835,5,0
A,87,.,.,.,CYS,SG,A,96,.,.,.,GLN,CA,660,720,2.71346,0,4.11694,-0.461042,5,0
A,87,.,.,.,CYS,SG,A,96,.,.,.,GLN,CB,660,723,5.76034,0,3.8828,-4.04576,5,0
A,87,.,.,.,CYS,SG,A,96,.,.,.,GLN,CG,660,724,4.08035,0,3.74499,-3.0013,5,0
A,87,.,.,.,CYS,SG,A,96,.,.,.,GLN,CD,660,725,1.65312,0,4.32914,-1.39243,5,0
A,87,.,.,.,CYS,SG,A,96,.,.,.,GLN,OE1,660,726,0.356047,0,4.71776,0.014266,5,0
A,87,.,.,.,CYS,SG,A,96,.,.,.,GLN,NE2,660,727,0.00473415,0,4.91386,0.00098955,5,0
A,87,.,.,.,CYS,SG,A,109,.,.,.,ARG,NH1,660,837,0.0277224,0,6.05201,0.0113962,5,0
A,88,.,.,.,ASN,N,A,88,.,.,.,ASN,CA,661,662,7.16451,0,1.47121,0,0,1
A,88,.,.,.,ASN,N,A,88,.,.,.,ASN,C,661,663,0.835187,0,2.42078,0,0,0
A,88,.,.,.,ASN,N,A,88,.,.,.,ASN,O,661,664,2.27293,0,2.7037,0,0,0
A,88,.,.,.,ASN,N,A,88,.,.,.,ASN,CB,661,665,3.14909,0,2.4845,0,0,0
A,88,.,.,.,ASN,N,A,88,.,.,.,ASN,CG,661,666,0.243049,0,3.16648,0,0,0
A,88,.,.,.,ASN,N,A,88,.,.,.,ASN,ND2,661,668,1.41928,0,3.58746,0,0,0
A,88,.,.,.,ASN,N,A,94,.,.,.,LEU,CD1,661,710,2.21875,0,4.29703,2.12417,5,0
A,88,.,.,.,ASN,N,A,95,.,.,.,VAL,O,661,715,6.71753,0,2.9185,-6.40732,5,0
A,88,.,.,.,ASN,N,A,95,.,.,.,VAL,CB,661,716,0.00527707,0,4.92877,0.00466763,5,0
A,88,.,.,.,ASN,CA,A,88,.,.,.,ASN,C,662,663,7.01655,0,1.49631,0,0,1
A,88,.,.,.,ASN,CA,A,88,.,.,.,ASN,O,662,664,0.560636,0,2.35507,0,0,0
A,88,.,.,.,ASN,CA,A,88,.,.,.,ASN,CB,662,665,8.9307,0.0162348,1.51455,0,0,1
A,88,.,.,.,ASN,CA,A,88,.,.,.,ASN,CG,662,666,1.45745,0,2.55997,0,0,0
A,88,.,.,.,ASN,CA,A,88,.,.,.,ASN,OD1,662,667,2.53729,0.84703,3.15214,0,0,0
A,88,.,.,.,ASN,CA,A,89,.,.,.,PHE,N,662,669,5.12998,0.888222,2.42222,0,1,0
A,88,.,.,.,ASN,CA,A,94,.,.,.,LEU,CD1,662,710,0.0413413,0,4.60936,0.0157448,5,0
A,88,.,.,.,ASN,C,A,88,.,.,.,ASN,O,663,664,7.64209,0,1.21484,0,0,1
A,88,.,.,.,ASN,C,A,88,.,.,.,ASN,CB,663,665,2.72935,0,2.42375,0,0,0
A,88,.,.,.,ASN,C,A,89,.,.,.,PHE,N,663,669,7.38858,0,1.34208,0,1,1
A,88,.,.,.,ASN,C,A,89,.,.,.,PHE,CA,663,670,1.71375,0,2.43071,0,1,0
A,88,.,.,.,ASN,C,A,89,.,.,.,PHE,C,663,671,0.170499,0,3.31443,0,1,0
A,88,.,.,.,ASN,C,A,90,.,.,.,THR,N,663,680,0.172748,0,3.84961,0.299308,2,0
A,88,.,.,.,ASN,C,A,90,.,.,.,THR,OG1,663,685,1.00173,0,3.87737,0.948013,2,0
A,88,.,.,.,ASN,C,A,94,.,.,.,LEU,CD1,663,710,2.76194,0,3.85391,0.546162,5,0
A,88,.,.,.,ASN,O,A,88,.,.,.,ASN,CB,664,665,1.13979,0,3.11709,0,0,0
A,88,.,.,.,ASN,O,A,89,.,.,.,PHE,CA,664,670,2.8314,0,2.74677,0,1,0
A,88,.,.,.,ASN,O,A,90,.,.,.,THR,N,664,680,0.990266,0,3.78491,0.874871,2,0
A,88,.,.,.,ASN,O,A,90,.,.,.,THR,CB,664,684,0.272802,0,4.76259,-0.163675,2,0
A,88,.,.,.,ASN,O,A,90,.,.,.,THR,OG1,664,685,0.713287,0,4.02383,0.232996,2,0
A,88,.,.,.,ASN,O,A,93,.,.,.,ALA,O,664,702,1.3684,0,3.59192,1.48329,5,0
A,88,.,.,.,ASN,O,A,94,.,.,.,LEU,CA,664,705,1.81855,0,3.53621,0.102346,5,0
A,88,.,.,.,ASN,O,A,94,.,.,.,LEU,CD1,664,710,2.73527,0,3.50104,0.476953,5,0
A,88,.,.,.,ASN,O,A,95,.,.,.,VAL,N,664,712,5.14281,0,2.79422,-5.20092,5,0
A,88,.,.,.,ASN,O,A,95,.,.,.,VAL,O,664,715,1.05451,0,3.44593,0.683602,5,0
A,88,.,.,.,ASN,O,A,95,.,.,.,VAL,CB,664,716,2.95974,0,3.83983,-1.29466,5,0
A,88,.,.,.,ASN,O,A,95,.,.,.,VAL,CG2,664,718,1.00326,0,4.18986,0.515052,5,0
A,88,.,.,.,ASN,CB,A,88,.,.,.,ASN,CG,665,666,12.7396,3.59809,1.53885,0,0,1
A,88,.,.,.,ASN,CB,A,88,.,.,.,ASN,OD1,665,667,3.91614,3.05954,2.42613,0,0,0
A,88,.,.,.,ASN,CB,A,88,.,.,.,ASN,ND2,665,668,6.70774,4.10331,2.45315,0,0,0
A,88,.,.,.,ASN,CB,A,89,.,.,.,PHE,N,665,669,3.47891,1.32338,3.14984,0,1,0
A,88,.,.,.,ASN,CB,A,89,.,.,.,PHE,C,665,671,0.00793701,0,4.53811,0,1,0
A,88,.,.,.,ASN,CB,A,89,.,.,.,PHE,O,665,672,1.05817,1.38486,4.73637,0,1,0
A,88,.,.,.,ASN,CB,A,90,.,.,.,THR,OG1,665,685,14.1121,6.78477,3.39876,-10.4794,2,0
A,88,.,.,.,ASN,CB,A,95,.,.,.,VAL,O,665,715,0.741344,0.130939,4.4894,0.0152534,5,0
A,88,.,.,.,ASN,CB,A,95,.,.,.,VAL,CB,665,716,4.41818,2.43911,5.22442,-1.28267,5,0
A,88,.,.,.,ASN,CG,A,88,.,.,.,ASN,OD1,666,667,14.2891,3.98534,1.23989,0,0,1
A,88,.,.,.,ASN,CG,A,88,.,.,.,ASN,ND2,666,668,14.2487,3.80269,1.35194,0,0,1
A,88,.,.,.,ASN,OD1,A,88,.,.,.,ASN,ND2,667,668,1.46376,1.403,2.27577,0,0,0
A,88,.,.,.,ASN,ND2,A,95,.,.,.,VAL,O,668,715,0.503855,1.00439,5.13969,0.361126,5,0
A,89,.,.,.,PHE,N,A,89,.,.,.,PHE,CA,669,670,7.03921,0,1.46095,0,0,1
A,89,.,.,.,PHE,N,A,89,.,.,.,PHE,C,669,671,1.88526,0,2.43106,0,0,0
A,89,.,.,.,PHE,N,A,89,.,.,.,PHE,O,669,672,4.17756,2.39986,2.91593,0,0,0
A,89,.,.,.,PHE,N,A,89,.,.,.,PHE,CB,669,673,5.37773,0.951027,2.49826,0,0,0
A,89,.,.,.,PHE,N,A,90,.,.,.,THR,OG1,669,685,0.139013,0,3.95187,0,1,0
A,89,.,.,.,PHE,N,A,94,.,.,.,LEU,CD1,669,710,0.814118,0,4.24266,0.0859367,5,0
A,89,.,.,.,PHE,CA,A,89,.,.,.,PHE,C,670,671,6.3495,0,1.55893,0,0,1
A,89,.,.,.,PHE,CA,A,89,.,.,.,PHE,O,670,672,0.740741,0,2.41856,0,0,0
A,89,.,.,.,PHE,CA,A,89,.,.,.,PHE,CB,670,673,8.93707,0,1.53335,0,0,1
A,89,.,.,.,PHE,CA,A,89,.,.,.,PHE,CG,670,674,1.38946,0,2.50189,0,0,0
A,89,.,.,.,PHE,CA,A,89,.,.,.,PHE,CD1,670,675,1.26173,0,3.26736,0,0,0
A,89,.,.,.,PHE,CA,A,90,.,.,.,THR,N,670,680,2.6023,0,2.44094,0,1,0
A,89,.,.,.,PHE,CA,A,93,.,.,.,ALA,O,670,702,2.88107,0,3.3618,-1.59325,4,0
A,89,.,.,.,PHE,CA,A,94,.,.,.,LEU,CA,670,705,1.41127,0,4.38649,0.227243,5,0
A,89,.,.,.,PHE,CA,A,94,.,.,.,LEU,CD1,670,710,1.23768,0,4.44797,-0.759552,5,0
A,89,.,.,.,PHE,C,A,89,.,.,.,PHE,O,671,672,8.36067,0,1.22523,0,0,1
A,89,.,.,.,PHE,C,A,89,.,.,.,PHE,CB,671,673,0.9966,0,2.56132,0,0,0
A,89,.,.,.,PHE,C,A,89,.,.,.,PHE,CG,671,674,0.155965,0,3.12094,0,0,0
A,89,.,.,.,PHE,C,A,89,.,.,.,PHE,CD2,671,676,3.15179,0,3.32466,0,0,0
A,89,.,.,.,PHE,C,A,90,.,.,.,THR,N,671,680,7.27328,0,1.31935,0,1,1
A,89,.,.,.,PHE,C,A,90,.,.,.,THR,CA,671,681,1.76407,0,2.43747,0,1,0
A,89,.,.,.,PHE,C,A,90,.,.,.,THR,OG1,671,685,2.02127,0,3.15504,0,1,0
A,89,.,.,.,PHE,O,A,89,.,.,.,PHE,CB,672,673,4.43935,2.75603,3.04226,0,0,0
A,89,.,.,.,PHE,O,A,89,.,.,.,PHE,CD2,672,676,4.36071,3.67347,3.64571,0,0,0
A,89,.,.,.,PHE,O,A,90,.,.,.,THR,CA,672,681,7.46851,4.47631,2.8079,0,1,0
A,89,.,.,.,PHE,O,A,90,.,.,.,THR,CB,672,684,0.305997,0.501029,3.68495,0,1,0
A,89,.,.,.,PHE,O,A,90,.,.,.,THR,OG1,672,685,3.10815,1.89803,3.37943,0,1,0
A,89,.,.,.,PHE,CB,A,89,.,.,.,PHE,CG,673,674,6.42326,0,1.47715,0,0,1
A,89,.,.,.,PHE,CB,A,89,.,.,.,PHE,CD1,673,675,3.31687,0,2.47453,0,0,0
A,89,.,.,.,PHE,CB,A,89,.,.,.,PHE,CD2,673,676,6.1368,2.53575,2.49141,0,0,0
A,89,.,.,.,PHE,CB,A,94,.,.,.,LEU,CD1,673,710,2.84533,0,4.57175,-4.96842,5,0
A,89,.,.,.,PHE,CG,A,89,.,.,.,PHE,CD1,674,675,7.16983,0,1.36832,0,0,1
A,89,.,.,.,PHE,CG,A,89,.,.,.,PHE,CD2,674,676,7.83705,0,1.39732,0,0,1
A,89,.,.,.,PHE,CG,A,90,.,.,.,THR,N,674,680,0.248212,0,3.71727,0,1,0
A,89,.,.,.,PHE,CG,A,93,.,.,.,ALA,O,674,702,0.271643,0,3.81322,-0.0201507,4,0
A,89,.,.,.,PHE,CD1,A,89,.,.,.,PHE,CD2,675,676,0.836385,0,2.38174,0,0,0
A,89,.,.,.,PHE,CD1,A,89,.,.,.,PHE,CE1,675,677,10.4313,0,1.39534,0,0,1
A,89,.,.,.,PHE,CD1,A,89,.,.,.,PHE,CE2,675,678,0.0381594,0,2.75556,0,0,0
A,89,.,.,.,PHE,CD1,A,89,.,.,.,PHE,CZ,675,679,0.0634187,0,2.40885,0,0,0
A,89,.,.,.,PHE,CD1,A,93,.,.,.,ALA,N,675,699,0.0889477,0,4.24783,0.00380535,4,0
A,89,.,.,.,PHE,CD1,A,93,.,.,.,ALA,C,675,701,1.6354,0,3.5384,-0.170598,4,0
A,89,.,.,.,PHE,CD1,A,93,.,.,.,ALA,O,675,702,1.42845,0,3.51908,0.164127,4,0
A,89,.,.,.,PHE,CD1,A,94,.,.,.,LEU,N,675,704,1.26745,0,3.61436,0.625788,5,0
A,89,.,.,.,PHE,CD1,A,94,.,.,.,LEU,CA,675,705,2.22199,0,3.94657,-0.46054,5,0
A,89,.,.,.,PHE,CD1,A,94,.,.,.,LEU,CB,675,708,2.15357,0,4.26864,-2.31528,5,0
A,89,.,.,.,PHE,CD1,A,94,.,.,.,LEU,CD1,675,710,1.17263,0,4.68365,-1.95198,5,0
A,89,.,.,.,PHE,CD2,A,89,.,.,.,PHE,CE2,676,678,17.535,4.26255,1.35721,0,0,1
A,89,.,.,.,PHE,CD2,A,90,.,.,.,THR,N,676,680,2.52912,0,3.80044,0,1,0
A,89,.,.,.,PHE,CD2,A,90,.,.,.,THR,CA,676,681,0.757781,0.424003,4.8015,0,1,0
A,89,.,.,.,PHE,CD2,A,90,.,.,.,THR,C,676,682,0.00950961,0,5.08612,0,1,0
A,89,.,.,.,PHE,CD2,A,91,.,.,.,ASP,N,676,687,0.28204,0.549285,5.45594,0.208183,2,0
A,89,.,.,.,PHE,CD2,A,92,.,.,.,GLY,N,676,695,0.635234,0.204527,4.63967,-0.126756,3,0
A,89,.,.,.,PHE,CD2,A,93,.,.,.,ALA,N,676,699,0.26974,0,4.57331,0.01154,4,0
A,89,.,.,.,PHE,CD2,A,93,.,.,.,ALA,O,676,702,0.0681893,0,4.40649,0.00783488,4,0
A,89,.,.,.,PHE,CE1,A,89,.,.,.,PHE,CZ,677,679,12.7781,1.24512,1.409,0,0,1
A,89,.,.,.,PHE,CE1,A,92,.,.,.,GLY,C,677,697,0.418531,0,3.74523,-0.342848,3,0
A,89,.,.,.,PHE,CE1,A,92,.,.,.,GLY,O,677,698,1.91646,0.290978,3.95366,-0.384488,3,0
A,89,.,.,.,PHE,CE1,A,93,.,.,.,ALA,N,677,699,0.922824,0,3.69999,0.013352,4,0
A,89,.,.,.,PHE,CE1,A,93,.,.,.,ALA,CA,677,700,3.34293,0,3.82316,-2.54682,4,0
A,89,.,.,.,PHE,CE1,A,93,.,.,.,ALA,C,677,701,1.26017,0,3.58858,-0.463378,4,0
A,89,.,.,.,PHE,CE1,A,94,.,.,.,LEU,N,677,704,1.92144,0,3.74453,0.123966,5,0
A,89,.,.,.,PHE,CE1,A,109,.,.,.,ARG,O,677,831,0.0168139,0,5.15265,0.00160969,5,0
A,89,.,.,.,PHE,CE2,A,89,.,.,.,PHE,CZ,678,679,10.0121,0,1.38613,0,0,1
A,89,.,.,.,PHE,CE2,A,90,.,.,.,THR,N,678,680,0.00445786,0,4.56317,0,1,0
A,89,.,.,.,PHE,CE2,A,92,.,.,.,GLY,N,678,695,4.13173,2.25272,3.99316,-1.50744,3,0
A,89,.,.,.,PHE,CE2,A,92,.,.,.,GLY,CA,678,696,5.15118,0.00297635,3.56849,-3.96863,3,0
A,89,.,.,.,PHE,CE2,A,93,.,.,.,ALA,N,678,699,0.735509,0,4.0826,-0.120941,4,0
A,89,.,.,.,PHE,CZ,A,92,.,.,.,GLY,CA,679,696,2.73366,0,3.43973,-2.34671,3,0
A,89,.,.,.,PHE,CZ,A,92,.,.,.,GLY,C,679,697,2.7978,0,3.27444,-1.53923,3,0
A,89,.,.,.,PHE,CZ,A,92,.,.,.,GLY,O,679,698,2.67316,0.921692,3.60102,-0.596991,3,0
A,89,.,.,.,PHE,CZ,A,93,.,.,.,ALA,N,679,699,0.897617,0,3.60709,-0.197566,4,0
A,90,.,.,.,THR,N,A,90,.,.,.,THR,CA,680,681,7.14201,0,1.45681,0,0,1
A,90,.,.,.,THR,N,A,90,.,.,.,THR,C,680,682,2.22218,0,2.40854,0,0,0
A,90,.,.,.,THR,N,A,90,.,.,.,THR,O,680,683,1.04086,0,2.84487,0,0,0
A,90,.,.,.,THR,N,A,90,.,.,.,THR,CB,680,684,3.03024,0,2.47239,0,0,0
A,90,.,.,.,THR,N,A,90,.,.,.,THR,OG1,680,685,0.791945,0,2.78303,0,0,0
A,90,.,.,.,THR,N,A,92,.,.,.,GLY,N,680,695,0.189777,0,4.55768,0.187521,2,0
A,90,.,.,.,THR,N,A,93,.,.,.,ALA,N,680,699,0.752808,0,4.27619,1.09914,3,0
A,90,.,.,.,THR,N,A,93,.,.,.,ALA,O,680,702,5.65678,0,2.87467,-4.02765,3,0
A,90,.,.,.,THR,N,A,95,.,.,.,VAL,CG2,680,718,0.239237,0,4.93876,0.215176,5,0
A,90,.,.,.,THR,CA,A,90,.,.,.,THR,C,681,682,6.24975,0,1.53143,0,0,1
A,90,.,.,.,THR,CA,A,90,.,.,.,THR,O,681,683,0.365001,0,2.42434,0,0,0
A,90,.,.,.,THR,CA,A,90,.,.,.,THR,CB,681,684,8.55217,0.0546909,1.51693,0,0,1
A,90,.,.,.,THR,CA,A,90,.,.,.,THR,OG1,681,685,0.244053,0,2.42248,0,0,0
A,90,.,.,.,THR,CA,A,90,.,.,.,THR,CG2,681,686,4.78317,2.61388,2.51388,0,0,0
A,90,.,.,.,THR,CA,A,91,.,.,.,ASP,N,681,687,7.10218,3.4675,2.42359,0,1,0
A,90,.,.,.,THR,CA,A,92,.,.,.,GLY,N,681,695,0.00364205,0,4.39675,0.00193284,2,0
A,90,.,.,.,THR,C,A,90,.,.,.,THR,O,682,683,7.19682,0,1.25103,0,0,1
A,90,.,.,.,THR,C,A,90,.,.,.,THR,CB,682,684,2.09015,0,2.45107,0,0,0
A,90,.,.,.,THR,C,A,90,.,.,.,THR,CG2,682,686,1.40074,0,3.03016,0,0,0
A,90,.,.,.,THR,C,A,91,.,.,.,ASP,N,682,687,6.60764,0,1.33519,0,1,1
A,90,.,.,.,THR,C,A,91,.,.,.,ASP,CA,682,688,0.65356,0,2.46158,0,1,0
A,90,.,.,.,THR,C,A,91,.,.,.,ASP,C,682,689,0.333186,0,2.99349,0,1,0
A,90,.,.,.,THR,C,A,91,.,.,.,ASP,CB,682,691,1.46902,0,3.11324,0,1,0
A,90,.,.,.,THR,C,A,91,.,.,.,ASP,CG,682,692,0.0291682,0,3.68556,0,1,0
A,90,.,.,.,THR,C,A,92,.,.,.,GLY,N,682,695,2.42477,0,3.22167,1.21073,2,0
A,90,.,.,.,THR,C,A,93,.,.,.,ALA,N,682,699,0.424547,0,3.8956,0.557991,3,0
A,90,.,.,.,THR,O,A,90,.,.,.,THR,CB,683,684,4.03471,0.879971,2.99114,0,0,0
A,90,.,.,.,THR,O,A,90,.,.,.,THR,CG2,683,686,0.001241,0,3.75194,0,0,0
A,90,.,.,.,THR,O,A,91,.,.,.,ASP,CA,683,688,0.423018,0,2.82365,0,1,0
A,90,.,.,.,THR,O,A,91,.,.,.,ASP,C,683,689,2.01971,0,2.8883,0,1,0
A,90,.,.,.,THR,O,A,91,.,.,.,ASP,O,683,690,1.02627,0,3.34295,0,1,0
A,90,.,.,.,THR,O,A,91,.,.,.,ASP,CB,683,691,5.94063,3.16222,3.13382,0,1,0
A,90,.,.,.,THR,O,A,92,.,.,.,GLY,N,683,695,0.166814,0,3.26901,0.0396981,2,0
A,90,.,.,.,THR,O,A,93,.,.,.,ALA,N,683,699,3.61344,0,3.14147,-2.6388,3,0
A,90,.,.,.,THR,O,A,93,.,.,.,ALA,CA,683,700,0.112455,0,3.88253,0.0523187,3,0
A,90,.,.,.,THR,O,A,93,.,.,.,ALA,O,683,702,2.64035,0,3.2136,2.24127,3,0
A,90,.,.,.,THR,O,A,93,.,.,.,ALA,CB,683,703,4.50315,1.52742,4.03975,-0.18085,3,0
A,90,.,.,.,THR,O,A,95,.,.,.,VAL,CG2,683,718,4.6714,2.03928,4.39563,-0.259177,5,0
A,90,.,.,.,THR,CB,A,90,.,.,.,THR,OG1,684,685,14.3422,2.1682,1.43775,0,0,1
A,90,.,.,.,THR,CB,A,90,.,.,.,THR,CG2,684,686,18.1787,5.82308,1.56703,0,0,1
A,90,.,.,.,THR,CB,A,91,.,.,.,ASP,CB,684,691,0.0157911,0,4.83353,0,1,0
A,90,.,.,.,THR,CB,A,91,.,.,.,ASP,OD2,684,694,0.00690624,0.111613,4.9237,0,1,0
A,90,.,.,.,THR,CB,A,93,.,.,.,ALA,O,684,702,0.0136255,0,4.50032,-0.00809609,3,0
A,90,.,.,.,THR,CB,A,95,.,.,.,VAL,CB,684,716,0.798774,0.834251,5.31267,-0.526355,5,0
A,90,.,.,.,THR,CB,A,95,.,.,.,VAL,CG2,684,718,9.74636,3.61489,4.58859,-7.47211,5,0
A,90,.,.,.,THR,OG1,A,90,.,.,.,THR,CG2,685,686,5.55337,5.50194,2.48761,0,0,0
A,90,.,.,.,THR,OG1,A,95,.,.,.,VAL,CB,685,716,1.66958,0.779136,5.09967,-0.767495,5,0
A,90,.,.,.,THR,OG1,A,95,.,.,.,VAL,CG2,685,718,0.0043223,0,4.79302,-0.000127814,5,0
A,90,.,.,.,THR,CG2,A,91,.,.,.,ASP,N,686,687,3.66664,1.18163,3.3881,0,1,0
A,90,.,.,.,THR,CG2,A,91,.,.,.,ASP,CB,686,691,0.35909,0,4.47928,0,1,0
A,90,.,.,.,THR,CG2,A,91,.,.,.,ASP,CG,686,692,3.59877,0,3.92406,0,1,0
A,90,.,.,.,THR,CG2,A,91,.,.,.,ASP,OD1,686,693,4.9914,3.99278,4.03121,0,1,0
A,90,.,.,.,THR,CG2,A,91,.,.,.,ASP,OD2,686,694,7.38556,5.94585,3.99361,0,1,0
A,91,.,.,.,ASP,N,A,91,.,.,.,ASP,CA,687,688,10.537,2.63726,1.47758,0,0,1
A,91,.,.,.,ASP,N,A,91,.,.,.,ASP,C,687,689,0.039579,0,2.49404,0,0,0
A,91,.,.,.,ASP,N,A,91,.,.,.,ASP,CB,687,691,0.693079,0,2.49088,0,0,0
A,91,.,.,.,ASP,N,A,91,.,.,.,ASP,CG,687,692,1.09632,0,2.99078,0,0,0
A,91,.,.,.,ASP,N,A,91,.,.,.,ASP,OD1,687,693,3.58037,2.00857,3.07651,0,0,0
A,91,.,.,.,ASP,N,A,92,.,.,.,GLY,N,687,695,4.2087,1.83336,2.85091,0,1,0
A,91,.,.,.,ASP,CA,A,91,.,.,.,ASP,C,688,689,10.5599,2.97074,1.53227,0,0,1
A,91,.,.,.,ASP,CA,A,91,.,.,.,ASP,CB,688,691,10.9253,2.44744,1.53713,0,0,1
A,91,.,.,.,ASP,CA,A,91,.,.,.,ASP,CG,688,692,0.323287,0,2.54158,0,0,0
A,91,.,.,.,ASP,CA,A,91,.,.,.,ASP,OD1,688,693,5.99937,3.746,2.79984,0,0,0
A,91,.,.,.,ASP,CA,A,92,.,.,.,GLY,N,688,695,4.56165,2.85971,2.43877,0,1,0
A,91,.,.,.,ASP,C,A,91,.,.,.,ASP,O,689,690,10.4294,2.50173,1.23656,0,0,1
A,91,.,.,.,ASP,C,A,91,.,.,.,ASP,CB,689,691,1.17998,0.0474991,2.48751,0,0,0
A,91,.,.,.,ASP,C,A,92,.,.,.,GLY,N,689,695,9.00014,1.69239,1.33582,0,1,1
A,91,.,.,.,ASP,C,A,92,.,.,.,GLY,CA,689,696,2.50028,1.19765,2.48968,0,1,0
A,91,.,.,.,ASP,C,A,92,.,.,.,GLY,C,689,697,0.0256786,0,3.26281,0,1,0
A,91,.,.,.,ASP,C,A,93,.,.,.,ALA,N,689,699,1.01165,0,3.34998,1.68467,2,0
A,91,.,.,.,ASP,O,A,91,.,.,.,ASP,CB,690,691,10.3441,6.67384,2.66065,0,0,0
A,91,.,.,.,ASP,O,A,92,.,.,.,GLY,CA,690,696,4.92341,3.04445,2.87111,0,1,0
A,91,.,.,.,ASP,O,A,92,.,.,.,GLY,C,690,697,2.96713,1.54757,3.27518,0,1,0
A,91,.,.,.,ASP,O,A,93,.,.,.,ALA,N,690,699,1.26943,0,3.41878,1.1684,2,0
A,91,.,.,.,ASP,O,A,93,.,.,.,ALA,CB,690,703,4.70485,3.91676,4.50166,2.92255,2,0
A,91,.,.,.,ASP,CB,A,91,.,.,.,ASP,CG,691,692,13.2718,3.49685,1.50552,0,0,1
A,91,.,.,.,ASP,CB,A,91,.,.,.,ASP,OD1,691,693,1.27826,0.97803,2.37786,0,0,0
A,91,.,.,.,ASP,CB,A,91,.,.,.,ASP,OD2,691,694,7.57322,5.8867,2.36597,0,0,0
A,91,.,.,.,ASP,CB,A,93,.,.,.,ALA,CB,691,703,0.00444149,0.106845,6.04081,0.00295526,2,0
A,91,.,.,.,ASP,CG,A,91,.,.,.,ASP,OD1,692,693,14.2347,3.98483,1.25323,0,0,1
A,91,.,.,.,ASP,CG,A,91,.,.,.,ASP,OD2,692,694,14.7601,3.94188,1.25662,0,0,1
A,91,.,.,.,ASP,OD1,A,91,.,.,.,ASP,OD2,693,694,1.9082,3.15577,2.21216,0,0,0
A,92,.,.,.,GLY,N,A,92,.,.,.,GLY,CA,695,696,14.1404,4.17818,1.47809,0,0,1
A,92,.,.,.,GLY,N,A,93,.,.,.,ALA,N,695,699,1.83611,0,2.90737,0,1,0
A,92,.,.,.,GLY,CA,A,92,.,.,.,GLY,C,696,697,9.30823,0.14966,1.54285,0,0,1
A,92,.,.,.,GLY,CA,A,92,.,.,.,GLY,O,696,698,4.08766,2.07179,2.38115,0,0,0
A,92,.,.,.,GLY,CA,A,93,.,.,.,ALA,N,696,699,1.42002,0,2.46919,0,1,0
A,92,.,.,.,GLY,C,A,92,.,.,.,GLY,O,697,698,10.1489,1.62365,1.198,0,0,1
A,92,.,.,.,GLY,C,A,93,.,.,.,ALA,N,697,699,7.10164,0,1.32667,0,1,1
A,92,.,.,.,GLY,C,A,93,.,.,.,ALA,CA,697,700,1.42694,0,2.43038,0,1,0
A,92,.,.,.,GLY,C,A,93,.,.,.,ALA,CB,697,703,1.57502,0.352998,3.37217,0,1,0
A,92,.,.,.,GLY,O,A,93,.,.,.,ALA,CA,698,700,4.44554,0,2.71674,0,1,0
A,92,.,.,.,GLY,O,A,93,.,.,.,ALA,CB,698,703,1.56844,0.588268,3.53241,0,1,0
A,92,.,.,.,GLY,O,A,110,.,.,.,LYS,CA,698,840,2.4859,0,4.57516,1.41768,5,0
A,92,.,.,.,GLY,O,A,110,.,.,.,LYS,CB,698,843,7.03427,3.46113,4.20379,1.11279,5,0
A,92,.,.,.,GLY,O,A,111,.,.,.,LEU,N,698,848,2.70997,3.38341,5.06086,2.47056,5,0
A,93,.,.,.,ALA,N,A,93,.,.,.,ALA,CA,699,700,6.63459,0,1.46396,0,0,1
A,93,.,.,.,ALA,N,A,93,.,.,.,ALA,C,699,701,0.783114,0,2.43015,0,0,0
A,93,.,.,.,ALA,N,A,93,.,.,.,ALA,O,699,702,2.20522,0,2.73779,0,0,0
A,93,.,.,.,ALA,N,A,93,.,.,.,ALA,CB,699,703,3.03696,0,2.49193,0,0,0
A,93,.,.,.,ALA,CA,A,93,.,.,.,ALA,C,700,701,6.57194,0,1.51973,0,0,1
A,93,.,.,.,ALA,CA,A,93,.,.,.,ALA,O,700,702,0.439659,0,2.40612,0,0,0
A,93,.,.,.,ALA,CA,A,93,.,.,.,ALA,CB,700,703,9.85416,0,1.55451,0,0,1
A,93,.,.,.,ALA,CA,A,94,.,.,.,LEU,N,700,704,2.8707,0,2.41887,0,1,0
A,93,.,.,.,ALA,CA,A,109,.,.,.,ARG,O,700,831,3.34983,0,3.53152,-0.823429,5,0
A,93,.,.,.,ALA,CA,A,110,.,.,.,LYS,CA,700,840,1.1205,0,4.7374,0.878817,5,0
A,93,.,.,.,ALA,CA,A,110,.,.,.,LYS,CB,700,843,0.942962,0,4.45878,0.45538,5,0
A,93,.,.,.,ALA,C,A,93,.,.,.,ALA,O,701,702,7.67038,0,1.23319,0,0,1
A,93,.,.,.,ALA,C,A,93,.,.,.,ALA,CB,701,703,2.82897,0,2.51964,0,0,0
A,93,.,.,.,ALA,C,A,94,.,.,.,LEU,N,701,704,6.51033,0,1.34023,0,1,1
A,93,.,.,.,ALA,C,A,94,.,.,.,LEU,CA,701,705,1.23668,0,2.43935,0,1,0
A,93,.,.,.,ALA,C,A,94,.,.,.,LEU,C,701,706,1.21176,0,3.1009,0,1,0
A,93,.,.,.,ALA,C,A,95,.,.,.,VAL,CG2,701,718,0.883226,0,4.23662,-0.220027,2,0
A,93,.,.,.,ALA,O,A,93,.,.,.,ALA,CB,702,703,0.373511,0,3.25766,0,0,0
A,93,.,.,.,ALA,O,A,94,.,.,.,LEU,CA,702,705,2.25648,0,2.79992,0,1,0
A,93,.,.,.,ALA,O,A,94,.,.,.,LEU,C,702,706,0.101966,0,3.34137,0,1,0
A,93,.,.,.,ALA,O,A,95,.,.,.,VAL,N,702,712,0.818936,0,3.55978,0.884566,2,0
A,93,.,.,.,ALA,O,A,95,.,.,.,VAL,CG2,702,718,3.88216,0,3.77938,-1.64998,2,0
A,93,.,.,.,ALA,CB,A,94,.,.,.,LEU,N,703,704,1.20841,0,3.235,0,1,0
A,93,.,.,.,ALA,CB,A,94,.,.,.,LEU,C,703,706,0.252444,0,4.46694,0,1,0
A,93,.,.,.,ALA,CB,A,94,.,.,.,LEU,O,703,707,1.5038,0,4.3075,0,1,0
A,93,.,.,.,ALA,CB,A,95,.,.,.,VAL,CG2,703,718,7.30693,1.84178,4.477,-11.4486,2,0
A,93,.,.,.,ALA,CB,A,108,.,.,.,THR,CB,703,825,8.70056,1.61743,4.75478,-5.16379,5,0
A,93,.,.,.,ALA,CB,A,108,.,.,.,THR,CG2,703,827,1.55257,1.57764,5.23205,0.739162,5,0
A,93,.,.,.,ALA,CB,A,109,.,.,.,ARG,N,703,828,0.920666,0,4.86331,0.894648,5,0
A,93,.,.,.,ALA,CB,A,109,.,.,.,ARG,C,703,830,0.892734,0,4.45047,-0.220862,5,0
A,93,.,.,.,ALA,CB,A,109,.,.,.,ARG,O,703,831,2.22908,0,3.73741,0.242091,5,0
A,93,.,.,.,ALA,CB,A,110,.,.,.,LYS,CB,703,843,8.40947,0.552588,4.04169,-1.31819,5,0
A,93,.,.,.,ALA,CB,A,110,.,.,.,LYS,CD,703,845,5.18751,4.21711,5.07176,2.74303,5,0
A,94,.,.,.,LEU,N,A,94,.,.,.,LEU,CA,704,705,6.56405,0,1.44659,0,0,1
A,94,.,.,.,LEU,N,A,94,.,.,.,LEU,C,704,706,1.02897,0,2.37759,0,0,0
A,94,.,.,.,LEU,N,A,94,.,.,.,LEU,O,704,707,1.59117,0,2.79033,0,0,0
A,94,.,.,.,LEU,N,A,94,.,.,.,LEU,CB,704,708,2.70121,0,2.42748,0,0,0
A,94,.,.,.,LEU,N,A,109,.,.,.,ARG,O,704,831,5.35577,0,2.87342,-4.83628,5,0
A,94,.,.,.,LEU,CA,A,94,.,.,.,LEU,C,705,706,5.94848,0,1.50647,0,0,1
A,94,.,.,.,LEU,CA,A,94,.,.,.,LEU,O,705,707,0.620502,0,2.35278,0,0,0
A,94,.,.,.,LEU,CA,A,94,.,.,.,LEU,CB,705,708,7.50156,0,1.51716,0,0,1
A,94,.,.,.,LEU,CA,A,94,.,.,.,LEU,CG,705,709,1.21927,0,2.52654,0,0,0
A,94,.,.,.,LEU,CA,A,94,.,.,.,LEU,CD1,705,710,3.02526,0,3.07061,0,0,0
A,94,.,.,.,LEU,CA,A,95,.,.,.,VAL,N,705,712,2.11636,0,2.42254,0,1,0
A,94,.,.,.,LEU,CA,A,109,.,.,.,ARG,O,705,831,0.00534243,0,3.76373,0.00372254,5,0
A,94,.,.,.,LEU,C,A,94,.,.,.,LEU,O,706,707,8.62465,0,1.21376,0,0,1
A,94,.,.,.,LEU,C,A,94,.,.,.,LEU,CB,706,708,0.89832,0,2.50322,0,0,0
A,94,.,.,.,LEU,C,A,94,.,.,.,LEU,CG,706,709,3.31562,0,3.05681,0,0,0
A,94,.,.,.,LEU,C,A,95,.,.,.,VAL,N,706,712,7.19709,0,1.31261,0,1,1
A,94,.,.,.,LEU,C,A,95,.,.,.,VAL,CA,706,713,1.63954,0,2.46854,0,1,0
A,94,.,.,.,LEU,C,A,95,.,.,.,VAL,C,706,714,0.192746,0,3.39839,0,1,0
A,94,.,.,.,LEU,C,A,95,.,.,.,VAL,CG2,706,718,1.52719,0,3.56145,0,1,0
A,94,.,.,.,LEU,C,A,96,.,.,.,GLN,N,706,719,0.327766,0,4.10258,0.680737,2,0
A,94,.,.,.,LEU,O,A,94,.,.,.,LEU,CB,707,708,2.02569,0,2.98846,0,0,0
A,94,.,.,.,LEU,O,A,94,.,.,.,LEU,CG,707,709,1.30463,0.0297144,3.65879,0,0,0
A,94,.,.,.,LEU,O,A,95,.,.,.,VAL,CA,707,713,3.37831,0,2.78888,0,1,0
A,94,.,.,.,LEU,O,A,95,.,.,.,VAL,CG2,707,718,0.713489,0,3.87806,0,1,0
A,94,.,.,.,LEU,O,A,96,.,.,.,GLN,N,707,719,0.402577,0,4.13522,0.369911,2,0
A,94,.,.,.,LEU,O,A,96,.,.,.,GLN,CB,707,723,0.0465129,0.0771363,5.58883,0.00453587,2,0
A,94,.,.,.,LEU,O,A,107,.,.,.,ILE,O,707,816,2.02769,0,3.84927,1.49433,5,0
A,94,.,.,.,LEU,O,A,108,.,.,.,THR,CA,707,822,4.25794,0,3.24456,-2.94233,5,0
A,94,.,.,.,LEU,O,A,108,.,.,.,THR,CB,707,825,1.93212,0,3.87703,-1.29614,5,0
A,94,.,.,.,LEU,O,A,109,.,.,.,ARG,N,707,828,6.35439,0,2.85827,-4.33047,5,0
A,94,.,.,.,LEU,O,A,109,.,.,.,ARG,O,707,831,0.387409,0,3.66984,0.318411,5,0
A,94,.,.,.,LEU,O,A,109,.,.,.,ARG,CB,707,832,0.391803,0,4.21644,-0.0830046,5,0
A,94,.,.,.,LEU,O,A,109,.,.,.,ARG,CG,707,833,0.89601,0,4.71759,-0.0434968,5,0
A,94,.,.,.,LEU,O,A,109,.,.,.,ARG,NH1,707,837,0.289902,0.0771235,5.62164,0.0813586,5,0
A,94,.,.,.,LEU,CB,A,94,.,.,.,LEU,CG,708,709,8.80324,0,1.52574,0,0,1
A,94,.,.,.,LEU,CB,A,94,.,.,.,LEU,CD1,708,710,2.19872,0,2.58649,0,0,0
A,94,.,.,.,LEU,CB,A,94,.,.,.,LEU,CD2,708,711,4.18218,0,2.49615,0,0,0
A,94,.,.,.,LEU,CB,A,109,.,.,.,ARG,N,708,828,0.0706974,0,4.54888,0.0793444,5,0
A,94,.,.,.,LEU,CB,A,109,.,.,.,ARG,CA,708,829,0.00632204,0,4.72798,0.00287772,5,0
A,94,.,.,.,LEU,CB,A,109,.,.,.,ARG,O,708,831,1.77147,0,3.74077,0.524009,5,0
A,94,.,.,.,LEU,CB,A,109,.,.,.,ARG,CB,708,832,4.6547,0,4.26446,-1.97571,5,0
A,94,.,.,.,LEU,CB,A,109,.,.,.,ARG,CG,708,833,0.00268245,0,5.08098,-3.93843e-05,5,0
A,94,.,.,.,LEU,CG,A,94,.,.,.,LEU,CD1,709,710,11.3986,0,1.59626,0,0,1
A,94,.,.,.,LEU,CG,A,94,.,.,.,LEU,CD2,709,711,13.8652,0,1.54849,0,0,1
A,94,.,.,.,LEU,CG,A,95,.,.,.,VAL,N,709,712,1.65267,0,3.60829,0,1,0
A,94,.,.,.,LEU,CG,A,95,.,.,.,VAL,C,709,714,1.90898,0,4.81873,0,1,0
A,94,.,.,.,LEU,CG,A,95,.,.,.,VAL,O,709,715,0.100243,0,4.91648,0,1,0
A,94,.,.,.,LEU,CG,A,96,.,.,.,GLN,N,709,719,0.460445,0,5.30521,0.541663,2,0
A,94,.,.,.,LEU,CG,A,96,.,.,.,GLN,CB,709,723,2.82029,0.0214498,5.80528,0.132056,2,0
A,94,.,.,.,LEU,CG,A,109,.,.,.,ARG,CB,709,832,0.0845676,0,5.00677,-0.0271535,5,0
A,94,.,.,.,LEU,CG,A,109,.,.,.,ARG,CG,709,833,0.651663,0,5.43478,-0.305585,5,0
A,94,.,.,.,LEU,CG,A,109,.,.,.,ARG,NH1,709,837,1.76869,0.0272313,5.26525,-0.323784,5,0
A,94,.,.,.,LEU,CD1,A,94,.,.,.,LEU,CD2,710,711,3.68878,0,2.60209,0,0,0
A,94,.,.,.,LEU,CD1,A,95,.,.,.,VAL,N,710,712,1.08701,0,3.91057,0,1,0
A,94,.,.,.,LEU,CD1,A,95,.,.,.,VAL,O,710,715,0.604251,0,4.77303,0,1,0
A,94,.,.,.,LEU,CD2,A,96,.,.,.,GLN,CB,711,723,0.144278,0,6.18443,0.0111741,2,0
A,94,.,.,.,LEU,CD2,A,109,.,.,.,ARG,CB,711,832,1.88788,0,4.78815,-1.58931,5,0
A,94,.,.,.,LEU,CD2,A,109,.,.,.,ARG,CG,711,833,0.339144,0,5.05149,-0.0396416,5,0
A,94,.,.,.,LEU,CD2,A,109,.,.,.,ARG,CD,711,834,4.1699,0,4.60369,-2.44935,5,0
A,94,.,.,.,LEU,CD2,A,109,.,.,.,ARG,NH1,711,837,3.00398,0,4.69902,-0.886691,5,0
A,95,.,.,.,VAL,N,A,95,.,.,.,VAL,CA,712,713,5.90446,0,1.48879,0,0,1
A,95,.,.,.,VAL,N,A,95,.,.,.,VAL,C,712,714,2.4006,0,2.38335,0,0,0
A,95,.,.,.,VAL,N,A,95,.,.,.,VAL,O,712,715,1.3596,0,2.85082,0,0,0
A,95,.,.,.,VAL,N,A,95,.,.,.,VAL,CB,712,716,1.58333,0,2.46102,0,0,0
A,95,.,.,.,VAL,N,A,95,.,.,.,VAL,CG2,712,718,2.38925,0,2.88008,0,0,0
A,95,.,.,.,VAL,CA,A,95,.,.,.,VAL,C,713,714,5.8873,0,1.50038,0,0,1
A,95,.,.,.,VAL,CA,A,95,.,.,.,VAL,O,713,715,0.318834,0,2.39647,0,0,0
A,95,.,.,.,VAL,CA,A,95,.,.,.,VAL,CB,713,716,6.69663,0,1.50365,0,0,1
A,95,.,.,.,VAL,CA,A,95,.,.,.,VAL,CG1,713,717,2.449,0,2.45443,0,0,0
A,95,.,.,.,VAL,CA,A,95,.,.,.,VAL,CG2,713,718,2.01049,0,2.4974,0,0,0
A,95,.,.,.,VAL,CA,A,96,.,.,.,GLN,N,713,719,3.26058,0,2.3875,0,1,0
A,95,.,.,.,VAL,CA,A,107,.,.,.,ILE,O,713,816,2.41488,0,3.70365,-4.04801,5,0
A,95,.,.,.,VAL,CA,A,108,.,.,.,THR,CA,713,822,0.995448,0,4.51116,-0.128136,5,0
A,95,.,.,.,VAL,CA,A,108,.,.,.,THR,CB,713,825,0.09315,0,4.89315,0.0224628,5,0
A,95,.,.,.,VAL,CA,A,108,.,.,.,THR,CG2,713,827,1.65162,0,4.5164,0.167723,5,0
A,95,.,.,.,VAL,C,A,95,.,.,.,VAL,O,714,715,8.9393,0,1.23845,0,0,1
A,95,.,.,.,VAL,C,A,95,.,.,.,VAL,CB,714,716,1.22504,0,2.45397,0,0,0
A,95,.,.,.,VAL,C,A,95,.,.,.,VAL,CG1,714,717,2.56551,0,2.90688,0,0,0
A,95,.,.,.,VAL,C,A,96,.,.,.,GLN,N,714,719,8.31848,0,1.32216,0,1,1
A,95,.,.,.,VAL,C,A,96,.,.,.,GLN,CA,714,720,2.16287,0,2.47418,0,1,0
A,95,.,.,.,VAL,C,A,96,.,.,.,GLN,C,714,721,0.0109519,0,3.40882,0,1,0
A,95,.,.,.,VAL,C,A,96,.,.,.,GLN,CB,714,723,0.231165,0,3.54929,0,1,0
A,95,.,.,.,VAL,C,A,97,.,.,.,HIS,N,714,728,0.377411,0,3.98452,0.72392,2,0
A,95,.,.,.,VAL,O,A,95,.,.,.,VAL,CB,715,716,3.82973,0.403883,2.95142,0,0,0
A,95,.,.,.,VAL,O,A,95,.,.,.,VAL,CG1,715,717,1.4539,0.932565,3.49955,0,0,0
A,95,.,.,.,VAL,O,A,96,.,.,.,GLN,CA,715,720,2.86328,0,2.8419,0,1,0
A,95,.,.,.,VAL,O,A,97,.,.,.,HIS,N,715,728,0.595986,0,4.02922,0.350544,2,0
A,95,.,.,.,VAL,O,A,97,.,.,.,HIS,CB,715,732,0.326237,0.326779,5.29412,-0.0922054,2,0
A,95,.,.,.,VAL,CB,A,95,.,.,.,VAL,CG1,716,717,14.4049,4.11736,1.52292,0,0,1
A,95,.,.,.,VAL,CB,A,95,.,.,.,VAL,CG2,716,718,12.6717,0.702801,1.55138,0,0,1
A,95,.,.,.,VAL,CB,A,108,.,.,.,THR,CG2,716,827,0.161184,0,4.58707,-0.123399,5,0
A,95,.,.,.,VAL,CG1,A,95,.,.,.,VAL,CG2,717,718,7.18254,4.1251,2.57062,0,0,0
A,95,.,.,.,VAL,CG1,A,96,.,.,.,GLN,N,717,719,2.53976,0,3.39917,0,1,0
A,95,.,.,.,VAL,CG1,A,96,.,.,.,GLN,C,717,721,1.46134,0,4.47169,0,1,0
A,95,.,.,.,VAL,CG1,A,97,.,.,.,HIS,N,717,728,0.871116,0,4.7439,0.556107,2,0
A,95,.,.,.,VAL,CG1,A,97,.,.,.,HIS,CA,717,729,0.0731888,0,5.3015,0.0257423,2,0
A,95,.,.,.,VAL,CG1,A,97,.,.,.,HIS,CB,717,732,8.10079,4.83764,5.02443,-7.96642,2,0
A,95,.,.,.,VAL,CG1,A,106,.,.,.,THR,OG1,717,811,0.180934,0.601847,5.16694,-0.0157702,5,0
A,95,.,.,.,VAL,CG1,A,106,.,.,.,THR,CG2,717,812,13.771,3.87263,3.79395,-15.7019,5,0
A,95,.,.,.,VAL,CG1,A,107,.,.,.,ILE,O,717,816,0.256455,0,4.57725,-0.0110329,5,0
A,95,.,.,.,VAL,CG1,A,108,.,.,.,THR,CG2,717,827,4.33204,1.01488,4.36469,-4.93948,5,0
A,95,.,.,.,VAL,CG2,A,108,.,.,.,THR,CB,718,825,0.685072,0,4.86408,-0.36644,5,0
A,95,.,.,.,VAL,CG2,A,108,.,.,.,THR,CG2,718,827,8.62141,3.17256,4.18915,-9.85651,5,0
A,96,.,.,.,GLN,N,A,96,.,.,.,GLN,CA,719,720,6.86759,0,1.46276,0,0,1
A,96,.,.,.,GLN,N,A,96,.,.,.,GLN,C,719,721,2.33203,0,2.39154,0,0,0
A,96,.,.,.,GLN,N,A,96,.,.,.,GLN,O,719,722,0.726543,0,2.94742,0,0,0
A,96,.,.,.,GLN,N,A,96,.,.,.,GLN,CB,719,723,4.22316,0,2.44357,0,0,0
A,96,.,.,.,GLN,N,A,106,.,.,.,THR,CG2,719,812,0.457102,0,4.81304,0.42086,5,0
A,96,.,.,.,GLN,N,A,107,.,.,.,ILE,O,719,816,6.03798,0,2.80096,-5.37411,5,0
A,96,.,.,.,GLN,CA,A,96,.,.,.,GLN,C,720,721,6.34897,0,1.50098,0,0,1
A,96,.,.,.,GLN,CA,A,96,.,.,.,GLN,O,720,722,0.452945,0,2.38433,0,0,0
A,96,.,.,.,GLN,CA,A,96,.,.,.,GLN,CB,720,723,8.89402,0,1.54015,0,0,1
A,96,.,.,.,GLN,CA,A,96,.,.,.,GLN,CG,720,724,2.0903,0,2.58098,0,0,0
A,96,.,.,.,GLN,CA,A,97,.,.,.,HIS,N,720,728,3.40421,0,2.39549,0,1,0
A,96,.,.,.,GLN,CA,A,107,.,.,.,ILE,O,720,816,0.070523,0,3.56289,0.0548613,5,0
A,96,.,.,.,GLN,C,A,96,.,.,.,GLN,O,721,722,8.54405,0,1.23562,0,0,1
A,96,.,.,.,GLN,C,A,96,.,.,.,GLN,CB,721,723,0.800823,0,2.49958,0,0,0
A,96,.,.,.,GLN,C,A,96,.,.,.,GLN,CG,721,724,2.8075,0,3.04785,0,0,0
A,96,.,.,.,GLN,C,A,97,.,.,.,HIS,N,721,728,8.3024,0,1.32141,0,1,1
A,96,.,.,.,GLN,C,A,97,.,.,.,HIS,CA,721,729,2.28679,0,2.43792,0,1,0
A,96,.,.,.,GLN,C,A,97,.,.,.,HIS,C,721,730,0.468021,0,3.39925,0,1,0
A,96,.,.,.,GLN,C,A,98,.,.,.,GLN,N,721,738,8.30303e-06,0,4.11255,1.26896e-05,2,0
A,96,.,.,.,GLN,C,A,98,.,.,.,GLN,CG,721,743,0.285896,0,5.06063,0.305665,2,0
A,96,.,.,.,GLN,C,A,106,.,.,.,THR,CG2,721,812,0.648523,0,4.61236,-0.15456,5,0
A,96,.,.,.,GLN,O,A,96,.,.,.,GLN,CB,722,723,2.22946,0,2.89199,0,0,0
A,96,.,.,.,GLN,O,A,96,.,.,.,GLN,CG,722,724,1.4977,0,3.40725,0,0,0
A,96,.,.,.,GLN,O,A,97,.,.,.,HIS,CA,722,729,3.49019,0,2.79978,0,1,0
A,96,.,.,.,GLN,O,A,97,.,.,.,HIS,C,722,730,0.00766496,0,3.68978,0,1,0
A,96,.,.,.,GLN,O,A,98,.,.,.,GLN,N,722,738,0.581351,0,4.01456,0.671286,2,0
A,96,.,.,.,GLN,O,A,98,.,.,.,GLN,CG,722,743,2.16256,0,4.76178,0.18506,2,0
A,96,.,.,.,GLN,O,A,105,.,.,.,SER,O,722,803,1.50637,0,3.92579,1.53152,5,0
A,96,.,.,.,GLN,O,A,106,.,.,.,THR,CA,722,807,3.91636,0,3.39451,-1.56809,5,0
A,96,.,.,.,GLN,O,A,106,.,.,.,THR,CB,722,810,0.124733,0,4.08048,-0.0752146,5,0
A,96,.,.,.,GLN,O,A,106,.,.,.,THR,CG2,722,812,2.26174,0,3.88979,0.196246,5,0
A,96,.,.,.,GLN,O,A,107,.,.,.,ILE,N,722,813,5.47987,0,2.86826,-5.60454,5,0
A,96,.,.,.,GLN,O,A,107,.,.,.,ILE,O,722,816,0.940201,0,3.44957,0.682831,5,0
A,96,.,.,.,GLN,O,A,107,.,.,.,ILE,CB,722,817,1.07959,0,4.07826,-0.443493,5,0
A,96,.,.,.,GLN,O,A,107,.,.,.,ILE,CG1,722,818,0.729096,0,4.51953,0.13602,5,0
A,96,.,.,.,GLN,O,A,107,.,.,.,ILE,CD1,722,820,0.65891,0,4.91521,0.407696,5,0
A,96,.,.,.,GLN,CB,A,96,.,.,.,GLN,CG,723,724,8.85937,0,1.51703,0,0,1
A,96,.,.,.,GLN,CB,A,96,.,.,.,GLN,CD,723,725,2.12131,0,2.55694,0,0,0
A,96,.,.,.,GLN,CB,A,96,.,.,.,GLN,OE1,723,726,4.29034,0,2.79267,0,0,0
A,96,.,.,.,GLN,CB,A,107,.,.,.,ILE,O,723,816,4.00678,0,3.45205,1.49804,5,0
A,96,.,.,.,GLN,CB,A,107,.,.,.,ILE,CB,723,817,4.54462,0,4.17853,-2.69277,5,0
A,96,.,.,.,GLN,CB,A,109,.,.,.,ARG,NH1,723,837,4.97151,0.078029,4.28695,0.0232695,5,0
A,96,.,.,.,GLN,CG,A,96,.,.,.,GLN,CD,724,725,10.3544,0,1.55859,0,0,1
A,96,.,.,.,GLN,CG,A,96,.,.,.,GLN,NE2,724,727,2.20221,0,2.47517,0,0,0
A,96,.,.,.,GLN,CG,A,97,.,.,.,HIS,N,724,728,0.612447,0,3.77462,0,1,0
A,96,.,.,.,GLN,CG,A,97,.,.,.,HIS,C,724,730,0.137441,0,4.97165,0,1,0
A,96,.,.,.,GLN,CG,A,98,.,.,.,GLN,CG,724,743,4.07672,0,4.63428,-0.308081,2,0
A,96,.,.,.,GLN,CG,A,98,.,.,.,GLN,CD,724,744,0.0666643,0,5.12235,-0.0736267,2,0
A,96,.,.,.,GLN,CG,A,98,.,.,.,GLN,NE2,724,746,0.0289337,0,4.82156,-0.00796047,2,0
A,96,.,.,.,GLN,CG,A,107,.,.,.,ILE,CB,724,817,0.0368481,0,4.70699,-0.00996273,5,0
A,96,.,.,.,GLN,CG,A,107,.,.,.,ILE,CD1,724,820,1.54039,0,4.57136,-0.287932,5,0
A,96,.,.,.,GLN,CD,A,96,.,.,.,GLN,OE1,725,726,10.353,0,1.23363,0,0,1
A,96,.,.,.,GLN,CD,A,96,.,.,.,GLN,NE2,725,727,11.9178,0,1.33946,0,0,1
A,96,.,.,.,GLN,CD,A,98,.,.,.,GLN,CD,725,744,0.0102654,0,5.11538,-0.0171557,2,0
A,96,.,.,.,GLN,CD,A,98,.,.,.,GLN,NE2,725,746,0.223563,0,4.46289,-0.296428,2,0
A,96,.,.,.,GLN,CD,A,107,.,.,.,ILE,CB,725,817,0.232138,0,4.59401,-0.0555105,5,0
A,96,.,.,.,GLN,CD,A,107,.,.,.,ILE,CD1,725,820,4.59884,0,3.98174,-3.52747,5,0
A,96,.,.,.,GLN,OE1,A,96,.,.,.,GLN,NE2,726,727,1.51728,0.194177,2.25184,0,0,0
A,96,.,.,.,GLN,OE1,A,107,.,.,.,ILE,CB,726,817,1.53688,0,4.18422,-0.15619,5,0
A,96,.,.,.,GLN,OE1,A,107,.,.,.,ILE,CG2,726,819,0.402711,0,4.39335,0.00351353,5,0
A,96,.,.,.,GLN,OE1,A,107,.,.,.,ILE,CD1,726,820,2.81575,0.0518499,3.89543,-0.78092,5,0
A,96,.,.,.,GLN,OE1,A,109,.,.,.,ARG,NH1,726,837,7.93712,0,2.78625,-6.83811,5,0
A,96,.,.,.,GLN,OE1,A,109,.,.,.,ARG,NH2,726,838,5.60401,0.186878,3.48,-4.82806,5,0
A,96,.,.,.,GLN,NE2,A,98,.,.,.,GLN,CG,727,743,0.320341,0,4.64745,-0.0881347,2,0
A,96,.,.,.,GLN,NE2,A,98,.,.,.,GLN,NE2,727,746,4.36995,0,3.6702,-2.05808,2,0
A,96,.,.,.,GLN,NE2,A,107,.,.,.,ILE,CD1,727,820,3.27578,1.72634,4.25727,0.49309,5,0
A,96,.,.,.,GLN,NE2,A,109,.,.,.,ARG,NH2,727,838,0.0810367,0.816187,5.11543,-0.0251171,5,0
A,97,.,.,.,HIS,N,A,97,.,.,.,HIS,CA,728,729,6.73342,0,1.44539,0,0,1
A,97,.,.,.,HIS,N,A,97,.,.,.,HIS,C,728,730,1.87342,0,2.45406,0,0,0
A,97,.,.,.,HIS,N,A,97,.,.,.,HIS,O,728,731,1.18174,0,2.9036,0,0,0
A,97,.,.,.,HIS,N,A,97,.,.,.,HIS,CB,728,732,4.59276,0,2.35833,0,0,0
A,97,.,.,.,HIS,CA,A,97,.,.,.,HIS,C,729,730,6.77234,0,1.53132,0,0,1
A,97,.,.,.,HIS,CA,A,97,.,.,.,HIS,O,729,731,0.632633,0,2.38177,0,0,0
A,97,.,.,.,HIS,CA,A,97,.,.,.,HIS,CB,729,732,9.48999,0,1.52143,0,0,1
A,97,.,.,.,HIS,CA,A,97,.,.,.,HIS,CG,729,733,1.99376,0,2.5218,0,0,0
A,97,.,.,.,HIS,CA,A,98,.,.,.,GLN,N,729,738,3.41687,0,2.45397,0,1,0
A,97,.,.,.,HIS,CA,A,104,.,.,.,GLU,OE2,729,799,0.618634,0,4.47569,0.237407,5,0
A,97,.,.,.,HIS,CA,A,105,.,.,.,SER,O,729,803,2.0592,0,3.83445,1.19847,5,0
A,97,.,.,.,HIS,CA,A,106,.,.,.,THR,CA,729,807,0.934544,0,4.62004,0.111253,5,0
A,97,.,.,.,HIS,CA,A,106,.,.,.,THR,CB,729,810,0.368562,0,4.92239,0.061384,5,0
A,97,.,.,.,HIS,CA,A,106,.,.,.,THR,OG1,729,811,2.30126,0,4.24995,-0.946796,5,0
A,97,.,.,.,HIS,CA,A,106,.,.,.,THR,CG2,729,812,0.659804,0,5.10334,0.141739,5,0
A,97,.,.,.,HIS,C,A,97,.,.,.,HIS,O,730,731,7.76464,0,1.23803,0,0,1
A,97,.,.,.,HIS,C,A,97,.,.,.,HIS,CB,730,732,0.728758,0,2.52517,0,0,0
A,97,.,.,.,HIS,C,A,97,.,.,.,HIS,CG,730,733,0.76171,0,2.98603,0,0,0
A,97,.,.,.,HIS,C,A,97,.,.,.,HIS,CD2,730,735,2.05505,0,3.23872,0,0,0
A,97,.,.,.,HIS,C,A,98,.,.,.,GLN,N,730,738,7.59131,0,1.34053,0,1,1
A,97,.,.,.,HIS,C,A,98,.,.,.,GLN,CA,730,739,2.00165,0,2.46207,0,1,0
A,97,.,.,.,HIS,C,A,98,.,.,.,GLN,CG,730,743,1.57483,0,3.74769,0,1,0
A,97,.,.,.,HIS,O,A,97,.,.,.,HIS,CB,731,732,2.2636,0,2.95706,0,0,0
A,97,.,.,.,HIS,O,A,97,.,.,.,HIS,CD2,731,735,4.15082,0.267533,3.38552,0,0,0
A,97,.,.,.,HIS,O,A,98,.,.,.,GLN,CA,731,739,2.97083,0,2.84851,0,1,0
A,97,.,.,.,HIS,CB,A,97,.,.,.,HIS,CG,732,733,12.726,3.02421,1.47778,0,0,1
A,97,.,.,.,HIS,CB,A,97,.,.,.,HIS,ND1,732,734,5.36231,3.32919,2.50692,0,0,0
A,97,.,.,.,HIS,CB,A,97,.,.,.,HIS,CD2,732,735,2.30768,0.00787266,2.5734,0,0,0
A,97,.,.,.,HIS,CB,A,106,.,.,.,THR,OG1,732,811,1.82504,0.0268645,4.4425,-1.34833,5,0
A,97,.,.,.,HIS,CB,A,106,.,.,.,THR,CG2,732,812,0.41165,0,5.45511,-0.0327875,5,0
A,97,.,.,.,HIS,CG,A,97,.,.,.,HIS,ND1,733,734,9.43065,1.75325,1.37786,0,0,1
A,97,.,.,.,HIS,CG,A,97,.,.,.,HIS,CD2,733,735,11.2248,2.25052,1.35164,0,0,1
A,97,.,.,.,HIS,CG,A,97,.,.,.,HIS,CE1,733,736,1.97721,0.580075,2.2031,0,0,0
A,97,.,.,.,HIS,CG,A,98,.,.,.,GLN,N,733,738,0.947899,0,3.61911,0,1,0
A,97,.,.,.,HIS,CG,A,104,.,.,.,GLU,CG,733,796,0.0430319,0,4.71483,-0.0310857,5,0
A,97,.,.,.,HIS,CG,A,104,.,.,.,GLU,OE2,733,799,1.45823,0,3.70955,-0.565478,5,0
A,97,.,.,.,HIS,CG,A,106,.,.,.,THR,OG1,733,811,0.00918011,0,4.43824,-0.0067509,5,0
A,97,.,.,.,HIS,ND1,A,97,.,.,.,HIS,CE1,734,736,13.3016,5.75704,1.32086,0,0,1
A,97,.,.,.,HIS,ND1,A,104,.,.,.,GLU,OE2,734,799,3.83942,0.385131,3.00221,-3.65631,5,0
A,97,.,.,.,HIS,ND1,A,106,.,.,.,THR,OG1,734,811,5.24542,3.2207,3.84231,-6.44112,5,0
A,97,.,.,.,HIS,CD2,A,97,.,.,.,HIS,CE1,735,736,1.37486,0.380116,2.19725,0,0,0
A,97,.,.,.,HIS,CD2,A,97,.,.,.,HIS,NE2,735,737,11.1636,2.39798,1.38026,0,0,1
A,97,.,.,.,HIS,CD2,A,98,.,.,.,GLN,N,735,738,1.2652,0,3.71479,0,1,0
A,97,.,.,.,HIS,CD2,A,98,.,.,.,GLN,CA,735,739,0.236604,0,4.45591,0,1,0
A,97,.,.,.,HIS,CD2,A,98,.,.,.,GLN,C,735,740,1.51523,0,4.33301,0,1,0
A,97,.,.,.,HIS,CD2,A,98,.,.,.,GLN,O,735,741,0.131345,0,4.50601,0,1,0
A,97,.,.,.,HIS,CD2,A,99,.,.,.,GLU,N,735,747,0.166378,0,4.70671,0.0973491,2,0
A,97,.,.,.,HIS,CD2,A,99,.,.,.,GLU,CG,735,752,5.33976,0.5717,3.72805,-1.51658,2,0
A,97,.,.,.,HIS,CD2,A,99,.,.,.,GLU,CD,735,753,1.96961,1.86247,4.03363,-2.31116,2,0
A,97,.,.,.,HIS,CD2,A,99,.,.,.,GLU,OE2,735,755,0.605396,0.906738,3.65673,-0.382548,2,0
A,97,.,.,.,HIS,CD2,A,104,.,.,.,GLU,CG,735,796,0.572595,0,4.46623,-0.26164,5,0
A,97,.,.,.,HIS,CE1,A,97,.,.,.,HIS,NE2,736,737,11.9206,2.54846,1.31955,0,0,1
A,97,.,.,.,HIS,CE1,A,99,.,.,.,GLU,OE2,736,755,2.89684,3.45686,3.66604,-3.36552,2,0
A,97,.,.,.,HIS,CE1,A,104,.,.,.,GLU,CG,736,796,6.9569,2.43122,3.49824,-2.64839,5,0
A,97,.,.,.,HIS,CE1,A,104,.,.,.,GLU,CD,736,797,2.69257,2.0042,3.592,-1.14718,5,0
A,97,.,.,.,HIS,CE1,A,104,.,.,.,GLU,OE2,736,799,3.452,0.827484,3.09472,-2.10396,5,0
A,97,.,.,.,HIS,NE2,A,99,.,.,.,GLU,CG,737,752,3.11238,0,3.32295,-1.2363,2,0
A,97,.,.,.,HIS,NE2,A,99,.,.,.,GLU,CD,737,753,0.250348,0,3.37928,-0.486976,2,0
A,97,.,.,.,HIS,NE2,A,99,.,.,.,GLU,OE2,737,755,9.53694,2.84869,2.71126,-12.6746,2,0
A,97,.,.,.,HIS,NE2,A,104,.,.,.,GLU,CG,737,796,2.25727,0,3.698,-1.56024,5,0
A,98,.,.,.,GLN,N,A,98,.,.,.,GLN,CA,738,739,6.82848,0,1.45679,0,0,1
A,98,.,.,.,GLN,N,A,98,.,.,.,GLN,C,738,740,1.3491,0,2.45513,0,0,0
A,98,.,.,.,GLN,N,A,98,.,.,.,GLN,O,738,741,1.75879,0,2.85988,0,0,0
A,98,.,.,.,GLN,N,A,98,.,.,.,GLN,CB,738,742,1.4179,0,2.44999,0,0,0
A,98,.,.,.,GLN,N,A,98,.,.,.,GLN,CG,738,743,2.61319,0,2.99771,0,0,0
A,98,.,.,.,GLN,N,A,104,.,.,.,GLU,CG,738,796,0.123659,0,4.97542,0.159594,5,0
A,98,.,.,.,GLN,N,A,104,.,.,.,GLU,OE2,738,799,0.787203,0,4.36651,0.619637,5,0
A,98,.,.,.,GLN,N,A,105,.,.,.,SER,O,738,803,5.86406,0,2.85723,-3.14928,5,0
A,98,.,.,.,GLN,CA,A,98,.,.,.,GLN,C,739,740,6.98843,0,1.51128,0,0,1
A,98,.,.,.,GLN,CA,A,98,.,.,.,GLN,O,739,741,0.635258,0,2.37959,0,0,0
A,98,.,.,.,GLN,CA,A,98,.,.,.,GLN,CB,739,742,8.66281,0,1.52571,0,0,1
A,98,.,.,.,GLN,CA,A,98,.,.,.,GLN,CG,739,743,1.80954,0,2.54432,0,0,0
A,98,.,.,.,GLN,CA,A,99,.,.,.,GLU,N,739,747,3.05632,0,2.4299,0,1,0
A,98,.,.,.,GLN,CA,A,105,.,.,.,SER,O,739,803,0.0721995,0,3.63533,0.0621376,5,0
A,98,.,.,.,GLN,C,A,98,.,.,.,GLN,O,740,741,7.82862,0,1.24273,0,0,1
A,98,.,.,.,GLN,C,A,98,.,.,.,GLN,CB,740,742,2.78086,0,2.45255,0,0,0
A,98,.,.,.,GLN,C,A,99,.,.,.,GLU,N,740,747,7.69375,0,1.32329,0,1,1
A,98,.,.,.,GLN,C,A,99,.,.,.,GLU,CA,740,748,1.41431,0,2.43475,0,1,0
A,98,.,.,.,GLN,C,A,99,.,.,.,GLU,CG,740,752,1.88204,0,3.52845,0,1,0
A,98,.,.,.,GLN,C,A,100,.,.,.,TRP,CE3,740,766,1.27059,0,4.14639,-1.079,2,0
A,98,.,.,.,GLN,C,A,100,.,.,.,TRP,CZ3,740,768,0.036359,0,4.36576,-0.0336609,2,0
A,98,.,.,.,GLN,O,A,98,.,.,.,GLN,CB,741,742,1.52254,0,2.98959,0,0,0
A,98,.,.,.,GLN,O,A,99,.,.,.,GLU,CA,741,748,2.69994,0,2.78022,0,1,0
A,98,.,.,.,GLN,O,A,99,.,.,.,GLU,CG,741,752,0.978113,0,3.62711,0,1,0
A,98,.,.,.,GLN,O,A,100,.,.,.,TRP,CE3,741,766,0.717348,0,3.93682,0.0525342,2,0
A,98,.,.,.,GLN,O,A,100,.,.,.,TRP,CZ3,741,768,1.65575,0,3.85658,-0.437278,2,0
A,98,.,.,.,GLN,O,A,104,.,.,.,GLU,CA,741,792,3.88438,0,3.11704,1.63182,5,0
A,98,.,.,.,GLN,O,A,104,.,.,.,GLU,CB,741,795,0.0119057,0,3.67248,0.00734801,5,0
A,98,.,.,.,GLN,O,A,104,.,.,.,GLU,CG,741,796,4.51711,0,3.31977,3.42371,5,0
A,98,.,.,.,GLN,O,A,104,.,.,.,GLU,OE2,741,799,0.0658088,0,4.13008,0.0888504,5,0
A,98,.,.,.,GLN,O,A,105,.,.,.,SER,N,741,800,4.04636,0,2.9563,-2.30221,5,0
A,98,.,.,.,GLN,O,A,105,.,.,.,SER,O,741,803,1.19146,0,3.43099,1.21136,5,0
A,98,.,.,.,GLN,CB,A,98,.,.,.,GLN,CG,742,743,9.16882,0,1.46793,0,0,1
A,98,.,.,.,GLN,CB,A,98,.,.,.,GLN,CD,742,744,2.58026,0,2.47695,0,0,0
A,98,.,.,.,GLN,CB,A,98,.,.,.,GLN,OE1,742,745,3.83062,0,2.84457,0,0,0
A,98,.,.,.,GLN,CB,A,99,.,.,.,GLU,N,742,747,0.399079,0,3.33414,0,1,0
A,98,.,.,.,GLN,CB,A,100,.,.,.,TRP,CE3,742,766,2.0079,0,4.35823,-1.63457,2,0
A,98,.,.,.,GLN,CB,A,100,.,.,.,TRP,CZ3,742,768,3.28573,0,4.29286,-3.59167,2,0
A,98,.,.,.,GLN,CB,A,105,.,.,.,SER,N,742,800,0.626613,0,4.51141,0.742931,5,0
A,98,.,.,.,GLN,CB,A,105,.,.,.,SER,CA,742,801,0.00570403,0,4.86755,0.003131,5,0
A,98,.,.,.,GLN,CB,A,105,.,.,.,SER,O,742,803,3.13713,0,3.59832,1.24649,5,0
A,98,.,.,.,GLN,CB,A,105,.,.,.,SER,CB,742,804,1.54482,0,4.75957,-0.305745,5,0
A,98,.,.,.,GLN,CG,A,98,.,.,.,GLN,CD,743,744,11.2314,0,1.51268,0,0,1
A,98,.,.,.,GLN,CG,A,98,.,.,.,GLN,NE2,743,746,2.55347,0,2.37295,0,0,0
A,98,.,.,.,GLN,CG,A,105,.,.,.,SER,O,743,803,1.76257,0,4.05841,0.441382,5,0
A,98,.,.,.,GLN,CG,A,107,.,.,.,ILE,CG1,743,818,0.0748613,0,5.75067,-0.0253252,5,0
A,98,.,.,.,GLN,CG,A,107,.,.,.,ILE,CD1,743,820,0.548902,0,5.08989,-0.102601,5,0
A,98,.,.,.,GLN,CD,A,98,.,.,.,GLN,OE1,744,745,12.3958,0,1.25839,0,0,1
A,98,.,.,.,GLN,CD,A,98,.,.,.,GLN,NE2,744,746,11.7506,0,1.30855,0,0,1
A,98,.,.,.,GLN,CD,A,105,.,.,.,SER,C,744,802,0.0308974,0,5.30053,0.00138392,5,0
A,98,.,.,.,GLN,CD,A,105,.,.,.,SER,O,744,803,0.572323,0,4.62632,-0.0863955,5,0
A,98,.,.,.,GLN,CD,A,107,.,.,.,ILE,CG1,744,818,0.363602,0,5.16451,-0.319351,5,0
A,98,.,.,.,GLN,CD,A,107,.,.,.,ILE,CD1,744,820,4.97881,0,4.3142,-3.81892,5,0
A,98,.,.,.,GLN,OE1,A,98,.,.,.,GLN,NE2,745,746,1.26731,0.0436042,2.2478,0,0,0
A,98,.,.,.,GLN,OE1,A,100,.,.,.,TRP,CZ3,745,768,0.870166,0,4.43193,-0.146304,2,0
A,98,.,.,.,GLN,OE1,A,105,.,.,.,SER,C,745,802,0.146355,0,4.83674,0.0620549,5,0
A,98,.,.,.,GLN,OE1,A,105,.,.,.,SER,O,745,803,0.294146,0,4.4174,0.0860186,5,0
A,98,.,.,.,GLN,OE1,A,105,.,.,.,SER,CB,745,804,7.06845,0,3.99514,-2.02382,5,0
A,98,.,.,.,GLN,OE1,A,105,.,.,.,SER,OG,745,805,0.231861,0,4.35419,-0.043157,5,0
A,98,.,.,.,GLN,OE1,A,107,.,.,.,ILE,CG1,745,818,0.397176,0,5.11813,-0.0947395,5,0
A,98,.,.,.,GLN,OE1,A,107,.,.,.,ILE,CD1,745,820,3.18938,0.793735,4.44633,-0.463353,5,0
A,98,.,.,.,GLN,NE2,A,107,.,.,.,ILE,CD1,746,820,7.36525,3.26735,4.06725,-1.11627,5,0
A,99,.,.,.,GLU,N,A,99,.,.,.,GLU,CA,747,748,6.52986,0,1.45611,0,0,1
A,99,.,.,.,GLU,N,A,99,.,.,.,GLU,C,747,749,1.44664,0,2.42382,0,0,0
A,99,.,.,.,GLU,N,A,99,.,.,.,GLU,O,747,750,1.66025,0,2.80888,0,0,0
A,99,.,.,.,GLU,N,A,99,.,.,.,GLU,CB,747,751,1.92241,0,2.42198,0,0,0
A,99,.,.,.,GLU,N,A,99,.,.,.,GLU,CG,747,752,1.85327,0,3.01646,0,0,0
A,99,.,.,.,GLU,N,A,100,.,.,.,TRP,CE3,747,766,0.573156,0,4.20053,0,1,0
A,99,.,.,.,GLU,CA,A,99,.,.,.,GLU,C,748,749,6.51535,0,1.53015,0,0,1
A,99,.,.,.,GLU,CA,A,99,.,.,.,GLU,O,748,750,0.463657,0,2.43769,0,0,0
A,99,.,.,.,GLU,CA,A,99,.,.,.,GLU,CB,748,751,8.22039,0,1.50731,0,0,1
A,99,.,.,.,GLU,CA,A,99,.,.,.,GLU,CG,748,752,2.52909,0,2.51374,0,0,0
A,99,.,.,.,GLU,CA,A,100,.,.,.,TRP,N,748,756,2.31465,0,2.44747,0,1,0
A,99,.,.,.,GLU,CA,A,100,.,.,.,TRP,CE3,748,766,1.87264,0,4.04083,0,1,0
A,99,.,.,.,GLU,CA,A,103,.,.,.,LYS,O,748,785,4.42138,0,3.27092,0.719778,4,0
A,99,.,.,.,GLU,CA,A,104,.,.,.,GLU,CA,748,792,0.941731,0,4.40337,1.08487,5,0
A,99,.,.,.,GLU,CA,A,104,.,.,.,GLU,CB,748,795,0.0937255,0,4.81583,0.140586,5,0
A,99,.,.,.,GLU,C,A,99,.,.,.,GLU,O,749,750,8.675,0.764051,1.27118,0,0,1
A,99,.,.,.,GLU,C,A,99,.,.,.,GLU,CB,749,751,5.10459,1.65732,2.4595,0,0,0
A,99,.,.,.,GLU,C,A,100,.,.,.,TRP,N,749,756,7.91707,0.197913,1.3177,0,1,1
A,99,.,.,.,GLU,C,A,100,.,.,.,TRP,CA,749,757,2.68892,1.37225,2.40497,0,1,0
A,99,.,.,.,GLU,C,A,100,.,.,.,TRP,CB,749,760,0.987624,0,3.18436,0,1,0
A,99,.,.,.,GLU,C,A,100,.,.,.,TRP,CE3,749,766,1.38213,0,3.72517,0,1,0
A,99,.,.,.,GLU,O,A,99,.,.,.,GLU,CB,750,751,2.19246,0.527479,3.07534,0,0,0
A,99,.,.,.,GLU,O,A,100,.,.,.,TRP,CA,750,757,5.64059,3.3625,2.72355,0,1,0
A,99,.,.,.,GLU,O,A,100,.,.,.,TRP,CB,750,760,1.9434,0,3.20583,0,1,0
A,99,.,.,.,GLU,CB,A,99,.,.,.,GLU,CG,751,752,12.7587,0.856242,1.50834,0,0,1
A,99,.,.,.,GLU,CB,A,99,.,.,.,GLU,CD,751,753,1.87105,0.479928,2.5814,0,0,0
A,99,.,.,.,GLU,CB,A,99,.,.,.,GLU,OE1,751,754,8.6943,4.45753,2.83366,0,0,0
A,99,.,.,.,GLU,CB,A,100,.,.,.,TRP,N,751,756,2.23735,2.15513,3.36603,0,1,0
A,99,.,.,.,GLU,CB,A,103,.,.,.,LYS,O,751,785,3.03766,1.99819,3.91599,-0.0282541,4,0
A,99,.,.,.,GLU,CG,A,99,.,.,.,GLU,CD,752,753,14.9273,3.41997,1.54065,0,0,1
A,99,.,.,.,GLU,CG,A,99,.,.,.,GLU,OE2,752,755,1.61834,0,2.37181,0,0,0
A,99,.,.,.,GLU,CG,A,103,.,.,.,LYS,O,752,785,1.50113,0.959841,4.30487,0.926596,4,0
A,99,.,.,.,GLU,CG,A,104,.,.,.,GLU,CB,752,795,3.79799,1.39928,4.42948,3.20108,5,0
A,99,.,.,.,GLU,CG,A,104,.,.,.,GLU,CG,752,796,5.09316,0,4.01462,2.79687,5,0
A,99,.,.,.,GLU,CD,A,99,.,.,.,GLU,OE1,753,754,17.2222,5.79354,1.24434,0,0,1
A,99,.,.,.,GLU,CD,A,99,.,.,.,GLU,OE2,753,755,16.8226,6.1001,1.23105,0,0,1
A,99,.,.,.,GLU,CD,A,104,.,.,.,GLU,CB,753,795,0.087964,0.528493,5.28934,0.0105098,5,0
A,99,.,.,.,GLU,CD,A,104,.,.,.,GLU,CG,753,796,0.000236235,0,4.82558,2.02582e-05,5,0
A,99,.,.,.,GLU,OE1,A,99,.,.,.,GLU,OE2,754,755,2.23295,3.68552,2.17116,0,0,0
A,99,.,.,.,GLU,OE2,A,104,.,.,.,GLU,CB,755,795,0.0452227,0.300487,5.25845,0.0376334,5,0
A,99,.,.,.,GLU,OE2,A,104,.,.,.,GLU,CG,755,796,2.11232,1.73317,4.59419,1.68091,5,0
A,100,.,.,.,TRP,N,A,100,.,.,.,TRP,CA,756,757,8.28166,1.09474,1.44187,0,0,1
A,100,.,.,.,TRP,N,A,100,.,.,.,TRP,C,756,758,2.7929,0.200373,2.37678,0,0,0
A,100,.,.,.,TRP,N,A,100,.,.,.,TRP,O,756,759,1.51865,0,2.75454,0,0,0
A,100,.,.,.,TRP,N,A,100,.,.,.,TRP,CB,756,760,0.980461,0,2.48198,0,0,0
A,100,.,.,.,TRP,N,A,100,.,.,.,TRP,CD2,756,763,0.632412,0,3.40465,0,0,0
A,100,.,.,.,TRP,N,A,100,.,.,.,TRP,CE3,756,766,3.0897,0,3.26649,0,0,0
A,100,.,.,.,TRP,N,A,102,.,.,.,GLY,N,756,778,0.701259,1.32823,4.72161,0.745978,2,0
A,100,.,.,.,TRP,N,A,103,.,.,.,LYS,N,756,782,0.0450585,0,4.37646,0.0961324,3,0
A,100,.,.,.,TRP,N,A,103,.,.,.,LYS,O,756,785,5.43813,0.26407,3.0272,-2.80657,3,0
A,100,.,.,.,TRP,CA,A,100,.,.,.,TRP,C,757,758,7.41973,0.501171,1.51801,0,0,1
A,100,.,.,.,TRP,CA,A,100,.,.,.,TRP,O,757,759,0.335494,0,2.38811,0,0,0
A,100,.,.,.,TRP,CA,A,100,.,.,.,TRP,CB,757,760,12.0037,1.39121,1.54713,0,0,1
A,100,.,.,.,TRP,CA,A,100,.,.,.,TRP,CG,757,761,0.491366,0,2.57895,0,0,0
A,100,.,.,.,TRP,CA,A,100,.,.,.,TRP,CD2,757,763,0.138102,0,3.40808,0,0,0
A,100,.,.,.,TRP,CA,A,101,.,.,.,ASP,N,757,770,8.53749,5.47778,2.40216,0,1,0
A,100,.,.,.,TRP,C,A,100,.,.,.,TRP,O,758,759,6.76247,0,1.22748,0,0,1
A,100,.,.,.,TRP,C,A,100,.,.,.,TRP,CB,758,760,1.18658,0,2.53538,0,0,0
A,100,.,.,.,TRP,C,A,100,.,.,.,TRP,CG,758,761,0.606025,0,2.93319,0,0,0
A,100,.,.,.,TRP,C,A,100,.,.,.,TRP,CD1,758,762,1.03208,0,3.46017,0,0,0
A,100,.,.,.,TRP,C,A,101,.,.,.,ASP,N,758,770,7.61761,0.200887,1.31951,0,1,1
A,100,.,.,.,TRP,C,A,101,.,.,.,ASP,CA,758,771,0.675272,0,2.48062,0,1,0
A,100,.,.,.,TRP,C,A,101,.,.,.,ASP,C,758,772,0.23832,0,2.98478,0,1,0
A,100,.,.,.,TRP,C,A,101,.,.,.,ASP,CB,758,774,0.949325,0,3.1826,0,1,0
A,100,.,.,.,TRP,C,A,102,.,.,.,GLY,N,758,778,3.44867,0.578638,3.17974,8.27501,2,0
A,100,.,.,.,TRP,C,A,103,.,.,.,LYS,N,758,782,0.276578,0,3.72399,0.430082,3,0
A,100,.,.,.,TRP,C,A,103,.,.,.,LYS,O,758,785,0.0011734,0,4.03653,0.00190924,3,0
A,100,.,.,.,TRP,O,A,100,.,.,.,TRP,CG,759,761,1.0188,0,2.92694,0,0,0
A,100,.,.,.,TRP,O,A,100,.,.,.,TRP,CD1,759,762,1.82232,0,3.2909,0,0,0
A,100,.,.,.,TRP,O,A,100,.,.,.,TRP,CD2,759,763,1.76643,0,3.35676,0,0,0
A,100,.,.,.,TRP,O,A,100,.,.,.,TRP,NE1,759,764,0.0104941,0,3.84029,0,0,0
A,100,.,.,.,TRP,O,A,100,.,.,.,TRP,CE2,759,765,0.0272306,0,3.90306,0,0,0
A,100,.,.,.,TRP,O,A,100,.,.,.,TRP,CE3,759,766,0.00936232,0,4.01886,0,0,0
A,100,.,.,.,TRP,O,A,101,.,.,.,ASP,CA,759,771,0.557351,0,2.8195,0,1,0
A,100,.,.,.,TRP,O,A,101,.,.,.,ASP,C,759,772,1.95947,0,2.77432,0,1,0
A,100,.,.,.,TRP,O,A,101,.,.,.,ASP,CB,759,774,0.865315,0,3.33407,0,1,0
A,100,.,.,.,TRP,O,A,102,.,.,.,GLY,N,759,778,0.513774,0,3.03439,0.248763,2,0
A,100,.,.,.,TRP,O,A,103,.,.,.,LYS,N,759,782,3.84118,0,2.77417,-1.70094,3,0
A,100,.,.,.,TRP,O,A,103,.,.,.,LYS,CA,759,783,0.230175,0,3.44466,0.247268,3,0
A,100,.,.,.,TRP,O,A,103,.,.,.,LYS,C,759,784,0.137202,0,3.77227,0.219513,3,0
A,100,.,.,.,TRP,O,A,103,.,.,.,LYS,O,759,785,0.915289,0,3.43164,0.955735,3,0
A,100,.,.,.,TRP,O,A,103,.,.,.,LYS,CB,759,786,3.32033,0,3.30676,1.35911,3,0
A,100,.,.,.,TRP,O,A,103,.,.,.,LYS,CD,759,788,0.0328854,0,4.08766,0.010282,3,0
A,100,.,.,.,TRP,O,A,103,.,.,.,LYS,CE,759,789,2.392,0,3.66755,0.0435376,3,0
A,100,.,.,.,TRP,CB,A,100,.,.,.,TRP,CG,760,761,7.86652,0,1.53217,0,0,1
A,100,.,.,.,TRP,CB,A,100,.,.,.,TRP,CD1,760,762,6.46234,1.99271,2.59594,0,0,0
A,100,.,.,.,TRP,CB,A,100,.,.,.,TRP,CD2,760,763,0.856367,0,2.66641,0,0,0
A,100,.,.,.,TRP,CB,A,100,.,.,.,TRP,CE3,760,766,1.26156,0,3.35227,0,0,0
A,100,.,.,.,TRP,CB,A,101,.,.,.,ASP,N,760,770,2.69323,1.75231,3.31554,0,1,0
A,100,.,.,.,TRP,CB,A,101,.,.,.,ASP,CB,760,774,0.765019,0.907486,4.70395,0,1,0
A,100,.,.,.,TRP,CG,A,100,.,.,.,TRP,CD1,761,762,7.62584,0,1.35941,0,0,1
A,100,.,.,.,TRP,CG,A,100,.,.,.,TRP,CD2,761,763,7.0636,0,1.44635,0,0,1
A,100,.,.,.,TRP,CD1,A,100,.,.,.,TRP,CD2,762,763,0.992013,0,2.23101,0,0,0
A,100,.,.,.,TRP,CD1,A,100,.,.,.,TRP,NE1,762,764,12.082,1.82832,1.33677,0,0,1
A,100,.,.,.,TRP,CD1,A,100,.,.,.,TRP,CE2,762,765,0.689499,0,2.20014,0,0,0
A,100,.,.,.,TRP,CD1,A,101,.,.,.,ASP,N,762,770,0.000652148,0,4.13025,0,1,0
A,100,.,.,.,TRP,CD1,A,101,.,.,.,ASP,CB,762,774,8.23413,3.66474,4.09896,0,1,0
A,100,.,.,.,TRP,CD1,A,103,.,.,.,LYS,CD,762,788,0.0035868,0,4.49003,-0.000748368,3,0
A,100,.,.,.,TRP,CD1,A,103,.,.,.,LYS,CE,762,789,2.20421,0,4.22324,-0.945661,3,0
A,100,.,.,.,TRP,CD1,A,103,.,.,.,LYS,NZ,762,790,1.42657,1.22057,4.68853,-0.43193,3,0
A,100,.,.,.,TRP,CD2,A,100,.,.,.,TRP,CE2,763,765,7.40791,0,1.37748,0,0,1
A,100,.,.,.,TRP,CD2,A,100,.,.,.,TRP,CE3,763,766,9.74403,0,1.40672,0,0,1
A,100,.,.,.,TRP,CD2,A,100,.,.,.,TRP,CZ2,763,767,0.358115,0,2.41396,0,0,0
A,100,.,.,.,TRP,CD2,A,100,.,.,.,TRP,CZ3,763,768,0.069998,0,2.39701,0,0,0
A,100,.,.,.,TRP,CD2,A,100,.,.,.,TRP,CH2,763,769,0.189249,0,2.74181,0,0,0
A,100,.,.,.,TRP,CD2,A,103,.,.,.,LYS,C,763,784,0.00653676,0,4.52712,0.00446215,3,0
A,100,.,.,.,TRP,CD2,A,103,.,.,.,LYS,CB,763,786,1.54198,0,4.07909,-1.53156,3,0
A,100,.,.,.,TRP,NE1,A,100,.,.,.,TRP,CE2,764,765,7.01932,0,1.36199,0,0,1
A,100,.,.,.,TRP,NE1,A,100,.,.,.,TRP,CZ2,764,767,3.67094,1.01274,2.48421,0,0,0
A,100,.,.,.,TRP,NE1,A,103,.,.,.,LYS,CB,764,786,0.0352412,0,4.31883,-0.0150551,3,0
A,100,.,.,.,TRP,NE1,A,103,.,.,.,LYS,CD,764,788,5.18171,1.46618,3.81319,-2.17566,3,0
A,100,.,.,.,TRP,NE1,A,103,.,.,.,LYS,CE,764,789,1.72445,0,3.94792,-0.66213,3,0
A,100,.,.,.,TRP,NE1,A,103,.,.,.,LYS,NZ,764,790,2.54538,2.39808,4.40576,-1.54723,3,0
A,100,.,.,.,TRP,CE2,A,100,.,.,.,TRP,CZ2,765,767,8.56576,0,1.38171,0,0,1
A,100,.,.,.,TRP,CE2,A,103,.,.,.,LYS,CB,765,786,1.58107,0,3.84476,-1.41886,3,0
A,100,.,.,.,TRP,CE2,A,103,.,.,.,LYS,CD,765,788,0.558238,0,4.09434,-0.630508,3,0
A,100,.,.,.,TRP,CE3,A,100,.,.,.,TRP,CZ3,766,768,11.3409,0,1.37848,0,0,1
A,100,.,.,.,TRP,CE3,A,100,.,.,.,TRP,CH2,766,769,0.0443838,0,2.38287,0,0,0
A,100,.,.,.,TRP,CE3,A,103,.,.,.,LYS,C,766,784,1.22767,0,4.06681,-1.04649,3,0
A,100,.,.,.,TRP,CE3,A,103,.,.,.,LYS,O,766,785,1.47817,0,3.81606,0.424315,3,0
A,100,.,.,.,TRP,CE3,A,103,.,.,.,LYS,CB,766,786,0.505312,0,4.3157,-0.320604,3,0
A,100,.,.,.,TRP,CE3,A,104,.,.,.,GLU,CA,766,792,0.360523,0,4.38537,0.0248317,4,0
A,100,.,.,.,TRP,CZ2,A,100,.,.,.,TRP,CZ3,767,768,1.79999e-05,0,2.40997,0,0,0
A,100,.,.,.,TRP,CZ2,A,100,.,.,.,TRP,CH2,767,769,10.2026,0,1.37409,0,0,1
A,100,.,.,.,TRP,CZ2,A,103,.,.,.,LYS,CB,767,786,2.56398,0,3.8051,-1.96594,3,0
A,100,.,.,.,TRP,CZ2,A,103,.,.,.,LYS,CD,767,788,3.67747,1.25066,4.22142,-3.39973,3,0
A,100,.,.,.,TRP,CZ2,A,122,.,.,.,MET,SD,767,936,1.7216,0,4.14913,-2.08959,5,0
A,100,.,.,.,TRP,CZ2,A,122,.,.,.,MET,CE,767,937,4.87605,0.814459,3.82297,-7.14926,5,0
A,100,.,.,.,TRP,CZ3,A,100,.,.,.,TRP,CH2,768,769,10.7741,0,1.37414,0,0,1
A,100,.,.,.,TRP,CZ3,A,103,.,.,.,LYS,C,768,784,0.803119,0,4.0842,-0.216519,3,0
A,100,.,.,.,TRP,CZ3,A,103,.,.,.,LYS,CB,768,786,0.416662,0,4.30495,-0.277225,3,0
A,100,.,.,.,TRP,CZ3,A,104,.,.,.,GLU,N,768,791,0.641258,0,4.01716,0.161571,4,0
A,100,.,.,.,TRP,CZ3,A,104,.,.,.,GLU,CA,768,792,2.59169,0,3.885,-0.240215,4,0
A,100,.,.,.,TRP,CZ3,A,104,.,.,.,GLU,C,768,793,1.57349,0,3.75804,-0.114071,4,0
A,100,.,.,.,TRP,CZ3,A,105,.,.,.,SER,N,768,800,2.17317,0,3.72364,-0.150206,5,0
A,100,.,.,.,TRP,CZ3,A,105,.,.,.,SER,CB,768,804,3.92862,0,3.89243,-3.06946,5,0
A,100,.,.,.,TRP,CH2,A,103,.,.,.,LYS,CB,769,786,2.09516,0,4.01701,-2.08448,3,0
A,100,.,.,.,TRP,CH2,A,104,.,.,.,GLU,N,769,791,0.746746,0,4.35764,0.10565,4,0
A,100,.,.,.,TRP,CH2,A,104,.,.,.,GLU,C,769,793,1.30739,0,4.16705,-0.751875,4,0
A,100,.,.,.,TRP,CH2,A,104,.,.,.,GLU,O,769,794,0.54541,0,4.37615,-0.0476775,4,0
A,100,.,.,.,TRP,CH2,A,105,.,.,.,SER,CB,769,804,3.90892,0,4.02425,-3.32561,5,0
A,100,.,.,.,TRP,CH2,A,122,.,.,.,MET,SD,769,936,4.33554,0,3.86255,-7.27815,5,0
A,100,.,.,.,TRP,CH2,A,122,.,.,.,MET,CE,769,937,2.37029,0,3.83798,-4.0256,5,0
A,101,.,.,.,ASP,N,A,101,.,.,.,ASP,CA,770,771,12.4933,4.63248,1.50921,0,0,1
A,101,.,.,.,ASP,N,A,101,.,.,.,ASP,C,770,772,0.0224938,0,2.5626,0,0,0
A,101,.,.,.,ASP,N,A,101,.,.,.,ASP,CB,770,774,4.87428,2.13285,2.44816,0,0,0
A,101,.,.,.,ASP,N,A,102,.,.,.,GLY,N,770,778,3.56398,2.3068,2.94977,0,1,0
A,101,.,.,.,ASP,CA,A,101,.,.,.,ASP,C,771,772,8.891,0.617711,1.59855,0,0,1
A,101,.,.,.,ASP,CA,A,101,.,.,.,ASP,O,771,773,0.000753566,0,2.45562,0,0,0
A,101,.,.,.,ASP,CA,A,101,.,.,.,ASP,CB,771,774,10.3999,1.69515,1.50236,0,0,1
A,101,.,.,.,ASP,CA,A,101,.,.,.,ASP,CG,771,775,0.468866,0,2.49232,0,0,0
A,101,.,.,.,ASP,CA,A,101,.,.,.,ASP,OD1,771,776,7.47494,4.34508,2.69517,0,0,0
A,101,.,.,.,ASP,CA,A,102,.,.,.,GLY,N,771,778,4.21055,2.74628,2.51998,0,1,0
A,101,.,.,.,ASP,C,A,101,.,.,.,ASP,O,772,773,8.80179,0.877689,1.21984,0,0,1
A,101,.,.,.,ASP,C,A,101,.,.,.,ASP,CB,772,774,0.534412,0,2.61454,0,0,0
A,101,.,.,.,ASP,C,A,101,.,.,.,ASP,CG,772,775,0.0447436,0,3.24275,0,0,0
A,101,.,.,.,ASP,C,A,101,.,.,.,ASP,OD1,772,776,2.43549,1.90022,3.28013,0,0,0
A,101,.,.,.,ASP,C,A,102,.,.,.,GLY,N,772,778,8.95122,1.71294,1.32151,0,1,1
A,101,.,.,.,ASP,C,A,102,.,.,.,GLY,CA,772,779,2.04237,0.915341,2.44276,0,1,0
A,101,.,.,.,ASP,C,A,103,.,.,.,LYS,N,772,782,1.14316,0,3.20443,1.42155,2,0
A,101,.,.,.,ASP,C,A,103,.,.,.,LYS,CE,772,789,0.63374,0,3.69302,-0.00784506,2,0
A,101,.,.,.,ASP,O,A,101,.,.,.,ASP,CB,773,774,1.02187,0,2.88999,0,0,0
A,101,.,.,.,ASP,O,A,101,.,.,.,ASP,CG,773,775,3.52892,1.22261,3.13147,0,0,0
A,101,.,.,.,ASP,O,A,101,.,.,.,ASP,OD1,773,776,2.87641,2.54253,3.26483,0,0,0
A,101,.,.,.,ASP,O,A,102,.,.,.,GLY,CA,773,779,6.67153,3.95506,2.735,0,1,0
A,101,.,.,.,ASP,O,A,102,.,.,.,GLY,C,773,780,1.12722,0.417142,3.30683,0,1,0
A,101,.,.,.,ASP,O,A,103,.,.,.,LYS,N,773,782,0.742232,0,3.32892,0.503546,2,0
A,101,.,.,.,ASP,O,A,103,.,.,.,LYS,CG,773,787,1.79061,0.96556,3.96762,0.114665,2,0
A,101,.,.,.,ASP,O,A,103,.,.,.,LYS,CE,773,789,8.61308,2.76548,2.97662,-1.63146,2,0
A,101,.,.,.,ASP,O,A,103,.,.,.,LYS,NZ,773,790,0.0269471,0.186941,3.88786,0.00557196,2,0
A,101,.,.,.,ASP,CB,A,101,.,.,.,ASP,CG,774,775,12.6615,3.51813,1.51153,0,0,1
A,101,.,.,.,ASP,CB,A,101,.,.,.,ASP,OD1,774,776,0.485129,0.424534,2.38896,0,0,0
A,101,.,.,.,ASP,CB,A,101,.,.,.,ASP,OD2,774,777,4.48606,2.72372,2.34118,0,0,0
A,101,.,.,.,ASP,CB,A,103,.,.,.,LYS,CE,774,789,4.75972,0,3.49595,-0.677308,2,0
A,101,.,.,.,ASP,CB,A,103,.,.,.,LYS,NZ,774,790,2.17035,0.442127,3.72398,-0.966883,2,0
A,101,.,.,.,ASP,CG,A,101,.,.,.,ASP,OD1,775,776,16.3151,6.06294,1.27828,0,0,1
A,101,.,.,.,ASP,CG,A,101,.,.,.,ASP,OD2,775,777,16.7295,6.23629,1.23677,0,0,1
A,101,.,.,.,ASP,CG,A,103,.,.,.,LYS,CE,775,789,0.707801,0,3.91726,-1.20033,2,0
A,101,.,.,.,ASP,CG,A,103,.,.,.,LYS,NZ,775,790,0.684171,0.308888,3.70514,-1.47696,2,0
A,101,.,.,.,ASP,OD1,A,101,.,.,.,ASP,OD2,776,777,1.3168,3.03455,2.24056,0,0,0
A,101,.,.,.,ASP,OD2,A,103,.,.,.,LYS,NZ,777,790,11.9002,7.72537,3.11701,-16.6335,2,0
A,102,.,.,.,GLY,N,A,102,.,.,.,GLY,CA,778,779,16.7058,7.61379,1.458,0,0,1
A,102,.,.,.,GLY,N,A,103,.,.,.,LYS,N,778,782,2.11714,0,2.78319,0,1,0
A,102,.,.,.,GLY,N,A,103,.,.,.,LYS,O,778,785,0.0929806,0.0753452,4.62607,0,1,0
A,102,.,.,.,GLY,CA,A,102,.,.,.,GLY,C,779,780,14.2171,3.52812,1.52459,0,0,1
A,102,.,.,.,GLY,CA,A,102,.,.,.,GLY,O,779,781,7.32428,6.65829,2.39599,0,0,0
A,102,.,.,.,GLY,CA,A,103,.,.,.,LYS,N,779,782,1.62713,0,2.43473,0,1,0
A,102,.,.,.,GLY,CA,A,103,.,.,.,LYS,O,779,785,0.473576,1.16702,4.56722,0,1,0
A,102,.,.,.,GLY,C,A,102,.,.,.,GLY,O,780,781,13.0556,3.49314,1.23116,0,0,1
A,102,.,.,.,GLY,C,A,103,.,.,.,LYS,N,780,782,8.19118,0,1.34136,0,1,1
A,102,.,.,.,GLY,C,A,103,.,.,.,LYS,CA,780,783,1.86217,0,2.45927,0,1,0
A,102,.,.,.,GLY,C,A,103,.,.,.,LYS,C,780,784,0.944777,0.444337,3.41806,0,1,0
A,102,.,.,.,GLY,C,A,103,.,.,.,LYS,O,780,785,1.68866,1.86204,3.63577,0,1,0
A,102,.,.,.,GLY,C,A,103,.,.,.,LYS,CG,780,787,2.72043,1.02706,3.7895,0,1,0
A,102,.,.,.,GLY,O,A,103,.,.,.,LYS,CA,781,783,7.85549,3.8175,2.8224,0,1,0
A,102,.,.,.,GLY,O,A,103,.,.,.,LYS,C,781,784,1.0402,1.1124,3.74648,0,1,0
A,102,.,.,.,GLY,O,A,103,.,.,.,LYS,CG,781,787,1.68685,2.39346,4.18176,0,1,0
A,102,.,.,.,GLY,O,A,104,.,.,.,GLU,N,781,791,0.0289002,0.472627,4.49316,0.02685,2,0
A,102,.,.,.,GLY,O,A,104,.,.,.,GLU,CB,781,795,0.0210562,0.661809,5.74943,0.00788436,2,0
A,103,.,.,.,LYS,N,A,103,.,.,.,LYS,CA,782,783,6.36642,0,1.45319,0,0,1
A,103,.,.,.,LYS,N,A,103,.,.,.,LYS,C,782,784,0.623401,0,2.44566,0,0,0
A,103,.,.,.,LYS,N,A,103,.,.,.,LYS,O,782,785,3.88809,0,2.71976,0,0,0
A,103,.,.,.,LYS,N,A,103,.,.,.,LYS,CB,782,786,1.20948,0,2.41239,0,0,0
A,103,.,.,.,LYS,N,A,103,.,.,.,LYS,CG,782,787,2.06476,0,3.00069,0,0,0
A,103,.,.,.,LYS,N,A,103,.,.,.,LYS,CE,782,789,0.165283,0,4.14987,0,0,0
A,103,.,.,.,LYS,CA,A,103,.,.,.,LYS,C,783,784,8.24658,0,1.55581,0,0,1
A,103,.,.,.,LYS,CA,A,103,.,.,.,LYS,O,783,785,0.0528834,0,2.45718,0,0,0
A,103,.,.,.,LYS,CA,A,103,.,.,.,LYS,CB,783,786,9.08339,0.584304,1.49188,0,0,1
A,103,.,.,.,LYS,CA,A,103,.,.,.,LYS,CG,783,787,5.30042,2.29868,2.5264,0,0,0
A,103,.,.,.,LYS,CA,A,104,.,.,.,GLU,N,783,791,6.75527,3.9423,2.43022,0,1,0
A,103,.,.,.,LYS,CA,A,122,.,.,.,MET,CE,783,937,0.035545,0.36248,4.84673,0.00636361,5,0
A,103,.,.,.,LYS,C,A,103,.,.,.,LYS,O,784,785,9.23857,0.499289,1.2476,0,0,1
A,103,.,.,.,LYS,C,A,103,.,.,.,LYS,CB,784,786,2.67994,0,2.46917,0,0,0
A,103,.,.,.,LYS,C,A,104,.,.,.,GLU,N,784,791,7.66826,0.0172506,1.30521,0,1,1
A,103,.,.,.,LYS,C,A,104,.,.,.,GLU,CA,784,792,1.50749,0,2.39385,0,1,0
A,103,.,.,.,LYS,C,A,104,.,.,.,GLU,CB,784,795,2.72182,1.46971,3.24308,0,1,0
A,103,.,.,.,LYS,O,A,104,.,.,.,GLU,CA,785,792,2.80382,0,2.71548,0,1,0
A,103,.,.,.,LYS,O,A,104,.,.,.,GLU,CB,785,795,2.70636,1.0303,3.39272,0,1,0
A,103,.,.,.,LYS,CB,A,103,.,.,.,LYS,CG,786,787,9.46227,0.233672,1.55358,0,0,1
A,103,.,.,.,LYS,CB,A,103,.,.,.,LYS,CD,786,788,3.27628,0,2.56742,0,0,0
A,103,.,.,.,LYS,CB,A,103,.,.,.,LYS,CE,786,789,0.328069,0,3.45844,0,0,0
A,103,.,.,.,LYS,CB,A,104,.,.,.,GLU,N,786,791,2.89377,0,3.09693,0,1,0
A,103,.,.,.,LYS,CB,A,122,.,.,.,MET,CE,786,937,6.16331,0.523696,3.81184,-3.85378,5,0
A,103,.,.,.,LYS,CG,A,103,.,.,.,LYS,CD,787,788,14.1431,4.07625,1.51328,0,0,1
A,103,.,.,.,LYS,CG,A,103,.,.,.,LYS,CE,787,789,5.07696,1.58043,2.52385,0,0,0
A,103,.,.,.,LYS,CG,A,122,.,.,.,MET,CE,787,937,6.48756,1.85944,3.95399,-3.07812,5,0
A,103,.,.,.,LYS,CG,A,123,.,.,.,ASN,ND2,787,945,1.0893,2.69527,5.93053,0.206757,5,0
A,103,.,.,.,LYS,CD,A,103,.,.,.,LYS,CE,788,789,12.1703,1.50155,1.52428,0,0,1
A,103,.,.,.,LYS,CD,A,103,.,.,.,LYS,NZ,788,790,7.98611,5.94472,2.59781,0,0,0
A,103,.,.,.,LYS,CD,A,122,.,.,.,MET,CE,788,937,6.00434,3.94122,4.26851,-1.43613,5,0
A,103,.,.,.,LYS,CE,A,103,.,.,.,LYS,NZ,789,790,15.0818,3.44484,1.54587,0,0,1
A,104,.,.,.,GLU,N,A,104,.,.,.,GLU,CA,791,792,6.85472,0,1.44372,0,0,1
A,104,.,.,.,GLU,N,A,104,.,.,.,GLU,C,791,793,1.19737,0,2.45289,0,0,0
A,104,.,.,.,GLU,N,A,104,.,.,.,GLU,O,791,794,4.85855,0.21693,2.83745,0,0,0
A,104,.,.,.,GLU,N,A,104,.,.,.,GLU,CB,791,795,6.50149,3.48284,2.42356,0,0,0
A,104,.,.,.,GLU,N,A,122,.,.,.,MET,CE,791,937,1.69635,0.121662,4.80371,1.09443,5,0
A,104,.,.,.,GLU,N,A,123,.,.,.,ASN,OD1,791,944,2.15511,3.03944,5.50719,0.48809,5,0
A,104,.,.,.,GLU,CA,A,104,.,.,.,GLU,C,792,793,6.9303,0,1.54637,0,0,1
A,104,.,.,.,GLU,CA,A,104,.,.,.,GLU,O,792,794,0.425674,0,2.46947,0,0,0
A,104,.,.,.,GLU,CA,A,104,.,.,.,GLU,CB,792,795,8.36737,0,1.55996,0,0,1
A,104,.,.,.,GLU,CA,A,104,.,.,.,GLU,CG,792,796,1.25019,0,2.5794,0,0,0
A,104,.,.,.,GLU,CA,A,105,.,.,.,SER,N,792,800,1.76981,0,2.43949,0,1,0
A,104,.,.,.,GLU,C,A,104,.,.,.,GLU,O,793,794,8.59556,0,1.2446,0,0,1
A,104,.,.,.,GLU,C,A,104,.,.,.,GLU,CB,793,795,1.42994,0,2.55614,0,0,0
A,104,.,.,.,GLU,C,A,104,.,.,.,GLU,CG,793,796,0.0973405,0,3.15772,0,0,0
A,104,.,.,.,GLU,C,A,104,.,.,.,GLU,CD,793,797,0.46234,0,3.21612,0,0,0
A,104,.,.,.,GLU,C,A,104,.,.,.,GLU,OE1,793,798,1.63579,0,3.10844,0,0,0
A,104,.,.,.,GLU,C,A,105,.,.,.,SER,N,793,800,6.25139,0,1.34493,0,1,1
A,104,.,.,.,GLU,C,A,105,.,.,.,SER,CA,793,801,1.23145,0,2.44239,0,1,0
A,104,.,.,.,GLU,C,A,105,.,.,.,SER,CB,793,804,0.929535,0,3.24648,0,1,0
A,104,.,.,.,GLU,O,A,104,.,.,.,GLU,CB,794,795,1.77536,1.27589,3.29311,0,0,0
A,104,.,.,.,GLU,O,A,104,.,.,.,GLU,OE1,794,798,4.39506,2.58447,3.34839,0,0,0
A,104,.,.,.,GLU,O,A,105,.,.,.,SER,CA,794,801,3.68593,0,2.76375,0,1,0
A,104,.,.,.,GLU,O,A,105,.,.,.,SER,CB,794,804,1.22426,0,3.38507,0,1,0
A,104,.,.,.,GLU,O,A,122,.,.,.,MET,CA,794,931,3.24637,0.179737,4.12566,2.86506,5,0
A,104,.,.,.,GLU,O,A,122,.,.,.,MET,CB,794,934,0.200617,0,4.01973,0.0809514,5,0
A,104,.,.,.,GLU,O,A,122,.,.,.,MET,CG,794,935,7.26017,0,3.46713,2.68435,5,0
A,104,.,.,.,GLU,O,A,122,.,.,.,MET,SD,794,936,0.257094,0,4.337,0.169846,5,0
A,104,.,.,.,GLU,O,A,122,.,.,.,MET,CE,794,937,1.61475,0,4.3715,1.3592,5,0
A,104,.,.,.,GLU,O,A,123,.,.,.,ASN,N,794,938,1.71466,1.4752,4.70934,1.68475,5,0
A,104,.,.,.,GLU,O,A,123,.,.,.,ASN,OD1,794,944,4.5503,2.24296,4.53669,3.55631,5,0
A,104,.,.,.,GLU,CB,A,104,.,.,.,GLU,CG,795,796,15.1709,4.07417,1.48272,0,0,1
A,104,.,.,.,GLU,CB,A,104,.,.,.,GLU,CD,795,797,0.412732,0,2.5265,0,0,0
A,104,.,.,.,GLU,CB,A,104,.,.,.,GLU,OE1,795,798,5.75805,3.30964,2.82939,0,0,0
A,104,.,.,.,GLU,CG,A,104,.,.,.,GLU,CD,796,797,11.4657,1.77422,1.49649,0,0,1
A,104,.,.,.,GLU,CG,A,104,.,.,.,GLU,OE1,796,798,0.517544,0.474181,2.39292,0,0,0
A,104,.,.,.,GLU,CG,A,104,.,.,.,GLU,OE2,796,799,1.69541,0,2.39751,0,0,0
A,104,.,.,.,GLU,CG,A,105,.,.,.,SER,N,796,800,1.03854,0,3.29407,0,1,0
A,104,.,.,.,GLU,CG,A,105,.,.,.,SER,O,796,803,0.00100181,0,4.41218,0,1,0
A,104,.,.,.,GLU,CD,A,104,.,.,.,GLU,OE1,797,798,12.8762,3.81562,1.25691,0,0,1
A,104,.,.,.,GLU,CD,A,104,.,.,.,GLU,OE2,797,799,11.5815,1.73284,1.2656,0,0,1
A,104,.,.,.,GLU,CD,A,105,.,.,.,SER,N,797,800,2.38199,0,3.07123,0,1,0
A,104,.,.,.,GLU,CD,A,105,.,.,.,SER,CA,797,801,0.508736,0,3.70704,0,1,0
A,104,.,.,.,GLU,CD,A,105,.,.,.,SER,C,797,802,0.824736,0,3.67053,0,1,0
A,104,.,.,.,GLU,CD,A,105,.,.,.,SER,O,797,803,0.0898687,0,3.76792,0,1,0
A,104,.,.,.,GLU,CD,A,106,.,.,.,THR,N,797,806,0.0148782,0,4.24447,-0.0036628,2,0
A,104,.,.,.,GLU,OE1,A,104,.,.,.,GLU,OE2,798,799,0.785078,0.136676,2.177,0,0,0
A,104,.,.,.,GLU,OE1,A,105,.,.,.,SER,N,798,800,0.112134,0,3.23768,0,1,0
A,104,.,.,.,GLU,OE1,A,105,.,.,.,SER,CA,798,801,3.31134,0,3.63057,0,1,0
A,104,.,.,.,GLU,OE1,A,105,.,.,.,SER,C,798,802,0.099003,0,3.86064,0,1,0
A,104,.,.,.,GLU,OE1,A,106,.,.,.,THR,N,798,806,1.31276,0,4.22243,1.09808,2,0
A,104,.,.,.,GLU,OE1,A,106,.,.,.,THR,CB,798,810,1.10829,0.803088,4.89103,-0.709671,2,0
A,104,.,.,.,GLU,OE1,A,106,.,.,.,THR,OG1,798,811,1.66066,1.4297,3.98788,-0.251002,2,0
A,104,.,.,.,GLU,OE1,A,121,.,.,.,VAL,O,798,926,0.54745,0.773423,5.11081,0.624744,5,0
A,104,.,.,.,GLU,OE1,A,121,.,.,.,VAL,CG1,798,928,1.21527,1.98807,5.87146,0.552214,5,0
A,104,.,.,.,GLU,OE1,A,122,.,.,.,MET,CA,798,931,0.304454,0.977613,5.8771,0.182495,5,0
A,104,.,.,.,GLU,OE2,A,105,.,.,.,SER,C,799,802,1.79831,0,3.30529,0,1,0
A,104,.,.,.,GLU,OE2,A,105,.,.,.,SER,O,799,803,2.56095,0,3.20908,0,1,0
A,104,.,.,.,GLU,OE2,A,106,.,.,.,THR,N,799,806,0.156299,0,3.71592,0.130739,2,0
A,104,.,.,.,GLU,OE2,A,106,.,.,.,THR,OG1,799,811,9.42199,1.82135,2.62437,-4.0385,2,0
A,105,.,.,.,SER,N,A,105,.,.,.,SER,CA,800,801,6.58569,0,1.43938,0,0,1
A,105,.,.,.,SER,N,A,105,.,.,.,SER,C,800,802,0.621119,0,2.39453,0,0,0
A,105,.,.,.,SER,N,A,105,.,.,.,SER,O,800,803,2.08776,0,2.69136,0,0,0
A,105,.,.,.,SER,N,A,105,.,.,.,SER,CB,800,804,2.35449,0,2.43142,0,0,0
A,105,.,.,.,SER,CA,A,105,.,.,.,SER,C,801,802,6.79331,0,1.49754,0,0,1
A,105,.,.,.,SER,CA,A,105,.,.,.,SER,O,801,803,0.634444,0,2.36251,0,0,0
A,105,.,.,.,SER,CA,A,105,.,.,.,SER,CB,801,804,8.95332,0,1.52568,0,0,1
A,105,.,.,.,SER,CA,A,105,.,.,.,SER,OG,801,805,0.373609,0,2.4651,0,0,0
A,105,.,.,.,SER,CA,A,106,.,.,.,THR,N,801,806,2.89094,0,2.41051,0,1,0
A,105,.,.,.,SER,CA,A,121,.,.,.,VAL,O,801,926,4.50818,0,3.25201,-3.34224,5,0
A,105,.,.,.,SER,CA,A,122,.,.,.,MET,CA,801,931,1.06175,0,4.65279,0.44603,5,0
A,105,.,.,.,SER,CA,A,122,.,.,.,MET,CB,801,934,0.123322,0,4.61054,0.0346144,5,0
A,105,.,.,.,SER,C,A,105,.,.,.,SER,O,802,803,8.52034,0,1.23735,0,0,1
A,105,.,.,.,SER,C,A,105,.,.,.,SER,CB,802,804,3.27603,0,2.49599,0,0,0
A,105,.,.,.,SER,C,A,105,.,.,.,SER,OG,802,805,0.657443,0,2.97048,0,0,0
A,105,.,.,.,SER,C,A,106,.,.,.,THR,N,802,806,7.86173,0,1.30853,0,1,1
A,105,.,.,.,SER,C,A,106,.,.,.,THR,CA,802,807,2.12264,0,2.42919,0,1,0
A,105,.,.,.,SER,C,A,106,.,.,.,THR,C,802,808,0.0291911,0,3.49238,0,1,0
A,105,.,.,.,SER,C,A,106,.,.,.,THR,OG1,802,811,0.400519,0,3.39993,0,1,0
A,105,.,.,.,SER,C,A,107,.,.,.,ILE,CG1,802,818,0.594981,0,5.53296,-0.16581,2,0
A,105,.,.,.,SER,O,A,105,.,.,.,SER,CB,803,804,0.861162,0,3.17184,0,0,0
A,105,.,.,.,SER,O,A,106,.,.,.,THR,CA,803,807,4.03947,0,2.77381,0,1,0
A,105,.,.,.,SER,O,A,106,.,.,.,THR,OG1,803,811,0.481801,0,3.50931,0,1,0
A,105,.,.,.,SER,O,A,107,.,.,.,ILE,CG1,803,818,0.272912,0,5.57927,0.0124139,2,0
A,105,.,.,.,SER,CB,A,105,.,.,.,SER,OG,804,805,11.7671,0,1.44196,0,0,1
A,105,.,.,.,SER,CB,A,107,.,.,.,ILE,CG1,804,818,0.0981528,0,5.9253,-0.0263423,2,0
A,105,.,.,.,SER,CB,A,121,.,.,.,VAL,O,804,926,0.477704,0,3.40746,-0.133319,5,0
A,105,.,.,.,SER,CB,A,122,.,.,.,MET,CA,804,931,0.0196265,0,4.58674,0.0067096,5,0
A,105,.,.,.,SER,CB,A,122,.,.,.,MET,CB,804,934,3.66103,0,4.10249,-1.87339,5,0
A,105,.,.,.,SER,CB,A,122,.,.,.,MET,CG,804,935,0.937427,0,4.47506,-0.159012,5,0
A,105,.,.,.,SER,CB,A,122,.,.,.,MET,SD,804,936,1.35529,0,4.78112,-1.17569,5,0
A,105,.,.,.,SER,OG,A,106,.,.,.,THR,N,805,806,2.44099,0,3.16026,0,1,0
A,105,.,.,.,SER,OG,A,106,.,.,.,THR,C,805,808,0.514573,0,4.3852,0,1,0
A,105,.,.,.,SER,OG,A,106,.,.,.,THR,O,805,809,1.41077,0,4.12005,0,1,0
A,105,.,.,.,SER,OG,A,107,.,.,.,ILE,CG1,805,818,1.72058,0,5.06174,0.0708517,2,0
A,105,.,.,.,SER,OG,A,121,.,.,.,VAL,N,805,923,0.828225,0,4.31611,0.500671,5,0
A,105,.,.,.,SER,OG,A,121,.,.,.,VAL,C,805,925,0.264912,0,3.5737,0.0882432,5,0
A,105,.,.,.,SER,OG,A,121,.,.,.,VAL,O,805,926,4.54777,0,2.68499,0.619083,5,0
A,105,.,.,.,SER,OG,A,122,.,.,.,MET,CB,805,934,1.80759,0,3.89031,-0.624212,5,0
A,106,.,.,.,THR,N,A,106,.,.,.,THR,CA,806,807,6.7317,0,1.45193,0,0,1
A,106,.,.,.,THR,N,A,106,.,.,.,THR,C,806,808,1.67552,0,2.43632,0,0,0
A,106,.,.,.,THR,N,A,106,.,.,.,THR,O,806,809,1.7499,0,2.80985,0,0,0
A,106,.,.,.,THR,N,A,106,.,.,.,THR,CB,806,810,3.73072,0,2.46373,0,0,0
A,106,.,.,.,THR,N,A,106,.,.,.,THR,OG1,806,811,0.610063,0,2.8836,0,0,0
A,106,.,.,.,THR,N,A,107,.,.,.,ILE,CG1,806,818,0.00129104,0,5.101,0,1,0
A,106,.,.,.,THR,N,A,121,.,.,.,VAL,O,806,926,4.3289,0,3.05359,-6.62556,5,0
A,106,.,.,.,THR,N,A,121,.,.,.,VAL,CG1,806,928,2.19455,0,4.09048,1.56753,5,0
A,106,.,.,.,THR,CA,A,106,.,.,.,THR,C,807,808,6.9628,0,1.51272,0,0,1
A,106,.,.,.,THR,CA,A,106,.,.,.,THR,O,807,809,0.462172,0,2.3933,0,0,0
A,106,.,.,.,THR,CA,A,106,.,.,.,THR,CB,807,810,8.15139,0,1.52636,0,0,1
A,106,.,.,.,THR,CA,A,106,.,.,.,THR,OG1,807,811,1.33907,0,2.3658,0,0,0
A,106,.,.,.,THR,CA,A,106,.,.,.,THR,CG2,807,812,0.905424,0,2.57437,0,0,0
A,106,.,.,.,THR,CA,A,107,.,.,.,ILE,N,807,813,2.81963,0,2.37904,0,1,0
A,106,.,.,.,THR,CA,A,107,.,.,.,ILE,CG1,807,818,0.364352,0,4.64559,0,1,0
A,106,.,.,.,THR,CA,A,121,.,.,.,VAL,CG1,807,928,0.0746539,0,4.30114,0.0126413,5,0
A,106,.,.,.,THR,C,A,106,.,.,.,THR,O,808,809,9.08358,0,1.21769,0,0,1
A,106,.,.,.,THR,C,A,106,.,.,.,THR,CB,808,810,1.55072,0,2.48924,0,0,0
A,106,.,.,.,THR,C,A,106,.,.,.,THR,CG2,808,812,2.67724,0,2.89531,0,0,0
A,106,.,.,.,THR,C,A,107,.,.,.,ILE,N,808,813,6.455,0,1.32143,0,1,1
A,106,.,.,.,THR,C,A,107,.,.,.,ILE,CA,808,814,2.00739,0,2.44654,0,1,0
A,106,.,.,.,THR,C,A,107,.,.,.,ILE,CG1,808,818,2.93637,0,3.52871,0,1,0
A,106,.,.,.,THR,C,A,108,.,.,.,THR,N,808,821,0.0135974,0,4.21194,0.0216662,2,0
A,106,.,.,.,THR,O,A,106,.,.,.,THR,CB,809,810,0.634737,0,3.15685,0,0,0
A,106,.,.,.,THR,O,A,106,.,.,.,THR,CG2,809,812,0.730322,0.396703,3.64307,0,0,0
A,106,.,.,.,THR,O,A,107,.,.,.,ILE,CA,809,814,3.0266,0,2.79792,0,1,0
A,106,.,.,.,THR,O,A,107,.,.,.,ILE,CG1,809,818,1.92906,0,3.69866,0,1,0
A,106,.,.,.,THR,O,A,108,.,.,.,THR,N,809,821,0.0543445,0,4.37627,0.0418231,2,0
A,106,.,.,.,THR,O,A,108,.,.,.,THR,CG2,809,827,0.0283895,0.113953,5.62361,0.00860858,2,0
A,106,.,.,.,THR,O,A,119,.,.,.,GLU,O,809,911,2.20463,0.708209,3.80837,2.39052,5,0
A,106,.,.,.,THR,O,A,120,.,.,.,CYS,CA,809,918,4.32953,0,3.45237,-4.32024,5,0
A,106,.,.,.,THR,O,A,120,.,.,.,CYS,C,809,919,0.0203018,0,3.58165,0.0119649,5,0
A,106,.,.,.,THR,O,A,120,.,.,.,CYS,CB,809,921,0.0928855,0,4.35214,-0.0255008,5,0
A,106,.,.,.,THR,O,A,121,.,.,.,VAL,N,809,923,5.65407,0,2.90297,-8.70134,5,0
A,106,.,.,.,THR,O,A,121,.,.,.,VAL,O,809,926,0.728352,0,3.63254,0.139471,5,0
A,106,.,.,.,THR,O,A,121,.,.,.,VAL,CG1,809,928,4.84009,0.619187,3.54175,-1.20498,5,0
A,106,.,.,.,THR,CB,A,106,.,.,.,THR,OG1,810,811,14.1582,3.56003,1.45009,0,0,1
A,106,.,.,.,THR,CB,A,106,.,.,.,THR,CG2,810,812,16.4626,3.10421,1.57193,0,0,1
A,106,.,.,.,THR,CB,A,121,.,.,.,VAL,CG1,810,928,11.8917,4.12985,3.92504,-8.24451,5,0
A,106,.,.,.,THR,OG1,A,106,.,.,.,THR,CG2,811,812,4.51143,2.28493,2.48694,0,0,0
A,106,.,.,.,THR,CG2,A,107,.,.,.,ILE,N,812,813,3.09549,0,3.11251,0,1,0
A,106,.,.,.,THR,CG2,A,107,.,.,.,ILE,CA,812,814,0.202737,0,4.12785,0,1,0
A,106,.,.,.,THR,CG2,A,107,.,.,.,ILE,C,812,815,1.82071,0,4.03652,0,1,0
A,106,.,.,.,THR,CG2,A,107,.,.,.,ILE,O,812,816,1.33578,0,4.10174,0,1,0
A,106,.,.,.,THR,CG2,A,108,.,.,.,THR,N,812,821,0.252072,0,4.53576,0.147782,2,0
A,106,.,.,.,THR,CG2,A,108,.,.,.,THR,CG2,812,827,13.293,5.8922,3.88797,-14.8658,2,0
A,106,.,.,.,THR,CG2,A,121,.,.,.,VAL,CG1,812,928,2.86197,3.59253,4.72784,0.0361839,5,0
A,107,.,.,.,ILE,N,A,107,.,.,.,ILE,CA,813,814,6.03688,0,1.47086,0,0,1
A,107,.,.,.,ILE,N,A,107,.,.,.,ILE,C,813,815,1.27863,0,2.38242,0,0,0
A,107,.,.,.,ILE,N,A,107,.,.,.,ILE,O,813,816,1.38127,0,2.78769,0,0,0
A,107,.,.,.,ILE,N,A,107,.,.,.,ILE,CB,813,817,1.96185,0,2.47148,0,0,0
A,107,.,.,.,ILE,N,A,107,.,.,.,ILE,CG1,813,818,2.86753,0,2.92579,0,0,0
A,107,.,.,.,ILE,CA,A,107,.,.,.,ILE,C,814,815,5.95857,0,1.49782,0,0,1
A,107,.,.,.,ILE,CA,A,107,.,.,.,ILE,O,814,816,0.422831,0,2.36399,0,0,0
A,107,.,.,.,ILE,CA,A,107,.,.,.,ILE,CB,814,817,6.69255,0,1.50612,0,0,1
A,107,.,.,.,ILE,CA,A,107,.,.,.,ILE,CG1,814,818,2.08931,0,2.46712,0,0,0
A,107,.,.,.,ILE,CA,A,107,.,.,.,ILE,CG2,814,819,1.70526,0,2.49711,0,0,0
A,107,.,.,.,ILE,CA,A,108,.,.,.,THR,N,814,821,2.61333,0,2.4226,0,1,0
A,107,.,.,.,ILE,CA,A,119,.,.,.,GLU,O,814,911,3.93355,0,3.24155,-1.4088,5,0
A,107,.,.,.,ILE,CA,A,120,.,.,.,CYS,CA,814,918,1.30835,0,4.40483,-0.0364329,5,0
A,107,.,.,.,ILE,CA,A,120,.,.,.,CYS,SG,814,922,0.0404846,0,4.77402,0.00562801,5,0
A,107,.,.,.,ILE,C,A,107,.,.,.,ILE,O,815,816,7.71415,0,1.25757,0,0,1
A,107,.,.,.,ILE,C,A,107,.,.,.,ILE,CB,815,817,1.2285,0,2.42853,0,0,0
A,107,.,.,.,ILE,C,A,107,.,.,.,ILE,CG2,815,819,2.56616,0,2.87957,0,0,0
A,107,.,.,.,ILE,C,A,108,.,.,.,THR,N,815,821,7.04604,0,1.32055,0,1,1
A,107,.,.,.,ILE,C,A,108,.,.,.,THR,CA,815,822,2.05284,0,2.4276,0,1,0
A,107,.,.,.,ILE,C,A,108,.,.,.,THR,C,815,823,0.0795683,0,3.39993,0,1,0
A,107,.,.,.,ILE,C,A,108,.,.,.,THR,CG2,815,827,1.07757,0,3.73009,0,1,0
A,107,.,.,.,ILE,C,A,109,.,.,.,ARG,CG,815,833,0.0226045,0,5.28464,-0.00598863,2,0
A,107,.,.,.,ILE,O,A,107,.,.,.,ILE,CB,816,817,2.23764,0,2.90332,0,0,0
A,107,.,.,.,ILE,O,A,107,.,.,.,ILE,CG2,816,819,0.620061,0,3.48001,0,0,0
A,107,.,.,.,ILE,O,A,108,.,.,.,THR,CA,816,822,3.99363,0,2.78404,0,1,0
A,107,.,.,.,ILE,O,A,108,.,.,.,THR,CG2,816,827,0.570159,0,3.99288,0,1,0
A,107,.,.,.,ILE,O,A,109,.,.,.,ARG,CG,816,833,0.40925,0,5.30144,0.0483521,2,0
A,107,.,.,.,ILE,O,A,109,.,.,.,ARG,NH1,816,837,1.52531,0,4.73528,-0.447986,2,0
A,107,.,.,.,ILE,CB,A,107,.,.,.,ILE,CG1,817,818,7.68756,0,1.51548,0,0,1
A,107,.,.,.,ILE,CB,A,107,.,.,.,ILE,CG2,817,819,10.0208,0,1.55598,0,0,1
A,107,.,.,.,ILE,CB,A,107,.,.,.,ILE,CD1,817,820,4.12294,0,2.49841,0,0,0
A,107,.,.,.,ILE,CB,A,109,.,.,.,ARG,NH1,817,837,0.365079,0,4.47733,-0.0200805,2,0
A,107,.,.,.,ILE,CB,A,120,.,.,.,CYS,SG,817,922,0.0739387,0,4.42262,-0.0727044,5,0
A,107,.,.,.,ILE,CG1,A,107,.,.,.,ILE,CG2,818,819,2.30156,0,2.53,0,0,0
A,107,.,.,.,ILE,CG1,A,107,.,.,.,ILE,CD1,818,820,15.5579,0,1.49765,0,0,1
A,107,.,.,.,ILE,CG1,A,120,.,.,.,CYS,CA,818,918,1.04796,0,4.5974,-0.256424,5,0
A,107,.,.,.,ILE,CG1,A,120,.,.,.,CYS,CB,818,921,1.61552,0,4.48936,-1.59131,5,0
A,107,.,.,.,ILE,CG1,A,120,.,.,.,CYS,SG,818,922,6.06479,0,3.86365,-8.78885,5,0
A,107,.,.,.,ILE,CG2,A,107,.,.,.,ILE,CD1,819,820,4.43549,0.788678,3.21519,0,0,0
A,107,.,.,.,ILE,CG2,A,108,.,.,.,THR,N,819,821,2.1709,0,3.33832,0,1,0
A,107,.,.,.,ILE,CG2,A,108,.,.,.,THR,C,819,823,0.820821,0,4.38532,0,1,0
A,107,.,.,.,ILE,CG2,A,108,.,.,.,THR,O,819,824,1.72572,0,4.10367,0,1,0
A,107,.,.,.,ILE,CG2,A,109,.,.,.,ARG,CG,819,833,3.30119,0,4.51674,-2.18873,2,0
A,107,.,.,.,ILE,CG2,A,109,.,.,.,ARG,CZ,819,836,3.48553,0,3.86516,-2.52347,2,0
A,107,.,.,.,ILE,CG2,A,109,.,.,.,ARG,NH1,819,837,3.98576,0,3.78364,-0.445859,2,0
A,107,.,.,.,ILE,CG2,A,109,.,.,.,ARG,NH2,819,838,4.71594,1.05182,4.02268,1.26101,2,0
A,107,.,.,.,ILE,CG2,A,118,.,.,.,VAL,CG1,819,906,9.47739,0.683176,3.90888,-17.411,5,0
A,107,.,.,.,ILE,CG2,A,119,.,.,.,GLU,N,819,908,0.132415,0,4.95633,0.149275,5,0
A,107,.,.,.,ILE,CG2,A,119,.,.,.,GLU,C,819,910,0.24259,0,4.57016,-0.0191721,5,0
A,107,.,.,.,ILE,CG2,A,119,.,.,.,GLU,O,819,911,2.4561,0,3.80735,0.767989,5,0
A,107,.,.,.,ILE,CG2,A,120,.,.,.,CYS,SG,819,922,6.46045,0.915709,3.9771,-10.3225,5,0
A,107,.,.,.,ILE,CD1,A,109,.,.,.,ARG,NH2,820,838,4.77814,3.62576,4.8209,-0.659675,2,0
A,107,.,.,.,ILE,CD1,A,120,.,.,.,CYS,SG,820,922,3.51942,2.94586,4.62158,-1.21269,5,0
A,108,.,.,.,THR,N,A,108,.,.,.,THR,CA,821,822,6.30202,0,1.46494,0,0,1
A,108,.,.,.,THR,N,A,108,.,.,.,THR,C,821,823,0.997011,0,2.41196,0,0,0
A,108,.,.,.,THR,N,A,108,.,.,.,THR,O,821,824,2.10708,0,2.7159,0,0,0
A,108,.,.,.,THR,N,A,108,.,.,.,THR,CB,821,825,1.71187,0,2.53348,0,0,0
A,108,.,.,.,THR,N,A,108,.,.,.,THR,OG1,821,826,0.761608,0,2.96945,0,0,0
A,108,.,.,.,THR,N,A,108,.,.,.,THR,CG2,821,827,3.04349,0,3.0706,0,0,0
A,108,.,.,.,THR,N,A,119,.,.,.,GLU,O,821,911,6.31931,0,2.7738,-4.50456,5,0
A,108,.,.,.,THR,CA,A,108,.,.,.,THR,C,822,823,7.43937,0,1.51278,0,0,1
A,108,.,.,.,THR,CA,A,108,.,.,.,THR,O,822,824,0.368817,0,2.39112,0,0,0
A,108,.,.,.,THR,CA,A,108,.,.,.,THR,CB,822,825,8.24163,0,1.56564,0,0,1
A,108,.,.,.,THR,CA,A,108,.,.,.,THR,OG1,822,826,0.361594,0,2.43189,0,0,0
A,108,.,.,.,THR,CA,A,108,.,.,.,THR,CG2,822,827,1.96958,0,2.57762,0,0,0
A,108,.,.,.,THR,CA,A,109,.,.,.,ARG,N,822,828,2.14965,0,2.43168,0,1,0
A,108,.,.,.,THR,CA,A,109,.,.,.,ARG,CG,822,833,0.132645,0,4.56805,0,1,0
A,108,.,.,.,THR,C,A,108,.,.,.,THR,O,823,824,8.09719,0,1.23164,0,0,1
A,108,.,.,.,THR,C,A,108,.,.,.,THR,CB,823,825,2.83869,0,2.52719,0,0,0
A,108,.,.,.,THR,C,A,108,.,.,.,THR,OG1,823,826,1.35912,0,2.89978,0,0,0
A,108,.,.,.,THR,C,A,109,.,.,.,ARG,N,823,828,7.53986,0,1.33839,0,1,1
A,108,.,.,.,THR,C,A,109,.,.,.,ARG,CA,823,829,1.92016,0,2.46393,0,1,0
A,108,.,.,.,THR,C,A,109,.,.,.,ARG,CG,823,833,2.90692,0,3.38737,0,1,0
A,108,.,.,.,THR,C,A,110,.,.,.,LYS,CG,823,844,0.0983568,0,5.87979,0.0164639,2,0
A,108,.,.,.,THR,C,A,117,.,.,.,VAL,O,823,897,0.345078,0,4.21579,0.290014,5,0
A,108,.,.,.,THR,O,A,108,.,.,.,THR,OG1,824,826,2.40167,0,3.10014,0,0,0
A,108,.,.,.,THR,O,A,109,.,.,.,ARG,CA,824,829,2.35149,0,2.80459,0,1,0
A,108,.,.,.,THR,O,A,109,.,.,.,ARG,CG,824,833,2.21761,0,3.39711,0,1,0
A,108,.,.,.,THR,O,A,117,.,.,.,VAL,O,824,897,2.39141,0,3.56713,0.457927,5,0
A,108,.,.,.,THR,O,A,118,.,.,.,VAL,CA,824,902,3.59498,0,3.30511,-4.12237,5,0
A,108,.,.,.,THR,O,A,118,.,.,.,VAL,CG1,824,906,1.77105,0,3.93304,-0.440917,5,0
A,108,.,.,.,THR,O,A,119,.,.,.,GLU,N,824,908,5.89856,0,2.91995,-3.87567,5,0
A,108,.,.,.,THR,O,A,119,.,.,.,GLU,O,824,911,0.660696,0,3.55844,0.716406,5,0
A,108,.,.,.,THR,O,A,119,.,.,.,GLU,CG,824,913,1.94026e-07,0,5.00922,1.54287e-07,5,0
A,108,.,.,.,THR,CB,A,108,.,.,.,THR,OG1,825,826,13.6706,1.66549,1.4026,0,0,1
A,108,.,.,.,THR,CB,A,108,.,.,.,THR,CG2,825,827,16.0055,2.12632,1.52621,0,0,1
A,108,.,.,.,THR,CB,A,109,.,.,.,ARG,N,825,828,3.22337,0,3.23711,0,1,0
A,108,.,.,.,THR,CB,A,109,.,.,.,ARG,C,825,830,0.113158,0,5.00662,0,1,0
A,108,.,.,.,THR,CB,A,110,.,.,.,LYS,CB,825,843,0.538303,0,6.01984,-0.197479,2,0
A,108,.,.,.,THR,CB,A,110,.,.,.,LYS,CG,825,844,0.504761,0,6.09912,0.00266104,2,0
A,108,.,.,.,THR,CB,A,110,.,.,.,LYS,CD,825,845,2.04906,0.942691,5.93712,0.211851,2,0
A,108,.,.,.,THR,CB,A,119,.,.,.,GLU,O,825,911,0.00608638,0,4.28585,-0.00223303,5,0
A,108,.,.,.,THR,OG1,A,108,.,.,.,THR,CG2,826,827,5.74343,4.61701,2.39817,0,0,0
A,108,.,.,.,THR,OG1,A,110,.,.,.,LYS,CG,826,844,0.473057,0,5.67569,-0.0239157,2,0
A,108,.,.,.,THR,OG1,A,110,.,.,.,LYS,CD,826,845,2.0615,0.634703,5.37119,-0.520985,2,0
A,108,.,.,.,THR,OG1,A,117,.,.,.,VAL,O,826,897,0.512268,0,5.15963,0.108007,5,0
A,108,.,.,.,THR,OG1,A,119,.,.,.,GLU,N,826,908,0.349779,0,4.10777,0.260273,5,0
A,108,.,.,.,THR,OG1,A,119,.,.,.,GLU,CA,826,909,0.00425232,0,4.19331,0.00268305,5,0
A,108,.,.,.,THR,OG1,A,119,.,.,.,GLU,O,826,911,1.80051,0.0773457,3.69546,0.89845,5,0
A,108,.,.,.,THR,OG1,A,119,.,.,.,GLU,CB,826,912,9.70094,2.8189,3.52878,-1.47297,5,0
A,108,.,.,.,THR,OG1,A,119,.,.,.,GLU,CG,826,913,0.108816,0,4.34275,-0.00221296,5,0
A,108,.,.,.,THR,OG1,A,119,.,.,.,GLU,CD,826,914,0.882384,0.944786,4.31137,-0.991667,5,0
A,108,.,.,.,THR,OG1,A,119,.,.,.,GLU,OE1,826,915,6.53329,2.09698,3.92356,-2.80033,5,0
A,108,.,.,.,THR,CG2,A,119,.,.,.,GLU,O,827,911,0.861846,1.30959,4.77916,0.764016,5,0
A,109,.,.,.,ARG,N,A,109,.,.,.,ARG,CA,828,829,7.20029,0,1.4577,0,0,1
A,109,.,.,.,ARG,N,A,109,.,.,.,ARG,C,828,830,2.85601,0,2.4096,0,0,0
A,109,.,.,.,ARG,N,A,109,.,.,.,ARG,O,828,831,1.54739,0,2.85905,0,0,0
A,109,.,.,.,ARG,N,A,109,.,.,.,ARG,CB,828,832,2.02532,0,2.44163,0,0,0
A,109,.,.,.,ARG,N,A,109,.,.,.,ARG,CG,828,833,2.12819,0,2.98822,0,0,0
A,109,.,.,.,ARG,N,A,110,.,.,.,LYS,CG,828,844,0.0256666,0,5.4493,0,1,0
A,109,.,.,.,ARG,CA,A,109,.,.,.,ARG,C,829,830,6.85241,0,1.53323,0,0,1
A,109,.,.,.,ARG,CA,A,109,.,.,.,ARG,O,829,831,0.539045,0,2.41774,0,0,0
A,109,.,.,.,ARG,CA,A,109,.,.,.,ARG,CB,829,832,9.25573,0,1.51953,0,0,1
A,109,.,.,.,ARG,CA,A,109,.,.,.,ARG,CG,829,833,2.0793,0,2.56241,0,0,0
A,109,.,.,.,ARG,CA,A,110,.,.,.,LYS,N,829,839,3.86434,0,2.40104,0,1,0
A,109,.,.,.,ARG,CA,A,110,.,.,.,LYS,CG,829,844,0.121528,0,4.9878,0,1,0
A,109,.,.,.,ARG,CA,A,116,.,.,.,LEU,CG,829,891,0.0944487,0,5.30171,0.0234009,5,0
A,109,.,.,.,ARG,CA,A,116,.,.,.,LEU,CD1,829,892,0.395474,0,4.67026,0.0351583,5,0
A,109,.,.,.,ARG,CA,A,117,.,.,.,VAL,O,829,897,5.22247,0,3.35879,-3.38604,5,0
A,109,.,.,.,ARG,CA,A,118,.,.,.,VAL,CA,829,902,0.770532,0,4.56633,0.243128,5,0
A,109,.,.,.,ARG,CA,A,118,.,.,.,VAL,CG2,829,907,0.470472,0,4.84756,0.145129,5,0
A,109,.,.,.,ARG,C,A,109,.,.,.,ARG,O,830,831,8.31108,0,1.21534,0,0,1
A,109,.,.,.,ARG,C,A,109,.,.,.,ARG,CB,830,832,2.86783,0,2.52549,0,0,0
A,109,.,.,.,ARG,C,A,110,.,.,.,LYS,N,830,839,7.96866,0,1.33101,0,1,1
A,109,.,.,.,ARG,C,A,110,.,.,.,LYS,CA,830,840,1.46773,0,2.45627,0,1,0
A,109,.,.,.,ARG,C,A,110,.,.,.,LYS,CB,830,843,2.05109,0,3.29593,0,1,0
A,109,.,.,.,ARG,C,A,110,.,.,.,LYS,CG,830,844,0.0510567,0,4.07388,0,1,0
A,109,.,.,.,ARG,C,A,116,.,.,.,LEU,CD1,830,892,0.447337,0,4.52053,-0.219401,5,0
A,109,.,.,.,ARG,O,A,109,.,.,.,ARG,CB,831,832,1.11334,0,3.08286,0,0,0
A,109,.,.,.,ARG,O,A,110,.,.,.,LYS,CA,831,840,3.92359,0,2.78375,0,1,0
A,109,.,.,.,ARG,O,A,110,.,.,.,LYS,CB,831,843,0.3796,0,3.51794,0,1,0
A,109,.,.,.,ARG,CB,A,109,.,.,.,ARG,CG,832,833,10.5057,0,1.54895,0,0,1
A,109,.,.,.,ARG,CB,A,109,.,.,.,ARG,CD,832,834,5.48781,0,2.53221,0,0,0
A,109,.,.,.,ARG,CB,A,110,.,.,.,LYS,N,832,839,0.0371684,0,3.41843,0,1,0
A,109,.,.,.,ARG,CB,A,116,.,.,.,LEU,CG,832,891,0.864949,0,4.84505,-0.277724,5,0
A,109,.,.,.,ARG,CB,A,116,.,.,.,LEU,CD1,832,892,6.62098,0,4.19458,-5.67338,5,0
A,109,.,.,.,ARG,CB,A,116,.,.,.,LEU,CD2,832,893,0.001345,0,5.22552,-0.000106501,5,0
A,109,.,.,.,ARG,CB,A,118,.,.,.,VAL,CG2,832,907,0.866187,0,4.5453,0.063314,5,0
A,109,.,.,.,ARG,CG,A,109,.,.,.,ARG,CD,833,834,10.1904,0,1.51449,0,0,1
A,109,.,.,.,ARG,CG,A,109,.,.,.,ARG,NE,833,835,1.71127,0,2.47007,0,0,0
A,109,.,.,.,ARG,CG,A,109,.,.,.,ARG,CZ,833,836,1.15089,0,3.26386,0,0,0
A,109,.,.,.,ARG,CG,A,109,.,.,.,ARG,NH1,833,837,4.21371,0,3.37434,0,0,0
A,109,.,.,.,ARG,CG,A,116,.,.,.,LEU,CG,833,891,0.0508105,0,5.31117,-0.0238266,5,0
A,109,.,.,.,ARG,CG,A,116,.,.,.,LEU,CD2,833,893,0.0111383,0,5.33543,-0.00130192,5,0
A,109,.,.,.,ARG,CG,A,118,.,.,.,VAL,CA,833,902,0.573182,0,4.56914,0.321805,5,0
A,109,.,.,.,ARG,CG,A,118,.,.,.,VAL,CB,833,905,0.115392,0,4.44664,-0.0491319,5,0
A,109,.,.,.,ARG,CG,A,118,.,.,.,VAL,CG1,833,906,3.24299,0,4.16506,-2.3654,5,0
A,109,.,.,.,ARG,CG,A,118,.,.,.,VAL,CG2,833,907,4.89389,0,3.87047,-3.60668,5,0
A,109,.,.,.,ARG,CD,A,109,.,.,.,ARG,NE,834,835,9.52354,0,1.44618,0,0,1
A,109,.,.,.,ARG,CD,A,109,.,.,.,ARG,CZ,834,836,1.38388,0,2.46947,0,0,0
A,109,.,.,.,ARG,CD,A,109,.,.,.,ARG,NH1,834,837,2.97254,0,2.83251,0,0,0
A,109,.,.,.,ARG,CD,A,116,.,.,.,LEU,CG,834,891,0.00413135,0,5.3616,-0.00123672,5,0
A,109,.,.,.,ARG,CD,A,116,.,.,.,LEU,CD1,834,892,0.170882,0,5.1488,-0.0357734,5,0
A,109,.,.,.,ARG,CD,A,116,.,.,.,LEU,CD2,834,893,2.57672,0,4.98311,-1.51354,5,0
A,109,.,.,.,ARG,CD,A,118,.,.,.,VAL,CG2,834,907,2.53887,0,4.22926,-0.440729,5,0
A,109,.,.,.,ARG,NE,A,109,.,.,.,ARG,CZ,835,836,8.79055,0,1.34997,0,0,1
A,109,.,.,.,ARG,NE,A,109,.,.,.,ARG,NH2,835,838,4.07708,1.10458,2.311,0,0,0
A,109,.,.,.,ARG,NE,A,118,.,.,.,VAL,CG1,835,906,3.34783,0.550846,4.24759,0.0809342,5,0
A,109,.,.,.,ARG,NE,A,118,.,.,.,VAL,CG2,835,907,3.21874,0.696479,4.24203,-2.07338,5,0
A,109,.,.,.,ARG,CZ,A,109,.,.,.,ARG,NH1,836,837,8.67014,0,1.29208,0,0,1
A,109,.,.,.,ARG,CZ,A,109,.,.,.,ARG,NH2,836,838,11.4633,0,1.32907,0,0,1
A,109,.,.,.,ARG,CZ,A,118,.,.,.,VAL,CG1,836,906,0.659191,0,4.75056,-0.547672,5,0
A,109,.,.,.,ARG,NH1,A,109,.,.,.,ARG,NH2,837,838,0.980075,0,2.26404,0,0,0
A,109,.,.,.,ARG,NH2,A,118,.,.,.,VAL,CG1,838,906,3.27726,2.94152,4.93673,0.453861,5,0
A,110,.,.,.,LYS,N,A,110,.,.,.,LYS,CA,839,840,6.90983,0,1.49066,0,0,1
A,110,.,.,.,LYS,N,A,110,.,.,.,LYS,C,839,841,0.792287,0,2.41661,0,0,0
A,110,.,.,.,LYS,N,A,110,.,.,.,LYS,O,839,842,2.40016,0,2.7061,0,0,0
A,110,.,.,.,LYS,N,A,110,.,.,.,LYS,CB,839,843,1.5397,0,2.50395,0,0,0
A,110,.,.,.,LYS,N,A,110,.,.,.,LYS,CG,839,844,2.60411,0,3.08216,0,0,0
A,110,.,.,.,LYS,N,A,116,.,.,.,LEU,CD1,839,892,3.56721,0,4.13605,2.64369,5,0
A,110,.,.,.,LYS,N,A,117,.,.,.,VAL,N,839,894,0.109389,0,4.33803,0.145454,5,0
A,110,.,.,.,LYS,N,A,117,.,.,.,VAL,O,839,897,4.91042,0,3.02259,-4.75119,5,0
A,110,.,.,.,LYS,CA,A,110,.,.,.,LYS,C,840,841,6.82193,0,1.47774,0,0,1
A,110,.,.,.,LYS,CA,A,110,.,.,.,LYS,O,840,842,0.167496,0,2.37813,0,0,0
A,110,.,.,.,LYS,CA,A,110,.,.,.,LYS,CB,840,843,9.51584,0,1.54768,0,0,1
A,110,.,.,.,LYS,CA,A,110,.,.,.,LYS,CG,840,844,0.993488,0,2.5239,0,0,0
A,110,.,.,.,LYS,CA,A,111,.,.,.,LEU,N,840,848,4.43512,0,2.36038,0,1,0
A,110,.,.,.,LYS,CA,A,116,.,.,.,LEU,CD1,840,892,0.0198527,0,4.75047,0.00707026,5,0
A,110,.,.,.,LYS,C,A,110,.,.,.,LYS,O,841,842,7.79581,0,1.2322,0,0,1
A,110,.,.,.,LYS,C,A,110,.,.,.,LYS,CB,841,843,0.74532,0,2.49238,0,0,0
A,110,.,.,.,LYS,C,A,110,.,.,.,LYS,CG,841,844,2.43418,0,2.93217,0,0,0
A,110,.,.,.,LYS,C,A,111,.,.,.,LEU,N,841,848,6.94527,0,1.333,0,1,1
A,110,.,.,.,LYS,C,A,111,.,.,.,LEU,CA,841,849,1.91904,0,2.43364,0,1,0
A,110,.,.,.,LYS,C,A,111,.,.,.,LEU,C,841,850,0.900871,0,3.20041,0,1,0
A,110,.,.,.,LYS,C,A,116,.,.,.,LEU,CD1,841,892,1.78531,0,4.28936,0.150901,5,0
A,110,.,.,.,LYS,O,A,110,.,.,.,LYS,CG,842,844,2.29019,0,3.2252,0,0,0
A,110,.,.,.,LYS,O,A,111,.,.,.,LEU,CA,842,849,2.93766,0,2.78649,0,1,0
A,110,.,.,.,LYS,O,A,111,.,.,.,LEU,C,842,850,0.344892,0,3.44832,0,1,0
A,110,.,.,.,LYS,O,A,112,.,.,.,LYS,N,842,856,1.13386,0,3.79663,1.20303,2,0
A,110,.,.,.,LYS,O,A,112,.,.,.,LYS,CB,842,860,0.00376874,0,5.0716,0.000651865,2,0
A,110,.,.,.,LYS,O,A,115,.,.,.,LYS,O,842,880,1.43929,0,3.51374,1.508,5,0
A,110,.,.,.,LYS,O,A,116,.,.,.,LEU,CA,842,887,2.67892,0,3.49762,-0.503644,5,0
A,110,.,.,.,LYS,O,A,116,.,.,.,LEU,CD1,842,892,2.42407,0,3.84705,0.509762,5,0
A,110,.,.,.,LYS,O,A,117,.,.,.,VAL,N,842,894,5.58546,0,2.75754,-6.67574,5,0
A,110,.,.,.,LYS,O,A,117,.,.,.,VAL,CA,842,895,0.0266311,0,3.68758,0.0192279,5,0
A,110,.,.,.,LYS,O,A,117,.,.,.,VAL,O,842,897,0.655737,0,3.57285,0.400025,5,0
A,110,.,.,.,LYS,O,A,117,.,.,.,VAL,CB,842,898,1.83869,0,3.85472,-1.07238,5,0
A,110,.,.,.,LYS,O,A,117,.,.,.,VAL,CG2,842,900,0.87751,0,4.21036,0.403958,5,0
A,110,.,.,.,LYS,CB,A,110,.,.,.,LYS,CG,843,844,10.7504,0,1.46192,0,0,1
A,110,.,.,.,LYS,CB,A,110,.,.,.,LYS,CD,843,845,8.32564,3.02134,2.55019,0,0,0
A,110,.,.,.,LYS,CB,A,111,.,.,.,LEU,N,843,848,3.18217,0.0433519,3.11693,0,1,0
A,110,.,.,.,LYS,CB,A,111,.,.,.,LEU,O,843,851,3.16096,2.40778,4.27069,0,1,0
A,110,.,.,.,LYS,CG,A,110,.,.,.,LYS,CD,844,845,12.8011,0,1.55795,0,0,1
A,110,.,.,.,LYS,CG,A,110,.,.,.,LYS,CE,844,846,5.27462,0,2.51456,0,0,0
A,110,.,.,.,LYS,CG,A,111,.,.,.,LEU,N,844,848,0.0630354,0,3.71557,0,1,0
A,110,.,.,.,LYS,CG,A,111,.,.,.,LEU,C,844,850,1.2316,0,4.49452,0,1,0
A,110,.,.,.,LYS,CG,A,111,.,.,.,LEU,O,844,851,2.50066,0,4.31568,0,1,0
A,110,.,.,.,LYS,CG,A,112,.,.,.,LYS,N,844,856,0.0373962,0,5.00337,0.0583395,2,0
A,110,.,.,.,LYS,CG,A,112,.,.,.,LYS,CB,844,860,1.91793,0,5.02919,0.92523,2,0
A,110,.,.,.,LYS,CG,A,117,.,.,.,VAL,O,844,897,4.31554,0,3.85254,0.744107,5,0
A,110,.,.,.,LYS,CG,A,117,.,.,.,VAL,CB,844,898,4.9617,0,4.13451,-1.09364,5,0
A,110,.,.,.,LYS,CG,A,117,.,.,.,VAL,CG1,844,899,0.0116436,0,4.86081,0.000560051,5,0
A,110,.,.,.,LYS,CG,A,117,.,.,.,VAL,CG2,844,900,0.0442214,0,4.91356,0.00580021,5,0
A,110,.,.,.,LYS,CG,A,119,.,.,.,GLU,OE1,844,915,0.540039,0,4.56848,-0.237596,5,0
A,110,.,.,.,LYS,CD,A,110,.,.,.,LYS,CE,845,846,11.8726,0.888118,1.58337,0,0,1
A,110,.,.,.,LYS,CD,A,110,.,.,.,LYS,NZ,845,847,8.47255,6.72009,2.58105,0,0,0
A,110,.,.,.,LYS,CD,A,111,.,.,.,LEU,O,845,851,0.983214,1.68193,5.05314,0,1,0
A,110,.,.,.,LYS,CD,A,119,.,.,.,GLU,OE1,845,915,6.39797,1.99362,3.79209,-6.75971,5,0
A,110,.,.,.,LYS,CE,A,110,.,.,.,LYS,NZ,846,847,15.4509,2.04193,1.48295,0,0,1
A,110,.,.,.,LYS,CE,A,111,.,.,.,LEU,O,846,851,0.0965127,0.154567,5.30062,0,1,0
A,110,.,.,.,LYS,CE,A,112,.,.,.,LYS,CB,846,860,4.37987,0.489333,4.5521,3.86116,2,0
A,110,.,.,.,LYS,CE,A,112,.,.,.,LYS,CD,846,862,5.01556,0.429331,4.25213,3.37267,2,0
A,110,.,.,.,LYS,CE,A,112,.,.,.,LYS,NZ,846,864,0.188667,0.669639,5.16358,0.111043,2,0
A,110,.,.,.,LYS,CE,A,117,.,.,.,VAL,CB,846,898,3.95405,0,4.13257,2.23504,5,0
A,110,.,.,.,LYS,CE,A,117,.,.,.,VAL,CG1,846,899,5.80508,1.79059,4.22877,0.691629,5,0
A,110,.,.,.,LYS,CE,A,117,.,.,.,VAL,CG2,846,900,0.811267,0,4.70632,0.280801,5,0
A,110,.,.,.,LYS,CE,A,119,.,.,.,GLU,CD,846,914,0.300259,0.477204,4.48373,-0.532022,5,0
A,110,.,.,.,LYS,CE,A,119,.,.,.,GLU,OE1,846,915,6.87772,0,3.39094,-6.33005,5,0
A,110,.,.,.,LYS,NZ,A,112,.,.,.,LYS,CD,847,862,8.52312,3.83587,3.90882,8.55056,2,0
A,110,.,.,.,LYS,NZ,A,112,.,.,.,LYS,NZ,847,864,7.2935,6.15344,4.34968,1.7117,2,0
A,110,.,.,.,LYS,NZ,A,119,.,.,.,GLU,CD,847,914,0.580522,1.02093,4.83046,-1.1827,5,0
A,110,.,.,.,LYS,NZ,A,119,.,.,.,GLU,OE1,847,915,3.89155,2.19226,3.87115,-4.44886,5,0
A,110,.,.,.,LYS,NZ,A,119,.,.,.,GLU,OE2,847,916,0.614175,2.09117,5.14847,-0.702131,5,0
A,111,.,.,.,LEU,N,A,111,.,.,.,LEU,CA,848,849,6.82495,0,1.44906,0,0,1
A,111,.,.,.,LEU,N,A,111,.,.,.,LEU,C,848,850,1.14119,0,2.39434,0,0,0
A,111,.,.,.,LEU,N,A,111,.,.,.,LEU,O,848,851,3.99426,1.42879,2.76848,0,0,0
A,111,.,.,.,LEU,N,A,111,.,.,.,LEU,CB,848,852,6.07771,2.38823,2.42255,0,0,0
A,111,.,.,.,LEU,CA,A,111,.,.,.,LEU,C,849,850,6.71098,0,1.55592,0,0,1
A,111,.,.,.,LEU,CA,A,111,.,.,.,LEU,O,849,851,0.558646,0,2.43281,0,0,0
A,111,.,.,.,LEU,CA,A,111,.,.,.,LEU,CB,849,852,7.91343,0,1.53671,0,0,1
A,111,.,.,.,LEU,CA,A,111,.,.,.,LEU,CG,849,853,1.61131,0,2.65707,0,0,0
A,111,.,.,.,LEU,CA,A,111,.,.,.,LEU,CD1,849,854,3.63273,0,3.10644,0,0,0
A,111,.,.,.,LEU,CA,A,112,.,.,.,LYS,N,849,856,2.31311,0,2.44841,0,1,0
A,111,.,.,.,LEU,CA,A,115,.,.,.,LYS,O,849,880,3.19899,0,3.25744,-0.601421,4,0
A,111,.,.,.,LEU,CA,A,116,.,.,.,LEU,CA,849,887,0.438829,0,4.77549,0.361008,5,0
A,111,.,.,.,LEU,CA,A,116,.,.,.,LEU,CD1,849,892,0.214568,0,5.32884,-0.0646084,5,0
A,111,.,.,.,LEU,C,A,111,.,.,.,LEU,O,850,851,9.67272,1.05079,1.23125,0,0,1
A,111,.,.,.,LEU,C,A,111,.,.,.,LEU,CB,850,852,3.417,0.769423,2.60814,0,0,0
A,111,.,.,.,LEU,C,A,111,.,.,.,LEU,CG,850,853,1.43544,0.668269,3.54682,0,0,0
A,111,.,.,.,LEU,C,A,112,.,.,.,LYS,N,850,856,8.48232,0,1.31454,0,1,1
A,111,.,.,.,LEU,C,A,112,.,.,.,LYS,CA,850,857,2.87358,0.574382,2.42662,0,1,0
A,111,.,.,.,LEU,C,A,112,.,.,.,LYS,CB,850,860,0.9005,0,3.32071,0,1,0
A,111,.,.,.,LEU,C,A,113,.,.,.,ASP,N,850,865,0.249657,0.627563,4.24953,0.514124,2,0
A,111,.,.,.,LEU,O,A,111,.,.,.,LEU,CB,851,852,4.16576,3.8865,3.21203,0,0,0
A,111,.,.,.,LEU,O,A,112,.,.,.,LYS,CA,851,857,6.8056,4.08837,2.75005,0,1,0
A,111,.,.,.,LEU,O,A,112,.,.,.,LYS,CB,851,860,3.40599,1.89868,3.46602,0,1,0
A,111,.,.,.,LEU,CB,A,111,.,.,.,LEU,CG,852,853,10.7641,1.34883,1.53422,0,0,1
A,111,.,.,.,LEU,CB,A,111,.,.,.,LEU,CD1,852,854,2.32327,0,2.50039,0,0,0
A,111,.,.,.,LEU,CB,A,111,.,.,.,LEU,CD2,852,855,8.40018,2.13801,2.53571,0,0,0
A,111,.,.,.,LEU,CG,A,111,.,.,.,LEU,CD1,853,854,11.0551,0,1.53817,0,0,1
A,111,.,.,.,LEU,CG,A,111,.,.,.,LEU,CD2,853,855,15.3353,2.70347,1.55863,0,0,1
A,111,.,.,.,LEU,CG,A,112,.,.,.,LYS,N,853,856,1.94407,0,4.01461,0,1,0
A,111,.,.,.,LEU,CG,A,113,.,.,.,ASP,N,853,865,0.323718,0.550044,5.62896,0.386545,2,0
A,111,.,.,.,LEU,CG,A,114,.,.,.,GLY,N,853,873,4.09789,1.83526,4.65703,1.74826,3,0
A,111,.,.,.,LEU,CG,A,114,.,.,.,GLY,CA,853,874,5.10688,0,4.49164,0.276113,3,0
A,111,.,.,.,LEU,CG,A,114,.,.,.,GLY,C,853,875,0.0946027,0,4.56395,-0.0221141,3,0
A,111,.,.,.,LEU,CG,A,115,.,.,.,LYS,N,853,877,0.474759,0,4.72463,0.548503,4,0
A,111,.,.,.,LEU,CG,A,115,.,.,.,LYS,O,853,880,0.42088,0,4.02512,0.1036,4,0
A,111,.,.,.,LEU,CD1,A,111,.,.,.,LEU,CD2,854,855,6.7499,1.78356,2.56893,0,0,0
A,111,.,.,.,LEU,CD1,A,114,.,.,.,GLY,CA,854,874,1.42132,0.573761,4.56872,-0.845773,3,0
A,111,.,.,.,LEU,CD1,A,114,.,.,.,GLY,C,854,875,3.0701,0,4.15578,-1.11191,3,0
A,111,.,.,.,LEU,CD1,A,114,.,.,.,GLY,O,854,876,1.42714,0.37943,4.30277,0.410546,3,0
A,111,.,.,.,LEU,CD1,A,115,.,.,.,LYS,N,854,877,0.560186,0,4.29841,0.415159,4,0
A,111,.,.,.,LEU,CD1,A,115,.,.,.,LYS,CA,854,878,0.0377667,0,4.60649,0.0134501,4,0
A,111,.,.,.,LEU,CD1,A,115,.,.,.,LYS,C,854,879,2.53107,0,3.86499,0.213936,4,0
A,111,.,.,.,LEU,CD1,A,115,.,.,.,LYS,O,854,880,2.7012,0,3.46171,0.568041,4,0
A,111,.,.,.,LEU,CD1,A,116,.,.,.,LEU,N,854,886,0.407953,0,4.25092,-0.021894,5,0
A,111,.,.,.,LEU,CD1,A,116,.,.,.,LEU,CA,854,887,2.60841,0,4.47381,-1.91381,5,0
A,111,.,.,.,LEU,CD1,A,116,.,.,.,LEU,CB,854,890,0.248982,0,4.96194,-0.252971,5,0
A,111,.,.,.,LEU,CD1,A,116,.,.,.,LEU,CD1,854,892,2.47703,0,5.0696,-5.35795,5,0
A,111,.,.,.,LEU,CD2,A,114,.,.,.,GLY,N,855,873,0.0338734,0.332234,5.39539,0.00364691,3,0
A,111,.,.,.,LEU,CD2,A,114,.,.,.,GLY,CA,855,874,3.2619,4.19215,5.11269,1.18491,3,0
A,112,.,.,.,LYS,N,A,112,.,.,.,LYS,CA,856,857,7.1936,0,1.46154,0,0,1
A,112,.,.,.,LYS,N,A,112,.,.,.,LYS,C,856,858,2.58753,0,2.39419,0,0,0
A,112,.,.,.,LYS,N,A,112,.,.,.,LYS,O,856,859,0.760774,0,2.92051,0,0,0
A,112,.,.,.,LYS,N,A,112,.,.,.,LYS,CB,856,860,3.4178,0,2.46135,0,0,0
A,112,.,.,.,LYS,N,A,113,.,.,.,ASP,N,856,865,0.355195,0,3.33811,0,1,0
A,112,.,.,.,LYS,N,A,114,.,.,.,GLY,N,856,873,0.658901,0,4.45738,0.956843,2,0
A,112,.,.,.,LYS,N,A,115,.,.,.,LYS,N,856,877,0.488513,0,4.25306,0.859484,3,0
A,112,.,.,.,LYS,N,A,115,.,.,.,LYS,O,856,880,5.87441,0,2.83831,-2.4546,3,0
A,112,.,.,.,LYS,N,A,117,.,.,.,VAL,CG2,856,900,1.28666,0,4.5487,1.09678,5,0
A,112,.,.,.,LYS,CA,A,112,.,.,.,LYS,C,857,858,6.25873,0,1.53263,0,0,1
A,112,.,.,.,LYS,CA,A,112,.,.,.,LYS,O,857,859,0.574777,0,2.4038,0,0,0
A,112,.,.,.,LYS,CA,A,112,.,.,.,LYS,CB,857,860,9.1104,0.196154,1.52087,0,0,1
A,112,.,.,.,LYS,CA,A,112,.,.,.,LYS,CG,857,861,5.07565,2.65616,2.56582,0,0,0
A,112,.,.,.,LYS,CA,A,113,.,.,.,ASP,N,857,865,8.07497,3.8638,2.44999,0,1,0
A,112,.,.,.,LYS,C,A,112,.,.,.,LYS,O,858,859,7.18928,0,1.23594,0,0,1
A,112,.,.,.,LYS,C,A,112,.,.,.,LYS,CB,858,860,0.779826,0,2.52314,0,0,0
A,112,.,.,.,LYS,C,A,112,.,.,.,LYS,CG,858,861,2.43557,0,3.09393,0,0,0
A,112,.,.,.,LYS,C,A,113,.,.,.,ASP,N,858,865,7.03849,0,1.3407,0,1,1
A,112,.,.,.,LYS,C,A,113,.,.,.,ASP,CA,858,866,0.640211,0,2.47005,0,1,0
A,112,.,.,.,LYS,C,A,113,.,.,.,ASP,C,858,867,0.328945,0,3.05791,0,1,0
A,112,.,.,.,LYS,C,A,113,.,.,.,ASP,CB,858,869,1.48889,0,3.08555,0,1,0
A,112,.,.,.,LYS,C,A,113,.,.,.,ASP,CG,858,870,0.0515021,0,3.73455,0,1,0
A,112,.,.,.,LYS,C,A,114,.,.,.,GLY,N,858,873,1.6703,0,3.30105,1.95729,2,0
A,112,.,.,.,LYS,C,A,115,.,.,.,LYS,N,858,877,0.588186,0,3.80866,1.219,3,0
A,112,.,.,.,LYS,C,A,115,.,.,.,LYS,O,858,880,0.000126314,0,3.92153,0.000198685,3,0
A,112,.,.,.,LYS,O,A,112,.,.,.,LYS,CB,859,860,3.48433,0.213201,2.94712,0,0,0
A,112,.,.,.,LYS,O,A,112,.,.,.,LYS,CG,859,861,2.07818,1.56994,3.54829,0,0,0
A,112,.,.,.,LYS,O,A,113,.,.,.,ASP,CA,859,866,0.52091,0,2.81036,0,1,0
A,112,.,.,.,LYS,O,A,113,.,.,.,ASP,C,859,867,1.67275,0,2.98511,0,1,0
A,112,.,.,.,LYS,O,A,113,.,.,.,ASP,O,859,868,0.54492,0,3.45547,0,1,0
A,112,.,.,.,LYS,O,A,113,.,.,.,ASP,CB,859,869,6.21677,2.33235,3.06853,0,1,0
A,112,.,.,.,LYS,O,A,114,.,.,.,GLY,N,859,873,0.0173225,0,3.40846,0.0134248,2,0
A,112,.,.,.,LYS,O,A,115,.,.,.,LYS,N,859,877,3.24132,0,3.12552,-1.35437,3,0
A,112,.,.,.,LYS,O,A,115,.,.,.,LYS,CA,859,878,0.277126,0,3.7648,0.272441,3,0
A,112,.,.,.,LYS,O,A,115,.,.,.,LYS,O,859,880,1.60544,0,3.487,1.68209,3,0
A,112,.,.,.,LYS,O,A,115,.,.,.,LYS,CB,859,881,7.39626,1.96478,3.72348,4.12632,3,0
A,112,.,.,.,LYS,O,A,115,.,.,.,LYS,CD,859,883,0.0590518,0.45762,5.3353,0.0337149,3,0
A,112,.,.,.,LYS,O,A,117,.,.,.,VAL,CG2,859,900,2.29243,1.00698,4.68119,1.05531,5,0
A,112,.,.,.,LYS,CB,A,112,.,.,.,LYS,CG,860,861,12.1135,1.23183,1.53612,0,0,1
A,112,.,.,.,LYS,CB,A,112,.,.,.,LYS,CD,860,862,6.27136,1.09513,2.54824,0,0,0
A,112,.,.,.,LYS,CB,A,117,.,.,.,VAL,CB,860,898,0.0357687,0,4.83461,-0.00541759,5,0
A,112,.,.,.,LYS,CB,A,117,.,.,.,VAL,CG2,860,900,10.3632,0.310282,3.89459,-5.63511,5,0
A,112,.,.,.,LYS,CG,A,112,.,.,.,LYS,CD,861,862,14.8363,4.35176,1.54627,0,0,1
A,112,.,.,.,LYS,CG,A,112,.,.,.,LYS,CE,861,863,9.54388,4.71176,2.58554,0,0,0
A,112,.,.,.,LYS,CG,A,113,.,.,.,ASP,N,861,865,1.59423,0.386989,3.77409,0,1,0
A,112,.,.,.,LYS,CG,A,113,.,.,.,ASP,CB,861,869,1.23965,0.597244,4.68936,0,1,0
A,112,.,.,.,LYS,CG,A,113,.,.,.,ASP,CG,861,870,3.90905,0.217109,4.3796,0,1,0
A,112,.,.,.,LYS,CG,A,113,.,.,.,ASP,OD1,861,871,2.81523,2.9594,4.5658,0,1,0
A,112,.,.,.,LYS,CG,A,113,.,.,.,ASP,OD2,861,872,3.36297,1.34251,4.497,0,1,0
A,112,.,.,.,LYS,CG,A,117,.,.,.,VAL,CG2,861,900,0.74549,1.36785,4.84271,0.0977807,5,0
A,112,.,.,.,LYS,CD,A,112,.,.,.,LYS,CE,862,863,16.2083,5.61154,1.54751,0,0,1
A,112,.,.,.,LYS,CD,A,112,.,.,.,LYS,NZ,862,864,6.33134,2.44835,2.52379,0,0,0
A,112,.,.,.,LYS,CD,A,117,.,.,.,VAL,CG1,862,899,0.507848,1.06016,5.96918,-0.0026464,5,0
A,112,.,.,.,LYS,CD,A,117,.,.,.,VAL,CG2,862,900,3.76543,2.17079,5.0037,0.058854,5,0
A,112,.,.,.,LYS,CE,A,112,.,.,.,LYS,NZ,863,864,21.753,12.0655,1.51052,0,0,1
A,112,.,.,.,LYS,CE,A,113,.,.,.,ASP,OD2,863,872,3.95002,4.95185,5.16536,0,1,0
A,112,.,.,.,LYS,CE,A,117,.,.,.,VAL,CG2,863,900,0.000494922,0.180458,5.85066,0.000171306,5,0
A,113,.,.,.,ASP,N,A,113,.,.,.,ASP,CA,865,866,10.1621,2.34522,1.48058,0,0,1
A,113,.,.,.,ASP,N,A,113,.,.,.,ASP,C,865,867,0.0603622,0,2.49079,0,0,0
A,113,.,.,.,ASP,N,A,113,.,.,.,ASP,CB,865,869,0.748795,0,2.49684,0,0,0
A,113,.,.,.,ASP,N,A,113,.,.,.,ASP,CG,865,870,1.09102,0,3.05206,0,0,0
A,113,.,.,.,ASP,N,A,113,.,.,.,ASP,OD1,865,871,4.98912,2.97404,3.03293,0,0,0
A,113,.,.,.,ASP,N,A,114,.,.,.,GLY,N,865,873,4.65702,1.82811,2.82277,0,1,0
A,113,.,.,.,ASP,CA,A,113,.,.,.,ASP,C,866,867,10.825,3.01407,1.52106,0,0,1
A,113,.,.,.,ASP,CA,A,113,.,.,.,ASP,CB,866,869,10.8732,2.3287,1.54302,0,0,1
A,113,.,.,.,ASP,CA,A,113,.,.,.,ASP,CG,866,870,0.292106,0,2.5469,0,0,0
A,113,.,.,.,ASP,CA,A,113,.,.,.,ASP,OD1,866,871,6.29617,3.84279,2.76081,0,0,0
A,113,.,.,.,ASP,CA,A,114,.,.,.,GLY,N,866,873,4.50454,2.79133,2.41563,0,1,0
A,113,.,.,.,ASP,C,A,113,.,.,.,ASP,O,867,868,10.2697,2.47883,1.2257,0,0,1
A,113,.,.,.,ASP,C,A,113,.,.,.,ASP,CB,867,869,1.1403,0.0105395,2.51954,0,0,0
A,113,.,.,.,ASP,C,A,114,.,.,.,GLY,N,867,873,8.59944,1.61745,1.32694,0,1,1
A,113,.,.,.,ASP,C,A,114,.,.,.,GLY,CA,867,874,2.49804,1.17545,2.42839,0,1,0
A,113,.,.,.,ASP,C,A,115,.,.,.,LYS,N,867,877,1.41229,0,3.15419,1.75621,2,0
A,113,.,.,.,ASP,O,A,113,.,.,.,ASP,CB,868,869,9.69178,4.96051,2.74132,0,0,0
A,113,.,.,.,ASP,O,A,114,.,.,.,GLY,CA,868,874,5.71022,3.44646,2.76283,0,1,0
A,113,.,.,.,ASP,O,A,114,.,.,.,GLY,C,868,875,1.53945,0.118933,3.21926,0,1,0
A,113,.,.,.,ASP,O,A,115,.,.,.,LYS,N,868,877,1.87302,0,3.19103,1.27069,2,0
A,113,.,.,.,ASP,O,A,115,.,.,.,LYS,CB,868,881,0.394315,0,4.48186,0.00759483,2,0
A,113,.,.,.,ASP,O,A,115,.,.,.,LYS,CG,868,882,3.07608,0,4.3653,-0.114874,2,0
A,113,.,.,.,ASP,O,A,115,.,.,.,LYS,CD,868,883,0.233897,0.00706959,5.10322,0.0201549,2,0
A,113,.,.,.,ASP,O,A,115,.,.,.,LYS,NZ,868,885,7.94583,5.87249,4.3481,-3.5909,2,0
A,113,.,.,.,ASP,CB,A,113,.,.,.,ASP,CG,869,870,13.8672,3.59845,1.51895,0,0,1
A,113,.,.,.,ASP,CB,A,113,.,.,.,ASP,OD1,869,871,0.322329,0.298501,2.39482,0,0,0
A,113,.,.,.,ASP,CB,A,113,.,.,.,ASP,OD2,869,872,7.44687,5.86148,2.37932,0,0,0
A,113,.,.,.,ASP,CB,A,115,.,.,.,LYS,CB,869,881,0.0615434,0,5.76621,-0.00283847,2,0
A,113,.,.,.,ASP,CB,A,115,.,.,.,LYS,CG,869,882,0.0803895,0,6.00114,-0.0211266,2,0
A,113,.,.,.,ASP,CB,A,115,.,.,.,LYS,CD,869,883,0.989764,1.92852,6.27771,-0.55688,2,0
A,113,.,.,.,ASP,CB,A,115,.,.,.,LYS,NZ,869,885,0.00387926,0.3592,6.08951,-0.0017282,2,0
A,113,.,.,.,ASP,CG,A,113,.,.,.,ASP,OD1,870,871,15.2319,4.34282,1.25334,0,0,1
A,113,.,.,.,ASP,CG,A,113,.,.,.,ASP,OD2,870,872,15.8619,4.29742,1.24889,0,0,1
A,113,.,.,.,ASP,OD1,A,113,.,.,.,ASP,OD2,871,872,2.22864,3.69053,2.19466,0,0,0
A,114,.,.,.,GLY,N,A,114,.,.,.,GLY,CA,873,874,14.6165,4.52913,1.45113,0,0,1
A,114,.,.,.,GLY,N,A,115,.,.,.,LYS,N,873,877,2.01119,0,2.80724,0,1,0
A,114,.,.,.,GLY,CA,A,114,.,.,.,GLY,C,874,875,11.3969,0.939942,1.53292,0,0,1
A,114,.,.,.,GLY,CA,A,114,.,.,.,GLY,O,874,876,7.25881,5.90182,2.39544,0,0,0
A,114,.,.,.,GLY,CA,A,115,.,.,.,LYS,N,874,877,1.14445,0,2.45922,0,1,0
A,114,.,.,.,GLY,C,A,114,.,.,.,GLY,O,875,876,10.6733,0.9391,1.2353,0,0,1
A,114,.,.,.,GLY,C,A,115,.,.,.,LYS,N,875,877,7.69927,0,1.342,0,1,1
A,114,.,.,.,GLY,C,A,115,.,.,.,LYS,CA,875,878,1.83732,0,2.46056,0,1,0
A,114,.,.,.,GLY,C,A,115,.,.,.,LYS,C,875,879,0.0194922,0,3.39824,0,1,0
A,114,.,.,.,GLY,C,A,115,.,.,.,LYS,CG,875,882,1.96701,0,3.9436,0,1,0
A,114,.,.,.,GLY,C,A,115,.,.,.,LYS,NZ,875,885,0.65806,0.854259,5.19663,0,1,0
A,114,.,.,.,GLY,O,A,115,.,.,.,LYS,CA,876,878,4.05732,0,2.79781,0,1,0
A,114,.,.,.,GLY,O,A,115,.,.,.,LYS,CG,876,882,2.86296,1.39717,4.09689,0,1,0
A,114,.,.,.,GLY,O,A,115,.,.,.,LYS,NZ,876,885,0.177417,0.84671,5.29211,0,1,0
A,114,.,.,.,GLY,O,A,132,.,.,.,GLU,CA,876,1013,0.737726,0.273424,5.34927,0.109193,5,0
A,114,.,.,.,GLY,O,A,133,.,.,.,LYS,N,876,1021,2.55044,1.3079,4.79077,-0.492986,5,0
A,114,.,.,.,GLY,O,A,133,.,.,.,LYS,CB,876,1025,5.51013,4.36447,4.78812,0.871675,5,0
A,115,.,.,.,LYS,N,A,115,.,.,.,LYS,CA,877,878,6.74586,0,1.4769,0,0,1
A,115,.,.,.,LYS,N,A,115,.,.,.,LYS,C,877,879,0.763372,0,2.4377,0,0,0
A,115,.,.,.,LYS,N,A,115,.,.,.,LYS,O,877,880,2.55468,0,2.72239,0,0,0
A,115,.,.,.,LYS,N,A,115,.,.,.,LYS,CB,877,881,1.9853,0,2.52118,0,0,0
A,115,.,.,.,LYS,N,A,115,.,.,.,LYS,CG,877,882,1.42271,0,3.26337,0,0,0
A,115,.,.,.,LYS,CA,A,115,.,.,.,LYS,C,878,879,7.34468,0,1.52745,0,0,1
A,115,.,.,.,LYS,CA,A,115,.,.,.,LYS,O,878,880,0.359453,0,2.42141,0,0,0
A,115,.,.,.,LYS,CA,A,115,.,.,.,LYS,CB,878,881,7.89499,0,1.54444,0,0,1
A,115,.,.,.,LYS,CA,A,115,.,.,.,LYS,CG,878,882,3.77599,0,2.6217,0,0,0
A,115,.,.,.,LYS,CA,A,116,.,.,.,LEU,N,878,886,2.59562,0,2.40007,0,1,0
A,115,.,.,.,LYS,CA,A,131,.,.,.,TYR,O,878,1003,2.17975,0,3.51986,-0.957677,5,0
A,115,.,.,.,LYS,CA,A,132,.,.,.,GLU,CA,878,1013,0.831301,0,5.10741,0.746355,5,0
A,115,.,.,.,LYS,C,A,115,.,.,.,LYS,O,879,880,8.15582,0,1.24473,0,0,1
A,115,.,.,.,LYS,C,A,115,.,.,.,LYS,CB,879,881,3.10532,0,2.54,0,0,0
A,115,.,.,.,LYS,C,A,116,.,.,.,LEU,N,879,886,7.15254,0,1.33201,0,1,1
A,115,.,.,.,LYS,C,A,116,.,.,.,LEU,CA,879,887,1.50799,0,2.45337,0,1,0
A,115,.,.,.,LYS,C,A,116,.,.,.,LEU,C,879,888,1.1241,0,3.18541,0,1,0
A,115,.,.,.,LYS,C,A,117,.,.,.,VAL,N,879,894,0.0242624,0,3.79098,0.0529311,2,0
A,115,.,.,.,LYS,C,A,117,.,.,.,VAL,CG2,879,900,1.15007,0,4.50179,0.414018,2,0
A,115,.,.,.,LYS,O,A,115,.,.,.,LYS,CB,880,881,0.12255,0,3.34453,0,0,0
A,115,.,.,.,LYS,O,A,116,.,.,.,LEU,CA,880,887,2.48863,0,2.83029,0,1,0
A,115,.,.,.,LYS,O,A,116,.,.,.,LEU,C,880,888,0.00207013,0,3.47865,0,1,0
A,115,.,.,.,LYS,O,A,117,.,.,.,VAL,N,880,894,0.874081,0,3.65107,1.12764,2,0
A,115,.,.,.,LYS,O,A,117,.,.,.,VAL,CG2,880,900,2.55999,0,4.13855,0.624507,2,0
A,115,.,.,.,LYS,CB,A,115,.,.,.,LYS,CG,881,882,10.1805,0,1.612,0,0,1
A,115,.,.,.,LYS,CB,A,115,.,.,.,LYS,CD,881,883,6.04756,2.12058,2.63046,0,0,0
A,115,.,.,.,LYS,CB,A,116,.,.,.,LEU,N,881,886,1.40229,0,3.18699,0,1,0
A,115,.,.,.,LYS,CB,A,116,.,.,.,LEU,C,881,888,0.403569,0,4.59947,0,1,0
A,115,.,.,.,LYS,CB,A,116,.,.,.,LEU,O,881,889,0.489341,0,4.56905,0,1,0
A,115,.,.,.,LYS,CB,A,117,.,.,.,VAL,CG2,881,900,5.04292,1.0854,4.86531,-2.74215,2,0
A,115,.,.,.,LYS,CB,A,130,.,.,.,ILE,CG2,881,998,6.99751,0.640642,3.9415,-3.64164,5,0
A,115,.,.,.,LYS,CB,A,131,.,.,.,TYR,O,881,1003,2.95011,0,3.44588,0.922118,5,0
A,115,.,.,.,LYS,CG,A,115,.,.,.,LYS,CD,882,883,11.8218,0,1.51996,0,0,1
A,115,.,.,.,LYS,CG,A,115,.,.,.,LYS,CE,882,884,1.78253,0,2.51458,0,0,0
A,115,.,.,.,LYS,CG,A,115,.,.,.,LYS,NZ,882,885,9.17913,1.31096,2.69157,0,0,0
A,115,.,.,.,LYS,CG,A,130,.,.,.,ILE,CG2,882,998,0.295305,0,4.20457,0.0229104,5,0
A,115,.,.,.,LYS,CG,A,131,.,.,.,TYR,C,882,1002,0.442766,0,4.54212,-0.0753118,5,0
A,115,.,.,.,LYS,CG,A,131,.,.,.,TYR,O,882,1003,2.365,0,3.72646,0.534813,5,0
A,115,.,.,.,LYS,CG,A,132,.,.,.,GLU,CA,882,1013,4.75422,0.396752,4.48655,2.07905,5,0
A,115,.,.,.,LYS,CG,A,132,.,.,.,GLU,CB,882,1016,3.16529,0.67733,4.72406,-1.39267,5,0
A,115,.,.,.,LYS,CD,A,115,.,.,.,LYS,CE,883,884,19.1575,6.45661,1.54628,0,0,1
A,115,.,.,.,LYS,CD,A,115,.,.,.,LYS,NZ,883,885,1.38284,0.591858,2.51329,0,0,0
A,115,.,.,.,LYS,CD,A,130,.,.,.,ILE,CG2,883,998,13.2337,5.1243,3.6049,-5.40772,5,0
A,115,.,.,.,LYS,CD,A,131,.,.,.,TYR,C,883,1002,0.365744,0,5.0847,0.0262323,5,0
A,115,.,.,.,LYS,CD,A,132,.,.,.,GLU,CA,883,1013,0.0157814,0,5.1837,0.00461957,5,0
A,115,.,.,.,LYS,CD,A,132,.,.,.,GLU,CB,883,1016,0.93256,0,5.10204,-0.283487,5,0
A,115,.,.,.,LYS,CE,A,115,.,.,.,LYS,NZ,884,885,19.4186,8.71255,1.51374,0,0,1
A,115,.,.,.,LYS,CE,A,132,.,.,.,GLU,CB,884,1016,4.44396,0,4.9806,-0.54583,5,0
A,115,.,.,.,LYS,CE,A,132,.,.,.,GLU,OE1,884,1019,3.3114,3.4452,5.37304,-4.3597,5,0
A,115,.,.,.,LYS,NZ,A,132,.,.,.,GLU,CB,885,1016,2.64312,2.79462,5.18894,-0.117626,5,0
A,115,.,.,.,LYS,NZ,A,132,.,.,.,GLU,OE1,885,1019,0.115883,0.643169,5.64269,-0.132479,5,0
A,116,.,.,.,LEU,N,A,116,.,.,.,LEU,CA,886,887,6.962,0,1.4756,0,0,1
A,116,.,.,.,LEU,N,A,116,.,.,.,LEU,C,886,888,1.50572,0,2.40596,0,0,0
A,116,.,.,.,LEU,N,A,116,.,.,.,LEU,O,886,889,1.18788,0,2.87269,0,0,0
A,116,.,.,.,LEU,N,A,116,.,.,.,LEU,CB,886,890,2.26589,0,2.454,0,0,0
A,116,.,.,.,LEU,N,A,131,.,.,.,TYR,O,886,1003,4.80923,0,2.92009,-7.11049,5,0
A,116,.,.,.,LEU,CA,A,116,.,.,.,LEU,C,887,888,5.86153,0,1.51076,0,0,1
A,116,.,.,.,LEU,CA,A,116,.,.,.,LEU,O,887,889,0.512373,0,2.37352,0,0,0
A,116,.,.,.,LEU,CA,A,116,.,.,.,LEU,CB,887,890,8.06567,0,1.51333,0,0,1
A,116,.,.,.,LEU,CA,A,116,.,.,.,LEU,CG,887,891,1.42046,0,2.56952,0,0,0
A,116,.,.,.,LEU,CA,A,116,.,.,.,LEU,CD1,887,892,2.87786,0,3.18396,0,0,0
A,116,.,.,.,LEU,CA,A,117,.,.,.,VAL,N,887,894,2.54682,0,2.38699,0,1,0
A,116,.,.,.,LEU,CA,A,131,.,.,.,TYR,O,887,1003,0.00800522,0,3.82993,0.00248235,5,0
A,116,.,.,.,LEU,C,A,116,.,.,.,LEU,O,888,889,8.61303,0,1.20653,0,0,1
A,116,.,.,.,LEU,C,A,116,.,.,.,LEU,CB,888,890,0.906764,0,2.47103,0,0,0
A,116,.,.,.,LEU,C,A,116,.,.,.,LEU,CG,888,891,2.61431,0,3.06177,0,0,0
A,116,.,.,.,LEU,C,A,117,.,.,.,VAL,N,888,894,6.90873,0,1.32383,0,1,1
A,116,.,.,.,LEU,C,A,117,.,.,.,VAL,CA,888,895,1.74626,0,2.45767,0,1,0
A,116,.,.,.,LEU,C,A,117,.,.,.,VAL,C,888,896,0.0908949,0,3.41372,0,1,0
A,116,.,.,.,LEU,C,A,117,.,.,.,VAL,CG2,888,900,1.80391,0,3.63815,0,1,0
A,116,.,.,.,LEU,C,A,118,.,.,.,VAL,N,888,901,0.136544,0,3.95878,0.24826,2,0
A,116,.,.,.,LEU,C,A,118,.,.,.,VAL,CG2,888,907,0.348848,0,4.83206,-0.00385386,2,0
A,116,.,.,.,LEU,O,A,116,.,.,.,LEU,CB,889,890,1.63331,0,2.93374,0,0,0
A,116,.,.,.,LEU,O,A,116,.,.,.,LEU,CG,889,891,0.589362,0,3.59674,0,0,0
A,116,.,.,.,LEU,O,A,117,.,.,.,VAL,CA,889,895,3.2773,0,2.7989,0,1,0
A,116,.,.,.,LEU,O,A,117,.,.,.,VAL,CG2,889,900,0.593894,0,3.98637,0,1,0
A,116,.,.,.,LEU,O,A,118,.,.,.,VAL,N,889,901,0.431792,0,3.92554,0.335627,2,0
A,116,.,.,.,LEU,O,A,118,.,.,.,VAL,CG2,889,907,0.730816,0,4.69724,-0.218551,2,0
A,116,.,.,.,LEU,O,A,129,.,.,.,ARG,O,889,984,1.6295,0,3.66988,1.33929,5,0
A,116,.,.,.,LEU,O,A,130,.,.,.,ILE,CA,889,993,3.26292,0,3.51584,-3.8215,5,0
A,116,.,.,.,LEU,O,A,130,.,.,.,ILE,CG2,889,998,1.9824,0,4.17672,-0.869508,5,0
A,116,.,.,.,LEU,O,A,130,.,.,.,ILE,CD1,889,999,0.00635081,0,4.80481,0.000501542,5,0
A,116,.,.,.,LEU,O,A,131,.,.,.,TYR,N,889,1000,5.06582,0,2.84058,-6.97189,5,0
A,116,.,.,.,LEU,O,A,131,.,.,.,TYR,CA,889,1001,0.0371895,0,3.71375,0.0263629,5,0
A,116,.,.,.,LEU,O,A,131,.,.,.,TYR,O,889,1003,0.985327,0,3.52683,0.403255,5,0
A,116,.,.,.,LEU,O,A,131,.,.,.,TYR,CB,889,1004,1.51293,0,3.74052,-0.45668,5,0
A,116,.,.,.,LEU,O,A,131,.,.,.,TYR,CD1,889,1006,2.09158,0,4.11512,-0.774836,5,0
A,116,.,.,.,LEU,CB,A,116,.,.,.,LEU,CG,890,891,7.85346,0,1.55779,0,0,1
A,116,.,.,.,LEU,CB,A,116,.,.,.,LEU,CD1,890,892,2.72562,0,2.54923,0,0,0
A,116,.,.,.,LEU,CB,A,116,.,.,.,LEU,CD2,890,893,3.32987,0,2.49914,0,0,0
A,116,.,.,.,LEU,CB,A,131,.,.,.,TYR,O,890,1003,0.966841,0,3.92828,-0.551206,5,0
A,116,.,.,.,LEU,CB,A,131,.,.,.,TYR,CB,890,1004,4.67263,0,3.92803,-5.79883,5,0
A,116,.,.,.,LEU,CG,A,116,.,.,.,LEU,CD1,891,892,11.7709,0,1.51119,0,0,1
A,116,.,.,.,LEU,CG,A,116,.,.,.,LEU,CD2,891,893,10.9114,0,1.54418,0,0,1
A,116,.,.,.,LEU,CG,A,117,.,.,.,VAL,N,891,894,1.92785,0,3.59819,0,1,0
A,116,.,.,.,LEU,CG,A,117,.,.,.,VAL,C,891,896,0.817661,0,4.69812,0,1,0
A,116,.,.,.,LEU,CG,A,117,.,.,.,VAL,O,891,897,0.40364,0,4.80881,0,1,0
A,116,.,.,.,LEU,CG,A,118,.,.,.,VAL,CG2,891,907,5.60305,0,4.09052,-7.01239,2,0
A,116,.,.,.,LEU,CG,A,131,.,.,.,TYR,CB,891,1004,0.0574071,0,4.61184,-0.0598636,5,0
A,116,.,.,.,LEU,CG,A,131,.,.,.,TYR,CD1,891,1006,0.404864,0,4.94305,-0.484303,5,0
A,116,.,.,.,LEU,CD1,A,116,.,.,.,LEU,CD2,892,893,3.56862,0,2.56569,0,0,0
A,116,.,.,.,LEU,CD1,A,117,.,.,.,VAL,N,892,894,0.490036,0,4.09333,0,1,0
A,116,.,.,.,LEU,CD1,A,117,.,.,.,VAL,O,892,897,0.16272,0,4.89527,0,1,0
A,116,.,.,.,LEU,CD2,A,118,.,.,.,VAL,CG2,893,907,6.53439,0,3.97675,-12.3375,2,0
A,116,.,.,.,LEU,CD2,A,131,.,.,.,TYR,CB,893,1004,2.6647,0,4.20021,-4.00859,5,0
A,116,.,.,.,LEU,CD2,A,131,.,.,.,TYR,CG,893,1005,1.5291,0,4.30932,-2.21677,5,0
A,116,.,.,.,LEU,CD2,A,131,.,.,.,TYR,CD1,893,1006,3.00945,0,4.39493,-4.24037,5,0
A,116,.,.,.,LEU,CD2,A,131,.,.,.,TYR,CD2,893,1007,0.231603,0,4.95114,-0.257287,5,0
A,116,.,.,.,LEU,CD2,A,131,.,.,.,TYR,CE1,893,1008,0.152334,0,5.12834,-0.147973,5,0
A,117,.,.,.,VAL,N,A,117,.,.,.,VAL,CA,894,895,6.27415,0,1.4852,0,0,1
A,117,.,.,.,VAL,N,A,117,.,.,.,VAL,C,894,896,1.93653,0,2.45352,0,0,0
A,117,.,.,.,VAL,N,A,117,.,.,.,VAL,O,894,897,1.1796,0,2.93905,0,0,0
A,117,.,.,.,VAL,N,A,117,.,.,.,VAL,CB,894,898,1.39128,0,2.52238,0,0,0
A,117,.,.,.,VAL,N,A,117,.,.,.,VAL,CG2,894,900,2.71758,0,2.91635,0,0,0
A,117,.,.,.,VAL,CA,A,117,.,.,.,VAL,C,895,896,5.88609,0,1.53261,0,0,1
A,117,.,.,.,VAL,CA,A,117,.,.,.,VAL,O,895,897,0.511486,0,2.41961,0,0,0
A,117,.,.,.,VAL,CA,A,117,.,.,.,VAL,CB,895,898,6.92581,0,1.55363,0,0,1
A,117,.,.,.,VAL,CA,A,117,.,.,.,VAL,CG1,895,899,2.13804,0,2.49415,0,0,0
A,117,.,.,.,VAL,CA,A,117,.,.,.,VAL,CG2,895,900,2.22077,0,2.51499,0,0,0
A,117,.,.,.,VAL,CA,A,118,.,.,.,VAL,N,895,901,3.26082,0,2.37347,0,1,0
A,117,.,.,.,VAL,CA,A,129,.,.,.,ARG,O,895,984,2.49214,0,3.6059,-2.03356,5,0
A,117,.,.,.,VAL,CA,A,130,.,.,.,ILE,CA,895,993,0.533678,0,4.75056,-0.30383,5,0
A,117,.,.,.,VAL,CA,A,130,.,.,.,ILE,CD1,895,999,1.40864,0,4.4433,-0.893017,5,0
A,117,.,.,.,VAL,C,A,117,.,.,.,VAL,O,896,897,9.06277,0,1.23518,0,0,1
A,117,.,.,.,VAL,C,A,117,.,.,.,VAL,CB,896,898,1.26108,0,2.53256,0,0,0
A,117,.,.,.,VAL,C,A,117,.,.,.,VAL,CG1,896,899,2.76297,0,2.97395,0,0,0
A,117,.,.,.,VAL,C,A,118,.,.,.,VAL,N,896,901,6.98815,0,1.31905,0,1,1
A,117,.,.,.,VAL,C,A,118,.,.,.,VAL,CA,896,902,1.97285,0,2.44971,0,1,0
A,117,.,.,.,VAL,C,A,118,.,.,.,VAL,C,896,903,0.333585,0,3.36521,0,1,0
A,117,.,.,.,VAL,C,A,118,.,.,.,VAL,CG2,896,907,1.47307,0,3.69817,0,1,0
A,117,.,.,.,VAL,C,A,119,.,.,.,GLU,N,896,908,0.0880019,0,4.04862,0.218113,2,0
A,117,.,.,.,VAL,C,A,119,.,.,.,GLU,CG,896,913,0.483868,0,4.83509,0.694965,2,0
A,117,.,.,.,VAL,O,A,117,.,.,.,VAL,CB,897,898,2.07332,0,3.04452,0,0,0
A,117,.,.,.,VAL,O,A,117,.,.,.,VAL,CG1,897,899,0.492632,0,3.58486,0,0,0
A,117,.,.,.,VAL,O,A,118,.,.,.,VAL,CA,897,902,2.8392,0,2.84268,0,1,0
A,117,.,.,.,VAL,O,A,118,.,.,.,VAL,CG2,897,907,0.311759,0,4.08578,0,1,0
A,117,.,.,.,VAL,O,A,119,.,.,.,GLU,N,897,908,0.695512,0,4.06287,0.807823,2,0
A,117,.,.,.,VAL,O,A,119,.,.,.,GLU,CG,897,913,0.806516,0,4.89032,0.474619,2,0
A,117,.,.,.,VAL,O,A,119,.,.,.,GLU,OE1,897,915,1.28146,0,4.78619,1.83525,2,0
A,117,.,.,.,VAL,CB,A,117,.,.,.,VAL,CG1,898,899,10.5529,0,1.50392,0,0,1
A,117,.,.,.,VAL,CB,A,117,.,.,.,VAL,CG2,898,900,11.3139,0,1.54757,0,0,1
A,117,.,.,.,VAL,CB,A,130,.,.,.,ILE,CD1,898,999,0.152504,0,4.2873,-0.240239,5,0
A,117,.,.,.,VAL,CG1,A,117,.,.,.,VAL,CG2,899,900,5.96728,1.70979,2.51859,0,0,0
A,117,.,.,.,VAL,CG1,A,118,.,.,.,VAL,N,899,901,2.17156,0,3.51762,0,1,0
A,117,.,.,.,VAL,CG1,A,118,.,.,.,VAL,C,899,903,0.55289,0,4.61178,0,1,0
A,117,.,.,.,VAL,CG1,A,118,.,.,.,VAL,O,899,904,0.411525,0,4.68542,0,1,0
A,117,.,.,.,VAL,CG1,A,119,.,.,.,GLU,CG,899,913,5.827,0,4.01156,-2.34402,2,0
A,117,.,.,.,VAL,CG1,A,119,.,.,.,GLU,CD,899,914,3.44801,1.58512,4.2184,-1.81946,2,0
A,117,.,.,.,VAL,CG1,A,119,.,.,.,GLU,OE1,899,915,2.89241,0,4.01922,1.3143,2,0
A,117,.,.,.,VAL,CG1,A,128,.,.,.,THR,CG2,899,980,10.4866,2.74795,3.92403,-11.957,5,0
A,117,.,.,.,VAL,CG1,A,129,.,.,.,ARG,N,899,981,0.00135274,0,5.34181,0.000732895,5,0
A,117,.,.,.,VAL,CG1,A,129,.,.,.,ARG,O,899,984,1.00484,0,4.35602,0.513132,5,0
A,117,.,.,.,VAL,CG1,A,130,.,.,.,ILE,CD1,899,999,6.79074,1.21435,3.82839,-13.4663,5,0
A,117,.,.,.,VAL,CG2,A,130,.,.,.,ILE,CG2,900,998,3.11911,0.706089,4.93947,-5.85488,5,0
A,117,.,.,.,VAL,CG2,A,130,.,.,.,ILE,CD1,900,999,8.99891,3.35279,3.92043,-17.7836,5,0
A,118,.,.,.,VAL,N,A,118,.,.,.,VAL,CA,901,902,6.04314,0,1.47586,0,0,1
A,118,.,.,.,VAL,N,A,118,.,.,.,VAL,C,901,903,1.84222,0,2.4432,0,0,0
A,118,.,.,.,VAL,N,A,118,.,.,.,VAL,O,901,904,1.19238,0,2.89409,0,0,0
A,118,.,.,.,VAL,N,A,118,.,.,.,VAL,CB,901,905,1.46939,0,2.46706,0,0,0
A,118,.,.,.,VAL,N,A,118,.,.,.,VAL,CG2,901,907,3.17111,0,2.91774,0,0,0
A,118,.,.,.,VAL,N,A,129,.,.,.,ARG,O,901,984,5.59045,0,2.78059,-7.79795,5,0
A,118,.,.,.,VAL,CA,A,118,.,.,.,VAL,C,902,903,6.11629,0,1.52671,0,0,1
A,118,.,.,.,VAL,CA,A,118,.,.,.,VAL,O,902,904,0.486271,0,2.36257,0,0,0
A,118,.,.,.,VAL,CA,A,118,.,.,.,VAL,CB,902,905,6.85235,0,1.52189,0,0,1
A,118,.,.,.,VAL,CA,A,118,.,.,.,VAL,CG1,902,906,1.78233,0,2.499,0,0,0
A,118,.,.,.,VAL,CA,A,118,.,.,.,VAL,CG2,902,907,2.23203,0,2.52602,0,0,0
A,118,.,.,.,VAL,CA,A,119,.,.,.,GLU,N,902,908,2.59054,0,2.43406,0,1,0
A,118,.,.,.,VAL,CA,A,129,.,.,.,ARG,O,902,984,0.0272026,0,3.61397,0.0142427,5,0
A,118,.,.,.,VAL,C,A,118,.,.,.,VAL,O,903,904,8.40577,0,1.20117,0,0,1
A,118,.,.,.,VAL,C,A,118,.,.,.,VAL,CB,903,905,1.09914,0,2.49609,0,0,0
A,118,.,.,.,VAL,C,A,118,.,.,.,VAL,CG1,903,906,2.63295,0,2.95665,0,0,0
A,118,.,.,.,VAL,C,A,119,.,.,.,GLU,N,903,908,7.13702,0,1.33553,0,1,1
A,118,.,.,.,VAL,C,A,119,.,.,.,GLU,CA,903,909,1.82303,0,2.43915,0,1,0
A,118,.,.,.,VAL,C,A,119,.,.,.,GLU,C,903,910,0.000783114,0,3.45272,0,1,0
A,118,.,.,.,VAL,C,A,119,.,.,.,GLU,CG,903,913,2.28153,0,3.54374,0,1,0
A,118,.,.,.,VAL,C,A,120,.,.,.,CYS,SG,903,922,0.195312,0,5.16753,-0.160869,2,0
A,118,.,.,.,VAL,O,A,118,.,.,.,VAL,CB,904,905,2.44267,0,2.93582,0,0,0
A,118,.,.,.,VAL,O,A,118,.,.,.,VAL,CG1,904,906,1.25724,0,3.48005,0,0,0
A,118,.,.,.,VAL,O,A,119,.,.,.,GLU,CA,904,909,3.67457,0,2.80465,0,1,0
A,118,.,.,.,VAL,O,A,119,.,.,.,GLU,CG,904,913,1.0081,0,3.74574,0,1,0
A,118,.,.,.,VAL,O,A,120,.,.,.,CYS,N,904,917,0.19424,0,4.30715,0.0828367,2,0
A,118,.,.,.,VAL,O,A,120,.,.,.,CYS,SG,904,922,1.18789,0,5.18371,0.0842848,2,0
A,118,.,.,.,VAL,O,A,127,.,.,.,CYS,C,904,970,0.350979,0,4.48344,0.288346,5,0
A,118,.,.,.,VAL,O,A,127,.,.,.,CYS,O,904,971,0.392633,0,3.97904,0.25104,5,0
A,118,.,.,.,VAL,O,A,127,.,.,.,CYS,SG,904,973,0.887537,0,5.42443,0.0629739,5,0
A,118,.,.,.,VAL,O,A,128,.,.,.,THR,CA,904,975,4.04682,0,3.44213,-4.67533,5,0
A,118,.,.,.,VAL,O,A,128,.,.,.,THR,CG2,904,980,1.0348,0,4.32659,0.324832,5,0
A,118,.,.,.,VAL,O,A,129,.,.,.,ARG,N,904,981,6.47838,0,2.76403,-7.6281,5,0
A,118,.,.,.,VAL,O,A,129,.,.,.,ARG,CA,904,982,0.134456,0,3.6881,0.0713093,5,0
A,118,.,.,.,VAL,O,A,129,.,.,.,ARG,O,904,984,1.03387,0,3.42917,0.416214,5,0
A,118,.,.,.,VAL,O,A,129,.,.,.,ARG,CB,904,985,1.81299,0,3.94926,-0.812419,5,0
A,118,.,.,.,VAL,O,A,129,.,.,.,ARG,CG,904,986,0.215866,0,4.66961,-0.010186,5,0
A,118,.,.,.,VAL,O,A,129,.,.,.,ARG,CD,904,987,0.42081,0,5.18383,0.225994,5,0
A,118,.,.,.,VAL,CB,A,118,.,.,.,VAL,CG1,905,906,12.2511,0,1.52447,0,0,1
A,118,.,.,.,VAL,CB,A,118,.,.,.,VAL,CG2,905,907,10.1795,0,1.57677,0,0,1
A,118,.,.,.,VAL,CB,A,129,.,.,.,ARG,CA,905,982,0.0139418,0,4.74853,0.00248248,5,0
A,118,.,.,.,VAL,CB,A,129,.,.,.,ARG,O,905,984,2.66925,0,3.65347,-0.475618,5,0
A,118,.,.,.,VAL,CB,A,129,.,.,.,ARG,CB,905,985,5.5753,0,4.35771,-3.27368,5,0
A,118,.,.,.,VAL,CB,A,131,.,.,.,TYR,CD1,905,1006,0.226631,0,4.52298,-0.28679,5,0
A,118,.,.,.,VAL,CB,A,131,.,.,.,TYR,CE1,905,1008,2.97634,0,4.34358,-3.80537,5,0
A,118,.,.,.,VAL,CG1,A,118,.,.,.,VAL,CG2,906,907,5.59195,1.20215,2.53172,0,0,0
A,118,.,.,.,VAL,CG1,A,119,.,.,.,GLU,N,906,908,2.57293,0,3.46696,0,1,0
A,118,.,.,.,VAL,CG1,A,119,.,.,.,GLU,C,906,910,0.452746,0,4.69236,0,1,0
A,118,.,.,.,VAL,CG1,A,120,.,.,.,CYS,SG,906,922,9.78117,2.6546,4.41016,-15.3445,2,0
A,118,.,.,.,VAL,CG1,A,129,.,.,.,ARG,CB,906,985,0.777158,0,4.99876,0.0477112,5,0
A,118,.,.,.,VAL,CG1,A,129,.,.,.,ARG,CD,906,987,4.1839,2.07126,5.53276,-1.78346,5,0
A,118,.,.,.,VAL,CG1,A,129,.,.,.,ARG,NE,906,988,0.00907537,0.346267,5.95058,-0.00587714,5,0
A,118,.,.,.,VAL,CG1,A,131,.,.,.,TYR,CE1,906,1008,1.4979,2.29606,5.06573,-1.24408,5,0
A,118,.,.,.,VAL,CG2,A,129,.,.,.,ARG,O,907,984,0.54215,0,4.11499,0.197079,5,0
A,118,.,.,.,VAL,CG2,A,131,.,.,.,TYR,CD1,907,1006,5.35299,0,3.8069,-7.06332,5,0
A,118,.,.,.,VAL,CG2,A,131,.,.,.,TYR,CE1,907,1008,6.78765,1.29556,3.84427,-8.42204,5,0
A,119,.,.,.,GLU,N,A,119,.,.,.,GLU,CA,908,909,6.69446,0,1.43687,0,0,1
A,119,.,.,.,GLU,N,A,119,.,.,.,GLU,C,908,910,1.99611,0,2.37882,0,0,0
A,119,.,.,.,GLU,N,A,119,.,.,.,GLU,O,908,911,1.74598,0,2.77825,0,0,0
A,119,.,.,.,GLU,N,A,119,.,.,.,GLU,CB,908,912,2.44279,0,2.43477,0,0,0
A,119,.,.,.,GLU,N,A,119,.,.,.,GLU,CG,908,913,2.17987,0,3.02538,0,0,0
A,119,.,.,.,GLU,N,A,120,.,.,.,CYS,SG,908,922,0.00148442,0,4.86543,0,1,0
A,119,.,.,.,GLU,CA,A,119,.,.,.,GLU,C,909,910,6.75805,0,1.5001,0,0,1
A,119,.,.,.,GLU,CA,A,119,.,.,.,GLU,O,909,911,0.746997,0,2.35016,0,0,0
A,119,.,.,.,GLU,CA,A,119,.,.,.,GLU,CB,909,912,8.38146,0,1.50906,0,0,1
A,119,.,.,.,GLU,CA,A,119,.,.,.,GLU,CG,909,913,2.43402,0,2.54342,0,0,0
A,119,.,.,.,GLU,CA,A,120,.,.,.,CYS,N,909,917,3.75623,0,2.38184,0,1,0
A,119,.,.,.,GLU,CA,A,120,.,.,.,CYS,SG,909,922,0.181128,0,4.66071,0,1,0
A,119,.,.,.,GLU,CA,A,127,.,.,.,CYS,O,909,971,4.25732,0,3.30711,-1.18206,5,0
A,119,.,.,.,GLU,CA,A,128,.,.,.,THR,CA,909,975,0.671667,0,4.51605,0.247824,5,0
A,119,.,.,.,GLU,C,A,119,.,.,.,GLU,O,910,911,9.25781,0.55638,1.22452,0,0,1
A,119,.,.,.,GLU,C,A,119,.,.,.,GLU,CB,910,912,4.08812,0.853307,2.50015,0,0,0
A,119,.,.,.,GLU,C,A,120,.,.,.,CYS,N,910,917,7.86661,0,1.31261,0,1,1
A,119,.,.,.,GLU,C,A,120,.,.,.,CYS,CA,910,918,2.14283,0,2.43699,0,1,0
A,119,.,.,.,GLU,C,A,120,.,.,.,CYS,C,910,919,0.936279,0.676673,3.4464,0,1,0
A,119,.,.,.,GLU,C,A,120,.,.,.,CYS,SG,910,922,2.56419,0,3.65096,0,1,0
A,119,.,.,.,GLU,C,A,121,.,.,.,VAL,CG1,910,928,0.00944053,0.162036,6.04617,-0.00185539,2,0
A,119,.,.,.,GLU,O,A,119,.,.,.,GLU,CB,911,912,2.42309,0.967963,3.02956,0,0,0
A,119,.,.,.,GLU,O,A,120,.,.,.,CYS,CA,911,918,3.36117,0,2.81778,0,1,0
A,119,.,.,.,GLU,O,A,120,.,.,.,CYS,C,911,919,0.067608,0,3.83865,0,1,0
A,119,.,.,.,GLU,O,A,120,.,.,.,CYS,SG,911,922,0.253385,0,3.95562,0,1,0
A,119,.,.,.,GLU,O,A,121,.,.,.,VAL,CG1,911,928,0.323832,0.949665,5.77012,0.25805,2,0
A,119,.,.,.,GLU,CB,A,119,.,.,.,GLU,CG,912,913,11.2308,0.366968,1.57079,0,0,1
A,119,.,.,.,GLU,CB,A,119,.,.,.,GLU,CD,912,914,4.9061,1.03331,2.55677,0,0,0
A,119,.,.,.,GLU,CB,A,119,.,.,.,GLU,OE1,912,915,0.369448,0,3.26921,0,0,0
A,119,.,.,.,GLU,CB,A,119,.,.,.,GLU,OE2,912,916,3.86843,4.0782,3.19755,0,0,0
A,119,.,.,.,GLU,CB,A,120,.,.,.,CYS,N,912,917,1.43351,0,3.34795,0,1,0
A,119,.,.,.,GLU,CB,A,120,.,.,.,CYS,C,912,919,0.386443,0.993638,5.11188,0,1,0
A,119,.,.,.,GLU,CB,A,120,.,.,.,CYS,O,912,920,1.2042,1.68155,5.01412,0,1,0
A,119,.,.,.,GLU,CB,A,126,.,.,.,THR,CB,912,965,0.14985,0.822614,6.62067,0.00393674,5,0
A,119,.,.,.,GLU,CB,A,127,.,.,.,CYS,O,912,971,3.3891,1.00877,3.8294,0.687602,5,0
A,119,.,.,.,GLU,CB,A,128,.,.,.,THR,OG1,912,979,0.00730666,0.0891648,4.81588,0.00115425,5,0
A,119,.,.,.,GLU,CG,A,119,.,.,.,GLU,CD,913,914,9.46391,0,1.52842,0,0,1
A,119,.,.,.,GLU,CG,A,119,.,.,.,GLU,OE1,913,915,2.89736,0,2.39761,0,0,0
A,119,.,.,.,GLU,CG,A,119,.,.,.,GLU,OE2,913,916,3.5831,0.260299,2.35924,0,0,0
A,119,.,.,.,GLU,CG,A,127,.,.,.,CYS,O,913,971,0.971382,0,4.14227,0.771973,5,0
A,119,.,.,.,GLU,CG,A,128,.,.,.,THR,CA,913,975,1.39811,0,4.46115,1.13022,5,0
A,119,.,.,.,GLU,CG,A,128,.,.,.,THR,CB,913,978,0.753461,0,4.43548,-0.11322,5,0
A,119,.,.,.,GLU,CG,A,128,.,.,.,THR,OG1,913,979,4.33781,0.336742,3.98204,-1.18454,5,0
A,119,.,.,.,GLU,CG,A,128,.,.,.,THR,CG2,913,980,4.73007,0,4.18578,-1.89875,5,0
A,119,.,.,.,GLU,CD,A,119,.,.,.,GLU,OE1,914,915,14.8753,1.79065,1.24373,0,0,1
A,119,.,.,.,GLU,CD,A,119,.,.,.,GLU,OE2,914,916,16.9178,5.19745,1.2438,0,0,1
A,119,.,.,.,GLU,CD,A,128,.,.,.,THR,CG2,914,980,1.10704,0.752733,4.90662,-1.00639,5,0
A,119,.,.,.,GLU,OE1,A,119,.,.,.,GLU,OE2,915,916,1.5764,2.08023,2.19947,0,0,0
A,119,.,.,.,GLU,OE2,A,128,.,.,.,THR,OG1,916,979,4.98178,4.75091,4.34001,-0.752976,5,0
A,119,.,.,.,GLU,OE2,A,128,.,.,.,THR,CG2,916,980,0.453811,0.826284,5.10966,-0.0535034,5,0
A,120,.,.,.,CYS,N,A,120,.,.,.,CYS,CA,917,918,6.51447,0,1.46785,0,0,1
A,120,.,.,.,CYS,N,A,120,.,.,.,CYS,C,917,919,1.55201,0,2.44023,0,0,0
A,120,.,.,.,CYS,N,A,120,.,.,.,CYS,O,917,920,3.13183,0,2.72676,0,0,0
A,120,.,.,.,CYS,N,A,120,.,.,.,CYS,CB,917,921,2.6194,0,2.41555,0,0,0
A,120,.,.,.,CYS,N,A,120,.,.,.,CYS,SG,917,922,3.1716,0,3.1071,0,0,0
A,120,.,.,.,CYS,N,A,127,.,.,.,CYS,N,917,968,0.219055,0,4.22404,-0.00564332,5,0
A,120,.,.,.,CYS,N,A,127,.,.,.,CYS,CA,917,969,0.03245,0,4.55316,-0.0305121,5,0
A,120,.,.,.,CYS,N,A,127,.,.,.,CYS,C,917,970,0.28718,0,4.01519,0.135311,5,0
A,120,.,.,.,CYS,N,A,127,.,.,.,CYS,O,917,971,5.66952,0,3.04664,-11.9086,5,0
A,120,.,.,.,CYS,N,A,127,.,.,.,CYS,CB,917,972,0.483532,0,4.64255,-0.71525,5,0
A,120,.,.,.,CYS,N,A,127,.,.,.,CYS,SG,917,973,0.0581784,0,5.38833,-0.132666,5,0
A,120,.,.,.,CYS,CA,A,120,.,.,.,CYS,C,918,919,7.88924,0,1.50911,0,0,1
A,120,.,.,.,CYS,CA,A,120,.,.,.,CYS,O,918,920,0.582221,0,2.352,0,0,0
A,120,.,.,.,CYS,CA,A,120,.,.,.,CYS,CB,918,921,9.3227,0,1.50396,0,0,1
A,120,.,.,.,CYS,CA,A,120,.,.,.,CYS,SG,918,922,1.95616,0,2.78378,0,0,0
A,120,.,.,.,CYS,CA,A,121,.,.,.,VAL,N,918,923,2.67385,0,2.43888,0,1,0
A,120,.,.,.,CYS,CA,A,121,.,.,.,VAL,CG1,918,928,0.000916588,0,4.99203,0,1,0
A,120,.,.,.,CYS,CA,A,127,.,.,.,CYS,N,918,968,0.00891722,0,4.45975,-0.00838467,5,0
A,120,.,.,.,CYS,C,A,120,.,.,.,CYS,O,919,920,9.22908,0.175999,1.20165,0,0,1
A,120,.,.,.,CYS,C,A,120,.,.,.,CYS,CB,919,921,2.87616,0,2.47282,0,0,0
A,120,.,.,.,CYS,C,A,121,.,.,.,VAL,N,919,923,7.77182,0,1.33701,0,1,1
A,120,.,.,.,CYS,C,A,121,.,.,.,VAL,CA,919,924,1.5944,0,2.43521,0,1,0
A,120,.,.,.,CYS,C,A,121,.,.,.,VAL,CB,919,927,2.75087,1.31522,3.29952,0,1,0
A,120,.,.,.,CYS,C,A,121,.,.,.,VAL,CG1,919,928,0.606316,0.353269,3.97044,0,1,0
A,120,.,.,.,CYS,O,A,120,.,.,.,CYS,CB,920,921,0.701685,0,3.12899,0,0,0
A,120,.,.,.,CYS,O,A,121,.,.,.,VAL,CA,920,924,2.57241,0,2.73467,0,1,0
A,120,.,.,.,CYS,O,A,121,.,.,.,VAL,CB,920,927,3.07827,1.07137,3.39916,0,1,0
A,120,.,.,.,CYS,O,A,125,.,.,.,VAL,O,920,957,0.239688,0,3.88215,0.153251,5,0
A,120,.,.,.,CYS,O,A,126,.,.,.,THR,CA,920,962,4.27104,0,3.19776,-4.48519,5,0
A,120,.,.,.,CYS,O,A,126,.,.,.,THR,CB,920,965,4.12557,1.11386,3.72101,-3.07613,5,0
A,120,.,.,.,CYS,O,A,126,.,.,.,THR,CG2,920,967,0.4949,0.225134,4.19785,0.167566,5,0
A,120,.,.,.,CYS,O,A,127,.,.,.,CYS,N,920,968,5.19688,0,2.96682,-10.9158,5,0
A,120,.,.,.,CYS,O,A,127,.,.,.,CYS,O,920,971,1.61346,0,3.62759,-1.78603,5,0
A,120,.,.,.,CYS,CB,A,120,.,.,.,CYS,SG,921,922,12.6633,0,1.84201,0,0,0
A,120,.,.,.,CYS,CB,A,121,.,.,.,VAL,N,921,923,1.06187,0,3.26988,0,1,0
A,120,.,.,.,CYS,CB,A,127,.,.,.,CYS,N,921,968,0.864957,0,4.45526,-1.27946,5,0
A,120,.,.,.,CYS,CB,A,127,.,.,.,CYS,CB,921,972,6.56353,0,4.17349,-17.3888,5,0
A,120,.,.,.,CYS,SG,A,127,.,.,.,CYS,CB,922,972,0.404789,0,4.85795,-1.86334,5,0
A,120,.,.,.,CYS,SG,A,127,.,.,.,CYS,SG,922,973,5.29144,0,4.95575,-23.3035,5,0
A,120,.,.,.,CYS,SG,A,129,.,.,.,ARG,CD,922,987,4.35671,1.80443,5.64319,-2.89371,5,0
A,121,.,.,.,VAL,N,A,121,.,.,.,VAL,CA,923,924,6.53295,0,1.46678,0,0,1
A,121,.,.,.,VAL,N,A,121,.,.,.,VAL,C,923,925,1.2353,0,2.43482,0,0,0
A,121,.,.,.,VAL,N,A,121,.,.,.,VAL,O,923,926,1.65247,0,2.85868,0,0,0
A,121,.,.,.,VAL,N,A,121,.,.,.,VAL,CB,923,927,1.34692,0,2.51877,0,0,0
A,121,.,.,.,VAL,N,A,121,.,.,.,VAL,CG1,923,928,2.42614,0,3.00439,0,0,0
A,121,.,.,.,VAL,CA,A,121,.,.,.,VAL,C,924,925,6.32893,0,1.51667,0,0,1
A,121,.,.,.,VAL,CA,A,121,.,.,.,VAL,O,924,926,0.210207,0,2.43566,0,0,0
A,121,.,.,.,VAL,CA,A,121,.,.,.,VAL,CB,924,927,7.20847,0,1.56018,0,0,1
A,121,.,.,.,VAL,CA,A,121,.,.,.,VAL,CG1,924,928,0.843275,0,2.5414,0,0,0
A,121,.,.,.,VAL,CA,A,121,.,.,.,VAL,CG2,924,929,1.86498,0,2.51656,0,0,0
A,121,.,.,.,VAL,CA,A,122,.,.,.,MET,N,924,930,1.9809,0,2.40259,0,1,0
A,121,.,.,.,VAL,CA,A,125,.,.,.,VAL,O,924,957,3.94317,0,3.29035,-7.05937,4,0
A,121,.,.,.,VAL,CA,A,126,.,.,.,THR,CA,924,962,0.769899,0,4.45285,-0.0991029,5,0
A,121,.,.,.,VAL,C,A,121,.,.,.,VAL,O,925,926,8.08875,0,1.25172,0,0,1
A,121,.,.,.,VAL,C,A,121,.,.,.,VAL,CB,925,927,1.08589,0,2.54278,0,0,0
A,121,.,.,.,VAL,C,A,121,.,.,.,VAL,CG1,925,928,1.45979,0,3.04938,0,0,0
A,121,.,.,.,VAL,C,A,121,.,.,.,VAL,CG2,925,929,1.4463,0,3.03087,0,0,0
A,121,.,.,.,VAL,C,A,122,.,.,.,MET,N,925,930,6.79407,0,1.32184,0,1,1
A,121,.,.,.,VAL,C,A,122,.,.,.,MET,CA,925,931,2.24477,0,2.45772,0,1,0
A,121,.,.,.,VAL,C,A,122,.,.,.,MET,CB,925,934,0.389734,0,3.37652,0,1,0
A,121,.,.,.,VAL,O,A,121,.,.,.,VAL,CG1,926,928,4.52289,0.822694,3.11921,0,0,0
A,121,.,.,.,VAL,O,A,122,.,.,.,MET,CA,926,931,4.26526,0.826146,2.80323,0,1,0
A,121,.,.,.,VAL,O,A,122,.,.,.,MET,CB,926,934,0.481905,0,3.49131,0,1,0
A,121,.,.,.,VAL,CB,A,121,.,.,.,VAL,CG1,927,928,15.6312,4.73887,1.52849,0,0,1
A,121,.,.,.,VAL,CB,A,121,.,.,.,VAL,CG2,927,929,12.9637,1.88632,1.57473,0,0,1
A,121,.,.,.,VAL,CB,A,126,.,.,.,THR,CA,927,962,0.0965957,0,4.85999,0.00228778,5,0
A,121,.,.,.,VAL,CB,A,126,.,.,.,THR,CG2,927,967,5.37934,2.84728,4.34811,-4.1183,5,0
A,121,.,.,.,VAL,CG1,A,121,.,.,.,VAL,CG2,928,929,7.92367,5.93338,2.66725,0,0,0
A,121,.,.,.,VAL,CG1,A,122,.,.,.,MET,CA,928,931,0.107141,0.457532,5.01534,0,1,0
A,121,.,.,.,VAL,CG2,A,122,.,.,.,MET,N,929,930,3.16982,0,3.20987,0,1,0
A,121,.,.,.,VAL,CG2,A,122,.,.,.,MET,CA,929,931,1.40191,0.395746,4.16651,0,1,0
A,121,.,.,.,VAL,CG2,A,122,.,.,.,MET,C,929,932,0.883114,0,4.28189,0,1,0
A,121,.,.,.,VAL,CG2,A,123,.,.,.,ASN,N,929,938,2.08659,1.64038,4.60714,1.93582,2,0
A,121,.,.,.,VAL,CG2,A,124,.,.,.,ASN,N,929,946,5.11981,1.26779,3.89314,5.40324,3,0
A,121,.,.,.,VAL,CG2,A,124,.,.,.,ASN,CA,929,947,6.91859,1.02373,3.94779,0.804286,3,0
A,121,.,.,.,VAL,CG2,A,124,.,.,.,ASN,C,929,948,1.06704,0,4.18001,-0.152041,3,0
A,121,.,.,.,VAL,CG2,A,124,.,.,.,ASN,OD1,929,952,2.54674,3.66909,5.11266,0.569749,3,0
A,121,.,.,.,VAL,CG2,A,125,.,.,.,VAL,N,929,954,1.40315,0,4.21023,0.622012,4,0
A,121,.,.,.,VAL,CG2,A,125,.,.,.,VAL,C,929,956,0.604782,0,4.30908,-0.467018,4,0
A,121,.,.,.,VAL,CG2,A,125,.,.,.,VAL,O,929,957,2.00271,0,3.70437,-0.704014,4,0
A,121,.,.,.,VAL,CG2,A,126,.,.,.,THR,CA,929,962,0.054094,0,4.79838,0.0052047,5,0
A,121,.,.,.,VAL,CG2,A,126,.,.,.,THR,CG2,929,967,9.37297,3.00248,3.91108,-10.7157,5,0
A,122,.,.,.,MET,N,A,122,.,.,.,MET,CA,930,931,7.17554,0,1.46954,0,0,1
A,122,.,.,.,MET,N,A,122,.,.,.,MET,C,930,932,1.60066,0,2.40544,0,0,0
A,122,.,.,.,MET,N,A,122,.,.,.,MET,O,930,933,1.34236,0,2.84394,0,0,0
A,122,.,.,.,MET,N,A,122,.,.,.,MET,CB,930,934,2.82361,0,2.5159,0,0,0
A,122,.,.,.,MET,N,A,125,.,.,.,VAL,N,930,954,0.174392,0,4.28955,0.175684,3,0
A,122,.,.,.,MET,N,A,125,.,.,.,VAL,O,930,957,5.04435,0,2.98532,-8.2401,3,0
A,122,.,.,.,MET,N,A,125,.,.,.,VAL,CB,930,958,0.00413175,0,4.91005,0.00213617,3,0
A,122,.,.,.,MET,CA,A,122,.,.,.,MET,C,931,932,6.20726,0,1.49784,0,0,1
A,122,.,.,.,MET,CA,A,122,.,.,.,MET,O,931,933,0.67028,0,2.3571,0,0,0
A,122,.,.,.,MET,CA,A,122,.,.,.,MET,CB,931,934,8.27558,0,1.55802,0,0,1
A,122,.,.,.,MET,CA,A,122,.,.,.,MET,CG,931,935,2.46008,0,2.5032,0,0,0
A,122,.,.,.,MET,CA,A,123,.,.,.,ASN,N,931,938,6.44114,1.75815,2.39654,0,1,0
A,122,.,.,.,MET,C,A,122,.,.,.,MET,O,932,933,7.14754,0,1.20871,0,0,1
A,122,.,.,.,MET,C,A,122,.,.,.,MET,CB,932,934,0.920679,0,2.49481,0,0,0
A,122,.,.,.,MET,C,A,122,.,.,.,MET,CG,932,935,2.21616,0,2.94078,0,0,0
A,122,.,.,.,MET,C,A,123,.,.,.,ASN,N,932,938,6.34075,0,1.33791,0,1,1
A,122,.,.,.,MET,C,A,123,.,.,.,ASN,CA,932,939,0.790465,0,2.43909,0,1,0
A,122,.,.,.,MET,C,A,123,.,.,.,ASN,C,932,940,0.268908,0,2.95163,0,1,0
A,122,.,.,.,MET,C,A,123,.,.,.,ASN,CB,932,942,1.1856,0,3.14998,0,1,0
A,122,.,.,.,MET,C,A,124,.,.,.,ASN,N,932,946,1.65482,0,3.17877,2.13761,2,0
A,122,.,.,.,MET,C,A,125,.,.,.,VAL,N,932,954,0.275674,0,3.71552,0.484478,3,0
A,122,.,.,.,MET,O,A,122,.,.,.,MET,CB,933,934,1.8029,0,2.98827,0,0,0
A,122,.,.,.,MET,O,A,122,.,.,.,MET,CG,933,935,0.00943667,0,3.52236,0,0,0
A,122,.,.,.,MET,O,A,123,.,.,.,ASN,CA,933,939,0.585149,0,2.7587,0,1,0
A,122,.,.,.,MET,O,A,123,.,.,.,ASN,C,933,940,2.04491,0,2.77418,0,1,0
A,122,.,.,.,MET,O,A,123,.,.,.,ASN,O,933,941,0.270567,0,3.26509,0,1,0
A,122,.,.,.,MET,O,A,123,.,.,.,ASN,CB,933,942,2.05562,0,3.23681,0,1,0
A,122,.,.,.,MET,O,A,124,.,.,.,ASN,N,933,946,0.200526,0,3.14368,0.162944,2,0
A,122,.,.,.,MET,O,A,125,.,.,.,VAL,N,933,954,3.3814,0,2.87265,-5.73654,3,0
A,122,.,.,.,MET,O,A,125,.,.,.,VAL,CA,933,955,0.0165438,0,3.56793,0.00714386,3,0
A,122,.,.,.,MET,O,A,125,.,.,.,VAL,O,933,957,0.851781,0,3.51225,0.0853799,3,0
A,122,.,.,.,MET,O,A,125,.,.,.,VAL,CB,933,958,4.09127,0,3.36751,-1.75737,3,0
A,122,.,.,.,MET,O,A,125,.,.,.,VAL,CG2,933,960,1.76064,0,3.67161,0.0672422,3,0
A,122,.,.,.,MET,CB,A,122,.,.,.,MET,CG,934,935,8.97881,0,1.47559,0,0,1
A,122,.,.,.,MET,CB,A,122,.,.,.,MET,SD,934,936,5.01138,0,2.72232,0,0,0
A,122,.,.,.,MET,CB,A,125,.,.,.,VAL,O,934,957,0.0209736,0,4.72858,-0.0141479,3,0
A,122,.,.,.,MET,CB,A,125,.,.,.,VAL,CB,934,958,0.342027,0,5.48613,-0.329437,3,0
A,122,.,.,.,MET,CG,A,122,.,.,.,MET,SD,935,936,9.83931,0,1.81471,0,0,0
A,122,.,.,.,MET,CG,A,122,.,.,.,MET,CE,935,937,5.08393,0,2.78545,0,0,0
A,122,.,.,.,MET,CG,A,123,.,.,.,ASN,N,935,938,1.88873,0,3.42663,0,1,0
A,122,.,.,.,MET,CG,A,123,.,.,.,ASN,CB,935,942,0.74501,0,4.31362,0,1,0
A,122,.,.,.,MET,CG,A,123,.,.,.,ASN,CG,935,943,3.15912,0,3.91803,0,1,0
A,122,.,.,.,MET,CG,A,123,.,.,.,ASN,OD1,935,944,2.14644,0,4.03432,0,1,0
A,122,.,.,.,MET,CG,A,123,.,.,.,ASN,ND2,935,945,1.46988,0,4.04206,0,1,0
A,122,.,.,.,MET,SD,A,122,.,.,.,MET,CE,936,937,13.3017,0,1.80296,0,0,0
A,122,.,.,.,MET,CE,A,123,.,.,.,ASN,CG,937,943,0.103189,0,4.59843,0,1,0
A,122,.,.,.,MET,CE,A,123,.,.,.,ASN,OD1,937,944,1.27243,0.738834,4.74913,0,1,0
A,122,.,.,.,MET,CE,A,123,.,.,.,ASN,ND2,937,945,9.2774,2.86873,3.96101,0,1,0
A,123,.,.,.,ASN,N,A,123,.,.,.,ASN,CA,938,939,9.79476,2.23233,1.48663,0,0,1
A,123,.,.,.,ASN,N,A,123,.,.,.,ASN,C,938,940,0.015679,0,2.50383,0,0,0
A,123,.,.,.,ASN,N,A,123,.,.,.,ASN,CB,938,942,0.737509,0,2.48421,0,0,0
A,123,.,.,.,ASN,N,A,123,.,.,.,ASN,CG,938,943,1.04275,0,2.97186,0,0,0
A,123,.,.,.,ASN,N,A,123,.,.,.,ASN,OD1,938,944,4.79305,1.82515,2.95965,0,0,0
A,123,.,.,.,ASN,N,A,124,.,.,.,ASN,N,938,946,3.28205,0.973868,2.83632,0,1,0
A,123,.,.,.,ASN,CA,A,123,.,.,.,ASN,C,939,940,10.1078,1.48242,1.5222,0,0,1
A,123,.,.,.,ASN,CA,A,123,.,.,.,ASN,CB,939,942,11.6025,2.74979,1.51508,0,0,1
A,123,.,.,.,ASN,CA,A,123,.,.,.,ASN,CG,939,943,0.531579,0,2.54032,0,0,0
A,123,.,.,.,ASN,CA,A,123,.,.,.,ASN,OD1,939,944,5.0851,3.32874,2.83462,0,0,0
A,123,.,.,.,ASN,CA,A,124,.,.,.,ASN,N,939,946,4.60343,1.51324,2.40218,0,1,0
A,123,.,.,.,ASN,CA,A,124,.,.,.,ASN,CG,939,951,0.733882,1.61081,4.80654,0,1,0
A,123,.,.,.,ASN,CA,A,124,.,.,.,ASN,OD1,939,952,0.195908,0.957218,4.90045,0,1,0
A,123,.,.,.,ASN,CA,A,124,.,.,.,ASN,ND2,939,953,0.00275419,0.14007,5.38214,0,1,0
A,123,.,.,.,ASN,C,A,123,.,.,.,ASN,O,940,941,8.79176,0.791412,1.2357,0,0,1
A,123,.,.,.,ASN,C,A,123,.,.,.,ASN,CB,940,942,1.1591,0.156339,2.53076,0,0,0
A,123,.,.,.,ASN,C,A,124,.,.,.,ASN,N,940,946,6.56276,0,1.33181,0,1,1
A,123,.,.,.,ASN,C,A,124,.,.,.,ASN,CA,940,947,0.701048,0,2.45481,0,1,0
A,123,.,.,.,ASN,C,A,124,.,.,.,ASN,CB,940,950,1.62646,0,3.07231,0,1,0
A,123,.,.,.,ASN,C,A,124,.,.,.,ASN,CG,940,951,1.77677,0,3.72317,0,1,0
A,123,.,.,.,ASN,C,A,124,.,.,.,ASN,ND2,940,953,0.790595,1.39106,4.39926,0,1,0
A,123,.,.,.,ASN,C,A,125,.,.,.,VAL,N,940,954,1.2178,0,3.10612,3.93446,2,0
A,123,.,.,.,ASN,O,A,123,.,.,.,ASN,CB,941,942,8.79983,4.76725,2.77971,0,0,0
A,123,.,.,.,ASN,O,A,124,.,.,.,ASN,CA,941,947,0.651546,0,2.8345,0,1,0
A,123,.,.,.,ASN,O,A,124,.,.,.,ASN,C,941,948,1.01352,0,3.22647,0,1,0
A,123,.,.,.,ASN,O,A,124,.,.,.,ASN,CB,941,950,7.60235,3.75405,3.03766,0,1,0
A,123,.,.,.,ASN,O,A,124,.,.,.,ASN,ND2,941,953,0.557181,1.44034,4.39459,0,1,0
A,123,.,.,.,ASN,O,A,125,.,.,.,VAL,N,941,954,1.27594,0,3.13069,1.2892,2,0
A,123,.,.,.,ASN,O,A,125,.,.,.,VAL,CG2,941,960,8.59416,4.12725,3.74719,1.24882,2,0
A,123,.,.,.,ASN,CB,A,123,.,.,.,ASN,CG,942,943,13.5346,3.86297,1.52022,0,0,1
A,123,.,.,.,ASN,CB,A,123,.,.,.,ASN,OD1,942,944,0.0192584,0.0598566,2.4178,0,0,0
A,123,.,.,.,ASN,CB,A,123,.,.,.,ASN,ND2,942,945,4.12709,1.95418,2.41567,0,0,0
A,123,.,.,.,ASN,CB,A,125,.,.,.,VAL,CG2,942,960,0.332633,0,5.24631,0.112001,2,0
A,123,.,.,.,ASN,CG,A,123,.,.,.,ASN,OD1,943,944,14.2767,4.13947,1.22837,0,0,1
A,123,.,.,.,ASN,CG,A,123,.,.,.,ASN,ND2,943,945,14.5692,3.88242,1.32662,0,0,1
A,123,.,.,.,ASN,OD1,A,123,.,.,.,ASN,ND2,944,945,3.0029,2.90648,2.22541,0,0,0
A,124,.,.,.,ASN,N,A,124,.,.,.,ASN,CA,946,947,7.96483,0,1.45317,0,0,1
A,124,.,.,.,ASN,N,A,124,.,.,.,ASN,CB,946,950,0.617247,0,2.50583,0,0,0
A,124,.,.,.,ASN,N,A,124,.,.,.,ASN,CG,946,951,1.72213,0,3.07974,0,0,0
A,124,.,.,.,ASN,N,A,124,.,.,.,ASN,OD1,946,952,4.57401,2.37667,3.14548,0,0,0
A,124,.,.,.,ASN,N,A,125,.,.,.,VAL,N,946,954,1.51911,0,2.78782,0,1,0
A,124,.,.,.,ASN,CA,A,124,.,.,.,ASN,C,947,948,8.24739,0,1.50902,0,0,1
A,124,.,.,.,ASN,CA,A,124,.,.,.,ASN,O,947,949,2.05371,0.643679,2.40161,0,0,0
A,124,.,.,.,ASN,CA,A,124,.,.,.,ASN,CB,947,950,9.26758,1.01809,1.57079,0,0,1
A,124,.,.,.,ASN,CA,A,124,.,.,.,ASN,CG,947,951,0.603425,0,2.55123,0,0,0
A,124,.,.,.,ASN,CA,A,124,.,.,.,ASN,OD1,947,952,5.33321,1.63015,2.80925,0,0,0
A,124,.,.,.,ASN,CA,A,125,.,.,.,VAL,N,947,954,1.09307,0,2.43663,0,1,0
A,124,.,.,.,ASN,CA,A,126,.,.,.,THR,CG2,947,967,1.39705,1.29929,4.98212,0.234058,2,0
A,124,.,.,.,ASN,C,A,124,.,.,.,ASN,O,948,949,9.40424,0.654118,1.25583,0,0,1
A,124,.,.,.,ASN,C,A,124,.,.,.,ASN,CB,948,950,3.36713,0.829656,2.50723,0,0,0
A,124,.,.,.,ASN,C,A,125,.,.,.,VAL,N,948,954,7.53349,0,1.35905,0,1,1
A,124,.,.,.,ASN,C,A,125,.,.,.,VAL,CA,948,955,1.7982,0,2.47909,0,1,0
A,124,.,.,.,ASN,C,A,125,.,.,.,VAL,C,948,956,0.582258,0,3.25538,0,1,0
A,124,.,.,.,ASN,C,A,125,.,.,.,VAL,CG2,948,960,1.97054,0.974969,3.85054,0,1,0
A,124,.,.,.,ASN,C,A,126,.,.,.,THR,CG2,948,967,1.82783,0,4.2283,0.59322,2,0
A,124,.,.,.,ASN,O,A,124,.,.,.,ASN,CB,949,950,8.24961,6.41464,2.88279,0,0,0
A,124,.,.,.,ASN,O,A,125,.,.,.,VAL,CA,949,955,6.11552,2.69304,2.83594,0,1,0
A,124,.,.,.,ASN,O,A,125,.,.,.,VAL,C,949,956,0.0203722,0,3.51799,0,1,0
A,124,.,.,.,ASN,O,A,125,.,.,.,VAL,CG2,949,960,0.495569,1.26669,4.35964,0,1,0
A,124,.,.,.,ASN,O,A,126,.,.,.,THR,N,949,961,1.66246,0.811028,3.75021,1.46874,2,0
A,124,.,.,.,ASN,O,A,126,.,.,.,THR,OG1,949,966,0.296742,1.00978,4.86593,0.0969309,2,0
A,124,.,.,.,ASN,O,A,126,.,.,.,THR,CG2,949,967,8.51873,4.27577,3.80644,-0.852171,2,0
A,124,.,.,.,ASN,CB,A,124,.,.,.,ASN,CG,950,951,13.7499,3.98989,1.49825,0,0,1
A,124,.,.,.,ASN,CB,A,124,.,.,.,ASN,OD1,950,952,0.0887522,0.1487,2.37528,0,0,0
A,124,.,.,.,ASN,CB,A,124,.,.,.,ASN,ND2,950,953,9.03766,5.82993,2.36635,0,0,0
A,124,.,.,.,ASN,CB,A,125,.,.,.,VAL,CG2,950,960,0.0363626,0.29393,5.48077,0,1,0
A,124,.,.,.,ASN,CG,A,124,.,.,.,ASN,OD1,951,952,16.7736,6.06877,1.20082,0,0,1
A,124,.,.,.,ASN,CG,A,124,.,.,.,ASN,ND2,951,953,17.6131,6.29268,1.32886,0,0,1
A,124,.,.,.,ASN,OD1,A,124,.,.,.,ASN,ND2,952,953,3.0052,4.23141,2.22543,0,0,0
A,125,.,.,.,VAL,N,A,125,.,.,.,VAL,CA,954,955,6.00023,0,1.48006,0,0,1
A,125,.,.,.,VAL,N,A,125,.,.,.,VAL,C,954,956,1.33272,0,2.41712,0,0,0
A,125,.,.,.,VAL,N,A,125,.,.,.,VAL,O,954,957,1.28216,0,2.84521,0,0,0
A,125,.,.,.,VAL,N,A,125,.,.,.,VAL,CB,954,958,1.17269,0,2.45357,0,0,0
A,125,.,.,.,VAL,N,A,125,.,.,.,VAL,CG2,954,960,2.87377,0,2.87449,0,0,0
A,125,.,.,.,VAL,CA,A,125,.,.,.,VAL,C,955,956,5.84773,0,1.50214,0,0,1
A,125,.,.,.,VAL,CA,A,125,.,.,.,VAL,O,955,957,0.465575,0,2.37481,0,0,0
A,125,.,.,.,VAL,CA,A,125,.,.,.,VAL,CB,955,958,7.04057,0,1.49717,0,0,1
A,125,.,.,.,VAL,CA,A,125,.,.,.,VAL,CG1,955,959,3.88345,1.815,2.48971,0,0,0
A,125,.,.,.,VAL,CA,A,125,.,.,.,VAL,CG2,955,960,4.252,1.68,2.49196,0,0,0
A,125,.,.,.,VAL,CA,A,126,.,.,.,THR,N,955,961,5.31009,1.6291,2.40179,0,1,0
A,125,.,.,.,VAL,C,A,125,.,.,.,VAL,O,956,957,8.16524,0,1.23692,0,0,1
A,125,.,.,.,VAL,C,A,125,.,.,.,VAL,CB,956,958,1.35937,0,2.45976,0,0,0
A,125,.,.,.,VAL,C,A,125,.,.,.,VAL,CG1,956,959,2.60041,0,2.95157,0,0,0
A,125,.,.,.,VAL,C,A,126,.,.,.,THR,N,956,961,7.13369,0,1.32305,0,1,1
A,125,.,.,.,VAL,C,A,126,.,.,.,THR,CA,956,962,1.84983,0,2.43707,0,1,0
A,125,.,.,.,VAL,C,A,126,.,.,.,THR,CG2,956,967,1.53496,0,3.60667,0,1,0
A,125,.,.,.,VAL,O,A,125,.,.,.,VAL,CB,957,958,2.96587,0,2.97421,0,0,0
A,125,.,.,.,VAL,O,A,125,.,.,.,VAL,CG1,957,959,0.219468,0,3.57751,0,0,0
A,125,.,.,.,VAL,O,A,126,.,.,.,THR,CA,957,962,3.63313,0,2.80295,0,1,0
A,125,.,.,.,VAL,O,A,126,.,.,.,THR,CG2,957,967,0.0151613,0,4.0038,0,1,0
A,125,.,.,.,VAL,CB,A,125,.,.,.,VAL,CG1,958,959,10.6735,0,1.52399,0,0,1
A,125,.,.,.,VAL,CB,A,125,.,.,.,VAL,CG2,958,960,9.34852,0,1.55347,0,0,1
A,125,.,.,.,VAL,CG1,A,125,.,.,.,VAL,CG2,959,960,9.12529,5.5676,2.52441,0,0,0
A,125,.,.,.,VAL,CG1,A,126,.,.,.,THR,N,959,961,4.6737,1.39617,3.44395,0,1,0
A,125,.,.,.,VAL,CG1,A,126,.,.,.,THR,C,959,963,0.00277547,0,4.99658,0,1,0
A,125,.,.,.,VAL,CG1,A,126,.,.,.,THR,O,959,964,2.76086,0.662764,4.61856,0,1,0
A,126,.,.,.,THR,N,A,126,.,.,.,THR,CA,961,962,6.74679,0,1.46379,0,0,1
A,126,.,.,.,THR,N,A,126,.,.,.,THR,C,961,963,0.965677,0,2.47225,0,0,0
A,126,.,.,.,THR,N,A,126,.,.,.,THR,O,961,964,4.91921,1.38416,2.77337,0,0,0
A,126,.,.,.,THR,N,A,126,.,.,.,THR,CB,961,965,1.52646,0,2.52431,0,0,0
A,126,.,.,.,THR,N,A,126,.,.,.,THR,OG1,961,966,3.74962,2.41394,2.97348,0,0,0
A,126,.,.,.,THR,N,A,126,.,.,.,THR,CG2,961,967,2.25831,0,2.98751,0,0,0
A,126,.,.,.,THR,CA,A,126,.,.,.,THR,C,962,963,7.57248,0,1.51878,0,0,1
A,126,.,.,.,THR,CA,A,126,.,.,.,THR,O,962,964,0.312268,0,2.40936,0,0,0
A,126,.,.,.,THR,CA,A,126,.,.,.,THR,CB,962,965,7.52888,0,1.56158,0,0,1
A,126,.,.,.,THR,CA,A,126,.,.,.,THR,OG1,962,966,0.447716,0,2.4424,0,0,0
A,126,.,.,.,THR,CA,A,126,.,.,.,THR,CG2,962,967,2.01522,0,2.52593,0,0,0
A,126,.,.,.,THR,CA,A,127,.,.,.,CYS,N,962,968,2.10268,0,2.39475,0,1,0
A,126,.,.,.,THR,C,A,126,.,.,.,THR,O,963,964,8.92254,0,1.24161,0,0,1
A,126,.,.,.,THR,C,A,126,.,.,.,THR,CB,963,965,2.31013,0,2.47127,0,0,0
A,126,.,.,.,THR,C,A,126,.,.,.,THR,OG1,963,966,2.02768,0,2.80852,0,0,0
A,126,.,.,.,THR,C,A,127,.,.,.,CYS,N,963,968,7.52265,0,1.31061,0,1,1
A,126,.,.,.,THR,C,A,127,.,.,.,CYS,CA,963,969,2.74375,0,2.42019,0,1,0
A,126,.,.,.,THR,C,A,127,.,.,.,CYS,CB,963,972,0.476783,0,3.3605,0,1,0
A,126,.,.,.,THR,O,A,126,.,.,.,THR,OG1,964,966,5.49386,4.34936,3.08448,0,0,0
A,126,.,.,.,THR,O,A,127,.,.,.,CYS,CA,964,969,3.8447,0.679054,2.7675,0,1,0
A,126,.,.,.,THR,O,A,127,.,.,.,CYS,CB,964,972,0.351342,0,3.57602,0,1,0
A,126,.,.,.,THR,CB,A,126,.,.,.,THR,OG1,965,966,13.9078,2.67296,1.46176,0,0,1
A,126,.,.,.,THR,CB,A,126,.,.,.,THR,CG2,965,967,17.8826,5.28487,1.49532,0,0,1
A,126,.,.,.,THR,CB,A,127,.,.,.,CYS,N,965,968,3.07559,0,3.09501,0,1,0
A,126,.,.,.,THR,CB,A,127,.,.,.,CYS,CA,965,969,0.130637,0,4.32514,0,1,0
A,126,.,.,.,THR,CB,A,127,.,.,.,CYS,C,965,970,1.02687,0,4.69908,0,1,0
A,126,.,.,.,THR,CB,A,127,.,.,.,CYS,O,965,971,3.13905,1.08597,4.52933,0,1,0
A,126,.,.,.,THR,CB,A,128,.,.,.,THR,OG1,965,979,3.0049,2.58111,5.5941,-2.70821,2,0
A,126,.,.,.,THR,OG1,A,126,.,.,.,THR,CG2,966,967,5.46249,4.2957,2.44647,0,0,0
A,126,.,.,.,THR,OG1,A,127,.,.,.,CYS,CA,966,969,0.613009,1.10887,4.55515,0,1,0
A,126,.,.,.,THR,OG1,A,127,.,.,.,CYS,C,966,970,0.132662,0.189107,4.97544,0,1,0
A,126,.,.,.,THR,OG1,A,128,.,.,.,THR,OG1,966,979,1.05512,2.23594,5.45211,-0.482297,2,0
A,127,.,.,.,CYS,N,A,127,.,.,.,CYS,CA,968,969,6.82714,0,1.46856,0,0,1
A,127,.,.,.,CYS,N,A,127,.,.,.,CYS,C,968,970,1.38567,0,2.38574,0,0,0
A,127,.,.,.,CYS,N,A,127,.,.,.,CYS,O,968,971,2.92107,0,2.68123,0,0,0
A,127,.,.,.,CYS,N,A,127,.,.,.,CYS,CB,968,972,3.53988,0,2.45796,0,0,0
A,127,.,.,.,CYS,CA,A,127,.,.,.,CYS,C,969,970,8.51739,0.412085,1.53015,0,0,1
A,127,.,.,.,CYS,CA,A,127,.,.,.,CYS,O,969,971,0.276311,0,2.44622,0,0,0
A,127,.,.,.,CYS,CA,A,127,.,.,.,CYS,CB,969,972,9.41432,0,1.53916,0,0,1
A,127,.,.,.,CYS,CA,A,127,.,.,.,CYS,SG,969,973,0.386115,0,2.89644,0,0,0
A,127,.,.,.,CYS,CA,A,128,.,.,.,THR,N,969,974,2.80246,0.740486,2.43494,0,1,0
A,127,.,.,.,CYS,C,A,127,.,.,.,CYS,O,970,971,9.44959,0,1.24981,0,0,1
A,127,.,.,.,CYS,C,A,127,.,.,.,CYS,CB,970,972,2.12938,0,2.56214,0,0,0
A,127,.,.,.,CYS,C,A,127,.,.,.,CYS,SG,970,973,2.25514,0,3.27149,0,0,0
A,127,.,.,.,CYS,C,A,128,.,.,.,THR,N,970,974,7.79196,0.163522,1.32373,0,1,1
A,127,.,.,.,CYS,C,A,128,.,.,.,THR,CA,970,975,2.11486,0,2.4198,0,1,0
A,127,.,.,.,CYS,C,A,128,.,.,.,THR,OG1,970,979,2.64261,0.437312,3.39289,0,1,0
A,127,.,.,.,CYS,O,A,127,.,.,.,CYS,CB,971,972,0.0662207,0,3.35279,0,0,0
A,127,.,.,.,CYS,O,A,128,.,.,.,THR,CA,971,975,3.26873,0,2.71296,0,1,0
A,127,.,.,.,CYS,O,A,128,.,.,.,THR,OG1,971,979,3.50627,0.555474,3.30353,0,1,0
A,127,.,.,.,CYS,CB,A,127,.,.,.,CYS,SG,972,973,13.0609,0,1.78853,0,0,1
A,127,.,.,.,CYS,SG,A,128,.,.,.,THR,N,973,974,2.98544,0,3.3875,0,1,0
A,127,.,.,.,CYS,SG,A,128,.,.,.,THR,CA,973,975,0.387482,0,4.35459,0,1,0
A,127,.,.,.,CYS,SG,A,128,.,.,.,THR,C,973,976,1.09382,0,4.2584,0,1,0
A,127,.,.,.,CYS,SG,A,128,.,.,.,THR,O,973,977,0.495975,0,4.39419,0,1,0
A,127,.,.,.,CYS,SG,A,129,.,.,.,ARG,N,973,981,0.301826,0,4.66617,0.0735021,2,0
A,127,.,.,.,CYS,SG,A,129,.,.,.,ARG,CG,973,986,5.34883,0,3.63769,-3.83721,2,0
A,127,.,.,.,CYS,SG,A,129,.,.,.,ARG,CD,973,987,8.01354,0,3.41899,-5.32256,2,0
A,128,.,.,.,THR,N,A,128,.,.,.,THR,CA,974,975,6.552,0,1.45285,0,0,1
A,128,.,.,.,THR,N,A,128,.,.,.,THR,C,974,976,1.7542,0,2.38045,0,0,0
A,128,.,.,.,THR,N,A,128,.,.,.,THR,O,974,977,1.34636,0,2.83229,0,0,0
A,128,.,.,.,THR,N,A,128,.,.,.,THR,CB,974,978,4.5123,0.665803,2.5115,0,0,0
A,128,.,.,.,THR,N,A,128,.,.,.,THR,OG1,974,979,1.14963,0.65695,2.94026,0,0,0
A,128,.,.,.,THR,CA,A,128,.,.,.,THR,C,975,976,5.96146,0,1.53917,0,0,1
A,128,.,.,.,THR,CA,A,128,.,.,.,THR,O,975,977,0.326728,0,2.43246,0,0,0
A,128,.,.,.,THR,CA,A,128,.,.,.,THR,CB,975,978,8.01831,0,1.55671,0,0,1
A,128,.,.,.,THR,CA,A,128,.,.,.,THR,OG1,975,979,0.566121,0,2.44635,0,0,0
A,128,.,.,.,THR,CA,A,128,.,.,.,THR,CG2,975,980,1.94243,0,2.55641,0,0,0
A,128,.,.,.,THR,CA,A,129,.,.,.,ARG,N,975,981,2.80528,0,2.4174,0,1,0
A,128,.,.,.,THR,C,A,128,.,.,.,THR,O,976,977,8.18837,0,1.23845,0,0,1
A,128,.,.,.,THR,C,A,128,.,.,.,THR,CB,976,978,1.43437,0,2.4956,0,0,0
A,128,.,.,.,THR,C,A,128,.,.,.,THR,CG2,976,980,2.56185,0,2.96468,0,0,0
A,128,.,.,.,THR,C,A,129,.,.,.,ARG,N,976,981,7.12944,0,1.31943,0,1,1
A,128,.,.,.,THR,C,A,129,.,.,.,ARG,CA,976,982,1.53686,0,2.48838,0,1,0
A,128,.,.,.,THR,C,A,129,.,.,.,ARG,CG,976,986,1.81351,0,3.46297,0,1,0
A,128,.,.,.,THR,C,A,130,.,.,.,ILE,CG1,976,997,0.146096,0,5.25374,-0.0578294,2,0
A,128,.,.,.,THR,C,A,130,.,.,.,ILE,CD1,976,999,0.0244162,0,5.0076,-0.00857752,2,0
A,128,.,.,.,THR,O,A,128,.,.,.,THR,CB,977,978,3.54462,0.185704,3.01935,0,0,0
A,128,.,.,.,THR,O,A,128,.,.,.,THR,CG2,977,980,1.1286,0.693499,3.58617,0,0,0
A,128,.,.,.,THR,O,A,129,.,.,.,ARG,CA,977,982,3.21644,0,2.8402,0,1,0
A,128,.,.,.,THR,O,A,129,.,.,.,ARG,CG,977,986,2.02717,0,3.50276,0,1,0
A,128,.,.,.,THR,O,A,130,.,.,.,ILE,CG1,977,997,1.24689,0.05038,5.21052,-0.177088,2,0
A,128,.,.,.,THR,CB,A,128,.,.,.,THR,OG1,978,979,15.0349,5.21235,1.44054,0,0,1
A,128,.,.,.,THR,CB,A,128,.,.,.,THR,CG2,978,980,16.8668,5.19114,1.55697,0,0,1
A,128,.,.,.,THR,OG1,A,128,.,.,.,THR,CG2,979,980,3.84382,2.2527,2.46462,0,0,0
A,128,.,.,.,THR,CG2,A,129,.,.,.,ARG,N,980,981,3.33564,0,3.38545,0,1,0
A,128,.,.,.,THR,CG2,A,129,.,.,.,ARG,C,980,983,0.096715,0,4.64636,0,1,0
A,128,.,.,.,THR,CG2,A,129,.,.,.,ARG,O,980,984,0.238524,0,4.70618,0,1,0
A,128,.,.,.,THR,CG2,A,130,.,.,.,ILE,CG1,980,997,1.6286,1.76129,4.63807,-0.97744,2,0
A,128,.,.,.,THR,CG2,A,130,.,.,.,ILE,CD1,980,999,12.3974,3.91837,3.80911,-14.9795,2,0
A,129,.,.,.,ARG,N,A,129,.,.,.,ARG,CA,981,982,7.14849,0,1.49263,0,0,1
A,129,.,.,.,ARG,N,A,129,.,.,.,ARG,C,981,983,1.67421,0,2.44974,0,0,0
A,129,.,.,.,ARG,N,A,129,.,.,.,ARG,O,981,984,1.54522,0,2.87986,0,0,0
A,129,.,.,.,ARG,N,A,129,.,.,.,ARG,CB,981,985,1.80093,0,2.50455,0,0,0
A,129,.,.,.,ARG,N,A,129,.,.,.,ARG,CG,981,986,1.90204,0,3.02041,0,0,0
A,129,.,.,.,ARG,N,A,130,.,.,.,ILE,CD1,981,999,0.100448,0,4.63625,0,1,0
A,129,.,.,.,ARG,CA,A,129,.,.,.,ARG,C,982,983,6.9241,0,1.51185,0,0,1
A,129,.,.,.,ARG,CA,A,129,.,.,.,ARG,O,982,984,0.613624,0,2.40675,0,0,0
A,129,.,.,.,ARG,CA,A,129,.,.,.,ARG,CB,982,985,8.19706,0,1.52671,0,0,1
A,129,.,.,.,ARG,CA,A,129,.,.,.,ARG,CG,982,986,2.68375,0,2.47351,0,0,0
A,129,.,.,.,ARG,CA,A,130,.,.,.,ILE,N,982,992,3.32139,0,2.38798,0,1,0
A,129,.,.,.,ARG,CA,A,130,.,.,.,ILE,CG1,982,997,0.709476,0,4.54959,0,1,0
A,129,.,.,.,ARG,CA,A,130,.,.,.,ILE,CD1,982,999,0.152784,0,4.58393,0,1,0
A,129,.,.,.,ARG,C,A,129,.,.,.,ARG,O,983,984,8.17331,0,1.21101,0,0,1
A,129,.,.,.,ARG,C,A,129,.,.,.,ARG,CB,983,985,2.85167,0,2.5209,0,0,0
A,129,.,.,.,ARG,C,A,130,.,.,.,ILE,N,983,992,7.19797,0,1.33331,0,1,1
A,129,.,.,.,ARG,C,A,130,.,.,.,ILE,CA,983,993,1.41741,0,2.4349,0,1,0
A,129,.,.,.,ARG,C,A,130,.,.,.,ILE,CG1,983,997,0.0398652,0,3.6862,0,1,0
A,129,.,.,.,ARG,C,A,130,.,.,.,ILE,CD1,983,999,2.41782,0,3.64398,0,1,0
A,129,.,.,.,ARG,C,A,131,.,.,.,TYR,CD1,983,1006,1.88154,0,4.11104,-0.583301,2,0
A,129,.,.,.,ARG,O,A,129,.,.,.,ARG,CB,984,985,0.620437,0,3.15727,0,0,0
A,129,.,.,.,ARG,O,A,130,.,.,.,ILE,CA,984,993,3.1229,0,2.75012,0,1,0
A,129,.,.,.,ARG,O,A,130,.,.,.,ILE,CD1,984,999,1.58858,0,3.72772,0,1,0
A,129,.,.,.,ARG,O,A,131,.,.,.,TYR,CD1,984,1006,2.53856,0,3.89921,-0.48919,2,0
A,129,.,.,.,ARG,O,A,131,.,.,.,TYR,CE1,984,1008,0.0025462,0,4.41739,0.000441642,2,0
A,129,.,.,.,ARG,CB,A,129,.,.,.,ARG,CG,985,986,9.18991,0,1.52344,0,0,1
A,129,.,.,.,ARG,CB,A,129,.,.,.,ARG,CD,985,987,5.14463,0,2.50373,0,0,0
A,129,.,.,.,ARG,CB,A,129,.,.,.,ARG,NE,985,988,2.14917,0,3.14325,0,0,0
A,129,.,.,.,ARG,CB,A,130,.,.,.,ILE,N,985,992,0.108061,0,3.36926,0,1,0
A,129,.,.,.,ARG,CB,A,131,.,.,.,TYR,CD1,985,1006,0.276913,0,4.47733,-0.214646,2,0
A,129,.,.,.,ARG,CB,A,131,.,.,.,TYR,CE1,985,1008,6.09493,0,4.01924,-6.16752,2,0
A,129,.,.,.,ARG,CG,A,129,.,.,.,ARG,CD,986,987,10.2304,0,1.46842,0,0,1
A,129,.,.,.,ARG,CG,A,129,.,.,.,ARG,NE,986,988,0.857414,0,2.48982,0,0,0
A,129,.,.,.,ARG,CG,A,129,.,.,.,ARG,CZ,986,989,0.708881,0,3.32841,0,0,0
A,129,.,.,.,ARG,CG,A,129,.,.,.,ARG,NH1,986,990,1.24372,0,3.4323,0,0,0
A,129,.,.,.,ARG,CD,A,129,.,.,.,ARG,NE,987,988,12.4579,3.02951,1.44686,0,0,1
A,129,.,.,.,ARG,CD,A,129,.,.,.,ARG,CZ,987,989,2.00083,0,2.48062,0,0,0
A,129,.,.,.,ARG,CD,A,129,.,.,.,ARG,NH1,987,990,2.09791,0,2.89604,0,0,0
A,129,.,.,.,ARG,CD,A,131,.,.,.,TYR,CE1,987,1008,0.035913,0,5.24124,-0.0381468,2,0
A,129,.,.,.,ARG,NE,A,129,.,.,.,ARG,CZ,988,989,9.71614,0,1.33337,0,0,1
A,129,.,.,.,ARG,NE,A,129,.,.,.,ARG,NH2,988,991,3.82547,1.99232,2.28077,0,0,0
A,129,.,.,.,ARG,NE,A,131,.,.,.,TYR,CE1,988,1008,1.69905,0.505516,4.69737,-0.940077,2,0
A,129,.,.,.,ARG,NE,A,131,.,.,.,TYR,CZ,988,1010,0.00786944,0,4.82186,-0.0129281,2,0
A,129,.,.,.,ARG,NE,A,131,.,.,.,TYR,OH,988,1011,4.465,2.32423,4.219,-4.09839,2,0
A,129,.,.,.,ARG,CZ,A,129,.,.,.,ARG,NH1,989,990,9.34366,0,1.29823,0,0,1
A,129,.,.,.,ARG,CZ,A,129,.,.,.,ARG,NH2,989,991,11.7463,0,1.31514,0,0,1
A,129,.,.,.,ARG,NH1,A,129,.,.,.,ARG,NH2,990,991,3.29552,0,2.24703,0,0,0
A,129,.,.,.,ARG,NH2,A,131,.,.,.,TYR,OH,991,1011,4.66817,1.37383,4.07609,-4.22045,2,0
A,130,.,.,.,ILE,N,A,130,.,.,.,ILE,CA,992,993,5.98013,0,1.45324,0,0,1
A,130,.,.,.,ILE,N,A,130,.,.,.,ILE,C,992,994,1.30667,0,2.41998,0,0,0
A,130,.,.,.,ILE,N,A,130,.,.,.,ILE,O,992,995,1.56273,0,2.77397,0,0,0
A,130,.,.,.,ILE,N,A,130,.,.,.,ILE,CB,992,996,1.65571,0,2.45347,0,0,0
A,130,.,.,.,ILE,N,A,130,.,.,.,ILE,CG1,992,997,3.02312,0,2.88661,0,0,0
A,130,.,.,.,ILE,N,A,130,.,.,.,ILE,CD1,992,999,0.341598,0,3.29545,0,0,0
A,130,.,.,.,ILE,N,A,131,.,.,.,TYR,CD1,992,1006,0.33863,0,4.26441,0,1,0
A,130,.,.,.,ILE,CA,A,130,.,.,.,ILE,C,993,994,5.8434,0,1.53037,0,0,1
A,130,.,.,.,ILE,CA,A,130,.,.,.,ILE,O,993,995,0.338968,0,2.39092,0,0,0
A,130,.,.,.,ILE,CA,A,130,.,.,.,ILE,CB,993,996,6.38226,0,1.52621,0,0,1
A,130,.,.,.,ILE,CA,A,130,.,.,.,ILE,CG1,993,997,0.231202,0,2.54324,0,0,0
A,130,.,.,.,ILE,CA,A,130,.,.,.,ILE,CG2,993,998,2.08467,0,2.52642,0,0,0
A,130,.,.,.,ILE,CA,A,130,.,.,.,ILE,CD1,993,999,3.00987,0,2.96379,0,0,0
A,130,.,.,.,ILE,CA,A,131,.,.,.,TYR,N,993,1000,2.56006,0,2.39466,0,1,0
A,130,.,.,.,ILE,CA,A,131,.,.,.,TYR,CD1,993,1006,0.462043,0,4.29161,0,1,0
A,130,.,.,.,ILE,C,A,130,.,.,.,ILE,O,994,995,7.55902,0,1.20484,0,0,1
A,130,.,.,.,ILE,C,A,130,.,.,.,ILE,CB,994,996,1.80755,0,2.44787,0,0,0
A,130,.,.,.,ILE,C,A,130,.,.,.,ILE,CG2,994,998,1.41972,0,2.93893,0,0,0
A,130,.,.,.,ILE,C,A,131,.,.,.,TYR,N,994,1000,6.34727,0,1.33948,0,1,1
A,130,.,.,.,ILE,C,A,131,.,.,.,TYR,CA,994,1001,1.78412,0,2.44142,0,1,0
A,130,.,.,.,ILE,C,A,131,.,.,.,TYR,CG,994,1005,0.055608,0,3.72517,0,1,0
A,130,.,.,.,ILE,C,A,131,.,.,.,TYR,CD1,994,1006,2.3148,0,3.6344,0,1,0
A,130,.,.,.,ILE,O,A,130,.,.,.,ILE,CB,995,996,1.09887,0,3.04161,0,0,0
A,130,.,.,.,ILE,O,A,131,.,.,.,TYR,CA,995,1001,2.44547,0,2.82627,0,1,0
A,130,.,.,.,ILE,O,A,131,.,.,.,TYR,CG,995,1005,0.260265,0,3.86899,0,1,0
A,130,.,.,.,ILE,O,A,131,.,.,.,TYR,CD1,995,1006,0.352728,0,3.89452,0,1,0
A,130,.,.,.,ILE,CB,A,130,.,.,.,ILE,CG1,996,997,9.88048,0.384455,1.52756,0,0,1
A,130,.,.,.,ILE,CB,A,130,.,.,.,ILE,CG2,996,998,10.8601,1.05649,1.58134,0,0,1
A,130,.,.,.,ILE,CB,A,130,.,.,.,ILE,CD1,996,999,1.25561,0,2.45316,0,0,0
A,130,.,.,.,ILE,CG1,A,130,.,.,.,ILE,CG2,997,998,4.91243,3.2273,2.5998,0,0,0
A,130,.,.,.,ILE,CG1,A,130,.,.,.,ILE,CD1,997,999,17.4675,5.22392,1.37506,0,0,1
A,130,.,.,.,ILE,CG2,A,130,.,.,.,ILE,CD1,998,999,5.05826,1.62645,3.15773,0,0,0
A,130,.,.,.,ILE,CG2,A,131,.,.,.,TYR,N,998,1000,3.31653,0,3.23472,0,1,0
A,130,.,.,.,ILE,CG2,A,131,.,.,.,TYR,C,998,1002,1.23476,0,4.40002,0,1,0
A,130,.,.,.,ILE,CG2,A,131,.,.,.,TYR,O,998,1003,1.16935,0,4.17557,0,1,0
A,131,.,.,.,TYR,N,A,131,.,.,.,TYR,CA,1000,1001,6.81818,0,1.44207,0,0,1
A,131,.,.,.,TYR,N,A,131,.,.,.,TYR,C,1000,1002,1.13759,0,2.42848,0,0,0
A,131,.,.,.,TYR,N,A,131,.,.,.,TYR,O,1000,1003,1.8573,0,2.77739,0,0,0
A,131,.,.,.,TYR,N,A,131,.,.,.,TYR,CB,1000,1004,1.71856,0,2.41649,0,0,0
A,131,.,.,.,TYR,N,A,131,.,.,.,TYR,CG,1000,1005,0.00196664,0,3.13908,0,0,0
A,131,.,.,.,TYR,N,A,131,.,.,.,TYR,CD1,1000,1006,1.96035,0,3.34453,0,0,0
A,131,.,.,.,TYR,CA,A,131,.,.,.,TYR,C,1001,1002,6.90585,0,1.53792,0,0,1
A,131,.,.,.,TYR,CA,A,131,.,.,.,TYR,O,1001,1003,0.47511,0,2.41151,0,0,0
A,131,.,.,.,TYR,CA,A,131,.,.,.,TYR,CB,1001,1004,8.46525,0,1.51497,0,0,1
A,131,.,.,.,TYR,CA,A,131,.,.,.,TYR,CG,1001,1005,1.34687,0,2.62717,0,0,0
A,131,.,.,.,TYR,CA,A,131,.,.,.,TYR,CD1,1001,1006,0.0065785,0,3.44703,0,0,0
A,131,.,.,.,TYR,CA,A,131,.,.,.,TYR,CD2,1001,1007,0.0278219,0,3.53063,0,0,0
A,131,.,.,.,TYR,CA,A,132,.,.,.,GLU,N,1001,1012,2.43646,0,2.42304,0,1,0
A,131,.,.,.,TYR,C,A,131,.,.,.,TYR,O,1002,1003,8.43237,0,1.2198,0,0,1
A,131,.,.,.,TYR,C,A,131,.,.,.,TYR,CB,1002,1004,3.03823,0,2.49074,0,0,0
A,131,.,.,.,TYR,C,A,132,.,.,.,GLU,N,1002,1012,8.26392,0,1.32837,0,1,1
A,131,.,.,.,TYR,C,A,132,.,.,.,GLU,CA,1002,1013,2.10226,0,2.45098,0,1,0
A,131,.,.,.,TYR,C,A,132,.,.,.,GLU,C,1002,1014,0.058339,0,3.3785,0,1,0
A,131,.,.,.,TYR,C,A,132,.,.,.,GLU,CB,1002,1016,0.00846075,0,3.59865,0,1,0
A,131,.,.,.,TYR,O,A,131,.,.,.,TYR,CB,1003,1004,0.536799,0,3.1431,0,0,0
A,131,.,.,.,TYR,O,A,132,.,.,.,GLU,CA,1003,1013,3.67758,0,2.78054,0,1,0
A,131,.,.,.,TYR,CB,A,131,.,.,.,TYR,CG,1004,1005,7.34006,0,1.54136,0,0,1
A,131,.,.,.,TYR,CB,A,131,.,.,.,TYR,CD1,1004,1006,2.44878,0,2.63605,0,0,0
A,131,.,.,.,TYR,CB,A,131,.,.,.,TYR,CD2,1004,1007,3.37731,0,2.48359,0,0,0
A,131,.,.,.,TYR,CB,A,132,.,.,.,GLU,N,1004,1012,0.935939,0,3.27743,0,1,0
A,131,.,.,.,TYR,CG,A,131,.,.,.,TYR,CD1,1005,1006,8.54292,0,1.44618,0,0,1
A,131,.,.,.,TYR,CG,A,131,.,.,.,TYR,CD2,1005,1007,8.4227,0,1.35163,0,0,1
A,131,.,.,.,TYR,CD1,A,131,.,.,.,TYR,CD2,1006,1007,0.869867,0,2.39879,0,0,0
A,131,.,.,.,TYR,CD1,A,131,.,.,.,TYR,CE1,1006,1008,11.7422,0,1.4259,0,0,1
A,131,.,.,.,TYR,CD2,A,131,.,.,.,TYR,CE1,1007,1008,0.415074,0,2.73036,0,0,0
A,131,.,.,.,TYR,CD2,A,131,.,.,.,TYR,CE2,1007,1009,10.8961,0,1.43092,0,0,1
A,131,.,.,.,TYR,CD2,A,131,.,.,.,TYR,CZ,1007,1010,0.00614353,0,2.37747,0,0,0
A,131,.,.,.,TYR,CE1,A,131,.,.,.,TYR,CE2,1008,1009,0.00799177,0,2.36435,0,0,0
A,131,.,.,.,TYR,CE1,A,131,.,.,.,TYR,CZ,1008,1010,12.754,0.724062,1.3624,0,0,1
A,131,.,.,.,TYR,CE1,A,131,.,.,.,TYR,OH,1008,1011,3.91272,2.56282,2.45088,0,0,0
A,131,.,.,.,TYR,CE2,A,131,.,.,.,TYR,CZ,1009,1010,9.98661,0,1.34497,0,0,1
A,131,.,.,.,TYR,CE2,A,131,.,.,.,TYR,OH,1009,1011,3.39217,0,2.31049,0,0,0
A,131,.,.,.,TYR,CZ,A,131,.,.,.,TYR,OH,1010,1011,11.8606,0.714506,1.40958,0,0,1
A,132,.,.,.,GLU,N,A,132,.,.,.,GLU,CA,1012,1013,6.70403,0,1.48069,0,0,1
A,132,.,.,.,GLU,N,A,132,.,.,.,GLU,C,1012,1014,1.25966,0,2.43751,0,0,0
A,132,.,.,.,GLU,N,A,132,.,.,.,GLU,O,1012,1015,2.07697,0,2.74399,0,0,0
A,132,.,.,.,GLU,N,A,132,.,.,.,GLU,CB,1012,1016,2.35416,0,2.49041,0,0,0
A,132,.,.,.,GLU,N,A,132,.,.,.,GLU,CG,1012,1017,1.93323,0,3.07036,0,0,0
A,132,.,.,.,GLU,CA,A,132,.,.,.,GLU,C,1013,1014,6.4845,0,1.53075,0,0,1
A,132,.,.,.,GLU,CA,A,132,.,.,.,GLU,O,1013,1015,0.224568,0,2.38841,0,0,0
A,132,.,.,.,GLU,CA,A,132,.,.,.,GLU,CB,1013,1016,11.3182,0.527033,1.53434,0,0,1
A,132,.,.,.,GLU,CA,A,132,.,.,.,GLU,CG,1013,1017,0.810643,0,2.59164,0,0,0
A,132,.,.,.,GLU,CA,A,133,.,.,.,LYS,N,1013,1021,5.49803,0.497829,2.40984,0,1,0
A,132,.,.,.,GLU,C,A,132,.,.,.,GLU,O,1014,1015,7.58527,0,1.21084,0,0,1
A,132,.,.,.,GLU,C,A,132,.,.,.,GLU,CB,1014,1016,1.44742,0,2.50613,0,0,0
A,132,.,.,.,GLU,C,A,132,.,.,.,GLU,CG,1014,1017,1.70027,0,3.00982,0,0,0
A,132,.,.,.,GLU,C,A,133,.,.,.,LYS,N,1014,1021,6.53842,0,1.32724,0,1,1
A,132,.,.,.,GLU,C,A,133,.,.,.,LYS,CA,1014,1022,1.29226,0,2.43877,0,1,0
A,132,.,.,.,GLU,C,A,133,.,.,.,LYS,C,1014,1023,1.00181,0,3.00816,0,1,0
A,132,.,.,.,GLU,C,A,133,.,.,.,LYS,O,1014,1024,0.475353,0,3.38737,0,1,0
A,132,.,.,.,GLU,C,A,134,.,.,.,VAL,CG1,1014,1035,0.0406753,0,4.51398,-0.00799407,2,0
A,132,.,.,.,GLU,O,A,132,.,.,.,GLU,CG,1015,1017,3.06657,0,3.08106,0,0,0
A,132,.,.,.,GLU,O,A,133,.,.,.,LYS,CA,1015,1022,1.601,0,2.81211,0,1,0
A,132,.,.,.,GLU,O,A,133,.,.,.,LYS,C,1015,1023,1.05709,0,3.03723,0,1,0
A,132,.,.,.,GLU,O,A,134,.,.,.,VAL,N,1015,1030,1.54418,0,3.33466,1.96643,2,0
A,132,.,.,.,GLU,O,A,134,.,.,.,VAL,CG1,1015,1035,3.2853,0,3.76188,0.744886,2,0
A,132,.,.,.,GLU,O,A,134,.,.,.,VAL,CG2,1015,1036,0.193009,0,4.53677,0.114304,2,0
A,132,.,.,.,GLU,CB,A,132,.,.,.,GLU,CG,1016,1017,10.4908,0.236486,1.55911,0,0,1
A,132,.,.,.,GLU,CB,A,132,.,.,.,GLU,CD,1016,1018,1.30038,0.276366,2.58807,0,0,0
A,132,.,.,.,GLU,CB,A,132,.,.,.,GLU,OE1,1016,1019,9.41951,3.42053,2.74531,0,0,0
A,132,.,.,.,GLU,CB,A,133,.,.,.,LYS,N,1016,1021,3.52811,2.11474,3.23282,0,1,0
A,132,.,.,.,GLU,CB,A,133,.,.,.,LYS,O,1016,1024,2.51761,2.13902,4.41977,0,1,0
A,132,.,.,.,GLU,CG,A,132,.,.,.,GLU,CD,1017,1018,11.5915,0.769003,1.53252,0,0,1
A,132,.,.,.,GLU,CG,A,132,.,.,.,GLU,OE2,1017,1020,2.44902,0,2.40874,0,0,0
A,132,.,.,.,GLU,CG,A,133,.,.,.,LYS,O,1017,1024,2.52226,0.664972,4.4465,0,1,0
A,132,.,.,.,GLU,CG,A,134,.,.,.,VAL,CG1,1017,1035,6.19441,0,4.23117,-2.49182,2,0
A,132,.,.,.,GLU,CD,A,132,.,.,.,GLU,OE1,1018,1019,15.4524,4.49815,1.26524,0,0,1
A,132,.,.,.,GLU,CD,A,132,.,.,.,GLU,OE2,1018,1020,14.5191,3.41798,1.27617,0,0,1
A,132,.,.,.,GLU,CD,A,133,.,.,.,LYS,O,1018,1024,0.023422,0.741112,5.21464,0,1,0
A,132,.,.,.,GLU,CD,A,134,.,.,.,VAL,CG1,1018,1035,1.50263,1.66041,4.77365,-0.792914,2,0
A,132,.,.,.,GLU,OE1,A,132,.,.,.,GLU,OE2,1019,1020,1.4549,3.15363,2.25863,0,0,0
A,132,.,.,.,GLU,OE2,A,134,.,.,.,VAL,CG1,1020,1035,1.37848,0.251893,4.59328,0.365707,2,0
A,133,.,.,.,LYS,N,A,133,.,.,.,LYS,CA,1021,1022,6.42819,0,1.44453,0,0,1
A,133,.,.,.,LYS,N,A,133,.,.,.,LYS,C,1021,1023,0.597614,0,2.37365,0,0,0
A,133,.,.,.,LYS,N,A,133,.,.,.,LYS,O,1021,1024,3.49326,1.07348,2.77178,0,0,0
A,133,.,.,.,LYS,N,A,133,.,.,.,LYS,CB,1021,1025,5.65941,1.78285,2.44229,0,0,0
A,133,.,.,.,LYS,CA,A,133,.,.,.,LYS,C,1022,1023,5.73882,0,1.49885,0,0,1
A,133,.,.,.,LYS,CA,A,133,.,.,.,LYS,O,1022,1024,0.574225,0,2.38545,0,0,0
A,133,.,.,.,LYS,CA,A,133,.,.,.,LYS,CB,1022,1025,7.26937,0,1.51603,0,0,1
A,133,.,.,.,LYS,CA,A,133,.,.,.,LYS,CG,1022,1026,0.735753,0,2.52771,0,0,0
A,133,.,.,.,LYS,CA,A,133,.,.,.,LYS,CD,1022,1027,2.97854,0,3.00928,0,0,0
A,133,.,.,.,LYS,CA,A,134,.,.,.,VAL,N,1022,1030,2.54883,0,2.39429,0,1,0
A,133,.,.,.,LYS,C,A,133,.,.,.,LYS,O,1023,1024,8.28502,0,1.24874,0,0,1
A,133,.,.,.,LYS,C,A,133,.,.,.,LYS,CB,1023,1025,1.28462,0,2.47294,0,0,0
A,133,.,.,.,LYS,C,A,133,.,.,.,LYS,CG,1023,1026,3.10461,0,3.00374,0,0,0
A,133,.,.,.,LYS,C,A,134,.,.,.,VAL,N,1023,1030,6.40056,0,1.31857,0,1,1
A,133,.,.,.,LYS,C,A,134,.,.,.,VAL,CA,1023,1031,2.44754,0,2.41002,0,1,0
A,133,.,.,.,LYS,C,A,134,.,.,.,VAL,CG1,1023,1035,1.23778,0,3.52442,0,1,0
A,133,.,.,.,LYS,O,A,133,.,.,.,LYS,CB,1024,1025,4.70012,3.28326,3.04471,0,0,0
A,133,.,.,.,LYS,O,A,133,.,.,.,LYS,CG,1024,1026,1.07108,1.78655,3.69605,0,0,0
A,133,.,.,.,LYS,O,A,134,.,.,.,VAL,CA,1024,1031,6.51463,4.01872,2.75808,0,1,0
A,133,.,.,.,LYS,O,A,134,.,.,.,VAL,CG1,1024,1035,4.98561,2.38421,3.50383,0,1,0
A,133,.,.,.,LYS,CB,A,133,.,.,.,LYS,CG,1025,1026,16.1869,5.69629,1.50491,0,0,1
A,133,.,.,.,LYS,CB,A,133,.,.,.,LYS,CD,1025,1027,2.24475,0,2.47818,0,0,0
A,133,.,.,.,LYS,CB,A,133,.,.,.,LYS,NZ,1025,1029,0.225914,0.435414,3.97868,0,0,0
A,133,.,.,.,LYS,CG,A,133,.,.,.,LYS,CD,1026,1027,8.59584,0,1.51949,0,0,1
A,133,.,.,.,LYS,CG,A,133,.,.,.,LYS,CE,1026,1028,5.78099,2.88964,2.50133,0,0,0
A,133,.,.,.,LYS,CG,A,133,.,.,.,LYS,NZ,1026,1029,7.7954,4.55595,2.93986,0,0,0
A,133,.,.,.,LYS,CG,A,134,.,.,.,VAL,N,1026,1030,1.33928,0,3.45744,0,1,0
A,133,.,.,.,LYS,CG,A,134,.,.,.,VAL,CA,1026,1031,0.321839,0.286741,4.47327,0,1,0
A,133,.,.,.,LYS,CG,A,134,.,.,.,VAL,C,1026,1032,1.89646,1.77685,4.59554,0,1,0
A,133,.,.,.,LYS,CG,A,134,.,.,.,VAL,O,1026,1033,2.88734,1.33247,4.15557,0,1,0
A,133,.,.,.,LYS,CD,A,133,.,.,.,LYS,CE,1027,1028,12.2628,0,1.49975,0,0,1
A,133,.,.,.,LYS,CD,A,133,.,.,.,LYS,NZ,1027,1029,1.97629,0,2.41687,0,0,0
A,133,.,.,.,LYS,CD,A,134,.,.,.,VAL,N,1027,1030,1.16192,0,3.70962,0,1,0
A,133,.,.,.,LYS,CD,A,134,.,.,.,VAL,O,1027,1033,2.85014,0,4.03463,0,1,0
A,133,.,.,.,LYS,CE,A,133,.,.,.,LYS,NZ,1028,1029,14.3258,4.62799,1.47764,0,0,1
A,133,.,.,.,LYS,CE,A,134,.,.,.,VAL,O,1028,1033,3.47583,3.09952,4.53542,0,1,0
A,134,.,.,.,VAL,N,A,134,.,.,.,VAL,CA,1030,1031,6.47082,0,1.4592,0,0,1
A,134,.,.,.,VAL,N,A,134,.,.,.,VAL,C,1030,1032,0.418289,0,2.46566,0,0,0
A,134,.,.,.,VAL,N,A,134,.,.,.,VAL,O,1030,1033,1.9103,0,2.76368,0,0,0
A,134,.,.,.,VAL,N,A,134,.,.,.,VAL,CB,1030,1034,0.825041,0,2.49998,0,0,0
A,134,.,.,.,VAL,N,A,134,.,.,.,VAL,CG1,1030,1035,1.26188,0,3.03144,0,0,0
A,134,.,.,.,VAL,N,A,134,.,.,.,VAL,CG2,1030,1036,2.18411,0,3.00891,0,0,0
A,134,.,.,.,VAL,CA,A,134,.,.,.,VAL,C,1031,1032,8.66124,0.81517,1.50421,0,0,1
A,134,.,.,.,VAL,CA,A,134,.,.,.,VAL,O,1031,1033,0.166964,0,2.41427,0,0,0
A,134,.,.,.,VAL,CA,A,134,.,.,.,VAL,CB,1031,1034,8.31318,0.746621,1.52295,0,0,1
A,134,.,.,.,VAL,CA,A,134,.,.,.,VAL,CG1,1031,1035,3.0401,1.05665,2.52063,0,0,0
A,134,.,.,.,VAL,CA,A,134,.,.,.,VAL,CG2,1031,1036,0.983305,0,2.52837,0,0,0
A,134,.,.,.,VAL,CA,A,135,.,.,.,GLU,N,1031,1037,5.87789,3.72084,2.36485,0,1,0
A,134,.,.,.,VAL,C,A,134,.,.,.,VAL,O,1032,1033,9.82873,0.910277,1.25066,0,0,1
A,134,.,.,.,VAL,C,A,134,.,.,.,VAL,CB,1032,1034,1.18317,0,2.47964,0,0,0
A,134,.,.,.,VAL,C,A,134,.,.,.,VAL,CG2,1032,1036,1.70434,0,3.05352,0,0,0
A,134,.,.,.,VAL,C,A,135,.,.,.,GLU,N,1032,1037,9.17873,2.34544,1.31767,0,1,1
A,134,.,.,.,VAL,C,A,135,.,.,.,GLU,CA,1032,1038,1.4655,0.320158,2.44897,0,1,0
A,134,.,.,.,VAL,C,A,135,.,.,.,GLU,C,1032,1039,0.749473,0,3.04376,0,1,0
A,134,.,.,.,VAL,C,A,135,.,.,.,GLU,OXT,1032,1046,0.949233,0,3.11195,0,1,0
A,134,.,.,.,VAL,O,A,134,.,.,.,VAL,CG2,1033,1036,1.01137,0,3.52086,0,0,0
A,134,.,.,.,VAL,O,A,135,.,.,.,GLU,CA,1033,1038,5.61544,3.5752,2.83538,0,1,0
A,134,.,.,.,VAL,O,A,135,.,.,.,GLU,C,1033,1039,3.20447,0,3.16064,0,1,0
A,134,.,.,.,VAL,O,A,135,.,.,.,GLU,O,1033,1040,0.881682,1.57238,3.83692,0,1,0
A,134,.,.,.,VAL,O,A,135,.,.,.,GLU,OXT,1033,1046,0.0821497,0,3.44039,0,1,0
A,134,.,.,.,VAL,CB,A,134,.,.,.,VAL,CG1,1034,1035,13.6414,2.64082,1.55481,0,0,1
A,134,.,.,.,VAL,CB,A,134,.,.,.,VAL,CG2,1034,1036,10.7129,0,1.53008,0,0,1
A,134,.,.,.,VAL,CB,A,135,.,.,.,GLU,N,1034,1037,5.66455,2.0504,2.99041,0,1,0
A,134,.,.,.,VAL,CB,A,135,.,.,.,GLU,CB,1034,1041,0.462385,1.44928,4.99936,0,1,0
A,134,.,.,.,VAL,CB,A,135,.,.,.,GLU,OXT,1034,1046,3.67445,1.46629,3.68253,0,1,0
A,134,.,.,.,VAL,CG1,A,134,.,.,.,VAL,CG2,1035,1036,3.82168,0,2.53248,0,0,0
A,134,.,.,.,VAL,CG2,A,135,.,.,.,GLU,OXT,1036,1046,5.56609,1.07823,3.48323,0,1,0
A,135,.,.,.,GLU,N,A,135,.,.,.,GLU,CA,1037,1038,8.56778,1.04438,1.48382,0,0,1
A,135,.,.,.,GLU,N,A,135,.,.,.,GLU,C,1037,1039,0.0675974,0,2.51948,0,0,0
A,135,.,.,.,GLU,N,A,135,.,.,.,GLU,CB,1037,1041,5.0463,1.40372,2.43551,0,0,0
A,135,.,.,.,GLU,N,A,135,.,.,.,GLU,CG,1037,1042,6.60677,5.49352,3.08182,0,0,0
A,135,.,.,.,GLU,N,A,135,.,.,.,GLU,OXT,1037,1046,1.46332,0,2.76642,0,0,0
A,135,.,.,.,GLU,CA,A,135,.,.,.,GLU,C,1038,1039,8.19624,0,1.55625,0,0,1
A,135,.,.,.,GLU,CA,A,135,.,.,.,GLU,O,1038,1040,4.521,3.85136,2.53442,0,0,0
A,135,.,.,.,GLU,CA,A,135,.,.,.,GLU,CB,1038,1041,9.53397,1.27855,1.52142,0,0,1
A,135,.,.,.,GLU,CA,A,135,.,.,.,GLU,CG,1038,1042,6.80158,4.38052,2.49128,0,0,0
A,135,.,.,.,GLU,CA,A,135,.,.,.,GLU,OXT,1038,1046,0.583688,0,2.39535,0,0,0
A,135,.,.,.,GLU,C,A,135,.,.,.,GLU,O,1039,1040,14.8879,2.16509,1.26166,0,0,1
A,135,.,.,.,GLU,C,A,135,.,.,.,GLU,CB,1039,1041,6.15899,1.99462,2.44526,0,0,0
A,135,.,.,.,GLU,C,A,135,.,.,.,GLU,OXT,1039,1046,11.489,1.83299,1.24797,0,0,1
A,135,.,.,.,GLU,O,A,135,.,.,.,GLU,CB,1040,1041,2.49934,3.40549,3.29676,0,0,0
A,135,.,.,.,GLU,O,A,135,.,.,.,GLU,OXT,1040,1046,2.71562,1.71332,2.11902,0,0,0
A,135,.,.,.,GLU,CB,A,135,.,.,.,GLU,CG,1041,1042,12.9668,2.47196,1.42431,0,0,1
A,135,.,.,.,GLU,CB,A,135,.,.,.,GLU,CD,1041,1043,5.99068,2.74211,2.44681,0,0,0
A,135,.,.,.,GLU,CB,A,135,.,.,.,GLU,OE1,1041,1044,6.22974,5.37198,3.00749,0,0,0
A,135,.,.,.,GLU,CB,A,135,.,.,.,GLU,OE2,1041,1045,0.718575,1.67523,3.369,0,0,0
A,135,.,.,.,GLU,CB,A,135,.,.,.,GLU,OXT,1041,1046,4.01132,3.3187,3.09196,0,0,0
A,135,.,.,.,GLU,CG,A,135,.,.,.,GLU,CD,1042,1043,12.2846,3.46082,1.5393,0,0,1
A,135,.,.,.,GLU,CG,A,135,.,.,.,GLU,OE1,1042,1044,3.91668,2.91658,2.43645,0,0,0
A,135,.,.,.,GLU,CG,A,135,.,.,.,GLU,OE2,1042,1045,7.1878,5.73431,2.4251,0,0,0
A,135,.,.,.,GLU,CD,A,135,.,.,.,GLU,OE1,1043,1044,17.4369,7.11338,1.31334,0,0,1
A,135,.,.,.,GLU,CD,A,135,.,.,.,GLU,OE2,1043,1045,18.7148,7.86507,1.30033,0,0,1
A,135,.,.,.,GLU,OE1,A,135,.,.,.,GLU,OE2,1044,1045,1.33856,3.07361,2.32661,0,0,0
