ID1_chainID,ID1_resSeq,ID1_iCode,ID1_serial,ID1_altLoc,ID1_resName,ID1_name,ID2_chainID,ID2_resSeq,ID2_iCode,ID2_serial,ID2_altLoc,ID2_resName,ID2_name,area,boundary,distance,voromqa_energy
A,1,.,.,.,VAL,.,A,2,.,.,.,ASN,.,43.0339,18.3902,1.33708,0
A,1,.,.,.,VAL,.,A,3,.,.,.,PRO,.,9.19711,1.6209,3.32012,5.18909
A,1,.,.,.,VAL,.,A,210,.,.,.,VAL,.,10.9913,6.32197,5.39411,-2.83995
A,1,.,.,.,VAL,.,A,211,.,.,.,ALA,.,5.52553,3.42836,5.64903,3.50066
A,1,.,.,.,VAL,.,A,223,.,.,.,GLN,.,16.8664,8.24807,3.41204,1.30227
A,2,.,.,.,ASN,.,A,3,.,.,.,PRO,.,30.2443,5.86284,1.32102,0
A,2,.,.,.,ASN,.,A,4,.,.,.,GLY,.,0.152224,0.0616156,3.93304,0.0373282
A,2,.,.,.,ASN,.,A,210,.,.,.,VAL,.,0.52225,1.21353,5.58261,-0.064328
A,2,.,.,.,ASN,.,A,241,.,.,.,PRO,.,29.5492,11.9872,3.60396,1.40378
A,2,.,.,.,ASN,.,A,242,.,.,.,PRO,.,8.86422,1.13274,4.03587,0.879704
A,2,.,.,.,ASN,.,A,243,.,.,.,VAL,.,25.6093,13.8206,4.07053,6.19313
A,3,.,.,.,PRO,.,A,4,.,.,.,GLY,.,19.2718,1.13989,1.3329,0
A,3,.,.,.,PRO,.,A,5,.,.,.,VAL,.,9.35192,0,3.28742,4.47713
A,3,.,.,.,PRO,.,A,6,.,.,.,VAL,.,9.54934,2.21863,4.30965,-2.07438
A,3,.,.,.,PRO,.,A,210,.,.,.,VAL,.,14.3856,2.41815,3.94077,-2.73053
A,3,.,.,.,PRO,.,A,223,.,.,.,GLN,.,24.1531,2.57073,3.52209,-2.22944
A,3,.,.,.,PRO,.,A,224,.,.,.,MET,.,9.05501,0,3.12876,3.33113
A,3,.,.,.,PRO,.,A,225,.,.,.,LYS,.,1.24914,1.07446,4.81664,0.881725
A,3,.,.,.,PRO,.,A,241,.,.,.,PRO,.,7.18129,0,3.74107,-0.607776
A,3,.,.,.,PRO,.,A,242,.,.,.,PRO,.,4.78061,0.565598,4.45119,4.26864
A,3,.,.,.,PRO,.,A,244,.,.,.,MET,.,15.5266,3.15322,3.41498,-9.57988
A,3,.,.,.,PRO,.,A,259,.,.,.,SER,.,1.73652,0,4.74279,-0.216728
A,4,.,.,.,GLY,.,A,5,.,.,.,VAL,.,20.1083,0,1.32735,0
A,4,.,.,.,GLY,.,A,224,.,.,.,MET,.,3.24458,0,3.21105,-2.39707
A,4,.,.,.,GLY,.,A,225,.,.,.,LYS,.,11.0733,1.3964,3.11096,0.23805
A,4,.,.,.,GLY,.,A,226,.,.,.,GLY,.,6.64164,0,3.90045,-2.89696
A,4,.,.,.,GLY,.,A,241,.,.,.,PRO,.,8.29748,0.899926,4.38005,0.23158
A,4,.,.,.,GLY,.,A,244,.,.,.,MET,.,4.26709,0,3.7847,-1.89195
A,4,.,.,.,GLY,.,A,257,.,.,.,GLY,.,0.600719,0,4.03861,0.153803
A,4,.,.,.,GLY,.,A,258,.,.,.,LEU,.,0.476454,0,4.34585,0.315402
A,4,.,.,.,GLY,.,A,259,.,.,.,SER,.,17.0108,0,2.62203,-5.38964
A,4,.,.,.,GLY,.,A,261,.,.,.,TYR,.,7.78565,0,4.02114,-3.95427
A,4,.,.,.,GLY,.,A,262,.,.,.,PHE,.,4.39385,0,3.87878,-1.07856
A,5,.,.,.,VAL,.,A,6,.,.,.,VAL,.,21.9215,0,1.33247,0
A,5,.,.,.,VAL,.,A,7,.,.,.,VAL,.,3.37094,0,4.80463,-6.48692
A,5,.,.,.,VAL,.,A,207,.,.,.,TYR,.,12.4516,0,4.43021,-14.597
A,5,.,.,.,VAL,.,A,222,.,.,.,VAL,.,0.302823,0,4.18759,0.113405
A,5,.,.,.,VAL,.,A,223,.,.,.,GLN,.,1.42458,0,3.94504,1.02649
A,5,.,.,.,VAL,.,A,224,.,.,.,MET,.,28.1792,0,2.84852,-34.1176
A,5,.,.,.,VAL,.,A,225,.,.,.,LYS,.,0.0661113,0,4.47986,0.199597
A,5,.,.,.,VAL,.,A,226,.,.,.,GLY,.,12.1667,0,3.64768,-3.48582
A,5,.,.,.,VAL,.,A,244,.,.,.,MET,.,4.37658,0,4.08276,-0.656567
A,5,.,.,.,VAL,.,A,256,.,.,.,LEU,.,9.70607,0,3.62415,-18.5124
A,5,.,.,.,VAL,.,A,257,.,.,.,GLY,.,6.96346,0,3.31103,-2.69094
A,5,.,.,.,VAL,.,A,258,.,.,.,LEU,.,13.7508,0,3.91126,-21.6818
A,5,.,.,.,VAL,.,A,259,.,.,.,SER,.,0.0344969,0,5.02508,0.0173216
A,5,.,.,.,VAL,.,A,262,.,.,.,PHE,.,13.4197,0,3.58131,-20.455
A,5,.,.,.,VAL,.,A,428,.,.,.,PRO,.,3.5386,0,4.94099,-2.7855
A,6,.,.,.,VAL,.,A,7,.,.,.,VAL,.,23.4701,0,1.33877,0
A,6,.,.,.,VAL,.,A,8,.,.,.,ARG,.,7.62872,1.22874,4.01673,-0.18403
A,6,.,.,.,VAL,.,A,221,.,.,.,ASP,.,12.9254,2.78797,4.29366,-3.25701
A,6,.,.,.,VAL,.,A,222,.,.,.,VAL,.,8.63487,0,3.62028,-6.70044
A,6,.,.,.,VAL,.,A,223,.,.,.,GLN,.,11.3557,2.44425,4.3456,-1.78366
A,6,.,.,.,VAL,.,A,224,.,.,.,MET,.,0.492155,0,5.53367,0.0603008
A,6,.,.,.,VAL,.,A,244,.,.,.,MET,.,18.6847,3.41291,3.95889,-17.5856
A,6,.,.,.,VAL,.,A,246,.,.,.,PHE,.,16.3124,1.69891,4.14299,-26.5406
A,6,.,.,.,VAL,.,A,255,.,.,.,TYR,.,2.84638,0,3.61596,0.075678
A,6,.,.,.,VAL,.,A,256,.,.,.,LEU,.,7.05919,0,3.38211,-4.67116
A,6,.,.,.,VAL,.,A,257,.,.,.,GLY,.,20.5612,0,2.77637,-15.9683
A,7,.,.,.,VAL,.,A,8,.,.,.,ARG,.,20.2593,0,1.33221,0
A,7,.,.,.,VAL,.,A,9,.,.,.,ILE,.,13.6173,3.47003,4.04508,-16.5797
A,7,.,.,.,VAL,.,A,220,.,.,.,LEU,.,1.87337,0,3.68952,0.228797
A,7,.,.,.,VAL,.,A,221,.,.,.,ASP,.,2.91019,0,3.55367,-0.201662
A,7,.,.,.,VAL,.,A,222,.,.,.,VAL,.,29.2665,2.24475,2.74242,-44.2353
A,7,.,.,.,VAL,.,A,224,.,.,.,MET,.,15.4865,2.49763,4.16369,-23.4665
A,7,.,.,.,VAL,.,A,254,.,.,.,VAL,.,11.8111,3.98027,4.82457,-13.9457
A,7,.,.,.,VAL,.,A,255,.,.,.,TYR,.,5.04543,0,3.46497,-4.32243
A,7,.,.,.,VAL,.,A,256,.,.,.,LEU,.,20.9519,3.04774,3.09501,-26.8813
A,7,.,.,.,VAL,.,A,428,.,.,.,PRO,.,9.38915,3.27991,4.45575,-5.07379
A,8,.,.,.,ARG,.,A,9,.,.,.,ILE,.,22.6552,0,1.328,0
A,8,.,.,.,ARG,.,A,10,.,.,.,SER,.,5.4802,1.19103,3.901,3.20179
A,8,.,.,.,ARG,.,A,219,.,.,.,THR,.,26.9704,5.2275,3.67652,-7.56244
A,8,.,.,.,ARG,.,A,220,.,.,.,LEU,.,4.49664,0,3.39245,-0.325065
A,8,.,.,.,ARG,.,A,221,.,.,.,ASP,.,28.069,5.96531,2.75141,-28.4236
A,8,.,.,.,ARG,.,A,244,.,.,.,MET,.,1.593,2.24053,5.58867,-0.863934
A,8,.,.,.,ARG,.,A,245,.,.,.,GLU,.,1.23712,1.61362,5.81281,-0.169344
A,8,.,.,.,ARG,.,A,246,.,.,.,PHE,.,46.9417,6.75048,2.76834,-19.1501
A,8,.,.,.,ARG,.,A,247,.,.,.,PRO,.,4.87887,0.677286,3.5831,-1.24643
A,8,.,.,.,ARG,.,A,248,.,.,.,ALA,.,8.71353,1.12108,3.94553,3.39975
A,8,.,.,.,ARG,.,A,249,.,.,.,ALA,.,2.17921,1.79633,5.81403,0.888426
A,8,.,.,.,ARG,.,A,254,.,.,.,VAL,.,6.98987,0,3.24184,-5.41891
A,8,.,.,.,ARG,.,A,255,.,.,.,TYR,.,34.2723,1.31501,2.7686,-25.4434
A,9,.,.,.,ILE,.,A,10,.,.,.,SER,.,24.2703,0,1.34395,0
A,9,.,.,.,ILE,.,A,13,.,.,.,GLY,.,9.86657,2.66669,4.09013,-3.73577
A,9,.,.,.,ILE,.,A,14,.,.,.,LEU,.,21.5951,3.58346,3.8466,-24.3291
A,9,.,.,.,ILE,.,A,17,.,.,.,ALA,.,0.186739,0.680536,6.40159,0.0283436
A,9,.,.,.,ILE,.,A,70,.,.,.,MET,.,2.25502,0,4.76443,0.160852
A,9,.,.,.,ILE,.,A,190,.,.,.,PHE,.,8.65311,10.4565,5.64409,-16.0521
A,9,.,.,.,ILE,.,A,218,.,.,.,GLU,.,0.249964,0,4.3347,0.311363
A,9,.,.,.,ILE,.,A,219,.,.,.,THR,.,4.79544,0,3.70931,-5.02683
A,9,.,.,.,ILE,.,A,220,.,.,.,LEU,.,37.2381,3.67449,2.71529,-58.7706
A,9,.,.,.,ILE,.,A,222,.,.,.,VAL,.,12.186,4.41502,4.54644,-23.2895
A,9,.,.,.,ILE,.,A,253,.,.,.,MET,.,5.08137,0,3.6678,-3.26456
A,9,.,.,.,ILE,.,A,254,.,.,.,VAL,.,16.491,4.93424,4.30039,-24.924
A,10,.,.,.,SER,.,A,11,.,.,.,GLN,.,20.3156,0,1.33078,0
A,10,.,.,.,SER,.,A,12,.,.,.,LYS,.,9.96614,0,3.07704,3.82071
A,10,.,.,.,SER,.,A,13,.,.,.,GLY,.,7.72721,0,2.99562,-0.876634
A,10,.,.,.,SER,.,A,14,.,.,.,LEU,.,9.36378,0,2.94413,-0.152083
A,10,.,.,.,SER,.,A,70,.,.,.,MET,.,1.81096,0,4.41332,-0.928819
A,10,.,.,.,SER,.,A,218,.,.,.,GLU,.,7.82635,0.402935,4.14361,2.11281
A,10,.,.,.,SER,.,A,219,.,.,.,THR,.,1.34599,0.87193,5.2017,0.264634
A,10,.,.,.,SER,.,A,249,.,.,.,ALA,.,8.98648,1.85754,3.7603,-0.0476575
A,10,.,.,.,SER,.,A,250,.,.,.,HIS,.,8.44772,0,4.43501,-0.386207
A,10,.,.,.,SER,.,A,252,.,.,.,ARG,.,8.22754,0,2.64009,1.79988
A,10,.,.,.,SER,.,A,253,.,.,.,MET,.,11.7098,0,3.05558,-2.7403
A,10,.,.,.,SER,.,A,254,.,.,.,VAL,.,0.500529,0,4.79893,0.661449
A,10,.,.,.,SER,.,A,255,.,.,.,TYR,.,8.62547,0.240096,4.30926,-5.17462
A,11,.,.,.,GLN,.,A,12,.,.,.,LYS,.,20.4684,1.90432,1.33501,0
A,11,.,.,.,GLN,.,A,13,.,.,.,GLY,.,0.720868,0,3.286,0.828862
A,11,.,.,.,GLN,.,A,14,.,.,.,LEU,.,14.3361,0,3.21327,2.96529
A,11,.,.,.,GLN,.,A,15,.,.,.,ASP,.,32.0962,8.35496,2.73207,3.67885
A,11,.,.,.,GLN,.,A,68,.,.,.,ILE,.,16.687,3.90776,2.93577,-3.27563
A,11,.,.,.,GLN,.,A,69,.,.,.,SER,.,2.19999,1.88956,5.09749,0.18393
A,11,.,.,.,GLN,.,A,70,.,.,.,MET,.,28.9155,2.79463,3.16031,-11.2879
A,11,.,.,.,GLN,.,A,217,.,.,.,ALA,.,3.06209,3.81844,4.99305,1.1359
A,11,.,.,.,GLN,.,A,218,.,.,.,GLU,.,8.3338,3.94959,4.09383,2.69576
A,11,.,.,.,GLN,.,A,250,.,.,.,HIS,.,10.1137,6.4768,5.64379,-0.721328
A,12,.,.,.,LYS,.,A,13,.,.,.,GLY,.,15.0055,0,1.32475,0
A,12,.,.,.,LYS,.,A,14,.,.,.,LEU,.,0.579222,0,3.32405,1.33922
A,12,.,.,.,LYS,.,A,15,.,.,.,ASP,.,18.6816,7.45137,3.23201,7.05576
A,12,.,.,.,LYS,.,A,16,.,.,.,TYR,.,8.58358,1.08247,3.04316,-4.04462
A,12,.,.,.,LYS,.,A,250,.,.,.,HIS,.,18.0864,6.09667,3.71205,8.53115
A,12,.,.,.,LYS,.,A,251,.,.,.,ASP,.,12.732,4.85368,3.50591,-0.213081
A,12,.,.,.,LYS,.,A,252,.,.,.,ARG,.,7.77526,0,3.72868,9.43466
A,12,.,.,.,LYS,.,A,253,.,.,.,MET,.,30.7778,5.52318,3.07938,19.6477
A,12,.,.,.,LYS,.,A,436,.,.,.,TYR,.,2.21244,2.09768,5.12126,-1.38844
A,12,.,.,.,LYS,.,A,452,.,.,.,ASP,.,17.1084,4.26215,3.23135,-14.3143
A,13,.,.,.,GLY,.,A,14,.,.,.,LEU,.,15.3647,0,1.33216,0
A,13,.,.,.,GLY,.,A,15,.,.,.,ASP,.,1.01255,0,3.20103,0.979488
A,13,.,.,.,GLY,.,A,16,.,.,.,TYR,.,9.28366,1.72348,3.25725,-2.05807
A,13,.,.,.,GLY,.,A,17,.,.,.,ALA,.,11.8127,3.25577,2.83854,-4.49135
A,13,.,.,.,GLY,.,A,253,.,.,.,MET,.,20.8747,2.07276,3.54569,-0.949673
A,13,.,.,.,GLY,.,A,254,.,.,.,VAL,.,1.68681,1.30632,5.4084,0.749651
A,14,.,.,.,LEU,.,A,15,.,.,.,ASP,.,16.9283,0,1.34696,0
A,14,.,.,.,LEU,.,A,16,.,.,.,TYR,.,0.881517,0,3.22831,1.81517
A,14,.,.,.,LEU,.,A,17,.,.,.,ALA,.,18.6183,5.97878,3.27002,-13.9947
A,14,.,.,.,LEU,.,A,18,.,.,.,SER,.,8.26004,0,2.86871,-2.91385
A,14,.,.,.,LEU,.,A,68,.,.,.,ILE,.,27.5107,1.23839,3.95534,-35.0114
A,14,.,.,.,LEU,.,A,70,.,.,.,MET,.,17.7663,0,3.51099,-28.6728
A,14,.,.,.,LEU,.,A,76,.,.,.,LEU,.,16.3042,3.69011,3.98625,-34.3212
A,14,.,.,.,LEU,.,A,220,.,.,.,LEU,.,15.8398,1.50703,4.42908,-31.5225
A,15,.,.,.,ASP,.,A,16,.,.,.,TYR,.,20.644,3.62062,1.32415,0
A,15,.,.,.,ASP,.,A,17,.,.,.,ALA,.,0.51043,0,3.39041,0.849999
A,15,.,.,.,ASP,.,A,18,.,.,.,SER,.,12.7443,2.93439,3.41501,3.31671
A,15,.,.,.,ASP,.,A,19,.,.,.,GLN,.,11.2413,4.60321,3.24766,4.23415
A,15,.,.,.,ASP,.,A,67,.,.,.,GLN,.,3.68904,4.79942,5.75839,3.12557
A,15,.,.,.,ASP,.,A,68,.,.,.,ILE,.,4.56419,0.129633,4.81393,4.81437
A,16,.,.,.,TYR,.,A,17,.,.,.,ALA,.,21.9314,3.16922,1.33461,0
A,16,.,.,.,TYR,.,A,18,.,.,.,SER,.,1.4115,0,3.10837,2.12234
A,16,.,.,.,TYR,.,A,19,.,.,.,GLN,.,27.4969,8.89026,3.17311,-3.92687
A,16,.,.,.,TYR,.,A,20,.,.,.,GLN,.,29.3908,3.43787,3.09445,-17.2254
A,16,.,.,.,TYR,.,A,253,.,.,.,MET,.,26.8233,7.29499,3.68408,-41.4692
A,16,.,.,.,TYR,.,A,453,.,.,.,VAL,.,21.4731,5.78232,3.41267,-9.66811
A,16,.,.,.,TYR,.,A,454,.,.,.,VAL,.,11.853,4.71561,3.45949,-5.55304
A,16,.,.,.,TYR,.,A,455,.,.,.,TYR,.,21.3306,3.90566,2.83219,-15.4437
A,17,.,.,.,ALA,.,A,18,.,.,.,SER,.,20.5198,2.52358,1.33337,0
A,17,.,.,.,ALA,.,A,19,.,.,.,GLN,.,0.712539,0,3.28699,1.58883
A,17,.,.,.,ALA,.,A,20,.,.,.,GLN,.,12.2105,4.29825,3.21325,4.35187
A,17,.,.,.,ALA,.,A,21,.,.,.,GLY,.,11.0687,4.70928,2.89595,-2.71803
A,17,.,.,.,ALA,.,A,68,.,.,.,ILE,.,2.56276,2.37283,5.33052,-2.14792
A,17,.,.,.,ALA,.,A,190,.,.,.,PHE,.,11.889,12.258,5.28746,-16.0748
A,18,.,.,.,SER,.,A,19,.,.,.,GLN,.,17.293,0.409572,1.33116,0
A,18,.,.,.,SER,.,A,20,.,.,.,GLN,.,0.984392,0,3.25899,1.66766
A,18,.,.,.,SER,.,A,21,.,.,.,GLY,.,4.96221,1.26723,3.28123,-0.0170375
A,18,.,.,.,SER,.,A,22,.,.,.,THR,.,11.03,0,2.85903,-5.24501
A,18,.,.,.,SER,.,A,66,.,.,.,SER,.,14.2233,2.75547,2.69323,-4.36042
A,18,.,.,.,SER,.,A,67,.,.,.,GLN,.,9.87769,0.45908,3.46345,6.38612
A,18,.,.,.,SER,.,A,68,.,.,.,ILE,.,18.4443,2.29974,3.46618,0.631856
A,18,.,.,.,SER,.,A,78,.,.,.,PHE,.,12.3768,1.63578,3.72721,-2.69689
A,19,.,.,.,GLN,.,A,20,.,.,.,GLN,.,32.5139,5.81781,1.33482,0
A,19,.,.,.,GLN,.,A,21,.,.,.,GLY,.,0.412485,0,3.43554,0.477027
A,19,.,.,.,GLN,.,A,22,.,.,.,THR,.,11.5526,3.67123,3.47921,3.84076
A,19,.,.,.,GLN,.,A,23,.,.,.,ALA,.,12.1808,4.72136,3.12011,0.11283
A,19,.,.,.,GLN,.,A,66,.,.,.,SER,.,5.69065,3.79005,4.28627,1.95371
A,20,.,.,.,GLN,.,A,21,.,.,.,GLY,.,20.8,3.89742,1.33111,0
A,20,.,.,.,GLN,.,A,22,.,.,.,THR,.,1.18217,0,3.18819,2.58483
A,20,.,.,.,GLN,.,A,23,.,.,.,ALA,.,16.9612,7.16517,3.26628,1.61694
A,20,.,.,.,GLN,.,A,24,.,.,.,ALA,.,10.3609,4.16307,3.2222,-0.185008
A,20,.,.,.,GLN,.,A,455,.,.,.,TYR,.,39.1651,18.0255,3.32705,-14.7198
A,21,.,.,.,GLY,.,A,22,.,.,.,THR,.,17.7324,0,1.32528,0
A,21,.,.,.,GLY,.,A,23,.,.,.,ALA,.,0.923245,0,3.23453,0.469442
A,21,.,.,.,GLY,.,A,24,.,.,.,ALA,.,12.1414,5.27566,3.36448,-3.83113
A,21,.,.,.,GLY,.,A,25,.,.,.,LEU,.,13.3556,4.33865,2.88318,-2.6365
A,21,.,.,.,GLY,.,A,78,.,.,.,PHE,.,3.4271,3.78778,5.27007,-2.53829
A,22,.,.,.,THR,.,A,23,.,.,.,ALA,.,20.5304,2.88515,1.32985,0
A,22,.,.,.,THR,.,A,24,.,.,.,ALA,.,0.776703,0,3.28445,1.02084
A,22,.,.,.,THR,.,A,25,.,.,.,LEU,.,10.3407,0,3.28984,2.41356
A,22,.,.,.,THR,.,A,26,.,.,.,GLN,.,10.6753,1.32441,2.82845,-2.6562
A,22,.,.,.,THR,.,A,63,.,.,.,LEU,.,27.3906,6.29916,3.63092,-16.7288
A,22,.,.,.,THR,.,A,65,.,.,.,SER,.,0.207188,0.161485,6.00005,-0.0658067
A,22,.,.,.,THR,.,A,66,.,.,.,SER,.,16.9985,2.33515,2.92303,-7.67549
A,22,.,.,.,THR,.,A,78,.,.,.,PHE,.,13.4446,0,3.35404,-3.59459
A,22,.,.,.,THR,.,A,80,.,.,.,ILE,.,5.89767,0,4.75861,-5.30129
A,23,.,.,.,ALA,.,A,24,.,.,.,ALA,.,20.0322,1.56866,1.33491,0
A,23,.,.,.,ALA,.,A,25,.,.,.,LEU,.,0.60547,0,3.33069,1.15748
A,23,.,.,.,ALA,.,A,26,.,.,.,GLN,.,18.988,5.3249,2.78398,2.69863
A,23,.,.,.,ALA,.,A,27,.,.,.,LYS,.,17.659,5.8927,3.55357,9.47331
A,24,.,.,.,ALA,.,A,25,.,.,.,LEU,.,18.5585,1.29023,1.32433,0
A,24,.,.,.,ALA,.,A,26,.,.,.,GLN,.,1.3978,0,3.21983,2.91725
A,24,.,.,.,ALA,.,A,27,.,.,.,LYS,.,17.268,6.53626,3.25658,12.0634
A,24,.,.,.,ALA,.,A,28,.,.,.,GLU,.,19.7484,4.64143,3.40015,14.4529
A,24,.,.,.,ALA,.,A,185,.,.,.,GLU,.,4.61752,5.42653,5.14605,2.14459
A,25,.,.,.,LEU,.,A,26,.,.,.,GLN,.,15.8642,0,1.32864,0
A,25,.,.,.,LEU,.,A,27,.,.,.,LYS,.,1.08016,0,3.25049,2.11154
A,25,.,.,.,LEU,.,A,28,.,.,.,GLU,.,17.7601,0.824966,3.13611,11.2319
A,25,.,.,.,LEU,.,A,29,.,.,.,LEU,.,28.5752,0,2.83166,-26.9789
A,25,.,.,.,LEU,.,A,63,.,.,.,LEU,.,4.28249,0,5.12269,-8.03685
A,25,.,.,.,LEU,.,A,78,.,.,.,PHE,.,14.2901,3.14761,3.92654,-24.6949
A,25,.,.,.,LEU,.,A,80,.,.,.,ILE,.,9.89034,0,4.1732,-21.1934
A,25,.,.,.,LEU,.,A,113,.,.,.,ILE,.,0.937638,0,6.04324,-0.680863
A,25,.,.,.,LEU,.,A,177,.,.,.,LYS,.,6.53924,0,4.40583,-1.98271
A,25,.,.,.,LEU,.,A,178,.,.,.,VAL,.,23.8806,2.41854,4.0309,-32.3761
A,25,.,.,.,LEU,.,A,181,.,.,.,SER,.,12.9055,4.46427,4.17881,-5.92807
A,26,.,.,.,GLN,.,A,27,.,.,.,LYS,.,39.2979,7.84825,1.33169,0
A,26,.,.,.,GLN,.,A,28,.,.,.,GLU,.,0.717168,0,3.30664,1.68622
A,26,.,.,.,GLN,.,A,29,.,.,.,LEU,.,9.91085,0,3.53386,4.28975
A,26,.,.,.,GLN,.,A,30,.,.,.,LYS,.,22.0812,7.58947,3.12871,-4.45905
A,26,.,.,.,GLN,.,A,61,.,.,.,PHE,.,19.0835,6.1476,3.91403,-1.08277
A,26,.,.,.,GLN,.,A,63,.,.,.,LEU,.,17.1371,2.44732,3.72773,-6.96168
A,27,.,.,.,LYS,.,A,28,.,.,.,GLU,.,21.5379,2.20814,1.32651,0
A,27,.,.,.,LYS,.,A,29,.,.,.,LEU,.,0.709847,0,3.387,1.64124
A,27,.,.,.,LYS,.,A,30,.,.,.,LYS,.,13.3051,3.62482,3.49309,9.14681
A,27,.,.,.,LYS,.,A,31,.,.,.,ARG,.,15.8835,6.69544,3.58995,6.36457
A,28,.,.,.,GLU,.,A,29,.,.,.,LEU,.,17.5178,0,1.32298,0
A,28,.,.,.,GLU,.,A,30,.,.,.,LYS,.,1.08757,0,3.19918,1.63823
A,28,.,.,.,GLU,.,A,31,.,.,.,ARG,.,37.289,9.09573,3.1145,-10.5095
A,28,.,.,.,GLU,.,A,32,.,.,.,ILE,.,2.32738,0,3.75461,-0.895611
A,28,.,.,.,GLU,.,A,177,.,.,.,LYS,.,20.8122,1.8955,3.18885,-6.27888
A,28,.,.,.,GLU,.,A,180,.,.,.,ASN,.,4.13212,3.49929,5.08725,-2.0421
A,28,.,.,.,GLU,.,A,181,.,.,.,SER,.,16.4918,1.68172,2.62406,-10.0177
A,28,.,.,.,GLU,.,A,185,.,.,.,GLU,.,25.3023,9.18628,2.55707,17.426
A,29,.,.,.,LEU,.,A,30,.,.,.,LYS,.,15.8775,0,1.32614,0
A,29,.,.,.,LEU,.,A,31,.,.,.,ARG,.,2.23791,0,2.96989,6.06098
A,29,.,.,.,LEU,.,A,32,.,.,.,ILE,.,21.2803,0,2.99929,-23.226
A,29,.,.,.,LEU,.,A,58,.,.,.,ILE,.,4.63169,0,3.56331,-2.16355
A,29,.,.,.,LEU,.,A,61,.,.,.,PHE,.,27.2353,0,3.67177,-37.2249
A,29,.,.,.,LEU,.,A,63,.,.,.,LEU,.,10.7307,0,4.22508,-23.1679
A,29,.,.,.,LEU,.,A,80,.,.,.,ILE,.,1.74038,0,5.39535,-3.69778
A,29,.,.,.,LEU,.,A,113,.,.,.,ILE,.,6.57962,0,4.90876,-13.9797
A,29,.,.,.,LEU,.,A,174,.,.,.,VAL,.,14.9684,0,4.24299,-18.1051
A,29,.,.,.,LEU,.,A,177,.,.,.,LYS,.,13.2122,0,3.62781,-3.49602
A,29,.,.,.,LEU,.,A,178,.,.,.,VAL,.,4.33403,0,5.03974,-8.16948
A,30,.,.,.,LYS,.,A,31,.,.,.,ARG,.,22.6536,6.75342,1.3378,0
A,30,.,.,.,LYS,.,A,32,.,.,.,ILE,.,4.68423,1.61139,3.35787,5.7166
A,30,.,.,.,LYS,.,A,57,.,.,.,ASP,.,3.33528,5.84671,5.30373,2.59143
A,30,.,.,.,LYS,.,A,58,.,.,.,ILE,.,37.1544,3.8448,3.32052,0.963055
A,30,.,.,.,LYS,.,A,59,.,.,.,ARG,.,17.8559,8.05749,3.24146,11.2918
A,30,.,.,.,LYS,.,A,60,.,.,.,GLU,.,6.1436,2.03088,4.43416,3.88153
A,30,.,.,.,LYS,.,A,61,.,.,.,PHE,.,15.979,2.61712,4.22383,9.69253
A,31,.,.,.,ARG,.,A,32,.,.,.,ILE,.,22.8013,2.60337,1.3215,0
A,31,.,.,.,ARG,.,A,33,.,.,.,LYS,.,9.27162,6.77302,3.16788,8.55162
A,31,.,.,.,ARG,.,A,177,.,.,.,LYS,.,26.3834,11.4872,3.52585,18.1875
A,32,.,.,.,ILE,.,A,33,.,.,.,LYS,.,26.7177,5.84837,1.32605,0
A,32,.,.,.,ILE,.,A,34,.,.,.,ILE,.,12.9335,1.77649,3.6215,-9.91441
A,32,.,.,.,ILE,.,A,57,.,.,.,ASP,.,0.46681,1.73725,6.05868,0.292986
A,32,.,.,.,ILE,.,A,58,.,.,.,ILE,.,20.2096,1.79241,3.83504,-14.9375
A,32,.,.,.,ILE,.,A,61,.,.,.,PHE,.,5.72054,0,4.29186,-10.6543
A,32,.,.,.,ILE,.,A,170,.,.,.,MET,.,12.3237,0,4.44713,-22.455
A,32,.,.,.,ILE,.,A,173,.,.,.,GLN,.,27.4521,2.77972,3.42177,-8.9407
A,32,.,.,.,ILE,.,A,174,.,.,.,VAL,.,10.6929,0,3.98324,-14.2757
A,32,.,.,.,ILE,.,A,177,.,.,.,LYS,.,22.5768,4.55747,3.7248,8.93167
A,33,.,.,.,LYS,.,A,34,.,.,.,ILE,.,25.0285,6.54527,1.33427,0
A,33,.,.,.,LYS,.,A,35,.,.,.,PRO,.,6.81011,3.1164,3.65638,1.15042
A,33,.,.,.,LYS,.,A,56,.,.,.,MET,.,0.102481,1.0329,5.96634,0.101221
A,33,.,.,.,LYS,.,A,173,.,.,.,GLN,.,15.9389,6.41173,3.11167,3.62003
A,34,.,.,.,ILE,.,A,35,.,.,.,PRO,.,37.0139,5.22002,1.34618,0
A,34,.,.,.,ILE,.,A,36,.,.,.,ASP,.,4.51224,3.07178,3.92514,6.03051
A,34,.,.,.,ILE,.,A,37,.,.,.,TYR,.,5.26177,0.662238,4.44854,-6.43594
A,34,.,.,.,ILE,.,A,56,.,.,.,MET,.,40.7105,6.52013,3.98051,-50.0389
A,34,.,.,.,ILE,.,A,57,.,.,.,ASP,.,3.14936,0.690347,5.27046,1.28002
A,34,.,.,.,ILE,.,A,58,.,.,.,ILE,.,12.6407,0.0899179,4.02,-21.9936
A,34,.,.,.,ILE,.,A,87,.,.,.,ILE,.,16.1437,0,3.17646,-35.4737
A,34,.,.,.,ILE,.,A,106,.,.,.,LEU,.,0.0248808,0,5.99788,-0.0215875
A,34,.,.,.,ILE,.,A,166,.,.,.,LEU,.,9.11522,1.46423,5.14249,-12.8026
A,34,.,.,.,ILE,.,A,170,.,.,.,MET,.,16.4652,1.9134,3.50794,-20.5235
A,34,.,.,.,ILE,.,A,173,.,.,.,GLN,.,5.08171,0.856901,4.28432,0.526477
A,35,.,.,.,PRO,.,A,36,.,.,.,ASP,.,32.721,9.71087,1.33298,0
A,35,.,.,.,PRO,.,A,37,.,.,.,TYR,.,23.8792,3.43436,3.15858,-21.7047
A,35,.,.,.,PRO,.,A,56,.,.,.,MET,.,7.26852,0.266955,3.2848,-3.66081
A,35,.,.,.,PRO,.,A,169,.,.,.,LYS,.,22.0572,8.38338,4.02492,6.70573
A,35,.,.,.,PRO,.,A,173,.,.,.,GLN,.,7.69125,0.881571,3.98977,-1.43629
A,36,.,.,.,ASP,.,A,37,.,.,.,TYR,.,29.4356,4.56718,1.33671,0
A,36,.,.,.,ASP,.,A,38,.,.,.,SER,.,4.63969,5.97532,4.31108,-0.470895
A,36,.,.,.,ASP,.,A,52,.,.,.,SER,.,3.105,0.987389,4.99446,-1.3248
A,36,.,.,.,ASP,.,A,53,.,.,.,PHE,.,3.796,0,3.5894,0.506832
A,36,.,.,.,ASP,.,A,54,.,.,.,TYR,.,22.0931,5.67121,3.27249,9.26504
A,36,.,.,.,ASP,.,A,55,.,.,.,SER,.,12.5344,5.69453,2.94828,-2.03606
A,36,.,.,.,ASP,.,A,56,.,.,.,MET,.,3.95191,0.479372,4.65229,0.910038
A,37,.,.,.,TYR,.,A,38,.,.,.,SER,.,27.9496,5.40276,1.33108,0
A,37,.,.,.,TYR,.,A,51,.,.,.,TYR,.,0.0904175,0,5.47001,-0.0091111
A,37,.,.,.,TYR,.,A,52,.,.,.,SER,.,7.97219,0,3.28923,-2.5842
A,37,.,.,.,TYR,.,A,53,.,.,.,PHE,.,21.1516,0,2.86616,-30.9585
A,37,.,.,.,TYR,.,A,56,.,.,.,MET,.,8.6084,0,3.75102,-11.6296
A,37,.,.,.,TYR,.,A,162,.,.,.,ILE,.,31.8324,3.18532,3.71755,-38.0958
A,37,.,.,.,TYR,.,A,165,.,.,.,ALA,.,17.7062,7.30749,3.88732,-12.907
A,37,.,.,.,TYR,.,A,166,.,.,.,LEU,.,25.6527,0.792793,3.52096,-18.8814
A,37,.,.,.,TYR,.,A,169,.,.,.,LYS,.,12.8746,3.38705,3.51568,-8.57969
A,38,.,.,.,SER,.,A,39,.,.,.,ASP,.,33.4754,12.1432,1.33931,0
A,38,.,.,.,SER,.,A,51,.,.,.,TYR,.,8.12412,2.04151,3.38299,-3.64507
A,38,.,.,.,SER,.,A,52,.,.,.,SER,.,19.3662,6.54427,3.06804,-8.49716
A,38,.,.,.,SER,.,A,162,.,.,.,ILE,.,3.46263,1.16464,5.33208,0.0643783
A,39,.,.,.,ASP,.,A,40,.,.,.,SER,.,32.3192,7.30067,1.32791,0
A,39,.,.,.,ASP,.,A,50,.,.,.,HIS,.,11.1294,4.14582,3.33301,0.740789
A,39,.,.,.,ASP,.,A,51,.,.,.,TYR,.,32.1794,0.184124,2.94423,-7.37369
A,39,.,.,.,ASP,.,A,161,.,.,.,LYS,.,30.2937,11.218,3.31024,-7.94947
A,39,.,.,.,ASP,.,A,162,.,.,.,ILE,.,7.48756,1.35925,5.11259,0.097825
A,40,.,.,.,SER,.,A,41,.,.,.,PHE,.,28.2882,4.87643,1.33366,0
A,40,.,.,.,SER,.,A,42,.,.,.,LYS,.,8.97323,7.94346,4.86945,-2.46137
A,40,.,.,.,SER,.,A,48,.,.,.,LYS,.,0.0244318,0.265106,5.55786,0.00315815
A,40,.,.,.,SER,.,A,49,.,.,.,GLY,.,7.40315,1.16784,3.43663,-1.96954
A,40,.,.,.,SER,.,A,50,.,.,.,HIS,.,20.102,7.84989,3.72156,-6.75678
A,40,.,.,.,SER,.,A,51,.,.,.,TYR,.,7.76691,0,3.79012,-1.01412
A,40,.,.,.,SER,.,A,161,.,.,.,LYS,.,14.5809,4.74973,3.24255,2.10167
A,41,.,.,.,PHE,.,A,42,.,.,.,LYS,.,31.4727,7.33193,1.3342,0
A,41,.,.,.,PHE,.,A,43,.,.,.,ILE,.,22.7186,1.37641,3.01308,-16.488
A,41,.,.,.,PHE,.,A,44,.,.,.,LYS,.,4.29337,0,4.43164,-0.223688
A,41,.,.,.,PHE,.,A,45,.,.,.,HIS,.,1.72911,0,5.58094,-2.23614
A,41,.,.,.,PHE,.,A,46,.,.,.,LEU,.,4.13385,0,4.11476,-1.9716
A,41,.,.,.,PHE,.,A,47,.,.,.,GLY,.,9.18329,0,3.15992,-2.17406
A,41,.,.,.,PHE,.,A,48,.,.,.,LYS,.,15.4432,3.13574,2.30493,11.5425
A,41,.,.,.,PHE,.,A,49,.,.,.,GLY,.,19.0042,0,3.00361,-9.83066
A,41,.,.,.,PHE,.,A,50,.,.,.,HIS,.,9.01007,0,3.49913,-0.367073
A,41,.,.,.,PHE,.,A,51,.,.,.,TYR,.,14.0188,0,3.47407,-19.974
A,41,.,.,.,PHE,.,A,93,.,.,.,ALA,.,3.55208,0.138432,4.90193,-4.51296
A,41,.,.,.,PHE,.,A,94,.,.,.,GLN,.,6.97854,0.436987,3.74284,-0.676848
A,41,.,.,.,PHE,.,A,95,.,.,.,LYS,.,7.54539,0.522065,4.45182,-5.81074
A,41,.,.,.,PHE,.,A,153,.,.,.,TRP,.,16.5652,0.769651,3.87357,-28.8568
A,41,.,.,.,PHE,.,A,157,.,.,.,LEU,.,13.996,0.401167,3.65758,-25.1739
A,41,.,.,.,PHE,.,A,161,.,.,.,LYS,.,1.57241,1.42923,5.44894,0.11077
A,42,.,.,.,LYS,.,A,43,.,.,.,ILE,.,32.1874,11.3022,1.33296,0
A,42,.,.,.,LYS,.,A,47,.,.,.,GLY,.,10.8778,4.9009,3.13689,1.71617
A,42,.,.,.,LYS,.,A,48,.,.,.,LYS,.,1.72593,2.89551,4.51981,1.48877
A,43,.,.,.,ILE,.,A,44,.,.,.,LYS,.,30.2456,7.61255,1.32612,0
A,43,.,.,.,ILE,.,A,47,.,.,.,GLY,.,7.24971,0.846129,2.91349,-1.09551
A,43,.,.,.,ILE,.,A,153,.,.,.,TRP,.,24.4269,6.11258,3.61121,-28.7095
A,43,.,.,.,ILE,.,A,156,.,.,.,GLN,.,0.105127,1.05857,6.42577,0.00818784
A,43,.,.,.,ILE,.,A,157,.,.,.,LEU,.,24.8231,4.03158,3.55122,-42.8151
A,43,.,.,.,ILE,.,A,160,.,.,.,LYS,.,7.55714,7.37453,5.59009,10.4345
A,44,.,.,.,LYS,.,A,45,.,.,.,HIS,.,23.8092,5.00816,1.32402,0
A,44,.,.,.,LYS,.,A,46,.,.,.,LEU,.,14.1951,4.0489,2.80851,22.9375
A,44,.,.,.,LYS,.,A,47,.,.,.,GLY,.,15.3371,4.91246,3.34653,18.1863
A,44,.,.,.,LYS,.,A,153,.,.,.,TRP,.,14.3304,2.73767,3.1226,8.77762
A,45,.,.,.,HIS,.,A,46,.,.,.,LEU,.,34.0183,7.36557,1.34337,0
A,45,.,.,.,HIS,.,A,95,.,.,.,LYS,.,7.25383,1.29837,4.86922,-0.434125
A,45,.,.,.,HIS,.,A,98,.,.,.,LEU,.,15.4265,4.80034,4.04334,-4.78722
A,45,.,.,.,HIS,.,A,100,.,.,.,MET,.,10.9531,3.63863,4.20893,-14.4914
A,45,.,.,.,HIS,.,A,153,.,.,.,TRP,.,22.7419,6.43578,3.2713,-23.3419
A,46,.,.,.,LEU,.,A,47,.,.,.,GLY,.,22.334,4.31993,1.33874,0
A,46,.,.,.,LEU,.,A,48,.,.,.,LYS,.,24.993,8.09224,3.10971,22.5141
A,46,.,.,.,LEU,.,A,49,.,.,.,GLY,.,0.0348068,0,4.75095,0.0182486
A,46,.,.,.,LEU,.,A,95,.,.,.,LYS,.,19.9671,1.40218,2.92574,5.32547
A,46,.,.,.,LEU,.,A,96,.,.,.,ARG,.,0.878912,1.15568,6.14755,0.11556
A,46,.,.,.,LEU,.,A,98,.,.,.,LEU,.,4.2552,3.32696,5.31853,-4.52091
A,47,.,.,.,GLY,.,A,48,.,.,.,LYS,.,25.9708,6.73477,1.33163,0
A,48,.,.,.,LYS,.,A,49,.,.,.,GLY,.,28.8295,6.2072,1.32026,0
A,48,.,.,.,LYS,.,A,50,.,.,.,HIS,.,0.153973,0.869416,5.55659,0.0229859
A,48,.,.,.,LYS,.,A,95,.,.,.,LYS,.,7.86406,0,4.06163,5.64325
A,48,.,.,.,LYS,.,A,96,.,.,.,ARG,.,40.2005,16.6715,3.62775,50.7464
A,49,.,.,.,GLY,.,A,50,.,.,.,HIS,.,28.8036,6.48299,1.32115,0
A,49,.,.,.,GLY,.,A,94,.,.,.,GLN,.,9.51455,1.82776,2.61979,-0.417905
A,49,.,.,.,GLY,.,A,95,.,.,.,LYS,.,5.65635,0,3.84865,6.94445
A,49,.,.,.,GLY,.,A,96,.,.,.,ARG,.,1.0023,1.43352,4.69208,0.963505
A,50,.,.,.,HIS,.,A,51,.,.,.,TYR,.,24.7039,5.28839,1.32154,0
A,50,.,.,.,HIS,.,A,93,.,.,.,ALA,.,5.49986,0.752782,3.23636,-1.46471
A,50,.,.,.,HIS,.,A,94,.,.,.,GLN,.,20.8334,6.70774,2.78135,-5.55633
A,51,.,.,.,TYR,.,A,52,.,.,.,SER,.,26.584,1.99302,1.3303,0
A,51,.,.,.,TYR,.,A,53,.,.,.,PHE,.,9.72085,0,4.10653,-13.817
A,51,.,.,.,TYR,.,A,92,.,.,.,LYS,.,9.55963,2.32516,3.15034,-2.51262
A,51,.,.,.,TYR,.,A,93,.,.,.,ALA,.,9.70205,0.398667,3.86621,-6.73828
A,51,.,.,.,TYR,.,A,153,.,.,.,TRP,.,0.697027,0,5.42895,-1.16924
A,51,.,.,.,TYR,.,A,154,.,.,.,LEU,.,18.1064,0.039387,3.6699,-27.5373
A,51,.,.,.,TYR,.,A,157,.,.,.,LEU,.,21.9772,0,3.71942,-21.6729
A,51,.,.,.,TYR,.,A,158,.,.,.,PHE,.,2.12314,0,5.06078,-0.150045
A,51,.,.,.,TYR,.,A,161,.,.,.,LYS,.,14.248,0,3.16614,-12.3087
A,51,.,.,.,TYR,.,A,162,.,.,.,ILE,.,15.5246,0,3.48614,-18.2859
A,52,.,.,.,SER,.,A,53,.,.,.,PHE,.,25.0716,0.557409,1.34058,0
A,52,.,.,.,SER,.,A,54,.,.,.,TYR,.,17.817,2.53798,3.52973,-5.76933
A,52,.,.,.,SER,.,A,90,.,.,.,LYS,.,0.0879949,0,3.97235,0.105297
A,52,.,.,.,SER,.,A,91,.,.,.,TRP,.,8.02743,0,3.20759,-2.91705
A,52,.,.,.,SER,.,A,92,.,.,.,LYS,.,32.1241,7.15336,2.92229,0.101801
A,52,.,.,.,SER,.,A,154,.,.,.,LEU,.,0.145406,0.727762,5.69097,0.0890902
A,52,.,.,.,SER,.,A,162,.,.,.,ILE,.,0.0870354,0,5.92711,0.00854358
A,53,.,.,.,PHE,.,A,54,.,.,.,TYR,.,18.5282,0,1.33117,0
A,53,.,.,.,PHE,.,A,56,.,.,.,MET,.,13.1387,0,3.71669,-14.2932
A,53,.,.,.,PHE,.,A,90,.,.,.,LYS,.,2.8701,0,3.55163,-1.52773
A,53,.,.,.,PHE,.,A,91,.,.,.,TRP,.,13.0992,0,3.92996,-18.7253
A,53,.,.,.,PHE,.,A,104,.,.,.,PHE,.,25.9133,0,3.51876,-43.6438
A,53,.,.,.,PHE,.,A,144,.,.,.,VAL,.,8.38225,0,4.53554,-13.2473
A,53,.,.,.,PHE,.,A,146,.,.,.,ILE,.,7.85579,0,4.44051,-14.1091
A,53,.,.,.,PHE,.,A,154,.,.,.,LEU,.,19.9258,0.567447,3.87673,-27.6499
A,53,.,.,.,PHE,.,A,155,.,.,.,ILE,.,3.53215,0,5.23485,-3.80789
A,53,.,.,.,PHE,.,A,158,.,.,.,PHE,.,28.0939,0,3.91555,-48.9104
A,53,.,.,.,PHE,.,A,162,.,.,.,ILE,.,13.7244,0,3.59051,-21.8919
A,53,.,.,.,PHE,.,A,166,.,.,.,LEU,.,0.853445,0,6.20386,-1.49026
A,54,.,.,.,TYR,.,A,55,.,.,.,SER,.,35.7378,6.51484,1.3381,0
A,54,.,.,.,TYR,.,A,56,.,.,.,MET,.,11.3227,0,3.18573,4.60627
A,54,.,.,.,TYR,.,A,89,.,.,.,GLY,.,2.86669,0,3.67072,-1.54969
A,54,.,.,.,TYR,.,A,90,.,.,.,LYS,.,43.0214,7.65326,2.78138,-28.6917
A,54,.,.,.,TYR,.,A,91,.,.,.,TRP,.,8.9857,0.676663,4.01373,-1.73125
A,54,.,.,.,TYR,.,A,92,.,.,.,LYS,.,26.5514,9.14534,3.93758,-22.4561
A,54,.,.,.,TYR,.,A,101,.,.,.,SER,.,2.47137,3.25892,5.75651,-1.8209
A,54,.,.,.,TYR,.,A,104,.,.,.,PHE,.,3.25767,0,4.23676,-0.370681
A,55,.,.,.,SER,.,A,56,.,.,.,MET,.,25.2068,5.60994,1.32688,0
A,55,.,.,.,SER,.,A,57,.,.,.,ASP,.,4.38524,3.80827,3.86093,3.10528
A,55,.,.,.,SER,.,A,88,.,.,.,SER,.,3.16362,1.40342,3.78401,1.82914
A,55,.,.,.,SER,.,A,89,.,.,.,GLY,.,7.0403,1.6038,3.672,-2.29006
A,55,.,.,.,SER,.,A,90,.,.,.,LYS,.,14.9751,7.12186,4.45476,-0.0266511
A,56,.,.,.,MET,.,A,57,.,.,.,ASP,.,25.79,6.7396,1.3279,0
A,56,.,.,.,MET,.,A,87,.,.,.,ILE,.,14.4971,0,3.75373,-21.1566
A,56,.,.,.,MET,.,A,88,.,.,.,SER,.,4.0679,0,3.45685,-1.33573
A,56,.,.,.,MET,.,A,89,.,.,.,GLY,.,6.7813,0,4.10386,-1.07449
A,56,.,.,.,MET,.,A,104,.,.,.,PHE,.,16.4295,0,3.4194,-26.9108
A,56,.,.,.,MET,.,A,106,.,.,.,LEU,.,8.33262,0,4.16594,-15.3203
A,56,.,.,.,MET,.,A,158,.,.,.,PHE,.,0.290702,0,6.21872,-0.425533
A,56,.,.,.,MET,.,A,166,.,.,.,LEU,.,11.3808,0,4.32288,-20.044
A,57,.,.,.,ASP,.,A,58,.,.,.,ILE,.,35.3146,4.55062,1.33121,0
A,57,.,.,.,ASP,.,A,59,.,.,.,ARG,.,32.7229,10.616,2.48073,-29.6283
A,57,.,.,.,ASP,.,A,87,.,.,.,ILE,.,11.43,0,3.33985,3.97429
A,57,.,.,.,ASP,.,A,88,.,.,.,SER,.,15.2409,0.86184,3.01688,0.637297
A,58,.,.,.,ILE,.,A,59,.,.,.,ARG,.,18.0374,0.0474148,1.32324,0
A,58,.,.,.,ILE,.,A,60,.,.,.,GLU,.,9.34496,0,3.48377,7.45705
A,58,.,.,.,ILE,.,A,61,.,.,.,PHE,.,15.2514,0,4.18184,-22.6359
A,58,.,.,.,ILE,.,A,85,.,.,.,ILE,.,12.4658,0,3.67501,-21.2853
A,58,.,.,.,ILE,.,A,86,.,.,.,LYS,.,3.91993,0,3.76256,-0.964992
A,58,.,.,.,ILE,.,A,87,.,.,.,ILE,.,10.682,0,3.90789,-13.4913
A,58,.,.,.,ILE,.,A,170,.,.,.,MET,.,6.67692,0,4.8179,-12.334
A,59,.,.,.,ARG,.,A,60,.,.,.,GLU,.,26.5427,6.90488,1.33281,0
A,59,.,.,.,ARG,.,A,86,.,.,.,LYS,.,15.6419,4.48169,2.91301,4.19933
A,59,.,.,.,ARG,.,A,87,.,.,.,ILE,.,2.97946,0.142955,4.44145,1.78175
A,59,.,.,.,ARG,.,A,88,.,.,.,SER,.,35.1606,14.1822,3.55955,-3.21879
A,60,.,.,.,GLU,.,A,61,.,.,.,PHE,.,23.858,3.3376,1.34059,0
A,60,.,.,.,GLU,.,A,62,.,.,.,GLN,.,34.9088,13.0835,3.26194,6.38428
A,60,.,.,.,GLU,.,A,84,.,.,.,ASN,.,3.91263,0,3.98144,2.46042
A,60,.,.,.,GLU,.,A,85,.,.,.,ILE,.,6.26071,0,3.37935,-0.0888514
A,60,.,.,.,GLU,.,A,86,.,.,.,LYS,.,30.9061,5.98469,2.82698,-10.7882
A,61,.,.,.,PHE,.,A,62,.,.,.,GLN,.,22.14,2.67496,1.33114,0
A,61,.,.,.,PHE,.,A,63,.,.,.,LEU,.,21.2831,1.20845,3.69674,-18.485
A,61,.,.,.,PHE,.,A,83,.,.,.,ALA,.,5.43476,0,4.6116,-6.97394
A,61,.,.,.,PHE,.,A,84,.,.,.,ASN,.,4.91533,0,3.7156,-0.914418
A,61,.,.,.,PHE,.,A,85,.,.,.,ILE,.,27.391,0,3.40187,-42.0565
A,61,.,.,.,PHE,.,A,111,.,.,.,MET,.,8.94462,0,3.92048,-16.475
A,61,.,.,.,PHE,.,A,113,.,.,.,ILE,.,4.32546,0,4.88881,-7.76084
A,61,.,.,.,PHE,.,A,170,.,.,.,MET,.,3.23926,0,4.95075,-5.76042
A,61,.,.,.,PHE,.,A,174,.,.,.,VAL,.,9.52551,0,3.93881,-15.0929
A,62,.,.,.,GLN,.,A,63,.,.,.,LEU,.,22.7748,4.00002,1.32441,0
A,62,.,.,.,GLN,.,A,64,.,.,.,PRO,.,17.6697,6.45539,3.30397,-3.48298
A,62,.,.,.,GLN,.,A,83,.,.,.,ALA,.,6.1494,0,3.21001,0.544965
A,62,.,.,.,GLN,.,A,84,.,.,.,ASN,.,44.7077,7.71454,2.47452,-12.8854
A,62,.,.,.,GLN,.,A,86,.,.,.,LYS,.,0.141278,0.462669,6.11459,0.0258698
A,63,.,.,.,LEU,.,A,64,.,.,.,PRO,.,27.9739,7.2055,1.34155,0
A,63,.,.,.,LEU,.,A,65,.,.,.,SER,.,9.23234,1.85454,3.38775,9.11583
A,63,.,.,.,LEU,.,A,66,.,.,.,SER,.,0.198765,0,6.19134,0.0270735
A,63,.,.,.,LEU,.,A,80,.,.,.,ILE,.,23.7491,0,3.84472,-38.5203
A,63,.,.,.,LEU,.,A,83,.,.,.,ALA,.,9.24251,0,3.5809,-12.786
A,63,.,.,.,LEU,.,A,113,.,.,.,ILE,.,3.85246,0,4.94616,-8.2552
A,64,.,.,.,PRO,.,A,65,.,.,.,SER,.,38.7612,13.2225,1.32763,0
A,64,.,.,.,PRO,.,A,80,.,.,.,ILE,.,2.4243,0,5.29713,-0.507725
A,64,.,.,.,PRO,.,A,82,.,.,.,ASN,.,23.5716,7.34314,3.39701,-0.416819
A,64,.,.,.,PRO,.,A,83,.,.,.,ALA,.,6.03586,0,3.96387,2.17968
A,64,.,.,.,PRO,.,A,84,.,.,.,ASN,.,5.22324,1.53958,4.70448,-0.613908
A,65,.,.,.,SER,.,A,66,.,.,.,SER,.,33.5186,9.95231,1.32403,0
A,65,.,.,.,SER,.,A,67,.,.,.,GLN,.,1.83111,3.10842,6.01989,-0.197531
A,65,.,.,.,SER,.,A,80,.,.,.,ILE,.,10.0597,0,3.86435,-1.4663
A,65,.,.,.,SER,.,A,81,.,.,.,SER,.,15.3233,6.19237,3.84294,-10.831
A,65,.,.,.,SER,.,A,82,.,.,.,ASN,.,6.10757,3.07648,5.18886,-0.887076
A,66,.,.,.,SER,.,A,67,.,.,.,GLN,.,30.7708,8.36693,1.32168,0
A,66,.,.,.,SER,.,A,78,.,.,.,PHE,.,6.16461,0,4.00553,-4.68094
A,66,.,.,.,SER,.,A,79,.,.,.,SER,.,7.70391,0.622207,3.1218,-2.43011
A,66,.,.,.,SER,.,A,80,.,.,.,ILE,.,10.1815,0,3.96129,-3.46982
A,66,.,.,.,SER,.,A,81,.,.,.,SER,.,0.853331,1.17211,5.23213,0.618932
A,67,.,.,.,GLN,.,A,68,.,.,.,ILE,.,27.8479,3.34402,1.34183,0
A,67,.,.,.,GLN,.,A,69,.,.,.,SER,.,9.09816,5.18457,4.15041,-2.09441
A,67,.,.,.,GLN,.,A,77,.,.,.,LYS,.,2.14706,0,3.72918,2.54944
A,67,.,.,.,GLN,.,A,78,.,.,.,PHE,.,6.62347,0,3.64014,-0.932141
A,67,.,.,.,GLN,.,A,79,.,.,.,SER,.,31.647,4.47208,2.88017,-10.4115
A,67,.,.,.,GLN,.,A,81,.,.,.,SER,.,9.00203,8.23814,4.67178,-4.29346
A,68,.,.,.,ILE,.,A,69,.,.,.,SER,.,27.3151,2.48016,1.3394,0
A,68,.,.,.,ILE,.,A,70,.,.,.,MET,.,1.61302,0,4.20402,0.23966
A,68,.,.,.,ILE,.,A,76,.,.,.,LEU,.,19.8115,2.01955,4.12529,-33.3125
A,68,.,.,.,ILE,.,A,77,.,.,.,LYS,.,8.50023,0,3.34876,-1.20503
A,68,.,.,.,ILE,.,A,78,.,.,.,PHE,.,20.2575,2.59054,3.34375,-28.3674
A,68,.,.,.,ILE,.,A,117,.,.,.,LEU,.,9.06994,3.79612,4.7775,-19.2709
A,69,.,.,.,SER,.,A,70,.,.,.,MET,.,26.4881,5.18917,1.32492,0
A,69,.,.,.,SER,.,A,71,.,.,.,VAL,.,10.3295,2.57719,3.55115,-3.03612
A,69,.,.,.,SER,.,A,75,.,.,.,GLY,.,0.294084,0,4.02618,0.183813
A,69,.,.,.,SER,.,A,76,.,.,.,LEU,.,7.29969,0,3.44055,-1.12178
A,69,.,.,.,SER,.,A,77,.,.,.,LYS,.,32.5601,5.74039,2.85262,-5.49117
A,69,.,.,.,SER,.,A,79,.,.,.,SER,.,4.83354,2.16011,5.12791,-3.84511
A,70,.,.,.,MET,.,A,71,.,.,.,VAL,.,18.5948,2.21335,1.33692,0
A,70,.,.,.,MET,.,A,72,.,.,.,PRO,.,9.86568,3.67242,3.52477,1.09711
A,70,.,.,.,MET,.,A,75,.,.,.,GLY,.,0.819605,0,4.11301,0.338152
A,70,.,.,.,MET,.,A,76,.,.,.,LEU,.,9.98594,0,3.87532,-11.1663
A,70,.,.,.,MET,.,A,215,.,.,.,THR,.,11.963,0,3.7151,-6.46013
A,70,.,.,.,MET,.,A,216,.,.,.,THR,.,9.92082,0,3.43387,2.75166
A,70,.,.,.,MET,.,A,217,.,.,.,ALA,.,16.669,4.54346,4.1082,-1.19904
A,70,.,.,.,MET,.,A,218,.,.,.,GLU,.,11.587,0.191488,3.56799,3.0087
A,70,.,.,.,MET,.,A,219,.,.,.,THR,.,10.6771,0,3.51931,0.468864
A,70,.,.,.,MET,.,A,220,.,.,.,LEU,.,5.41621,0,4.21305,-3.80234
A,71,.,.,.,VAL,.,A,72,.,.,.,PRO,.,28.9566,6.56098,1.34039,0
A,71,.,.,.,VAL,.,A,73,.,.,.,ASN,.,1.17873,0,3.16837,0.889848
A,71,.,.,.,VAL,.,A,74,.,.,.,VAL,.,29.7772,10.4494,3.01003,-44.0553
A,71,.,.,.,VAL,.,A,75,.,.,.,GLY,.,18.0538,0.540925,2.9354,-12.5562
A,71,.,.,.,VAL,.,A,76,.,.,.,LEU,.,4.25973,1.63227,4.63257,-0.360964
A,71,.,.,.,VAL,.,A,77,.,.,.,LYS,.,18.9851,6.36546,4.28596,-1.12581
A,71,.,.,.,VAL,.,A,116,.,.,.,ASP,.,1.3166,2.34276,5.72382,0.682675
A,71,.,.,.,VAL,.,A,215,.,.,.,THR,.,9.2469,0,3.44662,-0.252994
A,72,.,.,.,PRO,.,A,73,.,.,.,ASN,.,32.0507,10.2801,1.34356,0
A,72,.,.,.,PRO,.,A,74,.,.,.,VAL,.,11.5942,3.65384,3.09328,3.5426
A,72,.,.,.,PRO,.,A,215,.,.,.,THR,.,6.30063,0,3.53379,-1.57552
A,72,.,.,.,PRO,.,A,216,.,.,.,THR,.,12.189,2.56501,4.12977,2.55119
A,72,.,.,.,PRO,.,A,217,.,.,.,ALA,.,18.961,8.80323,3.93542,0.558186
A,73,.,.,.,ASN,.,A,74,.,.,.,VAL,.,30.921,12.5417,1.33431,0
A,73,.,.,.,ASN,.,A,215,.,.,.,THR,.,21.1191,5.99246,2.7994,2.64132
A,73,.,.,.,ASN,.,A,216,.,.,.,THR,.,3.41802,5.01486,5.6128,-1.12969
A,74,.,.,.,VAL,.,A,75,.,.,.,GLY,.,28.2213,5.60448,1.33447,0
A,74,.,.,.,VAL,.,A,116,.,.,.,ASP,.,0.73408,3.05811,6.55716,-0.307312
A,74,.,.,.,VAL,.,A,117,.,.,.,LEU,.,0.500184,0.688547,4.57944,0.340695
A,74,.,.,.,VAL,.,A,118,.,.,.,LYS,.,9.59456,6.18677,4.59856,-3.21668
A,74,.,.,.,VAL,.,A,119,.,.,.,LEU,.,2.03756,2.33294,5.03509,1.35684
A,74,.,.,.,VAL,.,A,215,.,.,.,THR,.,1.99397,0.941324,4.83642,2.41598
A,75,.,.,.,GLY,.,A,76,.,.,.,LEU,.,23.828,1.60763,1.32729,0
A,75,.,.,.,GLY,.,A,117,.,.,.,LEU,.,6.79425,1.52844,3.64088,-1.60841
A,75,.,.,.,GLY,.,A,118,.,.,.,LYS,.,1.06066,0,5.07099,0.781731
A,75,.,.,.,GLY,.,A,119,.,.,.,LEU,.,9.05403,1.90837,5.07212,1.06802
A,75,.,.,.,GLY,.,A,215,.,.,.,THR,.,17.8045,2.45468,3.5076,-3.4984
A,76,.,.,.,LEU,.,A,77,.,.,.,LYS,.,21.2479,0.00477386,1.33833,0
A,76,.,.,.,LEU,.,A,78,.,.,.,PHE,.,0.229095,0,4.16248,0.394585
A,76,.,.,.,LEU,.,A,115,.,.,.,ALA,.,0.371665,0,4.06879,0.281315
A,76,.,.,.,LEU,.,A,116,.,.,.,ASP,.,6.55382,2.78092,3.59671,3.68227
A,76,.,.,.,LEU,.,A,117,.,.,.,LEU,.,35.5772,4.23054,2.75715,-48.8792
A,76,.,.,.,LEU,.,A,119,.,.,.,LEU,.,21.0856,3.37317,4.07288,-36.7072
A,76,.,.,.,LEU,.,A,215,.,.,.,THR,.,8.72885,0,4.25116,-6.35176
A,76,.,.,.,LEU,.,A,220,.,.,.,LEU,.,13.3228,1.91223,4.27836,-26.7768
A,77,.,.,.,LYS,.,A,78,.,.,.,PHE,.,22.1144,0,1.33324,0
A,77,.,.,.,LYS,.,A,79,.,.,.,SER,.,11.5529,3.58927,3.96698,1.46754
A,77,.,.,.,LYS,.,A,114,.,.,.,SER,.,14.5617,7.63352,4.82433,0.0505158
A,77,.,.,.,LYS,.,A,115,.,.,.,ALA,.,8.17137,0.0403731,3.56324,4.56998
A,77,.,.,.,LYS,.,A,116,.,.,.,ASP,.,28.4779,9.8251,2.76879,-23.3756
A,77,.,.,.,LYS,.,A,117,.,.,.,LEU,.,0.100964,0,5.52773,0.0541392
A,78,.,.,.,PHE,.,A,79,.,.,.,SER,.,26.7958,0,1.33098,0
A,78,.,.,.,PHE,.,A,80,.,.,.,ILE,.,16.4809,0,3.69941,-29.1894
A,78,.,.,.,PHE,.,A,113,.,.,.,ILE,.,5.76805,0,3.92472,-8.72765
A,78,.,.,.,PHE,.,A,114,.,.,.,SER,.,7.50211,0,3.1781,-4.40165
A,78,.,.,.,PHE,.,A,115,.,.,.,ALA,.,26.5075,0.794529,2.7994,-22.6117
A,78,.,.,.,PHE,.,A,117,.,.,.,LEU,.,14.1026,3.99298,4.44325,-16.4045
A,78,.,.,.,PHE,.,A,178,.,.,.,VAL,.,9.36684,2.95958,5.13465,-13.2297
A,79,.,.,.,SER,.,A,80,.,.,.,ILE,.,23.5729,1.18102,1.32984,0
A,79,.,.,.,SER,.,A,81,.,.,.,SER,.,9.15789,4.85066,4.14276,-4.85452
A,79,.,.,.,SER,.,A,113,.,.,.,ILE,.,8.09462,1.04973,3.21062,-3.95209
A,79,.,.,.,SER,.,A,114,.,.,.,SER,.,9.90153,3.36692,4.2143,-5.99535
A,80,.,.,.,ILE,.,A,81,.,.,.,SER,.,24.2721,1.0689,1.32706,0
A,80,.,.,.,ILE,.,A,82,.,.,.,ASN,.,1.88576,0,3.96174,1.59131
A,80,.,.,.,ILE,.,A,83,.,.,.,ALA,.,11.2383,0,3.7712,-12.1604
A,80,.,.,.,ILE,.,A,111,.,.,.,MET,.,3.31824,0,3.92316,0.129042
A,80,.,.,.,ILE,.,A,112,.,.,.,SER,.,7.44031,1.42745,3.24547,-3.58319
A,80,.,.,.,ILE,.,A,113,.,.,.,ILE,.,38.5376,0.700929,2.89767,-71.4251
A,81,.,.,.,SER,.,A,82,.,.,.,ASN,.,31.8404,7.73655,1.31478,0
A,81,.,.,.,SER,.,A,110,.,.,.,GLY,.,3.90891,2.48975,4.7237,3.50272
A,81,.,.,.,SER,.,A,111,.,.,.,MET,.,6.10947,0,3.22086,8.69864
A,81,.,.,.,SER,.,A,112,.,.,.,SER,.,15.1493,6.92388,3.58319,-1.83328
A,82,.,.,.,ASN,.,A,83,.,.,.,ALA,.,22.8042,0.189742,1.32617,0
A,82,.,.,.,ASN,.,A,84,.,.,.,ASN,.,5.6016,4.11107,3.97778,-2.52387
A,82,.,.,.,ASN,.,A,109,.,.,.,GLU,.,1.71228,4.79164,5.67764,-0.492224
A,82,.,.,.,ASN,.,A,110,.,.,.,GLY,.,20.2602,8.20328,3.63738,-6.50494
A,82,.,.,.,ASN,.,A,111,.,.,.,MET,.,2.46784,0,3.71144,1.29092
A,83,.,.,.,ALA,.,A,84,.,.,.,ASN,.,24.1289,0.141755,1.32812,0
A,83,.,.,.,ALA,.,A,85,.,.,.,ILE,.,0.668614,0,5.52332,-0.753686
A,83,.,.,.,ALA,.,A,108,.,.,.,ILE,.,0.670559,0,4.18535,0.591564
A,83,.,.,.,ALA,.,A,109,.,.,.,GLU,.,1.52725,0,4.02531,2.00262
A,83,.,.,.,ALA,.,A,110,.,.,.,GLY,.,6.58561,0.184131,3.3357,-3.20931
A,83,.,.,.,ALA,.,A,111,.,.,.,MET,.,30.389,0,3.00902,-14.727
A,83,.,.,.,ALA,.,A,113,.,.,.,ILE,.,3.62353,0,4.98556,-5.71661
A,84,.,.,.,ASN,.,A,85,.,.,.,ILE,.,26.3425,1.10521,1.32881,0
A,84,.,.,.,ASN,.,A,86,.,.,.,LYS,.,11.4091,4.8185,4.29461,-1.27403
A,84,.,.,.,ASN,.,A,108,.,.,.,ILE,.,9.04919,0.296479,3.13995,-2.12824
A,84,.,.,.,ASN,.,A,109,.,.,.,GLU,.,23.1634,10.8143,3.76359,-0.291293
A,84,.,.,.,ASN,.,A,110,.,.,.,GLY,.,1.26631,0.510589,4.92406,0.290236
A,84,.,.,.,ASN,.,A,111,.,.,.,MET,.,0.671657,0,5.50838,0.267451
A,85,.,.,.,ILE,.,A,86,.,.,.,LYS,.,24.261,0.632435,1.32937,0
A,85,.,.,.,ILE,.,A,87,.,.,.,ILE,.,13.1785,0,4.03214,-22.3231
A,85,.,.,.,ILE,.,A,106,.,.,.,LEU,.,2.38297,0,3.69713,0.43123
A,85,.,.,.,ILE,.,A,107,.,.,.,SER,.,5.8142,1.14199,3.51665,-3.62267
A,85,.,.,.,ILE,.,A,108,.,.,.,ILE,.,36.0463,0.282886,2.81755,-70.1534
A,85,.,.,.,ILE,.,A,111,.,.,.,MET,.,13.7998,0,3.83664,-22.972
A,85,.,.,.,ILE,.,A,170,.,.,.,MET,.,12.7981,0,4.14865,-19.9099
A,85,.,.,.,ILE,.,A,174,.,.,.,VAL,.,0.43409,0,5.31524,-0.304689
A,86,.,.,.,LYS,.,A,87,.,.,.,ILE,.,22.8083,2.84558,1.34029,0
A,86,.,.,.,LYS,.,A,106,.,.,.,LEU,.,5.56389,1.29462,3.5518,0.0267684
A,86,.,.,.,LYS,.,A,107,.,.,.,SER,.,11.4541,7.43536,4.84223,0.683139
A,87,.,.,.,ILE,.,A,88,.,.,.,SER,.,26.6156,1.65104,1.34093,0
A,87,.,.,.,ILE,.,A,89,.,.,.,GLY,.,0.0466743,0,4.8698,0.00834961
A,87,.,.,.,ILE,.,A,104,.,.,.,PHE,.,3.89731,0,4.06145,-5.56988
A,87,.,.,.,ILE,.,A,105,.,.,.,ASP,.,8.30523,1.99627,3.23963,1.42239
A,87,.,.,.,ILE,.,A,106,.,.,.,LEU,.,37.7231,0.435122,2.73573,-60.3138
A,87,.,.,.,ILE,.,A,108,.,.,.,ILE,.,9.99484,0,3.92388,-22.93
A,87,.,.,.,ILE,.,A,166,.,.,.,LEU,.,1.03822,0,5.87523,-0.806953
A,87,.,.,.,ILE,.,A,170,.,.,.,MET,.,6.44869,0,3.94726,-11.3354
A,88,.,.,.,SER,.,A,89,.,.,.,GLY,.,23.1048,5.02307,1.33116,0
A,88,.,.,.,SER,.,A,104,.,.,.,PHE,.,7.0763,1.25814,3.41843,-4.18836
A,88,.,.,.,SER,.,A,105,.,.,.,ASP,.,15.605,8.30187,3.33812,-8.57873
A,89,.,.,.,GLY,.,A,90,.,.,.,LYS,.,20.8061,2.3816,1.3314,0
A,89,.,.,.,GLY,.,A,103,.,.,.,ASN,.,10.9304,3.57213,3.36764,-3.88638
A,89,.,.,.,GLY,.,A,104,.,.,.,PHE,.,25.9458,0.108277,2.93393,-17.3315
A,90,.,.,.,LYS,.,A,91,.,.,.,TRP,.,18.418,0.366354,1.33028,0
A,90,.,.,.,LYS,.,A,102,.,.,.,GLY,.,12.0843,3.82397,3.34739,-1.18942
A,90,.,.,.,LYS,.,A,103,.,.,.,ASN,.,21.8419,9.49986,3.30257,1.09506
A,90,.,.,.,LYS,.,A,104,.,.,.,PHE,.,10.6383,0,3.23642,2.26516
A,91,.,.,.,TRP,.,A,92,.,.,.,LYS,.,25.4992,0,1.32189,0
A,91,.,.,.,TRP,.,A,93,.,.,.,ALA,.,5.87038,0,4.34751,-5.48343
A,91,.,.,.,TRP,.,A,100,.,.,.,MET,.,14.8344,0.332736,3.73865,-20.9353
A,91,.,.,.,TRP,.,A,101,.,.,.,SER,.,21.8508,0.778205,3.36221,-7.27035
A,91,.,.,.,TRP,.,A,102,.,.,.,GLY,.,25.4806,0.792403,3.02322,-16.1733
A,91,.,.,.,TRP,.,A,103,.,.,.,ASN,.,11.5736,0.445267,2.96727,-2.53008
A,91,.,.,.,TRP,.,A,104,.,.,.,PHE,.,11.251,0,3.90419,-12.7873
A,91,.,.,.,TRP,.,A,146,.,.,.,ILE,.,23.5004,0.680386,3.58598,-28.1215
A,91,.,.,.,TRP,.,A,148,.,.,.,LYS,.,15.8931,0.668407,3.95477,-9.8266
A,91,.,.,.,TRP,.,A,151,.,.,.,VAL,.,16.6481,0,3.95715,-23.4309
A,91,.,.,.,TRP,.,A,153,.,.,.,TRP,.,0.113282,0,6.2335,-0.189499
A,91,.,.,.,TRP,.,A,154,.,.,.,LEU,.,19.2783,0,3.33842,-29.9373
A,92,.,.,.,LYS,.,A,93,.,.,.,ALA,.,22.5043,4.39481,1.33269,0
A,92,.,.,.,LYS,.,A,100,.,.,.,MET,.,7.26437,1.9042,3.23059,0.24971
A,92,.,.,.,LYS,.,A,101,.,.,.,SER,.,11.079,3.81803,4.06442,0.280203
A,92,.,.,.,LYS,.,A,154,.,.,.,LEU,.,2.71475,0.371914,5.02526,0.733858
A,93,.,.,.,ALA,.,A,94,.,.,.,GLN,.,26.8259,5.79991,1.33141,0
A,93,.,.,.,ALA,.,A,98,.,.,.,LEU,.,0.939298,0,3.8709,0.71096
A,93,.,.,.,ALA,.,A,99,.,.,.,LYS,.,5.25542,1.60501,3.6727,1.40394
A,93,.,.,.,ALA,.,A,100,.,.,.,MET,.,27.6323,1.87199,2.93312,-14.922
A,93,.,.,.,ALA,.,A,153,.,.,.,TRP,.,13.7329,1.24118,3.80889,-16.4545
A,93,.,.,.,ALA,.,A,154,.,.,.,LEU,.,8.98838,0,4.50911,-13.9218
A,94,.,.,.,GLN,.,A,95,.,.,.,LYS,.,22.938,2.37959,1.33551,0
A,94,.,.,.,GLN,.,A,96,.,.,.,ARG,.,17.0133,6.59532,3.09272,0.528428
A,94,.,.,.,GLN,.,A,97,.,.,.,PHE,.,12.3013,6.05368,4.18531,4.55136
A,94,.,.,.,GLN,.,A,98,.,.,.,LEU,.,11.0174,0,3.31504,-0.282057
A,94,.,.,.,GLN,.,A,99,.,.,.,LYS,.,12.7988,6.30432,4.79574,1.60515
A,94,.,.,.,GLN,.,A,100,.,.,.,MET,.,0.735025,0.97576,5.81914,0.290013
A,95,.,.,.,LYS,.,A,96,.,.,.,ARG,.,24.1452,2.36778,1.31733,0
A,95,.,.,.,LYS,.,A,97,.,.,.,PHE,.,1.77643,0,3.01789,-1.17696
A,95,.,.,.,LYS,.,A,98,.,.,.,LEU,.,27.6217,3.60972,2.95408,-4.35703
A,95,.,.,.,LYS,.,A,100,.,.,.,MET,.,0.103257,0.76833,6.31951,0.00916963
A,95,.,.,.,LYS,.,A,153,.,.,.,TRP,.,0.105074,0.427096,6.32055,-0.0859959
A,96,.,.,.,ARG,.,A,97,.,.,.,PHE,.,60.7015,21.7767,1.32628,0
A,96,.,.,.,ARG,.,A,98,.,.,.,LEU,.,0.92891,0.206575,3.44325,1.82582
A,97,.,.,.,PHE,.,A,98,.,.,.,LEU,.,26.6727,7.62043,1.32418,0
A,97,.,.,.,PHE,.,A,99,.,.,.,LYS,.,8.76953,5.336,3.43846,4.7186
A,98,.,.,.,LEU,.,A,99,.,.,.,LYS,.,29.8046,6.61334,1.32926,0
A,98,.,.,.,LEU,.,A,100,.,.,.,MET,.,26.2717,7.56572,3.97002,-29.8735
A,99,.,.,.,LYS,.,A,100,.,.,.,MET,.,30.6505,10.1296,1.33236,0
A,99,.,.,.,LYS,.,A,101,.,.,.,SER,.,0.114566,0.945737,6.51075,0.0326551
A,100,.,.,.,MET,.,A,101,.,.,.,SER,.,27.3012,8.89968,1.33181,0
A,100,.,.,.,MET,.,A,148,.,.,.,LYS,.,2.52482,2.43048,5.96465,-0.887884
A,100,.,.,.,MET,.,A,150,.,.,.,LYS,.,19.3544,9.6854,3.64173,-6.61818
A,100,.,.,.,MET,.,A,151,.,.,.,VAL,.,11.347,0,4.22195,-14.9464
A,100,.,.,.,MET,.,A,153,.,.,.,TRP,.,11.7207,1.77586,4.08424,-16.1818
A,101,.,.,.,SER,.,A,102,.,.,.,GLY,.,22.4533,6.24071,1.33353,0
A,101,.,.,.,SER,.,A,148,.,.,.,LYS,.,15.0281,7.17669,2.93252,-0.982448
A,102,.,.,.,GLY,.,A,103,.,.,.,ASN,.,24.6621,5.49613,1.33209,0
A,102,.,.,.,GLY,.,A,148,.,.,.,LYS,.,10.2494,4.3237,3.85217,4.69415
A,103,.,.,.,ASN,.,A,104,.,.,.,PHE,.,23.7697,4.2316,1.32593,0
A,103,.,.,.,ASN,.,A,105,.,.,.,ASP,.,1.30535,2.67551,5.91276,-0.494955
A,103,.,.,.,ASN,.,A,146,.,.,.,ILE,.,9.88146,1.35648,3.72459,0.464303
A,103,.,.,.,ASN,.,A,147,.,.,.,SER,.,4.52224,4.65869,4.67441,2.62174
A,103,.,.,.,ASN,.,A,148,.,.,.,LYS,.,0.583262,2.29924,5.17828,0.685946
A,104,.,.,.,PHE,.,A,105,.,.,.,ASP,.,30.1082,2.77706,1.3325,0
A,104,.,.,.,PHE,.,A,106,.,.,.,LEU,.,15.7571,0,3.98791,-22.6146
A,104,.,.,.,PHE,.,A,144,.,.,.,VAL,.,13.1267,0,4.08604,-18.9942
A,104,.,.,.,PHE,.,A,145,.,.,.,HIS,.,6.5298,0.83819,3.44853,-4.72817
A,104,.,.,.,PHE,.,A,146,.,.,.,ILE,.,10.5172,0.238809,3.49894,-11.3462
A,104,.,.,.,PHE,.,A,158,.,.,.,PHE,.,3.17824,0,5.57954,-5.6254
A,105,.,.,.,ASP,.,A,106,.,.,.,LEU,.,21.2583,1.48325,1.31719,0
A,105,.,.,.,ASP,.,A,107,.,.,.,SER,.,4.50437,5.13365,4.2709,-1.15831
A,105,.,.,.,ASP,.,A,143,.,.,.,HIS,.,2.40137,0.706258,3.74063,2.54771
A,105,.,.,.,ASP,.,A,144,.,.,.,VAL,.,6.20826,0,3.45296,0.0299575
A,105,.,.,.,ASP,.,A,145,.,.,.,HIS,.,37.7933,13.0956,2.89524,-20.4533
A,106,.,.,.,LEU,.,A,107,.,.,.,SER,.,27.1962,0.856183,1.33501,0
A,106,.,.,.,LEU,.,A,108,.,.,.,ILE,.,14.0396,0,3.34754,-17.7787
A,106,.,.,.,LEU,.,A,142,.,.,.,VAL,.,13.1189,0,3.38413,-22.8013
A,106,.,.,.,LEU,.,A,143,.,.,.,HIS,.,6.2638,0,3.40424,-1.44228
A,106,.,.,.,LEU,.,A,144,.,.,.,VAL,.,9.44829,0,4.566,-8.77188
A,106,.,.,.,LEU,.,A,158,.,.,.,PHE,.,9.84572,0,4.43659,-15.5077
A,106,.,.,.,LEU,.,A,166,.,.,.,LEU,.,14.7152,0,3.92153,-30.3763
A,107,.,.,.,SER,.,A,108,.,.,.,ILE,.,17.8411,0.264808,1.33612,0
A,107,.,.,.,SER,.,A,109,.,.,.,GLU,.,18.7364,7.64218,3.82557,2.639
A,107,.,.,.,SER,.,A,141,.,.,.,SER,.,0.909344,0,3.85477,0.525766
A,107,.,.,.,SER,.,A,142,.,.,.,VAL,.,5.80768,0,3.27138,-3.34713
A,107,.,.,.,SER,.,A,143,.,.,.,HIS,.,30.3719,6.57169,2.78705,-14.3577
A,108,.,.,.,ILE,.,A,109,.,.,.,GLU,.,22.8563,0.214316,1.32947,0
A,108,.,.,.,ILE,.,A,111,.,.,.,MET,.,8.99579,0,4.77084,-11.5348
A,108,.,.,.,ILE,.,A,139,.,.,.,ILE,.,22.4064,0,3.51776,-42.4813
A,108,.,.,.,ILE,.,A,141,.,.,.,SER,.,3.32539,0,3.62446,-1.79645
A,108,.,.,.,ILE,.,A,142,.,.,.,VAL,.,12.4958,0,4.29499,-18.9312
A,108,.,.,.,ILE,.,A,166,.,.,.,LEU,.,11.5245,0,4.25059,-24.3344
A,108,.,.,.,ILE,.,A,167,.,.,.,ARG,.,0.000943018,0,6.50373,-3.40345e-05
A,108,.,.,.,ILE,.,A,170,.,.,.,MET,.,12.3781,0,4.03356,-18.6966
A,109,.,.,.,GLU,.,A,110,.,.,.,GLY,.,26.1476,4.69347,1.32557,0
A,109,.,.,.,GLU,.,A,111,.,.,.,MET,.,4.03631,0,3.41904,6.38388
A,109,.,.,.,GLU,.,A,139,.,.,.,ILE,.,4.61799,0,3.9162,2.00502
A,109,.,.,.,GLU,.,A,140,.,.,.,ASN,.,8.91751,1.46412,3.07381,-0.462303
A,109,.,.,.,GLU,.,A,141,.,.,.,SER,.,24.6758,2.64297,2.83229,0.82135
A,109,.,.,.,GLU,.,A,143,.,.,.,HIS,.,12.3098,4.81162,4.08048,-4.27631
A,110,.,.,.,GLY,.,A,111,.,.,.,MET,.,18.5898,0,1.33405,0
A,110,.,.,.,GLY,.,A,112,.,.,.,SER,.,6.2168,3.66419,3.7067,0.374919
A,110,.,.,.,GLY,.,A,138,.,.,.,HIS,.,1.63121,0.73288,4.03413,1.08973
A,110,.,.,.,GLY,.,A,139,.,.,.,ILE,.,2.50441,0.615665,3.94151,-0.332196
A,110,.,.,.,GLY,.,A,140,.,.,.,ASN,.,21.7809,9.31583,3.18335,-6.67822
A,111,.,.,.,MET,.,A,112,.,.,.,SER,.,20.0868,0,1.32977,0
A,111,.,.,.,MET,.,A,113,.,.,.,ILE,.,15.369,0,3.96827,-23.5553
A,111,.,.,.,MET,.,A,137,.,.,.,SER,.,8.6339,0,3.65863,-3.04397
A,111,.,.,.,MET,.,A,138,.,.,.,HIS,.,8.81858,0,3.08391,-3.50706
A,111,.,.,.,MET,.,A,139,.,.,.,ILE,.,17.932,0,3.80139,-20.5275
A,111,.,.,.,MET,.,A,170,.,.,.,MET,.,7.69544,0,3.88302,-11.365
A,111,.,.,.,MET,.,A,171,.,.,.,ASN,.,6.06074,0,3.73503,-1.44558
A,111,.,.,.,MET,.,A,174,.,.,.,VAL,.,10.3544,0,3.87855,-16.4735
A,112,.,.,.,SER,.,A,113,.,.,.,ILE,.,23.9703,4.26541,1.32245,0
A,112,.,.,.,SER,.,A,136,.,.,.,SER,.,0.932757,0.734993,4.02815,0.747539
A,112,.,.,.,SER,.,A,137,.,.,.,SER,.,5.75719,0,3.21207,-2.0729
A,112,.,.,.,SER,.,A,138,.,.,.,HIS,.,30.6151,9.72795,2.82699,-17.4996
A,113,.,.,.,ILE,.,A,114,.,.,.,SER,.,28.9561,4.33024,1.32668,0
A,113,.,.,.,ILE,.,A,115,.,.,.,ALA,.,1.52775,0,5.41531,-2.16263
A,113,.,.,.,ILE,.,A,135,.,.,.,CYS,.,6.40693,0,4.51371,-10.237
A,113,.,.,.,ILE,.,A,136,.,.,.,SER,.,7.16935,0.0888012,3.38625,-2.49701
A,113,.,.,.,ILE,.,A,137,.,.,.,SER,.,10.3027,0,3.9452,-1.80625
A,113,.,.,.,ILE,.,A,174,.,.,.,VAL,.,17.1853,0,3.59881,-31.5347
A,113,.,.,.,ILE,.,A,175,.,.,.,CYS,.,1.94452,0,4.92001,-3.10696
A,113,.,.,.,ILE,.,A,178,.,.,.,VAL,.,12.9803,0,4.26971,-21.4872
A,114,.,.,.,SER,.,A,115,.,.,.,ALA,.,23.1157,2.72723,1.33025,0
A,114,.,.,.,SER,.,A,134,.,.,.,SER,.,0.170766,0.46907,4.45054,0.114198
A,114,.,.,.,SER,.,A,135,.,.,.,CYS,.,9.60449,1.14566,3.11364,-6.07386
A,114,.,.,.,SER,.,A,136,.,.,.,SER,.,29.1022,9.72535,2.90718,-21.1559
A,115,.,.,.,ALA,.,A,116,.,.,.,ASP,.,21.4958,2.20299,1.33644,0
A,115,.,.,.,ALA,.,A,117,.,.,.,LEU,.,12.2052,0.949745,3.86003,-8.44836
A,115,.,.,.,ALA,.,A,132,.,.,.,CYS,.,7.98774,0,4.06269,-9.97309
A,115,.,.,.,ALA,.,A,134,.,.,.,SER,.,6.59571,0.57248,3.19692,0.00745116
A,115,.,.,.,ALA,.,A,135,.,.,.,CYS,.,7.84783,0,4.25138,-6.91244
A,115,.,.,.,ALA,.,A,178,.,.,.,VAL,.,13.492,0.887489,3.93064,-20.3994
A,115,.,.,.,ALA,.,A,182,.,.,.,VAL,.,0.324989,0,6.01401,-0.5092
A,116,.,.,.,ASP,.,A,117,.,.,.,LEU,.,23.6184,2.07068,1.33524,0
A,116,.,.,.,ASP,.,A,118,.,.,.,LYS,.,0.278317,0,4.17766,0.214375
A,116,.,.,.,ASP,.,A,131,.,.,.,THR,.,0.648178,0,3.74332,0.620009
A,116,.,.,.,ASP,.,A,132,.,.,.,CYS,.,6.92555,0,3.40576,0.0364186
A,116,.,.,.,ASP,.,A,133,.,.,.,SER,.,21.1845,5.36498,2.89062,-5.35494
A,116,.,.,.,ASP,.,A,134,.,.,.,SER,.,28.8011,8.73083,2.85806,-10.7994
A,117,.,.,.,LEU,.,A,118,.,.,.,LYS,.,20.9619,1.7534,1.34,0
A,117,.,.,.,LEU,.,A,119,.,.,.,LEU,.,12.0399,0.450261,3.87003,-12.4506
A,117,.,.,.,LEU,.,A,130,.,.,.,ILE,.,12.5698,0.846113,4.20465,-21.3385
A,117,.,.,.,LEU,.,A,131,.,.,.,THR,.,6.58776,0,3.31837,-3.15701
A,117,.,.,.,LEU,.,A,132,.,.,.,CYS,.,8.5488,0,4.25883,-6.75699
A,117,.,.,.,LEU,.,A,133,.,.,.,SER,.,0.63078,0.636898,5.10808,0.210293
A,117,.,.,.,LEU,.,A,178,.,.,.,VAL,.,0.00386896,0.0469326,6.30643,-0.00246392
A,117,.,.,.,LEU,.,A,182,.,.,.,VAL,.,15.5606,2.68417,3.85133,-29.0218
A,117,.,.,.,LEU,.,A,186,.,.,.,LEU,.,14.6897,7.07259,4.40135,-31.7514
A,118,.,.,.,LYS,.,A,119,.,.,.,LEU,.,27.7046,5.69153,1.32577,0
A,118,.,.,.,LYS,.,A,120,.,.,.,GLY,.,0.943877,0.545238,4.17251,0.7315
A,118,.,.,.,LYS,.,A,129,.,.,.,THR,.,1.55479,1.26807,3.94561,1.49139
A,118,.,.,.,LYS,.,A,130,.,.,.,ILE,.,7.1811,0,3.36246,-2.20975
A,118,.,.,.,LYS,.,A,131,.,.,.,THR,.,30.7513,7.72213,2.82367,-12.0983
A,118,.,.,.,LYS,.,A,133,.,.,.,SER,.,13.5172,6.70606,4.84215,0.409001
A,119,.,.,.,LEU,.,A,120,.,.,.,GLY,.,23.4917,5.2669,1.32746,0
A,119,.,.,.,LEU,.,A,129,.,.,.,THR,.,6.46862,0.430456,3.43489,-3.14284
A,119,.,.,.,LEU,.,A,130,.,.,.,ILE,.,21.7191,7.0615,3.96265,-31.4915
A,119,.,.,.,LEU,.,A,212,.,.,.,PRO,.,4.25618,2.87065,4.55608,-0.251487
A,119,.,.,.,LEU,.,A,213,.,.,.,PRO,.,31.2567,8.27946,4.01445,-2.39845
A,119,.,.,.,LEU,.,A,215,.,.,.,THR,.,5.63062,0.597432,4.27161,-1.6471
A,119,.,.,.,LEU,.,A,220,.,.,.,LEU,.,17.3796,3.30169,3.55621,-37.5209
A,120,.,.,.,GLY,.,A,121,.,.,.,SER,.,19.4409,2.87746,1.32776,0
A,120,.,.,.,GLY,.,A,128,.,.,.,PRO,.,4.89843,0,3.50876,-2.43471
A,120,.,.,.,GLY,.,A,129,.,.,.,THR,.,26.7189,4.5122,2.85196,-10.7242
A,120,.,.,.,GLY,.,A,209,.,.,.,LEU,.,1.21166,0,4.46415,-0.0521149
A,120,.,.,.,GLY,.,A,212,.,.,.,PRO,.,9.81337,2.87832,3.76017,-3.10147
A,120,.,.,.,GLY,.,A,213,.,.,.,PRO,.,13.6788,0,3.20456,0.415691
A,121,.,.,.,SER,.,A,122,.,.,.,ASN,.,21.9163,2.03559,1.3341,0
A,121,.,.,.,SER,.,A,123,.,.,.,PRO,.,19.3375,11.8712,3.46168,-0.31187
A,121,.,.,.,SER,.,A,126,.,.,.,GLY,.,0.981984,0,5.71791,-0.366734
A,121,.,.,.,SER,.,A,127,.,.,.,LYS,.,6.00194,0,3.4103,0.485726
A,121,.,.,.,SER,.,A,128,.,.,.,PRO,.,2.62756,0,4.2972,0.900377
A,121,.,.,.,SER,.,A,129,.,.,.,THR,.,10.1267,3.04139,3.58766,3.62691
A,121,.,.,.,SER,.,A,209,.,.,.,LEU,.,15.8665,1.92063,3.89665,-8.20028
A,121,.,.,.,SER,.,A,211,.,.,.,ALA,.,10.3227,2.89241,3.49008,4.35813
A,121,.,.,.,SER,.,A,212,.,.,.,PRO,.,19.4651,5.99054,3.34198,5.16129
A,121,.,.,.,SER,.,A,213,.,.,.,PRO,.,1.24325,0,4.55269,0.189433
A,122,.,.,.,ASN,.,A,123,.,.,.,PRO,.,28.3695,4.72962,1.33844,0
A,122,.,.,.,ASN,.,A,124,.,.,.,THR,.,17.9713,6.11166,2.78819,-6.88874
A,122,.,.,.,ASN,.,A,125,.,.,.,SER,.,21.2306,5.07868,3.30254,-8.66515
A,122,.,.,.,ASN,.,A,126,.,.,.,GLY,.,9.55833,0,2.83303,-0.668088
A,122,.,.,.,ASN,.,A,127,.,.,.,LYS,.,16.523,0.993111,2.85725,-0.815688
A,122,.,.,.,ASN,.,A,129,.,.,.,THR,.,13.1955,6.12871,4.41188,-1.88634
A,122,.,.,.,ASN,.,A,191,.,.,.,GLN,.,0.616818,1.00267,6.1392,-0.114372
A,122,.,.,.,ASN,.,A,209,.,.,.,LEU,.,0.277593,0.109078,5.22279,0.293873
A,123,.,.,.,PRO,.,A,124,.,.,.,THR,.,35.3638,14.2926,1.31801,0
A,123,.,.,.,PRO,.,A,125,.,.,.,SER,.,0.194298,0,3.57791,0.33223
A,123,.,.,.,PRO,.,A,126,.,.,.,GLY,.,6.14484,1.87591,4.22329,4.21881
A,123,.,.,.,PRO,.,A,209,.,.,.,LEU,.,6.35895,6.40186,5.21093,2.025
A,124,.,.,.,THR,.,A,125,.,.,.,SER,.,31.4302,11.595,1.32756,0
A,124,.,.,.,THR,.,A,126,.,.,.,GLY,.,3.29021,1.34582,3.4425,1.2238
A,125,.,.,.,SER,.,A,126,.,.,.,GLY,.,19.0971,1.57875,1.33832,0
A,125,.,.,.,SER,.,A,127,.,.,.,LYS,.,28.6944,9.07364,3.17374,4.17942
A,125,.,.,.,SER,.,A,195,.,.,.,VAL,.,15.051,6.77356,3.64528,-0.96842
A,126,.,.,.,GLY,.,A,127,.,.,.,LYS,.,19.5829,0,1.33801,0
A,126,.,.,.,GLY,.,A,128,.,.,.,PRO,.,1.7839,0.6665,4.2524,0.581268
A,126,.,.,.,GLY,.,A,195,.,.,.,VAL,.,9.67209,2.57406,4.05206,-2.60077
A,126,.,.,.,GLY,.,A,208,.,.,.,GLY,.,11.4627,2.71593,3.58214,-5.85716
A,126,.,.,.,GLY,.,A,209,.,.,.,LEU,.,28.2901,3.65299,2.88388,-2.00845
A,127,.,.,.,LYS,.,A,128,.,.,.,PRO,.,29.1361,1.1384,1.34612,0
A,127,.,.,.,LYS,.,A,129,.,.,.,THR,.,2.18653,0,4.54298,0.349164
A,127,.,.,.,LYS,.,A,191,.,.,.,GLN,.,42.7066,14.1066,3.16626,1.95704
A,127,.,.,.,LYS,.,A,193,.,.,.,LEU,.,5.93879,2.99328,4.34469,-1.26117
A,127,.,.,.,LYS,.,A,195,.,.,.,VAL,.,20.3628,5.6468,3.8642,6.52067
A,127,.,.,.,LYS,.,A,209,.,.,.,LEU,.,2.59147,0,4.60025,0.515779
A,128,.,.,.,PRO,.,A,129,.,.,.,THR,.,25.5691,1.1126,1.33275,0
A,128,.,.,.,PRO,.,A,130,.,.,.,ILE,.,4.85202,2.76693,5.4819,-2.15186
A,128,.,.,.,PRO,.,A,187,.,.,.,GLN,.,2.14025,1.28221,4.54603,-0.0812762
A,128,.,.,.,PRO,.,A,190,.,.,.,PHE,.,17.6346,3.4261,3.44372,-6.64051
A,128,.,.,.,PRO,.,A,191,.,.,.,GLN,.,24.7375,0.10042,2.84139,-0.681405
A,128,.,.,.,PRO,.,A,193,.,.,.,LEU,.,19.4603,6.01058,4.25713,-4.55695
A,128,.,.,.,PRO,.,A,195,.,.,.,VAL,.,1.08808,1.95815,6.09089,0.283817
A,128,.,.,.,PRO,.,A,209,.,.,.,LEU,.,19.8948,0.554917,4.03342,-10.1937
A,128,.,.,.,PRO,.,A,213,.,.,.,PRO,.,6.69446,4.31817,5.15841,-5.02301
A,128,.,.,.,PRO,.,A,222,.,.,.,VAL,.,0.32583,0.879045,6.26537,-0.0403104
A,129,.,.,.,THR,.,A,130,.,.,.,ILE,.,26.7382,1.03612,1.32339,0
A,129,.,.,.,THR,.,A,131,.,.,.,THR,.,7.8077,5.81473,5.27935,-5.87031
A,129,.,.,.,THR,.,A,187,.,.,.,GLN,.,16.3991,4.16886,3.31585,-3.99722
A,129,.,.,.,THR,.,A,191,.,.,.,GLN,.,7.98908,3.11552,4.37056,-2.64297
A,129,.,.,.,THR,.,A,213,.,.,.,PRO,.,0.763052,0.528293,5.56216,-0.00709423
A,130,.,.,.,ILE,.,A,131,.,.,.,THR,.,27.8154,2.66677,1.32827,0
A,130,.,.,.,ILE,.,A,182,.,.,.,VAL,.,14.6253,0.0709946,3.77731,-16.0411
A,130,.,.,.,ILE,.,A,183,.,.,.,SER,.,2.68006,2.36425,5.34783,-1.79388
A,130,.,.,.,ILE,.,A,186,.,.,.,LEU,.,21.6912,1.9731,4.06156,-37.664
A,130,.,.,.,ILE,.,A,187,.,.,.,GLN,.,30.6316,1.94688,2.93715,8.14534
A,130,.,.,.,ILE,.,A,190,.,.,.,PHE,.,22.6426,7.35962,3.51839,-40.2448
A,131,.,.,.,THR,.,A,132,.,.,.,CYS,.,26.0754,6.63479,1.3305,0
A,131,.,.,.,THR,.,A,133,.,.,.,SER,.,6.27894,2.55615,3.61577,1.3863
A,131,.,.,.,THR,.,A,182,.,.,.,VAL,.,5.81676,1.09124,4.06505,-0.337396
A,131,.,.,.,THR,.,A,187,.,.,.,GLN,.,6.94048,4.2464,4.46981,-2.52605
A,132,.,.,.,CYS,.,A,133,.,.,.,SER,.,23.6911,6.72493,1.33986,0
A,132,.,.,.,CYS,.,A,134,.,.,.,SER,.,13.517,2.29466,3.3505,-0.219171
A,132,.,.,.,CYS,.,A,135,.,.,.,CYS,.,4.59711,0,4.59504,-12.6161
A,132,.,.,.,CYS,.,A,178,.,.,.,VAL,.,4.12556,0,4.98101,-6.47209
A,132,.,.,.,CYS,.,A,179,.,.,.,THR,.,28.8334,9.55497,4.03796,-13.2608
A,132,.,.,.,CYS,.,A,182,.,.,.,VAL,.,19.0853,2.00939,3.78478,-13.9041
A,133,.,.,.,SER,.,A,134,.,.,.,SER,.,32.5406,11.514,1.32521,0
A,134,.,.,.,SER,.,A,135,.,.,.,CYS,.,30.616,11.5126,1.32426,0
A,134,.,.,.,SER,.,A,179,.,.,.,THR,.,0.000202439,0.0216826,5.63822,3.47372e-05
A,135,.,.,.,CYS,.,A,136,.,.,.,SER,.,26.7883,9.4626,1.32815,0
A,135,.,.,.,CYS,.,A,174,.,.,.,VAL,.,0.0192185,0,5.75072,-0.00850263
A,135,.,.,.,CYS,.,A,175,.,.,.,CYS,.,29.8966,5.47456,2.04925,-108.92
A,135,.,.,.,CYS,.,A,178,.,.,.,VAL,.,11.7726,0,4.07602,-9.76277
A,135,.,.,.,CYS,.,A,179,.,.,.,THR,.,9.8229,3.43926,4.10759,-7.71011
A,136,.,.,.,SER,.,A,137,.,.,.,SER,.,23.3512,3.85281,1.32062,0
A,136,.,.,.,SER,.,A,138,.,.,.,HIS,.,18.0039,11.2144,4.20174,-7.95049
A,136,.,.,.,SER,.,A,175,.,.,.,CYS,.,9.29077,1.11888,3.37116,-2.49406
A,137,.,.,.,SER,.,A,138,.,.,.,HIS,.,29.3519,4.57761,1.33139,0
A,137,.,.,.,SER,.,A,171,.,.,.,ASN,.,34.1131,7.18058,2.67095,0.726874
A,137,.,.,.,SER,.,A,174,.,.,.,VAL,.,10.3065,0,3.85615,-5.36474
A,137,.,.,.,SER,.,A,175,.,.,.,CYS,.,8.95815,1.12591,4.01162,-5.77673
A,138,.,.,.,HIS,.,A,139,.,.,.,ILE,.,27.5925,7.25797,1.33373,0
A,138,.,.,.,HIS,.,A,171,.,.,.,ASN,.,9.22252,1.97393,3.51956,4.27059
A,139,.,.,.,ILE,.,A,140,.,.,.,ASN,.,25.2118,6.11815,1.33594,0
A,139,.,.,.,ILE,.,A,141,.,.,.,SER,.,8.471,0,3.59955,2.23976
A,139,.,.,.,ILE,.,A,142,.,.,.,VAL,.,7.22096,0,4.13012,-12.0186
A,139,.,.,.,ILE,.,A,166,.,.,.,LEU,.,0.39597,0,6.05638,-0.8485
A,139,.,.,.,ILE,.,A,167,.,.,.,ARG,.,42.5144,7.22456,3.17114,-12.9805
A,139,.,.,.,ILE,.,A,170,.,.,.,MET,.,8.74558,0,4.33638,-13.1408
A,139,.,.,.,ILE,.,A,171,.,.,.,ASN,.,17.5364,2.38998,3.55423,3.46149
A,140,.,.,.,ASN,.,A,141,.,.,.,SER,.,33.1308,9.91566,1.3337,0
A,140,.,.,.,ASN,.,A,167,.,.,.,ARG,.,11.4973,5.18035,2.96402,-2.28397
A,141,.,.,.,SER,.,A,142,.,.,.,VAL,.,24.9073,2.72804,1.33938,0
A,141,.,.,.,SER,.,A,143,.,.,.,HIS,.,21.353,8.53841,2.84689,-18.845
A,141,.,.,.,SER,.,A,163,.,.,.,GLU,.,0.0887831,0.312452,5.28938,0.0199896
A,141,.,.,.,SER,.,A,167,.,.,.,ARG,.,8.11951,1.69573,3.46251,1.33993
A,142,.,.,.,VAL,.,A,143,.,.,.,HIS,.,32.5049,4.06994,1.33042,0
A,142,.,.,.,VAL,.,A,144,.,.,.,VAL,.,3.54728,0,4.92126,-6.80602
A,142,.,.,.,VAL,.,A,158,.,.,.,PHE,.,11.7158,0,4.06603,-19.4719
A,142,.,.,.,VAL,.,A,159,.,.,.,HIS,.,14.9736,4.80018,3.34794,-0.366796
A,142,.,.,.,VAL,.,A,163,.,.,.,GLU,.,21.227,2.38674,3.95747,6.07467
A,142,.,.,.,VAL,.,A,166,.,.,.,LEU,.,6.55769,0,5.48004,-12.2623
A,142,.,.,.,VAL,.,A,167,.,.,.,ARG,.,14.983,0,3.75774,-5.24847
A,143,.,.,.,HIS,.,A,144,.,.,.,VAL,.,28.4101,6.56768,1.33649,0
A,143,.,.,.,HIS,.,A,145,.,.,.,HIS,.,0.917663,1.18105,4.21117,0.309153
A,143,.,.,.,HIS,.,A,159,.,.,.,HIS,.,3.3068,1.79004,4.84693,-1.16048
A,144,.,.,.,VAL,.,A,145,.,.,.,HIS,.,27.3614,6.59917,1.33083,0
A,144,.,.,.,VAL,.,A,146,.,.,.,ILE,.,6.40615,0,4.52416,-11.8799
A,144,.,.,.,VAL,.,A,155,.,.,.,ILE,.,32.4589,5.71857,3.73842,-30.1916
A,144,.,.,.,VAL,.,A,158,.,.,.,PHE,.,22.6807,0,3.50488,-32.1723
A,144,.,.,.,VAL,.,A,159,.,.,.,HIS,.,9.60227,1.21775,4.53702,1.88366
A,145,.,.,.,HIS,.,A,146,.,.,.,ILE,.,36.2876,6.48534,1.33154,0
A,145,.,.,.,HIS,.,A,147,.,.,.,SER,.,17.8354,10.3479,3.82366,-3.02228
A,145,.,.,.,HIS,.,A,155,.,.,.,ILE,.,3.12748,1.00156,4.63165,-0.731574
A,146,.,.,.,ILE,.,A,147,.,.,.,SER,.,25.3411,3.99257,1.33138,0
A,146,.,.,.,ILE,.,A,148,.,.,.,LYS,.,22.1651,2.75039,3.18961,13.0538
A,146,.,.,.,ILE,.,A,149,.,.,.,SER,.,2.97053,3.39128,4.50311,1.28728
A,146,.,.,.,ILE,.,A,151,.,.,.,VAL,.,17.219,0.0642594,3.58502,-30.694
A,146,.,.,.,ILE,.,A,154,.,.,.,LEU,.,7.47188,0,4.63028,-14.6723
A,146,.,.,.,ILE,.,A,155,.,.,.,ILE,.,23.3511,3.87859,4.00835,-28.9265
A,147,.,.,.,SER,.,A,148,.,.,.,LYS,.,33.0456,11.5278,1.33086,0
A,147,.,.,.,SER,.,A,149,.,.,.,SER,.,8.70454,5.94323,3.3273,-5.76871
A,148,.,.,.,LYS,.,A,149,.,.,.,SER,.,22.893,5.62057,1.33281,0
A,148,.,.,.,LYS,.,A,150,.,.,.,LYS,.,20.1942,6.48832,3.2036,14.2886
A,148,.,.,.,LYS,.,A,151,.,.,.,VAL,.,16.5739,1.40883,3.37502,-4.66084
A,148,.,.,.,LYS,.,A,152,.,.,.,GLY,.,0.00502865,0.257004,5.36553,0.00389718
A,149,.,.,.,SER,.,A,150,.,.,.,LYS,.,28.5171,10.8539,1.33338,0
A,149,.,.,.,SER,.,A,151,.,.,.,VAL,.,4.25233,0,3.09101,2.96715
A,149,.,.,.,SER,.,A,152,.,.,.,GLY,.,9.86459,7.30123,3.78715,-1.62087
A,150,.,.,.,LYS,.,A,151,.,.,.,VAL,.,24.9857,0,1.34395,0
A,150,.,.,.,LYS,.,A,152,.,.,.,GLY,.,4.63369,2.04274,3.48164,4.52709
A,150,.,.,.,LYS,.,A,153,.,.,.,TRP,.,13.5895,7.23299,3.46623,-2.43928
A,151,.,.,.,VAL,.,A,152,.,.,.,GLY,.,18.6238,0.841233,1.33108,0
A,151,.,.,.,VAL,.,A,153,.,.,.,TRP,.,17.8451,0,3.03202,-1.11758
A,151,.,.,.,VAL,.,A,154,.,.,.,LEU,.,20.4569,0,2.89508,-18.637
A,151,.,.,.,VAL,.,A,155,.,.,.,ILE,.,13.4607,1.33909,3.13362,-16.9086
A,152,.,.,.,GLY,.,A,153,.,.,.,TRP,.,22.9098,6.18842,1.33882,0
A,152,.,.,.,GLY,.,A,154,.,.,.,LEU,.,0.928548,0,3.21369,0.826577
A,152,.,.,.,GLY,.,A,155,.,.,.,ILE,.,17.311,7.40262,3.21755,-7.02768
A,152,.,.,.,GLY,.,A,156,.,.,.,GLN,.,11.5467,4.41407,3.01594,0.348586
A,153,.,.,.,TRP,.,A,154,.,.,.,LEU,.,37.0644,0,1.32242,0
A,153,.,.,.,TRP,.,A,155,.,.,.,ILE,.,0.574595,0,3.33019,0.879779
A,153,.,.,.,TRP,.,A,156,.,.,.,GLN,.,14.0682,4.61692,3.33405,6.51855
A,153,.,.,.,TRP,.,A,157,.,.,.,LEU,.,19.6805,0.0674559,3.01925,-20.8104
A,154,.,.,.,LEU,.,A,155,.,.,.,ILE,.,18.5678,0,1.33457,0
A,154,.,.,.,LEU,.,A,156,.,.,.,GLN,.,1.06219,0,3.18026,2.20599
A,154,.,.,.,LEU,.,A,157,.,.,.,LEU,.,15.9433,0,3.10616,-13.7835
A,154,.,.,.,LEU,.,A,158,.,.,.,PHE,.,7.51478,0,2.96477,-7.91251
A,155,.,.,.,ILE,.,A,156,.,.,.,GLN,.,18.7608,1.79921,1.32937,0
A,155,.,.,.,ILE,.,A,157,.,.,.,LEU,.,0.74931,0,3.26567,1.65132
A,155,.,.,.,ILE,.,A,158,.,.,.,PHE,.,12.4698,0,3.17694,-4.50567
A,155,.,.,.,ILE,.,A,159,.,.,.,HIS,.,24.5446,5.38783,3.04453,-14.8758
A,156,.,.,.,GLN,.,A,157,.,.,.,LEU,.,18.6411,1.19657,1.33936,0
A,156,.,.,.,GLN,.,A,158,.,.,.,PHE,.,1.00674,0,3.19946,2.23783
A,156,.,.,.,GLN,.,A,159,.,.,.,HIS,.,21.9381,7.60642,3.26779,-2.55164
A,156,.,.,.,GLN,.,A,160,.,.,.,LYS,.,34.9568,11.7312,2.90648,7.7781
A,157,.,.,.,LEU,.,A,158,.,.,.,PHE,.,18.3775,0,1.33124,0
A,157,.,.,.,LEU,.,A,159,.,.,.,HIS,.,0.741762,0,3.2866,1.42992
A,157,.,.,.,LEU,.,A,160,.,.,.,LYS,.,21.6645,2.69404,3.26205,9.37063
A,157,.,.,.,LEU,.,A,161,.,.,.,LYS,.,25.1166,2.87249,2.74313,-4.72078
A,157,.,.,.,LEU,.,A,162,.,.,.,ILE,.,2.02071,0,3.92711,0.6771
A,158,.,.,.,PHE,.,A,159,.,.,.,HIS,.,28.7737,0,1.33711,0
A,158,.,.,.,PHE,.,A,160,.,.,.,LYS,.,0.674105,0,3.37151,1.24301
A,158,.,.,.,PHE,.,A,161,.,.,.,LYS,.,1.45465,0,3.6056,-0.582788
A,158,.,.,.,PHE,.,A,162,.,.,.,ILE,.,30.2287,0,2.8538,-37.3531
A,158,.,.,.,PHE,.,A,163,.,.,.,GLU,.,21.9254,0,2.82157,-5.96175
A,158,.,.,.,PHE,.,A,166,.,.,.,LEU,.,15.0096,0,3.95999,-26.3463
A,159,.,.,.,HIS,.,A,160,.,.,.,LYS,.,28.0394,9.44849,1.33011,0
A,159,.,.,.,HIS,.,A,161,.,.,.,LYS,.,1.25815,0,3.46969,2.05545
A,159,.,.,.,HIS,.,A,162,.,.,.,ILE,.,0.629945,0.156024,4.58997,0.606571
A,159,.,.,.,HIS,.,A,163,.,.,.,GLU,.,33.9192,9.31529,2.75407,-3.16442
A,159,.,.,.,HIS,.,A,164,.,.,.,SER,.,3.10211,4.09448,4.99194,1.11396
A,160,.,.,.,LYS,.,A,161,.,.,.,LYS,.,36.1912,12.7899,1.33177,0
A,160,.,.,.,LYS,.,A,162,.,.,.,ILE,.,0.225131,0.137932,3.96296,0.523427
A,161,.,.,.,LYS,.,A,162,.,.,.,ILE,.,30.7492,3.46777,1.33123,0
A,161,.,.,.,LYS,.,A,164,.,.,.,SER,.,0.513419,1.80596,5.56832,0.918343
A,161,.,.,.,LYS,.,A,165,.,.,.,ALA,.,5.39763,5.8487,5.13703,2.222
A,162,.,.,.,ILE,.,A,163,.,.,.,GLU,.,19.5514,0.278214,1.32726,0
A,162,.,.,.,ILE,.,A,164,.,.,.,SER,.,3.56473,0.551483,3.1603,6.91277
A,162,.,.,.,ILE,.,A,165,.,.,.,ALA,.,12.3916,0.959348,3.0617,-1.71457
A,162,.,.,.,ILE,.,A,166,.,.,.,LEU,.,16.4729,0,2.97061,-23.8601
A,163,.,.,.,GLU,.,A,164,.,.,.,SER,.,23.6222,3.17117,1.33253,0
A,163,.,.,.,GLU,.,A,165,.,.,.,ALA,.,0.540366,0,3.33514,1.08468
A,163,.,.,.,GLU,.,A,166,.,.,.,LEU,.,10.0059,0,3.28277,6.6913
A,163,.,.,.,GLU,.,A,167,.,.,.,ARG,.,34.483,7.12556,2.80821,-32.4328
A,164,.,.,.,SER,.,A,165,.,.,.,ALA,.,23.2485,5.12514,1.33419,0
A,164,.,.,.,SER,.,A,166,.,.,.,LEU,.,0.754535,0,3.28979,1.29607
A,164,.,.,.,SER,.,A,167,.,.,.,ARG,.,15.3675,5.12049,3.25462,1.37812
A,164,.,.,.,SER,.,A,168,.,.,.,ASN,.,20.708,7.1332,2.93024,-2.18827
A,165,.,.,.,ALA,.,A,166,.,.,.,LEU,.,16.1752,0,1.33245,0
A,165,.,.,.,ALA,.,A,167,.,.,.,ARG,.,0.92178,0,3.24934,1.7069
A,165,.,.,.,ALA,.,A,168,.,.,.,ASN,.,13.7823,6.05549,3.36546,2.19647
A,165,.,.,.,ALA,.,A,169,.,.,.,LYS,.,11.8971,3.0801,2.95502,3.52153
A,166,.,.,.,LEU,.,A,167,.,.,.,ARG,.,22.9092,0,1.33509,0
A,166,.,.,.,LEU,.,A,168,.,.,.,ASN,.,0.565876,0,3.39623,1.17723
A,166,.,.,.,LEU,.,A,169,.,.,.,LYS,.,5.90201,0.535607,3.46809,2.70204
A,166,.,.,.,LEU,.,A,170,.,.,.,MET,.,19.0474,1.96622,2.97303,-19.2651
A,167,.,.,.,ARG,.,A,168,.,.,.,ASN,.,21.6495,3.09912,1.33204,0
A,167,.,.,.,ARG,.,A,169,.,.,.,LYS,.,1.06029,0,3.23829,2.21894
A,167,.,.,.,ARG,.,A,170,.,.,.,MET,.,7.27518,0,3.21247,0.908559
A,167,.,.,.,ARG,.,A,171,.,.,.,ASN,.,17.1242,2.35637,2.95315,-0.365126
A,168,.,.,.,ASN,.,A,169,.,.,.,LYS,.,20.3414,3.5249,1.32695,0
A,168,.,.,.,ASN,.,A,170,.,.,.,MET,.,0.625955,0,3.34643,0.776334
A,168,.,.,.,ASN,.,A,171,.,.,.,ASN,.,14.6523,6.87499,3.41771,-5.61856
A,168,.,.,.,ASN,.,A,172,.,.,.,SER,.,13.0862,4.99456,3.02988,-2.90038
A,169,.,.,.,LYS,.,A,170,.,.,.,MET,.,19.0825,1.17936,1.33064,0
A,169,.,.,.,LYS,.,A,171,.,.,.,ASN,.,0.84793,0,3.27555,1.13613
A,169,.,.,.,LYS,.,A,172,.,.,.,SER,.,20.7055,6.98586,2.81487,3.32426
A,169,.,.,.,LYS,.,A,173,.,.,.,GLN,.,34.1992,6.08479,2.85003,6.39861
A,169,.,.,.,LYS,.,A,176,.,.,.,GLU,.,1.80373,3.59743,5.72389,-2.53887
A,170,.,.,.,MET,.,A,171,.,.,.,ASN,.,17.295,0,1.32822,0
A,170,.,.,.,MET,.,A,172,.,.,.,SER,.,0.967918,0,3.23942,1.52599
A,170,.,.,.,MET,.,A,173,.,.,.,GLN,.,15.6932,1.19461,3.24379,1.08888
A,170,.,.,.,MET,.,A,174,.,.,.,VAL,.,17.6703,0,2.8184,-20.2944
A,171,.,.,.,ASN,.,A,172,.,.,.,SER,.,21.0048,3.67995,1.34244,0
A,171,.,.,.,ASN,.,A,173,.,.,.,GLN,.,0.457546,0,3.41491,0.842553
A,171,.,.,.,ASN,.,A,174,.,.,.,VAL,.,7.00388,0,3.423,0.925205
A,171,.,.,.,ASN,.,A,175,.,.,.,CYS,.,10.4134,1.66173,3.07707,-5.61718
A,172,.,.,.,SER,.,A,173,.,.,.,GLN,.,20.6454,0.701427,1.32492,0
A,172,.,.,.,SER,.,A,174,.,.,.,VAL,.,1.18562,0,3.19693,1.75115
A,172,.,.,.,SER,.,A,175,.,.,.,CYS,.,9.64097,4.3667,3.33459,-3.61695
A,172,.,.,.,SER,.,A,176,.,.,.,GLU,.,15.138,6.51033,2.952,7.50977
A,173,.,.,.,GLN,.,A,174,.,.,.,VAL,.,16.7182,0,1.32467,0
A,173,.,.,.,GLN,.,A,175,.,.,.,CYS,.,0.538222,0,3.36886,1.0609
A,173,.,.,.,GLN,.,A,176,.,.,.,GLU,.,23.0929,6.99713,3.23759,17.2114
A,173,.,.,.,GLN,.,A,177,.,.,.,LYS,.,11.4816,1.38978,2.96678,0.901217
A,174,.,.,.,VAL,.,A,175,.,.,.,CYS,.,18.8891,0,1.32368,0
A,174,.,.,.,VAL,.,A,176,.,.,.,GLU,.,1.32243,0,3.18591,3.03397
A,174,.,.,.,VAL,.,A,177,.,.,.,LYS,.,6.23102,0,3.17179,0.0241957
A,174,.,.,.,VAL,.,A,178,.,.,.,VAL,.,14.6282,0,3.07542,-21.1867
A,175,.,.,.,CYS,.,A,176,.,.,.,GLU,.,20.0137,3.02516,1.33548,0
A,175,.,.,.,CYS,.,A,177,.,.,.,LYS,.,0.539434,0,3.35101,0.92124
A,175,.,.,.,CYS,.,A,178,.,.,.,VAL,.,7.82218,0,3.48514,-0.60033
A,175,.,.,.,CYS,.,A,179,.,.,.,THR,.,14.9258,2.66503,2.8686,-6.19296
A,176,.,.,.,GLU,.,A,177,.,.,.,LYS,.,23.7853,5.70726,1.33197,0
A,176,.,.,.,GLU,.,A,178,.,.,.,VAL,.,1.01859,0,3.28827,2.46795
A,176,.,.,.,GLU,.,A,179,.,.,.,THR,.,8.26649,4.09669,3.58298,2.23082
A,176,.,.,.,GLU,.,A,180,.,.,.,ASN,.,16.0891,6.06418,2.96507,-1.48058
A,177,.,.,.,LYS,.,A,178,.,.,.,VAL,.,17.3397,0,1.33443,0
A,177,.,.,.,LYS,.,A,179,.,.,.,THR,.,0.396684,0,3.4924,0.900469
A,177,.,.,.,LYS,.,A,180,.,.,.,ASN,.,13.0973,6.40547,3.53194,3.83202
A,177,.,.,.,LYS,.,A,181,.,.,.,SER,.,13.6092,0.511755,2.82526,1.6704
A,178,.,.,.,VAL,.,A,179,.,.,.,THR,.,19.8957,0,1.33168,0
A,178,.,.,.,VAL,.,A,180,.,.,.,ASN,.,1.0835,0,3.26894,1.7623
A,178,.,.,.,VAL,.,A,181,.,.,.,SER,.,9.76948,1.23989,3.08338,-2.10127
A,178,.,.,.,VAL,.,A,182,.,.,.,VAL,.,18.0511,4.11001,3.19775,-25.1757
A,179,.,.,.,THR,.,A,180,.,.,.,ASN,.,22.2907,4.18924,1.32991,0
A,179,.,.,.,THR,.,A,181,.,.,.,SER,.,0.920975,0,3.22127,1.37233
A,179,.,.,.,THR,.,A,182,.,.,.,VAL,.,9.68669,0.513449,3.39626,-4.23349
A,179,.,.,.,THR,.,A,183,.,.,.,SER,.,10.6182,4.49843,3.51959,-3.93275
A,180,.,.,.,ASN,.,A,181,.,.,.,SER,.,20.9713,0.251951,1.3314,0
A,180,.,.,.,ASN,.,A,182,.,.,.,VAL,.,1.23635,0,3.27833,1.81188
A,180,.,.,.,ASN,.,A,183,.,.,.,SER,.,9.21479,3.66959,3.39864,-0.599771
A,180,.,.,.,ASN,.,A,184,.,.,.,SER,.,28.5319,8.4693,2.92237,-12.1481
A,180,.,.,.,ASN,.,A,185,.,.,.,GLU,.,1.85489,1.80186,5.37167,-0.995015
A,181,.,.,.,SER,.,A,182,.,.,.,VAL,.,19.6688,2.59078,1.32789,0
A,181,.,.,.,SER,.,A,183,.,.,.,SER,.,0.605709,0,3.40197,0.674965
A,181,.,.,.,SER,.,A,184,.,.,.,SER,.,5.16165,0,3.7372,0.464679
A,181,.,.,.,SER,.,A,185,.,.,.,GLU,.,20.6991,2.97611,2.8911,5.03982
A,181,.,.,.,SER,.,A,186,.,.,.,LEU,.,7.9619,2.4919,2.96917,-2.21169
A,182,.,.,.,VAL,.,A,183,.,.,.,SER,.,23.6142,2.66454,1.3294,0
A,182,.,.,.,VAL,.,A,184,.,.,.,SER,.,0.761326,0,3.4482,1.43462
A,182,.,.,.,VAL,.,A,185,.,.,.,GLU,.,1.11163,0,4.01237,0.0556026
A,182,.,.,.,VAL,.,A,186,.,.,.,LEU,.,26.0374,3.87586,3.37851,-30.0439
A,182,.,.,.,VAL,.,A,187,.,.,.,GLN,.,9.67653,0,2.88752,-4.18874
A,182,.,.,.,VAL,.,A,188,.,.,.,PRO,.,0.928022,0,4.24563,0.710266
A,183,.,.,.,SER,.,A,184,.,.,.,SER,.,23.7143,6.21588,1.3267,0
A,183,.,.,.,SER,.,A,185,.,.,.,GLU,.,0.942553,0,3.57387,1.63738
A,183,.,.,.,SER,.,A,187,.,.,.,GLN,.,12.4458,6.57293,4.26392,1.22174
A,183,.,.,.,SER,.,A,188,.,.,.,PRO,.,12.0047,3.62139,3.37664,0.457999
A,184,.,.,.,SER,.,A,185,.,.,.,GLU,.,37.451,9.02071,1.318,0
A,184,.,.,.,SER,.,A,188,.,.,.,PRO,.,13.3289,6.53737,3.79412,0.618117
A,185,.,.,.,GLU,.,A,186,.,.,.,LEU,.,21.3879,3.70245,1.32309,0
A,185,.,.,.,GLU,.,A,187,.,.,.,GLN,.,0.0197858,0,3.57977,0.0418218
A,185,.,.,.,GLU,.,A,188,.,.,.,PRO,.,13.1983,2.27245,3.52522,11.1611
A,185,.,.,.,GLU,.,A,189,.,.,.,TYR,.,14.5497,5.62696,2.99221,0.247512
A,186,.,.,.,LEU,.,A,187,.,.,.,GLN,.,18.0611,0,1.32903,0
A,186,.,.,.,LEU,.,A,188,.,.,.,PRO,.,1.52032,0,3.3581,1.99643
A,186,.,.,.,LEU,.,A,189,.,.,.,TYR,.,14.8631,4.1497,3.21027,-10.5588
A,186,.,.,.,LEU,.,A,190,.,.,.,PHE,.,25.5999,6.64098,3.07872,-37.7025
A,187,.,.,.,GLN,.,A,188,.,.,.,PRO,.,26.5883,2.60009,1.33367,0
A,187,.,.,.,GLN,.,A,189,.,.,.,TYR,.,1.35328,0,3.1451,2.62052
A,187,.,.,.,GLN,.,A,190,.,.,.,PHE,.,6.60028,0.953408,3.25229,-1.0225
A,187,.,.,.,GLN,.,A,191,.,.,.,GLN,.,30.2854,6.06596,2.9328,-7.28344
A,188,.,.,.,PRO,.,A,189,.,.,.,TYR,.,19.5734,2.61122,1.3393,0
A,188,.,.,.,PRO,.,A,190,.,.,.,PHE,.,0.330852,0,3.41097,0.682647
A,188,.,.,.,PRO,.,A,191,.,.,.,GLN,.,19.1279,7.03772,3.21862,9.01269
A,188,.,.,.,PRO,.,A,192,.,.,.,THR,.,11.0369,4.72076,3.43126,-0.53335
A,189,.,.,.,TYR,.,A,190,.,.,.,PHE,.,42.8862,6.16027,1.32421,0
A,189,.,.,.,TYR,.,A,191,.,.,.,GLN,.,1.545,0,3.08757,4.68784
A,189,.,.,.,TYR,.,A,192,.,.,.,THR,.,22.9145,1.45685,2.68246,-6.64118
A,189,.,.,.,TYR,.,A,193,.,.,.,LEU,.,0.159902,0,4.36032,0.163112
A,189,.,.,.,TYR,.,A,430,.,.,.,PRO,.,16.6687,0.706506,3.57371,-16.6198
A,189,.,.,.,TYR,.,A,431,.,.,.,ALA,.,17.4317,0,2.69062,-6.91286
A,189,.,.,.,TYR,.,A,432,.,.,.,ARG,.,19.5761,5.796,3.87807,-8.92365
A,189,.,.,.,TYR,.,A,433,.,.,.,VAL,.,9.1568,2.50208,3.33333,-7.11581
A,189,.,.,.,TYR,.,A,455,.,.,.,TYR,.,19.8385,7.15276,3.7716,-19.8919
A,190,.,.,.,PHE,.,A,191,.,.,.,GLN,.,14.5962,0,1.33678,0
A,190,.,.,.,PHE,.,A,192,.,.,.,THR,.,2.58334,0,2.98697,4.9512
A,190,.,.,.,PHE,.,A,193,.,.,.,LEU,.,25.6949,5.50007,3.08335,-19.5994
A,190,.,.,.,PHE,.,A,430,.,.,.,PRO,.,12.0324,4.4955,5.23571,-8.63179
A,191,.,.,.,GLN,.,A,192,.,.,.,THR,.,19.7696,5.22443,1.33359,0
A,191,.,.,.,GLN,.,A,193,.,.,.,LEU,.,9.16004,0.993156,3.1089,13.0388
A,192,.,.,.,THR,.,A,193,.,.,.,LEU,.,20.8168,1.39494,1.32264,0
A,192,.,.,.,THR,.,A,194,.,.,.,PRO,.,8.64048,4.588,3.24755,0.0964876
A,192,.,.,.,THR,.,A,429,.,.,.,THR,.,2.01729,1.57313,4.35488,0.407804
A,192,.,.,.,THR,.,A,430,.,.,.,PRO,.,11.3055,0.292079,3.50535,-1.05294
A,192,.,.,.,THR,.,A,431,.,.,.,ALA,.,24.0944,7.49963,2.87001,2.66242
A,192,.,.,.,THR,.,A,432,.,.,.,ARG,.,3.98669,3.23681,5.47489,-1.00666
A,193,.,.,.,LEU,.,A,194,.,.,.,PRO,.,33.219,4.89991,1.34798,0
A,193,.,.,.,LEU,.,A,195,.,.,.,VAL,.,8.00022,3.31135,3.62372,-0.699886
A,193,.,.,.,LEU,.,A,209,.,.,.,LEU,.,9.49795,2.27912,4.61726,-18.6555
A,193,.,.,.,LEU,.,A,222,.,.,.,VAL,.,10.0172,5.4458,4.84662,-18.1269
A,193,.,.,.,LEU,.,A,224,.,.,.,MET,.,15.4408,3.43807,4.46286,-24.1852
A,193,.,.,.,LEU,.,A,428,.,.,.,PRO,.,10.8542,2.06787,3.54373,-1.8411
A,193,.,.,.,LEU,.,A,429,.,.,.,THR,.,0.798211,0,4.48232,-0.22881
A,193,.,.,.,LEU,.,A,430,.,.,.,PRO,.,24.2976,3.65717,3.76494,-5.67007
A,194,.,.,.,PRO,.,A,195,.,.,.,VAL,.,26.0588,5.48726,1.3307,0
A,194,.,.,.,PRO,.,A,196,.,.,.,MET,.,0.333956,0.756942,5.59875,-0.00618123
A,194,.,.,.,PRO,.,A,197,.,.,.,THR,.,22.8466,6.94401,3.51846,-8.40851
A,194,.,.,.,PRO,.,A,207,.,.,.,TYR,.,18.1777,2.35137,3.43577,-2.05009
A,194,.,.,.,PRO,.,A,208,.,.,.,GLY,.,0.0894371,0,5.17807,0.0522248
A,194,.,.,.,PRO,.,A,224,.,.,.,MET,.,1.03637,0.327813,5.65694,0.603864
A,194,.,.,.,PRO,.,A,426,.,.,.,PRO,.,0.000123841,0.034286,6.62179,-8.3287e-05
A,194,.,.,.,PRO,.,A,427,.,.,.,LEU,.,5.63885,3.23217,4.40993,0.522381
A,194,.,.,.,PRO,.,A,428,.,.,.,PRO,.,15.6379,0.0330174,3.69319,0.765659
A,194,.,.,.,PRO,.,A,429,.,.,.,THR,.,13.6562,3.6126,3.47979,1.63902
A,194,.,.,.,PRO,.,A,430,.,.,.,PRO,.,0.394787,0,4.91939,0.147338
A,195,.,.,.,VAL,.,A,196,.,.,.,MET,.,39.2939,12.3466,1.34354,0
A,195,.,.,.,VAL,.,A,197,.,.,.,THR,.,7.6125,0,3.39116,1.4831
A,195,.,.,.,VAL,.,A,205,.,.,.,ILE,.,1.96792,0,3.29849,-0.475498
A,195,.,.,.,VAL,.,A,206,.,.,.,ASN,.,9.33379,1.5385,3.48252,-0.112145
A,195,.,.,.,VAL,.,A,207,.,.,.,TYR,.,8.84981,0.0363934,2.75032,-7.1722
A,195,.,.,.,VAL,.,A,208,.,.,.,GLY,.,15.9121,1.28781,3.76982,-1.19256
A,196,.,.,.,MET,.,A,197,.,.,.,THR,.,20.5267,3.13537,1.33519,0
A,196,.,.,.,MET,.,A,198,.,.,.,LYS,.,6.49572,4.62051,3.73441,5.91739
A,196,.,.,.,MET,.,A,205,.,.,.,ILE,.,1.91908,0,3.83975,-2.07367
A,196,.,.,.,MET,.,A,206,.,.,.,ASN,.,22.9227,7.18524,3.71421,-4.48749
A,196,.,.,.,MET,.,A,229,.,.,.,TYR,.,37.9698,12.825,3.38015,-41.9356
A,197,.,.,.,THR,.,A,198,.,.,.,LYS,.,24.1653,4.55658,1.33586,0
A,197,.,.,.,THR,.,A,199,.,.,.,ILE,.,5.12856,0,3.55964,1.00318
A,197,.,.,.,THR,.,A,204,.,.,.,GLY,.,4.37506,0,3.29967,-1.79721
A,197,.,.,.,THR,.,A,205,.,.,.,ILE,.,24.633,0,2.92826,-18.8334
A,197,.,.,.,THR,.,A,207,.,.,.,TYR,.,16.5203,0,3.31794,-8.54698
A,197,.,.,.,THR,.,A,229,.,.,.,TYR,.,3.4748,0,3.89311,1.38122
A,197,.,.,.,THR,.,A,426,.,.,.,PRO,.,17.525,4.8506,3.87095,-5.0884
A,197,.,.,.,THR,.,A,427,.,.,.,LEU,.,0.214339,0.00663069,5.55552,0.0950724
A,198,.,.,.,LYS,.,A,199,.,.,.,ILE,.,26.1603,5.9698,1.321,0
A,198,.,.,.,LYS,.,A,200,.,.,.,ASP,.,20.3686,3.5627,3.19201,0.0975451
A,198,.,.,.,LYS,.,A,201,.,.,.,SER,.,14.9137,9.73865,4.15173,9.2305
A,198,.,.,.,LYS,.,A,202,.,.,.,VAL,.,0.352114,1.01325,5.90091,0.342666
A,198,.,.,.,LYS,.,A,203,.,.,.,ALA,.,5.1807,0.974526,4.09372,1.87155
A,198,.,.,.,LYS,.,A,204,.,.,.,GLY,.,6.11272,0,4.03707,3.88485
A,198,.,.,.,LYS,.,A,229,.,.,.,TYR,.,4.87964,1.26678,4.5906,-1.95359
A,198,.,.,.,LYS,.,A,231,.,.,.,GLU,.,30.5325,14.59,3.47838,-30.5272
A,198,.,.,.,LYS,.,A,426,.,.,.,PRO,.,7.62637,4.32116,4.66728,0.317212
A,199,.,.,.,ILE,.,A,200,.,.,.,ASP,.,30.8909,4.09425,1.32183,0
A,199,.,.,.,ILE,.,A,203,.,.,.,ALA,.,16.0508,0,2.97225,-15.0367
A,199,.,.,.,ILE,.,A,204,.,.,.,GLY,.,8.97946,0,4.06187,-0.141282
A,199,.,.,.,ILE,.,A,205,.,.,.,ILE,.,11.1484,0,3.88326,-21.0183
A,199,.,.,.,ILE,.,A,228,.,.,.,PHE,.,9.94314,0,3.42959,-17.8187
A,199,.,.,.,ILE,.,A,270,.,.,.,TYR,.,9.10497,0,3.75781,-8.49575
A,199,.,.,.,ILE,.,A,420,.,.,.,LYS,.,5.84166,0,4.11944,5.66639
A,199,.,.,.,ILE,.,A,423,.,.,.,LYS,.,16.0662,7.22113,3.78796,1.22697
A,199,.,.,.,ILE,.,A,424,.,.,.,GLY,.,5.52994,1.087,4.44655,-0.890271
A,199,.,.,.,ILE,.,A,425,.,.,.,PHE,.,17.2953,0,3.43593,-27.1077
A,199,.,.,.,ILE,.,A,426,.,.,.,PRO,.,17.3986,3.36375,4.09932,0.355501
A,200,.,.,.,ASP,.,A,201,.,.,.,SER,.,26.5939,8.43836,1.33359,0
A,200,.,.,.,ASP,.,A,202,.,.,.,VAL,.,13.2302,2.28189,2.80809,5.95695
A,200,.,.,.,ASP,.,A,203,.,.,.,ALA,.,16.4335,0,2.78947,8.57411
A,200,.,.,.,ASP,.,A,270,.,.,.,TYR,.,13.6064,1.58286,2.72637,-14.0707
A,200,.,.,.,ASP,.,A,420,.,.,.,LYS,.,14.8639,4.00338,2.71634,-13.7322
A,200,.,.,.,ASP,.,A,423,.,.,.,LYS,.,9.43715,4.82875,4.03405,-0.82594
A,201,.,.,.,SER,.,A,202,.,.,.,VAL,.,37.5036,15.5657,1.33189,0
A,202,.,.,.,VAL,.,A,203,.,.,.,ALA,.,23.3219,1.75058,1.33379,0
A,202,.,.,.,VAL,.,A,230,.,.,.,SER,.,12.2576,3.70876,3.75438,-3.70941
A,202,.,.,.,VAL,.,A,231,.,.,.,GLU,.,4.86964,3.84278,4.38284,5.65599
A,202,.,.,.,VAL,.,A,269,.,.,.,VAL,.,10.72,0,4.05883,-15.3394
A,202,.,.,.,VAL,.,A,270,.,.,.,TYR,.,17.2956,1.69397,3.90266,-17.1518
A,202,.,.,.,VAL,.,A,273,.,.,.,ALA,.,18.4379,5.68391,3.55432,-19.8583
A,202,.,.,.,VAL,.,A,275,.,.,.,VAL,.,19.2023,8.71454,4.13004,-34.8796
A,203,.,.,.,ALA,.,A,204,.,.,.,GLY,.,21.0141,0.523682,1.32205,0
A,203,.,.,.,ALA,.,A,228,.,.,.,PHE,.,5.65759,0,4.75404,-6.24953
A,203,.,.,.,ALA,.,A,229,.,.,.,TYR,.,7.45281,0,3.32298,-2.23649
A,203,.,.,.,ALA,.,A,230,.,.,.,SER,.,0.817737,0,4.82555,0.32515
A,203,.,.,.,ALA,.,A,231,.,.,.,GLU,.,3.71235,3.59664,5.36508,8.5774
A,203,.,.,.,ALA,.,A,269,.,.,.,VAL,.,11.3895,0,3.71183,-15.9845
A,203,.,.,.,ALA,.,A,270,.,.,.,TYR,.,13.4153,0,3.79127,-11.5457
A,204,.,.,.,GLY,.,A,205,.,.,.,ILE,.,16.3147,0,1.32047,0
A,204,.,.,.,GLY,.,A,227,.,.,.,GLU,.,8.3474e-05,0,4.16605,9.47004e-05
A,204,.,.,.,GLY,.,A,228,.,.,.,PHE,.,7.35995,0,3.25135,-3.14963
A,204,.,.,.,GLY,.,A,229,.,.,.,TYR,.,29.7368,0.438912,2.85714,-21.0811
A,204,.,.,.,GLY,.,A,231,.,.,.,GLU,.,2.06244,0.428898,5.39571,0.464577
A,205,.,.,.,ILE,.,A,206,.,.,.,ASN,.,19.4976,0,1.3399,0
A,205,.,.,.,ILE,.,A,207,.,.,.,TYR,.,26.725,0.0571371,3.55611,-29.7795
A,205,.,.,.,ILE,.,A,226,.,.,.,GLY,.,2.90602,0,4.93332,-1.69689
A,205,.,.,.,ILE,.,A,227,.,.,.,GLU,.,8.31044,0,3.58695,4.24722
A,205,.,.,.,ILE,.,A,228,.,.,.,PHE,.,21.7042,0,3.66602,-29.5846
A,205,.,.,.,ILE,.,A,229,.,.,.,TYR,.,8.12181,0,3.45792,2.58819
A,205,.,.,.,ILE,.,A,262,.,.,.,PHE,.,13.7105,0.0375592,3.94078,-24.8942
A,205,.,.,.,ILE,.,A,425,.,.,.,PHE,.,8.21421,0.0731859,4.08829,-14.2363
A,205,.,.,.,ILE,.,A,426,.,.,.,PRO,.,11.3995,0,3.76952,-2.67809
A,206,.,.,.,ASN,.,A,207,.,.,.,TYR,.,17.0306,0,1.32546,0
A,206,.,.,.,ASN,.,A,208,.,.,.,GLY,.,11.156,2.50524,2.92419,-1.65922
A,206,.,.,.,ASN,.,A,225,.,.,.,LYS,.,25.6654,6.10149,3.5021,2.97497
A,206,.,.,.,ASN,.,A,226,.,.,.,GLY,.,7.6449,0,2.80413,-1.41878
A,206,.,.,.,ASN,.,A,227,.,.,.,GLU,.,21.0632,3.3987,2.81447,-1.36479
A,206,.,.,.,ASN,.,A,229,.,.,.,TYR,.,13.4006,2.29203,3.52679,-3.02004
A,207,.,.,.,TYR,.,A,208,.,.,.,GLY,.,21.4108,0.630549,1.32778,0
A,207,.,.,.,TYR,.,A,209,.,.,.,LEU,.,5.71988,2.0031,3.57739,-1.15842
A,207,.,.,.,TYR,.,A,224,.,.,.,MET,.,27.3495,0.71663,3.40106,-16.2999
A,207,.,.,.,TYR,.,A,225,.,.,.,LYS,.,1.74878,0,4.37293,3.55681
A,207,.,.,.,TYR,.,A,226,.,.,.,GLY,.,6.20121,0,4.51083,-1.67491
A,207,.,.,.,TYR,.,A,256,.,.,.,LEU,.,1.20849e-05,0,6.15071,-1.15547e-05
A,207,.,.,.,TYR,.,A,258,.,.,.,LEU,.,2.78267,0,5.64511,-3.21869
A,207,.,.,.,TYR,.,A,262,.,.,.,PHE,.,13.9616,1.01566,3.85596,-14.8708
A,207,.,.,.,TYR,.,A,425,.,.,.,PHE,.,0.0179051,0.230479,5.85225,-0.0160319
A,207,.,.,.,TYR,.,A,426,.,.,.,PRO,.,12.1199,0.688816,2.7184,-9.01945
A,207,.,.,.,TYR,.,A,427,.,.,.,LEU,.,13.1745,0.601852,3.65945,-5.78829
A,207,.,.,.,TYR,.,A,428,.,.,.,PRO,.,26.527,0,3.68241,-24.7214
A,208,.,.,.,GLY,.,A,209,.,.,.,LEU,.,20.2435,1.49477,1.3436,0
A,208,.,.,.,GLY,.,A,210,.,.,.,VAL,.,4.30755,0.695589,3.48387,-0.0592887
A,208,.,.,.,GLY,.,A,224,.,.,.,MET,.,4.43806,0,3.3329,-1.3594
A,208,.,.,.,GLY,.,A,225,.,.,.,LYS,.,11.5555,1.14475,2.88643,2.48645
A,209,.,.,.,LEU,.,A,210,.,.,.,VAL,.,23.1407,7.00016,1.33723,0
A,209,.,.,.,LEU,.,A,211,.,.,.,ALA,.,14.0297,0.305558,3.40757,4.63723
A,209,.,.,.,LEU,.,A,212,.,.,.,PRO,.,0.0124791,0,5.07977,0.00281203
A,209,.,.,.,LEU,.,A,213,.,.,.,PRO,.,12.0237,0.00700855,4.08376,-8.83559
A,209,.,.,.,LEU,.,A,222,.,.,.,VAL,.,17.7691,0.0115612,3.81514,-22.039
A,209,.,.,.,LEU,.,A,223,.,.,.,GLN,.,10.3288,0,3.23671,4.57
A,209,.,.,.,LEU,.,A,224,.,.,.,MET,.,12.0666,0.383338,4.30438,-13.3623
A,210,.,.,.,VAL,.,A,211,.,.,.,ALA,.,32.9209,8.48499,1.33656,0
A,210,.,.,.,VAL,.,A,223,.,.,.,GLN,.,15.964,0.180102,2.90782,-9.22225
A,210,.,.,.,VAL,.,A,224,.,.,.,MET,.,5.44115,0,4.15109,0.279451
A,210,.,.,.,VAL,.,A,225,.,.,.,LYS,.,26.4814,10.4413,3.69025,-3.86041
A,211,.,.,.,ALA,.,A,212,.,.,.,PRO,.,38.4019,10.5198,1.34305,0
A,211,.,.,.,ALA,.,A,213,.,.,.,PRO,.,2.06503,0,3.66716,0.685422
A,211,.,.,.,ALA,.,A,222,.,.,.,VAL,.,0.14827,0,5.9105,0.080893
A,211,.,.,.,ALA,.,A,223,.,.,.,GLN,.,27.7633,5.03997,3.49209,-1.31475
A,212,.,.,.,PRO,.,A,213,.,.,.,PRO,.,29.2335,3.06751,1.34512,0
A,212,.,.,.,PRO,.,A,214,.,.,.,ALA,.,9.42367,4.22841,3.2606,5.00919
A,212,.,.,.,PRO,.,A,221,.,.,.,ASP,.,1.3125,0.581644,4.54333,1.61974
A,212,.,.,.,PRO,.,A,223,.,.,.,GLN,.,3.71871,2.3744,4.92655,0.778356
A,213,.,.,.,PRO,.,A,214,.,.,.,ALA,.,20.6481,3.75179,1.32772,0
A,213,.,.,.,PRO,.,A,215,.,.,.,THR,.,3.68448,2.7172,4.1093,2.55434
A,213,.,.,.,PRO,.,A,220,.,.,.,LEU,.,11.5627,0.786418,3.87776,-6.2853
A,213,.,.,.,PRO,.,A,221,.,.,.,ASP,.,7.03054,0,3.41022,-0.819918
A,213,.,.,.,PRO,.,A,222,.,.,.,VAL,.,18.5783,3.76108,4.43499,-10.1294
A,213,.,.,.,PRO,.,A,223,.,.,.,GLN,.,0.408349,0,5.76454,0.565368
A,214,.,.,.,ALA,.,A,215,.,.,.,THR,.,24.2849,5.6046,1.33574,0
A,214,.,.,.,ALA,.,A,216,.,.,.,THR,.,10.3399,4.63969,3.97359,-5.67196
A,214,.,.,.,ALA,.,A,219,.,.,.,THR,.,2.67651,0,3.68557,2.25951
A,214,.,.,.,ALA,.,A,220,.,.,.,LEU,.,9.66662,0,3.56503,-3.12927
A,214,.,.,.,ALA,.,A,221,.,.,.,ASP,.,25.791,4.33029,3.0256,2.78408
A,214,.,.,.,ALA,.,A,223,.,.,.,GLN,.,5.80758,5.09328,5.55905,-1.48235
A,215,.,.,.,THR,.,A,216,.,.,.,THR,.,27.9607,0.696392,1.3371,0
A,215,.,.,.,THR,.,A,219,.,.,.,THR,.,3.94996,0,3.67755,-1.83317
A,215,.,.,.,THR,.,A,220,.,.,.,LEU,.,12.8653,0,3.54375,-2.58966
A,216,.,.,.,THR,.,A,217,.,.,.,ALA,.,23.8118,4.74054,1.34426,0
A,216,.,.,.,THR,.,A,218,.,.,.,GLU,.,6.18879,1.90917,3.18503,6.54919
A,216,.,.,.,THR,.,A,219,.,.,.,THR,.,31.2797,5.08057,2.69075,-18.3224
A,216,.,.,.,THR,.,A,221,.,.,.,ASP,.,5.98926,3.97867,4.92025,1.01807
A,217,.,.,.,ALA,.,A,218,.,.,.,GLU,.,35.8725,13.0242,1.32396,0
A,218,.,.,.,GLU,.,A,219,.,.,.,THR,.,26.3491,1.34651,1.33681,0
A,218,.,.,.,GLU,.,A,248,.,.,.,ALA,.,21.1011,7.41681,3.75333,3.7823
A,218,.,.,.,GLU,.,A,249,.,.,.,ALA,.,1.3074,0.34851,5.38089,1.963
A,218,.,.,.,GLU,.,A,250,.,.,.,HIS,.,29.9827,13.3755,3.06183,-17.8793
A,219,.,.,.,THR,.,A,220,.,.,.,LEU,.,18.8674,0,1.34094,0
A,219,.,.,.,THR,.,A,221,.,.,.,ASP,.,14.0857,0.978109,3.28709,-5.28048
A,219,.,.,.,THR,.,A,248,.,.,.,ALA,.,15.952,3.45932,3.69289,-11.9095
A,219,.,.,.,THR,.,A,249,.,.,.,ALA,.,0.727622,1.46158,5.99084,0.308729
A,220,.,.,.,LEU,.,A,221,.,.,.,ASP,.,22.027,0,1.33559,0
A,220,.,.,.,LEU,.,A,222,.,.,.,VAL,.,10.1981,1.49972,4.06835,-9.40597
A,221,.,.,.,ASP,.,A,222,.,.,.,VAL,.,20.5665,0,1.33746,0
A,221,.,.,.,ASP,.,A,223,.,.,.,GLN,.,14.9129,5.00216,3.98601,3.51072
A,222,.,.,.,VAL,.,A,223,.,.,.,GLN,.,22.3131,0,1.32052,0
A,222,.,.,.,VAL,.,A,224,.,.,.,MET,.,16.9523,0.580832,3.78936,-18.4445
A,223,.,.,.,GLN,.,A,224,.,.,.,MET,.,17.3123,0,1.34708,0
A,224,.,.,.,MET,.,A,225,.,.,.,LYS,.,18.0656,0,1.32284,0
A,224,.,.,.,MET,.,A,226,.,.,.,GLY,.,5.12457,0,3.20077,2.1761
A,224,.,.,.,MET,.,A,428,.,.,.,PRO,.,17.0495,0.311442,3.86597,-14.6154
A,225,.,.,.,LYS,.,A,226,.,.,.,GLY,.,17.7437,0,1.33412,0
A,225,.,.,.,LYS,.,A,227,.,.,.,GLU,.,28.1875,5.69802,3.1155,-12.9924
A,225,.,.,.,LYS,.,A,236,.,.,.,PRO,.,1.15827,3.832,6.26109,1.02525
A,225,.,.,.,LYS,.,A,237,.,.,.,PRO,.,0.103784,0.571308,6.31305,0.0755963
A,225,.,.,.,LYS,.,A,241,.,.,.,PRO,.,0.490744,0.924647,5.65281,0.0616748
A,225,.,.,.,LYS,.,A,261,.,.,.,TYR,.,16.0919,6.8684,4.24399,-10.63
A,226,.,.,.,GLY,.,A,227,.,.,.,GLU,.,19.1362,0,1.33317,0
A,226,.,.,.,GLY,.,A,261,.,.,.,TYR,.,6.55922,0,3.72199,-2.33844
A,226,.,.,.,GLY,.,A,262,.,.,.,PHE,.,17.4986,0,3.46342,-7.79727
A,226,.,.,.,GLY,.,A,265,.,.,.,THR,.,0.54084,0,4.46272,0.0587876
A,227,.,.,.,GLU,.,A,228,.,.,.,PHE,.,29.5565,2.00524,1.34226,0
A,227,.,.,.,GLU,.,A,229,.,.,.,TYR,.,14.3075,6.43988,3.67073,2.75309
A,227,.,.,.,GLU,.,A,235,.,.,.,ASN,.,4.7857,4.67532,4.51492,7.11533
A,227,.,.,.,GLU,.,A,236,.,.,.,PRO,.,5.80243,4.53984,4.30928,2.47549
A,227,.,.,.,GLU,.,A,237,.,.,.,PRO,.,18.0995,2.33529,3.30002,0.63532
A,227,.,.,.,GLU,.,A,261,.,.,.,TYR,.,13.0068,0,4.03652,-8.63335
A,227,.,.,.,GLU,.,A,262,.,.,.,PHE,.,1.01176,0,4.58268,0.153292
A,227,.,.,.,GLU,.,A,265,.,.,.,THR,.,11.948,0,3.76055,0.129561
A,228,.,.,.,PHE,.,A,229,.,.,.,TYR,.,19.9711,0.968507,1.33634,0
A,228,.,.,.,PHE,.,A,237,.,.,.,PRO,.,0.521147,0.860059,5.56392,0.0449023
A,228,.,.,.,PHE,.,A,262,.,.,.,PHE,.,28.7098,2.35868,3.35362,-44.5185
A,228,.,.,.,PHE,.,A,263,.,.,.,PHE,.,3.05975,1.58561,5.10027,-3.37927
A,228,.,.,.,PHE,.,A,265,.,.,.,THR,.,21.1691,0.650746,2.8328,-1.60449
A,228,.,.,.,PHE,.,A,266,.,.,.,ALA,.,27.5802,2.23631,3.49998,-23.7733
A,228,.,.,.,PHE,.,A,269,.,.,.,VAL,.,15.3432,2.44642,3.52862,-10.2859
A,228,.,.,.,PHE,.,A,270,.,.,.,TYR,.,6.75768,0,4.5029,-7.95738
A,228,.,.,.,PHE,.,A,425,.,.,.,PHE,.,19.5399,3.96025,3.81431,-37.1272
A,229,.,.,.,TYR,.,A,230,.,.,.,SER,.,33.7046,7.37072,1.32747,0
A,229,.,.,.,TYR,.,A,231,.,.,.,GLU,.,23.7271,8.27072,4.08098,-17.1764
A,229,.,.,.,TYR,.,A,233,.,.,.,HIS,.,0.0421535,0.720465,6.03922,-0.0145524
A,229,.,.,.,TYR,.,A,269,.,.,.,VAL,.,12.9188,1.66325,3.73322,-2.15693
A,230,.,.,.,SER,.,A,231,.,.,.,GLU,.,23.8326,3.12474,1.32808,0
A,230,.,.,.,SER,.,A,232,.,.,.,ASN,.,15.0248,6.20944,2.95093,-3.90587
A,230,.,.,.,SER,.,A,233,.,.,.,HIS,.,33.1562,14.3641,3.16802,5.22046
A,230,.,.,.,SER,.,A,269,.,.,.,VAL,.,18.0553,6.33227,4.02614,-4.74192
A,230,.,.,.,SER,.,A,273,.,.,.,ALA,.,2.51284,3.50805,6.13704,-0.983575
A,231,.,.,.,GLU,.,A,232,.,.,.,ASN,.,28.87,11.7137,1.33496,0
A,231,.,.,.,GLU,.,A,233,.,.,.,HIS,.,3.06222,2.52322,3.78193,5.58193
A,232,.,.,.,ASN,.,A,233,.,.,.,HIS,.,30.6481,9.10238,1.33062,0
A,232,.,.,.,ASN,.,A,234,.,.,.,HIS,.,1.49666,3.38271,4.2158,0.482586
A,233,.,.,.,HIS,.,A,234,.,.,.,HIS,.,36.0603,14.704,1.33658,0
A,233,.,.,.,HIS,.,A,235,.,.,.,ASN,.,5.68648,6.37072,4.83516,2.15138
A,233,.,.,.,HIS,.,A,272,.,.,.,GLU,.,9.64923,11.364,5.20474,-0.57915
A,234,.,.,.,HIS,.,A,235,.,.,.,ASN,.,34.5682,12.044,1.33161,0
A,234,.,.,.,HIS,.,A,236,.,.,.,PRO,.,8.87141,7.18141,3.57084,2.60214
A,235,.,.,.,ASN,.,A,236,.,.,.,PRO,.,40.3066,12.7841,1.35114,0
A,235,.,.,.,ASN,.,A,237,.,.,.,PRO,.,2.35928,0.821193,3.74205,0.86255
A,235,.,.,.,ASN,.,A,268,.,.,.,LEU,.,3.56998,4.22963,5.58955,0.787683
A,236,.,.,.,PRO,.,A,237,.,.,.,PRO,.,39.7234,10.0691,1.3375,0
A,236,.,.,.,PRO,.,A,238,.,.,.,PRO,.,6.89285,6.16294,3.64518,2.69706
A,236,.,.,.,PRO,.,A,268,.,.,.,LEU,.,0.719693,1.24904,5.32248,0.487506
A,237,.,.,.,PRO,.,A,238,.,.,.,PRO,.,25.7664,4.91896,1.31917,0
A,237,.,.,.,PRO,.,A,239,.,.,.,PHE,.,24.9713,3.99099,3.21827,3.25007
A,237,.,.,.,PRO,.,A,261,.,.,.,TYR,.,16.3633,3.29983,3.63857,-17.9002
A,237,.,.,.,PRO,.,A,265,.,.,.,THR,.,11.7722,0.369309,3.54137,-6.94134
A,237,.,.,.,PRO,.,A,268,.,.,.,LEU,.,16.3683,2.39939,3.94562,-7.3353
A,238,.,.,.,PRO,.,A,239,.,.,.,PHE,.,42.6108,15.6931,1.33107,0
A,238,.,.,.,PRO,.,A,268,.,.,.,LEU,.,13.4964,7.0159,4.33748,-2.90847
A,239,.,.,.,PHE,.,A,240,.,.,.,ALA,.,33.933,14.6717,1.33279,0
A,239,.,.,.,PHE,.,A,241,.,.,.,PRO,.,0.217358,0.58304,4.62263,0.159981
A,239,.,.,.,PHE,.,A,261,.,.,.,TYR,.,27.6613,3.78383,3.43061,-24.721
A,239,.,.,.,PHE,.,A,264,.,.,.,ASN,.,21.4689,7.8822,3.77382,-9.97868
A,239,.,.,.,PHE,.,A,265,.,.,.,THR,.,11.0374,0,3.86211,-5.79429
A,239,.,.,.,PHE,.,A,268,.,.,.,LEU,.,13.0764,2.0064,4.65931,-21.977
A,239,.,.,.,PHE,.,A,323,.,.,.,PRO,.,2.49128,3.93784,6.2411,-2.37928
A,240,.,.,.,ALA,.,A,241,.,.,.,PRO,.,38.504,12.8206,1.3212,0
A,240,.,.,.,ALA,.,A,242,.,.,.,PRO,.,4.1739,2.94958,3.70584,1.81969
A,240,.,.,.,ALA,.,A,260,.,.,.,ASP,.,1.7165,2.35844,5.05285,1.797
A,240,.,.,.,ALA,.,A,261,.,.,.,TYR,.,10.6884,1.09488,3.47901,-2.05471
A,241,.,.,.,PRO,.,A,242,.,.,.,PRO,.,31.0186,4.25259,1.34158,0
A,241,.,.,.,PRO,.,A,243,.,.,.,VAL,.,0.047089,0.0924392,4.26783,0.0391143
A,241,.,.,.,PRO,.,A,259,.,.,.,SER,.,1.0084,0,4.94518,-0.178599
A,241,.,.,.,PRO,.,A,261,.,.,.,TYR,.,29.1445,5.48024,3.45815,-26.6196
A,242,.,.,.,PRO,.,A,243,.,.,.,VAL,.,31.7114,6.61452,1.32729,0
A,242,.,.,.,PRO,.,A,244,.,.,.,MET,.,14.4507,1.60802,3.57477,-3.12166
A,242,.,.,.,PRO,.,A,259,.,.,.,SER,.,12.1908,0,3.64337,-0.466665
A,242,.,.,.,PRO,.,A,260,.,.,.,ASP,.,14.709,2.81638,3.30487,3.72204
A,242,.,.,.,PRO,.,A,261,.,.,.,TYR,.,4.8618,0,4.04424,-1.71128
A,242,.,.,.,PRO,.,A,445,.,.,.,ASN,.,25.2511,6.14472,3.53538,-7.45024
A,242,.,.,.,PRO,.,A,446,.,.,.,PHE,.,0.83619,0,5.31738,-0.706023
A,243,.,.,.,VAL,.,A,244,.,.,.,MET,.,30.5012,5.8428,1.3261,0
A,243,.,.,.,VAL,.,A,245,.,.,.,GLU,.,15.6736,10.3362,3.95946,2.23183
A,243,.,.,.,VAL,.,A,444,.,.,.,GLN,.,1.24777,1.44564,5.22632,0.764973
A,243,.,.,.,VAL,.,A,445,.,.,.,ASN,.,3.19382,1.8152,5.18884,-0.669924
A,243,.,.,.,VAL,.,A,446,.,.,.,PHE,.,5.16354,1.67969,4.5554,-1.51618
A,244,.,.,.,MET,.,A,245,.,.,.,GLU,.,23.5062,3.60558,1.3236,0
A,244,.,.,.,MET,.,A,246,.,.,.,PHE,.,12.146,1.303,4.189,-10.5596
A,244,.,.,.,MET,.,A,257,.,.,.,GLY,.,11.0961,0,3.83728,-7.09002
A,244,.,.,.,MET,.,A,258,.,.,.,LEU,.,1.05551,0,4.31145,-0.20974
A,244,.,.,.,MET,.,A,259,.,.,.,SER,.,13.1506,0,3.85804,-4.1779
A,244,.,.,.,MET,.,A,446,.,.,.,PHE,.,29.4923,0,3.59458,-41.8336
A,245,.,.,.,GLU,.,A,246,.,.,.,PHE,.,37.52,5.58181,1.3303,0
A,245,.,.,.,GLU,.,A,247,.,.,.,PRO,.,10.3865,8.22124,3.74701,3.61916
A,245,.,.,.,GLU,.,A,443,.,.,.,HIS,.,4.13203,3.33304,4.69853,1.09412
A,245,.,.,.,GLU,.,A,446,.,.,.,PHE,.,13.9746,3.77642,3.74946,4.85616
A,246,.,.,.,PHE,.,A,247,.,.,.,PRO,.,39.6913,7.69812,1.34245,0
A,246,.,.,.,PHE,.,A,248,.,.,.,ALA,.,1.13675,0.974579,3.75062,0.941908
A,246,.,.,.,PHE,.,A,255,.,.,.,TYR,.,13.7326,2.45385,3.85394,-22.4629
A,246,.,.,.,PHE,.,A,257,.,.,.,GLY,.,3.75653,0,5.19897,-2.02382
A,246,.,.,.,PHE,.,A,443,.,.,.,HIS,.,8.52656,0.352648,4.28485,-5.33453
A,246,.,.,.,PHE,.,A,446,.,.,.,PHE,.,14.7819,0,3.92132,-26.8239
A,246,.,.,.,PHE,.,A,448,.,.,.,LEU,.,27.6013,2.08667,3.5964,-47.3611
A,247,.,.,.,PRO,.,A,248,.,.,.,ALA,.,32.647,10.8493,1.33029,0
A,247,.,.,.,PRO,.,A,249,.,.,.,ALA,.,12.3813,8.42587,3.36951,4.18216
A,247,.,.,.,PRO,.,A,443,.,.,.,HIS,.,7.38469,6.43868,5.04559,-3.09268
A,247,.,.,.,PRO,.,A,448,.,.,.,LEU,.,0.763754,2.08166,6.05248,0.0105959
A,248,.,.,.,ALA,.,A,249,.,.,.,ALA,.,27.2377,4.6897,1.32414,0
A,248,.,.,.,ALA,.,A,250,.,.,.,HIS,.,12.7989,3.56459,4.0874,-2.8444
A,249,.,.,.,ALA,.,A,250,.,.,.,HIS,.,30.7686,3.34909,1.32761,0
A,249,.,.,.,ALA,.,A,251,.,.,.,ASP,.,12.1963,6.61046,3.47055,4.36243
A,249,.,.,.,ALA,.,A,252,.,.,.,ARG,.,0.000160064,0,4.72843,0.000177551
A,249,.,.,.,ALA,.,A,255,.,.,.,TYR,.,28.21,7.50663,3.30919,-12.372
A,249,.,.,.,ALA,.,A,441,.,.,.,GLN,.,0.141428,1.37843,6.32375,-0.0165695
A,250,.,.,.,HIS,.,A,251,.,.,.,ASP,.,28.5321,8.67273,1.32315,0
A,250,.,.,.,HIS,.,A,252,.,.,.,ARG,.,6.20951,0,3.21234,8.64034
A,250,.,.,.,HIS,.,A,255,.,.,.,TYR,.,1.328,0,3.96868,-0.488275
A,251,.,.,.,ASP,.,A,252,.,.,.,ARG,.,43.4243,10.5027,1.32572,0
A,251,.,.,.,ASP,.,A,255,.,.,.,TYR,.,13.875,2.57756,2.90469,-8.34034
A,251,.,.,.,ASP,.,A,439,.,.,.,VAL,.,0.901155,1.20031,5.51052,0.460529
A,251,.,.,.,ASP,.,A,452,.,.,.,ASP,.,3.10795,1.87987,4.14114,4.10479
A,252,.,.,.,ARG,.,A,253,.,.,.,MET,.,14.9959,0,1.32886,0
A,252,.,.,.,ARG,.,A,254,.,.,.,VAL,.,4.66928,0,3.51221,4.26223
A,252,.,.,.,ARG,.,A,255,.,.,.,TYR,.,20.3236,0,3.1005,-9.49844
A,252,.,.,.,ARG,.,A,437,.,.,.,ASN,.,24.2323,7.25356,2.65877,-1.74341
A,252,.,.,.,ARG,.,A,438,.,.,.,VAL,.,0.857064,1.22985,5.34806,0.459719
A,252,.,.,.,ARG,.,A,439,.,.,.,VAL,.,28.4749,8.82843,3.58734,-7.00472
A,252,.,.,.,ARG,.,A,450,.,.,.,GLY,.,7.7006,0,3.52169,-0.193808
A,252,.,.,.,ARG,.,A,451,.,.,.,ALA,.,13.1276,0,3.49682,9.36336
A,252,.,.,.,ARG,.,A,452,.,.,.,ASP,.,13.3444,1.3437,3.22125,-5.36595
A,253,.,.,.,MET,.,A,254,.,.,.,VAL,.,26.7756,0.40814,1.3209,0
A,253,.,.,.,MET,.,A,255,.,.,.,TYR,.,0.310638,0,5.06135,-0.213762
A,253,.,.,.,MET,.,A,436,.,.,.,TYR,.,7.2569,3.65495,4.51587,-8.89431
A,253,.,.,.,MET,.,A,451,.,.,.,ALA,.,5.70206,0,3.11817,-2.04459
A,253,.,.,.,MET,.,A,452,.,.,.,ASP,.,16.7128,0,2.912,0.832783
A,253,.,.,.,MET,.,A,453,.,.,.,VAL,.,25.0125,1.97016,3.31208,-12.9627
A,254,.,.,.,VAL,.,A,255,.,.,.,TYR,.,28.8063,0,1.3385,0
A,254,.,.,.,VAL,.,A,256,.,.,.,LEU,.,8.16533,5.14805,5.56435,-11.8557
A,254,.,.,.,VAL,.,A,435,.,.,.,LEU,.,10.4051,5.10327,4.50935,-19.6458
A,254,.,.,.,VAL,.,A,449,.,.,.,PHE,.,2.04296,0.899258,3.82036,-0.226582
A,254,.,.,.,VAL,.,A,450,.,.,.,GLY,.,4.31252,0,3.36613,-2.27187
A,254,.,.,.,VAL,.,A,451,.,.,.,ALA,.,25.5385,2.17163,2.92532,-28.7909
A,254,.,.,.,VAL,.,A,452,.,.,.,ASP,.,0.253287,0,5.36401,0.0021463
A,254,.,.,.,VAL,.,A,453,.,.,.,VAL,.,18.0429,6.51543,4.24624,-34.9093
A,255,.,.,.,TYR,.,A,256,.,.,.,LEU,.,19.8818,0,1.33253,0
A,255,.,.,.,TYR,.,A,257,.,.,.,GLY,.,1.34058,0,4.01096,0.653264
A,255,.,.,.,TYR,.,A,439,.,.,.,VAL,.,2.52641,1.33807,5.735,-2.0983
A,255,.,.,.,TYR,.,A,441,.,.,.,GLN,.,8.21865,6.19441,5.09498,-3.56478
A,255,.,.,.,TYR,.,A,448,.,.,.,LEU,.,19.8489,1.95324,3.85157,-25.3948
A,255,.,.,.,TYR,.,A,449,.,.,.,PHE,.,5.70789,0,3.24517,-5.72339
A,255,.,.,.,TYR,.,A,450,.,.,.,GLY,.,13.7246,1.13795,3.75809,-6.5052
A,256,.,.,.,LEU,.,A,257,.,.,.,GLY,.,19.6708,0,1.33601,0
A,256,.,.,.,LEU,.,A,258,.,.,.,LEU,.,21.906,0.838965,3.14336,-33.3012
A,256,.,.,.,LEU,.,A,427,.,.,.,LEU,.,11.2271,5.14597,5.37355,-11.0272
A,256,.,.,.,LEU,.,A,428,.,.,.,PRO,.,12.9059,2.56922,4.93035,-6.14648
A,256,.,.,.,LEU,.,A,435,.,.,.,LEU,.,1.5344,4.32629,6.54705,-2.8793
A,256,.,.,.,LEU,.,A,447,.,.,.,LEU,.,2.81128,0,3.43836,0.95783
A,256,.,.,.,LEU,.,A,448,.,.,.,LEU,.,9.19829,0,3.47955,-4.25271
A,256,.,.,.,LEU,.,A,449,.,.,.,PHE,.,28.8871,6.17183,2.67847,-34.7374
A,257,.,.,.,GLY,.,A,258,.,.,.,LEU,.,18.383,0,1.32774,0
A,257,.,.,.,GLY,.,A,259,.,.,.,SER,.,0.812375,0,3.84083,0.316986
A,257,.,.,.,GLY,.,A,446,.,.,.,PHE,.,6.42283,0,4.38751,-3.349
A,257,.,.,.,GLY,.,A,447,.,.,.,LEU,.,3.03519,0,3.53685,-0.718523
A,257,.,.,.,GLY,.,A,448,.,.,.,LEU,.,6.82309,0,4.29258,-2.3478
A,258,.,.,.,LEU,.,A,259,.,.,.,SER,.,19.8884,0,1.32684,0
A,258,.,.,.,LEU,.,A,260,.,.,.,ASP,.,0.074838,0,3.90121,0.0821729
A,258,.,.,.,LEU,.,A,262,.,.,.,PHE,.,19.0867,0,4.27099,-27.8407
A,258,.,.,.,LEU,.,A,263,.,.,.,PHE,.,18.7989,0,3.6855,-25.9739
A,258,.,.,.,LEU,.,A,328,.,.,.,VAL,.,1.08896,0,5.07518,-0.325655
A,258,.,.,.,LEU,.,A,368,.,.,.,VAL,.,0.0511969,0,5.62061,-0.0320037
A,258,.,.,.,LEU,.,A,375,.,.,.,LEU,.,14.0148,0.291578,3.79949,-30.2153
A,258,.,.,.,LEU,.,A,427,.,.,.,LEU,.,12.4836,1.19633,4.92358,-26.942
A,258,.,.,.,LEU,.,A,428,.,.,.,PRO,.,0.552513,0,6.13095,0.00766524
A,258,.,.,.,LEU,.,A,446,.,.,.,PHE,.,7.83418,0,3.3799,-0.17126
A,258,.,.,.,LEU,.,A,447,.,.,.,LEU,.,23.8026,0,2.81003,-29.1792
A,258,.,.,.,LEU,.,A,449,.,.,.,PHE,.,14.2762,1.34447,4.12262,-23.3898
A,259,.,.,.,SER,.,A,260,.,.,.,ASP,.,17.3905,0,1.34768,0
A,259,.,.,.,SER,.,A,261,.,.,.,TYR,.,10.0961,0,3.03268,2.39627
A,259,.,.,.,SER,.,A,262,.,.,.,PHE,.,16.5275,0,3.03547,-1.18204
A,259,.,.,.,SER,.,A,263,.,.,.,PHE,.,9.2048,0,3.31137,-3.16559
A,259,.,.,.,SER,.,A,328,.,.,.,VAL,.,0.18092,0,5.09472,-0.052817
A,259,.,.,.,SER,.,A,445,.,.,.,ASN,.,2.17172,0,3.71424,-0.457265
A,259,.,.,.,SER,.,A,446,.,.,.,PHE,.,5.24788,0,3.85632,0.722827
A,260,.,.,.,ASP,.,A,261,.,.,.,TYR,.,24.2735,2.34382,1.33199,0
A,260,.,.,.,ASP,.,A,262,.,.,.,PHE,.,0.843674,0,3.27972,1.40503
A,260,.,.,.,ASP,.,A,263,.,.,.,PHE,.,10.7931,0,3.13459,1.22815
A,260,.,.,.,ASP,.,A,264,.,.,.,ASN,.,19.0041,2.71712,2.86519,-6.51062
A,260,.,.,.,ASP,.,A,326,.,.,.,LEU,.,9.58767,1.47035,4.13923,2.39612
A,260,.,.,.,ASP,.,A,327,.,.,.,SER,.,5.50813,2.86223,4.87245,1.69504
A,260,.,.,.,ASP,.,A,328,.,.,.,VAL,.,15.5264,0.159344,3.96309,4.65282
A,260,.,.,.,ASP,.,A,445,.,.,.,ASN,.,28.055,6.00295,2.92885,-4.78256
A,260,.,.,.,ASP,.,A,446,.,.,.,PHE,.,1.2939,0,4.35496,1.49323
A,261,.,.,.,TYR,.,A,262,.,.,.,PHE,.,19.3746,0,1.31654,0
A,261,.,.,.,TYR,.,A,263,.,.,.,PHE,.,0.783107,0,3.26793,0.972866
A,261,.,.,.,TYR,.,A,264,.,.,.,ASN,.,8.99452,1.53217,3.13198,-1.07537
A,261,.,.,.,TYR,.,A,265,.,.,.,THR,.,20.3483,0,2.84638,-13.2444
A,262,.,.,.,PHE,.,A,263,.,.,.,PHE,.,36.0379,1.43702,1.33405,0
A,262,.,.,.,PHE,.,A,264,.,.,.,ASN,.,0.575092,0,3.34456,0.850226
A,262,.,.,.,PHE,.,A,265,.,.,.,THR,.,10.7162,0,2.73018,-0.647426
A,262,.,.,.,PHE,.,A,266,.,.,.,ALA,.,3.52941,0,3.36731,-2.39865
A,262,.,.,.,PHE,.,A,375,.,.,.,LEU,.,7.74065,3.8816,4.73458,-13.4881
A,262,.,.,.,PHE,.,A,425,.,.,.,PHE,.,2.37163,3.00284,5.87109,-4.51101
A,262,.,.,.,PHE,.,A,427,.,.,.,LEU,.,2.666,0.927609,5.81491,-5.06449
A,263,.,.,.,PHE,.,A,264,.,.,.,ASN,.,19.9107,1.22152,1.34004,0
A,263,.,.,.,PHE,.,A,265,.,.,.,THR,.,0.94361,0,3.29717,1.71132
A,263,.,.,.,PHE,.,A,266,.,.,.,ALA,.,14.2272,4.83873,3.18384,-0.560064
A,263,.,.,.,PHE,.,A,267,.,.,.,GLY,.,7.03144,3.14341,3.3085,-6.78247
A,263,.,.,.,PHE,.,A,324,.,.,.,PRO,.,0.000119643,0.0248566,5.6718,0.000113807
A,263,.,.,.,PHE,.,A,326,.,.,.,LEU,.,29.0699,7.62585,3.78906,-42.8846
A,263,.,.,.,PHE,.,A,328,.,.,.,VAL,.,4.4703,0,4.82725,-7.00418
A,263,.,.,.,PHE,.,A,333,.,.,.,LEU,.,14.4148,0.662998,4.08702,-23.92
A,263,.,.,.,PHE,.,A,368,.,.,.,VAL,.,6.01797,2.13707,4.93162,-10.1079
A,263,.,.,.,PHE,.,A,375,.,.,.,LEU,.,15.1433,4.00303,3.58174,-26.1585
A,263,.,.,.,PHE,.,A,447,.,.,.,LEU,.,11.5922,0,3.952,-20.811
A,264,.,.,.,ASN,.,A,265,.,.,.,THR,.,14.7362,0,1.3498,0
A,264,.,.,.,ASN,.,A,266,.,.,.,ALA,.,1.37081,0,3.11682,1.97903
A,264,.,.,.,ASN,.,A,267,.,.,.,GLY,.,7.28665,0,3.19723,0.610501
A,264,.,.,.,ASN,.,A,268,.,.,.,LEU,.,10.3162,0.576448,3.04073,-0.897476
A,264,.,.,.,ASN,.,A,323,.,.,.,PRO,.,0.66147,1.57149,5.63607,-0.0257726
A,264,.,.,.,ASN,.,A,324,.,.,.,PRO,.,9.35036,3.48314,3.92161,6.14063
A,264,.,.,.,ASN,.,A,325,.,.,.,HIS,.,15.0517,6.80958,3.12243,-2.9816
A,264,.,.,.,ASN,.,A,326,.,.,.,LEU,.,24.3614,3.46612,2.79081,-1.50557
A,265,.,.,.,THR,.,A,266,.,.,.,ALA,.,15.8381,0,1.32771,0
A,265,.,.,.,THR,.,A,267,.,.,.,GLY,.,0.528262,0,3.36771,0.263771
A,265,.,.,.,THR,.,A,268,.,.,.,LEU,.,13.5666,0.586194,3.30594,1.61999
A,265,.,.,.,THR,.,A,269,.,.,.,VAL,.,11.4682,0.197823,3.02121,-6.52831
A,266,.,.,.,ALA,.,A,267,.,.,.,GLY,.,21.9597,3.4172,1.33779,0
A,266,.,.,.,ALA,.,A,268,.,.,.,LEU,.,1.28639,0,3.20236,2.35428
A,266,.,.,.,ALA,.,A,269,.,.,.,VAL,.,6.4804,0,3.37889,-4.11084
A,266,.,.,.,ALA,.,A,270,.,.,.,TYR,.,22.3377,2.91147,3.18862,-13.6894
A,266,.,.,.,ALA,.,A,425,.,.,.,PHE,.,4.15484,3.65852,5.78019,-4.89036
A,267,.,.,.,GLY,.,A,268,.,.,.,LEU,.,16.5494,0,1.33003,0
A,267,.,.,.,GLY,.,A,269,.,.,.,VAL,.,0.566075,0,3.43123,0.309212
A,267,.,.,.,GLY,.,A,270,.,.,.,TYR,.,5.23813,1.91882,3.72315,-0.940115
A,267,.,.,.,GLY,.,A,271,.,.,.,GLN,.,9.43131,0,3.04109,0.149259
A,267,.,.,.,GLY,.,A,276,.,.,.,LEU,.,4.93628,1.29102,4.34902,-1.62015
A,267,.,.,.,GLY,.,A,323,.,.,.,PRO,.,3.87053,0,3.99686,-0.312056
A,267,.,.,.,GLY,.,A,324,.,.,.,PRO,.,22.5857,3.92129,3.86665,-6.21773
A,267,.,.,.,GLY,.,A,335,.,.,.,PHE,.,0.73497,2.00216,6.18496,-0.433455
A,268,.,.,.,LEU,.,A,269,.,.,.,VAL,.,25.5652,3.8244,1.33019,0
A,268,.,.,.,LEU,.,A,270,.,.,.,TYR,.,0.662101,0,3.45681,1.36289
A,268,.,.,.,LEU,.,A,271,.,.,.,GLN,.,6.06259,0.140099,3.41352,1.4762
A,268,.,.,.,LEU,.,A,272,.,.,.,GLU,.,39.9798,11.7345,2.92703,17.0434
A,268,.,.,.,LEU,.,A,323,.,.,.,PRO,.,26.2352,7.1055,3.79799,-7.84082
A,268,.,.,.,LEU,.,A,324,.,.,.,PRO,.,0.0845093,0,5.32341,0.0807356
A,269,.,.,.,VAL,.,A,270,.,.,.,TYR,.,22.6355,0,1.32713,0
A,269,.,.,.,VAL,.,A,271,.,.,.,GLN,.,0.839549,0,3.32651,2.02829
A,269,.,.,.,VAL,.,A,272,.,.,.,GLU,.,12.1766,5.15969,3.35099,9.35669
A,269,.,.,.,VAL,.,A,273,.,.,.,ALA,.,11.4838,1.29132,3.07911,-7.60651
A,270,.,.,.,TYR,.,A,271,.,.,.,GLN,.,17.8637,0,1.33948,0
A,270,.,.,.,TYR,.,A,272,.,.,.,GLU,.,0.762785,0,3.28707,1.70131
A,270,.,.,.,TYR,.,A,273,.,.,.,ALA,.,7.29171,0,3.32247,-1.62475
A,270,.,.,.,TYR,.,A,274,.,.,.,GLY,.,2.34833,0,3.50111,-2.35864
A,270,.,.,.,TYR,.,A,275,.,.,.,VAL,.,25.3817,4.34797,3.30669,-28.3306
A,270,.,.,.,TYR,.,A,276,.,.,.,LEU,.,19.7288,5.6686,3.96893,-20.0654
A,270,.,.,.,TYR,.,A,420,.,.,.,LYS,.,12.5811,5.92098,3.95879,-11.3381
A,270,.,.,.,TYR,.,A,425,.,.,.,PHE,.,15.0221,3.38745,3.4722,-18.9389
A,271,.,.,.,GLN,.,A,272,.,.,.,GLU,.,32.8433,8.39768,1.336,0
A,271,.,.,.,GLN,.,A,273,.,.,.,ALA,.,1.38182,0,3.17794,2.4404
A,271,.,.,.,GLN,.,A,274,.,.,.,GLY,.,12.38,5.20387,3.0492,5.22323
A,271,.,.,.,GLN,.,A,275,.,.,.,VAL,.,0.0482658,0,4.63715,0.0573799
A,271,.,.,.,GLN,.,A,276,.,.,.,LEU,.,18.4904,1.55599,3.78837,4.15883
A,271,.,.,.,GLN,.,A,320,.,.,.,ALA,.,20.3035,4.98624,2.87284,-2.78427
A,271,.,.,.,GLN,.,A,321,.,.,.,SER,.,13.099,6.59308,3.38547,6.39709
A,271,.,.,.,GLN,.,A,322,.,.,.,THR,.,8.37562,0,3.72501,5.67124
A,271,.,.,.,GLN,.,A,323,.,.,.,PRO,.,19.8662,3.07712,3.70871,1.21691
A,271,.,.,.,GLN,.,A,324,.,.,.,PRO,.,3.8798,0,4.29435,0.983067
A,272,.,.,.,GLU,.,A,273,.,.,.,ALA,.,23.189,8.33079,1.32171,0
A,272,.,.,.,GLU,.,A,274,.,.,.,GLY,.,5.61125,2.68376,3.07145,5.15078
A,273,.,.,.,ALA,.,A,274,.,.,.,GLY,.,22.3098,6.31475,1.32493,0
A,273,.,.,.,ALA,.,A,275,.,.,.,VAL,.,16.1127,3.8744,3.31278,-10.6853
A,274,.,.,.,GLY,.,A,275,.,.,.,VAL,.,22.7353,3.86272,1.32282,0
A,274,.,.,.,GLY,.,A,276,.,.,.,LEU,.,4.67429,1.39592,3.48921,4.27162
A,274,.,.,.,GLY,.,A,277,.,.,.,LYS,.,27.6583,13.4161,3.4055,1.36025
A,275,.,.,.,VAL,.,A,276,.,.,.,LEU,.,29.1813,6.0472,1.33587,0
A,275,.,.,.,VAL,.,A,277,.,.,.,LYS,.,16.5525,7.7842,2.99164,11.7063
A,276,.,.,.,LEU,.,A,277,.,.,.,LYS,.,25.3872,6.70346,1.32868,0
A,276,.,.,.,LEU,.,A,318,.,.,.,VAL,.,0.110077,0.65064,5.94902,0.0197749
A,276,.,.,.,LEU,.,A,319,.,.,.,SER,.,6.83605,1.6493,3.52613,-1.90361
A,276,.,.,.,LEU,.,A,320,.,.,.,ALA,.,25.7511,7.31024,3.2384,-25.3839
A,276,.,.,.,LEU,.,A,324,.,.,.,PRO,.,17.0566,6.09364,3.88536,-11.4898
A,276,.,.,.,LEU,.,A,417,.,.,.,VAL,.,6.45235,9.01187,5.98729,-12.1826
A,277,.,.,.,LYS,.,A,278,.,.,.,MET,.,35.6412,15.1513,1.31899,0
A,277,.,.,.,LYS,.,A,279,.,.,.,THR,.,2.70099,4.99083,5.96909,-0.682597
A,277,.,.,.,LYS,.,A,318,.,.,.,VAL,.,9.98393,3.24096,3.13706,0.703146
A,277,.,.,.,LYS,.,A,319,.,.,.,SER,.,20.5516,9.08076,4.02326,4.46506
A,278,.,.,.,MET,.,A,279,.,.,.,THR,.,33.2526,8.8139,1.32706,0
A,278,.,.,.,MET,.,A,280,.,.,.,LEU,.,18.1858,0,3.28502,-21.5655
A,278,.,.,.,MET,.,A,284,.,.,.,MET,.,10.9348,5.8046,4.25055,-19.7421
A,278,.,.,.,MET,.,A,316,.,.,.,ILE,.,1.35844,0,3.94261,0.170579
A,278,.,.,.,MET,.,A,317,.,.,.,HIS,.,5.42034,1.26126,3.59575,-2.26884
A,278,.,.,.,MET,.,A,318,.,.,.,VAL,.,26.9827,1.68801,2.89279,-26.8009
A,278,.,.,.,MET,.,A,412,.,.,.,LEU,.,12.7056,1.28574,3.41056,-10.7755
A,278,.,.,.,MET,.,A,413,.,.,.,VAL,.,20.3624,3.50263,4.01767,-25.2903
A,278,.,.,.,MET,.,A,416,.,.,.,ARG,.,21.4038,11.6687,4.10203,-12.59
A,279,.,.,.,THR,.,A,280,.,.,.,LEU,.,24.2606,0,1.32415,0
A,279,.,.,.,THR,.,A,281,.,.,.,ARG,.,30.6989,9.6407,3.53466,-5.77645
A,279,.,.,.,THR,.,A,284,.,.,.,MET,.,12.9996,2.93167,3.32832,0.032825
A,279,.,.,.,THR,.,A,315,.,.,.,GLN,.,9.96332,0.946045,3.65227,-5.22876
A,279,.,.,.,THR,.,A,316,.,.,.,ILE,.,2.71857,0,3.77695,0.974462
A,279,.,.,.,THR,.,A,317,.,.,.,HIS,.,24.5341,7.16674,3.74142,-11.6639
A,280,.,.,.,LEU,.,A,281,.,.,.,ARG,.,20.1067,0,1.32817,0
A,280,.,.,.,LEU,.,A,284,.,.,.,MET,.,13.9039,0,3.96411,-15.4327
A,280,.,.,.,LEU,.,A,285,.,.,.,ILE,.,4.5824,0,5.14996,-7.49081
A,280,.,.,.,LEU,.,A,293,.,.,.,LEU,.,11.7229,0,3.67262,-14.1892
A,280,.,.,.,LEU,.,A,314,.,.,.,ILE,.,0.0424784,0,4.28623,0.0313051
A,280,.,.,.,LEU,.,A,315,.,.,.,GLN,.,7.47536,0,3.33259,-0.42689
A,280,.,.,.,LEU,.,A,316,.,.,.,ILE,.,31.5113,0,2.83,-42.2488
A,280,.,.,.,LEU,.,A,318,.,.,.,VAL,.,11.2605,0,3.93902,-20.8476
A,280,.,.,.,LEU,.,A,408,.,.,.,ILE,.,18.0434,0,3.50727,-35.1401
A,280,.,.,.,LEU,.,A,412,.,.,.,LEU,.,16.3272,0,4.01345,-30.1918
A,280,.,.,.,LEU,.,A,413,.,.,.,VAL,.,6.70254,0,4.48725,-12.8711
A,281,.,.,.,ARG,.,A,282,.,.,.,ASP,.,18.1422,0.630663,1.33603,0
A,281,.,.,.,ARG,.,A,283,.,.,.,ASP,.,23.2103,7.71494,3.17005,-7.12054
A,281,.,.,.,ARG,.,A,284,.,.,.,MET,.,32.1532,4.57028,2.92894,-5.88778
A,281,.,.,.,ARG,.,A,285,.,.,.,ILE,.,6.20378,0,3.69874,1.00967
A,281,.,.,.,ARG,.,A,293,.,.,.,LEU,.,8.00776,0,3.3911,0.308983
A,281,.,.,.,ARG,.,A,313,.,.,.,LYS,.,3.53878,3.05757,5.38121,5.10812
A,281,.,.,.,ARG,.,A,314,.,.,.,ILE,.,3.94867,0.764407,4.37395,-2.00818
A,281,.,.,.,ARG,.,A,315,.,.,.,GLN,.,28.2522,11.5684,3.60075,-3.07089
A,282,.,.,.,ASP,.,A,283,.,.,.,ASP,.,23.4014,5.66044,1.32538,0
A,282,.,.,.,ASP,.,A,284,.,.,.,MET,.,1.99735,0,3.05122,3.95924
A,282,.,.,.,ASP,.,A,285,.,.,.,ILE,.,16.8868,0.449547,3.06839,4.91226
A,282,.,.,.,ASP,.,A,292,.,.,.,ARG,.,27.4684,8.38556,3.40488,-26.4728
A,282,.,.,.,ASP,.,A,293,.,.,.,LEU,.,25.3111,0,2.68002,15.0176
A,282,.,.,.,ASP,.,A,294,.,.,.,THR,.,12.8433,4.10305,3.63021,1.51186
A,282,.,.,.,ASP,.,A,313,.,.,.,LYS,.,20.4415,5.35935,3.80234,-5.0809
A,282,.,.,.,ASP,.,A,314,.,.,.,ILE,.,4.28925,1.21434,4.19885,-3.00194
A,283,.,.,.,ASP,.,A,284,.,.,.,MET,.,34.6735,10.7367,1.34115,0
A,283,.,.,.,ASP,.,A,285,.,.,.,ILE,.,5.11108,3.41508,3.39036,7.4566
A,283,.,.,.,ASP,.,A,313,.,.,.,LYS,.,12.2301,7.28651,4.46069,-1.43202
A,284,.,.,.,MET,.,A,285,.,.,.,ILE,.,19.3383,0.511773,1.32478,0
A,284,.,.,.,MET,.,A,286,.,.,.,PRO,.,9.43493,3.84685,3.06601,1.18526
A,284,.,.,.,MET,.,A,412,.,.,.,LEU,.,21.7442,6.30434,3.46745,-17.1281
A,285,.,.,.,ILE,.,A,286,.,.,.,PRO,.,27.9235,2.27085,1.35863,0
A,285,.,.,.,ILE,.,A,287,.,.,.,LYS,.,3.54931,2.63101,3.56148,3.1051
A,285,.,.,.,ILE,.,A,289,.,.,.,SER,.,8.39598,0,3.7888,-5.01043
A,285,.,.,.,ILE,.,A,291,.,.,.,PHE,.,12.2792,3.05751,3.20272,-5.4182
A,285,.,.,.,ILE,.,A,292,.,.,.,ARG,.,21.805,2.42621,2.88712,-3.57663
A,285,.,.,.,ILE,.,A,293,.,.,.,LEU,.,19.3051,1.23549,3.76404,-26.8106
A,285,.,.,.,ILE,.,A,404,.,.,.,ILE,.,0.154412,0.659197,6.54092,-0.183941
A,285,.,.,.,ILE,.,A,407,.,.,.,TYR,.,7.7801,0.516953,4.51824,-9.62021
A,285,.,.,.,ILE,.,A,408,.,.,.,ILE,.,11.7266,1.81108,4.66807,-24.7046
A,285,.,.,.,ILE,.,A,412,.,.,.,LEU,.,13.5985,0,3.58002,-27.6073
A,286,.,.,.,PRO,.,A,287,.,.,.,LYS,.,22.9646,6.43163,1.32403,0
A,286,.,.,.,PRO,.,A,288,.,.,.,GLU,.,15.6564,5.37875,3.00682,4.43611
A,286,.,.,.,PRO,.,A,289,.,.,.,SER,.,9.85612,0,2.86626,0.653072
A,286,.,.,.,PRO,.,A,292,.,.,.,ARG,.,5.09631,0,3.1479,-3.65269
A,286,.,.,.,PRO,.,A,407,.,.,.,TYR,.,15.7398,0,3.17274,-15.5559
A,286,.,.,.,PRO,.,A,411,.,.,.,ILE,.,12.0686,4.41201,4.11754,-8.35143
A,286,.,.,.,PRO,.,A,412,.,.,.,LEU,.,13.1639,2.81302,4.19812,-3.59902
A,287,.,.,.,LYS,.,A,288,.,.,.,GLU,.,27.8249,11.1611,1.33124,0
A,287,.,.,.,LYS,.,A,289,.,.,.,SER,.,9.41961,3.7302,3.03025,12.6471
A,287,.,.,.,LYS,.,A,292,.,.,.,ARG,.,8.99557,5.34437,4.27171,3.2913
A,288,.,.,.,GLU,.,A,289,.,.,.,SER,.,23.2598,2.69271,1.32803,0
A,288,.,.,.,GLU,.,A,290,.,.,.,LYS,.,11.782,8.4853,3.78431,-1.60004
A,288,.,.,.,GLU,.,A,407,.,.,.,TYR,.,18.9922,4.69524,2.90528,-17.8778
A,288,.,.,.,GLU,.,A,411,.,.,.,ILE,.,9.41027,6.66739,4.47067,3.80327
A,289,.,.,.,SER,.,A,290,.,.,.,LYS,.,27.3134,6.76797,1.32608,0
A,289,.,.,.,SER,.,A,291,.,.,.,PHE,.,18.7832,0.500834,2.9198,-0.173877
A,289,.,.,.,SER,.,A,292,.,.,.,ARG,.,15.3147,2.98434,2.91218,-6.63902
A,289,.,.,.,SER,.,A,407,.,.,.,TYR,.,21.462,3.13477,3.52776,-11.701
A,290,.,.,.,LYS,.,A,291,.,.,.,PHE,.,42.0452,11.4214,1.31761,0
A,290,.,.,.,LYS,.,A,292,.,.,.,ARG,.,11.8552,3.44108,3.38958,6.72267
A,290,.,.,.,LYS,.,A,297,.,.,.,PHE,.,17.9997,7.72823,3.32989,-0.895445
A,291,.,.,.,PHE,.,A,292,.,.,.,ARG,.,24.5549,0,1.33773,0
A,291,.,.,.,PHE,.,A,293,.,.,.,LEU,.,0.262661,0.497465,6.06353,-0.105275
A,291,.,.,.,PHE,.,A,297,.,.,.,PHE,.,20.6287,4.52908,3.50506,-30.0168
A,291,.,.,.,PHE,.,A,301,.,.,.,PHE,.,1.63418,1.81949,5.89345,-3.05245
A,291,.,.,.,PHE,.,A,403,.,.,.,ASP,.,26.4981,12.0855,3.52324,-8.983
A,291,.,.,.,PHE,.,A,404,.,.,.,ILE,.,34.1691,4.12245,3.60338,-39.9955
A,291,.,.,.,PHE,.,A,407,.,.,.,TYR,.,21.1938,5.76206,4.12009,-32.3457
A,291,.,.,.,PHE,.,A,408,.,.,.,ILE,.,0.315414,0.888567,6.33915,-0.377307
A,292,.,.,.,ARG,.,A,293,.,.,.,LEU,.,18.2459,0,1.32634,0
A,292,.,.,.,ARG,.,A,294,.,.,.,THR,.,16.7421,3.64003,3.01027,-4.63092
A,292,.,.,.,ARG,.,A,297,.,.,.,PHE,.,28.4669,4.76149,3.29666,-4.58827
A,292,.,.,.,ARG,.,A,298,.,.,.,PHE,.,7.30724,0,3.43942,-0.360592
A,292,.,.,.,ARG,.,A,404,.,.,.,ILE,.,2.54404,0,5.06642,0.54609
A,293,.,.,.,LEU,.,A,294,.,.,.,THR,.,19.5853,0,1.32938,0
A,293,.,.,.,LEU,.,A,298,.,.,.,PHE,.,11.005,0,3.98376,-16.3445
A,293,.,.,.,LEU,.,A,313,.,.,.,LYS,.,4.57391,0,3.87864,2.38812
A,293,.,.,.,LEU,.,A,314,.,.,.,ILE,.,28.3571,0,2.91455,-18.8538
A,293,.,.,.,LEU,.,A,315,.,.,.,GLN,.,1.55296,0,4.95691,-0.358486
A,293,.,.,.,LEU,.,A,316,.,.,.,ILE,.,16.9094,0,3.73266,-28.1859
A,293,.,.,.,LEU,.,A,404,.,.,.,ILE,.,8.63664,1.14649,4.35371,-18.5069
A,293,.,.,.,LEU,.,A,408,.,.,.,ILE,.,5.17486,0,4.91712,-9.4845
A,294,.,.,.,THR,.,A,295,.,.,.,THR,.,15.1849,0,1.33271,0
A,294,.,.,.,THR,.,A,296,.,.,.,LYS,.,14.8814,6.92214,3.14693,3.09632
A,294,.,.,.,THR,.,A,297,.,.,.,PHE,.,15.3982,1.64582,2.94898,-3.65519
A,294,.,.,.,THR,.,A,298,.,.,.,PHE,.,11.1868,0,2.94674,-4.31242
A,294,.,.,.,THR,.,A,312,.,.,.,MET,.,8.22196,3.33435,3.58148,-5.56134
A,294,.,.,.,THR,.,A,313,.,.,.,LYS,.,12.0464,4.05167,4.40679,0.956457
A,294,.,.,.,THR,.,A,314,.,.,.,ILE,.,10.3978,0,3.61075,3.90994
A,295,.,.,.,THR,.,A,296,.,.,.,LYS,.,23.5656,0.366107,1.33434,0
A,295,.,.,.,THR,.,A,297,.,.,.,PHE,.,0.592121,0,3.3286,0.986272
A,295,.,.,.,THR,.,A,298,.,.,.,PHE,.,5.97622,0,3.40977,0.47277
A,295,.,.,.,THR,.,A,299,.,.,.,GLY,.,7.08475,0,2.74482,-2.54685
A,295,.,.,.,THR,.,A,305,.,.,.,VAL,.,17.4839,0,3.69313,-9.44056
A,295,.,.,.,THR,.,A,306,.,.,.,ALA,.,13.9079,0.421669,3.73876,1.21159
A,295,.,.,.,THR,.,A,309,.,.,.,PHE,.,16.046,0,2.63577,-5.2453
A,295,.,.,.,THR,.,A,310,.,.,.,PRO,.,0.681374,0,4.2504,0.106607
A,295,.,.,.,THR,.,A,311,.,.,.,ASN,.,7.324,0.53317,3.45115,0.57843
A,295,.,.,.,THR,.,A,312,.,.,.,MET,.,21.6365,0,2.9919,-9.93164
A,295,.,.,.,THR,.,A,313,.,.,.,LYS,.,1.42247,0,4.6176,0.208713
A,295,.,.,.,THR,.,A,314,.,.,.,ILE,.,14.0055,0,3.7981,-7.20497
A,295,.,.,.,THR,.,A,345,.,.,.,ALA,.,6.7427,0,4.26478,-6.14014
A,295,.,.,.,THR,.,A,355,.,.,.,LEU,.,2.07574,0,5.11405,-2.35252
A,296,.,.,.,LYS,.,A,297,.,.,.,PHE,.,22.2094,3.95963,1.3339,0
A,296,.,.,.,LYS,.,A,298,.,.,.,PHE,.,0.475719,0,3.4031,1.06258
A,296,.,.,.,LYS,.,A,299,.,.,.,GLY,.,7.31073,1.38828,3.02784,0.415328
A,296,.,.,.,LYS,.,A,300,.,.,.,THR,.,9.83659,4.66764,3.6273,-1.10905
A,296,.,.,.,LYS,.,A,306,.,.,.,ALA,.,9.02967,5.88636,4.79833,3.19715
A,296,.,.,.,LYS,.,A,311,.,.,.,ASN,.,22.2146,15.7664,4.80107,1.83164
A,296,.,.,.,LYS,.,A,312,.,.,.,MET,.,0.269587,0.167057,4.73873,0.267775
A,297,.,.,.,PHE,.,A,298,.,.,.,PHE,.,23.1056,0,1.33461,0
A,297,.,.,.,PHE,.,A,299,.,.,.,GLY,.,1.75172,0,3.03309,3.00312
A,297,.,.,.,PHE,.,A,300,.,.,.,THR,.,32.2261,10.1794,2.74422,-12.0296
A,297,.,.,.,PHE,.,A,301,.,.,.,PHE,.,18.4133,3.07676,3.81472,-29.9768
A,297,.,.,.,PHE,.,A,404,.,.,.,ILE,.,3.67138,0,5.10191,-6.73568
A,298,.,.,.,PHE,.,A,299,.,.,.,GLY,.,15.9895,0,1.33328,0
A,298,.,.,.,PHE,.,A,300,.,.,.,THR,.,1.84769,0,3.09036,3.74148
A,298,.,.,.,PHE,.,A,301,.,.,.,PHE,.,28.9639,0,2.99708,-40.608
A,298,.,.,.,PHE,.,A,302,.,.,.,LEU,.,20.3123,0,2.96846,-24.5391
A,298,.,.,.,PHE,.,A,305,.,.,.,VAL,.,14.1711,0,4.29587,-15.3172
A,298,.,.,.,PHE,.,A,314,.,.,.,ILE,.,22.9158,0,3.58948,-38.9853
A,298,.,.,.,PHE,.,A,316,.,.,.,ILE,.,9.14283,1.09355,4.44792,-17.044
A,298,.,.,.,PHE,.,A,343,.,.,.,ALA,.,4.22047,0,4.95375,-5.66092
A,298,.,.,.,PHE,.,A,355,.,.,.,LEU,.,2.48429,0,5.36239,-3.50712
A,298,.,.,.,PHE,.,A,356,.,.,.,PHE,.,12.8912,0.290533,4.02654,-23.0857
A,298,.,.,.,PHE,.,A,401,.,.,.,LEU,.,6.20438,0.827806,4.64456,-10.9507
A,298,.,.,.,PHE,.,A,404,.,.,.,ILE,.,15.1672,0.344863,3.93923,-27.9498
A,299,.,.,.,GLY,.,A,300,.,.,.,THR,.,23.4094,8.08153,1.32809,0
A,299,.,.,.,GLY,.,A,301,.,.,.,PHE,.,3.32693,0.536094,3.12783,2.22793
A,299,.,.,.,GLY,.,A,302,.,.,.,LEU,.,14.2013,3.28964,3.52491,5.97032
A,299,.,.,.,GLY,.,A,303,.,.,.,PRO,.,2.0028,2.41452,5.16094,1.19391
A,299,.,.,.,GLY,.,A,305,.,.,.,VAL,.,5.12106,0,4.81129,-1.50042
A,299,.,.,.,GLY,.,A,306,.,.,.,ALA,.,16.2071,5.27229,3.88954,-4.41623
A,300,.,.,.,THR,.,A,301,.,.,.,PHE,.,34.6786,11.378,1.33522,0
A,301,.,.,.,PHE,.,A,302,.,.,.,LEU,.,38.2867,3.30978,1.32721,0
A,301,.,.,.,PHE,.,A,303,.,.,.,PRO,.,1.57849,1.65727,4.48469,1.16181
A,301,.,.,.,PHE,.,A,400,.,.,.,LEU,.,38.9235,14.4758,3.66988,-28.4162
A,301,.,.,.,PHE,.,A,401,.,.,.,LEU,.,10.2223,0,3.88795,-17.1786
A,301,.,.,.,PHE,.,A,404,.,.,.,ILE,.,10.6891,1.63298,5.07451,-18.8027
A,302,.,.,.,LEU,.,A,303,.,.,.,PRO,.,38.5697,5.67064,1.35671,0
A,302,.,.,.,LEU,.,A,305,.,.,.,VAL,.,14.5689,0,4.23398,-19.2634
A,302,.,.,.,LEU,.,A,356,.,.,.,PHE,.,9.93814,0,3.75357,-17.261
A,302,.,.,.,LEU,.,A,393,.,.,.,ILE,.,10.483,0,4.1547,-18.9935
A,302,.,.,.,LEU,.,A,396,.,.,.,PHE,.,18.3333,0,3.35984,-29.2522
A,302,.,.,.,LEU,.,A,400,.,.,.,LEU,.,13.923,0,3.66468,-26.1473
A,302,.,.,.,LEU,.,A,401,.,.,.,LEU,.,9.69377,0,4.14138,-18.2647
A,303,.,.,.,PRO,.,A,304,.,.,.,GLU,.,26.264,4.96435,1.32567,0
A,303,.,.,.,PRO,.,A,305,.,.,.,VAL,.,5.91546,0,3.37471,7.06867
A,303,.,.,.,PRO,.,A,306,.,.,.,ALA,.,1.96827,0.549412,4.83168,1.09442
A,303,.,.,.,PRO,.,A,307,.,.,.,LYS,.,13.5659,7.28819,3.84758,5.09012
A,303,.,.,.,PRO,.,A,393,.,.,.,ILE,.,17.4334,0.944666,3.62771,-1.36642
A,303,.,.,.,PRO,.,A,394,.,.,.,GLY,.,0.928565,1.23866,5.5382,-0.0861482
A,303,.,.,.,PRO,.,A,395,.,.,.,PRO,.,10.8408,5.08079,3.90472,-4.71748
A,303,.,.,.,PRO,.,A,396,.,.,.,PHE,.,14.4243,2.30413,4.02417,-9.90891
A,303,.,.,.,PRO,.,A,400,.,.,.,LEU,.,3.88316,1.98238,5.08436,-1.25438
A,304,.,.,.,GLU,.,A,305,.,.,.,VAL,.,18.3936,0,1.33437,0
A,304,.,.,.,GLU,.,A,306,.,.,.,ALA,.,0.860134,0,3.46802,1.69787
A,304,.,.,.,GLU,.,A,307,.,.,.,LYS,.,32.815,9.91695,3.18338,-9.17694
A,304,.,.,.,GLU,.,A,308,.,.,.,LYS,.,26.8673,6.62581,2.62425,-7.76339
A,304,.,.,.,GLU,.,A,393,.,.,.,ILE,.,24.0227,3.97777,3.87488,12.7684
A,304,.,.,.,GLU,.,A,394,.,.,.,GLY,.,0.441915,1.71186,6.01637,0.204812
A,305,.,.,.,VAL,.,A,306,.,.,.,ALA,.,19.9924,0,1.34337,0
A,305,.,.,.,VAL,.,A,307,.,.,.,LYS,.,1.31883,0,3.17733,2.88633
A,305,.,.,.,VAL,.,A,308,.,.,.,LYS,.,3.64193,0,3.53106,0.39955
A,305,.,.,.,VAL,.,A,309,.,.,.,PHE,.,16.4095,0,2.81555,-13.5624
A,305,.,.,.,VAL,.,A,314,.,.,.,ILE,.,4.12116,0,4.44418,-8.17243
A,305,.,.,.,VAL,.,A,355,.,.,.,LEU,.,16.6142,0,4.23925,-30.3289
A,305,.,.,.,VAL,.,A,356,.,.,.,PHE,.,1.54594,0,5.67771,-2.55591
A,305,.,.,.,VAL,.,A,393,.,.,.,ILE,.,22.4733,0,3.52159,-29.195
A,306,.,.,.,ALA,.,A,307,.,.,.,LYS,.,31.1738,8.89405,1.32358,0
A,306,.,.,.,ALA,.,A,308,.,.,.,LYS,.,0.0989636,0,3.61184,0.210045
A,306,.,.,.,ALA,.,A,309,.,.,.,PHE,.,4.36869,0,3.62432,3.6765
A,306,.,.,.,ALA,.,A,310,.,.,.,PRO,.,16.186,5.50545,3.33046,0.443247
A,306,.,.,.,ALA,.,A,311,.,.,.,ASN,.,0.150183,0.574876,5.86915,0.183156
A,307,.,.,.,LYS,.,A,308,.,.,.,LYS,.,22.9164,5.41605,1.33213,0
A,307,.,.,.,LYS,.,A,309,.,.,.,PHE,.,1.51003,0,3.31921,3.26197
A,307,.,.,.,LYS,.,A,310,.,.,.,PRO,.,13.877,6.64498,3.36933,1.09694
A,308,.,.,.,LYS,.,A,309,.,.,.,PHE,.,51.3853,10.4671,1.33383,0
A,308,.,.,.,LYS,.,A,310,.,.,.,PRO,.,8.25553,3.93032,3.49746,2.87441
A,308,.,.,.,LYS,.,A,312,.,.,.,MET,.,0.575641,1.10138,5.37305,0.42203
A,308,.,.,.,LYS,.,A,392,.,.,.,ASN,.,17.8772,8.57238,3.90273,-0.746963
A,308,.,.,.,LYS,.,A,393,.,.,.,ILE,.,7.65285,0.699033,5.07908,-0.215387
A,309,.,.,.,PHE,.,A,310,.,.,.,PRO,.,19.7841,0,1.33688,0
A,309,.,.,.,PHE,.,A,311,.,.,.,ASN,.,0.279018,0,3.55216,0.229237
A,309,.,.,.,PHE,.,A,312,.,.,.,MET,.,22.9697,1.26506,3.7517,-24.2377
A,309,.,.,.,PHE,.,A,345,.,.,.,ALA,.,12.3652,0,3.81723,-12.8556
A,309,.,.,.,PHE,.,A,347,.,.,.,LEU,.,12.5135,4.6204,4.12041,-21.2893
A,309,.,.,.,PHE,.,A,353,.,.,.,ALA,.,16.5689,4.58961,3.67296,-19.1272
A,309,.,.,.,PHE,.,A,354,.,.,.,SER,.,5.01213,1.75796,5.03051,-0.470181
A,309,.,.,.,PHE,.,A,355,.,.,.,LEU,.,16.8403,0,3.415,-28.1405
A,309,.,.,.,PHE,.,A,392,.,.,.,ASN,.,2.5124,0.710345,5.44265,-1.25957
A,309,.,.,.,PHE,.,A,393,.,.,.,ILE,.,5.13593,0,4.84605,-8.48555
A,310,.,.,.,PRO,.,A,311,.,.,.,ASN,.,38.7319,14.7889,1.33924,0
A,310,.,.,.,PRO,.,A,312,.,.,.,MET,.,20.9044,8.01335,3.2482,1.06372
A,311,.,.,.,ASN,.,A,312,.,.,.,MET,.,28.4185,10.2124,1.3277,0
A,311,.,.,.,ASN,.,A,313,.,.,.,LYS,.,0.182117,1.31338,5.89372,0.0532442
A,312,.,.,.,MET,.,A,313,.,.,.,LYS,.,30.1226,5.64105,1.32307,0
A,312,.,.,.,MET,.,A,314,.,.,.,ILE,.,0.236644,0,4.71942,-0.061235
A,312,.,.,.,MET,.,A,345,.,.,.,ALA,.,8.55578,0,4.25529,-10.764
A,312,.,.,.,MET,.,A,346,.,.,.,VAL,.,17.2868,3.5203,3.45992,2.20974
A,312,.,.,.,MET,.,A,347,.,.,.,LEU,.,13.1168,1.93473,4.03867,-20.264
A,312,.,.,.,MET,.,A,348,.,.,.,PRO,.,17.4605,9.13603,3.87858,-8.27877
A,313,.,.,.,LYS,.,A,314,.,.,.,ILE,.,24.8083,2.13121,1.32312,0
A,313,.,.,.,LYS,.,A,315,.,.,.,GLN,.,0.0131943,0.162048,6.23471,0.00229919
A,313,.,.,.,LYS,.,A,344,.,.,.,PHE,.,0.0358695,0,3.91714,0.039602
A,313,.,.,.,LYS,.,A,345,.,.,.,ALA,.,4.3708,0,3.51092,0.37192
A,313,.,.,.,LYS,.,A,346,.,.,.,VAL,.,31.2637,9.45406,2.9339,-6.43046
A,314,.,.,.,ILE,.,A,315,.,.,.,GLN,.,27.6926,1.34063,1.33419,0
A,314,.,.,.,ILE,.,A,316,.,.,.,ILE,.,5.89198,0,4.45831,-10.7029
A,314,.,.,.,ILE,.,A,343,.,.,.,ALA,.,6.239,0,4.53615,-8.8837
A,314,.,.,.,ILE,.,A,344,.,.,.,PHE,.,11.2691,0,3.11076,-5.65631
A,314,.,.,.,ILE,.,A,345,.,.,.,ALA,.,3.82739,0,4.47786,-1.61414
A,314,.,.,.,ILE,.,A,346,.,.,.,VAL,.,3.22081,0,4.60789,0.0159832
A,314,.,.,.,ILE,.,A,355,.,.,.,LEU,.,13.9386,0,3.81996,-27.9214
A,315,.,.,.,GLN,.,A,316,.,.,.,ILE,.,19.4388,0,1.33836,0
A,315,.,.,.,GLN,.,A,317,.,.,.,HIS,.,14.906,1.14642,2.85881,-8.18441
A,315,.,.,.,GLN,.,A,342,.,.,.,GLN,.,0.882101,0,3.74028,0.624359
A,315,.,.,.,GLN,.,A,343,.,.,.,ALA,.,3.86231,0,3.37597,-0.199828
A,315,.,.,.,GLN,.,A,344,.,.,.,PHE,.,22.4074,0,2.75258,-10.0559
A,315,.,.,.,GLN,.,A,346,.,.,.,VAL,.,18.6046,6.72345,3.91206,-3.53998
A,315,.,.,.,GLN,.,A,352,.,.,.,LEU,.,21.3637,5.83787,3.78089,-5.63678
A,316,.,.,.,ILE,.,A,317,.,.,.,HIS,.,23.2967,0,1.33612,0
A,316,.,.,.,ILE,.,A,318,.,.,.,VAL,.,8.21443,0.180209,4.01391,-11.8771
A,316,.,.,.,ILE,.,A,341,.,.,.,VAL,.,16.5477,1.95795,3.43638,-28.2214
A,316,.,.,.,ILE,.,A,342,.,.,.,GLN,.,7.20297,0,3.36354,-1.16983
A,316,.,.,.,ILE,.,A,343,.,.,.,ALA,.,11.6044,0.377247,4.4378,-8.96729
A,316,.,.,.,ILE,.,A,356,.,.,.,PHE,.,2.96031,3.21095,5.94335,-5.41311
A,316,.,.,.,ILE,.,A,404,.,.,.,ILE,.,6.36174,1.27809,4.88221,-11.6838
A,316,.,.,.,ILE,.,A,405,.,.,.,MET,.,8.1931,2.17518,5.18946,-13.807
A,316,.,.,.,ILE,.,A,408,.,.,.,ILE,.,13.5944,0.180409,3.86294,-28.4446
A,317,.,.,.,HIS,.,A,318,.,.,.,VAL,.,22.0252,1.39551,1.32552,0
A,317,.,.,.,HIS,.,A,319,.,.,.,SER,.,4.9088,5.19072,4.18763,0.209952
A,317,.,.,.,HIS,.,A,340,.,.,.,ASP,.,3.20347,0.877351,3.57058,3.35093
A,317,.,.,.,HIS,.,A,341,.,.,.,VAL,.,5.22368,0,3.42094,-3.36511
A,317,.,.,.,HIS,.,A,342,.,.,.,GLN,.,21.32,3.99266,2.87117,-8.12624
A,317,.,.,.,HIS,.,A,344,.,.,.,PHE,.,24.8004,5.24112,3.53087,-21.4457
A,317,.,.,.,HIS,.,A,352,.,.,.,LEU,.,15.4415,6.28712,3.6603,-9.0791
A,318,.,.,.,VAL,.,A,319,.,.,.,SER,.,23.2385,1.6951,1.32596,0
A,318,.,.,.,VAL,.,A,339,.,.,.,VAL,.,16.8793,5.24897,3.05023,-30.0222
A,318,.,.,.,VAL,.,A,340,.,.,.,ASP,.,4.1162,0,3.36576,-0.683469
A,318,.,.,.,VAL,.,A,341,.,.,.,VAL,.,13.629,0.0066626,4.5647,-24.4902
A,318,.,.,.,VAL,.,A,360,.,.,.,MET,.,4.73096,2.48366,5.36099,-6.21214
A,318,.,.,.,VAL,.,A,405,.,.,.,MET,.,1.50009,1.08379,5.95426,-0.714061
A,318,.,.,.,VAL,.,A,408,.,.,.,ILE,.,2.82313,0.984812,5.416,-1.61139
A,318,.,.,.,VAL,.,A,413,.,.,.,VAL,.,24.054,8.42815,4.50723,-45.5327
A,319,.,.,.,SER,.,A,320,.,.,.,ALA,.,27.1592,4.95031,1.33481,0
A,319,.,.,.,SER,.,A,321,.,.,.,SER,.,2.54576,1.87877,3.99562,0.402551
A,319,.,.,.,SER,.,A,339,.,.,.,VAL,.,14.0212,1.38869,3.03034,-1.12898
A,319,.,.,.,SER,.,A,340,.,.,.,ASP,.,29.4011,5.864,2.68366,-6.33047
A,320,.,.,.,ALA,.,A,321,.,.,.,SER,.,22.4743,3.02975,1.32707,0
A,320,.,.,.,ALA,.,A,322,.,.,.,THR,.,10.1138,0.161619,3.28145,4.32065
A,320,.,.,.,ALA,.,A,324,.,.,.,PRO,.,5.38842,2.87702,5.12605,-0.498878
A,320,.,.,.,ALA,.,A,338,.,.,.,ALA,.,12.442,3.48824,4.07292,-5.63846
A,320,.,.,.,ALA,.,A,339,.,.,.,VAL,.,4.16589,2.247,4.78647,-2.07425
A,320,.,.,.,ALA,.,A,340,.,.,.,ASP,.,0.014432,0,4.98923,0.0188477
A,321,.,.,.,SER,.,A,322,.,.,.,THR,.,39.0897,13.5386,1.33404,0
A,321,.,.,.,SER,.,A,323,.,.,.,PRO,.,0.282139,1.3183,4.89031,0.183559
A,321,.,.,.,SER,.,A,338,.,.,.,ALA,.,1.86147,1.89658,4.95575,1.53498
A,321,.,.,.,SER,.,A,339,.,.,.,VAL,.,0.136107,0.158252,5.82349,0.18508
A,321,.,.,.,SER,.,A,340,.,.,.,ASP,.,27.4794,12.601,2.79168,-11.6084
A,322,.,.,.,THR,.,A,323,.,.,.,PRO,.,36.1014,8.11615,1.33179,0
A,322,.,.,.,THR,.,A,324,.,.,.,PRO,.,7.24924,3.50148,3.37703,0.0522066
A,322,.,.,.,THR,.,A,325,.,.,.,HIS,.,3.04711,3.87089,5.74995,-1.26218
A,322,.,.,.,THR,.,A,338,.,.,.,ALA,.,19.077,12.5372,4.63818,-2.31481
A,323,.,.,.,PRO,.,A,324,.,.,.,PRO,.,26.8059,3.4131,1.34315,0
A,323,.,.,.,PRO,.,A,325,.,.,.,HIS,.,23.7063,9.83976,3.21022,-11.4137
A,324,.,.,.,PRO,.,A,325,.,.,.,HIS,.,25.4867,1.74364,1.33121,0
A,324,.,.,.,PRO,.,A,326,.,.,.,LEU,.,1.36885,1.22842,4.15179,0.723169
A,324,.,.,.,PRO,.,A,335,.,.,.,PHE,.,27.7982,8.58837,3.59654,-21.8314
A,324,.,.,.,PRO,.,A,336,.,.,.,TYR,.,6.61056,1.6587,4.55689,-1.75526
A,324,.,.,.,PRO,.,A,337,.,.,.,PRO,.,8.69337,2.05402,4.58703,-1.29486
A,324,.,.,.,PRO,.,A,338,.,.,.,ALA,.,5.74313,5.79315,5.21365,3.66487
A,325,.,.,.,HIS,.,A,326,.,.,.,LEU,.,22.4793,2.81759,1.33175,0
A,325,.,.,.,HIS,.,A,335,.,.,.,PHE,.,8.53305,0,3.65774,-4.09615
A,325,.,.,.,HIS,.,A,336,.,.,.,TYR,.,33.585,9.77247,2.93186,-25.4063
A,326,.,.,.,LEU,.,A,327,.,.,.,SER,.,28.7095,4.2413,1.33046,0
A,326,.,.,.,LEU,.,A,328,.,.,.,VAL,.,5.92569,0,3.92513,-11.1882
A,326,.,.,.,LEU,.,A,333,.,.,.,LEU,.,18.7222,0.0565747,3.77628,-35.942
A,326,.,.,.,LEU,.,A,334,.,.,.,THR,.,11.0434,0,3.17951,1.27241
A,326,.,.,.,LEU,.,A,335,.,.,.,PHE,.,18.5987,3.83119,4.38256,-21.8386
A,326,.,.,.,LEU,.,A,336,.,.,.,TYR,.,3.28134,0.282917,4.55419,-0.848907
A,326,.,.,.,LEU,.,A,366,.,.,.,MET,.,15.314,4.53298,4.7193,-23.3927
A,327,.,.,.,SER,.,A,328,.,.,.,VAL,.,21.4442,1.12266,1.33096,0
A,327,.,.,.,SER,.,A,329,.,.,.,GLN,.,20.1787,4.89406,2.37484,-5.52649
A,327,.,.,.,SER,.,A,332,.,.,.,GLY,.,0.56982,0,3.92605,0.499968
A,327,.,.,.,SER,.,A,333,.,.,.,LEU,.,4.44165,0,3.38255,-1.06413
A,327,.,.,.,SER,.,A,334,.,.,.,THR,.,16.6515,0,2.81893,-13.9771
A,327,.,.,.,SER,.,A,336,.,.,.,TYR,.,21.9116,6.53927,2.77602,-12.2824
A,327,.,.,.,SER,.,A,445,.,.,.,ASN,.,0.822233,2.26181,6.2056,-0.258199
A,328,.,.,.,VAL,.,A,329,.,.,.,GLN,.,27.1839,0.633908,1.32916,0
A,328,.,.,.,VAL,.,A,332,.,.,.,GLY,.,5.00593,0,3.72553,-1.95627
A,328,.,.,.,VAL,.,A,333,.,.,.,LEU,.,15.9138,0,2.93641,-25.4742
A,328,.,.,.,VAL,.,A,442,.,.,.,PRO,.,4.029,0,4.33613,-3.08678
A,328,.,.,.,VAL,.,A,443,.,.,.,HIS,.,8.07153,0,3.32414,2.93912
A,328,.,.,.,VAL,.,A,444,.,.,.,GLN,.,6.87601,0.548235,3.84569,3.34859
A,328,.,.,.,VAL,.,A,445,.,.,.,ASN,.,19.4878,1.26721,2.9138,2.17
A,328,.,.,.,VAL,.,A,446,.,.,.,PHE,.,13.0216,0,3.4763,0.777283
A,328,.,.,.,VAL,.,A,447,.,.,.,LEU,.,10.8849,0,3.3138,-13.9177
A,329,.,.,.,GLN,.,A,330,.,.,.,PRO,.,22.7264,3.16631,1.3537,0
A,329,.,.,.,GLN,.,A,331,.,.,.,THR,.,23.39,6.54462,2.84162,1.9767
A,329,.,.,.,GLN,.,A,332,.,.,.,GLY,.,16.6703,0,2.7643,-0.931726
A,329,.,.,.,GLN,.,A,334,.,.,.,THR,.,12.286,2.11942,3.19022,-5.94393
A,329,.,.,.,GLN,.,A,336,.,.,.,TYR,.,3.50392,3.74498,4.27804,-3.57383
A,329,.,.,.,GLN,.,A,442,.,.,.,PRO,.,6.39895,0,3.0948,1.43438
A,329,.,.,.,GLN,.,A,443,.,.,.,HIS,.,5.4176,0,3.7771,8.78551
A,329,.,.,.,GLN,.,A,444,.,.,.,GLN,.,16.5564,7.09251,3.95567,-3.10499
A,330,.,.,.,PRO,.,A,331,.,.,.,THR,.,26.3235,10.2351,1.33281,0
A,330,.,.,.,PRO,.,A,332,.,.,.,GLY,.,1.55472,0,3.27814,0.923352
A,330,.,.,.,PRO,.,A,442,.,.,.,PRO,.,26.652,9.84324,3.61937,-1.25217
A,330,.,.,.,PRO,.,A,443,.,.,.,HIS,.,7.53632,2.01082,4.26141,2.8112
A,330,.,.,.,PRO,.,A,444,.,.,.,GLN,.,22.8465,9.07113,3.32932,7.40981
A,331,.,.,.,THR,.,A,332,.,.,.,GLY,.,29.5236,7.48693,1.3301,0
A,331,.,.,.,THR,.,A,334,.,.,.,THR,.,7.27096,5.32624,4.65706,-5.9108
A,331,.,.,.,THR,.,A,442,.,.,.,PRO,.,1.85338,1.81809,4.58153,-0.100978
A,332,.,.,.,GLY,.,A,333,.,.,.,LEU,.,26.8845,7.52182,1.32967,0
A,332,.,.,.,GLY,.,A,334,.,.,.,THR,.,1.99842,0.188898,3.92588,-0.200783
A,332,.,.,.,GLY,.,A,442,.,.,.,PRO,.,16.1993,4.27058,3.67697,-5.12303
A,332,.,.,.,GLY,.,A,447,.,.,.,LEU,.,2.2028,0.315943,4.91883,-1.08775
A,333,.,.,.,LEU,.,A,334,.,.,.,THR,.,23.2421,1.9485,1.32502,0
A,333,.,.,.,LEU,.,A,365,.,.,.,SER,.,7.82286,3.8513,3.72022,-2.0006
A,333,.,.,.,LEU,.,A,366,.,.,.,MET,.,34.0336,6.20007,3.0424,-16.4188
A,333,.,.,.,LEU,.,A,368,.,.,.,VAL,.,11.7802,0.802442,3.4523,-22.1113
A,333,.,.,.,LEU,.,A,447,.,.,.,LEU,.,23.259,2.00798,3.25279,-41.8349
A,334,.,.,.,THR,.,A,335,.,.,.,PHE,.,20.9419,0,1.33075,0
A,334,.,.,.,THR,.,A,336,.,.,.,TYR,.,21.8879,2.80739,3.46085,-13.0722
A,334,.,.,.,THR,.,A,363,.,.,.,THR,.,15.8765,5.70011,3.18905,-17.755
A,334,.,.,.,THR,.,A,364,.,.,.,GLY,.,9.20156,0.559646,3.37155,-2.69486
A,334,.,.,.,THR,.,A,365,.,.,.,SER,.,2.34675,2.34042,4.78539,0.249646
A,334,.,.,.,THR,.,A,366,.,.,.,MET,.,1.63948,0,4.82435,1.20149
A,335,.,.,.,PHE,.,A,336,.,.,.,TYR,.,20.639,0,1.33067,0
A,335,.,.,.,PHE,.,A,337,.,.,.,PRO,.,28.3095,3.69823,3.12971,-14.6378
A,335,.,.,.,PHE,.,A,362,.,.,.,THR,.,0.000218789,0,4.09803,0.000165984
A,335,.,.,.,PHE,.,A,363,.,.,.,THR,.,4.54451,0,3.53185,-3.17078
A,335,.,.,.,PHE,.,A,364,.,.,.,GLY,.,17.1634,0,2.78879,-13.0604
A,335,.,.,.,PHE,.,A,365,.,.,.,SER,.,0.486782,0,5.35639,0.317114
A,335,.,.,.,PHE,.,A,366,.,.,.,MET,.,23.9285,5.03595,4.13534,-32.6579
A,335,.,.,.,PHE,.,A,379,.,.,.,LEU,.,24.6488,2.84724,3.95175,-39.4952
A,335,.,.,.,PHE,.,A,381,.,.,.,LEU,.,0.0311979,0,5.58568,-0.0427693
A,335,.,.,.,PHE,.,A,417,.,.,.,VAL,.,1.09942,3.22696,6.15279,-1.53081
A,336,.,.,.,TYR,.,A,337,.,.,.,PRO,.,22.8434,1.4643,1.33724,0
A,336,.,.,.,TYR,.,A,338,.,.,.,ALA,.,7.77118,5.20567,3.52997,2.48064
A,336,.,.,.,TYR,.,A,362,.,.,.,THR,.,9.97595,3.30041,3.60479,-3.36546
A,336,.,.,.,TYR,.,A,363,.,.,.,THR,.,19.5117,7.44168,3.9652,-9.34221
A,337,.,.,.,PRO,.,A,338,.,.,.,ALA,.,24.2498,2.6431,1.33363,0
A,337,.,.,.,PRO,.,A,339,.,.,.,VAL,.,4.47308,5.19736,4.26982,-1.88309
A,337,.,.,.,PRO,.,A,360,.,.,.,MET,.,0.606265,0.277105,4.09949,0.771876
A,337,.,.,.,PRO,.,A,361,.,.,.,HIS,.,10.6226,2.65126,3.32304,-0.521779
A,337,.,.,.,PRO,.,A,362,.,.,.,THR,.,25.5657,3.28631,3.29383,-3.224
A,337,.,.,.,PRO,.,A,363,.,.,.,THR,.,1.78109,0,4.62094,1.25499
A,337,.,.,.,PRO,.,A,364,.,.,.,GLY,.,3.22935,0,4.43762,2.23094
A,337,.,.,.,PRO,.,A,379,.,.,.,LEU,.,3.01597,1.68619,5.30899,-2.0975
A,337,.,.,.,PRO,.,A,381,.,.,.,LEU,.,10.559,2.65716,4.25432,-9.81786
A,338,.,.,.,ALA,.,A,339,.,.,.,VAL,.,27.8111,6.5984,1.33985,0
A,338,.,.,.,ALA,.,A,360,.,.,.,MET,.,5.10224,1.03446,3.49184,-1.3287
A,338,.,.,.,ALA,.,A,361,.,.,.,HIS,.,12.3753,6.51301,4.10866,-6.5313
A,339,.,.,.,VAL,.,A,340,.,.,.,ASP,.,28.3142,4.04098,1.33284,0
A,339,.,.,.,VAL,.,A,341,.,.,.,VAL,.,8.73908,0,4.09289,-12.6198
A,339,.,.,.,VAL,.,A,358,.,.,.,ILE,.,0.342652,0,4.16832,0.176842
A,339,.,.,.,VAL,.,A,359,.,.,.,GLY,.,5.89094,1.40366,3.58997,-3.10339
A,339,.,.,.,VAL,.,A,360,.,.,.,MET,.,41.6425,7.95821,2.85637,-53.3946
A,340,.,.,.,ASP,.,A,341,.,.,.,VAL,.,20.4626,0,1.33088,0
A,340,.,.,.,ASP,.,A,342,.,.,.,GLN,.,0.958699,1.27757,4.19045,1.15871
A,340,.,.,.,ASP,.,A,357,.,.,.,LEU,.,14.71,8.12887,4.41118,-6.13115
A,340,.,.,.,ASP,.,A,358,.,.,.,ILE,.,5.70012,0.591885,3.65056,0.827792
A,340,.,.,.,ASP,.,A,359,.,.,.,GLY,.,4.46494,0.739725,4.77922,0.175538
A,340,.,.,.,ASP,.,A,389,.,.,.,LYS,.,9.35898,7.92997,4.60157,-13.0815
A,341,.,.,.,VAL,.,A,342,.,.,.,GLN,.,22.2829,0,1.32378,0
A,341,.,.,.,VAL,.,A,343,.,.,.,ALA,.,0.606155,0.265701,5.49135,0.000830861
A,341,.,.,.,VAL,.,A,356,.,.,.,PHE,.,8.49486,2.76007,4.16056,-9.21652
A,341,.,.,.,VAL,.,A,357,.,.,.,LEU,.,9.20593,0,3.59122,-3.52516
A,341,.,.,.,VAL,.,A,358,.,.,.,ILE,.,32.3446,0.179793,2.9162,-46.1679
A,341,.,.,.,VAL,.,A,359,.,.,.,GLY,.,0.00349361,0,5.76667,-0.00209638
A,341,.,.,.,VAL,.,A,360,.,.,.,MET,.,13.6871,0,3.88367,-18.6975
A,341,.,.,.,VAL,.,A,405,.,.,.,MET,.,19.932,1.52223,3.68176,-31.6832
A,342,.,.,.,GLN,.,A,343,.,.,.,ALA,.,22.8865,0,1.32679,0
A,342,.,.,.,GLN,.,A,344,.,.,.,PHE,.,31.988,7.09053,3.39145,-16.4833
A,342,.,.,.,GLN,.,A,354,.,.,.,SER,.,18.5328,6.21305,2.93192,-8.11473
A,342,.,.,.,GLN,.,A,356,.,.,.,PHE,.,9.10785,0,3.36456,-2.5285
A,342,.,.,.,GLN,.,A,357,.,.,.,LEU,.,31.3151,10.4338,3.86883,-8.53316
A,343,.,.,.,ALA,.,A,344,.,.,.,PHE,.,19.815,0,1.32853,0
A,343,.,.,.,ALA,.,A,354,.,.,.,SER,.,3.52481,0,3.76871,0.0890148
A,343,.,.,.,ALA,.,A,355,.,.,.,LEU,.,17.9144,0,2.8089,-15.8091
A,343,.,.,.,ALA,.,A,356,.,.,.,PHE,.,31.0493,0.333628,3.02127,-26.8541
A,344,.,.,.,PHE,.,A,345,.,.,.,ALA,.,18.8897,0,1.32936,0
A,344,.,.,.,PHE,.,A,346,.,.,.,VAL,.,1.75147,0,3.9936,0.0990725
A,344,.,.,.,PHE,.,A,352,.,.,.,LEU,.,31.1366,6.0824,3.78527,-35.705
A,344,.,.,.,PHE,.,A,353,.,.,.,ALA,.,9.31343,0,3.15414,-1.19674
A,344,.,.,.,PHE,.,A,354,.,.,.,SER,.,16.19,2.8185,3.55831,-4.92383
A,344,.,.,.,PHE,.,A,355,.,.,.,LEU,.,7.34115,0,3.95902,0.261602
A,345,.,.,.,ALA,.,A,346,.,.,.,VAL,.,18.6751,0,1.33773,0
A,345,.,.,.,ALA,.,A,347,.,.,.,LEU,.,5.82387,0,3.50709,0.791857
A,345,.,.,.,ALA,.,A,351,.,.,.,ALA,.,1.37198,0,3.67818,0.974098
A,345,.,.,.,ALA,.,A,352,.,.,.,LEU,.,5.2812,0,3.61874,-2.18182
A,345,.,.,.,ALA,.,A,353,.,.,.,ALA,.,18.9026,0,2.81123,-13.666
A,345,.,.,.,ALA,.,A,355,.,.,.,LEU,.,13.5144,0,3.81979,-11.2036
A,346,.,.,.,VAL,.,A,347,.,.,.,LEU,.,27.89,5.52006,1.32859,0
A,346,.,.,.,VAL,.,A,348,.,.,.,PRO,.,0.191088,0.412408,4.1472,0.126209
A,346,.,.,.,VAL,.,A,350,.,.,.,SER,.,16.9044,6.82453,4.13956,-0.778978
A,346,.,.,.,VAL,.,A,351,.,.,.,ALA,.,2.69476,0,3.83039,1.35081
A,346,.,.,.,VAL,.,A,352,.,.,.,LEU,.,14.6667,0.68426,3.97798,-22.8541
A,347,.,.,.,LEU,.,A,348,.,.,.,PRO,.,36.7122,11.2781,1.36286,0
A,347,.,.,.,LEU,.,A,349,.,.,.,ASN,.,13.095,3.90675,3.08143,9.13238
A,347,.,.,.,LEU,.,A,350,.,.,.,SER,.,11.8211,1.43151,2.80941,3.29981
A,347,.,.,.,LEU,.,A,351,.,.,.,ALA,.,25.9561,4.47656,2.83334,-19.1625
A,347,.,.,.,LEU,.,A,352,.,.,.,LEU,.,2.61707,1.24184,4.84585,-1.66226
A,347,.,.,.,LEU,.,A,353,.,.,.,ALA,.,19.3052,4.84122,3.94534,-21.509
A,348,.,.,.,PRO,.,A,349,.,.,.,ASN,.,27.2329,11.6299,1.34964,0
A,348,.,.,.,PRO,.,A,350,.,.,.,SER,.,4.14267,2.36019,3.31212,4.13188
A,349,.,.,.,ASN,.,A,350,.,.,.,SER,.,27.945,9.04758,1.34693,0
A,349,.,.,.,ASN,.,A,351,.,.,.,ALA,.,22.1089,8.04133,3.19299,5.13151
A,350,.,.,.,SER,.,A,351,.,.,.,ALA,.,25.144,4.72919,1.31935,0
A,350,.,.,.,SER,.,A,352,.,.,.,LEU,.,10.112,5.00317,3.77435,2.90178
A,351,.,.,.,ALA,.,A,352,.,.,.,LEU,.,29.2651,8.04123,1.32941,0
A,351,.,.,.,ALA,.,A,353,.,.,.,ALA,.,0.58621,0,3.84379,0.405014
A,352,.,.,.,LEU,.,A,353,.,.,.,ALA,.,20.7156,3.34226,1.32868,0
A,352,.,.,.,LEU,.,A,354,.,.,.,SER,.,3.2649,2.37357,3.84999,2.47345
A,353,.,.,.,ALA,.,A,354,.,.,.,SER,.,24.4371,5.07703,1.32926,0
A,353,.,.,.,ALA,.,A,355,.,.,.,LEU,.,5.29613,0,3.46909,1.47652
A,354,.,.,.,SER,.,A,355,.,.,.,LEU,.,22.7344,0,1.34436,0
A,354,.,.,.,SER,.,A,356,.,.,.,PHE,.,7.86475,1.34443,4.01211,3.07548
A,354,.,.,.,SER,.,A,357,.,.,.,LEU,.,0.718057,1.03593,5.5961,0.0405744
A,354,.,.,.,SER,.,A,390,.,.,.,HIS,.,2.93981,3.51699,5.55822,-1.44242
A,354,.,.,.,SER,.,A,392,.,.,.,ASN,.,29.0281,10.2463,3.22598,-9.9009
A,355,.,.,.,LEU,.,A,356,.,.,.,PHE,.,32.2383,0,1.33392,0
A,355,.,.,.,LEU,.,A,391,.,.,.,SER,.,2.60137,0,3.71026,1.01893
A,355,.,.,.,LEU,.,A,392,.,.,.,ASN,.,13.4515,0,2.74199,0.259164
A,355,.,.,.,LEU,.,A,393,.,.,.,ILE,.,22.6125,0,3.71871,-22.684
A,356,.,.,.,PHE,.,A,357,.,.,.,LEU,.,21.7792,0.625135,1.3249,0
A,356,.,.,.,PHE,.,A,358,.,.,.,ILE,.,12.3228,0.782407,4.09305,-18.4441
A,356,.,.,.,PHE,.,A,388,.,.,.,LEU,.,5.32971,0,4.34545,-9.19057
A,356,.,.,.,PHE,.,A,390,.,.,.,HIS,.,7.64462,1.2554,3.34289,-3.4918
A,356,.,.,.,PHE,.,A,391,.,.,.,SER,.,8.18922,0,4.1556,0.880073
A,356,.,.,.,PHE,.,A,392,.,.,.,ASN,.,0.44184,0.456434,4.63906,0.41079
A,356,.,.,.,PHE,.,A,393,.,.,.,ILE,.,8.93911,0,4.14852,-14.7025
A,356,.,.,.,PHE,.,A,396,.,.,.,PHE,.,14.2661,0,3.91908,-26.4404
A,356,.,.,.,PHE,.,A,401,.,.,.,LEU,.,21.5231,3.09135,3.5398,-38.0669
A,357,.,.,.,LEU,.,A,358,.,.,.,ILE,.,24.6273,0.352933,1.335,0
A,357,.,.,.,LEU,.,A,388,.,.,.,LEU,.,4.99039,0,3.65062,-2.5393
A,357,.,.,.,LEU,.,A,389,.,.,.,LYS,.,26.9243,7.35148,2.79474,-5.1016
A,357,.,.,.,LEU,.,A,390,.,.,.,HIS,.,27.6636,7.86459,2.91097,-18.7678
A,358,.,.,.,ILE,.,A,359,.,.,.,GLY,.,24.1654,0,1.32778,0
A,358,.,.,.,ILE,.,A,360,.,.,.,MET,.,3.59763,0,4.33671,-5.08045
A,358,.,.,.,ILE,.,A,386,.,.,.,LEU,.,13.4397,0,4.29415,-26.5178
A,358,.,.,.,ILE,.,A,387,.,.,.,GLU,.,7.77966,0,3.1847,1.55449
A,358,.,.,.,ILE,.,A,388,.,.,.,LEU,.,11.8912,0,3.9433,-16.4989
A,358,.,.,.,ILE,.,A,389,.,.,.,LYS,.,7.46216,0.509221,4.04198,7.86433
A,358,.,.,.,ILE,.,A,396,.,.,.,PHE,.,0.500465,0,5.40221,-0.905014
A,358,.,.,.,ILE,.,A,398,.,.,.,VAL,.,11.6271,0,3.88986,-20.472
A,358,.,.,.,ILE,.,A,401,.,.,.,LEU,.,16.8757,0.217016,3.89858,-33.5215
A,358,.,.,.,ILE,.,A,405,.,.,.,MET,.,12.6516,0.852915,4.28106,-21.5788
A,359,.,.,.,GLY,.,A,360,.,.,.,MET,.,23.4837,3.03717,1.32479,0
A,359,.,.,.,GLY,.,A,361,.,.,.,HIS,.,1.24257,2.29113,5.50794,-0.553532
A,359,.,.,.,GLY,.,A,385,.,.,.,LEU,.,1.96447,0.349045,3.75578,1.71134
A,359,.,.,.,GLY,.,A,386,.,.,.,LEU,.,6.0708,0,3.39757,-0.973138
A,359,.,.,.,GLY,.,A,387,.,.,.,GLU,.,18.9727,3.00846,2.79424,2.68116
A,359,.,.,.,GLY,.,A,389,.,.,.,LYS,.,17.9842,4.27169,3.93492,10.1065
A,360,.,.,.,MET,.,A,361,.,.,.,HIS,.,29.6459,4.80026,1.33475,0
A,360,.,.,.,MET,.,A,362,.,.,.,THR,.,0.0841423,0.332752,6.25691,-0.0186109
A,360,.,.,.,MET,.,A,384,.,.,.,LEU,.,20.0162,2.82129,4.12738,-29.4315
A,360,.,.,.,MET,.,A,385,.,.,.,LEU,.,7.65878,0,3.33293,-1.66127
A,360,.,.,.,MET,.,A,386,.,.,.,LEU,.,16.0213,0,3.69634,-23.2831
A,360,.,.,.,MET,.,A,405,.,.,.,MET,.,15.3215,0.622709,3.63413,-29.4365
A,360,.,.,.,MET,.,A,409,.,.,.,VAL,.,18.1721,4.48954,3.55519,-28.6971
A,360,.,.,.,MET,.,A,413,.,.,.,VAL,.,1.09989,2.05548,6.25482,-1.18679
A,361,.,.,.,HIS,.,A,362,.,.,.,THR,.,33.492,7.0344,1.32334,0
A,361,.,.,.,HIS,.,A,383,.,.,.,ARG,.,0.606152,0,4.00114,0.438798
A,361,.,.,.,HIS,.,A,384,.,.,.,LEU,.,1.98609,0,4.04655,0.955402
A,361,.,.,.,HIS,.,A,385,.,.,.,LEU,.,50.0831,13.5387,2.92428,-16.107
A,361,.,.,.,HIS,.,A,387,.,.,.,GLU,.,1.61288,4.91757,6.23371,-0.252461
A,362,.,.,.,THR,.,A,363,.,.,.,THR,.,32.9746,6.12268,1.32843,0
A,362,.,.,.,THR,.,A,381,.,.,.,LEU,.,14.0513,1.22336,3.84666,-10.853
A,362,.,.,.,THR,.,A,382,.,.,.,ASP,.,13.2577,0.795868,3.17393,2.30923
A,362,.,.,.,THR,.,A,383,.,.,.,ARG,.,11.066,1.38877,2.63441,2.99373
A,362,.,.,.,THR,.,A,384,.,.,.,LEU,.,15.4575,2.35102,4.11187,-10.565
A,362,.,.,.,THR,.,A,385,.,.,.,LEU,.,4.9045,2.89146,5.3155,-0.702379
A,363,.,.,.,THR,.,A,364,.,.,.,GLY,.,24.44,1.87324,1.31844,0
A,363,.,.,.,THR,.,A,381,.,.,.,LEU,.,2.46077,0,3.91843,0.741947
A,363,.,.,.,THR,.,A,382,.,.,.,ASP,.,31.2061,10.0071,2.92034,-0.095856
A,364,.,.,.,GLY,.,A,365,.,.,.,SER,.,22.828,3.57086,1.32086,0
A,364,.,.,.,GLY,.,A,366,.,.,.,MET,.,0.747514,0,3.90334,0.509913
A,364,.,.,.,GLY,.,A,379,.,.,.,LEU,.,7.69695,0,3.96797,-3.8536
A,364,.,.,.,GLY,.,A,380,.,.,.,LYS,.,5.87063,0,3.09256,0.0858991
A,364,.,.,.,GLY,.,A,381,.,.,.,LEU,.,7.10747,0,4.32333,-1.70182
A,364,.,.,.,GLY,.,A,382,.,.,.,ASP,.,3.1298,1.53856,4.66141,-0.941091
A,365,.,.,.,SER,.,A,366,.,.,.,MET,.,20.9305,1.3643,1.32963,0
A,365,.,.,.,SER,.,A,367,.,.,.,GLU,.,4.02117,3.97868,3.93634,0.576773
A,365,.,.,.,SER,.,A,378,.,.,.,GLU,.,0.756446,0,3.55497,1.00595
A,365,.,.,.,SER,.,A,379,.,.,.,LEU,.,9.08596,0,3.36868,-0.48212
A,365,.,.,.,SER,.,A,380,.,.,.,LYS,.,36.6351,8.55843,2.88238,-4.579
A,365,.,.,.,SER,.,A,382,.,.,.,ASP,.,0.297278,1.33469,5.88799,0.0757743
A,366,.,.,.,MET,.,A,367,.,.,.,GLU,.,24.1871,4.19264,1.32467,0
A,366,.,.,.,MET,.,A,368,.,.,.,VAL,.,16.063,4.04815,3.58394,-12.6257
A,366,.,.,.,MET,.,A,377,.,.,.,GLY,.,7.47189,1.26535,4.60279,-6.01069
A,366,.,.,.,MET,.,A,378,.,.,.,GLU,.,10.0957,0,3.57629,3.957
A,366,.,.,.,MET,.,A,379,.,.,.,LEU,.,16.5194,0.113733,3.95834,-14.8194
A,366,.,.,.,MET,.,A,380,.,.,.,LYS,.,0.287273,0,4.24721,0.434189
A,366,.,.,.,MET,.,A,421,.,.,.,LEU,.,22.9616,8.54447,4.05758,-40.3199
A,367,.,.,.,GLU,.,A,368,.,.,.,VAL,.,26.5943,7.12145,1.32905,0
A,367,.,.,.,GLU,.,A,369,.,.,.,SER,.,1.03637,2.10838,4.30468,0.957189
A,367,.,.,.,GLU,.,A,376,.,.,.,VAL,.,0.614944,0.277341,3.95045,0.745147
A,367,.,.,.,GLU,.,A,377,.,.,.,GLY,.,6.86686,1.14872,3.30667,0.8357
A,367,.,.,.,GLU,.,A,378,.,.,.,GLU,.,28.8966,8.00105,2.98664,16.5756
A,367,.,.,.,GLU,.,A,380,.,.,.,LYS,.,27.5768,7.03884,2.49862,-9.62104
A,368,.,.,.,VAL,.,A,369,.,.,.,SER,.,27.3234,6.42625,1.3338,0
A,368,.,.,.,VAL,.,A,375,.,.,.,LEU,.,19.6879,1.86356,3.10969,-31.0652
A,368,.,.,.,VAL,.,A,376,.,.,.,VAL,.,7.93838,0.359946,3.36041,-9.28424
A,368,.,.,.,VAL,.,A,377,.,.,.,GLY,.,5.44651,1.84705,4.52798,-2.28779
A,368,.,.,.,VAL,.,A,440,.,.,.,LEU,.,16.8096,8.60695,4.07411,-7.05859
A,368,.,.,.,VAL,.,A,447,.,.,.,LEU,.,11.3157,0.313073,4.12497,-14.4103
A,368,.,.,.,VAL,.,A,449,.,.,.,PHE,.,16.734,1.07741,3.70714,-17.7592
A,369,.,.,.,SER,.,A,370,.,.,.,ALA,.,36.6447,7.60319,1.34298,0
A,369,.,.,.,SER,.,A,371,.,.,.,GLU,.,1.41133,1.84335,5.2584,-0.0999275
A,369,.,.,.,SER,.,A,374,.,.,.,ARG,.,0.215432,0,4.00439,0.209083
A,369,.,.,.,SER,.,A,375,.,.,.,LEU,.,11.2803,0,3.23746,-1.4181
A,369,.,.,.,SER,.,A,376,.,.,.,VAL,.,29.6068,5.96313,2.87029,-19.1596
A,369,.,.,.,SER,.,A,438,.,.,.,VAL,.,0.0381215,0.661682,6.1351,6.79219e-05
A,369,.,.,.,SER,.,A,449,.,.,.,PHE,.,7.71394,1.85102,4.73598,-3.3949
A,370,.,.,.,ALA,.,A,371,.,.,.,GLU,.,33.0587,9.45234,1.31929,0
A,370,.,.,.,ALA,.,A,373,.,.,.,ASN,.,1.2278,2.0696,6.0441,1.01772
A,370,.,.,.,ALA,.,A,374,.,.,.,ARG,.,7.56239,0,3.51077,-0.737358
A,370,.,.,.,ALA,.,A,375,.,.,.,LEU,.,3.25482,1.52504,4.92209,-0.366839
A,370,.,.,.,ALA,.,A,376,.,.,.,VAL,.,2.75315,0,4.48753,-0.634025
A,370,.,.,.,ALA,.,A,427,.,.,.,LEU,.,7.40321,2.67377,5.3303,-11.4111
A,370,.,.,.,ALA,.,A,435,.,.,.,LEU,.,7.40062,5.36263,5.80818,-9.57165
A,370,.,.,.,ALA,.,A,438,.,.,.,VAL,.,26.3501,10.914,4.21163,-33.8416
A,370,.,.,.,ALA,.,A,449,.,.,.,PHE,.,6.4944,3.11254,5.38918,-6.93012
A,371,.,.,.,GLU,.,A,372,.,.,.,SER,.,36.9064,12.476,1.32605,0
A,371,.,.,.,GLU,.,A,373,.,.,.,ASN,.,3.10494,0.305641,3.43165,5.82578
A,371,.,.,.,GLU,.,A,374,.,.,.,ARG,.,46.2145,8.62025,2.81047,-37.714
A,371,.,.,.,GLU,.,A,376,.,.,.,VAL,.,16.3247,4.18244,4.1895,-2.5893
A,372,.,.,.,SER,.,A,373,.,.,.,ASN,.,38.3318,10.8209,1.33902,0
A,372,.,.,.,SER,.,A,374,.,.,.,ARG,.,19.235,7.20462,3.19151,2.0341
A,372,.,.,.,SER,.,A,434,.,.,.,GLN,.,10.3833,8.38077,5.19901,-0.178445
A,373,.,.,.,ASN,.,A,374,.,.,.,ARG,.,21.5947,2.6743,1.32955,0
A,373,.,.,.,ASN,.,A,426,.,.,.,PRO,.,4.84532,2.92953,4.02683,-1.13425
A,373,.,.,.,ASN,.,A,427,.,.,.,LEU,.,18.358,1.03995,3.1607,4.40577
A,373,.,.,.,ASN,.,A,429,.,.,.,THR,.,21.907,5.44067,3.69141,-12.6183
A,373,.,.,.,ASN,.,A,433,.,.,.,VAL,.,7.69667,2.64652,4.37695,1.7025
A,373,.,.,.,ASN,.,A,434,.,.,.,GLN,.,16.5909,5.33072,4.60806,1.53427
A,373,.,.,.,ASN,.,A,435,.,.,.,LEU,.,15.7537,5.27751,4.67955,15.3361
A,374,.,.,.,ARG,.,A,375,.,.,.,LEU,.,19.4379,0,1.33294,0
A,374,.,.,.,ARG,.,A,376,.,.,.,VAL,.,17.8019,1.01071,3.75889,-5.36057
A,374,.,.,.,ARG,.,A,422,.,.,.,GLN,.,9.74086,4.66859,3.79242,-3.93172
A,374,.,.,.,ARG,.,A,423,.,.,.,LYS,.,18.0101,8.41177,3.07903,2.33997
A,374,.,.,.,ARG,.,A,424,.,.,.,GLY,.,3.18548,0.565033,4.75197,-0.786458
A,374,.,.,.,ARG,.,A,425,.,.,.,PHE,.,11.6846,0.831649,3.20308,3.25968
A,374,.,.,.,ARG,.,A,426,.,.,.,PRO,.,7.56847,3.6705,4.28658,1.22056
A,374,.,.,.,ARG,.,A,427,.,.,.,LEU,.,14.1449,0,3.73349,7.69133
A,375,.,.,.,LEU,.,A,376,.,.,.,VAL,.,25.9508,3.39774,1.32562,0
A,375,.,.,.,LEU,.,A,424,.,.,.,GLY,.,5.81336,0,3.14143,-1.3762
A,375,.,.,.,LEU,.,A,425,.,.,.,PHE,.,28.4786,8.87817,2.79085,-31.0002
A,375,.,.,.,LEU,.,A,427,.,.,.,LEU,.,22.8139,4.43377,4.09241,-31.2409
A,375,.,.,.,LEU,.,A,449,.,.,.,PHE,.,12.907,3.51168,3.77393,-20.8333
A,376,.,.,.,VAL,.,A,377,.,.,.,GLY,.,24.062,4.53653,1.33108,0
A,376,.,.,.,VAL,.,A,421,.,.,.,LEU,.,5.04311,0.307144,3.54541,-4.57693
A,376,.,.,.,VAL,.,A,422,.,.,.,GLN,.,26.4732,7.90147,3.53282,-2.48627
A,376,.,.,.,VAL,.,A,423,.,.,.,LYS,.,0.649237,0,4.60993,0.280631
A,376,.,.,.,VAL,.,A,424,.,.,.,GLY,.,7.37586,0.0374993,4.10503,-2.29399
A,376,.,.,.,VAL,.,A,425,.,.,.,PHE,.,0.0383647,0.482826,6.12616,-0.00878034
A,377,.,.,.,GLY,.,A,378,.,.,.,GLU,.,20.9811,0.526718,1.3329,0
A,377,.,.,.,GLY,.,A,418,.,.,.,ASN,.,1.41883,0,4.47681,0.408543
A,377,.,.,.,GLY,.,A,421,.,.,.,LEU,.,25.2166,3.9053,2.92149,-0.436611
A,377,.,.,.,GLY,.,A,422,.,.,.,GLN,.,15.5747,1.09784,2.9946,-1.49872
A,378,.,.,.,GLU,.,A,379,.,.,.,LEU,.,18.2211,0.565485,1.34051,0
A,378,.,.,.,GLU,.,A,380,.,.,.,LYS,.,21.6675,5.07124,2.93377,-6.09953
A,378,.,.,.,GLU,.,A,418,.,.,.,ASN,.,24.3335,7.23604,3.62584,0.282788
A,378,.,.,.,GLU,.,A,421,.,.,.,LEU,.,1.53364,0,4.92805,0.429189
A,378,.,.,.,GLU,.,A,422,.,.,.,GLN,.,20.3597,9.78063,3.88605,3.37079
A,379,.,.,.,LEU,.,A,380,.,.,.,LYS,.,29.9637,1.65837,1.35002,0
A,379,.,.,.,LEU,.,A,381,.,.,.,LEU,.,16.1201,1.51385,3.8669,-33.7884
A,379,.,.,.,LEU,.,A,414,.,.,.,LEU,.,22.5879,3.06461,3.53329,-33.5409
A,379,.,.,.,LEU,.,A,417,.,.,.,VAL,.,13.7078,3.2698,4.01181,-22.5442
A,379,.,.,.,LEU,.,A,418,.,.,.,ASN,.,17.5564,0.811889,2.78883,-3.60841
A,379,.,.,.,LEU,.,A,421,.,.,.,LEU,.,8.96915,0.467026,3.93082,-12.2244
A,380,.,.,.,LYS,.,A,381,.,.,.,LEU,.,29.3609,7.32011,1.32059,0
A,380,.,.,.,LYS,.,A,382,.,.,.,ASP,.,0.968594,1.51712,4.30161,0.87804
A,380,.,.,.,LYS,.,A,414,.,.,.,LEU,.,4.41645,2.33848,4.95999,-0.785253
A,381,.,.,.,LEU,.,A,382,.,.,.,ASP,.,36.3221,11.6618,1.32088,0
A,381,.,.,.,LEU,.,A,384,.,.,.,LEU,.,10.4725,2.5353,4.48844,-21.0071
A,381,.,.,.,LEU,.,A,409,.,.,.,VAL,.,16.706,5.36831,3.70309,-31.8633
A,381,.,.,.,LEU,.,A,410,.,.,.,PRO,.,0.967289,1.30291,5.91602,-0.190126
A,381,.,.,.,LEU,.,A,414,.,.,.,LEU,.,25.8414,6.0495,4.06877,-42.3119
A,382,.,.,.,ASP,.,A,383,.,.,.,ARG,.,32.3278,13.368,1.33724,0
A,382,.,.,.,ASP,.,A,384,.,.,.,LEU,.,8.77003,2.6052,3.50959,3.09751
A,383,.,.,.,ARG,.,A,384,.,.,.,LEU,.,29.9913,4.92575,1.33675,0
A,383,.,.,.,ARG,.,A,385,.,.,.,LEU,.,37.0341,15.396,3.56831,-8.17575
A,383,.,.,.,ARG,.,A,402,.,.,.,GLN,.,3.65709,4.52698,5.59769,-0.69576
A,383,.,.,.,ARG,.,A,406,.,.,.,ASN,.,0.677004,2.60547,6.08746,-0.0883227
A,384,.,.,.,LEU,.,A,385,.,.,.,LEU,.,24.018,2.02459,1.33195,0
A,384,.,.,.,LEU,.,A,386,.,.,.,LEU,.,9.71548,0,3.8938,-7.47026
A,384,.,.,.,LEU,.,A,402,.,.,.,GLN,.,19.3304,3.20737,3.09811,0.0241424
A,384,.,.,.,LEU,.,A,405,.,.,.,MET,.,9.2339,0,3.63483,-7.71985
A,384,.,.,.,LEU,.,A,406,.,.,.,ASN,.,19.3346,4.93251,3.76801,4.60232
A,384,.,.,.,LEU,.,A,409,.,.,.,VAL,.,19.7251,2.25354,3.68758,-29.0451
A,384,.,.,.,LEU,.,A,410,.,.,.,PRO,.,3.1945,2.05073,5.06826,0.344252
A,385,.,.,.,LEU,.,A,386,.,.,.,LEU,.,28.9192,7.9254,1.33687,0
A,385,.,.,.,LEU,.,A,387,.,.,.,GLU,.,0.19297,0.826898,4.35767,0.121016
A,385,.,.,.,LEU,.,A,402,.,.,.,GLN,.,0.0862992,0.36538,5.43665,0.0551895
A,386,.,.,.,LEU,.,A,387,.,.,.,GLU,.,25.3946,6.97139,1.32961,0
A,386,.,.,.,LEU,.,A,398,.,.,.,VAL,.,30.5655,5.96689,3.72656,-25.7974
A,386,.,.,.,LEU,.,A,399,.,.,.,GLU,.,1.73343,1.58603,5.40633,0.893868
A,386,.,.,.,LEU,.,A,401,.,.,.,LEU,.,7.05745,0,3.96434,-8.84347
A,386,.,.,.,LEU,.,A,402,.,.,.,GLN,.,27.1634,3.98098,3.73554,1.90668
A,386,.,.,.,LEU,.,A,405,.,.,.,MET,.,13.939,0,4.18273,-20.0462
A,387,.,.,.,GLU,.,A,388,.,.,.,LEU,.,30.6813,7.95196,1.33116,0
A,387,.,.,.,GLU,.,A,389,.,.,.,LYS,.,28.9118,10.2693,3.51118,-18.7947
A,387,.,.,.,GLU,.,A,398,.,.,.,VAL,.,9.19849,1.46673,3.82196,4.35571
A,388,.,.,.,LEU,.,A,389,.,.,.,LYS,.,28.6131,6.4252,1.33706,0
A,388,.,.,.,LEU,.,A,390,.,.,.,HIS,.,12.9371,1.48247,3.41288,3.34612
A,388,.,.,.,LEU,.,A,391,.,.,.,SER,.,11.0099,2.67086,4.52005,-7.92025
A,388,.,.,.,LEU,.,A,394,.,.,.,GLY,.,0.129562,0,5.3677,0.0473399
A,388,.,.,.,LEU,.,A,395,.,.,.,PRO,.,4.40433,3.15733,5.38793,-0.832705
A,388,.,.,.,LEU,.,A,396,.,.,.,PHE,.,32.7517,4.3555,3.63531,-32.546
A,388,.,.,.,LEU,.,A,398,.,.,.,VAL,.,21.6286,4.17149,3.64396,-10.6844
A,389,.,.,.,LYS,.,A,390,.,.,.,HIS,.,29.7759,9.68633,1.32577,0
A,390,.,.,.,HIS,.,A,391,.,.,.,SER,.,37.2984,8.14921,1.33961,0
A,390,.,.,.,HIS,.,A,392,.,.,.,ASN,.,21.0281,9.37329,3.25866,-11.2075
A,391,.,.,.,SER,.,A,392,.,.,.,ASN,.,24.0921,4.22243,1.33193,0
A,391,.,.,.,SER,.,A,393,.,.,.,ILE,.,9.59613,0,3.11213,2.62987
A,391,.,.,.,SER,.,A,394,.,.,.,GLY,.,19.0789,4.93546,2.70238,-1.3282
A,391,.,.,.,SER,.,A,395,.,.,.,PRO,.,1.80761,1.81013,5.25827,0.249483
A,391,.,.,.,SER,.,A,396,.,.,.,PHE,.,7.7639,0,3.65793,-4.31736
A,392,.,.,.,ASN,.,A,393,.,.,.,ILE,.,24.6528,1.61628,1.33655,0
A,392,.,.,.,ASN,.,A,394,.,.,.,GLY,.,3.7002,3.18873,3.60459,1.66006
A,393,.,.,.,ILE,.,A,394,.,.,.,GLY,.,28.9221,4.48852,1.32793,0
A,393,.,.,.,ILE,.,A,395,.,.,.,PRO,.,0.00025126,0,4.85912,0.000279997
A,393,.,.,.,ILE,.,A,396,.,.,.,PHE,.,12.7245,0,3.81486,-21.414
A,394,.,.,.,GLY,.,A,395,.,.,.,PRO,.,36.9792,12.075,1.34611,0
A,394,.,.,.,GLY,.,A,396,.,.,.,PHE,.,6.31486,0,3.4902,-1.71362
A,395,.,.,.,PRO,.,A,396,.,.,.,PHE,.,30.6508,9.14576,1.33307,0
A,396,.,.,.,PHE,.,A,397,.,.,.,PRO,.,39.7855,11.6571,1.33759,0
A,396,.,.,.,PHE,.,A,398,.,.,.,VAL,.,12.2843,1.07875,3.48641,-0.57844
A,396,.,.,.,PHE,.,A,400,.,.,.,LEU,.,7.54132,0.457154,4.49972,-12.3068
A,396,.,.,.,PHE,.,A,401,.,.,.,LEU,.,14.1072,0,3.86195,-23.4418
A,397,.,.,.,PRO,.,A,398,.,.,.,VAL,.,18.3986,2.41694,1.32197,0
A,397,.,.,.,PRO,.,A,399,.,.,.,GLU,.,21.2163,9.18948,2.92293,9.79868
A,397,.,.,.,PRO,.,A,400,.,.,.,LEU,.,29.9692,7.98558,3.04911,-3.93859
A,397,.,.,.,PRO,.,A,401,.,.,.,LEU,.,0.0697103,0,4.71826,0.0477193
A,398,.,.,.,VAL,.,A,399,.,.,.,GLU,.,36.279,9.08902,1.33923,0
A,398,.,.,.,VAL,.,A,400,.,.,.,LEU,.,2.48152,0,3.05302,6.43117
A,398,.,.,.,VAL,.,A,401,.,.,.,LEU,.,17.0748,0,2.9075,-19.3832
A,398,.,.,.,VAL,.,A,402,.,.,.,GLN,.,1.45075,0,3.89591,1.43245
A,399,.,.,.,GLU,.,A,400,.,.,.,LEU,.,24.6625,7.61386,1.3287,0
A,399,.,.,.,GLU,.,A,401,.,.,.,LEU,.,1.88215,0,3.00885,5.7246
A,399,.,.,.,GLU,.,A,402,.,.,.,GLN,.,25.7558,10.9174,3.09068,18.6413
A,399,.,.,.,GLU,.,A,403,.,.,.,ASP,.,0.982134,1.33226,4.76306,1.41218
A,400,.,.,.,LEU,.,A,401,.,.,.,LEU,.,21.423,0,1.33116,0
A,400,.,.,.,LEU,.,A,402,.,.,.,GLN,.,2.07705,0,3.3701,3.59324
A,400,.,.,.,LEU,.,A,403,.,.,.,ASP,.,6.10142,4.58932,4.65798,0.583905
A,400,.,.,.,LEU,.,A,404,.,.,.,ILE,.,2.08868,1.41052,5.12176,0.788104
A,401,.,.,.,LEU,.,A,402,.,.,.,GLN,.,16.4201,0,1.33323,0
A,401,.,.,.,LEU,.,A,403,.,.,.,ASP,.,2.18796,0,3.39855,4.39543
A,401,.,.,.,LEU,.,A,404,.,.,.,ILE,.,22.6796,1.55142,3.12293,-23.6318
A,401,.,.,.,LEU,.,A,405,.,.,.,MET,.,16.0689,2.11488,3.08116,-12.967
A,402,.,.,.,GLN,.,A,403,.,.,.,ASP,.,26.4268,4.8668,1.33688,0
A,402,.,.,.,GLN,.,A,404,.,.,.,ILE,.,0.699922,0,3.39297,1.67986
A,402,.,.,.,GLN,.,A,405,.,.,.,MET,.,8.1828,0,3.26354,0.739339
A,402,.,.,.,GLN,.,A,406,.,.,.,ASN,.,33.3872,6.09885,2.82032,-7.31518
A,403,.,.,.,ASP,.,A,404,.,.,.,ILE,.,19.3887,0.864848,1.32946,0
A,403,.,.,.,ASP,.,A,405,.,.,.,MET,.,0.854339,0,3.22142,1.21908
A,403,.,.,.,ASP,.,A,406,.,.,.,ASN,.,17.0758,7.31132,3.32255,-2.66975
A,403,.,.,.,ASP,.,A,407,.,.,.,TYR,.,8.85762,1.38615,3.26364,-0.574542
A,404,.,.,.,ILE,.,A,405,.,.,.,MET,.,26.3403,0.702087,1.33618,0
A,404,.,.,.,ILE,.,A,406,.,.,.,ASN,.,0.781511,0,3.31504,1.46354
A,404,.,.,.,ILE,.,A,407,.,.,.,TYR,.,8.43277,0,3.26054,-5.16109
A,404,.,.,.,ILE,.,A,408,.,.,.,ILE,.,26.3074,1.058,2.93312,-39.0205
A,405,.,.,.,MET,.,A,406,.,.,.,ASN,.,16.9771,0,1.33826,0
A,405,.,.,.,MET,.,A,407,.,.,.,TYR,.,2.46706,0,3.08681,3.31352
A,405,.,.,.,MET,.,A,408,.,.,.,ILE,.,19.9714,0.975696,3.55901,-27.2995
A,405,.,.,.,MET,.,A,409,.,.,.,VAL,.,16.6722,0.407126,3.09205,-17.2597
A,405,.,.,.,MET,.,A,410,.,.,.,PRO,.,0.792755,0,4.27202,-0.0824727
A,406,.,.,.,ASN,.,A,407,.,.,.,TYR,.,20.6357,4.5281,1.33828,0
A,406,.,.,.,ASN,.,A,409,.,.,.,VAL,.,0.00729711,0,4.59537,0.0111139
A,406,.,.,.,ASN,.,A,410,.,.,.,PRO,.,17.9131,6.79975,3.06522,-0.793375
A,407,.,.,.,TYR,.,A,408,.,.,.,ILE,.,28.4641,0.755702,1.3277,0
A,407,.,.,.,TYR,.,A,409,.,.,.,VAL,.,2.0049,0,3.14896,4.44313
A,407,.,.,.,TYR,.,A,410,.,.,.,PRO,.,7.99055,0.651664,3.28345,0.535493
A,407,.,.,.,TYR,.,A,411,.,.,.,ILE,.,38.6266,4.28101,3.11883,-37.8223
A,407,.,.,.,TYR,.,A,412,.,.,.,LEU,.,4.01693,0,5.42725,-4.49516
A,408,.,.,.,ILE,.,A,409,.,.,.,VAL,.,22.2442,0.534233,1.32825,0
A,408,.,.,.,ILE,.,A,410,.,.,.,PRO,.,0.060659,0,3.72447,0.147213
A,408,.,.,.,ILE,.,A,411,.,.,.,ILE,.,2.85715,0,3.81106,-0.306146
A,408,.,.,.,ILE,.,A,412,.,.,.,LEU,.,22.7375,0,2.94167,-24.4264
A,408,.,.,.,ILE,.,A,413,.,.,.,VAL,.,14.4543,0.319351,3.13749,-23.9054
A,409,.,.,.,VAL,.,A,410,.,.,.,PRO,.,28.8788,1.90398,1.36118,0
A,409,.,.,.,VAL,.,A,411,.,.,.,ILE,.,1.66936,0,3.30462,3.06019
A,409,.,.,.,VAL,.,A,412,.,.,.,LEU,.,1.11441,0,3.84997,-1.68056
A,409,.,.,.,VAL,.,A,413,.,.,.,VAL,.,22.204,4.25849,3.12632,-30.8539
A,409,.,.,.,VAL,.,A,414,.,.,.,LEU,.,12.8987,0.979043,2.78058,-14.2059
A,409,.,.,.,VAL,.,A,415,.,.,.,PRO,.,1.48045,0,3.96515,-0.203573
A,410,.,.,.,PRO,.,A,411,.,.,.,ILE,.,31.2682,8.94932,1.32543,0
A,410,.,.,.,PRO,.,A,412,.,.,.,LEU,.,0.261031,0,3.6835,0.564156
A,410,.,.,.,PRO,.,A,414,.,.,.,LEU,.,18.1054,7.26044,4.11172,0.0729729
A,410,.,.,.,PRO,.,A,415,.,.,.,PRO,.,14.4847,4.91425,3.28428,-4.64649
A,411,.,.,.,ILE,.,A,412,.,.,.,LEU,.,33.9209,3.23778,1.33694,0
A,411,.,.,.,ILE,.,A,415,.,.,.,PRO,.,13.2984,4.65815,3.41956,4.10987
A,411,.,.,.,ILE,.,A,416,.,.,.,ARG,.,2.7618,1.93824,4.76466,-0.811143
A,412,.,.,.,LEU,.,A,413,.,.,.,VAL,.,19.3547,0,1.3317,0
A,412,.,.,.,LEU,.,A,415,.,.,.,PRO,.,6.51333,0,3.79054,7.73964
A,412,.,.,.,LEU,.,A,416,.,.,.,ARG,.,20.4276,4.90367,3.27221,-4.76669
A,413,.,.,.,VAL,.,A,414,.,.,.,LEU,.,20.6324,2.45165,1.33729,0
A,413,.,.,.,VAL,.,A,415,.,.,.,PRO,.,4.46868,0,3.27416,3.99663
A,413,.,.,.,VAL,.,A,416,.,.,.,ARG,.,10.7429,1.18298,3.15476,-2.29674
A,413,.,.,.,VAL,.,A,417,.,.,.,VAL,.,13.9395,6.47423,3.51193,-19.4222
A,414,.,.,.,LEU,.,A,415,.,.,.,PRO,.,23.934,2.12679,1.33571,0
A,414,.,.,.,LEU,.,A,416,.,.,.,ARG,.,1.06031,0,3.21727,2.00785
A,414,.,.,.,LEU,.,A,417,.,.,.,VAL,.,19.425,2.07839,3.01836,-19.14
A,414,.,.,.,LEU,.,A,418,.,.,.,ASN,.,21.9709,3.92897,2.93506,1.55423
A,415,.,.,.,PRO,.,A,416,.,.,.,ARG,.,33.3916,4.64703,1.32984,0
A,415,.,.,.,PRO,.,A,417,.,.,.,VAL,.,1.12356,0,3.12748,2.07975
A,415,.,.,.,PRO,.,A,418,.,.,.,ASN,.,11.8053,4.68521,3.26854,0.98772
A,415,.,.,.,PRO,.,A,419,.,.,.,GLU,.,17.3497,3.78771,2.87582,11.837
A,416,.,.,.,ARG,.,A,417,.,.,.,VAL,.,22.7001,4.81467,1.31952,0
A,416,.,.,.,ARG,.,A,418,.,.,.,ASN,.,0.300619,0,3.47086,0.511714
A,416,.,.,.,ARG,.,A,419,.,.,.,GLU,.,36.2109,14.3052,2.41031,-36.0032
A,416,.,.,.,ARG,.,A,420,.,.,.,LYS,.,10.8174,4.68963,3.50074,4.6849
A,417,.,.,.,VAL,.,A,418,.,.,.,ASN,.,18.5019,0,1.33246,0
A,417,.,.,.,VAL,.,A,419,.,.,.,GLU,.,1.42303,0,3.24985,3.41028
A,417,.,.,.,VAL,.,A,420,.,.,.,LYS,.,10.9436,3.56603,3.14695,3.59331
A,417,.,.,.,VAL,.,A,421,.,.,.,LEU,.,23.5647,5.15587,2.9931,-29.9486
A,418,.,.,.,ASN,.,A,419,.,.,.,GLU,.,19.4465,3.13513,1.3433,0
A,418,.,.,.,ASN,.,A,420,.,.,.,LYS,.,0.910587,0,3.2312,1.55316
A,418,.,.,.,ASN,.,A,421,.,.,.,LEU,.,15.3659,0,3.43502,6.88331
A,418,.,.,.,ASN,.,A,422,.,.,.,GLN,.,15.4572,2.40354,2.94647,-0.47187
A,419,.,.,.,GLU,.,A,420,.,.,.,LYS,.,21.2432,3.82497,1.32963,0
A,419,.,.,.,GLU,.,A,421,.,.,.,LEU,.,0.556646,0,3.44552,1.38803
A,419,.,.,.,GLU,.,A,422,.,.,.,GLN,.,10.4557,4.86963,3.52902,10.5383
A,419,.,.,.,GLU,.,A,423,.,.,.,LYS,.,12.3363,5.07737,3.20355,-3.12595
A,420,.,.,.,LYS,.,A,421,.,.,.,LEU,.,22.5066,2.82494,1.35051,0
A,420,.,.,.,LYS,.,A,422,.,.,.,GLN,.,1.20798,0,3.23005,2.45435
A,420,.,.,.,LYS,.,A,423,.,.,.,LYS,.,35.277,6.32883,3.25409,20.0936
A,420,.,.,.,LYS,.,A,424,.,.,.,GLY,.,8.86468,0,3.26096,1.00913
A,420,.,.,.,LYS,.,A,425,.,.,.,PHE,.,19.5092,2.59651,4.25686,-5.30085
A,421,.,.,.,LEU,.,A,422,.,.,.,GLN,.,15.9648,0,1.32692,0
A,421,.,.,.,LEU,.,A,423,.,.,.,LYS,.,0.717567,0,3.3451,1.44049
A,421,.,.,.,LEU,.,A,424,.,.,.,GLY,.,8.49324,0.0327962,3.25712,-0.348001
A,421,.,.,.,LEU,.,A,425,.,.,.,PHE,.,18.2886,9.73137,4.71917,-25.3156
A,422,.,.,.,GLN,.,A,423,.,.,.,LYS,.,21.3953,3.43477,1.33683,0
A,422,.,.,.,GLN,.,A,424,.,.,.,GLY,.,2.26383,0,3.05616,2.46572
A,423,.,.,.,LYS,.,A,424,.,.,.,GLY,.,29.1363,3.66718,1.32643,0
A,424,.,.,.,GLY,.,A,425,.,.,.,PHE,.,34.9439,1.94735,1.33077,0
A,424,.,.,.,GLY,.,A,426,.,.,.,PRO,.,0.346299,0.95039,4.76219,0.112838
A,425,.,.,.,PHE,.,A,426,.,.,.,PRO,.,29.9571,3.12803,1.33326,0
A,425,.,.,.,PHE,.,A,427,.,.,.,LEU,.,2.63452,0.274066,3.6216,-0.0431475
A,426,.,.,.,PRO,.,A,427,.,.,.,LEU,.,26.7662,4.95658,1.34377,0
A,427,.,.,.,LEU,.,A,428,.,.,.,PRO,.,28.3538,1.43543,1.32911,0
A,427,.,.,.,LEU,.,A,429,.,.,.,THR,.,19.8026,3.87227,2.96336,-5.34343
A,427,.,.,.,LEU,.,A,435,.,.,.,LEU,.,18.5407,6.2321,4.017,-35.9561
A,428,.,.,.,PRO,.,A,429,.,.,.,THR,.,19.9742,3.38093,1.32134,0
A,428,.,.,.,PRO,.,A,430,.,.,.,PRO,.,3.70236,2.04134,3.84093,1.70423
A,429,.,.,.,THR,.,A,430,.,.,.,PRO,.,34.7465,7.12271,1.34233,0
A,429,.,.,.,THR,.,A,433,.,.,.,VAL,.,18.705,1.97226,4.10088,-12.2127
A,429,.,.,.,THR,.,A,434,.,.,.,GLN,.,0.746006,0,5.55024,0.31994
A,429,.,.,.,THR,.,A,435,.,.,.,LEU,.,16.9753,4.01361,4.13467,-11.5166
A,430,.,.,.,PRO,.,A,431,.,.,.,ALA,.,23.7124,4.2319,1.33397,0
A,430,.,.,.,PRO,.,A,432,.,.,.,ARG,.,1.74794,1.29712,3.58075,1.29005
A,430,.,.,.,PRO,.,A,433,.,.,.,VAL,.,27.5686,7.57607,3.59308,-7.97748
A,431,.,.,.,ALA,.,A,432,.,.,.,ARG,.,40.2664,10.4326,1.32995,0
A,431,.,.,.,ALA,.,A,433,.,.,.,VAL,.,5.369,0,3.10356,1.90898
A,431,.,.,.,ALA,.,A,455,.,.,.,TYR,.,2.36776,0,4.11722,-0.490267
A,432,.,.,.,ARG,.,A,433,.,.,.,VAL,.,21.6854,3.22785,1.32911,0
A,432,.,.,.,ARG,.,A,434,.,.,.,GLN,.,1.07379,1.2284,5.26114,0.13559
A,432,.,.,.,ARG,.,A,454,.,.,.,VAL,.,0.592157,0,3.78517,0.238389
A,432,.,.,.,ARG,.,A,455,.,.,.,TYR,.,34.424,6.94976,2.5832,-31.0057
A,432,.,.,.,ARG,.,A,456,.,.,.,LYS,.,40.0373,12.2034,3.12076,19.2422
A,433,.,.,.,VAL,.,A,434,.,.,.,GLN,.,29.4742,1.99872,1.33964,0
A,433,.,.,.,VAL,.,A,435,.,.,.,LEU,.,6.72017,1.09332,4.60396,-12.2298
A,433,.,.,.,VAL,.,A,453,.,.,.,VAL,.,23.4709,7.2019,3.88034,-45.0173
A,433,.,.,.,VAL,.,A,454,.,.,.,VAL,.,4.66576,0,3.55548,-6.5876
A,433,.,.,.,VAL,.,A,455,.,.,.,TYR,.,12.8011,2.19573,4.12394,-14.8607
A,433,.,.,.,VAL,.,A,456,.,.,.,LYS,.,1.04294,0,4.42304,1.8702
A,434,.,.,.,GLN,.,A,435,.,.,.,LEU,.,30.737,4.88619,1.33627,0
A,434,.,.,.,GLN,.,A,436,.,.,.,TYR,.,1.3765,0,4.10757,0.0290503
A,434,.,.,.,GLN,.,A,452,.,.,.,ASP,.,0.315759,0,4.04274,0.454529
A,434,.,.,.,GLN,.,A,453,.,.,.,VAL,.,5.71831,0,3.62913,-1.6282
A,434,.,.,.,GLN,.,A,454,.,.,.,VAL,.,27.479,4.58996,3.02864,-16.4997
A,434,.,.,.,GLN,.,A,456,.,.,.,LYS,.,27.6782,10.7379,3.2552,11.6741
A,435,.,.,.,LEU,.,A,436,.,.,.,TYR,.,26.6707,6.47427,1.34322,0
A,435,.,.,.,LEU,.,A,438,.,.,.,VAL,.,11.6967,3.35835,4.58836,-10.0236
A,435,.,.,.,LEU,.,A,451,.,.,.,ALA,.,12.6158,3.12892,4.55182,-13.5956
A,435,.,.,.,LEU,.,A,452,.,.,.,ASP,.,6.63781,0,3.54377,1.72379
A,435,.,.,.,LEU,.,A,453,.,.,.,VAL,.,11.7912,1.39566,3.74706,-21.5327
A,435,.,.,.,LEU,.,A,454,.,.,.,VAL,.,0.889792,0.383318,5.39827,-0.478645
A,436,.,.,.,TYR,.,A,437,.,.,.,ASN,.,47.298,13.777,1.33553,0
A,436,.,.,.,TYR,.,A,438,.,.,.,VAL,.,11.8362,1.9382,3.09716,3.3354
A,436,.,.,.,TYR,.,A,451,.,.,.,ALA,.,5.90995,0,3.53857,-0.477955
A,436,.,.,.,TYR,.,A,452,.,.,.,ASP,.,34.7732,1.40916,2.79739,-11.2963
A,436,.,.,.,TYR,.,A,453,.,.,.,VAL,.,11.4781,1.63986,3.66636,1.18878
A,436,.,.,.,TYR,.,A,454,.,.,.,VAL,.,22.0841,9.48566,3.92165,-21.2593
A,437,.,.,.,ASN,.,A,438,.,.,.,VAL,.,25.4994,7.08107,1.32883,0
A,437,.,.,.,ASN,.,A,439,.,.,.,VAL,.,1.31437,0,3.66325,0.847438
A,437,.,.,.,ASN,.,A,450,.,.,.,GLY,.,0.865439,0,3.72996,0.775311
A,437,.,.,.,ASN,.,A,451,.,.,.,ALA,.,2.8399,0,3.9391,0.0604396
A,437,.,.,.,ASN,.,A,452,.,.,.,ASP,.,20.9035,5.95907,3.16209,-9.35672
A,438,.,.,.,VAL,.,A,439,.,.,.,VAL,.,28.073,8.13318,1.32255,0
A,438,.,.,.,VAL,.,A,449,.,.,.,PHE,.,12.5788,5.323,5.09413,-15.8593
A,438,.,.,.,VAL,.,A,450,.,.,.,GLY,.,6.15505,0,3.2711,-3.56714
A,438,.,.,.,VAL,.,A,451,.,.,.,ALA,.,11.7438,2.38677,4.02761,-14.7468
A,439,.,.,.,VAL,.,A,440,.,.,.,LEU,.,35.7556,10.1715,1.32618,0
A,439,.,.,.,VAL,.,A,441,.,.,.,GLN,.,13.6791,9.38454,5.5028,-1.10461
A,439,.,.,.,VAL,.,A,448,.,.,.,LEU,.,1.24033,0.26058,3.87366,0.152327
A,439,.,.,.,VAL,.,A,449,.,.,.,PHE,.,11.0851,0.45195,3.35889,-9.56208
A,439,.,.,.,VAL,.,A,450,.,.,.,GLY,.,24.0018,2.29579,2.86967,-17.4812
A,440,.,.,.,LEU,.,A,441,.,.,.,GLN,.,28.9781,3.72344,1.31309,0
A,440,.,.,.,LEU,.,A,442,.,.,.,PRO,.,20.9078,9.06155,4.12906,-3.37688
A,440,.,.,.,LEU,.,A,447,.,.,.,LEU,.,17.8671,1.89042,3.44815,-21.91
A,440,.,.,.,LEU,.,A,448,.,.,.,LEU,.,11.5202,0,3.46543,-6.43714
A,440,.,.,.,LEU,.,A,449,.,.,.,PHE,.,26.2968,2.61166,3.34208,-41.4295
A,441,.,.,.,GLN,.,A,442,.,.,.,PRO,.,27.8083,5.88935,1.33309,0
A,441,.,.,.,GLN,.,A,443,.,.,.,HIS,.,25.1526,7.38964,2.80269,-12.4381
A,441,.,.,.,GLN,.,A,447,.,.,.,LEU,.,0.737793,0,4.17023,0.60078
A,441,.,.,.,GLN,.,A,448,.,.,.,LEU,.,39.7905,5.26198,2.97246,-8.0806
A,441,.,.,.,GLN,.,A,450,.,.,.,GLY,.,0.119475,0.818663,6.14979,0.0579538
A,442,.,.,.,PRO,.,A,443,.,.,.,HIS,.,25.7389,3.63917,1.31515,0
A,442,.,.,.,PRO,.,A,446,.,.,.,PHE,.,0.43923,0,4.13736,0.172288
A,442,.,.,.,PRO,.,A,447,.,.,.,LEU,.,15.3864,0.323511,3.6612,-7.73149
A,443,.,.,.,HIS,.,A,444,.,.,.,GLN,.,23.9664,4.29762,1.32314,0
A,443,.,.,.,HIS,.,A,445,.,.,.,ASN,.,1.81225,0,3.13698,-1.02996
A,443,.,.,.,HIS,.,A,446,.,.,.,PHE,.,38.5514,2.20795,2.84097,-31.4732
A,443,.,.,.,HIS,.,A,447,.,.,.,LEU,.,0.0474914,0,4.63903,0.0670256
A,443,.,.,.,HIS,.,A,448,.,.,.,LEU,.,12.7023,0.211202,3.91817,-3.72016
A,444,.,.,.,GLN,.,A,445,.,.,.,ASN,.,41.8184,12.6433,1.32696,0
A,444,.,.,.,GLN,.,A,446,.,.,.,PHE,.,13.7477,3.32728,3.23625,5.06771
A,445,.,.,.,ASN,.,A,446,.,.,.,PHE,.,20.4402,0,1.32131,0
A,446,.,.,.,PHE,.,A,447,.,.,.,LEU,.,21.846,0,1.32202,0
A,446,.,.,.,PHE,.,A,448,.,.,.,LEU,.,14.6537,0,3.94104,-17.9099
A,447,.,.,.,LEU,.,A,448,.,.,.,LEU,.,18.0765,0,1.3343,0
A,447,.,.,.,LEU,.,A,449,.,.,.,PHE,.,13.1751,0,4.02957,-16.3089
A,448,.,.,.,LEU,.,A,449,.,.,.,PHE,.,23.0967,0,1.33292,0
A,448,.,.,.,LEU,.,A,450,.,.,.,GLY,.,3.73979,1.36279,4.07546,1.81077
A,449,.,.,.,PHE,.,A,450,.,.,.,GLY,.,21.3712,0,1.31717,0
A,449,.,.,.,PHE,.,A,451,.,.,.,ALA,.,3.85593,4.26027,4.26264,-0.479384
A,450,.,.,.,GLY,.,A,451,.,.,.,ALA,.,19.4414,0,1.32912,0
A,451,.,.,.,ALA,.,A,452,.,.,.,ASP,.,21.4938,0,1.34684,0
A,451,.,.,.,ALA,.,A,453,.,.,.,VAL,.,0.0915871,0,5.15999,0.0024304
A,452,.,.,.,ASP,.,A,453,.,.,.,VAL,.,19.9899,0,1.3246,0
A,453,.,.,.,VAL,.,A,454,.,.,.,VAL,.,23.2119,0.865053,1.3248,0
A,453,.,.,.,VAL,.,A,455,.,.,.,TYR,.,3.46182,0.679314,4.35651,-3.38554
A,454,.,.,.,VAL,.,A,455,.,.,.,TYR,.,20.7337,1.48144,1.33658,0
A,454,.,.,.,VAL,.,A,456,.,.,.,LYS,.,25.0911,7.48679,3.2842,2.10821
A,455,.,.,.,TYR,.,A,456,.,.,.,LYS,.,46.2419,12.383,1.3301,0
