ID_chainID,ID_resSeq,ID_iCode,ID_serial,ID_altLoc,ID_resName,ID_name,atom_index,residue_index,atom_type,residue_type,center_x,center_y,center_z,radius,sas_area,solvdir_x,solvdir_y,solvdir_z,voromqa_sas_energy,voromqa_depth,voromqa_score_a,voromqa_score_r,volume,volume_vdw,ev14,ev28,ev56,ufsr_a1,ufsr_a2,ufsr_a3,ufsr_b1,ufsr_b2,ufsr_b3,ufsr_c1,ufsr_c2,ufsr_c3,buriedness,pocketness
A,1,.,.,.,SER,N,0,0,119,15,17.789,13.426,41.849,1.7,37.8679,-0.41615,0.220331,0.882198,46.0762,1,0.167149,0.195919,58.6897,15.1579,0.0109375,0.0104089,0.00957484,23.1734,83.5535,-84.9096,27.9311,91.4596,-414.321,28.276,111.423,-409.337,0.0293851,0
A,1,.,.,.,SER,CA,1,0,117,15,18.347,13.052,40.513,1.9,0.108963,0.546317,0.806292,0.226786,0.0607435,1,0.257622,0.195919,18.6633,13.3717,0.0120735,0.0110812,0.0094027,23.1734,83.5535,-84.9096,27.9311,91.4596,-414.321,28.276,111.423,-409.337,0.0322442,0
A,1,.,.,.,SER,C,2,0,116,15,17.989,14.066,39.425,1.75,0.731209,-0.223987,-0.349983,-0.909583,1.26972,1,0.08339,0.195919,13.2342,8.74278,0.715263,0.625206,2,23.1734,83.5535,-84.9096,27.9311,91.4596,-414.321,28.276,111.423,-409.337,0.0322675,0
A,1,.,.,.,SER,O,3,0,120,15,18.792,14.352,38.545,1.49,6.00002,0.0476633,-0.636639,-0.769688,1.80692,1,0.281831,0.195919,23.6143,9.04298,0.739022,0.677107,2,23.1734,83.5535,-84.9096,27.9311,91.4596,-414.321,28.276,111.423,-409.337,0.0402253,0
A,1,.,.,.,SER,CB,4,0,118,15,17.835,11.67,40.088,1.91,39.0292,-0.575629,-0.553574,-0.601837,-10.1322,1,0.0908481,0.195919,62.2979,19.38,0.0191382,0.0189643,0.0170917,23.1734,83.5535,-84.9096,27.9311,91.4596,-414.321,28.276,111.423,-409.337,0.0410793,0
A,1,.,.,.,SER,OG,5,0,121,15,18.525,10.617,40.746,1.54,36.1681,0.144656,-0.972337,0.183399,-5.2166,1,0.294673,0.195919,47.7726,10.3727,0.0513805,0.0513135,0.0494037,23.1734,83.5535,-84.9096,27.9311,91.4596,-414.321,28.276,111.423,-409.337,0.0293755,0
A,2,.,.,.,SER,N,6,1,119,15,16.788,14.618,39.497,1.7,2.60958,-0.714149,-0.138498,0.686155,3.17524,1,0.140083,0.190963,18.5337,9.90615,0.00937017,0.00796199,0.00608391,22.2856,72.2097,-82.5505,27.9311,91.4596,-414.321,28.276,111.423,-409.337,0.0461924,0
A,2,.,.,.,SER,CA,7,1,117,15,16.317,15.574,38.495,1.9,2.55593,0.0891766,-0.695484,-0.712987,1.42485,1,0.148303,0.190963,19.997,12.9722,0.0139191,0.00873922,0,22.2856,72.2097,-82.5505,27.9311,91.4596,-414.321,28.276,111.423,-409.337,0.0529399,0
A,2,.,.,.,SER,C,8,1,116,15,16.655,17.04,38.842,1.75,0,0,0,0,0,2,0.337511,0.190963,12.7338,8.87444,2,2,2,22.2856,72.2097,-82.5505,27.9311,91.4596,-414.321,28.276,111.423,-409.337,2,0
A,2,.,.,.,SER,O,9,1,120,15,16.871,17.377,40.01,1.49,5.81478,-0.282728,-0.293854,0.91308,1.75114,1,0.347859,0.190963,28.204,9.33346,0.621759,0.460572,2,22.2856,72.2097,-82.5505,27.9311,91.4596,-414.321,28.276,111.423,-409.337,0.0595411,0
A,2,.,.,.,SER,CB,10,1,118,15,14.805,15.405,38.352,1.91,40.8959,-0.770662,-0.552317,0.317845,-10.6168,1,0.0960445,0.190963,63.8527,19.3053,0.0426986,0.0425175,0.0420172,22.2856,72.2097,-82.5505,27.9311,91.4596,-414.321,28.276,111.423,-409.337,0.0606267,0
A,2,.,.,.,SER,OG,11,1,121,15,14.324,16.052,37.198,1.54,27.1514,-0.787432,-0.0034603,-0.616392,-3.91611,1,0.0759774,0.190963,40.4247,10.2814,0.0517881,0.0516361,0.0506298,22.2856,72.2097,-82.5505,27.9311,91.4596,-414.321,28.276,111.423,-409.337,0.0621538,0
A,3,.,.,.,PHE,N,12,2,107,13,16.699,17.901,37.827,1.7,0,0,0,0,0,2,0.257274,0.293774,13.5682,10.0085,2,2,2,20.0108,57.9118,-67.2475,27.9311,91.4596,-414.321,28.276,111.423,-409.337,2,0
A,3,.,.,.,PHE,CA,13,2,101,13,16.976,19.339,38.036,1.9,0,0,0,0,0,2,0.186767,0.293774,16.4361,12.8788,2,2,2,20.0108,57.9118,-67.2475,27.9311,91.4596,-414.321,28.276,111.423,-409.337,2,0
A,3,.,.,.,PHE,C,14,2,100,13,15.796,20.012,38.714,1.75,0,0,0,0,0,2,0.0648056,0.293774,9.37456,8.36627,2,2,2,20.0108,57.9118,-67.2475,27.9311,91.4596,-414.321,28.276,111.423,-409.337,2,0
A,3,.,.,.,PHE,O,15,2,108,13,14.665,19.756,38.357,1.49,15.1974,-0.91536,-0.0211722,-0.40208,12.5956,1,0.0676384,0.293774,31.498,9.16698,0.118367,0.118327,0.115598,20.0108,57.9118,-67.2475,27.9311,91.4596,-414.321,28.276,111.423,-409.337,0.0658147,0
A,3,.,.,.,PHE,CB,16,2,102,13,17.202,20.053,36.698,1.91,5.14209,0.227554,-0.202835,-0.952406,5.06963,1,0.321225,0.293774,36.8278,17.7921,0.65496,0.624143,0.576122,20.0108,57.9118,-67.2475,27.9311,91.4596,-414.321,28.276,111.423,-409.337,0.0705413,1
A,3,.,.,.,PHE,CG,17,2,105,13,17.157,21.571,36.807,1.74,0,0,0,0,0,2,0.256989,0.293774,7.27599,6.20095,2,2,2,20.0108,57.9118,-67.2475,27.9311,91.4596,-414.321,28.276,111.423,-409.337,2,0
A,3,.,.,.,PHE,CD1,18,2,103,13,18.158,22.267,37.476,1.82,0.0463789,0.67634,-0.49714,-0.543522,0.0453761,1,0.520704,0.293774,21.7375,14.4503,0.988187,2,2,20.0108,57.9118,-67.2475,27.9311,91.4596,-414.321,28.276,111.423,-409.337,2,1
A,3,.,.,.,PHE,CD2,19,2,103,13,16.079,22.287,36.298,1.82,15.4315,-0.758586,-0.246725,-0.603054,15.0978,1,0.163613,0.293774,36.8427,14.4637,0.439208,0.434868,0.394179,20.0108,57.9118,-67.2475,27.9311,91.4596,-414.321,28.276,111.423,-409.337,0.0748699,0
A,3,.,.,.,PHE,CE1,20,2,104,13,18.077,23.665,37.64,1.82,0,0,0,0,0,2,0.541632,0.293774,22.4169,14.126,2,2,2,20.0108,57.9118,-67.2475,27.9311,91.4596,-414.321,28.276,111.423,-409.337,2,0
A,3,.,.,.,PHE,CE2,21,2,104,13,15.997,23.678,36.46,1.82,5.59482,-0.962027,-0.0500685,-0.268324,3.97909,1,0.353924,0.293774,28.5808,14.0697,0.482586,0.478337,0.42134,20.0108,57.9118,-67.2475,27.9311,91.4596,-414.321,28.276,111.423,-409.337,0.221463,0
A,3,.,.,.,PHE,CZ,22,2,106,13,16.993,24.358,37.13,1.82,0,0,0,0,0,2,0.496946,0.293774,20.6847,13.9989,2,2,2,20.0108,57.9118,-67.2475,27.9311,91.4596,-414.321,28.276,111.423,-409.337,2,0
A,4,.,.,.,SER,N,23,3,119,15,16.039,20.873,39.69,1.7,0,0,0,0,0,2,0.523223,0.56631,12.1286,9.86288,2,2,2,19.8009,50.2268,-64.4938,27.9311,91.4596,-414.321,28.276,111.423,-409.337,2,0
A,4,.,.,.,SER,CA,24,3,117,15,14.936,21.587,40.312,1.9,4.44342,-0.822002,0.256457,-0.50847,2.47707,1,0.812477,0.56631,22.1951,12.807,0.341915,0.341464,0.339678,19.8009,50.2268,-64.4938,27.9311,91.4596,-414.321,28.276,111.423,-409.337,0.0858759,0
A,4,.,.,.,SER,C,25,3,116,15,15.501,22.823,40.994,1.75,0.0137409,0.173144,-0.0423893,0.983984,0.0238607,1,0.975123,0.56631,11.2463,8.70448,0.599026,0.511891,2,19.8009,50.2268,-64.4938,27.9311,91.4596,-414.321,28.276,111.423,-409.337,0.0899454,0
A,4,.,.,.,SER,O,26,3,120,15,16.71,22.916,41.26,1.49,0.0977502,-0.142916,-0.0668673,0.987473,0.0294378,1,0.913673,0.56631,13.835,9.11581,0.807195,2,2,19.8009,50.2268,-64.4938,27.9311,91.4596,-414.321,28.276,111.423,-409.337,0.090088,0
A,4,.,.,.,SER,CB,27,3,118,15,14.188,20.705,41.331,1.91,34.108,-0.935369,-0.3077,0.174372,-8.85464,1,0.0435341,0.56631,59.0886,19.4075,0.079836,0.0794054,0.0777711,19.8009,50.2268,-64.4938,27.9311,91.4596,-414.321,28.276,111.423,-409.337,0.0751264,0
A,4,.,.,.,SER,OG,28,3,121,15,14.97,20.436,42.482,1.54,21.8206,-0.270729,-0.238352,0.932681,-3.14723,1,0.129829,0.56631,36.2142,10.3359,0.0313604,0.030149,0.0274867,19.8009,50.2268,-64.4938,27.9311,91.4596,-414.321,28.276,111.423,-409.337,0.0847706,0
A,5,.,.,.,TRP,N,29,4,140,17,14.628,23.774,41.27,1.7,1.44707,-0.946923,-0.212354,-0.241335,2.74768,1,0.156729,0.525355,17.399,9.88742,0.383344,0.376314,0.369271,18.6686,42.3051,-71.9575,27.9311,91.4596,-414.321,28.276,111.423,-409.337,0.0998227,0
A,5,.,.,.,TRP,CA,30,4,130,17,15.054,25.003,41.915,1.9,2.23535,0.0220536,-0.57524,0.817687,3.57209,1,0.6618,0.525355,18.4277,12.7039,0.679699,0.562475,2,18.6686,42.3051,-71.9575,27.9311,91.4596,-414.321,28.276,111.423,-409.337,0.0905941,0
A,5,.,.,.,TRP,C,31,4,129,17,13.868,25.641,42.587,1.75,1.52673,-0.0334191,-0.76571,0.642317,3.51541,1,0.110711,0.525355,11.7077,8.44491,0.378778,0.373774,0.370718,18.6686,42.3051,-71.9575,27.9311,91.4596,-414.321,28.276,111.423,-409.337,0.172201,0
A,5,.,.,.,TRP,O,32,4,142,17,12.719,25.288,42.302,1.49,19.7688,-0.894421,-0.416294,-0.16343,15.7432,1,0.151518,0.525355,34.1619,9.28093,0.33619,0.335569,0.334305,18.6686,42.3051,-71.9575,27.9311,91.4596,-414.321,28.276,111.423,-409.337,0.151552,0
A,5,.,.,.,TRP,CB,33,4,131,17,15.636,25.988,40.882,1.91,0,0,0,0,0,2,0.684617,0.525355,24.7386,17.9695,2,2,2,18.6686,42.3051,-71.9575,27.9311,91.4596,-414.321,28.276,111.423,-409.337,2,0
A,5,.,.,.,TRP,CG,34,4,136,17,14.591,26.63,39.986,1.74,0,0,0,0,0,2,0.858626,0.525355,6.94626,6.43176,2,2,2,18.6686,42.3051,-71.9575,27.9311,91.4596,-414.321,28.276,111.423,-409.337,2,0
A,5,.,.,.,TRP,CD1,35,4,132,17,14.124,26.153,38.791,1.82,5.19028,-0.65827,-0.727019,-0.195253,2.56801,1,0.878712,0.525355,29.5144,15.7605,0.3479,0.347595,0.34544,18.6686,42.3051,-71.9575,27.9311,91.4596,-414.321,28.276,111.423,-409.337,0.238249,0
A,5,.,.,.,TRP,CD2,36,4,133,17,13.838,27.812,40.265,1.82,0,0,0,0,0,2,0.848662,0.525355,12.6026,9.83533,2,2,2,18.6686,42.3051,-71.9575,27.9311,91.4596,-414.321,28.276,111.423,-409.337,2,0
A,5,.,.,.,TRP,NE1,37,4,141,17,13.129,26.964,38.312,1.66,13.6447,-0.816044,-0.462264,-0.346963,4.00114,1,0.399386,0.525355,27.2574,10.0671,0.153738,0.153358,0.151573,18.6686,42.3051,-71.9575,27.9311,91.4596,-414.321,28.276,111.423,-409.337,0.236542,0
A,5,.,.,.,TRP,CE2,38,4,134,17,12.93,27.991,39.198,1.74,0.913932,-0.779417,-0.562751,0.275356,1.2128,1,0.695238,0.525355,11.0779,7.63974,0.348546,0.34811,0.346391,18.6686,42.3051,-71.9575,27.9311,91.4596,-414.321,28.276,111.423,-409.337,0.236059,0
A,5,.,.,.,TRP,CE3,39,4,135,17,13.841,28.742,41.322,1.82,0,0,0,0,0,2,0.632908,0.525355,18.5804,13.6696,2,2,2,18.6686,42.3051,-71.9575,27.9311,91.4596,-414.321,28.276,111.423,-409.337,2,0
A,5,.,.,.,TRP,CZ2,40,4,138,17,12.027,29.06,39.15,1.82,14.031,-0.891003,-0.446224,-0.0836513,5.43119,1,0.626146,0.525355,34.9122,14.7443,0.152178,0.151585,0.151078,18.6686,42.3051,-71.9575,27.9311,91.4596,-414.321,28.276,111.423,-409.337,0.160918,0
A,5,.,.,.,TRP,CZ3,41,4,139,17,12.94,29.812,41.281,1.82,0.0299227,-0.686008,-0.699519,0.200166,0.0243678,1,0.303427,0.525355,21.8284,14.1694,0.708635,0.658474,2,18.6686,42.3051,-71.9575,27.9311,91.4596,-414.321,28.276,111.423,-409.337,0.142951,0
A,5,.,.,.,TRP,CH2,42,4,137,17,12.042,29.959,40.195,1.82,9.71934,-0.927268,-0.0943606,0.362313,4.60627,1,0.346497,0.525355,30.254,14.0982,0.34541,0.34473,0.344031,18.6686,42.3051,-71.9575,27.9311,91.4596,-414.321,28.276,111.423,-409.337,0.116718,0
A,6,.,.,.,ASP,N,43,5,27,3,14.169,26.557,43.497,1.7,0.251137,0.22701,-0.772437,0.593133,0.31869,1,0.989652,0.531744,13.2804,9.64769,0.74392,0.6943,2,19.3858,45.5944,-97.7097,27.9311,91.4596,-414.321,28.276,111.423,-409.337,0.102266,0
A,6,.,.,.,ASP,CA,44,5,24,3,13.173,27.344,44.193,1.9,0.0554242,-0.747549,0.0288037,-0.663582,0.0332119,1,0.927936,0.531744,15.3585,12.4652,0.7515,0.6943,2,19.3858,45.5944,-97.7097,27.9311,91.4596,-414.321,28.276,111.423,-409.337,2,0
A,6,.,.,.,ASP,C,45,5,23,3,13.839,28.481,44.974,1.75,0,0,0,0,0,2,0.730886,0.531744,11.0486,8.80778,2,2,2,19.3858,45.5944,-97.7097,27.9311,91.4596,-414.321,28.276,111.423,-409.337,2,0
A,6,.,.,.,ASP,O,46,5,28,3,15.045,28.415,45.289,1.49,0.108589,-0.16675,-0.475569,0.86373,0.0300842,1,0.799404,0.531744,14.869,9.23322,0.8911,2,2,19.3858,45.5944,-97.7097,27.9311,91.4596,-414.321,28.276,111.423,-409.337,2,0
A,6,.,.,.,ASP,CB,47,5,25,3,12.36,26.487,45.161,1.91,21.4023,0.101257,-0.877304,0.469132,-6.27497,1,0.440544,0.531744,47.7896,17.9298,0.126469,0.12502,0.123257,19.3858,45.5944,-97.7097,27.9311,91.4596,-414.321,28.276,111.423,-409.337,0.0605818,0
A,6,.,.,.,ASP,CG,48,5,26,3,11.035,27.141,45.539,1.76,5.45744,-0.666315,-0.5106,-0.543426,-1.28394,1,0.0987664,0.531744,19.2635,10.474,0.0877266,0.0872745,0.0865933,19.3858,45.5944,-97.7097,27.9311,91.4596,-414.321,28.276,111.423,-409.337,0.0424798,0
A,6,.,.,.,ASP,OD1,49,5,29,3,10.393,26.666,46.492,1.49,36.5859,-0.576902,-0.548335,0.605403,-18.5543,1,0.0599092,0.531744,47.6572,9.41067,0.0644658,0.0642365,0.063803,19.3858,45.5944,-97.7097,27.9311,91.4596,-414.321,28.276,111.423,-409.337,0.035571,0
A,6,.,.,.,ASP,OD2,50,5,29,3,10.633,28.127,44.881,1.49,13.0419,-0.724272,-0.00580569,-0.68949,-6.6141,1,0.206855,0.531744,33.3851,9.16982,0.337233,0.33693,0.33611,19.3858,45.5944,-97.7097,27.9311,91.4596,-414.321,28.276,111.423,-409.337,0.0351488,0
A,7,.,.,.,ASN,N,51,6,19,2,13.068,29.538,45.231,1.7,0,0,0,0,0,2,0.60779,0.548568,12.4363,9.64839,2,2,2,19.2153,49.5853,-113.997,27.9311,91.4596,-414.321,28.276,111.423,-409.337,2,0
A,7,.,.,.,ASN,CA,52,6,16,2,13.538,30.647,46.057,1.9,0,0,0,0,0,2,0.834867,0.548568,16.1508,12.9227,2,2,2,19.2153,49.5853,-113.997,27.9311,91.4596,-414.321,28.276,111.423,-409.337,2,0
A,7,.,.,.,ASN,C,53,6,15,2,13.383,30.071,47.466,1.75,0.0374862,0.343353,-0.929727,0.133103,0.0587165,1,0.688025,0.548568,10.7203,8.70392,0.769524,0.687931,2,19.2153,49.5853,-113.997,27.9311,91.4596,-414.321,28.276,111.423,-409.337,2,0
A,7,.,.,.,ASN,O,54,6,21,2,12.456,29.272,47.704,1.49,6.80831,-0.578349,-0.562493,0.590858,1.84748,1,0.477748,0.548568,26.2759,9.27901,0.761887,0.687931,2,19.2153,49.5853,-113.997,27.9311,91.4596,-414.321,28.276,111.423,-409.337,0.0414124,0
A,7,.,.,.,ASN,CB,55,6,17,2,12.629,31.867,45.877,1.91,1.73951,0.386005,0.76565,0.514567,-0.275011,1,0.276881,0.548568,30.04,17.5359,0.99308,2,2,19.2153,49.5853,-113.997,27.9311,91.4596,-414.321,28.276,111.423,-409.337,2,1
A,7,.,.,.,ASN,CG,56,6,18,2,12.798,32.499,44.522,1.81,0,0,0,0,-0,2,0.388632,0.548568,14.562,10.933,2,2,2,19.2153,49.5853,-113.997,27.9311,91.4596,-414.321,28.276,111.423,-409.337,2,0
A,7,.,.,.,ASN,OD1,57,6,22,2,13.819,33.135,44.255,1.52,1.28449,0.85135,0.455989,0.25938,-0.447155,1,0.634126,0.548568,21.9495,9.58793,0.97937,2,2,19.2153,49.5853,-113.997,27.9311,91.4596,-414.321,28.276,111.423,-409.337,2,1
A,7,.,.,.,ASN,ND2,58,6,20,2,11.837,32.281,43.631,1.62,5.72984,-0.939653,-0.0697132,-0.334952,-2.74981,1,0.480472,0.548568,30.4986,12.718,0.841846,2,2,19.2153,49.5853,-113.997,27.9311,91.4596,-414.321,28.276,111.423,-409.337,0.0301716,0
A,8,.,.,.,CYS,N,59,7,33,4,14.282,30.435,48.385,1.7,0,0,0,0,0,2,0.175145,0.222427,13.1255,9.73005,2,2,2,20.2494,52.7108,-119.478,27.9311,91.4596,-414.321,28.276,111.423,-409.337,2,0
A,8,.,.,.,CYS,CA,60,7,31,4,14.208,29.919,49.749,1.9,6.41087,-0.161905,-0.98028,0.113302,10.0723,1,0.343902,0.222427,25.2341,13.0604,0.536348,0.474977,0.412044,20.2494,52.7108,-119.478,27.9311,91.4596,-414.321,28.276,111.423,-409.337,0.10614,0
A,8,.,.,.,CYS,C,61,7,30,4,13.029,30.562,50.506,1.75,0.070133,-0.908558,-0.290542,-0.300181,0.14096,1,0.0778569,0.222427,11.7891,8.86697,0.0449105,0.0442882,0.0429578,20.2494,52.7108,-119.478,27.9311,91.4596,-414.321,28.276,111.423,-409.337,0.0817652,0
A,8,.,.,.,CYS,O,62,7,34,4,12.445,29.931,51.39,1.49,32.4119,-0.413139,-0.69138,0.592715,25.2294,1,0.167265,0.222427,42.6625,9.34416,0.0420737,0.041787,0.0411096,20.2494,52.7108,-119.478,27.9311,91.4596,-414.321,28.276,111.423,-409.337,0.074107,0
A,8,.,.,.,CYS,CB,63,7,32,4,15.551,30.134,50.512,1.91,10.2906,-0.0666421,-0.149929,0.986448,9.91702,1,0.164711,0.222427,42.9142,18.5033,0.409958,0.401113,0.391516,20.2494,52.7108,-119.478,27.9311,91.4596,-414.321,28.276,111.423,-409.337,0.115221,0
A,8,.,.,.,CYS,SG,64,7,35,4,17.052,29.857,49.485,1.88,0,0,0,0,0,2,0.405684,0.222427,26.6179,19.1097,2,2,2,20.2494,52.7108,-119.478,27.9311,91.4596,-414.321,28.276,111.423,-409.337,2,0
A,9,.,.,.,ASP,N,65,8,27,3,12.649,31.782,50.128,1.7,0.0378269,0.405202,0.67352,-0.618208,0.0480019,1,0.367984,0.20225,16.4575,9.98229,0.706969,0.557266,2,22.0165,63.4807,-188.247,27.9311,91.4596,-414.321,28.276,111.423,-409.337,0.803913,1
A,9,.,.,.,ASP,CA,66,8,24,3,11.535,32.495,50.793,1.9,4.494,-0.750484,-0.659915,0.0358572,2.69295,1,0.299194,0.20225,21.8527,12.8328,0.0252054,0.0240714,0.0220685,22.0165,63.4807,-188.247,27.9311,91.4596,-414.321,28.276,111.423,-409.337,0.071929,0
A,9,.,.,.,ASP,C,67,8,23,3,10.907,33.534,49.846,1.75,0.118801,0.761776,0.270711,-0.588568,0.203904,1,0.157849,0.20225,12.66,8.92739,0.688751,0.557266,2,22.0165,63.4807,-188.247,27.9311,91.4596,-414.321,28.276,111.423,-409.337,2,0
A,9,.,.,.,ASP,O,68,8,28,3,10.943,34.741,50.104,1.49,0,0,0,0,0,2,0.123876,0.20225,13.588,9.02969,2,2,2,22.0165,63.4807,-188.247,27.9311,91.4596,-414.321,28.276,111.423,-409.337,2,0
A,9,.,.,.,ASP,CB,69,8,25,3,12.075,33.17,52.051,1.91,12.1295,0.678832,-0.246878,0.691548,-3.55625,1,0.341102,0.20225,40.4382,17.8052,0.159417,0.157966,0.15268,22.0165,63.4807,-188.247,27.9311,91.4596,-414.321,28.276,111.423,-409.337,0.0835375,0
A,9,.,.,.,ASP,CG,70,8,26,3,10.982,33.681,52.966,1.76,5.59927,-0.0658594,-0.726986,0.683487,-1.31731,1,0.0497406,0.20225,18.8369,10.4911,0.0578637,0.0573464,0.0553954,22.0165,63.4807,-188.247,27.9311,91.4596,-414.321,28.276,111.423,-409.337,0.0730067,0
A,9,.,.,.,ASP,OD1,71,8,29,3,9.785,33.383,52.738,1.49,21.8936,-0.752424,-0.585349,0.302034,-11.1032,1,0.107536,0.20225,36.2431,9.32288,0.0641625,0.0640181,0.0630215,22.0165,63.4807,-188.247,27.9311,91.4596,-414.321,28.276,111.423,-409.337,0.0431589,0
A,9,.,.,.,ASP,OD2,72,8,29,3,11.333,34.384,53.937,1.49,16.4119,0.571682,-0.199744,0.79579,-8.32318,1,0.17072,0.20225,29.531,9.23129,0.0833901,0.0829194,0.0814772,22.0165,63.4807,-188.247,27.9311,91.4596,-414.321,28.276,111.423,-409.337,0.0611093,0
A,10,.,.,.,GLU,N,73,9,50,6,10.34,33.044,48.743,1.7,1.46164,-0.450471,-0.828894,0.33168,1.87258,1,0.310894,0.130165,17.5444,10.0307,0.658162,0.561871,2,21.9591,65.8421,-197.436,26.6355,105.412,-430.876,23.3479,94.0018,-25.8191,0.0333697,0
A,10,.,.,.,GLU,CA,74,9,46,6,9.738,33.874,47.681,1.9,0.00766862,0.970228,0.242177,0.00280247,0.00471115,1,0.0930039,0.130165,18.3706,13.0231,0.672677,0.61169,2,21.9591,65.8421,-197.436,26.6355,105.412,-430.876,23.3479,94.0018,-25.8191,2,0
A,10,.,.,.,GLU,C,75,9,45,6,8.805,35.009,48.099,1.75,0.0198874,-0.870867,0.0463086,-0.489332,0.0358781,1,0.0636089,0.130165,10.7828,8.55312,0.643768,0.645482,0.597869,21.9591,65.8421,-197.436,26.6355,105.412,-430.876,23.3479,94.0018,-25.8191,0.0214843,0
A,10,.,.,.,GLU,O,76,9,51,6,8.709,36.022,47.403,1.49,16.325,-0.528956,0.544425,-0.651005,3.96685,1,0.0988716,0.130165,33.1873,9.28146,0.686841,0.691162,0.597869,21.9591,65.8421,-197.436,26.6355,105.412,-430.876,23.3479,94.0018,-25.8191,0.0212745,0
A,10,.,.,.,GLU,CB,77,9,47,6,8.991,32.983,46.678,1.91,5.5099,-0.298021,0.50359,-0.810914,-1.22763,1,0.108595,0.130165,35.0278,16.9972,0.63235,0.594081,0.597869,21.9591,65.8421,-197.436,26.6355,105.412,-430.876,23.3479,94.0018,-25.8191,0.0294484,0
A,10,.,.,.,GLU,CG,78,9,49,6,7.699,32.346,47.223,1.88,18.8627,-0.799202,0.020259,0.600721,-7.29345,1,0.0476383,0.130165,43.3842,16.8053,0.00506934,0.00476118,0.00377194,21.9591,65.8421,-197.436,26.6355,105.412,-430.876,23.3479,94.0018,-25.8191,0.0288908,0
A,10,.,.,.,GLU,CD,79,9,48,6,7.148,31.256,46.307,1.76,6.03485,-0.986197,0.113856,0.120221,-2.6183,1,0.0999503,0.130165,22.5969,10.6985,0.0310483,0.0308403,0.030321,21.9591,65.8421,-197.436,26.6355,105.412,-430.876,23.3479,94.0018,-25.8191,0.0305733,0
A,10,.,.,.,GLU,OE1,80,9,52,6,6.912,31.531,45.109,1.49,39.9844,-0.43476,0.0606325,-0.898503,-26.4548,1,0.239567,0.130165,48.4624,9.44504,0.037154,0.0369773,0.0364582,21.9591,65.8421,-197.436,26.6355,105.412,-430.876,23.3479,94.0018,-25.8191,0.0305727,0
A,10,.,.,.,GLU,OE2,81,9,52,6,6.957,30.119,46.788,1.49,37.1656,-0.486693,-0.792992,0.36646,-24.5898,1,0.109352,0.130165,48.899,9.44611,0.0258371,0.0257736,0.025594,21.9591,65.8421,-197.436,26.6355,105.412,-430.876,23.3479,94.0018,-25.8191,0.031884,0
A,11,.,.,.,GLY,N,82,10,55,7,8.11,34.85,49.216,1.7,2.39337,-0.409454,-0.742743,0.529792,2.12975,1,0.142869,0.114656,16.8882,9.86408,0.0212484,0.0204073,0.0166728,24.5741,75.2934,-262.346,26.6355,105.412,-430.876,23.3479,94.0018,-25.8191,0.0242118,0
A,11,.,.,.,GLY,CA,83,10,54,7,7.203,35.902,49.625,1.9,35.6794,-0.988484,-0.151001,0.00988145,-1.04526,1,0.150121,0.114656,59.0138,18.8392,0.00276434,0.00262494,0.00115348,24.5741,75.2934,-262.346,26.6355,105.412,-430.876,23.3479,94.0018,-25.8191,0.0239933,0
A,11,.,.,.,GLY,C,84,10,53,7,7.821,37.013,50.452,1.75,1.64577,-0.84501,0.461342,0.270409,1.82692,1,0.0653723,0.114656,15.2193,8.82532,0.00689545,0.00678007,0.00563855,24.5741,75.2934,-262.346,26.6355,105.412,-430.876,23.3479,94.0018,-25.8191,0.021853,0
A,11,.,.,.,GLY,O,85,10,56,7,7.201,38.049,50.637,1.49,34.9713,-0.649823,0.759864,-0.0183614,5.1298,1,0.100263,0.114656,43.7597,9.2478,0.00806019,0.00797602,0.00698182,24.5741,75.2934,-262.346,26.6355,105.412,-430.876,23.3479,94.0018,-25.8191,0.0221717,0
A,12,.,.,.,LYS,N,86,11,89,11,9.039,36.82,50.948,1.7,0,0,0,0,0,2,0.0839525,0.235874,13.0302,9.90467,2,2,2,24.2465,79.9651,-247.165,26.6355,105.412,-430.876,23.3479,94.0018,-25.8191,2,0
A,12,.,.,.,LYS,CA,87,11,84,11,9.665,37.853,51.775,1.9,3.11678,-0.453037,0.819606,0.35072,2.00054,1,0.0369774,0.235874,20.0783,12.6757,0.0366038,0.036263,0.0296901,24.2465,79.9651,-247.165,26.6355,105.412,-430.876,23.3479,94.0018,-25.8191,0.0242336,0
A,12,.,.,.,LYS,C,88,11,83,11,10.818,38.598,51.119,1.75,0.633132,-0.524175,0.544228,-0.655024,1.07752,1,0.0659959,0.235874,13.3558,8.70078,0.0523724,0.05178,0.0419716,24.2465,79.9651,-247.165,26.6355,105.412,-430.876,23.3479,94.0018,-25.8191,0.0204897,0
A,12,.,.,.,LYS,O,89,11,91,11,10.927,39.813,51.262,1.49,26.268,-0.277869,0.88866,0.36479,4.79628,1,0.0608764,0.235874,38.679,9.30856,0.0420812,0.0417296,0.0323328,24.2465,79.9651,-247.165,26.6355,105.412,-430.876,23.3479,94.0018,-25.8191,0.0212975,0
A,12,.,.,.,LYS,CB,90,11,85,11,10.171,37.254,53.09,1.91,6.81527,0.596287,0.641321,0.482855,-0.754457,1,0.17804,0.235874,30.8984,16.3093,0.0478951,0.0471328,0.0364727,24.2465,79.9651,-247.165,26.6355,105.412,-430.876,23.3479,94.0018,-25.8191,0.0341201,0
A,12,.,.,.,LYS,CG,91,11,88,11,9.093,37.044,54.148,1.92,13.8462,-0.704846,0.708646,0.0318293,-2.82003,1,0.141854,0.235874,39.5905,16.7609,0.0433424,0.0426085,0.0349587,24.2465,79.9651,-247.165,26.6355,105.412,-430.876,23.3479,94.0018,-25.8191,0.0354035,0
A,12,.,.,.,LYS,CD,92,11,86,11,9.707,36.565,55.463,1.92,20.9747,0.855977,0.0704656,0.512189,-11.354,1,0.325849,0.235874,44.1258,17.1507,0.0573982,0.0572228,0.0545082,24.2465,79.9651,-247.165,26.6355,105.412,-430.876,23.3479,94.0018,-25.8191,0.0451842,0
A,12,.,.,.,LYS,CE,93,11,87,11,8.745,36.808,56.625,1.88,44.7964,0.149421,0.404738,0.902142,-30.1543,1,0.98464,0.235874,61.7621,17.3875,0.0419716,0.0418963,0.0402974,24.2465,79.9651,-247.165,26.6355,105.412,-430.876,23.3479,94.0018,-25.8191,0.043858,0
A,12,.,.,.,LYS,NZ,94,11,90,11,7.413,36.183,56.372,1.67,52.3998,-0.906461,-0.384294,0.17506,-44.1555,1,0.244677,0.235874,64.1272,14.3602,0.0279455,0.0278878,0.0277242,24.2465,79.9651,-247.165,26.6355,105.412,-430.876,23.3479,94.0018,-25.8191,0.0438951,0
A,13,.,.,.,ASP,N,95,12,27,3,11.661,37.876,50.385,1.7,0,0,0,0,0,2,0.0627403,0.179082,13.9133,9.98134,2,2,2,21.7448,76.6726,-152.797,26.6355,105.412,-430.876,23.3479,94.0018,-25.8191,2,0
A,13,.,.,.,ASP,CA,96,12,24,3,12.826,38.49,49.766,1.9,0.0311561,0.206771,0.411995,0.887415,0.0186697,1,0.0242569,0.179082,14.43,12.0922,0.720147,0.741662,2,21.7448,76.6726,-152.797,26.6355,105.412,-430.876,23.3479,94.0018,-25.8191,0.0237937,0
A,13,.,.,.,ASP,C,97,12,23,3,12.547,39.371,48.563,1.75,0.156102,-0.850752,0.523285,0.0489386,0.267925,1,0.107522,0.179082,11.2539,8.77709,0.704448,0.729059,2,21.7448,76.6726,-152.797,26.6355,105.412,-430.876,23.3479,94.0018,-25.8191,0.0234747,0
A,13,.,.,.,ASP,O,98,12,28,3,11.777,39.013,47.668,1.49,8.28482,-0.896653,0.357752,-0.26082,2.29528,1,0.083057,0.179082,25.2631,9.32922,0.717304,0.734438,2,21.7448,76.6726,-152.797,26.6355,105.412,-430.876,23.3479,94.0018,-25.8191,0.0220691,0
A,13,.,.,.,ASP,CB,99,12,25,3,13.858,37.416,49.407,1.91,1.17361,0.00693221,-0.82963,-0.558271,-0.344092,1,0.165012,0.179082,30.0888,18.0804,0.933285,2,2,21.7448,76.6726,-152.797,26.6355,105.412,-430.876,23.3479,94.0018,-25.8191,2,1
A,13,.,.,.,ASP,CG,100,12,26,3,14.339,36.632,50.638,1.76,0,0,0,0,-0,2,0.378039,0.179082,15.0419,10.5332,2,2,2,21.7448,76.6726,-152.797,26.6355,105.412,-430.876,23.3479,94.0018,-25.8191,2,0
A,13,.,.,.,ASP,OD1,101,12,29,3,14.296,37.175,51.766,1.49,8.7937,-0.111992,0.205372,0.972255,-4.45965,1,0.160713,0.179082,29.6464,9.35476,0.765694,0.746243,2,21.7448,76.6726,-152.797,26.6355,105.412,-430.876,23.3479,94.0018,-25.8191,0.0402756,0
A,13,.,.,.,ASP,OD2,102,12,29,3,14.771,35.474,50.476,1.49,1.8073,0.0668432,-0.949366,0.306979,-0.916556,1,0.451318,0.179082,26.2676,9.4285,0.899983,2,2,21.7448,76.6726,-152.797,26.6355,105.412,-430.876,23.3479,94.0018,-25.8191,2,1
A,14,.,.,.,PRO,N,103,13,114,14,13.196,40.544,48.523,1.7,0,0,0,0,0,2,0.153923,0.240804,6.1275,5.39899,2,2,2,21.8168,83.4612,-80.3115,26.6355,105.412,-430.876,23.3479,94.0018,-25.8191,2,0
A,14,.,.,.,PRO,CA,104,13,110,14,13.005,41.479,47.412,1.9,5.75006,-0.990719,0.0971425,0.0950715,3.14624,1,0.0510153,0.240804,23.4154,12.8673,0.627106,0.616509,2,21.8168,83.4612,-80.3115,26.6355,105.412,-430.876,23.3479,94.0018,-25.8191,0.0211198,0
A,14,.,.,.,PRO,C,105,13,109,14,13.599,41.028,46.082,1.75,0,0,0,0,0,2,0.412808,0.240804,11.7565,8.82453,2,2,2,21.8168,83.4612,-80.3115,26.6355,105.412,-430.876,23.3479,94.0018,-25.8191,2,0
A,14,.,.,.,PRO,O,106,13,115,14,13.141,41.475,45.034,1.49,4.43536,-0.948237,-0.163068,-0.272499,1.37996,1,0.332248,0.240804,20.7226,9.12172,0.744452,0.755838,2,21.8168,83.4612,-80.3115,26.6355,105.412,-430.876,23.3479,94.0018,-25.8191,0.0164303,1
A,14,.,.,.,PRO,CB,107,13,111,14,13.626,42.78,47.93,1.91,6.25724,-0.665583,0.401376,0.629203,-2.03763,1,0.196157,0.240804,30.9374,16.8407,0.443304,0.439354,0.42615,21.8168,83.4612,-80.3115,26.6355,105.412,-430.876,23.3479,94.0018,-25.8191,0.0166607,0
A,14,.,.,.,PRO,CG,108,13,113,14,14.681,42.312,48.881,1.92,7.38018,-0.0243873,0.626872,0.778741,-3.33929,1,0.282735,0.240804,35.1829,17.3669,0.639734,0.62326,0.63595,21.8168,83.4612,-80.3115,26.6355,105.412,-430.876,23.3479,94.0018,-25.8191,0.0172461,0
A,14,.,.,.,PRO,CD,109,13,112,14,13.987,41.154,49.605,1.92,10.6699,-0.271609,0.441223,0.855307,2.15511,1,0.25674,0.240804,38.3717,18.1327,0.66757,0.663226,0.642921,21.8168,83.4612,-80.3115,26.6355,105.412,-430.876,23.3479,94.0018,-25.8191,0.0252306,0
A,15,.,.,.,ALA,N,110,14,3,0,14.634,40.184,46.129,1.7,0,0,0,0,0,2,0.117637,0.233264,12.6783,9.92738,2,2,2,19.4491,68.8717,13.603,26.6355,105.412,-430.876,23.3479,94.0018,-25.8191,2,0
A,15,.,.,.,ALA,CA,111,14,1,0,15.25,39.67,44.905,1.9,0,0,0,0,0,2,0.417923,0.233264,14.9495,12.8477,2,2,2,19.4491,68.8717,13.603,26.6355,105.412,-430.876,23.3479,94.0018,-25.8191,2,0
A,15,.,.,.,ALA,C,112,14,0,0,14.823,38.214,44.705,1.75,0.840625,0.756442,-0.48108,-0.443123,1.65921,1,0.0605866,0.233264,11.5506,8.62257,0.86471,2,2,19.4491,68.8717,13.603,26.6355,105.412,-430.876,23.3479,94.0018,-25.8191,0.781027,1
A,15,.,.,.,ALA,O,113,14,4,0,15.111,37.357,45.545,1.49,2.83017,0.637415,-0.712157,-0.294168,1.42924,1,0.162902,0.233264,21.3811,9.2677,0.907876,2,2,19.4491,68.8717,13.603,26.6355,105.412,-430.876,23.3479,94.0018,-25.8191,0.71564,1
A,15,.,.,.,ALA,CB,114,14,2,0,16.772,39.76,44.992,1.92,10.1655,0.423361,-0.540484,-0.727078,0.728901,1,0.407271,0.233264,51.7651,23.4168,0.839614,0.805974,2,19.4491,68.8717,13.603,26.6355,105.412,-430.876,23.3479,94.0018,-25.8191,0.75629,1
A,16,.,.,.,VAL,N,115,15,158,19,14.147,37.924,43.593,1.7,1.20261,0.859597,-0.0547286,-0.508033,2.38615,1,0.334196,0.22605,14.5224,9.75855,0.827251,2,2,19.0586,58.7798,-36.8818,26.6355,105.412,-430.876,23.3479,94.0018,-25.8191,0.779581,1
A,16,.,.,.,VAL,CA,116,15,154,19,13.695,36.56,43.373,1.9,1.53329,0.959087,-0.275789,0.0639804,2.61038,1,0.329589,0.22605,17.675,11.8604,0.875039,2,2,19.0586,58.7798,-36.8818,26.6355,105.412,-430.876,23.3479,94.0018,-25.8191,0.823139,1
A,16,.,.,.,VAL,C,117,15,153,19,13.859,36.074,41.953,1.75,0.28431,0.931602,0.363379,0.00856107,0.678353,1,0.410361,0.22605,11.4987,8.383,0.832579,2,2,19.0586,58.7798,-36.8818,26.6355,105.412,-430.876,23.3479,94.0018,-25.8191,0.824354,1
A,16,.,.,.,VAL,O,118,15,159,19,13.868,36.853,40.997,1.49,0.945744,0.926449,0.376084,0.0158814,0.78416,1,0.188259,0.22605,14.9759,9.0063,0.790999,0.805974,2,19.0586,58.7798,-36.8818,26.6355,105.412,-430.876,23.3479,94.0018,-25.8191,0.811325,1
A,16,.,.,.,VAL,CB,119,15,155,19,12.188,36.387,43.734,2.01,0.915949,-0.85471,-0.512864,-0.0802515,0.80366,1,0.139466,0.22605,20.6919,14.2725,0.794597,0.770206,2,19.0586,58.7798,-36.8818,26.6355,105.412,-430.876,23.3479,94.0018,-25.8191,0.0381619,0
A,16,.,.,.,VAL,CG1,120,15,156,19,11.946,36.717,45.221,1.92,2.02635,-0.783146,0.593244,0.1864,1.27975,1,0.0504893,0.22605,43.8764,22.1461,0.787539,0.755089,2,19.0586,58.7798,-36.8818,26.6355,105.412,-430.876,23.3479,94.0018,-25.8191,0.0493687,1
A,16,.,.,.,VAL,CG2,121,15,157,19,11.338,37.287,42.837,1.92,20.575,-0.964185,0.177161,0.197385,14.1994,1,0.129989,0.22605,57.6672,22.0023,0.727161,0.712268,0.597869,19.0586,58.7798,-36.8818,26.6355,105.412,-430.876,23.3479,94.0018,-25.8191,0.0142176,0
A,17,.,.,.,ILE,N,122,16,73,9,13.979,34.768,41.825,1.7,0,0,0,0,0,2,0.19465,0.335908,11.6388,9.47643,2,2,2,18.3047,47.2712,-43.5605,26.6355,105.412,-430.876,23.3479,94.0018,-25.8191,2,0
A,17,.,.,.,ILE,CA,123,16,68,9,14.078,34.171,40.519,1.9,0,0,0,0,0,2,0.307062,0.335908,12.9267,11.5682,2,2,2,18.3047,47.2712,-43.5605,26.6355,105.412,-430.876,23.3479,94.0018,-25.8191,2,0
A,17,.,.,.,ILE,C,124,16,67,9,12.632,33.82,40.142,1.75,0,0,0,0,0,2,0.177874,0.335908,10.1233,8.45809,2,2,2,18.3047,47.2712,-43.5605,26.6355,105.412,-430.876,23.3479,94.0018,-25.8191,2,0
A,17,.,.,.,ILE,O,125,16,74,9,11.887,33.307,40.962,1.49,3.72898,-0.965682,-0.042466,0.256232,3.53576,1,0.181898,0.335908,19.2188,9.14019,0.802512,0.666899,2,18.3047,47.2712,-43.5605,26.6355,105.412,-430.876,23.3479,94.0018,-25.8191,0.0317778,0
A,17,.,.,.,ILE,CB,126,16,69,9,14.941,32.891,40.561,2.01,0,0,0,0,0,2,0.385982,0.335908,17.8893,14.0847,2,2,2,18.3047,47.2712,-43.5605,26.6355,105.412,-430.876,23.3479,94.0018,-25.8191,2,0
A,17,.,.,.,ILE,CG1,127,16,71,9,16.386,33.262,40.946,1.92,4.24663,0.490503,0.383283,0.782625,4.54317,1,0.536408,0.335908,32.0355,16.272,0.850859,0.83896,2,18.3047,47.2712,-43.5605,26.6355,105.412,-430.876,23.3479,94.0018,-25.8191,0.823901,1
A,17,.,.,.,ILE,CG2,128,16,72,9,14.866,32.166,39.219,1.92,2.65502e-05,0.963667,-0.229116,-0.137305,2.15017e-05,1,0.508805,0.335908,32.5642,21.9782,0.865763,2,2,18.3047,47.2712,-43.5605,26.6355,105.412,-430.876,23.3479,94.0018,-25.8191,2,1
A,17,.,.,.,ILE,CD1,129,16,70,9,17.001,34.391,40.078,1.92,36.6953,0.865853,0.477786,0.14839,27.9109,1,0.394583,0.335908,69.6558,22.9884,0.845497,0.844979,2,18.3047,47.2712,-43.5605,26.6355,105.412,-430.876,23.3479,94.0018,-25.8191,0.822762,1
A,18,.,.,.,ARG,N,130,17,11,1,12.246,34.113,38.909,1.7,0,0,0,0,0,2,0.774976,0.312943,10.9316,9.51013,2,2,2,20.1695,53.406,-104.218,26.6355,105.412,-430.876,23.3479,94.0018,-25.8191,2,0
A,18,.,.,.,ARG,CA,131,17,6,1,10.896,33.806,38.455,1.9,4.0235,-0.778766,-0.248019,0.576204,3.44541,1,0.225948,0.312943,20.5445,12.6566,0.305481,0.290782,0.287638,20.1695,53.406,-104.218,26.6355,105.412,-430.876,23.3479,94.0018,-25.8191,0.0842953,0
A,18,.,.,.,ARG,C,132,17,5,1,10.89,32.56,37.584,1.75,0.000352443,-0.676015,0.215175,-0.704772,0.000650131,1,0.602433,0.312943,10.7432,8.67765,0.0829395,0.0824784,0.082066,20.1695,53.406,-104.218,26.6355,105.412,-430.876,23.3479,94.0018,-25.8191,0.0670237,0
A,18,.,.,.,ARG,O,133,17,14,1,9.935,31.821,37.599,1.49,24.1046,-0.94834,-0.312723,0.0534366,9.07746,1,0.267408,0.312943,36.925,9.18857,0.0643422,0.0641314,0.0638651,20.1695,53.406,-104.218,26.6355,105.412,-430.876,23.3479,94.0018,-25.8191,0.080523,0
A,18,.,.,.,ARG,CB,134,17,7,1,10.282,35.01,37.716,1.91,7.30273,-0.911678,-0.29817,-0.282734,0.839565,1,0.30493,0.312943,31.8026,16.6606,0.0300805,0.0292274,0.0290098,20.1695,53.406,-104.218,26.6355,105.412,-430.876,23.3479,94.0018,-25.8191,0.0427421,0
A,18,.,.,.,ARG,CG,135,17,9,1,9.899,36.139,38.687,1.92,11.9958,-0.787018,-0.337103,0.516685,0.0793031,1,0.228431,0.312943,38.8551,17.3211,0.027392,0.0266787,0.0249309,20.1695,53.406,-104.218,26.6355,105.412,-430.876,23.3479,94.0018,-25.8191,0.0193945,0
A,18,.,.,.,ARG,CD,136,17,8,1,9.374,37.375,37.969,1.88,8.76697,-0.938744,-0.255151,-0.231641,-3.93493,1,0.148816,0.312943,33.0965,17.0246,0.0201457,0.020109,0.0189314,20.1695,53.406,-104.218,26.6355,105.412,-430.876,23.3479,94.0018,-25.8191,0.0188952,0
A,18,.,.,.,ARG,NE,137,17,12,1,8.921,38.398,38.912,1.62,6.78781,-0.740779,-0.345542,0.576062,-1.88214,1,0.191069,0.312943,19.0852,8.07587,0.017751,0.017751,0.0167205,20.1695,53.406,-104.218,26.6355,105.412,-430.876,23.3479,94.0018,-25.8191,0.0147683,0
A,18,.,.,.,ARG,CZ,138,17,10,1,8.577,39.635,38.567,1.8,5.53699,-0.952451,-0.281402,-0.116834,-1.62501,1,0.235548,0.312943,19.2639,11.2771,0.0118758,0.0117365,0.0103422,20.1695,53.406,-104.218,26.6355,105.412,-430.876,23.3479,94.0018,-25.8191,0.0149552,0
A,18,.,.,.,ARG,NH1,139,17,13,1,8.634,40.013,37.291,1.62,20.2779,-0.763459,0.25122,-0.594995,-10.2951,1,0.279461,0.312943,40.7881,12.7839,0.0098667,0.00983292,0.00963696,20.1695,53.406,-104.218,26.6355,105.412,-430.876,23.3479,94.0018,-25.8191,0.0172326,0
A,18,.,.,.,ARG,NH2,140,17,13,1,8.181,40.498,39.496,1.67,46.1998,-0.653426,0.530539,0.539966,-23.4557,1,0.183352,0.312943,61.6177,14.4556,0.011524,0.0112622,0.00967662,20.1695,53.406,-104.218,26.6355,105.412,-430.876,23.3479,94.0018,-25.8191,0.014644,0
A,19,.,.,.,SER,N,141,18,119,15,11.946,32.334,36.815,1.7,0,0,0,0,0,2,0.622469,0.706782,12.3566,9.87474,2,2,2,19.7458,46.4289,-122.962,26.6355,105.412,-430.876,23.3479,94.0018,-25.8191,2,0
A,19,.,.,.,SER,CA,142,18,117,15,12.031,31.122,36.013,1.9,1.84072,-0.552641,-0.832451,0.0401763,1.02614,1,0.888663,0.706782,18.1699,12.7926,0.0737774,0.07351,0.0734377,19.7458,46.4289,-122.962,26.6355,105.412,-430.876,23.3479,94.0018,-25.8191,0.101115,0
A,19,.,.,.,SER,C,143,18,116,15,13.498,30.79,35.83,1.75,0,0,0,0,0,2,0.824901,0.706782,10.9166,8.6761,2,2,2,19.7458,46.4289,-122.962,26.6355,105.412,-430.876,23.3479,94.0018,-25.8191,2,0
A,19,.,.,.,SER,O,144,18,120,15,14.337,31.685,35.811,1.49,0,0,0,0,0,2,0.838857,0.706782,12.1375,9.13271,2,2,2,19.7458,46.4289,-122.962,26.6355,105.412,-430.876,23.3479,94.0018,-25.8191,2,0
A,19,.,.,.,SER,CB,145,18,118,15,11.355,31.299,34.648,1.91,35.1411,-0.755481,-0.407595,-0.512948,-9.12284,1,0.535437,0.706782,61.9572,19.3917,0.0695086,0.0692857,0.0669808,19.7458,46.4289,-122.962,26.6355,105.412,-430.876,23.3479,94.0018,-25.8191,0.0435895,0
A,19,.,.,.,SER,OG,146,18,121,15,11.964,32.339,33.929,1.54,12.1228,-0.162123,0.0879025,-0.982847,-1.74849,1,0.530364,0.706782,30.5364,10.2403,0.0896017,0.0874291,0.0635329,19.7458,46.4289,-122.962,26.6355,105.412,-430.876,23.3479,94.0018,-25.8191,0.032066,0
A,20,.,.,.,LEU,N,147,19,81,10,13.813,29.503,35.695,1.7,1.4052,-0.780978,-0.589548,-0.206174,2.84846,1,0.301886,0.594454,18.1258,10.075,0.608303,0.577524,2,18.3153,38.5127,-103.984,27.9311,91.4596,-414.321,28.276,111.423,-409.337,0.070224,0
A,20,.,.,.,LEU,CA,148,19,76,10,15.207,29.074,35.529,1.9,0,0,0,0,0,2,0.640252,0.594454,16.0426,12.7776,2,2,2,18.3153,38.5127,-103.984,27.9311,91.4596,-414.321,28.276,111.423,-409.337,2,0
A,20,.,.,.,LEU,C,149,19,75,10,15.226,27.72,34.841,1.75,0,0,0,0,0,2,0.67861,0.594454,9.68256,8.35744,2,2,2,18.3153,38.5127,-103.984,27.9311,91.4596,-414.321,28.276,111.423,-409.337,2,0
A,20,.,.,.,LEU,O,150,19,82,10,14.49,26.83,35.233,1.49,5.52022,-0.875167,-0.481295,-0.049374,4.23352,1,0.70378,0.594454,21.9357,9.19125,0.33205,0.330699,0.326868,18.3153,38.5127,-103.984,27.9311,91.4596,-414.321,28.276,111.423,-409.337,0.102082,0
A,20,.,.,.,LEU,CB,151,19,77,10,15.876,28.952,36.919,1.91,0,0,0,0,0,2,0.609284,0.594454,20.6052,15.679,2,2,2,18.3153,38.5127,-103.984,27.9311,91.4596,-414.321,28.276,111.423,-409.337,2,0
A,20,.,.,.,LEU,CG,152,19,80,10,17.275,28.312,36.971,2.01,0.0165254,0.847281,-0.527894,-0.0586794,0.0224418,1,0.673608,0.594454,19.0757,14.1749,0.76266,0.725548,2,18.3153,38.5127,-103.984,27.9311,91.4596,-414.321,28.276,111.423,-409.337,2,1
A,20,.,.,.,LEU,CD1,153,19,78,10,18.252,29.201,36.232,1.92,7.87247,0.797334,0.334719,0.502217,5.36097,1,0.5756,0.594454,40.6315,21.5031,0.802987,0.804486,2,18.3153,38.5127,-103.984,27.9311,91.4596,-414.321,28.276,111.423,-409.337,0.816128,1
A,20,.,.,.,LEU,CD2,154,19,79,10,17.743,28.115,38.438,1.92,1.90719,0.814821,0.579066,0.0273779,1.01166,1,0.572611,0.594454,39.0358,22.3673,0.79641,0.790639,2,18.3153,38.5127,-103.984,27.9311,91.4596,-414.321,28.276,111.423,-409.337,0.816483,1
A,21,.,.,.,THR,N,155,20,126,16,16.042,27.548,33.808,1.7,0,0,0,0,0,2,0.866923,0.753677,12.1553,9.85787,2,2,2,19.0179,42.2359,-130.207,27.9311,91.4596,-414.321,28.276,111.423,-409.337,2,0
A,21,.,.,.,THR,CA,156,20,123,16,16.096,26.236,33.174,1.9,0.370034,-0.523396,-0.840987,0.137106,0.360758,1,0.863323,0.753677,16.3128,11.9661,0.629186,0.618836,2,19.0179,42.2359,-130.207,27.9311,91.4596,-414.321,28.276,111.423,-409.337,0.0309922,0
A,21,.,.,.,THR,C,157,20,122,16,17.57,25.894,33.002,1.75,0,0,0,0,0,2,0.826776,0.753677,11.525,8.64057,2,2,2,19.0179,42.2359,-130.207,27.9311,91.4596,-414.321,28.276,111.423,-409.337,2,0
A,21,.,.,.,THR,O,158,20,127,16,18.401,26.783,32.78,1.49,0,0,0,0,0,2,0.858805,0.753677,13.6244,9.30153,2,2,2,19.0179,42.2359,-130.207,27.9311,91.4596,-414.321,28.276,111.423,-409.337,2,0
A,21,.,.,.,THR,CB,159,20,124,16,15.385,26.208,31.789,2.01,5.53063,-0.340574,-0.940176,0.00888404,0.24965,1,0.626278,0.753677,32.5258,17.0388,0.455357,0.449696,0.404103,19.0179,42.2359,-130.207,27.9311,91.4596,-414.321,28.276,111.423,-409.337,0.0219356,0
A,21,.,.,.,THR,OG1,160,20,128,16,16.044,27.108,30.899,1.54,0,0,0,0,-0,2,0.702889,0.753677,17.3476,9.48434,2,2,2,19.0179,42.2359,-130.207,27.9311,91.4596,-414.321,28.276,111.423,-409.337,2,0
A,21,.,.,.,THR,CG2,161,20,125,16,13.91,26.617,31.917,1.92,41.0529,-0.96032,-0.25721,-0.107833,-6.77501,1,0.530742,0.753677,74.1343,22.3735,0.0801168,0.0797719,0.0771425,19.0179,42.2359,-130.207,27.9311,91.4596,-414.321,28.276,111.423,-409.337,0.027317,0
A,22,.,.,.,LEU,N,162,21,81,10,17.895,24.61,33.116,1.7,0.788274,-0.759172,-0.637607,-0.130824,1.59789,1,0.615497,0.563548,16.9293,10.0034,0.722702,0.677553,2,18.5138,43.4941,-104.271,27.9311,91.4596,-414.321,28.276,111.423,-409.337,0.0603792,0
A,22,.,.,.,LEU,CA,163,21,76,10,19.279,24.143,32.993,1.9,0,0,0,0,0,2,0.684309,0.563548,14.7584,12.7124,2,2,2,18.5138,43.4941,-104.271,27.9311,91.4596,-414.321,28.276,111.423,-409.337,2,0
A,22,.,.,.,LEU,C,164,21,75,10,19.236,22.806,32.225,1.75,0,0,0,0,0,2,0.369572,0.563548,11.0945,8.78175,2,2,2,18.5138,43.4941,-104.271,27.9311,91.4596,-414.321,28.276,111.423,-409.337,2,0
A,22,.,.,.,LEU,O,165,21,82,10,18.678,21.824,32.704,1.49,3.61171,-0.874097,-0.454886,0.170391,2.76986,1,0.277301,0.563548,26.9507,9.30233,0.735746,0.687281,2,18.5138,43.4941,-104.271,27.9311,91.4596,-414.321,28.276,111.423,-409.337,0.0547509,1
A,22,.,.,.,LEU,CB,166,21,77,10,19.87,23.943,34.4,1.91,0.142623,0.100971,-0.971713,0.213492,0.145209,1,0.677077,0.563548,23.2121,15.4838,0.965277,2,2,18.5138,43.4941,-104.271,27.9311,91.4596,-414.321,28.276,111.423,-409.337,2,1
A,22,.,.,.,LEU,CG,167,21,80,10,21.391,23.935,34.547,2.01,0.243952,-0.251177,-0.96055,0.119392,0.331291,1,0.557467,0.563548,19.4521,14.2653,0.828006,0.820577,2,18.5138,43.4941,-104.271,27.9311,91.4596,-414.321,28.276,111.423,-409.337,0.793944,1
A,22,.,.,.,LEU,CD1,168,21,78,10,21.929,25.285,34.068,1.92,11.2293,0.703746,0.493289,0.51128,7.64687,1,0.663102,0.563548,45.3128,21.4622,0.799611,0.801632,2,18.5138,43.4941,-104.271,27.9311,91.4596,-414.321,28.276,111.423,-409.337,0.816314,1
A,22,.,.,.,LEU,CD2,169,21,79,10,21.781,23.687,36.006,1.92,15.6891,0.67294,0.491346,0.55293,8.32222,1,0.66406,0.563548,54.9951,22.2196,0.848552,0.847562,2,18.5138,43.4941,-104.271,27.9311,91.4596,-414.321,28.276,111.423,-409.337,0.80935,1
A,23,.,.,.,GLU,N,170,22,50,6,19.814,22.793,31.035,1.7,0,0,0,0,0,2,0.7834,0.758708,12.6193,9.77613,2,2,2,20.3273,56.6197,-162.154,24.3704,86.3796,-211.992,26.1778,104.63,-393.304,2,0
A,23,.,.,.,GLU,CA,171,22,46,6,19.808,21.614,30.178,1.9,0,0,0,0,0,2,0.643962,0.758708,15.1202,12.3449,2,2,2,20.3273,56.6197,-162.154,24.3704,86.3796,-211.992,26.1778,104.63,-393.304,2,0
A,23,.,.,.,GLU,C,172,22,45,6,21.209,21.308,29.663,1.75,0.0225845,-0.0252642,0.0926363,-0.995379,0.0407438,1,0.760844,0.758708,12.3943,8.80219,0.619697,0.558581,2,20.3273,56.6197,-162.154,24.3704,86.3796,-211.992,26.1778,104.63,-393.304,2,0
A,23,.,.,.,GLU,O,173,22,51,6,22.043,22.206,29.56,1.49,0,0,0,0,0,2,0.82642,0.758708,12.4173,8.75627,2,2,2,20.3273,56.6197,-162.154,24.3704,86.3796,-211.992,26.1778,104.63,-393.304,2,0
A,23,.,.,.,GLU,CB,174,22,47,6,18.867,21.873,28.989,1.91,9.68521,0.018441,-0.414258,-0.909973,-2.1579,1,0.511242,0.758708,35.347,16.9478,0.537713,0.535801,0.475048,20.3273,56.6197,-162.154,24.3704,86.3796,-211.992,26.1778,104.63,-393.304,0.025882,0
A,23,.,.,.,GLU,CG,175,22,49,6,17.408,22.134,29.381,1.88,14.6254,-0.653244,-0.624718,0.427785,-5.65504,1,0.819581,0.758708,42.0811,16.9165,0.533946,0.527506,0.452972,20.3273,56.6197,-162.154,24.3704,86.3796,-211.992,26.1778,104.63,-393.304,0.0186613,0
A,23,.,.,.,GLU,CD,176,22,48,6,16.57,22.701,28.221,1.76,4.31975,-0.160257,-0.205853,-0.965372,-1.87418,1,0.854252,0.758708,20.8016,10.774,0.0174746,0.0169131,0.0103982,20.3273,56.6197,-162.154,24.3704,86.3796,-211.992,26.1778,104.63,-393.304,0.0191663,0
A,23,.,.,.,GLU,OE1,177,22,52,6,16.808,23.866,27.833,1.49,3.0399,0.228262,-0.120104,-0.966163,-2.01128,1,0.738791,0.758708,22.6419,9.40303,0.0293408,0.0275054,0.00867677,20.3273,56.6197,-162.154,24.3704,86.3796,-211.992,26.1778,104.63,-393.304,0.0192177,0
A,23,.,.,.,GLU,OE2,178,22,52,6,15.675,21.983,27.701,1.49,38.7149,-0.587861,-0.706518,-0.39402,-25.6149,1,0.889875,0.758708,47.4754,9.49962,0.0130581,0.0128506,0.0096314,20.3273,56.6197,-162.154,24.3704,86.3796,-211.992,26.1778,104.63,-393.304,0.0191638,0
A,24,.,.,.,PRO,N,179,23,114,14,21.505,20.026,29.38,1.7,0,0,0,0,0,2,0.663142,0.38983,6.36245,5.47134,2,2,2,21.6096,67.4761,-181.691,24.3704,86.3796,-211.992,26.1778,104.63,-393.304,2,0
A,24,.,.,.,PRO,CA,180,23,110,14,20.59,18.889,29.533,1.9,3.35241,-0.894711,-0.166606,-0.414408,1.83433,1,0.308223,0.38983,20.5535,12.5887,0.0085479,0.00823007,0.00185126,21.6096,67.4761,-181.691,24.3704,86.3796,-211.992,26.1778,104.63,-393.304,0.0334968,0
A,24,.,.,.,PRO,C,181,23,109,14,20.524,18.425,31.002,1.75,0,0,0,0,0,2,0.237356,0.38983,10.5829,8.9334,2,2,2,21.6096,67.4761,-181.691,24.3704,86.3796,-211.992,26.1778,104.63,-393.304,2,0
A,24,.,.,.,PRO,O,182,23,115,14,21.269,18.928,31.855,1.49,0.360627,-0.31548,0.287123,0.904452,0.112201,1,0.465987,0.38983,16.6213,9.33333,0.993083,2,2,21.6096,67.4761,-181.691,24.3704,86.3796,-211.992,26.1778,104.63,-393.304,2,1
A,24,.,.,.,PRO,CB,183,23,111,14,21.192,17.834,28.596,1.91,34.4622,-0.444367,-0.504867,-0.740032,-11.2224,1,0.0991211,0.38983,54.0753,16.9006,0.0148263,0.0146179,0.00969824,21.6096,67.4761,-181.691,24.3704,86.3796,-211.992,26.1778,104.63,-393.304,0.0364444,0
A,24,.,.,.,PRO,CG,184,23,113,14,22.65,18.079,28.727,1.92,8.8991,0.374405,-0.170278,-0.911497,-4.02655,1,0.15794,0.38983,37.4714,17.2979,0.0246338,0.0242248,0.0165716,21.6096,67.4761,-181.691,24.3704,86.3796,-211.992,26.1778,104.63,-393.304,0.0409838,0
A,24,.,.,.,PRO,CD,185,23,112,14,22.742,19.614,28.695,1.92,13.0628,0.0622338,0.208462,-0.976048,2.63842,1,0.797042,0.38983,44.6681,18.6626,0.353905,0.350303,0.295314,21.6096,67.4761,-181.691,24.3704,86.3796,-211.992,26.1778,104.63,-393.304,0.0336408,0
A,25,.,.,.,ASP,N,186,24,27,3,19.618,17.488,31.288,1.7,5.10813,-0.761208,-0.140018,-0.633211,6.48216,1,0.0327341,0.314284,20.8989,9.9847,0.00440305,0.00363307,0,21.6344,72.2304,-144.032,27.9311,91.4596,-414.321,28.276,111.423,-409.337,0.0285665,0
A,25,.,.,.,ASP,CA,187,24,24,3,19.431,16.931,32.63,1.9,0.920278,0.336123,0.617619,0.711033,0.55146,1,0.63886,0.314284,16.5026,12.4511,0.461099,0.41889,0.37398,21.6344,72.2304,-144.032,27.9311,91.4596,-414.321,28.276,111.423,-409.337,0.0234024,1
A,25,.,.,.,ASP,C,188,24,23,3,19.537,15.404,32.488,1.75,0.454472,0.292715,-0.279889,-0.91432,0.780033,1,0.083587,0.314284,12.0183,8.73256,0.0106942,0.0101528,0.00761039,21.6344,72.2304,-144.032,27.9311,91.4596,-414.321,28.276,111.423,-409.337,0.0312548,0
A,25,.,.,.,ASP,O,189,24,28,3,18.626,14.757,31.99,1.49,28.6201,-0.692184,-0.497137,-0.523198,7.92912,1,0.0765488,0.314284,39.161,9.19392,0.00937876,0.00891225,0.00654467,21.6344,72.2304,-144.032,27.9311,91.4596,-414.321,28.276,111.423,-409.337,0.0311882,0
A,25,.,.,.,ASP,CB,190,24,25,3,18.045,17.306,33.153,1.91,18.2298,-0.850588,0.175473,-0.495691,-5.34482,1,0.257207,0.314284,47.1612,17.9393,0.0474302,0.041483,0.0198587,21.6344,72.2304,-144.032,27.9311,91.4596,-414.321,28.276,111.423,-409.337,0.024152,0
A,25,.,.,.,ASP,CG,191,24,26,3,17.801,16.854,34.586,1.76,2.98947,-0.402587,-0.914883,-0.0302177,-0.703318,1,0.527725,0.314284,18.173,10.5204,0.0438051,0.037842,0.0198587,21.6344,72.2304,-144.032,27.9311,91.4596,-414.321,28.276,111.423,-409.337,0.0242565,0
A,25,.,.,.,ASP,OD1,192,24,29,3,16.661,17.022,35.074,1.49,11.0555,-0.874789,-0.0952424,-0.47505,-5.60671,1,0.337351,0.314284,26.0943,9.31482,0.0478177,0.0442521,0.024768,21.6344,72.2304,-144.032,27.9311,91.4596,-414.321,28.276,111.423,-409.337,0.0620581,0
A,25,.,.,.,ASP,OD2,193,24,29,3,18.738,16.346,35.235,1.49,2.35201,0.395605,-0.83182,0.389323,-1.1928,1,0.56026,0.314284,25.2545,9.2718,0.755607,0.678935,2,21.6344,72.2304,-144.032,27.9311,91.4596,-414.321,28.276,111.423,-409.337,0.029564,1
A,26,.,.,.,PRO,N,194,25,114,14,20.637,14.806,32.959,1.7,0,0,0,0,0,2,0.0562302,0.29021,6.39191,5.52549,2,2,2,21.7038,80.534,-143.892,27.9311,91.4596,-414.321,28.276,111.423,-409.337,2,0
A,26,.,.,.,PRO,CA,195,25,110,14,21.788,15.434,33.619,1.9,0.119637,-0.195053,0.834634,0.515112,0.0654614,1,0.550865,0.29021,17.0147,12.6192,0.887957,2,2,21.7038,80.534,-143.892,27.9311,91.4596,-414.321,28.276,111.423,-409.337,2,0
A,26,.,.,.,PRO,C,196,25,109,14,22.73,16.227,32.722,1.75,0,0,0,0,0,2,0.447412,0.29021,10.0057,8.76017,2,2,2,21.7038,80.534,-143.892,27.9311,91.4596,-414.321,28.276,111.423,-409.337,2,0
A,26,.,.,.,PRO,O,197,25,115,14,22.774,16.033,31.507,1.49,1.41313,-0.320043,-0.639632,-0.698887,0.439663,1,0.187657,0.29021,18.523,9.32103,0.786407,2,2,21.7038,80.534,-143.892,27.9311,91.4596,-414.321,28.276,111.423,-409.337,0.0370097,0
A,26,.,.,.,PRO,CB,198,25,111,14,22.49,14.241,34.278,1.91,2.71671,-0.0972243,-0.727938,0.678715,-0.884677,1,0.568563,0.29021,30.4896,17.0674,0.666033,0.65258,2,21.7038,80.534,-143.892,27.9311,91.4596,-414.321,28.276,111.423,-409.337,0.0469049,0
A,26,.,.,.,PRO,CG,199,25,113,14,22.209,13.106,33.3,1.92,12.1499,-0.0712747,-0.887673,0.454925,-5.49743,1,0.149035,0.29021,39.7689,17.3549,0.436343,0.420298,0.308666,21.7038,80.534,-143.892,27.9311,91.4596,-414.321,28.276,111.423,-409.337,0.0521201,0
A,26,.,.,.,PRO,CD,200,25,112,14,20.769,13.331,32.921,1.92,35.3866,-0.530665,-0.824807,-0.195161,7.14738,1,0.0717079,0.29021,57.9816,18.4251,0.0156928,0.0143316,0.00697887,21.7038,80.534,-143.892,27.9311,91.4596,-414.321,28.276,111.423,-409.337,0.0456912,0
A,27,.,.,.,ILE,N,201,26,73,9,23.489,17.13,33.332,1.7,0,0,0,0,0,2,0.295421,0.321746,12.1893,9.65677,2,2,2,20.3832,71.3229,-120.083,24.3704,86.3796,-211.992,26.1778,104.63,-393.304,2,0
A,27,.,.,.,ILE,CA,202,26,68,9,24.474,17.919,32.595,1.9,0,0,0,0,0,2,0.135012,0.321746,14.3651,11.8945,2,2,2,20.3832,71.3229,-120.083,24.3704,86.3796,-211.992,26.1778,104.63,-393.304,2,0
A,27,.,.,.,ILE,C,203,26,67,9,25.661,17.006,32.286,1.75,0,0,0,0,0,2,0.248023,0.321746,10.1049,8.46503,2,2,2,20.3832,71.3229,-120.083,24.3704,86.3796,-211.992,26.1778,104.63,-393.304,2,0
A,27,.,.,.,ILE,O,204,26,74,9,26.258,16.422,33.192,1.49,0,0,0,0,0,2,0.292027,0.321746,13.9062,9.09074,2,2,2,20.3832,71.3229,-120.083,24.3704,86.3796,-211.992,26.1778,104.63,-393.304,2,0
A,27,.,.,.,ILE,CB,205,26,69,9,24.985,19.093,33.436,2.01,0,0,0,0,0,2,0.406879,0.321746,15.9626,13.7719,2,2,2,20.3832,71.3229,-120.083,24.3704,86.3796,-211.992,26.1778,104.63,-393.304,2,0
A,27,.,.,.,ILE,CG1,206,26,71,9,23.807,19.967,33.863,1.92,2.80711,-0.901506,-0.131644,0.412259,3.00313,1,0.401652,0.321746,29.607,15.9993,0.979113,2,2,20.3832,71.3229,-120.083,24.3704,86.3796,-211.992,26.1778,104.63,-393.304,2,1
A,27,.,.,.,ILE,CG2,207,26,72,9,26.029,19.884,32.66,1.92,0.000991792,0.329231,0.792106,0.513979,0.000803204,1,0.340597,0.321746,39.3868,21.9503,0.823907,2,2,20.3832,71.3229,-120.083,24.3704,86.3796,-211.992,26.1778,104.63,-393.304,2,1
A,27,.,.,.,ILE,CD1,208,26,70,9,24.191,21.034,34.889,1.92,12.0546,0.632894,0.646957,0.425314,9.16891,1,0.454354,0.321746,51.3721,23.0431,0.889388,0.887232,2,20.3832,71.3229,-120.083,24.3704,86.3796,-211.992,26.1778,104.63,-393.304,0.810537,1
A,28,.,.,.,ILE,N,209,27,73,9,25.985,16.878,31.003,1.7,0,0,0,0,0,2,0.22511,0.172996,14.633,9.82667,2,2,2,22.2595,84.1891,-216.846,24.3704,86.3796,-211.992,26.1778,104.63,-393.304,2,0
A,28,.,.,.,ILE,CA,210,27,68,9,27.096,16.056,30.555,1.9,0,0,0,0,0,2,0.271666,0.172996,13.5707,11.8131,2,2,2,22.2595,84.1891,-216.846,24.3704,86.3796,-211.992,26.1778,104.63,-393.304,2,0
A,28,.,.,.,ILE,C,211,27,67,9,28.385,16.863,30.61,1.75,0,0,0,0,0,2,0.336814,0.172996,9.48058,8.4594,2,2,2,22.2595,84.1891,-216.846,24.3704,86.3796,-211.992,26.1778,104.63,-393.304,2,0
A,28,.,.,.,ILE,O,212,27,74,9,28.458,17.985,30.086,1.49,0.0733213,-0.500957,0.246811,-0.829534,0.069522,1,0.297034,0.172996,19.7505,9.38617,0.904686,2,2,22.2595,84.1891,-216.846,24.3704,86.3796,-211.992,26.1778,104.63,-393.304,2,0
A,28,.,.,.,ILE,CB,213,27,69,9,26.861,15.558,29.116,2.01,6.41937,-0.0761113,0.654414,-0.752296,7.45405,1,0.11284,0.172996,26.2948,13.9595,0.435595,0.435098,0.398598,22.2595,84.1891,-216.846,24.3704,86.3796,-211.992,26.1778,104.63,-393.304,0.0503972,0
A,28,.,.,.,ILE,CG1,214,27,71,9,25.65,14.623,29.093,1.92,0.983094,-0.923814,-0.35101,0.152837,1.05174,1,0.106935,0.172996,29.6462,16.0067,0.610807,0.601842,0.54323,22.2595,84.1891,-216.846,24.3704,86.3796,-211.992,26.1778,104.63,-393.304,0.0410959,0
A,28,.,.,.,ILE,CG2,215,27,72,9,28.084,14.836,28.606,1.92,14.5017,0.326068,0.0323048,-0.944794,11.7442,1,0.0144949,0.172996,51.2611,21.5593,0.0875648,0.0873963,0.0799972,22.2595,84.1891,-216.846,24.3704,86.3796,-211.992,26.1778,104.63,-393.304,0.0443992,0
A,28,.,.,.,ILE,CD1,216,27,70,9,25.398,13.994,27.736,1.92,54.4046,-0.416716,-0.351245,-0.838436,41.3809,1,0.0190704,0.172996,85.6927,22.8336,0.0125393,0.0123901,0.0106677,22.2595,84.1891,-216.846,24.3704,86.3796,-211.992,26.1778,104.63,-393.304,0.0459208,0
A,29,.,.,.,VAL,N,217,28,158,19,29.391,16.296,31.275,1.7,0,0,0,0,0,2,0.165163,0.169189,11.45,9.59201,2,2,2,22.0626,81.9713,-214.03,24.3704,86.3796,-211.992,26.1778,104.63,-393.304,2,0
A,29,.,.,.,VAL,CA,218,28,154,19,30.687,16.942,31.416,1.9,0,0,0,0,0,2,0.1508,0.169189,12.4398,11.2828,2,2,2,22.0626,81.9713,-214.03,24.3704,86.3796,-211.992,26.1778,104.63,-393.304,2,0
A,29,.,.,.,VAL,C,219,28,153,19,31.791,15.992,30.934,1.75,0.380831,0.768092,-0.135495,0.62584,0.908648,1,0.00496427,0.169189,11.6657,8.64006,0.930229,2,2,22.0626,81.9713,-214.03,24.3704,86.3796,-211.992,26.1778,104.63,-393.304,0.0492074,1
A,29,.,.,.,VAL,O,220,28,159,19,31.75,14.797,31.206,1.49,0.518447,0.784431,-0.0579991,0.617498,0.429868,1,0.0261342,0.169189,13.362,8.62471,0.91063,2,2,22.0626,81.9713,-214.03,24.3704,86.3796,-211.992,26.1778,104.63,-393.304,0.0418166,1
A,29,.,.,.,VAL,CB,221,28,155,19,30.948,17.354,32.894,2.01,9.51776,0.851923,0.352714,0.387066,8.35095,1,0.398088,0.169189,29.6524,14.3395,0.944627,2,2,22.0626,81.9713,-214.03,24.3704,86.3796,-211.992,26.1778,104.63,-393.304,0.719838,1
A,29,.,.,.,VAL,CG1,222,28,156,19,29.88,18.349,33.355,1.92,1.29372,0.653643,0.325551,0.683204,0.817055,1,0.297107,0.169189,38.9066,22.0934,0.959735,2,2,22.0626,81.9713,-214.03,24.3704,86.3796,-211.992,26.1778,104.63,-393.304,0.812349,1
A,29,.,.,.,VAL,CG2,223,28,157,19,30.922,16.136,33.8,1.92,4.55882,0.990477,0.0174107,0.136575,3.14617,1,0.142067,0.169189,41.7257,21.8542,0.944609,2,2,22.0626,81.9713,-214.03,24.3704,86.3796,-211.992,26.1778,104.63,-393.304,0.719494,1
A,30,.,.,.,PRO,N,224,29,114,14,32.78,16.512,30.192,1.7,0.517024,0.537777,0.0104011,0.843023,0.681225,1,0.248273,0.205169,6.98144,5.37028,0.867697,0.631024,2,22.9257,78.6505,-235.169,24.3704,86.3796,-211.992,26.1778,104.63,-393.304,0.046589,1
A,30,.,.,.,PRO,CA,225,29,110,14,32.887,17.923,29.805,1.9,4.48583,0.398239,0.5161,0.758318,2.4545,1,0.239111,0.205169,23.2316,12.6662,0.350417,0.333778,0.330362,22.9257,78.6505,-235.169,24.3704,86.3796,-211.992,26.1778,104.63,-393.304,0.0503128,1
A,30,.,.,.,PRO,C,226,29,109,14,31.743,18.22,28.846,1.75,0.709537,0.350747,-0.00849148,-0.936432,1.3067,1,0.253843,0.205169,10.9801,8.47898,0.137164,0.136582,0.130202,22.9257,78.6505,-235.169,24.3704,86.3796,-211.992,26.1778,104.63,-393.304,0.0666531,0
A,30,.,.,.,PRO,O,227,29,115,14,31.151,17.292,28.287,1.49,10.3607,0.0811524,-0.381476,-0.92081,3.2235,1,0.158034,0.205169,25.8535,9.18948,0.133415,0.13333,0.128427,22.9257,78.6505,-235.169,24.3704,86.3796,-211.992,26.1778,104.63,-393.304,0.0603421,0
A,30,.,.,.,PRO,CB,228,29,111,14,34.252,18.003,29.102,1.91,31.6582,0.471483,0.698453,-0.538393,-10.3093,1,0.431943,0.205169,55.3107,17.1158,0.03181,0.0308719,0.0293317,22.9257,78.6505,-235.169,24.3704,86.3796,-211.992,26.1778,104.63,-393.304,0.0531146,1
A,30,.,.,.,PRO,CG,229,29,113,14,34.926,16.654,29.398,1.92,43.5715,0.969799,-0.241688,0.0328075,-19.7147,1,0.0932835,0.205169,62.1024,17.4138,0.0311614,0.0301439,0.0275154,22.9257,78.6505,-235.169,24.3704,86.3796,-211.992,26.1778,104.63,-393.304,0.047486,1
A,30,.,.,.,PRO,CD,230,29,112,14,33.776,15.703,29.474,1.92,13.9748,0.147019,-0.53386,-0.832694,2.82263,1,0.0116958,0.205169,44.9387,18.3393,0.0311346,0.0301385,0.0282293,22.9257,78.6505,-235.169,24.3704,86.3796,-211.992,26.1778,104.63,-393.304,0.0431288,1
A,31,.,.,.,GLY,N,231,30,55,7,31.421,19.496,28.662,1.7,3.57705,0.751468,0.545864,-0.370579,3.18305,1,0.432402,0.357984,22.4938,10.1958,0.3571,0.355095,0.350019,22.3347,70.1223,-210.428,24.3704,86.3796,-211.992,26.1778,104.63,-393.304,0.0709507,0
A,31,.,.,.,GLY,CA,232,30,54,7,30.337,19.839,27.757,1.9,23.0729,0.166056,-0.191304,-0.967382,-0.675938,1,0.277067,0.357984,49.2793,18.8231,0.0766378,0.0762862,0.0709183,22.3347,70.1223,-210.428,24.3704,86.3796,-211.992,26.1778,104.63,-393.304,0.0979908,0
A,31,.,.,.,GLY,C,233,30,53,7,29.719,21.207,27.993,1.75,0.0123391,0.844736,0.311839,-0.434946,0.0136973,1,0.458615,0.357984,12.1649,8.91599,0.532949,0.529678,0.429614,22.3347,70.1223,-210.428,24.3704,86.3796,-211.992,26.1778,104.63,-393.304,0.106335,0
A,31,.,.,.,GLY,O,234,30,56,7,30.269,22.043,28.72,1.49,0,0,0,0,0,2,0.263852,0.357984,14.9374,9.16632,2,2,2,22.3347,70.1223,-210.428,24.3704,86.3796,-211.992,26.1778,104.63,-393.304,2,0
A,32,.,.,.,ASN,N,235,31,19,2,28.563,21.437,27.381,1.7,6.54318,-0.373722,-0.660817,-0.650887,8.9427,1,0.601553,0.45016,21.772,9.99616,0.436133,0.435098,0.398598,20.9614,57.7561,-175.18,24.3704,86.3796,-211.992,26.1778,104.63,-393.304,0.145426,0
A,32,.,.,.,ASN,CA,236,31,16,2,27.873,22.72,27.522,1.9,0,0,0,0,0,2,0.816853,0.45016,14.4231,12.573,2,2,2,20.9614,57.7561,-175.18,24.3704,86.3796,-211.992,26.1778,104.63,-393.304,2,0
A,32,.,.,.,ASN,C,237,31,15,2,26.542,22.58,28.245,1.75,0.415788,-0.745491,0.0485304,-0.664747,0.65127,1,0.810355,0.45016,12.1182,8.70365,0.661399,0.647603,2,20.9614,57.7561,-175.18,24.3704,86.3796,-211.992,26.1778,104.63,-393.304,0.0252649,0
A,32,.,.,.,ASN,O,238,31,21,2,25.933,21.513,28.264,1.49,6.84787,-0.264152,-0.515375,-0.815237,1.85822,1,0.541756,0.45016,27.5084,9.28383,0.63959,0.629918,0.594477,20.9614,57.7561,-175.18,24.3704,86.3796,-211.992,26.1778,104.63,-393.304,0.0585041,0
A,32,.,.,.,ASN,CB,239,31,17,2,27.629,23.343,26.144,1.91,8.44766,-0.546993,-0.647063,-0.531138,-1.33555,1,0.468403,0.45016,39.1674,17.5944,0.563688,0.553998,0.478127,20.9614,57.7561,-175.18,24.3704,86.3796,-211.992,26.1778,104.63,-393.304,0.0200483,0
A,32,.,.,.,ASN,CG,240,31,18,2,28.919,23.617,25.391,1.81,2.54544,0.578886,0.484193,-0.656085,-0.302533,1,0.144577,0.45016,21.0344,11.0562,0.0237592,0.0236444,0.0218936,20.9614,57.7561,-175.18,24.3704,86.3796,-211.992,26.1778,104.63,-393.304,0.0341302,0
A,32,.,.,.,ASN,OD1,241,31,22,2,28.972,23.492,24.167,1.52,41.9439,0.245102,-0.171808,-0.954153,-14.6014,1,0.161776,0.45016,50.7972,9.70887,0.0171333,0.0170703,0.0159631,20.9614,57.7561,-175.18,24.3704,86.3796,-211.992,26.1778,104.63,-393.304,0.0242621,0
A,32,.,.,.,ASN,ND2,242,31,20,2,29.964,24.001,26.119,1.62,4.99964,0.788124,-0.437282,-0.43318,-2.39938,1,0.0560101,0.45016,24.6412,12.3502,0.0273114,0.0267633,0.0242909,20.9614,57.7561,-175.18,24.3704,86.3796,-211.992,26.1778,104.63,-393.304,0.0373929,0
A,33,.,.,.,VAL,N,243,32,158,19,26.108,23.666,28.864,1.7,0,0,0,0,0,2,0.589851,0.450982,11.896,9.59191,2,2,2,19.3688,49.8128,-135.752,24.3704,86.3796,-211.992,26.1778,104.63,-393.304,2,0
A,33,.,.,.,VAL,CA,244,32,154,19,24.837,23.667,29.556,1.9,0.013893,-0.317597,-0.328541,-0.88949,0.0236525,1,0.4875,0.450982,15.123,11.8663,0.817555,2,2,19.3688,49.8128,-135.752,24.3704,86.3796,-211.992,26.1778,104.63,-393.304,2,0
A,33,.,.,.,VAL,C,245,32,153,19,24.047,24.812,28.936,1.75,0,0,0,0,0,2,0.503505,0.450982,11.9582,8.50136,2,2,2,19.3688,49.8128,-135.752,24.3704,86.3796,-211.992,26.1778,104.63,-393.304,2,0
A,33,.,.,.,VAL,O,246,32,159,19,24.626,25.839,28.567,1.49,0,0,0,0,0,2,0.252859,0.450982,14.9371,9.13718,2,2,2,19.3688,49.8128,-135.752,24.3704,86.3796,-211.992,26.1778,104.63,-393.304,2,0
A,33,.,.,.,VAL,CB,247,32,155,19,25.032,23.87,31.09,2.01,0.152905,0.454586,-0.154942,0.877123,0.13416,1,0.513434,0.450982,20.5712,14.296,0.766475,0.778695,2,19.3688,49.8128,-135.752,24.3704,86.3796,-211.992,26.1778,104.63,-393.304,0.812461,1
A,33,.,.,.,VAL,CG1,248,32,156,19,25.753,25.168,31.369,1.92,16.8049,0.297244,0.349135,0.888679,10.6132,1,0.301667,0.450982,54.1696,21.8809,0.76339,0.767148,2,19.3688,49.8128,-135.752,24.3704,86.3796,-211.992,26.1778,104.63,-393.304,0.791739,1
A,33,.,.,.,VAL,CG2,249,32,157,19,23.685,23.845,31.805,1.92,0.228927,0.481828,0.154467,0.862543,0.157989,1,0.508061,0.450982,32.0719,21.3248,0.750986,0.767148,2,19.3688,49.8128,-135.752,24.3704,86.3796,-211.992,26.1778,104.63,-393.304,0.812768,1
A,34,.,.,.,THR,N,250,33,126,16,22.746,24.611,28.745,1.7,0.0387276,0.259921,-0.722466,-0.640691,0.0630539,1,0.739112,0.656971,12.1803,9.50055,0.811302,2,2,19.7476,47.9095,-182.851,24.3704,86.3796,-211.992,26.1778,104.63,-393.304,2,0
A,34,.,.,.,THR,CA,251,33,123,16,21.914,25.668,28.196,1.9,0,0,0,0,0,2,0.6049,0.656971,14.1695,11.8798,2,2,2,19.7476,47.9095,-182.851,24.3704,86.3796,-211.992,26.1778,104.63,-393.304,2,0
A,34,.,.,.,THR,C,252,33,122,16,21.141,26.213,29.379,1.75,0,0,0,0,0,2,0.74134,0.656971,10.4888,8.39927,2,2,2,19.7476,47.9095,-182.851,24.3704,86.3796,-211.992,26.1778,104.63,-393.304,2,0
A,34,.,.,.,THR,O,253,33,127,16,20.43,25.473,30.056,1.49,0,0,0,0,0,2,0.711579,0.656971,16.3093,9.1809,2,2,2,19.7476,47.9095,-182.851,24.3704,86.3796,-211.992,26.1778,104.63,-393.304,2,0
A,34,.,.,.,THR,CB,254,33,124,16,20.919,25.158,27.15,2.01,1.76497,-0.568806,-0.598571,-0.564068,0.0796702,1,0.565184,0.656971,26.4469,16.8648,0.541308,0.533247,0.475048,19.7476,47.9095,-182.851,24.3704,86.3796,-211.992,26.1778,104.63,-393.304,0.046119,0
A,34,.,.,.,THR,OG1,255,33,128,16,21.628,24.54,26.079,1.54,15.0499,-0.0550469,-0.872047,-0.486317,-0.89805,1,0.613879,0.656971,30.9636,9.50316,0.0228377,0.0223653,0.0155258,19.7476,47.9095,-182.851,24.3704,86.3796,-211.992,26.1778,104.63,-393.304,0.0131549,0
A,34,.,.,.,THR,CG2,256,33,125,16,20.092,26.32,26.596,1.92,8.24391,-0.368592,-0.212584,-0.904958,-1.3605,1,0.622803,0.656971,46.5198,22.2236,0.536957,0.531762,0.475048,19.7476,47.9095,-182.851,24.3704,86.3796,-211.992,26.1778,104.63,-393.304,0.0146461,0
A,35,.,.,.,LEU,N,257,34,81,10,21.271,27.51,29.615,1.7,0,0,0,0,0,2,0.490237,0.57793,13.3995,9.88205,2,2,2,18.2844,38.0873,-133.135,24.3704,86.3796,-211.992,26.1778,104.63,-393.304,2,0
A,35,.,.,.,LEU,CA,258,34,76,10,20.611,28.148,30.739,1.9,0,0,0,0,0,2,0.634708,0.57793,15.9029,12.7691,2,2,2,18.2844,38.0873,-133.135,24.3704,86.3796,-211.992,26.1778,104.63,-393.304,2,0
A,35,.,.,.,LEU,C,259,34,75,10,19.763,29.354,30.354,1.75,0,0,0,0,0,2,0.396287,0.57793,10.2359,8.23796,2,2,2,18.2844,38.0873,-133.135,24.3704,86.3796,-211.992,26.1778,104.63,-393.304,2,0
A,35,.,.,.,LEU,O,260,34,82,10,20.151,30.153,29.509,1.49,0,0,0,0,0,2,0.481877,0.57793,15.6695,9.11976,2,2,2,18.2844,38.0873,-133.135,24.3704,86.3796,-211.992,26.1778,104.63,-393.304,2,0
A,35,.,.,.,LEU,CB,261,34,77,10,21.66,28.624,31.755,1.91,0.845144,0.862826,-0.192863,0.467263,0.860467,1,0.603952,0.57793,26.5255,15.679,0.804692,0.810858,2,18.2844,38.0873,-133.135,24.3704,86.3796,-211.992,26.1778,104.63,-393.304,0.81679,1
A,35,.,.,.,LEU,CG,262,34,80,10,21.16,29.692,32.739,2.01,0,0,0,0,0,2,0.551193,0.57793,16.7478,13.4709,2,2,2,18.2844,38.0873,-133.135,24.3704,86.3796,-211.992,26.1778,104.63,-393.304,2,0
A,35,.,.,.,LEU,CD1,263,34,78,10,20.667,29.019,33.996,1.92,9.34555,0.543855,0.0207277,0.838923,6.36411,1,0.744954,0.57793,42.1358,21.6046,0.822596,0.824259,2,18.2844,38.0873,-133.135,24.3704,86.3796,-211.992,26.1778,104.63,-393.304,0.816906,1
A,35,.,.,.,LEU,CD2,264,34,79,10,22.273,30.67,33.07,1.92,27.767,0.682749,0.201234,0.702395,14.7289,1,0.720233,0.57793,61.3339,22.1428,0.852945,0.857016,2,18.2844,38.0873,-133.135,24.3704,86.3796,-211.992,26.1778,104.63,-393.304,0.816577,1
A,36,.,.,.,SER,N,265,35,119,15,18.593,29.46,30.965,1.7,0,0,0,0,0,2,0.882863,0.769128,12.0786,9.64642,2,2,2,18.8168,41.3319,-149.85,28.276,111.423,-409.337,27.9311,91.4596,-414.321,2,0
A,36,.,.,.,SER,CA,266,35,117,15,17.762,30.631,30.759,1.9,0,0,0,0,0,2,0.762463,0.769128,16.2874,12.8529,2,2,2,18.8168,41.3319,-149.85,28.276,111.423,-409.337,27.9311,91.4596,-414.321,2,0
A,36,.,.,.,SER,C,267,35,116,15,17.334,30.979,32.177,1.75,0,0,0,0,0,2,0.896365,0.769128,10.1142,8.49751,2,2,2,18.8168,41.3319,-149.85,28.276,111.423,-409.337,27.9311,91.4596,-414.321,2,0
A,36,.,.,.,SER,O,268,35,120,15,17.238,30.104,33.043,1.49,0,0,0,0,0,2,0.904323,0.769128,12.076,9.06235,2,2,2,18.8168,41.3319,-149.85,28.276,111.423,-409.337,27.9311,91.4596,-414.321,2,0
A,36,.,.,.,SER,CB,269,35,118,15,16.533,30.343,29.876,1.91,5.36861,-0.832897,0.467789,-0.295731,-1.39372,1,0.525849,0.769128,32.1123,19.2289,0.61312,0.604217,0.567336,18.8168,41.3319,-149.85,28.276,111.423,-409.337,27.9311,91.4596,-414.321,0.0341239,0
A,36,.,.,.,SER,OG,270,35,121,15,15.46,29.805,30.615,1.54,10.8543,-0.930673,0.311484,-0.191902,-1.56553,1,0.642907,0.769128,30.0272,10.0843,0.612384,0.604217,0.567336,18.8168,41.3319,-149.85,28.276,111.423,-409.337,27.9311,91.4596,-414.321,0.0322985,0
A,37,.,.,.,VAL,N,271,36,158,19,17.098,32.252,32.424,1.7,0.6724,-0.898339,0.168904,-0.405535,1.33414,1,0.442863,0.488376,14.1426,9.66951,0.813027,0.777698,2,18.1042,39.39,-83.1944,28.276,111.423,-409.337,27.9311,91.4596,-414.321,0.088682,0
A,37,.,.,.,VAL,CA,272,36,154,19,16.692,32.672,33.74,1.9,0.035095,-0.801829,-0.0956795,-0.589844,0.0597482,1,0.367511,0.488376,15.8781,11.8055,0.823597,2,2,18.1042,39.39,-83.1944,28.276,111.423,-409.337,27.9311,91.4596,-414.321,0.0410755,0
A,37,.,.,.,VAL,C,273,36,153,19,16.058,34.033,33.674,1.75,0.935566,-0.593805,-0.231584,-0.770561,2.23222,1,0.223696,0.488376,12.07,8.33741,0.827094,0.777698,2,18.1042,39.39,-83.1944,28.276,111.423,-409.337,27.9311,91.4596,-414.321,0.278374,1
A,37,.,.,.,VAL,O,274,36,159,19,16.431,34.879,32.857,1.49,0.963944,-0.246979,0.8065,-0.537177,0.79925,1,0.424299,0.488376,16.5945,9.09128,0.831555,0.777698,2,18.1042,39.39,-83.1944,28.276,111.423,-409.337,27.9311,91.4596,-414.321,0.0145271,1
A,37,.,.,.,VAL,CB,275,36,155,19,17.904,32.719,34.71,2.01,0.383756,0.790668,-0.264797,0.552021,0.33671,1,0.714484,0.488376,18.2748,14.1823,0.851375,0.855909,2,18.1042,39.39,-83.1944,28.276,111.423,-409.337,27.9311,91.4596,-414.321,0.817911,1
A,37,.,.,.,VAL,CG1,276,36,156,19,19.01,33.581,34.141,1.92,21.3174,0.624107,0.616587,0.479907,13.4631,1,0.675162,0.488376,54.7843,21.8938,0.855854,0.860785,2,18.1042,39.39,-83.1944,28.276,111.423,-409.337,27.9311,91.4596,-414.321,0.809978,1
A,37,.,.,.,VAL,CG2,277,36,157,19,17.479,33.265,36.073,1.92,11.7986,0.760075,0.405217,0.50802,8.14253,1,0.570621,0.488376,48.301,21.7979,0.85389,0.858589,2,18.1042,39.39,-83.1944,28.276,111.423,-409.337,27.9311,91.4596,-414.321,0.820888,1
A,38,.,.,.,MET,N,278,37,97,12,15.08,34.229,34.527,1.7,0,0,0,0,0,2,0.55544,0.392342,11.2338,9.39702,2,2,2,19.1268,49.86,-62.9199,28.276,111.423,-409.337,27.9311,91.4596,-414.321,2,0
A,38,.,.,.,MET,CA,279,37,93,12,14.429,35.509,34.613,1.9,0.0954386,0.930006,0.319239,0.182142,0.124764,1,0.71691,0.392342,15.2607,12.4114,0.816189,0.777698,2,19.1268,49.86,-62.9199,28.276,111.423,-409.337,27.9311,91.4596,-414.321,2,1
A,38,.,.,.,MET,C,280,37,92,12,14.194,35.744,36.097,1.75,0,0,0,0,0,2,0.496461,0.392342,10.3408,8.60974,2,2,2,19.1268,49.86,-62.9199,28.276,111.423,-409.337,27.9311,91.4596,-414.321,2,0
A,38,.,.,.,MET,O,281,37,98,12,13.747,34.844,36.819,1.49,0,0,0,0,0,2,0.510456,0.392342,12.3887,8.94455,2,2,2,19.1268,49.86,-62.9199,28.276,111.423,-409.337,27.9311,91.4596,-414.321,2,0
A,38,.,.,.,MET,CB,282,37,94,12,13.117,35.485,33.854,1.91,6.99877,-0.169798,-0.361812,-0.916657,4.49499,1,0.373373,0.392342,32.0353,16.4432,0.625696,0.615692,0.567336,19.1268,49.86,-62.9199,28.276,111.423,-409.337,27.9311,91.4596,-414.321,0.0180747,0
A,38,.,.,.,MET,CG,283,37,96,12,12.536,36.856,33.656,1.92,3.02355,-0.398882,-0.253929,-0.881143,1.69542,1,0.208784,0.392342,28.1807,18.0033,0.617251,0.608647,0.550011,19.1268,49.86,-62.9199,28.276,111.423,-409.337,27.9311,91.4596,-414.321,0.0175958,0
A,38,.,.,.,MET,SD,284,37,99,12,11.263,37.297,35.011,1.94,0,0,0,0,0,2,0.121089,0.392342,28.7673,21.7987,2,2,2,19.1268,49.86,-62.9199,28.276,111.423,-409.337,27.9311,91.4596,-414.321,2,0
A,38,.,.,.,MET,CE,285,37,95,12,9.686,36.708,34.046,1.8,47.4421,-0.792682,-0.090283,-0.602914,13.2075,1,0.156223,0.392342,75.8348,20.3695,0.0146091,0.0145923,0.0131547,19.1268,49.86,-62.9199,28.276,111.423,-409.337,27.9311,91.4596,-414.321,0.0243796,0
A,39,.,.,.,GLY,N,286,38,55,7,14.542,36.939,36.557,1.7,1.99241,0.998483,0.0538392,-0.0114996,1.77295,1,0.746378,0.396509,16.586,10.0069,0.78038,0.779272,2,18.8745,54.533,-1.2712,26.6355,105.412,-430.876,23.3479,94.0018,-25.8191,0.777753,1
A,39,.,.,.,GLY,CA,287,38,54,7,14.344,37.263,37.955,1.9,4.94014,0.96114,0.217018,0.170623,-0.144725,1,0.324761,0.396509,33.3777,18.7184,0.78428,0.77233,2,18.8745,54.533,-1.2712,26.6355,105.412,-430.876,23.3479,94.0018,-25.8191,0.760593,1
A,39,.,.,.,GLY,C,288,38,53,7,14.069,38.741,38.113,1.75,1.71568,0.957324,0.183516,0.223277,1.90452,1,0.232724,0.396509,14.6276,8.79619,0.789707,0.784492,2,18.8745,54.533,-1.2712,26.6355,105.412,-430.876,23.3479,94.0018,-25.8191,0.683627,1
A,39,.,.,.,GLY,O,289,38,56,7,14.118,39.512,37.144,1.49,0,0,0,0,0,2,0.282173,0.396509,13.5823,9.04679,2,2,2,18.8745,54.533,-1.2712,26.6355,105.412,-430.876,23.3479,94.0018,-25.8191,2,0
A,40,.,.,.,SER,N,290,39,119,15,13.765,39.154,39.328,1.7,2.02616,0.963446,-0.0376697,0.265242,2.46535,1,0.189624,0.323838,15.6794,9.80113,0.790943,0.784492,2,20.1821,69.875,25.4662,26.6355,105.412,-430.876,23.3479,94.0018,-25.8191,0.76655,1
A,40,.,.,.,SER,CA,291,39,117,15,13.494,40.565,39.538,1.9,0.528202,0.99767,-0.0682121,0.00114577,0.294457,1,0.450466,0.323838,17.517,12.6145,0.795063,0.795988,2,20.1821,69.875,25.4662,26.6355,105.412,-430.876,23.3479,94.0018,-25.8191,0.727136,1
A,40,.,.,.,SER,C,292,39,116,15,13.876,40.94,40.941,1.75,1.41376,0.954943,-0.239205,-0.175682,2.45495,1,0.389976,0.323838,13.114,8.61435,0.795046,0.795988,2,20.1821,69.875,25.4662,26.6355,105.412,-430.876,23.3479,94.0018,-25.8191,0.729953,1
A,40,.,.,.,SER,O,293,39,120,15,14.027,40.074,41.8,1.49,1.44852,0.925845,-0.329569,-0.18492,0.436225,1,0.462854,0.323838,16.2583,9.04149,0.802324,0.805974,2,20.1821,69.875,25.4662,26.6355,105.412,-430.876,23.3479,94.0018,-25.8191,0.761663,1
A,40,.,.,.,SER,CB,294,39,118,15,12.006,40.859,39.321,1.91,4.62946,-0.5182,0.813262,0.264715,-1.20184,1,0.248446,0.323838,34.6795,19.3638,0.743709,0.703843,2,20.1821,69.875,25.4662,26.6355,105.412,-430.876,23.3479,94.0018,-25.8191,0.0141424,0
A,40,.,.,.,SER,OG,295,39,121,15,11.222,40.175,40.285,1.54,5.33349,-0.393402,0.478087,0.785282,-0.769259,1,0.20166,0.323838,23.8017,10.2839,0.778821,0.775953,2,20.1821,69.875,25.4662,26.6355,105.412,-430.876,23.3479,94.0018,-25.8191,0.0135467,1
A,41,.,.,.,THR,N,296,40,126,16,14.069,42.233,41.155,1.7,0,0,0,0,0,2,0.225121,0.322582,13.211,9.71156,2,2,2,20.7324,80.2234,42.8707,26.9328,117.413,-448.047,23.1949,98.0973,27.2799,2,0
A,41,.,.,.,THR,CA,297,40,123,16,14.369,42.738,42.476,1.9,0.0067851,-0.946269,-0.307233,0.100908,0.00661502,1,0.327501,0.322582,14.2123,11.9584,0.798725,2,2,20.7324,80.2234,42.8707,26.9328,117.413,-448.047,23.1949,98.0973,27.2799,2,1
A,41,.,.,.,THR,C,298,40,122,16,13.582,44.036,42.635,1.75,0.983509,-0.904087,-0.196515,-0.379483,1.89287,1,0.232538,0.322582,12.062,8.56286,0.738232,0.703843,2,20.7324,80.2234,42.8707,26.9328,117.413,-448.047,23.1949,98.0973,27.2799,0.0265181,0
A,41,.,.,.,THR,O,299,40,127,16,13.549,44.881,41.731,1.49,2.64031,-0.912773,0.0430284,-0.406195,1.22091,1,0.198303,0.322582,16.6909,9.20998,0.730223,0.703843,2,20.7324,80.2234,42.8707,26.9328,117.413,-448.047,23.1949,98.0973,27.2799,0.0215908,0
A,41,.,.,.,THR,CB,300,40,124,16,15.899,42.988,42.702,2.01,1.59802,0.444265,-0.758634,-0.476553,0.0721339,1,0.514135,0.322582,24.728,17.0654,0.80435,0.805974,2,20.7324,80.2234,42.8707,26.9328,117.413,-448.047,23.1949,98.0973,27.2799,0.744754,1
A,41,.,.,.,THR,OG1,301,40,128,16,16.088,43.606,43.978,1.54,0,0,0,0,-0,2,0.303622,0.322582,14.4863,9.29403,2,2,2,20.7324,80.2234,42.8707,26.9328,117.413,-448.047,23.1949,98.0973,27.2799,2,0
A,41,.,.,.,THR,CG2,302,40,125,16,16.492,43.868,41.617,1.92,1.40689,0.371477,-0.807627,-0.457978,-0.23218,1,0.456851,0.322582,39.6833,22.1579,0.808657,0.805974,2,20.7324,80.2234,42.8707,26.9328,117.413,-448.047,23.1949,98.0973,27.2799,0.705559,1
A,42,.,.,.,SER,N,303,41,119,15,12.925,44.168,43.775,1.7,1.31471,-0.722156,-0.581946,-0.373937,1.59968,1,0.336511,0.165366,14.0991,9.56231,0.739982,0.708558,2,23.3479,94.0018,-25.8191,26.9328,117.413,-448.047,23.1949,98.0973,27.2799,0.0162056,1
A,42,.,.,.,SER,CA,304,41,117,15,12.127,45.341,44.044,1.9,7.63386,-0.642972,0.172697,-0.746165,4.25565,1,0.254539,0.165366,25.1752,12.9356,0.00503533,0.00223848,0,23.3479,94.0018,-25.8191,26.9328,117.413,-448.047,23.1949,98.0973,27.2799,0.0140385,0
A,42,.,.,.,SER,C,305,41,116,15,13.014,46.428,44.626,1.75,0,0,0,0,0,2,0.145462,0.165366,9.81395,8.71772,2,2,2,23.3479,94.0018,-25.8191,26.9328,117.413,-448.047,23.1949,98.0973,27.2799,2,0
A,42,.,.,.,SER,O,306,41,120,15,12.559,47.541,44.85,1.49,12.769,-0.634378,0.666323,0.391891,3.84541,1,0.135711,0.165366,30.2025,9.28922,0.00845175,0.00833738,0.00833738,23.3479,94.0018,-25.8191,26.9328,117.413,-448.047,23.1949,98.0973,27.2799,0.014456,0
A,42,.,.,.,SER,CB,307,41,118,15,10.971,44.987,44.996,1.91,43.6477,-0.99669,0.0211378,-0.0784999,-11.3312,1,0.0473792,0.165366,65.1142,19.4386,0.011171,0.0105006,0.008277,23.3479,94.0018,-25.8191,26.9328,117.413,-448.047,23.1949,98.0973,27.2799,0.0159479,0
A,42,.,.,.,SER,OG,308,41,121,15,11.433,44.37,46.184,1.54,12.2373,-0.666359,-0.0888476,0.740319,-1.76501,1,0.0725967,0.165366,27.6256,10.2508,0.0145726,0.014284,0.0125192,23.3479,94.0018,-25.8191,26.9328,117.413,-448.047,23.1949,98.0973,27.2799,0.0163664,0
A,43,.,.,.,VAL,N,309,42,158,19,14.289,46.098,44.861,1.7,0,0,0,0,0,2,0.244569,0.189607,11.9167,9.62829,2,2,2,23.1949,98.0973,27.2799,26.9328,117.413,-448.047,23.1949,98.0973,27.2799,2,0
A,43,.,.,.,VAL,CA,310,42,154,19,15.232,47.069,45.399,1.9,0.112385,-0.445421,0.855351,0.264527,0.191332,1,0.030078,0.189607,14.824,11.7139,0.630946,2,2,23.1949,98.0973,27.2799,26.9328,117.413,-448.047,23.1949,98.0973,27.2799,0.0158051,0
A,43,.,.,.,VAL,C,311,42,153,19,16.559,47.005,44.637,1.75,0,0,0,0,0,2,0.184434,0.189607,9.81739,8.50511,2,2,2,23.1949,98.0973,27.2799,26.9328,117.413,-448.047,23.1949,98.0973,27.2799,2,0
A,43,.,.,.,VAL,O,312,42,159,19,16.931,45.964,44.068,1.49,0,0,0,0,0,2,0.370057,0.189607,12.3912,8.89792,2,2,2,23.1949,98.0973,27.2799,26.9328,117.413,-448.047,23.1949,98.0973,27.2799,2,0
A,43,.,.,.,VAL,CB,313,42,155,19,15.516,46.859,46.94,2.01,7.99813,0.418345,0.597394,0.684184,7.01761,1,0.138017,0.189607,26.8152,14.2838,0.0287179,0.0261638,0.0146011,23.1949,98.0973,27.2799,26.9328,117.413,-448.047,23.1949,98.0973,27.2799,0.016542,0
A,43,.,.,.,VAL,CG1,314,42,156,19,14.206,46.802,47.729,1.92,39.9956,-0.398995,0.482258,0.779891,25.2593,1,0.133473,0.189607,68.0508,22.0676,0.0208276,0.0205046,0.0188403,23.1949,98.0973,27.2799,26.9328,117.413,-448.047,23.1949,98.0973,27.2799,0.0160587,0
A,43,.,.,.,VAL,CG2,315,42,157,19,16.295,45.591,47.177,1.92,4.89852,0.37503,0.339924,0.862441,3.38061,1,0.22662,0.189607,41.297,21.8747,0.844906,0.835972,2,23.1949,98.0973,27.2799,26.9328,117.413,-448.047,23.1949,98.0973,27.2799,0.0163995,0
A,44,.,.,.,PRO,N,316,43,114,14,17.279,48.13,44.588,1.7,0,0,0,0,0,2,0.0904106,0.498371,6.02278,5.39904,2,2,2,22.5658,97.2669,99.9265,26.9328,117.413,-448.047,23.1949,98.0973,27.2799,2,0
A,44,.,.,.,PRO,CA,317,43,110,14,18.565,48.143,43.885,1.9,0,0,0,0,0,2,0.697947,0.498371,15.6525,12.8092,2,2,2,22.5658,97.2669,99.9265,26.9328,117.413,-448.047,23.1949,98.0973,27.2799,2,0
A,44,.,.,.,PRO,C,318,43,109,14,19.504,47.22,44.644,1.75,0,0,0,0,0,2,0.918737,0.498371,10.3503,8.60524,2,2,2,22.5658,97.2669,99.9265,26.9328,117.413,-448.047,23.1949,98.0973,27.2799,2,0
A,44,.,.,.,PRO,O,319,43,115,14,19.393,47.07,45.87,1.49,9.70248,0.20299,0.296039,0.933357,3.0187,1,0.655619,0.498371,28.0567,9.29562,0.859752,0.884367,2,22.5658,97.2669,99.9265,26.9328,117.413,-448.047,23.1949,98.0973,27.2799,0.0106047,0
A,44,.,.,.,PRO,CB,320,43,111,14,19.019,49.603,43.997,1.91,12.8107,0.556781,0.814468,0.163207,-4.17171,1,0.894735,0.498371,44.5509,16.9428,0.022325,0.0221104,0.0207259,22.5658,97.2669,99.9265,26.9328,117.413,-448.047,23.1949,98.0973,27.2799,0.0137922,0
A,44,.,.,.,PRO,CG,321,43,113,14,17.734,50.364,44.176,1.92,32.6318,-0.0273354,0.999383,-0.022074,-14.7648,1,0.147915,0.498371,56.1117,17.3003,0.0227771,0.0225829,0.0208175,22.5658,97.2669,99.9265,26.9328,117.413,-448.047,23.1949,98.0973,27.2799,0.0166061,0
A,44,.,.,.,PRO,CD,322,43,112,14,16.923,49.472,45.084,1.92,20.0353,-0.223555,0.570166,0.790528,4.04674,1,0.0832325,0.498371,46.0825,18.0536,0.0235107,0.0233746,0.0218047,22.5658,97.2669,99.9265,26.9328,117.413,-448.047,23.1949,98.0973,27.2799,0.0162468,0
A,45,.,.,.,LEU,N,323,44,81,10,20.404,46.576,43.925,1.7,0,0,0,0,0,2,0.589762,0.586933,11.7235,9.30279,2,2,2,20.5974,84.0505,125.953,26.9328,117.413,-448.047,23.1949,98.0973,27.2799,2,0
A,45,.,.,.,LEU,CA,324,44,76,10,21.37,45.72,44.56,1.9,0.0351369,-0.0186758,0.0797333,0.996641,0.069589,1,0.639908,0.586933,16.9715,12.4783,0.856227,2,2,20.5974,84.0505,125.953,26.9328,117.413,-448.047,23.1949,98.0973,27.2799,2,0
A,45,.,.,.,LEU,C,325,44,75,10,22.67,46.5,44.403,1.75,0,0,0,0,0,2,0.749113,0.586933,11.5766,8.71546,2,2,2,20.5974,84.0505,125.953,26.9328,117.413,-448.047,23.1949,98.0973,27.2799,2,0
A,45,.,.,.,LEU,O,326,44,82,10,23.189,46.666,43.287,1.49,0,0,0,0,0,2,0.756501,0.586933,14.558,9.16874,2,2,2,20.5974,84.0505,125.953,26.9328,117.413,-448.047,23.1949,98.0973,27.2799,2,0
A,45,.,.,.,LEU,CB,327,44,77,10,21.43,44.363,43.856,1.91,0,0,0,0,0,2,0.703078,0.586933,22.213,15.7903,2,2,2,20.5974,84.0505,125.953,26.9328,117.413,-448.047,23.1949,98.0973,27.2799,2,0
A,45,.,.,.,LEU,CG,328,44,80,10,20.043,43.715,43.653,2.01,0,0,0,0,0,2,0.413045,0.586933,17.2358,13.9591,2,2,2,20.5974,84.0505,125.953,26.9328,117.413,-448.047,23.1949,98.0973,27.2799,2,0
A,45,.,.,.,LEU,CD1,329,44,78,10,20.169,42.507,42.745,1.92,19.9038,0.0809214,-0.725435,-0.683518,13.554,1,0.593409,0.586933,58.0103,22.1381,0.784554,0.778675,2,20.5974,84.0505,125.953,26.9328,117.413,-448.047,23.1949,98.0973,27.2799,0.729246,1
A,45,.,.,.,LEU,CD2,330,44,79,10,19.423,43.323,44.994,1.92,0,0,0,0,0,2,0.250649,0.586933,36.0742,22.133,2,2,2,20.5974,84.0505,125.953,26.9328,117.413,-448.047,23.1949,98.0973,27.2799,2,0
A,46,.,.,.,SER,N,331,45,119,15,23.168,47.02,45.523,1.7,1.82673,-0.450124,-0.0819459,0.889198,2.22269,1,0.921689,0.815998,18.839,9.99191,0.899102,0.918038,2,21.9396,91.0322,56.2033,26.9328,117.413,-448.047,23.1949,98.0973,27.2799,0.00915271,0
A,46,.,.,.,SER,CA,332,45,117,15,24.393,47.796,45.499,1.9,0,0,0,0,0,2,0.952605,0.815998,17.3666,12.7799,2,2,2,21.9396,91.0322,56.2033,26.9328,117.413,-448.047,23.1949,98.0973,27.2799,2,0
A,46,.,.,.,SER,C,333,45,116,15,25.398,47.427,46.573,1.75,0,0,0,0,0,2,0.912016,0.815998,11.1042,8.78049,2,2,2,21.9396,91.0322,56.2033,26.9328,117.413,-448.047,23.1949,98.0973,27.2799,2,0
A,46,.,.,.,SER,O,334,45,120,15,25.138,46.605,47.45,1.49,0.133816,-0.882427,0.204948,0.423461,0.0402992,1,0.751976,0.815998,18.5572,9.3037,0.831296,2,2,21.9396,91.0322,56.2033,26.9328,117.413,-448.047,23.1949,98.0973,27.2799,2,0
A,46,.,.,.,SER,CB,335,45,118,15,24.063,49.284,45.603,1.91,16.5185,0.293821,0.953198,-0.0712976,-4.28831,1,0.923278,0.815998,46.916,19.207,0.0070638,0.00676434,0.00475749,21.9396,91.0322,56.2033,26.9328,117.413,-448.047,23.1949,98.0973,27.2799,0.0097116,0
A,46,.,.,.,SER,OG,336,45,121,15,23.309,49.546,46.769,1.54,29.6986,-0.487829,0.527644,0.695424,-4.28348,1,0.434427,0.815998,45.1441,10.3145,0.0109974,0.0107821,0.00699152,21.9396,91.0322,56.2033,26.9328,117.413,-448.047,23.1949,98.0973,27.2799,0.00931592,0
A,47,.,.,.,SER,N,337,46,119,15,26.56,48.061,46.48,1.7,0.624638,0.198403,0.671631,-0.713826,0.760035,1,0.944514,0.70066,15.5976,9.70345,0.328114,0.309785,0.287835,22.7524,89.6985,-58.8737,26.9328,117.413,-448.047,23.1949,98.0973,27.2799,0.00983025,0
A,47,.,.,.,SER,CA,338,46,117,15,27.65,47.855,47.405,1.9,0,0,0,0,0,2,0.797806,0.70066,15.0107,12.5944,2,2,2,22.7524,89.6985,-58.8737,26.9328,117.413,-448.047,23.1949,98.0973,27.2799,2,0
A,47,.,.,.,SER,C,339,46,116,15,27.232,48.201,48.841,1.75,0.404681,0.614219,0.700806,0.362774,0.702716,1,0.438466,0.70066,11.3186,8.69266,0.00413678,0.00410286,0.00358946,22.7524,89.6985,-58.8737,26.9328,117.413,-448.047,23.1949,98.0973,27.2799,0.00994553,0
A,47,.,.,.,SER,O,340,46,120,15,26.542,49.184,49.058,1.49,20.9502,-0.243147,0.926063,0.288595,6.30922,1,0.547728,0.70066,35.7803,9.22441,0.0039524,0.00392086,0.00333624,22.7524,89.6985,-58.8737,26.9328,117.413,-448.047,23.1949,98.0973,27.2799,0.00973193,0
A,47,.,.,.,SER,CB,341,46,118,15,28.81,48.747,46.975,1.91,31.3038,0.218767,0.908188,-0.356841,-8.12666,1,0.875685,0.70066,57.0735,19.2815,0.0115907,0.0112468,0.0102838,22.7524,89.6985,-58.8737,26.9328,117.413,-448.047,23.1949,98.0973,27.2799,0.00995008,0
A,47,.,.,.,SER,OG,342,46,121,15,29.993,48.329,47.601,1.54,26.2061,0.934249,0.315992,0.165311,-3.77975,1,0.599763,0.70066,42.9558,10.2634,0.0174003,0.0169773,0.0154676,22.7524,89.6985,-58.8737,26.9328,117.413,-448.047,23.1949,98.0973,27.2799,0.0105678,0
A,48,.,.,.,PRO,N,343,47,114,14,27.607,47.382,49.832,1.7,0,0,0,0,0,2,0.618436,0.478424,6.51621,5.48644,2,2,2,22.638,84.5104,-131.512,26.1778,104.63,-393.304,24.3704,86.3796,-211.992,2,0
A,48,.,.,.,PRO,CA,344,47,110,14,28.386,46.142,49.75,1.9,0.187537,0.670434,-0.243183,-0.700985,0.102614,1,0.667791,0.478424,18.3785,12.6125,0.516965,0.417271,2,22.638,84.5104,-131.512,26.1778,104.63,-393.304,24.3704,86.3796,-211.992,2,0
A,48,.,.,.,PRO,C,345,47,109,14,27.416,44.996,49.463,1.75,0.0860329,0.19904,-0.672042,0.713261,0.15844,1,0.736833,0.478424,11.6799,8.79201,0.933105,2,2,22.638,84.5104,-131.512,26.1778,104.63,-393.304,24.3704,86.3796,-211.992,2,0
A,48,.,.,.,PRO,O,346,47,115,14,26.398,44.843,50.158,1.49,0.327586,0.383695,-0.645951,0.659944,0.101921,1,0.561608,0.478424,14.1436,9.00404,0.875896,2,2,22.638,84.5104,-131.512,26.1778,104.63,-393.304,24.3704,86.3796,-211.992,2,0
A,48,.,.,.,PRO,CB,347,47,111,14,29.01,46.042,51.131,1.91,12.649,0.634456,-0.0841544,0.768364,-4.11907,1,0.541421,0.478424,42.5852,16.9332,0.00884031,0.00822586,0.00404357,22.638,84.5104,-131.512,26.1778,104.63,-393.304,24.3704,86.3796,-211.992,0.0151516,0
A,48,.,.,.,PRO,CG,348,47,113,14,27.926,46.561,52.017,1.92,16.2121,0.513693,0.0860362,0.853649,-7.33545,1,0.0318475,0.478424,40.7684,17.1049,0.0108907,0.0106324,0.00857894,22.638,84.5104,-131.512,26.1778,104.63,-393.304,24.3704,86.3796,-211.992,0.0113959,0
A,48,.,.,.,PRO,CD,349,47,112,14,27.331,47.736,51.24,1.92,22.2511,0.118908,0.913304,0.389534,4.49427,1,0.191029,0.478424,48.4541,18.4977,0.0020857,0.00206331,0.00160123,22.638,84.5104,-131.512,26.1778,104.63,-393.304,24.3704,86.3796,-211.992,0.0103693,0
A,49,.,.,.,LEU,N,350,48,81,10,27.708,44.225,48.424,1.7,0.101218,0.873288,0.29307,-0.389203,0.205177,1,0.459509,0.564299,17.8545,9.97707,0.933105,2,2,20.0899,71.4561,-44.1319,26.1778,104.63,-393.304,24.3704,86.3796,-211.992,2,0
A,49,.,.,.,LEU,CA,351,48,76,10,26.85,43.123,48.022,1.9,0,0,0,0,0,2,0.253263,0.564299,14.7091,12.4836,2,2,2,20.0899,71.4561,-44.1319,26.1778,104.63,-393.304,24.3704,86.3796,-211.992,2,0
A,49,.,.,.,LEU,C,352,48,75,10,27.56,41.808,48.312,1.75,0,0,0,0,0,2,0.503861,0.564299,11.4523,8.71277,2,2,2,20.0899,71.4561,-44.1319,26.1778,104.63,-393.304,24.3704,86.3796,-211.992,2,0
A,49,.,.,.,LEU,O,353,48,82,10,28.605,41.513,47.724,1.49,0,0,0,0,0,2,0.614291,0.564299,13.2244,8.93978,2,2,2,20.0899,71.4561,-44.1319,26.1778,104.63,-393.304,24.3704,86.3796,-211.992,2,0
A,49,.,.,.,LEU,CB,354,48,77,10,26.528,43.235,46.519,1.91,0,0,0,0,0,2,0.772181,0.564299,21.0883,15.5411,2,2,2,20.0899,71.4561,-44.1319,26.1778,104.63,-393.304,24.3704,86.3796,-211.992,2,0
A,49,.,.,.,LEU,CG,355,48,80,10,25.34,42.411,46.018,2.01,0,0,0,0,0,2,0.729998,0.564299,18.3587,14.2836,2,2,2,20.0899,71.4561,-44.1319,26.1778,104.63,-393.304,24.3704,86.3796,-211.992,2,0
A,49,.,.,.,LEU,CD1,356,48,78,10,24.078,42.851,46.795,1.92,0,0,0,0,0,2,0.557073,0.564299,34.1408,21.9535,2,2,2,20.0899,71.4561,-44.1319,26.1778,104.63,-393.304,24.3704,86.3796,-211.992,2,0
A,49,.,.,.,LEU,CD2,357,48,79,10,25.14,42.633,44.498,1.92,3.30092,-0.334349,-0.66185,-0.670944,1.75096,1,0.62422,0.564299,45.9939,22.3465,0.847685,2,2,20.0899,71.4561,-44.1319,26.1778,104.63,-393.304,24.3704,86.3796,-211.992,0.750887,1
A,50,.,.,.,LYS,N,358,49,89,11,26.974,41.009,49.193,1.7,0,0,0,0,0,2,0.778795,0.599872,13.9275,9.78752,2,2,2,19.3892,58.8234,-102.575,26.1778,104.63,-393.304,24.3704,86.3796,-211.992,2,0
A,50,.,.,.,LYS,CA,359,49,84,11,27.568,39.733,49.58,1.9,0,0,0,0,0,2,0.709655,0.599872,15.1665,12.7032,2,2,2,19.3892,58.8234,-102.575,26.1778,104.63,-393.304,24.3704,86.3796,-211.992,2,0
A,50,.,.,.,LYS,C,360,49,83,11,26.859,38.529,48.978,1.75,0,0,0,0,0,2,0.857275,0.599872,10.7231,8.58851,2,2,2,19.3892,58.8234,-102.575,26.1778,104.63,-393.304,24.3704,86.3796,-211.992,2,0
A,50,.,.,.,LYS,O,361,49,91,11,25.636,38.425,49.037,1.49,0,0,0,0,0,2,0.769278,0.599872,14.7413,9.21664,2,2,2,19.3892,58.8234,-102.575,26.1778,104.63,-393.304,24.3704,86.3796,-211.992,2,0
A,50,.,.,.,LYS,CB,362,49,85,11,27.562,39.607,51.104,1.91,5.61791,0.123423,0.800844,0.586017,-0.621908,1,0.487111,0.599872,32.0893,16.4197,0.831102,0.815425,2,19.3892,58.8234,-102.575,26.1778,104.63,-393.304,24.3704,86.3796,-211.992,0.0485156,0
A,50,.,.,.,LYS,CG,363,49,88,11,28.16,38.308,51.618,1.92,0,0,0,0,-0,2,0.590551,0.599872,25.1509,16.5654,2,2,2,19.3892,58.8234,-102.575,26.1778,104.63,-393.304,24.3704,86.3796,-211.992,2,0
A,50,.,.,.,LYS,CD,364,49,86,11,28.276,38.319,53.129,1.92,18.308,0.0363444,0.760186,0.648688,-9.91053,1,0.202304,0.599872,44.6737,17.1027,0.633078,0.621941,0.484794,19.3892,58.8234,-102.575,26.1778,104.63,-393.304,24.3704,86.3796,-211.992,0.0597977,0
A,50,.,.,.,LYS,CE,365,49,87,11,28.917,37.041,53.609,1.88,0.983283,0.807178,0.405727,0.428777,-0.661888,1,0.470433,0.599872,26.0119,16.8735,0.537787,0.535218,0.475044,19.3892,58.8234,-102.575,26.1778,104.63,-393.304,24.3704,86.3796,-211.992,0.059968,0
A,50,.,.,.,LYS,NZ,366,49,90,11,28.796,36.886,55.064,1.67,52.2204,0.0726449,-0.0961528,0.992712,-44.0043,1,0.533449,0.599872,65.8746,14.3694,0.0376478,0.0374745,0.0338305,19.3892,58.8234,-102.575,26.1778,104.63,-393.304,24.3704,86.3796,-211.992,0.0600548,0
A,51,.,.,.,VAL,N,367,50,158,19,27.642,37.625,48.394,1.7,0,0,0,0,0,3,0.597419,0.55571,12.36,9.75592,2,2,2,17.69,41.6329,-69.7504,26.1778,104.63,-393.304,24.3704,86.3796,-211.992,2,0
A,51,.,.,.,VAL,CA,368,50,154,19,27.11,36.411,47.8,1.9,0,0,0,0,0,2,0.62014,0.55571,14.1388,11.9238,2,2,2,17.69,41.6329,-69.7504,26.1778,104.63,-393.304,24.3704,86.3796,-211.992,2,0
A,51,.,.,.,VAL,C,369,50,153,19,27.744,35.256,48.56,1.75,0,0,0,0,0,2,0.43413,0.55571,10.579,8.55505,2,2,2,17.69,41.6329,-69.7504,26.1778,104.63,-393.304,24.3704,86.3796,-211.992,2,0
A,51,.,.,.,VAL,O,370,50,159,19,28.983,35.166,48.648,1.49,0,0,0,0,0,2,0.381076,0.55571,14.998,9.17859,2,2,2,17.69,41.6329,-69.7504,26.1778,104.63,-393.304,24.3704,86.3796,-211.992,2,0
A,51,.,.,.,VAL,CB,371,50,155,19,27.474,36.299,46.294,2.01,0,0,0,0,0,2,0.666939,0.55571,18.7687,14.3368,2,2,2,17.69,41.6329,-69.7504,26.1778,104.63,-393.304,24.3704,86.3796,-211.992,2,0
A,51,.,.,.,VAL,CG1,372,50,156,19,26.946,34.971,45.711,1.92,11.2605,-0.318225,-0.0625117,-0.945952,7.11158,1,0.529156,0.55571,51.7968,22.1847,0.832875,0.839591,2,17.69,41.6329,-69.7504,26.1778,104.63,-393.304,24.3704,86.3796,-211.992,0.803716,1
A,51,.,.,.,VAL,CG2,373,50,157,19,26.885,37.475,45.519,1.92,5.17604,-0.62448,-0.187775,-0.758133,3.57213,1,0.661107,0.55571,41.1237,22.0688,0.777713,0.778243,2,17.69,41.6329,-69.7504,26.1778,104.63,-393.304,24.3704,86.3796,-211.992,0.813603,1
A,52,.,.,.,ASP,N,374,51,27,3,26.894,34.412,49.15,1.7,0,0,0,0,0,2,0.75819,0.740729,13.3723,9.90139,2,2,2,18.125,39.4635,-125.725,26.1778,104.63,-393.304,24.3704,86.3796,-211.992,2,0
A,52,.,.,.,ASP,CA,375,51,24,3,27.317,33.239,49.913,1.9,0,0,0,0,0,2,0.666564,0.740729,16.333,12.8707,2,2,2,18.125,39.4635,-125.725,26.1778,104.63,-393.304,24.3704,86.3796,-211.992,2,0
A,52,.,.,.,ASP,C,376,51,23,3,26.792,31.995,49.22,1.75,0,0,0,0,0,2,0.545187,0.740729,11.7505,8.64527,2,2,2,18.125,39.4635,-125.725,26.1778,104.63,-393.304,24.3704,86.3796,-211.992,2,0
A,52,.,.,.,ASP,O,377,51,28,3,25.571,31.803,49.129,1.49,0.161932,-0.210478,-0.544111,0.812183,0.0448629,1,0.72282,0.740729,16.5821,9.11733,0.915694,2,2,18.125,39.4635,-125.725,26.1778,104.63,-393.304,24.3704,86.3796,-211.992,2,0
A,52,.,.,.,ASP,CB,378,51,25,3,26.722,33.218,51.317,1.91,12.0746,-0.112384,-0.682164,0.722511,-3.54018,1,0.800822,0.740729,40.5415,17.7404,0.553947,0.547772,0.501267,18.125,39.4635,-125.725,26.1778,104.63,-393.304,24.3704,86.3796,-211.992,0.144773,0
A,52,.,.,.,ASP,CG,379,51,26,3,27.346,34.226,52.23,1.76,5.20909,-0.0821261,-0.474914,0.876192,-1.22552,1,0.930551,0.740729,18.7405,10.3555,0.576859,0.572307,0.501267,18.125,39.4635,-125.725,26.1778,104.63,-393.304,24.3704,86.3796,-211.992,0.060709,0
A,52,.,.,.,ASP,OD1,380,51,29,3,26.593,35.085,52.749,1.49,10.3787,-0.528653,-0.0920739,0.843829,-5.26347,1,0.766329,0.740729,30.5383,9.38172,0.582397,0.578978,0.501267,18.125,39.4635,-125.725,26.1778,104.63,-393.304,24.3704,86.3796,-211.992,0.0610796,0
A,52,.,.,.,ASP,OD2,381,51,29,3,28.583,34.154,52.434,1.49,4.50877,0.142339,-0.493701,0.857904,-2.28659,1,0.735368,0.740729,18.0343,9.04604,0.535214,0.534336,0.497128,18.125,39.4635,-125.725,26.1778,104.63,-393.304,24.3704,86.3796,-211.992,0.066477,0
A,53,.,.,.,LEU,N,382,52,81,10,27.707,31.141,48.773,1.7,0,0,0,0,0,2,0.308856,0.262781,13.3437,9.6952,2,2,2,17.2969,32.2579,-118.92,27.9311,91.4596,-414.321,28.276,111.423,-409.337,2,0
A,53,.,.,.,LEU,CA,383,52,76,10,27.331,29.905,48.079,1.9,0,0,0,0,0,2,0.273902,0.262781,14.8319,12.727,2,2,2,17.2969,32.2579,-118.92,27.9311,91.4596,-414.321,28.276,111.423,-409.337,2,0
A,53,.,.,.,LEU,C,384,52,75,10,27.698,28.686,48.908,1.75,0,0,0,0,0,2,0.162403,0.262781,11.1484,8.70258,2,2,2,17.2969,32.2579,-118.92,27.9311,91.4596,-414.321,28.276,111.423,-409.337,2,0
A,53,.,.,.,LEU,O,385,52,82,10,28.751,28.669,49.565,1.49,2.60199,0.208496,0.351628,0.912627,1.9955,1,0.208589,0.262781,18.7776,9.07239,0.837938,2,2,17.2969,32.2579,-118.92,27.9311,91.4596,-414.321,28.276,111.423,-409.337,0.0649939,0
A,53,.,.,.,LEU,CB,386,52,77,10,28.065,29.81,46.73,1.91,0,0,0,0,0,2,0.234186,0.262781,23.9951,15.523,2,2,2,17.2969,32.2579,-118.92,27.9311,91.4596,-414.321,28.276,111.423,-409.337,2,0
A,53,.,.,.,LEU,CG,387,52,80,10,27.885,30.953,45.721,2.01,0,0,0,0,0,2,0.357293,0.262781,18.9748,14.1858,2,2,2,17.2969,32.2579,-118.92,27.9311,91.4596,-414.321,28.276,111.423,-409.337,2,0
A,53,.,.,.,LEU,CD1,388,52,78,10,28.908,30.834,44.59,1.92,22.0238,0.0571915,-0.0584672,-0.99665,14.9977,1,0.284527,0.262781,62.4187,22.2309,0.845626,0.848077,2,17.2969,32.2579,-118.92,27.9311,91.4596,-414.321,28.276,111.423,-409.337,0.79163,1
A,53,.,.,.,LEU,CD2,389,52,79,10,26.473,30.921,45.17,1.92,8.8339,-0.183365,0.188998,-0.964706,4.68591,1,0.272496,0.262781,42.2403,21.6007,0.88655,0.887612,2,17.2969,32.2579,-118.92,27.9311,91.4596,-414.321,28.276,111.423,-409.337,0.81441,1
A,54,.,.,.,VAL,N,390,53,158,19,26.828,27.678,48.909,1.7,0,0,0,0,0,2,0.210331,0.178881,13.775,9.87408,2,2,2,18.3321,40.3123,-119.936,27.9311,91.4596,-414.321,28.276,111.423,-409.337,2,0
A,54,.,.,.,VAL,CA,391,53,154,19,27.137,26.427,49.601,1.9,0,0,0,0,0,2,0.0950132,0.178881,13.3079,11.9585,2,2,2,18.3321,40.3123,-119.936,27.9311,91.4596,-414.321,28.276,111.423,-409.337,2,0
A,54,.,.,.,VAL,C,392,53,153,19,26.866,25.344,48.552,1.75,0,0,0,0,0,3,0.225524,0.178881,10.2676,8.47167,2,2,2,18.3321,40.3123,-119.936,27.9311,91.4596,-414.321,28.276,111.423,-409.337,2,0
A,54,.,.,.,VAL,O,393,53,159,19,25.711,25.147,48.147,1.49,0.258594,-0.795371,-0.427228,0.429956,0.214412,1,0.276374,0.178881,16.3759,9.23501,0.924829,2,2,18.3321,40.3123,-119.936,27.9311,91.4596,-414.321,28.276,111.423,-409.337,2,0
A,54,.,.,.,VAL,CB,394,53,155,19,26.233,26.155,50.837,2.01,1.05189,-0.852357,-0.204546,0.481299,0.922934,1,0.157279,0.178881,22.4461,14.4847,0.395249,0.391366,0.377384,18.3321,40.3123,-119.936,27.9311,91.4596,-414.321,28.276,111.423,-409.337,0.104604,0
A,54,.,.,.,VAL,CG1,395,53,156,19,26.492,24.712,51.353,1.92,13.1039,-0.533829,-0.190695,0.82381,8.27578,1,0.152472,0.178881,51.3,22.1709,0.315717,0.314353,0.308861,18.3321,40.3123,-119.936,27.9311,91.4596,-414.321,28.276,111.423,-409.337,0.0831636,0
A,54,.,.,.,VAL,CG2,396,53,157,19,26.52,27.185,51.961,1.92,29.1504,-0.0970511,0.398005,0.912235,20.1175,1,0.135177,0.178881,69.2037,22.361,0.311621,0.310683,0.301292,18.3321,40.3123,-119.936,27.9311,91.4596,-414.321,28.276,111.423,-409.337,0.0655072,0
A,55,.,.,.,LEU,N,397,54,81,10,27.934,24.697,48.083,1.7,0,0,0,0,0,2,0.362964,0.288259,12.7495,9.69791,2,2,2,18.1165,43.9573,-87.4028,27.9311,91.4596,-414.321,28.276,111.423,-409.337,2,0
A,55,.,.,.,LEU,CA,398,54,76,10,27.841,23.631,47.083,1.9,0,0,0,0,0,2,0.400104,0.288259,15.2108,12.7055,2,2,2,18.1165,43.9573,-87.4028,27.9311,91.4596,-414.321,28.276,111.423,-409.337,2,0
A,55,.,.,.,LEU,C,399,54,75,10,28.116,22.305,47.788,1.75,0,0,0,0,0,2,0.181845,0.288259,9.98399,8.5793,2,2,2,18.1165,43.9573,-87.4028,27.9311,91.4596,-414.321,28.276,111.423,-409.337,2,0
A,55,.,.,.,LEU,O,400,54,82,10,29.133,22.159,48.49,1.49,0,0,0,0,0,2,0.132309,0.288259,12.6225,9.05828,2,2,2,18.1165,43.9573,-87.4028,27.9311,91.4596,-414.321,28.276,111.423,-409.337,2,0
A,55,.,.,.,LEU,CB,401,54,77,10,28.865,23.846,45.961,1.91,0.0208034,0.164631,0.731953,-0.661167,0.0211806,1,0.315038,0.288259,25.5118,15.6107,0.81396,2,2,18.1165,43.9573,-87.4028,27.9311,91.4596,-414.321,28.276,111.423,-409.337,2,1
A,55,.,.,.,LEU,CG,402,54,80,10,29.005,22.707,44.949,2.01,0,0,0,0,0,2,0.242408,0.288259,16.0641,13.8618,2,2,2,18.1165,43.9573,-87.4028,27.9311,91.4596,-414.321,28.276,111.423,-409.337,2,0
A,55,.,.,.,LEU,CD1,403,54,78,10,27.695,22.531,44.127,1.92,12.4138,-0.165484,0.110934,-0.979953,8.45351,1,0.394226,0.288259,50.8639,22.3208,0.887232,0.907335,2,18.1165,43.9573,-87.4028,27.9311,91.4596,-414.321,28.276,111.423,-409.337,0.834842,1
A,55,.,.,.,LEU,CD2,404,54,79,10,30.168,23.002,44.047,1.92,21.2449,0.11345,0.0427374,-0.992624,11.2693,1,0.277179,0.288259,58.5626,21.9993,0.891656,0.903048,2,18.1165,43.9573,-87.4028,27.9311,91.4596,-414.321,28.276,111.423,-409.337,0.737456,1
A,56,.,.,.,GLU,N,405,55,50,6,27.198,21.358,47.617,1.7,0,0,0,0,0,2,0.570633,0.50739,12.4589,9.90933,2,2,2,19.7812,60.9092,-99.7918,27.9311,91.4596,-414.321,28.276,111.423,-409.337,2,0
A,56,.,.,.,GLU,CA,406,55,46,6,27.301,20.03,48.241,1.9,0,0,0,0,0,2,0.480659,0.50739,14.6116,12.802,2,2,2,19.7812,60.9092,-99.7918,27.9311,91.4596,-414.321,28.276,111.423,-409.337,2,0
A,56,.,.,.,GLU,C,407,55,45,6,27.11,18.921,47.203,1.75,0,0,0,0,0,2,0.597855,0.50739,10.8785,8.80461,2,2,2,19.7812,60.9092,-99.7918,27.9311,91.4596,-414.321,28.276,111.423,-409.337,2,0
A,56,.,.,.,GLU,O,408,55,51,6,26.327,19.068,46.252,1.49,0,0,0,0,0,2,0.818471,0.50739,13.9069,9.26525,2,2,2,19.7812,60.9092,-99.7918,27.9311,91.4596,-414.321,28.276,111.423,-409.337,2,0
A,56,.,.,.,GLU,CB,409,55,47,6,26.225,19.872,49.318,1.91,0,0,0,0,-0,2,0.732757,0.50739,23.4522,16.9212,2,2,2,19.7812,60.9092,-99.7918,27.9311,91.4596,-414.321,28.276,111.423,-409.337,2,0
A,56,.,.,.,GLU,CG,410,55,49,6,26.336,20.849,50.499,1.88,0,0,0,0,-0,2,0.391402,0.50739,25.6797,16.9123,2,2,2,19.7812,60.9092,-99.7918,27.9311,91.4596,-414.321,28.276,111.423,-409.337,2,0
A,56,.,.,.,GLU,CD,411,55,48,6,25.067,20.898,51.328,1.76,0.470862,-0.387696,0.689273,0.612041,-0.20429,1,0.352226,0.50739,16.4289,10.6206,0.293193,0.292417,0.289428,19.7812,60.9092,-99.7918,27.9311,91.4596,-414.321,28.276,111.423,-409.337,0.112303,0
A,56,.,.,.,GLU,OE1,412,55,52,6,24.023,21.344,50.812,1.49,13.4233,-0.709066,0.607125,0.358642,-8.88121,1,0.5468,0.50739,29.457,9.30848,0.486145,0.46254,0.355853,19.7812,60.9092,-99.7918,27.9311,91.4596,-414.321,28.276,111.423,-409.337,0.0780435,0
A,56,.,.,.,GLU,OE2,413,55,52,6,25.106,20.484,52.504,1.49,27.2993,-0.192929,0.126121,0.973073,-18.062,1,0.0757037,0.50739,43.5638,9.43745,0.239021,0.238789,0.236658,19.7812,60.9092,-99.7918,27.9311,91.4596,-414.321,28.276,111.423,-409.337,0.0847315,0
A,57,.,.,.,LYS,N,414,56,89,11,27.828,17.819,47.4,1.7,0,0,0,0,0,2,0.391138,0.377531,12.602,9.85707,2,2,2,20.9393,76.6581,-111.254,27.9311,91.4596,-414.321,28.276,111.423,-409.337,2,0
A,57,.,.,.,LYS,CA,415,56,84,11,27.758,16.653,46.522,1.9,0,0,0,0,0,2,0.730124,0.377531,15.2722,12.7546,2,2,2,20.9393,76.6581,-111.254,27.9311,91.4596,-414.321,28.276,111.423,-409.337,2,0
A,57,.,.,.,LYS,C,416,56,83,11,27.313,15.449,47.344,1.75,0,0,0,0,0,2,0.360798,0.377531,9.90353,8.62001,2,2,2,20.9393,76.6581,-111.254,27.9311,91.4596,-414.321,28.276,111.423,-409.337,2,0
A,57,.,.,.,LYS,O,417,56,91,11,27.813,15.209,48.451,1.49,0,0,0,0,0,2,0.055244,0.377531,13.4735,9.19353,2,2,2,20.9393,76.6581,-111.254,27.9311,91.4596,-414.321,28.276,111.423,-409.337,2,0
A,57,.,.,.,LYS,CB,418,56,85,11,29.119,16.369,45.891,1.91,1.11842,0.86357,-0.0798783,0.497861,-0.123811,1,0.492868,0.377531,26.1424,16.5218,0.770851,0.760048,2,20.9393,76.6581,-111.254,27.9311,91.4596,-414.321,28.276,111.423,-409.337,0.158685,0
A,57,.,.,.,LYS,CG,419,56,88,11,29.139,15.125,44.979,1.92,0,0,0,0,-0,2,0.753081,0.377531,23.3597,16.6629,2,2,2,20.9393,76.6581,-111.254,27.9311,91.4596,-414.321,28.276,111.423,-409.337,2,0
A,57,.,.,.,LYS,CD,420,56,86,11,30.551,14.779,44.56,1.92,16.7256,0.932054,0.29057,0.216437,-9.0539,1,0.338067,0.377531,41.4381,17.1601,0.766863,0.753216,2,20.9393,76.6581,-111.254,27.9311,91.4596,-414.321,28.276,111.423,-409.337,0.30441,1
A,57,.,.,.,LYS,CE,421,56,87,11,30.659,13.377,43.95,1.88,12.9852,0.443441,-0.873969,0.198842,-8.74084,1,0.0359778,0.377531,41.8244,17.3354,0.793518,0.789898,2,20.9393,76.6581,-111.254,27.9311,91.4596,-414.321,28.276,111.423,-409.337,0.0165134,0
A,57,.,.,.,LYS,NZ,422,56,90,11,29.933,13.26,42.663,1.67,2.21391,-0.229039,-0.957146,0.177233,-1.86559,1,0.240478,0.377531,27.3635,14.3243,0.77376,0.772299,2,20.9393,76.6581,-111.254,27.9311,91.4596,-414.321,28.276,111.423,-409.337,0.18679,0
A,58,.,.,.,GLU,N,423,57,50,6,26.345,14.718,46.808,1.7,0,0,0,0,0,3,0.578532,0.272177,11.304,9.75532,2,2,2,22.9679,90.6624,-192.355,27.9311,91.4596,-414.321,28.276,111.423,-409.337,2,0
A,58,.,.,.,GLU,CA,424,57,46,6,25.812,13.549,47.463,1.9,0,0,0,0,0,3,0.347156,0.272177,14.8474,12.6557,2,2,2,22.9679,90.6624,-192.355,27.9311,91.4596,-414.321,28.276,111.423,-409.337,2,0
A,58,.,.,.,GLU,C,425,57,45,6,26.799,12.395,47.274,1.75,0,0,0,0,0,2,0.230582,0.272177,9.95949,8.61635,2,2,2,22.9679,90.6624,-192.355,27.9311,91.4596,-414.321,28.276,111.423,-409.337,2,0
A,58,.,.,.,GLU,O,426,57,51,6,27.129,12.014,46.149,1.49,11.2605,-0.0639651,-0.780472,-0.62191,2.73622,1,0.232289,0.272177,30.6805,9.34269,0.708704,0.706079,0.663234,22.9679,90.6624,-192.355,27.9311,91.4596,-414.321,28.276,111.423,-409.337,0.0769234,0
A,58,.,.,.,GLU,CB,427,57,47,6,24.463,13.194,46.855,1.91,0.0679642,0.156675,-0.596335,-0.787298,-0.0151427,1,0.506447,0.272177,23.0777,16.7289,0.74927,2,2,22.9679,90.6624,-192.355,27.9311,91.4596,-414.321,28.276,111.423,-409.337,2,0
A,58,.,.,.,GLU,CG,428,57,49,6,23.828,11.948,47.425,1.88,1.50886,0.318888,-0.919229,-0.230931,-0.583416,1,0.117543,0.272177,33.3942,16.7013,0.579018,0.545294,0.663845,22.9679,90.6624,-192.355,27.9311,91.4596,-414.321,28.276,111.423,-409.337,0.0272976,0
A,58,.,.,.,GLU,CD,429,57,48,6,22.527,11.628,46.728,1.76,3.45472,-0.53739,-0.695354,0.477173,-1.49887,1,0.0433443,0.272177,19.233,10.5667,0.0279739,0.0276218,0.0260733,22.9679,90.6624,-192.355,27.9311,91.4596,-414.321,28.276,111.423,-409.337,0.025729,0
A,58,.,.,.,GLU,OE1,430,57,52,6,21.512,12.283,47.038,1.49,20.0751,-0.938612,-0.2584,0.228552,-13.2822,1,0.336266,0.272177,34.5045,9.41861,0.0144764,0.0142583,0.0133763,22.9679,90.6624,-192.355,27.9311,91.4596,-414.321,28.276,111.423,-409.337,0.0295472,0
A,58,.,.,.,GLU,OE2,431,57,52,6,22.526,10.736,45.855,1.49,28.442,-0.000309801,-0.973158,-0.230139,-18.818,1,0.0574357,0.272177,40.2073,9.43924,0.0405541,0.0402855,0.0373754,22.9679,90.6624,-192.355,27.9311,91.4596,-414.321,28.276,111.423,-409.337,0.0264555,0
A,59,.,.,.,VAL,N,432,58,158,19,27.279,11.865,48.387,1.7,0,0,0,0,0,2,0.0536119,0.0325313,11.3116,9.27349,2,2,2,25.4043,103.251,-318.438,27.9311,91.4596,-414.321,28.276,111.423,-409.337,2,0
A,59,.,.,.,VAL,CA,433,58,154,19,28.227,10.758,48.366,1.9,2.90671,0.144447,-0.500247,-0.853749,4.94858,1,0.0555766,0.0325313,18.859,11.8855,0.711051,0.708063,0.668812,25.4043,103.251,-318.438,27.9311,91.4596,-414.321,28.276,111.423,-409.337,0.0322147,0
A,59,.,.,.,VAL,C,434,58,153,19,27.735,9.707,49.36,1.75,0,0,0,0,0,2,0.0240701,0.0325313,9.38579,8.38497,2,2,2,25.4043,103.251,-318.438,27.9311,91.4596,-414.321,28.276,111.423,-409.337,2,0
A,59,.,.,.,VAL,O,435,58,159,19,27.59,9.986,50.553,1.49,0,0,0,0,0,2,0.00636348,0.0325313,12.084,8.5636,2,2,2,25.4043,103.251,-318.438,27.9311,91.4596,-414.321,28.276,111.423,-409.337,2,0
A,59,.,.,.,VAL,CB,436,58,155,19,29.637,11.233,48.769,2.01,0.0579734,0.663643,0.210151,0.717924,0.0508663,1,0.0121347,0.0325313,20.2409,14.2425,0.472646,0.462677,0.408976,25.4043,103.251,-318.438,27.9311,91.4596,-414.321,28.276,111.423,-409.337,0.0334779,0
A,59,.,.,.,VAL,CG1,437,58,156,19,30.584,10.038,48.873,1.92,48.9851,0.887476,-0.460747,-0.00988402,30.9367,1,0.00627016,0.0325313,76.8169,22.0216,0.0346922,0.0336313,0.0254082,25.4043,103.251,-318.438,27.9311,91.4596,-414.321,28.276,111.423,-409.337,0.0304946,0
A,59,.,.,.,VAL,CG2,438,58,157,19,30.166,12.22,47.732,1.92,15.2815,0.982199,0.0677633,-0.175196,10.5462,1,0.0696922,0.0325313,51.4173,22.0886,0.760827,0.751546,2,25.4043,103.251,-318.438,27.9311,91.4596,-414.321,28.276,111.423,-409.337,0.0348033,0
A,60,.,.,.,ALA,N,439,59,3,0,27.454,8.514,48.85,1.7,12.3887,-0.0321146,-0.30241,-0.952637,18.5835,1,0.0670658,0.0358249,25.9803,10.0134,0.343566,0.343289,0.33595,28.276,111.423,-409.337,27.9311,91.4596,-414.321,28.276,111.423,-409.337,0.0310524,0
A,60,.,.,.,ALA,CA,440,59,1,0,26.968,7.412,49.679,1.9,17.3181,-0.356789,-0.698544,-0.620273,13.2877,1,0.0413957,0.0358249,32.0035,12.9639,0.0421035,0.0420731,0.0407273,28.276,111.423,-409.337,27.9311,91.4596,-414.321,28.276,111.423,-409.337,0.0307242,0
A,60,.,.,.,ALA,C,441,59,0,0,25.899,7.878,50.64,1.75,3.38194,-0.502915,-0.864192,0.0157642,6.67521,1,0.0378242,0.0358249,13.2503,8.4316,0.048162,0.0481223,0.0481223,28.276,111.423,-409.337,27.9311,91.4596,-414.321,28.276,111.423,-409.337,0.0291989,0
A,60,.,.,.,ALA,O,442,59,4,0,26.007,7.657,51.843,1.49,14.187,-0.274096,-0.726563,0.630061,7.16444,1,0.0276139,0.0358249,27.0243,9.06739,0.00247816,0.00245082,0.00245082,28.276,111.423,-409.337,27.9311,91.4596,-414.321,28.276,111.423,-409.337,0.0278522,0
A,60,.,.,.,ALA,CB,443,59,2,0,28.134,6.787,50.465,1.92,50.2911,0.518016,-0.842486,0.147909,3.60605,1,0.00522494,0.0358249,79.9929,23.2698,0.0377565,0.0377461,0.0368501,28.276,111.423,-409.337,27.9311,91.4596,-414.321,28.276,111.423,-409.337,0.030094,0
A,61,.,.,.,GLY,N,444,60,55,7,24.87,8.539,50.112,1.7,8.3754,-0.4368,-0.535141,-0.72307,7.45288,1,0.12703,0.124418,23.0423,9.96812,0.0201122,0.0200509,0.0199085,27.5046,102.663,-330.308,27.9311,91.4596,-414.321,28.276,111.423,-409.337,0.0286727,0
A,61,.,.,.,GLY,CA,445,60,54,7,23.783,9.019,50.95,1.9,33.3203,-0.853609,-0.519893,0.0326029,-0.976144,1,0.0964627,0.124418,58.124,18.9722,0.0086297,0.00856264,0.00834213,27.5046,102.663,-330.308,27.9311,91.4596,-414.321,28.276,111.423,-409.337,0.0262919,0
A,61,.,.,.,GLY,C,446,60,53,7,24.131,10.227,51.796,1.75,0.20486,-0.659952,-0.445376,0.605066,0.227409,1,0.0945548,0.124418,13.6402,8.84542,0.0130605,0.0129733,0.0125583,27.5046,102.663,-330.308,27.9311,91.4596,-414.321,28.276,111.423,-409.337,0.0259839,0
A,61,.,.,.,GLY,O,447,60,56,7,23.286,10.735,52.521,1.49,25.6817,-0.853688,0.0799844,0.514607,3.76715,1,0.179623,0.124418,40.1247,9.28372,0.0123073,0.0122438,0.0118354,27.5046,102.663,-330.308,27.9311,91.4596,-414.321,28.276,111.423,-409.337,0.0275338,0
A,62,.,.,.,LEU,N,448,61,81,10,25.366,10.707,51.69,1.7,0,0,0,0,0,2,0.0384695,0.0184072,10.8783,9.13606,2,2,2,26.147,94.8672,-312.474,27.9311,91.4596,-414.321,28.276,111.423,-409.337,2,0
A,62,.,.,.,LEU,CA,449,61,76,10,25.794,11.855,52.471,1.9,1.82038,-0.520806,0.426652,0.739411,3.60529,1,0.0280876,0.0184072,18.4429,12.6262,0.325176,0.322051,0.310528,26.147,94.8672,-312.474,27.9311,91.4596,-414.321,28.276,111.423,-409.337,0.0255892,0
A,62,.,.,.,LEU,C,450,61,75,10,26.02,13.088,51.588,1.75,0,0,0,0,0,2,0.0375026,0.0184072,11.6359,8.80222,2,2,2,26.147,94.8672,-312.474,27.9311,91.4596,-414.321,28.276,111.423,-409.337,2,0
A,62,.,.,.,LEU,O,451,61,82,10,26.629,13.007,50.515,1.49,0,0,0,0,0,2,0.0160713,0.0184072,11.7613,8.71209,2,2,2,26.147,94.8672,-312.474,27.9311,91.4596,-414.321,28.276,111.423,-409.337,2,0
A,62,.,.,.,LEU,CB,452,61,77,10,27.092,11.519,53.212,1.91,2.7326,0.00396627,0.667013,0.745036,2.78214,1,0.00694819,0.0184072,25.0434,15.5369,0.373466,0.36806,0.356325,26.147,94.8672,-312.474,27.9311,91.4596,-414.321,28.276,111.423,-409.337,0.0311195,0
A,62,.,.,.,LEU,CG,453,61,80,10,27.082,10.174,53.967,2.01,0.436588,-0.116565,-0.963024,0.242895,0.592896,1,0.00828149,0.0184072,17.9761,14.0277,0.0167805,0.0165799,0.0160899,26.147,94.8672,-312.474,27.9311,91.4596,-414.321,28.276,111.423,-409.337,0.0268305,0
A,62,.,.,.,LEU,CD1,454,61,78,10,28.507,9.793,54.349,1.92,49.4503,0.797433,-0.345656,0.494593,33.6745,1,0.00127375,0.0184072,80.3898,22.1872,0.0205566,0.0204817,0.0203232,26.147,94.8672,-312.474,27.9311,91.4596,-414.321,28.276,111.423,-409.337,0.0295323,0
A,62,.,.,.,LEU,CD2,455,61,79,10,26.187,10.272,55.208,1.92,56.2331,-0.412108,-0.0577702,0.909302,29.8286,1,0.0106232,0.0184072,81.2513,22.199,0.0414272,0.041383,0.04126,26.147,94.8672,-312.474,27.9311,91.4596,-414.321,28.276,111.423,-409.337,0.0262063,0
A,63,.,.,.,TRP,N,456,62,140,17,25.531,14.228,52.06,1.7,5.20405,-0.354145,0.0465391,0.934032,9.88139,1,0.0133026,0.121348,20.5232,9.95494,0.325176,0.322051,0.310528,23.3424,81.4305,-198.626,27.9311,91.4596,-414.321,28.276,111.423,-409.337,0.037737,0
A,63,.,.,.,TRP,CA,457,62,130,17,25.697,15.491,51.354,1.9,0,0,0,0,0,3,0.167884,0.121348,15.1903,12.6459,2,2,2,23.3424,81.4305,-198.626,27.9311,91.4596,-414.321,28.276,111.423,-409.337,2,0
A,63,.,.,.,TRP,C,458,62,129,17,26.926,16.149,51.927,1.75,0,0,0,0,0,2,0.061789,0.121348,10.5095,8.59212,2,2,2,23.3424,81.4305,-198.626,27.9311,91.4596,-414.321,28.276,111.423,-409.337,2,0
A,63,.,.,.,TRP,O,459,62,142,17,26.94,16.584,53.078,1.49,20.1584,-0.0616644,0.195389,0.978785,16.0535,1,0.0506732,0.121348,35.6465,9.32837,0.29048,0.29031,0.289876,23.3424,81.4305,-198.626,27.9311,91.4596,-414.321,28.276,111.423,-409.337,0.0696309,0
A,63,.,.,.,TRP,CB,460,62,131,17,24.475,16.378,51.548,1.91,8.1643,-0.30395,0.150279,0.940761,6.94704,1,0.186618,0.121348,35.6317,17.7537,0.284242,0.284149,0.283201,23.3424,81.4305,-198.626,27.9311,91.4596,-414.321,28.276,111.423,-409.337,0.0643156,0
A,63,.,.,.,TRP,CG,461,62,136,17,23.337,15.926,50.716,1.74,0,0,0,0,0,2,0.165299,0.121348,6.61748,6.16221,2,2,2,23.3424,81.4305,-198.626,27.9311,91.4596,-414.321,28.276,111.423,-409.337,2,0
A,63,.,.,.,TRP,CD1,462,62,132,17,22.238,15.242,51.132,1.82,17.7716,-0.469458,-0.218591,0.855469,8.79293,1,0.0421061,0.121348,42.4437,15.5405,0.0313281,0.0312831,0.0307778,23.3424,81.4305,-198.626,27.9311,91.4596,-414.321,28.276,111.423,-409.337,0.0387412,0
A,63,.,.,.,TRP,CD2,463,62,133,17,23.197,16.097,49.294,1.82,0,0,0,0,0,2,0.0742976,0.121348,11.4964,9.8875,2,2,2,23.3424,81.4305,-198.626,27.9311,91.4596,-414.321,28.276,111.423,-409.337,2,0
A,63,.,.,.,TRP,NE1,464,62,141,17,21.418,14.975,50.062,1.66,15.9566,-0.822435,-0.54036,0.177796,4.67909,1,0.06336,0.121348,31.9441,10.0773,0.0183268,0.0182457,0.0177093,23.3424,81.4305,-198.626,27.9311,91.4596,-414.321,28.276,111.423,-409.337,0.0345266,0
A,63,.,.,.,TRP,CE2,465,62,134,17,21.983,15.488,48.922,1.74,0,0,0,0,0,2,0.133676,0.121348,9.30867,7.64976,2,2,2,23.3424,81.4305,-198.626,27.9311,91.4596,-414.321,28.276,111.423,-409.337,2,0
A,63,.,.,.,TRP,CE3,466,62,135,17,23.983,16.706,48.306,1.82,0,0,0,0,0,2,0.260806,0.121348,17.6793,13.9213,2,2,2,23.3424,81.4305,-198.626,27.9311,91.4596,-414.321,28.276,111.423,-409.337,2,0
A,63,.,.,.,TRP,CZ2,467,62,138,17,21.527,15.466,47.595,1.82,15.2054,-0.963292,-0.017949,-0.267855,5.88578,1,0.0965364,0.121348,36.5456,14.714,0.0133547,0.0128198,0.0116261,23.3424,81.4305,-198.626,27.9311,91.4596,-414.321,28.276,111.423,-409.337,0.0363262,0
A,63,.,.,.,TRP,CZ3,468,62,139,17,23.532,16.687,46.986,1.82,0,0,0,0,0,2,0.252223,0.121348,17.8941,14.1098,2,2,2,23.3424,81.4305,-198.626,27.9311,91.4596,-414.321,28.276,111.423,-409.337,2,0
A,63,.,.,.,TRP,CH2,469,62,137,17,22.31,16.068,46.644,1.82,4.47292,-0.811494,0.216117,-0.542928,2.11984,1,0.1303,0.121348,27.6435,14.0171,0.766956,0.696487,2,23.3424,81.4305,-198.626,27.9311,91.4596,-414.321,28.276,111.423,-409.337,0.0653373,0
A,64,.,.,.,ILE,N,470,63,73,9,27.959,16.203,51.105,1.7,0,0,0,0,0,3,0.1328,0.0738006,11.397,9.30014,2,2,2,23.0964,78.0636,-214.794,27.9311,91.4596,-414.321,28.276,111.423,-409.337,2,0
A,64,.,.,.,ILE,CA,471,63,68,9,29.238,16.759,51.483,1.9,1.13291,0.166859,0.194757,0.966555,2.13195,1,0.0301136,0.0738006,15.4964,11.5305,0.332981,0.331685,0.328935,23.0964,78.0636,-214.794,27.9311,91.4596,-414.321,28.276,111.423,-409.337,0.0448188,0
A,64,.,.,.,ILE,C,472,63,67,9,29.498,18.14,50.894,1.75,0,0,0,0,0,2,0.0942655,0.0738006,9.87228,8.49759,2,2,2,23.0964,78.0636,-214.794,27.9311,91.4596,-414.321,28.276,111.423,-409.337,2,0
A,64,.,.,.,ILE,O,473,63,74,9,29.538,18.306,49.667,1.49,0,0,0,0,0,2,0.145674,0.0738006,13.5564,9.08575,2,2,2,23.0964,78.0636,-214.794,27.9311,91.4596,-414.321,28.276,111.423,-409.337,2,0
A,64,.,.,.,ILE,CB,474,63,69,9,30.362,15.833,51.01,2.01,2.49172,0.573476,-0.114307,-0.811208,2.89333,1,0.14015,0.0738006,23.0977,13.8892,0.0986689,0.0970968,0.0900896,23.0964,78.0636,-214.794,27.9311,91.4596,-414.321,28.276,111.423,-409.337,0.0388923,0
A,64,.,.,.,ILE,CG1,475,63,71,9,30.028,14.392,51.407,1.92,6.15849,0.806137,-0.591499,0.0164675,6.58854,1,0.0136001,0.0738006,30.1533,15.9073,0.0134211,0.0129091,0.011461,23.0964,78.0636,-214.794,27.9311,91.4596,-414.321,28.276,111.423,-409.337,0.0390132,0
A,64,.,.,.,ILE,CG2,476,63,72,9,31.691,16.291,51.58,1.92,44.1901,0.962123,-0.1374,0.235457,35.7874,1,0.0273127,0.0738006,72.1282,22.0194,0.0358599,0.0355525,0.0341003,23.0964,78.0636,-214.794,27.9311,91.4596,-414.321,28.276,111.423,-409.337,0.0403194,0
A,64,.,.,.,ILE,CD1,477,63,70,9,29.576,14.244,52.84,1.92,27.5309,0.411897,-0.0770256,0.907969,20.9404,1,0.00648879,0.0738006,59.8184,22.5091,0.0354931,0.0353039,0.0348581,23.0964,78.0636,-214.794,27.9311,91.4596,-414.321,28.276,111.423,-409.337,0.0378371,0
A,65,.,.,.,LYS,N,478,64,89,11,29.703,19.116,51.776,1.7,4.91393,0.0364053,-0.172284,0.984374,6.76333,1,0.0708351,0.149857,21.2,9.98827,0.300969,0.300375,0.297826,21.4707,63.181,-173.931,27.9311,91.4596,-414.321,28.276,111.423,-409.337,0.0749154,0
A,65,.,.,.,LYS,CA,479,64,84,11,29.988,20.476,51.349,1.9,0,0,0,0,0,3,0.280806,0.149857,14.4761,12.7065,2,2,2,21.4707,63.181,-173.931,27.9311,91.4596,-414.321,28.276,111.423,-409.337,2,0
A,65,.,.,.,LYS,C,480,64,83,11,31.325,20.469,50.646,1.75,0,0,0,0,0,2,0.080882,0.149857,9.92262,8.43857,2,2,2,21.4707,63.181,-173.931,27.9311,91.4596,-414.321,28.276,111.423,-409.337,2,0
A,65,.,.,.,LYS,O,481,64,91,11,32.269,19.822,51.085,1.49,9.36729,0.680741,-0.217046,0.69963,1.71037,1,0.10766,0.149857,27.7643,9.30227,0.0426942,0.0420099,0.0398711,21.4707,63.181,-173.931,27.9311,91.4596,-414.321,28.276,111.423,-409.337,0.0521592,0
A,65,.,.,.,LYS,CB,482,64,85,11,30.044,21.428,52.551,1.91,19.5887,0.0319504,-0.329698,0.943545,-2.16849,1,0.275702,0.149857,43.7769,16.5714,0.0680841,0.0678728,0.0674218,21.4707,63.181,-173.931,27.9311,91.4596,-414.321,28.276,111.423,-409.337,0.0832222,0
A,65,.,.,.,LYS,CG,483,64,88,11,30.455,22.856,52.184,1.92,2.19659,0.926264,-0.140608,0.349663,-0.447376,1,0.119238,0.149857,27.0318,16.6812,0.0407727,0.0405142,0.0395662,21.4707,63.181,-173.931,27.9311,91.4596,-414.321,28.276,111.423,-409.337,0.0605653,0
A,65,.,.,.,LYS,CD,484,64,86,11,30.293,23.827,53.362,1.92,25.2591,0.0272088,-0.253045,0.967072,-13.6733,1,0.188547,0.149857,48.2744,17.3195,0.0602977,0.0602293,0.0598272,21.4707,63.181,-173.931,27.9311,91.4596,-414.321,28.276,111.423,-409.337,0.0674823,0
A,65,.,.,.,LYS,CE,485,64,87,11,30.76,25.234,52.982,1.88,9.47306,0.978393,0.102417,0.179603,-6.3767,1,0.145424,0.149857,35.4925,16.9365,0.0735038,0.0733495,0.0724037,21.4707,63.181,-173.931,27.9311,91.4596,-414.321,28.276,111.423,-409.337,0.0638676,0
A,65,.,.,.,LYS,NZ,486,64,90,11,30.52,26.226,54.065,1.67,47.5561,0.149469,0.619734,0.770447,-40.0739,1,0.0796159,0.149857,64.4273,14.4887,0.0582351,0.0581732,0.0571526,21.4707,63.181,-173.931,27.9311,91.4596,-414.321,28.276,111.423,-409.337,0.0639594,0
A,66,.,.,.,ILE,N,487,65,73,9,31.394,21.184,49.538,1.7,0,0,0,0,0,2,0.131322,0.134596,10.2946,9.17258,2,2,2,20.7773,59.0481,-163.975,27.9311,91.4596,-414.321,28.276,111.423,-409.337,2,0
A,66,.,.,.,ILE,CA,488,65,68,9,32.598,21.292,48.746,1.9,0.564487,0.442753,-0.896591,0.0096954,1.06227,1,0.0187929,0.134596,14.3083,11.3496,0.728632,0.735358,2,20.7773,59.0481,-163.975,27.9311,91.4596,-414.321,28.276,111.423,-409.337,0.122882,0
A,66,.,.,.,ILE,C,489,65,67,9,33.228,22.653,49.049,1.75,0,0,0,0,0,2,0.135284,0.134596,10.4033,8.64105,2,2,2,20.7773,59.0481,-163.975,27.9311,91.4596,-414.321,28.276,111.423,-409.337,2,0
A,66,.,.,.,ILE,O,490,65,74,9,32.58,23.691,48.908,1.49,0,0,0,0,0,2,0.115773,0.134596,13.0614,9.1068,2,2,2,20.7773,59.0481,-163.975,27.9311,91.4596,-414.321,28.276,111.423,-409.337,2,0
A,66,.,.,.,ILE,CB,491,65,69,9,32.235,21.189,47.258,2.01,0,0,0,0,0,2,0.251411,0.134596,16.7836,13.8661,2,2,2,20.7773,59.0481,-163.975,27.9311,91.4596,-414.321,28.276,111.423,-409.337,2,0
A,66,.,.,.,ILE,CG1,492,65,71,9,31.486,19.864,47.021,1.92,8.26396,0.599349,-0.794358,0.0988749,8.84103,1,0.0835733,0.134596,31.8191,15.8622,0.783501,0.773118,2,20.7773,59.0481,-163.975,27.9311,91.4596,-414.321,28.276,111.423,-409.337,0.0433084,0
A,66,.,.,.,ILE,CG2,493,65,72,9,33.47,21.285,46.399,1.92,27.3999,0.712637,-0.435453,-0.550027,22.1898,1,0.181638,0.134596,61.3905,21.9227,0.811786,0.814823,0.760165,20.7773,59.0481,-163.975,27.9311,91.4596,-414.321,28.276,111.423,-409.337,0.317549,1
A,66,.,.,.,ILE,CD1,494,65,70,9,30.873,19.723,45.647,1.92,8.72905,0.665811,-0.324387,-0.671915,6.63944,1,0.158977,0.134596,44.4488,22.807,0.844322,0.836641,2,20.7773,59.0481,-163.975,27.9311,91.4596,-414.321,28.276,111.423,-409.337,0.538346,1
A,67,.,.,.,PRO,N,495,66,114,14,34.504,22.66,49.483,1.7,0,0,0,0,0,2,0.119019,0.14056,6.54828,5.47615,2,2,2,21.5251,53.0146,-217.886,27.9311,91.4596,-414.321,28.276,111.423,-409.337,2,0
A,67,.,.,.,PRO,CA,496,66,110,14,35.251,23.876,49.822,1.9,5.77146,-0.182189,0.449468,0.87452,3.15795,1,0.148822,0.14056,25.3606,12.894,0.374648,0.37119,0.358223,21.5251,53.0146,-217.886,27.9311,91.4596,-414.321,28.276,111.423,-409.337,0.0492212,0
A,67,.,.,.,PRO,C,497,66,109,14,35.42,24.773,48.622,1.75,0,0,0,0,0,2,0.24691,0.14056,10.5451,8.65042,2,2,2,21.5251,53.0146,-217.886,27.9311,91.4596,-414.321,28.276,111.423,-409.337,2,0
A,67,.,.,.,PRO,O,498,66,115,14,35.367,24.315,47.487,1.49,3.72226,0.544113,-0.551893,-0.631945,1.1581,1,0.353594,0.14056,21.581,9.26621,0.845111,0.867725,2,21.5251,53.0146,-217.886,27.9311,91.4596,-414.321,28.276,111.423,-409.337,0.0548992,1
A,67,.,.,.,PRO,CB,499,66,111,14,36.608,23.34,50.294,1.91,27.2072,0.813875,0.323592,0.482594,-8.85984,1,0.0201608,0.14056,51.233,16.8571,0.0423626,0.042134,0.0395629,21.5251,53.0146,-217.886,27.9311,91.4596,-414.321,28.276,111.423,-409.337,0.0545644,0
A,67,.,.,.,PRO,CG,500,66,113,14,36.288,21.969,50.787,1.92,43.6945,0.435865,-0.481319,0.760496,-19.7703,1,0.0235751,0.14056,61.5233,17.2769,0.0348691,0.0347125,0.032425,21.5251,53.0146,-217.886,27.9311,91.4596,-414.321,28.276,111.423,-409.337,0.0485758,0
A,67,.,.,.,PRO,CD,501,66,112,14,35.322,21.464,49.74,1.92,19.5861,0.43398,-0.835408,-0.337277,3.956,1,0.071839,0.14056,44.9143,17.9697,0.0504411,0.0494362,0.04025,21.5251,53.0146,-217.886,27.9311,91.4596,-414.321,28.276,111.423,-409.337,0.0492588,0
A,68,.,.,.,CYS,N,502,67,33,4,35.662,26.051,48.882,1.7,5.31621,0.104253,0.328447,0.938751,10.276,1,0.0484165,0.156485,21.0782,9.94938,0.547513,0.545901,0.550025,20.4161,43.6103,-225.48,22.9335,88.3314,61.1631,28.276,111.423,-409.337,0.0649196,0
A,68,.,.,.,CYS,CA,503,67,31,4,35.867,27.013,47.823,1.9,0,0,0,0,0,2,0.17255,0.156485,14.4578,12.703,2,2,2,20.4161,43.6103,-225.48,22.9335,88.3314,61.1631,28.276,111.423,-409.337,2,0
A,68,.,.,.,CYS,C,504,67,30,4,37.34,27.088,47.435,1.75,0,0,0,0,0,2,0.08585,0.156485,10.0476,8.49893,2,2,2,20.4161,43.6103,-225.48,22.9335,88.3314,61.1631,28.276,111.423,-409.337,2,0
A,68,.,.,.,CYS,O,505,67,34,4,38.223,27.151,48.289,1.49,22.9385,0.602492,0.335871,0.724013,17.8553,1,0.139386,0.156485,36.2311,9.28699,0.0744572,0.0744058,0.0736895,20.4161,43.6103,-225.48,22.9335,88.3314,61.1631,28.276,111.423,-409.337,0.083499,0
A,68,.,.,.,CYS,CB,506,67,32,4,35.414,28.404,48.265,1.91,13.8921,0.276391,0.405684,0.871223,13.3878,1,0.342451,0.156485,38.4225,18.0712,0.591324,0.590814,0.597112,20.4161,43.6103,-225.48,22.9335,88.3314,61.1631,28.276,111.423,-409.337,0.0867257,0
A,68,.,.,.,CYS,SG,507,67,35,4,35.721,29.649,46.984,1.88,18.3611,0.569082,0.759225,0.31579,19.2384,1,0.150258,0.156485,46.7075,19.103,0.602996,0.602902,0.602313,20.4161,43.6103,-225.48,22.9335,88.3314,61.1631,28.276,111.423,-409.337,0.0961543,0
A,69,.,.,.,THR,N,508,68,126,16,37.594,27.107,46.138,1.7,0,0,0,0,0,2,0.4113,0.298058,12.2639,9.64558,2,2,2,21.5694,43.5159,-216.276,24.5741,75.2934,-262.346,26.6355,105.412,-430.876,2,0
A,69,.,.,.,THR,CA,509,68,123,16,38.949,27.212,45.647,1.9,3.38777,0.473071,0.669529,0.572657,3.30285,1,0.508122,0.298058,19.2508,11.8262,0.441499,0.440392,0.441056,21.5694,43.5159,-216.276,24.5741,75.2934,-262.346,26.6355,105.412,-430.876,0.096269,0
A,69,.,.,.,THR,C,510,68,122,16,38.881,27.862,44.295,1.75,0,0,0,0,0,2,0.386658,0.298058,9.95994,8.41874,2,2,2,21.5694,43.5159,-216.276,24.5741,75.2934,-262.346,26.6355,105.412,-430.876,2,0
A,69,.,.,.,THR,O,511,68,127,16,38.232,27.358,43.385,1.49,3.93371,0.29431,-0.69846,-0.652331,1.81899,1,0.1679,0.298058,19.7013,9.12851,0.716175,2,2,21.5694,43.5159,-216.276,24.5741,75.2934,-262.346,26.6355,105.412,-430.876,0.103146,0
A,69,.,.,.,THR,CB,512,68,124,16,39.633,25.828,45.528,2.01,15.247,-0.203287,-0.798482,-0.566658,0.688245,1,0.322775,0.298058,37.4764,16.9465,0.0705205,0.0701142,0.0665119,21.5694,43.5159,-216.276,24.5741,75.2934,-262.346,26.6355,105.412,-430.876,0.098575,0
A,69,.,.,.,THR,OG1,513,68,128,16,39.362,25.052,46.708,1.54,19.0449,0.312143,-0.844902,0.434405,-1.13643,1,0.0535694,0.298058,34.8281,9.57268,0.0609515,0.0606794,0.0583629,21.5694,43.5159,-216.276,24.5741,75.2934,-262.346,26.6355,105.412,-430.876,0.0834741,0
A,69,.,.,.,THR,CG2,514,68,125,16,41.141,26.008,45.383,1.92,59.4733,0.974412,-0.218346,0.0533563,-9.81494,1,0.236081,0.298058,84.4594,22.3655,0.054067,0.053984,0.0526026,21.5694,43.5159,-216.276,24.5741,75.2934,-262.346,26.6355,105.412,-430.876,0.0977221,0
A,70,.,.,.,ASP,N,515,69,27,3,39.536,29.006,44.182,1.7,11.0364,0.460342,0.563764,0.685751,14.0051,1,0.582396,0.428324,25.0676,9.94569,0.287492,0.287301,0.284386,21.3181,37.4557,-180.103,24.5741,75.2934,-262.346,26.6355,105.412,-430.876,0.101581,0
A,70,.,.,.,ASP,CA,516,69,24,3,39.575,29.755,42.942,1.9,9.35323,0.419587,0.754481,0.504683,5.60475,1,0.315043,0.428324,25.4218,12.743,0.285547,0.284727,0.280644,21.3181,37.4557,-180.103,24.5741,75.2934,-262.346,26.6355,105.412,-430.876,0.116746,0
A,70,.,.,.,ASP,C,517,69,23,3,38.201,29.877,42.26,1.75,0,0,0,0,0,2,0.512661,0.428324,8.95141,8.60139,2,2,2,21.3181,37.4557,-180.103,24.5741,75.2934,-262.346,26.6355,105.412,-430.876,2,0
A,70,.,.,.,ASP,O,518,69,28,3,38.011,29.425,41.125,1.49,3.77891,0.242324,-0.122773,-0.962396,1.04694,1,0.430671,0.428324,18.5962,8.92012,0.669687,0.670608,0.705942,21.3181,37.4557,-180.103,24.5741,75.2934,-262.346,26.6355,105.412,-430.876,0.118865,0
A,70,.,.,.,ASP,CB,519,69,25,3,40.589,29.126,41.976,1.91,22.5309,0.777443,-0.628661,-0.0191761,-6.60585,1,0.129042,0.428324,47.8987,17.8239,0.0769203,0.0765723,0.0750504,21.3181,37.4557,-180.103,24.5741,75.2934,-262.346,26.6355,105.412,-430.876,0.105306,0
A,70,.,.,.,ASP,CG,520,69,26,3,40.949,30.049,40.85,1.76,7.31519,0.852185,0.516754,0.0821356,-1.72101,1,0.508859,0.428324,22.1528,10.3989,0.102299,0.102173,0.0997725,21.3181,37.4557,-180.103,24.5741,75.2934,-262.346,26.6355,105.412,-430.876,0.109982,0
A,70,.,.,.,ASP,OD1,521,69,29,3,41.674,29.634,39.919,1.49,46.9595,0.569184,-0.223589,-0.791225,-23.8151,1,0.941812,0.428324,51.4911,9.44988,0.0770633,0.0769766,0.0748354,21.3181,37.4557,-180.103,24.5741,75.2934,-262.346,26.6355,105.412,-430.876,0.109436,0
A,70,.,.,.,ASP,OD2,522,69,29,3,40.509,31.21,40.892,1.49,16.2523,0.56074,0.77049,-0.303177,-8.24222,1,0.0061096,0.428324,29.7294,9.14937,0.121239,0.121154,0.119256,21.3181,37.4557,-180.103,24.5741,75.2934,-262.346,26.6355,105.412,-430.876,0.113634,0
A,71,.,.,.,TYR,N,523,70,150,18,37.261,30.499,42.975,1.7,4.22212,0.210615,0.695015,0.687456,8.28891,1,0.270104,0.287634,19.2859,9.95629,0.636734,0.635803,0.649254,19.0303,29.925,-136.403,24.5741,75.2934,-262.346,26.6355,105.412,-430.876,0.1441,0
A,71,.,.,.,TYR,CA,524,70,144,18,35.902,30.754,42.492,1.9,0.00127526,0.189285,0.532958,0.824698,0.00195558,1,0.318049,0.287634,18.7536,13.0703,0.648958,0.648926,2,19.0303,29.925,-136.403,24.5741,75.2934,-262.346,26.6355,105.412,-430.876,0.243438,0
A,71,.,.,.,TYR,C,525,70,143,18,34.937,29.573,42.36,1.75,0,0,0,0,0,2,0.4315,0.287634,9.11973,8.48921,2,2,2,19.0303,29.925,-136.403,24.5741,75.2934,-262.346,26.6355,105.412,-430.876,2,0
A,71,.,.,.,TYR,O,526,70,151,18,33.79,29.77,41.971,1.49,15.479,-0.854431,0.118106,-0.505964,12.7779,1,0.340562,0.287634,33.5917,9.26244,0.843522,0.850283,2,19.0303,29.925,-136.403,24.5741,75.2934,-262.346,26.6355,105.412,-430.876,0.722087,1
A,71,.,.,.,TYR,CB,527,70,145,18,35.971,31.488,41.159,1.91,13.5892,-0.37061,0.0964517,-0.923767,12.4693,1,0.56029,0.287634,37.3551,17.3222,0.757621,0.761492,0.77849,19.0303,29.925,-136.403,24.5741,75.2934,-262.346,26.6355,105.412,-430.876,0.581923,1
A,71,.,.,.,TYR,CG,528,70,148,18,36.557,32.879,41.255,1.74,1.14054,-0.128086,0.148371,-0.980602,1.60581,1,5.78267e-08,0.287634,8.91404,6.3674,0.684881,0.685471,0.704163,19.0303,29.925,-136.403,24.5741,75.2934,-262.346,26.6355,105.412,-430.876,0.459101,0
A,71,.,.,.,TYR,CD1,529,70,146,18,35.742,33.988,41.503,1.82,10.0913,-0.743253,0.0254175,-0.668528,7.63741,1,0.459943,0.287634,33.0847,14.4894,0.728809,0.731564,2,19.0303,29.925,-136.403,24.5741,75.2934,-262.346,26.6355,105.412,-430.876,0.459411,1
A,71,.,.,.,TYR,CD2,530,70,146,18,37.927,33.093,41.083,1.82,8.49013,0.0885535,-0.125199,-0.988172,6.42558,1,0.0016834,0.287634,29.309,14.3722,0.59001,0.589384,0.573817,19.0303,29.925,-136.403,24.5741,75.2934,-262.346,26.6355,105.412,-430.876,0.167911,0
A,71,.,.,.,TYR,CE1,531,70,147,18,36.276,35.276,41.576,1.82,1.935,0.248679,0.156041,0.955934,0.689624,1,0.445474,0.287634,27.99,14.23,0.645185,0.643586,0.643441,19.0303,29.925,-136.403,24.5741,75.2934,-262.346,26.6355,105.412,-430.876,0.444894,0
A,71,.,.,.,TYR,CE2,532,70,147,18,38.468,34.372,41.151,1.82,26.115,0.989016,0.146641,0.0185429,9.30723,1,0.0556534,0.287634,46.403,14.2324,0.498447,0.497211,0.486446,19.0303,29.925,-136.403,24.5741,75.2934,-262.346,26.6355,105.412,-430.876,0.2463,0
A,71,.,.,.,TYR,CZ,533,70,149,18,37.635,35.457,41.399,1.8,3.94122,0.195905,0.0135981,0.980529,3.23066,1,0.355408,0.287634,17.1,9.7857,0.544922,0.542569,0.531536,19.0303,29.925,-136.403,24.5741,75.2934,-262.346,26.6355,105.412,-430.876,0.405153,0
A,71,.,.,.,TYR,OH,534,70,152,18,38.171,36.72,41.469,1.54,29.3301,0.678893,0.605285,0.415614,-3.20032,1,0.212941,0.287634,46.4877,10.9668,0.490925,0.48958,0.47925,19.0303,29.925,-136.403,24.5741,75.2934,-262.346,26.6355,105.412,-430.876,0.422119,0
A,72,.,.,.,ILE,N,535,71,73,9,35.381,28.361,42.681,1.7,0,0,0,0,0,2,0.149349,0.159501,11.4188,9.63221,2,2,2,18.5618,32.8916,-111.822,24.5741,75.2934,-262.346,26.6355,105.412,-430.876,2,0
A,72,.,.,.,ILE,CA,536,71,68,9,34.514,27.183,42.583,1.9,1.98385,-0.937242,0.074818,-0.340559,3.73329,1,0.297625,0.159501,17.4734,11.8927,0.757409,0.775028,2,18.5618,32.8916,-111.822,24.5741,75.2934,-262.346,26.6355,105.412,-430.876,0.753341,1
A,72,.,.,.,ILE,C,537,71,67,9,34.295,26.532,43.936,1.75,0,0,0,0,0,3,0.360095,0.159501,9.05927,8.2838,2,2,2,18.5618,32.8916,-111.822,24.5741,75.2934,-262.346,26.6355,105.412,-430.876,2,0
A,72,.,.,.,ILE,O,538,71,74,9,35.226,26.365,44.709,1.49,0.903848,0.447154,-0.890427,-0.0848144,0.857014,1,0.133169,0.159501,16.0359,9.055,0.795269,0.831973,2,18.5618,32.8916,-111.822,24.5741,75.2934,-262.346,26.6355,105.412,-430.876,0.301213,1
A,72,.,.,.,ILE,CB,539,71,69,9,35.085,26.124,41.594,2.01,3.2022,0.906964,-0.420766,0.0193069,3.71833,1,0.0349457,0.159501,24.2718,14.171,0.757887,0.778952,2,18.5618,32.8916,-111.822,24.5741,75.2934,-262.346,26.6355,105.412,-430.876,0.452861,0
A,72,.,.,.,ILE,CG1,540,71,71,9,34.881,26.602,40.158,1.92,8.27206,-0.965602,0.105157,-0.237812,8.84969,1,0.136934,0.159501,39.2065,15.9898,0.769769,0.780873,2,18.5618,32.8916,-111.822,24.5741,75.2934,-262.346,26.6355,105.412,-430.876,0.64777,1
A,72,.,.,.,ILE,CG2,541,71,72,9,34.386,24.772,41.79,1.92,27.0152,-0.287766,-0.949237,-0.127041,21.8783,1,0.0675472,0.159501,66.6727,21.7841,0.85418,0.871531,2,18.5618,32.8916,-111.822,24.5741,75.2934,-262.346,26.6355,105.412,-430.876,0.588097,1
A,72,.,.,.,ILE,CD1,542,71,70,9,35.634,27.87,39.824,1.92,30.9213,0.29234,0.211764,-0.932573,23.5192,1,0.0963449,0.159501,61.9068,22.2696,0.747272,0.750223,0.747258,18.5618,32.8916,-111.822,24.5741,75.2934,-262.346,26.6355,105.412,-430.876,0.627018,1
A,73,.,.,.,GLY,N,543,72,55,7,33.055,26.158,44.223,1.7,4.02805,-0.754022,0.242546,-0.610428,3.58437,1,0.471448,0.433964,19.524,9.9464,0.775667,0.781661,2,18.559,39.3782,-135.627,27.9311,91.4596,-414.321,28.276,111.423,-409.337,0.771331,1
A,73,.,.,.,GLY,CA,544,72,54,7,32.764,25.56,45.51,1.9,0,0,0,0,-0,2,0.406315,0.433964,28.001,18.8483,2,2,2,18.559,39.3782,-135.627,27.9311,91.4596,-414.321,28.276,111.423,-409.337,2,0
A,73,.,.,.,GLY,C,545,72,53,7,31.872,26.48,46.334,1.75,0,0,0,0,0,2,0.452419,0.433964,10.6949,8.86753,2,2,2,18.559,39.3782,-135.627,27.9311,91.4596,-414.321,28.276,111.423,-409.337,2,0
A,73,.,.,.,GLY,O,546,72,56,7,31.238,27.4,45.8,1.49,2.45128,-0.403883,0.0179765,-0.914634,0.359569,1,0.405673,0.433964,22.6332,9.12906,0.761608,0.768081,2,18.559,39.3782,-135.627,27.9311,91.4596,-414.321,28.276,111.423,-409.337,0.794814,1
A,74,.,.,.,SER,N,547,73,119,15,31.83,26.23,47.639,1.7,0,0,0,0,0,2,0.296437,0.363584,12.7351,9.80414,2,2,2,18.6394,39.821,-172.08,27.9311,91.4596,-414.321,28.276,111.423,-409.337,2,0
A,74,.,.,.,SER,CA,548,73,117,15,31.025,27.001,48.558,1.9,0,0,0,0,0,2,0.502406,0.363584,15.5658,12.6122,2,2,2,18.6394,39.821,-172.08,27.9311,91.4596,-414.321,28.276,111.423,-409.337,2,0
A,74,.,.,.,SER,C,549,73,116,15,31.709,28.323,48.845,1.75,0,0,0,0,0,2,0.467261,0.363584,10.098,8.71971,2,2,2,18.6394,39.821,-172.08,27.9311,91.4596,-414.321,28.276,111.423,-409.337,2,0
A,74,.,.,.,SER,O,550,73,120,15,32.147,28.587,49.965,1.49,12.0982,0.394063,0.154381,0.906025,3.64342,1,0.426895,0.363584,30.8237,9.11713,0.560269,0.556319,0.550025,18.6394,39.821,-172.08,27.9311,91.4596,-414.321,28.276,111.423,-409.337,0.0683752,0
A,74,.,.,.,SER,CB,551,73,118,15,30.85,26.219,49.844,1.91,0.234197,0.84533,0.0846472,0.527496,-0.0607988,1,0.241123,0.363584,27.904,18.6535,0.659012,0.587161,2,18.6394,39.821,-172.08,27.9311,91.4596,-414.321,28.276,111.423,-409.337,2,0
A,74,.,.,.,SER,OG,552,73,121,15,30.19,24.997,49.586,1.54,0,0,0,0,-0,2,0.247381,0.363584,13.1957,9.86711,2,2,2,18.6394,39.821,-172.08,27.9311,91.4596,-414.321,28.276,111.423,-409.337,2,0
A,75,.,.,.,CYS,N,553,74,33,4,31.804,29.154,47.824,1.7,0,0,0,0,0,2,0.314805,0.315636,11.6007,9.55862,2,2,2,18.6375,35.5628,-188.606,23.8299,68.6742,-260.742,28.276,111.423,-409.337,2,0
A,75,.,.,.,CYS,CA,554,74,31,4,32.465,30.431,47.983,1.9,0.0419661,0.573097,0.0170662,0.81931,0.0659342,1,0.290655,0.315636,15.8876,12.5883,0.600406,0.5368,2,18.6375,35.5628,-188.606,23.8299,68.6742,-260.742,28.276,111.423,-409.337,0.0871343,0
A,75,.,.,.,CYS,C,555,74,30,4,31.63,31.549,48.615,1.75,0,0,0,0,0,2,0.396713,0.315636,11.965,8.8209,2,2,2,18.6375,35.5628,-188.606,23.8299,68.6742,-260.742,28.276,111.423,-409.337,2,0
A,75,.,.,.,CYS,O,556,74,34,4,30.399,31.587,48.492,1.49,0,0,0,0,0,2,0.466583,0.315636,15.3293,9.0961,2,2,2,18.6375,35.5628,-188.606,23.8299,68.6742,-260.742,28.276,111.423,-409.337,2,0
A,75,.,.,.,CYS,CB,557,74,32,4,32.988,30.888,46.624,1.91,0.467622,0.695977,0.638509,0.328516,0.450646,1,0.263839,0.315636,28.7845,18.0943,0.594261,0.546105,2,18.6375,35.5628,-188.606,23.8299,68.6742,-260.742,28.276,111.423,-409.337,2,0
A,75,.,.,.,CYS,SG,558,74,35,4,34.047,29.626,45.83,1.88,0,0,0,0,0,2,0.161219,0.315636,27.3242,19.3595,2,2,2,18.6375,35.5628,-188.606,23.8299,68.6742,-260.742,28.276,111.423,-409.337,2,0
A,76,.,.,.,THR,N,559,75,126,16,32.315,32.44,49.321,1.7,4.61169,0.89469,-0.256075,0.365999,7.50848,1,0.537105,0.582055,20.7134,9.9202,0.621906,0.621344,0.625429,19.2598,40.8042,-190.231,26.1778,104.63,-393.304,24.3704,86.3796,-211.992,0.301332,0
A,76,.,.,.,THR,CA,560,75,123,16,31.669,33.615,49.903,1.9,0,0,0,0,0,2,0.845993,0.582055,14.3281,12.0425,2,2,2,19.2598,40.8042,-190.231,26.1778,104.63,-393.304,24.3704,86.3796,-211.992,2,0
A,76,.,.,.,THR,C,561,75,122,16,32.418,34.807,49.321,1.75,0,0,0,0,0,2,0.67719,0.582055,9.92034,8.26048,2,2,2,19.2598,40.8042,-190.231,26.1778,104.63,-393.304,24.3704,86.3796,-211.992,2,0
A,76,.,.,.,THR,O,562,75,127,16,33.621,34.955,49.534,1.49,20.0437,0.99224,-0.0840712,0.0916047,9.26844,1,0.620025,0.582055,34.9561,9.26108,0.631879,0.631551,0.633107,19.2598,40.8042,-190.231,26.1778,104.63,-393.304,24.3704,86.3796,-211.992,0.4435,0
A,76,.,.,.,THR,CB,563,75,124,16,31.804,33.673,51.422,2.01,17.1994,0.775256,-0.310724,0.549935,0.776372,1,0.441876,0.582055,37.717,16.9166,0.556191,0.553795,0.556481,19.2598,40.8042,-190.231,26.1778,104.63,-393.304,24.3704,86.3796,-211.992,0.441801,0
A,76,.,.,.,THR,OG1,564,75,128,16,30.968,32.682,52.018,1.54,19.8634,-0.0453685,-0.660557,0.749404,-1.18528,1,0.444346,0.582055,35.6001,9.56592,0.52767,0.525668,0.521995,19.2598,40.8042,-190.231,26.1778,104.63,-393.304,24.3704,86.3796,-211.992,0.352048,0
A,76,.,.,.,THR,CG2,565,75,125,16,31.39,35.064,51.943,1.92,9.00308,0.381357,-0.0758243,0.921313,-1.48579,1,0.50785,0.582055,43.9505,21.9189,0.531877,0.529324,0.535948,19.2598,40.8042,-190.231,26.1778,104.63,-393.304,24.3704,86.3796,-211.992,0.0664298,0
A,77,.,.,.,PHE,N,566,76,107,13,31.729,35.621,48.537,1.7,0,0,0,0,0,2,0.641727,0.420313,11.935,9.66337,2,2,2,19.2565,43.8028,-168.554,26.1778,104.63,-393.304,24.3704,86.3796,-211.992,2,0
A,77,.,.,.,PHE,CA,567,76,101,13,32.343,36.806,47.962,1.9,2.94662,0.973353,0.227593,-0.0280248,4.63969,1,0.423514,0.420313,20.2391,12.7124,0.661935,0.661935,0.677416,19.2565,43.8028,-168.554,26.1778,104.63,-393.304,24.3704,86.3796,-211.992,0.476918,0
A,77,.,.,.,PHE,C,568,76,100,13,31.791,37.937,48.815,1.75,0,0,0,0,0,2,0.432297,0.420313,10.7104,8.66242,2,2,2,19.2565,43.8028,-168.554,26.1778,104.63,-393.304,24.3704,86.3796,-211.992,2,0
A,77,.,.,.,PHE,O,569,76,108,13,30.617,38.319,48.703,1.49,0,0,0,0,0,2,0.598098,0.420313,14.6296,9.28779,2,2,2,19.2565,43.8028,-168.554,26.1778,104.63,-393.304,24.3704,86.3796,-211.992,2,0
A,77,.,.,.,PHE,CB,570,76,102,13,31.929,36.96,46.502,1.91,0,0,0,0,0,2,0.559229,0.420313,26.1409,17.6572,2,2,2,19.2565,43.8028,-168.554,26.1778,104.63,-393.304,24.3704,86.3796,-211.992,2,0
A,77,.,.,.,PHE,CG,571,76,105,13,32.253,35.754,45.664,1.74,0,0,0,0,0,2,0.472173,0.420313,7.79826,6.30538,2,2,2,19.2565,43.8028,-168.554,26.1778,104.63,-393.304,24.3704,86.3796,-211.992,2,0
A,77,.,.,.,PHE,CD1,572,76,103,13,31.236,34.946,45.155,1.82,0,0,0,0,0,2,0.320435,0.420313,24.3837,14.4883,2,2,2,19.2565,43.8028,-168.554,26.1778,104.63,-393.304,24.3704,86.3796,-211.992,2,0
A,77,.,.,.,PHE,CD2,573,76,103,13,33.586,35.402,45.416,1.82,8.61925,0.910273,0.19378,0.365857,8.43287,1,0.300409,0.420313,33.3777,14.4609,0.647416,0.64568,0.656372,19.2565,43.8028,-168.554,26.1778,104.63,-393.304,24.3704,86.3796,-211.992,0.483913,0
A,77,.,.,.,PHE,CE1,574,76,104,13,31.539,33.801,44.411,1.82,7.98261,-0.390717,-0.075906,-0.917376,5.67731,1,0.38202,0.420313,32.5329,14.17,0.854957,0.858681,2,19.2565,43.8028,-168.554,26.1778,104.63,-393.304,24.3704,86.3796,-211.992,0.783608,1
A,77,.,.,.,PHE,CE2,575,76,104,13,33.902,34.258,44.668,1.82,7.41721,0.906895,-0.13131,0.400374,5.27519,1,0.190062,0.420313,31.5131,14.1319,0.652595,0.649993,0.662798,19.2565,43.8028,-168.554,26.1778,104.63,-393.304,24.3704,86.3796,-211.992,0.393098,0
A,77,.,.,.,PHE,CZ,576,76,106,13,32.881,33.455,44.165,1.82,4.14461,-0.257442,0.011918,-0.96622,2.7718,1,0.303482,0.420313,28.2226,14.098,0.827955,0.831573,2,19.2565,43.8028,-168.554,26.1778,104.63,-393.304,24.3704,86.3796,-211.992,0.718111,1
A,78,.,.,.,GLU,N,577,77,50,6,32.645,38.459,49.677,1.7,4.22945,0.95457,0.0188109,-0.297393,5.41856,1,0.794055,0.658223,18.7118,9.79237,0.670728,0.670873,0.732962,21.0491,57.1555,-206.794,26.1778,104.63,-393.304,24.3704,86.3796,-211.992,0.335288,0
A,78,.,.,.,GLU,CA,578,77,46,6,32.24,39.499,50.607,1.9,0.00614087,-0.494369,0.37198,0.78564,0.0037726,1,0.614653,0.658223,17.717,12.7159,0.696843,0.694412,2,21.0491,57.1555,-206.794,26.1778,104.63,-393.304,24.3704,86.3796,-211.992,0.0499702,0
A,78,.,.,.,GLU,C,579,77,45,6,31.836,40.791,49.93,1.75,0,0,0,0,0,2,0.532972,0.658223,9.99351,8.66308,2,2,2,21.0491,57.1555,-206.794,26.1778,104.63,-393.304,24.3704,86.3796,-211.992,2,0
A,78,.,.,.,GLU,O,580,77,51,6,30.945,41.471,50.399,1.49,5.17665,-0.262943,0.291449,0.919738,1.25788,1,0.777646,0.658223,26.1602,9.26572,0.781828,0.771915,2,21.0491,57.1555,-206.794,26.1778,104.63,-393.304,24.3704,86.3796,-211.992,0.0262722,0
A,78,.,.,.,GLU,CB,581,77,47,6,33.366,39.754,51.618,1.91,9.99398,0.181421,0.775597,0.604595,-2.2267,1,0.46393,0.658223,36.9851,16.9323,0.680018,0.679742,0.681506,21.0491,57.1555,-206.794,26.1778,104.63,-393.304,24.3704,86.3796,-211.992,0.042797,0
A,78,.,.,.,GLU,CG,582,77,49,6,33.715,38.531,52.462,1.88,8.26395,0.524923,-0.832428,0.177536,-3.19533,1,0.834161,0.658223,38.569,16.8476,0.644206,0.643508,0.632534,21.0491,57.1555,-206.794,26.1778,104.63,-393.304,24.3704,86.3796,-211.992,0.0562463,0
A,78,.,.,.,GLU,CD,583,77,48,6,34.841,38.788,53.467,1.76,10.6062,0.817138,-0.225456,0.530524,-4.60163,1,0.822943,0.658223,24.909,10.7209,0.0521638,0.0520688,0.0487838,21.0491,57.1555,-206.794,26.1778,104.63,-393.304,24.3704,86.3796,-211.992,0.0529588,0
A,78,.,.,.,GLU,OE1,584,77,52,6,35.763,39.557,53.159,1.49,37.947,0.922098,0.386845,0.00923518,-25.1068,1,0.252682,0.658223,46.476,9.33077,0.0627064,0.062631,0.0580636,21.0491,57.1555,-206.794,26.1778,104.63,-393.304,24.3704,86.3796,-211.992,0.046589,0
A,78,.,.,.,GLU,OE2,585,77,52,6,34.811,38.203,54.568,1.49,46.4339,0.0811738,-0.400808,0.912559,-30.722,1,0.830964,0.658223,51.5144,9.43955,0.0421461,0.0420541,0.0406208,21.0491,57.1555,-206.794,26.1778,104.63,-393.304,24.3704,86.3796,-211.992,0.0529998,0
A,79,.,.,.,HIS,N,586,78,63,8,32.5,41.121,48.828,1.7,2.43367,0.942297,-0.277169,-0.187758,3.75384,1,0.334566,0.425199,17.5317,9.85149,0.644455,0.642497,2,21.1062,64.6269,-176.713,26.1778,104.63,-393.304,24.3704,86.3796,-211.992,0.0368562,0
A,79,.,.,.,HIS,CA,587,78,58,8,32.219,42.341,48.089,1.9,0.206164,-0.476035,0.840873,-0.257532,0.194528,1,0.74816,0.425199,18.8099,12.6616,0.680883,0.654508,2,21.1062,64.6269,-176.713,26.1778,104.63,-393.304,24.3704,86.3796,-211.992,0.023981,0
A,79,.,.,.,HIS,C,588,78,57,8,32.068,42.003,46.627,1.75,0,0,0,0,0,2,0.857877,0.425199,11.6667,8.7497,2,2,2,21.1062,64.6269,-176.713,26.1778,104.63,-393.304,24.3704,86.3796,-211.992,2,0
A,79,.,.,.,HIS,O,589,78,66,8,32.953,42.278,45.798,1.49,0.119221,0.953269,-0.191207,0.233918,0.0598354,1,0.832694,0.425199,12.7391,9.02393,0.670367,0.659761,2,21.1062,64.6269,-176.713,26.1778,104.63,-393.304,24.3704,86.3796,-211.992,2,0
A,79,.,.,.,HIS,CB,590,78,59,8,33.347,43.347,48.298,1.91,10.7001,0.976414,0.0171902,-0.215222,2.52592,1,0.534386,0.425199,39.6614,17.4669,0.604956,0.591755,2,21.1062,64.6269,-176.713,26.1778,104.63,-393.304,24.3704,86.3796,-211.992,0.0221196,0
A,79,.,.,.,HIS,CG,591,78,62,8,33.422,43.868,49.698,1.8,3.73883,0.746941,0.630785,-0.210215,1.35825,1,0.190629,0.425199,15.1456,9.4279,0.0380751,0.0371259,0.0270262,21.1062,64.6269,-176.713,26.1778,104.63,-393.304,24.3704,86.3796,-211.992,0.0253995,0
A,79,.,.,.,HIS,ND1,592,78,64,8,32.706,44.97,50.117,1.6,6.82822,0.320102,0.838263,-0.441418,-0.0400279,1,0.233999,0.425199,23.6952,8.58823,0.0151457,0.0146402,0.00963101,21.1062,64.6269,-176.713,26.1778,104.63,-393.304,24.3704,86.3796,-211.992,0.0183358,0
A,79,.,.,.,HIS,CD2,593,78,60,8,34.082,43.409,50.788,1.74,16.6533,0.99876,-0.0281641,-0.0410632,0.616467,1,0.233351,0.425199,36.4803,13.2754,0.0267655,0.0264726,0.0140526,21.1062,64.6269,-176.713,26.1778,104.63,-393.304,24.3704,86.3796,-211.992,0.0336136,0
A,79,.,.,.,HIS,CE1,594,78,61,8,32.92,45.166,51.408,1.74,29.5578,0.138519,0.827127,0.544678,-8.92843,1,0.125911,0.425199,49.1129,14.3018,0.0140433,0.0139689,0.0109629,21.1062,64.6269,-176.713,26.1778,104.63,-393.304,24.3704,86.3796,-211.992,0.0265527,0
A,79,.,.,.,HIS,NE2,595,78,65,8,33.75,44.232,51.839,1.6,26.0249,0.411692,0.0224893,0.911045,-7.70294,1,0.160419,0.425199,35.6325,8.93333,0.016347,0.0163203,0.0133308,21.1062,64.6269,-176.713,26.1778,104.63,-393.304,24.3704,86.3796,-211.992,0.0336272,0
A,80,.,.,.,PHE,N,596,79,107,13,30.926,41.4,46.316,1.7,0,0,0,0,0,2,0.637878,0.635561,12.9236,9.63014,2,2,2,19.1114,54.1907,-69.9416,28.276,111.423,-409.337,27.9311,91.4596,-414.321,2,0
A,80,.,.,.,PHE,CA,597,79,101,13,30.641,40.974,44.959,1.9,0,0,0,0,0,2,0.71562,0.635561,15.2096,12.7557,2,2,2,19.1114,54.1907,-69.9416,28.276,111.423,-409.337,27.9311,91.4596,-414.321,2,0
A,80,.,.,.,PHE,C,598,79,100,13,30.733,42.073,43.904,1.75,0,0,0,0,0,2,0.745871,0.635561,9.83848,8.63589,2,2,2,19.1114,54.1907,-69.9416,28.276,111.423,-409.337,27.9311,91.4596,-414.321,2,0
A,80,.,.,.,PHE,O,599,79,108,13,31.108,41.786,42.767,1.49,0,0,0,0,0,2,0.559398,0.635561,12.0626,9.16997,2,2,2,19.1114,54.1907,-69.9416,28.276,111.423,-409.337,27.9311,91.4596,-414.321,2,0
A,80,.,.,.,PHE,CB,600,79,102,13,29.271,40.296,44.894,1.91,0,0,0,0,0,2,0.65123,0.635561,25.2661,17.5806,2,2,2,19.1114,54.1907,-69.9416,28.276,111.423,-409.337,27.9311,91.4596,-414.321,2,0
A,80,.,.,.,PHE,CG,601,79,105,13,29.068,39.479,43.648,1.74,0,0,0,0,0,2,0.626947,0.635561,6.51021,6.27379,2,2,2,19.1114,54.1907,-69.9416,28.276,111.423,-409.337,27.9311,91.4596,-414.321,2,0
A,80,.,.,.,PHE,CD1,602,79,103,13,29.879,38.382,43.395,1.82,0,0,0,0,0,2,0.484105,0.635561,20.7174,14.3616,2,2,2,19.1114,54.1907,-69.9416,28.276,111.423,-409.337,27.9311,91.4596,-414.321,2,0
A,80,.,.,.,PHE,CD2,603,79,103,13,28.111,39.846,42.694,1.82,0.838976,-0.996357,-0.081598,-0.0248059,0.820834,1,0.692204,0.635561,26.95,14.5407,0.807135,0.806589,2,19.1114,54.1907,-69.9416,28.276,111.423,-409.337,27.9311,91.4596,-414.321,0.798531,1
A,80,.,.,.,PHE,CE1,604,79,104,13,29.756,37.66,42.203,1.82,10.4102,0.274032,-0.828987,-0.487532,7.40387,1,0.565832,0.635561,37.2073,14.0966,0.861656,0.863748,2,19.1114,54.1907,-69.9416,28.276,111.423,-409.337,27.9311,91.4596,-414.321,0.737831,1
A,80,.,.,.,PHE,CE2,605,79,104,13,27.98,39.124,41.496,1.82,17.3605,-0.909116,-0.184979,-0.373217,12.347,1,0.704707,0.635561,37.4377,14.1356,0.845236,0.847121,2,19.1114,54.1907,-69.9416,28.276,111.423,-409.337,27.9311,91.4596,-414.321,0.801911,1
A,80,.,.,.,PHE,CZ,606,79,106,13,28.809,38.033,41.257,1.82,23.7317,-0.31788,-0.743168,-0.588773,15.8711,1,0.607377,0.635561,41.9843,14.0653,0.850807,0.852241,2,19.1114,54.1907,-69.9416,28.276,111.423,-409.337,27.9311,91.4596,-414.321,0.801752,1
A,81,.,.,.,CYS,N,607,80,33,4,30.384,43.309,44.254,1.7,0,0,0,0,0,2,0.720008,0.605593,15.3443,9.93909,2,2,2,20.3943,69.1045,-46.6853,28.276,111.423,-409.337,27.9311,91.4596,-414.321,2,0
A,81,.,.,.,CYS,CA,608,80,31,4,30.476,44.419,43.291,1.9,0,0,0,0,0,2,0.791467,0.605593,17.7479,12.9068,2,2,2,20.3943,69.1045,-46.6853,28.276,111.423,-409.337,27.9311,91.4596,-414.321,2,0
A,81,.,.,.,CYS,C,609,80,30,4,31.952,44.644,42.922,1.75,0,0,0,0,0,2,0.539609,0.605593,10.5674,8.72404,2,2,2,20.3943,69.1045,-46.6853,28.276,111.423,-409.337,27.9311,91.4596,-414.321,2,0
A,81,.,.,.,CYS,O,610,80,34,4,32.297,44.894,41.754,1.49,0.0414608,-0.624591,0.69753,-0.351196,0.032273,1,0.42301,0.605593,15.3621,9.26801,0.896444,2,2,20.3943,69.1045,-46.6853,28.276,111.423,-409.337,27.9311,91.4596,-414.321,2,0
A,81,.,.,.,CYS,CB,611,80,32,4,29.906,45.71,43.878,1.91,8.01649,0.473127,0.877325,0.0803204,7.72547,1,0.387111,0.605593,41.7281,18.1088,0.75422,0.687397,2,20.3943,69.1045,-46.6853,28.276,111.423,-409.337,27.9311,91.4596,-414.321,0.0108272,0
A,81,.,.,.,CYS,SG,612,80,35,4,28.126,45.646,44.279,1.88,0,0,0,0,0,2,0.772351,0.605593,27.2488,19.278,2,2,2,20.3943,69.1045,-46.6853,28.276,111.423,-409.337,27.9311,91.4596,-414.321,2,0
A,82,.,.,.,ASP,N,613,81,27,3,32.821,44.538,43.92,1.7,1.25675,-0.114644,0.815533,0.567242,1.59481,1,0.889559,0.364132,15.204,9.7072,0.774817,0.68544,2,22.0045,69.6049,-179.495,28.276,111.423,-409.337,27.9311,91.4596,-414.321,0.0392223,0
A,82,.,.,.,ASP,CA,614,81,24,3,34.249,44.718,43.661,1.9,1.17832,-0.253763,0.94695,0.197205,0.706087,1,0.416554,0.364132,18.7762,12.8421,0.749449,0.68544,2,22.0045,69.6049,-179.495,28.276,111.423,-409.337,27.9311,91.4596,-414.321,0.0461629,0
A,82,.,.,.,ASP,C,615,81,23,3,34.753,43.515,42.844,1.75,0,0,0,0,0,2,0.302745,0.364132,10.5857,8.72141,2,2,2,22.0045,69.6049,-179.495,28.276,111.423,-409.337,27.9311,91.4596,-414.321,2,0
A,82,.,.,.,ASP,O,616,81,28,3,35.603,43.676,41.966,1.49,0,0,0,0,0,2,0.208714,0.364132,12.8517,9.14763,2,2,2,22.0045,69.6049,-179.495,28.276,111.423,-409.337,27.9311,91.4596,-414.321,2,0
A,82,.,.,.,ASP,CB,617,81,25,3,35.032,44.838,44.97,1.91,12.0198,-0.223765,0.752094,0.619907,-3.52409,1,0.64916,0.364132,39.8521,17.9927,0.0318823,0.029895,0.0201978,22.0045,69.6049,-179.495,28.276,111.423,-409.337,27.9311,91.4596,-414.321,0.047331,0
A,82,.,.,.,ASP,CG,618,81,26,3,36.457,45.286,44.739,1.76,5.71378,0.183237,0.569879,0.801038,-1.34425,1,0.0335345,0.364132,19.3533,10.3535,0.030996,0.0304778,0.0254485,22.0045,69.6049,-179.495,28.276,111.423,-409.337,27.9311,91.4596,-414.321,0.0480324,0
A,82,.,.,.,ASP,OD1,619,81,29,3,36.632,46.337,44.108,1.49,26.1579,0.250529,0.96725,0.0407694,-13.2658,1,0.192942,0.364132,41.2837,9.35496,0.025141,0.0248716,0.0213592,22.0045,69.6049,-179.495,28.276,111.423,-409.337,27.9311,91.4596,-414.321,0.0479805,0
A,82,.,.,.,ASP,OD2,620,81,29,3,37.39,44.6,45.18,1.49,24.7386,0.420172,-0.380067,0.824017,-12.546,1,0.219845,0.364132,39.0634,9.39601,0.0229595,0.0226041,0.015782,22.0045,69.6049,-179.495,28.276,111.423,-409.337,27.9311,91.4596,-414.321,0.0491097,0
A,83,.,.,.,VAL,N,621,82,158,19,34.228,42.322,43.125,1.7,0.0127891,0.821418,-0.17538,0.542691,0.0253753,1,0.260168,0.315869,12.0109,9.75875,0.785703,2,2,20.3677,52.9358,-148.681,28.276,111.423,-409.337,27.9311,91.4596,-414.321,2,0
A,83,.,.,.,VAL,CA,622,82,154,19,34.616,41.14,42.351,1.9,3.48428,0.946459,-0.194059,0.257984,5.93189,1,0.19637,0.315869,21.0226,12.0478,0.817673,2,2,20.3677,52.9358,-148.681,28.276,111.423,-409.337,27.9311,91.4596,-414.321,0.0659106,0
A,83,.,.,.,VAL,C,623,82,153,19,34.298,41.365,40.857,1.75,0,0,0,0,0,2,0.362029,0.315869,9.18798,8.42107,2,2,2,20.3677,52.9358,-148.681,28.276,111.423,-409.337,27.9311,91.4596,-414.321,2,0
A,83,.,.,.,VAL,O,624,82,159,19,35.131,41.079,39.991,1.49,0.0575676,0.776146,-0.500632,0.38336,0.0477319,1,0.212725,0.315869,13.2008,9.18347,0.895394,2,2,20.3677,52.9358,-148.681,28.276,111.423,-409.337,27.9311,91.4596,-414.321,2,0
A,83,.,.,.,VAL,CB,625,82,155,19,33.895,39.864,42.848,2.01,0,0,0,0,0,2,0.555083,0.315869,17.4274,14.3367,2,2,2,20.3677,52.9358,-148.681,28.276,111.423,-409.337,27.9311,91.4596,-414.321,2,0
A,83,.,.,.,VAL,CG1,626,82,156,19,34.16,38.694,41.872,1.92,1.51418,-0.468048,-0.836248,-0.285693,0.956286,1,0.40628,0.315869,44.2982,22.0914,0.784651,2,2,20.3677,52.9358,-148.681,28.276,111.423,-409.337,27.9311,91.4596,-414.321,0.529452,1
A,83,.,.,.,VAL,CG2,627,82,157,19,34.376,39.511,44.256,1.92,22.3348,0.850221,-0.0353239,0.52524,15.4139,1,0.218426,0.315869,58.3905,22.1901,0.664981,0.66202,0.675893,20.3677,52.9358,-148.681,28.276,111.423,-409.337,27.9311,91.4596,-414.321,0.132713,0
A,84,.,.,.,LEU,N,628,83,81,10,33.104,41.888,40.564,1.7,0,0,0,0,0,2,0.471218,0.464285,11.6384,9.81081,2,2,2,19.8994,55.4,-77.0056,28.276,111.423,-409.337,27.9311,91.4596,-414.321,2,0
A,84,.,.,.,LEU,CA,629,83,76,10,32.696,42.178,39.186,1.9,0,0,0,0,0,2,0.528108,0.464285,17.6705,12.7073,2,2,2,19.8994,55.4,-77.0056,28.276,111.423,-409.337,27.9311,91.4596,-414.321,2,0
A,84,.,.,.,LEU,C,630,83,75,10,33.586,43.258,38.562,1.75,0,0,0,0,0,2,0.211805,0.464285,9.73979,8.67931,2,2,2,19.8994,55.4,-77.0056,28.276,111.423,-409.337,27.9311,91.4596,-414.321,2,0
A,84,.,.,.,LEU,O,631,83,82,10,34.003,43.138,37.402,1.49,0,0,0,0,0,2,0.200059,0.464285,13.823,9.13656,2,2,2,19.8994,55.4,-77.0056,28.276,111.423,-409.337,27.9311,91.4596,-414.321,2,0
A,84,.,.,.,LEU,CB,632,83,77,10,31.244,42.659,39.138,1.91,0,0,0,0,0,2,0.619263,0.464285,23.4897,15.4655,2,2,2,19.8994,55.4,-77.0056,28.276,111.423,-409.337,27.9311,91.4596,-414.321,2,0
A,84,.,.,.,LEU,CG,633,83,80,10,30.147,41.645,39.487,2.01,0,0,0,0,0,2,0.588306,0.464285,17.6408,14.3184,2,2,2,19.8994,55.4,-77.0056,28.276,111.423,-409.337,27.9311,91.4596,-414.321,2,0
A,84,.,.,.,LEU,CD1,634,83,78,10,28.784,42.352,39.479,1.92,1.0778,-0.617265,-0.629305,-0.472185,0.733958,1,0.513628,0.464285,38.0381,22.2071,0.766736,0.764946,2,19.8994,55.4,-77.0056,28.276,111.423,-409.337,27.9311,91.4596,-414.321,0.78779,1
A,84,.,.,.,LEU,CD2,635,83,79,10,30.195,40.484,38.491,1.92,19.9161,-0.365681,-0.739321,-0.565404,10.5644,1,0.581895,0.464285,61.1156,22.1141,0.85082,0.85358,2,19.8994,55.4,-77.0056,28.276,111.423,-409.337,27.9311,91.4596,-414.321,0.738787,1
A,85,.,.,.,ASP,N,636,84,27,3,33.864,44.319,39.314,1.7,0,0,0,0,0,2,0.55097,0.374563,11.8192,9.88383,2,2,2,22.3586,71.4164,-196.429,28.276,111.423,-409.337,27.9311,91.4596,-414.321,2,0
A,85,.,.,.,ASP,CA,637,84,24,3,34.72,45.39,38.791,1.9,0.552121,0.0823764,0.745172,-0.661765,0.330849,1,0.231537,0.374563,17.4513,12.7861,0.700295,0.673584,2,22.3586,71.4164,-196.429,28.276,111.423,-409.337,27.9311,91.4596,-414.321,2,0
A,85,.,.,.,ASP,C,638,84,23,3,36.11,44.873,38.431,1.75,0.494051,0.701475,0.629229,0.334671,0.847965,1,0.112683,0.374563,11.0801,8.59924,0.603611,0.596193,0.580528,22.3586,71.4164,-196.429,28.276,111.423,-409.337,27.9311,91.4596,-414.321,0.113028,0
A,85,.,.,.,ASP,O,639,84,28,3,36.698,45.312,37.455,1.49,9.00962,0.631186,0.774878,0.0341845,2.49609,1,0.0475387,0.374563,26.5029,9.24431,0.596628,0.5895,0.580528,22.3586,71.4164,-196.429,28.276,111.423,-409.337,27.9311,91.4596,-414.321,0.0565043,0
A,85,.,.,.,ASP,CB,640,84,25,3,34.857,46.535,39.798,1.91,15.7288,0.708264,0.705866,0.010761,-4.61154,1,0.156515,0.374563,43.8467,17.9607,0.458676,0.452223,0.373125,22.3586,71.4164,-196.429,28.276,111.423,-409.337,27.9311,91.4596,-414.321,0.0266134,0
A,85,.,.,.,ASP,CG,641,84,26,3,33.585,47.337,39.937,1.76,5.57626,0.296351,0.936583,-0.187055,-1.3119,1,0.791687,0.374563,19.7055,10.4288,0.449659,0.436423,0.403864,22.3586,71.4164,-196.429,28.276,111.423,-409.337,27.9311,91.4596,-414.321,0.0185332,0
A,85,.,.,.,ASP,OD1,642,84,29,3,32.863,47.508,38.927,1.49,13.409,-0.218781,0.911317,-0.348763,-6.80027,1,0.508592,0.374563,32.4016,9.38671,0.539964,0.511249,0.485044,22.3586,71.4164,-196.429,28.276,111.423,-409.337,27.9311,91.4596,-414.321,0.0299056,0
A,85,.,.,.,ASP,OD2,643,84,29,3,33.303,47.809,41.053,1.49,27.7082,-0.180365,0.857062,0.482611,-14.052,1,0.596979,0.374563,41.4623,9.41209,0.0632049,0.0619036,0.0556348,22.3586,71.4164,-196.429,28.276,111.423,-409.337,27.9311,91.4596,-414.321,0.0458039,0
A,86,.,.,.,MET,N,644,85,97,12,36.634,43.939,39.212,1.7,0,0,0,0,0,2,0.184112,0.0828075,11.415,9.7313,2,2,2,23.0311,62.445,-260.007,28.276,111.423,-409.337,27.9311,91.4596,-414.321,2,0
A,86,.,.,.,MET,CA,645,85,93,12,37.947,43.399,38.912,1.9,6.50781,0.72148,0.661509,-0.204628,8.50747,1,0.128825,0.0828075,22.8401,12.6279,0.536703,0.535291,0.479365,23.0311,62.445,-260.007,28.276,111.423,-409.337,27.9311,91.4596,-414.321,0.121969,0
A,86,.,.,.,MET,C,646,85,92,12,37.916,42.443,37.719,1.75,0.461915,0.638352,-0.750838,0.169556,0.913792,1,0.0807646,0.0828075,11.6668,8.7708,0.43223,0.4314,0.417654,23.0311,62.445,-260.007,28.276,111.423,-409.337,27.9311,91.4596,-414.321,0.36981,0
A,86,.,.,.,MET,O,647,85,98,12,38.799,42.484,36.868,1.49,20.9608,0.96486,-0.190729,-0.180744,15.2732,1,0.0322396,0.0828075,36.383,9.32072,0.120348,0.1198,0.104541,23.0311,62.445,-260.007,28.276,111.423,-409.337,27.9311,91.4596,-414.321,0.104545,0
A,86,.,.,.,MET,CB,648,85,94,12,38.536,42.693,40.137,1.91,12.8801,0.664917,-0.740386,-0.0985612,8.27232,1,0.126753,0.0828075,39.6775,16.6434,0.454981,0.452621,0.424782,23.0311,62.445,-260.007,28.276,111.423,-409.337,27.9311,91.4596,-414.321,0.103843,0
A,86,.,.,.,MET,CG,649,85,96,12,38.835,43.636,41.296,1.92,8.4638,0.34923,0.864859,-0.360634,4.74597,1,0.0525145,0.0828075,37.7523,18.5289,0.538876,0.535086,0.489075,23.0311,62.445,-260.007,28.276,111.423,-409.337,27.9311,91.4596,-414.321,0.0497645,0
A,86,.,.,.,MET,SD,650,85,99,12,40.334,43.042,42.394,1.94,48.6171,0.598099,-0.791616,0.124987,26.3748,1,0.0276962,0.0828075,74.2478,22.468,0.0690815,0.0690147,0.0652092,23.0311,62.445,-260.007,28.276,111.423,-409.337,27.9311,91.4596,-414.321,0.0500624,0
A,86,.,.,.,MET,CE,651,85,95,12,40.686,44.677,43.391,1.8,55.5345,0.686674,0.627265,0.367449,15.4604,1,0.0295559,0.0828075,79.2021,20.4853,0.0404612,0.0404339,0.0387693,23.0311,62.445,-260.007,28.276,111.423,-409.337,27.9311,91.4596,-414.321,0.0489865,0
A,87,.,.,.,LEU,N,652,86,81,10,36.893,41.598,37.654,1.7,0,0,0,0,0,2,0.0686989,0.171012,11.7764,9.77195,2,2,2,21.4875,50.7149,-171.474,27.5046,102.663,-330.308,27.9311,91.4596,-414.321,2,0
A,87,.,.,.,LEU,CA,653,86,76,10,36.749,40.629,36.567,1.9,2.86513,0.87767,-0.338366,-0.339417,5.67442,1,0.0643386,0.171012,20.4019,12.7784,0.547503,0.547491,0.547424,21.4875,50.7149,-171.474,27.5046,102.663,-330.308,27.9311,91.4596,-414.321,0.40301,0
A,87,.,.,.,LEU,C,654,86,75,10,36.357,41.247,35.223,1.75,0,0,0,0,0,2,0.0389381,0.171012,10.5324,8.68221,2,2,2,21.4875,50.7149,-171.474,27.5046,102.663,-330.308,27.9311,91.4596,-414.321,2,0
A,87,.,.,.,LEU,O,655,86,82,10,36.618,40.655,34.183,1.49,25.1822,0.406095,-0.62374,-0.667859,19.3125,1,0.0413781,0.171012,37.8614,9.31868,0.590945,0.590721,0.588352,21.4875,50.7149,-171.474,27.5046,102.663,-330.308,27.9311,91.4596,-414.321,0.331756,0
A,87,.,.,.,LEU,CB,656,86,77,10,35.706,39.569,36.932,1.91,4.28586,-0.293965,-0.595257,-0.747833,4.36356,1,0.259582,0.171012,29.2958,15.3884,0.775689,0.775864,0.790836,21.4875,50.7149,-171.474,27.5046,102.663,-330.308,27.9311,91.4596,-414.321,0.47336,0
A,87,.,.,.,LEU,CG,657,86,80,10,35.994,38.571,38.053,2.01,0.0326735,0.443118,0.294635,0.846662,0.0443713,1,0.304071,0.171012,19.8464,14.2157,0.781415,0.783388,0.815464,21.4875,50.7149,-171.474,27.5046,102.663,-330.308,27.9311,91.4596,-414.321,0.393561,0
A,87,.,.,.,LEU,CD1,658,86,78,10,34.764,37.687,38.254,1.92,30.6923,-0.617323,-0.672074,-0.408935,20.9007,1,0.461858,0.171012,65.6483,22.1823,0.802784,0.80386,0.860372,21.4875,50.7149,-171.474,27.5046,102.663,-330.308,27.9311,91.4596,-414.321,0.563284,1
A,87,.,.,.,LEU,CD2,659,86,79,10,37.21,37.728,37.717,1.92,41.3906,0.705109,-0.484055,-0.518181,21.9555,1,0.129235,0.171012,72.914,22.0651,0.588581,0.588296,0.580799,21.4875,50.7149,-171.474,27.5046,102.663,-330.308,27.9311,91.4596,-414.321,0.427873,0
A,88,.,.,.,ILE,N,660,87,73,9,35.73,42.422,35.25,1.7,0,0,0,0,0,2,0.0696515,0.129688,11.5423,9.60925,2,2,2,22.2525,62.6244,-209.091,28.276,111.423,-409.337,27.9311,91.4596,-414.321,2,0
A,88,.,.,.,ILE,CA,661,87,68,9,35.286,43.115,34.043,1.9,0.785699,0.1873,-0.462528,-0.866595,1.47856,1,0.0570902,0.129688,14.7967,11.4999,0.708598,0.709644,2,22.2525,62.6244,-209.091,28.276,111.423,-409.337,27.9311,91.4596,-414.321,0.28531,0
A,88,.,.,.,ILE,C,662,87,67,9,35.628,44.601,34.147,1.75,0,0,0,0,0,2,0.0371798,0.129688,9.97134,8.67523,2,2,2,22.2525,62.6244,-209.091,28.276,111.423,-409.337,27.9311,91.4596,-414.321,2,0
A,88,.,.,.,ILE,O,663,87,74,9,34.82,45.402,34.608,1.49,0.92344,-0.085055,0.866273,0.492278,0.87559,1,0.0916886,0.129688,15.3219,8.74978,0.937696,2,2,22.2525,62.6244,-209.091,28.276,111.423,-409.337,27.9311,91.4596,-414.321,2,0
A,88,.,.,.,ILE,CB,664,87,69,9,33.751,42.973,33.858,2.01,0,0,0,0,0,2,0.333626,0.129688,15.6845,13.7058,2,2,2,22.2525,62.6244,-209.091,28.276,111.423,-409.337,27.9311,91.4596,-414.321,2,0
A,88,.,.,.,ILE,CG1,665,87,71,9,33.357,41.492,33.872,1.92,6.99831,0.352784,-0.808342,-0.471302,7.487,1,0.124394,0.129688,32.575,15.8804,0.673912,0.670959,2,22.2525,62.6244,-209.091,28.276,111.423,-409.337,27.9311,91.4596,-414.321,0.428772,0
A,88,.,.,.,ILE,CG2,666,87,72,9,33.314,43.627,32.542,1.92,3.926,0.464819,-0.550582,-0.6934,3.17947,1,0.0582297,0.129688,41.9114,21.8822,0.705885,0.707218,2,22.2525,62.6244,-209.091,28.276,111.423,-409.337,27.9311,91.4596,-414.321,0.192746,0
A,88,.,.,.,ILE,CD1,667,87,70,9,31.856,41.274,33.965,1.92,10.4654,-0.248485,-0.933285,0.259296,7.96016,1,0.265645,0.129688,50.0619,23.0267,0.786747,0.787909,2,22.2525,62.6244,-209.091,28.276,111.423,-409.337,27.9311,91.4596,-414.321,0.608185,1
A,89,.,.,.,PRO,N,668,88,114,14,36.827,44.991,33.683,1.7,0,0,0,0,0,2,0.227571,0.188861,6.68899,5.51216,2,2,2,24.9589,76.0295,-350.412,28.276,111.423,-409.337,27.9311,91.4596,-414.321,2,0
A,89,.,.,.,PRO,CA,669,88,110,14,37.315,46.375,33.72,1.9,3.52136,0.482581,0.400419,0.778961,1.92677,1,0.0968042,0.188861,22.5565,12.9187,0.597932,0.588994,0.580528,24.9589,76.0295,-350.412,28.276,111.423,-409.337,27.9311,91.4596,-414.321,0.0550085,0
A,89,.,.,.,PRO,C,670,88,109,14,36.365,47.435,33.183,1.75,0.051592,-0.457595,0.15715,0.875163,0.0950129,1,0.369112,0.188861,11.6717,8.73985,0.696892,0.64383,2,24.9589,76.0295,-350.412,28.276,111.423,-409.337,27.9311,91.4596,-414.321,2,0
A,89,.,.,.,PRO,O,671,88,115,14,35.369,47.129,32.529,1.49,0.285777,-0.89474,0.440697,-0.0722958,0.0889129,1,0.314062,0.188861,17.2743,9.22816,0.864559,2,2,24.9589,76.0295,-350.412,28.276,111.423,-409.337,27.9311,91.4596,-414.321,2,0
A,89,.,.,.,PRO,CB,672,88,111,14,38.619,46.305,32.914,1.91,22.466,0.817069,0.576041,-0.0239782,-7.31589,1,0.100162,0.188861,45.3128,16.9148,0.0740299,0.0739359,0.0723548,24.9589,76.0295,-350.412,28.276,111.423,-409.337,27.9311,91.4596,-414.321,0.0519377,0
A,89,.,.,.,PRO,CG,673,88,113,14,39.087,44.894,33.151,1.92,36.4376,0.964369,-0.261003,-0.0432346,-16.4868,1,0.00879599,0.188861,58.2394,17.3851,0.102535,0.102442,0.10086,24.9589,76.0295,-350.412,28.276,111.423,-409.337,27.9311,91.4596,-414.321,0.0805792,0
A,89,.,.,.,PRO,CD,674,88,112,14,37.791,44.121,32.989,1.92,12.3973,0.24127,-0.757996,-0.605996,2.50402,1,0.205522,0.188861,39.9303,17.9623,0.176086,0.175943,0.174321,24.9589,76.0295,-350.412,28.276,111.423,-409.337,27.9311,91.4596,-414.321,0.103673,0
A,90,.,.,.,THR,N,675,89,126,16,36.692,48.692,33.461,1.7,1.57899,0.787525,0.0969731,0.608605,2.57082,1,0.0995613,0.128015,17.4813,9.80253,0.649228,0.621594,0.580528,26.5257,88.4633,-367.718,28.276,111.423,-409.337,27.9311,91.4596,-414.321,0.0244962,0
A,90,.,.,.,THR,CA,676,89,123,16,35.88,49.81,33.006,1.9,5.14062,-0.970675,-0.0814521,0.226177,5.01176,1,0.399038,0.128015,21.3229,11.9886,0.633079,0.624985,0.621737,26.5257,88.4633,-367.718,28.276,111.423,-409.337,27.9311,91.4596,-414.321,0.0207392,0
A,90,.,.,.,THR,C,677,89,122,16,36.079,50.023,31.513,1.75,0.240646,0.37008,0.902196,-0.221548,0.463149,1,0.102256,0.128015,10.2777,8.4664,0.0085616,0.0082539,0.00696216,26.5257,88.4633,-367.718,28.276,111.423,-409.337,27.9311,91.4596,-414.321,2,0
A,90,.,.,.,THR,O,678,89,127,16,37.176,49.837,30.99,1.49,13.8518,0.880248,0.336001,-0.335062,6.40525,1,0.080346,0.128015,30.7048,9.28563,0.00158101,0.00154026,0.00154026,26.5257,88.4633,-367.718,28.276,111.423,-409.337,27.9311,91.4596,-414.321,0.038843,0
A,90,.,.,.,THR,CB,679,89,124,16,36.253,51.11,33.745,2.01,19.0323,-0.419591,0.889688,-0.179997,0.85911,1,0.0185899,0.128015,39.4506,16.8619,0.0197703,0.0195848,0.0185288,26.5257,88.4633,-367.718,28.276,111.423,-409.337,27.9311,91.4596,-414.321,0.0246117,0
A,90,.,.,.,THR,OG1,680,89,128,16,37.632,51.42,33.505,1.54,33.3948,0.882876,0.468977,-0.024294,-1.99271,1,0.164302,0.128015,42.9059,9.65658,0.0145423,0.0145051,0.0139107,26.5257,88.4633,-367.718,28.276,111.423,-409.337,27.9311,91.4596,-414.321,0.0247229,0
A,90,.,.,.,THR,CG2,681,89,125,16,36.027,50.953,35.241,1.92,62.3642,-0.189146,0.259028,0.947169,-10.292,1,0.0320111,0.128015,87.672,22.2914,0.023117,0.0228997,0.0208707,26.5257,88.4633,-367.718,28.276,111.423,-409.337,27.9311,91.4596,-414.321,0.0205415,0
A,91,.,.,.,GLY,N,682,90,55,7,35.012,50.424,30.832,1.7,12.5108,-0.874708,0.369991,0.313038,11.1327,1,0.195096,0.278871,26.5463,9.95881,0.0526197,0.0524297,0.0506686,27.9311,91.4596,-414.321,28.276,111.423,-409.337,27.9311,91.4596,-414.321,0.03205,0
A,91,.,.,.,GLY,CA,683,90,54,7,35.096,50.644,29.4,1.9,40.6397,-0.0102336,0.926005,-0.377374,-1.19057,1,0.0825152,0.278871,62.0061,18.9505,0.0319257,0.0318091,0.0311558,27.9311,91.4596,-414.321,28.276,111.423,-409.337,27.9311,91.4596,-414.321,0.0403057,0
A,91,.,.,.,GLY,C,684,90,53,7,34.733,49.37,28.666,1.75,1.67876,-0.823417,0.489103,-0.287686,1.86355,1,0.350164,0.278871,15.0371,8.86171,0.0226494,0.0224856,0.0218935,27.9311,91.4596,-414.321,28.276,111.423,-409.337,27.9311,91.4596,-414.321,0.0462342,0
A,91,.,.,.,GLY,O,685,90,56,7,34.209,49.405,27.552,1.49,24.6527,-0.256584,0.571674,-0.779329,3.61621,1,0.487709,0.278871,37.5052,9.32675,0.0211671,0.0211011,0.0206281,27.9311,91.4596,-414.321,28.276,111.423,-409.337,27.9311,91.4596,-414.321,0.0476962,0
A,92,.,.,.,GLU,N,686,91,50,6,35.001,48.236,29.301,1.7,0,0,0,0,0,2,0.0927844,0.204426,12.7187,9.6886,2,2,2,25.8149,81.0013,-372.155,28.276,111.423,-409.337,27.9311,91.4596,-414.321,2,0
A,92,.,.,.,GLU,CA,687,91,46,6,34.706,46.951,28.698,1.9,0,0,0,0,0,2,0.184274,0.204426,13.3337,11.9083,2,2,2,25.8149,81.0013,-372.155,28.276,111.423,-409.337,27.9311,91.4596,-414.321,2,0
A,92,.,.,.,GLU,C,688,91,45,6,33.218,46.646,28.601,1.75,0.0406001,-0.596163,0.792128,-0.130852,0.0732451,1,0.491085,0.204426,10.4542,8.63228,0.574658,0.573109,0.577435,25.8149,81.0013,-372.155,28.276,111.423,-409.337,27.9311,91.4596,-414.321,0.0474376,0
A,92,.,.,.,GLU,O,689,91,51,6,32.473,46.819,29.563,1.49,11.6091,-0.637458,0.677183,0.367518,2.82092,1,0.303257,0.204426,31.4436,9.23422,0.610879,0.609959,0.613527,25.8149,81.0013,-372.155,28.276,111.423,-409.337,27.9311,91.4596,-414.321,0.0589116,0
A,92,.,.,.,GLU,CB,690,91,47,6,35.392,45.84,29.488,1.91,4.53223,0.0257456,-0.983465,-0.17926,-1.0098,1,0.222634,0.204426,30.5876,16.8393,0.631033,0.628525,2,25.8149,81.0013,-372.155,28.276,111.423,-409.337,27.9311,91.4596,-414.321,0.0590756,0
A,92,.,.,.,GLU,CG,691,91,49,6,36.89,45.9,29.403,1.88,8.73133,0.548398,-0.833793,-0.0636382,-3.37605,1,0.0426712,0.204426,35.0701,16.8175,0.13544,0.135295,0.132941,25.8149,81.0013,-372.155,28.276,111.423,-409.337,27.9311,91.4596,-414.321,0.0626755,0
A,92,.,.,.,GLU,CD,692,91,48,6,37.339,46.257,28.001,1.76,6.29433,0.863329,-0.493041,-0.107583,-2.73088,1,0.209279,0.204426,19.9471,10.2964,0.0716636,0.0716183,0.070531,25.8149,81.0013,-372.155,28.276,111.423,-409.337,27.9311,91.4596,-414.321,0.0539019,0
A,92,.,.,.,GLU,OE1,693,91,52,6,36.96,45.527,27.053,1.49,29.8892,0.304948,-0.619491,-0.723351,-19.7755,1,0.22308,0.204426,40.6091,9.43728,0.0795431,0.0795115,0.0781459,25.8149,81.0013,-372.155,28.276,111.423,-409.337,27.9311,91.4596,-414.321,0.054623,0
A,92,.,.,.,GLU,OE2,694,91,52,6,38.058,47.274,27.852,1.49,34.3813,0.774722,0.480613,-0.410873,-22.7476,1,0.0707711,0.204426,45.7407,9.46774,0.0429765,0.0429332,0.0427343,25.8149,81.0013,-372.155,28.276,111.423,-409.337,27.9311,91.4596,-414.321,0.0504906,0
A,93,.,.,.,PRO,N,695,92,114,14,32.757,46.21,27.418,1.7,0,0,0,0,0,2,0.138422,0.372187,6.14098,5.40185,2,2,2,24.7632,78.9168,-288.629,28.276,111.423,-409.337,27.9311,91.4596,-414.321,2,0
A,93,.,.,.,PRO,CA,696,92,110,14,31.329,45.893,27.3,1.9,11.0768,-0.612412,0.776052,0.150649,6.06085,1,0.55646,0.372187,27.2718,12.8918,0.593366,0.592983,0.5971,24.7632,78.9168,-288.629,28.276,111.423,-409.337,27.9311,91.4596,-414.321,0.0376152,0
A,93,.,.,.,PRO,C,697,92,109,14,31.112,44.643,28.146,1.75,0,0,0,0,0,2,0.428092,0.372187,10.4652,8.59395,2,2,2,24.7632,78.9168,-288.629,28.276,111.423,-409.337,27.9311,91.4596,-414.321,2,0
A,93,.,.,.,PRO,O,698,92,115,14,32.071,43.951,28.489,1.49,8.18695,0.66804,-0.681158,-0.299576,2.54718,1,0.320711,0.372187,25.7573,9.09469,0.684749,0.685992,2,24.7632,78.9168,-288.629,28.276,111.423,-409.337,27.9311,91.4596,-414.321,0.0848645,0
A,93,.,.,.,PRO,CB,699,92,111,14,31.153,45.609,25.806,1.91,9.40981,-0.860725,-0.018018,-0.508751,-3.06424,1,0.588351,0.372187,37.5109,16.9753,0.57022,0.569781,0.569207,24.7632,78.9168,-288.629,28.276,111.423,-409.337,27.9311,91.4596,-414.321,0.0268885,0
A,93,.,.,.,PRO,CG,700,92,113,14,32.252,46.426,25.156,1.92,28.391,0.145328,0.683572,-0.715268,-12.846,1,0.419143,0.372187,52.5029,17.4224,0.0212859,0.0211569,0.0192464,24.7632,78.9168,-288.629,28.276,111.423,-409.337,27.9311,91.4596,-414.321,0.0255888,0
A,93,.,.,.,PRO,CD,701,92,112,14,33.419,46.2,26.1,1.92,17.7667,0.655701,-0.381477,-0.65156,3.58852,1,0.154131,0.372187,44.7937,18.2255,0.00996218,0.00983159,0.00770491,24.7632,78.9168,-288.629,28.276,111.423,-409.337,27.9311,91.4596,-414.321,0.0518792,0
A,94,.,.,.,CYS,N,702,93,33,4,29.875,44.345,28.508,1.7,3.90784,-0.683154,0.71368,-0.154796,7.55369,1,0.237714,0.25014,21.0793,10.0641,0.594982,0.593173,0.594652,21.9904,67.1654,-156.694,28.276,111.423,-409.337,27.9311,91.4596,-414.321,0.183246,0
A,94,.,.,.,CYS,CA,703,93,31,4,29.656,43.148,29.304,1.9,0,0,0,0,0,2,0.227246,0.25014,15.0362,12.2275,2,2,2,21.9904,67.1654,-156.694,28.276,111.423,-409.337,27.9311,91.4596,-414.321,2,0
A,94,.,.,.,CYS,C,704,93,30,4,29.911,41.913,28.437,1.75,0,0,0,0,0,2,0.312682,0.25014,10.7733,8.7486,2,2,2,21.9904,67.1654,-156.694,28.276,111.423,-409.337,27.9311,91.4596,-414.321,2,0
A,94,.,.,.,CYS,O,705,93,34,4,29.755,41.956,27.213,1.49,5.01025,0.652966,-0.145603,-0.743259,3.89997,1,0.303652,0.25014,22.5345,9.28941,0.649436,0.650598,2,21.9904,67.1654,-156.694,28.276,111.423,-409.337,27.9311,91.4596,-414.321,0.029694,0
A,94,.,.,.,CYS,CB,706,93,32,4,28.239,43.115,29.849,1.91,1.43277,-0.569326,0.622846,-0.536592,1.38075,1,0.193386,0.25014,29.0038,17.9282,0.620124,0.614285,0.618351,21.9904,67.1654,-156.694,28.276,111.423,-409.337,27.9311,91.4596,-414.321,0.415452,0
A,94,.,.,.,CYS,SG,707,93,35,4,27.866,44.379,31.106,1.88,19.3358,-0.217292,0.948796,-0.229281,20.2597,1,0.22616,0.25014,46.5912,19.3828,0.609543,0.608202,0.610928,21.9904,67.1654,-156.694,28.276,111.423,-409.337,27.9311,91.4596,-414.321,0.506572,0
A,95,.,.,.,PRO,N,708,94,114,14,30.292,40.792,29.064,1.7,0.0418097,0.98375,0.172394,-0.0501699,0.055088,1,0.622208,0.480881,7.06976,5.46229,0.69398,0.696973,2,21.3154,53.7588,-141.039,28.276,111.423,-409.337,27.9311,91.4596,-414.321,0.472181,0
A,95,.,.,.,PRO,CA,709,94,110,14,30.567,39.555,28.327,1.9,11.078,0.825578,0.145887,-0.545103,6.06152,1,0.395005,0.480881,27.2961,12.9408,0.535012,0.534317,0.508448,21.3154,53.7588,-141.039,28.276,111.423,-409.337,27.9311,91.4596,-414.321,0.387239,0
A,95,.,.,.,PRO,C,710,94,109,14,29.303,38.976,27.695,1.75,0,0,0,0,0,2,0.273436,0.480881,10.0345,8.59814,2,2,2,21.3154,53.7588,-141.039,28.276,111.423,-409.337,27.9311,91.4596,-414.321,2,0
A,95,.,.,.,PRO,O,711,94,115,14,28.205,39.111,28.243,1.49,0,0,0,0,0,2,0.676216,0.480881,13.4515,9.04364,2,2,2,21.3154,53.7588,-141.039,28.276,111.423,-409.337,27.9311,91.4596,-414.321,2,0
A,95,.,.,.,PRO,CB,712,94,111,14,31.087,38.597,29.405,1.91,29.8267,0.656529,-0.75409,-0.0178226,-9.71285,1,0.54011,0.480881,51.7334,16.9722,0.623037,0.622171,0.604178,21.3154,53.7588,-141.039,28.276,111.423,-409.337,27.9311,91.4596,-414.321,0.408027,1
A,95,.,.,.,PRO,CG,713,94,113,14,31.173,39.418,30.666,1.92,21.8163,0.594702,-0.602688,0.532069,-9.87115,1,0.445897,0.480881,47.8246,17.1791,0.612624,0.610666,0.566062,21.3154,53.7588,-141.039,28.276,111.423,-409.337,27.9311,91.4596,-414.321,0.486505,1
A,95,.,.,.,PRO,CD,714,94,112,14,30.205,40.527,30.507,1.92,0,0,0,0,0,2,0.413295,0.480881,25.5807,17.814,2,2,2,21.3154,53.7588,-141.039,28.276,111.423,-409.337,27.9311,91.4596,-414.321,2,0
A,96,.,.,.,GLU,N,715,95,50,6,29.459,38.32,26.554,1.7,6.25661,0.926694,-0.144762,-0.346818,8.01565,1,0.252519,0.364348,21.6399,9.87426,0.502934,0.502395,0.489456,21.5936,53.3519,-178.231,28.276,111.423,-409.337,27.9311,91.4596,-414.321,0.0427861,0
A,96,.,.,.,GLU,CA,716,95,46,6,28.312,37.683,25.949,1.9,0,0,0,0,0,2,0.55093,0.364348,13.4097,11.8683,2,2,2,21.5936,53.3519,-178.231,28.276,111.423,-409.337,27.9311,91.4596,-414.321,2,0
A,96,.,.,.,GLU,C,717,95,45,6,27.961,36.56,26.918,1.75,0.369793,0.248252,-0.867404,-0.431256,0.667128,1,0.392669,0.364348,11.2872,8.63524,0.666022,0.656533,0.537128,21.5936,53.3519,-178.231,28.276,111.423,-409.337,27.9311,91.4596,-414.321,0.052013,0
A,96,.,.,.,GLU,O,718,95,51,6,28.838,36.047,27.604,1.49,19.2186,0.659141,-0.714182,0.235534,4.66997,1,0.266681,0.364348,33.9603,9.18283,0.536762,0.529424,0.47957,21.5936,53.3519,-178.231,28.276,111.423,-409.337,27.9311,91.4596,-414.321,0.275962,1
A,96,.,.,.,GLU,CB,719,95,47,6,28.674,37.136,24.574,1.91,27.8511,0.347239,-0.861102,-0.371387,-6.20533,1,0.477274,0.364348,48.4402,16.8655,0.0324251,0.0321666,0.0287336,21.5936,53.3519,-178.231,28.276,111.423,-409.337,27.9311,91.4596,-414.321,0.020442,0
A,96,.,.,.,GLU,CG,720,95,49,6,28.813,38.235,23.552,1.88,33.4433,0.747585,0.00834585,-0.664114,-12.9312,1,0.334729,0.364348,53.8263,16.8099,0.0223837,0.0222421,0.020421,21.5936,53.3519,-178.231,28.276,111.423,-409.337,27.9311,91.4596,-414.321,0.0181769,0
A,96,.,.,.,GLU,CD,721,95,48,6,27.507,39,23.337,1.76,2.40907,-0.322501,-0.742614,-0.586956,-1.04521,1,0.305801,0.364348,17.581,10.7202,0.0196422,0.0193298,0.0176939,21.5936,53.3519,-178.231,28.276,111.423,-409.337,27.9311,91.4596,-414.321,0.0152349,0
A,96,.,.,.,GLU,OE1,722,95,52,6,26.574,38.873,24.159,1.49,0.066711,-0.337868,-0.829189,-0.445299,-0.0441378,1,0.49838,0.364348,12.17,8.92023,0.640728,0.635054,0.595879,21.5936,53.3519,-178.231,28.276,111.423,-409.337,27.9311,91.4596,-414.321,0.0111525,0
A,96,.,.,.,GLU,OE2,723,95,52,6,27.413,39.746,22.345,1.49,19.9784,0.235636,0.203121,-0.950378,-13.2183,1,0.200149,0.364348,35.8516,9.42576,0.00802199,0.00780227,0.00712047,21.5936,53.3519,-178.231,28.276,111.423,-409.337,27.9311,91.4596,-414.321,0.0151273,0
A,97,.,.,.,PRO,N,724,96,114,14,26.673,36.173,26.999,1.7,0,0,0,0,0,2,0.537005,0.600521,6.27059,5.44732,2,2,2,20.8579,51.6111,-166.518,28.276,111.423,-409.337,27.9311,91.4596,-414.321,2,0
A,97,.,.,.,PRO,CA,725,96,110,14,25.531,36.714,26.244,1.9,0.493663,0.0374417,-0.200482,-0.978982,0.270116,1,0.538524,0.600521,16.8821,12.551,0.678873,0.675996,0.595879,20.8579,51.6111,-166.518,28.276,111.423,-409.337,27.9311,91.4596,-414.321,0.0171951,0
A,97,.,.,.,PRO,C,726,96,109,14,24.853,37.947,26.853,1.75,0,0,0,0,0,2,0.675154,0.600521,10.5833,8.73652,2,2,2,20.8579,51.6111,-166.518,28.276,111.423,-409.337,27.9311,91.4596,-414.321,2,0
A,97,.,.,.,PRO,O,727,96,115,14,23.819,38.396,26.353,1.49,0,0,0,0,0,2,0.588397,0.600521,13.2028,9.23923,2,2,2,20.8579,51.6111,-166.518,28.276,111.423,-409.337,27.9311,91.4596,-414.321,2,0
A,97,.,.,.,PRO,CB,728,96,111,14,24.578,35.528,26.198,1.91,13.0765,0.184373,-0.469431,-0.863505,-4.25828,1,0.811265,0.600521,38.9037,16.9672,0.679876,0.676901,0.595879,20.8579,51.6111,-166.518,28.276,111.423,-409.337,27.9311,91.4596,-414.321,0.0425767,0
A,97,.,.,.,PRO,CG,729,96,113,14,24.756,34.968,27.586,1.92,0.00105689,0.287308,-0.756302,-0.587759,-0.00047821,1,0.606504,0.600521,26.3436,17.3028,0.678483,0.661797,2,20.8579,51.6111,-166.518,28.276,111.423,-409.337,27.9311,91.4596,-414.321,0.203835,0
A,97,.,.,.,PRO,CD,730,96,112,14,26.273,34.966,27.743,1.92,8.01584,0.656634,-0.640981,-0.397461,1.61904,1,0.446797,0.600521,40.7069,18.4591,0.71452,0.696963,2,20.8579,51.6111,-166.518,28.276,111.423,-409.337,27.9311,91.4596,-414.321,0.346272,1
A,98,.,.,.,LEU,N,731,97,81,10,25.424,38.505,27.913,1.7,0,0,0,0,0,2,0.309476,0.300729,11.976,9.73158,2,2,2,20.3292,56.3685,-100.257,28.276,111.423,-409.337,27.9311,91.4596,-414.321,2,0
A,98,.,.,.,LEU,CA,732,97,76,10,24.796,39.656,28.553,1.9,0,0,0,0,0,2,0.331327,0.300729,16.5279,12.6628,2,2,2,20.3292,56.3685,-100.257,28.276,111.423,-409.337,27.9311,91.4596,-414.321,2,0
A,98,.,.,.,LEU,C,733,97,75,10,24.696,40.877,27.63,1.75,0,0,0,0,0,2,0.417554,0.300729,10.2074,8.60438,2,2,2,20.3292,56.3685,-100.257,28.276,111.423,-409.337,27.9311,91.4596,-414.321,2,0
A,98,.,.,.,LEU,O,734,97,82,10,23.705,41.595,27.667,1.49,0.00326662,0.205204,0.966614,0.153457,0.00250521,1,0.21512,0.300729,13.8213,9.0715,0.754747,0.726691,2,20.3292,56.3685,-100.257,28.276,111.423,-409.337,27.9311,91.4596,-414.321,2,0
A,98,.,.,.,LEU,CB,735,97,77,10,25.55,40.061,29.827,1.91,0,0,0,0,0,2,0.275726,0.300729,19.7303,15.4217,2,2,2,20.3292,56.3685,-100.257,28.276,111.423,-409.337,27.9311,91.4596,-414.321,2,0
A,98,.,.,.,LEU,CG,736,97,80,10,25.725,39.028,30.94,2.01,5.13321,0.474488,-0.859571,0.189734,6.971,1,0.345426,0.300729,25.8391,14.2664,0.826659,0.827857,2,20.3292,56.3685,-100.257,28.276,111.423,-409.337,27.9311,91.4596,-414.321,0.514913,1
A,98,.,.,.,LEU,CD1,737,97,78,10,26.559,39.656,32.055,1.92,20.416,0.281631,-0.564885,0.775622,13.9028,1,0.254826,0.300729,54.8851,22.1975,0.819787,0.821528,2,20.3292,56.3685,-100.257,28.276,111.423,-409.337,27.9311,91.4596,-414.321,0.545113,1
A,98,.,.,.,LEU,CD2,738,97,79,10,24.357,38.558,31.446,1.92,19.7411,-0.0951566,-0.513975,0.852511,10.4716,1,0.256379,0.300729,54.8769,21.8698,0.827267,0.830979,2,20.3292,56.3685,-100.257,28.276,111.423,-409.337,27.9311,91.4596,-414.321,0.702328,1
A,99,.,.,.,ARG,N,739,98,11,1,25.718,41.117,26.822,1.7,0,0,0,0,0,2,0.6107,0.368952,13.6546,9.98278,2,2,2,22.8141,69.9646,-212.06,28.276,111.423,-409.337,27.9311,91.4596,-414.321,2,0
A,99,.,.,.,ARG,CA,740,98,6,1,25.668,42.29,25.95,1.9,4.25536,-0.146002,0.86752,0.475492,3.64396,1,0.404903,0.368952,22.6433,12.6719,0.591185,0.573935,0.565948,22.8141,69.9646,-212.06,28.276,111.423,-409.337,27.9311,91.4596,-414.321,0.0172402,0
A,99,.,.,.,ARG,C,741,98,5,1,24.517,42.174,24.944,1.75,0,0,0,0,0,2,0.165541,0.368952,9.70757,8.53812,2,2,2,22.8141,69.9646,-212.06,28.276,111.423,-409.337,27.9311,91.4596,-414.321,2,0
A,99,.,.,.,ARG,O,742,98,14,1,23.801,43.14,24.701,1.49,14.0225,-0.225933,0.868425,-0.441352,5.28069,1,0.0780335,0.368952,29.6591,9.29162,0.0212549,0.0198179,0.0123921,22.8141,69.9646,-212.06,28.276,111.423,-409.337,27.9311,91.4596,-414.321,0.0106376,0
A,99,.,.,.,ARG,CB,743,98,7,1,26.989,42.49,25.206,1.91,0.00913841,0.892334,-0.375363,-0.250684,0.00105061,1,0.443321,0.368952,26.1928,16.6839,0.665268,0.649809,0.620505,22.8141,69.9646,-212.06,28.276,111.423,-409.337,27.9311,91.4596,-414.321,0.0203176,0
A,99,.,.,.,ARG,CG,744,98,9,1,26.965,43.745,24.326,1.92,17.5095,-0.467773,0.877015,0.109694,0.115754,1,0.53538,0.368952,43.8323,17.155,0.534714,0.530713,0.540885,22.8141,69.9646,-212.06,28.276,111.423,-409.337,27.9311,91.4596,-414.321,0.0162769,0
A,99,.,.,.,ARG,CD,745,98,8,1,28.179,43.876,23.414,1.88,10.4565,0.428638,-0.67388,-0.601793,-4.69323,1,0.0801999,0.368952,39.4637,17.2075,0.452429,0.445662,0.413316,22.8141,69.9646,-212.06,28.276,111.423,-409.337,27.9311,91.4596,-414.321,0.0181095,0
A,99,.,.,.,ARG,NE,746,98,12,1,28.066,45.018,22.5,1.62,14.1561,-0.871072,0.218842,-0.439707,-3.92524,1,0.246437,0.368952,24.6621,8.11063,0.0373081,0.0366447,0.0327495,22.8141,69.9646,-212.06,28.276,111.423,-409.337,27.9311,91.4596,-414.321,0.0178753,0
A,99,.,.,.,ARG,CZ,747,98,10,1,29.108,45.667,21.986,1.8,7.95074,-0.152637,-0.507067,-0.848283,-2.33341,1,0.379532,0.368952,24.2404,11.2871,0.0106094,0.0104507,0.0093369,22.8141,69.9646,-212.06,28.276,111.423,-409.337,27.9311,91.4596,-414.321,0.0188255,0
A,99,.,.,.,ARG,NH1,748,98,13,1,30.337,45.288,22.301,1.62,25.3882,0.760357,-0.392107,-0.517793,-12.8896,1,0.406333,0.368952,42.564,12.7317,0.00787723,0.00778369,0.0067457,22.8141,69.9646,-212.06,28.276,111.423,-409.337,27.9311,91.4596,-414.321,0.0188297,0
A,99,.,.,.,ARG,NH2,749,98,13,1,28.925,46.693,21.161,1.67,60.4919,-0.146524,0.766269,-0.625589,-30.7118,1,0.708088,0.368952,70.5627,14.4645,0.00882804,0.00874279,0.00789862,22.8141,69.9646,-212.06,28.276,111.423,-409.337,27.9311,91.4596,-414.321,0.0187832,0
A,100,.,.,.,THR,N,750,99,126,16,24.345,40.98,24.387,1.7,0,0,0,0,0,2,0.346727,0.247222,11.9895,9.74835,2,2,2,23.8299,68.6742,-260.742,28.276,111.423,-409.337,27.9311,91.4596,-414.321,2,0
A,100,.,.,.,THR,CA,751,99,123,16,23.283,40.72,23.414,1.9,8.42919,0.134179,0.598171,-0.790056,8.2179,1,0.408899,0.247222,24.5712,12.3005,0.0339556,0.0316022,0.0184366,23.8299,68.6742,-260.742,28.276,111.423,-409.337,27.9311,91.4596,-414.321,0.00913948,0
A,100,.,.,.,THR,C,752,99,122,16,21.894,40.969,24.002,1.75,0,0,0,0,0,2,0.0998832,0.247222,9.1844,8.32378,2,2,2,23.8299,68.6742,-260.742,28.276,111.423,-409.337,27.9311,91.4596,-414.321,2,0
A,100,.,.,.,THR,O,753,99,127,16,21.028,41.544,23.349,1.49,25.9267,-0.532367,0.583803,-0.612992,11.9888,1,0.0779588,0.247222,38.4777,9.29824,0.00265164,0.00256322,0.0015851,23.8299,68.6742,-260.742,28.276,111.423,-409.337,27.9311,91.4596,-414.321,0.00663745,0
A,100,.,.,.,THR,CB,754,99,124,16,23.384,39.253,22.894,2.01,2.00564,0.314356,-0.926954,-0.204783,0.0905336,1,0.423938,0.247222,25.3657,16.9717,0.00805308,0.00779522,0.00584875,23.8299,68.6742,-260.742,28.276,111.423,-409.337,27.9311,91.4596,-414.321,0.00764556,0
A,100,.,.,.,THR,OG1,755,99,128,16,24.44,39.182,21.947,1.54,21.2732,0.249893,-0.192659,-0.948913,-1.2694,1,0.12671,0.247222,34.0735,9.58221,0.00598685,0.00581395,0.00456852,23.8299,68.6742,-260.742,28.276,111.423,-409.337,27.9311,91.4596,-414.321,0.0106185,0
A,100,.,.,.,THR,CG2,756,99,125,16,22.096,38.783,22.241,1.92,32.1268,-0.231311,-0.177349,-0.956579,-5.30191,1,0.246437,0.247222,62.2251,22.079,0.00624252,0.00616238,0.00456852,23.8299,68.6742,-260.742,28.276,111.423,-409.337,27.9311,91.4596,-414.321,0.00651341,0
A,101,.,.,.,TYR,N,757,100,150,18,21.703,40.568,25.254,1.7,0,0,0,0,0,2,0.27369,0.225713,11.1981,9.74179,2,2,2,22.5542,67.2727,-173.775,28.276,111.423,-409.337,27.9311,91.4596,-414.321,2,0
A,101,.,.,.,TYR,CA,758,100,144,18,20.411,40.721,25.893,1.9,3.15505,-0.854333,0.317117,-0.411767,4.83821,1,0.044319,0.225713,19.6413,12.715,0.000969631,0.000749202,0.000325351,22.5542,67.2727,-173.775,28.276,111.423,-409.337,27.9311,91.4596,-414.321,0.008872,0
A,101,.,.,.,TYR,C,759,100,143,18,20.204,41.958,26.778,1.75,2.77383,-0.655541,0.438903,-0.614517,6.04371,1,0.0458678,0.225713,13.7446,8.82501,0.00873281,0.00848979,0.00782972,22.5542,67.2727,-173.775,28.276,111.423,-409.337,27.9311,91.4596,-414.321,0.0115223,0
A,101,.,.,.,TYR,O,760,100,151,18,19.233,42.048,27.527,1.49,17.8877,-0.969369,0.242551,-0.0386388,14.7663,1,0.147301,0.225713,32.1014,9.2393,0.00839618,0.00813282,0.00753766,22.5542,67.2727,-173.775,28.276,111.423,-409.337,27.9311,91.4596,-414.321,0.0139536,0
A,101,.,.,.,TYR,CB,761,100,145,18,20.083,39.415,26.627,1.91,0.927925,-0.977261,0.209367,0.0335482,0.851456,1,0.283541,0.225713,29.6419,17.8391,0.0027027,0.00190335,0,22.5542,67.2727,-173.775,28.276,111.423,-409.337,27.9311,91.4596,-414.321,0.00975252,0
A,101,.,.,.,TYR,CG,762,100,148,18,19.942,38.262,25.64,1.74,0,0,0,0,0,2,0.299286,0.225713,6.74616,6.34928,2,2,2,22.5542,67.2727,-173.775,28.276,111.423,-409.337,27.9311,91.4596,-414.321,2,0
A,101,.,.,.,TYR,CD1,763,100,146,18,20.873,37.217,25.599,1.82,0,0,0,0,0,2,0.340073,0.225713,18.5488,14.545,2,2,2,22.5542,67.2727,-173.775,28.276,111.423,-409.337,27.9311,91.4596,-414.321,2,0
A,101,.,.,.,TYR,CD2,764,100,146,18,18.897,38.245,24.715,1.82,12.7155,-0.754469,0.629258,-0.186578,9.62349,1,0.190174,0.225713,32.5201,14.2952,0.000704519,0.000562249,0.000244089,22.5542,67.2727,-173.775,28.276,111.423,-409.337,27.9311,91.4596,-414.321,0.00606738,0
A,101,.,.,.,TYR,CE1,765,100,147,18,20.755,36.183,24.65,1.82,3.09249,0.653148,-0.494686,-0.57331,1.10214,1,0.297012,0.225713,27.3246,14.3711,0.702826,0.703079,2,22.5542,67.2727,-173.775,28.276,111.423,-409.337,27.9311,91.4596,-414.321,0.00597742,0
A,101,.,.,.,TYR,CE2,766,100,147,18,18.772,37.224,23.76,1.82,17.8195,-0.606224,0.23705,-0.759144,6.35076,1,0.305943,0.225713,36.4298,14.1153,0.00028053,0.000212521,0,22.5542,67.2727,-173.775,28.276,111.423,-409.337,27.9311,91.4596,-414.321,0.00626073,0
A,101,.,.,.,TYR,CZ,767,100,149,18,19.69,36.204,23.733,1.8,0,0,0,0,0,2,0.251608,0.225713,12.802,9.83819,2,2,2,22.5542,67.2727,-173.775,28.276,111.423,-409.337,27.9311,91.4596,-414.321,2,0
A,101,.,.,.,TYR,OH,768,100,152,18,19.539,35.199,22.796,1.54,34.7218,-0.00429107,-0.480469,-0.877001,-3.78863,1,0.229736,0.225713,51.1245,11.0039,0.00681945,0.0067763,0.00555474,22.5542,67.2727,-173.775,28.276,111.423,-409.337,27.9311,91.4596,-414.321,0.00613315,0
A,102,.,.,.,GLY,N,769,101,55,7,21.089,42.937,26.638,1.7,1.50486,-0.367728,0.457951,-0.809356,1.33911,1,0.0587109,0.11519,15.2873,9.9839,0.0109937,0.0107951,0.00963459,23.118,76.1009,-97.3675,28.276,111.423,-409.337,27.9311,91.4596,-414.321,0.0109526,0
A,102,.,.,.,GLY,CA,770,101,54,7,20.949,44.172,27.392,1.9,36.2201,-0.121164,0.889557,-0.440462,-1.0611,1,0.0959408,0.11519,59.823,18.9172,0.0234522,0.0232216,0.0216197,23.118,76.1009,-97.3675,28.276,111.423,-409.337,27.9311,91.4596,-414.321,0.0147397,0
A,102,.,.,.,GLY,C,771,101,53,7,21.022,44.002,28.899,1.75,2.31735,0.687734,0.722418,0.0716514,2.57242,1,0.188508,0.11519,14.2345,8.88243,0.066866,0.065271,0.0618967,23.118,76.1009,-97.3675,28.276,111.423,-409.337,27.9311,91.4596,-414.321,0.0175075,0
A,102,.,.,.,GLY,O,772,101,56,7,20.394,44.763,29.645,1.49,28.8503,-0.574783,0.783654,0.235606,4.23194,1,0.117602,0.11519,41.3933,9.36757,0.0468413,0.0456968,0.0430027,23.118,76.1009,-97.3675,28.276,111.423,-409.337,27.9311,91.4596,-414.321,0.0168468,0
A,103,.,.,.,LEU,N,773,102,81,10,21.797,43.013,29.346,1.7,0.139476,0.757271,0.550867,-0.350837,0.282729,1,0.0520146,0.208341,12.4999,9.73898,0.524172,0.515098,0.508271,20.6683,66.5201,15.9175,28.276,111.423,-409.337,27.9311,91.4596,-414.321,0.0171509,0
A,103,.,.,.,LEU,CA,774,102,76,10,21.934,42.735,30.768,1.9,0,0,0,0,0,2,0.0644541,0.208341,13.4671,12.0425,2,2,2,20.6683,66.5201,15.9175,28.276,111.423,-409.337,27.9311,91.4596,-414.321,2,0
A,103,.,.,.,LEU,C,775,102,75,10,23.179,43.377,31.37,1.75,1.21255,0.110358,0.889822,-0.442762,2.58317,1,0.314723,0.208341,12.679,8.78626,0.570228,0.564143,0.563927,20.6683,66.5201,15.9175,28.276,111.423,-409.337,27.9311,91.4596,-414.321,0.240194,0
A,103,.,.,.,LEU,O,776,102,82,10,24.264,43.263,30.822,1.49,3.7392,0.151924,0.761107,-0.630584,2.86763,1,0.272874,0.208341,21.0597,9.29152,0.566656,0.562498,0.563927,20.6683,66.5201,15.9175,28.276,111.423,-409.337,27.9311,91.4596,-414.321,0.445154,0
A,103,.,.,.,LEU,CB,777,102,77,10,21.979,41.22,30.999,1.91,1.58339,0.0546936,-0.295472,0.953785,1.61209,1,0.351169,0.208341,23.0692,15.5123,0.800793,0.802517,2,20.6683,66.5201,15.9175,28.276,111.423,-409.337,27.9311,91.4596,-414.321,0.617151,1
A,103,.,.,.,LEU,CG,778,102,80,10,20.693,40.453,30.647,2.01,0,0,0,0,0,2,0.11894,0.208341,18.2879,14.3331,2,2,2,20.6683,66.5201,15.9175,28.276,111.423,-409.337,27.9311,91.4596,-414.321,2,0
A,103,.,.,.,LEU,CD1,779,102,78,10,20.945,38.934,30.76,1.92,6.56499,-0.0250416,-0.307058,0.951361,4.47061,1,0.320676,0.208341,41.624,22.0973,0.840848,0.848687,2,20.6683,66.5201,15.9175,28.276,111.423,-409.337,27.9311,91.4596,-414.321,0.631636,1
A,103,.,.,.,LEU,CD2,780,102,79,10,19.557,40.877,31.594,1.92,8.16039,-0.758886,0.609647,0.22896,4.32865,1,0.171878,0.208341,47.9886,22.1671,0.79596,0.790011,2,20.6683,66.5201,15.9175,28.276,111.423,-409.337,27.9311,91.4596,-414.321,0.0207434,1
A,104,.,.,.,PRO,N,781,103,114,14,23.031,44.049,32.527,1.7,0.662765,-0.160715,0.843637,-0.512296,0.873252,1,0.375787,0.54495,7.30822,5.48974,0.576004,0.563412,0.558275,20.6499,70.7766,86.6914,28.276,111.423,-409.337,27.9311,91.4596,-414.321,0.401199,0
A,104,.,.,.,PRO,CA,782,103,110,14,24.149,44.712,33.215,1.9,8.30664,0.182656,0.798928,-0.57302,4.54512,1,0.645048,0.54495,25.2075,12.877,0.623873,0.622694,0.624872,20.6499,70.7766,86.6914,28.276,111.423,-409.337,27.9311,91.4596,-414.321,0.57771,0
A,104,.,.,.,PRO,C,783,103,109,14,25.132,43.703,33.79,1.75,0,0,0,0,0,2,0.772632,0.54495,10.3628,8.74991,2,2,2,20.6499,70.7766,86.6914,28.276,111.423,-409.337,27.9311,91.4596,-414.321,2,0
A,104,.,.,.,PRO,O,784,103,115,14,24.792,42.534,33.937,1.49,7.198,-0.331249,-0.780885,0.529615,2.23949,1,0.858095,0.54495,25.1034,9.25416,0.816579,0.820239,2,20.6499,70.7766,86.6914,28.276,111.423,-409.337,27.9311,91.4596,-414.321,0.684346,1
A,104,.,.,.,PRO,CB,785,103,111,14,23.453,45.519,34.303,1.91,24.1025,-0.0504135,0.989702,-0.133971,-7.84881,1,0.730361,0.54495,48.5371,16.829,0.630205,0.626487,0.629354,20.6499,70.7766,86.6914,28.276,111.423,-409.337,27.9311,91.4596,-414.321,0.573596,0
A,104,.,.,.,PRO,CG,786,103,113,14,22.32,44.654,34.689,1.92,4.45318,-0.786057,0.502853,0.359517,-2.01492,1,0.258941,0.54495,31.7552,17.1563,0.762265,0.7189,2,20.6499,70.7766,86.6914,28.276,111.423,-409.337,27.9311,91.4596,-414.321,0.592259,1
A,104,.,.,.,PRO,CD,787,103,112,14,21.802,44.105,33.34,1.92,6.6519,-0.633749,0.740163,-0.224767,1.34355,1,0.173783,0.54495,35.7506,18.2398,0.580095,0.549968,0.508271,20.6499,70.7766,86.6914,28.276,111.423,-409.337,27.9311,91.4596,-414.321,0.325097,1
A,105,.,.,.,CYS,N,788,104,33,4,26.355,44.142,34.086,1.7,1.64369,0.176243,0.97063,-0.163752,3.17718,1,0.319613,0.497196,15.3793,9.81479,0.67497,0.674811,0.679248,19.686,60.8037,61.5182,28.276,111.423,-409.337,27.9311,91.4596,-414.321,0.59503,0
A,105,.,.,.,CYS,CA,789,104,31,4,27.361,43.256,34.668,1.9,3.49682,-0.178452,-0.877725,0.444695,5.49396,1,0.717529,0.497196,22.0554,12.9153,0.732275,0.741709,2,19.686,60.8037,61.5182,28.276,111.423,-409.337,27.9311,91.4596,-414.321,0.717226,1
A,105,.,.,.,CYS,C,790,104,30,4,28.184,43.924,35.781,1.75,0,0,0,0,0,2,0.774196,0.497196,10.7444,8.84536,2,2,2,19.686,60.8037,61.5182,28.276,111.423,-409.337,27.9311,91.4596,-414.321,2,0
A,105,.,.,.,CYS,O,791,104,34,4,29.247,43.423,36.162,1.49,0,0,0,0,0,2,0.689287,0.497196,15.7638,9.28374,2,2,2,19.686,60.8037,61.5182,28.276,111.423,-409.337,27.9311,91.4596,-414.321,2,0
A,105,.,.,.,CYS,CB,792,104,32,4,28.303,42.729,33.596,1.91,1.36293,0.0376445,-0.869847,0.491883,1.31345,1,0.351195,0.497196,27.2519,17.9761,0.789924,0.802278,2,19.686,60.8037,61.5182,28.276,111.423,-409.337,27.9311,91.4596,-414.321,0.662578,1
A,105,.,.,.,CYS,SG,793,104,35,4,29.174,44.009,32.646,1.88,0.402448,0.121654,0.960453,-0.250461,0.421677,1,0.131357,0.497196,29.7267,19.4184,0.633333,0.63163,0.640194,19.686,60.8037,61.5182,28.276,111.423,-409.337,27.9311,91.4596,-414.321,0.470464,0
A,106,.,.,.,HIS,N,794,105,63,8,27.685,45.054,36.276,1.7,0.758757,-0.309181,0.755112,-0.578111,1.17035,1,0.564594,0.59393,14.8953,9.8229,0.616704,0.598342,2,20.6842,73.0013,52.0751,28.276,111.423,-409.337,27.9311,91.4596,-414.321,0.593782,0
A,106,.,.,.,HIS,CA,795,105,58,8,28.327,45.782,37.363,1.9,0,0,0,0,0,2,0.669149,0.59393,16.5748,12.8731,2,2,2,20.6842,73.0013,52.0751,28.276,111.423,-409.337,27.9311,91.4596,-414.321,2,0
A,106,.,.,.,HIS,C,796,105,57,8,27.259,46.396,38.251,1.75,0,0,0,0,0,2,0.676071,0.59393,9.81707,8.67419,2,2,2,20.6842,73.0013,52.0751,28.276,111.423,-409.337,27.9311,91.4596,-414.321,2,0
A,106,.,.,.,HIS,O,797,105,66,8,26.144,46.657,37.8,1.49,4.64111,-0.138538,0.739403,-0.658856,2.32931,1,0.76893,0.59393,22.9833,9.26677,0.679755,0.680659,0.689385,20.6842,73.0013,52.0751,28.276,111.423,-409.337,27.9311,91.4596,-414.321,0.462028,0
A,106,.,.,.,HIS,CB,798,105,59,8,29.234,46.916,36.834,1.91,16.8555,-0.156374,0.914538,-0.37305,3.979,1,0.545471,0.59393,44.7041,17.6432,0.658537,0.656155,0.662748,20.6842,73.0013,52.0751,28.276,111.423,-409.337,27.9311,91.4596,-414.321,0.508528,0
A,106,.,.,.,HIS,CG,799,105,62,8,30.413,46.433,36.051,1.8,2.97956,0.413074,0.907241,-0.0792688,1.08242,1,0.484369,0.59393,14.3417,9.4179,0.671783,0.668897,0.677718,20.6842,73.0013,52.0751,28.276,111.423,-409.337,27.9311,91.4596,-414.321,0.57893,0
A,106,.,.,.,HIS,ND1,800,105,64,8,30.465,46.483,34.673,1.6,13.0963,-0.282217,0.80773,-0.517616,-0.0767719,1,0.759633,0.59393,24.3671,8.57558,0.65981,0.656715,0.662748,20.6842,73.0013,52.0751,28.276,111.423,-409.337,27.9311,91.4596,-414.321,0.575696,0
A,106,.,.,.,HIS,CD2,801,105,60,8,31.571,45.859,36.451,1.74,0.878227,0.489408,0.858131,-0.155213,0.03251,1,0.721851,0.59393,22.1241,13.2774,0.779948,0.708427,2,20.6842,73.0013,52.0751,28.276,111.423,-409.337,27.9311,91.4596,-414.321,0.556192,0
A,106,.,.,.,HIS,CE1,802,105,61,8,31.603,45.957,34.261,1.74,5.92501,0.168605,0.932819,-0.318468,-1.78975,1,0.401031,0.59393,30.5913,14.1117,0.674,0.669447,0.679283,20.6842,73.0013,52.0751,28.276,111.423,-409.337,27.9311,91.4596,-414.321,0.440683,0
A,106,.,.,.,HIS,NE2,803,105,65,8,32.291,45.569,35.319,1.6,0.879641,0.481531,0.870799,0.0991792,-0.26036,1,0.348202,0.59393,12.9307,8.51431,0.860596,2,2,20.6842,73.0013,52.0751,28.276,111.423,-409.337,27.9311,91.4596,-414.321,0.104991,0
A,107,.,.,.,CYS,N,804,106,33,4,27.595,46.612,39.52,1.7,0.643953,0.883598,0.306776,0.353755,1.24474,1,0.406479,0.503548,17.7986,9.90925,0.94829,2,2,21.1515,82.2218,90.2886,28.276,111.423,-409.337,27.9311,91.4596,-414.321,2,0
A,107,.,.,.,CYS,CA,805,106,31,4,26.664,47.253,40.432,1.9,0,0,0,0,0,2,0.74589,0.503548,14.2518,12.3524,2,2,2,21.1515,82.2218,90.2886,28.276,111.423,-409.337,27.9311,91.4596,-414.321,2,0
A,107,.,.,.,CYS,C,806,106,30,4,26.68,48.74,40.076,1.75,0.512871,0.503987,0.847962,0.164188,1.03081,1,0.353019,0.503548,12.2647,8.77066,0.675416,0.672765,0.690845,21.1515,82.2218,90.2886,28.276,111.423,-409.337,27.9311,91.4596,-414.321,0.0237799,0
A,107,.,.,.,CYS,O,807,106,34,4,27.648,49.227,39.521,1.49,21.3736,0.760362,0.629321,-0.160638,16.6372,1,0.259121,0.503548,35.3529,9.20248,0.621699,0.619184,0.617923,21.1515,82.2218,90.2886,28.276,111.423,-409.337,27.9311,91.4596,-414.321,0.0298229,0
A,107,.,.,.,CYS,CB,808,106,32,4,27.114,47.081,41.89,1.91,6.6505,0.594694,0.762314,0.255375,6.40907,1,0.560917,0.503548,35.3206,17.9918,0.737011,0.687999,2,21.1515,82.2218,90.2886,28.276,111.423,-409.337,27.9311,91.4596,-414.321,0.0168224,0
A,107,.,.,.,CYS,SG,809,106,35,4,27.279,45.348,42.474,1.88,0,0,0,0,0,2,0.69586,0.503548,29.525,19.38,2,2,2,21.1515,82.2218,90.2886,28.276,111.423,-409.337,27.9311,91.4596,-414.321,2,0
A,108,.,.,.,PRO,N,810,107,114,14,25.611,49.477,40.407,1.7,0,0,0,0,0,2,0.94246,0.724989,6.39954,5.47153,2,2,2,22.1735,91.7855,116.958,28.276,111.423,-409.337,27.9311,91.4596,-414.321,2,0
A,108,.,.,.,PRO,CA,811,107,110,14,24.441,48.917,41.089,1.9,0,0,0,0,0,2,0.969192,0.724989,14.5082,12.3134,2,2,2,22.1735,91.7855,116.958,28.276,111.423,-409.337,27.9311,91.4596,-414.321,2,0
A,108,.,.,.,PRO,C,812,107,109,14,23.479,48.269,40.101,1.75,0,0,0,0,0,2,0.90446,0.724989,10.918,8.74575,2,2,2,22.1735,91.7855,116.958,28.276,111.423,-409.337,27.9311,91.4596,-414.321,2,0
A,108,.,.,.,PRO,O,813,107,115,14,23.44,48.639,38.93,1.49,13.4076,-0.127011,0.446405,-0.885771,4.17146,1,0.44889,0.724989,31.2161,9.2776,0.679972,0.67553,0.692821,22.1735,91.7855,116.958,28.276,111.423,-409.337,27.9311,91.4596,-414.321,0.0276712,0
A,108,.,.,.,PRO,CB,814,107,111,14,23.822,50.135,41.769,1.91,7.15226,-0.284084,0.729597,0.622081,-2.32908,1,0.905918,0.724989,38.7473,17.0593,0.0157187,0.0154574,0.0146438,22.1735,91.7855,116.958,28.276,111.423,-409.337,27.9311,91.4596,-414.321,0.0217144,0
A,108,.,.,.,PRO,CG,815,107,113,14,24.128,51.262,40.787,1.92,38.9552,-0.447921,0.889792,-0.0873861,-17.6259,1,0.286756,0.724989,58.4547,17.4152,0.0236172,0.0235004,0.0224969,22.1735,91.7855,116.958,28.276,111.423,-409.337,27.9311,91.4596,-414.321,0.0235202,0
A,108,.,.,.,PRO,CD,816,107,112,14,25.548,50.952,40.333,1.92,37.7603,0.606472,0.767112,-0.20912,7.62683,1,0.617249,0.724989,59.5298,18.6284,0.0227648,0.0226311,0.0212249,22.1735,91.7855,116.958,28.276,111.423,-409.337,27.9311,91.4596,-414.321,0.0235353,0
A,109,.,.,.,PHE,N,817,108,107,13,22.722,47.281,40.57,1.7,0,0,0,0,0,2,0.903266,0.519381,12.2825,9.74501,2,2,2,20.7687,82.8662,179.944,28.276,111.423,-409.337,27.9311,91.4596,-414.321,2,0
A,109,.,.,.,PHE,CA,818,108,101,13,21.733,46.628,39.732,1.9,0.429894,-0.0358348,0.290808,-0.95611,0.676903,1,0.328986,0.519381,18.4295,12.8186,0.842157,2,2,20.7687,82.8662,179.944,28.276,111.423,-409.337,27.9311,91.4596,-414.321,2,0
A,109,.,.,.,PHE,C,819,108,100,13,20.415,47.257,40.164,1.75,0,0,0,0,0,2,0.426513,0.519381,11.3654,8.67373,2,2,2,20.7687,82.8662,179.944,28.276,111.423,-409.337,27.9311,91.4596,-414.321,2,0
A,109,.,.,.,PHE,O,820,108,108,13,19.95,47.029,41.279,1.49,0,0,0,0,0,2,0.604516,0.519381,13.8585,8.89437,2,2,2,20.7687,82.8662,179.944,28.276,111.423,-409.337,27.9311,91.4596,-414.321,2,0
A,109,.,.,.,PHE,CB,821,108,102,13,21.749,45.11,39.974,1.91,1.36406,-0.38337,-0.877856,-0.287049,1.34484,1,0.652446,0.519381,30.1488,17.7123,0.736503,0.730462,2,20.7687,82.8662,179.944,28.276,111.423,-409.337,27.9311,91.4596,-414.321,0.677088,1
A,109,.,.,.,PHE,CG,822,108,105,13,23.032,44.455,39.539,1.74,0.951433,-0.372665,-0.927591,0.0263852,1.59869,1,0.370177,0.519381,8.72708,6.30695,0.795875,0.796027,2,20.7687,82.8662,179.944,28.276,111.423,-409.337,27.9311,91.4596,-414.321,0.705657,1
A,109,.,.,.,PHE,CD1,823,108,103,13,24.011,44.127,40.463,1.82,2.32746,-0.316193,-0.94582,0.0738041,2.27714,1,0.598136,0.519381,25.788,14.433,0.801236,0.801146,2,20.7687,82.8662,179.944,28.276,111.423,-409.337,27.9311,91.4596,-414.321,0.716096,1
A,109,.,.,.,PHE,CD2,824,108,103,13,23.279,44.218,38.179,1.82,6.16666,-0.5208,-0.852064,-0.0524883,6.03332,1,0.166363,0.519381,28.9091,14.4631,0.786134,0.785455,2,20.7687,82.8662,179.944,28.276,111.423,-409.337,27.9311,91.4596,-414.321,0.649746,1
A,109,.,.,.,PHE,CE1,825,108,104,13,25.225,43.576,40.049,1.82,3.99641,-0.312589,-0.933207,0.177235,2.84229,1,0.582001,0.519381,26.5348,14.1337,0.794505,0.79447,2,20.7687,82.8662,179.944,28.276,111.423,-409.337,27.9311,91.4596,-414.321,0.75768,1
A,109,.,.,.,PHE,CE2,826,108,104,13,24.49,43.665,37.745,1.82,6.84517,-0.295541,-0.938039,-0.180938,4.86836,1,0.456216,0.519381,27.7281,14.139,0.785006,0.785241,2,20.7687,82.8662,179.944,28.276,111.423,-409.337,27.9311,91.4596,-414.321,0.725818,1
A,109,.,.,.,PHE,CZ,827,108,106,13,25.468,43.344,38.686,1.82,7.56662,-0.0874918,-0.988264,-0.125218,5.06035,1,0.624576,0.519381,27.0175,14.09,0.786674,0.786125,2,20.7687,82.8662,179.944,28.276,111.423,-409.337,27.9311,91.4596,-414.321,0.758589,1
A,110,.,.,.,LYS,N,828,109,89,11,19.819,48.058,39.285,1.7,0.659204,0.476659,0.00599362,-0.879068,0.907301,1,0.714642,0.644998,17.0022,9.98741,0.828345,2,2,22.7539,95.4627,147.904,28.276,111.423,-409.337,27.9311,91.4596,-414.321,2,0
A,110,.,.,.,LYS,CA,829,109,84,11,18.586,48.739,39.638,1.9,0.360737,0.564245,0.701257,0.435736,0.231544,1,0.720309,0.644998,18.563,12.5515,0.499033,0.43532,0.418277,22.7539,95.4627,147.904,28.276,111.423,-409.337,27.9311,91.4596,-414.321,0.0234965,0
A,110,.,.,.,LYS,C,830,109,83,11,17.392,47.824,39.699,1.75,0,0,0,0,0,2,0.668872,0.644998,10.3359,8.67046,2,2,2,22.7539,95.4627,147.904,28.276,111.423,-409.337,27.9311,91.4596,-414.321,2,0
A,110,.,.,.,LYS,O,831,109,91,11,17.403,46.708,39.139,1.49,0,0,0,0,0,2,0.482804,0.644998,14.4651,8.99397,2,2,2,22.7539,95.4627,147.904,28.276,111.423,-409.337,27.9311,91.4596,-414.321,2,0
A,110,.,.,.,LYS,CB,832,109,85,11,18.324,49.911,38.686,1.91,21.1484,0.124845,0.911095,0.392835,-2.34115,1,0.410671,0.644998,44.9684,16.2838,0.0670404,0.065728,0.0635742,22.7539,95.4627,147.904,28.276,111.423,-409.337,27.9311,91.4596,-414.321,0.0248128,0
A,110,.,.,.,LYS,CG,833,109,88,11,18.186,49.552,37.232,1.92,6.09194,0.76565,-0.376364,-0.521661,-1.24073,1,0.559109,0.644998,34.2445,16.8017,0.563252,0.534135,0.457481,22.7539,95.4627,147.904,28.276,111.423,-409.337,27.9311,91.4596,-414.321,0.0457323,0
A,110,.,.,.,LYS,CD,834,109,86,11,18.081,50.833,36.386,1.92,30.7635,0.103045,0.95334,0.283768,-16.6529,1,0.616565,0.644998,51.9607,17.1773,0.039661,0.0392215,0.0374014,22.7539,95.4627,147.904,28.276,111.423,-409.337,27.9311,91.4596,-414.321,0.0458636,0
A,110,.,.,.,LYS,CE,835,109,87,11,17.899,50.508,34.916,1.88,39.3995,-0.0595485,-0.760884,-0.64615,-26.5214,1,0.643542,0.644998,58.3816,17.2737,0.0610549,0.0605528,0.0589558,22.7539,95.4627,147.904,28.276,111.423,-409.337,27.9311,91.4596,-414.321,0.0458891,0
A,110,.,.,.,LYS,NZ,836,109,90,11,17.791,51.739,34.087,1.67,59.2095,-0.0883037,0.721598,-0.686657,-49.8938,1,0.988467,0.644998,68.7737,14.4732,0.0356733,0.0355488,0.0345944,22.7539,95.4627,147.904,28.276,111.423,-409.337,27.9311,91.4596,-414.321,0.0458923,0
A,111,.,.,.,GLU,N,837,110,50,6,16.373,48.283,40.423,1.7,0.173314,-0.0256284,0.976568,0.213679,0.222041,1,0.429539,0.236892,15.9478,9.96322,0.591369,0.562526,2,22.9974,95.6197,82.2014,26.9328,117.413,-448.047,23.1949,98.0973,27.2799,2,0
A,111,.,.,.,GLU,CA,838,110,46,6,15.149,47.51,40.57,1.9,0,0,0,0,0,2,0.495374,0.236892,15.5109,12.8164,2,2,2,22.9974,95.6197,82.2014,26.9328,117.413,-448.047,23.1949,98.0973,27.2799,2,0
A,111,.,.,.,GLU,C,839,110,45,6,14.527,47.271,39.198,1.75,0,0,0,0,0,2,0.36243,0.236892,9.82935,8.3776,2,2,2,22.9974,95.6197,82.2014,26.9328,117.413,-448.047,23.1949,98.0973,27.2799,2,0
A,111,.,.,.,GLU,O,840,110,51,6,14.562,48.132,38.335,1.49,12.4701,-0.328498,0.579917,-0.74551,3.03014,1,0.449659,0.236892,29.1326,9.14563,0.0756895,0.0744267,0.0699487,22.9974,95.6197,82.2014,26.9328,117.413,-448.047,23.1949,98.0973,27.2799,0.0390559,0
A,111,.,.,.,GLU,CB,841,110,47,6,14.146,48.244,41.468,1.91,0.5762,-0.902866,-0.399436,-0.159009,-0.12838,1,0.154067,0.236892,26.1279,16.9446,0.677408,0.656627,2,22.9974,95.6197,82.2014,26.9328,117.413,-448.047,23.1949,98.0973,27.2799,0.0129111,0
A,111,.,.,.,GLU,CG,842,110,49,6,13.454,49.432,40.822,1.88,18.2983,-0.0441179,0.714594,-0.698146,-7.07519,1,0.176535,0.236892,43.1068,16.6157,0.0232762,0.0230449,0.0206779,22.9974,95.6197,82.2014,26.9328,117.413,-448.047,23.1949,98.0973,27.2799,0.0149389,0
A,111,.,.,.,GLU,CD,843,110,48,6,12.494,50.123,41.77,1.76,6.00422,-0.012216,0.932744,-0.360333,-2.60501,1,0.0124828,0.236892,21.3924,10.6238,0.0170492,0.0169325,0.0161158,22.9974,95.6197,82.2014,26.9328,117.413,-448.047,23.1949,98.0973,27.2799,0.0136465,0
A,111,.,.,.,GLU,OE1,844,110,52,6,12.956,50.658,42.8,1.49,27.7306,-0.0586567,0.834608,0.547712,-18.3473,1,0.0324575,0.236892,42.171,9.43917,0.0175465,0.0174825,0.01707,22.9974,95.6197,82.2014,26.9328,117.413,-448.047,23.1949,98.0973,27.2799,0.0146159,0
A,111,.,.,.,GLU,OE2,845,110,52,6,11.278,50.129,41.487,1.49,45.0438,-0.977848,0.12314,-0.169263,-29.8022,1,0.0194845,0.236892,51.2652,9.44261,0.0107118,0.0106175,0.00982046,22.9974,95.6197,82.2014,26.9328,117.413,-448.047,23.1949,98.0973,27.2799,0.0136463,0
A,112,.,.,.,GLY,N,846,111,55,7,13.948,46.103,39.001,1.7,0.907323,-0.908009,0.123647,0.400289,0.807384,1,0.224109,0.394616,15.659,9.97591,0.525487,0.477449,0.383423,22.9335,88.3314,61.1631,28.276,111.423,-409.337,27.9311,91.4596,-414.321,0.0212528,0
A,112,.,.,.,GLY,CA,847,111,54,7,13.347,45.811,37.717,1.9,30.4809,-0.76167,0.498246,-0.414257,-0.892963,1,0.470518,0.394616,55.8844,18.8035,0.0377508,0.0362877,0.0332364,22.9335,88.3314,61.1631,28.276,111.423,-409.337,27.9311,91.4596,-414.321,0.0180867,0
A,112,.,.,.,GLY,C,848,111,53,7,13.417,44.319,37.483,1.75,0.804577,-0.884695,-0.0464791,0.463847,0.893137,1,0.514857,0.394616,13.4316,8.89502,0.0687183,0.0652904,0.0601074,22.9335,88.3314,61.1631,28.276,111.423,-409.337,27.9311,91.4596,-414.321,0.0170996,0
A,112,.,.,.,GLY,O,849,111,56,7,13.718,43.559,38.414,1.49,0.07671,-0.84082,0.204601,0.501159,0.0112523,1,0.368978,0.394616,14.521,9.20212,0.760842,0.767941,2,22.9335,88.3314,61.1631,28.276,111.423,-409.337,27.9311,91.4596,-414.321,0.0214996,0
A,113,.,.,.,THR,N,850,112,126,16,13.146,43.91,36.248,1.7,5.50441,-0.353818,0.684314,-0.637595,8.96194,1,0.356019,0.331087,20.6174,9.814,0.0337534,0.0330703,0.0316586,21.6495,75.3189,28.8998,28.276,111.423,-409.337,27.9311,91.4596,-414.321,0.0175976,0
A,113,.,.,.,THR,CA,851,112,123,16,13.152,42.511,35.857,1.9,0,0,0,0,0,2,0.346612,0.331087,13.9112,12.0874,2,2,2,21.6495,75.3189,28.8998,28.276,111.423,-409.337,27.9311,91.4596,-414.321,2,0
A,113,.,.,.,THR,C,852,112,122,16,14.321,42.293,34.911,1.75,0.0237609,-0.231088,-0.217801,-0.948241,0.0457304,1,0.247193,0.331087,10.1896,8.52211,0.0469156,0.0457149,0.04348,21.6495,75.3189,28.8998,28.276,111.423,-409.337,27.9311,91.4596,-414.321,0.0171295,0
A,113,.,.,.,THR,O,853,112,127,16,14.663,43.177,34.122,1.49,24.0113,0.00821845,0.614068,-0.78921,11.1031,1,0.295967,0.331087,37.3461,9.30383,0.024762,0.0240475,0.0228234,21.6495,75.3189,28.8998,28.276,111.423,-409.337,27.9311,91.4596,-414.321,0.01816,0
A,113,.,.,.,THR,CB,854,112,124,16,11.826,42.142,35.163,2.01,18.6795,-0.460454,0.546707,-0.699352,0.843186,1,0.539539,0.331087,39.1119,16.8918,0.0144574,0.0143537,0.0140415,21.6495,75.3189,28.8998,28.276,111.423,-409.337,27.9311,91.4596,-414.321,0.0171461,0
A,113,.,.,.,THR,OG1,855,112,128,16,10.76,42.275,36.11,1.54,15.3468,-0.766596,0.637009,0.0809304,-0.915761,1,0.276134,0.331087,30.4372,9.64627,0.010958,0.0108195,0.0101987,21.6495,75.3189,28.8998,28.276,111.423,-409.337,27.9311,91.4596,-414.321,0.0159438,0
A,113,.,.,.,THR,CG2,856,112,125,16,11.844,40.704,34.674,1.92,11.7554,-0.595916,0.0875309,-0.798262,-1.94001,1,0.256148,0.331087,46.5084,21.861,0.0127673,0.0126971,0.0125375,21.6495,75.3189,28.8998,28.276,111.423,-409.337,27.9311,91.4596,-414.321,0.0185335,0
A,114,.,.,.,TYR,N,857,113,150,18,14.947,41.121,35.001,1.7,0,0,0,0,0,2,0.225854,0.196112,10.9273,9.5342,2,2,2,20.0587,63.6665,50.414,28.276,111.423,-409.337,27.9311,91.4596,-414.321,2,0
A,114,.,.,.,TYR,CA,858,113,144,18,16.088,40.803,34.152,1.9,1.30145,0.0677808,0.602293,-0.795393,1.99574,1,0.121844,0.196112,19.4379,12.8028,0.773326,0.747466,2,20.0587,63.6665,50.414,28.276,111.423,-409.337,27.9311,91.4596,-414.321,0.0208347,0
A,114,.,.,.,TYR,C,859,113,143,18,15.826,39.45,33.503,1.75,0.739427,0.820996,-0.568156,0.0562569,1.61109,1,0.281183,0.196112,12.1824,8.74426,0.795823,0.747466,2,20.0587,63.6665,50.414,28.276,111.423,-409.337,27.9311,91.4596,-414.321,2,1
A,114,.,.,.,TYR,O,860,113,151,18,15.485,38.49,34.193,1.49,1.72312,0.841273,-0.473586,0.260721,1.42243,1,0.290312,0.196112,15.9872,9.19986,0.840275,2,2,20.0587,63.6665,50.414,28.276,111.423,-409.337,27.9311,91.4596,-414.321,2,1
A,114,.,.,.,TYR,CB,861,113,145,18,17.358,40.757,35,1.91,17.2351,0.625877,-0.677701,0.386005,15.8148,1,0.0859894,0.196112,42.3012,17.6824,0.814779,0.814383,2,20.0587,63.6665,50.414,28.276,111.423,-409.337,27.9311,91.4596,-414.321,0.513448,1
A,114,.,.,.,TYR,CG,862,113,148,18,17.721,42.084,35.619,1.74,1.2835,0.743758,-0.413257,0.525398,1.80709,1,0.183789,0.196112,8.66293,6.32768,0.812012,0.814383,2,20.0587,63.6665,50.414,28.276,111.423,-409.337,27.9311,91.4596,-414.321,0.518368,1
A,114,.,.,.,TYR,CD1,863,113,146,18,17.132,42.518,36.813,1.82,8.4749,0.456502,-0.602124,0.655021,6.41405,1,0.17879,0.196112,30.7887,14.3704,0.807125,0.806271,2,20.0587,63.6665,50.414,28.276,111.423,-409.337,27.9311,91.4596,-414.321,0.576108,1
A,114,.,.,.,TYR,CD2,864,113,146,18,18.633,42.922,34.994,1.82,7.3096,0.86224,-0.423117,-0.278413,5.53211,1,0.0355709,0.196112,30.7439,14.4337,0.803803,0.805691,2,20.0587,63.6665,50.414,28.276,111.423,-409.337,27.9311,91.4596,-414.321,0.0606881,1
A,114,.,.,.,TYR,CE1,865,113,147,18,17.453,43.759,37.371,1.82,1.93664,0.678454,-0.52624,0.512613,0.690207,1,0.337617,0.196112,28.2952,14.2752,0.766174,0.736397,2,20.0587,63.6665,50.414,28.276,111.423,-409.337,27.9311,91.4596,-414.321,0.513306,1
A,114,.,.,.,TYR,CE2,866,113,147,18,18.958,44.17,35.535,1.82,9.81304,-0.293263,0.70928,-0.641029,3.49731,1,0.069254,0.196112,30.972,14.1049,0.779479,0.738916,2,20.0587,63.6665,50.414,28.276,111.423,-409.337,27.9311,91.4596,-414.321,0.0386941,1
A,114,.,.,.,TYR,CZ,867,113,149,18,18.369,44.578,36.721,1.8,2.68544,-0.629202,0.584663,-0.512128,2.20128,1,0.226589,0.196112,17.8905,9.81779,0.779506,0.715532,2,20.0587,63.6665,50.414,28.276,111.423,-409.337,27.9311,91.4596,-414.321,0.0281641,1
A,114,.,.,.,TYR,OH,868,113,152,18,18.719,45.811,37.229,1.54,1.63843,0.230534,0.621884,-0.748408,-0.178775,1,0.316557,0.196112,22.2046,10.631,0.846901,2,2,20.0587,63.6665,50.414,28.276,111.423,-409.337,27.9311,91.4596,-414.321,0.0356536,0
A,115,.,.,.,SER,N,869,114,119,15,15.997,39.382,32.183,1.7,3.98845,-0.173886,0.836395,-0.519814,4.85299,1,0.139564,0.52155,19.3407,10.0537,0.506465,0.46316,0.448482,20.2418,57.2748,-54.9067,28.276,111.423,-409.337,27.9311,91.4596,-414.321,0.013506,1
A,115,.,.,.,SER,CA,870,114,117,15,15.735,38.159,31.434,1.9,0.015433,0.753468,-0.230474,0.615766,0.00860346,1,0.797473,0.52155,16.3399,12.7639,0.788744,0.728343,2,20.2418,57.2748,-54.9067,28.276,111.423,-409.337,27.9311,91.4596,-414.321,0.0936656,1
A,115,.,.,.,SER,C,871,114,116,15,16.86,37.732,30.538,1.75,0.0907692,0.565446,0.0378159,0.823918,0.157618,1,0.567896,0.52155,11.4292,8.58027,0.808172,2,2,20.2418,57.2748,-54.9067,28.276,111.423,-409.337,27.9311,91.4596,-414.321,2,1
A,115,.,.,.,SER,O,872,114,120,15,17.37,38.519,29.738,1.49,4.39196,-0.408536,0.671021,-0.618732,1.32265,1,0.534355,0.52155,23.2036,9.33672,0.759006,0.728343,2,20.2418,57.2748,-54.9067,28.276,111.423,-409.337,27.9311,91.4596,-414.321,0.00964109,0
A,115,.,.,.,SER,CB,873,114,118,15,14.503,38.333,30.55,1.91,32.3579,-0.476587,0.122635,-0.870532,-8.40032,1,0.688588,0.52155,59.6985,19.2664,0.0129569,0.0125516,0.0101844,20.2418,57.2748,-54.9067,28.276,111.423,-409.337,27.9311,91.4596,-414.321,0.0103179,0
A,115,.,.,.,SER,OG,874,114,121,15,13.397,38.679,31.343,1.54,15.5387,-0.811779,0.41874,-0.407028,-2.24118,1,0.401427,0.52155,30.234,10.0278,0.0117533,0.0115746,0.00945679,20.2418,57.2748,-54.9067,28.276,111.423,-409.337,27.9311,91.4596,-414.321,0.0175329,0
A,116,.,.,.,LEU,N,875,115,81,10,17.243,36.469,30.67,1.7,0.644048,-0.0276956,0.0365786,0.998947,1.30554,1,0.616711,0.437321,14.7453,9.72375,0.839973,2,2,19.5487,49.359,-100.979,28.276,111.423,-409.337,27.9311,91.4596,-414.321,0.0101529,1
A,116,.,.,.,LEU,CA,876,115,76,10,18.268,35.91,29.823,1.9,0,0,0,0,0,2,0.545096,0.437321,13.8974,12.1238,2,2,2,19.5487,49.359,-100.979,28.276,111.423,-409.337,27.9311,91.4596,-414.321,2,0
A,116,.,.,.,LEU,C,877,115,75,10,17.643,34.695,29.161,1.75,0.77989,-0.991563,0.0417798,0.122705,1.66144,1,0.235917,0.437321,11.1482,8.4938,0.797719,0.770926,2,19.5487,49.359,-100.979,28.276,111.423,-409.337,27.9311,91.4596,-414.321,0.0094858,0
A,116,.,.,.,LEU,O,878,115,82,10,17.358,33.686,29.83,1.49,2.0976,-0.993823,0.0233791,0.108489,1.60868,1,0.429468,0.437321,15.7925,9.22521,0.797719,0.770926,2,19.5487,49.359,-100.979,28.276,111.423,-409.337,27.9311,91.4596,-414.321,0.0438951,0
A,116,.,.,.,LEU,CB,879,115,77,10,19.501,35.48,30.638,1.91,1.77089,0.105334,0.460113,0.88159,1.803,1,0.579104,0.437321,24.3598,15.6911,0.819514,0.76457,2,19.5487,49.359,-100.979,28.276,111.423,-409.337,27.9311,91.4596,-414.321,0.767823,1
A,116,.,.,.,LEU,CG,880,115,80,10,20.532,34.605,29.9,2.01,0,0,0,0,0,2,0.368417,0.437321,18.5739,14.078,2,2,2,19.5487,49.359,-100.979,28.276,111.423,-409.337,27.9311,91.4596,-414.321,2,0
A,116,.,.,.,LEU,CD1,881,115,78,10,21.137,35.348,28.723,1.92,0,0,0,0,0,2,0.262217,0.437321,32.9855,22.0476,2,2,2,19.5487,49.359,-100.979,28.276,111.423,-409.337,27.9311,91.4596,-414.321,2,0
A,116,.,.,.,LEU,CD2,882,115,79,10,21.635,34.186,30.882,1.92,8.37495,0.486186,0.297094,0.821802,4.44246,1,0.461636,0.437321,50.6063,22.2234,0.8266,0.829842,2,19.5487,49.359,-100.979,28.276,111.423,-409.337,27.9311,91.4596,-414.321,0.799517,1
A,117,.,.,.,PRO,N,883,116,114,14,17.398,34.776,27.839,1.7,0.0931387,-0.929189,0.200384,0.31057,0.122719,1,0.79275,0.557523,6.42249,5.42046,0.675483,0.662638,2,21.1355,52.1656,-200.355,28.276,111.423,-409.337,27.9311,91.4596,-414.321,0.00810725,0
A,117,.,.,.,PRO,CA,884,116,110,14,16.808,33.655,27.089,1.9,9.55038,-0.951681,-0.137899,0.274384,5.22565,1,0.402096,0.557523,26.4186,13.0408,0.021349,0.0201761,0.00768726,21.1355,52.1656,-200.355,28.276,111.423,-409.337,27.9311,91.4596,-414.321,0.0072461,0
A,117,.,.,.,PRO,C,885,116,109,14,17.873,32.561,27.024,1.75,0,0,0,0,0,2,0.627288,0.557523,10.4359,8.7329,2,2,2,21.1355,52.1656,-200.355,28.276,111.423,-409.337,27.9311,91.4596,-414.321,2,0
A,117,.,.,.,PRO,O,886,116,115,14,19.065,32.854,27.169,1.49,0,0,0,0,0,2,0.675445,0.557523,13.7,9.03003,2,2,2,21.1355,52.1656,-200.355,28.276,111.423,-409.337,27.9311,91.4596,-414.321,2,0
A,117,.,.,.,PRO,CB,887,116,111,14,16.54,34.26,25.695,1.91,25.5385,-0.656221,-0.36733,-0.659123,-8.31642,1,0.477892,0.557523,49.1361,16.9763,0.0106694,0.0105179,0.00788038,21.1355,52.1656,-200.355,28.276,111.423,-409.337,27.9311,91.4596,-414.321,0.0066284,0
A,117,.,.,.,PRO,CG,888,116,113,14,16.45,35.745,25.957,1.92,27.0089,-0.858253,0.461669,-0.224195,-12.2207,1,0.433114,0.557523,50.0435,17.3503,0.00775104,0.00762682,0.00585598,21.1355,52.1656,-200.355,28.276,111.423,-409.337,27.9311,91.4596,-414.321,0.00705812,0
A,117,.,.,.,PRO,CD,889,116,112,14,17.574,35.946,26.96,1.92,0.311128,-0.39226,0.919846,-0.00392862,0.0628415,1,0.494075,0.557523,25.7017,17.9443,0.704593,0.649704,2,21.1355,52.1656,-200.355,28.276,111.423,-409.337,27.9311,91.4596,-414.321,0.00657571,0
A,118,.,.,.,LYS,N,890,117,89,11,17.449,31.32,26.808,1.7,2.82541,-0.835259,-0.0424788,-0.548214,3.88878,1,0.562288,0.586514,17.7799,9.94855,0.482579,0.480541,0.454723,20.7494,48.8615,-223.33,28.276,111.423,-409.337,27.9311,91.4596,-414.321,0.00808374,0
A,118,.,.,.,LYS,CA,891,117,84,11,18.375,30.183,26.736,1.9,0,0,0,0,0,2,0.850034,0.586514,14.7097,12.7335,2,2,2,20.7494,48.8615,-223.33,28.276,111.423,-409.337,27.9311,91.4596,-414.321,2,0
A,118,.,.,.,LYS,C,892,117,83,11,19.668,30.501,26.013,1.75,0.0887544,0.283989,-0.691816,-0.663883,0.15105,1,0.539799,0.586514,10.3209,8.45948,0.325126,0.321086,0.313334,20.7494,48.8615,-223.33,28.276,111.423,-409.337,27.9311,91.4596,-414.321,0.0141106,0
A,118,.,.,.,LYS,O,893,117,91,11,19.666,30.933,24.853,1.49,19.9074,-0.0100057,-0.134895,-0.990809,3.6349,1,0.474868,0.586514,36.3598,9.38025,0.0476255,0.0470317,0.0423196,20.7494,48.8615,-223.33,28.276,111.423,-409.337,27.9311,91.4596,-414.321,0.00692705,0
A,118,.,.,.,LYS,CB,894,117,85,11,17.693,28.963,26.078,1.91,13.4992,-0.176663,0.000907871,-0.984271,-1.49437,1,0.412781,0.586514,35.6524,16.5485,0.0195363,0.0193424,0.0181264,20.7494,48.8615,-223.33,28.276,111.423,-409.337,27.9311,91.4596,-414.321,0.01806,0
A,118,.,.,.,LYS,CG,895,117,88,11,16.491,28.444,26.88,1.92,7.15667,-0.783653,0.546302,-0.295707,-1.45758,1,0.748851,0.586514,31.8446,16.7417,0.0128914,0.0128059,0.0108258,20.7494,48.8615,-223.33,28.276,111.423,-409.337,27.9311,91.4596,-414.321,0.0193675,0
A,118,.,.,.,LYS,CD,896,117,86,11,15.963,27.101,26.341,1.92,19.77,-0.152786,-0.117942,-0.981196,-10.7019,1,0.646795,0.586514,43.7474,17.3324,0.0152171,0.0151637,0.0124889,20.7494,48.8615,-223.33,28.276,111.423,-409.337,27.9311,91.4596,-414.321,0.0192973,0
A,118,.,.,.,LYS,CE,897,117,87,11,14.769,26.605,27.158,1.88,18.8788,-0.883065,0.462301,-0.0804615,-12.7081,1,0.511835,0.586514,45.4287,17.3836,0.0118801,0.0118336,0.0101549,20.7494,48.8615,-223.33,28.276,111.423,-409.337,27.9311,91.4596,-414.321,0.0207974,0
A,118,.,.,.,LYS,NZ,898,117,90,11,14.361,25.212,26.768,1.67,35.7522,-0.772614,-0.45192,-0.44591,-30.1272,1,0.531375,0.586514,54.0819,14.5093,0.00891863,0.00888481,0.00789021,20.7494,48.8615,-223.33,28.276,111.423,-409.337,27.9311,91.4596,-414.321,0.0204652,0
A,119,.,.,.,SER,N,899,118,119,15,20.774,30.284,26.713,1.7,0,0,0,0,0,2,0.793086,0.662601,12.1554,9.77586,2,2,2,20.3678,46.6258,-200.407,28.276,111.423,-409.337,27.9311,91.4596,-414.321,2,0
A,119,.,.,.,SER,CA,900,118,117,15,22.094,30.551,26.173,1.9,5.00769,0.112193,0.109339,-0.987653,2.79164,1,0.674006,0.662601,23.1115,12.9027,0.699632,0.696099,2,20.3678,46.6258,-200.407,28.276,111.423,-409.337,27.9311,91.4596,-414.321,0.011628,0
A,119,.,.,.,SER,C,901,118,116,15,23.053,29.416,26.532,1.75,0,0,0,0,0,2,0.504018,0.662601,11.362,8.75354,2,2,2,20.3678,46.6258,-200.407,28.276,111.423,-409.337,27.9311,91.4596,-414.321,2,0
A,119,.,.,.,SER,O,902,118,120,15,22.934,28.8,27.584,1.49,0,0,0,0,0,2,0.707016,0.662601,13.3876,9.16004,2,2,2,20.3678,46.6258,-200.407,28.276,111.423,-409.337,27.9311,91.4596,-414.321,2,0
A,119,.,.,.,SER,CB,903,118,118,15,22.629,31.88,26.729,1.91,3.84582,0.510688,0.167532,-0.843285,-0.998397,1,0.557395,0.662601,35.2997,19.4239,0.696442,0.695001,2,20.3678,46.6258,-200.407,28.276,111.423,-409.337,27.9311,91.4596,-414.321,0.138007,0
A,119,.,.,.,SER,OG,904,118,121,15,21.828,32.973,26.301,1.54,2.02111,0.201256,0.0495462,-0.978285,-0.291509,1,0.740087,0.662601,19.5205,10.3421,0.700117,0.699943,2,20.3678,46.6258,-200.407,28.276,111.423,-409.337,27.9311,91.4596,-414.321,0.00709051,0
A,120,.,.,.,GLU,N,905,119,50,6,24.016,29.157,25.654,1.7,4.08379,0.221842,0.656994,-0.720517,5.23194,1,0.810543,0.500549,18.8515,9.84496,0.681806,0.678249,0.595879,20.5987,47.1584,-188.126,23.9943,79.3189,-215.642,26.1778,104.63,-393.304,0.0124466,0
A,120,.,.,.,GLU,CA,906,119,46,6,24.98,28.084,25.877,1.9,0,0,0,0,0,2,0.664979,0.500549,16.2954,12.7792,2,2,2,20.5987,47.1584,-188.126,23.9943,79.3189,-215.642,26.1778,104.63,-393.304,2,0
A,120,.,.,.,GLU,C,907,119,45,6,26.188,28.601,26.65,1.75,0.619818,0.848669,-0.235686,-0.473511,1.11819,1,0.388217,0.500549,11.5177,8.75019,0.684276,0.673935,2,20.5987,47.1584,-188.126,23.9943,79.3189,-215.642,26.1778,104.63,-393.304,2,0
A,120,.,.,.,GLU,O,908,119,51,6,26.695,29.68,26.367,1.49,19.7997,0.602886,0.554446,-0.573689,4.81117,1,0.440111,0.500549,36.2603,9.32417,0.60691,0.600588,0.525433,20.5987,47.1584,-188.126,23.9943,79.3189,-215.642,26.1778,104.63,-393.304,0.254123,1
A,120,.,.,.,GLU,CB,909,119,47,6,25.448,27.521,24.535,1.91,17.1699,0.783461,0.265454,-0.561893,-3.82553,1,0.396443,0.500549,43.0893,16.8864,0.0224975,0.0223045,0.0190338,20.5987,47.1584,-188.126,23.9943,79.3189,-215.642,26.1778,104.63,-393.304,0.0174463,0
A,120,.,.,.,GLU,CG,910,119,49,6,24.331,27.276,23.53,1.88,30.0018,-0.0790938,0.437368,-0.895798,-11.6005,1,0.509097,0.500549,49.9344,16.676,0.00985568,0.0098231,0.00884822,20.5987,47.1584,-188.126,23.9943,79.3189,-215.642,26.1778,104.63,-393.304,0.0121032,0
A,120,.,.,.,GLU,CD,911,119,48,6,23.791,25.866,23.61,1.76,5.8958,-0.198683,-0.200015,-0.959437,-2.55797,1,0.598209,0.500549,20.9345,10.6461,0.0127388,0.0126553,0.0114647,20.5987,47.1584,-188.126,23.9943,79.3189,-215.642,26.1778,104.63,-393.304,0.0120856,0
A,120,.,.,.,GLU,OE1,912,119,52,6,24.614,24.928,23.506,1.49,24.3634,0.13607,-0.77226,-0.620564,-16.1195,1,0.29708,0.500549,40.5057,9.42051,0.0104494,0.0103853,0.00970591,20.5987,47.1584,-188.126,23.9943,79.3189,-215.642,26.1778,104.63,-393.304,0.0149533,0
A,120,.,.,.,GLU,OE2,913,119,52,6,22.555,25.698,23.765,1.49,20.0554,-0.709225,-0.188902,-0.679202,-13.2692,1,0.400258,0.500549,33.1316,9.37308,0.0102551,0.0101512,0.00859803,20.5987,47.1584,-188.126,23.9943,79.3189,-215.642,26.1778,104.63,-393.304,0.0120874,0
A,121,.,.,.,PHE,N,914,120,107,13,26.625,27.822,27.636,1.7,0.00585224,0.64318,-0.2661,-0.717991,0.0114892,1,0.328474,0.263263,13.4615,9.8648,0.748591,0.731459,2,19.3482,39.2702,-111.955,23.9943,79.3189,-215.642,26.1778,104.63,-393.304,2,0
A,121,.,.,.,PHE,CA,915,120,101,13,27.781,28.156,28.466,1.9,4.05355,0.67214,0.539525,-0.50709,6.38263,1,0.145922,0.263263,22.1586,12.9246,0.699441,0.692589,2,19.3482,39.2702,-111.955,23.9943,79.3189,-215.642,26.1778,104.63,-393.304,0.0540291,0
A,121,.,.,.,PHE,C,916,120,100,13,28.642,26.905,28.569,1.75,0.183092,0.0636419,0.0583926,-0.996263,0.376147,1,0.327627,0.263263,12.1942,8.63377,0.687655,0.674391,2,19.3482,39.2702,-111.955,23.9943,79.3189,-215.642,26.1778,104.63,-393.304,2,0
A,121,.,.,.,PHE,O,917,120,108,13,28.118,25.796,28.605,1.49,0,0,0,0,0,2,0.368042,0.263263,13.1384,9.10721,2,2,2,19.3482,39.2702,-111.955,23.9943,79.3189,-215.642,26.1778,104.63,-393.304,2,0
A,121,.,.,.,PHE,CB,918,120,102,13,27.339,28.554,29.872,1.91,10.4121,0.359437,0.0213719,0.932925,10.2654,1,0.337143,0.263263,37.5299,17.5653,0.850741,0.855683,2,19.3482,39.2702,-111.955,23.9943,79.3189,-215.642,26.1778,104.63,-393.304,0.567059,1
A,121,.,.,.,PHE,CG,919,120,105,13,26.637,29.876,29.942,1.74,1.0615,-0.036357,-0.0493479,0.99812,1.78363,1,0.135338,0.263263,8.38248,6.29044,0.857419,0.864015,2,19.3482,39.2702,-111.955,23.9943,79.3189,-215.642,26.1778,104.63,-393.304,0.738018,1
A,121,.,.,.,PHE,CD1,920,120,103,13,27.362,31.059,30.054,1.82,25.3022,0.935888,0.147778,0.319804,24.7551,1,0.103606,0.263263,43.7324,14.4555,0.852422,0.856734,0.885429,19.3482,39.2702,-111.955,23.9943,79.3189,-215.642,26.1778,104.63,-393.304,0.658167,1
A,121,.,.,.,PHE,CD2,921,120,103,13,25.244,29.94,29.922,1.82,1.91767,0.10849,-0.206662,0.972379,1.8762,1,0.396917,0.263263,25.679,14.4753,0.874072,0.884213,2,19.3482,39.2702,-111.955,23.9943,79.3189,-215.642,26.1778,104.63,-393.304,0.782269,1
A,121,.,.,.,PHE,CE1,922,120,104,13,26.709,32.289,30.152,1.82,19.9006,0.472839,0.545267,0.692175,14.1535,1,0.125114,0.263263,39.4341,14.0907,0.851585,0.85502,0.887753,19.3482,39.2702,-111.955,23.9943,79.3189,-215.642,26.1778,104.63,-393.304,0.717761,1
A,121,.,.,.,PHE,CE2,923,120,104,13,24.58,31.17,30.019,1.82,0.0663776,0.346234,-0.0935986,0.933467,0.0472084,1,0.35201,0.263263,22.1476,14.1019,0.8667,0.874065,2,19.3482,39.2702,-111.955,23.9943,79.3189,-215.642,26.1778,104.63,-393.304,2,1
A,121,.,.,.,PHE,CZ,924,120,106,13,25.313,32.342,30.136,1.82,6.68018,0.0141284,0.515229,0.856936,4.46753,1,0.275704,0.263263,29.3447,14.0677,0.877187,0.884445,2,19.3482,39.2702,-111.955,23.9943,79.3189,-215.642,26.1778,104.63,-393.304,0.792719,1
A,122,.,.,.,VAL,N,925,121,158,19,29.959,27.068,28.617,1.7,5.9864,0.381887,0.923188,0.0434207,11.8779,1,0.00831017,0.0554714,21.1754,9.98358,0.796638,0.79777,0.874025,20.22,44.8496,-109.391,24.2465,79.9651,-247.165,26.6355,105.412,-430.876,0.0567598,0
A,122,.,.,.,VAL,CA,926,121,154,19,30.834,25.902,28.728,1.9,0,0,0,0,0,2,0.0988771,0.0554714,13.099,11.7548,2,2,2,20.22,44.8496,-109.391,24.2465,79.9651,-247.165,26.6355,105.412,-430.876,2,0
A,122,.,.,.,VAL,C,927,121,153,19,31.028,25.578,30.199,1.75,0.0301077,-0.712807,0.309873,0.629194,0.0718357,1,0.160861,0.0554714,10.6135,8.37674,0.838851,0.844381,0.860372,20.22,44.8496,-109.391,24.2465,79.9651,-247.165,26.6355,105.412,-430.876,2,1
A,122,.,.,.,VAL,O,928,121,159,19,31.449,26.433,30.977,1.49,17.1215,0.227345,0.890607,0.393869,14.1963,1,0.0347511,0.0554714,33.284,9.27763,0.724454,0.725264,0.750564,20.22,44.8496,-109.391,24.2465,79.9651,-247.165,26.6355,105.412,-430.876,0.14721,1
A,122,.,.,.,VAL,CB,929,121,155,19,32.209,26.159,28.066,2.01,13.3363,0.535513,0.818286,0.208887,11.7014,1,0.0102707,0.0554714,30.5408,14.2844,0.117356,0.117143,0.109614,20.22,44.8496,-109.391,24.2465,79.9651,-247.165,26.6355,105.412,-430.876,0.0537281,1
A,122,.,.,.,VAL,CG1,930,121,156,19,33.149,24.989,28.337,1.92,37.5037,0.937223,-0.282785,-0.204074,23.6856,1,0.0332477,0.0554714,68.7499,21.9728,0.0774875,0.0771558,0.0742658,20.22,44.8496,-109.391,24.2465,79.9651,-247.165,26.6355,105.412,-430.876,0.0637633,0
A,122,.,.,.,VAL,CG2,931,121,157,19,32.028,26.339,26.563,1.92,47.6101,0.298754,0.477307,-0.826392,32.8571,1,0.0419827,0.0554714,72.8125,21.8994,0.0621037,0.0619548,0.0584499,20.22,44.8496,-109.391,24.2465,79.9651,-247.165,26.6355,105.412,-430.876,0.0359288,0
A,123,.,.,.,VAL,N,932,122,158,19,30.697,24.348,30.579,1.7,0,0,0,0,0,2,0.44036,0.316416,12.6662,9.74911,2,2,2,19.2114,45.2557,-68.9066,24.2465,79.9651,-247.165,26.6355,105.412,-430.876,2,0
A,123,.,.,.,VAL,CA,933,122,154,19,30.831,23.914,31.968,1.9,1.13718,-0.681647,0.633508,0.366095,1.93602,1,0.554846,0.316416,16.9961,11.5674,0.807958,0.816414,2,19.2114,45.2557,-68.9066,24.2465,79.9651,-247.165,26.6355,105.412,-430.876,2,1
A,123,.,.,.,VAL,C,934,122,153,19,32.301,23.999,32.375,1.75,0,0,0,0,0,2,0.0826186,0.316416,9.48801,8.43561,2,2,2,19.2114,45.2557,-68.9066,24.2465,79.9651,-247.165,26.6355,105.412,-430.876,2,0
A,123,.,.,.,VAL,O,935,122,159,19,33.176,23.546,31.646,1.49,3.6449,0.454769,-0.720547,-0.523448,3.02216,1,0.159756,0.316416,23.7083,9.06227,0.790067,2,2,19.2114,45.2557,-68.9066,24.2465,79.9651,-247.165,26.6355,105.412,-430.876,2,1
A,123,.,.,.,VAL,CB,936,122,155,19,30.333,22.454,32.151,2.01,0.115365,0.784957,-0.619496,-0.0082165,0.101222,1,0.302461,0.316416,21.8069,14.2408,0.811079,0.786151,2,19.2114,45.2557,-68.9066,24.2465,79.9651,-247.165,26.6355,105.412,-430.876,2,1
A,123,.,.,.,VAL,CG1,937,122,156,19,30.341,22.072,33.626,1.92,17.1895,-0.274136,0.0391279,0.960895,10.8561,1,0.354679,0.316416,54.5771,21.7403,0.903542,0.908063,2,19.2114,45.2557,-68.9066,24.2465,79.9651,-247.165,26.6355,105.412,-430.876,0.719982,1
A,123,.,.,.,VAL,CG2,938,122,157,19,28.932,22.306,31.579,1.92,0.953895,-0.497704,0.388428,0.775509,0.65831,1,0.320187,0.316416,37.2061,21.9281,0.787913,0.786151,2,19.2114,45.2557,-68.9066,24.2465,79.9651,-247.165,26.6355,105.412,-430.876,2,1
A,124,.,.,.,PRO,N,939,123,114,14,32.587,24.586,33.547,1.7,0,0,0,0,0,2,0.738261,0.35113,6.50478,5.5191,2,2,2,19.5274,41.4151,-49.9402,24.5741,75.2934,-262.346,26.6355,105.412,-430.876,2,0
A,124,.,.,.,PRO,CA,940,123,110,14,33.966,24.72,34.033,1.9,10.6866,0.418688,0.818623,-0.393137,5.84737,1,0.106862,0.35113,27.7224,12.9944,0.713818,0.713412,0.741177,19.5274,41.4151,-49.9402,24.5741,75.2934,-262.346,26.6355,105.412,-430.876,0.179865,0
A,124,.,.,.,PRO,C,941,123,109,14,34.771,23.443,33.78,1.75,0,0,0,0,0,2,0.072239,0.35113,9.11173,8.49503,2,2,2,19.5274,41.4151,-49.9402,24.5741,75.2934,-262.346,26.6355,105.412,-430.876,2,0
A,124,.,.,.,PRO,O,942,123,115,14,34.242,22.336,33.895,1.49,9.23666,-0.198724,-0.979998,-0.0106238,2.87377,1,0.373948,0.35113,27.1807,9.25821,0.933421,2,2,19.5274,41.4151,-49.9402,24.5741,75.2934,-262.346,26.6355,105.412,-430.876,0.621501,1
A,124,.,.,.,PRO,CB,943,123,111,14,33.777,24.989,35.525,1.91,9.95357,0.736129,0.577663,0.352731,-3.24131,1,0.387095,0.35113,38.2379,16.8944,0.726679,0.726507,0.741177,19.5274,41.4151,-49.9402,24.5741,75.2934,-262.346,26.6355,105.412,-430.876,0.535123,1
A,124,.,.,.,PRO,CG,944,123,113,14,32.471,25.748,35.565,1.92,37.7753,-0.375306,0.806934,0.456074,-17.0921,1,0.0385272,0.35113,59.6345,17.3456,0.811987,0.813537,0.741177,19.5274,41.4151,-49.9402,24.5741,75.2934,-262.346,26.6355,105.412,-430.876,0.528137,1
A,124,.,.,.,PRO,CD,945,123,112,14,31.617,24.971,34.59,1.92,19.0356,-0.90544,0.249241,0.343596,3.8448,1,0.74098,0.35113,43.319,17.7381,0.874172,0.877193,0.884636,19.5274,41.4151,-49.9402,24.5741,75.2934,-262.346,26.6355,105.412,-430.876,0.582913,1
A,125,.,.,.,ASP,N,946,124,27,3,36.043,23.591,33.431,1.7,8.86025,0.393988,0.913605,-0.100497,11.2436,1,0.0429972,0.122675,24.2187,10.0905,0.667421,0.665778,0.700771,21.786,55.985,-118.887,24.5741,75.2934,-262.346,26.6355,105.412,-430.876,0.194062,0
A,125,.,.,.,ASP,CA,947,124,24,3,36.877,22.423,33.17,1.9,2.97434,-0.551293,-0.709475,-0.439,1.78232,1,0.142449,0.122675,20.0145,12.6287,0.655103,0.64328,0.671106,21.786,55.985,-118.887,24.5741,75.2934,-262.346,26.6355,105.412,-430.876,0.0606922,1
A,125,.,.,.,ASP,C,948,124,23,3,37.703,22.053,34.393,1.75,0,0,0,0,0,2,0.202373,0.122675,9.7775,8.58252,2,2,2,21.786,55.985,-118.887,24.5741,75.2934,-262.346,26.6355,105.412,-430.876,2,0
A,125,.,.,.,ASP,O,949,124,28,3,38.705,22.701,34.699,1.49,20.7192,0.643651,0.731157,0.226102,5.74018,1,0.129709,0.122675,36.4333,9.27684,0.614625,0.61304,0.590098,21.786,55.985,-118.887,24.5741,75.2934,-262.346,26.6355,105.412,-430.876,0.054467,0
A,125,.,.,.,ASP,CB,950,124,25,3,37.809,22.678,31.978,1.91,29.4742,0.118376,0.764686,-0.633437,-8.64157,1,0.0135629,0.122675,53.7772,17.9852,0.288616,0.288033,0.285846,21.786,55.985,-118.887,24.5741,75.2934,-262.346,26.6355,105.412,-430.876,0.0795325,0
A,125,.,.,.,ASP,CG,951,124,26,3,38.592,21.443,31.573,1.76,3.79242,-0.453196,-0.356791,-0.816892,-0.892223,1,0.186765,0.122675,20.9995,10.4919,0.0953789,0.0950772,0.0948065,21.786,55.985,-118.887,24.5741,75.2934,-262.346,26.6355,105.412,-430.876,0.0711654,0
A,125,.,.,.,ASP,OD1,952,124,29,3,39.4,21.537,30.625,1.49,40.4841,0.500957,0.0165718,-0.865313,-20.5312,1,0.134813,0.122675,48.8887,9.43701,0.0887634,0.088664,0.0885655,21.786,55.985,-118.887,24.5741,75.2934,-262.346,26.6355,105.412,-430.876,0.0743129,0
A,125,.,.,.,ASP,OD2,953,124,29,3,38.399,20.379,32.198,1.49,12.4944,-0.0489114,-0.947545,-0.315857,-6.33644,1,0.128734,0.122675,31.4539,9.19017,0.754871,0.70929,2,21.786,55.985,-118.887,24.5741,75.2934,-262.346,26.6355,105.412,-430.876,0.060795,1
A,126,.,.,.,LEU,N,954,125,81,10,37.271,21.016,35.099,1.7,2.90387,-0.707678,-0.633898,-0.312036,5.88637,1,0.168856,0.0786279,16.6276,9.55629,0.968363,2,2,22.3037,63.3693,-146.047,24.5741,75.2934,-262.346,26.6355,105.412,-430.876,0.30451,1
A,126,.,.,.,LEU,CA,955,125,76,10,37.991,20.557,36.278,1.9,0.444317,0.812816,0.525271,0.251832,0.879973,1,0.0941865,0.0786279,16.4111,12.4286,0.86801,0.80157,2,22.3037,63.3693,-146.047,24.5741,75.2934,-262.346,26.6355,105.412,-430.876,0.173506,0
A,126,.,.,.,LEU,C,956,125,75,10,38.73,19.284,35.902,1.75,0,0,0,0,0,2,0.141587,0.0786279,10.3962,8.54485,2,2,2,22.3037,63.3693,-146.047,24.5741,75.2934,-262.346,26.6355,105.412,-430.876,2,0
A,126,.,.,.,LEU,O,957,125,82,10,38.172,18.41,35.247,1.49,10.9416,-0.578424,-0.438613,-0.687783,8.3912,1,0.0897039,0.0786279,27.121,8.84266,0.841225,0.729548,2,22.3037,63.3693,-146.047,24.5741,75.2934,-262.346,26.6355,105.412,-430.876,0.167174,1
A,126,.,.,.,LEU,CB,958,125,77,10,37.021,20.293,37.432,1.91,4.33731,-0.84736,-0.393483,-0.356583,4.41594,1,0.0371455,0.0786279,27.812,15.587,0.923504,0.980855,2,22.3037,63.3693,-146.047,24.5741,75.2934,-262.346,26.6355,105.412,-430.876,0.300335,1
A,126,.,.,.,LEU,CG,959,125,80,10,36.48,21.534,38.157,2.01,11.0057,-0.805968,-0.306783,0.50626,14.946,1,0.0355708,0.0786279,32.3318,14.3501,0.893042,0.934635,2,22.3037,63.3693,-146.047,24.5741,75.2934,-262.346,26.6355,105.412,-430.876,0.342426,1
A,126,.,.,.,LEU,CD1,960,125,78,10,37.614,22.225,38.907,1.92,41.1834,0.74307,0.358051,0.565372,28.0449,1,0.0261942,0.0786279,75.236,22.0887,0.811682,0.837294,2,22.3037,63.3693,-146.047,24.5741,75.2934,-262.346,26.6355,105.412,-430.876,0.285527,0
A,126,.,.,.,LEU,CD2,961,125,79,10,35.839,22.49,37.158,1.92,10.9395,-0.986421,0.00365092,0.164195,5.80282,1,0.0357793,0.0786279,46.1853,21.5352,0.898641,0.927823,2,22.3037,63.3693,-146.047,24.5741,75.2934,-262.346,26.6355,105.412,-430.876,0.444074,1
A,127,.,.,.,GLU,N,962,126,50,6,39.994,19.191,36.292,1.7,3.04566,0.384305,0.666977,0.638319,3.90195,1,0.0678223,0.194049,18.9328,9.94449,0.766006,0.787222,2,25.0711,76.4679,-251.592,24.5741,75.2934,-262.346,26.6355,105.412,-430.876,0.0461478,0
A,127,.,.,.,GLU,CA,963,126,46,6,40.784,18.012,35.967,1.9,5.28837,-0.0331613,-0.592943,-0.804562,3.24887,1,0.131709,0.194049,22.3539,12.6584,0.611137,0.609976,0.525912,25.0711,76.4679,-251.592,24.5741,75.2934,-262.346,26.6355,105.412,-430.876,0.047029,0
A,127,.,.,.,GLU,C,964,126,45,6,40.282,16.868,36.825,1.75,3.17776,0.384241,-0.734731,-0.559043,5.73288,1,0.0811174,0.194049,13.2983,8.47427,0.321859,0.319287,0.301558,25.0711,76.4679,-251.592,24.5741,75.2934,-262.346,26.6355,105.412,-430.876,0.0409203,0
A,127,.,.,.,GLU,O,965,126,51,6,41.002,16.375,37.696,1.49,19.5738,0.728519,-0.48441,0.484362,4.75627,1,0.0286506,0.194049,32.8739,9.11615,0.0278638,0.0275254,0.0258734,25.0711,76.4679,-251.592,24.5741,75.2934,-262.346,26.6355,105.412,-430.876,0.0404777,0
A,127,.,.,.,GLU,CB,966,126,47,6,42.266,18.273,36.244,1.91,25.4658,0.728219,-0.333618,0.598662,-5.67388,1,0.029556,0.194049,46.9786,16.8175,0.0139348,0.0137174,0.0118292,25.0711,76.4679,-251.592,24.5741,75.2934,-262.346,26.6355,105.412,-430.876,0.0455764,0
A,127,.,.,.,GLU,CG,967,126,49,6,42.841,19.452,35.473,1.88,34.5794,0.65766,0.652921,0.375736,-13.3704,1,0.121616,0.194049,53.3869,16.8049,0.051369,0.0513059,0.0506206,25.0711,76.4679,-251.592,24.5741,75.2934,-262.346,26.6355,105.412,-430.876,0.0488037,0
A,127,.,.,.,GLU,CD,968,126,48,6,42.701,19.293,33.971,1.76,6.72267,0.758838,0.479205,-0.441052,-2.91672,1,0.109196,0.194049,20.9262,10.5425,0.046614,0.0465391,0.0457313,25.0711,76.4679,-251.592,24.5741,75.2934,-262.346,26.6355,105.412,-430.876,0.0493872,0
A,127,.,.,.,GLU,OE1,969,126,52,6,43.249,18.315,33.42,1.49,41.8813,0.466115,-0.613516,-0.637444,-27.7098,1,0.978075,0.194049,48.5392,9.43605,0.0444233,0.0443597,0.0437018,25.0711,76.4679,-251.592,24.5741,75.2934,-262.346,26.6355,105.412,-430.876,0.0487989,0
A,127,.,.,.,GLU,OE2,970,126,52,6,42.044,20.147,33.34,1.49,19.027,0.36112,0.681318,-0.636709,-12.5888,1,0.198702,0.194049,37.6923,9.44358,0.0852193,0.0851611,0.084574,25.0711,76.4679,-251.592,24.5741,75.2934,-262.346,26.6355,105.412,-430.876,0.0559858,0
A,128,.,.,.,LEU,N,971,127,81,10,39.042,16.453,36.574,1.7,1.93477,0.252133,-0.357115,-0.899387,3.92194,1,0.0328845,0.0484391,14.5812,9.31568,0.646234,0.629487,2,24.7219,88.6887,-292.788,23.3479,94.0018,-25.8191,26.9328,117.413,-448.047,0.0867324,0
A,128,.,.,.,LEU,CA,972,127,76,10,38.416,15.378,37.338,1.9,0.0134075,0.782371,-0.440158,-0.440632,0.0265538,1,0.0398044,0.0484391,14.2316,11.9725,0.640059,0.629487,2,24.7219,88.6887,-292.788,23.3479,94.0018,-25.8191,26.9328,117.413,-448.047,0.0213778,0
A,128,.,.,.,LEU,C,973,127,75,10,37.902,14.218,36.511,1.75,2.46597,0.766247,-0.106266,-0.633698,5.25337,1,0.0662314,0.0484391,13.1822,8.70261,0.624457,0.59177,0.504213,24.7219,88.6887,-292.788,23.3479,94.0018,-25.8191,26.9328,117.413,-448.047,0.014921,0
A,128,.,.,.,LEU,O,974,127,82,10,37.266,14.413,35.473,1.49,20.5888,-0.136216,0.186957,-0.972878,15.7897,1,0.129575,0.0484391,36.2986,9.34355,0.629153,0.592943,0.545213,24.7219,88.6887,-292.788,23.3479,94.0018,-25.8191,26.9328,117.413,-448.047,0.0224761,1
A,128,.,.,.,LEU,CB,975,127,77,10,37.253,15.921,38.171,1.91,0.0259063,-0.48575,0.307837,-0.818097,0.026376,1,0.0496646,0.0484391,21.9257,15.2006,0.832545,2,2,24.7219,88.6887,-292.788,23.3479,94.0018,-25.8191,26.9328,117.413,-448.047,2,0
A,128,.,.,.,LEU,CG,976,127,80,10,37.589,16.57,39.512,2.01,7.21179,0.485758,-0.303767,0.819612,9.79376,1,0.0267211,0.0484391,28.5099,14.2401,0.661873,0.661382,0.61907,24.7219,88.6887,-292.788,23.3479,94.0018,-25.8191,26.9328,117.413,-448.047,0.0190362,0
A,128,.,.,.,LEU,CD1,977,127,78,10,38.619,17.668,39.319,1.92,22.532,0.608486,0.287073,0.73982,15.3438,1,0.0173432,0.0484391,51.5643,21.35,0.513736,0.512279,0.469023,24.7219,88.6887,-292.788,23.3479,94.0018,-25.8191,26.9328,117.413,-448.047,0.0419642,0
A,128,.,.,.,LEU,CD2,978,127,79,10,36.32,17.115,40.138,1.92,35.1528,-0.396955,0.308768,0.864343,18.6467,1,0.0252887,0.0484391,67.6635,22.0303,0.747756,0.740221,0.698045,24.7219,88.6887,-292.788,23.3479,94.0018,-25.8191,26.9328,117.413,-448.047,0.0212269,1
A,129,.,.,.,PRO,N,979,128,114,14,38.178,12.987,36.967,1.7,0.679734,0.826639,0.0809734,-0.556877,0.895611,1,0.365946,0.102186,6.77819,5.32945,0.459802,0.455662,0.410871,26.6355,105.412,-430.876,23.3479,94.0018,-25.8191,26.9328,117.413,-448.047,0.0105471,0
A,129,.,.,.,PRO,CA,980,128,110,14,37.75,11.754,36.306,1.9,13.1521,0.463087,-0.112997,-0.87908,7.19639,1,0.0754728,0.102186,29.1736,13.0763,0.0139372,0.013671,0.0099882,26.6355,105.412,-430.876,23.3479,94.0018,-25.8191,26.9328,117.413,-448.047,0.0104932,0
A,129,.,.,.,PRO,C,981,128,109,14,36.234,11.781,36.401,1.75,0,0,0,0,0,2,0.0684681,0.102186,9.80728,8.53056,2,2,2,26.6355,105.412,-430.876,23.3479,94.0018,-25.8191,26.9328,117.413,-448.047,2,0
A,129,.,.,.,PRO,O,982,128,115,14,35.694,12.34,37.357,1.49,0,0,0,0,0,2,0.0690433,0.102186,13.145,9.1405,2,2,2,26.6355,105.412,-430.876,23.3479,94.0018,-25.8191,26.9328,117.413,-448.047,2,0
A,129,.,.,.,PRO,CB,983,128,111,14,38.329,10.654,37.201,1.91,12.0666,0.396773,-0.642684,-0.655384,-3.9294,1,0.0278233,0.102186,34.6725,16.6087,0.00837468,0.00828798,0.00635807,26.6355,105.412,-430.876,23.3479,94.0018,-25.8191,26.9328,117.413,-448.047,0.0109554,0
A,129,.,.,.,PRO,CG,984,128,113,14,39.444,11.319,37.917,1.92,31.6871,0.977133,-0.196328,-0.0816441,-14.3374,1,0.0617784,0.102186,52.2307,17.1449,0.0140187,0.0139279,0.0129051,26.6355,105.412,-430.876,23.3479,94.0018,-25.8191,26.9328,117.413,-448.047,0.0104194,0
A,129,.,.,.,PRO,CD,985,128,112,14,38.908,12.682,38.206,1.92,6.72834,0.869761,0.318327,0.377072,1.35899,1,0.0467726,0.102186,33.6496,17.7468,0.0335422,0.0332103,0.0314617,26.6355,105.412,-430.876,23.3479,94.0018,-25.8191,26.9328,117.413,-448.047,0.0150354,0
A,130,.,.,.,SER,N,986,129,119,15,35.542,11.175,35.444,1.7,4.75158,0.573576,-0.401874,-0.713798,5.78153,1,0.177276,0.14906,22.2238,9.99271,0.501438,0.481277,0.437883,25.5279,109.622,-415.06,23.1949,98.0973,27.2799,26.9328,117.413,-448.047,0.0141473,0
A,130,.,.,.,SER,CA,987,129,117,15,34.091,11.189,35.496,1.9,0.80538,0.105312,0.848654,-0.518358,0.448975,1,0.302214,0.14906,17.9453,12.7728,0.586782,0.491795,2,25.5279,109.622,-415.06,23.1949,98.0973,27.2799,26.9328,117.413,-448.047,0.0327187,1
A,130,.,.,.,SER,C,988,129,116,15,33.54,10.445,36.7,1.75,0.118204,-0.62243,-0.716246,-0.31555,0.205258,1,0.149545,0.14906,10.3812,8.49409,0.550704,0.538889,2,25.5279,109.622,-415.06,23.1949,98.0973,27.2799,26.9328,117.413,-448.047,2,0
A,130,.,.,.,SER,O,989,129,120,15,32.494,10.819,37.231,1.49,0,0,0,0,0,2,0.107855,0.14906,11.897,8.9354,2,2,2,25.5279,109.622,-415.06,23.1949,98.0973,27.2799,26.9328,117.413,-448.047,2,0
A,130,.,.,.,SER,CB,990,129,118,15,33.5,10.602,34.221,1.91,0.80402,-0.725577,-0.684629,0.0694305,-0.208728,1,0.119239,0.14906,28.4975,18.7526,0.439137,0.429162,0.412122,25.5279,109.622,-415.06,23.1949,98.0973,27.2799,26.9328,117.413,-448.047,0.028978,0
A,130,.,.,.,SER,OG,991,129,121,15,33.942,9.28,34.04,1.54,29.9826,0.135264,-0.947991,-0.288126,-4.32445,1,0.0382304,0.14906,43.7062,10.2677,0.0480327,0.0478728,0.0449179,25.5279,109.622,-415.06,23.1949,98.0973,27.2799,26.9328,117.413,-448.047,0.021329,0
A,131,.,.,.,TRP,N,992,130,140,17,34.233,9.401,37.155,1.7,0.299727,0.601532,-0.564565,-0.565178,0.569119,1,0.0172544,0.0125248,15.3029,9.89644,0.479308,0.476317,0.46227,26.9328,117.413,-448.047,23.1949,98.0973,27.2799,26.9328,117.413,-448.047,0.0166705,0
A,131,.,.,.,TRP,CA,993,130,130,17,33.716,8.657,38.292,1.9,8.46345,-0.767173,-0.554183,-0.322997,13.5246,1,0.00569669,0.0125248,26.2787,12.9369,0.170806,0.170733,0.168049,26.9328,117.413,-448.047,23.1949,98.0973,27.2799,26.9328,117.413,-448.047,0.020718,0
A,131,.,.,.,TRP,C,994,130,129,17,33.572,9.563,39.521,1.75,0,0,0,0,0,2,0.0569919,0.0125248,9.60994,8.59409,2,2,2,26.9328,117.413,-448.047,23.1949,98.0973,27.2799,26.9328,117.413,-448.047,2,0
A,131,.,.,.,TRP,O,995,130,142,17,32.737,9.318,40.388,1.49,16.9723,-0.663862,-0.466963,0.584151,13.5162,1,0.0648936,0.0125248,34.2935,9.30093,0.639326,0.633485,0.571696,26.9328,117.413,-448.047,23.1949,98.0973,27.2799,26.9328,117.413,-448.047,0.0195751,0
A,131,.,.,.,TRP,CB,996,130,131,17,34.585,7.408,38.593,1.91,32.8204,-0.293398,-0.921551,-0.254286,27.927,1,0.000369614,0.0125248,53.6097,18.035,0.0455278,0.0455016,0.0446579,26.9328,117.413,-448.047,23.1949,98.0973,27.2799,26.9328,117.413,-448.047,0.0164458,0
A,131,.,.,.,TRP,CG,997,130,136,17,35.933,7.663,39.221,1.74,1.27222,0.162985,-0.98326,0.0814605,1.99684,1,0.0101444,0.0125248,8.74219,6.47871,0.0127802,0.0127614,0.0127614,26.9328,117.413,-448.047,23.1949,98.0973,27.2799,26.9328,117.413,-448.047,0.0159794,0
A,131,.,.,.,TRP,CD1,998,130,132,17,37.139,7.816,38.579,1.82,20.7062,0.318785,-0.720954,-0.615306,10.2449,1,0.000646837,0.0125248,40.7597,15.6163,0.0117221,0.0117058,0.0115167,26.9328,117.413,-448.047,23.1949,98.0973,27.2799,26.9328,117.413,-448.047,0.013623,0
A,131,.,.,.,TRP,CD2,999,130,133,17,36.2,7.817,40.615,1.82,3.49272,0.15392,-0.986266,0.0598923,4.77937,1,0.000631761,0.0125248,15.1512,9.87387,0.00581867,0.00581867,0.00581867,26.9328,117.413,-448.047,23.1949,98.0973,27.2799,26.9328,117.413,-448.047,0.0139653,0
A,131,.,.,.,TRP,NE1,1000,130,141,17,38.137,8.057,39.5,1.66,14.5966,0.852491,-0.506692,-0.128542,4.28026,1,0.00146351,0.0125248,28.4263,10.0861,0.00750987,0.00750987,0.00750987,26.9328,117.413,-448.047,23.1949,98.0973,27.2799,26.9328,117.413,-448.047,0.0105804,0
A,131,.,.,.,TRP,CE2,1001,130,134,17,37.587,8.063,40.754,1.74,2.18382,0.235032,-0.971531,0.0297721,2.89795,1,0.00386606,0.0125248,11.339,7.59551,0.00392596,0.00392596,0.00392596,26.9328,117.413,-448.047,23.1949,98.0973,27.2799,26.9328,117.413,-448.047,0.0111401,0
A,131,.,.,.,TRP,CE3,1002,130,135,17,35.401,7.774,41.763,1.82,15.4049,-0.578747,-0.785811,0.218069,20.0656,1,0.000718618,0.0125248,34.1647,14.0318,0.0069898,0.00686193,0.005624,26.9328,117.413,-448.047,23.1949,98.0973,27.2799,26.9328,117.413,-448.047,0.016753,0
A,131,.,.,.,TRP,CZ2,1003,130,138,17,38.187,8.267,41.994,1.82,24.228,0.915195,-0.366896,0.166746,9.37832,1,0.00157773,0.0125248,41.2194,14.4125,0.0128246,0.0128246,0.0128246,26.9328,117.413,-448.047,23.1949,98.0973,27.2799,26.9328,117.413,-448.047,0.0110025,0
A,131,.,.,.,TRP,CZ3,1004,130,139,17,35.997,7.98,42.996,1.82,27.5241,-0.47286,-0.407838,0.781071,22.4144,1,0.00359204,0.0125248,43.4313,14.0375,0.0129266,0.0127939,0.0118388,26.9328,117.413,-448.047,23.1949,98.0973,27.2799,26.9328,117.413,-448.047,0.0143489,0
A,131,.,.,.,TRP,CH2,1005,130,137,17,37.38,8.223,43.102,1.82,25.7988,0.444875,-0.306862,0.841381,12.2268,1,0.00750061,0.0125248,41.4677,13.858,0.0141953,0.0141764,0.0141315,26.9328,117.413,-448.047,23.1949,98.0973,27.2799,26.9328,117.413,-448.047,0.0125222,0
A,132,.,.,.,LEU,N,1006,131,81,10,34.37,10.621,39.586,1.7,0,0,0,0,0,2,0.0539939,0.0453531,11.4531,9.67509,2,2,2,24.9924,105.151,-319.077,22.9974,95.6197,82.2014,26.9328,117.413,-448.047,2,0
A,132,.,.,.,LEU,CA,1007,131,76,10,34.29,11.551,40.704,1.9,1.15563,-0.434395,-0.360725,0.825335,2.28874,1,0.0287966,0.0453531,18.3597,12.7076,0.841936,2,2,24.9924,105.151,-319.077,22.9974,95.6197,82.2014,26.9328,117.413,-448.047,0.0160172,0
A,132,.,.,.,LEU,C,1008,131,75,10,33.241,12.659,40.472,1.75,0,0,0,0,0,2,0.0815054,0.0453531,12.2882,8.81923,2,2,2,24.9924,105.151,-319.077,22.9974,95.6197,82.2014,26.9328,117.413,-448.047,2,0
A,132,.,.,.,LEU,O,1009,131,82,10,32.598,13.123,41.41,1.49,3.19568,0.448113,0.774346,0.446747,2.4508,1,0.116381,0.0453531,21.1863,9.18305,0.798065,2,2,24.9924,105.151,-319.077,22.9974,95.6197,82.2014,26.9328,117.413,-448.047,0.01621,1
A,132,.,.,.,LEU,CB,1010,131,77,10,35.665,12.178,40.966,1.91,0.600763,-0.201499,0.835059,0.511932,0.611655,1,0.0449735,0.0453531,26.2,15.5711,0.820573,0.890586,2,24.9924,105.151,-319.077,22.9974,95.6197,82.2014,26.9328,117.413,-448.047,0.0142831,0
A,132,.,.,.,LEU,CG,1011,131,80,10,36.594,11.38,41.895,2.01,0,0,0,0,0,2,0.00633164,0.0453531,15.176,13.8879,2,2,2,24.9924,105.151,-319.077,22.9974,95.6197,82.2014,26.9328,117.413,-448.047,2,0
A,132,.,.,.,LEU,CD1,1012,131,78,10,38.059,11.637,41.541,1.92,23.4635,0.847071,0.322028,0.422811,15.9781,1,0.0139996,0.0453531,55.4034,21.9849,0.0379631,0.0378704,0.035633,24.9924,105.151,-319.077,22.9974,95.6197,82.2014,26.9328,117.413,-448.047,0.0114,0
A,132,.,.,.,LEU,CD2,1013,131,79,10,36.306,11.756,43.353,1.92,46.7794,-0.0183983,0.418256,0.908143,24.8139,1,0.0168436,0.0453531,76.209,22.236,0.0409758,0.0405088,0.0364517,24.9924,105.151,-319.077,22.9974,95.6197,82.2014,26.9328,117.413,-448.047,0.0133575,0
A,133,.,.,.,THR,N,1014,132,126,16,33.053,13.067,39.224,1.7,0,0,0,0,0,2,0.0477649,0.236732,11.4166,9.76325,2,2,2,22.5057,93.4336,-190.96,27.9311,91.4596,-414.321,28.276,111.423,-409.337,2,0
A,133,.,.,.,THR,CA,1015,132,123,16,32.091,14.129,38.924,1.9,0.0996465,0.358984,0.587677,0.725098,0.0971487,1,0.17758,0.236732,15.1593,11.9882,0.818185,2,2,22.5057,93.4336,-190.96,27.9311,91.4596,-414.321,28.276,111.423,-409.337,2,1
A,133,.,.,.,THR,C,1016,132,122,16,30.642,13.675,38.736,1.75,0,0,0,0,0,2,0.366701,0.236732,10.6956,8.60094,2,2,2,22.5057,93.4336,-190.96,27.9311,91.4596,-414.321,28.276,111.423,-409.337,2,0
A,133,.,.,.,THR,O,1017,132,127,16,29.717,14.405,39.081,1.49,0,0,0,0,0,2,0.386877,0.236732,12.6453,8.96445,2,2,2,22.5057,93.4336,-190.96,27.9311,91.4596,-414.321,28.276,111.423,-409.337,2,0
A,133,.,.,.,THR,CB,1018,132,124,16,32.54,14.927,37.694,2.01,0.0310093,-0.0889312,0.908737,-0.407785,0.00139975,1,0.41495,0.236732,25.8129,16.7962,0.947438,2,2,22.5057,93.4336,-190.96,27.9311,91.4596,-414.321,28.276,111.423,-409.337,0.764569,1
A,133,.,.,.,THR,OG1,1019,132,128,16,32.701,14.05,36.579,1.54,1.23723,0.529708,0.256137,-0.808581,-0.0738273,1,0.123936,0.236732,19.1165,9.60462,0.946404,2,2,22.5057,93.4336,-190.96,27.9311,91.4596,-414.321,28.276,111.423,-409.337,0.235681,1
A,133,.,.,.,THR,CG2,1020,132,125,16,33.855,15.623,37.977,1.92,13.2951,-0.0873171,0.921456,-0.378544,-2.19411,1,0.139314,0.236732,50.8538,21.8762,0.943693,0.989528,2,22.5057,93.4336,-190.96,27.9311,91.4596,-414.321,28.276,111.423,-409.337,0.308538,1
A,134,.,.,.,THR,N,1021,133,126,16,30.432,12.472,38.207,1.7,0,0,0,0,0,2,0.156636,0.219855,13.1215,9.78736,2,2,2,23.2563,103.126,-236.725,27.9311,91.4596,-414.321,28.276,111.423,-409.337,2,0
A,134,.,.,.,THR,CA,1022,133,123,16,29.069,11.982,38.025,1.9,0,0,0,0,0,2,0.441987,0.219855,15.1934,12.0654,2,2,2,23.2563,103.126,-236.725,27.9311,91.4596,-414.321,28.276,111.423,-409.337,2,0
A,134,.,.,.,THR,C,1023,133,122,16,28.341,11.942,39.366,1.75,0.0246884,-0.30914,-0.89466,0.322515,0.0475155,1,0.255144,0.219855,10.0397,8.40884,0.680446,0.678997,0.666126,23.2563,103.126,-236.725,27.9311,91.4596,-414.321,28.276,111.423,-409.337,0.370657,0
A,134,.,.,.,THR,O,1024,133,127,16,28.932,11.581,40.38,1.49,9.03521,-0.034057,-0.851024,0.524021,4.17799,1,0.280263,0.219855,25.4059,9.22982,0.675184,0.673634,0.639404,23.2563,103.126,-236.725,27.9311,91.4596,-414.321,28.276,111.423,-409.337,0.357716,0
A,134,.,.,.,THR,CB,1025,133,124,16,29.079,10.573,37.386,2.01,8.03231,0.235927,-0.940639,0.244001,0.362575,1,0.13125,0.219855,32.5414,16.8621,0.339454,0.339296,0.335521,23.2563,103.126,-236.725,27.9311,91.4596,-414.321,28.276,111.423,-409.337,0.351283,0
A,134,.,.,.,THR,OG1,1026,133,128,16,29.737,10.657,36.124,1.54,4.99867,0.118911,-0.875954,-0.467508,-0.298277,1,0.112797,0.219855,20.9736,9.39901,0.534795,0.530644,0.524066,23.2563,103.126,-236.725,27.9311,91.4596,-414.321,28.276,111.423,-409.337,0.354769,0
A,134,.,.,.,THR,CG2,1027,133,125,16,27.674,10.051,37.164,1.92,41.0316,-0.525266,-0.850476,0.0280451,-6.77149,1,0.160905,0.219855,70.6928,22.1708,0.345615,0.34487,0.337162,23.2563,103.126,-236.725,27.9311,91.4596,-414.321,28.276,111.423,-409.337,0.368378,0
A,135,.,.,.,GLY,N,1028,134,55,7,27.068,12.336,39.381,1.7,0.155133,-0.823853,-0.348808,-0.446765,0.138045,1,0.546836,0.425577,14.0533,10.0028,0.649942,0.644792,0.619493,22.6522,97.6831,-156.287,27.9311,91.4596,-414.321,28.276,111.423,-409.337,0.370792,0
A,135,.,.,.,GLY,CA,1029,134,54,7,26.315,12.308,40.619,1.9,21.5576,-0.375259,-0.902662,0.210669,-0.631547,1,0.182843,0.425577,50.7442,18.823,0.633763,0.628305,0.590446,22.6522,97.6831,-156.287,27.9311,91.4596,-414.321,28.276,111.423,-409.337,0.364834,0
A,135,.,.,.,GLY,C,1030,134,53,7,25.404,13.508,40.835,1.75,0.0299698,-0.602683,-0.506942,-0.616266,0.0332685,1,0.442378,0.425577,12.5388,8.97861,0.708685,0.691083,2,22.6522,97.6831,-156.287,27.9311,91.4596,-414.321,28.276,111.423,-409.337,0.281826,0
A,135,.,.,.,GLY,O,1031,134,56,7,25.278,14.372,39.952,1.49,0,0,0,0,0,2,0.530252,0.425577,13.1656,9.23559,2,2,2,22.6522,97.6831,-156.287,27.9311,91.4596,-414.321,28.276,111.423,-409.337,2,0
A,136,.,.,.,ASN,N,1032,135,19,2,24.795,13.558,42.019,1.7,1.4881,0.0185155,-0.874542,0.484596,2.03381,1,0.432867,0.387391,18.9638,9.85211,0.687326,0.682538,2,21.2047,83.5196,-76.7531,27.9311,91.4596,-414.321,28.276,111.423,-409.337,2,0
A,136,.,.,.,ASN,CA,1033,135,16,2,23.873,14.605,42.396,1.9,0,0,0,0,0,2,0.591961,0.387391,15.6417,12.6932,2,2,2,21.2047,83.5196,-76.7531,27.9311,91.4596,-414.321,28.276,111.423,-409.337,2,0
A,136,.,.,.,ASN,C,1034,135,15,2,24.533,15.707,43.217,1.75,0,0,0,0,0,2,0.62093,0.387391,9.66359,8.66268,2,2,2,21.2047,83.5196,-76.7531,27.9311,91.4596,-414.321,28.276,111.423,-409.337,2,0
A,136,.,.,.,ASN,O,1035,135,21,2,25.386,15.445,44.07,1.49,0,0,0,0,0,2,0.597351,0.387391,15.2783,9.29584,2,2,2,21.2047,83.5196,-76.7531,27.9311,91.4596,-414.321,28.276,111.423,-409.337,2,0
A,136,.,.,.,ASN,CB,1036,135,17,2,22.71,14.01,43.194,1.91,5.13418,-0.844669,0.528205,0.0867985,-0.811698,1,0.317131,0.387391,34.4326,17.6089,0.89541,2,2,21.2047,83.5196,-76.7531,27.9311,91.4596,-414.321,28.276,111.423,-409.337,0.0258624,0
A,136,.,.,.,ASN,CG,1037,135,18,2,21.975,12.925,42.413,1.81,1.05038,0.468351,-0.829964,-0.302998,-0.12484,1,0.0806834,0.387391,17.7814,11.0151,0.654111,0.608591,0.519062,21.2047,83.5196,-76.7531,27.9311,91.4596,-414.321,28.276,111.423,-409.337,0.200436,0
A,136,.,.,.,ASN,OD1,1038,135,22,2,21.881,13.001,41.191,1.52,6.44618,0.14938,-0.785514,-0.600544,-2.24403,1,0.264928,0.387391,22.4924,9.47756,0.652009,0.609173,0.519062,21.2047,83.5196,-76.7531,27.9311,91.4596,-414.321,28.276,111.423,-409.337,0.0324189,0
A,136,.,.,.,ASN,ND2,1039,135,20,2,21.448,11.928,43.115,1.62,17.2544,-0.204624,-0.976933,0.0610825,-8.28057,1,0.193276,0.387391,41.3776,12.8111,0.487178,0.482806,0.468874,21.2047,83.5196,-76.7531,27.9311,91.4596,-414.321,28.276,111.423,-409.337,0.0254703,0
A,137,.,.,.,TYR,N,1040,136,150,18,24.11,16.935,42.96,1.7,0,0,0,0,0,2,0.231353,0.372894,12.4847,9.63203,2,2,2,19.2949,65.2628,-23.111,27.9311,91.4596,-414.321,28.276,111.423,-409.337,2,0
A,137,.,.,.,TYR,CA,1041,136,144,18,24.656,18.104,43.643,1.9,0,0,0,0,0,2,0.415129,0.372894,14.6274,12.8054,2,2,2,19.2949,65.2628,-23.111,27.9311,91.4596,-414.321,28.276,111.423,-409.337,2,0
A,137,.,.,.,TYR,C,1042,136,143,18,23.537,19.048,44.011,1.75,0.24401,0.00395854,0.784632,-0.619949,0.531657,1,0.455755,0.372894,11.4938,8.6135,0.885819,2,2,19.2949,65.2628,-23.111,27.9311,91.4596,-414.321,28.276,111.423,-409.337,2,1
A,137,.,.,.,TYR,O,1043,136,151,18,22.437,18.978,43.455,1.49,1.25934,-0.684173,-0.727454,-0.0521371,1.03958,1,0.334635,0.372894,18.578,9.23309,0.922204,2,2,19.2949,65.2628,-23.111,27.9311,91.4596,-414.321,28.276,111.423,-409.337,2,0
A,137,.,.,.,TYR,CB,1044,136,145,18,25.613,18.851,42.718,1.91,8.12254,-0.00439107,0.783408,-0.621492,7.45317,1,0.635231,0.372894,36.2584,17.4974,0.850196,0.882105,2,19.2949,65.2628,-23.111,27.9311,91.4596,-414.321,28.276,111.423,-409.337,0.838039,1
A,137,.,.,.,TYR,CG,1045,136,148,18,26.815,18.078,42.292,1.74,0.855696,0.22396,0.721247,-0.655473,1.20477,1,0.49722,0.372894,8.38918,6.31523,0.766941,2,2,19.2949,65.2628,-23.111,27.9311,91.4596,-414.321,28.276,111.423,-409.337,0.859857,1
A,137,.,.,.,TYR,CD1,1046,136,146,18,28.052,18.292,42.907,1.82,2.51938,0.200074,0.738635,-0.64373,1.90674,1,0.345215,0.372894,25.484,14.4367,0.885734,0.986383,2,19.2949,65.2628,-23.111,27.9311,91.4596,-414.321,28.276,111.423,-409.337,0.843756,1
A,137,.,.,.,TYR,CD2,1047,136,146,18,26.74,17.151,41.245,1.82,0.00765572,0.00788996,0.897627,-0.440686,0.00579407,1,0.514319,0.372894,21.8592,14.3176,0.766941,2,2,19.2949,65.2628,-23.111,27.9311,91.4596,-414.321,28.276,111.423,-409.337,0.855048,1
A,137,.,.,.,TYR,CE1,1048,136,147,18,29.189,17.612,42.492,1.82,9.06839,0.74734,0.579131,-0.325714,3.23192,1,0.318079,0.372894,30.3456,14.122,0.89427,0.980855,2,19.2949,65.2628,-23.111,27.9311,91.4596,-414.321,28.276,111.423,-409.337,0.76316,1
A,137,.,.,.,TYR,CE2,1049,136,147,18,27.879,16.455,40.818,1.82,0,0,0,0,0,2,0.294278,0.372894,19.5139,14.0475,2,2,2,19.2949,65.2628,-23.111,27.9311,91.4596,-414.321,28.276,111.423,-409.337,2,0
A,137,.,.,.,TYR,CZ,1050,136,149,18,29.099,16.692,41.45,1.8,0.0499588,0.694168,0.618832,-0.367666,0.0409518,1,0.27581,0.372894,12.8403,9.85233,0.885257,0.986383,2,19.2949,65.2628,-23.111,27.9311,91.4596,-414.321,28.276,111.423,-409.337,0.852338,1
A,137,.,.,.,TYR,OH,1051,136,152,18,30.231,16.007,41.076,1.54,5.56219,0.858983,0.50364,0.0921709,-0.606913,1,0.157703,0.372894,23.5018,10.7406,0.935303,0.986383,2,19.2949,65.2628,-23.111,27.9311,91.4596,-414.321,28.276,111.423,-409.337,0.679352,1
A,138,.,.,.,ARG,N,1052,137,11,1,23.803,19.921,44.969,1.7,0,0,0,0,0,2,0.791515,0.556148,12.8724,9.83414,2,2,2,18.4479,51.4654,-23.9085,27.9311,91.4596,-414.321,28.276,111.423,-409.337,2,0
A,138,.,.,.,ARG,CA,1053,137,6,1,22.801,20.902,45.349,1.9,1.01714,0.210721,0.332808,-0.919149,0.870998,1,0.833682,0.556148,17.0381,12.6377,0.886764,2,2,18.4479,51.4654,-23.9085,27.9311,91.4596,-414.321,28.276,111.423,-409.337,2,1
A,138,.,.,.,ARG,C,1054,137,5,1,23.574,22.161,45.708,1.75,0.126573,0.262592,-0.00910848,-0.964864,0.233481,1,0.840449,0.556148,10.8036,8.35416,0.894871,2,2,18.4479,51.4654,-23.9085,27.9311,91.4596,-414.321,28.276,111.423,-409.337,2,1
A,138,.,.,.,ARG,O,1055,137,14,1,24.686,22.096,46.256,1.49,0,0,0,0,0,2,0.408258,0.556148,13.8422,9.13437,2,2,2,18.4479,51.4654,-23.9085,27.9311,91.4596,-414.321,28.276,111.423,-409.337,2,0
A,138,.,.,.,ARG,CB,1056,137,7,1,21.965,20.415,46.539,1.91,6.86307,-0.962764,0.215569,0.163139,0.789019,1,0.678157,0.556148,34.9157,16.5505,0.884314,2,2,18.4479,51.4654,-23.9085,27.9311,91.4596,-414.321,28.276,111.423,-409.337,0.0733501,0
A,138,.,.,.,ARG,CG,1057,137,9,1,22.619,20.667,47.865,1.92,7.07567,-0.510564,0.769174,0.384311,0.0467765,1,0.511425,0.556148,32.0384,16.7691,0.888466,2,2,18.4479,51.4654,-23.9085,27.9311,91.4596,-414.321,28.276,111.423,-409.337,0.0968453,0
A,138,.,.,.,ARG,CD,1058,137,8,1,22.354,19.577,48.888,1.88,0.214755,-0.384474,0.751109,0.53667,-0.0963894,1,0.398679,0.556148,21.8424,16.8097,0.808262,0.649076,2,18.4479,51.4654,-23.9085,27.9311,91.4596,-414.321,28.276,111.423,-409.337,0.0467359,0
A,138,.,.,.,ARG,NE,1059,137,12,1,20.94,19.345,49.172,1.62,8.03601,-0.735617,0.641625,-0.217223,-2.22824,1,0.577362,0.556148,20.7393,8.09882,0.774858,0.684112,2,18.4479,51.4654,-23.9085,27.9311,91.4596,-414.321,28.276,111.423,-409.337,0.0403826,0
A,138,.,.,.,ARG,CZ,1060,137,10,1,20.508,18.654,50.228,1.8,5.17776,-0.0979298,0.834479,0.542267,-1.51958,1,0.47892,0.556148,20.2788,11.263,0.0476637,0.0472688,0.0462843,18.4479,51.4654,-23.9085,27.9311,91.4596,-414.321,28.276,111.423,-409.337,0.0435949,0
A,138,.,.,.,ARG,NH1,1061,137,13,1,21.376,18.144,51.092,1.62,13.5009,-0.12316,0.185673,0.974863,-6.8544,1,0.167864,0.556148,32.1333,12.3401,0.0818236,0.0817519,0.0814676,18.4479,51.4654,-23.9085,27.9311,91.4596,-414.321,28.276,111.423,-409.337,0.0505249,0
A,138,.,.,.,ARG,NH2,1062,137,13,1,19.213,18.458,50.417,1.67,54.2962,-0.981021,0.0385781,0.190026,-27.5663,1,0.431314,0.556148,67.9578,14.4368,0.0539563,0.0537624,0.0532359,18.4479,51.4654,-23.9085,27.9311,91.4596,-414.321,28.276,111.423,-409.337,0.0413237,0
A,139,.,.,.,ILE,N,1063,138,73,9,23.01,23.312,45.364,1.7,0.000473374,0.290714,-0.324033,-0.900271,0.00103852,1,0.299904,0.396258,13.546,9.67479,0.899086,2,2,17.1962,36.8908,-45.2432,27.9311,91.4596,-414.321,28.276,111.423,-409.337,2,1
A,139,.,.,.,ILE,CA,1064,138,68,9,23.681,24.558,45.671,1.9,0,0,0,0,0,2,0.359674,0.396258,14.3549,11.7293,2,2,2,17.1962,36.8908,-45.2432,27.9311,91.4596,-414.321,28.276,111.423,-409.337,2,0
A,139,.,.,.,ILE,C,1065,138,67,9,22.678,25.542,46.224,1.75,0.607711,-0.489031,-0.54803,0.67861,1.53082,1,0.452273,0.396258,12.6068,8.46122,0.943881,2,2,17.1962,36.8908,-45.2432,27.9311,91.4596,-414.321,28.276,111.423,-409.337,2,0
A,139,.,.,.,ILE,O,1066,138,74,9,21.503,25.548,45.829,1.49,0.675766,-0.387709,-0.708916,0.589169,0.640749,1,0.611567,0.396258,15.802,9.02872,0.945778,2,2,17.1962,36.8908,-45.2432,27.9311,91.4596,-414.321,28.276,111.423,-409.337,2,1
A,139,.,.,.,ILE,CB,1067,138,69,9,24.386,25.15,44.422,2.01,1.11201,0.215694,-0.64023,-0.73728,1.29125,1,0.258633,0.396258,20.4529,13.9956,0.897661,0.911,2,17.1962,36.8908,-45.2432,27.9311,91.4596,-414.321,28.276,111.423,-409.337,0.835145,1
A,139,.,.,.,ILE,CG1,1068,138,71,9,25.152,26.421,44.794,1.92,0,0,0,0,0,2,0.190639,0.396258,25.1256,15.8761,2,2,2,17.1962,36.8908,-45.2432,27.9311,91.4596,-414.321,28.276,111.423,-409.337,2,0
A,139,.,.,.,ILE,CG2,1069,138,72,9,23.38,25.495,43.348,1.92,13.8737,0.317678,-0.218526,-0.922674,11.2356,1,0.679592,0.396258,49.1274,21.5215,0.865052,0.868178,2,17.1962,36.8908,-45.2432,27.9311,91.4596,-414.321,28.276,111.423,-409.337,0.821145,1
A,139,.,.,.,ILE,CD1,1070,138,70,9,26.095,26.897,43.675,1.92,30.8819,0.306826,0.198126,-0.930916,23.4892,1,0.317785,0.396258,70.6618,23.08,0.863061,0.866347,2,17.1962,36.8908,-45.2432,27.9311,91.4596,-414.321,28.276,111.423,-409.337,0.821824,1
A,140,.,.,.,GLU,N,1071,139,50,6,23.134,26.329,47.186,1.7,0.195245,-0.0496519,-0.797711,0.600992,0.250139,1,0.678434,0.793214,12.6666,9.62878,0.947293,2,2,17.3658,35.4609,-68.3693,27.9311,91.4596,-414.321,28.276,111.423,-409.337,2,0
A,140,.,.,.,GLU,CA,1072,139,46,6,22.313,27.363,47.787,1.9,0,0,0,0,0,2,0.946117,0.793214,15.5634,12.6981,2,2,2,17.3658,35.4609,-68.3693,27.9311,91.4596,-414.321,28.276,111.423,-409.337,2,0
A,140,.,.,.,GLU,C,1073,139,45,6,23.102,28.642,47.594,1.75,0,0,0,0,0,2,0.694323,0.793214,10.8915,8.51067,2,2,2,17.3658,35.4609,-68.3693,27.9311,91.4596,-414.321,28.276,111.423,-409.337,2,0
A,140,.,.,.,GLU,O,1074,139,51,6,24.305,28.685,47.868,1.49,0,0,0,0,0,2,0.714604,0.793214,15.1297,9.15139,2,2,2,17.3658,35.4609,-68.3693,27.9311,91.4596,-414.321,28.276,111.423,-409.337,2,0
A,140,.,.,.,GLU,CB,1075,139,47,6,22.093,27.128,49.284,1.91,8.61898,0.00198763,-0.927422,0.374012,-1.92034,1,0.828686,0.793214,36.2259,17.0747,0.771078,0.717759,2,17.3658,35.4609,-68.3693,27.9311,91.4596,-414.321,28.276,111.423,-409.337,0.121803,0
A,140,.,.,.,GLU,CG,1076,139,49,6,21.234,28.235,49.913,1.88,0,0,0,0,-0,2,0.901915,0.793214,24.1186,16.741,2,2,2,17.3658,35.4609,-68.3693,27.9311,91.4596,-414.321,28.276,111.423,-409.337,2,0
A,140,.,.,.,GLU,CD,1077,139,48,6,21.338,28.281,51.423,1.76,2.93639,0.208574,-0.863394,0.459399,-1.27399,1,0.893959,0.793214,18.4689,10.6655,0.322784,0.321987,0.317456,17.3658,35.4609,-68.3693,27.9311,91.4596,-414.321,28.276,111.423,-409.337,0.123621,0
A,140,.,.,.,GLU,OE1,1078,139,52,6,22.456,28.545,51.933,1.49,15.6753,0.280145,-0.0151864,0.959837,-10.3712,1,0.742441,0.793214,34.8172,9.47375,0.322428,0.32143,0.314609,17.3658,35.4609,-68.3693,27.9311,91.4596,-414.321,28.276,111.423,-409.337,0.125397,0
A,140,.,.,.,GLU,OE2,1079,139,52,6,20.302,28.06,52.092,1.49,16.2969,-0.0639239,-0.130584,0.989374,-10.7824,1,0.738444,0.793214,31.9674,9.41175,0.240049,0.239591,0.237769,17.3658,35.4609,-68.3693,27.9311,91.4596,-414.321,28.276,111.423,-409.337,0.128109,0
A,141,.,.,.,SER,N,1080,140,119,15,22.443,29.678,47.096,1.7,0.0570471,-0.209194,-0.440781,-0.872897,0.0694126,1,0.816929,0.713503,13.4477,9.80264,0.967642,2,2,16.6493,30.6547,-62.641,27.9311,91.4596,-414.321,28.276,111.423,-409.337,2,1
A,141,.,.,.,SER,CA,1081,140,117,15,23.119,30.942,46.876,1.9,0,0,0,0,0,2,0.731691,0.713503,15.2361,12.7477,2,2,2,16.6493,30.6547,-62.641,27.9311,91.4596,-414.321,28.276,111.423,-409.337,2,0
A,141,.,.,.,SER,C,1082,140,116,15,22.326,32.006,47.616,1.75,0.0206459,-0.161073,0.83251,-0.530078,0.035851,1,0.685455,0.713503,11.4694,8.71856,0.827877,2,2,16.6493,30.6547,-62.641,27.9311,91.4596,-414.321,28.276,111.423,-409.337,0.809036,1
A,141,.,.,.,SER,O,1083,140,120,15,21.129,32.172,47.364,1.49,2.20199,-0.129956,0.763122,-0.633053,0.663135,1,0.713696,0.713503,17.375,9.21504,0.866433,0.920474,2,16.6493,30.6547,-62.641,27.9311,91.4596,-414.321,28.276,111.423,-409.337,0.817305,1
A,141,.,.,.,SER,CB,1084,140,118,15,23.159,31.253,45.386,1.91,9.52787,-0.00756121,-0.188444,-0.982055,-2.47349,1,0.683905,0.713503,40.6313,18.9773,0.83796,0.838112,2,16.6493,30.6547,-62.641,27.9311,91.4596,-414.321,28.276,111.423,-409.337,0.820313,1
A,141,.,.,.,SER,OG,1085,140,121,15,23.771,32.511,45.173,1.54,17.0621,-0.254124,0.667224,-0.700166,-2.4609,1,0.649341,0.713503,33.7894,10.2149,0.834393,0.83718,2,16.6493,30.6547,-62.641,27.9311,91.4596,-414.321,28.276,111.423,-409.337,0.813188,1
A,142,.,.,.,VAL,N,1086,141,158,19,22.993,32.699,48.534,1.7,0,0,0,0,0,2,0.308046,0.360245,12.6953,9.68511,2,2,2,17.7561,42.6538,-63.5986,26.1778,104.63,-393.304,24.3704,86.3796,-211.992,2,0
A,142,.,.,.,VAL,CA,1087,141,154,19,22.373,33.748,49.347,1.9,0,0,0,0,0,2,0.372696,0.360245,14.5368,12.0472,2,2,2,17.7561,42.6538,-63.5986,26.1778,104.63,-393.304,24.3704,86.3796,-211.992,2,0
A,142,.,.,.,VAL,C,1088,141,153,19,22.937,35.117,48.961,1.75,0.0202495,0.202498,0.0917298,-0.974977,0.0483145,1,0.537062,0.360245,12.0041,8.48445,0.833446,2,2,17.7561,42.6538,-63.5986,26.1778,104.63,-393.304,24.3704,86.3796,-211.992,2,1
A,142,.,.,.,VAL,O,1089,141,159,19,24.16,35.289,48.842,1.49,0,0,0,0,0,2,0.400752,0.360245,16.3784,9.22153,2,2,2,17.7561,42.6538,-63.5986,26.1778,104.63,-393.304,24.3704,86.3796,-211.992,2,0
A,142,.,.,.,VAL,CB,1090,141,155,19,22.638,33.526,50.86,2.01,0.463934,0.45664,-0.124982,0.880829,0.407059,1,0.292442,0.360245,19.6978,14.3213,0.646155,0.63419,2,17.7561,42.6538,-63.5986,26.1778,104.63,-393.304,24.3704,86.3796,-211.992,0.141705,0
A,142,.,.,.,VAL,CG1,1091,141,156,19,22.035,34.685,51.678,1.92,6.11844,0.426733,0.105997,0.898144,3.86412,1,0.305844,0.360245,44.3137,22.0598,0.659372,0.65263,0.513572,17.7561,42.6538,-63.5986,26.1778,104.63,-393.304,24.3704,86.3796,-211.992,0.218833,0
A,142,.,.,.,VAL,CG2,1092,141,157,19,22.052,32.19,51.315,1.92,8.64118,0.402746,-0.265502,0.875959,5.96352,1,0.304869,0.360245,46.8248,22.1627,0.556699,0.546344,0.508297,17.7561,42.6538,-63.5986,26.1778,104.63,-393.304,24.3704,86.3796,-211.992,0.199683,0
A,143,.,.,.,LEU,N,1093,142,81,10,22.046,36.079,48.748,1.7,0.218776,-0.2109,-0.418957,-0.883174,0.443476,1,0.425483,0.50166,12.935,9.65784,0.837599,2,2,17.9953,51.4513,-13.284,26.1778,104.63,-393.304,24.3704,86.3796,-211.992,2,1
A,143,.,.,.,LEU,CA,1094,142,76,10,22.465,37.433,48.411,1.9,0,0,0,0,0,2,0.640987,0.50166,15.3578,12.5819,2,2,2,17.9953,51.4513,-13.284,26.1778,104.63,-393.304,24.3704,86.3796,-211.992,2,0
A,143,.,.,.,LEU,C,1095,142,75,10,22.079,38.314,49.587,1.75,0,0,0,0,0,2,0.436024,0.50166,10.2138,8.61475,2,2,2,17.9953,51.4513,-13.284,26.1778,104.63,-393.304,24.3704,86.3796,-211.992,2,0
A,143,.,.,.,LEU,O,1096,142,82,10,20.95,38.214,50.084,1.49,0,0,0,0,0,2,0.35806,0.50166,13.24,9.08353,2,2,2,17.9953,51.4513,-13.284,26.1778,104.63,-393.304,24.3704,86.3796,-211.992,2,0
A,143,.,.,.,LEU,CB,1097,142,77,10,21.752,37.911,47.151,1.91,9.14931,-0.0679918,-0.712683,-0.698184,9.31519,1,0.591667,0.50166,31.9303,15.4172,0.840944,0.802113,2,17.9953,51.4513,-13.284,26.1778,104.63,-393.304,24.3704,86.3796,-211.992,0.796825,1
A,143,.,.,.,LEU,CG,1098,142,80,10,22.125,39.278,46.587,2.01,0,0,0,0,0,2,0.397795,0.50166,16.9787,14.3423,2,2,2,17.9953,51.4513,-13.284,26.1778,104.63,-393.304,24.3704,86.3796,-211.992,2,0
A,143,.,.,.,LEU,CD1,1099,142,78,10,23.6,39.275,46.145,1.92,6.50888,0.0567203,-0.417715,-0.906806,4.43239,1,0.643104,0.50166,40.5336,21.9313,0.776042,0.764086,2,17.9953,51.4513,-13.284,26.1778,104.63,-393.304,24.3704,86.3796,-211.992,0.786035,1
A,143,.,.,.,LEU,CD2,1100,142,79,10,21.21,39.587,45.39,1.92,17.051,-0.0305827,-0.564226,-0.825054,9.04465,1,0.520161,0.50166,54.3911,22.2394,0.823826,0.799907,2,17.9953,51.4513,-13.284,26.1778,104.63,-393.304,24.3704,86.3796,-211.992,0.760312,1
A,144,.,.,.,SER,N,1101,143,119,15,23.008,39.142,50.063,1.7,0,0,0,0,0,2,0.706161,0.597607,13.3448,10.0183,2,2,2,20.0096,68.3228,-77.8646,26.1778,104.63,-393.304,24.3704,86.3796,-211.992,2,0
A,144,.,.,.,SER,CA,1102,143,117,15,22.707,40.043,51.193,1.9,0,0,0,0,0,2,0.621932,0.597607,14.4874,12.8545,2,2,2,20.0096,68.3228,-77.8646,26.1778,104.63,-393.304,24.3704,86.3796,-211.992,2,0
A,144,.,.,.,SER,C,1103,143,116,15,23.534,41.323,51.091,1.75,0,0,0,0,0,2,0.559932,0.597607,10.799,8.79654,2,2,2,20.0096,68.3228,-77.8646,26.1778,104.63,-393.304,24.3704,86.3796,-211.992,2,0
A,144,.,.,.,SER,O,1104,143,120,15,24.474,41.412,50.281,1.49,0,0,0,0,0,2,0.799037,0.597607,13.9294,9.0724,2,2,2,20.0096,68.3228,-77.8646,26.1778,104.63,-393.304,24.3704,86.3796,-211.992,2,0
A,144,.,.,.,SER,CB,1105,143,118,15,23.003,39.346,52.533,1.91,6.02934,-0.0664177,-0.572982,0.816872,-1.56525,1,0.304282,0.597607,39.345,19.1903,0.817748,0.818046,2,20.0096,68.3228,-77.8646,26.1778,104.63,-393.304,24.3704,86.3796,-211.992,0.0202645,0
A,144,.,.,.,SER,OG,1106,143,121,15,24.377,39.042,52.666,1.54,5.78119,0.209723,-0.38027,0.900784,-0.833833,1,0.594296,0.597607,29.5016,10.3224,0.818248,0.818046,2,20.0096,68.3228,-77.8646,26.1778,104.63,-393.304,24.3704,86.3796,-211.992,0.0201496,0
A,145,.,.,.,SER,N,1107,144,119,15,23.169,42.326,51.879,1.7,0,0,0,0,0,2,0.376267,0.329829,13.629,9.9315,2,2,2,21.8253,82.0049,-114.383,26.1778,104.63,-393.304,24.3704,86.3796,-211.992,2,0
A,145,.,.,.,SER,CA,1108,144,117,15,23.9,43.591,51.886,1.9,0.0113964,0.965228,-0.251808,0.0702053,0.00635315,1,0.380812,0.329829,17.4071,12.7603,0.862598,2,2,21.8253,82.0049,-114.383,26.1778,104.63,-393.304,24.3704,86.3796,-211.992,2,0
A,145,.,.,.,SER,C,1109,144,116,15,23.847,44.154,53.296,1.75,0,0,0,0,0,2,0.111158,0.329829,9.74792,8.56033,2,2,2,21.8253,82.0049,-114.383,26.1778,104.63,-393.304,24.3704,86.3796,-211.992,2,0
A,145,.,.,.,SER,O,1110,144,120,15,22.765,44.436,53.82,1.49,0.534612,-0.271139,0.926661,-0.260354,0.161,1,0.144606,0.329829,15.3695,9.14585,0.800932,2,2,21.8253,82.0049,-114.383,26.1778,104.63,-393.304,24.3704,86.3796,-211.992,2,0
A,145,.,.,.,SER,CB,1111,144,118,15,23.303,44.583,50.896,1.91,7.9039,-0.715338,0.675168,-0.18011,-2.0519,1,0.718668,0.329829,39.9612,19.3113,0.844864,0.847916,2,21.8253,82.0049,-114.383,26.1778,104.63,-393.304,24.3704,86.3796,-211.992,0.0170434,0
A,145,.,.,.,SER,OG,1112,144,121,15,24.003,45.809,50.949,1.54,11.2001,-0.500999,0.865339,0.0137587,-1.61541,1,0.247464,0.329829,28.9193,10.1804,0.844864,0.847916,2,21.8253,82.0049,-114.383,26.1778,104.63,-393.304,24.3704,86.3796,-211.992,0.0114533,0
A,146,.,.,.,SER,N,1113,145,119,15,25.023,44.291,53.903,1.7,4.57741,0.80153,-0.589466,-0.100394,5.56961,1,0.164434,0.106989,20.3198,9.87576,0.747832,0.737207,2,24.3704,86.3796,-211.992,26.1778,104.63,-393.304,24.3704,86.3796,-211.992,0.0122894,0
A,146,.,.,.,SER,CA,1114,145,117,15,25.155,44.778,55.265,1.9,14.8888,0.919379,-0.161697,0.358603,8.30006,1,0.178559,0.106989,31.041,13.0838,0.0221765,0.0216949,0.0183761,24.3704,86.3796,-211.992,26.1778,104.63,-393.304,24.3704,86.3796,-211.992,0.0148928,0
A,146,.,.,.,SER,C,1115,145,116,15,24.34,43.916,56.23,1.75,3.29094,0.762048,-0.181018,0.621703,5.71462,1,0.149659,0.106989,13.8339,8.7391,0.0164952,0.0162519,0.013829,24.3704,86.3796,-211.992,26.1778,104.63,-393.304,24.3704,86.3796,-211.992,0.0185466,0
A,146,.,.,.,SER,O,1116,145,120,15,23.846,44.403,57.245,1.49,24.7803,-0.0458299,0.315041,0.947971,7.46267,1,0.0411739,0.106989,36.7514,9.16632,0.00845227,0.00844891,0.0081283,24.3704,86.3796,-211.992,26.1778,104.63,-393.304,24.3704,86.3796,-211.992,0.0179213,0
A,146,.,.,.,SER,CB,1117,145,118,15,24.71,46.247,55.366,1.91,26.6455,-0.00903061,0.75336,0.657546,-6.91733,1,0.0688598,0.106989,54.6071,19.2378,0.0132119,0.0131351,0.0117058,24.3704,86.3796,-211.992,26.1778,104.63,-393.304,24.3704,86.3796,-211.992,0.0153343,0
A,146,.,.,.,SER,OG,1118,145,121,15,25.429,47.057,54.442,1.54,19.2089,0.142203,0.982722,0.118469,-2.77054,1,0.0392504,0.106989,34.5723,10.3726,0.00883001,0.00875778,0.00836745,24.3704,86.3796,-211.992,26.1778,104.63,-393.304,24.3704,86.3796,-211.992,0.0126137,0
A,147,.,.,.,GLY,N,1119,146,55,7,24.212,42.632,55.914,1.7,7.30372,0.901945,-0.429692,-0.0431275,6.49924,1,0.275798,0.141781,21.5717,9.81394,0.0462639,0.0453787,0.0388164,23.9943,79.3189,-215.642,26.1778,104.63,-393.304,24.3704,86.3796,-211.992,0.0189938,0
A,147,.,.,.,GLY,CA,1120,146,54,7,23.466,41.743,56.783,1.9,33.9053,0.48206,-0.542992,0.687589,-0.993283,1,0.112491,0.141781,58.0933,18.916,0.0222372,0.0221443,0.0208596,23.9943,79.3189,-215.642,26.1778,104.63,-393.304,24.3704,86.3796,-211.992,0.0193868,0
A,147,.,.,.,GLY,C,1121,146,53,7,21.994,41.621,56.441,1.75,2.62561,-0.345162,0.496936,0.796189,2.91461,1,0.0849812,0.141781,15.061,8.82424,0.0219902,0.0219065,0.0212118,23.9943,79.3189,-215.642,26.1778,104.63,-393.304,24.3704,86.3796,-211.992,0.0193835,0
A,147,.,.,.,GLY,O,1122,146,56,7,21.319,40.765,56.992,1.49,31.101,-0.316642,-0.622212,0.715954,4.56208,1,0.0938539,0.141781,41.7586,9.2605,0.022769,0.0226994,0.0217671,23.9943,79.3189,-215.642,26.1778,104.63,-393.304,24.3704,86.3796,-211.992,0.0200266,0
A,148,.,.,.,LYS,N,1123,147,89,11,21.483,42.466,55.553,1.7,0,0,0,0,0,2,0.19735,0.338393,12.3098,9.78292,2,2,2,23.5312,84.4135,-176.49,26.1778,104.63,-393.304,24.3704,86.3796,-211.992,2,0
A,148,.,.,.,LYS,CA,1124,147,84,11,20.067,42.392,55.175,1.9,7.20765,-0.637269,-0.0458731,0.769275,4.62632,1,0.105325,0.338393,23.5388,12.8061,0.0639189,0.0636376,0.049076,23.5312,84.4135,-176.49,26.1778,104.63,-393.304,24.3704,86.3796,-211.992,0.0199949,0
A,148,.,.,.,LYS,C,1125,147,83,11,19.946,41.288,54.133,1.75,0,0,0,0,0,2,0.256848,0.338393,10.8264,8.57148,2,2,2,23.5312,84.4135,-176.49,26.1778,104.63,-393.304,24.3704,86.3796,-211.992,2,0
A,148,.,.,.,LYS,O,1126,147,91,11,20.743,41.21,53.211,1.49,0,0,0,0,0,2,0.435544,0.338393,11.8934,8.81943,2,2,2,23.5312,84.4135,-176.49,26.1778,104.63,-393.304,24.3704,86.3796,-211.992,2,0
A,148,.,.,.,LYS,CB,1127,147,85,11,19.569,43.7,54.547,1.91,7.65986,-0.99436,-0.0956985,0.0457153,-0.847954,1,0.389759,0.338393,35.3997,16.3389,0.127193,0.125447,0.102313,23.5312,84.4135,-176.49,26.1778,104.63,-393.304,24.3704,86.3796,-211.992,0.0186065,0
A,148,.,.,.,LYS,CG,1128,147,88,11,19.815,44.96,55.358,1.92,13.373,-0.252017,-0.0720947,0.965034,-2.72364,1,0.100314,0.338393,38.5318,16.9138,0.0543942,0.0537143,0.0432251,23.5312,84.4135,-176.49,26.1778,104.63,-393.304,24.3704,86.3796,-211.992,0.0168119,0
A,148,.,.,.,LYS,CD,1129,147,86,11,18.987,46.115,54.774,1.92,27.6874,-0.830717,-0.000618488,-0.556694,-14.9878,1,0.492664,0.338393,51.5543,17.252,0.0496461,0.0486814,0.0379839,23.5312,84.4135,-176.49,26.1778,104.63,-393.304,24.3704,86.3796,-211.992,0.0157368,0
A,148,.,.,.,LYS,CE,1130,147,87,11,19.329,47.448,55.454,1.88,34.5372,0.479616,0.457288,0.748903,-23.2484,1,0.0792679,0.338393,57.1604,17.3776,0.0134165,0.0132761,0.0108323,23.5312,84.4135,-176.49,26.1778,104.63,-393.304,24.3704,86.3796,-211.992,0.0155255,0
A,148,.,.,.,LYS,NZ,1131,147,90,11,18.448,48.565,54.997,1.67,59.4767,-0.502693,0.840262,-0.203127,-50.1189,1,0.988467,0.338393,69.0799,14.5191,0.0113771,0.0112339,0.00990602,23.5312,84.4135,-176.49,26.1778,104.63,-393.304,24.3704,86.3796,-211.992,0.0155415,0
A,149,.,.,.,ARG,N,1132,148,11,1,18.951,40.436,54.279,1.7,6.73202,-0.70642,0.170319,0.686995,10.5156,1,0.0938597,0.390632,22.7213,9.95338,0.590191,0.587729,0.537881,21.5688,74.2175,-126.566,26.1778,104.63,-393.304,24.3704,86.3796,-211.992,0.0208359,0
A,149,.,.,.,ARG,CA,1133,148,6,1,18.782,39.346,53.343,1.9,0.43178,0.695357,-0.385799,0.606332,0.369743,1,0.285565,0.390632,17.1104,12.5666,0.655102,0.653205,0.618753,21.5688,74.2175,-126.566,26.1778,104.63,-393.304,24.3704,86.3796,-211.992,0.020748,0
A,149,.,.,.,ARG,C,1134,148,5,1,18.108,39.871,52.075,1.75,0,0,0,0,0,2,0.371415,0.390632,10.4317,8.60013,2,2,2,21.5688,74.2175,-126.566,26.1778,104.63,-393.304,24.3704,86.3796,-211.992,2,0
A,149,.,.,.,ARG,O,1135,148,14,1,17.022,40.444,52.142,1.49,10.3705,-0.670683,0.51049,0.53813,3.90539,1,0.240241,0.390632,29.5867,9.2829,0.70168,0.698733,0.675383,21.5688,74.2175,-126.566,26.1778,104.63,-393.304,24.3704,86.3796,-211.992,0.0390208,0
A,149,.,.,.,ARG,CB,1136,148,7,1,17.914,38.262,53.978,1.91,26.2032,-0.425203,-0.039987,0.904214,3.01248,1,0.050712,0.390632,46.944,16.3044,0.586342,0.580457,0.533414,21.5688,74.2175,-126.566,26.1778,104.63,-393.304,24.3704,86.3796,-211.992,0.0214251,0
A,149,.,.,.,ARG,CG,1137,148,9,1,17.754,37.065,53.101,1.92,6.07628,-0.648972,-0.466704,0.600851,0.0401697,1,0.323227,0.390632,33.1056,17.0222,0.539946,0.513724,0.462714,21.5688,74.2175,-126.566,26.1778,104.63,-393.304,24.3704,86.3796,-211.992,0.205401,0
A,149,.,.,.,ARG,CD,1138,148,8,1,18.958,36.17,53.249,1.88,4.91847,0.450415,0.154585,0.879335,-2.20758,1,0.385072,0.390632,32.1794,17.0155,0.558226,0.537195,0.462714,21.5688,74.2175,-126.566,26.1778,104.63,-393.304,24.3704,86.3796,-211.992,0.217565,0
A,149,.,.,.,ARG,NE,1139,148,12,1,18.536,34.801,53.025,1.62,1.60873,-0.944671,-0.186952,0.26953,-0.446071,1,0.396714,0.390632,15.2542,7.88246,0.503959,0.490969,0.469416,21.5688,74.2175,-126.566,26.1778,104.63,-393.304,24.3704,86.3796,-211.992,0.214858,0
A,149,.,.,.,ARG,CZ,1140,148,10,1,19.027,33.742,53.635,1.8,5.43371,-0.689623,0.0686198,0.72091,-1.5947,1,0.644816,0.390632,19.4407,11.2022,0.177113,0.176442,0.174279,21.5688,74.2175,-126.566,26.1778,104.63,-393.304,24.3704,86.3796,-211.992,0.219108,0
A,149,.,.,.,ARG,NH1,1141,148,13,1,19.986,33.864,54.542,1.62,36.2217,0.373382,-0.115911,0.920408,-18.3898,1,0.852101,0.390632,50.8482,12.7772,0.118745,0.118302,0.116112,21.5688,74.2175,-126.566,26.1778,104.63,-393.304,24.3704,86.3796,-211.992,0.21911,0
A,149,.,.,.,ARG,NH2,1142,148,13,1,18.541,32.561,53.319,1.67,23.7154,-0.517571,-0.567224,0.640607,-12.0403,1,0.653225,0.390632,46.6353,14.3658,0.189681,0.18894,0.187064,21.5688,74.2175,-126.566,26.1778,104.63,-393.304,24.3704,86.3796,-211.992,0.206046,0
A,150,.,.,.,LEU,N,1143,149,81,10,18.74,39.67,50.922,1.7,0,0,0,0,0,2,0.276307,0.275355,11.5209,9.7277,2,2,2,20.1318,72.9822,-38.2913,26.1778,104.63,-393.304,24.3704,86.3796,-211.992,2,0
A,150,.,.,.,LEU,CA,1144,149,76,10,18.149,40.162,49.682,1.9,0,0,0,0,0,2,0.225865,0.275355,14.5067,12.3964,2,2,2,20.1318,72.9822,-38.2913,26.1778,104.63,-393.304,24.3704,86.3796,-211.992,2,0
A,150,.,.,.,LEU,C,1145,149,75,10,17.493,39.071,48.879,1.75,0,0,0,0,0,2,0.361563,0.275355,11.2127,8.62126,2,2,2,20.1318,72.9822,-38.2913,26.1778,104.63,-393.304,24.3704,86.3796,-211.992,2,0
A,150,.,.,.,LEU,O,1146,149,82,10,16.418,39.276,48.319,1.49,0,0,0,0,0,2,0.139257,0.275355,11.8622,9.1702,2,2,2,20.1318,72.9822,-38.2913,26.1778,104.63,-393.304,24.3704,86.3796,-211.992,2,0
A,150,.,.,.,LEU,CB,1147,149,77,10,19.202,40.862,48.817,1.91,0,0,0,0,0,2,0.445566,0.275355,22.4055,15.7675,2,2,2,20.1318,72.9822,-38.2913,26.1778,104.63,-393.304,24.3704,86.3796,-211.992,2,0
A,150,.,.,.,LEU,CG,1148,149,80,10,19.813,42.135,49.462,2.01,0,0,0,0,0,2,0.238384,0.275355,18.1843,14.3589,2,2,2,20.1318,72.9822,-38.2913,26.1778,104.63,-393.304,24.3704,86.3796,-211.992,2,0
A,150,.,.,.,LEU,CD1,1149,149,78,10,20.965,42.69,48.593,1.92,1.20597,0.0103474,0.999317,-0.0354636,0.821239,1,0.366882,0.275355,35.9338,22.2307,0.902527,0.910681,2,20.1318,72.9822,-38.2913,26.1778,104.63,-393.304,24.3704,86.3796,-211.992,2,0
A,150,.,.,.,LEU,CD2,1150,149,79,10,18.72,43.208,49.625,1.92,13.1336,-0.204403,0.885404,0.417468,6.96666,1,0.149017,0.275355,55.4493,22.1429,0.886002,0.89708,2,20.1318,72.9822,-38.2913,26.1778,104.63,-393.304,24.3704,86.3796,-211.992,0.0192001,0
A,151,.,.,.,GLY,N,1151,150,55,7,18.127,37.901,48.822,1.7,0,0,0,0,0,2,0.800859,0.690787,13.6015,10.01,2,2,2,18.6818,58.3793,-32.3476,26.6355,105.412,-430.876,23.3479,94.0018,-25.8191,2,0
A,151,.,.,.,GLY,CA,1152,150,54,7,17.554,36.833,48.033,1.9,2.65666,0.294067,-0.200055,-0.934614,-0.077829,1,0.766022,0.690787,32.2822,18.7742,0.89617,2,2,18.6818,58.3793,-32.3476,26.6355,105.412,-430.876,23.3479,94.0018,-25.8191,0.78692,1
A,151,.,.,.,GLY,C,1153,150,53,7,18.264,35.536,48.349,1.75,1.54518,0.463874,-0.0956682,-0.880721,1.71526,1,0.568946,0.690787,14.3664,8.83156,0.898183,2,2,18.6818,58.3793,-32.3476,26.6355,105.412,-430.876,23.3479,94.0018,-25.8191,0.816859,1
A,151,.,.,.,GLY,O,1154,150,56,7,19.352,35.535,48.94,1.49,0,0,0,0,0,2,0.627321,0.690787,14.0337,9.03129,2,2,2,18.6818,58.3793,-32.3476,26.6355,105.412,-430.876,23.3479,94.0018,-25.8191,2,0
A,152,.,.,.,CYS,N,1155,151,33,4,17.638,34.431,47.965,1.7,4.60525,-0.0296745,0.101032,-0.994441,8.90176,1,0.182662,0.375322,22.2421,10.0102,0.900336,2,2,18.0352,46.4428,-62.1219,26.1778,104.63,-393.304,24.3704,86.3796,-211.992,0.823664,1
A,152,.,.,.,CYS,CA,1156,151,31,4,18.213,33.116,48.227,1.9,0.690544,0.419814,0.335413,-0.843359,1.08493,1,0.486745,0.375322,16.7119,12.7299,0.898058,2,2,18.0352,46.4428,-62.1219,26.1778,104.63,-393.304,24.3704,86.3796,-211.992,0.826646,1
A,152,.,.,.,CYS,C,1157,151,30,4,17.557,32.101,47.321,1.75,0.320073,-0.118935,0.613037,-0.781051,0.643311,1,0.605757,0.375322,10.7215,8.29926,0.902153,2,2,18.0352,46.4428,-62.1219,26.1778,104.63,-393.304,24.3704,86.3796,-211.992,0.832983,1
A,152,.,.,.,CYS,O,1158,151,34,4,16.336,32.064,47.175,1.49,0.379727,-0.652251,0.74922,0.115056,0.295579,1,0.307905,0.375322,17.5511,9.13093,0.930177,2,2,18.0352,46.4428,-62.1219,26.1778,104.63,-393.304,24.3704,86.3796,-211.992,2,1
A,152,.,.,.,CYS,CB,1159,151,32,4,17.999,32.737,49.697,1.91,0.039389,-0.68827,0.127983,0.714076,0.0379591,1,0.210613,0.375322,28.5472,18.1035,0.940028,2,2,18.0352,46.4428,-62.1219,26.1778,104.63,-393.304,24.3704,86.3796,-211.992,2,0
A,152,.,.,.,CYS,SG,1160,151,35,4,18.538,31.07,50.228,1.88,0.0669037,-0.222684,-0.476833,0.850319,0.0701004,1,0.45825,0.375322,29.0402,19.6189,0.885365,2,2,18.0352,46.4428,-62.1219,26.1778,104.63,-393.304,24.3704,86.3796,-211.992,2,0
A,153,.,.,.,ILE,N,1161,152,73,9,18.379,31.306,46.666,1.7,0.00497541,0.153171,0.845773,-0.511083,0.0109154,1,0.491046,0.577682,12.2981,9.67041,0.883511,2,2,17.3491,37.8415,-62.5232,27.9311,91.4596,-414.321,28.276,111.423,-409.337,0.823807,1
A,153,.,.,.,ILE,CA,1162,152,68,9,17.839,30.297,45.782,1.9,0,0,0,0,0,2,0.424218,0.577682,13.6007,11.7675,2,2,2,17.3491,37.8415,-62.5232,27.9311,91.4596,-414.321,28.276,111.423,-409.337,2,0
A,153,.,.,.,ILE,C,1163,152,67,9,18.562,28.992,46.057,1.75,0,0,0,0,0,2,0.860624,0.577682,10.1184,8.45193,2,2,2,17.3491,37.8415,-62.5232,27.9311,91.4596,-414.321,28.276,111.423,-409.337,2,0
A,153,.,.,.,ILE,O,1164,152,74,9,19.739,28.99,46.429,1.49,0.145812,0.599979,-0.301013,-0.741227,0.138257,1,0.679911,0.577682,14.689,9.11801,0.967642,2,2,17.3491,37.8415,-62.5232,27.9311,91.4596,-414.321,28.276,111.423,-409.337,2,1
A,153,.,.,.,ILE,CB,1165,152,69,9,18.011,30.685,44.302,2.01,1.9703,-0.0647964,0.997617,0.0237027,2.28787,1,0.404854,0.577682,23.6464,14.0768,0.882228,0.846467,2,17.3491,37.8415,-62.5232,27.9311,91.4596,-414.321,28.276,111.423,-409.337,0.823498,1
A,153,.,.,.,ILE,CG1,1166,152,71,9,17.419,29.587,43.402,1.92,0,0,0,0,0,2,0.484598,0.577682,22.4132,15.749,2,2,2,17.3491,37.8415,-62.5232,27.9311,91.4596,-414.321,28.276,111.423,-409.337,2,0
A,153,.,.,.,ILE,CG2,1167,152,72,9,19.462,30.848,43.966,1.92,17.4998,0.457644,0.736055,-0.498784,14.1722,1,0.612242,0.577682,53.431,21.3771,0.85758,0.849538,2,17.3491,37.8415,-62.5232,27.9311,91.4596,-414.321,28.276,111.423,-409.337,0.820656,1
A,153,.,.,.,ILE,CD1,1168,152,70,9,17.715,29.774,41.92,1.92,3.81117,0.648873,0.480555,-0.589942,2.89883,1,0.663965,0.577682,39.3455,22.8377,0.80679,0.805849,2,17.3491,37.8415,-62.5232,27.9311,91.4596,-414.321,28.276,111.423,-409.337,0.815265,1
A,154,.,.,.,LYS,N,1169,153,89,11,17.841,27.89,45.904,1.7,0,0,0,0,0,2,0.939784,0.885501,11.736,9.60029,2,2,2,17.7593,38.5309,-60.556,27.9311,91.4596,-414.321,28.276,111.423,-409.337,2,0
A,154,.,.,.,LYS,CA,1170,153,84,11,18.408,26.553,46.088,1.9,0,0,0,0,0,2,0.994534,0.885501,15.4158,12.7983,2,2,2,17.7593,38.5309,-60.556,27.9311,91.4596,-414.321,28.276,111.423,-409.337,2,0
A,154,.,.,.,LYS,C,1171,153,83,11,18.201,25.819,44.766,1.75,0.53011,-0.431314,-0.888432,0.157026,0.902189,1,0.931451,0.885501,11.5093,8.68473,0.810731,0.74434,2,17.7593,38.5309,-60.556,27.9311,91.4596,-414.321,28.276,111.423,-409.337,0.317507,0
A,154,.,.,.,LYS,O,1172,153,91,11,17.113,25.865,44.171,1.49,1.55657,-0.462354,-0.826675,0.320681,0.284214,1,0.968151,0.885501,16.1574,9.25277,0.779426,0.6943,2,17.7593,38.5309,-60.556,27.9311,91.4596,-414.321,28.276,111.423,-409.337,0.269074,0
A,154,.,.,.,LYS,CB,1173,153,85,11,17.687,25.784,47.206,1.91,13.6008,-0.419353,-0.899135,-0.125295,-1.50562,1,0.886806,0.885501,40.3995,16.343,0.70892,0.651876,0.63186,17.7593,38.5309,-60.556,27.9311,91.4596,-414.321,28.276,111.423,-409.337,0.119016,0
A,154,.,.,.,LYS,CG,1174,153,88,11,18.135,26.092,48.627,1.92,1.75413,0.672982,-0.738694,-0.037775,-0.35726,1,0.896846,0.885501,26.8018,16.9543,0.844858,0.77433,2,17.7593,38.5309,-60.556,27.9311,91.4596,-414.321,28.276,111.423,-409.337,0.120943,0
A,154,.,.,.,LYS,CD,1175,153,86,11,17.4,25.178,49.608,1.92,32.2039,-0.637969,-0.766828,-0.0704991,-17.4326,1,0.869993,0.885501,53.2025,17.199,0.0422086,0.039661,0.0382557,17.7593,38.5309,-60.556,27.9311,91.4596,-414.321,28.276,111.423,-409.337,0.120759,0
A,154,.,.,.,LYS,CE,1176,153,87,11,17.963,25.294,51.028,1.88,36.9057,0.153597,-0.76914,0.620348,-24.8428,1,0.869963,0.885501,57.2532,17.3943,0.110466,0.109914,0.108455,17.7593,38.5309,-60.556,27.9311,91.4596,-414.321,28.276,111.423,-409.337,0.121709,0
A,154,.,.,.,LYS,NZ,1177,153,90,11,17.709,26.64,51.622,1.67,20.8121,-0.46469,0.0917769,0.880704,-17.5376,1,0.611981,0.885501,42.5692,14.4256,0.11089,0.110793,0.109448,17.7593,38.5309,-60.556,27.9311,91.4596,-414.321,28.276,111.423,-409.337,0.121573,0
A,155,.,.,.,ILE,N,1178,154,73,9,19.242,25.139,44.311,1.7,0,0,0,0,0,2,0.667322,0.631154,13.4313,9.56197,2,2,2,17.4237,37.8093,-39.2674,27.9311,91.4596,-414.321,28.276,111.423,-409.337,2,0
A,155,.,.,.,ILE,CA,1179,154,68,9,19.175,24.418,43.063,1.9,0.277588,-0.757474,-0.457559,0.465697,0.522376,1,0.817334,0.631154,15.0977,11.9804,0.836239,2,2,17.4237,37.8093,-39.2674,27.9311,91.4596,-414.321,28.276,111.423,-409.337,0.30947,0
A,155,.,.,.,ILE,C,1180,154,67,9,19.661,22.995,43.295,1.75,1.82954,-0.595095,-0.20281,0.777644,4.60859,1,0.493618,0.631154,12.9498,8.45954,0.853323,2,2,17.4237,37.8093,-39.2674,27.9311,91.4596,-414.321,28.276,111.423,-409.337,0.188622,0
A,155,.,.,.,ILE,O,1181,154,74,9,20.571,22.768,44.095,1.49,1.26772,-0.476216,-0.139839,0.868138,1.20203,1,0.481756,0.631154,16.5296,9.04668,0.862577,2,2,17.4237,37.8093,-39.2674,27.9311,91.4596,-414.321,28.276,111.423,-409.337,0.384006,1
A,155,.,.,.,ILE,CB,1182,154,69,9,20.094,25.07,41.985,2.01,0,0,0,0,0,2,0.609539,0.631154,15.8079,13.8366,2,2,2,17.4237,37.8093,-39.2674,27.9311,91.4596,-414.321,28.276,111.423,-409.337,2,0
A,155,.,.,.,ILE,CG1,1183,154,71,9,19.567,26.457,41.58,1.92,0.0303535,0.494973,0.455775,0.739778,0.0324731,1,0.601001,0.631154,23.0986,16.2911,0.877441,2,2,17.4237,37.8093,-39.2674,27.9311,91.4596,-414.321,28.276,111.423,-409.337,2,1
A,155,.,.,.,ILE,CG2,1184,154,72,9,20.204,24.169,40.746,1.92,3.65978,0.969461,-0.050676,-0.239951,2.96388,1,0.638337,0.631154,42.5821,21.7558,0.859373,0.858757,2,17.4237,37.8093,-39.2674,27.9311,91.4596,-414.321,28.276,111.423,-409.337,0.807079,1
A,155,.,.,.,ILE,CD1,1185,154,70,9,20.604,27.285,40.748,1.92,29.5267,0.743492,0.500926,-0.443049,22.4584,1,0.740329,0.631154,67.0128,23.2567,0.825543,0.824212,2,17.4237,37.8093,-39.2674,27.9311,91.4596,-414.321,28.276,111.423,-409.337,0.815153,1
A,156,.,.,.,ALA,N,1186,155,3,0,19.034,22.054,42.604,1.7,0.503093,-0.768241,0.150487,0.622221,0.754659,1,0.853456,0.601979,12.3047,9.50387,0.84172,0.805232,2,18.6639,51.3907,-23.8546,27.9311,91.4596,-414.321,28.276,111.423,-409.337,0.0902164,0
A,156,.,.,.,ALA,CA,1187,155,1,0,19.441,20.648,42.631,1.9,0,0,0,0,0,2,0.810495,0.601979,16.6038,12.8677,2,2,2,18.6639,51.3907,-23.8546,27.9311,91.4596,-414.321,28.276,111.423,-409.337,2,0
A,156,.,.,.,ALA,C,1188,155,0,0,19.727,20.289,41.174,1.75,0,0,0,0,0,2,0.498881,0.601979,11.1092,8.73568,2,2,2,18.6639,51.3907,-23.8546,27.9311,91.4596,-414.321,28.276,111.423,-409.337,2,0
A,156,.,.,.,ALA,O,1189,155,4,0,18.872,20.512,40.289,1.49,0,0,0,0,0,2,0.491731,0.601979,12.8465,9.21922,2,2,2,18.6639,51.3907,-23.8546,27.9311,91.4596,-414.321,28.276,111.423,-409.337,2,0
A,156,.,.,.,ALA,CB,1190,155,2,0,18.326,19.778,43.177,1.92,33.0627,-0.265768,-0.604232,0.75118,2.37071,1,0.355332,0.601979,70.4647,23.3679,0.783904,0.719092,2,18.6639,51.3907,-23.8546,27.9311,91.4596,-414.321,28.276,111.423,-409.337,0.0901313,0
A,157,.,.,.,ALA,N,1191,156,3,0,20.924,19.776,40.906,1.7,1.4068,0.260798,-0.608598,0.749395,2.11025,1,0.577876,0.499067,17.2924,10.0184,0.940106,2,2,18.6833,56.8082,-16.0887,27.9311,91.4596,-414.321,28.276,111.423,-409.337,2,1
A,157,.,.,.,ALA,CA,1192,156,1,0,21.302,19.369,39.549,1.9,0.0563671,-0.59528,-0.64354,-0.481142,0.043249,1,0.30455,0.499067,20.1352,12.8396,0.954357,2,2,18.6833,56.8082,-16.0887,27.9311,91.4596,-414.321,28.276,111.423,-409.337,2,0
A,157,.,.,.,ALA,C,1193,156,0,0,22.198,18.132,39.589,1.75,0.51814,-0.679147,-0.461418,0.570835,1.02269,1,0.423747,0.499067,13.465,8.80647,0.961649,2,2,18.6833,56.8082,-16.0887,27.9311,91.4596,-414.321,28.276,111.423,-409.337,2,1
A,157,.,.,.,ALA,O,1194,156,4,0,22.837,17.845,40.621,1.49,0.444847,-0.763206,-0.417543,0.493128,0.224648,1,0.407091,0.499067,16.0832,9.17439,0.950594,2,2,18.6833,56.8082,-16.0887,27.9311,91.4596,-414.321,28.276,111.423,-409.337,2,0
A,157,.,.,.,ALA,CB,1195,156,2,0,22.033,20.499,38.831,1.92,13.0535,0.805038,0.553875,0.212454,0.935981,1,0.782072,0.499067,59.4311,23.3831,0.917048,0.91998,2,18.6833,56.8082,-16.0887,27.9311,91.4596,-414.321,28.276,111.423,-409.337,0.68997,1
A,158,.,.,.,SER,N,1196,157,119,15,22.255,17.413,38.47,1.7,0.887427,-0.449027,0.38637,-0.805663,1.07979,1,0.590566,0.5722,19.5315,10.0697,0.972384,2,2,20.1927,75.2952,-54.3589,27.9311,91.4596,-414.321,28.276,111.423,-409.337,2,1
A,158,.,.,.,SER,CA,1197,157,117,15,23.087,16.209,38.38,1.9,0,0,0,0,0,2,0.830503,0.5722,16.1052,12.8998,2,2,2,20.1927,75.2952,-54.3589,27.9311,91.4596,-414.321,28.276,111.423,-409.337,2,0
A,158,.,.,.,SER,C,1198,157,116,15,24.048,16.301,37.201,1.75,0,0,0,0,0,2,0.770936,0.5722,10.6872,8.7551,2,2,2,20.1927,75.2952,-54.3589,27.9311,91.4596,-414.321,28.276,111.423,-409.337,2,0
A,158,.,.,.,SER,O,1199,157,120,15,23.715,16.861,36.146,1.49,0.144499,-0.848077,0.486719,-0.209454,0.0435164,1,0.710444,0.5722,15.2945,9.20229,0.99454,2,2,20.1927,75.2952,-54.3589,27.9311,91.4596,-414.321,28.276,111.423,-409.337,2,0
A,158,.,.,.,SER,CB,1200,157,118,15,22.225,14.947,38.194,1.91,7.44099,-0.0352773,-0.98193,-0.185928,-1.93173,1,0.249167,0.5722,40.5372,19.3927,0.808343,0.761589,2,20.1927,75.2952,-54.3589,27.9311,91.4596,-414.321,28.276,111.423,-409.337,0.0411876,0
A,158,.,.,.,SER,OG,1201,157,121,15,21.245,14.798,39.206,1.54,1.05036,-0.438779,0.470455,0.765601,-0.151496,1,0.281584,0.5722,18.6179,9.97114,0.833128,0.788306,2,20.1927,75.2952,-54.3589,27.9311,91.4596,-414.321,28.276,111.423,-409.337,0.0322502,0
A,159,.,.,.,LEU,N,1202,158,81,10,25.24,15.742,37.392,1.7,0,0,0,0,0,2,0.266532,0.300885,12.2598,9.70963,2,2,2,20.6761,81.7326,-94.5782,27.9311,91.4596,-414.321,28.276,111.423,-409.337,2,0
A,159,.,.,.,LEU,CA,1203,158,76,10,26.257,15.711,36.359,1.9,0,0,0,0,0,2,0.482299,0.300885,14.4897,12.5958,2,2,2,20.6761,81.7326,-94.5782,27.9311,91.4596,-414.321,28.276,111.423,-409.337,2,0
A,159,.,.,.,LEU,C,1204,158,75,10,26.472,14.26,35.922,1.75,0,0,0,0,0,2,0.281055,0.300885,11.164,8.71824,2,2,2,20.6761,81.7326,-94.5782,27.9311,91.4596,-414.321,28.276,111.423,-409.337,2,0
A,159,.,.,.,LEU,O,1205,158,82,10,26.316,13.336,36.708,1.49,2.92006,-0.777274,-0.62444,0.0769451,2.23943,1,0.12585,0.300885,18.7871,9.18366,0.785363,0.801474,2,20.6761,81.7326,-94.5782,27.9311,91.4596,-414.321,28.276,111.423,-409.337,0.368462,0
A,159,.,.,.,LEU,CB,1206,158,77,10,27.593,16.25,36.882,1.91,0,0,0,0,0,2,0.259708,0.300885,23.3861,15.4564,2,2,2,20.6761,81.7326,-94.5782,27.9311,91.4596,-414.321,28.276,111.423,-409.337,2,0
A,159,.,.,.,LEU,CG,1207,158,80,10,27.671,17.612,37.581,2.01,0.356653,-0.0695997,0.761782,0.644084,0.484341,1,0.388661,0.300885,18.2166,14.101,0.897084,0.935421,2,20.6761,81.7326,-94.5782,27.9311,91.4596,-414.321,28.276,111.423,-409.337,0.855358,1
A,159,.,.,.,LEU,CD1,1208,158,78,10,29.149,17.998,37.731,1.92,22.6377,0.565613,0.78448,0.25431,15.4157,1,0.278642,0.300885,59.9887,22.2253,0.908171,0.943956,2,20.6761,81.7326,-94.5782,27.9311,91.4596,-414.321,28.276,111.423,-409.337,0.804122,1
A,159,.,.,.,LEU,CD2,1209,158,79,10,26.908,18.658,36.783,1.92,11.9861,0.0575365,0.89619,0.439924,6.35797,1,0.324331,0.300885,50.3042,21.9752,0.902445,0.922091,2,20.6761,81.7326,-94.5782,27.9311,91.4596,-414.321,28.276,111.423,-409.337,0.825186,1
A,160,.,.,.,LYS,N,1210,159,89,11,26.829,14.086,34.66,1.7,0,0,0,0,0,2,0.567425,0.227612,12.7361,9.66356,2,2,2,23.1151,98.6874,-238.236,27.9311,91.4596,-414.321,28.276,111.423,-409.337,2,0
A,160,.,.,.,LYS,CA,1211,159,84,11,27.115,12.778,34.092,1.9,0,0,0,0,0,2,0.268756,0.227612,16.0813,12.7925,2,2,2,23.1151,98.6874,-238.236,27.9311,91.4596,-414.321,28.276,111.423,-409.337,2,0
A,160,.,.,.,LYS,C,1212,159,83,11,28.427,13.01,33.364,1.75,0,0,0,0,0,2,0.33328,0.227612,10.1027,8.56518,2,2,2,23.1151,98.6874,-238.236,27.9311,91.4596,-414.321,28.276,111.423,-409.337,2,0
A,160,.,.,.,LYS,O,1213,159,91,11,28.502,13.824,32.437,1.49,0,0,0,0,0,2,0.224337,0.227612,13.3458,9.124,2,2,2,23.1151,98.6874,-238.236,27.9311,91.4596,-414.321,28.276,111.423,-409.337,2,0
A,160,.,.,.,LYS,CB,1214,159,85,11,26.018,12.366,33.105,1.91,1.14049,-0.528888,-0.439702,0.725906,-0.126253,1,0.402818,0.227612,26.5673,16.3815,0.683604,0.6717,2,23.1151,98.6874,-238.236,27.9311,91.4596,-414.321,28.276,111.423,-409.337,0.356871,0
A,160,.,.,.,LYS,CG,1215,159,88,11,26.167,10.974,32.511,1.92,7.71476,0.0929145,-0.830979,0.54849,-1.57125,1,0.0908932,0.227612,36.5527,16.9419,0.59575,0.588595,0.524066,23.1151,98.6874,-238.236,27.9311,91.4596,-414.321,28.276,111.423,-409.337,0.127254,0
A,160,.,.,.,LYS,CD,1216,159,86,11,24.924,10.6,31.691,1.92,7.24784,-0.762787,-0.329982,0.556118,-3.92341,1,0.0528609,0.227612,37.7916,17.2203,0.372583,0.370403,0.355456,23.1151,98.6874,-238.236,27.9311,91.4596,-414.321,28.276,111.423,-409.337,0.0506844,0
A,160,.,.,.,LYS,CE,1217,159,87,11,25.094,9.265,30.969,1.88,33.4566,0.493378,-0.869471,0.0244571,-22.521,1,0.0523956,0.227612,56.4746,17.3472,0.0676102,0.0673478,0.0652474,23.1151,98.6874,-238.236,27.9311,91.4596,-414.321,28.276,111.423,-409.337,0.0506728,0
A,160,.,.,.,LYS,NZ,1218,159,90,11,23.883,8.898,30.185,1.67,57.8801,-0.72763,-0.417595,-0.544214,-48.7735,1,0.0557453,0.227612,68.7032,14.4817,0.0463698,0.0462584,0.0449091,23.1151,98.6874,-238.236,27.9311,91.4596,-414.321,28.276,111.423,-409.337,0.0504012,0
A,161,.,.,.,GLY,N,1219,160,55,7,29.472,12.335,33.819,1.7,0,0,0,0,0,2,0.341346,0.154913,14.6385,9.9082,2,2,2,24.1462,103.321,-333.313,23.1949,98.0973,27.2799,26.9328,117.413,-448.047,2,0
A,161,.,.,.,GLY,CA,1220,160,54,7,30.769,12.496,33.19,1.9,0.134447,0.875949,0.470077,0.108354,-0.00393874,1,0.138392,0.154913,25.9642,18.5824,0.906981,2,2,24.1462,103.321,-333.313,23.1949,98.0973,27.2799,26.9328,117.413,-448.047,2,1
A,161,.,.,.,GLY,C,1221,160,53,7,30.786,11.718,31.895,1.75,0,0,0,0,0,2,0.100527,0.154913,9.29897,8.49069,2,2,2,24.1462,103.321,-333.313,23.1949,98.0973,27.2799,26.9328,117.413,-448.047,2,0
A,161,.,.,.,GLY,O,1222,160,56,7,30.312,10.592,31.857,1.49,11.4126,-0.185123,-0.968386,0.167207,1.67407,1,0.0393876,0.154913,26.9824,8.92036,0.481502,0.476867,0.463731,24.1462,103.321,-333.313,23.1949,98.0973,27.2799,26.9328,117.413,-448.047,0.0479283,0
A,162,.,.,.,ILE,N,1223,161,73,9,31.32,12.317,30.835,1.7,0,0,0,0,0,2,0.0243746,0.0288815,10.8232,8.98248,2,2,2,26.1778,104.63,-393.304,24.3704,86.3796,-211.992,26.1778,104.63,-393.304,2,0
A,162,.,.,.,ILE,CA,1224,161,68,9,31.39,11.666,29.528,1.9,3.8891,0.174587,0.516796,-0.838118,7.31866,1,0.0232768,0.0288815,22.5085,12.2813,0.358773,0.357456,0.353556,26.1778,104.63,-393.304,24.3704,86.3796,-211.992,26.1778,104.63,-393.304,0.0280352,0
A,162,.,.,.,ILE,C,1225,161,67,9,30.005,11.197,29.073,1.75,1.51365,-0.291662,-0.946985,0.134734,3.81287,1,0.0602087,0.0288815,15.6694,9.96948,0.015812,0.0154236,0.0140655,26.1778,104.63,-393.304,24.3704,86.3796,-211.992,26.1778,104.63,-393.304,0.0265807,0
A,162,.,.,.,ILE,O,1226,161,74,9,29.065,11.239,29.897,1.49,2.21723,-0.45103,-0.864886,-0.220327,2.10234,1,0.0658657,0.0288815,21.9718,9.02919,0.478937,0.44548,0.472547,26.1778,104.63,-393.304,24.3704,86.3796,-211.992,26.1778,104.63,-393.304,0.0439213,0
A,162,.,.,.,ILE,CB,1227,161,69,9,32.37,10.456,29.561,2.01,5.84071,-0.0378035,-0.897337,0.439723,6.78212,1,0.0183125,0.0288815,24.4846,13.958,0.0422495,0.0420704,0.0405636,26.1778,104.63,-393.304,24.3704,86.3796,-211.992,26.1778,104.63,-393.304,0.0248074,0
A,162,.,.,.,ILE,CG1,1228,161,71,9,33.807,10.945,29.765,1.92,26.6515,0.855411,-0.228078,-0.46503,28.5126,1,0.00110009,0.0288815,47.0277,15.9647,0.0243338,0.0242877,0.0217511,26.1778,104.63,-393.304,24.3704,86.3796,-211.992,26.1778,104.63,-393.304,0.0267012,0
A,162,.,.,.,ILE,CG2,1229,161,72,9,32.302,9.676,28.256,1.92,54.9441,0.199761,-0.707606,-0.677783,44.4966,1,7.82893e-07,0.0288815,77.3504,21.6241,0.0232767,0.0231852,0.0225927,26.1778,104.63,-393.304,24.3704,86.3796,-211.992,26.1778,104.63,-393.304,0.0266101,0
A,162,.,.,.,ILE,CD1,1230,161,70,9,34.065,11.614,31.098,1.92,20.1872,0.956889,0.234368,0.171565,15.3547,1,0.01442,0.0288815,53.9645,22.1442,0.0142903,0.013681,0.0110292,26.1778,104.63,-393.304,24.3704,86.3796,-211.992,26.1778,104.63,-393.304,0.0370341,1
A,162,.,.,.,ILE,OXT,1231,161,74,9,29.867,10.795,27.898,1.5,29.5466,-0.477756,-0.228182,-0.848341,28.0156,1,0.0523742,0.0288815,40.766,9.31159,0.0194011,0.019173,0.0185393,26.1778,104.63,-393.304,24.3704,86.3796,-211.992,26.1778,104.63,-393.304,0.0328051,0
