ID_chainID,ID_resSeq,ID_iCode,contact_area,contact_exposure,edge_degree,edge_area_rank_0,edge_boundary_rank_0,edge_area_rank_1,edge_boundary_rank_1,edge_area_rank_2,edge_boundary_rank_2,edge_area_rank_3,edge_boundary_rank_3,edge_area_rank_4,edge_boundary_rank_4,edge_area_rank_5,edge_boundary_rank_5,edge_area_rank_6,edge_boundary_rank_6,edge_area_rank_7,edge_boundary_rank_7,edge_area_rank_8,edge_boundary_rank_8,edge_area_rank_9,edge_boundary_rank_9,edge_area_rank_10,edge_boundary_rank_10,edge_area_rank_11,edge_boundary_rank_11,edge_area_rank_12,edge_boundary_rank_12,edge_area_rank_13,edge_boundary_rank_13,edge_area_rank_14,edge_boundary_rank_14,edge_area_rank_15,edge_boundary_rank_15,edge_area_rank_16,edge_boundary_rank_16,edge_area_rank_17,edge_boundary_rank_17,edge_area_rank_18,edge_boundary_rank_18,edge_area_rank_19,edge_boundary_rank_19,edge_area_rank_20,edge_boundary_rank_20,pna_area_sum,pna_area_mean,pna_area_std,pna_area_min,pna_area_max,quantile_area_0,quantile_area_10,quantile_area_25,quantile_area_50,quantile_area_75,quantile_area_90,quantile_area_100,pna_boundary_sum,pna_boundary_mean,pna_boundary_std,pna_boundary_min,pna_boundary_max,quantile_boundary_0,quantile_boundary_10,quantile_boundary_25,quantile_boundary_50,quantile_boundary_75,quantile_boundary_90,quantile_boundary_100,edge_degree_normalized,edge_exposed_fraction,edge_boundary_area_ratio,quantile_area_total,quantile_boundary_total,rotation_00,rotation_01,rotation_02,rotation_10,rotation_11,rotation_12,rotation_20,rotation_21,rotation_22,translation_x,translation_y,translation_z
A,2,.,4.411076812442295,0.4534835498862436,4,3.2748250635059377,2.1222878858210694,3.102121759640124,2.5842465780265576,3.0414080692991683,2.5790115580898068,2.756186183087161,1.8094258294015109,0.0,0.0,0.0,0.0,0.0,0.0,0.0,0.0,0.0,0.0,0.0,0.0,0.0,0.0,0.0,0.0,0.0,0.0,0.0,0.0,0.0,0.0,0.0,0.0,0.0,0.0,0.0,0.0,0.0,0.0,0.0,0.0,0.0,0.0,12.17454107553239,3.0436352688830977,0.18674938291847787,2.756186183087161,3.2748250635059377,2.756186183087161,2.8417527489507632,2.9701025977461666,3.071764914469646,3.1452975856065777,3.2230140723461935,3.2748250635059377,9.094971851338943,2.273742962834736,0.3271583909397167,1.8094258294015109,2.5842465780265576,1.8094258294015109,1.9032844463273784,2.04407237171618,2.3506497219554383,2.5803203130739947,2.5826760720455324,2.5842465780265576,0.19047619047619047,1.0,0.4534835498862436,4.411076812442295,3.634807566166105,0.6904241043954414,0.6552826803482711,-0.3064623384778924,-0.20071988641041838,-0.23347579000083096,-0.9514202975987409,-0.6950007793298807,0.7183965926416087,-0.029669048043122426,24.009,-18.06,10.121
A,3,.,4.868025406839848,0.25846743750999507,6,3.6309007038900853,2.2532152108205983,3.3595903568640257,2.457295616079818,3.2748250635059377,2.1222878858210694,3.06748533221709,1.3614764281772518,2.6926116374130187,1.339978134242468,1.7652512093472588,0.7401166406340985,0.0,0.0,0.0,0.0,0.0,0.0,0.0,0.0,0.0,0.0,0.0,0.0,0.0,0.0,0.0,0.0,0.0,0.0,0.0,0.0,0.0,0.0,0.0,0.0,0.0,0.0,0.0,0.0,0.0,0.0,17.790664303237417,2.9651107172062363,0.6081683727476612,1.7652512093472588,3.6309007038900853,1.7652512093472588,2.2289314233801387,2.7863300611140365,3.1711551978615136,3.338399033524504,3.4952455303770558,3.6309007038900853,10.274369915775303,1.7123949859625505,0.6086239917711759,0.7401166406340985,2.457295616079818,0.7401166406340985,1.0400473874382832,1.345352707726164,1.7418821569991607,2.220483379570716,2.355255413450208,2.457295616079818,0.2857142857142857,1.0,0.25846743750999507,4.868025406839848,3.536858172175569,-0.4674709066123156,-0.8181122200099938,0.33490796786785954,0.14438505841349822,0.3031036071313471,0.9419560277692887,-0.8721375501479055,0.48869274479399166,-0.02356893734821429,25.561,-19.454,6.935
A,4,.,5.135984596192162,0.08109617340894443,12,3.5511736464442856,1.3308609292309772,3.3779151074102978,1.5633981624055973,3.180991178779689,0.0,3.06748533221709,1.3614764281772518,3.0356642721453366,0.0,2.5996703169206894,1.1898322969317714,2.446278427743858,0.0,1.8465490611047957,0.0,1.8310763316050054,1.0851960250698989,1.645152486258094,0.0,1.6365957764764185,0.0,0.952464500109448,0.0,0.0,0.0,0.0,0.0,0.0,0.0,0.0,0.0,0.0,0.0,0.0,0.0,0.0,0.0,0.0,0.0,0.0,0.0,29.171016437215012,2.4309180364345844,0.798411568380265,0.952464500109448,3.5511736464442856,0.952464500109448,1.637451447454586,1.7845953702682775,2.522974372332274,3.0958617938577397,3.358222714547237,3.5511736464442856,6.530763841815497,0.5442303201512914,0.6524399271730402,0.0,1.5633981624055973,0.0,0.0,0.0,0.0,1.225089455006573,1.3584148782826244,1.5633981624055973,0.5714285714285714,0.4166666666666667,0.08109617340894443,5.135984596192162,2.688379325126444,-0.5666126340922899,0.16309274616351452,-0.8076824122362949,-0.7550488265579661,-0.49525004264928213,0.4296843780838704,-0.3299263439018399,0.8533042548849312,0.4037579178107065,25.065,-18.737,3.184
A,5,.,4.943304825765447,0.31328723743729303,7,3.5511736464442856,1.3308609292309772,3.4647166335212387,2.3521930179440633,3.3595903568640257,2.457295616079818,3.078127596272652,1.9265991723077645,2.5624693617357908,2.3448137776616313,2.5563587171946396,1.849455886466366,1.1182939936207976,0.0,0.0,0.0,0.0,0.0,0.0,0.0,0.0,0.0,0.0,0.0,0.0,0.0,0.0,0.0,0.0,0.0,0.0,0.0,0.0,0.0,0.0,0.0,0.0,0.0,0.0,0.0,0.0,0.0,19.69073030565343,2.8129614722362044,0.7873415804057932,1.1182939936207976,3.5511736464442856,1.1182939936207976,1.9811328277651028,2.5594140394652154,3.078127596272652,3.4121534951926322,3.4992994386904575,3.5511736464442856,12.26121839969062,1.7516026285272315,0.8014224204690016,0.0,2.457295616079818,0.0,0.7985165575385864,1.5901584078486715,1.9265991723077645,2.3485033978028476,2.394234057198365,2.457295616079818,0.3333333333333333,0.8571428571428571,0.31328723743729303,4.943304825765447,3.7981799478544076,-0.9405066658267185,0.15872703727646426,-0.3004212695082443,-0.000662328637904597,0.8833183385914619,0.46877315839198247,0.33977459124585035,0.44108325783853464,-0.8306616560298543,23.778,-22.289,2.675
A,6,.,4.993719085083939,0.31911645449660647,9,3.6309007038900853,2.2532152108205983,3.4824424431416463,2.7077368186697313,3.1084268292718904,0.6571043725129925,3.078127596272652,1.9265991723077645,3.0414080692991683,2.5790115580898068,1.8956328796928679,0.5719271200949928,1.862394990826282,0.7584244912253144,1.4977954845955,1.4692167646402703,0.952464500109448,0.0,0.0,0.0,0.0,0.0,0.0,0.0,0.0,0.0,0.0,0.0,0.0,0.0,0.0,0.0,0.0,0.0,0.0,0.0,0.0,0.0,0.0,0.0,0.0,0.0,22.549593497099544,2.505510388566616,0.9075286023229568,0.952464500109448,3.6309007038900853,0.952464500109448,1.3887292876982895,1.862394990826282,3.0414080692991683,3.1084268292718904,3.512134095291334,3.6309007038900853,12.92323550836147,1.4359150564846077,0.9254384189527722,0.0,2.7077368186697313,0.0,0.45754169607599426,0.6571043725129925,1.4692167646402703,2.2532152108205983,2.6047566102057917,2.7077368186697313,0.42857142857142855,0.8888888888888888,0.31911645449660647,4.993719085083939,3.8658832717626126,-0.6333015727889143,0.7387138771458586,-0.23071828192672716,0.5417243596157721,0.2102402292874094,-0.81383890555076,-0.552687828798472,-0.6403911724105125,-0.5333247699073427,20.774,-21.621,4.898
A,7,.,5.223106192321392,0.03860072404730786,16,3.2531342461916672,0.0,3.1084268292718904,0.6571043725129925,3.0356642721453366,0.0,2.993143926672454,0.0,2.871404115236601,1.305989535763182,2.7804390774094223,0.0,2.757582946632701,0.0,2.678669449675345,0.0,2.576345710104782,0.9128769114143078,2.544016399274329,0.0,2.090563215945345,0.0,1.7652512093472588,0.7401166406340985,1.1182939936207976,0.0,0.638358310074611,0.6491968604276532,0.4539333156932322,0.0,0.03373966190557296,0.0,0.0,0.0,0.0,0.0,0.0,0.0,0.0,0.0,0.0,0.0,34.69896667920135,2.1686854174500843,1.01195915555062,0.03373966190557296,3.2531342461916672,0.03373966190557296,0.5461458128839216,1.6035119054156435,2.6275075798900636,2.9018390680955646,3.0720455507086135,3.2531342461916672,4.265284320752234,0.2665802700470146,0.4185486559657035,0.0,1.305989535763182,0.0,0.0,0.0,0.0,0.6511737384489881,0.8264967760242032,1.305989535763182,0.7619047619047619,0.3125,0.03860072404730786,5.223106192321392,2.0946011765570027,-0.2961824177089945,0.5019581719867745,-0.8125970520594757,-0.5084787476136992,-0.8030547252754764,-0.31072893563029014,-0.8085328309136609,0.3211558839386645,0.4930857527310199,19.503,-19.208,2.211
A,8,.,5.04270530953296,0.20906439579261527,10,3.4647166335212387,2.3521930179440633,3.271384780040665,1.9280763537653804,3.1063653647236715,1.7659475220830998,2.993143926672454,0.0,2.757868408083071,1.9882482508467605,2.7475144743359166,0.0,2.6416753282357495,1.7052915808853473,1.862394990826282,0.7584244912253144,1.8408321331732072,0.0,1.6365957764764185,0.0,0.0,0.0,0.0,0.0,0.0,0.0,0.0,0.0,0.0,0.0,0.0,0.0,0.0,0.0,0.0,0.0,0.0,0.0,0.0,0.0,0.0,0.0,26.322491816088675,2.6322491816088673,0.6079494055068837,1.6365957764764185,3.4647166335212387,1.6365957764764185,1.8204084975035284,2.057215075178649,2.752691441209494,3.078060005210867,3.290717965388722,3.4647166335212387,10.498181216749966,1.0498181216749967,0.93723200842253,0.0,2.3521930179440633,0.0,0.0,0.0,1.2318580360553308,1.8875441458448103,2.0246427275564907,2.3521930179440633,0.47619047619047616,0.6,0.20906439579261527,5.04270530953296,3.501724233969091,-0.9520031426553667,-0.2274896315844375,-0.2047888763968454,-0.28896561086836464,0.447327581887514,0.8464023335377462,-0.1009400421526482,0.8649546242458307,-0.4915939441103554,19.345,-21.948,-0.39
A,9,.,4.535035480714131,0.186038285196054,9,3.1063653647236715,1.7659475220830998,3.099781429755732,1.6691887408395347,2.8060114092780912,0.0,2.423943949996313,1.0611630721543608,2.4135449033023035,0.0,2.3374791519713662,1.489040462172232,1.1779716860152334,1.3029616640281139,0.9199041954439904,0.0,0.4539333156932322,0.0,0.0,0.0,0.0,0.0,0.0,0.0,0.0,0.0,0.0,0.0,0.0,0.0,0.0,0.0,0.0,0.0,0.0,0.0,0.0,0.0,0.0,0.0,0.0,0.0,18.738935406179934,2.0821039340199925,0.9261538225781264,0.4539333156932322,3.1063653647236715,0.4539333156932322,0.8267100194938388,1.1779716860152334,2.4135449033023035,2.8060114092780912,3.1010982167493197,3.1063653647236715,7.288301461277342,0.8098112734752603,0.748600967515434,0.0,1.7659475220830998,0.0,0.0,0.0,1.0611630721543608,1.489040462172232,1.6885404970882478,1.7659475220830998,0.42857142857142855,0.5555555555555556,0.186038285196054,4.535035480714131,2.8990958146302104,-0.5960690153193732,0.6947901056902235,0.40245302584421083,0.6256706368476493,0.7160559048813062,-0.3095160662571018,-0.5032275659806901,0.06731010414181435,-0.8615285060388707,16.214,-23.041,-2.185
A,10,.,5.248949585590142,0.23263582941411934,9,3.5485018222408913,2.1979143393956657,3.423845629539541,1.4179989178352448,3.3956319231892738,2.0797377478064694,3.140287059707802,0.0,3.1258390588992064,2.4609639642653534,3.099781429755732,1.6691887408395347,2.9550613092947584,2.424802725718295,2.456232789203393,0.4649741274793773,1.4202125793233513,0.0,0.0,0.0,0.0,0.0,0.0,0.0,0.0,0.0,0.0,0.0,0.0,0.0,0.0,0.0,0.0,0.0,0.0,0.0,0.0,0.0,0.0,0.0,0.0,0.0,26.56539360115395,2.9517104001282166,0.619582282025918,1.4202125793233513,3.5485018222408913,1.4202125793233513,2.2490287472273844,2.9550613092947584,3.1258390588992064,3.3956319231892738,3.448776868079811,3.5485018222408913,12.715580563339941,1.412842284815549,0.951031689034069,0.0,2.4609639642653534,0.0,0.0,0.4649741274793773,1.6691887408395347,2.1979143393956657,2.4320349734277067,2.4609639642653534,0.42857142857142855,0.7777777777777778,0.23263582941411934,5.248949585590142,3.807847631656603,-0.561198807947612,0.519878137975709,0.6440361943346731,0.4837030001757892,-0.42541270074348936,0.7648891695318156,0.6716303340224588,0.740777129574773,-0.012725514521632925,13.134,-21.749,-3.886
A,11,.,5.474876961828924,0.034539053164430775,18,3.60335152173062,1.5282517178952506,3.4522041350007404,0.0,3.15276593644614,0.0,3.140287059707802,0.0,2.993915624445768,0.0,2.819615427667536,0.0,2.8072859989090073,1.212708536466498,2.757582946632701,0.0,2.4135449033023035,0.0,2.3215638515918267,0.0,2.227744083002956,0.9013151555991643,2.2033358653170683,0.0,2.165388706763467,0.0,1.8956328796928679,0.5719271200949928,1.8408321331732072,0.0,1.6944461177476977,0.0,1.3706272706908067,0.0,0.0010450737201753775,0.0,0.0,0.0,0.0,0.0,0.0,0.0,42.86116953554269,2.3811760853079273,0.8331744277545117,0.0010450737201753775,3.60335152173062,0.0010450737201753775,1.5973004636306305,1.9630718364605175,2.367554377447065,2.95034057525121,3.24259739601252,3.60335152173062,4.214202530055905,0.2341223627808836,0.4689850681410948,0.0,1.5282517178952506,0.0,0.0,0.0,0.0,0.0,0.9947331698593647,1.5282517178952506,0.8571428571428571,0.2222222222222222,0.034539053164430775,5.474876961828924,2.219986655556987,-0.6681820850315962,0.3154252314034578,-0.6738246245403207,0.5194019786229703,-0.45068150979966914,-0.7260218738627883,-0.5326859166951691,-0.8351006526873068,0.13730482160456642,11.303,-18.857,-2.198
A,12,.,5.1018962322303505,0.19437091140292548,10,3.629609695305965,2.2966696310980175,3.521661265077293,2.0649013434827745,3.3117393777566755,1.4214322315718009,3.1248420301377644,2.0236777431470196,2.819615427667536,0.0,2.472513504358006,0.9820634910265296,2.4274982046928426,0.0,1.8260980920408962,1.5441460409327228,1.4654151054542732,0.0,0.10739684093947183,0.6198278204469142,0.0,0.0,0.0,0.0,0.0,0.0,0.0,0.0,0.0,0.0,0.0,0.0,0.0,0.0,0.0,0.0,0.0,0.0,0.0,0.0,0.0,0.0,24.706389543430724,2.4706389543430722,1.035266297914862,0.10739684093947183,3.629609695305965,0.10739684093947183,1.329613279002793,1.9764481202038828,2.646064466012771,3.2650150408519476,3.53245610810016,3.629609695305965,10.95271830170578,1.095271830170578,0.8597132401718606,0.0,2.2966696310980175,0.0,0.0,0.15495695511172855,1.2017478612991652,1.9037948175934454,2.0880781722442987,2.2966696310980175,0.47619047619047616,0.7,0.19437091140292548,5.1018962322303505,3.488818317277617,-0.24953693217925063,0.6789420517312941,0.6904846195748815,0.8476538057016781,-0.1916079056779291,0.4947417873610228,0.468203316047665,0.7087482634000725,-0.5276945650367755,8.073,-17.176,-3.183
A,13,.,5.18678221589576,0.159257086280276,10,3.3122532289734368,2.073049908643484,3.3117393777566755,1.4214322315718009,3.2577080010122916,1.0500066074806458,3.1992403036090296,2.3249227397057606,3.1552925806416496,0.0,3.0001275999392694,0.0,2.590414654568771,0.8371133163939936,2.3097056813254166,1.5348695266139634,2.1723545323389826,0.0,1.913209846034829,1.1645591925689152,0.0,0.0,0.0,0.0,0.0,0.0,0.0,0.0,0.0,0.0,0.0,0.0,0.0,0.0,0.0,0.0,0.0,0.0,0.0,0.0,0.0,0.0,28.22204580620035,2.822204580620035,0.5019136959535403,1.913209846034829,3.3122532289734368,1.913209846034829,2.1464400637085674,2.3798829246362554,3.0777100902904593,3.243091076661476,3.3117907628783514,3.3122532289734368,10.405953522978564,1.0405953522978564,0.800635968652545,0.0,2.3249227397057606,0.0,0.0,0.2092783290984984,1.1072829000247806,1.5065102028534227,2.098237191749712,2.3249227397057606,0.47619047619047616,0.7,0.159257086280276,5.18678221589576,3.3786299758858482,-0.8831034942870697,-0.12283418911925922,0.45281340567763834,0.021948478659182,-0.9748794187855432,-0.22164923440632267,0.4686645737225237,-0.1858006480391702,0.8636154448165627,7.295,-13.468,-2.787
A,14,.,4.87663369570423,0.2579470659037717,7,3.5387423756686487,2.560191904862629,3.360257324617239,2.1037316342455004,3.3122532289734368,2.073049908643484,2.9900763086978337,0.9299016812132004,2.472513504358006,0.9820634910265296,2.302955024560925,1.66646831808135,1.5640429779437082,0.0,0.0,0.0,0.0,0.0,0.0,0.0,0.0,0.0,0.0,0.0,0.0,0.0,0.0,0.0,0.0,0.0,0.0,0.0,0.0,0.0,0.0,0.0,0.0,0.0,0.0,0.0,0.0,0.0,19.540840744819796,2.7915486778313996,0.6589549995474773,1.5640429779437082,3.5387423756686487,1.5640429779437082,2.0073902059140383,2.387734264459466,2.9900763086978337,3.336255276795338,3.4316513450378032,3.5387423756686487,10.315406938072694,1.4736295625818134,0.8179241303157915,0.0,2.560191904862629,0.0,0.5579410087279203,0.955982586119865,1.66646831808135,2.0883907714444923,2.286315742492352,2.560191904862629,0.3333333333333333,0.8571428571428571,0.2579470659037717,4.87663369570423,3.5433243512413894,-0.19103189705451,0.8636786970753375,-0.4664396236663457,0.939742876036574,0.29818024386286723,0.1672479270675396,0.28353155247037876,-0.40638362465548267,-0.8685978404103986,4.64,-12.805,-0.124
A,15,.,4.951157934755814,0.28415911866826593,7,3.5387423756686487,2.560191904862629,3.4376932318999955,2.1543599888813376,3.3985639171363538,1.683000593086288,3.3878588172229747,2.6988479903374105,2.590414654568771,0.8371133163939936,1.7177845651434618,0.0,1.2145447241308758,0.5674892819011844,0.0,0.0,0.0,0.0,0.0,0.0,0.0,0.0,0.0,0.0,0.0,0.0,0.0,0.0,0.0,0.0,0.0,0.0,0.0,0.0,0.0,0.0,0.0,0.0,0.0,0.0,0.0,0.0,19.285602285771084,2.7550860408244406,0.8759414166357374,1.2145447241308758,3.5387423756686487,1.2145447241308758,1.5164886287384274,2.1540996098561163,3.3878588172229747,3.4181285745181746,3.478112889407457,3.5387423756686487,10.501003075462842,1.5001432964946917,0.9696770038173356,0.0,2.6988479903374105,0.0,0.3404935691407107,0.702301299147589,1.683000593086288,2.357275946871983,2.6156543390525417,2.6988479903374105,0.3333333333333333,0.8571428571428571,0.28415911866826593,4.951157934755814,3.710603591968837,0.7006179678177059,0.4580360664911032,-0.5471173776844834,0.6006255567019599,-0.7925184156635359,0.10565747238420747,-0.3852056642982405,-0.40263820313963816,-0.8303608092660892,5.02,-9.133,0.677
A,16,.,4.748084458892194,0.20908634070660387,7,3.655772414316294,2.3248943799138804,3.3985639171363538,1.683000593086288,3.1029934817507923,1.3009924312834689,2.548812158115231,1.607600224920267,2.3097056813254166,1.5348695266139634,1.6614894193059038,0.0,0.8542365887788814,0.0,0.0,0.0,0.0,0.0,0.0,0.0,0.0,0.0,0.0,0.0,0.0,0.0,0.0,0.0,0.0,0.0,0.0,0.0,0.0,0.0,0.0,0.0,0.0,0.0,0.0,0.0,0.0,0.0,17.531573660728874,2.504510522961268,0.9224902218866999,0.8542365887788814,3.655772414316294,0.8542365887788814,1.338588287095095,1.9855975503156602,2.548812158115231,3.250778699443573,3.50144731600833,3.655772414316294,8.451357155817867,1.2073367365454095,0.8165060720050527,0.0,2.3248943799138804,0.0,0.0,0.6504962156417344,1.5348695266139634,1.6453004090032775,1.9397581078173252,2.3248943799138804,0.3333333333333333,0.7142857142857143,0.20908634070660387,4.748084458892194,3.215339981133868,-0.24832254704112255,-0.7714133928388153,0.5858816347863424,0.9083204041636819,-0.3955903750473637,-0.13587604111767365,0.33658573352258275,0.4984271586890041,0.7989245342773441,6.612,-6.004,-0.776
A,17,.,4.888015492372895,0.3256145630624223,7,3.655772414316294,2.3248943799138804,3.3878588172229747,2.6988479903374105,3.3083508312958037,2.155254933777922,3.302536594838185,2.4795674214423955,2.257189112062052,0.665236783951009,1.6552350304778438,0.24751377047799022,0.07518938007848369,0.0,0.0,0.0,0.0,0.0,0.0,0.0,0.0,0.0,0.0,0.0,0.0,0.0,0.0,0.0,0.0,0.0,0.0,0.0,0.0,0.0,0.0,0.0,0.0,0.0,0.0,0.0,0.0,0.0,17.642132180291636,2.5203045971845195,1.1994644514696402,0.07518938007848369,3.655772414316294,0.07518938007848369,1.0232167703180999,1.956212071269948,3.302536594838185,3.348104824259389,3.4950242560603026,3.655772414316294,10.571315279900608,1.5101878971286582,1.0704754239266476,0.0,2.6988479903374105,0.0,0.14850826228679415,0.45637527721449966,2.155254933777922,2.4022309006781377,2.5672796490004015,2.6988479903374105,0.3333333333333333,0.8571428571428571,0.3256145630624223,4.888015492372895,3.7814626919165777,0.7381768558992309,0.39978950079163267,-0.5433813435070283,0.5427196125013762,-0.8303562567335956,0.12634836409596717,-0.40068734896560193,-0.3881711503449839,-0.8299233738236137,7.044,-2.452,0.46
A,18,.,4.534404422427748,0.28666855669336894,7,3.302536594838185,2.4795674214423955,2.995647269941286,1.3592468529381405,2.8620237223806764,2.0159091808598304,2.669302442754837,1.7316909427619356,2.213565883475248,0.0,1.995452411280466,0.02658389615630095,1.2690861602143495,0.8786387076847211,0.0,0.0,0.0,0.0,0.0,0.0,0.0,0.0,0.0,0.0,0.0,0.0,0.0,0.0,0.0,0.0,0.0,0.0,0.0,0.0,0.0,0.0,0.0,0.0,0.0,0.0,0.0,0.0,17.30761448488505,2.4725163549835787,0.643198468937852,1.2690861602143495,3.302536594838185,1.2690861602143495,1.7049059108540194,2.1045091473778568,2.669302442754837,2.928835496160981,3.1184029999000455,3.302536594838185,8.491637001843324,1.2130910002633322,0.8888221908922013,0.0,2.4795674214423955,0.0,0.015950337693780573,0.452611301920511,1.3592468529381405,1.873800061810883,2.2013724770928564,2.4795674214423955,0.3333333333333333,0.8571428571428571,0.28666855669336894,4.534404422427748,3.3113335913158783,0.39467377328813186,-0.6026568765571005,-0.6935685271239951,-0.24567780182868607,-0.7965790049326695,0.5523624775354522,-0.8853671726279065,-0.04760859207031538,-0.4624482582883723,8.907,0.418,-1.254
A,19,.,5.276160114439979,0.21353258550449847,13,3.6902784750276436,1.9361656827248759,3.47635123526258,2.2717598391410956,3.2026000907659458,1.91665345831635,3.0795172011491374,1.5251863599865092,3.02733267962382,1.8741931623701842,2.995647269941286,1.3592468529381405,2.958331503299508,0.0,2.548812158115231,1.607600224920267,1.6552350304778438,0.24751377047799022,1.623912646188412,1.2568745045350813,1.046409809167179,1.20237452776214,0.7044283086778079,0.0,7.335860919143116e-05,0.011419251460843082,0.0,0.0,0.0,0.0,0.0,0.0,0.0,0.0,0.0,0.0,0.0,0.0,0.0,0.0,0.0,0.0,30.008929766305585,2.308379212792737,1.127494139215568,7.335860919143116e-05,3.6902784750276436,7.335860919143116e-05,0.7728246087756822,1.623912646188412,2.958331503299508,3.0795172011491374,3.4216010063632534,3.6902784750276436,15.208987634633477,1.1699221257410366,0.791659167002297,0.0,2.2717598391410956,0.0,0.0022838502921686183,0.24751377047799022,1.3592468529381405,1.8741931623701842,1.9322632378431708,2.2717598391410956,0.6190476190476191,0.8461538461538461,0.21353258550449847,5.276160114439979,3.750847448495376,-0.11533507382365613,-0.5007188066776448,0.8578918914323688,0.6664532390832851,0.6014110162952484,0.4406187349558734,-0.7365717214647122,0.6225636241526097,0.2643418866174611,9.626,-1.441,-4.448
A,20,.,4.834483266557684,0.24188511068950297,8,3.369851182978891,1.9197201659650724,3.2977387599605885,1.8610538508118242,3.2026000907659458,1.91665345831635,3.0261838810098194,0.8892524703991648,2.993194055000986,1.7083959760669414,1.8403416752677575,1.912812707493958,1.2690861602143495,0.8786387076847211,0.487097321079337,0.0,0.0,0.0,0.0,0.0,0.0,0.0,0.0,0.0,0.0,0.0,0.0,0.0,0.0,0.0,0.0,0.0,0.0,0.0,0.0,0.0,0.0,0.0,0.0,0.0,0.0,0.0,19.486093126277673,2.435761640784709,1.023220870374123,0.487097321079337,3.369851182978891,0.487097321079337,1.034489508473846,1.6975277965044056,3.0096889680054026,3.2263847580646066,3.319372486866079,3.369851182978891,11.086527336738033,1.3858159170922542,0.6707054664423803,0.0,1.9197201659650724,0.0,0.6150470953793048,0.8865990297205538,1.7847249134393828,1.913772895199556,1.9175734706109666,1.9197201659650724,0.38095238095238093,0.875,0.24188511068950297,4.834483266557684,3.4398047657419664,0.5860745346635571,0.357488724392406,0.7271302852661176,0.7984945625110469,-0.4071816152742203,-0.44340677241441484,0.1375611626120793,0.8404789968315491,-0.5240915782817406,8.089,1.114,-6.793
A,21,.,4.83269823134512,0.273417269865061,9,3.600938554342737,2.5698756647977636,3.2977387599605885,1.8610538508118242,2.9907147065921924,2.1512190325131235,2.8620237223806764,2.0159091808598304,2.797641026231005,0.0,2.2824160585789754,0.8920472184236667,0.9008927896940584,0.7012195114508184,0.7044283086778079,0.0,0.575345707233589,0.0,0.0,0.0,0.0,0.0,0.0,0.0,0.0,0.0,0.0,0.0,0.0,0.0,0.0,0.0,0.0,0.0,0.0,0.0,0.0,0.0,0.0,0.0,0.0,0.0,20.01213963369163,2.223571070410181,1.1132558365164174,0.575345707233589,3.600938554342737,0.575345707233589,0.6786117883889642,0.9008927896940584,2.797641026231005,2.9907147065921924,3.3583787188370184,3.600938554342737,10.191324458857029,1.1323693843174476,0.9721984685206096,0.0,2.5698756647977636,0.0,0.0,0.0,0.8920472184236667,2.0159091808598304,2.2349503589700515,2.5698756647977636,0.42857142857142855,0.6666666666666666,0.273417269865061,4.83269823134512,3.556887447455192,0.9670776330924006,-0.23542644012256345,-0.09661906056062347,-0.2031125110153415,-0.9428093179529233,0.2643026633429682,-0.15331718573416098,-0.23597665408332366,-0.9595878590760705,10.008,3.945,-5.089
A,22,.,5.388088680571841,0.06546235468075648,19,3.5999908617120147,1.5606215479214423,3.2382666026601328,1.143152163298991,3.0795172011491374,1.5251863599865092,3.06948911263914,0.0,2.8560390788156593,0.0,2.797641026231005,0.0,2.674003811351794,0.0,2.4619279842175894,0.0,2.443989164597545,0.0,2.4420600376675647,1.38621935830725,2.419291994269921,0.0,2.213565883475248,0.0,2.1156384569916544,0.0,1.780020840322665,0.0,1.6061324554253738,0.10828653069755313,1.372028079937832,0.9738877161946762,0.7047545536016613,0.0,0.487097321079337,0.0,0.17437590689120636,0.0,0.0,0.0,0.0,0.0,41.53583037303648,2.1860963354229725,0.9263899545863931,0.17437590689120636,3.5999908617120147,0.17437590689120636,0.6612231070971964,1.6930766478740193,2.4420600376675647,2.826840052523332,3.1112670814513366,3.5999908617120147,6.697353676406422,0.35249229875823274,0.5889129901695574,0.0,1.5606215479214423,0.0,0.0,0.0,0.0,0.5410871234461146,1.4140127586431017,1.5606215479214423,0.9047619047619048,0.3157894736842105,0.06546235468075648,5.388088680571841,2.7250192096469945,0.13575151141110228,-0.9400397956307737,0.312884499104789,-0.023723565100969405,0.3126331633362112,0.9495776417130376,-0.9904588429654719,-0.13632933584833168,0.02013932915097605,13.272,1.968,-5.273
A,23,.,5.240161155073555,0.09717688033985629,13,3.6902784750276436,1.9361656827248759,3.376094935101314,1.5428685304940333,3.2857341531712465,0.0,3.06948911263914,0.0,3.0261838810098194,0.8892524703991648,2.846083113333996,0.0,2.769132757266391,1.2272956987927814,2.3042337332395704,0.8539258466774247,1.8654899892032841,1.1339343864457976,1.6693978428038774,0.845022416384098,1.3892101062007876,0.0,0.575345707233589,0.0,0.5717222085971321,0.0,0.0,0.0,0.0,0.0,0.0,0.0,0.0,0.0,0.0,0.0,0.0,0.0,0.0,0.0,0.0,0.0,30.43839601482779,2.3414150780636764,1.0021272845778282,0.5717222085971321,3.6902784750276436,0.5717222085971321,0.7381185870270288,1.6693978428038774,2.769132757266391,3.06948911263914,3.3580227787153003,3.6902784750276436,8.428465031918176,0.6483434639937058,0.6616253154962997,0.0,1.9361656827248759,0.0,0.0,0.0,0.845022416384098,1.1339343864457976,1.4797539641537831,1.9361656827248759,0.6190476190476191,0.5384615384615384,0.09717688033985629,5.240161155073555,2.956999241464966,0.032022573614494676,-0.08084878719297894,0.9962118391128107,0.9221194157153231,0.38690139663879386,0.0017585334179300513,-0.38557792719492584,0.9185699662455632,0.08694181486309882,12.639,1.45,-9.009
A,24,.,5.01946288930701,0.27971209818591036,9,3.600938554342737,2.5698756647977636,3.37710275690808,2.397135893633892,3.369851182978891,1.9197201659650724,3.1885897982631066,2.0899733865892434,2.846083113333996,0.0,2.692936563292162,1.9199958261950587,1.4580381121325663,0.8191584931281529,0.7047545536016613,0.0,0.5693573275448426,0.0,0.0,0.0,0.0,0.0,0.0,0.0,0.0,0.0,0.0,0.0,0.0,0.0,0.0,0.0,0.0,0.0,0.0,0.0,0.0,0.0,0.0,0.0,0.0,0.0,21.80765196239804,2.423072440266449,1.123085098609766,0.5693573275448426,3.600938554342737,0.5693573275448426,0.6776751083902975,1.4580381121325663,2.846083113333996,3.369851182978891,3.4218699163950115,3.600938554342737,11.715859430309184,1.3017621589232427,1.0279417320906592,0.0,2.5698756647977636,0.0,0.0,0.0,1.9197201659650724,2.0899733865892434,2.4316838478666662,2.5698756647977636,0.42857142857142855,0.6666666666666666,0.27971209818591036,5.01946288930701,3.762341789317542,0.8997471154396405,0.3239326164552271,0.2924427948411743,0.40274394691107696,-0.8744204366916413,-0.27052950508675955,0.168084625961252,0.36118770728316635,-0.9172191660791852,11.982,5.183,-9.403
A,25,.,4.957506175262855,0.22837837536450276,9,3.4072159006542853,1.6854540628571237,3.2516411312616342,2.03112801390123,3.1885897982631066,2.0899733865892434,3.020034566076956,2.1709285132376306,3.019390204704626,1.293488044033416,2.443989164597545,0.0,2.2824160585789754,0.8920472184236667,1.776525688837386,1.1943920551690386,0.5717222085971321,0.0,0.0,0.0,0.0,0.0,0.0,0.0,0.0,0.0,0.0,0.0,0.0,0.0,0.0,0.0,0.0,0.0,0.0,0.0,0.0,0.0,0.0,0.0,0.0,0.0,22.96152472157165,2.551280524619072,0.8609327113120389,0.5717222085971321,3.4072159006542853,0.5717222085971321,1.5355649927893351,2.2824160585789754,3.019390204704626,3.1885897982631066,3.2827560851401643,3.4072159006542853,11.35741129421135,1.2619345882457056,0.7895341502292061,0.0,2.1709285132376306,0.0,0.0,0.8920472184236667,1.293488044033416,2.03112801390123,2.106164411918921,2.1709285132376306,0.42857142857142855,0.7777777777777778,0.22837837536450276,4.957506175262855,3.504230691475887,0.6693366129489474,-0.7219509417376684,-0.17542900641035622,-0.3422668958613564,-0.5092051019995923,0.7896603928873578,-0.6594254094008376,-0.46850507128704455,-0.5879295260614652,15.299,5.99,-7.691
A,26,.,5.221390220508483,0.16978156497077065,13,3.5999908617120147,1.5606215479214423,3.384475005517767,1.8479286902743899,3.1910893311596507,2.1731606837273083,3.019390204704626,1.293488044033416,2.89299608910248,0.7147031717756083,2.793518165420811,0.7573090682800545,2.769132757266391,1.2272956987927814,2.595127833237094,1.3509909652506544,2.577197123350078,1.6623244369562138,1.7241103373756237,0.0,0.5693573275448426,0.0,0.03307474996933149,0.0,7.335860919143116e-05,0.011419251460843082,0.0,0.0,0.0,0.0,0.0,0.0,0.0,0.0,0.0,0.0,0.0,0.0,0.0,0.0,0.0,0.0,29.1495331449699,2.2422717803823002,1.2047634942516412,7.335860919143116e-05,3.5999908617120147,7.335860919143116e-05,0.1403312654844338,1.7241103373756237,2.769132757266391,3.019390204704626,3.3457978706461438,3.5999908617120147,12.599241558472713,0.969172427574824,0.7449565352741709,0.0,2.1731606837273083,0.0,0.0,0.011419251460843082,1.2272956987927814,1.5606215479214423,1.8108078396107548,2.1731606837273083,0.6190476190476191,0.7692307692307693,0.16978156497077065,5.221390220508483,3.474209732651668,-0.16473134459709224,-0.677781212488424,0.7165725449003444,0.43034467542030624,0.604312607437439,0.6705294421795029,-0.8875060813564184,0.41883039585240917,0.19213030751416837,17.039,3.579,-10.141
A,27,.,4.363550751862874,0.36716471809687173,6,3.3192097282517357,2.0681631793831485,3.1910893311596507,2.1731606837273083,2.692936563292162,1.9199958261950587,1.9295092436228216,1.8945461754783184,1.776525688837386,1.1943920551690386,1.3892101062007876,0.0,0.0,0.0,0.0,0.0,0.0,0.0,0.0,0.0,0.0,0.0,0.0,0.0,0.0,0.0,0.0,0.0,0.0,0.0,0.0,0.0,0.0,0.0,0.0,0.0,0.0,0.0,0.0,0.0,0.0,0.0,14.298480661364543,2.3830801102274237,0.7287707648732749,1.3892101062007876,3.3192097282517357,1.3892101062007876,1.5828678975190869,1.8147715775337447,2.311222903457492,3.0665511391927787,3.255149529705693,3.3192097282517357,9.250257919952872,1.5417096533254788,0.7572951789086205,0.0,2.1731606837273083,0.0,0.5971960275845193,1.3694305852463584,1.9072710008366887,2.031121341086126,2.1206619315552286,2.1731606837273083,0.2857142857142857,0.8333333333333334,0.36716471809687173,4.363550751862874,3.383315109303563,-0.42137978334525034,0.07915321121007128,-0.9034234042479992,-0.6386332230450588,-0.733185764364222,0.23363698627728396,-0.6438840614668064,0.6754061030881978,0.3594995289290717,15.329,5.596,-12.968
A,28,.,5.1166565114426446,0.17385566932699037,8,3.376094935101314,1.5428685304940333,3.3192097282517357,2.0681631793831485,3.293348587620598,1.4439404338127078,3.267829785146127,1.4707664752419674,3.200715927551989,2.060378490829563,2.9182462946621444,1.2217085912960675,2.793518165420811,0.7573090682800545,1.4580381121325663,0.8191584931281529,0.0,0.0,0.0,0.0,0.0,0.0,0.0,0.0,0.0,0.0,0.0,0.0,0.0,0.0,0.0,0.0,0.0,0.0,0.0,0.0,0.0,0.0,0.0,0.0,0.0,0.0,23.627001535887285,2.9533751919859106,0.5969703950225919,1.4580381121325663,3.376094935101314,1.4580381121325663,2.3928741494343377,2.887064262351811,3.234272856349058,3.2998138727783823,3.336275290306609,3.376094935101314,11.384293262465693,1.4230366578082116,0.45932867774545916,0.7573090682800545,2.0681631793831485,0.7573090682800545,0.8006036656737234,1.1210710667540889,1.4573534545273374,1.6722460205779157,2.0627138973956387,2.0681631793831485,0.38095238095238093,1.0,0.17385566932699037,5.1166565114426446,3.395220891302366,-0.8097109266026066,0.19387303005123635,0.5538785639100874,0.4061894186993308,0.8663654357798585,0.29055307229949506,-0.42353083887368603,0.46024360930351665,-0.7802547331597698,13.42,2.514,-14.273
A,29,.,4.4351787004749985,0.2910150514830773,6,3.293348587620598,1.4439404338127078,3.095446378193927,1.9399351916381737,2.6963419259700494,1.1649897429312384,2.589469347273529,1.8285172158704939,1.9295092436228216,1.8945461754783184,1.6682670409638072,1.0937270419247824,0.0,0.0,0.0,0.0,0.0,0.0,0.0,0.0,0.0,0.0,0.0,0.0,0.0,0.0,0.0,0.0,0.0,0.0,0.0,0.0,0.0,0.0,0.0,0.0,0.0,0.0,0.0,0.0,0.0,0.0,15.272382523644733,2.545397087274122,0.5824355946998351,1.6682670409638072,3.293348587620598,1.6682670409638072,1.7988881422933143,2.0944992695354983,2.642905636621789,2.995670265137958,3.1943974829072626,3.293348587620598,9.365655801655715,1.5609426336092858,0.34527319008956375,1.0937270419247824,1.9399351916381737,1.0937270419247824,1.1293583924280104,1.2347274156516057,1.6362288248416008,1.8780389355763623,1.917240683558246,1.9399351916381737,0.2857142857142857,1.0,0.2910150514830773,4.4351787004749985,3.2292660589497544,-0.8596964252080805,0.4716716209012082,-0.19608145889113054,-0.4813768073090877,-0.6196873260352679,0.6198903026634381,0.17087546889286545,0.6273065438744334,0.7597947579070001,10.91,3.432,-16.953
A,30,.,4.872382724711025,0.31984496150582054,5,3.7406841177299532,2.6857636915229697,3.648299617771023,2.6637429735402343,3.415350091261873,2.2496567784787427,3.095446378193927,1.9399351916381737,0.4517161784896155,0.0,0.0,0.0,0.0,0.0,0.0,0.0,0.0,0.0,0.0,0.0,0.0,0.0,0.0,0.0,0.0,0.0,0.0,0.0,0.0,0.0,0.0,0.0,0.0,0.0,0.0,0.0,0.0,0.0,0.0,0.0,0.0,0.0,14.351496383446392,2.8702992766892783,1.2296479262712547,0.4517161784896155,3.7406841177299532,0.4517161784896155,1.5092082583713404,3.095446378193927,3.415350091261873,3.648299617771023,3.703730317746381,3.7406841177299532,9.539098635180121,1.9078197270360242,0.9934059442303135,0.0,2.6857636915229697,0.0,0.7759740766552695,1.9399351916381737,2.2496567784787427,2.6637429735402343,2.6769554043298753,2.6857636915229697,0.23809523809523808,0.8,0.31984496150582054,4.872382724711025,3.7486114423574204,-0.18683516449768817,0.9059883041327798,0.37983919503091224,-0.9503380339501768,-0.06872183085508711,-0.30353736374890855,-0.24889805651076158,-0.41768708711011693,0.8738347983037933,7.208,2.833,-16.729
A,31,.,4.480128833617311,0.31554199691422097,6,3.415350091261873,2.2496567784787427,3.3480954351050483,2.189977267804945,2.8435596361103603,1.9272630824131014,2.324351477131497,1.4479161326760603,1.6682670409638072,1.0937270419247824,0.5128960788937409,0.0,0.0,0.0,0.0,0.0,0.0,0.0,0.0,0.0,0.0,0.0,0.0,0.0,0.0,0.0,0.0,0.0,0.0,0.0,0.0,0.0,0.0,0.0,0.0,0.0,0.0,0.0,0.0,0.0,0.0,0.0,14.112519759466325,2.3520866265777207,1.0177678841439675,0.5128960788937409,3.415350091261873,0.5128960788937409,1.090581559928774,1.8322881500057298,2.5839555566209285,3.2219614853563763,3.3817227631834603,3.415350091261873,8.908540303297633,1.4847567172162721,0.7785653426739794,0.0,2.2496567784787427,0.0,0.5468635209623912,1.1822743146126018,1.6875896075445809,2.1242987214569844,2.219817023141844,2.2496567784787427,0.2857142857142857,0.8333333333333334,0.31554199691422097,4.480128833617311,3.350948804525343,0.3262256674228741,0.3137762146903338,-0.8916957446400122,-0.6635208684708753,0.7478790338268562,0.020420770452246467,0.6732881040224576,0.5849969554252514,0.4521744034385745,7.161,-0.47,-18.73
A,32,.,5.040649280751545,0.30549883127824257,12,3.3480954351050483,2.189977267804945,3.2170181003660865,2.361896853384938,2.934766030891799,2.3363815058094977,2.9182462946621444,1.2217085912960675,2.813166686987193,0.0,2.786916832854111,1.7701850732763593,2.589469347273529,1.8285172158704939,2.339763337111424,1.2252390658691006,2.1162181647074556,1.3921124034407861,1.8654899892032841,1.1339343864457976,0.6510566734843966,0.0,0.4517161784896155,0.0,0.0,0.0,0.0,0.0,0.0,0.0,0.0,0.0,0.0,0.0,0.0,0.0,0.0,0.0,0.0,0.0,0.0,0.0,28.031923071136085,2.3359935892613404,0.8968732602228152,0.4517161784896155,3.3480954351050483,0.4517161784896155,0.7725000050562855,2.0535361208314127,2.68819309006382,2.922376228719558,3.188792893418658,3.3480954351050483,15.459952363197985,1.288329363599832,0.8470695721328358,0.0,2.361896853384938,0.0,0.0,0.8504507898343482,1.3086757346549434,1.9188822288541068,2.3217410820090425,2.361896853384938,0.5714285714285714,0.75,0.30549883127824257,5.040649280751545,3.8694402950904676,-0.3773727313403755,-0.6424183610267776,-0.6669996034904172,0.10985165124634173,0.6841148959161619,-0.7210543834580517,0.9195229395502632,-0.3453772699545929,-0.1875955890727587,9.553,-2.163,-16.338
A,33,.,5.3208666301476155,0.17814996504931163,12,3.7406841177299532,2.6857636915229697,3.37710275690808,2.397135893633892,3.2857341531712465,0.0,3.267829785146127,1.4707664752419674,2.993194055000986,1.7083959760669414,2.950933632646004,0.8705315695740832,2.813166686987193,0.0,2.6963419259700494,1.1649897429312384,2.5289554326226815,0.759220460851937,1.5451127018775428,0.0,0.5338366281234972,0.0,0.5128960788937409,0.0,0.0,0.0,0.0,0.0,0.0,0.0,0.0,0.0,0.0,0.0,0.0,0.0,0.0,0.0,0.0,0.0,0.0,0.0,30.2457879550771,2.520482329589758,1.0336322026687303,0.5128960788937409,3.7406841177299532,0.5128960788937409,0.6349642354989018,2.282994749936397,2.8820501598165986,3.272305877152407,3.367965896534397,3.7406841177299532,11.056803809823029,0.9214003174852524,0.9374192150607652,0.0,2.6857636915229697,0.0,0.0,0.0,0.8148760152130101,1.530173850448211,2.328261901877197,2.6857636915229697,0.5714285714285714,0.5833333333333334,0.17814996504931163,5.3208666301476155,3.6180384473050693,-0.8807074200806382,0.08412283148590137,0.46613065704553375,-0.4643610444936003,-0.3473934026286221,-0.8146696533975724,0.09339839705112155,-0.9339385274379158,0.3450153132766405,7.983,-0.581,-13.207
A,34,.,4.916274518132111,0.24898607060332684,8,3.648299617771023,2.6637429735402343,3.2916838095470995,2.0659610872659573,3.268020212007554,1.4954783081395633,2.950933632646004,0.8705315695740832,2.936788737920041,1.8546153254787703,2.324351477131497,1.4479161326760603,0.6510566734843966,0.0,0.598751882124005,0.0,0.0,0.0,0.0,0.0,0.0,0.0,0.0,0.0,0.0,0.0,0.0,0.0,0.0,0.0,0.0,0.0,0.0,0.0,0.0,0.0,0.0,0.0,0.0,0.0,0.0,0.0,19.66988604263162,2.4587357553289526,1.1169099217272753,0.598751882124005,3.648299617771023,0.598751882124005,0.635365236076279,1.906027776219722,2.9438611852830228,3.2739361113924406,3.3986685520142763,3.648299617771023,10.39824539667467,1.2997806745843337,0.8929321883200506,0.0,2.6637429735402343,0.0,0.0,0.6528986771805624,1.4716972204078118,1.907451765925567,2.2452956531482404,2.6637429735402343,0.38095238095238093,0.75,0.24898607060332684,4.916274518132111,3.547774022160677,0.14716851237034842,0.9888312579575077,-0.023540863469115922,-0.9881314402009138,0.1480402441490027,0.04099198700687397,0.04401915325363125,0.0172287375764043,0.9988821175435854,4.549,-1.977,-14.112
A,35,.,5.069538786992239,0.2529243803124728,10,3.6853883673557535,2.4241830647415332,3.268020212007554,1.4954783081395633,3.030998060903536,1.3594163623116442,3.0275215960433983,1.827170048415454,2.8435596361103603,1.9272630824131014,2.786916832854111,1.7701850732763593,2.5419562614129063,0.8841971999177396,2.386391171833001,1.9400731468546804,0.6550755669388397,0.0,0.5338366281234972,0.0,0.0,0.0,0.0,0.0,0.0,0.0,0.0,0.0,0.0,0.0,0.0,0.0,0.0,0.0,0.0,0.0,0.0,0.0,0.0,0.0,0.0,0.0,24.759664333582958,2.4759664333582956,1.0016999967104976,0.5338366281234972,3.6853883673557535,0.5338366281234972,0.6429516730573055,2.4252824442279772,2.8152382344822358,3.0301289446885016,3.309757027542374,3.6853883673557535,13.627966286070077,1.3627966286070077,0.7823760163750159,0.0,2.4241830647415332,0.0,0.0,1.0030019905162157,1.6328316907079614,1.9022398239136895,1.9884841386433654,2.4241830647415332,0.47619047619047616,0.8,0.2529243803124728,5.069538786992239,3.7132690939834396,0.2923929697715487,-0.09268464852784171,-0.9517961478990364,-0.22351818133647292,0.9610997425101719,-0.16225568575220078,0.929809643873524,0.2601861658008584,0.2603021038824666,6.003,-5.411,-14.725
A,36,.,4.681176845921401,0.24326001513831408,10,3.0547367601303943,1.472843547982784,3.030998060903536,1.3594163623116442,3.02733267962382,1.8741931623701842,2.7586989544844935,2.023306280711018,2.339763337111424,1.2252390658691006,2.3042337332395704,0.8539258466774247,1.9924651640777205,1.5924016153158909,1.5451127018775428,0.0,1.4597446170256936,0.0,0.598751882124005,0.0,0.0,0.0,0.0,0.0,0.0,0.0,0.0,0.0,0.0,0.0,0.0,0.0,0.0,0.0,0.0,0.0,0.0,0.0,0.0,0.0,0.0,0.0,22.111837890598203,2.2111837890598203,0.7765839252401987,0.598751882124005,3.0547367601303943,0.598751882124005,1.3736453435355247,1.656950817427587,2.3219985351754975,2.9601742483389883,3.0333719308262217,3.0547367601303943,10.401325881238046,1.0401325881238046,0.7463936156104164,0.0,2.023306280711018,0.0,0.0,0.21348146166935617,1.2923277140903724,1.5625120984826142,1.8891044742042675,2.023306280711018,0.47619047619047616,0.7,0.24326001513831408,4.681176845921401,3.295976115567918,-0.7600231195398821,-0.6278594854398589,-0.1678014431048246,0.07857754233296768,0.1675262686226776,-0.9827311530435336,0.645128225708484,-0.7600838216042742,-0.07798818198717788,7.731,-5.125,-11.305
A,37,.,4.59458231174732,0.3387404251847008,10,3.321259112979122,1.9272834586456822,3.0547367601303943,1.472843547982784,2.936788737920041,1.8546153254787703,2.5289554326226815,0.759220460851937,2.1797652689890175,2.0152322996572796,1.8403416752677575,1.912812707493958,1.6693978428038774,0.845022416384098,1.046409809167179,1.20237452776214,0.8820346345959882,0.912134105057868,0.6550755669388397,0.0,0.0,0.0,0.0,0.0,0.0,0.0,0.0,0.0,0.0,0.0,0.0,0.0,0.0,0.0,0.0,0.0,0.0,0.0,0.0,0.0,0.0,0.0,20.1147648414149,2.01147648414149,0.9027376046774181,0.6550755669388397,3.321259112979122,0.6550755669388397,0.8593387278302733,1.2021568175763535,2.0100534721283876,2.8348304115957013,3.081388995415267,3.321259112979122,12.901538849314518,1.2901538849314518,0.6298017610953828,0.0,2.0152322996572796,0.0,0.6832984147667432,0.8618003385525406,1.337609037872462,1.898263361990161,1.936078342746842,2.0152322996572796,0.47619047619047616,0.9,0.3387404251847008,4.59458231174732,3.5315979617370976,-0.5329576928600228,0.6528980216990439,0.538219537812217,-0.843196545934178,-0.4628353636629021,-0.2735013913450913,0.07053851817265042,-0.5995895257628371,0.7971930243357017,4.458,-3.94,-9.737
A,38,.,4.959536787753826,0.2578721658563663,7,3.321259112979122,1.9272834586456822,3.2916838095470995,2.0659610872659573,3.19592239901542,2.3498407470715263,3.1766486769154345,0.9305249431019784,3.0275215960433983,1.827170048415454,3.025028905509579,2.139637836483234,1.4597446170256936,0.0,0.0,0.0,0.0,0.0,0.0,0.0,0.0,0.0,0.0,0.0,0.0,0.0,0.0,0.0,0.0,0.0,0.0,0.0,0.0,0.0,0.0,0.0,0.0,0.0,0.0,0.0,0.0,0.0,20.497809117035747,2.928258445290821,0.6089358139237022,1.4597446170256936,3.321259112979122,1.4597446170256936,2.398915190116025,3.0262752507764885,3.1766486769154345,3.24380310428126,3.3035139309199084,3.321259112979122,11.240418120983833,1.6057740172834047,0.7780262615342575,0.0,2.3498407470715263,0.0,0.5583149658611871,1.3788474957587162,1.9272834586456822,2.1027994618745955,2.223719000718551,2.3498407470715263,0.3333333333333333,0.8571428571428571,0.2578721658563663,4.959536787753826,3.6242361274844614,0.3731170315393315,0.9264688784588319,0.049387225296747966,-0.9167831790712466,0.37634319003733757,-0.13369519768689864,-0.1424509857715836,0.004606577878939237,0.9897911376108341,2.804,-7.194,-10.702
A,39,.,4.915285906856663,0.22317258883811256,11,3.2146629632152206,1.460018688262704,3.1766486769154345,0.9305249431019784,2.9251434864136923,1.2055665336643933,2.8217716664039076,1.5669395135329007,2.7586989544844935,2.023306280711018,2.7037208429409807,1.203728774553093,2.5419562614129063,0.8841971999177396,1.913209846034829,1.1645591925689152,1.8385810303026424,1.5964843764715186,1.1494226331207786,0.8281718327172936,0.8820346345959882,0.912134105057868,0.0,0.0,0.0,0.0,0.0,0.0,0.0,0.0,0.0,0.0,0.0,0.0,0.0,0.0,0.0,0.0,0.0,0.0,0.0,0.0,25.925850995840875,2.3568955450764433,0.7604705111553508,0.8820346345959882,3.2146629632152206,0.8820346345959882,1.1494226331207786,1.8758954381687358,2.7037208429409807,2.8734575764088,3.1766486769154345,3.2146629632152206,13.775631440559422,1.2523301309599475,0.3569997025700837,0.8281718327172936,2.023306280711018,0.8281718327172936,0.8841971999177396,0.9213295240799232,1.203728774553093,1.5134791008978024,1.5964843764715186,2.023306280711018,0.5238095238095238,1.0,0.22317258883811256,4.915285906856663,3.44068280336678,-0.047856914527031065,-0.4826440114758546,-0.8745081325627838,-0.28777957935587867,0.8450496967576274,-0.45063724182050857,0.9565001983469246,0.23009947456771182,-0.1793365617099786,5.317,-10.037,-11.123
A,40,.,4.813968892220251,0.34144744299556173,9,3.2273280043498453,0.0,3.2146629632152206,1.460018688262704,3.1992403036090296,2.3249227397057606,3.19592239901542,2.3498407470715263,2.3671679881470755,1.8267002029891712,2.1797652689890175,2.0152322996572796,1.8260980920408962,1.5441460409327228,1.6368020752054937,1.5278937448001566,0.26720177558944036,0.5350431967136271,0.0,0.0,0.0,0.0,0.0,0.0,0.0,0.0,0.0,0.0,0.0,0.0,0.0,0.0,0.0,0.0,0.0,0.0,0.0,0.0,0.0,0.0,0.0,0.0,21.114188870161442,2.3460209855734937,0.9489435827254239,0.26720177558944036,3.2273280043498453,0.26720177558944036,1.3628820152822831,1.8260980920408962,2.3671679881470755,3.1992403036090296,3.2171959714421456,3.2273280043498453,13.583797660132948,1.509310851125883,0.7423394709368893,0.0,2.3498407470715263,0.0,0.4280345573709017,1.460018688262704,1.5441460409327228,2.0152322996572796,2.329906341178914,2.3498407470715263,0.42857142857142855,0.8888888888888888,0.34144744299556173,4.813968892220251,3.7549387401771197,0.6966526246440187,0.08789697069645419,0.7120036819560602,-0.7102112021394074,0.2247284747668804,0.6671560244685267,-0.10136650794171546,-0.9704489863827661,0.21898309500133534,5.073,-12.298,-8.009
A,41,.,5.034965080678108,0.09961954316370437,12,3.2273280043498453,0.0,3.1940338011165377,0.0,3.0001275999392694,0.0,2.8217716664039076,1.5669395135329007,2.8208132502767778,1.7813942689951523,2.750732863505848,0.14556334253335074,2.6948636392980343,1.7185595462113596,2.5299278154355207,0.43424561402817824,2.3304375859485975,0.0,1.4654151054542732,0.0,1.0250375076760465,0.790391851665193,0.0010450737201753775,0.0,0.0,0.0,0.0,0.0,0.0,0.0,0.0,0.0,0.0,0.0,0.0,0.0,0.0,0.0,0.0,0.0,0.0,0.0,27.86153391312483,2.3217944927604024,0.9446044210352875,0.0010450737201753775,3.2273280043498453,0.0010450737201753775,1.0690752674538693,2.1141819658250163,2.722798251401941,2.8663606497877483,3.1746431809988107,3.2273280043498453,6.4370941369661345,0.5364245114138445,0.7049570930428811,0.0,1.7813942689951523,0.0,0.0,0.0,0.07278167126667537,0.9845287671321199,1.7033975429435138,1.7813942689951523,0.5714285714285714,0.5,0.09961954316370437,5.034965080678108,2.785710318815012,0.21180019522800625,-0.6730192555252397,-0.7086506607586213,-0.6521569302431955,0.4427217959871333,-0.6153769167702823,0.7278956076506783,0.592488390645909,-0.34514560885613277,8.447,-13.997,-8.518
A,42,.,4.999703788982347,0.14344299505071625,12,3.3956319231892738,2.0797377478064694,3.1940338011165377,0.0,3.141735567673834,1.5375551549604742,3.1248420301377644,2.0236777431470196,2.936146799136832,0.0,2.2033358653170683,0.0,2.075294203349228,0.0,2.0339498067069353,0.0,1.701125173751165,0.26922528910121457,1.6368020752054937,1.5278937448001566,1.2202397767898079,0.0,0.5496254791402901,0.0,0.0,0.0,0.0,0.0,0.0,0.0,0.0,0.0,0.0,0.0,0.0,0.0,0.0,0.0,0.0,0.0,0.0,0.0,27.21276250151423,2.2677302084595192,0.8631130946135412,0.5496254791402901,3.3956319231892738,0.5496254791402901,1.2618960066313765,1.6850443991147472,2.139315034333148,3.129065414521782,3.188803977772267,3.3956319231892738,7.438089679815334,0.6198408066512778,0.8456342100713062,0.0,2.0797377478064694,0.0,0.0,0.0,0.0,1.530309097340236,1.9750654843283653,2.0797377478064694,0.5714285714285714,0.4166666666666667,0.14344299505071625,4.999703788982347,3.097344372668239,0.9668386120253156,-0.23094609693226906,-0.10902751308138828,0.243184491567047,0.7021386146775541,0.6692254245319451,-0.07800257276678862,-0.6735467809220353,0.7350172328260921,10.135,-16.85,-7.002
A,43,.,4.98239588906728,0.046028236885021445,13,3.15276593644614,0.0,3.0818870337521975,0.0,2.939796641223688,1.050814631800317,2.936146799136832,0.0,2.6451104013283357,1.0369744453827903,2.5441813412504724,0.0,2.450263443844426,0.0,2.322670033377312,0.0,2.3091802967472232,1.1309955772543514,1.7707060600302227,0.0,1.4202125793233513,0.0,1.2995756685667192,0.634761955671437,0.9199041954439904,0.0,0.0,0.0,0.0,0.0,0.0,0.0,0.0,0.0,0.0,0.0,0.0,0.0,0.0,0.0,0.0,0.0,29.792400430470913,2.291723110036224,0.6968767278018,0.9199041954439904,3.15276593644614,0.9199041954439904,1.3237030507180456,1.7707060600302227,2.450263443844426,2.936146799136832,3.0534689552464958,3.15276593644614,3.8535466101088955,0.2964266623160689,0.45735923998582345,0.0,1.1309955772543514,0.0,0.0,0.0,0.0,0.634761955671437,1.0480465945168118,1.1309955772543514,0.6190476190476191,0.3076923076923077,0.046028236885021445,4.98239588906728,2.036790140440063,0.39825585094058236,-0.9157399901487856,0.05303345768375611,-0.8872366528492032,-0.39924445426385946,-0.2311168266926832,0.232816234469453,0.04499040099682604,-0.9714795236059326,13.741,-16.431,-5.98
A,44,.,5.136386029090124,0.15713317309671113,10,3.638609320329539,1.9531481769324017,3.5485018222408913,2.1979143393956657,3.1176356976278363,0.0,3.0818870337521975,0.0,2.7953587561522877,2.284031025922051,2.6859545468279635,0.4105103593967483,2.423943949996313,1.0611630721543608,2.075294203349228,0.0,1.9232423066621471,0.0,1.5615954990070167,0.8331960382926951,0.0,0.0,0.0,0.0,0.0,0.0,0.0,0.0,0.0,0.0,0.0,0.0,0.0,0.0,0.0,0.0,0.0,0.0,0.0,0.0,0.0,0.0,26.85202313594542,2.6852023135945418,0.6552924942413311,1.5615954990070167,3.638609320329539,1.5615954990070167,1.8870776258966342,2.1624566400109995,2.7406566514901254,3.1086985316589266,3.557512572049756,3.638609320329539,8.739963012093922,0.8739963012093922,0.9062295010413075,0.0,2.284031025922051,0.0,0.0,0.0,0.6218531988447217,1.7301519007378916,2.206526008048304,2.284031025922051,0.47619047619047616,0.6,0.15713317309671113,5.136386029090124,3.316772003547851,0.9754200043135731,-0.1413477202646338,-0.1690462574590157,0.14956869861252367,0.9880638893234993,0.036864006975310844,0.1618178592747569,-0.0612419185763359,0.9849184777578418,15.955,-19.468,-6.29
A,45,.,5.253724834978803,0.0,15,3.344178958023121,0.0,3.2531342461916672,0.0,3.1176356976278363,0.0,2.809372574426939,0.0,2.8060114092780912,0.0,2.7475144743359166,0.0,2.626254290800027,0.0,2.5441813412504724,0.0,2.4298078781340067,0.0,2.4033982852306295,0.0,2.165388706763467,0.0,1.9901402721591026,0.0,1.7206661791198097,0.0,1.645152486258094,0.0,1.3742521437971027,0.0,0.0,0.0,0.0,0.0,0.0,0.0,0.0,0.0,0.0,0.0,0.0,0.0,36.97708894339628,2.4651392628930853,0.5717352660754144,1.3742521437971027,3.344178958023121,1.3742521437971027,1.6753579634027802,2.077764489461285,2.5441813412504724,2.807691991852515,3.1989348267661346,3.344178958023121,0.0,0.0,0.0,0.0,0.0,0.0,0.0,0.0,0.0,0.0,0.0,0.0,0.7142857142857143,0.0,0.0,5.253724834978803,0.0,0.4826579727707157,-0.8272925459461099,0.287451430232773,-0.8724717788829434,-0.4828079757798779,0.07542846661685043,0.07638243498145053,-0.2871994114641263,-0.9548205180456503,19.273,-19.292,-4.4
A,46,.,4.815942573035016,0.2659098200988746,8,3.470459105893857,2.3857757637055537,3.344178958023121,0.0,3.19161972936133,1.7087075160914862,2.7953587561522877,2.284031025922051,2.757868408083071,1.9882482508467605,2.2154257050513353,0.16133367736389378,1.1779716860152334,1.3029616640281139,0.09416452379102022,0.18288972868706407,0.0,0.0,0.0,0.0,0.0,0.0,0.0,0.0,0.0,0.0,0.0,0.0,0.0,0.0,0.0,0.0,0.0,0.0,0.0,0.0,0.0,0.0,0.0,0.0,0.0,0.0,19.047046872371254,2.380880859046407,1.1062193794136586,0.09416452379102022,3.470459105893857,0.09416452379102022,0.8528295373479695,1.9560622002923098,2.7766135821176796,3.229759536526778,3.382063002384342,3.470459105893857,10.013947626644923,1.2517434533306153,0.9356701560373422,0.0,2.3857757637055537,0.0,0.11293357415472566,0.1775007158562715,1.5058345900598,2.0621939446155833,2.314554447257102,2.3857757637055537,0.38095238095238093,0.875,0.2659098200988746,4.815942573035016,3.5134585032781507,0.9427857678262642,-0.28392933080809507,-0.17475448804282132,0.28482753126582383,0.9583604275458267,-0.020458942963806823,0.17328667986102494,-0.03048648915581338,0.9843994618861263,21.975,-21.948,-4.811
A,47,.,5.089273138488249,0.18205262331242272,11,3.3310788768876938,2.3813703950797973,3.271384780040665,1.9280763537653804,3.19161972936133,1.7087075160914862,3.180991178779689,0.0,2.7158397833770396,0.0,2.558273275783982,1.398297039911041,2.5563587171946396,1.849455886466366,2.5093309336985246,0.5524455718366145,2.293948908272475,0.0,1.3742521437971027,0.0,0.9061353399974124,0.0,0.0,0.0,0.0,0.0,0.0,0.0,0.0,0.0,0.0,0.0,0.0,0.0,0.0,0.0,0.0,0.0,0.0,0.0,0.0,0.0,27.889213667190553,2.5353830606536865,0.7457429269435999,0.9061353399974124,3.3310788768876938,0.9061353399974124,1.3742521437971027,2.4016399209854997,2.558273275783982,3.1863054540705096,3.271384780040665,3.3310788768876938,9.818352763150685,0.8925775239227896,0.9157888581275752,0.0,2.3813703950797973,0.0,0.0,0.0,0.5524455718366145,1.7790817012789262,1.9280763537653804,2.3813703950797973,0.5238095238095238,0.5454545454545454,0.18205262331242272,5.089273138488249,3.413124865570317,0.5426438102320417,-0.8034729247365455,0.24488559457867975,-0.8235495585251217,-0.5662799588902863,-0.03306255907053715,0.16523867546651738,-0.18373423027437544,-0.9689880870039392,25.475,-21.933,-3.379
A,48,.,4.569327130122634,0.34938374516661597,4,3.6343123857186757,2.637277174650624,3.369352334620164,2.3397141971806437,3.3310788768876938,2.3813703950797973,1.5206438565070712,0.7819727442505997,0.0,0.0,0.0,0.0,0.0,0.0,0.0,0.0,0.0,0.0,0.0,0.0,0.0,0.0,0.0,0.0,0.0,0.0,0.0,0.0,0.0,0.0,0.0,0.0,0.0,0.0,0.0,0.0,0.0,0.0,0.0,0.0,0.0,0.0,11.855387453733606,2.9638468634334014,0.8413758040617996,1.5206438565070712,3.6343123857186757,1.5206438565070712,2.063774362621258,2.878470121792538,3.350215605753929,3.435592347394792,3.554824370389122,3.6343123857186757,8.140334511161665,2.0350836277904163,0.7323998674448202,0.7819727442505997,2.637277174650624,0.7819727442505997,1.249295180129613,1.9502788339481327,2.3605422961302205,2.445347089972504,2.5605051407793757,2.637277174650624,0.19047619047619047,1.0,0.34938374516661597,4.569327130122634,3.536860209497265,0.8793537951602407,-0.4293486472373721,-0.2059044488414958,0.40309159852441995,0.9013990549436643,-0.1581041016093406,0.2534838577430708,0.05603108835376577,0.9657155124577752,28.382,-24.417,-3.807
A,49,.,4.5051664084670175,0.3854561851695398,7,3.369352334620164,2.3397141971806437,3.2488034911098893,2.254867503410786,2.5624693617357908,2.3448137776616313,2.558273275783982,1.398297039911041,1.963122589979292,1.1442164304731255,1.8310763316050054,1.0851960250698989,0.8840856713776771,0.0,0.0,0.0,0.0,0.0,0.0,0.0,0.0,0.0,0.0,0.0,0.0,0.0,0.0,0.0,0.0,0.0,0.0,0.0,0.0,0.0,0.0,0.0,0.0,0.0,0.0,0.0,0.0,0.0,16.417183056211798,2.3453118651731137,0.8020647246252377,0.8840856713776771,3.369352334620164,0.8840856713776771,1.4522800675140741,1.8970994607921488,2.558273275783982,2.90563642642284,3.2970230285139994,3.369352334620164,10.567104973707128,1.509586424815304,0.8059599140021134,0.0,2.3448137776616313,0.0,0.6511176150419394,1.1147062277715123,1.398297039911041,2.297290850295715,2.3417540293730386,2.3448137776616313,0.3333333333333333,0.8571428571428571,0.3854561851695398,4.5051664084670175,3.569305346695704,-0.03318480264277169,-0.9037318593436021,-0.42681084250627493,0.9929413496640721,-0.07846558550394575,0.0889417113553237,-0.11386942083303583,-0.4208466208714036,0.8999565971202557,31.265,-23.245,-1.611
A,50,.,4.822357425644961,0.2610535227202162,10,3.775758739046461,2.3001691770177675,3.2488034911098893,2.254867503410786,3.21960755708687,1.461220926705996,3.1491226644348407,1.9213773808320074,1.5206438565070712,0.7819727442505997,1.0780319590398513,0.0,0.9261222437874443,1.4556151788266016,0.9061353399974124,0.0,0.6453724256879577,0.0,0.10748755191147515,0.7190439459160677,0.0,0.0,0.0,0.0,0.0,0.0,0.0,0.0,0.0,0.0,0.0,0.0,0.0,0.0,0.0,0.0,0.0,0.0,0.0,0.0,0.0,0.0,18.577085828609274,1.8577085828609274,1.2713955410421434,0.10748755191147515,3.775758739046461,0.10748755191147515,0.5915839383103094,0.9111320659449204,1.2993379077734613,3.2019863339238626,3.301499015903546,3.775758739046461,10.894266856959826,1.0894266856959827,0.8706824576004393,0.0,2.3001691770177675,0.0,0.0,0.17976098647901692,1.1187939615386007,1.8063382673005046,2.259397670771484,2.3001691770177675,0.47619047619047616,0.7,0.2610535227202162,4.822357425644961,3.501852343546663,-0.5518927329183022,-0.2462947280034749,-0.7967140756316923,0.21125080685867995,-0.965518343547667,0.15214277792431063,-0.8067140186915833,-0.08433999781043224,0.5848925173190473,32.093,-19.812,-2.994
A,51,.,4.789524363108994,0.27115137816494794,9,3.6343123857186757,2.637277174650624,3.21960755708687,1.461220926705996,3.0960073804119315,1.6996953486017736,2.8309401741267384,2.1345356039894074,2.5093309336985246,0.5524455718366145,2.2343212414217746,1.431105189653608,0.8840856713776771,0.0,0.11583625301527603,0.0,0.09416452379102022,0.18288972868706407,0.0,0.0,0.0,0.0,0.0,0.0,0.0,0.0,0.0,0.0,0.0,0.0,0.0,0.0,0.0,0.0,0.0,0.0,0.0,0.0,0.0,0.0,0.0,0.0,18.618606120648487,2.0687340134053875,1.2801677475922724,0.09416452379102022,3.6343123857186757,0.09416452379102022,0.11150190717042487,0.8840856713776771,2.5093309336985246,3.0960073804119315,3.302548522813231,3.6343123857186757,10.099169544125088,1.122129949347232,0.9183155009091402,0.0,2.637277174650624,0.0,0.0,0.18288972868706407,1.431105189653608,1.6996953486017736,2.2350839181216506,2.637277174650624,0.42857142857142855,0.7777777777777778,0.27115137816494794,4.789524363108994,3.5065544673140994,-0.9486879012676411,0.2518763591847019,0.19117940702977743,0.1596604638306574,-0.14031783339549542,0.9771486283675442,0.2729465190797964,0.9575328742738042,0.0929031345389883,29.874,-20.214,-6.079
A,52,.,5.2428931305051165,0.053328960006426625,14,3.3769388415153747,1.554529670938772,3.376224813221135,0.3125132120322117,3.0960073804119315,1.6996953486017736,2.9243329374237,0.0,2.7345428187273333,0.0,2.7158397833770396,0.0,2.6780788471062253,0.0,2.4083135409564793,0.0,2.4033982852306295,0.0,2.2154257050513353,0.16133367736389378,2.183249602903634,0.8286959119875419,2.125147191718152,0.0,1.8465490611047957,0.0,1.0780319590398513,0.0,0.0,0.0,0.0,0.0,0.0,0.0,0.0,0.0,0.0,0.0,0.0,0.0,0.0,0.0,35.162080767787614,2.5115771976991152,0.5971399203917707,1.0780319590398513,3.3769388415153747,1.0780319590398513,1.9301285002888027,2.1912936284405595,2.5431961940313523,2.8768854077496084,3.2921595833783743,3.3769388415153747,4.556767820924193,0.32548341578029955,0.5752517708612878,0.0,1.6996953486017736,0.0,0.0,0.0,0.0,0.2747183283651322,1.3367795432534038,1.6996953486017736,0.6666666666666666,0.35714285714285715,0.053328960006426625,5.2428931305051165,2.4012897776694913,-0.4959063932015078,0.8208150502221601,-0.28344223840257876,0.1254313432608763,-0.25527467658946185,-0.9586979803983723,-0.859269356668585,-0.5109769983286316,0.023636409825052218,26.532,-18.48,-5.885
A,53,.,4.974722410703553,0.20239630669413425,9,3.470459105893857,2.3857757637055537,3.3769388415153747,1.554529670938772,3.2066210408011857,0.0,3.010044365211734,1.939985490015343,2.9522609392971173,1.8645420396152566,2.246389274534003,0.0,1.9926492316023887,1.3279923524480977,1.7206661791198097,0.0,1.5615954990070167,0.8331960382926951,0.0,0.0,0.0,0.0,0.0,0.0,0.0,0.0,0.0,0.0,0.0,0.0,0.0,0.0,0.0,0.0,0.0,0.0,0.0,0.0,0.0,0.0,0.0,0.0,23.537624476982486,2.6152916085536098,0.6964089741956764,1.5615954990070167,3.470459105893857,1.5615954990070167,1.6888520430972511,1.9926492316023887,2.9522609392971173,3.2066210408011857,3.395642894391071,3.470459105893857,9.906021355015717,1.1006690394461909,0.875790279836521,0.0,2.3857757637055537,0.0,0.0,0.0,1.3279923524480977,1.8645420396152566,2.0291435447533854,2.3857757637055537,0.42857142857142855,0.6666666666666666,0.20239630669413425,4.974722410703553,3.4040632710752003,-0.834382104719343,0.4124945161691374,0.3655882621946561,0.32415317385865816,-0.16922024613103423,0.9307465971878227,0.4457928029942588,0.895104900237811,0.007482938512420129,23.603,-18.382,-8.377
A,54,.,5.226806934019186,0.0454298437904442,14,3.693610743889831,1.4553562302264516,3.254794939893487,0.587463835020382,3.2066210408011857,0.0,3.1118071845290194,0.0,2.809372574426939,0.0,2.6780788471062253,0.0,2.450263443844426,0.0,2.410775600444925,0.0,2.406566658336749,1.3448054776119318,2.1460950122343565,0.28825390892213726,1.9232423066621471,0.0,0.6979157926350474,0.7684958113497941,0.5902940742777486,0.0,0.5545883141985315,0.0,0.0,0.0,0.0,0.0,0.0,0.0,0.0,0.0,0.0,0.0,0.0,0.0,0.0,0.0,31.934026533280615,2.2810018952343296,0.9812600481060524,0.5545883141985315,3.693610743889831,0.5545883141985315,0.6225805897849382,1.9789554830551994,2.4305195221446754,3.036198532003499,3.2403427701657965,3.693610743889831,4.444375263130697,0.3174553759379069,0.5024555840381487,0.0,1.4553562302264516,0.0,0.0,0.0,0.0,0.5126613534958209,1.171912577733291,1.4553562302264516,0.6666666666666666,0.35714285714285715,0.0454298437904442,5.226806934019186,2.242143235725153,-0.5547070604237231,0.7718705797455889,-0.310670058485333,0.12058849139646083,-0.29485926498960413,-0.9479010652977007,-0.8232608899120605,-0.5632706471785998,0.07048180735625073,20.467,-16.339,-7.858
A,55,.,5.1552700637817175,0.19015633591353093,10,3.638609320329539,1.9531481769324017,3.4972527382987018,2.4026656944040896,3.2230152456324648,2.217969026773863,3.1118071845290194,0.0,3.107559832734727,0.0,2.9516184084348374,1.9030742231740956,1.9926492316023887,1.3279923524480977,1.983477022842412,0.0,1.7707060600302227,0.0,0.5496254791402901,0.0,0.0,0.0,0.0,0.0,0.0,0.0,0.0,0.0,0.0,0.0,0.0,0.0,0.0,0.0,0.0,0.0,0.0,0.0,0.0,0.0,0.0,0.0,25.8263205235746,2.58263205235746,0.9248157693230813,0.5496254791402901,3.638609320329539,0.5496254791402901,1.6485980019412294,1.985770075032406,3.0295891205847822,3.1952132303566034,3.5113883965017854,3.638609320329539,9.804849473732547,0.9804849473732548,1.0138404564162857,0.0,2.4026656944040896,0.0,0.0,0.0,0.6639961762240488,1.9406296884928251,2.236438693536886,2.4026656944040896,0.47619047619047616,0.5,0.19015633591353093,5.1552700637817175,3.519633241219675,-0.8527755227503085,0.4178976944818246,0.3132657414156769,0.3719066931657816,0.06476798632367067,0.9260078398836968,0.36668695010380636,0.9061824456997346,-0.21065150303099262,17.566,-16.807,-10.278
A,56,.,4.938323850807475,0.21678579608487805,11,3.3940888424248605,2.3075975098175823,3.107559832734727,0.0,2.9125082608916464,0.0,2.8208132502767778,1.7813942689951523,2.6451104013283357,1.0369744453827903,2.406566658336749,1.3448054776119318,2.2892434882664836,1.6599465990974966,2.170637588213802,0.08167574277635505,2.0339498067069353,0.0,1.6812635677974321,1.2287600465851207,1.6789956909976662,1.727231614700262,0.0,0.0,0.0,0.0,0.0,0.0,0.0,0.0,0.0,0.0,0.0,0.0,0.0,0.0,0.0,0.0,0.0,0.0,0.0,0.0,27.140737387975417,2.4673397625432196,0.5371760622220815,1.6789956909976662,3.3940888424248605,1.6789956909976662,1.6812635677974321,2.1022936974603685,2.406566658336749,2.866660755584212,3.107559832734727,3.3940888424248605,11.168385704966692,1.0153077913606083,0.8145335810065737,0.0,2.3075975098175823,0.0,0.0,0.04083787138817752,1.2287600465851207,1.6935891068988793,1.7813942689951523,2.3075975098175823,0.5238095238095238,0.7272727272727273,0.21678579608487805,4.938323850807475,3.4350406461947296,-0.634433936886717,0.7340454129229614,-0.24222079079463865,-0.16187203327973815,-0.4325804010363364,-0.8869451175135503,-0.7558379618465221,-0.5234993107980195,0.3932651103590225,14.504,-14.673,-9.902
A,57,.,5.041771518220139,0.2253421963318949,10,3.2955071820349113,2.078106901443648,3.2230152456324648,2.217969026773863,3.141735567673834,1.5375551549604742,3.1258390588992064,2.4609639642653534,2.92239784828956,1.5856778648697616,2.9125082608916464,0.0,2.6859545468279635,0.4105103593967483,2.3304375859485975,0.0,0.9068301210885378,0.0,0.26720177558944036,0.5350431967136271,0.0,0.0,0.0,0.0,0.0,0.0,0.0,0.0,0.0,0.0,0.0,0.0,0.0,0.0,0.0,0.0,0.0,0.0,0.0,0.0,0.0,0.0,24.81142719287616,2.481142719287616,0.9945359473382092,0.26720177558944036,3.2955071820349113,0.26720177558944036,0.8428672865386281,2.419316826168439,2.9174530545906032,3.137761440480177,3.2302644392727093,3.2955071820349113,10.825826468423475,1.0825826468423476,0.9438033048115357,0.0,2.4609639642653534,0.0,0.0,0.10262758984918707,1.0362991758370508,1.9549996423001765,2.242268520523012,2.4609639642653534,0.47619047619047616,0.7,0.2253421963318949,5.041771518220139,3.5736085759708627,-0.9744209448820232,0.19417112339360185,0.11314325881505913,0.19979612016995058,0.51801143973544,0.8317124855791521,0.10288504527024045,0.8330436502028471,-0.543555833669787,11.657,-16.229,-11.862
A,58,.,4.934556519648389,0.2696262223983106,8,3.4939892416441265,2.754545670981313,3.2955071820349113,2.078106901443648,3.2748099339973438,1.0331026294619088,2.7037208429409807,1.203728774553093,2.5963138473621314,1.7618173101813461,2.5299278154355207,0.43424561402817824,2.3671679881470755,1.8267002029891712,2.091375053244367,0.5798866529301548,0.0,0.0,0.0,0.0,0.0,0.0,0.0,0.0,0.0,0.0,0.0,0.0,0.0,0.0,0.0,0.0,0.0,0.0,0.0,0.0,0.0,0.0,0.0,0.0,0.0,0.0,22.352811904806458,2.7941014881008073,0.4697744331368577,2.091375053244367,3.4939892416441265,2.091375053244367,2.284430107676263,2.4892378586134094,2.6500173451515563,3.2799842460067357,3.3550517999176757,3.4939892416441265,11.672133756568812,1.4590167195711015,0.7380843023275038,0.43424561402817824,2.754545670981313,0.43424561402817824,0.5361943412595619,0.9197986353289703,1.4827730423672194,1.8895518776027904,2.2810385323049474,2.754545670981313,0.38095238095238093,1.0,0.2696262223983106,4.934556519648389,3.6431368838091376,-0.2788164937431034,0.9495000298993583,-0.14391336295813362,-0.034934454298781815,-0.15978478699254506,-0.9865335299667177,-0.9597087822457644,-0.27003428498408216,0.07772089946396116,8.169,-15.232,-12.869
A,59,.,4.23673524931685,0.4449404269085883,3,3.5959771231136,2.766840985603633,3.4939892416441265,2.754545670981313,0.5951605221802102,0.5391564879340521,0.0,0.0,0.0,0.0,0.0,0.0,0.0,0.0,0.0,0.0,0.0,0.0,0.0,0.0,0.0,0.0,0.0,0.0,0.0,0.0,0.0,0.0,0.0,0.0,0.0,0.0,0.0,0.0,0.0,0.0,0.0,0.0,0.0,0.0,0.0,0.0,7.685126886937937,2.5617089623126454,1.3911829396912887,0.5951605221802102,3.5959771231136,0.5951605221802102,1.1749262660729936,2.044574881912168,3.4939892416441265,3.5449831823788633,3.5755795468197054,3.5959771231136,6.060543144518999,2.0201810481729994,1.047254539168532,0.5391564879340521,2.766840985603633,0.5391564879340521,0.9822343245435043,1.6468510794576825,2.754545670981313,2.760693328292473,2.7643819226791693,2.766840985603633,0.14285714285714285,1.0,0.4449404269085883,4.23673524931685,3.4447918493244667,0.15988790304144906,0.39183492118467733,0.9060360108744054,0.8737906799960657,0.37084973853909986,-0.31457959084704495,-0.4592664869256423,0.8419832931630408,-0.2830873151896777,6.01,-15.551,-15.967
A,60,.,5.008352290024539,0.2898726162894495,6,3.6853883673557535,2.4241830647415332,3.5959771231136,2.766840985603633,3.4345838006797886,2.1126006511468294,3.025028905509579,2.139637836483234,2.9251434864136923,1.2055665336643933,2.091375053244367,0.5798866529301548,0.0,0.0,0.0,0.0,0.0,0.0,0.0,0.0,0.0,0.0,0.0,0.0,0.0,0.0,0.0,0.0,0.0,0.0,0.0,0.0,0.0,0.0,0.0,0.0,0.0,0.0,0.0,0.0,0.0,0.0,18.75749673631678,3.126249456052797,0.5400624519252161,2.091375053244367,3.6853883673557535,2.091375053244367,2.5082592698290296,2.950114841187664,3.229806353094684,3.5556287925051473,3.6406827452346766,3.6853883673557535,11.228715724569778,1.8714526207616295,0.7470892271941245,0.5798866529301548,2.766840985603633,0.5798866529301548,0.8927265932972741,1.4323250630350022,2.1261192438150314,2.3530467576769585,2.5955120251725834,2.766840985603633,0.2857142857142857,1.0,0.2898726162894495,5.008352290024539,3.7862753209963875,0.9710140713658927,0.1684023630656461,-0.16962404700790398,0.10079047009428901,-0.9319594021353199,-0.34827137968795174,-0.21673244876484346,0.32107992289379217,-0.9219190467535158,6.418,-11.782,-16.488
A,61,.,5.177117828789185,0.32931615542941933,13,3.5958728689968398,2.375944284881781,3.4345838006797886,2.1126006511468294,3.3593887895033543,2.352982536226751,3.2748099339973438,1.0331026294619088,2.934766030891799,2.3363815058094977,2.8160193114165857,1.7472292187286393,2.386391171833001,1.9400731468546804,1.8385810303026424,1.5964843764715186,1.6812635677974321,1.2287600465851207,1.0250375076760465,0.790391851665193,0.9068301210885378,0.0,0.5951605221802102,0.5391564879340521,0.3054414372375467,0.8524602267007841,0.0,0.0,0.0,0.0,0.0,0.0,0.0,0.0,0.0,0.0,0.0,0.0,0.0,0.0,0.0,0.0,28.154146093601128,2.1657035456616254,1.1275660174731086,0.3054414372375467,3.5958728689968398,0.3054414372375467,0.6574944419618758,1.0250375076760465,2.386391171833001,3.2748099339973438,3.4195447984445018,3.5958728689968398,18.905566962466757,1.454274381728212,0.7439097474258601,0.0,2.375944284881781,0.0,0.5894035606802803,0.8524602267007841,1.5964843764715186,2.1126006511468294,2.3496623301433,2.375944284881781,0.6190476190476191,0.9230769230769231,0.32931615542941933,5.177117828789185,4.077810288036306,0.5623953036428534,-0.8262029106237962,0.03317036203043394,-0.6256153846144141,-0.4514006692732588,-0.6362726037740528,0.5406634008088781,0.33708483539966805,-0.7707508681599764,10.18,-11.679,-15.993
A,62,.,4.837771114990852,0.2579679414396517,7,3.5958728689968398,2.375944284881781,3.501473996166501,2.0132536610964817,2.9516184084348374,1.9030742231740956,2.92239784828956,1.5856778648697616,2.5963138473621314,1.7618173101813461,2.170637588213802,0.08167574277635505,0.9840278819395365,0.9354774832831987,0.0,0.0,0.0,0.0,0.0,0.0,0.0,0.0,0.0,0.0,0.0,0.0,0.0,0.0,0.0,0.0,0.0,0.0,0.0,0.0,0.0,0.0,0.0,0.0,0.0,0.0,0.0,0.0,18.722342439403207,2.6746203484861724,0.8271075413380528,0.9840278819395365,3.5958728689968398,0.9840278819395365,1.6959937057040957,2.3834757177879666,2.92239784828956,3.2265462023006695,3.5392335452986368,3.5958728689968398,10.656920570263019,1.5224172243232883,0.7167264060153123,0.08167574277635505,2.375944284881781,0.08167574277635505,0.5939567870804613,1.26057767407648,1.7618173101813461,1.9581639421352888,2.1583299106106013,2.375944284881781,0.3333333333333333,1.0,0.2579679414396517,4.837771114990852,3.5053902328651048,0.9173287763890837,-0.3873139374752858,-0.09217282596241058,0.37356126682696544,0.7572645614123487,0.535726015753945,-0.1376949379430459,-0.5258690881449049,0.8393460586662138,13.088,-13.969,-15.181
A,63,.,4.980060842857839,0.34252756511892285,10,3.501473996166501,2.0132536610964817,3.490047345192992,2.5276228491689534,3.3940888424248605,2.3075975098175823,3.1549259304559225,2.20153637925445,2.8160193114165857,1.7472292187286393,1.983477022842412,0.0,1.7506370823723174,1.8704088990483156,0.8821215581840003,0.9841213281809162,0.6979157926350474,0.7684958113497941,0.1227599635124246,0.8447517646918394,0.0,0.0,0.0,0.0,0.0,0.0,0.0,0.0,0.0,0.0,0.0,0.0,0.0,0.0,0.0,0.0,0.0,0.0,0.0,0.0,0.0,0.0,21.793466845203064,2.1793466845203064,1.2094543630668495,0.1227599635124246,3.501473996166501,0.1227599635124246,0.6404002097227852,1.0992504392310796,2.399748167129499,3.334298114432626,3.491190010290343,3.501473996166501,15.265017421336973,1.5265017421336973,0.7833062056242941,0.0,2.5276228491689534,0.0,0.6916462302148146,0.8795941555641087,1.8088190588884774,2.154465699714958,2.3296000437527193,2.5276228491689534,0.47619047619047616,0.9,0.34252756511892285,4.980060842857839,3.9217651958097077,0.5296652537026886,-0.8420095054865009,0.10234603895825536,-0.6953084047370305,-0.5001224884486251,-0.5161624926803581,0.4857992808991306,0.20223127655813555,-0.8503537907597958,16.731,-12.908,-14.412
A,64,.,4.899868859419725,0.37772594233289664,8,3.5684278610232725,2.578875020678344,3.4972527382987018,2.4026656944040896,3.490047345192992,2.5276228491689534,2.9522609392971173,1.8645420396152566,2.1460950122343565,0.28825390892213726,1.8418614709748864,1.7396430291314686,1.1985149372291564,1.7139672827863401,0.9840278819395365,0.9354774832831987,0.0,0.0,0.0,0.0,0.0,0.0,0.0,0.0,0.0,0.0,0.0,0.0,0.0,0.0,0.0,0.0,0.0,0.0,0.0,0.0,0.0,0.0,0.0,0.0,0.0,0.0,19.678488186190016,2.459811023273752,0.9911037714018206,0.9840278819395365,3.5684278610232725,0.9840278819395365,1.1341688206422704,1.681024837538454,2.549177975765737,3.4918486934694197,3.518605275116073,3.5684278610232725,14.051047307989787,1.7563809134987234,0.752666255974734,0.28825390892213726,2.578875020678344,0.28825390892213726,0.7413104109748803,1.5193448329105548,1.8020925343733625,2.4339049830953057,2.5429985006217706,2.578875020678344,0.38095238095238093,1.0,0.37772594233289664,4.899868859419725,3.938477109583347,0.9301597738036752,-0.33312245166508236,-0.15437690045515448,0.364949373007958,0.7928521153038465,0.488054790366117,-0.04018395623372817,-0.510308686438768,0.8590519741008368,19.692,-14.978,-13.296
A,65,.,5.31577450513879,0.19026153992561437,14,3.693610743889831,1.4553562302264516,3.5684278610232725,2.578875020678344,3.474958865224209,1.9543033984133351,3.170680883518514,2.0521294387183073,2.964097117180377,1.0158717785291258,2.9011688148840324,0.6792424563892995,2.3400099638181073,0.0,2.246389274534003,0.0,2.126302465108154,0.0,2.125147191718152,0.0,1.6253899986480274,1.229111171211635,1.1507745387376254,1.556174257107104,0.19417436721372078,0.0,0.1227599635124246,0.8447517646918394,0.0,0.0,0.0,0.0,0.0,0.0,0.0,0.0,0.0,0.0,0.0,0.0,0.0,0.0,31.70389204901045,2.264563717786461,1.117728411168919,0.1227599635124246,3.693610743889831,0.1227599635124246,0.4811544186708922,1.7503292969155586,2.293199619176055,3.11903494193398,3.5403871622835537,3.693610743889831,13.36581551596544,0.9547011082832457,0.8526513341941985,0.0,2.578875020678344,0.0,0.0,0.0,0.9303117716104826,1.5309697503869408,2.022781626626816,2.578875020678344,0.6666666666666666,0.6428571428571429,0.19026153992561437,5.31577450513879,3.6771145937473677,0.4839771347627463,-0.8717382251954616,0.07641073065943807,-0.6799514601933513,-0.42958684149283627,-0.594239983001092,0.5508467525617011,0.2356429764480058,-0.8006498878054955,23.282,-14.306,-12.312
A,66,.,4.622503787354613,0.30046798725578655,6,3.474958865224209,1.9543033984133351,3.319636577819068,2.1125788847558296,3.010044365211734,1.939985490015343,2.4274540750399147,1.7915694511757683,2.183249602903634,0.8286959119875419,1.8418614709748864,1.7396430291314686,0.0,0.0,0.0,0.0,0.0,0.0,0.0,0.0,0.0,0.0,0.0,0.0,0.0,0.0,0.0,0.0,0.0,0.0,0.0,0.0,0.0,0.0,0.0,0.0,0.0,0.0,0.0,0.0,0.0,0.0,16.257204957173446,2.7095341595289075,0.599695315372998,1.8418614709748864,3.474958865224209,1.8418614709748864,2.01255553693926,2.244300720937704,2.718749220125824,3.2422385246672345,3.397297721521639,3.474958865224209,10.366776165479287,1.7277960275798812,0.4197174095047131,0.8286959119875419,2.1125788847558296,0.8286959119875419,1.2841694705595053,1.7526246346425436,1.8657774705955557,1.9507239213138372,2.033441141584582,2.1125788847558296,0.2857142857142857,1.0,0.30046798725578655,4.622503787354613,3.4427132154202864,0.8529711369287053,-0.3430780883528613,-0.3933670866489698,0.4881742550678735,0.7910907223312076,0.36859376789416154,0.18473260745054906,-0.5064315297585987,0.842259443052369,26.161,-16.394,-11.06
A,67,.,4.998238011029245,0.14425657348179302,10,3.5372073667037474,2.0492722406218062,3.376224813221135,0.3125132120322117,3.319636577819068,2.1125788847558296,3.1979136455513495,1.4771012344252037,2.555815462464664,0.0,2.2343212414217746,1.431105189653608,2.126302465108154,0.0,1.8231935347175854,0.0,0.9877701094410449,0.2354127756129642,0.6453724256879577,0.0,0.0,0.0,0.0,0.0,0.0,0.0,0.0,0.0,0.0,0.0,0.0,0.0,0.0,0.0,0.0,0.0,0.0,0.0,0.0,0.0,0.0,0.0,23.803757642136482,2.3803757642136483,0.9621464094544356,0.6453724256879577,3.5372073667037474,0.6453724256879577,0.9535303410657362,1.8989707673152276,2.395068351943219,3.2892058447521384,3.392323068569396,3.5372073667037474,7.617983537101623,0.7617983537101624,0.8510060367914324,0.0,2.1125788847558296,0.0,0.0,0.0,0.27396299382258793,1.4656022232323047,2.0556029050352085,2.1125788847558296,0.47619047619047616,0.6,0.14425657348179302,4.998238011029245,3.101335974639844,0.5009863566091894,-0.7445692602853743,0.441168093961407,-0.5737849024837067,-0.667370040185141,-0.47475058203760695,0.647907058283218,-0.015292027379455881,-0.7615658853476913,29.334,-15.312,-9.284
A,68,.,4.974508025971016,0.234951425632508,7,3.8288500703673605,2.6809324836540065,3.5372073667037474,2.0492722406218062,3.22056639504881,0.10690991471893659,3.1491226644348407,1.9213773808320074,2.8309401741267384,2.1345356039894074,0.9633994832610489,0.0,0.8575338647175323,0.0,0.0,0.0,0.0,0.0,0.0,0.0,0.0,0.0,0.0,0.0,0.0,0.0,0.0,0.0,0.0,0.0,0.0,0.0,0.0,0.0,0.0,0.0,0.0,0.0,0.0,0.0,0.0,0.0,18.38762001866008,2.6268028598085826,1.1236434735696836,0.8575338647175323,3.8288500703673605,0.8575338647175323,0.9210532358436423,1.8971698286938936,3.1491226644348407,3.3788868808762786,3.653864448169193,3.8288500703673605,8.893027623816165,1.2704325176880236,1.092067975267693,0.0,2.6809324836540065,0.0,0.0,0.05345495735946829,1.9213773808320074,2.091903922305607,2.353094355855247,2.6809324836540065,0.3333333333333333,0.7142857142857143,0.234951425632508,4.974508025971016,3.5483885861370497,-0.026366542331926493,-0.5958262122697304,-0.8026804658254523,0.670369338789126,0.5851102716189008,-0.45634517599892105,0.7415590030853167,-0.550124617535302,0.38399628920700385,32.136,-16.285,-6.951
A,69,.,5.234881447987437,0.13593922091300648,14,3.775758739046461,2.3001691770177675,3.22056639504881,0.10690991471893659,3.0795769752490374,1.148452694791133,2.7407690536649363,0.0,2.7345428187273333,0.0,2.6640843810482444,1.7701748551360947,2.5996703169206894,1.1898322969317714,2.3078780604946343,1.297058694048339,2.293948908272475,0.0,2.273568143923553,0.0,2.008486478496134,1.1574659314618194,1.963122589979292,1.1442164304731255,1.8231935347175854,0.0,0.11583625301527603,0.0,0.0,0.0,0.0,0.0,0.0,0.0,0.0,0.0,0.0,0.0,0.0,0.0,0.0,0.0,33.601002648604464,2.4000716177574617,0.814839602176898,0.11583625301527603,3.775758739046461,0.11583625301527603,1.8651722512960973,2.074756894852989,2.453774188707662,2.7392124949305354,3.1782695691088785,3.775758739046461,10.114279994578988,0.7224485710413563,0.7650697552879412,0.0,2.3001691770177675,0.0,0.0,0.0,0.625563172596031,1.1817407055642835,1.6282400068097687,2.3001691770177675,0.6666666666666666,0.5714285714285714,0.13593922091300648,5.234881447987437,3.272635866332011,0.8740510058016302,0.3614577929362831,-0.3246276377371309,0.4768748516958412,-0.5105663953275567,0.7154804901479108,0.09287203603468701,-0.7801731986474902,-0.6186312027653598,31.71,-14.741,-3.506
A,70,.,4.511906321052639,0.2701363700285842,8,3.250719393682433,1.9727356770012738,3.0795769752490374,1.148452694791133,2.833225108692895,2.020417123229794,2.800848136953562,1.5174541938179127,2.0781181664049253,0.0,1.372119368938585,1.2823772477001176,0.9633994832610489,0.0,0.9261222437874443,1.4556151788266016,0.0,0.0,0.0,0.0,0.0,0.0,0.0,0.0,0.0,0.0,0.0,0.0,0.0,0.0,0.0,0.0,0.0,0.0,0.0,0.0,0.0,0.0,0.0,0.0,0.0,0.0,17.304128876969934,2.1630161096212417,0.9000627653702308,0.9261222437874443,3.250719393682433,0.9261222437874443,0.9522163114189675,1.269939397519201,2.4394831516792435,2.8948130753319306,3.130919700779056,3.250719393682433,9.397052115366833,1.1746315144208541,0.7348992807305903,0.0,2.020417123229794,0.0,0.0,0.8613395210933499,1.3689962132633595,1.631274564613753,1.98704011086983,2.020417123229794,0.38095238095238093,0.75,0.2701363700285842,4.511906321052639,3.2323060345078316,0.4495568714439943,-0.6524745623898359,-0.6100619351932066,0.32597883100248254,-0.5160286049786398,0.7921188550855572,-0.8316468127010065,-0.5549697507774556,-0.019291310123111027,34.093,-11.822,-3.048
A,71,.,4.869533428090911,0.26183310960231376,10,3.8288500703673605,2.6809324836540065,3.4055644985771805,2.2743059815987863,3.250719393682433,1.9727356770012738,2.450470472466873,1.0419114171985084,2.32394435124862,0.0,2.008486478496134,1.1574659314618194,0.9877701094410449,0.2354127756129642,0.8694925823255157,0.0,0.6228266423992265,0.0,0.10748755191147515,0.7190439459160677,0.0,0.0,0.0,0.0,0.0,0.0,0.0,0.0,0.0,0.0,0.0,0.0,0.0,0.0,0.0,0.0,0.0,0.0,0.0,0.0,0.0,0.0,19.855612150915864,1.9855612150915865,1.2235734616924876,0.10748755191147515,3.8288500703673605,0.10748755191147515,0.5712927333504514,0.899061964104398,2.1662154148723767,3.050657163378543,3.4478930557561984,3.8288500703673605,10.081808212443427,1.0081808212443426,0.9531535659470352,0.0,2.6809324836540065,0.0,0.0,0.05885319390324105,0.8804776815572881,1.7689182406164101,2.3149686318043083,2.6809324836540065,0.47619047619047616,0.7,0.26183310960231376,4.869533428090911,3.550897630137456,-0.5815597476880141,-0.6843973141898031,0.4397596800513175,0.6073627399062498,-0.005655561406356295,0.7944045045181654,-0.5412012213979439,0.7290873273860703,0.41896647479531196,34.956,-11.449,-6.746
A,72,.,4.847320840409869,0.3545860958867657,7,3.626559802796325,2.7673625897681826,3.4055644985771805,2.2743059815987863,3.3429148067781234,2.294604331265589,3.2768692233447654,2.2190871729432935,1.7279229238700462,0.0,1.372119368938585,1.2823772477001176,0.2754786628217937,0.8988515494405489,0.0,0.0,0.0,0.0,0.0,0.0,0.0,0.0,0.0,0.0,0.0,0.0,0.0,0.0,0.0,0.0,0.0,0.0,0.0,0.0,0.0,0.0,0.0,0.0,0.0,0.0,0.0,0.0,17.027429287126818,2.432489898160974,1.2064129134423798,0.2754786628217937,3.626559802796325,0.2754786628217937,0.9334630864918686,1.5500211464043157,3.2768692233447654,3.3742396526776517,3.4939626202648384,3.626559802796325,11.736588872716517,1.6766555532452168,0.9098295698428656,0.0,2.7673625897681826,0.0,0.5393109296643295,1.0906143985703332,2.2190871729432935,2.2844551564321876,2.4837076346666267,2.7673625897681826,0.3333333333333333,0.8571428571428571,0.3545860958867657,4.847320840409869,3.824702998999168,-0.2564301226614424,0.43005193542777553,-0.8656205433252273,-0.36623309946686206,-0.8720195466132091,-0.3247387060074432,-0.8944925427563569,0.23374610832978046,0.38111133254463764,33.898,-8.436,-8.818
A,73,.,5.298380090580843,0.1871948422274638,13,3.602392485052975,2.6787449667096213,3.5651795734027028,0.0,3.3429148067781234,2.294604331265589,3.1979136455513495,1.4771012344252037,2.964097117180377,1.0158717785291258,2.837714961262357,0.2347179092558638,2.450470472466873,1.0419114171985084,2.4274540750399147,1.7915694511757683,2.398486007371249,1.2603824378998982,2.204849875160423,0.0,1.3614764281772518,0.0,1.017304614595158,0.0,0.07434205903896325,0.0,0.0,0.0,0.0,0.0,0.0,0.0,0.0,0.0,0.0,0.0,0.0,0.0,0.0,0.0,0.0,0.0,31.444596121077716,2.4188150862367475,1.010513690670796,0.07434205903896325,3.602392485052975,0.07434205903896325,1.0861389773115768,2.204849875160423,2.450470472466873,3.1979136455513495,3.520726620077787,3.602392485052975,11.794903526459578,0.9073002712661213,0.9153454529948954,0.0,2.6787449667096213,0.0,0.0,0.0,1.0158717785291258,1.4771012344252037,2.193997355247625,2.6787449667096213,0.6190476190476191,0.6153846153846154,0.1871948422274638,5.298380090580843,3.6442513191722283,-0.6570878621225743,0.06325407745980524,0.7511554187622518,0.6142486333984348,0.6225504402130638,0.48490160420303374,-0.4369601329862256,0.7800191478901204,-0.44792406845963373,31.816,-9.253,-11.847
A,74,.,4.708194354511209,0.34167781653503787,6,3.602392485052975,2.6787449667096213,3.3930845615516048,2.5898520793094946,3.1712725560597197,1.057720847292033,2.5120434274434458,1.914761455033948,2.348658236068995,1.1412502333523435,1.0184537409520413,1.0450462380871177,0.0,0.0,0.0,0.0,0.0,0.0,0.0,0.0,0.0,0.0,0.0,0.0,0.0,0.0,0.0,0.0,0.0,0.0,0.0,0.0,0.0,0.0,0.0,0.0,0.0,0.0,0.0,0.0,0.0,0.0,16.04590500712878,2.67431750118813,0.8659469973899998,1.0184537409520413,3.602392485052975,1.0184537409520413,1.683555988510518,2.3895045339126075,2.8416579917515827,3.3376315601786333,3.49773852330229,3.602392485052975,10.427375819784558,1.737895969964093,0.700115767833904,1.0450462380871177,2.6787449667096213,1.0450462380871177,1.0513835426895755,1.0786031938071106,1.528005844193146,2.421079423240608,2.6342985230095577,2.6787449667096213,0.2857142857142857,1.0,0.34167781653503787,4.708194354511209,3.6515391518793505,-0.9089210074595285,0.37335809502837486,-0.1856511111616051,-0.41338489782505006,-0.7486166559965557,0.5183493306783636,0.05454840464146138,0.5478839614747977,0.8347740031348327,29.671,-7.675,-14.55
A,75,.,5.195009434564977,0.11188091875722174,12,3.442083374134498,1.4823656148703162,3.1712725560597197,1.057720847292033,3.170680883518514,2.0521294387183073,3.0889675750135104,0.0,2.958648076424056,1.6084814551746505,2.837837928281001,0.0,2.837714961262357,0.2347179092558638,2.664669380020287,1.0671319414409295,2.535979919972001,0.9341817292480173,1.7433094971867187,0.0,1.205500636595591,0.0,0.027502806635177172,0.253495048998426,0.0,0.0,0.0,0.0,0.0,0.0,0.0,0.0,0.0,0.0,0.0,0.0,0.0,0.0,0.0,0.0,0.0,0.0,29.684167595103432,2.473680632925286,0.9554674702113638,0.027502806635177172,3.442083374134498,0.027502806635177172,1.2592815226547038,2.3378123142756806,2.837776444771679,3.1093959021397612,3.171213388805599,3.442083374134498,8.690223984998543,0.7241853320832119,0.7042794550628738,0.0,2.0521294387183073,0.0,0.0,0.0,0.5938383891232217,1.1709403597982762,1.5958698711442172,2.0521294387183073,0.5714285714285714,0.6666666666666666,0.11188091875722174,5.195009434564977,3.0477582919337403,-0.5998850590470641,0.785796253421854,0.150539576325556,0.5186575593758745,0.5251966755475879,-0.6746575339355687,-0.6092062475339215,-0.3266384853349942,-0.7226168056886715,26.019,-8.026,-13.675
A,76,.,4.850928477879357,0.33163365416225304,10,3.442083374134498,1.4823656148703162,3.427417282638185,1.9173475218951412,3.3767304935940867,2.271843371379174,2.5464484978825954,1.722654091412504,2.5120434274434458,1.914761455033948,1.9743490456570938,0.0,1.7506370823723174,1.8704088990483156,1.1985149372291564,1.7139672827863401,1.1507745387376254,1.556174257107104,0.007292395730487283,0.0,0.0,0.0,0.0,0.0,0.0,0.0,0.0,0.0,0.0,0.0,0.0,0.0,0.0,0.0,0.0,0.0,0.0,0.0,0.0,0.0,0.0,0.0,21.386291075419493,2.1386291075419495,1.0852838876869797,0.007292395730487283,3.442083374134498,0.007292395730487283,1.0364263244369116,1.3365454735149467,2.24319623655027,3.169159994666214,3.4288838917878164,3.442083374134498,14.449522493532843,1.4449522493532843,0.751509931655168,0.0,2.271843371379174,0.0,0.0,1.5008177754295131,1.718310687099422,1.9036733160375399,1.9527971068435444,2.271843371379174,0.47619047619047616,0.8,0.33163365416225304,4.850928477879357,3.7628436480749263,-0.8111906513580389,0.5375428903785212,0.23025500679209032,-0.07762589965148697,-0.48924244122851823,0.8686863953142452,0.5796067173977694,0.6867965307893343,0.43859614503905214,23.233,-7.272,-16.12
A,77,.,5.056357098518051,0.16824541717679653,10,3.5432812639284132,1.1564534323579494,3.427417282638185,1.9173475218951412,3.4110751026185624,2.1738444918940014,2.958648076424056,1.6084814551746505,2.5887860691640285,0.8138814127044286,2.4890812573093,0.4824600992852675,2.403307870952345,0.9489050554270821,2.38635898498004,0.0,0.8821215581840003,0.9841213281809162,0.3054414372375467,0.8524602267007841,0.0,0.0,0.0,0.0,0.0,0.0,0.0,0.0,0.0,0.0,0.0,0.0,0.0,0.0,0.0,0.0,0.0,0.0,0.0,0.0,0.0,0.0,24.39551890343648,2.439551890343648,1.0206026917380613,0.3054414372375467,3.5432812639284132,0.3054414372375467,0.824453546089355,2.3905962064731163,2.5389336632366644,3.297968346069936,3.439003680767208,3.5432812639284132,10.937955023620223,1.0937955023620223,0.620750130880791,0.0,2.1738444918940014,0.0,0.4342140893567408,0.8235261162035175,0.9665131918039992,1.4954744494704753,1.942997218895027,2.1738444918940014,0.47619047619047616,0.9,0.16824541717679653,5.056357098518051,3.305025080337846,-0.8664906279791836,0.49383804529867137,0.07292445844726816,-0.10178654967225392,-0.03176827644300753,-0.9942988861090302,-0.4887059340033203,-0.8689733952356815,0.0777929845327599,20.329,-6.286,-13.846
A,78,.,4.771708160219948,0.32251220454350055,7,3.4110751026185624,2.1738444918940014,3.3593887895033543,2.352982536226751,3.305350724646328,2.11266111085831,3.1549259304559225,2.20153637925445,2.1162181647074556,1.3921124034407861,1.6164194844447313,1.141524896333014,0.007292395730487283,0.0,0.0,0.0,0.0,0.0,0.0,0.0,0.0,0.0,0.0,0.0,0.0,0.0,0.0,0.0,0.0,0.0,0.0,0.0,0.0,0.0,0.0,0.0,0.0,0.0,0.0,0.0,0.0,0.0,16.970670592106842,2.4243815131581203,1.1800539838919042,0.007292395730487283,3.4110751026185624,0.007292395730487283,0.9727686489590338,1.8663188245760933,3.1549259304559225,3.332369757074841,3.3800633147494374,3.4110751026185624,11.374661818007315,1.6249516882867592,0.7864936833040035,0.0,2.352982536226751,0.0,0.6849149377998085,1.2668186498869,2.11266111085831,2.1876904355742255,2.2621148420433705,2.352982536226751,0.3333333333333333,0.8571428571428571,0.32251220454350055,4.771708160219948,3.657721548988622,-0.27096593892875714,0.8743226766401204,0.40266278329802513,0.762049887505818,0.45041356733952903,-0.465196289010187,-0.588096445230565,0.1807967794772209,-0.7883242325577959,16.586,-6.782,-14.43
A,79,.,5.004339517218377,0.28603900752810035,7,3.363976534110597,1.9489142037897946,3.305350724646328,2.11266111085831,3.2170181003660865,2.361896853384938,3.200715927551989,2.060378490829563,3.1856292310745653,2.1642019496384988,2.577197123350078,1.6623244369562138,2.4890812573093,0.4824600992852675,0.0,0.0,0.0,0.0,0.0,0.0,0.0,0.0,0.0,0.0,0.0,0.0,0.0,0.0,0.0,0.0,0.0,0.0,0.0,0.0,0.0,0.0,0.0,0.0,0.0,0.0,0.0,0.0,21.338968898408943,3.0484241283441347,0.33186612920809855,2.4890812573093,3.363976534110597,2.4890812573093,2.541950776933767,2.8814131772123215,3.200715927551989,3.261184412506207,3.3288010484320356,3.363976534110597,12.792837144742585,1.8275481635346549,0.5837874055584235,0.4824600992852675,2.361896853384938,0.4824600992852675,1.1903787018878353,1.8056193203730042,2.060378490829563,2.1384315302484045,2.2432799111370745,2.361896853384938,0.3333333333333333,1.0,0.28603900752810035,5.004339517218377,3.7693190445575473,0.6651596951670533,0.5436688507773054,-0.5118464228845959,0.26527592976060216,-0.8128145307739976,-0.5186147121440868,-0.6979908745928709,0.20918106811356033,-0.6848737253888115,16.283,-3.246,-15.593
A,80,.,4.474367980029003,0.30627146018181184,6,3.247307778862435,1.7186330664594966,3.1856292310745653,2.1642019496384988,2.5887860691640285,0.8138814127044286,2.5464484978825954,1.722654091412504,2.4617489003589625,1.9869986223526594,1.6164194844447313,1.141524896333014,0.0,0.0,0.0,0.0,0.0,0.0,0.0,0.0,0.0,0.0,0.0,0.0,0.0,0.0,0.0,0.0,0.0,0.0,0.0,0.0,0.0,0.0,0.0,0.0,0.0,0.0,0.0,0.0,0.0,0.0,15.646339961787316,2.607723326964553,0.5402389241413077,1.6164194844447313,3.247307778862435,1.6164194844447313,2.039084192401847,2.4829237997398708,2.5676172835233118,3.0364184405969312,3.2164685049685002,3.247307778862435,9.547894038900601,1.5913156731501001,0.4699182469773462,0.8138814127044286,2.1642019496384988,0.8138814127044286,0.9777031545187214,1.2858019388646347,1.7206435789360004,1.9209124896176206,2.075600285995579,2.1642019496384988,0.2857142857142857,1.0,0.30627146018181184,4.474367980029003,3.316572971780335,0.8196566190260915,-0.3376552634414199,0.4627655453434514,0.5435894337887552,0.20354473123055836,-0.8142972859229608,0.18075827604825503,0.9189986210319279,0.35038261969092843,19.274,-3.634,-17.923
A,81,.,5.3809806881805144,0.14933363465952823,12,3.597112240585779,2.041839617580268,3.5432812639284132,1.1564534323579494,3.384475005517767,1.8479286902743899,3.363976534110597,1.9489142037897946,3.247307778862435,1.7186330664594966,3.2194756449401685,1.5056672434112048,2.7831020134129294,0.0,2.7460843130868047,1.1962772695085058,1.9743490456570938,0.0,1.372028079937832,0.9738877161946762,1.205500636595591,0.0,0.5797606535801448,0.0,0.0,0.0,0.0,0.0,0.0,0.0,0.0,0.0,0.0,0.0,0.0,0.0,0.0,0.0,0.0,0.0,0.0,0.0,31.016453210215552,2.5847044341846295,0.9942853440092924,0.5797606535801448,3.597112240585779,0.5797606535801448,1.222153380929815,1.8237688042272784,3.001288829176549,3.3691011519623895,3.527400638087349,3.597112240585779,12.389601239576287,1.0324667699646906,0.7920447727526136,0.0,2.041839617580268,0.0,0.0,0.0,1.1763653509332275,1.75095697241322,1.9388156524382543,2.041839617580268,0.5714285714285714,0.6666666666666666,0.14933363465952823,5.3809806881805144,3.505292797418455,0.731117676834292,-0.6677622966074895,0.13985870673618828,-0.6773011153437982,-0.6857488838521153,0.26648014456920577,-0.08203744129648718,-0.28955480228286556,-0.9536392791304561,22.039,-1.814,-16.031
A,82,.,4.879028454122126,0.31788691310017425,9,3.3930845615516048,2.5898520793094946,3.3767304935940867,2.271843371379174,3.2194756449401685,1.5056672434112048,3.1404384945532495,1.259241934593077,2.5399470815458107,2.0660839752866207,2.4617489003589625,1.9869986223526594,1.7433094971867187,0.0,0.19814323138679107,0.7879936164880625,0.0016723608247693196,0.042805817441677566,0.0,0.0,0.0,0.0,0.0,0.0,0.0,0.0,0.0,0.0,0.0,0.0,0.0,0.0,0.0,0.0,0.0,0.0,0.0,0.0,0.0,0.0,0.0,0.0,20.07455026594216,2.2305055851046847,1.2452685080104104,0.0016723608247693196,3.3930845615516048,0.0016723608247693196,0.15884905727438672,1.7433094971867187,2.5399470815458107,3.2194756449401685,3.3800013071855903,3.3930845615516048,12.510486660261972,1.3900540733624414,0.8926060502483163,0.0,2.5898520793094946,0.0,0.03424465395334206,0.7879936164880625,1.5056672434112048,2.0660839752866207,2.3354451129652385,2.5898520793094946,0.42857142857142855,0.8888888888888888,0.31788691310017425,4.879028454122126,3.7491544901264913,0.5777036124415718,-0.6603728789844271,-0.47975639325993086,0.33126126216302765,0.7268606475684837,-0.6016141414615205,0.7460057053147221,0.18862995445618855,0.6386659752325468,25.546,-3.225,-16.402
A,83,.,5.006096743773586,0.05466470775904869,11,3.1701896552911437,1.4667723586564314,3.1404384945532495,1.259241934593077,3.0889675750135104,0.0,2.870254080977064,0.0,2.7831020134129294,0.0,2.6544243638891394,0.0,2.38635898498004,0.0,2.348658236068995,1.1412502333523435,2.2700804961569223,0.0,2.1542834408717804,0.11266864610047131,1.017304614595158,0.0,0.0,0.0,0.0,0.0,0.0,0.0,0.0,0.0,0.0,0.0,0.0,0.0,0.0,0.0,0.0,0.0,0.0,0.0,0.0,0.0,27.884061955809933,2.5349147232554485,0.590874381260638,1.017304614595158,3.1701896552911437,1.017304614595158,2.1542834408717804,2.309369366112959,2.6544243638891394,2.979610827995287,3.1404384945532495,3.1701896552911437,3.979933172702323,0.3618121066093021,0.573051617183073,0.0,1.4667723586564314,0.0,0.0,0.0,0.0,0.6269594397264074,1.259241934593077,1.4667723586564314,0.5238095238095238,0.36363636363636365,0.05466470775904869,5.006096743773586,2.2091433765244135,0.8192498890388714,-0.16395008180821993,0.5494997634074786,-0.5479485391613989,-0.5063349424878921,0.6658658456826511,0.16906217122906583,-0.8466081128189482,-0.504651053271915,26.984,-2.99,-12.921
A,84,.,4.958712025878258,0.2969068219711955,10,3.7275639658446176,2.738275447886915,3.626559802796325,2.7673625897681826,3.1701896552911437,1.4667723586564314,3.102728450787785,0.0,2.398486007371249,1.2603824378998982,1.5803097774421018,0.8880764253929825,1.404740676884422,0.0,1.0184537409520413,1.0450462380871177,0.8123425517341598,1.1859574988181378,0.19814323138679107,0.7879936164880625,0.0,0.0,0.0,0.0,0.0,0.0,0.0,0.0,0.0,0.0,0.0,0.0,0.0,0.0,0.0,0.0,0.0,0.0,0.0,0.0,0.0,0.0,21.039517860490633,2.1039517860490635,1.200724110937393,0.19814323138679107,3.7275639658446176,0.19814323138679107,0.750922619699423,1.1150254749351365,1.9893978924066755,3.1533243541653038,3.636660219101154,3.7275639658446176,12.139866612997727,1.2139866612997727,0.8981663287612056,0.0,2.7673625897681826,0.0,0.0,0.8130143187142925,1.1155018684526277,1.4151748784672982,2.7411841620750415,2.7673625897681826,0.47619047619047616,0.8,0.2969068219711955,4.958712025878258,3.76086680433755,-0.3659938723727569,-0.847245845642191,-0.3849973537930398,-0.2492431388918416,0.48782846074292,-0.8366010104013357,0.8966193970135468,-0.21023289450331584,-0.3897124413818751,30.187,-4.013,-11.303
A,85,.,4.99825603966173,0.0,12,3.5651795734027028,0.0,3.2886705081514758,0.0,3.102728450787785,0.0,2.837837928281001,0.0,2.4582203845254944,0.0,2.378253632543082,0.0,2.376690208000829,0.0,2.2700804961569223,0.0,1.797953579391382,0.0,1.7279229238700462,0.0,0.6228266423992265,0.0,0.19417436721372078,0.0,0.0,0.0,0.0,0.0,0.0,0.0,0.0,0.0,0.0,0.0,0.0,0.0,0.0,0.0,0.0,0.0,0.0,0.0,26.620538694723667,2.2183782245603054,0.9702454458004635,0.19417436721372078,3.5651795734027028,0.19417436721372078,0.7333362705463086,1.780445915511048,2.3774719202719554,2.904060558907697,3.2700763024151067,3.5651795734027028,0.0,0.0,0.0,0.0,0.0,0.0,0.0,0.0,0.0,0.0,0.0,0.0,0.5714285714285714,0.0,0.0,4.99825603966173,0.0,0.665175111904843,0.693143417636259,0.2776585548653345,-0.54844340109017,0.20119515336811009,0.8116220463133251,0.5067069234804537,-0.6921507876530295,0.5139799420680387,28.849,-6.217,-8.53
A,86,.,5.059080446374977,0.20190409232802672,11,3.382741447168031,2.339249657365469,3.2886705081514758,0.0,3.2768692233447654,2.2190871729432935,3.2695499275961555,0.0,2.8376036923575088,2.1294630902413614,2.800848136953562,1.5174541938179127,2.32394435124862,0.0,1.4814704410241348,0.5709066625738305,1.40879921645996,0.0,1.3614764281772518,0.0,0.8123425517341598,1.1859574988181378,0.0,0.0,0.0,0.0,0.0,0.0,0.0,0.0,0.0,0.0,0.0,0.0,0.0,0.0,0.0,0.0,0.0,0.0,0.0,0.0,26.244315924215623,2.38584690220142,0.907626922352056,0.8123425517341598,3.382741447168031,0.8123425517341598,1.3614764281772518,1.4451348287420474,2.800848136953562,3.27320957547046,3.2886705081514758,3.382741447168031,9.962118275760005,0.9056471159781823,0.9507883353273628,0.0,2.339249657365469,0.0,0.0,0.0,0.5709066625738305,1.823458642029637,2.2190871729432935,2.339249657365469,0.5238095238095238,0.5454545454545454,0.20190409232802672,5.059080446374977,3.4839140802639803,-0.6578144742771436,-0.7002837959014049,-0.27727733883136696,-0.3480962980565842,0.6091352984516339,-0.7125890508978794,0.6679139800234659,-0.3722321767098573,-0.6444642130569042,30.338,-8.109,-5.594
A,87,.,4.983008849927696,0.0,16,3.2695499275961555,0.0,3.0423438759037835,0.0,2.823501631790192,0.0,2.7407690536649363,0.0,2.555815462464664,0.0,2.4083135409564793,0.0,2.3400099638181073,0.0,2.2465870644701016,0.0,2.204849875160423,0.0,2.0781181664049253,0.0,1.9198198816288727,0.0,1.797953579391382,0.0,0.8694925823255157,0.0,0.8575338647175323,0.0,0.5902940742777486,0.0,0.02734509165539577,0.0,0.0,0.0,0.0,0.0,0.0,0.0,0.0,0.0,0.0,0.0,31.772297636226217,1.9857686022641385,0.9059244351274581,0.02734509165539577,3.2695499275961555,0.02734509165539577,0.7239139694976404,1.5658383301249152,2.2257184698152623,2.602053860264732,2.932922753846988,3.2695499275961555,0.0,0.0,0.0,0.0,0.0,0.0,0.0,0.0,0.0,0.0,0.0,0.0,0.7619047619047619,0.0,0.0,4.983008849927696,0.0,0.5599960502137499,0.8280449807250296,-0.027311785754221024,-0.4023528747118811,0.3006273688557098,0.8647169185958943,0.7242351744813865,-0.4732490834549799,0.5015164175308093,28.515,-10.567,-3.433
A,88,.,4.902421303741655,0.2287613255155677,9,3.1589771894598493,1.5204842868638735,3.1258478388773443,1.5252886175952716,3.0423438759037835,0.0,2.904877155209905,2.0521692608546673,2.8376036923575088,2.1294630902413614,2.833225108692895,2.020417123229794,2.3585740455028033,0.0,2.3078780604946343,1.297058694048339,0.862214621675484,0.0,0.0,0.0,0.0,0.0,0.0,0.0,0.0,0.0,0.0,0.0,0.0,0.0,0.0,0.0,0.0,0.0,0.0,0.0,0.0,0.0,0.0,0.0,0.0,0.0,23.431541588174206,2.603504620908245,0.6792028249767805,0.862214621675484,3.1589771894598493,0.862214621675484,2.0187453727308045,2.3585740455028033,2.8376036923575088,3.0423438759037835,3.1324737089938455,3.1589771894598493,10.544881072833306,1.171653452537034,0.8688363772266962,0.0,2.1294630902413614,0.0,0.0,0.0,1.5204842868638735,2.020417123229794,2.067628026732006,2.1294630902413614,0.42857142857142855,0.6666666666666666,0.2287613255155677,4.902421303741655,3.4520812255696307,-0.6709837464909931,-0.7409114695168934,-0.02882717959197953,-0.29940310600394776,0.3063031891192566,-0.9036238910357349,0.6783351620401964,-0.5976859967187541,-0.4273556566446851,29.66,-11.547,0.055
A,89,.,5.209151965313,0.18238163145865569,12,3.3779151074102978,1.5633981624055973,3.375253736857209,2.1161808132172775,3.1258478388773443,1.5252886175952716,3.0660882156379836,1.5417777239590997,2.775428436432158,0.0,2.756186183087161,1.8094258294015109,2.694796085423794,0.0,2.6926116374130187,1.339978134242468,2.6640843810482444,1.7701748551360947,2.576345710104782,0.9128769114143078,0.2484525592597794,0.43779353418146333,0.016674111137985306,0.0,0.0,0.0,0.0,0.0,0.0,0.0,0.0,0.0,0.0,0.0,0.0,0.0,0.0,0.0,0.0,0.0,0.0,0.0,29.369684002689752,2.447473666890813,1.0685465158526382,0.016674111137985306,3.3779151074102978,0.016674111137985306,0.4812418743442799,2.642149713312379,2.7254911342554777,3.0810281214478237,3.3503131470592225,3.3779151074102978,13.01689458155309,1.0847412151294242,0.7491187380278133,0.0,2.1161808132172775,0.0,0.0,0.3283451506360975,1.4326333759188699,1.6150923355882216,1.8055007319749692,2.1161808132172775,0.5714285714285714,0.75,0.18238163145865569,5.209151965313,3.531708112511384,0.4586475172464394,0.7335829669496916,-0.5014962467705664,0.35344724755634715,0.3671933885321413,0.8603743711972865,0.8153020900982159,-0.5718610373329972,-0.09087054452301352,28.168,-13.398,2.994
A,90,.,4.8656488276319045,0.3164202427709661,6,3.8422119421707204,2.9371281092379378,3.375253736857209,2.1161808132172775,2.929442887212769,0.9271990195816883,2.904877155209905,2.0521692608546673,2.89755147747045,2.112338213632965,1.3310458868894122,0.0,0.0,0.0,0.0,0.0,0.0,0.0,0.0,0.0,0.0,0.0,0.0,0.0,0.0,0.0,0.0,0.0,0.0,0.0,0.0,0.0,0.0,0.0,0.0,0.0,0.0,0.0,0.0,0.0,0.0,0.0,17.280383085810463,2.880063847635077,0.7717683624744249,1.3310458868894122,3.8422119421707204,1.3310458868894122,2.114298682179931,2.8993828969053137,2.9171600212113367,3.263801024446099,3.608732839513965,3.8422119421707204,10.145015416524537,1.6908359027540893,0.9560732093599741,0.0,2.9371281092379378,0.0,0.46359950979084413,1.208441579899933,2.082253737243816,2.115220163321199,2.526654461227608,2.9371281092379378,0.2857142857142857,0.8333333333333334,0.3164202427709661,4.8656488276319045,3.731477151140914,-0.6712674358956751,-0.6842383517685267,0.28498755670228093,0.21352573106798173,-0.5466984741645289,-0.809646552835285,0.7097934852320988,-0.48263718911338144,0.5130833772466268,28.917,-11.019,5.877
A,91,.,4.407790746174939,0.4268157238236871,4,3.8422119421707204,2.9371281092379378,3.3737234046614004,2.5783286845314484,2.0782370665908623,1.6141487987642007,0.2484525592597794,0.43779353418146333,0.0,0.0,0.0,0.0,0.0,0.0,0.0,0.0,0.0,0.0,0.0,0.0,0.0,0.0,0.0,0.0,0.0,0.0,0.0,0.0,0.0,0.0,0.0,0.0,0.0,0.0,0.0,0.0,0.0,0.0,0.0,0.0,0.0,0.0,9.542624972682763,2.3856562431706907,1.392836795586364,0.2484525592597794,3.8422119421707204,0.2484525592597794,0.7973879114591043,1.6207909397580915,2.7259802356261313,3.4908455390387303,3.7016653809179245,3.8422119421707204,7.567399126715051,1.8918497816787627,0.9689243356584113,0.43779353418146333,2.9371281092379378,0.43779353418146333,0.7907001135562846,1.3200599826185164,2.0962387416478245,2.668028540708071,2.829488281825991,2.9371281092379378,0.19047619047619047,1.0,0.4268157238236871,4.407790746174939,3.5726151240152384,-0.8986646464279425,0.2689196170085792,0.34653151782846536,-0.42942726023935096,-0.3783529595461328,-0.8200251619102958,-0.08940962713190147,-0.8857377024777942,0.4554938429721008,27.425,-10.645,9.381
A,92,.,4.665061456615323,0.3499130995850515,8,3.3737234046614004,2.5783286845314484,3.102121759640124,2.5842465780265576,3.0660882156379836,1.5417777239590997,3.0142448534104034,0.663340337558835,2.353294366874815,1.4954020971696298,1.3310458868894122,0.0,1.3110237903332806,1.4778269602970036,0.638358310074611,0.6491968604276532,0.0,0.0,0.0,0.0,0.0,0.0,0.0,0.0,0.0,0.0,0.0,0.0,0.0,0.0,0.0,0.0,0.0,0.0,0.0,0.0,0.0,0.0,0.0,0.0,0.0,0.0,18.18990058752203,2.2737375734402536,0.9726664268402474,0.638358310074611,3.3737234046614004,0.638358310074611,1.1092241462556798,1.3260403627503794,2.683769610142609,3.075096601638519,3.183602253146507,3.3737234046614004,10.990119241970227,1.3737649052462784,0.8578333562198585,0.0,2.5842465780265576,0.0,0.4544378022993573,0.6598044682760396,1.4866145287333166,1.800915464102187,2.580104052579981,2.5842465780265576,0.38095238095238093,0.875,0.3499130995850515,4.665061456615323,3.6323381762769733,-0.6241706212581467,0.6067759264616502,0.4921727446992825,0.27546470823957786,0.7604096816569186,-0.5881295015189325,-0.731115743280572,-0.23151693482125618,-0.6417707369600665,24.81,-13.367,8.607
A,93,.,4.817343344386683,0.13290404158518443,11,3.0142448534104034,0.663340337558835,2.929442887212769,0.9271990195816883,2.898813801140165,0.0,2.8130346460543123,1.7526200861007308,2.694796085423794,0.0,2.6312627448993453,1.0444306164041244,2.4206436462475254,1.433910026311536,2.1273158103545358,0.0,2.0782370665908623,1.6141487987642007,0.862214621675484,0.0,0.03373966190557296,0.0,0.0,0.0,0.0,0.0,0.0,0.0,0.0,0.0,0.0,0.0,0.0,0.0,0.0,0.0,0.0,0.0,0.0,0.0,0.0,0.0,24.50374582491477,2.2276132568104337,0.906180973076468,0.03373966190557296,3.0142448534104034,0.03373966190557296,0.862214621675484,2.102776438472699,2.6312627448993453,2.8559242235972384,2.929442887212769,3.0142448534104034,7.4356488847211155,0.6759680804291923,0.6807445061234736,0.0,1.7526200861007308,0.0,0.0,0.0,0.663340337558835,1.2391703213578302,1.6141487987642007,1.7526200861007308,0.5238095238095238,0.5454545454545454,0.13290404158518443,4.817343344386683,2.85063979407653,0.5408842959414167,0.7953459395195738,-0.27362202925511003,-0.05987891840714032,-0.2880784222568517,-0.9557328799201134,-0.8389628677923409,0.533325097027816,-0.10819263998036847,23.467,-11.79,5.373
A,94,.,5.2274954125948785,0.0010950519234935495,15,3.4993006269220426,0.09926145413723401,3.1406072092290147,0.0,2.9243329374237,0.0,2.898813801140165,0.0,2.7804390774094223,0.0,2.775428436432158,0.0,2.446278427743858,0.0,2.410775600444925,0.0,2.3585740455028033,0.0,2.273568143923553,0.0,2.2465870644701016,0.0,1.9901402721591026,0.0,1.9726995166216414,0.0,1.6490181763258827,0.09402398937956394,1.1077999525271036,0.0,0.0,0.0,0.0,0.0,0.0,0.0,0.0,0.0,0.0,0.0,0.0,0.0,36.47436328827548,2.431624219218365,0.5876053096547146,1.1077999525271036,3.4993006269220426,1.1077999525271036,1.7784907124441862,2.1183636683146023,2.410775600444925,2.8396264392747934,3.054097500506889,3.4993006269220426,0.19328544351679794,0.012885696234453197,0.03286612171075006,0.0,0.09926145413723401,0.0,0.0,0.0,0.0,0.0,0.05641439362773833,0.09926145413723401,0.7142857142857143,0.13333333333333333,0.0010950519234935495,5.2274954125948785,0.18476947486291048,-0.07301849109095206,-0.4387983263276373,0.8956139395804784,0.9552146243625504,0.22743658657388988,0.18930826841828366,-0.28676352864810406,0.8693265369811748,0.4025395020834678,24.181,-12.132,1.674
A,95,.,5.005694910473266,0.183999927964761,11,3.1589771894598493,1.5204842868638735,3.1406072092290147,0.0,3.0841276923157825,0.0,2.89755147747045,2.112338213632965,2.864478285673509,1.6462383914898686,2.7048383820624107,1.700097294022998,2.6312627448993453,1.0444306164041244,2.428750674515051,1.818794052709615,1.9198198816288727,0.0,1.4814704410241348,0.5709066625738305,1.300553994236413,0.0,0.0,0.0,0.0,0.0,0.0,0.0,0.0,0.0,0.0,0.0,0.0,0.0,0.0,0.0,0.0,0.0,0.0,0.0,0.0,0.0,27.612437972514833,2.510221633864985,0.6290341284427524,1.300553994236413,3.1589771894598493,1.300553994236413,1.4814704410241348,2.1742852780719617,2.7048383820624107,2.9908395848931164,3.1406072092290147,3.1589771894598493,10.413289517697276,0.9466626834270251,0.8113504894497063,0.0,2.112338213632965,0.0,0.0,0.0,1.0444306164041244,1.6731678427564334,1.818794052709615,2.112338213632965,0.5238095238095238,0.6363636363636364,0.183999927964761,5.005694910473266,3.3421538155681576,0.32858416588880884,0.07034511815930253,-0.941851373773118,0.03665746272593286,-0.9974209250350109,-0.06170679645549689,-0.9437630403621731,-0.014250005384456817,-0.33031539623954914,25.206,-8.601,0.587
A,96,.,5.211500184519527,0.03200807728337107,15,3.6632256922675692,1.0217996365217905,3.0841276923157825,0.0,2.9810855318071527,0.0,2.975208085995807,0.7328917949145615,2.9011688148840324,0.6792424563892995,2.823501631790192,0.0,2.664669380020287,1.0671319414409295,2.5746178511918436,0.0,2.4582203845254944,0.0,2.1292383418783136,0.0,1.6490181763258827,0.09402398937956394,1.40879921645996,0.0,0.9188354912257692,0.0,0.5545883141985315,0.0,0.07434205903896325,0.0,0.0,0.0,0.0,0.0,0.0,0.0,0.0,0.0,0.0,0.0,0.0,0.0,32.86064666392558,2.1907097775950386,1.0078874060242027,0.07434205903896325,3.6632256922675692,0.07434205903896325,0.7002871850094267,1.5289086963929215,2.5746178511918436,2.93818845043992,3.0429108281123307,3.6632256922675692,3.595089818646145,0.23967265457640965,0.3940001324498687,0.0,1.0671319414409295,0.0,0.0,0.0,0.0,0.3866332228844317,0.9062364998788988,1.0671319414409295,0.7142857142857143,0.3333333333333333,0.03200807728337107,5.211500184519527,1.9223898600964142,0.10459802639521237,-0.16764992381397673,0.9802819777591518,0.9833546940084932,0.1646854241551683,-0.07676103726692986,-0.14856917124925056,0.9719939372835615,0.18208510987532933,25.175,-7.735,-3.107
A,97,.,5.032826308753335,0.22649680184261745,10,3.382741447168031,2.339249657365469,3.2139718198678904,2.365227442533985,3.1307307145366403,1.894322074382218,3.1202393189701296,0.0,2.9810855318071527,0.0,2.545962551139065,1.4463447004206247,2.428750674515051,1.818794052709615,2.376690208000829,0.0,1.5803097774421018,0.8880764253929825,1.1181534438749452,0.0,0.0,0.0,0.0,0.0,0.0,0.0,0.0,0.0,0.0,0.0,0.0,0.0,0.0,0.0,0.0,0.0,0.0,0.0,0.0,0.0,0.0,0.0,25.878635487321837,2.5878635487321837,0.7073523777836385,1.1181534438749452,3.382741447168031,1.1181534438749452,1.5340941440853861,2.3897053246293845,2.763524041473109,3.1281078656450125,3.230848782597904,3.382741447168031,10.752014352804894,1.0752014352804893,0.9634764764925655,0.0,2.365227442533985,0.0,0.0,0.0,1.1672105629068037,1.8754400689640671,2.3418474358823205,2.365227442533985,0.47619047619047616,0.6,0.22649680184261745,5.032826308753335,3.5698250481086653,0.1384423243720256,-0.2039831484768402,-0.9691360059145189,0.21027560588580926,-0.9501938560751133,0.23003435710011397,-0.9677902109402774,-0.2356321519117929,-0.08865436590259408,26.897,-4.454,-3.816
A,98,.,5.204077881245727,0.05309701093674964,15,3.317630973039999,0.0,3.1202393189701296,0.0,2.9509231744187785,0.0,2.8858057941753867,1.6215818751206532,2.7460843130868047,1.1962772695085058,2.6544243638891394,0.0,2.5746178511918436,0.0,2.535979919972001,0.9341817292480173,2.403307870952345,0.9489050554270821,2.3835980990066283,0.0,2.378253632543082,0.0,2.340849579877908,0.0,1.6061324554253738,0.10828653069755313,1.404740676884422,0.0,0.03307474996933149,0.0,0.0,0.0,0.0,0.0,0.0,0.0,0.0,0.0,0.0,0.0,0.0,0.0,35.33566277340317,2.3557108515602114,0.7887430330666005,0.03307474996933149,3.317630973039999,0.03307474996933149,1.4852973883008027,2.359551606210495,2.535979919972001,2.8159450536310957,3.052512861149589,3.317630973039999,4.809232460001812,0.3206154973334542,0.535632641929975,0.0,1.6215818751206532,0.0,0.0,0.0,0.0,0.5212341299727852,1.0973283838759362,1.6215818751206532,0.7142857142857143,0.3333333333333333,0.05309701093674964,5.204077881245727,2.361914476351188,0.35466734869594435,0.10208364381659336,0.9294030349821956,0.9270316334384642,0.0910447530591782,-0.3637625647930341,-0.12175147791054727,0.9906007180521929,-0.06234416589447122,26.409,-2.783,-7.235
A,99,.,4.943137837918265,0.2854244285564953,9,3.7275639658446176,2.738275447886915,3.3519195986259653,2.0903567534203416,3.2139718198678904,2.365227442533985,2.9509231744187785,0.0,2.5781161398393313,1.6016940056361304,2.298594139723938,1.3757464267372983,2.1542834408717804,0.11266864610047131,0.2754786628217937,0.8988515494405489,0.0016723608247693196,0.042805817441677566,0.0,0.0,0.0,0.0,0.0,0.0,0.0,0.0,0.0,0.0,0.0,0.0,0.0,0.0,0.0,0.0,0.0,0.0,0.0,0.0,0.0,0.0,0.0,0.0,20.552523302838864,2.2836137003154295,1.241892956949025,0.0016723608247693196,3.7275639658446176,0.0016723608247693196,0.2207174024223888,2.1542834408717804,2.5781161398393313,3.2139718198678904,3.427048472069696,3.7275639658446176,11.22562608919737,1.2472917876885967,0.9855047209645778,0.0,2.738275447886915,0.0,0.03424465395334206,0.11266864610047131,1.3757464267372983,2.0903567534203416,2.439837043604571,2.738275447886915,0.42857142857142855,0.8888888888888888,0.2854244285564953,4.943137837918265,3.707058121343612,-0.048361179054914744,-0.38982995426274,-0.9196161172575918,0.1267847126574825,-0.9156419906978528,0.3814778912430351,-0.9907506411790902,-0.09814454457779787,0.09370600499881848,28.392,0.131,-8.662
A,100,.,5.436586717301451,0.19624051242525042,12,3.854531594974508,2.0280903508794785,3.597112240585779,2.041839617580268,3.5290979509142213,2.5651954810168034,3.3519195986259653,2.0903567534203416,2.870254080977064,0.0,2.6605042625629385,0.5957873516592933,2.595127833237094,1.3509909652506544,2.5399470815458107,2.0660839752866207,2.3988675272784983,0.0,2.3835980990066283,0.0,2.1709387796334925,0.0,1.7340773888869703,1.067076900934543,0.0,0.0,0.0,0.0,0.0,0.0,0.0,0.0,0.0,0.0,0.0,0.0,0.0,0.0,0.0,0.0,0.0,0.0,33.68597643822897,2.8071647031857476,0.6180081941235579,1.7340773888869703,3.854531594974508,1.7340773888869703,2.192204711570806,2.395050170210531,2.6278160479000165,3.396214186698029,3.590310811618623,3.854531594974508,13.805421396028002,1.1504517830023335,0.9546859129892399,0.0,2.5651954810168034,0.0,0.0,0.0,1.2090339330925988,2.0479007070068564,2.0879294756069693,2.5651954810168034,0.5714285714285714,0.6666666666666666,0.19624051242525042,5.436586717301451,3.825849655377649,-0.04018419164973632,0.03495429089501962,0.9985807069483585,0.9934059181606955,0.1087960584476524,0.036167657230742604,-0.107377430146017,0.9934493521132727,-0.039095681103619384,27.748,1.715,-12.056
A,101,.,4.54150701495314,0.3926572812637008,3,3.531406595289372,2.5948367091601963,3.5290979509142213,2.5651954810168034,3.3166157776546132,2.5690639577947234,0.0,0.0,0.0,0.0,0.0,0.0,0.0,0.0,0.0,0.0,0.0,0.0,0.0,0.0,0.0,0.0,0.0,0.0,0.0,0.0,0.0,0.0,0.0,0.0,0.0,0.0,0.0,0.0,0.0,0.0,0.0,0.0,0.0,0.0,0.0,0.0,10.377120323858207,3.459040107952736,0.10071361991761328,3.3166157776546132,3.531406595289372,3.3166157776546132,3.3591122123065347,3.4228568642844173,3.5290979509142213,3.5302522731017967,3.530944866414342,3.531406595289372,7.729096147971723,2.576365382657241,0.013156334475058245,2.5651954810168034,2.5948367091601963,2.5651954810168034,2.5659691763723873,2.5671297194057634,2.5690639577947234,2.58195033347746,2.5896821588871015,2.5948367091601963,0.14285714285714285,1.0,0.3926572812637008,4.54150701495314,3.623038752173503,0.003753397188912403,0.0703171068062755,0.9975176271625165,0.6105526093963944,-0.7901731238704087,0.05340360916767374,0.791966806860487,0.6088365452264464,-0.04589812662766579,28.309,5.161,-13.637
A,102,.,4.13646421681721,0.43835016388227493,4,3.443637266691452,2.5571652939407095,3.3166157776546132,2.5690639577947234,1.7340773888869703,1.067076900934543,0.048748639497770946,0.7582043171932492,0.0,0.0,0.0,0.0,0.0,0.0,0.0,0.0,0.0,0.0,0.0,0.0,0.0,0.0,0.0,0.0,0.0,0.0,0.0,0.0,0.0,0.0,0.0,0.0,0.0,0.0,0.0,0.0,0.0,0.0,0.0,0.0,0.0,0.0,8.543079072730807,2.1357697681827017,1.3803920322595735,0.048748639497770946,3.443637266691452,0.048748639497770946,0.5543472643145309,1.3127452015396703,2.5253465832707915,3.348371149913823,3.4055308199804,3.443637266691452,6.951510469863225,1.7378776174658062,0.8324416504684884,0.7582043171932492,2.5690639577947234,0.7582043171932492,0.8508660923156374,0.9898587549992196,1.8121210974376263,2.560139959904213,2.565494358638519,2.5690639577947234,0.19047619047619047,1.0,0.43835016388227493,4.13646421681721,3.33199413090418,-0.7044507291435036,-0.42443366316023107,0.5688631081249454,-0.1292148916585382,-0.7114066040501007,-0.6907996493105474,0.6978915975872315,-0.5601399015337959,0.4463077511391115,29.254,6.747,-10.2
A,103,.,5.114852176054284,0.30030227313092883,7,3.854531594974508,2.0280903508794785,3.531406595289372,2.5948367091601963,3.443637266691452,2.5571652939407095,3.3342310268311213,2.0094977718037073,2.980151521586968,2.0395097757884635,2.298594139723938,1.3757464267372983,0.7368290816460681,1.3070536234490957,0.0,0.0,0.0,0.0,0.0,0.0,0.0,0.0,0.0,0.0,0.0,0.0,0.0,0.0,0.0,0.0,0.0,0.0,0.0,0.0,0.0,0.0,0.0,0.0,0.0,0.0,0.0,0.0,20.179381226743427,2.8827687466776326,0.9884508948956393,0.7368290816460681,3.854531594974508,0.7368290816460681,1.67388811649279,2.6393728306554527,3.3342310268311213,3.487521930990412,3.6606565951634265,3.854531594974508,13.911899951758949,1.987414278822707,0.46835007893433767,1.3070536234490957,2.5948367091601963,1.3070536234490957,1.3482693054220172,1.6926220992705028,2.0280903508794785,2.2983375348645865,2.572233860028504,2.5948367091601963,0.3333333333333333,1.0,0.30030227313092883,5.114852176054284,3.9257852695439404,0.15618882661984243,0.8679058939882535,0.47153410228695797,-0.878642493783234,-0.0959974576047069,0.46773053807915077,0.451212165790658,-0.4873641834541015,0.747585268801239,26.137,5.332,-8.511
A,104,.,4.980745109566999,0.22171182439353831,11,3.361034891843081,0.0,3.3342310268311213,2.0094977718037073,3.1307307145366403,1.894322074382218,2.7459752033897327,0.8237411381433456,2.6861385513808913,1.6202077094133664,2.5781161398393313,1.6016940056361304,2.340849579877908,0.0,2.242842519558539,2.0486730080081994,2.1709387796334925,0.0,1.016215701681983,1.3248151555007146,0.048748639497770946,0.7582043171932492,0.0,0.0,0.0,0.0,0.0,0.0,0.0,0.0,0.0,0.0,0.0,0.0,0.0,0.0,0.0,0.0,0.0,0.0,0.0,0.0,25.65582174807049,2.3323474316427717,0.9552346302078095,0.048748639497770946,3.361034891843081,0.048748639497770946,1.016215701681983,2.2068906495960157,2.5781161398393313,2.9383529589631863,3.3342310268311213,3.361034891843081,12.08115518008093,1.0982868345528118,0.7835861607496746,0.0,2.0486730080081994,0.0,0.0,0.3791021585966246,1.3248151555007146,1.7572648918977922,2.0094977718037073,2.0486730080081994,0.5238095238095238,0.7272727272727273,0.22171182439353831,4.980745109566999,3.4981946224270066,-0.8904697660333599,-0.3960964421693899,-0.22398929501483866,-0.2489693971843448,0.8361196551048778,-0.4887925547847105,0.380890844004102,-0.37948851214239865,-0.8431551660909108,25.8,2.501,-6.006
A,105,.,4.885474567583775,0.0,12,3.361034891843081,0.0,3.317630973039999,0.0,3.1438332622747027,0.0,2.674003811351794,0.0,2.4533127781968216,0.0,2.3988675272784983,0.0,2.2991823100894804,0.0,1.7241103373756237,0.0,1.304710049118115,0.0,1.1181534438749452,0.0,0.9188354912257692,0.0,0.5797606535801448,0.0,0.0,0.0,0.0,0.0,0.0,0.0,0.0,0.0,0.0,0.0,0.0,0.0,0.0,0.0,0.0,0.0,0.0,0.0,25.293435529248974,2.107786294104081,0.9214607653737175,0.5797606535801448,3.361034891843081,0.5797606535801448,0.9387672864906869,1.2580708978073225,2.3490249186839893,2.7914611740825213,3.3002512019634693,3.361034891843081,0.0,0.0,0.0,0.0,0.0,0.0,0.0,0.0,0.0,0.0,0.0,0.0,0.5714285714285714,0.0,0.0,4.885474567583775,0.0,0.23905936531120048,0.9434630211744206,0.22962610377185078,-0.8607472678383714,0.0964532465352978,0.4998108763738339,0.44940489624144603,-0.3171345123275546,0.8351412696813512,23.043,0.255,-4.644
A,106,.,5.004156438228541,0.18125968388863783,11,3.5137608933460935,2.234474332332917,3.2956294370850308,0.0,3.1438332622747027,0.0,2.7048383820624107,1.700097294022998,2.6861385513808913,1.6202077094133664,2.6838531323763606,1.9467883347659112,2.545962551139065,1.4463447004206247,2.1292383418783136,0.0,1.6942789359095023,0.0,1.1645966390906057,0.5354454532199291,0.17437590689120636,0.0,0.0,0.0,0.0,0.0,0.0,0.0,0.0,0.0,0.0,0.0,0.0,0.0,0.0,0.0,0.0,0.0,0.0,0.0,0.0,0.0,25.736506033434186,2.339682366675835,0.9478943407287029,0.17437590689120636,3.5137608933460935,0.17437590689120636,1.1645966390906057,1.9117586388939078,2.6838531323763606,2.9243358221685565,3.2956294370850308,3.5137608933460935,9.483357824175744,0.8621234385614313,0.8791035703976039,0.0,2.234474332332917,0.0,0.0,0.0,0.5354454532199291,1.6601525017181822,1.9467883347659112,2.234474332332917,0.5238095238095238,0.5454545454545454,0.18125968388863783,5.004156438228541,3.3261903541972466,-0.8534302921035714,-0.49430979526698104,0.16527117965068194,-0.508356231314987,0.7194533965229118,-0.4732449178965046,0.11502468692952898,-0.48789818254914746,-0.8652887869734605,23.019,-2.584,-2.14
A,107,.,5.198065305488978,0.10198774913274929,13,3.6632256922675692,1.0217996365217905,3.2956294370850308,0.0,3.1607720231134184,1.736525085607242,3.1420206981229453,0.0,3.050736424189891,1.5813614310120045,2.8858057941753867,1.6215818751206532,2.4420600376675647,1.38621935830725,2.3492196020743137,0.5206824849044664,2.049582669421787,0.0,1.304710049118115,0.0,1.300553994236413,0.0,1.1077999525271036,0.0,0.027502806635177172,0.253495048998426,0.0,0.0,0.0,0.0,0.0,0.0,0.0,0.0,0.0,0.0,0.0,0.0,0.0,0.0,0.0,0.0,29.779619180634715,2.2907399369719013,1.0327573169323156,0.027502806635177172,3.6632256922675692,0.027502806635177172,1.1463507608689656,1.304710049118115,2.4420600376675647,3.1420206981229453,3.2686579542907084,3.6632256922675692,8.121664920471833,0.6247434554209103,0.7001561757902444,0.0,1.736525085607242,0.0,0.0,0.0,0.253495048998426,1.38621935830725,1.6135377862989235,1.736525085607242,0.6190476190476191,0.5384615384615384,0.10198774913274929,5.198065305488978,2.962683478867348,0.30377412562192135,0.8857950728532409,-0.3508395210228728,-0.6656325346045202,0.4607816092212145,0.5870380204718176,0.6816557851867755,0.055203238242240715,0.7295875499273347,20.731,-5.587,-1.938
A,108,.,4.940186363068926,0.16004490033235755,10,3.5300742085830414,2.109922248933423,3.159333866759847,0.0,3.1420206981229453,0.0,2.864478285673509,1.6462383914898686,2.6838531323763606,1.9467883347659112,2.4206436462475254,1.433910026311536,1.9726995166216414,0.0,1.9058393604045016,0.9467772589856792,1.8509760413841412,0.0,1.4466271756588405,0.0,0.0,0.0,0.0,0.0,0.0,0.0,0.0,0.0,0.0,0.0,0.0,0.0,0.0,0.0,0.0,0.0,0.0,0.0,0.0,0.0,0.0,0.0,24.976545931832355,2.4976545931832357,0.6513641445273008,1.4466271756588405,3.5300742085830414,1.4466271756588405,1.810541154811611,1.9225543994587866,2.552248389311943,3.072635095010586,3.1964079009421664,3.5300742085830414,8.083636260486418,0.8083636260486419,0.8584768593878436,0.0,2.109922248933423,0.0,0.0,0.0,0.4733886294928396,1.5931563001952855,1.9631017261826622,2.109922248933423,0.47619047619047616,0.5,0.16004490033235755,4.940186363068926,3.1447400369430083,-0.7059845956508296,-0.49626718078755977,0.5052767914489069,-0.7079676984476022,0.47520344235263845,-0.5224590188053103,0.01916999370212925,-0.7265676662564678,-0.6868274438984585,20.819,-7.738,1.187
A,109,.,5.434161017653795,0.08765114090166733,17,3.4993006269220426,0.09926145413723401,3.254794939893487,0.587463835020382,3.217855304314194,1.6465101654527046,3.1607720231134184,1.736525085607242,3.159333866759847,0.0,3.0392897233028195,0.0,2.975208085995807,0.7328917949145615,2.544016399274329,0.0,2.5045622074464418,0.0,2.4298078781340067,0.0,2.3091802967472232,1.1309955772543514,2.1273158103545358,0.0,1.8281669340346494,0.0,1.6789956909976662,1.727231614700262,1.6253899986480274,1.229111171211635,0.02734509165539577,0.0,0.016674111137985306,0.0,0.0,0.0,0.0,0.0,0.0,0.0,0.0,0.0,39.39800898873188,2.3175299405136403,1.007591212125552,0.016674111137985306,3.4993006269220426,0.016674111137985306,0.9861720358509748,1.8281669340346494,2.5045622074464418,3.159333866759847,3.232631158545911,3.4993006269220426,8.889990698298373,0.522940629311669,0.6748799048768905,0.0,1.736525085607242,0.0,0.0,0.0,0.0,1.1309955772543514,1.6787987451517277,1.736525085607242,0.8095238095238095,0.47058823529411764,0.08765114090166733,5.434161017653795,3.0442021007067135,0.25175659100233555,0.7381533041622392,-0.6258980096159849,-0.48394660757443925,0.6560838233409819,0.5790938592037311,0.8381016047616627,0.1571105225777318,0.522400214195283,19.225,-11.17,1.685
A,110,.,5.199073550129757,0.19566003891743225,11,3.552695976390026,1.0262530430107941,3.391180715275501,1.6653701303585746,3.384176681216701,2.5319174540573552,3.0392897233028195,0.0,3.0057915093678877,2.171928421539172,2.8130346460543123,1.7526200861007308,2.440205613726869,0.0,2.353294366874815,1.4954020971696298,2.090563215945345,0.0,1.9058393604045016,0.9467772589856792,0.891707013354609,0.0,0.0,0.0,0.0,0.0,0.0,0.0,0.0,0.0,0.0,0.0,0.0,0.0,0.0,0.0,0.0,0.0,0.0,0.0,0.0,0.0,28.867778821913387,2.6243435292648534,0.7562517965693112,0.891707013354609,3.552695976390026,0.891707013354609,1.9058393604045016,2.22192879141008,2.8130346460543123,3.2117332022597602,3.391180715275501,3.552695976390026,11.590268491221936,1.053660771929267,0.9018472241640538,0.0,2.5319174540573552,0.0,0.0,0.0,1.0262530430107941,1.7089951082296526,2.171928421539172,2.5319174540573552,0.5238095238095238,0.6363636363636364,0.19566003891743225,5.199073550129757,3.590142233708435,-0.801901944640297,-0.43289817853398105,0.41176745646550494,-0.537984848935896,0.2234367837217079,-0.8128027472859081,0.2598568326935645,-0.8733127565208584,-0.41206705255383935,18.816,-12.667,5.168
A,111,.,5.0645530831494625,0.2655407558371728,10,3.4824424431416463,2.7077368186697313,3.391180715275501,1.6653701303585746,3.322341746916454,2.023060325743339,2.9711167829896397,2.1178001044420984,2.871404115236601,1.305989535763182,2.8072859989090073,1.212708536466498,2.3910409262542367,0.0,2.0009082151505773,0.0,1.3110237903332806,1.4778269602970036,0.45322299362953195,0.7782279451161296,0.0,0.0,0.0,0.0,0.0,0.0,0.0,0.0,0.0,0.0,0.0,0.0,0.0,0.0,0.0,0.0,0.0,0.0,0.0,0.0,0.0,0.0,25.001967727836472,2.500196772783647,0.9356219182160126,0.45322299362953195,3.4824424431416463,0.45322299362953195,1.2252437106629057,2.098441392926492,2.839345057072804,3.2345355059347503,3.4003068880621155,3.4824424431416463,13.288720356856556,1.3288720356856556,0.8360633805549995,0.0,2.7077368186697313,0.0,0.0,0.8868480929537217,1.3919082480300928,1.933637776897148,2.1767937758648617,2.7077368186697313,0.47619047619047616,0.8,0.2655407558371728,5.0645530831494625,3.755886722261343,-0.29500140264657493,0.6728320286489903,-0.6784329249532614,0.474958685306791,0.7193566582351413,0.5068927356989986,0.8290889093988644,-0.17269354208207754,-0.531778638941945,16.827,-15.232,7.016
A,112,.,4.948034946819009,0.30957773323415616,6,3.802313044632481,2.870809435057889,3.384176681216701,2.5319174540573552,3.322341746916454,2.023060325743339,3.0219067145234537,1.2303420593460042,2.9955972644406708,1.9596045230439108,1.207920999933948,0.0,0.0,0.0,0.0,0.0,0.0,0.0,0.0,0.0,0.0,0.0,0.0,0.0,0.0,0.0,0.0,0.0,0.0,0.0,0.0,0.0,0.0,0.0,0.0,0.0,0.0,0.0,0.0,0.0,0.0,0.0,17.734256451663708,2.955709408610618,0.8261838614546706,1.207920999933948,3.802313044632481,1.207920999933948,2.1017591321873095,3.0021746269613665,3.1721242307199535,3.368717947641639,3.5932448629245908,3.802313044632481,10.615733797248499,1.769288966208083,0.9413126191857779,0.0,2.870809435057889,0.0,0.6151710296730021,1.4126576752704807,1.991332424393625,2.404703171978851,2.7013634445576225,2.870809435057889,0.2857142857142857,0.8333333333333334,0.30957773323415616,4.948034946819009,3.791193458866388,-0.8456026958734288,0.15527886455365908,0.5107294341963419,-0.5043602499306794,-0.5458102470096853,-0.6691127801417999,0.17486228587506145,-0.8233951958094926,0.5398551032419676,14.514,-13.737,9.677
A,113,.,4.488161818948479,0.420359541836978,4,3.802313044632481,2.870809435057889,3.350209303849182,2.483046587611101,2.837381117398616,2.215640622857012,0.45322299362953195,0.7782279451161296,0.0,0.0,0.0,0.0,0.0,0.0,0.0,0.0,0.0,0.0,0.0,0.0,0.0,0.0,0.0,0.0,0.0,0.0,0.0,0.0,0.0,0.0,0.0,0.0,0.0,0.0,0.0,0.0,0.0,0.0,0.0,0.0,0.0,0.0,10.44312645950981,2.6107816148774523,1.2915985245013446,0.45322299362953195,3.802313044632481,0.45322299362953195,1.1684704307602574,2.241341586456345,3.093795210623899,3.4632352390450065,3.6666819223974914,3.802313044632481,8.347724590642132,2.086931147660533,0.7906710461019132,0.7782279451161296,2.870809435057889,0.7782279451161296,1.2094517484383944,1.8562874534217912,2.3493436052340564,2.579987299472798,2.7544805808238526,2.870809435057889,0.19047619047619047,1.0,0.420359541836978,4.488161818948479,3.6368988182982203,-0.2846704871501764,0.7606524478298805,0.5834128618363604,-0.6396867990695669,0.30254626383817573,-0.7065879685741137,-0.7139772495267709,-0.5743462473525633,0.4004533372444477,12.0,-16.083,11.409
A,114,.,4.487294188510892,0.3276866052365171,7,3.350209303849182,2.483046587611101,3.1542092955379304,1.4105332122395102,2.9711167829896397,2.1178001044420984,2.227744083002956,0.9013151555991643,2.203932031983176,1.8979751191543304,1.207920999933948,0.0,0.5525773619406346,0.2417093356039579,0.0,0.0,0.0,0.0,0.0,0.0,0.0,0.0,0.0,0.0,0.0,0.0,0.0,0.0,0.0,0.0,0.0,0.0,0.0,0.0,0.0,0.0,0.0,0.0,0.0,0.0,0.0,0.0,15.667709859237467,2.2382442656053523,0.9648750351491403,0.5525773619406346,3.350209303849182,0.5525773619406346,0.9457835447366227,1.705926515958562,2.227744083002956,3.062663039263785,3.232609298862431,3.350209303849182,9.052379514650163,1.2931970735214517,0.8788623206218225,0.0,2.483046587611101,0.0,0.14502560136237477,0.5715122456015611,1.4105332122395102,2.0078876117982145,2.2638986977096995,2.483046587611101,0.3333333333333333,0.8571428571428571,0.3276866052365171,4.487294188510892,3.394417919620062,-0.259634638446758,0.07359692281725821,0.9628984097351349,0.3829284742920779,0.9231994189381264,0.03268969942729863,-0.8865413910782522,0.3772085972298832,-0.267876904717262,12.277,-18.68,8.663
A,115,.,5.063875541939299,0.20857607499119762,12,3.1542092955379304,1.4105332122395102,3.069284734296959,1.911753392403819,3.054637771464516,2.192443164579189,3.0219067145234537,1.2303420593460042,2.89956272459775,0.0,2.837381117398616,2.215640622857012,2.3910409262542367,0.0,2.365683828137025,0.7349606833733556,2.302955024560925,1.66646831808135,2.230375625232158,0.0,1.3706272706908067,0.0,0.891707013354609,0.0,0.0,0.0,0.0,0.0,0.0,0.0,0.0,0.0,0.0,0.0,0.0,0.0,0.0,0.0,0.0,0.0,0.0,0.0,29.589372046048986,2.4657810038374155,0.6828271946074914,0.891707013354609,3.1542092955379304,0.891707013354609,1.456602106144942,2.2848101747287335,2.614211021826426,3.030089478758719,3.0678200380137146,3.1542092955379304,11.362141452880241,0.9468451210733534,0.8866186995371216,0.0,2.215640622857012,0.0,0.0,0.0,0.9826513713596798,1.7277895866619672,2.164374187361652,2.215640622857012,0.5714285714285714,0.5833333333333334,0.20857607499119762,5.063875541939299,3.520125539193923,0.8301398719486295,0.5175372247540191,0.2074198977798921,0.41834335818231344,-0.3322305929756436,-0.8453470694074694,-0.3685873406207239,0.7885290445411381,-0.4923061224981691,11.503,-16.095,5.918
A,116,.,5.204397929212927,0.0,13,3.4522041350007404,0.0,3.3741344621124663,0.0,3.080519094719718,0.0,2.89956272459775,0.0,2.6936402073855503,0.0,2.678669449675345,0.0,2.626254290800027,0.0,2.5045622074464418,0.0,2.440205613726869,0.0,2.322670033377312,0.0,2.0009082151505773,0.0,1.8328486280567478,0.0,0.9667937140472618,0.0,0.0,0.0,0.0,0.0,0.0,0.0,0.0,0.0,0.0,0.0,0.0,0.0,0.0,0.0,0.0,0.0,32.87297277609681,2.528690213545908,0.6398354668198357,0.9667937140472618,3.4522041350007404,0.9667937140472618,1.8664605454755137,2.322670033377312,2.626254290800027,2.89956272459775,3.3154113886339167,3.4522041350007404,0.0,0.0,0.0,0.0,0.0,0.0,0.0,0.0,0.0,0.0,0.0,0.0,0.6190476190476191,0.0,0.0,5.204397929212927,0.0,-0.281314980983966,-0.8503338694225191,0.4447405895428448,0.9558090177431683,-0.2070510599894928,0.2087078823572972,-0.0853873706986625,0.48379971999801086,0.8710033454901397,13.872,-14.676,3.306
A,117,.,5.0975685458119635,0.11424425658320889,11,3.552695976390026,1.0262530430107941,3.091206076334983,1.836291373514992,3.080519094719718,0.0,3.0594298161682327,0.0,2.9955972644406708,1.9596045230439108,2.80474124525619,0.9497719285463834,2.4411811385843034,1.321209023838952,2.365683828137025,0.7349606833733556,1.8281669340346494,0.0,1.503706216786393,0.0,1.4466271756588405,0.0,0.0,0.0,0.0,0.0,0.0,0.0,0.0,0.0,0.0,0.0,0.0,0.0,0.0,0.0,0.0,0.0,0.0,0.0,0.0,0.0,28.16955476651103,2.5608686151373665,0.6728799944457015,1.4466271756588405,3.552695976390026,1.4466271756588405,1.503706216786393,2.0969253810858373,2.80474124525619,3.069974455443975,3.091206076334983,3.552695976390026,7.828090575328387,0.7116445977571261,0.731264163301256,0.0,1.9596045230439108,0.0,0.0,0.0,0.7349606833733556,1.1737310334248732,1.836291373514992,1.9596045230439108,0.5238095238095238,0.5454545454545454,0.11424425658320889,5.0975685458119635,2.9744478589530607,0.6792326565523719,0.41078167438452834,-0.6081952106541544,0.4286799763255602,-0.8946923713835474,-0.12553500900386977,-0.595715096476768,-0.17545363084851764,-0.7837981546621218,14.013,-10.901,3.712
A,118,.,5.090833805016452,0.08928834810542395,12,3.417228198734683,1.228918067924183,3.217855304314194,1.6465101654527046,3.1153447458812806,0.0,3.0594298161682327,0.0,2.8815272043347666,1.5242307250968932,2.6936402073855503,0.0,2.5143521770057573,1.2959866480883568,2.3492196020743137,0.5206824849044664,1.8509760413841412,0.0,1.805269463555626,0.0,1.2995756685667192,0.634761955671437,0.9674210129757619,0.0,0.0,0.0,0.0,0.0,0.0,0.0,0.0,0.0,0.0,0.0,0.0,0.0,0.0,0.0,0.0,0.0,0.0,0.0,29.171839442381025,2.4309866201984187,0.7577807685343648,0.9674210129757619,3.417228198734683,0.9674210129757619,1.3501450480656099,1.8395493969270125,2.6039961921956536,3.0734085485964946,3.207604248470903,3.417228198734683,6.85109004713804,0.5709241705948367,0.6446365982463547,0.0,1.6465101654527046,0.0,0.0,0.0,0.2603412424522332,1.2456852129652263,1.5014063173960397,1.6465101654527046,0.5714285714285714,0.5,0.08928834810542395,5.090833805016452,2.73581639434364,-0.12772523287843646,-0.6202948816337212,0.773899557245743,0.9877418009265738,-0.15015166192210547,0.04266864333861926,0.0897351636120296,0.7698628048172205,0.6318693394765128,15.318,-9.026,0.69
A,119,.,5.0176712304091335,0.20236620485932236,11,3.5300742085830414,2.109922248933423,3.225060659288193,1.4706033399185572,3.1153447458812806,0.0,3.0057915093678877,2.171928421539172,2.9673893817935983,2.0484448186254927,2.80474124525619,0.9497719285463834,2.263615548295327,0.6975225944605927,2.049582669421787,0.0,1.1645966390906057,0.5354454532199291,0.28763607139374847,0.7474933103000585,0.13963149908519398,0.6002717343847456,0.0,0.0,0.0,0.0,0.0,0.0,0.0,0.0,0.0,0.0,0.0,0.0,0.0,0.0,0.0,0.0,0.0,0.0,0.0,0.0,24.553464177456853,2.2321331070415322,1.1382294798500119,0.13963149908519398,3.5300742085830414,0.13963149908519398,0.28763607139374847,1.6070896542561963,2.80474124525619,3.060568127624584,3.225060659288193,3.5300742085830414,11.331403849928353,1.0301276227207594,0.7657101241573587,0.0,2.171928421539172,0.0,0.0,0.5678585938023373,0.7474933103000585,1.7595240792720248,2.109922248933423,2.171928421539172,0.5238095238095238,0.8181818181818182,0.20236620485932236,5.0176712304091335,3.4457529736251398,0.5692967730034219,0.20143873507616308,-0.7970719040706463,0.4279725155365309,-0.900409367203132,0.07811848307660044,-0.7019549203426273,-0.385597468176038,-0.5988103893078385,16.206,-5.373,1.246
A,120,.,5.0235003696505975,0.13516674737304127,11,3.3212121723355574,0.0,3.2382666026601328,1.143152163298991,3.225060659288193,1.4706033399185572,3.1402957137453438,1.3190481775707223,3.050736424189891,1.5813614310120045,2.5143521770057573,1.2959866480883568,2.2916768134545125,0.8497192122615644,1.6942789359095023,0.0,1.6783499806565558,1.0312003097688538,1.623912646188412,1.2568745045350813,0.21485973505388237,0.0,0.0,0.0,0.0,0.0,0.0,0.0,0.0,0.0,0.0,0.0,0.0,0.0,0.0,0.0,0.0,0.0,0.0,0.0,0.0,0.0,25.99300186048774,2.3630001691352494,0.934649447771554,0.21485973505388237,3.3212121723355574,0.21485973505388237,1.623912646188412,1.6863144582830292,2.5143521770057573,3.1826781865167684,3.2382666026601328,3.3212121723355574,9.947945786454131,0.9043587078594665,0.5845171632532171,0.0,1.5813614310120045,0.0,0.0,0.4248596061307822,1.143152163298991,1.3075174128295397,1.4706033399185572,1.5813614310120045,0.5238095238095238,0.7272727272727273,0.13516674737304127,5.0235003696505975,3.063501663559287,0.11132352608624672,-0.48304126621686727,0.8684919157201927,0.9475752518055567,-0.21179485878596754,-0.2392573508953652,0.2995132963749032,0.8495964176733783,0.4341401989809303,17.236,-2.949,-1.46
A,121,.,4.932938740937463,0.2183432383480179,11,3.5137608933460935,2.234474332332917,3.1402957137453438,1.3190481775707223,3.1231839722360677,0.9856003531905821,2.813784646839469,1.9242150750680902,2.812542339829904,1.94026855083867,2.4533127781968216,0.0,2.1920791400269612,0.0,2.1156384569916544,0.0,1.127066921668551,0.9709228461938836,1.016215701681983,1.3248151555007146,0.28763607139374847,0.7474933103000585,0.0,0.0,0.0,0.0,0.0,0.0,0.0,0.0,0.0,0.0,0.0,0.0,0.0,0.0,0.0,0.0,0.0,0.0,0.0,0.0,24.595516635956596,2.235956057814236,0.9761298477817116,0.28763607139374847,3.5137608933460935,0.28763607139374847,1.016215701681983,1.6213526893301027,2.4533127781968216,2.9684843095377684,3.1402957137453438,3.5137608933460935,11.446837800995638,1.0406216182723307,0.7696612678306519,0.0,2.234474332332917,0.0,0.0,0.37374665515002925,0.9856003531905821,1.6245151152844024,1.94026855083867,2.234474332332917,0.5238095238095238,0.7272727272727273,0.2183432383480179,4.932938740937463,3.4367192754298204,0.5241761406691826,0.04348510297493878,-0.850498923792629,0.45164862435017533,-0.8608698545214866,0.23434294036464742,-0.7219784579028349,-0.5069636470156548,-0.47088742489987034,18.72,0.53,-1.01
A,122,.,5.263096168660117,0.11070439112951656,11,3.71467633482456,1.8509257733139375,3.4072159006542853,1.6854540628571237,3.1231839722360677,0.9856003531905821,2.980151521586968,2.0395097757884635,2.89299608910248,0.7147031717756083,2.83104629181135,0.0,2.7459752033897327,0.8237411381433456,2.6605042625629385,0.5957873516592933,2.4619279842175894,0.0,2.2991823100894804,0.0,1.0491909253343916,0.0,0.0,0.0,0.0,0.0,0.0,0.0,0.0,0.0,0.0,0.0,0.0,0.0,0.0,0.0,0.0,0.0,0.0,0.0,0.0,0.0,30.166050795809845,2.7423682541645316,0.6583826012058781,1.0491909253343916,3.71467633482456,1.0491909253343916,2.2991823100894804,2.561216123390264,2.83104629181135,3.0516677469115177,3.4072159006542853,3.71467633482456,8.695721626728353,0.7905201478843957,0.7427136549998535,0.0,2.0395097757884635,0.0,0.0,0.0,0.7147031717756083,1.335527208023853,1.8509257733139375,2.0395097757884635,0.5238095238095238,0.6363636363636364,0.11070439112951656,5.263096168660117,3.102967386056713,-0.19561496078687082,-0.6424562201521405,0.7409350796825422,0.9206588086180626,-0.3805678924417332,-0.08692201882392556,0.33781969337254514,0.6651451604201009,0.6659277515912652,19.885,3.367,-3.233
A,123,.,4.73315927337363,0.356251962867561,7,3.71467633482456,1.8509257733139375,3.437217465440914,2.547928396204157,3.020034566076956,2.1709285132376306,2.519348333343969,1.634569453071705,2.242842519558539,2.0486730080081994,1.127066921668551,0.9709228461938836,0.7368290816460681,1.3070536234490957,0.0,0.0,0.0,0.0,0.0,0.0,0.0,0.0,0.0,0.0,0.0,0.0,0.0,0.0,0.0,0.0,0.0,0.0,0.0,0.0,0.0,0.0,0.0,0.0,0.0,0.0,0.0,0.0,16.798015222559556,2.3997164603656507,1.0429405448216331,0.7368290816460681,3.71467633482456,0.7368290816460681,0.9709717856595579,1.684954720613545,2.519348333343969,3.228626015758935,3.5482010131943724,3.71467633482456,12.531001613478608,1.7901430876398012,0.4954750619364705,0.9709228461938836,2.547928396204157,0.9709228461938836,1.172601312547011,1.4708115382604003,1.8509257733139375,2.1098007606229148,2.3217284664242412,2.547928396204157,0.3333333333333333,1.0,0.356251962867561,4.73315927337363,3.7168163106444307,-0.7357765041410939,-0.1792876847272279,0.653061147258862,0.10248315593393836,-0.9826916193867558,-0.1543190977710003,0.6694252301069411,-0.046616598891227636,0.7414153721120728,20.481,6.842,-1.852
A,124,.,4.424548862977159,0.36818015707521073,5,3.437217465440914,2.547928396204157,3.0984919098555053,1.8291564049251858,2.812542339829904,1.94026855083867,2.6880379518368804,2.127738727212408,1.0491909253343916,0.0,0.0,0.0,0.0,0.0,0.0,0.0,0.0,0.0,0.0,0.0,0.0,0.0,0.0,0.0,0.0,0.0,0.0,0.0,0.0,0.0,0.0,0.0,0.0,0.0,0.0,0.0,0.0,0.0,0.0,0.0,0.0,0.0,13.085480592297595,2.6170961184595187,0.8253362460897972,1.0491909253343916,3.437217465440914,1.0491909253343916,1.7047297359353872,2.6880379518368804,2.812542339829904,3.0984919098555053,3.301727243206751,3.437217465440914,8.44509207918042,1.689018415836084,0.8792895269873526,0.0,2.547928396204157,0.0,0.7316625619700744,1.8291564049251858,1.94026855083867,2.127738727212408,2.3798525286074574,2.547928396204157,0.23809523809523808,0.8,0.36818015707521073,4.424548862977159,3.4457152579894554,-0.9449823692504713,0.26152615819350306,0.19650035721675563,-0.22729940578745525,-0.09295738461987121,-0.969378102070241,-0.23525157158759955,-0.960709630026253,0.14728782991267247,18.399,6.059,1.221
A,125,.,4.975222242058533,0.18960725255224614,9,3.3291355199242942,1.5450124515716421,3.2516411312616342,2.03112801390123,3.0984919098555053,1.8291564049251858,2.9907147065921924,2.1512190325131235,2.8560390788156593,0.0,2.83104629181135,0.0,2.519348333343969,1.634569453071705,2.1920791400269612,0.0,0.21485973505388237,0.0,0.0,0.0,0.0,0.0,0.0,0.0,0.0,0.0,0.0,0.0,0.0,0.0,0.0,0.0,0.0,0.0,0.0,0.0,0.0,0.0,0.0,0.0,0.0,0.0,23.283355846685446,2.587039538520605,0.9028751467822435,0.21485973505388237,3.3291355199242942,0.21485973505388237,1.7966352590323456,2.519348333343969,2.8560390788156593,3.0984919098555053,3.2671400089941662,3.3291355199242942,9.191085355982887,1.0212317062203207,0.9292583949161604,0.0,2.1512190325131235,0.0,0.0,0.0,1.5450124515716421,1.8291564049251858,2.055146217623609,2.1512190325131235,0.42857142857142855,0.5555555555555556,0.18960725255224614,4.975222242058533,3.3415153155005437,0.009320011096791793,0.9416800911664417,-0.33638035509511793,-0.9985726175134529,0.026456984125060576,0.04639779675089842,0.05259149118904183,0.3354677836868516,0.9405825328820139,15.422,4.878,-0.877
A,126,.,4.748167410927199,0.2853979613659418,10,3.3291355199242942,1.5450124515716421,3.2642200586333328,1.4019216170055897,2.813784646839469,1.9242150750680902,2.6880379518368804,2.127738727212408,2.669302442754837,1.7316909427619356,2.2916768134545125,0.8497192122615644,1.780020840322665,0.0,1.6213704358607326,1.7607932603876435,0.9008927896940584,0.7012195114508184,0.13963149908519398,0.6002717343847456,0.0,0.0,0.0,0.0,0.0,0.0,0.0,0.0,0.0,0.0,0.0,0.0,0.0,0.0,0.0,0.0,0.0,0.0,0.0,0.0,0.0,0.0,21.498072998405974,2.1498072998405973,0.9833551195056256,0.13963149908519398,3.3291355199242942,0.13963149908519398,0.8247666606331719,1.6610330369762156,2.4804896281046744,2.782347973088822,3.270711604762429,3.3291355199242942,12.642582532104436,1.2642582532104436,0.6536083123039218,0.0,2.127738727212408,0.0,0.540244560946271,0.7383444366535049,1.4734670342886158,1.7535176809812165,1.944567440282522,2.127738727212408,0.47619047619047616,0.9,0.2853979613659418,4.748167410927199,3.515767082305261,-0.7887930017812514,-0.3776928636141039,0.4849264904249927,-0.5306904502802074,0.8165272778060986,-0.2272682348678604,-0.31011811672701944,-0.4366134507473862,-0.8445089983559361,14.586,1.423,0.383
A,127,.,5.001401796256901,0.04701522781088237,11,3.335399401071723,1.0636032273782765,3.3212121723355574,0.0,3.2642200586333328,1.4019216170055897,2.958331503299508,0.0,2.6854091492878216,0.0,2.419291994269921,0.0,2.263615548295327,0.6975225944605927,2.257189112062052,0.665236783951009,1.995452411280466,0.02658389615630095,0.9674210129757619,0.0,0.8542365887788814,0.0,0.0,0.0,0.0,0.0,0.0,0.0,0.0,0.0,0.0,0.0,0.0,0.0,0.0,0.0,0.0,0.0,0.0,0.0,0.0,0.0,26.321778952290355,2.3928889956627595,0.8261526446062301,0.8542365887788814,3.335399401071723,0.8542365887788814,0.9674210129757619,2.126320761671259,2.419291994269921,3.1112757809664204,3.3212121723355574,3.335399401071723,3.8548681189517686,0.3504425562683426,0.49318175331888864,0.0,1.4019216170055897,0.0,0.0,0.0,0.0,0.6813796892058008,1.0636032273782765,1.4019216170055897,0.5238095238095238,0.45454545454545453,0.04701522781088237,5.001401796256901,2.071970125028456,0.15161960871578137,0.8278995076820282,-0.5399943512970564,-0.765940437133168,0.4437220337171698,0.46523757754307693,0.6247773531564065,0.3430643700149495,0.7013986719470753,12.488,-1.593,-0.492
A,128,.,4.918358003762834,0.22346491150544154,10,3.335399401071723,1.0636032273782765,3.3083508312958037,2.155254933777922,3.1441350371443195,0.0,2.9673893817935983,2.0484448186254927,2.7999241808973134,1.9065810871753779,2.4411811385843034,1.321209023838952,1.805269463555626,0.0,1.6614894193059038,0.0,1.6213704358607326,1.7607932603876435,1.2145447241308758,0.5674892819011844,0.0,0.0,0.0,0.0,0.0,0.0,0.0,0.0,0.0,0.0,0.0,0.0,0.0,0.0,0.0,0.0,0.0,0.0,0.0,0.0,0.0,0.0,24.299054013640202,2.42990540136402,0.7509396341029858,1.2145447241308758,3.335399401071723,1.2145447241308758,1.580687864687747,1.6974344303683342,2.6205526597408086,3.099948623306639,3.3110556882733957,3.335399401071723,10.823375633084849,1.0823375633084849,0.8402997999451919,0.0,2.155254933777922,0.0,0.0,0.1418723204752961,1.1924061256086143,1.8701341304784442,2.0591258301407356,2.155254933777922,0.47619047619047616,0.7,0.22346491150544154,4.918358003762834,3.4449457461819355,-0.6510013532761008,-0.26554683589981304,0.7111132933480313,-0.6458037376810826,0.686077816797864,-0.3350145693772437,-0.3989169969176909,-0.6773345607906586,-0.6181287263416065,11.77,-4.638,1.666
A,129,.,5.4036676945039686,0.14209278512462317,16,3.47635123526258,2.2717598391410956,3.417228198734683,1.228918067924183,3.2577080010122916,1.0500066074806458,3.1441350371443195,0.0,3.1210645198562785,1.6493468502449142,3.1029934817507923,1.3009924312834689,3.052901520668593,0.0,2.6948636392980343,1.7185595462113596,2.6854091492878216,0.0,1.9924651640777205,1.5924016153158909,1.7177845651434618,0.0,1.6783499806565558,1.0312003097688538,1.503706216786393,0.0,1.1494226331207786,0.8281718327172936,0.9667937140472618,0.0,0.07518938007848369,0.0,0.0,0.0,0.0,0.0,0.0,0.0,0.0,0.0,0.0,0.0,37.036366436926045,2.314772902307878,0.9985513292436398,0.07518938007848369,3.47635123526258,0.07518938007848369,1.0581081735840203,1.634689039689015,2.690136394292928,3.1268321491782887,3.3374680998734876,3.47635123526258,12.671357100087704,0.7919598187554815,0.7660694896745945,0.0,2.2717598391410956,0.0,0.0,0.0,0.9296860712430737,1.3738447272915744,1.6839531982281368,2.2717598391410956,0.7619047619047619,0.5625,0.14209278512462317,5.4036676945039686,3.4791998556274546,0.1369186272899763,0.602010244601174,-0.7866619063462162,-0.8440008136329021,0.48663076577253966,0.22550637328162332,0.518571032827739,0.6330672659353554,0.5747259527053794,10.492,-7.903,0.073
A,130,.,5.09267416196186,0.16020323226305996,9,3.4376932318999955,2.1543599888813376,3.1630078721426744,0.0,3.091206076334983,1.836291373514992,3.069284734296959,1.911753392403819,3.052901520668593,0.0,2.9900763086978337,0.9299016812132004,2.7999241808973134,1.9065810871753779,2.1723545323389826,0.0,1.8328486280567478,0.0,0.0,0.0,0.0,0.0,0.0,0.0,0.0,0.0,0.0,0.0,0.0,0.0,0.0,0.0,0.0,0.0,0.0,0.0,0.0,0.0,0.0,0.0,0.0,0.0,25.609297085334084,2.8454774539260095,0.4837972059411799,1.8328486280567478,3.4376932318999955,1.8328486280567478,2.1044533514825354,2.7999241808973134,3.052901520668593,3.091206076334983,3.2179449440941386,3.4376932318999955,8.738887523188726,0.9709875025765251,0.9239078844635786,0.0,2.1543599888813376,0.0,0.0,0.0,0.9299016812132004,1.9065810871753779,1.9602747116993229,2.1543599888813376,0.42857142857142855,0.5555555555555556,0.16020323226305996,5.09267416196186,3.2930492805921125,-0.29796692524860185,-0.09681585620250413,0.949653832428254,-0.7828166150171613,0.5940992744072077,-0.18505188300015468,-0.546272696289104,-0.7985441391285802,-0.25281099491997355,9.564,-10.974,2.048
A,131,.,5.372927173475908,0.06560078283305919,14,3.3741344621124663,0.0,3.1630078721426744,0.0,3.1552925806416496,0.0,3.1210645198562785,1.6493468502449142,2.993915624445768,0.0,2.939796641223688,1.050814631800317,2.9168513907005433,0.0,2.8815272043347666,1.5242307250968932,2.750732863505848,0.14556334253335074,2.4274982046928426,0.0,2.2892434882664836,1.6599465990974966,2.230375625232158,0.0,1.5640429779437082,0.0,1.2202397767898079,0.0,0.0,0.0,0.0,0.0,0.0,0.0,0.0,0.0,0.0,0.0,0.0,0.0,0.0,0.0,37.027723231888686,2.6448373737063346,0.6083274833586709,1.2202397767898079,3.3741344621124663,1.2202397767898079,1.7639427721302432,2.323807167373073,2.8991892975176548,3.089277296003651,3.160693284692367,3.3741344621124663,6.029902148772972,0.4307072963409265,0.6722735557682672,0.0,1.6599465990974966,0.0,0.0,0.0,0.0,0.8245018094835754,1.611812012700508,1.6599465990974966,0.6666666666666666,0.35714285714285715,0.06560078283305919,5.372927173475908,2.7127651349782353,-0.08583010203306805,0.12804233132577342,-0.9880477493388939,-0.7503631647436422,0.6440945217163471,0.14865183514136573,0.6554298700707031,0.7541534382893517,0.040795550436907094,9.682,-14.476,0.644
A,132,.,5.007009569092049,0.20464954979661942,8,3.521661265077293,2.0649013434827745,3.360257324617239,2.1037316342455004,3.2978866156832436,1.96818450901789,3.054637771464516,2.192443164579189,2.9168513907005433,0.0,2.7172543790650745,1.068943147006062,2.3215638515918267,0.0,0.5525773619406346,0.2417093356039579,0.0,0.0,0.0,0.0,0.0,0.0,0.0,0.0,0.0,0.0,0.0,0.0,0.0,0.0,0.0,0.0,0.0,0.0,0.0,0.0,0.0,0.0,0.0,0.0,0.0,0.0,21.74268996014037,2.7178362450175464,0.8939881441068265,0.5525773619406346,3.521661265077293,0.5525773619406346,1.7908679046964693,2.6183317471967626,2.9857445810825296,3.3134792929167425,3.408678506755255,3.521661265077293,9.639913133935373,1.2049891417419216,0.932411781310441,0.0,2.192443164579189,0.0,0.0,0.18128200170296843,1.518563828011976,2.0746089161734558,2.130345093345607,2.192443164579189,0.38095238095238093,0.75,0.20464954979661942,5.007009569092049,3.446224410619606,0.3782460032640559,0.24628385124328386,0.8923419891675748,-0.774130421188092,0.6127251967130344,0.15902806137320757,-0.5075943774372558,-0.7509408085393612,0.4224166782506764,8.482,-17.777,2.159
A,133,.,4.979689301484223,0.2784221319803843,8,3.6652960386369395,2.6317809206444824,3.60335152173062,1.5282517178952506,3.2978866156832436,1.96818450901789,2.6416753282357495,1.7052915808853473,2.456232789203393,0.4649741274793773,2.3374791519713662,1.489040462172232,2.203932031983176,1.8979751191543304,1.4977954845955,1.4692167646402703,0.0,0.0,0.0,0.0,0.0,0.0,0.0,0.0,0.0,0.0,0.0,0.0,0.0,0.0,0.0,0.0,0.0,0.0,0.0,0.0,0.0,0.0,0.0,0.0,0.0,0.0,21.70364896203999,2.7129561202549985,0.7061861158912479,1.4977954845955,3.6652960386369395,1.4977954845955,1.9920910677668733,2.3040923719743187,2.548954058719571,3.3742528421950877,3.621934876802516,3.6652960386369395,13.15471520188918,1.6443394002361476,0.5708685434475017,0.4649741274793773,2.6317809206444824,0.4649741274793773,1.1679439734920025,1.4840845377892415,1.6167716493902988,1.9155274666202202,2.1672634325058677,2.6317809206444824,0.38095238095238093,1.0,0.2784221319803843,4.979689301484223,3.718736342991206,-0.7132151022050266,-0.6935229938337523,0.10173531840291541,-0.581780700769675,0.6666514362206993,0.4659475064820336,-0.39096730579246525,0.27313315362428686,-0.8789441655717573,10.268,-21.071,1.589
A,134,.,5.1468398439834795,0.2619725592471863,7,3.792608639876413,2.9219888503288485,3.6652960386369395,2.6317809206444824,3.629609695305965,2.2966696310980175,3.423845629539541,1.4179989178352448,2.7172543790650745,1.068943147006062,1.701125173751165,0.26922528910121457,1.6944461177476977,0.0,0.0,0.0,0.0,0.0,0.0,0.0,0.0,0.0,0.0,0.0,0.0,0.0,0.0,0.0,0.0,0.0,0.0,0.0,0.0,0.0,0.0,0.0,0.0,0.0,0.0,0.0,0.0,0.0,20.624185673922796,2.946312239131828,0.8534146514654604,1.6944461177476977,3.792608639876413,1.6944461177476977,1.698453551349778,2.20918977640812,3.423845629539541,3.6474528669714523,3.716221079132729,3.792608639876413,10.60660675601387,1.5152295365734099,1.0618972138445562,0.0,2.9219888503288485,0.0,0.16153517346072876,0.6690842180536383,1.4179989178352448,2.46422527587125,2.747864092518229,2.9219888503288485,0.3333333333333333,0.8571428571428571,0.2619725592471863,5.1468398439834795,3.8235812240796268,0.4640304121267098,0.8724858213111198,-0.15311521228335395,-0.8263464215952757,0.36409292320791187,-0.4296369802363391,-0.31910400833928537,0.3258908327660941,0.8899257255416448,8.454,-23.264,-0.87
A,135,.,4.138174444508946,0.4658390518159399,3,3.792608639876413,2.9219888503288485,2.9550613092947584,2.424802725718295,0.10739684093947183,0.6198278204469142,0.0,0.0,0.0,0.0,0.0,0.0,0.0,0.0,0.0,0.0,0.0,0.0,0.0,0.0,0.0,0.0,0.0,0.0,0.0,0.0,0.0,0.0,0.0,0.0,0.0,0.0,0.0,0.0,0.0,0.0,0.0,0.0,0.0,0.0,0.0,0.0,6.8550667901106435,2.2850222633702146,1.57732066979707,0.10739684093947183,3.792608639876413,0.10739684093947183,0.6769297346105292,1.5312290751171151,2.9550613092947584,3.373834974585586,3.6250991737600824,3.792608639876413,5.966619396494058,1.988873132164686,0.9891114901023118,0.6198278204469142,2.9219888503288485,0.6198278204469142,0.9808228015011904,1.5223152730826046,2.424802725718295,2.673395788023572,2.8225516254067378,2.9219888503288485,0.14285714285714285,1.0,0.4658390518159399,4.138174444508946,3.392385605076688,0.2570277443259409,-0.19732176834201506,0.946044850091738,0.2319675392541619,0.9629109491428661,0.1378171424502539,-0.9381512667896834,0.1840288666464172,0.29326707428851867,8.759,-26.731,-2.297
