Opening shared SSH connection to kalinina@bigfoot.
Using active Bigfoot queue: /home/kalinina/DL_project/.bigfoot_job_queues/active
# INFO:  Moldable instance:  1  Estimated nb resources:  8  Walltime:  18000
OAR_JOB_ID=17306
# INFO:  Moldable instance:  1  Estimated nb resources:  8  Walltime:  18000
OAR_JOB_ID=17307
# INFO:  Moldable instance:  1  Estimated nb resources:  8  Walltime:  18000
OAR_JOB_ID=17308
# INFO:  Moldable instance:  1  Estimated nb resources:  8  Walltime:  18000
OAR_JOB_ID=17309
# INFO:  Moldable instance:  1  Estimated nb resources:  8  Walltime:  18000
OAR_JOB_ID=17310
# INFO:  Moldable instance:  1  Estimated nb resources:  8  Walltime:  18000
OAR_JOB_ID=17311
# INFO:  Moldable instance:  1  Estimated nb resources:  8  Walltime:  18000
OAR_JOB_ID=17312
# INFO:  Moldable instance:  1  Estimated nb resources:  8  Walltime:  18000
OAR_JOB_ID=17313
# INFO:  Moldable instance:  1  Estimated nb resources:  8  Walltime:  18000
OAR_JOB_ID=17314
# INFO:  Moldable instance:  1  Estimated nb resources:  8  Walltime:  18000
OAR_JOB_ID=17315
# INFO:  Moldable instance:  1  Estimated nb resources:  8  Walltime:  18000
OAR_JOB_ID=17316
# INFO:  Moldable instance:  1  Estimated nb resources:  8  Walltime:  18000
OAR_JOB_ID=17317
# INFO:  Moldable instance:  1  Estimated nb resources:  8  Walltime:  18000
OAR_JOB_ID=17318
# INFO:  Moldable instance:  1  Estimated nb resources:  8  Walltime:  18000
OAR_JOB_ID=17319
# INFO:  Moldable instance:  1  Estimated nb resources:  8  Walltime:  18000
OAR_JOB_ID=17320
# INFO:  Moldable instance:  1  Estimated nb resources:  8  Walltime:  18000
OAR_JOB_ID=17321
Bigfoot queue: submitted=16 waiting_before=29 max_waiting=50 pending=0.
Current OAR jobs for kalinina:
    17142    nps3mlp_gi…   3:38:20    Running    kalinina   R=8,J=P,Q…   default  
    17144    nps3mlp_gi…   2:52:36    Running    kalinina   R=10,J=P,…   default  
    17145    nps3mlp_gi…   2:49:49    Running    kalinina   R=32,J=P,…   default  
    17146    nps3mlp_gi…   2:46:10    Running    kalinina   R=32,J=P,…   default  
    17147    nps3mlp_gi…   2:45:49    Running    kalinina   R=32,J=P,…   default  
    17148    nps3mlp_gi…   2:36:51    Running    kalinina   R=8,J=P,Q…   default  
    17149    nps3mlp_gi…   2:10:54    Running    kalinina   R=32,J=P,…   default  
    17150    nps3mlp_gi…   2:08:24    Running    kalinina   R=32,J=P,…   default  
    17151    nps3mlp_gi…   1:57:30    Running    kalinina   R=32,J=P,…   default  
    17152    nps3mlp_gi…   1:47:29    Running    kalinina   R=10,J=P,…   default  
    17153    nps3mlp_gi…   0:57:03    Running    kalinina   R=32,J=P,…   default  
    17154    nps3mlp_gi…   0:49:38    Running    kalinina   R=32,J=P,…   default  
    17155    nps3mlp_gi…   0:47:39    Running    kalinina   R=10,J=P,…   default  
    17156    nps3mlp_gi…   0:47:20    Running    kalinina   R=10,J=P,…   default  
    17157    nps3mlp_gi…   0:22:02    Running    kalinina   R=10,J=P,…   default  
    17254    nps3mlp_dp…   -          toLaunch   kalinina   R=10,W=18…   default  
    17255    nps3mlp_dp…   -          Waiting    kalinina   R=8,W=180…   default  
    17256    nps3mlp_dp…   -          Waiting    kalinina   R=8,W=180…   default  
    17257    nps3mlp_dp…   -          Waiting    kalinina   R=10,W=18…   default  
    17258    nps3mlp_dp…   -          Waiting    kalinina   R=32,W=18…   default  
    17259    nps3mlp_dp…   -          Waiting    kalinina   R=32,W=18…   default  
    17260    nps3mlp_dp…   -          Waiting    kalinina   R=32,W=18…   default  
    17261    nps3mlp_dp…   -          Waiting    kalinina   R=8,W=180…   default  
    17262    nps3mlp_dp…   -          Waiting    kalinina   R=32,W=18…   default  
    17263    nps3mlp_dp…   -          Waiting    kalinina   R=32,W=18…   default  
    17264    nps3mlp_dp…   -          Waiting    kalinina   R=32,W=18…   default  
    17265    nps3mlp_dp…   -          Waiting    kalinina   R=10,W=18…   default  
    17266    nps3mlp_dp…   -          Waiting    kalinina   R=10,W=18…   default  
    17267    nps3mlp_dp…   -          Waiting    kalinina   R=32,W=18…   default  
    17268    nps3mlp_dp…   -          Waiting    kalinina   R=32,W=18…   default  
    17269    nps3mlp_dp…   -          Waiting    kalinina   R=10,W=18…   default  
    17270    nps3mlp_dp…   -          Waiting    kalinina   R=10,W=18…   default  
    17271    nps3mlp_dp…   -          Waiting    kalinina   R=10,W=18…   default  
    17272    nps3mlp_dp…   -          Waiting    kalinina   R=10,W=18…   default  
    17273    nps3mlp_dp…   -          Waiting    kalinina   R=8,W=180…   default  
    17274    nps3mlp_dp…   -          Waiting    kalinina   R=8,W=180…   default  
    17275    nps3mlp_dp…   -          Waiting    kalinina   R=10,W=18…   default  
    17276    nps3mlp_dp…   -          Waiting    kalinina   R=32,W=18…   default  
    17277    nps3mlp_dp…   -          Waiting    kalinina   R=32,W=18…   default  
    17278    nps3mlp_dp…   -          Waiting    kalinina   R=32,W=18…   default  
    17279    nps3mlp_dp…   -          Waiting    kalinina   R=8,W=180…   default  
    17280    nps3mlp_dp…   -          Waiting    kalinina   R=32,W=18…   default  
    17281    nps3mlp_dp…   -          Waiting    kalinina   R=32,W=18…   default  
    17282    nps3mlp_dp…   -          Waiting    kalinina   R=32,W=18…   default  
    17306    nps3mlp_dp…   -          Waiting    kalinina   R=10,W=18…   default  
    17307    nps3mlp_dp…   -          Waiting    kalinina   R=32,W=18…   default  
    17308    nps3mlp_dp…   -          Waiting    kalinina   R=32,W=18…   default  
    17309    nps3mlp_dp…   -          Waiting    kalinina   R=32,W=18…   default  
    17310    nps3mlp_dp…   -          Waiting    kalinina   R=32,W=18…   default  
    17311    nps3mlp_dp…   -          Waiting    kalinina   R=32,W=18…   default  
    17312    nps3mlp_dp…   -          Waiting    kalinina   R=32,W=18…   default  
    17313    nps3mlp_dp…   -          Waiting    kalinina   R=32,W=18…   default  
    17314    nps3mlp_dp…   -          Waiting    kalinina   R=32,W=18…   default  
    17315    nps3mlp_dp…   -          Waiting    kalinina   R=10,W=18…   default  
    17316    nps3mlp_dp…   -          Waiting    kalinina   R=32,W=18…   default  
    17317    nps3mlp_dp…   -          Waiting    kalinina   R=32,W=18…   default  
    17318    nps3mlp_dp…   -          Waiting    kalinina   R=32,W=18…   default  
    17319    nps3mlp_dp…   -          Waiting    kalinina   R=32,W=18…   default  
    17320    nps3mlp_dp…   -          Waiting    kalinina   R=32,W=18…   default  
    17321    nps3mlp_dp…   -          Waiting    kalinina   R=8,W=5:0…   default  
Synchronizing script logs.
Job 17142 (nps3mlp_gine_residual_LBP_BPI_CETP_s4)
  Epoch: current 148 | checkpoint 141 | best rolling-5 balanced accuracy 0.882405
  Latest train balanced accuracy: 0.990420
  Checkpoint valid:  predicted 0/1 = 19/23 | actual 0/1 = 11/31
Job 17144 (nps3mlp_gine_residual_scp2_s1)
  Epoch: current 145 | checkpoint 117 | best rolling-5 balanced accuracy 0.696635
  Latest train balanced accuracy: 0.996020
  Checkpoint valid:  predicted 0/1 = 35/7 | actual 0/1 = 26/16
Job 17145 (nps3mlp_gine_residual_scp2_s2)
  Epoch: current 140 | checkpoint 1 | best rolling-5 balanced accuracy 0.609091
  Latest train balanced accuracy: 0.995319
  Checkpoint valid:  predicted 0/1 = 9/33 | actual 0/1 = 22/20
Job 17146 (nps3mlp_gine_residual_scp2_s3)
  Epoch: current 139 | checkpoint 2 | best rolling-5 balanced accuracy 0.560000
  Latest train balanced accuracy: 0.995061
  Checkpoint valid:  predicted 0/1 = 23/21 | actual 0/1 = 25/19
Job 17147 (nps3mlp_gine_residual_scp2_s4)
  Epoch: current 135 | checkpoint 64 | best rolling-5 balanced accuracy 0.695652
  Latest train balanced accuracy: 0.987542
  Checkpoint valid:  predicted 0/1 = 28/18 | actual 0/1 = 23/23
Job 17148 (nps3mlp_gine_residual_ML_s0)
  Epoch: current 103 | checkpoint 18 | best rolling-5 balanced accuracy 0.755556
  Latest train balanced accuracy: 0.995088
  Checkpoint valid:  predicted 0/1 = 4/8 | actual 0/1 = 9/3
Job 17149 (nps3mlp_gine_residual_ML_s1)
  Epoch: current 103 | checkpoint 5 | best rolling-5 balanced accuracy 0.572727
  Latest train balanced accuracy: 0.993715
  Checkpoint valid:  predicted 0/1 = 7/8 | actual 0/1 = 11/4
Job 17150 (nps3mlp_gine_residual_ML_s2)
  Epoch: current 104 | checkpoint 77 | best rolling-5 balanced accuracy 0.733333
  Latest train balanced accuracy: 0.991514
  Checkpoint valid:  predicted 0/1 = 5/5 | actual 0/1 = 7/3
Job 17151 (nps3mlp_gine_residual_ML_s3)
  Epoch: current 95 | checkpoint 49 | best rolling-5 balanced accuracy 0.575000
  Latest train balanced accuracy: 0.995301
  Checkpoint valid:  predicted 0/1 = 4/10 | actual 0/1 = 10/4
Job 17152 (nps3mlp_gine_residual_ML_s4)
  Epoch: current 72 | checkpoint 1 | best rolling-5 balanced accuracy 0.611111
  Latest train balanced accuracy: 0.987695
  Checkpoint valid:  predicted 0/1 = 2/12 | actual 0/1 = 9/5
Job 17153 (nps3mlp_gine_residual_OSBP_s0)
  Epoch: current 48 | checkpoint 13 | best rolling-5 balanced accuracy 0.655000
  Latest train balanced accuracy: 0.989508
  Checkpoint valid:  predicted 0/1 = 19/3 | actual 0/1 = 20/2
Job 17154 (nps3mlp_gine_residual_OSBP_s1)
  Epoch: current 39 | checkpoint 17 | best rolling-5 balanced accuracy 0.650000
  Latest train balanced accuracy: 0.978376
  Checkpoint valid:  predicted 0/1 = 8/9 | actual 0/1 = 14/3
Job 17155 (nps3mlp_gine_residual_OSBP_s2)
  Epoch: current 33 | checkpoint 24 | best rolling-5 balanced accuracy 0.889474
  Latest train balanced accuracy: 0.970479
  Checkpoint valid:  predicted 0/1 = 11/11 | actual 0/1 = 19/3
Job 17156 (nps3mlp_gine_residual_OSBP_s3)
  Epoch: current 32 | checkpoint 1 | best rolling-5 balanced accuracy 0.750000
  Latest train balanced accuracy: 0.968934
  Checkpoint valid:  predicted 0/1 = 16/2 | actual 0/1 = 14/4
Job 17157 (nps3mlp_gine_residual_OSBP_s4)
  Epoch: current 19 | checkpoint 6 | best rolling-5 balanced accuracy 0.714286
  Latest train balanced accuracy: 0.936806
  Checkpoint valid:  predicted 0/1 = 12/11 | actual 0/1 = 21/2
Next waiting job start: OAR has not scheduled one yet.
OAR jobs: running=15 waiting=44 other=1 total=60 pending_queue=0. Checking again in 300 seconds.
Bigfoot queue: submitted=0 waiting_before=43 max_waiting=50 pending=0.
Current OAR jobs for kalinina:
    17144    nps3mlp_gi…   2:57:48    Running   kalinina   R=10,J=P,Q…   default  
    17145    nps3mlp_gi…   2:55:01    Running   kalinina   R=32,J=P,Q…   default  
    17146    nps3mlp_gi…   2:51:22    Running   kalinina   R=32,J=P,Q…   default  
    17147    nps3mlp_gi…   2:51:01    Running   kalinina   R=32,J=P,Q…   default  
    17148    nps3mlp_gi…   2:42:03    Running   kalinina   R=8,J=P,Q=…   default  
    17149    nps3mlp_gi…   2:16:06    Running   kalinina   R=32,J=P,Q…   default  
    17150    nps3mlp_gi…   2:13:36    Running   kalinina   R=32,J=P,Q…   default  
    17151    nps3mlp_gi…   2:02:42    Running   kalinina   R=32,J=P,Q…   default  
    17152    nps3mlp_gi…   1:52:41    Running   kalinina   R=10,J=P,Q…   default  
    17153    nps3mlp_gi…   1:02:15    Running   kalinina   R=32,J=P,Q…   default  
    17154    nps3mlp_gi…   0:54:50    Running   kalinina   R=32,J=P,Q…   default  
    17155    nps3mlp_gi…   0:52:51    Running   kalinina   R=10,J=P,Q…   default  
    17156    nps3mlp_gi…   0:52:32    Running   kalinina   R=10,J=P,Q…   default  
    17157    nps3mlp_gi…   0:27:14    Running   kalinina   R=10,J=P,Q…   default  
    17254    nps3mlp_dp…   0:05:14    Running   kalinina   R=10,J=P,Q…   default  
    17255    nps3mlp_dp…   0:00:10    Running   kalinina   R=8,W=1809…   default  
    17256    nps3mlp_dp…   -          Waiting   kalinina   R=8,W=1809…   default  
    17257    nps3mlp_dp…   -          Waiting   kalinina   R=10,W=180…   default  
    17258    nps3mlp_dp…   -          Waiting   kalinina   R=32,W=180…   default  
    17259    nps3mlp_dp…   -          Waiting   kalinina   R=32,W=180…   default  
    17260    nps3mlp_dp…   -          Waiting   kalinina   R=32,W=180…   default  
    17261    nps3mlp_dp…   -          Waiting   kalinina   R=8,W=1809…   default  
    17262    nps3mlp_dp…   -          Waiting   kalinina   R=32,W=180…   default  
    17263    nps3mlp_dp…   -          Waiting   kalinina   R=32,W=180…   default  
    17264    nps3mlp_dp…   -          Waiting   kalinina   R=32,W=180…   default  
    17265    nps3mlp_dp…   -          Waiting   kalinina   R=10,W=180…   default  
    17266    nps3mlp_dp…   -          Waiting   kalinina   R=10,W=180…   default  
    17267    nps3mlp_dp…   -          Waiting   kalinina   R=32,W=180…   default  
    17268    nps3mlp_dp…   -          Waiting   kalinina   R=32,W=180…   default  
    17269    nps3mlp_dp…   -          Waiting   kalinina   R=10,W=180…   default  
    17270    nps3mlp_dp…   -          Waiting   kalinina   R=10,W=180…   default  
    17271    nps3mlp_dp…   -          Waiting   kalinina   R=10,W=180…   default  
    17272    nps3mlp_dp…   -          Waiting   kalinina   R=10,W=180…   default  
    17273    nps3mlp_dp…   -          Waiting   kalinina   R=8,W=1809…   default  
    17274    nps3mlp_dp…   -          Waiting   kalinina   R=8,W=1809…   default  
    17275    nps3mlp_dp…   -          Waiting   kalinina   R=10,W=180…   default  
    17276    nps3mlp_dp…   -          Waiting   kalinina   R=32,W=180…   default  
    17277    nps3mlp_dp…   -          Waiting   kalinina   R=32,W=180…   default  
    17278    nps3mlp_dp…   -          Waiting   kalinina   R=32,W=180…   default  
    17279    nps3mlp_dp…   -          Waiting   kalinina   R=8,W=1809…   default  
    17280    nps3mlp_dp…   -          Waiting   kalinina   R=32,W=180…   default  
    17281    nps3mlp_dp…   -          Waiting   kalinina   R=32,W=180…   default  
    17282    nps3mlp_dp…   -          Waiting   kalinina   R=32,W=180…   default  
    17306    nps3mlp_dp…   -          Waiting   kalinina   R=10,W=180…   default  
    17307    nps3mlp_dp…   -          Waiting   kalinina   R=32,W=180…   default  
    17308    nps3mlp_dp…   -          Waiting   kalinina   R=32,W=180…   default  
    17309    nps3mlp_dp…   -          Waiting   kalinina   R=8,W=1809…   default  
    17310    nps3mlp_dp…   -          Waiting   kalinina   R=32,W=180…   default  
    17311    nps3mlp_dp…   -          Waiting   kalinina   R=32,W=180…   default  
    17312    nps3mlp_dp…   -          Waiting   kalinina   R=32,W=180…   default  
    17313    nps3mlp_dp…   -          Waiting   kalinina   R=32,W=180…   default  
    17314    nps3mlp_dp…   -          Waiting   kalinina   R=32,W=180…   default  
    17315    nps3mlp_dp…   -          Waiting   kalinina   R=32,W=180…   default  
    17316    nps3mlp_dp…   -          Waiting   kalinina   R=10,W=180…   default  
    17317    nps3mlp_dp…   -          Waiting   kalinina   R=32,W=180…   default  
    17318    nps3mlp_dp…   -          Waiting   kalinina   R=32,W=180…   default  
    17319    nps3mlp_dp…   -          Waiting   kalinina   R=32,W=180…   default  
    17320    nps3mlp_dp…   -          Waiting   kalinina   R=32,W=180…   default  
    17321    nps3mlp_dp…   -          Waiting   kalinina   R=32,W=180…   default  
Synchronizing script logs.
Job 17144 (nps3mlp_gine_residual_scp2_s1)
  Epoch: current 149 | checkpoint 147 | best rolling-5 balanced accuracy 0.708654
  Latest train balanced accuracy: 0.996020
  Checkpoint valid:  predicted 0/1 = 35/7 | actual 0/1 = 26/16
Job 17145 (nps3mlp_gine_residual_scp2_s2)
  Epoch: current 145 | checkpoint 1 | best rolling-5 balanced accuracy 0.609091
  Latest train balanced accuracy: 0.993443
  Checkpoint valid:  predicted 0/1 = 9/33 | actual 0/1 = 22/20
Job 17146 (nps3mlp_gine_residual_scp2_s3)
  Epoch: current 143 | checkpoint 2 | best rolling-5 balanced accuracy 0.560000
  Latest train balanced accuracy: 0.995762
  Checkpoint valid:  predicted 0/1 = 23/21 | actual 0/1 = 25/19
Job 17147 (nps3mlp_gine_residual_scp2_s4)
  Epoch: current 139 | checkpoint 64 | best rolling-5 balanced accuracy 0.695652
  Latest train balanced accuracy: 0.994349
  Checkpoint valid:  predicted 0/1 = 28/18 | actual 0/1 = 23/23
Job 17148 (nps3mlp_gine_residual_ML_s0)
  Epoch: current 107 | checkpoint 18 | best rolling-5 balanced accuracy 0.755556
  Latest train balanced accuracy: 0.995517
  Checkpoint valid:  predicted 0/1 = 8/4 | actual 0/1 = 9/3
Job 17149 (nps3mlp_gine_residual_ML_s1)
  Epoch: current 107 | checkpoint 5 | best rolling-5 balanced accuracy 0.572727
  Latest train balanced accuracy: 0.995517
  Checkpoint valid:  predicted 0/1 = 7/8 | actual 0/1 = 11/4
Job 17150 (nps3mlp_gine_residual_ML_s2)
  Epoch: current 108 | checkpoint 77 | best rolling-5 balanced accuracy 0.733333
  Latest train balanced accuracy: 0.996005
  Checkpoint valid:  predicted 0/1 = 7/3 | actual 0/1 = 4/6
Job 17151 (nps3mlp_gine_residual_ML_s3)
  Epoch: current 100 | checkpoint 49 | best rolling-5 balanced accuracy 0.575000
  Latest train balanced accuracy: 0.995971
  Checkpoint valid:  predicted 0/1 = 4/10 | actual 0/1 = 10/4
Job 17152 (nps3mlp_gine_residual_ML_s4)
  Epoch: current 76 | checkpoint 1 | best rolling-5 balanced accuracy 0.611111
  Latest train balanced accuracy: 0.995082
  Checkpoint valid:  predicted 0/1 = 2/12 | actual 0/1 = 9/5
Job 17153 (nps3mlp_gine_residual_OSBP_s0)
  Epoch: current 52 | checkpoint 13 | best rolling-5 balanced accuracy 0.655000
  Latest train balanced accuracy: 0.980868
  Checkpoint valid:  predicted 0/1 = 19/3 | actual 0/1 = 20/2
Job 17154 (nps3mlp_gine_residual_OSBP_s1)
  Epoch: current 43 | checkpoint 42 | best rolling-5 balanced accuracy 0.652381
  Latest train balanced accuracy: 0.963010
  Checkpoint valid:  predicted 0/1 = 8/9 | actual 0/1 = 14/3
Job 17155 (nps3mlp_gine_residual_OSBP_s2)
  Epoch: current 36 | checkpoint 24 | best rolling-5 balanced accuracy 0.889474
  Latest train balanced accuracy: 0.981229
  Checkpoint valid:  predicted 0/1 = 11/11 | actual 0/1 = 19/3
Job 17156 (nps3mlp_gine_residual_OSBP_s3)
  Epoch: current 35 | checkpoint 1 | best rolling-5 balanced accuracy 0.750000
  Latest train balanced accuracy: 0.976351
  Checkpoint valid:  predicted 0/1 = 16/2 | actual 0/1 = 14/4
Job 17157 (nps3mlp_gine_residual_OSBP_s4)
  Epoch: current 23 | checkpoint 6 | best rolling-5 balanced accuracy 0.714286
  Latest train balanced accuracy: 0.955738
  Checkpoint valid:  predicted 0/1 = 12/11 | actual 0/1 = 21/2
Job 17254 (nps3mlp_dpt01_CRAL-TRIO_s0)
  Epoch: current 5 | checkpoint 4 | best rolling-5 balanced accuracy 0.492986
  Latest train balanced accuracy: 0.742541
  Checkpoint valid:  predicted 0/1 = 7/165 | actual 0/1 = 72/100
Job 17255 (nps3mlp_dpt01_CRAL-TRIO_s1)
  Epoch: current 0 | checkpoint 0 | best rolling-5 balanced accuracy n/a
  Latest train balanced accuracy: n/a
  Checkpoint valid:  predicted 0/1 = n/a/n/a | actual 0/1 = n/a/n/a
Completed OAR job IDs:
17142
Synchronizing results from completed jobs.
Updating metrics table and feature contributions.
Added 3 new metric rows to /home/kalinina/DL_project/metrics_summary.csv
Next waiting job start: OAR has not scheduled one yet.
OAR jobs: running=16 waiting=43 other=0 total=59 pending_queue=0. Checking again in 300 seconds.
Bigfoot queue: submitted=0 waiting_before=42 max_waiting=50 pending=0.
Current OAR jobs for kalinina:
    17145    nps3mlp_gi…   3:00:26    Running   kalinina   R=32,J=P,Q…   default  
    17146    nps3mlp_gi…   2:56:47    Running   kalinina   R=32,J=P,Q…   default  
    17147    nps3mlp_gi…   2:56:26    Running   kalinina   R=32,J=P,Q…   default  
    17148    nps3mlp_gi…   2:47:28    Running   kalinina   R=8,J=P,Q=…   default  
    17149    nps3mlp_gi…   2:21:31    Running   kalinina   R=32,J=P,Q…   default  
    17150    nps3mlp_gi…   2:19:01    Running   kalinina   R=32,J=P,Q…   default  
    17151    nps3mlp_gi…   2:08:07    Running   kalinina   R=32,J=P,Q…   default  
    17152    nps3mlp_gi…   1:58:06    Running   kalinina   R=10,J=P,Q…   default  
    17153    nps3mlp_gi…   1:07:40    Running   kalinina   R=32,J=P,Q…   default  
    17154    nps3mlp_gi…   1:00:15    Running   kalinina   R=32,J=P,Q…   default  
    17155    nps3mlp_gi…   0:58:16    Running   kalinina   R=10,J=P,Q…   default  
    17156    nps3mlp_gi…   0:57:57    Running   kalinina   R=10,J=P,Q…   default  
    17157    nps3mlp_gi…   0:32:39    Running   kalinina   R=10,J=P,Q…   default  
    17254    nps3mlp_dp…   0:10:39    Running   kalinina   R=10,J=P,Q…   default  
    17255    nps3mlp_dp…   0:05:35    Running   kalinina   R=8,J=P,Q=…   default  
    17256    nps3mlp_dp…   0:03:09    Running   kalinina   R=10,J=P,Q…   default  
    17257    nps3mlp_dp…   -          Waiting   kalinina   R=8,W=1809…   default  
    17258    nps3mlp_dp…   -          Waiting   kalinina   R=32,W=180…   default  
    17259    nps3mlp_dp…   -          Waiting   kalinina   R=32,W=180…   default  
    17260    nps3mlp_dp…   -          Waiting   kalinina   R=32,W=180…   default  
    17261    nps3mlp_dp…   -          Waiting   kalinina   R=8,W=1809…   default  
    17262    nps3mlp_dp…   -          Waiting   kalinina   R=32,W=180…   default  
    17263    nps3mlp_dp…   -          Waiting   kalinina   R=32,W=180…   default  
    17264    nps3mlp_dp…   -          Waiting   kalinina   R=32,W=180…   default  
    17265    nps3mlp_dp…   -          Waiting   kalinina   R=10,W=180…   default  
    17266    nps3mlp_dp…   -          Waiting   kalinina   R=10,W=180…   default  
    17267    nps3mlp_dp…   -          Waiting   kalinina   R=32,W=180…   default  
    17268    nps3mlp_dp…   -          Waiting   kalinina   R=32,W=180…   default  
    17269    nps3mlp_dp…   -          Waiting   kalinina   R=10,W=180…   default  
    17270    nps3mlp_dp…   -          Waiting   kalinina   R=10,W=180…   default  
    17271    nps3mlp_dp…   -          Waiting   kalinina   R=10,W=180…   default  
    17272    nps3mlp_dp…   -          Waiting   kalinina   R=10,W=180…   default  
    17273    nps3mlp_dp…   -          Waiting   kalinina   R=8,W=1809…   default  
    17274    nps3mlp_dp…   -          Waiting   kalinina   R=10,W=180…   default  
    17275    nps3mlp_dp…   -          Waiting   kalinina   R=8,W=1809…   default  
    17276    nps3mlp_dp…   -          Waiting   kalinina   R=32,W=180…   default  
    17277    nps3mlp_dp…   -          Waiting   kalinina   R=32,W=180…   default  
    17278    nps3mlp_dp…   -          Waiting   kalinina   R=32,W=180…   default  
    17279    nps3mlp_dp…   -          Waiting   kalinina   R=8,W=1809…   default  
    17280    nps3mlp_dp…   -          Waiting   kalinina   R=32,W=180…   default  
    17281    nps3mlp_dp…   -          Waiting   kalinina   R=32,W=180…   default  
    17282    nps3mlp_dp…   -          Waiting   kalinina   R=32,W=180…   default  
    17306    nps3mlp_dp…   -          Waiting   kalinina   R=10,W=180…   default  
    17307    nps3mlp_dp…   -          Waiting   kalinina   R=32,W=180…   default  
    17308    nps3mlp_dp…   -          Waiting   kalinina   R=32,W=180…   default  
    17309    nps3mlp_dp…   -          Waiting   kalinina   R=8,W=1809…   default  
    17310    nps3mlp_dp…   -          Waiting   kalinina   R=32,W=180…   default  
    17311    nps3mlp_dp…   -          Waiting   kalinina   R=32,W=180…   default  
    17312    nps3mlp_dp…   -          Waiting   kalinina   R=32,W=180…   default  
    17313    nps3mlp_dp…   -          Waiting   kalinina   R=32,W=180…   default  
    17314    nps3mlp_dp…   -          Waiting   kalinina   R=32,W=180…   default  
    17315    nps3mlp_dp…   -          Waiting   kalinina   R=32,W=180…   default  
    17316    nps3mlp_dp…   -          Waiting   kalinina   R=10,W=180…   default  
    17317    nps3mlp_dp…   -          Waiting   kalinina   R=32,W=180…   default  
    17318    nps3mlp_dp…   -          Waiting   kalinina   R=32,W=180…   default  
    17319    nps3mlp_dp…   -          Waiting   kalinina   R=32,W=180…   default  
    17320    nps3mlp_dp…   -          Waiting   kalinina   R=32,W=180…   default  
    17321    nps3mlp_dp…   -          Waiting   kalinina   R=32,W=180…   default  
Synchronizing script logs.
Job 17145 (nps3mlp_gine_residual_scp2_s2)
  Epoch: current 149 | checkpoint 1 | best rolling-5 balanced accuracy 0.609091
  Latest train balanced accuracy: 0.996257
  Checkpoint valid:  predicted 0/1 = 9/33 | actual 0/1 = 22/20
Job 17146 (nps3mlp_gine_residual_scp2_s3)
  Epoch: current 148 | checkpoint 2 | best rolling-5 balanced accuracy 0.560000
  Latest train balanced accuracy: 0.996006
  Checkpoint valid:  predicted 0/1 = 23/21 | actual 0/1 = 25/19
Job 17147 (nps3mlp_gine_residual_scp2_s4)
  Epoch: current 143 | checkpoint 64 | best rolling-5 balanced accuracy 0.695652
  Latest train balanced accuracy: 0.995545
  Checkpoint valid:  predicted 0/1 = 28/18 | actual 0/1 = 23/23
Job 17148 (nps3mlp_gine_residual_ML_s0)
  Epoch: current 110 | checkpoint 18 | best rolling-5 balanced accuracy 0.755556
  Latest train balanced accuracy: 0.962036
  Checkpoint valid:  predicted 0/1 = 4/8 | actual 0/1 = 9/3
Job 17149 (nps3mlp_gine_residual_ML_s1)
  Epoch: current 111 | checkpoint 5 | best rolling-5 balanced accuracy 0.572727
  Latest train balanced accuracy: 0.981020
  Checkpoint valid:  predicted 0/1 = 2/13 | actual 0/1 = 11/4
Job 17150 (nps3mlp_gine_residual_ML_s2)
  Epoch: current 112 | checkpoint 77 | best rolling-5 balanced accuracy 0.733333
  Latest train balanced accuracy: 0.995549
  Checkpoint valid:  predicted 0/1 = 7/3 | actual 0/1 = 4/6
Job 17151 (nps3mlp_gine_residual_ML_s3)
  Epoch: current 104 | checkpoint 49 | best rolling-5 balanced accuracy 0.575000
  Latest train balanced accuracy: 0.995301
  Checkpoint valid:  predicted 0/1 = 4/10 | actual 0/1 = 10/4
Job 17152 (nps3mlp_gine_residual_ML_s4)
  Epoch: current 79 | checkpoint 1 | best rolling-5 balanced accuracy 0.611111
  Latest train balanced accuracy: 0.990828
  Checkpoint valid:  predicted 0/1 = 2/12 | actual 0/1 = 9/5
Job 17153 (nps3mlp_gine_residual_OSBP_s0)
  Epoch: current 57 | checkpoint 13 | best rolling-5 balanced accuracy 0.655000
  Latest train balanced accuracy: 0.988171
  Checkpoint valid:  predicted 0/1 = 19/3 | actual 0/1 = 20/2
Job 17154 (nps3mlp_gine_residual_OSBP_s1)
  Epoch: current 47 | checkpoint 42 | best rolling-5 balanced accuracy 0.652381
  Latest train balanced accuracy: 0.987609
  Checkpoint valid:  predicted 0/1 = 8/9 | actual 0/1 = 14/3
Job 17155 (nps3mlp_gine_residual_OSBP_s2)
  Epoch: current 40 | checkpoint 24 | best rolling-5 balanced accuracy 0.889474
  Latest train balanced accuracy: 0.978194
  Checkpoint valid:  predicted 0/1 = 11/11 | actual 0/1 = 19/3
Job 17156 (nps3mlp_gine_residual_OSBP_s3)
  Epoch: current 39 | checkpoint 1 | best rolling-5 balanced accuracy 0.750000
  Latest train balanced accuracy: 0.979937
  Checkpoint valid:  predicted 0/1 = 16/2 | actual 0/1 = 14/4
Job 17157 (nps3mlp_gine_residual_OSBP_s4)
  Epoch: current 28 | checkpoint 6 | best rolling-5 balanced accuracy 0.714286
  Latest train balanced accuracy: 0.966815
  Checkpoint valid:  predicted 0/1 = 12/11 | actual 0/1 = 21/2
Job 17254 (nps3mlp_dpt01_CRAL-TRIO_s0)
  Epoch: current 10 | checkpoint 9 | best rolling-5 balanced accuracy 0.599889
  Latest train balanced accuracy: 0.797864
  Checkpoint valid:  predicted 0/1 = 40/132 | actual 0/1 = 72/100
Job 17255 (nps3mlp_dpt01_CRAL-TRIO_s1)
  Epoch: current 4 | checkpoint 1 | best rolling-5 balanced accuracy 0.500000
  Latest train balanced accuracy: 0.670364
  Checkpoint valid:  predicted 0/1 = 0/180 | actual 0/1 = 75/105
Job 17256 (nps3mlp_dpt01_CRAL-TRIO_s2)
  Epoch: current 3 | checkpoint 1 | best rolling-5 balanced accuracy 0.567715
  Latest train balanced accuracy: 0.667921
  Checkpoint valid:  predicted 0/1 = 18/154 | actual 0/1 = 63/109
Completed OAR job IDs:
17144
Synchronizing results from completed jobs.
Updating metrics table and feature contributions.
Added 0 new metric rows to /home/kalinina/DL_project/metrics_summary.csv
Next waiting job start: OAR has not scheduled one yet.
OAR jobs: running=16 waiting=42 other=0 total=58 pending_queue=0. Checking again in 300 seconds.
Bigfoot queue: submitted=0 waiting_before=40 max_waiting=50 pending=0.
Current OAR jobs for kalinina:
    17147    nps3mlp_gi…   3:01:39    Running   kalinina   R=32,J=P,Q…   default  
    17148    nps3mlp_gi…   2:52:41    Running   kalinina   R=8,J=P,Q=…   default  
    17149    nps3mlp_gi…   2:26:44    Running   kalinina   R=32,J=P,Q…   default  
    17150    nps3mlp_gi…   2:24:14    Running   kalinina   R=32,J=P,Q…   default  
    17151    nps3mlp_gi…   2:13:20    Running   kalinina   R=32,J=P,Q…   default  
    17152    nps3mlp_gi…   2:03:19    Running   kalinina   R=10,J=P,Q…   default  
    17153    nps3mlp_gi…   1:12:53    Running   kalinina   R=32,J=P,Q…   default  
    17154    nps3mlp_gi…   1:05:28    Running   kalinina   R=32,J=P,Q…   default  
    17155    nps3mlp_gi…   1:03:29    Running   kalinina   R=10,J=P,Q…   default  
    17156    nps3mlp_gi…   1:03:10    Running   kalinina   R=10,J=P,Q…   default  
    17157    nps3mlp_gi…   0:37:52    Running   kalinina   R=10,J=P,Q…   default  
    17254    nps3mlp_dp…   0:15:52    Running   kalinina   R=10,J=P,Q…   default  
    17255    nps3mlp_dp…   0:10:48    Running   kalinina   R=8,J=P,Q=…   default  
    17256    nps3mlp_dp…   0:08:22    Running   kalinina   R=10,J=P,Q…   default  
    17257    nps3mlp_dp…   0:02:40    Running   kalinina   R=32,J=P,Q…   default  
    17258    nps3mlp_dp…   0:01:19    Running   kalinina   R=32,J=P,Q…   default  
    17259    nps3mlp_dp…   -          Waiting   kalinina   R=8,W=1809…   default  
    17260    nps3mlp_dp…   -          Waiting   kalinina   R=32,W=180…   default  
    17261    nps3mlp_dp…   -          Waiting   kalinina   R=8,W=1809…   default  
    17262    nps3mlp_dp…   -          Waiting   kalinina   R=32,W=180…   default  
    17263    nps3mlp_dp…   -          Waiting   kalinina   R=32,W=180…   default  
    17264    nps3mlp_dp…   -          Waiting   kalinina   R=32,W=180…   default  
    17265    nps3mlp_dp…   -          Waiting   kalinina   R=10,W=180…   default  
    17266    nps3mlp_dp…   -          Waiting   kalinina   R=10,W=180…   default  
    17267    nps3mlp_dp…   -          Waiting   kalinina   R=32,W=180…   default  
    17268    nps3mlp_dp…   -          Waiting   kalinina   R=32,W=180…   default  
    17269    nps3mlp_dp…   -          Waiting   kalinina   R=10,W=180…   default  
    17270    nps3mlp_dp…   -          Waiting   kalinina   R=10,W=180…   default  
    17271    nps3mlp_dp…   -          Waiting   kalinina   R=10,W=180…   default  
    17272    nps3mlp_dp…   -          Waiting   kalinina   R=10,W=180…   default  
    17273    nps3mlp_dp…   -          Waiting   kalinina   R=8,W=1809…   default  
    17274    nps3mlp_dp…   -          Waiting   kalinina   R=10,W=180…   default  
    17275    nps3mlp_dp…   -          Waiting   kalinina   R=32,W=180…   default  
    17276    nps3mlp_dp…   -          Waiting   kalinina   R=32,W=180…   default  
    17277    nps3mlp_dp…   -          Waiting   kalinina   R=8,W=1809…   default  
    17278    nps3mlp_dp…   -          Waiting   kalinina   R=32,W=180…   default  
    17279    nps3mlp_dp…   -          Waiting   kalinina   R=8,W=1809…   default  
    17280    nps3mlp_dp…   -          Waiting   kalinina   R=32,W=180…   default  
    17281    nps3mlp_dp…   -          Waiting   kalinina   R=32,W=180…   default  
    17282    nps3mlp_dp…   -          Waiting   kalinina   R=32,W=180…   default  
    17306    nps3mlp_dp…   -          Waiting   kalinina   R=10,W=180…   default  
    17307    nps3mlp_dp…   -          Waiting   kalinina   R=32,W=180…   default  
    17308    nps3mlp_dp…   -          Waiting   kalinina   R=32,W=180…   default  
    17309    nps3mlp_dp…   -          Waiting   kalinina   R=8,W=1809…   default  
    17310    nps3mlp_dp…   -          Waiting   kalinina   R=32,W=180…   default  
    17311    nps3mlp_dp…   -          Waiting   kalinina   R=32,W=180…   default  
    17312    nps3mlp_dp…   -          Waiting   kalinina   R=32,W=180…   default  
    17313    nps3mlp_dp…   -          Waiting   kalinina   R=32,W=180…   default  
    17314    nps3mlp_dp…   -          Waiting   kalinina   R=32,W=180…   default  
    17315    nps3mlp_dp…   -          Waiting   kalinina   R=32,W=180…   default  
    17316    nps3mlp_dp…   -          Waiting   kalinina   R=10,W=180…   default  
    17317    nps3mlp_dp…   -          Waiting   kalinina   R=32,W=180…   default  
    17318    nps3mlp_dp…   -          Waiting   kalinina   R=32,W=180…   default  
    17319    nps3mlp_dp…   -          Waiting   kalinina   R=32,W=180…   default  
    17320    nps3mlp_dp…   -          Waiting   kalinina   R=32,W=180…   default  
    17321    nps3mlp_dp…   -          Waiting   kalinina   R=32,W=180…   default  
Synchronizing script logs.
Job 17147 (nps3mlp_gine_residual_scp2_s4)
  Epoch: current 148 | checkpoint 64 | best rolling-5 balanced accuracy 0.695652
  Latest train balanced accuracy: 0.995297
  Checkpoint valid:  predicted 0/1 = 28/18 | actual 0/1 = 23/23
Job 17148 (nps3mlp_gine_residual_ML_s0)
  Epoch: current 114 | checkpoint 18 | best rolling-5 balanced accuracy 0.755556
  Latest train balanced accuracy: 0.994418
  Checkpoint valid:  predicted 0/1 = 4/8 | actual 0/1 = 9/3
Job 17149 (nps3mlp_gine_residual_ML_s1)
  Epoch: current 115 | checkpoint 5 | best rolling-5 balanced accuracy 0.572727
  Latest train balanced accuracy: 0.994177
  Checkpoint valid:  predicted 0/1 = 7/8 | actual 0/1 = 11/4
Job 17150 (nps3mlp_gine_residual_ML_s2)
  Epoch: current 116 | checkpoint 77 | best rolling-5 balanced accuracy 0.733333
  Latest train balanced accuracy: 0.970881
  Checkpoint valid:  predicted 0/1 = 7/3 | actual 0/1 = 4/6
Job 17151 (nps3mlp_gine_residual_ML_s3)
  Epoch: current 108 | checkpoint 49 | best rolling-5 balanced accuracy 0.575000
  Latest train balanced accuracy: 0.995301
  Checkpoint valid:  predicted 0/1 = 4/10 | actual 0/1 = 10/4
Job 17152 (nps3mlp_gine_residual_ML_s4)
  Epoch: current 83 | checkpoint 1 | best rolling-5 balanced accuracy 0.611111
  Latest train balanced accuracy: 0.994412
  Checkpoint valid:  predicted 0/1 = 2/12 | actual 0/1 = 9/5
Job 17153 (nps3mlp_gine_residual_OSBP_s0)
  Epoch: current 61 | checkpoint 13 | best rolling-5 balanced accuracy 0.655000
  Latest train balanced accuracy: 0.988428
  Checkpoint valid:  predicted 0/1 = 19/3 | actual 0/1 = 20/2
Job 17154 (nps3mlp_gine_residual_OSBP_s1)
  Epoch: current 51 | checkpoint 42 | best rolling-5 balanced accuracy 0.652381
  Latest train balanced accuracy: 0.989614
  Checkpoint valid:  predicted 0/1 = 8/9 | actual 0/1 = 14/3
Job 17155 (nps3mlp_gine_residual_OSBP_s2)
  Epoch: current 44 | checkpoint 24 | best rolling-5 balanced accuracy 0.889474
  Latest train balanced accuracy: 0.985755
  Checkpoint valid:  predicted 0/1 = 11/11 | actual 0/1 = 19/3
Job 17156 (nps3mlp_gine_residual_OSBP_s3)
  Epoch: current 42 | checkpoint 1 | best rolling-5 balanced accuracy 0.750000
  Latest train balanced accuracy: 0.981762
  Checkpoint valid:  predicted 0/1 = 16/2 | actual 0/1 = 14/4
Job 17157 (nps3mlp_gine_residual_OSBP_s4)
  Epoch: current 33 | checkpoint 6 | best rolling-5 balanced accuracy 0.714286
  Latest train balanced accuracy: 0.964022
  Checkpoint valid:  predicted 0/1 = 12/11 | actual 0/1 = 21/2
Job 17254 (nps3mlp_dpt01_CRAL-TRIO_s0)
  Epoch: current 14 | checkpoint 12 | best rolling-5 balanced accuracy 0.622222
  Latest train balanced accuracy: 0.849238
  Checkpoint valid:  predicted 0/1 = 60/112 | actual 0/1 = 72/100
Job 17255 (nps3mlp_dpt01_CRAL-TRIO_s1)
  Epoch: current 8 | checkpoint 7 | best rolling-5 balanced accuracy 0.575619
  Latest train balanced accuracy: 0.756635
  Checkpoint valid:  predicted 0/1 = 53/127 | actual 0/1 = 75/105
Job 17256 (nps3mlp_dpt01_CRAL-TRIO_s2)
  Epoch: current 7 | checkpoint 6 | best rolling-5 balanced accuracy 0.574123
  Latest train balanced accuracy: 0.776110
  Checkpoint valid:  predicted 0/1 = 29/143 | actual 0/1 = 63/109
Job 17257 (nps3mlp_dpt01_CRAL-TRIO_s3)
  Epoch: current 2 | checkpoint 1 | best rolling-5 balanced accuracy 0.456121
  Latest train balanced accuracy: 0.580392
  Checkpoint valid:  predicted 0/1 = 0/175 | actual 0/1 = 72/103
Job 17258 (nps3mlp_dpt01_CRAL-TRIO_s4)
  Epoch: current 1 | checkpoint 0 | best rolling-5 balanced accuracy n/a
  Latest train balanced accuracy: n/a
  Checkpoint valid:  predicted 0/1 = n/a/n/a | actual 0/1 = n/a/n/a
Completed OAR job IDs:
17145
17146
Synchronizing results from completed jobs.
Updating metrics table and feature contributions.
Added 0 new metric rows to /home/kalinina/DL_project/metrics_summary.csv
Next waiting job start: OAR has not scheduled one yet.
OAR jobs: running=16 waiting=40 other=0 total=56 pending_queue=0. Checking again in 300 seconds.
Bigfoot queue: submitted=0 waiting_before=39 max_waiting=50 pending=0.
Current OAR jobs for kalinina:
    17148    nps3mlp_gi…   2:57:55    Running   kalinina   R=8,J=P,Q=…   default  
    17149    nps3mlp_gi…   2:31:58    Running   kalinina   R=32,J=P,Q…   default  
    17150    nps3mlp_gi…   2:29:28    Running   kalinina   R=32,J=P,Q…   default  
    17151    nps3mlp_gi…   2:18:34    Running   kalinina   R=32,J=P,Q…   default  
    17152    nps3mlp_gi…   2:08:33    Running   kalinina   R=10,J=P,Q…   default  
    17153    nps3mlp_gi…   1:18:07    Running   kalinina   R=32,J=P,Q…   default  
    17154    nps3mlp_gi…   1:10:42    Running   kalinina   R=32,J=P,Q…   default  
    17155    nps3mlp_gi…   1:08:43    Running   kalinina   R=10,J=P,Q…   default  
    17156    nps3mlp_gi…   1:08:24    Running   kalinina   R=10,J=P,Q…   default  
    17157    nps3mlp_gi…   0:43:06    Running   kalinina   R=10,J=P,Q…   default  
    17254    nps3mlp_dp…   0:21:06    Running   kalinina   R=10,J=P,Q…   default  
    17255    nps3mlp_dp…   0:16:02    Running   kalinina   R=8,J=P,Q=…   default  
    17256    nps3mlp_dp…   0:13:36    Running   kalinina   R=10,J=P,Q…   default  
    17257    nps3mlp_dp…   0:07:54    Running   kalinina   R=32,J=P,Q…   default  
    17258    nps3mlp_dp…   0:06:33    Running   kalinina   R=32,J=P,Q…   default  
    17259    nps3mlp_dp…   0:00:50    Running   kalinina   R=32,J=P,Q…   default  
    17260    nps3mlp_dp…   -          Waiting   kalinina   R=8,W=1809…   default  
    17261    nps3mlp_dp…   -          Waiting   kalinina   R=8,W=1809…   default  
    17262    nps3mlp_dp…   -          Waiting   kalinina   R=32,W=180…   default  
    17263    nps3mlp_dp…   -          Waiting   kalinina   R=32,W=180…   default  
    17264    nps3mlp_dp…   -          Waiting   kalinina   R=32,W=180…   default  
    17265    nps3mlp_dp…   -          Waiting   kalinina   R=10,W=180…   default  
    17266    nps3mlp_dp…   -          Waiting   kalinina   R=10,W=180…   default  
    17267    nps3mlp_dp…   -          Waiting   kalinina   R=32,W=180…   default  
    17268    nps3mlp_dp…   -          Waiting   kalinina   R=32,W=180…   default  
    17269    nps3mlp_dp…   -          Waiting   kalinina   R=10,W=180…   default  
    17270    nps3mlp_dp…   -          Waiting   kalinina   R=10,W=180…   default  
    17271    nps3mlp_dp…   -          Waiting   kalinina   R=10,W=180…   default  
    17272    nps3mlp_dp…   -          Waiting   kalinina   R=10,W=180…   default  
    17273    nps3mlp_dp…   -          Waiting   kalinina   R=8,W=1809…   default  
    17274    nps3mlp_dp…   -          Waiting   kalinina   R=10,W=180…   default  
    17275    nps3mlp_dp…   -          Waiting   kalinina   R=32,W=180…   default  
    17276    nps3mlp_dp…   -          Waiting   kalinina   R=32,W=180…   default  
    17277    nps3mlp_dp…   -          Waiting   kalinina   R=32,W=180…   default  
    17278    nps3mlp_dp…   -          Waiting   kalinina   R=8,W=1809…   default  
    17279    nps3mlp_dp…   -          Waiting   kalinina   R=8,W=1809…   default  
    17280    nps3mlp_dp…   -          Waiting   kalinina   R=32,W=180…   default  
    17281    nps3mlp_dp…   -          Waiting   kalinina   R=32,W=180…   default  
    17282    nps3mlp_dp…   -          Waiting   kalinina   R=32,W=180…   default  
    17306    nps3mlp_dp…   -          Waiting   kalinina   R=10,W=180…   default  
    17307    nps3mlp_dp…   -          Waiting   kalinina   R=32,W=180…   default  
    17308    nps3mlp_dp…   -          Waiting   kalinina   R=32,W=180…   default  
    17309    nps3mlp_dp…   -          Waiting   kalinina   R=8,W=1809…   default  
    17310    nps3mlp_dp…   -          Waiting   kalinina   R=32,W=180…   default  
    17311    nps3mlp_dp…   -          Waiting   kalinina   R=32,W=180…   default  
    17312    nps3mlp_dp…   -          Waiting   kalinina   R=32,W=180…   default  
    17313    nps3mlp_dp…   -          Waiting   kalinina   R=32,W=180…   default  
    17314    nps3mlp_dp…   -          Waiting   kalinina   R=32,W=180…   default  
    17315    nps3mlp_dp…   -          Waiting   kalinina   R=32,W=180…   default  
    17316    nps3mlp_dp…   -          Waiting   kalinina   R=10,W=180…   default  
    17317    nps3mlp_dp…   -          Waiting   kalinina   R=32,W=180…   default  
    17318    nps3mlp_dp…   -          Waiting   kalinina   R=32,W=180…   default  
    17319    nps3mlp_dp…   -          Waiting   kalinina   R=32,W=180…   default  
    17320    nps3mlp_dp…   -          Waiting   kalinina   R=32,W=180…   default  
    17321    nps3mlp_dp…   -          Waiting   kalinina   R=32,W=180…   default  
Synchronizing script logs.
Job 17148 (nps3mlp_gine_residual_ML_s0)
  Epoch: current 117 | checkpoint 18 | best rolling-5 balanced accuracy 0.755556
  Latest train balanced accuracy: 0.989281
  Checkpoint valid:  predicted 0/1 = 4/8 | actual 0/1 = 9/3
Job 17149 (nps3mlp_gine_residual_ML_s1)
  Epoch: current 119 | checkpoint 5 | best rolling-5 balanced accuracy 0.572727
  Latest train balanced accuracy: 0.995287
  Checkpoint valid:  predicted 0/1 = 7/8 | actual 0/1 = 11/4
Job 17150 (nps3mlp_gine_residual_ML_s2)
  Epoch: current 121 | checkpoint 77 | best rolling-5 balanced accuracy 0.733333
  Latest train balanced accuracy: 0.996219
  Checkpoint valid:  predicted 0/1 = 7/3 | actual 0/1 = 4/6
Job 17151 (nps3mlp_gine_residual_ML_s3)
  Epoch: current 112 | checkpoint 49 | best rolling-5 balanced accuracy 0.575000
  Latest train balanced accuracy: 0.995301
  Checkpoint valid:  predicted 0/1 = 4/10 | actual 0/1 = 10/4
Job 17152 (nps3mlp_gine_residual_ML_s4)
  Epoch: current 86 | checkpoint 1 | best rolling-5 balanced accuracy 0.611111
  Latest train balanced accuracy: 0.990828
  Checkpoint valid:  predicted 0/1 = 2/12 | actual 0/1 = 9/5
Job 17153 (nps3mlp_gine_residual_OSBP_s0)
  Epoch: current 65 | checkpoint 13 | best rolling-5 balanced accuracy 0.655000
  Latest train balanced accuracy: 0.993365
  Checkpoint valid:  predicted 0/1 = 19/3 | actual 0/1 = 20/2
Job 17154 (nps3mlp_gine_residual_OSBP_s1)
  Epoch: current 55 | checkpoint 42 | best rolling-5 balanced accuracy 0.652381
  Latest train balanced accuracy: 0.989188
  Checkpoint valid:  predicted 0/1 = 8/9 | actual 0/1 = 14/3
Job 17155 (nps3mlp_gine_residual_OSBP_s2)
  Epoch: current 47 | checkpoint 24 | best rolling-5 balanced accuracy 0.889474
  Latest train balanced accuracy: 0.984982
  Checkpoint valid:  predicted 0/1 = 11/11 | actual 0/1 = 19/3
Job 17156 (nps3mlp_gine_residual_OSBP_s3)
  Epoch: current 46 | checkpoint 1 | best rolling-5 balanced accuracy 0.750000
  Latest train balanced accuracy: 0.971608
  Checkpoint valid:  predicted 0/1 = 16/2 | actual 0/1 = 14/4
Job 17157 (nps3mlp_gine_residual_OSBP_s4)
  Epoch: current 37 | checkpoint 6 | best rolling-5 balanced accuracy 0.714286
  Latest train balanced accuracy: 0.977201
  Checkpoint valid:  predicted 0/1 = 12/11 | actual 0/1 = 21/2
Job 17254 (nps3mlp_dpt01_CRAL-TRIO_s0)
  Epoch: current 19 | checkpoint 12 | best rolling-5 balanced accuracy 0.622222
  Latest train balanced accuracy: 0.885395
  Checkpoint valid:  predicted 0/1 = 60/112 | actual 0/1 = 72/100
Job 17255 (nps3mlp_dpt01_CRAL-TRIO_s1)
  Epoch: current 12 | checkpoint 9 | best rolling-5 balanced accuracy 0.631809
  Latest train balanced accuracy: n/a
  Checkpoint valid:  predicted 0/1 = n/a/n/a | actual 0/1 = n/a/n/a
Job 17256 (nps3mlp_dpt01_CRAL-TRIO_s2)
  Epoch: current 12 | checkpoint 11 | best rolling-5 balanced accuracy 0.689806
  Latest train balanced accuracy: 0.867014
  Checkpoint valid:  predicted 0/1 = 64/108 | actual 0/1 = 63/109
Job 17257 (nps3mlp_dpt01_CRAL-TRIO_s3)
  Epoch: current 7 | checkpoint 6 | best rolling-5 balanced accuracy 0.550718
  Latest train balanced accuracy: 0.753763
  Checkpoint valid:  predicted 0/1 = 4/171 | actual 0/1 = 71/104
Job 17258 (nps3mlp_dpt01_CRAL-TRIO_s4)
  Epoch: current 6 | checkpoint 5 | best rolling-5 balanced accuracy 0.589555
  Latest train balanced accuracy: 0.760953
  Checkpoint valid:  predicted 0/1 = 36/136 | actual 0/1 = 71/101
Job 17259 (nps3mlp_dpt01_START_s0)
  Epoch: current 1 | checkpoint 0 | best rolling-5 balanced accuracy n/a
  Latest train balanced accuracy: n/a
  Checkpoint valid:  predicted 0/1 = n/a/n/a | actual 0/1 = n/a/n/a
Completed OAR job IDs:
17147
Synchronizing results from completed jobs.
Updating metrics table and feature contributions.
Added 0 new metric rows to /home/kalinina/DL_project/metrics_summary.csv
Next waiting job start: OAR has not scheduled one yet.
OAR jobs: running=16 waiting=39 other=0 total=55 pending_queue=0. Checking again in 300 seconds.
Bigfoot queue: submitted=0 waiting_before=39 max_waiting=50 pending=0.
Current OAR jobs for kalinina:
    17148    nps3mlp_gi…   3:03:08    Running   kalinina   R=8,J=P,Q=…   default  
    17149    nps3mlp_gi…   2:37:11    Running   kalinina   R=32,J=P,Q…   default  
    17150    nps3mlp_gi…   2:34:41    Running   kalinina   R=32,J=P,Q…   default  
    17151    nps3mlp_gi…   2:23:47    Running   kalinina   R=32,J=P,Q…   default  
    17152    nps3mlp_gi…   2:13:46    Running   kalinina   R=10,J=P,Q…   default  
    17153    nps3mlp_gi…   1:23:20    Running   kalinina   R=32,J=P,Q…   default  
    17154    nps3mlp_gi…   1:15:55    Running   kalinina   R=32,J=P,Q…   default  
    17155    nps3mlp_gi…   1:13:56    Running   kalinina   R=10,J=P,Q…   default  
    17156    nps3mlp_gi…   1:13:37    Running   kalinina   R=10,J=P,Q…   default  
    17157    nps3mlp_gi…   0:48:19    Running   kalinina   R=10,J=P,Q…   default  
    17254    nps3mlp_dp…   0:26:19    Running   kalinina   R=10,J=P,Q…   default  
    17255    nps3mlp_dp…   0:21:15    Running   kalinina   R=8,J=P,Q=…   default  
    17256    nps3mlp_dp…   0:18:49    Running   kalinina   R=10,J=P,Q…   default  
    17257    nps3mlp_dp…   0:13:07    Running   kalinina   R=32,J=P,Q…   default  
    17258    nps3mlp_dp…   0:11:46    Running   kalinina   R=32,J=P,Q…   default  
    17259    nps3mlp_dp…   0:06:03    Running   kalinina   R=32,J=P,Q…   default  
    17260    nps3mlp_dp…   -          Waiting   kalinina   R=8,W=1809…   default  
    17261    nps3mlp_dp…   -          Waiting   kalinina   R=8,W=1809…   default  
    17262    nps3mlp_dp…   -          Waiting   kalinina   R=32,W=180…   default  
    17263    nps3mlp_dp…   -          Waiting   kalinina   R=32,W=180…   default  
    17264    nps3mlp_dp…   -          Waiting   kalinina   R=32,W=180…   default  
    17265    nps3mlp_dp…   -          Waiting   kalinina   R=10,W=180…   default  
    17266    nps3mlp_dp…   -          Waiting   kalinina   R=10,W=180…   default  
    17267    nps3mlp_dp…   -          Waiting   kalinina   R=32,W=180…   default  
    17268    nps3mlp_dp…   -          Waiting   kalinina   R=32,W=180…   default  
    17269    nps3mlp_dp…   -          Waiting   kalinina   R=10,W=180…   default  
    17270    nps3mlp_dp…   -          Waiting   kalinina   R=10,W=180…   default  
    17271    nps3mlp_dp…   -          Waiting   kalinina   R=10,W=180…   default  
    17272    nps3mlp_dp…   -          Waiting   kalinina   R=10,W=180…   default  
    17273    nps3mlp_dp…   -          Waiting   kalinina   R=8,W=1809…   default  
    17274    nps3mlp_dp…   -          Waiting   kalinina   R=10,W=180…   default  
    17275    nps3mlp_dp…   -          Waiting   kalinina   R=32,W=180…   default  
    17276    nps3mlp_dp…   -          Waiting   kalinina   R=32,W=180…   default  
    17277    nps3mlp_dp…   -          Waiting   kalinina   R=32,W=180…   default  
    17278    nps3mlp_dp…   -          Waiting   kalinina   R=8,W=1809…   default  
    17279    nps3mlp_dp…   -          Waiting   kalinina   R=8,W=1809…   default  
    17280    nps3mlp_dp…   -          Waiting   kalinina   R=32,W=180…   default  
    17281    nps3mlp_dp…   -          Waiting   kalinina   R=32,W=180…   default  
    17282    nps3mlp_dp…   -          Waiting   kalinina   R=32,W=180…   default  
    17306    nps3mlp_dp…   -          Waiting   kalinina   R=10,W=180…   default  
    17307    nps3mlp_dp…   -          Waiting   kalinina   R=32,W=180…   default  
    17308    nps3mlp_dp…   -          Waiting   kalinina   R=32,W=180…   default  
    17309    nps3mlp_dp…   -          Waiting   kalinina   R=8,W=1809…   default  
    17310    nps3mlp_dp…   -          Waiting   kalinina   R=32,W=180…   default  
    17311    nps3mlp_dp…   -          Waiting   kalinina   R=32,W=180…   default  
    17312    nps3mlp_dp…   -          Waiting   kalinina   R=32,W=180…   default  
    17313    nps3mlp_dp…   -          Waiting   kalinina   R=32,W=180…   default  
    17314    nps3mlp_dp…   -          Waiting   kalinina   R=32,W=180…   default  
    17315    nps3mlp_dp…   -          Waiting   kalinina   R=32,W=180…   default  
    17316    nps3mlp_dp…   -          Waiting   kalinina   R=10,W=180…   default  
    17317    nps3mlp_dp…   -          Waiting   kalinina   R=32,W=180…   default  
    17318    nps3mlp_dp…   -          Waiting   kalinina   R=32,W=180…   default  
    17319    nps3mlp_dp…   -          Waiting   kalinina   R=32,W=180…   default  
    17320    nps3mlp_dp…   -          Waiting   kalinina   R=32,W=180…   default  
    17321    nps3mlp_dp…   -          Waiting   kalinina   R=32,W=180…   default  
Synchronizing script logs.
Job 17148 (nps3mlp_gine_residual_ML_s0)
  Epoch: current 121 | checkpoint 18 | best rolling-5 balanced accuracy 0.755556
  Latest train balanced accuracy: 0.989281
  Checkpoint valid:  predicted 0/1 = 4/8 | actual 0/1 = 9/3
Job 17149 (nps3mlp_gine_residual_ML_s1)
  Epoch: current 123 | checkpoint 5 | best rolling-5 balanced accuracy 0.572727
  Latest train balanced accuracy: 0.995957
  Checkpoint valid:  predicted 0/1 = 7/8 | actual 0/1 = 11/4
Job 17150 (nps3mlp_gine_residual_ML_s2)
  Epoch: current 125 | checkpoint 77 | best rolling-5 balanced accuracy 0.733333
  Latest train balanced accuracy: 0.994449
  Checkpoint valid:  predicted 0/1 = 7/3 | actual 0/1 = 4/6
Job 17151 (nps3mlp_gine_residual_ML_s3)
  Epoch: current 117 | checkpoint 49 | best rolling-5 balanced accuracy 0.575000
  Latest train balanced accuracy: 0.997093
  Checkpoint valid:  predicted 0/1 = 4/10 | actual 0/1 = 10/4
Job 17152 (nps3mlp_gine_residual_ML_s4)
  Epoch: current 90 | checkpoint 1 | best rolling-5 balanced accuracy 0.611111
  Latest train balanced accuracy: 0.992394
  Checkpoint valid:  predicted 0/1 = 2/12 | actual 0/1 = 9/5
Job 17153 (nps3mlp_gine_residual_OSBP_s0)
  Epoch: current 70 | checkpoint 13 | best rolling-5 balanced accuracy 0.655000
  Latest train balanced accuracy: 0.994548
  Checkpoint valid:  predicted 0/1 = 19/3 | actual 0/1 = 20/2
Job 17154 (nps3mlp_gine_residual_OSBP_s1)
  Epoch: current 59 | checkpoint 58 | best rolling-5 balanced accuracy 0.759524
  Latest train balanced accuracy: 0.985787
  Checkpoint valid:  predicted 0/1 = 12/5 | actual 0/1 = 14/3
Job 17155 (nps3mlp_gine_residual_OSBP_s2)
  Epoch: current 51 | checkpoint 24 | best rolling-5 balanced accuracy 0.889474
  Latest train balanced accuracy: 0.986988
  Checkpoint valid:  predicted 0/1 = 11/11 | actual 0/1 = 19/3
Job 17156 (nps3mlp_gine_residual_OSBP_s3)
  Epoch: current 49 | checkpoint 1 | best rolling-5 balanced accuracy 0.750000
  Latest train balanced accuracy: 0.981093
  Checkpoint valid:  predicted 0/1 = 16/2 | actual 0/1 = 14/4
Job 17157 (nps3mlp_gine_residual_OSBP_s4)
  Epoch: current 42 | checkpoint 6 | best rolling-5 balanced accuracy 0.714286
  Latest train balanced accuracy: 0.983718
  Checkpoint valid:  predicted 0/1 = 12/11 | actual 0/1 = 21/2
Job 17254 (nps3mlp_dpt01_CRAL-TRIO_s0)
  Epoch: current 23 | checkpoint 12 | best rolling-5 balanced accuracy 0.622222
  Latest train balanced accuracy: 0.885464
  Checkpoint valid:  predicted 0/1 = 60/112 | actual 0/1 = 72/100
Job 17255 (nps3mlp_dpt01_CRAL-TRIO_s1)
  Epoch: current 16 | checkpoint 12 | best rolling-5 balanced accuracy 0.640190
  Latest train balanced accuracy: 0.858947
  Checkpoint valid:  predicted 0/1 = 52/128 | actual 0/1 = 75/105
Job 17256 (nps3mlp_dpt01_CRAL-TRIO_s2)
  Epoch: current 17 | checkpoint 13 | best rolling-5 balanced accuracy 0.734455
  Latest train balanced accuracy: 0.869747
  Checkpoint valid:  predicted 0/1 = 48/124 | actual 0/1 = 72/100
Job 17257 (nps3mlp_dpt01_CRAL-TRIO_s3)
  Epoch: current 12 | checkpoint 10 | best rolling-5 balanced accuracy 0.598943
  Latest train balanced accuracy: 0.805019
  Checkpoint valid:  predicted 0/1 = 25/150 | actual 0/1 = 71/104
Job 17258 (nps3mlp_dpt01_CRAL-TRIO_s4)
  Epoch: current 11 | checkpoint 7 | best rolling-5 balanced accuracy 0.649379
  Latest train balanced accuracy: 0.803858
  Checkpoint valid:  predicted 0/1 = 48/124 | actual 0/1 = 71/101
Job 17259 (nps3mlp_dpt01_START_s0)
  Epoch: current 6 | checkpoint 2 | best rolling-5 balanced accuracy 0.494486
  Latest train balanced accuracy: 0.788040
  Checkpoint valid:  predicted 0/1 = 18/100 | actual 0/1 = 16/102
Next waiting job start: OAR has not scheduled one yet.
OAR jobs: running=16 waiting=39 other=0 total=55 pending_queue=0. Checking again in 300 seconds.
Bigfoot queue: submitted=0 waiting_before=39 max_waiting=50 pending=0.
Current OAR jobs for kalinina:
    17148    nps3mlp_gi…   3:08:20    Running   kalinina   R=8,J=P,Q=…   default  
    17149    nps3mlp_gi…   2:42:23    Running   kalinina   R=32,J=P,Q…   default  
    17150    nps3mlp_gi…   2:39:53    Running   kalinina   R=32,J=P,Q…   default  
    17151    nps3mlp_gi…   2:28:59    Running   kalinina   R=32,J=P,Q…   default  
    17152    nps3mlp_gi…   2:18:58    Running   kalinina   R=10,J=P,Q…   default  
    17153    nps3mlp_gi…   1:28:32    Running   kalinina   R=32,J=P,Q…   default  
    17154    nps3mlp_gi…   1:21:07    Running   kalinina   R=32,J=P,Q…   default  
    17155    nps3mlp_gi…   1:19:08    Running   kalinina   R=10,J=P,Q…   default  
    17156    nps3mlp_gi…   1:18:49    Running   kalinina   R=10,J=P,Q…   default  
    17157    nps3mlp_gi…   0:53:31    Running   kalinina   R=10,J=P,Q…   default  
    17254    nps3mlp_dp…   0:31:31    Running   kalinina   R=10,J=P,Q…   default  
    17255    nps3mlp_dp…   0:26:27    Running   kalinina   R=8,J=P,Q=…   default  
    17256    nps3mlp_dp…   0:24:01    Running   kalinina   R=10,J=P,Q…   default  
    17257    nps3mlp_dp…   0:18:19    Running   kalinina   R=32,J=P,Q…   default  
    17258    nps3mlp_dp…   0:16:58    Running   kalinina   R=32,J=P,Q…   default  
    17259    nps3mlp_dp…   0:11:15    Running   kalinina   R=32,J=P,Q…   default  
    17260    nps3mlp_dp…   -          Waiting   kalinina   R=8,W=1809…   default  
    17261    nps3mlp_dp…   -          Waiting   kalinina   R=8,W=1809…   default  
    17262    nps3mlp_dp…   -          Waiting   kalinina   R=32,W=180…   default  
    17263    nps3mlp_dp…   -          Waiting   kalinina   R=32,W=180…   default  
    17264    nps3mlp_dp…   -          Waiting   kalinina   R=32,W=180…   default  
    17265    nps3mlp_dp…   -          Waiting   kalinina   R=10,W=180…   default  
    17266    nps3mlp_dp…   -          Waiting   kalinina   R=10,W=180…   default  
    17267    nps3mlp_dp…   -          Waiting   kalinina   R=32,W=180…   default  
    17268    nps3mlp_dp…   -          Waiting   kalinina   R=32,W=180…   default  
    17269    nps3mlp_dp…   -          Waiting   kalinina   R=10,W=180…   default  
    17270    nps3mlp_dp…   -          Waiting   kalinina   R=10,W=180…   default  
    17271    nps3mlp_dp…   -          Waiting   kalinina   R=10,W=180…   default  
    17272    nps3mlp_dp…   -          Waiting   kalinina   R=10,W=180…   default  
    17273    nps3mlp_dp…   -          Waiting   kalinina   R=8,W=1809…   default  
    17274    nps3mlp_dp…   -          Waiting   kalinina   R=10,W=180…   default  
    17275    nps3mlp_dp…   -          Waiting   kalinina   R=32,W=180…   default  
    17276    nps3mlp_dp…   -          Waiting   kalinina   R=32,W=180…   default  
    17277    nps3mlp_dp…   -          Waiting   kalinina   R=32,W=180…   default  
    17278    nps3mlp_dp…   -          Waiting   kalinina   R=8,W=1809…   default  
    17279    nps3mlp_dp…   -          Waiting   kalinina   R=8,W=1809…   default  
    17280    nps3mlp_dp…   -          Waiting   kalinina   R=32,W=180…   default  
    17281    nps3mlp_dp…   -          Waiting   kalinina   R=32,W=180…   default  
    17282    nps3mlp_dp…   -          Waiting   kalinina   R=32,W=180…   default  
    17306    nps3mlp_dp…   -          Waiting   kalinina   R=10,W=180…   default  
    17307    nps3mlp_dp…   -          Waiting   kalinina   R=32,W=180…   default  
    17308    nps3mlp_dp…   -          Waiting   kalinina   R=32,W=180…   default  
    17309    nps3mlp_dp…   -          Waiting   kalinina   R=8,W=1809…   default  
    17310    nps3mlp_dp…   -          Waiting   kalinina   R=32,W=180…   default  
    17311    nps3mlp_dp…   -          Waiting   kalinina   R=32,W=180…   default  
    17312    nps3mlp_dp…   -          Waiting   kalinina   R=32,W=180…   default  
    17313    nps3mlp_dp…   -          Waiting   kalinina   R=32,W=180…   default  
    17314    nps3mlp_dp…   -          Waiting   kalinina   R=32,W=180…   default  
    17315    nps3mlp_dp…   -          Waiting   kalinina   R=32,W=180…   default  
    17316    nps3mlp_dp…   -          Waiting   kalinina   R=10,W=180…   default  
    17317    nps3mlp_dp…   -          Waiting   kalinina   R=32,W=180…   default  
    17318    nps3mlp_dp…   -          Waiting   kalinina   R=32,W=180…   default  
    17319    nps3mlp_dp…   -          Waiting   kalinina   R=32,W=180…   default  
    17320    nps3mlp_dp…   -          Waiting   kalinina   R=32,W=180…   default  
    17321    nps3mlp_dp…   -          Waiting   kalinina   R=32,W=180…   default  
Synchronizing script logs.
Job 17148 (nps3mlp_gine_residual_ML_s0)
  Epoch: current 124 | checkpoint 18 | best rolling-5 balanced accuracy 0.755556
  Latest train balanced accuracy: 0.984369
  Checkpoint valid:  predicted 0/1 = 4/8 | actual 0/1 = 9/3
Job 17149 (nps3mlp_gine_residual_ML_s1)
  Epoch: current 127 | checkpoint 5 | best rolling-5 balanced accuracy 0.572727
  Latest train balanced accuracy: 0.994616
  Checkpoint valid:  predicted 0/1 = 7/8 | actual 0/1 = 11/4
Job 17150 (nps3mlp_gine_residual_ML_s2)
  Epoch: current 129 | checkpoint 77 | best rolling-5 balanced accuracy 0.733333
  Latest train balanced accuracy: 0.995120
  Checkpoint valid:  predicted 0/1 = 7/3 | actual 0/1 = 4/6
Job 17151 (nps3mlp_gine_residual_ML_s3)
  Epoch: current 121 | checkpoint 49 | best rolling-5 balanced accuracy 0.575000
  Latest train balanced accuracy: 0.995971
  Checkpoint valid:  predicted 0/1 = 4/10 | actual 0/1 = 10/4
Job 17152 (nps3mlp_gine_residual_ML_s4)
  Epoch: current 93 | checkpoint 1 | best rolling-5 balanced accuracy 0.611111
  Latest train balanced accuracy: 0.960850
  Checkpoint valid:  predicted 0/1 = 2/12 | actual 0/1 = 9/5
Job 17153 (nps3mlp_gine_residual_OSBP_s0)
  Epoch: current 74 | checkpoint 13 | best rolling-5 balanced accuracy 0.655000
  Latest train balanced accuracy: 0.994959
  Checkpoint valid:  predicted 0/1 = 19/3 | actual 0/1 = 20/2
Job 17154 (nps3mlp_gine_residual_OSBP_s1)
  Epoch: current 63 | checkpoint 58 | best rolling-5 balanced accuracy 0.759524
  Latest train balanced accuracy: 0.992772
  Checkpoint valid:  predicted 0/1 = 12/5 | actual 0/1 = 14/3
Job 17155 (nps3mlp_gine_residual_OSBP_s2)
  Epoch: current 54 | checkpoint 24 | best rolling-5 balanced accuracy 0.889474
  Latest train balanced accuracy: 0.995885
  Checkpoint valid:  predicted 0/1 = 11/11 | actual 0/1 = 19/3
Job 17156 (nps3mlp_gine_residual_OSBP_s3)
  Epoch: current 53 | checkpoint 1 | best rolling-5 balanced accuracy 0.750000
  Latest train balanced accuracy: 0.991427
  Checkpoint valid:  predicted 0/1 = 16/2 | actual 0/1 = 14/4
Job 17157 (nps3mlp_gine_residual_OSBP_s4)
  Epoch: current 46 | checkpoint 6 | best rolling-5 balanced accuracy 0.714286
  Latest train balanced accuracy: 0.980925
  Checkpoint valid:  predicted 0/1 = 12/11 | actual 0/1 = 21/2
Job 17254 (nps3mlp_dpt01_CRAL-TRIO_s0)
  Epoch: current 28 | checkpoint 27 | best rolling-5 balanced accuracy 0.633222
  Latest train balanced accuracy: 0.920227
  Checkpoint valid:  predicted 0/1 = 74/98 | actual 0/1 = 72/100
Job 17255 (nps3mlp_dpt01_CRAL-TRIO_s1)
  Epoch: current 20 | checkpoint 18 | best rolling-5 balanced accuracy 0.667429
  Latest train balanced accuracy: 0.880513
  Checkpoint valid:  predicted 0/1 = 74/106 | actual 0/1 = 75/105
Job 17256 (nps3mlp_dpt01_CRAL-TRIO_s2)
  Epoch: current 21 | checkpoint 19 | best rolling-5 balanced accuracy 0.750823
  Latest train balanced accuracy: 0.901235
  Checkpoint valid:  predicted 0/1 = 71/101 | actual 0/1 = 63/109
Job 17257 (nps3mlp_dpt01_CRAL-TRIO_s3)
  Epoch: current 17 | checkpoint 10 | best rolling-5 balanced accuracy 0.598943
  Latest train balanced accuracy: 0.842068
  Checkpoint valid:  predicted 0/1 = 25/150 | actual 0/1 = 71/104
Job 17258 (nps3mlp_dpt01_CRAL-TRIO_s4)
  Epoch: current 15 | checkpoint 7 | best rolling-5 balanced accuracy 0.649379
  Latest train balanced accuracy: 0.865136
  Checkpoint valid:  predicted 0/1 = 48/124 | actual 0/1 = 71/101
Job 17259 (nps3mlp_dpt01_START_s0)
  Epoch: current 10 | checkpoint 2 | best rolling-5 balanced accuracy 0.494486
  Latest train balanced accuracy: 0.825705
  Checkpoint valid:  predicted 0/1 = 18/100 | actual 0/1 = 16/102
Next waiting job start: OAR has not scheduled one yet.
OAR jobs: running=16 waiting=39 other=0 total=55 pending_queue=0. Checking again in 300 seconds.
Bigfoot queue: submitted=0 waiting_before=39 max_waiting=50 pending=0.
Current OAR jobs for kalinina:
    17148    nps3mlp_gi…   3:13:32    Running   kalinina   R=8,J=P,Q=…   default  
    17149    nps3mlp_gi…   2:47:35    Running   kalinina   R=32,J=P,Q…   default  
    17150    nps3mlp_gi…   2:45:05    Running   kalinina   R=32,J=P,Q…   default  
    17151    nps3mlp_gi…   2:34:11    Running   kalinina   R=32,J=P,Q…   default  
    17152    nps3mlp_gi…   2:24:10    Running   kalinina   R=10,J=P,Q…   default  
    17153    nps3mlp_gi…   1:33:44    Running   kalinina   R=32,J=P,Q…   default  
    17154    nps3mlp_gi…   1:26:19    Running   kalinina   R=32,J=P,Q…   default  
    17155    nps3mlp_gi…   1:24:20    Running   kalinina   R=10,J=P,Q…   default  
    17156    nps3mlp_gi…   1:24:01    Running   kalinina   R=10,J=P,Q…   default  
    17157    nps3mlp_gi…   0:58:43    Running   kalinina   R=10,J=P,Q…   default  
    17254    nps3mlp_dp…   0:36:43    Running   kalinina   R=10,J=P,Q…   default  
    17255    nps3mlp_dp…   0:31:39    Running   kalinina   R=8,J=P,Q=…   default  
    17256    nps3mlp_dp…   0:29:13    Running   kalinina   R=10,J=P,Q…   default  
    17257    nps3mlp_dp…   0:23:31    Running   kalinina   R=32,J=P,Q…   default  
    17258    nps3mlp_dp…   0:22:10    Running   kalinina   R=32,J=P,Q…   default  
    17259    nps3mlp_dp…   0:16:27    Running   kalinina   R=32,J=P,Q…   default  
    17260    nps3mlp_dp…   -          Waiting   kalinina   R=8,W=1809…   default  
    17261    nps3mlp_dp…   -          Waiting   kalinina   R=8,W=1809…   default  
    17262    nps3mlp_dp…   -          Waiting   kalinina   R=32,W=180…   default  
    17263    nps3mlp_dp…   -          Waiting   kalinina   R=32,W=180…   default  
    17264    nps3mlp_dp…   -          Waiting   kalinina   R=32,W=180…   default  
    17265    nps3mlp_dp…   -          Waiting   kalinina   R=10,W=180…   default  
    17266    nps3mlp_dp…   -          Waiting   kalinina   R=10,W=180…   default  
    17267    nps3mlp_dp…   -          Waiting   kalinina   R=32,W=180…   default  
    17268    nps3mlp_dp…   -          Waiting   kalinina   R=32,W=180…   default  
    17269    nps3mlp_dp…   -          Waiting   kalinina   R=10,W=180…   default  
    17270    nps3mlp_dp…   -          Waiting   kalinina   R=10,W=180…   default  
    17271    nps3mlp_dp…   -          Waiting   kalinina   R=10,W=180…   default  
    17272    nps3mlp_dp…   -          Waiting   kalinina   R=10,W=180…   default  
    17273    nps3mlp_dp…   -          Waiting   kalinina   R=8,W=1809…   default  
    17274    nps3mlp_dp…   -          Waiting   kalinina   R=10,W=180…   default  
    17275    nps3mlp_dp…   -          Waiting   kalinina   R=32,W=180…   default  
    17276    nps3mlp_dp…   -          Waiting   kalinina   R=32,W=180…   default  
    17277    nps3mlp_dp…   -          Waiting   kalinina   R=32,W=180…   default  
    17278    nps3mlp_dp…   -          Waiting   kalinina   R=8,W=1809…   default  
    17279    nps3mlp_dp…   -          Waiting   kalinina   R=8,W=1809…   default  
    17280    nps3mlp_dp…   -          Waiting   kalinina   R=32,W=180…   default  
    17281    nps3mlp_dp…   -          Waiting   kalinina   R=32,W=180…   default  
    17282    nps3mlp_dp…   -          Waiting   kalinina   R=32,W=180…   default  
    17306    nps3mlp_dp…   -          Waiting   kalinina   R=10,W=180…   default  
    17307    nps3mlp_dp…   -          Waiting   kalinina   R=32,W=180…   default  
    17308    nps3mlp_dp…   -          Waiting   kalinina   R=32,W=180…   default  
    17309    nps3mlp_dp…   -          Waiting   kalinina   R=8,W=1809…   default  
    17310    nps3mlp_dp…   -          Waiting   kalinina   R=32,W=180…   default  
    17311    nps3mlp_dp…   -          Waiting   kalinina   R=32,W=180…   default  
    17312    nps3mlp_dp…   -          Waiting   kalinina   R=32,W=180…   default  
    17313    nps3mlp_dp…   -          Waiting   kalinina   R=32,W=180…   default  
    17314    nps3mlp_dp…   -          Waiting   kalinina   R=32,W=180…   default  
    17315    nps3mlp_dp…   -          Waiting   kalinina   R=32,W=180…   default  
    17316    nps3mlp_dp…   -          Waiting   kalinina   R=10,W=180…   default  
    17317    nps3mlp_dp…   -          Waiting   kalinina   R=32,W=180…   default  
    17318    nps3mlp_dp…   -          Waiting   kalinina   R=32,W=180…   default  
    17319    nps3mlp_dp…   -          Waiting   kalinina   R=32,W=180…   default  
    17320    nps3mlp_dp…   -          Waiting   kalinina   R=32,W=180…   default  
    17321    nps3mlp_dp…   -          Waiting   kalinina   R=32,W=180…   default  
Synchronizing script logs.
Job 17148 (nps3mlp_gine_residual_ML_s0)
  Epoch: current 128 | checkpoint 18 | best rolling-5 balanced accuracy 0.755556
  Latest train balanced accuracy: 0.992855
  Checkpoint valid:  predicted 0/1 = 4/8 | actual 0/1 = 9/3
Job 17149 (nps3mlp_gine_residual_ML_s1)
  Epoch: current 131 | checkpoint 5 | best rolling-5 balanced accuracy 0.572727
  Latest train balanced accuracy: 0.994616
  Checkpoint valid:  predicted 0/1 = 7/8 | actual 0/1 = 11/4
Job 17150 (nps3mlp_gine_residual_ML_s2)
  Epoch: current 133 | checkpoint 77 | best rolling-5 balanced accuracy 0.733333
  Latest train balanced accuracy: 0.994879
  Checkpoint valid:  predicted 0/1 = 7/3 | actual 0/1 = 4/6
Job 17151 (nps3mlp_gine_residual_ML_s3)
  Epoch: current 125 | checkpoint 49 | best rolling-5 balanced accuracy 0.575000
  Latest train balanced accuracy: 0.996197
  Checkpoint valid:  predicted 0/1 = 4/10 | actual 0/1 = 10/4
Job 17152 (nps3mlp_gine_residual_ML_s4)
  Epoch: current 97 | checkpoint 93 | best rolling-5 balanced accuracy 0.613333
  Latest train balanced accuracy: 0.989932
  Checkpoint valid:  predicted 0/1 = 7/7 | actual 0/1 = 9/5
Job 17153 (nps3mlp_gine_residual_OSBP_s0)
  Epoch: current 78 | checkpoint 13 | best rolling-5 balanced accuracy 0.655000
  Latest train balanced accuracy: 0.989508
  Checkpoint valid:  predicted 0/1 = 19/3 | actual 0/1 = 20/2
Job 17154 (nps3mlp_gine_residual_OSBP_s1)
  Epoch: current 67 | checkpoint 58 | best rolling-5 balanced accuracy 0.759524
  Latest train balanced accuracy: 0.985119
  Checkpoint valid:  predicted 0/1 = 12/5 | actual 0/1 = 14/3
Job 17155 (nps3mlp_gine_residual_OSBP_s2)
  Epoch: current 58 | checkpoint 55 | best rolling-5 balanced accuracy 0.905263
  Latest train balanced accuracy: 0.983645
  Checkpoint valid:  predicted 0/1 = 15/7 | actual 0/1 = 19/3
Job 17156 (nps3mlp_gine_residual_OSBP_s3)
  Epoch: current 56 | checkpoint 1 | best rolling-5 balanced accuracy 0.750000
  Latest train balanced accuracy: 0.976351
  Checkpoint valid:  predicted 0/1 = 16/2 | actual 0/1 = 14/4
Job 17157 (nps3mlp_gine_residual_OSBP_s4)
  Epoch: current 51 | checkpoint 6 | best rolling-5 balanced accuracy 0.714286
  Latest train balanced accuracy: 0.986273
  Checkpoint valid:  predicted 0/1 = 12/11 | actual 0/1 = 21/2
Job 17254 (nps3mlp_dpt01_CRAL-TRIO_s0)
  Epoch: current 33 | checkpoint 30 | best rolling-5 balanced accuracy 0.643722
  Latest train balanced accuracy: 0.931341
  Checkpoint valid:  predicted 0/1 = 85/87 | actual 0/1 = 72/100
Job 17255 (nps3mlp_dpt01_CRAL-TRIO_s1)
  Epoch: current 24 | checkpoint 18 | best rolling-5 balanced accuracy 0.667429
  Latest train balanced accuracy: 0.918348
  Checkpoint valid:  predicted 0/1 = 74/106 | actual 0/1 = 75/105
Job 17256 (nps3mlp_dpt01_CRAL-TRIO_s2)
  Epoch: current 26 | checkpoint 19 | best rolling-5 balanced accuracy 0.750823
  Latest train balanced accuracy: 0.916326
  Checkpoint valid:  predicted 0/1 = 71/101 | actual 0/1 = 63/109
Job 17257 (nps3mlp_dpt01_CRAL-TRIO_s3)
  Epoch: current 22 | checkpoint 18 | best rolling-5 balanced accuracy 0.633884
  Latest train balanced accuracy: 0.871839
  Checkpoint valid:  predicted 0/1 = 47/128 | actual 0/1 = 71/104
Job 17258 (nps3mlp_dpt01_CRAL-TRIO_s4)
  Epoch: current 20 | checkpoint 7 | best rolling-5 balanced accuracy 0.649379
  Latest train balanced accuracy: 0.898999
  Checkpoint valid:  predicted 0/1 = 48/124 | actual 0/1 = 71/101
Job 17259 (nps3mlp_dpt01_START_s0)
  Epoch: current 15 | checkpoint 2 | best rolling-5 balanced accuracy 0.494486
  Latest train balanced accuracy: 0.886589
  Checkpoint valid:  predicted 0/1 = 18/100 | actual 0/1 = 16/102
Next waiting job start: OAR has not scheduled one yet.
OAR jobs: running=16 waiting=39 other=0 total=55 pending_queue=0. Checking again in 300 seconds.
Bigfoot queue: submitted=0 waiting_before=39 max_waiting=50 pending=0.
Current OAR jobs for kalinina:
    17148    nps3mlp_gi…   3:18:44    Running   kalinina   R=8,J=P,Q=…   default  
    17149    nps3mlp_gi…   2:52:47    Running   kalinina   R=32,J=P,Q…   default  
    17150    nps3mlp_gi…   2:50:17    Running   kalinina   R=32,J=P,Q…   default  
    17151    nps3mlp_gi…   2:39:23    Running   kalinina   R=32,J=P,Q…   default  
    17152    nps3mlp_gi…   2:29:22    Running   kalinina   R=10,J=P,Q…   default  
    17153    nps3mlp_gi…   1:38:56    Running   kalinina   R=32,J=P,Q…   default  
    17154    nps3mlp_gi…   1:31:31    Running   kalinina   R=32,J=P,Q…   default  
    17155    nps3mlp_gi…   1:29:32    Running   kalinina   R=10,J=P,Q…   default  
    17156    nps3mlp_gi…   1:29:13    Running   kalinina   R=10,J=P,Q…   default  
    17157    nps3mlp_gi…   1:03:55    Running   kalinina   R=10,J=P,Q…   default  
    17254    nps3mlp_dp…   0:41:55    Running   kalinina   R=10,J=P,Q…   default  
    17255    nps3mlp_dp…   0:36:51    Running   kalinina   R=8,J=P,Q=…   default  
    17256    nps3mlp_dp…   0:34:25    Running   kalinina   R=10,J=P,Q…   default  
    17257    nps3mlp_dp…   0:28:43    Running   kalinina   R=32,J=P,Q…   default  
    17258    nps3mlp_dp…   0:27:22    Running   kalinina   R=32,J=P,Q…   default  
    17259    nps3mlp_dp…   0:21:39    Running   kalinina   R=32,J=P,Q…   default  
    17260    nps3mlp_dp…   -          Waiting   kalinina   R=8,W=1809…   default  
    17261    nps3mlp_dp…   -          Waiting   kalinina   R=8,W=1809…   default  
    17262    nps3mlp_dp…   -          Waiting   kalinina   R=32,W=180…   default  
    17263    nps3mlp_dp…   -          Waiting   kalinina   R=32,W=180…   default  
    17264    nps3mlp_dp…   -          Waiting   kalinina   R=32,W=180…   default  
    17265    nps3mlp_dp…   -          Waiting   kalinina   R=10,W=180…   default  
    17266    nps3mlp_dp…   -          Waiting   kalinina   R=10,W=180…   default  
    17267    nps3mlp_dp…   -          Waiting   kalinina   R=32,W=180…   default  
    17268    nps3mlp_dp…   -          Waiting   kalinina   R=32,W=180…   default  
    17269    nps3mlp_dp…   -          Waiting   kalinina   R=10,W=180…   default  
    17270    nps3mlp_dp…   -          Waiting   kalinina   R=10,W=180…   default  
    17271    nps3mlp_dp…   -          Waiting   kalinina   R=10,W=180…   default  
    17272    nps3mlp_dp…   -          Waiting   kalinina   R=10,W=180…   default  
    17273    nps3mlp_dp…   -          Waiting   kalinina   R=8,W=1809…   default  
    17274    nps3mlp_dp…   -          Waiting   kalinina   R=10,W=180…   default  
    17275    nps3mlp_dp…   -          Waiting   kalinina   R=32,W=180…   default  
    17276    nps3mlp_dp…   -          Waiting   kalinina   R=32,W=180…   default  
    17277    nps3mlp_dp…   -          Waiting   kalinina   R=32,W=180…   default  
    17278    nps3mlp_dp…   -          Waiting   kalinina   R=8,W=1809…   default  
    17279    nps3mlp_dp…   -          Waiting   kalinina   R=8,W=1809…   default  
    17280    nps3mlp_dp…   -          Waiting   kalinina   R=32,W=180…   default  
    17281    nps3mlp_dp…   -          Waiting   kalinina   R=32,W=180…   default  
    17282    nps3mlp_dp…   -          Waiting   kalinina   R=32,W=180…   default  
    17306    nps3mlp_dp…   -          Waiting   kalinina   R=10,W=180…   default  
    17307    nps3mlp_dp…   -          Waiting   kalinina   R=32,W=180…   default  
    17308    nps3mlp_dp…   -          Waiting   kalinina   R=32,W=180…   default  
    17309    nps3mlp_dp…   -          Waiting   kalinina   R=8,W=1809…   default  
    17310    nps3mlp_dp…   -          Waiting   kalinina   R=32,W=180…   default  
    17311    nps3mlp_dp…   -          Waiting   kalinina   R=32,W=180…   default  
    17312    nps3mlp_dp…   -          Waiting   kalinina   R=32,W=180…   default  
    17313    nps3mlp_dp…   -          Waiting   kalinina   R=32,W=180…   default  
    17314    nps3mlp_dp…   -          Waiting   kalinina   R=32,W=180…   default  
    17315    nps3mlp_dp…   -          Waiting   kalinina   R=32,W=180…   default  
    17316    nps3mlp_dp…   -          Waiting   kalinina   R=10,W=180…   default  
    17317    nps3mlp_dp…   -          Waiting   kalinina   R=32,W=180…   default  
    17318    nps3mlp_dp…   -          Waiting   kalinina   R=32,W=180…   default  
    17319    nps3mlp_dp…   -          Waiting   kalinina   R=32,W=180…   default  
    17320    nps3mlp_dp…   -          Waiting   kalinina   R=32,W=180…   default  
    17321    nps3mlp_dp…   -          Waiting   kalinina   R=32,W=180…   default  
Synchronizing script logs.
Job 17148 (nps3mlp_gine_residual_ML_s0)
  Epoch: current 131 | checkpoint 18 | best rolling-5 balanced accuracy 0.755556
  Latest train balanced accuracy: 0.995311
  Checkpoint valid:  predicted 0/1 = 4/8 | actual 0/1 = 9/3
Job 17149 (nps3mlp_gine_residual_ML_s1)
  Epoch: current 135 | checkpoint 5 | best rolling-5 balanced accuracy 0.572727
  Latest train balanced accuracy: 0.995287
  Checkpoint valid:  predicted 0/1 = 7/8 | actual 0/1 = 11/4
Job 17150 (nps3mlp_gine_residual_ML_s2)
  Epoch: current 137 | checkpoint 77 | best rolling-5 balanced accuracy 0.733333
  Latest train balanced accuracy: 0.995549
  Checkpoint valid:  predicted 0/1 = 7/3 | actual 0/1 = 4/6
Job 17151 (nps3mlp_gine_residual_ML_s3)
  Epoch: current 129 | checkpoint 49 | best rolling-5 balanced accuracy 0.575000
  Latest train balanced accuracy: 0.996642
  Checkpoint valid:  predicted 0/1 = 4/10 | actual 0/1 = 10/4
Job 17152 (nps3mlp_gine_residual_ML_s4)
  Epoch: current 100 | checkpoint 93 | best rolling-5 balanced accuracy 0.613333
  Latest train balanced accuracy: 0.991498
  Checkpoint valid:  predicted 0/1 = 7/7 | actual 0/1 = 9/5
Job 17153 (nps3mlp_gine_residual_OSBP_s0)
  Epoch: current 83 | checkpoint 13 | best rolling-5 balanced accuracy 0.655000
  Latest train balanced accuracy: 0.992697
  Checkpoint valid:  predicted 0/1 = 19/3 | actual 0/1 = 20/2
Job 17154 (nps3mlp_gine_residual_OSBP_s1)
  Epoch: current 72 | checkpoint 58 | best rolling-5 balanced accuracy 0.759524
  Latest train balanced accuracy: 0.989856
  Checkpoint valid:  predicted 0/1 = 12/5 | actual 0/1 = 14/3
Job 17155 (nps3mlp_gine_residual_OSBP_s2)
  Epoch: current 62 | checkpoint 55 | best rolling-5 balanced accuracy 0.905263
  Latest train balanced accuracy: 0.993880
  Checkpoint valid:  predicted 0/1 = 15/7 | actual 0/1 = 19/3
Job 17156 (nps3mlp_gine_residual_OSBP_s3)
  Epoch: current 60 | checkpoint 1 | best rolling-5 balanced accuracy 0.750000
  Latest train balanced accuracy: 0.979693
  Checkpoint valid:  predicted 0/1 = 16/2 | actual 0/1 = 14/4
Job 17157 (nps3mlp_gine_residual_OSBP_s4)
  Epoch: current 55 | checkpoint 6 | best rolling-5 balanced accuracy 0.714286
  Latest train balanced accuracy: 0.976532
  Checkpoint valid:  predicted 0/1 = 12/11 | actual 0/1 = 21/2
Job 17254 (nps3mlp_dpt01_CRAL-TRIO_s0)
  Epoch: current 37 | checkpoint 30 | best rolling-5 balanced accuracy 0.643722
  Latest train balanced accuracy: 0.948026
  Checkpoint valid:  predicted 0/1 = 85/87 | actual 0/1 = 72/100
Job 17255 (nps3mlp_dpt01_CRAL-TRIO_s1)
  Epoch: current 28 | checkpoint 18 | best rolling-5 balanced accuracy 0.667429
  Latest train balanced accuracy: 0.931831
  Checkpoint valid:  predicted 0/1 = 74/106 | actual 0/1 = 75/105
Job 17256 (nps3mlp_dpt01_CRAL-TRIO_s2)
  Epoch: current 30 | checkpoint 19 | best rolling-5 balanced accuracy 0.750823
  Latest train balanced accuracy: 0.938663
  Checkpoint valid:  predicted 0/1 = 71/101 | actual 0/1 = 63/109
Job 17257 (nps3mlp_dpt01_CRAL-TRIO_s3)
  Epoch: current 27 | checkpoint 18 | best rolling-5 balanced accuracy 0.633884
  Latest train balanced accuracy: 0.903561
  Checkpoint valid:  predicted 0/1 = 47/128 | actual 0/1 = 71/104
Job 17258 (nps3mlp_dpt01_CRAL-TRIO_s4)
  Epoch: current 25 | checkpoint 7 | best rolling-5 balanced accuracy 0.649379
  Latest train balanced accuracy: 0.927553
  Checkpoint valid:  predicted 0/1 = 48/124 | actual 0/1 = 71/101
Job 17259 (nps3mlp_dpt01_START_s0)
  Epoch: current 20 | checkpoint 2 | best rolling-5 balanced accuracy 0.494486
  Latest train balanced accuracy: 0.909525
  Checkpoint valid:  predicted 0/1 = 18/100 | actual 0/1 = 16/102
Next waiting job start: OAR has not scheduled one yet.
OAR jobs: running=16 waiting=39 other=0 total=55 pending_queue=0. Checking again in 300 seconds.
Bigfoot queue: submitted=0 waiting_before=39 max_waiting=50 pending=0.
Current OAR jobs for kalinina:
    17148    nps3mlp_gi…   3:23:57    Running   kalinina   R=8,J=P,Q=…   default  
    17149    nps3mlp_gi…   2:58:00    Running   kalinina   R=32,J=P,Q…   default  
    17150    nps3mlp_gi…   2:55:30    Running   kalinina   R=32,J=P,Q…   default  
    17151    nps3mlp_gi…   2:44:36    Running   kalinina   R=32,J=P,Q…   default  
    17152    nps3mlp_gi…   2:34:35    Running   kalinina   R=10,J=P,Q…   default  
    17153    nps3mlp_gi…   1:44:09    Running   kalinina   R=32,J=P,Q…   default  
    17154    nps3mlp_gi…   1:36:44    Running   kalinina   R=32,J=P,Q…   default  
    17155    nps3mlp_gi…   1:34:45    Running   kalinina   R=10,J=P,Q…   default  
    17156    nps3mlp_gi…   1:34:26    Running   kalinina   R=10,J=P,Q…   default  
    17157    nps3mlp_gi…   1:09:08    Running   kalinina   R=10,J=P,Q…   default  
    17254    nps3mlp_dp…   0:47:08    Running   kalinina   R=10,J=P,Q…   default  
    17255    nps3mlp_dp…   0:42:04    Running   kalinina   R=8,J=P,Q=…   default  
    17256    nps3mlp_dp…   0:39:38    Running   kalinina   R=10,J=P,Q…   default  
    17257    nps3mlp_dp…   0:33:56    Running   kalinina   R=32,J=P,Q…   default  
    17258    nps3mlp_dp…   0:32:35    Running   kalinina   R=32,J=P,Q…   default  
    17259    nps3mlp_dp…   0:26:52    Running   kalinina   R=32,J=P,Q…   default  
    17260    nps3mlp_dp…   -          Waiting   kalinina   R=8,W=1809…   default  
    17261    nps3mlp_dp…   -          Waiting   kalinina   R=8,W=1809…   default  
    17262    nps3mlp_dp…   -          Waiting   kalinina   R=32,W=180…   default  
    17263    nps3mlp_dp…   -          Waiting   kalinina   R=32,W=180…   default  
    17264    nps3mlp_dp…   -          Waiting   kalinina   R=32,W=180…   default  
    17265    nps3mlp_dp…   -          Waiting   kalinina   R=10,W=180…   default  
    17266    nps3mlp_dp…   -          Waiting   kalinina   R=10,W=180…   default  
    17267    nps3mlp_dp…   -          Waiting   kalinina   R=32,W=180…   default  
    17268    nps3mlp_dp…   -          Waiting   kalinina   R=32,W=180…   default  
    17269    nps3mlp_dp…   -          Waiting   kalinina   R=10,W=180…   default  
    17270    nps3mlp_dp…   -          Waiting   kalinina   R=10,W=180…   default  
    17271    nps3mlp_dp…   -          Waiting   kalinina   R=10,W=180…   default  
    17272    nps3mlp_dp…   -          Waiting   kalinina   R=10,W=180…   default  
    17273    nps3mlp_dp…   -          Waiting   kalinina   R=8,W=1809…   default  
    17274    nps3mlp_dp…   -          Waiting   kalinina   R=10,W=180…   default  
    17275    nps3mlp_dp…   -          Waiting   kalinina   R=32,W=180…   default  
    17276    nps3mlp_dp…   -          Waiting   kalinina   R=32,W=180…   default  
    17277    nps3mlp_dp…   -          Waiting   kalinina   R=32,W=180…   default  
    17278    nps3mlp_dp…   -          Waiting   kalinina   R=8,W=1809…   default  
    17279    nps3mlp_dp…   -          Waiting   kalinina   R=8,W=1809…   default  
    17280    nps3mlp_dp…   -          Waiting   kalinina   R=32,W=180…   default  
    17281    nps3mlp_dp…   -          Waiting   kalinina   R=32,W=180…   default  
    17282    nps3mlp_dp…   -          Waiting   kalinina   R=32,W=180…   default  
    17306    nps3mlp_dp…   -          Waiting   kalinina   R=10,W=180…   default  
    17307    nps3mlp_dp…   -          Waiting   kalinina   R=32,W=180…   default  
    17308    nps3mlp_dp…   -          Waiting   kalinina   R=32,W=180…   default  
    17309    nps3mlp_dp…   -          Waiting   kalinina   R=8,W=1809…   default  
    17310    nps3mlp_dp…   -          Waiting   kalinina   R=32,W=180…   default  
    17311    nps3mlp_dp…   -          Waiting   kalinina   R=32,W=180…   default  
    17312    nps3mlp_dp…   -          Waiting   kalinina   R=32,W=180…   default  
    17313    nps3mlp_dp…   -          Waiting   kalinina   R=32,W=180…   default  
    17314    nps3mlp_dp…   -          Waiting   kalinina   R=32,W=180…   default  
    17315    nps3mlp_dp…   -          Waiting   kalinina   R=32,W=180…   default  
    17316    nps3mlp_dp…   -          Waiting   kalinina   R=10,W=180…   default  
    17317    nps3mlp_dp…   -          Waiting   kalinina   R=32,W=180…   default  
    17318    nps3mlp_dp…   -          Waiting   kalinina   R=32,W=180…   default  
    17319    nps3mlp_dp…   -          Waiting   kalinina   R=32,W=180…   default  
    17320    nps3mlp_dp…   -          Waiting   kalinina   R=32,W=180…   default  
    17321    nps3mlp_dp…   -          Waiting   kalinina   R=32,W=180…   default  
Synchronizing script logs.
Job 17148 (nps3mlp_gine_residual_ML_s0)
  Epoch: current 134 | checkpoint 18 | best rolling-5 balanced accuracy 0.755556
  Latest train balanced accuracy: 0.988165
  Checkpoint valid:  predicted 0/1 = 4/8 | actual 0/1 = 9/3
Job 17149 (nps3mlp_gine_residual_ML_s1)
  Epoch: current 139 | checkpoint 5 | best rolling-5 balanced accuracy 0.572727
  Latest train balanced accuracy: 0.972390
  Checkpoint valid:  predicted 0/1 = 7/8 | actual 0/1 = 11/4
Job 17150 (nps3mlp_gine_residual_ML_s2)
  Epoch: current 142 | checkpoint 77 | best rolling-5 balanced accuracy 0.733333
  Latest train balanced accuracy: 0.983537
  Checkpoint valid:  predicted 0/1 = 7/3 | actual 0/1 = 4/6
Job 17151 (nps3mlp_gine_residual_ML_s3)
  Epoch: current 134 | checkpoint 49 | best rolling-5 balanced accuracy 0.575000
  Latest train balanced accuracy: 0.996867
  Checkpoint valid:  predicted 0/1 = 4/10 | actual 0/1 = 10/4
Job 17152 (nps3mlp_gine_residual_ML_s4)
  Epoch: current 104 | checkpoint 93 | best rolling-5 balanced accuracy 0.613333
  Latest train balanced accuracy: 0.991498
  Checkpoint valid:  predicted 0/1 = 7/7 | actual 0/1 = 9/5
Job 17153 (nps3mlp_gine_residual_OSBP_s0)
  Epoch: current 87 | checkpoint 13 | best rolling-5 balanced accuracy 0.655000
  Latest train balanced accuracy: 0.977936
  Checkpoint valid:  predicted 0/1 = 19/3 | actual 0/1 = 20/2
Job 17154 (nps3mlp_gine_residual_OSBP_s1)
  Epoch: current 76 | checkpoint 58 | best rolling-5 balanced accuracy 0.759524
  Latest train balanced accuracy: 0.984208
  Checkpoint valid:  predicted 0/1 = 12/5 | actual 0/1 = 14/3
Job 17155 (nps3mlp_gine_residual_OSBP_s2)
  Epoch: current 65 | checkpoint 55 | best rolling-5 balanced accuracy 0.905263
  Latest train balanced accuracy: 0.995063
  Checkpoint valid:  predicted 0/1 = 15/7 | actual 0/1 = 19/3
Job 17156 (nps3mlp_gine_residual_OSBP_s3)
  Epoch: current 63 | checkpoint 1 | best rolling-5 balanced accuracy 0.750000
  Latest train balanced accuracy: 0.992096
  Checkpoint valid:  predicted 0/1 = 16/2 | actual 0/1 = 14/4
Job 17157 (nps3mlp_gine_residual_OSBP_s4)
  Epoch: current 60 | checkpoint 6 | best rolling-5 balanced accuracy 0.714286
  Latest train balanced accuracy: 0.990140
  Checkpoint valid:  predicted 0/1 = 12/11 | actual 0/1 = 21/2
Job 17254 (nps3mlp_dpt01_CRAL-TRIO_s0)
  Epoch: current 42 | checkpoint 38 | best rolling-5 balanced accuracy 0.653722
  Latest train balanced accuracy: 0.946633
  Checkpoint valid:  predicted 0/1 = 77/95 | actual 0/1 = 72/100
Job 17255 (nps3mlp_dpt01_CRAL-TRIO_s1)
  Epoch: current 32 | checkpoint 18 | best rolling-5 balanced accuracy 0.667429
  Latest train balanced accuracy: 0.932412
  Checkpoint valid:  predicted 0/1 = 74/106 | actual 0/1 = 75/105
Job 17256 (nps3mlp_dpt01_CRAL-TRIO_s2)
  Epoch: current 35 | checkpoint 31 | best rolling-5 balanced accuracy 0.752163
  Latest train balanced accuracy: 0.958524
  Checkpoint valid:  predicted 0/1 = 65/107 | actual 0/1 = 63/109
Job 17257 (nps3mlp_dpt01_CRAL-TRIO_s3)
  Epoch: current 32 | checkpoint 18 | best rolling-5 balanced accuracy 0.633884
  Latest train balanced accuracy: 0.907963
  Checkpoint valid:  predicted 0/1 = 47/128 | actual 0/1 = 71/104
Job 17258 (nps3mlp_dpt01_CRAL-TRIO_s4)
  Epoch: current 29 | checkpoint 7 | best rolling-5 balanced accuracy 0.649379
  Latest train balanced accuracy: 0.946691
  Checkpoint valid:  predicted 0/1 = 48/124 | actual 0/1 = 71/101
Job 17259 (nps3mlp_dpt01_START_s0)
  Epoch: current 25 | checkpoint 2 | best rolling-5 balanced accuracy 0.494486
  Latest train balanced accuracy: 0.932290
  Checkpoint valid:  predicted 0/1 = 18/100 | actual 0/1 = 16/102
Next waiting job start: OAR has not scheduled one yet.
OAR jobs: running=16 waiting=39 other=0 total=55 pending_queue=0. Checking again in 300 seconds.
Bigfoot queue: submitted=0 waiting_before=39 max_waiting=50 pending=0.
Current OAR jobs for kalinina:
    17148    nps3mlp_gi…   3:29:10    Running   kalinina   R=8,J=P,Q=…   default  
    17149    nps3mlp_gi…   3:03:13    Running   kalinina   R=32,J=P,Q…   default  
    17150    nps3mlp_gi…   3:00:43    Running   kalinina   R=32,J=P,Q…   default  
    17151    nps3mlp_gi…   2:49:49    Running   kalinina   R=32,J=P,Q…   default  
    17152    nps3mlp_gi…   2:39:48    Running   kalinina   R=10,J=P,Q…   default  
    17153    nps3mlp_gi…   1:49:22    Running   kalinina   R=32,J=P,Q…   default  
    17154    nps3mlp_gi…   1:41:57    Running   kalinina   R=32,J=P,Q…   default  
    17155    nps3mlp_gi…   1:39:58    Running   kalinina   R=10,J=P,Q…   default  
    17156    nps3mlp_gi…   1:39:39    Running   kalinina   R=10,J=P,Q…   default  
    17157    nps3mlp_gi…   1:14:21    Running   kalinina   R=10,J=P,Q…   default  
    17254    nps3mlp_dp…   0:52:21    Running   kalinina   R=10,J=P,Q…   default  
    17255    nps3mlp_dp…   0:47:17    Running   kalinina   R=8,J=P,Q=…   default  
    17256    nps3mlp_dp…   0:44:51    Running   kalinina   R=10,J=P,Q…   default  
    17257    nps3mlp_dp…   0:39:09    Running   kalinina   R=32,J=P,Q…   default  
    17258    nps3mlp_dp…   0:37:48    Running   kalinina   R=32,J=P,Q…   default  
    17259    nps3mlp_dp…   0:32:05    Running   kalinina   R=32,J=P,Q…   default  
    17260    nps3mlp_dp…   -          Waiting   kalinina   R=8,W=1809…   default  
    17261    nps3mlp_dp…   -          Waiting   kalinina   R=8,W=1809…   default  
    17262    nps3mlp_dp…   -          Waiting   kalinina   R=32,W=180…   default  
    17263    nps3mlp_dp…   -          Waiting   kalinina   R=32,W=180…   default  
    17264    nps3mlp_dp…   -          Waiting   kalinina   R=32,W=180…   default  
    17265    nps3mlp_dp…   -          Waiting   kalinina   R=10,W=180…   default  
    17266    nps3mlp_dp…   -          Waiting   kalinina   R=10,W=180…   default  
    17267    nps3mlp_dp…   -          Waiting   kalinina   R=32,W=180…   default  
    17268    nps3mlp_dp…   -          Waiting   kalinina   R=32,W=180…   default  
    17269    nps3mlp_dp…   -          Waiting   kalinina   R=10,W=180…   default  
    17270    nps3mlp_dp…   -          Waiting   kalinina   R=10,W=180…   default  
    17271    nps3mlp_dp…   -          Waiting   kalinina   R=10,W=180…   default  
    17272    nps3mlp_dp…   -          Waiting   kalinina   R=10,W=180…   default  
    17273    nps3mlp_dp…   -          Waiting   kalinina   R=8,W=1809…   default  
    17274    nps3mlp_dp…   -          Waiting   kalinina   R=10,W=180…   default  
    17275    nps3mlp_dp…   -          Waiting   kalinina   R=32,W=180…   default  
    17276    nps3mlp_dp…   -          Waiting   kalinina   R=32,W=180…   default  
    17277    nps3mlp_dp…   -          Waiting   kalinina   R=32,W=180…   default  
    17278    nps3mlp_dp…   -          Waiting   kalinina   R=8,W=1809…   default  
    17279    nps3mlp_dp…   -          Waiting   kalinina   R=8,W=1809…   default  
    17280    nps3mlp_dp…   -          Waiting   kalinina   R=32,W=180…   default  
    17281    nps3mlp_dp…   -          Waiting   kalinina   R=32,W=180…   default  
    17282    nps3mlp_dp…   -          Waiting   kalinina   R=32,W=180…   default  
    17306    nps3mlp_dp…   -          Waiting   kalinina   R=10,W=180…   default  
    17307    nps3mlp_dp…   -          Waiting   kalinina   R=32,W=180…   default  
    17308    nps3mlp_dp…   -          Waiting   kalinina   R=32,W=180…   default  
    17309    nps3mlp_dp…   -          Waiting   kalinina   R=8,W=1809…   default  
    17310    nps3mlp_dp…   -          Waiting   kalinina   R=32,W=180…   default  
    17311    nps3mlp_dp…   -          Waiting   kalinina   R=32,W=180…   default  
    17312    nps3mlp_dp…   -          Waiting   kalinina   R=32,W=180…   default  
    17313    nps3mlp_dp…   -          Waiting   kalinina   R=32,W=180…   default  
    17314    nps3mlp_dp…   -          Waiting   kalinina   R=32,W=180…   default  
    17315    nps3mlp_dp…   -          Waiting   kalinina   R=32,W=180…   default  
    17316    nps3mlp_dp…   -          Waiting   kalinina   R=10,W=180…   default  
    17317    nps3mlp_dp…   -          Waiting   kalinina   R=32,W=180…   default  
    17318    nps3mlp_dp…   -          Waiting   kalinina   R=32,W=180…   default  
    17319    nps3mlp_dp…   -          Waiting   kalinina   R=32,W=180…   default  
    17320    nps3mlp_dp…   -          Waiting   kalinina   R=32,W=180…   default  
    17321    nps3mlp_dp…   -          Waiting   kalinina   R=32,W=180…   default  
Synchronizing script logs.
Job 17148 (nps3mlp_gine_residual_ML_s0)
  Epoch: current 138 | checkpoint 18 | best rolling-5 balanced accuracy 0.755556
  Latest train balanced accuracy: 0.996867
  Checkpoint valid:  predicted 0/1 = 9/3 | actual 0/1 = 9/3
Job 17149 (nps3mlp_gine_residual_ML_s1)
  Epoch: current 144 | checkpoint 5 | best rolling-5 balanced accuracy 0.572727
  Latest train balanced accuracy: 0.996187
  Checkpoint valid:  predicted 0/1 = 7/8 | actual 0/1 = 11/4
Job 17150 (nps3mlp_gine_residual_ML_s2)
  Epoch: current 146 | checkpoint 77 | best rolling-5 balanced accuracy 0.733333
  Latest train balanced accuracy: 0.989999
  Checkpoint valid:  predicted 0/1 = 7/3 | actual 0/1 = 4/6
Job 17151 (nps3mlp_gine_residual_ML_s3)
  Epoch: current 138 | checkpoint 49 | best rolling-5 balanced accuracy 0.575000
  Latest train balanced accuracy: 0.996867
  Checkpoint valid:  predicted 0/1 = 4/10 | actual 0/1 = 10/4
Job 17152 (nps3mlp_gine_residual_ML_s4)
  Epoch: current 107 | checkpoint 93 | best rolling-5 balanced accuracy 0.613333
  Latest train balanced accuracy: 0.992620
  Checkpoint valid:  predicted 0/1 = 7/7 | actual 0/1 = 9/5
Job 17153 (nps3mlp_gine_residual_OSBP_s0)
  Epoch: current 91 | checkpoint 13 | best rolling-5 balanced accuracy 0.655000
  Latest train balanced accuracy: 0.994033
  Checkpoint valid:  predicted 0/1 = 19/3 | actual 0/1 = 20/2
Job 17154 (nps3mlp_gine_residual_OSBP_s1)
  Epoch: current 80 | checkpoint 58 | best rolling-5 balanced accuracy 0.759524
  Latest train balanced accuracy: 0.995505
  Checkpoint valid:  predicted 0/1 = 12/5 | actual 0/1 = 14/3
Job 17155 (nps3mlp_gine_residual_OSBP_s2)
  Epoch: current 69 | checkpoint 55 | best rolling-5 balanced accuracy 0.905263
  Latest train balanced accuracy: 0.993212
  Checkpoint valid:  predicted 0/1 = 15/7 | actual 0/1 = 19/3
Job 17156 (nps3mlp_gine_residual_OSBP_s3)
  Epoch: current 67 | checkpoint 1 | best rolling-5 balanced accuracy 0.750000
  Latest train balanced accuracy: 0.993921
  Checkpoint valid:  predicted 0/1 = 16/2 | actual 0/1 = 14/4
Job 17157 (nps3mlp_gine_residual_OSBP_s4)
  Epoch: current 64 | checkpoint 6 | best rolling-5 balanced accuracy 0.714286
  Latest train balanced accuracy: 0.991740
  Checkpoint valid:  predicted 0/1 = 12/11 | actual 0/1 = 21/2
Job 17254 (nps3mlp_dpt01_CRAL-TRIO_s0)
  Epoch: current 47 | checkpoint 38 | best rolling-5 balanced accuracy 0.653722
  Latest train balanced accuracy: 0.953461
  Checkpoint valid:  predicted 0/1 = 77/95 | actual 0/1 = 72/100
Job 17255 (nps3mlp_dpt01_CRAL-TRIO_s1)
  Epoch: current 36 | checkpoint 18 | best rolling-5 balanced accuracy 0.667429
  Latest train balanced accuracy: 0.925699
  Checkpoint valid:  predicted 0/1 = 48/132 | actual 0/1 = 73/107
Job 17256 (nps3mlp_dpt01_CRAL-TRIO_s2)
  Epoch: current 40 | checkpoint 39 | best rolling-5 balanced accuracy 0.764788
  Latest train balanced accuracy: 0.952849
  Checkpoint valid:  predicted 0/1 = 61/111 | actual 0/1 = 63/109
Job 17257 (nps3mlp_dpt01_CRAL-TRIO_s3)
  Epoch: current 36 | checkpoint 18 | best rolling-5 balanced accuracy 0.633884
  Latest train balanced accuracy: 0.925699
  Checkpoint valid:  predicted 0/1 = 47/128 | actual 0/1 = 71/104
Job 17258 (nps3mlp_dpt01_CRAL-TRIO_s4)
  Epoch: current 34 | checkpoint 7 | best rolling-5 balanced accuracy 0.649379
  Latest train balanced accuracy: 0.942644
  Checkpoint valid:  predicted 0/1 = 48/124 | actual 0/1 = 71/101
Job 17259 (nps3mlp_dpt01_START_s0)
  Epoch: current 29 | checkpoint 2 | best rolling-5 balanced accuracy 0.494486
  Latest train balanced accuracy: 0.932319
  Checkpoint valid:  predicted 0/1 = 18/100 | actual 0/1 = 16/102
Next waiting job start: OAR has not scheduled one yet.
OAR jobs: running=16 waiting=39 other=0 total=55 pending_queue=0. Checking again in 300 seconds.
Bigfoot queue: submitted=0 waiting_before=39 max_waiting=50 pending=0.
Current OAR jobs for kalinina:
    17148    nps3mlp_gi…   3:34:23    Running   kalinina   R=8,J=P,Q=…   default  
    17149    nps3mlp_gi…   3:08:26    Running   kalinina   R=32,J=P,Q…   default  
    17150    nps3mlp_gi…   3:05:56    Running   kalinina   R=32,J=P,Q…   default  
    17151    nps3mlp_gi…   2:55:02    Running   kalinina   R=32,J=P,Q…   default  
    17152    nps3mlp_gi…   2:45:01    Running   kalinina   R=10,J=P,Q…   default  
    17153    nps3mlp_gi…   1:54:35    Running   kalinina   R=32,J=P,Q…   default  
    17154    nps3mlp_gi…   1:47:10    Running   kalinina   R=32,J=P,Q…   default  
    17155    nps3mlp_gi…   1:45:11    Running   kalinina   R=10,J=P,Q…   default  
    17156    nps3mlp_gi…   1:44:52    Running   kalinina   R=10,J=P,Q…   default  
    17157    nps3mlp_gi…   1:19:34    Running   kalinina   R=10,J=P,Q…   default  
    17254    nps3mlp_dp…   0:57:34    Running   kalinina   R=10,J=P,Q…   default  
    17255    nps3mlp_dp…   0:52:30    Running   kalinina   R=8,J=P,Q=…   default  
    17256    nps3mlp_dp…   0:50:04    Running   kalinina   R=10,J=P,Q…   default  
    17257    nps3mlp_dp…   0:44:22    Running   kalinina   R=32,J=P,Q…   default  
    17258    nps3mlp_dp…   0:43:01    Running   kalinina   R=32,J=P,Q…   default  
    17259    nps3mlp_dp…   0:37:18    Running   kalinina   R=32,J=P,Q…   default  
    17260    nps3mlp_dp…   -          Waiting   kalinina   R=8,W=1809…   default  
    17261    nps3mlp_dp…   -          Waiting   kalinina   R=8,W=1809…   default  
    17262    nps3mlp_dp…   -          Waiting   kalinina   R=32,W=180…   default  
    17263    nps3mlp_dp…   -          Waiting   kalinina   R=32,W=180…   default  
    17264    nps3mlp_dp…   -          Waiting   kalinina   R=32,W=180…   default  
    17265    nps3mlp_dp…   -          Waiting   kalinina   R=10,W=180…   default  
    17266    nps3mlp_dp…   -          Waiting   kalinina   R=10,W=180…   default  
    17267    nps3mlp_dp…   -          Waiting   kalinina   R=32,W=180…   default  
    17268    nps3mlp_dp…   -          Waiting   kalinina   R=32,W=180…   default  
    17269    nps3mlp_dp…   -          Waiting   kalinina   R=10,W=180…   default  
    17270    nps3mlp_dp…   -          Waiting   kalinina   R=10,W=180…   default  
    17271    nps3mlp_dp…   -          Waiting   kalinina   R=10,W=180…   default  
    17272    nps3mlp_dp…   -          Waiting   kalinina   R=10,W=180…   default  
    17273    nps3mlp_dp…   -          Waiting   kalinina   R=8,W=1809…   default  
    17274    nps3mlp_dp…   -          Waiting   kalinina   R=10,W=180…   default  
    17275    nps3mlp_dp…   -          Waiting   kalinina   R=32,W=180…   default  
    17276    nps3mlp_dp…   -          Waiting   kalinina   R=32,W=180…   default  
    17277    nps3mlp_dp…   -          Waiting   kalinina   R=32,W=180…   default  
    17278    nps3mlp_dp…   -          Waiting   kalinina   R=8,W=1809…   default  
    17279    nps3mlp_dp…   -          Waiting   kalinina   R=8,W=1809…   default  
    17280    nps3mlp_dp…   -          Waiting   kalinina   R=32,W=180…   default  
    17281    nps3mlp_dp…   -          Waiting   kalinina   R=32,W=180…   default  
    17282    nps3mlp_dp…   -          Waiting   kalinina   R=32,W=180…   default  
    17306    nps3mlp_dp…   -          Waiting   kalinina   R=10,W=180…   default  
    17307    nps3mlp_dp…   -          Waiting   kalinina   R=32,W=180…   default  
    17308    nps3mlp_dp…   -          Waiting   kalinina   R=32,W=180…   default  
    17309    nps3mlp_dp…   -          Waiting   kalinina   R=8,W=1809…   default  
    17310    nps3mlp_dp…   -          Waiting   kalinina   R=32,W=180…   default  
    17311    nps3mlp_dp…   -          Waiting   kalinina   R=32,W=180…   default  
    17312    nps3mlp_dp…   -          Waiting   kalinina   R=32,W=180…   default  
    17313    nps3mlp_dp…   -          Waiting   kalinina   R=32,W=180…   default  
    17314    nps3mlp_dp…   -          Waiting   kalinina   R=32,W=180…   default  
    17315    nps3mlp_dp…   -          Waiting   kalinina   R=32,W=180…   default  
    17316    nps3mlp_dp…   -          Waiting   kalinina   R=10,W=180…   default  
    17317    nps3mlp_dp…   -          Waiting   kalinina   R=32,W=180…   default  
    17318    nps3mlp_dp…   -          Waiting   kalinina   R=32,W=180…   default  
    17319    nps3mlp_dp…   -          Waiting   kalinina   R=32,W=180…   default  
    17320    nps3mlp_dp…   -          Waiting   kalinina   R=32,W=180…   default  
    17321    nps3mlp_dp…   -          Waiting   kalinina   R=32,W=180…   default  
Synchronizing script logs.
Job 17148 (nps3mlp_gine_residual_ML_s0)
  Epoch: current 141 | checkpoint 18 | best rolling-5 balanced accuracy 0.755556
  Latest train balanced accuracy: 0.992855
  Checkpoint valid:  predicted 0/1 = 4/8 | actual 0/1 = 9/3
Job 17149 (nps3mlp_gine_residual_ML_s1)
  Epoch: current 148 | checkpoint 5 | best rolling-5 balanced accuracy 0.572727
  Latest train balanced accuracy: 0.995517
  Checkpoint valid:  predicted 0/1 = 7/8 | actual 0/1 = 11/4
Job 17150 (nps3mlp_gine_residual_ML_s2)
  Epoch: current 150 | checkpoint 77 | best rolling-5 balanced accuracy 0.733333
  Latest train balanced accuracy: 0.996219
  Checkpoint valid:  predicted 0/1 = 7/3 | actual 0/1 = 4/6
Job 17151 (nps3mlp_gine_residual_ML_s3)
  Epoch: current 142 | checkpoint 49 | best rolling-5 balanced accuracy 0.575000
  Latest train balanced accuracy: 0.975436
  Checkpoint valid:  predicted 0/1 = 8/6 | actual 0/1 = 11/3
Job 17152 (nps3mlp_gine_residual_ML_s4)
  Epoch: current 111 | checkpoint 93 | best rolling-5 balanced accuracy 0.613333
  Latest train balanced accuracy: 0.993516
  Checkpoint valid:  predicted 0/1 = 7/7 | actual 0/1 = 9/5
Job 17153 (nps3mlp_gine_residual_OSBP_s0)
  Epoch: current 96 | checkpoint 13 | best rolling-5 balanced accuracy 0.655000
  Latest train balanced accuracy: 0.993365
  Checkpoint valid:  predicted 0/1 = 19/3 | actual 0/1 = 20/2
Job 17154 (nps3mlp_gine_residual_OSBP_s1)
  Epoch: current 84 | checkpoint 58 | best rolling-5 balanced accuracy 0.759524
  Latest train balanced accuracy: 0.993257
  Checkpoint valid:  predicted 0/1 = 12/5 | actual 0/1 = 14/3
Job 17155 (nps3mlp_gine_residual_OSBP_s2)
  Epoch: current 72 | checkpoint 55 | best rolling-5 balanced accuracy 0.905263
  Latest train balanced accuracy: 0.993212
  Checkpoint valid:  predicted 0/1 = 15/7 | actual 0/1 = 19/3
Job 17156 (nps3mlp_gine_residual_OSBP_s3)
  Epoch: current 70 | checkpoint 1 | best rolling-5 balanced accuracy 0.750000
  Latest train balanced accuracy: 0.994164
  Checkpoint valid:  predicted 0/1 = 16/2 | actual 0/1 = 14/4
Job 17157 (nps3mlp_gine_residual_OSBP_s4)
  Epoch: current 69 | checkpoint 6 | best rolling-5 balanced accuracy 0.714286
  Latest train balanced accuracy: 0.986392
  Checkpoint valid:  predicted 0/1 = 12/11 | actual 0/1 = 21/2
Job 17254 (nps3mlp_dpt01_CRAL-TRIO_s0)
  Epoch: current 51 | checkpoint 50 | best rolling-5 balanced accuracy 0.677111
  Latest train balanced accuracy: 0.968509
  Checkpoint valid:  predicted 0/1 = 80/92 | actual 0/1 = 72/100
Job 17255 (nps3mlp_dpt01_CRAL-TRIO_s1)
  Epoch: current 40 | checkpoint 18 | best rolling-5 balanced accuracy 0.667429
  Latest train balanced accuracy: 0.958832
  Checkpoint valid:  predicted 0/1 = 74/106 | actual 0/1 = 75/105
Job 17256 (nps3mlp_dpt01_CRAL-TRIO_s2)
  Epoch: current 44 | checkpoint 42 | best rolling-5 balanced accuracy 0.772302
  Latest train balanced accuracy: 0.940109
  Checkpoint valid:  predicted 0/1 = 71/101 | actual 0/1 = 63/109
Job 17257 (nps3mlp_dpt01_CRAL-TRIO_s3)
  Epoch: current 41 | checkpoint 18 | best rolling-5 balanced accuracy 0.633884
  Latest train balanced accuracy: 0.948097
  Checkpoint valid:  predicted 0/1 = 47/128 | actual 0/1 = 71/104
Job 17258 (nps3mlp_dpt01_CRAL-TRIO_s4)
  Epoch: current 39 | checkpoint 7 | best rolling-5 balanced accuracy 0.649379
  Latest train balanced accuracy: 0.958824
  Checkpoint valid:  predicted 0/1 = 48/124 | actual 0/1 = 71/101
Job 17259 (nps3mlp_dpt01_START_s0)
  Epoch: current 34 | checkpoint 2 | best rolling-5 balanced accuracy 0.494486
  Latest train balanced accuracy: 0.944180
  Checkpoint valid:  predicted 0/1 = 18/100 | actual 0/1 = 16/102
Next waiting job start: OAR has not scheduled one yet.
OAR jobs: running=16 waiting=39 other=0 total=55 pending_queue=0. Checking again in 300 seconds.
Bigfoot queue: submitted=0 waiting_before=37 max_waiting=50 pending=0.
Current OAR jobs for kalinina:
    17148    nps3mlp_gi…   3:39:37    Running   kalinina   R=8,J=P,Q=…   default  
    17151    nps3mlp_gi…   3:00:16    Running   kalinina   R=32,J=P,Q…   default  
    17152    nps3mlp_gi…   2:50:15    Running   kalinina   R=10,J=P,Q…   default  
    17153    nps3mlp_gi…   1:59:49    Running   kalinina   R=32,J=P,Q…   default  
    17154    nps3mlp_gi…   1:52:24    Running   kalinina   R=32,J=P,Q…   default  
    17155    nps3mlp_gi…   1:50:25    Running   kalinina   R=10,J=P,Q…   default  
    17156    nps3mlp_gi…   1:50:06    Running   kalinina   R=10,J=P,Q…   default  
    17157    nps3mlp_gi…   1:24:48    Running   kalinina   R=10,J=P,Q…   default  
    17254    nps3mlp_dp…   1:02:48    Running   kalinina   R=10,J=P,Q…   default  
    17255    nps3mlp_dp…   0:57:44    Running   kalinina   R=8,J=P,Q=…   default  
    17256    nps3mlp_dp…   0:55:18    Running   kalinina   R=10,J=P,Q…   default  
    17257    nps3mlp_dp…   0:49:36    Running   kalinina   R=32,J=P,Q…   default  
    17258    nps3mlp_dp…   0:48:15    Running   kalinina   R=32,J=P,Q…   default  
    17259    nps3mlp_dp…   0:42:32    Running   kalinina   R=32,J=P,Q…   default  
    17260    nps3mlp_dp…   0:03:36    Running   kalinina   R=32,J=P,Q…   default  
    17261    nps3mlp_dp…   0:00:54    Running   kalinina   R=32,J=P,Q…   default  
    17262    nps3mlp_dp…   -          Waiting   kalinina   R=8,W=1809…   default  
    17263    nps3mlp_dp…   -          Waiting   kalinina   R=8,W=1809…   default  
    17264    nps3mlp_dp…   -          Waiting   kalinina   R=32,W=180…   default  
    17265    nps3mlp_dp…   -          Waiting   kalinina   R=10,W=180…   default  
    17266    nps3mlp_dp…   -          Waiting   kalinina   R=10,W=180…   default  
    17267    nps3mlp_dp…   -          Waiting   kalinina   R=32,W=180…   default  
    17268    nps3mlp_dp…   -          Waiting   kalinina   R=32,W=180…   default  
    17269    nps3mlp_dp…   -          Waiting   kalinina   R=10,W=180…   default  
    17270    nps3mlp_dp…   -          Waiting   kalinina   R=10,W=180…   default  
    17271    nps3mlp_dp…   -          Waiting   kalinina   R=10,W=180…   default  
    17272    nps3mlp_dp…   -          Waiting   kalinina   R=10,W=180…   default  
    17273    nps3mlp_dp…   -          Waiting   kalinina   R=8,W=1809…   default  
    17274    nps3mlp_dp…   -          Waiting   kalinina   R=10,W=180…   default  
    17275    nps3mlp_dp…   -          Waiting   kalinina   R=32,W=180…   default  
    17276    nps3mlp_dp…   -          Waiting   kalinina   R=32,W=180…   default  
    17277    nps3mlp_dp…   -          Waiting   kalinina   R=32,W=180…   default  
    17278    nps3mlp_dp…   -          Waiting   kalinina   R=32,W=180…   default  
    17279    nps3mlp_dp…   -          Waiting   kalinina   R=32,W=180…   default  
    17280    nps3mlp_dp…   -          Waiting   kalinina   R=8,W=1809…   default  
    17281    nps3mlp_dp…   -          Waiting   kalinina   R=8,W=1809…   default  
    17282    nps3mlp_dp…   -          Waiting   kalinina   R=32,W=180…   default  
    17306    nps3mlp_dp…   -          Waiting   kalinina   R=10,W=180…   default  
    17307    nps3mlp_dp…   -          Waiting   kalinina   R=32,W=180…   default  
    17308    nps3mlp_dp…   -          Waiting   kalinina   R=32,W=180…   default  
    17309    nps3mlp_dp…   -          Waiting   kalinina   R=8,W=1809…   default  
    17310    nps3mlp_dp…   -          Waiting   kalinina   R=32,W=180…   default  
    17311    nps3mlp_dp…   -          Waiting   kalinina   R=32,W=180…   default  
    17312    nps3mlp_dp…   -          Waiting   kalinina   R=32,W=180…   default  
    17313    nps3mlp_dp…   -          Waiting   kalinina   R=32,W=180…   default  
    17314    nps3mlp_dp…   -          Waiting   kalinina   R=32,W=180…   default  
    17315    nps3mlp_dp…   -          Waiting   kalinina   R=32,W=180…   default  
    17316    nps3mlp_dp…   -          Waiting   kalinina   R=10,W=180…   default  
    17317    nps3mlp_dp…   -          Waiting   kalinina   R=32,W=180…   default  
    17318    nps3mlp_dp…   -          Waiting   kalinina   R=32,W=180…   default  
    17319    nps3mlp_dp…   -          Waiting   kalinina   R=32,W=180…   default  
    17320    nps3mlp_dp…   -          Waiting   kalinina   R=32,W=180…   default  
    17321    nps3mlp_dp…   -          Waiting   kalinina   R=32,W=180…   default  
Synchronizing script logs.
Job 17148 (nps3mlp_gine_residual_ML_s0)
  Epoch: current 145 | checkpoint 18 | best rolling-5 balanced accuracy 0.755556
  Latest train balanced accuracy: 0.994418
  Checkpoint valid:  predicted 0/1 = 4/8 | actual 0/1 = 9/3
Job 17151 (nps3mlp_gine_residual_ML_s3)
  Epoch: current 146 | checkpoint 49 | best rolling-5 balanced accuracy 0.575000
  Latest train balanced accuracy: 0.987025
  Checkpoint valid:  predicted 0/1 = 4/10 | actual 0/1 = 10/4
Job 17152 (nps3mlp_gine_residual_ML_s4)
  Epoch: current 114 | checkpoint 93 | best rolling-5 balanced accuracy 0.613333
  Latest train balanced accuracy: 0.993065
  Checkpoint valid:  predicted 0/1 = 7/7 | actual 0/1 = 9/5
Job 17153 (nps3mlp_gine_residual_OSBP_s0)
  Epoch: current 100 | checkpoint 13 | best rolling-5 balanced accuracy 0.655000
  Latest train balanced accuracy: 0.993622
  Checkpoint valid:  predicted 0/1 = 19/3 | actual 0/1 = 20/2
Job 17154 (nps3mlp_gine_residual_OSBP_s1)
  Epoch: current 88 | checkpoint 58 | best rolling-5 balanced accuracy 0.759524
  Latest train balanced accuracy: 0.994594
  Checkpoint valid:  predicted 0/1 = 12/5 | actual 0/1 = 14/3
Job 17155 (nps3mlp_gine_residual_OSBP_s2)
  Epoch: current 76 | checkpoint 55 | best rolling-5 balanced accuracy 0.905263
  Latest train balanced accuracy: 0.974747
  Checkpoint valid:  predicted 0/1 = 15/7 | actual 0/1 = 19/3
Job 17156 (nps3mlp_gine_residual_OSBP_s3)
  Epoch: current 74 | checkpoint 1 | best rolling-5 balanced accuracy 0.750000
  Latest train balanced accuracy: 0.986535
  Checkpoint valid:  predicted 0/1 = 11/7 | actual 0/1 = 16/2
Job 17157 (nps3mlp_gine_residual_OSBP_s4)
  Epoch: current 73 | checkpoint 6 | best rolling-5 balanced accuracy 0.714286
  Latest train balanced accuracy: 0.989734
  Checkpoint valid:  predicted 0/1 = 12/11 | actual 0/1 = 21/2
Job 17254 (nps3mlp_dpt01_CRAL-TRIO_s0)
  Epoch: current 56 | checkpoint 51 | best rolling-5 balanced accuracy 0.686111
  Latest train balanced accuracy: 0.963318
  Checkpoint valid:  predicted 0/1 = 86/86 | actual 0/1 = 72/100
Job 17255 (nps3mlp_dpt01_CRAL-TRIO_s1)
  Epoch: current 44 | checkpoint 18 | best rolling-5 balanced accuracy 0.667429
  Latest train balanced accuracy: 0.962745
  Checkpoint valid:  predicted 0/1 = 74/106 | actual 0/1 = 75/105
Job 17256 (nps3mlp_dpt01_CRAL-TRIO_s2)
  Epoch: current 49 | checkpoint 42 | best rolling-5 balanced accuracy 0.772302
  Latest train balanced accuracy: 0.969934
  Checkpoint valid:  predicted 0/1 = 71/101 | actual 0/1 = 63/109
Job 17257 (nps3mlp_dpt01_CRAL-TRIO_s3)
  Epoch: current 46 | checkpoint 18 | best rolling-5 balanced accuracy 0.633884
  Latest train balanced accuracy: 0.964535
  Checkpoint valid:  predicted 0/1 = 47/128 | actual 0/1 = 71/104
Job 17258 (nps3mlp_dpt01_CRAL-TRIO_s4)
  Epoch: current 44 | checkpoint 7 | best rolling-5 balanced accuracy 0.649379
  Latest train balanced accuracy: 0.969269
  Checkpoint valid:  predicted 0/1 = 48/124 | actual 0/1 = 71/101
Job 17259 (nps3mlp_dpt01_START_s0)
  Epoch: current 39 | checkpoint 2 | best rolling-5 balanced accuracy 0.494486
  Latest train balanced accuracy: 0.956968
  Checkpoint valid:  predicted 0/1 = 18/100 | actual 0/1 = 16/102
Job 17260 (nps3mlp_dpt01_START_s1)
  Epoch: current 3 | checkpoint 2 | best rolling-5 balanced accuracy 0.478480
  Latest train balanced accuracy: 0.658943
  Checkpoint valid:  predicted 0/1 = 122/0 | actual 0/1 = 23/99
Job 17261 (nps3mlp_dpt01_START_s2)
  Epoch: current 1 | checkpoint 0 | best rolling-5 balanced accuracy n/a
  Latest train balanced accuracy: n/a
  Checkpoint valid:  predicted 0/1 = n/a/n/a | actual 0/1 = n/a/n/a
Completed OAR job IDs:
17149
17150
Synchronizing results from completed jobs.
Updating metrics table and feature contributions.
Added 0 new metric rows to /home/kalinina/DL_project/metrics_summary.csv
Next waiting job start: OAR has not scheduled one yet.
OAR jobs: running=16 waiting=37 other=0 total=53 pending_queue=0. Checking again in 300 seconds.
Bigfoot queue: submitted=0 waiting_before=37 max_waiting=50 pending=0.
Current OAR jobs for kalinina:
    17148    nps3mlp_gi…   3:44:51    Running   kalinina   R=8,J=P,Q=…   default  
    17151    nps3mlp_gi…   3:05:30    Running   kalinina   R=32,J=P,Q…   default  
    17152    nps3mlp_gi…   2:55:29    Running   kalinina   R=10,J=P,Q…   default  
    17153    nps3mlp_gi…   2:05:03    Running   kalinina   R=32,J=P,Q…   default  
    17154    nps3mlp_gi…   1:57:38    Running   kalinina   R=32,J=P,Q…   default  
    17155    nps3mlp_gi…   1:55:39    Running   kalinina   R=10,J=P,Q…   default  
    17156    nps3mlp_gi…   1:55:20    Running   kalinina   R=10,J=P,Q…   default  
    17157    nps3mlp_gi…   1:30:02    Running   kalinina   R=10,J=P,Q…   default  
    17254    nps3mlp_dp…   1:08:02    Running   kalinina   R=10,J=P,Q…   default  
    17255    nps3mlp_dp…   1:02:58    Running   kalinina   R=8,J=P,Q=…   default  
    17256    nps3mlp_dp…   1:00:32    Running   kalinina   R=10,J=P,Q…   default  
    17257    nps3mlp_dp…   0:54:50    Running   kalinina   R=32,J=P,Q…   default  
    17258    nps3mlp_dp…   0:53:29    Running   kalinina   R=32,J=P,Q…   default  
    17259    nps3mlp_dp…   0:47:46    Running   kalinina   R=32,J=P,Q…   default  
    17260    nps3mlp_dp…   0:08:50    Running   kalinina   R=32,J=P,Q…   default  
    17261    nps3mlp_dp…   0:06:08    Running   kalinina   R=32,J=P,Q…   default  
    17262    nps3mlp_dp…   -          Waiting   kalinina   R=8,W=1809…   default  
    17263    nps3mlp_dp…   -          Waiting   kalinina   R=8,W=1809…   default  
    17264    nps3mlp_dp…   -          Waiting   kalinina   R=32,W=180…   default  
    17265    nps3mlp_dp…   -          Waiting   kalinina   R=10,W=180…   default  
    17266    nps3mlp_dp…   -          Waiting   kalinina   R=10,W=180…   default  
    17267    nps3mlp_dp…   -          Waiting   kalinina   R=32,W=180…   default  
    17268    nps3mlp_dp…   -          Waiting   kalinina   R=32,W=180…   default  
    17269    nps3mlp_dp…   -          Waiting   kalinina   R=10,W=180…   default  
    17270    nps3mlp_dp…   -          Waiting   kalinina   R=10,W=180…   default  
    17271    nps3mlp_dp…   -          Waiting   kalinina   R=10,W=180…   default  
    17272    nps3mlp_dp…   -          Waiting   kalinina   R=10,W=180…   default  
    17273    nps3mlp_dp…   -          Waiting   kalinina   R=8,W=1809…   default  
    17274    nps3mlp_dp…   -          Waiting   kalinina   R=10,W=180…   default  
    17275    nps3mlp_dp…   -          Waiting   kalinina   R=32,W=180…   default  
    17276    nps3mlp_dp…   -          Waiting   kalinina   R=32,W=180…   default  
    17277    nps3mlp_dp…   -          Waiting   kalinina   R=32,W=180…   default  
    17278    nps3mlp_dp…   -          Waiting   kalinina   R=32,W=180…   default  
    17279    nps3mlp_dp…   -          Waiting   kalinina   R=32,W=180…   default  
    17280    nps3mlp_dp…   -          Waiting   kalinina   R=8,W=1809…   default  
    17281    nps3mlp_dp…   -          Waiting   kalinina   R=8,W=1809…   default  
    17282    nps3mlp_dp…   -          Waiting   kalinina   R=32,W=180…   default  
    17306    nps3mlp_dp…   -          Waiting   kalinina   R=10,W=180…   default  
    17307    nps3mlp_dp…   -          Waiting   kalinina   R=32,W=180…   default  
    17308    nps3mlp_dp…   -          Waiting   kalinina   R=32,W=180…   default  
    17309    nps3mlp_dp…   -          Waiting   kalinina   R=8,W=1809…   default  
    17310    nps3mlp_dp…   -          Waiting   kalinina   R=32,W=180…   default  
    17311    nps3mlp_dp…   -          Waiting   kalinina   R=32,W=180…   default  
    17312    nps3mlp_dp…   -          Waiting   kalinina   R=32,W=180…   default  
    17313    nps3mlp_dp…   -          Waiting   kalinina   R=32,W=180…   default  
    17314    nps3mlp_dp…   -          Waiting   kalinina   R=32,W=180…   default  
    17315    nps3mlp_dp…   -          Waiting   kalinina   R=32,W=180…   default  
    17316    nps3mlp_dp…   -          Waiting   kalinina   R=10,W=180…   default  
    17317    nps3mlp_dp…   -          Waiting   kalinina   R=32,W=180…   default  
    17318    nps3mlp_dp…   -          Waiting   kalinina   R=32,W=180…   default  
    17319    nps3mlp_dp…   -          Waiting   kalinina   R=32,W=180…   default  
    17320    nps3mlp_dp…   -          Waiting   kalinina   R=32,W=180…   default  
    17321    nps3mlp_dp…   -          Waiting   kalinina   R=32,W=180…   default  
Synchronizing script logs.
Job 17148 (nps3mlp_gine_residual_ML_s0)
  Epoch: current 148 | checkpoint 18 | best rolling-5 balanced accuracy 0.755556
  Latest train balanced accuracy: 0.993077
  Checkpoint valid:  predicted 0/1 = 4/8 | actual 0/1 = 9/3
Job 17151 (nps3mlp_gine_residual_ML_s3)
  Epoch: current 150 | checkpoint 49 | best rolling-5 balanced accuracy 0.575000
  Latest train balanced accuracy: 0.996197
  Checkpoint valid:  predicted 0/1 = 4/10 | actual 0/1 = 10/4
Job 17152 (nps3mlp_gine_residual_ML_s4)
  Epoch: current 118 | checkpoint 93 | best rolling-5 balanced accuracy 0.613333
  Latest train balanced accuracy: 0.983215
  Checkpoint valid:  predicted 0/1 = 7/7 | actual 0/1 = 9/5
Job 17153 (nps3mlp_gine_residual_OSBP_s0)
  Epoch: current 105 | checkpoint 13 | best rolling-5 balanced accuracy 0.655000
  Latest train balanced accuracy: 0.988171
  Checkpoint valid:  predicted 0/1 = 19/3 | actual 0/1 = 20/2
Job 17154 (nps3mlp_gine_residual_OSBP_s1)
  Epoch: current 92 | checkpoint 58 | best rolling-5 balanced accuracy 0.759524
  Latest train balanced accuracy: 0.990951
  Checkpoint valid:  predicted 0/1 = 12/5 | actual 0/1 = 14/3
Job 17155 (nps3mlp_gine_residual_OSBP_s2)
  Epoch: current 80 | checkpoint 55 | best rolling-5 balanced accuracy 0.905263
  Latest train balanced accuracy: 0.994548
  Checkpoint valid:  predicted 0/1 = 15/7 | actual 0/1 = 19/3
Job 17156 (nps3mlp_gine_residual_OSBP_s3)
  Epoch: current 77 | checkpoint 1 | best rolling-5 balanced accuracy 0.750000
  Latest train balanced accuracy: 0.989846
  Checkpoint valid:  predicted 0/1 = 16/2 | actual 0/1 = 14/4
Job 17157 (nps3mlp_gine_residual_OSBP_s4)
  Epoch: current 78 | checkpoint 6 | best rolling-5 balanced accuracy 0.714286
  Latest train balanced accuracy: 0.982787
  Checkpoint valid:  predicted 0/1 = 12/11 | actual 0/1 = 21/2
Job 17254 (nps3mlp_dpt01_CRAL-TRIO_s0)
  Epoch: current 60 | checkpoint 51 | best rolling-5 balanced accuracy 0.686111
  Latest train balanced accuracy: 0.969659
  Checkpoint valid:  predicted 0/1 = 86/86 | actual 0/1 = 72/100
Job 17255 (nps3mlp_dpt01_CRAL-TRIO_s1)
  Epoch: current 48 | checkpoint 18 | best rolling-5 balanced accuracy 0.667429
  Latest train balanced accuracy: 0.966976
  Checkpoint valid:  predicted 0/1 = 81/99 | actual 0/1 = 74/106
Job 17256 (nps3mlp_dpt01_CRAL-TRIO_s2)
  Epoch: current 54 | checkpoint 42 | best rolling-5 balanced accuracy 0.772302
  Latest train balanced accuracy: 0.956954
  Checkpoint valid:  predicted 0/1 = 71/101 | actual 0/1 = 63/109
Job 17257 (nps3mlp_dpt01_CRAL-TRIO_s3)
  Epoch: current 51 | checkpoint 18 | best rolling-5 balanced accuracy 0.633884
  Latest train balanced accuracy: 0.956249
  Checkpoint valid:  predicted 0/1 = 47/128 | actual 0/1 = 71/104
Job 17258 (nps3mlp_dpt01_CRAL-TRIO_s4)
  Epoch: current 48 | checkpoint 7 | best rolling-5 balanced accuracy 0.649379
  Latest train balanced accuracy: 0.966976
  Checkpoint valid:  predicted 0/1 = 48/124 | actual 0/1 = 71/101
Job 17259 (nps3mlp_dpt01_START_s0)
  Epoch: current 44 | checkpoint 2 | best rolling-5 balanced accuracy 0.494486
  Latest train balanced accuracy: 0.954299
  Checkpoint valid:  predicted 0/1 = 18/100 | actual 0/1 = 16/102
Job 17260 (nps3mlp_dpt01_START_s1)
  Epoch: current 8 | checkpoint 4 | best rolling-5 balanced accuracy 0.503623
  Latest train balanced accuracy: 0.792638
  Checkpoint valid:  predicted 0/1 = 40/82 | actual 0/1 = 23/99
Job 17261 (nps3mlp_dpt01_START_s2)
  Epoch: current 6 | checkpoint 5 | best rolling-5 balanced accuracy 0.512054
  Latest train balanced accuracy: 0.778103
  Checkpoint valid:  predicted 0/1 = 23/101 | actual 0/1 = 28/96
Next waiting job start: OAR has not scheduled one yet.
OAR jobs: running=16 waiting=37 other=0 total=53 pending_queue=0. Checking again in 300 seconds.
Bigfoot queue: submitted=0 waiting_before=34 max_waiting=50 pending=0.
Current OAR jobs for kalinina:
    17152    nps3mlp_gi…   3:00:42    Running   kalinina   R=10,J=P,Q…   default  
    17153    nps3mlp_gi…   2:10:16    Running   kalinina   R=32,J=P,Q…   default  
    17154    nps3mlp_gi…   2:02:51    Running   kalinina   R=32,J=P,Q…   default  
    17155    nps3mlp_gi…   2:00:52    Running   kalinina   R=10,J=P,Q…   default  
    17156    nps3mlp_gi…   2:00:33    Running   kalinina   R=10,J=P,Q…   default  
    17157    nps3mlp_gi…   1:35:15    Running   kalinina   R=10,J=P,Q…   default  
    17254    nps3mlp_dp…   1:13:15    Running   kalinina   R=10,J=P,Q…   default  
    17255    nps3mlp_dp…   1:08:11    Running   kalinina   R=8,J=P,Q=…   default  
    17256    nps3mlp_dp…   1:05:45    Running   kalinina   R=10,J=P,Q…   default  
    17257    nps3mlp_dp…   1:00:03    Running   kalinina   R=32,J=P,Q…   default  
    17258    nps3mlp_dp…   0:58:42    Running   kalinina   R=32,J=P,Q…   default  
    17259    nps3mlp_dp…   0:52:59    Running   kalinina   R=32,J=P,Q…   default  
    17260    nps3mlp_dp…   0:14:03    Running   kalinina   R=32,J=P,Q…   default  
    17261    nps3mlp_dp…   0:11:21    Running   kalinina   R=32,J=P,Q…   default  
    17262    nps3mlp_dp…   0:04:33    Running   kalinina   R=32,J=P,Q…   default  
    17263    nps3mlp_dp…   0:02:49    Running   kalinina   R=8,J=P,Q=…   default  
    17264    nps3mlp_dp…   0:00:58    Running   kalinina   R=8,J=P,Q=…   default  
    17265    nps3mlp_dp…   -          Waiting   kalinina   R=10,W=180…   default  
    17266    nps3mlp_dp…   -          Waiting   kalinina   R=10,W=180…   default  
    17267    nps3mlp_dp…   -          Waiting   kalinina   R=32,W=180…   default  
    17268    nps3mlp_dp…   -          Waiting   kalinina   R=32,W=180…   default  
    17269    nps3mlp_dp…   -          Waiting   kalinina   R=10,W=180…   default  
    17270    nps3mlp_dp…   -          Waiting   kalinina   R=10,W=180…   default  
    17271    nps3mlp_dp…   -          Waiting   kalinina   R=10,W=180…   default  
    17272    nps3mlp_dp…   -          Waiting   kalinina   R=10,W=180…   default  
    17273    nps3mlp_dp…   -          Waiting   kalinina   R=8,W=1809…   default  
    17274    nps3mlp_dp…   -          Waiting   kalinina   R=10,W=180…   default  
    17275    nps3mlp_dp…   -          Waiting   kalinina   R=32,W=180…   default  
    17276    nps3mlp_dp…   -          Waiting   kalinina   R=32,W=180…   default  
    17277    nps3mlp_dp…   -          Waiting   kalinina   R=32,W=180…   default  
    17278    nps3mlp_dp…   -          Waiting   kalinina   R=32,W=180…   default  
    17279    nps3mlp_dp…   -          Waiting   kalinina   R=32,W=180…   default  
    17280    nps3mlp_dp…   -          Waiting   kalinina   R=32,W=180…   default  
    17281    nps3mlp_dp…   -          Waiting   kalinina   R=8,W=1809…   default  
    17282    nps3mlp_dp…   -          Waiting   kalinina   R=8,W=1809…   default  
    17306    nps3mlp_dp…   -          Waiting   kalinina   R=10,W=180…   default  
    17307    nps3mlp_dp…   -          Waiting   kalinina   R=32,W=180…   default  
    17308    nps3mlp_dp…   -          Waiting   kalinina   R=32,W=180…   default  
    17309    nps3mlp_dp…   -          Waiting   kalinina   R=8,W=1809…   default  
    17310    nps3mlp_dp…   -          Waiting   kalinina   R=32,W=180…   default  
    17311    nps3mlp_dp…   -          Waiting   kalinina   R=32,W=180…   default  
    17312    nps3mlp_dp…   -          Waiting   kalinina   R=32,W=180…   default  
    17313    nps3mlp_dp…   -          Waiting   kalinina   R=32,W=180…   default  
    17314    nps3mlp_dp…   -          Waiting   kalinina   R=32,W=180…   default  
    17315    nps3mlp_dp…   -          Waiting   kalinina   R=32,W=180…   default  
    17316    nps3mlp_dp…   -          Waiting   kalinina   R=10,W=180…   default  
    17317    nps3mlp_dp…   -          Waiting   kalinina   R=32,W=180…   default  
    17318    nps3mlp_dp…   -          Waiting   kalinina   R=32,W=180…   default  
    17319    nps3mlp_dp…   -          Waiting   kalinina   R=32,W=180…   default  
    17320    nps3mlp_dp…   -          Waiting   kalinina   R=32,W=180…   default  
    17321    nps3mlp_dp…   -          Waiting   kalinina   R=32,W=180…   default  
Synchronizing script logs.
Job 17152 (nps3mlp_gine_residual_ML_s4)
  Epoch: current 121 | checkpoint 93 | best rolling-5 balanced accuracy 0.613333
  Latest train balanced accuracy: 0.992620
  Checkpoint valid:  predicted 0/1 = 7/7 | actual 0/1 = 9/5
Job 17153 (nps3mlp_gine_residual_OSBP_s0)
  Epoch: current 109 | checkpoint 13 | best rolling-5 balanced accuracy 0.655000
  Latest train balanced accuracy: 0.992954
  Checkpoint valid:  predicted 0/1 = 19/3 | actual 0/1 = 20/2
Job 17154 (nps3mlp_gine_residual_OSBP_s1)
  Epoch: current 96 | checkpoint 58 | best rolling-5 balanced accuracy 0.759524
  Latest train balanced accuracy: 0.993926
  Checkpoint valid:  predicted 0/1 = 12/5 | actual 0/1 = 14/3
Job 17155 (nps3mlp_gine_residual_OSBP_s2)
  Epoch: current 83 | checkpoint 55 | best rolling-5 balanced accuracy 0.905263
  Latest train balanced accuracy: 0.994806
  Checkpoint valid:  predicted 0/1 = 15/7 | actual 0/1 = 19/3
Job 17156 (nps3mlp_gine_residual_OSBP_s3)
  Epoch: current 81 | checkpoint 1 | best rolling-5 balanced accuracy 0.750000
  Latest train balanced accuracy: 0.967109
  Checkpoint valid:  predicted 0/1 = 16/2 | actual 0/1 = 14/4
Job 17157 (nps3mlp_gine_residual_OSBP_s4)
  Epoch: current 82 | checkpoint 6 | best rolling-5 balanced accuracy 0.714286
  Latest train balanced accuracy: 0.988660
  Checkpoint valid:  predicted 0/1 = 12/11 | actual 0/1 = 21/2
Job 17254 (nps3mlp_dpt01_CRAL-TRIO_s0)
  Epoch: current 65 | checkpoint 51 | best rolling-5 balanced accuracy 0.686111
  Latest train balanced accuracy: 0.975162
  Checkpoint valid:  predicted 0/1 = 86/86 | actual 0/1 = 72/100
Job 17255 (nps3mlp_dpt01_CRAL-TRIO_s1)
  Epoch: current 53 | checkpoint 18 | best rolling-5 balanced accuracy 0.667429
  Latest train balanced accuracy: 0.988004
  Checkpoint valid:  predicted 0/1 = 74/106 | actual 0/1 = 75/105
Job 17256 (nps3mlp_dpt01_CRAL-TRIO_s2)
  Epoch: current 58 | checkpoint 42 | best rolling-5 balanced accuracy 0.772302
  Latest train balanced accuracy: 0.980197
  Checkpoint valid:  predicted 0/1 = 71/101 | actual 0/1 = 63/109
Job 17257 (nps3mlp_dpt01_CRAL-TRIO_s3)
  Epoch: current 56 | checkpoint 18 | best rolling-5 balanced accuracy 0.633884
  Latest train balanced accuracy: 0.975018
  Checkpoint valid:  predicted 0/1 = 47/128 | actual 0/1 = 71/104
Job 17258 (nps3mlp_dpt01_CRAL-TRIO_s4)
  Epoch: current 53 | checkpoint 7 | best rolling-5 balanced accuracy 0.649379
  Latest train balanced accuracy: n/a
  Checkpoint valid:  predicted 0/1 = n/a/n/a | actual 0/1 = n/a/n/a
Job 17259 (nps3mlp_dpt01_START_s0)
  Epoch: current 48 | checkpoint 2 | best rolling-5 balanced accuracy 0.494486
  Latest train balanced accuracy: 0.961436
  Checkpoint valid:  predicted 0/1 = 18/100 | actual 0/1 = 16/102
Job 17260 (nps3mlp_dpt01_START_s1)
  Epoch: current 13 | checkpoint 12 | best rolling-5 balanced accuracy 0.587615
  Latest train balanced accuracy: 0.855939
  Checkpoint valid:  predicted 0/1 = 78/44 | actual 0/1 = 23/99
Job 17261 (nps3mlp_dpt01_START_s2)
  Epoch: current 11 | checkpoint 10 | best rolling-5 balanced accuracy 0.585714
  Latest train balanced accuracy: 0.843329
  Checkpoint valid:  predicted 0/1 = 39/85 | actual 0/1 = 28/96
Job 17262 (nps3mlp_dpt01_START_s3)
  Epoch: current 4 | checkpoint 1 | best rolling-5 balanced accuracy 0.500000
  Latest train balanced accuracy: 0.718445
  Checkpoint valid:  predicted 0/1 = 124/0 | actual 0/1 = 25/99
Job 17263 (nps3mlp_dpt01_START_s4)
  Epoch: current 2 | checkpoint 1 | best rolling-5 balanced accuracy 0.500000
  Latest train balanced accuracy: 0.484867
  Checkpoint valid:  predicted 0/1 = 126/0 | actual 0/1 = 30/96
Job 17264 (nps3mlp_dpt01_lipocalin_s0)
  Epoch: current 1 | checkpoint 0 | best rolling-5 balanced accuracy n/a
  Latest train balanced accuracy: n/a
  Checkpoint valid:  predicted 0/1 = n/a/n/a | actual 0/1 = n/a/n/a
Completed OAR job IDs:
17148
17151
Synchronizing results from completed jobs.
Updating metrics table and feature contributions.
Added 0 new metric rows to /home/kalinina/DL_project/metrics_summary.csv
Next waiting job start: OAR has not scheduled one yet.
OAR jobs: running=17 waiting=34 other=0 total=51 pending_queue=0. Checking again in 300 seconds.
Bigfoot queue: submitted=0 waiting_before=34 max_waiting=50 pending=0.
Current OAR jobs for kalinina:
    17152    nps3mlp_gi…   3:05:57    Running   kalinina   R=10,J=P,Q…   default  
    17153    nps3mlp_gi…   2:15:31    Running   kalinina   R=32,J=P,Q…   default  
    17154    nps3mlp_gi…   2:08:06    Running   kalinina   R=32,J=P,Q…   default  
    17155    nps3mlp_gi…   2:06:07    Running   kalinina   R=10,J=P,Q…   default  
    17156    nps3mlp_gi…   2:05:48    Running   kalinina   R=10,J=P,Q…   default  
    17157    nps3mlp_gi…   1:40:30    Running   kalinina   R=10,J=P,Q…   default  
    17254    nps3mlp_dp…   1:18:30    Running   kalinina   R=10,J=P,Q…   default  
    17255    nps3mlp_dp…   1:13:26    Running   kalinina   R=8,J=P,Q=…   default  
    17256    nps3mlp_dp…   1:11:00    Running   kalinina   R=10,J=P,Q…   default  
    17257    nps3mlp_dp…   1:05:18    Running   kalinina   R=32,J=P,Q…   default  
    17258    nps3mlp_dp…   1:03:57    Running   kalinina   R=32,J=P,Q…   default  
    17259    nps3mlp_dp…   0:58:14    Running   kalinina   R=32,J=P,Q…   default  
    17260    nps3mlp_dp…   0:19:18    Running   kalinina   R=32,J=P,Q…   default  
    17261    nps3mlp_dp…   0:16:36    Running   kalinina   R=32,J=P,Q…   default  
    17262    nps3mlp_dp…   0:09:48    Running   kalinina   R=32,J=P,Q…   default  
    17263    nps3mlp_dp…   0:08:04    Running   kalinina   R=8,J=P,Q=…   default  
    17264    nps3mlp_dp…   0:06:13    Running   kalinina   R=8,J=P,Q=…   default  
    17265    nps3mlp_dp…   -          Waiting   kalinina   R=10,W=180…   default  
    17266    nps3mlp_dp…   -          Waiting   kalinina   R=10,W=180…   default  
    17267    nps3mlp_dp…   -          Waiting   kalinina   R=32,W=180…   default  
    17268    nps3mlp_dp…   -          Waiting   kalinina   R=32,W=180…   default  
    17269    nps3mlp_dp…   -          Waiting   kalinina   R=10,W=180…   default  
    17270    nps3mlp_dp…   -          Waiting   kalinina   R=10,W=180…   default  
    17271    nps3mlp_dp…   -          Waiting   kalinina   R=10,W=180…   default  
    17272    nps3mlp_dp…   -          Waiting   kalinina   R=10,W=180…   default  
    17273    nps3mlp_dp…   -          Waiting   kalinina   R=8,W=1809…   default  
    17274    nps3mlp_dp…   -          Waiting   kalinina   R=10,W=180…   default  
    17275    nps3mlp_dp…   -          Waiting   kalinina   R=32,W=180…   default  
    17276    nps3mlp_dp…   -          Waiting   kalinina   R=32,W=180…   default  
    17277    nps3mlp_dp…   -          Waiting   kalinina   R=32,W=180…   default  
    17278    nps3mlp_dp…   -          Waiting   kalinina   R=32,W=180…   default  
    17279    nps3mlp_dp…   -          Waiting   kalinina   R=32,W=180…   default  
    17280    nps3mlp_dp…   -          Waiting   kalinina   R=32,W=180…   default  
    17281    nps3mlp_dp…   -          Waiting   kalinina   R=8,W=1809…   default  
    17282    nps3mlp_dp…   -          Waiting   kalinina   R=8,W=1809…   default  
    17306    nps3mlp_dp…   -          Waiting   kalinina   R=10,W=180…   default  
    17307    nps3mlp_dp…   -          Waiting   kalinina   R=32,W=180…   default  
    17308    nps3mlp_dp…   -          Waiting   kalinina   R=32,W=180…   default  
    17309    nps3mlp_dp…   -          Waiting   kalinina   R=8,W=1809…   default  
    17310    nps3mlp_dp…   -          Waiting   kalinina   R=32,W=180…   default  
    17311    nps3mlp_dp…   -          Waiting   kalinina   R=32,W=180…   default  
    17312    nps3mlp_dp…   -          Waiting   kalinina   R=32,W=180…   default  
    17313    nps3mlp_dp…   -          Waiting   kalinina   R=32,W=180…   default  
    17314    nps3mlp_dp…   -          Waiting   kalinina   R=32,W=180…   default  
    17315    nps3mlp_dp…   -          Waiting   kalinina   R=32,W=180…   default  
    17316    nps3mlp_dp…   -          Waiting   kalinina   R=10,W=180…   default  
    17317    nps3mlp_dp…   -          Waiting   kalinina   R=32,W=180…   default  
    17318    nps3mlp_dp…   -          Waiting   kalinina   R=32,W=180…   default  
    17319    nps3mlp_dp…   -          Waiting   kalinina   R=32,W=180…   default  
    17320    nps3mlp_dp…   -          Waiting   kalinina   R=32,W=180…   default  
    17321    nps3mlp_dp…   -          Waiting   kalinina   R=32,W=180…   default  
Synchronizing script logs.
Job 17152 (nps3mlp_gine_residual_ML_s4)
  Epoch: current 125 | checkpoint 93 | best rolling-5 balanced accuracy 0.613333
  Latest train balanced accuracy: 0.992394
  Checkpoint valid:  predicted 0/1 = 7/7 | actual 0/1 = 9/5
Job 17153 (nps3mlp_gine_residual_OSBP_s0)
  Epoch: current 113 | checkpoint 13 | best rolling-5 balanced accuracy 0.655000
  Latest train balanced accuracy: 0.994702
  Checkpoint valid:  predicted 0/1 = 19/3 | actual 0/1 = 20/2
Job 17154 (nps3mlp_gine_residual_OSBP_s1)
  Epoch: current 101 | checkpoint 58 | best rolling-5 balanced accuracy 0.759524
  Latest train balanced accuracy: 0.993683
  Checkpoint valid:  predicted 0/1 = 12/5 | actual 0/1 = 14/3
Job 17155 (nps3mlp_gine_residual_OSBP_s2)
  Epoch: current 87 | checkpoint 55 | best rolling-5 balanced accuracy 0.905263
  Latest train balanced accuracy: 0.992933
  Checkpoint valid:  predicted 0/1 = 11/11 | actual 0/1 = 20/2
Job 17156 (nps3mlp_gine_residual_OSBP_s3)
  Epoch: current 84 | checkpoint 1 | best rolling-5 balanced accuracy 0.750000
  Latest train balanced accuracy: 0.990578
  Checkpoint valid:  predicted 0/1 = 16/2 | actual 0/1 = 14/4
Job 17157 (nps3mlp_gine_residual_OSBP_s4)
  Epoch: current 87 | checkpoint 6 | best rolling-5 balanced accuracy 0.714286
  Latest train balanced accuracy: 0.992933
  Checkpoint valid:  predicted 0/1 = 12/11 | actual 0/1 = 21/2
Job 17254 (nps3mlp_dpt01_CRAL-TRIO_s0)
  Epoch: current 70 | checkpoint 51 | best rolling-5 balanced accuracy 0.686111
  Latest train balanced accuracy: 0.984289
  Checkpoint valid:  predicted 0/1 = 86/86 | actual 0/1 = 72/100
Job 17255 (nps3mlp_dpt01_CRAL-TRIO_s1)
  Epoch: current 57 | checkpoint 18 | best rolling-5 balanced accuracy 0.667429
  Latest train balanced accuracy: 0.989781
  Checkpoint valid:  predicted 0/1 = 74/106 | actual 0/1 = 75/105
Job 17256 (nps3mlp_dpt01_CRAL-TRIO_s2)
  Epoch: current 63 | checkpoint 42 | best rolling-5 balanced accuracy 0.772302
  Latest train balanced accuracy: 0.957801
  Checkpoint valid:  predicted 0/1 = 71/101 | actual 0/1 = 63/109
Job 17257 (nps3mlp_dpt01_CRAL-TRIO_s3)
  Epoch: current 61 | checkpoint 18 | best rolling-5 balanced accuracy 0.633884
  Latest train balanced accuracy: 0.986799
  Checkpoint valid:  predicted 0/1 = 47/128 | actual 0/1 = 71/104
Job 17258 (nps3mlp_dpt01_CRAL-TRIO_s4)
  Epoch: current 58 | checkpoint 7 | best rolling-5 balanced accuracy 0.649379
  Latest train balanced accuracy: 0.976757
  Checkpoint valid:  predicted 0/1 = 48/124 | actual 0/1 = 71/101
Job 17259 (nps3mlp_dpt01_START_s0)
  Epoch: current 54 | checkpoint 2 | best rolling-5 balanced accuracy 0.494486
  Latest train balanced accuracy: 0.981759
  Checkpoint valid:  predicted 0/1 = 18/100 | actual 0/1 = 16/102
Job 17260 (nps3mlp_dpt01_START_s1)
  Epoch: current 17 | checkpoint 16 | best rolling-5 balanced accuracy 0.623847
  Latest train balanced accuracy: 0.873512
  Checkpoint valid:  predicted 0/1 = 73/49 | actual 0/1 = 23/99
Job 17261 (nps3mlp_dpt01_START_s2)
  Epoch: current 16 | checkpoint 13 | best rolling-5 balanced accuracy 0.645238
  Latest train balanced accuracy: 0.867494
  Checkpoint valid:  predicted 0/1 = 30/94 | actual 0/1 = 28/96
Job 17262 (nps3mlp_dpt01_START_s3)
  Epoch: current 9 | checkpoint 6 | best rolling-5 balanced accuracy 0.508566
  Latest train balanced accuracy: 0.812011
  Checkpoint valid:  predicted 0/1 = 92/32 | actual 0/1 = 25/99
Job 17263 (nps3mlp_dpt01_START_s4)
  Epoch: current 6 | checkpoint 1 | best rolling-5 balanced accuracy 0.500000
  Latest train balanced accuracy: 0.772747
  Checkpoint valid:  predicted 0/1 = 126/0 | actual 0/1 = 30/96
Job 17264 (nps3mlp_dpt01_lipocalin_s0)
  Epoch: current 5 | checkpoint 4 | best rolling-5 balanced accuracy 0.530676
  Latest train balanced accuracy: 0.747312
  Checkpoint valid:  predicted 0/1 = 69/67 | actual 0/1 = 90/46
Next waiting job start: OAR has not scheduled one yet.
OAR jobs: running=17 waiting=34 other=0 total=51 pending_queue=0. Checking again in 300 seconds.
Bigfoot queue: submitted=0 waiting_before=34 max_waiting=50 pending=0.
Current OAR jobs for kalinina:
    17152    nps3mlp_gi…   3:11:12    Running   kalinina   R=10,J=P,Q…   default  
    17153    nps3mlp_gi…   2:20:46    Running   kalinina   R=32,J=P,Q…   default  
    17154    nps3mlp_gi…   2:13:21    Running   kalinina   R=32,J=P,Q…   default  
    17155    nps3mlp_gi…   2:11:22    Running   kalinina   R=10,J=P,Q…   default  
    17156    nps3mlp_gi…   2:11:03    Running   kalinina   R=10,J=P,Q…   default  
    17157    nps3mlp_gi…   1:45:45    Running   kalinina   R=10,J=P,Q…   default  
    17254    nps3mlp_dp…   1:23:45    Running   kalinina   R=10,J=P,Q…   default  
    17255    nps3mlp_dp…   1:18:41    Running   kalinina   R=8,J=P,Q=…   default  
    17256    nps3mlp_dp…   1:16:15    Running   kalinina   R=10,J=P,Q…   default  
    17257    nps3mlp_dp…   1:10:33    Running   kalinina   R=32,J=P,Q…   default  
    17258    nps3mlp_dp…   1:09:12    Running   kalinina   R=32,J=P,Q…   default  
    17259    nps3mlp_dp…   1:03:29    Running   kalinina   R=32,J=P,Q…   default  
    17260    nps3mlp_dp…   0:24:33    Running   kalinina   R=32,J=P,Q…   default  
    17261    nps3mlp_dp…   0:21:51    Running   kalinina   R=32,J=P,Q…   default  
    17262    nps3mlp_dp…   0:15:03    Running   kalinina   R=32,J=P,Q…   default  
    17263    nps3mlp_dp…   0:13:19    Running   kalinina   R=8,J=P,Q=…   default  
    17264    nps3mlp_dp…   0:11:28    Running   kalinina   R=8,J=P,Q=…   default  
    17265    nps3mlp_dp…   -          Waiting   kalinina   R=10,W=180…   default  
    17266    nps3mlp_dp…   -          Waiting   kalinina   R=10,W=180…   default  
    17267    nps3mlp_dp…   -          Waiting   kalinina   R=32,W=180…   default  
    17268    nps3mlp_dp…   -          Waiting   kalinina   R=32,W=180…   default  
    17269    nps3mlp_dp…   -          Waiting   kalinina   R=10,W=180…   default  
    17270    nps3mlp_dp…   -          Waiting   kalinina   R=10,W=180…   default  
    17271    nps3mlp_dp…   -          Waiting   kalinina   R=10,W=180…   default  
    17272    nps3mlp_dp…   -          Waiting   kalinina   R=10,W=180…   default  
    17273    nps3mlp_dp…   -          Waiting   kalinina   R=8,W=1809…   default  
    17274    nps3mlp_dp…   -          Waiting   kalinina   R=10,W=180…   default  
    17275    nps3mlp_dp…   -          Waiting   kalinina   R=32,W=180…   default  
    17276    nps3mlp_dp…   -          Waiting   kalinina   R=32,W=180…   default  
    17277    nps3mlp_dp…   -          Waiting   kalinina   R=32,W=180…   default  
    17278    nps3mlp_dp…   -          Waiting   kalinina   R=32,W=180…   default  
    17279    nps3mlp_dp…   -          Waiting   kalinina   R=32,W=180…   default  
    17280    nps3mlp_dp…   -          Waiting   kalinina   R=32,W=180…   default  
    17281    nps3mlp_dp…   -          Waiting   kalinina   R=8,W=1809…   default  
    17282    nps3mlp_dp…   -          Waiting   kalinina   R=8,W=1809…   default  
    17306    nps3mlp_dp…   -          Waiting   kalinina   R=10,W=180…   default  
    17307    nps3mlp_dp…   -          Waiting   kalinina   R=32,W=180…   default  
    17308    nps3mlp_dp…   -          Waiting   kalinina   R=32,W=180…   default  
    17309    nps3mlp_dp…   -          Waiting   kalinina   R=8,W=1809…   default  
    17310    nps3mlp_dp…   -          Waiting   kalinina   R=32,W=180…   default  
    17311    nps3mlp_dp…   -          Waiting   kalinina   R=32,W=180…   default  
    17312    nps3mlp_dp…   -          Waiting   kalinina   R=32,W=180…   default  
    17313    nps3mlp_dp…   -          Waiting   kalinina   R=32,W=180…   default  
    17314    nps3mlp_dp…   -          Waiting   kalinina   R=32,W=180…   default  
    17315    nps3mlp_dp…   -          Waiting   kalinina   R=32,W=180…   default  
    17316    nps3mlp_dp…   -          Waiting   kalinina   R=10,W=180…   default  
    17317    nps3mlp_dp…   -          Waiting   kalinina   R=32,W=180…   default  
    17318    nps3mlp_dp…   -          Waiting   kalinina   R=32,W=180…   default  
    17319    nps3mlp_dp…   -          Waiting   kalinina   R=32,W=180…   default  
    17320    nps3mlp_dp…   -          Waiting   kalinina   R=32,W=180…   default  
    17321    nps3mlp_dp…   -          Waiting   kalinina   R=32,W=180…   default  
Synchronizing script logs.
Job 17152 (nps3mlp_gine_residual_ML_s4)
  Epoch: current 128 | checkpoint 93 | best rolling-5 balanced accuracy 0.613333
  Latest train balanced accuracy: 0.991724
  Checkpoint valid:  predicted 0/1 = 7/7 | actual 0/1 = 9/5
Job 17153 (nps3mlp_gine_residual_OSBP_s0)
  Epoch: current 118 | checkpoint 13 | best rolling-5 balanced accuracy 0.655000
  Latest train balanced accuracy: 0.993212
  Checkpoint valid:  predicted 0/1 = 19/3 | actual 0/1 = 20/2
Job 17154 (nps3mlp_gine_residual_OSBP_s1)
  Epoch: current 104 | checkpoint 58 | best rolling-5 balanced accuracy 0.759524
  Latest train balanced accuracy: 0.995931
  Checkpoint valid:  predicted 0/1 = 12/5 | actual 0/1 = 14/3
Job 17155 (nps3mlp_gine_residual_OSBP_s2)
  Epoch: current 91 | checkpoint 55 | best rolling-5 balanced accuracy 0.905263
  Latest train balanced accuracy: 0.996400
  Checkpoint valid:  predicted 0/1 = 15/7 | actual 0/1 = 19/3
Job 17156 (nps3mlp_gine_residual_OSBP_s3)
  Epoch: current 88 | checkpoint 1 | best rolling-5 balanced accuracy 0.750000
  Latest train balanced accuracy: 0.996414
  Checkpoint valid:  predicted 0/1 = 16/2 | actual 0/1 = 14/4
Job 17157 (nps3mlp_gine_residual_OSBP_s4)
  Epoch: current 91 | checkpoint 6 | best rolling-5 balanced accuracy 0.714286
  Latest train balanced accuracy: n/a
  Checkpoint valid:  predicted 0/1 = n/a/n/a | actual 0/1 = n/a/n/a
Job 17254 (nps3mlp_dpt01_CRAL-TRIO_s0)
  Epoch: current 74 | checkpoint 51 | best rolling-5 balanced accuracy 0.686111
  Latest train balanced accuracy: 0.983802
  Checkpoint valid:  predicted 0/1 = 86/86 | actual 0/1 = 72/100
Job 17255 (nps3mlp_dpt01_CRAL-TRIO_s1)
  Epoch: current 61 | checkpoint 18 | best rolling-5 balanced accuracy 0.667429
  Latest train balanced accuracy: 0.987969
  Checkpoint valid:  predicted 0/1 = 74/106 | actual 0/1 = 75/105
Job 17256 (nps3mlp_dpt01_CRAL-TRIO_s2)
  Epoch: current 67 | checkpoint 42 | best rolling-5 balanced accuracy 0.772302
  Latest train balanced accuracy: 0.974945
  Checkpoint valid:  predicted 0/1 = 71/101 | actual 0/1 = 63/109
Job 17257 (nps3mlp_dpt01_CRAL-TRIO_s3)
  Epoch: current 66 | checkpoint 18 | best rolling-5 balanced accuracy 0.633884
  Latest train balanced accuracy: 0.971135
  Checkpoint valid:  predicted 0/1 = 47/128 | actual 0/1 = 71/104
Job 17258 (nps3mlp_dpt01_CRAL-TRIO_s4)
  Epoch: current 63 | checkpoint 7 | best rolling-5 balanced accuracy 0.649379
  Latest train balanced accuracy: 0.972228
  Checkpoint valid:  predicted 0/1 = 48/124 | actual 0/1 = 71/101
Job 17259 (nps3mlp_dpt01_START_s0)
  Epoch: current 58 | checkpoint 2 | best rolling-5 balanced accuracy 0.494486
  Latest train balanced accuracy: 0.979005
  Checkpoint valid:  predicted 0/1 = 18/100 | actual 0/1 = 16/102
Job 17260 (nps3mlp_dpt01_START_s1)
  Epoch: current 22 | checkpoint 21 | best rolling-5 balanced accuracy 0.640316
  Latest train balanced accuracy: 0.879726
  Checkpoint valid:  predicted 0/1 = 70/52 | actual 0/1 = 23/99
Job 17261 (nps3mlp_dpt01_START_s2)
  Epoch: current 21 | checkpoint 13 | best rolling-5 balanced accuracy 0.645238
  Latest train balanced accuracy: 0.908497
  Checkpoint valid:  predicted 0/1 = 30/94 | actual 0/1 = 28/96
Job 17262 (nps3mlp_dpt01_START_s3)
  Epoch: current 15 | checkpoint 14 | best rolling-5 balanced accuracy 0.571233
  Latest train balanced accuracy: 0.869688
  Checkpoint valid:  predicted 0/1 = 98/26 | actual 0/1 = 25/99
Job 17263 (nps3mlp_dpt01_START_s4)
  Epoch: current 10 | checkpoint 1 | best rolling-5 balanced accuracy 0.500000
  Latest train balanced accuracy: 0.807389
  Checkpoint valid:  predicted 0/1 = 126/0 | actual 0/1 = 30/96
Job 17264 (nps3mlp_dpt01_lipocalin_s0)
  Epoch: current 8 | checkpoint 4 | best rolling-5 balanced accuracy 0.530676
  Latest train balanced accuracy: 0.789022
  Checkpoint valid:  predicted 0/1 = 69/67 | actual 0/1 = 90/46
Next waiting job start: OAR has not scheduled one yet.
OAR jobs: running=17 waiting=34 other=0 total=51 pending_queue=0. Checking again in 300 seconds.
Bigfoot queue: submitted=0 waiting_before=34 max_waiting=50 pending=0.
Current OAR jobs for kalinina:
    17152    nps3mlp_gi…   3:16:26    Running   kalinina   R=10,J=P,Q…   default  
    17153    nps3mlp_gi…   2:26:00    Running   kalinina   R=32,J=P,Q…   default  
    17154    nps3mlp_gi…   2:18:35    Running   kalinina   R=32,J=P,Q…   default  
    17155    nps3mlp_gi…   2:16:36    Running   kalinina   R=10,J=P,Q…   default  
    17156    nps3mlp_gi…   2:16:17    Running   kalinina   R=10,J=P,Q…   default  
    17157    nps3mlp_gi…   1:50:59    Running   kalinina   R=10,J=P,Q…   default  
    17254    nps3mlp_dp…   1:28:59    Running   kalinina   R=10,J=P,Q…   default  
    17255    nps3mlp_dp…   1:23:55    Running   kalinina   R=8,J=P,Q=…   default  
    17256    nps3mlp_dp…   1:21:29    Running   kalinina   R=10,J=P,Q…   default  
    17257    nps3mlp_dp…   1:15:47    Running   kalinina   R=32,J=P,Q…   default  
    17258    nps3mlp_dp…   1:14:26    Running   kalinina   R=32,J=P,Q…   default  
    17259    nps3mlp_dp…   1:08:43    Running   kalinina   R=32,J=P,Q…   default  
    17260    nps3mlp_dp…   0:29:47    Running   kalinina   R=32,J=P,Q…   default  
    17261    nps3mlp_dp…   0:27:05    Running   kalinina   R=32,J=P,Q…   default  
    17262    nps3mlp_dp…   0:20:17    Running   kalinina   R=32,J=P,Q…   default  
    17263    nps3mlp_dp…   0:18:33    Running   kalinina   R=8,J=P,Q=…   default  
    17264    nps3mlp_dp…   0:16:42    Running   kalinina   R=8,J=P,Q=…   default  
    17265    nps3mlp_dp…   -          Waiting   kalinina   R=10,W=180…   default  
    17266    nps3mlp_dp…   -          Waiting   kalinina   R=10,W=180…   default  
    17267    nps3mlp_dp…   -          Waiting   kalinina   R=32,W=180…   default  
    17268    nps3mlp_dp…   -          Waiting   kalinina   R=32,W=180…   default  
    17269    nps3mlp_dp…   -          Waiting   kalinina   R=10,W=180…   default  
    17270    nps3mlp_dp…   -          Waiting   kalinina   R=10,W=180…   default  
    17271    nps3mlp_dp…   -          Waiting   kalinina   R=10,W=180…   default  
    17272    nps3mlp_dp…   -          Waiting   kalinina   R=10,W=180…   default  
    17273    nps3mlp_dp…   -          Waiting   kalinina   R=8,W=1809…   default  
    17274    nps3mlp_dp…   -          Waiting   kalinina   R=10,W=180…   default  
    17275    nps3mlp_dp…   -          Waiting   kalinina   R=32,W=180…   default  
    17276    nps3mlp_dp…   -          Waiting   kalinina   R=32,W=180…   default  
    17277    nps3mlp_dp…   -          Waiting   kalinina   R=32,W=180…   default  
    17278    nps3mlp_dp…   -          Waiting   kalinina   R=32,W=180…   default  
    17279    nps3mlp_dp…   -          Waiting   kalinina   R=32,W=180…   default  
    17280    nps3mlp_dp…   -          Waiting   kalinina   R=32,W=180…   default  
    17281    nps3mlp_dp…   -          Waiting   kalinina   R=8,W=1809…   default  
    17282    nps3mlp_dp…   -          Waiting   kalinina   R=8,W=1809…   default  
    17306    nps3mlp_dp…   -          Waiting   kalinina   R=10,W=180…   default  
    17307    nps3mlp_dp…   -          Waiting   kalinina   R=32,W=180…   default  
    17308    nps3mlp_dp…   -          Waiting   kalinina   R=32,W=180…   default  
    17309    nps3mlp_dp…   -          Waiting   kalinina   R=8,W=1809…   default  
    17310    nps3mlp_dp…   -          Waiting   kalinina   R=32,W=180…   default  
    17311    nps3mlp_dp…   -          Waiting   kalinina   R=32,W=180…   default  
    17312    nps3mlp_dp…   -          Waiting   kalinina   R=32,W=180…   default  
    17313    nps3mlp_dp…   -          Waiting   kalinina   R=32,W=180…   default  
    17314    nps3mlp_dp…   -          Waiting   kalinina   R=32,W=180…   default  
    17315    nps3mlp_dp…   -          Waiting   kalinina   R=32,W=180…   default  
    17316    nps3mlp_dp…   -          Waiting   kalinina   R=10,W=180…   default  
    17317    nps3mlp_dp…   -          Waiting   kalinina   R=32,W=180…   default  
    17318    nps3mlp_dp…   -          Waiting   kalinina   R=32,W=180…   default  
    17319    nps3mlp_dp…   -          Waiting   kalinina   R=32,W=180…   default  
    17320    nps3mlp_dp…   -          Waiting   kalinina   R=32,W=180…   default  
    17321    nps3mlp_dp…   -          Waiting   kalinina   R=32,W=180…   default  
Synchronizing script logs.
Job 17152 (nps3mlp_gine_residual_ML_s4)
  Epoch: current 132 | checkpoint 93 | best rolling-5 balanced accuracy 0.613333
  Latest train balanced accuracy: 0.991498
  Checkpoint valid:  predicted 0/1 = 7/7 | actual 0/1 = 9/5
Job 17153 (nps3mlp_gine_residual_OSBP_s0)
  Epoch: current 122 | checkpoint 13 | best rolling-5 balanced accuracy 0.655000
  Latest train balanced accuracy: 0.993212
  Checkpoint valid:  predicted 0/1 = 19/3 | actual 0/1 = 20/2
Job 17154 (nps3mlp_gine_residual_OSBP_s1)
  Epoch: current 108 | checkpoint 58 | best rolling-5 balanced accuracy 0.759524
  Latest train balanced accuracy: 0.993683
  Checkpoint valid:  predicted 0/1 = 12/5 | actual 0/1 = 14/3
Job 17155 (nps3mlp_gine_residual_OSBP_s2)
  Epoch: current 94 | checkpoint 55 | best rolling-5 balanced accuracy 0.905263
  Latest train balanced accuracy: 0.996143
  Checkpoint valid:  predicted 0/1 = 15/7 | actual 0/1 = 19/3
Job 17156 (nps3mlp_gine_residual_OSBP_s3)
  Epoch: current 91 | checkpoint 1 | best rolling-5 balanced accuracy 0.750000
  Latest train balanced accuracy: 0.997751
  Checkpoint valid:  predicted 0/1 = 16/2 | actual 0/1 = 14/4
Job 17157 (nps3mlp_gine_residual_OSBP_s4)
  Epoch: current 96 | checkpoint 6 | best rolling-5 balanced accuracy 0.714286
  Latest train balanced accuracy: 0.984530
  Checkpoint valid:  predicted 0/1 = 12/11 | actual 0/1 = 21/2
Job 17254 (nps3mlp_dpt01_CRAL-TRIO_s0)
  Epoch: current 79 | checkpoint 51 | best rolling-5 balanced accuracy 0.686111
  Latest train balanced accuracy: 0.980110
  Checkpoint valid:  predicted 0/1 = 86/86 | actual 0/1 = 72/100
Job 17255 (nps3mlp_dpt01_CRAL-TRIO_s1)
  Epoch: current 65 | checkpoint 18 | best rolling-5 balanced accuracy 0.667429
  Latest train balanced accuracy: 0.993984
  Checkpoint valid:  predicted 0/1 = 74/106 | actual 0/1 = 75/105
Job 17256 (nps3mlp_dpt01_CRAL-TRIO_s2)
  Epoch: current 72 | checkpoint 42 | best rolling-5 balanced accuracy 0.772302
  Latest train balanced accuracy: 0.982674
  Checkpoint valid:  predicted 0/1 = 71/101 | actual 0/1 = 63/109
Job 17257 (nps3mlp_dpt01_CRAL-TRIO_s3)
  Epoch: current 70 | checkpoint 67 | best rolling-5 balanced accuracy 0.640588
  Latest train balanced accuracy: 0.982397
  Checkpoint valid:  predicted 0/1 = 99/76 | actual 0/1 = 71/104
Job 17258 (nps3mlp_dpt01_CRAL-TRIO_s4)
  Epoch: current 67 | checkpoint 7 | best rolling-5 balanced accuracy 0.649379
  Latest train balanced accuracy: 0.984485
  Checkpoint valid:  predicted 0/1 = 48/124 | actual 0/1 = 71/101
Job 17259 (nps3mlp_dpt01_START_s0)
  Epoch: current 63 | checkpoint 2 | best rolling-5 balanced accuracy 0.494486
  Latest train balanced accuracy: 0.974281
  Checkpoint valid:  predicted 0/1 = 18/100 | actual 0/1 = 16/102
Job 17260 (nps3mlp_dpt01_START_s1)
  Epoch: current 27 | checkpoint 24 | best rolling-5 balanced accuracy 0.665393
  Latest train balanced accuracy: 0.887529
  Checkpoint valid:  predicted 0/1 = 81/41 | actual 0/1 = 23/99
Job 17261 (nps3mlp_dpt01_START_s2)
  Epoch: current 26 | checkpoint 25 | best rolling-5 balanced accuracy 0.647024
  Latest train balanced accuracy: 0.933371
  Checkpoint valid:  predicted 0/1 = 62/62 | actual 0/1 = 28/96
Job 17262 (nps3mlp_dpt01_START_s3)
  Epoch: current 20 | checkpoint 19 | best rolling-5 balanced accuracy 0.591273
  Latest train balanced accuracy: 0.896905
  Checkpoint valid:  predicted 0/1 = 86/38 | actual 0/1 = 25/99
Job 17263 (nps3mlp_dpt01_START_s4)
  Epoch: current 14 | checkpoint 13 | best rolling-5 balanced accuracy 0.543958
  Latest train balanced accuracy: 0.835635
  Checkpoint valid:  predicted 0/1 = 82/44 | actual 0/1 = 30/96
Job 17264 (nps3mlp_dpt01_lipocalin_s0)
  Epoch: current 12 | checkpoint 4 | best rolling-5 balanced accuracy 0.530676
  Latest train balanced accuracy: 0.818886
  Checkpoint valid:  predicted 0/1 = 69/67 | actual 0/1 = 90/46
Next waiting job start: OAR has not scheduled one yet.
OAR jobs: running=17 waiting=34 other=0 total=51 pending_queue=0. Checking again in 300 seconds.
Bigfoot queue: submitted=0 waiting_before=34 max_waiting=50 pending=0.
Current OAR jobs for kalinina:
    17152    nps3mlp_gi…   3:21:41    Running   kalinina   R=10,J=P,Q…   default  
    17153    nps3mlp_gi…   2:31:15    Running   kalinina   R=32,J=P,Q…   default  
    17154    nps3mlp_gi…   2:23:50    Running   kalinina   R=32,J=P,Q…   default  
    17155    nps3mlp_gi…   2:21:51    Running   kalinina   R=10,J=P,Q…   default  
    17156    nps3mlp_gi…   2:21:32    Running   kalinina   R=10,J=P,Q…   default  
    17157    nps3mlp_gi…   1:56:14    Running   kalinina   R=10,J=P,Q…   default  
    17254    nps3mlp_dp…   1:34:14    Running   kalinina   R=10,J=P,Q…   default  
    17255    nps3mlp_dp…   1:29:10    Running   kalinina   R=8,J=P,Q=…   default  
    17256    nps3mlp_dp…   1:26:44    Running   kalinina   R=10,J=P,Q…   default  
    17257    nps3mlp_dp…   1:21:02    Running   kalinina   R=32,J=P,Q…   default  
    17258    nps3mlp_dp…   1:19:41    Running   kalinina   R=32,J=P,Q…   default  
    17259    nps3mlp_dp…   1:13:58    Running   kalinina   R=32,J=P,Q…   default  
    17260    nps3mlp_dp…   0:35:02    Running   kalinina   R=32,J=P,Q…   default  
    17261    nps3mlp_dp…   0:32:20    Running   kalinina   R=32,J=P,Q…   default  
    17262    nps3mlp_dp…   0:25:32    Running   kalinina   R=32,J=P,Q…   default  
    17263    nps3mlp_dp…   0:23:48    Running   kalinina   R=8,J=P,Q=…   default  
    17264    nps3mlp_dp…   0:21:57    Running   kalinina   R=8,J=P,Q=…   default  
    17265    nps3mlp_dp…   -          Waiting   kalinina   R=10,W=180…   default  
    17266    nps3mlp_dp…   -          Waiting   kalinina   R=10,W=180…   default  
    17267    nps3mlp_dp…   -          Waiting   kalinina   R=32,W=180…   default  
    17268    nps3mlp_dp…   -          Waiting   kalinina   R=32,W=180…   default  
    17269    nps3mlp_dp…   -          Waiting   kalinina   R=10,W=180…   default  
    17270    nps3mlp_dp…   -          Waiting   kalinina   R=10,W=180…   default  
    17271    nps3mlp_dp…   -          Waiting   kalinina   R=10,W=180…   default  
    17272    nps3mlp_dp…   -          Waiting   kalinina   R=10,W=180…   default  
    17273    nps3mlp_dp…   -          Waiting   kalinina   R=8,W=1809…   default  
    17274    nps3mlp_dp…   -          Waiting   kalinina   R=10,W=180…   default  
    17275    nps3mlp_dp…   -          Waiting   kalinina   R=32,W=180…   default  
    17276    nps3mlp_dp…   -          Waiting   kalinina   R=32,W=180…   default  
    17277    nps3mlp_dp…   -          Waiting   kalinina   R=32,W=180…   default  
    17278    nps3mlp_dp…   -          Waiting   kalinina   R=32,W=180…   default  
    17279    nps3mlp_dp…   -          Waiting   kalinina   R=32,W=180…   default  
    17280    nps3mlp_dp…   -          Waiting   kalinina   R=32,W=180…   default  
    17281    nps3mlp_dp…   -          Waiting   kalinina   R=8,W=1809…   default  
    17282    nps3mlp_dp…   -          Waiting   kalinina   R=8,W=1809…   default  
    17306    nps3mlp_dp…   -          Waiting   kalinina   R=10,W=180…   default  
    17307    nps3mlp_dp…   -          Waiting   kalinina   R=32,W=180…   default  
    17308    nps3mlp_dp…   -          Waiting   kalinina   R=32,W=180…   default  
    17309    nps3mlp_dp…   -          Waiting   kalinina   R=8,W=1809…   default  
    17310    nps3mlp_dp…   -          Waiting   kalinina   R=32,W=180…   default  
    17311    nps3mlp_dp…   -          Waiting   kalinina   R=32,W=180…   default  
    17312    nps3mlp_dp…   -          Waiting   kalinina   R=32,W=180…   default  
    17313    nps3mlp_dp…   -          Waiting   kalinina   R=32,W=180…   default  
    17314    nps3mlp_dp…   -          Waiting   kalinina   R=32,W=180…   default  
    17315    nps3mlp_dp…   -          Waiting   kalinina   R=32,W=180…   default  
    17316    nps3mlp_dp…   -          Waiting   kalinina   R=10,W=180…   default  
    17317    nps3mlp_dp…   -          Waiting   kalinina   R=32,W=180…   default  
    17318    nps3mlp_dp…   -          Waiting   kalinina   R=32,W=180…   default  
    17319    nps3mlp_dp…   -          Waiting   kalinina   R=32,W=180…   default  
    17320    nps3mlp_dp…   -          Waiting   kalinina   R=32,W=180…   default  
    17321    nps3mlp_dp…   -          Waiting   kalinina   R=32,W=180…   default  
Synchronizing script logs.
Job 17152 (nps3mlp_gine_residual_ML_s4)
  Epoch: current 135 | checkpoint 93 | best rolling-5 balanced accuracy 0.613333
  Latest train balanced accuracy: 0.989262
  Checkpoint valid:  predicted 0/1 = 7/7 | actual 0/1 = 9/5
Job 17153 (nps3mlp_gine_residual_OSBP_s0)
  Epoch: current 126 | checkpoint 13 | best rolling-5 balanced accuracy 0.655000
  Latest train balanced accuracy: 0.960091
  Checkpoint valid:  predicted 0/1 = 19/3 | actual 0/1 = 20/2
Job 17154 (nps3mlp_gine_residual_OSBP_s1)
  Epoch: current 112 | checkpoint 58 | best rolling-5 balanced accuracy 0.759524
  Latest train balanced accuracy: 0.991678
  Checkpoint valid:  predicted 0/1 = 12/5 | actual 0/1 = 14/3
Job 17155 (nps3mlp_gine_residual_OSBP_s2)
  Epoch: current 98 | checkpoint 55 | best rolling-5 balanced accuracy 0.905263
  Latest train balanced accuracy: 0.944043
  Checkpoint valid:  predicted 0/1 = 15/7 | actual 0/1 = 19/3
Job 17156 (nps3mlp_gine_residual_OSBP_s3)
  Epoch: current 95 | checkpoint 1 | best rolling-5 balanced accuracy 0.750000
  Latest train balanced accuracy: 0.994589
  Checkpoint valid:  predicted 0/1 = 16/2 | actual 0/1 = 14/4
Job 17157 (nps3mlp_gine_residual_OSBP_s4)
  Epoch: current 101 | checkpoint 6 | best rolling-5 balanced accuracy 0.714286
  Latest train balanced accuracy: 0.991596
  Checkpoint valid:  predicted 0/1 = 12/11 | actual 0/1 = 21/2
Job 17254 (nps3mlp_dpt01_CRAL-TRIO_s0)
  Epoch: current 84 | checkpoint 51 | best rolling-5 balanced accuracy 0.686111
  Latest train balanced accuracy: 0.989305
  Checkpoint valid:  predicted 0/1 = 86/86 | actual 0/1 = 72/100
Job 17255 (nps3mlp_dpt01_CRAL-TRIO_s1)
  Epoch: current 69 | checkpoint 18 | best rolling-5 balanced accuracy 0.667429
  Latest train balanced accuracy: 0.991883
  Checkpoint valid:  predicted 0/1 = 74/106 | actual 0/1 = 75/105
Job 17256 (nps3mlp_dpt01_CRAL-TRIO_s2)
  Epoch: current 77 | checkpoint 42 | best rolling-5 balanced accuracy 0.772302
  Latest train balanced accuracy: 0.968305
  Checkpoint valid:  predicted 0/1 = 71/101 | actual 0/1 = 63/109
Job 17257 (nps3mlp_dpt01_CRAL-TRIO_s3)
  Epoch: current 75 | checkpoint 67 | best rolling-5 balanced accuracy 0.640588
  Latest train balanced accuracy: 0.985115
  Checkpoint valid:  predicted 0/1 = 99/76 | actual 0/1 = 71/104
Job 17258 (nps3mlp_dpt01_CRAL-TRIO_s4)
  Epoch: current 72 | checkpoint 7 | best rolling-5 balanced accuracy 0.649379
  Latest train balanced accuracy: 0.984726
  Checkpoint valid:  predicted 0/1 = 48/124 | actual 0/1 = 71/101
Job 17259 (nps3mlp_dpt01_START_s0)
  Epoch: current 68 | checkpoint 2 | best rolling-5 balanced accuracy 0.494486
  Latest train balanced accuracy: 0.989938
  Checkpoint valid:  predicted 0/1 = 18/100 | actual 0/1 = 16/102
Job 17260 (nps3mlp_dpt01_START_s1)
  Epoch: current 32 | checkpoint 31 | best rolling-5 balanced accuracy 0.679139
  Latest train balanced accuracy: 0.931668
  Checkpoint valid:  predicted 0/1 = 50/72 | actual 0/1 = 23/99
Job 17261 (nps3mlp_dpt01_START_s2)
  Epoch: current 31 | checkpoint 25 | best rolling-5 balanced accuracy 0.647024
  Latest train balanced accuracy: 0.929725
  Checkpoint valid:  predicted 0/1 = 62/62 | actual 0/1 = 28/96
Job 17262 (nps3mlp_dpt01_START_s3)
  Epoch: current 25 | checkpoint 23 | best rolling-5 balanced accuracy 0.631717
  Latest train balanced accuracy: 0.917836
  Checkpoint valid:  predicted 0/1 = 84/40 | actual 0/1 = 25/99
Job 17263 (nps3mlp_dpt01_START_s4)
  Epoch: current 18 | checkpoint 17 | best rolling-5 balanced accuracy 0.574375
  Latest train balanced accuracy: 0.883666
  Checkpoint valid:  predicted 0/1 = 82/44 | actual 0/1 = 30/96
Job 17264 (nps3mlp_dpt01_lipocalin_s0)
  Epoch: current 16 | checkpoint 4 | best rolling-5 balanced accuracy 0.530676
  Latest train balanced accuracy: 0.848566
  Checkpoint valid:  predicted 0/1 = 69/67 | actual 0/1 = 90/46
Next waiting job start: OAR has not scheduled one yet.
OAR jobs: running=17 waiting=34 other=0 total=51 pending_queue=0. Checking again in 300 seconds.
Bigfoot queue: submitted=0 waiting_before=34 max_waiting=50 pending=0.
Current OAR jobs for kalinina:
    17152    nps3mlp_gi…   3:26:56    Running   kalinina   R=10,J=P,Q…   default  
    17153    nps3mlp_gi…   2:36:30    Running   kalinina   R=32,J=P,Q…   default  
    17154    nps3mlp_gi…   2:29:05    Running   kalinina   R=32,J=P,Q…   default  
    17155    nps3mlp_gi…   2:27:06    Running   kalinina   R=10,J=P,Q…   default  
    17156    nps3mlp_gi…   2:26:47    Running   kalinina   R=10,J=P,Q…   default  
    17157    nps3mlp_gi…   2:01:29    Running   kalinina   R=10,J=P,Q…   default  
    17254    nps3mlp_dp…   1:39:29    Running   kalinina   R=10,J=P,Q…   default  
    17255    nps3mlp_dp…   1:34:25    Running   kalinina   R=8,J=P,Q=…   default  
    17256    nps3mlp_dp…   1:31:59    Running   kalinina   R=10,J=P,Q…   default  
    17257    nps3mlp_dp…   1:26:17    Running   kalinina   R=32,J=P,Q…   default  
    17258    nps3mlp_dp…   1:24:56    Running   kalinina   R=32,J=P,Q…   default  
    17259    nps3mlp_dp…   1:19:13    Running   kalinina   R=32,J=P,Q…   default  
    17260    nps3mlp_dp…   0:40:17    Running   kalinina   R=32,J=P,Q…   default  
    17261    nps3mlp_dp…   0:37:35    Running   kalinina   R=32,J=P,Q…   default  
    17262    nps3mlp_dp…   0:30:47    Running   kalinina   R=32,J=P,Q…   default  
    17263    nps3mlp_dp…   0:29:03    Running   kalinina   R=8,J=P,Q=…   default  
    17264    nps3mlp_dp…   0:27:12    Running   kalinina   R=8,J=P,Q=…   default  
    17265    nps3mlp_dp…   -          Waiting   kalinina   R=10,W=180…   default  
    17266    nps3mlp_dp…   -          Waiting   kalinina   R=10,W=180…   default  
    17267    nps3mlp_dp…   -          Waiting   kalinina   R=32,W=180…   default  
    17268    nps3mlp_dp…   -          Waiting   kalinina   R=32,W=180…   default  
    17269    nps3mlp_dp…   -          Waiting   kalinina   R=10,W=180…   default  
    17270    nps3mlp_dp…   -          Waiting   kalinina   R=10,W=180…   default  
    17271    nps3mlp_dp…   -          Waiting   kalinina   R=10,W=180…   default  
    17272    nps3mlp_dp…   -          Waiting   kalinina   R=10,W=180…   default  
    17273    nps3mlp_dp…   -          Waiting   kalinina   R=8,W=1809…   default  
    17274    nps3mlp_dp…   -          Waiting   kalinina   R=10,W=180…   default  
    17275    nps3mlp_dp…   -          Waiting   kalinina   R=32,W=180…   default  
    17276    nps3mlp_dp…   -          Waiting   kalinina   R=32,W=180…   default  
    17277    nps3mlp_dp…   -          Waiting   kalinina   R=32,W=180…   default  
    17278    nps3mlp_dp…   -          Waiting   kalinina   R=32,W=180…   default  
    17279    nps3mlp_dp…   -          Waiting   kalinina   R=32,W=180…   default  
    17280    nps3mlp_dp…   -          Waiting   kalinina   R=32,W=180…   default  
    17281    nps3mlp_dp…   -          Waiting   kalinina   R=8,W=1809…   default  
    17282    nps3mlp_dp…   -          Waiting   kalinina   R=8,W=1809…   default  
    17306    nps3mlp_dp…   -          Waiting   kalinina   R=10,W=180…   default  
    17307    nps3mlp_dp…   -          Waiting   kalinina   R=32,W=180…   default  
    17308    nps3mlp_dp…   -          Waiting   kalinina   R=32,W=180…   default  
    17309    nps3mlp_dp…   -          Waiting   kalinina   R=8,W=1809…   default  
    17310    nps3mlp_dp…   -          Waiting   kalinina   R=32,W=180…   default  
    17311    nps3mlp_dp…   -          Waiting   kalinina   R=32,W=180…   default  
    17312    nps3mlp_dp…   -          Waiting   kalinina   R=32,W=180…   default  
    17313    nps3mlp_dp…   -          Waiting   kalinina   R=32,W=180…   default  
    17314    nps3mlp_dp…   -          Waiting   kalinina   R=32,W=180…   default  
    17315    nps3mlp_dp…   -          Waiting   kalinina   R=32,W=180…   default  
    17316    nps3mlp_dp…   -          Waiting   kalinina   R=10,W=180…   default  
    17317    nps3mlp_dp…   -          Waiting   kalinina   R=32,W=180…   default  
    17318    nps3mlp_dp…   -          Waiting   kalinina   R=32,W=180…   default  
    17319    nps3mlp_dp…   -          Waiting   kalinina   R=32,W=180…   default  
    17320    nps3mlp_dp…   -          Waiting   kalinina   R=32,W=180…   default  
    17321    nps3mlp_dp…   -          Waiting   kalinina   R=32,W=180…   default  
Synchronizing script logs.
Job 17152 (nps3mlp_gine_residual_ML_s4)
  Epoch: current 139 | checkpoint 93 | best rolling-5 balanced accuracy 0.613333
  Latest train balanced accuracy: 0.992620
  Checkpoint valid:  predicted 0/1 = 7/7 | actual 0/1 = 9/5
Job 17153 (nps3mlp_gine_residual_OSBP_s0)
  Epoch: current 131 | checkpoint 13 | best rolling-5 balanced accuracy 0.655000
  Latest train balanced accuracy: 0.989765
  Checkpoint valid:  predicted 0/1 = 19/3 | actual 0/1 = 20/2
Job 17154 (nps3mlp_gine_residual_OSBP_s1)
  Epoch: current 117 | checkpoint 58 | best rolling-5 balanced accuracy 0.759524
  Latest train balanced accuracy: 0.990040
  Checkpoint valid:  predicted 0/1 = 12/5 | actual 0/1 = 14/3
Job 17155 (nps3mlp_gine_residual_OSBP_s2)
  Epoch: current 101 | checkpoint 55 | best rolling-5 balanced accuracy 0.905263
  Latest train balanced accuracy: 0.991102
  Checkpoint valid:  predicted 0/1 = 15/7 | actual 0/1 = 19/3
Job 17156 (nps3mlp_gine_residual_OSBP_s3)
  Epoch: current 98 | checkpoint 1 | best rolling-5 balanced accuracy 0.750000
  Latest train balanced accuracy: 0.975375
  Checkpoint valid:  predicted 0/1 = 16/2 | actual 0/1 = 14/4
Job 17157 (nps3mlp_gine_residual_OSBP_s4)
  Epoch: current 105 | checkpoint 6 | best rolling-5 balanced accuracy 0.714286
  Latest train balanced accuracy: 0.991334
  Checkpoint valid:  predicted 0/1 = 12/11 | actual 0/1 = 21/2
Job 17254 (nps3mlp_dpt01_CRAL-TRIO_s0)
  Epoch: current 88 | checkpoint 51 | best rolling-5 balanced accuracy 0.686111
  Latest train balanced accuracy: 0.992685
  Checkpoint valid:  predicted 0/1 = 86/86 | actual 0/1 = 72/100
Job 17255 (nps3mlp_dpt01_CRAL-TRIO_s1)
  Epoch: current 73 | checkpoint 18 | best rolling-5 balanced accuracy 0.667429
  Latest train balanced accuracy: 0.982569
  Checkpoint valid:  predicted 0/1 = 74/106 | actual 0/1 = 75/105
Job 17256 (nps3mlp_dpt01_CRAL-TRIO_s2)
  Epoch: current 81 | checkpoint 42 | best rolling-5 balanced accuracy 0.772302
  Latest train balanced accuracy: 0.977422
  Checkpoint valid:  predicted 0/1 = 71/101 | actual 0/1 = 63/109
Job 17257 (nps3mlp_dpt01_CRAL-TRIO_s3)
  Epoch: current 80 | checkpoint 67 | best rolling-5 balanced accuracy 0.640588
  Latest train balanced accuracy: 0.992234
  Checkpoint valid:  predicted 0/1 = 99/76 | actual 0/1 = 71/104
Job 17258 (nps3mlp_dpt01_CRAL-TRIO_s4)
  Epoch: current 77 | checkpoint 7 | best rolling-5 balanced accuracy 0.649379
  Latest train balanced accuracy: 0.971023
  Checkpoint valid:  predicted 0/1 = 48/124 | actual 0/1 = 71/101
Job 17259 (nps3mlp_dpt01_START_s0)
  Epoch: current 72 | checkpoint 2 | best rolling-5 balanced accuracy 0.494486
  Latest train balanced accuracy: 0.983586
  Checkpoint valid:  predicted 0/1 = 18/100 | actual 0/1 = 16/102
Job 17260 (nps3mlp_dpt01_START_s1)
  Epoch: current 36 | checkpoint 33 | best rolling-5 balanced accuracy 0.712472
  Latest train balanced accuracy: n/a
  Checkpoint valid:  predicted 0/1 = n/a/n/a | actual 0/1 = n/a/n/a
Job 17261 (nps3mlp_dpt01_START_s2)
  Epoch: current 36 | checkpoint 35 | best rolling-5 balanced accuracy 0.662500
  Latest train balanced accuracy: 0.941861
  Checkpoint valid:  predicted 0/1 = 47/77 | actual 0/1 = 28/96
Job 17262 (nps3mlp_dpt01_START_s3)
  Epoch: current 30 | checkpoint 25 | best rolling-5 balanced accuracy 0.635758
  Latest train balanced accuracy: 0.943956
  Checkpoint valid:  predicted 0/1 = 78/46 | actual 0/1 = 25/99
Job 17263 (nps3mlp_dpt01_START_s4)
  Epoch: current 22 | checkpoint 21 | best rolling-5 balanced accuracy 0.587708
  Latest train balanced accuracy: 0.902530
  Checkpoint valid:  predicted 0/1 = 108/18 | actual 0/1 = 30/96
Job 17264 (nps3mlp_dpt01_lipocalin_s0)
  Epoch: current 20 | checkpoint 17 | best rolling-5 balanced accuracy 0.545411
  Latest train balanced accuracy: 0.889089
  Checkpoint valid:  predicted 0/1 = 73/63 | actual 0/1 = 90/46
Next waiting job start: OAR has not scheduled one yet.
OAR jobs: running=17 waiting=34 other=0 total=51 pending_queue=0. Checking again in 300 seconds.
Bigfoot queue: submitted=0 waiting_before=34 max_waiting=50 pending=0.
Current OAR jobs for kalinina:
    17152    nps3mlp_gi…   3:32:10    Running   kalinina   R=10,J=P,Q…   default  
    17153    nps3mlp_gi…   2:41:44    Running   kalinina   R=32,J=P,Q…   default  
    17154    nps3mlp_gi…   2:34:19    Running   kalinina   R=32,J=P,Q…   default  
    17155    nps3mlp_gi…   2:32:20    Running   kalinina   R=10,J=P,Q…   default  
    17156    nps3mlp_gi…   2:32:01    Running   kalinina   R=10,J=P,Q…   default  
    17157    nps3mlp_gi…   2:06:43    Running   kalinina   R=10,J=P,Q…   default  
    17254    nps3mlp_dp…   1:44:43    Running   kalinina   R=10,J=P,Q…   default  
    17255    nps3mlp_dp…   1:39:39    Running   kalinina   R=8,J=P,Q=…   default  
    17256    nps3mlp_dp…   1:37:13    Running   kalinina   R=10,J=P,Q…   default  
    17257    nps3mlp_dp…   1:31:31    Running   kalinina   R=32,J=P,Q…   default  
    17258    nps3mlp_dp…   1:30:10    Running   kalinina   R=32,J=P,Q…   default  
    17259    nps3mlp_dp…   1:24:27    Running   kalinina   R=32,J=P,Q…   default  
    17260    nps3mlp_dp…   0:45:31    Running   kalinina   R=32,J=P,Q…   default  
    17261    nps3mlp_dp…   0:42:49    Running   kalinina   R=32,J=P,Q…   default  
    17262    nps3mlp_dp…   0:36:01    Running   kalinina   R=32,J=P,Q…   default  
    17263    nps3mlp_dp…   0:34:17    Running   kalinina   R=8,J=P,Q=…   default  
    17264    nps3mlp_dp…   0:32:26    Running   kalinina   R=8,J=P,Q=…   default  
    17265    nps3mlp_dp…   -          Waiting   kalinina   R=10,W=180…   default  
    17266    nps3mlp_dp…   -          Waiting   kalinina   R=10,W=180…   default  
    17267    nps3mlp_dp…   -          Waiting   kalinina   R=32,W=180…   default  
    17268    nps3mlp_dp…   -          Waiting   kalinina   R=32,W=180…   default  
    17269    nps3mlp_dp…   -          Waiting   kalinina   R=10,W=180…   default  
    17270    nps3mlp_dp…   -          Waiting   kalinina   R=10,W=180…   default  
    17271    nps3mlp_dp…   -          Waiting   kalinina   R=10,W=180…   default  
    17272    nps3mlp_dp…   -          Waiting   kalinina   R=10,W=180…   default  
    17273    nps3mlp_dp…   -          Waiting   kalinina   R=8,W=1809…   default  
    17274    nps3mlp_dp…   -          Waiting   kalinina   R=10,W=180…   default  
    17275    nps3mlp_dp…   -          Waiting   kalinina   R=32,W=180…   default  
    17276    nps3mlp_dp…   -          Waiting   kalinina   R=32,W=180…   default  
    17277    nps3mlp_dp…   -          Waiting   kalinina   R=32,W=180…   default  
    17278    nps3mlp_dp…   -          Waiting   kalinina   R=32,W=180…   default  
    17279    nps3mlp_dp…   -          Waiting   kalinina   R=32,W=180…   default  
    17280    nps3mlp_dp…   -          Waiting   kalinina   R=32,W=180…   default  
    17281    nps3mlp_dp…   -          Waiting   kalinina   R=8,W=1809…   default  
    17282    nps3mlp_dp…   -          Waiting   kalinina   R=8,W=1809…   default  
    17306    nps3mlp_dp…   -          Waiting   kalinina   R=10,W=180…   default  
    17307    nps3mlp_dp…   -          Waiting   kalinina   R=32,W=180…   default  
    17308    nps3mlp_dp…   -          Waiting   kalinina   R=32,W=180…   default  
    17309    nps3mlp_dp…   -          Waiting   kalinina   R=8,W=1809…   default  
    17310    nps3mlp_dp…   -          Waiting   kalinina   R=32,W=180…   default  
    17311    nps3mlp_dp…   -          Waiting   kalinina   R=32,W=180…   default  
    17312    nps3mlp_dp…   -          Waiting   kalinina   R=32,W=180…   default  
    17313    nps3mlp_dp…   -          Waiting   kalinina   R=32,W=180…   default  
    17314    nps3mlp_dp…   -          Waiting   kalinina   R=32,W=180…   default  
    17315    nps3mlp_dp…   -          Waiting   kalinina   R=32,W=180…   default  
    17316    nps3mlp_dp…   -          Waiting   kalinina   R=10,W=180…   default  
    17317    nps3mlp_dp…   -          Waiting   kalinina   R=32,W=180…   default  
    17318    nps3mlp_dp…   -          Waiting   kalinina   R=32,W=180…   default  
    17319    nps3mlp_dp…   -          Waiting   kalinina   R=32,W=180…   default  
    17320    nps3mlp_dp…   -          Waiting   kalinina   R=32,W=180…   default  
    17321    nps3mlp_dp…   -          Waiting   kalinina   R=32,W=180…   default  
Synchronizing script logs.
Job 17152 (nps3mlp_gine_residual_ML_s4)
  Epoch: current 142 | checkpoint 93 | best rolling-5 balanced accuracy 0.613333
  Latest train balanced accuracy: 0.992620
  Checkpoint valid:  predicted 0/1 = 7/7 | actual 0/1 = 9/5
Job 17153 (nps3mlp_gine_residual_OSBP_s0)
  Epoch: current 135 | checkpoint 13 | best rolling-5 balanced accuracy 0.655000
  Latest train balanced accuracy: 0.993212
  Checkpoint valid:  predicted 0/1 = 19/3 | actual 0/1 = 20/2
Job 17154 (nps3mlp_gine_residual_OSBP_s1)
  Epoch: current 121 | checkpoint 58 | best rolling-5 balanced accuracy 0.759524
  Latest train balanced accuracy: 0.993257
  Checkpoint valid:  predicted 0/1 = 12/5 | actual 0/1 = 14/3
Job 17155 (nps3mlp_gine_residual_OSBP_s2)
  Epoch: current 105 | checkpoint 55 | best rolling-5 balanced accuracy 0.905263
  Latest train balanced accuracy: 0.994548
  Checkpoint valid:  predicted 0/1 = 15/7 | actual 0/1 = 19/3
Job 17156 (nps3mlp_gine_residual_OSBP_s3)
  Epoch: current 102 | checkpoint 1 | best rolling-5 balanced accuracy 0.750000
  Latest train balanced accuracy: 0.995501
  Checkpoint valid:  predicted 0/1 = 16/2 | actual 0/1 = 14/4
Job 17157 (nps3mlp_gine_residual_OSBP_s4)
  Epoch: current 110 | checkpoint 6 | best rolling-5 balanced accuracy 0.714286
  Latest train balanced accuracy: 0.992933
  Checkpoint valid:  predicted 0/1 = 12/11 | actual 0/1 = 21/2
Job 17254 (nps3mlp_dpt01_CRAL-TRIO_s0)
  Epoch: current 93 | checkpoint 51 | best rolling-5 balanced accuracy 0.686111
  Latest train balanced accuracy: 0.975581
  Checkpoint valid:  predicted 0/1 = 86/86 | actual 0/1 = 72/100
Job 17255 (nps3mlp_dpt01_CRAL-TRIO_s1)
  Epoch: current 77 | checkpoint 18 | best rolling-5 balanced accuracy 0.667429
  Latest train balanced accuracy: 0.982278
  Checkpoint valid:  predicted 0/1 = 74/106 | actual 0/1 = 75/105
Job 17256 (nps3mlp_dpt01_CRAL-TRIO_s2)
  Epoch: current 86 | checkpoint 42 | best rolling-5 balanced accuracy 0.772302
  Latest train balanced accuracy: 0.994083
  Checkpoint valid:  predicted 0/1 = 71/101 | actual 0/1 = 63/109
Job 17257 (nps3mlp_dpt01_CRAL-TRIO_s3)
  Epoch: current 85 | checkpoint 67 | best rolling-5 balanced accuracy 0.640588
  Latest train balanced accuracy: 0.943175
  Checkpoint valid:  predicted 0/1 = 99/76 | actual 0/1 = 71/104
Job 17258 (nps3mlp_dpt01_CRAL-TRIO_s4)
  Epoch: current 82 | checkpoint 7 | best rolling-5 balanced accuracy 0.649379
  Latest train balanced accuracy: 0.989072
  Checkpoint valid:  predicted 0/1 = 48/124 | actual 0/1 = 71/101
Job 17259 (nps3mlp_dpt01_START_s0)
  Epoch: current 77 | checkpoint 72 | best rolling-5 balanced accuracy 0.511397
  Latest train balanced accuracy: 0.987183
  Checkpoint valid:  predicted 0/1 = 97/21 | actual 0/1 = 16/102
Job 17260 (nps3mlp_dpt01_START_s1)
  Epoch: current 41 | checkpoint 33 | best rolling-5 balanced accuracy 0.712472
  Latest train balanced accuracy: 0.953898
  Checkpoint valid:  predicted 0/1 = 26/96 | actual 0/1 = 28/94
Job 17261 (nps3mlp_dpt01_START_s2)
  Epoch: current 41 | checkpoint 35 | best rolling-5 balanced accuracy 0.662500
  Latest train balanced accuracy: 0.953898
  Checkpoint valid:  predicted 0/1 = 47/77 | actual 0/1 = 28/96
Job 17262 (nps3mlp_dpt01_START_s3)
  Epoch: current 35 | checkpoint 25 | best rolling-5 balanced accuracy 0.635758
  Latest train balanced accuracy: 0.939765
  Checkpoint valid:  predicted 0/1 = 78/46 | actual 0/1 = 25/99
Job 17263 (nps3mlp_dpt01_START_s4)
  Epoch: current 26 | checkpoint 23 | best rolling-5 balanced accuracy 0.612292
  Latest train balanced accuracy: 0.919127
  Checkpoint valid:  predicted 0/1 = 73/53 | actual 0/1 = 30/96
Job 17264 (nps3mlp_dpt01_lipocalin_s0)
  Epoch: current 24 | checkpoint 17 | best rolling-5 balanced accuracy 0.545411
  Latest train balanced accuracy: 0.895743
  Checkpoint valid:  predicted 0/1 = 73/63 | actual 0/1 = 90/46
Next waiting job start: OAR has not scheduled one yet.
OAR jobs: running=17 waiting=34 other=0 total=51 pending_queue=0. Checking again in 300 seconds.
Bigfoot queue: submitted=0 waiting_before=34 max_waiting=50 pending=0.
Current OAR jobs for kalinina:
    17152    nps3mlp_gi…   3:37:25    Running   kalinina   R=10,J=P,Q…   default  
    17153    nps3mlp_gi…   2:46:59    Running   kalinina   R=32,J=P,Q…   default  
    17154    nps3mlp_gi…   2:39:34    Running   kalinina   R=32,J=P,Q…   default  
    17155    nps3mlp_gi…   2:37:35    Running   kalinina   R=10,J=P,Q…   default  
    17156    nps3mlp_gi…   2:37:16    Running   kalinina   R=10,J=P,Q…   default  
    17157    nps3mlp_gi…   2:11:58    Running   kalinina   R=10,J=P,Q…   default  
    17254    nps3mlp_dp…   1:49:58    Running   kalinina   R=10,J=P,Q…   default  
    17255    nps3mlp_dp…   1:44:54    Running   kalinina   R=8,J=P,Q=…   default  
    17256    nps3mlp_dp…   1:42:28    Running   kalinina   R=10,J=P,Q…   default  
    17257    nps3mlp_dp…   1:36:46    Running   kalinina   R=32,J=P,Q…   default  
    17258    nps3mlp_dp…   1:35:25    Running   kalinina   R=32,J=P,Q…   default  
    17259    nps3mlp_dp…   1:29:42    Running   kalinina   R=32,J=P,Q…   default  
    17260    nps3mlp_dp…   0:50:46    Running   kalinina   R=32,J=P,Q…   default  
    17261    nps3mlp_dp…   0:48:04    Running   kalinina   R=32,J=P,Q…   default  
    17262    nps3mlp_dp…   0:41:16    Running   kalinina   R=32,J=P,Q…   default  
    17263    nps3mlp_dp…   0:39:32    Running   kalinina   R=8,J=P,Q=…   default  
    17264    nps3mlp_dp…   0:37:41    Running   kalinina   R=8,J=P,Q=…   default  
    17265    nps3mlp_dp…   -          Waiting   kalinina   R=10,W=180…   default  
    17266    nps3mlp_dp…   -          Waiting   kalinina   R=10,W=180…   default  
    17267    nps3mlp_dp…   -          Waiting   kalinina   R=32,W=180…   default  
    17268    nps3mlp_dp…   -          Waiting   kalinina   R=32,W=180…   default  
    17269    nps3mlp_dp…   -          Waiting   kalinina   R=10,W=180…   default  
    17270    nps3mlp_dp…   -          Waiting   kalinina   R=10,W=180…   default  
    17271    nps3mlp_dp…   -          Waiting   kalinina   R=10,W=180…   default  
    17272    nps3mlp_dp…   -          Waiting   kalinina   R=10,W=180…   default  
    17273    nps3mlp_dp…   -          Waiting   kalinina   R=8,W=1809…   default  
    17274    nps3mlp_dp…   -          Waiting   kalinina   R=10,W=180…   default  
    17275    nps3mlp_dp…   -          Waiting   kalinina   R=32,W=180…   default  
    17276    nps3mlp_dp…   -          Waiting   kalinina   R=32,W=180…   default  
    17277    nps3mlp_dp…   -          Waiting   kalinina   R=32,W=180…   default  
    17278    nps3mlp_dp…   -          Waiting   kalinina   R=32,W=180…   default  
    17279    nps3mlp_dp…   -          Waiting   kalinina   R=32,W=180…   default  
    17280    nps3mlp_dp…   -          Waiting   kalinina   R=32,W=180…   default  
    17281    nps3mlp_dp…   -          Waiting   kalinina   R=8,W=1809…   default  
    17282    nps3mlp_dp…   -          Waiting   kalinina   R=8,W=1809…   default  
    17306    nps3mlp_dp…   -          Waiting   kalinina   R=10,W=180…   default  
    17307    nps3mlp_dp…   -          Waiting   kalinina   R=32,W=180…   default  
    17308    nps3mlp_dp…   -          Waiting   kalinina   R=32,W=180…   default  
    17309    nps3mlp_dp…   -          Waiting   kalinina   R=8,W=1809…   default  
    17310    nps3mlp_dp…   -          Waiting   kalinina   R=32,W=180…   default  
    17311    nps3mlp_dp…   -          Waiting   kalinina   R=32,W=180…   default  
    17312    nps3mlp_dp…   -          Waiting   kalinina   R=32,W=180…   default  
    17313    nps3mlp_dp…   -          Waiting   kalinina   R=32,W=180…   default  
    17314    nps3mlp_dp…   -          Waiting   kalinina   R=32,W=180…   default  
    17315    nps3mlp_dp…   -          Waiting   kalinina   R=32,W=180…   default  
    17316    nps3mlp_dp…   -          Waiting   kalinina   R=10,W=180…   default  
    17317    nps3mlp_dp…   -          Waiting   kalinina   R=32,W=180…   default  
    17318    nps3mlp_dp…   -          Waiting   kalinina   R=32,W=180…   default  
    17319    nps3mlp_dp…   -          Waiting   kalinina   R=32,W=180…   default  
    17320    nps3mlp_dp…   -          Waiting   kalinina   R=32,W=180…   default  
    17321    nps3mlp_dp…   -          Waiting   kalinina   R=32,W=180…   default  
Synchronizing script logs.
Job 17152 (nps3mlp_gine_residual_ML_s4)
  Epoch: current 146 | checkpoint 93 | best rolling-5 balanced accuracy 0.613333
  Latest train balanced accuracy: 0.991272
  Checkpoint valid:  predicted 0/1 = 7/7 | actual 0/1 = 9/5
Job 17153 (nps3mlp_gine_residual_OSBP_s0)
  Epoch: current 140 | checkpoint 13 | best rolling-5 balanced accuracy 0.655000
  Latest train balanced accuracy: 0.995217
  Checkpoint valid:  predicted 0/1 = 19/3 | actual 0/1 = 20/2
Job 17154 (nps3mlp_gine_residual_OSBP_s1)
  Epoch: current 125 | checkpoint 58 | best rolling-5 balanced accuracy 0.759524
  Latest train balanced accuracy: 0.994594
  Checkpoint valid:  predicted 0/1 = 12/5 | actual 0/1 = 14/3
Job 17155 (nps3mlp_gine_residual_OSBP_s2)
  Epoch: current 109 | checkpoint 55 | best rolling-5 balanced accuracy 0.905263
  Latest train balanced accuracy: 0.994548
  Checkpoint valid:  predicted 0/1 = 15/7 | actual 0/1 = 19/3
Job 17156 (nps3mlp_gine_residual_OSBP_s3)
  Epoch: current 105 | checkpoint 1 | best rolling-5 balanced accuracy 0.750000
  Latest train balanced accuracy: 0.997751
  Checkpoint valid:  predicted 0/1 = 16/2 | actual 0/1 = 14/4
Job 17157 (nps3mlp_gine_residual_OSBP_s4)
  Epoch: current 114 | checkpoint 6 | best rolling-5 balanced accuracy 0.714286
  Latest train balanced accuracy: 0.993864
  Checkpoint valid:  predicted 0/1 = 12/11 | actual 0/1 = 21/2
Job 17254 (nps3mlp_dpt01_CRAL-TRIO_s0)
  Epoch: current 98 | checkpoint 51 | best rolling-5 balanced accuracy 0.686111
  Latest train balanced accuracy: 0.992929
  Checkpoint valid:  predicted 0/1 = 86/86 | actual 0/1 = 72/100
Job 17255 (nps3mlp_dpt01_CRAL-TRIO_s1)
  Epoch: current 81 | checkpoint 18 | best rolling-5 balanced accuracy 0.667429
  Latest train balanced accuracy: 0.996086
  Checkpoint valid:  predicted 0/1 = 74/106 | actual 0/1 = 75/105
Job 17256 (nps3mlp_dpt01_CRAL-TRIO_s2)
  Epoch: current 91 | checkpoint 42 | best rolling-5 balanced accuracy 0.772302
  Latest train balanced accuracy: 0.987684
  Checkpoint valid:  predicted 0/1 = 71/101 | actual 0/1 = 63/109
Job 17257 (nps3mlp_dpt01_CRAL-TRIO_s3)
  Epoch: current 90 | checkpoint 87 | best rolling-5 balanced accuracy 0.661132
  Latest train balanced accuracy: 0.991069
  Checkpoint valid:  predicted 0/1 = 57/118 | actual 0/1 = 71/104
Job 17258 (nps3mlp_dpt01_CRAL-TRIO_s4)
  Epoch: current 86 | checkpoint 7 | best rolling-5 balanced accuracy 0.649379
  Latest train balanced accuracy: 0.991125
  Checkpoint valid:  predicted 0/1 = 48/124 | actual 0/1 = 71/101
Job 17259 (nps3mlp_dpt01_START_s0)
  Epoch: current 82 | checkpoint 72 | best rolling-5 balanced accuracy 0.511397
  Latest train balanced accuracy: 0.986312
  Checkpoint valid:  predicted 0/1 = 97/21 | actual 0/1 = 16/102
Job 17260 (nps3mlp_dpt01_START_s1)
  Epoch: current 46 | checkpoint 33 | best rolling-5 balanced accuracy 0.712472
  Latest train balanced accuracy: 0.958444
  Checkpoint valid:  predicted 0/1 = 26/96 | actual 0/1 = 28/94
Job 17261 (nps3mlp_dpt01_START_s2)
  Epoch: current 46 | checkpoint 35 | best rolling-5 balanced accuracy 0.662500
  Latest train balanced accuracy: 0.958444
  Checkpoint valid:  predicted 0/1 = 47/77 | actual 0/1 = 28/96
Job 17262 (nps3mlp_dpt01_START_s3)
  Epoch: current 40 | checkpoint 25 | best rolling-5 balanced accuracy 0.635758
  Latest train balanced accuracy: 0.956695
  Checkpoint valid:  predicted 0/1 = 78/46 | actual 0/1 = 25/99
Job 17263 (nps3mlp_dpt01_START_s4)
  Epoch: current 29 | checkpoint 23 | best rolling-5 balanced accuracy 0.612292
  Latest train balanced accuracy: 0.934101
  Checkpoint valid:  predicted 0/1 = 73/53 | actual 0/1 = 30/96
Job 17264 (nps3mlp_dpt01_lipocalin_s0)
  Epoch: current 28 | checkpoint 26 | best rolling-5 balanced accuracy 0.579082
  Latest train balanced accuracy: 0.924650
  Checkpoint valid:  predicted 0/1 = 75/61 | actual 0/1 = 90/46
Next waiting job start: OAR has not scheduled one yet.
OAR jobs: running=17 waiting=34 other=0 total=51 pending_queue=0. Checking again in 300 seconds.
Bigfoot queue: submitted=0 waiting_before=34 max_waiting=50 pending=0.
Current OAR jobs for kalinina:
    17152    nps3mlp_gi…   3:42:39    Running   kalinina   R=10,J=P,Q…   default  
    17153    nps3mlp_gi…   2:52:13    Running   kalinina   R=32,J=P,Q…   default  
    17154    nps3mlp_gi…   2:44:48    Running   kalinina   R=32,J=P,Q…   default  
    17155    nps3mlp_gi…   2:42:49    Running   kalinina   R=10,J=P,Q…   default  
    17156    nps3mlp_gi…   2:42:30    Running   kalinina   R=10,J=P,Q…   default  
    17157    nps3mlp_gi…   2:17:12    Running   kalinina   R=10,J=P,Q…   default  
    17254    nps3mlp_dp…   1:55:12    Running   kalinina   R=10,J=P,Q…   default  
    17255    nps3mlp_dp…   1:50:08    Running   kalinina   R=8,J=P,Q=…   default  
    17256    nps3mlp_dp…   1:47:42    Running   kalinina   R=10,J=P,Q…   default  
    17257    nps3mlp_dp…   1:42:00    Running   kalinina   R=32,J=P,Q…   default  
    17258    nps3mlp_dp…   1:40:39    Running   kalinina   R=32,J=P,Q…   default  
    17259    nps3mlp_dp…   1:34:56    Running   kalinina   R=32,J=P,Q…   default  
    17260    nps3mlp_dp…   0:56:00    Running   kalinina   R=32,J=P,Q…   default  
    17261    nps3mlp_dp…   0:53:18    Running   kalinina   R=32,J=P,Q…   default  
    17262    nps3mlp_dp…   0:46:30    Running   kalinina   R=32,J=P,Q…   default  
    17263    nps3mlp_dp…   0:44:46    Running   kalinina   R=8,J=P,Q=…   default  
    17264    nps3mlp_dp…   0:42:55    Running   kalinina   R=8,J=P,Q=…   default  
    17265    nps3mlp_dp…   -          Waiting   kalinina   R=10,W=180…   default  
    17266    nps3mlp_dp…   -          Waiting   kalinina   R=10,W=180…   default  
    17267    nps3mlp_dp…   -          Waiting   kalinina   R=32,W=180…   default  
    17268    nps3mlp_dp…   -          Waiting   kalinina   R=32,W=180…   default  
    17269    nps3mlp_dp…   -          Waiting   kalinina   R=10,W=180…   default  
    17270    nps3mlp_dp…   -          Waiting   kalinina   R=10,W=180…   default  
    17271    nps3mlp_dp…   -          Waiting   kalinina   R=10,W=180…   default  
    17272    nps3mlp_dp…   -          Waiting   kalinina   R=10,W=180…   default  
    17273    nps3mlp_dp…   -          Waiting   kalinina   R=8,W=1809…   default  
    17274    nps3mlp_dp…   -          Waiting   kalinina   R=10,W=180…   default  
    17275    nps3mlp_dp…   -          Waiting   kalinina   R=32,W=180…   default  
    17276    nps3mlp_dp…   -          Waiting   kalinina   R=32,W=180…   default  
    17277    nps3mlp_dp…   -          Waiting   kalinina   R=32,W=180…   default  
    17278    nps3mlp_dp…   -          Waiting   kalinina   R=32,W=180…   default  
    17279    nps3mlp_dp…   -          Waiting   kalinina   R=32,W=180…   default  
    17280    nps3mlp_dp…   -          Waiting   kalinina   R=32,W=180…   default  
    17281    nps3mlp_dp…   -          Waiting   kalinina   R=8,W=1809…   default  
    17282    nps3mlp_dp…   -          Waiting   kalinina   R=8,W=1809…   default  
    17306    nps3mlp_dp…   -          Waiting   kalinina   R=10,W=180…   default  
    17307    nps3mlp_dp…   -          Waiting   kalinina   R=32,W=180…   default  
    17308    nps3mlp_dp…   -          Waiting   kalinina   R=32,W=180…   default  
    17309    nps3mlp_dp…   -          Waiting   kalinina   R=8,W=1809…   default  
    17310    nps3mlp_dp…   -          Waiting   kalinina   R=32,W=180…   default  
    17311    nps3mlp_dp…   -          Waiting   kalinina   R=32,W=180…   default  
    17312    nps3mlp_dp…   -          Waiting   kalinina   R=32,W=180…   default  
    17313    nps3mlp_dp…   -          Waiting   kalinina   R=32,W=180…   default  
    17314    nps3mlp_dp…   -          Waiting   kalinina   R=32,W=180…   default  
    17315    nps3mlp_dp…   -          Waiting   kalinina   R=32,W=180…   default  
    17316    nps3mlp_dp…   -          Waiting   kalinina   R=10,W=180…   default  
    17317    nps3mlp_dp…   -          Waiting   kalinina   R=32,W=180…   default  
    17318    nps3mlp_dp…   -          Waiting   kalinina   R=32,W=180…   default  
    17319    nps3mlp_dp…   -          Waiting   kalinina   R=32,W=180…   default  
    17320    nps3mlp_dp…   -          Waiting   kalinina   R=32,W=180…   default  
    17321    nps3mlp_dp…   -          Waiting   kalinina   R=32,W=180…   default  
Synchronizing script logs.
Job 17152 (nps3mlp_gine_residual_ML_s4)
  Epoch: current 149 | checkpoint 93 | best rolling-5 balanced accuracy 0.613333
  Latest train balanced accuracy: 0.992620
  Checkpoint valid:  predicted 0/1 = 7/7 | actual 0/1 = 9/5
Job 17153 (nps3mlp_gine_residual_OSBP_s0)
  Epoch: current 144 | checkpoint 13 | best rolling-5 balanced accuracy 0.655000
  Latest train balanced accuracy: 0.994806
  Checkpoint valid:  predicted 0/1 = 19/3 | actual 0/1 = 20/2
Job 17154 (nps3mlp_gine_residual_OSBP_s1)
  Epoch: current 129 | checkpoint 58 | best rolling-5 balanced accuracy 0.759524
  Latest train balanced accuracy: 0.922068
  Checkpoint valid:  predicted 0/1 = 12/5 | actual 0/1 = 14/3
Job 17155 (nps3mlp_gine_residual_OSBP_s2)
  Epoch: current 112 | checkpoint 55 | best rolling-5 balanced accuracy 0.905263
  Latest train balanced accuracy: 0.994548
  Checkpoint valid:  predicted 0/1 = 15/7 | actual 0/1 = 19/3
Job 17156 (nps3mlp_gine_residual_OSBP_s3)
  Epoch: current 109 | checkpoint 1 | best rolling-5 balanced accuracy 0.750000
  Latest train balanced accuracy: 0.994589
  Checkpoint valid:  predicted 0/1 = 16/2 | actual 0/1 = 14/4
Job 17157 (nps3mlp_gine_residual_OSBP_s4)
  Epoch: current 119 | checkpoint 6 | best rolling-5 balanced accuracy 0.714286
  Latest train balanced accuracy: 0.986129
  Checkpoint valid:  predicted 0/1 = 12/11 | actual 0/1 = 21/2
Job 17254 (nps3mlp_dpt01_CRAL-TRIO_s0)
  Epoch: current 102 | checkpoint 51 | best rolling-5 balanced accuracy 0.686111
  Latest train balanced accuracy: 0.989968
  Checkpoint valid:  predicted 0/1 = 86/86 | actual 0/1 = 72/100
Job 17255 (nps3mlp_dpt01_CRAL-TRIO_s1)
  Epoch: current 85 | checkpoint 18 | best rolling-5 balanced accuracy 0.667429
  Latest train balanced accuracy: 0.992788
  Checkpoint valid:  predicted 0/1 = 74/106 | actual 0/1 = 75/105
Job 17256 (nps3mlp_dpt01_CRAL-TRIO_s2)
  Epoch: current 95 | checkpoint 42 | best rolling-5 balanced accuracy 0.772302
  Latest train balanced accuracy: 0.991975
  Checkpoint valid:  predicted 0/1 = 60/112 | actual 0/1 = 70/102
Job 17257 (nps3mlp_dpt01_CRAL-TRIO_s3)
  Epoch: current 95 | checkpoint 87 | best rolling-5 balanced accuracy 0.661132
  Latest train balanced accuracy: 0.991975
  Checkpoint valid:  predicted 0/1 = 57/118 | actual 0/1 = 71/104
Job 17258 (nps3mlp_dpt01_CRAL-TRIO_s4)
  Epoch: current 91 | checkpoint 7 | best rolling-5 balanced accuracy 0.649379
  Latest train balanced accuracy: 0.976757
  Checkpoint valid:  predicted 0/1 = 48/124 | actual 0/1 = 71/101
Job 17259 (nps3mlp_dpt01_START_s0)
  Epoch: current 87 | checkpoint 72 | best rolling-5 balanced accuracy 0.511397
  Latest train balanced accuracy: 0.990837
  Checkpoint valid:  predicted 0/1 = 97/21 | actual 0/1 = 16/102
Job 17260 (nps3mlp_dpt01_START_s1)
  Epoch: current 51 | checkpoint 47 | best rolling-5 balanced accuracy 0.717435
  Latest train balanced accuracy: 0.963138
  Checkpoint valid:  predicted 0/1 = 45/77 | actual 0/1 = 28/94
Job 17261 (nps3mlp_dpt01_START_s2)
  Epoch: current 51 | checkpoint 35 | best rolling-5 balanced accuracy 0.662500
  Latest train balanced accuracy: 0.963138
  Checkpoint valid:  predicted 0/1 = 47/77 | actual 0/1 = 28/96
Job 17262 (nps3mlp_dpt01_START_s3)
  Epoch: current 45 | checkpoint 25 | best rolling-5 balanced accuracy 0.635758
  Latest train balanced accuracy: 0.951101
  Checkpoint valid:  predicted 0/1 = 78/46 | actual 0/1 = 25/99
Job 17263 (nps3mlp_dpt01_START_s4)
  Epoch: current 33 | checkpoint 31 | best rolling-5 balanced accuracy 0.614167
  Latest train balanced accuracy: 0.932068
  Checkpoint valid:  predicted 0/1 = 82/44 | actual 0/1 = 30/96
Job 17264 (nps3mlp_dpt01_lipocalin_s0)
  Epoch: current 32 | checkpoint 29 | best rolling-5 balanced accuracy 0.602609
  Latest train balanced accuracy: 0.932576
  Checkpoint valid:  predicted 0/1 = 81/55 | actual 0/1 = 90/46
Next waiting job start: OAR has not scheduled one yet.
OAR jobs: running=17 waiting=34 other=0 total=51 pending_queue=0. Checking again in 300 seconds.
Bigfoot queue: submitted=0 waiting_before=33 max_waiting=50 pending=0.
Current OAR jobs for kalinina:
    17153    nps3mlp_gi…   2:57:29    Running   kalinina   R=32,J=P,Q…   default  
    17154    nps3mlp_gi…   2:50:04    Running   kalinina   R=32,J=P,Q…   default  
    17155    nps3mlp_gi…   2:48:05    Running   kalinina   R=10,J=P,Q…   default  
    17156    nps3mlp_gi…   2:47:46    Running   kalinina   R=10,J=P,Q…   default  
    17157    nps3mlp_gi…   2:22:28    Running   kalinina   R=10,J=P,Q…   default  
    17254    nps3mlp_dp…   2:00:28    Running   kalinina   R=10,J=P,Q…   default  
    17255    nps3mlp_dp…   1:55:24    Running   kalinina   R=8,J=P,Q=…   default  
    17256    nps3mlp_dp…   1:52:58    Running   kalinina   R=10,J=P,Q…   default  
    17257    nps3mlp_dp…   1:47:16    Running   kalinina   R=32,J=P,Q…   default  
    17258    nps3mlp_dp…   1:45:55    Running   kalinina   R=32,J=P,Q…   default  
    17259    nps3mlp_dp…   1:40:12    Running   kalinina   R=32,J=P,Q…   default  
    17260    nps3mlp_dp…   1:01:16    Running   kalinina   R=32,J=P,Q…   default  
    17261    nps3mlp_dp…   0:58:34    Running   kalinina   R=32,J=P,Q…   default  
    17262    nps3mlp_dp…   0:51:46    Running   kalinina   R=32,J=P,Q…   default  
    17263    nps3mlp_dp…   0:50:02    Running   kalinina   R=8,J=P,Q=…   default  
    17264    nps3mlp_dp…   0:48:11    Running   kalinina   R=8,J=P,Q=…   default  
    17265    nps3mlp_dp…   0:02:54    Running   kalinina   R=10,J=P,Q…   default  
    17266    nps3mlp_dp…   -          Waiting   kalinina   R=10,W=180…   default  
    17267    nps3mlp_dp…   -          Waiting   kalinina   R=32,W=180…   default  
    17268    nps3mlp_dp…   -          Waiting   kalinina   R=32,W=180…   default  
    17269    nps3mlp_dp…   -          Waiting   kalinina   R=10,W=180…   default  
    17270    nps3mlp_dp…   -          Waiting   kalinina   R=10,W=180…   default  
    17271    nps3mlp_dp…   -          Waiting   kalinina   R=10,W=180…   default  
    17272    nps3mlp_dp…   -          Waiting   kalinina   R=10,W=180…   default  
    17273    nps3mlp_dp…   -          Waiting   kalinina   R=8,W=1809…   default  
    17274    nps3mlp_dp…   -          Waiting   kalinina   R=10,W=180…   default  
    17275    nps3mlp_dp…   -          Waiting   kalinina   R=32,W=180…   default  
    17276    nps3mlp_dp…   -          Waiting   kalinina   R=32,W=180…   default  
    17277    nps3mlp_dp…   -          Waiting   kalinina   R=32,W=180…   default  
    17278    nps3mlp_dp…   -          Waiting   kalinina   R=32,W=180…   default  
    17279    nps3mlp_dp…   -          Waiting   kalinina   R=32,W=180…   default  
    17280    nps3mlp_dp…   -          Waiting   kalinina   R=32,W=180…   default  
    17281    nps3mlp_dp…   -          Waiting   kalinina   R=8,W=1809…   default  
    17282    nps3mlp_dp…   -          Waiting   kalinina   R=8,W=1809…   default  
    17306    nps3mlp_dp…   -          Waiting   kalinina   R=10,W=180…   default  
    17307    nps3mlp_dp…   -          Waiting   kalinina   R=32,W=180…   default  
    17308    nps3mlp_dp…   -          Waiting   kalinina   R=32,W=180…   default  
    17309    nps3mlp_dp…   -          Waiting   kalinina   R=8,W=1809…   default  
    17310    nps3mlp_dp…   -          Waiting   kalinina   R=32,W=180…   default  
    17311    nps3mlp_dp…   -          Waiting   kalinina   R=32,W=180…   default  
    17312    nps3mlp_dp…   -          Waiting   kalinina   R=32,W=180…   default  
    17313    nps3mlp_dp…   -          Waiting   kalinina   R=32,W=180…   default  
    17314    nps3mlp_dp…   -          Waiting   kalinina   R=32,W=180…   default  
    17315    nps3mlp_dp…   -          Waiting   kalinina   R=32,W=180…   default  
    17316    nps3mlp_dp…   -          Waiting   kalinina   R=10,W=180…   default  
    17317    nps3mlp_dp…   -          Waiting   kalinina   R=32,W=180…   default  
    17318    nps3mlp_dp…   -          Waiting   kalinina   R=32,W=180…   default  
    17319    nps3mlp_dp…   -          Waiting   kalinina   R=32,W=180…   default  
    17320    nps3mlp_dp…   -          Waiting   kalinina   R=32,W=180…   default  
    17321    nps3mlp_dp…   -          Waiting   kalinina   R=32,W=180…   default  
Synchronizing script logs.
Job 17153 (nps3mlp_gine_residual_OSBP_s0)
  Epoch: current 148 | checkpoint 13 | best rolling-5 balanced accuracy 0.655000
  Latest train balanced accuracy: 0.955204
  Checkpoint valid:  predicted 0/1 = 19/3 | actual 0/1 = 20/2
Job 17154 (nps3mlp_gine_residual_OSBP_s1)
  Epoch: current 133 | checkpoint 58 | best rolling-5 balanced accuracy 0.759524
  Latest train balanced accuracy: 0.993683
  Checkpoint valid:  predicted 0/1 = 12/5 | actual 0/1 = 14/3
Job 17155 (nps3mlp_gine_residual_OSBP_s2)
  Epoch: current 116 | checkpoint 55 | best rolling-5 balanced accuracy 0.905263
  Latest train balanced accuracy: 0.992439
  Checkpoint valid:  predicted 0/1 = 15/7 | actual 0/1 = 19/3
Job 17156 (nps3mlp_gine_residual_OSBP_s3)
  Epoch: current 112 | checkpoint 1 | best rolling-5 balanced accuracy 0.750000
  Latest train balanced accuracy: 0.996838
  Checkpoint valid:  predicted 0/1 = 16/2 | actual 0/1 = 14/4
Job 17157 (nps3mlp_gine_residual_OSBP_s4)
  Epoch: current 123 | checkpoint 6 | best rolling-5 balanced accuracy 0.714286
  Latest train balanced accuracy: 0.994796
  Checkpoint valid:  predicted 0/1 = 12/11 | actual 0/1 = 21/2
Job 17254 (nps3mlp_dpt01_CRAL-TRIO_s0)
  Epoch: current 107 | checkpoint 51 | best rolling-5 balanced accuracy 0.686111
  Latest train balanced accuracy: 0.992929
  Checkpoint valid:  predicted 0/1 = 86/86 | actual 0/1 = 72/100
Job 17255 (nps3mlp_dpt01_CRAL-TRIO_s1)
  Epoch: current 89 | checkpoint 18 | best rolling-5 balanced accuracy 0.667429
  Latest train balanced accuracy: 0.995796
  Checkpoint valid:  predicted 0/1 = 74/106 | actual 0/1 = 75/105
Job 17256 (nps3mlp_dpt01_CRAL-TRIO_s2)
  Epoch: current 100 | checkpoint 42 | best rolling-5 balanced accuracy 0.772302
  Latest train balanced accuracy: 0.964142
  Checkpoint valid:  predicted 0/1 = 60/112 | actual 0/1 = 70/102
Job 17257 (nps3mlp_dpt01_CRAL-TRIO_s3)
  Epoch: current 100 | checkpoint 87 | best rolling-5 balanced accuracy 0.661132
  Latest train balanced accuracy: 0.964142
  Checkpoint valid:  predicted 0/1 = 57/118 | actual 0/1 = 71/104
Job 17258 (nps3mlp_dpt01_CRAL-TRIO_s4)
  Epoch: current 96 | checkpoint 7 | best rolling-5 balanced accuracy 0.649379
  Latest train balanced accuracy: 0.982433
  Checkpoint valid:  predicted 0/1 = 48/124 | actual 0/1 = 71/101
Job 17259 (nps3mlp_dpt01_START_s0)
  Epoch: current 92 | checkpoint 72 | best rolling-5 balanced accuracy 0.511397
  Latest train balanced accuracy: 0.990837
  Checkpoint valid:  predicted 0/1 = 97/21 | actual 0/1 = 16/102
Job 17260 (nps3mlp_dpt01_START_s1)
  Epoch: current 55 | checkpoint 47 | best rolling-5 balanced accuracy 0.717435
  Latest train balanced accuracy: 0.962278
  Checkpoint valid:  predicted 0/1 = 68/54 | actual 0/1 = 23/99
Job 17261 (nps3mlp_dpt01_START_s2)
  Epoch: current 56 | checkpoint 35 | best rolling-5 balanced accuracy 0.662500
  Latest train balanced accuracy: 0.966774
  Checkpoint valid:  predicted 0/1 = 86/38 | actual 0/1 = 23/101
Job 17262 (nps3mlp_dpt01_START_s3)
  Epoch: current 50 | checkpoint 47 | best rolling-5 balanced accuracy 0.637091
  Latest train balanced accuracy: 0.971430
  Checkpoint valid:  predicted 0/1 = 84/40 | actual 0/1 = 25/99
Job 17263 (nps3mlp_dpt01_START_s4)
  Epoch: current 37 | checkpoint 31 | best rolling-5 balanced accuracy 0.614167
  Latest train balanced accuracy: 0.913497
  Checkpoint valid:  predicted 0/1 = 82/44 | actual 0/1 = 30/96
Job 17264 (nps3mlp_dpt01_lipocalin_s0)
  Epoch: current 35 | checkpoint 29 | best rolling-5 balanced accuracy 0.602609
  Latest train balanced accuracy: 0.938582
  Checkpoint valid:  predicted 0/1 = 81/55 | actual 0/1 = 90/46
Job 17265 (nps3mlp_dpt01_lipocalin_s1)
  Epoch: current 2 | checkpoint 1 | best rolling-5 balanced accuracy 0.500000
  Latest train balanced accuracy: 0.518418
  Checkpoint valid:  predicted 0/1 = 0/123 | actual 0/1 = 79/44
Completed OAR job IDs:
17152
Synchronizing results from completed jobs.
Updating metrics table and feature contributions.
Added 0 new metric rows to /home/kalinina/DL_project/metrics_summary.csv
Next waiting job start: OAR has not scheduled one yet.
OAR jobs: running=17 waiting=33 other=0 total=50 pending_queue=0. Checking again in 300 seconds.
Bigfoot queue: submitted=0 waiting_before=32 max_waiting=50 pending=0.
Current OAR jobs for kalinina:
    17154    nps3mlp_gi…   2:55:20    Running   kalinina   R=32,J=P,Q…   default  
    17155    nps3mlp_gi…   2:53:21    Running   kalinina   R=10,J=P,Q…   default  
    17156    nps3mlp_gi…   2:53:02    Running   kalinina   R=10,J=P,Q…   default  
    17157    nps3mlp_gi…   2:27:44    Running   kalinina   R=10,J=P,Q…   default  
    17254    nps3mlp_dp…   2:05:44    Running   kalinina   R=10,J=P,Q…   default  
    17255    nps3mlp_dp…   2:00:40    Running   kalinina   R=8,J=P,Q=…   default  
    17256    nps3mlp_dp…   1:58:14    Running   kalinina   R=10,J=P,Q…   default  
    17257    nps3mlp_dp…   1:52:32    Running   kalinina   R=32,J=P,Q…   default  
    17258    nps3mlp_dp…   1:51:11    Running   kalinina   R=32,J=P,Q…   default  
    17259    nps3mlp_dp…   1:45:28    Running   kalinina   R=32,J=P,Q…   default  
    17260    nps3mlp_dp…   1:06:32    Running   kalinina   R=32,J=P,Q…   default  
    17261    nps3mlp_dp…   1:03:50    Running   kalinina   R=32,J=P,Q…   default  
    17262    nps3mlp_dp…   0:57:02    Running   kalinina   R=32,J=P,Q…   default  
    17263    nps3mlp_dp…   0:55:18    Running   kalinina   R=8,J=P,Q=…   default  
    17264    nps3mlp_dp…   0:53:27    Running   kalinina   R=8,J=P,Q=…   default  
    17265    nps3mlp_dp…   0:08:10    Running   kalinina   R=10,J=P,Q…   default  
    17266    nps3mlp_dp…   0:02:04    Running   kalinina   R=32,J=P,Q…   default  
    17267    nps3mlp_dp…   -          Waiting   kalinina   R=10,W=180…   default  
    17268    nps3mlp_dp…   -          Waiting   kalinina   R=32,W=180…   default  
    17269    nps3mlp_dp…   -          Waiting   kalinina   R=10,W=180…   default  
    17270    nps3mlp_dp…   -          Waiting   kalinina   R=10,W=180…   default  
    17271    nps3mlp_dp…   -          Waiting   kalinina   R=10,W=180…   default  
    17272    nps3mlp_dp…   -          Waiting   kalinina   R=10,W=180…   default  
    17273    nps3mlp_dp…   -          Waiting   kalinina   R=8,W=1809…   default  
    17274    nps3mlp_dp…   -          Waiting   kalinina   R=10,W=180…   default  
    17275    nps3mlp_dp…   -          Waiting   kalinina   R=32,W=180…   default  
    17276    nps3mlp_dp…   -          Waiting   kalinina   R=32,W=180…   default  
    17277    nps3mlp_dp…   -          Waiting   kalinina   R=32,W=180…   default  
    17278    nps3mlp_dp…   -          Waiting   kalinina   R=32,W=180…   default  
    17279    nps3mlp_dp…   -          Waiting   kalinina   R=32,W=180…   default  
    17280    nps3mlp_dp…   -          Waiting   kalinina   R=32,W=180…   default  
    17281    nps3mlp_dp…   -          Waiting   kalinina   R=8,W=1809…   default  
    17282    nps3mlp_dp…   -          Waiting   kalinina   R=8,W=1809…   default  
    17306    nps3mlp_dp…   -          Waiting   kalinina   R=10,W=180…   default  
    17307    nps3mlp_dp…   -          Waiting   kalinina   R=32,W=180…   default  
    17308    nps3mlp_dp…   -          Waiting   kalinina   R=32,W=180…   default  
    17309    nps3mlp_dp…   -          Waiting   kalinina   R=8,W=1809…   default  
    17310    nps3mlp_dp…   -          Waiting   kalinina   R=32,W=180…   default  
    17311    nps3mlp_dp…   -          Waiting   kalinina   R=32,W=180…   default  
    17312    nps3mlp_dp…   -          Waiting   kalinina   R=32,W=180…   default  
    17313    nps3mlp_dp…   -          Waiting   kalinina   R=32,W=180…   default  
    17314    nps3mlp_dp…   -          Waiting   kalinina   R=32,W=180…   default  
    17315    nps3mlp_dp…   -          Waiting   kalinina   R=32,W=180…   default  
    17316    nps3mlp_dp…   -          Waiting   kalinina   R=10,W=180…   default  
    17317    nps3mlp_dp…   -          Waiting   kalinina   R=32,W=180…   default  
    17318    nps3mlp_dp…   -          Waiting   kalinina   R=32,W=180…   default  
    17319    nps3mlp_dp…   -          Waiting   kalinina   R=32,W=180…   default  
    17320    nps3mlp_dp…   -          Waiting   kalinina   R=32,W=180…   default  
    17321    nps3mlp_dp…   -          Waiting   kalinina   R=32,W=180…   default  
Synchronizing script logs.
Job 17154 (nps3mlp_gine_residual_OSBP_s1)
  Epoch: current 137 | checkpoint 58 | best rolling-5 balanced accuracy 0.759524
  Latest train balanced accuracy: 0.995505
  Checkpoint valid:  predicted 0/1 = 12/5 | actual 0/1 = 14/3
Job 17155 (nps3mlp_gine_residual_OSBP_s2)
  Epoch: current 120 | checkpoint 55 | best rolling-5 balanced accuracy 0.905263
  Latest train balanced accuracy: 0.991617
  Checkpoint valid:  predicted 0/1 = 15/7 | actual 0/1 = 19/3
Job 17156 (nps3mlp_gine_residual_OSBP_s3)
  Epoch: current 116 | checkpoint 1 | best rolling-5 balanced accuracy 0.750000
  Latest train balanced accuracy: 0.995926
  Checkpoint valid:  predicted 0/1 = 16/2 | actual 0/1 = 14/4
Job 17157 (nps3mlp_gine_residual_OSBP_s4)
  Epoch: current 128 | checkpoint 6 | best rolling-5 balanced accuracy 0.714286
  Latest train balanced accuracy: 0.991334
  Checkpoint valid:  predicted 0/1 = 12/11 | actual 0/1 = 21/2
Job 17254 (nps3mlp_dpt01_CRAL-TRIO_s0)
  Epoch: current 112 | checkpoint 51 | best rolling-5 balanced accuracy 0.686111
  Latest train balanced accuracy: 0.994984
  Checkpoint valid:  predicted 0/1 = 86/86 | actual 0/1 = 72/100
Job 17255 (nps3mlp_dpt01_CRAL-TRIO_s1)
  Epoch: current 93 | checkpoint 18 | best rolling-5 balanced accuracy 0.667429
  Latest train balanced accuracy: 0.983475
  Checkpoint valid:  predicted 0/1 = 74/106 | actual 0/1 = 75/105
Job 17256 (nps3mlp_dpt01_CRAL-TRIO_s2)
  Epoch: current 105 | checkpoint 42 | best rolling-5 balanced accuracy 0.772302
  Latest train balanced accuracy: n/a
  Checkpoint valid:  predicted 0/1 = n/a/n/a | actual 0/1 = n/a/n/a
Job 17257 (nps3mlp_dpt01_CRAL-TRIO_s3)
  Epoch: current 105 | checkpoint 87 | best rolling-5 balanced accuracy 0.661132
  Latest train balanced accuracy: n/a
  Checkpoint valid:  predicted 0/1 = n/a/n/a | actual 0/1 = n/a/n/a
Job 17258 (nps3mlp_dpt01_CRAL-TRIO_s4)
  Epoch: current 101 | checkpoint 7 | best rolling-5 balanced accuracy 0.649379
  Latest train balanced accuracy: 0.988831
  Checkpoint valid:  predicted 0/1 = 48/124 | actual 0/1 = 71/101
Job 17259 (nps3mlp_dpt01_START_s0)
  Epoch: current 96 | checkpoint 72 | best rolling-5 balanced accuracy 0.511397
  Latest train balanced accuracy: 0.992636
  Checkpoint valid:  predicted 0/1 = 97/21 | actual 0/1 = 16/102
Job 17260 (nps3mlp_dpt01_START_s1)
  Epoch: current 60 | checkpoint 47 | best rolling-5 balanced accuracy 0.717435
  Latest train balanced accuracy: 0.967592
  Checkpoint valid:  predicted 0/1 = 68/54 | actual 0/1 = 23/99
Job 17261 (nps3mlp_dpt01_START_s2)
  Epoch: current 61 | checkpoint 35 | best rolling-5 balanced accuracy 0.662500
  Latest train balanced accuracy: 0.967673
  Checkpoint valid:  predicted 0/1 = 86/38 | actual 0/1 = 23/101
Job 17262 (nps3mlp_dpt01_START_s3)
  Epoch: current 55 | checkpoint 47 | best rolling-5 balanced accuracy 0.637091
  Latest train balanced accuracy: 0.959442
  Checkpoint valid:  predicted 0/1 = 84/40 | actual 0/1 = 25/99
Job 17263 (nps3mlp_dpt01_START_s4)
  Epoch: current 41 | checkpoint 31 | best rolling-5 balanced accuracy 0.614167
  Latest train balanced accuracy: 0.959026
  Checkpoint valid:  predicted 0/1 = 82/44 | actual 0/1 = 30/96
Job 17264 (nps3mlp_dpt01_lipocalin_s0)
  Epoch: current 39 | checkpoint 29 | best rolling-5 balanced accuracy 0.602609
  Latest train balanced accuracy: 0.943608
  Checkpoint valid:  predicted 0/1 = 81/55 | actual 0/1 = 90/46
Job 17265 (nps3mlp_dpt01_lipocalin_s1)
  Epoch: current 6 | checkpoint 1 | best rolling-5 balanced accuracy 0.500000
  Latest train balanced accuracy: 0.758667
  Checkpoint valid:  predicted 0/1 = 0/123 | actual 0/1 = 79/44
Job 17266 (nps3mlp_dpt01_lipocalin_s2)
  Epoch: current 2 | checkpoint 1 | best rolling-5 balanced accuracy 0.631250
  Latest train balanced accuracy: 0.508975
  Checkpoint valid:  predicted 0/1 = 100/36 | actual 0/1 = 96/40
Completed OAR job IDs:
17153
Synchronizing results from completed jobs.
Updating metrics table and feature contributions.
Added 0 new metric rows to /home/kalinina/DL_project/metrics_summary.csv
Next waiting job start: OAR has not scheduled one yet.
OAR jobs: running=17 waiting=32 other=0 total=49 pending_queue=0. Checking again in 300 seconds.
Bigfoot queue: submitted=0 waiting_before=32 max_waiting=50 pending=0.
Current OAR jobs for kalinina:
    17154    nps3mlp_gi…   3:00:38    Running   kalinina   R=32,J=P,Q…   default  
    17155    nps3mlp_gi…   2:58:39    Running   kalinina   R=10,J=P,Q…   default  
    17156    nps3mlp_gi…   2:58:20    Running   kalinina   R=10,J=P,Q…   default  
    17157    nps3mlp_gi…   2:33:02    Running   kalinina   R=10,J=P,Q…   default  
    17254    nps3mlp_dp…   2:11:02    Running   kalinina   R=10,J=P,Q…   default  
    17255    nps3mlp_dp…   2:05:58    Running   kalinina   R=8,J=P,Q=…   default  
    17256    nps3mlp_dp…   2:03:32    Running   kalinina   R=10,J=P,Q…   default  
    17257    nps3mlp_dp…   1:57:50    Running   kalinina   R=32,J=P,Q…   default  
    17258    nps3mlp_dp…   1:56:29    Running   kalinina   R=32,J=P,Q…   default  
    17259    nps3mlp_dp…   1:50:46    Running   kalinina   R=32,J=P,Q…   default  
    17260    nps3mlp_dp…   1:11:50    Running   kalinina   R=32,J=P,Q…   default  
    17261    nps3mlp_dp…   1:09:08    Running   kalinina   R=32,J=P,Q…   default  
    17262    nps3mlp_dp…   1:02:20    Running   kalinina   R=32,J=P,Q…   default  
    17263    nps3mlp_dp…   1:00:36    Running   kalinina   R=8,J=P,Q=…   default  
    17264    nps3mlp_dp…   0:58:45    Running   kalinina   R=8,J=P,Q=…   default  
    17265    nps3mlp_dp…   0:13:28    Running   kalinina   R=10,J=P,Q…   default  
    17266    nps3mlp_dp…   0:07:22    Running   kalinina   R=32,J=P,Q…   default  
    17267    nps3mlp_dp…   -          Waiting   kalinina   R=10,W=180…   default  
    17268    nps3mlp_dp…   -          Waiting   kalinina   R=32,W=180…   default  
    17269    nps3mlp_dp…   -          Waiting   kalinina   R=10,W=180…   default  
    17270    nps3mlp_dp…   -          Waiting   kalinina   R=10,W=180…   default  
    17271    nps3mlp_dp…   -          Waiting   kalinina   R=10,W=180…   default  
    17272    nps3mlp_dp…   -          Waiting   kalinina   R=10,W=180…   default  
    17273    nps3mlp_dp…   -          Waiting   kalinina   R=8,W=1809…   default  
    17274    nps3mlp_dp…   -          Waiting   kalinina   R=10,W=180…   default  
    17275    nps3mlp_dp…   -          Waiting   kalinina   R=32,W=180…   default  
    17276    nps3mlp_dp…   -          Waiting   kalinina   R=32,W=180…   default  
    17277    nps3mlp_dp…   -          Waiting   kalinina   R=32,W=180…   default  
    17278    nps3mlp_dp…   -          Waiting   kalinina   R=32,W=180…   default  
    17279    nps3mlp_dp…   -          Waiting   kalinina   R=32,W=180…   default  
    17280    nps3mlp_dp…   -          Waiting   kalinina   R=32,W=180…   default  
    17281    nps3mlp_dp…   -          Waiting   kalinina   R=8,W=1809…   default  
    17282    nps3mlp_dp…   -          Waiting   kalinina   R=8,W=1809…   default  
    17306    nps3mlp_dp…   -          Waiting   kalinina   R=10,W=180…   default  
    17307    nps3mlp_dp…   -          Waiting   kalinina   R=32,W=180…   default  
    17308    nps3mlp_dp…   -          Waiting   kalinina   R=32,W=180…   default  
    17309    nps3mlp_dp…   -          Waiting   kalinina   R=8,W=1809…   default  
    17310    nps3mlp_dp…   -          Waiting   kalinina   R=32,W=180…   default  
    17311    nps3mlp_dp…   -          Waiting   kalinina   R=32,W=180…   default  
    17312    nps3mlp_dp…   -          Waiting   kalinina   R=32,W=180…   default  
    17313    nps3mlp_dp…   -          Waiting   kalinina   R=32,W=180…   default  
    17314    nps3mlp_dp…   -          Waiting   kalinina   R=32,W=180…   default  
    17315    nps3mlp_dp…   -          Waiting   kalinina   R=32,W=180…   default  
    17316    nps3mlp_dp…   -          Waiting   kalinina   R=10,W=180…   default  
    17317    nps3mlp_dp…   -          Waiting   kalinina   R=32,W=180…   default  
    17318    nps3mlp_dp…   -          Waiting   kalinina   R=32,W=180…   default  
    17319    nps3mlp_dp…   -          Waiting   kalinina   R=32,W=180…   default  
    17320    nps3mlp_dp…   -          Waiting   kalinina   R=32,W=180…   default  
    17321    nps3mlp_dp…   -          Waiting   kalinina   R=32,W=180…   default  
Synchronizing script logs.
Job 17154 (nps3mlp_gine_residual_OSBP_s1)
  Epoch: current 141 | checkpoint 58 | best rolling-5 balanced accuracy 0.759524
  Latest train balanced accuracy: 0.994352
  Checkpoint valid:  predicted 0/1 = 12/5 | actual 0/1 = 14/3
Job 17155 (nps3mlp_gine_residual_OSBP_s2)
  Epoch: current 123 | checkpoint 55 | best rolling-5 balanced accuracy 0.905263
  Latest train balanced accuracy: 0.994806
  Checkpoint valid:  predicted 0/1 = 15/7 | actual 0/1 = 19/3
Job 17156 (nps3mlp_gine_residual_OSBP_s3)
  Epoch: current 119 | checkpoint 1 | best rolling-5 balanced accuracy 0.750000
  Latest train balanced accuracy: 0.994589
  Checkpoint valid:  predicted 0/1 = 16/2 | actual 0/1 = 14/4
Job 17157 (nps3mlp_gine_residual_OSBP_s4)
  Epoch: current 132 | checkpoint 6 | best rolling-5 balanced accuracy 0.714286
  Latest train balanced accuracy: 0.991596
  Checkpoint valid:  predicted 0/1 = 12/11 | actual 0/1 = 21/2
Job 17254 (nps3mlp_dpt01_CRAL-TRIO_s0)
  Epoch: current 116 | checkpoint 51 | best rolling-5 balanced accuracy 0.686111
  Latest train balanced accuracy: 0.976905
  Checkpoint valid:  predicted 0/1 = 86/86 | actual 0/1 = 72/100
Job 17255 (nps3mlp_dpt01_CRAL-TRIO_s1)
  Epoch: current 97 | checkpoint 18 | best rolling-5 balanced accuracy 0.667429
  Latest train balanced accuracy: 0.984996
  Checkpoint valid:  predicted 0/1 = 74/106 | actual 0/1 = 75/105
Job 17256 (nps3mlp_dpt01_CRAL-TRIO_s2)
  Epoch: current 109 | checkpoint 42 | best rolling-5 balanced accuracy 0.772302
  Latest train balanced accuracy: 0.995654
  Checkpoint valid:  predicted 0/1 = 71/101 | actual 0/1 = 63/109
Job 17257 (nps3mlp_dpt01_CRAL-TRIO_s3)
  Epoch: current 109 | checkpoint 105 | best rolling-5 balanced accuracy 0.675000
  Latest train balanced accuracy: 0.995654
  Checkpoint valid:  predicted 0/1 = 112/63 | actual 0/1 = 64/111
Job 17258 (nps3mlp_dpt01_CRAL-TRIO_s4)
  Epoch: current 105 | checkpoint 7 | best rolling-5 balanced accuracy 0.649379
  Latest train balanced accuracy: 0.991790
  Checkpoint valid:  predicted 0/1 = 48/124 | actual 0/1 = 71/101
Job 17259 (nps3mlp_dpt01_START_s0)
  Epoch: current 101 | checkpoint 72 | best rolling-5 balanced accuracy 0.511397
  Latest train balanced accuracy: 0.981731
  Checkpoint valid:  predicted 0/1 = 97/21 | actual 0/1 = 16/102
Job 17260 (nps3mlp_dpt01_START_s1)
  Epoch: current 65 | checkpoint 47 | best rolling-5 balanced accuracy 0.717435
  Latest train balanced accuracy: 0.976991
  Checkpoint valid:  predicted 0/1 = 68/54 | actual 0/1 = 23/99
Job 17261 (nps3mlp_dpt01_START_s2)
  Epoch: current 66 | checkpoint 35 | best rolling-5 balanced accuracy 0.662500
  Latest train balanced accuracy: 0.985265
  Checkpoint valid:  predicted 0/1 = 47/77 | actual 0/1 = 28/96
Job 17262 (nps3mlp_dpt01_START_s3)
  Epoch: current 61 | checkpoint 47 | best rolling-5 balanced accuracy 0.637091
  Latest train balanced accuracy: 0.970481
  Checkpoint valid:  predicted 0/1 = 84/40 | actual 0/1 = 25/99
Job 17263 (nps3mlp_dpt01_START_s4)
  Epoch: current 45 | checkpoint 31 | best rolling-5 balanced accuracy 0.614167
  Latest train balanced accuracy: 0.948059
  Checkpoint valid:  predicted 0/1 = 82/44 | actual 0/1 = 30/96
Job 17264 (nps3mlp_dpt01_lipocalin_s0)
  Epoch: current 43 | checkpoint 29 | best rolling-5 balanced accuracy 0.602609
  Latest train balanced accuracy: 0.942335
  Checkpoint valid:  predicted 0/1 = 81/55 | actual 0/1 = 90/46
Job 17265 (nps3mlp_dpt01_lipocalin_s1)
  Epoch: current 10 | checkpoint 1 | best rolling-5 balanced accuracy 0.500000
  Latest train balanced accuracy: 0.778455
  Checkpoint valid:  predicted 0/1 = 0/123 | actual 0/1 = 79/44
Job 17266 (nps3mlp_dpt01_lipocalin_s2)
  Epoch: current 7 | checkpoint 1 | best rolling-5 balanced accuracy 0.631250
  Latest train balanced accuracy: 0.741987
  Checkpoint valid:  predicted 0/1 = 100/36 | actual 0/1 = 96/40
Next waiting job start: OAR has not scheduled one yet.
OAR jobs: running=17 waiting=32 other=0 total=49 pending_queue=0. Checking again in 300 seconds.
Bigfoot queue: submitted=0 waiting_before=32 max_waiting=50 pending=0.
Current OAR jobs for kalinina:
    17154    nps3mlp_gi…   3:05:53    Running   kalinina   R=32,J=P,Q…   default  
    17155    nps3mlp_gi…   3:03:54    Running   kalinina   R=10,J=P,Q…   default  
    17156    nps3mlp_gi…   3:03:35    Running   kalinina   R=10,J=P,Q…   default  
    17157    nps3mlp_gi…   2:38:17    Running   kalinina   R=10,J=P,Q…   default  
    17254    nps3mlp_dp…   2:16:17    Running   kalinina   R=10,J=P,Q…   default  
    17255    nps3mlp_dp…   2:11:13    Running   kalinina   R=8,J=P,Q=…   default  
    17256    nps3mlp_dp…   2:08:47    Running   kalinina   R=10,J=P,Q…   default  
    17257    nps3mlp_dp…   2:03:05    Running   kalinina   R=32,J=P,Q…   default  
    17258    nps3mlp_dp…   2:01:44    Running   kalinina   R=32,J=P,Q…   default  
    17259    nps3mlp_dp…   1:56:01    Running   kalinina   R=32,J=P,Q…   default  
    17260    nps3mlp_dp…   1:17:05    Running   kalinina   R=32,J=P,Q…   default  
    17261    nps3mlp_dp…   1:14:23    Running   kalinina   R=32,J=P,Q…   default  
    17262    nps3mlp_dp…   1:07:35    Running   kalinina   R=32,J=P,Q…   default  
    17263    nps3mlp_dp…   1:05:51    Running   kalinina   R=8,J=P,Q=…   default  
    17264    nps3mlp_dp…   1:04:00    Running   kalinina   R=8,J=P,Q=…   default  
    17265    nps3mlp_dp…   0:18:43    Running   kalinina   R=10,J=P,Q…   default  
    17266    nps3mlp_dp…   0:12:37    Running   kalinina   R=32,J=P,Q…   default  
    17267    nps3mlp_dp…   -          Waiting   kalinina   R=10,W=180…   default  
    17268    nps3mlp_dp…   -          Waiting   kalinina   R=32,W=180…   default  
    17269    nps3mlp_dp…   -          Waiting   kalinina   R=10,W=180…   default  
    17270    nps3mlp_dp…   -          Waiting   kalinina   R=10,W=180…   default  
    17271    nps3mlp_dp…   -          Waiting   kalinina   R=10,W=180…   default  
    17272    nps3mlp_dp…   -          Waiting   kalinina   R=10,W=180…   default  
    17273    nps3mlp_dp…   -          Waiting   kalinina   R=8,W=1809…   default  
    17274    nps3mlp_dp…   -          Waiting   kalinina   R=10,W=180…   default  
    17275    nps3mlp_dp…   -          Waiting   kalinina   R=32,W=180…   default  
    17276    nps3mlp_dp…   -          Waiting   kalinina   R=32,W=180…   default  
    17277    nps3mlp_dp…   -          Waiting   kalinina   R=32,W=180…   default  
    17278    nps3mlp_dp…   -          Waiting   kalinina   R=32,W=180…   default  
    17279    nps3mlp_dp…   -          Waiting   kalinina   R=32,W=180…   default  
    17280    nps3mlp_dp…   -          Waiting   kalinina   R=32,W=180…   default  
    17281    nps3mlp_dp…   -          Waiting   kalinina   R=8,W=1809…   default  
    17282    nps3mlp_dp…   -          Waiting   kalinina   R=8,W=1809…   default  
    17306    nps3mlp_dp…   -          Waiting   kalinina   R=10,W=180…   default  
    17307    nps3mlp_dp…   -          Waiting   kalinina   R=32,W=180…   default  
    17308    nps3mlp_dp…   -          Waiting   kalinina   R=32,W=180…   default  
    17309    nps3mlp_dp…   -          Waiting   kalinina   R=8,W=1809…   default  
    17310    nps3mlp_dp…   -          Waiting   kalinina   R=32,W=180…   default  
    17311    nps3mlp_dp…   -          Waiting   kalinina   R=32,W=180…   default  
    17312    nps3mlp_dp…   -          Waiting   kalinina   R=32,W=180…   default  
    17313    nps3mlp_dp…   -          Waiting   kalinina   R=32,W=180…   default  
    17314    nps3mlp_dp…   -          Waiting   kalinina   R=32,W=180…   default  
    17315    nps3mlp_dp…   -          Waiting   kalinina   R=32,W=180…   default  
    17316    nps3mlp_dp…   -          Waiting   kalinina   R=10,W=180…   default  
    17317    nps3mlp_dp…   -          Waiting   kalinina   R=32,W=180…   default  
    17318    nps3mlp_dp…   -          Waiting   kalinina   R=32,W=180…   default  
    17319    nps3mlp_dp…   -          Waiting   kalinina   R=32,W=180…   default  
    17320    nps3mlp_dp…   -          Waiting   kalinina   R=32,W=180…   default  
    17321    nps3mlp_dp…   -          Waiting   kalinina   R=32,W=180…   default  
Synchronizing script logs.
Job 17154 (nps3mlp_gine_residual_OSBP_s1)
  Epoch: current 145 | checkpoint 58 | best rolling-5 balanced accuracy 0.759524
  Latest train balanced accuracy: 0.996173
  Checkpoint valid:  predicted 0/1 = 12/5 | actual 0/1 = 14/3
Job 17155 (nps3mlp_gine_residual_OSBP_s2)
  Epoch: current 127 | checkpoint 55 | best rolling-5 balanced accuracy 0.905263
  Latest train balanced accuracy: 0.994548
  Checkpoint valid:  predicted 0/1 = 15/7 | actual 0/1 = 19/3
Job 17156 (nps3mlp_gine_residual_OSBP_s3)
  Epoch: current 123 | checkpoint 1 | best rolling-5 balanced accuracy 0.750000
  Latest train balanced accuracy: 0.995501
  Checkpoint valid:  predicted 0/1 = 16/2 | actual 0/1 = 14/4
Job 17157 (nps3mlp_gine_residual_OSBP_s4)
  Epoch: current 137 | checkpoint 6 | best rolling-5 balanced accuracy 0.714286
  Latest train balanced accuracy: 0.993077
  Checkpoint valid:  predicted 0/1 = 12/11 | actual 0/1 = 21/2
Job 17254 (nps3mlp_dpt01_CRAL-TRIO_s0)
  Epoch: current 121 | checkpoint 51 | best rolling-5 balanced accuracy 0.686111
  Latest train balanced accuracy: 0.994322
  Checkpoint valid:  predicted 0/1 = 86/86 | actual 0/1 = 72/100
Job 17255 (nps3mlp_dpt01_CRAL-TRIO_s1)
  Epoch: current 101 | checkpoint 18 | best rolling-5 balanced accuracy 0.667429
  Latest train balanced accuracy: 0.988584
  Checkpoint valid:  predicted 0/1 = 74/106 | actual 0/1 = 75/105
Job 17256 (nps3mlp_dpt01_CRAL-TRIO_s2)
  Epoch: current 114 | checkpoint 42 | best rolling-5 balanced accuracy 0.772302
  Latest train balanced accuracy: 0.993842
  Checkpoint valid:  predicted 0/1 = 71/101 | actual 0/1 = 63/109
Job 17257 (nps3mlp_dpt01_CRAL-TRIO_s3)
  Epoch: current 114 | checkpoint 109 | best rolling-5 balanced accuracy 0.676436
  Latest train balanced accuracy: 0.993842
  Checkpoint valid:  predicted 0/1 = 83/92 | actual 0/1 = 64/111
Job 17258 (nps3mlp_dpt01_CRAL-TRIO_s4)
  Epoch: current 110 | checkpoint 7 | best rolling-5 balanced accuracy 0.649379
  Latest train balanced accuracy: 0.980197
  Checkpoint valid:  predicted 0/1 = 48/124 | actual 0/1 = 71/101
Job 17259 (nps3mlp_dpt01_START_s0)
  Epoch: current 106 | checkpoint 105 | best rolling-5 balanced accuracy 0.523652
  Latest train balanced accuracy: 0.992692
  Checkpoint valid:  predicted 0/1 = 90/28 | actual 0/1 = 16/102
Job 17260 (nps3mlp_dpt01_START_s1)
  Epoch: current 70 | checkpoint 47 | best rolling-5 balanced accuracy 0.717435
  Latest train balanced accuracy: 0.987985
  Checkpoint valid:  predicted 0/1 = 68/54 | actual 0/1 = 23/99
Job 17261 (nps3mlp_dpt01_START_s2)
  Epoch: current 71 | checkpoint 35 | best rolling-5 balanced accuracy 0.662500
  Latest train balanced accuracy: 0.990710
  Checkpoint valid:  predicted 0/1 = 47/77 | actual 0/1 = 28/96
Job 17262 (nps3mlp_dpt01_START_s3)
  Epoch: current 66 | checkpoint 47 | best rolling-5 balanced accuracy 0.637091
  Latest train balanced accuracy: 0.972378
  Checkpoint valid:  predicted 0/1 = 84/40 | actual 0/1 = 25/99
Job 17263 (nps3mlp_dpt01_START_s4)
  Epoch: current 49 | checkpoint 31 | best rolling-5 balanced accuracy 0.614167
  Latest train balanced accuracy: 0.963757
  Checkpoint valid:  predicted 0/1 = 82/44 | actual 0/1 = 30/96
Job 17264 (nps3mlp_dpt01_lipocalin_s0)
  Epoch: current 47 | checkpoint 29 | best rolling-5 balanced accuracy 0.602609
  Latest train balanced accuracy: 0.961981
  Checkpoint valid:  predicted 0/1 = 81/55 | actual 0/1 = 90/46
Job 17265 (nps3mlp_dpt01_lipocalin_s1)
  Epoch: current 14 | checkpoint 1 | best rolling-5 balanced accuracy 0.500000
  Latest train balanced accuracy: 0.804479
  Checkpoint valid:  predicted 0/1 = 0/123 | actual 0/1 = 79/44
Job 17266 (nps3mlp_dpt01_lipocalin_s2)
  Epoch: current 11 | checkpoint 1 | best rolling-5 balanced accuracy 0.631250
  Latest train balanced accuracy: 0.781309
  Checkpoint valid:  predicted 0/1 = 100/36 | actual 0/1 = 96/40
Next waiting job start: OAR has not scheduled one yet.
OAR jobs: running=17 waiting=32 other=0 total=49 pending_queue=0. Checking again in 300 seconds.


******************************************************
                RESTRICTED ACCESS

      If you can't access, please, make sure
            you've accepted the charter
      https://perseus.univ-grenoble-alpes.fr/

******************************************************

