=== COMMON + ATTENTION | excluded group: GLTP | seed: 0 | GPU: NVIDIA A100-PCIE-40GB | batch: 32 ===

number of parameters : 1075404
train : (1224, 12)
valid : (55, 12)
test : (55, 12)
class weights : [1.1147540807724, 0.9066666960716248]
data extracted

NOTE: Using experimental fast data loading logic. To disable, pass
    "--load_fast=false" and report issues on GitHub. More details:
    https://github.com/tensorflow/tensorboard/issues/4784

EPOCH 1:
train batch 1: predictions shape=(32, 2), labels shape=(32,)
epoch : 1
batch : 1/39
train accuracy : 0.625
train pred 0/1 : 0/32 label 0/1 : 12/20
train batch 2: predictions shape=(32, 2), labels shape=(32,)
epoch : 1
batch : 2/39
train accuracy : 0.625
train pred 0/1 : 0/32 label 0/1 : 12/20
train batch 3: predictions shape=(32, 2), labels shape=(32,)
epoch : 1
batch : 3/39
train accuracy : 0.3125
train pred 0/1 : 32/0 label 0/1 : 10/22
train batch 4: predictions shape=(32, 2), labels shape=(32,)
epoch : 1
batch : 4/39
train accuracy : 0.59375
train pred 0/1 : 0/32 label 0/1 : 13/19
train batch 5: predictions shape=(32, 2), labels shape=(32,)
epoch : 1
batch : 5/39
train accuracy : 0.4375
train pred 0/1 : 0/32 label 0/1 : 18/14
train batch 6: predictions shape=(32, 2), labels shape=(32,)
epoch : 1
batch : 6/39
train accuracy : 0.40625
train pred 0/1 : 32/0 label 0/1 : 13/19
train batch 7: predictions shape=(32, 2), labels shape=(32,)
epoch : 1
batch : 7/39
train accuracy : 0.40625
train pred 0/1 : 32/0 label 0/1 : 13/19
train batch 8: predictions shape=(32, 2), labels shape=(32,)
epoch : 1
batch : 8/39
train accuracy : 0.40625
train pred 0/1 : 32/0 label 0/1 : 13/19
train batch 9: predictions shape=(32, 2), labels shape=(32,)
epoch : 1
batch : 9/39
train accuracy : 0.40625
train pred 0/1 : 32/0 label 0/1 : 13/19
train batch 10: predictions shape=(32, 2), labels shape=(32,)
epoch : 1
batch : 10/39
train accuracy : 0.53125
train pred 0/1 : 32/0 label 0/1 : 17/15
train batch 11: predictions shape=(32, 2), labels shape=(32,)
epoch : 1
batch : 11/39
train accuracy : 0.40625
train pred 0/1 : 31/1 label 0/1 : 12/20
train batch 12: predictions shape=(32, 2), labels shape=(32,)
epoch : 1
batch : 12/39
train accuracy : 0.78125
train pred 0/1 : 4/28 label 0/1 : 11/21
train batch 13: predictions shape=(32, 2), labels shape=(32,)
epoch : 1
batch : 13/39
train accuracy : 0.46875
train pred 0/1 : 0/32 label 0/1 : 17/15
train batch 14: predictions shape=(32, 2), labels shape=(32,)
epoch : 1
batch : 14/39
train accuracy : 0.53125
train pred 0/1 : 1/31 label 0/1 : 14/18
train batch 15: predictions shape=(32, 2), labels shape=(32,)
epoch : 1
batch : 15/39
train accuracy : 0.75
train pred 0/1 : 10/22 label 0/1 : 16/16
train batch 16: predictions shape=(32, 2), labels shape=(32,)
epoch : 1
batch : 16/39
train accuracy : 0.375
train pred 0/1 : 31/1 label 0/1 : 11/21
train batch 17: predictions shape=(32, 2), labels shape=(32,)
epoch : 1
batch : 17/39
train accuracy : 0.46875
train pred 0/1 : 30/2 label 0/1 : 13/19
train batch 18: predictions shape=(32, 2), labels shape=(32,)
epoch : 1
batch : 18/39
train accuracy : 0.625
train pred 0/1 : 11/21 label 0/1 : 13/19
train batch 19: predictions shape=(32, 2), labels shape=(32,)
epoch : 1
batch : 19/39
train accuracy : 0.59375
train pred 0/1 : 10/22 label 0/1 : 17/15
train batch 20: predictions shape=(32, 2), labels shape=(32,)
epoch : 1
batch : 20/39
train accuracy : 0.5625
train pred 0/1 : 9/23 label 0/1 : 19/13
train batch 21: predictions shape=(32, 2), labels shape=(32,)
epoch : 1
batch : 21/39
train accuracy : 0.625
train pred 0/1 : 32/0 label 0/1 : 20/12
train batch 22: predictions shape=(32, 2), labels shape=(32,)
epoch : 1
batch : 22/39
train accuracy : 0.4375
train pred 0/1 : 32/0 label 0/1 : 14/18
train batch 23: predictions shape=(32, 2), labels shape=(32,)
epoch : 1
batch : 23/39
train accuracy : 0.40625
train pred 0/1 : 32/0 label 0/1 : 13/19
train batch 24: predictions shape=(32, 2), labels shape=(32,)
epoch : 1
batch : 24/39
train accuracy : 0.46875
train pred 0/1 : 32/0 label 0/1 : 15/17
train batch 25: predictions shape=(32, 2), labels shape=(32,)
epoch : 1
batch : 25/39
train accuracy : 0.40625
train pred 0/1 : 32/0 label 0/1 : 13/19
train batch 26: predictions shape=(32, 2), labels shape=(32,)
epoch : 1
batch : 26/39
train accuracy : 0.5
train pred 0/1 : 32/0 label 0/1 : 16/16
train batch 27: predictions shape=(32, 2), labels shape=(32,)
epoch : 1
batch : 27/39
train accuracy : 0.65625
train pred 0/1 : 11/21 label 0/1 : 18/14
train batch 28: predictions shape=(32, 2), labels shape=(32,)
epoch : 1
batch : 28/39
train accuracy : 0.71875
train pred 0/1 : 12/20 label 0/1 : 15/17
train batch 29: predictions shape=(32, 2), labels shape=(32,)
epoch : 1
batch : 29/39
train accuracy : 0.65625
train pred 0/1 : 13/19 label 0/1 : 10/22
train batch 30: predictions shape=(32, 2), labels shape=(32,)
epoch : 1
batch : 30/39
train accuracy : 0.6875
train pred 0/1 : 19/13 label 0/1 : 17/15
train batch 31: predictions shape=(32, 2), labels shape=(32,)
epoch : 1
batch : 31/39
train accuracy : 0.65625
train pred 0/1 : 15/17 label 0/1 : 8/24
train batch 32: predictions shape=(32, 2), labels shape=(32,)
epoch : 1
batch : 32/39
train accuracy : 0.84375
train pred 0/1 : 12/20 label 0/1 : 15/17
train batch 33: predictions shape=(32, 2), labels shape=(32,)
epoch : 1
batch : 33/39
train accuracy : 0.65625
train pred 0/1 : 18/14 label 0/1 : 15/17
train batch 34: predictions shape=(32, 2), labels shape=(32,)
epoch : 1
batch : 34/39
train accuracy : 0.59375
train pred 0/1 : 18/14 label 0/1 : 17/15
train batch 35: predictions shape=(32, 2), labels shape=(32,)
epoch : 1
batch : 35/39
train accuracy : 0.625
train pred 0/1 : 21/11 label 0/1 : 17/15
train batch 36: predictions shape=(32, 2), labels shape=(32,)
epoch : 1
batch : 36/39
train accuracy : 0.625
train pred 0/1 : 24/8 label 0/1 : 16/16
train batch 37: predictions shape=(32, 2), labels shape=(32,)
epoch : 1
batch : 37/39
train accuracy : 0.6875
train pred 0/1 : 21/11 label 0/1 : 13/19
train batch 38: predictions shape=(32, 2), labels shape=(32,)
epoch : 1
batch : 38/39
train accuracy : 0.6875
train pred 0/1 : 7/25 label 0/1 : 15/17
train batch 39: predictions shape=(8, 2), labels shape=(8,)
epoch : 1
batch : 39/39
train accuracy : 0.5
train pred 0/1 : 1/7 label 0/1 : 5/3
VALIDATION
valid batch 1: predictions shape=(32, 2), labels shape=(32,)
valid batch : 1/2
valid accuracy : 0.40625
valid pred 0/1 : 14/18 label 0/1 : 7/25
valid batch 2: predictions shape=(23, 2), labels shape=(23,)
valid batch : 2/2
valid accuracy : 0.3913043439388275
valid pred 0/1 : 8/15 label 0/1 : 6/17
valid epoch balanced_accuracy: 0.288462
EPOCH 2:
train batch 1: predictions shape=(32, 2), labels shape=(32,)
epoch : 2
batch : 1/39
train accuracy : 0.6875
train pred 0/1 : 7/25 label 0/1 : 15/17
train batch 2: predictions shape=(32, 2), labels shape=(32,)
epoch : 2
batch : 2/39
train accuracy : 0.71875
train pred 0/1 : 17/15 label 0/1 : 14/18
train batch 3: predictions shape=(32, 2), labels shape=(32,)
epoch : 2
batch : 3/39
train accuracy : 0.625
train pred 0/1 : 19/13 label 0/1 : 17/15
train batch 4: predictions shape=(32, 2), labels shape=(32,)
epoch : 2
batch : 4/39
train accuracy : 0.71875
train pred 0/1 : 23/9 label 0/1 : 18/14
train batch 5: predictions shape=(32, 2), labels shape=(32,)
epoch : 2
batch : 5/39
train accuracy : 0.8125
train pred 0/1 : 19/13 label 0/1 : 17/15
train batch 6: predictions shape=(32, 2), labels shape=(32,)
epoch : 2
batch : 6/39
train accuracy : 0.625
train pred 0/1 : 17/15 label 0/1 : 9/23
train batch 7: predictions shape=(32, 2), labels shape=(32,)
epoch : 2
batch : 7/39
train accuracy : 0.75
train pred 0/1 : 19/13 label 0/1 : 19/13
train batch 8: predictions shape=(32, 2), labels shape=(32,)
epoch : 2
batch : 8/39
train accuracy : 0.71875
train pred 0/1 : 20/12 label 0/1 : 11/21
train batch 9: predictions shape=(32, 2), labels shape=(32,)
epoch : 2
batch : 9/39
train accuracy : 0.59375
train pred 0/1 : 15/17 label 0/1 : 16/16
train batch 10: predictions shape=(32, 2), labels shape=(32,)
epoch : 2
batch : 10/39
train accuracy : 0.875
train pred 0/1 : 10/22 label 0/1 : 12/20
train batch 11: predictions shape=(32, 2), labels shape=(32,)
epoch : 2
batch : 11/39
train accuracy : 0.6875
train pred 0/1 : 3/29 label 0/1 : 13/19
train batch 12: predictions shape=(32, 2), labels shape=(32,)
epoch : 2
batch : 12/39
train accuracy : 0.59375
train pred 0/1 : 6/26 label 0/1 : 17/15
train batch 13: predictions shape=(32, 2), labels shape=(32,)
epoch : 2
batch : 13/39
train accuracy : 0.625
train pred 0/1 : 11/21 label 0/1 : 15/17
train batch 14: predictions shape=(32, 2), labels shape=(32,)
epoch : 2
batch : 14/39
train accuracy : 0.84375
train pred 0/1 : 14/18 label 0/1 : 13/19
train batch 15: predictions shape=(32, 2), labels shape=(32,)
epoch : 2
batch : 15/39
train accuracy : 0.8125
train pred 0/1 : 9/23 label 0/1 : 11/21
train batch 16: predictions shape=(32, 2), labels shape=(32,)
epoch : 2
batch : 16/39
train accuracy : 0.78125
train pred 0/1 : 16/16 label 0/1 : 13/19
train batch 17: predictions shape=(32, 2), labels shape=(32,)
epoch : 2
batch : 17/39
train accuracy : 0.4375
train pred 0/1 : 16/16 label 0/1 : 16/16
train batch 18: predictions shape=(32, 2), labels shape=(32,)
epoch : 2
batch : 18/39
train accuracy : 0.78125
train pred 0/1 : 13/19 label 0/1 : 12/20
train batch 19: predictions shape=(32, 2), labels shape=(32,)
epoch : 2
batch : 19/39
train accuracy : 0.59375
train pred 0/1 : 14/18 label 0/1 : 13/19
train batch 20: predictions shape=(32, 2), labels shape=(32,)
epoch : 2
batch : 20/39
train accuracy : 0.84375
train pred 0/1 : 16/16 label 0/1 : 15/17
train batch 21: predictions shape=(32, 2), labels shape=(32,)
epoch : 2
batch : 21/39
train accuracy : 0.75
train pred 0/1 : 21/11 label 0/1 : 17/15
train batch 22: predictions shape=(32, 2), labels shape=(32,)
epoch : 2
batch : 22/39
train accuracy : 0.78125
train pred 0/1 : 12/20 label 0/1 : 9/23
train batch 23: predictions shape=(32, 2), labels shape=(32,)
epoch : 2
batch : 23/39
train accuracy : 0.71875
train pred 0/1 : 14/18 label 0/1 : 15/17
train batch 24: predictions shape=(32, 2), labels shape=(32,)
epoch : 2
batch : 24/39
train accuracy : 0.78125
train pred 0/1 : 18/14 label 0/1 : 15/17
train batch 25: predictions shape=(32, 2), labels shape=(32,)
epoch : 2
batch : 25/39
train accuracy : 0.5
train pred 0/1 : 24/8 label 0/1 : 10/22
train batch 26: predictions shape=(32, 2), labels shape=(32,)
epoch : 2
batch : 26/39
train accuracy : 0.78125
train pred 0/1 : 20/12 label 0/1 : 17/15
train batch 27: predictions shape=(32, 2), labels shape=(32,)
epoch : 2
batch : 27/39
train accuracy : 0.71875
train pred 0/1 : 17/15 label 0/1 : 14/18
train batch 28: predictions shape=(32, 2), labels shape=(32,)
epoch : 2
batch : 28/39
train accuracy : 0.8125
train pred 0/1 : 13/19 label 0/1 : 15/17
train batch 29: predictions shape=(32, 2), labels shape=(32,)
epoch : 2
batch : 29/39
train accuracy : 0.71875
train pred 0/1 : 18/14 label 0/1 : 19/13
train batch 30: predictions shape=(32, 2), labels shape=(32,)
epoch : 2
batch : 30/39
train accuracy : 0.65625
train pred 0/1 : 12/20 label 0/1 : 11/21
train batch 31: predictions shape=(32, 2), labels shape=(32,)
epoch : 2
batch : 31/39
train accuracy : 0.53125
train pred 0/1 : 10/22 label 0/1 : 17/15
train batch 32: predictions shape=(32, 2), labels shape=(32,)
epoch : 2
batch : 32/39
train accuracy : 0.6875
train pred 0/1 : 13/19 label 0/1 : 15/17
train batch 33: predictions shape=(32, 2), labels shape=(32,)
epoch : 2
batch : 33/39
train accuracy : 0.625
train pred 0/1 : 12/20 label 0/1 : 16/16
train batch 34: predictions shape=(32, 2), labels shape=(32,)
epoch : 2
batch : 34/39
train accuracy : 0.78125
train pred 0/1 : 17/15 label 0/1 : 14/18
train batch 35: predictions shape=(32, 2), labels shape=(32,)
epoch : 2
batch : 35/39
train accuracy : 0.75
train pred 0/1 : 12/20 label 0/1 : 12/20
train batch 36: predictions shape=(32, 2), labels shape=(32,)
epoch : 2
batch : 36/39
train accuracy : 0.8125
train pred 0/1 : 16/16 label 0/1 : 16/16
train batch 37: predictions shape=(32, 2), labels shape=(32,)
epoch : 2
batch : 37/39
train accuracy : 0.75
train pred 0/1 : 9/23 label 0/1 : 15/17
train batch 38: predictions shape=(32, 2), labels shape=(32,)
epoch : 2
batch : 38/39
train accuracy : 0.84375
train pred 0/1 : 13/19 label 0/1 : 12/20
train batch 39: predictions shape=(8, 2), labels shape=(8,)
epoch : 2
batch : 39/39
train accuracy : 0.75
train pred 0/1 : 4/4 label 0/1 : 4/4
VALIDATION
valid batch 1: predictions shape=(32, 2), labels shape=(32,)
valid batch : 1/2
valid accuracy : 0.09375
valid pred 0/1 : 21/11 label 0/1 : 8/24
valid batch 2: predictions shape=(23, 2), labels shape=(23,)
valid batch : 2/2
valid accuracy : 0.1304347813129425
valid pred 0/1 : 17/6 label 0/1 : 5/18
valid epoch balanced_accuracy: 0.097985
EPOCH 3:
train batch 1: predictions shape=(32, 2), labels shape=(32,)
epoch : 3
batch : 1/39
train accuracy : 0.75
train pred 0/1 : 14/18 label 0/1 : 12/20
train batch 2: predictions shape=(32, 2), labels shape=(32,)
epoch : 3
batch : 2/39
train accuracy : 0.875
train pred 0/1 : 14/18 label 0/1 : 14/18
train batch 3: predictions shape=(32, 2), labels shape=(32,)
epoch : 3
batch : 3/39
train accuracy : 0.8125
train pred 0/1 : 14/18 label 0/1 : 14/18
train batch 4: predictions shape=(32, 2), labels shape=(32,)
epoch : 3
batch : 4/39
train accuracy : 0.6875
train pred 0/1 : 12/20 label 0/1 : 18/14
train batch 5: predictions shape=(32, 2), labels shape=(32,)
epoch : 3
batch : 5/39
train accuracy : 0.78125
train pred 0/1 : 16/16 label 0/1 : 17/15
train batch 6: predictions shape=(32, 2), labels shape=(32,)
epoch : 3
batch : 6/39
train accuracy : 0.75
train pred 0/1 : 12/20 label 0/1 : 12/20
train batch 7: predictions shape=(32, 2), labels shape=(32,)
epoch : 3
batch : 7/39
train accuracy : 0.78125
train pred 0/1 : 15/17 label 0/1 : 14/18
train batch 8: predictions shape=(32, 2), labels shape=(32,)
epoch : 3
batch : 8/39
train accuracy : 0.78125
train pred 0/1 : 12/20 label 0/1 : 17/15
train batch 9: predictions shape=(32, 2), labels shape=(32,)
epoch : 3
batch : 9/39
train accuracy : 0.78125
train pred 0/1 : 8/24 label 0/1 : 11/21
train batch 10: predictions shape=(32, 2), labels shape=(32,)
epoch : 3
batch : 10/39
train accuracy : 0.65625
train pred 0/1 : 15/17 label 0/1 : 10/22
train batch 11: predictions shape=(32, 2), labels shape=(32,)
epoch : 3
batch : 11/39
train accuracy : 0.75
train pred 0/1 : 7/25 label 0/1 : 9/23
train batch 12: predictions shape=(32, 2), labels shape=(32,)
epoch : 3
batch : 12/39
train accuracy : 0.65625
train pred 0/1 : 13/19 label 0/1 : 14/18
train batch 13: predictions shape=(32, 2), labels shape=(32,)
epoch : 3
batch : 13/39
train accuracy : 0.59375
train pred 0/1 : 11/21 label 0/1 : 16/16
train batch 14: predictions shape=(32, 2), labels shape=(32,)
epoch : 3
batch : 14/39
train accuracy : 0.84375
train pred 0/1 : 8/24 label 0/1 : 13/19
train batch 15: predictions shape=(32, 2), labels shape=(32,)
epoch : 3
batch : 15/39
train accuracy : 0.625
train pred 0/1 : 2/30 label 0/1 : 14/18
train batch 16: predictions shape=(32, 2), labels shape=(32,)
epoch : 3
batch : 16/39
train accuracy : 0.625
train pred 0/1 : 10/22 label 0/1 : 18/14
train batch 17: predictions shape=(32, 2), labels shape=(32,)
epoch : 3
batch : 17/39
train accuracy : 0.71875
train pred 0/1 : 15/17 label 0/1 : 12/20
train batch 18: predictions shape=(32, 2), labels shape=(32,)
epoch : 3
batch : 18/39
train accuracy : 0.8125
train pred 0/1 : 12/20 label 0/1 : 10/22
train batch 19: predictions shape=(32, 2), labels shape=(32,)
epoch : 3
batch : 19/39
train accuracy : 0.75
train pred 0/1 : 8/24 label 0/1 : 12/20
train batch 20: predictions shape=(32, 2), labels shape=(32,)
epoch : 3
batch : 20/39
train accuracy : 0.8125
train pred 0/1 : 15/17 label 0/1 : 19/13
train batch 21: predictions shape=(32, 2), labels shape=(32,)
epoch : 3
batch : 21/39
train accuracy : 0.75
train pred 0/1 : 15/17 label 0/1 : 19/13
train batch 22: predictions shape=(32, 2), labels shape=(32,)
epoch : 3
batch : 22/39
train accuracy : 0.84375
train pred 0/1 : 16/16 label 0/1 : 17/15
train batch 23: predictions shape=(32, 2), labels shape=(32,)
epoch : 3
batch : 23/39
train accuracy : 0.84375
train pred 0/1 : 11/21 label 0/1 : 14/18
train batch 24: predictions shape=(32, 2), labels shape=(32,)
epoch : 3
batch : 24/39
train accuracy : 0.71875
train pred 0/1 : 18/14 label 0/1 : 15/17
train batch 25: predictions shape=(32, 2), labels shape=(32,)
epoch : 3
batch : 25/39
train accuracy : 0.5625
train pred 0/1 : 18/14 label 0/1 : 16/16
train batch 26: predictions shape=(32, 2), labels shape=(32,)
epoch : 3
batch : 26/39
train accuracy : 0.65625
train pred 0/1 : 11/21 label 0/1 : 16/16
train batch 27: predictions shape=(32, 2), labels shape=(32,)
epoch : 3
batch : 27/39
train accuracy : 0.78125
train pred 0/1 : 8/24 label 0/1 : 11/21
train batch 28: predictions shape=(32, 2), labels shape=(32,)
epoch : 3
batch : 28/39
train accuracy : 0.71875
train pred 0/1 : 22/10 label 0/1 : 21/11
train batch 29: predictions shape=(32, 2), labels shape=(32,)
epoch : 3
batch : 29/39
train accuracy : 0.6875
train pred 0/1 : 13/19 label 0/1 : 9/23
train batch 30: predictions shape=(32, 2), labels shape=(32,)
epoch : 3
batch : 30/39
train accuracy : 0.84375
train pred 0/1 : 15/17 label 0/1 : 16/16
train batch 31: predictions shape=(32, 2), labels shape=(32,)
epoch : 3
batch : 31/39
train accuracy : 0.71875
train pred 0/1 : 18/14 label 0/1 : 19/13
train batch 32: predictions shape=(32, 2), labels shape=(32,)
epoch : 3
batch : 32/39
train accuracy : 0.84375
train pred 0/1 : 13/19 label 0/1 : 14/18
train batch 33: predictions shape=(32, 2), labels shape=(32,)
epoch : 3
batch : 33/39
train accuracy : 0.84375
train pred 0/1 : 9/23 label 0/1 : 14/18
train batch 34: predictions shape=(32, 2), labels shape=(32,)
epoch : 3
batch : 34/39
train accuracy : 0.75
train pred 0/1 : 15/17 label 0/1 : 15/17
train batch 35: predictions shape=(32, 2), labels shape=(32,)
epoch : 3
batch : 35/39
train accuracy : 0.84375
train pred 0/1 : 17/15 label 0/1 : 16/16
train batch 36: predictions shape=(32, 2), labels shape=(32,)
epoch : 3
batch : 36/39
train accuracy : 0.75
train pred 0/1 : 13/19 label 0/1 : 15/17
train batch 37: predictions shape=(32, 2), labels shape=(32,)
epoch : 3
batch : 37/39
train accuracy : 0.78125
train pred 0/1 : 13/19 label 0/1 : 12/20
train batch 38: predictions shape=(32, 2), labels shape=(32,)
epoch : 3
batch : 38/39
train accuracy : 0.78125
train pred 0/1 : 11/21 label 0/1 : 12/20
train batch 39: predictions shape=(8, 2), labels shape=(8,)
epoch : 3
batch : 39/39
train accuracy : 1.0
train pred 0/1 : 2/6 label 0/1 : 2/6
VALIDATION
valid batch 1: predictions shape=(32, 2), labels shape=(32,)
valid batch : 1/2
valid accuracy : 0.0625
valid pred 0/1 : 27/5 label 0/1 : 5/27
valid batch 2: predictions shape=(23, 2), labels shape=(23,)
valid batch : 2/2
valid accuracy : 0.17391304671764374
valid pred 0/1 : 11/12 label 0/1 : 8/15
valid epoch balanced_accuracy: 0.097985
EPOCH 4:
train batch 1: predictions shape=(32, 2), labels shape=(32,)
epoch : 4
batch : 1/39
train accuracy : 0.65625
train pred 0/1 : 11/21 label 0/1 : 12/20
train batch 2: predictions shape=(32, 2), labels shape=(32,)
epoch : 4
batch : 2/39
train accuracy : 0.6875
train pred 0/1 : 15/17 label 0/1 : 19/13
train batch 3: predictions shape=(32, 2), labels shape=(32,)
epoch : 4
batch : 3/39
train accuracy : 0.6875
train pred 0/1 : 10/22 label 0/1 : 14/18
train batch 4: predictions shape=(32, 2), labels shape=(32,)
epoch : 4
batch : 4/39
train accuracy : 0.6875
train pred 0/1 : 8/24 label 0/1 : 12/20
train batch 5: predictions shape=(32, 2), labels shape=(32,)
epoch : 4
batch : 5/39
train accuracy : 0.84375
train pred 0/1 : 12/20 label 0/1 : 17/15
train batch 6: predictions shape=(32, 2), labels shape=(32,)
epoch : 4
batch : 6/39
train accuracy : 0.75
train pred 0/1 : 16/16 label 0/1 : 14/18
train batch 7: predictions shape=(32, 2), labels shape=(32,)
epoch : 4
batch : 7/39
train accuracy : 0.875
train pred 0/1 : 10/22 label 0/1 : 12/20
train batch 8: predictions shape=(32, 2), labels shape=(32,)
epoch : 4
batch : 8/39
train accuracy : 0.6875
train pred 0/1 : 14/18 label 0/1 : 14/18
train batch 9: predictions shape=(32, 2), labels shape=(32,)
epoch : 4
batch : 9/39
train accuracy : 0.84375
train pred 0/1 : 12/20 label 0/1 : 11/21
train batch 10: predictions shape=(32, 2), labels shape=(32,)
epoch : 4
batch : 10/39
train accuracy : 0.84375
train pred 0/1 : 15/17 label 0/1 : 16/16
train batch 11: predictions shape=(32, 2), labels shape=(32,)
epoch : 4
batch : 11/39
train accuracy : 0.75
train pred 0/1 : 19/13 label 0/1 : 25/7
train batch 12: predictions shape=(32, 2), labels shape=(32,)
epoch : 4
batch : 12/39
train accuracy : 0.75
train pred 0/1 : 17/15 label 0/1 : 17/15
train batch 13: predictions shape=(32, 2), labels shape=(32,)
epoch : 4
batch : 13/39
train accuracy : 0.84375
train pred 0/1 : 14/18 label 0/1 : 15/17
train batch 14: predictions shape=(32, 2), labels shape=(32,)
epoch : 4
batch : 14/39
train accuracy : 0.625
train pred 0/1 : 16/16 label 0/1 : 18/14
train batch 15: predictions shape=(32, 2), labels shape=(32,)
epoch : 4
batch : 15/39
train accuracy : 0.84375
train pred 0/1 : 12/20 label 0/1 : 11/21
train batch 16: predictions shape=(32, 2), labels shape=(32,)
epoch : 4
batch : 16/39
train accuracy : 0.84375
train pred 0/1 : 12/20 label 0/1 : 13/19
train batch 17: predictions shape=(32, 2), labels shape=(32,)
epoch : 4
batch : 17/39
train accuracy : 0.78125
train pred 0/1 : 10/22 label 0/1 : 11/21
train batch 18: predictions shape=(32, 2), labels shape=(32,)
epoch : 4
batch : 18/39
train accuracy : 0.71875
train pred 0/1 : 17/15 label 0/1 : 14/18
train batch 19: predictions shape=(32, 2), labels shape=(32,)
epoch : 4
batch : 19/39
train accuracy : 0.8125
train pred 0/1 : 6/26 label 0/1 : 8/24
train batch 20: predictions shape=(32, 2), labels shape=(32,)
epoch : 4
batch : 20/39
train accuracy : 0.8125
train pred 0/1 : 13/19 label 0/1 : 13/19
train batch 21: predictions shape=(32, 2), labels shape=(32,)
epoch : 4
batch : 21/39
train accuracy : 0.71875
train pred 0/1 : 9/23 label 0/1 : 16/16
train batch 22: predictions shape=(32, 2), labels shape=(32,)
epoch : 4
batch : 22/39
train accuracy : 0.71875
train pred 0/1 : 12/20 label 0/1 : 15/17
train batch 23: predictions shape=(32, 2), labels shape=(32,)
epoch : 4
batch : 23/39
train accuracy : 0.78125
train pred 0/1 : 14/18 label 0/1 : 13/19
train batch 24: predictions shape=(32, 2), labels shape=(32,)
epoch : 4
batch : 24/39
train accuracy : 0.625
train pred 0/1 : 16/16 label 0/1 : 12/20
train batch 25: predictions shape=(32, 2), labels shape=(32,)
epoch : 4
batch : 25/39
train accuracy : 0.8125
train pred 0/1 : 12/20 label 0/1 : 10/22
train batch 26: predictions shape=(32, 2), labels shape=(32,)
epoch : 4
batch : 26/39
train accuracy : 0.8125
train pred 0/1 : 13/19 label 0/1 : 17/15
train batch 27: predictions shape=(32, 2), labels shape=(32,)
epoch : 4
batch : 27/39
train accuracy : 0.625
train pred 0/1 : 13/19 label 0/1 : 17/15
train batch 28: predictions shape=(32, 2), labels shape=(32,)
epoch : 4
batch : 28/39
train accuracy : 0.6875
train pred 0/1 : 17/15 label 0/1 : 11/21
train batch 29: predictions shape=(32, 2), labels shape=(32,)
epoch : 4
batch : 29/39
train accuracy : 0.65625
train pred 0/1 : 10/22 label 0/1 : 11/21
train batch 30: predictions shape=(32, 2), labels shape=(32,)
epoch : 4
batch : 30/39
train accuracy : 0.6875
train pred 0/1 : 11/21 label 0/1 : 13/19
train batch 31: predictions shape=(32, 2), labels shape=(32,)
epoch : 4
batch : 31/39
train accuracy : 0.84375
train pred 0/1 : 11/21 label 0/1 : 16/16
train batch 32: predictions shape=(32, 2), labels shape=(32,)
epoch : 4
batch : 32/39
train accuracy : 0.625
train pred 0/1 : 6/26 label 0/1 : 16/16
train batch 33: predictions shape=(32, 2), labels shape=(32,)
epoch : 4
batch : 33/39
train accuracy : 0.65625
train pred 0/1 : 10/22 label 0/1 : 15/17
train batch 34: predictions shape=(32, 2), labels shape=(32,)
epoch : 4
batch : 34/39
train accuracy : 0.75
train pred 0/1 : 16/16 label 0/1 : 22/10
train batch 35: predictions shape=(32, 2), labels shape=(32,)
epoch : 4
batch : 35/39
train accuracy : 0.71875
train pred 0/1 : 14/18 label 0/1 : 13/19
train batch 36: predictions shape=(32, 2), labels shape=(32,)
epoch : 4
batch : 36/39
train accuracy : 0.65625
train pred 0/1 : 15/17 label 0/1 : 14/18
train batch 37: predictions shape=(32, 2), labels shape=(32,)
epoch : 4
batch : 37/39
train accuracy : 0.625
train pred 0/1 : 22/10 label 0/1 : 12/20
train batch 38: predictions shape=(32, 2), labels shape=(32,)
epoch : 4
batch : 38/39
train accuracy : 0.71875
train pred 0/1 : 14/18 label 0/1 : 15/17
train batch 39: predictions shape=(8, 2), labels shape=(8,)
epoch : 4
batch : 39/39
train accuracy : 0.75
train pred 0/1 : 5/3 label 0/1 : 5/3
VALIDATION
valid batch 1: predictions shape=(32, 2), labels shape=(32,)
valid batch : 1/2
valid accuracy : 0.125
valid pred 0/1 : 25/7 label 0/1 : 7/25
valid batch 2: predictions shape=(23, 2), labels shape=(23,)
valid batch : 2/2
valid accuracy : 0.1304347813129425
valid pred 0/1 : 14/9 label 0/1 : 6/17
valid epoch balanced_accuracy: 0.136447
EPOCH 5:
train batch 1: predictions shape=(32, 2), labels shape=(32,)
epoch : 5
batch : 1/39
train accuracy : 0.71875
train pred 0/1 : 16/16 label 0/1 : 13/19
train batch 2: predictions shape=(32, 2), labels shape=(32,)
epoch : 5
batch : 2/39
train accuracy : 0.65625
train pred 0/1 : 14/18 label 0/1 : 11/21
train batch 3: predictions shape=(32, 2), labels shape=(32,)
epoch : 5
batch : 3/39
train accuracy : 0.59375
train pred 0/1 : 17/15 label 0/1 : 18/14
train batch 4: predictions shape=(32, 2), labels shape=(32,)
epoch : 5
batch : 4/39
train accuracy : 0.75
train pred 0/1 : 13/19 label 0/1 : 19/13
train batch 5: predictions shape=(32, 2), labels shape=(32,)
epoch : 5
batch : 5/39
train accuracy : 0.71875
train pred 0/1 : 14/18 label 0/1 : 17/15
train batch 6: predictions shape=(32, 2), labels shape=(32,)
epoch : 5
batch : 6/39
train accuracy : 0.84375
train pred 0/1 : 18/14 label 0/1 : 17/15
train batch 7: predictions shape=(32, 2), labels shape=(32,)
epoch : 5
batch : 7/39
train accuracy : 0.78125
train pred 0/1 : 16/16 label 0/1 : 15/17
train batch 8: predictions shape=(32, 2), labels shape=(32,)
epoch : 5
batch : 8/39
train accuracy : 0.8125
train pred 0/1 : 13/19 label 0/1 : 17/15
train batch 9: predictions shape=(32, 2), labels shape=(32,)
epoch : 5
batch : 9/39
train accuracy : 0.875
train pred 0/1 : 15/17 label 0/1 : 17/15
train batch 10: predictions shape=(32, 2), labels shape=(32,)
epoch : 5
batch : 10/39
train accuracy : 0.75
train pred 0/1 : 14/18 label 0/1 : 16/16
train batch 11: predictions shape=(32, 2), labels shape=(32,)
epoch : 5
batch : 11/39
train accuracy : 0.65625
train pred 0/1 : 13/19 label 0/1 : 14/18
train batch 12: predictions shape=(32, 2), labels shape=(32,)
epoch : 5
batch : 12/39
train accuracy : 0.84375
train pred 0/1 : 17/15 label 0/1 : 20/12
train batch 13: predictions shape=(32, 2), labels shape=(32,)
epoch : 5
batch : 13/39
train accuracy : 0.84375
train pred 0/1 : 10/22 label 0/1 : 11/21
train batch 14: predictions shape=(32, 2), labels shape=(32,)
epoch : 5
batch : 14/39
train accuracy : 0.78125
train pred 0/1 : 9/23 label 0/1 : 14/18
train batch 15: predictions shape=(32, 2), labels shape=(32,)
epoch : 5
batch : 15/39
train accuracy : 0.71875
train pred 0/1 : 15/17 label 0/1 : 16/16
train batch 16: predictions shape=(32, 2), labels shape=(32,)
epoch : 5
batch : 16/39
train accuracy : 0.625
train pred 0/1 : 14/18 label 0/1 : 12/20
train batch 17: predictions shape=(32, 2), labels shape=(32,)
epoch : 5
batch : 17/39
train accuracy : 0.78125
train pred 0/1 : 9/23 label 0/1 : 12/20
train batch 18: predictions shape=(32, 2), labels shape=(32,)
epoch : 5
batch : 18/39
train accuracy : 0.8125
train pred 0/1 : 12/20 label 0/1 : 12/20
train batch 19: predictions shape=(32, 2), labels shape=(32,)
epoch : 5
batch : 19/39
train accuracy : 0.84375
train pred 0/1 : 12/20 label 0/1 : 13/19
train batch 20: predictions shape=(32, 2), labels shape=(32,)
epoch : 5
batch : 20/39
train accuracy : 0.78125
train pred 0/1 : 11/21 label 0/1 : 16/16
train batch 21: predictions shape=(32, 2), labels shape=(32,)
epoch : 5
batch : 21/39
train accuracy : 0.71875
train pred 0/1 : 16/16 label 0/1 : 19/13
train batch 22: predictions shape=(32, 2), labels shape=(32,)
epoch : 5
batch : 22/39
train accuracy : 0.78125
train pred 0/1 : 15/17 label 0/1 : 12/20
train batch 23: predictions shape=(32, 2), labels shape=(32,)
epoch : 5
batch : 23/39
train accuracy : 0.6875
train pred 0/1 : 8/24 label 0/1 : 14/18
train batch 24: predictions shape=(32, 2), labels shape=(32,)
epoch : 5
batch : 24/39
train accuracy : 0.875
train pred 0/1 : 16/16 label 0/1 : 14/18
train batch 25: predictions shape=(32, 2), labels shape=(32,)
epoch : 5
batch : 25/39
train accuracy : 0.71875
train pred 0/1 : 11/21 label 0/1 : 14/18
train batch 26: predictions shape=(32, 2), labels shape=(32,)
epoch : 5
batch : 26/39
train accuracy : 0.75
train pred 0/1 : 16/16 label 0/1 : 14/18
train batch 27: predictions shape=(32, 2), labels shape=(32,)
epoch : 5
batch : 27/39
train accuracy : 0.65625
train pred 0/1 : 12/20 label 0/1 : 19/13
train batch 28: predictions shape=(32, 2), labels shape=(32,)
epoch : 5
batch : 28/39
train accuracy : 0.875
train pred 0/1 : 9/23 label 0/1 : 11/21
train batch 29: predictions shape=(32, 2), labels shape=(32,)
epoch : 5
batch : 29/39
train accuracy : 0.625
train pred 0/1 : 16/16 label 0/1 : 16/16
train batch 30: predictions shape=(32, 2), labels shape=(32,)
epoch : 5
batch : 30/39
train accuracy : 0.8125
train pred 0/1 : 9/23 label 0/1 : 9/23
train batch 31: predictions shape=(32, 2), labels shape=(32,)
epoch : 5
batch : 31/39
train accuracy : 0.875
train pred 0/1 : 15/17 label 0/1 : 13/19
train batch 32: predictions shape=(32, 2), labels shape=(32,)
epoch : 5
batch : 32/39
train accuracy : 0.8125
train pred 0/1 : 11/21 label 0/1 : 9/23
train batch 33: predictions shape=(32, 2), labels shape=(32,)
epoch : 5
batch : 33/39
train accuracy : 0.84375
train pred 0/1 : 12/20 label 0/1 : 11/21
train batch 34: predictions shape=(32, 2), labels shape=(32,)
epoch : 5
batch : 34/39
train accuracy : 0.8125
train pred 0/1 : 15/17 label 0/1 : 15/17
train batch 35: predictions shape=(32, 2), labels shape=(32,)
epoch : 5
batch : 35/39
train accuracy : 0.78125
train pred 0/1 : 12/20 label 0/1 : 15/17
train batch 36: predictions shape=(32, 2), labels shape=(32,)
epoch : 5
batch : 36/39
train accuracy : 0.84375
train pred 0/1 : 15/17 label 0/1 : 16/16
train batch 37: predictions shape=(32, 2), labels shape=(32,)
epoch : 5
batch : 37/39
train accuracy : 0.875
train pred 0/1 : 19/13 label 0/1 : 15/17
train batch 38: predictions shape=(32, 2), labels shape=(32,)
epoch : 5
batch : 38/39
train accuracy : 0.71875
train pred 0/1 : 13/19 label 0/1 : 12/20
train batch 39: predictions shape=(8, 2), labels shape=(8,)
epoch : 5
batch : 39/39
train accuracy : 0.625
train pred 0/1 : 4/4 label 0/1 : 1/7
VALIDATION
valid batch 1: predictions shape=(32, 2), labels shape=(32,)
valid batch : 1/2
valid accuracy : 0.1875
valid pred 0/1 : 21/11 label 0/1 : 7/25
valid batch 2: predictions shape=(23, 2), labels shape=(23,)
valid batch : 2/2
valid accuracy : 0.043478261679410934
valid pred 0/1 : 16/7 label 0/1 : 6/17
valid epoch balanced_accuracy: 0.109890
EPOCH 6:
train batch 1: predictions shape=(32, 2), labels shape=(32,)
epoch : 6
batch : 1/39
train accuracy : 0.84375
train pred 0/1 : 17/15 label 0/1 : 18/14
train batch 2: predictions shape=(32, 2), labels shape=(32,)
epoch : 6
batch : 2/39
train accuracy : 0.78125
train pred 0/1 : 15/17 label 0/1 : 16/16
train batch 3: predictions shape=(32, 2), labels shape=(32,)
epoch : 6
batch : 3/39
train accuracy : 0.71875
train pred 0/1 : 18/14 label 0/1 : 15/17
train batch 4: predictions shape=(32, 2), labels shape=(32,)
epoch : 6
batch : 4/39
train accuracy : 0.78125
train pred 0/1 : 13/19 label 0/1 : 18/14
train batch 5: predictions shape=(32, 2), labels shape=(32,)
epoch : 6
batch : 5/39
train accuracy : 0.65625
train pred 0/1 : 10/22 label 0/1 : 15/17
train batch 6: predictions shape=(32, 2), labels shape=(32,)
epoch : 6
batch : 6/39
train accuracy : 0.8125
train pred 0/1 : 17/15 label 0/1 : 15/17
train batch 7: predictions shape=(32, 2), labels shape=(32,)
epoch : 6
batch : 7/39
train accuracy : 0.71875
train pred 0/1 : 12/20 label 0/1 : 19/13
train batch 8: predictions shape=(32, 2), labels shape=(32,)
epoch : 6
batch : 8/39
train accuracy : 0.6875
train pred 0/1 : 13/19 label 0/1 : 19/13
train batch 9: predictions shape=(32, 2), labels shape=(32,)
epoch : 6
batch : 9/39
train accuracy : 0.78125
train pred 0/1 : 20/12 label 0/1 : 15/17
train batch 10: predictions shape=(32, 2), labels shape=(32,)
epoch : 6
batch : 10/39
train accuracy : 0.6875
train pred 0/1 : 14/18 label 0/1 : 16/16
train batch 11: predictions shape=(32, 2), labels shape=(32,)
epoch : 6
batch : 11/39
train accuracy : 0.71875
train pred 0/1 : 12/20 label 0/1 : 9/23
train batch 12: predictions shape=(32, 2), labels shape=(32,)
epoch : 6
batch : 12/39
train accuracy : 0.8125
train pred 0/1 : 10/22 label 0/1 : 10/22
train batch 13: predictions shape=(32, 2), labels shape=(32,)
epoch : 6
batch : 13/39
train accuracy : 0.6875
train pred 0/1 : 8/24 label 0/1 : 12/20
train batch 14: predictions shape=(32, 2), labels shape=(32,)
epoch : 6
batch : 14/39
train accuracy : 0.84375
train pred 0/1 : 11/21 label 0/1 : 14/18
train batch 15: predictions shape=(32, 2), labels shape=(32,)
epoch : 6
batch : 15/39
train accuracy : 0.6875
train pred 0/1 : 11/21 label 0/1 : 11/21
train batch 16: predictions shape=(32, 2), labels shape=(32,)
epoch : 6
batch : 16/39
train accuracy : 0.78125
train pred 0/1 : 17/15 label 0/1 : 18/14
train batch 17: predictions shape=(32, 2), labels shape=(32,)
epoch : 6
batch : 17/39
train accuracy : 0.78125
train pred 0/1 : 9/23 label 0/1 : 12/20
train batch 18: predictions shape=(32, 2), labels shape=(32,)
epoch : 6
batch : 18/39
train accuracy : 0.71875
train pred 0/1 : 14/18 label 0/1 : 13/19
train batch 19: predictions shape=(32, 2), labels shape=(32,)
epoch : 6
batch : 19/39
train accuracy : 0.75
train pred 0/1 : 12/20 label 0/1 : 14/18
train batch 20: predictions shape=(32, 2), labels shape=(32,)
epoch : 6
batch : 20/39
train accuracy : 0.8125
train pred 0/1 : 12/20 label 0/1 : 12/20
train batch 21: predictions shape=(32, 2), labels shape=(32,)
epoch : 6
batch : 21/39
train accuracy : 0.625
train pred 0/1 : 11/21 label 0/1 : 19/13
train batch 22: predictions shape=(32, 2), labels shape=(32,)
epoch : 6
batch : 22/39
train accuracy : 0.6875
train pred 0/1 : 9/23 label 0/1 : 13/19
train batch 23: predictions shape=(32, 2), labels shape=(32,)
epoch : 6
batch : 23/39
train accuracy : 0.75
train pred 0/1 : 14/18 label 0/1 : 16/16
train batch 24: predictions shape=(32, 2), labels shape=(32,)
epoch : 6
batch : 24/39
train accuracy : 0.71875
train pred 0/1 : 9/23 label 0/1 : 14/18
train batch 25: predictions shape=(32, 2), labels shape=(32,)
epoch : 6
batch : 25/39
train accuracy : 0.75
train pred 0/1 : 11/21 label 0/1 : 19/13
train batch 26: predictions shape=(32, 2), labels shape=(32,)
epoch : 6
batch : 26/39
train accuracy : 0.8125
train pred 0/1 : 12/20 label 0/1 : 16/16
train batch 27: predictions shape=(32, 2), labels shape=(32,)
epoch : 6
batch : 27/39
train accuracy : 0.71875
train pred 0/1 : 10/22 label 0/1 : 9/23
train batch 28: predictions shape=(32, 2), labels shape=(32,)
epoch : 6
batch : 28/39
train accuracy : 0.8125
train pred 0/1 : 14/18 label 0/1 : 10/22
train batch 29: predictions shape=(32, 2), labels shape=(32,)
epoch : 6
batch : 29/39
train accuracy : 0.6875
train pred 0/1 : 11/21 label 0/1 : 13/19
train batch 30: predictions shape=(32, 2), labels shape=(32,)
epoch : 6
batch : 30/39
train accuracy : 0.78125
train pred 0/1 : 12/20 label 0/1 : 17/15
train batch 31: predictions shape=(32, 2), labels shape=(32,)
epoch : 6
batch : 31/39
train accuracy : 0.8125
train pred 0/1 : 12/20 label 0/1 : 14/18
train batch 32: predictions shape=(32, 2), labels shape=(32,)
epoch : 6
batch : 32/39
train accuracy : 0.8125
train pred 0/1 : 14/18 label 0/1 : 12/20
train batch 33: predictions shape=(32, 2), labels shape=(32,)
epoch : 6
batch : 33/39
train accuracy : 0.875
train pred 0/1 : 11/21 label 0/1 : 15/17
train batch 34: predictions shape=(32, 2), labels shape=(32,)
epoch : 6
batch : 34/39
train accuracy : 0.6875
train pred 0/1 : 17/15 label 0/1 : 13/19
train batch 35: predictions shape=(32, 2), labels shape=(32,)
epoch : 6
batch : 35/39
train accuracy : 0.6875
train pred 0/1 : 11/21 label 0/1 : 17/15
train batch 36: predictions shape=(32, 2), labels shape=(32,)
epoch : 6
batch : 36/39
train accuracy : 0.78125
train pred 0/1 : 16/16 label 0/1 : 17/15
train batch 37: predictions shape=(32, 2), labels shape=(32,)
epoch : 6
batch : 37/39
train accuracy : 0.71875
train pred 0/1 : 13/19 label 0/1 : 12/20
train batch 38: predictions shape=(32, 2), labels shape=(32,)
epoch : 6
batch : 38/39
train accuracy : 0.84375
train pred 0/1 : 7/25 label 0/1 : 10/22
train batch 39: predictions shape=(8, 2), labels shape=(8,)
epoch : 6
batch : 39/39
train accuracy : 0.875
train pred 0/1 : 3/5 label 0/1 : 2/6
VALIDATION
valid batch 1: predictions shape=(32, 2), labels shape=(32,)
valid batch : 1/2
valid accuracy : 0.15625
valid pred 0/1 : 20/12 label 0/1 : 9/23
valid batch 2: predictions shape=(23, 2), labels shape=(23,)
valid batch : 2/2
valid accuracy : 0.1304347813129425
valid pred 0/1 : 16/7 label 0/1 : 4/19
valid epoch balanced_accuracy: 0.121795
EPOCH 7:
train batch 1: predictions shape=(32, 2), labels shape=(32,)
epoch : 7
batch : 1/39
train accuracy : 0.78125
train pred 0/1 : 11/21 label 0/1 : 14/18
train batch 2: predictions shape=(32, 2), labels shape=(32,)
epoch : 7
batch : 2/39
train accuracy : 0.84375
train pred 0/1 : 15/17 label 0/1 : 16/16
train batch 3: predictions shape=(32, 2), labels shape=(32,)
epoch : 7
batch : 3/39
train accuracy : 0.6875
train pred 0/1 : 17/15 label 0/1 : 15/17
train batch 4: predictions shape=(32, 2), labels shape=(32,)
epoch : 7
batch : 4/39
train accuracy : 0.625
train pred 0/1 : 15/17 label 0/1 : 17/15
train batch 5: predictions shape=(32, 2), labels shape=(32,)
epoch : 7
batch : 5/39
train accuracy : 0.75
train pred 0/1 : 16/16 label 0/1 : 20/12
train batch 6: predictions shape=(32, 2), labels shape=(32,)
epoch : 7
batch : 6/39
train accuracy : 0.78125
train pred 0/1 : 19/13 label 0/1 : 18/14
train batch 7: predictions shape=(32, 2), labels shape=(32,)
epoch : 7
batch : 7/39
train accuracy : 0.84375
train pred 0/1 : 14/18 label 0/1 : 13/19
train batch 8: predictions shape=(32, 2), labels shape=(32,)
epoch : 7
batch : 8/39
train accuracy : 0.78125
train pred 0/1 : 14/18 label 0/1 : 17/15
train batch 9: predictions shape=(32, 2), labels shape=(32,)
epoch : 7
batch : 9/39
train accuracy : 0.6875
train pred 0/1 : 16/16 label 0/1 : 14/18
train batch 10: predictions shape=(32, 2), labels shape=(32,)
epoch : 7
batch : 10/39
train accuracy : 0.6875
train pred 0/1 : 13/19 label 0/1 : 9/23
train batch 11: predictions shape=(32, 2), labels shape=(32,)
epoch : 7
batch : 11/39
train accuracy : 0.84375
train pred 0/1 : 14/18 label 0/1 : 19/13
train batch 12: predictions shape=(32, 2), labels shape=(32,)
epoch : 7
batch : 12/39
train accuracy : 0.8125
train pred 0/1 : 7/25 label 0/1 : 13/19
train batch 13: predictions shape=(32, 2), labels shape=(32,)
epoch : 7
batch : 13/39
train accuracy : 0.8125
train pred 0/1 : 8/24 label 0/1 : 14/18
train batch 14: predictions shape=(32, 2), labels shape=(32,)
epoch : 7
batch : 14/39
train accuracy : 0.84375
train pred 0/1 : 6/26 label 0/1 : 11/21
train batch 15: predictions shape=(32, 2), labels shape=(32,)
epoch : 7
batch : 15/39
train accuracy : 0.65625
train pred 0/1 : 9/23 label 0/1 : 16/16
train batch 16: predictions shape=(32, 2), labels shape=(32,)
epoch : 7
batch : 16/39
train accuracy : 0.78125
train pred 0/1 : 5/27 label 0/1 : 10/22
train batch 17: predictions shape=(32, 2), labels shape=(32,)
epoch : 7
batch : 17/39
train accuracy : 0.8125
train pred 0/1 : 10/22 label 0/1 : 12/20
train batch 18: predictions shape=(32, 2), labels shape=(32,)
epoch : 7
batch : 18/39
train accuracy : 0.8125
train pred 0/1 : 9/23 label 0/1 : 13/19
train batch 19: predictions shape=(32, 2), labels shape=(32,)
epoch : 7
batch : 19/39
train accuracy : 0.71875
train pred 0/1 : 11/21 label 0/1 : 16/16
train batch 20: predictions shape=(32, 2), labels shape=(32,)
epoch : 7
batch : 20/39
train accuracy : 0.8125
train pred 0/1 : 14/18 label 0/1 : 14/18
train batch 21: predictions shape=(32, 2), labels shape=(32,)
epoch : 7
batch : 21/39
train accuracy : 0.84375
train pred 0/1 : 16/16 label 0/1 : 19/13
train batch 22: predictions shape=(32, 2), labels shape=(32,)
epoch : 7
batch : 22/39
train accuracy : 0.71875
train pred 0/1 : 15/17 label 0/1 : 18/14
train batch 23: predictions shape=(32, 2), labels shape=(32,)
epoch : 7
batch : 23/39
train accuracy : 0.875
train pred 0/1 : 12/20 label 0/1 : 8/24
train batch 24: predictions shape=(32, 2), labels shape=(32,)
epoch : 7
batch : 24/39
train accuracy : 0.875
train pred 0/1 : 15/17 label 0/1 : 11/21
train batch 25: predictions shape=(32, 2), labels shape=(32,)
epoch : 7
batch : 25/39
train accuracy : 0.96875
train pred 0/1 : 13/19 label 0/1 : 12/20
train batch 26: predictions shape=(32, 2), labels shape=(32,)
epoch : 7
batch : 26/39
train accuracy : 0.59375
train pred 0/1 : 15/17 label 0/1 : 16/16
train batch 27: predictions shape=(32, 2), labels shape=(32,)
epoch : 7
batch : 27/39
train accuracy : 0.78125
train pred 0/1 : 18/14 label 0/1 : 13/19
train batch 28: predictions shape=(32, 2), labels shape=(32,)
epoch : 7
batch : 28/39
train accuracy : 0.71875
train pred 0/1 : 16/16 label 0/1 : 13/19
train batch 29: predictions shape=(32, 2), labels shape=(32,)
epoch : 7
batch : 29/39
train accuracy : 0.875
train pred 0/1 : 11/21 label 0/1 : 9/23
train batch 30: predictions shape=(32, 2), labels shape=(32,)
epoch : 7
batch : 30/39
train accuracy : 0.78125
train pred 0/1 : 11/21 label 0/1 : 18/14
train batch 31: predictions shape=(32, 2), labels shape=(32,)
epoch : 7
batch : 31/39
train accuracy : 0.71875
train pred 0/1 : 8/24 label 0/1 : 13/19
train batch 32: predictions shape=(32, 2), labels shape=(32,)
epoch : 7
batch : 32/39
train accuracy : 0.65625
train pred 0/1 : 14/18 label 0/1 : 19/13
train batch 33: predictions shape=(32, 2), labels shape=(32,)
epoch : 7
batch : 33/39
train accuracy : 0.5625
train pred 0/1 : 27/5 label 0/1 : 19/13
train batch 34: predictions shape=(32, 2), labels shape=(32,)
epoch : 7
batch : 34/39
train accuracy : 0.65625
train pred 0/1 : 30/2 label 0/1 : 19/13
train batch 35: predictions shape=(32, 2), labels shape=(32,)
epoch : 7
batch : 35/39
train accuracy : 0.25
train pred 0/1 : 28/4 label 0/1 : 6/26
train batch 36: predictions shape=(32, 2), labels shape=(32,)
epoch : 7
batch : 36/39
train accuracy : 0.4375
train pred 0/1 : 27/5 label 0/1 : 13/19
train batch 37: predictions shape=(32, 2), labels shape=(32,)
epoch : 7
batch : 37/39
train accuracy : 0.625
train pred 0/1 : 14/18 label 0/1 : 14/18
train batch 38: predictions shape=(32, 2), labels shape=(32,)
epoch : 7
batch : 38/39
train accuracy : 0.625
train pred 0/1 : 6/26 label 0/1 : 14/18
train batch 39: predictions shape=(8, 2), labels shape=(8,)
epoch : 7
batch : 39/39
train accuracy : 0.5
train pred 0/1 : 0/8 label 0/1 : 4/4
VALIDATION
valid batch 1: predictions shape=(32, 2), labels shape=(32,)
valid batch : 1/2
valid accuracy : 0.0625
valid pred 0/1 : 24/8 label 0/1 : 8/24
valid batch 2: predictions shape=(23, 2), labels shape=(23,)
valid batch : 2/2
valid accuracy : 0.17391304671764374
valid pred 0/1 : 14/9 label 0/1 : 5/18
valid epoch balanced_accuracy: 0.097985
EPOCH 8:
train batch 1: predictions shape=(32, 2), labels shape=(32,)
epoch : 8
batch : 1/39
train accuracy : 0.71875
train pred 0/1 : 5/27 label 0/1 : 14/18
train batch 2: predictions shape=(32, 2), labels shape=(32,)
epoch : 8
batch : 2/39
train accuracy : 0.6875
train pred 0/1 : 6/26 label 0/1 : 14/18
train batch 3: predictions shape=(32, 2), labels shape=(32,)
epoch : 8
batch : 3/39
train accuracy : 0.625
train pred 0/1 : 6/26 label 0/1 : 16/16
train batch 4: predictions shape=(32, 2), labels shape=(32,)
epoch : 8
batch : 4/39
train accuracy : 0.6875
train pred 0/1 : 6/26 label 0/1 : 14/18
train batch 5: predictions shape=(32, 2), labels shape=(32,)
epoch : 8
batch : 5/39
train accuracy : 0.71875
train pred 0/1 : 5/27 label 0/1 : 14/18
train batch 6: predictions shape=(32, 2), labels shape=(32,)
epoch : 8
batch : 6/39
train accuracy : 0.53125
train pred 0/1 : 3/29 label 0/1 : 18/14
train batch 7: predictions shape=(32, 2), labels shape=(32,)
epoch : 8
batch : 7/39
train accuracy : 0.65625
train pred 0/1 : 2/30 label 0/1 : 13/19
train batch 8: predictions shape=(32, 2), labels shape=(32,)
epoch : 8
batch : 8/39
train accuracy : 0.65625
train pred 0/1 : 2/30 label 0/1 : 11/21
train batch 9: predictions shape=(32, 2), labels shape=(32,)
epoch : 8
batch : 9/39
train accuracy : 0.59375
train pred 0/1 : 4/28 label 0/1 : 17/15
train batch 10: predictions shape=(32, 2), labels shape=(32,)
epoch : 8
batch : 10/39
train accuracy : 0.6875
train pred 0/1 : 7/25 label 0/1 : 13/19
train batch 11: predictions shape=(32, 2), labels shape=(32,)
epoch : 8
batch : 11/39
train accuracy : 0.75
train pred 0/1 : 2/30 label 0/1 : 10/22
train batch 12: predictions shape=(32, 2), labels shape=(32,)
epoch : 8
batch : 12/39
train accuracy : 0.6875
train pred 0/1 : 3/29 label 0/1 : 13/19
train batch 13: predictions shape=(32, 2), labels shape=(32,)
epoch : 8
batch : 13/39
train accuracy : 0.5
train pred 0/1 : 7/25 label 0/1 : 21/11
train batch 14: predictions shape=(32, 2), labels shape=(32,)
epoch : 8
batch : 14/39
train accuracy : 0.75
train pred 0/1 : 3/29 label 0/1 : 11/21
train batch 15: predictions shape=(32, 2), labels shape=(32,)
epoch : 8
batch : 15/39
train accuracy : 0.59375
train pred 0/1 : 6/26 label 0/1 : 17/15
train batch 16: predictions shape=(32, 2), labels shape=(32,)
epoch : 8
batch : 16/39
train accuracy : 0.6875
train pred 0/1 : 7/25 label 0/1 : 17/15
train batch 17: predictions shape=(32, 2), labels shape=(32,)
epoch : 8
batch : 17/39
train accuracy : 0.6875
train pred 0/1 : 10/22 label 0/1 : 12/20
train batch 18: predictions shape=(32, 2), labels shape=(32,)
epoch : 8
batch : 18/39
train accuracy : 0.875
train pred 0/1 : 10/22 label 0/1 : 12/20
train batch 19: predictions shape=(32, 2), labels shape=(32,)
epoch : 8
batch : 19/39
train accuracy : 0.5
train pred 0/1 : 7/25 label 0/1 : 17/15
train batch 20: predictions shape=(32, 2), labels shape=(32,)
epoch : 8
batch : 20/39
train accuracy : 0.53125
train pred 0/1 : 2/30 label 0/1 : 17/15
train batch 21: predictions shape=(32, 2), labels shape=(32,)
epoch : 8
batch : 21/39
train accuracy : 0.75
train pred 0/1 : 11/21 label 0/1 : 17/15
train batch 22: predictions shape=(32, 2), labels shape=(32,)
epoch : 8
batch : 22/39
train accuracy : 0.65625
train pred 0/1 : 11/21 label 0/1 : 18/14
train batch 23: predictions shape=(32, 2), labels shape=(32,)
epoch : 8
batch : 23/39
train accuracy : 0.71875
train pred 0/1 : 11/21 label 0/1 : 18/14
train batch 24: predictions shape=(32, 2), labels shape=(32,)
epoch : 8
batch : 24/39
train accuracy : 0.6875
train pred 0/1 : 15/17 label 0/1 : 13/19
train batch 25: predictions shape=(32, 2), labels shape=(32,)
epoch : 8
batch : 25/39
train accuracy : 0.65625
train pred 0/1 : 21/11 label 0/1 : 14/18
train batch 26: predictions shape=(32, 2), labels shape=(32,)
epoch : 8
batch : 26/39
train accuracy : 0.71875
train pred 0/1 : 22/10 label 0/1 : 15/17
train batch 27: predictions shape=(32, 2), labels shape=(32,)
epoch : 8
batch : 27/39
train accuracy : 0.71875
train pred 0/1 : 23/9 label 0/1 : 16/16
train batch 28: predictions shape=(32, 2), labels shape=(32,)
epoch : 8
batch : 28/39
train accuracy : 0.8125
train pred 0/1 : 18/14 label 0/1 : 14/18
train batch 29: predictions shape=(32, 2), labels shape=(32,)
epoch : 8
batch : 29/39
train accuracy : 0.75
train pred 0/1 : 18/14 label 0/1 : 14/18
train batch 30: predictions shape=(32, 2), labels shape=(32,)
epoch : 8
batch : 30/39
train accuracy : 0.65625
train pred 0/1 : 16/16 label 0/1 : 11/21
train batch 31: predictions shape=(32, 2), labels shape=(32,)
epoch : 8
batch : 31/39
train accuracy : 0.78125
train pred 0/1 : 16/16 label 0/1 : 15/17
train batch 32: predictions shape=(32, 2), labels shape=(32,)
epoch : 8
batch : 32/39
train accuracy : 0.65625
train pred 0/1 : 16/16 label 0/1 : 19/13
train batch 33: predictions shape=(32, 2), labels shape=(32,)
epoch : 8
batch : 33/39
train accuracy : 0.71875
train pred 0/1 : 15/17 label 0/1 : 12/20
train batch 34: predictions shape=(32, 2), labels shape=(32,)
epoch : 8
batch : 34/39
train accuracy : 0.8125
train pred 0/1 : 13/19 label 0/1 : 9/23
train batch 35: predictions shape=(32, 2), labels shape=(32,)
epoch : 8
batch : 35/39
train accuracy : 0.78125
train pred 0/1 : 10/22 label 0/1 : 13/19
train batch 36: predictions shape=(32, 2), labels shape=(32,)
epoch : 8
batch : 36/39
train accuracy : 0.875
train pred 0/1 : 9/23 label 0/1 : 11/21
train batch 37: predictions shape=(32, 2), labels shape=(32,)
epoch : 8
batch : 37/39
train accuracy : 0.71875
train pred 0/1 : 10/22 label 0/1 : 11/21
train batch 38: predictions shape=(32, 2), labels shape=(32,)
epoch : 8
batch : 38/39
train accuracy : 0.6875
train pred 0/1 : 11/21 label 0/1 : 13/19
train batch 39: predictions shape=(8, 2), labels shape=(8,)
epoch : 8
batch : 39/39
train accuracy : 0.375
train pred 0/1 : 2/6 label 0/1 : 5/3
VALIDATION
valid batch 1: predictions shape=(32, 2), labels shape=(32,)
valid batch : 1/2
valid accuracy : 0.09375
valid pred 0/1 : 23/9 label 0/1 : 8/24
valid batch 2: predictions shape=(23, 2), labels shape=(23,)
valid batch : 2/2
valid accuracy : 0.1304347813129425
valid pred 0/1 : 15/8 label 0/1 : 5/18
valid epoch balanced_accuracy: 0.097985
EPOCH 9:
train batch 1: predictions shape=(32, 2), labels shape=(32,)
epoch : 9
batch : 1/39
train accuracy : 0.65625
train pred 0/1 : 8/24 label 0/1 : 13/19
train batch 2: predictions shape=(32, 2), labels shape=(32,)
epoch : 9
batch : 2/39
train accuracy : 0.875
train pred 0/1 : 13/19 label 0/1 : 11/21
train batch 3: predictions shape=(32, 2), labels shape=(32,)
epoch : 9
batch : 3/39
train accuracy : 0.875
train pred 0/1 : 9/23 label 0/1 : 13/19
train batch 4: predictions shape=(32, 2), labels shape=(32,)
epoch : 9
batch : 4/39
train accuracy : 0.78125
train pred 0/1 : 17/15 label 0/1 : 18/14
train batch 5: predictions shape=(32, 2), labels shape=(32,)
epoch : 9
batch : 5/39
train accuracy : 0.75
train pred 0/1 : 10/22 label 0/1 : 14/18
train batch 6: predictions shape=(32, 2), labels shape=(32,)
epoch : 9
batch : 6/39
train accuracy : 0.78125
train pred 0/1 : 8/24 label 0/1 : 11/21
train batch 7: predictions shape=(32, 2), labels shape=(32,)
epoch : 9
batch : 7/39
train accuracy : 0.8125
train pred 0/1 : 9/23 label 0/1 : 11/21
train batch 8: predictions shape=(32, 2), labels shape=(32,)
epoch : 9
batch : 8/39
train accuracy : 0.8125
train pred 0/1 : 14/18 label 0/1 : 14/18
train batch 9: predictions shape=(32, 2), labels shape=(32,)
epoch : 9
batch : 9/39
train accuracy : 0.75
train pred 0/1 : 10/22 label 0/1 : 14/18
train batch 10: predictions shape=(32, 2), labels shape=(32,)
epoch : 9
batch : 10/39
train accuracy : 0.65625
train pred 0/1 : 10/22 label 0/1 : 15/17
train batch 11: predictions shape=(32, 2), labels shape=(32,)
epoch : 9
batch : 11/39
train accuracy : 0.6875
train pred 0/1 : 13/19 label 0/1 : 13/19
train batch 12: predictions shape=(32, 2), labels shape=(32,)
epoch : 9
batch : 12/39
train accuracy : 0.625
train pred 0/1 : 14/18 label 0/1 : 20/12
train batch 13: predictions shape=(32, 2), labels shape=(32,)
epoch : 9
batch : 13/39
train accuracy : 0.75
train pred 0/1 : 14/18 label 0/1 : 20/12
train batch 14: predictions shape=(32, 2), labels shape=(32,)
epoch : 9
batch : 14/39
train accuracy : 0.71875
train pred 0/1 : 14/18 label 0/1 : 17/15
train batch 15: predictions shape=(32, 2), labels shape=(32,)
epoch : 9
batch : 15/39
train accuracy : 0.78125
train pred 0/1 : 12/20 label 0/1 : 13/19
train batch 16: predictions shape=(32, 2), labels shape=(32,)
epoch : 9
batch : 16/39
train accuracy : 0.75
train pred 0/1 : 14/18 label 0/1 : 12/20
train batch 17: predictions shape=(32, 2), labels shape=(32,)
epoch : 9
batch : 17/39
train accuracy : 0.8125
train pred 0/1 : 15/17 label 0/1 : 15/17
train batch 18: predictions shape=(32, 2), labels shape=(32,)
epoch : 9
batch : 18/39
train accuracy : 0.71875
train pred 0/1 : 10/22 label 0/1 : 13/19
train batch 19: predictions shape=(32, 2), labels shape=(32,)
epoch : 9
batch : 19/39
train accuracy : 0.65625
train pred 0/1 : 15/17 label 0/1 : 14/18
train batch 20: predictions shape=(32, 2), labels shape=(32,)
epoch : 9
batch : 20/39
train accuracy : 0.59375
train pred 0/1 : 13/19 label 0/1 : 16/16
train batch 21: predictions shape=(32, 2), labels shape=(32,)
epoch : 9
batch : 21/39
train accuracy : 0.84375
train pred 0/1 : 12/20 label 0/1 : 15/17
train batch 22: predictions shape=(32, 2), labels shape=(32,)
epoch : 9
batch : 22/39
train accuracy : 0.75
train pred 0/1 : 14/18 label 0/1 : 16/16
train batch 23: predictions shape=(32, 2), labels shape=(32,)
epoch : 9
batch : 23/39
train accuracy : 0.8125
train pred 0/1 : 15/17 label 0/1 : 13/19
train batch 24: predictions shape=(32, 2), labels shape=(32,)
epoch : 9
batch : 24/39
train accuracy : 0.84375
train pred 0/1 : 9/23 label 0/1 : 6/26
train batch 25: predictions shape=(32, 2), labels shape=(32,)
epoch : 9
batch : 25/39
train accuracy : 0.75
train pred 0/1 : 11/21 label 0/1 : 15/17
train batch 26: predictions shape=(32, 2), labels shape=(32,)
epoch : 9
batch : 26/39
train accuracy : 0.71875
train pred 0/1 : 15/17 label 0/1 : 18/14
train batch 27: predictions shape=(32, 2), labels shape=(32,)
epoch : 9
batch : 27/39
train accuracy : 0.84375
train pred 0/1 : 20/12 label 0/1 : 15/17
train batch 28: predictions shape=(32, 2), labels shape=(32,)
epoch : 9
batch : 28/39
train accuracy : 0.6875
train pred 0/1 : 8/24 label 0/1 : 14/18
train batch 29: predictions shape=(32, 2), labels shape=(32,)
epoch : 9
batch : 29/39
train accuracy : 0.6875
train pred 0/1 : 15/17 label 0/1 : 17/15
train batch 30: predictions shape=(32, 2), labels shape=(32,)
epoch : 9
batch : 30/39
train accuracy : 0.65625
train pred 0/1 : 12/20 label 0/1 : 17/15
train batch 31: predictions shape=(32, 2), labels shape=(32,)
epoch : 9
batch : 31/39
train accuracy : 0.84375
train pred 0/1 : 11/21 label 0/1 : 14/18
train batch 32: predictions shape=(32, 2), labels shape=(32,)
epoch : 9
batch : 32/39
train accuracy : 0.8125
train pred 0/1 : 14/18 label 0/1 : 12/20
train batch 33: predictions shape=(32, 2), labels shape=(32,)
epoch : 9
batch : 33/39
train accuracy : 0.75
train pred 0/1 : 15/17 label 0/1 : 13/19
train batch 34: predictions shape=(32, 2), labels shape=(32,)
epoch : 9
batch : 34/39
train accuracy : 0.78125
train pred 0/1 : 10/22 label 0/1 : 13/19
train batch 35: predictions shape=(32, 2), labels shape=(32,)
epoch : 9
batch : 35/39
train accuracy : 0.75
train pred 0/1 : 11/21 label 0/1 : 11/21
train batch 36: predictions shape=(32, 2), labels shape=(32,)
epoch : 9
batch : 36/39
train accuracy : 0.75
train pred 0/1 : 16/16 label 0/1 : 16/16
train batch 37: predictions shape=(32, 2), labels shape=(32,)
epoch : 9
batch : 37/39
train accuracy : 0.75
train pred 0/1 : 12/20 label 0/1 : 12/20
train batch 38: predictions shape=(32, 2), labels shape=(32,)
epoch : 9
batch : 38/39
train accuracy : 0.84375
train pred 0/1 : 18/14 label 0/1 : 21/11
train batch 39: predictions shape=(8, 2), labels shape=(8,)
epoch : 9
batch : 39/39
train accuracy : 0.875
train pred 0/1 : 5/3 label 0/1 : 4/4
VALIDATION
valid batch 1: predictions shape=(32, 2), labels shape=(32,)
valid batch : 1/2
valid accuracy : 0.09375
valid pred 0/1 : 21/11 label 0/1 : 10/22
valid batch 2: predictions shape=(23, 2), labels shape=(23,)
valid batch : 2/2
valid accuracy : 0.1304347813129425
valid pred 0/1 : 17/6 label 0/1 : 3/20
valid epoch balanced_accuracy: 0.097985
EPOCH 10:
train batch 1: predictions shape=(32, 2), labels shape=(32,)
epoch : 10
batch : 1/39
train accuracy : 0.6875
train pred 0/1 : 10/22 label 0/1 : 18/14
train batch 2: predictions shape=(32, 2), labels shape=(32,)
epoch : 10
batch : 2/39
train accuracy : 0.6875
train pred 0/1 : 10/22 label 0/1 : 8/24
train batch 3: predictions shape=(32, 2), labels shape=(32,)
epoch : 10
batch : 3/39
train accuracy : 0.75
train pred 0/1 : 15/17 label 0/1 : 19/13
train batch 4: predictions shape=(32, 2), labels shape=(32,)
epoch : 10
batch : 4/39
train accuracy : 0.75
train pred 0/1 : 6/26 label 0/1 : 10/22
train batch 5: predictions shape=(32, 2), labels shape=(32,)
epoch : 10
batch : 5/39
train accuracy : 0.90625
train pred 0/1 : 17/15 label 0/1 : 16/16
train batch 6: predictions shape=(32, 2), labels shape=(32,)
epoch : 10
batch : 6/39
train accuracy : 0.8125
train pred 0/1 : 14/18 label 0/1 : 12/20
train batch 7: predictions shape=(32, 2), labels shape=(32,)
epoch : 10
batch : 7/39
train accuracy : 0.9375
train pred 0/1 : 7/25 label 0/1 : 7/25
train batch 8: predictions shape=(32, 2), labels shape=(32,)
epoch : 10
batch : 8/39
train accuracy : 0.65625
train pred 0/1 : 15/17 label 0/1 : 14/18
train batch 9: predictions shape=(32, 2), labels shape=(32,)
epoch : 10
batch : 9/39
train accuracy : 0.84375
train pred 0/1 : 7/25 label 0/1 : 10/22
train batch 10: predictions shape=(32, 2), labels shape=(32,)
epoch : 10
batch : 10/39
train accuracy : 0.8125
train pred 0/1 : 15/17 label 0/1 : 17/15
train batch 11: predictions shape=(32, 2), labels shape=(32,)
epoch : 10
batch : 11/39
train accuracy : 0.8125
train pred 0/1 : 16/16 label 0/1 : 18/14
train batch 12: predictions shape=(32, 2), labels shape=(32,)
epoch : 10
batch : 12/39
train accuracy : 0.78125
train pred 0/1 : 16/16 label 0/1 : 15/17
train batch 13: predictions shape=(32, 2), labels shape=(32,)
epoch : 10
batch : 13/39
train accuracy : 0.78125
train pred 0/1 : 17/15 label 0/1 : 20/12
train batch 14: predictions shape=(32, 2), labels shape=(32,)
epoch : 10
batch : 14/39
train accuracy : 0.8125
train pred 0/1 : 12/20 label 0/1 : 12/20
train batch 15: predictions shape=(32, 2), labels shape=(32,)
epoch : 10
batch : 15/39
train accuracy : 0.6875
train pred 0/1 : 14/18 label 0/1 : 16/16
train batch 16: predictions shape=(32, 2), labels shape=(32,)
epoch : 10
batch : 16/39
train accuracy : 0.75
train pred 0/1 : 11/21 label 0/1 : 13/19
train batch 17: predictions shape=(32, 2), labels shape=(32,)
epoch : 10
batch : 17/39
train accuracy : 0.78125
train pred 0/1 : 12/20 label 0/1 : 11/21
train batch 18: predictions shape=(32, 2), labels shape=(32,)
epoch : 10
batch : 18/39
train accuracy : 0.6875
train pred 0/1 : 11/21 label 0/1 : 13/19
train batch 19: predictions shape=(32, 2), labels shape=(32,)
epoch : 10
batch : 19/39
train accuracy : 0.75
train pred 0/1 : 16/16 label 0/1 : 16/16
train batch 20: predictions shape=(32, 2), labels shape=(32,)
epoch : 10
batch : 20/39
train accuracy : 0.65625
train pred 0/1 : 12/20 label 0/1 : 15/17
train batch 21: predictions shape=(32, 2), labels shape=(32,)
epoch : 10
batch : 21/39
train accuracy : 0.78125
train pred 0/1 : 14/18 label 0/1 : 21/11
train batch 22: predictions shape=(32, 2), labels shape=(32,)
epoch : 10
batch : 22/39
train accuracy : 0.78125
train pred 0/1 : 13/19 label 0/1 : 12/20
train batch 23: predictions shape=(32, 2), labels shape=(32,)
epoch : 10
batch : 23/39
train accuracy : 0.71875
train pred 0/1 : 11/21 label 0/1 : 16/16
train batch 24: predictions shape=(32, 2), labels shape=(32,)
epoch : 10
batch : 24/39
train accuracy : 0.71875
train pred 0/1 : 11/21 label 0/1 : 16/16
train batch 25: predictions shape=(32, 2), labels shape=(32,)
epoch : 10
batch : 25/39
train accuracy : 0.71875
train pred 0/1 : 17/15 label 0/1 : 18/14
train batch 26: predictions shape=(32, 2), labels shape=(32,)
epoch : 10
batch : 26/39
train accuracy : 0.84375
train pred 0/1 : 15/17 label 0/1 : 14/18
train batch 27: predictions shape=(32, 2), labels shape=(32,)
epoch : 10
batch : 27/39
train accuracy : 0.71875
train pred 0/1 : 11/21 label 0/1 : 14/18
train batch 28: predictions shape=(32, 2), labels shape=(32,)
epoch : 10
batch : 28/39
train accuracy : 0.78125
train pred 0/1 : 11/21 label 0/1 : 16/16
train batch 29: predictions shape=(32, 2), labels shape=(32,)
epoch : 10
batch : 29/39
train accuracy : 0.71875
train pred 0/1 : 7/25 label 0/1 : 14/18
train batch 30: predictions shape=(32, 2), labels shape=(32,)
epoch : 10
batch : 30/39
train accuracy : 0.75
train pred 0/1 : 10/22 label 0/1 : 12/20
train batch 31: predictions shape=(32, 2), labels shape=(32,)
epoch : 10
batch : 31/39
train accuracy : 0.625
train pred 0/1 : 12/20 label 0/1 : 10/22
train batch 32: predictions shape=(32, 2), labels shape=(32,)
epoch : 10
batch : 32/39
train accuracy : 0.78125
train pred 0/1 : 18/14 label 0/1 : 17/15
train batch 33: predictions shape=(32, 2), labels shape=(32,)
epoch : 10
batch : 33/39
train accuracy : 0.71875
train pred 0/1 : 14/18 label 0/1 : 15/17
train batch 34: predictions shape=(32, 2), labels shape=(32,)
epoch : 10
batch : 34/39
train accuracy : 0.75
train pred 0/1 : 8/24 label 0/1 : 10/22
train batch 35: predictions shape=(32, 2), labels shape=(32,)
epoch : 10
batch : 35/39
train accuracy : 0.59375
train pred 0/1 : 15/17 label 0/1 : 14/18
train batch 36: predictions shape=(32, 2), labels shape=(32,)
epoch : 10
batch : 36/39
train accuracy : 0.75
train pred 0/1 : 15/17 label 0/1 : 17/15
train batch 37: predictions shape=(32, 2), labels shape=(32,)
epoch : 10
batch : 37/39
train accuracy : 0.75
train pred 0/1 : 15/17 label 0/1 : 17/15
train batch 38: predictions shape=(32, 2), labels shape=(32,)
epoch : 10
batch : 38/39
train accuracy : 0.78125
train pred 0/1 : 9/23 label 0/1 : 12/20
train batch 39: predictions shape=(8, 2), labels shape=(8,)
epoch : 10
batch : 39/39
train accuracy : 1.0
train pred 0/1 : 4/4 label 0/1 : 4/4
VALIDATION
valid batch 1: predictions shape=(32, 2), labels shape=(32,)
valid batch : 1/2
valid accuracy : 0.09375
valid pred 0/1 : 22/10 label 0/1 : 9/23
valid batch 2: predictions shape=(23, 2), labels shape=(23,)
valid batch : 2/2
valid accuracy : 0.17391304671764374
valid pred 0/1 : 17/6 label 0/1 : 4/19
valid epoch balanced_accuracy: 0.136447
EPOCH 11:
train batch 1: predictions shape=(32, 2), labels shape=(32,)
epoch : 11
batch : 1/39
train accuracy : 0.8125
train pred 0/1 : 8/24 label 0/1 : 10/22
train batch 2: predictions shape=(32, 2), labels shape=(32,)
epoch : 11
batch : 2/39
train accuracy : 0.625
train pred 0/1 : 9/23 label 0/1 : 19/13
train batch 3: predictions shape=(32, 2), labels shape=(32,)
epoch : 11
batch : 3/39
train accuracy : 0.65625
train pred 0/1 : 17/15 label 0/1 : 16/16
train batch 4: predictions shape=(32, 2), labels shape=(32,)
epoch : 11
batch : 4/39
train accuracy : 0.71875
train pred 0/1 : 14/18 label 0/1 : 11/21
train batch 5: predictions shape=(32, 2), labels shape=(32,)
epoch : 11
batch : 5/39
train accuracy : 0.78125
train pred 0/1 : 17/15 label 0/1 : 12/20
train batch 6: predictions shape=(32, 2), labels shape=(32,)
epoch : 11
batch : 6/39
train accuracy : 0.84375
train pred 0/1 : 13/19 label 0/1 : 16/16
train batch 7: predictions shape=(32, 2), labels shape=(32,)
epoch : 11
batch : 7/39
train accuracy : 0.75
train pred 0/1 : 17/15 label 0/1 : 17/15
train batch 8: predictions shape=(32, 2), labels shape=(32,)
epoch : 11
batch : 8/39
train accuracy : 0.6875
train pred 0/1 : 11/21 label 0/1 : 13/19
train batch 9: predictions shape=(32, 2), labels shape=(32,)
epoch : 11
batch : 9/39
train accuracy : 0.75
train pred 0/1 : 10/22 label 0/1 : 14/18
train batch 10: predictions shape=(32, 2), labels shape=(32,)
epoch : 11
batch : 10/39
train accuracy : 0.6875
train pred 0/1 : 13/19 label 0/1 : 15/17
train batch 11: predictions shape=(32, 2), labels shape=(32,)
epoch : 11
batch : 11/39
train accuracy : 0.875
train pred 0/1 : 20/12 label 0/1 : 20/12
train batch 12: predictions shape=(32, 2), labels shape=(32,)
epoch : 11
batch : 12/39
train accuracy : 0.6875
train pred 0/1 : 11/21 label 0/1 : 17/15
train batch 13: predictions shape=(32, 2), labels shape=(32,)
epoch : 11
batch : 13/39
train accuracy : 0.875
train pred 0/1 : 12/20 label 0/1 : 10/22
train batch 14: predictions shape=(32, 2), labels shape=(32,)
epoch : 11
batch : 14/39
train accuracy : 0.6875
train pred 0/1 : 13/19 label 0/1 : 19/13
train batch 15: predictions shape=(32, 2), labels shape=(32,)
epoch : 11
batch : 15/39
train accuracy : 0.65625
train pred 0/1 : 11/21 label 0/1 : 16/16
train batch 16: predictions shape=(32, 2), labels shape=(32,)
epoch : 11
batch : 16/39
train accuracy : 0.875
train pred 0/1 : 12/20 label 0/1 : 14/18
train batch 17: predictions shape=(32, 2), labels shape=(32,)
epoch : 11
batch : 17/39
train accuracy : 0.84375
train pred 0/1 : 12/20 label 0/1 : 11/21
train batch 18: predictions shape=(32, 2), labels shape=(32,)
epoch : 11
batch : 18/39
train accuracy : 0.8125
train pred 0/1 : 10/22 label 0/1 : 12/20
train batch 19: predictions shape=(32, 2), labels shape=(32,)
epoch : 11
batch : 19/39
train accuracy : 0.65625
train pred 0/1 : 13/19 label 0/1 : 14/18
train batch 20: predictions shape=(32, 2), labels shape=(32,)
epoch : 11
batch : 20/39
train accuracy : 0.78125
train pred 0/1 : 13/19 label 0/1 : 14/18
train batch 21: predictions shape=(32, 2), labels shape=(32,)
epoch : 11
batch : 21/39
train accuracy : 0.84375
train pred 0/1 : 18/14 label 0/1 : 21/11
train batch 22: predictions shape=(32, 2), labels shape=(32,)
epoch : 11
batch : 22/39
train accuracy : 0.75
train pred 0/1 : 13/19 label 0/1 : 9/23
train batch 23: predictions shape=(32, 2), labels shape=(32,)
epoch : 11
batch : 23/39
train accuracy : 0.84375
train pred 0/1 : 15/17 label 0/1 : 14/18
train batch 24: predictions shape=(32, 2), labels shape=(32,)
epoch : 11
batch : 24/39
train accuracy : 0.78125
train pred 0/1 : 12/20 label 0/1 : 13/19
train batch 25: predictions shape=(32, 2), labels shape=(32,)
epoch : 11
batch : 25/39
train accuracy : 0.75
train pred 0/1 : 13/19 label 0/1 : 19/13
train batch 26: predictions shape=(32, 2), labels shape=(32,)
epoch : 11
batch : 26/39
train accuracy : 0.75
train pred 0/1 : 14/18 label 0/1 : 12/20
train batch 27: predictions shape=(32, 2), labels shape=(32,)
epoch : 11
batch : 27/39
train accuracy : 0.71875
train pred 0/1 : 18/14 label 0/1 : 15/17
train batch 28: predictions shape=(32, 2), labels shape=(32,)
epoch : 11
batch : 28/39
train accuracy : 0.40625
train pred 0/1 : 31/1 label 0/1 : 12/20
train batch 29: predictions shape=(32, 2), labels shape=(32,)
epoch : 11
batch : 29/39
train accuracy : 0.5625
train pred 0/1 : 23/9 label 0/1 : 15/17
train batch 30: predictions shape=(32, 2), labels shape=(32,)
epoch : 11
batch : 30/39
train accuracy : 0.75
train pred 0/1 : 6/26 label 0/1 : 12/20
train batch 31: predictions shape=(32, 2), labels shape=(32,)
epoch : 11
batch : 31/39
train accuracy : 0.71875
train pred 0/1 : 12/20 label 0/1 : 13/19
train batch 32: predictions shape=(32, 2), labels shape=(32,)
epoch : 11
batch : 32/39
train accuracy : 0.6875
train pred 0/1 : 8/24 label 0/1 : 16/16
train batch 33: predictions shape=(32, 2), labels shape=(32,)
epoch : 11
batch : 33/39
train accuracy : 0.71875
train pred 0/1 : 19/13 label 0/1 : 10/22
train batch 34: predictions shape=(32, 2), labels shape=(32,)
epoch : 11
batch : 34/39
train accuracy : 0.71875
train pred 0/1 : 8/24 label 0/1 : 9/23
train batch 35: predictions shape=(32, 2), labels shape=(32,)
epoch : 11
batch : 35/39
train accuracy : 0.59375
train pred 0/1 : 20/12 label 0/1 : 17/15
train batch 36: predictions shape=(32, 2), labels shape=(32,)
epoch : 11
batch : 36/39
train accuracy : 0.59375
train pred 0/1 : 12/20 label 0/1 : 19/13
train batch 37: predictions shape=(32, 2), labels shape=(32,)
epoch : 11
batch : 37/39
train accuracy : 0.625
train pred 0/1 : 2/30 label 0/1 : 14/18
train batch 38: predictions shape=(32, 2), labels shape=(32,)
epoch : 11
batch : 38/39
train accuracy : 0.625
train pred 0/1 : 4/28 label 0/1 : 16/16
train batch 39: predictions shape=(8, 2), labels shape=(8,)
epoch : 11
batch : 39/39
train accuracy : 0.625
train pred 0/1 : 0/8 label 0/1 : 3/5
VALIDATION
valid batch 1: predictions shape=(32, 2), labels shape=(32,)
valid batch : 1/2
valid accuracy : 0.09375
valid pred 0/1 : 24/8 label 0/1 : 7/25
valid batch 2: predictions shape=(23, 2), labels shape=(23,)
valid batch : 2/2
valid accuracy : 0.17391304671764374
valid pred 0/1 : 15/8 label 0/1 : 6/17
valid epoch balanced_accuracy: 0.136447
EPOCH 12:
train batch 1: predictions shape=(32, 2), labels shape=(32,)
epoch : 12
batch : 1/39
train accuracy : 0.625
train pred 0/1 : 2/30 label 0/1 : 14/18
train batch 2: predictions shape=(32, 2), labels shape=(32,)
epoch : 12
batch : 2/39
train accuracy : 0.8125
train pred 0/1 : 8/24 label 0/1 : 14/18
train batch 3: predictions shape=(32, 2), labels shape=(32,)
epoch : 12
batch : 3/39
train accuracy : 0.71875
train pred 0/1 : 7/25 label 0/1 : 14/18
train batch 4: predictions shape=(32, 2), labels shape=(32,)
epoch : 12
batch : 4/39
train accuracy : 0.75
train pred 0/1 : 4/28 label 0/1 : 12/20
train batch 5: predictions shape=(32, 2), labels shape=(32,)
epoch : 12
batch : 5/39
train accuracy : 0.6875
train pred 0/1 : 3/29 label 0/1 : 13/19
train batch 6: predictions shape=(32, 2), labels shape=(32,)
epoch : 12
batch : 6/39
train accuracy : 0.65625
train pred 0/1 : 4/28 label 0/1 : 15/17
train batch 7: predictions shape=(32, 2), labels shape=(32,)
epoch : 12
batch : 7/39
train accuracy : 0.6875
train pred 0/1 : 2/30 label 0/1 : 10/22
train batch 8: predictions shape=(32, 2), labels shape=(32,)
epoch : 12
batch : 8/39
train accuracy : 0.75
train pred 0/1 : 3/29 label 0/1 : 11/21
train batch 9: predictions shape=(32, 2), labels shape=(32,)
epoch : 12
batch : 9/39
train accuracy : 0.625
train pred 0/1 : 4/28 label 0/1 : 16/16
train batch 10: predictions shape=(32, 2), labels shape=(32,)
epoch : 12
batch : 10/39
train accuracy : 0.59375
train pred 0/1 : 3/29 label 0/1 : 16/16
train batch 11: predictions shape=(32, 2), labels shape=(32,)
epoch : 12
batch : 11/39
train accuracy : 0.5
train pred 0/1 : 25/7 label 0/1 : 13/19
train batch 12: predictions shape=(32, 2), labels shape=(32,)
epoch : 12
batch : 12/39
train accuracy : 0.46875
train pred 0/1 : 30/2 label 0/1 : 15/17
train batch 13: predictions shape=(32, 2), labels shape=(32,)
epoch : 12
batch : 13/39
train accuracy : 0.6875
train pred 0/1 : 15/17 label 0/1 : 17/15
train batch 14: predictions shape=(32, 2), labels shape=(32,)
epoch : 12
batch : 14/39
train accuracy : 0.6875
train pred 0/1 : 12/20 label 0/1 : 12/20
train batch 15: predictions shape=(32, 2), labels shape=(32,)
epoch : 12
batch : 15/39
train accuracy : 0.6875
train pred 0/1 : 5/27 label 0/1 : 15/17
train batch 16: predictions shape=(32, 2), labels shape=(32,)
epoch : 12
batch : 16/39
train accuracy : 0.6875
train pred 0/1 : 5/27 label 0/1 : 15/17
train batch 17: predictions shape=(32, 2), labels shape=(32,)
epoch : 12
batch : 17/39
train accuracy : 0.625
train pred 0/1 : 7/25 label 0/1 : 15/17
train batch 18: predictions shape=(32, 2), labels shape=(32,)
epoch : 12
batch : 18/39
train accuracy : 0.65625
train pred 0/1 : 8/24 label 0/1 : 17/15
train batch 19: predictions shape=(32, 2), labels shape=(32,)
epoch : 12
batch : 19/39
train accuracy : 0.71875
train pred 0/1 : 2/30 label 0/1 : 11/21
train batch 20: predictions shape=(32, 2), labels shape=(32,)
epoch : 12
batch : 20/39
train accuracy : 0.65625
train pred 0/1 : 7/25 label 0/1 : 16/16
train batch 21: predictions shape=(32, 2), labels shape=(32,)
epoch : 12
batch : 21/39
train accuracy : 0.53125
train pred 0/1 : 1/31 label 0/1 : 16/16
train batch 22: predictions shape=(32, 2), labels shape=(32,)
epoch : 12
batch : 22/39
train accuracy : 0.6875
train pred 0/1 : 9/23 label 0/1 : 17/15
train batch 23: predictions shape=(32, 2), labels shape=(32,)
epoch : 12
batch : 23/39
train accuracy : 0.65625
train pred 0/1 : 2/30 label 0/1 : 13/19
train batch 24: predictions shape=(32, 2), labels shape=(32,)
epoch : 12
batch : 24/39
train accuracy : 0.71875
train pred 0/1 : 6/26 label 0/1 : 13/19
train batch 25: predictions shape=(32, 2), labels shape=(32,)
epoch : 12
batch : 25/39
train accuracy : 0.71875
train pred 0/1 : 6/26 label 0/1 : 13/19
train batch 26: predictions shape=(32, 2), labels shape=(32,)
epoch : 12
batch : 26/39
train accuracy : 0.75
train pred 0/1 : 10/22 label 0/1 : 16/16
train batch 27: predictions shape=(32, 2), labels shape=(32,)
epoch : 12
batch : 27/39
train accuracy : 0.625
train pred 0/1 : 12/20 label 0/1 : 16/16
train batch 28: predictions shape=(32, 2), labels shape=(32,)
epoch : 12
batch : 28/39
train accuracy : 0.375
train pred 0/1 : 15/17 label 0/1 : 15/17
train batch 29: predictions shape=(32, 2), labels shape=(32,)
epoch : 12
batch : 29/39
train accuracy : 0.59375
train pred 0/1 : 12/20 label 0/1 : 13/19
train batch 30: predictions shape=(32, 2), labels shape=(32,)
epoch : 12
batch : 30/39
train accuracy : 0.5625
train pred 0/1 : 15/17 label 0/1 : 19/13
train batch 31: predictions shape=(32, 2), labels shape=(32,)
epoch : 12
batch : 31/39
train accuracy : 0.59375
train pred 0/1 : 23/9 label 0/1 : 16/16
train batch 32: predictions shape=(32, 2), labels shape=(32,)
epoch : 12
batch : 32/39
train accuracy : 0.53125
train pred 0/1 : 28/4 label 0/1 : 13/19
train batch 33: predictions shape=(32, 2), labels shape=(32,)
epoch : 12
batch : 33/39
train accuracy : 0.40625
train pred 0/1 : 29/3 label 0/1 : 12/20
train batch 34: predictions shape=(32, 2), labels shape=(32,)
epoch : 12
batch : 34/39
train accuracy : 0.53125
train pred 0/1 : 23/9 label 0/1 : 14/18
train batch 35: predictions shape=(32, 2), labels shape=(32,)
epoch : 12
batch : 35/39
train accuracy : 0.59375
train pred 0/1 : 10/22 label 0/1 : 17/15
train batch 36: predictions shape=(32, 2), labels shape=(32,)
epoch : 12
batch : 36/39
train accuracy : 0.65625
train pred 0/1 : 3/29 label 0/1 : 14/18
train batch 37: predictions shape=(32, 2), labels shape=(32,)
epoch : 12
batch : 37/39
train accuracy : 0.65625
train pred 0/1 : 4/28 label 0/1 : 13/19
train batch 38: predictions shape=(32, 2), labels shape=(32,)
epoch : 12
batch : 38/39
train accuracy : 0.65625
train pred 0/1 : 3/29 label 0/1 : 14/18
train batch 39: predictions shape=(8, 2), labels shape=(8,)
epoch : 12
batch : 39/39
train accuracy : 0.5
train pred 0/1 : 0/8 label 0/1 : 4/4
VALIDATION
valid batch 1: predictions shape=(32, 2), labels shape=(32,)
valid batch : 1/2
valid accuracy : 0.1875
valid pred 0/1 : 23/9 label 0/1 : 7/25
valid batch 2: predictions shape=(23, 2), labels shape=(23,)
valid batch : 2/2
valid accuracy : 0.043478261679410934
valid pred 0/1 : 16/7 label 0/1 : 6/17
valid epoch balanced_accuracy: 0.136447
EPOCH 13:
train batch 1: predictions shape=(32, 2), labels shape=(32,)
epoch : 13
batch : 1/39
train accuracy : 0.59375
train pred 0/1 : 5/27 label 0/1 : 16/16
train batch 2: predictions shape=(32, 2), labels shape=(32,)
epoch : 13
batch : 2/39
train accuracy : 0.75
train pred 0/1 : 5/27 label 0/1 : 13/19
train batch 3: predictions shape=(32, 2), labels shape=(32,)
epoch : 13
batch : 3/39
train accuracy : 0.625
train pred 0/1 : 1/31 label 0/1 : 13/19
train batch 4: predictions shape=(32, 2), labels shape=(32,)
epoch : 13
batch : 4/39
train accuracy : 0.53125
train pred 0/1 : 4/28 label 0/1 : 19/13
train batch 5: predictions shape=(32, 2), labels shape=(32,)
epoch : 13
batch : 5/39
train accuracy : 0.84375
train pred 0/1 : 12/20 label 0/1 : 15/17
train batch 6: predictions shape=(32, 2), labels shape=(32,)
epoch : 13
batch : 6/39
train accuracy : 0.625
train pred 0/1 : 17/15 label 0/1 : 13/19
train batch 7: predictions shape=(32, 2), labels shape=(32,)
epoch : 13
batch : 7/39
train accuracy : 0.59375
train pred 0/1 : 21/11 label 0/1 : 16/16
train batch 8: predictions shape=(32, 2), labels shape=(32,)
epoch : 13
batch : 8/39
train accuracy : 0.59375
train pred 0/1 : 24/8 label 0/1 : 13/19
train batch 9: predictions shape=(32, 2), labels shape=(32,)
epoch : 13
batch : 9/39
train accuracy : 0.625
train pred 0/1 : 19/13 label 0/1 : 15/17
train batch 10: predictions shape=(32, 2), labels shape=(32,)
epoch : 13
batch : 10/39
train accuracy : 0.75
train pred 0/1 : 20/12 label 0/1 : 14/18
train batch 11: predictions shape=(32, 2), labels shape=(32,)
epoch : 13
batch : 11/39
train accuracy : 0.5
train pred 0/1 : 22/10 label 0/1 : 18/14
train batch 12: predictions shape=(32, 2), labels shape=(32,)
epoch : 13
batch : 12/39
train accuracy : 0.65625
train pred 0/1 : 16/16 label 0/1 : 11/21
train batch 13: predictions shape=(32, 2), labels shape=(32,)
epoch : 13
batch : 13/39
train accuracy : 0.5625
train pred 0/1 : 11/21 label 0/1 : 15/17
train batch 14: predictions shape=(32, 2), labels shape=(32,)
epoch : 13
batch : 14/39
train accuracy : 0.75
train pred 0/1 : 13/19 label 0/1 : 15/17
train batch 15: predictions shape=(32, 2), labels shape=(32,)
epoch : 13
batch : 15/39
train accuracy : 0.71875
train pred 0/1 : 11/21 label 0/1 : 14/18
train batch 16: predictions shape=(32, 2), labels shape=(32,)
epoch : 13
batch : 16/39
train accuracy : 0.5625
train pred 0/1 : 4/28 label 0/1 : 18/14
train batch 17: predictions shape=(32, 2), labels shape=(32,)
epoch : 13
batch : 17/39
train accuracy : 0.59375
train pred 0/1 : 9/23 label 0/1 : 14/18
train batch 18: predictions shape=(32, 2), labels shape=(32,)
epoch : 13
batch : 18/39
train accuracy : 0.65625
train pred 0/1 : 6/26 label 0/1 : 13/19
train batch 19: predictions shape=(32, 2), labels shape=(32,)
epoch : 13
batch : 19/39
train accuracy : 0.53125
train pred 0/1 : 11/21 label 0/1 : 18/14
train batch 20: predictions shape=(32, 2), labels shape=(32,)
epoch : 13
batch : 20/39
train accuracy : 0.71875
train pred 0/1 : 18/14 label 0/1 : 15/17
train batch 21: predictions shape=(32, 2), labels shape=(32,)
epoch : 13
batch : 21/39
train accuracy : 0.75
train pred 0/1 : 15/17 label 0/1 : 13/19
train batch 22: predictions shape=(32, 2), labels shape=(32,)
epoch : 13
batch : 22/39
train accuracy : 0.75
train pred 0/1 : 12/20 label 0/1 : 10/22
train batch 23: predictions shape=(32, 2), labels shape=(32,)
epoch : 13
batch : 23/39
train accuracy : 0.75
train pred 0/1 : 5/27 label 0/1 : 13/19
train batch 24: predictions shape=(32, 2), labels shape=(32,)
epoch : 13
batch : 24/39
train accuracy : 0.4375
train pred 0/1 : 5/27 label 0/1 : 19/13
train batch 25: predictions shape=(32, 2), labels shape=(32,)
epoch : 13
batch : 25/39
train accuracy : 0.6875
train pred 0/1 : 9/23 label 0/1 : 15/17
train batch 26: predictions shape=(32, 2), labels shape=(32,)
epoch : 13
batch : 26/39
train accuracy : 0.65625
train pred 0/1 : 11/21 label 0/1 : 12/20
train batch 27: predictions shape=(32, 2), labels shape=(32,)
epoch : 13
batch : 27/39
train accuracy : 0.5625
train pred 0/1 : 16/16 label 0/1 : 14/18
train batch 28: predictions shape=(32, 2), labels shape=(32,)
epoch : 13
batch : 28/39
train accuracy : 0.625
train pred 0/1 : 8/24 label 0/1 : 16/16
train batch 29: predictions shape=(32, 2), labels shape=(32,)
epoch : 13
batch : 29/39
train accuracy : 0.78125
train pred 0/1 : 13/19 label 0/1 : 12/20
train batch 30: predictions shape=(32, 2), labels shape=(32,)
epoch : 13
batch : 30/39
train accuracy : 0.71875
train pred 0/1 : 16/16 label 0/1 : 17/15
train batch 31: predictions shape=(32, 2), labels shape=(32,)
epoch : 13
batch : 31/39
train accuracy : 0.71875
train pred 0/1 : 17/15 label 0/1 : 14/18
train batch 32: predictions shape=(32, 2), labels shape=(32,)
epoch : 13
batch : 32/39
train accuracy : 0.625
train pred 0/1 : 16/16 label 0/1 : 14/18
train batch 33: predictions shape=(32, 2), labels shape=(32,)
epoch : 13
batch : 33/39
train accuracy : 0.71875
train pred 0/1 : 8/24 label 0/1 : 13/19
train batch 34: predictions shape=(32, 2), labels shape=(32,)
epoch : 13
batch : 34/39
train accuracy : 0.65625
train pred 0/1 : 2/30 label 0/1 : 11/21
train batch 35: predictions shape=(32, 2), labels shape=(32,)
epoch : 13
batch : 35/39
train accuracy : 0.78125
train pred 0/1 : 8/24 label 0/1 : 15/17
train batch 36: predictions shape=(32, 2), labels shape=(32,)
epoch : 13
batch : 36/39
train accuracy : 0.71875
train pred 0/1 : 4/28 label 0/1 : 11/21
train batch 37: predictions shape=(32, 2), labels shape=(32,)
epoch : 13
batch : 37/39
train accuracy : 0.625
train pred 0/1 : 3/29 label 0/1 : 13/19
train batch 38: predictions shape=(32, 2), labels shape=(32,)
epoch : 13
batch : 38/39
train accuracy : 0.65625
train pred 0/1 : 4/28 label 0/1 : 15/17
train batch 39: predictions shape=(8, 2), labels shape=(8,)
epoch : 13
batch : 39/39
train accuracy : 0.5
train pred 0/1 : 0/8 label 0/1 : 4/4
VALIDATION
valid batch 1: predictions shape=(32, 2), labels shape=(32,)
valid batch : 1/2
valid accuracy : 0.15625
valid pred 0/1 : 25/7 label 0/1 : 8/24
valid batch 2: predictions shape=(23, 2), labels shape=(23,)
valid batch : 2/2
valid accuracy : 0.17391304671764374
valid pred 0/1 : 16/7 label 0/1 : 5/18
valid epoch balanced_accuracy: 0.213370
EPOCH 14:
train batch 1: predictions shape=(32, 2), labels shape=(32,)
epoch : 14
batch : 1/39
train accuracy : 0.6875
train pred 0/1 : 6/26 label 0/1 : 14/18
train batch 2: predictions shape=(32, 2), labels shape=(32,)
epoch : 14
batch : 2/39
train accuracy : 0.59375
train pred 0/1 : 8/24 label 0/1 : 19/13
train batch 3: predictions shape=(32, 2), labels shape=(32,)
epoch : 14
batch : 3/39
train accuracy : 0.625
train pred 0/1 : 16/16 label 0/1 : 14/18
train batch 4: predictions shape=(32, 2), labels shape=(32,)
epoch : 14
batch : 4/39
train accuracy : 0.46875
train pred 0/1 : 22/10 label 0/1 : 17/15
train batch 5: predictions shape=(32, 2), labels shape=(32,)
epoch : 14
batch : 5/39
train accuracy : 0.5
train pred 0/1 : 26/6 label 0/1 : 14/18
train batch 6: predictions shape=(32, 2), labels shape=(32,)
epoch : 14
batch : 6/39
train accuracy : 0.4375
train pred 0/1 : 27/5 label 0/1 : 15/17
train batch 7: predictions shape=(32, 2), labels shape=(32,)
epoch : 14
batch : 7/39
train accuracy : 0.5625
train pred 0/1 : 30/2 label 0/1 : 18/14
train batch 8: predictions shape=(32, 2), labels shape=(32,)
epoch : 14
batch : 8/39
train accuracy : 0.46875
train pred 0/1 : 31/1 label 0/1 : 16/16
train batch 9: predictions shape=(32, 2), labels shape=(32,)
epoch : 14
batch : 9/39
train accuracy : 0.5625
train pred 0/1 : 28/4 label 0/1 : 14/18
train batch 10: predictions shape=(32, 2), labels shape=(32,)
epoch : 14
batch : 10/39
train accuracy : 0.5
train pred 0/1 : 30/2 label 0/1 : 16/16
train batch 11: predictions shape=(32, 2), labels shape=(32,)
epoch : 14
batch : 11/39
train accuracy : 0.5
train pred 0/1 : 27/5 label 0/1 : 15/17
train batch 12: predictions shape=(32, 2), labels shape=(32,)
epoch : 14
batch : 12/39
train accuracy : 0.625
train pred 0/1 : 22/10 label 0/1 : 14/18
train batch 13: predictions shape=(32, 2), labels shape=(32,)
epoch : 14
batch : 13/39
train accuracy : 0.71875
train pred 0/1 : 17/15 label 0/1 : 12/20
train batch 14: predictions shape=(32, 2), labels shape=(32,)
epoch : 14
batch : 14/39
train accuracy : 0.8125
train pred 0/1 : 12/20 label 0/1 : 16/16
train batch 15: predictions shape=(32, 2), labels shape=(32,)
epoch : 14
batch : 15/39
train accuracy : 0.65625
train pred 0/1 : 11/21 label 0/1 : 14/18
train batch 16: predictions shape=(32, 2), labels shape=(32,)
epoch : 14
batch : 16/39
train accuracy : 0.6875
train pred 0/1 : 6/26 label 0/1 : 12/20
train batch 17: predictions shape=(32, 2), labels shape=(32,)
epoch : 14
batch : 17/39
train accuracy : 0.75
train pred 0/1 : 6/26 label 0/1 : 12/20
train batch 18: predictions shape=(32, 2), labels shape=(32,)
epoch : 14
batch : 18/39
train accuracy : 0.75
train pred 0/1 : 4/28 label 0/1 : 10/22
train batch 19: predictions shape=(32, 2), labels shape=(32,)
epoch : 14
batch : 19/39
train accuracy : 0.78125
train pred 0/1 : 4/28 label 0/1 : 9/23
train batch 20: predictions shape=(32, 2), labels shape=(32,)
epoch : 14
batch : 20/39
train accuracy : 0.59375
train pred 0/1 : 3/29 label 0/1 : 16/16
train batch 21: predictions shape=(32, 2), labels shape=(32,)
epoch : 14
batch : 21/39
train accuracy : 0.6875
train pred 0/1 : 6/26 label 0/1 : 14/18
train batch 22: predictions shape=(32, 2), labels shape=(32,)
epoch : 14
batch : 22/39
train accuracy : 0.59375
train pred 0/1 : 3/29 label 0/1 : 14/18
train batch 23: predictions shape=(32, 2), labels shape=(32,)
epoch : 14
batch : 23/39
train accuracy : 0.625
train pred 0/1 : 2/30 label 0/1 : 12/20
train batch 24: predictions shape=(32, 2), labels shape=(32,)
epoch : 14
batch : 24/39
train accuracy : 0.8125
train pred 0/1 : 6/26 label 0/1 : 12/20
train batch 25: predictions shape=(32, 2), labels shape=(32,)
epoch : 14
batch : 25/39
train accuracy : 0.5
train pred 0/1 : 5/27 label 0/1 : 19/13
train batch 26: predictions shape=(32, 2), labels shape=(32,)
epoch : 14
batch : 26/39
train accuracy : 0.625
train pred 0/1 : 5/27 label 0/1 : 15/17
train batch 27: predictions shape=(32, 2), labels shape=(32,)
epoch : 14
batch : 27/39
train accuracy : 0.65625
train pred 0/1 : 4/28 label 0/1 : 15/17
train batch 28: predictions shape=(32, 2), labels shape=(32,)
epoch : 14
batch : 28/39
train accuracy : 0.65625
train pred 0/1 : 7/25 label 0/1 : 16/16
train batch 29: predictions shape=(32, 2), labels shape=(32,)
epoch : 14
batch : 29/39
train accuracy : 0.6875
train pred 0/1 : 7/25 label 0/1 : 15/17
train batch 30: predictions shape=(32, 2), labels shape=(32,)
epoch : 14
batch : 30/39
train accuracy : 0.53125
train pred 0/1 : 9/23 label 0/1 : 14/18
train batch 31: predictions shape=(32, 2), labels shape=(32,)
epoch : 14
batch : 31/39
train accuracy : 0.65625
train pred 0/1 : 7/25 label 0/1 : 16/16
train batch 32: predictions shape=(32, 2), labels shape=(32,)
epoch : 14
batch : 32/39
train accuracy : 0.71875
train pred 0/1 : 3/29 label 0/1 : 12/20
train batch 33: predictions shape=(32, 2), labels shape=(32,)
epoch : 14
batch : 33/39
train accuracy : 0.65625
train pred 0/1 : 7/25 label 0/1 : 16/16
train batch 34: predictions shape=(32, 2), labels shape=(32,)
epoch : 14
batch : 34/39
train accuracy : 0.59375
train pred 0/1 : 4/28 label 0/1 : 11/21
train batch 35: predictions shape=(32, 2), labels shape=(32,)
epoch : 14
batch : 35/39
train accuracy : 0.75
train pred 0/1 : 10/22 label 0/1 : 14/18
train batch 36: predictions shape=(32, 2), labels shape=(32,)
epoch : 14
batch : 36/39
train accuracy : 0.65625
train pred 0/1 : 11/21 label 0/1 : 12/20
train batch 37: predictions shape=(32, 2), labels shape=(32,)
epoch : 14
batch : 37/39
train accuracy : 0.71875
train pred 0/1 : 12/20 label 0/1 : 15/17
train batch 38: predictions shape=(32, 2), labels shape=(32,)
epoch : 14
batch : 38/39
train accuracy : 0.65625
train pred 0/1 : 11/21 label 0/1 : 18/14
train batch 39: predictions shape=(8, 2), labels shape=(8,)
epoch : 14
batch : 39/39
train accuracy : 0.75
train pred 0/1 : 4/4 label 0/1 : 2/6
VALIDATION
valid batch 1: predictions shape=(32, 2), labels shape=(32,)
valid batch : 1/2
valid accuracy : 0.125
valid pred 0/1 : 29/3 label 0/1 : 5/27
valid batch 2: predictions shape=(23, 2), labels shape=(23,)
valid batch : 2/2
valid accuracy : 0.43478262424468994
valid pred 0/1 : 17/6 label 0/1 : 8/15
valid epoch balanced_accuracy: 0.405678
EPOCH 15:
train batch 1: predictions shape=(32, 2), labels shape=(32,)
epoch : 15
batch : 1/39
train accuracy : 0.65625
train pred 0/1 : 17/15 label 0/1 : 14/18
train batch 2: predictions shape=(32, 2), labels shape=(32,)
epoch : 15
batch : 2/39
train accuracy : 0.6875
train pred 0/1 : 13/19 label 0/1 : 19/13
train batch 3: predictions shape=(32, 2), labels shape=(32,)
epoch : 15
batch : 3/39
train accuracy : 0.71875
train pred 0/1 : 13/19 label 0/1 : 16/16
train batch 4: predictions shape=(32, 2), labels shape=(32,)
epoch : 15
batch : 4/39
train accuracy : 0.5625
train pred 0/1 : 12/20 label 0/1 : 12/20
train batch 5: predictions shape=(32, 2), labels shape=(32,)
epoch : 15
batch : 5/39
train accuracy : 0.75
train pred 0/1 : 5/27 label 0/1 : 7/25
train batch 6: predictions shape=(32, 2), labels shape=(32,)
epoch : 15
batch : 6/39
train accuracy : 0.59375
train pred 0/1 : 4/28 label 0/1 : 13/19
train batch 7: predictions shape=(32, 2), labels shape=(32,)
epoch : 15
batch : 7/39
train accuracy : 0.71875
train pred 0/1 : 5/27 label 0/1 : 12/20
train batch 8: predictions shape=(32, 2), labels shape=(32,)
epoch : 15
batch : 8/39
train accuracy : 0.6875
train pred 0/1 : 6/26 label 0/1 : 14/18
train batch 9: predictions shape=(32, 2), labels shape=(32,)
epoch : 15
batch : 9/39
train accuracy : 0.6875
train pred 0/1 : 2/30 label 0/1 : 12/20
train batch 10: predictions shape=(32, 2), labels shape=(32,)
epoch : 15
batch : 10/39
train accuracy : 0.5625
train pred 0/1 : 11/21 label 0/1 : 19/13
train batch 11: predictions shape=(32, 2), labels shape=(32,)
epoch : 15
batch : 11/39
train accuracy : 0.75
train pred 0/1 : 9/23 label 0/1 : 15/17
train batch 12: predictions shape=(32, 2), labels shape=(32,)
epoch : 15
batch : 12/39
train accuracy : 0.59375
train pred 0/1 : 9/23 label 0/1 : 16/16
train batch 13: predictions shape=(32, 2), labels shape=(32,)
epoch : 15
batch : 13/39
train accuracy : 0.53125
train pred 0/1 : 8/24 label 0/1 : 19/13
train batch 14: predictions shape=(32, 2), labels shape=(32,)
epoch : 15
batch : 14/39
train accuracy : 0.65625
train pred 0/1 : 12/20 label 0/1 : 15/17
train batch 15: predictions shape=(32, 2), labels shape=(32,)
epoch : 15
batch : 15/39
train accuracy : 0.65625
train pred 0/1 : 14/18 label 0/1 : 17/15
train batch 16: predictions shape=(32, 2), labels shape=(32,)
epoch : 15
batch : 16/39
train accuracy : 0.65625
train pred 0/1 : 16/16 label 0/1 : 15/17
train batch 17: predictions shape=(32, 2), labels shape=(32,)
epoch : 15
batch : 17/39
train accuracy : 0.5625
train pred 0/1 : 22/10 label 0/1 : 14/18
train batch 18: predictions shape=(32, 2), labels shape=(32,)
epoch : 15
batch : 18/39
train accuracy : 0.6875
train pred 0/1 : 19/13 label 0/1 : 17/15
train batch 19: predictions shape=(32, 2), labels shape=(32,)
epoch : 15
batch : 19/39
train accuracy : 0.71875
train pred 0/1 : 12/20 label 0/1 : 15/17
train batch 20: predictions shape=(32, 2), labels shape=(32,)
epoch : 15
batch : 20/39
train accuracy : 0.78125
train pred 0/1 : 7/25 label 0/1 : 14/18
train batch 21: predictions shape=(32, 2), labels shape=(32,)
epoch : 15
batch : 21/39
train accuracy : 0.78125
train pred 0/1 : 8/24 label 0/1 : 15/17
train batch 22: predictions shape=(32, 2), labels shape=(32,)
epoch : 15
batch : 22/39
train accuracy : 0.625
train pred 0/1 : 6/26 label 0/1 : 16/16
train batch 23: predictions shape=(32, 2), labels shape=(32,)
epoch : 15
batch : 23/39
train accuracy : 0.78125
train pred 0/1 : 4/28 label 0/1 : 11/21
train batch 24: predictions shape=(32, 2), labels shape=(32,)
epoch : 15
batch : 24/39
train accuracy : 0.71875
train pred 0/1 : 4/28 label 0/1 : 13/19
train batch 25: predictions shape=(32, 2), labels shape=(32,)
epoch : 15
batch : 25/39
train accuracy : 0.75
train pred 0/1 : 3/29 label 0/1 : 11/21
train batch 26: predictions shape=(32, 2), labels shape=(32,)
epoch : 15
batch : 26/39
train accuracy : 0.625
train pred 0/1 : 7/25 label 0/1 : 19/13
train batch 27: predictions shape=(32, 2), labels shape=(32,)
epoch : 15
batch : 27/39
train accuracy : 0.59375
train pred 0/1 : 3/29 label 0/1 : 16/16
train batch 28: predictions shape=(32, 2), labels shape=(32,)
epoch : 15
batch : 28/39
train accuracy : 0.78125
train pred 0/1 : 4/28 label 0/1 : 11/21
train batch 29: predictions shape=(32, 2), labels shape=(32,)
epoch : 15
batch : 29/39
train accuracy : 0.5625
train pred 0/1 : 9/23 label 0/1 : 19/13
train batch 30: predictions shape=(32, 2), labels shape=(32,)
epoch : 15
batch : 30/39
train accuracy : 0.59375
train pred 0/1 : 10/22 label 0/1 : 17/15
train batch 31: predictions shape=(32, 2), labels shape=(32,)
epoch : 15
batch : 31/39
train accuracy : 0.6875
train pred 0/1 : 17/15 label 0/1 : 19/13
train batch 32: predictions shape=(32, 2), labels shape=(32,)
epoch : 15
batch : 32/39
train accuracy : 0.6875
train pred 0/1 : 16/16 label 0/1 : 12/20
train batch 33: predictions shape=(32, 2), labels shape=(32,)
epoch : 15
batch : 33/39
train accuracy : 0.65625
train pred 0/1 : 13/19 label 0/1 : 6/26
train batch 34: predictions shape=(32, 2), labels shape=(32,)
epoch : 15
batch : 34/39
train accuracy : 0.78125
train pred 0/1 : 10/22 label 0/1 : 17/15
train batch 35: predictions shape=(32, 2), labels shape=(32,)
epoch : 15
batch : 35/39
train accuracy : 0.75
train pred 0/1 : 9/23 label 0/1 : 13/19
train batch 36: predictions shape=(32, 2), labels shape=(32,)
epoch : 15
batch : 36/39
train accuracy : 0.8125
train pred 0/1 : 15/17 label 0/1 : 11/21
train batch 37: predictions shape=(32, 2), labels shape=(32,)
epoch : 15
batch : 37/39
train accuracy : 0.71875
train pred 0/1 : 17/15 label 0/1 : 12/20
train batch 38: predictions shape=(32, 2), labels shape=(32,)
epoch : 15
batch : 38/39
train accuracy : 0.90625
train pred 0/1 : 11/21 label 0/1 : 10/22
train batch 39: predictions shape=(8, 2), labels shape=(8,)
epoch : 15
batch : 39/39
train accuracy : 1.0
train pred 0/1 : 6/2 label 0/1 : 6/2
VALIDATION
valid batch 1: predictions shape=(32, 2), labels shape=(32,)
valid batch : 1/2
valid accuracy : 0.25
valid pred 0/1 : 26/6 label 0/1 : 8/24
valid batch 2: predictions shape=(23, 2), labels shape=(23,)
valid batch : 2/2
valid accuracy : 0.21739131212234497
valid pred 0/1 : 19/4 label 0/1 : 5/18
valid epoch balanced_accuracy: 0.367216
EPOCH 16:
train batch 1: predictions shape=(32, 2), labels shape=(32,)
epoch : 16
batch : 1/39
train accuracy : 0.75
train pred 0/1 : 16/16 label 0/1 : 14/18
train batch 2: predictions shape=(32, 2), labels shape=(32,)
epoch : 16
batch : 2/39
train accuracy : 0.875
train pred 0/1 : 16/16 label 0/1 : 16/16
train batch 3: predictions shape=(32, 2), labels shape=(32,)
epoch : 16
batch : 3/39
train accuracy : 0.625
train pred 0/1 : 13/19 label 0/1 : 13/19
train batch 4: predictions shape=(32, 2), labels shape=(32,)
epoch : 16
batch : 4/39
train accuracy : 0.6875
train pred 0/1 : 16/16 label 0/1 : 10/22
train batch 5: predictions shape=(32, 2), labels shape=(32,)
epoch : 16
batch : 5/39
train accuracy : 0.4375
train pred 0/1 : 22/10 label 0/1 : 14/18
train batch 6: predictions shape=(32, 2), labels shape=(32,)
epoch : 16
batch : 6/39
train accuracy : 0.65625
train pred 0/1 : 13/19 label 0/1 : 8/24
train batch 7: predictions shape=(32, 2), labels shape=(32,)
epoch : 16
batch : 7/39
train accuracy : 0.65625
train pred 0/1 : 11/21 label 0/1 : 12/20
train batch 8: predictions shape=(32, 2), labels shape=(32,)
epoch : 16
batch : 8/39
train accuracy : 0.65625
train pred 0/1 : 5/27 label 0/1 : 14/18
train batch 9: predictions shape=(32, 2), labels shape=(32,)
epoch : 16
batch : 9/39
train accuracy : 0.625
train pred 0/1 : 1/31 label 0/1 : 13/19
train batch 10: predictions shape=(32, 2), labels shape=(32,)
epoch : 16
batch : 10/39
train accuracy : 0.65625
train pred 0/1 : 5/27 label 0/1 : 14/18
train batch 11: predictions shape=(32, 2), labels shape=(32,)
epoch : 16
batch : 11/39
train accuracy : 0.71875
train pred 0/1 : 11/21 label 0/1 : 18/14
train batch 12: predictions shape=(32, 2), labels shape=(32,)
epoch : 16
batch : 12/39
train accuracy : 0.65625
train pred 0/1 : 7/25 label 0/1 : 16/16
train batch 13: predictions shape=(32, 2), labels shape=(32,)
epoch : 16
batch : 13/39
train accuracy : 0.65625
train pred 0/1 : 3/29 label 0/1 : 14/18
train batch 14: predictions shape=(32, 2), labels shape=(32,)
epoch : 16
batch : 14/39
train accuracy : 0.59375
train pred 0/1 : 5/27 label 0/1 : 16/16
train batch 15: predictions shape=(32, 2), labels shape=(32,)
epoch : 16
batch : 15/39
train accuracy : 0.59375
train pred 0/1 : 4/28 label 0/1 : 17/15
train batch 16: predictions shape=(32, 2), labels shape=(32,)
epoch : 16
batch : 16/39
train accuracy : 0.75
train pred 0/1 : 6/26 label 0/1 : 14/18
train batch 17: predictions shape=(32, 2), labels shape=(32,)
epoch : 16
batch : 17/39
train accuracy : 0.65625
train pred 0/1 : 11/21 label 0/1 : 18/14
train batch 18: predictions shape=(32, 2), labels shape=(32,)
epoch : 16
batch : 18/39
train accuracy : 0.78125
train pred 0/1 : 7/25 label 0/1 : 12/20
train batch 19: predictions shape=(32, 2), labels shape=(32,)
epoch : 16
batch : 19/39
train accuracy : 0.59375
train pred 0/1 : 3/29 label 0/1 : 12/20
train batch 20: predictions shape=(32, 2), labels shape=(32,)
epoch : 16
batch : 20/39
train accuracy : 0.65625
train pred 0/1 : 6/26 label 0/1 : 15/17
train batch 21: predictions shape=(32, 2), labels shape=(32,)
epoch : 16
batch : 21/39
train accuracy : 0.625
train pred 0/1 : 15/17 label 0/1 : 11/21
train batch 22: predictions shape=(32, 2), labels shape=(32,)
epoch : 16
batch : 22/39
train accuracy : 0.75
train pred 0/1 : 6/26 label 0/1 : 12/20
train batch 23: predictions shape=(32, 2), labels shape=(32,)
epoch : 16
batch : 23/39
train accuracy : 0.625
train pred 0/1 : 12/20 label 0/1 : 16/16
train batch 24: predictions shape=(32, 2), labels shape=(32,)
epoch : 16
batch : 24/39
train accuracy : 0.71875
train pred 0/1 : 10/22 label 0/1 : 15/17
train batch 25: predictions shape=(32, 2), labels shape=(32,)
epoch : 16
batch : 25/39
train accuracy : 0.78125
train pred 0/1 : 8/24 label 0/1 : 9/23
train batch 26: predictions shape=(32, 2), labels shape=(32,)
epoch : 16
batch : 26/39
train accuracy : 0.6875
train pred 0/1 : 14/18 label 0/1 : 14/18
train batch 27: predictions shape=(32, 2), labels shape=(32,)
epoch : 16
batch : 27/39
train accuracy : 0.59375
train pred 0/1 : 9/23 label 0/1 : 18/14
train batch 28: predictions shape=(32, 2), labels shape=(32,)
epoch : 16
batch : 28/39
train accuracy : 0.5625
train pred 0/1 : 10/22 label 0/1 : 18/14
train batch 29: predictions shape=(32, 2), labels shape=(32,)
epoch : 16
batch : 29/39
train accuracy : 0.5625
train pred 0/1 : 13/19 label 0/1 : 17/15
train batch 30: predictions shape=(32, 2), labels shape=(32,)
epoch : 16
batch : 30/39
train accuracy : 0.71875
train pred 0/1 : 15/17 label 0/1 : 18/14
train batch 31: predictions shape=(32, 2), labels shape=(32,)
epoch : 16
batch : 31/39
train accuracy : 0.5
train pred 0/1 : 19/13 label 0/1 : 13/19
train batch 32: predictions shape=(32, 2), labels shape=(32,)
epoch : 16
batch : 32/39
train accuracy : 0.65625
train pred 0/1 : 17/15 label 0/1 : 18/14
train batch 33: predictions shape=(32, 2), labels shape=(32,)
epoch : 16
batch : 33/39
train accuracy : 0.5
train pred 0/1 : 15/17 label 0/1 : 19/13
train batch 34: predictions shape=(32, 2), labels shape=(32,)
epoch : 16
batch : 34/39
train accuracy : 0.59375
train pred 0/1 : 21/11 label 0/1 : 16/16
train batch 35: predictions shape=(32, 2), labels shape=(32,)
epoch : 16
batch : 35/39
train accuracy : 0.71875
train pred 0/1 : 22/10 label 0/1 : 17/15
train batch 36: predictions shape=(32, 2), labels shape=(32,)
epoch : 16
batch : 36/39
train accuracy : 0.4375
train pred 0/1 : 21/11 label 0/1 : 11/21
train batch 37: predictions shape=(32, 2), labels shape=(32,)
epoch : 16
batch : 37/39
train accuracy : 0.65625
train pred 0/1 : 21/11 label 0/1 : 14/18
train batch 38: predictions shape=(32, 2), labels shape=(32,)
epoch : 16
batch : 38/39
train accuracy : 0.5
train pred 0/1 : 20/12 label 0/1 : 10/22
train batch 39: predictions shape=(8, 2), labels shape=(8,)
epoch : 16
batch : 39/39
train accuracy : 0.375
train pred 0/1 : 6/2 label 0/1 : 3/5
VALIDATION
valid batch 1: predictions shape=(32, 2), labels shape=(32,)
valid batch : 1/2
valid accuracy : 0.15625
valid pred 0/1 : 26/6 label 0/1 : 3/29
valid batch 2: predictions shape=(23, 2), labels shape=(23,)
valid batch : 2/2
valid accuracy : 0.3478260934352875
valid pred 0/1 : 19/4 label 0/1 : 10/13
valid epoch balanced_accuracy: 0.367216
EPOCH 17:
train batch 1: predictions shape=(32, 2), labels shape=(32,)
epoch : 17
batch : 1/39
train accuracy : 0.625
train pred 0/1 : 23/9 label 0/1 : 19/13
train batch 2: predictions shape=(32, 2), labels shape=(32,)
epoch : 17
batch : 2/39
train accuracy : 0.6875
train pred 0/1 : 9/23 label 0/1 : 17/15
train batch 3: predictions shape=(32, 2), labels shape=(32,)
epoch : 17
batch : 3/39
train accuracy : 0.84375
train pred 0/1 : 11/21 label 0/1 : 14/18
train batch 4: predictions shape=(32, 2), labels shape=(32,)
epoch : 17
batch : 4/39
train accuracy : 0.75
train pred 0/1 : 5/27 label 0/1 : 11/21
train batch 5: predictions shape=(32, 2), labels shape=(32,)
epoch : 17
batch : 5/39
train accuracy : 0.8125
train pred 0/1 : 10/22 label 0/1 : 12/20
train batch 6: predictions shape=(32, 2), labels shape=(32,)
epoch : 17
batch : 6/39
train accuracy : 0.71875
train pred 0/1 : 10/22 label 0/1 : 17/15
train batch 7: predictions shape=(32, 2), labels shape=(32,)
epoch : 17
batch : 7/39
train accuracy : 0.5
train pred 0/1 : 6/26 label 0/1 : 16/16
train batch 8: predictions shape=(32, 2), labels shape=(32,)
epoch : 17
batch : 8/39
train accuracy : 0.65625
train pred 0/1 : 6/26 label 0/1 : 13/19
train batch 9: predictions shape=(32, 2), labels shape=(32,)
epoch : 17
batch : 9/39
train accuracy : 0.65625
train pred 0/1 : 14/18 label 0/1 : 19/13
train batch 10: predictions shape=(32, 2), labels shape=(32,)
epoch : 17
batch : 10/39
train accuracy : 0.59375
train pred 0/1 : 5/27 label 0/1 : 16/16
train batch 11: predictions shape=(32, 2), labels shape=(32,)
epoch : 17
batch : 11/39
train accuracy : 0.8125
train pred 0/1 : 12/20 label 0/1 : 14/18
train batch 12: predictions shape=(32, 2), labels shape=(32,)
epoch : 17
batch : 12/39
train accuracy : 0.65625
train pred 0/1 : 5/27 label 0/1 : 16/16
train batch 13: predictions shape=(32, 2), labels shape=(32,)
epoch : 17
batch : 13/39
train accuracy : 0.71875
train pred 0/1 : 5/27 label 0/1 : 12/20
train batch 14: predictions shape=(32, 2), labels shape=(32,)
epoch : 17
batch : 14/39
train accuracy : 0.75
train pred 0/1 : 4/28 label 0/1 : 12/20
train batch 15: predictions shape=(32, 2), labels shape=(32,)
epoch : 17
batch : 15/39
train accuracy : 0.59375
train pred 0/1 : 7/25 label 0/1 : 18/14
train batch 16: predictions shape=(32, 2), labels shape=(32,)
epoch : 17
batch : 16/39
train accuracy : 0.59375
train pred 0/1 : 9/23 label 0/1 : 20/12
train batch 17: predictions shape=(32, 2), labels shape=(32,)
epoch : 17
batch : 17/39
train accuracy : 0.65625
train pred 0/1 : 5/27 label 0/1 : 14/18
train batch 18: predictions shape=(32, 2), labels shape=(32,)
epoch : 17
batch : 18/39
train accuracy : 0.75
train pred 0/1 : 12/20 label 0/1 : 14/18
train batch 19: predictions shape=(32, 2), labels shape=(32,)
epoch : 17
batch : 19/39
train accuracy : 0.71875
train pred 0/1 : 8/24 label 0/1 : 13/19
train batch 20: predictions shape=(32, 2), labels shape=(32,)
epoch : 17
batch : 20/39
train accuracy : 0.75
train pred 0/1 : 7/25 label 0/1 : 15/17
train batch 21: predictions shape=(32, 2), labels shape=(32,)
epoch : 17
batch : 21/39
train accuracy : 0.625
train pred 0/1 : 10/22 label 0/1 : 14/18
train batch 22: predictions shape=(32, 2), labels shape=(32,)
epoch : 17
batch : 22/39
train accuracy : 0.5
train pred 0/1 : 8/24 label 0/1 : 16/16
train batch 23: predictions shape=(32, 2), labels shape=(32,)
epoch : 17
batch : 23/39
train accuracy : 0.71875
train pred 0/1 : 13/19 label 0/1 : 12/20
train batch 24: predictions shape=(32, 2), labels shape=(32,)
epoch : 17
batch : 24/39
train accuracy : 0.625
train pred 0/1 : 11/21 label 0/1 : 19/13
train batch 25: predictions shape=(32, 2), labels shape=(32,)
epoch : 17
batch : 25/39
train accuracy : 0.8125
train pred 0/1 : 8/24 label 0/1 : 8/24
train batch 26: predictions shape=(32, 2), labels shape=(32,)
epoch : 17
batch : 26/39
train accuracy : 0.59375
train pred 0/1 : 10/22 label 0/1 : 21/11
train batch 27: predictions shape=(32, 2), labels shape=(32,)
epoch : 17
batch : 27/39
train accuracy : 0.6875
train pred 0/1 : 4/28 label 0/1 : 8/24
train batch 28: predictions shape=(32, 2), labels shape=(32,)
epoch : 17
batch : 28/39
train accuracy : 0.78125
train pred 0/1 : 14/18 label 0/1 : 15/17
train batch 29: predictions shape=(32, 2), labels shape=(32,)
epoch : 17
batch : 29/39
train accuracy : 0.65625
train pred 0/1 : 8/24 label 0/1 : 13/19
train batch 30: predictions shape=(32, 2), labels shape=(32,)
epoch : 17
batch : 30/39
train accuracy : 0.6875
train pred 0/1 : 10/22 label 0/1 : 14/18
train batch 31: predictions shape=(32, 2), labels shape=(32,)
epoch : 17
batch : 31/39
train accuracy : 0.625
train pred 0/1 : 9/23 label 0/1 : 11/21
train batch 32: predictions shape=(32, 2), labels shape=(32,)
epoch : 17
batch : 32/39
train accuracy : 0.5625
train pred 0/1 : 6/26 label 0/1 : 14/18
train batch 33: predictions shape=(32, 2), labels shape=(32,)
epoch : 17
batch : 33/39
train accuracy : 0.5625
train pred 0/1 : 6/26 label 0/1 : 16/16
train batch 34: predictions shape=(32, 2), labels shape=(32,)
epoch : 17
batch : 34/39
train accuracy : 0.78125
train pred 0/1 : 8/24 label 0/1 : 15/17
train batch 35: predictions shape=(32, 2), labels shape=(32,)
epoch : 17
batch : 35/39
train accuracy : 0.65625
train pred 0/1 : 10/22 label 0/1 : 13/19
train batch 36: predictions shape=(32, 2), labels shape=(32,)
epoch : 17
batch : 36/39
train accuracy : 0.5625
train pred 0/1 : 8/24 label 0/1 : 16/16
train batch 37: predictions shape=(32, 2), labels shape=(32,)
epoch : 17
batch : 37/39
train accuracy : 0.71875
train pred 0/1 : 7/25 label 0/1 : 10/22
train batch 38: predictions shape=(32, 2), labels shape=(32,)
epoch : 17
batch : 38/39
train accuracy : 0.75
train pred 0/1 : 11/21 label 0/1 : 9/23
train batch 39: predictions shape=(8, 2), labels shape=(8,)
epoch : 17
batch : 39/39
train accuracy : 0.625
train pred 0/1 : 4/4 label 0/1 : 3/5
VALIDATION
valid batch 1: predictions shape=(32, 2), labels shape=(32,)
valid batch : 1/2
valid accuracy : 0.1875
valid pred 0/1 : 20/12 label 0/1 : 10/22
valid batch 2: predictions shape=(23, 2), labels shape=(23,)
valid batch : 2/2
valid accuracy : 0.1304347813129425
valid pred 0/1 : 21/2 label 0/1 : 3/20
valid epoch balanced_accuracy: 0.213370
EPOCH 18:
train batch 1: predictions shape=(32, 2), labels shape=(32,)
epoch : 18
batch : 1/39
train accuracy : 0.75
train pred 0/1 : 12/20 label 0/1 : 16/16
train batch 2: predictions shape=(32, 2), labels shape=(32,)
epoch : 18
batch : 2/39
train accuracy : 0.71875
train pred 0/1 : 15/17 label 0/1 : 16/16
train batch 3: predictions shape=(32, 2), labels shape=(32,)
epoch : 18
batch : 3/39
train accuracy : 0.78125
train pred 0/1 : 9/23 label 0/1 : 14/18
train batch 4: predictions shape=(32, 2), labels shape=(32,)
epoch : 18
batch : 4/39
train accuracy : 0.5625
train pred 0/1 : 5/27 label 0/1 : 15/17
train batch 5: predictions shape=(32, 2), labels shape=(32,)
epoch : 18
batch : 5/39
train accuracy : 0.6875
train pred 0/1 : 5/27 label 0/1 : 13/19
train batch 6: predictions shape=(32, 2), labels shape=(32,)
epoch : 18
batch : 6/39
train accuracy : 0.65625
train pred 0/1 : 8/24 label 0/1 : 15/17
train batch 7: predictions shape=(32, 2), labels shape=(32,)
epoch : 18
batch : 7/39
train accuracy : 0.6875
train pred 0/1 : 9/23 label 0/1 : 13/19
train batch 8: predictions shape=(32, 2), labels shape=(32,)
epoch : 18
batch : 8/39
train accuracy : 0.59375
train pred 0/1 : 12/20 label 0/1 : 19/13
train batch 9: predictions shape=(32, 2), labels shape=(32,)
epoch : 18
batch : 9/39
train accuracy : 0.8125
train pred 0/1 : 17/15 label 0/1 : 17/15
train batch 10: predictions shape=(32, 2), labels shape=(32,)
epoch : 18
batch : 10/39
train accuracy : 0.875
train pred 0/1 : 6/26 label 0/1 : 10/22
train batch 11: predictions shape=(32, 2), labels shape=(32,)
epoch : 18
batch : 11/39
train accuracy : 0.78125
train pred 0/1 : 8/24 label 0/1 : 7/25
train batch 12: predictions shape=(32, 2), labels shape=(32,)
epoch : 18
batch : 12/39
train accuracy : 0.6875
train pred 0/1 : 13/19 label 0/1 : 11/21
train batch 13: predictions shape=(32, 2), labels shape=(32,)
epoch : 18
batch : 13/39
train accuracy : 0.8125
train pred 0/1 : 5/27 label 0/1 : 9/23
train batch 14: predictions shape=(32, 2), labels shape=(32,)
epoch : 18
batch : 14/39
train accuracy : 0.6875
train pred 0/1 : 11/21 label 0/1 : 15/17
train batch 15: predictions shape=(32, 2), labels shape=(32,)
epoch : 18
batch : 15/39
train accuracy : 0.8125
train pred 0/1 : 10/22 label 0/1 : 12/20
train batch 16: predictions shape=(32, 2), labels shape=(32,)
epoch : 18
batch : 16/39
train accuracy : 0.71875
train pred 0/1 : 5/27 label 0/1 : 10/22
train batch 17: predictions shape=(32, 2), labels shape=(32,)
epoch : 18
batch : 17/39
train accuracy : 0.6875
train pred 0/1 : 13/19 label 0/1 : 17/15
train batch 18: predictions shape=(32, 2), labels shape=(32,)
epoch : 18
batch : 18/39
train accuracy : 0.78125
train pred 0/1 : 9/23 label 0/1 : 14/18
train batch 19: predictions shape=(32, 2), labels shape=(32,)
epoch : 18
batch : 19/39
train accuracy : 0.65625
train pred 0/1 : 12/20 label 0/1 : 19/13
train batch 20: predictions shape=(32, 2), labels shape=(32,)
epoch : 18
batch : 20/39
train accuracy : 0.71875
train pred 0/1 : 5/27 label 0/1 : 14/18
train batch 21: predictions shape=(32, 2), labels shape=(32,)
epoch : 18
batch : 21/39
train accuracy : 0.90625
train pred 0/1 : 7/25 label 0/1 : 10/22
train batch 22: predictions shape=(32, 2), labels shape=(32,)
epoch : 18
batch : 22/39
train accuracy : 0.71875
train pred 0/1 : 9/23 label 0/1 : 18/14
train batch 23: predictions shape=(32, 2), labels shape=(32,)
epoch : 18
batch : 23/39
train accuracy : 0.65625
train pred 0/1 : 7/25 label 0/1 : 16/16
train batch 24: predictions shape=(32, 2), labels shape=(32,)
epoch : 18
batch : 24/39
train accuracy : 0.6875
train pred 0/1 : 10/22 label 0/1 : 16/16
train batch 25: predictions shape=(32, 2), labels shape=(32,)
epoch : 18
batch : 25/39
train accuracy : 0.75
train pred 0/1 : 12/20 label 0/1 : 14/18
train batch 26: predictions shape=(32, 2), labels shape=(32,)
epoch : 18
batch : 26/39
train accuracy : 0.625
train pred 0/1 : 9/23 label 0/1 : 15/17
train batch 27: predictions shape=(32, 2), labels shape=(32,)
epoch : 18
batch : 27/39
train accuracy : 0.75
train pred 0/1 : 11/21 label 0/1 : 15/17
train batch 28: predictions shape=(32, 2), labels shape=(32,)
epoch : 18
batch : 28/39
train accuracy : 0.84375
train pred 0/1 : 18/14 label 0/1 : 15/17
train batch 29: predictions shape=(32, 2), labels shape=(32,)
epoch : 18
batch : 29/39
train accuracy : 0.65625
train pred 0/1 : 17/15 label 0/1 : 16/16
train batch 30: predictions shape=(32, 2), labels shape=(32,)
epoch : 18
batch : 30/39
train accuracy : 0.71875
train pred 0/1 : 17/15 label 0/1 : 12/20
train batch 31: predictions shape=(32, 2), labels shape=(32,)
epoch : 18
batch : 31/39
train accuracy : 0.6875
train pred 0/1 : 15/17 label 0/1 : 11/21
train batch 32: predictions shape=(32, 2), labels shape=(32,)
epoch : 18
batch : 32/39
train accuracy : 0.75
train pred 0/1 : 15/17 label 0/1 : 21/11
train batch 33: predictions shape=(32, 2), labels shape=(32,)
epoch : 18
batch : 33/39
train accuracy : 0.75
train pred 0/1 : 12/20 label 0/1 : 18/14
train batch 34: predictions shape=(32, 2), labels shape=(32,)
epoch : 18
batch : 34/39
train accuracy : 0.78125
train pred 0/1 : 12/20 label 0/1 : 17/15
train batch 35: predictions shape=(32, 2), labels shape=(32,)
epoch : 18
batch : 35/39
train accuracy : 0.8125
train pred 0/1 : 10/22 label 0/1 : 14/18
train batch 36: predictions shape=(32, 2), labels shape=(32,)
epoch : 18
batch : 36/39
train accuracy : 0.625
train pred 0/1 : 9/23 label 0/1 : 19/13
train batch 37: predictions shape=(32, 2), labels shape=(32,)
epoch : 18
batch : 37/39
train accuracy : 0.75
train pred 0/1 : 11/21 label 0/1 : 13/19
train batch 38: predictions shape=(32, 2), labels shape=(32,)
epoch : 18
batch : 38/39
train accuracy : 0.78125
train pred 0/1 : 5/27 label 0/1 : 12/20
train batch 39: predictions shape=(8, 2), labels shape=(8,)
epoch : 18
batch : 39/39
train accuracy : 0.75
train pred 0/1 : 1/7 label 0/1 : 1/7
VALIDATION
valid batch 1: predictions shape=(32, 2), labels shape=(32,)
valid batch : 1/2
valid accuracy : 0.09375
valid pred 0/1 : 22/10 label 0/1 : 9/23
valid batch 2: predictions shape=(23, 2), labels shape=(23,)
valid batch : 2/2
valid accuracy : 0.1304347813129425
valid pred 0/1 : 16/7 label 0/1 : 4/19
valid epoch balanced_accuracy: 0.097985
EPOCH 19:
train batch 1: predictions shape=(32, 2), labels shape=(32,)
epoch : 19
batch : 1/39
train accuracy : 0.8125
train pred 0/1 : 6/26 label 0/1 : 8/24
train batch 2: predictions shape=(32, 2), labels shape=(32,)
epoch : 19
batch : 2/39
train accuracy : 0.8125
train pred 0/1 : 4/28 label 0/1 : 10/22
train batch 3: predictions shape=(32, 2), labels shape=(32,)
epoch : 19
batch : 3/39
train accuracy : 0.71875
train pred 0/1 : 8/24 label 0/1 : 15/17
train batch 4: predictions shape=(32, 2), labels shape=(32,)
epoch : 19
batch : 4/39
train accuracy : 0.65625
train pred 0/1 : 12/20 label 0/1 : 17/15
train batch 5: predictions shape=(32, 2), labels shape=(32,)
epoch : 19
batch : 5/39
train accuracy : 0.6875
train pred 0/1 : 6/26 label 0/1 : 12/20
train batch 6: predictions shape=(32, 2), labels shape=(32,)
epoch : 19
batch : 6/39
train accuracy : 0.75
train pred 0/1 : 8/24 label 0/1 : 14/18
train batch 7: predictions shape=(32, 2), labels shape=(32,)
epoch : 19
batch : 7/39
train accuracy : 0.78125
train pred 0/1 : 9/23 label 0/1 : 16/16
train batch 8: predictions shape=(32, 2), labels shape=(32,)
epoch : 19
batch : 8/39
train accuracy : 0.6875
train pred 0/1 : 9/23 label 0/1 : 15/17
train batch 9: predictions shape=(32, 2), labels shape=(32,)
epoch : 19
batch : 9/39
train accuracy : 0.6875
train pred 0/1 : 10/22 label 0/1 : 18/14
train batch 10: predictions shape=(32, 2), labels shape=(32,)
epoch : 19
batch : 10/39
train accuracy : 0.65625
train pred 0/1 : 11/21 label 0/1 : 18/14
train batch 11: predictions shape=(32, 2), labels shape=(32,)
epoch : 19
batch : 11/39
train accuracy : 0.625
train pred 0/1 : 5/27 label 0/1 : 15/17
train batch 12: predictions shape=(32, 2), labels shape=(32,)
epoch : 19
batch : 12/39
train accuracy : 0.59375
train pred 0/1 : 2/30 label 0/1 : 15/17
train batch 13: predictions shape=(32, 2), labels shape=(32,)
epoch : 19
batch : 13/39
train accuracy : 0.71875
train pred 0/1 : 5/27 label 0/1 : 14/18
train batch 14: predictions shape=(32, 2), labels shape=(32,)
epoch : 19
batch : 14/39
train accuracy : 0.6875
train pred 0/1 : 5/27 label 0/1 : 15/17
train batch 15: predictions shape=(32, 2), labels shape=(32,)
epoch : 19
batch : 15/39
train accuracy : 0.78125
train pred 0/1 : 4/28 label 0/1 : 11/21
train batch 16: predictions shape=(32, 2), labels shape=(32,)
epoch : 19
batch : 16/39
train accuracy : 0.6875
train pred 0/1 : 3/29 label 0/1 : 13/19
train batch 17: predictions shape=(32, 2), labels shape=(32,)
epoch : 19
batch : 17/39
train accuracy : 0.78125
train pred 0/1 : 3/29 label 0/1 : 10/22
train batch 18: predictions shape=(32, 2), labels shape=(32,)
epoch : 19
batch : 18/39
train accuracy : 0.65625
train pred 0/1 : 9/23 label 0/1 : 16/16
train batch 19: predictions shape=(32, 2), labels shape=(32,)
epoch : 19
batch : 19/39
train accuracy : 0.625
train pred 0/1 : 5/27 label 0/1 : 11/21
train batch 20: predictions shape=(32, 2), labels shape=(32,)
epoch : 19
batch : 20/39
train accuracy : 0.8125
train pred 0/1 : 12/20 label 0/1 : 10/22
train batch 21: predictions shape=(32, 2), labels shape=(32,)
epoch : 19
batch : 21/39
train accuracy : 0.71875
train pred 0/1 : 15/17 label 0/1 : 18/14
train batch 22: predictions shape=(32, 2), labels shape=(32,)
epoch : 19
batch : 22/39
train accuracy : 0.875
train pred 0/1 : 20/12 label 0/1 : 16/16
train batch 23: predictions shape=(32, 2), labels shape=(32,)
epoch : 19
batch : 23/39
train accuracy : 0.75
train pred 0/1 : 18/14 label 0/1 : 12/20
train batch 24: predictions shape=(32, 2), labels shape=(32,)
epoch : 19
batch : 24/39
train accuracy : 0.9375
train pred 0/1 : 16/16 label 0/1 : 14/18
train batch 25: predictions shape=(32, 2), labels shape=(32,)
epoch : 19
batch : 25/39
train accuracy : 0.78125
train pred 0/1 : 15/17 label 0/1 : 12/20
train batch 26: predictions shape=(32, 2), labels shape=(32,)
epoch : 19
batch : 26/39
train accuracy : 0.75
train pred 0/1 : 12/20 label 0/1 : 12/20
train batch 27: predictions shape=(32, 2), labels shape=(32,)
epoch : 19
batch : 27/39
train accuracy : 0.65625
train pred 0/1 : 6/26 label 0/1 : 17/15
train batch 28: predictions shape=(32, 2), labels shape=(32,)
epoch : 19
batch : 28/39
train accuracy : 0.59375
train pred 0/1 : 6/26 label 0/1 : 15/17
train batch 29: predictions shape=(32, 2), labels shape=(32,)
epoch : 19
batch : 29/39
train accuracy : 0.4375
train pred 0/1 : 6/26 label 0/1 : 24/8
train batch 30: predictions shape=(32, 2), labels shape=(32,)
epoch : 19
batch : 30/39
train accuracy : 0.90625
train pred 0/1 : 5/27 label 0/1 : 8/24
train batch 31: predictions shape=(32, 2), labels shape=(32,)
epoch : 19
batch : 31/39
train accuracy : 0.8125
train pred 0/1 : 8/24 label 0/1 : 14/18
train batch 32: predictions shape=(32, 2), labels shape=(32,)
epoch : 19
batch : 32/39
train accuracy : 0.71875
train pred 0/1 : 3/29 label 0/1 : 10/22
train batch 33: predictions shape=(32, 2), labels shape=(32,)
epoch : 19
batch : 33/39
train accuracy : 0.8125
train pred 0/1 : 8/24 label 0/1 : 14/18
train batch 34: predictions shape=(32, 2), labels shape=(32,)
epoch : 19
batch : 34/39
train accuracy : 0.6875
train pred 0/1 : 7/25 label 0/1 : 17/15
train batch 35: predictions shape=(32, 2), labels shape=(32,)
epoch : 19
batch : 35/39
train accuracy : 0.53125
train pred 0/1 : 3/29 label 0/1 : 14/18
train batch 36: predictions shape=(32, 2), labels shape=(32,)
epoch : 19
batch : 36/39
train accuracy : 0.75
train pred 0/1 : 11/21 label 0/1 : 19/13
train batch 37: predictions shape=(32, 2), labels shape=(32,)
epoch : 19
batch : 37/39
train accuracy : 0.625
train pred 0/1 : 9/23 label 0/1 : 21/11
train batch 38: predictions shape=(32, 2), labels shape=(32,)
epoch : 19
batch : 38/39
train accuracy : 0.75
train pred 0/1 : 12/20 label 0/1 : 16/16
train batch 39: predictions shape=(8, 2), labels shape=(8,)
epoch : 19
batch : 39/39
train accuracy : 0.875
train pred 0/1 : 2/6 label 0/1 : 3/5
VALIDATION
valid batch 1: predictions shape=(32, 2), labels shape=(32,)
valid batch : 1/2
valid accuracy : 0.15625
valid pred 0/1 : 20/12 label 0/1 : 9/23
valid batch 2: predictions shape=(23, 2), labels shape=(23,)
valid batch : 2/2
valid accuracy : 0.043478261679410934
valid pred 0/1 : 18/5 label 0/1 : 4/19
valid epoch balanced_accuracy: 0.097985
EPOCH 20:
train batch 1: predictions shape=(32, 2), labels shape=(32,)
epoch : 20
batch : 1/39
train accuracy : 0.65625
train pred 0/1 : 6/26 label 0/1 : 13/19
train batch 2: predictions shape=(32, 2), labels shape=(32,)
epoch : 20
batch : 2/39
train accuracy : 0.71875
train pred 0/1 : 7/25 label 0/1 : 14/18
train batch 3: predictions shape=(32, 2), labels shape=(32,)
epoch : 20
batch : 3/39
train accuracy : 0.78125
train pred 0/1 : 10/22 label 0/1 : 13/19
train batch 4: predictions shape=(32, 2), labels shape=(32,)
epoch : 20
batch : 4/39
train accuracy : 0.65625
train pred 0/1 : 6/26 label 0/1 : 11/21
train batch 5: predictions shape=(32, 2), labels shape=(32,)
epoch : 20
batch : 5/39
train accuracy : 0.65625
train pred 0/1 : 12/20 label 0/1 : 17/15
train batch 6: predictions shape=(32, 2), labels shape=(32,)
epoch : 20
batch : 6/39
train accuracy : 0.78125
train pred 0/1 : 8/24 label 0/1 : 13/19
train batch 7: predictions shape=(32, 2), labels shape=(32,)
epoch : 20
batch : 7/39
train accuracy : 0.71875
train pred 0/1 : 8/24 label 0/1 : 11/21
train batch 8: predictions shape=(32, 2), labels shape=(32,)
epoch : 20
batch : 8/39
train accuracy : 0.4375
train pred 0/1 : 6/26 label 0/1 : 20/12
train batch 9: predictions shape=(32, 2), labels shape=(32,)
epoch : 20
batch : 9/39
train accuracy : 0.75
train pred 0/1 : 6/26 label 0/1 : 12/20
train batch 10: predictions shape=(32, 2), labels shape=(32,)
epoch : 20
batch : 10/39
train accuracy : 0.65625
train pred 0/1 : 4/28 label 0/1 : 13/19
train batch 11: predictions shape=(32, 2), labels shape=(32,)
epoch : 20
batch : 11/39
train accuracy : 0.65625
train pred 0/1 : 8/24 label 0/1 : 19/13
train batch 12: predictions shape=(32, 2), labels shape=(32,)
epoch : 20
batch : 12/39
train accuracy : 0.6875
train pred 0/1 : 7/25 label 0/1 : 17/15
train batch 13: predictions shape=(32, 2), labels shape=(32,)
epoch : 20
batch : 13/39
train accuracy : 0.6875
train pred 0/1 : 5/27 label 0/1 : 13/19
train batch 14: predictions shape=(32, 2), labels shape=(32,)
epoch : 20
batch : 14/39
train accuracy : 0.6875
train pred 0/1 : 7/25 label 0/1 : 17/15
train batch 15: predictions shape=(32, 2), labels shape=(32,)
epoch : 20
batch : 15/39
train accuracy : 0.625
train pred 0/1 : 16/16 label 0/1 : 20/12
train batch 16: predictions shape=(32, 2), labels shape=(32,)
epoch : 20
batch : 16/39
train accuracy : 0.46875
train pred 0/1 : 32/0 label 0/1 : 15/17
train batch 17: predictions shape=(32, 2), labels shape=(32,)
epoch : 20
batch : 17/39
train accuracy : 0.5625
train pred 0/1 : 18/14 label 0/1 : 10/22
train batch 18: predictions shape=(32, 2), labels shape=(32,)
epoch : 20
batch : 18/39
train accuracy : 0.75
train pred 0/1 : 5/27 label 0/1 : 13/19
train batch 19: predictions shape=(32, 2), labels shape=(32,)
epoch : 20
batch : 19/39
train accuracy : 0.75
train pred 0/1 : 4/28 label 0/1 : 10/22
train batch 20: predictions shape=(32, 2), labels shape=(32,)
epoch : 20
batch : 20/39
train accuracy : 0.65625
train pred 0/1 : 0/32 label 0/1 : 11/21
train batch 21: predictions shape=(32, 2), labels shape=(32,)
epoch : 20
batch : 21/39
train accuracy : 0.5625
train pred 0/1 : 1/31 label 0/1 : 15/17
train batch 22: predictions shape=(32, 2), labels shape=(32,)
epoch : 20
batch : 22/39
train accuracy : 0.59375
train pred 0/1 : 0/32 label 0/1 : 13/19
train batch 23: predictions shape=(32, 2), labels shape=(32,)
epoch : 20
batch : 23/39
train accuracy : 0.625
train pred 0/1 : 4/28 label 0/1 : 12/20
train batch 24: predictions shape=(32, 2), labels shape=(32,)
epoch : 20
batch : 24/39
train accuracy : 0.71875
train pred 0/1 : 7/25 label 0/1 : 14/18
train batch 25: predictions shape=(32, 2), labels shape=(32,)
epoch : 20
batch : 25/39
train accuracy : 0.6875
train pred 0/1 : 12/20 label 0/1 : 14/18
train batch 26: predictions shape=(32, 2), labels shape=(32,)
epoch : 20
batch : 26/39
train accuracy : 0.46875
train pred 0/1 : 27/5 label 0/1 : 12/20
train batch 27: predictions shape=(32, 2), labels shape=(32,)
epoch : 20
batch : 27/39
train accuracy : 0.4375
train pred 0/1 : 25/7 label 0/1 : 11/21
train batch 28: predictions shape=(32, 2), labels shape=(32,)
epoch : 20
batch : 28/39
train accuracy : 0.5
train pred 0/1 : 13/19 label 0/1 : 17/15
train batch 29: predictions shape=(32, 2), labels shape=(32,)
epoch : 20
batch : 29/39
train accuracy : 0.75
train pred 0/1 : 12/20 label 0/1 : 14/18
train batch 30: predictions shape=(32, 2), labels shape=(32,)
epoch : 20
batch : 30/39
train accuracy : 0.75
train pred 0/1 : 6/26 label 0/1 : 14/18
train batch 31: predictions shape=(32, 2), labels shape=(32,)
epoch : 20
batch : 31/39
train accuracy : 0.59375
train pred 0/1 : 6/26 label 0/1 : 19/13
train batch 32: predictions shape=(32, 2), labels shape=(32,)
epoch : 20
batch : 32/39
train accuracy : 0.65625
train pred 0/1 : 5/27 label 0/1 : 14/18
train batch 33: predictions shape=(32, 2), labels shape=(32,)
epoch : 20
batch : 33/39
train accuracy : 0.625
train pred 0/1 : 5/27 label 0/1 : 17/15
train batch 34: predictions shape=(32, 2), labels shape=(32,)
epoch : 20
batch : 34/39
train accuracy : 0.625
train pred 0/1 : 22/10 label 0/1 : 14/18
train batch 35: predictions shape=(32, 2), labels shape=(32,)
epoch : 20
batch : 35/39
train accuracy : 0.3125
train pred 0/1 : 30/2 label 0/1 : 12/20
train batch 36: predictions shape=(32, 2), labels shape=(32,)
epoch : 20
batch : 36/39
train accuracy : 0.53125
train pred 0/1 : 19/13 label 0/1 : 16/16
train batch 37: predictions shape=(32, 2), labels shape=(32,)
epoch : 20
batch : 37/39
train accuracy : 0.4375
train pred 0/1 : 17/15 label 0/1 : 15/17
train batch 38: predictions shape=(32, 2), labels shape=(32,)
epoch : 20
batch : 38/39
train accuracy : 0.4375
train pred 0/1 : 18/14 label 0/1 : 20/12
train batch 39: predictions shape=(8, 2), labels shape=(8,)
epoch : 20
batch : 39/39
train accuracy : 0.5
train pred 0/1 : 8/0 label 0/1 : 4/4
VALIDATION
valid batch 1: predictions shape=(32, 2), labels shape=(32,)
valid batch : 1/2
valid accuracy : 0.3125
valid pred 0/1 : 30/2 label 0/1 : 8/24
valid batch 2: predictions shape=(23, 2), labels shape=(23,)
valid batch : 2/2
valid accuracy : 0.21739131212234497
valid pred 0/1 : 23/0 label 0/1 : 5/18
valid epoch balanced_accuracy: 0.523810
EPOCH 21:
train batch 1: predictions shape=(32, 2), labels shape=(32,)
epoch : 21
batch : 1/39
train accuracy : 0.40625
train pred 0/1 : 30/2 label 0/1 : 11/21
train batch 2: predictions shape=(32, 2), labels shape=(32,)
epoch : 21
batch : 2/39
train accuracy : 0.375
train pred 0/1 : 27/5 label 0/1 : 9/23
train batch 3: predictions shape=(32, 2), labels shape=(32,)
epoch : 21
batch : 3/39
train accuracy : 0.75
train pred 0/1 : 5/27 label 0/1 : 13/19
train batch 4: predictions shape=(32, 2), labels shape=(32,)
epoch : 21
batch : 4/39
train accuracy : 0.65625
train pred 0/1 : 4/28 label 0/1 : 15/17
train batch 5: predictions shape=(32, 2), labels shape=(32,)
epoch : 21
batch : 5/39
train accuracy : 0.71875
train pred 0/1 : 2/30 label 0/1 : 11/21
train batch 6: predictions shape=(32, 2), labels shape=(32,)
epoch : 21
batch : 6/39
train accuracy : 0.65625
train pred 0/1 : 1/31 label 0/1 : 12/20
train batch 7: predictions shape=(32, 2), labels shape=(32,)
epoch : 21
batch : 7/39
train accuracy : 0.625
train pred 0/1 : 2/30 label 0/1 : 14/18
train batch 8: predictions shape=(32, 2), labels shape=(32,)
epoch : 21
batch : 8/39
train accuracy : 0.5625
train pred 0/1 : 8/24 label 0/1 : 22/10
train batch 9: predictions shape=(32, 2), labels shape=(32,)
epoch : 21
batch : 9/39
train accuracy : 0.53125
train pred 0/1 : 2/30 label 0/1 : 17/15
train batch 10: predictions shape=(32, 2), labels shape=(32,)
epoch : 21
batch : 10/39
train accuracy : 0.6875
train pred 0/1 : 5/27 label 0/1 : 15/17
train batch 11: predictions shape=(32, 2), labels shape=(32,)
epoch : 21
batch : 11/39
train accuracy : 0.8125
train pred 0/1 : 3/29 label 0/1 : 9/23
train batch 12: predictions shape=(32, 2), labels shape=(32,)
epoch : 21
batch : 12/39
train accuracy : 0.53125
train pred 0/1 : 4/28 label 0/1 : 19/13
train batch 13: predictions shape=(32, 2), labels shape=(32,)
epoch : 21
batch : 13/39
train accuracy : 0.78125
train pred 0/1 : 5/27 label 0/1 : 12/20
train batch 14: predictions shape=(32, 2), labels shape=(32,)
epoch : 21
batch : 14/39
train accuracy : 0.65625
train pred 0/1 : 3/29 label 0/1 : 14/18
train batch 15: predictions shape=(32, 2), labels shape=(32,)
epoch : 21
batch : 15/39
train accuracy : 0.5
train pred 0/1 : 4/28 label 0/1 : 20/12
train batch 16: predictions shape=(32, 2), labels shape=(32,)
epoch : 21
batch : 16/39
train accuracy : 0.71875
train pred 0/1 : 3/29 label 0/1 : 12/20
train batch 17: predictions shape=(32, 2), labels shape=(32,)
epoch : 21
batch : 17/39
train accuracy : 0.5
train pred 0/1 : 15/17 label 0/1 : 15/17
train batch 18: predictions shape=(32, 2), labels shape=(32,)
epoch : 21
batch : 18/39
train accuracy : 0.3125
train pred 0/1 : 31/1 label 0/1 : 11/21
train batch 19: predictions shape=(32, 2), labels shape=(32,)
epoch : 21
batch : 19/39
train accuracy : 0.3125
train pred 0/1 : 31/1 label 0/1 : 11/21
train batch 20: predictions shape=(32, 2), labels shape=(32,)
epoch : 21
batch : 20/39
train accuracy : 0.65625
train pred 0/1 : 27/5 label 0/1 : 20/12
train batch 21: predictions shape=(32, 2), labels shape=(32,)
epoch : 21
batch : 21/39
train accuracy : 0.53125
train pred 0/1 : 24/8 label 0/1 : 13/19
train batch 22: predictions shape=(32, 2), labels shape=(32,)
epoch : 21
batch : 22/39
train accuracy : 0.6875
train pred 0/1 : 5/27 label 0/1 : 13/19
train batch 23: predictions shape=(32, 2), labels shape=(32,)
epoch : 21
batch : 23/39
train accuracy : 0.53125
train pred 0/1 : 5/27 label 0/1 : 20/12
train batch 24: predictions shape=(32, 2), labels shape=(32,)
epoch : 21
batch : 24/39
train accuracy : 0.65625
train pred 0/1 : 6/26 label 0/1 : 17/15
train batch 25: predictions shape=(32, 2), labels shape=(32,)
epoch : 21
batch : 25/39
train accuracy : 0.6875
train pred 0/1 : 1/31 label 0/1 : 11/21
train batch 26: predictions shape=(32, 2), labels shape=(32,)
epoch : 21
batch : 26/39
train accuracy : 0.5
train pred 0/1 : 2/30 label 0/1 : 18/14
train batch 27: predictions shape=(32, 2), labels shape=(32,)
epoch : 21
batch : 27/39
train accuracy : 0.53125
train pred 0/1 : 1/31 label 0/1 : 16/16
train batch 28: predictions shape=(32, 2), labels shape=(32,)
epoch : 21
batch : 28/39
train accuracy : 0.6875
train pred 0/1 : 6/26 label 0/1 : 16/16
train batch 29: predictions shape=(32, 2), labels shape=(32,)
epoch : 21
batch : 29/39
train accuracy : 0.75
train pred 0/1 : 10/22 label 0/1 : 16/16
train batch 30: predictions shape=(32, 2), labels shape=(32,)
epoch : 21
batch : 30/39
train accuracy : 0.34375
train pred 0/1 : 30/2 label 0/1 : 11/21
train batch 31: predictions shape=(32, 2), labels shape=(32,)
epoch : 21
batch : 31/39
train accuracy : 0.59375
train pred 0/1 : 29/3 label 0/1 : 16/16
train batch 32: predictions shape=(32, 2), labels shape=(32,)
epoch : 21
batch : 32/39
train accuracy : 0.375
train pred 0/1 : 31/1 label 0/1 : 13/19
train batch 33: predictions shape=(32, 2), labels shape=(32,)
epoch : 21
batch : 33/39
train accuracy : 0.59375
train pred 0/1 : 32/0 label 0/1 : 19/13
train batch 34: predictions shape=(32, 2), labels shape=(32,)
epoch : 21
batch : 34/39
train accuracy : 0.4375
train pred 0/1 : 32/0 label 0/1 : 14/18
train batch 35: predictions shape=(32, 2), labels shape=(32,)
epoch : 21
batch : 35/39
train accuracy : 0.375
train pred 0/1 : 31/1 label 0/1 : 11/21
train batch 36: predictions shape=(32, 2), labels shape=(32,)
epoch : 21
batch : 36/39
train accuracy : 0.46875
train pred 0/1 : 32/0 label 0/1 : 15/17
train batch 37: predictions shape=(32, 2), labels shape=(32,)
epoch : 21
batch : 37/39
train accuracy : 0.4375
train pred 0/1 : 31/1 label 0/1 : 13/19
train batch 38: predictions shape=(32, 2), labels shape=(32,)
epoch : 21
batch : 38/39
train accuracy : 0.375
train pred 0/1 : 32/0 label 0/1 : 12/20
train batch 39: predictions shape=(8, 2), labels shape=(8,)
epoch : 21
batch : 39/39
train accuracy : 0.375
train pred 0/1 : 8/0 label 0/1 : 3/5
VALIDATION
valid batch 1: predictions shape=(32, 2), labels shape=(32,)
valid batch : 1/2
valid accuracy : 0.3125
valid pred 0/1 : 29/3 label 0/1 : 7/25
valid batch 2: predictions shape=(23, 2), labels shape=(23,)
valid batch : 2/2
valid accuracy : 0.17391304671764374
valid pred 0/1 : 21/2 label 0/1 : 6/17
valid epoch balanced_accuracy: 0.458791
EPOCH 22:
train batch 1: predictions shape=(32, 2), labels shape=(32,)
epoch : 22
batch : 1/39
train accuracy : 0.375
train pred 0/1 : 27/5 label 0/1 : 13/19
train batch 2: predictions shape=(32, 2), labels shape=(32,)
epoch : 22
batch : 2/39
train accuracy : 0.625
train pred 0/1 : 21/11 label 0/1 : 19/13
train batch 3: predictions shape=(32, 2), labels shape=(32,)
epoch : 22
batch : 3/39
train accuracy : 0.5
train pred 0/1 : 12/20 label 0/1 : 18/14
train batch 4: predictions shape=(32, 2), labels shape=(32,)
epoch : 22
batch : 4/39
train accuracy : 0.65625
train pred 0/1 : 15/17 label 0/1 : 10/22
train batch 5: predictions shape=(32, 2), labels shape=(32,)
epoch : 22
batch : 5/39
train accuracy : 0.78125
train pred 0/1 : 10/22 label 0/1 : 17/15
train batch 6: predictions shape=(32, 2), labels shape=(32,)
epoch : 22
batch : 6/39
train accuracy : 0.65625
train pred 0/1 : 15/17 label 0/1 : 14/18
train batch 7: predictions shape=(32, 2), labels shape=(32,)
epoch : 22
batch : 7/39
train accuracy : 0.5625
train pred 0/1 : 9/23 label 0/1 : 21/11
train batch 8: predictions shape=(32, 2), labels shape=(32,)
epoch : 22
batch : 8/39
train accuracy : 0.5
train pred 0/1 : 20/12 label 0/1 : 14/18
train batch 9: predictions shape=(32, 2), labels shape=(32,)
epoch : 22
batch : 9/39
train accuracy : 0.4375
train pred 0/1 : 15/17 label 0/1 : 13/19
train batch 10: predictions shape=(32, 2), labels shape=(32,)
epoch : 22
batch : 10/39
train accuracy : 0.5
train pred 0/1 : 16/16 label 0/1 : 18/14
train batch 11: predictions shape=(32, 2), labels shape=(32,)
epoch : 22
batch : 11/39
train accuracy : 0.59375
train pred 0/1 : 9/23 label 0/1 : 14/18
train batch 12: predictions shape=(32, 2), labels shape=(32,)
epoch : 22
batch : 12/39
train accuracy : 0.59375
train pred 0/1 : 7/25 label 0/1 : 14/18
train batch 13: predictions shape=(32, 2), labels shape=(32,)
epoch : 22
batch : 13/39
train accuracy : 0.75
train pred 0/1 : 6/26 label 0/1 : 10/22
train batch 14: predictions shape=(32, 2), labels shape=(32,)
epoch : 22
batch : 14/39
train accuracy : 0.65625
train pred 0/1 : 5/27 label 0/1 : 14/18
train batch 15: predictions shape=(32, 2), labels shape=(32,)
epoch : 22
batch : 15/39
train accuracy : 0.625
train pred 0/1 : 4/28 label 0/1 : 16/16
train batch 16: predictions shape=(32, 2), labels shape=(32,)
epoch : 22
batch : 16/39
train accuracy : 0.6875
train pred 0/1 : 4/28 label 0/1 : 12/20
train batch 17: predictions shape=(32, 2), labels shape=(32,)
epoch : 22
batch : 17/39
train accuracy : 0.6875
train pred 0/1 : 4/28 label 0/1 : 12/20
train batch 18: predictions shape=(32, 2), labels shape=(32,)
epoch : 22
batch : 18/39
train accuracy : 0.8125
train pred 0/1 : 5/27 label 0/1 : 11/21
train batch 19: predictions shape=(32, 2), labels shape=(32,)
epoch : 22
batch : 19/39
train accuracy : 0.71875
train pred 0/1 : 1/31 label 0/1 : 10/22
train batch 20: predictions shape=(32, 2), labels shape=(32,)
epoch : 22
batch : 20/39
train accuracy : 0.625
train pred 0/1 : 7/25 label 0/1 : 17/15
train batch 21: predictions shape=(32, 2), labels shape=(32,)
epoch : 22
batch : 21/39
train accuracy : 0.71875
train pred 0/1 : 4/28 label 0/1 : 13/19
train batch 22: predictions shape=(32, 2), labels shape=(32,)
epoch : 22
batch : 22/39
train accuracy : 0.65625
train pred 0/1 : 3/29 label 0/1 : 12/20
train batch 23: predictions shape=(32, 2), labels shape=(32,)
epoch : 22
batch : 23/39
train accuracy : 0.75
train pred 0/1 : 3/29 label 0/1 : 11/21
train batch 24: predictions shape=(32, 2), labels shape=(32,)
epoch : 22
batch : 24/39
train accuracy : 0.625
train pred 0/1 : 3/29 label 0/1 : 13/19
train batch 25: predictions shape=(32, 2), labels shape=(32,)
epoch : 22
batch : 25/39
train accuracy : 0.625
train pred 0/1 : 4/28 label 0/1 : 16/16
train batch 26: predictions shape=(32, 2), labels shape=(32,)
epoch : 22
batch : 26/39
train accuracy : 0.625
train pred 0/1 : 1/31 label 0/1 : 13/19
train batch 27: predictions shape=(32, 2), labels shape=(32,)
epoch : 22
batch : 27/39
train accuracy : 0.59375
train pred 0/1 : 2/30 label 0/1 : 15/17
train batch 28: predictions shape=(32, 2), labels shape=(32,)
epoch : 22
batch : 28/39
train accuracy : 0.5
train pred 0/1 : 2/30 label 0/1 : 18/14
train batch 29: predictions shape=(32, 2), labels shape=(32,)
epoch : 22
batch : 29/39
train accuracy : 0.625
train pred 0/1 : 12/20 label 0/1 : 20/12
train batch 30: predictions shape=(32, 2), labels shape=(32,)
epoch : 22
batch : 30/39
train accuracy : 0.71875
train pred 0/1 : 9/23 label 0/1 : 10/22
train batch 31: predictions shape=(32, 2), labels shape=(32,)
epoch : 22
batch : 31/39
train accuracy : 0.6875
train pred 0/1 : 13/19 label 0/1 : 13/19
train batch 32: predictions shape=(32, 2), labels shape=(32,)
epoch : 22
batch : 32/39
train accuracy : 0.75
train pred 0/1 : 16/16 label 0/1 : 14/18
train batch 33: predictions shape=(32, 2), labels shape=(32,)
epoch : 22
batch : 33/39
train accuracy : 0.71875
train pred 0/1 : 18/14 label 0/1 : 19/13
train batch 34: predictions shape=(32, 2), labels shape=(32,)
epoch : 22
batch : 34/39
train accuracy : 0.625
train pred 0/1 : 11/21 label 0/1 : 11/21
train batch 35: predictions shape=(32, 2), labels shape=(32,)
epoch : 22
batch : 35/39
train accuracy : 0.6875
train pred 0/1 : 19/13 label 0/1 : 15/17
train batch 36: predictions shape=(32, 2), labels shape=(32,)
epoch : 22
batch : 36/39
train accuracy : 0.625
train pred 0/1 : 14/18 label 0/1 : 14/18
train batch 37: predictions shape=(32, 2), labels shape=(32,)
epoch : 22
batch : 37/39
train accuracy : 0.71875
train pred 0/1 : 15/17 label 0/1 : 12/20
train batch 38: predictions shape=(32, 2), labels shape=(32,)
epoch : 22
batch : 38/39
train accuracy : 0.625
train pred 0/1 : 12/20 label 0/1 : 18/14
train batch 39: predictions shape=(8, 2), labels shape=(8,)
epoch : 22
batch : 39/39
train accuracy : 0.5
train pred 0/1 : 5/3 label 0/1 : 5/3
VALIDATION
valid batch 1: predictions shape=(32, 2), labels shape=(32,)
valid batch : 1/2
valid accuracy : 0.21875
valid pred 0/1 : 29/3 label 0/1 : 8/24
valid batch 2: predictions shape=(23, 2), labels shape=(23,)
valid batch : 2/2
valid accuracy : 0.3478260934352875
valid pred 0/1 : 18/5 label 0/1 : 5/18
valid epoch balanced_accuracy: 0.444139
EPOCH 23:
train batch 1: predictions shape=(32, 2), labels shape=(32,)
epoch : 23
batch : 1/39
train accuracy : 0.65625
train pred 0/1 : 18/14 label 0/1 : 13/19
train batch 2: predictions shape=(32, 2), labels shape=(32,)
epoch : 23
batch : 2/39
train accuracy : 0.65625
train pred 0/1 : 22/10 label 0/1 : 15/17
train batch 3: predictions shape=(32, 2), labels shape=(32,)
epoch : 23
batch : 3/39
train accuracy : 0.75
train pred 0/1 : 19/13 label 0/1 : 13/19
train batch 4: predictions shape=(32, 2), labels shape=(32,)
epoch : 23
batch : 4/39
train accuracy : 0.5625
train pred 0/1 : 15/17 label 0/1 : 13/19
train batch 5: predictions shape=(32, 2), labels shape=(32,)
epoch : 23
batch : 5/39
train accuracy : 0.6875
train pred 0/1 : 14/18 label 0/1 : 18/14
train batch 6: predictions shape=(32, 2), labels shape=(32,)
epoch : 23
batch : 6/39
train accuracy : 0.625
train pred 0/1 : 19/13 label 0/1 : 15/17
train batch 7: predictions shape=(32, 2), labels shape=(32,)
epoch : 23
batch : 7/39
train accuracy : 0.71875
train pred 0/1 : 11/21 label 0/1 : 14/18
train batch 8: predictions shape=(32, 2), labels shape=(32,)
epoch : 23
batch : 8/39
train accuracy : 0.6875
train pred 0/1 : 3/29 label 0/1 : 11/21
train batch 9: predictions shape=(32, 2), labels shape=(32,)
epoch : 23
batch : 9/39
train accuracy : 0.65625
train pred 0/1 : 6/26 label 0/1 : 13/19
train batch 10: predictions shape=(32, 2), labels shape=(32,)
epoch : 23
batch : 10/39
train accuracy : 0.71875
train pred 0/1 : 4/28 label 0/1 : 11/21
train batch 11: predictions shape=(32, 2), labels shape=(32,)
epoch : 23
batch : 11/39
train accuracy : 0.65625
train pred 0/1 : 5/27 label 0/1 : 16/16
train batch 12: predictions shape=(32, 2), labels shape=(32,)
epoch : 23
batch : 12/39
train accuracy : 0.65625
train pred 0/1 : 6/26 label 0/1 : 15/17
train batch 13: predictions shape=(32, 2), labels shape=(32,)
epoch : 23
batch : 13/39
train accuracy : 0.75
train pred 0/1 : 9/23 label 0/1 : 13/19
train batch 14: predictions shape=(32, 2), labels shape=(32,)
epoch : 23
batch : 14/39
train accuracy : 0.75
train pred 0/1 : 11/21 label 0/1 : 17/15
train batch 15: predictions shape=(32, 2), labels shape=(32,)
epoch : 23
batch : 15/39
train accuracy : 0.46875
train pred 0/1 : 9/23 label 0/1 : 18/14
train batch 16: predictions shape=(32, 2), labels shape=(32,)
epoch : 23
batch : 16/39
train accuracy : 0.78125
train pred 0/1 : 15/17 label 0/1 : 18/14
train batch 17: predictions shape=(32, 2), labels shape=(32,)
epoch : 23
batch : 17/39
train accuracy : 0.65625
train pred 0/1 : 22/10 label 0/1 : 15/17
train batch 18: predictions shape=(32, 2), labels shape=(32,)
epoch : 23
batch : 18/39
train accuracy : 0.625
train pred 0/1 : 24/8 label 0/1 : 16/16
train batch 19: predictions shape=(32, 2), labels shape=(32,)
epoch : 23
batch : 19/39
train accuracy : 0.65625
train pred 0/1 : 21/11 label 0/1 : 18/14
train batch 20: predictions shape=(32, 2), labels shape=(32,)
epoch : 23
batch : 20/39
train accuracy : 0.59375
train pred 0/1 : 22/10 label 0/1 : 15/17
train batch 21: predictions shape=(32, 2), labels shape=(32,)
epoch : 23
batch : 21/39
train accuracy : 0.71875
train pred 0/1 : 17/15 label 0/1 : 12/20
train batch 22: predictions shape=(32, 2), labels shape=(32,)
epoch : 23
batch : 22/39
train accuracy : 0.53125
train pred 0/1 : 16/16 label 0/1 : 9/23
train batch 23: predictions shape=(32, 2), labels shape=(32,)
epoch : 23
batch : 23/39
train accuracy : 0.625
train pred 0/1 : 12/20 label 0/1 : 18/14
train batch 24: predictions shape=(32, 2), labels shape=(32,)
epoch : 23
batch : 24/39
train accuracy : 0.6875
train pred 0/1 : 8/24 label 0/1 : 16/16
train batch 25: predictions shape=(32, 2), labels shape=(32,)
epoch : 23
batch : 25/39
train accuracy : 0.6875
train pred 0/1 : 3/29 label 0/1 : 13/19
train batch 26: predictions shape=(32, 2), labels shape=(32,)
epoch : 23
batch : 26/39
train accuracy : 0.75
train pred 0/1 : 2/30 label 0/1 : 10/22
train batch 27: predictions shape=(32, 2), labels shape=(32,)
epoch : 23
batch : 27/39
train accuracy : 0.625
train pred 0/1 : 3/29 label 0/1 : 13/19
train batch 28: predictions shape=(32, 2), labels shape=(32,)
epoch : 23
batch : 28/39
train accuracy : 0.6875
train pred 0/1 : 4/28 label 0/1 : 14/18
train batch 29: predictions shape=(32, 2), labels shape=(32,)
epoch : 23
batch : 29/39
train accuracy : 0.5625
train pred 0/1 : 0/32 label 0/1 : 14/18
train batch 30: predictions shape=(32, 2), labels shape=(32,)
epoch : 23
batch : 30/39
train accuracy : 0.65625
train pred 0/1 : 6/26 label 0/1 : 15/17
train batch 31: predictions shape=(32, 2), labels shape=(32,)
epoch : 23
batch : 31/39
train accuracy : 0.625
train pred 0/1 : 3/29 label 0/1 : 13/19
train batch 32: predictions shape=(32, 2), labels shape=(32,)
epoch : 23
batch : 32/39
train accuracy : 0.5625
train pred 0/1 : 4/28 label 0/1 : 14/18
train batch 33: predictions shape=(32, 2), labels shape=(32,)
epoch : 23
batch : 33/39
train accuracy : 0.65625
train pred 0/1 : 2/30 label 0/1 : 13/19
train batch 34: predictions shape=(32, 2), labels shape=(32,)
epoch : 23
batch : 34/39
train accuracy : 0.53125
train pred 0/1 : 1/31 label 0/1 : 16/16
train batch 35: predictions shape=(32, 2), labels shape=(32,)
epoch : 23
batch : 35/39
train accuracy : 0.71875
train pred 0/1 : 6/26 label 0/1 : 15/17
train batch 36: predictions shape=(32, 2), labels shape=(32,)
epoch : 23
batch : 36/39
train accuracy : 0.65625
train pred 0/1 : 3/29 label 0/1 : 14/18
train batch 37: predictions shape=(32, 2), labels shape=(32,)
epoch : 23
batch : 37/39
train accuracy : 0.59375
train pred 0/1 : 2/30 label 0/1 : 15/17
train batch 38: predictions shape=(32, 2), labels shape=(32,)
epoch : 23
batch : 38/39
train accuracy : 0.5625
train pred 0/1 : 4/28 label 0/1 : 18/14
train batch 39: predictions shape=(8, 2), labels shape=(8,)
epoch : 23
batch : 39/39
train accuracy : 1.0
train pred 0/1 : 0/8 label 0/1 : 0/8
VALIDATION
valid batch 1: predictions shape=(32, 2), labels shape=(32,)
valid batch : 1/2
valid accuracy : 0.09375
valid pred 0/1 : 24/8 label 0/1 : 5/27
valid batch 2: predictions shape=(23, 2), labels shape=(23,)
valid batch : 2/2
valid accuracy : 0.1304347813129425
valid pred 0/1 : 14/9 label 0/1 : 8/15
valid epoch balanced_accuracy: 0.097985
EPOCH 24:
train batch 1: predictions shape=(32, 2), labels shape=(32,)
epoch : 24
batch : 1/39
train accuracy : 0.6875
train pred 0/1 : 2/30 label 0/1 : 12/20
train batch 2: predictions shape=(32, 2), labels shape=(32,)
epoch : 24
batch : 2/39
train accuracy : 0.8125
train pred 0/1 : 7/25 label 0/1 : 13/19
train batch 3: predictions shape=(32, 2), labels shape=(32,)
epoch : 24
batch : 3/39
train accuracy : 0.625
train pred 0/1 : 2/30 label 0/1 : 14/18
train batch 4: predictions shape=(32, 2), labels shape=(32,)
epoch : 24
batch : 4/39
train accuracy : 0.75
train pred 0/1 : 2/30 label 0/1 : 10/22
train batch 5: predictions shape=(32, 2), labels shape=(32,)
epoch : 24
batch : 5/39
train accuracy : 0.75
train pred 0/1 : 4/28 label 0/1 : 12/20
train batch 6: predictions shape=(32, 2), labels shape=(32,)
epoch : 24
batch : 6/39
train accuracy : 0.625
train pred 0/1 : 1/31 label 0/1 : 13/19
train batch 7: predictions shape=(32, 2), labels shape=(32,)
epoch : 24
batch : 7/39
train accuracy : 0.78125
train pred 0/1 : 4/28 label 0/1 : 11/21
train batch 8: predictions shape=(32, 2), labels shape=(32,)
epoch : 24
batch : 8/39
train accuracy : 0.53125
train pred 0/1 : 1/31 label 0/1 : 16/16
train batch 9: predictions shape=(32, 2), labels shape=(32,)
epoch : 24
batch : 9/39
train accuracy : 0.5
train pred 0/1 : 4/28 label 0/1 : 20/12
train batch 10: predictions shape=(32, 2), labels shape=(32,)
epoch : 24
batch : 10/39
train accuracy : 0.84375
train pred 0/1 : 0/32 label 0/1 : 5/27
train batch 11: predictions shape=(32, 2), labels shape=(32,)
epoch : 24
batch : 11/39
train accuracy : 0.5625
train pred 0/1 : 5/27 label 0/1 : 19/13
train batch 12: predictions shape=(32, 2), labels shape=(32,)
epoch : 24
batch : 12/39
train accuracy : 0.625
train pred 0/1 : 5/27 label 0/1 : 17/15
train batch 13: predictions shape=(32, 2), labels shape=(32,)
epoch : 24
batch : 13/39
train accuracy : 0.71875
train pred 0/1 : 5/27 label 0/1 : 14/18
train batch 14: predictions shape=(32, 2), labels shape=(32,)
epoch : 24
batch : 14/39
train accuracy : 0.53125
train pred 0/1 : 2/30 label 0/1 : 17/15
train batch 15: predictions shape=(32, 2), labels shape=(32,)
epoch : 24
batch : 15/39
train accuracy : 0.5625
train pred 0/1 : 0/32 label 0/1 : 14/18
train batch 16: predictions shape=(32, 2), labels shape=(32,)
epoch : 24
batch : 16/39
train accuracy : 0.625
train pred 0/1 : 2/30 label 0/1 : 14/18
train batch 17: predictions shape=(32, 2), labels shape=(32,)
epoch : 24
batch : 17/39
train accuracy : 0.84375
train pred 0/1 : 2/30 label 0/1 : 7/25
train batch 18: predictions shape=(32, 2), labels shape=(32,)
epoch : 24
batch : 18/39
train accuracy : 0.5625
train pred 0/1 : 0/32 label 0/1 : 14/18
train batch 19: predictions shape=(32, 2), labels shape=(32,)
epoch : 24
batch : 19/39
train accuracy : 0.71875
train pred 0/1 : 6/26 label 0/1 : 15/17
train batch 20: predictions shape=(32, 2), labels shape=(32,)
epoch : 24
batch : 20/39
train accuracy : 0.6875
train pred 0/1 : 4/28 label 0/1 : 14/18
train batch 21: predictions shape=(32, 2), labels shape=(32,)
epoch : 24
batch : 21/39
train accuracy : 0.625
train pred 0/1 : 3/29 label 0/1 : 15/17
train batch 22: predictions shape=(32, 2), labels shape=(32,)
epoch : 24
batch : 22/39
train accuracy : 0.625
train pred 0/1 : 3/29 label 0/1 : 15/17
train batch 23: predictions shape=(32, 2), labels shape=(32,)
epoch : 24
batch : 23/39
train accuracy : 0.6875
train pred 0/1 : 6/26 label 0/1 : 16/16
train batch 24: predictions shape=(32, 2), labels shape=(32,)
epoch : 24
batch : 24/39
train accuracy : 0.625
train pred 0/1 : 3/29 label 0/1 : 15/17
train batch 25: predictions shape=(32, 2), labels shape=(32,)
epoch : 24
batch : 25/39
train accuracy : 0.625
train pred 0/1 : 5/27 label 0/1 : 17/15
train batch 26: predictions shape=(32, 2), labels shape=(32,)
epoch : 24
batch : 26/39
train accuracy : 0.59375
train pred 0/1 : 2/30 label 0/1 : 15/17
train batch 27: predictions shape=(32, 2), labels shape=(32,)
epoch : 24
batch : 27/39
train accuracy : 0.8125
train pred 0/1 : 5/27 label 0/1 : 11/21
train batch 28: predictions shape=(32, 2), labels shape=(32,)
epoch : 24
batch : 28/39
train accuracy : 0.53125
train pred 0/1 : 1/31 label 0/1 : 16/16
train batch 29: predictions shape=(32, 2), labels shape=(32,)
epoch : 24
batch : 29/39
train accuracy : 0.59375
train pred 0/1 : 1/31 label 0/1 : 14/18
train batch 30: predictions shape=(32, 2), labels shape=(32,)
epoch : 24
batch : 30/39
train accuracy : 0.65625
train pred 0/1 : 6/26 label 0/1 : 15/17
train batch 31: predictions shape=(32, 2), labels shape=(32,)
epoch : 24
batch : 31/39
train accuracy : 0.78125
train pred 0/1 : 2/30 label 0/1 : 9/23
train batch 32: predictions shape=(32, 2), labels shape=(32,)
epoch : 24
batch : 32/39
train accuracy : 0.625
train pred 0/1 : 6/26 label 0/1 : 18/14
train batch 33: predictions shape=(32, 2), labels shape=(32,)
epoch : 24
batch : 33/39
train accuracy : 0.4375
train pred 0/1 : 3/29 label 0/1 : 21/11
train batch 34: predictions shape=(32, 2), labels shape=(32,)
epoch : 24
batch : 34/39
train accuracy : 0.5625
train pred 0/1 : 3/29 label 0/1 : 17/15
train batch 35: predictions shape=(32, 2), labels shape=(32,)
epoch : 24
batch : 35/39
train accuracy : 0.65625
train pred 0/1 : 7/25 label 0/1 : 16/16
train batch 36: predictions shape=(32, 2), labels shape=(32,)
epoch : 24
batch : 36/39
train accuracy : 0.71875
train pred 0/1 : 6/26 label 0/1 : 13/19
train batch 37: predictions shape=(32, 2), labels shape=(32,)
epoch : 24
batch : 37/39
train accuracy : 0.65625
train pred 0/1 : 5/27 label 0/1 : 16/16
train batch 38: predictions shape=(32, 2), labels shape=(32,)
epoch : 24
batch : 38/39
train accuracy : 0.78125
train pred 0/1 : 7/25 label 0/1 : 14/18
train batch 39: predictions shape=(8, 2), labels shape=(8,)
epoch : 24
batch : 39/39
train accuracy : 0.375
train pred 0/1 : 0/8 label 0/1 : 5/3
VALIDATION
valid batch 1: predictions shape=(32, 2), labels shape=(32,)
valid batch : 1/2
valid accuracy : 0.09375
valid pred 0/1 : 23/9 label 0/1 : 6/26
valid batch 2: predictions shape=(23, 2), labels shape=(23,)
valid batch : 2/2
valid accuracy : 0.1304347813129425
valid pred 0/1 : 15/8 label 0/1 : 7/16
valid epoch balanced_accuracy: 0.097985
EPOCH 25:
train batch 1: predictions shape=(32, 2), labels shape=(32,)
epoch : 25
batch : 1/39
train accuracy : 0.71875
train pred 0/1 : 4/28 label 0/1 : 13/19
train batch 2: predictions shape=(32, 2), labels shape=(32,)
epoch : 25
batch : 2/39
train accuracy : 0.71875
train pred 0/1 : 4/28 label 0/1 : 13/19
train batch 3: predictions shape=(32, 2), labels shape=(32,)
epoch : 25
batch : 3/39
train accuracy : 0.5
train pred 0/1 : 4/28 label 0/1 : 20/12
train batch 4: predictions shape=(32, 2), labels shape=(32,)
epoch : 25
batch : 4/39
train accuracy : 0.71875
train pred 0/1 : 4/28 label 0/1 : 11/21
train batch 5: predictions shape=(32, 2), labels shape=(32,)
epoch : 25
batch : 5/39
train accuracy : 0.625
train pred 0/1 : 8/24 label 0/1 : 14/18
train batch 6: predictions shape=(32, 2), labels shape=(32,)
epoch : 25
batch : 6/39
train accuracy : 0.71875
train pred 0/1 : 11/21 label 0/1 : 16/16
train batch 7: predictions shape=(32, 2), labels shape=(32,)
epoch : 25
batch : 7/39
train accuracy : 0.59375
train pred 0/1 : 16/16 label 0/1 : 17/15
train batch 8: predictions shape=(32, 2), labels shape=(32,)
epoch : 25
batch : 8/39
train accuracy : 0.5625
train pred 0/1 : 10/22 label 0/1 : 12/20
train batch 9: predictions shape=(32, 2), labels shape=(32,)
epoch : 25
batch : 9/39
train accuracy : 0.53125
train pred 0/1 : 13/19 label 0/1 : 12/20
train batch 10: predictions shape=(32, 2), labels shape=(32,)
epoch : 25
batch : 10/39
train accuracy : 0.65625
train pred 0/1 : 11/21 label 0/1 : 14/18
train batch 11: predictions shape=(32, 2), labels shape=(32,)
epoch : 25
batch : 11/39
train accuracy : 0.625
train pred 0/1 : 13/19 label 0/1 : 15/17
train batch 12: predictions shape=(32, 2), labels shape=(32,)
epoch : 25
batch : 12/39
train accuracy : 0.625
train pred 0/1 : 12/20 label 0/1 : 16/16
train batch 13: predictions shape=(32, 2), labels shape=(32,)
epoch : 25
batch : 13/39
train accuracy : 0.75
train pred 0/1 : 6/26 label 0/1 : 10/22
train batch 14: predictions shape=(32, 2), labels shape=(32,)
epoch : 25
batch : 14/39
train accuracy : 0.71875
train pred 0/1 : 3/29 label 0/1 : 12/20
train batch 15: predictions shape=(32, 2), labels shape=(32,)
epoch : 25
batch : 15/39
train accuracy : 0.78125
train pred 0/1 : 8/24 label 0/1 : 13/19
train batch 16: predictions shape=(32, 2), labels shape=(32,)
epoch : 25
batch : 16/39
train accuracy : 0.6875
train pred 0/1 : 5/27 label 0/1 : 15/17
train batch 17: predictions shape=(32, 2), labels shape=(32,)
epoch : 25
batch : 17/39
train accuracy : 0.625
train pred 0/1 : 6/26 label 0/1 : 18/14
train batch 18: predictions shape=(32, 2), labels shape=(32,)
epoch : 25
batch : 18/39
train accuracy : 0.71875
train pred 0/1 : 5/27 label 0/1 : 14/18
train batch 19: predictions shape=(32, 2), labels shape=(32,)
epoch : 25
batch : 19/39
train accuracy : 0.625
train pred 0/1 : 3/29 label 0/1 : 15/17
train batch 20: predictions shape=(32, 2), labels shape=(32,)
epoch : 25
batch : 20/39
train accuracy : 0.59375
train pred 0/1 : 5/27 label 0/1 : 18/14
train batch 21: predictions shape=(32, 2), labels shape=(32,)
epoch : 25
batch : 21/39
train accuracy : 0.625
train pred 0/1 : 5/27 label 0/1 : 17/15
train batch 22: predictions shape=(32, 2), labels shape=(32,)
epoch : 25
batch : 22/39
train accuracy : 0.5625
train pred 0/1 : 0/32 label 0/1 : 14/18
train batch 23: predictions shape=(32, 2), labels shape=(32,)
epoch : 25
batch : 23/39
train accuracy : 0.84375
train pred 0/1 : 6/26 label 0/1 : 11/21
train batch 24: predictions shape=(32, 2), labels shape=(32,)
epoch : 25
batch : 24/39
train accuracy : 0.71875
train pred 0/1 : 5/27 label 0/1 : 14/18
train batch 25: predictions shape=(32, 2), labels shape=(32,)
epoch : 25
batch : 25/39
train accuracy : 0.59375
train pred 0/1 : 5/27 label 0/1 : 18/14
train batch 26: predictions shape=(32, 2), labels shape=(32,)
epoch : 25
batch : 26/39
train accuracy : 0.6875
train pred 0/1 : 3/29 label 0/1 : 13/19
train batch 27: predictions shape=(32, 2), labels shape=(32,)
epoch : 25
batch : 27/39
train accuracy : 0.59375
train pred 0/1 : 7/25 label 0/1 : 18/14
train batch 28: predictions shape=(32, 2), labels shape=(32,)
epoch : 25
batch : 28/39
train accuracy : 0.46875
train pred 0/1 : 3/29 label 0/1 : 20/12
train batch 29: predictions shape=(32, 2), labels shape=(32,)
epoch : 25
batch : 29/39
train accuracy : 0.5625
train pred 0/1 : 5/27 label 0/1 : 15/17
train batch 30: predictions shape=(32, 2), labels shape=(32,)
epoch : 25
batch : 30/39
train accuracy : 0.625
train pred 0/1 : 1/31 label 0/1 : 11/21
train batch 31: predictions shape=(32, 2), labels shape=(32,)
epoch : 25
batch : 31/39
train accuracy : 0.71875
train pred 0/1 : 8/24 label 0/1 : 15/17
train batch 32: predictions shape=(32, 2), labels shape=(32,)
epoch : 25
batch : 32/39
train accuracy : 0.5
train pred 0/1 : 7/25 label 0/1 : 17/15
train batch 33: predictions shape=(32, 2), labels shape=(32,)
epoch : 25
batch : 33/39
train accuracy : 0.65625
train pred 0/1 : 2/30 label 0/1 : 11/21
train batch 34: predictions shape=(32, 2), labels shape=(32,)
epoch : 25
batch : 34/39
train accuracy : 0.6875
train pred 0/1 : 4/28 label 0/1 : 12/20
train batch 35: predictions shape=(32, 2), labels shape=(32,)
epoch : 25
batch : 35/39
train accuracy : 0.6875
train pred 0/1 : 1/31 label 0/1 : 11/21
train batch 36: predictions shape=(32, 2), labels shape=(32,)
epoch : 25
batch : 36/39
train accuracy : 0.6875
train pred 0/1 : 3/29 label 0/1 : 11/21
train batch 37: predictions shape=(32, 2), labels shape=(32,)
epoch : 25
batch : 37/39
train accuracy : 0.75
train pred 0/1 : 3/29 label 0/1 : 11/21
train batch 38: predictions shape=(32, 2), labels shape=(32,)
epoch : 25
batch : 38/39
train accuracy : 0.625
train pred 0/1 : 4/28 label 0/1 : 16/16
train batch 39: predictions shape=(8, 2), labels shape=(8,)
epoch : 25
batch : 39/39
train accuracy : 0.375
train pred 0/1 : 1/7 label 0/1 : 6/2
VALIDATION
valid batch 1: predictions shape=(32, 2), labels shape=(32,)
valid batch : 1/2
valid accuracy : 0.09375
valid pred 0/1 : 26/6 label 0/1 : 3/29
valid batch 2: predictions shape=(23, 2), labels shape=(23,)
valid batch : 2/2
valid accuracy : 0.1304347813129425
valid pred 0/1 : 12/11 label 0/1 : 10/13
valid epoch balanced_accuracy: 0.097985
EPOCH 26:
train batch 1: predictions shape=(32, 2), labels shape=(32,)
epoch : 26
batch : 1/39
train accuracy : 0.6875
train pred 0/1 : 7/25 label 0/1 : 17/15
train batch 2: predictions shape=(32, 2), labels shape=(32,)
epoch : 26
batch : 2/39
train accuracy : 0.6875
train pred 0/1 : 4/28 label 0/1 : 14/18
train batch 3: predictions shape=(32, 2), labels shape=(32,)
epoch : 26
batch : 3/39
train accuracy : 0.53125
train pred 0/1 : 7/25 label 0/1 : 20/12
train batch 4: predictions shape=(32, 2), labels shape=(32,)
epoch : 26
batch : 4/39
train accuracy : 0.40625
train pred 0/1 : 3/29 label 0/1 : 20/12
train batch 5: predictions shape=(32, 2), labels shape=(32,)
epoch : 26
batch : 5/39
train accuracy : 0.6875
train pred 0/1 : 5/27 label 0/1 : 15/17
train batch 6: predictions shape=(32, 2), labels shape=(32,)
epoch : 26
batch : 6/39
train accuracy : 0.5625
train pred 0/1 : 2/30 label 0/1 : 14/18
train batch 7: predictions shape=(32, 2), labels shape=(32,)
epoch : 26
batch : 7/39
train accuracy : 0.71875
train pred 0/1 : 5/27 label 0/1 : 14/18
train batch 8: predictions shape=(32, 2), labels shape=(32,)
epoch : 26
batch : 8/39
train accuracy : 0.625
train pred 0/1 : 5/27 label 0/1 : 15/17
train batch 9: predictions shape=(32, 2), labels shape=(32,)
epoch : 26
batch : 9/39
train accuracy : 0.65625
train pred 0/1 : 10/22 label 0/1 : 17/15
train batch 10: predictions shape=(32, 2), labels shape=(32,)
epoch : 26
batch : 10/39
train accuracy : 0.5625
train pred 0/1 : 14/18 label 0/1 : 12/20
train batch 11: predictions shape=(32, 2), labels shape=(32,)
epoch : 26
batch : 11/39
train accuracy : 0.8125
train pred 0/1 : 21/11 label 0/1 : 19/13
train batch 12: predictions shape=(32, 2), labels shape=(32,)
epoch : 26
batch : 12/39
train accuracy : 0.4375
train pred 0/1 : 29/3 label 0/1 : 11/21
train batch 13: predictions shape=(32, 2), labels shape=(32,)
epoch : 26
batch : 13/39
train accuracy : 0.46875
train pred 0/1 : 27/5 label 0/1 : 14/18
train batch 14: predictions shape=(32, 2), labels shape=(32,)
epoch : 26
batch : 14/39
train accuracy : 0.625
train pred 0/1 : 24/8 label 0/1 : 16/16
train batch 15: predictions shape=(32, 2), labels shape=(32,)
epoch : 26
batch : 15/39
train accuracy : 0.5625
train pred 0/1 : 19/13 label 0/1 : 15/17
train batch 16: predictions shape=(32, 2), labels shape=(32,)
epoch : 26
batch : 16/39
train accuracy : 0.59375
train pred 0/1 : 17/15 label 0/1 : 10/22
train batch 17: predictions shape=(32, 2), labels shape=(32,)
epoch : 26
batch : 17/39
train accuracy : 0.75
train pred 0/1 : 6/26 label 0/1 : 8/24
train batch 18: predictions shape=(32, 2), labels shape=(32,)
epoch : 26
batch : 18/39
train accuracy : 0.6875
train pred 0/1 : 7/25 label 0/1 : 13/19
train batch 19: predictions shape=(32, 2), labels shape=(32,)
epoch : 26
batch : 19/39
train accuracy : 0.6875
train pred 0/1 : 5/27 label 0/1 : 15/17
train batch 20: predictions shape=(32, 2), labels shape=(32,)
epoch : 26
batch : 20/39
train accuracy : 0.84375
train pred 0/1 : 5/27 label 0/1 : 8/24
train batch 21: predictions shape=(32, 2), labels shape=(32,)
epoch : 26
batch : 21/39
train accuracy : 0.75
train pred 0/1 : 3/29 label 0/1 : 11/21
train batch 22: predictions shape=(32, 2), labels shape=(32,)
epoch : 26
batch : 22/39
train accuracy : 0.59375
train pred 0/1 : 3/29 label 0/1 : 16/16
train batch 23: predictions shape=(32, 2), labels shape=(32,)
epoch : 26
batch : 23/39
train accuracy : 0.46875
train pred 0/1 : 1/31 label 0/1 : 18/14
train batch 24: predictions shape=(32, 2), labels shape=(32,)
epoch : 26
batch : 24/39
train accuracy : 0.65625
train pred 0/1 : 3/29 label 0/1 : 14/18
train batch 25: predictions shape=(32, 2), labels shape=(32,)
epoch : 26
batch : 25/39
train accuracy : 0.75
train pred 0/1 : 4/28 label 0/1 : 12/20
train batch 26: predictions shape=(32, 2), labels shape=(32,)
epoch : 26
batch : 26/39
train accuracy : 0.65625
train pred 0/1 : 6/26 label 0/1 : 15/17
train batch 27: predictions shape=(32, 2), labels shape=(32,)
epoch : 26
batch : 27/39
train accuracy : 0.6875
train pred 0/1 : 8/24 label 0/1 : 18/14
train batch 28: predictions shape=(32, 2), labels shape=(32,)
epoch : 26
batch : 28/39
train accuracy : 0.75
train pred 0/1 : 3/29 label 0/1 : 7/25
train batch 29: predictions shape=(32, 2), labels shape=(32,)
epoch : 26
batch : 29/39
train accuracy : 0.6875
train pred 0/1 : 4/28 label 0/1 : 14/18
train batch 30: predictions shape=(32, 2), labels shape=(32,)
epoch : 26
batch : 30/39
train accuracy : 0.6875
train pred 0/1 : 4/28 label 0/1 : 12/20
train batch 31: predictions shape=(32, 2), labels shape=(32,)
epoch : 26
batch : 31/39
train accuracy : 0.8125
train pred 0/1 : 4/28 label 0/1 : 8/24
train batch 32: predictions shape=(32, 2), labels shape=(32,)
epoch : 26
batch : 32/39
train accuracy : 0.625
train pred 0/1 : 5/27 label 0/1 : 15/17
train batch 33: predictions shape=(32, 2), labels shape=(32,)
epoch : 26
batch : 33/39
train accuracy : 0.6875
train pred 0/1 : 6/26 label 0/1 : 16/16
train batch 34: predictions shape=(32, 2), labels shape=(32,)
epoch : 26
batch : 34/39
train accuracy : 0.65625
train pred 0/1 : 6/26 label 0/1 : 17/15
train batch 35: predictions shape=(32, 2), labels shape=(32,)
epoch : 26
batch : 35/39
train accuracy : 0.65625
train pred 0/1 : 6/26 label 0/1 : 15/17
train batch 36: predictions shape=(32, 2), labels shape=(32,)
epoch : 26
batch : 36/39
train accuracy : 0.5625
train pred 0/1 : 1/31 label 0/1 : 15/17
train batch 37: predictions shape=(32, 2), labels shape=(32,)
epoch : 26
batch : 37/39
train accuracy : 0.5625
train pred 0/1 : 4/28 label 0/1 : 16/16
train batch 38: predictions shape=(32, 2), labels shape=(32,)
epoch : 26
batch : 38/39
train accuracy : 0.53125
train pred 0/1 : 6/26 label 0/1 : 17/15
train batch 39: predictions shape=(8, 2), labels shape=(8,)
epoch : 26
batch : 39/39
train accuracy : 0.625
train pred 0/1 : 3/5 label 0/1 : 6/2
VALIDATION
valid batch 1: predictions shape=(32, 2), labels shape=(32,)
valid batch : 1/2
valid accuracy : 0.125
valid pred 0/1 : 25/7 label 0/1 : 5/27
valid batch 2: predictions shape=(23, 2), labels shape=(23,)
valid batch : 2/2
valid accuracy : 0.1304347813129425
valid pred 0/1 : 14/9 label 0/1 : 8/15
valid epoch balanced_accuracy: 0.136447
EPOCH 27:
train batch 1: predictions shape=(32, 2), labels shape=(32,)
epoch : 27
batch : 1/39
train accuracy : 0.53125
train pred 0/1 : 2/30 label 0/1 : 17/15
train batch 2: predictions shape=(32, 2), labels shape=(32,)
epoch : 27
batch : 2/39
train accuracy : 0.6875
train pred 0/1 : 6/26 label 0/1 : 14/18
train batch 3: predictions shape=(32, 2), labels shape=(32,)
epoch : 27
batch : 3/39
train accuracy : 0.75
train pred 0/1 : 6/26 label 0/1 : 12/20
train batch 4: predictions shape=(32, 2), labels shape=(32,)
epoch : 27
batch : 4/39
train accuracy : 0.65625
train pred 0/1 : 3/29 label 0/1 : 10/22
train batch 5: predictions shape=(32, 2), labels shape=(32,)
epoch : 27
batch : 5/39
train accuracy : 0.625
train pred 0/1 : 3/29 label 0/1 : 15/17
train batch 6: predictions shape=(32, 2), labels shape=(32,)
epoch : 27
batch : 6/39
train accuracy : 0.6875
train pred 0/1 : 4/28 label 0/1 : 14/18
train batch 7: predictions shape=(32, 2), labels shape=(32,)
epoch : 27
batch : 7/39
train accuracy : 0.75
train pred 0/1 : 7/25 label 0/1 : 15/17
train batch 8: predictions shape=(32, 2), labels shape=(32,)
epoch : 27
batch : 8/39
train accuracy : 0.71875
train pred 0/1 : 5/27 label 0/1 : 14/18
train batch 9: predictions shape=(32, 2), labels shape=(32,)
epoch : 27
batch : 9/39
train accuracy : 0.71875
train pred 0/1 : 5/27 label 0/1 : 12/20
train batch 10: predictions shape=(32, 2), labels shape=(32,)
epoch : 27
batch : 10/39
train accuracy : 0.5625
train pred 0/1 : 4/28 label 0/1 : 16/16
train batch 11: predictions shape=(32, 2), labels shape=(32,)
epoch : 27
batch : 11/39
train accuracy : 0.46875
train pred 0/1 : 6/26 label 0/1 : 23/9
train batch 12: predictions shape=(32, 2), labels shape=(32,)
epoch : 27
batch : 12/39
train accuracy : 0.71875
train pred 0/1 : 3/29 label 0/1 : 12/20
train batch 13: predictions shape=(32, 2), labels shape=(32,)
epoch : 27
batch : 13/39
train accuracy : 0.59375
train pred 0/1 : 2/30 label 0/1 : 13/19
train batch 14: predictions shape=(32, 2), labels shape=(32,)
epoch : 27
batch : 14/39
train accuracy : 0.5625
train pred 0/1 : 3/29 label 0/1 : 15/17
train batch 15: predictions shape=(32, 2), labels shape=(32,)
epoch : 27
batch : 15/39
train accuracy : 0.65625
train pred 0/1 : 3/29 label 0/1 : 12/20
train batch 16: predictions shape=(32, 2), labels shape=(32,)
epoch : 27
batch : 16/39
train accuracy : 0.6875
train pred 0/1 : 3/29 label 0/1 : 13/19
train batch 17: predictions shape=(32, 2), labels shape=(32,)
epoch : 27
batch : 17/39
train accuracy : 0.5
train pred 0/1 : 3/29 label 0/1 : 15/17
train batch 18: predictions shape=(32, 2), labels shape=(32,)
epoch : 27
batch : 18/39
train accuracy : 0.625
train pred 0/1 : 4/28 label 0/1 : 14/18
train batch 19: predictions shape=(32, 2), labels shape=(32,)
epoch : 27
batch : 19/39
train accuracy : 0.65625
train pred 0/1 : 6/26 label 0/1 : 17/15
train batch 20: predictions shape=(32, 2), labels shape=(32,)
epoch : 27
batch : 20/39
train accuracy : 0.625
train pred 0/1 : 5/27 label 0/1 : 17/15
train batch 21: predictions shape=(32, 2), labels shape=(32,)
epoch : 27
batch : 21/39
train accuracy : 0.59375
train pred 0/1 : 3/29 label 0/1 : 16/16
train batch 22: predictions shape=(32, 2), labels shape=(32,)
epoch : 27
batch : 22/39
train accuracy : 0.53125
train pred 0/1 : 3/29 label 0/1 : 16/16
train batch 23: predictions shape=(32, 2), labels shape=(32,)
epoch : 27
batch : 23/39
train accuracy : 0.71875
train pred 0/1 : 8/24 label 0/1 : 15/17
train batch 24: predictions shape=(32, 2), labels shape=(32,)
epoch : 27
batch : 24/39
train accuracy : 0.625
train pred 0/1 : 13/19 label 0/1 : 11/21
train batch 25: predictions shape=(32, 2), labels shape=(32,)
epoch : 27
batch : 25/39
train accuracy : 0.59375
train pred 0/1 : 14/18 label 0/1 : 15/17
train batch 26: predictions shape=(32, 2), labels shape=(32,)
epoch : 27
batch : 26/39
train accuracy : 0.59375
train pred 0/1 : 14/18 label 0/1 : 21/11
train batch 27: predictions shape=(32, 2), labels shape=(32,)
epoch : 27
batch : 27/39
train accuracy : 0.5625
train pred 0/1 : 19/13 label 0/1 : 19/13
train batch 28: predictions shape=(32, 2), labels shape=(32,)
epoch : 27
batch : 28/39
train accuracy : 0.53125
train pred 0/1 : 19/13 label 0/1 : 8/24
train batch 29: predictions shape=(32, 2), labels shape=(32,)
epoch : 27
batch : 29/39
train accuracy : 0.40625
train pred 0/1 : 23/9 label 0/1 : 10/22
train batch 30: predictions shape=(32, 2), labels shape=(32,)
epoch : 27
batch : 30/39
train accuracy : 0.59375
train pred 0/1 : 23/9 label 0/1 : 12/20
train batch 31: predictions shape=(32, 2), labels shape=(32,)
epoch : 27
batch : 31/39
train accuracy : 0.6875
train pred 0/1 : 11/21 label 0/1 : 13/19
train batch 32: predictions shape=(32, 2), labels shape=(32,)
epoch : 27
batch : 32/39
train accuracy : 0.625
train pred 0/1 : 6/26 label 0/1 : 14/18
train batch 33: predictions shape=(32, 2), labels shape=(32,)
epoch : 27
batch : 33/39
train accuracy : 0.78125
train pred 0/1 : 9/23 label 0/1 : 14/18
train batch 34: predictions shape=(32, 2), labels shape=(32,)
epoch : 27
batch : 34/39
train accuracy : 0.625
train pred 0/1 : 6/26 label 0/1 : 14/18
train batch 35: predictions shape=(32, 2), labels shape=(32,)
epoch : 27
batch : 35/39
train accuracy : 0.71875
train pred 0/1 : 8/24 label 0/1 : 17/15
train batch 36: predictions shape=(32, 2), labels shape=(32,)
epoch : 27
batch : 36/39
train accuracy : 0.625
train pred 0/1 : 2/30 label 0/1 : 14/18
train batch 37: predictions shape=(32, 2), labels shape=(32,)
epoch : 27
batch : 37/39
train accuracy : 0.71875
train pred 0/1 : 4/28 label 0/1 : 13/19
train batch 38: predictions shape=(32, 2), labels shape=(32,)
epoch : 27
batch : 38/39
train accuracy : 0.75
train pred 0/1 : 5/27 label 0/1 : 11/21
train batch 39: predictions shape=(8, 2), labels shape=(8,)
epoch : 27
batch : 39/39
train accuracy : 0.375
train pred 0/1 : 1/7 label 0/1 : 6/2
VALIDATION
valid batch 1: predictions shape=(32, 2), labels shape=(32,)
valid batch : 1/2
valid accuracy : 0.125
valid pred 0/1 : 24/8 label 0/1 : 6/26
valid batch 2: predictions shape=(23, 2), labels shape=(23,)
valid batch : 2/2
valid accuracy : 0.1304347813129425
valid pred 0/1 : 15/8 label 0/1 : 7/16
valid epoch balanced_accuracy: 0.136447
EPOCH 28:
train batch 1: predictions shape=(32, 2), labels shape=(32,)
epoch : 28
batch : 1/39
train accuracy : 0.65625
train pred 0/1 : 4/28 label 0/1 : 15/17
train batch 2: predictions shape=(32, 2), labels shape=(32,)
epoch : 28
batch : 2/39
train accuracy : 0.625
train pred 0/1 : 2/30 label 0/1 : 14/18
train batch 3: predictions shape=(32, 2), labels shape=(32,)
epoch : 28
batch : 3/39
train accuracy : 0.5625
train pred 0/1 : 5/27 label 0/1 : 19/13
train batch 4: predictions shape=(32, 2), labels shape=(32,)
epoch : 28
batch : 4/39
train accuracy : 0.75
train pred 0/1 : 5/27 label 0/1 : 13/19
train batch 5: predictions shape=(32, 2), labels shape=(32,)
epoch : 28
batch : 5/39
train accuracy : 0.5625
train pred 0/1 : 6/26 label 0/1 : 16/16
train batch 6: predictions shape=(32, 2), labels shape=(32,)
epoch : 28
batch : 6/39
train accuracy : 0.6875
train pred 0/1 : 4/28 label 0/1 : 14/18
train batch 7: predictions shape=(32, 2), labels shape=(32,)
epoch : 28
batch : 7/39
train accuracy : 0.65625
train pred 0/1 : 2/30 label 0/1 : 13/19
train batch 8: predictions shape=(32, 2), labels shape=(32,)
epoch : 28
batch : 8/39
train accuracy : 0.71875
train pred 0/1 : 5/27 label 0/1 : 14/18
train batch 9: predictions shape=(32, 2), labels shape=(32,)
epoch : 28
batch : 9/39
train accuracy : 0.71875
train pred 0/1 : 4/28 label 0/1 : 13/19
train batch 10: predictions shape=(32, 2), labels shape=(32,)
epoch : 28
batch : 10/39
train accuracy : 0.5
train pred 0/1 : 0/32 label 0/1 : 16/16
train batch 11: predictions shape=(32, 2), labels shape=(32,)
epoch : 28
batch : 11/39
train accuracy : 0.65625
train pred 0/1 : 3/29 label 0/1 : 14/18
train batch 12: predictions shape=(32, 2), labels shape=(32,)
epoch : 28
batch : 12/39
train accuracy : 0.65625
train pred 0/1 : 5/27 label 0/1 : 16/16
train batch 13: predictions shape=(32, 2), labels shape=(32,)
epoch : 28
batch : 13/39
train accuracy : 0.53125
train pred 0/1 : 4/28 label 0/1 : 15/17
train batch 14: predictions shape=(32, 2), labels shape=(32,)
epoch : 28
batch : 14/39
train accuracy : 0.625
train pred 0/1 : 4/28 label 0/1 : 14/18
train batch 15: predictions shape=(32, 2), labels shape=(32,)
epoch : 28
batch : 15/39
train accuracy : 0.625
train pred 0/1 : 3/29 label 0/1 : 15/17
train batch 16: predictions shape=(32, 2), labels shape=(32,)
epoch : 28
batch : 16/39
train accuracy : 0.65625
train pred 0/1 : 4/28 label 0/1 : 15/17
train batch 17: predictions shape=(32, 2), labels shape=(32,)
epoch : 28
batch : 17/39
train accuracy : 0.65625
train pred 0/1 : 6/26 label 0/1 : 13/19
train batch 18: predictions shape=(32, 2), labels shape=(32,)
epoch : 28
batch : 18/39
train accuracy : 0.5625
train pred 0/1 : 8/24 label 0/1 : 16/16
train batch 19: predictions shape=(32, 2), labels shape=(32,)
epoch : 28
batch : 19/39
train accuracy : 0.53125
train pred 0/1 : 0/32 label 0/1 : 15/17
train batch 20: predictions shape=(32, 2), labels shape=(32,)
epoch : 28
batch : 20/39
train accuracy : 0.59375
train pred 0/1 : 8/24 label 0/1 : 21/11
train batch 21: predictions shape=(32, 2), labels shape=(32,)
epoch : 28
batch : 21/39
train accuracy : 0.5625
train pred 0/1 : 4/28 label 0/1 : 14/18
train batch 22: predictions shape=(32, 2), labels shape=(32,)
epoch : 28
batch : 22/39
train accuracy : 0.65625
train pred 0/1 : 5/27 label 0/1 : 14/18
train batch 23: predictions shape=(32, 2), labels shape=(32,)
epoch : 28
batch : 23/39
train accuracy : 0.8125
train pred 0/1 : 5/27 label 0/1 : 11/21
train batch 24: predictions shape=(32, 2), labels shape=(32,)
epoch : 28
batch : 24/39
train accuracy : 0.6875
train pred 0/1 : 5/27 label 0/1 : 13/19
train batch 25: predictions shape=(32, 2), labels shape=(32,)
epoch : 28
batch : 25/39
train accuracy : 0.6875
train pred 0/1 : 5/27 label 0/1 : 13/19
train batch 26: predictions shape=(32, 2), labels shape=(32,)
epoch : 28
batch : 26/39
train accuracy : 0.65625
train pred 0/1 : 12/20 label 0/1 : 17/15
train batch 27: predictions shape=(32, 2), labels shape=(32,)
epoch : 28
batch : 27/39
train accuracy : 0.71875
train pred 0/1 : 9/23 label 0/1 : 12/20
train batch 28: predictions shape=(32, 2), labels shape=(32,)
epoch : 28
batch : 28/39
train accuracy : 0.65625
train pred 0/1 : 4/28 label 0/1 : 13/19
train batch 29: predictions shape=(32, 2), labels shape=(32,)
epoch : 28
batch : 29/39
train accuracy : 0.78125
train pred 0/1 : 14/18 label 0/1 : 13/19
train batch 30: predictions shape=(32, 2), labels shape=(32,)
epoch : 28
batch : 30/39
train accuracy : 0.75
train pred 0/1 : 6/26 label 0/1 : 12/20
train batch 31: predictions shape=(32, 2), labels shape=(32,)
epoch : 28
batch : 31/39
train accuracy : 0.78125
train pred 0/1 : 4/28 label 0/1 : 11/21
train batch 32: predictions shape=(32, 2), labels shape=(32,)
epoch : 28
batch : 32/39
train accuracy : 0.6875
train pred 0/1 : 11/21 label 0/1 : 15/17
train batch 33: predictions shape=(32, 2), labels shape=(32,)
epoch : 28
batch : 33/39
train accuracy : 0.6875
train pred 0/1 : 7/25 label 0/1 : 15/17
train batch 34: predictions shape=(32, 2), labels shape=(32,)
epoch : 28
batch : 34/39
train accuracy : 0.6875
train pred 0/1 : 8/24 label 0/1 : 18/14
train batch 35: predictions shape=(32, 2), labels shape=(32,)
epoch : 28
batch : 35/39
train accuracy : 0.5
train pred 0/1 : 5/27 label 0/1 : 19/13
train batch 36: predictions shape=(32, 2), labels shape=(32,)
epoch : 28
batch : 36/39
train accuracy : 0.75
train pred 0/1 : 8/24 label 0/1 : 14/18
train batch 37: predictions shape=(32, 2), labels shape=(32,)
epoch : 28
batch : 37/39
train accuracy : 0.8125
train pred 0/1 : 9/23 label 0/1 : 9/23
train batch 38: predictions shape=(32, 2), labels shape=(32,)
epoch : 28
batch : 38/39
train accuracy : 0.78125
train pred 0/1 : 8/24 label 0/1 : 11/21
train batch 39: predictions shape=(8, 2), labels shape=(8,)
epoch : 28
batch : 39/39
train accuracy : 0.625
train pred 0/1 : 3/5 label 0/1 : 4/4
VALIDATION
valid batch 1: predictions shape=(32, 2), labels shape=(32,)
valid batch : 1/2
valid accuracy : 0.21875
valid pred 0/1 : 23/9 label 0/1 : 8/24
valid batch 2: predictions shape=(23, 2), labels shape=(23,)
valid batch : 2/2
valid accuracy : 0.043478261679410934
valid pred 0/1 : 17/6 label 0/1 : 5/18
valid epoch balanced_accuracy: 0.174908
EPOCH 29:
train batch 1: predictions shape=(32, 2), labels shape=(32,)
epoch : 29
batch : 1/39
train accuracy : 0.5
train pred 0/1 : 11/21 label 0/1 : 17/15
train batch 2: predictions shape=(32, 2), labels shape=(32,)
epoch : 29
batch : 2/39
train accuracy : 0.59375
train pred 0/1 : 6/26 label 0/1 : 19/13
train batch 3: predictions shape=(32, 2), labels shape=(32,)
epoch : 29
batch : 3/39
train accuracy : 0.71875
train pred 0/1 : 11/21 label 0/1 : 16/16
train batch 4: predictions shape=(32, 2), labels shape=(32,)
epoch : 29
batch : 4/39
train accuracy : 0.59375
train pred 0/1 : 4/28 label 0/1 : 13/19
train batch 5: predictions shape=(32, 2), labels shape=(32,)
epoch : 29
batch : 5/39
train accuracy : 0.75
train pred 0/1 : 8/24 label 0/1 : 14/18
train batch 6: predictions shape=(32, 2), labels shape=(32,)
epoch : 29
batch : 6/39
train accuracy : 0.8125
train pred 0/1 : 4/28 label 0/1 : 10/22
train batch 7: predictions shape=(32, 2), labels shape=(32,)
epoch : 29
batch : 7/39
train accuracy : 0.5625
train pred 0/1 : 6/26 label 0/1 : 16/16
train batch 8: predictions shape=(32, 2), labels shape=(32,)
epoch : 29
batch : 8/39
train accuracy : 0.65625
train pred 0/1 : 4/28 label 0/1 : 15/17
train batch 9: predictions shape=(32, 2), labels shape=(32,)
epoch : 29
batch : 9/39
train accuracy : 0.71875
train pred 0/1 : 7/25 label 0/1 : 16/16
train batch 10: predictions shape=(32, 2), labels shape=(32,)
epoch : 29
batch : 10/39
train accuracy : 0.46875
train pred 0/1 : 10/22 label 0/1 : 21/11
train batch 11: predictions shape=(32, 2), labels shape=(32,)
epoch : 29
batch : 11/39
train accuracy : 0.6875
train pred 0/1 : 5/27 label 0/1 : 13/19
train batch 12: predictions shape=(32, 2), labels shape=(32,)
epoch : 29
batch : 12/39
train accuracy : 0.6875
train pred 0/1 : 6/26 label 0/1 : 16/16
train batch 13: predictions shape=(32, 2), labels shape=(32,)
epoch : 29
batch : 13/39
train accuracy : 0.65625
train pred 0/1 : 6/26 label 0/1 : 15/17
train batch 14: predictions shape=(32, 2), labels shape=(32,)
epoch : 29
batch : 14/39
train accuracy : 0.78125
train pred 0/1 : 6/26 label 0/1 : 13/19
train batch 15: predictions shape=(32, 2), labels shape=(32,)
epoch : 29
batch : 15/39
train accuracy : 0.71875
train pred 0/1 : 10/22 label 0/1 : 15/17
train batch 16: predictions shape=(32, 2), labels shape=(32,)
epoch : 29
batch : 16/39
train accuracy : 0.75
train pred 0/1 : 6/26 label 0/1 : 12/20
train batch 17: predictions shape=(32, 2), labels shape=(32,)
epoch : 29
batch : 17/39
train accuracy : 0.71875
train pred 0/1 : 9/23 label 0/1 : 14/18
train batch 18: predictions shape=(32, 2), labels shape=(32,)
epoch : 29
batch : 18/39
train accuracy : 0.59375
train pred 0/1 : 7/25 label 0/1 : 12/20
train batch 19: predictions shape=(32, 2), labels shape=(32,)
epoch : 29
batch : 19/39
train accuracy : 0.65625
train pred 0/1 : 4/28 label 0/1 : 13/19
train batch 20: predictions shape=(32, 2), labels shape=(32,)
epoch : 29
batch : 20/39
train accuracy : 0.875
train pred 0/1 : 4/28 label 0/1 : 8/24
train batch 21: predictions shape=(32, 2), labels shape=(32,)
epoch : 29
batch : 21/39
train accuracy : 0.75
train pred 0/1 : 6/26 label 0/1 : 12/20
train batch 22: predictions shape=(32, 2), labels shape=(32,)
epoch : 29
batch : 22/39
train accuracy : 0.65625
train pred 0/1 : 13/19 label 0/1 : 16/16
train batch 23: predictions shape=(32, 2), labels shape=(32,)
epoch : 29
batch : 23/39
train accuracy : 0.59375
train pred 0/1 : 8/24 label 0/1 : 15/17
train batch 24: predictions shape=(32, 2), labels shape=(32,)
epoch : 29
batch : 24/39
train accuracy : 0.71875
train pred 0/1 : 2/30 label 0/1 : 11/21
train batch 25: predictions shape=(32, 2), labels shape=(32,)
epoch : 29
batch : 25/39
train accuracy : 0.8125
train pred 0/1 : 14/18 label 0/1 : 20/12
train batch 26: predictions shape=(32, 2), labels shape=(32,)
epoch : 29
batch : 26/39
train accuracy : 0.71875
train pred 0/1 : 8/24 label 0/1 : 11/21
train batch 27: predictions shape=(32, 2), labels shape=(32,)
epoch : 29
batch : 27/39
train accuracy : 0.625
train pred 0/1 : 13/19 label 0/1 : 17/15
train batch 28: predictions shape=(32, 2), labels shape=(32,)
epoch : 29
batch : 28/39
train accuracy : 0.53125
train pred 0/1 : 8/24 label 0/1 : 15/17
train batch 29: predictions shape=(32, 2), labels shape=(32,)
epoch : 29
batch : 29/39
train accuracy : 0.75
train pred 0/1 : 11/21 label 0/1 : 15/17
train batch 30: predictions shape=(32, 2), labels shape=(32,)
epoch : 29
batch : 30/39
train accuracy : 0.6875
train pred 0/1 : 12/20 label 0/1 : 10/22
train batch 31: predictions shape=(32, 2), labels shape=(32,)
epoch : 29
batch : 31/39
train accuracy : 0.65625
train pred 0/1 : 13/19 label 0/1 : 10/22
train batch 32: predictions shape=(32, 2), labels shape=(32,)
epoch : 29
batch : 32/39
train accuracy : 0.78125
train pred 0/1 : 13/19 label 0/1 : 14/18
train batch 33: predictions shape=(32, 2), labels shape=(32,)
epoch : 29
batch : 33/39
train accuracy : 0.59375
train pred 0/1 : 10/22 label 0/1 : 17/15
train batch 34: predictions shape=(32, 2), labels shape=(32,)
epoch : 29
batch : 34/39
train accuracy : 0.625
train pred 0/1 : 8/24 label 0/1 : 14/18
train batch 35: predictions shape=(32, 2), labels shape=(32,)
epoch : 29
batch : 35/39
train accuracy : 0.5
train pred 0/1 : 6/26 label 0/1 : 18/14
train batch 36: predictions shape=(32, 2), labels shape=(32,)
epoch : 29
batch : 36/39
train accuracy : 0.65625
train pred 0/1 : 9/23 label 0/1 : 14/18
train batch 37: predictions shape=(32, 2), labels shape=(32,)
epoch : 29
batch : 37/39
train accuracy : 0.6875
train pred 0/1 : 10/22 label 0/1 : 16/16
train batch 38: predictions shape=(32, 2), labels shape=(32,)
epoch : 29
batch : 38/39
train accuracy : 0.5625
train pred 0/1 : 13/19 label 0/1 : 15/17
train batch 39: predictions shape=(8, 2), labels shape=(8,)
epoch : 29
batch : 39/39
train accuracy : 0.625
train pred 0/1 : 4/4 label 0/1 : 1/7
VALIDATION
valid batch 1: predictions shape=(32, 2), labels shape=(32,)
valid batch : 1/2
valid accuracy : 0.15625
valid pred 0/1 : 23/9 label 0/1 : 8/24
valid batch 2: predictions shape=(23, 2), labels shape=(23,)
valid batch : 2/2
valid accuracy : 0.21739131212234497
valid pred 0/1 : 19/4 label 0/1 : 5/18
valid epoch balanced_accuracy: 0.251832
EPOCH 30:
train batch 1: predictions shape=(32, 2), labels shape=(32,)
epoch : 30
batch : 1/39
train accuracy : 0.65625
train pred 0/1 : 10/22 label 0/1 : 11/21
train batch 2: predictions shape=(32, 2), labels shape=(32,)
epoch : 30
batch : 2/39
train accuracy : 0.65625
train pred 0/1 : 6/26 label 0/1 : 17/15
train batch 3: predictions shape=(32, 2), labels shape=(32,)
epoch : 30
batch : 3/39
train accuracy : 0.75
train pred 0/1 : 8/24 label 0/1 : 16/16
train batch 4: predictions shape=(32, 2), labels shape=(32,)
epoch : 30
batch : 4/39
train accuracy : 0.59375
train pred 0/1 : 5/27 label 0/1 : 14/18
train batch 5: predictions shape=(32, 2), labels shape=(32,)
epoch : 30
batch : 5/39
train accuracy : 0.71875
train pred 0/1 : 3/29 label 0/1 : 12/20
train batch 6: predictions shape=(32, 2), labels shape=(32,)
epoch : 30
batch : 6/39
train accuracy : 0.59375
train pred 0/1 : 7/25 label 0/1 : 14/18
train batch 7: predictions shape=(32, 2), labels shape=(32,)
epoch : 30
batch : 7/39
train accuracy : 0.59375
train pred 0/1 : 6/26 label 0/1 : 15/17
train batch 8: predictions shape=(32, 2), labels shape=(32,)
epoch : 30
batch : 8/39
train accuracy : 0.65625
train pred 0/1 : 5/27 label 0/1 : 10/22
train batch 9: predictions shape=(32, 2), labels shape=(32,)
epoch : 30
batch : 9/39
train accuracy : 0.78125
train pred 0/1 : 7/25 label 0/1 : 12/20
train batch 10: predictions shape=(32, 2), labels shape=(32,)
epoch : 30
batch : 10/39
train accuracy : 0.625
train pred 0/1 : 5/27 label 0/1 : 15/17
train batch 11: predictions shape=(32, 2), labels shape=(32,)
epoch : 30
batch : 11/39
train accuracy : 0.6875
train pred 0/1 : 3/29 label 0/1 : 13/19
train batch 12: predictions shape=(32, 2), labels shape=(32,)
epoch : 30
batch : 12/39
train accuracy : 0.625
train pred 0/1 : 3/29 label 0/1 : 15/17
train batch 13: predictions shape=(32, 2), labels shape=(32,)
epoch : 30
batch : 13/39
train accuracy : 0.71875
train pred 0/1 : 1/31 label 0/1 : 10/22
train batch 14: predictions shape=(32, 2), labels shape=(32,)
epoch : 30
batch : 14/39
train accuracy : 0.75
train pred 0/1 : 6/26 label 0/1 : 14/18
train batch 15: predictions shape=(32, 2), labels shape=(32,)
epoch : 30
batch : 15/39
train accuracy : 0.8125
train pred 0/1 : 5/27 label 0/1 : 11/21
train batch 16: predictions shape=(32, 2), labels shape=(32,)
epoch : 30
batch : 16/39
train accuracy : 0.4375
train pred 0/1 : 4/28 label 0/1 : 22/10
train batch 17: predictions shape=(32, 2), labels shape=(32,)
epoch : 30
batch : 17/39
train accuracy : 0.78125
train pred 0/1 : 6/26 label 0/1 : 11/21
train batch 18: predictions shape=(32, 2), labels shape=(32,)
epoch : 30
batch : 18/39
train accuracy : 0.4375
train pred 0/1 : 8/24 label 0/1 : 22/10
train batch 19: predictions shape=(32, 2), labels shape=(32,)
epoch : 30
batch : 19/39
train accuracy : 0.65625
train pred 0/1 : 6/26 label 0/1 : 15/17
train batch 20: predictions shape=(32, 2), labels shape=(32,)
epoch : 30
batch : 20/39
train accuracy : 0.71875
train pred 0/1 : 9/23 label 0/1 : 12/20
train batch 21: predictions shape=(32, 2), labels shape=(32,)
epoch : 30
batch : 21/39
train accuracy : 0.75
train pred 0/1 : 10/22 label 0/1 : 14/18
train batch 22: predictions shape=(32, 2), labels shape=(32,)
epoch : 30
batch : 22/39
train accuracy : 0.625
train pred 0/1 : 4/28 label 0/1 : 16/16
train batch 23: predictions shape=(32, 2), labels shape=(32,)
epoch : 30
batch : 23/39
train accuracy : 0.71875
train pred 0/1 : 9/23 label 0/1 : 18/14
train batch 24: predictions shape=(32, 2), labels shape=(32,)
epoch : 30
batch : 24/39
train accuracy : 0.65625
train pred 0/1 : 11/21 label 0/1 : 18/14
train batch 25: predictions shape=(32, 2), labels shape=(32,)
epoch : 30
batch : 25/39
train accuracy : 0.59375
train pred 0/1 : 11/21 label 0/1 : 8/24
train batch 26: predictions shape=(32, 2), labels shape=(32,)
epoch : 30
batch : 26/39
train accuracy : 0.6875
train pred 0/1 : 14/18 label 0/1 : 16/16
train batch 27: predictions shape=(32, 2), labels shape=(32,)
epoch : 30
batch : 27/39
train accuracy : 0.65625
train pred 0/1 : 11/21 label 0/1 : 14/18
train batch 28: predictions shape=(32, 2), labels shape=(32,)
epoch : 30
batch : 28/39
train accuracy : 0.65625
train pred 0/1 : 14/18 label 0/1 : 13/19
train batch 29: predictions shape=(32, 2), labels shape=(32,)
epoch : 30
batch : 29/39
train accuracy : 0.8125
train pred 0/1 : 8/24 label 0/1 : 8/24
train batch 30: predictions shape=(32, 2), labels shape=(32,)
epoch : 30
batch : 30/39
train accuracy : 0.6875
train pred 0/1 : 9/23 label 0/1 : 15/17
train batch 31: predictions shape=(32, 2), labels shape=(32,)
epoch : 30
batch : 31/39
train accuracy : 0.53125
train pred 0/1 : 8/24 label 0/1 : 17/15
train batch 32: predictions shape=(32, 2), labels shape=(32,)
epoch : 30
batch : 32/39
train accuracy : 0.625
train pred 0/1 : 8/24 label 0/1 : 18/14
train batch 33: predictions shape=(32, 2), labels shape=(32,)
epoch : 30
batch : 33/39
train accuracy : 0.59375
train pred 0/1 : 3/29 label 0/1 : 12/20
train batch 34: predictions shape=(32, 2), labels shape=(32,)
epoch : 30
batch : 34/39
train accuracy : 0.6875
train pred 0/1 : 7/25 label 0/1 : 15/17
train batch 35: predictions shape=(32, 2), labels shape=(32,)
epoch : 30
batch : 35/39
train accuracy : 0.65625
train pred 0/1 : 5/27 label 0/1 : 14/18
train batch 36: predictions shape=(32, 2), labels shape=(32,)
epoch : 30
batch : 36/39
train accuracy : 0.78125
train pred 0/1 : 8/24 label 0/1 : 13/19
train batch 37: predictions shape=(32, 2), labels shape=(32,)
epoch : 30
batch : 37/39
train accuracy : 0.6875
train pred 0/1 : 10/22 label 0/1 : 20/12
train batch 38: predictions shape=(32, 2), labels shape=(32,)
epoch : 30
batch : 38/39
train accuracy : 0.65625
train pred 0/1 : 9/23 label 0/1 : 16/16
train batch 39: predictions shape=(8, 2), labels shape=(8,)
epoch : 30
batch : 39/39
train accuracy : 0.375
train pred 0/1 : 4/4 label 0/1 : 3/5
VALIDATION
valid batch 1: predictions shape=(32, 2), labels shape=(32,)
valid batch : 1/2
valid accuracy : 0.21875
valid pred 0/1 : 25/7 label 0/1 : 6/26
valid batch 2: predictions shape=(23, 2), labels shape=(23,)
valid batch : 2/2
valid accuracy : 0.260869562625885
valid pred 0/1 : 20/3 label 0/1 : 7/16
valid epoch balanced_accuracy: 0.367216
EPOCH 31:
train batch 1: predictions shape=(32, 2), labels shape=(32,)
epoch : 31
batch : 1/39
train accuracy : 0.6875
train pred 0/1 : 16/16 label 0/1 : 14/18
train batch 2: predictions shape=(32, 2), labels shape=(32,)
epoch : 31
batch : 2/39
train accuracy : 0.65625
train pred 0/1 : 19/13 label 0/1 : 16/16
train batch 3: predictions shape=(32, 2), labels shape=(32,)
epoch : 31
batch : 3/39
train accuracy : 0.59375
train pred 0/1 : 22/10 label 0/1 : 11/21
train batch 4: predictions shape=(32, 2), labels shape=(32,)
epoch : 31
batch : 4/39
train accuracy : 0.625
train pred 0/1 : 23/9 label 0/1 : 15/17
train batch 5: predictions shape=(32, 2), labels shape=(32,)
epoch : 31
batch : 5/39
train accuracy : 0.5625
train pred 0/1 : 15/17 label 0/1 : 13/19
train batch 6: predictions shape=(32, 2), labels shape=(32,)
epoch : 31
batch : 6/39
train accuracy : 0.75
train pred 0/1 : 11/21 label 0/1 : 11/21
train batch 7: predictions shape=(32, 2), labels shape=(32,)
epoch : 31
batch : 7/39
train accuracy : 0.65625
train pred 0/1 : 12/20 label 0/1 : 19/13
train batch 8: predictions shape=(32, 2), labels shape=(32,)
epoch : 31
batch : 8/39
train accuracy : 0.75
train pred 0/1 : 11/21 label 0/1 : 17/15
train batch 9: predictions shape=(32, 2), labels shape=(32,)
epoch : 31
batch : 9/39
train accuracy : 0.53125
train pred 0/1 : 7/25 label 0/1 : 16/16
train batch 10: predictions shape=(32, 2), labels shape=(32,)
epoch : 31
batch : 10/39
train accuracy : 0.59375
train pred 0/1 : 7/25 label 0/1 : 14/18
train batch 11: predictions shape=(32, 2), labels shape=(32,)
epoch : 31
batch : 11/39
train accuracy : 0.65625
train pred 0/1 : 13/19 label 0/1 : 18/14
train batch 12: predictions shape=(32, 2), labels shape=(32,)
epoch : 31
batch : 12/39
train accuracy : 0.75
train pred 0/1 : 7/25 label 0/1 : 9/23
train batch 13: predictions shape=(32, 2), labels shape=(32,)
epoch : 31
batch : 13/39
train accuracy : 0.65625
train pred 0/1 : 8/24 label 0/1 : 15/17
train batch 14: predictions shape=(32, 2), labels shape=(32,)
epoch : 31
batch : 14/39
train accuracy : 0.6875
train pred 0/1 : 10/22 label 0/1 : 18/14
train batch 15: predictions shape=(32, 2), labels shape=(32,)
epoch : 31
batch : 15/39
train accuracy : 0.78125
train pred 0/1 : 7/25 label 0/1 : 12/20
train batch 16: predictions shape=(32, 2), labels shape=(32,)
epoch : 31
batch : 16/39
train accuracy : 0.625
train pred 0/1 : 10/22 label 0/1 : 16/16
train batch 17: predictions shape=(32, 2), labels shape=(32,)
epoch : 31
batch : 17/39
train accuracy : 0.8125
train pred 0/1 : 5/27 label 0/1 : 9/23
train batch 18: predictions shape=(32, 2), labels shape=(32,)
epoch : 31
batch : 18/39
train accuracy : 0.65625
train pred 0/1 : 9/23 label 0/1 : 16/16
train batch 19: predictions shape=(32, 2), labels shape=(32,)
epoch : 31
batch : 19/39
train accuracy : 0.78125
train pred 0/1 : 8/24 label 0/1 : 9/23
train batch 20: predictions shape=(32, 2), labels shape=(32,)
epoch : 31
batch : 20/39
train accuracy : 0.625
train pred 0/1 : 7/25 label 0/1 : 13/19
train batch 21: predictions shape=(32, 2), labels shape=(32,)
epoch : 31
batch : 21/39
train accuracy : 0.65625
train pred 0/1 : 6/26 label 0/1 : 17/15
train batch 22: predictions shape=(32, 2), labels shape=(32,)
epoch : 31
batch : 22/39
train accuracy : 0.6875
train pred 0/1 : 11/21 label 0/1 : 15/17
train batch 23: predictions shape=(32, 2), labels shape=(32,)
epoch : 31
batch : 23/39
train accuracy : 0.78125
train pred 0/1 : 13/19 label 0/1 : 14/18
train batch 24: predictions shape=(32, 2), labels shape=(32,)
epoch : 31
batch : 24/39
train accuracy : 0.6875
train pred 0/1 : 11/21 label 0/1 : 15/17
train batch 25: predictions shape=(32, 2), labels shape=(32,)
epoch : 31
batch : 25/39
train accuracy : 0.8125
train pred 0/1 : 18/14 label 0/1 : 16/16
train batch 26: predictions shape=(32, 2), labels shape=(32,)
epoch : 31
batch : 26/39
train accuracy : 0.65625
train pred 0/1 : 14/18 label 0/1 : 13/19
train batch 27: predictions shape=(32, 2), labels shape=(32,)
epoch : 31
batch : 27/39
train accuracy : 0.53125
train pred 0/1 : 23/9 label 0/1 : 12/20
train batch 28: predictions shape=(32, 2), labels shape=(32,)
epoch : 31
batch : 28/39
train accuracy : 0.8125
train pred 0/1 : 12/20 label 0/1 : 12/20
train batch 29: predictions shape=(32, 2), labels shape=(32,)
epoch : 31
batch : 29/39
train accuracy : 0.75
train pred 0/1 : 12/20 label 0/1 : 16/16
train batch 30: predictions shape=(32, 2), labels shape=(32,)
epoch : 31
batch : 30/39
train accuracy : 0.71875
train pred 0/1 : 16/16 label 0/1 : 15/17
train batch 31: predictions shape=(32, 2), labels shape=(32,)
epoch : 31
batch : 31/39
train accuracy : 0.75
train pred 0/1 : 13/19 label 0/1 : 15/17
train batch 32: predictions shape=(32, 2), labels shape=(32,)
epoch : 31
batch : 32/39
train accuracy : 0.6875
train pred 0/1 : 10/22 label 0/1 : 12/20
train batch 33: predictions shape=(32, 2), labels shape=(32,)
epoch : 31
batch : 33/39
train accuracy : 0.40625
train pred 0/1 : 5/27 label 0/1 : 18/14
train batch 34: predictions shape=(32, 2), labels shape=(32,)
epoch : 31
batch : 34/39
train accuracy : 0.53125
train pred 0/1 : 12/20 label 0/1 : 17/15
train batch 35: predictions shape=(32, 2), labels shape=(32,)
epoch : 31
batch : 35/39
train accuracy : 0.625
train pred 0/1 : 16/16 label 0/1 : 16/16
train batch 36: predictions shape=(32, 2), labels shape=(32,)
epoch : 31
batch : 36/39
train accuracy : 0.53125
train pred 0/1 : 22/10 label 0/1 : 15/17
train batch 37: predictions shape=(32, 2), labels shape=(32,)
epoch : 31
batch : 37/39
train accuracy : 0.53125
train pred 0/1 : 20/12 label 0/1 : 13/19
train batch 38: predictions shape=(32, 2), labels shape=(32,)
epoch : 31
batch : 38/39
train accuracy : 0.5625
train pred 0/1 : 30/2 label 0/1 : 16/16
train batch 39: predictions shape=(8, 2), labels shape=(8,)
epoch : 31
batch : 39/39
train accuracy : 0.25
train pred 0/1 : 5/3 label 0/1 : 1/7
VALIDATION
valid batch 1: predictions shape=(32, 2), labels shape=(32,)
valid batch : 1/2
valid accuracy : 0.21875
valid pred 0/1 : 24/8 label 0/1 : 7/25
valid batch 2: predictions shape=(23, 2), labels shape=(23,)
valid batch : 2/2
valid accuracy : 0.260869562625885
valid pred 0/1 : 21/2 label 0/1 : 6/17
valid epoch balanced_accuracy: 0.367216
EPOCH 32:
train batch 1: predictions shape=(32, 2), labels shape=(32,)
epoch : 32
batch : 1/39
train accuracy : 0.625
train pred 0/1 : 25/7 label 0/1 : 17/15
train batch 2: predictions shape=(32, 2), labels shape=(32,)
epoch : 32
batch : 2/39
train accuracy : 0.5
train pred 0/1 : 21/11 label 0/1 : 15/17
train batch 3: predictions shape=(32, 2), labels shape=(32,)
epoch : 32
batch : 3/39
train accuracy : 0.53125
train pred 0/1 : 16/16 label 0/1 : 13/19
train batch 4: predictions shape=(32, 2), labels shape=(32,)
epoch : 32
batch : 4/39
train accuracy : 0.71875
train pred 0/1 : 7/25 label 0/1 : 14/18
train batch 5: predictions shape=(32, 2), labels shape=(32,)
epoch : 32
batch : 5/39
train accuracy : 0.625
train pred 0/1 : 7/25 label 0/1 : 17/15
train batch 6: predictions shape=(32, 2), labels shape=(32,)
epoch : 32
batch : 6/39
train accuracy : 0.59375
train pred 0/1 : 9/23 label 0/1 : 18/14
train batch 7: predictions shape=(32, 2), labels shape=(32,)
epoch : 32
batch : 7/39
train accuracy : 0.78125
train pred 0/1 : 4/28 label 0/1 : 9/23
train batch 8: predictions shape=(32, 2), labels shape=(32,)
epoch : 32
batch : 8/39
train accuracy : 0.78125
train pred 0/1 : 7/25 label 0/1 : 14/18
train batch 9: predictions shape=(32, 2), labels shape=(32,)
epoch : 32
batch : 9/39
train accuracy : 0.75
train pred 0/1 : 4/28 label 0/1 : 8/24
train batch 10: predictions shape=(32, 2), labels shape=(32,)
epoch : 32
batch : 10/39
train accuracy : 0.71875
train pred 0/1 : 5/27 label 0/1 : 14/18
train batch 11: predictions shape=(32, 2), labels shape=(32,)
epoch : 32
batch : 11/39
train accuracy : 0.6875
train pred 0/1 : 9/23 label 0/1 : 17/15
train batch 12: predictions shape=(32, 2), labels shape=(32,)
epoch : 32
batch : 12/39
train accuracy : 0.78125
train pred 0/1 : 7/25 label 0/1 : 14/18
train batch 13: predictions shape=(32, 2), labels shape=(32,)
epoch : 32
batch : 13/39
train accuracy : 0.5625
train pred 0/1 : 1/31 label 0/1 : 13/19
train batch 14: predictions shape=(32, 2), labels shape=(32,)
epoch : 32
batch : 14/39
train accuracy : 0.375
train pred 0/1 : 3/29 label 0/1 : 23/9
train batch 15: predictions shape=(32, 2), labels shape=(32,)
epoch : 32
batch : 15/39
train accuracy : 0.625
train pred 0/1 : 4/28 label 0/1 : 16/16
train batch 16: predictions shape=(32, 2), labels shape=(32,)
epoch : 32
batch : 16/39
train accuracy : 0.5625
train pred 0/1 : 4/28 label 0/1 : 16/16
train batch 17: predictions shape=(32, 2), labels shape=(32,)
epoch : 32
batch : 17/39
train accuracy : 0.6875
train pred 0/1 : 3/29 label 0/1 : 11/21
train batch 18: predictions shape=(32, 2), labels shape=(32,)
epoch : 32
batch : 18/39
train accuracy : 0.78125
train pred 0/1 : 8/24 label 0/1 : 15/17
train batch 19: predictions shape=(32, 2), labels shape=(32,)
epoch : 32
batch : 19/39
train accuracy : 0.6875
train pred 0/1 : 6/26 label 0/1 : 16/16
train batch 20: predictions shape=(32, 2), labels shape=(32,)
epoch : 32
batch : 20/39
train accuracy : 0.625
train pred 0/1 : 6/26 label 0/1 : 16/16
train batch 21: predictions shape=(32, 2), labels shape=(32,)
epoch : 32
batch : 21/39
train accuracy : 0.5625
train pred 0/1 : 4/28 label 0/1 : 16/16
train batch 22: predictions shape=(32, 2), labels shape=(32,)
epoch : 32
batch : 22/39
train accuracy : 0.5625
train pred 0/1 : 5/27 label 0/1 : 15/17
train batch 23: predictions shape=(32, 2), labels shape=(32,)
epoch : 32
batch : 23/39
train accuracy : 0.65625
train pred 0/1 : 5/27 label 0/1 : 14/18
train batch 24: predictions shape=(32, 2), labels shape=(32,)
epoch : 32
batch : 24/39
train accuracy : 0.71875
train pred 0/1 : 2/30 label 0/1 : 11/21
train batch 25: predictions shape=(32, 2), labels shape=(32,)
epoch : 32
batch : 25/39
train accuracy : 0.59375
train pred 0/1 : 4/28 label 0/1 : 15/17
train batch 26: predictions shape=(32, 2), labels shape=(32,)
epoch : 32
batch : 26/39
train accuracy : 0.59375
train pred 0/1 : 12/20 label 0/1 : 15/17
train batch 27: predictions shape=(32, 2), labels shape=(32,)
epoch : 32
batch : 27/39
train accuracy : 0.6875
train pred 0/1 : 8/24 label 0/1 : 14/18
train batch 28: predictions shape=(32, 2), labels shape=(32,)
epoch : 32
batch : 28/39
train accuracy : 0.625
train pred 0/1 : 9/23 label 0/1 : 15/17
train batch 29: predictions shape=(32, 2), labels shape=(32,)
epoch : 32
batch : 29/39
train accuracy : 0.78125
train pred 0/1 : 10/22 label 0/1 : 15/17
train batch 30: predictions shape=(32, 2), labels shape=(32,)
epoch : 32
batch : 30/39
train accuracy : 0.59375
train pred 0/1 : 4/28 label 0/1 : 17/15
train batch 31: predictions shape=(32, 2), labels shape=(32,)
epoch : 32
batch : 31/39
train accuracy : 0.71875
train pred 0/1 : 6/26 label 0/1 : 15/17
train batch 32: predictions shape=(32, 2), labels shape=(32,)
epoch : 32
batch : 32/39
train accuracy : 0.71875
train pred 0/1 : 7/25 label 0/1 : 12/20
train batch 33: predictions shape=(32, 2), labels shape=(32,)
epoch : 32
batch : 33/39
train accuracy : 0.78125
train pred 0/1 : 9/23 label 0/1 : 12/20
train batch 34: predictions shape=(32, 2), labels shape=(32,)
epoch : 32
batch : 34/39
train accuracy : 0.6875
train pred 0/1 : 7/25 label 0/1 : 13/19
train batch 35: predictions shape=(32, 2), labels shape=(32,)
epoch : 32
batch : 35/39
train accuracy : 0.84375
train pred 0/1 : 9/23 label 0/1 : 10/22
train batch 36: predictions shape=(32, 2), labels shape=(32,)
epoch : 32
batch : 36/39
train accuracy : 0.65625
train pred 0/1 : 5/27 label 0/1 : 12/20
train batch 37: predictions shape=(32, 2), labels shape=(32,)
epoch : 32
batch : 37/39
train accuracy : 0.875
train pred 0/1 : 11/21 label 0/1 : 15/17
train batch 38: predictions shape=(32, 2), labels shape=(32,)
epoch : 32
batch : 38/39
train accuracy : 0.6875
train pred 0/1 : 10/22 label 0/1 : 12/20
train batch 39: predictions shape=(8, 2), labels shape=(8,)
epoch : 32
batch : 39/39
train accuracy : 0.375
train pred 0/1 : 0/8 label 0/1 : 5/3
VALIDATION
valid batch 1: predictions shape=(32, 2), labels shape=(32,)
valid batch : 1/2
valid accuracy : 0.15625
valid pred 0/1 : 25/7 label 0/1 : 6/26
valid batch 2: predictions shape=(23, 2), labels shape=(23,)
valid batch : 2/2
valid accuracy : 0.17391304671764374
valid pred 0/1 : 16/7 label 0/1 : 7/16
valid epoch balanced_accuracy: 0.213370
EPOCH 33:
train batch 1: predictions shape=(32, 2), labels shape=(32,)
epoch : 33
batch : 1/39
train accuracy : 0.625
train pred 0/1 : 8/24 label 0/1 : 14/18
train batch 2: predictions shape=(32, 2), labels shape=(32,)
epoch : 33
batch : 2/39
train accuracy : 0.78125
train pred 0/1 : 9/23 label 0/1 : 16/16
train batch 3: predictions shape=(32, 2), labels shape=(32,)
epoch : 33
batch : 3/39
train accuracy : 0.78125
train pred 0/1 : 12/20 label 0/1 : 11/21
train batch 4: predictions shape=(32, 2), labels shape=(32,)
epoch : 33
batch : 4/39
train accuracy : 0.75
train pred 0/1 : 13/19 label 0/1 : 15/17
train batch 5: predictions shape=(32, 2), labels shape=(32,)
epoch : 33
batch : 5/39
train accuracy : 0.65625
train pred 0/1 : 11/21 label 0/1 : 16/16
train batch 6: predictions shape=(32, 2), labels shape=(32,)
epoch : 33
batch : 6/39
train accuracy : 0.71875
train pred 0/1 : 5/27 label 0/1 : 12/20
train batch 7: predictions shape=(32, 2), labels shape=(32,)
epoch : 33
batch : 7/39
train accuracy : 0.6875
train pred 0/1 : 14/18 label 0/1 : 12/20
train batch 8: predictions shape=(32, 2), labels shape=(32,)
epoch : 33
batch : 8/39
train accuracy : 0.8125
train pred 0/1 : 11/21 label 0/1 : 13/19
train batch 9: predictions shape=(32, 2), labels shape=(32,)
epoch : 33
batch : 9/39
train accuracy : 0.59375
train pred 0/1 : 14/18 label 0/1 : 17/15
train batch 10: predictions shape=(32, 2), labels shape=(32,)
epoch : 33
batch : 10/39
train accuracy : 0.71875
train pred 0/1 : 12/20 label 0/1 : 13/19
train batch 11: predictions shape=(32, 2), labels shape=(32,)
epoch : 33
batch : 11/39
train accuracy : 0.71875
train pred 0/1 : 12/20 label 0/1 : 15/17
train batch 12: predictions shape=(32, 2), labels shape=(32,)
epoch : 33
batch : 12/39
train accuracy : 0.625
train pred 0/1 : 12/20 label 0/1 : 18/14
train batch 13: predictions shape=(32, 2), labels shape=(32,)
epoch : 33
batch : 13/39
train accuracy : 0.59375
train pred 0/1 : 13/19 label 0/1 : 16/16
train batch 14: predictions shape=(32, 2), labels shape=(32,)
epoch : 33
batch : 14/39
train accuracy : 0.625
train pred 0/1 : 19/13 label 0/1 : 13/19
train batch 15: predictions shape=(32, 2), labels shape=(32,)
epoch : 33
batch : 15/39
train accuracy : 0.65625
train pred 0/1 : 8/24 label 0/1 : 13/19
train batch 16: predictions shape=(32, 2), labels shape=(32,)
epoch : 33
batch : 16/39
train accuracy : 0.6875
train pred 0/1 : 23/9 label 0/1 : 15/17
train batch 17: predictions shape=(32, 2), labels shape=(32,)
epoch : 33
batch : 17/39
train accuracy : 0.625
train pred 0/1 : 17/15 label 0/1 : 15/17
train batch 18: predictions shape=(32, 2), labels shape=(32,)
epoch : 33
batch : 18/39
train accuracy : 0.65625
train pred 0/1 : 19/13 label 0/1 : 16/16
train batch 19: predictions shape=(32, 2), labels shape=(32,)
epoch : 33
batch : 19/39
train accuracy : 0.6875
train pred 0/1 : 18/14 label 0/1 : 14/18
train batch 20: predictions shape=(32, 2), labels shape=(32,)
epoch : 33
batch : 20/39
train accuracy : 0.75
train pred 0/1 : 16/16 label 0/1 : 10/22
train batch 21: predictions shape=(32, 2), labels shape=(32,)
epoch : 33
batch : 21/39
train accuracy : 0.75
train pred 0/1 : 11/21 label 0/1 : 13/19
train batch 22: predictions shape=(32, 2), labels shape=(32,)
epoch : 33
batch : 22/39
train accuracy : 0.75
train pred 0/1 : 12/20 label 0/1 : 12/20
train batch 23: predictions shape=(32, 2), labels shape=(32,)
epoch : 33
batch : 23/39
train accuracy : 0.59375
train pred 0/1 : 10/22 label 0/1 : 15/17
train batch 24: predictions shape=(32, 2), labels shape=(32,)
epoch : 33
batch : 24/39
train accuracy : 0.71875
train pred 0/1 : 7/25 label 0/1 : 10/22
train batch 25: predictions shape=(32, 2), labels shape=(32,)
epoch : 33
batch : 25/39
train accuracy : 0.71875
train pred 0/1 : 6/26 label 0/1 : 11/21
train batch 26: predictions shape=(32, 2), labels shape=(32,)
epoch : 33
batch : 26/39
train accuracy : 0.5
train pred 0/1 : 7/25 label 0/1 : 17/15
train batch 27: predictions shape=(32, 2), labels shape=(32,)
epoch : 33
batch : 27/39
train accuracy : 0.59375
train pred 0/1 : 9/23 label 0/1 : 14/18
train batch 28: predictions shape=(32, 2), labels shape=(32,)
epoch : 33
batch : 28/39
train accuracy : 0.6875
train pred 0/1 : 11/21 label 0/1 : 15/17
train batch 29: predictions shape=(32, 2), labels shape=(32,)
epoch : 33
batch : 29/39
train accuracy : 0.65625
train pred 0/1 : 9/23 label 0/1 : 16/16
train batch 30: predictions shape=(32, 2), labels shape=(32,)
epoch : 33
batch : 30/39
train accuracy : 0.75
train pred 0/1 : 11/21 label 0/1 : 15/17
train batch 31: predictions shape=(32, 2), labels shape=(32,)
epoch : 33
batch : 31/39
train accuracy : 0.59375
train pred 0/1 : 10/22 label 0/1 : 17/15
train batch 32: predictions shape=(32, 2), labels shape=(32,)
epoch : 33
batch : 32/39
train accuracy : 0.65625
train pred 0/1 : 20/12 label 0/1 : 15/17
train batch 33: predictions shape=(32, 2), labels shape=(32,)
epoch : 33
batch : 33/39
train accuracy : 0.71875
train pred 0/1 : 17/15 label 0/1 : 20/12
train batch 34: predictions shape=(32, 2), labels shape=(32,)
epoch : 33
batch : 34/39
train accuracy : 0.59375
train pred 0/1 : 15/17 label 0/1 : 16/16
train batch 35: predictions shape=(32, 2), labels shape=(32,)
epoch : 33
batch : 35/39
train accuracy : 0.65625
train pred 0/1 : 19/13 label 0/1 : 12/20
train batch 36: predictions shape=(32, 2), labels shape=(32,)
epoch : 33
batch : 36/39
train accuracy : 0.5625
train pred 0/1 : 19/13 label 0/1 : 11/21
train batch 37: predictions shape=(32, 2), labels shape=(32,)
epoch : 33
batch : 37/39
train accuracy : 0.59375
train pred 0/1 : 20/12 label 0/1 : 13/19
train batch 38: predictions shape=(32, 2), labels shape=(32,)
epoch : 33
batch : 38/39
train accuracy : 0.53125
train pred 0/1 : 28/4 label 0/1 : 19/13
train batch 39: predictions shape=(8, 2), labels shape=(8,)
epoch : 33
batch : 39/39
train accuracy : 0.25
train pred 0/1 : 6/2 label 0/1 : 4/4
VALIDATION
valid batch 1: predictions shape=(32, 2), labels shape=(32,)
valid batch : 1/2
valid accuracy : 0.21875
valid pred 0/1 : 30/2 label 0/1 : 5/27
valid batch 2: predictions shape=(23, 2), labels shape=(23,)
valid batch : 2/2
valid accuracy : 0.3913043439388275
valid pred 0/1 : 20/3 label 0/1 : 8/15
valid epoch balanced_accuracy: 0.509158
EPOCH 34:
train batch 1: predictions shape=(32, 2), labels shape=(32,)
epoch : 34
batch : 1/39
train accuracy : 0.53125
train pred 0/1 : 23/9 label 0/1 : 12/20
train batch 2: predictions shape=(32, 2), labels shape=(32,)
epoch : 34
batch : 2/39
train accuracy : 0.4375
train pred 0/1 : 30/2 label 0/1 : 14/18
train batch 3: predictions shape=(32, 2), labels shape=(32,)
epoch : 34
batch : 3/39
train accuracy : 0.625
train pred 0/1 : 19/13 label 0/1 : 19/13
train batch 4: predictions shape=(32, 2), labels shape=(32,)
epoch : 34
batch : 4/39
train accuracy : 0.46875
train pred 0/1 : 26/6 label 0/1 : 15/17
train batch 5: predictions shape=(32, 2), labels shape=(32,)
epoch : 34
batch : 5/39
train accuracy : 0.5
train pred 0/1 : 19/13 label 0/1 : 15/17
train batch 6: predictions shape=(32, 2), labels shape=(32,)
epoch : 34
batch : 6/39
train accuracy : 0.59375
train pred 0/1 : 19/13 label 0/1 : 12/20
train batch 7: predictions shape=(32, 2), labels shape=(32,)
epoch : 34
batch : 7/39
train accuracy : 0.6875
train pred 0/1 : 21/11 label 0/1 : 17/15
train batch 8: predictions shape=(32, 2), labels shape=(32,)
epoch : 34
batch : 8/39
train accuracy : 0.59375
train pred 0/1 : 19/13 label 0/1 : 12/20
train batch 9: predictions shape=(32, 2), labels shape=(32,)
epoch : 34
batch : 9/39
train accuracy : 0.625
train pred 0/1 : 19/13 label 0/1 : 13/19
train batch 10: predictions shape=(32, 2), labels shape=(32,)
epoch : 34
batch : 10/39
train accuracy : 0.6875
train pred 0/1 : 17/15 label 0/1 : 17/15
train batch 11: predictions shape=(32, 2), labels shape=(32,)
epoch : 34
batch : 11/39
train accuracy : 0.53125
train pred 0/1 : 12/20 label 0/1 : 13/19
train batch 12: predictions shape=(32, 2), labels shape=(32,)
epoch : 34
batch : 12/39
train accuracy : 0.4375
train pred 0/1 : 22/10 label 0/1 : 14/18
train batch 13: predictions shape=(32, 2), labels shape=(32,)
epoch : 34
batch : 13/39
train accuracy : 0.46875
train pred 0/1 : 18/14 label 0/1 : 17/15
train batch 14: predictions shape=(32, 2), labels shape=(32,)
epoch : 34
batch : 14/39
train accuracy : 0.46875
train pred 0/1 : 17/15 label 0/1 : 12/20
train batch 15: predictions shape=(32, 2), labels shape=(32,)
epoch : 34
batch : 15/39
train accuracy : 0.6875
train pred 0/1 : 12/20 label 0/1 : 18/14
train batch 16: predictions shape=(32, 2), labels shape=(32,)
epoch : 34
batch : 16/39
train accuracy : 0.65625
train pred 0/1 : 18/14 label 0/1 : 15/17
train batch 17: predictions shape=(32, 2), labels shape=(32,)
epoch : 34
batch : 17/39
train accuracy : 0.75
train pred 0/1 : 16/16 label 0/1 : 14/18
train batch 18: predictions shape=(32, 2), labels shape=(32,)
epoch : 34
batch : 18/39
train accuracy : 0.5625
train pred 0/1 : 14/18 label 0/1 : 16/16
train batch 19: predictions shape=(32, 2), labels shape=(32,)
epoch : 34
batch : 19/39
train accuracy : 0.65625
train pred 0/1 : 14/18 label 0/1 : 15/17
train batch 20: predictions shape=(32, 2), labels shape=(32,)
epoch : 34
batch : 20/39
train accuracy : 0.6875
train pred 0/1 : 13/19 label 0/1 : 21/11
train batch 21: predictions shape=(32, 2), labels shape=(32,)
epoch : 34
batch : 21/39
train accuracy : 0.8125
train pred 0/1 : 13/19 label 0/1 : 15/17
train batch 22: predictions shape=(32, 2), labels shape=(32,)
epoch : 34
batch : 22/39
train accuracy : 0.625
train pred 0/1 : 9/23 label 0/1 : 15/17
train batch 23: predictions shape=(32, 2), labels shape=(32,)
epoch : 34
batch : 23/39
train accuracy : 0.5625
train pred 0/1 : 14/18 label 0/1 : 18/14
train batch 24: predictions shape=(32, 2), labels shape=(32,)
epoch : 34
batch : 24/39
train accuracy : 0.59375
train pred 0/1 : 13/19 label 0/1 : 8/24
train batch 25: predictions shape=(32, 2), labels shape=(32,)
epoch : 34
batch : 25/39
train accuracy : 0.75
train pred 0/1 : 15/17 label 0/1 : 15/17
train batch 26: predictions shape=(32, 2), labels shape=(32,)
epoch : 34
batch : 26/39
train accuracy : 0.59375
train pred 0/1 : 10/22 label 0/1 : 15/17
train batch 27: predictions shape=(32, 2), labels shape=(32,)
epoch : 34
batch : 27/39
train accuracy : 0.78125
train pred 0/1 : 9/23 label 0/1 : 12/20
train batch 28: predictions shape=(32, 2), labels shape=(32,)
epoch : 34
batch : 28/39
train accuracy : 0.875
train pred 0/1 : 9/23 label 0/1 : 11/21
train batch 29: predictions shape=(32, 2), labels shape=(32,)
epoch : 34
batch : 29/39
train accuracy : 0.71875
train pred 0/1 : 5/27 label 0/1 : 12/20
train batch 30: predictions shape=(32, 2), labels shape=(32,)
epoch : 34
batch : 30/39
train accuracy : 0.71875
train pred 0/1 : 6/26 label 0/1 : 13/19
train batch 31: predictions shape=(32, 2), labels shape=(32,)
epoch : 34
batch : 31/39
train accuracy : 0.625
train pred 0/1 : 4/28 label 0/1 : 16/16
train batch 32: predictions shape=(32, 2), labels shape=(32,)
epoch : 34
batch : 32/39
train accuracy : 0.8125
train pred 0/1 : 3/29 label 0/1 : 9/23
train batch 33: predictions shape=(32, 2), labels shape=(32,)
epoch : 34
batch : 33/39
train accuracy : 0.71875
train pred 0/1 : 6/26 label 0/1 : 15/17
train batch 34: predictions shape=(32, 2), labels shape=(32,)
epoch : 34
batch : 34/39
train accuracy : 0.625
train pred 0/1 : 5/27 label 0/1 : 17/15
train batch 35: predictions shape=(32, 2), labels shape=(32,)
epoch : 34
batch : 35/39
train accuracy : 0.71875
train pred 0/1 : 4/28 label 0/1 : 13/19
train batch 36: predictions shape=(32, 2), labels shape=(32,)
epoch : 34
batch : 36/39
train accuracy : 0.71875
train pred 0/1 : 9/23 label 0/1 : 16/16
train batch 37: predictions shape=(32, 2), labels shape=(32,)
epoch : 34
batch : 37/39
train accuracy : 0.6875
train pred 0/1 : 4/28 label 0/1 : 14/18
train batch 38: predictions shape=(32, 2), labels shape=(32,)
epoch : 34
batch : 38/39
train accuracy : 0.71875
train pred 0/1 : 5/27 label 0/1 : 12/20
train batch 39: predictions shape=(8, 2), labels shape=(8,)
epoch : 34
batch : 39/39
train accuracy : 0.75
train pred 0/1 : 0/8 label 0/1 : 2/6
VALIDATION
valid batch 1: predictions shape=(32, 2), labels shape=(32,)
valid batch : 1/2
valid accuracy : 0.125
valid pred 0/1 : 22/10 label 0/1 : 10/22
valid batch 2: predictions shape=(23, 2), labels shape=(23,)
valid batch : 2/2
valid accuracy : 0.1304347813129425
valid pred 0/1 : 17/6 label 0/1 : 3/20
valid epoch balanced_accuracy: 0.136447
EPOCH 35:
train batch 1: predictions shape=(32, 2), labels shape=(32,)
epoch : 35
batch : 1/39
train accuracy : 0.6875
train pred 0/1 : 3/29 label 0/1 : 13/19
train batch 2: predictions shape=(32, 2), labels shape=(32,)
epoch : 35
batch : 2/39
train accuracy : 0.65625
train pred 0/1 : 3/29 label 0/1 : 14/18
train batch 3: predictions shape=(32, 2), labels shape=(32,)
epoch : 35
batch : 3/39
train accuracy : 0.65625
train pred 0/1 : 3/29 label 0/1 : 14/18
train batch 4: predictions shape=(32, 2), labels shape=(32,)
epoch : 35
batch : 4/39
train accuracy : 0.65625
train pred 0/1 : 5/27 label 0/1 : 14/18
train batch 5: predictions shape=(32, 2), labels shape=(32,)
epoch : 35
batch : 5/39
train accuracy : 0.65625
train pred 0/1 : 5/27 label 0/1 : 16/16
train batch 6: predictions shape=(32, 2), labels shape=(32,)
epoch : 35
batch : 6/39
train accuracy : 0.5625
train pred 0/1 : 5/27 label 0/1 : 17/15
train batch 7: predictions shape=(32, 2), labels shape=(32,)
epoch : 35
batch : 7/39
train accuracy : 0.6875
train pred 0/1 : 8/24 label 0/1 : 18/14
train batch 8: predictions shape=(32, 2), labels shape=(32,)
epoch : 35
batch : 8/39
train accuracy : 0.65625
train pred 0/1 : 5/27 label 0/1 : 14/18
train batch 9: predictions shape=(32, 2), labels shape=(32,)
epoch : 35
batch : 9/39
train accuracy : 0.59375
train pred 0/1 : 3/29 label 0/1 : 14/18
train batch 10: predictions shape=(32, 2), labels shape=(32,)
epoch : 35
batch : 10/39
train accuracy : 0.65625
train pred 0/1 : 3/29 label 0/1 : 14/18
train batch 11: predictions shape=(32, 2), labels shape=(32,)
epoch : 35
batch : 11/39
train accuracy : 0.75
train pred 0/1 : 7/25 label 0/1 : 15/17
train batch 12: predictions shape=(32, 2), labels shape=(32,)
epoch : 35
batch : 12/39
train accuracy : 0.59375
train pred 0/1 : 4/28 label 0/1 : 17/15
train batch 13: predictions shape=(32, 2), labels shape=(32,)
epoch : 35
batch : 13/39
train accuracy : 0.6875
train pred 0/1 : 8/24 label 0/1 : 12/20
train batch 14: predictions shape=(32, 2), labels shape=(32,)
epoch : 35
batch : 14/39
train accuracy : 0.65625
train pred 0/1 : 13/19 label 0/1 : 14/18
train batch 15: predictions shape=(32, 2), labels shape=(32,)
epoch : 35
batch : 15/39
train accuracy : 0.6875
train pred 0/1 : 11/21 label 0/1 : 13/19
train batch 16: predictions shape=(32, 2), labels shape=(32,)
epoch : 35
batch : 16/39
train accuracy : 0.875
train pred 0/1 : 12/20 label 0/1 : 12/20
train batch 17: predictions shape=(32, 2), labels shape=(32,)
epoch : 35
batch : 17/39
train accuracy : 0.65625
train pred 0/1 : 13/19 label 0/1 : 14/18
train batch 18: predictions shape=(32, 2), labels shape=(32,)
epoch : 35
batch : 18/39
train accuracy : 0.6875
train pred 0/1 : 9/23 label 0/1 : 13/19
train batch 19: predictions shape=(32, 2), labels shape=(32,)
epoch : 35
batch : 19/39
train accuracy : 0.625
train pred 0/1 : 16/16 label 0/1 : 12/20
train batch 20: predictions shape=(32, 2), labels shape=(32,)
epoch : 35
batch : 20/39
train accuracy : 0.65625
train pred 0/1 : 17/15 label 0/1 : 16/16
train batch 21: predictions shape=(32, 2), labels shape=(32,)
epoch : 35
batch : 21/39
train accuracy : 0.59375
train pred 0/1 : 11/21 label 0/1 : 12/20
train batch 22: predictions shape=(32, 2), labels shape=(32,)
epoch : 35
batch : 22/39
train accuracy : 0.5625
train pred 0/1 : 17/15 label 0/1 : 11/21
train batch 23: predictions shape=(32, 2), labels shape=(32,)
epoch : 35
batch : 23/39
train accuracy : 0.59375
train pred 0/1 : 12/20 label 0/1 : 13/19
train batch 24: predictions shape=(32, 2), labels shape=(32,)
epoch : 35
batch : 24/39
train accuracy : 0.6875
train pred 0/1 : 14/18 label 0/1 : 14/18
train batch 25: predictions shape=(32, 2), labels shape=(32,)
epoch : 35
batch : 25/39
train accuracy : 0.625
train pred 0/1 : 13/19 label 0/1 : 13/19
train batch 26: predictions shape=(32, 2), labels shape=(32,)
epoch : 35
batch : 26/39
train accuracy : 0.75
train pred 0/1 : 16/16 label 0/1 : 14/18
train batch 27: predictions shape=(32, 2), labels shape=(32,)
epoch : 35
batch : 27/39
train accuracy : 0.75
train pred 0/1 : 7/25 label 0/1 : 11/21
train batch 28: predictions shape=(32, 2), labels shape=(32,)
epoch : 35
batch : 28/39
train accuracy : 0.65625
train pred 0/1 : 7/25 label 0/1 : 16/16
train batch 29: predictions shape=(32, 2), labels shape=(32,)
epoch : 35
batch : 29/39
train accuracy : 0.5
train pred 0/1 : 12/20 label 0/1 : 20/12
train batch 30: predictions shape=(32, 2), labels shape=(32,)
epoch : 35
batch : 30/39
train accuracy : 0.65625
train pred 0/1 : 4/28 label 0/1 : 15/17
train batch 31: predictions shape=(32, 2), labels shape=(32,)
epoch : 35
batch : 31/39
train accuracy : 0.75
train pred 0/1 : 10/22 label 0/1 : 16/16
train batch 32: predictions shape=(32, 2), labels shape=(32,)
epoch : 35
batch : 32/39
train accuracy : 0.75
train pred 0/1 : 4/28 label 0/1 : 12/20
train batch 33: predictions shape=(32, 2), labels shape=(32,)
epoch : 35
batch : 33/39
train accuracy : 0.625
train pred 0/1 : 8/24 label 0/1 : 18/14
train batch 34: predictions shape=(32, 2), labels shape=(32,)
epoch : 35
batch : 34/39
train accuracy : 0.6875
train pred 0/1 : 7/25 label 0/1 : 11/21
train batch 35: predictions shape=(32, 2), labels shape=(32,)
epoch : 35
batch : 35/39
train accuracy : 0.6875
train pred 0/1 : 7/25 label 0/1 : 15/17
train batch 36: predictions shape=(32, 2), labels shape=(32,)
epoch : 35
batch : 36/39
train accuracy : 0.53125
train pred 0/1 : 2/30 label 0/1 : 17/15
train batch 37: predictions shape=(32, 2), labels shape=(32,)
epoch : 35
batch : 37/39
train accuracy : 0.59375
train pred 0/1 : 5/27 label 0/1 : 16/16
train batch 38: predictions shape=(32, 2), labels shape=(32,)
epoch : 35
batch : 38/39
train accuracy : 0.6875
train pred 0/1 : 11/21 label 0/1 : 19/13
train batch 39: predictions shape=(8, 2), labels shape=(8,)
epoch : 35
batch : 39/39
train accuracy : 0.75
train pred 0/1 : 2/6 label 0/1 : 0/8
VALIDATION
valid batch 1: predictions shape=(32, 2), labels shape=(32,)
valid batch : 1/2
valid accuracy : 0.15625
valid pred 0/1 : 22/10 label 0/1 : 9/23
valid batch 2: predictions shape=(23, 2), labels shape=(23,)
valid batch : 2/2
valid accuracy : 0.17391304671764374
valid pred 0/1 : 19/4 label 0/1 : 4/19
valid epoch balanced_accuracy: 0.213370
EPOCH 36:
train batch 1: predictions shape=(32, 2), labels shape=(32,)
epoch : 36
batch : 1/39
train accuracy : 0.78125
train pred 0/1 : 9/23 label 0/1 : 14/18
train batch 2: predictions shape=(32, 2), labels shape=(32,)
epoch : 36
batch : 2/39
train accuracy : 0.6875
train pred 0/1 : 8/24 label 0/1 : 12/20
train batch 3: predictions shape=(32, 2), labels shape=(32,)
epoch : 36
batch : 3/39
train accuracy : 0.53125
train pred 0/1 : 10/22 label 0/1 : 17/15
train batch 4: predictions shape=(32, 2), labels shape=(32,)
epoch : 36
batch : 4/39
train accuracy : 0.59375
train pred 0/1 : 9/23 label 0/1 : 14/18
train batch 5: predictions shape=(32, 2), labels shape=(32,)
epoch : 36
batch : 5/39
train accuracy : 0.65625
train pred 0/1 : 13/19 label 0/1 : 18/14
train batch 6: predictions shape=(32, 2), labels shape=(32,)
epoch : 36
batch : 6/39
train accuracy : 0.71875
train pred 0/1 : 19/13 label 0/1 : 16/16
train batch 7: predictions shape=(32, 2), labels shape=(32,)
epoch : 36
batch : 7/39
train accuracy : 0.71875
train pred 0/1 : 16/16 label 0/1 : 13/19
train batch 8: predictions shape=(32, 2), labels shape=(32,)
epoch : 36
batch : 8/39
train accuracy : 0.59375
train pred 0/1 : 15/17 label 0/1 : 20/12
train batch 9: predictions shape=(32, 2), labels shape=(32,)
epoch : 36
batch : 9/39
train accuracy : 0.625
train pred 0/1 : 22/10 label 0/1 : 12/20
train batch 10: predictions shape=(32, 2), labels shape=(32,)
epoch : 36
batch : 10/39
train accuracy : 0.75
train pred 0/1 : 15/17 label 0/1 : 13/19
train batch 11: predictions shape=(32, 2), labels shape=(32,)
epoch : 36
batch : 11/39
train accuracy : 0.6875
train pred 0/1 : 16/16 label 0/1 : 16/16
train batch 12: predictions shape=(32, 2), labels shape=(32,)
epoch : 36
batch : 12/39
train accuracy : 0.75
train pred 0/1 : 15/17 label 0/1 : 15/17
train batch 13: predictions shape=(32, 2), labels shape=(32,)
epoch : 36
batch : 13/39
train accuracy : 0.8125
train pred 0/1 : 8/24 label 0/1 : 8/24
train batch 14: predictions shape=(32, 2), labels shape=(32,)
epoch : 36
batch : 14/39
train accuracy : 0.6875
train pred 0/1 : 15/17 label 0/1 : 15/17
train batch 15: predictions shape=(32, 2), labels shape=(32,)
epoch : 36
batch : 15/39
train accuracy : 0.59375
train pred 0/1 : 17/15 label 0/1 : 14/18
train batch 16: predictions shape=(32, 2), labels shape=(32,)
epoch : 36
batch : 16/39
train accuracy : 0.71875
train pred 0/1 : 14/18 label 0/1 : 15/17
train batch 17: predictions shape=(32, 2), labels shape=(32,)
epoch : 36
batch : 17/39
train accuracy : 0.71875
train pred 0/1 : 7/25 label 0/1 : 12/20
train batch 18: predictions shape=(32, 2), labels shape=(32,)
epoch : 36
batch : 18/39
train accuracy : 0.59375
train pred 0/1 : 6/26 label 0/1 : 19/13
train batch 19: predictions shape=(32, 2), labels shape=(32,)
epoch : 36
batch : 19/39
train accuracy : 0.71875
train pred 0/1 : 8/24 label 0/1 : 15/17
train batch 20: predictions shape=(32, 2), labels shape=(32,)
epoch : 36
batch : 20/39
train accuracy : 0.78125
train pred 0/1 : 6/26 label 0/1 : 13/19
train batch 21: predictions shape=(32, 2), labels shape=(32,)
epoch : 36
batch : 21/39
train accuracy : 0.75
train pred 0/1 : 13/19 label 0/1 : 15/17
train batch 22: predictions shape=(32, 2), labels shape=(32,)
epoch : 36
batch : 22/39
train accuracy : 0.78125
train pred 0/1 : 8/24 label 0/1 : 11/21
train batch 23: predictions shape=(32, 2), labels shape=(32,)
epoch : 36
batch : 23/39
train accuracy : 0.78125
train pred 0/1 : 13/19 label 0/1 : 14/18
train batch 24: predictions shape=(32, 2), labels shape=(32,)
epoch : 36
batch : 24/39
train accuracy : 0.875
train pred 0/1 : 12/20 label 0/1 : 12/20
train batch 25: predictions shape=(32, 2), labels shape=(32,)
epoch : 36
batch : 25/39
train accuracy : 0.65625
train pred 0/1 : 10/22 label 0/1 : 11/21
train batch 26: predictions shape=(32, 2), labels shape=(32,)
epoch : 36
batch : 26/39
train accuracy : 0.65625
train pred 0/1 : 10/22 label 0/1 : 19/13
train batch 27: predictions shape=(32, 2), labels shape=(32,)
epoch : 36
batch : 27/39
train accuracy : 0.8125
train pred 0/1 : 13/19 label 0/1 : 17/15
train batch 28: predictions shape=(32, 2), labels shape=(32,)
epoch : 36
batch : 28/39
train accuracy : 0.65625
train pred 0/1 : 10/22 label 0/1 : 19/13
train batch 29: predictions shape=(32, 2), labels shape=(32,)
epoch : 36
batch : 29/39
train accuracy : 0.75
train pred 0/1 : 9/23 label 0/1 : 15/17
train batch 30: predictions shape=(32, 2), labels shape=(32,)
epoch : 36
batch : 30/39
train accuracy : 0.71875
train pred 0/1 : 15/17 label 0/1 : 14/18
train batch 31: predictions shape=(32, 2), labels shape=(32,)
epoch : 36
batch : 31/39
train accuracy : 0.75
train pred 0/1 : 7/25 label 0/1 : 9/23
train batch 32: predictions shape=(32, 2), labels shape=(32,)
epoch : 36
batch : 32/39
train accuracy : 0.59375
train pred 0/1 : 11/21 label 0/1 : 10/22
train batch 33: predictions shape=(32, 2), labels shape=(32,)
epoch : 36
batch : 33/39
train accuracy : 0.5625
train pred 0/1 : 10/22 label 0/1 : 12/20
train batch 34: predictions shape=(32, 2), labels shape=(32,)
epoch : 36
batch : 34/39
train accuracy : 0.59375
train pred 0/1 : 8/24 label 0/1 : 17/15
train batch 35: predictions shape=(32, 2), labels shape=(32,)
epoch : 36
batch : 35/39
train accuracy : 0.65625
train pred 0/1 : 12/20 label 0/1 : 15/17
train batch 36: predictions shape=(32, 2), labels shape=(32,)
epoch : 36
batch : 36/39
train accuracy : 0.53125
train pred 0/1 : 14/18 label 0/1 : 15/17
train batch 37: predictions shape=(32, 2), labels shape=(32,)
epoch : 36
batch : 37/39
train accuracy : 0.625
train pred 0/1 : 8/24 label 0/1 : 16/16
train batch 38: predictions shape=(32, 2), labels shape=(32,)
epoch : 36
batch : 38/39
train accuracy : 0.5625
train pred 0/1 : 8/24 label 0/1 : 12/20
train batch 39: predictions shape=(8, 2), labels shape=(8,)
epoch : 36
batch : 39/39
train accuracy : 0.5
train pred 0/1 : 3/5 label 0/1 : 5/3
VALIDATION
valid batch 1: predictions shape=(32, 2), labels shape=(32,)
valid batch : 1/2
valid accuracy : 0.28125
valid pred 0/1 : 25/7 label 0/1 : 8/24
valid batch 2: predictions shape=(23, 2), labels shape=(23,)
valid batch : 2/2
valid accuracy : 0.1304347813129425
valid pred 0/1 : 19/4 label 0/1 : 5/18
valid epoch balanced_accuracy: 0.328755
EPOCH 37:
train batch 1: predictions shape=(32, 2), labels shape=(32,)
epoch : 37
batch : 1/39
train accuracy : 0.75
train pred 0/1 : 10/22 label 0/1 : 14/18
train batch 2: predictions shape=(32, 2), labels shape=(32,)
epoch : 37
batch : 2/39
train accuracy : 0.75
train pred 0/1 : 13/19 label 0/1 : 13/19
train batch 3: predictions shape=(32, 2), labels shape=(32,)
epoch : 37
batch : 3/39
train accuracy : 0.6875
train pred 0/1 : 10/22 label 0/1 : 10/22
train batch 4: predictions shape=(32, 2), labels shape=(32,)
epoch : 37
batch : 4/39
train accuracy : 0.6875
train pred 0/1 : 15/17 label 0/1 : 13/19
train batch 5: predictions shape=(32, 2), labels shape=(32,)
epoch : 37
batch : 5/39
train accuracy : 0.75
train pred 0/1 : 12/20 label 0/1 : 8/24
train batch 6: predictions shape=(32, 2), labels shape=(32,)
epoch : 37
batch : 6/39
train accuracy : 0.6875
train pred 0/1 : 16/16 label 0/1 : 14/18
train batch 7: predictions shape=(32, 2), labels shape=(32,)
epoch : 37
batch : 7/39
train accuracy : 0.6875
train pred 0/1 : 9/23 label 0/1 : 19/13
train batch 8: predictions shape=(32, 2), labels shape=(32,)
epoch : 37
batch : 8/39
train accuracy : 0.6875
train pred 0/1 : 7/25 label 0/1 : 17/15
train batch 9: predictions shape=(32, 2), labels shape=(32,)
epoch : 37
batch : 9/39
train accuracy : 0.6875
train pred 0/1 : 15/17 label 0/1 : 21/11
train batch 10: predictions shape=(32, 2), labels shape=(32,)
epoch : 37
batch : 10/39
train accuracy : 0.65625
train pred 0/1 : 9/23 label 0/1 : 12/20
train batch 11: predictions shape=(32, 2), labels shape=(32,)
epoch : 37
batch : 11/39
train accuracy : 0.78125
train pred 0/1 : 12/20 label 0/1 : 11/21
train batch 12: predictions shape=(32, 2), labels shape=(32,)
epoch : 37
batch : 12/39
train accuracy : 0.71875
train pred 0/1 : 15/17 label 0/1 : 18/14
train batch 13: predictions shape=(32, 2), labels shape=(32,)
epoch : 37
batch : 13/39
train accuracy : 0.59375
train pred 0/1 : 10/22 label 0/1 : 15/17
train batch 14: predictions shape=(32, 2), labels shape=(32,)
epoch : 37
batch : 14/39
train accuracy : 0.625
train pred 0/1 : 18/14 label 0/1 : 16/16
train batch 15: predictions shape=(32, 2), labels shape=(32,)
epoch : 37
batch : 15/39
train accuracy : 0.6875
train pred 0/1 : 19/13 label 0/1 : 11/21
train batch 16: predictions shape=(32, 2), labels shape=(32,)
epoch : 37
batch : 16/39
train accuracy : 0.65625
train pred 0/1 : 15/17 label 0/1 : 14/18
train batch 17: predictions shape=(32, 2), labels shape=(32,)
epoch : 37
batch : 17/39
train accuracy : 0.59375
train pred 0/1 : 21/11 label 0/1 : 16/16
train batch 18: predictions shape=(32, 2), labels shape=(32,)
epoch : 37
batch : 18/39
train accuracy : 0.625
train pred 0/1 : 13/19 label 0/1 : 9/23
train batch 19: predictions shape=(32, 2), labels shape=(32,)
epoch : 37
batch : 19/39
train accuracy : 0.65625
train pred 0/1 : 13/19 label 0/1 : 16/16
train batch 20: predictions shape=(32, 2), labels shape=(32,)
epoch : 37
batch : 20/39
train accuracy : 0.78125
train pred 0/1 : 10/22 label 0/1 : 13/19
train batch 21: predictions shape=(32, 2), labels shape=(32,)
epoch : 37
batch : 21/39
train accuracy : 0.71875
train pred 0/1 : 12/20 label 0/1 : 17/15
train batch 22: predictions shape=(32, 2), labels shape=(32,)
epoch : 37
batch : 22/39
train accuracy : 0.78125
train pred 0/1 : 9/23 label 0/1 : 16/16
train batch 23: predictions shape=(32, 2), labels shape=(32,)
epoch : 37
batch : 23/39
train accuracy : 0.53125
train pred 0/1 : 15/17 label 0/1 : 16/16
train batch 24: predictions shape=(32, 2), labels shape=(32,)
epoch : 37
batch : 24/39
train accuracy : 0.625
train pred 0/1 : 5/27 label 0/1 : 17/15
train batch 25: predictions shape=(32, 2), labels shape=(32,)
epoch : 37
batch : 25/39
train accuracy : 0.71875
train pred 0/1 : 8/24 label 0/1 : 11/21
train batch 26: predictions shape=(32, 2), labels shape=(32,)
epoch : 37
batch : 26/39
train accuracy : 0.59375
train pred 0/1 : 6/26 label 0/1 : 15/17
train batch 27: predictions shape=(32, 2), labels shape=(32,)
epoch : 37
batch : 27/39
train accuracy : 0.625
train pred 0/1 : 8/24 label 0/1 : 14/18
train batch 28: predictions shape=(32, 2), labels shape=(32,)
epoch : 37
batch : 28/39
train accuracy : 0.625
train pred 0/1 : 12/20 label 0/1 : 12/20
train batch 29: predictions shape=(32, 2), labels shape=(32,)
epoch : 37
batch : 29/39
train accuracy : 0.59375
train pred 0/1 : 15/17 label 0/1 : 14/18
train batch 30: predictions shape=(32, 2), labels shape=(32,)
epoch : 37
batch : 30/39
train accuracy : 0.6875
train pred 0/1 : 15/17 label 0/1 : 19/13
train batch 31: predictions shape=(32, 2), labels shape=(32,)
epoch : 37
batch : 31/39
train accuracy : 0.53125
train pred 0/1 : 16/16 label 0/1 : 13/19
train batch 32: predictions shape=(32, 2), labels shape=(32,)
epoch : 37
batch : 32/39
train accuracy : 0.6875
train pred 0/1 : 17/15 label 0/1 : 11/21
train batch 33: predictions shape=(32, 2), labels shape=(32,)
epoch : 37
batch : 33/39
train accuracy : 0.6875
train pred 0/1 : 16/16 label 0/1 : 16/16
train batch 34: predictions shape=(32, 2), labels shape=(32,)
epoch : 37
batch : 34/39
train accuracy : 0.75
train pred 0/1 : 22/10 label 0/1 : 14/18
train batch 35: predictions shape=(32, 2), labels shape=(32,)
epoch : 37
batch : 35/39
train accuracy : 0.71875
train pred 0/1 : 9/23 label 0/1 : 10/22
train batch 36: predictions shape=(32, 2), labels shape=(32,)
epoch : 37
batch : 36/39
train accuracy : 0.53125
train pred 0/1 : 18/14 label 0/1 : 15/17
train batch 37: predictions shape=(32, 2), labels shape=(32,)
epoch : 37
batch : 37/39
train accuracy : 0.71875
train pred 0/1 : 12/20 label 0/1 : 15/17
train batch 38: predictions shape=(32, 2), labels shape=(32,)
epoch : 37
batch : 38/39
train accuracy : 0.6875
train pred 0/1 : 12/20 label 0/1 : 18/14
train batch 39: predictions shape=(8, 2), labels shape=(8,)
epoch : 37
batch : 39/39
train accuracy : 0.625
train pred 0/1 : 5/3 label 0/1 : 6/2
VALIDATION
valid batch 1: predictions shape=(32, 2), labels shape=(32,)
valid batch : 1/2
valid accuracy : 0.15625
valid pred 0/1 : 24/8 label 0/1 : 5/27
valid batch 2: predictions shape=(23, 2), labels shape=(23,)
valid batch : 2/2
valid accuracy : 0.17391304671764374
valid pred 0/1 : 15/8 label 0/1 : 8/15
valid epoch balanced_accuracy: 0.186813
EPOCH 38:
train batch 1: predictions shape=(32, 2), labels shape=(32,)
epoch : 38
batch : 1/39
train accuracy : 0.6875
train pred 0/1 : 6/26 label 0/1 : 10/22
train batch 2: predictions shape=(32, 2), labels shape=(32,)
epoch : 38
batch : 2/39
train accuracy : 0.65625
train pred 0/1 : 5/27 label 0/1 : 14/18
train batch 3: predictions shape=(32, 2), labels shape=(32,)
epoch : 38
batch : 3/39
train accuracy : 0.59375
train pred 0/1 : 9/23 label 0/1 : 16/16
train batch 4: predictions shape=(32, 2), labels shape=(32,)
epoch : 38
batch : 4/39
train accuracy : 0.6875
train pred 0/1 : 6/26 label 0/1 : 10/22
train batch 5: predictions shape=(32, 2), labels shape=(32,)
epoch : 38
batch : 5/39
train accuracy : 0.6875
train pred 0/1 : 10/22 label 0/1 : 16/16
train batch 6: predictions shape=(32, 2), labels shape=(32,)
epoch : 38
batch : 6/39
train accuracy : 0.625
train pred 0/1 : 11/21 label 0/1 : 15/17
train batch 7: predictions shape=(32, 2), labels shape=(32,)
epoch : 38
batch : 7/39
train accuracy : 0.71875
train pred 0/1 : 12/20 label 0/1 : 13/19
train batch 8: predictions shape=(32, 2), labels shape=(32,)
epoch : 38
batch : 8/39
train accuracy : 0.65625
train pred 0/1 : 21/11 label 0/1 : 16/16
train batch 9: predictions shape=(32, 2), labels shape=(32,)
epoch : 38
batch : 9/39
train accuracy : 0.65625
train pred 0/1 : 21/11 label 0/1 : 18/14
train batch 10: predictions shape=(32, 2), labels shape=(32,)
epoch : 38
batch : 10/39
train accuracy : 0.6875
train pred 0/1 : 20/12 label 0/1 : 16/16
train batch 11: predictions shape=(32, 2), labels shape=(32,)
epoch : 38
batch : 11/39
train accuracy : 0.71875
train pred 0/1 : 19/13 label 0/1 : 12/20
train batch 12: predictions shape=(32, 2), labels shape=(32,)
epoch : 38
batch : 12/39
train accuracy : 0.71875
train pred 0/1 : 20/12 label 0/1 : 15/17
train batch 13: predictions shape=(32, 2), labels shape=(32,)
epoch : 38
batch : 13/39
train accuracy : 0.65625
train pred 0/1 : 22/10 label 0/1 : 15/17
train batch 14: predictions shape=(32, 2), labels shape=(32,)
epoch : 38
batch : 14/39
train accuracy : 0.71875
train pred 0/1 : 14/18 label 0/1 : 13/19
train batch 15: predictions shape=(32, 2), labels shape=(32,)
epoch : 38
batch : 15/39
train accuracy : 0.65625
train pred 0/1 : 15/17 label 0/1 : 14/18
train batch 16: predictions shape=(32, 2), labels shape=(32,)
epoch : 38
batch : 16/39
train accuracy : 0.59375
train pred 0/1 : 12/20 label 0/1 : 11/21
train batch 17: predictions shape=(32, 2), labels shape=(32,)
epoch : 38
batch : 17/39
train accuracy : 0.875
train pred 0/1 : 12/20 label 0/1 : 12/20
train batch 18: predictions shape=(32, 2), labels shape=(32,)
epoch : 38
batch : 18/39
train accuracy : 0.65625
train pred 0/1 : 15/17 label 0/1 : 18/14
train batch 19: predictions shape=(32, 2), labels shape=(32,)
epoch : 38
batch : 19/39
train accuracy : 0.65625
train pred 0/1 : 11/21 label 0/1 : 10/22
train batch 20: predictions shape=(32, 2), labels shape=(32,)
epoch : 38
batch : 20/39
train accuracy : 0.5625
train pred 0/1 : 6/26 label 0/1 : 10/22
train batch 21: predictions shape=(32, 2), labels shape=(32,)
epoch : 38
batch : 21/39
train accuracy : 0.75
train pred 0/1 : 7/25 label 0/1 : 13/19
train batch 22: predictions shape=(32, 2), labels shape=(32,)
epoch : 38
batch : 22/39
train accuracy : 0.65625
train pred 0/1 : 8/24 label 0/1 : 13/19
train batch 23: predictions shape=(32, 2), labels shape=(32,)
epoch : 38
batch : 23/39
train accuracy : 0.6875
train pred 0/1 : 7/25 label 0/1 : 13/19
train batch 24: predictions shape=(32, 2), labels shape=(32,)
epoch : 38
batch : 24/39
train accuracy : 0.75
train pred 0/1 : 6/26 label 0/1 : 14/18
train batch 25: predictions shape=(32, 2), labels shape=(32,)
epoch : 38
batch : 25/39
train accuracy : 0.8125
train pred 0/1 : 12/20 label 0/1 : 12/20
train batch 26: predictions shape=(32, 2), labels shape=(32,)
epoch : 38
batch : 26/39
train accuracy : 0.6875
train pred 0/1 : 7/25 label 0/1 : 13/19
train batch 27: predictions shape=(32, 2), labels shape=(32,)
epoch : 38
batch : 27/39
train accuracy : 0.53125
train pred 0/1 : 9/23 label 0/1 : 14/18
train batch 28: predictions shape=(32, 2), labels shape=(32,)
epoch : 38
batch : 28/39
train accuracy : 0.59375
train pred 0/1 : 14/18 label 0/1 : 15/17
train batch 29: predictions shape=(32, 2), labels shape=(32,)
epoch : 38
batch : 29/39
train accuracy : 0.78125
train pred 0/1 : 15/17 label 0/1 : 18/14
train batch 30: predictions shape=(32, 2), labels shape=(32,)
epoch : 38
batch : 30/39
train accuracy : 0.65625
train pred 0/1 : 12/20 label 0/1 : 15/17
train batch 31: predictions shape=(32, 2), labels shape=(32,)
epoch : 38
batch : 31/39
train accuracy : 0.625
train pred 0/1 : 15/17 label 0/1 : 23/9
train batch 32: predictions shape=(32, 2), labels shape=(32,)
epoch : 38
batch : 32/39
train accuracy : 0.59375
train pred 0/1 : 15/17 label 0/1 : 12/20
train batch 33: predictions shape=(32, 2), labels shape=(32,)
epoch : 38
batch : 33/39
train accuracy : 0.71875
train pred 0/1 : 23/9 label 0/1 : 22/10
train batch 34: predictions shape=(32, 2), labels shape=(32,)
epoch : 38
batch : 34/39
train accuracy : 0.5625
train pred 0/1 : 29/3 label 0/1 : 19/13
train batch 35: predictions shape=(32, 2), labels shape=(32,)
epoch : 38
batch : 35/39
train accuracy : 0.53125
train pred 0/1 : 24/8 label 0/1 : 11/21
train batch 36: predictions shape=(32, 2), labels shape=(32,)
epoch : 38
batch : 36/39
train accuracy : 0.46875
train pred 0/1 : 32/0 label 0/1 : 15/17
train batch 37: predictions shape=(32, 2), labels shape=(32,)
epoch : 38
batch : 37/39
train accuracy : 0.53125
train pred 0/1 : 32/0 label 0/1 : 17/15
train batch 38: predictions shape=(32, 2), labels shape=(32,)
epoch : 38
batch : 38/39
train accuracy : 0.46875
train pred 0/1 : 31/1 label 0/1 : 14/18
train batch 39: predictions shape=(8, 2), labels shape=(8,)
epoch : 38
batch : 39/39
train accuracy : 0.375
train pred 0/1 : 7/1 label 0/1 : 2/6
VALIDATION
valid batch 1: predictions shape=(32, 2), labels shape=(32,)
valid batch : 1/2
valid accuracy : 0.25
valid pred 0/1 : 30/2 label 0/1 : 6/26
valid batch 2: predictions shape=(23, 2), labels shape=(23,)
valid batch : 2/2
valid accuracy : 0.30434784293174744
valid pred 0/1 : 23/0 label 0/1 : 7/16
valid epoch balanced_accuracy: 0.523810
EPOCH 39:
train batch 1: predictions shape=(32, 2), labels shape=(32,)
epoch : 39
batch : 1/39
train accuracy : 0.5625
train pred 0/1 : 29/3 label 0/1 : 17/15
train batch 2: predictions shape=(32, 2), labels shape=(32,)
epoch : 39
batch : 2/39
train accuracy : 0.5625
train pred 0/1 : 28/4 label 0/1 : 14/18
train batch 3: predictions shape=(32, 2), labels shape=(32,)
epoch : 39
batch : 3/39
train accuracy : 0.40625
train pred 0/1 : 30/2 label 0/1 : 13/19
train batch 4: predictions shape=(32, 2), labels shape=(32,)
epoch : 39
batch : 4/39
train accuracy : 0.46875
train pred 0/1 : 27/5 label 0/1 : 12/20
train batch 5: predictions shape=(32, 2), labels shape=(32,)
epoch : 39
batch : 5/39
train accuracy : 0.5
train pred 0/1 : 27/5 label 0/1 : 11/21
train batch 6: predictions shape=(32, 2), labels shape=(32,)
epoch : 39
batch : 6/39
train accuracy : 0.53125
train pred 0/1 : 28/4 label 0/1 : 13/19
train batch 7: predictions shape=(32, 2), labels shape=(32,)
epoch : 39
batch : 7/39
train accuracy : 0.46875
train pred 0/1 : 23/9 label 0/1 : 12/20
train batch 8: predictions shape=(32, 2), labels shape=(32,)
epoch : 39
batch : 8/39
train accuracy : 0.53125
train pred 0/1 : 9/23 label 0/1 : 14/18
train batch 9: predictions shape=(32, 2), labels shape=(32,)
epoch : 39
batch : 9/39
train accuracy : 0.71875
train pred 0/1 : 5/27 label 0/1 : 14/18
train batch 10: predictions shape=(32, 2), labels shape=(32,)
epoch : 39
batch : 10/39
train accuracy : 0.75
train pred 0/1 : 4/28 label 0/1 : 12/20
train batch 11: predictions shape=(32, 2), labels shape=(32,)
epoch : 39
batch : 11/39
train accuracy : 0.6875
train pred 0/1 : 4/28 label 0/1 : 14/18
train batch 12: predictions shape=(32, 2), labels shape=(32,)
epoch : 39
batch : 12/39
train accuracy : 0.65625
train pred 0/1 : 4/28 label 0/1 : 15/17
train batch 13: predictions shape=(32, 2), labels shape=(32,)
epoch : 39
batch : 13/39
train accuracy : 0.71875
train pred 0/1 : 4/28 label 0/1 : 13/19
train batch 14: predictions shape=(32, 2), labels shape=(32,)
epoch : 39
batch : 14/39
train accuracy : 0.6875
train pred 0/1 : 5/27 label 0/1 : 15/17
train batch 15: predictions shape=(32, 2), labels shape=(32,)
epoch : 39
batch : 15/39
train accuracy : 0.65625
train pred 0/1 : 6/26 label 0/1 : 17/15
train batch 16: predictions shape=(32, 2), labels shape=(32,)
epoch : 39
batch : 16/39
train accuracy : 0.65625
train pred 0/1 : 3/29 label 0/1 : 14/18
train batch 17: predictions shape=(32, 2), labels shape=(32,)
epoch : 39
batch : 17/39
train accuracy : 0.75
train pred 0/1 : 3/29 label 0/1 : 11/21
train batch 18: predictions shape=(32, 2), labels shape=(32,)
epoch : 39
batch : 18/39
train accuracy : 0.65625
train pred 0/1 : 1/31 label 0/1 : 12/20
train batch 19: predictions shape=(32, 2), labels shape=(32,)
epoch : 39
batch : 19/39
train accuracy : 0.625
train pred 0/1 : 3/29 label 0/1 : 15/17
train batch 20: predictions shape=(32, 2), labels shape=(32,)
epoch : 39
batch : 20/39
train accuracy : 0.59375
train pred 0/1 : 0/32 label 0/1 : 13/19
train batch 21: predictions shape=(32, 2), labels shape=(32,)
epoch : 39
batch : 21/39
train accuracy : 0.71875
train pred 0/1 : 3/29 label 0/1 : 12/20
train batch 22: predictions shape=(32, 2), labels shape=(32,)
epoch : 39
batch : 22/39
train accuracy : 0.5
train pred 0/1 : 2/30 label 0/1 : 18/14
train batch 23: predictions shape=(32, 2), labels shape=(32,)
epoch : 39
batch : 23/39
train accuracy : 0.6875
train pred 0/1 : 2/30 label 0/1 : 12/20
train batch 24: predictions shape=(32, 2), labels shape=(32,)
epoch : 39
batch : 24/39
train accuracy : 0.59375
train pred 0/1 : 3/29 label 0/1 : 16/16
train batch 25: predictions shape=(32, 2), labels shape=(32,)
epoch : 39
batch : 25/39
train accuracy : 0.625
train pred 0/1 : 3/29 label 0/1 : 15/17
train batch 26: predictions shape=(32, 2), labels shape=(32,)
epoch : 39
batch : 26/39
train accuracy : 0.5625
train pred 0/1 : 2/30 label 0/1 : 16/16
train batch 27: predictions shape=(32, 2), labels shape=(32,)
epoch : 39
batch : 27/39
train accuracy : 0.46875
train pred 0/1 : 1/31 label 0/1 : 18/14
train batch 28: predictions shape=(32, 2), labels shape=(32,)
epoch : 39
batch : 28/39
train accuracy : 0.65625
train pred 0/1 : 7/25 label 0/1 : 18/14
train batch 29: predictions shape=(32, 2), labels shape=(32,)
epoch : 39
batch : 29/39
train accuracy : 0.59375
train pred 0/1 : 3/29 label 0/1 : 12/20
train batch 30: predictions shape=(32, 2), labels shape=(32,)
epoch : 39
batch : 30/39
train accuracy : 0.625
train pred 0/1 : 5/27 label 0/1 : 15/17
train batch 31: predictions shape=(32, 2), labels shape=(32,)
epoch : 39
batch : 31/39
train accuracy : 0.625
train pred 0/1 : 11/21 label 0/1 : 21/11
train batch 32: predictions shape=(32, 2), labels shape=(32,)
epoch : 39
batch : 32/39
train accuracy : 0.5625
train pred 0/1 : 8/24 label 0/1 : 20/12
train batch 33: predictions shape=(32, 2), labels shape=(32,)
epoch : 39
batch : 33/39
train accuracy : 0.71875
train pred 0/1 : 4/28 label 0/1 : 13/19
train batch 34: predictions shape=(32, 2), labels shape=(32,)
epoch : 39
batch : 34/39
train accuracy : 0.59375
train pred 0/1 : 3/29 label 0/1 : 16/16
train batch 35: predictions shape=(32, 2), labels shape=(32,)
epoch : 39
batch : 35/39
train accuracy : 0.71875
train pred 0/1 : 7/25 label 0/1 : 14/18
train batch 36: predictions shape=(32, 2), labels shape=(32,)
epoch : 39
batch : 36/39
train accuracy : 0.625
train pred 0/1 : 5/27 label 0/1 : 15/17
train batch 37: predictions shape=(32, 2), labels shape=(32,)
epoch : 39
batch : 37/39
train accuracy : 0.6875
train pred 0/1 : 2/30 label 0/1 : 12/20
train batch 38: predictions shape=(32, 2), labels shape=(32,)
epoch : 39
batch : 38/39
train accuracy : 0.75
train pred 0/1 : 3/29 label 0/1 : 11/21
train batch 39: predictions shape=(8, 2), labels shape=(8,)
epoch : 39
batch : 39/39
train accuracy : 0.5
train pred 0/1 : 0/8 label 0/1 : 4/4
VALIDATION
valid batch 1: predictions shape=(32, 2), labels shape=(32,)
valid batch : 1/2
valid accuracy : 0.15625
valid pred 0/1 : 21/11 label 0/1 : 6/26
valid batch 2: predictions shape=(23, 2), labels shape=(23,)
valid batch : 2/2
valid accuracy : 0.043478261679410934
valid pred 0/1 : 17/6 label 0/1 : 7/16
valid epoch balanced_accuracy: 0.097985
EPOCH 40:
train batch 1: predictions shape=(32, 2), labels shape=(32,)
epoch : 40
batch : 1/39
train accuracy : 0.625
train pred 0/1 : 5/27 label 0/1 : 15/17
train batch 2: predictions shape=(32, 2), labels shape=(32,)
epoch : 40
batch : 2/39
train accuracy : 0.53125
train pred 0/1 : 6/26 label 0/1 : 13/19
train batch 3: predictions shape=(32, 2), labels shape=(32,)
epoch : 40
batch : 3/39
train accuracy : 0.75
train pred 0/1 : 7/25 label 0/1 : 13/19
train batch 4: predictions shape=(32, 2), labels shape=(32,)
epoch : 40
batch : 4/39
train accuracy : 0.625
train pred 0/1 : 4/28 label 0/1 : 14/18
train batch 5: predictions shape=(32, 2), labels shape=(32,)
epoch : 40
batch : 5/39
train accuracy : 0.71875
train pred 0/1 : 11/21 label 0/1 : 16/16
train batch 6: predictions shape=(32, 2), labels shape=(32,)
epoch : 40
batch : 6/39
train accuracy : 0.78125
train pred 0/1 : 6/26 label 0/1 : 11/21
train batch 7: predictions shape=(32, 2), labels shape=(32,)
epoch : 40
batch : 7/39
train accuracy : 0.6875
train pred 0/1 : 5/27 label 0/1 : 11/21
train batch 8: predictions shape=(32, 2), labels shape=(32,)
epoch : 40
batch : 8/39
train accuracy : 0.71875
train pred 0/1 : 7/25 label 0/1 : 14/18
train batch 9: predictions shape=(32, 2), labels shape=(32,)
epoch : 40
batch : 9/39
train accuracy : 0.6875
train pred 0/1 : 7/25 label 0/1 : 15/17
train batch 10: predictions shape=(32, 2), labels shape=(32,)
epoch : 40
batch : 10/39
train accuracy : 0.59375
train pred 0/1 : 8/24 label 0/1 : 19/13
train batch 11: predictions shape=(32, 2), labels shape=(32,)
epoch : 40
batch : 11/39
train accuracy : 0.65625
train pred 0/1 : 8/24 label 0/1 : 17/15
train batch 12: predictions shape=(32, 2), labels shape=(32,)
epoch : 40
batch : 12/39
train accuracy : 0.6875
train pred 0/1 : 11/21 label 0/1 : 17/15
train batch 13: predictions shape=(32, 2), labels shape=(32,)
epoch : 40
batch : 13/39
train accuracy : 0.75
train pred 0/1 : 9/23 label 0/1 : 17/15
train batch 14: predictions shape=(32, 2), labels shape=(32,)
epoch : 40
batch : 14/39
train accuracy : 0.5625
train pred 0/1 : 13/19 label 0/1 : 19/13
train batch 15: predictions shape=(32, 2), labels shape=(32,)
epoch : 40
batch : 15/39
train accuracy : 0.78125
train pred 0/1 : 14/18 label 0/1 : 15/17
train batch 16: predictions shape=(32, 2), labels shape=(32,)
epoch : 40
batch : 16/39
train accuracy : 0.59375
train pred 0/1 : 12/20 label 0/1 : 15/17
train batch 17: predictions shape=(32, 2), labels shape=(32,)
epoch : 40
batch : 17/39
train accuracy : 0.78125
train pred 0/1 : 7/25 label 0/1 : 10/22
train batch 18: predictions shape=(32, 2), labels shape=(32,)
epoch : 40
batch : 18/39
train accuracy : 0.625
train pred 0/1 : 8/24 label 0/1 : 10/22
train batch 19: predictions shape=(32, 2), labels shape=(32,)
epoch : 40
batch : 19/39
train accuracy : 0.8125
train pred 0/1 : 11/21 label 0/1 : 13/19
train batch 20: predictions shape=(32, 2), labels shape=(32,)
epoch : 40
batch : 20/39
train accuracy : 0.875
train pred 0/1 : 13/19 label 0/1 : 13/19
train batch 21: predictions shape=(32, 2), labels shape=(32,)
epoch : 40
batch : 21/39
train accuracy : 0.625
train pred 0/1 : 13/19 label 0/1 : 11/21
train batch 22: predictions shape=(32, 2), labels shape=(32,)
epoch : 40
batch : 22/39
train accuracy : 0.59375
train pred 0/1 : 16/16 label 0/1 : 17/15
train batch 23: predictions shape=(32, 2), labels shape=(32,)
epoch : 40
batch : 23/39
train accuracy : 0.71875
train pred 0/1 : 4/28 label 0/1 : 11/21
train batch 24: predictions shape=(32, 2), labels shape=(32,)
epoch : 40
batch : 24/39
train accuracy : 0.6875
train pred 0/1 : 9/23 label 0/1 : 13/19
train batch 25: predictions shape=(32, 2), labels shape=(32,)
epoch : 40
batch : 25/39
train accuracy : 0.875
train pred 0/1 : 10/22 label 0/1 : 14/18
train batch 26: predictions shape=(32, 2), labels shape=(32,)
epoch : 40
batch : 26/39
train accuracy : 0.65625
train pred 0/1 : 9/23 label 0/1 : 16/16
train batch 27: predictions shape=(32, 2), labels shape=(32,)
epoch : 40
batch : 27/39
train accuracy : 0.59375
train pred 0/1 : 9/23 label 0/1 : 20/12
train batch 28: predictions shape=(32, 2), labels shape=(32,)
epoch : 40
batch : 28/39
train accuracy : 0.59375
train pred 0/1 : 8/24 label 0/1 : 15/17
train batch 29: predictions shape=(32, 2), labels shape=(32,)
epoch : 40
batch : 29/39
train accuracy : 0.71875
train pred 0/1 : 5/27 label 0/1 : 10/22
train batch 30: predictions shape=(32, 2), labels shape=(32,)
epoch : 40
batch : 30/39
train accuracy : 0.6875
train pred 0/1 : 12/20 label 0/1 : 16/16
train batch 31: predictions shape=(32, 2), labels shape=(32,)
epoch : 40
batch : 31/39
train accuracy : 0.5625
train pred 0/1 : 12/20 label 0/1 : 14/18
train batch 32: predictions shape=(32, 2), labels shape=(32,)
epoch : 40
batch : 32/39
train accuracy : 0.65625
train pred 0/1 : 15/17 label 0/1 : 14/18
train batch 33: predictions shape=(32, 2), labels shape=(32,)
epoch : 40
batch : 33/39
train accuracy : 0.71875
train pred 0/1 : 19/13 label 0/1 : 18/14
train batch 34: predictions shape=(32, 2), labels shape=(32,)
epoch : 40
batch : 34/39
train accuracy : 0.625
train pred 0/1 : 17/15 label 0/1 : 13/19
train batch 35: predictions shape=(32, 2), labels shape=(32,)
epoch : 40
batch : 35/39
train accuracy : 0.65625
train pred 0/1 : 18/14 label 0/1 : 11/21
train batch 36: predictions shape=(32, 2), labels shape=(32,)
epoch : 40
batch : 36/39
train accuracy : 0.59375
train pred 0/1 : 19/13 label 0/1 : 14/18
train batch 37: predictions shape=(32, 2), labels shape=(32,)
epoch : 40
batch : 37/39
train accuracy : 0.78125
train pred 0/1 : 22/10 label 0/1 : 15/17
train batch 38: predictions shape=(32, 2), labels shape=(32,)
epoch : 40
batch : 38/39
train accuracy : 0.6875
train pred 0/1 : 16/16 label 0/1 : 16/16
train batch 39: predictions shape=(8, 2), labels shape=(8,)
epoch : 40
batch : 39/39
train accuracy : 0.875
train pred 0/1 : 3/5 label 0/1 : 4/4
VALIDATION
valid batch 1: predictions shape=(32, 2), labels shape=(32,)
valid batch : 1/2
valid accuracy : 0.25
valid pred 0/1 : 28/4 label 0/1 : 6/26
valid batch 2: predictions shape=(23, 2), labels shape=(23,)
valid batch : 2/2
valid accuracy : 0.30434784293174744
valid pred 0/1 : 21/2 label 0/1 : 7/16
valid epoch balanced_accuracy: 0.470696
EPOCH 41:
train batch 1: predictions shape=(32, 2), labels shape=(32,)
epoch : 41
batch : 1/39
train accuracy : 0.53125
train pred 0/1 : 17/15 label 0/1 : 8/24
train batch 2: predictions shape=(32, 2), labels shape=(32,)
epoch : 41
batch : 2/39
train accuracy : 0.78125
train pred 0/1 : 22/10 label 0/1 : 17/15
train batch 3: predictions shape=(32, 2), labels shape=(32,)
epoch : 41
batch : 3/39
train accuracy : 0.71875
train pred 0/1 : 18/14 label 0/1 : 15/17
train batch 4: predictions shape=(32, 2), labels shape=(32,)
epoch : 41
batch : 4/39
train accuracy : 0.59375
train pred 0/1 : 16/16 label 0/1 : 15/17
train batch 5: predictions shape=(32, 2), labels shape=(32,)
epoch : 41
batch : 5/39
train accuracy : 0.625
train pred 0/1 : 20/12 label 0/1 : 20/12
train batch 6: predictions shape=(32, 2), labels shape=(32,)
epoch : 41
batch : 6/39
train accuracy : 0.75
train pred 0/1 : 19/13 label 0/1 : 23/9
train batch 7: predictions shape=(32, 2), labels shape=(32,)
epoch : 41
batch : 7/39
train accuracy : 0.5
train pred 0/1 : 23/9 label 0/1 : 15/17
train batch 8: predictions shape=(32, 2), labels shape=(32,)
epoch : 41
batch : 8/39
train accuracy : 0.625
train pred 0/1 : 24/8 label 0/1 : 14/18
train batch 9: predictions shape=(32, 2), labels shape=(32,)
epoch : 41
batch : 9/39
train accuracy : 0.5
train pred 0/1 : 30/2 label 0/1 : 14/18
train batch 10: predictions shape=(32, 2), labels shape=(32,)
epoch : 41
batch : 10/39
train accuracy : 0.65625
train pred 0/1 : 27/5 label 0/1 : 16/16
train batch 11: predictions shape=(32, 2), labels shape=(32,)
epoch : 41
batch : 11/39
train accuracy : 0.625
train pred 0/1 : 25/7 label 0/1 : 15/17
train batch 12: predictions shape=(32, 2), labels shape=(32,)
epoch : 41
batch : 12/39
train accuracy : 0.5625
train pred 0/1 : 24/8 label 0/1 : 10/22
train batch 13: predictions shape=(32, 2), labels shape=(32,)
epoch : 41
batch : 13/39
train accuracy : 0.625
train pred 0/1 : 21/11 label 0/1 : 15/17
train batch 14: predictions shape=(32, 2), labels shape=(32,)
epoch : 41
batch : 14/39
train accuracy : 0.65625
train pred 0/1 : 15/17 label 0/1 : 14/18
train batch 15: predictions shape=(32, 2), labels shape=(32,)
epoch : 41
batch : 15/39
train accuracy : 0.78125
train pred 0/1 : 17/15 label 0/1 : 14/18
train batch 16: predictions shape=(32, 2), labels shape=(32,)
epoch : 41
batch : 16/39
train accuracy : 0.625
train pred 0/1 : 12/20 label 0/1 : 14/18
train batch 17: predictions shape=(32, 2), labels shape=(32,)
epoch : 41
batch : 17/39
train accuracy : 0.71875
train pred 0/1 : 7/25 label 0/1 : 14/18
train batch 18: predictions shape=(32, 2), labels shape=(32,)
epoch : 41
batch : 18/39
train accuracy : 0.78125
train pred 0/1 : 12/20 label 0/1 : 17/15
train batch 19: predictions shape=(32, 2), labels shape=(32,)
epoch : 41
batch : 19/39
train accuracy : 0.8125
train pred 0/1 : 7/25 label 0/1 : 9/23
train batch 20: predictions shape=(32, 2), labels shape=(32,)
epoch : 41
batch : 20/39
train accuracy : 0.59375
train pred 0/1 : 6/26 label 0/1 : 19/13
train batch 21: predictions shape=(32, 2), labels shape=(32,)
epoch : 41
batch : 21/39
train accuracy : 0.6875
train pred 0/1 : 6/26 label 0/1 : 12/20
train batch 22: predictions shape=(32, 2), labels shape=(32,)
epoch : 41
batch : 22/39
train accuracy : 0.625
train pred 0/1 : 3/29 label 0/1 : 11/21
train batch 23: predictions shape=(32, 2), labels shape=(32,)
epoch : 41
batch : 23/39
train accuracy : 0.625
train pred 0/1 : 3/29 label 0/1 : 13/19
train batch 24: predictions shape=(32, 2), labels shape=(32,)
epoch : 41
batch : 24/39
train accuracy : 0.8125
train pred 0/1 : 8/24 label 0/1 : 14/18
train batch 25: predictions shape=(32, 2), labels shape=(32,)
epoch : 41
batch : 25/39
train accuracy : 0.6875
train pred 0/1 : 8/24 label 0/1 : 16/16
train batch 26: predictions shape=(32, 2), labels shape=(32,)
epoch : 41
batch : 26/39
train accuracy : 0.71875
train pred 0/1 : 6/26 label 0/1 : 11/21
train batch 27: predictions shape=(32, 2), labels shape=(32,)
epoch : 41
batch : 27/39
train accuracy : 0.71875
train pred 0/1 : 9/23 label 0/1 : 18/14
train batch 28: predictions shape=(32, 2), labels shape=(32,)
epoch : 41
batch : 28/39
train accuracy : 0.59375
train pred 0/1 : 5/27 label 0/1 : 14/18
train batch 29: predictions shape=(32, 2), labels shape=(32,)
epoch : 41
batch : 29/39
train accuracy : 0.71875
train pred 0/1 : 7/25 label 0/1 : 14/18
train batch 30: predictions shape=(32, 2), labels shape=(32,)
epoch : 41
batch : 30/39
train accuracy : 0.71875
train pred 0/1 : 9/23 label 0/1 : 12/20
train batch 31: predictions shape=(32, 2), labels shape=(32,)
epoch : 41
batch : 31/39
train accuracy : 0.625
train pred 0/1 : 7/25 label 0/1 : 15/17
train batch 32: predictions shape=(32, 2), labels shape=(32,)
epoch : 41
batch : 32/39
train accuracy : 0.71875
train pred 0/1 : 6/26 label 0/1 : 9/23
train batch 33: predictions shape=(32, 2), labels shape=(32,)
epoch : 41
batch : 33/39
train accuracy : 0.53125
train pred 0/1 : 17/15 label 0/1 : 16/16
train batch 34: predictions shape=(32, 2), labels shape=(32,)
epoch : 41
batch : 34/39
train accuracy : 0.71875
train pred 0/1 : 17/15 label 0/1 : 16/16
train batch 35: predictions shape=(32, 2), labels shape=(32,)
epoch : 41
batch : 35/39
train accuracy : 0.5625
train pred 0/1 : 16/16 label 0/1 : 12/20
train batch 36: predictions shape=(32, 2), labels shape=(32,)
epoch : 41
batch : 36/39
train accuracy : 0.71875
train pred 0/1 : 17/15 label 0/1 : 22/10
train batch 37: predictions shape=(32, 2), labels shape=(32,)
epoch : 41
batch : 37/39
train accuracy : 0.625
train pred 0/1 : 11/21 label 0/1 : 13/19
train batch 38: predictions shape=(32, 2), labels shape=(32,)
epoch : 41
batch : 38/39
train accuracy : 0.65625
train pred 0/1 : 12/20 label 0/1 : 11/21
train batch 39: predictions shape=(8, 2), labels shape=(8,)
epoch : 41
batch : 39/39
train accuracy : 0.625
train pred 0/1 : 5/3 label 0/1 : 2/6
VALIDATION
valid batch 1: predictions shape=(32, 2), labels shape=(32,)
valid batch : 1/2
valid accuracy : 0.21875
valid pred 0/1 : 25/7 label 0/1 : 10/22
valid batch 2: predictions shape=(23, 2), labels shape=(23,)
valid batch : 2/2
valid accuracy : 0.1304347813129425
valid pred 0/1 : 17/6 label 0/1 : 3/20
valid epoch balanced_accuracy: 0.251832
EPOCH 42:
train batch 1: predictions shape=(32, 2), labels shape=(32,)
epoch : 42
batch : 1/39
train accuracy : 0.59375
train pred 0/1 : 14/18 label 0/1 : 17/15
train batch 2: predictions shape=(32, 2), labels shape=(32,)
epoch : 42
batch : 2/39
train accuracy : 0.53125
train pred 0/1 : 14/18 label 0/1 : 15/17
train batch 3: predictions shape=(32, 2), labels shape=(32,)
epoch : 42
batch : 3/39
train accuracy : 0.53125
train pred 0/1 : 14/18 label 0/1 : 17/15
train batch 4: predictions shape=(32, 2), labels shape=(32,)
epoch : 42
batch : 4/39
train accuracy : 0.65625
train pred 0/1 : 16/16 label 0/1 : 11/21
train batch 5: predictions shape=(32, 2), labels shape=(32,)
epoch : 42
batch : 5/39
train accuracy : 0.65625
train pred 0/1 : 16/16 label 0/1 : 21/11
train batch 6: predictions shape=(32, 2), labels shape=(32,)
epoch : 42
batch : 6/39
train accuracy : 0.5625
train pred 0/1 : 15/17 label 0/1 : 13/19
train batch 7: predictions shape=(32, 2), labels shape=(32,)
epoch : 42
batch : 7/39
train accuracy : 0.71875
train pred 0/1 : 19/13 label 0/1 : 14/18
train batch 8: predictions shape=(32, 2), labels shape=(32,)
epoch : 42
batch : 8/39
train accuracy : 0.71875
train pred 0/1 : 23/9 label 0/1 : 20/12
train batch 9: predictions shape=(32, 2), labels shape=(32,)
epoch : 42
batch : 9/39
train accuracy : 0.625
train pred 0/1 : 24/8 label 0/1 : 18/14
train batch 10: predictions shape=(32, 2), labels shape=(32,)
epoch : 42
batch : 10/39
train accuracy : 0.6875
train pred 0/1 : 17/15 label 0/1 : 15/17
train batch 11: predictions shape=(32, 2), labels shape=(32,)
epoch : 42
batch : 11/39
train accuracy : 0.71875
train pred 0/1 : 16/16 label 0/1 : 15/17
train batch 12: predictions shape=(32, 2), labels shape=(32,)
epoch : 42
batch : 12/39
train accuracy : 0.75
train pred 0/1 : 12/20 label 0/1 : 12/20
train batch 13: predictions shape=(32, 2), labels shape=(32,)
epoch : 42
batch : 13/39
train accuracy : 0.75
train pred 0/1 : 17/15 label 0/1 : 15/17
train batch 14: predictions shape=(32, 2), labels shape=(32,)
epoch : 42
batch : 14/39
train accuracy : 0.75
train pred 0/1 : 12/20 label 0/1 : 12/20
train batch 15: predictions shape=(32, 2), labels shape=(32,)
epoch : 42
batch : 15/39
train accuracy : 0.75
train pred 0/1 : 9/23 label 0/1 : 11/21
train batch 16: predictions shape=(32, 2), labels shape=(32,)
epoch : 42
batch : 16/39
train accuracy : 0.71875
train pred 0/1 : 7/25 label 0/1 : 14/18
train batch 17: predictions shape=(32, 2), labels shape=(32,)
epoch : 42
batch : 17/39
train accuracy : 0.78125
train pred 0/1 : 9/23 label 0/1 : 14/18
train batch 18: predictions shape=(32, 2), labels shape=(32,)
epoch : 42
batch : 18/39
train accuracy : 0.6875
train pred 0/1 : 11/21 label 0/1 : 13/19
train batch 19: predictions shape=(32, 2), labels shape=(32,)
epoch : 42
batch : 19/39
train accuracy : 0.65625
train pred 0/1 : 7/25 label 0/1 : 12/20
train batch 20: predictions shape=(32, 2), labels shape=(32,)
epoch : 42
batch : 20/39
train accuracy : 0.6875
train pred 0/1 : 5/27 label 0/1 : 11/21
train batch 21: predictions shape=(32, 2), labels shape=(32,)
epoch : 42
batch : 21/39
train accuracy : 0.75
train pred 0/1 : 10/22 label 0/1 : 14/18
train batch 22: predictions shape=(32, 2), labels shape=(32,)
epoch : 42
batch : 22/39
train accuracy : 0.625
train pred 0/1 : 5/27 label 0/1 : 17/15
train batch 23: predictions shape=(32, 2), labels shape=(32,)
epoch : 42
batch : 23/39
train accuracy : 0.6875
train pred 0/1 : 9/23 label 0/1 : 17/15
train batch 24: predictions shape=(32, 2), labels shape=(32,)
epoch : 42
batch : 24/39
train accuracy : 0.65625
train pred 0/1 : 4/28 label 0/1 : 15/17
train batch 25: predictions shape=(32, 2), labels shape=(32,)
epoch : 42
batch : 25/39
train accuracy : 0.6875
train pred 0/1 : 10/22 label 0/1 : 14/18
train batch 26: predictions shape=(32, 2), labels shape=(32,)
epoch : 42
batch : 26/39
train accuracy : 0.6875
train pred 0/1 : 12/20 label 0/1 : 10/22
train batch 27: predictions shape=(32, 2), labels shape=(32,)
epoch : 42
batch : 27/39
train accuracy : 0.59375
train pred 0/1 : 22/10 label 0/1 : 11/21
train batch 28: predictions shape=(32, 2), labels shape=(32,)
epoch : 42
batch : 28/39
train accuracy : 0.59375
train pred 0/1 : 17/15 label 0/1 : 16/16
train batch 29: predictions shape=(32, 2), labels shape=(32,)
epoch : 42
batch : 29/39
train accuracy : 0.65625
train pred 0/1 : 26/6 label 0/1 : 17/15
train batch 30: predictions shape=(32, 2), labels shape=(32,)
epoch : 42
batch : 30/39
train accuracy : 0.53125
train pred 0/1 : 17/15 label 0/1 : 12/20
train batch 31: predictions shape=(32, 2), labels shape=(32,)
epoch : 42
batch : 31/39
train accuracy : 0.625
train pred 0/1 : 25/7 label 0/1 : 17/15
train batch 32: predictions shape=(32, 2), labels shape=(32,)
epoch : 42
batch : 32/39
train accuracy : 0.65625
train pred 0/1 : 18/14 label 0/1 : 11/21
train batch 33: predictions shape=(32, 2), labels shape=(32,)
epoch : 42
batch : 33/39
train accuracy : 0.71875
train pred 0/1 : 17/15 label 0/1 : 14/18
train batch 34: predictions shape=(32, 2), labels shape=(32,)
epoch : 42
batch : 34/39
train accuracy : 0.75
train pred 0/1 : 20/12 label 0/1 : 14/18
train batch 35: predictions shape=(32, 2), labels shape=(32,)
epoch : 42
batch : 35/39
train accuracy : 0.65625
train pred 0/1 : 11/21 label 0/1 : 14/18
train batch 36: predictions shape=(32, 2), labels shape=(32,)
epoch : 42
batch : 36/39
train accuracy : 0.5625
train pred 0/1 : 16/16 label 0/1 : 14/18
train batch 37: predictions shape=(32, 2), labels shape=(32,)
epoch : 42
batch : 37/39
train accuracy : 0.71875
train pred 0/1 : 16/16 label 0/1 : 15/17
train batch 38: predictions shape=(32, 2), labels shape=(32,)
epoch : 42
batch : 38/39
train accuracy : 0.84375
train pred 0/1 : 13/19 label 0/1 : 14/18
train batch 39: predictions shape=(8, 2), labels shape=(8,)
epoch : 42
batch : 39/39
train accuracy : 0.875
train pred 0/1 : 4/4 label 0/1 : 3/5
VALIDATION
valid batch 1: predictions shape=(32, 2), labels shape=(32,)
valid batch : 1/2
valid accuracy : 0.1875
valid pred 0/1 : 26/6 label 0/1 : 4/28
valid batch 2: predictions shape=(23, 2), labels shape=(23,)
valid batch : 2/2
valid accuracy : 0.17391304671764374
valid pred 0/1 : 16/7 label 0/1 : 9/14
valid epoch balanced_accuracy: 0.251832
EPOCH 43:
train batch 1: predictions shape=(32, 2), labels shape=(32,)
epoch : 43
batch : 1/39
train accuracy : 0.75
train pred 0/1 : 15/17 label 0/1 : 19/13
train batch 2: predictions shape=(32, 2), labels shape=(32,)
epoch : 43
batch : 2/39
train accuracy : 0.71875
train pred 0/1 : 12/20 label 0/1 : 9/23
train batch 3: predictions shape=(32, 2), labels shape=(32,)
epoch : 43
batch : 3/39
train accuracy : 0.84375
train pred 0/1 : 9/23 label 0/1 : 12/20
train batch 4: predictions shape=(32, 2), labels shape=(32,)
epoch : 43
batch : 4/39
train accuracy : 0.84375
train pred 0/1 : 12/20 label 0/1 : 11/21
train batch 5: predictions shape=(32, 2), labels shape=(32,)
epoch : 43
batch : 5/39
train accuracy : 0.625
train pred 0/1 : 10/22 label 0/1 : 20/12
train batch 6: predictions shape=(32, 2), labels shape=(32,)
epoch : 43
batch : 6/39
train accuracy : 0.84375
train pred 0/1 : 9/23 label 0/1 : 12/20
train batch 7: predictions shape=(32, 2), labels shape=(32,)
epoch : 43
batch : 7/39
train accuracy : 0.6875
train pred 0/1 : 14/18 label 0/1 : 14/18
train batch 8: predictions shape=(32, 2), labels shape=(32,)
epoch : 43
batch : 8/39
train accuracy : 0.75
train pred 0/1 : 12/20 label 0/1 : 16/16
train batch 9: predictions shape=(32, 2), labels shape=(32,)
epoch : 43
batch : 9/39
train accuracy : 0.78125
train pred 0/1 : 20/12 label 0/1 : 15/17
train batch 10: predictions shape=(32, 2), labels shape=(32,)
epoch : 43
batch : 10/39
train accuracy : 0.65625
train pred 0/1 : 19/13 label 0/1 : 12/20
train batch 11: predictions shape=(32, 2), labels shape=(32,)
epoch : 43
batch : 11/39
train accuracy : 0.6875
train pred 0/1 : 20/12 label 0/1 : 12/20
train batch 12: predictions shape=(32, 2), labels shape=(32,)
epoch : 43
batch : 12/39
train accuracy : 0.625
train pred 0/1 : 20/12 label 0/1 : 18/14
train batch 13: predictions shape=(32, 2), labels shape=(32,)
epoch : 43
batch : 13/39
train accuracy : 0.625
train pred 0/1 : 19/13 label 0/1 : 13/19
train batch 14: predictions shape=(32, 2), labels shape=(32,)
epoch : 43
batch : 14/39
train accuracy : 0.6875
train pred 0/1 : 11/21 label 0/1 : 9/23
train batch 15: predictions shape=(32, 2), labels shape=(32,)
epoch : 43
batch : 15/39
train accuracy : 0.625
train pred 0/1 : 9/23 label 0/1 : 15/17
train batch 16: predictions shape=(32, 2), labels shape=(32,)
epoch : 43
batch : 16/39
train accuracy : 0.71875
train pred 0/1 : 11/21 label 0/1 : 14/18
train batch 17: predictions shape=(32, 2), labels shape=(32,)
epoch : 43
batch : 17/39
train accuracy : 0.75
train pred 0/1 : 11/21 label 0/1 : 13/19
train batch 18: predictions shape=(32, 2), labels shape=(32,)
epoch : 43
batch : 18/39
train accuracy : 0.78125
train pred 0/1 : 13/19 label 0/1 : 16/16
train batch 19: predictions shape=(32, 2), labels shape=(32,)
epoch : 43
batch : 19/39
train accuracy : 0.75
train pred 0/1 : 9/23 label 0/1 : 11/21
train batch 20: predictions shape=(32, 2), labels shape=(32,)
epoch : 43
batch : 20/39
train accuracy : 0.6875
train pred 0/1 : 6/26 label 0/1 : 12/20
train batch 21: predictions shape=(32, 2), labels shape=(32,)
epoch : 43
batch : 21/39
train accuracy : 0.5625
train pred 0/1 : 10/22 label 0/1 : 18/14
train batch 22: predictions shape=(32, 2), labels shape=(32,)
epoch : 43
batch : 22/39
train accuracy : 0.5625
train pred 0/1 : 7/25 label 0/1 : 15/17
train batch 23: predictions shape=(32, 2), labels shape=(32,)
epoch : 43
batch : 23/39
train accuracy : 0.6875
train pred 0/1 : 8/24 label 0/1 : 12/20
train batch 24: predictions shape=(32, 2), labels shape=(32,)
epoch : 43
batch : 24/39
train accuracy : 0.75
train pred 0/1 : 4/28 label 0/1 : 10/22
train batch 25: predictions shape=(32, 2), labels shape=(32,)
epoch : 43
batch : 25/39
train accuracy : 0.59375
train pred 0/1 : 9/23 label 0/1 : 20/12
train batch 26: predictions shape=(32, 2), labels shape=(32,)
epoch : 43
batch : 26/39
train accuracy : 0.53125
train pred 0/1 : 10/22 label 0/1 : 23/9
train batch 27: predictions shape=(32, 2), labels shape=(32,)
epoch : 43
batch : 27/39
train accuracy : 0.59375
train pred 0/1 : 15/17 label 0/1 : 14/18
train batch 28: predictions shape=(32, 2), labels shape=(32,)
epoch : 43
batch : 28/39
train accuracy : 0.65625
train pred 0/1 : 12/20 label 0/1 : 15/17
train batch 29: predictions shape=(32, 2), labels shape=(32,)
epoch : 43
batch : 29/39
train accuracy : 0.625
train pred 0/1 : 15/17 label 0/1 : 13/19
train batch 30: predictions shape=(32, 2), labels shape=(32,)
epoch : 43
batch : 30/39
train accuracy : 0.59375
train pred 0/1 : 16/16 label 0/1 : 11/21
train batch 31: predictions shape=(32, 2), labels shape=(32,)
epoch : 43
batch : 31/39
train accuracy : 0.78125
train pred 0/1 : 20/12 label 0/1 : 13/19
train batch 32: predictions shape=(32, 2), labels shape=(32,)
epoch : 43
batch : 32/39
train accuracy : 0.75
train pred 0/1 : 22/10 label 0/1 : 14/18
train batch 33: predictions shape=(32, 2), labels shape=(32,)
epoch : 43
batch : 33/39
train accuracy : 0.625
train pred 0/1 : 23/9 label 0/1 : 17/15
train batch 34: predictions shape=(32, 2), labels shape=(32,)
epoch : 43
batch : 34/39
train accuracy : 0.6875
train pred 0/1 : 24/8 label 0/1 : 18/14
train batch 35: predictions shape=(32, 2), labels shape=(32,)
epoch : 43
batch : 35/39
train accuracy : 0.5625
train pred 0/1 : 15/17 label 0/1 : 15/17
train batch 36: predictions shape=(32, 2), labels shape=(32,)
epoch : 43
batch : 36/39
train accuracy : 0.6875
train pred 0/1 : 16/16 label 0/1 : 16/16
train batch 37: predictions shape=(32, 2), labels shape=(32,)
epoch : 43
batch : 37/39
train accuracy : 0.6875
train pred 0/1 : 8/24 label 0/1 : 16/16
train batch 38: predictions shape=(32, 2), labels shape=(32,)
epoch : 43
batch : 38/39
train accuracy : 0.59375
train pred 0/1 : 13/19 label 0/1 : 12/20
train batch 39: predictions shape=(8, 2), labels shape=(8,)
epoch : 43
batch : 39/39
train accuracy : 0.625
train pred 0/1 : 3/5 label 0/1 : 4/4
VALIDATION
valid batch 1: predictions shape=(32, 2), labels shape=(32,)
valid batch : 1/2
valid accuracy : 0.15625
valid pred 0/1 : 23/9 label 0/1 : 8/24
valid batch 2: predictions shape=(23, 2), labels shape=(23,)
valid batch : 2/2
valid accuracy : 0.17391304671764374
valid pred 0/1 : 18/5 label 0/1 : 5/18
valid epoch balanced_accuracy: 0.213370
EPOCH 44:
train batch 1: predictions shape=(32, 2), labels shape=(32,)
epoch : 44
batch : 1/39
train accuracy : 0.8125
train pred 0/1 : 9/23 label 0/1 : 13/19
train batch 2: predictions shape=(32, 2), labels shape=(32,)
epoch : 44
batch : 2/39
train accuracy : 0.8125
train pred 0/1 : 10/22 label 0/1 : 14/18
train batch 3: predictions shape=(32, 2), labels shape=(32,)
epoch : 44
batch : 3/39
train accuracy : 0.78125
train pred 0/1 : 5/27 label 0/1 : 12/20
train batch 4: predictions shape=(32, 2), labels shape=(32,)
epoch : 44
batch : 4/39
train accuracy : 0.75
train pred 0/1 : 7/25 label 0/1 : 11/21
train batch 5: predictions shape=(32, 2), labels shape=(32,)
epoch : 44
batch : 5/39
train accuracy : 0.78125
train pred 0/1 : 6/26 label 0/1 : 11/21
train batch 6: predictions shape=(32, 2), labels shape=(32,)
epoch : 44
batch : 6/39
train accuracy : 0.65625
train pred 0/1 : 8/24 label 0/1 : 17/15
train batch 7: predictions shape=(32, 2), labels shape=(32,)
epoch : 44
batch : 7/39
train accuracy : 0.4375
train pred 0/1 : 7/25 label 0/1 : 19/13
train batch 8: predictions shape=(32, 2), labels shape=(32,)
epoch : 44
batch : 8/39
train accuracy : 0.6875
train pred 0/1 : 11/21 label 0/1 : 11/21
train batch 9: predictions shape=(32, 2), labels shape=(32,)
epoch : 44
batch : 9/39
train accuracy : 0.59375
train pred 0/1 : 8/24 label 0/1 : 19/13
train batch 10: predictions shape=(32, 2), labels shape=(32,)
epoch : 44
batch : 10/39
train accuracy : 0.625
train pred 0/1 : 14/18 label 0/1 : 18/14
train batch 11: predictions shape=(32, 2), labels shape=(32,)
epoch : 44
batch : 11/39
train accuracy : 0.8125
train pred 0/1 : 10/22 label 0/1 : 16/16
train batch 12: predictions shape=(32, 2), labels shape=(32,)
epoch : 44
batch : 12/39
train accuracy : 0.65625
train pred 0/1 : 13/19 label 0/1 : 12/20
train batch 13: predictions shape=(32, 2), labels shape=(32,)
epoch : 44
batch : 13/39
train accuracy : 0.6875
train pred 0/1 : 14/18 label 0/1 : 16/16
train batch 14: predictions shape=(32, 2), labels shape=(32,)
epoch : 44
batch : 14/39
train accuracy : 0.71875
train pred 0/1 : 17/15 label 0/1 : 22/10
train batch 15: predictions shape=(32, 2), labels shape=(32,)
epoch : 44
batch : 15/39
train accuracy : 0.625
train pred 0/1 : 21/11 label 0/1 : 15/17
train batch 16: predictions shape=(32, 2), labels shape=(32,)
epoch : 44
batch : 16/39
train accuracy : 0.625
train pred 0/1 : 16/16 label 0/1 : 12/20
train batch 17: predictions shape=(32, 2), labels shape=(32,)
epoch : 44
batch : 17/39
train accuracy : 0.65625
train pred 0/1 : 14/18 label 0/1 : 13/19
train batch 18: predictions shape=(32, 2), labels shape=(32,)
epoch : 44
batch : 18/39
train accuracy : 0.53125
train pred 0/1 : 17/15 label 0/1 : 14/18
train batch 19: predictions shape=(32, 2), labels shape=(32,)
epoch : 44
batch : 19/39
train accuracy : 0.8125
train pred 0/1 : 20/12 label 0/1 : 18/14
train batch 20: predictions shape=(32, 2), labels shape=(32,)
epoch : 44
batch : 20/39
train accuracy : 0.5625
train pred 0/1 : 17/15 label 0/1 : 13/19
train batch 21: predictions shape=(32, 2), labels shape=(32,)
epoch : 44
batch : 21/39
train accuracy : 0.59375
train pred 0/1 : 21/11 label 0/1 : 18/14
train batch 22: predictions shape=(32, 2), labels shape=(32,)
epoch : 44
batch : 22/39
train accuracy : 0.75
train pred 0/1 : 22/10 label 0/1 : 16/16
train batch 23: predictions shape=(32, 2), labels shape=(32,)
epoch : 44
batch : 23/39
train accuracy : 0.53125
train pred 0/1 : 22/10 label 0/1 : 9/23
train batch 24: predictions shape=(32, 2), labels shape=(32,)
epoch : 44
batch : 24/39
train accuracy : 0.71875
train pred 0/1 : 13/19 label 0/1 : 14/18
train batch 25: predictions shape=(32, 2), labels shape=(32,)
epoch : 44
batch : 25/39
train accuracy : 0.6875
train pred 0/1 : 12/20 label 0/1 : 10/22
train batch 26: predictions shape=(32, 2), labels shape=(32,)
epoch : 44
batch : 26/39
train accuracy : 0.75
train pred 0/1 : 14/18 label 0/1 : 20/12
train batch 27: predictions shape=(32, 2), labels shape=(32,)
epoch : 44
batch : 27/39
train accuracy : 0.5625
train pred 0/1 : 10/22 label 0/1 : 16/16
train batch 28: predictions shape=(32, 2), labels shape=(32,)
epoch : 44
batch : 28/39
train accuracy : 0.71875
train pred 0/1 : 13/19 label 0/1 : 12/20
train batch 29: predictions shape=(32, 2), labels shape=(32,)
epoch : 44
batch : 29/39
train accuracy : 0.75
train pred 0/1 : 10/22 label 0/1 : 16/16
train batch 30: predictions shape=(32, 2), labels shape=(32,)
epoch : 44
batch : 30/39
train accuracy : 0.625
train pred 0/1 : 10/22 label 0/1 : 12/20
train batch 31: predictions shape=(32, 2), labels shape=(32,)
epoch : 44
batch : 31/39
train accuracy : 0.6875
train pred 0/1 : 11/21 label 0/1 : 15/17
train batch 32: predictions shape=(32, 2), labels shape=(32,)
epoch : 44
batch : 32/39
train accuracy : 0.71875
train pred 0/1 : 10/22 label 0/1 : 13/19
train batch 33: predictions shape=(32, 2), labels shape=(32,)
epoch : 44
batch : 33/39
train accuracy : 0.6875
train pred 0/1 : 13/19 label 0/1 : 17/15
train batch 34: predictions shape=(32, 2), labels shape=(32,)
epoch : 44
batch : 34/39
train accuracy : 0.78125
train pred 0/1 : 13/19 label 0/1 : 14/18
train batch 35: predictions shape=(32, 2), labels shape=(32,)
epoch : 44
batch : 35/39
train accuracy : 0.59375
train pred 0/1 : 15/17 label 0/1 : 14/18
train batch 36: predictions shape=(32, 2), labels shape=(32,)
epoch : 44
batch : 36/39
train accuracy : 0.5625
train pred 0/1 : 13/19 label 0/1 : 11/21
train batch 37: predictions shape=(32, 2), labels shape=(32,)
epoch : 44
batch : 37/39
train accuracy : 0.53125
train pred 0/1 : 18/14 label 0/1 : 11/21
train batch 38: predictions shape=(32, 2), labels shape=(32,)
epoch : 44
batch : 38/39
train accuracy : 0.625
train pred 0/1 : 18/14 label 0/1 : 12/20
train batch 39: predictions shape=(8, 2), labels shape=(8,)
epoch : 44
batch : 39/39
train accuracy : 0.75
train pred 0/1 : 3/5 label 0/1 : 3/5
VALIDATION
valid batch 1: predictions shape=(32, 2), labels shape=(32,)
valid batch : 1/2
valid accuracy : 0.28125
valid pred 0/1 : 27/5 label 0/1 : 6/26
valid batch 2: predictions shape=(23, 2), labels shape=(23,)
valid batch : 2/2
valid accuracy : 0.1304347813129425
valid pred 0/1 : 17/6 label 0/1 : 7/16
valid epoch balanced_accuracy: 0.328755
EPOCH 45:
train batch 1: predictions shape=(32, 2), labels shape=(32,)
epoch : 45
batch : 1/39
train accuracy : 0.71875
train pred 0/1 : 11/21 label 0/1 : 14/18
train batch 2: predictions shape=(32, 2), labels shape=(32,)
epoch : 45
batch : 2/39
train accuracy : 0.6875
train pred 0/1 : 15/17 label 0/1 : 19/13
train batch 3: predictions shape=(32, 2), labels shape=(32,)
epoch : 45
batch : 3/39
train accuracy : 0.78125
train pred 0/1 : 16/16 label 0/1 : 13/19
train batch 4: predictions shape=(32, 2), labels shape=(32,)
epoch : 45
batch : 4/39
train accuracy : 0.6875
train pred 0/1 : 10/22 label 0/1 : 18/14
train batch 5: predictions shape=(32, 2), labels shape=(32,)
epoch : 45
batch : 5/39
train accuracy : 0.5625
train pred 0/1 : 11/21 label 0/1 : 17/15
train batch 6: predictions shape=(32, 2), labels shape=(32,)
epoch : 45
batch : 6/39
train accuracy : 0.65625
train pred 0/1 : 11/21 label 0/1 : 18/14
train batch 7: predictions shape=(32, 2), labels shape=(32,)
epoch : 45
batch : 7/39
train accuracy : 0.625
train pred 0/1 : 12/20 label 0/1 : 14/18
train batch 8: predictions shape=(32, 2), labels shape=(32,)
epoch : 45
batch : 8/39
train accuracy : 0.75
train pred 0/1 : 10/22 label 0/1 : 14/18
train batch 9: predictions shape=(32, 2), labels shape=(32,)
epoch : 45
batch : 9/39
train accuracy : 0.75
train pred 0/1 : 8/24 label 0/1 : 8/24
train batch 10: predictions shape=(32, 2), labels shape=(32,)
epoch : 45
batch : 10/39
train accuracy : 0.78125
train pred 0/1 : 10/22 label 0/1 : 9/23
train batch 11: predictions shape=(32, 2), labels shape=(32,)
epoch : 45
batch : 11/39
train accuracy : 0.6875
train pred 0/1 : 6/26 label 0/1 : 14/18
train batch 12: predictions shape=(32, 2), labels shape=(32,)
epoch : 45
batch : 12/39
train accuracy : 0.6875
train pred 0/1 : 11/21 label 0/1 : 13/19
train batch 13: predictions shape=(32, 2), labels shape=(32,)
epoch : 45
batch : 13/39
train accuracy : 0.6875
train pred 0/1 : 8/24 label 0/1 : 16/16
train batch 14: predictions shape=(32, 2), labels shape=(32,)
epoch : 45
batch : 14/39
train accuracy : 0.71875
train pred 0/1 : 7/25 label 0/1 : 10/22
train batch 15: predictions shape=(32, 2), labels shape=(32,)
epoch : 45
batch : 15/39
train accuracy : 0.625
train pred 0/1 : 10/22 label 0/1 : 18/14
train batch 16: predictions shape=(32, 2), labels shape=(32,)
epoch : 45
batch : 16/39
train accuracy : 0.625
train pred 0/1 : 11/21 label 0/1 : 21/11
train batch 17: predictions shape=(32, 2), labels shape=(32,)
epoch : 45
batch : 17/39
train accuracy : 0.625
train pred 0/1 : 9/23 label 0/1 : 11/21
train batch 18: predictions shape=(32, 2), labels shape=(32,)
epoch : 45
batch : 18/39
train accuracy : 0.65625
train pred 0/1 : 11/21 label 0/1 : 10/22
train batch 19: predictions shape=(32, 2), labels shape=(32,)
epoch : 45
batch : 19/39
train accuracy : 0.65625
train pred 0/1 : 18/14 label 0/1 : 13/19
train batch 20: predictions shape=(32, 2), labels shape=(32,)
epoch : 45
batch : 20/39
train accuracy : 0.5625
train pred 0/1 : 13/19 label 0/1 : 13/19
train batch 21: predictions shape=(32, 2), labels shape=(32,)
epoch : 45
batch : 21/39
train accuracy : 0.65625
train pred 0/1 : 18/14 label 0/1 : 11/21
train batch 22: predictions shape=(32, 2), labels shape=(32,)
epoch : 45
batch : 22/39
train accuracy : 0.75
train pred 0/1 : 21/11 label 0/1 : 17/15
train batch 23: predictions shape=(32, 2), labels shape=(32,)
epoch : 45
batch : 23/39
train accuracy : 0.65625
train pred 0/1 : 18/14 label 0/1 : 13/19
train batch 24: predictions shape=(32, 2), labels shape=(32,)
epoch : 45
batch : 24/39
train accuracy : 0.78125
train pred 0/1 : 24/8 label 0/1 : 19/13
train batch 25: predictions shape=(32, 2), labels shape=(32,)
epoch : 45
batch : 25/39
train accuracy : 0.65625
train pred 0/1 : 17/15 label 0/1 : 16/16
train batch 26: predictions shape=(32, 2), labels shape=(32,)
epoch : 45
batch : 26/39
train accuracy : 0.65625
train pred 0/1 : 15/17 label 0/1 : 14/18
train batch 27: predictions shape=(32, 2), labels shape=(32,)
epoch : 45
batch : 27/39
train accuracy : 0.6875
train pred 0/1 : 9/23 label 0/1 : 15/17
train batch 28: predictions shape=(32, 2), labels shape=(32,)
epoch : 45
batch : 28/39
train accuracy : 0.71875
train pred 0/1 : 12/20 label 0/1 : 11/21
train batch 29: predictions shape=(32, 2), labels shape=(32,)
epoch : 45
batch : 29/39
train accuracy : 0.65625
train pred 0/1 : 10/22 label 0/1 : 11/21
train batch 30: predictions shape=(32, 2), labels shape=(32,)
epoch : 45
batch : 30/39
train accuracy : 0.78125
train pred 0/1 : 8/24 label 0/1 : 15/17
train batch 31: predictions shape=(32, 2), labels shape=(32,)
epoch : 45
batch : 31/39
train accuracy : 0.71875
train pred 0/1 : 10/22 label 0/1 : 17/15
train batch 32: predictions shape=(32, 2), labels shape=(32,)
epoch : 45
batch : 32/39
train accuracy : 0.71875
train pred 0/1 : 7/25 label 0/1 : 12/20
train batch 33: predictions shape=(32, 2), labels shape=(32,)
epoch : 45
batch : 33/39
train accuracy : 0.6875
train pred 0/1 : 11/21 label 0/1 : 17/15
train batch 34: predictions shape=(32, 2), labels shape=(32,)
epoch : 45
batch : 34/39
train accuracy : 0.59375
train pred 0/1 : 8/24 label 0/1 : 13/19
train batch 35: predictions shape=(32, 2), labels shape=(32,)
epoch : 45
batch : 35/39
train accuracy : 0.625
train pred 0/1 : 9/23 label 0/1 : 17/15
train batch 36: predictions shape=(32, 2), labels shape=(32,)
epoch : 45
batch : 36/39
train accuracy : 0.5625
train pred 0/1 : 11/21 label 0/1 : 15/17
train batch 37: predictions shape=(32, 2), labels shape=(32,)
epoch : 45
batch : 37/39
train accuracy : 0.6875
train pred 0/1 : 10/22 label 0/1 : 12/20
train batch 38: predictions shape=(32, 2), labels shape=(32,)
epoch : 45
batch : 38/39
train accuracy : 0.65625
train pred 0/1 : 13/19 label 0/1 : 18/14
train batch 39: predictions shape=(8, 2), labels shape=(8,)
epoch : 45
batch : 39/39
train accuracy : 0.75
train pred 0/1 : 1/7 label 0/1 : 3/5
VALIDATION
valid batch 1: predictions shape=(32, 2), labels shape=(32,)
valid batch : 1/2
valid accuracy : 0.25
valid pred 0/1 : 28/4 label 0/1 : 8/24
valid batch 2: predictions shape=(23, 2), labels shape=(23,)
valid batch : 2/2
valid accuracy : 0.1304347813129425
valid pred 0/1 : 17/6 label 0/1 : 5/18
valid epoch balanced_accuracy: 0.316850
EPOCH 46:
train batch 1: predictions shape=(32, 2), labels shape=(32,)
epoch : 46
batch : 1/39
train accuracy : 0.8125
train pred 0/1 : 20/12 label 0/1 : 14/18
train batch 2: predictions shape=(32, 2), labels shape=(32,)
epoch : 46
batch : 2/39
train accuracy : 0.625
train pred 0/1 : 16/16 label 0/1 : 14/18
train batch 3: predictions shape=(32, 2), labels shape=(32,)
epoch : 46
batch : 3/39
train accuracy : 0.625
train pred 0/1 : 19/13 label 0/1 : 19/13
train batch 4: predictions shape=(32, 2), labels shape=(32,)
epoch : 46
batch : 4/39
train accuracy : 0.625
train pred 0/1 : 13/19 label 0/1 : 15/17
train batch 5: predictions shape=(32, 2), labels shape=(32,)
epoch : 46
batch : 5/39
train accuracy : 0.65625
train pred 0/1 : 11/21 label 0/1 : 18/14
train batch 6: predictions shape=(32, 2), labels shape=(32,)
epoch : 46
batch : 6/39
train accuracy : 0.6875
train pred 0/1 : 16/16 label 0/1 : 14/18
train batch 7: predictions shape=(32, 2), labels shape=(32,)
epoch : 46
batch : 7/39
train accuracy : 0.65625
train pred 0/1 : 18/14 label 0/1 : 19/13
train batch 8: predictions shape=(32, 2), labels shape=(32,)
epoch : 46
batch : 8/39
train accuracy : 0.75
train pred 0/1 : 10/22 label 0/1 : 10/22
train batch 9: predictions shape=(32, 2), labels shape=(32,)
epoch : 46
batch : 9/39
train accuracy : 0.75
train pred 0/1 : 8/24 label 0/1 : 12/20
train batch 10: predictions shape=(32, 2), labels shape=(32,)
epoch : 46
batch : 10/39
train accuracy : 0.65625
train pred 0/1 : 16/16 label 0/1 : 13/19
train batch 11: predictions shape=(32, 2), labels shape=(32,)
epoch : 46
batch : 11/39
train accuracy : 0.71875
train pred 0/1 : 13/19 label 0/1 : 20/12
train batch 12: predictions shape=(32, 2), labels shape=(32,)
epoch : 46
batch : 12/39
train accuracy : 0.6875
train pred 0/1 : 13/19 label 0/1 : 13/19
train batch 13: predictions shape=(32, 2), labels shape=(32,)
epoch : 46
batch : 13/39
train accuracy : 0.6875
train pred 0/1 : 10/22 label 0/1 : 14/18
train batch 14: predictions shape=(32, 2), labels shape=(32,)
epoch : 46
batch : 14/39
train accuracy : 0.6875
train pred 0/1 : 13/19 label 0/1 : 11/21
train batch 15: predictions shape=(32, 2), labels shape=(32,)
epoch : 46
batch : 15/39
train accuracy : 0.71875
train pred 0/1 : 18/14 label 0/1 : 15/17
train batch 16: predictions shape=(32, 2), labels shape=(32,)
epoch : 46
batch : 16/39
train accuracy : 0.71875
train pred 0/1 : 8/24 label 0/1 : 13/19
train batch 17: predictions shape=(32, 2), labels shape=(32,)
epoch : 46
batch : 17/39
train accuracy : 0.625
train pred 0/1 : 17/15 label 0/1 : 17/15
train batch 18: predictions shape=(32, 2), labels shape=(32,)
epoch : 46
batch : 18/39
train accuracy : 0.84375
train pred 0/1 : 17/15 label 0/1 : 16/16
train batch 19: predictions shape=(32, 2), labels shape=(32,)
epoch : 46
batch : 19/39
train accuracy : 0.625
train pred 0/1 : 20/12 label 0/1 : 16/16
train batch 20: predictions shape=(32, 2), labels shape=(32,)
epoch : 46
batch : 20/39
train accuracy : 0.59375
train pred 0/1 : 16/16 label 0/1 : 11/21
train batch 21: predictions shape=(32, 2), labels shape=(32,)
epoch : 46
batch : 21/39
train accuracy : 0.6875
train pred 0/1 : 23/9 label 0/1 : 17/15
train batch 22: predictions shape=(32, 2), labels shape=(32,)
epoch : 46
batch : 22/39
train accuracy : 0.5625
train pred 0/1 : 17/15 label 0/1 : 11/21
train batch 23: predictions shape=(32, 2), labels shape=(32,)
epoch : 46
batch : 23/39
train accuracy : 0.65625
train pred 0/1 : 13/19 label 0/1 : 16/16
train batch 24: predictions shape=(32, 2), labels shape=(32,)
epoch : 46
batch : 24/39
train accuracy : 0.71875
train pred 0/1 : 13/19 label 0/1 : 12/20
train batch 25: predictions shape=(32, 2), labels shape=(32,)
epoch : 46
batch : 25/39
train accuracy : 0.59375
train pred 0/1 : 13/19 label 0/1 : 16/16
train batch 26: predictions shape=(32, 2), labels shape=(32,)
epoch : 46
batch : 26/39
train accuracy : 0.65625
train pred 0/1 : 8/24 label 0/1 : 11/21
train batch 27: predictions shape=(32, 2), labels shape=(32,)
epoch : 46
batch : 27/39
train accuracy : 0.78125
train pred 0/1 : 6/26 label 0/1 : 11/21
train batch 28: predictions shape=(32, 2), labels shape=(32,)
epoch : 46
batch : 28/39
train accuracy : 0.78125
train pred 0/1 : 13/19 label 0/1 : 14/18
train batch 29: predictions shape=(32, 2), labels shape=(32,)
epoch : 46
batch : 29/39
train accuracy : 0.65625
train pred 0/1 : 15/17 label 0/1 : 22/10
train batch 30: predictions shape=(32, 2), labels shape=(32,)
epoch : 46
batch : 30/39
train accuracy : 0.53125
train pred 0/1 : 18/14 label 0/1 : 15/17
train batch 31: predictions shape=(32, 2), labels shape=(32,)
epoch : 46
batch : 31/39
train accuracy : 0.84375
train pred 0/1 : 15/17 label 0/1 : 14/18
train batch 32: predictions shape=(32, 2), labels shape=(32,)
epoch : 46
batch : 32/39
train accuracy : 0.5625
train pred 0/1 : 15/17 label 0/1 : 11/21
train batch 33: predictions shape=(32, 2), labels shape=(32,)
epoch : 46
batch : 33/39
train accuracy : 0.8125
train pred 0/1 : 22/10 label 0/1 : 18/14
train batch 34: predictions shape=(32, 2), labels shape=(32,)
epoch : 46
batch : 34/39
train accuracy : 0.75
train pred 0/1 : 19/13 label 0/1 : 13/19
train batch 35: predictions shape=(32, 2), labels shape=(32,)
epoch : 46
batch : 35/39
train accuracy : 0.6875
train pred 0/1 : 15/17 label 0/1 : 11/21
train batch 36: predictions shape=(32, 2), labels shape=(32,)
epoch : 46
batch : 36/39
train accuracy : 0.65625
train pred 0/1 : 17/15 label 0/1 : 14/18
train batch 37: predictions shape=(32, 2), labels shape=(32,)
epoch : 46
batch : 37/39
train accuracy : 0.65625
train pred 0/1 : 14/18 label 0/1 : 15/17
train batch 38: predictions shape=(32, 2), labels shape=(32,)
epoch : 46
batch : 38/39
train accuracy : 0.65625
train pred 0/1 : 7/25 label 0/1 : 10/22
train batch 39: predictions shape=(8, 2), labels shape=(8,)
epoch : 46
batch : 39/39
train accuracy : 0.625
train pred 0/1 : 3/5 label 0/1 : 4/4
VALIDATION
valid batch 1: predictions shape=(32, 2), labels shape=(32,)
valid batch : 1/2
valid accuracy : 0.1875
valid pred 0/1 : 24/8 label 0/1 : 8/24
valid batch 2: predictions shape=(23, 2), labels shape=(23,)
valid batch : 2/2
valid accuracy : 0.21739131212234497
valid pred 0/1 : 19/4 label 0/1 : 5/18
valid epoch balanced_accuracy: 0.290293
EPOCH 47:
train batch 1: predictions shape=(32, 2), labels shape=(32,)
epoch : 47
batch : 1/39
train accuracy : 0.71875
train pred 0/1 : 12/20 label 0/1 : 11/21
train batch 2: predictions shape=(32, 2), labels shape=(32,)
epoch : 47
batch : 2/39
train accuracy : 0.78125
train pred 0/1 : 14/18 label 0/1 : 13/19
train batch 3: predictions shape=(32, 2), labels shape=(32,)
epoch : 47
batch : 3/39
train accuracy : 0.5625
train pred 0/1 : 13/19 label 0/1 : 13/19
train batch 4: predictions shape=(32, 2), labels shape=(32,)
epoch : 47
batch : 4/39
train accuracy : 0.6875
train pred 0/1 : 12/20 label 0/1 : 10/22
train batch 5: predictions shape=(32, 2), labels shape=(32,)
epoch : 47
batch : 5/39
train accuracy : 0.5625
train pred 0/1 : 7/25 label 0/1 : 13/19
train batch 6: predictions shape=(32, 2), labels shape=(32,)
epoch : 47
batch : 6/39
train accuracy : 0.625
train pred 0/1 : 13/19 label 0/1 : 13/19
train batch 7: predictions shape=(32, 2), labels shape=(32,)
epoch : 47
batch : 7/39
train accuracy : 0.6875
train pred 0/1 : 8/24 label 0/1 : 16/16
train batch 8: predictions shape=(32, 2), labels shape=(32,)
epoch : 47
batch : 8/39
train accuracy : 0.75
train pred 0/1 : 10/22 label 0/1 : 14/18
train batch 9: predictions shape=(32, 2), labels shape=(32,)
epoch : 47
batch : 9/39
train accuracy : 0.8125
train pred 0/1 : 14/18 label 0/1 : 16/16
train batch 10: predictions shape=(32, 2), labels shape=(32,)
epoch : 47
batch : 10/39
train accuracy : 0.65625
train pred 0/1 : 7/25 label 0/1 : 16/16
train batch 11: predictions shape=(32, 2), labels shape=(32,)
epoch : 47
batch : 11/39
train accuracy : 0.625
train pred 0/1 : 13/19 label 0/1 : 19/13
train batch 12: predictions shape=(32, 2), labels shape=(32,)
epoch : 47
batch : 12/39
train accuracy : 0.625
train pred 0/1 : 19/13 label 0/1 : 15/17
train batch 13: predictions shape=(32, 2), labels shape=(32,)
epoch : 47
batch : 13/39
train accuracy : 0.625
train pred 0/1 : 16/16 label 0/1 : 16/16
train batch 14: predictions shape=(32, 2), labels shape=(32,)
epoch : 47
batch : 14/39
train accuracy : 0.6875
train pred 0/1 : 23/9 label 0/1 : 15/17
train batch 15: predictions shape=(32, 2), labels shape=(32,)
epoch : 47
batch : 15/39
train accuracy : 0.6875
train pred 0/1 : 19/13 label 0/1 : 15/17
train batch 16: predictions shape=(32, 2), labels shape=(32,)
epoch : 47
batch : 16/39
train accuracy : 0.625
train pred 0/1 : 20/12 label 0/1 : 10/22
train batch 17: predictions shape=(32, 2), labels shape=(32,)
epoch : 47
batch : 17/39
train accuracy : 0.625
train pred 0/1 : 22/10 label 0/1 : 12/20
train batch 18: predictions shape=(32, 2), labels shape=(32,)
epoch : 47
batch : 18/39
train accuracy : 0.625
train pred 0/1 : 21/11 label 0/1 : 17/15
train batch 19: predictions shape=(32, 2), labels shape=(32,)
epoch : 47
batch : 19/39
train accuracy : 0.75
train pred 0/1 : 20/12 label 0/1 : 14/18
train batch 20: predictions shape=(32, 2), labels shape=(32,)
epoch : 47
batch : 20/39
train accuracy : 0.71875
train pred 0/1 : 15/17 label 0/1 : 16/16
train batch 21: predictions shape=(32, 2), labels shape=(32,)
epoch : 47
batch : 21/39
train accuracy : 0.8125
train pred 0/1 : 13/19 label 0/1 : 17/15
train batch 22: predictions shape=(32, 2), labels shape=(32,)
epoch : 47
batch : 22/39
train accuracy : 0.75
train pred 0/1 : 12/20 label 0/1 : 14/18
train batch 23: predictions shape=(32, 2), labels shape=(32,)
epoch : 47
batch : 23/39
train accuracy : 0.59375
train pred 0/1 : 14/18 label 0/1 : 15/17
train batch 24: predictions shape=(32, 2), labels shape=(32,)
epoch : 47
batch : 24/39
train accuracy : 0.71875
train pred 0/1 : 19/13 label 0/1 : 18/14
train batch 25: predictions shape=(32, 2), labels shape=(32,)
epoch : 47
batch : 25/39
train accuracy : 0.65625
train pred 0/1 : 15/17 label 0/1 : 14/18
train batch 26: predictions shape=(32, 2), labels shape=(32,)
epoch : 47
batch : 26/39
train accuracy : 0.71875
train pred 0/1 : 20/12 label 0/1 : 15/17
train batch 27: predictions shape=(32, 2), labels shape=(32,)
epoch : 47
batch : 27/39
train accuracy : 0.6875
train pred 0/1 : 15/17 label 0/1 : 19/13
train batch 28: predictions shape=(32, 2), labels shape=(32,)
epoch : 47
batch : 28/39
train accuracy : 0.625
train pred 0/1 : 19/13 label 0/1 : 15/17
train batch 29: predictions shape=(32, 2), labels shape=(32,)
epoch : 47
batch : 29/39
train accuracy : 0.625
train pred 0/1 : 14/18 label 0/1 : 12/20
train batch 30: predictions shape=(32, 2), labels shape=(32,)
epoch : 47
batch : 30/39
train accuracy : 0.78125
train pred 0/1 : 12/20 label 0/1 : 13/19
train batch 31: predictions shape=(32, 2), labels shape=(32,)
epoch : 47
batch : 31/39
train accuracy : 0.71875
train pred 0/1 : 9/23 label 0/1 : 12/20
train batch 32: predictions shape=(32, 2), labels shape=(32,)
epoch : 47
batch : 32/39
train accuracy : 0.625
train pred 0/1 : 16/16 label 0/1 : 18/14
train batch 33: predictions shape=(32, 2), labels shape=(32,)
epoch : 47
batch : 33/39
train accuracy : 0.71875
train pred 0/1 : 16/16 label 0/1 : 9/23
train batch 34: predictions shape=(32, 2), labels shape=(32,)
epoch : 47
batch : 34/39
train accuracy : 0.78125
train pred 0/1 : 20/12 label 0/1 : 15/17
train batch 35: predictions shape=(32, 2), labels shape=(32,)
epoch : 47
batch : 35/39
train accuracy : 0.65625
train pred 0/1 : 16/16 label 0/1 : 13/19
train batch 36: predictions shape=(32, 2), labels shape=(32,)
epoch : 47
batch : 36/39
train accuracy : 0.75
train pred 0/1 : 12/20 label 0/1 : 10/22
train batch 37: predictions shape=(32, 2), labels shape=(32,)
epoch : 47
batch : 37/39
train accuracy : 0.78125
train pred 0/1 : 16/16 label 0/1 : 15/17
train batch 38: predictions shape=(32, 2), labels shape=(32,)
epoch : 47
batch : 38/39
train accuracy : 0.625
train pred 0/1 : 18/14 label 0/1 : 16/16
train batch 39: predictions shape=(8, 2), labels shape=(8,)
epoch : 47
batch : 39/39
train accuracy : 0.75
train pred 0/1 : 3/5 label 0/1 : 5/3
VALIDATION
valid batch 1: predictions shape=(32, 2), labels shape=(32,)
valid batch : 1/2
valid accuracy : 0.21875
valid pred 0/1 : 26/6 label 0/1 : 9/23
valid batch 2: predictions shape=(23, 2), labels shape=(23,)
valid batch : 2/2
valid accuracy : 0.21739131212234497
valid pred 0/1 : 20/3 label 0/1 : 4/19
valid epoch balanced_accuracy: 0.355311
EPOCH 48:
train batch 1: predictions shape=(32, 2), labels shape=(32,)
epoch : 48
batch : 1/39
train accuracy : 0.6875
train pred 0/1 : 16/16 label 0/1 : 12/20
train batch 2: predictions shape=(32, 2), labels shape=(32,)
epoch : 48
batch : 2/39
train accuracy : 0.71875
train pred 0/1 : 21/11 label 0/1 : 14/18
train batch 3: predictions shape=(32, 2), labels shape=(32,)
epoch : 48
batch : 3/39
train accuracy : 0.53125
train pred 0/1 : 27/5 label 0/1 : 16/16
train batch 4: predictions shape=(32, 2), labels shape=(32,)
epoch : 48
batch : 4/39
train accuracy : 0.625
train pred 0/1 : 24/8 label 0/1 : 14/18
train batch 5: predictions shape=(32, 2), labels shape=(32,)
epoch : 48
batch : 5/39
train accuracy : 0.40625
train pred 0/1 : 27/5 label 0/1 : 10/22
train batch 6: predictions shape=(32, 2), labels shape=(32,)
epoch : 48
batch : 6/39
train accuracy : 0.59375
train pred 0/1 : 19/13 label 0/1 : 12/20
train batch 7: predictions shape=(32, 2), labels shape=(32,)
epoch : 48
batch : 7/39
train accuracy : 0.75
train pred 0/1 : 17/15 label 0/1 : 17/15
train batch 8: predictions shape=(32, 2), labels shape=(32,)
epoch : 48
batch : 8/39
train accuracy : 0.6875
train pred 0/1 : 9/23 label 0/1 : 11/21
train batch 9: predictions shape=(32, 2), labels shape=(32,)
epoch : 48
batch : 9/39
train accuracy : 0.71875
train pred 0/1 : 10/22 label 0/1 : 13/19
train batch 10: predictions shape=(32, 2), labels shape=(32,)
epoch : 48
batch : 10/39
train accuracy : 0.59375
train pred 0/1 : 6/26 label 0/1 : 17/15
train batch 11: predictions shape=(32, 2), labels shape=(32,)
epoch : 48
batch : 11/39
train accuracy : 0.65625
train pred 0/1 : 7/25 label 0/1 : 16/16
train batch 12: predictions shape=(32, 2), labels shape=(32,)
epoch : 48
batch : 12/39
train accuracy : 0.625
train pred 0/1 : 6/26 label 0/1 : 14/18
train batch 13: predictions shape=(32, 2), labels shape=(32,)
epoch : 48
batch : 13/39
train accuracy : 0.65625
train pred 0/1 : 5/27 label 0/1 : 16/16
train batch 14: predictions shape=(32, 2), labels shape=(32,)
epoch : 48
batch : 14/39
train accuracy : 0.5625
train pred 0/1 : 6/26 label 0/1 : 16/16
train batch 15: predictions shape=(32, 2), labels shape=(32,)
epoch : 48
batch : 15/39
train accuracy : 0.71875
train pred 0/1 : 12/20 label 0/1 : 17/15
train batch 16: predictions shape=(32, 2), labels shape=(32,)
epoch : 48
batch : 16/39
train accuracy : 0.625
train pred 0/1 : 14/18 label 0/1 : 16/16
train batch 17: predictions shape=(32, 2), labels shape=(32,)
epoch : 48
batch : 17/39
train accuracy : 0.78125
train pred 0/1 : 7/25 label 0/1 : 14/18
train batch 18: predictions shape=(32, 2), labels shape=(32,)
epoch : 48
batch : 18/39
train accuracy : 0.75
train pred 0/1 : 13/19 label 0/1 : 15/17
train batch 19: predictions shape=(32, 2), labels shape=(32,)
epoch : 48
batch : 19/39
train accuracy : 0.53125
train pred 0/1 : 20/12 label 0/1 : 11/21
train batch 20: predictions shape=(32, 2), labels shape=(32,)
epoch : 48
batch : 20/39
train accuracy : 0.625
train pred 0/1 : 24/8 label 0/1 : 16/16
train batch 21: predictions shape=(32, 2), labels shape=(32,)
epoch : 48
batch : 21/39
train accuracy : 0.40625
train pred 0/1 : 21/11 label 0/1 : 10/22
train batch 22: predictions shape=(32, 2), labels shape=(32,)
epoch : 48
batch : 22/39
train accuracy : 0.5625
train pred 0/1 : 22/10 label 0/1 : 16/16
train batch 23: predictions shape=(32, 2), labels shape=(32,)
epoch : 48
batch : 23/39
train accuracy : 0.78125
train pred 0/1 : 22/10 label 0/1 : 15/17
train batch 24: predictions shape=(32, 2), labels shape=(32,)
epoch : 48
batch : 24/39
train accuracy : 0.59375
train pred 0/1 : 18/14 label 0/1 : 13/19
train batch 25: predictions shape=(32, 2), labels shape=(32,)
epoch : 48
batch : 25/39
train accuracy : 0.625
train pred 0/1 : 18/14 label 0/1 : 20/12
train batch 26: predictions shape=(32, 2), labels shape=(32,)
epoch : 48
batch : 26/39
train accuracy : 0.75
train pred 0/1 : 15/17 label 0/1 : 11/21
train batch 27: predictions shape=(32, 2), labels shape=(32,)
epoch : 48
batch : 27/39
train accuracy : 0.8125
train pred 0/1 : 13/19 label 0/1 : 13/19
train batch 28: predictions shape=(32, 2), labels shape=(32,)
epoch : 48
batch : 28/39
train accuracy : 0.6875
train pred 0/1 : 14/18 label 0/1 : 16/16
train batch 29: predictions shape=(32, 2), labels shape=(32,)
epoch : 48
batch : 29/39
train accuracy : 0.65625
train pred 0/1 : 9/23 label 0/1 : 14/18
train batch 30: predictions shape=(32, 2), labels shape=(32,)
epoch : 48
batch : 30/39
train accuracy : 0.625
train pred 0/1 : 14/18 label 0/1 : 18/14
train batch 31: predictions shape=(32, 2), labels shape=(32,)
epoch : 48
batch : 31/39
train accuracy : 0.78125
train pred 0/1 : 14/18 label 0/1 : 13/19
train batch 32: predictions shape=(32, 2), labels shape=(32,)
epoch : 48
batch : 32/39
train accuracy : 0.625
train pred 0/1 : 13/19 label 0/1 : 19/13
train batch 33: predictions shape=(32, 2), labels shape=(32,)
epoch : 48
batch : 33/39
train accuracy : 0.65625
train pred 0/1 : 10/22 label 0/1 : 15/17
train batch 34: predictions shape=(32, 2), labels shape=(32,)
epoch : 48
batch : 34/39
train accuracy : 0.6875
train pred 0/1 : 10/22 label 0/1 : 12/20
train batch 35: predictions shape=(32, 2), labels shape=(32,)
epoch : 48
batch : 35/39
train accuracy : 0.78125
train pred 0/1 : 9/23 label 0/1 : 12/20
train batch 36: predictions shape=(32, 2), labels shape=(32,)
epoch : 48
batch : 36/39
train accuracy : 0.625
train pred 0/1 : 11/21 label 0/1 : 19/13
train batch 37: predictions shape=(32, 2), labels shape=(32,)
epoch : 48
batch : 37/39
train accuracy : 0.6875
train pred 0/1 : 12/20 label 0/1 : 12/20
train batch 38: predictions shape=(32, 2), labels shape=(32,)
epoch : 48
batch : 38/39
train accuracy : 0.8125
train pred 0/1 : 13/19 label 0/1 : 11/21
train batch 39: predictions shape=(8, 2), labels shape=(8,)
epoch : 48
batch : 39/39
train accuracy : 0.75
train pred 0/1 : 3/5 label 0/1 : 3/5
VALIDATION
valid batch 1: predictions shape=(32, 2), labels shape=(32,)
valid batch : 1/2
valid accuracy : 0.3125
valid pred 0/1 : 26/6 label 0/1 : 8/24
valid batch 2: predictions shape=(23, 2), labels shape=(23,)
valid batch : 2/2
valid accuracy : 0.1304347813129425
valid pred 0/1 : 19/4 label 0/1 : 5/18
valid epoch balanced_accuracy: 0.367216
EPOCH 49:
train batch 1: predictions shape=(32, 2), labels shape=(32,)
epoch : 49
batch : 1/39
train accuracy : 0.8125
train pred 0/1 : 13/19 label 0/1 : 13/19
train batch 2: predictions shape=(32, 2), labels shape=(32,)
epoch : 49
batch : 2/39
train accuracy : 0.8125
train pred 0/1 : 12/20 label 0/1 : 16/16
train batch 3: predictions shape=(32, 2), labels shape=(32,)
epoch : 49
batch : 3/39
train accuracy : 0.59375
train pred 0/1 : 12/20 label 0/1 : 15/17
train batch 4: predictions shape=(32, 2), labels shape=(32,)
epoch : 49
batch : 4/39
train accuracy : 0.625
train pred 0/1 : 14/18 label 0/1 : 14/18
train batch 5: predictions shape=(32, 2), labels shape=(32,)
epoch : 49
batch : 5/39
train accuracy : 0.6875
train pred 0/1 : 16/16 label 0/1 : 10/22
train batch 6: predictions shape=(32, 2), labels shape=(32,)
epoch : 49
batch : 6/39
train accuracy : 0.59375
train pred 0/1 : 18/14 label 0/1 : 17/15
train batch 7: predictions shape=(32, 2), labels shape=(32,)
epoch : 49
batch : 7/39
train accuracy : 0.71875
train pred 0/1 : 17/15 label 0/1 : 16/16
train batch 8: predictions shape=(32, 2), labels shape=(32,)
epoch : 49
batch : 8/39
train accuracy : 0.65625
train pred 0/1 : 20/12 label 0/1 : 15/17
train batch 9: predictions shape=(32, 2), labels shape=(32,)
epoch : 49
batch : 9/39
train accuracy : 0.8125
train pred 0/1 : 17/15 label 0/1 : 17/15
train batch 10: predictions shape=(32, 2), labels shape=(32,)
epoch : 49
batch : 10/39
train accuracy : 0.71875
train pred 0/1 : 16/16 label 0/1 : 15/17
train batch 11: predictions shape=(32, 2), labels shape=(32,)
epoch : 49
batch : 11/39
train accuracy : 0.71875
train pred 0/1 : 12/20 label 0/1 : 13/19
train batch 12: predictions shape=(32, 2), labels shape=(32,)
epoch : 49
batch : 12/39
train accuracy : 0.8125
train pred 0/1 : 16/16 label 0/1 : 16/16
train batch 13: predictions shape=(32, 2), labels shape=(32,)
epoch : 49
batch : 13/39
train accuracy : 0.625
train pred 0/1 : 19/13 label 0/1 : 15/17
train batch 14: predictions shape=(32, 2), labels shape=(32,)
epoch : 49
batch : 14/39
train accuracy : 0.59375
train pred 0/1 : 20/12 label 0/1 : 13/19
train batch 15: predictions shape=(32, 2), labels shape=(32,)
epoch : 49
batch : 15/39
train accuracy : 0.71875
train pred 0/1 : 18/14 label 0/1 : 9/23
train batch 16: predictions shape=(32, 2), labels shape=(32,)
epoch : 49
batch : 16/39
train accuracy : 0.78125
train pred 0/1 : 14/18 label 0/1 : 17/15
train batch 17: predictions shape=(32, 2), labels shape=(32,)
epoch : 49
batch : 17/39
train accuracy : 0.6875
train pred 0/1 : 16/16 label 0/1 : 16/16
train batch 18: predictions shape=(32, 2), labels shape=(32,)
epoch : 49
batch : 18/39
train accuracy : 0.8125
train pred 0/1 : 17/15 label 0/1 : 15/17
train batch 19: predictions shape=(32, 2), labels shape=(32,)
epoch : 49
batch : 19/39
train accuracy : 0.75
train pred 0/1 : 14/18 label 0/1 : 16/16
train batch 20: predictions shape=(32, 2), labels shape=(32,)
epoch : 49
batch : 20/39
train accuracy : 0.65625
train pred 0/1 : 20/12 label 0/1 : 19/13
train batch 21: predictions shape=(32, 2), labels shape=(32,)
epoch : 49
batch : 21/39
train accuracy : 0.65625
train pred 0/1 : 13/19 label 0/1 : 8/24
train batch 22: predictions shape=(32, 2), labels shape=(32,)
epoch : 49
batch : 22/39
train accuracy : 0.625
train pred 0/1 : 8/24 label 0/1 : 12/20
train batch 23: predictions shape=(32, 2), labels shape=(32,)
epoch : 49
batch : 23/39
train accuracy : 0.6875
train pred 0/1 : 8/24 label 0/1 : 12/20
train batch 24: predictions shape=(32, 2), labels shape=(32,)
epoch : 49
batch : 24/39
train accuracy : 0.75
train pred 0/1 : 12/20 label 0/1 : 16/16
train batch 25: predictions shape=(32, 2), labels shape=(32,)
epoch : 49
batch : 25/39
train accuracy : 0.8125
train pred 0/1 : 10/22 label 0/1 : 16/16
train batch 26: predictions shape=(32, 2), labels shape=(32,)
epoch : 49
batch : 26/39
train accuracy : 0.59375
train pred 0/1 : 10/22 label 0/1 : 17/15
train batch 27: predictions shape=(32, 2), labels shape=(32,)
epoch : 49
batch : 27/39
train accuracy : 0.625
train pred 0/1 : 16/16 label 0/1 : 16/16
train batch 28: predictions shape=(32, 2), labels shape=(32,)
epoch : 49
batch : 28/39
train accuracy : 0.65625
train pred 0/1 : 15/17 label 0/1 : 14/18
train batch 29: predictions shape=(32, 2), labels shape=(32,)
epoch : 49
batch : 29/39
train accuracy : 0.65625
train pred 0/1 : 17/15 label 0/1 : 16/16
train batch 30: predictions shape=(32, 2), labels shape=(32,)
epoch : 49
batch : 30/39
train accuracy : 0.78125
train pred 0/1 : 21/11 label 0/1 : 16/16
train batch 31: predictions shape=(32, 2), labels shape=(32,)
epoch : 49
batch : 31/39
train accuracy : 0.5625
train pred 0/1 : 18/14 label 0/1 : 10/22
train batch 32: predictions shape=(32, 2), labels shape=(32,)
epoch : 49
batch : 32/39
train accuracy : 0.71875
train pred 0/1 : 19/13 label 0/1 : 14/18
train batch 33: predictions shape=(32, 2), labels shape=(32,)
epoch : 49
batch : 33/39
train accuracy : 0.90625
train pred 0/1 : 16/16 label 0/1 : 13/19
train batch 34: predictions shape=(32, 2), labels shape=(32,)
epoch : 49
batch : 34/39
train accuracy : 0.78125
train pred 0/1 : 13/19 label 0/1 : 12/20
train batch 35: predictions shape=(32, 2), labels shape=(32,)
epoch : 49
batch : 35/39
train accuracy : 0.71875
train pred 0/1 : 16/16 label 0/1 : 13/19
train batch 36: predictions shape=(32, 2), labels shape=(32,)
epoch : 49
batch : 36/39
train accuracy : 0.5
train pred 0/1 : 15/17 label 0/1 : 9/23
train batch 37: predictions shape=(32, 2), labels shape=(32,)
epoch : 49
batch : 37/39
train accuracy : 0.5625
train pred 0/1 : 15/17 label 0/1 : 17/15
train batch 38: predictions shape=(32, 2), labels shape=(32,)
epoch : 49
batch : 38/39
train accuracy : 0.46875
train pred 0/1 : 10/22 label 0/1 : 17/15
train batch 39: predictions shape=(8, 2), labels shape=(8,)
epoch : 49
batch : 39/39
train accuracy : 0.75
train pred 0/1 : 2/6 label 0/1 : 4/4
VALIDATION
valid batch 1: predictions shape=(32, 2), labels shape=(32,)
valid batch : 1/2
valid accuracy : 0.1875
valid pred 0/1 : 23/9 label 0/1 : 7/25
valid batch 2: predictions shape=(23, 2), labels shape=(23,)
valid batch : 2/2
valid accuracy : 0.21739131212234497
valid pred 0/1 : 20/3 label 0/1 : 6/17
valid epoch balanced_accuracy: 0.290293
EPOCH 50:
train batch 1: predictions shape=(32, 2), labels shape=(32,)
epoch : 50
batch : 1/39
train accuracy : 0.65625
train pred 0/1 : 17/15 label 0/1 : 12/20
train batch 2: predictions shape=(32, 2), labels shape=(32,)
epoch : 50
batch : 2/39
train accuracy : 0.75
train pred 0/1 : 12/20 label 0/1 : 16/16
train batch 3: predictions shape=(32, 2), labels shape=(32,)
epoch : 50
batch : 3/39
train accuracy : 0.75
train pred 0/1 : 8/24 label 0/1 : 8/24
train batch 4: predictions shape=(32, 2), labels shape=(32,)
epoch : 50
batch : 4/39
train accuracy : 0.75
train pred 0/1 : 13/19 label 0/1 : 15/17
train batch 5: predictions shape=(32, 2), labels shape=(32,)
epoch : 50
batch : 5/39
train accuracy : 0.65625
train pred 0/1 : 15/17 label 0/1 : 10/22
train batch 6: predictions shape=(32, 2), labels shape=(32,)
epoch : 50
batch : 6/39
train accuracy : 0.625
train pred 0/1 : 15/17 label 0/1 : 11/21
train batch 7: predictions shape=(32, 2), labels shape=(32,)
epoch : 50
batch : 7/39
train accuracy : 0.78125
train pred 0/1 : 13/19 label 0/1 : 16/16
train batch 8: predictions shape=(32, 2), labels shape=(32,)
epoch : 50
batch : 8/39
train accuracy : 0.65625
train pred 0/1 : 13/19 label 0/1 : 16/16
train batch 9: predictions shape=(32, 2), labels shape=(32,)
epoch : 50
batch : 9/39
train accuracy : 0.78125
train pred 0/1 : 13/19 label 0/1 : 18/14
train batch 10: predictions shape=(32, 2), labels shape=(32,)
epoch : 50
batch : 10/39
train accuracy : 0.65625
train pred 0/1 : 12/20 label 0/1 : 17/15
train batch 11: predictions shape=(32, 2), labels shape=(32,)
epoch : 50
batch : 11/39
train accuracy : 0.71875
train pred 0/1 : 9/23 label 0/1 : 10/22
train batch 12: predictions shape=(32, 2), labels shape=(32,)
epoch : 50
batch : 12/39
train accuracy : 0.53125
train pred 0/1 : 6/26 label 0/1 : 17/15
train batch 13: predictions shape=(32, 2), labels shape=(32,)
epoch : 50
batch : 13/39
train accuracy : 0.8125
train pred 0/1 : 10/22 label 0/1 : 8/24
train batch 14: predictions shape=(32, 2), labels shape=(32,)
epoch : 50
batch : 14/39
train accuracy : 0.78125
train pred 0/1 : 12/20 label 0/1 : 13/19
train batch 15: predictions shape=(32, 2), labels shape=(32,)
epoch : 50
batch : 15/39
train accuracy : 0.78125
train pred 0/1 : 16/16 label 0/1 : 13/19
train batch 16: predictions shape=(32, 2), labels shape=(32,)
epoch : 50
batch : 16/39
train accuracy : 0.65625
train pred 0/1 : 12/20 label 0/1 : 19/13
train batch 17: predictions shape=(32, 2), labels shape=(32,)
epoch : 50
batch : 17/39
train accuracy : 0.84375
train pred 0/1 : 10/22 label 0/1 : 13/19
train batch 18: predictions shape=(32, 2), labels shape=(32,)
epoch : 50
batch : 18/39
train accuracy : 0.8125
train pred 0/1 : 10/22 label 0/1 : 14/18
train batch 19: predictions shape=(32, 2), labels shape=(32,)
epoch : 50
batch : 19/39
train accuracy : 0.71875
train pred 0/1 : 9/23 label 0/1 : 12/20
train batch 20: predictions shape=(32, 2), labels shape=(32,)
epoch : 50
batch : 20/39
train accuracy : 0.8125
train pred 0/1 : 13/19 label 0/1 : 13/19
train batch 21: predictions shape=(32, 2), labels shape=(32,)
epoch : 50
batch : 21/39
train accuracy : 0.6875
train pred 0/1 : 20/12 label 0/1 : 20/12
train batch 22: predictions shape=(32, 2), labels shape=(32,)
epoch : 50
batch : 22/39
train accuracy : 0.6875
train pred 0/1 : 19/13 label 0/1 : 13/19
train batch 23: predictions shape=(32, 2), labels shape=(32,)
epoch : 50
batch : 23/39
train accuracy : 0.71875
train pred 0/1 : 22/10 label 0/1 : 19/13
train batch 24: predictions shape=(32, 2), labels shape=(32,)
epoch : 50
batch : 24/39
train accuracy : 0.59375
train pred 0/1 : 14/18 label 0/1 : 13/19
train batch 25: predictions shape=(32, 2), labels shape=(32,)
epoch : 50
batch : 25/39
train accuracy : 0.75
train pred 0/1 : 21/11 label 0/1 : 17/15
train batch 26: predictions shape=(32, 2), labels shape=(32,)
epoch : 50
batch : 26/39
train accuracy : 0.6875
train pred 0/1 : 26/6 label 0/1 : 16/16
train batch 27: predictions shape=(32, 2), labels shape=(32,)
epoch : 50
batch : 27/39
train accuracy : 0.65625
train pred 0/1 : 14/18 label 0/1 : 13/19
train batch 28: predictions shape=(32, 2), labels shape=(32,)
epoch : 50
batch : 28/39
train accuracy : 0.53125
train pred 0/1 : 26/6 label 0/1 : 13/19
train batch 29: predictions shape=(32, 2), labels shape=(32,)
epoch : 50
batch : 29/39
train accuracy : 0.6875
train pred 0/1 : 16/16 label 0/1 : 14/18
train batch 30: predictions shape=(32, 2), labels shape=(32,)
epoch : 50
batch : 30/39
train accuracy : 0.71875
train pred 0/1 : 20/12 label 0/1 : 11/21
train batch 31: predictions shape=(32, 2), labels shape=(32,)
epoch : 50
batch : 31/39
train accuracy : 0.71875
train pred 0/1 : 16/16 label 0/1 : 19/13
train batch 32: predictions shape=(32, 2), labels shape=(32,)
epoch : 50
batch : 32/39
train accuracy : 0.4375
train pred 0/1 : 19/13 label 0/1 : 17/15
train batch 33: predictions shape=(32, 2), labels shape=(32,)
epoch : 50
batch : 33/39
train accuracy : 0.625
train pred 0/1 : 20/12 label 0/1 : 16/16
train batch 34: predictions shape=(32, 2), labels shape=(32,)
epoch : 50
batch : 34/39
train accuracy : 0.6875
train pred 0/1 : 25/7 label 0/1 : 17/15
train batch 35: predictions shape=(32, 2), labels shape=(32,)
epoch : 50
batch : 35/39
train accuracy : 0.6875
train pred 0/1 : 18/14 label 0/1 : 20/12
train batch 36: predictions shape=(32, 2), labels shape=(32,)
epoch : 50
batch : 36/39
train accuracy : 0.65625
train pred 0/1 : 15/17 label 0/1 : 12/20
train batch 37: predictions shape=(32, 2), labels shape=(32,)
epoch : 50
batch : 37/39
train accuracy : 0.78125
train pred 0/1 : 17/15 label 0/1 : 14/18
train batch 38: predictions shape=(32, 2), labels shape=(32,)
epoch : 50
batch : 38/39
train accuracy : 0.5
train pred 0/1 : 21/11 label 0/1 : 11/21
train batch 39: predictions shape=(8, 2), labels shape=(8,)
epoch : 50
batch : 39/39
train accuracy : 0.5
train pred 0/1 : 7/1 label 0/1 : 3/5
VALIDATION
valid batch 1: predictions shape=(32, 2), labels shape=(32,)
valid batch : 1/2
valid accuracy : 0.21875
valid pred 0/1 : 29/3 label 0/1 : 8/24
valid batch 2: predictions shape=(23, 2), labels shape=(23,)
valid batch : 2/2
valid accuracy : 0.30434784293174744
valid pred 0/1 : 21/2 label 0/1 : 5/18
valid epoch balanced_accuracy: 0.458791
EPOCH 51:
train batch 1: predictions shape=(32, 2), labels shape=(32,)
epoch : 51
batch : 1/39
train accuracy : 0.59375
train pred 0/1 : 24/8 label 0/1 : 15/17
train batch 2: predictions shape=(32, 2), labels shape=(32,)
epoch : 51
batch : 2/39
train accuracy : 0.65625
train pred 0/1 : 20/12 label 0/1 : 11/21
train batch 3: predictions shape=(32, 2), labels shape=(32,)
epoch : 51
batch : 3/39
train accuracy : 0.65625
train pred 0/1 : 20/12 label 0/1 : 11/21
train batch 4: predictions shape=(32, 2), labels shape=(32,)
epoch : 51
batch : 4/39
train accuracy : 0.6875
train pred 0/1 : 17/15 label 0/1 : 13/19
train batch 5: predictions shape=(32, 2), labels shape=(32,)
epoch : 51
batch : 5/39
train accuracy : 0.75
train pred 0/1 : 13/19 label 0/1 : 11/21
train batch 6: predictions shape=(32, 2), labels shape=(32,)
epoch : 51
batch : 6/39
train accuracy : 0.71875
train pred 0/1 : 9/23 label 0/1 : 14/18
train batch 7: predictions shape=(32, 2), labels shape=(32,)
epoch : 51
batch : 7/39
train accuracy : 0.5625
train pred 0/1 : 5/27 label 0/1 : 15/17
train batch 8: predictions shape=(32, 2), labels shape=(32,)
epoch : 51
batch : 8/39
train accuracy : 0.75
train pred 0/1 : 14/18 label 0/1 : 20/12
train batch 9: predictions shape=(32, 2), labels shape=(32,)
epoch : 51
batch : 9/39
train accuracy : 0.625
train pred 0/1 : 5/27 label 0/1 : 13/19
train batch 10: predictions shape=(32, 2), labels shape=(32,)
epoch : 51
batch : 10/39
train accuracy : 0.625
train pred 0/1 : 4/28 label 0/1 : 14/18
train batch 11: predictions shape=(32, 2), labels shape=(32,)
epoch : 51
batch : 11/39
train accuracy : 0.65625
train pred 0/1 : 4/28 label 0/1 : 13/19
train batch 12: predictions shape=(32, 2), labels shape=(32,)
epoch : 51
batch : 12/39
train accuracy : 0.78125
train pred 0/1 : 7/25 label 0/1 : 14/18
train batch 13: predictions shape=(32, 2), labels shape=(32,)
epoch : 51
batch : 13/39
train accuracy : 0.6875
train pred 0/1 : 10/22 label 0/1 : 16/16
train batch 14: predictions shape=(32, 2), labels shape=(32,)
epoch : 51
batch : 14/39
train accuracy : 0.625
train pred 0/1 : 10/22 label 0/1 : 12/20
train batch 15: predictions shape=(32, 2), labels shape=(32,)
epoch : 51
batch : 15/39
train accuracy : 0.5625
train pred 0/1 : 10/22 label 0/1 : 14/18
train batch 16: predictions shape=(32, 2), labels shape=(32,)
epoch : 51
batch : 16/39
train accuracy : 0.78125
train pred 0/1 : 12/20 label 0/1 : 15/17
train batch 17: predictions shape=(32, 2), labels shape=(32,)
epoch : 51
batch : 17/39
train accuracy : 0.78125
train pred 0/1 : 17/15 label 0/1 : 14/18
train batch 18: predictions shape=(32, 2), labels shape=(32,)
epoch : 51
batch : 18/39
train accuracy : 0.65625
train pred 0/1 : 14/18 label 0/1 : 15/17
train batch 19: predictions shape=(32, 2), labels shape=(32,)
epoch : 51
batch : 19/39
train accuracy : 0.75
train pred 0/1 : 19/13 label 0/1 : 15/17
train batch 20: predictions shape=(32, 2), labels shape=(32,)
epoch : 51
batch : 20/39
train accuracy : 0.65625
train pred 0/1 : 13/19 label 0/1 : 16/16
train batch 21: predictions shape=(32, 2), labels shape=(32,)
epoch : 51
batch : 21/39
train accuracy : 0.875
train pred 0/1 : 17/15 label 0/1 : 17/15
train batch 22: predictions shape=(32, 2), labels shape=(32,)
epoch : 51
batch : 22/39
train accuracy : 0.6875
train pred 0/1 : 22/10 label 0/1 : 16/16
train batch 23: predictions shape=(32, 2), labels shape=(32,)
epoch : 51
batch : 23/39
train accuracy : 0.71875
train pred 0/1 : 23/9 label 0/1 : 14/18
train batch 24: predictions shape=(32, 2), labels shape=(32,)
epoch : 51
batch : 24/39
train accuracy : 0.65625
train pred 0/1 : 13/19 label 0/1 : 14/18
train batch 25: predictions shape=(32, 2), labels shape=(32,)
epoch : 51
batch : 25/39
train accuracy : 0.71875
train pred 0/1 : 15/17 label 0/1 : 16/16
train batch 26: predictions shape=(32, 2), labels shape=(32,)
epoch : 51
batch : 26/39
train accuracy : 0.8125
train pred 0/1 : 14/18 label 0/1 : 14/18
train batch 27: predictions shape=(32, 2), labels shape=(32,)
epoch : 51
batch : 27/39
train accuracy : 0.84375
train pred 0/1 : 16/16 label 0/1 : 15/17
train batch 28: predictions shape=(32, 2), labels shape=(32,)
epoch : 51
batch : 28/39
train accuracy : 0.8125
train pred 0/1 : 17/15 label 0/1 : 19/13
train batch 29: predictions shape=(32, 2), labels shape=(32,)
epoch : 51
batch : 29/39
train accuracy : 0.625
train pred 0/1 : 9/23 label 0/1 : 11/21
train batch 30: predictions shape=(32, 2), labels shape=(32,)
epoch : 51
batch : 30/39
train accuracy : 0.71875
train pred 0/1 : 11/21 label 0/1 : 16/16
train batch 31: predictions shape=(32, 2), labels shape=(32,)
epoch : 51
batch : 31/39
train accuracy : 0.53125
train pred 0/1 : 10/22 label 0/1 : 19/13
train batch 32: predictions shape=(32, 2), labels shape=(32,)
epoch : 51
batch : 32/39
train accuracy : 0.78125
train pred 0/1 : 12/20 label 0/1 : 15/17
train batch 33: predictions shape=(32, 2), labels shape=(32,)
epoch : 51
batch : 33/39
train accuracy : 0.78125
train pred 0/1 : 8/24 label 0/1 : 11/21
train batch 34: predictions shape=(32, 2), labels shape=(32,)
epoch : 51
batch : 34/39
train accuracy : 0.75
train pred 0/1 : 18/14 label 0/1 : 18/14
train batch 35: predictions shape=(32, 2), labels shape=(32,)
epoch : 51
batch : 35/39
train accuracy : 0.6875
train pred 0/1 : 17/15 label 0/1 : 15/17
train batch 36: predictions shape=(32, 2), labels shape=(32,)
epoch : 51
batch : 36/39
train accuracy : 0.625
train pred 0/1 : 18/14 label 0/1 : 10/22
train batch 37: predictions shape=(32, 2), labels shape=(32,)
epoch : 51
batch : 37/39
train accuracy : 0.78125
train pred 0/1 : 11/21 label 0/1 : 12/20
train batch 38: predictions shape=(32, 2), labels shape=(32,)
epoch : 51
batch : 38/39
train accuracy : 0.6875
train pred 0/1 : 18/14 label 0/1 : 14/18
train batch 39: predictions shape=(8, 2), labels shape=(8,)
epoch : 51
batch : 39/39
train accuracy : 0.625
train pred 0/1 : 3/5 label 0/1 : 2/6
VALIDATION
valid batch 1: predictions shape=(32, 2), labels shape=(32,)
valid batch : 1/2
valid accuracy : 0.15625
valid pred 0/1 : 27/5 label 0/1 : 8/24
valid batch 2: predictions shape=(23, 2), labels shape=(23,)
valid batch : 2/2
valid accuracy : 0.30434784293174744
valid pred 0/1 : 19/4 label 0/1 : 5/18
valid epoch balanced_accuracy: 0.355311
EPOCH 52:
train batch 1: predictions shape=(32, 2), labels shape=(32,)
epoch : 52
batch : 1/39
train accuracy : 0.75
train pred 0/1 : 17/15 label 0/1 : 13/19
train batch 2: predictions shape=(32, 2), labels shape=(32,)
epoch : 52
batch : 2/39
train accuracy : 0.78125
train pred 0/1 : 18/14 label 0/1 : 15/17
train batch 3: predictions shape=(32, 2), labels shape=(32,)
epoch : 52
batch : 3/39
train accuracy : 0.84375
train pred 0/1 : 13/19 label 0/1 : 14/18
train batch 4: predictions shape=(32, 2), labels shape=(32,)
epoch : 52
batch : 4/39
train accuracy : 0.71875
train pred 0/1 : 14/18 label 0/1 : 19/13
train batch 5: predictions shape=(32, 2), labels shape=(32,)
epoch : 52
batch : 5/39
train accuracy : 0.625
train pred 0/1 : 17/15 label 0/1 : 11/21
train batch 6: predictions shape=(32, 2), labels shape=(32,)
epoch : 52
batch : 6/39
train accuracy : 0.8125
train pred 0/1 : 13/19 label 0/1 : 13/19
train batch 7: predictions shape=(32, 2), labels shape=(32,)
epoch : 52
batch : 7/39
train accuracy : 0.59375
train pred 0/1 : 13/19 label 0/1 : 12/20
train batch 8: predictions shape=(32, 2), labels shape=(32,)
epoch : 52
batch : 8/39
train accuracy : 0.59375
train pred 0/1 : 14/18 label 0/1 : 17/15
train batch 9: predictions shape=(32, 2), labels shape=(32,)
epoch : 52
batch : 9/39
train accuracy : 0.65625
train pred 0/1 : 16/16 label 0/1 : 17/15
train batch 10: predictions shape=(32, 2), labels shape=(32,)
epoch : 52
batch : 10/39
train accuracy : 0.65625
train pred 0/1 : 18/14 label 0/1 : 17/15
train batch 11: predictions shape=(32, 2), labels shape=(32,)
epoch : 52
batch : 11/39
train accuracy : 0.71875
train pred 0/1 : 13/19 label 0/1 : 18/14
train batch 12: predictions shape=(32, 2), labels shape=(32,)
epoch : 52
batch : 12/39
train accuracy : 0.8125
train pred 0/1 : 19/13 label 0/1 : 17/15
train batch 13: predictions shape=(32, 2), labels shape=(32,)
epoch : 52
batch : 13/39
train accuracy : 0.71875
train pred 0/1 : 17/15 label 0/1 : 14/18
train batch 14: predictions shape=(32, 2), labels shape=(32,)
epoch : 52
batch : 14/39
train accuracy : 0.875
train pred 0/1 : 14/18 label 0/1 : 14/18
train batch 15: predictions shape=(32, 2), labels shape=(32,)
epoch : 52
batch : 15/39
train accuracy : 0.65625
train pred 0/1 : 22/10 label 0/1 : 15/17
train batch 16: predictions shape=(32, 2), labels shape=(32,)
epoch : 52
batch : 16/39
train accuracy : 0.625
train pred 0/1 : 25/7 label 0/1 : 15/17
train batch 17: predictions shape=(32, 2), labels shape=(32,)
epoch : 52
batch : 17/39
train accuracy : 0.71875
train pred 0/1 : 20/12 label 0/1 : 17/15
train batch 18: predictions shape=(32, 2), labels shape=(32,)
epoch : 52
batch : 18/39
train accuracy : 0.75
train pred 0/1 : 23/9 label 0/1 : 17/15
train batch 19: predictions shape=(32, 2), labels shape=(32,)
epoch : 52
batch : 19/39
train accuracy : 0.84375
train pred 0/1 : 17/15 label 0/1 : 18/14
train batch 20: predictions shape=(32, 2), labels shape=(32,)
epoch : 52
batch : 20/39
train accuracy : 0.71875
train pred 0/1 : 16/16 label 0/1 : 15/17
train batch 21: predictions shape=(32, 2), labels shape=(32,)
epoch : 52
batch : 21/39
train accuracy : 0.75
train pred 0/1 : 18/14 label 0/1 : 14/18
train batch 22: predictions shape=(32, 2), labels shape=(32,)
epoch : 52
batch : 22/39
train accuracy : 0.65625
train pred 0/1 : 15/17 label 0/1 : 12/20
train batch 23: predictions shape=(32, 2), labels shape=(32,)
epoch : 52
batch : 23/39
train accuracy : 0.6875
train pred 0/1 : 14/18 label 0/1 : 14/18
train batch 24: predictions shape=(32, 2), labels shape=(32,)
epoch : 52
batch : 24/39
train accuracy : 0.53125
train pred 0/1 : 19/13 label 0/1 : 10/22
train batch 25: predictions shape=(32, 2), labels shape=(32,)
epoch : 52
batch : 25/39
train accuracy : 0.6875
train pred 0/1 : 17/15 label 0/1 : 11/21
train batch 26: predictions shape=(32, 2), labels shape=(32,)
epoch : 52
batch : 26/39
train accuracy : 0.75
train pred 0/1 : 17/15 label 0/1 : 15/17
train batch 27: predictions shape=(32, 2), labels shape=(32,)
epoch : 52
batch : 27/39
train accuracy : 0.75
train pred 0/1 : 13/19 label 0/1 : 11/21
train batch 28: predictions shape=(32, 2), labels shape=(32,)
epoch : 52
batch : 28/39
train accuracy : 0.65625
train pred 0/1 : 11/21 label 0/1 : 8/24
train batch 29: predictions shape=(32, 2), labels shape=(32,)
epoch : 52
batch : 29/39
train accuracy : 0.71875
train pred 0/1 : 16/16 label 0/1 : 13/19
train batch 30: predictions shape=(32, 2), labels shape=(32,)
epoch : 52
batch : 30/39
train accuracy : 0.75
train pred 0/1 : 3/29 label 0/1 : 9/23
train batch 31: predictions shape=(32, 2), labels shape=(32,)
epoch : 52
batch : 31/39
train accuracy : 0.65625
train pred 0/1 : 3/29 label 0/1 : 14/18
train batch 32: predictions shape=(32, 2), labels shape=(32,)
epoch : 52
batch : 32/39
train accuracy : 0.78125
train pred 0/1 : 9/23 label 0/1 : 14/18
train batch 33: predictions shape=(32, 2), labels shape=(32,)
epoch : 52
batch : 33/39
train accuracy : 0.625
train pred 0/1 : 6/26 label 0/1 : 16/16
train batch 34: predictions shape=(32, 2), labels shape=(32,)
epoch : 52
batch : 34/39
train accuracy : 0.5625
train pred 0/1 : 4/28 label 0/1 : 18/14
train batch 35: predictions shape=(32, 2), labels shape=(32,)
epoch : 52
batch : 35/39
train accuracy : 0.65625
train pred 0/1 : 6/26 label 0/1 : 15/17
train batch 36: predictions shape=(32, 2), labels shape=(32,)
epoch : 52
batch : 36/39
train accuracy : 0.65625
train pred 0/1 : 5/27 label 0/1 : 16/16
train batch 37: predictions shape=(32, 2), labels shape=(32,)
epoch : 52
batch : 37/39
train accuracy : 0.59375
train pred 0/1 : 5/27 label 0/1 : 16/16
train batch 38: predictions shape=(32, 2), labels shape=(32,)
epoch : 52
batch : 38/39
train accuracy : 0.6875
train pred 0/1 : 8/24 label 0/1 : 12/20
train batch 39: predictions shape=(8, 2), labels shape=(8,)
epoch : 52
batch : 39/39
train accuracy : 0.5
train pred 0/1 : 3/5 label 0/1 : 3/5
VALIDATION
valid batch 1: predictions shape=(32, 2), labels shape=(32,)
valid batch : 1/2
valid accuracy : 0.15625
valid pred 0/1 : 22/10 label 0/1 : 9/23
valid batch 2: predictions shape=(23, 2), labels shape=(23,)
valid batch : 2/2
valid accuracy : 0.1304347813129425
valid pred 0/1 : 18/5 label 0/1 : 4/19
valid epoch balanced_accuracy: 0.174908
EPOCH 53:
train batch 1: predictions shape=(32, 2), labels shape=(32,)
epoch : 53
batch : 1/39
train accuracy : 0.78125
train pred 0/1 : 5/27 label 0/1 : 12/20
train batch 2: predictions shape=(32, 2), labels shape=(32,)
epoch : 53
batch : 2/39
train accuracy : 0.625
train pred 0/1 : 6/26 label 0/1 : 18/14
train batch 3: predictions shape=(32, 2), labels shape=(32,)
epoch : 53
batch : 3/39
train accuracy : 0.75
train pred 0/1 : 7/25 label 0/1 : 13/19
train batch 4: predictions shape=(32, 2), labels shape=(32,)
epoch : 53
batch : 4/39
train accuracy : 0.78125
train pred 0/1 : 11/21 label 0/1 : 16/16
train batch 5: predictions shape=(32, 2), labels shape=(32,)
epoch : 53
batch : 5/39
train accuracy : 0.65625
train pred 0/1 : 7/25 label 0/1 : 14/18
train batch 6: predictions shape=(32, 2), labels shape=(32,)
epoch : 53
batch : 6/39
train accuracy : 0.5625
train pred 0/1 : 5/27 label 0/1 : 17/15
train batch 7: predictions shape=(32, 2), labels shape=(32,)
epoch : 53
batch : 7/39
train accuracy : 0.6875
train pred 0/1 : 4/28 label 0/1 : 10/22
train batch 8: predictions shape=(32, 2), labels shape=(32,)
epoch : 53
batch : 8/39
train accuracy : 0.5625
train pred 0/1 : 6/26 label 0/1 : 12/20
train batch 9: predictions shape=(32, 2), labels shape=(32,)
epoch : 53
batch : 9/39
train accuracy : 0.625
train pred 0/1 : 10/22 label 0/1 : 12/20
train batch 10: predictions shape=(32, 2), labels shape=(32,)
epoch : 53
batch : 10/39
train accuracy : 0.71875
train pred 0/1 : 9/23 label 0/1 : 12/20
train batch 11: predictions shape=(32, 2), labels shape=(32,)
epoch : 53
batch : 11/39
train accuracy : 0.71875
train pred 0/1 : 13/19 label 0/1 : 14/18
train batch 12: predictions shape=(32, 2), labels shape=(32,)
epoch : 53
batch : 12/39
train accuracy : 0.65625
train pred 0/1 : 10/22 label 0/1 : 15/17
train batch 13: predictions shape=(32, 2), labels shape=(32,)
epoch : 53
batch : 13/39
train accuracy : 0.65625
train pred 0/1 : 6/26 label 0/1 : 17/15
train batch 14: predictions shape=(32, 2), labels shape=(32,)
epoch : 53
batch : 14/39
train accuracy : 0.59375
train pred 0/1 : 10/22 label 0/1 : 17/15
train batch 15: predictions shape=(32, 2), labels shape=(32,)
epoch : 53
batch : 15/39
train accuracy : 0.78125
train pred 0/1 : 11/21 label 0/1 : 14/18
train batch 16: predictions shape=(32, 2), labels shape=(32,)
epoch : 53
batch : 16/39
train accuracy : 0.625
train pred 0/1 : 12/20 label 0/1 : 16/16
train batch 17: predictions shape=(32, 2), labels shape=(32,)
epoch : 53
batch : 17/39
train accuracy : 0.78125
train pred 0/1 : 16/16 label 0/1 : 15/17
train batch 18: predictions shape=(32, 2), labels shape=(32,)
epoch : 53
batch : 18/39
train accuracy : 0.71875
train pred 0/1 : 20/12 label 0/1 : 19/13
train batch 19: predictions shape=(32, 2), labels shape=(32,)
epoch : 53
batch : 19/39
train accuracy : 0.46875
train pred 0/1 : 16/16 label 0/1 : 15/17
train batch 20: predictions shape=(32, 2), labels shape=(32,)
epoch : 53
batch : 20/39
train accuracy : 0.75
train pred 0/1 : 17/15 label 0/1 : 19/13
train batch 21: predictions shape=(32, 2), labels shape=(32,)
epoch : 53
batch : 21/39
train accuracy : 0.5625
train pred 0/1 : 11/21 label 0/1 : 13/19
train batch 22: predictions shape=(32, 2), labels shape=(32,)
epoch : 53
batch : 22/39
train accuracy : 0.5
train pred 0/1 : 18/14 label 0/1 : 18/14
train batch 23: predictions shape=(32, 2), labels shape=(32,)
epoch : 53
batch : 23/39
train accuracy : 0.40625
train pred 0/1 : 22/10 label 0/1 : 13/19
train batch 24: predictions shape=(32, 2), labels shape=(32,)
epoch : 53
batch : 24/39
train accuracy : 0.625
train pred 0/1 : 18/14 label 0/1 : 14/18
train batch 25: predictions shape=(32, 2), labels shape=(32,)
epoch : 53
batch : 25/39
train accuracy : 0.75
train pred 0/1 : 16/16 label 0/1 : 16/16
train batch 26: predictions shape=(32, 2), labels shape=(32,)
epoch : 53
batch : 26/39
train accuracy : 0.625
train pred 0/1 : 18/14 label 0/1 : 12/20
train batch 27: predictions shape=(32, 2), labels shape=(32,)
epoch : 53
batch : 27/39
train accuracy : 0.75
train pred 0/1 : 20/12 label 0/1 : 12/20
train batch 28: predictions shape=(32, 2), labels shape=(32,)
epoch : 53
batch : 28/39
train accuracy : 0.75
train pred 0/1 : 14/18 label 0/1 : 12/20
train batch 29: predictions shape=(32, 2), labels shape=(32,)
epoch : 53
batch : 29/39
train accuracy : 0.625
train pred 0/1 : 14/18 label 0/1 : 12/20
train batch 30: predictions shape=(32, 2), labels shape=(32,)
epoch : 53
batch : 30/39
train accuracy : 0.71875
train pred 0/1 : 12/20 label 0/1 : 13/19
train batch 31: predictions shape=(32, 2), labels shape=(32,)
epoch : 53
batch : 31/39
train accuracy : 0.78125
train pred 0/1 : 14/18 label 0/1 : 15/17
train batch 32: predictions shape=(32, 2), labels shape=(32,)
epoch : 53
batch : 32/39
train accuracy : 0.71875
train pred 0/1 : 10/22 label 0/1 : 13/19
train batch 33: predictions shape=(32, 2), labels shape=(32,)
epoch : 53
batch : 33/39
train accuracy : 0.71875
train pred 0/1 : 15/17 label 0/1 : 16/16
train batch 34: predictions shape=(32, 2), labels shape=(32,)
epoch : 53
batch : 34/39
train accuracy : 0.6875
train pred 0/1 : 13/19 label 0/1 : 13/19
train batch 35: predictions shape=(32, 2), labels shape=(32,)
epoch : 53
batch : 35/39
train accuracy : 0.65625
train pred 0/1 : 15/17 label 0/1 : 16/16
train batch 36: predictions shape=(32, 2), labels shape=(32,)
epoch : 53
batch : 36/39
train accuracy : 0.5
train pred 0/1 : 16/16 label 0/1 : 14/18
train batch 37: predictions shape=(32, 2), labels shape=(32,)
epoch : 53
batch : 37/39
train accuracy : 0.59375
train pred 0/1 : 13/19 label 0/1 : 10/22
train batch 38: predictions shape=(32, 2), labels shape=(32,)
epoch : 53
batch : 38/39
train accuracy : 0.71875
train pred 0/1 : 17/15 label 0/1 : 16/16
train batch 39: predictions shape=(8, 2), labels shape=(8,)
epoch : 53
batch : 39/39
train accuracy : 0.625
train pred 0/1 : 5/3 label 0/1 : 4/4
VALIDATION
valid batch 1: predictions shape=(32, 2), labels shape=(32,)
valid batch : 1/2
valid accuracy : 0.1875
valid pred 0/1 : 20/12 label 0/1 : 8/24
valid batch 2: predictions shape=(23, 2), labels shape=(23,)
valid batch : 2/2
valid accuracy : 0.08695652335882187
valid pred 0/1 : 20/3 label 0/1 : 5/18
valid epoch balanced_accuracy: 0.174908
EPOCH 54:
train batch 1: predictions shape=(32, 2), labels shape=(32,)
epoch : 54
batch : 1/39
train accuracy : 0.6875
train pred 0/1 : 11/21 label 0/1 : 17/15
train batch 2: predictions shape=(32, 2), labels shape=(32,)
epoch : 54
batch : 2/39
train accuracy : 0.71875
train pred 0/1 : 6/26 label 0/1 : 15/17
train batch 3: predictions shape=(32, 2), labels shape=(32,)
epoch : 54
batch : 3/39
train accuracy : 0.625
train pred 0/1 : 9/23 label 0/1 : 19/13
train batch 4: predictions shape=(32, 2), labels shape=(32,)
epoch : 54
batch : 4/39
train accuracy : 0.75
train pred 0/1 : 11/21 label 0/1 : 19/13
train batch 5: predictions shape=(32, 2), labels shape=(32,)
epoch : 54
batch : 5/39
train accuracy : 0.8125
train pred 0/1 : 6/26 label 0/1 : 10/22
train batch 6: predictions shape=(32, 2), labels shape=(32,)
epoch : 54
batch : 6/39
train accuracy : 0.6875
train pred 0/1 : 3/29 label 0/1 : 13/19
train batch 7: predictions shape=(32, 2), labels shape=(32,)
epoch : 54
batch : 7/39
train accuracy : 0.6875
train pred 0/1 : 6/26 label 0/1 : 16/16
train batch 8: predictions shape=(32, 2), labels shape=(32,)
epoch : 54
batch : 8/39
train accuracy : 0.65625
train pred 0/1 : 4/28 label 0/1 : 15/17
train batch 9: predictions shape=(32, 2), labels shape=(32,)
epoch : 54
batch : 9/39
train accuracy : 0.75
train pred 0/1 : 2/30 label 0/1 : 8/24
train batch 10: predictions shape=(32, 2), labels shape=(32,)
epoch : 54
batch : 10/39
train accuracy : 0.65625
train pred 0/1 : 6/26 label 0/1 : 17/15
train batch 11: predictions shape=(32, 2), labels shape=(32,)
epoch : 54
batch : 11/39
train accuracy : 0.625
train pred 0/1 : 2/30 label 0/1 : 10/22
train batch 12: predictions shape=(32, 2), labels shape=(32,)
epoch : 54
batch : 12/39
train accuracy : 0.5625
train pred 0/1 : 3/29 label 0/1 : 15/17
train batch 13: predictions shape=(32, 2), labels shape=(32,)
epoch : 54
batch : 13/39
train accuracy : 0.53125
train pred 0/1 : 6/26 label 0/1 : 17/15
train batch 14: predictions shape=(32, 2), labels shape=(32,)
epoch : 54
batch : 14/39
train accuracy : 0.625
train pred 0/1 : 3/29 label 0/1 : 13/19
train batch 15: predictions shape=(32, 2), labels shape=(32,)
epoch : 54
batch : 15/39
train accuracy : 0.625
train pred 0/1 : 2/30 label 0/1 : 14/18
train batch 16: predictions shape=(32, 2), labels shape=(32,)
epoch : 54
batch : 16/39
train accuracy : 0.6875
train pred 0/1 : 4/28 label 0/1 : 14/18
train batch 17: predictions shape=(32, 2), labels shape=(32,)
epoch : 54
batch : 17/39
train accuracy : 0.75
train pred 0/1 : 2/30 label 0/1 : 8/24
train batch 18: predictions shape=(32, 2), labels shape=(32,)
epoch : 54
batch : 18/39
train accuracy : 0.84375
train pred 0/1 : 5/27 label 0/1 : 10/22
train batch 19: predictions shape=(32, 2), labels shape=(32,)
epoch : 54
batch : 19/39
train accuracy : 0.59375
train pred 0/1 : 5/27 label 0/1 : 12/20
train batch 20: predictions shape=(32, 2), labels shape=(32,)
epoch : 54
batch : 20/39
train accuracy : 0.625
train pred 0/1 : 6/26 label 0/1 : 18/14
train batch 21: predictions shape=(32, 2), labels shape=(32,)
epoch : 54
batch : 21/39
train accuracy : 0.59375
train pred 0/1 : 5/27 label 0/1 : 16/16
train batch 22: predictions shape=(32, 2), labels shape=(32,)
epoch : 54
batch : 22/39
train accuracy : 0.46875
train pred 0/1 : 2/30 label 0/1 : 19/13
train batch 23: predictions shape=(32, 2), labels shape=(32,)
epoch : 54
batch : 23/39
train accuracy : 0.6875
train pred 0/1 : 2/30 label 0/1 : 12/20
train batch 24: predictions shape=(32, 2), labels shape=(32,)
epoch : 54
batch : 24/39
train accuracy : 0.6875
train pred 0/1 : 3/29 label 0/1 : 13/19
train batch 25: predictions shape=(32, 2), labels shape=(32,)
epoch : 54
batch : 25/39
train accuracy : 0.65625
train pred 0/1 : 2/30 label 0/1 : 13/19
train batch 26: predictions shape=(32, 2), labels shape=(32,)
epoch : 54
batch : 26/39
train accuracy : 0.625
train pred 0/1 : 7/25 label 0/1 : 19/13
train batch 27: predictions shape=(32, 2), labels shape=(32,)
epoch : 54
batch : 27/39
train accuracy : 0.75
train pred 0/1 : 9/23 label 0/1 : 11/21
train batch 28: predictions shape=(32, 2), labels shape=(32,)
epoch : 54
batch : 28/39
train accuracy : 0.65625
train pred 0/1 : 8/24 label 0/1 : 17/15
train batch 29: predictions shape=(32, 2), labels shape=(32,)
epoch : 54
batch : 29/39
train accuracy : 0.71875
train pred 0/1 : 7/25 label 0/1 : 10/22
train batch 30: predictions shape=(32, 2), labels shape=(32,)
epoch : 54
batch : 30/39
train accuracy : 0.71875
train pred 0/1 : 9/23 label 0/1 : 18/14
train batch 31: predictions shape=(32, 2), labels shape=(32,)
epoch : 54
batch : 31/39
train accuracy : 0.6875
train pred 0/1 : 11/21 label 0/1 : 17/15
train batch 32: predictions shape=(32, 2), labels shape=(32,)
epoch : 54
batch : 32/39
train accuracy : 0.75
train pred 0/1 : 11/21 label 0/1 : 11/21
train batch 33: predictions shape=(32, 2), labels shape=(32,)
epoch : 54
batch : 33/39
train accuracy : 0.625
train pred 0/1 : 7/25 label 0/1 : 15/17
train batch 34: predictions shape=(32, 2), labels shape=(32,)
epoch : 54
batch : 34/39
train accuracy : 0.625
train pred 0/1 : 11/21 label 0/1 : 17/15
train batch 35: predictions shape=(32, 2), labels shape=(32,)
epoch : 54
batch : 35/39
train accuracy : 0.75
train pred 0/1 : 4/28 label 0/1 : 8/24
train batch 36: predictions shape=(32, 2), labels shape=(32,)
epoch : 54
batch : 36/39
train accuracy : 0.59375
train pred 0/1 : 10/22 label 0/1 : 17/15
train batch 37: predictions shape=(32, 2), labels shape=(32,)
epoch : 54
batch : 37/39
train accuracy : 0.6875
train pred 0/1 : 16/16 label 0/1 : 20/12
train batch 38: predictions shape=(32, 2), labels shape=(32,)
epoch : 54
batch : 38/39
train accuracy : 0.71875
train pred 0/1 : 9/23 label 0/1 : 12/20
train batch 39: predictions shape=(8, 2), labels shape=(8,)
epoch : 54
batch : 39/39
train accuracy : 0.75
train pred 0/1 : 6/2 label 0/1 : 4/4
VALIDATION
valid batch 1: predictions shape=(32, 2), labels shape=(32,)
valid batch : 1/2
valid accuracy : 0.25
valid pred 0/1 : 24/8 label 0/1 : 10/22
valid batch 2: predictions shape=(23, 2), labels shape=(23,)
valid batch : 2/2
valid accuracy : 0.1304347813129425
valid pred 0/1 : 21/2 label 0/1 : 3/20
valid epoch balanced_accuracy: 0.316850
EPOCH 55:
train batch 1: predictions shape=(32, 2), labels shape=(32,)
epoch : 55
batch : 1/39
train accuracy : 0.65625
train pred 0/1 : 15/17 label 0/1 : 14/18
train batch 2: predictions shape=(32, 2), labels shape=(32,)
epoch : 55
batch : 2/39
train accuracy : 0.75
train pred 0/1 : 19/13 label 0/1 : 17/15
train batch 3: predictions shape=(32, 2), labels shape=(32,)
epoch : 55
batch : 3/39
train accuracy : 0.71875
train pred 0/1 : 14/18 label 0/1 : 15/17
train batch 4: predictions shape=(32, 2), labels shape=(32,)
epoch : 55
batch : 4/39
train accuracy : 0.6875
train pred 0/1 : 15/17 label 0/1 : 13/19
train batch 5: predictions shape=(32, 2), labels shape=(32,)
epoch : 55
batch : 5/39
train accuracy : 0.625
train pred 0/1 : 17/15 label 0/1 : 17/15
train batch 6: predictions shape=(32, 2), labels shape=(32,)
epoch : 55
batch : 6/39
train accuracy : 0.59375
train pred 0/1 : 17/15 label 0/1 : 16/16
train batch 7: predictions shape=(32, 2), labels shape=(32,)
epoch : 55
batch : 7/39
train accuracy : 0.8125
train pred 0/1 : 14/18 label 0/1 : 16/16
train batch 8: predictions shape=(32, 2), labels shape=(32,)
epoch : 55
batch : 8/39
train accuracy : 0.8125
train pred 0/1 : 11/21 label 0/1 : 9/23
train batch 9: predictions shape=(32, 2), labels shape=(32,)
epoch : 55
batch : 9/39
train accuracy : 0.84375
train pred 0/1 : 19/13 label 0/1 : 14/18
train batch 10: predictions shape=(32, 2), labels shape=(32,)
epoch : 55
batch : 10/39
train accuracy : 0.75
train pred 0/1 : 17/15 label 0/1 : 15/17
train batch 11: predictions shape=(32, 2), labels shape=(32,)
epoch : 55
batch : 11/39
train accuracy : 0.65625
train pred 0/1 : 14/18 label 0/1 : 13/19
train batch 12: predictions shape=(32, 2), labels shape=(32,)
epoch : 55
batch : 12/39
train accuracy : 0.625
train pred 0/1 : 13/19 label 0/1 : 15/17
train batch 13: predictions shape=(32, 2), labels shape=(32,)
epoch : 55
batch : 13/39
train accuracy : 0.78125
train pred 0/1 : 11/21 label 0/1 : 12/20
train batch 14: predictions shape=(32, 2), labels shape=(32,)
epoch : 55
batch : 14/39
train accuracy : 0.625
train pred 0/1 : 8/24 label 0/1 : 12/20
train batch 15: predictions shape=(32, 2), labels shape=(32,)
epoch : 55
batch : 15/39
train accuracy : 0.65625
train pred 0/1 : 11/21 label 0/1 : 14/18
train batch 16: predictions shape=(32, 2), labels shape=(32,)
epoch : 55
batch : 16/39
train accuracy : 0.78125
train pred 0/1 : 12/20 label 0/1 : 15/17
train batch 17: predictions shape=(32, 2), labels shape=(32,)
epoch : 55
batch : 17/39
train accuracy : 0.71875
train pred 0/1 : 15/17 label 0/1 : 16/16
train batch 18: predictions shape=(32, 2), labels shape=(32,)
epoch : 55
batch : 18/39
train accuracy : 0.6875
train pred 0/1 : 19/13 label 0/1 : 15/17
train batch 19: predictions shape=(32, 2), labels shape=(32,)
epoch : 55
batch : 19/39
train accuracy : 0.65625
train pred 0/1 : 19/13 label 0/1 : 10/22
train batch 20: predictions shape=(32, 2), labels shape=(32,)
epoch : 55
batch : 20/39
train accuracy : 0.625
train pred 0/1 : 16/16 label 0/1 : 14/18
train batch 21: predictions shape=(32, 2), labels shape=(32,)
epoch : 55
batch : 21/39
train accuracy : 0.65625
train pred 0/1 : 23/9 label 0/1 : 18/14
train batch 22: predictions shape=(32, 2), labels shape=(32,)
epoch : 55
batch : 22/39
train accuracy : 0.53125
train pred 0/1 : 27/5 label 0/1 : 14/18
train batch 23: predictions shape=(32, 2), labels shape=(32,)
epoch : 55
batch : 23/39
train accuracy : 0.5
train pred 0/1 : 23/9 label 0/1 : 13/19
train batch 24: predictions shape=(32, 2), labels shape=(32,)
epoch : 55
batch : 24/39
train accuracy : 0.71875
train pred 0/1 : 22/10 label 0/1 : 17/15
train batch 25: predictions shape=(32, 2), labels shape=(32,)
epoch : 55
batch : 25/39
train accuracy : 0.6875
train pred 0/1 : 25/7 label 0/1 : 17/15
train batch 26: predictions shape=(32, 2), labels shape=(32,)
epoch : 55
batch : 26/39
train accuracy : 0.46875
train pred 0/1 : 29/3 label 0/1 : 14/18
train batch 27: predictions shape=(32, 2), labels shape=(32,)
epoch : 55
batch : 27/39
train accuracy : 0.59375
train pred 0/1 : 23/9 label 0/1 : 12/20
train batch 28: predictions shape=(32, 2), labels shape=(32,)
epoch : 55
batch : 28/39
train accuracy : 0.71875
train pred 0/1 : 24/8 label 0/1 : 17/15
train batch 29: predictions shape=(32, 2), labels shape=(32,)
epoch : 55
batch : 29/39
train accuracy : 0.6875
train pred 0/1 : 17/15 label 0/1 : 9/23
train batch 30: predictions shape=(32, 2), labels shape=(32,)
epoch : 55
batch : 30/39
train accuracy : 0.8125
train pred 0/1 : 18/14 label 0/1 : 16/16
train batch 31: predictions shape=(32, 2), labels shape=(32,)
epoch : 55
batch : 31/39
train accuracy : 0.59375
train pred 0/1 : 13/19 label 0/1 : 14/18
train batch 32: predictions shape=(32, 2), labels shape=(32,)
epoch : 55
batch : 32/39
train accuracy : 0.5625
train pred 0/1 : 15/17 label 0/1 : 17/15
train batch 33: predictions shape=(32, 2), labels shape=(32,)
epoch : 55
batch : 33/39
train accuracy : 0.75
train pred 0/1 : 11/21 label 0/1 : 11/21
train batch 34: predictions shape=(32, 2), labels shape=(32,)
epoch : 55
batch : 34/39
train accuracy : 0.6875
train pred 0/1 : 14/18 label 0/1 : 16/16
train batch 35: predictions shape=(32, 2), labels shape=(32,)
epoch : 55
batch : 35/39
train accuracy : 0.75
train pred 0/1 : 10/22 label 0/1 : 16/16
train batch 36: predictions shape=(32, 2), labels shape=(32,)
epoch : 55
batch : 36/39
train accuracy : 0.71875
train pred 0/1 : 14/18 label 0/1 : 13/19
train batch 37: predictions shape=(32, 2), labels shape=(32,)
epoch : 55
batch : 37/39
train accuracy : 0.78125
train pred 0/1 : 10/22 label 0/1 : 13/19
train batch 38: predictions shape=(32, 2), labels shape=(32,)
epoch : 55
batch : 38/39
train accuracy : 0.71875
train pred 0/1 : 12/20 label 0/1 : 17/15
train batch 39: predictions shape=(8, 2), labels shape=(8,)
epoch : 55
batch : 39/39
train accuracy : 0.375
train pred 0/1 : 4/4 label 0/1 : 3/5
VALIDATION
valid batch 1: predictions shape=(32, 2), labels shape=(32,)
valid batch : 1/2
valid accuracy : 0.25
valid pred 0/1 : 25/7 label 0/1 : 9/23
valid batch 2: predictions shape=(23, 2), labels shape=(23,)
valid batch : 2/2
valid accuracy : 0.1304347813129425
valid pred 0/1 : 20/3 label 0/1 : 4/19
valid epoch balanced_accuracy: 0.316850
EPOCH 56:
train batch 1: predictions shape=(32, 2), labels shape=(32,)
epoch : 56
batch : 1/39
train accuracy : 0.625
train pred 0/1 : 12/20 label 0/1 : 16/16
train batch 2: predictions shape=(32, 2), labels shape=(32,)
epoch : 56
batch : 2/39
train accuracy : 0.84375
train pred 0/1 : 12/20 label 0/1 : 15/17
train batch 3: predictions shape=(32, 2), labels shape=(32,)
epoch : 56
batch : 3/39
train accuracy : 0.75
train pred 0/1 : 11/21 label 0/1 : 9/23
train batch 4: predictions shape=(32, 2), labels shape=(32,)
epoch : 56
batch : 4/39
train accuracy : 0.6875
train pred 0/1 : 15/17 label 0/1 : 13/19
train batch 5: predictions shape=(32, 2), labels shape=(32,)
epoch : 56
batch : 5/39
train accuracy : 0.90625
train pred 0/1 : 9/23 label 0/1 : 10/22
train batch 6: predictions shape=(32, 2), labels shape=(32,)
epoch : 56
batch : 6/39
train accuracy : 0.5625
train pred 0/1 : 11/21 label 0/1 : 13/19
train batch 7: predictions shape=(32, 2), labels shape=(32,)
epoch : 56
batch : 7/39
train accuracy : 0.625
train pred 0/1 : 11/21 label 0/1 : 15/17
train batch 8: predictions shape=(32, 2), labels shape=(32,)
epoch : 56
batch : 8/39
train accuracy : 0.6875
train pred 0/1 : 9/23 label 0/1 : 15/17
train batch 9: predictions shape=(32, 2), labels shape=(32,)
epoch : 56
batch : 9/39
train accuracy : 0.8125
train pred 0/1 : 16/16 label 0/1 : 18/14
train batch 10: predictions shape=(32, 2), labels shape=(32,)
epoch : 56
batch : 10/39
train accuracy : 0.6875
train pred 0/1 : 15/17 label 0/1 : 17/15
train batch 11: predictions shape=(32, 2), labels shape=(32,)
epoch : 56
batch : 11/39
train accuracy : 0.75
train pred 0/1 : 14/18 label 0/1 : 12/20
train batch 12: predictions shape=(32, 2), labels shape=(32,)
epoch : 56
batch : 12/39
train accuracy : 0.6875
train pred 0/1 : 13/19 label 0/1 : 15/17
train batch 13: predictions shape=(32, 2), labels shape=(32,)
epoch : 56
batch : 13/39
train accuracy : 0.71875
train pred 0/1 : 14/18 label 0/1 : 15/17
train batch 14: predictions shape=(32, 2), labels shape=(32,)
epoch : 56
batch : 14/39
train accuracy : 0.84375
train pred 0/1 : 12/20 label 0/1 : 13/19
train batch 15: predictions shape=(32, 2), labels shape=(32,)
epoch : 56
batch : 15/39
train accuracy : 0.625
train pred 0/1 : 18/14 label 0/1 : 22/10
train batch 16: predictions shape=(32, 2), labels shape=(32,)
epoch : 56
batch : 16/39
train accuracy : 0.71875
train pred 0/1 : 12/20 label 0/1 : 9/23
train batch 17: predictions shape=(32, 2), labels shape=(32,)
epoch : 56
batch : 17/39
train accuracy : 0.75
train pred 0/1 : 15/17 label 0/1 : 15/17
train batch 18: predictions shape=(32, 2), labels shape=(32,)
epoch : 56
batch : 18/39
train accuracy : 0.65625
train pred 0/1 : 16/16 label 0/1 : 15/17
train batch 19: predictions shape=(32, 2), labels shape=(32,)
epoch : 56
batch : 19/39
train accuracy : 0.6875
train pred 0/1 : 17/15 label 0/1 : 11/21
train batch 20: predictions shape=(32, 2), labels shape=(32,)
epoch : 56
batch : 20/39
train accuracy : 0.625
train pred 0/1 : 14/18 label 0/1 : 18/14
train batch 21: predictions shape=(32, 2), labels shape=(32,)
epoch : 56
batch : 21/39
train accuracy : 0.625
train pred 0/1 : 10/22 label 0/1 : 16/16
train batch 22: predictions shape=(32, 2), labels shape=(32,)
epoch : 56
batch : 22/39
train accuracy : 0.59375
train pred 0/1 : 14/18 label 0/1 : 15/17
train batch 23: predictions shape=(32, 2), labels shape=(32,)
epoch : 56
batch : 23/39
train accuracy : 0.8125
train pred 0/1 : 9/23 label 0/1 : 13/19
train batch 24: predictions shape=(32, 2), labels shape=(32,)
epoch : 56
batch : 24/39
train accuracy : 0.59375
train pred 0/1 : 11/21 label 0/1 : 16/16
train batch 25: predictions shape=(32, 2), labels shape=(32,)
epoch : 56
batch : 25/39
train accuracy : 0.65625
train pred 0/1 : 22/10 label 0/1 : 11/21
train batch 26: predictions shape=(32, 2), labels shape=(32,)
epoch : 56
batch : 26/39
train accuracy : 0.59375
train pred 0/1 : 24/8 label 0/1 : 13/19
train batch 27: predictions shape=(32, 2), labels shape=(32,)
epoch : 56
batch : 27/39
train accuracy : 0.8125
train pred 0/1 : 21/11 label 0/1 : 21/11
train batch 28: predictions shape=(32, 2), labels shape=(32,)
epoch : 56
batch : 28/39
train accuracy : 0.59375
train pred 0/1 : 21/11 label 0/1 : 14/18
train batch 29: predictions shape=(32, 2), labels shape=(32,)
epoch : 56
batch : 29/39
train accuracy : 0.5625
train pred 0/1 : 24/8 label 0/1 : 10/22
train batch 30: predictions shape=(32, 2), labels shape=(32,)
epoch : 56
batch : 30/39
train accuracy : 0.6875
train pred 0/1 : 25/7 label 0/1 : 17/15
train batch 31: predictions shape=(32, 2), labels shape=(32,)
epoch : 56
batch : 31/39
train accuracy : 0.65625
train pred 0/1 : 22/10 label 0/1 : 17/15
train batch 32: predictions shape=(32, 2), labels shape=(32,)
epoch : 56
batch : 32/39
train accuracy : 0.59375
train pred 0/1 : 23/9 label 0/1 : 18/14
train batch 33: predictions shape=(32, 2), labels shape=(32,)
epoch : 56
batch : 33/39
train accuracy : 0.71875
train pred 0/1 : 12/20 label 0/1 : 11/21
train batch 34: predictions shape=(32, 2), labels shape=(32,)
epoch : 56
batch : 34/39
train accuracy : 0.75
train pred 0/1 : 16/16 label 0/1 : 12/20
train batch 35: predictions shape=(32, 2), labels shape=(32,)
epoch : 56
batch : 35/39
train accuracy : 0.625
train pred 0/1 : 14/18 label 0/1 : 14/18
train batch 36: predictions shape=(32, 2), labels shape=(32,)
epoch : 56
batch : 36/39
train accuracy : 0.78125
train pred 0/1 : 10/22 label 0/1 : 11/21
train batch 37: predictions shape=(32, 2), labels shape=(32,)
epoch : 56
batch : 37/39
train accuracy : 0.6875
train pred 0/1 : 14/18 label 0/1 : 14/18
train batch 38: predictions shape=(32, 2), labels shape=(32,)
epoch : 56
batch : 38/39
train accuracy : 0.625
train pred 0/1 : 10/22 label 0/1 : 16/16
train batch 39: predictions shape=(8, 2), labels shape=(8,)
epoch : 56
batch : 39/39
train accuracy : 0.5
train pred 0/1 : 0/8 label 0/1 : 4/4
VALIDATION
valid batch 1: predictions shape=(32, 2), labels shape=(32,)
valid batch : 1/2
valid accuracy : 0.21875
valid pred 0/1 : 28/4 label 0/1 : 9/23
valid batch 2: predictions shape=(23, 2), labels shape=(23,)
valid batch : 2/2
valid accuracy : 0.17391304671764374
valid pred 0/1 : 19/4 label 0/1 : 4/19
valid epoch balanced_accuracy: 0.343407
EPOCH 57:
train batch 1: predictions shape=(32, 2), labels shape=(32,)
epoch : 57
batch : 1/39
train accuracy : 0.75
train pred 0/1 : 14/18 label 0/1 : 14/18
train batch 2: predictions shape=(32, 2), labels shape=(32,)
epoch : 57
batch : 2/39
train accuracy : 0.59375
train pred 0/1 : 23/9 label 0/1 : 14/18
train batch 3: predictions shape=(32, 2), labels shape=(32,)
epoch : 57
batch : 3/39
train accuracy : 0.5
train pred 0/1 : 27/5 label 0/1 : 13/19
train batch 4: predictions shape=(32, 2), labels shape=(32,)
epoch : 57
batch : 4/39
train accuracy : 0.40625
train pred 0/1 : 31/1 label 0/1 : 14/18
train batch 5: predictions shape=(32, 2), labels shape=(32,)
epoch : 57
batch : 5/39
train accuracy : 0.625
train pred 0/1 : 31/1 label 0/1 : 19/13
train batch 6: predictions shape=(32, 2), labels shape=(32,)
epoch : 57
batch : 6/39
train accuracy : 0.5
train pred 0/1 : 29/3 label 0/1 : 13/19
train batch 7: predictions shape=(32, 2), labels shape=(32,)
epoch : 57
batch : 7/39
train accuracy : 0.53125
train pred 0/1 : 30/2 label 0/1 : 15/17
train batch 8: predictions shape=(32, 2), labels shape=(32,)
epoch : 57
batch : 8/39
train accuracy : 0.5
train pred 0/1 : 30/2 label 0/1 : 14/18
train batch 9: predictions shape=(32, 2), labels shape=(32,)
epoch : 57
batch : 9/39
train accuracy : 0.53125
train pred 0/1 : 29/3 label 0/1 : 14/18
train batch 10: predictions shape=(32, 2), labels shape=(32,)
epoch : 57
batch : 10/39
train accuracy : 0.5
train pred 0/1 : 27/5 label 0/1 : 13/19
train batch 11: predictions shape=(32, 2), labels shape=(32,)
epoch : 57
batch : 11/39
train accuracy : 0.625
train pred 0/1 : 25/7 label 0/1 : 13/19
train batch 12: predictions shape=(32, 2), labels shape=(32,)
epoch : 57
batch : 12/39
train accuracy : 0.75
train pred 0/1 : 22/10 label 0/1 : 16/16
train batch 13: predictions shape=(32, 2), labels shape=(32,)
epoch : 57
batch : 13/39
train accuracy : 0.78125
train pred 0/1 : 17/15 label 0/1 : 14/18
train batch 14: predictions shape=(32, 2), labels shape=(32,)
epoch : 57
batch : 14/39
train accuracy : 0.59375
train pred 0/1 : 13/19 label 0/1 : 16/16
train batch 15: predictions shape=(32, 2), labels shape=(32,)
epoch : 57
batch : 15/39
train accuracy : 0.65625
train pred 0/1 : 10/22 label 0/1 : 17/15
train batch 16: predictions shape=(32, 2), labels shape=(32,)
epoch : 57
batch : 16/39
train accuracy : 0.6875
train pred 0/1 : 16/16 label 0/1 : 16/16
train batch 17: predictions shape=(32, 2), labels shape=(32,)
epoch : 57
batch : 17/39
train accuracy : 0.71875
train pred 0/1 : 9/23 label 0/1 : 14/18
train batch 18: predictions shape=(32, 2), labels shape=(32,)
epoch : 57
batch : 18/39
train accuracy : 0.625
train pred 0/1 : 8/24 label 0/1 : 16/16
train batch 19: predictions shape=(32, 2), labels shape=(32,)
epoch : 57
batch : 19/39
train accuracy : 0.65625
train pred 0/1 : 8/24 label 0/1 : 19/13
train batch 20: predictions shape=(32, 2), labels shape=(32,)
epoch : 57
batch : 20/39
train accuracy : 0.71875
train pred 0/1 : 6/26 label 0/1 : 11/21
train batch 21: predictions shape=(32, 2), labels shape=(32,)
epoch : 57
batch : 21/39
train accuracy : 0.71875
train pred 0/1 : 9/23 label 0/1 : 14/18
train batch 22: predictions shape=(32, 2), labels shape=(32,)
epoch : 57
batch : 22/39
train accuracy : 0.75
train pred 0/1 : 11/21 label 0/1 : 19/13
train batch 23: predictions shape=(32, 2), labels shape=(32,)
epoch : 57
batch : 23/39
train accuracy : 0.59375
train pred 0/1 : 6/26 label 0/1 : 19/13
train batch 24: predictions shape=(32, 2), labels shape=(32,)
epoch : 57
batch : 24/39
train accuracy : 0.59375
train pred 0/1 : 10/22 label 0/1 : 15/17
train batch 25: predictions shape=(32, 2), labels shape=(32,)
epoch : 57
batch : 25/39
train accuracy : 0.59375
train pred 0/1 : 11/21 label 0/1 : 18/14
train batch 26: predictions shape=(32, 2), labels shape=(32,)
epoch : 57
batch : 26/39
train accuracy : 0.59375
train pred 0/1 : 18/14 label 0/1 : 11/21
train batch 27: predictions shape=(32, 2), labels shape=(32,)
epoch : 57
batch : 27/39
train accuracy : 0.71875
train pred 0/1 : 17/15 label 0/1 : 14/18
train batch 28: predictions shape=(32, 2), labels shape=(32,)
epoch : 57
batch : 28/39
train accuracy : 0.65625
train pred 0/1 : 25/7 label 0/1 : 18/14
train batch 29: predictions shape=(32, 2), labels shape=(32,)
epoch : 57
batch : 29/39
train accuracy : 0.65625
train pred 0/1 : 17/15 label 0/1 : 8/24
train batch 30: predictions shape=(32, 2), labels shape=(32,)
epoch : 57
batch : 30/39
train accuracy : 0.65625
train pred 0/1 : 16/16 label 0/1 : 11/21
train batch 31: predictions shape=(32, 2), labels shape=(32,)
epoch : 57
batch : 31/39
train accuracy : 0.78125
train pred 0/1 : 17/15 label 0/1 : 16/16
train batch 32: predictions shape=(32, 2), labels shape=(32,)
epoch : 57
batch : 32/39
train accuracy : 0.71875
train pred 0/1 : 13/19 label 0/1 : 16/16
train batch 33: predictions shape=(32, 2), labels shape=(32,)
epoch : 57
batch : 33/39
train accuracy : 0.75
train pred 0/1 : 14/18 label 0/1 : 12/20
train batch 34: predictions shape=(32, 2), labels shape=(32,)
epoch : 57
batch : 34/39
train accuracy : 0.75
train pred 0/1 : 12/20 label 0/1 : 14/18
train batch 35: predictions shape=(32, 2), labels shape=(32,)
epoch : 57
batch : 35/39
train accuracy : 0.71875
train pred 0/1 : 10/22 label 0/1 : 13/19
train batch 36: predictions shape=(32, 2), labels shape=(32,)
epoch : 57
batch : 36/39
train accuracy : 0.75
train pred 0/1 : 6/26 label 0/1 : 8/24
train batch 37: predictions shape=(32, 2), labels shape=(32,)
epoch : 57
batch : 37/39
train accuracy : 0.71875
train pred 0/1 : 9/23 label 0/1 : 10/22
train batch 38: predictions shape=(32, 2), labels shape=(32,)
epoch : 57
batch : 38/39
train accuracy : 0.65625
train pred 0/1 : 6/26 label 0/1 : 15/17
train batch 39: predictions shape=(8, 2), labels shape=(8,)
epoch : 57
batch : 39/39
train accuracy : 0.5
train pred 0/1 : 3/5 label 0/1 : 3/5
VALIDATION
valid batch 1: predictions shape=(32, 2), labels shape=(32,)
valid batch : 1/2
valid accuracy : 0.25
valid pred 0/1 : 24/8 label 0/1 : 6/26
valid batch 2: predictions shape=(23, 2), labels shape=(23,)
valid batch : 2/2
valid accuracy : 0.17391304671764374
valid pred 0/1 : 20/3 label 0/1 : 7/16
valid epoch balanced_accuracy: 0.328755
EPOCH 58:
train batch 1: predictions shape=(32, 2), labels shape=(32,)
epoch : 58
batch : 1/39
train accuracy : 0.59375
train pred 0/1 : 8/24 label 0/1 : 11/21
train batch 2: predictions shape=(32, 2), labels shape=(32,)
epoch : 58
batch : 2/39
train accuracy : 0.875
train pred 0/1 : 17/15 label 0/1 : 15/17
train batch 3: predictions shape=(32, 2), labels shape=(32,)
epoch : 58
batch : 3/39
train accuracy : 0.71875
train pred 0/1 : 18/14 label 0/1 : 17/15
train batch 4: predictions shape=(32, 2), labels shape=(32,)
epoch : 58
batch : 4/39
train accuracy : 0.75
train pred 0/1 : 20/12 label 0/1 : 18/14
train batch 5: predictions shape=(32, 2), labels shape=(32,)
epoch : 58
batch : 5/39
train accuracy : 0.625
train pred 0/1 : 23/9 label 0/1 : 13/19
train batch 6: predictions shape=(32, 2), labels shape=(32,)
epoch : 58
batch : 6/39
train accuracy : 0.53125
train pred 0/1 : 30/2 label 0/1 : 15/17
train batch 7: predictions shape=(32, 2), labels shape=(32,)
epoch : 58
batch : 7/39
train accuracy : 0.5
train pred 0/1 : 26/6 label 0/1 : 12/20
train batch 8: predictions shape=(32, 2), labels shape=(32,)
epoch : 58
batch : 8/39
train accuracy : 0.59375
train pred 0/1 : 26/6 label 0/1 : 15/17
train batch 9: predictions shape=(32, 2), labels shape=(32,)
epoch : 58
batch : 9/39
train accuracy : 0.53125
train pred 0/1 : 25/7 label 0/1 : 12/20
train batch 10: predictions shape=(32, 2), labels shape=(32,)
epoch : 58
batch : 10/39
train accuracy : 0.59375
train pred 0/1 : 26/6 label 0/1 : 15/17
train batch 11: predictions shape=(32, 2), labels shape=(32,)
epoch : 58
batch : 11/39
train accuracy : 0.6875
train pred 0/1 : 24/8 label 0/1 : 16/16
train batch 12: predictions shape=(32, 2), labels shape=(32,)
epoch : 58
batch : 12/39
train accuracy : 0.625
train pred 0/1 : 18/14 label 0/1 : 12/20
train batch 13: predictions shape=(32, 2), labels shape=(32,)
epoch : 58
batch : 13/39
train accuracy : 0.6875
train pred 0/1 : 17/15 label 0/1 : 17/15
train batch 14: predictions shape=(32, 2), labels shape=(32,)
epoch : 58
batch : 14/39
train accuracy : 0.75
train pred 0/1 : 9/23 label 0/1 : 11/21
train batch 15: predictions shape=(32, 2), labels shape=(32,)
epoch : 58
batch : 15/39
train accuracy : 0.8125
train pred 0/1 : 8/24 label 0/1 : 14/18
train batch 16: predictions shape=(32, 2), labels shape=(32,)
epoch : 58
batch : 16/39
train accuracy : 0.6875
train pred 0/1 : 5/27 label 0/1 : 13/19
train batch 17: predictions shape=(32, 2), labels shape=(32,)
epoch : 58
batch : 17/39
train accuracy : 0.6875
train pred 0/1 : 10/22 label 0/1 : 18/14
train batch 18: predictions shape=(32, 2), labels shape=(32,)
epoch : 58
batch : 18/39
train accuracy : 0.625
train pred 0/1 : 8/24 label 0/1 : 14/18
train batch 19: predictions shape=(32, 2), labels shape=(32,)
epoch : 58
batch : 19/39
train accuracy : 0.78125
train pred 0/1 : 6/26 label 0/1 : 11/21
train batch 20: predictions shape=(32, 2), labels shape=(32,)
epoch : 58
batch : 20/39
train accuracy : 0.75
train pred 0/1 : 11/21 label 0/1 : 17/15
train batch 21: predictions shape=(32, 2), labels shape=(32,)
epoch : 58
batch : 21/39
train accuracy : 0.71875
train pred 0/1 : 5/27 label 0/1 : 12/20
train batch 22: predictions shape=(32, 2), labels shape=(32,)
epoch : 58
batch : 22/39
train accuracy : 0.65625
train pred 0/1 : 8/24 label 0/1 : 15/17
train batch 23: predictions shape=(32, 2), labels shape=(32,)
epoch : 58
batch : 23/39
train accuracy : 0.71875
train pred 0/1 : 14/18 label 0/1 : 15/17
train batch 24: predictions shape=(32, 2), labels shape=(32,)
epoch : 58
batch : 24/39
train accuracy : 0.875
train pred 0/1 : 10/22 label 0/1 : 14/18
train batch 25: predictions shape=(32, 2), labels shape=(32,)
epoch : 58
batch : 25/39
train accuracy : 0.71875
train pred 0/1 : 11/21 label 0/1 : 14/18
train batch 26: predictions shape=(32, 2), labels shape=(32,)
epoch : 58
batch : 26/39
train accuracy : 0.65625
train pred 0/1 : 16/16 label 0/1 : 15/17
train batch 27: predictions shape=(32, 2), labels shape=(32,)
epoch : 58
batch : 27/39
train accuracy : 0.71875
train pred 0/1 : 15/17 label 0/1 : 16/16
train batch 28: predictions shape=(32, 2), labels shape=(32,)
epoch : 58
batch : 28/39
train accuracy : 0.75
train pred 0/1 : 10/22 label 0/1 : 14/18
train batch 29: predictions shape=(32, 2), labels shape=(32,)
epoch : 58
batch : 29/39
train accuracy : 0.71875
train pred 0/1 : 21/11 label 0/1 : 16/16
train batch 30: predictions shape=(32, 2), labels shape=(32,)
epoch : 58
batch : 30/39
train accuracy : 0.75
train pred 0/1 : 20/12 label 0/1 : 16/16
train batch 31: predictions shape=(32, 2), labels shape=(32,)
epoch : 58
batch : 31/39
train accuracy : 0.65625
train pred 0/1 : 18/14 label 0/1 : 15/17
train batch 32: predictions shape=(32, 2), labels shape=(32,)
epoch : 58
batch : 32/39
train accuracy : 0.65625
train pred 0/1 : 22/10 label 0/1 : 17/15
train batch 33: predictions shape=(32, 2), labels shape=(32,)
epoch : 58
batch : 33/39
train accuracy : 0.625
train pred 0/1 : 20/12 label 0/1 : 12/20
train batch 34: predictions shape=(32, 2), labels shape=(32,)
epoch : 58
batch : 34/39
train accuracy : 0.625
train pred 0/1 : 20/12 label 0/1 : 14/18
train batch 35: predictions shape=(32, 2), labels shape=(32,)
epoch : 58
batch : 35/39
train accuracy : 0.65625
train pred 0/1 : 23/9 label 0/1 : 12/20
train batch 36: predictions shape=(32, 2), labels shape=(32,)
epoch : 58
batch : 36/39
train accuracy : 0.71875
train pred 0/1 : 14/18 label 0/1 : 11/21
train batch 37: predictions shape=(32, 2), labels shape=(32,)
epoch : 58
batch : 37/39
train accuracy : 0.6875
train pred 0/1 : 19/13 label 0/1 : 15/17
train batch 38: predictions shape=(32, 2), labels shape=(32,)
epoch : 58
batch : 38/39
train accuracy : 0.6875
train pred 0/1 : 14/18 label 0/1 : 16/16
train batch 39: predictions shape=(8, 2), labels shape=(8,)
epoch : 58
batch : 39/39
train accuracy : 0.75
train pred 0/1 : 4/4 label 0/1 : 4/4
VALIDATION
valid batch 1: predictions shape=(32, 2), labels shape=(32,)
valid batch : 1/2
valid accuracy : 0.1875
valid pred 0/1 : 25/7 label 0/1 : 9/23
valid batch 2: predictions shape=(23, 2), labels shape=(23,)
valid batch : 2/2
valid accuracy : 0.21739131212234497
valid pred 0/1 : 18/5 label 0/1 : 4/19
valid epoch balanced_accuracy: 0.290293
EPOCH 59:
train batch 1: predictions shape=(32, 2), labels shape=(32,)
epoch : 59
batch : 1/39
train accuracy : 0.6875
train pred 0/1 : 6/26 label 0/1 : 10/22
train batch 2: predictions shape=(32, 2), labels shape=(32,)
epoch : 59
batch : 2/39
train accuracy : 0.75
train pred 0/1 : 14/18 label 0/1 : 18/14
train batch 3: predictions shape=(32, 2), labels shape=(32,)
epoch : 59
batch : 3/39
train accuracy : 0.625
train pred 0/1 : 8/24 label 0/1 : 18/14
train batch 4: predictions shape=(32, 2), labels shape=(32,)
epoch : 59
batch : 4/39
train accuracy : 0.625
train pred 0/1 : 7/25 label 0/1 : 13/19
train batch 5: predictions shape=(32, 2), labels shape=(32,)
epoch : 59
batch : 5/39
train accuracy : 0.5625
train pred 0/1 : 10/22 label 0/1 : 16/16
train batch 6: predictions shape=(32, 2), labels shape=(32,)
epoch : 59
batch : 6/39
train accuracy : 0.71875
train pred 0/1 : 8/24 label 0/1 : 17/15
train batch 7: predictions shape=(32, 2), labels shape=(32,)
epoch : 59
batch : 7/39
train accuracy : 0.59375
train pred 0/1 : 12/20 label 0/1 : 15/17
train batch 8: predictions shape=(32, 2), labels shape=(32,)
epoch : 59
batch : 8/39
train accuracy : 0.6875
train pred 0/1 : 14/18 label 0/1 : 12/20
train batch 9: predictions shape=(32, 2), labels shape=(32,)
epoch : 59
batch : 9/39
train accuracy : 0.6875
train pred 0/1 : 9/23 label 0/1 : 15/17
train batch 10: predictions shape=(32, 2), labels shape=(32,)
epoch : 59
batch : 10/39
train accuracy : 0.84375
train pred 0/1 : 9/23 label 0/1 : 12/20
train batch 11: predictions shape=(32, 2), labels shape=(32,)
epoch : 59
batch : 11/39
train accuracy : 0.625
train pred 0/1 : 19/13 label 0/1 : 15/17
train batch 12: predictions shape=(32, 2), labels shape=(32,)
epoch : 59
batch : 12/39
train accuracy : 0.625
train pred 0/1 : 11/21 label 0/1 : 15/17
train batch 13: predictions shape=(32, 2), labels shape=(32,)
epoch : 59
batch : 13/39
train accuracy : 0.65625
train pred 0/1 : 16/16 label 0/1 : 9/23
train batch 14: predictions shape=(32, 2), labels shape=(32,)
epoch : 59
batch : 14/39
train accuracy : 0.65625
train pred 0/1 : 17/15 label 0/1 : 12/20
train batch 15: predictions shape=(32, 2), labels shape=(32,)
epoch : 59
batch : 15/39
train accuracy : 0.625
train pred 0/1 : 23/9 label 0/1 : 19/13
train batch 16: predictions shape=(32, 2), labels shape=(32,)
epoch : 59
batch : 16/39
train accuracy : 0.65625
train pred 0/1 : 20/12 label 0/1 : 13/19
train batch 17: predictions shape=(32, 2), labels shape=(32,)
epoch : 59
batch : 17/39
train accuracy : 0.625
train pred 0/1 : 20/12 label 0/1 : 12/20
train batch 18: predictions shape=(32, 2), labels shape=(32,)
epoch : 59
batch : 18/39
train accuracy : 0.75
train pred 0/1 : 18/14 label 0/1 : 18/14
train batch 19: predictions shape=(32, 2), labels shape=(32,)
epoch : 59
batch : 19/39
train accuracy : 0.59375
train pred 0/1 : 23/9 label 0/1 : 16/16
train batch 20: predictions shape=(32, 2), labels shape=(32,)
epoch : 59
batch : 20/39
train accuracy : 0.625
train pred 0/1 : 22/10 label 0/1 : 14/18
train batch 21: predictions shape=(32, 2), labels shape=(32,)
epoch : 59
batch : 21/39
train accuracy : 0.53125
train pred 0/1 : 25/7 label 0/1 : 16/16
train batch 22: predictions shape=(32, 2), labels shape=(32,)
epoch : 59
batch : 22/39
train accuracy : 0.75
train pred 0/1 : 25/7 label 0/1 : 17/15
train batch 23: predictions shape=(32, 2), labels shape=(32,)
epoch : 59
batch : 23/39
train accuracy : 0.46875
train pred 0/1 : 24/8 label 0/1 : 11/21
train batch 24: predictions shape=(32, 2), labels shape=(32,)
epoch : 59
batch : 24/39
train accuracy : 0.65625
train pred 0/1 : 23/9 label 0/1 : 18/14
train batch 25: predictions shape=(32, 2), labels shape=(32,)
epoch : 59
batch : 25/39
train accuracy : 0.75
train pred 0/1 : 19/13 label 0/1 : 11/21
train batch 26: predictions shape=(32, 2), labels shape=(32,)
epoch : 59
batch : 26/39
train accuracy : 0.65625
train pred 0/1 : 20/12 label 0/1 : 13/19
train batch 27: predictions shape=(32, 2), labels shape=(32,)
epoch : 59
batch : 27/39
train accuracy : 0.65625
train pred 0/1 : 19/13 label 0/1 : 14/18
train batch 28: predictions shape=(32, 2), labels shape=(32,)
epoch : 59
batch : 28/39
train accuracy : 0.5625
train pred 0/1 : 23/9 label 0/1 : 13/19
train batch 29: predictions shape=(32, 2), labels shape=(32,)
epoch : 59
batch : 29/39
train accuracy : 0.625
train pred 0/1 : 19/13 label 0/1 : 15/17
train batch 30: predictions shape=(32, 2), labels shape=(32,)
epoch : 59
batch : 30/39
train accuracy : 0.65625
train pred 0/1 : 15/17 label 0/1 : 12/20
train batch 31: predictions shape=(32, 2), labels shape=(32,)
epoch : 59
batch : 31/39
train accuracy : 0.71875
train pred 0/1 : 18/14 label 0/1 : 15/17
train batch 32: predictions shape=(32, 2), labels shape=(32,)
epoch : 59
batch : 32/39
train accuracy : 0.6875
train pred 0/1 : 9/23 label 0/1 : 13/19
train batch 33: predictions shape=(32, 2), labels shape=(32,)
epoch : 59
batch : 33/39
train accuracy : 0.5625
train pred 0/1 : 16/16 label 0/1 : 16/16
train batch 34: predictions shape=(32, 2), labels shape=(32,)
epoch : 59
batch : 34/39
train accuracy : 0.6875
train pred 0/1 : 10/22 label 0/1 : 14/18
train batch 35: predictions shape=(32, 2), labels shape=(32,)
epoch : 59
batch : 35/39
train accuracy : 0.71875
train pred 0/1 : 12/20 label 0/1 : 15/17
train batch 36: predictions shape=(32, 2), labels shape=(32,)
epoch : 59
batch : 36/39
train accuracy : 0.75
train pred 0/1 : 15/17 label 0/1 : 17/15
train batch 37: predictions shape=(32, 2), labels shape=(32,)
epoch : 59
batch : 37/39
train accuracy : 0.71875
train pred 0/1 : 17/15 label 0/1 : 18/14
train batch 38: predictions shape=(32, 2), labels shape=(32,)
epoch : 59
batch : 38/39
train accuracy : 0.71875
train pred 0/1 : 15/17 label 0/1 : 10/22
train batch 39: predictions shape=(8, 2), labels shape=(8,)
epoch : 59
batch : 39/39
train accuracy : 0.5
train pred 0/1 : 4/4 label 0/1 : 2/6
VALIDATION
valid batch 1: predictions shape=(32, 2), labels shape=(32,)
valid batch : 1/2
valid accuracy : 0.15625
valid pred 0/1 : 28/4 label 0/1 : 5/27
valid batch 2: predictions shape=(23, 2), labels shape=(23,)
valid batch : 2/2
valid accuracy : 0.30434784293174744
valid pred 0/1 : 20/3 label 0/1 : 8/15
valid epoch balanced_accuracy: 0.381868
EPOCH 60:
train batch 1: predictions shape=(32, 2), labels shape=(32,)
epoch : 60
batch : 1/39
train accuracy : 0.8125
train pred 0/1 : 16/16 label 0/1 : 18/14
train batch 2: predictions shape=(32, 2), labels shape=(32,)
epoch : 60
batch : 2/39
train accuracy : 0.84375
train pred 0/1 : 17/15 label 0/1 : 16/16
train batch 3: predictions shape=(32, 2), labels shape=(32,)
epoch : 60
batch : 3/39
train accuracy : 0.78125
train pred 0/1 : 14/18 label 0/1 : 11/21
train batch 4: predictions shape=(32, 2), labels shape=(32,)
epoch : 60
batch : 4/39
train accuracy : 0.65625
train pred 0/1 : 24/8 label 0/1 : 17/15
train batch 5: predictions shape=(32, 2), labels shape=(32,)
epoch : 60
batch : 5/39
train accuracy : 0.84375
train pred 0/1 : 16/16 label 0/1 : 11/21
train batch 6: predictions shape=(32, 2), labels shape=(32,)
epoch : 60
batch : 6/39
train accuracy : 0.59375
train pred 0/1 : 18/14 label 0/1 : 11/21
train batch 7: predictions shape=(32, 2), labels shape=(32,)
epoch : 60
batch : 7/39
train accuracy : 0.6875
train pred 0/1 : 19/13 label 0/1 : 17/15
train batch 8: predictions shape=(32, 2), labels shape=(32,)
epoch : 60
batch : 8/39
train accuracy : 0.71875
train pred 0/1 : 19/13 label 0/1 : 18/14
train batch 9: predictions shape=(32, 2), labels shape=(32,)
epoch : 60
batch : 9/39
train accuracy : 0.65625
train pred 0/1 : 13/19 label 0/1 : 12/20
train batch 10: predictions shape=(32, 2), labels shape=(32,)
epoch : 60
batch : 10/39
train accuracy : 0.78125
train pred 0/1 : 17/15 label 0/1 : 12/20
train batch 11: predictions shape=(32, 2), labels shape=(32,)
epoch : 60
batch : 11/39
train accuracy : 0.75
train pred 0/1 : 17/15 label 0/1 : 15/17
train batch 12: predictions shape=(32, 2), labels shape=(32,)
epoch : 60
batch : 12/39
train accuracy : 0.6875
train pred 0/1 : 16/16 label 0/1 : 16/16
train batch 13: predictions shape=(32, 2), labels shape=(32,)
epoch : 60
batch : 13/39
train accuracy : 0.71875
train pred 0/1 : 12/20 label 0/1 : 11/21
train batch 14: predictions shape=(32, 2), labels shape=(32,)
epoch : 60
batch : 14/39
train accuracy : 0.71875
train pred 0/1 : 12/20 label 0/1 : 11/21
train batch 15: predictions shape=(32, 2), labels shape=(32,)
epoch : 60
batch : 15/39
train accuracy : 0.65625
train pred 0/1 : 11/21 label 0/1 : 14/18
train batch 16: predictions shape=(32, 2), labels shape=(32,)
epoch : 60
batch : 16/39
train accuracy : 0.53125
train pred 0/1 : 11/21 label 0/1 : 20/12
train batch 17: predictions shape=(32, 2), labels shape=(32,)
epoch : 60
batch : 17/39
train accuracy : 0.78125
train pred 0/1 : 9/23 label 0/1 : 14/18
train batch 18: predictions shape=(32, 2), labels shape=(32,)
epoch : 60
batch : 18/39
train accuracy : 0.84375
train pred 0/1 : 7/25 label 0/1 : 10/22
train batch 19: predictions shape=(32, 2), labels shape=(32,)
epoch : 60
batch : 19/39
train accuracy : 0.6875
train pred 0/1 : 17/15 label 0/1 : 11/21
train batch 20: predictions shape=(32, 2), labels shape=(32,)
epoch : 60
batch : 20/39
train accuracy : 0.71875
train pred 0/1 : 8/24 label 0/1 : 11/21
train batch 21: predictions shape=(32, 2), labels shape=(32,)
epoch : 60
batch : 21/39
train accuracy : 0.71875
train pred 0/1 : 17/15 label 0/1 : 18/14
train batch 22: predictions shape=(32, 2), labels shape=(32,)
epoch : 60
batch : 22/39
train accuracy : 0.8125
train pred 0/1 : 11/21 label 0/1 : 13/19
train batch 23: predictions shape=(32, 2), labels shape=(32,)
epoch : 60
batch : 23/39
train accuracy : 0.5625
train pred 0/1 : 10/22 label 0/1 : 12/20
train batch 24: predictions shape=(32, 2), labels shape=(32,)
epoch : 60
batch : 24/39
train accuracy : 0.625
train pred 0/1 : 17/15 label 0/1 : 9/23
train batch 25: predictions shape=(32, 2), labels shape=(32,)
epoch : 60
batch : 25/39
train accuracy : 0.65625
train pred 0/1 : 19/13 label 0/1 : 20/12
train batch 26: predictions shape=(32, 2), labels shape=(32,)
epoch : 60
batch : 26/39
train accuracy : 0.6875
train pred 0/1 : 17/15 label 0/1 : 13/19
train batch 27: predictions shape=(32, 2), labels shape=(32,)
epoch : 60
batch : 27/39
train accuracy : 0.78125
train pred 0/1 : 16/16 label 0/1 : 13/19
train batch 28: predictions shape=(32, 2), labels shape=(32,)
epoch : 60
batch : 28/39
train accuracy : 0.59375
train pred 0/1 : 22/10 label 0/1 : 17/15
train batch 29: predictions shape=(32, 2), labels shape=(32,)
epoch : 60
batch : 29/39
train accuracy : 0.6875
train pred 0/1 : 19/13 label 0/1 : 13/19
train batch 30: predictions shape=(32, 2), labels shape=(32,)
epoch : 60
batch : 30/39
train accuracy : 0.78125
train pred 0/1 : 22/10 label 0/1 : 17/15
train batch 31: predictions shape=(32, 2), labels shape=(32,)
epoch : 60
batch : 31/39
train accuracy : 0.53125
train pred 0/1 : 17/15 label 0/1 : 18/14
train batch 32: predictions shape=(32, 2), labels shape=(32,)
epoch : 60
batch : 32/39
train accuracy : 0.75
train pred 0/1 : 16/16 label 0/1 : 16/16
train batch 33: predictions shape=(32, 2), labels shape=(32,)
epoch : 60
batch : 33/39
train accuracy : 0.78125
train pred 0/1 : 15/17 label 0/1 : 16/16
train batch 34: predictions shape=(32, 2), labels shape=(32,)
epoch : 60
batch : 34/39
train accuracy : 0.6875
train pred 0/1 : 20/12 label 0/1 : 18/14
train batch 35: predictions shape=(32, 2), labels shape=(32,)
epoch : 60
batch : 35/39
train accuracy : 0.71875
train pred 0/1 : 23/9 label 0/1 : 18/14
train batch 36: predictions shape=(32, 2), labels shape=(32,)
epoch : 60
batch : 36/39
train accuracy : 0.71875
train pred 0/1 : 21/11 label 0/1 : 14/18
train batch 37: predictions shape=(32, 2), labels shape=(32,)
epoch : 60
batch : 37/39
train accuracy : 0.5625
train pred 0/1 : 22/10 label 0/1 : 10/22
train batch 38: predictions shape=(32, 2), labels shape=(32,)
epoch : 60
batch : 38/39
train accuracy : 0.5625
train pred 0/1 : 23/9 label 0/1 : 13/19
train batch 39: predictions shape=(8, 2), labels shape=(8,)
epoch : 60
batch : 39/39
train accuracy : 0.625
train pred 0/1 : 8/0 label 0/1 : 5/3
VALIDATION
valid batch 1: predictions shape=(32, 2), labels shape=(32,)
valid batch : 1/2
valid accuracy : 0.28125
valid pred 0/1 : 31/1 label 0/1 : 8/24
valid batch 2: predictions shape=(23, 2), labels shape=(23,)
valid batch : 2/2
valid accuracy : 0.30434784293174744
valid pred 0/1 : 21/2 label 0/1 : 5/18
valid epoch balanced_accuracy: 0.535714
EPOCH 61:
train batch 1: predictions shape=(32, 2), labels shape=(32,)
epoch : 61
batch : 1/39
train accuracy : 0.5625
train pred 0/1 : 30/2 label 0/1 : 18/14
train batch 2: predictions shape=(32, 2), labels shape=(32,)
epoch : 61
batch : 2/39
train accuracy : 0.5625
train pred 0/1 : 26/6 label 0/1 : 12/20
train batch 3: predictions shape=(32, 2), labels shape=(32,)
epoch : 61
batch : 3/39
train accuracy : 0.65625
train pred 0/1 : 25/7 label 0/1 : 18/14
train batch 4: predictions shape=(32, 2), labels shape=(32,)
epoch : 61
batch : 4/39
train accuracy : 0.78125
train pred 0/1 : 20/12 label 0/1 : 13/19
train batch 5: predictions shape=(32, 2), labels shape=(32,)
epoch : 61
batch : 5/39
train accuracy : 0.75
train pred 0/1 : 15/17 label 0/1 : 11/21
train batch 6: predictions shape=(32, 2), labels shape=(32,)
epoch : 61
batch : 6/39
train accuracy : 0.65625
train pred 0/1 : 15/17 label 0/1 : 12/20
train batch 7: predictions shape=(32, 2), labels shape=(32,)
epoch : 61
batch : 7/39
train accuracy : 0.71875
train pred 0/1 : 10/22 label 0/1 : 13/19
train batch 8: predictions shape=(32, 2), labels shape=(32,)
epoch : 61
batch : 8/39
train accuracy : 0.6875
train pred 0/1 : 13/19 label 0/1 : 15/17
train batch 9: predictions shape=(32, 2), labels shape=(32,)
epoch : 61
batch : 9/39
train accuracy : 0.625
train pred 0/1 : 13/19 label 0/1 : 19/13
train batch 10: predictions shape=(32, 2), labels shape=(32,)
epoch : 61
batch : 10/39
train accuracy : 0.53125
train pred 0/1 : 9/23 label 0/1 : 14/18
train batch 11: predictions shape=(32, 2), labels shape=(32,)
epoch : 61
batch : 11/39
train accuracy : 0.65625
train pred 0/1 : 10/22 label 0/1 : 13/19
train batch 12: predictions shape=(32, 2), labels shape=(32,)
epoch : 61
batch : 12/39
train accuracy : 0.6875
train pred 0/1 : 15/17 label 0/1 : 15/17
train batch 13: predictions shape=(32, 2), labels shape=(32,)
epoch : 61
batch : 13/39
train accuracy : 0.71875
train pred 0/1 : 8/24 label 0/1 : 11/21
train batch 14: predictions shape=(32, 2), labels shape=(32,)
epoch : 61
batch : 14/39
train accuracy : 0.75
train pred 0/1 : 12/20 label 0/1 : 14/18
train batch 15: predictions shape=(32, 2), labels shape=(32,)
epoch : 61
batch : 15/39
train accuracy : 0.78125
train pred 0/1 : 14/18 label 0/1 : 17/15
train batch 16: predictions shape=(32, 2), labels shape=(32,)
epoch : 61
batch : 16/39
train accuracy : 0.6875
train pred 0/1 : 10/22 label 0/1 : 16/16
train batch 17: predictions shape=(32, 2), labels shape=(32,)
epoch : 61
batch : 17/39
train accuracy : 0.75
train pred 0/1 : 10/22 label 0/1 : 16/16
train batch 18: predictions shape=(32, 2), labels shape=(32,)
epoch : 61
batch : 18/39
train accuracy : 0.78125
train pred 0/1 : 11/21 label 0/1 : 14/18
train batch 19: predictions shape=(32, 2), labels shape=(32,)
epoch : 61
batch : 19/39
train accuracy : 0.78125
train pred 0/1 : 8/24 label 0/1 : 13/19
train batch 20: predictions shape=(32, 2), labels shape=(32,)
epoch : 61
batch : 20/39
train accuracy : 0.71875
train pred 0/1 : 11/21 label 0/1 : 16/16
train batch 21: predictions shape=(32, 2), labels shape=(32,)
epoch : 61
batch : 21/39
train accuracy : 0.71875
train pred 0/1 : 10/22 label 0/1 : 11/21
train batch 22: predictions shape=(32, 2), labels shape=(32,)
epoch : 61
batch : 22/39
train accuracy : 0.8125
train pred 0/1 : 16/16 label 0/1 : 14/18
train batch 23: predictions shape=(32, 2), labels shape=(32,)
epoch : 61
batch : 23/39
train accuracy : 0.8125
train pred 0/1 : 12/20 label 0/1 : 12/20
train batch 24: predictions shape=(32, 2), labels shape=(32,)
epoch : 61
batch : 24/39
train accuracy : 0.71875
train pred 0/1 : 15/17 label 0/1 : 18/14
train batch 25: predictions shape=(32, 2), labels shape=(32,)
epoch : 61
batch : 25/39
train accuracy : 0.6875
train pred 0/1 : 15/17 label 0/1 : 15/17
train batch 26: predictions shape=(32, 2), labels shape=(32,)
epoch : 61
batch : 26/39
train accuracy : 0.59375
train pred 0/1 : 18/14 label 0/1 : 17/15
train batch 27: predictions shape=(32, 2), labels shape=(32,)
epoch : 61
batch : 27/39
train accuracy : 0.78125
train pred 0/1 : 15/17 label 0/1 : 16/16
train batch 28: predictions shape=(32, 2), labels shape=(32,)
epoch : 61
batch : 28/39
train accuracy : 0.53125
train pred 0/1 : 12/20 label 0/1 : 13/19
train batch 29: predictions shape=(32, 2), labels shape=(32,)
epoch : 61
batch : 29/39
train accuracy : 0.5625
train pred 0/1 : 15/17 label 0/1 : 15/17
train batch 30: predictions shape=(32, 2), labels shape=(32,)
epoch : 61
batch : 30/39
train accuracy : 0.625
train pred 0/1 : 18/14 label 0/1 : 8/24
train batch 31: predictions shape=(32, 2), labels shape=(32,)
epoch : 61
batch : 31/39
train accuracy : 0.5
train pred 0/1 : 23/9 label 0/1 : 13/19
train batch 32: predictions shape=(32, 2), labels shape=(32,)
epoch : 61
batch : 32/39
train accuracy : 0.65625
train pred 0/1 : 16/16 label 0/1 : 11/21
train batch 33: predictions shape=(32, 2), labels shape=(32,)
epoch : 61
batch : 33/39
train accuracy : 0.59375
train pred 0/1 : 28/4 label 0/1 : 17/15
train batch 34: predictions shape=(32, 2), labels shape=(32,)
epoch : 61
batch : 34/39
train accuracy : 0.78125
train pred 0/1 : 17/15 label 0/1 : 16/16
train batch 35: predictions shape=(32, 2), labels shape=(32,)
epoch : 61
batch : 35/39
train accuracy : 0.625
train pred 0/1 : 25/7 label 0/1 : 17/15
train batch 36: predictions shape=(32, 2), labels shape=(32,)
epoch : 61
batch : 36/39
train accuracy : 0.5625
train pred 0/1 : 23/9 label 0/1 : 11/21
train batch 37: predictions shape=(32, 2), labels shape=(32,)
epoch : 61
batch : 37/39
train accuracy : 0.8125
train pred 0/1 : 22/10 label 0/1 : 18/14
train batch 38: predictions shape=(32, 2), labels shape=(32,)
epoch : 61
batch : 38/39
train accuracy : 0.5625
train pred 0/1 : 21/11 label 0/1 : 11/21
train batch 39: predictions shape=(8, 2), labels shape=(8,)
epoch : 61
batch : 39/39
train accuracy : 0.875
train pred 0/1 : 7/1 label 0/1 : 6/2
VALIDATION
valid batch 1: predictions shape=(32, 2), labels shape=(32,)
valid batch : 1/2
valid accuracy : 0.28125
valid pred 0/1 : 25/7 label 0/1 : 12/20
valid batch 2: predictions shape=(23, 2), labels shape=(23,)
valid batch : 2/2
valid accuracy : 0.08695652335882187
valid pred 0/1 : 22/1 label 0/1 : 1/22
valid epoch balanced_accuracy: 0.343407
EPOCH 62:
train batch 1: predictions shape=(32, 2), labels shape=(32,)
epoch : 62
batch : 1/39
train accuracy : 0.5
train pred 0/1 : 20/12 label 0/1 : 12/20
train batch 2: predictions shape=(32, 2), labels shape=(32,)
epoch : 62
batch : 2/39
train accuracy : 0.75
train pred 0/1 : 18/14 label 0/1 : 16/16
train batch 3: predictions shape=(32, 2), labels shape=(32,)
epoch : 62
batch : 3/39
train accuracy : 0.6875
train pred 0/1 : 16/16 label 0/1 : 12/20
train batch 4: predictions shape=(32, 2), labels shape=(32,)
epoch : 62
batch : 4/39
train accuracy : 0.59375
train pred 0/1 : 18/14 label 0/1 : 15/17
train batch 5: predictions shape=(32, 2), labels shape=(32,)
epoch : 62
batch : 5/39
train accuracy : 0.6875
train pred 0/1 : 18/14 label 0/1 : 16/16
train batch 6: predictions shape=(32, 2), labels shape=(32,)
epoch : 62
batch : 6/39
train accuracy : 0.625
train pred 0/1 : 11/21 label 0/1 : 13/19
train batch 7: predictions shape=(32, 2), labels shape=(32,)
epoch : 62
batch : 7/39
train accuracy : 0.78125
train pred 0/1 : 15/17 label 0/1 : 12/20
train batch 8: predictions shape=(32, 2), labels shape=(32,)
epoch : 62
batch : 8/39
train accuracy : 0.59375
train pred 0/1 : 8/24 label 0/1 : 11/21
train batch 9: predictions shape=(32, 2), labels shape=(32,)
epoch : 62
batch : 9/39
train accuracy : 0.71875
train pred 0/1 : 12/20 label 0/1 : 13/19
train batch 10: predictions shape=(32, 2), labels shape=(32,)
epoch : 62
batch : 10/39
train accuracy : 0.75
train pred 0/1 : 14/18 label 0/1 : 12/20
train batch 11: predictions shape=(32, 2), labels shape=(32,)
epoch : 62
batch : 11/39
train accuracy : 0.71875
train pred 0/1 : 11/21 label 0/1 : 10/22
train batch 12: predictions shape=(32, 2), labels shape=(32,)
epoch : 62
batch : 12/39
train accuracy : 0.6875
train pred 0/1 : 16/16 label 0/1 : 20/12
train batch 13: predictions shape=(32, 2), labels shape=(32,)
epoch : 62
batch : 13/39
train accuracy : 0.71875
train pred 0/1 : 16/16 label 0/1 : 17/15
train batch 14: predictions shape=(32, 2), labels shape=(32,)
epoch : 62
batch : 14/39
train accuracy : 0.75
train pred 0/1 : 17/15 label 0/1 : 17/15
train batch 15: predictions shape=(32, 2), labels shape=(32,)
epoch : 62
batch : 15/39
train accuracy : 0.65625
train pred 0/1 : 19/13 label 0/1 : 14/18
train batch 16: predictions shape=(32, 2), labels shape=(32,)
epoch : 62
batch : 16/39
train accuracy : 0.8125
train pred 0/1 : 19/13 label 0/1 : 15/17
train batch 17: predictions shape=(32, 2), labels shape=(32,)
epoch : 62
batch : 17/39
train accuracy : 0.84375
train pred 0/1 : 19/13 label 0/1 : 16/16
train batch 18: predictions shape=(32, 2), labels shape=(32,)
epoch : 62
batch : 18/39
train accuracy : 0.75
train pred 0/1 : 21/11 label 0/1 : 17/15
train batch 19: predictions shape=(32, 2), labels shape=(32,)
epoch : 62
batch : 19/39
train accuracy : 0.71875
train pred 0/1 : 19/13 label 0/1 : 16/16
train batch 20: predictions shape=(32, 2), labels shape=(32,)
epoch : 62
batch : 20/39
train accuracy : 0.625
train pred 0/1 : 16/16 label 0/1 : 18/14
train batch 21: predictions shape=(32, 2), labels shape=(32,)
epoch : 62
batch : 21/39
train accuracy : 0.8125
train pred 0/1 : 13/19 label 0/1 : 15/17
train batch 22: predictions shape=(32, 2), labels shape=(32,)
epoch : 62
batch : 22/39
train accuracy : 0.59375
train pred 0/1 : 11/21 label 0/1 : 18/14
train batch 23: predictions shape=(32, 2), labels shape=(32,)
epoch : 62
batch : 23/39
train accuracy : 0.71875
train pred 0/1 : 20/12 label 0/1 : 17/15
train batch 24: predictions shape=(32, 2), labels shape=(32,)
epoch : 62
batch : 24/39
train accuracy : 0.78125
train pred 0/1 : 15/17 label 0/1 : 12/20
train batch 25: predictions shape=(32, 2), labels shape=(32,)
epoch : 62
batch : 25/39
train accuracy : 0.875
train pred 0/1 : 15/17 label 0/1 : 15/17
train batch 26: predictions shape=(32, 2), labels shape=(32,)
epoch : 62
batch : 26/39
train accuracy : 0.75
train pred 0/1 : 13/19 label 0/1 : 11/21
train batch 27: predictions shape=(32, 2), labels shape=(32,)
epoch : 62
batch : 27/39
train accuracy : 0.65625
train pred 0/1 : 20/12 label 0/1 : 15/17
train batch 28: predictions shape=(32, 2), labels shape=(32,)
epoch : 62
batch : 28/39
train accuracy : 0.65625
train pred 0/1 : 17/15 label 0/1 : 14/18
train batch 29: predictions shape=(32, 2), labels shape=(32,)
epoch : 62
batch : 29/39
train accuracy : 0.71875
train pred 0/1 : 13/19 label 0/1 : 10/22
train batch 30: predictions shape=(32, 2), labels shape=(32,)
epoch : 62
batch : 30/39
train accuracy : 0.65625
train pred 0/1 : 14/18 label 0/1 : 9/23
train batch 31: predictions shape=(32, 2), labels shape=(32,)
epoch : 62
batch : 31/39
train accuracy : 0.78125
train pred 0/1 : 14/18 label 0/1 : 15/17
train batch 32: predictions shape=(32, 2), labels shape=(32,)
epoch : 62
batch : 32/39
train accuracy : 0.59375
train pred 0/1 : 19/13 label 0/1 : 12/20
train batch 33: predictions shape=(32, 2), labels shape=(32,)
epoch : 62
batch : 33/39
train accuracy : 0.78125
train pred 0/1 : 22/10 label 0/1 : 17/15
train batch 34: predictions shape=(32, 2), labels shape=(32,)
epoch : 62
batch : 34/39
train accuracy : 0.71875
train pred 0/1 : 13/19 label 0/1 : 12/20
train batch 35: predictions shape=(32, 2), labels shape=(32,)
epoch : 62
batch : 35/39
train accuracy : 0.65625
train pred 0/1 : 22/10 label 0/1 : 17/15
train batch 36: predictions shape=(32, 2), labels shape=(32,)
epoch : 62
batch : 36/39
train accuracy : 0.59375
train pred 0/1 : 21/11 label 0/1 : 10/22
train batch 37: predictions shape=(32, 2), labels shape=(32,)
epoch : 62
batch : 37/39
train accuracy : 0.6875
train pred 0/1 : 22/10 label 0/1 : 16/16
train batch 38: predictions shape=(32, 2), labels shape=(32,)
epoch : 62
batch : 38/39
train accuracy : 0.84375
train pred 0/1 : 23/9 label 0/1 : 18/14
train batch 39: predictions shape=(8, 2), labels shape=(8,)
epoch : 62
batch : 39/39
train accuracy : 0.375
train pred 0/1 : 7/1 label 0/1 : 4/4
VALIDATION
valid batch 1: predictions shape=(32, 2), labels shape=(32,)
valid batch : 1/2
valid accuracy : 0.1875
valid pred 0/1 : 27/5 label 0/1 : 5/27
valid batch 2: predictions shape=(23, 2), labels shape=(23,)
valid batch : 2/2
valid accuracy : 0.21739131212234497
valid pred 0/1 : 20/3 label 0/1 : 8/15
valid epoch balanced_accuracy: 0.343407
EPOCH 63:
train batch 1: predictions shape=(32, 2), labels shape=(32,)
epoch : 63
batch : 1/39
train accuracy : 0.625
train pred 0/1 : 24/8 label 0/1 : 18/14
train batch 2: predictions shape=(32, 2), labels shape=(32,)
epoch : 63
batch : 2/39
train accuracy : 0.71875
train pred 0/1 : 25/7 label 0/1 : 16/16
train batch 3: predictions shape=(32, 2), labels shape=(32,)
epoch : 63
batch : 3/39
train accuracy : 0.5625
train pred 0/1 : 21/11 label 0/1 : 13/19
train batch 4: predictions shape=(32, 2), labels shape=(32,)
epoch : 63
batch : 4/39
train accuracy : 0.6875
train pred 0/1 : 15/17 label 0/1 : 11/21
train batch 5: predictions shape=(32, 2), labels shape=(32,)
epoch : 63
batch : 5/39
train accuracy : 0.75
train pred 0/1 : 22/10 label 0/1 : 14/18
train batch 6: predictions shape=(32, 2), labels shape=(32,)
epoch : 63
batch : 6/39
train accuracy : 0.78125
train pred 0/1 : 16/16 label 0/1 : 19/13
train batch 7: predictions shape=(32, 2), labels shape=(32,)
epoch : 63
batch : 7/39
train accuracy : 0.6875
train pred 0/1 : 17/15 label 0/1 : 17/15
train batch 8: predictions shape=(32, 2), labels shape=(32,)
epoch : 63
batch : 8/39
train accuracy : 0.78125
train pred 0/1 : 15/17 label 0/1 : 14/18
train batch 9: predictions shape=(32, 2), labels shape=(32,)
epoch : 63
batch : 9/39
train accuracy : 0.5625
train pred 0/1 : 16/16 label 0/1 : 16/16
train batch 10: predictions shape=(32, 2), labels shape=(32,)
epoch : 63
batch : 10/39
train accuracy : 0.75
train pred 0/1 : 15/17 label 0/1 : 15/17
train batch 11: predictions shape=(32, 2), labels shape=(32,)
epoch : 63
batch : 11/39
train accuracy : 0.71875
train pred 0/1 : 13/19 label 0/1 : 10/22
train batch 12: predictions shape=(32, 2), labels shape=(32,)
epoch : 63
batch : 12/39
train accuracy : 0.625
train pred 0/1 : 20/12 label 0/1 : 16/16
train batch 13: predictions shape=(32, 2), labels shape=(32,)
epoch : 63
batch : 13/39
train accuracy : 0.625
train pred 0/1 : 9/23 label 0/1 : 15/17
train batch 14: predictions shape=(32, 2), labels shape=(32,)
epoch : 63
batch : 14/39
train accuracy : 0.59375
train pred 0/1 : 16/16 label 0/1 : 13/19
train batch 15: predictions shape=(32, 2), labels shape=(32,)
epoch : 63
batch : 15/39
train accuracy : 0.6875
train pred 0/1 : 17/15 label 0/1 : 13/19
train batch 16: predictions shape=(32, 2), labels shape=(32,)
epoch : 63
batch : 16/39
train accuracy : 0.71875
train pred 0/1 : 22/10 label 0/1 : 15/17
train batch 17: predictions shape=(32, 2), labels shape=(32,)
epoch : 63
batch : 17/39
train accuracy : 0.53125
train pred 0/1 : 19/13 label 0/1 : 12/20
train batch 18: predictions shape=(32, 2), labels shape=(32,)
epoch : 63
batch : 18/39
train accuracy : 0.71875
train pred 0/1 : 16/16 label 0/1 : 11/21
train batch 19: predictions shape=(32, 2), labels shape=(32,)
epoch : 63
batch : 19/39
train accuracy : 0.8125
train pred 0/1 : 19/13 label 0/1 : 17/15
train batch 20: predictions shape=(32, 2), labels shape=(32,)
epoch : 63
batch : 20/39
train accuracy : 0.625
train pred 0/1 : 8/24 label 0/1 : 12/20
train batch 21: predictions shape=(32, 2), labels shape=(32,)
epoch : 63
batch : 21/39
train accuracy : 0.625
train pred 0/1 : 16/16 label 0/1 : 12/20
train batch 22: predictions shape=(32, 2), labels shape=(32,)
epoch : 63
batch : 22/39
train accuracy : 0.65625
train pred 0/1 : 14/18 label 0/1 : 15/17
train batch 23: predictions shape=(32, 2), labels shape=(32,)
epoch : 63
batch : 23/39
train accuracy : 0.65625
train pred 0/1 : 14/18 label 0/1 : 17/15
train batch 24: predictions shape=(32, 2), labels shape=(32,)
epoch : 63
batch : 24/39
train accuracy : 0.6875
train pred 0/1 : 9/23 label 0/1 : 13/19
train batch 25: predictions shape=(32, 2), labels shape=(32,)
epoch : 63
batch : 25/39
train accuracy : 0.65625
train pred 0/1 : 13/19 label 0/1 : 12/20
train batch 26: predictions shape=(32, 2), labels shape=(32,)
epoch : 63
batch : 26/39
train accuracy : 0.78125
train pred 0/1 : 11/21 label 0/1 : 16/16
train batch 27: predictions shape=(32, 2), labels shape=(32,)
epoch : 63
batch : 27/39
train accuracy : 0.625
train pred 0/1 : 14/18 label 0/1 : 22/10
train batch 28: predictions shape=(32, 2), labels shape=(32,)
epoch : 63
batch : 28/39
train accuracy : 0.46875
train pred 0/1 : 19/13 label 0/1 : 14/18
train batch 29: predictions shape=(32, 2), labels shape=(32,)
epoch : 63
batch : 29/39
train accuracy : 0.625
train pred 0/1 : 20/12 label 0/1 : 14/18
train batch 30: predictions shape=(32, 2), labels shape=(32,)
epoch : 63
batch : 30/39
train accuracy : 0.71875
train pred 0/1 : 20/12 label 0/1 : 17/15
train batch 31: predictions shape=(32, 2), labels shape=(32,)
epoch : 63
batch : 31/39
train accuracy : 0.59375
train pred 0/1 : 21/11 label 0/1 : 14/18
train batch 32: predictions shape=(32, 2), labels shape=(32,)
epoch : 63
batch : 32/39
train accuracy : 0.65625
train pred 0/1 : 21/11 label 0/1 : 14/18
train batch 33: predictions shape=(32, 2), labels shape=(32,)
epoch : 63
batch : 33/39
train accuracy : 0.75
train pred 0/1 : 20/12 label 0/1 : 14/18
train batch 34: predictions shape=(32, 2), labels shape=(32,)
epoch : 63
batch : 34/39
train accuracy : 0.59375
train pred 0/1 : 22/10 label 0/1 : 15/17
train batch 35: predictions shape=(32, 2), labels shape=(32,)
epoch : 63
batch : 35/39
train accuracy : 0.625
train pred 0/1 : 15/17 label 0/1 : 9/23
train batch 36: predictions shape=(32, 2), labels shape=(32,)
epoch : 63
batch : 36/39
train accuracy : 0.65625
train pred 0/1 : 19/13 label 0/1 : 12/20
train batch 37: predictions shape=(32, 2), labels shape=(32,)
epoch : 63
batch : 37/39
train accuracy : 0.75
train pred 0/1 : 12/20 label 0/1 : 16/16
train batch 38: predictions shape=(32, 2), labels shape=(32,)
epoch : 63
batch : 38/39
train accuracy : 0.84375
train pred 0/1 : 11/21 label 0/1 : 14/18
train batch 39: predictions shape=(8, 2), labels shape=(8,)
epoch : 63
batch : 39/39
train accuracy : 0.5
train pred 0/1 : 2/6 label 0/1 : 2/6
VALIDATION
valid batch 1: predictions shape=(32, 2), labels shape=(32,)
valid batch : 1/2
valid accuracy : 0.21875
valid pred 0/1 : 27/5 label 0/1 : 6/26
valid batch 2: predictions shape=(23, 2), labels shape=(23,)
valid batch : 2/2
valid accuracy : 0.21739131212234497
valid pred 0/1 : 19/4 label 0/1 : 7/16
valid epoch balanced_accuracy: 0.355311
EPOCH 64:
train batch 1: predictions shape=(32, 2), labels shape=(32,)
epoch : 64
batch : 1/39
train accuracy : 0.78125
train pred 0/1 : 16/16 label 0/1 : 17/15
train batch 2: predictions shape=(32, 2), labels shape=(32,)
epoch : 64
batch : 2/39
train accuracy : 0.71875
train pred 0/1 : 21/11 label 0/1 : 20/12
train batch 3: predictions shape=(32, 2), labels shape=(32,)
epoch : 64
batch : 3/39
train accuracy : 0.78125
train pred 0/1 : 17/15 label 0/1 : 16/16
train batch 4: predictions shape=(32, 2), labels shape=(32,)
epoch : 64
batch : 4/39
train accuracy : 0.75
train pred 0/1 : 13/19 label 0/1 : 13/19
train batch 5: predictions shape=(32, 2), labels shape=(32,)
epoch : 64
batch : 5/39
train accuracy : 0.6875
train pred 0/1 : 16/16 label 0/1 : 12/20
train batch 6: predictions shape=(32, 2), labels shape=(32,)
epoch : 64
batch : 6/39
train accuracy : 0.6875
train pred 0/1 : 12/20 label 0/1 : 14/18
train batch 7: predictions shape=(32, 2), labels shape=(32,)
epoch : 64
batch : 7/39
train accuracy : 0.65625
train pred 0/1 : 20/12 label 0/1 : 17/15
train batch 8: predictions shape=(32, 2), labels shape=(32,)
epoch : 64
batch : 8/39
train accuracy : 0.6875
train pred 0/1 : 17/15 label 0/1 : 13/19
train batch 9: predictions shape=(32, 2), labels shape=(32,)
epoch : 64
batch : 9/39
train accuracy : 0.59375
train pred 0/1 : 17/15 label 0/1 : 12/20
train batch 10: predictions shape=(32, 2), labels shape=(32,)
epoch : 64
batch : 10/39
train accuracy : 0.75
train pred 0/1 : 15/17 label 0/1 : 13/19
train batch 11: predictions shape=(32, 2), labels shape=(32,)
epoch : 64
batch : 11/39
train accuracy : 0.78125
train pred 0/1 : 19/13 label 0/1 : 18/14
train batch 12: predictions shape=(32, 2), labels shape=(32,)
epoch : 64
batch : 12/39
train accuracy : 0.6875
train pred 0/1 : 15/17 label 0/1 : 17/15
train batch 13: predictions shape=(32, 2), labels shape=(32,)
epoch : 64
batch : 13/39
train accuracy : 0.8125
train pred 0/1 : 13/19 label 0/1 : 13/19
train batch 14: predictions shape=(32, 2), labels shape=(32,)
epoch : 64
batch : 14/39
train accuracy : 0.75
train pred 0/1 : 14/18 label 0/1 : 12/20
train batch 15: predictions shape=(32, 2), labels shape=(32,)
epoch : 64
batch : 15/39
train accuracy : 0.71875
train pred 0/1 : 17/15 label 0/1 : 14/18
train batch 16: predictions shape=(32, 2), labels shape=(32,)
epoch : 64
batch : 16/39
train accuracy : 0.71875
train pred 0/1 : 16/16 label 0/1 : 13/19
train batch 17: predictions shape=(32, 2), labels shape=(32,)
epoch : 64
batch : 17/39
train accuracy : 0.78125
train pred 0/1 : 21/11 label 0/1 : 18/14
train batch 18: predictions shape=(32, 2), labels shape=(32,)
epoch : 64
batch : 18/39
train accuracy : 0.65625
train pred 0/1 : 17/15 label 0/1 : 14/18
train batch 19: predictions shape=(32, 2), labels shape=(32,)
epoch : 64
batch : 19/39
train accuracy : 0.59375
train pred 0/1 : 20/12 label 0/1 : 15/17
train batch 20: predictions shape=(32, 2), labels shape=(32,)
epoch : 64
batch : 20/39
train accuracy : 0.5625
train pred 0/1 : 19/13 label 0/1 : 9/23
train batch 21: predictions shape=(32, 2), labels shape=(32,)
epoch : 64
batch : 21/39
train accuracy : 0.6875
train pred 0/1 : 14/18 label 0/1 : 12/20
train batch 22: predictions shape=(32, 2), labels shape=(32,)
epoch : 64
batch : 22/39
train accuracy : 0.71875
train pred 0/1 : 14/18 label 0/1 : 17/15
train batch 23: predictions shape=(32, 2), labels shape=(32,)
epoch : 64
batch : 23/39
train accuracy : 0.75
train pred 0/1 : 16/16 label 0/1 : 12/20
train batch 24: predictions shape=(32, 2), labels shape=(32,)
epoch : 64
batch : 24/39
train accuracy : 0.5625
train pred 0/1 : 16/16 label 0/1 : 12/20
train batch 25: predictions shape=(32, 2), labels shape=(32,)
epoch : 64
batch : 25/39
train accuracy : 0.65625
train pred 0/1 : 14/18 label 0/1 : 15/17
train batch 26: predictions shape=(32, 2), labels shape=(32,)
epoch : 64
batch : 26/39
train accuracy : 0.5625
train pred 0/1 : 13/19 label 0/1 : 15/17
train batch 27: predictions shape=(32, 2), labels shape=(32,)
epoch : 64
batch : 27/39
train accuracy : 0.65625
train pred 0/1 : 19/13 label 0/1 : 14/18
train batch 28: predictions shape=(32, 2), labels shape=(32,)
epoch : 64
batch : 28/39
train accuracy : 0.71875
train pred 0/1 : 20/12 label 0/1 : 13/19
train batch 29: predictions shape=(32, 2), labels shape=(32,)
epoch : 64
batch : 29/39
train accuracy : 0.625
train pred 0/1 : 20/12 label 0/1 : 14/18
train batch 30: predictions shape=(32, 2), labels shape=(32,)
epoch : 64
batch : 30/39
train accuracy : 0.65625
train pred 0/1 : 24/8 label 0/1 : 15/17
train batch 31: predictions shape=(32, 2), labels shape=(32,)
epoch : 64
batch : 31/39
train accuracy : 0.6875
train pred 0/1 : 19/13 label 0/1 : 17/15
train batch 32: predictions shape=(32, 2), labels shape=(32,)
epoch : 64
batch : 32/39
train accuracy : 0.59375
train pred 0/1 : 16/16 label 0/1 : 9/23
train batch 33: predictions shape=(32, 2), labels shape=(32,)
epoch : 64
batch : 33/39
train accuracy : 0.625
train pred 0/1 : 23/9 label 0/1 : 17/15
train batch 34: predictions shape=(32, 2), labels shape=(32,)
epoch : 64
batch : 34/39
train accuracy : 0.5
train pred 0/1 : 23/9 label 0/1 : 13/19
train batch 35: predictions shape=(32, 2), labels shape=(32,)
epoch : 64
batch : 35/39
train accuracy : 0.71875
train pred 0/1 : 25/7 label 0/1 : 16/16
train batch 36: predictions shape=(32, 2), labels shape=(32,)
epoch : 64
batch : 36/39
train accuracy : 0.6875
train pred 0/1 : 20/12 label 0/1 : 14/18
train batch 37: predictions shape=(32, 2), labels shape=(32,)
epoch : 64
batch : 37/39
train accuracy : 0.75
train pred 0/1 : 22/10 label 0/1 : 16/16
train batch 38: predictions shape=(32, 2), labels shape=(32,)
epoch : 64
batch : 38/39
train accuracy : 0.71875
train pred 0/1 : 19/13 label 0/1 : 16/16
train batch 39: predictions shape=(8, 2), labels shape=(8,)
epoch : 64
batch : 39/39
train accuracy : 0.5
train pred 0/1 : 6/2 label 0/1 : 2/6
VALIDATION
valid batch 1: predictions shape=(32, 2), labels shape=(32,)
valid batch : 1/2
valid accuracy : 0.1875
valid pred 0/1 : 29/3 label 0/1 : 7/25
valid batch 2: predictions shape=(23, 2), labels shape=(23,)
valid batch : 2/2
valid accuracy : 0.21739131212234497
valid pred 0/1 : 16/7 label 0/1 : 6/17
valid epoch balanced_accuracy: 0.316850
EPOCH 65:
train batch 1: predictions shape=(32, 2), labels shape=(32,)
epoch : 65
batch : 1/39
train accuracy : 0.78125
train pred 0/1 : 15/17 label 0/1 : 12/20
train batch 2: predictions shape=(32, 2), labels shape=(32,)
epoch : 65
batch : 2/39
train accuracy : 0.65625
train pred 0/1 : 14/18 label 0/1 : 9/23
train batch 3: predictions shape=(32, 2), labels shape=(32,)
epoch : 65
batch : 3/39
train accuracy : 0.71875
train pred 0/1 : 17/15 label 0/1 : 18/14
train batch 4: predictions shape=(32, 2), labels shape=(32,)
epoch : 65
batch : 4/39
train accuracy : 0.75
train pred 0/1 : 9/23 label 0/1 : 13/19
train batch 5: predictions shape=(32, 2), labels shape=(32,)
epoch : 65
batch : 5/39
train accuracy : 0.75
train pred 0/1 : 12/20 label 0/1 : 16/16
train batch 6: predictions shape=(32, 2), labels shape=(32,)
epoch : 65
batch : 6/39
train accuracy : 0.78125
train pred 0/1 : 8/24 label 0/1 : 13/19
train batch 7: predictions shape=(32, 2), labels shape=(32,)
epoch : 65
batch : 7/39
train accuracy : 0.6875
train pred 0/1 : 6/26 label 0/1 : 12/20
train batch 8: predictions shape=(32, 2), labels shape=(32,)
epoch : 65
batch : 8/39
train accuracy : 0.78125
train pred 0/1 : 14/18 label 0/1 : 17/15
train batch 9: predictions shape=(32, 2), labels shape=(32,)
epoch : 65
batch : 9/39
train accuracy : 0.59375
train pred 0/1 : 9/23 label 0/1 : 18/14
train batch 10: predictions shape=(32, 2), labels shape=(32,)
epoch : 65
batch : 10/39
train accuracy : 0.71875
train pred 0/1 : 13/19 label 0/1 : 16/16
train batch 11: predictions shape=(32, 2), labels shape=(32,)
epoch : 65
batch : 11/39
train accuracy : 0.78125
train pred 0/1 : 13/19 label 0/1 : 10/22
train batch 12: predictions shape=(32, 2), labels shape=(32,)
epoch : 65
batch : 12/39
train accuracy : 0.8125
train pred 0/1 : 11/21 label 0/1 : 11/21
train batch 13: predictions shape=(32, 2), labels shape=(32,)
epoch : 65
batch : 13/39
train accuracy : 0.6875
train pred 0/1 : 19/13 label 0/1 : 13/19
train batch 14: predictions shape=(32, 2), labels shape=(32,)
epoch : 65
batch : 14/39
train accuracy : 0.6875
train pred 0/1 : 18/14 label 0/1 : 16/16
train batch 15: predictions shape=(32, 2), labels shape=(32,)
epoch : 65
batch : 15/39
train accuracy : 0.75
train pred 0/1 : 13/19 label 0/1 : 13/19
train batch 16: predictions shape=(32, 2), labels shape=(32,)
epoch : 65
batch : 16/39
train accuracy : 0.84375
train pred 0/1 : 19/13 label 0/1 : 16/16
train batch 17: predictions shape=(32, 2), labels shape=(32,)
epoch : 65
batch : 17/39
train accuracy : 0.625
train pred 0/1 : 22/10 label 0/1 : 12/20
train batch 18: predictions shape=(32, 2), labels shape=(32,)
epoch : 65
batch : 18/39
train accuracy : 0.75
train pred 0/1 : 15/17 label 0/1 : 13/19
train batch 19: predictions shape=(32, 2), labels shape=(32,)
epoch : 65
batch : 19/39
train accuracy : 0.75
train pred 0/1 : 14/18 label 0/1 : 10/22
train batch 20: predictions shape=(32, 2), labels shape=(32,)
epoch : 65
batch : 20/39
train accuracy : 0.6875
train pred 0/1 : 13/19 label 0/1 : 17/15
train batch 21: predictions shape=(32, 2), labels shape=(32,)
epoch : 65
batch : 21/39
train accuracy : 0.71875
train pred 0/1 : 11/21 label 0/1 : 16/16
train batch 22: predictions shape=(32, 2), labels shape=(32,)
epoch : 65
batch : 22/39
train accuracy : 0.5625
train pred 0/1 : 10/22 label 0/1 : 12/20
train batch 23: predictions shape=(32, 2), labels shape=(32,)
epoch : 65
batch : 23/39
train accuracy : 0.5625
train pred 0/1 : 10/22 label 0/1 : 22/10
train batch 24: predictions shape=(32, 2), labels shape=(32,)
epoch : 65
batch : 24/39
train accuracy : 0.5625
train pred 0/1 : 16/16 label 0/1 : 16/16
train batch 25: predictions shape=(32, 2), labels shape=(32,)
epoch : 65
batch : 25/39
train accuracy : 0.78125
train pred 0/1 : 13/19 label 0/1 : 14/18
train batch 26: predictions shape=(32, 2), labels shape=(32,)
epoch : 65
batch : 26/39
train accuracy : 0.625
train pred 0/1 : 15/17 label 0/1 : 19/13
train batch 27: predictions shape=(32, 2), labels shape=(32,)
epoch : 65
batch : 27/39
train accuracy : 0.5625
train pred 0/1 : 23/9 label 0/1 : 11/21
train batch 28: predictions shape=(32, 2), labels shape=(32,)
epoch : 65
batch : 28/39
train accuracy : 0.625
train pred 0/1 : 19/13 label 0/1 : 13/19
train batch 29: predictions shape=(32, 2), labels shape=(32,)
epoch : 65
batch : 29/39
train accuracy : 0.6875
train pred 0/1 : 25/7 label 0/1 : 19/13
train batch 30: predictions shape=(32, 2), labels shape=(32,)
epoch : 65
batch : 30/39
train accuracy : 0.5625
train pred 0/1 : 25/7 label 0/1 : 15/17
train batch 31: predictions shape=(32, 2), labels shape=(32,)
epoch : 65
batch : 31/39
train accuracy : 0.625
train pred 0/1 : 24/8 label 0/1 : 16/16
train batch 32: predictions shape=(32, 2), labels shape=(32,)
epoch : 65
batch : 32/39
train accuracy : 0.59375
train pred 0/1 : 21/11 label 0/1 : 12/20
train batch 33: predictions shape=(32, 2), labels shape=(32,)
epoch : 65
batch : 33/39
train accuracy : 0.53125
train pred 0/1 : 22/10 label 0/1 : 13/19
train batch 34: predictions shape=(32, 2), labels shape=(32,)
epoch : 65
batch : 34/39
train accuracy : 0.5625
train pred 0/1 : 26/6 label 0/1 : 14/18
train batch 35: predictions shape=(32, 2), labels shape=(32,)
epoch : 65
batch : 35/39
train accuracy : 0.6875
train pred 0/1 : 15/17 label 0/1 : 13/19
train batch 36: predictions shape=(32, 2), labels shape=(32,)
epoch : 65
batch : 36/39
train accuracy : 0.78125
train pred 0/1 : 22/10 label 0/1 : 17/15
train batch 37: predictions shape=(32, 2), labels shape=(32,)
epoch : 65
batch : 37/39
train accuracy : 0.625
train pred 0/1 : 21/11 label 0/1 : 17/15
train batch 38: predictions shape=(32, 2), labels shape=(32,)
epoch : 65
batch : 38/39
train accuracy : 0.5625
train pred 0/1 : 23/9 label 0/1 : 13/19
train batch 39: predictions shape=(8, 2), labels shape=(8,)
epoch : 65
batch : 39/39
train accuracy : 0.5
train pred 0/1 : 4/4 label 0/1 : 2/6
VALIDATION
valid batch 1: predictions shape=(32, 2), labels shape=(32,)
valid batch : 1/2
valid accuracy : 0.1875
valid pred 0/1 : 26/6 label 0/1 : 6/26
valid batch 2: predictions shape=(23, 2), labels shape=(23,)
valid batch : 2/2
valid accuracy : 0.30434784293174744
valid pred 0/1 : 21/2 label 0/1 : 7/16
valid epoch balanced_accuracy: 0.393773
EPOCH 66:
train batch 1: predictions shape=(32, 2), labels shape=(32,)
epoch : 66
batch : 1/39
train accuracy : 0.625
train pred 0/1 : 17/15 label 0/1 : 15/17
train batch 2: predictions shape=(32, 2), labels shape=(32,)
epoch : 66
batch : 2/39
train accuracy : 0.53125
train pred 0/1 : 17/15 label 0/1 : 18/14
train batch 3: predictions shape=(32, 2), labels shape=(32,)
epoch : 66
batch : 3/39
train accuracy : 0.65625
train pred 0/1 : 12/20 label 0/1 : 15/17
train batch 4: predictions shape=(32, 2), labels shape=(32,)
epoch : 66
batch : 4/39
train accuracy : 0.5625
train pred 0/1 : 9/23 label 0/1 : 13/19
train batch 5: predictions shape=(32, 2), labels shape=(32,)
epoch : 66
batch : 5/39
train accuracy : 0.71875
train pred 0/1 : 15/17 label 0/1 : 14/18
train batch 6: predictions shape=(32, 2), labels shape=(32,)
epoch : 66
batch : 6/39
train accuracy : 0.84375
train pred 0/1 : 11/21 label 0/1 : 10/22
train batch 7: predictions shape=(32, 2), labels shape=(32,)
epoch : 66
batch : 7/39
train accuracy : 0.625
train pred 0/1 : 12/20 label 0/1 : 14/18
train batch 8: predictions shape=(32, 2), labels shape=(32,)
epoch : 66
batch : 8/39
train accuracy : 0.59375
train pred 0/1 : 17/15 label 0/1 : 16/16
train batch 9: predictions shape=(32, 2), labels shape=(32,)
epoch : 66
batch : 9/39
train accuracy : 0.59375
train pred 0/1 : 15/17 label 0/1 : 14/18
train batch 10: predictions shape=(32, 2), labels shape=(32,)
epoch : 66
batch : 10/39
train accuracy : 0.78125
train pred 0/1 : 11/21 label 0/1 : 12/20
train batch 11: predictions shape=(32, 2), labels shape=(32,)
epoch : 66
batch : 11/39
train accuracy : 0.59375
train pred 0/1 : 8/24 label 0/1 : 15/17
train batch 12: predictions shape=(32, 2), labels shape=(32,)
epoch : 66
batch : 12/39
train accuracy : 0.65625
train pred 0/1 : 12/20 label 0/1 : 15/17
train batch 13: predictions shape=(32, 2), labels shape=(32,)
epoch : 66
batch : 13/39
train accuracy : 0.625
train pred 0/1 : 11/21 label 0/1 : 15/17
train batch 14: predictions shape=(32, 2), labels shape=(32,)
epoch : 66
batch : 14/39
train accuracy : 0.6875
train pred 0/1 : 12/20 label 0/1 : 18/14
train batch 15: predictions shape=(32, 2), labels shape=(32,)
epoch : 66
batch : 15/39
train accuracy : 0.65625
train pred 0/1 : 11/21 label 0/1 : 16/16
train batch 16: predictions shape=(32, 2), labels shape=(32,)
epoch : 66
batch : 16/39
train accuracy : 0.78125
train pred 0/1 : 21/11 label 0/1 : 20/12
train batch 17: predictions shape=(32, 2), labels shape=(32,)
epoch : 66
batch : 17/39
train accuracy : 0.75
train pred 0/1 : 14/18 label 0/1 : 16/16
train batch 18: predictions shape=(32, 2), labels shape=(32,)
epoch : 66
batch : 18/39
train accuracy : 0.875
train pred 0/1 : 14/18 label 0/1 : 14/18
train batch 19: predictions shape=(32, 2), labels shape=(32,)
epoch : 66
batch : 19/39
train accuracy : 0.8125
train pred 0/1 : 16/16 label 0/1 : 18/14
train batch 20: predictions shape=(32, 2), labels shape=(32,)
epoch : 66
batch : 20/39
train accuracy : 0.78125
train pred 0/1 : 18/14 label 0/1 : 17/15
train batch 21: predictions shape=(32, 2), labels shape=(32,)
epoch : 66
batch : 21/39
train accuracy : 0.84375
train pred 0/1 : 18/14 label 0/1 : 17/15
train batch 22: predictions shape=(32, 2), labels shape=(32,)
epoch : 66
batch : 22/39
train accuracy : 0.59375
train pred 0/1 : 22/10 label 0/1 : 13/19
train batch 23: predictions shape=(32, 2), labels shape=(32,)
epoch : 66
batch : 23/39
train accuracy : 0.625
train pred 0/1 : 20/12 label 0/1 : 12/20
train batch 24: predictions shape=(32, 2), labels shape=(32,)
epoch : 66
batch : 24/39
train accuracy : 0.78125
train pred 0/1 : 18/14 label 0/1 : 11/21
train batch 25: predictions shape=(32, 2), labels shape=(32,)
epoch : 66
batch : 25/39
train accuracy : 0.8125
train pred 0/1 : 18/14 label 0/1 : 18/14
train batch 26: predictions shape=(32, 2), labels shape=(32,)
epoch : 66
batch : 26/39
train accuracy : 0.71875
train pred 0/1 : 21/11 label 0/1 : 14/18
train batch 27: predictions shape=(32, 2), labels shape=(32,)
epoch : 66
batch : 27/39
train accuracy : 0.71875
train pred 0/1 : 14/18 label 0/1 : 15/17
train batch 28: predictions shape=(32, 2), labels shape=(32,)
epoch : 66
batch : 28/39
train accuracy : 0.65625
train pred 0/1 : 18/14 label 0/1 : 13/19
train batch 29: predictions shape=(32, 2), labels shape=(32,)
epoch : 66
batch : 29/39
train accuracy : 0.6875
train pred 0/1 : 17/15 label 0/1 : 15/17
train batch 30: predictions shape=(32, 2), labels shape=(32,)
epoch : 66
batch : 30/39
train accuracy : 0.65625
train pred 0/1 : 20/12 label 0/1 : 15/17
train batch 31: predictions shape=(32, 2), labels shape=(32,)
epoch : 66
batch : 31/39
train accuracy : 0.75
train pred 0/1 : 17/15 label 0/1 : 13/19
train batch 32: predictions shape=(32, 2), labels shape=(32,)
epoch : 66
batch : 32/39
train accuracy : 0.65625
train pred 0/1 : 18/14 label 0/1 : 11/21
train batch 33: predictions shape=(32, 2), labels shape=(32,)
epoch : 66
batch : 33/39
train accuracy : 0.78125
train pred 0/1 : 14/18 label 0/1 : 13/19
train batch 34: predictions shape=(32, 2), labels shape=(32,)
epoch : 66
batch : 34/39
train accuracy : 0.75
train pred 0/1 : 15/17 label 0/1 : 17/15
train batch 35: predictions shape=(32, 2), labels shape=(32,)
epoch : 66
batch : 35/39
train accuracy : 0.75
train pred 0/1 : 9/23 label 0/1 : 13/19
train batch 36: predictions shape=(32, 2), labels shape=(32,)
epoch : 66
batch : 36/39
train accuracy : 0.75
train pred 0/1 : 12/20 label 0/1 : 12/20
train batch 37: predictions shape=(32, 2), labels shape=(32,)
epoch : 66
batch : 37/39
train accuracy : 0.75
train pred 0/1 : 13/19 label 0/1 : 11/21
train batch 38: predictions shape=(32, 2), labels shape=(32,)
epoch : 66
batch : 38/39
train accuracy : 0.65625
train pred 0/1 : 15/17 label 0/1 : 8/24
train batch 39: predictions shape=(8, 2), labels shape=(8,)
epoch : 66
batch : 39/39
train accuracy : 0.875
train pred 0/1 : 4/4 label 0/1 : 3/5
VALIDATION
valid batch 1: predictions shape=(32, 2), labels shape=(32,)
valid batch : 1/2
valid accuracy : 0.21875
valid pred 0/1 : 24/8 label 0/1 : 9/23
valid batch 2: predictions shape=(23, 2), labels shape=(23,)
valid batch : 2/2
valid accuracy : 0.17391304671764374
valid pred 0/1 : 19/4 label 0/1 : 4/19
valid epoch balanced_accuracy: 0.290293
EPOCH 67:
train batch 1: predictions shape=(32, 2), labels shape=(32,)
epoch : 67
batch : 1/39
train accuracy : 0.6875
train pred 0/1 : 12/20 label 0/1 : 10/22
train batch 2: predictions shape=(32, 2), labels shape=(32,)
epoch : 67
batch : 2/39
train accuracy : 0.53125
train pred 0/1 : 15/17 label 0/1 : 16/16
train batch 3: predictions shape=(32, 2), labels shape=(32,)
epoch : 67
batch : 3/39
train accuracy : 0.65625
train pred 0/1 : 14/18 label 0/1 : 15/17
train batch 4: predictions shape=(32, 2), labels shape=(32,)
epoch : 67
batch : 4/39
train accuracy : 0.65625
train pred 0/1 : 13/19 label 0/1 : 22/10
train batch 5: predictions shape=(32, 2), labels shape=(32,)
epoch : 67
batch : 5/39
train accuracy : 0.84375
train pred 0/1 : 10/22 label 0/1 : 11/21
train batch 6: predictions shape=(32, 2), labels shape=(32,)
epoch : 67
batch : 6/39
train accuracy : 0.625
train pred 0/1 : 15/17 label 0/1 : 13/19
train batch 7: predictions shape=(32, 2), labels shape=(32,)
epoch : 67
batch : 7/39
train accuracy : 0.71875
train pred 0/1 : 13/19 label 0/1 : 14/18
train batch 8: predictions shape=(32, 2), labels shape=(32,)
epoch : 67
batch : 8/39
train accuracy : 0.8125
train pred 0/1 : 15/17 label 0/1 : 13/19
train batch 9: predictions shape=(32, 2), labels shape=(32,)
epoch : 67
batch : 9/39
train accuracy : 0.84375
train pred 0/1 : 8/24 label 0/1 : 9/23
train batch 10: predictions shape=(32, 2), labels shape=(32,)
epoch : 67
batch : 10/39
train accuracy : 0.6875
train pred 0/1 : 19/13 label 0/1 : 15/17
train batch 11: predictions shape=(32, 2), labels shape=(32,)
epoch : 67
batch : 11/39
train accuracy : 0.8125
train pred 0/1 : 15/17 label 0/1 : 15/17
train batch 12: predictions shape=(32, 2), labels shape=(32,)
epoch : 67
batch : 12/39
train accuracy : 0.625
train pred 0/1 : 20/12 label 0/1 : 14/18
train batch 13: predictions shape=(32, 2), labels shape=(32,)
epoch : 67
batch : 13/39
train accuracy : 0.625
train pred 0/1 : 10/22 label 0/1 : 14/18
train batch 14: predictions shape=(32, 2), labels shape=(32,)
epoch : 67
batch : 14/39
train accuracy : 0.75
train pred 0/1 : 15/17 label 0/1 : 13/19
train batch 15: predictions shape=(32, 2), labels shape=(32,)
epoch : 67
batch : 15/39
train accuracy : 0.625
train pred 0/1 : 11/21 label 0/1 : 19/13
train batch 16: predictions shape=(32, 2), labels shape=(32,)
epoch : 67
batch : 16/39
train accuracy : 0.59375
train pred 0/1 : 20/12 label 0/1 : 19/13
train batch 17: predictions shape=(32, 2), labels shape=(32,)
epoch : 67
batch : 17/39
train accuracy : 0.71875
train pred 0/1 : 18/14 label 0/1 : 13/19
train batch 18: predictions shape=(32, 2), labels shape=(32,)
epoch : 67
batch : 18/39
train accuracy : 0.625
train pred 0/1 : 21/11 label 0/1 : 9/23
train batch 19: predictions shape=(32, 2), labels shape=(32,)
epoch : 67
batch : 19/39
train accuracy : 0.5625
train pred 0/1 : 20/12 label 0/1 : 16/16
train batch 20: predictions shape=(32, 2), labels shape=(32,)
epoch : 67
batch : 20/39
train accuracy : 0.75
train pred 0/1 : 19/13 label 0/1 : 15/17
train batch 21: predictions shape=(32, 2), labels shape=(32,)
epoch : 67
batch : 21/39
train accuracy : 0.75
train pred 0/1 : 23/9 label 0/1 : 17/15
train batch 22: predictions shape=(32, 2), labels shape=(32,)
epoch : 67
batch : 22/39
train accuracy : 0.5625
train pred 0/1 : 23/9 label 0/1 : 11/21
train batch 23: predictions shape=(32, 2), labels shape=(32,)
epoch : 67
batch : 23/39
train accuracy : 0.65625
train pred 0/1 : 21/11 label 0/1 : 14/18
train batch 24: predictions shape=(32, 2), labels shape=(32,)
epoch : 67
batch : 24/39
train accuracy : 0.625
train pred 0/1 : 18/14 label 0/1 : 16/16
train batch 25: predictions shape=(32, 2), labels shape=(32,)
epoch : 67
batch : 25/39
train accuracy : 0.8125
train pred 0/1 : 16/16 label 0/1 : 14/18
train batch 26: predictions shape=(32, 2), labels shape=(32,)
epoch : 67
batch : 26/39
train accuracy : 0.5625
train pred 0/1 : 18/14 label 0/1 : 12/20
train batch 27: predictions shape=(32, 2), labels shape=(32,)
epoch : 67
batch : 27/39
train accuracy : 0.75
train pred 0/1 : 15/17 label 0/1 : 11/21
train batch 28: predictions shape=(32, 2), labels shape=(32,)
epoch : 67
batch : 28/39
train accuracy : 0.6875
train pred 0/1 : 16/16 label 0/1 : 14/18
train batch 29: predictions shape=(32, 2), labels shape=(32,)
epoch : 67
batch : 29/39
train accuracy : 0.6875
train pred 0/1 : 16/16 label 0/1 : 16/16
train batch 30: predictions shape=(32, 2), labels shape=(32,)
epoch : 67
batch : 30/39
train accuracy : 0.65625
train pred 0/1 : 7/25 label 0/1 : 12/20
train batch 31: predictions shape=(32, 2), labels shape=(32,)
epoch : 67
batch : 31/39
train accuracy : 0.65625
train pred 0/1 : 7/25 label 0/1 : 16/16
train batch 32: predictions shape=(32, 2), labels shape=(32,)
epoch : 67
batch : 32/39
train accuracy : 0.5625
train pred 0/1 : 6/26 label 0/1 : 16/16
train batch 33: predictions shape=(32, 2), labels shape=(32,)
epoch : 67
batch : 33/39
train accuracy : 0.75
train pred 0/1 : 11/21 label 0/1 : 17/15
train batch 34: predictions shape=(32, 2), labels shape=(32,)
epoch : 67
batch : 34/39
train accuracy : 0.71875
train pred 0/1 : 15/17 label 0/1 : 16/16
train batch 35: predictions shape=(32, 2), labels shape=(32,)
epoch : 67
batch : 35/39
train accuracy : 0.46875
train pred 0/1 : 7/25 label 0/1 : 18/14
train batch 36: predictions shape=(32, 2), labels shape=(32,)
epoch : 67
batch : 36/39
train accuracy : 0.84375
train pred 0/1 : 11/21 label 0/1 : 12/20
train batch 37: predictions shape=(32, 2), labels shape=(32,)
epoch : 67
batch : 37/39
train accuracy : 0.6875
train pred 0/1 : 13/19 label 0/1 : 11/21
train batch 38: predictions shape=(32, 2), labels shape=(32,)
epoch : 67
batch : 38/39
train accuracy : 0.6875
train pred 0/1 : 11/21 label 0/1 : 15/17
train batch 39: predictions shape=(8, 2), labels shape=(8,)
epoch : 67
batch : 39/39
train accuracy : 0.5
train pred 0/1 : 4/4 label 0/1 : 6/2
VALIDATION
valid batch 1: predictions shape=(32, 2), labels shape=(32,)
valid batch : 1/2
valid accuracy : 0.21875
valid pred 0/1 : 27/5 label 0/1 : 8/24
valid batch 2: predictions shape=(23, 2), labels shape=(23,)
valid batch : 2/2
valid accuracy : 0.21739131212234497
valid pred 0/1 : 21/2 label 0/1 : 5/18
valid epoch balanced_accuracy: 0.381868
EPOCH 68:
train batch 1: predictions shape=(32, 2), labels shape=(32,)
epoch : 68
batch : 1/39
train accuracy : 0.71875
train pred 0/1 : 14/18 label 0/1 : 15/17
train batch 2: predictions shape=(32, 2), labels shape=(32,)
epoch : 68
batch : 2/39
train accuracy : 0.59375
train pred 0/1 : 25/7 label 0/1 : 16/16
train batch 3: predictions shape=(32, 2), labels shape=(32,)
epoch : 68
batch : 3/39
train accuracy : 0.78125
train pred 0/1 : 15/17 label 0/1 : 14/18
train batch 4: predictions shape=(32, 2), labels shape=(32,)
epoch : 68
batch : 4/39
train accuracy : 0.75
train pred 0/1 : 17/15 label 0/1 : 15/17
train batch 5: predictions shape=(32, 2), labels shape=(32,)
epoch : 68
batch : 5/39
train accuracy : 0.65625
train pred 0/1 : 17/15 label 0/1 : 16/16
train batch 6: predictions shape=(32, 2), labels shape=(32,)
epoch : 68
batch : 6/39
train accuracy : 0.71875
train pred 0/1 : 20/12 label 0/1 : 15/17
train batch 7: predictions shape=(32, 2), labels shape=(32,)
epoch : 68
batch : 7/39
train accuracy : 0.75
train pred 0/1 : 17/15 label 0/1 : 13/19
train batch 8: predictions shape=(32, 2), labels shape=(32,)
epoch : 68
batch : 8/39
train accuracy : 0.6875
train pred 0/1 : 20/12 label 0/1 : 14/18
train batch 9: predictions shape=(32, 2), labels shape=(32,)
epoch : 68
batch : 9/39
train accuracy : 0.75
train pred 0/1 : 18/14 label 0/1 : 16/16
train batch 10: predictions shape=(32, 2), labels shape=(32,)
epoch : 68
batch : 10/39
train accuracy : 0.8125
train pred 0/1 : 16/16 label 0/1 : 18/14
train batch 11: predictions shape=(32, 2), labels shape=(32,)
epoch : 68
batch : 11/39
train accuracy : 0.59375
train pred 0/1 : 21/11 label 0/1 : 12/20
train batch 12: predictions shape=(32, 2), labels shape=(32,)
epoch : 68
batch : 12/39
train accuracy : 0.625
train pred 0/1 : 13/19 label 0/1 : 11/21
train batch 13: predictions shape=(32, 2), labels shape=(32,)
epoch : 68
batch : 13/39
train accuracy : 0.71875
train pred 0/1 : 16/16 label 0/1 : 11/21
train batch 14: predictions shape=(32, 2), labels shape=(32,)
epoch : 68
batch : 14/39
train accuracy : 0.65625
train pred 0/1 : 14/18 label 0/1 : 17/15
train batch 15: predictions shape=(32, 2), labels shape=(32,)
epoch : 68
batch : 15/39
train accuracy : 0.84375
train pred 0/1 : 12/20 label 0/1 : 9/23
train batch 16: predictions shape=(32, 2), labels shape=(32,)
epoch : 68
batch : 16/39
train accuracy : 0.65625
train pred 0/1 : 13/19 label 0/1 : 12/20
train batch 17: predictions shape=(32, 2), labels shape=(32,)
epoch : 68
batch : 17/39
train accuracy : 0.78125
train pred 0/1 : 14/18 label 0/1 : 15/17
train batch 18: predictions shape=(32, 2), labels shape=(32,)
epoch : 68
batch : 18/39
train accuracy : 0.71875
train pred 0/1 : 11/21 label 0/1 : 10/22
train batch 19: predictions shape=(32, 2), labels shape=(32,)
epoch : 68
batch : 19/39
train accuracy : 0.75
train pred 0/1 : 13/19 label 0/1 : 15/17
train batch 20: predictions shape=(32, 2), labels shape=(32,)
epoch : 68
batch : 20/39
train accuracy : 0.59375
train pred 0/1 : 11/21 label 0/1 : 18/14
train batch 21: predictions shape=(32, 2), labels shape=(32,)
epoch : 68
batch : 21/39
train accuracy : 0.75
train pred 0/1 : 11/21 label 0/1 : 13/19
train batch 22: predictions shape=(32, 2), labels shape=(32,)
epoch : 68
batch : 22/39
train accuracy : 0.625
train pred 0/1 : 6/26 label 0/1 : 10/22
train batch 23: predictions shape=(32, 2), labels shape=(32,)
epoch : 68
batch : 23/39
train accuracy : 0.65625
train pred 0/1 : 19/13 label 0/1 : 14/18
train batch 24: predictions shape=(32, 2), labels shape=(32,)
epoch : 68
batch : 24/39
train accuracy : 0.75
train pred 0/1 : 12/20 label 0/1 : 12/20
train batch 25: predictions shape=(32, 2), labels shape=(32,)
epoch : 68
batch : 25/39
train accuracy : 0.6875
train pred 0/1 : 11/21 label 0/1 : 13/19
train batch 26: predictions shape=(32, 2), labels shape=(32,)
epoch : 68
batch : 26/39
train accuracy : 0.71875
train pred 0/1 : 16/16 label 0/1 : 11/21
train batch 27: predictions shape=(32, 2), labels shape=(32,)
epoch : 68
batch : 27/39
train accuracy : 0.75
train pred 0/1 : 20/12 label 0/1 : 14/18
train batch 28: predictions shape=(32, 2), labels shape=(32,)
epoch : 68
batch : 28/39
train accuracy : 0.65625
train pred 0/1 : 17/15 label 0/1 : 16/16
train batch 29: predictions shape=(32, 2), labels shape=(32,)
epoch : 68
batch : 29/39
train accuracy : 0.78125
train pred 0/1 : 14/18 label 0/1 : 15/17
train batch 30: predictions shape=(32, 2), labels shape=(32,)
epoch : 68
batch : 30/39
train accuracy : 0.6875
train pred 0/1 : 15/17 label 0/1 : 17/15
train batch 31: predictions shape=(32, 2), labels shape=(32,)
epoch : 68
batch : 31/39
train accuracy : 0.65625
train pred 0/1 : 17/15 label 0/1 : 16/16
train batch 32: predictions shape=(32, 2), labels shape=(32,)
epoch : 68
batch : 32/39
train accuracy : 0.71875
train pred 0/1 : 17/15 label 0/1 : 16/16
train batch 33: predictions shape=(32, 2), labels shape=(32,)
epoch : 68
batch : 33/39
train accuracy : 0.78125
train pred 0/1 : 19/13 label 0/1 : 14/18
train batch 34: predictions shape=(32, 2), labels shape=(32,)
epoch : 68
batch : 34/39
train accuracy : 0.59375
train pred 0/1 : 21/11 label 0/1 : 12/20
train batch 35: predictions shape=(32, 2), labels shape=(32,)
epoch : 68
batch : 35/39
train accuracy : 0.8125
train pred 0/1 : 19/13 label 0/1 : 15/17
train batch 36: predictions shape=(32, 2), labels shape=(32,)
epoch : 68
batch : 36/39
train accuracy : 0.84375
train pred 0/1 : 21/11 label 0/1 : 20/12
train batch 37: predictions shape=(32, 2), labels shape=(32,)
epoch : 68
batch : 37/39
train accuracy : 0.5625
train pred 0/1 : 19/13 label 0/1 : 19/13
train batch 38: predictions shape=(32, 2), labels shape=(32,)
epoch : 68
batch : 38/39
train accuracy : 0.6875
train pred 0/1 : 23/9 label 0/1 : 17/15
train batch 39: predictions shape=(8, 2), labels shape=(8,)
epoch : 68
batch : 39/39
train accuracy : 0.75
train pred 0/1 : 3/5 label 0/1 : 3/5
VALIDATION
valid batch 1: predictions shape=(32, 2), labels shape=(32,)
valid batch : 1/2
valid accuracy : 0.3125
valid pred 0/1 : 29/3 label 0/1 : 9/23
valid batch 2: predictions shape=(23, 2), labels shape=(23,)
valid batch : 2/2
valid accuracy : 0.1304347813129425
valid pred 0/1 : 20/3 label 0/1 : 4/19
valid epoch balanced_accuracy: 0.420330
EPOCH 69:
train batch 1: predictions shape=(32, 2), labels shape=(32,)
epoch : 69
batch : 1/39
train accuracy : 0.59375
train pred 0/1 : 21/11 label 0/1 : 14/18
train batch 2: predictions shape=(32, 2), labels shape=(32,)
epoch : 69
batch : 2/39
train accuracy : 0.6875
train pred 0/1 : 22/10 label 0/1 : 14/18
train batch 3: predictions shape=(32, 2), labels shape=(32,)
epoch : 69
batch : 3/39
train accuracy : 0.625
train pred 0/1 : 15/17 label 0/1 : 13/19
train batch 4: predictions shape=(32, 2), labels shape=(32,)
epoch : 69
batch : 4/39
train accuracy : 0.59375
train pred 0/1 : 17/15 label 0/1 : 12/20
train batch 5: predictions shape=(32, 2), labels shape=(32,)
epoch : 69
batch : 5/39
train accuracy : 0.71875
train pred 0/1 : 14/18 label 0/1 : 13/19
train batch 6: predictions shape=(32, 2), labels shape=(32,)
epoch : 69
batch : 6/39
train accuracy : 0.75
train pred 0/1 : 11/21 label 0/1 : 15/17
train batch 7: predictions shape=(32, 2), labels shape=(32,)
epoch : 69
batch : 7/39
train accuracy : 0.78125
train pred 0/1 : 12/20 label 0/1 : 19/13
train batch 8: predictions shape=(32, 2), labels shape=(32,)
epoch : 69
batch : 8/39
train accuracy : 0.71875
train pred 0/1 : 7/25 label 0/1 : 12/20
train batch 9: predictions shape=(32, 2), labels shape=(32,)
epoch : 69
batch : 9/39
train accuracy : 0.75
train pred 0/1 : 18/14 label 0/1 : 18/14
train batch 10: predictions shape=(32, 2), labels shape=(32,)
epoch : 69
batch : 10/39
train accuracy : 0.75
train pred 0/1 : 21/11 label 0/1 : 17/15
train batch 11: predictions shape=(32, 2), labels shape=(32,)
epoch : 69
batch : 11/39
train accuracy : 0.6875
train pred 0/1 : 18/14 label 0/1 : 16/16
train batch 12: predictions shape=(32, 2), labels shape=(32,)
epoch : 69
batch : 12/39
train accuracy : 0.75
train pred 0/1 : 18/14 label 0/1 : 16/16
train batch 13: predictions shape=(32, 2), labels shape=(32,)
epoch : 69
batch : 13/39
train accuracy : 0.71875
train pred 0/1 : 15/17 label 0/1 : 10/22
train batch 14: predictions shape=(32, 2), labels shape=(32,)
epoch : 69
batch : 14/39
train accuracy : 0.71875
train pred 0/1 : 19/13 label 0/1 : 18/14
train batch 15: predictions shape=(32, 2), labels shape=(32,)
epoch : 69
batch : 15/39
train accuracy : 0.75
train pred 0/1 : 17/15 label 0/1 : 15/17
train batch 16: predictions shape=(32, 2), labels shape=(32,)
epoch : 69
batch : 16/39
train accuracy : 0.6875
train pred 0/1 : 16/16 label 0/1 : 18/14
train batch 17: predictions shape=(32, 2), labels shape=(32,)
epoch : 69
batch : 17/39
train accuracy : 0.6875
train pred 0/1 : 17/15 label 0/1 : 11/21
train batch 18: predictions shape=(32, 2), labels shape=(32,)
epoch : 69
batch : 18/39
train accuracy : 0.78125
train pred 0/1 : 18/14 label 0/1 : 13/19
train batch 19: predictions shape=(32, 2), labels shape=(32,)
epoch : 69
batch : 19/39
train accuracy : 0.65625
train pred 0/1 : 26/6 label 0/1 : 19/13
train batch 20: predictions shape=(32, 2), labels shape=(32,)
epoch : 69
batch : 20/39
train accuracy : 0.84375
train pred 0/1 : 15/17 label 0/1 : 16/16
train batch 21: predictions shape=(32, 2), labels shape=(32,)
epoch : 69
batch : 21/39
train accuracy : 0.6875
train pred 0/1 : 19/13 label 0/1 : 13/19
train batch 22: predictions shape=(32, 2), labels shape=(32,)
epoch : 69
batch : 22/39
train accuracy : 0.6875
train pred 0/1 : 17/15 label 0/1 : 13/19
train batch 23: predictions shape=(32, 2), labels shape=(32,)
epoch : 69
batch : 23/39
train accuracy : 0.75
train pred 0/1 : 17/15 label 0/1 : 17/15
train batch 24: predictions shape=(32, 2), labels shape=(32,)
epoch : 69
batch : 24/39
train accuracy : 0.65625
train pred 0/1 : 14/18 label 0/1 : 11/21
train batch 25: predictions shape=(32, 2), labels shape=(32,)
epoch : 69
batch : 25/39
train accuracy : 0.75
train pred 0/1 : 15/17 label 0/1 : 11/21
train batch 26: predictions shape=(32, 2), labels shape=(32,)
epoch : 69
batch : 26/39
train accuracy : 0.75
train pred 0/1 : 15/17 label 0/1 : 11/21
train batch 27: predictions shape=(32, 2), labels shape=(32,)
epoch : 69
batch : 27/39
train accuracy : 0.75
train pred 0/1 : 16/16 label 0/1 : 18/14
train batch 28: predictions shape=(32, 2), labels shape=(32,)
epoch : 69
batch : 28/39
train accuracy : 0.6875
train pred 0/1 : 16/16 label 0/1 : 16/16
train batch 29: predictions shape=(32, 2), labels shape=(32,)
epoch : 69
batch : 29/39
train accuracy : 0.6875
train pred 0/1 : 17/15 label 0/1 : 19/13
train batch 30: predictions shape=(32, 2), labels shape=(32,)
epoch : 69
batch : 30/39
train accuracy : 0.78125
train pred 0/1 : 13/19 label 0/1 : 10/22
train batch 31: predictions shape=(32, 2), labels shape=(32,)
epoch : 69
batch : 31/39
train accuracy : 0.65625
train pred 0/1 : 9/23 label 0/1 : 8/24
train batch 32: predictions shape=(32, 2), labels shape=(32,)
epoch : 69
batch : 32/39
train accuracy : 0.71875
train pred 0/1 : 18/14 label 0/1 : 17/15
train batch 33: predictions shape=(32, 2), labels shape=(32,)
epoch : 69
batch : 33/39
train accuracy : 0.71875
train pred 0/1 : 11/21 label 0/1 : 12/20
train batch 34: predictions shape=(32, 2), labels shape=(32,)
epoch : 69
batch : 34/39
train accuracy : 0.78125
train pred 0/1 : 9/23 label 0/1 : 8/24
train batch 35: predictions shape=(32, 2), labels shape=(32,)
epoch : 69
batch : 35/39
train accuracy : 0.75
train pred 0/1 : 9/23 label 0/1 : 15/17
train batch 36: predictions shape=(32, 2), labels shape=(32,)
epoch : 69
batch : 36/39
train accuracy : 0.71875
train pred 0/1 : 12/20 label 0/1 : 15/17
train batch 37: predictions shape=(32, 2), labels shape=(32,)
epoch : 69
batch : 37/39
train accuracy : 0.6875
train pred 0/1 : 11/21 label 0/1 : 13/19
train batch 38: predictions shape=(32, 2), labels shape=(32,)
epoch : 69
batch : 38/39
train accuracy : 0.6875
train pred 0/1 : 10/22 label 0/1 : 16/16
train batch 39: predictions shape=(8, 2), labels shape=(8,)
epoch : 69
batch : 39/39
train accuracy : 0.875
train pred 0/1 : 6/2 label 0/1 : 7/1
VALIDATION
valid batch 1: predictions shape=(32, 2), labels shape=(32,)
valid batch : 1/2
valid accuracy : 0.21875
valid pred 0/1 : 28/4 label 0/1 : 7/25
valid batch 2: predictions shape=(23, 2), labels shape=(23,)
valid batch : 2/2
valid accuracy : 0.17391304671764374
valid pred 0/1 : 17/6 label 0/1 : 6/17
valid epoch balanced_accuracy: 0.316850
EPOCH 70:
train batch 1: predictions shape=(32, 2), labels shape=(32,)
epoch : 70
batch : 1/39
train accuracy : 0.78125
train pred 0/1 : 14/18 label 0/1 : 13/19
train batch 2: predictions shape=(32, 2), labels shape=(32,)
epoch : 70
batch : 2/39
train accuracy : 0.65625
train pred 0/1 : 19/13 label 0/1 : 14/18
train batch 3: predictions shape=(32, 2), labels shape=(32,)
epoch : 70
batch : 3/39
train accuracy : 0.625
train pred 0/1 : 18/14 label 0/1 : 10/22
train batch 4: predictions shape=(32, 2), labels shape=(32,)
epoch : 70
batch : 4/39
train accuracy : 0.59375
train pred 0/1 : 15/17 label 0/1 : 16/16
train batch 5: predictions shape=(32, 2), labels shape=(32,)
epoch : 70
batch : 5/39
train accuracy : 0.71875
train pred 0/1 : 18/14 label 0/1 : 19/13
train batch 6: predictions shape=(32, 2), labels shape=(32,)
epoch : 70
batch : 6/39
train accuracy : 0.75
train pred 0/1 : 16/16 label 0/1 : 16/16
train batch 7: predictions shape=(32, 2), labels shape=(32,)
epoch : 70
batch : 7/39
train accuracy : 0.75
train pred 0/1 : 17/15 label 0/1 : 13/19
train batch 8: predictions shape=(32, 2), labels shape=(32,)
epoch : 70
batch : 8/39
train accuracy : 0.78125
train pred 0/1 : 18/14 label 0/1 : 15/17
train batch 9: predictions shape=(32, 2), labels shape=(32,)
epoch : 70
batch : 9/39
train accuracy : 0.6875
train pred 0/1 : 22/10 label 0/1 : 20/12
train batch 10: predictions shape=(32, 2), labels shape=(32,)
epoch : 70
batch : 10/39
train accuracy : 0.625
train pred 0/1 : 16/16 label 0/1 : 8/24
train batch 11: predictions shape=(32, 2), labels shape=(32,)
epoch : 70
batch : 11/39
train accuracy : 0.875
train pred 0/1 : 20/12 label 0/1 : 16/16
train batch 12: predictions shape=(32, 2), labels shape=(32,)
epoch : 70
batch : 12/39
train accuracy : 0.71875
train pred 0/1 : 22/10 label 0/1 : 19/13
train batch 13: predictions shape=(32, 2), labels shape=(32,)
epoch : 70
batch : 13/39
train accuracy : 0.78125
train pred 0/1 : 12/20 label 0/1 : 13/19
train batch 14: predictions shape=(32, 2), labels shape=(32,)
epoch : 70
batch : 14/39
train accuracy : 0.625
train pred 0/1 : 23/9 label 0/1 : 17/15
train batch 15: predictions shape=(32, 2), labels shape=(32,)
epoch : 70
batch : 15/39
train accuracy : 0.78125
train pred 0/1 : 21/11 label 0/1 : 20/12
train batch 16: predictions shape=(32, 2), labels shape=(32,)
epoch : 70
batch : 16/39
train accuracy : 0.6875
train pred 0/1 : 16/16 label 0/1 : 12/20
train batch 17: predictions shape=(32, 2), labels shape=(32,)
epoch : 70
batch : 17/39
train accuracy : 0.625
train pred 0/1 : 21/11 label 0/1 : 11/21
train batch 18: predictions shape=(32, 2), labels shape=(32,)
epoch : 70
batch : 18/39
train accuracy : 0.75
train pred 0/1 : 17/15 label 0/1 : 13/19
train batch 19: predictions shape=(32, 2), labels shape=(32,)
epoch : 70
batch : 19/39
train accuracy : 0.6875
train pred 0/1 : 23/9 label 0/1 : 15/17
train batch 20: predictions shape=(32, 2), labels shape=(32,)
epoch : 70
batch : 20/39
train accuracy : 0.875
train pred 0/1 : 18/14 label 0/1 : 20/12
train batch 21: predictions shape=(32, 2), labels shape=(32,)
epoch : 70
batch : 21/39
train accuracy : 0.59375
train pred 0/1 : 13/19 label 0/1 : 14/18
train batch 22: predictions shape=(32, 2), labels shape=(32,)
epoch : 70
batch : 22/39
train accuracy : 0.625
train pred 0/1 : 17/15 label 0/1 : 17/15
train batch 23: predictions shape=(32, 2), labels shape=(32,)
epoch : 70
batch : 23/39
train accuracy : 0.6875
train pred 0/1 : 9/23 label 0/1 : 17/15
train batch 24: predictions shape=(32, 2), labels shape=(32,)
epoch : 70
batch : 24/39
train accuracy : 0.78125
train pred 0/1 : 12/20 label 0/1 : 11/21
train batch 25: predictions shape=(32, 2), labels shape=(32,)
epoch : 70
batch : 25/39
train accuracy : 0.8125
train pred 0/1 : 14/18 label 0/1 : 12/20
train batch 26: predictions shape=(32, 2), labels shape=(32,)
epoch : 70
batch : 26/39
train accuracy : 0.65625
train pred 0/1 : 21/11 label 0/1 : 16/16
train batch 27: predictions shape=(32, 2), labels shape=(32,)
epoch : 70
batch : 27/39
train accuracy : 0.71875
train pred 0/1 : 16/16 label 0/1 : 17/15
train batch 28: predictions shape=(32, 2), labels shape=(32,)
epoch : 70
batch : 28/39
train accuracy : 0.6875
train pred 0/1 : 16/16 label 0/1 : 16/16
train batch 29: predictions shape=(32, 2), labels shape=(32,)
epoch : 70
batch : 29/39
train accuracy : 0.71875
train pred 0/1 : 18/14 label 0/1 : 17/15
train batch 30: predictions shape=(32, 2), labels shape=(32,)
epoch : 70
batch : 30/39
train accuracy : 0.59375
train pred 0/1 : 19/13 label 0/1 : 10/22
train batch 31: predictions shape=(32, 2), labels shape=(32,)
epoch : 70
batch : 31/39
train accuracy : 0.6875
train pred 0/1 : 16/16 label 0/1 : 10/22
train batch 32: predictions shape=(32, 2), labels shape=(32,)
epoch : 70
batch : 32/39
train accuracy : 0.5625
train pred 0/1 : 17/15 label 0/1 : 11/21
train batch 33: predictions shape=(32, 2), labels shape=(32,)
epoch : 70
batch : 33/39
train accuracy : 0.5
train pred 0/1 : 15/17 label 0/1 : 11/21
train batch 34: predictions shape=(32, 2), labels shape=(32,)
epoch : 70
batch : 34/39
train accuracy : 0.65625
train pred 0/1 : 19/13 label 0/1 : 16/16
train batch 35: predictions shape=(32, 2), labels shape=(32,)
epoch : 70
batch : 35/39
train accuracy : 0.625
train pred 0/1 : 21/11 label 0/1 : 13/19
train batch 36: predictions shape=(32, 2), labels shape=(32,)
epoch : 70
batch : 36/39
train accuracy : 0.65625
train pred 0/1 : 15/17 label 0/1 : 14/18
train batch 37: predictions shape=(32, 2), labels shape=(32,)
epoch : 70
batch : 37/39
train accuracy : 0.78125
train pred 0/1 : 13/19 label 0/1 : 10/22
train batch 38: predictions shape=(32, 2), labels shape=(32,)
epoch : 70
batch : 38/39
train accuracy : 0.6875
train pred 0/1 : 11/21 label 0/1 : 13/19
train batch 39: predictions shape=(8, 2), labels shape=(8,)
epoch : 70
batch : 39/39
train accuracy : 0.75
train pred 0/1 : 6/2 label 0/1 : 4/4
VALIDATION
valid batch 1: predictions shape=(32, 2), labels shape=(32,)
valid batch : 1/2
valid accuracy : 0.21875
valid pred 0/1 : 23/9 label 0/1 : 10/22
valid batch 2: predictions shape=(23, 2), labels shape=(23,)
valid batch : 2/2
valid accuracy : 0.17391304671764374
valid pred 0/1 : 20/3 label 0/1 : 3/20
valid epoch balanced_accuracy: 0.290293
EPOCH 71:
train batch 1: predictions shape=(32, 2), labels shape=(32,)
epoch : 71
batch : 1/39
train accuracy : 0.65625
train pred 0/1 : 8/24 label 0/1 : 15/17
train batch 2: predictions shape=(32, 2), labels shape=(32,)
epoch : 71
batch : 2/39
train accuracy : 0.59375
train pred 0/1 : 8/24 label 0/1 : 13/19
train batch 3: predictions shape=(32, 2), labels shape=(32,)
epoch : 71
batch : 3/39
train accuracy : 0.71875
train pred 0/1 : 9/23 label 0/1 : 14/18
train batch 4: predictions shape=(32, 2), labels shape=(32,)
epoch : 71
batch : 4/39
train accuracy : 0.65625
train pred 0/1 : 6/26 label 0/1 : 15/17
train batch 5: predictions shape=(32, 2), labels shape=(32,)
epoch : 71
batch : 5/39
train accuracy : 0.71875
train pred 0/1 : 16/16 label 0/1 : 15/17
train batch 6: predictions shape=(32, 2), labels shape=(32,)
epoch : 71
batch : 6/39
train accuracy : 0.6875
train pred 0/1 : 10/22 label 0/1 : 18/14
train batch 7: predictions shape=(32, 2), labels shape=(32,)
epoch : 71
batch : 7/39
train accuracy : 0.71875
train pred 0/1 : 8/24 label 0/1 : 15/17
train batch 8: predictions shape=(32, 2), labels shape=(32,)
epoch : 71
batch : 8/39
train accuracy : 0.625
train pred 0/1 : 14/18 label 0/1 : 16/16
train batch 9: predictions shape=(32, 2), labels shape=(32,)
epoch : 71
batch : 9/39
train accuracy : 0.8125
train pred 0/1 : 17/15 label 0/1 : 17/15
train batch 10: predictions shape=(32, 2), labels shape=(32,)
epoch : 71
batch : 10/39
train accuracy : 0.8125
train pred 0/1 : 13/19 label 0/1 : 9/23
train batch 11: predictions shape=(32, 2), labels shape=(32,)
epoch : 71
batch : 11/39
train accuracy : 0.875
train pred 0/1 : 15/17 label 0/1 : 15/17
train batch 12: predictions shape=(32, 2), labels shape=(32,)
epoch : 71
batch : 12/39
train accuracy : 0.59375
train pred 0/1 : 11/21 label 0/1 : 16/16
train batch 13: predictions shape=(32, 2), labels shape=(32,)
epoch : 71
batch : 13/39
train accuracy : 0.75
train pred 0/1 : 16/16 label 0/1 : 14/18
train batch 14: predictions shape=(32, 2), labels shape=(32,)
epoch : 71
batch : 14/39
train accuracy : 0.65625
train pred 0/1 : 13/19 label 0/1 : 16/16
train batch 15: predictions shape=(32, 2), labels shape=(32,)
epoch : 71
batch : 15/39
train accuracy : 0.59375
train pred 0/1 : 18/14 label 0/1 : 21/11
train batch 16: predictions shape=(32, 2), labels shape=(32,)
epoch : 71
batch : 16/39
train accuracy : 0.4375
train pred 0/1 : 9/23 label 0/1 : 17/15
train batch 17: predictions shape=(32, 2), labels shape=(32,)
epoch : 71
batch : 17/39
train accuracy : 0.71875
train pred 0/1 : 15/17 label 0/1 : 16/16
train batch 18: predictions shape=(32, 2), labels shape=(32,)
epoch : 71
batch : 18/39
train accuracy : 0.84375
train pred 0/1 : 14/18 label 0/1 : 15/17
train batch 19: predictions shape=(32, 2), labels shape=(32,)
epoch : 71
batch : 19/39
train accuracy : 0.65625
train pred 0/1 : 10/22 label 0/1 : 11/21
train batch 20: predictions shape=(32, 2), labels shape=(32,)
epoch : 71
batch : 20/39
train accuracy : 0.75
train pred 0/1 : 17/15 label 0/1 : 15/17
train batch 21: predictions shape=(32, 2), labels shape=(32,)
epoch : 71
batch : 21/39
train accuracy : 0.59375
train pred 0/1 : 15/17 label 0/1 : 14/18
train batch 22: predictions shape=(32, 2), labels shape=(32,)
epoch : 71
batch : 22/39
train accuracy : 0.6875
train pred 0/1 : 14/18 label 0/1 : 14/18
train batch 23: predictions shape=(32, 2), labels shape=(32,)
epoch : 71
batch : 23/39
train accuracy : 0.78125
train pred 0/1 : 12/20 label 0/1 : 11/21
train batch 24: predictions shape=(32, 2), labels shape=(32,)
epoch : 71
batch : 24/39
train accuracy : 0.84375
train pred 0/1 : 15/17 label 0/1 : 12/20
train batch 25: predictions shape=(32, 2), labels shape=(32,)
epoch : 71
batch : 25/39
train accuracy : 0.75
train pred 0/1 : 9/23 label 0/1 : 13/19
train batch 26: predictions shape=(32, 2), labels shape=(32,)
epoch : 71
batch : 26/39
train accuracy : 0.6875
train pred 0/1 : 11/21 label 0/1 : 13/19
train batch 27: predictions shape=(32, 2), labels shape=(32,)
epoch : 71
batch : 27/39
train accuracy : 0.6875
train pred 0/1 : 10/22 label 0/1 : 16/16
train batch 28: predictions shape=(32, 2), labels shape=(32,)
epoch : 71
batch : 28/39
train accuracy : 0.78125
train pred 0/1 : 11/21 label 0/1 : 14/18
train batch 29: predictions shape=(32, 2), labels shape=(32,)
epoch : 71
batch : 29/39
train accuracy : 0.59375
train pred 0/1 : 8/24 label 0/1 : 17/15
train batch 30: predictions shape=(32, 2), labels shape=(32,)
epoch : 71
batch : 30/39
train accuracy : 0.6875
train pred 0/1 : 13/19 label 0/1 : 15/17
train batch 31: predictions shape=(32, 2), labels shape=(32,)
epoch : 71
batch : 31/39
train accuracy : 0.75
train pred 0/1 : 8/24 label 0/1 : 12/20
train batch 32: predictions shape=(32, 2), labels shape=(32,)
epoch : 71
batch : 32/39
train accuracy : 0.65625
train pred 0/1 : 11/21 label 0/1 : 14/18
train batch 33: predictions shape=(32, 2), labels shape=(32,)
epoch : 71
batch : 33/39
train accuracy : 0.59375
train pred 0/1 : 13/19 label 0/1 : 10/22
train batch 34: predictions shape=(32, 2), labels shape=(32,)
epoch : 71
batch : 34/39
train accuracy : 0.78125
train pred 0/1 : 11/21 label 0/1 : 16/16
train batch 35: predictions shape=(32, 2), labels shape=(32,)
epoch : 71
batch : 35/39
train accuracy : 0.5625
train pred 0/1 : 16/16 label 0/1 : 12/20
train batch 36: predictions shape=(32, 2), labels shape=(32,)
epoch : 71
batch : 36/39
train accuracy : 0.59375
train pred 0/1 : 13/19 label 0/1 : 16/16
train batch 37: predictions shape=(32, 2), labels shape=(32,)
epoch : 71
batch : 37/39
train accuracy : 0.625
train pred 0/1 : 18/14 label 0/1 : 14/18
train batch 38: predictions shape=(32, 2), labels shape=(32,)
epoch : 71
batch : 38/39
train accuracy : 0.6875
train pred 0/1 : 18/14 label 0/1 : 10/22
train batch 39: predictions shape=(8, 2), labels shape=(8,)
epoch : 71
batch : 39/39
train accuracy : 0.5
train pred 0/1 : 7/1 label 0/1 : 3/5
VALIDATION
valid batch 1: predictions shape=(32, 2), labels shape=(32,)
valid batch : 1/2
valid accuracy : 0.15625
valid pred 0/1 : 29/3 label 0/1 : 6/26
valid batch 2: predictions shape=(23, 2), labels shape=(23,)
valid batch : 2/2
valid accuracy : 0.3478260934352875
valid pred 0/1 : 20/3 label 0/1 : 7/16
valid epoch balanced_accuracy: 0.420330
EPOCH 72:
train batch 1: predictions shape=(32, 2), labels shape=(32,)
epoch : 72
batch : 1/39
train accuracy : 0.6875
train pred 0/1 : 18/14 label 0/1 : 16/16
train batch 2: predictions shape=(32, 2), labels shape=(32,)
epoch : 72
batch : 2/39
train accuracy : 0.5625
train pred 0/1 : 17/15 label 0/1 : 7/25
train batch 3: predictions shape=(32, 2), labels shape=(32,)
epoch : 72
batch : 3/39
train accuracy : 0.71875
train pred 0/1 : 23/9 label 0/1 : 16/16
train batch 4: predictions shape=(32, 2), labels shape=(32,)
epoch : 72
batch : 4/39
train accuracy : 0.5
train pred 0/1 : 25/7 label 0/1 : 9/23
train batch 5: predictions shape=(32, 2), labels shape=(32,)
epoch : 72
batch : 5/39
train accuracy : 0.4375
train pred 0/1 : 25/7 label 0/1 : 9/23
train batch 6: predictions shape=(32, 2), labels shape=(32,)
epoch : 72
batch : 6/39
train accuracy : 0.65625
train pred 0/1 : 22/10 label 0/1 : 13/19
train batch 7: predictions shape=(32, 2), labels shape=(32,)
epoch : 72
batch : 7/39
train accuracy : 0.59375
train pred 0/1 : 18/14 label 0/1 : 13/19
train batch 8: predictions shape=(32, 2), labels shape=(32,)
epoch : 72
batch : 8/39
train accuracy : 0.625
train pred 0/1 : 19/13 label 0/1 : 17/15
train batch 9: predictions shape=(32, 2), labels shape=(32,)
epoch : 72
batch : 9/39
train accuracy : 0.65625
train pred 0/1 : 18/14 label 0/1 : 19/13
train batch 10: predictions shape=(32, 2), labels shape=(32,)
epoch : 72
batch : 10/39
train accuracy : 0.6875
train pred 0/1 : 16/16 label 0/1 : 16/16
train batch 11: predictions shape=(32, 2), labels shape=(32,)
epoch : 72
batch : 11/39
train accuracy : 0.6875
train pred 0/1 : 10/22 label 0/1 : 16/16
train batch 12: predictions shape=(32, 2), labels shape=(32,)
epoch : 72
batch : 12/39
train accuracy : 0.625
train pred 0/1 : 15/17 label 0/1 : 23/9
train batch 13: predictions shape=(32, 2), labels shape=(32,)
epoch : 72
batch : 13/39
train accuracy : 0.6875
train pred 0/1 : 14/18 label 0/1 : 14/18
train batch 14: predictions shape=(32, 2), labels shape=(32,)
epoch : 72
batch : 14/39
train accuracy : 0.78125
train pred 0/1 : 8/24 label 0/1 : 15/17
train batch 15: predictions shape=(32, 2), labels shape=(32,)
epoch : 72
batch : 15/39
train accuracy : 0.65625
train pred 0/1 : 13/19 label 0/1 : 18/14
train batch 16: predictions shape=(32, 2), labels shape=(32,)
epoch : 72
batch : 16/39
train accuracy : 0.8125
train pred 0/1 : 15/17 label 0/1 : 17/15
train batch 17: predictions shape=(32, 2), labels shape=(32,)
epoch : 72
batch : 17/39
train accuracy : 0.875
train pred 0/1 : 15/17 label 0/1 : 15/17
train batch 18: predictions shape=(32, 2), labels shape=(32,)
epoch : 72
batch : 18/39
train accuracy : 0.75
train pred 0/1 : 14/18 label 0/1 : 12/20
train batch 19: predictions shape=(32, 2), labels shape=(32,)
epoch : 72
batch : 19/39
train accuracy : 0.71875
train pred 0/1 : 8/24 label 0/1 : 11/21
train batch 20: predictions shape=(32, 2), labels shape=(32,)
epoch : 72
batch : 20/39
train accuracy : 0.625
train pred 0/1 : 16/16 label 0/1 : 12/20
train batch 21: predictions shape=(32, 2), labels shape=(32,)
epoch : 72
batch : 21/39
train accuracy : 0.75
train pred 0/1 : 16/16 label 0/1 : 18/14
train batch 22: predictions shape=(32, 2), labels shape=(32,)
epoch : 72
batch : 22/39
train accuracy : 0.75
train pred 0/1 : 14/18 label 0/1 : 16/16
train batch 23: predictions shape=(32, 2), labels shape=(32,)
epoch : 72
batch : 23/39
train accuracy : 0.59375
train pred 0/1 : 15/17 label 0/1 : 10/22
train batch 24: predictions shape=(32, 2), labels shape=(32,)
epoch : 72
batch : 24/39
train accuracy : 0.75
train pred 0/1 : 12/20 label 0/1 : 12/20
train batch 25: predictions shape=(32, 2), labels shape=(32,)
epoch : 72
batch : 25/39
train accuracy : 0.59375
train pred 0/1 : 16/16 label 0/1 : 15/17
train batch 26: predictions shape=(32, 2), labels shape=(32,)
epoch : 72
batch : 26/39
train accuracy : 0.71875
train pred 0/1 : 15/17 label 0/1 : 10/22
train batch 27: predictions shape=(32, 2), labels shape=(32,)
epoch : 72
batch : 27/39
train accuracy : 0.78125
train pred 0/1 : 14/18 label 0/1 : 9/23
train batch 28: predictions shape=(32, 2), labels shape=(32,)
epoch : 72
batch : 28/39
train accuracy : 0.625
train pred 0/1 : 16/16 label 0/1 : 16/16
train batch 29: predictions shape=(32, 2), labels shape=(32,)
epoch : 72
batch : 29/39
train accuracy : 0.78125
train pred 0/1 : 17/15 label 0/1 : 20/12
train batch 30: predictions shape=(32, 2), labels shape=(32,)
epoch : 72
batch : 30/39
train accuracy : 0.71875
train pred 0/1 : 16/16 label 0/1 : 9/23
train batch 31: predictions shape=(32, 2), labels shape=(32,)
epoch : 72
batch : 31/39
train accuracy : 0.625
train pred 0/1 : 17/15 label 0/1 : 15/17
train batch 32: predictions shape=(32, 2), labels shape=(32,)
epoch : 72
batch : 32/39
train accuracy : 0.84375
train pred 0/1 : 16/16 label 0/1 : 15/17
train batch 33: predictions shape=(32, 2), labels shape=(32,)
epoch : 72
batch : 33/39
train accuracy : 0.71875
train pred 0/1 : 16/16 label 0/1 : 17/15
train batch 34: predictions shape=(32, 2), labels shape=(32,)
epoch : 72
batch : 34/39
train accuracy : 0.625
train pred 0/1 : 17/15 label 0/1 : 13/19
train batch 35: predictions shape=(32, 2), labels shape=(32,)
epoch : 72
batch : 35/39
train accuracy : 0.75
train pred 0/1 : 18/14 label 0/1 : 20/12
train batch 36: predictions shape=(32, 2), labels shape=(32,)
epoch : 72
batch : 36/39
train accuracy : 0.71875
train pred 0/1 : 12/20 label 0/1 : 13/19
train batch 37: predictions shape=(32, 2), labels shape=(32,)
epoch : 72
batch : 37/39
train accuracy : 0.625
train pred 0/1 : 18/14 label 0/1 : 18/14
train batch 38: predictions shape=(32, 2), labels shape=(32,)
epoch : 72
batch : 38/39
train accuracy : 0.59375
train pred 0/1 : 19/13 label 0/1 : 12/20
train batch 39: predictions shape=(8, 2), labels shape=(8,)
epoch : 72
batch : 39/39
train accuracy : 0.625
train pred 0/1 : 6/2 label 0/1 : 3/5
VALIDATION
valid batch 1: predictions shape=(32, 2), labels shape=(32,)
valid batch : 1/2
valid accuracy : 0.28125
valid pred 0/1 : 25/7 label 0/1 : 8/24
valid batch 2: predictions shape=(23, 2), labels shape=(23,)
valid batch : 2/2
valid accuracy : 0.1304347813129425
valid pred 0/1 : 21/2 label 0/1 : 5/18
valid epoch balanced_accuracy: 0.355311
EPOCH 73:
train batch 1: predictions shape=(32, 2), labels shape=(32,)
epoch : 73
batch : 1/39
train accuracy : 0.65625
train pred 0/1 : 18/14 label 0/1 : 13/19
train batch 2: predictions shape=(32, 2), labels shape=(32,)
epoch : 73
batch : 2/39
train accuracy : 0.65625
train pred 0/1 : 19/13 label 0/1 : 20/12
train batch 3: predictions shape=(32, 2), labels shape=(32,)
epoch : 73
batch : 3/39
train accuracy : 0.71875
train pred 0/1 : 16/16 label 0/1 : 11/21
train batch 4: predictions shape=(32, 2), labels shape=(32,)
epoch : 73
batch : 4/39
train accuracy : 0.625
train pred 0/1 : 22/10 label 0/1 : 12/20
train batch 5: predictions shape=(32, 2), labels shape=(32,)
epoch : 73
batch : 5/39
train accuracy : 0.875
train pred 0/1 : 14/18 label 0/1 : 12/20
train batch 6: predictions shape=(32, 2), labels shape=(32,)
epoch : 73
batch : 6/39
train accuracy : 0.71875
train pred 0/1 : 16/16 label 0/1 : 13/19
train batch 7: predictions shape=(32, 2), labels shape=(32,)
epoch : 73
batch : 7/39
train accuracy : 0.75
train pred 0/1 : 14/18 label 0/1 : 12/20
train batch 8: predictions shape=(32, 2), labels shape=(32,)
epoch : 73
batch : 8/39
train accuracy : 0.71875
train pred 0/1 : 9/23 label 0/1 : 16/16
train batch 9: predictions shape=(32, 2), labels shape=(32,)
epoch : 73
batch : 9/39
train accuracy : 0.625
train pred 0/1 : 10/22 label 0/1 : 16/16
train batch 10: predictions shape=(32, 2), labels shape=(32,)
epoch : 73
batch : 10/39
train accuracy : 0.875
train pred 0/1 : 18/14 label 0/1 : 16/16
train batch 11: predictions shape=(32, 2), labels shape=(32,)
epoch : 73
batch : 11/39
train accuracy : 0.625
train pred 0/1 : 9/23 label 0/1 : 17/15
train batch 12: predictions shape=(32, 2), labels shape=(32,)
epoch : 73
batch : 12/39
train accuracy : 0.6875
train pred 0/1 : 8/24 label 0/1 : 16/16
train batch 13: predictions shape=(32, 2), labels shape=(32,)
epoch : 73
batch : 13/39
train accuracy : 0.53125
train pred 0/1 : 11/21 label 0/1 : 12/20
train batch 14: predictions shape=(32, 2), labels shape=(32,)
epoch : 73
batch : 14/39
train accuracy : 0.875
train pred 0/1 : 12/20 label 0/1 : 12/20
train batch 15: predictions shape=(32, 2), labels shape=(32,)
epoch : 73
batch : 15/39
train accuracy : 0.75
train pred 0/1 : 8/24 label 0/1 : 14/18
train batch 16: predictions shape=(32, 2), labels shape=(32,)
epoch : 73
batch : 16/39
train accuracy : 0.625
train pred 0/1 : 7/25 label 0/1 : 15/17
train batch 17: predictions shape=(32, 2), labels shape=(32,)
epoch : 73
batch : 17/39
train accuracy : 0.65625
train pred 0/1 : 16/16 label 0/1 : 13/19
train batch 18: predictions shape=(32, 2), labels shape=(32,)
epoch : 73
batch : 18/39
train accuracy : 0.75
train pred 0/1 : 12/20 label 0/1 : 14/18
train batch 19: predictions shape=(32, 2), labels shape=(32,)
epoch : 73
batch : 19/39
train accuracy : 0.78125
train pred 0/1 : 14/18 label 0/1 : 15/17
train batch 20: predictions shape=(32, 2), labels shape=(32,)
epoch : 73
batch : 20/39
train accuracy : 0.65625
train pred 0/1 : 14/18 label 0/1 : 11/21
train batch 21: predictions shape=(32, 2), labels shape=(32,)
epoch : 73
batch : 21/39
train accuracy : 0.8125
train pred 0/1 : 14/18 label 0/1 : 12/20
train batch 22: predictions shape=(32, 2), labels shape=(32,)
epoch : 73
batch : 22/39
train accuracy : 0.71875
train pred 0/1 : 15/17 label 0/1 : 14/18
train batch 23: predictions shape=(32, 2), labels shape=(32,)
epoch : 73
batch : 23/39
train accuracy : 0.90625
train pred 0/1 : 18/14 label 0/1 : 19/13
train batch 24: predictions shape=(32, 2), labels shape=(32,)
epoch : 73
batch : 24/39
train accuracy : 0.65625
train pred 0/1 : 13/19 label 0/1 : 16/16
train batch 25: predictions shape=(32, 2), labels shape=(32,)
epoch : 73
batch : 25/39
train accuracy : 0.5625
train pred 0/1 : 11/21 label 0/1 : 13/19
train batch 26: predictions shape=(32, 2), labels shape=(32,)
epoch : 73
batch : 26/39
train accuracy : 0.625
train pred 0/1 : 18/14 label 0/1 : 14/18
train batch 27: predictions shape=(32, 2), labels shape=(32,)
epoch : 73
batch : 27/39
train accuracy : 0.625
train pred 0/1 : 19/13 label 0/1 : 15/17
train batch 28: predictions shape=(32, 2), labels shape=(32,)
epoch : 73
batch : 28/39
train accuracy : 0.65625
train pred 0/1 : 19/13 label 0/1 : 14/18
train batch 29: predictions shape=(32, 2), labels shape=(32,)
epoch : 73
batch : 29/39
train accuracy : 0.625
train pred 0/1 : 16/16 label 0/1 : 10/22
train batch 30: predictions shape=(32, 2), labels shape=(32,)
epoch : 73
batch : 30/39
train accuracy : 0.65625
train pred 0/1 : 18/14 label 0/1 : 13/19
train batch 31: predictions shape=(32, 2), labels shape=(32,)
epoch : 73
batch : 31/39
train accuracy : 0.71875
train pred 0/1 : 17/15 label 0/1 : 16/16
train batch 32: predictions shape=(32, 2), labels shape=(32,)
epoch : 73
batch : 32/39
train accuracy : 0.65625
train pred 0/1 : 26/6 label 0/1 : 17/15
train batch 33: predictions shape=(32, 2), labels shape=(32,)
epoch : 73
batch : 33/39
train accuracy : 0.59375
train pred 0/1 : 19/13 label 0/1 : 14/18
train batch 34: predictions shape=(32, 2), labels shape=(32,)
epoch : 73
batch : 34/39
train accuracy : 0.6875
train pred 0/1 : 21/11 label 0/1 : 19/13
train batch 35: predictions shape=(32, 2), labels shape=(32,)
epoch : 73
batch : 35/39
train accuracy : 0.5625
train pred 0/1 : 20/12 label 0/1 : 10/22
train batch 36: predictions shape=(32, 2), labels shape=(32,)
epoch : 73
batch : 36/39
train accuracy : 0.6875
train pred 0/1 : 23/9 label 0/1 : 19/13
train batch 37: predictions shape=(32, 2), labels shape=(32,)
epoch : 73
batch : 37/39
train accuracy : 0.625
train pred 0/1 : 20/12 label 0/1 : 16/16
train batch 38: predictions shape=(32, 2), labels shape=(32,)
epoch : 73
batch : 38/39
train accuracy : 0.6875
train pred 0/1 : 20/12 label 0/1 : 12/20
train batch 39: predictions shape=(8, 2), labels shape=(8,)
epoch : 73
batch : 39/39
train accuracy : 0.875
train pred 0/1 : 7/1 label 0/1 : 6/2
VALIDATION
valid batch 1: predictions shape=(32, 2), labels shape=(32,)
valid batch : 1/2
valid accuracy : 0.3125
valid pred 0/1 : 30/2 label 0/1 : 10/22
valid batch 2: predictions shape=(23, 2), labels shape=(23,)
valid batch : 2/2
valid accuracy : 0.1304347813129425
valid pred 0/1 : 21/2 label 0/1 : 3/20
valid epoch balanced_accuracy: 0.446886
EPOCH 74:
train batch 1: predictions shape=(32, 2), labels shape=(32,)
epoch : 74
batch : 1/39
train accuracy : 0.53125
train pred 0/1 : 23/9 label 0/1 : 18/14
train batch 2: predictions shape=(32, 2), labels shape=(32,)
epoch : 74
batch : 2/39
train accuracy : 0.53125
train pred 0/1 : 22/10 label 0/1 : 11/21
train batch 3: predictions shape=(32, 2), labels shape=(32,)
epoch : 74
batch : 3/39
train accuracy : 0.59375
train pred 0/1 : 28/4 label 0/1 : 15/17
train batch 4: predictions shape=(32, 2), labels shape=(32,)
epoch : 74
batch : 4/39
train accuracy : 0.5
train pred 0/1 : 20/12 label 0/1 : 10/22
train batch 5: predictions shape=(32, 2), labels shape=(32,)
epoch : 74
batch : 5/39
train accuracy : 0.6875
train pred 0/1 : 19/13 label 0/1 : 11/21
train batch 6: predictions shape=(32, 2), labels shape=(32,)
epoch : 74
batch : 6/39
train accuracy : 0.6875
train pred 0/1 : 27/5 label 0/1 : 19/13
train batch 7: predictions shape=(32, 2), labels shape=(32,)
epoch : 74
batch : 7/39
train accuracy : 0.71875
train pred 0/1 : 24/8 label 0/1 : 19/13
train batch 8: predictions shape=(32, 2), labels shape=(32,)
epoch : 74
batch : 8/39
train accuracy : 0.59375
train pred 0/1 : 19/13 label 0/1 : 20/12
train batch 9: predictions shape=(32, 2), labels shape=(32,)
epoch : 74
batch : 9/39
train accuracy : 0.71875
train pred 0/1 : 16/16 label 0/1 : 15/17
train batch 10: predictions shape=(32, 2), labels shape=(32,)
epoch : 74
batch : 10/39
train accuracy : 0.53125
train pred 0/1 : 20/12 label 0/1 : 13/19
train batch 11: predictions shape=(32, 2), labels shape=(32,)
epoch : 74
batch : 11/39
train accuracy : 0.59375
train pred 0/1 : 18/14 label 0/1 : 21/11
train batch 12: predictions shape=(32, 2), labels shape=(32,)
epoch : 74
batch : 12/39
train accuracy : 0.6875
train pred 0/1 : 16/16 label 0/1 : 12/20
train batch 13: predictions shape=(32, 2), labels shape=(32,)
epoch : 74
batch : 13/39
train accuracy : 0.59375
train pred 0/1 : 21/11 label 0/1 : 14/18
train batch 14: predictions shape=(32, 2), labels shape=(32,)
epoch : 74
batch : 14/39
train accuracy : 0.6875
train pred 0/1 : 17/15 label 0/1 : 13/19
train batch 15: predictions shape=(32, 2), labels shape=(32,)
epoch : 74
batch : 15/39
train accuracy : 0.75
train pred 0/1 : 15/17 label 0/1 : 15/17
train batch 16: predictions shape=(32, 2), labels shape=(32,)
epoch : 74
batch : 16/39
train accuracy : 0.84375
train pred 0/1 : 13/19 label 0/1 : 12/20
train batch 17: predictions shape=(32, 2), labels shape=(32,)
epoch : 74
batch : 17/39
train accuracy : 0.6875
train pred 0/1 : 12/20 label 0/1 : 14/18
train batch 18: predictions shape=(32, 2), labels shape=(32,)
epoch : 74
batch : 18/39
train accuracy : 0.65625
train pred 0/1 : 13/19 label 0/1 : 8/24
train batch 19: predictions shape=(32, 2), labels shape=(32,)
epoch : 74
batch : 19/39
train accuracy : 0.65625
train pred 0/1 : 17/15 label 0/1 : 18/14
train batch 20: predictions shape=(32, 2), labels shape=(32,)
epoch : 74
batch : 20/39
train accuracy : 0.71875
train pred 0/1 : 14/18 label 0/1 : 11/21
train batch 21: predictions shape=(32, 2), labels shape=(32,)
epoch : 74
batch : 21/39
train accuracy : 0.84375
train pred 0/1 : 11/21 label 0/1 : 14/18
train batch 22: predictions shape=(32, 2), labels shape=(32,)
epoch : 74
batch : 22/39
train accuracy : 0.78125
train pred 0/1 : 13/19 label 0/1 : 18/14
train batch 23: predictions shape=(32, 2), labels shape=(32,)
epoch : 74
batch : 23/39
train accuracy : 0.65625
train pred 0/1 : 7/25 label 0/1 : 14/18
train batch 24: predictions shape=(32, 2), labels shape=(32,)
epoch : 74
batch : 24/39
train accuracy : 0.78125
train pred 0/1 : 7/25 label 0/1 : 10/22
train batch 25: predictions shape=(32, 2), labels shape=(32,)
epoch : 74
batch : 25/39
train accuracy : 0.625
train pred 0/1 : 10/22 label 0/1 : 16/16
train batch 26: predictions shape=(32, 2), labels shape=(32,)
epoch : 74
batch : 26/39
train accuracy : 0.75
train pred 0/1 : 11/21 label 0/1 : 13/19
train batch 27: predictions shape=(32, 2), labels shape=(32,)
epoch : 74
batch : 27/39
train accuracy : 0.78125
train pred 0/1 : 15/17 label 0/1 : 14/18
train batch 28: predictions shape=(32, 2), labels shape=(32,)
epoch : 74
batch : 28/39
train accuracy : 0.625
train pred 0/1 : 17/15 label 0/1 : 11/21
train batch 29: predictions shape=(32, 2), labels shape=(32,)
epoch : 74
batch : 29/39
train accuracy : 0.8125
train pred 0/1 : 12/20 label 0/1 : 12/20
train batch 30: predictions shape=(32, 2), labels shape=(32,)
epoch : 74
batch : 30/39
train accuracy : 0.625
train pred 0/1 : 10/22 label 0/1 : 14/18
train batch 31: predictions shape=(32, 2), labels shape=(32,)
epoch : 74
batch : 31/39
train accuracy : 0.65625
train pred 0/1 : 6/26 label 0/1 : 15/17
train batch 32: predictions shape=(32, 2), labels shape=(32,)
epoch : 74
batch : 32/39
train accuracy : 0.71875
train pred 0/1 : 16/16 label 0/1 : 11/21
train batch 33: predictions shape=(32, 2), labels shape=(32,)
epoch : 74
batch : 33/39
train accuracy : 0.625
train pred 0/1 : 22/10 label 0/1 : 14/18
train batch 34: predictions shape=(32, 2), labels shape=(32,)
epoch : 74
batch : 34/39
train accuracy : 0.71875
train pred 0/1 : 21/11 label 0/1 : 16/16
train batch 35: predictions shape=(32, 2), labels shape=(32,)
epoch : 74
batch : 35/39
train accuracy : 0.75
train pred 0/1 : 22/10 label 0/1 : 18/14
train batch 36: predictions shape=(32, 2), labels shape=(32,)
epoch : 74
batch : 36/39
train accuracy : 0.65625
train pred 0/1 : 24/8 label 0/1 : 15/17
train batch 37: predictions shape=(32, 2), labels shape=(32,)
epoch : 74
batch : 37/39
train accuracy : 0.65625
train pred 0/1 : 22/10 label 0/1 : 17/15
train batch 38: predictions shape=(32, 2), labels shape=(32,)
epoch : 74
batch : 38/39
train accuracy : 0.6875
train pred 0/1 : 19/13 label 0/1 : 13/19
train batch 39: predictions shape=(8, 2), labels shape=(8,)
epoch : 74
batch : 39/39
train accuracy : 0.75
train pred 0/1 : 7/1 label 0/1 : 5/3
VALIDATION
valid batch 1: predictions shape=(32, 2), labels shape=(32,)
valid batch : 1/2
valid accuracy : 0.15625
valid pred 0/1 : 30/2 label 0/1 : 5/27
valid batch 2: predictions shape=(23, 2), labels shape=(23,)
valid batch : 2/2
valid accuracy : 0.43478262424468994
valid pred 0/1 : 21/2 label 0/1 : 8/15
valid epoch balanced_accuracy: 0.497253
EPOCH 75:
train batch 1: predictions shape=(32, 2), labels shape=(32,)
epoch : 75
batch : 1/39
train accuracy : 0.71875
train pred 0/1 : 20/12 label 0/1 : 15/17
train batch 2: predictions shape=(32, 2), labels shape=(32,)
epoch : 75
batch : 2/39
train accuracy : 0.59375
train pred 0/1 : 22/10 label 0/1 : 13/19
train batch 3: predictions shape=(32, 2), labels shape=(32,)
epoch : 75
batch : 3/39
train accuracy : 0.8125
train pred 0/1 : 16/16 label 0/1 : 12/20
train batch 4: predictions shape=(32, 2), labels shape=(32,)
epoch : 75
batch : 4/39
train accuracy : 0.5625
train pred 0/1 : 21/11 label 0/1 : 17/15
train batch 5: predictions shape=(32, 2), labels shape=(32,)
epoch : 75
batch : 5/39
train accuracy : 0.78125
train pred 0/1 : 15/17 label 0/1 : 12/20
train batch 6: predictions shape=(32, 2), labels shape=(32,)
epoch : 75
batch : 6/39
train accuracy : 0.78125
train pred 0/1 : 18/14 label 0/1 : 15/17
train batch 7: predictions shape=(32, 2), labels shape=(32,)
epoch : 75
batch : 7/39
train accuracy : 0.625
train pred 0/1 : 16/16 label 0/1 : 18/14
train batch 8: predictions shape=(32, 2), labels shape=(32,)
epoch : 75
batch : 8/39
train accuracy : 0.625
train pred 0/1 : 13/19 label 0/1 : 11/21
train batch 9: predictions shape=(32, 2), labels shape=(32,)
epoch : 75
batch : 9/39
train accuracy : 0.625
train pred 0/1 : 10/22 label 0/1 : 14/18
train batch 10: predictions shape=(32, 2), labels shape=(32,)
epoch : 75
batch : 10/39
train accuracy : 0.78125
train pred 0/1 : 11/21 label 0/1 : 16/16
train batch 11: predictions shape=(32, 2), labels shape=(32,)
epoch : 75
batch : 11/39
train accuracy : 0.71875
train pred 0/1 : 6/26 label 0/1 : 13/19
train batch 12: predictions shape=(32, 2), labels shape=(32,)
epoch : 75
batch : 12/39
train accuracy : 0.6875
train pred 0/1 : 12/20 label 0/1 : 12/20
train batch 13: predictions shape=(32, 2), labels shape=(32,)
epoch : 75
batch : 13/39
train accuracy : 0.71875
train pred 0/1 : 15/17 label 0/1 : 16/16
train batch 14: predictions shape=(32, 2), labels shape=(32,)
epoch : 75
batch : 14/39
train accuracy : 0.625
train pred 0/1 : 12/20 label 0/1 : 14/18
train batch 15: predictions shape=(32, 2), labels shape=(32,)
epoch : 75
batch : 15/39
train accuracy : 0.5625
train pred 0/1 : 15/17 label 0/1 : 13/19
train batch 16: predictions shape=(32, 2), labels shape=(32,)
epoch : 75
batch : 16/39
train accuracy : 0.6875
train pred 0/1 : 15/17 label 0/1 : 13/19
train batch 17: predictions shape=(32, 2), labels shape=(32,)
epoch : 75
batch : 17/39
train accuracy : 0.78125
train pred 0/1 : 17/15 label 0/1 : 14/18
train batch 18: predictions shape=(32, 2), labels shape=(32,)
epoch : 75
batch : 18/39
train accuracy : 0.59375
train pred 0/1 : 17/15 label 0/1 : 16/16
train batch 19: predictions shape=(32, 2), labels shape=(32,)
epoch : 75
batch : 19/39
train accuracy : 0.71875
train pred 0/1 : 15/17 label 0/1 : 18/14
train batch 20: predictions shape=(32, 2), labels shape=(32,)
epoch : 75
batch : 20/39
train accuracy : 0.65625
train pred 0/1 : 24/8 label 0/1 : 21/11
train batch 21: predictions shape=(32, 2), labels shape=(32,)
epoch : 75
batch : 21/39
train accuracy : 0.6875
train pred 0/1 : 18/14 label 0/1 : 16/16
train batch 22: predictions shape=(32, 2), labels shape=(32,)
epoch : 75
batch : 22/39
train accuracy : 0.75
train pred 0/1 : 17/15 label 0/1 : 11/21
train batch 23: predictions shape=(32, 2), labels shape=(32,)
epoch : 75
batch : 23/39
train accuracy : 0.75
train pred 0/1 : 19/13 label 0/1 : 13/19
train batch 24: predictions shape=(32, 2), labels shape=(32,)
epoch : 75
batch : 24/39
train accuracy : 0.75
train pred 0/1 : 21/11 label 0/1 : 15/17
train batch 25: predictions shape=(32, 2), labels shape=(32,)
epoch : 75
batch : 25/39
train accuracy : 0.59375
train pred 0/1 : 29/3 label 0/1 : 20/12
train batch 26: predictions shape=(32, 2), labels shape=(32,)
epoch : 75
batch : 26/39
train accuracy : 0.53125
train pred 0/1 : 24/8 label 0/1 : 13/19
train batch 27: predictions shape=(32, 2), labels shape=(32,)
epoch : 75
batch : 27/39
train accuracy : 0.5625
train pred 0/1 : 22/10 label 0/1 : 14/18
train batch 28: predictions shape=(32, 2), labels shape=(32,)
epoch : 75
batch : 28/39
train accuracy : 0.6875
train pred 0/1 : 19/13 label 0/1 : 11/21
train batch 29: predictions shape=(32, 2), labels shape=(32,)
epoch : 75
batch : 29/39
train accuracy : 0.6875
train pred 0/1 : 19/13 label 0/1 : 11/21
train batch 30: predictions shape=(32, 2), labels shape=(32,)
epoch : 75
batch : 30/39
train accuracy : 0.59375
train pred 0/1 : 18/14 label 0/1 : 17/15
train batch 31: predictions shape=(32, 2), labels shape=(32,)
epoch : 75
batch : 31/39
train accuracy : 0.71875
train pred 0/1 : 16/16 label 0/1 : 11/21
train batch 32: predictions shape=(32, 2), labels shape=(32,)
epoch : 75
batch : 32/39
train accuracy : 0.75
train pred 0/1 : 18/14 label 0/1 : 14/18
train batch 33: predictions shape=(32, 2), labels shape=(32,)
epoch : 75
batch : 33/39
train accuracy : 0.78125
train pred 0/1 : 13/19 label 0/1 : 12/20
train batch 34: predictions shape=(32, 2), labels shape=(32,)
epoch : 75
batch : 34/39
train accuracy : 0.59375
train pred 0/1 : 8/24 label 0/1 : 17/15
train batch 35: predictions shape=(32, 2), labels shape=(32,)
epoch : 75
batch : 35/39
train accuracy : 0.71875
train pred 0/1 : 8/24 label 0/1 : 15/17
train batch 36: predictions shape=(32, 2), labels shape=(32,)
epoch : 75
batch : 36/39
train accuracy : 0.65625
train pred 0/1 : 10/22 label 0/1 : 13/19
train batch 37: predictions shape=(32, 2), labels shape=(32,)
epoch : 75
batch : 37/39
train accuracy : 0.6875
train pred 0/1 : 9/23 label 0/1 : 15/17
train batch 38: predictions shape=(32, 2), labels shape=(32,)
epoch : 75
batch : 38/39
train accuracy : 0.5625
train pred 0/1 : 11/21 label 0/1 : 13/19
train batch 39: predictions shape=(8, 2), labels shape=(8,)
epoch : 75
batch : 39/39
train accuracy : 0.875
train pred 0/1 : 4/4 label 0/1 : 5/3
VALIDATION
valid batch 1: predictions shape=(32, 2), labels shape=(32,)
valid batch : 1/2
valid accuracy : 0.1875
valid pred 0/1 : 25/7 label 0/1 : 5/27
valid batch 2: predictions shape=(23, 2), labels shape=(23,)
valid batch : 2/2
valid accuracy : 0.260869562625885
valid pred 0/1 : 21/2 label 0/1 : 8/15
valid epoch balanced_accuracy: 0.355311
EPOCH 76:
train batch 1: predictions shape=(32, 2), labels shape=(32,)
epoch : 76
batch : 1/39
train accuracy : 0.625
train pred 0/1 : 18/14 label 0/1 : 14/18
train batch 2: predictions shape=(32, 2), labels shape=(32,)
epoch : 76
batch : 2/39
train accuracy : 0.78125
train pred 0/1 : 16/16 label 0/1 : 13/19
train batch 3: predictions shape=(32, 2), labels shape=(32,)
epoch : 76
batch : 3/39
train accuracy : 0.71875
train pred 0/1 : 17/15 label 0/1 : 18/14
train batch 4: predictions shape=(32, 2), labels shape=(32,)
epoch : 76
batch : 4/39
train accuracy : 0.53125
train pred 0/1 : 20/12 label 0/1 : 11/21
train batch 5: predictions shape=(32, 2), labels shape=(32,)
epoch : 76
batch : 5/39
train accuracy : 0.65625
train pred 0/1 : 24/8 label 0/1 : 17/15
train batch 6: predictions shape=(32, 2), labels shape=(32,)
epoch : 76
batch : 6/39
train accuracy : 0.625
train pred 0/1 : 19/13 label 0/1 : 11/21
train batch 7: predictions shape=(32, 2), labels shape=(32,)
epoch : 76
batch : 7/39
train accuracy : 0.59375
train pred 0/1 : 22/10 label 0/1 : 15/17
train batch 8: predictions shape=(32, 2), labels shape=(32,)
epoch : 76
batch : 8/39
train accuracy : 0.71875
train pred 0/1 : 26/6 label 0/1 : 19/13
train batch 9: predictions shape=(32, 2), labels shape=(32,)
epoch : 76
batch : 9/39
train accuracy : 0.65625
train pred 0/1 : 22/10 label 0/1 : 15/17
train batch 10: predictions shape=(32, 2), labels shape=(32,)
epoch : 76
batch : 10/39
train accuracy : 0.53125
train pred 0/1 : 28/4 label 0/1 : 13/19
train batch 11: predictions shape=(32, 2), labels shape=(32,)
epoch : 76
batch : 11/39
train accuracy : 0.59375
train pred 0/1 : 32/0 label 0/1 : 19/13
train batch 12: predictions shape=(32, 2), labels shape=(32,)
epoch : 76
batch : 12/39
train accuracy : 0.25
train pred 0/1 : 32/0 label 0/1 : 8/24
train batch 13: predictions shape=(32, 2), labels shape=(32,)
epoch : 76
batch : 13/39
train accuracy : 0.625
train pred 0/1 : 31/1 label 0/1 : 19/13
train batch 14: predictions shape=(32, 2), labels shape=(32,)
epoch : 76
batch : 14/39
train accuracy : 0.6875
train pred 0/1 : 24/8 label 0/1 : 14/18
train batch 15: predictions shape=(32, 2), labels shape=(32,)
epoch : 76
batch : 15/39
train accuracy : 0.71875
train pred 0/1 : 17/15 label 0/1 : 12/20
train batch 16: predictions shape=(32, 2), labels shape=(32,)
epoch : 76
batch : 16/39
train accuracy : 0.75
train pred 0/1 : 19/13 label 0/1 : 17/15
train batch 17: predictions shape=(32, 2), labels shape=(32,)
epoch : 76
batch : 17/39
train accuracy : 0.71875
train pred 0/1 : 17/15 label 0/1 : 18/14
train batch 18: predictions shape=(32, 2), labels shape=(32,)
epoch : 76
batch : 18/39
train accuracy : 0.65625
train pred 0/1 : 17/15 label 0/1 : 16/16
train batch 19: predictions shape=(32, 2), labels shape=(32,)
epoch : 76
batch : 19/39
train accuracy : 0.6875
train pred 0/1 : 15/17 label 0/1 : 11/21
train batch 20: predictions shape=(32, 2), labels shape=(32,)
epoch : 76
batch : 20/39
train accuracy : 0.5625
train pred 0/1 : 9/23 label 0/1 : 19/13
train batch 21: predictions shape=(32, 2), labels shape=(32,)
epoch : 76
batch : 21/39
train accuracy : 0.8125
train pred 0/1 : 10/22 label 0/1 : 14/18
train batch 22: predictions shape=(32, 2), labels shape=(32,)
epoch : 76
batch : 22/39
train accuracy : 0.6875
train pred 0/1 : 10/22 label 0/1 : 16/16
train batch 23: predictions shape=(32, 2), labels shape=(32,)
epoch : 76
batch : 23/39
train accuracy : 0.59375
train pred 0/1 : 14/18 label 0/1 : 15/17
train batch 24: predictions shape=(32, 2), labels shape=(32,)
epoch : 76
batch : 24/39
train accuracy : 0.75
train pred 0/1 : 14/18 label 0/1 : 14/18
train batch 25: predictions shape=(32, 2), labels shape=(32,)
epoch : 76
batch : 25/39
train accuracy : 0.5625
train pred 0/1 : 17/15 label 0/1 : 15/17
train batch 26: predictions shape=(32, 2), labels shape=(32,)
epoch : 76
batch : 26/39
train accuracy : 0.78125
train pred 0/1 : 14/18 label 0/1 : 11/21
train batch 27: predictions shape=(32, 2), labels shape=(32,)
epoch : 76
batch : 27/39
train accuracy : 0.75
train pred 0/1 : 16/16 label 0/1 : 18/14
train batch 28: predictions shape=(32, 2), labels shape=(32,)
epoch : 76
batch : 28/39
train accuracy : 0.8125
train pred 0/1 : 15/17 label 0/1 : 13/19
train batch 29: predictions shape=(32, 2), labels shape=(32,)
epoch : 76
batch : 29/39
train accuracy : 0.71875
train pred 0/1 : 15/17 label 0/1 : 14/18
train batch 30: predictions shape=(32, 2), labels shape=(32,)
epoch : 76
batch : 30/39
train accuracy : 0.65625
train pred 0/1 : 13/19 label 0/1 : 12/20
train batch 31: predictions shape=(32, 2), labels shape=(32,)
epoch : 76
batch : 31/39
train accuracy : 0.78125
train pred 0/1 : 14/18 label 0/1 : 13/19
train batch 32: predictions shape=(32, 2), labels shape=(32,)
epoch : 76
batch : 32/39
train accuracy : 0.625
train pred 0/1 : 10/22 label 0/1 : 12/20
train batch 33: predictions shape=(32, 2), labels shape=(32,)
epoch : 76
batch : 33/39
train accuracy : 0.78125
train pred 0/1 : 13/19 label 0/1 : 20/12
train batch 34: predictions shape=(32, 2), labels shape=(32,)
epoch : 76
batch : 34/39
train accuracy : 0.84375
train pred 0/1 : 9/23 label 0/1 : 8/24
train batch 35: predictions shape=(32, 2), labels shape=(32,)
epoch : 76
batch : 35/39
train accuracy : 0.8125
train pred 0/1 : 11/21 label 0/1 : 15/17
train batch 36: predictions shape=(32, 2), labels shape=(32,)
epoch : 76
batch : 36/39
train accuracy : 0.75
train pred 0/1 : 11/21 label 0/1 : 13/19
train batch 37: predictions shape=(32, 2), labels shape=(32,)
epoch : 76
batch : 37/39
train accuracy : 0.71875
train pred 0/1 : 9/23 label 0/1 : 14/18
train batch 38: predictions shape=(32, 2), labels shape=(32,)
epoch : 76
batch : 38/39
train accuracy : 0.71875
train pred 0/1 : 7/25 label 0/1 : 10/22
train batch 39: predictions shape=(8, 2), labels shape=(8,)
epoch : 76
batch : 39/39
train accuracy : 0.625
train pred 0/1 : 2/6 label 0/1 : 3/5
VALIDATION
valid batch 1: predictions shape=(32, 2), labels shape=(32,)
valid batch : 1/2
valid accuracy : 0.1875
valid pred 0/1 : 25/7 label 0/1 : 7/25
valid batch 2: predictions shape=(23, 2), labels shape=(23,)
valid batch : 2/2
valid accuracy : 0.1304347813129425
valid pred 0/1 : 16/7 label 0/1 : 6/17
valid epoch balanced_accuracy: 0.213370
EPOCH 77:
train batch 1: predictions shape=(32, 2), labels shape=(32,)
epoch : 77
batch : 1/39
train accuracy : 0.78125
train pred 0/1 : 9/23 label 0/1 : 14/18
train batch 2: predictions shape=(32, 2), labels shape=(32,)
epoch : 77
batch : 2/39
train accuracy : 0.75
train pred 0/1 : 8/24 label 0/1 : 12/20
train batch 3: predictions shape=(32, 2), labels shape=(32,)
epoch : 77
batch : 3/39
train accuracy : 0.84375
train pred 0/1 : 12/20 label 0/1 : 13/19
train batch 4: predictions shape=(32, 2), labels shape=(32,)
epoch : 77
batch : 4/39
train accuracy : 0.8125
train pred 0/1 : 14/18 label 0/1 : 14/18
train batch 5: predictions shape=(32, 2), labels shape=(32,)
epoch : 77
batch : 5/39
train accuracy : 0.75
train pred 0/1 : 16/16 label 0/1 : 16/16
train batch 6: predictions shape=(32, 2), labels shape=(32,)
epoch : 77
batch : 6/39
train accuracy : 0.8125
train pred 0/1 : 17/15 label 0/1 : 15/17
train batch 7: predictions shape=(32, 2), labels shape=(32,)
epoch : 77
batch : 7/39
train accuracy : 0.75
train pred 0/1 : 9/23 label 0/1 : 13/19
train batch 8: predictions shape=(32, 2), labels shape=(32,)
epoch : 77
batch : 8/39
train accuracy : 0.6875
train pred 0/1 : 9/23 label 0/1 : 19/13
train batch 9: predictions shape=(32, 2), labels shape=(32,)
epoch : 77
batch : 9/39
train accuracy : 0.71875
train pred 0/1 : 16/16 label 0/1 : 15/17
train batch 10: predictions shape=(32, 2), labels shape=(32,)
epoch : 77
batch : 10/39
train accuracy : 0.71875
train pred 0/1 : 17/15 label 0/1 : 14/18
train batch 11: predictions shape=(32, 2), labels shape=(32,)
epoch : 77
batch : 11/39
train accuracy : 0.6875
train pred 0/1 : 16/16 label 0/1 : 10/22
train batch 12: predictions shape=(32, 2), labels shape=(32,)
epoch : 77
batch : 12/39
train accuracy : 0.625
train pred 0/1 : 9/23 label 0/1 : 7/25
train batch 13: predictions shape=(32, 2), labels shape=(32,)
epoch : 77
batch : 13/39
train accuracy : 0.65625
train pred 0/1 : 9/23 label 0/1 : 14/18
train batch 14: predictions shape=(32, 2), labels shape=(32,)
epoch : 77
batch : 14/39
train accuracy : 0.75
train pred 0/1 : 13/19 label 0/1 : 17/15
train batch 15: predictions shape=(32, 2), labels shape=(32,)
epoch : 77
batch : 15/39
train accuracy : 0.65625
train pred 0/1 : 15/17 label 0/1 : 18/14
train batch 16: predictions shape=(32, 2), labels shape=(32,)
epoch : 77
batch : 16/39
train accuracy : 0.71875
train pred 0/1 : 8/24 label 0/1 : 15/17
train batch 17: predictions shape=(32, 2), labels shape=(32,)
epoch : 77
batch : 17/39
train accuracy : 0.71875
train pred 0/1 : 15/17 label 0/1 : 20/12
train batch 18: predictions shape=(32, 2), labels shape=(32,)
epoch : 77
batch : 18/39
train accuracy : 0.78125
train pred 0/1 : 7/25 label 0/1 : 12/20
train batch 19: predictions shape=(32, 2), labels shape=(32,)
epoch : 77
batch : 19/39
train accuracy : 0.5625
train pred 0/1 : 22/10 label 0/1 : 12/20
train batch 20: predictions shape=(32, 2), labels shape=(32,)
epoch : 77
batch : 20/39
train accuracy : 0.625
train pred 0/1 : 20/12 label 0/1 : 14/18
train batch 21: predictions shape=(32, 2), labels shape=(32,)
epoch : 77
batch : 21/39
train accuracy : 0.875
train pred 0/1 : 16/16 label 0/1 : 16/16
train batch 22: predictions shape=(32, 2), labels shape=(32,)
epoch : 77
batch : 22/39
train accuracy : 0.71875
train pred 0/1 : 13/19 label 0/1 : 14/18
train batch 23: predictions shape=(32, 2), labels shape=(32,)
epoch : 77
batch : 23/39
train accuracy : 0.59375
train pred 0/1 : 20/12 label 0/1 : 9/23
train batch 24: predictions shape=(32, 2), labels shape=(32,)
epoch : 77
batch : 24/39
train accuracy : 0.875
train pred 0/1 : 19/13 label 0/1 : 15/17
train batch 25: predictions shape=(32, 2), labels shape=(32,)
epoch : 77
batch : 25/39
train accuracy : 0.8125
train pred 0/1 : 19/13 label 0/1 : 17/15
train batch 26: predictions shape=(32, 2), labels shape=(32,)
epoch : 77
batch : 26/39
train accuracy : 0.84375
train pred 0/1 : 19/13 label 0/1 : 18/14
train batch 27: predictions shape=(32, 2), labels shape=(32,)
epoch : 77
batch : 27/39
train accuracy : 0.59375
train pred 0/1 : 18/14 label 0/1 : 15/17
train batch 28: predictions shape=(32, 2), labels shape=(32,)
epoch : 77
batch : 28/39
train accuracy : 0.75
train pred 0/1 : 18/14 label 0/1 : 14/18
train batch 29: predictions shape=(32, 2), labels shape=(32,)
epoch : 77
batch : 29/39
train accuracy : 0.8125
train pred 0/1 : 15/17 label 0/1 : 13/19
train batch 30: predictions shape=(32, 2), labels shape=(32,)
epoch : 77
batch : 30/39
train accuracy : 0.6875
train pred 0/1 : 11/21 label 0/1 : 19/13
train batch 31: predictions shape=(32, 2), labels shape=(32,)
epoch : 77
batch : 31/39
train accuracy : 0.78125
train pred 0/1 : 16/16 label 0/1 : 15/17
train batch 32: predictions shape=(32, 2), labels shape=(32,)
epoch : 77
batch : 32/39
train accuracy : 0.625
train pred 0/1 : 15/17 label 0/1 : 15/17
train batch 33: predictions shape=(32, 2), labels shape=(32,)
epoch : 77
batch : 33/39
train accuracy : 0.75
train pred 0/1 : 18/14 label 0/1 : 16/16
train batch 34: predictions shape=(32, 2), labels shape=(32,)
epoch : 77
batch : 34/39
train accuracy : 0.6875
train pred 0/1 : 14/18 label 0/1 : 16/16
train batch 35: predictions shape=(32, 2), labels shape=(32,)
epoch : 77
batch : 35/39
train accuracy : 0.78125
train pred 0/1 : 11/21 label 0/1 : 12/20
train batch 36: predictions shape=(32, 2), labels shape=(32,)
epoch : 77
batch : 36/39
train accuracy : 0.71875
train pred 0/1 : 11/21 label 0/1 : 14/18
train batch 37: predictions shape=(32, 2), labels shape=(32,)
epoch : 77
batch : 37/39
train accuracy : 0.6875
train pred 0/1 : 9/23 label 0/1 : 11/21
train batch 38: predictions shape=(32, 2), labels shape=(32,)
epoch : 77
batch : 38/39
train accuracy : 0.8125
train pred 0/1 : 10/22 label 0/1 : 12/20
train batch 39: predictions shape=(8, 2), labels shape=(8,)
epoch : 77
batch : 39/39
train accuracy : 0.625
train pred 0/1 : 3/5 label 0/1 : 4/4
VALIDATION
valid batch 1: predictions shape=(32, 2), labels shape=(32,)
valid batch : 1/2
valid accuracy : 0.1875
valid pred 0/1 : 26/6 label 0/1 : 4/28
valid batch 2: predictions shape=(23, 2), labels shape=(23,)
valid batch : 2/2
valid accuracy : 0.30434784293174744
valid pred 0/1 : 19/4 label 0/1 : 9/14
valid epoch balanced_accuracy: 0.367216
EPOCH 78:
train batch 1: predictions shape=(32, 2), labels shape=(32,)
epoch : 78
batch : 1/39
train accuracy : 0.71875
train pred 0/1 : 15/17 label 0/1 : 18/14
train batch 2: predictions shape=(32, 2), labels shape=(32,)
epoch : 78
batch : 2/39
train accuracy : 0.6875
train pred 0/1 : 14/18 label 0/1 : 8/24
train batch 3: predictions shape=(32, 2), labels shape=(32,)
epoch : 78
batch : 3/39
train accuracy : 0.75
train pred 0/1 : 18/14 label 0/1 : 12/20
train batch 4: predictions shape=(32, 2), labels shape=(32,)
epoch : 78
batch : 4/39
train accuracy : 0.5625
train pred 0/1 : 10/22 label 0/1 : 16/16
train batch 5: predictions shape=(32, 2), labels shape=(32,)
epoch : 78
batch : 5/39
train accuracy : 0.5
train pred 0/1 : 13/19 label 0/1 : 9/23
train batch 6: predictions shape=(32, 2), labels shape=(32,)
epoch : 78
batch : 6/39
train accuracy : 0.78125
train pred 0/1 : 11/21 label 0/1 : 12/20
train batch 7: predictions shape=(32, 2), labels shape=(32,)
epoch : 78
batch : 7/39
train accuracy : 0.6875
train pred 0/1 : 15/17 label 0/1 : 19/13
train batch 8: predictions shape=(32, 2), labels shape=(32,)
epoch : 78
batch : 8/39
train accuracy : 0.90625
train pred 0/1 : 9/23 label 0/1 : 10/22
train batch 9: predictions shape=(32, 2), labels shape=(32,)
epoch : 78
batch : 9/39
train accuracy : 0.75
train pred 0/1 : 9/23 label 0/1 : 15/17
train batch 10: predictions shape=(32, 2), labels shape=(32,)
epoch : 78
batch : 10/39
train accuracy : 0.78125
train pred 0/1 : 13/19 label 0/1 : 10/22
train batch 11: predictions shape=(32, 2), labels shape=(32,)
epoch : 78
batch : 11/39
train accuracy : 0.8125
train pred 0/1 : 15/17 label 0/1 : 13/19
train batch 12: predictions shape=(32, 2), labels shape=(32,)
epoch : 78
batch : 12/39
train accuracy : 0.75
train pred 0/1 : 14/18 label 0/1 : 16/16
train batch 13: predictions shape=(32, 2), labels shape=(32,)
epoch : 78
batch : 13/39
train accuracy : 0.625
train pred 0/1 : 21/11 label 0/1 : 15/17
train batch 14: predictions shape=(32, 2), labels shape=(32,)
epoch : 78
batch : 14/39
train accuracy : 0.6875
train pred 0/1 : 15/17 label 0/1 : 15/17
train batch 15: predictions shape=(32, 2), labels shape=(32,)
epoch : 78
batch : 15/39
train accuracy : 0.71875
train pred 0/1 : 14/18 label 0/1 : 13/19
train batch 16: predictions shape=(32, 2), labels shape=(32,)
epoch : 78
batch : 16/39
train accuracy : 0.5
train pred 0/1 : 22/10 label 0/1 : 18/14
train batch 17: predictions shape=(32, 2), labels shape=(32,)
epoch : 78
batch : 17/39
train accuracy : 0.59375
train pred 0/1 : 16/16 label 0/1 : 15/17
train batch 18: predictions shape=(32, 2), labels shape=(32,)
epoch : 78
batch : 18/39
train accuracy : 0.6875
train pred 0/1 : 18/14 label 0/1 : 12/20
train batch 19: predictions shape=(32, 2), labels shape=(32,)
epoch : 78
batch : 19/39
train accuracy : 0.8125
train pred 0/1 : 18/14 label 0/1 : 18/14
train batch 20: predictions shape=(32, 2), labels shape=(32,)
epoch : 78
batch : 20/39
train accuracy : 0.84375
train pred 0/1 : 17/15 label 0/1 : 14/18
train batch 21: predictions shape=(32, 2), labels shape=(32,)
epoch : 78
batch : 21/39
train accuracy : 0.59375
train pred 0/1 : 21/11 label 0/1 : 16/16
train batch 22: predictions shape=(32, 2), labels shape=(32,)
epoch : 78
batch : 22/39
train accuracy : 0.6875
train pred 0/1 : 21/11 label 0/1 : 17/15
train batch 23: predictions shape=(32, 2), labels shape=(32,)
epoch : 78
batch : 23/39
train accuracy : 0.78125
train pred 0/1 : 13/19 label 0/1 : 16/16
train batch 24: predictions shape=(32, 2), labels shape=(32,)
epoch : 78
batch : 24/39
train accuracy : 0.71875
train pred 0/1 : 17/15 label 0/1 : 12/20
train batch 25: predictions shape=(32, 2), labels shape=(32,)
epoch : 78
batch : 25/39
train accuracy : 0.71875
train pred 0/1 : 20/12 label 0/1 : 11/21
train batch 26: predictions shape=(32, 2), labels shape=(32,)
epoch : 78
batch : 26/39
train accuracy : 0.75
train pred 0/1 : 17/15 label 0/1 : 15/17
train batch 27: predictions shape=(32, 2), labels shape=(32,)
epoch : 78
batch : 27/39
train accuracy : 0.625
train pred 0/1 : 20/12 label 0/1 : 14/18
train batch 28: predictions shape=(32, 2), labels shape=(32,)
epoch : 78
batch : 28/39
train accuracy : 0.71875
train pred 0/1 : 19/13 label 0/1 : 18/14
train batch 29: predictions shape=(32, 2), labels shape=(32,)
epoch : 78
batch : 29/39
train accuracy : 0.6875
train pred 0/1 : 20/12 label 0/1 : 16/16
train batch 30: predictions shape=(32, 2), labels shape=(32,)
epoch : 78
batch : 30/39
train accuracy : 0.71875
train pred 0/1 : 21/11 label 0/1 : 14/18
train batch 31: predictions shape=(32, 2), labels shape=(32,)
epoch : 78
batch : 31/39
train accuracy : 0.65625
train pred 0/1 : 19/13 label 0/1 : 16/16
train batch 32: predictions shape=(32, 2), labels shape=(32,)
epoch : 78
batch : 32/39
train accuracy : 0.8125
train pred 0/1 : 15/17 label 0/1 : 15/17
train batch 33: predictions shape=(32, 2), labels shape=(32,)
epoch : 78
batch : 33/39
train accuracy : 0.625
train pred 0/1 : 11/21 label 0/1 : 13/19
train batch 34: predictions shape=(32, 2), labels shape=(32,)
epoch : 78
batch : 34/39
train accuracy : 0.71875
train pred 0/1 : 19/13 label 0/1 : 14/18
train batch 35: predictions shape=(32, 2), labels shape=(32,)
epoch : 78
batch : 35/39
train accuracy : 0.71875
train pred 0/1 : 13/19 label 0/1 : 18/14
train batch 36: predictions shape=(32, 2), labels shape=(32,)
epoch : 78
batch : 36/39
train accuracy : 0.6875
train pred 0/1 : 19/13 label 0/1 : 15/17
train batch 37: predictions shape=(32, 2), labels shape=(32,)
epoch : 78
batch : 37/39
train accuracy : 0.71875
train pred 0/1 : 22/10 label 0/1 : 15/17
train batch 38: predictions shape=(32, 2), labels shape=(32,)
epoch : 78
batch : 38/39
train accuracy : 0.71875
train pred 0/1 : 22/10 label 0/1 : 13/19
train batch 39: predictions shape=(8, 2), labels shape=(8,)
epoch : 78
batch : 39/39
train accuracy : 0.5
train pred 0/1 : 5/3 label 0/1 : 3/5
VALIDATION
valid batch 1: predictions shape=(32, 2), labels shape=(32,)
valid batch : 1/2
valid accuracy : 0.25
valid pred 0/1 : 29/3 label 0/1 : 9/23
valid batch 2: predictions shape=(23, 2), labels shape=(23,)
valid batch : 2/2
valid accuracy : 0.17391304671764374
valid pred 0/1 : 19/4 label 0/1 : 4/19
valid epoch balanced_accuracy: 0.381868
EPOCH 79:
train batch 1: predictions shape=(32, 2), labels shape=(32,)
epoch : 79
batch : 1/39
train accuracy : 0.625
train pred 0/1 : 20/12 label 0/1 : 16/16
train batch 2: predictions shape=(32, 2), labels shape=(32,)
epoch : 79
batch : 2/39
train accuracy : 0.78125
train pred 0/1 : 19/13 label 0/1 : 14/18
train batch 3: predictions shape=(32, 2), labels shape=(32,)
epoch : 79
batch : 3/39
train accuracy : 0.75
train pred 0/1 : 16/16 label 0/1 : 14/18
train batch 4: predictions shape=(32, 2), labels shape=(32,)
epoch : 79
batch : 4/39
train accuracy : 0.75
train pred 0/1 : 16/16 label 0/1 : 12/20
train batch 5: predictions shape=(32, 2), labels shape=(32,)
epoch : 79
batch : 5/39
train accuracy : 0.71875
train pred 0/1 : 12/20 label 0/1 : 13/19
train batch 6: predictions shape=(32, 2), labels shape=(32,)
epoch : 79
batch : 6/39
train accuracy : 0.6875
train pred 0/1 : 11/21 label 0/1 : 9/23
train batch 7: predictions shape=(32, 2), labels shape=(32,)
epoch : 79
batch : 7/39
train accuracy : 0.71875
train pred 0/1 : 15/17 label 0/1 : 12/20
train batch 8: predictions shape=(32, 2), labels shape=(32,)
epoch : 79
batch : 8/39
train accuracy : 0.65625
train pred 0/1 : 11/21 label 0/1 : 12/20
train batch 9: predictions shape=(32, 2), labels shape=(32,)
epoch : 79
batch : 9/39
train accuracy : 0.71875
train pred 0/1 : 10/22 label 0/1 : 17/15
train batch 10: predictions shape=(32, 2), labels shape=(32,)
epoch : 79
batch : 10/39
train accuracy : 0.78125
train pred 0/1 : 12/20 label 0/1 : 15/17
train batch 11: predictions shape=(32, 2), labels shape=(32,)
epoch : 79
batch : 11/39
train accuracy : 0.5625
train pred 0/1 : 11/21 label 0/1 : 15/17
train batch 12: predictions shape=(32, 2), labels shape=(32,)
epoch : 79
batch : 12/39
train accuracy : 0.71875
train pred 0/1 : 13/19 label 0/1 : 16/16
train batch 13: predictions shape=(32, 2), labels shape=(32,)
epoch : 79
batch : 13/39
train accuracy : 0.78125
train pred 0/1 : 12/20 label 0/1 : 17/15
train batch 14: predictions shape=(32, 2), labels shape=(32,)
epoch : 79
batch : 14/39
train accuracy : 0.6875
train pred 0/1 : 22/10 label 0/1 : 14/18
train batch 15: predictions shape=(32, 2), labels shape=(32,)
epoch : 79
batch : 15/39
train accuracy : 0.6875
train pred 0/1 : 19/13 label 0/1 : 13/19
train batch 16: predictions shape=(32, 2), labels shape=(32,)
epoch : 79
batch : 16/39
train accuracy : 0.75
train pred 0/1 : 20/12 label 0/1 : 14/18
train batch 17: predictions shape=(32, 2), labels shape=(32,)
epoch : 79
batch : 17/39
train accuracy : 0.65625
train pred 0/1 : 15/17 label 0/1 : 10/22
train batch 18: predictions shape=(32, 2), labels shape=(32,)
epoch : 79
batch : 18/39
train accuracy : 0.65625
train pred 0/1 : 18/14 label 0/1 : 9/23
train batch 19: predictions shape=(32, 2), labels shape=(32,)
epoch : 79
batch : 19/39
train accuracy : 0.59375
train pred 0/1 : 18/14 label 0/1 : 13/19
train batch 20: predictions shape=(32, 2), labels shape=(32,)
epoch : 79
batch : 20/39
train accuracy : 0.75
train pred 0/1 : 18/14 label 0/1 : 22/10
train batch 21: predictions shape=(32, 2), labels shape=(32,)
epoch : 79
batch : 21/39
train accuracy : 0.5625
train pred 0/1 : 18/14 label 0/1 : 20/12
train batch 22: predictions shape=(32, 2), labels shape=(32,)
epoch : 79
batch : 22/39
train accuracy : 0.71875
train pred 0/1 : 20/12 label 0/1 : 19/13
train batch 23: predictions shape=(32, 2), labels shape=(32,)
epoch : 79
batch : 23/39
train accuracy : 0.65625
train pred 0/1 : 15/17 label 0/1 : 14/18
train batch 24: predictions shape=(32, 2), labels shape=(32,)
epoch : 79
batch : 24/39
train accuracy : 0.71875
train pred 0/1 : 20/12 label 0/1 : 17/15
train batch 25: predictions shape=(32, 2), labels shape=(32,)
epoch : 79
batch : 25/39
train accuracy : 0.75
train pred 0/1 : 24/8 label 0/1 : 20/12
train batch 26: predictions shape=(32, 2), labels shape=(32,)
epoch : 79
batch : 26/39
train accuracy : 0.6875
train pred 0/1 : 18/14 label 0/1 : 14/18
train batch 27: predictions shape=(32, 2), labels shape=(32,)
epoch : 79
batch : 27/39
train accuracy : 0.875
train pred 0/1 : 18/14 label 0/1 : 16/16
train batch 28: predictions shape=(32, 2), labels shape=(32,)
epoch : 79
batch : 28/39
train accuracy : 0.65625
train pred 0/1 : 15/17 label 0/1 : 12/20
train batch 29: predictions shape=(32, 2), labels shape=(32,)
epoch : 79
batch : 29/39
train accuracy : 0.53125
train pred 0/1 : 21/11 label 0/1 : 10/22
train batch 30: predictions shape=(32, 2), labels shape=(32,)
epoch : 79
batch : 30/39
train accuracy : 0.625
train pred 0/1 : 18/14 label 0/1 : 12/20
train batch 31: predictions shape=(32, 2), labels shape=(32,)
epoch : 79
batch : 31/39
train accuracy : 0.84375
train pred 0/1 : 13/19 label 0/1 : 10/22
train batch 32: predictions shape=(32, 2), labels shape=(32,)
epoch : 79
batch : 32/39
train accuracy : 0.625
train pred 0/1 : 16/16 label 0/1 : 16/16
train batch 33: predictions shape=(32, 2), labels shape=(32,)
epoch : 79
batch : 33/39
train accuracy : 0.75
train pred 0/1 : 15/17 label 0/1 : 15/17
train batch 34: predictions shape=(32, 2), labels shape=(32,)
epoch : 79
batch : 34/39
train accuracy : 0.65625
train pred 0/1 : 15/17 label 0/1 : 12/20
train batch 35: predictions shape=(32, 2), labels shape=(32,)
epoch : 79
batch : 35/39
train accuracy : 0.625
train pred 0/1 : 10/22 label 0/1 : 14/18
train batch 36: predictions shape=(32, 2), labels shape=(32,)
epoch : 79
batch : 36/39
train accuracy : 0.65625
train pred 0/1 : 11/21 label 0/1 : 14/18
train batch 37: predictions shape=(32, 2), labels shape=(32,)
epoch : 79
batch : 37/39
train accuracy : 0.75
train pred 0/1 : 16/16 label 0/1 : 16/16
train batch 38: predictions shape=(32, 2), labels shape=(32,)
epoch : 79
batch : 38/39
train accuracy : 0.8125
train pred 0/1 : 18/14 label 0/1 : 16/16
train batch 39: predictions shape=(8, 2), labels shape=(8,)
epoch : 79
batch : 39/39
train accuracy : 0.625
train pred 0/1 : 2/6 label 0/1 : 5/3
VALIDATION
valid batch 1: predictions shape=(32, 2), labels shape=(32,)
valid batch : 1/2
valid accuracy : 0.25
valid pred 0/1 : 26/6 label 0/1 : 10/22
valid batch 2: predictions shape=(23, 2), labels shape=(23,)
valid batch : 2/2
valid accuracy : 0.1304347813129425
valid pred 0/1 : 19/4 label 0/1 : 3/20
valid epoch balanced_accuracy: 0.316850
EPOCH 80:
train batch 1: predictions shape=(32, 2), labels shape=(32,)
epoch : 80
batch : 1/39
train accuracy : 0.875
train pred 0/1 : 9/23 label 0/1 : 11/21
train batch 2: predictions shape=(32, 2), labels shape=(32,)
epoch : 80
batch : 2/39
train accuracy : 0.71875
train pred 0/1 : 17/15 label 0/1 : 14/18
train batch 3: predictions shape=(32, 2), labels shape=(32,)
epoch : 80
batch : 3/39
train accuracy : 0.625
train pred 0/1 : 21/11 label 0/1 : 15/17
train batch 4: predictions shape=(32, 2), labels shape=(32,)
epoch : 80
batch : 4/39
train accuracy : 0.71875
train pred 0/1 : 19/13 label 0/1 : 16/16
train batch 5: predictions shape=(32, 2), labels shape=(32,)
epoch : 80
batch : 5/39
train accuracy : 0.65625
train pred 0/1 : 20/12 label 0/1 : 15/17
train batch 6: predictions shape=(32, 2), labels shape=(32,)
epoch : 80
batch : 6/39
train accuracy : 0.59375
train pred 0/1 : 15/17 label 0/1 : 12/20
train batch 7: predictions shape=(32, 2), labels shape=(32,)
epoch : 80
batch : 7/39
train accuracy : 0.59375
train pred 0/1 : 21/11 label 0/1 : 12/20
train batch 8: predictions shape=(32, 2), labels shape=(32,)
epoch : 80
batch : 8/39
train accuracy : 0.65625
train pred 0/1 : 20/12 label 0/1 : 13/19
train batch 9: predictions shape=(32, 2), labels shape=(32,)
epoch : 80
batch : 9/39
train accuracy : 0.6875
train pred 0/1 : 14/18 label 0/1 : 12/20
train batch 10: predictions shape=(32, 2), labels shape=(32,)
epoch : 80
batch : 10/39
train accuracy : 0.6875
train pred 0/1 : 16/16 label 0/1 : 14/18
train batch 11: predictions shape=(32, 2), labels shape=(32,)
epoch : 80
batch : 11/39
train accuracy : 0.71875
train pred 0/1 : 17/15 label 0/1 : 16/16
train batch 12: predictions shape=(32, 2), labels shape=(32,)
epoch : 80
batch : 12/39
train accuracy : 0.6875
train pred 0/1 : 11/21 label 0/1 : 15/17
train batch 13: predictions shape=(32, 2), labels shape=(32,)
epoch : 80
batch : 13/39
train accuracy : 0.6875
train pred 0/1 : 11/21 label 0/1 : 13/19
train batch 14: predictions shape=(32, 2), labels shape=(32,)
epoch : 80
batch : 14/39
train accuracy : 0.71875
train pred 0/1 : 12/20 label 0/1 : 15/17
train batch 15: predictions shape=(32, 2), labels shape=(32,)
epoch : 80
batch : 15/39
train accuracy : 0.65625
train pred 0/1 : 17/15 label 0/1 : 14/18
train batch 16: predictions shape=(32, 2), labels shape=(32,)
epoch : 80
batch : 16/39
train accuracy : 0.71875
train pred 0/1 : 15/17 label 0/1 : 12/20
train batch 17: predictions shape=(32, 2), labels shape=(32,)
epoch : 80
batch : 17/39
train accuracy : 0.625
train pred 0/1 : 18/14 label 0/1 : 20/12
train batch 18: predictions shape=(32, 2), labels shape=(32,)
epoch : 80
batch : 18/39
train accuracy : 0.90625
train pred 0/1 : 14/18 label 0/1 : 15/17
train batch 19: predictions shape=(32, 2), labels shape=(32,)
epoch : 80
batch : 19/39
train accuracy : 0.78125
train pred 0/1 : 18/14 label 0/1 : 13/19
train batch 20: predictions shape=(32, 2), labels shape=(32,)
epoch : 80
batch : 20/39
train accuracy : 0.65625
train pred 0/1 : 20/12 label 0/1 : 13/19
train batch 21: predictions shape=(32, 2), labels shape=(32,)
epoch : 80
batch : 21/39
train accuracy : 0.78125
train pred 0/1 : 17/15 label 0/1 : 16/16
train batch 22: predictions shape=(32, 2), labels shape=(32,)
epoch : 80
batch : 22/39
train accuracy : 0.65625
train pred 0/1 : 21/11 label 0/1 : 16/16
train batch 23: predictions shape=(32, 2), labels shape=(32,)
epoch : 80
batch : 23/39
train accuracy : 0.8125
train pred 0/1 : 22/10 label 0/1 : 18/14
train batch 24: predictions shape=(32, 2), labels shape=(32,)
epoch : 80
batch : 24/39
train accuracy : 0.625
train pred 0/1 : 15/17 label 0/1 : 15/17
train batch 25: predictions shape=(32, 2), labels shape=(32,)
epoch : 80
batch : 25/39
train accuracy : 0.6875
train pred 0/1 : 19/13 label 0/1 : 11/21
train batch 26: predictions shape=(32, 2), labels shape=(32,)
epoch : 80
batch : 26/39
train accuracy : 0.65625
train pred 0/1 : 21/11 label 0/1 : 20/12
train batch 27: predictions shape=(32, 2), labels shape=(32,)
epoch : 80
batch : 27/39
train accuracy : 0.75
train pred 0/1 : 16/16 label 0/1 : 12/20
train batch 28: predictions shape=(32, 2), labels shape=(32,)
epoch : 80
batch : 28/39
train accuracy : 0.6875
train pred 0/1 : 16/16 label 0/1 : 16/16
train batch 29: predictions shape=(32, 2), labels shape=(32,)
epoch : 80
batch : 29/39
train accuracy : 0.5625
train pred 0/1 : 17/15 label 0/1 : 9/23
train batch 30: predictions shape=(32, 2), labels shape=(32,)
epoch : 80
batch : 30/39
train accuracy : 0.78125
train pred 0/1 : 18/14 label 0/1 : 15/17
train batch 31: predictions shape=(32, 2), labels shape=(32,)
epoch : 80
batch : 31/39
train accuracy : 0.6875
train pred 0/1 : 20/12 label 0/1 : 18/14
train batch 32: predictions shape=(32, 2), labels shape=(32,)
epoch : 80
batch : 32/39
train accuracy : 0.59375
train pred 0/1 : 19/13 label 0/1 : 12/20
train batch 33: predictions shape=(32, 2), labels shape=(32,)
epoch : 80
batch : 33/39
train accuracy : 0.6875
train pred 0/1 : 20/12 label 0/1 : 18/14
train batch 34: predictions shape=(32, 2), labels shape=(32,)
epoch : 80
batch : 34/39
train accuracy : 0.65625
train pred 0/1 : 23/9 label 0/1 : 18/14
train batch 35: predictions shape=(32, 2), labels shape=(32,)
epoch : 80
batch : 35/39
train accuracy : 0.84375
train pred 0/1 : 18/14 label 0/1 : 15/17
train batch 36: predictions shape=(32, 2), labels shape=(32,)
epoch : 80
batch : 36/39
train accuracy : 0.5
train pred 0/1 : 25/7 label 0/1 : 13/19
train batch 37: predictions shape=(32, 2), labels shape=(32,)
epoch : 80
batch : 37/39
train accuracy : 0.65625
train pred 0/1 : 18/14 label 0/1 : 9/23
train batch 38: predictions shape=(32, 2), labels shape=(32,)
epoch : 80
batch : 38/39
train accuracy : 0.6875
train pred 0/1 : 17/15 label 0/1 : 15/17
train batch 39: predictions shape=(8, 2), labels shape=(8,)
epoch : 80
batch : 39/39
train accuracy : 0.75
train pred 0/1 : 5/3 label 0/1 : 3/5
VALIDATION
valid batch 1: predictions shape=(32, 2), labels shape=(32,)
valid batch : 1/2
valid accuracy : 0.1875
valid pred 0/1 : 25/7 label 0/1 : 7/25
valid batch 2: predictions shape=(23, 2), labels shape=(23,)
valid batch : 2/2
valid accuracy : 0.21739131212234497
valid pred 0/1 : 18/5 label 0/1 : 6/17
valid epoch balanced_accuracy: 0.290293
EPOCH 81:
train batch 1: predictions shape=(32, 2), labels shape=(32,)
epoch : 81
batch : 1/39
train accuracy : 0.65625
train pred 0/1 : 14/18 label 0/1 : 11/21
train batch 2: predictions shape=(32, 2), labels shape=(32,)
epoch : 81
batch : 2/39
train accuracy : 0.6875
train pred 0/1 : 12/20 label 0/1 : 18/14
train batch 3: predictions shape=(32, 2), labels shape=(32,)
epoch : 81
batch : 3/39
train accuracy : 0.84375
train pred 0/1 : 16/16 label 0/1 : 17/15
train batch 4: predictions shape=(32, 2), labels shape=(32,)
epoch : 81
batch : 4/39
train accuracy : 0.625
train pred 0/1 : 8/24 label 0/1 : 18/14
train batch 5: predictions shape=(32, 2), labels shape=(32,)
epoch : 81
batch : 5/39
train accuracy : 0.71875
train pred 0/1 : 12/20 label 0/1 : 17/15
train batch 6: predictions shape=(32, 2), labels shape=(32,)
epoch : 81
batch : 6/39
train accuracy : 0.75
train pred 0/1 : 13/19 label 0/1 : 15/17
train batch 7: predictions shape=(32, 2), labels shape=(32,)
epoch : 81
batch : 7/39
train accuracy : 0.75
train pred 0/1 : 12/20 label 0/1 : 14/18
train batch 8: predictions shape=(32, 2), labels shape=(32,)
epoch : 81
batch : 8/39
train accuracy : 0.78125
train pred 0/1 : 14/18 label 0/1 : 15/17
train batch 9: predictions shape=(32, 2), labels shape=(32,)
epoch : 81
batch : 9/39
train accuracy : 0.75
train pred 0/1 : 14/18 label 0/1 : 14/18
train batch 10: predictions shape=(32, 2), labels shape=(32,)
epoch : 81
batch : 10/39
train accuracy : 0.59375
train pred 0/1 : 19/13 label 0/1 : 12/20
train batch 11: predictions shape=(32, 2), labels shape=(32,)
epoch : 81
batch : 11/39
train accuracy : 0.75
train pred 0/1 : 10/22 label 0/1 : 12/20
train batch 12: predictions shape=(32, 2), labels shape=(32,)
epoch : 81
batch : 12/39
train accuracy : 0.71875
train pred 0/1 : 12/20 label 0/1 : 11/21
train batch 13: predictions shape=(32, 2), labels shape=(32,)
epoch : 81
batch : 13/39
train accuracy : 0.78125
train pred 0/1 : 17/15 label 0/1 : 14/18
train batch 14: predictions shape=(32, 2), labels shape=(32,)
epoch : 81
batch : 14/39
train accuracy : 0.78125
train pred 0/1 : 22/10 label 0/1 : 17/15
train batch 15: predictions shape=(32, 2), labels shape=(32,)
epoch : 81
batch : 15/39
train accuracy : 0.6875
train pred 0/1 : 15/17 label 0/1 : 15/17
train batch 16: predictions shape=(32, 2), labels shape=(32,)
epoch : 81
batch : 16/39
train accuracy : 0.59375
train pred 0/1 : 23/9 label 0/1 : 14/18
train batch 17: predictions shape=(32, 2), labels shape=(32,)
epoch : 81
batch : 17/39
train accuracy : 0.71875
train pred 0/1 : 16/16 label 0/1 : 19/13
train batch 18: predictions shape=(32, 2), labels shape=(32,)
epoch : 81
batch : 18/39
train accuracy : 0.75
train pred 0/1 : 20/12 label 0/1 : 16/16
train batch 19: predictions shape=(32, 2), labels shape=(32,)
epoch : 81
batch : 19/39
train accuracy : 0.625
train pred 0/1 : 14/18 label 0/1 : 16/16
train batch 20: predictions shape=(32, 2), labels shape=(32,)
epoch : 81
batch : 20/39
train accuracy : 0.65625
train pred 0/1 : 17/15 label 0/1 : 12/20
train batch 21: predictions shape=(32, 2), labels shape=(32,)
epoch : 81
batch : 21/39
train accuracy : 0.65625
train pred 0/1 : 18/14 label 0/1 : 15/17
train batch 22: predictions shape=(32, 2), labels shape=(32,)
epoch : 81
batch : 22/39
train accuracy : 0.59375
train pred 0/1 : 23/9 label 0/1 : 12/20
train batch 23: predictions shape=(32, 2), labels shape=(32,)
epoch : 81
batch : 23/39
train accuracy : 0.625
train pred 0/1 : 21/11 label 0/1 : 17/15
train batch 24: predictions shape=(32, 2), labels shape=(32,)
epoch : 81
batch : 24/39
train accuracy : 0.75
train pred 0/1 : 17/15 label 0/1 : 13/19
train batch 25: predictions shape=(32, 2), labels shape=(32,)
epoch : 81
batch : 25/39
train accuracy : 0.59375
train pred 0/1 : 18/14 label 0/1 : 13/19
train batch 26: predictions shape=(32, 2), labels shape=(32,)
epoch : 81
batch : 26/39
train accuracy : 0.71875
train pred 0/1 : 19/13 label 0/1 : 18/14
train batch 27: predictions shape=(32, 2), labels shape=(32,)
epoch : 81
batch : 27/39
train accuracy : 0.75
train pred 0/1 : 10/22 label 0/1 : 12/20
train batch 28: predictions shape=(32, 2), labels shape=(32,)
epoch : 81
batch : 28/39
train accuracy : 0.6875
train pred 0/1 : 10/22 label 0/1 : 10/22
train batch 29: predictions shape=(32, 2), labels shape=(32,)
epoch : 81
batch : 29/39
train accuracy : 0.90625
train pred 0/1 : 11/21 label 0/1 : 12/20
train batch 30: predictions shape=(32, 2), labels shape=(32,)
epoch : 81
batch : 30/39
train accuracy : 0.6875
train pred 0/1 : 7/25 label 0/1 : 17/15
train batch 31: predictions shape=(32, 2), labels shape=(32,)
epoch : 81
batch : 31/39
train accuracy : 0.625
train pred 0/1 : 5/27 label 0/1 : 11/21
train batch 32: predictions shape=(32, 2), labels shape=(32,)
epoch : 81
batch : 32/39
train accuracy : 0.71875
train pred 0/1 : 9/23 label 0/1 : 8/24
train batch 33: predictions shape=(32, 2), labels shape=(32,)
epoch : 81
batch : 33/39
train accuracy : 0.625
train pred 0/1 : 10/22 label 0/1 : 16/16
train batch 34: predictions shape=(32, 2), labels shape=(32,)
epoch : 81
batch : 34/39
train accuracy : 0.6875
train pred 0/1 : 9/23 label 0/1 : 17/15
train batch 35: predictions shape=(32, 2), labels shape=(32,)
epoch : 81
batch : 35/39
train accuracy : 0.59375
train pred 0/1 : 7/25 label 0/1 : 14/18
train batch 36: predictions shape=(32, 2), labels shape=(32,)
epoch : 81
batch : 36/39
train accuracy : 0.71875
train pred 0/1 : 7/25 label 0/1 : 12/20
train batch 37: predictions shape=(32, 2), labels shape=(32,)
epoch : 81
batch : 37/39
train accuracy : 0.625
train pred 0/1 : 8/24 label 0/1 : 16/16
train batch 38: predictions shape=(32, 2), labels shape=(32,)
epoch : 81
batch : 38/39
train accuracy : 0.75
train pred 0/1 : 10/22 label 0/1 : 14/18
train batch 39: predictions shape=(8, 2), labels shape=(8,)
epoch : 81
batch : 39/39
train accuracy : 0.25
train pred 0/1 : 1/7 label 0/1 : 5/3
VALIDATION
valid batch 1: predictions shape=(32, 2), labels shape=(32,)
valid batch : 1/2
valid accuracy : 0.21875
valid pred 0/1 : 26/6 label 0/1 : 7/25
valid batch 2: predictions shape=(23, 2), labels shape=(23,)
valid batch : 2/2
valid accuracy : 0.1304347813129425
valid pred 0/1 : 18/5 label 0/1 : 6/17
valid epoch balanced_accuracy: 0.278388
EPOCH 82:
train batch 1: predictions shape=(32, 2), labels shape=(32,)
epoch : 82
batch : 1/39
train accuracy : 0.78125
train pred 0/1 : 10/22 label 0/1 : 17/15
train batch 2: predictions shape=(32, 2), labels shape=(32,)
epoch : 82
batch : 2/39
train accuracy : 0.65625
train pred 0/1 : 13/19 label 0/1 : 16/16
train batch 3: predictions shape=(32, 2), labels shape=(32,)
epoch : 82
batch : 3/39
train accuracy : 0.625
train pred 0/1 : 16/16 label 0/1 : 14/18
train batch 4: predictions shape=(32, 2), labels shape=(32,)
epoch : 82
batch : 4/39
train accuracy : 0.75
train pred 0/1 : 18/14 label 0/1 : 16/16
train batch 5: predictions shape=(32, 2), labels shape=(32,)
epoch : 82
batch : 5/39
train accuracy : 0.625
train pred 0/1 : 22/10 label 0/1 : 18/14
train batch 6: predictions shape=(32, 2), labels shape=(32,)
epoch : 82
batch : 6/39
train accuracy : 0.625
train pred 0/1 : 22/10 label 0/1 : 14/18
train batch 7: predictions shape=(32, 2), labels shape=(32,)
epoch : 82
batch : 7/39
train accuracy : 0.59375
train pred 0/1 : 23/9 label 0/1 : 12/20
train batch 8: predictions shape=(32, 2), labels shape=(32,)
epoch : 82
batch : 8/39
train accuracy : 0.59375
train pred 0/1 : 20/12 label 0/1 : 13/19
train batch 9: predictions shape=(32, 2), labels shape=(32,)
epoch : 82
batch : 9/39
train accuracy : 0.6875
train pred 0/1 : 21/11 label 0/1 : 13/19
train batch 10: predictions shape=(32, 2), labels shape=(32,)
epoch : 82
batch : 10/39
train accuracy : 0.75
train pred 0/1 : 24/8 label 0/1 : 20/12
train batch 11: predictions shape=(32, 2), labels shape=(32,)
epoch : 82
batch : 11/39
train accuracy : 0.78125
train pred 0/1 : 17/15 label 0/1 : 10/22
train batch 12: predictions shape=(32, 2), labels shape=(32,)
epoch : 82
batch : 12/39
train accuracy : 0.59375
train pred 0/1 : 19/13 label 0/1 : 16/16
train batch 13: predictions shape=(32, 2), labels shape=(32,)
epoch : 82
batch : 13/39
train accuracy : 0.53125
train pred 0/1 : 20/12 label 0/1 : 15/17
train batch 14: predictions shape=(32, 2), labels shape=(32,)
epoch : 82
batch : 14/39
train accuracy : 0.59375
train pred 0/1 : 13/19 label 0/1 : 8/24
train batch 15: predictions shape=(32, 2), labels shape=(32,)
epoch : 82
batch : 15/39
train accuracy : 0.78125
train pred 0/1 : 12/20 label 0/1 : 11/21
train batch 16: predictions shape=(32, 2), labels shape=(32,)
epoch : 82
batch : 16/39
train accuracy : 0.84375
train pred 0/1 : 15/17 label 0/1 : 14/18
train batch 17: predictions shape=(32, 2), labels shape=(32,)
epoch : 82
batch : 17/39
train accuracy : 0.75
train pred 0/1 : 14/18 label 0/1 : 18/14
train batch 18: predictions shape=(32, 2), labels shape=(32,)
epoch : 82
batch : 18/39
train accuracy : 0.75
train pred 0/1 : 10/22 label 0/1 : 16/16
train batch 19: predictions shape=(32, 2), labels shape=(32,)
epoch : 82
batch : 19/39
train accuracy : 0.78125
train pred 0/1 : 14/18 label 0/1 : 9/23
train batch 20: predictions shape=(32, 2), labels shape=(32,)
epoch : 82
batch : 20/39
train accuracy : 0.75
train pred 0/1 : 11/21 label 0/1 : 13/19
train batch 21: predictions shape=(32, 2), labels shape=(32,)
epoch : 82
batch : 21/39
train accuracy : 0.875
train pred 0/1 : 17/15 label 0/1 : 17/15
train batch 22: predictions shape=(32, 2), labels shape=(32,)
epoch : 82
batch : 22/39
train accuracy : 0.75
train pred 0/1 : 14/18 label 0/1 : 14/18
train batch 23: predictions shape=(32, 2), labels shape=(32,)
epoch : 82
batch : 23/39
train accuracy : 0.6875
train pred 0/1 : 12/20 label 0/1 : 10/22
train batch 24: predictions shape=(32, 2), labels shape=(32,)
epoch : 82
batch : 24/39
train accuracy : 0.59375
train pred 0/1 : 18/14 label 0/1 : 13/19
train batch 25: predictions shape=(32, 2), labels shape=(32,)
epoch : 82
batch : 25/39
train accuracy : 0.6875
train pred 0/1 : 16/16 label 0/1 : 10/22
train batch 26: predictions shape=(32, 2), labels shape=(32,)
epoch : 82
batch : 26/39
train accuracy : 0.71875
train pred 0/1 : 23/9 label 0/1 : 18/14
train batch 27: predictions shape=(32, 2), labels shape=(32,)
epoch : 82
batch : 27/39
train accuracy : 0.75
train pred 0/1 : 21/11 label 0/1 : 13/19
train batch 28: predictions shape=(32, 2), labels shape=(32,)
epoch : 82
batch : 28/39
train accuracy : 0.59375
train pred 0/1 : 22/10 label 0/1 : 17/15
train batch 29: predictions shape=(32, 2), labels shape=(32,)
epoch : 82
batch : 29/39
train accuracy : 0.71875
train pred 0/1 : 18/14 label 0/1 : 13/19
train batch 30: predictions shape=(32, 2), labels shape=(32,)
epoch : 82
batch : 30/39
train accuracy : 0.59375
train pred 0/1 : 24/8 label 0/1 : 21/11
train batch 31: predictions shape=(32, 2), labels shape=(32,)
epoch : 82
batch : 31/39
train accuracy : 0.75
train pred 0/1 : 15/17 label 0/1 : 21/11
train batch 32: predictions shape=(32, 2), labels shape=(32,)
epoch : 82
batch : 32/39
train accuracy : 0.5625
train pred 0/1 : 18/14 label 0/1 : 12/20
train batch 33: predictions shape=(32, 2), labels shape=(32,)
epoch : 82
batch : 33/39
train accuracy : 0.59375
train pred 0/1 : 23/9 label 0/1 : 12/20
train batch 34: predictions shape=(32, 2), labels shape=(32,)
epoch : 82
batch : 34/39
train accuracy : 0.71875
train pred 0/1 : 17/15 label 0/1 : 14/18
train batch 35: predictions shape=(32, 2), labels shape=(32,)
epoch : 82
batch : 35/39
train accuracy : 0.75
train pred 0/1 : 18/14 label 0/1 : 14/18
train batch 36: predictions shape=(32, 2), labels shape=(32,)
epoch : 82
batch : 36/39
train accuracy : 0.78125
train pred 0/1 : 20/12 label 0/1 : 17/15
train batch 37: predictions shape=(32, 2), labels shape=(32,)
epoch : 82
batch : 37/39
train accuracy : 0.78125
train pred 0/1 : 12/20 label 0/1 : 11/21
train batch 38: predictions shape=(32, 2), labels shape=(32,)
epoch : 82
batch : 38/39
train accuracy : 0.6875
train pred 0/1 : 13/19 label 0/1 : 15/17
train batch 39: predictions shape=(8, 2), labels shape=(8,)
epoch : 82
batch : 39/39
train accuracy : 0.75
train pred 0/1 : 4/4 label 0/1 : 4/4
VALIDATION
valid batch 1: predictions shape=(32, 2), labels shape=(32,)
valid batch : 1/2
valid accuracy : 0.28125
valid pred 0/1 : 25/7 label 0/1 : 6/26
valid batch 2: predictions shape=(23, 2), labels shape=(23,)
valid batch : 2/2
valid accuracy : 0.08695652335882187
valid pred 0/1 : 18/5 label 0/1 : 7/16
valid epoch balanced_accuracy: 0.290293
EPOCH 83:
train batch 1: predictions shape=(32, 2), labels shape=(32,)
epoch : 83
batch : 1/39
train accuracy : 0.8125
train pred 0/1 : 11/21 label 0/1 : 9/23
train batch 2: predictions shape=(32, 2), labels shape=(32,)
epoch : 83
batch : 2/39
train accuracy : 0.78125
train pred 0/1 : 15/17 label 0/1 : 16/16
train batch 3: predictions shape=(32, 2), labels shape=(32,)
epoch : 83
batch : 3/39
train accuracy : 0.75
train pred 0/1 : 10/22 label 0/1 : 10/22
train batch 4: predictions shape=(32, 2), labels shape=(32,)
epoch : 83
batch : 4/39
train accuracy : 0.78125
train pred 0/1 : 9/23 label 0/1 : 10/22
train batch 5: predictions shape=(32, 2), labels shape=(32,)
epoch : 83
batch : 5/39
train accuracy : 0.59375
train pred 0/1 : 8/24 label 0/1 : 13/19
train batch 6: predictions shape=(32, 2), labels shape=(32,)
epoch : 83
batch : 6/39
train accuracy : 0.625
train pred 0/1 : 12/20 label 0/1 : 22/10
train batch 7: predictions shape=(32, 2), labels shape=(32,)
epoch : 83
batch : 7/39
train accuracy : 0.6875
train pred 0/1 : 10/22 label 0/1 : 12/20
train batch 8: predictions shape=(32, 2), labels shape=(32,)
epoch : 83
batch : 8/39
train accuracy : 0.6875
train pred 0/1 : 9/23 label 0/1 : 15/17
train batch 9: predictions shape=(32, 2), labels shape=(32,)
epoch : 83
batch : 9/39
train accuracy : 0.65625
train pred 0/1 : 11/21 label 0/1 : 14/18
train batch 10: predictions shape=(32, 2), labels shape=(32,)
epoch : 83
batch : 10/39
train accuracy : 0.78125
train pred 0/1 : 9/23 label 0/1 : 10/22
train batch 11: predictions shape=(32, 2), labels shape=(32,)
epoch : 83
batch : 11/39
train accuracy : 0.625
train pred 0/1 : 11/21 label 0/1 : 13/19
train batch 12: predictions shape=(32, 2), labels shape=(32,)
epoch : 83
batch : 12/39
train accuracy : 0.8125
train pred 0/1 : 8/24 label 0/1 : 10/22
train batch 13: predictions shape=(32, 2), labels shape=(32,)
epoch : 83
batch : 13/39
train accuracy : 0.53125
train pred 0/1 : 9/23 label 0/1 : 18/14
train batch 14: predictions shape=(32, 2), labels shape=(32,)
epoch : 83
batch : 14/39
train accuracy : 0.6875
train pred 0/1 : 12/20 label 0/1 : 16/16
train batch 15: predictions shape=(32, 2), labels shape=(32,)
epoch : 83
batch : 15/39
train accuracy : 0.75
train pred 0/1 : 13/19 label 0/1 : 17/15
train batch 16: predictions shape=(32, 2), labels shape=(32,)
epoch : 83
batch : 16/39
train accuracy : 0.75
train pred 0/1 : 13/19 label 0/1 : 13/19
train batch 17: predictions shape=(32, 2), labels shape=(32,)
epoch : 83
batch : 17/39
train accuracy : 0.6875
train pred 0/1 : 14/18 label 0/1 : 16/16
train batch 18: predictions shape=(32, 2), labels shape=(32,)
epoch : 83
batch : 18/39
train accuracy : 0.75
train pred 0/1 : 16/16 label 0/1 : 12/20
train batch 19: predictions shape=(32, 2), labels shape=(32,)
epoch : 83
batch : 19/39
train accuracy : 0.6875
train pred 0/1 : 18/14 label 0/1 : 14/18
train batch 20: predictions shape=(32, 2), labels shape=(32,)
epoch : 83
batch : 20/39
train accuracy : 0.78125
train pred 0/1 : 18/14 label 0/1 : 17/15
train batch 21: predictions shape=(32, 2), labels shape=(32,)
epoch : 83
batch : 21/39
train accuracy : 0.71875
train pred 0/1 : 24/8 label 0/1 : 17/15
train batch 22: predictions shape=(32, 2), labels shape=(32,)
epoch : 83
batch : 22/39
train accuracy : 0.625
train pred 0/1 : 23/9 label 0/1 : 17/15
train batch 23: predictions shape=(32, 2), labels shape=(32,)
epoch : 83
batch : 23/39
train accuracy : 0.71875
train pred 0/1 : 24/8 label 0/1 : 21/11
train batch 24: predictions shape=(32, 2), labels shape=(32,)
epoch : 83
batch : 24/39
train accuracy : 0.71875
train pred 0/1 : 26/6 label 0/1 : 21/11
train batch 25: predictions shape=(32, 2), labels shape=(32,)
epoch : 83
batch : 25/39
train accuracy : 0.71875
train pred 0/1 : 23/9 label 0/1 : 14/18
train batch 26: predictions shape=(32, 2), labels shape=(32,)
epoch : 83
batch : 26/39
train accuracy : 0.75
train pred 0/1 : 15/17 label 0/1 : 13/19
train batch 27: predictions shape=(32, 2), labels shape=(32,)
epoch : 83
batch : 27/39
train accuracy : 0.59375
train pred 0/1 : 19/13 label 0/1 : 10/22
train batch 28: predictions shape=(32, 2), labels shape=(32,)
epoch : 83
batch : 28/39
train accuracy : 0.53125
train pred 0/1 : 17/15 label 0/1 : 14/18
train batch 29: predictions shape=(32, 2), labels shape=(32,)
epoch : 83
batch : 29/39
train accuracy : 0.75
train pred 0/1 : 21/11 label 0/1 : 15/17
train batch 30: predictions shape=(32, 2), labels shape=(32,)
epoch : 83
batch : 30/39
train accuracy : 0.6875
train pred 0/1 : 18/14 label 0/1 : 16/16
train batch 31: predictions shape=(32, 2), labels shape=(32,)
epoch : 83
batch : 31/39
train accuracy : 0.8125
train pred 0/1 : 15/17 label 0/1 : 15/17
train batch 32: predictions shape=(32, 2), labels shape=(32,)
epoch : 83
batch : 32/39
train accuracy : 0.78125
train pred 0/1 : 12/20 label 0/1 : 13/19
train batch 33: predictions shape=(32, 2), labels shape=(32,)
epoch : 83
batch : 33/39
train accuracy : 0.59375
train pred 0/1 : 14/18 label 0/1 : 15/17
train batch 34: predictions shape=(32, 2), labels shape=(32,)
epoch : 83
batch : 34/39
train accuracy : 0.8125
train pred 0/1 : 15/17 label 0/1 : 15/17
train batch 35: predictions shape=(32, 2), labels shape=(32,)
epoch : 83
batch : 35/39
train accuracy : 0.65625
train pred 0/1 : 13/19 label 0/1 : 14/18
train batch 36: predictions shape=(32, 2), labels shape=(32,)
epoch : 83
batch : 36/39
train accuracy : 0.6875
train pred 0/1 : 12/20 label 0/1 : 14/18
train batch 37: predictions shape=(32, 2), labels shape=(32,)
epoch : 83
batch : 37/39
train accuracy : 0.6875
train pred 0/1 : 13/19 label 0/1 : 11/21
train batch 38: predictions shape=(32, 2), labels shape=(32,)
epoch : 83
batch : 38/39
train accuracy : 0.78125
train pred 0/1 : 14/18 label 0/1 : 15/17
train batch 39: predictions shape=(8, 2), labels shape=(8,)
epoch : 83
batch : 39/39
train accuracy : 0.75
train pred 0/1 : 4/4 label 0/1 : 2/6
VALIDATION
valid batch 1: predictions shape=(32, 2), labels shape=(32,)
valid batch : 1/2
valid accuracy : 0.25
valid pred 0/1 : 24/8 label 0/1 : 10/22
valid batch 2: predictions shape=(23, 2), labels shape=(23,)
valid batch : 2/2
valid accuracy : 0.17391304671764374
valid pred 0/1 : 20/3 label 0/1 : 3/20
valid epoch balanced_accuracy: 0.328755
EPOCH 84:
train batch 1: predictions shape=(32, 2), labels shape=(32,)
epoch : 84
batch : 1/39
train accuracy : 0.625
train pred 0/1 : 15/17 label 0/1 : 13/19
train batch 2: predictions shape=(32, 2), labels shape=(32,)
epoch : 84
batch : 2/39
train accuracy : 0.71875
train pred 0/1 : 14/18 label 0/1 : 11/21
train batch 3: predictions shape=(32, 2), labels shape=(32,)
epoch : 84
batch : 3/39
train accuracy : 0.53125
train pred 0/1 : 17/15 label 0/1 : 16/16
train batch 4: predictions shape=(32, 2), labels shape=(32,)
epoch : 84
batch : 4/39
train accuracy : 0.875
train pred 0/1 : 10/22 label 0/1 : 10/22
train batch 5: predictions shape=(32, 2), labels shape=(32,)
epoch : 84
batch : 5/39
train accuracy : 0.6875
train pred 0/1 : 10/22 label 0/1 : 14/18
train batch 6: predictions shape=(32, 2), labels shape=(32,)
epoch : 84
batch : 6/39
train accuracy : 0.75
train pred 0/1 : 13/19 label 0/1 : 17/15
train batch 7: predictions shape=(32, 2), labels shape=(32,)
epoch : 84
batch : 7/39
train accuracy : 0.78125
train pred 0/1 : 14/18 label 0/1 : 17/15
train batch 8: predictions shape=(32, 2), labels shape=(32,)
epoch : 84
batch : 8/39
train accuracy : 0.65625
train pred 0/1 : 14/18 label 0/1 : 11/21
train batch 9: predictions shape=(32, 2), labels shape=(32,)
epoch : 84
batch : 9/39
train accuracy : 0.65625
train pred 0/1 : 15/17 label 0/1 : 14/18
train batch 10: predictions shape=(32, 2), labels shape=(32,)
epoch : 84
batch : 10/39
train accuracy : 0.8125
train pred 0/1 : 17/15 label 0/1 : 15/17
train batch 11: predictions shape=(32, 2), labels shape=(32,)
epoch : 84
batch : 11/39
train accuracy : 0.90625
train pred 0/1 : 16/16 label 0/1 : 19/13
train batch 12: predictions shape=(32, 2), labels shape=(32,)
epoch : 84
batch : 12/39
train accuracy : 0.625
train pred 0/1 : 16/16 label 0/1 : 10/22
train batch 13: predictions shape=(32, 2), labels shape=(32,)
epoch : 84
batch : 13/39
train accuracy : 0.65625
train pred 0/1 : 20/12 label 0/1 : 13/19
train batch 14: predictions shape=(32, 2), labels shape=(32,)
epoch : 84
batch : 14/39
train accuracy : 0.75
train pred 0/1 : 18/14 label 0/1 : 12/20
train batch 15: predictions shape=(32, 2), labels shape=(32,)
epoch : 84
batch : 15/39
train accuracy : 0.59375
train pred 0/1 : 18/14 label 0/1 : 17/15
train batch 16: predictions shape=(32, 2), labels shape=(32,)
epoch : 84
batch : 16/39
train accuracy : 0.78125
train pred 0/1 : 14/18 label 0/1 : 17/15
train batch 17: predictions shape=(32, 2), labels shape=(32,)
epoch : 84
batch : 17/39
train accuracy : 0.71875
train pred 0/1 : 19/13 label 0/1 : 12/20
train batch 18: predictions shape=(32, 2), labels shape=(32,)
epoch : 84
batch : 18/39
train accuracy : 0.8125
train pred 0/1 : 21/11 label 0/1 : 21/11
train batch 19: predictions shape=(32, 2), labels shape=(32,)
epoch : 84
batch : 19/39
train accuracy : 0.65625
train pred 0/1 : 18/14 label 0/1 : 13/19
train batch 20: predictions shape=(32, 2), labels shape=(32,)
epoch : 84
batch : 20/39
train accuracy : 0.75
train pred 0/1 : 19/13 label 0/1 : 15/17
train batch 21: predictions shape=(32, 2), labels shape=(32,)
epoch : 84
batch : 21/39
train accuracy : 0.71875
train pred 0/1 : 18/14 label 0/1 : 11/21
train batch 22: predictions shape=(32, 2), labels shape=(32,)
epoch : 84
batch : 22/39
train accuracy : 0.6875
train pred 0/1 : 16/16 label 0/1 : 14/18
train batch 23: predictions shape=(32, 2), labels shape=(32,)
epoch : 84
batch : 23/39
train accuracy : 0.6875
train pred 0/1 : 22/10 label 0/1 : 16/16
train batch 24: predictions shape=(32, 2), labels shape=(32,)
epoch : 84
batch : 24/39
train accuracy : 0.90625
train pred 0/1 : 18/14 label 0/1 : 17/15
train batch 25: predictions shape=(32, 2), labels shape=(32,)
epoch : 84
batch : 25/39
train accuracy : 0.71875
train pred 0/1 : 17/15 label 0/1 : 20/12
train batch 26: predictions shape=(32, 2), labels shape=(32,)
epoch : 84
batch : 26/39
train accuracy : 0.6875
train pred 0/1 : 16/16 label 0/1 : 10/22
train batch 27: predictions shape=(32, 2), labels shape=(32,)
epoch : 84
batch : 27/39
train accuracy : 0.78125
train pred 0/1 : 21/11 label 0/1 : 14/18
train batch 28: predictions shape=(32, 2), labels shape=(32,)
epoch : 84
batch : 28/39
train accuracy : 0.625
train pred 0/1 : 15/17 label 0/1 : 17/15
train batch 29: predictions shape=(32, 2), labels shape=(32,)
epoch : 84
batch : 29/39
train accuracy : 0.71875
train pred 0/1 : 20/12 label 0/1 : 17/15
train batch 30: predictions shape=(32, 2), labels shape=(32,)
epoch : 84
batch : 30/39
train accuracy : 0.8125
train pred 0/1 : 15/17 label 0/1 : 11/21
train batch 31: predictions shape=(32, 2), labels shape=(32,)
epoch : 84
batch : 31/39
train accuracy : 0.6875
train pred 0/1 : 19/13 label 0/1 : 19/13
train batch 32: predictions shape=(32, 2), labels shape=(32,)
epoch : 84
batch : 32/39
train accuracy : 0.6875
train pred 0/1 : 18/14 label 0/1 : 16/16
train batch 33: predictions shape=(32, 2), labels shape=(32,)
epoch : 84
batch : 33/39
train accuracy : 0.53125
train pred 0/1 : 18/14 label 0/1 : 13/19
train batch 34: predictions shape=(32, 2), labels shape=(32,)
epoch : 84
batch : 34/39
train accuracy : 0.84375
train pred 0/1 : 11/21 label 0/1 : 10/22
train batch 35: predictions shape=(32, 2), labels shape=(32,)
epoch : 84
batch : 35/39
train accuracy : 0.71875
train pred 0/1 : 16/16 label 0/1 : 15/17
train batch 36: predictions shape=(32, 2), labels shape=(32,)
epoch : 84
batch : 36/39
train accuracy : 0.75
train pred 0/1 : 19/13 label 0/1 : 15/17
train batch 37: predictions shape=(32, 2), labels shape=(32,)
epoch : 84
batch : 37/39
train accuracy : 0.75
train pred 0/1 : 13/19 label 0/1 : 11/21
train batch 38: predictions shape=(32, 2), labels shape=(32,)
epoch : 84
batch : 38/39
train accuracy : 0.75
train pred 0/1 : 13/19 label 0/1 : 9/23
train batch 39: predictions shape=(8, 2), labels shape=(8,)
epoch : 84
batch : 39/39
train accuracy : 0.5
train pred 0/1 : 3/5 label 0/1 : 7/1
VALIDATION
valid batch 1: predictions shape=(32, 2), labels shape=(32,)
valid batch : 1/2
valid accuracy : 0.15625
valid pred 0/1 : 24/8 label 0/1 : 7/25
valid batch 2: predictions shape=(23, 2), labels shape=(23,)
valid batch : 2/2
valid accuracy : 0.260869562625885
valid pred 0/1 : 19/4 label 0/1 : 6/17
valid epoch balanced_accuracy: 0.290293
EPOCH 85:
train batch 1: predictions shape=(32, 2), labels shape=(32,)
epoch : 85
batch : 1/39
train accuracy : 0.78125
train pred 0/1 : 10/22 label 0/1 : 13/19
train batch 2: predictions shape=(32, 2), labels shape=(32,)
epoch : 85
batch : 2/39
train accuracy : 0.6875
train pred 0/1 : 12/20 label 0/1 : 8/24
train batch 3: predictions shape=(32, 2), labels shape=(32,)
epoch : 85
batch : 3/39
train accuracy : 0.625
train pred 0/1 : 16/16 label 0/1 : 14/18
train batch 4: predictions shape=(32, 2), labels shape=(32,)
epoch : 85
batch : 4/39
train accuracy : 0.71875
train pred 0/1 : 10/22 label 0/1 : 13/19
train batch 5: predictions shape=(32, 2), labels shape=(32,)
epoch : 85
batch : 5/39
train accuracy : 0.65625
train pred 0/1 : 19/13 label 0/1 : 16/16
train batch 6: predictions shape=(32, 2), labels shape=(32,)
epoch : 85
batch : 6/39
train accuracy : 0.71875
train pred 0/1 : 9/23 label 0/1 : 16/16
train batch 7: predictions shape=(32, 2), labels shape=(32,)
epoch : 85
batch : 7/39
train accuracy : 0.625
train pred 0/1 : 12/20 label 0/1 : 14/18
train batch 8: predictions shape=(32, 2), labels shape=(32,)
epoch : 85
batch : 8/39
train accuracy : 0.75
train pred 0/1 : 9/23 label 0/1 : 11/21
train batch 9: predictions shape=(32, 2), labels shape=(32,)
epoch : 85
batch : 9/39
train accuracy : 0.71875
train pred 0/1 : 12/20 label 0/1 : 15/17
train batch 10: predictions shape=(32, 2), labels shape=(32,)
epoch : 85
batch : 10/39
train accuracy : 0.59375
train pred 0/1 : 11/21 label 0/1 : 18/14
train batch 11: predictions shape=(32, 2), labels shape=(32,)
epoch : 85
batch : 11/39
train accuracy : 0.65625
train pred 0/1 : 9/23 label 0/1 : 14/18
train batch 12: predictions shape=(32, 2), labels shape=(32,)
epoch : 85
batch : 12/39
train accuracy : 0.75
train pred 0/1 : 11/21 label 0/1 : 17/15
train batch 13: predictions shape=(32, 2), labels shape=(32,)
epoch : 85
batch : 13/39
train accuracy : 0.78125
train pred 0/1 : 12/20 label 0/1 : 11/21
train batch 14: predictions shape=(32, 2), labels shape=(32,)
epoch : 85
batch : 14/39
train accuracy : 0.625
train pred 0/1 : 12/20 label 0/1 : 18/14
train batch 15: predictions shape=(32, 2), labels shape=(32,)
epoch : 85
batch : 15/39
train accuracy : 0.71875
train pred 0/1 : 11/21 label 0/1 : 16/16
train batch 16: predictions shape=(32, 2), labels shape=(32,)
epoch : 85
batch : 16/39
train accuracy : 0.6875
train pred 0/1 : 16/16 label 0/1 : 14/18
train batch 17: predictions shape=(32, 2), labels shape=(32,)
epoch : 85
batch : 17/39
train accuracy : 0.71875
train pred 0/1 : 12/20 label 0/1 : 19/13
train batch 18: predictions shape=(32, 2), labels shape=(32,)
epoch : 85
batch : 18/39
train accuracy : 0.78125
train pred 0/1 : 9/23 label 0/1 : 10/22
train batch 19: predictions shape=(32, 2), labels shape=(32,)
epoch : 85
batch : 19/39
train accuracy : 0.65625
train pred 0/1 : 11/21 label 0/1 : 12/20
train batch 20: predictions shape=(32, 2), labels shape=(32,)
epoch : 85
batch : 20/39
train accuracy : 0.71875
train pred 0/1 : 12/20 label 0/1 : 13/19
train batch 21: predictions shape=(32, 2), labels shape=(32,)
epoch : 85
batch : 21/39
train accuracy : 0.78125
train pred 0/1 : 15/17 label 0/1 : 16/16
train batch 22: predictions shape=(32, 2), labels shape=(32,)
epoch : 85
batch : 22/39
train accuracy : 0.8125
train pred 0/1 : 10/22 label 0/1 : 16/16
train batch 23: predictions shape=(32, 2), labels shape=(32,)
epoch : 85
batch : 23/39
train accuracy : 0.65625
train pred 0/1 : 11/21 label 0/1 : 14/18
train batch 24: predictions shape=(32, 2), labels shape=(32,)
epoch : 85
batch : 24/39
train accuracy : 0.75
train pred 0/1 : 11/21 label 0/1 : 13/19
train batch 25: predictions shape=(32, 2), labels shape=(32,)
epoch : 85
batch : 25/39
train accuracy : 0.71875
train pred 0/1 : 13/19 label 0/1 : 12/20
train batch 26: predictions shape=(32, 2), labels shape=(32,)
epoch : 85
batch : 26/39
train accuracy : 0.71875
train pred 0/1 : 10/22 label 0/1 : 11/21
train batch 27: predictions shape=(32, 2), labels shape=(32,)
epoch : 85
batch : 27/39
train accuracy : 0.6875
train pred 0/1 : 13/19 label 0/1 : 15/17
train batch 28: predictions shape=(32, 2), labels shape=(32,)
epoch : 85
batch : 28/39
train accuracy : 0.6875
train pred 0/1 : 17/15 label 0/1 : 17/15
train batch 29: predictions shape=(32, 2), labels shape=(32,)
epoch : 85
batch : 29/39
train accuracy : 0.6875
train pred 0/1 : 12/20 label 0/1 : 16/16
train batch 30: predictions shape=(32, 2), labels shape=(32,)
epoch : 85
batch : 30/39
train accuracy : 0.75
train pred 0/1 : 14/18 label 0/1 : 16/16
train batch 31: predictions shape=(32, 2), labels shape=(32,)
epoch : 85
batch : 31/39
train accuracy : 0.8125
train pred 0/1 : 14/18 label 0/1 : 14/18
train batch 32: predictions shape=(32, 2), labels shape=(32,)
epoch : 85
batch : 32/39
train accuracy : 0.78125
train pred 0/1 : 10/22 label 0/1 : 17/15
train batch 33: predictions shape=(32, 2), labels shape=(32,)
epoch : 85
batch : 33/39
train accuracy : 0.75
train pred 0/1 : 9/23 label 0/1 : 9/23
train batch 34: predictions shape=(32, 2), labels shape=(32,)
epoch : 85
batch : 34/39
train accuracy : 0.625
train pred 0/1 : 12/20 label 0/1 : 16/16
train batch 35: predictions shape=(32, 2), labels shape=(32,)
epoch : 85
batch : 35/39
train accuracy : 0.71875
train pred 0/1 : 12/20 label 0/1 : 13/19
train batch 36: predictions shape=(32, 2), labels shape=(32,)
epoch : 85
batch : 36/39
train accuracy : 0.75
train pred 0/1 : 14/18 label 0/1 : 16/16
train batch 37: predictions shape=(32, 2), labels shape=(32,)
epoch : 85
batch : 37/39
train accuracy : 0.84375
train pred 0/1 : 18/14 label 0/1 : 19/13
train batch 38: predictions shape=(32, 2), labels shape=(32,)
epoch : 85
batch : 38/39
train accuracy : 0.65625
train pred 0/1 : 13/19 label 0/1 : 14/18
train batch 39: predictions shape=(8, 2), labels shape=(8,)
epoch : 85
batch : 39/39
train accuracy : 0.625
train pred 0/1 : 2/6 label 0/1 : 3/5
VALIDATION
valid batch 1: predictions shape=(32, 2), labels shape=(32,)
valid batch : 1/2
valid accuracy : 0.28125
valid pred 0/1 : 29/3 label 0/1 : 10/22
valid batch 2: predictions shape=(23, 2), labels shape=(23,)
valid batch : 2/2
valid accuracy : 0.1304347813129425
valid pred 0/1 : 19/4 label 0/1 : 3/20
valid epoch balanced_accuracy: 0.381868
EPOCH 86:
train batch 1: predictions shape=(32, 2), labels shape=(32,)
epoch : 86
batch : 1/39
train accuracy : 0.6875
train pred 0/1 : 20/12 label 0/1 : 16/16
train batch 2: predictions shape=(32, 2), labels shape=(32,)
epoch : 86
batch : 2/39
train accuracy : 0.6875
train pred 0/1 : 21/11 label 0/1 : 11/21
train batch 3: predictions shape=(32, 2), labels shape=(32,)
epoch : 86
batch : 3/39
train accuracy : 0.5625
train pred 0/1 : 23/9 label 0/1 : 17/15
train batch 4: predictions shape=(32, 2), labels shape=(32,)
epoch : 86
batch : 4/39
train accuracy : 0.78125
train pred 0/1 : 16/16 label 0/1 : 13/19
train batch 5: predictions shape=(32, 2), labels shape=(32,)
epoch : 86
batch : 5/39
train accuracy : 0.78125
train pred 0/1 : 15/17 label 0/1 : 14/18
train batch 6: predictions shape=(32, 2), labels shape=(32,)
epoch : 86
batch : 6/39
train accuracy : 0.6875
train pred 0/1 : 10/22 label 0/1 : 10/22
train batch 7: predictions shape=(32, 2), labels shape=(32,)
epoch : 86
batch : 7/39
train accuracy : 0.6875
train pred 0/1 : 14/18 label 0/1 : 10/22
train batch 8: predictions shape=(32, 2), labels shape=(32,)
epoch : 86
batch : 8/39
train accuracy : 0.625
train pred 0/1 : 10/22 label 0/1 : 14/18
train batch 9: predictions shape=(32, 2), labels shape=(32,)
epoch : 86
batch : 9/39
train accuracy : 0.8125
train pred 0/1 : 14/18 label 0/1 : 16/16
train batch 10: predictions shape=(32, 2), labels shape=(32,)
epoch : 86
batch : 10/39
train accuracy : 0.8125
train pred 0/1 : 12/20 label 0/1 : 12/20
train batch 11: predictions shape=(32, 2), labels shape=(32,)
epoch : 86
batch : 11/39
train accuracy : 0.6875
train pred 0/1 : 17/15 label 0/1 : 13/19
train batch 12: predictions shape=(32, 2), labels shape=(32,)
epoch : 86
batch : 12/39
train accuracy : 0.75
train pred 0/1 : 18/14 label 0/1 : 22/10
train batch 13: predictions shape=(32, 2), labels shape=(32,)
epoch : 86
batch : 13/39
train accuracy : 0.71875
train pred 0/1 : 14/18 label 0/1 : 17/15
train batch 14: predictions shape=(32, 2), labels shape=(32,)
epoch : 86
batch : 14/39
train accuracy : 0.71875
train pred 0/1 : 13/19 label 0/1 : 16/16
train batch 15: predictions shape=(32, 2), labels shape=(32,)
epoch : 86
batch : 15/39
train accuracy : 0.6875
train pred 0/1 : 13/19 label 0/1 : 17/15
train batch 16: predictions shape=(32, 2), labels shape=(32,)
epoch : 86
batch : 16/39
train accuracy : 0.78125
train pred 0/1 : 16/16 label 0/1 : 17/15
train batch 17: predictions shape=(32, 2), labels shape=(32,)
epoch : 86
batch : 17/39
train accuracy : 0.71875
train pred 0/1 : 13/19 label 0/1 : 10/22
train batch 18: predictions shape=(32, 2), labels shape=(32,)
epoch : 86
batch : 18/39
train accuracy : 0.8125
train pred 0/1 : 17/15 label 0/1 : 15/17
train batch 19: predictions shape=(32, 2), labels shape=(32,)
epoch : 86
batch : 19/39
train accuracy : 0.5625
train pred 0/1 : 24/8 label 0/1 : 14/18
train batch 20: predictions shape=(32, 2), labels shape=(32,)
epoch : 86
batch : 20/39
train accuracy : 0.78125
train pred 0/1 : 19/13 label 0/1 : 12/20
train batch 21: predictions shape=(32, 2), labels shape=(32,)
epoch : 86
batch : 21/39
train accuracy : 0.65625
train pred 0/1 : 21/11 label 0/1 : 16/16
train batch 22: predictions shape=(32, 2), labels shape=(32,)
epoch : 86
batch : 22/39
train accuracy : 0.71875
train pred 0/1 : 18/14 label 0/1 : 13/19
train batch 23: predictions shape=(32, 2), labels shape=(32,)
epoch : 86
batch : 23/39
train accuracy : 0.78125
train pred 0/1 : 18/14 label 0/1 : 11/21
train batch 24: predictions shape=(32, 2), labels shape=(32,)
epoch : 86
batch : 24/39
train accuracy : 0.8125
train pred 0/1 : 11/21 label 0/1 : 9/23
train batch 25: predictions shape=(32, 2), labels shape=(32,)
epoch : 86
batch : 25/39
train accuracy : 0.5625
train pred 0/1 : 11/21 label 0/1 : 21/11
train batch 26: predictions shape=(32, 2), labels shape=(32,)
epoch : 86
batch : 26/39
train accuracy : 0.59375
train pred 0/1 : 11/21 label 0/1 : 12/20
train batch 27: predictions shape=(32, 2), labels shape=(32,)
epoch : 86
batch : 27/39
train accuracy : 0.65625
train pred 0/1 : 11/21 label 0/1 : 12/20
train batch 28: predictions shape=(32, 2), labels shape=(32,)
epoch : 86
batch : 28/39
train accuracy : 0.75
train pred 0/1 : 9/23 label 0/1 : 11/21
train batch 29: predictions shape=(32, 2), labels shape=(32,)
epoch : 86
batch : 29/39
train accuracy : 0.8125
train pred 0/1 : 7/25 label 0/1 : 11/21
train batch 30: predictions shape=(32, 2), labels shape=(32,)
epoch : 86
batch : 30/39
train accuracy : 0.6875
train pred 0/1 : 8/24 label 0/1 : 12/20
train batch 31: predictions shape=(32, 2), labels shape=(32,)
epoch : 86
batch : 31/39
train accuracy : 0.71875
train pred 0/1 : 9/23 label 0/1 : 10/22
train batch 32: predictions shape=(32, 2), labels shape=(32,)
epoch : 86
batch : 32/39
train accuracy : 0.625
train pred 0/1 : 6/26 label 0/1 : 18/14
train batch 33: predictions shape=(32, 2), labels shape=(32,)
epoch : 86
batch : 33/39
train accuracy : 0.59375
train pred 0/1 : 9/23 label 0/1 : 20/12
train batch 34: predictions shape=(32, 2), labels shape=(32,)
epoch : 86
batch : 34/39
train accuracy : 0.875
train pred 0/1 : 10/22 label 0/1 : 14/18
train batch 35: predictions shape=(32, 2), labels shape=(32,)
epoch : 86
batch : 35/39
train accuracy : 0.53125
train pred 0/1 : 4/28 label 0/1 : 19/13
train batch 36: predictions shape=(32, 2), labels shape=(32,)
epoch : 86
batch : 36/39
train accuracy : 0.6875
train pred 0/1 : 10/22 label 0/1 : 14/18
train batch 37: predictions shape=(32, 2), labels shape=(32,)
epoch : 86
batch : 37/39
train accuracy : 0.5625
train pred 0/1 : 6/26 label 0/1 : 20/12
train batch 38: predictions shape=(32, 2), labels shape=(32,)
epoch : 86
batch : 38/39
train accuracy : 0.5625
train pred 0/1 : 8/24 label 0/1 : 16/16
train batch 39: predictions shape=(8, 2), labels shape=(8,)
epoch : 86
batch : 39/39
train accuracy : 0.875
train pred 0/1 : 5/3 label 0/1 : 4/4
VALIDATION
valid batch 1: predictions shape=(32, 2), labels shape=(32,)
valid batch : 1/2
valid accuracy : 0.25
valid pred 0/1 : 27/5 label 0/1 : 9/23
valid batch 2: predictions shape=(23, 2), labels shape=(23,)
valid batch : 2/2
valid accuracy : 0.17391304671764374
valid pred 0/1 : 17/6 label 0/1 : 4/19
valid epoch balanced_accuracy: 0.328755
EPOCH 87:
train batch 1: predictions shape=(32, 2), labels shape=(32,)
epoch : 87
batch : 1/39
train accuracy : 0.78125
train pred 0/1 : 12/20 label 0/1 : 15/17
train batch 2: predictions shape=(32, 2), labels shape=(32,)
epoch : 87
batch : 2/39
train accuracy : 0.59375
train pred 0/1 : 10/22 label 0/1 : 11/21
train batch 3: predictions shape=(32, 2), labels shape=(32,)
epoch : 87
batch : 3/39
train accuracy : 0.71875
train pred 0/1 : 21/11 label 0/1 : 20/12
train batch 4: predictions shape=(32, 2), labels shape=(32,)
epoch : 87
batch : 4/39
train accuracy : 0.65625
train pred 0/1 : 21/11 label 0/1 : 16/16
train batch 5: predictions shape=(32, 2), labels shape=(32,)
epoch : 87
batch : 5/39
train accuracy : 0.59375
train pred 0/1 : 22/10 label 0/1 : 9/23
train batch 6: predictions shape=(32, 2), labels shape=(32,)
epoch : 87
batch : 6/39
train accuracy : 0.65625
train pred 0/1 : 20/12 label 0/1 : 17/15
train batch 7: predictions shape=(32, 2), labels shape=(32,)
epoch : 87
batch : 7/39
train accuracy : 0.75
train pred 0/1 : 17/15 label 0/1 : 15/17
train batch 8: predictions shape=(32, 2), labels shape=(32,)
epoch : 87
batch : 8/39
train accuracy : 0.6875
train pred 0/1 : 21/11 label 0/1 : 15/17
train batch 9: predictions shape=(32, 2), labels shape=(32,)
epoch : 87
batch : 9/39
train accuracy : 0.75
train pred 0/1 : 19/13 label 0/1 : 13/19
train batch 10: predictions shape=(32, 2), labels shape=(32,)
epoch : 87
batch : 10/39
train accuracy : 0.65625
train pred 0/1 : 23/9 label 0/1 : 14/18
train batch 11: predictions shape=(32, 2), labels shape=(32,)
epoch : 87
batch : 11/39
train accuracy : 0.6875
train pred 0/1 : 20/12 label 0/1 : 16/16
train batch 12: predictions shape=(32, 2), labels shape=(32,)
epoch : 87
batch : 12/39
train accuracy : 0.90625
train pred 0/1 : 11/21 label 0/1 : 12/20
train batch 13: predictions shape=(32, 2), labels shape=(32,)
epoch : 87
batch : 13/39
train accuracy : 0.65625
train pred 0/1 : 20/12 label 0/1 : 13/19
train batch 14: predictions shape=(32, 2), labels shape=(32,)
epoch : 87
batch : 14/39
train accuracy : 0.71875
train pred 0/1 : 17/15 label 0/1 : 16/16
train batch 15: predictions shape=(32, 2), labels shape=(32,)
epoch : 87
batch : 15/39
train accuracy : 0.78125
train pred 0/1 : 11/21 label 0/1 : 16/16
train batch 16: predictions shape=(32, 2), labels shape=(32,)
epoch : 87
batch : 16/39
train accuracy : 0.71875
train pred 0/1 : 17/15 label 0/1 : 10/22
train batch 17: predictions shape=(32, 2), labels shape=(32,)
epoch : 87
batch : 17/39
train accuracy : 0.5625
train pred 0/1 : 15/17 label 0/1 : 11/21
train batch 18: predictions shape=(32, 2), labels shape=(32,)
epoch : 87
batch : 18/39
train accuracy : 0.84375
train pred 0/1 : 12/20 label 0/1 : 11/21
train batch 19: predictions shape=(32, 2), labels shape=(32,)
epoch : 87
batch : 19/39
train accuracy : 0.59375
train pred 0/1 : 13/19 label 0/1 : 16/16
train batch 20: predictions shape=(32, 2), labels shape=(32,)
epoch : 87
batch : 20/39
train accuracy : 0.71875
train pred 0/1 : 8/24 label 0/1 : 15/17
train batch 21: predictions shape=(32, 2), labels shape=(32,)
epoch : 87
batch : 21/39
train accuracy : 0.8125
train pred 0/1 : 17/15 label 0/1 : 15/17
train batch 22: predictions shape=(32, 2), labels shape=(32,)
epoch : 87
batch : 22/39
train accuracy : 0.78125
train pred 0/1 : 17/15 label 0/1 : 16/16
train batch 23: predictions shape=(32, 2), labels shape=(32,)
epoch : 87
batch : 23/39
train accuracy : 0.59375
train pred 0/1 : 17/15 label 0/1 : 12/20
train batch 24: predictions shape=(32, 2), labels shape=(32,)
epoch : 87
batch : 24/39
train accuracy : 0.78125
train pred 0/1 : 20/12 label 0/1 : 19/13
train batch 25: predictions shape=(32, 2), labels shape=(32,)
epoch : 87
batch : 25/39
train accuracy : 0.53125
train pred 0/1 : 14/18 label 0/1 : 13/19
train batch 26: predictions shape=(32, 2), labels shape=(32,)
epoch : 87
batch : 26/39
train accuracy : 0.6875
train pred 0/1 : 14/18 label 0/1 : 14/18
train batch 27: predictions shape=(32, 2), labels shape=(32,)
epoch : 87
batch : 27/39
train accuracy : 0.6875
train pred 0/1 : 16/16 label 0/1 : 12/20
train batch 28: predictions shape=(32, 2), labels shape=(32,)
epoch : 87
batch : 28/39
train accuracy : 0.71875
train pred 0/1 : 18/14 label 0/1 : 15/17
train batch 29: predictions shape=(32, 2), labels shape=(32,)
epoch : 87
batch : 29/39
train accuracy : 0.625
train pred 0/1 : 21/11 label 0/1 : 11/21
train batch 30: predictions shape=(32, 2), labels shape=(32,)
epoch : 87
batch : 30/39
train accuracy : 0.65625
train pred 0/1 : 16/16 label 0/1 : 11/21
train batch 31: predictions shape=(32, 2), labels shape=(32,)
epoch : 87
batch : 31/39
train accuracy : 0.84375
train pred 0/1 : 17/15 label 0/1 : 16/16
train batch 32: predictions shape=(32, 2), labels shape=(32,)
epoch : 87
batch : 32/39
train accuracy : 0.875
train pred 0/1 : 20/12 label 0/1 : 16/16
train batch 33: predictions shape=(32, 2), labels shape=(32,)
epoch : 87
batch : 33/39
train accuracy : 0.71875
train pred 0/1 : 20/12 label 0/1 : 17/15
train batch 34: predictions shape=(32, 2), labels shape=(32,)
epoch : 87
batch : 34/39
train accuracy : 0.6875
train pred 0/1 : 18/14 label 0/1 : 18/14
train batch 35: predictions shape=(32, 2), labels shape=(32,)
epoch : 87
batch : 35/39
train accuracy : 0.53125
train pred 0/1 : 19/13 label 0/1 : 8/24
train batch 36: predictions shape=(32, 2), labels shape=(32,)
epoch : 87
batch : 36/39
train accuracy : 0.53125
train pred 0/1 : 19/13 label 0/1 : 16/16
train batch 37: predictions shape=(32, 2), labels shape=(32,)
epoch : 87
batch : 37/39
train accuracy : 0.71875
train pred 0/1 : 20/12 label 0/1 : 19/13
train batch 38: predictions shape=(32, 2), labels shape=(32,)
epoch : 87
batch : 38/39
train accuracy : 0.59375
train pred 0/1 : 20/12 label 0/1 : 15/17
train batch 39: predictions shape=(8, 2), labels shape=(8,)
epoch : 87
batch : 39/39
train accuracy : 0.875
train pred 0/1 : 6/2 label 0/1 : 5/3
VALIDATION
valid batch 1: predictions shape=(32, 2), labels shape=(32,)
valid batch : 1/2
valid accuracy : 0.15625
valid pred 0/1 : 25/7 label 0/1 : 8/24
valid batch 2: predictions shape=(23, 2), labels shape=(23,)
valid batch : 2/2
valid accuracy : 0.260869562625885
valid pred 0/1 : 22/1 label 0/1 : 5/18
valid epoch balanced_accuracy: 0.343407
EPOCH 88:
train batch 1: predictions shape=(32, 2), labels shape=(32,)
epoch : 88
batch : 1/39
train accuracy : 0.59375
train pred 0/1 : 21/11 label 0/1 : 16/16
train batch 2: predictions shape=(32, 2), labels shape=(32,)
epoch : 88
batch : 2/39
train accuracy : 0.5625
train pred 0/1 : 23/9 label 0/1 : 15/17
train batch 3: predictions shape=(32, 2), labels shape=(32,)
epoch : 88
batch : 3/39
train accuracy : 0.6875
train pred 0/1 : 22/10 label 0/1 : 16/16
train batch 4: predictions shape=(32, 2), labels shape=(32,)
epoch : 88
batch : 4/39
train accuracy : 0.75
train pred 0/1 : 17/15 label 0/1 : 13/19
train batch 5: predictions shape=(32, 2), labels shape=(32,)
epoch : 88
batch : 5/39
train accuracy : 0.5625
train pred 0/1 : 20/12 label 0/1 : 16/16
train batch 6: predictions shape=(32, 2), labels shape=(32,)
epoch : 88
batch : 6/39
train accuracy : 0.65625
train pred 0/1 : 22/10 label 0/1 : 19/13
train batch 7: predictions shape=(32, 2), labels shape=(32,)
epoch : 88
batch : 7/39
train accuracy : 0.5625
train pred 0/1 : 24/8 label 0/1 : 14/18
train batch 8: predictions shape=(32, 2), labels shape=(32,)
epoch : 88
batch : 8/39
train accuracy : 0.71875
train pred 0/1 : 22/10 label 0/1 : 17/15
train batch 9: predictions shape=(32, 2), labels shape=(32,)
epoch : 88
batch : 9/39
train accuracy : 0.5
train pred 0/1 : 24/8 label 0/1 : 12/20
train batch 10: predictions shape=(32, 2), labels shape=(32,)
epoch : 88
batch : 10/39
train accuracy : 0.65625
train pred 0/1 : 19/13 label 0/1 : 14/18
train batch 11: predictions shape=(32, 2), labels shape=(32,)
epoch : 88
batch : 11/39
train accuracy : 0.5625
train pred 0/1 : 25/7 label 0/1 : 13/19
train batch 12: predictions shape=(32, 2), labels shape=(32,)
epoch : 88
batch : 12/39
train accuracy : 0.59375
train pred 0/1 : 24/8 label 0/1 : 15/17
train batch 13: predictions shape=(32, 2), labels shape=(32,)
epoch : 88
batch : 13/39
train accuracy : 0.625
train pred 0/1 : 25/7 label 0/1 : 15/17
train batch 14: predictions shape=(32, 2), labels shape=(32,)
epoch : 88
batch : 14/39
train accuracy : 0.65625
train pred 0/1 : 17/15 label 0/1 : 12/20
train batch 15: predictions shape=(32, 2), labels shape=(32,)
epoch : 88
batch : 15/39
train accuracy : 0.6875
train pred 0/1 : 21/11 label 0/1 : 15/17
train batch 16: predictions shape=(32, 2), labels shape=(32,)
epoch : 88
batch : 16/39
train accuracy : 0.46875
train pred 0/1 : 24/8 label 0/1 : 11/21
train batch 17: predictions shape=(32, 2), labels shape=(32,)
epoch : 88
batch : 17/39
train accuracy : 0.78125
train pred 0/1 : 20/12 label 0/1 : 13/19
train batch 18: predictions shape=(32, 2), labels shape=(32,)
epoch : 88
batch : 18/39
train accuracy : 0.84375
train pred 0/1 : 17/15 label 0/1 : 16/16
train batch 19: predictions shape=(32, 2), labels shape=(32,)
epoch : 88
batch : 19/39
train accuracy : 0.6875
train pred 0/1 : 16/16 label 0/1 : 10/22
train batch 20: predictions shape=(32, 2), labels shape=(32,)
epoch : 88
batch : 20/39
train accuracy : 0.6875
train pred 0/1 : 17/15 label 0/1 : 13/19
train batch 21: predictions shape=(32, 2), labels shape=(32,)
epoch : 88
batch : 21/39
train accuracy : 0.75
train pred 0/1 : 11/21 label 0/1 : 11/21
train batch 22: predictions shape=(32, 2), labels shape=(32,)
epoch : 88
batch : 22/39
train accuracy : 0.90625
train pred 0/1 : 11/21 label 0/1 : 14/18
train batch 23: predictions shape=(32, 2), labels shape=(32,)
epoch : 88
batch : 23/39
train accuracy : 0.875
train pred 0/1 : 10/22 label 0/1 : 14/18
train batch 24: predictions shape=(32, 2), labels shape=(32,)
epoch : 88
batch : 24/39
train accuracy : 0.71875
train pred 0/1 : 11/21 label 0/1 : 18/14
train batch 25: predictions shape=(32, 2), labels shape=(32,)
epoch : 88
batch : 25/39
train accuracy : 0.75
train pred 0/1 : 6/26 label 0/1 : 12/20
train batch 26: predictions shape=(32, 2), labels shape=(32,)
epoch : 88
batch : 26/39
train accuracy : 0.65625
train pred 0/1 : 10/22 label 0/1 : 13/19
train batch 27: predictions shape=(32, 2), labels shape=(32,)
epoch : 88
batch : 27/39
train accuracy : 0.78125
train pred 0/1 : 6/26 label 0/1 : 13/19
train batch 28: predictions shape=(32, 2), labels shape=(32,)
epoch : 88
batch : 28/39
train accuracy : 0.75
train pred 0/1 : 5/27 label 0/1 : 11/21
train batch 29: predictions shape=(32, 2), labels shape=(32,)
epoch : 88
batch : 29/39
train accuracy : 0.65625
train pred 0/1 : 11/21 label 0/1 : 18/14
train batch 30: predictions shape=(32, 2), labels shape=(32,)
epoch : 88
batch : 30/39
train accuracy : 0.75
train pred 0/1 : 11/21 label 0/1 : 15/17
train batch 31: predictions shape=(32, 2), labels shape=(32,)
epoch : 88
batch : 31/39
train accuracy : 0.59375
train pred 0/1 : 20/12 label 0/1 : 17/15
train batch 32: predictions shape=(32, 2), labels shape=(32,)
epoch : 88
batch : 32/39
train accuracy : 0.6875
train pred 0/1 : 22/10 label 0/1 : 16/16
train batch 33: predictions shape=(32, 2), labels shape=(32,)
epoch : 88
batch : 33/39
train accuracy : 0.59375
train pred 0/1 : 23/9 label 0/1 : 14/18
train batch 34: predictions shape=(32, 2), labels shape=(32,)
epoch : 88
batch : 34/39
train accuracy : 0.5625
train pred 0/1 : 23/9 label 0/1 : 19/13
train batch 35: predictions shape=(32, 2), labels shape=(32,)
epoch : 88
batch : 35/39
train accuracy : 0.59375
train pred 0/1 : 25/7 label 0/1 : 12/20
train batch 36: predictions shape=(32, 2), labels shape=(32,)
epoch : 88
batch : 36/39
train accuracy : 0.625
train pred 0/1 : 21/11 label 0/1 : 13/19
train batch 37: predictions shape=(32, 2), labels shape=(32,)
epoch : 88
batch : 37/39
train accuracy : 0.5625
train pred 0/1 : 28/4 label 0/1 : 14/18
train batch 38: predictions shape=(32, 2), labels shape=(32,)
epoch : 88
batch : 38/39
train accuracy : 0.65625
train pred 0/1 : 19/13 label 0/1 : 18/14
train batch 39: predictions shape=(8, 2), labels shape=(8,)
epoch : 88
batch : 39/39
train accuracy : 0.5
train pred 0/1 : 2/6 label 0/1 : 2/6
VALIDATION
valid batch 1: predictions shape=(32, 2), labels shape=(32,)
valid batch : 1/2
valid accuracy : 0.25
valid pred 0/1 : 26/6 label 0/1 : 8/24
valid batch 2: predictions shape=(23, 2), labels shape=(23,)
valid batch : 2/2
valid accuracy : 0.1304347813129425
valid pred 0/1 : 19/4 label 0/1 : 5/18
valid epoch balanced_accuracy: 0.316850
EPOCH 89:
train batch 1: predictions shape=(32, 2), labels shape=(32,)
epoch : 89
batch : 1/39
train accuracy : 0.71875
train pred 0/1 : 15/17 label 0/1 : 12/20
train batch 2: predictions shape=(32, 2), labels shape=(32,)
epoch : 89
batch : 2/39
train accuracy : 0.75
train pred 0/1 : 16/16 label 0/1 : 12/20
train batch 3: predictions shape=(32, 2), labels shape=(32,)
epoch : 89
batch : 3/39
train accuracy : 0.71875
train pred 0/1 : 12/20 label 0/1 : 15/17
train batch 4: predictions shape=(32, 2), labels shape=(32,)
epoch : 89
batch : 4/39
train accuracy : 0.71875
train pred 0/1 : 9/23 label 0/1 : 14/18
train batch 5: predictions shape=(32, 2), labels shape=(32,)
epoch : 89
batch : 5/39
train accuracy : 0.65625
train pred 0/1 : 11/21 label 0/1 : 14/18
train batch 6: predictions shape=(32, 2), labels shape=(32,)
epoch : 89
batch : 6/39
train accuracy : 0.75
train pred 0/1 : 11/21 label 0/1 : 15/17
train batch 7: predictions shape=(32, 2), labels shape=(32,)
epoch : 89
batch : 7/39
train accuracy : 0.5625
train pred 0/1 : 7/25 label 0/1 : 19/13
train batch 8: predictions shape=(32, 2), labels shape=(32,)
epoch : 89
batch : 8/39
train accuracy : 0.625
train pred 0/1 : 10/22 label 0/1 : 16/16
train batch 9: predictions shape=(32, 2), labels shape=(32,)
epoch : 89
batch : 9/39
train accuracy : 0.8125
train pred 0/1 : 10/22 label 0/1 : 10/22
train batch 10: predictions shape=(32, 2), labels shape=(32,)
epoch : 89
batch : 10/39
train accuracy : 0.71875
train pred 0/1 : 5/27 label 0/1 : 10/22
train batch 11: predictions shape=(32, 2), labels shape=(32,)
epoch : 89
batch : 11/39
train accuracy : 0.71875
train pred 0/1 : 4/28 label 0/1 : 11/21
train batch 12: predictions shape=(32, 2), labels shape=(32,)
epoch : 89
batch : 12/39
train accuracy : 0.53125
train pred 0/1 : 6/26 label 0/1 : 19/13
train batch 13: predictions shape=(32, 2), labels shape=(32,)
epoch : 89
batch : 13/39
train accuracy : 0.8125
train pred 0/1 : 9/23 label 0/1 : 13/19
train batch 14: predictions shape=(32, 2), labels shape=(32,)
epoch : 89
batch : 14/39
train accuracy : 0.78125
train pred 0/1 : 8/24 label 0/1 : 11/21
train batch 15: predictions shape=(32, 2), labels shape=(32,)
epoch : 89
batch : 15/39
train accuracy : 0.625
train pred 0/1 : 4/28 label 0/1 : 14/18
train batch 16: predictions shape=(32, 2), labels shape=(32,)
epoch : 89
batch : 16/39
train accuracy : 0.59375
train pred 0/1 : 2/30 label 0/1 : 15/17
train batch 17: predictions shape=(32, 2), labels shape=(32,)
epoch : 89
batch : 17/39
train accuracy : 0.75
train pred 0/1 : 9/23 label 0/1 : 17/15
train batch 18: predictions shape=(32, 2), labels shape=(32,)
epoch : 89
batch : 18/39
train accuracy : 0.75
train pred 0/1 : 4/28 label 0/1 : 12/20
train batch 19: predictions shape=(32, 2), labels shape=(32,)
epoch : 89
batch : 19/39
train accuracy : 0.6875
train pred 0/1 : 10/22 label 0/1 : 16/16
train batch 20: predictions shape=(32, 2), labels shape=(32,)
epoch : 89
batch : 20/39
train accuracy : 0.71875
train pred 0/1 : 7/25 label 0/1 : 16/16
train batch 21: predictions shape=(32, 2), labels shape=(32,)
epoch : 89
batch : 21/39
train accuracy : 0.65625
train pred 0/1 : 5/27 label 0/1 : 12/20
train batch 22: predictions shape=(32, 2), labels shape=(32,)
epoch : 89
batch : 22/39
train accuracy : 0.6875
train pred 0/1 : 8/24 label 0/1 : 12/20
train batch 23: predictions shape=(32, 2), labels shape=(32,)
epoch : 89
batch : 23/39
train accuracy : 0.65625
train pred 0/1 : 10/22 label 0/1 : 17/15
train batch 24: predictions shape=(32, 2), labels shape=(32,)
epoch : 89
batch : 24/39
train accuracy : 0.90625
train pred 0/1 : 10/22 label 0/1 : 11/21
train batch 25: predictions shape=(32, 2), labels shape=(32,)
epoch : 89
batch : 25/39
train accuracy : 0.5
train pred 0/1 : 11/21 label 0/1 : 19/13
train batch 26: predictions shape=(32, 2), labels shape=(32,)
epoch : 89
batch : 26/39
train accuracy : 0.625
train pred 0/1 : 7/25 label 0/1 : 13/19
train batch 27: predictions shape=(32, 2), labels shape=(32,)
epoch : 89
batch : 27/39
train accuracy : 0.65625
train pred 0/1 : 13/19 label 0/1 : 16/16
train batch 28: predictions shape=(32, 2), labels shape=(32,)
epoch : 89
batch : 28/39
train accuracy : 0.75
train pred 0/1 : 11/21 label 0/1 : 13/19
train batch 29: predictions shape=(32, 2), labels shape=(32,)
epoch : 89
batch : 29/39
train accuracy : 0.8125
train pred 0/1 : 20/12 label 0/1 : 16/16
train batch 30: predictions shape=(32, 2), labels shape=(32,)
epoch : 89
batch : 30/39
train accuracy : 0.78125
train pred 0/1 : 12/20 label 0/1 : 13/19
train batch 31: predictions shape=(32, 2), labels shape=(32,)
epoch : 89
batch : 31/39
train accuracy : 0.75
train pred 0/1 : 15/17 label 0/1 : 15/17
train batch 32: predictions shape=(32, 2), labels shape=(32,)
epoch : 89
batch : 32/39
train accuracy : 0.71875
train pred 0/1 : 14/18 label 0/1 : 15/17
train batch 33: predictions shape=(32, 2), labels shape=(32,)
epoch : 89
batch : 33/39
train accuracy : 0.78125
train pred 0/1 : 14/18 label 0/1 : 11/21
train batch 34: predictions shape=(32, 2), labels shape=(32,)
epoch : 89
batch : 34/39
train accuracy : 0.75
train pred 0/1 : 19/13 label 0/1 : 13/19
train batch 35: predictions shape=(32, 2), labels shape=(32,)
epoch : 89
batch : 35/39
train accuracy : 0.59375
train pred 0/1 : 16/16 label 0/1 : 17/15
train batch 36: predictions shape=(32, 2), labels shape=(32,)
epoch : 89
batch : 36/39
train accuracy : 0.65625
train pred 0/1 : 18/14 label 0/1 : 17/15
train batch 37: predictions shape=(32, 2), labels shape=(32,)
epoch : 89
batch : 37/39
train accuracy : 0.75
train pred 0/1 : 23/9 label 0/1 : 17/15
train batch 38: predictions shape=(32, 2), labels shape=(32,)
epoch : 89
batch : 38/39
train accuracy : 0.875
train pred 0/1 : 16/16 label 0/1 : 18/14
train batch 39: predictions shape=(8, 2), labels shape=(8,)
epoch : 89
batch : 39/39
train accuracy : 0.5
train pred 0/1 : 3/5 label 0/1 : 3/5
VALIDATION
valid batch 1: predictions shape=(32, 2), labels shape=(32,)
valid batch : 1/2
valid accuracy : 0.21875
valid pred 0/1 : 27/5 label 0/1 : 8/24
valid batch 2: predictions shape=(23, 2), labels shape=(23,)
valid batch : 2/2
valid accuracy : 0.260869562625885
valid pred 0/1 : 22/1 label 0/1 : 5/18
valid epoch balanced_accuracy: 0.420330
EPOCH 90:
train batch 1: predictions shape=(32, 2), labels shape=(32,)
epoch : 90
batch : 1/39
train accuracy : 0.6875
train pred 0/1 : 15/17 label 0/1 : 13/19
train batch 2: predictions shape=(32, 2), labels shape=(32,)
epoch : 90
batch : 2/39
train accuracy : 0.59375
train pred 0/1 : 20/12 label 0/1 : 11/21
train batch 3: predictions shape=(32, 2), labels shape=(32,)
epoch : 90
batch : 3/39
train accuracy : 0.625
train pred 0/1 : 17/15 label 0/1 : 11/21
train batch 4: predictions shape=(32, 2), labels shape=(32,)
epoch : 90
batch : 4/39
train accuracy : 0.6875
train pred 0/1 : 21/11 label 0/1 : 13/19
train batch 5: predictions shape=(32, 2), labels shape=(32,)
epoch : 90
batch : 5/39
train accuracy : 0.5625
train pred 0/1 : 22/10 label 0/1 : 16/16
train batch 6: predictions shape=(32, 2), labels shape=(32,)
epoch : 90
batch : 6/39
train accuracy : 0.625
train pred 0/1 : 24/8 label 0/1 : 14/18
train batch 7: predictions shape=(32, 2), labels shape=(32,)
epoch : 90
batch : 7/39
train accuracy : 0.78125
train pred 0/1 : 13/19 label 0/1 : 12/20
train batch 8: predictions shape=(32, 2), labels shape=(32,)
epoch : 90
batch : 8/39
train accuracy : 0.75
train pred 0/1 : 21/11 label 0/1 : 17/15
train batch 9: predictions shape=(32, 2), labels shape=(32,)
epoch : 90
batch : 9/39
train accuracy : 0.65625
train pred 0/1 : 24/8 label 0/1 : 19/13
train batch 10: predictions shape=(32, 2), labels shape=(32,)
epoch : 90
batch : 10/39
train accuracy : 0.6875
train pred 0/1 : 16/16 label 0/1 : 10/22
train batch 11: predictions shape=(32, 2), labels shape=(32,)
epoch : 90
batch : 11/39
train accuracy : 0.625
train pred 0/1 : 21/11 label 0/1 : 13/19
train batch 12: predictions shape=(32, 2), labels shape=(32,)
epoch : 90
batch : 12/39
train accuracy : 0.71875
train pred 0/1 : 19/13 label 0/1 : 16/16
train batch 13: predictions shape=(32, 2), labels shape=(32,)
epoch : 90
batch : 13/39
train accuracy : 0.71875
train pred 0/1 : 19/13 label 0/1 : 20/12
train batch 14: predictions shape=(32, 2), labels shape=(32,)
epoch : 90
batch : 14/39
train accuracy : 0.75
train pred 0/1 : 17/15 label 0/1 : 9/23
train batch 15: predictions shape=(32, 2), labels shape=(32,)
epoch : 90
batch : 15/39
train accuracy : 0.78125
train pred 0/1 : 18/14 label 0/1 : 15/17
train batch 16: predictions shape=(32, 2), labels shape=(32,)
epoch : 90
batch : 16/39
train accuracy : 0.71875
train pred 0/1 : 11/21 label 0/1 : 14/18
train batch 17: predictions shape=(32, 2), labels shape=(32,)
epoch : 90
batch : 17/39
train accuracy : 0.71875
train pred 0/1 : 15/17 label 0/1 : 12/20
train batch 18: predictions shape=(32, 2), labels shape=(32,)
epoch : 90
batch : 18/39
train accuracy : 0.59375
train pred 0/1 : 11/21 label 0/1 : 16/16
train batch 19: predictions shape=(32, 2), labels shape=(32,)
epoch : 90
batch : 19/39
train accuracy : 0.75
train pred 0/1 : 14/18 label 0/1 : 12/20
train batch 20: predictions shape=(32, 2), labels shape=(32,)
epoch : 90
batch : 20/39
train accuracy : 0.5625
train pred 0/1 : 22/10 label 0/1 : 14/18
train batch 21: predictions shape=(32, 2), labels shape=(32,)
epoch : 90
batch : 21/39
train accuracy : 0.71875
train pred 0/1 : 14/18 label 0/1 : 15/17
train batch 22: predictions shape=(32, 2), labels shape=(32,)
epoch : 90
batch : 22/39
train accuracy : 0.65625
train pred 0/1 : 13/19 label 0/1 : 16/16
train batch 23: predictions shape=(32, 2), labels shape=(32,)
epoch : 90
batch : 23/39
train accuracy : 0.59375
train pred 0/1 : 14/18 label 0/1 : 13/19
train batch 24: predictions shape=(32, 2), labels shape=(32,)
epoch : 90
batch : 24/39
train accuracy : 0.6875
train pred 0/1 : 21/11 label 0/1 : 15/17
train batch 25: predictions shape=(32, 2), labels shape=(32,)
epoch : 90
batch : 25/39
train accuracy : 0.78125
train pred 0/1 : 19/13 label 0/1 : 14/18
train batch 26: predictions shape=(32, 2), labels shape=(32,)
epoch : 90
batch : 26/39
train accuracy : 0.59375
train pred 0/1 : 22/10 label 0/1 : 11/21
train batch 27: predictions shape=(32, 2), labels shape=(32,)
epoch : 90
batch : 27/39
train accuracy : 0.625
train pred 0/1 : 18/14 label 0/1 : 16/16
train batch 28: predictions shape=(32, 2), labels shape=(32,)
epoch : 90
batch : 28/39
train accuracy : 0.71875
train pred 0/1 : 20/12 label 0/1 : 15/17
train batch 29: predictions shape=(32, 2), labels shape=(32,)
epoch : 90
batch : 29/39
train accuracy : 0.71875
train pred 0/1 : 19/13 label 0/1 : 12/20
train batch 30: predictions shape=(32, 2), labels shape=(32,)
epoch : 90
batch : 30/39
train accuracy : 0.8125
train pred 0/1 : 22/10 label 0/1 : 22/10
train batch 31: predictions shape=(32, 2), labels shape=(32,)
epoch : 90
batch : 31/39
train accuracy : 0.6875
train pred 0/1 : 18/14 label 0/1 : 14/18
train batch 32: predictions shape=(32, 2), labels shape=(32,)
epoch : 90
batch : 32/39
train accuracy : 0.8125
train pred 0/1 : 14/18 label 0/1 : 14/18
train batch 33: predictions shape=(32, 2), labels shape=(32,)
epoch : 90
batch : 33/39
train accuracy : 0.75
train pred 0/1 : 21/11 label 0/1 : 17/15
train batch 34: predictions shape=(32, 2), labels shape=(32,)
epoch : 90
batch : 34/39
train accuracy : 0.71875
train pred 0/1 : 15/17 label 0/1 : 18/14
train batch 35: predictions shape=(32, 2), labels shape=(32,)
epoch : 90
batch : 35/39
train accuracy : 0.6875
train pred 0/1 : 19/13 label 0/1 : 13/19
train batch 36: predictions shape=(32, 2), labels shape=(32,)
epoch : 90
batch : 36/39
train accuracy : 0.6875
train pred 0/1 : 15/17 label 0/1 : 13/19
train batch 37: predictions shape=(32, 2), labels shape=(32,)
epoch : 90
batch : 37/39
train accuracy : 0.59375
train pred 0/1 : 16/16 label 0/1 : 19/13
train batch 38: predictions shape=(32, 2), labels shape=(32,)
epoch : 90
batch : 38/39
train accuracy : 0.8125
train pred 0/1 : 12/20 label 0/1 : 14/18
train batch 39: predictions shape=(8, 2), labels shape=(8,)
epoch : 90
batch : 39/39
train accuracy : 0.75
train pred 0/1 : 1/7 label 0/1 : 1/7
VALIDATION
valid batch 1: predictions shape=(32, 2), labels shape=(32,)
valid batch : 1/2
valid accuracy : 0.25
valid pred 0/1 : 26/6 label 0/1 : 8/24
valid batch 2: predictions shape=(23, 2), labels shape=(23,)
valid batch : 2/2
valid accuracy : 0.17391304671764374
valid pred 0/1 : 18/5 label 0/1 : 5/18
valid epoch balanced_accuracy: 0.328755
EPOCH 91:
train batch 1: predictions shape=(32, 2), labels shape=(32,)
epoch : 91
batch : 1/39
train accuracy : 0.75
train pred 0/1 : 11/21 label 0/1 : 15/17
train batch 2: predictions shape=(32, 2), labels shape=(32,)
epoch : 91
batch : 2/39
train accuracy : 0.65625
train pred 0/1 : 20/12 label 0/1 : 13/19
train batch 3: predictions shape=(32, 2), labels shape=(32,)
epoch : 91
batch : 3/39
train accuracy : 0.78125
train pred 0/1 : 15/17 label 0/1 : 14/18
train batch 4: predictions shape=(32, 2), labels shape=(32,)
epoch : 91
batch : 4/39
train accuracy : 0.71875
train pred 0/1 : 20/12 label 0/1 : 21/11
train batch 5: predictions shape=(32, 2), labels shape=(32,)
epoch : 91
batch : 5/39
train accuracy : 0.6875
train pred 0/1 : 20/12 label 0/1 : 14/18
train batch 6: predictions shape=(32, 2), labels shape=(32,)
epoch : 91
batch : 6/39
train accuracy : 0.71875
train pred 0/1 : 15/17 label 0/1 : 12/20
train batch 7: predictions shape=(32, 2), labels shape=(32,)
epoch : 91
batch : 7/39
train accuracy : 0.78125
train pred 0/1 : 20/12 label 0/1 : 15/17
train batch 8: predictions shape=(32, 2), labels shape=(32,)
epoch : 91
batch : 8/39
train accuracy : 0.5625
train pred 0/1 : 16/16 label 0/1 : 14/18
train batch 9: predictions shape=(32, 2), labels shape=(32,)
epoch : 91
batch : 9/39
train accuracy : 0.59375
train pred 0/1 : 20/12 label 0/1 : 11/21
train batch 10: predictions shape=(32, 2), labels shape=(32,)
epoch : 91
batch : 10/39
train accuracy : 0.75
train pred 0/1 : 20/12 label 0/1 : 16/16
train batch 11: predictions shape=(32, 2), labels shape=(32,)
epoch : 91
batch : 11/39
train accuracy : 0.59375
train pred 0/1 : 26/6 label 0/1 : 15/17
train batch 12: predictions shape=(32, 2), labels shape=(32,)
epoch : 91
batch : 12/39
train accuracy : 0.71875
train pred 0/1 : 19/13 label 0/1 : 16/16
train batch 13: predictions shape=(32, 2), labels shape=(32,)
epoch : 91
batch : 13/39
train accuracy : 0.65625
train pred 0/1 : 18/14 label 0/1 : 11/21
train batch 14: predictions shape=(32, 2), labels shape=(32,)
epoch : 91
batch : 14/39
train accuracy : 0.75
train pred 0/1 : 15/17 label 0/1 : 11/21
train batch 15: predictions shape=(32, 2), labels shape=(32,)
epoch : 91
batch : 15/39
train accuracy : 0.71875
train pred 0/1 : 18/14 label 0/1 : 17/15
train batch 16: predictions shape=(32, 2), labels shape=(32,)
epoch : 91
batch : 16/39
train accuracy : 0.625
train pred 0/1 : 21/11 label 0/1 : 13/19
train batch 17: predictions shape=(32, 2), labels shape=(32,)
epoch : 91
batch : 17/39
train accuracy : 0.71875
train pred 0/1 : 21/11 label 0/1 : 16/16
train batch 18: predictions shape=(32, 2), labels shape=(32,)
epoch : 91
batch : 18/39
train accuracy : 0.6875
train pred 0/1 : 15/17 label 0/1 : 13/19
train batch 19: predictions shape=(32, 2), labels shape=(32,)
epoch : 91
batch : 19/39
train accuracy : 0.6875
train pred 0/1 : 12/20 label 0/1 : 12/20
train batch 20: predictions shape=(32, 2), labels shape=(32,)
epoch : 91
batch : 20/39
train accuracy : 0.6875
train pred 0/1 : 17/15 label 0/1 : 17/15
train batch 21: predictions shape=(32, 2), labels shape=(32,)
epoch : 91
batch : 21/39
train accuracy : 0.6875
train pred 0/1 : 12/20 label 0/1 : 12/20
train batch 22: predictions shape=(32, 2), labels shape=(32,)
epoch : 91
batch : 22/39
train accuracy : 0.65625
train pred 0/1 : 18/14 label 0/1 : 13/19
train batch 23: predictions shape=(32, 2), labels shape=(32,)
epoch : 91
batch : 23/39
train accuracy : 0.6875
train pred 0/1 : 11/21 label 0/1 : 13/19
train batch 24: predictions shape=(32, 2), labels shape=(32,)
epoch : 91
batch : 24/39
train accuracy : 0.59375
train pred 0/1 : 17/15 label 0/1 : 8/24
train batch 25: predictions shape=(32, 2), labels shape=(32,)
epoch : 91
batch : 25/39
train accuracy : 0.6875
train pred 0/1 : 14/18 label 0/1 : 14/18
train batch 26: predictions shape=(32, 2), labels shape=(32,)
epoch : 91
batch : 26/39
train accuracy : 0.71875
train pred 0/1 : 15/17 label 0/1 : 18/14
train batch 27: predictions shape=(32, 2), labels shape=(32,)
epoch : 91
batch : 27/39
train accuracy : 0.78125
train pred 0/1 : 18/14 label 0/1 : 17/15
train batch 28: predictions shape=(32, 2), labels shape=(32,)
epoch : 91
batch : 28/39
train accuracy : 0.59375
train pred 0/1 : 16/16 label 0/1 : 13/19
train batch 29: predictions shape=(32, 2), labels shape=(32,)
epoch : 91
batch : 29/39
train accuracy : 0.6875
train pred 0/1 : 19/13 label 0/1 : 15/17
train batch 30: predictions shape=(32, 2), labels shape=(32,)
epoch : 91
batch : 30/39
train accuracy : 0.65625
train pred 0/1 : 19/13 label 0/1 : 16/16
train batch 31: predictions shape=(32, 2), labels shape=(32,)
epoch : 91
batch : 31/39
train accuracy : 0.5625
train pred 0/1 : 25/7 label 0/1 : 15/17
train batch 32: predictions shape=(32, 2), labels shape=(32,)
epoch : 91
batch : 32/39
train accuracy : 0.78125
train pred 0/1 : 23/9 label 0/1 : 20/12
train batch 33: predictions shape=(32, 2), labels shape=(32,)
epoch : 91
batch : 33/39
train accuracy : 0.71875
train pred 0/1 : 21/11 label 0/1 : 14/18
train batch 34: predictions shape=(32, 2), labels shape=(32,)
epoch : 91
batch : 34/39
train accuracy : 0.71875
train pred 0/1 : 24/8 label 0/1 : 15/17
train batch 35: predictions shape=(32, 2), labels shape=(32,)
epoch : 91
batch : 35/39
train accuracy : 0.8125
train pred 0/1 : 23/9 label 0/1 : 17/15
train batch 36: predictions shape=(32, 2), labels shape=(32,)
epoch : 91
batch : 36/39
train accuracy : 0.6875
train pred 0/1 : 24/8 label 0/1 : 16/16
train batch 37: predictions shape=(32, 2), labels shape=(32,)
epoch : 91
batch : 37/39
train accuracy : 0.5625
train pred 0/1 : 22/10 label 0/1 : 14/18
train batch 38: predictions shape=(32, 2), labels shape=(32,)
epoch : 91
batch : 38/39
train accuracy : 0.6875
train pred 0/1 : 16/16 label 0/1 : 12/20
train batch 39: predictions shape=(8, 2), labels shape=(8,)
epoch : 91
batch : 39/39
train accuracy : 0.875
train pred 0/1 : 2/6 label 0/1 : 1/7
VALIDATION
valid batch 1: predictions shape=(32, 2), labels shape=(32,)
valid batch : 1/2
valid accuracy : 0.21875
valid pred 0/1 : 27/5 label 0/1 : 8/24
valid batch 2: predictions shape=(23, 2), labels shape=(23,)
valid batch : 2/2
valid accuracy : 0.17391304671764374
valid pred 0/1 : 20/3 label 0/1 : 5/18
valid epoch balanced_accuracy: 0.343407
EPOCH 92:
train batch 1: predictions shape=(32, 2), labels shape=(32,)
epoch : 92
batch : 1/39
train accuracy : 0.78125
train pred 0/1 : 20/12 label 0/1 : 19/13
train batch 2: predictions shape=(32, 2), labels shape=(32,)
epoch : 92
batch : 2/39
train accuracy : 0.6875
train pred 0/1 : 19/13 label 0/1 : 19/13
train batch 3: predictions shape=(32, 2), labels shape=(32,)
epoch : 92
batch : 3/39
train accuracy : 0.59375
train pred 0/1 : 23/9 label 0/1 : 14/18
train batch 4: predictions shape=(32, 2), labels shape=(32,)
epoch : 92
batch : 4/39
train accuracy : 0.6875
train pred 0/1 : 14/18 label 0/1 : 8/24
train batch 5: predictions shape=(32, 2), labels shape=(32,)
epoch : 92
batch : 5/39
train accuracy : 0.84375
train pred 0/1 : 18/14 label 0/1 : 17/15
train batch 6: predictions shape=(32, 2), labels shape=(32,)
epoch : 92
batch : 6/39
train accuracy : 0.84375
train pred 0/1 : 17/15 label 0/1 : 16/16
train batch 7: predictions shape=(32, 2), labels shape=(32,)
epoch : 92
batch : 7/39
train accuracy : 0.75
train pred 0/1 : 17/15 label 0/1 : 15/17
train batch 8: predictions shape=(32, 2), labels shape=(32,)
epoch : 92
batch : 8/39
train accuracy : 0.625
train pred 0/1 : 17/15 label 0/1 : 13/19
train batch 9: predictions shape=(32, 2), labels shape=(32,)
epoch : 92
batch : 9/39
train accuracy : 0.65625
train pred 0/1 : 20/12 label 0/1 : 15/17
train batch 10: predictions shape=(32, 2), labels shape=(32,)
epoch : 92
batch : 10/39
train accuracy : 0.75
train pred 0/1 : 21/11 label 0/1 : 17/15
train batch 11: predictions shape=(32, 2), labels shape=(32,)
epoch : 92
batch : 11/39
train accuracy : 0.65625
train pred 0/1 : 12/20 label 0/1 : 15/17
train batch 12: predictions shape=(32, 2), labels shape=(32,)
epoch : 92
batch : 12/39
train accuracy : 0.6875
train pred 0/1 : 18/14 label 0/1 : 18/14
train batch 13: predictions shape=(32, 2), labels shape=(32,)
epoch : 92
batch : 13/39
train accuracy : 0.8125
train pred 0/1 : 15/17 label 0/1 : 19/13
train batch 14: predictions shape=(32, 2), labels shape=(32,)
epoch : 92
batch : 14/39
train accuracy : 0.75
train pred 0/1 : 18/14 label 0/1 : 10/22
train batch 15: predictions shape=(32, 2), labels shape=(32,)
epoch : 92
batch : 15/39
train accuracy : 0.59375
train pred 0/1 : 20/12 label 0/1 : 13/19
train batch 16: predictions shape=(32, 2), labels shape=(32,)
epoch : 92
batch : 16/39
train accuracy : 0.75
train pred 0/1 : 16/16 label 0/1 : 14/18
train batch 17: predictions shape=(32, 2), labels shape=(32,)
epoch : 92
batch : 17/39
train accuracy : 0.75
train pred 0/1 : 18/14 label 0/1 : 12/20
train batch 18: predictions shape=(32, 2), labels shape=(32,)
epoch : 92
batch : 18/39
train accuracy : 0.5625
train pred 0/1 : 18/14 label 0/1 : 12/20
train batch 19: predictions shape=(32, 2), labels shape=(32,)
epoch : 92
batch : 19/39
train accuracy : 0.71875
train pred 0/1 : 17/15 label 0/1 : 12/20
train batch 20: predictions shape=(32, 2), labels shape=(32,)
epoch : 92
batch : 20/39
train accuracy : 0.6875
train pred 0/1 : 16/16 label 0/1 : 14/18
train batch 21: predictions shape=(32, 2), labels shape=(32,)
epoch : 92
batch : 21/39
train accuracy : 0.71875
train pred 0/1 : 20/12 label 0/1 : 17/15
train batch 22: predictions shape=(32, 2), labels shape=(32,)
epoch : 92
batch : 22/39
train accuracy : 0.59375
train pred 0/1 : 22/10 label 0/1 : 9/23
train batch 23: predictions shape=(32, 2), labels shape=(32,)
epoch : 92
batch : 23/39
train accuracy : 0.625
train pred 0/1 : 21/11 label 0/1 : 15/17
train batch 24: predictions shape=(32, 2), labels shape=(32,)
epoch : 92
batch : 24/39
train accuracy : 0.6875
train pred 0/1 : 13/19 label 0/1 : 13/19
train batch 25: predictions shape=(32, 2), labels shape=(32,)
epoch : 92
batch : 25/39
train accuracy : 0.75
train pred 0/1 : 18/14 label 0/1 : 22/10
train batch 26: predictions shape=(32, 2), labels shape=(32,)
epoch : 92
batch : 26/39
train accuracy : 0.53125
train pred 0/1 : 18/14 label 0/1 : 11/21
train batch 27: predictions shape=(32, 2), labels shape=(32,)
epoch : 92
batch : 27/39
train accuracy : 0.78125
train pred 0/1 : 11/21 label 0/1 : 12/20
train batch 28: predictions shape=(32, 2), labels shape=(32,)
epoch : 92
batch : 28/39
train accuracy : 0.65625
train pred 0/1 : 14/18 label 0/1 : 7/25
train batch 29: predictions shape=(32, 2), labels shape=(32,)
epoch : 92
batch : 29/39
train accuracy : 0.875
train pred 0/1 : 16/16 label 0/1 : 18/14
train batch 30: predictions shape=(32, 2), labels shape=(32,)
epoch : 92
batch : 30/39
train accuracy : 0.78125
train pred 0/1 : 13/19 label 0/1 : 14/18
train batch 31: predictions shape=(32, 2), labels shape=(32,)
epoch : 92
batch : 31/39
train accuracy : 0.65625
train pred 0/1 : 12/20 label 0/1 : 11/21
train batch 32: predictions shape=(32, 2), labels shape=(32,)
epoch : 92
batch : 32/39
train accuracy : 0.71875
train pred 0/1 : 19/13 label 0/1 : 18/14
train batch 33: predictions shape=(32, 2), labels shape=(32,)
epoch : 92
batch : 33/39
train accuracy : 0.65625
train pred 0/1 : 12/20 label 0/1 : 17/15
train batch 34: predictions shape=(32, 2), labels shape=(32,)
epoch : 92
batch : 34/39
train accuracy : 0.71875
train pred 0/1 : 22/10 label 0/1 : 15/17
train batch 35: predictions shape=(32, 2), labels shape=(32,)
epoch : 92
batch : 35/39
train accuracy : 0.65625
train pred 0/1 : 20/12 label 0/1 : 11/21
train batch 36: predictions shape=(32, 2), labels shape=(32,)
epoch : 92
batch : 36/39
train accuracy : 0.625
train pred 0/1 : 16/16 label 0/1 : 12/20
train batch 37: predictions shape=(32, 2), labels shape=(32,)
epoch : 92
batch : 37/39
train accuracy : 0.65625
train pred 0/1 : 20/12 label 0/1 : 13/19
train batch 38: predictions shape=(32, 2), labels shape=(32,)
epoch : 92
batch : 38/39
train accuracy : 0.71875
train pred 0/1 : 23/9 label 0/1 : 16/16
train batch 39: predictions shape=(8, 2), labels shape=(8,)
epoch : 92
batch : 39/39
train accuracy : 0.875
train pred 0/1 : 5/3 label 0/1 : 6/2
VALIDATION
valid batch 1: predictions shape=(32, 2), labels shape=(32,)
valid batch : 1/2
valid accuracy : 0.21875
valid pred 0/1 : 28/4 label 0/1 : 7/25
valid batch 2: predictions shape=(23, 2), labels shape=(23,)
valid batch : 2/2
valid accuracy : 0.3478260934352875
valid pred 0/1 : 21/2 label 0/1 : 6/17
valid epoch balanced_accuracy: 0.470696
EPOCH 93:
train batch 1: predictions shape=(32, 2), labels shape=(32,)
epoch : 93
batch : 1/39
train accuracy : 0.59375
train pred 0/1 : 22/10 label 0/1 : 13/19
train batch 2: predictions shape=(32, 2), labels shape=(32,)
epoch : 93
batch : 2/39
train accuracy : 0.75
train pred 0/1 : 16/16 label 0/1 : 14/18
train batch 3: predictions shape=(32, 2), labels shape=(32,)
epoch : 93
batch : 3/39
train accuracy : 0.75
train pred 0/1 : 25/7 label 0/1 : 21/11
train batch 4: predictions shape=(32, 2), labels shape=(32,)
epoch : 93
batch : 4/39
train accuracy : 0.8125
train pred 0/1 : 17/15 label 0/1 : 13/19
train batch 5: predictions shape=(32, 2), labels shape=(32,)
epoch : 93
batch : 5/39
train accuracy : 0.6875
train pred 0/1 : 17/15 label 0/1 : 11/21
train batch 6: predictions shape=(32, 2), labels shape=(32,)
epoch : 93
batch : 6/39
train accuracy : 0.53125
train pred 0/1 : 20/12 label 0/1 : 11/21
train batch 7: predictions shape=(32, 2), labels shape=(32,)
epoch : 93
batch : 7/39
train accuracy : 0.75
train pred 0/1 : 22/10 label 0/1 : 14/18
train batch 8: predictions shape=(32, 2), labels shape=(32,)
epoch : 93
batch : 8/39
train accuracy : 0.6875
train pred 0/1 : 18/14 label 0/1 : 18/14
train batch 9: predictions shape=(32, 2), labels shape=(32,)
epoch : 93
batch : 9/39
train accuracy : 0.8125
train pred 0/1 : 13/19 label 0/1 : 13/19
train batch 10: predictions shape=(32, 2), labels shape=(32,)
epoch : 93
batch : 10/39
train accuracy : 0.78125
train pred 0/1 : 13/19 label 0/1 : 14/18
train batch 11: predictions shape=(32, 2), labels shape=(32,)
epoch : 93
batch : 11/39
train accuracy : 0.59375
train pred 0/1 : 20/12 label 0/1 : 15/17
train batch 12: predictions shape=(32, 2), labels shape=(32,)
epoch : 93
batch : 12/39
train accuracy : 0.71875
train pred 0/1 : 13/19 label 0/1 : 10/22
train batch 13: predictions shape=(32, 2), labels shape=(32,)
epoch : 93
batch : 13/39
train accuracy : 0.6875
train pred 0/1 : 13/19 label 0/1 : 11/21
train batch 14: predictions shape=(32, 2), labels shape=(32,)
epoch : 93
batch : 14/39
train accuracy : 0.65625
train pred 0/1 : 13/19 label 0/1 : 16/16
train batch 15: predictions shape=(32, 2), labels shape=(32,)
epoch : 93
batch : 15/39
train accuracy : 0.84375
train pred 0/1 : 13/19 label 0/1 : 12/20
train batch 16: predictions shape=(32, 2), labels shape=(32,)
epoch : 93
batch : 16/39
train accuracy : 0.84375
train pred 0/1 : 15/17 label 0/1 : 16/16
train batch 17: predictions shape=(32, 2), labels shape=(32,)
epoch : 93
batch : 17/39
train accuracy : 0.78125
train pred 0/1 : 16/16 label 0/1 : 13/19
train batch 18: predictions shape=(32, 2), labels shape=(32,)
epoch : 93
batch : 18/39
train accuracy : 0.6875
train pred 0/1 : 15/17 label 0/1 : 13/19
train batch 19: predictions shape=(32, 2), labels shape=(32,)
epoch : 93
batch : 19/39
train accuracy : 0.6875
train pred 0/1 : 11/21 label 0/1 : 13/19
train batch 20: predictions shape=(32, 2), labels shape=(32,)
epoch : 93
batch : 20/39
train accuracy : 0.65625
train pred 0/1 : 11/21 label 0/1 : 16/16
train batch 21: predictions shape=(32, 2), labels shape=(32,)
epoch : 93
batch : 21/39
train accuracy : 0.65625
train pred 0/1 : 11/21 label 0/1 : 14/18
train batch 22: predictions shape=(32, 2), labels shape=(32,)
epoch : 93
batch : 22/39
train accuracy : 0.71875
train pred 0/1 : 12/20 label 0/1 : 13/19
train batch 23: predictions shape=(32, 2), labels shape=(32,)
epoch : 93
batch : 23/39
train accuracy : 0.8125
train pred 0/1 : 14/18 label 0/1 : 16/16
train batch 24: predictions shape=(32, 2), labels shape=(32,)
epoch : 93
batch : 24/39
train accuracy : 0.71875
train pred 0/1 : 22/10 label 0/1 : 17/15
train batch 25: predictions shape=(32, 2), labels shape=(32,)
epoch : 93
batch : 25/39
train accuracy : 0.59375
train pred 0/1 : 23/9 label 0/1 : 16/16
train batch 26: predictions shape=(32, 2), labels shape=(32,)
epoch : 93
batch : 26/39
train accuracy : 0.65625
train pred 0/1 : 22/10 label 0/1 : 17/15
train batch 27: predictions shape=(32, 2), labels shape=(32,)
epoch : 93
batch : 27/39
train accuracy : 0.6875
train pred 0/1 : 23/9 label 0/1 : 17/15
train batch 28: predictions shape=(32, 2), labels shape=(32,)
epoch : 93
batch : 28/39
train accuracy : 0.65625
train pred 0/1 : 25/7 label 0/1 : 16/16
train batch 29: predictions shape=(32, 2), labels shape=(32,)
epoch : 93
batch : 29/39
train accuracy : 0.625
train pred 0/1 : 21/11 label 0/1 : 13/19
train batch 30: predictions shape=(32, 2), labels shape=(32,)
epoch : 93
batch : 30/39
train accuracy : 0.65625
train pred 0/1 : 19/13 label 0/1 : 12/20
train batch 31: predictions shape=(32, 2), labels shape=(32,)
epoch : 93
batch : 31/39
train accuracy : 0.53125
train pred 0/1 : 26/6 label 0/1 : 17/15
train batch 32: predictions shape=(32, 2), labels shape=(32,)
epoch : 93
batch : 32/39
train accuracy : 0.59375
train pred 0/1 : 23/9 label 0/1 : 12/20
train batch 33: predictions shape=(32, 2), labels shape=(32,)
epoch : 93
batch : 33/39
train accuracy : 0.6875
train pred 0/1 : 27/5 label 0/1 : 19/13
train batch 34: predictions shape=(32, 2), labels shape=(32,)
epoch : 93
batch : 34/39
train accuracy : 0.65625
train pred 0/1 : 25/7 label 0/1 : 16/16
train batch 35: predictions shape=(32, 2), labels shape=(32,)
epoch : 93
batch : 35/39
train accuracy : 0.59375
train pred 0/1 : 23/9 label 0/1 : 14/18
train batch 36: predictions shape=(32, 2), labels shape=(32,)
epoch : 93
batch : 36/39
train accuracy : 0.625
train pred 0/1 : 16/16 label 0/1 : 12/20
train batch 37: predictions shape=(32, 2), labels shape=(32,)
epoch : 93
batch : 37/39
train accuracy : 0.75
train pred 0/1 : 13/19 label 0/1 : 13/19
train batch 38: predictions shape=(32, 2), labels shape=(32,)
epoch : 93
batch : 38/39
train accuracy : 0.71875
train pred 0/1 : 18/14 label 0/1 : 15/17
train batch 39: predictions shape=(8, 2), labels shape=(8,)
epoch : 93
batch : 39/39
train accuracy : 0.5
train pred 0/1 : 5/3 label 0/1 : 3/5
VALIDATION
valid batch 1: predictions shape=(32, 2), labels shape=(32,)
valid batch : 1/2
valid accuracy : 0.21875
valid pred 0/1 : 27/5 label 0/1 : 8/24
valid batch 2: predictions shape=(23, 2), labels shape=(23,)
valid batch : 2/2
valid accuracy : 0.260869562625885
valid pred 0/1 : 18/5 label 0/1 : 5/18
valid epoch balanced_accuracy: 0.367216
EPOCH 94:
train batch 1: predictions shape=(32, 2), labels shape=(32,)
epoch : 94
batch : 1/39
train accuracy : 0.71875
train pred 0/1 : 11/21 label 0/1 : 16/16
train batch 2: predictions shape=(32, 2), labels shape=(32,)
epoch : 94
batch : 2/39
train accuracy : 0.8125
train pred 0/1 : 13/19 label 0/1 : 13/19
train batch 3: predictions shape=(32, 2), labels shape=(32,)
epoch : 94
batch : 3/39
train accuracy : 0.59375
train pred 0/1 : 14/18 label 0/1 : 17/15
train batch 4: predictions shape=(32, 2), labels shape=(32,)
epoch : 94
batch : 4/39
train accuracy : 0.8125
train pred 0/1 : 13/19 label 0/1 : 13/19
train batch 5: predictions shape=(32, 2), labels shape=(32,)
epoch : 94
batch : 5/39
train accuracy : 0.65625
train pred 0/1 : 9/23 label 0/1 : 16/16
train batch 6: predictions shape=(32, 2), labels shape=(32,)
epoch : 94
batch : 6/39
train accuracy : 0.65625
train pred 0/1 : 9/23 label 0/1 : 16/16
train batch 7: predictions shape=(32, 2), labels shape=(32,)
epoch : 94
batch : 7/39
train accuracy : 0.75
train pred 0/1 : 12/20 label 0/1 : 10/22
train batch 8: predictions shape=(32, 2), labels shape=(32,)
epoch : 94
batch : 8/39
train accuracy : 0.71875
train pred 0/1 : 12/20 label 0/1 : 13/19
train batch 9: predictions shape=(32, 2), labels shape=(32,)
epoch : 94
batch : 9/39
train accuracy : 0.59375
train pred 0/1 : 9/23 label 0/1 : 14/18
train batch 10: predictions shape=(32, 2), labels shape=(32,)
epoch : 94
batch : 10/39
train accuracy : 0.6875
train pred 0/1 : 10/22 label 0/1 : 20/12
train batch 11: predictions shape=(32, 2), labels shape=(32,)
epoch : 94
batch : 11/39
train accuracy : 0.6875
train pred 0/1 : 10/22 label 0/1 : 14/18
train batch 12: predictions shape=(32, 2), labels shape=(32,)
epoch : 94
batch : 12/39
train accuracy : 0.6875
train pred 0/1 : 10/22 label 0/1 : 16/16
train batch 13: predictions shape=(32, 2), labels shape=(32,)
epoch : 94
batch : 13/39
train accuracy : 0.65625
train pred 0/1 : 11/21 label 0/1 : 14/18
train batch 14: predictions shape=(32, 2), labels shape=(32,)
epoch : 94
batch : 14/39
train accuracy : 0.71875
train pred 0/1 : 9/23 label 0/1 : 16/16
train batch 15: predictions shape=(32, 2), labels shape=(32,)
epoch : 94
batch : 15/39
train accuracy : 0.65625
train pred 0/1 : 14/18 label 0/1 : 15/17
train batch 16: predictions shape=(32, 2), labels shape=(32,)
epoch : 94
batch : 16/39
train accuracy : 0.8125
train pred 0/1 : 10/22 label 0/1 : 10/22
train batch 17: predictions shape=(32, 2), labels shape=(32,)
epoch : 94
batch : 17/39
train accuracy : 0.5625
train pred 0/1 : 14/18 label 0/1 : 18/14
train batch 18: predictions shape=(32, 2), labels shape=(32,)
epoch : 94
batch : 18/39
train accuracy : 0.8125
train pred 0/1 : 18/14 label 0/1 : 18/14
train batch 19: predictions shape=(32, 2), labels shape=(32,)
epoch : 94
batch : 19/39
train accuracy : 0.6875
train pred 0/1 : 16/16 label 0/1 : 14/18
train batch 20: predictions shape=(32, 2), labels shape=(32,)
epoch : 94
batch : 20/39
train accuracy : 0.625
train pred 0/1 : 20/12 label 0/1 : 16/16
train batch 21: predictions shape=(32, 2), labels shape=(32,)
epoch : 94
batch : 21/39
train accuracy : 0.6875
train pred 0/1 : 20/12 label 0/1 : 10/22
train batch 22: predictions shape=(32, 2), labels shape=(32,)
epoch : 94
batch : 22/39
train accuracy : 0.625
train pred 0/1 : 22/10 label 0/1 : 12/20
train batch 23: predictions shape=(32, 2), labels shape=(32,)
epoch : 94
batch : 23/39
train accuracy : 0.53125
train pred 0/1 : 23/9 label 0/1 : 12/20
train batch 24: predictions shape=(32, 2), labels shape=(32,)
epoch : 94
batch : 24/39
train accuracy : 0.625
train pred 0/1 : 21/11 label 0/1 : 17/15
train batch 25: predictions shape=(32, 2), labels shape=(32,)
epoch : 94
batch : 25/39
train accuracy : 0.53125
train pred 0/1 : 17/15 label 0/1 : 8/24
train batch 26: predictions shape=(32, 2), labels shape=(32,)
epoch : 94
batch : 26/39
train accuracy : 0.71875
train pred 0/1 : 21/11 label 0/1 : 14/18
train batch 27: predictions shape=(32, 2), labels shape=(32,)
epoch : 94
batch : 27/39
train accuracy : 0.78125
train pred 0/1 : 22/10 label 0/1 : 15/17
train batch 28: predictions shape=(32, 2), labels shape=(32,)
epoch : 94
batch : 28/39
train accuracy : 0.6875
train pred 0/1 : 19/13 label 0/1 : 13/19
train batch 29: predictions shape=(32, 2), labels shape=(32,)
epoch : 94
batch : 29/39
train accuracy : 0.71875
train pred 0/1 : 20/12 label 0/1 : 15/17
train batch 30: predictions shape=(32, 2), labels shape=(32,)
epoch : 94
batch : 30/39
train accuracy : 0.71875
train pred 0/1 : 19/13 label 0/1 : 14/18
train batch 31: predictions shape=(32, 2), labels shape=(32,)
epoch : 94
batch : 31/39
train accuracy : 0.78125
train pred 0/1 : 17/15 label 0/1 : 18/14
train batch 32: predictions shape=(32, 2), labels shape=(32,)
epoch : 94
batch : 32/39
train accuracy : 0.78125
train pred 0/1 : 19/13 label 0/1 : 18/14
train batch 33: predictions shape=(32, 2), labels shape=(32,)
epoch : 94
batch : 33/39
train accuracy : 0.75
train pred 0/1 : 8/24 label 0/1 : 12/20
train batch 34: predictions shape=(32, 2), labels shape=(32,)
epoch : 94
batch : 34/39
train accuracy : 0.6875
train pred 0/1 : 18/14 label 0/1 : 16/16
train batch 35: predictions shape=(32, 2), labels shape=(32,)
epoch : 94
batch : 35/39
train accuracy : 0.5625
train pred 0/1 : 15/17 label 0/1 : 15/17
train batch 36: predictions shape=(32, 2), labels shape=(32,)
epoch : 94
batch : 36/39
train accuracy : 0.78125
train pred 0/1 : 16/16 label 0/1 : 9/23
train batch 37: predictions shape=(32, 2), labels shape=(32,)
epoch : 94
batch : 37/39
train accuracy : 0.6875
train pred 0/1 : 17/15 label 0/1 : 13/19
train batch 38: predictions shape=(32, 2), labels shape=(32,)
epoch : 94
batch : 38/39
train accuracy : 0.65625
train pred 0/1 : 21/11 label 0/1 : 14/18
train batch 39: predictions shape=(8, 2), labels shape=(8,)
epoch : 94
batch : 39/39
train accuracy : 0.75
train pred 0/1 : 7/1 label 0/1 : 5/3
VALIDATION
valid batch 1: predictions shape=(32, 2), labels shape=(32,)
valid batch : 1/2
valid accuracy : 0.21875
valid pred 0/1 : 29/3 label 0/1 : 8/24
valid batch 2: predictions shape=(23, 2), labels shape=(23,)
valid batch : 2/2
valid accuracy : 0.17391304671764374
valid pred 0/1 : 18/5 label 0/1 : 5/18
valid epoch balanced_accuracy: 0.343407
EPOCH 95:
train batch 1: predictions shape=(32, 2), labels shape=(32,)
epoch : 95
batch : 1/39
train accuracy : 0.75
train pred 0/1 : 17/15 label 0/1 : 11/21
train batch 2: predictions shape=(32, 2), labels shape=(32,)
epoch : 95
batch : 2/39
train accuracy : 0.75
train pred 0/1 : 20/12 label 0/1 : 12/20
train batch 3: predictions shape=(32, 2), labels shape=(32,)
epoch : 95
batch : 3/39
train accuracy : 0.78125
train pred 0/1 : 18/14 label 0/1 : 17/15
train batch 4: predictions shape=(32, 2), labels shape=(32,)
epoch : 95
batch : 4/39
train accuracy : 0.75
train pred 0/1 : 16/16 label 0/1 : 14/18
train batch 5: predictions shape=(32, 2), labels shape=(32,)
epoch : 95
batch : 5/39
train accuracy : 0.625
train pred 0/1 : 14/18 label 0/1 : 12/20
train batch 6: predictions shape=(32, 2), labels shape=(32,)
epoch : 95
batch : 6/39
train accuracy : 0.8125
train pred 0/1 : 17/15 label 0/1 : 13/19
train batch 7: predictions shape=(32, 2), labels shape=(32,)
epoch : 95
batch : 7/39
train accuracy : 0.625
train pred 0/1 : 15/17 label 0/1 : 15/17
train batch 8: predictions shape=(32, 2), labels shape=(32,)
epoch : 95
batch : 8/39
train accuracy : 0.71875
train pred 0/1 : 18/14 label 0/1 : 9/23
train batch 9: predictions shape=(32, 2), labels shape=(32,)
epoch : 95
batch : 9/39
train accuracy : 0.78125
train pred 0/1 : 16/16 label 0/1 : 13/19
train batch 10: predictions shape=(32, 2), labels shape=(32,)
epoch : 95
batch : 10/39
train accuracy : 0.78125
train pred 0/1 : 18/14 label 0/1 : 15/17
train batch 11: predictions shape=(32, 2), labels shape=(32,)
epoch : 95
batch : 11/39
train accuracy : 0.65625
train pred 0/1 : 18/14 label 0/1 : 17/15
train batch 12: predictions shape=(32, 2), labels shape=(32,)
epoch : 95
batch : 12/39
train accuracy : 0.71875
train pred 0/1 : 20/12 label 0/1 : 15/17
train batch 13: predictions shape=(32, 2), labels shape=(32,)
epoch : 95
batch : 13/39
train accuracy : 0.71875
train pred 0/1 : 15/17 label 0/1 : 14/18
train batch 14: predictions shape=(32, 2), labels shape=(32,)
epoch : 95
batch : 14/39
train accuracy : 0.6875
train pred 0/1 : 17/15 label 0/1 : 7/25
train batch 15: predictions shape=(32, 2), labels shape=(32,)
epoch : 95
batch : 15/39
train accuracy : 0.65625
train pred 0/1 : 20/12 label 0/1 : 17/15
train batch 16: predictions shape=(32, 2), labels shape=(32,)
epoch : 95
batch : 16/39
train accuracy : 0.75
train pred 0/1 : 20/12 label 0/1 : 16/16
train batch 17: predictions shape=(32, 2), labels shape=(32,)
epoch : 95
batch : 17/39
train accuracy : 0.65625
train pred 0/1 : 22/10 label 0/1 : 15/17
train batch 18: predictions shape=(32, 2), labels shape=(32,)
epoch : 95
batch : 18/39
train accuracy : 0.75
train pred 0/1 : 22/10 label 0/1 : 18/14
train batch 19: predictions shape=(32, 2), labels shape=(32,)
epoch : 95
batch : 19/39
train accuracy : 0.78125
train pred 0/1 : 20/12 label 0/1 : 15/17
train batch 20: predictions shape=(32, 2), labels shape=(32,)
epoch : 95
batch : 20/39
train accuracy : 0.6875
train pred 0/1 : 21/11 label 0/1 : 17/15
train batch 21: predictions shape=(32, 2), labels shape=(32,)
epoch : 95
batch : 21/39
train accuracy : 0.625
train pred 0/1 : 27/5 label 0/1 : 15/17
train batch 22: predictions shape=(32, 2), labels shape=(32,)
epoch : 95
batch : 22/39
train accuracy : 0.75
train pred 0/1 : 18/14 label 0/1 : 10/22
train batch 23: predictions shape=(32, 2), labels shape=(32,)
epoch : 95
batch : 23/39
train accuracy : 0.78125
train pred 0/1 : 16/16 label 0/1 : 15/17
train batch 24: predictions shape=(32, 2), labels shape=(32,)
epoch : 95
batch : 24/39
train accuracy : 0.625
train pred 0/1 : 22/10 label 0/1 : 18/14
train batch 25: predictions shape=(32, 2), labels shape=(32,)
epoch : 95
batch : 25/39
train accuracy : 0.65625
train pred 0/1 : 21/11 label 0/1 : 16/16
train batch 26: predictions shape=(32, 2), labels shape=(32,)
epoch : 95
batch : 26/39
train accuracy : 0.78125
train pred 0/1 : 16/16 label 0/1 : 17/15
train batch 27: predictions shape=(32, 2), labels shape=(32,)
epoch : 95
batch : 27/39
train accuracy : 0.8125
train pred 0/1 : 14/18 label 0/1 : 14/18
train batch 28: predictions shape=(32, 2), labels shape=(32,)
epoch : 95
batch : 28/39
train accuracy : 0.71875
train pred 0/1 : 17/15 label 0/1 : 16/16
train batch 29: predictions shape=(32, 2), labels shape=(32,)
epoch : 95
batch : 29/39
train accuracy : 0.65625
train pred 0/1 : 21/11 label 0/1 : 16/16
train batch 30: predictions shape=(32, 2), labels shape=(32,)
epoch : 95
batch : 30/39
train accuracy : 0.6875
train pred 0/1 : 16/16 label 0/1 : 14/18
train batch 31: predictions shape=(32, 2), labels shape=(32,)
epoch : 95
batch : 31/39
train accuracy : 0.75
train pred 0/1 : 18/14 label 0/1 : 12/20
train batch 32: predictions shape=(32, 2), labels shape=(32,)
epoch : 95
batch : 32/39
train accuracy : 0.625
train pred 0/1 : 15/17 label 0/1 : 21/11
train batch 33: predictions shape=(32, 2), labels shape=(32,)
epoch : 95
batch : 33/39
train accuracy : 0.53125
train pred 0/1 : 19/13 label 0/1 : 12/20
train batch 34: predictions shape=(32, 2), labels shape=(32,)
epoch : 95
batch : 34/39
train accuracy : 0.8125
train pred 0/1 : 15/17 label 0/1 : 15/17
train batch 35: predictions shape=(32, 2), labels shape=(32,)
epoch : 95
batch : 35/39
train accuracy : 0.59375
train pred 0/1 : 17/15 label 0/1 : 8/24
train batch 36: predictions shape=(32, 2), labels shape=(32,)
epoch : 95
batch : 36/39
train accuracy : 0.59375
train pred 0/1 : 14/18 label 0/1 : 15/17
train batch 37: predictions shape=(32, 2), labels shape=(32,)
epoch : 95
batch : 37/39
train accuracy : 0.71875
train pred 0/1 : 15/17 label 0/1 : 12/20
train batch 38: predictions shape=(32, 2), labels shape=(32,)
epoch : 95
batch : 38/39
train accuracy : 0.59375
train pred 0/1 : 16/16 label 0/1 : 19/13
train batch 39: predictions shape=(8, 2), labels shape=(8,)
epoch : 95
batch : 39/39
train accuracy : 0.75
train pred 0/1 : 2/6 label 0/1 : 2/6
VALIDATION
valid batch 1: predictions shape=(32, 2), labels shape=(32,)
valid batch : 1/2
valid accuracy : 0.25
valid pred 0/1 : 23/9 label 0/1 : 9/23
valid batch 2: predictions shape=(23, 2), labels shape=(23,)
valid batch : 2/2
valid accuracy : 0.08695652335882187
valid pred 0/1 : 21/2 label 0/1 : 4/19
valid epoch balanced_accuracy: 0.278388
EPOCH 96:
train batch 1: predictions shape=(32, 2), labels shape=(32,)
epoch : 96
batch : 1/39
train accuracy : 0.5625
train pred 0/1 : 13/19 label 0/1 : 17/15
train batch 2: predictions shape=(32, 2), labels shape=(32,)
epoch : 96
batch : 2/39
train accuracy : 0.90625
train pred 0/1 : 10/22 label 0/1 : 11/21
train batch 3: predictions shape=(32, 2), labels shape=(32,)
epoch : 96
batch : 3/39
train accuracy : 0.78125
train pred 0/1 : 10/22 label 0/1 : 11/21
train batch 4: predictions shape=(32, 2), labels shape=(32,)
epoch : 96
batch : 4/39
train accuracy : 0.71875
train pred 0/1 : 10/22 label 0/1 : 15/17
train batch 5: predictions shape=(32, 2), labels shape=(32,)
epoch : 96
batch : 5/39
train accuracy : 0.6875
train pred 0/1 : 5/27 label 0/1 : 13/19
train batch 6: predictions shape=(32, 2), labels shape=(32,)
epoch : 96
batch : 6/39
train accuracy : 0.71875
train pred 0/1 : 7/25 label 0/1 : 16/16
train batch 7: predictions shape=(32, 2), labels shape=(32,)
epoch : 96
batch : 7/39
train accuracy : 0.53125
train pred 0/1 : 14/18 label 0/1 : 13/19
train batch 8: predictions shape=(32, 2), labels shape=(32,)
epoch : 96
batch : 8/39
train accuracy : 0.65625
train pred 0/1 : 12/20 label 0/1 : 17/15
train batch 9: predictions shape=(32, 2), labels shape=(32,)
epoch : 96
batch : 9/39
train accuracy : 0.625
train pred 0/1 : 9/23 label 0/1 : 13/19
train batch 10: predictions shape=(32, 2), labels shape=(32,)
epoch : 96
batch : 10/39
train accuracy : 0.6875
train pred 0/1 : 11/21 label 0/1 : 17/15
train batch 11: predictions shape=(32, 2), labels shape=(32,)
epoch : 96
batch : 11/39
train accuracy : 0.90625
train pred 0/1 : 18/14 label 0/1 : 17/15
train batch 12: predictions shape=(32, 2), labels shape=(32,)
epoch : 96
batch : 12/39
train accuracy : 0.65625
train pred 0/1 : 17/15 label 0/1 : 20/12
train batch 13: predictions shape=(32, 2), labels shape=(32,)
epoch : 96
batch : 13/39
train accuracy : 0.78125
train pred 0/1 : 9/23 label 0/1 : 10/22
train batch 14: predictions shape=(32, 2), labels shape=(32,)
epoch : 96
batch : 14/39
train accuracy : 0.75
train pred 0/1 : 10/22 label 0/1 : 14/18
train batch 15: predictions shape=(32, 2), labels shape=(32,)
epoch : 96
batch : 15/39
train accuracy : 0.625
train pred 0/1 : 14/18 label 0/1 : 16/16
train batch 16: predictions shape=(32, 2), labels shape=(32,)
epoch : 96
batch : 16/39
train accuracy : 0.59375
train pred 0/1 : 16/16 label 0/1 : 17/15
train batch 17: predictions shape=(32, 2), labels shape=(32,)
epoch : 96
batch : 17/39
train accuracy : 0.71875
train pred 0/1 : 9/23 label 0/1 : 14/18
train batch 18: predictions shape=(32, 2), labels shape=(32,)
epoch : 96
batch : 18/39
train accuracy : 0.6875
train pred 0/1 : 13/19 label 0/1 : 13/19
train batch 19: predictions shape=(32, 2), labels shape=(32,)
epoch : 96
batch : 19/39
train accuracy : 0.78125
train pred 0/1 : 9/23 label 0/1 : 8/24
train batch 20: predictions shape=(32, 2), labels shape=(32,)
epoch : 96
batch : 20/39
train accuracy : 0.65625
train pred 0/1 : 18/14 label 0/1 : 15/17
train batch 21: predictions shape=(32, 2), labels shape=(32,)
epoch : 96
batch : 21/39
train accuracy : 0.65625
train pred 0/1 : 19/13 label 0/1 : 16/16
train batch 22: predictions shape=(32, 2), labels shape=(32,)
epoch : 96
batch : 22/39
train accuracy : 0.59375
train pred 0/1 : 13/19 label 0/1 : 16/16
train batch 23: predictions shape=(32, 2), labels shape=(32,)
epoch : 96
batch : 23/39
train accuracy : 0.65625
train pred 0/1 : 17/15 label 0/1 : 10/22
train batch 24: predictions shape=(32, 2), labels shape=(32,)
epoch : 96
batch : 24/39
train accuracy : 0.8125
train pred 0/1 : 16/16 label 0/1 : 14/18
train batch 25: predictions shape=(32, 2), labels shape=(32,)
epoch : 96
batch : 25/39
train accuracy : 0.625
train pred 0/1 : 16/16 label 0/1 : 8/24
train batch 26: predictions shape=(32, 2), labels shape=(32,)
epoch : 96
batch : 26/39
train accuracy : 0.78125
train pred 0/1 : 15/17 label 0/1 : 14/18
train batch 27: predictions shape=(32, 2), labels shape=(32,)
epoch : 96
batch : 27/39
train accuracy : 0.84375
train pred 0/1 : 12/20 label 0/1 : 13/19
train batch 28: predictions shape=(32, 2), labels shape=(32,)
epoch : 96
batch : 28/39
train accuracy : 0.6875
train pred 0/1 : 18/14 label 0/1 : 18/14
train batch 29: predictions shape=(32, 2), labels shape=(32,)
epoch : 96
batch : 29/39
train accuracy : 0.75
train pred 0/1 : 11/21 label 0/1 : 15/17
train batch 30: predictions shape=(32, 2), labels shape=(32,)
epoch : 96
batch : 30/39
train accuracy : 0.78125
train pred 0/1 : 9/23 label 0/1 : 14/18
train batch 31: predictions shape=(32, 2), labels shape=(32,)
epoch : 96
batch : 31/39
train accuracy : 0.71875
train pred 0/1 : 9/23 label 0/1 : 14/18
train batch 32: predictions shape=(32, 2), labels shape=(32,)
epoch : 96
batch : 32/39
train accuracy : 0.8125
train pred 0/1 : 8/24 label 0/1 : 12/20
train batch 33: predictions shape=(32, 2), labels shape=(32,)
epoch : 96
batch : 33/39
train accuracy : 0.59375
train pred 0/1 : 7/25 label 0/1 : 10/22
train batch 34: predictions shape=(32, 2), labels shape=(32,)
epoch : 96
batch : 34/39
train accuracy : 0.71875
train pred 0/1 : 12/20 label 0/1 : 17/15
train batch 35: predictions shape=(32, 2), labels shape=(32,)
epoch : 96
batch : 35/39
train accuracy : 0.78125
train pred 0/1 : 9/23 label 0/1 : 14/18
train batch 36: predictions shape=(32, 2), labels shape=(32,)
epoch : 96
batch : 36/39
train accuracy : 0.75
train pred 0/1 : 17/15 label 0/1 : 15/17
train batch 37: predictions shape=(32, 2), labels shape=(32,)
epoch : 96
batch : 37/39
train accuracy : 0.71875
train pred 0/1 : 13/19 label 0/1 : 18/14
train batch 38: predictions shape=(32, 2), labels shape=(32,)
epoch : 96
batch : 38/39
train accuracy : 0.65625
train pred 0/1 : 16/16 label 0/1 : 19/13
train batch 39: predictions shape=(8, 2), labels shape=(8,)
epoch : 96
batch : 39/39
train accuracy : 0.625
train pred 0/1 : 2/6 label 0/1 : 5/3
VALIDATION
valid batch 1: predictions shape=(32, 2), labels shape=(32,)
valid batch : 1/2
valid accuracy : 0.28125
valid pred 0/1 : 25/7 label 0/1 : 10/22
valid batch 2: predictions shape=(23, 2), labels shape=(23,)
valid batch : 2/2
valid accuracy : 0.17391304671764374
valid pred 0/1 : 20/3 label 0/1 : 3/20
valid epoch balanced_accuracy: 0.367216
EPOCH 97:
train batch 1: predictions shape=(32, 2), labels shape=(32,)
epoch : 97
batch : 1/39
train accuracy : 0.75
train pred 0/1 : 14/18 label 0/1 : 18/14
train batch 2: predictions shape=(32, 2), labels shape=(32,)
epoch : 97
batch : 2/39
train accuracy : 0.71875
train pred 0/1 : 19/13 label 0/1 : 12/20
train batch 3: predictions shape=(32, 2), labels shape=(32,)
epoch : 97
batch : 3/39
train accuracy : 0.6875
train pred 0/1 : 18/14 label 0/1 : 16/16
train batch 4: predictions shape=(32, 2), labels shape=(32,)
epoch : 97
batch : 4/39
train accuracy : 0.5625
train pred 0/1 : 21/11 label 0/1 : 15/17
train batch 5: predictions shape=(32, 2), labels shape=(32,)
epoch : 97
batch : 5/39
train accuracy : 0.8125
train pred 0/1 : 17/15 label 0/1 : 13/19
train batch 6: predictions shape=(32, 2), labels shape=(32,)
epoch : 97
batch : 6/39
train accuracy : 0.75
train pred 0/1 : 22/10 label 0/1 : 18/14
train batch 7: predictions shape=(32, 2), labels shape=(32,)
epoch : 97
batch : 7/39
train accuracy : 0.6875
train pred 0/1 : 21/11 label 0/1 : 11/21
train batch 8: predictions shape=(32, 2), labels shape=(32,)
epoch : 97
batch : 8/39
train accuracy : 0.78125
train pred 0/1 : 19/13 label 0/1 : 20/12
train batch 9: predictions shape=(32, 2), labels shape=(32,)
epoch : 97
batch : 9/39
train accuracy : 0.65625
train pred 0/1 : 19/13 label 0/1 : 16/16
train batch 10: predictions shape=(32, 2), labels shape=(32,)
epoch : 97
batch : 10/39
train accuracy : 0.78125
train pred 0/1 : 9/23 label 0/1 : 12/20
train batch 11: predictions shape=(32, 2), labels shape=(32,)
epoch : 97
batch : 11/39
train accuracy : 0.71875
train pred 0/1 : 17/15 label 0/1 : 16/16
train batch 12: predictions shape=(32, 2), labels shape=(32,)
epoch : 97
batch : 12/39
train accuracy : 0.71875
train pred 0/1 : 13/19 label 0/1 : 16/16
train batch 13: predictions shape=(32, 2), labels shape=(32,)
epoch : 97
batch : 13/39
train accuracy : 0.6875
train pred 0/1 : 13/19 label 0/1 : 15/17
train batch 14: predictions shape=(32, 2), labels shape=(32,)
epoch : 97
batch : 14/39
train accuracy : 0.6875
train pred 0/1 : 8/24 label 0/1 : 10/22
train batch 15: predictions shape=(32, 2), labels shape=(32,)
epoch : 97
batch : 15/39
train accuracy : 0.5625
train pred 0/1 : 14/18 label 0/1 : 16/16
train batch 16: predictions shape=(32, 2), labels shape=(32,)
epoch : 97
batch : 16/39
train accuracy : 0.78125
train pred 0/1 : 14/18 label 0/1 : 17/15
train batch 17: predictions shape=(32, 2), labels shape=(32,)
epoch : 97
batch : 17/39
train accuracy : 0.78125
train pred 0/1 : 18/14 label 0/1 : 13/19
train batch 18: predictions shape=(32, 2), labels shape=(32,)
epoch : 97
batch : 18/39
train accuracy : 0.8125
train pred 0/1 : 15/17 label 0/1 : 13/19
train batch 19: predictions shape=(32, 2), labels shape=(32,)
epoch : 97
batch : 19/39
train accuracy : 0.6875
train pred 0/1 : 7/25 label 0/1 : 17/15
train batch 20: predictions shape=(32, 2), labels shape=(32,)
epoch : 97
batch : 20/39
train accuracy : 0.78125
train pred 0/1 : 9/23 label 0/1 : 12/20
train batch 21: predictions shape=(32, 2), labels shape=(32,)
epoch : 97
batch : 21/39
train accuracy : 0.59375
train pred 0/1 : 15/17 label 0/1 : 16/16
train batch 22: predictions shape=(32, 2), labels shape=(32,)
epoch : 97
batch : 22/39
train accuracy : 0.65625
train pred 0/1 : 16/16 label 0/1 : 15/17
train batch 23: predictions shape=(32, 2), labels shape=(32,)
epoch : 97
batch : 23/39
train accuracy : 0.75
train pred 0/1 : 11/21 label 0/1 : 13/19
train batch 24: predictions shape=(32, 2), labels shape=(32,)
epoch : 97
batch : 24/39
train accuracy : 0.71875
train pred 0/1 : 18/14 label 0/1 : 13/19
train batch 25: predictions shape=(32, 2), labels shape=(32,)
epoch : 97
batch : 25/39
train accuracy : 0.6875
train pred 0/1 : 17/15 label 0/1 : 17/15
train batch 26: predictions shape=(32, 2), labels shape=(32,)
epoch : 97
batch : 26/39
train accuracy : 0.8125
train pred 0/1 : 16/16 label 0/1 : 14/18
train batch 27: predictions shape=(32, 2), labels shape=(32,)
epoch : 97
batch : 27/39
train accuracy : 0.71875
train pred 0/1 : 18/14 label 0/1 : 13/19
train batch 28: predictions shape=(32, 2), labels shape=(32,)
epoch : 97
batch : 28/39
train accuracy : 0.6875
train pred 0/1 : 17/15 label 0/1 : 13/19
train batch 29: predictions shape=(32, 2), labels shape=(32,)
epoch : 97
batch : 29/39
train accuracy : 0.65625
train pred 0/1 : 19/13 label 0/1 : 16/16
train batch 30: predictions shape=(32, 2), labels shape=(32,)
epoch : 97
batch : 30/39
train accuracy : 0.65625
train pred 0/1 : 15/17 label 0/1 : 12/20
train batch 31: predictions shape=(32, 2), labels shape=(32,)
epoch : 97
batch : 31/39
train accuracy : 0.75
train pred 0/1 : 16/16 label 0/1 : 16/16
train batch 32: predictions shape=(32, 2), labels shape=(32,)
epoch : 97
batch : 32/39
train accuracy : 0.5
train pred 0/1 : 19/13 label 0/1 : 9/23
train batch 33: predictions shape=(32, 2), labels shape=(32,)
epoch : 97
batch : 33/39
train accuracy : 0.65625
train pred 0/1 : 16/16 label 0/1 : 19/13
train batch 34: predictions shape=(32, 2), labels shape=(32,)
epoch : 97
batch : 34/39
train accuracy : 0.65625
train pred 0/1 : 14/18 label 0/1 : 13/19
train batch 35: predictions shape=(32, 2), labels shape=(32,)
epoch : 97
batch : 35/39
train accuracy : 0.78125
train pred 0/1 : 12/20 label 0/1 : 17/15
train batch 36: predictions shape=(32, 2), labels shape=(32,)
epoch : 97
batch : 36/39
train accuracy : 0.75
train pred 0/1 : 11/21 label 0/1 : 11/21
train batch 37: predictions shape=(32, 2), labels shape=(32,)
epoch : 97
batch : 37/39
train accuracy : 0.6875
train pred 0/1 : 12/20 label 0/1 : 14/18
train batch 38: predictions shape=(32, 2), labels shape=(32,)
epoch : 97
batch : 38/39
train accuracy : 0.71875
train pred 0/1 : 14/18 label 0/1 : 7/25
train batch 39: predictions shape=(8, 2), labels shape=(8,)
epoch : 97
batch : 39/39
train accuracy : 0.5
train pred 0/1 : 3/5 label 0/1 : 5/3
VALIDATION
valid batch 1: predictions shape=(32, 2), labels shape=(32,)
valid batch : 1/2
valid accuracy : 0.125
valid pred 0/1 : 25/7 label 0/1 : 7/25
valid batch 2: predictions shape=(23, 2), labels shape=(23,)
valid batch : 2/2
valid accuracy : 0.30434784293174744
valid pred 0/1 : 18/5 label 0/1 : 6/17
valid epoch balanced_accuracy: 0.290293
EPOCH 98:
train batch 1: predictions shape=(32, 2), labels shape=(32,)
epoch : 98
batch : 1/39
train accuracy : 0.625
train pred 0/1 : 15/17 label 0/1 : 13/19
train batch 2: predictions shape=(32, 2), labels shape=(32,)
epoch : 98
batch : 2/39
train accuracy : 0.78125
train pred 0/1 : 9/23 label 0/1 : 10/22
train batch 3: predictions shape=(32, 2), labels shape=(32,)
epoch : 98
batch : 3/39
train accuracy : 0.5625
train pred 0/1 : 20/12 label 0/1 : 12/20
train batch 4: predictions shape=(32, 2), labels shape=(32,)
epoch : 98
batch : 4/39
train accuracy : 0.75
train pred 0/1 : 13/19 label 0/1 : 17/15
train batch 5: predictions shape=(32, 2), labels shape=(32,)
epoch : 98
batch : 5/39
train accuracy : 0.84375
train pred 0/1 : 14/18 label 0/1 : 9/23
train batch 6: predictions shape=(32, 2), labels shape=(32,)
epoch : 98
batch : 6/39
train accuracy : 0.65625
train pred 0/1 : 19/13 label 0/1 : 20/12
train batch 7: predictions shape=(32, 2), labels shape=(32,)
epoch : 98
batch : 7/39
train accuracy : 0.5625
train pred 0/1 : 19/13 label 0/1 : 11/21
train batch 8: predictions shape=(32, 2), labels shape=(32,)
epoch : 98
batch : 8/39
train accuracy : 0.65625
train pred 0/1 : 20/12 label 0/1 : 15/17
train batch 9: predictions shape=(32, 2), labels shape=(32,)
epoch : 98
batch : 9/39
train accuracy : 0.71875
train pred 0/1 : 17/15 label 0/1 : 10/22
train batch 10: predictions shape=(32, 2), labels shape=(32,)
epoch : 98
batch : 10/39
train accuracy : 0.6875
train pred 0/1 : 12/20 label 0/1 : 14/18
train batch 11: predictions shape=(32, 2), labels shape=(32,)
epoch : 98
batch : 11/39
train accuracy : 0.71875
train pred 0/1 : 23/9 label 0/1 : 14/18
train batch 12: predictions shape=(32, 2), labels shape=(32,)
epoch : 98
batch : 12/39
train accuracy : 0.75
train pred 0/1 : 18/14 label 0/1 : 16/16
train batch 13: predictions shape=(32, 2), labels shape=(32,)
epoch : 98
batch : 13/39
train accuracy : 0.6875
train pred 0/1 : 23/9 label 0/1 : 15/17
train batch 14: predictions shape=(32, 2), labels shape=(32,)
epoch : 98
batch : 14/39
train accuracy : 0.8125
train pred 0/1 : 21/11 label 0/1 : 19/13
train batch 15: predictions shape=(32, 2), labels shape=(32,)
epoch : 98
batch : 15/39
train accuracy : 0.65625
train pred 0/1 : 16/16 label 0/1 : 19/13
train batch 16: predictions shape=(32, 2), labels shape=(32,)
epoch : 98
batch : 16/39
train accuracy : 0.78125
train pred 0/1 : 21/11 label 0/1 : 18/14
train batch 17: predictions shape=(32, 2), labels shape=(32,)
epoch : 98
batch : 17/39
train accuracy : 0.875
train pred 0/1 : 19/13 label 0/1 : 19/13
train batch 18: predictions shape=(32, 2), labels shape=(32,)
epoch : 98
batch : 18/39
train accuracy : 0.84375
train pred 0/1 : 16/16 label 0/1 : 19/13
train batch 19: predictions shape=(32, 2), labels shape=(32,)
epoch : 98
batch : 19/39
train accuracy : 0.71875
train pred 0/1 : 19/13 label 0/1 : 12/20
train batch 20: predictions shape=(32, 2), labels shape=(32,)
epoch : 98
batch : 20/39
train accuracy : 0.8125
train pred 0/1 : 14/18 label 0/1 : 10/22
train batch 21: predictions shape=(32, 2), labels shape=(32,)
epoch : 98
batch : 21/39
train accuracy : 0.625
train pred 0/1 : 10/22 label 0/1 : 12/20
train batch 22: predictions shape=(32, 2), labels shape=(32,)
epoch : 98
batch : 22/39
train accuracy : 0.875
train pred 0/1 : 16/16 label 0/1 : 14/18
train batch 23: predictions shape=(32, 2), labels shape=(32,)
epoch : 98
batch : 23/39
train accuracy : 0.6875
train pred 0/1 : 11/21 label 0/1 : 11/21
train batch 24: predictions shape=(32, 2), labels shape=(32,)
epoch : 98
batch : 24/39
train accuracy : 0.6875
train pred 0/1 : 14/18 label 0/1 : 16/16
train batch 25: predictions shape=(32, 2), labels shape=(32,)
epoch : 98
batch : 25/39
train accuracy : 0.75
train pred 0/1 : 13/19 label 0/1 : 9/23
train batch 26: predictions shape=(32, 2), labels shape=(32,)
epoch : 98
batch : 26/39
train accuracy : 0.90625
train pred 0/1 : 15/17 label 0/1 : 12/20
train batch 27: predictions shape=(32, 2), labels shape=(32,)
epoch : 98
batch : 27/39
train accuracy : 0.75
train pred 0/1 : 12/20 label 0/1 : 14/18
train batch 28: predictions shape=(32, 2), labels shape=(32,)
epoch : 98
batch : 28/39
train accuracy : 0.6875
train pred 0/1 : 11/21 label 0/1 : 15/17
train batch 29: predictions shape=(32, 2), labels shape=(32,)
epoch : 98
batch : 29/39
train accuracy : 0.75
train pred 0/1 : 9/23 label 0/1 : 13/19
train batch 30: predictions shape=(32, 2), labels shape=(32,)
epoch : 98
batch : 30/39
train accuracy : 0.6875
train pred 0/1 : 15/17 label 0/1 : 17/15
train batch 31: predictions shape=(32, 2), labels shape=(32,)
epoch : 98
batch : 31/39
train accuracy : 0.6875
train pred 0/1 : 16/16 label 0/1 : 20/12
train batch 32: predictions shape=(32, 2), labels shape=(32,)
epoch : 98
batch : 32/39
train accuracy : 0.65625
train pred 0/1 : 19/13 label 0/1 : 16/16
train batch 33: predictions shape=(32, 2), labels shape=(32,)
epoch : 98
batch : 33/39
train accuracy : 0.75
train pred 0/1 : 17/15 label 0/1 : 15/17
train batch 34: predictions shape=(32, 2), labels shape=(32,)
epoch : 98
batch : 34/39
train accuracy : 0.625
train pred 0/1 : 14/18 label 0/1 : 14/18
train batch 35: predictions shape=(32, 2), labels shape=(32,)
epoch : 98
batch : 35/39
train accuracy : 0.59375
train pred 0/1 : 15/17 label 0/1 : 12/20
train batch 36: predictions shape=(32, 2), labels shape=(32,)
epoch : 98
batch : 36/39
train accuracy : 0.78125
train pred 0/1 : 22/10 label 0/1 : 19/13
train batch 37: predictions shape=(32, 2), labels shape=(32,)
epoch : 98
batch : 37/39
train accuracy : 0.6875
train pred 0/1 : 18/14 label 0/1 : 12/20
train batch 38: predictions shape=(32, 2), labels shape=(32,)
epoch : 98
batch : 38/39
train accuracy : 0.78125
train pred 0/1 : 15/17 label 0/1 : 12/20
train batch 39: predictions shape=(8, 2), labels shape=(8,)
epoch : 98
batch : 39/39
train accuracy : 0.75
train pred 0/1 : 6/2 label 0/1 : 4/4
VALIDATION
valid batch 1: predictions shape=(32, 2), labels shape=(32,)
valid batch : 1/2
valid accuracy : 0.1875
valid pred 0/1 : 25/7 label 0/1 : 9/23
valid batch 2: predictions shape=(23, 2), labels shape=(23,)
valid batch : 2/2
valid accuracy : 0.17391304671764374
valid pred 0/1 : 19/4 label 0/1 : 4/19
valid epoch balanced_accuracy: 0.278388
EPOCH 99:
train batch 1: predictions shape=(32, 2), labels shape=(32,)
epoch : 99
batch : 1/39
train accuracy : 0.84375
train pred 0/1 : 11/21 label 0/1 : 14/18
train batch 2: predictions shape=(32, 2), labels shape=(32,)
epoch : 99
batch : 2/39
train accuracy : 0.71875
train pred 0/1 : 18/14 label 0/1 : 17/15
train batch 3: predictions shape=(32, 2), labels shape=(32,)
epoch : 99
batch : 3/39
train accuracy : 0.75
train pred 0/1 : 10/22 label 0/1 : 16/16
train batch 4: predictions shape=(32, 2), labels shape=(32,)
epoch : 99
batch : 4/39
train accuracy : 0.6875
train pred 0/1 : 9/23 label 0/1 : 15/17
train batch 5: predictions shape=(32, 2), labels shape=(32,)
epoch : 99
batch : 5/39
train accuracy : 0.5
train pred 0/1 : 11/21 label 0/1 : 17/15
train batch 6: predictions shape=(32, 2), labels shape=(32,)
epoch : 99
batch : 6/39
train accuracy : 0.71875
train pred 0/1 : 14/18 label 0/1 : 19/13
train batch 7: predictions shape=(32, 2), labels shape=(32,)
epoch : 99
batch : 7/39
train accuracy : 0.75
train pred 0/1 : 15/17 label 0/1 : 9/23
train batch 8: predictions shape=(32, 2), labels shape=(32,)
epoch : 99
batch : 8/39
train accuracy : 0.65625
train pred 0/1 : 14/18 label 0/1 : 17/15
train batch 9: predictions shape=(32, 2), labels shape=(32,)
epoch : 99
batch : 9/39
train accuracy : 0.6875
train pred 0/1 : 21/11 label 0/1 : 17/15
train batch 10: predictions shape=(32, 2), labels shape=(32,)
epoch : 99
batch : 10/39
train accuracy : 0.6875
train pred 0/1 : 15/17 label 0/1 : 9/23
train batch 11: predictions shape=(32, 2), labels shape=(32,)
epoch : 99
batch : 11/39
train accuracy : 0.59375
train pred 0/1 : 16/16 label 0/1 : 11/21
train batch 12: predictions shape=(32, 2), labels shape=(32,)
epoch : 99
batch : 12/39
train accuracy : 0.75
train pred 0/1 : 11/21 label 0/1 : 9/23
train batch 13: predictions shape=(32, 2), labels shape=(32,)
epoch : 99
batch : 13/39
train accuracy : 0.6875
train pred 0/1 : 19/13 label 0/1 : 19/13
train batch 14: predictions shape=(32, 2), labels shape=(32,)
epoch : 99
batch : 14/39
train accuracy : 0.8125
train pred 0/1 : 19/13 label 0/1 : 17/15
train batch 15: predictions shape=(32, 2), labels shape=(32,)
epoch : 99
batch : 15/39
train accuracy : 0.8125
train pred 0/1 : 10/22 label 0/1 : 10/22
train batch 16: predictions shape=(32, 2), labels shape=(32,)
epoch : 99
batch : 16/39
train accuracy : 0.65625
train pred 0/1 : 18/14 label 0/1 : 11/21
train batch 17: predictions shape=(32, 2), labels shape=(32,)
epoch : 99
batch : 17/39
train accuracy : 0.65625
train pred 0/1 : 14/18 label 0/1 : 15/17
train batch 18: predictions shape=(32, 2), labels shape=(32,)
epoch : 99
batch : 18/39
train accuracy : 0.8125
train pred 0/1 : 14/18 label 0/1 : 14/18
train batch 19: predictions shape=(32, 2), labels shape=(32,)
epoch : 99
batch : 19/39
train accuracy : 0.84375
train pred 0/1 : 16/16 label 0/1 : 15/17
train batch 20: predictions shape=(32, 2), labels shape=(32,)
epoch : 99
batch : 20/39
train accuracy : 0.53125
train pred 0/1 : 16/16 label 0/1 : 17/15
train batch 21: predictions shape=(32, 2), labels shape=(32,)
epoch : 99
batch : 21/39
train accuracy : 0.71875
train pred 0/1 : 16/16 label 0/1 : 15/17
train batch 22: predictions shape=(32, 2), labels shape=(32,)
epoch : 99
batch : 22/39
train accuracy : 0.75
train pred 0/1 : 15/17 label 0/1 : 11/21
train batch 23: predictions shape=(32, 2), labels shape=(32,)
epoch : 99
batch : 23/39
train accuracy : 0.75
train pred 0/1 : 12/20 label 0/1 : 8/24
train batch 24: predictions shape=(32, 2), labels shape=(32,)
epoch : 99
batch : 24/39
train accuracy : 0.5625
train pred 0/1 : 13/19 label 0/1 : 13/19
train batch 25: predictions shape=(32, 2), labels shape=(32,)
epoch : 99
batch : 25/39
train accuracy : 0.75
train pred 0/1 : 19/13 label 0/1 : 15/17
train batch 26: predictions shape=(32, 2), labels shape=(32,)
epoch : 99
batch : 26/39
train accuracy : 0.78125
train pred 0/1 : 12/20 label 0/1 : 17/15
train batch 27: predictions shape=(32, 2), labels shape=(32,)
epoch : 99
batch : 27/39
train accuracy : 0.71875
train pred 0/1 : 13/19 label 0/1 : 10/22
train batch 28: predictions shape=(32, 2), labels shape=(32,)
epoch : 99
batch : 28/39
train accuracy : 0.8125
train pred 0/1 : 16/16 label 0/1 : 16/16
train batch 29: predictions shape=(32, 2), labels shape=(32,)
epoch : 99
batch : 29/39
train accuracy : 0.75
train pred 0/1 : 13/19 label 0/1 : 13/19
train batch 30: predictions shape=(32, 2), labels shape=(32,)
epoch : 99
batch : 30/39
train accuracy : 0.65625
train pred 0/1 : 13/19 label 0/1 : 18/14
train batch 31: predictions shape=(32, 2), labels shape=(32,)
epoch : 99
batch : 31/39
train accuracy : 0.6875
train pred 0/1 : 10/22 label 0/1 : 12/20
train batch 32: predictions shape=(32, 2), labels shape=(32,)
epoch : 99
batch : 32/39
train accuracy : 0.59375
train pred 0/1 : 14/18 label 0/1 : 17/15
train batch 33: predictions shape=(32, 2), labels shape=(32,)
epoch : 99
batch : 33/39
train accuracy : 0.75
train pred 0/1 : 13/19 label 0/1 : 13/19
train batch 34: predictions shape=(32, 2), labels shape=(32,)
epoch : 99
batch : 34/39
train accuracy : 0.625
train pred 0/1 : 21/11 label 0/1 : 11/21
train batch 35: predictions shape=(32, 2), labels shape=(32,)
epoch : 99
batch : 35/39
train accuracy : 0.71875
train pred 0/1 : 21/11 label 0/1 : 16/16
train batch 36: predictions shape=(32, 2), labels shape=(32,)
epoch : 99
batch : 36/39
train accuracy : 0.75
train pred 0/1 : 25/7 label 0/1 : 23/9
train batch 37: predictions shape=(32, 2), labels shape=(32,)
epoch : 99
batch : 37/39
train accuracy : 0.5
train pred 0/1 : 22/10 label 0/1 : 14/18
train batch 38: predictions shape=(32, 2), labels shape=(32,)
epoch : 99
batch : 38/39
train accuracy : 0.71875
train pred 0/1 : 21/11 label 0/1 : 14/18
train batch 39: predictions shape=(8, 2), labels shape=(8,)
epoch : 99
batch : 39/39
train accuracy : 0.75
train pred 0/1 : 7/1 label 0/1 : 5/3
VALIDATION
valid batch 1: predictions shape=(32, 2), labels shape=(32,)
valid batch : 1/2
valid accuracy : 0.28125
valid pred 0/1 : 28/4 label 0/1 : 9/23
valid batch 2: predictions shape=(23, 2), labels shape=(23,)
valid batch : 2/2
valid accuracy : 0.17391304671764374
valid pred 0/1 : 23/0 label 0/1 : 4/19
valid epoch balanced_accuracy: 0.446886
EPOCH 100:
train batch 1: predictions shape=(32, 2), labels shape=(32,)
epoch : 100
batch : 1/39
train accuracy : 0.65625
train pred 0/1 : 22/10 label 0/1 : 15/17
train batch 2: predictions shape=(32, 2), labels shape=(32,)
epoch : 100
batch : 2/39
train accuracy : 0.78125
train pred 0/1 : 22/10 label 0/1 : 17/15
train batch 3: predictions shape=(32, 2), labels shape=(32,)
epoch : 100
batch : 3/39
train accuracy : 0.78125
train pred 0/1 : 20/12 label 0/1 : 15/17
train batch 4: predictions shape=(32, 2), labels shape=(32,)
epoch : 100
batch : 4/39
train accuracy : 0.71875
train pred 0/1 : 22/10 label 0/1 : 17/15
train batch 5: predictions shape=(32, 2), labels shape=(32,)
epoch : 100
batch : 5/39
train accuracy : 0.78125
train pred 0/1 : 19/13 label 0/1 : 14/18
train batch 6: predictions shape=(32, 2), labels shape=(32,)
epoch : 100
batch : 6/39
train accuracy : 0.625
train pred 0/1 : 20/12 label 0/1 : 16/16
train batch 7: predictions shape=(32, 2), labels shape=(32,)
epoch : 100
batch : 7/39
train accuracy : 0.8125
train pred 0/1 : 19/13 label 0/1 : 13/19
train batch 8: predictions shape=(32, 2), labels shape=(32,)
epoch : 100
batch : 8/39
train accuracy : 0.625
train pred 0/1 : 23/9 label 0/1 : 13/19
train batch 9: predictions shape=(32, 2), labels shape=(32,)
epoch : 100
batch : 9/39
train accuracy : 0.71875
train pred 0/1 : 20/12 label 0/1 : 15/17
train batch 10: predictions shape=(32, 2), labels shape=(32,)
epoch : 100
batch : 10/39
train accuracy : 0.71875
train pred 0/1 : 14/18 label 0/1 : 13/19
train batch 11: predictions shape=(32, 2), labels shape=(32,)
epoch : 100
batch : 11/39
train accuracy : 0.71875
train pred 0/1 : 16/16 label 0/1 : 7/25
train batch 12: predictions shape=(32, 2), labels shape=(32,)
epoch : 100
batch : 12/39
train accuracy : 0.71875
train pred 0/1 : 17/15 label 0/1 : 18/14
train batch 13: predictions shape=(32, 2), labels shape=(32,)
epoch : 100
batch : 13/39
train accuracy : 0.625
train pred 0/1 : 17/15 label 0/1 : 13/19
train batch 14: predictions shape=(32, 2), labels shape=(32,)
epoch : 100
batch : 14/39
train accuracy : 0.84375
train pred 0/1 : 12/20 label 0/1 : 13/19
train batch 15: predictions shape=(32, 2), labels shape=(32,)
epoch : 100
batch : 15/39
train accuracy : 0.8125
train pred 0/1 : 21/11 label 0/1 : 21/11
train batch 16: predictions shape=(32, 2), labels shape=(32,)
epoch : 100
batch : 16/39
train accuracy : 0.75
train pred 0/1 : 14/18 label 0/1 : 18/14
train batch 17: predictions shape=(32, 2), labels shape=(32,)
epoch : 100
batch : 17/39
train accuracy : 0.65625
train pred 0/1 : 16/16 label 0/1 : 17/15
train batch 18: predictions shape=(32, 2), labels shape=(32,)
epoch : 100
batch : 18/39
train accuracy : 0.5625
train pred 0/1 : 20/12 label 0/1 : 20/12
train batch 19: predictions shape=(32, 2), labels shape=(32,)
epoch : 100
batch : 19/39
train accuracy : 0.71875
train pred 0/1 : 16/16 label 0/1 : 11/21
train batch 20: predictions shape=(32, 2), labels shape=(32,)
epoch : 100
batch : 20/39
train accuracy : 0.8125
train pred 0/1 : 16/16 label 0/1 : 16/16
train batch 21: predictions shape=(32, 2), labels shape=(32,)
epoch : 100
batch : 21/39
train accuracy : 0.84375
train pred 0/1 : 15/17 label 0/1 : 12/20
train batch 22: predictions shape=(32, 2), labels shape=(32,)
epoch : 100
batch : 22/39
train accuracy : 0.5625
train pred 0/1 : 22/10 label 0/1 : 14/18
train batch 23: predictions shape=(32, 2), labels shape=(32,)
epoch : 100
batch : 23/39
train accuracy : 0.6875
train pred 0/1 : 19/13 label 0/1 : 19/13
train batch 24: predictions shape=(32, 2), labels shape=(32,)
epoch : 100
batch : 24/39
train accuracy : 0.5
train pred 0/1 : 20/12 label 0/1 : 14/18
train batch 25: predictions shape=(32, 2), labels shape=(32,)
epoch : 100
batch : 25/39
train accuracy : 0.5625
train pred 0/1 : 22/10 label 0/1 : 12/20
train batch 26: predictions shape=(32, 2), labels shape=(32,)
epoch : 100
batch : 26/39
train accuracy : 0.59375
train pred 0/1 : 22/10 label 0/1 : 11/21
train batch 27: predictions shape=(32, 2), labels shape=(32,)
epoch : 100
batch : 27/39
train accuracy : 0.59375
train pred 0/1 : 22/10 label 0/1 : 11/21
train batch 28: predictions shape=(32, 2), labels shape=(32,)
epoch : 100
batch : 28/39
train accuracy : 0.625
train pred 0/1 : 16/16 label 0/1 : 16/16
train batch 29: predictions shape=(32, 2), labels shape=(32,)
epoch : 100
batch : 29/39
train accuracy : 0.65625
train pred 0/1 : 21/11 label 0/1 : 14/18
train batch 30: predictions shape=(32, 2), labels shape=(32,)
epoch : 100
batch : 30/39
train accuracy : 0.75
train pred 0/1 : 17/15 label 0/1 : 17/15
train batch 31: predictions shape=(32, 2), labels shape=(32,)
epoch : 100
batch : 31/39
train accuracy : 0.65625
train pred 0/1 : 14/18 label 0/1 : 13/19
train batch 32: predictions shape=(32, 2), labels shape=(32,)
epoch : 100
batch : 32/39
train accuracy : 0.75
train pred 0/1 : 17/15 label 0/1 : 15/17
train batch 33: predictions shape=(32, 2), labels shape=(32,)
epoch : 100
batch : 33/39
train accuracy : 0.65625
train pred 0/1 : 12/20 label 0/1 : 11/21
train batch 34: predictions shape=(32, 2), labels shape=(32,)
epoch : 100
batch : 34/39
train accuracy : 0.6875
train pred 0/1 : 11/21 label 0/1 : 11/21
train batch 35: predictions shape=(32, 2), labels shape=(32,)
epoch : 100
batch : 35/39
train accuracy : 0.75
train pred 0/1 : 14/18 label 0/1 : 12/20
train batch 36: predictions shape=(32, 2), labels shape=(32,)
epoch : 100
batch : 36/39
train accuracy : 0.84375
train pred 0/1 : 12/20 label 0/1 : 13/19
train batch 37: predictions shape=(32, 2), labels shape=(32,)
epoch : 100
batch : 37/39
train accuracy : 0.59375
train pred 0/1 : 14/18 label 0/1 : 15/17
train batch 38: predictions shape=(32, 2), labels shape=(32,)
epoch : 100
batch : 38/39
train accuracy : 0.65625
train pred 0/1 : 10/22 label 0/1 : 13/19
train batch 39: predictions shape=(8, 2), labels shape=(8,)
epoch : 100
batch : 39/39
train accuracy : 0.75
train pred 0/1 : 2/6 label 0/1 : 4/4
VALIDATION
valid batch 1: predictions shape=(32, 2), labels shape=(32,)
valid batch : 1/2
valid accuracy : 0.21875
valid pred 0/1 : 25/7 label 0/1 : 10/22
valid batch 2: predictions shape=(23, 2), labels shape=(23,)
valid batch : 2/2
valid accuracy : 0.17391304671764374
valid pred 0/1 : 18/5 label 0/1 : 3/20
valid epoch balanced_accuracy: 0.290293
EPOCH 101:
train batch 1: predictions shape=(32, 2), labels shape=(32,)
epoch : 101
batch : 1/39
train accuracy : 0.6875
train pred 0/1 : 13/19 label 0/1 : 17/15
train batch 2: predictions shape=(32, 2), labels shape=(32,)
epoch : 101
batch : 2/39
train accuracy : 0.6875
train pred 0/1 : 12/20 label 0/1 : 16/16
train batch 3: predictions shape=(32, 2), labels shape=(32,)
epoch : 101
batch : 3/39
train accuracy : 0.78125
train pred 0/1 : 13/19 label 0/1 : 14/18
train batch 4: predictions shape=(32, 2), labels shape=(32,)
epoch : 101
batch : 4/39
train accuracy : 0.625
train pred 0/1 : 11/21 label 0/1 : 15/17
train batch 5: predictions shape=(32, 2), labels shape=(32,)
epoch : 101
batch : 5/39
train accuracy : 0.8125
train pred 0/1 : 15/17 label 0/1 : 13/19
train batch 6: predictions shape=(32, 2), labels shape=(32,)
epoch : 101
batch : 6/39
train accuracy : 0.625
train pred 0/1 : 13/19 label 0/1 : 13/19
train batch 7: predictions shape=(32, 2), labels shape=(32,)
epoch : 101
batch : 7/39
train accuracy : 0.625
train pred 0/1 : 12/20 label 0/1 : 16/16
train batch 8: predictions shape=(32, 2), labels shape=(32,)
epoch : 101
batch : 8/39
train accuracy : 0.875
train pred 0/1 : 14/18 label 0/1 : 14/18
train batch 9: predictions shape=(32, 2), labels shape=(32,)
epoch : 101
batch : 9/39
train accuracy : 0.78125
train pred 0/1 : 12/20 label 0/1 : 13/19
train batch 10: predictions shape=(32, 2), labels shape=(32,)
epoch : 101
batch : 10/39
train accuracy : 0.75
train pred 0/1 : 8/24 label 0/1 : 14/18
train batch 11: predictions shape=(32, 2), labels shape=(32,)
epoch : 101
batch : 11/39
train accuracy : 0.84375
train pred 0/1 : 13/19 label 0/1 : 16/16
train batch 12: predictions shape=(32, 2), labels shape=(32,)
epoch : 101
batch : 12/39
train accuracy : 0.75
train pred 0/1 : 16/16 label 0/1 : 18/14
train batch 13: predictions shape=(32, 2), labels shape=(32,)
epoch : 101
batch : 13/39
train accuracy : 0.65625
train pred 0/1 : 15/17 label 0/1 : 14/18
train batch 14: predictions shape=(32, 2), labels shape=(32,)
epoch : 101
batch : 14/39
train accuracy : 0.8125
train pred 0/1 : 14/18 label 0/1 : 14/18
train batch 15: predictions shape=(32, 2), labels shape=(32,)
epoch : 101
batch : 15/39
train accuracy : 0.75
train pred 0/1 : 14/18 label 0/1 : 12/20
train batch 16: predictions shape=(32, 2), labels shape=(32,)
epoch : 101
batch : 16/39
train accuracy : 0.78125
train pred 0/1 : 14/18 label 0/1 : 13/19
train batch 17: predictions shape=(32, 2), labels shape=(32,)
epoch : 101
batch : 17/39
train accuracy : 0.6875
train pred 0/1 : 20/12 label 0/1 : 16/16
train batch 18: predictions shape=(32, 2), labels shape=(32,)
epoch : 101
batch : 18/39
train accuracy : 0.5625
train pred 0/1 : 18/14 label 0/1 : 12/20
train batch 19: predictions shape=(32, 2), labels shape=(32,)
epoch : 101
batch : 19/39
train accuracy : 0.75
train pred 0/1 : 19/13 label 0/1 : 19/13
train batch 20: predictions shape=(32, 2), labels shape=(32,)
epoch : 101
batch : 20/39
train accuracy : 0.75
train pred 0/1 : 17/15 label 0/1 : 13/19
train batch 21: predictions shape=(32, 2), labels shape=(32,)
epoch : 101
batch : 21/39
train accuracy : 0.65625
train pred 0/1 : 12/20 label 0/1 : 11/21
train batch 22: predictions shape=(32, 2), labels shape=(32,)
epoch : 101
batch : 22/39
train accuracy : 0.71875
train pred 0/1 : 15/17 label 0/1 : 16/16
train batch 23: predictions shape=(32, 2), labels shape=(32,)
epoch : 101
batch : 23/39
train accuracy : 0.6875
train pred 0/1 : 17/15 label 0/1 : 15/17
train batch 24: predictions shape=(32, 2), labels shape=(32,)
epoch : 101
batch : 24/39
train accuracy : 0.78125
train pred 0/1 : 18/14 label 0/1 : 13/19
train batch 25: predictions shape=(32, 2), labels shape=(32,)
epoch : 101
batch : 25/39
train accuracy : 0.625
train pred 0/1 : 22/10 label 0/1 : 14/18
train batch 26: predictions shape=(32, 2), labels shape=(32,)
epoch : 101
batch : 26/39
train accuracy : 0.78125
train pred 0/1 : 15/17 label 0/1 : 12/20
train batch 27: predictions shape=(32, 2), labels shape=(32,)
epoch : 101
batch : 27/39
train accuracy : 0.8125
train pred 0/1 : 17/15 label 0/1 : 15/17
train batch 28: predictions shape=(32, 2), labels shape=(32,)
epoch : 101
batch : 28/39
train accuracy : 0.59375
train pred 0/1 : 20/12 label 0/1 : 15/17
train batch 29: predictions shape=(32, 2), labels shape=(32,)
epoch : 101
batch : 29/39
train accuracy : 0.75
train pred 0/1 : 13/19 label 0/1 : 15/17
train batch 30: predictions shape=(32, 2), labels shape=(32,)
epoch : 101
batch : 30/39
train accuracy : 0.75
train pred 0/1 : 14/18 label 0/1 : 10/22
train batch 31: predictions shape=(32, 2), labels shape=(32,)
epoch : 101
batch : 31/39
train accuracy : 0.5625
train pred 0/1 : 16/16 label 0/1 : 12/20
train batch 32: predictions shape=(32, 2), labels shape=(32,)
epoch : 101
batch : 32/39
train accuracy : 0.65625
train pred 0/1 : 21/11 label 0/1 : 14/18
train batch 33: predictions shape=(32, 2), labels shape=(32,)
epoch : 101
batch : 33/39
train accuracy : 0.65625
train pred 0/1 : 17/15 label 0/1 : 14/18
train batch 34: predictions shape=(32, 2), labels shape=(32,)
epoch : 101
batch : 34/39
train accuracy : 0.78125
train pred 0/1 : 12/20 label 0/1 : 9/23
train batch 35: predictions shape=(32, 2), labels shape=(32,)
epoch : 101
batch : 35/39
train accuracy : 0.65625
train pred 0/1 : 15/17 label 0/1 : 16/16
train batch 36: predictions shape=(32, 2), labels shape=(32,)
epoch : 101
batch : 36/39
train accuracy : 0.65625
train pred 0/1 : 17/15 label 0/1 : 20/12
train batch 37: predictions shape=(32, 2), labels shape=(32,)
epoch : 101
batch : 37/39
train accuracy : 0.78125
train pred 0/1 : 14/18 label 0/1 : 15/17
train batch 38: predictions shape=(32, 2), labels shape=(32,)
epoch : 101
batch : 38/39
train accuracy : 0.6875
train pred 0/1 : 9/23 label 0/1 : 17/15
train batch 39: predictions shape=(8, 2), labels shape=(8,)
epoch : 101
batch : 39/39
train accuracy : 0.75
train pred 0/1 : 2/6 label 0/1 : 4/4
VALIDATION
valid batch 1: predictions shape=(32, 2), labels shape=(32,)
valid batch : 1/2
valid accuracy : 0.3125
valid pred 0/1 : 27/5 label 0/1 : 9/23
valid batch 2: predictions shape=(23, 2), labels shape=(23,)
valid batch : 2/2
valid accuracy : 0.08695652335882187
valid pred 0/1 : 17/6 label 0/1 : 4/19
valid epoch balanced_accuracy: 0.328755
EPOCH 102:
train batch 1: predictions shape=(32, 2), labels shape=(32,)
epoch : 102
batch : 1/39
train accuracy : 0.6875
train pred 0/1 : 14/18 label 0/1 : 16/16
train batch 2: predictions shape=(32, 2), labels shape=(32,)
epoch : 102
batch : 2/39
train accuracy : 0.71875
train pred 0/1 : 13/19 label 0/1 : 14/18
train batch 3: predictions shape=(32, 2), labels shape=(32,)
epoch : 102
batch : 3/39
train accuracy : 0.6875
train pred 0/1 : 14/18 label 0/1 : 16/16
train batch 4: predictions shape=(32, 2), labels shape=(32,)
epoch : 102
batch : 4/39
train accuracy : 0.6875
train pred 0/1 : 14/18 label 0/1 : 14/18
train batch 5: predictions shape=(32, 2), labels shape=(32,)
epoch : 102
batch : 5/39
train accuracy : 0.78125
train pred 0/1 : 15/17 label 0/1 : 14/18
train batch 6: predictions shape=(32, 2), labels shape=(32,)
epoch : 102
batch : 6/39
train accuracy : 0.75
train pred 0/1 : 18/14 label 0/1 : 12/20
train batch 7: predictions shape=(32, 2), labels shape=(32,)
epoch : 102
batch : 7/39
train accuracy : 0.8125
train pred 0/1 : 19/13 label 0/1 : 17/15
train batch 8: predictions shape=(32, 2), labels shape=(32,)
epoch : 102
batch : 8/39
train accuracy : 0.6875
train pred 0/1 : 20/12 label 0/1 : 18/14
train batch 9: predictions shape=(32, 2), labels shape=(32,)
epoch : 102
batch : 9/39
train accuracy : 0.78125
train pred 0/1 : 20/12 label 0/1 : 15/17
train batch 10: predictions shape=(32, 2), labels shape=(32,)
epoch : 102
batch : 10/39
train accuracy : 0.78125
train pred 0/1 : 19/13 label 0/1 : 14/18
train batch 11: predictions shape=(32, 2), labels shape=(32,)
epoch : 102
batch : 11/39
train accuracy : 0.53125
train pred 0/1 : 22/10 label 0/1 : 15/17
train batch 12: predictions shape=(32, 2), labels shape=(32,)
epoch : 102
batch : 12/39
train accuracy : 0.46875
train pred 0/1 : 17/15 label 0/1 : 14/18
train batch 13: predictions shape=(32, 2), labels shape=(32,)
epoch : 102
batch : 13/39
train accuracy : 0.59375
train pred 0/1 : 17/15 label 0/1 : 16/16
train batch 14: predictions shape=(32, 2), labels shape=(32,)
epoch : 102
batch : 14/39
train accuracy : 0.71875
train pred 0/1 : 23/9 label 0/1 : 16/16
train batch 15: predictions shape=(32, 2), labels shape=(32,)
epoch : 102
batch : 15/39
train accuracy : 0.78125
train pred 0/1 : 18/14 label 0/1 : 15/17
train batch 16: predictions shape=(32, 2), labels shape=(32,)
epoch : 102
batch : 16/39
train accuracy : 0.6875
train pred 0/1 : 21/11 label 0/1 : 15/17
train batch 17: predictions shape=(32, 2), labels shape=(32,)
epoch : 102
batch : 17/39
train accuracy : 0.625
train pred 0/1 : 18/14 label 0/1 : 10/22
train batch 18: predictions shape=(32, 2), labels shape=(32,)
epoch : 102
batch : 18/39
train accuracy : 0.65625
train pred 0/1 : 16/16 label 0/1 : 13/19
train batch 19: predictions shape=(32, 2), labels shape=(32,)
epoch : 102
batch : 19/39
train accuracy : 0.875
train pred 0/1 : 17/15 label 0/1 : 17/15
train batch 20: predictions shape=(32, 2), labels shape=(32,)
epoch : 102
batch : 20/39
train accuracy : 0.6875
train pred 0/1 : 21/11 label 0/1 : 13/19
train batch 21: predictions shape=(32, 2), labels shape=(32,)
epoch : 102
batch : 21/39
train accuracy : 0.71875
train pred 0/1 : 20/12 label 0/1 : 11/21
train batch 22: predictions shape=(32, 2), labels shape=(32,)
epoch : 102
batch : 22/39
train accuracy : 0.8125
train pred 0/1 : 15/17 label 0/1 : 15/17
train batch 23: predictions shape=(32, 2), labels shape=(32,)
epoch : 102
batch : 23/39
train accuracy : 0.6875
train pred 0/1 : 14/18 label 0/1 : 16/16
train batch 24: predictions shape=(32, 2), labels shape=(32,)
epoch : 102
batch : 24/39
train accuracy : 0.84375
train pred 0/1 : 19/13 label 0/1 : 18/14
train batch 25: predictions shape=(32, 2), labels shape=(32,)
epoch : 102
batch : 25/39
train accuracy : 0.75
train pred 0/1 : 14/18 label 0/1 : 12/20
train batch 26: predictions shape=(32, 2), labels shape=(32,)
epoch : 102
batch : 26/39
train accuracy : 0.625
train pred 0/1 : 14/18 label 0/1 : 12/20
train batch 27: predictions shape=(32, 2), labels shape=(32,)
epoch : 102
batch : 27/39
train accuracy : 0.75
train pred 0/1 : 18/14 label 0/1 : 18/14
train batch 28: predictions shape=(32, 2), labels shape=(32,)
epoch : 102
batch : 28/39
train accuracy : 0.84375
train pred 0/1 : 5/27 label 0/1 : 10/22
train batch 29: predictions shape=(32, 2), labels shape=(32,)
epoch : 102
batch : 29/39
train accuracy : 0.75
train pred 0/1 : 17/15 label 0/1 : 13/19
train batch 30: predictions shape=(32, 2), labels shape=(32,)
epoch : 102
batch : 30/39
train accuracy : 0.75
train pred 0/1 : 17/15 label 0/1 : 17/15
train batch 31: predictions shape=(32, 2), labels shape=(32,)
epoch : 102
batch : 31/39
train accuracy : 0.6875
train pred 0/1 : 13/19 label 0/1 : 15/17
train batch 32: predictions shape=(32, 2), labels shape=(32,)
epoch : 102
batch : 32/39
train accuracy : 0.71875
train pred 0/1 : 16/16 label 0/1 : 11/21
train batch 33: predictions shape=(32, 2), labels shape=(32,)
epoch : 102
batch : 33/39
train accuracy : 0.5
train pred 0/1 : 22/10 label 0/1 : 14/18
train batch 34: predictions shape=(32, 2), labels shape=(32,)
epoch : 102
batch : 34/39
train accuracy : 0.65625
train pred 0/1 : 16/16 label 0/1 : 15/17
train batch 35: predictions shape=(32, 2), labels shape=(32,)
epoch : 102
batch : 35/39
train accuracy : 0.75
train pred 0/1 : 14/18 label 0/1 : 10/22
train batch 36: predictions shape=(32, 2), labels shape=(32,)
epoch : 102
batch : 36/39
train accuracy : 0.71875
train pred 0/1 : 15/17 label 0/1 : 16/16
train batch 37: predictions shape=(32, 2), labels shape=(32,)
epoch : 102
batch : 37/39
train accuracy : 0.6875
train pred 0/1 : 14/18 label 0/1 : 12/20
train batch 38: predictions shape=(32, 2), labels shape=(32,)
epoch : 102
batch : 38/39
train accuracy : 0.625
train pred 0/1 : 13/19 label 0/1 : 17/15
train batch 39: predictions shape=(8, 2), labels shape=(8,)
epoch : 102
batch : 39/39
train accuracy : 0.75
train pred 0/1 : 3/5 label 0/1 : 3/5
VALIDATION
valid batch 1: predictions shape=(32, 2), labels shape=(32,)
valid batch : 1/2
valid accuracy : 0.21875
valid pred 0/1 : 25/7 label 0/1 : 8/24
valid batch 2: predictions shape=(23, 2), labels shape=(23,)
valid batch : 2/2
valid accuracy : 0.17391304671764374
valid pred 0/1 : 22/1 label 0/1 : 5/18
valid epoch balanced_accuracy: 0.343407
EPOCH 103:
train batch 1: predictions shape=(32, 2), labels shape=(32,)
epoch : 103
batch : 1/39
train accuracy : 0.6875
train pred 0/1 : 20/12 label 0/1 : 18/14
train batch 2: predictions shape=(32, 2), labels shape=(32,)
epoch : 103
batch : 2/39
train accuracy : 0.75
train pred 0/1 : 15/17 label 0/1 : 13/19
train batch 3: predictions shape=(32, 2), labels shape=(32,)
epoch : 103
batch : 3/39
train accuracy : 0.75
train pred 0/1 : 16/16 label 0/1 : 14/18
train batch 4: predictions shape=(32, 2), labels shape=(32,)
epoch : 103
batch : 4/39
train accuracy : 0.71875
train pred 0/1 : 24/8 label 0/1 : 17/15
train batch 5: predictions shape=(32, 2), labels shape=(32,)
epoch : 103
batch : 5/39
train accuracy : 0.90625
train pred 0/1 : 16/16 label 0/1 : 15/17
train batch 6: predictions shape=(32, 2), labels shape=(32,)
epoch : 103
batch : 6/39
train accuracy : 0.8125
train pred 0/1 : 17/15 label 0/1 : 15/17
train batch 7: predictions shape=(32, 2), labels shape=(32,)
epoch : 103
batch : 7/39
train accuracy : 0.625
train pred 0/1 : 24/8 label 0/1 : 18/14
train batch 8: predictions shape=(32, 2), labels shape=(32,)
epoch : 103
batch : 8/39
train accuracy : 0.84375
train pred 0/1 : 13/19 label 0/1 : 14/18
train batch 9: predictions shape=(32, 2), labels shape=(32,)
epoch : 103
batch : 9/39
train accuracy : 0.6875
train pred 0/1 : 16/16 label 0/1 : 14/18
train batch 10: predictions shape=(32, 2), labels shape=(32,)
epoch : 103
batch : 10/39
train accuracy : 0.65625
train pred 0/1 : 19/13 label 0/1 : 20/12
train batch 11: predictions shape=(32, 2), labels shape=(32,)
epoch : 103
batch : 11/39
train accuracy : 0.6875
train pred 0/1 : 14/18 label 0/1 : 10/22
train batch 12: predictions shape=(32, 2), labels shape=(32,)
epoch : 103
batch : 12/39
train accuracy : 0.78125
train pred 0/1 : 17/15 label 0/1 : 12/20
train batch 13: predictions shape=(32, 2), labels shape=(32,)
epoch : 103
batch : 13/39
train accuracy : 0.5
train pred 0/1 : 16/16 label 0/1 : 22/10
train batch 14: predictions shape=(32, 2), labels shape=(32,)
epoch : 103
batch : 14/39
train accuracy : 0.71875
train pred 0/1 : 18/14 label 0/1 : 17/15
train batch 15: predictions shape=(32, 2), labels shape=(32,)
epoch : 103
batch : 15/39
train accuracy : 0.8125
train pred 0/1 : 15/17 label 0/1 : 11/21
train batch 16: predictions shape=(32, 2), labels shape=(32,)
epoch : 103
batch : 16/39
train accuracy : 0.75
train pred 0/1 : 9/23 label 0/1 : 13/19
train batch 17: predictions shape=(32, 2), labels shape=(32,)
epoch : 103
batch : 17/39
train accuracy : 0.75
train pred 0/1 : 14/18 label 0/1 : 14/18
train batch 18: predictions shape=(32, 2), labels shape=(32,)
epoch : 103
batch : 18/39
train accuracy : 0.78125
train pred 0/1 : 8/24 label 0/1 : 7/25
train batch 19: predictions shape=(32, 2), labels shape=(32,)
epoch : 103
batch : 19/39
train accuracy : 0.5625
train pred 0/1 : 17/15 label 0/1 : 13/19
train batch 20: predictions shape=(32, 2), labels shape=(32,)
epoch : 103
batch : 20/39
train accuracy : 0.84375
train pred 0/1 : 12/20 label 0/1 : 13/19
train batch 21: predictions shape=(32, 2), labels shape=(32,)
epoch : 103
batch : 21/39
train accuracy : 0.75
train pred 0/1 : 13/19 label 0/1 : 11/21
train batch 22: predictions shape=(32, 2), labels shape=(32,)
epoch : 103
batch : 22/39
train accuracy : 0.625
train pred 0/1 : 13/19 label 0/1 : 9/23
train batch 23: predictions shape=(32, 2), labels shape=(32,)
epoch : 103
batch : 23/39
train accuracy : 0.6875
train pred 0/1 : 10/22 label 0/1 : 16/16
train batch 24: predictions shape=(32, 2), labels shape=(32,)
epoch : 103
batch : 24/39
train accuracy : 0.6875
train pred 0/1 : 4/28 label 0/1 : 12/20
train batch 25: predictions shape=(32, 2), labels shape=(32,)
epoch : 103
batch : 25/39
train accuracy : 0.75
train pred 0/1 : 8/24 label 0/1 : 14/18
train batch 26: predictions shape=(32, 2), labels shape=(32,)
epoch : 103
batch : 26/39
train accuracy : 0.625
train pred 0/1 : 12/20 label 0/1 : 16/16
train batch 27: predictions shape=(32, 2), labels shape=(32,)
epoch : 103
batch : 27/39
train accuracy : 0.625
train pred 0/1 : 7/25 label 0/1 : 11/21
train batch 28: predictions shape=(32, 2), labels shape=(32,)
epoch : 103
batch : 28/39
train accuracy : 0.65625
train pred 0/1 : 9/23 label 0/1 : 18/14
train batch 29: predictions shape=(32, 2), labels shape=(32,)
epoch : 103
batch : 29/39
train accuracy : 0.75
train pred 0/1 : 10/22 label 0/1 : 12/20
train batch 30: predictions shape=(32, 2), labels shape=(32,)
epoch : 103
batch : 30/39
train accuracy : 0.78125
train pred 0/1 : 14/18 label 0/1 : 17/15
train batch 31: predictions shape=(32, 2), labels shape=(32,)
epoch : 103
batch : 31/39
train accuracy : 0.78125
train pred 0/1 : 17/15 label 0/1 : 16/16
train batch 32: predictions shape=(32, 2), labels shape=(32,)
epoch : 103
batch : 32/39
train accuracy : 0.625
train pred 0/1 : 14/18 label 0/1 : 16/16
train batch 33: predictions shape=(32, 2), labels shape=(32,)
epoch : 103
batch : 33/39
train accuracy : 0.71875
train pred 0/1 : 19/13 label 0/1 : 16/16
train batch 34: predictions shape=(32, 2), labels shape=(32,)
epoch : 103
batch : 34/39
train accuracy : 0.71875
train pred 0/1 : 18/14 label 0/1 : 11/21
train batch 35: predictions shape=(32, 2), labels shape=(32,)
epoch : 103
batch : 35/39
train accuracy : 0.8125
train pred 0/1 : 15/17 label 0/1 : 17/15
train batch 36: predictions shape=(32, 2), labels shape=(32,)
epoch : 103
batch : 36/39
train accuracy : 0.75
train pred 0/1 : 18/14 label 0/1 : 14/18
train batch 37: predictions shape=(32, 2), labels shape=(32,)
epoch : 103
batch : 37/39
train accuracy : 0.6875
train pred 0/1 : 14/18 label 0/1 : 14/18
train batch 38: predictions shape=(32, 2), labels shape=(32,)
epoch : 103
batch : 38/39
train accuracy : 0.46875
train pred 0/1 : 21/11 label 0/1 : 14/18
train batch 39: predictions shape=(8, 2), labels shape=(8,)
epoch : 103
batch : 39/39
train accuracy : 0.75
train pred 0/1 : 7/1 label 0/1 : 5/3
VALIDATION
valid batch 1: predictions shape=(32, 2), labels shape=(32,)
valid batch : 1/2
valid accuracy : 0.125
valid pred 0/1 : 27/5 label 0/1 : 5/27
valid batch 2: predictions shape=(23, 2), labels shape=(23,)
valid batch : 2/2
valid accuracy : 0.30434784293174744
valid pred 0/1 : 20/3 label 0/1 : 8/15
valid epoch balanced_accuracy: 0.343407
EPOCH 104:
train batch 1: predictions shape=(32, 2), labels shape=(32,)
epoch : 104
batch : 1/39
train accuracy : 0.78125
train pred 0/1 : 22/10 label 0/1 : 15/17
train batch 2: predictions shape=(32, 2), labels shape=(32,)
epoch : 104
batch : 2/39
train accuracy : 0.78125
train pred 0/1 : 18/14 label 0/1 : 19/13
train batch 3: predictions shape=(32, 2), labels shape=(32,)
epoch : 104
batch : 3/39
train accuracy : 0.625
train pred 0/1 : 14/18 label 0/1 : 14/18
train batch 4: predictions shape=(32, 2), labels shape=(32,)
epoch : 104
batch : 4/39
train accuracy : 0.8125
train pred 0/1 : 14/18 label 0/1 : 12/20
train batch 5: predictions shape=(32, 2), labels shape=(32,)
epoch : 104
batch : 5/39
train accuracy : 0.8125
train pred 0/1 : 11/21 label 0/1 : 13/19
train batch 6: predictions shape=(32, 2), labels shape=(32,)
epoch : 104
batch : 6/39
train accuracy : 0.65625
train pred 0/1 : 19/13 label 0/1 : 14/18
train batch 7: predictions shape=(32, 2), labels shape=(32,)
epoch : 104
batch : 7/39
train accuracy : 0.84375
train pred 0/1 : 9/23 label 0/1 : 14/18
train batch 8: predictions shape=(32, 2), labels shape=(32,)
epoch : 104
batch : 8/39
train accuracy : 0.5625
train pred 0/1 : 14/18 label 0/1 : 16/16
train batch 9: predictions shape=(32, 2), labels shape=(32,)
epoch : 104
batch : 9/39
train accuracy : 0.84375
train pred 0/1 : 10/22 label 0/1 : 13/19
train batch 10: predictions shape=(32, 2), labels shape=(32,)
epoch : 104
batch : 10/39
train accuracy : 0.8125
train pred 0/1 : 15/17 label 0/1 : 17/15
train batch 11: predictions shape=(32, 2), labels shape=(32,)
epoch : 104
batch : 11/39
train accuracy : 0.625
train pred 0/1 : 17/15 label 0/1 : 9/23
train batch 12: predictions shape=(32, 2), labels shape=(32,)
epoch : 104
batch : 12/39
train accuracy : 0.625
train pred 0/1 : 20/12 label 0/1 : 14/18
train batch 13: predictions shape=(32, 2), labels shape=(32,)
epoch : 104
batch : 13/39
train accuracy : 0.625
train pred 0/1 : 18/14 label 0/1 : 14/18
train batch 14: predictions shape=(32, 2), labels shape=(32,)
epoch : 104
batch : 14/39
train accuracy : 0.71875
train pred 0/1 : 23/9 label 0/1 : 18/14
train batch 15: predictions shape=(32, 2), labels shape=(32,)
epoch : 104
batch : 15/39
train accuracy : 0.75
train pred 0/1 : 20/12 label 0/1 : 14/18
train batch 16: predictions shape=(32, 2), labels shape=(32,)
epoch : 104
batch : 16/39
train accuracy : 0.65625
train pred 0/1 : 18/14 label 0/1 : 11/21
train batch 17: predictions shape=(32, 2), labels shape=(32,)
epoch : 104
batch : 17/39
train accuracy : 0.71875
train pred 0/1 : 22/10 label 0/1 : 17/15
train batch 18: predictions shape=(32, 2), labels shape=(32,)
epoch : 104
batch : 18/39
train accuracy : 0.65625
train pred 0/1 : 17/15 label 0/1 : 12/20
train batch 19: predictions shape=(32, 2), labels shape=(32,)
epoch : 104
batch : 19/39
train accuracy : 0.65625
train pred 0/1 : 15/17 label 0/1 : 14/18
train batch 20: predictions shape=(32, 2), labels shape=(32,)
epoch : 104
batch : 20/39
train accuracy : 0.71875
train pred 0/1 : 23/9 label 0/1 : 16/16
train batch 21: predictions shape=(32, 2), labels shape=(32,)
epoch : 104
batch : 21/39
train accuracy : 0.71875
train pred 0/1 : 19/13 label 0/1 : 10/22
train batch 22: predictions shape=(32, 2), labels shape=(32,)
epoch : 104
batch : 22/39
train accuracy : 0.75
train pred 0/1 : 10/22 label 0/1 : 18/14
train batch 23: predictions shape=(32, 2), labels shape=(32,)
epoch : 104
batch : 23/39
train accuracy : 0.59375
train pred 0/1 : 18/14 label 0/1 : 13/19
train batch 24: predictions shape=(32, 2), labels shape=(32,)
epoch : 104
batch : 24/39
train accuracy : 0.78125
train pred 0/1 : 16/16 label 0/1 : 17/15
train batch 25: predictions shape=(32, 2), labels shape=(32,)
epoch : 104
batch : 25/39
train accuracy : 0.625
train pred 0/1 : 13/19 label 0/1 : 13/19
train batch 26: predictions shape=(32, 2), labels shape=(32,)
epoch : 104
batch : 26/39
train accuracy : 0.6875
train pred 0/1 : 17/15 label 0/1 : 15/17
train batch 27: predictions shape=(32, 2), labels shape=(32,)
epoch : 104
batch : 27/39
train accuracy : 0.6875
train pred 0/1 : 18/14 label 0/1 : 14/18
train batch 28: predictions shape=(32, 2), labels shape=(32,)
epoch : 104
batch : 28/39
train accuracy : 0.65625
train pred 0/1 : 22/10 label 0/1 : 11/21
train batch 29: predictions shape=(32, 2), labels shape=(32,)
epoch : 104
batch : 29/39
train accuracy : 0.78125
train pred 0/1 : 19/13 label 0/1 : 14/18
train batch 30: predictions shape=(32, 2), labels shape=(32,)
epoch : 104
batch : 30/39
train accuracy : 0.6875
train pred 0/1 : 14/18 label 0/1 : 12/20
train batch 31: predictions shape=(32, 2), labels shape=(32,)
epoch : 104
batch : 31/39
train accuracy : 0.8125
train pred 0/1 : 18/14 label 0/1 : 16/16
train batch 32: predictions shape=(32, 2), labels shape=(32,)
epoch : 104
batch : 32/39
train accuracy : 0.71875
train pred 0/1 : 11/21 label 0/1 : 10/22
train batch 33: predictions shape=(32, 2), labels shape=(32,)
epoch : 104
batch : 33/39
train accuracy : 0.6875
train pred 0/1 : 12/20 label 0/1 : 18/14
train batch 34: predictions shape=(32, 2), labels shape=(32,)
epoch : 104
batch : 34/39
train accuracy : 0.65625
train pred 0/1 : 11/21 label 0/1 : 16/16
train batch 35: predictions shape=(32, 2), labels shape=(32,)
epoch : 104
batch : 35/39
train accuracy : 0.65625
train pred 0/1 : 18/14 label 0/1 : 19/13
train batch 36: predictions shape=(32, 2), labels shape=(32,)
epoch : 104
batch : 36/39
train accuracy : 0.65625
train pred 0/1 : 15/17 label 0/1 : 14/18
train batch 37: predictions shape=(32, 2), labels shape=(32,)
epoch : 104
batch : 37/39
train accuracy : 0.71875
train pred 0/1 : 13/19 label 0/1 : 12/20
train batch 38: predictions shape=(32, 2), labels shape=(32,)
epoch : 104
batch : 38/39
train accuracy : 0.6875
train pred 0/1 : 15/17 label 0/1 : 17/15
train batch 39: predictions shape=(8, 2), labels shape=(8,)
epoch : 104
batch : 39/39
train accuracy : 0.75
train pred 0/1 : 4/4 label 0/1 : 4/4
VALIDATION
valid batch 1: predictions shape=(32, 2), labels shape=(32,)
valid batch : 1/2
valid accuracy : 0.1875
valid pred 0/1 : 29/3 label 0/1 : 7/25
valid batch 2: predictions shape=(23, 2), labels shape=(23,)
valid batch : 2/2
valid accuracy : 0.21739131212234497
valid pred 0/1 : 18/5 label 0/1 : 6/17
valid epoch balanced_accuracy: 0.343407
EPOCH 105:
train batch 1: predictions shape=(32, 2), labels shape=(32,)
epoch : 105
batch : 1/39
train accuracy : 0.71875
train pred 0/1 : 19/13 label 0/1 : 16/16
train batch 2: predictions shape=(32, 2), labels shape=(32,)
epoch : 105
batch : 2/39
train accuracy : 0.6875
train pred 0/1 : 19/13 label 0/1 : 13/19
train batch 3: predictions shape=(32, 2), labels shape=(32,)
epoch : 105
batch : 3/39
train accuracy : 0.625
train pred 0/1 : 17/15 label 0/1 : 9/23
train batch 4: predictions shape=(32, 2), labels shape=(32,)
epoch : 105
batch : 4/39
train accuracy : 0.6875
train pred 0/1 : 15/17 label 0/1 : 13/19
train batch 5: predictions shape=(32, 2), labels shape=(32,)
epoch : 105
batch : 5/39
train accuracy : 0.8125
train pred 0/1 : 13/19 label 0/1 : 13/19
train batch 6: predictions shape=(32, 2), labels shape=(32,)
epoch : 105
batch : 6/39
train accuracy : 0.75
train pred 0/1 : 11/21 label 0/1 : 15/17
train batch 7: predictions shape=(32, 2), labels shape=(32,)
epoch : 105
batch : 7/39
train accuracy : 0.75
train pred 0/1 : 11/21 label 0/1 : 11/21
train batch 8: predictions shape=(32, 2), labels shape=(32,)
epoch : 105
batch : 8/39
train accuracy : 0.65625
train pred 0/1 : 13/19 label 0/1 : 18/14
train batch 9: predictions shape=(32, 2), labels shape=(32,)
epoch : 105
batch : 9/39
train accuracy : 0.6875
train pred 0/1 : 15/17 label 0/1 : 19/13
train batch 10: predictions shape=(32, 2), labels shape=(32,)
epoch : 105
batch : 10/39
train accuracy : 0.75
train pred 0/1 : 16/16 label 0/1 : 16/16
train batch 11: predictions shape=(32, 2), labels shape=(32,)
epoch : 105
batch : 11/39
train accuracy : 0.71875
train pred 0/1 : 19/13 label 0/1 : 18/14
train batch 12: predictions shape=(32, 2), labels shape=(32,)
epoch : 105
batch : 12/39
train accuracy : 0.78125
train pred 0/1 : 14/18 label 0/1 : 15/17
train batch 13: predictions shape=(32, 2), labels shape=(32,)
epoch : 105
batch : 13/39
train accuracy : 0.65625
train pred 0/1 : 17/15 label 0/1 : 16/16
train batch 14: predictions shape=(32, 2), labels shape=(32,)
epoch : 105
batch : 14/39
train accuracy : 0.84375
train pred 0/1 : 10/22 label 0/1 : 13/19
train batch 15: predictions shape=(32, 2), labels shape=(32,)
epoch : 105
batch : 15/39
train accuracy : 0.8125
train pred 0/1 : 11/21 label 0/1 : 13/19
train batch 16: predictions shape=(32, 2), labels shape=(32,)
epoch : 105
batch : 16/39
train accuracy : 0.78125
train pred 0/1 : 22/10 label 0/1 : 19/13
train batch 17: predictions shape=(32, 2), labels shape=(32,)
epoch : 105
batch : 17/39
train accuracy : 0.65625
train pred 0/1 : 21/11 label 0/1 : 16/16
train batch 18: predictions shape=(32, 2), labels shape=(32,)
epoch : 105
batch : 18/39
train accuracy : 0.78125
train pred 0/1 : 17/15 label 0/1 : 14/18
train batch 19: predictions shape=(32, 2), labels shape=(32,)
epoch : 105
batch : 19/39
train accuracy : 0.625
train pred 0/1 : 15/17 label 0/1 : 11/21
train batch 20: predictions shape=(32, 2), labels shape=(32,)
epoch : 105
batch : 20/39
train accuracy : 0.625
train pred 0/1 : 24/8 label 0/1 : 18/14
train batch 21: predictions shape=(32, 2), labels shape=(32,)
epoch : 105
batch : 21/39
train accuracy : 0.75
train pred 0/1 : 17/15 label 0/1 : 13/19
train batch 22: predictions shape=(32, 2), labels shape=(32,)
epoch : 105
batch : 22/39
train accuracy : 0.78125
train pred 0/1 : 19/13 label 0/1 : 18/14
train batch 23: predictions shape=(32, 2), labels shape=(32,)
epoch : 105
batch : 23/39
train accuracy : 0.65625
train pred 0/1 : 10/22 label 0/1 : 15/17
train batch 24: predictions shape=(32, 2), labels shape=(32,)
epoch : 105
batch : 24/39
train accuracy : 0.59375
train pred 0/1 : 14/18 label 0/1 : 15/17
train batch 25: predictions shape=(32, 2), labels shape=(32,)
epoch : 105
batch : 25/39
train accuracy : 0.6875
train pred 0/1 : 14/18 label 0/1 : 18/14
train batch 26: predictions shape=(32, 2), labels shape=(32,)
epoch : 105
batch : 26/39
train accuracy : 0.6875
train pred 0/1 : 19/13 label 0/1 : 15/17
train batch 27: predictions shape=(32, 2), labels shape=(32,)
epoch : 105
batch : 27/39
train accuracy : 0.6875
train pred 0/1 : 21/11 label 0/1 : 17/15
train batch 28: predictions shape=(32, 2), labels shape=(32,)
epoch : 105
batch : 28/39
train accuracy : 0.8125
train pred 0/1 : 13/19 label 0/1 : 13/19
train batch 29: predictions shape=(32, 2), labels shape=(32,)
epoch : 105
batch : 29/39
train accuracy : 0.78125
train pred 0/1 : 12/20 label 0/1 : 11/21
train batch 30: predictions shape=(32, 2), labels shape=(32,)
epoch : 105
batch : 30/39
train accuracy : 0.59375
train pred 0/1 : 19/13 label 0/1 : 14/18
train batch 31: predictions shape=(32, 2), labels shape=(32,)
epoch : 105
batch : 31/39
train accuracy : 0.59375
train pred 0/1 : 24/8 label 0/1 : 13/19
train batch 32: predictions shape=(32, 2), labels shape=(32,)
epoch : 105
batch : 32/39
train accuracy : 0.625
train pred 0/1 : 23/9 label 0/1 : 13/19
train batch 33: predictions shape=(32, 2), labels shape=(32,)
epoch : 105
batch : 33/39
train accuracy : 0.6875
train pred 0/1 : 20/12 label 0/1 : 14/18
train batch 34: predictions shape=(32, 2), labels shape=(32,)
epoch : 105
batch : 34/39
train accuracy : 0.53125
train pred 0/1 : 26/6 label 0/1 : 11/21
train batch 35: predictions shape=(32, 2), labels shape=(32,)
epoch : 105
batch : 35/39
train accuracy : 0.75
train pred 0/1 : 16/16 label 0/1 : 10/22
train batch 36: predictions shape=(32, 2), labels shape=(32,)
epoch : 105
batch : 36/39
train accuracy : 0.65625
train pred 0/1 : 25/7 label 0/1 : 14/18
train batch 37: predictions shape=(32, 2), labels shape=(32,)
epoch : 105
batch : 37/39
train accuracy : 0.65625
train pred 0/1 : 14/18 label 0/1 : 13/19
train batch 38: predictions shape=(32, 2), labels shape=(32,)
epoch : 105
batch : 38/39
train accuracy : 0.8125
train pred 0/1 : 17/15 label 0/1 : 13/19
train batch 39: predictions shape=(8, 2), labels shape=(8,)
epoch : 105
batch : 39/39
train accuracy : 0.75
train pred 0/1 : 3/5 label 0/1 : 3/5
VALIDATION
valid batch 1: predictions shape=(32, 2), labels shape=(32,)
valid batch : 1/2
valid accuracy : 0.1875
valid pred 0/1 : 26/6 label 0/1 : 4/28
valid batch 2: predictions shape=(23, 2), labels shape=(23,)
valid batch : 2/2
valid accuracy : 0.21739131212234497
valid pred 0/1 : 17/6 label 0/1 : 9/14
valid epoch balanced_accuracy: 0.290293
EPOCH 106:
train batch 1: predictions shape=(32, 2), labels shape=(32,)
epoch : 106
batch : 1/39
train accuracy : 0.75
train pred 0/1 : 14/18 label 0/1 : 20/12
train batch 2: predictions shape=(32, 2), labels shape=(32,)
epoch : 106
batch : 2/39
train accuracy : 0.5625
train pred 0/1 : 10/22 label 0/1 : 20/12
train batch 3: predictions shape=(32, 2), labels shape=(32,)
epoch : 106
batch : 3/39
train accuracy : 0.75
train pred 0/1 : 8/24 label 0/1 : 12/20
train batch 4: predictions shape=(32, 2), labels shape=(32,)
epoch : 106
batch : 4/39
train accuracy : 0.65625
train pred 0/1 : 11/21 label 0/1 : 14/18
train batch 5: predictions shape=(32, 2), labels shape=(32,)
epoch : 106
batch : 5/39
train accuracy : 0.65625
train pred 0/1 : 15/17 label 0/1 : 14/18
train batch 6: predictions shape=(32, 2), labels shape=(32,)
epoch : 106
batch : 6/39
train accuracy : 0.75
train pred 0/1 : 16/16 label 0/1 : 14/18
train batch 7: predictions shape=(32, 2), labels shape=(32,)
epoch : 106
batch : 7/39
train accuracy : 0.84375
train pred 0/1 : 20/12 label 0/1 : 19/13
train batch 8: predictions shape=(32, 2), labels shape=(32,)
epoch : 106
batch : 8/39
train accuracy : 0.71875
train pred 0/1 : 16/16 label 0/1 : 13/19
train batch 9: predictions shape=(32, 2), labels shape=(32,)
epoch : 106
batch : 9/39
train accuracy : 0.71875
train pred 0/1 : 15/17 label 0/1 : 10/22
train batch 10: predictions shape=(32, 2), labels shape=(32,)
epoch : 106
batch : 10/39
train accuracy : 0.71875
train pred 0/1 : 14/18 label 0/1 : 11/21
train batch 11: predictions shape=(32, 2), labels shape=(32,)
epoch : 106
batch : 11/39
train accuracy : 0.71875
train pred 0/1 : 21/11 label 0/1 : 12/20
train batch 12: predictions shape=(32, 2), labels shape=(32,)
epoch : 106
batch : 12/39
train accuracy : 0.71875
train pred 0/1 : 16/16 label 0/1 : 13/19
train batch 13: predictions shape=(32, 2), labels shape=(32,)
epoch : 106
batch : 13/39
train accuracy : 0.71875
train pred 0/1 : 16/16 label 0/1 : 17/15
train batch 14: predictions shape=(32, 2), labels shape=(32,)
epoch : 106
batch : 14/39
train accuracy : 0.625
train pred 0/1 : 15/17 label 0/1 : 11/21
train batch 15: predictions shape=(32, 2), labels shape=(32,)
epoch : 106
batch : 15/39
train accuracy : 0.71875
train pred 0/1 : 15/17 label 0/1 : 12/20
train batch 16: predictions shape=(32, 2), labels shape=(32,)
epoch : 106
batch : 16/39
train accuracy : 0.71875
train pred 0/1 : 17/15 label 0/1 : 16/16
train batch 17: predictions shape=(32, 2), labels shape=(32,)
epoch : 106
batch : 17/39
train accuracy : 0.78125
train pred 0/1 : 18/14 label 0/1 : 19/13
train batch 18: predictions shape=(32, 2), labels shape=(32,)
epoch : 106
batch : 18/39
train accuracy : 0.6875
train pred 0/1 : 13/19 label 0/1 : 13/19
train batch 19: predictions shape=(32, 2), labels shape=(32,)
epoch : 106
batch : 19/39
train accuracy : 0.78125
train pred 0/1 : 12/20 label 0/1 : 13/19
train batch 20: predictions shape=(32, 2), labels shape=(32,)
epoch : 106
batch : 20/39
train accuracy : 0.71875
train pred 0/1 : 17/15 label 0/1 : 12/20
train batch 21: predictions shape=(32, 2), labels shape=(32,)
epoch : 106
batch : 21/39
train accuracy : 0.75
train pred 0/1 : 15/17 label 0/1 : 15/17
train batch 22: predictions shape=(32, 2), labels shape=(32,)
epoch : 106
batch : 22/39
train accuracy : 0.8125
train pred 0/1 : 16/16 label 0/1 : 16/16
train batch 23: predictions shape=(32, 2), labels shape=(32,)
epoch : 106
batch : 23/39
train accuracy : 0.65625
train pred 0/1 : 10/22 label 0/1 : 13/19
train batch 24: predictions shape=(32, 2), labels shape=(32,)
epoch : 106
batch : 24/39
train accuracy : 0.6875
train pred 0/1 : 10/22 label 0/1 : 16/16
train batch 25: predictions shape=(32, 2), labels shape=(32,)
epoch : 106
batch : 25/39
train accuracy : 0.6875
train pred 0/1 : 11/21 label 0/1 : 13/19
train batch 26: predictions shape=(32, 2), labels shape=(32,)
epoch : 106
batch : 26/39
train accuracy : 0.75
train pred 0/1 : 20/12 label 0/1 : 18/14
train batch 27: predictions shape=(32, 2), labels shape=(32,)
epoch : 106
batch : 27/39
train accuracy : 0.6875
train pred 0/1 : 10/22 label 0/1 : 12/20
train batch 28: predictions shape=(32, 2), labels shape=(32,)
epoch : 106
batch : 28/39
train accuracy : 0.75
train pred 0/1 : 15/17 label 0/1 : 17/15
train batch 29: predictions shape=(32, 2), labels shape=(32,)
epoch : 106
batch : 29/39
train accuracy : 0.75
train pred 0/1 : 17/15 label 0/1 : 17/15
train batch 30: predictions shape=(32, 2), labels shape=(32,)
epoch : 106
batch : 30/39
train accuracy : 0.71875
train pred 0/1 : 18/14 label 0/1 : 13/19
train batch 31: predictions shape=(32, 2), labels shape=(32,)
epoch : 106
batch : 31/39
train accuracy : 0.71875
train pred 0/1 : 16/16 label 0/1 : 17/15
train batch 32: predictions shape=(32, 2), labels shape=(32,)
epoch : 106
batch : 32/39
train accuracy : 0.6875
train pred 0/1 : 15/17 label 0/1 : 11/21
train batch 33: predictions shape=(32, 2), labels shape=(32,)
epoch : 106
batch : 33/39
train accuracy : 0.8125
train pred 0/1 : 20/12 label 0/1 : 14/18
train batch 34: predictions shape=(32, 2), labels shape=(32,)
epoch : 106
batch : 34/39
train accuracy : 0.5625
train pred 0/1 : 18/14 label 0/1 : 12/20
train batch 35: predictions shape=(32, 2), labels shape=(32,)
epoch : 106
batch : 35/39
train accuracy : 0.625
train pred 0/1 : 18/14 label 0/1 : 10/22
train batch 36: predictions shape=(32, 2), labels shape=(32,)
epoch : 106
batch : 36/39
train accuracy : 0.65625
train pred 0/1 : 12/20 label 0/1 : 13/19
train batch 37: predictions shape=(32, 2), labels shape=(32,)
epoch : 106
batch : 37/39
train accuracy : 0.71875
train pred 0/1 : 13/19 label 0/1 : 20/12
train batch 38: predictions shape=(32, 2), labels shape=(32,)
epoch : 106
batch : 38/39
train accuracy : 0.65625
train pred 0/1 : 13/19 label 0/1 : 14/18
train batch 39: predictions shape=(8, 2), labels shape=(8,)
epoch : 106
batch : 39/39
train accuracy : 0.875
train pred 0/1 : 2/6 label 0/1 : 3/5
VALIDATION
valid batch 1: predictions shape=(32, 2), labels shape=(32,)
valid batch : 1/2
valid accuracy : 0.3125
valid pred 0/1 : 24/8 label 0/1 : 10/22
valid batch 2: predictions shape=(23, 2), labels shape=(23,)
valid batch : 2/2
valid accuracy : 0.043478261679410934
valid pred 0/1 : 21/2 label 0/1 : 3/20
valid epoch balanced_accuracy: 0.316850
EPOCH 107:
train batch 1: predictions shape=(32, 2), labels shape=(32,)
epoch : 107
batch : 1/39
train accuracy : 0.78125
train pred 0/1 : 17/15 label 0/1 : 16/16
train batch 2: predictions shape=(32, 2), labels shape=(32,)
epoch : 107
batch : 2/39
train accuracy : 0.78125
train pred 0/1 : 17/15 label 0/1 : 16/16
train batch 3: predictions shape=(32, 2), labels shape=(32,)
epoch : 107
batch : 3/39
train accuracy : 0.71875
train pred 0/1 : 14/18 label 0/1 : 15/17
train batch 4: predictions shape=(32, 2), labels shape=(32,)
epoch : 107
batch : 4/39
train accuracy : 0.6875
train pred 0/1 : 19/13 label 0/1 : 15/17
train batch 5: predictions shape=(32, 2), labels shape=(32,)
epoch : 107
batch : 5/39
train accuracy : 0.71875
train pred 0/1 : 15/17 label 0/1 : 16/16
train batch 6: predictions shape=(32, 2), labels shape=(32,)
epoch : 107
batch : 6/39
train accuracy : 0.84375
train pred 0/1 : 12/20 label 0/1 : 9/23
train batch 7: predictions shape=(32, 2), labels shape=(32,)
epoch : 107
batch : 7/39
train accuracy : 0.71875
train pred 0/1 : 14/18 label 0/1 : 13/19
train batch 8: predictions shape=(32, 2), labels shape=(32,)
epoch : 107
batch : 8/39
train accuracy : 0.78125
train pred 0/1 : 13/19 label 0/1 : 12/20
train batch 9: predictions shape=(32, 2), labels shape=(32,)
epoch : 107
batch : 9/39
train accuracy : 0.71875
train pred 0/1 : 17/15 label 0/1 : 16/16
train batch 10: predictions shape=(32, 2), labels shape=(32,)
epoch : 107
batch : 10/39
train accuracy : 0.71875
train pred 0/1 : 20/12 label 0/1 : 15/17
train batch 11: predictions shape=(32, 2), labels shape=(32,)
epoch : 107
batch : 11/39
train accuracy : 0.8125
train pred 0/1 : 8/24 label 0/1 : 8/24
train batch 12: predictions shape=(32, 2), labels shape=(32,)
epoch : 107
batch : 12/39
train accuracy : 0.71875
train pred 0/1 : 13/19 label 0/1 : 12/20
train batch 13: predictions shape=(32, 2), labels shape=(32,)
epoch : 107
batch : 13/39
train accuracy : 0.65625
train pred 0/1 : 12/20 label 0/1 : 13/19
train batch 14: predictions shape=(32, 2), labels shape=(32,)
epoch : 107
batch : 14/39
train accuracy : 0.75
train pred 0/1 : 13/19 label 0/1 : 19/13
train batch 15: predictions shape=(32, 2), labels shape=(32,)
epoch : 107
batch : 15/39
train accuracy : 0.6875
train pred 0/1 : 16/16 label 0/1 : 14/18
train batch 16: predictions shape=(32, 2), labels shape=(32,)
epoch : 107
batch : 16/39
train accuracy : 0.65625
train pred 0/1 : 17/15 label 0/1 : 18/14
train batch 17: predictions shape=(32, 2), labels shape=(32,)
epoch : 107
batch : 17/39
train accuracy : 0.78125
train pred 0/1 : 14/18 label 0/1 : 11/21
train batch 18: predictions shape=(32, 2), labels shape=(32,)
epoch : 107
batch : 18/39
train accuracy : 0.53125
train pred 0/1 : 14/18 label 0/1 : 15/17
train batch 19: predictions shape=(32, 2), labels shape=(32,)
epoch : 107
batch : 19/39
train accuracy : 0.75
train pred 0/1 : 16/16 label 0/1 : 14/18
train batch 20: predictions shape=(32, 2), labels shape=(32,)
epoch : 107
batch : 20/39
train accuracy : 0.6875
train pred 0/1 : 15/17 label 0/1 : 13/19
train batch 21: predictions shape=(32, 2), labels shape=(32,)
epoch : 107
batch : 21/39
train accuracy : 0.53125
train pred 0/1 : 16/16 label 0/1 : 13/19
train batch 22: predictions shape=(32, 2), labels shape=(32,)
epoch : 107
batch : 22/39
train accuracy : 0.78125
train pred 0/1 : 15/17 label 0/1 : 14/18
train batch 23: predictions shape=(32, 2), labels shape=(32,)
epoch : 107
batch : 23/39
train accuracy : 0.625
train pred 0/1 : 16/16 label 0/1 : 14/18
train batch 24: predictions shape=(32, 2), labels shape=(32,)
epoch : 107
batch : 24/39
train accuracy : 0.75
train pred 0/1 : 18/14 label 0/1 : 20/12
train batch 25: predictions shape=(32, 2), labels shape=(32,)
epoch : 107
batch : 25/39
train accuracy : 0.71875
train pred 0/1 : 15/17 label 0/1 : 14/18
train batch 26: predictions shape=(32, 2), labels shape=(32,)
epoch : 107
batch : 26/39
train accuracy : 0.65625
train pred 0/1 : 15/17 label 0/1 : 16/16
train batch 27: predictions shape=(32, 2), labels shape=(32,)
epoch : 107
batch : 27/39
train accuracy : 0.78125
train pred 0/1 : 13/19 label 0/1 : 14/18
train batch 28: predictions shape=(32, 2), labels shape=(32,)
epoch : 107
batch : 28/39
train accuracy : 0.75
train pred 0/1 : 12/20 label 0/1 : 12/20
train batch 29: predictions shape=(32, 2), labels shape=(32,)
epoch : 107
batch : 29/39
train accuracy : 0.84375
train pred 0/1 : 15/17 label 0/1 : 12/20
train batch 30: predictions shape=(32, 2), labels shape=(32,)
epoch : 107
batch : 30/39
train accuracy : 0.5625
train pred 0/1 : 15/17 label 0/1 : 13/19
train batch 31: predictions shape=(32, 2), labels shape=(32,)
epoch : 107
batch : 31/39
train accuracy : 0.875
train pred 0/1 : 15/17 label 0/1 : 15/17
train batch 32: predictions shape=(32, 2), labels shape=(32,)
epoch : 107
batch : 32/39
train accuracy : 0.71875
train pred 0/1 : 16/16 label 0/1 : 19/13
train batch 33: predictions shape=(32, 2), labels shape=(32,)
epoch : 107
batch : 33/39
train accuracy : 0.59375
train pred 0/1 : 15/17 label 0/1 : 14/18
train batch 34: predictions shape=(32, 2), labels shape=(32,)
epoch : 107
batch : 34/39
train accuracy : 0.65625
train pred 0/1 : 13/19 label 0/1 : 14/18
train batch 35: predictions shape=(32, 2), labels shape=(32,)
epoch : 107
batch : 35/39
train accuracy : 0.625
train pred 0/1 : 14/18 label 0/1 : 14/18
train batch 36: predictions shape=(32, 2), labels shape=(32,)
epoch : 107
batch : 36/39
train accuracy : 0.71875
train pred 0/1 : 15/17 label 0/1 : 16/16
train batch 37: predictions shape=(32, 2), labels shape=(32,)
epoch : 107
batch : 37/39
train accuracy : 0.65625
train pred 0/1 : 15/17 label 0/1 : 14/18
train batch 38: predictions shape=(32, 2), labels shape=(32,)
epoch : 107
batch : 38/39
train accuracy : 0.625
train pred 0/1 : 12/20 label 0/1 : 20/12
train batch 39: predictions shape=(8, 2), labels shape=(8,)
epoch : 107
batch : 39/39
train accuracy : 0.625
train pred 0/1 : 2/6 label 0/1 : 1/7
VALIDATION
valid batch 1: predictions shape=(32, 2), labels shape=(32,)
valid batch : 1/2
valid accuracy : 0.15625
valid pred 0/1 : 25/7 label 0/1 : 8/24
valid batch 2: predictions shape=(23, 2), labels shape=(23,)
valid batch : 2/2
valid accuracy : 0.260869562625885
valid pred 0/1 : 20/3 label 0/1 : 5/18
valid epoch balanced_accuracy: 0.316850
EPOCH 108:
train batch 1: predictions shape=(32, 2), labels shape=(32,)
epoch : 108
batch : 1/39
train accuracy : 0.71875
train pred 0/1 : 15/17 label 0/1 : 14/18
train batch 2: predictions shape=(32, 2), labels shape=(32,)
epoch : 108
batch : 2/39
train accuracy : 0.75
train pred 0/1 : 9/23 label 0/1 : 15/17
train batch 3: predictions shape=(32, 2), labels shape=(32,)
epoch : 108
batch : 3/39
train accuracy : 0.8125
train pred 0/1 : 13/19 label 0/1 : 15/17
train batch 4: predictions shape=(32, 2), labels shape=(32,)
epoch : 108
batch : 4/39
train accuracy : 0.8125
train pred 0/1 : 13/19 label 0/1 : 9/23
train batch 5: predictions shape=(32, 2), labels shape=(32,)
epoch : 108
batch : 5/39
train accuracy : 0.71875
train pred 0/1 : 15/17 label 0/1 : 14/18
train batch 6: predictions shape=(32, 2), labels shape=(32,)
epoch : 108
batch : 6/39
train accuracy : 0.625
train pred 0/1 : 12/20 label 0/1 : 20/12
train batch 7: predictions shape=(32, 2), labels shape=(32,)
epoch : 108
batch : 7/39
train accuracy : 0.71875
train pred 0/1 : 15/17 label 0/1 : 16/16
train batch 8: predictions shape=(32, 2), labels shape=(32,)
epoch : 108
batch : 8/39
train accuracy : 0.71875
train pred 0/1 : 12/20 label 0/1 : 15/17
train batch 9: predictions shape=(32, 2), labels shape=(32,)
epoch : 108
batch : 9/39
train accuracy : 0.71875
train pred 0/1 : 20/12 label 0/1 : 17/15
train batch 10: predictions shape=(32, 2), labels shape=(32,)
epoch : 108
batch : 10/39
train accuracy : 0.65625
train pred 0/1 : 16/16 label 0/1 : 15/17
train batch 11: predictions shape=(32, 2), labels shape=(32,)
epoch : 108
batch : 11/39
train accuracy : 0.53125
train pred 0/1 : 17/15 label 0/1 : 14/18
train batch 12: predictions shape=(32, 2), labels shape=(32,)
epoch : 108
batch : 12/39
train accuracy : 0.75
train pred 0/1 : 20/12 label 0/1 : 12/20
train batch 13: predictions shape=(32, 2), labels shape=(32,)
epoch : 108
batch : 13/39
train accuracy : 0.53125
train pred 0/1 : 22/10 label 0/1 : 11/21
train batch 14: predictions shape=(32, 2), labels shape=(32,)
epoch : 108
batch : 14/39
train accuracy : 0.53125
train pred 0/1 : 21/11 label 0/1 : 14/18
train batch 15: predictions shape=(32, 2), labels shape=(32,)
epoch : 108
batch : 15/39
train accuracy : 0.8125
train pred 0/1 : 22/10 label 0/1 : 16/16
train batch 16: predictions shape=(32, 2), labels shape=(32,)
epoch : 108
batch : 16/39
train accuracy : 0.8125
train pred 0/1 : 20/12 label 0/1 : 16/16
train batch 17: predictions shape=(32, 2), labels shape=(32,)
epoch : 108
batch : 17/39
train accuracy : 0.75
train pred 0/1 : 15/17 label 0/1 : 13/19
train batch 18: predictions shape=(32, 2), labels shape=(32,)
epoch : 108
batch : 18/39
train accuracy : 0.71875
train pred 0/1 : 20/12 label 0/1 : 17/15
train batch 19: predictions shape=(32, 2), labels shape=(32,)
epoch : 108
batch : 19/39
train accuracy : 0.84375
train pred 0/1 : 14/18 label 0/1 : 13/19
train batch 20: predictions shape=(32, 2), labels shape=(32,)
epoch : 108
batch : 20/39
train accuracy : 0.71875
train pred 0/1 : 17/15 label 0/1 : 14/18
train batch 21: predictions shape=(32, 2), labels shape=(32,)
epoch : 108
batch : 21/39
train accuracy : 0.625
train pred 0/1 : 17/15 label 0/1 : 13/19
train batch 22: predictions shape=(32, 2), labels shape=(32,)
epoch : 108
batch : 22/39
train accuracy : 0.65625
train pred 0/1 : 18/14 label 0/1 : 15/17
train batch 23: predictions shape=(32, 2), labels shape=(32,)
epoch : 108
batch : 23/39
train accuracy : 0.71875
train pred 0/1 : 16/16 label 0/1 : 17/15
train batch 24: predictions shape=(32, 2), labels shape=(32,)
epoch : 108
batch : 24/39
train accuracy : 0.8125
train pred 0/1 : 15/17 label 0/1 : 13/19
train batch 25: predictions shape=(32, 2), labels shape=(32,)
epoch : 108
batch : 25/39
train accuracy : 0.8125
train pred 0/1 : 9/23 label 0/1 : 11/21
train batch 26: predictions shape=(32, 2), labels shape=(32,)
epoch : 108
batch : 26/39
train accuracy : 0.6875
train pred 0/1 : 16/16 label 0/1 : 12/20
train batch 27: predictions shape=(32, 2), labels shape=(32,)
epoch : 108
batch : 27/39
train accuracy : 0.65625
train pred 0/1 : 14/18 label 0/1 : 15/17
train batch 28: predictions shape=(32, 2), labels shape=(32,)
epoch : 108
batch : 28/39
train accuracy : 0.65625
train pred 0/1 : 10/22 label 0/1 : 13/19
train batch 29: predictions shape=(32, 2), labels shape=(32,)
epoch : 108
batch : 29/39
train accuracy : 0.6875
train pred 0/1 : 15/17 label 0/1 : 13/19
train batch 30: predictions shape=(32, 2), labels shape=(32,)
epoch : 108
batch : 30/39
train accuracy : 0.75
train pred 0/1 : 14/18 label 0/1 : 10/22
train batch 31: predictions shape=(32, 2), labels shape=(32,)
epoch : 108
batch : 31/39
train accuracy : 0.65625
train pred 0/1 : 16/16 label 0/1 : 19/13
train batch 32: predictions shape=(32, 2), labels shape=(32,)
epoch : 108
batch : 32/39
train accuracy : 0.71875
train pred 0/1 : 10/22 label 0/1 : 15/17
train batch 33: predictions shape=(32, 2), labels shape=(32,)
epoch : 108
batch : 33/39
train accuracy : 0.6875
train pred 0/1 : 17/15 label 0/1 : 15/17
train batch 34: predictions shape=(32, 2), labels shape=(32,)
epoch : 108
batch : 34/39
train accuracy : 0.6875
train pred 0/1 : 17/15 label 0/1 : 13/19
train batch 35: predictions shape=(32, 2), labels shape=(32,)
epoch : 108
batch : 35/39
train accuracy : 0.6875
train pred 0/1 : 14/18 label 0/1 : 14/18
train batch 36: predictions shape=(32, 2), labels shape=(32,)
epoch : 108
batch : 36/39
train accuracy : 0.75
train pred 0/1 : 21/11 label 0/1 : 21/11
train batch 37: predictions shape=(32, 2), labels shape=(32,)
epoch : 108
batch : 37/39
train accuracy : 0.84375
train pred 0/1 : 16/16 label 0/1 : 11/21
train batch 38: predictions shape=(32, 2), labels shape=(32,)
epoch : 108
batch : 38/39
train accuracy : 0.625
train pred 0/1 : 16/16 label 0/1 : 16/16
train batch 39: predictions shape=(8, 2), labels shape=(8,)
epoch : 108
batch : 39/39
train accuracy : 0.75
train pred 0/1 : 5/3 label 0/1 : 3/5
VALIDATION
valid batch 1: predictions shape=(32, 2), labels shape=(32,)
valid batch : 1/2
valid accuracy : 0.3125
valid pred 0/1 : 23/9 label 0/1 : 9/23
valid batch 2: predictions shape=(23, 2), labels shape=(23,)
valid batch : 2/2
valid accuracy : 0.08695652335882187
valid pred 0/1 : 21/2 label 0/1 : 4/19
valid epoch balanced_accuracy: 0.328755
EPOCH 109:
train batch 1: predictions shape=(32, 2), labels shape=(32,)
epoch : 109
batch : 1/39
train accuracy : 0.75
train pred 0/1 : 17/15 label 0/1 : 13/19
train batch 2: predictions shape=(32, 2), labels shape=(32,)
epoch : 109
batch : 2/39
train accuracy : 0.8125
train pred 0/1 : 8/24 label 0/1 : 12/20
train batch 3: predictions shape=(32, 2), labels shape=(32,)
epoch : 109
batch : 3/39
train accuracy : 0.78125
train pred 0/1 : 20/12 label 0/1 : 21/11
train batch 4: predictions shape=(32, 2), labels shape=(32,)
epoch : 109
batch : 4/39
train accuracy : 0.71875
train pred 0/1 : 16/16 label 0/1 : 15/17
train batch 5: predictions shape=(32, 2), labels shape=(32,)
epoch : 109
batch : 5/39
train accuracy : 0.75
train pred 0/1 : 11/21 label 0/1 : 11/21
train batch 6: predictions shape=(32, 2), labels shape=(32,)
epoch : 109
batch : 6/39
train accuracy : 0.8125
train pred 0/1 : 13/19 label 0/1 : 11/21
train batch 7: predictions shape=(32, 2), labels shape=(32,)
epoch : 109
batch : 7/39
train accuracy : 0.625
train pred 0/1 : 15/17 label 0/1 : 17/15
train batch 8: predictions shape=(32, 2), labels shape=(32,)
epoch : 109
batch : 8/39
train accuracy : 0.90625
train pred 0/1 : 17/15 label 0/1 : 16/16
train batch 9: predictions shape=(32, 2), labels shape=(32,)
epoch : 109
batch : 9/39
train accuracy : 0.625
train pred 0/1 : 13/19 label 0/1 : 15/17
train batch 10: predictions shape=(32, 2), labels shape=(32,)
epoch : 109
batch : 10/39
train accuracy : 0.65625
train pred 0/1 : 18/14 label 0/1 : 9/23
train batch 11: predictions shape=(32, 2), labels shape=(32,)
epoch : 109
batch : 11/39
train accuracy : 0.6875
train pred 0/1 : 13/19 label 0/1 : 15/17
train batch 12: predictions shape=(32, 2), labels shape=(32,)
epoch : 109
batch : 12/39
train accuracy : 0.625
train pred 0/1 : 19/13 label 0/1 : 13/19
train batch 13: predictions shape=(32, 2), labels shape=(32,)
epoch : 109
batch : 13/39
train accuracy : 0.78125
train pred 0/1 : 18/14 label 0/1 : 21/11
train batch 14: predictions shape=(32, 2), labels shape=(32,)
epoch : 109
batch : 14/39
train accuracy : 0.84375
train pred 0/1 : 11/21 label 0/1 : 14/18
train batch 15: predictions shape=(32, 2), labels shape=(32,)
epoch : 109
batch : 15/39
train accuracy : 0.6875
train pred 0/1 : 14/18 label 0/1 : 16/16
train batch 16: predictions shape=(32, 2), labels shape=(32,)
epoch : 109
batch : 16/39
train accuracy : 0.625
train pred 0/1 : 18/14 label 0/1 : 16/16
train batch 17: predictions shape=(32, 2), labels shape=(32,)
epoch : 109
batch : 17/39
train accuracy : 0.625
train pred 0/1 : 23/9 label 0/1 : 15/17
train batch 18: predictions shape=(32, 2), labels shape=(32,)
epoch : 109
batch : 18/39
train accuracy : 0.6875
train pred 0/1 : 14/18 label 0/1 : 16/16
train batch 19: predictions shape=(32, 2), labels shape=(32,)
epoch : 109
batch : 19/39
train accuracy : 0.5625
train pred 0/1 : 16/16 label 0/1 : 16/16
train batch 20: predictions shape=(32, 2), labels shape=(32,)
epoch : 109
batch : 20/39
train accuracy : 0.78125
train pred 0/1 : 18/14 label 0/1 : 15/17
train batch 21: predictions shape=(32, 2), labels shape=(32,)
epoch : 109
batch : 21/39
train accuracy : 0.78125
train pred 0/1 : 21/11 label 0/1 : 14/18
train batch 22: predictions shape=(32, 2), labels shape=(32,)
epoch : 109
batch : 22/39
train accuracy : 0.5
train pred 0/1 : 24/8 label 0/1 : 14/18
train batch 23: predictions shape=(32, 2), labels shape=(32,)
epoch : 109
batch : 23/39
train accuracy : 0.8125
train pred 0/1 : 20/12 label 0/1 : 16/16
train batch 24: predictions shape=(32, 2), labels shape=(32,)
epoch : 109
batch : 24/39
train accuracy : 0.6875
train pred 0/1 : 22/10 label 0/1 : 12/20
train batch 25: predictions shape=(32, 2), labels shape=(32,)
epoch : 109
batch : 25/39
train accuracy : 0.78125
train pred 0/1 : 21/11 label 0/1 : 14/18
train batch 26: predictions shape=(32, 2), labels shape=(32,)
epoch : 109
batch : 26/39
train accuracy : 0.5
train pred 0/1 : 25/7 label 0/1 : 13/19
train batch 27: predictions shape=(32, 2), labels shape=(32,)
epoch : 109
batch : 27/39
train accuracy : 0.59375
train pred 0/1 : 14/18 label 0/1 : 17/15
train batch 28: predictions shape=(32, 2), labels shape=(32,)
epoch : 109
batch : 28/39
train accuracy : 0.71875
train pred 0/1 : 12/20 label 0/1 : 11/21
train batch 29: predictions shape=(32, 2), labels shape=(32,)
epoch : 109
batch : 29/39
train accuracy : 0.53125
train pred 0/1 : 17/15 label 0/1 : 10/22
train batch 30: predictions shape=(32, 2), labels shape=(32,)
epoch : 109
batch : 30/39
train accuracy : 0.6875
train pred 0/1 : 18/14 label 0/1 : 14/18
train batch 31: predictions shape=(32, 2), labels shape=(32,)
epoch : 109
batch : 31/39
train accuracy : 0.5625
train pred 0/1 : 13/19 label 0/1 : 13/19
train batch 32: predictions shape=(32, 2), labels shape=(32,)
epoch : 109
batch : 32/39
train accuracy : 0.75
train pred 0/1 : 13/19 label 0/1 : 13/19
train batch 33: predictions shape=(32, 2), labels shape=(32,)
epoch : 109
batch : 33/39
train accuracy : 0.71875
train pred 0/1 : 14/18 label 0/1 : 13/19
train batch 34: predictions shape=(32, 2), labels shape=(32,)
epoch : 109
batch : 34/39
train accuracy : 0.8125
train pred 0/1 : 16/16 label 0/1 : 16/16
train batch 35: predictions shape=(32, 2), labels shape=(32,)
epoch : 109
batch : 35/39
train accuracy : 0.6875
train pred 0/1 : 15/17 label 0/1 : 13/19
train batch 36: predictions shape=(32, 2), labels shape=(32,)
epoch : 109
batch : 36/39
train accuracy : 0.78125
train pred 0/1 : 19/13 label 0/1 : 14/18
train batch 37: predictions shape=(32, 2), labels shape=(32,)
epoch : 109
batch : 37/39
train accuracy : 0.71875
train pred 0/1 : 14/18 label 0/1 : 17/15
train batch 38: predictions shape=(32, 2), labels shape=(32,)
epoch : 109
batch : 38/39
train accuracy : 0.90625
train pred 0/1 : 13/19 label 0/1 : 16/16
train batch 39: predictions shape=(8, 2), labels shape=(8,)
epoch : 109
batch : 39/39
train accuracy : 0.875
train pred 0/1 : 3/5 label 0/1 : 2/6
VALIDATION
valid batch 1: predictions shape=(32, 2), labels shape=(32,)
valid batch : 1/2
valid accuracy : 0.1875
valid pred 0/1 : 25/7 label 0/1 : 7/25
valid batch 2: predictions shape=(23, 2), labels shape=(23,)
valid batch : 2/2
valid accuracy : 0.21739131212234497
valid pred 0/1 : 18/5 label 0/1 : 6/17
valid epoch balanced_accuracy: 0.290293
EPOCH 110:
train batch 1: predictions shape=(32, 2), labels shape=(32,)
epoch : 110
batch : 1/39
train accuracy : 0.6875
train pred 0/1 : 11/21 label 0/1 : 13/19
train batch 2: predictions shape=(32, 2), labels shape=(32,)
epoch : 110
batch : 2/39
train accuracy : 0.71875
train pred 0/1 : 12/20 label 0/1 : 17/15
train batch 3: predictions shape=(32, 2), labels shape=(32,)
epoch : 110
batch : 3/39
train accuracy : 0.84375
train pred 0/1 : 14/18 label 0/1 : 15/17
train batch 4: predictions shape=(32, 2), labels shape=(32,)
epoch : 110
batch : 4/39
train accuracy : 0.78125
train pred 0/1 : 12/20 label 0/1 : 15/17
train batch 5: predictions shape=(32, 2), labels shape=(32,)
epoch : 110
batch : 5/39
train accuracy : 0.75
train pred 0/1 : 12/20 label 0/1 : 16/16
train batch 6: predictions shape=(32, 2), labels shape=(32,)
epoch : 110
batch : 6/39
train accuracy : 0.78125
train pred 0/1 : 13/19 label 0/1 : 10/22
train batch 7: predictions shape=(32, 2), labels shape=(32,)
epoch : 110
batch : 7/39
train accuracy : 0.90625
train pred 0/1 : 15/17 label 0/1 : 18/14
train batch 8: predictions shape=(32, 2), labels shape=(32,)
epoch : 110
batch : 8/39
train accuracy : 0.75
train pred 0/1 : 11/21 label 0/1 : 13/19
train batch 9: predictions shape=(32, 2), labels shape=(32,)
epoch : 110
batch : 9/39
train accuracy : 0.71875
train pred 0/1 : 13/19 label 0/1 : 12/20
train batch 10: predictions shape=(32, 2), labels shape=(32,)
epoch : 110
batch : 10/39
train accuracy : 0.78125
train pred 0/1 : 16/16 label 0/1 : 17/15
train batch 11: predictions shape=(32, 2), labels shape=(32,)
epoch : 110
batch : 11/39
train accuracy : 0.71875
train pred 0/1 : 19/13 label 0/1 : 18/14
train batch 12: predictions shape=(32, 2), labels shape=(32,)
epoch : 110
batch : 12/39
train accuracy : 0.78125
train pred 0/1 : 16/16 label 0/1 : 15/17
train batch 13: predictions shape=(32, 2), labels shape=(32,)
epoch : 110
batch : 13/39
train accuracy : 0.8125
train pred 0/1 : 14/18 label 0/1 : 16/16
train batch 14: predictions shape=(32, 2), labels shape=(32,)
epoch : 110
batch : 14/39
train accuracy : 0.78125
train pred 0/1 : 10/22 label 0/1 : 11/21
train batch 15: predictions shape=(32, 2), labels shape=(32,)
epoch : 110
batch : 15/39
train accuracy : 0.78125
train pred 0/1 : 17/15 label 0/1 : 18/14
train batch 16: predictions shape=(32, 2), labels shape=(32,)
epoch : 110
batch : 16/39
train accuracy : 0.75
train pred 0/1 : 9/23 label 0/1 : 15/17
train batch 17: predictions shape=(32, 2), labels shape=(32,)
epoch : 110
batch : 17/39
train accuracy : 0.6875
train pred 0/1 : 13/19 label 0/1 : 15/17
train batch 18: predictions shape=(32, 2), labels shape=(32,)
epoch : 110
batch : 18/39
train accuracy : 0.8125
train pred 0/1 : 14/18 label 0/1 : 16/16
train batch 19: predictions shape=(32, 2), labels shape=(32,)
epoch : 110
batch : 19/39
train accuracy : 0.65625
train pred 0/1 : 14/18 label 0/1 : 17/15
train batch 20: predictions shape=(32, 2), labels shape=(32,)
epoch : 110
batch : 20/39
train accuracy : 0.625
train pred 0/1 : 21/11 label 0/1 : 13/19
train batch 21: predictions shape=(32, 2), labels shape=(32,)
epoch : 110
batch : 21/39
train accuracy : 0.8125
train pred 0/1 : 14/18 label 0/1 : 14/18
train batch 22: predictions shape=(32, 2), labels shape=(32,)
epoch : 110
batch : 22/39
train accuracy : 0.8125
train pred 0/1 : 15/17 label 0/1 : 13/19
train batch 23: predictions shape=(32, 2), labels shape=(32,)
epoch : 110
batch : 23/39
train accuracy : 0.71875
train pred 0/1 : 15/17 label 0/1 : 10/22
train batch 24: predictions shape=(32, 2), labels shape=(32,)
epoch : 110
batch : 24/39
train accuracy : 0.71875
train pred 0/1 : 16/16 label 0/1 : 13/19
train batch 25: predictions shape=(32, 2), labels shape=(32,)
epoch : 110
batch : 25/39
train accuracy : 0.5
train pred 0/1 : 19/13 label 0/1 : 11/21
train batch 26: predictions shape=(32, 2), labels shape=(32,)
epoch : 110
batch : 26/39
train accuracy : 0.59375
train pred 0/1 : 22/10 label 0/1 : 17/15
train batch 27: predictions shape=(32, 2), labels shape=(32,)
epoch : 110
batch : 27/39
train accuracy : 0.75
train pred 0/1 : 19/13 label 0/1 : 17/15
train batch 28: predictions shape=(32, 2), labels shape=(32,)
epoch : 110
batch : 28/39
train accuracy : 0.71875
train pred 0/1 : 12/20 label 0/1 : 13/19
train batch 29: predictions shape=(32, 2), labels shape=(32,)
epoch : 110
batch : 29/39
train accuracy : 0.75
train pred 0/1 : 15/17 label 0/1 : 11/21
train batch 30: predictions shape=(32, 2), labels shape=(32,)
epoch : 110
batch : 30/39
train accuracy : 0.625
train pred 0/1 : 12/20 label 0/1 : 12/20
train batch 31: predictions shape=(32, 2), labels shape=(32,)
epoch : 110
batch : 31/39
train accuracy : 0.65625
train pred 0/1 : 13/19 label 0/1 : 16/16
train batch 32: predictions shape=(32, 2), labels shape=(32,)
epoch : 110
batch : 32/39
train accuracy : 0.65625
train pred 0/1 : 17/15 label 0/1 : 18/14
train batch 33: predictions shape=(32, 2), labels shape=(32,)
epoch : 110
batch : 33/39
train accuracy : 0.65625
train pred 0/1 : 13/19 label 0/1 : 12/20
train batch 34: predictions shape=(32, 2), labels shape=(32,)
epoch : 110
batch : 34/39
train accuracy : 0.75
train pred 0/1 : 16/16 label 0/1 : 16/16
train batch 35: predictions shape=(32, 2), labels shape=(32,)
epoch : 110
batch : 35/39
train accuracy : 0.78125
train pred 0/1 : 18/14 label 0/1 : 19/13
train batch 36: predictions shape=(32, 2), labels shape=(32,)
epoch : 110
batch : 36/39
train accuracy : 0.65625
train pred 0/1 : 20/12 label 0/1 : 11/21
train batch 37: predictions shape=(32, 2), labels shape=(32,)
epoch : 110
batch : 37/39
train accuracy : 0.71875
train pred 0/1 : 7/25 label 0/1 : 12/20
train batch 38: predictions shape=(32, 2), labels shape=(32,)
epoch : 110
batch : 38/39
train accuracy : 0.6875
train pred 0/1 : 16/16 label 0/1 : 12/20
train batch 39: predictions shape=(8, 2), labels shape=(8,)
epoch : 110
batch : 39/39
train accuracy : 0.75
train pred 0/1 : 4/4 label 0/1 : 2/6
VALIDATION
valid batch 1: predictions shape=(32, 2), labels shape=(32,)
valid batch : 1/2
valid accuracy : 0.25
valid pred 0/1 : 25/7 label 0/1 : 11/21
valid batch 2: predictions shape=(23, 2), labels shape=(23,)
valid batch : 2/2
valid accuracy : 0.1304347813129425
valid pred 0/1 : 20/3 label 0/1 : 2/21
valid epoch balanced_accuracy: 0.316850
EPOCH 111:
train batch 1: predictions shape=(32, 2), labels shape=(32,)
epoch : 111
batch : 1/39
train accuracy : 0.78125
train pred 0/1 : 14/18 label 0/1 : 11/21
train batch 2: predictions shape=(32, 2), labels shape=(32,)
epoch : 111
batch : 2/39
train accuracy : 0.6875
train pred 0/1 : 12/20 label 0/1 : 16/16
train batch 3: predictions shape=(32, 2), labels shape=(32,)
epoch : 111
batch : 3/39
train accuracy : 0.6875
train pred 0/1 : 11/21 label 0/1 : 17/15
train batch 4: predictions shape=(32, 2), labels shape=(32,)
epoch : 111
batch : 4/39
train accuracy : 0.84375
train pred 0/1 : 15/17 label 0/1 : 18/14
train batch 5: predictions shape=(32, 2), labels shape=(32,)
epoch : 111
batch : 5/39
train accuracy : 0.71875
train pred 0/1 : 15/17 label 0/1 : 12/20
train batch 6: predictions shape=(32, 2), labels shape=(32,)
epoch : 111
batch : 6/39
train accuracy : 0.71875
train pred 0/1 : 10/22 label 0/1 : 15/17
train batch 7: predictions shape=(32, 2), labels shape=(32,)
epoch : 111
batch : 7/39
train accuracy : 0.84375
train pred 0/1 : 11/21 label 0/1 : 12/20
train batch 8: predictions shape=(32, 2), labels shape=(32,)
epoch : 111
batch : 8/39
train accuracy : 0.75
train pred 0/1 : 22/10 label 0/1 : 18/14
train batch 9: predictions shape=(32, 2), labels shape=(32,)
epoch : 111
batch : 9/39
train accuracy : 0.65625
train pred 0/1 : 18/14 label 0/1 : 17/15
train batch 10: predictions shape=(32, 2), labels shape=(32,)
epoch : 111
batch : 10/39
train accuracy : 0.90625
train pred 0/1 : 16/16 label 0/1 : 15/17
train batch 11: predictions shape=(32, 2), labels shape=(32,)
epoch : 111
batch : 11/39
train accuracy : 0.5625
train pred 0/1 : 19/13 label 0/1 : 15/17
train batch 12: predictions shape=(32, 2), labels shape=(32,)
epoch : 111
batch : 12/39
train accuracy : 0.6875
train pred 0/1 : 16/16 label 0/1 : 16/16
train batch 13: predictions shape=(32, 2), labels shape=(32,)
epoch : 111
batch : 13/39
train accuracy : 0.71875
train pred 0/1 : 16/16 label 0/1 : 11/21
train batch 14: predictions shape=(32, 2), labels shape=(32,)
epoch : 111
batch : 14/39
train accuracy : 0.53125
train pred 0/1 : 21/11 label 0/1 : 10/22
train batch 15: predictions shape=(32, 2), labels shape=(32,)
epoch : 111
batch : 15/39
train accuracy : 0.6875
train pred 0/1 : 23/9 label 0/1 : 15/17
train batch 16: predictions shape=(32, 2), labels shape=(32,)
epoch : 111
batch : 16/39
train accuracy : 0.78125
train pred 0/1 : 18/14 label 0/1 : 15/17
train batch 17: predictions shape=(32, 2), labels shape=(32,)
epoch : 111
batch : 17/39
train accuracy : 0.78125
train pred 0/1 : 18/14 label 0/1 : 13/19
train batch 18: predictions shape=(32, 2), labels shape=(32,)
epoch : 111
batch : 18/39
train accuracy : 0.75
train pred 0/1 : 13/19 label 0/1 : 15/17
train batch 19: predictions shape=(32, 2), labels shape=(32,)
epoch : 111
batch : 19/39
train accuracy : 0.78125
train pred 0/1 : 13/19 label 0/1 : 14/18
train batch 20: predictions shape=(32, 2), labels shape=(32,)
epoch : 111
batch : 20/39
train accuracy : 0.78125
train pred 0/1 : 13/19 label 0/1 : 10/22
train batch 21: predictions shape=(32, 2), labels shape=(32,)
epoch : 111
batch : 21/39
train accuracy : 0.78125
train pred 0/1 : 16/16 label 0/1 : 15/17
train batch 22: predictions shape=(32, 2), labels shape=(32,)
epoch : 111
batch : 22/39
train accuracy : 0.90625
train pred 0/1 : 11/21 label 0/1 : 12/20
train batch 23: predictions shape=(32, 2), labels shape=(32,)
epoch : 111
batch : 23/39
train accuracy : 0.5625
train pred 0/1 : 7/25 label 0/1 : 15/17
train batch 24: predictions shape=(32, 2), labels shape=(32,)
epoch : 111
batch : 24/39
train accuracy : 0.65625
train pred 0/1 : 12/20 label 0/1 : 15/17
train batch 25: predictions shape=(32, 2), labels shape=(32,)
epoch : 111
batch : 25/39
train accuracy : 0.78125
train pred 0/1 : 17/15 label 0/1 : 18/14
train batch 26: predictions shape=(32, 2), labels shape=(32,)
epoch : 111
batch : 26/39
train accuracy : 0.75
train pred 0/1 : 11/21 label 0/1 : 11/21
train batch 27: predictions shape=(32, 2), labels shape=(32,)
epoch : 111
batch : 27/39
train accuracy : 0.6875
train pred 0/1 : 16/16 label 0/1 : 16/16
train batch 28: predictions shape=(32, 2), labels shape=(32,)
epoch : 111
batch : 28/39
train accuracy : 0.59375
train pred 0/1 : 16/16 label 0/1 : 15/17
train batch 29: predictions shape=(32, 2), labels shape=(32,)
epoch : 111
batch : 29/39
train accuracy : 0.625
train pred 0/1 : 14/18 label 0/1 : 14/18
train batch 30: predictions shape=(32, 2), labels shape=(32,)
epoch : 111
batch : 30/39
train accuracy : 0.6875
train pred 0/1 : 16/16 label 0/1 : 12/20
train batch 31: predictions shape=(32, 2), labels shape=(32,)
epoch : 111
batch : 31/39
train accuracy : 0.71875
train pred 0/1 : 14/18 label 0/1 : 13/19
train batch 32: predictions shape=(32, 2), labels shape=(32,)
epoch : 111
batch : 32/39
train accuracy : 0.8125
train pred 0/1 : 14/18 label 0/1 : 16/16
train batch 33: predictions shape=(32, 2), labels shape=(32,)
epoch : 111
batch : 33/39
train accuracy : 0.65625
train pred 0/1 : 13/19 label 0/1 : 16/16
train batch 34: predictions shape=(32, 2), labels shape=(32,)
epoch : 111
batch : 34/39
train accuracy : 0.78125
train pred 0/1 : 12/20 label 0/1 : 9/23
train batch 35: predictions shape=(32, 2), labels shape=(32,)
epoch : 111
batch : 35/39
train accuracy : 0.625
train pred 0/1 : 18/14 label 0/1 : 16/16
train batch 36: predictions shape=(32, 2), labels shape=(32,)
epoch : 111
batch : 36/39
train accuracy : 0.75
train pred 0/1 : 15/17 label 0/1 : 15/17
train batch 37: predictions shape=(32, 2), labels shape=(32,)
epoch : 111
batch : 37/39
train accuracy : 0.75
train pred 0/1 : 11/21 label 0/1 : 13/19
train batch 38: predictions shape=(32, 2), labels shape=(32,)
epoch : 111
batch : 38/39
train accuracy : 0.8125
train pred 0/1 : 18/14 label 0/1 : 20/12
train batch 39: predictions shape=(8, 2), labels shape=(8,)
epoch : 111
batch : 39/39
train accuracy : 0.375
train pred 0/1 : 6/2 label 0/1 : 3/5
VALIDATION
valid batch 1: predictions shape=(32, 2), labels shape=(32,)
valid batch : 1/2
valid accuracy : 0.3125
valid pred 0/1 : 27/5 label 0/1 : 7/25
valid batch 2: predictions shape=(23, 2), labels shape=(23,)
valid batch : 2/2
valid accuracy : 0.08695652335882187
valid pred 0/1 : 17/6 label 0/1 : 6/17
valid epoch balanced_accuracy: 0.328755
EPOCH 112:
train batch 1: predictions shape=(32, 2), labels shape=(32,)
epoch : 112
batch : 1/39
train accuracy : 0.78125
train pred 0/1 : 19/13 label 0/1 : 18/14
train batch 2: predictions shape=(32, 2), labels shape=(32,)
epoch : 112
batch : 2/39
train accuracy : 0.71875
train pred 0/1 : 13/19 label 0/1 : 14/18
train batch 3: predictions shape=(32, 2), labels shape=(32,)
epoch : 112
batch : 3/39
train accuracy : 0.78125
train pred 0/1 : 11/21 label 0/1 : 18/14
train batch 4: predictions shape=(32, 2), labels shape=(32,)
epoch : 112
batch : 4/39
train accuracy : 0.8125
train pred 0/1 : 13/19 label 0/1 : 9/23
train batch 5: predictions shape=(32, 2), labels shape=(32,)
epoch : 112
batch : 5/39
train accuracy : 0.75
train pred 0/1 : 8/24 label 0/1 : 8/24
train batch 6: predictions shape=(32, 2), labels shape=(32,)
epoch : 112
batch : 6/39
train accuracy : 0.75
train pred 0/1 : 14/18 label 0/1 : 14/18
train batch 7: predictions shape=(32, 2), labels shape=(32,)
epoch : 112
batch : 7/39
train accuracy : 0.71875
train pred 0/1 : 7/25 label 0/1 : 10/22
train batch 8: predictions shape=(32, 2), labels shape=(32,)
epoch : 112
batch : 8/39
train accuracy : 0.6875
train pred 0/1 : 12/20 label 0/1 : 12/20
train batch 9: predictions shape=(32, 2), labels shape=(32,)
epoch : 112
batch : 9/39
train accuracy : 0.6875
train pred 0/1 : 12/20 label 0/1 : 16/16
train batch 10: predictions shape=(32, 2), labels shape=(32,)
epoch : 112
batch : 10/39
train accuracy : 0.6875
train pred 0/1 : 8/24 label 0/1 : 14/18
train batch 11: predictions shape=(32, 2), labels shape=(32,)
epoch : 112
batch : 11/39
train accuracy : 0.625
train pred 0/1 : 11/21 label 0/1 : 13/19
train batch 12: predictions shape=(32, 2), labels shape=(32,)
epoch : 112
batch : 12/39
train accuracy : 0.75
train pred 0/1 : 12/20 label 0/1 : 16/16
train batch 13: predictions shape=(32, 2), labels shape=(32,)
epoch : 112
batch : 13/39
train accuracy : 0.78125
train pred 0/1 : 12/20 label 0/1 : 13/19
train batch 14: predictions shape=(32, 2), labels shape=(32,)
epoch : 112
batch : 14/39
train accuracy : 0.625
train pred 0/1 : 13/19 label 0/1 : 21/11
train batch 15: predictions shape=(32, 2), labels shape=(32,)
epoch : 112
batch : 15/39
train accuracy : 0.78125
train pred 0/1 : 17/15 label 0/1 : 14/18
train batch 16: predictions shape=(32, 2), labels shape=(32,)
epoch : 112
batch : 16/39
train accuracy : 0.6875
train pred 0/1 : 12/20 label 0/1 : 10/22
train batch 17: predictions shape=(32, 2), labels shape=(32,)
epoch : 112
batch : 17/39
train accuracy : 0.65625
train pred 0/1 : 15/17 label 0/1 : 10/22
train batch 18: predictions shape=(32, 2), labels shape=(32,)
epoch : 112
batch : 18/39
train accuracy : 0.84375
train pred 0/1 : 13/19 label 0/1 : 14/18
train batch 19: predictions shape=(32, 2), labels shape=(32,)
epoch : 112
batch : 19/39
train accuracy : 0.84375
train pred 0/1 : 13/19 label 0/1 : 18/14
train batch 20: predictions shape=(32, 2), labels shape=(32,)
epoch : 112
batch : 20/39
train accuracy : 0.6875
train pred 0/1 : 13/19 label 0/1 : 17/15
train batch 21: predictions shape=(32, 2), labels shape=(32,)
epoch : 112
batch : 21/39
train accuracy : 0.78125
train pred 0/1 : 16/16 label 0/1 : 15/17
train batch 22: predictions shape=(32, 2), labels shape=(32,)
epoch : 112
batch : 22/39
train accuracy : 0.78125
train pred 0/1 : 15/17 label 0/1 : 10/22
train batch 23: predictions shape=(32, 2), labels shape=(32,)
epoch : 112
batch : 23/39
train accuracy : 0.65625
train pred 0/1 : 12/20 label 0/1 : 13/19
train batch 24: predictions shape=(32, 2), labels shape=(32,)
epoch : 112
batch : 24/39
train accuracy : 0.71875
train pred 0/1 : 13/19 label 0/1 : 14/18
train batch 25: predictions shape=(32, 2), labels shape=(32,)
epoch : 112
batch : 25/39
train accuracy : 0.75
train pred 0/1 : 9/23 label 0/1 : 9/23
train batch 26: predictions shape=(32, 2), labels shape=(32,)
epoch : 112
batch : 26/39
train accuracy : 0.625
train pred 0/1 : 13/19 label 0/1 : 19/13
train batch 27: predictions shape=(32, 2), labels shape=(32,)
epoch : 112
batch : 27/39
train accuracy : 0.65625
train pred 0/1 : 19/13 label 0/1 : 18/14
train batch 28: predictions shape=(32, 2), labels shape=(32,)
epoch : 112
batch : 28/39
train accuracy : 0.625
train pred 0/1 : 20/12 label 0/1 : 14/18
train batch 29: predictions shape=(32, 2), labels shape=(32,)
epoch : 112
batch : 29/39
train accuracy : 0.65625
train pred 0/1 : 17/15 label 0/1 : 16/16
train batch 30: predictions shape=(32, 2), labels shape=(32,)
epoch : 112
batch : 30/39
train accuracy : 0.84375
train pred 0/1 : 17/15 label 0/1 : 16/16
train batch 31: predictions shape=(32, 2), labels shape=(32,)
epoch : 112
batch : 31/39
train accuracy : 0.6875
train pred 0/1 : 19/13 label 0/1 : 17/15
train batch 32: predictions shape=(32, 2), labels shape=(32,)
epoch : 112
batch : 32/39
train accuracy : 0.78125
train pred 0/1 : 24/8 label 0/1 : 21/11
train batch 33: predictions shape=(32, 2), labels shape=(32,)
epoch : 112
batch : 33/39
train accuracy : 0.6875
train pred 0/1 : 20/12 label 0/1 : 14/18
train batch 34: predictions shape=(32, 2), labels shape=(32,)
epoch : 112
batch : 34/39
train accuracy : 0.65625
train pred 0/1 : 24/8 label 0/1 : 13/19
train batch 35: predictions shape=(32, 2), labels shape=(32,)
epoch : 112
batch : 35/39
train accuracy : 0.65625
train pred 0/1 : 16/16 label 0/1 : 11/21
train batch 36: predictions shape=(32, 2), labels shape=(32,)
epoch : 112
batch : 36/39
train accuracy : 0.78125
train pred 0/1 : 19/13 label 0/1 : 14/18
train batch 37: predictions shape=(32, 2), labels shape=(32,)
epoch : 112
batch : 37/39
train accuracy : 0.8125
train pred 0/1 : 22/10 label 0/1 : 18/14
train batch 38: predictions shape=(32, 2), labels shape=(32,)
epoch : 112
batch : 38/39
train accuracy : 0.875
train pred 0/1 : 15/17 label 0/1 : 15/17
train batch 39: predictions shape=(8, 2), labels shape=(8,)
epoch : 112
batch : 39/39
train accuracy : 0.625
train pred 0/1 : 2/6 label 0/1 : 3/5
VALIDATION
valid batch 1: predictions shape=(32, 2), labels shape=(32,)
valid batch : 1/2
valid accuracy : 0.21875
valid pred 0/1 : 25/7 label 0/1 : 10/22
valid batch 2: predictions shape=(23, 2), labels shape=(23,)
valid batch : 2/2
valid accuracy : 0.21739131212234497
valid pred 0/1 : 19/4 label 0/1 : 3/20
valid epoch balanced_accuracy: 0.328755
EPOCH 113:
train batch 1: predictions shape=(32, 2), labels shape=(32,)
epoch : 113
batch : 1/39
train accuracy : 0.84375
train pred 0/1 : 10/22 label 0/1 : 13/19
train batch 2: predictions shape=(32, 2), labels shape=(32,)
epoch : 113
batch : 2/39
train accuracy : 0.6875
train pred 0/1 : 8/24 label 0/1 : 14/18
train batch 3: predictions shape=(32, 2), labels shape=(32,)
epoch : 113
batch : 3/39
train accuracy : 0.84375
train pred 0/1 : 12/20 label 0/1 : 11/21
train batch 4: predictions shape=(32, 2), labels shape=(32,)
epoch : 113
batch : 4/39
train accuracy : 0.78125
train pred 0/1 : 18/14 label 0/1 : 15/17
train batch 5: predictions shape=(32, 2), labels shape=(32,)
epoch : 113
batch : 5/39
train accuracy : 0.75
train pred 0/1 : 16/16 label 0/1 : 14/18
train batch 6: predictions shape=(32, 2), labels shape=(32,)
epoch : 113
batch : 6/39
train accuracy : 0.8125
train pred 0/1 : 13/19 label 0/1 : 15/17
train batch 7: predictions shape=(32, 2), labels shape=(32,)
epoch : 113
batch : 7/39
train accuracy : 0.59375
train pred 0/1 : 16/16 label 0/1 : 15/17
train batch 8: predictions shape=(32, 2), labels shape=(32,)
epoch : 113
batch : 8/39
train accuracy : 0.78125
train pred 0/1 : 13/19 label 0/1 : 12/20
train batch 9: predictions shape=(32, 2), labels shape=(32,)
epoch : 113
batch : 9/39
train accuracy : 0.65625
train pred 0/1 : 13/19 label 0/1 : 8/24
train batch 10: predictions shape=(32, 2), labels shape=(32,)
epoch : 113
batch : 10/39
train accuracy : 0.8125
train pred 0/1 : 8/24 label 0/1 : 12/20
train batch 11: predictions shape=(32, 2), labels shape=(32,)
epoch : 113
batch : 11/39
train accuracy : 0.625
train pred 0/1 : 16/16 label 0/1 : 12/20
train batch 12: predictions shape=(32, 2), labels shape=(32,)
epoch : 113
batch : 12/39
train accuracy : 0.65625
train pred 0/1 : 13/19 label 0/1 : 16/16
train batch 13: predictions shape=(32, 2), labels shape=(32,)
epoch : 113
batch : 13/39
train accuracy : 0.6875
train pred 0/1 : 14/18 label 0/1 : 14/18
train batch 14: predictions shape=(32, 2), labels shape=(32,)
epoch : 113
batch : 14/39
train accuracy : 0.8125
train pred 0/1 : 17/15 label 0/1 : 17/15
train batch 15: predictions shape=(32, 2), labels shape=(32,)
epoch : 113
batch : 15/39
train accuracy : 0.59375
train pred 0/1 : 12/20 label 0/1 : 11/21
train batch 16: predictions shape=(32, 2), labels shape=(32,)
epoch : 113
batch : 16/39
train accuracy : 0.65625
train pred 0/1 : 19/13 label 0/1 : 16/16
train batch 17: predictions shape=(32, 2), labels shape=(32,)
epoch : 113
batch : 17/39
train accuracy : 0.65625
train pred 0/1 : 13/19 label 0/1 : 10/22
train batch 18: predictions shape=(32, 2), labels shape=(32,)
epoch : 113
batch : 18/39
train accuracy : 0.71875
train pred 0/1 : 18/14 label 0/1 : 15/17
train batch 19: predictions shape=(32, 2), labels shape=(32,)
epoch : 113
batch : 19/39
train accuracy : 0.71875
train pred 0/1 : 19/13 label 0/1 : 16/16
train batch 20: predictions shape=(32, 2), labels shape=(32,)
epoch : 113
batch : 20/39
train accuracy : 0.65625
train pred 0/1 : 20/12 label 0/1 : 15/17
train batch 21: predictions shape=(32, 2), labels shape=(32,)
epoch : 113
batch : 21/39
train accuracy : 0.6875
train pred 0/1 : 16/16 label 0/1 : 16/16
train batch 22: predictions shape=(32, 2), labels shape=(32,)
epoch : 113
batch : 22/39
train accuracy : 0.78125
train pred 0/1 : 21/11 label 0/1 : 18/14
train batch 23: predictions shape=(32, 2), labels shape=(32,)
epoch : 113
batch : 23/39
train accuracy : 0.6875
train pred 0/1 : 24/8 label 0/1 : 18/14
train batch 24: predictions shape=(32, 2), labels shape=(32,)
epoch : 113
batch : 24/39
train accuracy : 0.6875
train pred 0/1 : 21/11 label 0/1 : 13/19
train batch 25: predictions shape=(32, 2), labels shape=(32,)
epoch : 113
batch : 25/39
train accuracy : 0.78125
train pred 0/1 : 17/15 label 0/1 : 10/22
train batch 26: predictions shape=(32, 2), labels shape=(32,)
epoch : 113
batch : 26/39
train accuracy : 0.71875
train pred 0/1 : 23/9 label 0/1 : 16/16
train batch 27: predictions shape=(32, 2), labels shape=(32,)
epoch : 113
batch : 27/39
train accuracy : 0.65625
train pred 0/1 : 20/12 label 0/1 : 17/15
train batch 28: predictions shape=(32, 2), labels shape=(32,)
epoch : 113
batch : 28/39
train accuracy : 0.625
train pred 0/1 : 16/16 label 0/1 : 18/14
train batch 29: predictions shape=(32, 2), labels shape=(32,)
epoch : 113
batch : 29/39
train accuracy : 0.78125
train pred 0/1 : 23/9 label 0/1 : 18/14
train batch 30: predictions shape=(32, 2), labels shape=(32,)
epoch : 113
batch : 30/39
train accuracy : 0.71875
train pred 0/1 : 12/20 label 0/1 : 15/17
train batch 31: predictions shape=(32, 2), labels shape=(32,)
epoch : 113
batch : 31/39
train accuracy : 0.75
train pred 0/1 : 18/14 label 0/1 : 12/20
train batch 32: predictions shape=(32, 2), labels shape=(32,)
epoch : 113
batch : 32/39
train accuracy : 0.71875
train pred 0/1 : 14/18 label 0/1 : 11/21
train batch 33: predictions shape=(32, 2), labels shape=(32,)
epoch : 113
batch : 33/39
train accuracy : 0.84375
train pred 0/1 : 17/15 label 0/1 : 18/14
train batch 34: predictions shape=(32, 2), labels shape=(32,)
epoch : 113
batch : 34/39
train accuracy : 0.71875
train pred 0/1 : 12/20 label 0/1 : 15/17
train batch 35: predictions shape=(32, 2), labels shape=(32,)
epoch : 113
batch : 35/39
train accuracy : 0.6875
train pred 0/1 : 22/10 label 0/1 : 18/14
train batch 36: predictions shape=(32, 2), labels shape=(32,)
epoch : 113
batch : 36/39
train accuracy : 0.65625
train pred 0/1 : 19/13 label 0/1 : 12/20
train batch 37: predictions shape=(32, 2), labels shape=(32,)
epoch : 113
batch : 37/39
train accuracy : 0.71875
train pred 0/1 : 19/13 label 0/1 : 16/16
train batch 38: predictions shape=(32, 2), labels shape=(32,)
epoch : 113
batch : 38/39
train accuracy : 0.78125
train pred 0/1 : 13/19 label 0/1 : 12/20
train batch 39: predictions shape=(8, 2), labels shape=(8,)
epoch : 113
batch : 39/39
train accuracy : 0.625
train pred 0/1 : 4/4 label 0/1 : 5/3
VALIDATION
valid batch 1: predictions shape=(32, 2), labels shape=(32,)
valid batch : 1/2
valid accuracy : 0.1875
valid pred 0/1 : 28/4 label 0/1 : 8/24
valid batch 2: predictions shape=(23, 2), labels shape=(23,)
valid batch : 2/2
valid accuracy : 0.21739131212234497
valid pred 0/1 : 19/4 label 0/1 : 5/18
valid epoch balanced_accuracy: 0.343407
EPOCH 114:
train batch 1: predictions shape=(32, 2), labels shape=(32,)
epoch : 114
batch : 1/39
train accuracy : 0.8125
train pred 0/1 : 14/18 label 0/1 : 12/20
train batch 2: predictions shape=(32, 2), labels shape=(32,)
epoch : 114
batch : 2/39
train accuracy : 0.71875
train pred 0/1 : 14/18 label 0/1 : 17/15
train batch 3: predictions shape=(32, 2), labels shape=(32,)
epoch : 114
batch : 3/39
train accuracy : 0.6875
train pred 0/1 : 17/15 label 0/1 : 17/15
train batch 4: predictions shape=(32, 2), labels shape=(32,)
epoch : 114
batch : 4/39
train accuracy : 0.71875
train pred 0/1 : 13/19 label 0/1 : 14/18
train batch 5: predictions shape=(32, 2), labels shape=(32,)
epoch : 114
batch : 5/39
train accuracy : 0.71875
train pred 0/1 : 20/12 label 0/1 : 17/15
train batch 6: predictions shape=(32, 2), labels shape=(32,)
epoch : 114
batch : 6/39
train accuracy : 0.8125
train pred 0/1 : 14/18 label 0/1 : 14/18
train batch 7: predictions shape=(32, 2), labels shape=(32,)
epoch : 114
batch : 7/39
train accuracy : 0.8125
train pred 0/1 : 15/17 label 0/1 : 13/19
train batch 8: predictions shape=(32, 2), labels shape=(32,)
epoch : 114
batch : 8/39
train accuracy : 0.84375
train pred 0/1 : 18/14 label 0/1 : 13/19
train batch 9: predictions shape=(32, 2), labels shape=(32,)
epoch : 114
batch : 9/39
train accuracy : 0.65625
train pred 0/1 : 17/15 label 0/1 : 12/20
train batch 10: predictions shape=(32, 2), labels shape=(32,)
epoch : 114
batch : 10/39
train accuracy : 0.71875
train pred 0/1 : 19/13 label 0/1 : 16/16
train batch 11: predictions shape=(32, 2), labels shape=(32,)
epoch : 114
batch : 11/39
train accuracy : 0.71875
train pred 0/1 : 11/21 label 0/1 : 10/22
train batch 12: predictions shape=(32, 2), labels shape=(32,)
epoch : 114
batch : 12/39
train accuracy : 0.78125
train pred 0/1 : 18/14 label 0/1 : 13/19
train batch 13: predictions shape=(32, 2), labels shape=(32,)
epoch : 114
batch : 13/39
train accuracy : 0.78125
train pred 0/1 : 17/15 label 0/1 : 18/14
train batch 14: predictions shape=(32, 2), labels shape=(32,)
epoch : 114
batch : 14/39
train accuracy : 0.71875
train pred 0/1 : 15/17 label 0/1 : 16/16
train batch 15: predictions shape=(32, 2), labels shape=(32,)
epoch : 114
batch : 15/39
train accuracy : 0.75
train pred 0/1 : 18/14 label 0/1 : 12/20
train batch 16: predictions shape=(32, 2), labels shape=(32,)
epoch : 114
batch : 16/39
train accuracy : 0.59375
train pred 0/1 : 16/16 label 0/1 : 19/13
train batch 17: predictions shape=(32, 2), labels shape=(32,)
epoch : 114
batch : 17/39
train accuracy : 0.65625
train pred 0/1 : 17/15 label 0/1 : 14/18
train batch 18: predictions shape=(32, 2), labels shape=(32,)
epoch : 114
batch : 18/39
train accuracy : 0.71875
train pred 0/1 : 18/14 label 0/1 : 11/21
train batch 19: predictions shape=(32, 2), labels shape=(32,)
epoch : 114
batch : 19/39
train accuracy : 0.71875
train pred 0/1 : 19/13 label 0/1 : 16/16
train batch 20: predictions shape=(32, 2), labels shape=(32,)
epoch : 114
batch : 20/39
train accuracy : 0.65625
train pred 0/1 : 16/16 label 0/1 : 17/15
train batch 21: predictions shape=(32, 2), labels shape=(32,)
epoch : 114
batch : 21/39
train accuracy : 0.625
train pred 0/1 : 15/17 label 0/1 : 9/23
train batch 22: predictions shape=(32, 2), labels shape=(32,)
epoch : 114
batch : 22/39
train accuracy : 0.53125
train pred 0/1 : 14/18 label 0/1 : 15/17
train batch 23: predictions shape=(32, 2), labels shape=(32,)
epoch : 114
batch : 23/39
train accuracy : 0.75
train pred 0/1 : 14/18 label 0/1 : 14/18
train batch 24: predictions shape=(32, 2), labels shape=(32,)
epoch : 114
batch : 24/39
train accuracy : 0.78125
train pred 0/1 : 18/14 label 0/1 : 17/15
train batch 25: predictions shape=(32, 2), labels shape=(32,)
epoch : 114
batch : 25/39
train accuracy : 0.65625
train pred 0/1 : 15/17 label 0/1 : 20/12
train batch 26: predictions shape=(32, 2), labels shape=(32,)
epoch : 114
batch : 26/39
train accuracy : 0.84375
train pred 0/1 : 20/12 label 0/1 : 19/13
train batch 27: predictions shape=(32, 2), labels shape=(32,)
epoch : 114
batch : 27/39
train accuracy : 0.75
train pred 0/1 : 16/16 label 0/1 : 14/18
train batch 28: predictions shape=(32, 2), labels shape=(32,)
epoch : 114
batch : 28/39
train accuracy : 0.59375
train pred 0/1 : 21/11 label 0/1 : 14/18
train batch 29: predictions shape=(32, 2), labels shape=(32,)
epoch : 114
batch : 29/39
train accuracy : 0.625
train pred 0/1 : 19/13 label 0/1 : 9/23
train batch 30: predictions shape=(32, 2), labels shape=(32,)
epoch : 114
batch : 30/39
train accuracy : 0.6875
train pred 0/1 : 19/13 label 0/1 : 11/21
train batch 31: predictions shape=(32, 2), labels shape=(32,)
epoch : 114
batch : 31/39
train accuracy : 0.625
train pred 0/1 : 17/15 label 0/1 : 13/19
train batch 32: predictions shape=(32, 2), labels shape=(32,)
epoch : 114
batch : 32/39
train accuracy : 0.6875
train pred 0/1 : 18/14 label 0/1 : 12/20
train batch 33: predictions shape=(32, 2), labels shape=(32,)
epoch : 114
batch : 33/39
train accuracy : 0.75
train pred 0/1 : 10/22 label 0/1 : 10/22
train batch 34: predictions shape=(32, 2), labels shape=(32,)
epoch : 114
batch : 34/39
train accuracy : 0.65625
train pred 0/1 : 19/13 label 0/1 : 12/20
train batch 35: predictions shape=(32, 2), labels shape=(32,)
epoch : 114
batch : 35/39
train accuracy : 0.78125
train pred 0/1 : 14/18 label 0/1 : 17/15
train batch 36: predictions shape=(32, 2), labels shape=(32,)
epoch : 114
batch : 36/39
train accuracy : 0.65625
train pred 0/1 : 14/18 label 0/1 : 19/13
train batch 37: predictions shape=(32, 2), labels shape=(32,)
epoch : 114
batch : 37/39
train accuracy : 0.65625
train pred 0/1 : 13/19 label 0/1 : 16/16
train batch 38: predictions shape=(32, 2), labels shape=(32,)
epoch : 114
batch : 38/39
train accuracy : 0.8125
train pred 0/1 : 11/21 label 0/1 : 13/19
train batch 39: predictions shape=(8, 2), labels shape=(8,)
epoch : 114
batch : 39/39
train accuracy : 0.875
train pred 0/1 : 3/5 label 0/1 : 4/4
VALIDATION
valid batch 1: predictions shape=(32, 2), labels shape=(32,)
valid batch : 1/2
valid accuracy : 0.21875
valid pred 0/1 : 26/6 label 0/1 : 7/25
valid batch 2: predictions shape=(23, 2), labels shape=(23,)
valid batch : 2/2
valid accuracy : 0.1304347813129425
valid pred 0/1 : 16/7 label 0/1 : 6/17
valid epoch balanced_accuracy: 0.251832
EPOCH 115:
train batch 1: predictions shape=(32, 2), labels shape=(32,)
epoch : 115
batch : 1/39
train accuracy : 0.625
train pred 0/1 : 14/18 label 0/1 : 12/20
train batch 2: predictions shape=(32, 2), labels shape=(32,)
epoch : 115
batch : 2/39
train accuracy : 0.8125
train pred 0/1 : 11/21 label 0/1 : 13/19
train batch 3: predictions shape=(32, 2), labels shape=(32,)
epoch : 115
batch : 3/39
train accuracy : 0.65625
train pred 0/1 : 11/21 label 0/1 : 18/14
train batch 4: predictions shape=(32, 2), labels shape=(32,)
epoch : 115
batch : 4/39
train accuracy : 0.71875
train pred 0/1 : 11/21 label 0/1 : 16/16
train batch 5: predictions shape=(32, 2), labels shape=(32,)
epoch : 115
batch : 5/39
train accuracy : 0.71875
train pred 0/1 : 11/21 label 0/1 : 12/20
train batch 6: predictions shape=(32, 2), labels shape=(32,)
epoch : 115
batch : 6/39
train accuracy : 0.6875
train pred 0/1 : 13/19 label 0/1 : 17/15
train batch 7: predictions shape=(32, 2), labels shape=(32,)
epoch : 115
batch : 7/39
train accuracy : 0.8125
train pred 0/1 : 17/15 label 0/1 : 17/15
train batch 8: predictions shape=(32, 2), labels shape=(32,)
epoch : 115
batch : 8/39
train accuracy : 0.8125
train pred 0/1 : 15/17 label 0/1 : 13/19
train batch 9: predictions shape=(32, 2), labels shape=(32,)
epoch : 115
batch : 9/39
train accuracy : 0.78125
train pred 0/1 : 18/14 label 0/1 : 15/17
train batch 10: predictions shape=(32, 2), labels shape=(32,)
epoch : 115
batch : 10/39
train accuracy : 0.59375
train pred 0/1 : 17/15 label 0/1 : 10/22
train batch 11: predictions shape=(32, 2), labels shape=(32,)
epoch : 115
batch : 11/39
train accuracy : 0.78125
train pred 0/1 : 20/12 label 0/1 : 23/9
train batch 12: predictions shape=(32, 2), labels shape=(32,)
epoch : 115
batch : 12/39
train accuracy : 0.75
train pred 0/1 : 14/18 label 0/1 : 12/20
train batch 13: predictions shape=(32, 2), labels shape=(32,)
epoch : 115
batch : 13/39
train accuracy : 0.65625
train pred 0/1 : 21/11 label 0/1 : 20/12
train batch 14: predictions shape=(32, 2), labels shape=(32,)
epoch : 115
batch : 14/39
train accuracy : 0.75
train pred 0/1 : 15/17 label 0/1 : 11/21
train batch 15: predictions shape=(32, 2), labels shape=(32,)
epoch : 115
batch : 15/39
train accuracy : 0.6875
train pred 0/1 : 13/19 label 0/1 : 17/15
train batch 16: predictions shape=(32, 2), labels shape=(32,)
epoch : 115
batch : 16/39
train accuracy : 0.75
train pred 0/1 : 20/12 label 0/1 : 14/18
train batch 17: predictions shape=(32, 2), labels shape=(32,)
epoch : 115
batch : 17/39
train accuracy : 0.78125
train pred 0/1 : 19/13 label 0/1 : 16/16
train batch 18: predictions shape=(32, 2), labels shape=(32,)
epoch : 115
batch : 18/39
train accuracy : 0.71875
train pred 0/1 : 15/17 label 0/1 : 14/18
train batch 19: predictions shape=(32, 2), labels shape=(32,)
epoch : 115
batch : 19/39
train accuracy : 0.6875
train pred 0/1 : 18/14 label 0/1 : 18/14
train batch 20: predictions shape=(32, 2), labels shape=(32,)
epoch : 115
batch : 20/39
train accuracy : 0.59375
train pred 0/1 : 18/14 label 0/1 : 11/21
train batch 21: predictions shape=(32, 2), labels shape=(32,)
epoch : 115
batch : 21/39
train accuracy : 0.71875
train pred 0/1 : 17/15 label 0/1 : 16/16
train batch 22: predictions shape=(32, 2), labels shape=(32,)
epoch : 115
batch : 22/39
train accuracy : 0.71875
train pred 0/1 : 16/16 label 0/1 : 15/17
train batch 23: predictions shape=(32, 2), labels shape=(32,)
epoch : 115
batch : 23/39
train accuracy : 0.75
train pred 0/1 : 15/17 label 0/1 : 11/21
train batch 24: predictions shape=(32, 2), labels shape=(32,)
epoch : 115
batch : 24/39
train accuracy : 0.71875
train pred 0/1 : 17/15 label 0/1 : 14/18
train batch 25: predictions shape=(32, 2), labels shape=(32,)
epoch : 115
batch : 25/39
train accuracy : 0.65625
train pred 0/1 : 18/14 label 0/1 : 13/19
train batch 26: predictions shape=(32, 2), labels shape=(32,)
epoch : 115
batch : 26/39
train accuracy : 0.75
train pred 0/1 : 19/13 label 0/1 : 17/15
train batch 27: predictions shape=(32, 2), labels shape=(32,)
epoch : 115
batch : 27/39
train accuracy : 0.625
train pred 0/1 : 18/14 label 0/1 : 14/18
train batch 28: predictions shape=(32, 2), labels shape=(32,)
epoch : 115
batch : 28/39
train accuracy : 0.875
train pred 0/1 : 11/21 label 0/1 : 13/19
train batch 29: predictions shape=(32, 2), labels shape=(32,)
epoch : 115
batch : 29/39
train accuracy : 0.78125
train pred 0/1 : 15/17 label 0/1 : 10/22
train batch 30: predictions shape=(32, 2), labels shape=(32,)
epoch : 115
batch : 30/39
train accuracy : 0.8125
train pred 0/1 : 13/19 label 0/1 : 15/17
train batch 31: predictions shape=(32, 2), labels shape=(32,)
epoch : 115
batch : 31/39
train accuracy : 0.78125
train pred 0/1 : 13/19 label 0/1 : 10/22
train batch 32: predictions shape=(32, 2), labels shape=(32,)
epoch : 115
batch : 32/39
train accuracy : 0.71875
train pred 0/1 : 13/19 label 0/1 : 12/20
train batch 33: predictions shape=(32, 2), labels shape=(32,)
epoch : 115
batch : 33/39
train accuracy : 0.78125
train pred 0/1 : 15/17 label 0/1 : 14/18
train batch 34: predictions shape=(32, 2), labels shape=(32,)
epoch : 115
batch : 34/39
train accuracy : 0.75
train pred 0/1 : 9/23 label 0/1 : 15/17
train batch 35: predictions shape=(32, 2), labels shape=(32,)
epoch : 115
batch : 35/39
train accuracy : 0.78125
train pred 0/1 : 10/22 label 0/1 : 11/21
train batch 36: predictions shape=(32, 2), labels shape=(32,)
epoch : 115
batch : 36/39
train accuracy : 0.6875
train pred 0/1 : 15/17 label 0/1 : 13/19
train batch 37: predictions shape=(32, 2), labels shape=(32,)
epoch : 115
batch : 37/39
train accuracy : 0.65625
train pred 0/1 : 12/20 label 0/1 : 15/17
train batch 38: predictions shape=(32, 2), labels shape=(32,)
epoch : 115
batch : 38/39
train accuracy : 0.75
train pred 0/1 : 16/16 label 0/1 : 18/14
train batch 39: predictions shape=(8, 2), labels shape=(8,)
epoch : 115
batch : 39/39
train accuracy : 0.75
train pred 0/1 : 6/2 label 0/1 : 4/4
VALIDATION
valid batch 1: predictions shape=(32, 2), labels shape=(32,)
valid batch : 1/2
valid accuracy : 0.1875
valid pred 0/1 : 24/8 label 0/1 : 8/24
valid batch 2: predictions shape=(23, 2), labels shape=(23,)
valid batch : 2/2
valid accuracy : 0.260869562625885
valid pred 0/1 : 20/3 label 0/1 : 5/18
valid epoch balanced_accuracy: 0.328755
EPOCH 116:
train batch 1: predictions shape=(32, 2), labels shape=(32,)
epoch : 116
batch : 1/39
train accuracy : 0.78125
train pred 0/1 : 13/19 label 0/1 : 12/20
train batch 2: predictions shape=(32, 2), labels shape=(32,)
epoch : 116
batch : 2/39
train accuracy : 0.65625
train pred 0/1 : 21/11 label 0/1 : 16/16
train batch 3: predictions shape=(32, 2), labels shape=(32,)
epoch : 116
batch : 3/39
train accuracy : 0.6875
train pred 0/1 : 15/17 label 0/1 : 15/17
train batch 4: predictions shape=(32, 2), labels shape=(32,)
epoch : 116
batch : 4/39
train accuracy : 0.625
train pred 0/1 : 13/19 label 0/1 : 11/21
train batch 5: predictions shape=(32, 2), labels shape=(32,)
epoch : 116
batch : 5/39
train accuracy : 0.6875
train pred 0/1 : 14/18 label 0/1 : 14/18
train batch 6: predictions shape=(32, 2), labels shape=(32,)
epoch : 116
batch : 6/39
train accuracy : 0.6875
train pred 0/1 : 10/22 label 0/1 : 12/20
train batch 7: predictions shape=(32, 2), labels shape=(32,)
epoch : 116
batch : 7/39
train accuracy : 0.8125
train pred 0/1 : 12/20 label 0/1 : 6/26
train batch 8: predictions shape=(32, 2), labels shape=(32,)
epoch : 116
batch : 8/39
train accuracy : 0.75
train pred 0/1 : 14/18 label 0/1 : 16/16
train batch 9: predictions shape=(32, 2), labels shape=(32,)
epoch : 116
batch : 9/39
train accuracy : 0.8125
train pred 0/1 : 14/18 label 0/1 : 14/18
train batch 10: predictions shape=(32, 2), labels shape=(32,)
epoch : 116
batch : 10/39
train accuracy : 0.625
train pred 0/1 : 20/12 label 0/1 : 18/14
train batch 11: predictions shape=(32, 2), labels shape=(32,)
epoch : 116
batch : 11/39
train accuracy : 0.75
train pred 0/1 : 16/16 label 0/1 : 10/22
train batch 12: predictions shape=(32, 2), labels shape=(32,)
epoch : 116
batch : 12/39
train accuracy : 0.71875
train pred 0/1 : 16/16 label 0/1 : 13/19
train batch 13: predictions shape=(32, 2), labels shape=(32,)
epoch : 116
batch : 13/39
train accuracy : 0.65625
train pred 0/1 : 17/15 label 0/1 : 14/18
train batch 14: predictions shape=(32, 2), labels shape=(32,)
epoch : 116
batch : 14/39
train accuracy : 0.75
train pred 0/1 : 15/17 label 0/1 : 15/17
train batch 15: predictions shape=(32, 2), labels shape=(32,)
epoch : 116
batch : 15/39
train accuracy : 0.71875
train pred 0/1 : 15/17 label 0/1 : 10/22
train batch 16: predictions shape=(32, 2), labels shape=(32,)
epoch : 116
batch : 16/39
train accuracy : 0.65625
train pred 0/1 : 21/11 label 0/1 : 14/18
train batch 17: predictions shape=(32, 2), labels shape=(32,)
epoch : 116
batch : 17/39
train accuracy : 0.6875
train pred 0/1 : 14/18 label 0/1 : 14/18
train batch 18: predictions shape=(32, 2), labels shape=(32,)
epoch : 116
batch : 18/39
train accuracy : 0.65625
train pred 0/1 : 13/19 label 0/1 : 12/20
train batch 19: predictions shape=(32, 2), labels shape=(32,)
epoch : 116
batch : 19/39
train accuracy : 0.71875
train pred 0/1 : 13/19 label 0/1 : 12/20
train batch 20: predictions shape=(32, 2), labels shape=(32,)
epoch : 116
batch : 20/39
train accuracy : 0.59375
train pred 0/1 : 19/13 label 0/1 : 14/18
train batch 21: predictions shape=(32, 2), labels shape=(32,)
epoch : 116
batch : 21/39
train accuracy : 0.78125
train pred 0/1 : 18/14 label 0/1 : 15/17
train batch 22: predictions shape=(32, 2), labels shape=(32,)
epoch : 116
batch : 22/39
train accuracy : 0.75
train pred 0/1 : 15/17 label 0/1 : 11/21
train batch 23: predictions shape=(32, 2), labels shape=(32,)
epoch : 116
batch : 23/39
train accuracy : 0.75
train pred 0/1 : 19/13 label 0/1 : 17/15
train batch 24: predictions shape=(32, 2), labels shape=(32,)
epoch : 116
batch : 24/39
train accuracy : 0.75
train pred 0/1 : 17/15 label 0/1 : 19/13
train batch 25: predictions shape=(32, 2), labels shape=(32,)
epoch : 116
batch : 25/39
train accuracy : 0.5625
train pred 0/1 : 13/19 label 0/1 : 13/19
train batch 26: predictions shape=(32, 2), labels shape=(32,)
epoch : 116
batch : 26/39
train accuracy : 0.65625
train pred 0/1 : 17/15 label 0/1 : 18/14
train batch 27: predictions shape=(32, 2), labels shape=(32,)
epoch : 116
batch : 27/39
train accuracy : 0.78125
train pred 0/1 : 15/17 label 0/1 : 12/20
train batch 28: predictions shape=(32, 2), labels shape=(32,)
epoch : 116
batch : 28/39
train accuracy : 0.78125
train pred 0/1 : 20/12 label 0/1 : 21/11
train batch 29: predictions shape=(32, 2), labels shape=(32,)
epoch : 116
batch : 29/39
train accuracy : 0.625
train pred 0/1 : 19/13 label 0/1 : 13/19
train batch 30: predictions shape=(32, 2), labels shape=(32,)
epoch : 116
batch : 30/39
train accuracy : 0.75
train pred 0/1 : 20/12 label 0/1 : 18/14
train batch 31: predictions shape=(32, 2), labels shape=(32,)
epoch : 116
batch : 31/39
train accuracy : 0.625
train pred 0/1 : 20/12 label 0/1 : 12/20
train batch 32: predictions shape=(32, 2), labels shape=(32,)
epoch : 116
batch : 32/39
train accuracy : 0.71875
train pred 0/1 : 21/11 label 0/1 : 16/16
train batch 33: predictions shape=(32, 2), labels shape=(32,)
epoch : 116
batch : 33/39
train accuracy : 0.6875
train pred 0/1 : 26/6 label 0/1 : 16/16
train batch 34: predictions shape=(32, 2), labels shape=(32,)
epoch : 116
batch : 34/39
train accuracy : 0.78125
train pred 0/1 : 21/11 label 0/1 : 16/16
train batch 35: predictions shape=(32, 2), labels shape=(32,)
epoch : 116
batch : 35/39
train accuracy : 0.65625
train pred 0/1 : 16/16 label 0/1 : 15/17
train batch 36: predictions shape=(32, 2), labels shape=(32,)
epoch : 116
batch : 36/39
train accuracy : 0.75
train pred 0/1 : 25/7 label 0/1 : 19/13
train batch 37: predictions shape=(32, 2), labels shape=(32,)
epoch : 116
batch : 37/39
train accuracy : 0.6875
train pred 0/1 : 23/9 label 0/1 : 17/15
train batch 38: predictions shape=(32, 2), labels shape=(32,)
epoch : 116
batch : 38/39
train accuracy : 0.875
train pred 0/1 : 16/16 label 0/1 : 14/18
train batch 39: predictions shape=(8, 2), labels shape=(8,)
epoch : 116
batch : 39/39
train accuracy : 0.75
train pred 0/1 : 5/3 label 0/1 : 5/3
VALIDATION
valid batch 1: predictions shape=(32, 2), labels shape=(32,)
valid batch : 1/2
valid accuracy : 0.21875
valid pred 0/1 : 27/5 label 0/1 : 6/26
valid batch 2: predictions shape=(23, 2), labels shape=(23,)
valid batch : 2/2
valid accuracy : 0.260869562625885
valid pred 0/1 : 20/3 label 0/1 : 7/16
valid epoch balanced_accuracy: 0.393773
EPOCH 117:
train batch 1: predictions shape=(32, 2), labels shape=(32,)
epoch : 117
batch : 1/39
train accuracy : 0.75
train pred 0/1 : 21/11 label 0/1 : 15/17
train batch 2: predictions shape=(32, 2), labels shape=(32,)
epoch : 117
batch : 2/39
train accuracy : 0.8125
train pred 0/1 : 15/17 label 0/1 : 15/17
train batch 3: predictions shape=(32, 2), labels shape=(32,)
epoch : 117
batch : 3/39
train accuracy : 0.8125
train pred 0/1 : 17/15 label 0/1 : 13/19
train batch 4: predictions shape=(32, 2), labels shape=(32,)
epoch : 117
batch : 4/39
train accuracy : 0.78125
train pred 0/1 : 18/14 label 0/1 : 17/15
train batch 5: predictions shape=(32, 2), labels shape=(32,)
epoch : 117
batch : 5/39
train accuracy : 0.59375
train pred 0/1 : 11/21 label 0/1 : 8/24
train batch 6: predictions shape=(32, 2), labels shape=(32,)
epoch : 117
batch : 6/39
train accuracy : 0.625
train pred 0/1 : 16/16 label 0/1 : 14/18
train batch 7: predictions shape=(32, 2), labels shape=(32,)
epoch : 117
batch : 7/39
train accuracy : 0.84375
train pred 0/1 : 13/19 label 0/1 : 10/22
train batch 8: predictions shape=(32, 2), labels shape=(32,)
epoch : 117
batch : 8/39
train accuracy : 0.625
train pred 0/1 : 13/19 label 0/1 : 15/17
train batch 9: predictions shape=(32, 2), labels shape=(32,)
epoch : 117
batch : 9/39
train accuracy : 0.75
train pred 0/1 : 14/18 label 0/1 : 20/12
train batch 10: predictions shape=(32, 2), labels shape=(32,)
epoch : 117
batch : 10/39
train accuracy : 0.78125
train pred 0/1 : 13/19 label 0/1 : 18/14
train batch 11: predictions shape=(32, 2), labels shape=(32,)
epoch : 117
batch : 11/39
train accuracy : 0.59375
train pred 0/1 : 18/14 label 0/1 : 15/17
train batch 12: predictions shape=(32, 2), labels shape=(32,)
epoch : 117
batch : 12/39
train accuracy : 0.65625
train pred 0/1 : 18/14 label 0/1 : 15/17
train batch 13: predictions shape=(32, 2), labels shape=(32,)
epoch : 117
batch : 13/39
train accuracy : 0.65625
train pred 0/1 : 14/18 label 0/1 : 15/17
train batch 14: predictions shape=(32, 2), labels shape=(32,)
epoch : 117
batch : 14/39
train accuracy : 0.78125
train pred 0/1 : 13/19 label 0/1 : 12/20
train batch 15: predictions shape=(32, 2), labels shape=(32,)
epoch : 117
batch : 15/39
train accuracy : 0.65625
train pred 0/1 : 20/12 label 0/1 : 15/17
train batch 16: predictions shape=(32, 2), labels shape=(32,)
epoch : 117
batch : 16/39
train accuracy : 0.75
train pred 0/1 : 16/16 label 0/1 : 14/18
train batch 17: predictions shape=(32, 2), labels shape=(32,)
epoch : 117
batch : 17/39
train accuracy : 0.6875
train pred 0/1 : 19/13 label 0/1 : 15/17
train batch 18: predictions shape=(32, 2), labels shape=(32,)
epoch : 117
batch : 18/39
train accuracy : 0.78125
train pred 0/1 : 17/15 label 0/1 : 12/20
train batch 19: predictions shape=(32, 2), labels shape=(32,)
epoch : 117
batch : 19/39
train accuracy : 0.84375
train pred 0/1 : 15/17 label 0/1 : 12/20
train batch 20: predictions shape=(32, 2), labels shape=(32,)
epoch : 117
batch : 20/39
train accuracy : 0.875
train pred 0/1 : 16/16 label 0/1 : 18/14
train batch 21: predictions shape=(32, 2), labels shape=(32,)
epoch : 117
batch : 21/39
train accuracy : 0.6875
train pred 0/1 : 16/16 label 0/1 : 14/18
train batch 22: predictions shape=(32, 2), labels shape=(32,)
epoch : 117
batch : 22/39
train accuracy : 0.65625
train pred 0/1 : 16/16 label 0/1 : 15/17
train batch 23: predictions shape=(32, 2), labels shape=(32,)
epoch : 117
batch : 23/39
train accuracy : 0.71875
train pred 0/1 : 15/17 label 0/1 : 18/14
train batch 24: predictions shape=(32, 2), labels shape=(32,)
epoch : 117
batch : 24/39
train accuracy : 0.71875
train pred 0/1 : 11/21 label 0/1 : 8/24
train batch 25: predictions shape=(32, 2), labels shape=(32,)
epoch : 117
batch : 25/39
train accuracy : 0.75
train pred 0/1 : 8/24 label 0/1 : 12/20
train batch 26: predictions shape=(32, 2), labels shape=(32,)
epoch : 117
batch : 26/39
train accuracy : 0.71875
train pred 0/1 : 16/16 label 0/1 : 25/7
train batch 27: predictions shape=(32, 2), labels shape=(32,)
epoch : 117
batch : 27/39
train accuracy : 0.625
train pred 0/1 : 10/22 label 0/1 : 14/18
train batch 28: predictions shape=(32, 2), labels shape=(32,)
epoch : 117
batch : 28/39
train accuracy : 0.71875
train pred 0/1 : 10/22 label 0/1 : 17/15
train batch 29: predictions shape=(32, 2), labels shape=(32,)
epoch : 117
batch : 29/39
train accuracy : 0.71875
train pred 0/1 : 9/23 label 0/1 : 10/22
train batch 30: predictions shape=(32, 2), labels shape=(32,)
epoch : 117
batch : 30/39
train accuracy : 0.59375
train pred 0/1 : 11/21 label 0/1 : 14/18
train batch 31: predictions shape=(32, 2), labels shape=(32,)
epoch : 117
batch : 31/39
train accuracy : 0.65625
train pred 0/1 : 17/15 label 0/1 : 10/22
train batch 32: predictions shape=(32, 2), labels shape=(32,)
epoch : 117
batch : 32/39
train accuracy : 0.75
train pred 0/1 : 16/16 label 0/1 : 12/20
train batch 33: predictions shape=(32, 2), labels shape=(32,)
epoch : 117
batch : 33/39
train accuracy : 0.6875
train pred 0/1 : 14/18 label 0/1 : 14/18
train batch 34: predictions shape=(32, 2), labels shape=(32,)
epoch : 117
batch : 34/39
train accuracy : 0.71875
train pred 0/1 : 20/12 label 0/1 : 17/15
train batch 35: predictions shape=(32, 2), labels shape=(32,)
epoch : 117
batch : 35/39
train accuracy : 0.78125
train pred 0/1 : 17/15 label 0/1 : 14/18
train batch 36: predictions shape=(32, 2), labels shape=(32,)
epoch : 117
batch : 36/39
train accuracy : 0.78125
train pred 0/1 : 16/16 label 0/1 : 13/19
train batch 37: predictions shape=(32, 2), labels shape=(32,)
epoch : 117
batch : 37/39
train accuracy : 0.8125
train pred 0/1 : 20/12 label 0/1 : 16/16
train batch 38: predictions shape=(32, 2), labels shape=(32,)
epoch : 117
batch : 38/39
train accuracy : 0.90625
train pred 0/1 : 17/15 label 0/1 : 14/18
train batch 39: predictions shape=(8, 2), labels shape=(8,)
epoch : 117
batch : 39/39
train accuracy : 0.625
train pred 0/1 : 5/3 label 0/1 : 4/4
VALIDATION
valid batch 1: predictions shape=(32, 2), labels shape=(32,)
valid batch : 1/2
valid accuracy : 0.15625
valid pred 0/1 : 26/6 label 0/1 : 7/25
valid batch 2: predictions shape=(23, 2), labels shape=(23,)
valid batch : 2/2
valid accuracy : 0.21739131212234497
valid pred 0/1 : 20/3 label 0/1 : 6/17
valid epoch balanced_accuracy: 0.304945
EPOCH 118:
train batch 1: predictions shape=(32, 2), labels shape=(32,)
epoch : 118
batch : 1/39
train accuracy : 0.75
train pred 0/1 : 14/18 label 0/1 : 12/20
train batch 2: predictions shape=(32, 2), labels shape=(32,)
epoch : 118
batch : 2/39
train accuracy : 0.78125
train pred 0/1 : 18/14 label 0/1 : 15/17
train batch 3: predictions shape=(32, 2), labels shape=(32,)
epoch : 118
batch : 3/39
train accuracy : 0.71875
train pred 0/1 : 10/22 label 0/1 : 13/19
train batch 4: predictions shape=(32, 2), labels shape=(32,)
epoch : 118
batch : 4/39
train accuracy : 0.65625
train pred 0/1 : 12/20 label 0/1 : 17/15
train batch 5: predictions shape=(32, 2), labels shape=(32,)
epoch : 118
batch : 5/39
train accuracy : 0.59375
train pred 0/1 : 13/19 label 0/1 : 16/16
train batch 6: predictions shape=(32, 2), labels shape=(32,)
epoch : 118
batch : 6/39
train accuracy : 0.71875
train pred 0/1 : 14/18 label 0/1 : 13/19
train batch 7: predictions shape=(32, 2), labels shape=(32,)
epoch : 118
batch : 7/39
train accuracy : 0.6875
train pred 0/1 : 13/19 label 0/1 : 17/15
train batch 8: predictions shape=(32, 2), labels shape=(32,)
epoch : 118
batch : 8/39
train accuracy : 0.71875
train pred 0/1 : 8/24 label 0/1 : 13/19
train batch 9: predictions shape=(32, 2), labels shape=(32,)
epoch : 118
batch : 9/39
train accuracy : 0.875
train pred 0/1 : 14/18 label 0/1 : 16/16
train batch 10: predictions shape=(32, 2), labels shape=(32,)
epoch : 118
batch : 10/39
train accuracy : 0.78125
train pred 0/1 : 15/17 label 0/1 : 14/18
train batch 11: predictions shape=(32, 2), labels shape=(32,)
epoch : 118
batch : 11/39
train accuracy : 0.6875
train pred 0/1 : 20/12 label 0/1 : 18/14
train batch 12: predictions shape=(32, 2), labels shape=(32,)
epoch : 118
batch : 12/39
train accuracy : 0.75
train pred 0/1 : 21/11 label 0/1 : 19/13
train batch 13: predictions shape=(32, 2), labels shape=(32,)
epoch : 118
batch : 13/39
train accuracy : 0.875
train pred 0/1 : 18/14 label 0/1 : 14/18
train batch 14: predictions shape=(32, 2), labels shape=(32,)
epoch : 118
batch : 14/39
train accuracy : 0.5625
train pred 0/1 : 24/8 label 0/1 : 12/20
train batch 15: predictions shape=(32, 2), labels shape=(32,)
epoch : 118
batch : 15/39
train accuracy : 0.625
train pred 0/1 : 26/6 label 0/1 : 16/16
train batch 16: predictions shape=(32, 2), labels shape=(32,)
epoch : 118
batch : 16/39
train accuracy : 0.78125
train pred 0/1 : 23/9 label 0/1 : 16/16
train batch 17: predictions shape=(32, 2), labels shape=(32,)
epoch : 118
batch : 17/39
train accuracy : 0.6875
train pred 0/1 : 17/15 label 0/1 : 13/19
train batch 18: predictions shape=(32, 2), labels shape=(32,)
epoch : 118
batch : 18/39
train accuracy : 0.53125
train pred 0/1 : 16/16 label 0/1 : 9/23
train batch 19: predictions shape=(32, 2), labels shape=(32,)
epoch : 118
batch : 19/39
train accuracy : 0.71875
train pred 0/1 : 17/15 label 0/1 : 12/20
train batch 20: predictions shape=(32, 2), labels shape=(32,)
epoch : 118
batch : 20/39
train accuracy : 0.65625
train pred 0/1 : 19/13 label 0/1 : 16/16
train batch 21: predictions shape=(32, 2), labels shape=(32,)
epoch : 118
batch : 21/39
train accuracy : 0.625
train pred 0/1 : 8/24 label 0/1 : 14/18
train batch 22: predictions shape=(32, 2), labels shape=(32,)
epoch : 118
batch : 22/39
train accuracy : 0.71875
train pred 0/1 : 14/18 label 0/1 : 17/15
train batch 23: predictions shape=(32, 2), labels shape=(32,)
epoch : 118
batch : 23/39
train accuracy : 0.78125
train pred 0/1 : 15/17 label 0/1 : 14/18
train batch 24: predictions shape=(32, 2), labels shape=(32,)
epoch : 118
batch : 24/39
train accuracy : 0.625
train pred 0/1 : 16/16 label 0/1 : 18/14
train batch 25: predictions shape=(32, 2), labels shape=(32,)
epoch : 118
batch : 25/39
train accuracy : 0.78125
train pred 0/1 : 14/18 label 0/1 : 13/19
train batch 26: predictions shape=(32, 2), labels shape=(32,)
epoch : 118
batch : 26/39
train accuracy : 0.625
train pred 0/1 : 20/12 label 0/1 : 14/18
train batch 27: predictions shape=(32, 2), labels shape=(32,)
epoch : 118
batch : 27/39
train accuracy : 0.71875
train pred 0/1 : 15/17 label 0/1 : 12/20
train batch 28: predictions shape=(32, 2), labels shape=(32,)
epoch : 118
batch : 28/39
train accuracy : 0.6875
train pred 0/1 : 17/15 label 0/1 : 11/21
train batch 29: predictions shape=(32, 2), labels shape=(32,)
epoch : 118
batch : 29/39
train accuracy : 0.6875
train pred 0/1 : 10/22 label 0/1 : 12/20
train batch 30: predictions shape=(32, 2), labels shape=(32,)
epoch : 118
batch : 30/39
train accuracy : 0.71875
train pred 0/1 : 15/17 label 0/1 : 16/16
train batch 31: predictions shape=(32, 2), labels shape=(32,)
epoch : 118
batch : 31/39
train accuracy : 0.65625
train pred 0/1 : 21/11 label 0/1 : 12/20
train batch 32: predictions shape=(32, 2), labels shape=(32,)
epoch : 118
batch : 32/39
train accuracy : 0.78125
train pred 0/1 : 15/17 label 0/1 : 16/16
train batch 33: predictions shape=(32, 2), labels shape=(32,)
epoch : 118
batch : 33/39
train accuracy : 0.75
train pred 0/1 : 15/17 label 0/1 : 11/21
train batch 34: predictions shape=(32, 2), labels shape=(32,)
epoch : 118
batch : 34/39
train accuracy : 0.71875
train pred 0/1 : 14/18 label 0/1 : 19/13
train batch 35: predictions shape=(32, 2), labels shape=(32,)
epoch : 118
batch : 35/39
train accuracy : 0.78125
train pred 0/1 : 15/17 label 0/1 : 16/16
train batch 36: predictions shape=(32, 2), labels shape=(32,)
epoch : 118
batch : 36/39
train accuracy : 0.78125
train pred 0/1 : 14/18 label 0/1 : 11/21
train batch 37: predictions shape=(32, 2), labels shape=(32,)
epoch : 118
batch : 37/39
train accuracy : 0.75
train pred 0/1 : 14/18 label 0/1 : 16/16
train batch 38: predictions shape=(32, 2), labels shape=(32,)
epoch : 118
batch : 38/39
train accuracy : 0.65625
train pred 0/1 : 17/15 label 0/1 : 14/18
train batch 39: predictions shape=(8, 2), labels shape=(8,)
epoch : 118
batch : 39/39
train accuracy : 0.5
train pred 0/1 : 4/4 label 0/1 : 2/6
VALIDATION
valid batch 1: predictions shape=(32, 2), labels shape=(32,)
valid batch : 1/2
valid accuracy : 0.125
valid pred 0/1 : 27/5 label 0/1 : 5/27
valid batch 2: predictions shape=(23, 2), labels shape=(23,)
valid batch : 2/2
valid accuracy : 0.3478260934352875
valid pred 0/1 : 17/6 label 0/1 : 8/15
valid epoch balanced_accuracy: 0.328755
EPOCH 119:
train batch 1: predictions shape=(32, 2), labels shape=(32,)
epoch : 119
batch : 1/39
train accuracy : 0.59375
train pred 0/1 : 17/15 label 0/1 : 10/22
train batch 2: predictions shape=(32, 2), labels shape=(32,)
epoch : 119
batch : 2/39
train accuracy : 0.65625
train pred 0/1 : 15/17 label 0/1 : 18/14
train batch 3: predictions shape=(32, 2), labels shape=(32,)
epoch : 119
batch : 3/39
train accuracy : 0.5625
train pred 0/1 : 9/23 label 0/1 : 15/17
train batch 4: predictions shape=(32, 2), labels shape=(32,)
epoch : 119
batch : 4/39
train accuracy : 0.59375
train pred 0/1 : 9/23 label 0/1 : 16/16
train batch 5: predictions shape=(32, 2), labels shape=(32,)
epoch : 119
batch : 5/39
train accuracy : 0.59375
train pred 0/1 : 12/20 label 0/1 : 21/11
train batch 6: predictions shape=(32, 2), labels shape=(32,)
epoch : 119
batch : 6/39
train accuracy : 0.90625
train pred 0/1 : 16/16 label 0/1 : 15/17
train batch 7: predictions shape=(32, 2), labels shape=(32,)
epoch : 119
batch : 7/39
train accuracy : 0.75
train pred 0/1 : 16/16 label 0/1 : 14/18
train batch 8: predictions shape=(32, 2), labels shape=(32,)
epoch : 119
batch : 8/39
train accuracy : 0.71875
train pred 0/1 : 16/16 label 0/1 : 11/21
train batch 9: predictions shape=(32, 2), labels shape=(32,)
epoch : 119
batch : 9/39
train accuracy : 0.78125
train pred 0/1 : 19/13 label 0/1 : 14/18
train batch 10: predictions shape=(32, 2), labels shape=(32,)
epoch : 119
batch : 10/39
train accuracy : 0.6875
train pred 0/1 : 18/14 label 0/1 : 10/22
train batch 11: predictions shape=(32, 2), labels shape=(32,)
epoch : 119
batch : 11/39
train accuracy : 0.8125
train pred 0/1 : 15/17 label 0/1 : 11/21
train batch 12: predictions shape=(32, 2), labels shape=(32,)
epoch : 119
batch : 12/39
train accuracy : 0.78125
train pred 0/1 : 21/11 label 0/1 : 18/14
train batch 13: predictions shape=(32, 2), labels shape=(32,)
epoch : 119
batch : 13/39
train accuracy : 0.65625
train pred 0/1 : 23/9 label 0/1 : 16/16
train batch 14: predictions shape=(32, 2), labels shape=(32,)
epoch : 119
batch : 14/39
train accuracy : 0.59375
train pred 0/1 : 16/16 label 0/1 : 17/15
train batch 15: predictions shape=(32, 2), labels shape=(32,)
epoch : 119
batch : 15/39
train accuracy : 0.71875
train pred 0/1 : 13/19 label 0/1 : 10/22
train batch 16: predictions shape=(32, 2), labels shape=(32,)
epoch : 119
batch : 16/39
train accuracy : 0.75
train pred 0/1 : 15/17 label 0/1 : 15/17
train batch 17: predictions shape=(32, 2), labels shape=(32,)
epoch : 119
batch : 17/39
train accuracy : 0.59375
train pred 0/1 : 12/20 label 0/1 : 13/19
train batch 18: predictions shape=(32, 2), labels shape=(32,)
epoch : 119
batch : 18/39
train accuracy : 0.78125
train pred 0/1 : 14/18 label 0/1 : 13/19
train batch 19: predictions shape=(32, 2), labels shape=(32,)
epoch : 119
batch : 19/39
train accuracy : 0.78125
train pred 0/1 : 16/16 label 0/1 : 11/21
train batch 20: predictions shape=(32, 2), labels shape=(32,)
epoch : 119
batch : 20/39
train accuracy : 0.75
train pred 0/1 : 11/21 label 0/1 : 13/19
train batch 21: predictions shape=(32, 2), labels shape=(32,)
epoch : 119
batch : 21/39
train accuracy : 0.78125
train pred 0/1 : 12/20 label 0/1 : 11/21
train batch 22: predictions shape=(32, 2), labels shape=(32,)
epoch : 119
batch : 22/39
train accuracy : 0.8125
train pred 0/1 : 12/20 label 0/1 : 12/20
train batch 23: predictions shape=(32, 2), labels shape=(32,)
epoch : 119
batch : 23/39
train accuracy : 0.625
train pred 0/1 : 18/14 label 0/1 : 18/14
train batch 24: predictions shape=(32, 2), labels shape=(32,)
epoch : 119
batch : 24/39
train accuracy : 0.75
train pred 0/1 : 11/21 label 0/1 : 13/19
train batch 25: predictions shape=(32, 2), labels shape=(32,)
epoch : 119
batch : 25/39
train accuracy : 0.8125
train pred 0/1 : 21/11 label 0/1 : 21/11
train batch 26: predictions shape=(32, 2), labels shape=(32,)
epoch : 119
batch : 26/39
train accuracy : 0.78125
train pred 0/1 : 13/19 label 0/1 : 14/18
train batch 27: predictions shape=(32, 2), labels shape=(32,)
epoch : 119
batch : 27/39
train accuracy : 0.78125
train pred 0/1 : 17/15 label 0/1 : 18/14
train batch 28: predictions shape=(32, 2), labels shape=(32,)
epoch : 119
batch : 28/39
train accuracy : 0.84375
train pred 0/1 : 19/13 label 0/1 : 20/12
train batch 29: predictions shape=(32, 2), labels shape=(32,)
epoch : 119
batch : 29/39
train accuracy : 0.8125
train pred 0/1 : 14/18 label 0/1 : 12/20
train batch 30: predictions shape=(32, 2), labels shape=(32,)
epoch : 119
batch : 30/39
train accuracy : 0.71875
train pred 0/1 : 10/22 label 0/1 : 13/19
train batch 31: predictions shape=(32, 2), labels shape=(32,)
epoch : 119
batch : 31/39
train accuracy : 0.6875
train pred 0/1 : 16/16 label 0/1 : 12/20
train batch 32: predictions shape=(32, 2), labels shape=(32,)
epoch : 119
batch : 32/39
train accuracy : 0.78125
train pred 0/1 : 13/19 label 0/1 : 14/18
train batch 33: predictions shape=(32, 2), labels shape=(32,)
epoch : 119
batch : 33/39
train accuracy : 0.6875
train pred 0/1 : 16/16 label 0/1 : 14/18
train batch 34: predictions shape=(32, 2), labels shape=(32,)
epoch : 119
batch : 34/39
train accuracy : 0.78125
train pred 0/1 : 16/16 label 0/1 : 13/19
train batch 35: predictions shape=(32, 2), labels shape=(32,)
epoch : 119
batch : 35/39
train accuracy : 0.5625
train pred 0/1 : 15/17 label 0/1 : 13/19
train batch 36: predictions shape=(32, 2), labels shape=(32,)
epoch : 119
batch : 36/39
train accuracy : 0.875
train pred 0/1 : 14/18 label 0/1 : 16/16
train batch 37: predictions shape=(32, 2), labels shape=(32,)
epoch : 119
batch : 37/39
train accuracy : 0.78125
train pred 0/1 : 17/15 label 0/1 : 16/16
train batch 38: predictions shape=(32, 2), labels shape=(32,)
epoch : 119
batch : 38/39
train accuracy : 0.84375
train pred 0/1 : 18/14 label 0/1 : 15/17
train batch 39: predictions shape=(8, 2), labels shape=(8,)
epoch : 119
batch : 39/39
train accuracy : 0.625
train pred 0/1 : 6/2 label 0/1 : 3/5
VALIDATION
valid batch 1: predictions shape=(32, 2), labels shape=(32,)
valid batch : 1/2
valid accuracy : 0.21875
valid pred 0/1 : 27/5 label 0/1 : 6/26
valid batch 2: predictions shape=(23, 2), labels shape=(23,)
valid batch : 2/2
valid accuracy : 0.21739131212234497
valid pred 0/1 : 17/6 label 0/1 : 7/16
valid epoch balanced_accuracy: 0.328755
EPOCH 120:
train batch 1: predictions shape=(32, 2), labels shape=(32,)
epoch : 120
batch : 1/39
train accuracy : 0.6875
train pred 0/1 : 18/14 label 0/1 : 14/18
train batch 2: predictions shape=(32, 2), labels shape=(32,)
epoch : 120
batch : 2/39
train accuracy : 0.78125
train pred 0/1 : 14/18 label 0/1 : 11/21
train batch 3: predictions shape=(32, 2), labels shape=(32,)
epoch : 120
batch : 3/39
train accuracy : 0.78125
train pred 0/1 : 15/17 label 0/1 : 14/18
train batch 4: predictions shape=(32, 2), labels shape=(32,)
epoch : 120
batch : 4/39
train accuracy : 0.8125
train pred 0/1 : 14/18 label 0/1 : 14/18
train batch 5: predictions shape=(32, 2), labels shape=(32,)
epoch : 120
batch : 5/39
train accuracy : 0.875
train pred 0/1 : 15/17 label 0/1 : 17/15
train batch 6: predictions shape=(32, 2), labels shape=(32,)
epoch : 120
batch : 6/39
train accuracy : 0.8125
train pred 0/1 : 12/20 label 0/1 : 10/22
train batch 7: predictions shape=(32, 2), labels shape=(32,)
epoch : 120
batch : 7/39
train accuracy : 0.6875
train pred 0/1 : 20/12 label 0/1 : 18/14
train batch 8: predictions shape=(32, 2), labels shape=(32,)
epoch : 120
batch : 8/39
train accuracy : 0.8125
train pred 0/1 : 15/17 label 0/1 : 17/15
train batch 9: predictions shape=(32, 2), labels shape=(32,)
epoch : 120
batch : 9/39
train accuracy : 0.5625
train pred 0/1 : 20/12 label 0/1 : 16/16
train batch 10: predictions shape=(32, 2), labels shape=(32,)
epoch : 120
batch : 10/39
train accuracy : 0.6875
train pred 0/1 : 19/13 label 0/1 : 17/15
train batch 11: predictions shape=(32, 2), labels shape=(32,)
epoch : 120
batch : 11/39
train accuracy : 0.71875
train pred 0/1 : 14/18 label 0/1 : 15/17
train batch 12: predictions shape=(32, 2), labels shape=(32,)
epoch : 120
batch : 12/39
train accuracy : 0.65625
train pred 0/1 : 20/12 label 0/1 : 15/17
train batch 13: predictions shape=(32, 2), labels shape=(32,)
epoch : 120
batch : 13/39
train accuracy : 0.84375
train pred 0/1 : 19/13 label 0/1 : 16/16
train batch 14: predictions shape=(32, 2), labels shape=(32,)
epoch : 120
batch : 14/39
train accuracy : 0.78125
train pred 0/1 : 12/20 label 0/1 : 11/21
train batch 15: predictions shape=(32, 2), labels shape=(32,)
epoch : 120
batch : 15/39
train accuracy : 0.71875
train pred 0/1 : 15/17 label 0/1 : 18/14
train batch 16: predictions shape=(32, 2), labels shape=(32,)
epoch : 120
batch : 16/39
train accuracy : 0.59375
train pred 0/1 : 16/16 label 0/1 : 15/17
train batch 17: predictions shape=(32, 2), labels shape=(32,)
epoch : 120
batch : 17/39
train accuracy : 0.6875
train pred 0/1 : 18/14 label 0/1 : 18/14
train batch 18: predictions shape=(32, 2), labels shape=(32,)
epoch : 120
batch : 18/39
train accuracy : 0.75
train pred 0/1 : 19/13 label 0/1 : 15/17
train batch 19: predictions shape=(32, 2), labels shape=(32,)
epoch : 120
batch : 19/39
train accuracy : 0.6875
train pred 0/1 : 18/14 label 0/1 : 16/16
train batch 20: predictions shape=(32, 2), labels shape=(32,)
epoch : 120
batch : 20/39
train accuracy : 0.84375
train pred 0/1 : 20/12 label 0/1 : 17/15
train batch 21: predictions shape=(32, 2), labels shape=(32,)
epoch : 120
batch : 21/39
train accuracy : 0.53125
train pred 0/1 : 21/11 label 0/1 : 12/20
train batch 22: predictions shape=(32, 2), labels shape=(32,)
epoch : 120
batch : 22/39
train accuracy : 0.65625
train pred 0/1 : 19/13 label 0/1 : 16/16
train batch 23: predictions shape=(32, 2), labels shape=(32,)
epoch : 120
batch : 23/39
train accuracy : 0.71875
train pred 0/1 : 20/12 label 0/1 : 19/13
train batch 24: predictions shape=(32, 2), labels shape=(32,)
epoch : 120
batch : 24/39
train accuracy : 0.6875
train pred 0/1 : 20/12 label 0/1 : 16/16
train batch 25: predictions shape=(32, 2), labels shape=(32,)
epoch : 120
batch : 25/39
train accuracy : 0.65625
train pred 0/1 : 20/12 label 0/1 : 15/17
train batch 26: predictions shape=(32, 2), labels shape=(32,)
epoch : 120
batch : 26/39
train accuracy : 0.71875
train pred 0/1 : 18/14 label 0/1 : 9/23
train batch 27: predictions shape=(32, 2), labels shape=(32,)
epoch : 120
batch : 27/39
train accuracy : 0.5
train pred 0/1 : 22/10 label 0/1 : 12/20
train batch 28: predictions shape=(32, 2), labels shape=(32,)
epoch : 120
batch : 28/39
train accuracy : 0.625
train pred 0/1 : 17/15 label 0/1 : 9/23
train batch 29: predictions shape=(32, 2), labels shape=(32,)
epoch : 120
batch : 29/39
train accuracy : 0.75
train pred 0/1 : 17/15 label 0/1 : 11/21
train batch 30: predictions shape=(32, 2), labels shape=(32,)
epoch : 120
batch : 30/39
train accuracy : 0.71875
train pred 0/1 : 18/14 label 0/1 : 13/19
train batch 31: predictions shape=(32, 2), labels shape=(32,)
epoch : 120
batch : 31/39
train accuracy : 0.6875
train pred 0/1 : 16/16 label 0/1 : 14/18
train batch 32: predictions shape=(32, 2), labels shape=(32,)
epoch : 120
batch : 32/39
train accuracy : 0.71875
train pred 0/1 : 15/17 label 0/1 : 18/14
train batch 33: predictions shape=(32, 2), labels shape=(32,)
epoch : 120
batch : 33/39
train accuracy : 0.6875
train pred 0/1 : 9/23 label 0/1 : 17/15
train batch 34: predictions shape=(32, 2), labels shape=(32,)
epoch : 120
batch : 34/39
train accuracy : 0.6875
train pred 0/1 : 9/23 label 0/1 : 13/19
train batch 35: predictions shape=(32, 2), labels shape=(32,)
epoch : 120
batch : 35/39
train accuracy : 0.59375
train pred 0/1 : 6/26 label 0/1 : 11/21
train batch 36: predictions shape=(32, 2), labels shape=(32,)
epoch : 120
batch : 36/39
train accuracy : 0.71875
train pred 0/1 : 10/22 label 0/1 : 15/17
train batch 37: predictions shape=(32, 2), labels shape=(32,)
epoch : 120
batch : 37/39
train accuracy : 0.75
train pred 0/1 : 8/24 label 0/1 : 12/20
train batch 38: predictions shape=(32, 2), labels shape=(32,)
epoch : 120
batch : 38/39
train accuracy : 0.875
train pred 0/1 : 10/22 label 0/1 : 12/20
train batch 39: predictions shape=(8, 2), labels shape=(8,)
epoch : 120
batch : 39/39
train accuracy : 0.875
train pred 0/1 : 2/6 label 0/1 : 1/7
VALIDATION
valid batch 1: predictions shape=(32, 2), labels shape=(32,)
valid batch : 1/2
valid accuracy : 0.1875
valid pred 0/1 : 24/8 label 0/1 : 6/26
valid batch 2: predictions shape=(23, 2), labels shape=(23,)
valid batch : 2/2
valid accuracy : 0.17391304671764374
valid pred 0/1 : 18/5 label 0/1 : 7/16
valid epoch balanced_accuracy: 0.251832
EPOCH 121:
train batch 1: predictions shape=(32, 2), labels shape=(32,)
epoch : 121
batch : 1/39
train accuracy : 0.6875
train pred 0/1 : 11/21 label 0/1 : 13/19
train batch 2: predictions shape=(32, 2), labels shape=(32,)
epoch : 121
batch : 2/39
train accuracy : 0.6875
train pred 0/1 : 9/23 label 0/1 : 15/17
train batch 3: predictions shape=(32, 2), labels shape=(32,)
epoch : 121
batch : 3/39
train accuracy : 0.6875
train pred 0/1 : 10/22 label 0/1 : 12/20
train batch 4: predictions shape=(32, 2), labels shape=(32,)
epoch : 121
batch : 4/39
train accuracy : 0.8125
train pred 0/1 : 13/19 label 0/1 : 17/15
train batch 5: predictions shape=(32, 2), labels shape=(32,)
epoch : 121
batch : 5/39
train accuracy : 0.46875
train pred 0/1 : 15/17 label 0/1 : 18/14
train batch 6: predictions shape=(32, 2), labels shape=(32,)
epoch : 121
batch : 6/39
train accuracy : 0.71875
train pred 0/1 : 10/22 label 0/1 : 15/17
train batch 7: predictions shape=(32, 2), labels shape=(32,)
epoch : 121
batch : 7/39
train accuracy : 0.6875
train pred 0/1 : 13/19 label 0/1 : 15/17
train batch 8: predictions shape=(32, 2), labels shape=(32,)
epoch : 121
batch : 8/39
train accuracy : 0.8125
train pred 0/1 : 15/17 label 0/1 : 15/17
train batch 9: predictions shape=(32, 2), labels shape=(32,)
epoch : 121
batch : 9/39
train accuracy : 0.65625
train pred 0/1 : 12/20 label 0/1 : 13/19
train batch 10: predictions shape=(32, 2), labels shape=(32,)
epoch : 121
batch : 10/39
train accuracy : 0.625
train pred 0/1 : 17/15 label 0/1 : 13/19
train batch 11: predictions shape=(32, 2), labels shape=(32,)
epoch : 121
batch : 11/39
train accuracy : 0.75
train pred 0/1 : 22/10 label 0/1 : 16/16
train batch 12: predictions shape=(32, 2), labels shape=(32,)
epoch : 121
batch : 12/39
train accuracy : 0.59375
train pred 0/1 : 20/12 label 0/1 : 13/19
train batch 13: predictions shape=(32, 2), labels shape=(32,)
epoch : 121
batch : 13/39
train accuracy : 0.8125
train pred 0/1 : 12/20 label 0/1 : 14/18
train batch 14: predictions shape=(32, 2), labels shape=(32,)
epoch : 121
batch : 14/39
train accuracy : 0.65625
train pred 0/1 : 19/13 label 0/1 : 18/14
train batch 15: predictions shape=(32, 2), labels shape=(32,)
epoch : 121
batch : 15/39
train accuracy : 0.65625
train pred 0/1 : 16/16 label 0/1 : 13/19
train batch 16: predictions shape=(32, 2), labels shape=(32,)
epoch : 121
batch : 16/39
train accuracy : 0.78125
train pred 0/1 : 21/11 label 0/1 : 14/18
train batch 17: predictions shape=(32, 2), labels shape=(32,)
epoch : 121
batch : 17/39
train accuracy : 0.8125
train pred 0/1 : 15/17 label 0/1 : 13/19
train batch 18: predictions shape=(32, 2), labels shape=(32,)
epoch : 121
batch : 18/39
train accuracy : 0.71875
train pred 0/1 : 14/18 label 0/1 : 13/19
train batch 19: predictions shape=(32, 2), labels shape=(32,)
epoch : 121
batch : 19/39
train accuracy : 0.5625
train pred 0/1 : 17/15 label 0/1 : 17/15
train batch 20: predictions shape=(32, 2), labels shape=(32,)
epoch : 121
batch : 20/39
train accuracy : 0.6875
train pred 0/1 : 20/12 label 0/1 : 16/16
train batch 21: predictions shape=(32, 2), labels shape=(32,)
epoch : 121
batch : 21/39
train accuracy : 0.84375
train pred 0/1 : 16/16 label 0/1 : 19/13
train batch 22: predictions shape=(32, 2), labels shape=(32,)
epoch : 121
batch : 22/39
train accuracy : 0.65625
train pred 0/1 : 20/12 label 0/1 : 15/17
train batch 23: predictions shape=(32, 2), labels shape=(32,)
epoch : 121
batch : 23/39
train accuracy : 0.75
train pred 0/1 : 14/18 label 0/1 : 16/16
train batch 24: predictions shape=(32, 2), labels shape=(32,)
epoch : 121
batch : 24/39
train accuracy : 0.8125
train pred 0/1 : 13/19 label 0/1 : 11/21
train batch 25: predictions shape=(32, 2), labels shape=(32,)
epoch : 121
batch : 25/39
train accuracy : 0.75
train pred 0/1 : 13/19 label 0/1 : 13/19
train batch 26: predictions shape=(32, 2), labels shape=(32,)
epoch : 121
batch : 26/39
train accuracy : 0.84375
train pred 0/1 : 12/20 label 0/1 : 13/19
train batch 27: predictions shape=(32, 2), labels shape=(32,)
epoch : 121
batch : 27/39
train accuracy : 0.71875
train pred 0/1 : 15/17 label 0/1 : 16/16
train batch 28: predictions shape=(32, 2), labels shape=(32,)
epoch : 121
batch : 28/39
train accuracy : 0.6875
train pred 0/1 : 16/16 label 0/1 : 12/20
train batch 29: predictions shape=(32, 2), labels shape=(32,)
epoch : 121
batch : 29/39
train accuracy : 0.71875
train pred 0/1 : 11/21 label 0/1 : 12/20
train batch 30: predictions shape=(32, 2), labels shape=(32,)
epoch : 121
batch : 30/39
train accuracy : 0.625
train pred 0/1 : 19/13 label 0/1 : 11/21
train batch 31: predictions shape=(32, 2), labels shape=(32,)
epoch : 121
batch : 31/39
train accuracy : 0.6875
train pred 0/1 : 22/10 label 0/1 : 18/14
train batch 32: predictions shape=(32, 2), labels shape=(32,)
epoch : 121
batch : 32/39
train accuracy : 0.8125
train pred 0/1 : 9/23 label 0/1 : 11/21
train batch 33: predictions shape=(32, 2), labels shape=(32,)
epoch : 121
batch : 33/39
train accuracy : 0.625
train pred 0/1 : 19/13 label 0/1 : 15/17
train batch 34: predictions shape=(32, 2), labels shape=(32,)
epoch : 121
batch : 34/39
train accuracy : 0.75
train pred 0/1 : 14/18 label 0/1 : 16/16
train batch 35: predictions shape=(32, 2), labels shape=(32,)
epoch : 121
batch : 35/39
train accuracy : 0.875
train pred 0/1 : 13/19 label 0/1 : 17/15
train batch 36: predictions shape=(32, 2), labels shape=(32,)
epoch : 121
batch : 36/39
train accuracy : 0.625
train pred 0/1 : 16/16 label 0/1 : 12/20
train batch 37: predictions shape=(32, 2), labels shape=(32,)
epoch : 121
batch : 37/39
train accuracy : 0.75
train pred 0/1 : 15/17 label 0/1 : 15/17
train batch 38: predictions shape=(32, 2), labels shape=(32,)
epoch : 121
batch : 38/39
train accuracy : 0.6875
train pred 0/1 : 20/12 label 0/1 : 10/22
train batch 39: predictions shape=(8, 2), labels shape=(8,)
epoch : 121
batch : 39/39
train accuracy : 0.875
train pred 0/1 : 3/5 label 0/1 : 4/4
VALIDATION
valid batch 1: predictions shape=(32, 2), labels shape=(32,)
valid batch : 1/2
valid accuracy : 0.21875
valid pred 0/1 : 26/6 label 0/1 : 7/25
valid batch 2: predictions shape=(23, 2), labels shape=(23,)
valid batch : 2/2
valid accuracy : 0.17391304671764374
valid pred 0/1 : 19/4 label 0/1 : 6/17
valid epoch balanced_accuracy: 0.316850
EPOCH 122:
train batch 1: predictions shape=(32, 2), labels shape=(32,)
epoch : 122
batch : 1/39
train accuracy : 0.78125
train pred 0/1 : 16/16 label 0/1 : 15/17
train batch 2: predictions shape=(32, 2), labels shape=(32,)
epoch : 122
batch : 2/39
train accuracy : 0.78125
train pred 0/1 : 15/17 label 0/1 : 16/16
train batch 3: predictions shape=(32, 2), labels shape=(32,)
epoch : 122
batch : 3/39
train accuracy : 0.6875
train pred 0/1 : 23/9 label 0/1 : 23/9
train batch 4: predictions shape=(32, 2), labels shape=(32,)
epoch : 122
batch : 4/39
train accuracy : 0.75
train pred 0/1 : 16/16 label 0/1 : 14/18
train batch 5: predictions shape=(32, 2), labels shape=(32,)
epoch : 122
batch : 5/39
train accuracy : 0.625
train pred 0/1 : 19/13 label 0/1 : 13/19
train batch 6: predictions shape=(32, 2), labels shape=(32,)
epoch : 122
batch : 6/39
train accuracy : 0.5625
train pred 0/1 : 17/15 label 0/1 : 7/25
train batch 7: predictions shape=(32, 2), labels shape=(32,)
epoch : 122
batch : 7/39
train accuracy : 0.6875
train pred 0/1 : 22/10 label 0/1 : 18/14
train batch 8: predictions shape=(32, 2), labels shape=(32,)
epoch : 122
batch : 8/39
train accuracy : 0.5625
train pred 0/1 : 20/12 label 0/1 : 12/20
train batch 9: predictions shape=(32, 2), labels shape=(32,)
epoch : 122
batch : 9/39
train accuracy : 0.75
train pred 0/1 : 17/15 label 0/1 : 17/15
train batch 10: predictions shape=(32, 2), labels shape=(32,)
epoch : 122
batch : 10/39
train accuracy : 0.6875
train pred 0/1 : 15/17 label 0/1 : 11/21
train batch 11: predictions shape=(32, 2), labels shape=(32,)
epoch : 122
batch : 11/39
train accuracy : 0.59375
train pred 0/1 : 21/11 label 0/1 : 14/18
train batch 12: predictions shape=(32, 2), labels shape=(32,)
epoch : 122
batch : 12/39
train accuracy : 0.78125
train pred 0/1 : 16/16 label 0/1 : 13/19
train batch 13: predictions shape=(32, 2), labels shape=(32,)
epoch : 122
batch : 13/39
train accuracy : 0.84375
train pred 0/1 : 21/11 label 0/1 : 20/12
train batch 14: predictions shape=(32, 2), labels shape=(32,)
epoch : 122
batch : 14/39
train accuracy : 0.75
train pred 0/1 : 12/20 label 0/1 : 12/20
train batch 15: predictions shape=(32, 2), labels shape=(32,)
epoch : 122
batch : 15/39
train accuracy : 0.71875
train pred 0/1 : 16/16 label 0/1 : 11/21
train batch 16: predictions shape=(32, 2), labels shape=(32,)
epoch : 122
batch : 16/39
train accuracy : 0.75
train pred 0/1 : 12/20 label 0/1 : 12/20
train batch 17: predictions shape=(32, 2), labels shape=(32,)
epoch : 122
batch : 17/39
train accuracy : 0.625
train pred 0/1 : 12/20 label 0/1 : 12/20
train batch 18: predictions shape=(32, 2), labels shape=(32,)
epoch : 122
batch : 18/39
train accuracy : 0.71875
train pred 0/1 : 9/23 label 0/1 : 8/24
train batch 19: predictions shape=(32, 2), labels shape=(32,)
epoch : 122
batch : 19/39
train accuracy : 0.84375
train pred 0/1 : 11/21 label 0/1 : 12/20
train batch 20: predictions shape=(32, 2), labels shape=(32,)
epoch : 122
batch : 20/39
train accuracy : 0.75
train pred 0/1 : 14/18 label 0/1 : 14/18
train batch 21: predictions shape=(32, 2), labels shape=(32,)
epoch : 122
batch : 21/39
train accuracy : 0.71875
train pred 0/1 : 18/14 label 0/1 : 15/17
train batch 22: predictions shape=(32, 2), labels shape=(32,)
epoch : 122
batch : 22/39
train accuracy : 0.75
train pred 0/1 : 14/18 label 0/1 : 16/16
train batch 23: predictions shape=(32, 2), labels shape=(32,)
epoch : 122
batch : 23/39
train accuracy : 0.75
train pred 0/1 : 13/19 label 0/1 : 13/19
train batch 24: predictions shape=(32, 2), labels shape=(32,)
epoch : 122
batch : 24/39
train accuracy : 0.8125
train pred 0/1 : 7/25 label 0/1 : 9/23
train batch 25: predictions shape=(32, 2), labels shape=(32,)
epoch : 122
batch : 25/39
train accuracy : 0.78125
train pred 0/1 : 15/17 label 0/1 : 16/16
train batch 26: predictions shape=(32, 2), labels shape=(32,)
epoch : 122
batch : 26/39
train accuracy : 0.75
train pred 0/1 : 14/18 label 0/1 : 12/20
train batch 27: predictions shape=(32, 2), labels shape=(32,)
epoch : 122
batch : 27/39
train accuracy : 0.78125
train pred 0/1 : 21/11 label 0/1 : 20/12
train batch 28: predictions shape=(32, 2), labels shape=(32,)
epoch : 122
batch : 28/39
train accuracy : 0.65625
train pred 0/1 : 17/15 label 0/1 : 12/20
train batch 29: predictions shape=(32, 2), labels shape=(32,)
epoch : 122
batch : 29/39
train accuracy : 0.75
train pred 0/1 : 20/12 label 0/1 : 18/14
train batch 30: predictions shape=(32, 2), labels shape=(32,)
epoch : 122
batch : 30/39
train accuracy : 0.75
train pred 0/1 : 17/15 label 0/1 : 15/17
train batch 31: predictions shape=(32, 2), labels shape=(32,)
epoch : 122
batch : 31/39
train accuracy : 0.65625
train pred 0/1 : 21/11 label 0/1 : 16/16
train batch 32: predictions shape=(32, 2), labels shape=(32,)
epoch : 122
batch : 32/39
train accuracy : 0.65625
train pred 0/1 : 16/16 label 0/1 : 15/17
train batch 33: predictions shape=(32, 2), labels shape=(32,)
epoch : 122
batch : 33/39
train accuracy : 0.71875
train pred 0/1 : 19/13 label 0/1 : 14/18
train batch 34: predictions shape=(32, 2), labels shape=(32,)
epoch : 122
batch : 34/39
train accuracy : 0.84375
train pred 0/1 : 17/15 label 0/1 : 20/12
train batch 35: predictions shape=(32, 2), labels shape=(32,)
epoch : 122
batch : 35/39
train accuracy : 0.78125
train pred 0/1 : 14/18 label 0/1 : 17/15
train batch 36: predictions shape=(32, 2), labels shape=(32,)
epoch : 122
batch : 36/39
train accuracy : 0.71875
train pred 0/1 : 18/14 label 0/1 : 17/15
train batch 37: predictions shape=(32, 2), labels shape=(32,)
epoch : 122
batch : 37/39
train accuracy : 0.625
train pred 0/1 : 21/11 label 0/1 : 15/17
train batch 38: predictions shape=(32, 2), labels shape=(32,)
epoch : 122
batch : 38/39
train accuracy : 0.5
train pred 0/1 : 20/12 label 0/1 : 10/22
train batch 39: predictions shape=(8, 2), labels shape=(8,)
epoch : 122
batch : 39/39
train accuracy : 0.625
train pred 0/1 : 6/2 label 0/1 : 5/3
VALIDATION
valid batch 1: predictions shape=(32, 2), labels shape=(32,)
valid batch : 1/2
valid accuracy : 0.3125
valid pred 0/1 : 29/3 label 0/1 : 9/23
valid batch 2: predictions shape=(23, 2), labels shape=(23,)
valid batch : 2/2
valid accuracy : 0.1304347813129425
valid pred 0/1 : 22/1 label 0/1 : 4/19
valid epoch balanced_accuracy: 0.446886
EPOCH 123:
train batch 1: predictions shape=(32, 2), labels shape=(32,)
epoch : 123
batch : 1/39
train accuracy : 0.59375
train pred 0/1 : 26/6 label 0/1 : 17/15
train batch 2: predictions shape=(32, 2), labels shape=(32,)
epoch : 123
batch : 2/39
train accuracy : 0.5
train pred 0/1 : 25/7 label 0/1 : 15/17
train batch 3: predictions shape=(32, 2), labels shape=(32,)
epoch : 123
batch : 3/39
train accuracy : 0.71875
train pred 0/1 : 22/10 label 0/1 : 13/19
train batch 4: predictions shape=(32, 2), labels shape=(32,)
epoch : 123
batch : 4/39
train accuracy : 0.75
train pred 0/1 : 24/8 label 0/1 : 20/12
train batch 5: predictions shape=(32, 2), labels shape=(32,)
epoch : 123
batch : 5/39
train accuracy : 0.71875
train pred 0/1 : 23/9 label 0/1 : 16/16
train batch 6: predictions shape=(32, 2), labels shape=(32,)
epoch : 123
batch : 6/39
train accuracy : 0.6875
train pred 0/1 : 24/8 label 0/1 : 16/16
train batch 7: predictions shape=(32, 2), labels shape=(32,)
epoch : 123
batch : 7/39
train accuracy : 0.65625
train pred 0/1 : 22/10 label 0/1 : 13/19
train batch 8: predictions shape=(32, 2), labels shape=(32,)
epoch : 123
batch : 8/39
train accuracy : 0.625
train pred 0/1 : 23/9 label 0/1 : 15/17
train batch 9: predictions shape=(32, 2), labels shape=(32,)
epoch : 123
batch : 9/39
train accuracy : 0.75
train pred 0/1 : 22/10 label 0/1 : 16/16
train batch 10: predictions shape=(32, 2), labels shape=(32,)
epoch : 123
batch : 10/39
train accuracy : 0.78125
train pred 0/1 : 18/14 label 0/1 : 13/19
train batch 11: predictions shape=(32, 2), labels shape=(32,)
epoch : 123
batch : 11/39
train accuracy : 0.75
train pred 0/1 : 19/13 label 0/1 : 15/17
train batch 12: predictions shape=(32, 2), labels shape=(32,)
epoch : 123
batch : 12/39
train accuracy : 0.65625
train pred 0/1 : 19/13 label 0/1 : 22/10
train batch 13: predictions shape=(32, 2), labels shape=(32,)
epoch : 123
batch : 13/39
train accuracy : 0.75
train pred 0/1 : 15/17 label 0/1 : 13/19
train batch 14: predictions shape=(32, 2), labels shape=(32,)
epoch : 123
batch : 14/39
train accuracy : 0.75
train pred 0/1 : 14/18 label 0/1 : 12/20
train batch 15: predictions shape=(32, 2), labels shape=(32,)
epoch : 123
batch : 15/39
train accuracy : 0.78125
train pred 0/1 : 20/12 label 0/1 : 15/17
train batch 16: predictions shape=(32, 2), labels shape=(32,)
epoch : 123
batch : 16/39
train accuracy : 0.59375
train pred 0/1 : 9/23 label 0/1 : 16/16
train batch 17: predictions shape=(32, 2), labels shape=(32,)
epoch : 123
batch : 17/39
train accuracy : 0.65625
train pred 0/1 : 16/16 label 0/1 : 15/17
train batch 18: predictions shape=(32, 2), labels shape=(32,)
epoch : 123
batch : 18/39
train accuracy : 0.8125
train pred 0/1 : 17/15 label 0/1 : 13/19
train batch 19: predictions shape=(32, 2), labels shape=(32,)
epoch : 123
batch : 19/39
train accuracy : 0.78125
train pred 0/1 : 16/16 label 0/1 : 11/21
train batch 20: predictions shape=(32, 2), labels shape=(32,)
epoch : 123
batch : 20/39
train accuracy : 0.75
train pred 0/1 : 13/19 label 0/1 : 11/21
train batch 21: predictions shape=(32, 2), labels shape=(32,)
epoch : 123
batch : 21/39
train accuracy : 0.65625
train pred 0/1 : 19/13 label 0/1 : 14/18
train batch 22: predictions shape=(32, 2), labels shape=(32,)
epoch : 123
batch : 22/39
train accuracy : 0.75
train pred 0/1 : 16/16 label 0/1 : 12/20
train batch 23: predictions shape=(32, 2), labels shape=(32,)
epoch : 123
batch : 23/39
train accuracy : 0.65625
train pred 0/1 : 20/12 label 0/1 : 11/21
train batch 24: predictions shape=(32, 2), labels shape=(32,)
epoch : 123
batch : 24/39
train accuracy : 0.65625
train pred 0/1 : 18/14 label 0/1 : 13/19
train batch 25: predictions shape=(32, 2), labels shape=(32,)
epoch : 123
batch : 25/39
train accuracy : 0.71875
train pred 0/1 : 15/17 label 0/1 : 14/18
train batch 26: predictions shape=(32, 2), labels shape=(32,)
epoch : 123
batch : 26/39
train accuracy : 0.59375
train pred 0/1 : 19/13 label 0/1 : 16/16
train batch 27: predictions shape=(32, 2), labels shape=(32,)
epoch : 123
batch : 27/39
train accuracy : 0.75
train pred 0/1 : 15/17 label 0/1 : 15/17
train batch 28: predictions shape=(32, 2), labels shape=(32,)
epoch : 123
batch : 28/39
train accuracy : 0.59375
train pred 0/1 : 17/15 label 0/1 : 16/16
train batch 29: predictions shape=(32, 2), labels shape=(32,)
epoch : 123
batch : 29/39
train accuracy : 0.65625
train pred 0/1 : 16/16 label 0/1 : 15/17
train batch 30: predictions shape=(32, 2), labels shape=(32,)
epoch : 123
batch : 30/39
train accuracy : 0.75
train pred 0/1 : 13/19 label 0/1 : 13/19
train batch 31: predictions shape=(32, 2), labels shape=(32,)
epoch : 123
batch : 31/39
train accuracy : 0.78125
train pred 0/1 : 14/18 label 0/1 : 13/19
train batch 32: predictions shape=(32, 2), labels shape=(32,)
epoch : 123
batch : 32/39
train accuracy : 0.78125
train pred 0/1 : 18/14 label 0/1 : 15/17
train batch 33: predictions shape=(32, 2), labels shape=(32,)
epoch : 123
batch : 33/39
train accuracy : 0.6875
train pred 0/1 : 10/22 label 0/1 : 14/18
train batch 34: predictions shape=(32, 2), labels shape=(32,)
epoch : 123
batch : 34/39
train accuracy : 0.6875
train pred 0/1 : 11/21 label 0/1 : 17/15
train batch 35: predictions shape=(32, 2), labels shape=(32,)
epoch : 123
batch : 35/39
train accuracy : 0.875
train pred 0/1 : 8/24 label 0/1 : 10/22
train batch 36: predictions shape=(32, 2), labels shape=(32,)
epoch : 123
batch : 36/39
train accuracy : 0.84375
train pred 0/1 : 9/23 label 0/1 : 8/24
train batch 37: predictions shape=(32, 2), labels shape=(32,)
epoch : 123
batch : 37/39
train accuracy : 0.59375
train pred 0/1 : 12/20 label 0/1 : 17/15
train batch 38: predictions shape=(32, 2), labels shape=(32,)
epoch : 123
batch : 38/39
train accuracy : 0.65625
train pred 0/1 : 12/20 label 0/1 : 17/15
train batch 39: predictions shape=(8, 2), labels shape=(8,)
epoch : 123
batch : 39/39
train accuracy : 0.5
train pred 0/1 : 4/4 label 0/1 : 2/6
VALIDATION
valid batch 1: predictions shape=(32, 2), labels shape=(32,)
valid batch : 1/2
valid accuracy : 0.1875
valid pred 0/1 : 25/7 label 0/1 : 9/23
valid batch 2: predictions shape=(23, 2), labels shape=(23,)
valid batch : 2/2
valid accuracy : 0.21739131212234497
valid pred 0/1 : 18/5 label 0/1 : 4/19
valid epoch balanced_accuracy: 0.290293
EPOCH 124:
train batch 1: predictions shape=(32, 2), labels shape=(32,)
epoch : 124
batch : 1/39
train accuracy : 0.625
train pred 0/1 : 13/19 label 0/1 : 9/23
train batch 2: predictions shape=(32, 2), labels shape=(32,)
epoch : 124
batch : 2/39
train accuracy : 0.625
train pred 0/1 : 13/19 label 0/1 : 17/15
train batch 3: predictions shape=(32, 2), labels shape=(32,)
epoch : 124
batch : 3/39
train accuracy : 0.75
train pred 0/1 : 16/16 label 0/1 : 10/22
train batch 4: predictions shape=(32, 2), labels shape=(32,)
epoch : 124
batch : 4/39
train accuracy : 0.84375
train pred 0/1 : 11/21 label 0/1 : 14/18
train batch 5: predictions shape=(32, 2), labels shape=(32,)
epoch : 124
batch : 5/39
train accuracy : 0.71875
train pred 0/1 : 13/19 label 0/1 : 14/18
train batch 6: predictions shape=(32, 2), labels shape=(32,)
epoch : 124
batch : 6/39
train accuracy : 0.71875
train pred 0/1 : 18/14 label 0/1 : 13/19
train batch 7: predictions shape=(32, 2), labels shape=(32,)
epoch : 124
batch : 7/39
train accuracy : 0.8125
train pred 0/1 : 15/17 label 0/1 : 13/19
train batch 8: predictions shape=(32, 2), labels shape=(32,)
epoch : 124
batch : 8/39
train accuracy : 0.8125
train pred 0/1 : 15/17 label 0/1 : 11/21
train batch 9: predictions shape=(32, 2), labels shape=(32,)
epoch : 124
batch : 9/39
train accuracy : 0.6875
train pred 0/1 : 15/17 label 0/1 : 15/17
train batch 10: predictions shape=(32, 2), labels shape=(32,)
epoch : 124
batch : 10/39
train accuracy : 0.78125
train pred 0/1 : 14/18 label 0/1 : 13/19
train batch 11: predictions shape=(32, 2), labels shape=(32,)
epoch : 124
batch : 11/39
train accuracy : 0.6875
train pred 0/1 : 19/13 label 0/1 : 17/15
train batch 12: predictions shape=(32, 2), labels shape=(32,)
epoch : 124
batch : 12/39
train accuracy : 0.65625
train pred 0/1 : 11/21 label 0/1 : 12/20
train batch 13: predictions shape=(32, 2), labels shape=(32,)
epoch : 124
batch : 13/39
train accuracy : 0.78125
train pred 0/1 : 15/17 label 0/1 : 16/16
train batch 14: predictions shape=(32, 2), labels shape=(32,)
epoch : 124
batch : 14/39
train accuracy : 0.84375
train pred 0/1 : 15/17 label 0/1 : 14/18
train batch 15: predictions shape=(32, 2), labels shape=(32,)
epoch : 124
batch : 15/39
train accuracy : 0.625
train pred 0/1 : 17/15 label 0/1 : 11/21
train batch 16: predictions shape=(32, 2), labels shape=(32,)
epoch : 124
batch : 16/39
train accuracy : 0.59375
train pred 0/1 : 12/20 label 0/1 : 7/25
train batch 17: predictions shape=(32, 2), labels shape=(32,)
epoch : 124
batch : 17/39
train accuracy : 0.6875
train pred 0/1 : 11/21 label 0/1 : 17/15
train batch 18: predictions shape=(32, 2), labels shape=(32,)
epoch : 124
batch : 18/39
train accuracy : 0.71875
train pred 0/1 : 16/16 label 0/1 : 11/21
train batch 19: predictions shape=(32, 2), labels shape=(32,)
epoch : 124
batch : 19/39
train accuracy : 0.75
train pred 0/1 : 15/17 label 0/1 : 11/21
train batch 20: predictions shape=(32, 2), labels shape=(32,)
epoch : 124
batch : 20/39
train accuracy : 0.71875
train pred 0/1 : 17/15 label 0/1 : 12/20
train batch 21: predictions shape=(32, 2), labels shape=(32,)
epoch : 124
batch : 21/39
train accuracy : 0.90625
train pred 0/1 : 15/17 label 0/1 : 14/18
train batch 22: predictions shape=(32, 2), labels shape=(32,)
epoch : 124
batch : 22/39
train accuracy : 0.875
train pred 0/1 : 12/20 label 0/1 : 14/18
train batch 23: predictions shape=(32, 2), labels shape=(32,)
epoch : 124
batch : 23/39
train accuracy : 0.65625
train pred 0/1 : 12/20 label 0/1 : 17/15
train batch 24: predictions shape=(32, 2), labels shape=(32,)
epoch : 124
batch : 24/39
train accuracy : 0.75
train pred 0/1 : 15/17 label 0/1 : 13/19
train batch 25: predictions shape=(32, 2), labels shape=(32,)
epoch : 124
batch : 25/39
train accuracy : 0.75
train pred 0/1 : 19/13 label 0/1 : 17/15
train batch 26: predictions shape=(32, 2), labels shape=(32,)
epoch : 124
batch : 26/39
train accuracy : 0.71875
train pred 0/1 : 18/14 label 0/1 : 19/13
train batch 27: predictions shape=(32, 2), labels shape=(32,)
epoch : 124
batch : 27/39
train accuracy : 0.625
train pred 0/1 : 15/17 label 0/1 : 17/15
train batch 28: predictions shape=(32, 2), labels shape=(32,)
epoch : 124
batch : 28/39
train accuracy : 0.75
train pred 0/1 : 18/14 label 0/1 : 20/12
train batch 29: predictions shape=(32, 2), labels shape=(32,)
epoch : 124
batch : 29/39
train accuracy : 0.6875
train pred 0/1 : 19/13 label 0/1 : 13/19
train batch 30: predictions shape=(32, 2), labels shape=(32,)
epoch : 124
batch : 30/39
train accuracy : 0.65625
train pred 0/1 : 21/11 label 0/1 : 16/16
train batch 31: predictions shape=(32, 2), labels shape=(32,)
epoch : 124
batch : 31/39
train accuracy : 0.75
train pred 0/1 : 24/8 label 0/1 : 18/14
train batch 32: predictions shape=(32, 2), labels shape=(32,)
epoch : 124
batch : 32/39
train accuracy : 0.59375
train pred 0/1 : 25/7 label 0/1 : 14/18
train batch 33: predictions shape=(32, 2), labels shape=(32,)
epoch : 124
batch : 33/39
train accuracy : 0.59375
train pred 0/1 : 23/9 label 0/1 : 14/18
train batch 34: predictions shape=(32, 2), labels shape=(32,)
epoch : 124
batch : 34/39
train accuracy : 0.59375
train pred 0/1 : 21/11 label 0/1 : 16/16
train batch 35: predictions shape=(32, 2), labels shape=(32,)
epoch : 124
batch : 35/39
train accuracy : 0.6875
train pred 0/1 : 26/6 label 0/1 : 16/16
train batch 36: predictions shape=(32, 2), labels shape=(32,)
epoch : 124
batch : 36/39
train accuracy : 0.59375
train pred 0/1 : 26/6 label 0/1 : 17/15
train batch 37: predictions shape=(32, 2), labels shape=(32,)
epoch : 124
batch : 37/39
train accuracy : 0.8125
train pred 0/1 : 18/14 label 0/1 : 14/18
train batch 38: predictions shape=(32, 2), labels shape=(32,)
epoch : 124
batch : 38/39
train accuracy : 0.65625
train pred 0/1 : 23/9 label 0/1 : 18/14
train batch 39: predictions shape=(8, 2), labels shape=(8,)
epoch : 124
batch : 39/39
train accuracy : 1.0
train pred 0/1 : 5/3 label 0/1 : 5/3
VALIDATION
valid batch 1: predictions shape=(32, 2), labels shape=(32,)
valid batch : 1/2
valid accuracy : 0.28125
valid pred 0/1 : 26/6 label 0/1 : 9/23
valid batch 2: predictions shape=(23, 2), labels shape=(23,)
valid batch : 2/2
valid accuracy : 0.21739131212234497
valid pred 0/1 : 22/1 label 0/1 : 4/19
valid epoch balanced_accuracy: 0.432234
EPOCH 125:
train batch 1: predictions shape=(32, 2), labels shape=(32,)
epoch : 125
batch : 1/39
train accuracy : 0.625
train pred 0/1 : 20/12 label 0/1 : 12/20
train batch 2: predictions shape=(32, 2), labels shape=(32,)
epoch : 125
batch : 2/39
train accuracy : 0.5625
train pred 0/1 : 19/13 label 0/1 : 15/17
train batch 3: predictions shape=(32, 2), labels shape=(32,)
epoch : 125
batch : 3/39
train accuracy : 0.78125
train pred 0/1 : 16/16 label 0/1 : 11/21
train batch 4: predictions shape=(32, 2), labels shape=(32,)
epoch : 125
batch : 4/39
train accuracy : 0.84375
train pred 0/1 : 17/15 label 0/1 : 12/20
train batch 5: predictions shape=(32, 2), labels shape=(32,)
epoch : 125
batch : 5/39
train accuracy : 0.71875
train pred 0/1 : 12/20 label 0/1 : 7/25
train batch 6: predictions shape=(32, 2), labels shape=(32,)
epoch : 125
batch : 6/39
train accuracy : 0.6875
train pred 0/1 : 11/21 label 0/1 : 9/23
train batch 7: predictions shape=(32, 2), labels shape=(32,)
epoch : 125
batch : 7/39
train accuracy : 0.65625
train pred 0/1 : 15/17 label 0/1 : 12/20
train batch 8: predictions shape=(32, 2), labels shape=(32,)
epoch : 125
batch : 8/39
train accuracy : 0.9375
train pred 0/1 : 14/18 label 0/1 : 16/16
train batch 9: predictions shape=(32, 2), labels shape=(32,)
epoch : 125
batch : 9/39
train accuracy : 0.8125
train pred 0/1 : 12/20 label 0/1 : 12/20
train batch 10: predictions shape=(32, 2), labels shape=(32,)
epoch : 125
batch : 10/39
train accuracy : 0.71875
train pred 0/1 : 11/21 label 0/1 : 18/14
train batch 11: predictions shape=(32, 2), labels shape=(32,)
epoch : 125
batch : 11/39
train accuracy : 0.6875
train pred 0/1 : 17/15 label 0/1 : 21/11
train batch 12: predictions shape=(32, 2), labels shape=(32,)
epoch : 125
batch : 12/39
train accuracy : 0.71875
train pred 0/1 : 6/26 label 0/1 : 11/21
train batch 13: predictions shape=(32, 2), labels shape=(32,)
epoch : 125
batch : 13/39
train accuracy : 0.71875
train pred 0/1 : 11/21 label 0/1 : 16/16
train batch 14: predictions shape=(32, 2), labels shape=(32,)
epoch : 125
batch : 14/39
train accuracy : 0.6875
train pred 0/1 : 8/24 label 0/1 : 14/18
train batch 15: predictions shape=(32, 2), labels shape=(32,)
epoch : 125
batch : 15/39
train accuracy : 0.78125
train pred 0/1 : 19/13 label 0/1 : 14/18
train batch 16: predictions shape=(32, 2), labels shape=(32,)
epoch : 125
batch : 16/39
train accuracy : 0.78125
train pred 0/1 : 14/18 label 0/1 : 13/19
train batch 17: predictions shape=(32, 2), labels shape=(32,)
epoch : 125
batch : 17/39
train accuracy : 0.65625
train pred 0/1 : 22/10 label 0/1 : 21/11
train batch 18: predictions shape=(32, 2), labels shape=(32,)
epoch : 125
batch : 18/39
train accuracy : 0.625
train pred 0/1 : 28/4 label 0/1 : 16/16
train batch 19: predictions shape=(32, 2), labels shape=(32,)
epoch : 125
batch : 19/39
train accuracy : 0.75
train pred 0/1 : 21/11 label 0/1 : 17/15
train batch 20: predictions shape=(32, 2), labels shape=(32,)
epoch : 125
batch : 20/39
train accuracy : 0.65625
train pred 0/1 : 18/14 label 0/1 : 13/19
train batch 21: predictions shape=(32, 2), labels shape=(32,)
epoch : 125
batch : 21/39
train accuracy : 0.59375
train pred 0/1 : 25/7 label 0/1 : 14/18
train batch 22: predictions shape=(32, 2), labels shape=(32,)
epoch : 125
batch : 22/39
train accuracy : 0.6875
train pred 0/1 : 27/5 label 0/1 : 19/13
train batch 23: predictions shape=(32, 2), labels shape=(32,)
epoch : 125
batch : 23/39
train accuracy : 0.5625
train pred 0/1 : 25/7 label 0/1 : 13/19
train batch 24: predictions shape=(32, 2), labels shape=(32,)
epoch : 125
batch : 24/39
train accuracy : 0.6875
train pred 0/1 : 21/11 label 0/1 : 13/19
train batch 25: predictions shape=(32, 2), labels shape=(32,)
epoch : 125
batch : 25/39
train accuracy : 0.5625
train pred 0/1 : 17/15 label 0/1 : 9/23
train batch 26: predictions shape=(32, 2), labels shape=(32,)
epoch : 125
batch : 26/39
train accuracy : 0.71875
train pred 0/1 : 19/13 label 0/1 : 16/16
train batch 27: predictions shape=(32, 2), labels shape=(32,)
epoch : 125
batch : 27/39
train accuracy : 0.8125
train pred 0/1 : 17/15 label 0/1 : 17/15
train batch 28: predictions shape=(32, 2), labels shape=(32,)
epoch : 125
batch : 28/39
train accuracy : 0.8125
train pred 0/1 : 16/16 label 0/1 : 16/16
train batch 29: predictions shape=(32, 2), labels shape=(32,)
epoch : 125
batch : 29/39
train accuracy : 0.75
train pred 0/1 : 23/9 label 0/1 : 19/13
train batch 30: predictions shape=(32, 2), labels shape=(32,)
epoch : 125
batch : 30/39
train accuracy : 0.75
train pred 0/1 : 17/15 label 0/1 : 13/19
train batch 31: predictions shape=(32, 2), labels shape=(32,)
epoch : 125
batch : 31/39
train accuracy : 0.59375
train pred 0/1 : 19/13 label 0/1 : 12/20
train batch 32: predictions shape=(32, 2), labels shape=(32,)
epoch : 125
batch : 32/39
train accuracy : 0.59375
train pred 0/1 : 12/20 label 0/1 : 17/15
train batch 33: predictions shape=(32, 2), labels shape=(32,)
epoch : 125
batch : 33/39
train accuracy : 0.78125
train pred 0/1 : 19/13 label 0/1 : 16/16
train batch 34: predictions shape=(32, 2), labels shape=(32,)
epoch : 125
batch : 34/39
train accuracy : 0.75
train pred 0/1 : 19/13 label 0/1 : 15/17
train batch 35: predictions shape=(32, 2), labels shape=(32,)
epoch : 125
batch : 35/39
train accuracy : 0.8125
train pred 0/1 : 16/16 label 0/1 : 10/22
train batch 36: predictions shape=(32, 2), labels shape=(32,)
epoch : 125
batch : 36/39
train accuracy : 0.8125
train pred 0/1 : 16/16 label 0/1 : 12/20
train batch 37: predictions shape=(32, 2), labels shape=(32,)
epoch : 125
batch : 37/39
train accuracy : 0.6875
train pred 0/1 : 23/9 label 0/1 : 21/11
train batch 38: predictions shape=(32, 2), labels shape=(32,)
epoch : 125
batch : 38/39
train accuracy : 0.75
train pred 0/1 : 16/16 label 0/1 : 10/22
train batch 39: predictions shape=(8, 2), labels shape=(8,)
epoch : 125
batch : 39/39
train accuracy : 0.5
train pred 0/1 : 5/3 label 0/1 : 7/1
VALIDATION
valid batch 1: predictions shape=(32, 2), labels shape=(32,)
valid batch : 1/2
valid accuracy : 0.25
valid pred 0/1 : 31/1 label 0/1 : 9/23
valid batch 2: predictions shape=(23, 2), labels shape=(23,)
valid batch : 2/2
valid accuracy : 0.21739131212234497
valid pred 0/1 : 18/5 label 0/1 : 4/19
valid epoch balanced_accuracy: 0.420330
EPOCH 126:
train batch 1: predictions shape=(32, 2), labels shape=(32,)
epoch : 126
batch : 1/39
train accuracy : 0.6875
train pred 0/1 : 10/22 label 0/1 : 12/20
train batch 2: predictions shape=(32, 2), labels shape=(32,)
epoch : 126
batch : 2/39
train accuracy : 0.6875
train pred 0/1 : 19/13 label 0/1 : 11/21
train batch 3: predictions shape=(32, 2), labels shape=(32,)
epoch : 126
batch : 3/39
train accuracy : 0.78125
train pred 0/1 : 24/8 label 0/1 : 19/13
train batch 4: predictions shape=(32, 2), labels shape=(32,)
epoch : 126
batch : 4/39
train accuracy : 0.8125
train pred 0/1 : 21/11 label 0/1 : 15/17
train batch 5: predictions shape=(32, 2), labels shape=(32,)
epoch : 126
batch : 5/39
train accuracy : 0.71875
train pred 0/1 : 19/13 label 0/1 : 14/18
train batch 6: predictions shape=(32, 2), labels shape=(32,)
epoch : 126
batch : 6/39
train accuracy : 0.71875
train pred 0/1 : 19/13 label 0/1 : 16/16
train batch 7: predictions shape=(32, 2), labels shape=(32,)
epoch : 126
batch : 7/39
train accuracy : 0.78125
train pred 0/1 : 20/12 label 0/1 : 13/19
train batch 8: predictions shape=(32, 2), labels shape=(32,)
epoch : 126
batch : 8/39
train accuracy : 0.625
train pred 0/1 : 17/15 label 0/1 : 13/19
train batch 9: predictions shape=(32, 2), labels shape=(32,)
epoch : 126
batch : 9/39
train accuracy : 0.65625
train pred 0/1 : 18/14 label 0/1 : 13/19
train batch 10: predictions shape=(32, 2), labels shape=(32,)
epoch : 126
batch : 10/39
train accuracy : 0.625
train pred 0/1 : 19/13 label 0/1 : 15/17
train batch 11: predictions shape=(32, 2), labels shape=(32,)
epoch : 126
batch : 11/39
train accuracy : 0.6875
train pred 0/1 : 17/15 label 0/1 : 13/19
train batch 12: predictions shape=(32, 2), labels shape=(32,)
epoch : 126
batch : 12/39
train accuracy : 0.75
train pred 0/1 : 13/19 label 0/1 : 9/23
train batch 13: predictions shape=(32, 2), labels shape=(32,)
epoch : 126
batch : 13/39
train accuracy : 0.75
train pred 0/1 : 13/19 label 0/1 : 15/17
train batch 14: predictions shape=(32, 2), labels shape=(32,)
epoch : 126
batch : 14/39
train accuracy : 0.90625
train pred 0/1 : 20/12 label 0/1 : 19/13
train batch 15: predictions shape=(32, 2), labels shape=(32,)
epoch : 126
batch : 15/39
train accuracy : 0.8125
train pred 0/1 : 19/13 label 0/1 : 19/13
train batch 16: predictions shape=(32, 2), labels shape=(32,)
epoch : 126
batch : 16/39
train accuracy : 0.6875
train pred 0/1 : 10/22 label 0/1 : 12/20
train batch 17: predictions shape=(32, 2), labels shape=(32,)
epoch : 126
batch : 17/39
train accuracy : 0.6875
train pred 0/1 : 10/22 label 0/1 : 10/22
train batch 18: predictions shape=(32, 2), labels shape=(32,)
epoch : 126
batch : 18/39
train accuracy : 0.71875
train pred 0/1 : 15/17 label 0/1 : 14/18
train batch 19: predictions shape=(32, 2), labels shape=(32,)
epoch : 126
batch : 19/39
train accuracy : 0.65625
train pred 0/1 : 15/17 label 0/1 : 16/16
train batch 20: predictions shape=(32, 2), labels shape=(32,)
epoch : 126
batch : 20/39
train accuracy : 0.75
train pred 0/1 : 15/17 label 0/1 : 17/15
train batch 21: predictions shape=(32, 2), labels shape=(32,)
epoch : 126
batch : 21/39
train accuracy : 0.75
train pred 0/1 : 14/18 label 0/1 : 14/18
train batch 22: predictions shape=(32, 2), labels shape=(32,)
epoch : 126
batch : 22/39
train accuracy : 0.78125
train pred 0/1 : 12/20 label 0/1 : 13/19
train batch 23: predictions shape=(32, 2), labels shape=(32,)
epoch : 126
batch : 23/39
train accuracy : 0.6875
train pred 0/1 : 14/18 label 0/1 : 18/14
train batch 24: predictions shape=(32, 2), labels shape=(32,)
epoch : 126
batch : 24/39
train accuracy : 0.6875
train pred 0/1 : 15/17 label 0/1 : 13/19
train batch 25: predictions shape=(32, 2), labels shape=(32,)
epoch : 126
batch : 25/39
train accuracy : 0.875
train pred 0/1 : 10/22 label 0/1 : 12/20
train batch 26: predictions shape=(32, 2), labels shape=(32,)
epoch : 126
batch : 26/39
train accuracy : 0.78125
train pred 0/1 : 14/18 label 0/1 : 13/19
train batch 27: predictions shape=(32, 2), labels shape=(32,)
epoch : 126
batch : 27/39
train accuracy : 0.71875
train pred 0/1 : 18/14 label 0/1 : 19/13
train batch 28: predictions shape=(32, 2), labels shape=(32,)
epoch : 126
batch : 28/39
train accuracy : 0.625
train pred 0/1 : 14/18 label 0/1 : 16/16
train batch 29: predictions shape=(32, 2), labels shape=(32,)
epoch : 126
batch : 29/39
train accuracy : 0.65625
train pred 0/1 : 15/17 label 0/1 : 14/18
train batch 30: predictions shape=(32, 2), labels shape=(32,)
epoch : 126
batch : 30/39
train accuracy : 0.59375
train pred 0/1 : 14/18 label 0/1 : 13/19
train batch 31: predictions shape=(32, 2), labels shape=(32,)
epoch : 126
batch : 31/39
train accuracy : 0.84375
train pred 0/1 : 16/16 label 0/1 : 17/15
train batch 32: predictions shape=(32, 2), labels shape=(32,)
epoch : 126
batch : 32/39
train accuracy : 0.8125
train pred 0/1 : 17/15 label 0/1 : 17/15
train batch 33: predictions shape=(32, 2), labels shape=(32,)
epoch : 126
batch : 33/39
train accuracy : 0.6875
train pred 0/1 : 17/15 label 0/1 : 17/15
train batch 34: predictions shape=(32, 2), labels shape=(32,)
epoch : 126
batch : 34/39
train accuracy : 0.625
train pred 0/1 : 18/14 label 0/1 : 16/16
train batch 35: predictions shape=(32, 2), labels shape=(32,)
epoch : 126
batch : 35/39
train accuracy : 0.75
train pred 0/1 : 17/15 label 0/1 : 13/19
train batch 36: predictions shape=(32, 2), labels shape=(32,)
epoch : 126
batch : 36/39
train accuracy : 0.65625
train pred 0/1 : 16/16 label 0/1 : 13/19
train batch 37: predictions shape=(32, 2), labels shape=(32,)
epoch : 126
batch : 37/39
train accuracy : 0.71875
train pred 0/1 : 12/20 label 0/1 : 9/23
train batch 38: predictions shape=(32, 2), labels shape=(32,)
epoch : 126
batch : 38/39
train accuracy : 0.8125
train pred 0/1 : 18/14 label 0/1 : 12/20
train batch 39: predictions shape=(8, 2), labels shape=(8,)
epoch : 126
batch : 39/39
train accuracy : 0.875
train pred 0/1 : 4/4 label 0/1 : 5/3
VALIDATION
valid batch 1: predictions shape=(32, 2), labels shape=(32,)
valid batch : 1/2
valid accuracy : 0.15625
valid pred 0/1 : 27/5 label 0/1 : 8/24
valid batch 2: predictions shape=(23, 2), labels shape=(23,)
valid batch : 2/2
valid accuracy : 0.260869562625885
valid pred 0/1 : 18/5 label 0/1 : 5/18
valid epoch balanced_accuracy: 0.316850
EPOCH 127:
train batch 1: predictions shape=(32, 2), labels shape=(32,)
epoch : 127
batch : 1/39
train accuracy : 0.59375
train pred 0/1 : 14/18 label 0/1 : 11/21
train batch 2: predictions shape=(32, 2), labels shape=(32,)
epoch : 127
batch : 2/39
train accuracy : 0.71875
train pred 0/1 : 16/16 label 0/1 : 15/17
train batch 3: predictions shape=(32, 2), labels shape=(32,)
epoch : 127
batch : 3/39
train accuracy : 0.71875
train pred 0/1 : 17/15 label 0/1 : 12/20
train batch 4: predictions shape=(32, 2), labels shape=(32,)
epoch : 127
batch : 4/39
train accuracy : 0.625
train pred 0/1 : 15/17 label 0/1 : 17/15
train batch 5: predictions shape=(32, 2), labels shape=(32,)
epoch : 127
batch : 5/39
train accuracy : 0.65625
train pred 0/1 : 9/23 label 0/1 : 12/20
train batch 6: predictions shape=(32, 2), labels shape=(32,)
epoch : 127
batch : 6/39
train accuracy : 0.625
train pred 0/1 : 14/18 label 0/1 : 22/10
train batch 7: predictions shape=(32, 2), labels shape=(32,)
epoch : 127
batch : 7/39
train accuracy : 0.6875
train pred 0/1 : 12/20 label 0/1 : 12/20
train batch 8: predictions shape=(32, 2), labels shape=(32,)
epoch : 127
batch : 8/39
train accuracy : 0.65625
train pred 0/1 : 13/19 label 0/1 : 12/20
train batch 9: predictions shape=(32, 2), labels shape=(32,)
epoch : 127
batch : 9/39
train accuracy : 0.625
train pred 0/1 : 15/17 label 0/1 : 13/19
train batch 10: predictions shape=(32, 2), labels shape=(32,)
epoch : 127
batch : 10/39
train accuracy : 0.59375
train pred 0/1 : 13/19 label 0/1 : 10/22
train batch 11: predictions shape=(32, 2), labels shape=(32,)
epoch : 127
batch : 11/39
train accuracy : 0.75
train pred 0/1 : 20/12 label 0/1 : 14/18
train batch 12: predictions shape=(32, 2), labels shape=(32,)
epoch : 127
batch : 12/39
train accuracy : 0.78125
train pred 0/1 : 21/11 label 0/1 : 16/16
train batch 13: predictions shape=(32, 2), labels shape=(32,)
epoch : 127
batch : 13/39
train accuracy : 0.75
train pred 0/1 : 19/13 label 0/1 : 15/17
train batch 14: predictions shape=(32, 2), labels shape=(32,)
epoch : 127
batch : 14/39
train accuracy : 0.75
train pred 0/1 : 14/18 label 0/1 : 10/22
train batch 15: predictions shape=(32, 2), labels shape=(32,)
epoch : 127
batch : 15/39
train accuracy : 0.75
train pred 0/1 : 12/20 label 0/1 : 14/18
train batch 16: predictions shape=(32, 2), labels shape=(32,)
epoch : 127
batch : 16/39
train accuracy : 0.8125
train pred 0/1 : 16/16 label 0/1 : 14/18
train batch 17: predictions shape=(32, 2), labels shape=(32,)
epoch : 127
batch : 17/39
train accuracy : 0.71875
train pred 0/1 : 17/15 label 0/1 : 12/20
train batch 18: predictions shape=(32, 2), labels shape=(32,)
epoch : 127
batch : 18/39
train accuracy : 0.84375
train pred 0/1 : 17/15 label 0/1 : 18/14
train batch 19: predictions shape=(32, 2), labels shape=(32,)
epoch : 127
batch : 19/39
train accuracy : 0.78125
train pred 0/1 : 17/15 label 0/1 : 16/16
train batch 20: predictions shape=(32, 2), labels shape=(32,)
epoch : 127
batch : 20/39
train accuracy : 0.75
train pred 0/1 : 16/16 label 0/1 : 16/16
train batch 21: predictions shape=(32, 2), labels shape=(32,)
epoch : 127
batch : 21/39
train accuracy : 0.84375
train pred 0/1 : 18/14 label 0/1 : 17/15
train batch 22: predictions shape=(32, 2), labels shape=(32,)
epoch : 127
batch : 22/39
train accuracy : 0.78125
train pred 0/1 : 14/18 label 0/1 : 13/19
train batch 23: predictions shape=(32, 2), labels shape=(32,)
epoch : 127
batch : 23/39
train accuracy : 0.78125
train pred 0/1 : 12/20 label 0/1 : 11/21
train batch 24: predictions shape=(32, 2), labels shape=(32,)
epoch : 127
batch : 24/39
train accuracy : 0.78125
train pred 0/1 : 12/20 label 0/1 : 11/21
train batch 25: predictions shape=(32, 2), labels shape=(32,)
epoch : 127
batch : 25/39
train accuracy : 0.78125
train pred 0/1 : 13/19 label 0/1 : 12/20
train batch 26: predictions shape=(32, 2), labels shape=(32,)
epoch : 127
batch : 26/39
train accuracy : 0.75
train pred 0/1 : 20/12 label 0/1 : 16/16
train batch 27: predictions shape=(32, 2), labels shape=(32,)
epoch : 127
batch : 27/39
train accuracy : 0.65625
train pred 0/1 : 15/17 label 0/1 : 16/16
train batch 28: predictions shape=(32, 2), labels shape=(32,)
epoch : 127
batch : 28/39
train accuracy : 0.71875
train pred 0/1 : 14/18 label 0/1 : 13/19
train batch 29: predictions shape=(32, 2), labels shape=(32,)
epoch : 127
batch : 29/39
train accuracy : 0.6875
train pred 0/1 : 18/14 label 0/1 : 20/12
train batch 30: predictions shape=(32, 2), labels shape=(32,)
epoch : 127
batch : 30/39
train accuracy : 0.5625
train pred 0/1 : 11/21 label 0/1 : 13/19
train batch 31: predictions shape=(32, 2), labels shape=(32,)
epoch : 127
batch : 31/39
train accuracy : 0.71875
train pred 0/1 : 15/17 label 0/1 : 18/14
train batch 32: predictions shape=(32, 2), labels shape=(32,)
epoch : 127
batch : 32/39
train accuracy : 0.90625
train pred 0/1 : 16/16 label 0/1 : 15/17
train batch 33: predictions shape=(32, 2), labels shape=(32,)
epoch : 127
batch : 33/39
train accuracy : 0.65625
train pred 0/1 : 10/22 label 0/1 : 15/17
train batch 34: predictions shape=(32, 2), labels shape=(32,)
epoch : 127
batch : 34/39
train accuracy : 0.75
train pred 0/1 : 16/16 label 0/1 : 14/18
train batch 35: predictions shape=(32, 2), labels shape=(32,)
epoch : 127
batch : 35/39
train accuracy : 0.78125
train pred 0/1 : 21/11 label 0/1 : 18/14
train batch 36: predictions shape=(32, 2), labels shape=(32,)
epoch : 127
batch : 36/39
train accuracy : 0.71875
train pred 0/1 : 20/12 label 0/1 : 15/17
train batch 37: predictions shape=(32, 2), labels shape=(32,)
epoch : 127
batch : 37/39
train accuracy : 0.5625
train pred 0/1 : 19/13 label 0/1 : 11/21
train batch 38: predictions shape=(32, 2), labels shape=(32,)
epoch : 127
batch : 38/39
train accuracy : 0.65625
train pred 0/1 : 19/13 label 0/1 : 16/16
train batch 39: predictions shape=(8, 2), labels shape=(8,)
epoch : 127
batch : 39/39
train accuracy : 0.75
train pred 0/1 : 4/4 label 0/1 : 4/4
VALIDATION
valid batch 1: predictions shape=(32, 2), labels shape=(32,)
valid batch : 1/2
valid accuracy : 0.1875
valid pred 0/1 : 29/3 label 0/1 : 5/27
valid batch 2: predictions shape=(23, 2), labels shape=(23,)
valid batch : 2/2
valid accuracy : 0.30434784293174744
valid pred 0/1 : 20/3 label 0/1 : 8/15
valid epoch balanced_accuracy: 0.420330
EPOCH 128:
train batch 1: predictions shape=(32, 2), labels shape=(32,)
epoch : 128
batch : 1/39
train accuracy : 0.71875
train pred 0/1 : 15/17 label 0/1 : 12/20
train batch 2: predictions shape=(32, 2), labels shape=(32,)
epoch : 128
batch : 2/39
train accuracy : 0.625
train pred 0/1 : 17/15 label 0/1 : 13/19
train batch 3: predictions shape=(32, 2), labels shape=(32,)
epoch : 128
batch : 3/39
train accuracy : 0.75
train pred 0/1 : 23/9 label 0/1 : 19/13
train batch 4: predictions shape=(32, 2), labels shape=(32,)
epoch : 128
batch : 4/39
train accuracy : 0.75
train pred 0/1 : 15/17 label 0/1 : 13/19
train batch 5: predictions shape=(32, 2), labels shape=(32,)
epoch : 128
batch : 5/39
train accuracy : 0.75
train pred 0/1 : 13/19 label 0/1 : 17/15
train batch 6: predictions shape=(32, 2), labels shape=(32,)
epoch : 128
batch : 6/39
train accuracy : 0.875
train pred 0/1 : 15/17 label 0/1 : 13/19
train batch 7: predictions shape=(32, 2), labels shape=(32,)
epoch : 128
batch : 7/39
train accuracy : 0.625
train pred 0/1 : 17/15 label 0/1 : 17/15
train batch 8: predictions shape=(32, 2), labels shape=(32,)
epoch : 128
batch : 8/39
train accuracy : 0.84375
train pred 0/1 : 14/18 label 0/1 : 13/19
train batch 9: predictions shape=(32, 2), labels shape=(32,)
epoch : 128
batch : 9/39
train accuracy : 0.75
train pred 0/1 : 22/10 label 0/1 : 14/18
train batch 10: predictions shape=(32, 2), labels shape=(32,)
epoch : 128
batch : 10/39
train accuracy : 0.6875
train pred 0/1 : 16/16 label 0/1 : 14/18
train batch 11: predictions shape=(32, 2), labels shape=(32,)
epoch : 128
batch : 11/39
train accuracy : 0.8125
train pred 0/1 : 19/13 label 0/1 : 15/17
train batch 12: predictions shape=(32, 2), labels shape=(32,)
epoch : 128
batch : 12/39
train accuracy : 0.8125
train pred 0/1 : 14/18 label 0/1 : 14/18
train batch 13: predictions shape=(32, 2), labels shape=(32,)
epoch : 128
batch : 13/39
train accuracy : 0.71875
train pred 0/1 : 12/20 label 0/1 : 13/19
train batch 14: predictions shape=(32, 2), labels shape=(32,)
epoch : 128
batch : 14/39
train accuracy : 0.625
train pred 0/1 : 12/20 label 0/1 : 14/18
train batch 15: predictions shape=(32, 2), labels shape=(32,)
epoch : 128
batch : 15/39
train accuracy : 0.5625
train pred 0/1 : 15/17 label 0/1 : 15/17
train batch 16: predictions shape=(32, 2), labels shape=(32,)
epoch : 128
batch : 16/39
train accuracy : 0.6875
train pred 0/1 : 15/17 label 0/1 : 19/13
train batch 17: predictions shape=(32, 2), labels shape=(32,)
epoch : 128
batch : 17/39
train accuracy : 0.8125
train pred 0/1 : 13/19 label 0/1 : 15/17
train batch 18: predictions shape=(32, 2), labels shape=(32,)
epoch : 128
batch : 18/39
train accuracy : 0.71875
train pred 0/1 : 12/20 label 0/1 : 13/19
train batch 19: predictions shape=(32, 2), labels shape=(32,)
epoch : 128
batch : 19/39
train accuracy : 0.6875
train pred 0/1 : 14/18 label 0/1 : 16/16
train batch 20: predictions shape=(32, 2), labels shape=(32,)
epoch : 128
batch : 20/39
train accuracy : 0.59375
train pred 0/1 : 19/13 label 0/1 : 18/14
train batch 21: predictions shape=(32, 2), labels shape=(32,)
epoch : 128
batch : 21/39
train accuracy : 0.8125
train pred 0/1 : 13/19 label 0/1 : 11/21
train batch 22: predictions shape=(32, 2), labels shape=(32,)
epoch : 128
batch : 22/39
train accuracy : 0.78125
train pred 0/1 : 18/14 label 0/1 : 13/19
train batch 23: predictions shape=(32, 2), labels shape=(32,)
epoch : 128
batch : 23/39
train accuracy : 0.71875
train pred 0/1 : 16/16 label 0/1 : 15/17
train batch 24: predictions shape=(32, 2), labels shape=(32,)
epoch : 128
batch : 24/39
train accuracy : 0.8125
train pred 0/1 : 21/11 label 0/1 : 21/11
train batch 25: predictions shape=(32, 2), labels shape=(32,)
epoch : 128
batch : 25/39
train accuracy : 0.625
train pred 0/1 : 18/14 label 0/1 : 16/16
train batch 26: predictions shape=(32, 2), labels shape=(32,)
epoch : 128
batch : 26/39
train accuracy : 0.875
train pred 0/1 : 17/15 label 0/1 : 15/17
train batch 27: predictions shape=(32, 2), labels shape=(32,)
epoch : 128
batch : 27/39
train accuracy : 0.625
train pred 0/1 : 17/15 label 0/1 : 15/17
train batch 28: predictions shape=(32, 2), labels shape=(32,)
epoch : 128
batch : 28/39
train accuracy : 0.71875
train pred 0/1 : 19/13 label 0/1 : 16/16
train batch 29: predictions shape=(32, 2), labels shape=(32,)
epoch : 128
batch : 29/39
train accuracy : 0.71875
train pred 0/1 : 16/16 label 0/1 : 13/19
train batch 30: predictions shape=(32, 2), labels shape=(32,)
epoch : 128
batch : 30/39
train accuracy : 0.59375
train pred 0/1 : 13/19 label 0/1 : 10/22
train batch 31: predictions shape=(32, 2), labels shape=(32,)
epoch : 128
batch : 31/39
train accuracy : 0.625
train pred 0/1 : 20/12 label 0/1 : 14/18
train batch 32: predictions shape=(32, 2), labels shape=(32,)
epoch : 128
batch : 32/39
train accuracy : 0.6875
train pred 0/1 : 12/20 label 0/1 : 12/20
train batch 33: predictions shape=(32, 2), labels shape=(32,)
epoch : 128
batch : 33/39
train accuracy : 0.71875
train pred 0/1 : 17/15 label 0/1 : 10/22
train batch 34: predictions shape=(32, 2), labels shape=(32,)
epoch : 128
batch : 34/39
train accuracy : 0.75
train pred 0/1 : 14/18 label 0/1 : 16/16
train batch 35: predictions shape=(32, 2), labels shape=(32,)
epoch : 128
batch : 35/39
train accuracy : 0.53125
train pred 0/1 : 12/20 label 0/1 : 13/19
train batch 36: predictions shape=(32, 2), labels shape=(32,)
epoch : 128
batch : 36/39
train accuracy : 0.6875
train pred 0/1 : 16/16 label 0/1 : 14/18
train batch 37: predictions shape=(32, 2), labels shape=(32,)
epoch : 128
batch : 37/39
train accuracy : 0.65625
train pred 0/1 : 12/20 label 0/1 : 7/25
train batch 38: predictions shape=(32, 2), labels shape=(32,)
epoch : 128
batch : 38/39
train accuracy : 0.6875
train pred 0/1 : 20/12 label 0/1 : 18/14
train batch 39: predictions shape=(8, 2), labels shape=(8,)
epoch : 128
batch : 39/39
train accuracy : 0.25
train pred 0/1 : 5/3 label 0/1 : 3/5
VALIDATION
valid batch 1: predictions shape=(32, 2), labels shape=(32,)
valid batch : 1/2
valid accuracy : 0.21875
valid pred 0/1 : 27/5 label 0/1 : 8/24
valid batch 2: predictions shape=(23, 2), labels shape=(23,)
valid batch : 2/2
valid accuracy : 0.17391304671764374
valid pred 0/1 : 20/3 label 0/1 : 5/18
valid epoch balanced_accuracy: 0.343407
EPOCH 129:
train batch 1: predictions shape=(32, 2), labels shape=(32,)
epoch : 129
batch : 1/39
train accuracy : 0.6875
train pred 0/1 : 18/14 label 0/1 : 16/16
train batch 2: predictions shape=(32, 2), labels shape=(32,)
epoch : 129
batch : 2/39
train accuracy : 0.78125
train pred 0/1 : 21/11 label 0/1 : 16/16
train batch 3: predictions shape=(32, 2), labels shape=(32,)
epoch : 129
batch : 3/39
train accuracy : 0.78125
train pred 0/1 : 17/15 label 0/1 : 12/20
train batch 4: predictions shape=(32, 2), labels shape=(32,)
epoch : 129
batch : 4/39
train accuracy : 0.75
train pred 0/1 : 14/18 label 0/1 : 14/18
train batch 5: predictions shape=(32, 2), labels shape=(32,)
epoch : 129
batch : 5/39
train accuracy : 0.59375
train pred 0/1 : 21/11 label 0/1 : 16/16
train batch 6: predictions shape=(32, 2), labels shape=(32,)
epoch : 129
batch : 6/39
train accuracy : 0.71875
train pred 0/1 : 10/22 label 0/1 : 13/19
train batch 7: predictions shape=(32, 2), labels shape=(32,)
epoch : 129
batch : 7/39
train accuracy : 0.71875
train pred 0/1 : 18/14 label 0/1 : 13/19
train batch 8: predictions shape=(32, 2), labels shape=(32,)
epoch : 129
batch : 8/39
train accuracy : 0.84375
train pred 0/1 : 19/13 label 0/1 : 18/14
train batch 9: predictions shape=(32, 2), labels shape=(32,)
epoch : 129
batch : 9/39
train accuracy : 0.6875
train pred 0/1 : 22/10 label 0/1 : 16/16
train batch 10: predictions shape=(32, 2), labels shape=(32,)
epoch : 129
batch : 10/39
train accuracy : 0.6875
train pred 0/1 : 16/16 label 0/1 : 10/22
train batch 11: predictions shape=(32, 2), labels shape=(32,)
epoch : 129
batch : 11/39
train accuracy : 0.75
train pred 0/1 : 15/17 label 0/1 : 13/19
train batch 12: predictions shape=(32, 2), labels shape=(32,)
epoch : 129
batch : 12/39
train accuracy : 0.59375
train pred 0/1 : 20/12 label 0/1 : 21/11
train batch 13: predictions shape=(32, 2), labels shape=(32,)
epoch : 129
batch : 13/39
train accuracy : 0.6875
train pred 0/1 : 15/17 label 0/1 : 9/23
train batch 14: predictions shape=(32, 2), labels shape=(32,)
epoch : 129
batch : 14/39
train accuracy : 0.71875
train pred 0/1 : 19/13 label 0/1 : 16/16
train batch 15: predictions shape=(32, 2), labels shape=(32,)
epoch : 129
batch : 15/39
train accuracy : 0.6875
train pred 0/1 : 17/15 label 0/1 : 15/17
train batch 16: predictions shape=(32, 2), labels shape=(32,)
epoch : 129
batch : 16/39
train accuracy : 0.84375
train pred 0/1 : 15/17 label 0/1 : 14/18
train batch 17: predictions shape=(32, 2), labels shape=(32,)
epoch : 129
batch : 17/39
train accuracy : 0.75
train pred 0/1 : 12/20 label 0/1 : 12/20
train batch 18: predictions shape=(32, 2), labels shape=(32,)
epoch : 129
batch : 18/39
train accuracy : 0.84375
train pred 0/1 : 10/22 label 0/1 : 13/19
train batch 19: predictions shape=(32, 2), labels shape=(32,)
epoch : 129
batch : 19/39
train accuracy : 0.90625
train pred 0/1 : 16/16 label 0/1 : 17/15
train batch 20: predictions shape=(32, 2), labels shape=(32,)
epoch : 129
batch : 20/39
train accuracy : 0.84375
train pred 0/1 : 13/19 label 0/1 : 14/18
train batch 21: predictions shape=(32, 2), labels shape=(32,)
epoch : 129
batch : 21/39
train accuracy : 0.625
train pred 0/1 : 8/24 label 0/1 : 14/18
train batch 22: predictions shape=(32, 2), labels shape=(32,)
epoch : 129
batch : 22/39
train accuracy : 0.75
train pred 0/1 : 12/20 label 0/1 : 16/16
train batch 23: predictions shape=(32, 2), labels shape=(32,)
epoch : 129
batch : 23/39
train accuracy : 0.65625
train pred 0/1 : 16/16 label 0/1 : 19/13
train batch 24: predictions shape=(32, 2), labels shape=(32,)
epoch : 129
batch : 24/39
train accuracy : 0.875
train pred 0/1 : 15/17 label 0/1 : 13/19
train batch 25: predictions shape=(32, 2), labels shape=(32,)
epoch : 129
batch : 25/39
train accuracy : 0.71875
train pred 0/1 : 17/15 label 0/1 : 12/20
train batch 26: predictions shape=(32, 2), labels shape=(32,)
epoch : 129
batch : 26/39
train accuracy : 0.59375
train pred 0/1 : 16/16 label 0/1 : 13/19
train batch 27: predictions shape=(32, 2), labels shape=(32,)
epoch : 129
batch : 27/39
train accuracy : 0.75
train pred 0/1 : 17/15 label 0/1 : 13/19
train batch 28: predictions shape=(32, 2), labels shape=(32,)
epoch : 129
batch : 28/39
train accuracy : 0.78125
train pred 0/1 : 9/23 label 0/1 : 12/20
train batch 29: predictions shape=(32, 2), labels shape=(32,)
epoch : 129
batch : 29/39
train accuracy : 0.75
train pred 0/1 : 16/16 label 0/1 : 18/14
train batch 30: predictions shape=(32, 2), labels shape=(32,)
epoch : 129
batch : 30/39
train accuracy : 0.625
train pred 0/1 : 9/23 label 0/1 : 9/23
train batch 31: predictions shape=(32, 2), labels shape=(32,)
epoch : 129
batch : 31/39
train accuracy : 0.71875
train pred 0/1 : 16/16 label 0/1 : 17/15
train batch 32: predictions shape=(32, 2), labels shape=(32,)
epoch : 129
batch : 32/39
train accuracy : 0.65625
train pred 0/1 : 12/20 label 0/1 : 11/21
train batch 33: predictions shape=(32, 2), labels shape=(32,)
epoch : 129
batch : 33/39
train accuracy : 0.6875
train pred 0/1 : 14/18 label 0/1 : 12/20
train batch 34: predictions shape=(32, 2), labels shape=(32,)
epoch : 129
batch : 34/39
train accuracy : 0.65625
train pred 0/1 : 17/15 label 0/1 : 18/14
train batch 35: predictions shape=(32, 2), labels shape=(32,)
epoch : 129
batch : 35/39
train accuracy : 0.78125
train pred 0/1 : 18/14 label 0/1 : 15/17
train batch 36: predictions shape=(32, 2), labels shape=(32,)
epoch : 129
batch : 36/39
train accuracy : 0.71875
train pred 0/1 : 21/11 label 0/1 : 18/14
train batch 37: predictions shape=(32, 2), labels shape=(32,)
epoch : 129
batch : 37/39
train accuracy : 0.65625
train pred 0/1 : 20/12 label 0/1 : 9/23
train batch 38: predictions shape=(32, 2), labels shape=(32,)
epoch : 129
batch : 38/39
train accuracy : 0.5625
train pred 0/1 : 23/9 label 0/1 : 15/17
train batch 39: predictions shape=(8, 2), labels shape=(8,)
epoch : 129
batch : 39/39
train accuracy : 1.0
train pred 0/1 : 7/1 label 0/1 : 7/1
VALIDATION
valid batch 1: predictions shape=(32, 2), labels shape=(32,)
valid batch : 1/2
valid accuracy : 0.28125
valid pred 0/1 : 29/3 label 0/1 : 8/24
valid batch 2: predictions shape=(23, 2), labels shape=(23,)
valid batch : 2/2
valid accuracy : 0.21739131212234497
valid pred 0/1 : 21/2 label 0/1 : 5/18
valid epoch balanced_accuracy: 0.458791
EPOCH 130:
train batch 1: predictions shape=(32, 2), labels shape=(32,)
epoch : 130
batch : 1/39
train accuracy : 0.625
train pred 0/1 : 21/11 label 0/1 : 11/21
train batch 2: predictions shape=(32, 2), labels shape=(32,)
epoch : 130
batch : 2/39
train accuracy : 0.59375
train pred 0/1 : 19/13 label 0/1 : 10/22
train batch 3: predictions shape=(32, 2), labels shape=(32,)
epoch : 130
batch : 3/39
train accuracy : 0.75
train pred 0/1 : 21/11 label 0/1 : 15/17
train batch 4: predictions shape=(32, 2), labels shape=(32,)
epoch : 130
batch : 4/39
train accuracy : 0.75
train pred 0/1 : 19/13 label 0/1 : 15/17
train batch 5: predictions shape=(32, 2), labels shape=(32,)
epoch : 130
batch : 5/39
train accuracy : 0.71875
train pred 0/1 : 17/15 label 0/1 : 16/16
train batch 6: predictions shape=(32, 2), labels shape=(32,)
epoch : 130
batch : 6/39
train accuracy : 0.84375
train pred 0/1 : 10/22 label 0/1 : 9/23
train batch 7: predictions shape=(32, 2), labels shape=(32,)
epoch : 130
batch : 7/39
train accuracy : 0.59375
train pred 0/1 : 10/22 label 0/1 : 17/15
train batch 8: predictions shape=(32, 2), labels shape=(32,)
epoch : 130
batch : 8/39
train accuracy : 0.78125
train pred 0/1 : 16/16 label 0/1 : 13/19
train batch 9: predictions shape=(32, 2), labels shape=(32,)
epoch : 130
batch : 9/39
train accuracy : 0.625
train pred 0/1 : 15/17 label 0/1 : 17/15
train batch 10: predictions shape=(32, 2), labels shape=(32,)
epoch : 130
batch : 10/39
train accuracy : 0.71875
train pred 0/1 : 15/17 label 0/1 : 14/18
train batch 11: predictions shape=(32, 2), labels shape=(32,)
epoch : 130
batch : 11/39
train accuracy : 0.875
train pred 0/1 : 17/15 label 0/1 : 17/15
train batch 12: predictions shape=(32, 2), labels shape=(32,)
epoch : 130
batch : 12/39
train accuracy : 0.6875
train pred 0/1 : 15/17 label 0/1 : 7/25
train batch 13: predictions shape=(32, 2), labels shape=(32,)
epoch : 130
batch : 13/39
train accuracy : 0.6875
train pred 0/1 : 17/15 label 0/1 : 15/17
train batch 14: predictions shape=(32, 2), labels shape=(32,)
epoch : 130
batch : 14/39
train accuracy : 0.78125
train pred 0/1 : 16/16 label 0/1 : 15/17
train batch 15: predictions shape=(32, 2), labels shape=(32,)
epoch : 130
batch : 15/39
train accuracy : 0.6875
train pred 0/1 : 22/10 label 0/1 : 16/16
train batch 16: predictions shape=(32, 2), labels shape=(32,)
epoch : 130
batch : 16/39
train accuracy : 0.625
train pred 0/1 : 25/7 label 0/1 : 15/17
train batch 17: predictions shape=(32, 2), labels shape=(32,)
epoch : 130
batch : 17/39
train accuracy : 0.71875
train pred 0/1 : 17/15 label 0/1 : 14/18
train batch 18: predictions shape=(32, 2), labels shape=(32,)
epoch : 130
batch : 18/39
train accuracy : 0.625
train pred 0/1 : 17/15 label 0/1 : 9/23
train batch 19: predictions shape=(32, 2), labels shape=(32,)
epoch : 130
batch : 19/39
train accuracy : 0.75
train pred 0/1 : 21/11 label 0/1 : 15/17
train batch 20: predictions shape=(32, 2), labels shape=(32,)
epoch : 130
batch : 20/39
train accuracy : 0.78125
train pred 0/1 : 15/17 label 0/1 : 14/18
train batch 21: predictions shape=(32, 2), labels shape=(32,)
epoch : 130
batch : 21/39
train accuracy : 0.59375
train pred 0/1 : 17/15 label 0/1 : 14/18
train batch 22: predictions shape=(32, 2), labels shape=(32,)
epoch : 130
batch : 22/39
train accuracy : 0.75
train pred 0/1 : 17/15 label 0/1 : 15/17
train batch 23: predictions shape=(32, 2), labels shape=(32,)
epoch : 130
batch : 23/39
train accuracy : 0.75
train pred 0/1 : 18/14 label 0/1 : 20/12
train batch 24: predictions shape=(32, 2), labels shape=(32,)
epoch : 130
batch : 24/39
train accuracy : 0.78125
train pred 0/1 : 15/17 label 0/1 : 18/14
train batch 25: predictions shape=(32, 2), labels shape=(32,)
epoch : 130
batch : 25/39
train accuracy : 0.875
train pred 0/1 : 16/16 label 0/1 : 16/16
train batch 26: predictions shape=(32, 2), labels shape=(32,)
epoch : 130
batch : 26/39
train accuracy : 0.6875
train pred 0/1 : 14/18 label 0/1 : 10/22
train batch 27: predictions shape=(32, 2), labels shape=(32,)
epoch : 130
batch : 27/39
train accuracy : 0.65625
train pred 0/1 : 14/18 label 0/1 : 15/17
train batch 28: predictions shape=(32, 2), labels shape=(32,)
epoch : 130
batch : 28/39
train accuracy : 0.65625
train pred 0/1 : 23/9 label 0/1 : 16/16
train batch 29: predictions shape=(32, 2), labels shape=(32,)
epoch : 130
batch : 29/39
train accuracy : 0.84375
train pred 0/1 : 16/16 label 0/1 : 19/13
train batch 30: predictions shape=(32, 2), labels shape=(32,)
epoch : 130
batch : 30/39
train accuracy : 0.625
train pred 0/1 : 24/8 label 0/1 : 14/18
train batch 31: predictions shape=(32, 2), labels shape=(32,)
epoch : 130
batch : 31/39
train accuracy : 0.71875
train pred 0/1 : 17/15 label 0/1 : 16/16
train batch 32: predictions shape=(32, 2), labels shape=(32,)
epoch : 130
batch : 32/39
train accuracy : 0.75
train pred 0/1 : 22/10 label 0/1 : 18/14
train batch 33: predictions shape=(32, 2), labels shape=(32,)
epoch : 130
batch : 33/39
train accuracy : 0.59375
train pred 0/1 : 24/8 label 0/1 : 15/17
train batch 34: predictions shape=(32, 2), labels shape=(32,)
epoch : 130
batch : 34/39
train accuracy : 0.71875
train pred 0/1 : 24/8 label 0/1 : 17/15
train batch 35: predictions shape=(32, 2), labels shape=(32,)
epoch : 130
batch : 35/39
train accuracy : 0.625
train pred 0/1 : 18/14 label 0/1 : 10/22
train batch 36: predictions shape=(32, 2), labels shape=(32,)
epoch : 130
batch : 36/39
train accuracy : 0.75
train pred 0/1 : 18/14 label 0/1 : 14/18
train batch 37: predictions shape=(32, 2), labels shape=(32,)
epoch : 130
batch : 37/39
train accuracy : 0.625
train pred 0/1 : 16/16 label 0/1 : 12/20
train batch 38: predictions shape=(32, 2), labels shape=(32,)
epoch : 130
batch : 38/39
train accuracy : 0.65625
train pred 0/1 : 18/14 label 0/1 : 13/19
train batch 39: predictions shape=(8, 2), labels shape=(8,)
epoch : 130
batch : 39/39
train accuracy : 0.75
train pred 0/1 : 5/3 label 0/1 : 3/5
VALIDATION
valid batch 1: predictions shape=(32, 2), labels shape=(32,)
valid batch : 1/2
valid accuracy : 0.15625
valid pred 0/1 : 30/2 label 0/1 : 7/25
valid batch 2: predictions shape=(23, 2), labels shape=(23,)
valid batch : 2/2
valid accuracy : 0.21739131212234497
valid pred 0/1 : 16/7 label 0/1 : 6/17
valid epoch balanced_accuracy: 0.304945
EPOCH 131:
train batch 1: predictions shape=(32, 2), labels shape=(32,)
epoch : 131
batch : 1/39
train accuracy : 0.8125
train pred 0/1 : 13/19 label 0/1 : 11/21
train batch 2: predictions shape=(32, 2), labels shape=(32,)
epoch : 131
batch : 2/39
train accuracy : 0.8125
train pred 0/1 : 12/20 label 0/1 : 12/20
train batch 3: predictions shape=(32, 2), labels shape=(32,)
epoch : 131
batch : 3/39
train accuracy : 0.8125
train pred 0/1 : 8/24 label 0/1 : 12/20
train batch 4: predictions shape=(32, 2), labels shape=(32,)
epoch : 131
batch : 4/39
train accuracy : 0.59375
train pred 0/1 : 6/26 label 0/1 : 15/17
train batch 5: predictions shape=(32, 2), labels shape=(32,)
epoch : 131
batch : 5/39
train accuracy : 0.53125
train pred 0/1 : 8/24 label 0/1 : 21/11
train batch 6: predictions shape=(32, 2), labels shape=(32,)
epoch : 131
batch : 6/39
train accuracy : 0.71875
train pred 0/1 : 9/23 label 0/1 : 10/22
train batch 7: predictions shape=(32, 2), labels shape=(32,)
epoch : 131
batch : 7/39
train accuracy : 0.6875
train pred 0/1 : 11/21 label 0/1 : 17/15
train batch 8: predictions shape=(32, 2), labels shape=(32,)
epoch : 131
batch : 8/39
train accuracy : 0.6875
train pred 0/1 : 10/22 label 0/1 : 18/14
train batch 9: predictions shape=(32, 2), labels shape=(32,)
epoch : 131
batch : 9/39
train accuracy : 0.6875
train pred 0/1 : 10/22 label 0/1 : 18/14
train batch 10: predictions shape=(32, 2), labels shape=(32,)
epoch : 131
batch : 10/39
train accuracy : 0.625
train pred 0/1 : 11/21 label 0/1 : 17/15
train batch 11: predictions shape=(32, 2), labels shape=(32,)
epoch : 131
batch : 11/39
train accuracy : 0.8125
train pred 0/1 : 14/18 label 0/1 : 10/22
train batch 12: predictions shape=(32, 2), labels shape=(32,)
epoch : 131
batch : 12/39
train accuracy : 0.59375
train pred 0/1 : 14/18 label 0/1 : 13/19
train batch 13: predictions shape=(32, 2), labels shape=(32,)
epoch : 131
batch : 13/39
train accuracy : 0.625
train pred 0/1 : 15/17 label 0/1 : 15/17
train batch 14: predictions shape=(32, 2), labels shape=(32,)
epoch : 131
batch : 14/39
train accuracy : 0.75
train pred 0/1 : 14/18 label 0/1 : 16/16
train batch 15: predictions shape=(32, 2), labels shape=(32,)
epoch : 131
batch : 15/39
train accuracy : 0.71875
train pred 0/1 : 24/8 label 0/1 : 15/17
train batch 16: predictions shape=(32, 2), labels shape=(32,)
epoch : 131
batch : 16/39
train accuracy : 0.8125
train pred 0/1 : 22/10 label 0/1 : 18/14
train batch 17: predictions shape=(32, 2), labels shape=(32,)
epoch : 131
batch : 17/39
train accuracy : 0.53125
train pred 0/1 : 20/12 label 0/1 : 11/21
train batch 18: predictions shape=(32, 2), labels shape=(32,)
epoch : 131
batch : 18/39
train accuracy : 0.625
train pred 0/1 : 18/14 label 0/1 : 12/20
train batch 19: predictions shape=(32, 2), labels shape=(32,)
epoch : 131
batch : 19/39
train accuracy : 0.625
train pred 0/1 : 20/12 label 0/1 : 14/18
train batch 20: predictions shape=(32, 2), labels shape=(32,)
epoch : 131
batch : 20/39
train accuracy : 0.65625
train pred 0/1 : 26/6 label 0/1 : 15/17
train batch 21: predictions shape=(32, 2), labels shape=(32,)
epoch : 131
batch : 21/39
train accuracy : 0.6875
train pred 0/1 : 20/12 label 0/1 : 16/16
train batch 22: predictions shape=(32, 2), labels shape=(32,)
epoch : 131
batch : 22/39
train accuracy : 0.71875
train pred 0/1 : 20/12 label 0/1 : 15/17
train batch 23: predictions shape=(32, 2), labels shape=(32,)
epoch : 131
batch : 23/39
train accuracy : 0.625
train pred 0/1 : 20/12 label 0/1 : 16/16
train batch 24: predictions shape=(32, 2), labels shape=(32,)
epoch : 131
batch : 24/39
train accuracy : 0.71875
train pred 0/1 : 17/15 label 0/1 : 12/20
train batch 25: predictions shape=(32, 2), labels shape=(32,)
epoch : 131
batch : 25/39
train accuracy : 0.6875
train pred 0/1 : 16/16 label 0/1 : 16/16
train batch 26: predictions shape=(32, 2), labels shape=(32,)
epoch : 131
batch : 26/39
train accuracy : 0.78125
train pred 0/1 : 13/19 label 0/1 : 10/22
train batch 27: predictions shape=(32, 2), labels shape=(32,)
epoch : 131
batch : 27/39
train accuracy : 0.75
train pred 0/1 : 10/22 label 0/1 : 10/22
train batch 28: predictions shape=(32, 2), labels shape=(32,)
epoch : 131
batch : 28/39
train accuracy : 0.5625
train pred 0/1 : 19/13 label 0/1 : 15/17
train batch 29: predictions shape=(32, 2), labels shape=(32,)
epoch : 131
batch : 29/39
train accuracy : 0.75
train pred 0/1 : 17/15 label 0/1 : 17/15
train batch 30: predictions shape=(32, 2), labels shape=(32,)
epoch : 131
batch : 30/39
train accuracy : 0.8125
train pred 0/1 : 8/24 label 0/1 : 12/20
train batch 31: predictions shape=(32, 2), labels shape=(32,)
epoch : 131
batch : 31/39
train accuracy : 0.65625
train pred 0/1 : 8/24 label 0/1 : 15/17
train batch 32: predictions shape=(32, 2), labels shape=(32,)
epoch : 131
batch : 32/39
train accuracy : 0.75
train pred 0/1 : 8/24 label 0/1 : 12/20
train batch 33: predictions shape=(32, 2), labels shape=(32,)
epoch : 131
batch : 33/39
train accuracy : 0.8125
train pred 0/1 : 6/26 label 0/1 : 12/20
train batch 34: predictions shape=(32, 2), labels shape=(32,)
epoch : 131
batch : 34/39
train accuracy : 0.71875
train pred 0/1 : 7/25 label 0/1 : 12/20
train batch 35: predictions shape=(32, 2), labels shape=(32,)
epoch : 131
batch : 35/39
train accuracy : 0.5625
train pred 0/1 : 9/23 label 0/1 : 17/15
train batch 36: predictions shape=(32, 2), labels shape=(32,)
epoch : 131
batch : 36/39
train accuracy : 0.8125
train pred 0/1 : 11/21 label 0/1 : 11/21
train batch 37: predictions shape=(32, 2), labels shape=(32,)
epoch : 131
batch : 37/39
train accuracy : 0.59375
train pred 0/1 : 10/22 label 0/1 : 15/17
train batch 38: predictions shape=(32, 2), labels shape=(32,)
epoch : 131
batch : 38/39
train accuracy : 0.65625
train pred 0/1 : 15/17 label 0/1 : 22/10
train batch 39: predictions shape=(8, 2), labels shape=(8,)
epoch : 131
batch : 39/39
train accuracy : 0.625
train pred 0/1 : 5/3 label 0/1 : 4/4
VALIDATION
valid batch 1: predictions shape=(32, 2), labels shape=(32,)
valid batch : 1/2
valid accuracy : 0.25
valid pred 0/1 : 24/8 label 0/1 : 10/22
valid batch 2: predictions shape=(23, 2), labels shape=(23,)
valid batch : 2/2
valid accuracy : 0.1304347813129425
valid pred 0/1 : 21/2 label 0/1 : 3/20
valid epoch balanced_accuracy: 0.316850
EPOCH 132:
train batch 1: predictions shape=(32, 2), labels shape=(32,)
epoch : 132
batch : 1/39
train accuracy : 0.65625
train pred 0/1 : 13/19 label 0/1 : 12/20
train batch 2: predictions shape=(32, 2), labels shape=(32,)
epoch : 132
batch : 2/39
train accuracy : 0.75
train pred 0/1 : 17/15 label 0/1 : 15/17
train batch 3: predictions shape=(32, 2), labels shape=(32,)
epoch : 132
batch : 3/39
train accuracy : 0.8125
train pred 0/1 : 16/16 label 0/1 : 12/20
train batch 4: predictions shape=(32, 2), labels shape=(32,)
epoch : 132
batch : 4/39
train accuracy : 0.8125
train pred 0/1 : 17/15 label 0/1 : 17/15
train batch 5: predictions shape=(32, 2), labels shape=(32,)
epoch : 132
batch : 5/39
train accuracy : 0.6875
train pred 0/1 : 18/14 label 0/1 : 10/22
train batch 6: predictions shape=(32, 2), labels shape=(32,)
epoch : 132
batch : 6/39
train accuracy : 0.8125
train pred 0/1 : 13/19 label 0/1 : 13/19
train batch 7: predictions shape=(32, 2), labels shape=(32,)
epoch : 132
batch : 7/39
train accuracy : 0.78125
train pred 0/1 : 15/17 label 0/1 : 16/16
train batch 8: predictions shape=(32, 2), labels shape=(32,)
epoch : 132
batch : 8/39
train accuracy : 0.625
train pred 0/1 : 16/16 label 0/1 : 18/14
train batch 9: predictions shape=(32, 2), labels shape=(32,)
epoch : 132
batch : 9/39
train accuracy : 0.71875
train pred 0/1 : 20/12 label 0/1 : 13/19
train batch 10: predictions shape=(32, 2), labels shape=(32,)
epoch : 132
batch : 10/39
train accuracy : 0.75
train pred 0/1 : 14/18 label 0/1 : 16/16
train batch 11: predictions shape=(32, 2), labels shape=(32,)
epoch : 132
batch : 11/39
train accuracy : 0.78125
train pred 0/1 : 21/11 label 0/1 : 16/16
train batch 12: predictions shape=(32, 2), labels shape=(32,)
epoch : 132
batch : 12/39
train accuracy : 0.71875
train pred 0/1 : 14/18 label 0/1 : 13/19
train batch 13: predictions shape=(32, 2), labels shape=(32,)
epoch : 132
batch : 13/39
train accuracy : 0.75
train pred 0/1 : 15/17 label 0/1 : 15/17
train batch 14: predictions shape=(32, 2), labels shape=(32,)
epoch : 132
batch : 14/39
train accuracy : 0.71875
train pred 0/1 : 22/10 label 0/1 : 19/13
train batch 15: predictions shape=(32, 2), labels shape=(32,)
epoch : 132
batch : 15/39
train accuracy : 0.8125
train pred 0/1 : 19/13 label 0/1 : 15/17
train batch 16: predictions shape=(32, 2), labels shape=(32,)
epoch : 132
batch : 16/39
train accuracy : 0.75
train pred 0/1 : 11/21 label 0/1 : 15/17
train batch 17: predictions shape=(32, 2), labels shape=(32,)
epoch : 132
batch : 17/39
train accuracy : 0.65625
train pred 0/1 : 14/18 label 0/1 : 17/15
train batch 18: predictions shape=(32, 2), labels shape=(32,)
epoch : 132
batch : 18/39
train accuracy : 0.71875
train pred 0/1 : 16/16 label 0/1 : 13/19
train batch 19: predictions shape=(32, 2), labels shape=(32,)
epoch : 132
batch : 19/39
train accuracy : 0.90625
train pred 0/1 : 9/23 label 0/1 : 8/24
train batch 20: predictions shape=(32, 2), labels shape=(32,)
epoch : 132
batch : 20/39
train accuracy : 0.71875
train pred 0/1 : 18/14 label 0/1 : 15/17
train batch 21: predictions shape=(32, 2), labels shape=(32,)
epoch : 132
batch : 21/39
train accuracy : 0.84375
train pred 0/1 : 17/15 label 0/1 : 16/16
train batch 22: predictions shape=(32, 2), labels shape=(32,)
epoch : 132
batch : 22/39
train accuracy : 0.6875
train pred 0/1 : 14/18 label 0/1 : 16/16
train batch 23: predictions shape=(32, 2), labels shape=(32,)
epoch : 132
batch : 23/39
train accuracy : 0.84375
train pred 0/1 : 19/13 label 0/1 : 18/14
train batch 24: predictions shape=(32, 2), labels shape=(32,)
epoch : 132
batch : 24/39
train accuracy : 0.75
train pred 0/1 : 17/15 label 0/1 : 17/15
train batch 25: predictions shape=(32, 2), labels shape=(32,)
epoch : 132
batch : 25/39
train accuracy : 0.78125
train pred 0/1 : 17/15 label 0/1 : 14/18
train batch 26: predictions shape=(32, 2), labels shape=(32,)
epoch : 132
batch : 26/39
train accuracy : 0.71875
train pred 0/1 : 16/16 label 0/1 : 13/19
train batch 27: predictions shape=(32, 2), labels shape=(32,)
epoch : 132
batch : 27/39
train accuracy : 0.71875
train pred 0/1 : 14/18 label 0/1 : 15/17
train batch 28: predictions shape=(32, 2), labels shape=(32,)
epoch : 132
batch : 28/39
train accuracy : 0.65625
train pred 0/1 : 14/18 label 0/1 : 11/21
train batch 29: predictions shape=(32, 2), labels shape=(32,)
epoch : 132
batch : 29/39
train accuracy : 0.6875
train pred 0/1 : 15/17 label 0/1 : 11/21
train batch 30: predictions shape=(32, 2), labels shape=(32,)
epoch : 132
batch : 30/39
train accuracy : 0.65625
train pred 0/1 : 16/16 label 0/1 : 19/13
train batch 31: predictions shape=(32, 2), labels shape=(32,)
epoch : 132
batch : 31/39
train accuracy : 0.5
train pred 0/1 : 21/11 label 0/1 : 15/17
train batch 32: predictions shape=(32, 2), labels shape=(32,)
epoch : 132
batch : 32/39
train accuracy : 0.59375
train pred 0/1 : 14/18 label 0/1 : 7/25
train batch 33: predictions shape=(32, 2), labels shape=(32,)
epoch : 132
batch : 33/39
train accuracy : 0.59375
train pred 0/1 : 16/16 label 0/1 : 15/17
train batch 34: predictions shape=(32, 2), labels shape=(32,)
epoch : 132
batch : 34/39
train accuracy : 0.75
train pred 0/1 : 17/15 label 0/1 : 17/15
train batch 35: predictions shape=(32, 2), labels shape=(32,)
epoch : 132
batch : 35/39
train accuracy : 0.78125
train pred 0/1 : 13/19 label 0/1 : 14/18
train batch 36: predictions shape=(32, 2), labels shape=(32,)
epoch : 132
batch : 36/39
train accuracy : 0.6875
train pred 0/1 : 16/16 label 0/1 : 12/20
train batch 37: predictions shape=(32, 2), labels shape=(32,)
epoch : 132
batch : 37/39
train accuracy : 0.78125
train pred 0/1 : 14/18 label 0/1 : 15/17
train batch 38: predictions shape=(32, 2), labels shape=(32,)
epoch : 132
batch : 38/39
train accuracy : 0.65625
train pred 0/1 : 11/21 label 0/1 : 12/20
train batch 39: predictions shape=(8, 2), labels shape=(8,)
epoch : 132
batch : 39/39
train accuracy : 0.625
train pred 0/1 : 3/5 label 0/1 : 4/4
VALIDATION
valid batch 1: predictions shape=(32, 2), labels shape=(32,)
valid batch : 1/2
valid accuracy : 0.21875
valid pred 0/1 : 25/7 label 0/1 : 8/24
valid batch 2: predictions shape=(23, 2), labels shape=(23,)
valid batch : 2/2
valid accuracy : 0.17391304671764374
valid pred 0/1 : 20/3 label 0/1 : 5/18
valid epoch balanced_accuracy: 0.316850
EPOCH 133:
train batch 1: predictions shape=(32, 2), labels shape=(32,)
epoch : 133
batch : 1/39
train accuracy : 0.78125
train pred 0/1 : 18/14 label 0/1 : 15/17
train batch 2: predictions shape=(32, 2), labels shape=(32,)
epoch : 133
batch : 2/39
train accuracy : 0.71875
train pred 0/1 : 14/18 label 0/1 : 15/17
train batch 3: predictions shape=(32, 2), labels shape=(32,)
epoch : 133
batch : 3/39
train accuracy : 0.5
train pred 0/1 : 18/14 label 0/1 : 12/20
train batch 4: predictions shape=(32, 2), labels shape=(32,)
epoch : 133
batch : 4/39
train accuracy : 0.78125
train pred 0/1 : 17/15 label 0/1 : 16/16
train batch 5: predictions shape=(32, 2), labels shape=(32,)
epoch : 133
batch : 5/39
train accuracy : 0.5625
train pred 0/1 : 16/16 label 0/1 : 10/22
train batch 6: predictions shape=(32, 2), labels shape=(32,)
epoch : 133
batch : 6/39
train accuracy : 0.46875
train pred 0/1 : 21/11 label 0/1 : 14/18
train batch 7: predictions shape=(32, 2), labels shape=(32,)
epoch : 133
batch : 7/39
train accuracy : 0.84375
train pred 0/1 : 19/13 label 0/1 : 16/16
train batch 8: predictions shape=(32, 2), labels shape=(32,)
epoch : 133
batch : 8/39
train accuracy : 0.65625
train pred 0/1 : 20/12 label 0/1 : 15/17
train batch 9: predictions shape=(32, 2), labels shape=(32,)
epoch : 133
batch : 9/39
train accuracy : 0.625
train pred 0/1 : 20/12 label 0/1 : 14/18
train batch 10: predictions shape=(32, 2), labels shape=(32,)
epoch : 133
batch : 10/39
train accuracy : 0.625
train pred 0/1 : 22/10 label 0/1 : 14/18
train batch 11: predictions shape=(32, 2), labels shape=(32,)
epoch : 133
batch : 11/39
train accuracy : 0.78125
train pred 0/1 : 19/13 label 0/1 : 20/12
train batch 12: predictions shape=(32, 2), labels shape=(32,)
epoch : 133
batch : 12/39
train accuracy : 0.53125
train pred 0/1 : 19/13 label 0/1 : 16/16
train batch 13: predictions shape=(32, 2), labels shape=(32,)
epoch : 133
batch : 13/39
train accuracy : 0.8125
train pred 0/1 : 19/13 label 0/1 : 15/17
train batch 14: predictions shape=(32, 2), labels shape=(32,)
epoch : 133
batch : 14/39
train accuracy : 0.65625
train pred 0/1 : 21/11 label 0/1 : 16/16
train batch 15: predictions shape=(32, 2), labels shape=(32,)
epoch : 133
batch : 15/39
train accuracy : 0.625
train pred 0/1 : 21/11 label 0/1 : 15/17
train batch 16: predictions shape=(32, 2), labels shape=(32,)
epoch : 133
batch : 16/39
train accuracy : 0.78125
train pred 0/1 : 22/10 label 0/1 : 17/15
train batch 17: predictions shape=(32, 2), labels shape=(32,)
epoch : 133
batch : 17/39
train accuracy : 0.65625
train pred 0/1 : 19/13 label 0/1 : 16/16
train batch 18: predictions shape=(32, 2), labels shape=(32,)
epoch : 133
batch : 18/39
train accuracy : 0.8125
train pred 0/1 : 17/15 label 0/1 : 11/21
train batch 19: predictions shape=(32, 2), labels shape=(32,)
epoch : 133
batch : 19/39
train accuracy : 0.78125
train pred 0/1 : 14/18 label 0/1 : 13/19
train batch 20: predictions shape=(32, 2), labels shape=(32,)
epoch : 133
batch : 20/39
train accuracy : 0.6875
train pred 0/1 : 16/16 label 0/1 : 12/20
train batch 21: predictions shape=(32, 2), labels shape=(32,)
epoch : 133
batch : 21/39
train accuracy : 0.75
train pred 0/1 : 4/28 label 0/1 : 12/20
train batch 22: predictions shape=(32, 2), labels shape=(32,)
epoch : 133
batch : 22/39
train accuracy : 0.78125
train pred 0/1 : 7/25 label 0/1 : 12/20
train batch 23: predictions shape=(32, 2), labels shape=(32,)
epoch : 133
batch : 23/39
train accuracy : 0.75
train pred 0/1 : 11/21 label 0/1 : 13/19
train batch 24: predictions shape=(32, 2), labels shape=(32,)
epoch : 133
batch : 24/39
train accuracy : 0.75
train pred 0/1 : 10/22 label 0/1 : 16/16
train batch 25: predictions shape=(32, 2), labels shape=(32,)
epoch : 133
batch : 25/39
train accuracy : 0.625
train pred 0/1 : 14/18 label 0/1 : 20/12
train batch 26: predictions shape=(32, 2), labels shape=(32,)
epoch : 133
batch : 26/39
train accuracy : 0.84375
train pred 0/1 : 9/23 label 0/1 : 14/18
train batch 27: predictions shape=(32, 2), labels shape=(32,)
epoch : 133
batch : 27/39
train accuracy : 0.71875
train pred 0/1 : 13/19 label 0/1 : 16/16
train batch 28: predictions shape=(32, 2), labels shape=(32,)
epoch : 133
batch : 28/39
train accuracy : 0.65625
train pred 0/1 : 9/23 label 0/1 : 12/20
train batch 29: predictions shape=(32, 2), labels shape=(32,)
epoch : 133
batch : 29/39
train accuracy : 0.625
train pred 0/1 : 16/16 label 0/1 : 12/20
train batch 30: predictions shape=(32, 2), labels shape=(32,)
epoch : 133
batch : 30/39
train accuracy : 0.71875
train pred 0/1 : 15/17 label 0/1 : 12/20
train batch 31: predictions shape=(32, 2), labels shape=(32,)
epoch : 133
batch : 31/39
train accuracy : 0.8125
train pred 0/1 : 15/17 label 0/1 : 19/13
train batch 32: predictions shape=(32, 2), labels shape=(32,)
epoch : 133
batch : 32/39
train accuracy : 0.75
train pred 0/1 : 15/17 label 0/1 : 13/19
train batch 33: predictions shape=(32, 2), labels shape=(32,)
epoch : 133
batch : 33/39
train accuracy : 0.65625
train pred 0/1 : 12/20 label 0/1 : 15/17
train batch 34: predictions shape=(32, 2), labels shape=(32,)
epoch : 133
batch : 34/39
train accuracy : 0.75
train pred 0/1 : 13/19 label 0/1 : 11/21
train batch 35: predictions shape=(32, 2), labels shape=(32,)
epoch : 133
batch : 35/39
train accuracy : 0.625
train pred 0/1 : 16/16 label 0/1 : 12/20
train batch 36: predictions shape=(32, 2), labels shape=(32,)
epoch : 133
batch : 36/39
train accuracy : 0.75
train pred 0/1 : 15/17 label 0/1 : 21/11
train batch 37: predictions shape=(32, 2), labels shape=(32,)
epoch : 133
batch : 37/39
train accuracy : 0.6875
train pred 0/1 : 15/17 label 0/1 : 13/19
train batch 38: predictions shape=(32, 2), labels shape=(32,)
epoch : 133
batch : 38/39
train accuracy : 0.6875
train pred 0/1 : 14/18 label 0/1 : 12/20
train batch 39: predictions shape=(8, 2), labels shape=(8,)
epoch : 133
batch : 39/39
train accuracy : 0.375
train pred 0/1 : 5/3 label 0/1 : 2/6
VALIDATION
valid batch 1: predictions shape=(32, 2), labels shape=(32,)
valid batch : 1/2
valid accuracy : 0.3125
valid pred 0/1 : 29/3 label 0/1 : 9/23
valid batch 2: predictions shape=(23, 2), labels shape=(23,)
valid batch : 2/2
valid accuracy : 0.08695652335882187
valid pred 0/1 : 19/4 label 0/1 : 4/19
valid epoch balanced_accuracy: 0.381868
EPOCH 134:
train batch 1: predictions shape=(32, 2), labels shape=(32,)
epoch : 134
batch : 1/39
train accuracy : 0.6875
train pred 0/1 : 16/16 label 0/1 : 18/14
train batch 2: predictions shape=(32, 2), labels shape=(32,)
epoch : 134
batch : 2/39
train accuracy : 0.8125
train pred 0/1 : 18/14 label 0/1 : 18/14
train batch 3: predictions shape=(32, 2), labels shape=(32,)
epoch : 134
batch : 3/39
train accuracy : 0.71875
train pred 0/1 : 20/12 label 0/1 : 15/17
train batch 4: predictions shape=(32, 2), labels shape=(32,)
epoch : 134
batch : 4/39
train accuracy : 0.65625
train pred 0/1 : 16/16 label 0/1 : 13/19
train batch 5: predictions shape=(32, 2), labels shape=(32,)
epoch : 134
batch : 5/39
train accuracy : 0.71875
train pred 0/1 : 18/14 label 0/1 : 17/15
train batch 6: predictions shape=(32, 2), labels shape=(32,)
epoch : 134
batch : 6/39
train accuracy : 0.6875
train pred 0/1 : 18/14 label 0/1 : 14/18
train batch 7: predictions shape=(32, 2), labels shape=(32,)
epoch : 134
batch : 7/39
train accuracy : 0.5625
train pred 0/1 : 13/19 label 0/1 : 17/15
train batch 8: predictions shape=(32, 2), labels shape=(32,)
epoch : 134
batch : 8/39
train accuracy : 0.84375
train pred 0/1 : 18/14 label 0/1 : 19/13
train batch 9: predictions shape=(32, 2), labels shape=(32,)
epoch : 134
batch : 9/39
train accuracy : 0.71875
train pred 0/1 : 15/17 label 0/1 : 14/18
train batch 10: predictions shape=(32, 2), labels shape=(32,)
epoch : 134
batch : 10/39
train accuracy : 0.84375
train pred 0/1 : 13/19 label 0/1 : 14/18
train batch 11: predictions shape=(32, 2), labels shape=(32,)
epoch : 134
batch : 11/39
train accuracy : 0.71875
train pred 0/1 : 13/19 label 0/1 : 16/16
train batch 12: predictions shape=(32, 2), labels shape=(32,)
epoch : 134
batch : 12/39
train accuracy : 0.875
train pred 0/1 : 13/19 label 0/1 : 11/21
train batch 13: predictions shape=(32, 2), labels shape=(32,)
epoch : 134
batch : 13/39
train accuracy : 0.6875
train pred 0/1 : 18/14 label 0/1 : 18/14
train batch 14: predictions shape=(32, 2), labels shape=(32,)
epoch : 134
batch : 14/39
train accuracy : 0.65625
train pred 0/1 : 18/14 label 0/1 : 17/15
train batch 15: predictions shape=(32, 2), labels shape=(32,)
epoch : 134
batch : 15/39
train accuracy : 0.78125
train pred 0/1 : 12/20 label 0/1 : 15/17
train batch 16: predictions shape=(32, 2), labels shape=(32,)
epoch : 134
batch : 16/39
train accuracy : 0.5625
train pred 0/1 : 10/22 label 0/1 : 14/18
train batch 17: predictions shape=(32, 2), labels shape=(32,)
epoch : 134
batch : 17/39
train accuracy : 0.6875
train pred 0/1 : 8/24 label 0/1 : 14/18
train batch 18: predictions shape=(32, 2), labels shape=(32,)
epoch : 134
batch : 18/39
train accuracy : 0.78125
train pred 0/1 : 6/26 label 0/1 : 11/21
train batch 19: predictions shape=(32, 2), labels shape=(32,)
epoch : 134
batch : 19/39
train accuracy : 0.8125
train pred 0/1 : 13/19 label 0/1 : 15/17
train batch 20: predictions shape=(32, 2), labels shape=(32,)
epoch : 134
batch : 20/39
train accuracy : 0.625
train pred 0/1 : 11/21 label 0/1 : 17/15
train batch 21: predictions shape=(32, 2), labels shape=(32,)
epoch : 134
batch : 21/39
train accuracy : 0.65625
train pred 0/1 : 6/26 label 0/1 : 13/19
train batch 22: predictions shape=(32, 2), labels shape=(32,)
epoch : 134
batch : 22/39
train accuracy : 0.6875
train pred 0/1 : 12/20 label 0/1 : 18/14
train batch 23: predictions shape=(32, 2), labels shape=(32,)
epoch : 134
batch : 23/39
train accuracy : 0.84375
train pred 0/1 : 11/21 label 0/1 : 10/22
train batch 24: predictions shape=(32, 2), labels shape=(32,)
epoch : 134
batch : 24/39
train accuracy : 0.6875
train pred 0/1 : 14/18 label 0/1 : 16/16
train batch 25: predictions shape=(32, 2), labels shape=(32,)
epoch : 134
batch : 25/39
train accuracy : 0.6875
train pred 0/1 : 14/18 label 0/1 : 14/18
train batch 26: predictions shape=(32, 2), labels shape=(32,)
epoch : 134
batch : 26/39
train accuracy : 0.78125
train pred 0/1 : 11/21 label 0/1 : 10/22
train batch 27: predictions shape=(32, 2), labels shape=(32,)
epoch : 134
batch : 27/39
train accuracy : 0.65625
train pred 0/1 : 15/17 label 0/1 : 16/16
train batch 28: predictions shape=(32, 2), labels shape=(32,)
epoch : 134
batch : 28/39
train accuracy : 0.71875
train pred 0/1 : 13/19 label 0/1 : 10/22
train batch 29: predictions shape=(32, 2), labels shape=(32,)
epoch : 134
batch : 29/39
train accuracy : 0.78125
train pred 0/1 : 9/23 label 0/1 : 8/24
train batch 30: predictions shape=(32, 2), labels shape=(32,)
epoch : 134
batch : 30/39
train accuracy : 0.75
train pred 0/1 : 14/18 label 0/1 : 14/18
train batch 31: predictions shape=(32, 2), labels shape=(32,)
epoch : 134
batch : 31/39
train accuracy : 0.625
train pred 0/1 : 9/23 label 0/1 : 11/21
train batch 32: predictions shape=(32, 2), labels shape=(32,)
epoch : 134
batch : 32/39
train accuracy : 0.65625
train pred 0/1 : 17/15 label 0/1 : 18/14
train batch 33: predictions shape=(32, 2), labels shape=(32,)
epoch : 134
batch : 33/39
train accuracy : 0.6875
train pred 0/1 : 13/19 label 0/1 : 13/19
train batch 34: predictions shape=(32, 2), labels shape=(32,)
epoch : 134
batch : 34/39
train accuracy : 0.6875
train pred 0/1 : 17/15 label 0/1 : 13/19
train batch 35: predictions shape=(32, 2), labels shape=(32,)
epoch : 134
batch : 35/39
train accuracy : 0.6875
train pred 0/1 : 11/21 label 0/1 : 13/19
train batch 36: predictions shape=(32, 2), labels shape=(32,)
epoch : 134
batch : 36/39
train accuracy : 0.78125
train pred 0/1 : 12/20 label 0/1 : 15/17
train batch 37: predictions shape=(32, 2), labels shape=(32,)
epoch : 134
batch : 37/39
train accuracy : 0.6875
train pred 0/1 : 19/13 label 0/1 : 15/17
train batch 38: predictions shape=(32, 2), labels shape=(32,)
epoch : 134
batch : 38/39
train accuracy : 0.6875
train pred 0/1 : 12/20 label 0/1 : 10/22
train batch 39: predictions shape=(8, 2), labels shape=(8,)
epoch : 134
batch : 39/39
train accuracy : 0.625
train pred 0/1 : 4/4 label 0/1 : 5/3
VALIDATION
valid batch 1: predictions shape=(32, 2), labels shape=(32,)
valid batch : 1/2
valid accuracy : 0.25
valid pred 0/1 : 25/7 label 0/1 : 7/25
valid batch 2: predictions shape=(23, 2), labels shape=(23,)
valid batch : 2/2
valid accuracy : 0.17391304671764374
valid pred 0/1 : 19/4 label 0/1 : 6/17
valid epoch balanced_accuracy: 0.328755
EPOCH 135:
train batch 1: predictions shape=(32, 2), labels shape=(32,)
epoch : 135
batch : 1/39
train accuracy : 0.84375
train pred 0/1 : 13/19 label 0/1 : 14/18
train batch 2: predictions shape=(32, 2), labels shape=(32,)
epoch : 135
batch : 2/39
train accuracy : 0.65625
train pred 0/1 : 20/12 label 0/1 : 15/17
train batch 3: predictions shape=(32, 2), labels shape=(32,)
epoch : 135
batch : 3/39
train accuracy : 0.78125
train pred 0/1 : 11/21 label 0/1 : 14/18
train batch 4: predictions shape=(32, 2), labels shape=(32,)
epoch : 135
batch : 4/39
train accuracy : 0.78125
train pred 0/1 : 15/17 label 0/1 : 14/18
train batch 5: predictions shape=(32, 2), labels shape=(32,)
epoch : 135
batch : 5/39
train accuracy : 0.59375
train pred 0/1 : 11/21 label 0/1 : 12/20
train batch 6: predictions shape=(32, 2), labels shape=(32,)
epoch : 135
batch : 6/39
train accuracy : 0.5625
train pred 0/1 : 15/17 label 0/1 : 11/21
train batch 7: predictions shape=(32, 2), labels shape=(32,)
epoch : 135
batch : 7/39
train accuracy : 0.6875
train pred 0/1 : 19/13 label 0/1 : 15/17
train batch 8: predictions shape=(32, 2), labels shape=(32,)
epoch : 135
batch : 8/39
train accuracy : 0.78125
train pred 0/1 : 12/20 label 0/1 : 9/23
train batch 9: predictions shape=(32, 2), labels shape=(32,)
epoch : 135
batch : 9/39
train accuracy : 0.78125
train pred 0/1 : 19/13 label 0/1 : 18/14
train batch 10: predictions shape=(32, 2), labels shape=(32,)
epoch : 135
batch : 10/39
train accuracy : 0.78125
train pred 0/1 : 16/16 label 0/1 : 19/13
train batch 11: predictions shape=(32, 2), labels shape=(32,)
epoch : 135
batch : 11/39
train accuracy : 0.4375
train pred 0/1 : 23/9 label 0/1 : 9/23
train batch 12: predictions shape=(32, 2), labels shape=(32,)
epoch : 135
batch : 12/39
train accuracy : 0.65625
train pred 0/1 : 23/9 label 0/1 : 12/20
train batch 13: predictions shape=(32, 2), labels shape=(32,)
epoch : 135
batch : 13/39
train accuracy : 0.75
train pred 0/1 : 21/11 label 0/1 : 13/19
train batch 14: predictions shape=(32, 2), labels shape=(32,)
epoch : 135
batch : 14/39
train accuracy : 0.71875
train pred 0/1 : 19/13 label 0/1 : 14/18
train batch 15: predictions shape=(32, 2), labels shape=(32,)
epoch : 135
batch : 15/39
train accuracy : 0.71875
train pred 0/1 : 19/13 label 0/1 : 16/16
train batch 16: predictions shape=(32, 2), labels shape=(32,)
epoch : 135
batch : 16/39
train accuracy : 0.65625
train pred 0/1 : 21/11 label 0/1 : 14/18
train batch 17: predictions shape=(32, 2), labels shape=(32,)
epoch : 135
batch : 17/39
train accuracy : 0.6875
train pred 0/1 : 17/15 label 0/1 : 9/23
train batch 18: predictions shape=(32, 2), labels shape=(32,)
epoch : 135
batch : 18/39
train accuracy : 0.75
train pred 0/1 : 13/19 label 0/1 : 11/21
train batch 19: predictions shape=(32, 2), labels shape=(32,)
epoch : 135
batch : 19/39
train accuracy : 0.71875
train pred 0/1 : 9/23 label 0/1 : 10/22
train batch 20: predictions shape=(32, 2), labels shape=(32,)
epoch : 135
batch : 20/39
train accuracy : 0.625
train pred 0/1 : 12/20 label 0/1 : 14/18
train batch 21: predictions shape=(32, 2), labels shape=(32,)
epoch : 135
batch : 21/39
train accuracy : 0.75
train pred 0/1 : 13/19 label 0/1 : 15/17
train batch 22: predictions shape=(32, 2), labels shape=(32,)
epoch : 135
batch : 22/39
train accuracy : 0.6875
train pred 0/1 : 18/14 label 0/1 : 14/18
train batch 23: predictions shape=(32, 2), labels shape=(32,)
epoch : 135
batch : 23/39
train accuracy : 0.75
train pred 0/1 : 15/17 label 0/1 : 11/21
train batch 24: predictions shape=(32, 2), labels shape=(32,)
epoch : 135
batch : 24/39
train accuracy : 0.84375
train pred 0/1 : 15/17 label 0/1 : 12/20
train batch 25: predictions shape=(32, 2), labels shape=(32,)
epoch : 135
batch : 25/39
train accuracy : 0.65625
train pred 0/1 : 20/12 label 0/1 : 19/13
train batch 26: predictions shape=(32, 2), labels shape=(32,)
epoch : 135
batch : 26/39
train accuracy : 0.71875
train pred 0/1 : 15/17 label 0/1 : 18/14
train batch 27: predictions shape=(32, 2), labels shape=(32,)
epoch : 135
batch : 27/39
train accuracy : 0.6875
train pred 0/1 : 13/19 label 0/1 : 13/19
train batch 28: predictions shape=(32, 2), labels shape=(32,)
epoch : 135
batch : 28/39
train accuracy : 0.75
train pred 0/1 : 22/10 label 0/1 : 22/10
train batch 29: predictions shape=(32, 2), labels shape=(32,)
epoch : 135
batch : 29/39
train accuracy : 0.6875
train pred 0/1 : 22/10 label 0/1 : 20/12
train batch 30: predictions shape=(32, 2), labels shape=(32,)
epoch : 135
batch : 30/39
train accuracy : 0.65625
train pred 0/1 : 22/10 label 0/1 : 19/13
train batch 31: predictions shape=(32, 2), labels shape=(32,)
epoch : 135
batch : 31/39
train accuracy : 0.59375
train pred 0/1 : 22/10 label 0/1 : 13/19
train batch 32: predictions shape=(32, 2), labels shape=(32,)
epoch : 135
batch : 32/39
train accuracy : 0.75
train pred 0/1 : 22/10 label 0/1 : 16/16
train batch 33: predictions shape=(32, 2), labels shape=(32,)
epoch : 135
batch : 33/39
train accuracy : 0.53125
train pred 0/1 : 22/10 label 0/1 : 15/17
train batch 34: predictions shape=(32, 2), labels shape=(32,)
epoch : 135
batch : 34/39
train accuracy : 0.71875
train pred 0/1 : 18/14 label 0/1 : 11/21
train batch 35: predictions shape=(32, 2), labels shape=(32,)
epoch : 135
batch : 35/39
train accuracy : 0.71875
train pred 0/1 : 14/18 label 0/1 : 13/19
train batch 36: predictions shape=(32, 2), labels shape=(32,)
epoch : 135
batch : 36/39
train accuracy : 0.78125
train pred 0/1 : 19/13 label 0/1 : 18/14
train batch 37: predictions shape=(32, 2), labels shape=(32,)
epoch : 135
batch : 37/39
train accuracy : 0.59375
train pred 0/1 : 11/21 label 0/1 : 16/16
train batch 38: predictions shape=(32, 2), labels shape=(32,)
epoch : 135
batch : 38/39
train accuracy : 0.59375
train pred 0/1 : 8/24 label 0/1 : 15/17
train batch 39: predictions shape=(8, 2), labels shape=(8,)
epoch : 135
batch : 39/39
train accuracy : 0.5
train pred 0/1 : 2/6 label 0/1 : 6/2
VALIDATION
valid batch 1: predictions shape=(32, 2), labels shape=(32,)
valid batch : 1/2
valid accuracy : 0.15625
valid pred 0/1 : 28/4 label 0/1 : 5/27
valid batch 2: predictions shape=(23, 2), labels shape=(23,)
valid batch : 2/2
valid accuracy : 0.21739131212234497
valid pred 0/1 : 14/9 label 0/1 : 8/15
valid epoch balanced_accuracy: 0.251832
EPOCH 136:
train batch 1: predictions shape=(32, 2), labels shape=(32,)
epoch : 136
batch : 1/39
train accuracy : 0.59375
train pred 0/1 : 7/25 label 0/1 : 16/16
train batch 2: predictions shape=(32, 2), labels shape=(32,)
epoch : 136
batch : 2/39
train accuracy : 0.75
train pred 0/1 : 4/28 label 0/1 : 12/20
train batch 3: predictions shape=(32, 2), labels shape=(32,)
epoch : 136
batch : 3/39
train accuracy : 0.65625
train pred 0/1 : 11/21 label 0/1 : 14/18
train batch 4: predictions shape=(32, 2), labels shape=(32,)
epoch : 136
batch : 4/39
train accuracy : 0.5625
train pred 0/1 : 12/20 label 0/1 : 16/16
train batch 5: predictions shape=(32, 2), labels shape=(32,)
epoch : 136
batch : 5/39
train accuracy : 0.78125
train pred 0/1 : 17/15 label 0/1 : 16/16
train batch 6: predictions shape=(32, 2), labels shape=(32,)
epoch : 136
batch : 6/39
train accuracy : 0.78125
train pred 0/1 : 11/21 label 0/1 : 12/20
train batch 7: predictions shape=(32, 2), labels shape=(32,)
epoch : 136
batch : 7/39
train accuracy : 0.78125
train pred 0/1 : 17/15 label 0/1 : 16/16
train batch 8: predictions shape=(32, 2), labels shape=(32,)
epoch : 136
batch : 8/39
train accuracy : 0.875
train pred 0/1 : 20/12 label 0/1 : 18/14
train batch 9: predictions shape=(32, 2), labels shape=(32,)
epoch : 136
batch : 9/39
train accuracy : 0.625
train pred 0/1 : 19/13 label 0/1 : 17/15
train batch 10: predictions shape=(32, 2), labels shape=(32,)
epoch : 136
batch : 10/39
train accuracy : 0.8125
train pred 0/1 : 23/9 label 0/1 : 19/13
train batch 11: predictions shape=(32, 2), labels shape=(32,)
epoch : 136
batch : 11/39
train accuracy : 0.75
train pred 0/1 : 21/11 label 0/1 : 15/17
train batch 12: predictions shape=(32, 2), labels shape=(32,)
epoch : 136
batch : 12/39
train accuracy : 0.4375
train pred 0/1 : 26/6 label 0/1 : 10/22
train batch 13: predictions shape=(32, 2), labels shape=(32,)
epoch : 136
batch : 13/39
train accuracy : 0.6875
train pred 0/1 : 22/10 label 0/1 : 16/16
train batch 14: predictions shape=(32, 2), labels shape=(32,)
epoch : 136
batch : 14/39
train accuracy : 0.59375
train pred 0/1 : 20/12 label 0/1 : 13/19
train batch 15: predictions shape=(32, 2), labels shape=(32,)
epoch : 136
batch : 15/39
train accuracy : 0.75
train pred 0/1 : 20/12 label 0/1 : 16/16
train batch 16: predictions shape=(32, 2), labels shape=(32,)
epoch : 136
batch : 16/39
train accuracy : 0.78125
train pred 0/1 : 20/12 label 0/1 : 13/19
train batch 17: predictions shape=(32, 2), labels shape=(32,)
epoch : 136
batch : 17/39
train accuracy : 0.5
train pred 0/1 : 19/13 label 0/1 : 15/17
train batch 18: predictions shape=(32, 2), labels shape=(32,)
epoch : 136
batch : 18/39
train accuracy : 0.875
train pred 0/1 : 18/14 label 0/1 : 16/16
train batch 19: predictions shape=(32, 2), labels shape=(32,)
epoch : 136
batch : 19/39
train accuracy : 0.625
train pred 0/1 : 21/11 label 0/1 : 13/19
train batch 20: predictions shape=(32, 2), labels shape=(32,)
epoch : 136
batch : 20/39
train accuracy : 0.625
train pred 0/1 : 22/10 label 0/1 : 12/20
train batch 21: predictions shape=(32, 2), labels shape=(32,)
epoch : 136
batch : 21/39
train accuracy : 0.71875
train pred 0/1 : 16/16 label 0/1 : 9/23
train batch 22: predictions shape=(32, 2), labels shape=(32,)
epoch : 136
batch : 22/39
train accuracy : 0.625
train pred 0/1 : 16/16 label 0/1 : 10/22
train batch 23: predictions shape=(32, 2), labels shape=(32,)
epoch : 136
batch : 23/39
train accuracy : 0.6875
train pred 0/1 : 18/14 label 0/1 : 16/16
train batch 24: predictions shape=(32, 2), labels shape=(32,)
epoch : 136
batch : 24/39
train accuracy : 0.84375
train pred 0/1 : 18/14 label 0/1 : 15/17
train batch 25: predictions shape=(32, 2), labels shape=(32,)
epoch : 136
batch : 25/39
train accuracy : 0.71875
train pred 0/1 : 15/17 label 0/1 : 18/14
train batch 26: predictions shape=(32, 2), labels shape=(32,)
epoch : 136
batch : 26/39
train accuracy : 0.75
train pred 0/1 : 12/20 label 0/1 : 14/18
train batch 27: predictions shape=(32, 2), labels shape=(32,)
epoch : 136
batch : 27/39
train accuracy : 0.53125
train pred 0/1 : 17/15 label 0/1 : 14/18
train batch 28: predictions shape=(32, 2), labels shape=(32,)
epoch : 136
batch : 28/39
train accuracy : 0.84375
train pred 0/1 : 17/15 label 0/1 : 16/16
train batch 29: predictions shape=(32, 2), labels shape=(32,)
epoch : 136
batch : 29/39
train accuracy : 0.84375
train pred 0/1 : 17/15 label 0/1 : 14/18
train batch 30: predictions shape=(32, 2), labels shape=(32,)
epoch : 136
batch : 30/39
train accuracy : 0.625
train pred 0/1 : 17/15 label 0/1 : 13/19
train batch 31: predictions shape=(32, 2), labels shape=(32,)
epoch : 136
batch : 31/39
train accuracy : 0.71875
train pred 0/1 : 23/9 label 0/1 : 14/18
train batch 32: predictions shape=(32, 2), labels shape=(32,)
epoch : 136
batch : 32/39
train accuracy : 0.71875
train pred 0/1 : 18/14 label 0/1 : 13/19
train batch 33: predictions shape=(32, 2), labels shape=(32,)
epoch : 136
batch : 33/39
train accuracy : 0.65625
train pred 0/1 : 17/15 label 0/1 : 12/20
train batch 34: predictions shape=(32, 2), labels shape=(32,)
epoch : 136
batch : 34/39
train accuracy : 0.6875
train pred 0/1 : 17/15 label 0/1 : 15/17
train batch 35: predictions shape=(32, 2), labels shape=(32,)
epoch : 136
batch : 35/39
train accuracy : 0.625
train pred 0/1 : 16/16 label 0/1 : 12/20
train batch 36: predictions shape=(32, 2), labels shape=(32,)
epoch : 136
batch : 36/39
train accuracy : 0.875
train pred 0/1 : 14/18 label 0/1 : 14/18
train batch 37: predictions shape=(32, 2), labels shape=(32,)
epoch : 136
batch : 37/39
train accuracy : 0.59375
train pred 0/1 : 18/14 label 0/1 : 11/21
train batch 38: predictions shape=(32, 2), labels shape=(32,)
epoch : 136
batch : 38/39
train accuracy : 0.8125
train pred 0/1 : 25/7 label 0/1 : 19/13
train batch 39: predictions shape=(8, 2), labels shape=(8,)
epoch : 136
batch : 39/39
train accuracy : 1.0
train pred 0/1 : 5/3 label 0/1 : 5/3
VALIDATION
valid batch 1: predictions shape=(32, 2), labels shape=(32,)
valid batch : 1/2
valid accuracy : 0.25
valid pred 0/1 : 26/6 label 0/1 : 8/24
valid batch 2: predictions shape=(23, 2), labels shape=(23,)
valid batch : 2/2
valid accuracy : 0.17391304671764374
valid pred 0/1 : 20/3 label 0/1 : 5/18
valid epoch balanced_accuracy: 0.355311
EPOCH 137:
train batch 1: predictions shape=(32, 2), labels shape=(32,)
epoch : 137
batch : 1/39
train accuracy : 0.625
train pred 0/1 : 21/11 label 0/1 : 13/19
train batch 2: predictions shape=(32, 2), labels shape=(32,)
epoch : 137
batch : 2/39
train accuracy : 0.65625
train pred 0/1 : 15/17 label 0/1 : 14/18
train batch 3: predictions shape=(32, 2), labels shape=(32,)
epoch : 137
batch : 3/39
train accuracy : 0.59375
train pred 0/1 : 22/10 label 0/1 : 19/13
train batch 4: predictions shape=(32, 2), labels shape=(32,)
epoch : 137
batch : 4/39
train accuracy : 0.84375
train pred 0/1 : 13/19 label 0/1 : 16/16
train batch 5: predictions shape=(32, 2), labels shape=(32,)
epoch : 137
batch : 5/39
train accuracy : 0.71875
train pred 0/1 : 15/17 label 0/1 : 8/24
train batch 6: predictions shape=(32, 2), labels shape=(32,)
epoch : 137
batch : 6/39
train accuracy : 0.65625
train pred 0/1 : 16/16 label 0/1 : 15/17
train batch 7: predictions shape=(32, 2), labels shape=(32,)
epoch : 137
batch : 7/39
train accuracy : 0.6875
train pred 0/1 : 17/15 label 0/1 : 13/19
train batch 8: predictions shape=(32, 2), labels shape=(32,)
epoch : 137
batch : 8/39
train accuracy : 0.84375
train pred 0/1 : 14/18 label 0/1 : 13/19
train batch 9: predictions shape=(32, 2), labels shape=(32,)
epoch : 137
batch : 9/39
train accuracy : 0.625
train pred 0/1 : 19/13 label 0/1 : 11/21
train batch 10: predictions shape=(32, 2), labels shape=(32,)
epoch : 137
batch : 10/39
train accuracy : 0.65625
train pred 0/1 : 20/12 label 0/1 : 19/13
train batch 11: predictions shape=(32, 2), labels shape=(32,)
epoch : 137
batch : 11/39
train accuracy : 0.6875
train pred 0/1 : 19/13 label 0/1 : 15/17
train batch 12: predictions shape=(32, 2), labels shape=(32,)
epoch : 137
batch : 12/39
train accuracy : 0.6875
train pred 0/1 : 19/13 label 0/1 : 17/15
train batch 13: predictions shape=(32, 2), labels shape=(32,)
epoch : 137
batch : 13/39
train accuracy : 0.625
train pred 0/1 : 24/8 label 0/1 : 12/20
train batch 14: predictions shape=(32, 2), labels shape=(32,)
epoch : 137
batch : 14/39
train accuracy : 0.75
train pred 0/1 : 20/12 label 0/1 : 12/20
train batch 15: predictions shape=(32, 2), labels shape=(32,)
epoch : 137
batch : 15/39
train accuracy : 0.75
train pred 0/1 : 20/12 label 0/1 : 14/18
train batch 16: predictions shape=(32, 2), labels shape=(32,)
epoch : 137
batch : 16/39
train accuracy : 0.65625
train pred 0/1 : 17/15 label 0/1 : 14/18
train batch 17: predictions shape=(32, 2), labels shape=(32,)
epoch : 137
batch : 17/39
train accuracy : 0.59375
train pred 0/1 : 20/12 label 0/1 : 13/19
train batch 18: predictions shape=(32, 2), labels shape=(32,)
epoch : 137
batch : 18/39
train accuracy : 0.75
train pred 0/1 : 23/9 label 0/1 : 15/17
train batch 19: predictions shape=(32, 2), labels shape=(32,)
epoch : 137
batch : 19/39
train accuracy : 0.75
train pred 0/1 : 15/17 label 0/1 : 11/21
train batch 20: predictions shape=(32, 2), labels shape=(32,)
epoch : 137
batch : 20/39
train accuracy : 0.625
train pred 0/1 : 18/14 label 0/1 : 12/20
train batch 21: predictions shape=(32, 2), labels shape=(32,)
epoch : 137
batch : 21/39
train accuracy : 0.6875
train pred 0/1 : 21/11 label 0/1 : 21/11
train batch 22: predictions shape=(32, 2), labels shape=(32,)
epoch : 137
batch : 22/39
train accuracy : 0.71875
train pred 0/1 : 18/14 label 0/1 : 11/21
train batch 23: predictions shape=(32, 2), labels shape=(32,)
epoch : 137
batch : 23/39
train accuracy : 0.9375
train pred 0/1 : 14/18 label 0/1 : 16/16
train batch 24: predictions shape=(32, 2), labels shape=(32,)
epoch : 137
batch : 24/39
train accuracy : 0.71875
train pred 0/1 : 15/17 label 0/1 : 16/16
train batch 25: predictions shape=(32, 2), labels shape=(32,)
epoch : 137
batch : 25/39
train accuracy : 0.625
train pred 0/1 : 16/16 label 0/1 : 18/14
train batch 26: predictions shape=(32, 2), labels shape=(32,)
epoch : 137
batch : 26/39
train accuracy : 0.78125
train pred 0/1 : 11/21 label 0/1 : 10/22
train batch 27: predictions shape=(32, 2), labels shape=(32,)
epoch : 137
batch : 27/39
train accuracy : 0.75
train pred 0/1 : 19/13 label 0/1 : 17/15
train batch 28: predictions shape=(32, 2), labels shape=(32,)
epoch : 137
batch : 28/39
train accuracy : 0.625
train pred 0/1 : 15/17 label 0/1 : 11/21
train batch 29: predictions shape=(32, 2), labels shape=(32,)
epoch : 137
batch : 29/39
train accuracy : 0.78125
train pred 0/1 : 17/15 label 0/1 : 14/18
train batch 30: predictions shape=(32, 2), labels shape=(32,)
epoch : 137
batch : 30/39
train accuracy : 0.71875
train pred 0/1 : 17/15 label 0/1 : 12/20
train batch 31: predictions shape=(32, 2), labels shape=(32,)
epoch : 137
batch : 31/39
train accuracy : 0.625
train pred 0/1 : 20/12 label 0/1 : 12/20
train batch 32: predictions shape=(32, 2), labels shape=(32,)
epoch : 137
batch : 32/39
train accuracy : 0.84375
train pred 0/1 : 18/14 label 0/1 : 17/15
train batch 33: predictions shape=(32, 2), labels shape=(32,)
epoch : 137
batch : 33/39
train accuracy : 0.8125
train pred 0/1 : 18/14 label 0/1 : 12/20
train batch 34: predictions shape=(32, 2), labels shape=(32,)
epoch : 137
batch : 34/39
train accuracy : 0.8125
train pred 0/1 : 18/14 label 0/1 : 14/18
train batch 35: predictions shape=(32, 2), labels shape=(32,)
epoch : 137
batch : 35/39
train accuracy : 0.71875
train pred 0/1 : 22/10 label 0/1 : 17/15
train batch 36: predictions shape=(32, 2), labels shape=(32,)
epoch : 137
batch : 36/39
train accuracy : 0.71875
train pred 0/1 : 19/13 label 0/1 : 18/14
train batch 37: predictions shape=(32, 2), labels shape=(32,)
epoch : 137
batch : 37/39
train accuracy : 0.75
train pred 0/1 : 18/14 label 0/1 : 18/14
train batch 38: predictions shape=(32, 2), labels shape=(32,)
epoch : 137
batch : 38/39
train accuracy : 0.75
train pred 0/1 : 20/12 label 0/1 : 14/18
train batch 39: predictions shape=(8, 2), labels shape=(8,)
epoch : 137
batch : 39/39
train accuracy : 1.0
train pred 0/1 : 5/3 label 0/1 : 5/3
VALIDATION
valid batch 1: predictions shape=(32, 2), labels shape=(32,)
valid batch : 1/2
valid accuracy : 0.28125
valid pred 0/1 : 26/6 label 0/1 : 9/23
valid batch 2: predictions shape=(23, 2), labels shape=(23,)
valid batch : 2/2
valid accuracy : 0.17391304671764374
valid pred 0/1 : 23/0 label 0/1 : 4/19
valid epoch balanced_accuracy: 0.420330
EPOCH 138:
train batch 1: predictions shape=(32, 2), labels shape=(32,)
epoch : 138
batch : 1/39
train accuracy : 0.59375
train pred 0/1 : 20/12 label 0/1 : 13/19
train batch 2: predictions shape=(32, 2), labels shape=(32,)
epoch : 138
batch : 2/39
train accuracy : 0.6875
train pred 0/1 : 22/10 label 0/1 : 16/16
train batch 3: predictions shape=(32, 2), labels shape=(32,)
epoch : 138
batch : 3/39
train accuracy : 0.6875
train pred 0/1 : 23/9 label 0/1 : 21/11
train batch 4: predictions shape=(32, 2), labels shape=(32,)
epoch : 138
batch : 4/39
train accuracy : 0.75
train pred 0/1 : 21/11 label 0/1 : 13/19
train batch 5: predictions shape=(32, 2), labels shape=(32,)
epoch : 138
batch : 5/39
train accuracy : 0.78125
train pred 0/1 : 22/10 label 0/1 : 17/15
train batch 6: predictions shape=(32, 2), labels shape=(32,)
epoch : 138
batch : 6/39
train accuracy : 0.625
train pred 0/1 : 22/10 label 0/1 : 12/20
train batch 7: predictions shape=(32, 2), labels shape=(32,)
epoch : 138
batch : 7/39
train accuracy : 0.625
train pred 0/1 : 18/14 label 0/1 : 12/20
train batch 8: predictions shape=(32, 2), labels shape=(32,)
epoch : 138
batch : 8/39
train accuracy : 0.65625
train pred 0/1 : 17/15 label 0/1 : 10/22
train batch 9: predictions shape=(32, 2), labels shape=(32,)
epoch : 138
batch : 9/39
train accuracy : 0.6875
train pred 0/1 : 20/12 label 0/1 : 14/18
train batch 10: predictions shape=(32, 2), labels shape=(32,)
epoch : 138
batch : 10/39
train accuracy : 0.65625
train pred 0/1 : 22/10 label 0/1 : 13/19
train batch 11: predictions shape=(32, 2), labels shape=(32,)
epoch : 138
batch : 11/39
train accuracy : 0.6875
train pred 0/1 : 14/18 label 0/1 : 8/24
train batch 12: predictions shape=(32, 2), labels shape=(32,)
epoch : 138
batch : 12/39
train accuracy : 0.65625
train pred 0/1 : 15/17 label 0/1 : 16/16
train batch 13: predictions shape=(32, 2), labels shape=(32,)
epoch : 138
batch : 13/39
train accuracy : 0.75
train pred 0/1 : 16/16 label 0/1 : 16/16
train batch 14: predictions shape=(32, 2), labels shape=(32,)
epoch : 138
batch : 14/39
train accuracy : 0.6875
train pred 0/1 : 8/24 label 0/1 : 12/20
train batch 15: predictions shape=(32, 2), labels shape=(32,)
epoch : 138
batch : 15/39
train accuracy : 0.75
train pred 0/1 : 15/17 label 0/1 : 17/15
train batch 16: predictions shape=(32, 2), labels shape=(32,)
epoch : 138
batch : 16/39
train accuracy : 0.65625
train pred 0/1 : 13/19 label 0/1 : 18/14
train batch 17: predictions shape=(32, 2), labels shape=(32,)
epoch : 138
batch : 17/39
train accuracy : 0.71875
train pred 0/1 : 13/19 label 0/1 : 14/18
train batch 18: predictions shape=(32, 2), labels shape=(32,)
epoch : 138
batch : 18/39
train accuracy : 0.625
train pred 0/1 : 12/20 label 0/1 : 14/18
train batch 19: predictions shape=(32, 2), labels shape=(32,)
epoch : 138
batch : 19/39
train accuracy : 0.84375
train pred 0/1 : 12/20 label 0/1 : 13/19
train batch 20: predictions shape=(32, 2), labels shape=(32,)
epoch : 138
batch : 20/39
train accuracy : 0.875
train pred 0/1 : 15/17 label 0/1 : 13/19
train batch 21: predictions shape=(32, 2), labels shape=(32,)
epoch : 138
batch : 21/39
train accuracy : 0.78125
train pred 0/1 : 13/19 label 0/1 : 14/18
train batch 22: predictions shape=(32, 2), labels shape=(32,)
epoch : 138
batch : 22/39
train accuracy : 0.78125
train pred 0/1 : 13/19 label 0/1 : 14/18
train batch 23: predictions shape=(32, 2), labels shape=(32,)
epoch : 138
batch : 23/39
train accuracy : 0.71875
train pred 0/1 : 15/17 label 0/1 : 18/14
train batch 24: predictions shape=(32, 2), labels shape=(32,)
epoch : 138
batch : 24/39
train accuracy : 0.78125
train pred 0/1 : 16/16 label 0/1 : 15/17
train batch 25: predictions shape=(32, 2), labels shape=(32,)
epoch : 138
batch : 25/39
train accuracy : 0.625
train pred 0/1 : 12/20 label 0/1 : 20/12
train batch 26: predictions shape=(32, 2), labels shape=(32,)
epoch : 138
batch : 26/39
train accuracy : 0.4375
train pred 0/1 : 14/18 label 0/1 : 14/18
train batch 27: predictions shape=(32, 2), labels shape=(32,)
epoch : 138
batch : 27/39
train accuracy : 0.71875
train pred 0/1 : 12/20 label 0/1 : 11/21
train batch 28: predictions shape=(32, 2), labels shape=(32,)
epoch : 138
batch : 28/39
train accuracy : 0.75
train pred 0/1 : 14/18 label 0/1 : 14/18
train batch 29: predictions shape=(32, 2), labels shape=(32,)
epoch : 138
batch : 29/39
train accuracy : 0.71875
train pred 0/1 : 15/17 label 0/1 : 16/16
train batch 30: predictions shape=(32, 2), labels shape=(32,)
epoch : 138
batch : 30/39
train accuracy : 0.90625
train pred 0/1 : 18/14 label 0/1 : 15/17
train batch 31: predictions shape=(32, 2), labels shape=(32,)
epoch : 138
batch : 31/39
train accuracy : 0.75
train pred 0/1 : 20/12 label 0/1 : 14/18
train batch 32: predictions shape=(32, 2), labels shape=(32,)
epoch : 138
batch : 32/39
train accuracy : 0.6875
train pred 0/1 : 18/14 label 0/1 : 10/22
train batch 33: predictions shape=(32, 2), labels shape=(32,)
epoch : 138
batch : 33/39
train accuracy : 0.65625
train pred 0/1 : 14/18 label 0/1 : 15/17
train batch 34: predictions shape=(32, 2), labels shape=(32,)
epoch : 138
batch : 34/39
train accuracy : 0.75
train pred 0/1 : 23/9 label 0/1 : 17/15
train batch 35: predictions shape=(32, 2), labels shape=(32,)
epoch : 138
batch : 35/39
train accuracy : 0.625
train pred 0/1 : 18/14 label 0/1 : 12/20
train batch 36: predictions shape=(32, 2), labels shape=(32,)
epoch : 138
batch : 36/39
train accuracy : 0.84375
train pred 0/1 : 20/12 label 0/1 : 17/15
train batch 37: predictions shape=(32, 2), labels shape=(32,)
epoch : 138
batch : 37/39
train accuracy : 0.8125
train pred 0/1 : 18/14 label 0/1 : 14/18
train batch 38: predictions shape=(32, 2), labels shape=(32,)
epoch : 138
batch : 38/39
train accuracy : 0.65625
train pred 0/1 : 15/17 label 0/1 : 14/18
train batch 39: predictions shape=(8, 2), labels shape=(8,)
epoch : 138
batch : 39/39
train accuracy : 0.625
train pred 0/1 : 4/4 label 0/1 : 3/5
VALIDATION
valid batch 1: predictions shape=(32, 2), labels shape=(32,)
valid batch : 1/2
valid accuracy : 0.1875
valid pred 0/1 : 27/5 label 0/1 : 9/23
valid batch 2: predictions shape=(23, 2), labels shape=(23,)
valid batch : 2/2
valid accuracy : 0.17391304671764374
valid pred 0/1 : 19/4 label 0/1 : 4/19
valid epoch balanced_accuracy: 0.304945
EPOCH 139:
train batch 1: predictions shape=(32, 2), labels shape=(32,)
epoch : 139
batch : 1/39
train accuracy : 0.75
train pred 0/1 : 15/17 label 0/1 : 13/19
train batch 2: predictions shape=(32, 2), labels shape=(32,)
epoch : 139
batch : 2/39
train accuracy : 0.8125
train pred 0/1 : 19/13 label 0/1 : 19/13
train batch 3: predictions shape=(32, 2), labels shape=(32,)
epoch : 139
batch : 3/39
train accuracy : 0.71875
train pred 0/1 : 15/17 label 0/1 : 12/20
train batch 4: predictions shape=(32, 2), labels shape=(32,)
epoch : 139
batch : 4/39
train accuracy : 0.84375
train pred 0/1 : 12/20 label 0/1 : 15/17
train batch 5: predictions shape=(32, 2), labels shape=(32,)
epoch : 139
batch : 5/39
train accuracy : 0.84375
train pred 0/1 : 10/22 label 0/1 : 11/21
train batch 6: predictions shape=(32, 2), labels shape=(32,)
epoch : 139
batch : 6/39
train accuracy : 0.75
train pred 0/1 : 15/17 label 0/1 : 15/17
train batch 7: predictions shape=(32, 2), labels shape=(32,)
epoch : 139
batch : 7/39
train accuracy : 0.6875
train pred 0/1 : 8/24 label 0/1 : 14/18
train batch 8: predictions shape=(32, 2), labels shape=(32,)
epoch : 139
batch : 8/39
train accuracy : 0.8125
train pred 0/1 : 11/21 label 0/1 : 13/19
train batch 9: predictions shape=(32, 2), labels shape=(32,)
epoch : 139
batch : 9/39
train accuracy : 0.8125
train pred 0/1 : 11/21 label 0/1 : 11/21
train batch 10: predictions shape=(32, 2), labels shape=(32,)
epoch : 139
batch : 10/39
train accuracy : 0.8125
train pred 0/1 : 6/26 label 0/1 : 10/22
train batch 11: predictions shape=(32, 2), labels shape=(32,)
epoch : 139
batch : 11/39
train accuracy : 0.75
train pred 0/1 : 9/23 label 0/1 : 9/23
train batch 12: predictions shape=(32, 2), labels shape=(32,)
epoch : 139
batch : 12/39
train accuracy : 0.8125
train pred 0/1 : 13/19 label 0/1 : 13/19
train batch 13: predictions shape=(32, 2), labels shape=(32,)
epoch : 139
batch : 13/39
train accuracy : 0.65625
train pred 0/1 : 15/17 label 0/1 : 16/16
train batch 14: predictions shape=(32, 2), labels shape=(32,)
epoch : 139
batch : 14/39
train accuracy : 0.6875
train pred 0/1 : 18/14 label 0/1 : 14/18
train batch 15: predictions shape=(32, 2), labels shape=(32,)
epoch : 139
batch : 15/39
train accuracy : 0.6875
train pred 0/1 : 17/15 label 0/1 : 11/21
train batch 16: predictions shape=(32, 2), labels shape=(32,)
epoch : 139
batch : 16/39
train accuracy : 0.71875
train pred 0/1 : 22/10 label 0/1 : 19/13
train batch 17: predictions shape=(32, 2), labels shape=(32,)
epoch : 139
batch : 17/39
train accuracy : 0.6875
train pred 0/1 : 16/16 label 0/1 : 14/18
train batch 18: predictions shape=(32, 2), labels shape=(32,)
epoch : 139
batch : 18/39
train accuracy : 0.75
train pred 0/1 : 18/14 label 0/1 : 14/18
train batch 19: predictions shape=(32, 2), labels shape=(32,)
epoch : 139
batch : 19/39
train accuracy : 0.46875
train pred 0/1 : 22/10 label 0/1 : 13/19
train batch 20: predictions shape=(32, 2), labels shape=(32,)
epoch : 139
batch : 20/39
train accuracy : 0.71875
train pred 0/1 : 18/14 label 0/1 : 21/11
train batch 21: predictions shape=(32, 2), labels shape=(32,)
epoch : 139
batch : 21/39
train accuracy : 0.65625
train pred 0/1 : 14/18 label 0/1 : 13/19
train batch 22: predictions shape=(32, 2), labels shape=(32,)
epoch : 139
batch : 22/39
train accuracy : 0.78125
train pred 0/1 : 17/15 label 0/1 : 10/22
train batch 23: predictions shape=(32, 2), labels shape=(32,)
epoch : 139
batch : 23/39
train accuracy : 0.75
train pred 0/1 : 13/19 label 0/1 : 15/17
train batch 24: predictions shape=(32, 2), labels shape=(32,)
epoch : 139
batch : 24/39
train accuracy : 0.75
train pred 0/1 : 13/19 label 0/1 : 11/21
train batch 25: predictions shape=(32, 2), labels shape=(32,)
epoch : 139
batch : 25/39
train accuracy : 0.8125
train pred 0/1 : 13/19 label 0/1 : 11/21
train batch 26: predictions shape=(32, 2), labels shape=(32,)
epoch : 139
batch : 26/39
train accuracy : 0.71875
train pred 0/1 : 19/13 label 0/1 : 14/18
train batch 27: predictions shape=(32, 2), labels shape=(32,)
epoch : 139
batch : 27/39
train accuracy : 0.75
train pred 0/1 : 15/17 label 0/1 : 13/19
train batch 28: predictions shape=(32, 2), labels shape=(32,)
epoch : 139
batch : 28/39
train accuracy : 0.78125
train pred 0/1 : 19/13 label 0/1 : 20/12
train batch 29: predictions shape=(32, 2), labels shape=(32,)
epoch : 139
batch : 29/39
train accuracy : 0.625
train pred 0/1 : 14/18 label 0/1 : 14/18
train batch 30: predictions shape=(32, 2), labels shape=(32,)
epoch : 139
batch : 30/39
train accuracy : 0.65625
train pred 0/1 : 14/18 label 0/1 : 15/17
train batch 31: predictions shape=(32, 2), labels shape=(32,)
epoch : 139
batch : 31/39
train accuracy : 0.6875
train pred 0/1 : 14/18 label 0/1 : 16/16
train batch 32: predictions shape=(32, 2), labels shape=(32,)
epoch : 139
batch : 32/39
train accuracy : 0.625
train pred 0/1 : 15/17 label 0/1 : 11/21
train batch 33: predictions shape=(32, 2), labels shape=(32,)
epoch : 139
batch : 33/39
train accuracy : 0.59375
train pred 0/1 : 14/18 label 0/1 : 23/9
train batch 34: predictions shape=(32, 2), labels shape=(32,)
epoch : 139
batch : 34/39
train accuracy : 0.65625
train pred 0/1 : 16/16 label 0/1 : 15/17
train batch 35: predictions shape=(32, 2), labels shape=(32,)
epoch : 139
batch : 35/39
train accuracy : 0.78125
train pred 0/1 : 23/9 label 0/1 : 18/14
train batch 36: predictions shape=(32, 2), labels shape=(32,)
epoch : 139
batch : 36/39
train accuracy : 0.65625
train pred 0/1 : 25/7 label 0/1 : 16/16
train batch 37: predictions shape=(32, 2), labels shape=(32,)
epoch : 139
batch : 37/39
train accuracy : 0.75
train pred 0/1 : 24/8 label 0/1 : 16/16
train batch 38: predictions shape=(32, 2), labels shape=(32,)
epoch : 139
batch : 38/39
train accuracy : 0.6875
train pred 0/1 : 20/12 label 0/1 : 14/18
train batch 39: predictions shape=(8, 2), labels shape=(8,)
epoch : 139
batch : 39/39
train accuracy : 0.75
train pred 0/1 : 7/1 label 0/1 : 7/1
VALIDATION
valid batch 1: predictions shape=(32, 2), labels shape=(32,)
valid batch : 1/2
valid accuracy : 0.25
valid pred 0/1 : 28/4 label 0/1 : 6/26
valid batch 2: predictions shape=(23, 2), labels shape=(23,)
valid batch : 2/2
valid accuracy : 0.21739131212234497
valid pred 0/1 : 21/2 label 0/1 : 7/16
valid epoch balanced_accuracy: 0.420330
EPOCH 140:
train batch 1: predictions shape=(32, 2), labels shape=(32,)
epoch : 140
batch : 1/39
train accuracy : 0.59375
train pred 0/1 : 23/9 label 0/1 : 16/16
train batch 2: predictions shape=(32, 2), labels shape=(32,)
epoch : 140
batch : 2/39
train accuracy : 0.65625
train pred 0/1 : 21/11 label 0/1 : 14/18
train batch 3: predictions shape=(32, 2), labels shape=(32,)
epoch : 140
batch : 3/39
train accuracy : 0.78125
train pred 0/1 : 16/16 label 0/1 : 13/19
train batch 4: predictions shape=(32, 2), labels shape=(32,)
epoch : 140
batch : 4/39
train accuracy : 0.625
train pred 0/1 : 21/11 label 0/1 : 13/19
train batch 5: predictions shape=(32, 2), labels shape=(32,)
epoch : 140
batch : 5/39
train accuracy : 0.71875
train pred 0/1 : 19/13 label 0/1 : 14/18
train batch 6: predictions shape=(32, 2), labels shape=(32,)
epoch : 140
batch : 6/39
train accuracy : 0.8125
train pred 0/1 : 17/15 label 0/1 : 15/17
train batch 7: predictions shape=(32, 2), labels shape=(32,)
epoch : 140
batch : 7/39
train accuracy : 0.8125
train pred 0/1 : 22/10 label 0/1 : 16/16
train batch 8: predictions shape=(32, 2), labels shape=(32,)
epoch : 140
batch : 8/39
train accuracy : 0.625
train pred 0/1 : 22/10 label 0/1 : 24/8
train batch 9: predictions shape=(32, 2), labels shape=(32,)
epoch : 140
batch : 9/39
train accuracy : 0.8125
train pred 0/1 : 9/23 label 0/1 : 11/21
train batch 10: predictions shape=(32, 2), labels shape=(32,)
epoch : 140
batch : 10/39
train accuracy : 0.71875
train pred 0/1 : 13/19 label 0/1 : 16/16
train batch 11: predictions shape=(32, 2), labels shape=(32,)
epoch : 140
batch : 11/39
train accuracy : 0.59375
train pred 0/1 : 21/11 label 0/1 : 12/20
train batch 12: predictions shape=(32, 2), labels shape=(32,)
epoch : 140
batch : 12/39
train accuracy : 0.8125
train pred 0/1 : 14/18 label 0/1 : 14/18
train batch 13: predictions shape=(32, 2), labels shape=(32,)
epoch : 140
batch : 13/39
train accuracy : 0.625
train pred 0/1 : 15/17 label 0/1 : 13/19
train batch 14: predictions shape=(32, 2), labels shape=(32,)
epoch : 140
batch : 14/39
train accuracy : 0.84375
train pred 0/1 : 12/20 label 0/1 : 9/23
train batch 15: predictions shape=(32, 2), labels shape=(32,)
epoch : 140
batch : 15/39
train accuracy : 0.71875
train pred 0/1 : 13/19 label 0/1 : 14/18
train batch 16: predictions shape=(32, 2), labels shape=(32,)
epoch : 140
batch : 16/39
train accuracy : 0.78125
train pred 0/1 : 15/17 label 0/1 : 12/20
train batch 17: predictions shape=(32, 2), labels shape=(32,)
epoch : 140
batch : 17/39
train accuracy : 0.875
train pred 0/1 : 14/18 label 0/1 : 16/16
train batch 18: predictions shape=(32, 2), labels shape=(32,)
epoch : 140
batch : 18/39
train accuracy : 0.71875
train pred 0/1 : 19/13 label 0/1 : 20/12
train batch 19: predictions shape=(32, 2), labels shape=(32,)
epoch : 140
batch : 19/39
train accuracy : 0.78125
train pred 0/1 : 9/23 label 0/1 : 12/20
train batch 20: predictions shape=(32, 2), labels shape=(32,)
epoch : 140
batch : 20/39
train accuracy : 0.71875
train pred 0/1 : 6/26 label 0/1 : 15/17
train batch 21: predictions shape=(32, 2), labels shape=(32,)
epoch : 140
batch : 21/39
train accuracy : 0.8125
train pred 0/1 : 12/20 label 0/1 : 16/16
train batch 22: predictions shape=(32, 2), labels shape=(32,)
epoch : 140
batch : 22/39
train accuracy : 0.71875
train pred 0/1 : 12/20 label 0/1 : 15/17
train batch 23: predictions shape=(32, 2), labels shape=(32,)
epoch : 140
batch : 23/39
train accuracy : 0.78125
train pred 0/1 : 17/15 label 0/1 : 14/18
train batch 24: predictions shape=(32, 2), labels shape=(32,)
epoch : 140
batch : 24/39
train accuracy : 0.78125
train pred 0/1 : 14/18 label 0/1 : 15/17
train batch 25: predictions shape=(32, 2), labels shape=(32,)
epoch : 140
batch : 25/39
train accuracy : 0.59375
train pred 0/1 : 20/12 label 0/1 : 13/19
train batch 26: predictions shape=(32, 2), labels shape=(32,)
epoch : 140
batch : 26/39
train accuracy : 0.75
train pred 0/1 : 18/14 label 0/1 : 12/20
train batch 27: predictions shape=(32, 2), labels shape=(32,)
epoch : 140
batch : 27/39
train accuracy : 0.75
train pred 0/1 : 25/7 label 0/1 : 23/9
train batch 28: predictions shape=(32, 2), labels shape=(32,)
epoch : 140
batch : 28/39
train accuracy : 0.625
train pred 0/1 : 22/10 label 0/1 : 14/18
train batch 29: predictions shape=(32, 2), labels shape=(32,)
epoch : 140
batch : 29/39
train accuracy : 0.53125
train pred 0/1 : 24/8 label 0/1 : 13/19
train batch 30: predictions shape=(32, 2), labels shape=(32,)
epoch : 140
batch : 30/39
train accuracy : 0.5625
train pred 0/1 : 19/13 label 0/1 : 11/21
train batch 31: predictions shape=(32, 2), labels shape=(32,)
epoch : 140
batch : 31/39
train accuracy : 0.5
train pred 0/1 : 29/3 label 0/1 : 13/19
train batch 32: predictions shape=(32, 2), labels shape=(32,)
epoch : 140
batch : 32/39
train accuracy : 0.84375
train pred 0/1 : 19/13 label 0/1 : 16/16
train batch 33: predictions shape=(32, 2), labels shape=(32,)
epoch : 140
batch : 33/39
train accuracy : 0.65625
train pred 0/1 : 17/15 label 0/1 : 12/20
train batch 34: predictions shape=(32, 2), labels shape=(32,)
epoch : 140
batch : 34/39
train accuracy : 0.65625
train pred 0/1 : 16/16 label 0/1 : 13/19
train batch 35: predictions shape=(32, 2), labels shape=(32,)
epoch : 140
batch : 35/39
train accuracy : 0.875
train pred 0/1 : 11/21 label 0/1 : 13/19
train batch 36: predictions shape=(32, 2), labels shape=(32,)
epoch : 140
batch : 36/39
train accuracy : 0.6875
train pred 0/1 : 13/19 label 0/1 : 17/15
train batch 37: predictions shape=(32, 2), labels shape=(32,)
epoch : 140
batch : 37/39
train accuracy : 0.65625
train pred 0/1 : 5/27 label 0/1 : 12/20
train batch 38: predictions shape=(32, 2), labels shape=(32,)
epoch : 140
batch : 38/39
train accuracy : 0.6875
train pred 0/1 : 12/20 label 0/1 : 14/18
train batch 39: predictions shape=(8, 2), labels shape=(8,)
epoch : 140
batch : 39/39
train accuracy : 0.875
train pred 0/1 : 3/5 label 0/1 : 4/4
VALIDATION
valid batch 1: predictions shape=(32, 2), labels shape=(32,)
valid batch : 1/2
valid accuracy : 0.25
valid pred 0/1 : 27/5 label 0/1 : 7/25
valid batch 2: predictions shape=(23, 2), labels shape=(23,)
valid batch : 2/2
valid accuracy : 0.17391304671764374
valid pred 0/1 : 17/6 label 0/1 : 6/17
valid epoch balanced_accuracy: 0.328755
EPOCH 141:
train batch 1: predictions shape=(32, 2), labels shape=(32,)
epoch : 141
batch : 1/39
train accuracy : 0.84375
train pred 0/1 : 11/21 label 0/1 : 14/18
train batch 2: predictions shape=(32, 2), labels shape=(32,)
epoch : 141
batch : 2/39
train accuracy : 0.75
train pred 0/1 : 12/20 label 0/1 : 12/20
train batch 3: predictions shape=(32, 2), labels shape=(32,)
epoch : 141
batch : 3/39
train accuracy : 0.84375
train pred 0/1 : 14/18 label 0/1 : 13/19
train batch 4: predictions shape=(32, 2), labels shape=(32,)
epoch : 141
batch : 4/39
train accuracy : 0.71875
train pred 0/1 : 9/23 label 0/1 : 14/18
train batch 5: predictions shape=(32, 2), labels shape=(32,)
epoch : 141
batch : 5/39
train accuracy : 0.71875
train pred 0/1 : 16/16 label 0/1 : 15/17
train batch 6: predictions shape=(32, 2), labels shape=(32,)
epoch : 141
batch : 6/39
train accuracy : 0.71875
train pred 0/1 : 13/19 label 0/1 : 12/20
train batch 7: predictions shape=(32, 2), labels shape=(32,)
epoch : 141
batch : 7/39
train accuracy : 0.78125
train pred 0/1 : 9/23 label 0/1 : 16/16
train batch 8: predictions shape=(32, 2), labels shape=(32,)
epoch : 141
batch : 8/39
train accuracy : 0.71875
train pred 0/1 : 14/18 label 0/1 : 19/13
train batch 9: predictions shape=(32, 2), labels shape=(32,)
epoch : 141
batch : 9/39
train accuracy : 0.75
train pred 0/1 : 10/22 label 0/1 : 10/22
train batch 10: predictions shape=(32, 2), labels shape=(32,)
epoch : 141
batch : 10/39
train accuracy : 0.75
train pred 0/1 : 17/15 label 0/1 : 13/19
train batch 11: predictions shape=(32, 2), labels shape=(32,)
epoch : 141
batch : 11/39
train accuracy : 0.78125
train pred 0/1 : 13/19 label 0/1 : 14/18
train batch 12: predictions shape=(32, 2), labels shape=(32,)
epoch : 141
batch : 12/39
train accuracy : 0.71875
train pred 0/1 : 12/20 label 0/1 : 15/17
train batch 13: predictions shape=(32, 2), labels shape=(32,)
epoch : 141
batch : 13/39
train accuracy : 0.84375
train pred 0/1 : 16/16 label 0/1 : 15/17
train batch 14: predictions shape=(32, 2), labels shape=(32,)
epoch : 141
batch : 14/39
train accuracy : 0.65625
train pred 0/1 : 17/15 label 0/1 : 14/18
train batch 15: predictions shape=(32, 2), labels shape=(32,)
epoch : 141
batch : 15/39
train accuracy : 0.75
train pred 0/1 : 18/14 label 0/1 : 16/16
train batch 16: predictions shape=(32, 2), labels shape=(32,)
epoch : 141
batch : 16/39
train accuracy : 0.6875
train pred 0/1 : 16/16 label 0/1 : 10/22
train batch 17: predictions shape=(32, 2), labels shape=(32,)
epoch : 141
batch : 17/39
train accuracy : 0.71875
train pred 0/1 : 15/17 label 0/1 : 16/16
train batch 18: predictions shape=(32, 2), labels shape=(32,)
epoch : 141
batch : 18/39
train accuracy : 0.84375
train pred 0/1 : 9/23 label 0/1 : 10/22
train batch 19: predictions shape=(32, 2), labels shape=(32,)
epoch : 141
batch : 19/39
train accuracy : 0.75
train pred 0/1 : 19/13 label 0/1 : 11/21
train batch 20: predictions shape=(32, 2), labels shape=(32,)
epoch : 141
batch : 20/39
train accuracy : 0.8125
train pred 0/1 : 12/20 label 0/1 : 14/18
train batch 21: predictions shape=(32, 2), labels shape=(32,)
epoch : 141
batch : 21/39
train accuracy : 0.78125
train pred 0/1 : 17/15 label 0/1 : 20/12
train batch 22: predictions shape=(32, 2), labels shape=(32,)
epoch : 141
batch : 22/39
train accuracy : 0.78125
train pred 0/1 : 15/17 label 0/1 : 12/20
train batch 23: predictions shape=(32, 2), labels shape=(32,)
epoch : 141
batch : 23/39
train accuracy : 0.75
train pred 0/1 : 12/20 label 0/1 : 14/18
train batch 24: predictions shape=(32, 2), labels shape=(32,)
epoch : 141
batch : 24/39
train accuracy : 0.75
train pred 0/1 : 15/17 label 0/1 : 19/13
train batch 25: predictions shape=(32, 2), labels shape=(32,)
epoch : 141
batch : 25/39
train accuracy : 0.78125
train pred 0/1 : 16/16 label 0/1 : 17/15
train batch 26: predictions shape=(32, 2), labels shape=(32,)
epoch : 141
batch : 26/39
train accuracy : 0.75
train pred 0/1 : 13/19 label 0/1 : 15/17
train batch 27: predictions shape=(32, 2), labels shape=(32,)
epoch : 141
batch : 27/39
train accuracy : 0.65625
train pred 0/1 : 14/18 label 0/1 : 11/21
train batch 28: predictions shape=(32, 2), labels shape=(32,)
epoch : 141
batch : 28/39
train accuracy : 0.625
train pred 0/1 : 16/16 label 0/1 : 14/18
train batch 29: predictions shape=(32, 2), labels shape=(32,)
epoch : 141
batch : 29/39
train accuracy : 0.6875
train pred 0/1 : 22/10 label 0/1 : 14/18
train batch 30: predictions shape=(32, 2), labels shape=(32,)
epoch : 141
batch : 30/39
train accuracy : 0.625
train pred 0/1 : 20/12 label 0/1 : 14/18
train batch 31: predictions shape=(32, 2), labels shape=(32,)
epoch : 141
batch : 31/39
train accuracy : 0.75
train pred 0/1 : 22/10 label 0/1 : 18/14
train batch 32: predictions shape=(32, 2), labels shape=(32,)
epoch : 141
batch : 32/39
train accuracy : 0.75
train pred 0/1 : 22/10 label 0/1 : 16/16
train batch 33: predictions shape=(32, 2), labels shape=(32,)
epoch : 141
batch : 33/39
train accuracy : 0.65625
train pred 0/1 : 23/9 label 0/1 : 12/20
train batch 34: predictions shape=(32, 2), labels shape=(32,)
epoch : 141
batch : 34/39
train accuracy : 0.71875
train pred 0/1 : 21/11 label 0/1 : 18/14
train batch 35: predictions shape=(32, 2), labels shape=(32,)
epoch : 141
batch : 35/39
train accuracy : 0.71875
train pred 0/1 : 22/10 label 0/1 : 13/19
train batch 36: predictions shape=(32, 2), labels shape=(32,)
epoch : 141
batch : 36/39
train accuracy : 0.71875
train pred 0/1 : 26/6 label 0/1 : 19/13
train batch 37: predictions shape=(32, 2), labels shape=(32,)
epoch : 141
batch : 37/39
train accuracy : 0.75
train pred 0/1 : 19/13 label 0/1 : 13/19
train batch 38: predictions shape=(32, 2), labels shape=(32,)
epoch : 141
batch : 38/39
train accuracy : 0.65625
train pred 0/1 : 20/12 label 0/1 : 13/19
train batch 39: predictions shape=(8, 2), labels shape=(8,)
epoch : 141
batch : 39/39
train accuracy : 0.625
train pred 0/1 : 3/5 label 0/1 : 4/4
VALIDATION
valid batch 1: predictions shape=(32, 2), labels shape=(32,)
valid batch : 1/2
valid accuracy : 0.15625
valid pred 0/1 : 27/5 label 0/1 : 8/24
valid batch 2: predictions shape=(23, 2), labels shape=(23,)
valid batch : 2/2
valid accuracy : 0.21739131212234497
valid pred 0/1 : 19/4 label 0/1 : 5/18
valid epoch balanced_accuracy: 0.304945
EPOCH 142:
train batch 1: predictions shape=(32, 2), labels shape=(32,)
epoch : 142
batch : 1/39
train accuracy : 0.71875
train pred 0/1 : 20/12 label 0/1 : 19/13
train batch 2: predictions shape=(32, 2), labels shape=(32,)
epoch : 142
batch : 2/39
train accuracy : 0.71875
train pred 0/1 : 15/17 label 0/1 : 16/16
train batch 3: predictions shape=(32, 2), labels shape=(32,)
epoch : 142
batch : 3/39
train accuracy : 0.84375
train pred 0/1 : 13/19 label 0/1 : 12/20
train batch 4: predictions shape=(32, 2), labels shape=(32,)
epoch : 142
batch : 4/39
train accuracy : 0.78125
train pred 0/1 : 13/19 label 0/1 : 10/22
train batch 5: predictions shape=(32, 2), labels shape=(32,)
epoch : 142
batch : 5/39
train accuracy : 0.59375
train pred 0/1 : 15/17 label 0/1 : 18/14
train batch 6: predictions shape=(32, 2), labels shape=(32,)
epoch : 142
batch : 6/39
train accuracy : 0.90625
train pred 0/1 : 13/19 label 0/1 : 14/18
train batch 7: predictions shape=(32, 2), labels shape=(32,)
epoch : 142
batch : 7/39
train accuracy : 0.78125
train pred 0/1 : 12/20 label 0/1 : 11/21
train batch 8: predictions shape=(32, 2), labels shape=(32,)
epoch : 142
batch : 8/39
train accuracy : 0.75
train pred 0/1 : 15/17 label 0/1 : 15/17
train batch 9: predictions shape=(32, 2), labels shape=(32,)
epoch : 142
batch : 9/39
train accuracy : 0.75
train pred 0/1 : 14/18 label 0/1 : 8/24
train batch 10: predictions shape=(32, 2), labels shape=(32,)
epoch : 142
batch : 10/39
train accuracy : 0.75
train pred 0/1 : 15/17 label 0/1 : 13/19
train batch 11: predictions shape=(32, 2), labels shape=(32,)
epoch : 142
batch : 11/39
train accuracy : 0.6875
train pred 0/1 : 21/11 label 0/1 : 17/15
train batch 12: predictions shape=(32, 2), labels shape=(32,)
epoch : 142
batch : 12/39
train accuracy : 0.71875
train pred 0/1 : 17/15 label 0/1 : 16/16
train batch 13: predictions shape=(32, 2), labels shape=(32,)
epoch : 142
batch : 13/39
train accuracy : 0.8125
train pred 0/1 : 16/16 label 0/1 : 14/18
train batch 14: predictions shape=(32, 2), labels shape=(32,)
epoch : 142
batch : 14/39
train accuracy : 0.875
train pred 0/1 : 13/19 label 0/1 : 13/19
train batch 15: predictions shape=(32, 2), labels shape=(32,)
epoch : 142
batch : 15/39
train accuracy : 0.65625
train pred 0/1 : 13/19 label 0/1 : 20/12
train batch 16: predictions shape=(32, 2), labels shape=(32,)
epoch : 142
batch : 16/39
train accuracy : 0.6875
train pred 0/1 : 16/16 label 0/1 : 16/16
train batch 17: predictions shape=(32, 2), labels shape=(32,)
epoch : 142
batch : 17/39
train accuracy : 0.71875
train pred 0/1 : 17/15 label 0/1 : 14/18
train batch 18: predictions shape=(32, 2), labels shape=(32,)
epoch : 142
batch : 18/39
train accuracy : 0.65625
train pred 0/1 : 15/17 label 0/1 : 10/22
train batch 19: predictions shape=(32, 2), labels shape=(32,)
epoch : 142
batch : 19/39
train accuracy : 0.75
train pred 0/1 : 19/13 label 0/1 : 17/15
train batch 20: predictions shape=(32, 2), labels shape=(32,)
epoch : 142
batch : 20/39
train accuracy : 0.6875
train pred 0/1 : 20/12 label 0/1 : 14/18
train batch 21: predictions shape=(32, 2), labels shape=(32,)
epoch : 142
batch : 21/39
train accuracy : 0.78125
train pred 0/1 : 21/11 label 0/1 : 22/10
train batch 22: predictions shape=(32, 2), labels shape=(32,)
epoch : 142
batch : 22/39
train accuracy : 0.65625
train pred 0/1 : 10/22 label 0/1 : 9/23
train batch 23: predictions shape=(32, 2), labels shape=(32,)
epoch : 142
batch : 23/39
train accuracy : 0.6875
train pred 0/1 : 19/13 label 0/1 : 15/17
train batch 24: predictions shape=(32, 2), labels shape=(32,)
epoch : 142
batch : 24/39
train accuracy : 0.71875
train pred 0/1 : 21/11 label 0/1 : 16/16
train batch 25: predictions shape=(32, 2), labels shape=(32,)
epoch : 142
batch : 25/39
train accuracy : 0.75
train pred 0/1 : 15/17 label 0/1 : 11/21
train batch 26: predictions shape=(32, 2), labels shape=(32,)
epoch : 142
batch : 26/39
train accuracy : 0.78125
train pred 0/1 : 15/17 label 0/1 : 10/22
train batch 27: predictions shape=(32, 2), labels shape=(32,)
epoch : 142
batch : 27/39
train accuracy : 0.71875
train pred 0/1 : 20/12 label 0/1 : 15/17
train batch 28: predictions shape=(32, 2), labels shape=(32,)
epoch : 142
batch : 28/39
train accuracy : 0.75
train pred 0/1 : 24/8 label 0/1 : 18/14
train batch 29: predictions shape=(32, 2), labels shape=(32,)
epoch : 142
batch : 29/39
train accuracy : 0.71875
train pred 0/1 : 21/11 label 0/1 : 12/20
train batch 30: predictions shape=(32, 2), labels shape=(32,)
epoch : 142
batch : 30/39
train accuracy : 0.71875
train pred 0/1 : 22/10 label 0/1 : 15/17
train batch 31: predictions shape=(32, 2), labels shape=(32,)
epoch : 142
batch : 31/39
train accuracy : 0.6875
train pred 0/1 : 22/10 label 0/1 : 16/16
train batch 32: predictions shape=(32, 2), labels shape=(32,)
epoch : 142
batch : 32/39
train accuracy : 0.625
train pred 0/1 : 22/10 label 0/1 : 12/20
train batch 33: predictions shape=(32, 2), labels shape=(32,)
epoch : 142
batch : 33/39
train accuracy : 0.65625
train pred 0/1 : 22/10 label 0/1 : 15/17
train batch 34: predictions shape=(32, 2), labels shape=(32,)
epoch : 142
batch : 34/39
train accuracy : 0.78125
train pred 0/1 : 16/16 label 0/1 : 15/17
train batch 35: predictions shape=(32, 2), labels shape=(32,)
epoch : 142
batch : 35/39
train accuracy : 0.71875
train pred 0/1 : 19/13 label 0/1 : 14/18
train batch 36: predictions shape=(32, 2), labels shape=(32,)
epoch : 142
batch : 36/39
train accuracy : 0.71875
train pred 0/1 : 22/10 label 0/1 : 15/17
train batch 37: predictions shape=(32, 2), labels shape=(32,)
epoch : 142
batch : 37/39
train accuracy : 0.75
train pred 0/1 : 14/18 label 0/1 : 8/24
train batch 38: predictions shape=(32, 2), labels shape=(32,)
epoch : 142
batch : 38/39
train accuracy : 0.6875
train pred 0/1 : 19/13 label 0/1 : 19/13
train batch 39: predictions shape=(8, 2), labels shape=(8,)
epoch : 142
batch : 39/39
train accuracy : 0.625
train pred 0/1 : 6/2 label 0/1 : 5/3
VALIDATION
valid batch 1: predictions shape=(32, 2), labels shape=(32,)
valid batch : 1/2
valid accuracy : 0.21875
valid pred 0/1 : 28/4 label 0/1 : 7/25
valid batch 2: predictions shape=(23, 2), labels shape=(23,)
valid batch : 2/2
valid accuracy : 0.17391304671764374
valid pred 0/1 : 17/6 label 0/1 : 6/17
valid epoch balanced_accuracy: 0.316850
EPOCH 143:
train batch 1: predictions shape=(32, 2), labels shape=(32,)
epoch : 143
batch : 1/39
train accuracy : 0.78125
train pred 0/1 : 11/21 label 0/1 : 12/20
train batch 2: predictions shape=(32, 2), labels shape=(32,)
epoch : 143
batch : 2/39
train accuracy : 0.75
train pred 0/1 : 16/16 label 0/1 : 14/18
train batch 3: predictions shape=(32, 2), labels shape=(32,)
epoch : 143
batch : 3/39
train accuracy : 0.75
train pred 0/1 : 17/15 label 0/1 : 11/21
train batch 4: predictions shape=(32, 2), labels shape=(32,)
epoch : 143
batch : 4/39
train accuracy : 0.75
train pred 0/1 : 16/16 label 0/1 : 10/22
train batch 5: predictions shape=(32, 2), labels shape=(32,)
epoch : 143
batch : 5/39
train accuracy : 0.75
train pred 0/1 : 14/18 label 0/1 : 14/18
train batch 6: predictions shape=(32, 2), labels shape=(32,)
epoch : 143
batch : 6/39
train accuracy : 0.71875
train pred 0/1 : 16/16 label 0/1 : 17/15
train batch 7: predictions shape=(32, 2), labels shape=(32,)
epoch : 143
batch : 7/39
train accuracy : 0.6875
train pred 0/1 : 8/24 label 0/1 : 14/18
train batch 8: predictions shape=(32, 2), labels shape=(32,)
epoch : 143
batch : 8/39
train accuracy : 0.71875
train pred 0/1 : 18/14 label 0/1 : 13/19
train batch 9: predictions shape=(32, 2), labels shape=(32,)
epoch : 143
batch : 9/39
train accuracy : 0.84375
train pred 0/1 : 12/20 label 0/1 : 13/19
train batch 10: predictions shape=(32, 2), labels shape=(32,)
epoch : 143
batch : 10/39
train accuracy : 0.71875
train pred 0/1 : 18/14 label 0/1 : 15/17
train batch 11: predictions shape=(32, 2), labels shape=(32,)
epoch : 143
batch : 11/39
train accuracy : 0.65625
train pred 0/1 : 14/18 label 0/1 : 17/15
train batch 12: predictions shape=(32, 2), labels shape=(32,)
epoch : 143
batch : 12/39
train accuracy : 0.71875
train pred 0/1 : 13/19 label 0/1 : 10/22
train batch 13: predictions shape=(32, 2), labels shape=(32,)
epoch : 143
batch : 13/39
train accuracy : 0.59375
train pred 0/1 : 15/17 label 0/1 : 18/14
train batch 14: predictions shape=(32, 2), labels shape=(32,)
epoch : 143
batch : 14/39
train accuracy : 0.71875
train pred 0/1 : 12/20 label 0/1 : 11/21
train batch 15: predictions shape=(32, 2), labels shape=(32,)
epoch : 143
batch : 15/39
train accuracy : 0.6875
train pred 0/1 : 18/14 label 0/1 : 16/16
train batch 16: predictions shape=(32, 2), labels shape=(32,)
epoch : 143
batch : 16/39
train accuracy : 0.71875
train pred 0/1 : 15/17 label 0/1 : 16/16
train batch 17: predictions shape=(32, 2), labels shape=(32,)
epoch : 143
batch : 17/39
train accuracy : 0.78125
train pred 0/1 : 19/13 label 0/1 : 18/14
train batch 18: predictions shape=(32, 2), labels shape=(32,)
epoch : 143
batch : 18/39
train accuracy : 0.6875
train pred 0/1 : 16/16 label 0/1 : 16/16
train batch 19: predictions shape=(32, 2), labels shape=(32,)
epoch : 143
batch : 19/39
train accuracy : 0.8125
train pred 0/1 : 16/16 label 0/1 : 14/18
train batch 20: predictions shape=(32, 2), labels shape=(32,)
epoch : 143
batch : 20/39
train accuracy : 0.875
train pred 0/1 : 18/14 label 0/1 : 16/16
train batch 21: predictions shape=(32, 2), labels shape=(32,)
epoch : 143
batch : 21/39
train accuracy : 0.8125
train pred 0/1 : 15/17 label 0/1 : 15/17
train batch 22: predictions shape=(32, 2), labels shape=(32,)
epoch : 143
batch : 22/39
train accuracy : 0.75
train pred 0/1 : 20/12 label 0/1 : 14/18
train batch 23: predictions shape=(32, 2), labels shape=(32,)
epoch : 143
batch : 23/39
train accuracy : 0.65625
train pred 0/1 : 10/22 label 0/1 : 13/19
train batch 24: predictions shape=(32, 2), labels shape=(32,)
epoch : 143
batch : 24/39
train accuracy : 0.8125
train pred 0/1 : 8/24 label 0/1 : 12/20
train batch 25: predictions shape=(32, 2), labels shape=(32,)
epoch : 143
batch : 25/39
train accuracy : 0.78125
train pred 0/1 : 17/15 label 0/1 : 18/14
train batch 26: predictions shape=(32, 2), labels shape=(32,)
epoch : 143
batch : 26/39
train accuracy : 0.8125
train pred 0/1 : 14/18 label 0/1 : 14/18
train batch 27: predictions shape=(32, 2), labels shape=(32,)
epoch : 143
batch : 27/39
train accuracy : 0.78125
train pred 0/1 : 15/17 label 0/1 : 16/16
train batch 28: predictions shape=(32, 2), labels shape=(32,)
epoch : 143
batch : 28/39
train accuracy : 0.59375
train pred 0/1 : 17/15 label 0/1 : 14/18
train batch 29: predictions shape=(32, 2), labels shape=(32,)
epoch : 143
batch : 29/39
train accuracy : 0.6875
train pred 0/1 : 9/23 label 0/1 : 11/21
train batch 30: predictions shape=(32, 2), labels shape=(32,)
epoch : 143
batch : 30/39
train accuracy : 0.75
train pred 0/1 : 15/17 label 0/1 : 19/13
train batch 31: predictions shape=(32, 2), labels shape=(32,)
epoch : 143
batch : 31/39
train accuracy : 0.71875
train pred 0/1 : 16/16 label 0/1 : 15/17
train batch 32: predictions shape=(32, 2), labels shape=(32,)
epoch : 143
batch : 32/39
train accuracy : 0.75
train pred 0/1 : 17/15 label 0/1 : 17/15
train batch 33: predictions shape=(32, 2), labels shape=(32,)
epoch : 143
batch : 33/39
train accuracy : 0.6875
train pred 0/1 : 18/14 label 0/1 : 14/18
train batch 34: predictions shape=(32, 2), labels shape=(32,)
epoch : 143
batch : 34/39
train accuracy : 0.71875
train pred 0/1 : 16/16 label 0/1 : 15/17
train batch 35: predictions shape=(32, 2), labels shape=(32,)
epoch : 143
batch : 35/39
train accuracy : 0.75
train pred 0/1 : 18/14 label 0/1 : 18/14
train batch 36: predictions shape=(32, 2), labels shape=(32,)
epoch : 143
batch : 36/39
train accuracy : 0.8125
train pred 0/1 : 17/15 label 0/1 : 13/19
train batch 37: predictions shape=(32, 2), labels shape=(32,)
epoch : 143
batch : 37/39
train accuracy : 0.78125
train pred 0/1 : 12/20 label 0/1 : 9/23
train batch 38: predictions shape=(32, 2), labels shape=(32,)
epoch : 143
batch : 38/39
train accuracy : 0.75
train pred 0/1 : 19/13 label 0/1 : 15/17
train batch 39: predictions shape=(8, 2), labels shape=(8,)
epoch : 143
batch : 39/39
train accuracy : 0.625
train pred 0/1 : 3/5 label 0/1 : 2/6
VALIDATION
valid batch 1: predictions shape=(32, 2), labels shape=(32,)
valid batch : 1/2
valid accuracy : 0.1875
valid pred 0/1 : 31/1 label 0/1 : 7/25
valid batch 2: predictions shape=(23, 2), labels shape=(23,)
valid batch : 2/2
valid accuracy : 0.30434784293174744
valid pred 0/1 : 18/5 label 0/1 : 6/17
valid epoch balanced_accuracy: 0.420330
EPOCH 144:
train batch 1: predictions shape=(32, 2), labels shape=(32,)
epoch : 144
batch : 1/39
train accuracy : 0.5625
train pred 0/1 : 25/7 label 0/1 : 11/21
train batch 2: predictions shape=(32, 2), labels shape=(32,)
epoch : 144
batch : 2/39
train accuracy : 0.59375
train pred 0/1 : 19/13 label 0/1 : 14/18
train batch 3: predictions shape=(32, 2), labels shape=(32,)
epoch : 144
batch : 3/39
train accuracy : 0.875
train pred 0/1 : 14/18 label 0/1 : 14/18
train batch 4: predictions shape=(32, 2), labels shape=(32,)
epoch : 144
batch : 4/39
train accuracy : 0.65625
train pred 0/1 : 19/13 label 0/1 : 12/20
train batch 5: predictions shape=(32, 2), labels shape=(32,)
epoch : 144
batch : 5/39
train accuracy : 0.71875
train pred 0/1 : 11/21 label 0/1 : 10/22
train batch 6: predictions shape=(32, 2), labels shape=(32,)
epoch : 144
batch : 6/39
train accuracy : 0.6875
train pred 0/1 : 14/18 label 0/1 : 8/24
train batch 7: predictions shape=(32, 2), labels shape=(32,)
epoch : 144
batch : 7/39
train accuracy : 0.65625
train pred 0/1 : 19/13 label 0/1 : 16/16
train batch 8: predictions shape=(32, 2), labels shape=(32,)
epoch : 144
batch : 8/39
train accuracy : 0.8125
train pred 0/1 : 15/17 label 0/1 : 11/21
train batch 9: predictions shape=(32, 2), labels shape=(32,)
epoch : 144
batch : 9/39
train accuracy : 0.75
train pred 0/1 : 17/15 label 0/1 : 15/17
train batch 10: predictions shape=(32, 2), labels shape=(32,)
epoch : 144
batch : 10/39
train accuracy : 0.75
train pred 0/1 : 21/11 label 0/1 : 15/17
train batch 11: predictions shape=(32, 2), labels shape=(32,)
epoch : 144
batch : 11/39
train accuracy : 0.84375
train pred 0/1 : 15/17 label 0/1 : 14/18
train batch 12: predictions shape=(32, 2), labels shape=(32,)
epoch : 144
batch : 12/39
train accuracy : 0.8125
train pred 0/1 : 18/14 label 0/1 : 18/14
train batch 13: predictions shape=(32, 2), labels shape=(32,)
epoch : 144
batch : 13/39
train accuracy : 0.75
train pred 0/1 : 20/12 label 0/1 : 18/14
train batch 14: predictions shape=(32, 2), labels shape=(32,)
epoch : 144
batch : 14/39
train accuracy : 0.65625
train pred 0/1 : 21/11 label 0/1 : 12/20
train batch 15: predictions shape=(32, 2), labels shape=(32,)
epoch : 144
batch : 15/39
train accuracy : 0.75
train pred 0/1 : 17/15 label 0/1 : 11/21
train batch 16: predictions shape=(32, 2), labels shape=(32,)
epoch : 144
batch : 16/39
train accuracy : 0.75
train pred 0/1 : 21/11 label 0/1 : 21/11
train batch 17: predictions shape=(32, 2), labels shape=(32,)
epoch : 144
batch : 17/39
train accuracy : 0.75
train pred 0/1 : 17/15 label 0/1 : 13/19
train batch 18: predictions shape=(32, 2), labels shape=(32,)
epoch : 144
batch : 18/39
train accuracy : 0.75
train pred 0/1 : 23/9 label 0/1 : 17/15
train batch 19: predictions shape=(32, 2), labels shape=(32,)
epoch : 144
batch : 19/39
train accuracy : 0.75
train pred 0/1 : 17/15 label 0/1 : 13/19
train batch 20: predictions shape=(32, 2), labels shape=(32,)
epoch : 144
batch : 20/39
train accuracy : 0.6875
train pred 0/1 : 19/13 label 0/1 : 17/15
train batch 21: predictions shape=(32, 2), labels shape=(32,)
epoch : 144
batch : 21/39
train accuracy : 0.75
train pred 0/1 : 13/19 label 0/1 : 13/19
train batch 22: predictions shape=(32, 2), labels shape=(32,)
epoch : 144
batch : 22/39
train accuracy : 0.6875
train pred 0/1 : 14/18 label 0/1 : 18/14
train batch 23: predictions shape=(32, 2), labels shape=(32,)
epoch : 144
batch : 23/39
train accuracy : 0.6875
train pred 0/1 : 24/8 label 0/1 : 18/14
train batch 24: predictions shape=(32, 2), labels shape=(32,)
epoch : 144
batch : 24/39
train accuracy : 0.78125
train pred 0/1 : 20/12 label 0/1 : 15/17
train batch 25: predictions shape=(32, 2), labels shape=(32,)
epoch : 144
batch : 25/39
train accuracy : 0.71875
train pred 0/1 : 23/9 label 0/1 : 18/14
train batch 26: predictions shape=(32, 2), labels shape=(32,)
epoch : 144
batch : 26/39
train accuracy : 0.71875
train pred 0/1 : 17/15 label 0/1 : 18/14
train batch 27: predictions shape=(32, 2), labels shape=(32,)
epoch : 144
batch : 27/39
train accuracy : 0.5625
train pred 0/1 : 19/13 label 0/1 : 11/21
train batch 28: predictions shape=(32, 2), labels shape=(32,)
epoch : 144
batch : 28/39
train accuracy : 0.53125
train pred 0/1 : 22/10 label 0/1 : 11/21
train batch 29: predictions shape=(32, 2), labels shape=(32,)
epoch : 144
batch : 29/39
train accuracy : 0.75
train pred 0/1 : 21/11 label 0/1 : 17/15
train batch 30: predictions shape=(32, 2), labels shape=(32,)
epoch : 144
batch : 30/39
train accuracy : 0.65625
train pred 0/1 : 22/10 label 0/1 : 13/19
train batch 31: predictions shape=(32, 2), labels shape=(32,)
epoch : 144
batch : 31/39
train accuracy : 0.53125
train pred 0/1 : 22/10 label 0/1 : 11/21
train batch 32: predictions shape=(32, 2), labels shape=(32,)
epoch : 144
batch : 32/39
train accuracy : 0.65625
train pred 0/1 : 22/10 label 0/1 : 13/19
train batch 33: predictions shape=(32, 2), labels shape=(32,)
epoch : 144
batch : 33/39
train accuracy : 0.78125
train pred 0/1 : 22/10 label 0/1 : 17/15
train batch 34: predictions shape=(32, 2), labels shape=(32,)
epoch : 144
batch : 34/39
train accuracy : 0.75
train pred 0/1 : 20/12 label 0/1 : 12/20
train batch 35: predictions shape=(32, 2), labels shape=(32,)
epoch : 144
batch : 35/39
train accuracy : 0.75
train pred 0/1 : 21/11 label 0/1 : 17/15
train batch 36: predictions shape=(32, 2), labels shape=(32,)
epoch : 144
batch : 36/39
train accuracy : 0.75
train pred 0/1 : 20/12 label 0/1 : 14/18
train batch 37: predictions shape=(32, 2), labels shape=(32,)
epoch : 144
batch : 37/39
train accuracy : 0.8125
train pred 0/1 : 19/13 label 0/1 : 13/19
train batch 38: predictions shape=(32, 2), labels shape=(32,)
epoch : 144
batch : 38/39
train accuracy : 0.65625
train pred 0/1 : 16/16 label 0/1 : 15/17
train batch 39: predictions shape=(8, 2), labels shape=(8,)
epoch : 144
batch : 39/39
train accuracy : 0.625
train pred 0/1 : 4/4 label 0/1 : 5/3
VALIDATION
valid batch 1: predictions shape=(32, 2), labels shape=(32,)
valid batch : 1/2
valid accuracy : 0.21875
valid pred 0/1 : 27/5 label 0/1 : 8/24
valid batch 2: predictions shape=(23, 2), labels shape=(23,)
valid batch : 2/2
valid accuracy : 0.08695652335882187
valid pred 0/1 : 20/3 label 0/1 : 5/18
valid epoch balanced_accuracy: 0.293040
EPOCH 145:
train batch 1: predictions shape=(32, 2), labels shape=(32,)
epoch : 145
batch : 1/39
train accuracy : 0.71875
train pred 0/1 : 16/16 label 0/1 : 11/21
train batch 2: predictions shape=(32, 2), labels shape=(32,)
epoch : 145
batch : 2/39
train accuracy : 0.75
train pred 0/1 : 9/23 label 0/1 : 11/21
train batch 3: predictions shape=(32, 2), labels shape=(32,)
epoch : 145
batch : 3/39
train accuracy : 0.65625
train pred 0/1 : 15/17 label 0/1 : 16/16
train batch 4: predictions shape=(32, 2), labels shape=(32,)
epoch : 145
batch : 4/39
train accuracy : 0.8125
train pred 0/1 : 22/10 label 0/1 : 18/14
train batch 5: predictions shape=(32, 2), labels shape=(32,)
epoch : 145
batch : 5/39
train accuracy : 0.65625
train pred 0/1 : 13/19 label 0/1 : 8/24
train batch 6: predictions shape=(32, 2), labels shape=(32,)
epoch : 145
batch : 6/39
train accuracy : 0.53125
train pred 0/1 : 11/21 label 0/1 : 16/16
train batch 7: predictions shape=(32, 2), labels shape=(32,)
epoch : 145
batch : 7/39
train accuracy : 0.6875
train pred 0/1 : 15/17 label 0/1 : 11/21
train batch 8: predictions shape=(32, 2), labels shape=(32,)
epoch : 145
batch : 8/39
train accuracy : 0.78125
train pred 0/1 : 15/17 label 0/1 : 16/16
train batch 9: predictions shape=(32, 2), labels shape=(32,)
epoch : 145
batch : 9/39
train accuracy : 0.65625
train pred 0/1 : 12/20 label 0/1 : 11/21
train batch 10: predictions shape=(32, 2), labels shape=(32,)
epoch : 145
batch : 10/39
train accuracy : 0.71875
train pred 0/1 : 17/15 label 0/1 : 16/16
train batch 11: predictions shape=(32, 2), labels shape=(32,)
epoch : 145
batch : 11/39
train accuracy : 0.71875
train pred 0/1 : 13/19 label 0/1 : 12/20
train batch 12: predictions shape=(32, 2), labels shape=(32,)
epoch : 145
batch : 12/39
train accuracy : 0.8125
train pred 0/1 : 19/13 label 0/1 : 17/15
train batch 13: predictions shape=(32, 2), labels shape=(32,)
epoch : 145
batch : 13/39
train accuracy : 0.71875
train pred 0/1 : 15/17 label 0/1 : 14/18
train batch 14: predictions shape=(32, 2), labels shape=(32,)
epoch : 145
batch : 14/39
train accuracy : 0.71875
train pred 0/1 : 19/13 label 0/1 : 14/18
train batch 15: predictions shape=(32, 2), labels shape=(32,)
epoch : 145
batch : 15/39
train accuracy : 0.8125
train pred 0/1 : 15/17 label 0/1 : 15/17
train batch 16: predictions shape=(32, 2), labels shape=(32,)
epoch : 145
batch : 16/39
train accuracy : 0.75
train pred 0/1 : 22/10 label 0/1 : 18/14
train batch 17: predictions shape=(32, 2), labels shape=(32,)
epoch : 145
batch : 17/39
train accuracy : 0.75
train pred 0/1 : 17/15 label 0/1 : 13/19
train batch 18: predictions shape=(32, 2), labels shape=(32,)
epoch : 145
batch : 18/39
train accuracy : 0.71875
train pred 0/1 : 19/13 label 0/1 : 14/18
train batch 19: predictions shape=(32, 2), labels shape=(32,)
epoch : 145
batch : 19/39
train accuracy : 0.78125
train pred 0/1 : 22/10 label 0/1 : 17/15
train batch 20: predictions shape=(32, 2), labels shape=(32,)
epoch : 145
batch : 20/39
train accuracy : 0.90625
train pred 0/1 : 19/13 label 0/1 : 16/16
train batch 21: predictions shape=(32, 2), labels shape=(32,)
epoch : 145
batch : 21/39
train accuracy : 0.78125
train pred 0/1 : 18/14 label 0/1 : 15/17
train batch 22: predictions shape=(32, 2), labels shape=(32,)
epoch : 145
batch : 22/39
train accuracy : 0.65625
train pred 0/1 : 17/15 label 0/1 : 14/18
train batch 23: predictions shape=(32, 2), labels shape=(32,)
epoch : 145
batch : 23/39
train accuracy : 0.8125
train pred 0/1 : 19/13 label 0/1 : 19/13
train batch 24: predictions shape=(32, 2), labels shape=(32,)
epoch : 145
batch : 24/39
train accuracy : 0.78125
train pred 0/1 : 15/17 label 0/1 : 18/14
train batch 25: predictions shape=(32, 2), labels shape=(32,)
epoch : 145
batch : 25/39
train accuracy : 0.6875
train pred 0/1 : 14/18 label 0/1 : 12/20
train batch 26: predictions shape=(32, 2), labels shape=(32,)
epoch : 145
batch : 26/39
train accuracy : 0.71875
train pred 0/1 : 14/18 label 0/1 : 17/15
train batch 27: predictions shape=(32, 2), labels shape=(32,)
epoch : 145
batch : 27/39
train accuracy : 0.6875
train pred 0/1 : 12/20 label 0/1 : 14/18
train batch 28: predictions shape=(32, 2), labels shape=(32,)
epoch : 145
batch : 28/39
train accuracy : 0.6875
train pred 0/1 : 16/16 label 0/1 : 12/20
train batch 29: predictions shape=(32, 2), labels shape=(32,)
epoch : 145
batch : 29/39
train accuracy : 0.6875
train pred 0/1 : 14/18 label 0/1 : 10/22
train batch 30: predictions shape=(32, 2), labels shape=(32,)
epoch : 145
batch : 30/39
train accuracy : 0.625
train pred 0/1 : 13/19 label 0/1 : 15/17
train batch 31: predictions shape=(32, 2), labels shape=(32,)
epoch : 145
batch : 31/39
train accuracy : 0.8125
train pred 0/1 : 18/14 label 0/1 : 16/16
train batch 32: predictions shape=(32, 2), labels shape=(32,)
epoch : 145
batch : 32/39
train accuracy : 0.71875
train pred 0/1 : 20/12 label 0/1 : 15/17
train batch 33: predictions shape=(32, 2), labels shape=(32,)
epoch : 145
batch : 33/39
train accuracy : 0.71875
train pred 0/1 : 18/14 label 0/1 : 19/13
train batch 34: predictions shape=(32, 2), labels shape=(32,)
epoch : 145
batch : 34/39
train accuracy : 0.625
train pred 0/1 : 18/14 label 0/1 : 12/20
train batch 35: predictions shape=(32, 2), labels shape=(32,)
epoch : 145
batch : 35/39
train accuracy : 0.6875
train pred 0/1 : 13/19 label 0/1 : 9/23
train batch 36: predictions shape=(32, 2), labels shape=(32,)
epoch : 145
batch : 36/39
train accuracy : 0.59375
train pred 0/1 : 24/8 label 0/1 : 15/17
train batch 37: predictions shape=(32, 2), labels shape=(32,)
epoch : 145
batch : 37/39
train accuracy : 0.6875
train pred 0/1 : 21/11 label 0/1 : 15/17
train batch 38: predictions shape=(32, 2), labels shape=(32,)
epoch : 145
batch : 38/39
train accuracy : 0.75
train pred 0/1 : 21/11 label 0/1 : 15/17
train batch 39: predictions shape=(8, 2), labels shape=(8,)
epoch : 145
batch : 39/39
train accuracy : 0.75
train pred 0/1 : 5/3 label 0/1 : 3/5
VALIDATION
valid batch 1: predictions shape=(32, 2), labels shape=(32,)
valid batch : 1/2
valid accuracy : 0.21875
valid pred 0/1 : 26/6 label 0/1 : 7/25
valid batch 2: predictions shape=(23, 2), labels shape=(23,)
valid batch : 2/2
valid accuracy : 0.17391304671764374
valid pred 0/1 : 19/4 label 0/1 : 6/17
valid epoch balanced_accuracy: 0.316850
EPOCH 146:
train batch 1: predictions shape=(32, 2), labels shape=(32,)
epoch : 146
batch : 1/39
train accuracy : 0.75
train pred 0/1 : 17/15 label 0/1 : 15/17
train batch 2: predictions shape=(32, 2), labels shape=(32,)
epoch : 146
batch : 2/39
train accuracy : 0.71875
train pred 0/1 : 16/16 label 0/1 : 13/19
train batch 3: predictions shape=(32, 2), labels shape=(32,)
epoch : 146
batch : 3/39
train accuracy : 0.8125
train pred 0/1 : 16/16 label 0/1 : 16/16
train batch 4: predictions shape=(32, 2), labels shape=(32,)
epoch : 146
batch : 4/39
train accuracy : 0.6875
train pred 0/1 : 15/17 label 0/1 : 15/17
train batch 5: predictions shape=(32, 2), labels shape=(32,)
epoch : 146
batch : 5/39
train accuracy : 0.71875
train pred 0/1 : 11/21 label 0/1 : 14/18
train batch 6: predictions shape=(32, 2), labels shape=(32,)
epoch : 146
batch : 6/39
train accuracy : 0.78125
train pred 0/1 : 14/18 label 0/1 : 15/17
train batch 7: predictions shape=(32, 2), labels shape=(32,)
epoch : 146
batch : 7/39
train accuracy : 0.78125
train pred 0/1 : 14/18 label 0/1 : 15/17
train batch 8: predictions shape=(32, 2), labels shape=(32,)
epoch : 146
batch : 8/39
train accuracy : 0.6875
train pred 0/1 : 13/19 label 0/1 : 15/17
train batch 9: predictions shape=(32, 2), labels shape=(32,)
epoch : 146
batch : 9/39
train accuracy : 0.78125
train pred 0/1 : 7/25 label 0/1 : 12/20
train batch 10: predictions shape=(32, 2), labels shape=(32,)
epoch : 146
batch : 10/39
train accuracy : 0.75
train pred 0/1 : 13/19 label 0/1 : 15/17
train batch 11: predictions shape=(32, 2), labels shape=(32,)
epoch : 146
batch : 11/39
train accuracy : 0.78125
train pred 0/1 : 12/20 label 0/1 : 15/17
train batch 12: predictions shape=(32, 2), labels shape=(32,)
epoch : 146
batch : 12/39
train accuracy : 0.59375
train pred 0/1 : 15/17 label 0/1 : 12/20
train batch 13: predictions shape=(32, 2), labels shape=(32,)
epoch : 146
batch : 13/39
train accuracy : 0.625
train pred 0/1 : 13/19 label 0/1 : 11/21
train batch 14: predictions shape=(32, 2), labels shape=(32,)
epoch : 146
batch : 14/39
train accuracy : 0.6875
train pred 0/1 : 20/12 label 0/1 : 18/14
train batch 15: predictions shape=(32, 2), labels shape=(32,)
epoch : 146
batch : 15/39
train accuracy : 0.71875
train pred 0/1 : 17/15 label 0/1 : 14/18
train batch 16: predictions shape=(32, 2), labels shape=(32,)
epoch : 146
batch : 16/39
train accuracy : 0.59375
train pred 0/1 : 19/13 label 0/1 : 14/18
train batch 17: predictions shape=(32, 2), labels shape=(32,)
epoch : 146
batch : 17/39
train accuracy : 0.71875
train pred 0/1 : 20/12 label 0/1 : 17/15
train batch 18: predictions shape=(32, 2), labels shape=(32,)
epoch : 146
batch : 18/39
train accuracy : 0.65625
train pred 0/1 : 19/13 label 0/1 : 16/16
train batch 19: predictions shape=(32, 2), labels shape=(32,)
epoch : 146
batch : 19/39
train accuracy : 0.71875
train pred 0/1 : 24/8 label 0/1 : 15/17
train batch 20: predictions shape=(32, 2), labels shape=(32,)
epoch : 146
batch : 20/39
train accuracy : 0.65625
train pred 0/1 : 19/13 label 0/1 : 18/14
train batch 21: predictions shape=(32, 2), labels shape=(32,)
epoch : 146
batch : 21/39
train accuracy : 0.78125
train pred 0/1 : 23/9 label 0/1 : 18/14
train batch 22: predictions shape=(32, 2), labels shape=(32,)
epoch : 146
batch : 22/39
train accuracy : 0.75
train pred 0/1 : 14/18 label 0/1 : 14/18
train batch 23: predictions shape=(32, 2), labels shape=(32,)
epoch : 146
batch : 23/39
train accuracy : 0.78125
train pred 0/1 : 18/14 label 0/1 : 17/15
train batch 24: predictions shape=(32, 2), labels shape=(32,)
epoch : 146
batch : 24/39
train accuracy : 0.6875
train pred 0/1 : 21/11 label 0/1 : 17/15
train batch 25: predictions shape=(32, 2), labels shape=(32,)
epoch : 146
batch : 25/39
train accuracy : 0.71875
train pred 0/1 : 18/14 label 0/1 : 13/19
train batch 26: predictions shape=(32, 2), labels shape=(32,)
epoch : 146
batch : 26/39
train accuracy : 0.6875
train pred 0/1 : 20/12 label 0/1 : 14/18
train batch 27: predictions shape=(32, 2), labels shape=(32,)
epoch : 146
batch : 27/39
train accuracy : 0.75
train pred 0/1 : 19/13 label 0/1 : 15/17
train batch 28: predictions shape=(32, 2), labels shape=(32,)
epoch : 146
batch : 28/39
train accuracy : 0.8125
train pred 0/1 : 20/12 label 0/1 : 14/18
train batch 29: predictions shape=(32, 2), labels shape=(32,)
epoch : 146
batch : 29/39
train accuracy : 0.75
train pred 0/1 : 14/18 label 0/1 : 10/22
train batch 30: predictions shape=(32, 2), labels shape=(32,)
epoch : 146
batch : 30/39
train accuracy : 0.8125
train pred 0/1 : 11/21 label 0/1 : 9/23
train batch 31: predictions shape=(32, 2), labels shape=(32,)
epoch : 146
batch : 31/39
train accuracy : 0.8125
train pred 0/1 : 14/18 label 0/1 : 16/16
train batch 32: predictions shape=(32, 2), labels shape=(32,)
epoch : 146
batch : 32/39
train accuracy : 0.71875
train pred 0/1 : 9/23 label 0/1 : 16/16
train batch 33: predictions shape=(32, 2), labels shape=(32,)
epoch : 146
batch : 33/39
train accuracy : 0.78125
train pred 0/1 : 15/17 label 0/1 : 10/22
train batch 34: predictions shape=(32, 2), labels shape=(32,)
epoch : 146
batch : 34/39
train accuracy : 0.71875
train pred 0/1 : 13/19 label 0/1 : 14/18
train batch 35: predictions shape=(32, 2), labels shape=(32,)
epoch : 146
batch : 35/39
train accuracy : 0.6875
train pred 0/1 : 13/19 label 0/1 : 15/17
train batch 36: predictions shape=(32, 2), labels shape=(32,)
epoch : 146
batch : 36/39
train accuracy : 0.6875
train pred 0/1 : 19/13 label 0/1 : 13/19
train batch 37: predictions shape=(32, 2), labels shape=(32,)
epoch : 146
batch : 37/39
train accuracy : 0.625
train pred 0/1 : 17/15 label 0/1 : 13/19
train batch 38: predictions shape=(32, 2), labels shape=(32,)
epoch : 146
batch : 38/39
train accuracy : 0.75
train pred 0/1 : 17/15 label 0/1 : 15/17
train batch 39: predictions shape=(8, 2), labels shape=(8,)
epoch : 146
batch : 39/39
train accuracy : 0.875
train pred 0/1 : 2/6 label 0/1 : 1/7
VALIDATION
valid batch 1: predictions shape=(32, 2), labels shape=(32,)
valid batch : 1/2
valid accuracy : 0.1875
valid pred 0/1 : 26/6 label 0/1 : 6/26
valid batch 2: predictions shape=(23, 2), labels shape=(23,)
valid batch : 2/2
valid accuracy : 0.260869562625885
valid pred 0/1 : 18/5 label 0/1 : 7/16
valid epoch balanced_accuracy: 0.328755
EPOCH 147:
train batch 1: predictions shape=(32, 2), labels shape=(32,)
epoch : 147
batch : 1/39
train accuracy : 0.71875
train pred 0/1 : 17/15 label 0/1 : 16/16
train batch 2: predictions shape=(32, 2), labels shape=(32,)
epoch : 147
batch : 2/39
train accuracy : 0.6875
train pred 0/1 : 12/20 label 0/1 : 10/22
train batch 3: predictions shape=(32, 2), labels shape=(32,)
epoch : 147
batch : 3/39
train accuracy : 0.84375
train pred 0/1 : 18/14 label 0/1 : 19/13
train batch 4: predictions shape=(32, 2), labels shape=(32,)
epoch : 147
batch : 4/39
train accuracy : 0.84375
train pred 0/1 : 10/22 label 0/1 : 9/23
train batch 5: predictions shape=(32, 2), labels shape=(32,)
epoch : 147
batch : 5/39
train accuracy : 0.6875
train pred 0/1 : 12/20 label 0/1 : 18/14
train batch 6: predictions shape=(32, 2), labels shape=(32,)
epoch : 147
batch : 6/39
train accuracy : 0.625
train pred 0/1 : 14/18 label 0/1 : 16/16
train batch 7: predictions shape=(32, 2), labels shape=(32,)
epoch : 147
batch : 7/39
train accuracy : 0.84375
train pred 0/1 : 11/21 label 0/1 : 12/20
train batch 8: predictions shape=(32, 2), labels shape=(32,)
epoch : 147
batch : 8/39
train accuracy : 0.6875
train pred 0/1 : 13/19 label 0/1 : 13/19
train batch 9: predictions shape=(32, 2), labels shape=(32,)
epoch : 147
batch : 9/39
train accuracy : 0.8125
train pred 0/1 : 13/19 label 0/1 : 11/21
train batch 10: predictions shape=(32, 2), labels shape=(32,)
epoch : 147
batch : 10/39
train accuracy : 0.65625
train pred 0/1 : 11/21 label 0/1 : 14/18
train batch 11: predictions shape=(32, 2), labels shape=(32,)
epoch : 147
batch : 11/39
train accuracy : 0.75
train pred 0/1 : 15/17 label 0/1 : 11/21
train batch 12: predictions shape=(32, 2), labels shape=(32,)
epoch : 147
batch : 12/39
train accuracy : 0.6875
train pred 0/1 : 11/21 label 0/1 : 11/21
train batch 13: predictions shape=(32, 2), labels shape=(32,)
epoch : 147
batch : 13/39
train accuracy : 0.71875
train pred 0/1 : 14/18 label 0/1 : 11/21
train batch 14: predictions shape=(32, 2), labels shape=(32,)
epoch : 147
batch : 14/39
train accuracy : 0.8125
train pred 0/1 : 18/14 label 0/1 : 12/20
train batch 15: predictions shape=(32, 2), labels shape=(32,)
epoch : 147
batch : 15/39
train accuracy : 0.65625
train pred 0/1 : 16/16 label 0/1 : 17/15
train batch 16: predictions shape=(32, 2), labels shape=(32,)
epoch : 147
batch : 16/39
train accuracy : 0.84375
train pred 0/1 : 13/19 label 0/1 : 14/18
train batch 17: predictions shape=(32, 2), labels shape=(32,)
epoch : 147
batch : 17/39
train accuracy : 0.8125
train pred 0/1 : 15/17 label 0/1 : 17/15
train batch 18: predictions shape=(32, 2), labels shape=(32,)
epoch : 147
batch : 18/39
train accuracy : 0.65625
train pred 0/1 : 16/16 label 0/1 : 13/19
train batch 19: predictions shape=(32, 2), labels shape=(32,)
epoch : 147
batch : 19/39
train accuracy : 0.71875
train pred 0/1 : 17/15 label 0/1 : 18/14
train batch 20: predictions shape=(32, 2), labels shape=(32,)
epoch : 147
batch : 20/39
train accuracy : 0.75
train pred 0/1 : 15/17 label 0/1 : 15/17
train batch 21: predictions shape=(32, 2), labels shape=(32,)
epoch : 147
batch : 21/39
train accuracy : 0.78125
train pred 0/1 : 14/18 label 0/1 : 13/19
train batch 22: predictions shape=(32, 2), labels shape=(32,)
epoch : 147
batch : 22/39
train accuracy : 0.78125
train pred 0/1 : 12/20 label 0/1 : 13/19
train batch 23: predictions shape=(32, 2), labels shape=(32,)
epoch : 147
batch : 23/39
train accuracy : 0.75
train pred 0/1 : 17/15 label 0/1 : 15/17
train batch 24: predictions shape=(32, 2), labels shape=(32,)
epoch : 147
batch : 24/39
train accuracy : 0.71875
train pred 0/1 : 17/15 label 0/1 : 16/16
train batch 25: predictions shape=(32, 2), labels shape=(32,)
epoch : 147
batch : 25/39
train accuracy : 0.75
train pred 0/1 : 17/15 label 0/1 : 13/19
train batch 26: predictions shape=(32, 2), labels shape=(32,)
epoch : 147
batch : 26/39
train accuracy : 0.75
train pred 0/1 : 22/10 label 0/1 : 20/12
train batch 27: predictions shape=(32, 2), labels shape=(32,)
epoch : 147
batch : 27/39
train accuracy : 0.78125
train pred 0/1 : 13/19 label 0/1 : 12/20
train batch 28: predictions shape=(32, 2), labels shape=(32,)
epoch : 147
batch : 28/39
train accuracy : 0.625
train pred 0/1 : 20/12 label 0/1 : 12/20
train batch 29: predictions shape=(32, 2), labels shape=(32,)
epoch : 147
batch : 29/39
train accuracy : 0.75
train pred 0/1 : 20/12 label 0/1 : 20/12
train batch 30: predictions shape=(32, 2), labels shape=(32,)
epoch : 147
batch : 30/39
train accuracy : 0.75
train pred 0/1 : 12/20 label 0/1 : 12/20
train batch 31: predictions shape=(32, 2), labels shape=(32,)
epoch : 147
batch : 31/39
train accuracy : 0.6875
train pred 0/1 : 19/13 label 0/1 : 17/15
train batch 32: predictions shape=(32, 2), labels shape=(32,)
epoch : 147
batch : 32/39
train accuracy : 0.53125
train pred 0/1 : 20/12 label 0/1 : 17/15
train batch 33: predictions shape=(32, 2), labels shape=(32,)
epoch : 147
batch : 33/39
train accuracy : 0.8125
train pred 0/1 : 15/17 label 0/1 : 17/15
train batch 34: predictions shape=(32, 2), labels shape=(32,)
epoch : 147
batch : 34/39
train accuracy : 0.59375
train pred 0/1 : 18/14 label 0/1 : 13/19
train batch 35: predictions shape=(32, 2), labels shape=(32,)
epoch : 147
batch : 35/39
train accuracy : 0.875
train pred 0/1 : 10/22 label 0/1 : 12/20
train batch 36: predictions shape=(32, 2), labels shape=(32,)
epoch : 147
batch : 36/39
train accuracy : 0.71875
train pred 0/1 : 24/8 label 0/1 : 17/15
train batch 37: predictions shape=(32, 2), labels shape=(32,)
epoch : 147
batch : 37/39
train accuracy : 0.84375
train pred 0/1 : 18/14 label 0/1 : 19/13
train batch 38: predictions shape=(32, 2), labels shape=(32,)
epoch : 147
batch : 38/39
train accuracy : 0.65625
train pred 0/1 : 20/12 label 0/1 : 11/21
train batch 39: predictions shape=(8, 2), labels shape=(8,)
epoch : 147
batch : 39/39
train accuracy : 0.75
train pred 0/1 : 5/3 label 0/1 : 3/5
VALIDATION
valid batch 1: predictions shape=(32, 2), labels shape=(32,)
valid batch : 1/2
valid accuracy : 0.375
valid pred 0/1 : 29/3 label 0/1 : 11/21
valid batch 2: predictions shape=(23, 2), labels shape=(23,)
valid batch : 2/2
valid accuracy : 0.08695652335882187
valid pred 0/1 : 21/2 label 0/1 : 2/21
valid epoch balanced_accuracy: 0.458791
EPOCH 148:
train batch 1: predictions shape=(32, 2), labels shape=(32,)
epoch : 148
batch : 1/39
train accuracy : 0.75
train pred 0/1 : 18/14 label 0/1 : 10/22
train batch 2: predictions shape=(32, 2), labels shape=(32,)
epoch : 148
batch : 2/39
train accuracy : 0.65625
train pred 0/1 : 22/10 label 0/1 : 13/19
train batch 3: predictions shape=(32, 2), labels shape=(32,)
epoch : 148
batch : 3/39
train accuracy : 0.75
train pred 0/1 : 19/13 label 0/1 : 17/15
train batch 4: predictions shape=(32, 2), labels shape=(32,)
epoch : 148
batch : 4/39
train accuracy : 0.65625
train pred 0/1 : 17/15 label 0/1 : 16/16
train batch 5: predictions shape=(32, 2), labels shape=(32,)
epoch : 148
batch : 5/39
train accuracy : 0.75
train pred 0/1 : 16/16 label 0/1 : 14/18
train batch 6: predictions shape=(32, 2), labels shape=(32,)
epoch : 148
batch : 6/39
train accuracy : 0.6875
train pred 0/1 : 17/15 label 0/1 : 17/15
train batch 7: predictions shape=(32, 2), labels shape=(32,)
epoch : 148
batch : 7/39
train accuracy : 0.84375
train pred 0/1 : 9/23 label 0/1 : 12/20
train batch 8: predictions shape=(32, 2), labels shape=(32,)
epoch : 148
batch : 8/39
train accuracy : 0.8125
train pred 0/1 : 17/15 label 0/1 : 13/19
train batch 9: predictions shape=(32, 2), labels shape=(32,)
epoch : 148
batch : 9/39
train accuracy : 0.84375
train pred 0/1 : 15/17 label 0/1 : 12/20
train batch 10: predictions shape=(32, 2), labels shape=(32,)
epoch : 148
batch : 10/39
train accuracy : 0.8125
train pred 0/1 : 15/17 label 0/1 : 15/17
train batch 11: predictions shape=(32, 2), labels shape=(32,)
epoch : 148
batch : 11/39
train accuracy : 0.625
train pred 0/1 : 16/16 label 0/1 : 12/20
train batch 12: predictions shape=(32, 2), labels shape=(32,)
epoch : 148
batch : 12/39
train accuracy : 0.71875
train pred 0/1 : 16/16 label 0/1 : 13/19
train batch 13: predictions shape=(32, 2), labels shape=(32,)
epoch : 148
batch : 13/39
train accuracy : 0.59375
train pred 0/1 : 14/18 label 0/1 : 13/19
train batch 14: predictions shape=(32, 2), labels shape=(32,)
epoch : 148
batch : 14/39
train accuracy : 0.6875
train pred 0/1 : 14/18 label 0/1 : 14/18
train batch 15: predictions shape=(32, 2), labels shape=(32,)
epoch : 148
batch : 15/39
train accuracy : 0.75
train pred 0/1 : 15/17 label 0/1 : 17/15
train batch 16: predictions shape=(32, 2), labels shape=(32,)
epoch : 148
batch : 16/39
train accuracy : 0.78125
train pred 0/1 : 16/16 label 0/1 : 17/15
train batch 17: predictions shape=(32, 2), labels shape=(32,)
epoch : 148
batch : 17/39
train accuracy : 0.6875
train pred 0/1 : 15/17 label 0/1 : 15/17
train batch 18: predictions shape=(32, 2), labels shape=(32,)
epoch : 148
batch : 18/39
train accuracy : 0.71875
train pred 0/1 : 18/14 label 0/1 : 15/17
train batch 19: predictions shape=(32, 2), labels shape=(32,)
epoch : 148
batch : 19/39
train accuracy : 0.6875
train pred 0/1 : 22/10 label 0/1 : 20/12
train batch 20: predictions shape=(32, 2), labels shape=(32,)
epoch : 148
batch : 20/39
train accuracy : 0.78125
train pred 0/1 : 18/14 label 0/1 : 17/15
train batch 21: predictions shape=(32, 2), labels shape=(32,)
epoch : 148
batch : 21/39
train accuracy : 0.78125
train pred 0/1 : 19/13 label 0/1 : 12/20
train batch 22: predictions shape=(32, 2), labels shape=(32,)
epoch : 148
batch : 22/39
train accuracy : 0.65625
train pred 0/1 : 21/11 label 0/1 : 12/20
train batch 23: predictions shape=(32, 2), labels shape=(32,)
epoch : 148
batch : 23/39
train accuracy : 0.6875
train pred 0/1 : 20/12 label 0/1 : 14/18
train batch 24: predictions shape=(32, 2), labels shape=(32,)
epoch : 148
batch : 24/39
train accuracy : 0.6875
train pred 0/1 : 20/12 label 0/1 : 14/18
train batch 25: predictions shape=(32, 2), labels shape=(32,)
epoch : 148
batch : 25/39
train accuracy : 0.46875
train pred 0/1 : 21/11 label 0/1 : 16/16
train batch 26: predictions shape=(32, 2), labels shape=(32,)
epoch : 148
batch : 26/39
train accuracy : 0.6875
train pred 0/1 : 18/14 label 0/1 : 10/22
train batch 27: predictions shape=(32, 2), labels shape=(32,)
epoch : 148
batch : 27/39
train accuracy : 0.8125
train pred 0/1 : 16/16 label 0/1 : 10/22
train batch 28: predictions shape=(32, 2), labels shape=(32,)
epoch : 148
batch : 28/39
train accuracy : 0.75
train pred 0/1 : 17/15 label 0/1 : 13/19
train batch 29: predictions shape=(32, 2), labels shape=(32,)
epoch : 148
batch : 29/39
train accuracy : 0.71875
train pred 0/1 : 20/12 label 0/1 : 15/17
train batch 30: predictions shape=(32, 2), labels shape=(32,)
epoch : 148
batch : 30/39
train accuracy : 0.625
train pred 0/1 : 10/22 label 0/1 : 16/16
train batch 31: predictions shape=(32, 2), labels shape=(32,)
epoch : 148
batch : 31/39
train accuracy : 0.65625
train pred 0/1 : 9/23 label 0/1 : 16/16
train batch 32: predictions shape=(32, 2), labels shape=(32,)
epoch : 148
batch : 32/39
train accuracy : 0.6875
train pred 0/1 : 10/22 label 0/1 : 16/16
train batch 33: predictions shape=(32, 2), labels shape=(32,)
epoch : 148
batch : 33/39
train accuracy : 0.75
train pred 0/1 : 13/19 label 0/1 : 13/19
train batch 34: predictions shape=(32, 2), labels shape=(32,)
epoch : 148
batch : 34/39
train accuracy : 0.78125
train pred 0/1 : 12/20 label 0/1 : 13/19
train batch 35: predictions shape=(32, 2), labels shape=(32,)
epoch : 148
batch : 35/39
train accuracy : 0.71875
train pred 0/1 : 10/22 label 0/1 : 15/17
train batch 36: predictions shape=(32, 2), labels shape=(32,)
epoch : 148
batch : 36/39
train accuracy : 0.875
train pred 0/1 : 15/17 label 0/1 : 17/15
train batch 37: predictions shape=(32, 2), labels shape=(32,)
epoch : 148
batch : 37/39
train accuracy : 0.78125
train pred 0/1 : 16/16 label 0/1 : 17/15
train batch 38: predictions shape=(32, 2), labels shape=(32,)
epoch : 148
batch : 38/39
train accuracy : 0.71875
train pred 0/1 : 19/13 label 0/1 : 16/16
train batch 39: predictions shape=(8, 2), labels shape=(8,)
epoch : 148
batch : 39/39
train accuracy : 0.625
train pred 0/1 : 5/3 label 0/1 : 2/6
VALIDATION
valid batch 1: predictions shape=(32, 2), labels shape=(32,)
valid batch : 1/2
valid accuracy : 0.21875
valid pred 0/1 : 26/6 label 0/1 : 7/25
valid batch 2: predictions shape=(23, 2), labels shape=(23,)
valid batch : 2/2
valid accuracy : 0.21739131212234497
valid pred 0/1 : 22/1 label 0/1 : 6/17
valid epoch balanced_accuracy: 0.381868
EPOCH 149:
train batch 1: predictions shape=(32, 2), labels shape=(32,)
epoch : 149
batch : 1/39
train accuracy : 0.75
train pred 0/1 : 15/17 label 0/1 : 13/19
train batch 2: predictions shape=(32, 2), labels shape=(32,)
epoch : 149
batch : 2/39
train accuracy : 0.75
train pred 0/1 : 21/11 label 0/1 : 17/15
train batch 3: predictions shape=(32, 2), labels shape=(32,)
epoch : 149
batch : 3/39
train accuracy : 0.6875
train pred 0/1 : 15/17 label 0/1 : 7/25
train batch 4: predictions shape=(32, 2), labels shape=(32,)
epoch : 149
batch : 4/39
train accuracy : 0.8125
train pred 0/1 : 19/13 label 0/1 : 15/17
train batch 5: predictions shape=(32, 2), labels shape=(32,)
epoch : 149
batch : 5/39
train accuracy : 0.6875
train pred 0/1 : 22/10 label 0/1 : 18/14
train batch 6: predictions shape=(32, 2), labels shape=(32,)
epoch : 149
batch : 6/39
train accuracy : 0.78125
train pred 0/1 : 19/13 label 0/1 : 14/18
train batch 7: predictions shape=(32, 2), labels shape=(32,)
epoch : 149
batch : 7/39
train accuracy : 0.625
train pred 0/1 : 20/12 label 0/1 : 12/20
train batch 8: predictions shape=(32, 2), labels shape=(32,)
epoch : 149
batch : 8/39
train accuracy : 0.5625
train pred 0/1 : 16/16 label 0/1 : 8/24
train batch 9: predictions shape=(32, 2), labels shape=(32,)
epoch : 149
batch : 9/39
train accuracy : 0.78125
train pred 0/1 : 15/17 label 0/1 : 14/18
train batch 10: predictions shape=(32, 2), labels shape=(32,)
epoch : 149
batch : 10/39
train accuracy : 0.71875
train pred 0/1 : 15/17 label 0/1 : 14/18
train batch 11: predictions shape=(32, 2), labels shape=(32,)
epoch : 149
batch : 11/39
train accuracy : 0.65625
train pred 0/1 : 12/20 label 0/1 : 7/25
train batch 12: predictions shape=(32, 2), labels shape=(32,)
epoch : 149
batch : 12/39
train accuracy : 0.8125
train pred 0/1 : 17/15 label 0/1 : 13/19
train batch 13: predictions shape=(32, 2), labels shape=(32,)
epoch : 149
batch : 13/39
train accuracy : 0.90625
train pred 0/1 : 16/16 label 0/1 : 15/17
train batch 14: predictions shape=(32, 2), labels shape=(32,)
epoch : 149
batch : 14/39
train accuracy : 0.71875
train pred 0/1 : 10/22 label 0/1 : 15/17
train batch 15: predictions shape=(32, 2), labels shape=(32,)
epoch : 149
batch : 15/39
train accuracy : 0.65625
train pred 0/1 : 20/12 label 0/1 : 21/11
train batch 16: predictions shape=(32, 2), labels shape=(32,)
epoch : 149
batch : 16/39
train accuracy : 0.90625
train pred 0/1 : 14/18 label 0/1 : 11/21
train batch 17: predictions shape=(32, 2), labels shape=(32,)
epoch : 149
batch : 17/39
train accuracy : 0.71875
train pred 0/1 : 15/17 label 0/1 : 16/16
train batch 18: predictions shape=(32, 2), labels shape=(32,)
epoch : 149
batch : 18/39
train accuracy : 0.71875
train pred 0/1 : 16/16 label 0/1 : 19/13
train batch 19: predictions shape=(32, 2), labels shape=(32,)
epoch : 149
batch : 19/39
train accuracy : 0.8125
train pred 0/1 : 17/15 label 0/1 : 17/15
train batch 20: predictions shape=(32, 2), labels shape=(32,)
epoch : 149
batch : 20/39
train accuracy : 0.84375
train pred 0/1 : 16/16 label 0/1 : 17/15
train batch 21: predictions shape=(32, 2), labels shape=(32,)
epoch : 149
batch : 21/39
train accuracy : 0.75
train pred 0/1 : 8/24 label 0/1 : 14/18
train batch 22: predictions shape=(32, 2), labels shape=(32,)
epoch : 149
batch : 22/39
train accuracy : 0.71875
train pred 0/1 : 16/16 label 0/1 : 15/17
train batch 23: predictions shape=(32, 2), labels shape=(32,)
epoch : 149
batch : 23/39
train accuracy : 0.65625
train pred 0/1 : 13/19 label 0/1 : 10/22
train batch 24: predictions shape=(32, 2), labels shape=(32,)
epoch : 149
batch : 24/39
train accuracy : 0.75
train pred 0/1 : 18/14 label 0/1 : 14/18
train batch 25: predictions shape=(32, 2), labels shape=(32,)
epoch : 149
batch : 25/39
train accuracy : 0.625
train pred 0/1 : 18/14 label 0/1 : 14/18
train batch 26: predictions shape=(32, 2), labels shape=(32,)
epoch : 149
batch : 26/39
train accuracy : 0.71875
train pred 0/1 : 16/16 label 0/1 : 13/19
train batch 27: predictions shape=(32, 2), labels shape=(32,)
epoch : 149
batch : 27/39
train accuracy : 0.75
train pred 0/1 : 19/13 label 0/1 : 15/17
train batch 28: predictions shape=(32, 2), labels shape=(32,)
epoch : 149
batch : 28/39
train accuracy : 0.75
train pred 0/1 : 22/10 label 0/1 : 16/16
train batch 29: predictions shape=(32, 2), labels shape=(32,)
epoch : 149
batch : 29/39
train accuracy : 0.6875
train pred 0/1 : 19/13 label 0/1 : 17/15
train batch 30: predictions shape=(32, 2), labels shape=(32,)
epoch : 149
batch : 30/39
train accuracy : 0.75
train pred 0/1 : 12/20 label 0/1 : 10/22
train batch 31: predictions shape=(32, 2), labels shape=(32,)
epoch : 149
batch : 31/39
train accuracy : 0.65625
train pred 0/1 : 18/14 label 0/1 : 17/15
train batch 32: predictions shape=(32, 2), labels shape=(32,)
epoch : 149
batch : 32/39
train accuracy : 0.65625
train pred 0/1 : 15/17 label 0/1 : 14/18
train batch 33: predictions shape=(32, 2), labels shape=(32,)
epoch : 149
batch : 33/39
train accuracy : 0.8125
train pred 0/1 : 15/17 label 0/1 : 15/17
train batch 34: predictions shape=(32, 2), labels shape=(32,)
epoch : 149
batch : 34/39
train accuracy : 0.6875
train pred 0/1 : 15/17 label 0/1 : 17/15
train batch 35: predictions shape=(32, 2), labels shape=(32,)
epoch : 149
batch : 35/39
train accuracy : 0.6875
train pred 0/1 : 17/15 label 0/1 : 19/13
train batch 36: predictions shape=(32, 2), labels shape=(32,)
epoch : 149
batch : 36/39
train accuracy : 0.71875
train pred 0/1 : 15/17 label 0/1 : 16/16
train batch 37: predictions shape=(32, 2), labels shape=(32,)
epoch : 149
batch : 37/39
train accuracy : 0.6875
train pred 0/1 : 12/20 label 0/1 : 14/18
train batch 38: predictions shape=(32, 2), labels shape=(32,)
epoch : 149
batch : 38/39
train accuracy : 0.71875
train pred 0/1 : 14/18 label 0/1 : 13/19
train batch 39: predictions shape=(8, 2), labels shape=(8,)
epoch : 149
batch : 39/39
train accuracy : 0.875
train pred 0/1 : 4/4 label 0/1 : 3/5
VALIDATION
valid batch 1: predictions shape=(32, 2), labels shape=(32,)
valid batch : 1/2
valid accuracy : 0.15625
valid pred 0/1 : 27/5 label 0/1 : 8/24
valid batch 2: predictions shape=(23, 2), labels shape=(23,)
valid batch : 2/2
valid accuracy : 0.21739131212234497
valid pred 0/1 : 19/4 label 0/1 : 5/18
valid epoch balanced_accuracy: 0.304945
EPOCH 150:
train batch 1: predictions shape=(32, 2), labels shape=(32,)
epoch : 150
batch : 1/39
train accuracy : 0.71875
train pred 0/1 : 17/15 label 0/1 : 12/20
train batch 2: predictions shape=(32, 2), labels shape=(32,)
epoch : 150
batch : 2/39
train accuracy : 0.53125
train pred 0/1 : 14/18 label 0/1 : 15/17
train batch 3: predictions shape=(32, 2), labels shape=(32,)
epoch : 150
batch : 3/39
train accuracy : 0.75
train pred 0/1 : 15/17 label 0/1 : 15/17
train batch 4: predictions shape=(32, 2), labels shape=(32,)
epoch : 150
batch : 4/39
train accuracy : 0.78125
train pred 0/1 : 18/14 label 0/1 : 11/21
train batch 5: predictions shape=(32, 2), labels shape=(32,)
epoch : 150
batch : 5/39
train accuracy : 0.6875
train pred 0/1 : 17/15 label 0/1 : 15/17
train batch 6: predictions shape=(32, 2), labels shape=(32,)
epoch : 150
batch : 6/39
train accuracy : 0.46875
train pred 0/1 : 10/22 label 0/1 : 17/15
train batch 7: predictions shape=(32, 2), labels shape=(32,)
epoch : 150
batch : 7/39
train accuracy : 0.5625
train pred 0/1 : 18/14 label 0/1 : 10/22
train batch 8: predictions shape=(32, 2), labels shape=(32,)
epoch : 150
batch : 8/39
train accuracy : 0.8125
train pred 0/1 : 15/17 label 0/1 : 15/17
train batch 9: predictions shape=(32, 2), labels shape=(32,)
epoch : 150
batch : 9/39
train accuracy : 0.78125
train pred 0/1 : 17/15 label 0/1 : 14/18
train batch 10: predictions shape=(32, 2), labels shape=(32,)
epoch : 150
batch : 10/39
train accuracy : 0.71875
train pred 0/1 : 17/15 label 0/1 : 16/16
train batch 11: predictions shape=(32, 2), labels shape=(32,)
epoch : 150
batch : 11/39
train accuracy : 0.84375
train pred 0/1 : 12/20 label 0/1 : 11/21
train batch 12: predictions shape=(32, 2), labels shape=(32,)
epoch : 150
batch : 12/39
train accuracy : 0.6875
train pred 0/1 : 10/22 label 0/1 : 12/20
train batch 13: predictions shape=(32, 2), labels shape=(32,)
epoch : 150
batch : 13/39
train accuracy : 0.8125
train pred 0/1 : 14/18 label 0/1 : 14/18
train batch 14: predictions shape=(32, 2), labels shape=(32,)
epoch : 150
batch : 14/39
train accuracy : 0.84375
train pred 0/1 : 13/19 label 0/1 : 16/16
train batch 15: predictions shape=(32, 2), labels shape=(32,)
epoch : 150
batch : 15/39
train accuracy : 0.71875
train pred 0/1 : 13/19 label 0/1 : 12/20
train batch 16: predictions shape=(32, 2), labels shape=(32,)
epoch : 150
batch : 16/39
train accuracy : 0.71875
train pred 0/1 : 14/18 label 0/1 : 11/21
train batch 17: predictions shape=(32, 2), labels shape=(32,)
epoch : 150
batch : 17/39
train accuracy : 0.84375
train pred 0/1 : 12/20 label 0/1 : 13/19
train batch 18: predictions shape=(32, 2), labels shape=(32,)
epoch : 150
batch : 18/39
train accuracy : 0.78125
train pred 0/1 : 15/17 label 0/1 : 14/18
train batch 19: predictions shape=(32, 2), labels shape=(32,)
epoch : 150
batch : 19/39
train accuracy : 0.75
train pred 0/1 : 14/18 label 0/1 : 16/16
train batch 20: predictions shape=(32, 2), labels shape=(32,)
epoch : 150
batch : 20/39
train accuracy : 0.875
train pred 0/1 : 15/17 label 0/1 : 17/15
train batch 21: predictions shape=(32, 2), labels shape=(32,)
epoch : 150
batch : 21/39
train accuracy : 0.78125
train pred 0/1 : 18/14 label 0/1 : 17/15
train batch 22: predictions shape=(32, 2), labels shape=(32,)
epoch : 150
batch : 22/39
train accuracy : 0.8125
train pred 0/1 : 14/18 label 0/1 : 16/16
train batch 23: predictions shape=(32, 2), labels shape=(32,)
epoch : 150
batch : 23/39
train accuracy : 0.6875
train pred 0/1 : 22/10 label 0/1 : 14/18
train batch 24: predictions shape=(32, 2), labels shape=(32,)
epoch : 150
batch : 24/39
train accuracy : 0.71875
train pred 0/1 : 16/16 label 0/1 : 15/17
train batch 25: predictions shape=(32, 2), labels shape=(32,)
epoch : 150
batch : 25/39
train accuracy : 0.6875
train pred 0/1 : 19/13 label 0/1 : 17/15
train batch 26: predictions shape=(32, 2), labels shape=(32,)
epoch : 150
batch : 26/39
train accuracy : 0.78125
train pred 0/1 : 11/21 label 0/1 : 12/20
train batch 27: predictions shape=(32, 2), labels shape=(32,)
epoch : 150
batch : 27/39
train accuracy : 0.6875
train pred 0/1 : 21/11 label 0/1 : 19/13
train batch 28: predictions shape=(32, 2), labels shape=(32,)
epoch : 150
batch : 28/39
train accuracy : 0.8125
train pred 0/1 : 19/13 label 0/1 : 15/17
train batch 29: predictions shape=(32, 2), labels shape=(32,)
epoch : 150
batch : 29/39
train accuracy : 0.75
train pred 0/1 : 15/17 label 0/1 : 13/19
train batch 30: predictions shape=(32, 2), labels shape=(32,)
epoch : 150
batch : 30/39
train accuracy : 0.71875
train pred 0/1 : 15/17 label 0/1 : 14/18
train batch 31: predictions shape=(32, 2), labels shape=(32,)
epoch : 150
batch : 31/39
train accuracy : 0.71875
train pred 0/1 : 15/17 label 0/1 : 10/22
train batch 32: predictions shape=(32, 2), labels shape=(32,)
epoch : 150
batch : 32/39
train accuracy : 0.78125
train pred 0/1 : 17/15 label 0/1 : 14/18
train batch 33: predictions shape=(32, 2), labels shape=(32,)
epoch : 150
batch : 33/39
train accuracy : 0.8125
train pred 0/1 : 15/17 label 0/1 : 15/17
train batch 34: predictions shape=(32, 2), labels shape=(32,)
epoch : 150
batch : 34/39
train accuracy : 0.84375
train pred 0/1 : 16/16 label 0/1 : 13/19
train batch 35: predictions shape=(32, 2), labels shape=(32,)
epoch : 150
batch : 35/39
train accuracy : 0.75
train pred 0/1 : 19/13 label 0/1 : 17/15
train batch 36: predictions shape=(32, 2), labels shape=(32,)
epoch : 150
batch : 36/39
train accuracy : 0.6875
train pred 0/1 : 18/14 label 0/1 : 20/12
train batch 37: predictions shape=(32, 2), labels shape=(32,)
epoch : 150
batch : 37/39
train accuracy : 0.625
train pred 0/1 : 22/10 label 0/1 : 16/16
train batch 38: predictions shape=(32, 2), labels shape=(32,)
epoch : 150
batch : 38/39
train accuracy : 0.71875
train pred 0/1 : 22/10 label 0/1 : 13/19
train batch 39: predictions shape=(8, 2), labels shape=(8,)
epoch : 150
batch : 39/39
train accuracy : 0.75
train pred 0/1 : 3/5 label 0/1 : 3/5
VALIDATION
valid batch 1: predictions shape=(32, 2), labels shape=(32,)
valid batch : 1/2
valid accuracy : 0.1875
valid pred 0/1 : 30/2 label 0/1 : 6/26
valid batch 2: predictions shape=(23, 2), labels shape=(23,)
valid batch : 2/2
valid accuracy : 0.30434784293174744
valid pred 0/1 : 21/2 label 0/1 : 7/16
valid epoch balanced_accuracy: 0.446886
test batch 1: predictions shape=(32, 2), labels shape=(32,)
test batch 2: predictions shape=(23, 2), labels shape=(23,)
accuracy: 0.309091
sensitivity: 0.051282
precision: 0.666667
specificity: 0.937500
IoU: 0.050000
FAR: 0.062500
F1: 0.095238
balanced_accuracy: 0.494391
loss: 3.630124
