ID1_chainID,ID1_resSeq,ID1_iCode,ID1_serial,ID1_altLoc,ID1_resName,ID1_name,ID2_chainID,ID2_resSeq,ID2_iCode,ID2_serial,ID2_altLoc,ID2_resName,ID2_name,atom_index1,atom_index2,area,boundary,distance,voromqa_energy,seq_sep_class,covalent_bond
A,15,.,.,.,PRO,N,A,15,.,.,.,PRO,CA,0,1,12.6514,4.82181,1.45279,0,0,1
A,15,.,.,.,PRO,N,A,15,.,.,.,PRO,C,0,2,1.52433,1.12376,2.45416,0,0,0
A,15,.,.,.,PRO,N,A,15,.,.,.,PRO,O,0,3,6.51319,3.76029,2.6721,0,0,0
A,15,.,.,.,PRO,N,A,15,.,.,.,PRO,CB,0,4,0.0286907,0,2.2892,0,0,0
A,15,.,.,.,PRO,N,A,15,.,.,.,PRO,CG,0,5,0.114399,0.0138762,2.24737,0,0,0
A,15,.,.,.,PRO,N,A,15,.,.,.,PRO,CD,0,6,18.0094,8.46304,1.39153,0,0,1
A,15,.,.,.,PRO,CA,A,15,.,.,.,PRO,C,1,2,8.89775,1.50378,1.52516,0,0,1
A,15,.,.,.,PRO,CA,A,15,.,.,.,PRO,O,1,3,0.425,0,2.34807,0,0,0
A,15,.,.,.,PRO,CA,A,15,.,.,.,PRO,CB,1,4,11.4551,3.02706,1.52037,0,0,1
A,15,.,.,.,PRO,CA,A,15,.,.,.,PRO,CG,1,5,3.56306,2.19597,2.36709,0,0,0
A,15,.,.,.,PRO,CA,A,15,.,.,.,PRO,CD,1,6,0.186283,0,2.42193,0,0,0
A,15,.,.,.,PRO,CA,A,16,.,.,.,VAL,N,1,7,8.05546,5.23083,2.43424,0,1,0
A,15,.,.,.,PRO,C,A,15,.,.,.,PRO,O,2,3,8.72007,1.67992,1.21324,0,0,1
A,15,.,.,.,PRO,C,A,15,.,.,.,PRO,CB,2,4,1.68316,0,2.50338,0,0,0
A,15,.,.,.,PRO,C,A,16,.,.,.,VAL,N,2,7,9.01909,1.73756,1.33624,0,1,1
A,15,.,.,.,PRO,C,A,16,.,.,.,VAL,CA,2,8,2.16945,0.861393,2.47433,0,1,0
A,15,.,.,.,PRO,C,A,16,.,.,.,VAL,C,2,9,0.615818,0,2.87504,0,1,0
A,15,.,.,.,PRO,C,A,17,.,.,.,LEU,N,2,14,0.62835,0,3.20242,1.35803,2,0
A,15,.,.,.,PRO,C,A,17,.,.,.,LEU,O,2,17,1.53113,0,2.69609,3.75201,2,0
A,15,.,.,.,PRO,C,A,23,.,.,.,GLN,NE2,2,67,0.0202063,0.221011,5.64599,0.00124238,5,0
A,15,.,.,.,PRO,O,A,15,.,.,.,PRO,CB,3,4,0.0792334,0,3.14034,0,0,0
A,15,.,.,.,PRO,O,A,15,.,.,.,PRO,CD,3,6,0.942943,0.25508,3.65411,0,0,0
A,15,.,.,.,PRO,O,A,16,.,.,.,VAL,CA,3,8,2.58515,0,2.85786,0,1,0
A,15,.,.,.,PRO,O,A,16,.,.,.,VAL,C,3,9,1.41619,0,2.83877,0,1,0
A,15,.,.,.,PRO,O,A,16,.,.,.,VAL,O,3,10,1.69615,0.0574422,3.19323,0,1,0
A,15,.,.,.,PRO,O,A,17,.,.,.,LEU,C,3,16,0.304637,0,3.04566,0.474722,2,0
A,15,.,.,.,PRO,O,A,17,.,.,.,LEU,O,3,17,3.82133,0,2.24001,5.05024,2,0
A,15,.,.,.,PRO,O,A,18,.,.,.,GLY,CA,3,23,8.09563,4.3062,3.47206,-2.35253,3,0
A,15,.,.,.,PRO,O,A,23,.,.,.,GLN,NE2,3,67,2.61103,3.37387,5.1652,1.36228,5,0
A,15,.,.,.,PRO,CB,A,15,.,.,.,PRO,CG,4,5,19.162,7.6361,1.50535,0,0,1
A,15,.,.,.,PRO,CB,A,15,.,.,.,PRO,CD,4,6,1.8496,0,2.3884,0,0,0
A,15,.,.,.,PRO,CB,A,16,.,.,.,VAL,N,4,7,2.30166,0.550337,3.28077,0,1,0
A,15,.,.,.,PRO,CB,A,16,.,.,.,VAL,CG1,4,12,1.1667,1.73743,5.31262,0,1,0
A,15,.,.,.,PRO,CB,A,17,.,.,.,LEU,N,4,14,0.917325,0,4.25124,0.792891,2,0
A,15,.,.,.,PRO,CB,A,17,.,.,.,LEU,O,4,17,6.41612,0.12608,3.12877,0.228029,2,0
A,15,.,.,.,PRO,CB,A,17,.,.,.,LEU,CB,4,18,6.73022,1.86345,4.47105,-3.22891,2,0
A,15,.,.,.,PRO,CB,A,17,.,.,.,LEU,CD1,4,20,2.66808,0.977858,5.36915,-0.569174,2,0
A,15,.,.,.,PRO,CB,A,167,.,.,.,ILE,CG2,4,1253,2.769,3.8283,6.1691,-2.17484,5,0
A,15,.,.,.,PRO,CG,A,15,.,.,.,PRO,CD,5,6,20.7574,10.613,1.5117,0,0,1
A,15,.,.,.,PRO,CG,A,17,.,.,.,LEU,O,5,17,0.237107,0.77488,4.14323,0.0219655,2,0
A,15,.,.,.,PRO,CG,A,17,.,.,.,LEU,CD1,5,20,0.262276,1.66289,6.06183,-0.113693,2,0
A,15,.,.,.,PRO,CD,A,17,.,.,.,LEU,O,6,17,2.25644,1.11055,4.22006,1.68951,2,0
A,15,.,.,.,PRO,CD,A,18,.,.,.,GLY,CA,6,23,1.07321,0.477333,5.72947,0.297397,3,0
A,15,.,.,.,PRO,CD,A,19,.,.,.,ARG,N,6,26,1.3965,1.87774,6.08131,1.57718,4,0
A,15,.,.,.,PRO,CD,A,19,.,.,.,ARG,CG,6,31,2.75601,3.67143,6.33428,0.371449,4,0
A,15,.,.,.,PRO,CD,A,19,.,.,.,ARG,NE,6,33,1.91583,3.80218,6.1169,0.651884,4,0
A,16,.,.,.,VAL,N,A,16,.,.,.,VAL,CA,7,8,8.68489,0.991564,1.48687,0,0,1
A,16,.,.,.,VAL,N,A,16,.,.,.,VAL,C,7,9,0.190091,0,2.39867,0,0,0
A,16,.,.,.,VAL,N,A,16,.,.,.,VAL,CB,7,11,3.96743,0.684931,2.48831,0,0,0
A,16,.,.,.,VAL,N,A,16,.,.,.,VAL,CG1,7,12,5.00385,2.12393,3.01233,0,0,0
A,16,.,.,.,VAL,N,A,17,.,.,.,LEU,N,7,14,1.86453,0,2.76338,0,1,0
A,16,.,.,.,VAL,N,A,29,.,.,.,ASP,OD2,7,114,4.83453,4.86308,4.51347,5.66607,5,0
A,16,.,.,.,VAL,CA,A,16,.,.,.,VAL,C,8,9,5.64797,0,1.51596,0,0,1
A,16,.,.,.,VAL,CA,A,16,.,.,.,VAL,O,8,10,3.28302,0,2.35104,0,0,0
A,16,.,.,.,VAL,CA,A,16,.,.,.,VAL,CB,8,11,8.84586,0,1.53092,0,0,1
A,16,.,.,.,VAL,CA,A,16,.,.,.,VAL,CG1,8,12,0.344314,0,2.52845,0,0,0
A,16,.,.,.,VAL,CA,A,16,.,.,.,VAL,CG2,8,13,3.7684,0,2.51025,0,0,0
A,16,.,.,.,VAL,CA,A,17,.,.,.,LEU,N,8,14,0.526456,0,2.38257,0,1,0
A,16,.,.,.,VAL,CA,A,23,.,.,.,GLN,CB,8,63,0.00416403,0,5.62764,0.00422308,5,0
A,16,.,.,.,VAL,CA,A,23,.,.,.,GLN,NE2,8,67,7.42375,2.30921,4.66483,5.69006,5,0
A,16,.,.,.,VAL,CA,A,29,.,.,.,ASP,CG,8,112,4.45608e-05,0,4.95705,1.88661e-05,5,0
A,16,.,.,.,VAL,CA,A,29,.,.,.,ASP,OD1,8,113,0.599782,0.178083,4.94412,0.703358,5,0
A,16,.,.,.,VAL,CA,A,29,.,.,.,ASP,OD2,8,114,1.94926,1.39116,4.55084,2.28587,5,0
A,16,.,.,.,VAL,C,A,16,.,.,.,VAL,O,9,10,7.04643,0,1.23827,0,0,1
A,16,.,.,.,VAL,C,A,16,.,.,.,VAL,CB,9,11,1.04348,0,2.47792,0,0,0
A,16,.,.,.,VAL,C,A,16,.,.,.,VAL,CG1,9,12,0.166851,0,2.88758,0,0,0
A,16,.,.,.,VAL,C,A,16,.,.,.,VAL,CG2,9,13,1.59824,0,3.06777,0,0,0
A,16,.,.,.,VAL,C,A,17,.,.,.,LEU,N,9,14,5.63252,0,1.32179,0,1,1
A,16,.,.,.,VAL,C,A,17,.,.,.,LEU,CA,9,15,1.16629,0,2.36791,0,1,0
A,16,.,.,.,VAL,C,A,17,.,.,.,LEU,C,9,16,1.65866,0,2.53537,0,1,0
A,16,.,.,.,VAL,C,A,17,.,.,.,LEU,O,9,17,0.234647,0,2.85714,0,1,0
A,16,.,.,.,VAL,C,A,148,.,.,.,TYR,CE1,9,1097,0.28582,0,4.32581,0.118799,5,0
A,16,.,.,.,VAL,C,A,148,.,.,.,TYR,CE2,9,1098,0.0340949,0,4.48387,-0.0104745,5,0
A,16,.,.,.,VAL,C,A,148,.,.,.,TYR,CZ,9,1099,0.667184,0,4.28706,0.9976,5,0
A,16,.,.,.,VAL,O,A,16,.,.,.,VAL,CG2,10,13,2.31662,0,3.43555,0,0,0
A,16,.,.,.,VAL,O,A,17,.,.,.,LEU,CA,10,15,1.51987,0,2.79547,0,1,0
A,16,.,.,.,VAL,O,A,17,.,.,.,LEU,C,10,16,0.999955,0,2.64614,0,1,0
A,16,.,.,.,VAL,O,A,18,.,.,.,GLY,N,10,22,4.05859,0.108968,2.86983,1.35337,2,0
A,16,.,.,.,VAL,O,A,18,.,.,.,GLY,CA,10,23,4.23111,1.14896,3.50186,0.0897364,2,0
A,16,.,.,.,VAL,O,A,21,.,.,.,SER,O,10,49,4.46891,0.302083,4.49097,2.23608,5,0
A,16,.,.,.,VAL,O,A,22,.,.,.,VAL,CA,10,53,0.331801,0.0463507,5.59647,0.013852,5,0
A,16,.,.,.,VAL,O,A,23,.,.,.,GLN,N,10,59,1.2435,0,4.9371,-1.32046,5,0
A,16,.,.,.,VAL,O,A,23,.,.,.,GLN,CB,10,63,1.88973,0,4.95848,0.680232,5,0
A,16,.,.,.,VAL,O,A,23,.,.,.,GLN,CG,10,64,0.864733,0,5.05401,0.197806,5,0
A,16,.,.,.,VAL,O,A,23,.,.,.,GLN,NE2,10,67,3.62103,1.21195,4.54787,-0.974448,5,0
A,16,.,.,.,VAL,O,A,148,.,.,.,TYR,CE1,10,1097,2.6946,0.144816,4.04779,-0.541784,5,0
A,16,.,.,.,VAL,O,A,148,.,.,.,TYR,CZ,10,1099,1.35336,0,4.02,1.67442,5,0
A,16,.,.,.,VAL,O,A,148,.,.,.,TYR,OH,10,1100,1.96193,0,4.11937,0.068412,5,0
A,16,.,.,.,VAL,CB,A,16,.,.,.,VAL,CG1,11,12,14.1164,1.96819,1.51857,0,0,1
A,16,.,.,.,VAL,CB,A,16,.,.,.,VAL,CG2,11,13,12.1174,0,1.51383,0,0,1
A,16,.,.,.,VAL,CB,A,17,.,.,.,LEU,N,11,14,0.00359201,0,2.91569,0,1,0
A,16,.,.,.,VAL,CB,A,29,.,.,.,ASP,CB,11,111,3.12576,0.590542,5.01038,-0.208771,5,0
A,16,.,.,.,VAL,CB,A,29,.,.,.,ASP,CG,11,112,3.57554,0,4.27315,0.48007,5,0
A,16,.,.,.,VAL,CB,A,29,.,.,.,ASP,OD1,11,113,0.659527,0,4.35213,0.0695676,5,0
A,16,.,.,.,VAL,CB,A,29,.,.,.,ASP,OD2,11,114,4.75805,1.45099,4.13638,2.6729,5,0
A,16,.,.,.,VAL,CB,A,146,.,.,.,MET,CE,11,1080,0.200884,0,6.30694,-0.203879,5,0
A,16,.,.,.,VAL,CG1,A,16,.,.,.,VAL,CG2,12,13,4.23041,0,2.51208,0,0,0
A,16,.,.,.,VAL,CG1,A,17,.,.,.,LEU,N,12,14,6.82718,0,2.5941,0,1,0
A,16,.,.,.,VAL,CG1,A,17,.,.,.,LEU,CB,12,18,3.49997,0.795304,4.19589,0,1,0
A,16,.,.,.,VAL,CG1,A,25,.,.,.,PRO,CG,12,80,0.285686,0.623076,5.88574,-0.107481,5,0
A,16,.,.,.,VAL,CG1,A,29,.,.,.,ASP,CB,12,111,0.504696,1.59843,5.71615,0.268931,5,0
A,16,.,.,.,VAL,CG1,A,146,.,.,.,MET,SD,12,1079,0.794776,2.25791,6.52635,-1.34169,5,0
A,16,.,.,.,VAL,CG1,A,146,.,.,.,MET,CE,12,1080,2.04918,1.65954,6.18458,-3.1481,5,0
A,16,.,.,.,VAL,CG1,A,147,.,.,.,ASN,O,12,1084,0.168487,1.03099,5.9172,0.100954,5,0
A,16,.,.,.,VAL,CG1,A,148,.,.,.,TYR,CB,12,1093,4.24171,0.297266,4.51151,-2.17861,5,0
A,16,.,.,.,VAL,CG1,A,148,.,.,.,TYR,CG,12,1094,0.689228,0,4.04542,-1.54837,5,0
A,16,.,.,.,VAL,CG1,A,148,.,.,.,TYR,CD2,12,1096,8.36905,2.43363,3.58684,-10.7325,5,0
A,16,.,.,.,VAL,CG1,A,148,.,.,.,TYR,CE2,12,1098,0.26014,0,3.9118,-0.216058,5,0
A,16,.,.,.,VAL,CG1,A,167,.,.,.,ILE,O,12,1250,0.726042,0,5.24267,-0.0312348,5,0
A,16,.,.,.,VAL,CG1,A,168,.,.,.,GLN,CB,12,1259,5.21358,2.44569,5.77074,-3.38902,5,0
A,16,.,.,.,VAL,CG1,A,168,.,.,.,GLN,CG,12,1260,0.957591,1.4062,6.03302,-0.067279,5,0
A,16,.,.,.,VAL,CG1,A,168,.,.,.,GLN,NE2,12,1263,2.86818,4.18902,5.94122,-0.443386,5,0
A,16,.,.,.,VAL,CG2,A,23,.,.,.,GLN,O,13,62,4.02715,0,4.0155,0.684653,5,0
A,16,.,.,.,VAL,CG2,A,23,.,.,.,GLN,CB,13,63,6.25487,0,4.7604,-4.35028,5,0
A,16,.,.,.,VAL,CG2,A,23,.,.,.,GLN,NE2,13,67,1.40135,0,5.12466,-0.159238,5,0
A,16,.,.,.,VAL,CG2,A,24,.,.,.,VAL,C,13,70,0.11437,0,5.27683,-0.0883178,5,0
A,16,.,.,.,VAL,CG2,A,25,.,.,.,PRO,N,13,75,0.317831,0,4.81463,-0.20692,5,0
A,16,.,.,.,VAL,CG2,A,25,.,.,.,PRO,CA,13,76,4.15463,0,4.61152,-0.437691,5,0
A,16,.,.,.,VAL,CG2,A,25,.,.,.,PRO,CB,13,79,1.28356,0,4.81398,-0.170914,5,0
A,16,.,.,.,VAL,CG2,A,25,.,.,.,PRO,CG,13,80,5.96429,0,4.46965,-4.74292,5,0
A,16,.,.,.,VAL,CG2,A,25,.,.,.,PRO,CD,13,81,0.485008,0,4.92342,0.12651,5,0
A,16,.,.,.,VAL,CG2,A,29,.,.,.,ASP,CB,13,111,0.763001,0,5.1166,0.395907,5,0
A,16,.,.,.,VAL,CG2,A,29,.,.,.,ASP,CG,13,112,0.974524,0,4.43719,-0.253306,5,0
A,16,.,.,.,VAL,CG2,A,29,.,.,.,ASP,OD1,13,113,4.74856,0,4.14955,3.30647,5,0
A,16,.,.,.,VAL,CG2,A,146,.,.,.,MET,CE,13,1080,0.254711,0,6.07277,-0.121245,5,0
A,16,.,.,.,VAL,CG2,A,148,.,.,.,TYR,CD2,13,1096,0.690005,0,3.80162,-0.700251,5,0
A,16,.,.,.,VAL,CG2,A,148,.,.,.,TYR,CE2,13,1098,7.45167,0,3.19742,-9.24595,5,0
A,16,.,.,.,VAL,CG2,A,148,.,.,.,TYR,CZ,13,1099,1.72137,0,3.71546,-2.75719,5,0
A,16,.,.,.,VAL,CG2,A,148,.,.,.,TYR,OH,13,1100,1.60887,0,3.94181,-0.946634,5,0
A,17,.,.,.,LEU,N,A,17,.,.,.,LEU,CA,14,15,6.21702,0,1.46019,0,0,1
A,17,.,.,.,LEU,N,A,17,.,.,.,LEU,C,14,16,0.46472,0,2.24458,0,0,0
A,17,.,.,.,LEU,N,A,17,.,.,.,LEU,O,14,17,0.968582,0,2.61547,0,0,0
A,17,.,.,.,LEU,N,A,17,.,.,.,LEU,CB,14,18,4.435,0,2.33207,0,0,0
A,17,.,.,.,LEU,N,A,148,.,.,.,TYR,CG,14,1094,0.555051,0,4.0887,0.982652,5,0
A,17,.,.,.,LEU,N,A,148,.,.,.,TYR,CD1,14,1095,0.257215,0,4.01436,0.0503237,5,0
A,17,.,.,.,LEU,N,A,148,.,.,.,TYR,CD2,14,1096,0.136136,0,4.33052,0.0266348,5,0
A,17,.,.,.,LEU,N,A,148,.,.,.,TYR,CE1,14,1097,0.231417,0,4.1887,0.00860163,5,0
A,17,.,.,.,LEU,N,A,148,.,.,.,TYR,CE2,14,1098,0.0981333,0,4.49387,0.0347925,5,0
A,17,.,.,.,LEU,N,A,148,.,.,.,TYR,CZ,14,1099,0.065442,0,4.42451,-0.00741994,5,0
A,17,.,.,.,LEU,CA,A,17,.,.,.,LEU,C,15,16,5.72444,0,1.53531,0,0,1
A,17,.,.,.,LEU,CA,A,17,.,.,.,LEU,O,15,17,0.21789,0,2.39964,0,0,0
A,17,.,.,.,LEU,CA,A,17,.,.,.,LEU,CB,15,18,7.37791,0,1.5308,0,0,1
A,17,.,.,.,LEU,CA,A,17,.,.,.,LEU,CG,15,19,1.14958,0,2.66745,0,0,0
A,17,.,.,.,LEU,CA,A,17,.,.,.,LEU,CD1,15,20,0.318723,0,3.3521,0,0,0
A,17,.,.,.,LEU,CA,A,17,.,.,.,LEU,CD2,15,21,3.62797,0,3.19292,0,0,0
A,17,.,.,.,LEU,CA,A,18,.,.,.,GLY,N,15,22,4.86225,0,2.46553,0,1,0
A,17,.,.,.,LEU,CA,A,148,.,.,.,TYR,CG,15,1094,0.372837,0,4.04673,-0.342107,5,0
A,17,.,.,.,LEU,CA,A,148,.,.,.,TYR,CD1,15,1095,3.78785,0,3.60263,-0.82399,5,0
A,17,.,.,.,LEU,CA,A,148,.,.,.,TYR,CE1,15,1097,3.69314,0,3.90398,-0.637502,5,0
A,17,.,.,.,LEU,C,A,17,.,.,.,LEU,O,16,17,6.58766,0,1.24167,0,0,1
A,17,.,.,.,LEU,C,A,17,.,.,.,LEU,CB,16,18,0.796777,0,2.57252,0,0,0
A,17,.,.,.,LEU,C,A,17,.,.,.,LEU,CD1,16,20,2.82235,0,3.4786,0,0,0
A,17,.,.,.,LEU,C,A,18,.,.,.,GLY,N,16,22,6.57291,0,1.32384,0,1,1
A,17,.,.,.,LEU,C,A,18,.,.,.,GLY,CA,16,23,2.17285,0,2.35504,0,1,0
A,17,.,.,.,LEU,O,A,17,.,.,.,LEU,CB,17,18,1.80808,0,2.9871,0,0,0
A,17,.,.,.,LEU,O,A,17,.,.,.,LEU,CD1,17,20,3.27683,1.51659,3.77671,0,0,0
A,17,.,.,.,LEU,O,A,18,.,.,.,GLY,CA,17,23,5.93472,1.60478,2.61844,0,1,0
A,17,.,.,.,LEU,CB,A,17,.,.,.,LEU,CG,18,19,9.48141,0,1.52243,0,0,1
A,17,.,.,.,LEU,CB,A,17,.,.,.,LEU,CD1,18,20,3.17496,0,2.52357,0,0,0
A,17,.,.,.,LEU,CB,A,17,.,.,.,LEU,CD2,18,21,1.21072,0,2.55387,0,0,0
A,17,.,.,.,LEU,CB,A,148,.,.,.,TYR,CB,18,1093,2.82369,0,4.16051,-3.50426,5,0
A,17,.,.,.,LEU,CB,A,148,.,.,.,TYR,CG,18,1094,0.202377,0,4.22911,-0.218826,5,0
A,17,.,.,.,LEU,CB,A,148,.,.,.,TYR,CD1,18,1095,0.244994,0,4.0721,-0.209948,5,0
A,17,.,.,.,LEU,CB,A,167,.,.,.,ILE,O,18,1250,6.45516,0.815083,3.23131,-0.350776,5,0
A,17,.,.,.,LEU,CB,A,167,.,.,.,ILE,CG2,18,1253,1.90979,0.538326,4.64183,-1.22955,5,0
A,17,.,.,.,LEU,CB,A,168,.,.,.,GLN,CB,18,1259,0.155072,0.823341,5.7752,0.0493807,5,0
A,17,.,.,.,LEU,CG,A,17,.,.,.,LEU,CD1,19,20,11.1742,0,1.51891,0,0,1
A,17,.,.,.,LEU,CG,A,17,.,.,.,LEU,CD2,19,21,10.5476,0,1.51639,0,0,1
A,17,.,.,.,LEU,CG,A,148,.,.,.,TYR,CB,19,1093,0.0605057,0,4.4349,-0.0630947,5,0
A,17,.,.,.,LEU,CG,A,167,.,.,.,ILE,CA,19,1248,3.10233,0,3.84414,1.97329,5,0
A,17,.,.,.,LEU,CG,A,167,.,.,.,ILE,O,19,1250,3.37729,0,3.11195,0.274548,5,0
A,17,.,.,.,LEU,CG,A,167,.,.,.,ILE,CB,19,1251,0.122211,0,4.43751,-0.139955,5,0
A,17,.,.,.,LEU,CG,A,167,.,.,.,ILE,CG1,19,1252,0.224292,0,4.96925,-0.351157,5,0
A,17,.,.,.,LEU,CG,A,167,.,.,.,ILE,CG2,19,1253,3.65679,0,3.97527,-4.57428,5,0
A,17,.,.,.,LEU,CD1,A,17,.,.,.,LEU,CD2,20,21,5.81044,0,2.52892,0,0,0
A,17,.,.,.,LEU,CD1,A,18,.,.,.,GLY,N,20,22,3.14668,0,3.95056,0,1,0
A,17,.,.,.,LEU,CD1,A,18,.,.,.,GLY,CA,20,23,0.361233,0.0501835,4.91269,0,1,0
A,17,.,.,.,LEU,CD1,A,18,.,.,.,GLY,C,20,24,0.919368,1.2224,5.1725,0,1,0
A,17,.,.,.,LEU,CD1,A,18,.,.,.,GLY,O,20,25,5.08359,2.77508,4.76799,0,1,0
A,17,.,.,.,LEU,CD1,A,165,.,.,.,VAL,CG1,20,1239,0.575377,0,5.88371,-0.359674,5,0
A,17,.,.,.,LEU,CD1,A,167,.,.,.,ILE,CB,20,1251,0.0147028,0,4.77942,-0.020447,5,0
A,17,.,.,.,LEU,CD1,A,167,.,.,.,ILE,CG1,20,1252,2.36744,0,4.9633,-3.06379,5,0
A,17,.,.,.,LEU,CD1,A,167,.,.,.,ILE,CG2,20,1253,8.19477,3.65952,4.12256,-16.3113,5,0
A,17,.,.,.,LEU,CD1,A,254,.,.,.,VAL,CG1,20,1949,0.297408,0,6.26701,-0.185913,5,0
A,17,.,.,.,LEU,CD1,A,255,.,.,.,GLN,O,20,1954,4.84589,0,4.40424,0.514531,5,0
A,17,.,.,.,LEU,CD1,A,256,.,.,.,HIS,CA,20,1961,2.3123,1.88016,5.65203,0.552361,5,0
A,17,.,.,.,LEU,CD1,A,257,.,.,.,ALA,N,20,1970,4.23615,1.37356,5.22045,0.0116601,5,0
A,17,.,.,.,LEU,CD1,A,257,.,.,.,ALA,CB,20,1974,4.68236,2.39692,5.49512,-7.26168,5,0
A,17,.,.,.,LEU,CD2,A,18,.,.,.,GLY,N,21,22,1.74845,1.08674,4.53856,0,1,0
A,17,.,.,.,LEU,CD2,A,148,.,.,.,TYR,CB,21,1093,3.3306,0,3.89372,-5.01032,5,0
A,17,.,.,.,LEU,CD2,A,148,.,.,.,TYR,CD1,21,1095,5.39383,0,3.62391,-7.60002,5,0
A,17,.,.,.,LEU,CD2,A,148,.,.,.,TYR,CE1,21,1097,0.408333,0.783396,4.58769,-0.396642,5,0
A,17,.,.,.,LEU,CD2,A,149,.,.,.,SER,N,21,1101,2.52989,0,4.13083,1.85219,5,0
A,17,.,.,.,LEU,CD2,A,149,.,.,.,SER,CA,21,1102,0.0429076,0,4.84046,0.00511549,5,0
A,17,.,.,.,LEU,CD2,A,149,.,.,.,SER,O,21,1104,5.75693,0.511791,3.90504,0.431973,5,0
A,17,.,.,.,LEU,CD2,A,149,.,.,.,SER,CB,21,1105,2.00029,0,4.97704,-1.51641,5,0
A,17,.,.,.,LEU,CD2,A,165,.,.,.,VAL,CG1,21,1239,4.7595,0,4.97453,-8.81939,5,0
A,17,.,.,.,LEU,CD2,A,166,.,.,.,SER,O,21,1244,3.82309,0,3.76294,0.286867,5,0
A,17,.,.,.,LEU,CD2,A,167,.,.,.,ILE,CA,21,1248,2.63467,0,4.07154,-0.597997,5,0
A,17,.,.,.,LEU,CD2,A,167,.,.,.,ILE,O,21,1250,0.640899,0,3.62443,0.353424,5,0
A,17,.,.,.,LEU,CD2,A,167,.,.,.,ILE,CG1,21,1252,0.0606535,0,5.37736,-0.0771634,5,0
A,17,.,.,.,LEU,CD2,A,254,.,.,.,VAL,CG1,21,1949,0.507482,0.513631,6.33607,-0.323186,5,0
A,17,.,.,.,LEU,CD2,A,255,.,.,.,GLN,N,21,1951,0.63345,0.853061,5.66209,0.394336,5,0
A,17,.,.,.,LEU,CD2,A,255,.,.,.,GLN,O,21,1954,9.02714,0,3.87676,1.24587,5,0
A,17,.,.,.,LEU,CD2,A,255,.,.,.,GLN,CB,21,1955,0.130843,0,5.50975,0.0101335,5,0
A,18,.,.,.,GLY,N,A,18,.,.,.,GLY,CA,22,23,10.3205,0,1.47665,0,0,1
A,18,.,.,.,GLY,N,A,18,.,.,.,GLY,C,22,24,0.0432977,0,2.54313,0,0,0
A,18,.,.,.,GLY,N,A,18,.,.,.,GLY,O,22,25,4.2637,0,2.80376,0,0,0
A,18,.,.,.,GLY,N,A,21,.,.,.,SER,O,22,49,1.34373,0.626485,4.78389,0.38291,3,0
A,18,.,.,.,GLY,N,A,148,.,.,.,TYR,CE1,22,1097,2.28559,2.89461,4.9684,-0.994433,5,0
A,18,.,.,.,GLY,N,A,254,.,.,.,VAL,CG1,22,1949,2.42555,1.06242,5.01855,0.100283,5,0
A,18,.,.,.,GLY,N,A,254,.,.,.,VAL,CG2,22,1950,3.79514,2.21349,4.92535,1.90443,5,0
A,18,.,.,.,GLY,CA,A,18,.,.,.,GLY,C,23,24,12.4759,0.860321,1.50082,0,0,1
A,18,.,.,.,GLY,CA,A,18,.,.,.,GLY,O,23,25,0.587662,0,2.3541,0,0,0
A,18,.,.,.,GLY,CA,A,19,.,.,.,ARG,N,23,26,9.344,3.83601,2.39337,0,1,0
A,18,.,.,.,GLY,CA,A,19,.,.,.,ARG,CG,23,31,0.0366802,0.514898,5.09738,0,1,0
A,18,.,.,.,GLY,CA,A,20,.,.,.,GLU,N,23,37,2.1389,1.34477,4.11277,2.33283,2,0
A,18,.,.,.,GLY,CA,A,21,.,.,.,SER,N,23,46,1.60657,0.482223,5.00672,1.14556,3,0
A,18,.,.,.,GLY,CA,A,21,.,.,.,SER,O,23,49,5.69263,1.70908,4.55615,-1.89632,3,0
A,18,.,.,.,GLY,CA,A,254,.,.,.,VAL,CG2,23,1950,1.59626,0,4.94434,0.682562,5,0
A,18,.,.,.,GLY,C,A,18,.,.,.,GLY,O,24,25,9.67647,0.0290079,1.21094,0,0,1
A,18,.,.,.,GLY,C,A,19,.,.,.,ARG,N,24,26,7.31017,0,1.31739,0,1,1
A,18,.,.,.,GLY,C,A,19,.,.,.,ARG,CA,24,27,1.72053,0,2.35387,0,1,0
A,18,.,.,.,GLY,C,A,19,.,.,.,ARG,C,24,28,0.644874,0,3.09892,0,1,0
A,18,.,.,.,GLY,C,A,19,.,.,.,ARG,CG,24,31,2.27493,1.85128,3.97003,0,1,0
A,18,.,.,.,GLY,C,A,20,.,.,.,GLU,N,24,37,2.28851,0,3.23224,2.45443,2,0
A,18,.,.,.,GLY,C,A,21,.,.,.,SER,N,24,46,0.226156,0,4.77564,0.0933191,3,0
A,18,.,.,.,GLY,C,A,254,.,.,.,VAL,CG2,24,1950,1.46865,0,4.54517,-0.88128,5,0
A,18,.,.,.,GLY,O,A,19,.,.,.,ARG,CA,25,27,4.4556,0,2.63464,0,1,0
A,18,.,.,.,GLY,O,A,19,.,.,.,ARG,C,25,28,0.720199,0,3.34299,0,1,0
A,18,.,.,.,GLY,O,A,19,.,.,.,ARG,CG,25,31,2.02084,1.63773,4.13504,0,1,0
A,18,.,.,.,GLY,O,A,254,.,.,.,VAL,CG1,25,1949,9.30049,0,3.38945,-2.12562,5,0
A,18,.,.,.,GLY,O,A,254,.,.,.,VAL,CG2,25,1950,1.82607,0,4.02802,-0.237968,5,0
A,18,.,.,.,GLY,O,A,255,.,.,.,GLN,O,25,1954,0.000547898,0,5.46801,0.00043878,5,0
A,18,.,.,.,GLY,O,A,256,.,.,.,HIS,CA,25,1961,0.150871,0.189187,5.80332,0.0406433,5,0
A,18,.,.,.,GLY,O,A,256,.,.,.,HIS,ND1,25,1966,3.57778,1.71679,4.16881,-0.518749,5,0
A,18,.,.,.,GLY,O,A,256,.,.,.,HIS,CE1,25,1968,1.40186,0,4.09021,-0.58707,5,0
A,19,.,.,.,ARG,N,A,19,.,.,.,ARG,CA,26,27,6.49397,0,1.47402,0,0,1
A,19,.,.,.,ARG,N,A,19,.,.,.,ARG,C,26,28,0.0552844,0,2.40369,0,0,0
A,19,.,.,.,ARG,N,A,19,.,.,.,ARG,CB,26,30,4.63101,2.68861,2.51669,0,0,0
A,19,.,.,.,ARG,N,A,19,.,.,.,ARG,CG,26,31,5.06519,1.67763,3.16735,0,0,0
A,19,.,.,.,ARG,N,A,20,.,.,.,GLU,N,26,37,6.45778,1.96689,2.62744,0,1,0
A,19,.,.,.,ARG,N,A,20,.,.,.,GLU,CG,26,42,0.18623,0.849539,4.99376,0,1,0
A,19,.,.,.,ARG,CA,A,19,.,.,.,ARG,C,27,28,8.19854,0,1.527,0,0,1
A,19,.,.,.,ARG,CA,A,19,.,.,.,ARG,O,27,29,2.08162,0,2.34668,0,0,0
A,19,.,.,.,ARG,CA,A,19,.,.,.,ARG,CB,27,30,10.2399,0,1.53706,0,0,1
A,19,.,.,.,ARG,CA,A,19,.,.,.,ARG,CG,27,31,3.63585,0,2.58207,0,0,0
A,19,.,.,.,ARG,CA,A,20,.,.,.,GLU,N,27,37,1.0292,0,2.47295,0,1,0
A,19,.,.,.,ARG,CA,A,254,.,.,.,VAL,CG1,27,1949,0.00609384,0,5.16524,0.00174808,5,0
A,19,.,.,.,ARG,CA,A,256,.,.,.,HIS,ND1,27,1966,0.129867,0,4.73268,-0.0185075,5,0
A,19,.,.,.,ARG,CA,A,256,.,.,.,HIS,CE1,27,1968,4.28341,0,4.19235,0.821152,5,0
A,19,.,.,.,ARG,C,A,19,.,.,.,ARG,O,28,29,9.73725,0.0572327,1.23043,0,0,1
A,19,.,.,.,ARG,C,A,19,.,.,.,ARG,CB,28,30,3.214,0.056991,2.62912,0,0,0
A,19,.,.,.,ARG,C,A,20,.,.,.,GLU,N,28,37,7.59917,0,1.34067,0,1,1
A,19,.,.,.,ARG,C,A,20,.,.,.,GLU,CA,28,38,2.23298,0,2.39663,0,1,0
A,19,.,.,.,ARG,C,A,20,.,.,.,GLU,C,28,39,0.223554,0,3.44698,0,1,0
A,19,.,.,.,ARG,C,A,20,.,.,.,GLU,CG,28,42,2.70338,0.0615893,3.66987,0,1,0
A,19,.,.,.,ARG,C,A,254,.,.,.,VAL,CG1,28,1949,0.645268,0,5.09713,-0.366431,5,0
A,19,.,.,.,ARG,C,A,254,.,.,.,VAL,CG2,28,1950,1.22781,0,4.94858,0.315322,5,0
A,19,.,.,.,ARG,C,A,256,.,.,.,HIS,CE1,28,1968,0.101875,0,4.40004,-0.00282571,5,0
A,19,.,.,.,ARG,O,A,19,.,.,.,ARG,CB,29,30,4.56143,3.66028,3.15252,0,0,0
A,19,.,.,.,ARG,O,A,20,.,.,.,GLU,CA,29,38,7.4266,2.6455,2.70512,0,1,0
A,19,.,.,.,ARG,O,A,20,.,.,.,GLU,C,29,39,0.466944,0,3.62699,0,1,0
A,19,.,.,.,ARG,O,A,20,.,.,.,GLU,O,29,40,1.8758,2.48728,3.95583,0,1,0
A,19,.,.,.,ARG,O,A,20,.,.,.,GLU,CG,29,42,1.45606,2.15613,4.0878,0,1,0
A,19,.,.,.,ARG,O,A,254,.,.,.,VAL,CB,29,1948,0.968557,0.839429,5.34638,-0.689631,5,0
A,19,.,.,.,ARG,O,A,254,.,.,.,VAL,CG1,29,1949,0.652771,0,4.99753,-0.0513178,5,0
A,19,.,.,.,ARG,O,A,254,.,.,.,VAL,CG2,29,1950,0.499016,0,5.05801,0.181399,5,0
A,19,.,.,.,ARG,O,A,256,.,.,.,HIS,CE1,29,1968,8.39174,2.40724,3.8037,-1.3884,5,0
A,19,.,.,.,ARG,O,A,256,.,.,.,HIS,NE2,29,1969,1.2545,2.991,4.45456,-0.0048134,5,0
A,19,.,.,.,ARG,CB,A,19,.,.,.,ARG,CG,30,31,13.1965,1.60574,1.52695,0,0,1
A,19,.,.,.,ARG,CB,A,19,.,.,.,ARG,CD,30,32,7.6886,3.44535,2.58909,0,0,0
A,19,.,.,.,ARG,CB,A,19,.,.,.,ARG,NE,30,33,1.65479,1.35659,3.45707,0,0,0
A,19,.,.,.,ARG,CB,A,19,.,.,.,ARG,CZ,30,34,1.47358,2.09546,4.3988,0,0,0
A,19,.,.,.,ARG,CB,A,19,.,.,.,ARG,NH2,30,36,1.0616,2.2693,4.68867,0,0,0
A,19,.,.,.,ARG,CB,A,20,.,.,.,GLU,N,30,37,0.110758,0,3.59459,0,1,0
A,19,.,.,.,ARG,CB,A,20,.,.,.,GLU,CG,30,42,5.10494,5.2448,4.99663,0,1,0
A,19,.,.,.,ARG,CB,A,256,.,.,.,HIS,CE1,30,1968,1.94594,1.434,4.77635,-0.159499,5,0
A,19,.,.,.,ARG,CG,A,19,.,.,.,ARG,CD,31,32,18.3605,7.8746,1.52484,0,0,1
A,19,.,.,.,ARG,CG,A,19,.,.,.,ARG,NE,31,33,6.57534,3.47975,2.5218,0,0,0
A,19,.,.,.,ARG,CG,A,256,.,.,.,HIS,ND1,31,1966,4.59015,4.18322,5.03157,-2.92238,5,0
A,19,.,.,.,ARG,CG,A,256,.,.,.,HIS,CE1,31,1968,2.32332,1.42542,4.97216,-0.473679,5,0
A,19,.,.,.,ARG,CD,A,19,.,.,.,ARG,NE,32,33,12.0152,3.74203,1.46306,0,0,1
A,19,.,.,.,ARG,CD,A,19,.,.,.,ARG,CZ,32,34,3.65246,1.24598,2.49734,0,0,0
A,19,.,.,.,ARG,CD,A,19,.,.,.,ARG,NH2,32,36,10.7058,6.35231,2.8716,0,0,0
A,19,.,.,.,ARG,NE,A,19,.,.,.,ARG,CZ,33,34,13.8265,3.83373,1.34005,0,0,1
A,19,.,.,.,ARG,NE,A,19,.,.,.,ARG,NH1,33,35,5.32197,5.58099,2.30456,0,0,0
A,19,.,.,.,ARG,CZ,A,19,.,.,.,ARG,NH1,34,35,18.6275,7.73544,1.32064,0,0,1
A,19,.,.,.,ARG,CZ,A,19,.,.,.,ARG,NH2,34,36,16.4417,5.86347,1.32063,0,0,1
A,19,.,.,.,ARG,NH1,A,19,.,.,.,ARG,NH2,35,36,6.16141,6.01349,2.2798,0,0,0
A,20,.,.,.,GLU,N,A,20,.,.,.,GLU,CA,37,38,6.45521,0,1.49455,0,0,1
A,20,.,.,.,GLU,N,A,20,.,.,.,GLU,C,37,39,0.773473,0,2.55671,0,0,0
A,20,.,.,.,GLU,N,A,20,.,.,.,GLU,CB,37,41,3.99759,1.95356,2.47132,0,0,0
A,20,.,.,.,GLU,N,A,20,.,.,.,GLU,CG,37,42,4.52959,1.16123,2.98533,0,0,0
A,20,.,.,.,GLU,N,A,21,.,.,.,SER,N,37,46,4.33089,0.646696,3.01458,0,1,0
A,20,.,.,.,GLU,N,A,254,.,.,.,VAL,CG2,37,1950,0.622911,0,4.77156,0.528236,5,0
A,20,.,.,.,GLU,CA,A,20,.,.,.,GLU,C,38,39,7.92913,0,1.53644,0,0,1
A,20,.,.,.,GLU,CA,A,20,.,.,.,GLU,O,38,40,5.99118,2.9114,2.37558,0,0,0
A,20,.,.,.,GLU,CA,A,20,.,.,.,GLU,CB,38,41,10.5191,1.64942,1.53119,0,0,1
A,20,.,.,.,GLU,CA,A,20,.,.,.,GLU,CG,38,42,4.09736,1.63722,2.54985,0,0,0
A,20,.,.,.,GLU,CA,A,21,.,.,.,SER,N,38,46,1.15779,0,2.49131,0,1,0
A,20,.,.,.,GLU,C,A,20,.,.,.,GLU,O,39,40,8.54346,0,1.24759,0,0,1
A,20,.,.,.,GLU,C,A,20,.,.,.,GLU,CB,39,41,3.59963,0,2.50489,0,0,0
A,20,.,.,.,GLU,C,A,21,.,.,.,SER,N,39,46,6.97515,0,1.33602,0,1,1
A,20,.,.,.,GLU,C,A,21,.,.,.,SER,CA,39,47,1.19058,0,2.417,0,1,0
A,20,.,.,.,GLU,C,A,21,.,.,.,SER,CB,39,50,1.15036,0,3.0464,0,1,0
A,20,.,.,.,GLU,C,A,21,.,.,.,SER,OG,39,51,1.32055,0,2.89309,0,1,0
A,20,.,.,.,GLU,C,A,254,.,.,.,VAL,CG2,39,1950,2.73053,0,3.97921,-0.116939,5,0
A,20,.,.,.,GLU,O,A,20,.,.,.,GLU,CB,40,41,1.52191,1.76606,3.30734,0,0,0
A,20,.,.,.,GLU,O,A,21,.,.,.,SER,CA,40,47,2.56039,0.269735,2.73102,0,1,0
A,20,.,.,.,GLU,O,A,21,.,.,.,SER,CB,40,50,0.00439483,0,3.01108,0,1,0
A,20,.,.,.,GLU,O,A,21,.,.,.,SER,OG,40,51,11.0226,6.50559,2.35539,0,1,0
A,20,.,.,.,GLU,O,A,254,.,.,.,VAL,CB,40,1948,1.28233,2.67796,4.95885,-0.507868,5,0
A,20,.,.,.,GLU,O,A,254,.,.,.,VAL,CG2,40,1950,3.39351,0.976838,4.10457,2.00971,5,0
A,20,.,.,.,GLU,CB,A,20,.,.,.,GLU,CG,41,42,14.4102,4.19126,1.5185,0,0,1
A,20,.,.,.,GLU,CB,A,20,.,.,.,GLU,CD,41,43,2.16182,0.932851,2.55456,0,0,0
A,20,.,.,.,GLU,CB,A,20,.,.,.,GLU,OE1,41,44,10.6521,7.8057,2.75353,0,0,0
A,20,.,.,.,GLU,CB,A,21,.,.,.,SER,N,41,46,5.78217,3.40178,3.17105,0,1,0
A,20,.,.,.,GLU,CB,A,21,.,.,.,SER,CB,41,50,1.94021,2.39999,4.78318,0,1,0
A,20,.,.,.,GLU,CB,A,21,.,.,.,SER,OG,41,51,1.48068,2.10555,4.57919,0,1,0
A,20,.,.,.,GLU,CG,A,20,.,.,.,GLU,CD,42,43,16.4771,6.16394,1.51879,0,0,1
A,20,.,.,.,GLU,CG,A,20,.,.,.,GLU,OE2,42,45,7.41075,6.65233,2.37737,0,0,0
A,20,.,.,.,GLU,CD,A,20,.,.,.,GLU,OE1,43,44,17.6517,7.62381,1.24639,0,0,1
A,20,.,.,.,GLU,CD,A,20,.,.,.,GLU,OE2,43,45,18.5239,8.20581,1.24743,0,0,1
A,20,.,.,.,GLU,OE1,A,20,.,.,.,GLU,OE2,44,45,1.96674,3.51845,2.19742,0,0,0
A,21,.,.,.,SER,N,A,21,.,.,.,SER,CA,46,47,7.77695,0.163549,1.47685,0,0,1
A,21,.,.,.,SER,N,A,21,.,.,.,SER,C,46,48,0.138536,0,2.48127,0,0,0
A,21,.,.,.,SER,N,A,21,.,.,.,SER,O,46,49,6.83141,3.0569,2.67752,0,0,0
A,21,.,.,.,SER,N,A,21,.,.,.,SER,CB,46,50,3.51111,1.53818,2.478,0,0,0
A,21,.,.,.,SER,N,A,254,.,.,.,VAL,CG2,46,1950,2.62178,0,3.60796,1.31645,5,0
A,21,.,.,.,SER,CA,A,21,.,.,.,SER,C,47,48,7.6164,0,1.52006,0,0,1
A,21,.,.,.,SER,CA,A,21,.,.,.,SER,O,47,49,0.553612,0.23607,2.33129,0,0,0
A,21,.,.,.,SER,CA,A,21,.,.,.,SER,CB,47,50,11.9285,1.80122,1.49128,0,0,1
A,21,.,.,.,SER,CA,A,21,.,.,.,SER,OG,47,51,1.07997,0.679566,2.39694,0,0,0
A,21,.,.,.,SER,CA,A,22,.,.,.,VAL,N,47,52,3.06598,0.0828472,2.3984,0,1,0
A,21,.,.,.,SER,CA,A,22,.,.,.,VAL,CG2,47,58,0.134432,0.446928,4.73192,0,1,0
A,21,.,.,.,SER,CA,A,254,.,.,.,VAL,N,47,1944,0.0750748,0.571025,5.43193,0.0667702,5,0
A,21,.,.,.,SER,CA,A,254,.,.,.,VAL,CG2,47,1950,7.46962,1.36942,3.35146,-1.53191,5,0
A,21,.,.,.,SER,C,A,21,.,.,.,SER,O,48,49,9.30123,0,1.1669,0,0,1
A,21,.,.,.,SER,C,A,21,.,.,.,SER,CB,48,50,3.09399,0,2.5213,0,0,0
A,21,.,.,.,SER,C,A,22,.,.,.,VAL,N,48,52,6.64436,0,1.30749,0,1,1
A,21,.,.,.,SER,C,A,22,.,.,.,VAL,CA,48,53,1.67581,0,2.39156,0,1,0
A,21,.,.,.,SER,C,A,22,.,.,.,VAL,C,48,54,1.13648,0,3.07882,0,1,0
A,21,.,.,.,SER,C,A,22,.,.,.,VAL,O,48,55,0.843468,0,3.43572,0,1,0
A,21,.,.,.,SER,C,A,23,.,.,.,GLN,CG,48,64,1.07498,0,4.50744,-0.00216947,2,0
A,21,.,.,.,SER,C,A,254,.,.,.,VAL,CG2,48,1950,3.04806,0,3.42734,0.488174,5,0
A,21,.,.,.,SER,O,A,21,.,.,.,SER,CB,49,50,0.0094374,0.0324837,3.40693,0,0,0
A,21,.,.,.,SER,O,A,22,.,.,.,VAL,CA,49,53,4.4335,0.706452,2.73416,0,1,0
A,21,.,.,.,SER,O,A,22,.,.,.,VAL,C,49,54,0.932503,0,3.15986,0,1,0
A,21,.,.,.,SER,O,A,23,.,.,.,GLN,N,49,59,1.53496,0,3.60939,1.60969,2,0
A,21,.,.,.,SER,O,A,23,.,.,.,GLN,CG,49,64,7.75612,1.11188,3.84042,-0.742775,2,0
A,21,.,.,.,SER,O,A,23,.,.,.,GLN,CD,49,65,0.635187,1.72748,4.7451,-0.0958853,2,0
A,21,.,.,.,SER,O,A,23,.,.,.,GLN,NE2,49,67,0.535377,1.16034,5.03454,0.250613,2,0
A,21,.,.,.,SER,O,A,254,.,.,.,VAL,CG2,49,1950,2.43148,0.120218,3.79596,0.908356,5,0
A,21,.,.,.,SER,CB,A,21,.,.,.,SER,OG,50,51,19.3853,9.94691,1.39764,0,0,1
A,21,.,.,.,SER,CB,A,22,.,.,.,VAL,N,50,52,6.96172,3.71889,2.98316,0,1,0
A,21,.,.,.,SER,CB,A,22,.,.,.,VAL,O,50,55,4.70272,4.34253,4.4173,0,1,0
A,21,.,.,.,SER,CB,A,23,.,.,.,GLN,CG,50,64,1.14261,2.21064,5.78126,-0.123259,2,0
A,22,.,.,.,VAL,N,A,22,.,.,.,VAL,CA,52,53,6.33675,0,1.42474,0,0,1
A,22,.,.,.,VAL,N,A,22,.,.,.,VAL,C,52,54,0.465066,0,2.42068,0,0,0
A,22,.,.,.,VAL,N,A,22,.,.,.,VAL,O,52,55,2.96685,0.508803,2.78654,0,0,0
A,22,.,.,.,VAL,N,A,22,.,.,.,VAL,CB,52,56,3.85503,1.79873,2.40802,0,0,0
A,22,.,.,.,VAL,N,A,22,.,.,.,VAL,CG2,52,58,5.95319,1.96479,2.77478,0,0,0
A,22,.,.,.,VAL,N,A,254,.,.,.,VAL,CG2,52,1950,1.73431,0,3.74588,0.342185,5,0
A,22,.,.,.,VAL,CA,A,22,.,.,.,VAL,C,53,54,5.91739,0,1.50027,0,0,1
A,22,.,.,.,VAL,CA,A,22,.,.,.,VAL,O,53,55,0.619066,0,2.33245,0,0,0
A,22,.,.,.,VAL,CA,A,22,.,.,.,VAL,CB,53,56,7.07814,0,1.51671,0,0,1
A,22,.,.,.,VAL,CA,A,22,.,.,.,VAL,CG1,53,57,2.26082,0,2.4849,0,0,0
A,22,.,.,.,VAL,CA,A,22,.,.,.,VAL,CG2,53,58,3.08166,0.0497662,2.47257,0,0,0
A,22,.,.,.,VAL,CA,A,23,.,.,.,GLN,N,53,59,3.39776,0,2.40049,0,1,0
A,22,.,.,.,VAL,CA,A,148,.,.,.,TYR,CE1,53,1097,2.43857,1.65905,5.2046,-0.249678,5,0
A,22,.,.,.,VAL,CA,A,148,.,.,.,TYR,OH,53,1100,1.8533,0,4.0217,0.0754551,5,0
A,22,.,.,.,VAL,CA,A,254,.,.,.,VAL,CG2,53,1950,1.59677,1.18083,4.53941,-0.101531,5,0
A,22,.,.,.,VAL,C,A,22,.,.,.,VAL,O,54,55,7.59083,0,1.18324,0,0,1
A,22,.,.,.,VAL,C,A,22,.,.,.,VAL,CB,54,56,1.74809,0,2.48741,0,0,0
A,22,.,.,.,VAL,C,A,22,.,.,.,VAL,CG1,54,57,1.16924,0,2.98951,0,0,0
A,22,.,.,.,VAL,C,A,23,.,.,.,GLN,N,54,59,6.59571,0,1.31687,0,1,1
A,22,.,.,.,VAL,C,A,23,.,.,.,GLN,CA,54,60,1.43485,0,2.41567,0,1,0
A,22,.,.,.,VAL,C,A,23,.,.,.,GLN,CG,54,64,1.73055,0,3.44818,0,1,0
A,22,.,.,.,VAL,C,A,249,.,.,.,LEU,CG,54,1912,0.0117855,0,4.20064,-0.00634125,5,0
A,22,.,.,.,VAL,C,A,249,.,.,.,LEU,CD1,54,1913,1.15532,0,4.13874,-0.157926,5,0
A,22,.,.,.,VAL,O,A,22,.,.,.,VAL,CB,55,56,2.28355,0.529495,3.06994,0,0,0
A,22,.,.,.,VAL,O,A,23,.,.,.,GLN,CA,55,60,2.92793,0,2.72833,0,1,0
A,22,.,.,.,VAL,O,A,23,.,.,.,GLN,CG,55,64,4.48897,2.24994,3.54102,0,1,0
A,22,.,.,.,VAL,O,A,249,.,.,.,LEU,CG,55,1912,5.56524,1.98188,3.47394,0.273843,5,0
A,22,.,.,.,VAL,O,A,249,.,.,.,LEU,CD1,55,1913,0.175634,0,3.81494,0.0686824,5,0
A,22,.,.,.,VAL,O,A,249,.,.,.,LEU,CD2,55,1914,7.20331,3.38739,3.36832,-1.68656,5,0
A,22,.,.,.,VAL,CB,A,22,.,.,.,VAL,CG1,56,57,10.2436,0,1.50268,0,0,1
A,22,.,.,.,VAL,CB,A,22,.,.,.,VAL,CG2,56,58,11.3021,0.111214,1.50035,0,0,1
A,22,.,.,.,VAL,CB,A,249,.,.,.,LEU,O,56,1910,4.93869,1.48126,4.5448,-1.68205,5,0
A,22,.,.,.,VAL,CB,A,249,.,.,.,LEU,CG,56,1912,2.19821,0.113536,4.70694,-1.39072,5,0
A,22,.,.,.,VAL,CB,A,249,.,.,.,LEU,CD1,56,1913,1.33271,0,4.40176,-2.01087,5,0
A,22,.,.,.,VAL,CB,A,252,.,.,.,LEU,O,56,1933,0.977526,0.852241,4.71957,-1.02107,5,0
A,22,.,.,.,VAL,CB,A,252,.,.,.,LEU,CB,56,1934,2.16621,0,4.32022,-2.98907,5,0
A,22,.,.,.,VAL,CG1,A,22,.,.,.,VAL,CG2,57,58,3.19994,0,2.45188,0,0,0
A,22,.,.,.,VAL,CG1,A,23,.,.,.,GLN,N,57,59,2.70708,0,3.27948,0,1,0
A,22,.,.,.,VAL,CG1,A,23,.,.,.,GLN,C,57,61,0.379639,0,4.58878,0,1,0
A,22,.,.,.,VAL,CG1,A,23,.,.,.,GLN,O,57,62,0.0466171,0,4.47258,0,1,0
A,22,.,.,.,VAL,CG1,A,133,.,.,.,LEU,CB,57,970,0.0521246,0,5.11713,-0.0353702,5,0
A,22,.,.,.,VAL,CG1,A,133,.,.,.,LEU,CD1,57,972,8.8869,0,3.65248,-16.95,5,0
A,22,.,.,.,VAL,CG1,A,148,.,.,.,TYR,CE1,57,1097,2.5766,0,4.62885,-2.13998,5,0
A,22,.,.,.,VAL,CG1,A,148,.,.,.,TYR,CZ,57,1099,0.212097,0,4.43914,-0.336232,5,0
A,22,.,.,.,VAL,CG1,A,148,.,.,.,TYR,OH,57,1100,4.88417,0,3.45312,-3.94498,5,0
A,22,.,.,.,VAL,CG1,A,150,.,.,.,VAL,CG2,57,1113,7.65606,0,3.54159,-14.7559,5,0
A,22,.,.,.,VAL,CG1,A,249,.,.,.,LEU,O,57,1910,0.0092064,0,4.99478,0.00165389,5,0
A,22,.,.,.,VAL,CG1,A,249,.,.,.,LEU,CD1,57,1913,5.70537,0,3.99429,-10.8818,5,0
A,22,.,.,.,VAL,CG1,A,252,.,.,.,LEU,CB,57,1934,1.74912,0,4.26746,-2.54168,5,0
A,22,.,.,.,VAL,CG1,A,252,.,.,.,LEU,CD1,57,1936,4.69321,0,4.19591,-8.95137,5,0
A,22,.,.,.,VAL,CG2,A,148,.,.,.,TYR,CE1,58,1097,1.44021,1.45517,5.55335,-1.14372,5,0
A,22,.,.,.,VAL,CG2,A,150,.,.,.,VAL,CG2,58,1113,7.33635,0.14765,3.4634,-14.3456,5,0
A,22,.,.,.,VAL,CG2,A,252,.,.,.,LEU,C,58,1932,1.8562,0,3.942,-0.0205062,5,0
A,22,.,.,.,VAL,CG2,A,252,.,.,.,LEU,O,58,1933,4.10183,1.81794,4.01106,-0.0915796,5,0
A,22,.,.,.,VAL,CG2,A,252,.,.,.,LEU,CB,58,1934,3.09171,0,3.98934,-4.79611,5,0
A,22,.,.,.,VAL,CG2,A,253,.,.,.,SER,N,58,1938,0.969305,0,3.92054,0.68519,5,0
A,22,.,.,.,VAL,CG2,A,253,.,.,.,SER,CA,58,1939,2.75424,0.624647,3.93688,0.507,5,0
A,22,.,.,.,VAL,CG2,A,253,.,.,.,SER,C,58,1940,2.90503,0,3.42062,0.465267,5,0
A,22,.,.,.,VAL,CG2,A,253,.,.,.,SER,O,58,1941,1.25955,0,3.52786,0.470546,5,0
A,22,.,.,.,VAL,CG2,A,254,.,.,.,VAL,N,58,1944,2.87506,0.308194,3.62066,1.27451,5,0
A,22,.,.,.,VAL,CG2,A,254,.,.,.,VAL,CA,58,1945,3.88658,0.839546,4.03182,-2.28021,5,0
A,22,.,.,.,VAL,CG2,A,254,.,.,.,VAL,CG2,58,1950,4.54141,0.746994,4.16432,-8.88032,5,0
A,23,.,.,.,GLN,N,A,23,.,.,.,GLN,CA,59,60,6.85802,0,1.45296,0,0,1
A,23,.,.,.,GLN,N,A,23,.,.,.,GLN,C,59,61,1.28247,0,2.4358,0,0,0
A,23,.,.,.,GLN,N,A,23,.,.,.,GLN,O,59,62,0.880166,0,2.78999,0,0,0
A,23,.,.,.,GLN,N,A,23,.,.,.,GLN,CB,59,63,2.99852,0,2.44767,0,0,0
A,23,.,.,.,GLN,N,A,23,.,.,.,GLN,CG,59,64,1.60698,0,2.98509,0,0,0
A,23,.,.,.,GLN,N,A,148,.,.,.,TYR,OH,59,1100,5.53368,0,3.0616,1.87151,5,0
A,23,.,.,.,GLN,N,A,249,.,.,.,LEU,CD1,59,1913,0.21442,0,4.37747,0.130151,5,0
A,23,.,.,.,GLN,CA,A,23,.,.,.,GLN,C,60,61,6.71623,0,1.51537,0,0,1
A,23,.,.,.,GLN,CA,A,23,.,.,.,GLN,O,60,62,0.628514,0,2.38683,0,0,0
A,23,.,.,.,GLN,CA,A,23,.,.,.,GLN,CB,60,63,10.7221,1.11591,1.51646,0,0,1
A,23,.,.,.,GLN,CA,A,23,.,.,.,GLN,CG,60,64,2.47914,0,2.53946,0,0,0
A,23,.,.,.,GLN,CA,A,24,.,.,.,VAL,N,60,68,4.20243,0.354101,2.42297,0,1,0
A,23,.,.,.,GLN,CA,A,249,.,.,.,LEU,CD1,60,1913,1.3127,0,4.32399,-0.303024,5,0
A,23,.,.,.,GLN,CA,A,249,.,.,.,LEU,CD2,60,1914,5.74216,1.00442,4.11492,-1.56783,5,0
A,23,.,.,.,GLN,C,A,23,.,.,.,GLN,O,61,62,7.90127,0,1.23248,0,0,1
A,23,.,.,.,GLN,C,A,23,.,.,.,GLN,CB,61,63,3.11879,0,2.46211,0,0,0
A,23,.,.,.,GLN,C,A,24,.,.,.,VAL,N,61,68,7.15384,0,1.32794,0,1,1
A,23,.,.,.,GLN,C,A,24,.,.,.,VAL,CA,61,69,1.41525,0,2.3967,0,1,0
A,23,.,.,.,GLN,C,A,24,.,.,.,VAL,C,61,70,1.60194,0,3.03497,0,1,0
A,23,.,.,.,GLN,C,A,24,.,.,.,VAL,O,61,71,0.171192,0,3.3825,0,1,0
A,23,.,.,.,GLN,C,A,133,.,.,.,LEU,CD1,61,972,1.5688,0,4.28752,-0.668697,5,0
A,23,.,.,.,GLN,C,A,249,.,.,.,LEU,CD1,61,1913,1.3641,0,4.22356,-0.0738813,5,0
A,23,.,.,.,GLN,O,A,23,.,.,.,GLN,CB,62,63,1.47136,0,3.09057,0,0,0
A,23,.,.,.,GLN,O,A,24,.,.,.,VAL,CA,62,69,2.43128,0,2.70852,0,1,0
A,23,.,.,.,GLN,O,A,24,.,.,.,VAL,C,62,70,1.06622,0,3.16978,0,1,0
A,23,.,.,.,GLN,O,A,25,.,.,.,PRO,N,62,75,0.609381,0,3.55969,0.169806,2,0
A,23,.,.,.,GLN,O,A,25,.,.,.,PRO,CD,62,81,3.02327,0,3.6947,-0.0285261,2,0
A,23,.,.,.,GLN,O,A,133,.,.,.,LEU,CD1,62,972,3.28048,0,3.72437,0.348318,5,0
A,23,.,.,.,GLN,O,A,133,.,.,.,LEU,CD2,62,973,0.793947,0,4.36142,0.546629,5,0
A,23,.,.,.,GLN,O,A,148,.,.,.,TYR,CE2,62,1098,1.90206,0,3.81756,0.571397,5,0
A,23,.,.,.,GLN,O,A,148,.,.,.,TYR,OH,62,1100,5.69815,0,2.57035,-0.556183,5,0
A,23,.,.,.,GLN,CB,A,23,.,.,.,GLN,CG,63,64,11.4608,1.45963,1.50479,0,0,1
A,23,.,.,.,GLN,CB,A,23,.,.,.,GLN,CD,63,65,6.19501,2.71447,2.51068,0,0,0
A,23,.,.,.,GLN,CB,A,23,.,.,.,GLN,OE1,63,66,0.459579,1.46022,3.41821,0,0,0
A,23,.,.,.,GLN,CB,A,23,.,.,.,GLN,NE2,63,67,5.49236,0.516772,3.02378,0,0,0
A,23,.,.,.,GLN,CB,A,24,.,.,.,VAL,N,63,68,1.75373,0.938006,3.27533,0,1,0
A,23,.,.,.,GLN,CB,A,24,.,.,.,VAL,C,63,70,0.453525,0,4.41753,0,1,0
A,23,.,.,.,GLN,CB,A,24,.,.,.,VAL,O,63,71,7.09641,4.10512,4.08285,0,1,0
A,23,.,.,.,GLN,CB,A,25,.,.,.,PRO,CA,63,76,0.206591,0,5.71032,0.102273,2,0
A,23,.,.,.,GLN,CB,A,29,.,.,.,ASP,OD1,63,113,1.32571,0.643093,5.76602,0.756153,5,0
A,23,.,.,.,GLN,CB,A,148,.,.,.,TYR,OH,63,1100,0.327362,0,4.42482,-0.208947,5,0
A,23,.,.,.,GLN,CB,A,249,.,.,.,LEU,CD2,63,1914,0.025319,0.532098,5.18968,0.00196091,5,0
A,23,.,.,.,GLN,CG,A,23,.,.,.,GLN,CD,64,65,12.9035,2.10023,1.50965,0,0,1
A,23,.,.,.,GLN,CG,A,23,.,.,.,GLN,OE1,64,66,5.323,5.02531,2.38848,0,0,0
A,23,.,.,.,GLN,CG,A,23,.,.,.,GLN,NE2,64,67,2.55069,0,2.41717,0,0,0
A,23,.,.,.,GLN,CG,A,249,.,.,.,LEU,CD2,64,1914,0.640403,1.60935,5.50431,-0.174632,5,0
A,23,.,.,.,GLN,CD,A,23,.,.,.,GLN,OE1,65,66,19.4619,7.70919,1.2354,0,0,1
A,23,.,.,.,GLN,CD,A,23,.,.,.,GLN,NE2,65,67,17.4064,6.13623,1.33008,0,0,1
A,23,.,.,.,GLN,OE1,A,23,.,.,.,GLN,NE2,66,67,3.09332,4.29243,2.25329,0,0,0
A,23,.,.,.,GLN,NE2,A,29,.,.,.,ASP,OD1,67,113,4.48505,4.11549,5.21283,-2.19552,5,0
A,24,.,.,.,VAL,N,A,24,.,.,.,VAL,CA,68,69,6.83175,0,1.47073,0,0,1
A,24,.,.,.,VAL,N,A,24,.,.,.,VAL,C,68,70,0.470336,0,2.43269,0,0,0
A,24,.,.,.,VAL,N,A,24,.,.,.,VAL,O,68,71,3.64417,1.06221,2.77529,0,0,0
A,24,.,.,.,VAL,N,A,24,.,.,.,VAL,CB,68,72,0.211501,0,2.48837,0,0,0
A,24,.,.,.,VAL,N,A,24,.,.,.,VAL,CG1,68,73,6.94852,1.17434,2.63042,0,0,0
A,24,.,.,.,VAL,N,A,133,.,.,.,LEU,CD1,68,972,0.241285,0,4.59051,0.0336882,5,0
A,24,.,.,.,VAL,N,A,249,.,.,.,LEU,CD1,68,1913,2.39158,0,3.95813,0.768634,5,0
A,24,.,.,.,VAL,N,A,249,.,.,.,LEU,CD2,68,1914,2.39587,0.66576,4.12785,1.53769,5,0
A,24,.,.,.,VAL,CA,A,24,.,.,.,VAL,C,69,70,6.11415,0,1.52433,0,0,1
A,24,.,.,.,VAL,CA,A,24,.,.,.,VAL,O,69,71,0.576354,0,2.39872,0,0,0
A,24,.,.,.,VAL,CA,A,24,.,.,.,VAL,CB,69,72,10.8666,0,1.54451,0,0,1
A,24,.,.,.,VAL,CA,A,24,.,.,.,VAL,CG1,69,73,0.253301,0,2.53036,0,0,0
A,24,.,.,.,VAL,CA,A,25,.,.,.,PRO,N,69,75,0.02289,0,2.46135,0,1,0
A,24,.,.,.,VAL,CA,A,25,.,.,.,PRO,CD,69,81,4.72396,0,2.95976,0,1,0
A,24,.,.,.,VAL,CA,A,133,.,.,.,LEU,CD1,69,972,2.69353,0,4.53132,-1.51576,5,0
A,24,.,.,.,VAL,CA,A,133,.,.,.,LEU,CD2,69,973,1.53725,0,4.56551,-0.953993,5,0
A,24,.,.,.,VAL,CA,A,249,.,.,.,LEU,CD1,69,1913,0.0661043,0,4.80648,-0.0122728,5,0
A,24,.,.,.,VAL,C,A,24,.,.,.,VAL,O,70,71,7.12876,0,1.24482,0,0,1
A,24,.,.,.,VAL,C,A,24,.,.,.,VAL,CB,70,72,0.187899,0,2.54604,0,0,0
A,24,.,.,.,VAL,C,A,24,.,.,.,VAL,CG2,70,74,3.06559,0,2.71649,0,0,0
A,24,.,.,.,VAL,C,A,25,.,.,.,PRO,N,70,75,7.17216,0,1.33119,0,1,1
A,24,.,.,.,VAL,C,A,25,.,.,.,PRO,CA,70,76,1.8926,0,2.4301,0,1,0
A,24,.,.,.,VAL,C,A,25,.,.,.,PRO,C,70,77,0.641265,0,2.97321,0,1,0
A,24,.,.,.,VAL,C,A,25,.,.,.,PRO,O,70,78,0.204697,0,3.31171,0,1,0
A,24,.,.,.,VAL,C,A,25,.,.,.,PRO,CD,70,81,0.0429733,0,2.5107,0,1,0
A,24,.,.,.,VAL,O,A,24,.,.,.,VAL,CB,71,72,0.328569,0,3.18437,0,0,0
A,24,.,.,.,VAL,O,A,24,.,.,.,VAL,CG1,71,73,0.570479,0.829829,4.00273,0,0,0
A,24,.,.,.,VAL,O,A,24,.,.,.,VAL,CG2,71,74,5.83631,2.68815,3.04813,0,0,0
A,24,.,.,.,VAL,O,A,25,.,.,.,PRO,CA,71,76,2.79905,0,2.72821,0,1,0
A,24,.,.,.,VAL,O,A,25,.,.,.,PRO,C,71,77,2.6598,0,2.80936,0,1,0
A,24,.,.,.,VAL,O,A,25,.,.,.,PRO,O,71,78,0.0806463,0,3.28791,0,1,0
A,24,.,.,.,VAL,O,A,26,.,.,.,ASP,N,71,82,3.7097,0.37471,3.20845,3.18015,2,0
A,24,.,.,.,VAL,O,A,26,.,.,.,ASP,CA,71,83,0.879129,0.181054,4.14244,0.410253,2,0
A,24,.,.,.,VAL,O,A,26,.,.,.,ASP,CB,71,86,4.32721,4.82131,4.50112,1.49341,2,0
A,24,.,.,.,VAL,O,A,29,.,.,.,ASP,OD1,71,113,0.723011,0.654552,4.72705,0.68299,5,0
A,24,.,.,.,VAL,CB,A,24,.,.,.,VAL,CG1,72,73,12.3444,0,1.52298,0,0,1
A,24,.,.,.,VAL,CB,A,24,.,.,.,VAL,CG2,72,74,11.5038,0,1.52318,0,0,1
A,24,.,.,.,VAL,CB,A,25,.,.,.,PRO,N,72,75,0.000665844,0,3.425,0,1,0
A,24,.,.,.,VAL,CB,A,25,.,.,.,PRO,CD,72,81,1.97704,0,3.83001,0,1,0
A,24,.,.,.,VAL,CB,A,108,.,.,.,LEU,CB,72,766,0.585298,0,5.48816,-0.807629,5,0
A,24,.,.,.,VAL,CB,A,108,.,.,.,LEU,CD1,72,768,3.26511,0,5.03425,-4.33702,5,0
A,24,.,.,.,VAL,CB,A,109,.,.,.,THR,CG2,72,776,1.94547,0,4.61341,-1.44174,5,0
A,24,.,.,.,VAL,CB,A,112,.,.,.,ALA,CB,72,796,5.75794,0,4.66524,-6.48229,5,0
A,24,.,.,.,VAL,CB,A,133,.,.,.,LEU,CD1,72,972,0.636503,0,5.14818,-0.960395,5,0
A,24,.,.,.,VAL,CB,A,133,.,.,.,LEU,CD2,72,973,1.00016,0,5.13951,-1.48394,5,0
A,24,.,.,.,VAL,CB,A,249,.,.,.,LEU,CD1,72,1913,0.0090751,0,4.79626,-0.0136931,5,0
A,24,.,.,.,VAL,CG1,A,24,.,.,.,VAL,CG2,73,74,8.01684,4.08559,2.52143,0,0,0
A,24,.,.,.,VAL,CG1,A,108,.,.,.,LEU,CB,73,766,3.03231,0.673915,5.22948,-4.40632,5,0
A,24,.,.,.,VAL,CG1,A,108,.,.,.,LEU,CD1,73,768,2.03628,0,4.99384,-3.88379,5,0
A,24,.,.,.,VAL,CG1,A,108,.,.,.,LEU,CD2,73,769,0.957862,0.610219,5.5742,-1.77493,5,0
A,24,.,.,.,VAL,CG1,A,109,.,.,.,THR,CG2,73,776,8.18413,4.38026,4.50877,-9.33171,5,0
A,24,.,.,.,VAL,CG1,A,133,.,.,.,LEU,CD1,73,972,0.00125617,0,5.48961,-0.000785244,5,0
A,24,.,.,.,VAL,CG1,A,249,.,.,.,LEU,CB,73,1911,1.57298,2.12654,5.06346,-1.06737,5,0
A,24,.,.,.,VAL,CG1,A,249,.,.,.,LEU,CG,73,1912,0.0198757,0,4.45271,-0.0297321,5,0
A,24,.,.,.,VAL,CG1,A,249,.,.,.,LEU,CD1,73,1913,7.51385,0,3.81487,-14.3312,5,0
A,24,.,.,.,VAL,CG1,A,249,.,.,.,LEU,CD2,73,1914,10.2235,5.14035,3.94489,-18.9442,5,0
A,24,.,.,.,VAL,CG2,A,25,.,.,.,PRO,N,74,75,0.933173,0,3.4468,0,1,0
A,24,.,.,.,VAL,CG2,A,25,.,.,.,PRO,C,74,77,2.15756e-05,0,4.24296,0,1,0
A,24,.,.,.,VAL,CG2,A,25,.,.,.,PRO,O,74,78,9.89177,4.80888,3.72082,0,1,0
A,24,.,.,.,VAL,CG2,A,25,.,.,.,PRO,CD,74,81,2.0772,0,4.1081,0,1,0
A,24,.,.,.,VAL,CG2,A,26,.,.,.,ASP,CA,74,83,0.48661,1.2737,5.63598,0.228508,2,0
A,24,.,.,.,VAL,CG2,A,109,.,.,.,THR,CB,74,774,0.0031011,0.0735996,5.29889,-0.00165876,5,0
A,24,.,.,.,VAL,CG2,A,109,.,.,.,THR,OG1,74,775,2.02672,2.01046,4.96726,-0.0599316,5,0
A,24,.,.,.,VAL,CG2,A,109,.,.,.,THR,CG2,74,776,9.65889,4.37252,4.31309,-11.0426,5,0
A,24,.,.,.,VAL,CG2,A,112,.,.,.,ALA,CB,74,796,3.88203,0.455366,4.84741,0.45221,5,0
A,24,.,.,.,VAL,CG2,A,135,.,.,.,SER,OG,74,990,1.50729,1.18797,5.58956,-0.370981,5,0
A,25,.,.,.,PRO,N,A,25,.,.,.,PRO,CA,75,76,6.59146,0,1.46755,0,0,1
A,25,.,.,.,PRO,N,A,25,.,.,.,PRO,C,75,77,0.252298,0,2.47356,0,0,0
A,25,.,.,.,PRO,N,A,25,.,.,.,PRO,O,75,78,1.18286,0,2.89246,0,0,0
A,25,.,.,.,PRO,N,A,25,.,.,.,PRO,CD,75,81,7.77908,0,1.47301,0,0,1
A,25,.,.,.,PRO,CA,A,25,.,.,.,PRO,C,76,77,6.27112,0,1.5201,0,0,1
A,25,.,.,.,PRO,CA,A,25,.,.,.,PRO,O,76,78,0.541376,0,2.40113,0,0,0
A,25,.,.,.,PRO,CA,A,25,.,.,.,PRO,CB,76,79,8.74997,0,1.53133,0,0,1
A,25,.,.,.,PRO,CA,A,25,.,.,.,PRO,CG,76,80,1.55506,0,2.39117,0,0,0
A,25,.,.,.,PRO,CA,A,25,.,.,.,PRO,CD,76,81,0.970112,0,2.43992,0,0,0
A,25,.,.,.,PRO,CA,A,26,.,.,.,ASP,N,76,82,3.24249,0,2.4171,0,1,0
A,25,.,.,.,PRO,CA,A,29,.,.,.,ASP,CB,76,111,1.19795,0,4.24982,0.525197,4,0
A,25,.,.,.,PRO,CA,A,29,.,.,.,ASP,CG,76,112,0.0398111,0,4.36993,-0.0305198,4,0
A,25,.,.,.,PRO,CA,A,29,.,.,.,ASP,OD1,76,113,4.62735,0,3.64706,1.13121,4,0
A,25,.,.,.,PRO,C,A,25,.,.,.,PRO,O,77,78,8.25986,0,1.23177,0,0,1
A,25,.,.,.,PRO,C,A,25,.,.,.,PRO,CB,77,79,2.74093,0,2.52565,0,0,0
A,25,.,.,.,PRO,C,A,26,.,.,.,ASP,N,77,82,6.80628,0,1.32785,0,1,1
A,25,.,.,.,PRO,C,A,26,.,.,.,ASP,CA,77,83,2.06441,0,2.40106,0,1,0
A,25,.,.,.,PRO,C,A,26,.,.,.,ASP,C,77,84,0.154092,0,3.22682,0,1,0
A,25,.,.,.,PRO,C,A,26,.,.,.,ASP,O,77,85,1.66156,0,3.24927,0,1,0
A,25,.,.,.,PRO,C,A,29,.,.,.,ASP,CB,77,111,0.000932029,0,4.46338,0.000481696,4,0
A,25,.,.,.,PRO,C,A,30,.,.,.,PHE,CD2,77,122,0.098082,0,4.73537,-0.0176482,5,0
A,25,.,.,.,PRO,C,A,30,.,.,.,PHE,CE2,77,124,0.397073,0,4.45969,-0.0585727,5,0
A,25,.,.,.,PRO,O,A,25,.,.,.,PRO,CB,78,79,2.06143,0,3.05674,0,0,0
A,25,.,.,.,PRO,O,A,25,.,.,.,PRO,CD,78,81,0.826903,0,3.82964,0,0,0
A,25,.,.,.,PRO,O,A,26,.,.,.,ASP,CA,78,83,7.75788,3.71335,2.72215,0,1,0
A,25,.,.,.,PRO,O,A,26,.,.,.,ASP,C,78,84,1.42461,0.704152,3.44351,0,1,0
A,25,.,.,.,PRO,O,A,26,.,.,.,ASP,O,78,85,0.0934111,0,3.59059,0,1,0
A,25,.,.,.,PRO,O,A,30,.,.,.,PHE,CD2,78,122,0.0294924,0,4.47533,0.00998873,5,0
A,25,.,.,.,PRO,O,A,30,.,.,.,PHE,CE2,78,124,7.33988,3.22126,3.99079,-1.42212,5,0
A,25,.,.,.,PRO,O,A,135,.,.,.,SER,OG,78,990,2.07623,1.25207,4.91821,0.00719,5,0
A,25,.,.,.,PRO,CB,A,25,.,.,.,PRO,CG,79,80,10.8075,0,1.49744,0,0,1
A,25,.,.,.,PRO,CB,A,25,.,.,.,PRO,CD,79,81,1.91415,0,2.38263,0,0,0
A,25,.,.,.,PRO,CB,A,26,.,.,.,ASP,N,79,82,0.00491954,0,3.46585,0,1,0
A,25,.,.,.,PRO,CB,A,26,.,.,.,ASP,O,79,85,0.662656,0,4.39111,0,1,0
A,25,.,.,.,PRO,CB,A,29,.,.,.,ASP,CB,79,111,5.48939,0,4.10525,-1.54589,4,0
A,25,.,.,.,PRO,CB,A,30,.,.,.,PHE,CD2,79,122,1.10554,0,4.48864,-0.848807,5,0
A,25,.,.,.,PRO,CB,A,30,.,.,.,PHE,CE2,79,124,5.07883,0,3.97908,-4.69394,5,0
A,25,.,.,.,PRO,CB,A,30,.,.,.,PHE,CZ,79,125,1.00319,0,4.39055,-0.923807,5,0
A,25,.,.,.,PRO,CB,A,135,.,.,.,SER,CB,79,989,1.49507,0,4.27313,-0.103433,5,0
A,25,.,.,.,PRO,CB,A,135,.,.,.,SER,OG,79,990,0.495152,0,4.58416,-0.146531,5,0
A,25,.,.,.,PRO,CB,A,146,.,.,.,MET,CE,79,1080,7.9442,0,3.33715,-6.96949,5,0
A,25,.,.,.,PRO,CG,A,25,.,.,.,PRO,CD,80,81,11.0946,0,1.49821,0,0,1
A,25,.,.,.,PRO,CG,A,133,.,.,.,LEU,O,80,969,0.547201,0.94234,5.78977,0.0506925,5,0
A,25,.,.,.,PRO,CG,A,133,.,.,.,LEU,CD2,80,973,3.14943,0,4.31246,-1.48293,5,0
A,25,.,.,.,PRO,CG,A,135,.,.,.,SER,N,80,985,0.834412,0,5.03734,0.345167,5,0
A,25,.,.,.,PRO,CG,A,135,.,.,.,SER,CB,80,989,7.70122,0,3.65836,-3.04469,5,0
A,25,.,.,.,PRO,CG,A,146,.,.,.,MET,C,80,1075,0.373377,0.227901,6.04813,-0.0672074,5,0
A,25,.,.,.,PRO,CG,A,146,.,.,.,MET,O,80,1076,0.749583,0.379777,5.70496,0.0747069,5,0
A,25,.,.,.,PRO,CG,A,146,.,.,.,MET,CB,80,1077,2.35294,1.59404,5.52768,-0.650243,5,0
A,25,.,.,.,PRO,CG,A,146,.,.,.,MET,CE,80,1080,6.97469,1.00481,3.7719,-4.45776,5,0
A,25,.,.,.,PRO,CG,A,147,.,.,.,ASN,CA,80,1082,0.256059,1.26768,6.58383,0.0241889,5,0
A,25,.,.,.,PRO,CG,A,148,.,.,.,TYR,CD2,80,1096,2.69784,2.73645,5.24623,-3.26595,5,0
A,25,.,.,.,PRO,CG,A,148,.,.,.,TYR,CE2,80,1098,3.77018,0,4.69146,-4.55754,5,0
A,25,.,.,.,PRO,CD,A,112,.,.,.,ALA,CB,81,796,2.16747,0,5.03639,-0.228931,5,0
A,25,.,.,.,PRO,CD,A,133,.,.,.,LEU,CD2,81,973,8.83309,0,3.61827,-3.54746,5,0
A,25,.,.,.,PRO,CD,A,135,.,.,.,SER,CB,81,989,5.25146,0,3.77732,0.80016,5,0
A,25,.,.,.,PRO,CD,A,135,.,.,.,SER,OG,81,990,1.51823,0,4.2382,0.183881,5,0
A,25,.,.,.,PRO,CD,A,148,.,.,.,TYR,CE2,81,1098,1.07456,0,4.86139,-1.03402,5,0
A,26,.,.,.,ASP,N,A,26,.,.,.,ASP,CA,82,83,6.62784,0,1.44947,0,0,1
A,26,.,.,.,ASP,N,A,26,.,.,.,ASP,C,82,84,0.30112,0,2.42641,0,0,0
A,26,.,.,.,ASP,N,A,26,.,.,.,ASP,O,82,85,1.96918,0,2.67521,0,0,0
A,26,.,.,.,ASP,N,A,26,.,.,.,ASP,CB,82,86,3.44569,0.245481,2.45483,0,0,0
A,26,.,.,.,ASP,N,A,26,.,.,.,ASP,CG,82,87,0.951521,0.0774075,3.03123,0,0,0
A,26,.,.,.,ASP,N,A,26,.,.,.,ASP,OD1,82,88,1.60393,0,2.87535,0,0,0
A,26,.,.,.,ASP,N,A,29,.,.,.,ASP,CB,82,111,1.59797,0,3.98409,2.25751,3,0
A,26,.,.,.,ASP,N,A,29,.,.,.,ASP,OD1,82,113,4.48625,0.30911,3.17138,2.26575,3,0
A,26,.,.,.,ASP,CA,A,26,.,.,.,ASP,C,83,84,8.92802,0.683611,1.5234,0,0,1
A,26,.,.,.,ASP,CA,A,26,.,.,.,ASP,CB,83,86,13.7134,4.08715,1.5288,0,0,1
A,26,.,.,.,ASP,CA,A,26,.,.,.,ASP,CG,83,87,0.218773,0,2.54162,0,0,0
A,26,.,.,.,ASP,CA,A,26,.,.,.,ASP,OD1,83,88,0.671213,0,2.75988,0,0,0
A,26,.,.,.,ASP,CA,A,27,.,.,.,ASP,N,83,90,4.27897,2.72972,2.41897,0,1,0
A,26,.,.,.,ASP,C,A,26,.,.,.,ASP,O,84,85,7.92368,0,1.23282,0,0,1
A,26,.,.,.,ASP,C,A,26,.,.,.,ASP,CB,84,86,0.395168,0,2.53517,0,0,0
A,26,.,.,.,ASP,C,A,26,.,.,.,ASP,CG,84,87,0.471214,0,3.02329,0,0,0
A,26,.,.,.,ASP,C,A,26,.,.,.,ASP,OD1,84,88,1.79984,0,2.84585,0,0,0
A,26,.,.,.,ASP,C,A,27,.,.,.,ASP,N,84,90,8.03072,1.18447,1.32984,0,1,1
A,26,.,.,.,ASP,C,A,27,.,.,.,ASP,CA,84,91,2.30641,0.346824,2.41857,0,1,0
A,26,.,.,.,ASP,C,A,27,.,.,.,ASP,C,84,92,0.218773,0,3.03206,0,1,0
A,26,.,.,.,ASP,C,A,28,.,.,.,GLN,N,84,98,0.978622,0,3.23228,1.5623,2,0
A,26,.,.,.,ASP,C,A,29,.,.,.,ASP,N,84,107,0.0878691,0,3.81218,0.143677,3,0
A,26,.,.,.,ASP,C,A,30,.,.,.,PHE,CD2,84,122,1.71261,0.597944,4.26519,-0.137369,4,0
A,26,.,.,.,ASP,C,A,30,.,.,.,PHE,CE2,84,124,0.189379,0.31038,4.84187,-0.0449462,4,0
A,26,.,.,.,ASP,O,A,26,.,.,.,ASP,OD1,85,88,0.400898,0,3.13379,0,0,0
A,26,.,.,.,ASP,O,A,27,.,.,.,ASP,CA,85,91,2.09927,0,2.74075,0,1,0
A,26,.,.,.,ASP,O,A,27,.,.,.,ASP,C,85,92,1.84937,0,2.93317,0,1,0
A,26,.,.,.,ASP,O,A,28,.,.,.,GLN,N,85,98,0.115674,0,3.28759,0.138194,2,0
A,26,.,.,.,ASP,O,A,29,.,.,.,ASP,N,85,107,2.56577,0,3.12163,0.310607,3,0
A,26,.,.,.,ASP,O,A,29,.,.,.,ASP,CA,85,108,0.0593818,0,3.72375,0.0515657,3,0
A,26,.,.,.,ASP,O,A,29,.,.,.,ASP,CB,85,111,3.27901,0,3.54825,2.01989,3,0
A,26,.,.,.,ASP,O,A,30,.,.,.,PHE,N,85,115,2.82101,0,3.42626,-1.01893,4,0
A,26,.,.,.,ASP,O,A,30,.,.,.,PHE,CB,85,119,0.266518,0,4.25196,0.0863236,4,0
A,26,.,.,.,ASP,O,A,30,.,.,.,PHE,CD2,85,122,6.25717,0,3.39104,1.77137,4,0
A,26,.,.,.,ASP,CB,A,26,.,.,.,ASP,CG,86,87,12.6679,2.47382,1.51502,0,0,1
A,26,.,.,.,ASP,CB,A,26,.,.,.,ASP,OD2,86,89,7.89914,6.87651,2.36314,0,0,0
A,26,.,.,.,ASP,CB,A,27,.,.,.,ASP,N,86,90,7.28759,4.33137,2.90804,0,1,0
A,26,.,.,.,ASP,CG,A,26,.,.,.,ASP,OD1,87,88,10.4445,0.385927,1.24593,0,0,1
A,26,.,.,.,ASP,CG,A,26,.,.,.,ASP,OD2,87,89,15.9066,4.83608,1.24509,0,0,1
A,26,.,.,.,ASP,CG,A,27,.,.,.,ASP,N,87,90,1.23446,0.315555,3.39275,0,1,0
A,26,.,.,.,ASP,CG,A,28,.,.,.,GLN,N,87,98,2.63537,0.556835,3.84952,5.07739,2,0
A,26,.,.,.,ASP,CG,A,28,.,.,.,GLN,CB,87,102,1.2247,0,4.39653,-0.253687,2,0
A,26,.,.,.,ASP,CG,A,29,.,.,.,ASP,OD1,87,113,3.30821,3.29881,3.62387,-0.902721,3,0
A,26,.,.,.,ASP,OD1,A,26,.,.,.,ASP,OD2,88,89,1.35362,1.64305,2.18536,0,0,0
A,26,.,.,.,ASP,OD1,A,28,.,.,.,GLN,N,88,98,1.50001,0,3.38716,0.76617,2,0
A,26,.,.,.,ASP,OD1,A,28,.,.,.,GLN,CA,88,99,0.0565092,0,3.89854,0.0484313,2,0
A,26,.,.,.,ASP,OD1,A,28,.,.,.,GLN,CB,88,102,3.7633,1.03809,3.88602,2.1465,2,0
A,26,.,.,.,ASP,OD1,A,29,.,.,.,ASP,N,88,107,3.96849,0,3.06396,2.00426,3,0
A,26,.,.,.,ASP,OD1,A,29,.,.,.,ASP,CB,88,111,0.763395,0,3.61678,0.426991,3,0
A,26,.,.,.,ASP,OD1,A,29,.,.,.,ASP,CG,88,112,3.66264,0.369209,3.17732,3.57201,3,0
A,26,.,.,.,ASP,OD1,A,29,.,.,.,ASP,OD1,88,113,4.39553,0.630522,2.75965,1.6692,3,0
A,26,.,.,.,ASP,OD1,A,29,.,.,.,ASP,OD2,88,114,0.358364,1.24045,3.89337,0.144567,3,0
A,26,.,.,.,ASP,OD2,A,28,.,.,.,GLN,N,89,98,0.0559109,0.277761,4.39025,0.0460482,2,0
A,26,.,.,.,ASP,OD2,A,28,.,.,.,GLN,CB,89,102,6.49334,5.80657,4.38669,2.92789,2,0
A,27,.,.,.,ASP,N,A,27,.,.,.,ASP,CA,90,91,8.89456,1.6239,1.45635,0,0,1
A,27,.,.,.,ASP,N,A,27,.,.,.,ASP,C,90,92,0.042099,0,2.46439,0,0,0
A,27,.,.,.,ASP,N,A,27,.,.,.,ASP,CB,90,94,9.19384,6.60985,2.43677,0,0,0
A,27,.,.,.,ASP,N,A,28,.,.,.,GLN,N,90,98,3.00708,0.316412,2.78072,0,1,0
A,27,.,.,.,ASP,CA,A,27,.,.,.,ASP,C,91,92,6.84489,0,1.52256,0,0,1
A,27,.,.,.,ASP,CA,A,27,.,.,.,ASP,O,91,93,2.30075,0,2.39927,0,0,0
A,27,.,.,.,ASP,CA,A,27,.,.,.,ASP,CB,91,94,9.05872,0.239398,1.52236,0,0,1
A,27,.,.,.,ASP,CA,A,27,.,.,.,ASP,CG,91,95,4.61699,0,2.51189,0,0,0
A,27,.,.,.,ASP,CA,A,27,.,.,.,ASP,OD1,91,96,1.64377,1.96045,3.3028,0,0,0
A,27,.,.,.,ASP,CA,A,27,.,.,.,ASP,OD2,91,97,0.364995,0,3.1099,0,0,0
A,27,.,.,.,ASP,CA,A,28,.,.,.,GLN,N,91,98,1.02643,0,2.4402,0,1,0
A,27,.,.,.,ASP,CA,A,30,.,.,.,PHE,CB,91,119,1.6452,0,4.85795,1.13085,3,0
A,27,.,.,.,ASP,CA,A,30,.,.,.,PHE,CD2,91,122,4.10008,1.21462,4.65681,1.0456,3,0
A,27,.,.,.,ASP,CA,A,137,.,.,.,LEU,CD2,91,1012,1.28359,0.419734,5.82113,0.204371,5,0
A,27,.,.,.,ASP,C,A,27,.,.,.,ASP,O,92,93,8.12679,0,1.23479,0,0,1
A,27,.,.,.,ASP,C,A,27,.,.,.,ASP,CB,92,94,2.80371,0,2.50072,0,0,0
A,27,.,.,.,ASP,C,A,27,.,.,.,ASP,OD2,92,97,0.436473,0,3.41522,0,0,0
A,27,.,.,.,ASP,C,A,28,.,.,.,GLN,N,92,98,6.78505,0,1.33177,0,1,1
A,27,.,.,.,ASP,C,A,28,.,.,.,GLN,CA,92,99,1.43686,0,2.41878,0,1,0
A,27,.,.,.,ASP,C,A,28,.,.,.,GLN,C,92,100,0.320695,0,3.06775,0,1,0
A,27,.,.,.,ASP,C,A,29,.,.,.,ASP,N,92,107,0.922483,0,3.28069,1.50837,2,0
A,27,.,.,.,ASP,C,A,30,.,.,.,PHE,N,92,115,0.446257,0,3.95114,0.787751,3,0
A,27,.,.,.,ASP,C,A,30,.,.,.,PHE,CB,92,119,0.0567739,0,4.52194,0.00791553,3,0
A,27,.,.,.,ASP,C,A,31,.,.,.,ARG,CZ,92,134,1.22189,0,4.43245,0.821369,4,0
A,27,.,.,.,ASP,C,A,31,.,.,.,ARG,NH2,92,136,0.157447,0,4.40661,-0.0495415,4,0
A,27,.,.,.,ASP,O,A,27,.,.,.,ASP,OD2,93,97,4.30617,0.0339394,3.2679,0,0,0
A,27,.,.,.,ASP,O,A,28,.,.,.,GLN,CA,93,99,2.2966,0,2.72866,0,1,0
A,27,.,.,.,ASP,O,A,28,.,.,.,GLN,C,93,100,1.22803,0,3.0467,0,1,0
A,27,.,.,.,ASP,O,A,29,.,.,.,ASP,N,93,107,0.0108797,0,3.46569,0.0117064,2,0
A,27,.,.,.,ASP,O,A,30,.,.,.,PHE,N,93,115,1.78468,0,3.41904,-0.644612,3,0
A,27,.,.,.,ASP,O,A,30,.,.,.,PHE,CA,93,116,0.0286357,0,3.90651,0.0217111,3,0
A,27,.,.,.,ASP,O,A,30,.,.,.,PHE,CB,93,119,5.26552,0.0333728,3.7319,0.704179,3,0
A,27,.,.,.,ASP,O,A,31,.,.,.,ARG,N,93,126,3.29252,0,3.23678,-2.43491,4,0
A,27,.,.,.,ASP,O,A,31,.,.,.,ARG,CB,93,130,1.06935,0,3.73621,-0.013122,4,0
A,27,.,.,.,ASP,O,A,31,.,.,.,ARG,CG,93,131,5.11129,0.0232889,3.62373,-0.319302,4,0
A,27,.,.,.,ASP,O,A,31,.,.,.,ARG,NE,93,133,0.00233176,0,4.16858,-0.000849557,4,0
A,27,.,.,.,ASP,O,A,31,.,.,.,ARG,CZ,93,134,1.05381,0,4.1801,0.400176,4,0
A,27,.,.,.,ASP,CB,A,27,.,.,.,ASP,CG,94,95,12.0981,2.71171,1.50124,0,0,1
A,27,.,.,.,ASP,CB,A,27,.,.,.,ASP,OD1,94,96,6.89737,5.15748,2.3595,0,0,0
A,27,.,.,.,ASP,CB,A,27,.,.,.,ASP,OD2,94,97,1.7823,0,2.36604,0,0,0
A,27,.,.,.,ASP,CB,A,28,.,.,.,GLN,N,94,98,4.0022,1.98501,3.22562,0,1,0
A,27,.,.,.,ASP,CB,A,31,.,.,.,ARG,CZ,94,134,0.54309,0,4.85997,-0.130326,4,0
A,27,.,.,.,ASP,CB,A,31,.,.,.,ARG,NH1,94,135,2.92805,1.56398,4.50668,-1.41986,4,0
A,27,.,.,.,ASP,CB,A,31,.,.,.,ARG,NH2,94,136,2.86011,2.13421,4.88745,-1.44975,4,0
A,27,.,.,.,ASP,CG,A,27,.,.,.,ASP,OD1,95,96,16.2333,4.06684,1.24672,0,0,1
A,27,.,.,.,ASP,CG,A,27,.,.,.,ASP,OD2,95,97,15.2762,2.50559,1.24937,0,0,1
A,27,.,.,.,ASP,CG,A,30,.,.,.,PHE,CB,95,119,0.0281494,0,5.84172,-0.0103536,3,0
A,27,.,.,.,ASP,CG,A,31,.,.,.,ARG,NH1,95,135,1.02119,1.38614,4.25721,-2.41736,4,0
A,27,.,.,.,ASP,CG,A,137,.,.,.,LEU,CD2,95,1012,2.49274,0,5.32487,-0.283799,5,0
A,27,.,.,.,ASP,OD1,A,27,.,.,.,ASP,OD2,96,97,1.85562,2.11069,2.19948,0,0,0
A,27,.,.,.,ASP,OD1,A,137,.,.,.,LEU,CD2,96,1012,6.48122,5.2197,5.00086,4.32414,5,0
A,27,.,.,.,ASP,OD1,A,139,.,.,.,MET,SD,96,1026,0.16836,0.375458,5.99335,0.0567969,5,0
A,27,.,.,.,ASP,OD1,A,139,.,.,.,MET,CE,96,1027,0.178101,0.707988,5.87377,0.0585105,5,0
A,27,.,.,.,ASP,OD2,A,30,.,.,.,PHE,CB,97,119,0.671627,0.79783,5.56795,0.308412,3,0
A,27,.,.,.,ASP,OD2,A,31,.,.,.,ARG,CG,97,131,4.42268,1.11271,4.52791,-2.34695,4,0
A,27,.,.,.,ASP,OD2,A,31,.,.,.,ARG,CD,97,132,0.659132,0.751508,4.65754,-0.689689,4,0
A,27,.,.,.,ASP,OD2,A,31,.,.,.,ARG,CZ,97,134,0.340627,0,4.12766,-0.482716,4,0
A,27,.,.,.,ASP,OD2,A,31,.,.,.,ARG,NH1,97,135,9.71914,3.9402,3.39922,-15.9091,4,0
A,27,.,.,.,ASP,OD2,A,137,.,.,.,LEU,CD2,97,1012,1.80359,0.260721,5.31166,0.842267,5,0
A,27,.,.,.,ASP,OD2,A,139,.,.,.,MET,SD,97,1026,0.77981,0.440303,5.57306,0.263071,5,0
A,27,.,.,.,ASP,OD2,A,139,.,.,.,MET,CE,97,1027,7.28311,4.77059,5.05884,1.76661,5,0
A,28,.,.,.,GLN,N,A,28,.,.,.,GLN,CA,98,99,7.05822,0,1.45755,0,0,1
A,28,.,.,.,GLN,N,A,28,.,.,.,GLN,C,98,100,0.0517446,0,2.46704,0,0,0
A,28,.,.,.,GLN,N,A,28,.,.,.,GLN,CB,98,102,5.84395,1.9338,2.44236,0,0,0
A,28,.,.,.,GLN,N,A,29,.,.,.,ASP,N,98,107,1.69994,0,2.78824,0,1,0
A,28,.,.,.,GLN,N,A,31,.,.,.,ARG,NH2,98,136,1.98977,0.452583,4.07465,1.74982,3,0
A,28,.,.,.,GLN,CA,A,28,.,.,.,GLN,C,99,100,6.74997,0,1.52535,0,0,1
A,28,.,.,.,GLN,CA,A,28,.,.,.,GLN,O,99,101,1.19989,0,2.39387,0,0,0
A,28,.,.,.,GLN,CA,A,28,.,.,.,GLN,CB,99,102,8.27441,0,1.53262,0,0,1
A,28,.,.,.,GLN,CA,A,28,.,.,.,GLN,CG,99,103,0.41181,0,2.59224,0,0,0
A,28,.,.,.,GLN,CA,A,28,.,.,.,GLN,CD,99,104,1.41928,0,3.19007,0,0,0
A,28,.,.,.,GLN,CA,A,28,.,.,.,GLN,OE1,99,105,1.4752,0,3.23693,0,0,0
A,28,.,.,.,GLN,CA,A,29,.,.,.,ASP,N,99,107,0.980004,0,2.45785,0,1,0
A,28,.,.,.,GLN,CA,A,31,.,.,.,ARG,CB,99,130,2.50505,0,4.24668,1.68847,3,0
A,28,.,.,.,GLN,CA,A,31,.,.,.,ARG,CG,99,131,0.00816285,0,4.8028,0.00519986,3,0
A,28,.,.,.,GLN,CA,A,31,.,.,.,ARG,NE,99,133,0.60981,0,4.31374,0.106209,3,0
A,28,.,.,.,GLN,CA,A,31,.,.,.,ARG,CZ,99,134,0.983955,0,4.24985,-0.251688,3,0
A,28,.,.,.,GLN,CA,A,31,.,.,.,ARG,NH2,99,136,2.65112,0,3.77677,1.23579,3,0
A,28,.,.,.,GLN,C,A,28,.,.,.,GLN,O,100,101,7.52096,0,1.23628,0,0,1
A,28,.,.,.,GLN,C,A,28,.,.,.,GLN,CB,100,102,1.25503,0,2.52415,0,0,0
A,28,.,.,.,GLN,C,A,28,.,.,.,GLN,CG,100,103,3.05916,0,2.98348,0,0,0
A,28,.,.,.,GLN,C,A,29,.,.,.,ASP,N,100,107,7.2072,0,1.33912,0,1,1
A,28,.,.,.,GLN,C,A,29,.,.,.,ASP,CA,100,108,2.1155,0,2.43042,0,1,0
A,28,.,.,.,GLN,C,A,29,.,.,.,ASP,C,100,109,0.298653,0,3.03439,0,1,0
A,28,.,.,.,GLN,C,A,30,.,.,.,PHE,N,100,115,0.996593,0,3.23055,2.22725,2,0
A,28,.,.,.,GLN,C,A,31,.,.,.,ARG,N,100,126,0.849191,0,3.64444,1.29243,3,0
A,28,.,.,.,GLN,C,A,31,.,.,.,ARG,CB,100,130,0.120925,0,4.16677,0.0249369,3,0
A,28,.,.,.,GLN,O,A,28,.,.,.,GLN,CG,101,103,1.93246,0,3.18256,0,0,0
A,28,.,.,.,GLN,O,A,28,.,.,.,GLN,CD,101,104,2.43651,0,3.44648,0,0,0
A,28,.,.,.,GLN,O,A,28,.,.,.,GLN,NE2,101,106,0.453271,0,3.83724,0,0,0
A,28,.,.,.,GLN,O,A,29,.,.,.,ASP,CA,101,108,2.51739,0,2.74288,0,1,0
A,28,.,.,.,GLN,O,A,29,.,.,.,ASP,C,101,109,1.47514,0,2.97146,0,1,0
A,28,.,.,.,GLN,O,A,30,.,.,.,PHE,N,101,115,0.00840147,0,3.36521,0.00784379,2,0
A,28,.,.,.,GLN,O,A,31,.,.,.,ARG,N,101,126,1.82073,0,3.11853,-1.4497,3,0
A,28,.,.,.,GLN,O,A,31,.,.,.,ARG,CA,101,127,0.126345,0,3.56819,-0.00604053,3,0
A,28,.,.,.,GLN,O,A,31,.,.,.,ARG,CB,101,130,2.65679,0,3.5176,0.836275,3,0
A,28,.,.,.,GLN,O,A,32,.,.,.,SER,N,101,137,4.70214,0,2.81258,-2.67532,4,0
A,28,.,.,.,GLN,O,A,32,.,.,.,SER,CB,101,141,3.12644,0,3.52876,0.613857,4,0
A,28,.,.,.,GLN,O,A,32,.,.,.,SER,OG,101,142,1.74338,0,3.57068,0.711669,4,0
A,28,.,.,.,GLN,CB,A,28,.,.,.,GLN,CG,102,103,16.4392,6.54819,1.52343,0,0,1
A,28,.,.,.,GLN,CB,A,28,.,.,.,GLN,CD,102,104,1.35359,0.256842,2.54416,0,0,0
A,28,.,.,.,GLN,CB,A,28,.,.,.,GLN,OE1,102,105,3.13143,0.891043,2.81487,0,0,0
A,28,.,.,.,GLN,CB,A,29,.,.,.,ASP,N,102,107,1.68023,0,3.28511,0,1,0
A,28,.,.,.,GLN,CB,A,29,.,.,.,ASP,CG,102,112,0.00471983,0,5.44724,0,1,0
A,28,.,.,.,GLN,CB,A,29,.,.,.,ASP,OD2,102,114,0.258342,0.295475,5.44999,0,1,0
A,28,.,.,.,GLN,CB,A,31,.,.,.,ARG,NH2,102,136,5.0606,3.10043,3.91681,-0.821512,3,0
A,28,.,.,.,GLN,CG,A,28,.,.,.,GLN,CD,103,104,12.3858,3.57714,1.51777,0,0,1
A,28,.,.,.,GLN,CG,A,28,.,.,.,GLN,NE2,103,106,5.72873,3.39531,2.41765,0,0,0
A,28,.,.,.,GLN,CG,A,29,.,.,.,ASP,N,103,107,0.400406,0,3.87134,0,1,0
A,28,.,.,.,GLN,CG,A,29,.,.,.,ASP,CA,103,108,0.365364,0.374827,4.8485,0,1,0
A,28,.,.,.,GLN,CG,A,29,.,.,.,ASP,OD2,103,114,2.00452,2.94285,5.40008,0,1,0
A,28,.,.,.,GLN,CG,A,32,.,.,.,SER,OG,103,142,2.69238,2.28654,4.48502,-0.596435,4,0
A,28,.,.,.,GLN,CD,A,28,.,.,.,GLN,OE1,104,105,14.8448,4.09594,1.23322,0,0,1
A,28,.,.,.,GLN,CD,A,28,.,.,.,GLN,NE2,104,106,16.5993,4.07597,1.32905,0,0,1
A,28,.,.,.,GLN,CD,A,31,.,.,.,ARG,CB,104,130,1.81284,0,4.73319,-0.667981,3,0
A,28,.,.,.,GLN,CD,A,32,.,.,.,SER,N,104,137,0.0249621,0,5.03905,-0.00522348,4,0
A,28,.,.,.,GLN,OE1,A,28,.,.,.,GLN,NE2,105,106,3.09204,3.76479,2.24729,0,0,0
A,28,.,.,.,GLN,OE1,A,31,.,.,.,ARG,CB,105,130,2.05864,0.590168,4.35324,-0.546549,3,0
A,28,.,.,.,GLN,OE1,A,31,.,.,.,ARG,NE,105,133,5.11378,2.51475,3.4576,-4.76407,3,0
A,28,.,.,.,GLN,OE1,A,31,.,.,.,ARG,NH2,105,136,10.5486,4.92734,2.84213,-9.08802,3,0
A,28,.,.,.,GLN,NE2,A,31,.,.,.,ARG,CB,106,130,1.57437,1.60321,5.0546,0.148711,3,0
A,28,.,.,.,GLN,NE2,A,32,.,.,.,SER,N,106,137,1.19949,0.243123,4.7745,0.518439,4,0
A,28,.,.,.,GLN,NE2,A,32,.,.,.,SER,CA,106,138,0.533693,0.966182,4.96427,0.0146089,4,0
A,28,.,.,.,GLN,NE2,A,32,.,.,.,SER,OG,106,142,12.5793,6.57091,3.43418,-7.62419,4,0
A,29,.,.,.,ASP,N,A,29,.,.,.,ASP,CA,107,108,7.34561,0,1.46207,0,0,1
A,29,.,.,.,ASP,N,A,29,.,.,.,ASP,C,107,109,0.0474009,0,2.46338,0,0,0
A,29,.,.,.,ASP,N,A,29,.,.,.,ASP,CB,107,111,1.59092,0,2.4638,0,0,0
A,29,.,.,.,ASP,N,A,29,.,.,.,ASP,CG,107,112,1.51839,0,3.09036,0,0,0
A,29,.,.,.,ASP,N,A,29,.,.,.,ASP,OD2,107,114,0.726355,0,3.51857,0,0,0
A,29,.,.,.,ASP,N,A,30,.,.,.,PHE,N,107,115,1.80289,0,2.7613,0,1,0
A,29,.,.,.,ASP,CA,A,29,.,.,.,ASP,C,108,109,6.72304,0,1.52298,0,0,1
A,29,.,.,.,ASP,CA,A,29,.,.,.,ASP,O,108,110,3.53893,0.99292,2.40028,0,0,0
A,29,.,.,.,ASP,CA,A,29,.,.,.,ASP,CB,108,111,9.74432,0.768066,1.53001,0,0,1
A,29,.,.,.,ASP,CA,A,29,.,.,.,ASP,CG,108,112,0.964088,0,2.54226,0,0,0
A,29,.,.,.,ASP,CA,A,29,.,.,.,ASP,OD2,108,114,6.46228,1.74569,2.90865,0,0,0
A,29,.,.,.,ASP,CA,A,30,.,.,.,PHE,N,108,115,1.03915,0,2.41668,0,1,0
A,29,.,.,.,ASP,CA,A,32,.,.,.,SER,CB,108,141,5.24213,1.41279,4.53687,1.05814,3,0
A,29,.,.,.,ASP,CA,A,32,.,.,.,SER,OG,108,142,0.0221825,0.133905,5.02879,0.00532735,3,0
A,29,.,.,.,ASP,C,A,29,.,.,.,ASP,O,109,110,8.05119,0,1.23563,0,0,1
A,29,.,.,.,ASP,C,A,29,.,.,.,ASP,CB,109,111,2.88186,0,2.50555,0,0,0
A,29,.,.,.,ASP,C,A,30,.,.,.,PHE,N,109,115,6.62354,0,1.31288,0,1,1
A,29,.,.,.,ASP,C,A,30,.,.,.,PHE,CA,109,116,1.22088,0,2.43807,0,1,0
A,29,.,.,.,ASP,C,A,30,.,.,.,PHE,C,109,117,0.369278,0,3.03663,0,1,0
A,29,.,.,.,ASP,C,A,31,.,.,.,ARG,N,109,126,0.787314,0,3.2571,0.915528,2,0
A,29,.,.,.,ASP,C,A,32,.,.,.,SER,N,109,137,0.399425,0,3.89329,0.971857,3,0
A,29,.,.,.,ASP,C,A,32,.,.,.,SER,CB,109,141,0.0312603,0,4.43892,0.00277419,3,0
A,29,.,.,.,ASP,C,A,146,.,.,.,MET,SD,109,1079,0.970809,0,4.18847,0.156896,5,0
A,29,.,.,.,ASP,C,A,146,.,.,.,MET,CE,109,1080,1.10031,0,4.10521,-0.0313384,5,0
A,29,.,.,.,ASP,O,A,29,.,.,.,ASP,CB,110,111,1.43556,1.23038,3.28925,0,0,0
A,29,.,.,.,ASP,O,A,30,.,.,.,PHE,CA,110,116,1.91158,0,2.76614,0,1,0
A,29,.,.,.,ASP,O,A,30,.,.,.,PHE,C,110,117,1.55932,0,3.01206,0,1,0
A,29,.,.,.,ASP,O,A,31,.,.,.,ARG,N,110,126,0.00974794,0,3.44527,0.00726024,2,0
A,29,.,.,.,ASP,O,A,32,.,.,.,SER,N,110,137,1.40709,0,3.45723,-0.367819,3,0
A,29,.,.,.,ASP,O,A,32,.,.,.,SER,CA,110,138,0.000642591,0,3.94016,0.000355054,3,0
A,29,.,.,.,ASP,O,A,32,.,.,.,SER,CB,110,141,3.84495,1.31589,3.80593,0.705279,3,0
A,29,.,.,.,ASP,O,A,33,.,.,.,PHE,N,110,143,4.67654,0.364691,3.01677,-1.68913,4,0
A,29,.,.,.,ASP,O,A,33,.,.,.,PHE,CB,110,147,5.28848,1.40318,3.43302,0.70725,4,0
A,29,.,.,.,ASP,O,A,146,.,.,.,MET,SD,110,1079,4.25659,1.02161,3.78257,2.20387,5,0
A,29,.,.,.,ASP,CB,A,29,.,.,.,ASP,CG,111,112,10.2151,0,1.52208,0,0,1
A,29,.,.,.,ASP,CB,A,29,.,.,.,ASP,OD1,111,113,1.40389,0,2.38652,0,0,0
A,29,.,.,.,ASP,CB,A,29,.,.,.,ASP,OD2,111,114,2.43362,1.16123,2.38838,0,0,0
A,29,.,.,.,ASP,CB,A,30,.,.,.,PHE,N,111,115,1.57252,0,3.20565,0,1,0
A,29,.,.,.,ASP,CB,A,30,.,.,.,PHE,CD2,111,122,0.123833,0,5.26937,0,1,0
A,29,.,.,.,ASP,CB,A,146,.,.,.,MET,SD,111,1079,1.2662,1.33381,4.91875,0.213978,5,0
A,29,.,.,.,ASP,CB,A,146,.,.,.,MET,CE,111,1080,6.45831,0.328598,4.10674,-4.0725,5,0
A,29,.,.,.,ASP,CG,A,29,.,.,.,ASP,OD1,112,113,11.0577,0.29327,1.24597,0,0,1
A,29,.,.,.,ASP,CG,A,29,.,.,.,ASP,OD2,112,114,12.6975,0.555125,1.24729,0,0,1
A,29,.,.,.,ASP,OD1,A,29,.,.,.,ASP,OD2,113,114,2.0111,2.58356,2.18456,0,0,0
A,29,.,.,.,ASP,OD2,A,32,.,.,.,SER,CB,114,141,1.04022,2.6851,5.63018,-0.64297,3,0
A,30,.,.,.,PHE,N,A,30,.,.,.,PHE,CA,115,116,6.84075,0,1.47235,0,0,1
A,30,.,.,.,PHE,N,A,30,.,.,.,PHE,C,115,117,0.123337,0,2.43681,0,0,0
A,30,.,.,.,PHE,N,A,30,.,.,.,PHE,CB,115,119,2.25057,0,2.4647,0,0,0
A,30,.,.,.,PHE,N,A,30,.,.,.,PHE,CG,115,120,0.27035,0,3.18973,0,0,0
A,30,.,.,.,PHE,N,A,30,.,.,.,PHE,CD2,115,122,1.82211,0,3.63729,0,0,0
A,30,.,.,.,PHE,N,A,31,.,.,.,ARG,N,115,126,1.87314,0,2.73353,0,1,0
A,30,.,.,.,PHE,N,A,146,.,.,.,MET,CE,115,1080,1.24688,0,4.13435,0.0775035,5,0
A,30,.,.,.,PHE,CA,A,30,.,.,.,PHE,C,116,117,6.83776,0,1.52553,0,0,1
A,30,.,.,.,PHE,CA,A,30,.,.,.,PHE,O,116,118,2.16668,0,2.36221,0,0,0
A,30,.,.,.,PHE,CA,A,30,.,.,.,PHE,CB,116,119,8.36796,0,1.52192,0,0,1
A,30,.,.,.,PHE,CA,A,30,.,.,.,PHE,CG,116,120,1.41501,0,2.53052,0,0,0
A,30,.,.,.,PHE,CA,A,30,.,.,.,PHE,CD1,116,121,2.39822,0,3.21788,0,0,0
A,30,.,.,.,PHE,CA,A,31,.,.,.,ARG,N,116,126,0.98444,0,2.42428,0,1,0
A,30,.,.,.,PHE,CA,A,33,.,.,.,PHE,CB,116,147,1.51659,0,4.54894,-0.835994,3,0
A,30,.,.,.,PHE,CA,A,144,.,.,.,ILE,CG2,116,1063,0.633868,0,5.12425,0.140432,5,0
A,30,.,.,.,PHE,CA,A,144,.,.,.,ILE,CD1,116,1064,0.996234,0,4.60597,-0.620015,5,0
A,30,.,.,.,PHE,CA,A,146,.,.,.,MET,SD,116,1079,3.65942,0,4.16404,-3.60911,5,0
A,30,.,.,.,PHE,CA,A,146,.,.,.,MET,CE,116,1080,0.783866,0,4.26353,-0.500806,5,0
A,30,.,.,.,PHE,C,A,30,.,.,.,PHE,O,117,118,9.00577,0,1.17905,0,0,1
A,30,.,.,.,PHE,C,A,30,.,.,.,PHE,CB,117,119,4.28774,0.1985,2.52779,0,0,0
A,30,.,.,.,PHE,C,A,31,.,.,.,ARG,N,117,126,7.44953,0,1.31813,0,1,1
A,30,.,.,.,PHE,C,A,31,.,.,.,ARG,CA,117,127,2.02151,0,2.44449,0,1,0
A,30,.,.,.,PHE,C,A,31,.,.,.,ARG,C,117,128,0.481138,0,3.05961,0,1,0
A,30,.,.,.,PHE,C,A,31,.,.,.,ARG,CG,117,131,0.043112,0.102038,4.28492,0,1,0
A,30,.,.,.,PHE,C,A,32,.,.,.,SER,N,117,137,0.549966,0,3.3866,0.785791,2,0
A,30,.,.,.,PHE,C,A,33,.,.,.,PHE,N,117,143,0.625218,0,3.86629,1.79803,3,0
A,30,.,.,.,PHE,C,A,33,.,.,.,PHE,CB,117,147,0.107513,0,4.3756,-0.0575159,3,0
A,30,.,.,.,PHE,C,A,34,.,.,.,ARG,NH1,117,163,0.846576,0.161128,5.30358,-0.15289,4,0
A,30,.,.,.,PHE,C,A,144,.,.,.,ILE,CD1,117,1064,0.51637,0,4.28873,-0.343986,5,0
A,30,.,.,.,PHE,O,A,30,.,.,.,PHE,CB,118,119,0.00342285,0,3.27093,0,0,0
A,30,.,.,.,PHE,O,A,31,.,.,.,ARG,CA,118,127,2.80403,0,2.73656,0,1,0
A,30,.,.,.,PHE,O,A,31,.,.,.,ARG,C,118,128,1.37338,0,3.01498,0,1,0
A,30,.,.,.,PHE,O,A,31,.,.,.,ARG,O,118,129,0.111783,0,3.35961,0,1,0
A,30,.,.,.,PHE,O,A,33,.,.,.,PHE,N,118,143,1.30776,0,3.4549,-2.4771,3,0
A,30,.,.,.,PHE,O,A,33,.,.,.,PHE,CA,118,144,0.111408,0,3.84463,-0.135115,3,0
A,30,.,.,.,PHE,O,A,33,.,.,.,PHE,CB,118,147,2.75878,0,3.79311,-1.75899,3,0
A,30,.,.,.,PHE,O,A,34,.,.,.,ARG,N,118,154,4.21783,0,3.03116,-3.33864,4,0
A,30,.,.,.,PHE,O,A,34,.,.,.,ARG,CB,118,158,3.01067,0,3.70656,0.351282,4,0
A,30,.,.,.,PHE,O,A,34,.,.,.,ARG,NH1,118,163,0.606943,0,4.8556,-0.342792,4,0
A,30,.,.,.,PHE,O,A,144,.,.,.,ILE,CG2,118,1063,0.00012226,0,5.02885,2.55662e-05,5,0
A,30,.,.,.,PHE,O,A,144,.,.,.,ILE,CD1,118,1064,6.64261,0,3.49054,-2.16682,5,0
A,30,.,.,.,PHE,CB,A,30,.,.,.,PHE,CG,119,120,6.56071,0,1.49821,0,0,1
A,30,.,.,.,PHE,CB,A,30,.,.,.,PHE,CD1,119,121,3.91417,0,2.48946,0,0,0
A,30,.,.,.,PHE,CB,A,30,.,.,.,PHE,CD2,119,122,4.30188,0,2.50091,0,0,0
A,30,.,.,.,PHE,CB,A,31,.,.,.,ARG,N,119,126,2.1699,0,3.2105,0,1,0
A,30,.,.,.,PHE,CB,A,31,.,.,.,ARG,CG,119,131,1.41389,2.18803,5.37844,0,1,0
A,30,.,.,.,PHE,CB,A,34,.,.,.,ARG,NH1,119,163,0.339665,1.10308,6.15166,-0.0689391,4,0
A,30,.,.,.,PHE,CB,A,137,.,.,.,LEU,CD2,119,1012,7.70924,0.302006,4.1655,-12.4834,5,0
A,30,.,.,.,PHE,CB,A,139,.,.,.,MET,CG,119,1025,1.09695,0.576137,5.89328,-0.925308,5,0
A,30,.,.,.,PHE,CB,A,139,.,.,.,MET,SD,119,1026,2.3825,2.38346,5.56968,-2.29882,5,0
A,30,.,.,.,PHE,CB,A,144,.,.,.,ILE,CD1,119,1064,4.9487,0.067028,4.53501,-8.58075,5,0
A,30,.,.,.,PHE,CG,A,30,.,.,.,PHE,CD1,120,121,7.3124,0,1.3624,0,0,1
A,30,.,.,.,PHE,CG,A,30,.,.,.,PHE,CD2,120,122,7.34673,0,1.36869,0,0,1
A,30,.,.,.,PHE,CG,A,137,.,.,.,LEU,CB,120,1009,0.00539683,0,4.26396,-0.0115866,5,0
A,30,.,.,.,PHE,CG,A,137,.,.,.,LEU,CD2,120,1012,1.55865,0,3.86143,-2.61651,5,0
A,30,.,.,.,PHE,CG,A,146,.,.,.,MET,CE,120,1080,0.739049,0,3.9653,-2.13906,5,0
A,30,.,.,.,PHE,CD1,A,30,.,.,.,PHE,CD2,121,122,0.823265,0,2.33731,0,0,0
A,30,.,.,.,PHE,CD1,A,30,.,.,.,PHE,CE1,121,123,10.0165,0,1.37707,0,0,1
A,30,.,.,.,PHE,CD1,A,30,.,.,.,PHE,CE2,121,124,0.0199191,0,2.71806,0,0,0
A,30,.,.,.,PHE,CD1,A,137,.,.,.,LEU,CB,121,1009,3.3993,0,3.88293,-4.49779,5,0
A,30,.,.,.,PHE,CD1,A,137,.,.,.,LEU,CD2,121,1012,0.977341,0,4.27575,-1.33984,5,0
A,30,.,.,.,PHE,CD1,A,144,.,.,.,ILE,CB,121,1061,3.66533,0,3.94209,-4.47024,5,0
A,30,.,.,.,PHE,CD1,A,144,.,.,.,ILE,CG2,121,1063,4.59869,0,3.59562,-7.2664,5,0
A,30,.,.,.,PHE,CD1,A,144,.,.,.,ILE,CD1,121,1064,1.81761,0,4.45,-3.0941,5,0
A,30,.,.,.,PHE,CD1,A,146,.,.,.,MET,CG,121,1078,0.50622,0,4.21609,-0.712834,5,0
A,30,.,.,.,PHE,CD1,A,146,.,.,.,MET,SD,121,1079,2.24732,0,4.01922,-3.68781,5,0
A,30,.,.,.,PHE,CD1,A,146,.,.,.,MET,CE,121,1080,1.69199,0,3.71555,-2.72436,5,0
A,30,.,.,.,PHE,CD2,A,30,.,.,.,PHE,CE1,122,123,0.0500794,0,2.7107,0,0,0
A,30,.,.,.,PHE,CD2,A,30,.,.,.,PHE,CE2,122,124,14.6985,1.60018,1.37505,0,0,1
A,30,.,.,.,PHE,CD2,A,30,.,.,.,PHE,CZ,122,125,0.000551275,0,2.37066,0,0,0
A,30,.,.,.,PHE,CD2,A,137,.,.,.,LEU,CB,122,1009,0.114474,0,4.40962,-0.151466,5,0
A,30,.,.,.,PHE,CD2,A,137,.,.,.,LEU,CD2,122,1012,6.46267,1.16559,3.88218,-10.3739,5,0
A,30,.,.,.,PHE,CD2,A,146,.,.,.,MET,CE,122,1080,1.60118,0,4.14653,-2.57814,5,0
A,30,.,.,.,PHE,CE1,A,30,.,.,.,PHE,CE2,123,124,0.0816548,0,2.34232,0,0,0
A,30,.,.,.,PHE,CE1,A,30,.,.,.,PHE,CZ,123,125,10.6952,0,1.35633,0,0,1
A,30,.,.,.,PHE,CE1,A,135,.,.,.,SER,C,123,987,0.14768,0,4.17257,-0.0855507,5,0
A,30,.,.,.,PHE,CE1,A,135,.,.,.,SER,O,123,988,3.42277,0,3.84542,-0.127431,5,0
A,30,.,.,.,PHE,CE1,A,136,.,.,.,TRP,CA,123,992,1.90699,0,4.16775,-1.27606,5,0
A,30,.,.,.,PHE,CE1,A,136,.,.,.,TRP,C,123,993,0.566264,0,4.00439,-0.208719,5,0
A,30,.,.,.,PHE,CE1,A,137,.,.,.,LEU,N,123,1005,1.37035,0,3.96153,0.088411,5,0
A,30,.,.,.,PHE,CE1,A,137,.,.,.,LEU,CB,123,1009,3.30002,0,3.65207,-5.30525,5,0
A,30,.,.,.,PHE,CE1,A,144,.,.,.,ILE,C,123,1059,0.164767,0,4.60027,-0.0921266,5,0
A,30,.,.,.,PHE,CE1,A,144,.,.,.,ILE,O,123,1060,2.29049,0,4.07652,-0.671132,5,0
A,30,.,.,.,PHE,CE1,A,144,.,.,.,ILE,CB,123,1061,1.00501,0,4.31843,-1.56578,5,0
A,30,.,.,.,PHE,CE1,A,144,.,.,.,ILE,CG2,123,1063,2.28394,0,3.95336,-2.99861,5,0
A,30,.,.,.,PHE,CE1,A,145,.,.,.,ILE,CA,123,1066,0.250349,0,5.2894,-0.12788,5,0
A,30,.,.,.,PHE,CE1,A,146,.,.,.,MET,N,123,1073,0.0823697,0,4.96461,-0.0132992,5,0
A,30,.,.,.,PHE,CE1,A,146,.,.,.,MET,CG,123,1078,3.57976,0,4.07941,-5.41102,5,0
A,30,.,.,.,PHE,CE1,A,146,.,.,.,MET,SD,123,1079,0.00367562,0,4.2944,-0.00538041,5,0
A,30,.,.,.,PHE,CE1,A,146,.,.,.,MET,CE,123,1080,2.44746,0,3.7011,-4.04849,5,0
A,30,.,.,.,PHE,CE2,A,30,.,.,.,PHE,CZ,124,125,12.5091,0,1.36063,0,0,1
A,30,.,.,.,PHE,CE2,A,111,.,.,.,ASN,ND2,124,791,4.93471,3.04227,4.79663,-0.738534,5,0
A,30,.,.,.,PHE,CE2,A,135,.,.,.,SER,CB,124,989,0.0726486,0,4.57605,-0.0384523,5,0
A,30,.,.,.,PHE,CE2,A,135,.,.,.,SER,OG,124,990,2.92609,0.314388,4.06299,-1.05991,5,0
A,30,.,.,.,PHE,CE2,A,137,.,.,.,LEU,CB,124,1009,1.47854,0,4.23626,-1.97196,5,0
A,30,.,.,.,PHE,CE2,A,137,.,.,.,LEU,CG,124,1010,0.00532579,0,4.84457,-0.00855332,5,0
A,30,.,.,.,PHE,CE2,A,137,.,.,.,LEU,CD1,124,1011,0.777315,0.539516,5.31481,-1.11799,5,0
A,30,.,.,.,PHE,CE2,A,137,.,.,.,LEU,CD2,124,1012,2.22564,0.951399,4.33636,-3.23128,5,0
A,30,.,.,.,PHE,CE2,A,146,.,.,.,MET,CE,124,1080,0.788566,0,4.11187,-1.30441,5,0
A,30,.,.,.,PHE,CZ,A,111,.,.,.,ASN,ND2,125,791,1.48527,0,4.69746,-0.256454,5,0
A,30,.,.,.,PHE,CZ,A,135,.,.,.,SER,C,125,987,1.65393,0,3.89644,-0.631642,5,0
A,30,.,.,.,PHE,CZ,A,135,.,.,.,SER,O,125,988,0.47001,0,3.94418,-0.00939705,5,0
A,30,.,.,.,PHE,CZ,A,135,.,.,.,SER,CB,125,989,4.20102,0,3.90654,-3.59031,5,0
A,30,.,.,.,PHE,CZ,A,135,.,.,.,SER,OG,125,990,3.49798,0,3.57694,-0.792293,5,0
A,30,.,.,.,PHE,CZ,A,136,.,.,.,TRP,N,125,991,1.53167,0,3.90332,0.0224003,5,0
A,30,.,.,.,PHE,CZ,A,136,.,.,.,TRP,CA,125,992,0.411807,0,4.18981,-0.335383,5,0
A,30,.,.,.,PHE,CZ,A,136,.,.,.,TRP,C,125,993,1.84023,0,3.92958,-0.355429,5,0
A,30,.,.,.,PHE,CZ,A,136,.,.,.,TRP,O,125,994,1.33076,0,4.05777,-0.0321693,5,0
A,30,.,.,.,PHE,CZ,A,137,.,.,.,LEU,CB,125,1009,2.78158,0,3.84952,-4.68056,5,0
A,30,.,.,.,PHE,CZ,A,146,.,.,.,MET,CE,125,1080,2.45091,0,3.91093,-4.34308,5,0
A,31,.,.,.,ARG,N,A,31,.,.,.,ARG,CA,126,127,7.04617,0,1.47576,0,0,1
A,31,.,.,.,ARG,N,A,31,.,.,.,ARG,C,126,128,0.180224,0,2.4571,0,0,0
A,31,.,.,.,ARG,N,A,31,.,.,.,ARG,CB,126,130,1.85042,0,2.45872,0,0,0
A,31,.,.,.,ARG,N,A,31,.,.,.,ARG,CG,126,131,2.59717,0,3.18003,0,0,0
A,31,.,.,.,ARG,N,A,32,.,.,.,SER,N,126,137,1.5345,0,2.80958,0,1,0
A,31,.,.,.,ARG,CA,A,31,.,.,.,ARG,C,127,128,6.90455,0,1.5276,0,0,1
A,31,.,.,.,ARG,CA,A,31,.,.,.,ARG,O,127,129,4.02513,0.749964,2.35471,0,0,0
A,31,.,.,.,ARG,CA,A,31,.,.,.,ARG,CB,127,130,9.24358,0.660824,1.52607,0,0,1
A,31,.,.,.,ARG,CA,A,31,.,.,.,ARG,CG,127,131,5.40731,0,2.52633,0,0,0
A,31,.,.,.,ARG,CA,A,32,.,.,.,SER,N,127,137,1.00405,0,2.42152,0,1,0
A,31,.,.,.,ARG,CA,A,34,.,.,.,ARG,CB,127,158,1.96965,0,4.74323,1.31179,3,0
A,31,.,.,.,ARG,CA,A,34,.,.,.,ARG,CZ,127,162,1.66667,0.376634,5.2697,-0.65707,3,0
A,31,.,.,.,ARG,CA,A,34,.,.,.,ARG,NH1,127,163,3.17272,0,4.76858,1.20259,3,0
A,31,.,.,.,ARG,CA,A,34,.,.,.,ARG,NH2,127,164,0.0655749,0.224952,5.56071,0.00926304,3,0
A,31,.,.,.,ARG,C,A,31,.,.,.,ARG,O,128,129,9.51632,0.251669,1.18271,0,0,1
A,31,.,.,.,ARG,C,A,31,.,.,.,ARG,CB,128,130,4.88039,2.1307,2.55202,0,0,0
A,31,.,.,.,ARG,C,A,32,.,.,.,SER,N,128,137,7.30072,0.22448,1.31068,0,1,1
A,31,.,.,.,ARG,C,A,32,.,.,.,SER,CA,128,138,2.44509,0.88861,2.41802,0,1,0
A,31,.,.,.,ARG,C,A,32,.,.,.,SER,C,128,139,0.379828,0,2.93687,0,1,0
A,31,.,.,.,ARG,C,A,33,.,.,.,PHE,N,128,143,0.985489,0,3.21717,1.92895,2,0
A,31,.,.,.,ARG,C,A,34,.,.,.,ARG,N,128,154,0.258369,0,3.81881,0.466904,3,0
A,31,.,.,.,ARG,C,A,35,.,.,.,SER,CB,128,169,0.676692,1.40892,4.35352,0.0365358,4,0
A,31,.,.,.,ARG,O,A,31,.,.,.,ARG,CB,129,130,0.998143,2.02531,3.35685,0,0,0
A,31,.,.,.,ARG,O,A,32,.,.,.,SER,CA,129,138,1.63426,0,2.72199,0,1,0
A,31,.,.,.,ARG,O,A,32,.,.,.,SER,C,129,139,1.86807,0,2.82748,0,1,0
A,31,.,.,.,ARG,O,A,33,.,.,.,PHE,N,129,143,0.0494451,0,3.28684,0.0469504,2,0
A,31,.,.,.,ARG,O,A,34,.,.,.,ARG,N,129,154,2.12145,0,3.22266,-1.39942,3,0
A,31,.,.,.,ARG,O,A,34,.,.,.,ARG,CA,129,155,0.0367102,0,3.76847,0.0293257,3,0
A,31,.,.,.,ARG,O,A,34,.,.,.,ARG,CB,129,158,3.10856,0.0947344,3.825,0.795773,3,0
A,31,.,.,.,ARG,O,A,34,.,.,.,ARG,CZ,129,162,0.462789,0.949943,5.46574,-0.119897,3,0
A,31,.,.,.,ARG,O,A,35,.,.,.,SER,N,129,165,5.19793,0.57825,2.83916,-3.48915,4,0
A,31,.,.,.,ARG,O,A,35,.,.,.,SER,CB,129,169,7.41307,2.96644,3.36349,1.34377,4,0
A,31,.,.,.,ARG,CB,A,31,.,.,.,ARG,CG,130,131,10.647,1.08997,1.51582,0,0,1
A,31,.,.,.,ARG,CB,A,31,.,.,.,ARG,CD,130,132,4.59778,3.12936,2.56151,0,0,0
A,31,.,.,.,ARG,CB,A,31,.,.,.,ARG,NE,130,133,4.85501,0.882714,2.81059,0,0,0
A,31,.,.,.,ARG,CB,A,32,.,.,.,SER,N,130,137,2.5641,0.353656,3.17251,0,1,0
A,31,.,.,.,ARG,CB,A,34,.,.,.,ARG,NH2,130,164,0.0249827,0.265926,5.62263,0.00402304,3,0
A,31,.,.,.,ARG,CG,A,31,.,.,.,ARG,CD,131,132,16.5173,2.06046,1.50117,0,0,1
A,31,.,.,.,ARG,CG,A,31,.,.,.,ARG,NE,131,133,1.50164,0,2.32565,0,0,0
A,31,.,.,.,ARG,CG,A,31,.,.,.,ARG,CZ,131,134,0.973776,0,3.32252,0,0,0
A,31,.,.,.,ARG,CG,A,31,.,.,.,ARG,NH1,131,135,0.163484,0,3.73309,0,0,0
A,31,.,.,.,ARG,CG,A,34,.,.,.,ARG,CZ,131,162,0.5015,0,5.12466,-0.374034,3,0
A,31,.,.,.,ARG,CG,A,34,.,.,.,ARG,NH1,131,163,5.83171,1.22297,4.67133,-0.275847,3,0
A,31,.,.,.,ARG,CG,A,34,.,.,.,ARG,NH2,131,164,4.51167,1.4893,4.89841,-0.213408,3,0
A,31,.,.,.,ARG,CG,A,139,.,.,.,MET,CE,131,1027,4.65098,3.09763,5.88733,-3.31874,5,0
A,31,.,.,.,ARG,CD,A,31,.,.,.,ARG,NE,132,133,10.546,3.75102,1.43592,0,0,1
A,31,.,.,.,ARG,CD,A,31,.,.,.,ARG,CZ,132,134,3.10169,1.23981,2.432,0,0,0
A,31,.,.,.,ARG,CD,A,31,.,.,.,ARG,NH1,132,135,9.19225,5.05782,2.78576,0,0,0
A,31,.,.,.,ARG,CD,A,34,.,.,.,ARG,NH2,132,164,4.95281,5.55472,5.13447,-1.72792,3,0
A,31,.,.,.,ARG,CD,A,139,.,.,.,MET,CE,132,1027,0.127074,1.09282,6.2904,-0.0559985,5,0
A,31,.,.,.,ARG,NE,A,31,.,.,.,ARG,CZ,133,134,10.9109,2.34183,1.30975,0,0,1
A,31,.,.,.,ARG,NE,A,31,.,.,.,ARG,NH2,133,136,1.37202,0.345959,2.25833,0,0,0
A,31,.,.,.,ARG,CZ,A,31,.,.,.,ARG,NH1,134,135,13.6515,3.18492,1.3189,0,0,1
A,31,.,.,.,ARG,CZ,A,31,.,.,.,ARG,NH2,134,136,15.3289,3.93045,1.31173,0,0,1
A,31,.,.,.,ARG,NH1,A,31,.,.,.,ARG,NH2,135,136,4.97125,3.90168,2.28999,0,0,0
A,32,.,.,.,SER,N,A,32,.,.,.,SER,CA,137,138,8.3229,0.474115,1.46566,0,0,1
A,32,.,.,.,SER,N,A,32,.,.,.,SER,C,137,139,0.129108,0,2.4156,0,0,0
A,32,.,.,.,SER,N,A,32,.,.,.,SER,CB,137,141,2.17869,0,2.41811,0,0,0
A,32,.,.,.,SER,N,A,32,.,.,.,SER,OG,137,142,0.563146,0,3.07666,0,0,0
A,32,.,.,.,SER,N,A,33,.,.,.,PHE,N,137,143,1.66651,0,2.76546,0,1,0
A,32,.,.,.,SER,CA,A,32,.,.,.,SER,C,138,139,6.10831,0,1.50828,0,0,1
A,32,.,.,.,SER,CA,A,32,.,.,.,SER,O,138,140,3.82998,1.0193,2.29234,0,0,0
A,32,.,.,.,SER,CA,A,32,.,.,.,SER,CB,138,141,10.3485,1.28304,1.4702,0,0,1
A,32,.,.,.,SER,CA,A,32,.,.,.,SER,OG,138,142,5.56562,3.19666,2.34987,0,0,0
A,32,.,.,.,SER,CA,A,33,.,.,.,PHE,N,138,143,0.857016,0,2.41316,0,1,0
A,32,.,.,.,SER,CA,A,35,.,.,.,SER,CB,138,169,6.22163,3.01583,4.32899,0.202233,3,0
A,32,.,.,.,SER,CA,A,35,.,.,.,SER,OG,138,170,0.219348,1.17287,4.95822,-0.0271688,3,0
A,32,.,.,.,SER,C,A,32,.,.,.,SER,O,139,140,8.3488,0,1.16828,0,0,1
A,32,.,.,.,SER,C,A,32,.,.,.,SER,CB,139,141,3.61848,0,2.43272,0,0,0
A,32,.,.,.,SER,C,A,33,.,.,.,PHE,N,139,143,7.00987,0,1.31605,0,1,1
A,32,.,.,.,SER,C,A,33,.,.,.,PHE,CA,139,144,1.49077,0,2.43461,0,1,0
A,32,.,.,.,SER,C,A,33,.,.,.,PHE,C,139,145,0.691258,0,2.98792,0,1,0
A,32,.,.,.,SER,C,A,34,.,.,.,ARG,N,139,154,0.502504,0,3.35924,0.812534,2,0
A,32,.,.,.,SER,C,A,35,.,.,.,SER,N,139,165,0.532199,0,3.78874,1.01287,3,0
A,32,.,.,.,SER,C,A,35,.,.,.,SER,CB,139,169,0.0990654,0,4.22041,-0.0217382,3,0
A,32,.,.,.,SER,C,A,36,.,.,.,GLU,OE1,139,178,1.01522,0,4.47705,1.17668,4,0
A,32,.,.,.,SER,O,A,32,.,.,.,SER,CB,140,141,2.22289,1.93186,3.14049,0,0,0
A,32,.,.,.,SER,O,A,33,.,.,.,PHE,CA,140,144,1.62648,0,2.78429,0,1,0
A,32,.,.,.,SER,O,A,33,.,.,.,PHE,C,140,145,1.2056,0,2.99938,0,1,0
A,32,.,.,.,SER,O,A,33,.,.,.,PHE,O,140,146,0.00274991,0,3.30803,0,1,0
A,32,.,.,.,SER,O,A,35,.,.,.,SER,N,140,165,1.11559,0,3.38713,-0.974849,3,0
A,32,.,.,.,SER,O,A,35,.,.,.,SER,CA,140,166,0.0762419,0,3.74355,-0.0289486,3,0
A,32,.,.,.,SER,O,A,35,.,.,.,SER,CB,140,169,3.24663,0,3.64657,-0.621898,3,0
A,32,.,.,.,SER,O,A,35,.,.,.,SER,OG,140,170,0.845191,1.37215,4.14126,0.108275,3,0
A,32,.,.,.,SER,O,A,36,.,.,.,GLU,N,140,171,5.23885,0.349648,2.8227,-0.85904,4,0
A,32,.,.,.,SER,O,A,36,.,.,.,GLU,CA,140,172,0.0571578,0.206633,3.65625,0.0660024,4,0
A,32,.,.,.,SER,O,A,36,.,.,.,GLU,CB,140,175,5.64715,0.982722,3.35819,5.076,4,0
A,32,.,.,.,SER,O,A,36,.,.,.,GLU,CG,140,176,0.137642,0.782929,4.3681,0.130042,4,0
A,32,.,.,.,SER,O,A,36,.,.,.,GLU,OE1,140,178,2.18679,0.643373,3.96656,2.18183,4,0
A,32,.,.,.,SER,CB,A,32,.,.,.,SER,OG,141,142,18.2711,8.27948,1.38558,0,0,1
A,32,.,.,.,SER,CB,A,33,.,.,.,PHE,N,141,143,3.93632,1.44387,3.04783,0,1,0
A,32,.,.,.,SER,CB,A,36,.,.,.,GLU,OE1,141,178,3.08976,3.96128,5.31191,-1.70517,4,0
A,33,.,.,.,PHE,N,A,33,.,.,.,PHE,CA,143,144,8.93272,0.815742,1.46777,0,0,1
A,33,.,.,.,PHE,N,A,33,.,.,.,PHE,C,143,145,0.15781,0,2.45208,0,0,0
A,33,.,.,.,PHE,N,A,33,.,.,.,PHE,CB,143,147,2.91186,0.633619,2.46671,0,0,0
A,33,.,.,.,PHE,N,A,34,.,.,.,ARG,N,143,154,1.31763,0,2.87929,0,1,0
A,33,.,.,.,PHE,N,A,36,.,.,.,GLU,OE1,143,178,0.300554,0.27931,4.58258,0.260296,3,0
A,33,.,.,.,PHE,CA,A,33,.,.,.,PHE,C,144,145,6.42026,0,1.51699,0,0,1
A,33,.,.,.,PHE,CA,A,33,.,.,.,PHE,O,144,146,1.95489,0,2.28518,0,0,0
A,33,.,.,.,PHE,CA,A,33,.,.,.,PHE,CB,144,147,10.159,0.0786763,1.51735,0,0,1
A,33,.,.,.,PHE,CA,A,33,.,.,.,PHE,CG,144,148,1.21068,0,2.49489,0,0,0
A,33,.,.,.,PHE,CA,A,33,.,.,.,PHE,CD1,144,149,2.42653,0,3.33109,0,0,0
A,33,.,.,.,PHE,CA,A,34,.,.,.,ARG,N,144,154,1.11876,0,2.43364,0,1,0
A,33,.,.,.,PHE,CA,A,36,.,.,.,GLU,CB,144,175,2.69178,0,4.17292,2.9813,3,0
A,33,.,.,.,PHE,CA,A,36,.,.,.,GLU,OE1,144,178,4.17705,0.0443192,4.20595,4.07706,3,0
A,33,.,.,.,PHE,CA,A,168,.,.,.,GLN,NE2,144,1263,1.30433,0.761718,4.90036,0.457433,5,0
A,33,.,.,.,PHE,CA,A,186,.,.,.,LEU,CD2,144,1398,0.00235199,0,5.557,0.000116899,5,0
A,33,.,.,.,PHE,C,A,33,.,.,.,PHE,O,145,146,6.77627,0,1.13568,0,0,1
A,33,.,.,.,PHE,C,A,33,.,.,.,PHE,CB,145,147,0.576027,0,2.54917,0,0,0
A,33,.,.,.,PHE,C,A,33,.,.,.,PHE,CG,145,148,0.273926,0,2.99397,0,0,0
A,33,.,.,.,PHE,C,A,33,.,.,.,PHE,CD2,145,150,2.49803,0,3.11303,0,0,0
A,33,.,.,.,PHE,C,A,34,.,.,.,ARG,N,145,154,6.22061,0,1.29796,0,1,1
A,33,.,.,.,PHE,C,A,34,.,.,.,ARG,CA,145,155,1.32795,0,2.37436,0,1,0
A,33,.,.,.,PHE,C,A,34,.,.,.,ARG,C,145,156,0.434294,0,2.95001,0,1,0
A,33,.,.,.,PHE,C,A,35,.,.,.,SER,N,145,165,0.739408,0,3.27108,1.05647,2,0
A,33,.,.,.,PHE,C,A,36,.,.,.,GLU,N,145,171,0.449373,0,3.62279,1.02397,3,0
A,33,.,.,.,PHE,C,A,36,.,.,.,GLU,CB,145,175,0.0169209,0,4.03535,0.00934776,3,0
A,33,.,.,.,PHE,O,A,33,.,.,.,PHE,CG,146,148,0.513246,0,3.31318,0,0,0
A,33,.,.,.,PHE,O,A,33,.,.,.,PHE,CD1,146,149,0.626719,0,4.02659,0,0,0
A,33,.,.,.,PHE,O,A,33,.,.,.,PHE,CD2,146,150,1.55614,0,3.31912,0,0,0
A,33,.,.,.,PHE,O,A,34,.,.,.,ARG,CA,146,155,2.20807,0,2.6252,0,1,0
A,33,.,.,.,PHE,O,A,34,.,.,.,ARG,C,146,156,1.54853,0,2.8312,0,1,0
A,33,.,.,.,PHE,O,A,34,.,.,.,ARG,O,146,157,0.00713511,0,3.28969,0,1,0
A,33,.,.,.,PHE,O,A,36,.,.,.,GLU,N,146,171,1.85801,0,3.07297,-0.74918,3,0
A,33,.,.,.,PHE,O,A,36,.,.,.,GLU,CA,146,172,0.0914489,0,3.54617,0.0682263,3,0
A,33,.,.,.,PHE,O,A,36,.,.,.,GLU,CB,146,175,3.7956,0,3.32052,2.54975,3,0
A,33,.,.,.,PHE,O,A,37,.,.,.,CYS,N,146,180,3.33815,0,3.09097,-5.90475,4,0
A,33,.,.,.,PHE,O,A,37,.,.,.,CYS,CB,146,184,0.377282,0,3.95806,-0.300733,4,0
A,33,.,.,.,PHE,O,A,37,.,.,.,CYS,SG,146,185,4.23533,0,3.586,-1.11698,4,0
A,33,.,.,.,PHE,O,A,186,.,.,.,LEU,CD2,146,1398,0.929673,0,4.7104,-0.28627,5,0
A,33,.,.,.,PHE,CB,A,33,.,.,.,PHE,CG,147,148,6.15166,0,1.48824,0,0,1
A,33,.,.,.,PHE,CB,A,33,.,.,.,PHE,CD1,147,149,4.37749,0,2.49312,0,0,0
A,33,.,.,.,PHE,CB,A,33,.,.,.,PHE,CD2,147,150,3.60359,0,2.46014,0,0,0
A,33,.,.,.,PHE,CB,A,34,.,.,.,ARG,N,147,154,1.29858,0,3.19296,0,1,0
A,33,.,.,.,PHE,CB,A,144,.,.,.,ILE,CG2,147,1063,0.758275,0,4.93784,-0.518681,5,0
A,33,.,.,.,PHE,CB,A,144,.,.,.,ILE,CD1,147,1064,0.431335,0,5.22327,-0.451595,5,0
A,33,.,.,.,PHE,CB,A,146,.,.,.,MET,SD,147,1079,9.29461,0.721688,3.532,-17.0598,5,0
A,33,.,.,.,PHE,CB,A,168,.,.,.,GLN,NE2,147,1263,3.41657,2.00432,4.62328,-0.0511115,5,0
A,33,.,.,.,PHE,CG,A,33,.,.,.,PHE,CD1,148,149,7.76913,0,1.36593,0,0,1
A,33,.,.,.,PHE,CG,A,33,.,.,.,PHE,CD2,148,150,7.39546,0,1.35531,0,0,1
A,33,.,.,.,PHE,CG,A,146,.,.,.,MET,CG,148,1078,0.81748,0,4.16627,-2.01647,5,0
A,33,.,.,.,PHE,CG,A,146,.,.,.,MET,SD,148,1079,1.07712,0,3.819,-2.57032,5,0
A,33,.,.,.,PHE,CD1,A,33,.,.,.,PHE,CD2,149,150,1.03036,0,2.33743,0,0,0
A,33,.,.,.,PHE,CD1,A,33,.,.,.,PHE,CE1,149,151,13.7306,0,1.37431,0,0,1
A,33,.,.,.,PHE,CD1,A,36,.,.,.,GLU,CB,149,175,0.041145,0,5.44441,-0.00233973,3,0
A,33,.,.,.,PHE,CD1,A,36,.,.,.,GLU,OE1,149,178,0.672539,0,4.78956,0.422513,3,0
A,33,.,.,.,PHE,CD1,A,37,.,.,.,CYS,SG,149,185,0.105806,0,4.89953,-0.114193,4,0
A,33,.,.,.,PHE,CD1,A,146,.,.,.,MET,CB,149,1077,2.38913,0.164201,4.77026,-2.78195,5,0
A,33,.,.,.,PHE,CD1,A,146,.,.,.,MET,CG,149,1078,1.41083,0,4.40595,-1.98665,5,0
A,33,.,.,.,PHE,CD1,A,146,.,.,.,MET,SD,149,1079,3.1158,0.129088,4.22279,-4.23518,5,0
A,33,.,.,.,PHE,CD1,A,168,.,.,.,GLN,CG,149,1260,2.09884,0.129153,4.51738,-1.28205,5,0
A,33,.,.,.,PHE,CD1,A,168,.,.,.,GLN,CD,149,1261,0.86038,0,4.22551,-0.894046,5,0
A,33,.,.,.,PHE,CD1,A,168,.,.,.,GLN,NE2,149,1263,8.3369,0.160422,3.58792,-0.705433,5,0
A,33,.,.,.,PHE,CD1,A,186,.,.,.,LEU,CD2,149,1398,3.59633,0,4.32462,-4.93021,5,0
A,33,.,.,.,PHE,CD2,A,33,.,.,.,PHE,CE1,150,151,0.0565506,0,2.70377,0,0,0
A,33,.,.,.,PHE,CD2,A,33,.,.,.,PHE,CE2,150,152,12.6502,0,1.36884,0,0,1
A,33,.,.,.,PHE,CD2,A,33,.,.,.,PHE,CZ,150,153,0.00786546,0,2.35277,0,0,0
A,33,.,.,.,PHE,CD2,A,34,.,.,.,ARG,N,150,154,1.69662,0,3.56988,0,1,0
A,33,.,.,.,PHE,CD2,A,34,.,.,.,ARG,CA,150,155,2.33125,0,4.26727,0,1,0
A,33,.,.,.,PHE,CD2,A,37,.,.,.,CYS,SG,150,185,1.7014,0,3.99182,-1.83627,4,0
A,33,.,.,.,PHE,CD2,A,144,.,.,.,ILE,CG1,150,1062,0.642749,0,4.75842,-0.958172,5,0
A,33,.,.,.,PHE,CD2,A,144,.,.,.,ILE,CG2,150,1063,5.54622,0,3.80283,-8.76358,5,0
A,33,.,.,.,PHE,CD2,A,144,.,.,.,ILE,CD1,150,1064,3.21171,0,4.4843,-5.46726,5,0
A,33,.,.,.,PHE,CD2,A,146,.,.,.,MET,CG,150,1078,1.37691,0,4.41429,-1.93889,5,0
A,33,.,.,.,PHE,CD2,A,146,.,.,.,MET,SD,150,1079,0.146597,0,4.45219,-0.199263,5,0
A,33,.,.,.,PHE,CD2,A,172,.,.,.,LEU,CB,150,1291,0.62464,0,5.08732,-0.671545,5,0
A,33,.,.,.,PHE,CE1,A,33,.,.,.,PHE,CE2,151,152,0.0524204,0,2.33765,0,0,0
A,33,.,.,.,PHE,CE1,A,33,.,.,.,PHE,CZ,151,153,11.6211,0,1.35369,0,0,1
A,33,.,.,.,PHE,CE1,A,37,.,.,.,CYS,SG,151,185,0.160749,0,4.47111,-0.178011,4,0
A,33,.,.,.,PHE,CE1,A,146,.,.,.,MET,CB,151,1077,1.41333,0,4.97902,-1.89115,5,0
A,33,.,.,.,PHE,CE1,A,146,.,.,.,MET,CG,151,1078,0.586731,0,4.81111,-0.836972,5,0
A,33,.,.,.,PHE,CE1,A,168,.,.,.,GLN,CG,151,1260,3.66743,0,4.58551,-2.20278,5,0
A,33,.,.,.,PHE,CE1,A,168,.,.,.,GLN,CD,151,1261,1.01991,0,4.55048,-1.1549,5,0
A,33,.,.,.,PHE,CE1,A,169,.,.,.,THR,CA,151,1265,0.0182351,0,5.31612,-0.00474214,5,0
A,33,.,.,.,PHE,CE1,A,169,.,.,.,THR,C,151,1266,1.75296,0,4.45722,-0.830494,5,0
A,33,.,.,.,PHE,CE1,A,169,.,.,.,THR,O,151,1267,0.821541,0,4.59966,0.0631617,5,0
A,33,.,.,.,PHE,CE1,A,170,.,.,.,GLY,N,151,1271,1.82303,0,3.96809,-0.665123,5,0
A,33,.,.,.,PHE,CE1,A,170,.,.,.,GLY,CA,151,1272,3.70252,0,3.69221,-2.85254,5,0
A,33,.,.,.,PHE,CE1,A,186,.,.,.,LEU,O,151,1394,2.15844,0,4.31283,-1.0284,5,0
A,33,.,.,.,PHE,CE1,A,186,.,.,.,LEU,CB,151,1395,1.97622,0,4.10808,-3.17705,5,0
A,33,.,.,.,PHE,CE1,A,186,.,.,.,LEU,CG,151,1396,2.53647,0,4.26051,-3.21676,5,0
A,33,.,.,.,PHE,CE1,A,186,.,.,.,LEU,CD2,151,1398,3.51992,0,4.02658,-6.2613,5,0
A,33,.,.,.,PHE,CE2,A,33,.,.,.,PHE,CZ,152,153,11.8103,0,1.34888,0,0,1
A,33,.,.,.,PHE,CE2,A,37,.,.,.,CYS,SG,152,185,5.96424,0,3.45981,-9.05079,4,0
A,33,.,.,.,PHE,CE2,A,144,.,.,.,ILE,CG1,152,1062,0.492024,0,5.07414,-0.776507,5,0
A,33,.,.,.,PHE,CE2,A,144,.,.,.,ILE,CG2,152,1063,3.30824,0,4.1247,-4.34343,5,0
A,33,.,.,.,PHE,CE2,A,145,.,.,.,ILE,O,152,1068,0.588257,0,4.7961,-0.00863768,5,0
A,33,.,.,.,PHE,CE2,A,146,.,.,.,MET,CG,152,1078,0.869311,0,4.82079,-1.24007,5,0
A,33,.,.,.,PHE,CE2,A,171,.,.,.,TYR,N,152,1275,1.46536,0,3.80923,-0.330826,5,0
A,33,.,.,.,PHE,CE2,A,171,.,.,.,TYR,CA,152,1276,0.0989532,0,4.3109,-0.0550742,5,0
A,33,.,.,.,PHE,CE2,A,171,.,.,.,TYR,C,152,1277,2.60419,0,3.85434,-1.15852,5,0
A,33,.,.,.,PHE,CE2,A,171,.,.,.,TYR,O,152,1278,2.44714,0,3.80357,-0.822761,5,0
A,33,.,.,.,PHE,CE2,A,172,.,.,.,LEU,N,152,1287,1.50905,0,4.12981,-0.14961,5,0
A,33,.,.,.,PHE,CE2,A,172,.,.,.,LEU,CA,152,1288,0.34856,0,4.66905,-0.169088,5,0
A,33,.,.,.,PHE,CE2,A,172,.,.,.,LEU,CB,152,1291,3.41756,0,4.468,-5.49421,5,0
A,33,.,.,.,PHE,CZ,A,37,.,.,.,CYS,SG,153,185,4.51619,0,3.73893,-5.13726,4,0
A,33,.,.,.,PHE,CZ,A,145,.,.,.,ILE,O,153,1068,0.126913,0,4.67572,0.0041132,5,0
A,33,.,.,.,PHE,CZ,A,146,.,.,.,MET,CG,153,1078,0.509413,0,5.01342,-0.753769,5,0
A,33,.,.,.,PHE,CZ,A,170,.,.,.,GLY,N,153,1271,0.0243372,0,4.07013,-0.0102489,5,0
A,33,.,.,.,PHE,CZ,A,170,.,.,.,GLY,CA,153,1272,3.86636,0,3.42941,-3.31908,5,0
A,33,.,.,.,PHE,CZ,A,170,.,.,.,GLY,C,153,1273,2.81383,0,3.24856,-1.54805,5,0
A,33,.,.,.,PHE,CZ,A,170,.,.,.,GLY,O,153,1274,2.36199,0,3.52871,-0.527499,5,0
A,33,.,.,.,PHE,CZ,A,171,.,.,.,TYR,N,153,1275,1.94931,0,3.45809,-0.0395694,5,0
A,33,.,.,.,PHE,CZ,A,171,.,.,.,TYR,CA,153,1276,1.20226,0,4.20984,-0.785888,5,0
A,33,.,.,.,PHE,CZ,A,172,.,.,.,LEU,N,153,1287,0.10133,0,4.63073,-0.0129997,5,0
A,33,.,.,.,PHE,CZ,A,184,.,.,.,THR,O,153,1375,0.464675,0,5.14479,-0.00730752,5,0
A,33,.,.,.,PHE,CZ,A,186,.,.,.,LEU,N,153,1391,0.476921,0,4.7836,-0.0611842,5,0
A,33,.,.,.,PHE,CZ,A,186,.,.,.,LEU,O,153,1394,0.134637,0,4.5874,-0.030462,5,0
A,33,.,.,.,PHE,CZ,A,186,.,.,.,LEU,CB,153,1395,3.6987,0,4.15924,-6.2238,5,0
A,33,.,.,.,PHE,CZ,A,186,.,.,.,LEU,CD2,153,1398,0.142546,0,4.54761,-0.219878,5,0
A,34,.,.,.,ARG,N,A,34,.,.,.,ARG,CA,154,155,7.09394,0,1.46046,0,0,1
A,34,.,.,.,ARG,N,A,34,.,.,.,ARG,C,154,156,0.0902649,0,2.4546,0,0,0
A,34,.,.,.,ARG,N,A,34,.,.,.,ARG,CB,154,158,2.26944,0,2.46367,0,0,0
A,34,.,.,.,ARG,N,A,35,.,.,.,SER,N,154,165,1.35505,0,2.81931,0,1,0
A,34,.,.,.,ARG,N,A,144,.,.,.,ILE,CD1,154,1064,1.48439,0,4.23577,0.908379,5,0
A,34,.,.,.,ARG,CA,A,34,.,.,.,ARG,C,155,156,6.17362,0,1.52221,0,0,1
A,34,.,.,.,ARG,CA,A,34,.,.,.,ARG,O,155,157,1.62834,0,2.40577,0,0,0
A,34,.,.,.,ARG,CA,A,34,.,.,.,ARG,CB,155,158,8.8982,0,1.52833,0,0,1
A,34,.,.,.,ARG,CA,A,34,.,.,.,ARG,CG,155,159,2.11773,0,2.52776,0,0,0
A,34,.,.,.,ARG,CA,A,35,.,.,.,SER,N,155,165,0.996127,0,2.43277,0,1,0
A,34,.,.,.,ARG,CA,A,37,.,.,.,CYS,CB,155,184,1.85121,0,4.49812,0.411943,3,0
A,34,.,.,.,ARG,CA,A,37,.,.,.,CYS,SG,155,185,1.54282,0,4.69374,-0.756487,3,0
A,34,.,.,.,ARG,CA,A,144,.,.,.,ILE,CD1,155,1064,1.31589,0,4.29032,0.244622,5,0
A,34,.,.,.,ARG,CA,A,172,.,.,.,LEU,CB,155,1291,1.13682,0,5.31816,0.5608,5,0
A,34,.,.,.,ARG,CA,A,172,.,.,.,LEU,CG,155,1292,0.00791684,0,5.24347,0.0019615,5,0
A,34,.,.,.,ARG,CA,A,172,.,.,.,LEU,CD1,155,1293,1.04633,0,4.87199,0.09302,5,0
A,34,.,.,.,ARG,CA,A,172,.,.,.,LEU,CD2,155,1294,1.83807,0,4.73988,-0.877758,5,0
A,34,.,.,.,ARG,C,A,34,.,.,.,ARG,O,156,157,7.13974,0,1.23732,0,0,1
A,34,.,.,.,ARG,C,A,34,.,.,.,ARG,CB,156,158,0.574104,0,2.49749,0,0,0
A,34,.,.,.,ARG,C,A,34,.,.,.,ARG,CG,156,159,2.92892,0,2.86469,0,0,0
A,34,.,.,.,ARG,C,A,35,.,.,.,SER,N,156,165,6.35916,0,1.33173,0,1,1
A,34,.,.,.,ARG,C,A,35,.,.,.,SER,CA,156,166,1.38651,0,2.41652,0,1,0
A,34,.,.,.,ARG,C,A,35,.,.,.,SER,C,156,167,0.301953,0,2.94978,0,1,0
A,34,.,.,.,ARG,C,A,36,.,.,.,GLU,N,156,171,1.13512,0,3.11267,2.18375,2,0
A,34,.,.,.,ARG,C,A,37,.,.,.,CYS,N,156,180,0.278438,0,3.66102,0.472039,3,0
A,34,.,.,.,ARG,C,A,38,.,.,.,GLU,CD,156,192,0.0131068,0,4.41331,0.0085141,4,0
A,34,.,.,.,ARG,C,A,38,.,.,.,GLU,OE1,156,193,0.286286,0,4.255,0.671809,4,0
A,34,.,.,.,ARG,O,A,34,.,.,.,ARG,CG,157,159,1.93278,0,3.20996,0,0,0
A,34,.,.,.,ARG,O,A,35,.,.,.,SER,CA,157,166,2.01816,0,2.73216,0,1,0
A,34,.,.,.,ARG,O,A,35,.,.,.,SER,C,157,167,1.75906,0,2.8556,0,1,0
A,34,.,.,.,ARG,O,A,36,.,.,.,GLU,N,157,171,0.0930707,0,3.20368,0.0996275,2,0
A,34,.,.,.,ARG,O,A,37,.,.,.,CYS,N,157,180,2.48814,0,2.99765,-2.2351,3,0
A,34,.,.,.,ARG,O,A,37,.,.,.,CYS,CA,157,181,0.117038,0,3.53789,0.0363227,3,0
A,34,.,.,.,ARG,O,A,37,.,.,.,CYS,CB,157,184,3.2182,0,3.48021,-0.878706,3,0
A,34,.,.,.,ARG,O,A,38,.,.,.,GLU,N,157,186,3.56956,0,2.95206,-4.11135,4,0
A,34,.,.,.,ARG,O,A,38,.,.,.,GLU,CB,157,190,0.912697,0,3.72583,-0.146494,4,0
A,34,.,.,.,ARG,O,A,38,.,.,.,GLU,CG,157,191,3.73807,0,3.42159,0.616569,4,0
A,34,.,.,.,ARG,O,A,38,.,.,.,GLU,CD,157,192,0.384366,0,3.8065,0.182561,4,0
A,34,.,.,.,ARG,O,A,38,.,.,.,GLU,OE1,157,193,0.30607,0,3.83945,0.222098,4,0
A,34,.,.,.,ARG,O,A,172,.,.,.,LEU,CD2,157,1294,0.859959,0,4.53523,0.0162013,5,0
A,34,.,.,.,ARG,CB,A,34,.,.,.,ARG,CG,158,159,9.9942,0.0341302,1.52099,0,0,1
A,34,.,.,.,ARG,CB,A,34,.,.,.,ARG,CD,158,160,3.06354,0,2.54248,0,0,0
A,34,.,.,.,ARG,CB,A,34,.,.,.,ARG,CZ,158,162,2.27428,0.21493,3.88284,0,0,0
A,34,.,.,.,ARG,CB,A,34,.,.,.,ARG,NH1,158,163,3.2838,0,3.77318,0,0,0
A,34,.,.,.,ARG,CB,A,35,.,.,.,SER,N,158,165,2.29283,0.166187,3.12402,0,1,0
A,34,.,.,.,ARG,CB,A,144,.,.,.,ILE,CD1,158,1064,7.46069,0,3.64786,-5.88615,5,0
A,34,.,.,.,ARG,CB,A,172,.,.,.,LEU,CD1,158,1293,1.61231,0,4.43423,0.0506729,5,0
A,34,.,.,.,ARG,CG,A,34,.,.,.,ARG,CD,159,160,10.183,0,1.52535,0,0,1
A,34,.,.,.,ARG,CG,A,34,.,.,.,ARG,NE,159,161,4.28575,0.881411,2.47667,0,0,0
A,34,.,.,.,ARG,CG,A,34,.,.,.,ARG,CZ,159,162,0.505816,0.45756,3.45592,0,0,0
A,34,.,.,.,ARG,CG,A,35,.,.,.,SER,N,159,165,2.25442,1.15193,3.59799,0,1,0
A,34,.,.,.,ARG,CG,A,35,.,.,.,SER,CA,159,166,0.0285964,0.112941,4.61963,0,1,0
A,34,.,.,.,ARG,CG,A,38,.,.,.,GLU,CG,159,191,1.36172,0,4.2169,-0.590931,4,0
A,34,.,.,.,ARG,CG,A,38,.,.,.,GLU,CD,159,192,3.95029,0,3.61633,-2.32026,4,0
A,34,.,.,.,ARG,CG,A,38,.,.,.,GLU,OE1,159,193,2.66497,0.328848,3.85522,-2.0351,4,0
A,34,.,.,.,ARG,CG,A,38,.,.,.,GLU,OE2,159,194,1.66893,0,3.54609,-0.925776,4,0
A,34,.,.,.,ARG,CG,A,172,.,.,.,LEU,CD1,159,1293,1.99155,0,4.12414,-1.6739,5,0
A,34,.,.,.,ARG,CG,A,172,.,.,.,LEU,CD2,159,1294,5.09506,0,4.0994,-4.75787,5,0
A,34,.,.,.,ARG,CD,A,34,.,.,.,ARG,NE,160,161,10.8033,2.61176,1.45636,0,0,1
A,34,.,.,.,ARG,CD,A,34,.,.,.,ARG,CZ,160,162,3.12188,1.31647,2.46408,0,0,0
A,34,.,.,.,ARG,CD,A,34,.,.,.,ARG,NH1,160,163,5.63099,0.00527702,2.81694,0,0,0
A,34,.,.,.,ARG,CD,A,38,.,.,.,GLU,OE2,160,194,5.60304,1.52309,3.6102,-4.97809,4,0
A,34,.,.,.,ARG,CD,A,139,.,.,.,MET,CB,160,1024,1.12781,1.79776,6.11626,0.0294126,5,0
A,34,.,.,.,ARG,CD,A,139,.,.,.,MET,CG,160,1025,0.345121,0.352729,5.95271,-0.114465,5,0
A,34,.,.,.,ARG,CD,A,142,.,.,.,ASP,CB,160,1041,1.79986,1.39439,5.93931,-0.356104,5,0
A,34,.,.,.,ARG,CD,A,142,.,.,.,ASP,OD1,160,1043,6.43428,4.51269,5.18463,-4.57546,5,0
A,34,.,.,.,ARG,CD,A,144,.,.,.,ILE,CG1,160,1062,0.00153542,0.0432239,5.33453,-0.000291423,5,0
A,34,.,.,.,ARG,CD,A,144,.,.,.,ILE,CD1,160,1064,2.85132,0.378708,4.59093,-0.600977,5,0
A,34,.,.,.,ARG,CD,A,172,.,.,.,LEU,CD1,160,1293,7.99648,0.497273,4.08629,-4.37204,5,0
A,34,.,.,.,ARG,CD,A,172,.,.,.,LEU,CD2,160,1294,1.02165,0,4.61515,-0.29645,5,0
A,34,.,.,.,ARG,CD,A,174,.,.,.,GLN,CG,160,1308,0.0522582,0,6.11452,-0.00605364,5,0
A,34,.,.,.,ARG,CD,A,174,.,.,.,GLN,NE2,160,1311,1.36502,0.216414,5.41966,-0.319231,5,0
A,34,.,.,.,ARG,NE,A,34,.,.,.,ARG,CZ,161,162,12.5142,3.1504,1.32895,0,0,1
A,34,.,.,.,ARG,NE,A,34,.,.,.,ARG,NH2,161,164,5.97155,5.93493,2.29952,0,0,0
A,34,.,.,.,ARG,NE,A,38,.,.,.,GLU,CD,161,192,0.202059,0,4.27348,-0.558324,4,0
A,34,.,.,.,ARG,NE,A,38,.,.,.,GLU,OE1,161,193,3.32932,3.26399,4.27208,-4.51739,4,0
A,34,.,.,.,ARG,NE,A,38,.,.,.,GLU,OE2,161,194,4.5289,3.30297,3.74123,-6.14504,4,0
A,34,.,.,.,ARG,CZ,A,34,.,.,.,ARG,NH1,162,163,13.5076,0.8926,1.32528,0,0,1
A,34,.,.,.,ARG,CZ,A,34,.,.,.,ARG,NH2,162,164,18.1009,5.93222,1.32544,0,0,1
A,34,.,.,.,ARG,CZ,A,139,.,.,.,MET,CB,162,1024,0.497658,2.27722,5.62508,-0.360102,5,0
A,34,.,.,.,ARG,NH1,A,34,.,.,.,ARG,NH2,163,164,4.11679,0.439367,2.29318,0,0,0
A,34,.,.,.,ARG,NH1,A,139,.,.,.,MET,CB,163,1024,3.4492,0.59993,4.76924,0.41833,5,0
A,34,.,.,.,ARG,NH1,A,139,.,.,.,MET,CG,163,1025,8.06304,0.686093,4.25948,-0.401666,5,0
A,34,.,.,.,ARG,NH1,A,139,.,.,.,MET,SD,163,1026,0.280373,0.721475,5.08273,-0.0137795,5,0
A,34,.,.,.,ARG,NH1,A,139,.,.,.,MET,CE,163,1027,6.64975,1.24383,4.60027,-2.02254,5,0
A,34,.,.,.,ARG,NH1,A,144,.,.,.,ILE,CD1,163,1064,4.61214,0.0568178,4.59789,-0.636757,5,0
A,34,.,.,.,ARG,NH2,A,139,.,.,.,MET,CE,164,1027,1.48049,3.20041,5.61823,-0.116805,5,0
A,35,.,.,.,SER,N,A,35,.,.,.,SER,CA,165,166,8.62368,0.584807,1.45441,0,0,1
A,35,.,.,.,SER,N,A,35,.,.,.,SER,C,165,167,0.0322266,0,2.44938,0,0,0
A,35,.,.,.,SER,N,A,35,.,.,.,SER,CB,165,169,2.97137,0.719006,2.43998,0,0,0
A,35,.,.,.,SER,N,A,36,.,.,.,GLU,N,165,171,1.38843,0,2.76523,0,1,0
A,35,.,.,.,SER,N,A,38,.,.,.,GLU,OE1,165,193,0.0362147,0,4.38245,0.0176875,3,0
A,35,.,.,.,SER,CA,A,35,.,.,.,SER,C,166,167,6.67525,0,1.52279,0,0,1
A,35,.,.,.,SER,CA,A,35,.,.,.,SER,O,166,168,3.52118,0.979761,2.40087,0,0,0
A,35,.,.,.,SER,CA,A,35,.,.,.,SER,CB,166,169,14.5607,3.13793,1.53,0,0,1
A,35,.,.,.,SER,CA,A,35,.,.,.,SER,OG,166,170,0.82748,0.339226,2.42281,0,0,0
A,35,.,.,.,SER,CA,A,36,.,.,.,GLU,N,166,171,0.951762,0,2.43892,0,1,0
A,35,.,.,.,SER,CA,A,38,.,.,.,GLU,CB,166,190,2.33369,0.6164,4.69245,1.99099,3,0
A,35,.,.,.,SER,CA,A,38,.,.,.,GLU,OE1,166,193,7.77725,2.62293,4.12239,4.25936,3,0
A,35,.,.,.,SER,C,A,35,.,.,.,SER,O,167,168,8.13138,0,1.23557,0,0,1
A,35,.,.,.,SER,C,A,35,.,.,.,SER,CB,167,169,0.78288,0,2.5235,0,0,0
A,35,.,.,.,SER,C,A,35,.,.,.,SER,OG,167,170,3.41509,0,2.69081,0,0,0
A,35,.,.,.,SER,C,A,36,.,.,.,GLU,N,167,171,6.78756,0,1.33359,0,1,1
A,35,.,.,.,SER,C,A,36,.,.,.,GLU,CA,167,172,2.00689,0,2.42546,0,1,0
A,35,.,.,.,SER,C,A,36,.,.,.,GLU,C,167,173,0.421914,0,3.02008,0,1,0
A,35,.,.,.,SER,C,A,37,.,.,.,CYS,N,167,180,0.667047,0,3.29861,0.54741,2,0
A,35,.,.,.,SER,C,A,38,.,.,.,GLU,N,167,186,0.421017,0,3.87102,0.732754,3,0
A,35,.,.,.,SER,C,A,38,.,.,.,GLU,CB,167,190,0.017619,0,4.64501,0.0121015,3,0
A,35,.,.,.,SER,O,A,35,.,.,.,SER,OG,168,170,4.09912,1.39341,3.06816,0,0,0
A,35,.,.,.,SER,O,A,36,.,.,.,GLU,CA,168,172,2.28991,0,2.74217,0,1,0
A,35,.,.,.,SER,O,A,36,.,.,.,GLU,C,168,173,1.64887,0,2.95928,0,1,0
A,35,.,.,.,SER,O,A,37,.,.,.,CYS,N,168,180,0.00329124,0,3.4498,0.00172682,2,0
A,35,.,.,.,SER,O,A,38,.,.,.,GLU,N,168,186,1.73537,0,3.38509,-0.284558,3,0
A,35,.,.,.,SER,O,A,38,.,.,.,GLU,CA,168,187,0.104814,0,3.90836,0.121033,3,0
A,35,.,.,.,SER,O,A,38,.,.,.,GLU,CB,168,190,2.60517,0.863227,4.07371,2.34168,3,0
A,35,.,.,.,SER,O,A,39,.,.,.,ALA,N,168,195,5.0236,0.351729,2.92119,-1.89679,4,0
A,35,.,.,.,SER,O,A,39,.,.,.,ALA,CA,168,196,0.465352,0.669903,3.6167,0.252648,4,0
A,35,.,.,.,SER,O,A,39,.,.,.,ALA,CB,168,199,7.77988,1.00491,3.2577,-0.191352,4,0
A,35,.,.,.,SER,CB,A,35,.,.,.,SER,OG,169,170,19.2108,8.42758,1.40954,0,0,1
A,35,.,.,.,SER,CB,A,36,.,.,.,GLU,N,169,171,1.00378,0,3.23335,0,1,0
A,35,.,.,.,SER,CB,A,38,.,.,.,GLU,OE1,169,193,0.404861,2.08335,5.01671,-0.223434,3,0
A,35,.,.,.,SER,OG,A,36,.,.,.,GLU,N,170,171,1.52929,0.470745,3.42074,0,1,0
A,35,.,.,.,SER,OG,A,36,.,.,.,GLU,CA,170,172,0.961591,2.06728,4.43258,0,1,0
A,35,.,.,.,SER,OG,A,39,.,.,.,ALA,CB,170,199,2.76223,4.20081,5.18409,0.611173,4,0
A,36,.,.,.,GLU,N,A,36,.,.,.,GLU,CA,171,172,8.54753,0.52997,1.45748,0,0,1
A,36,.,.,.,GLU,N,A,36,.,.,.,GLU,C,171,173,0.0899907,0,2.45992,0,0,0
A,36,.,.,.,GLU,N,A,36,.,.,.,GLU,CB,171,175,1.89551,0,2.43354,0,0,0
A,36,.,.,.,GLU,N,A,37,.,.,.,CYS,N,171,180,1.37049,0,2.81263,0,1,0
A,36,.,.,.,GLU,CA,A,36,.,.,.,GLU,C,172,173,6.71211,0,1.52562,0,0,1
A,36,.,.,.,GLU,CA,A,36,.,.,.,GLU,O,172,174,2.38901,0,2.4053,0,0,0
A,36,.,.,.,GLU,CA,A,36,.,.,.,GLU,CB,172,175,8.74142,0.543464,1.52431,0,0,1
A,36,.,.,.,GLU,CA,A,36,.,.,.,GLU,CG,172,176,7.49297,3.2688,2.54387,0,0,0
A,36,.,.,.,GLU,CA,A,37,.,.,.,CYS,N,172,180,0.927443,0,2.44317,0,1,0
A,36,.,.,.,GLU,CA,A,39,.,.,.,ALA,CB,172,199,5.38342,2.42352,4.42868,1.65921,3,0
A,36,.,.,.,GLU,CA,A,43,.,.,.,TRP,NE1,172,228,0.0378256,0,5.50841,0.000771245,5,0
A,36,.,.,.,GLU,C,A,36,.,.,.,GLU,O,173,174,8.62072,0,1.23729,0,0,1
A,36,.,.,.,GLU,C,A,36,.,.,.,GLU,CB,173,175,2.32797,0,2.50783,0,0,0
A,36,.,.,.,GLU,C,A,36,.,.,.,GLU,CG,173,176,0.462083,0,3.38912,0,0,0
A,36,.,.,.,GLU,C,A,37,.,.,.,CYS,N,173,180,6.74609,0,1.3356,0,1,1
A,36,.,.,.,GLU,C,A,37,.,.,.,CYS,CA,173,181,1.60742,0,2.43384,0,1,0
A,36,.,.,.,GLU,C,A,37,.,.,.,CYS,C,173,182,0.505424,0,3.04739,0,1,0
A,36,.,.,.,GLU,C,A,38,.,.,.,GLU,N,173,186,0.627138,0,3.37712,1.53345,2,0
A,36,.,.,.,GLU,C,A,39,.,.,.,ALA,N,173,195,0.517277,0,3.86749,1.43157,3,0
A,36,.,.,.,GLU,C,A,39,.,.,.,ALA,CB,173,199,0.108589,0,4.29706,0.011964,3,0
A,36,.,.,.,GLU,C,A,186,.,.,.,LEU,CD2,173,1398,1.6701,0,4.39739,0.0363751,5,0
A,36,.,.,.,GLU,O,A,36,.,.,.,GLU,CG,174,176,1.86681,0,3.73727,0,0,0
A,36,.,.,.,GLU,O,A,37,.,.,.,CYS,CA,174,181,2.21448,0,2.7518,0,1,0
A,36,.,.,.,GLU,O,A,37,.,.,.,CYS,C,174,182,1.60888,0,3.00455,0,1,0
A,36,.,.,.,GLU,O,A,39,.,.,.,ALA,N,174,195,2.06907,0,3.4392,-0.151048,3,0
A,36,.,.,.,GLU,O,A,39,.,.,.,ALA,CA,174,196,0.0306966,0,4.03218,0.0278337,3,0
A,36,.,.,.,GLU,O,A,39,.,.,.,ALA,O,174,198,0.499967,0,3.88054,0.75068,3,0
A,36,.,.,.,GLU,O,A,39,.,.,.,ALA,CB,174,199,3.99619,0,3.71434,1.40773,3,0
A,36,.,.,.,GLU,O,A,43,.,.,.,TRP,NE1,174,228,3.7418,0,3.92818,-1.88995,5,0
A,36,.,.,.,GLU,O,A,43,.,.,.,TRP,CE2,174,229,0.0465859,0,4.33853,0.0421414,5,0
A,36,.,.,.,GLU,O,A,43,.,.,.,TRP,CZ2,174,231,2.43514,0,4.35316,-0.788478,5,0
A,36,.,.,.,GLU,O,A,69,.,.,.,LYS,CE,174,442,3.52708,0,3.6431,-0.341715,5,0
A,36,.,.,.,GLU,O,A,69,.,.,.,LYS,NZ,174,443,3.40723,0,3.29213,-1.22053,5,0
A,36,.,.,.,GLU,O,A,186,.,.,.,LEU,CD2,174,1398,0.692096,0,4.70091,0.666663,5,0
A,36,.,.,.,GLU,CB,A,36,.,.,.,GLU,CG,175,176,11.3454,1.1085,1.49399,0,0,1
A,36,.,.,.,GLU,CB,A,36,.,.,.,GLU,CD,175,177,0.933375,0,2.48829,0,0,0
A,36,.,.,.,GLU,CB,A,36,.,.,.,GLU,OE1,175,178,4.60324,0,2.71959,0,0,0
A,36,.,.,.,GLU,CB,A,37,.,.,.,CYS,N,175,180,1.39513,0,3.16277,0,1,0
A,36,.,.,.,GLU,CB,A,186,.,.,.,LEU,CD2,175,1398,5.71379,0,3.70084,-2.83748,5,0
A,36,.,.,.,GLU,CG,A,36,.,.,.,GLU,CD,176,177,12.978,3.67048,1.50925,0,0,1
A,36,.,.,.,GLU,CG,A,36,.,.,.,GLU,OE1,176,178,0.450954,0.285301,2.37701,0,0,0
A,36,.,.,.,GLU,CG,A,36,.,.,.,GLU,OE2,176,179,4.96373,1.08773,2.36808,0,0,0
A,36,.,.,.,GLU,CG,A,39,.,.,.,ALA,CB,176,199,0.183311,0.829408,5.87855,0.0903754,3,0
A,36,.,.,.,GLU,CG,A,43,.,.,.,TRP,NE1,176,228,2.08441,1.54545,5.26005,-1.53013,5,0
A,36,.,.,.,GLU,CG,A,43,.,.,.,TRP,CZ2,176,231,7.06038,0,4.54839,-6.7692,5,0
A,36,.,.,.,GLU,CG,A,57,.,.,.,GLN,NE2,176,344,2.58731,2.50814,5.62856,0.220171,5,0
A,36,.,.,.,GLU,CG,A,186,.,.,.,LEU,CD2,176,1398,3.78896,0,3.73337,-2.33188,5,0
A,36,.,.,.,GLU,CD,A,36,.,.,.,GLU,OE1,177,178,13.8641,4.09562,1.25091,0,0,1
A,36,.,.,.,GLU,CD,A,36,.,.,.,GLU,OE2,177,179,14.1365,4.08168,1.24555,0,0,1
A,36,.,.,.,GLU,CD,A,168,.,.,.,GLN,CD,177,1261,0.027422,0,4.3941,-0.0217517,5,0
A,36,.,.,.,GLU,CD,A,168,.,.,.,GLN,OE1,177,1262,1.05057,0,3.81654,-0.445069,5,0
A,36,.,.,.,GLU,CD,A,186,.,.,.,LEU,CD2,177,1398,3.62025,0,3.68083,-1.29125,5,0
A,36,.,.,.,GLU,OE1,A,36,.,.,.,GLU,OE2,178,179,0.527635,0.560808,2.19564,0,0,0
A,36,.,.,.,GLU,OE1,A,67,.,.,.,LYS,NZ,178,426,0.0351575,0.259672,4.61948,-0.0401923,5,0
A,36,.,.,.,GLU,OE1,A,168,.,.,.,GLN,CD,178,1261,0.321497,0,3.87186,-0.0987877,5,0
A,36,.,.,.,GLU,OE1,A,168,.,.,.,GLN,OE1,178,1262,1.18802,0.187324,3.62332,0.325032,5,0
A,36,.,.,.,GLU,OE1,A,168,.,.,.,GLN,NE2,178,1263,9.86407,3.88696,3.30915,-3.82919,5,0
A,36,.,.,.,GLU,OE1,A,186,.,.,.,LEU,CD2,178,1398,1.2808,0,4.00518,0.228834,5,0
A,36,.,.,.,GLU,OE2,A,43,.,.,.,TRP,CZ2,179,231,1.63414,0,4.84998,-1.47893,5,0
A,36,.,.,.,GLU,OE2,A,57,.,.,.,GLN,NE2,179,344,2.21564,1.50345,5.20825,-0.860102,5,0
A,36,.,.,.,GLU,OE2,A,67,.,.,.,LYS,CD,179,424,2.5233,1.49872,3.97867,-2.66596,5,0
A,36,.,.,.,GLU,OE2,A,67,.,.,.,LYS,CE,179,425,7.80784,0,3.0684,-7.1861,5,0
A,36,.,.,.,GLU,OE2,A,67,.,.,.,LYS,NZ,179,426,6.07116,3.47505,3.16412,-6.94061,5,0
A,36,.,.,.,GLU,OE2,A,168,.,.,.,GLN,OE1,179,1262,2.46334,0,3.35553,0.673951,5,0
A,36,.,.,.,GLU,OE2,A,186,.,.,.,LEU,CD1,179,1397,0.345003,0,4.76796,0.0977477,5,0
A,36,.,.,.,GLU,OE2,A,186,.,.,.,LEU,CD2,179,1398,1.56132,0,3.95108,0.278953,5,0
A,37,.,.,.,CYS,N,A,37,.,.,.,CYS,CA,180,181,6.92678,0,1.46242,0,0,1
A,37,.,.,.,CYS,N,A,37,.,.,.,CYS,C,180,182,0.117725,0,2.47146,0,0,0
A,37,.,.,.,CYS,N,A,37,.,.,.,CYS,CB,180,184,1.70529,0,2.45472,0,0,0
A,37,.,.,.,CYS,N,A,37,.,.,.,CYS,SG,180,185,1.89621,0,3.23709,0,0,0
A,37,.,.,.,CYS,N,A,38,.,.,.,GLU,N,180,186,1.3569,0,2.85047,0,1,0
A,37,.,.,.,CYS,N,A,186,.,.,.,LEU,CD2,180,1398,1.27244,0,4.40525,0.66536,5,0
A,37,.,.,.,CYS,CA,A,37,.,.,.,CYS,C,181,182,6.78225,0,1.52592,0,0,1
A,37,.,.,.,CYS,CA,A,37,.,.,.,CYS,O,181,183,1.82415,0,2.40007,0,0,0
A,37,.,.,.,CYS,CA,A,37,.,.,.,CYS,CB,181,184,8.63051,0,1.53292,0,0,1
A,37,.,.,.,CYS,CA,A,37,.,.,.,CYS,SG,181,185,3.17661,0,2.80806,0,0,0
A,37,.,.,.,CYS,CA,A,38,.,.,.,GLU,N,181,186,0.960571,0,2.44764,0,1,0
A,37,.,.,.,CYS,CA,A,69,.,.,.,LYS,CG,181,440,0.393234,0,5.26655,0.256575,5,0
A,37,.,.,.,CYS,CA,A,69,.,.,.,LYS,CD,181,441,0.332793,0,4.77688,0.184686,5,0
A,37,.,.,.,CYS,CA,A,69,.,.,.,LYS,CE,181,442,4.49009,0,4.20291,4.78819,5,0
A,37,.,.,.,CYS,CA,A,69,.,.,.,LYS,NZ,181,443,0.0582463,0,4.17604,0.0372028,5,0
A,37,.,.,.,CYS,CA,A,184,.,.,.,THR,CG2,181,1378,2.23214,0,4.33154,0.667469,5,0
A,37,.,.,.,CYS,CA,A,186,.,.,.,LEU,CB,181,1395,0.242738,0,5.54289,0.055909,5,0
A,37,.,.,.,CYS,CA,A,186,.,.,.,LEU,CD2,181,1398,1.99575,0,4.81858,-1.34479,5,0
A,37,.,.,.,CYS,C,A,37,.,.,.,CYS,O,182,183,9.75248,0.630643,1.23602,0,0,1
A,37,.,.,.,CYS,C,A,37,.,.,.,CYS,CB,182,184,4.54285,0.550009,2.51435,0,0,0
A,37,.,.,.,CYS,C,A,38,.,.,.,GLU,N,182,186,7.14137,0,1.33657,0,1,1
A,37,.,.,.,CYS,C,A,38,.,.,.,GLU,CA,182,187,2.60741,1.01397,2.44455,0,1,0
A,37,.,.,.,CYS,C,A,38,.,.,.,GLU,C,182,188,0.0780394,0,3.1723,0,1,0
A,37,.,.,.,CYS,C,A,38,.,.,.,GLU,CG,182,191,0.0140338,0,4.13264,0,1,0
A,37,.,.,.,CYS,C,A,39,.,.,.,ALA,N,182,195,1.39342,0,3.246,2.07623,2,0
A,37,.,.,.,CYS,C,A,69,.,.,.,LYS,NZ,182,443,0.266569,0,3.7044,0.126153,5,0
A,37,.,.,.,CYS,C,A,172,.,.,.,LEU,CD2,182,1294,0.089477,0.328195,5.26756,-0.0502417,5,0
A,37,.,.,.,CYS,C,A,184,.,.,.,THR,CB,182,1376,0.00649286,0,5.38896,-0.00357997,5,0
A,37,.,.,.,CYS,C,A,184,.,.,.,THR,OG1,182,1377,0.191779,0.467041,5.41777,-0.00819384,5,0
A,37,.,.,.,CYS,C,A,184,.,.,.,THR,CG2,182,1378,0.00121183,0,4.72849,-0.000937834,5,0
A,37,.,.,.,CYS,O,A,37,.,.,.,CYS,CB,183,184,0.0763671,0,3.32634,0,0,0
A,37,.,.,.,CYS,O,A,38,.,.,.,GLU,CA,183,187,5.77523,3.53352,2.77375,0,1,0
A,37,.,.,.,CYS,O,A,38,.,.,.,GLU,C,183,188,2.55229,1.03473,3.1934,0,1,0
A,37,.,.,.,CYS,O,A,39,.,.,.,ALA,N,183,195,0.538308,0,3.40448,0.396002,2,0
A,37,.,.,.,CYS,O,A,39,.,.,.,ALA,O,183,198,0.918784,0.416323,3.7737,0.805686,2,0
A,37,.,.,.,CYS,O,A,69,.,.,.,LYS,CD,183,441,4.61978,2.09642,3.80787,0.75678,5,0
A,37,.,.,.,CYS,O,A,69,.,.,.,LYS,CE,183,442,0.907501,0,3.52392,0.191879,5,0
A,37,.,.,.,CYS,O,A,69,.,.,.,LYS,NZ,183,443,6.7868,1.36962,2.9032,-1.29731,5,0
A,37,.,.,.,CYS,O,A,71,.,.,.,ARG,CD,183,456,0.0840332,1.07907,6.15946,-0.0446221,5,0
A,37,.,.,.,CYS,O,A,184,.,.,.,THR,CB,183,1376,0.0067077,0,5.2005,-0.00500142,5,0
A,37,.,.,.,CYS,O,A,184,.,.,.,THR,OG1,183,1377,1.1923,2.07178,5.07082,0.0767499,5,0
A,37,.,.,.,CYS,O,A,184,.,.,.,THR,CG2,183,1378,3.84043,0.849738,4.40311,-1.0121,5,0
A,37,.,.,.,CYS,CB,A,37,.,.,.,CYS,SG,184,185,11.3518,0,1.80555,0,0,0
A,37,.,.,.,CYS,CB,A,38,.,.,.,GLU,N,184,186,2.1109,0,3.15655,0,1,0
A,37,.,.,.,CYS,CB,A,38,.,.,.,GLU,CG,184,191,0.290439,0,4.92904,0,1,0
A,37,.,.,.,CYS,CB,A,172,.,.,.,LEU,CB,184,1291,1.22885,0,4.22672,-1.47362,5,0
A,37,.,.,.,CYS,CB,A,172,.,.,.,LEU,CD2,184,1294,9.19083,0.442708,3.8461,-12.7468,5,0
A,37,.,.,.,CYS,CB,A,184,.,.,.,THR,CB,184,1376,3.88134,0,4.17494,-2.42622,5,0
A,37,.,.,.,CYS,CB,A,184,.,.,.,THR,OG1,184,1377,0.373088,0.35443,4.7186,-0.017088,5,0
A,37,.,.,.,CYS,CB,A,184,.,.,.,THR,CG2,184,1378,4.13523,0,3.82508,-3.3695,5,0
A,37,.,.,.,CYS,SG,A,69,.,.,.,LYS,CG,185,440,4.71161e-07,0,5.95971,1.02083e-07,5,0
A,37,.,.,.,CYS,SG,A,172,.,.,.,LEU,N,185,1287,0.812277,0,4.67665,0.0769893,5,0
A,37,.,.,.,CYS,SG,A,172,.,.,.,LEU,CB,185,1291,6.38507,0,3.90125,-8.92448,5,0
A,37,.,.,.,CYS,SG,A,184,.,.,.,THR,C,185,1374,0.0103339,0,4.93786,-0.00638937,5,0
A,37,.,.,.,CYS,SG,A,184,.,.,.,THR,O,185,1375,3.33402,0,4.39166,-0.112846,5,0
A,37,.,.,.,CYS,SG,A,184,.,.,.,THR,CB,185,1376,1.62314,0,4.35531,-1.30478,5,0
A,37,.,.,.,CYS,SG,A,184,.,.,.,THR,CG2,185,1378,4.68598,0,4.00421,-4.24309,5,0
A,37,.,.,.,CYS,SG,A,186,.,.,.,LEU,N,185,1391,0.35981,0,5.20091,0.0341036,5,0
A,37,.,.,.,CYS,SG,A,186,.,.,.,LEU,CB,185,1395,6.36528,0,4.21052,-8.89682,5,0
A,37,.,.,.,CYS,SG,A,186,.,.,.,LEU,CD2,185,1398,4.82089,0,4.22608,-7.60201,5,0
A,38,.,.,.,GLU,N,A,38,.,.,.,GLU,CA,186,187,7.0345,0,1.46076,0,0,1
A,38,.,.,.,GLU,N,A,38,.,.,.,GLU,CB,186,190,1.59025,0,2.44973,0,0,0
A,38,.,.,.,GLU,N,A,38,.,.,.,GLU,CG,186,191,3.06804,0,2.99802,0,0,0
A,38,.,.,.,GLU,N,A,39,.,.,.,ALA,N,186,195,1.86201,0,2.75176,0,1,0
A,38,.,.,.,GLU,N,A,172,.,.,.,LEU,CD2,186,1294,0.00754391,0,5.10703,0.00573665,5,0
A,38,.,.,.,GLU,CA,A,38,.,.,.,GLU,C,187,188,7.97173,0.114655,1.52648,0,0,1
A,38,.,.,.,GLU,CA,A,38,.,.,.,GLU,O,187,189,4.48674,3.34496,2.39283,0,0,0
A,38,.,.,.,GLU,CA,A,38,.,.,.,GLU,CB,187,190,10.6191,1.72906,1.53283,0,0,1
A,38,.,.,.,GLU,CA,A,38,.,.,.,GLU,CG,187,191,5.13081,3.19283,2.586,0,0,0
A,38,.,.,.,GLU,CA,A,39,.,.,.,ALA,N,187,195,0.923142,0,2.4523,0,1,0
A,38,.,.,.,GLU,CA,A,172,.,.,.,LEU,CD2,187,1294,0.00142014,0.0375629,5.7161,0.000554261,5,0
A,38,.,.,.,GLU,C,A,38,.,.,.,GLU,O,188,189,10.5888,1.79864,1.23771,0,0,1
A,38,.,.,.,GLU,C,A,38,.,.,.,GLU,CB,188,190,4.62405,1.42388,2.49433,0,0,0
A,38,.,.,.,GLU,C,A,39,.,.,.,ALA,N,188,195,8.00125,0.132419,1.33009,0,1,1
A,38,.,.,.,GLU,C,A,39,.,.,.,ALA,CA,188,196,2.5401,1.22479,2.42303,0,1,0
A,38,.,.,.,GLU,C,A,39,.,.,.,ALA,C,188,197,0.818283,0,3.07159,0,1,0
A,38,.,.,.,GLU,C,A,39,.,.,.,ALA,O,188,198,1.42898,0.188277,3.37475,0,1,0
A,38,.,.,.,GLU,O,A,38,.,.,.,GLU,CB,189,190,5.46665,4.97936,3.06203,0,0,0
A,38,.,.,.,GLU,O,A,39,.,.,.,ALA,CA,189,196,4.75721,2.35531,2.74659,0,1,0
A,38,.,.,.,GLU,O,A,39,.,.,.,ALA,C,189,197,2.1041,0,3.06797,0,1,0
A,38,.,.,.,GLU,O,A,39,.,.,.,ALA,O,189,198,0.421975,0.566108,3.56012,0,1,0
A,38,.,.,.,GLU,O,A,40,.,.,.,GLU,N,189,200,0.456354,0,3.57492,0.696858,2,0
A,38,.,.,.,GLU,O,A,40,.,.,.,GLU,CG,189,205,11.2077,7.95252,3.86262,12.2261,2,0
A,38,.,.,.,GLU,CB,A,38,.,.,.,GLU,CG,190,191,13.0882,3.50721,1.53238,0,0,1
A,38,.,.,.,GLU,CB,A,38,.,.,.,GLU,CD,190,192,2.77118,1.74191,2.54257,0,0,0
A,38,.,.,.,GLU,CB,A,38,.,.,.,GLU,OE1,190,193,7.6308,3.91212,2.78273,0,0,0
A,38,.,.,.,GLU,CB,A,39,.,.,.,ALA,N,190,195,0.891364,0.539543,3.37792,0,1,0
A,38,.,.,.,GLU,CG,A,38,.,.,.,GLU,CD,191,192,11.5243,1.62662,1.52326,0,0,1
A,38,.,.,.,GLU,CG,A,38,.,.,.,GLU,OE1,191,193,0.256961,0,2.3869,0,0,0
A,38,.,.,.,GLU,CG,A,38,.,.,.,GLU,OE2,191,194,2.88391,0.468787,2.39101,0,0,0
A,38,.,.,.,GLU,CG,A,172,.,.,.,LEU,CD2,191,1294,7.34845,0.945014,4.3554,-4.52254,5,0
A,38,.,.,.,GLU,CG,A,174,.,.,.,GLN,OE1,191,1310,0.564583,1.3964,5.35466,0.129724,5,0
A,38,.,.,.,GLU,CG,A,174,.,.,.,GLN,NE2,191,1311,7.11867,3.34173,4.1906,0.605774,5,0
A,38,.,.,.,GLU,CD,A,38,.,.,.,GLU,OE1,192,193,13.2287,3.08497,1.25155,0,0,1
A,38,.,.,.,GLU,CD,A,38,.,.,.,GLU,OE2,192,194,14.0331,4.07385,1.25278,0,0,1
A,38,.,.,.,GLU,OE1,A,38,.,.,.,GLU,OE2,193,194,1.3716,1.72639,2.20133,0,0,0
A,38,.,.,.,GLU,OE2,A,172,.,.,.,LEU,CD2,194,1294,0.618947,0,4.71645,0.110584,5,0
A,38,.,.,.,GLU,OE2,A,174,.,.,.,GLN,NE2,194,1311,10.2072,5.3407,3.57087,-3.9624,5,0
A,39,.,.,.,ALA,N,A,39,.,.,.,ALA,CA,195,196,8.49261,0.691232,1.45387,0,0,1
A,39,.,.,.,ALA,N,A,39,.,.,.,ALA,C,195,197,0.371833,0,2.44843,0,0,0
A,39,.,.,.,ALA,N,A,39,.,.,.,ALA,O,195,198,1.665,0,2.80962,0,0,0
A,39,.,.,.,ALA,N,A,39,.,.,.,ALA,CB,195,199,1.96089,0,2.44745,0,0,0
A,39,.,.,.,ALA,N,A,69,.,.,.,LYS,NZ,195,443,0.208184,0,4.1764,0.331564,5,0
A,39,.,.,.,ALA,CA,A,39,.,.,.,ALA,C,196,197,6.24484,0,1.5232,0,0,1
A,39,.,.,.,ALA,CA,A,39,.,.,.,ALA,O,196,198,0.614601,0,2.40591,0,0,0
A,39,.,.,.,ALA,CA,A,39,.,.,.,ALA,CB,196,199,14.7152,3.66761,1.52863,0,0,1
A,39,.,.,.,ALA,CA,A,40,.,.,.,GLU,N,196,200,6.54363,2.21358,2.42481,0,1,0
A,39,.,.,.,ALA,CA,A,40,.,.,.,GLU,CG,196,205,0.0475343,0.217724,4.53924,0,1,0
A,39,.,.,.,ALA,CA,A,41,.,.,.,VAL,CG1,196,214,0.415632,0.787832,5.5064,-0.187538,2,0
A,39,.,.,.,ALA,C,A,39,.,.,.,ALA,O,197,198,8.50016,0,1.23434,0,0,1
A,39,.,.,.,ALA,C,A,39,.,.,.,ALA,CB,197,199,3.11084,0,2.50129,0,0,0
A,39,.,.,.,ALA,C,A,40,.,.,.,GLU,N,197,200,7.52225,0,1.33104,0,1,1
A,39,.,.,.,ALA,C,A,40,.,.,.,GLU,CA,197,201,1.90318,0,2.43314,0,1,0
A,39,.,.,.,ALA,C,A,40,.,.,.,GLU,C,197,202,0.00474153,0,3.46821,0,1,0
A,39,.,.,.,ALA,C,A,40,.,.,.,GLU,CG,197,205,1.14419,0,3.60939,0,1,0
A,39,.,.,.,ALA,C,A,41,.,.,.,VAL,O,197,212,0.0582635,0,4.68058,0.0625435,2,0
A,39,.,.,.,ALA,C,A,43,.,.,.,TRP,CD1,197,226,1.48374,0,3.95492,-0.809258,4,0
A,39,.,.,.,ALA,O,A,39,.,.,.,ALA,CB,198,199,0.873955,0,3.16449,0,0,0
A,39,.,.,.,ALA,O,A,40,.,.,.,GLU,CA,198,201,5.93916,1.31702,2.76852,0,1,0
A,39,.,.,.,ALA,O,A,40,.,.,.,GLU,CG,198,205,0.866827,1.30274,4.13309,0,1,0
A,39,.,.,.,ALA,O,A,43,.,.,.,TRP,CB,198,224,0.150562,0,4.73748,-0.00356902,4,0
A,39,.,.,.,ALA,O,A,43,.,.,.,TRP,CD1,198,226,3.60508,0,3.36838,-0.543614,4,0
A,39,.,.,.,ALA,O,A,43,.,.,.,TRP,NE1,198,228,0.496285,0,3.75895,-0.0599026,4,0
A,39,.,.,.,ALA,O,A,69,.,.,.,LYS,NZ,198,443,11.6368,2.44732,2.47732,-1.15888,5,0
A,39,.,.,.,ALA,CB,A,40,.,.,.,GLU,N,199,200,1.62616,0,3.29887,0,1,0
A,39,.,.,.,ALA,CB,A,41,.,.,.,VAL,N,199,209,0.091448,0,4.92733,0.0385239,2,0
A,39,.,.,.,ALA,CB,A,41,.,.,.,VAL,O,199,212,4.97375,2.05156,4.59414,-1.15448,2,0
A,39,.,.,.,ALA,CB,A,41,.,.,.,VAL,CG1,199,214,7.60308,4.92001,5.07938,-11.4956,2,0
A,39,.,.,.,ALA,CB,A,43,.,.,.,TRP,CD1,199,226,1.65435,0,4.54725,-1.40659,4,0
A,39,.,.,.,ALA,CB,A,43,.,.,.,TRP,NE1,199,228,6.12093,2.27126,4.33449,-4.21649,4,0
A,40,.,.,.,GLU,N,A,40,.,.,.,GLU,CA,200,201,6.6535,0,1.45777,0,0,1
A,40,.,.,.,GLU,N,A,40,.,.,.,GLU,C,200,202,0.624715,0,2.48399,0,0,0
A,40,.,.,.,GLU,N,A,40,.,.,.,GLU,CB,200,204,0.502177,0,2.46852,0,0,0
A,40,.,.,.,GLU,N,A,40,.,.,.,GLU,CG,200,205,7.42592,2.41815,2.71847,0,0,0
A,40,.,.,.,GLU,N,A,41,.,.,.,VAL,N,200,209,5.24786,0.596122,2.83967,0,1,0
A,40,.,.,.,GLU,N,A,41,.,.,.,VAL,O,200,212,0.199239,0,4.31182,0,1,0
A,40,.,.,.,GLU,N,A,41,.,.,.,VAL,CG1,200,214,2.12744,1.50089,4.62886,0,1,0
A,40,.,.,.,GLU,CA,A,40,.,.,.,GLU,C,201,202,7.28257,0,1.51352,0,0,1
A,40,.,.,.,GLU,CA,A,40,.,.,.,GLU,O,201,203,2.64111,0,2.37439,0,0,0
A,40,.,.,.,GLU,CA,A,40,.,.,.,GLU,CB,201,204,13.0467,1.63523,1.53597,0,0,1
A,40,.,.,.,GLU,CA,A,40,.,.,.,GLU,CG,201,205,1.16986,0.0100167,2.55585,0,0,0
A,40,.,.,.,GLU,CA,A,41,.,.,.,VAL,N,201,209,1.07605,0,2.44355,0,1,0
A,40,.,.,.,GLU,CA,A,43,.,.,.,TRP,CB,201,224,3.50986,0.225603,4.55561,2.45695,3,0
A,40,.,.,.,GLU,CA,A,43,.,.,.,TRP,CD1,201,226,1.94712,0,4.12118,0.229114,3,0
A,40,.,.,.,GLU,CA,A,55,.,.,.,TRP,CD1,201,321,0.962538,0.514436,5.98664,0.225632,5,0
A,40,.,.,.,GLU,CA,A,55,.,.,.,TRP,NE1,201,323,0.381322,0.574613,5.92948,0.00777497,5,0
A,40,.,.,.,GLU,CA,A,69,.,.,.,LYS,NZ,201,443,0.247097,0.872088,4.84431,-0.012983,5,0
A,40,.,.,.,GLU,C,A,40,.,.,.,GLU,O,202,203,9.01251,0.912616,1.23297,0,0,1
A,40,.,.,.,GLU,C,A,40,.,.,.,GLU,CB,202,204,4.57795,1.315,2.46654,0,0,0
A,40,.,.,.,GLU,C,A,41,.,.,.,VAL,N,202,209,7.6961,0.264157,1.33304,0,1,1
A,40,.,.,.,GLU,C,A,41,.,.,.,VAL,CA,202,210,2.04907,0.901665,2.41356,0,1,0
A,40,.,.,.,GLU,C,A,41,.,.,.,VAL,C,202,211,0.836727,0,2.91485,0,1,0
A,40,.,.,.,GLU,C,A,41,.,.,.,VAL,O,202,212,1.29813,0,3.16837,0,1,0
A,40,.,.,.,GLU,C,A,43,.,.,.,TRP,CD1,202,226,1.60757,0,3.95005,0.67175,3,0
A,40,.,.,.,GLU,O,A,40,.,.,.,GLU,CB,203,204,3.358,3.32774,3.17989,0,0,0
A,40,.,.,.,GLU,O,A,41,.,.,.,VAL,CA,203,210,4.11618,2.19982,2.73525,0,1,0
A,40,.,.,.,GLU,O,A,41,.,.,.,VAL,C,203,211,1.42764,0,2.87035,0,1,0
A,40,.,.,.,GLU,O,A,41,.,.,.,VAL,O,203,212,7.80165e-05,0,3.30937,0,1,0
A,40,.,.,.,GLU,O,A,42,.,.,.,GLY,N,203,216,0.966545,0.0144146,3.34526,0.787221,2,0
A,40,.,.,.,GLU,O,A,43,.,.,.,TRP,N,203,220,3.73384,0,2.91993,-1.29038,3,0
A,40,.,.,.,GLU,O,A,43,.,.,.,TRP,CA,203,221,0.199927,0,3.50793,0.195813,3,0
A,40,.,.,.,GLU,O,A,43,.,.,.,TRP,O,203,223,8.36973,5.09875,3.26218,10.8877,3,0
A,40,.,.,.,GLU,O,A,43,.,.,.,TRP,CB,203,224,4.21821,0,3.358,0.893611,3,0
A,40,.,.,.,GLU,O,A,43,.,.,.,TRP,CD1,203,226,0.874598,0,3.69941,0.0627701,3,0
A,40,.,.,.,GLU,O,A,55,.,.,.,TRP,CD1,203,321,0.165585,0.151994,5.53843,0.0510224,5,0
A,40,.,.,.,GLU,CB,A,40,.,.,.,GLU,CG,204,205,13.9547,2.99314,1.50349,0,0,1
A,40,.,.,.,GLU,CB,A,40,.,.,.,GLU,CD,204,206,5.55008,2.5789,2.49562,0,0,0
A,40,.,.,.,GLU,CB,A,40,.,.,.,GLU,OE1,204,207,6.53764,5.55326,2.98943,0,0,0
A,40,.,.,.,GLU,CB,A,40,.,.,.,GLU,OE2,204,208,0.52507,1.45145,3.39254,0,0,0
A,40,.,.,.,GLU,CB,A,41,.,.,.,VAL,N,204,209,5.42303,3.7831,3.18723,0,1,0
A,40,.,.,.,GLU,CB,A,55,.,.,.,TRP,CD1,204,321,0.36757,0.340295,6.09685,-0.0778131,5,0
A,40,.,.,.,GLU,CB,A,55,.,.,.,TRP,NE1,204,323,4.8292,5.39694,5.72395,-2.57746,5,0
A,40,.,.,.,GLU,CG,A,40,.,.,.,GLU,CD,205,206,12.8003,3.70766,1.51255,0,0,1
A,40,.,.,.,GLU,CG,A,40,.,.,.,GLU,OE1,205,207,3.58977,2.68499,2.38156,0,0,0
A,40,.,.,.,GLU,CG,A,40,.,.,.,GLU,OE2,205,208,7.1971,5.84875,2.37225,0,0,0
A,40,.,.,.,GLU,CG,A,41,.,.,.,VAL,N,205,209,0.3126,0.967023,4.20669,0,1,0
A,40,.,.,.,GLU,CD,A,40,.,.,.,GLU,OE1,206,207,16.9088,6.68464,1.25385,0,0,1
A,40,.,.,.,GLU,CD,A,40,.,.,.,GLU,OE2,206,208,18.2295,7.48292,1.24942,0,0,1
A,40,.,.,.,GLU,OE1,A,40,.,.,.,GLU,OE2,207,208,2.01304,3.55172,2.2039,0,0,0
A,41,.,.,.,VAL,N,A,41,.,.,.,VAL,CA,209,210,8.57639,1.75169,1.45207,0,0,1
A,41,.,.,.,VAL,N,A,41,.,.,.,VAL,C,209,211,0.271536,0,2.41895,0,0,0
A,41,.,.,.,VAL,N,A,41,.,.,.,VAL,O,209,212,1.60241,0,2.79059,0,0,0
A,41,.,.,.,VAL,N,A,41,.,.,.,VAL,CB,209,213,4.38281,2.76699,2.4558,0,0,0
A,41,.,.,.,VAL,N,A,41,.,.,.,VAL,CG1,209,214,5.71799,1.28598,2.83999,0,0,0
A,41,.,.,.,VAL,CA,A,41,.,.,.,VAL,C,210,211,5.58886,0,1.52076,0,0,1
A,41,.,.,.,VAL,CA,A,41,.,.,.,VAL,O,210,212,0.188286,0,2.41307,0,0,0
A,41,.,.,.,VAL,CA,A,41,.,.,.,VAL,CB,210,213,11.2752,3.2778,1.53641,0,0,1
A,41,.,.,.,VAL,CA,A,41,.,.,.,VAL,CG1,210,214,0.750091,0,2.49919,0,0,0
A,41,.,.,.,VAL,CA,A,41,.,.,.,VAL,CG2,210,215,2.99739,1.50108,2.49739,0,0,0
A,41,.,.,.,VAL,CA,A,42,.,.,.,GLY,N,210,216,5.36457,2.30151,2.41717,0,1,0
A,41,.,.,.,VAL,C,A,41,.,.,.,VAL,O,211,212,8.17729,0.136455,1.24082,0,0,1
A,41,.,.,.,VAL,C,A,41,.,.,.,VAL,CB,211,213,0.776962,0,2.52752,0,0,0
A,41,.,.,.,VAL,C,A,41,.,.,.,VAL,CG1,211,214,0.793721,0,3.06904,0,0,0
A,41,.,.,.,VAL,C,A,41,.,.,.,VAL,CG2,211,215,2.91362,0.154366,2.89818,0,0,0
A,41,.,.,.,VAL,C,A,42,.,.,.,GLY,N,211,216,6.29225,0,1.329,0,1,1
A,41,.,.,.,VAL,C,A,42,.,.,.,GLY,CA,211,217,2.14771,0.103173,2.41519,0,1,0
A,41,.,.,.,VAL,C,A,42,.,.,.,GLY,C,211,218,0.00702173,0,3.22232,0,1,0
A,41,.,.,.,VAL,C,A,43,.,.,.,TRP,N,211,220,1.11442,0,3.24058,2.85965,2,0
A,41,.,.,.,VAL,C,A,43,.,.,.,TRP,CD1,211,226,0.0360237,0,4.23155,-0.0173134,2,0
A,41,.,.,.,VAL,O,A,41,.,.,.,VAL,CG1,212,214,6.94167,2.93145,3.13235,0,0,0
A,41,.,.,.,VAL,O,A,41,.,.,.,VAL,CG2,212,215,0.211361,0.590697,3.66784,0,0,0
A,41,.,.,.,VAL,O,A,42,.,.,.,GLY,CA,212,217,6.7506,3.25679,2.75761,0,1,0
A,41,.,.,.,VAL,O,A,42,.,.,.,GLY,C,212,218,0.330601,0,3.36151,0,1,0
A,41,.,.,.,VAL,O,A,43,.,.,.,TRP,N,212,220,0.14875,0,3.51161,0.0854436,2,0
A,41,.,.,.,VAL,O,A,43,.,.,.,TRP,CD1,212,226,6.39738,0,3.51234,-2.066,2,0
A,41,.,.,.,VAL,O,A,43,.,.,.,TRP,NE1,212,228,1.65489,1.73012,4.17379,0.0487873,2,0
A,41,.,.,.,VAL,O,A,57,.,.,.,GLN,NE2,212,344,0.182765,0.608699,5.75875,0.161198,5,0
A,41,.,.,.,VAL,CB,A,41,.,.,.,VAL,CG1,213,214,14.4912,4.95388,1.51449,0,0,1
A,41,.,.,.,VAL,CB,A,41,.,.,.,VAL,CG2,213,215,15.9833,6.22961,1.51174,0,0,1
A,41,.,.,.,VAL,CG1,A,41,.,.,.,VAL,CG2,214,215,9.55818,6.3575,2.48341,0,0,0
A,41,.,.,.,VAL,CG2,A,42,.,.,.,GLY,N,215,216,8.07698,3.59381,3.19024,0,1,0
A,41,.,.,.,VAL,CG2,A,42,.,.,.,GLY,CA,215,217,2.51306,3.97176,4.33491,0,1,0
A,42,.,.,.,GLY,N,A,42,.,.,.,GLY,CA,216,217,14.3127,3.00157,1.43793,0,0,1
A,42,.,.,.,GLY,N,A,43,.,.,.,TRP,N,216,220,3.87639,0.182079,2.73734,0,1,0
A,42,.,.,.,GLY,N,A,43,.,.,.,TRP,O,216,223,0.868892,1.79475,4.61085,0,1,0
A,42,.,.,.,GLY,N,A,58,.,.,.,ALA,CB,216,349,0.508061,1.67541,4.65184,0.0642815,5,0
A,42,.,.,.,GLY,CA,A,42,.,.,.,GLY,C,217,218,9.8892,0,1.50941,0,0,1
A,42,.,.,.,GLY,CA,A,42,.,.,.,GLY,O,217,219,4.85746,1.14065,2.37129,0,0,0
A,42,.,.,.,GLY,CA,A,43,.,.,.,TRP,N,217,220,1.23039,0,2.43652,0,1,0
A,42,.,.,.,GLY,CA,A,43,.,.,.,TRP,CD1,217,226,0.19156,0,4.4953,0,1,0
A,42,.,.,.,GLY,CA,A,43,.,.,.,TRP,NE1,217,228,0.00167452,0,5.23192,0,1,0
A,42,.,.,.,GLY,CA,A,57,.,.,.,GLN,NE2,217,344,2.91607,3.17245,5.42354,0.251814,5,0
A,42,.,.,.,GLY,CA,A,58,.,.,.,ALA,O,217,348,4.04031,4.01207,4.63059,1.43832,5,0
A,42,.,.,.,GLY,CA,A,58,.,.,.,ALA,CB,217,349,8.61088,3.06132,3.7669,-4.37996,5,0
A,42,.,.,.,GLY,C,A,42,.,.,.,GLY,O,218,219,8.07113,0,1.2366,0,0,1
A,42,.,.,.,GLY,C,A,43,.,.,.,TRP,N,218,220,7.0906,0,1.32844,0,1,1
A,42,.,.,.,GLY,C,A,43,.,.,.,TRP,CA,218,221,1.3212,0,2.45096,0,1,0
A,42,.,.,.,GLY,C,A,43,.,.,.,TRP,CG,218,225,0.311537,0,3.59128,0,1,0
A,42,.,.,.,GLY,C,A,43,.,.,.,TRP,CD1,218,226,2.88041,0,3.69432,0,1,0
A,42,.,.,.,GLY,C,A,57,.,.,.,GLN,NE2,218,344,0.16996,0,5.0559,-0.0572619,5,0
A,42,.,.,.,GLY,C,A,58,.,.,.,ALA,CB,218,349,3.00877,0,3.28833,-0.323082,5,0
A,42,.,.,.,GLY,O,A,43,.,.,.,TRP,CA,219,221,2.54137,0,2.80541,0,1,0
A,42,.,.,.,GLY,O,A,43,.,.,.,TRP,CG,219,225,0.48388,0,3.70472,0,1,0
A,42,.,.,.,GLY,O,A,43,.,.,.,TRP,CD1,219,226,0.658833,0,3.98347,0,1,0
A,42,.,.,.,GLY,O,A,43,.,.,.,TRP,CD2,219,227,0.803006,0,4.1209,0,1,0
A,42,.,.,.,GLY,O,A,43,.,.,.,TRP,NE1,219,228,0.00775425,0,4.51378,0,1,0
A,42,.,.,.,GLY,O,A,43,.,.,.,TRP,CE2,219,229,8.84219e-07,0,4.6018,0,1,0
A,42,.,.,.,GLY,O,A,57,.,.,.,GLN,CA,219,337,2.34826,0,3.44681,-0.213866,5,0
A,42,.,.,.,GLY,O,A,57,.,.,.,GLN,CB,219,340,0.246374,0,4.02614,0.029131,5,0
A,42,.,.,.,GLY,O,A,57,.,.,.,GLN,CG,219,341,3.9757,0,3.66776,-0.863037,5,0
A,42,.,.,.,GLY,O,A,57,.,.,.,GLN,CD,219,342,1.54126,1.27446,4.30487,-0.546492,5,0
A,42,.,.,.,GLY,O,A,57,.,.,.,GLN,NE2,219,344,2.71445,0.405041,4.28404,1.00098,5,0
A,42,.,.,.,GLY,O,A,58,.,.,.,ALA,N,219,345,5.93769,0.160485,2.61886,-3.16064,5,0
A,42,.,.,.,GLY,O,A,58,.,.,.,ALA,CA,219,346,0.00215103,0,3.41395,0.000487759,5,0
A,42,.,.,.,GLY,O,A,58,.,.,.,ALA,O,219,348,1.46567,1.15927,4.05062,0.99183,5,0
A,42,.,.,.,GLY,O,A,58,.,.,.,ALA,CB,219,349,1.72271,0,3.14306,-0.455982,5,0
A,43,.,.,.,TRP,N,A,43,.,.,.,TRP,CA,220,221,6.60971,0,1.45541,0,0,1
A,43,.,.,.,TRP,N,A,43,.,.,.,TRP,C,220,222,1.5227,0,2.42868,0,0,0
A,43,.,.,.,TRP,N,A,43,.,.,.,TRP,O,220,223,3.14853,0.188227,2.80469,0,0,0
A,43,.,.,.,TRP,N,A,43,.,.,.,TRP,CB,220,224,1.05997,0,2.47508,0,0,0
A,43,.,.,.,TRP,N,A,43,.,.,.,TRP,CG,220,225,0.280596,0,2.99934,0,0,0
A,43,.,.,.,TRP,N,A,43,.,.,.,TRP,CD1,220,226,1.81648,0,3.30628,0,0,0
A,43,.,.,.,TRP,N,A,58,.,.,.,ALA,CB,220,349,1.63286,0.120226,3.79721,1.07838,5,0
A,43,.,.,.,TRP,CA,A,43,.,.,.,TRP,C,221,222,6.56376,0,1.52249,0,0,1
A,43,.,.,.,TRP,CA,A,43,.,.,.,TRP,O,221,223,0.501337,0,2.40174,0,0,0
A,43,.,.,.,TRP,CA,A,43,.,.,.,TRP,CB,221,224,8.81359,0,1.53782,0,0,1
A,43,.,.,.,TRP,CA,A,43,.,.,.,TRP,CG,221,225,1.34412,0,2.53218,0,0,0
A,43,.,.,.,TRP,CA,A,43,.,.,.,TRP,CD2,221,227,0.686405,0,3.48773,0,0,0
A,43,.,.,.,TRP,CA,A,43,.,.,.,TRP,CE3,221,230,0.535643,0,4.00909,0,0,0
A,43,.,.,.,TRP,CA,A,44,.,.,.,ASN,N,221,234,2.91513,0,2.41697,0,1,0
A,43,.,.,.,TRP,CA,A,56,.,.,.,VAL,O,221,332,3.22435,0,3.5199,-3.91549,5,0
A,43,.,.,.,TRP,CA,A,57,.,.,.,GLN,CA,221,337,0.882214,0,4.56109,-0.0445848,5,0
A,43,.,.,.,TRP,CA,A,58,.,.,.,ALA,N,221,345,1.15101,0,4.07326,1.47473,5,0
A,43,.,.,.,TRP,CA,A,58,.,.,.,ALA,CB,221,349,1.24143,0,4.12813,-0.18708,5,0
A,43,.,.,.,TRP,C,A,43,.,.,.,TRP,O,222,223,8.62479,0,1.23424,0,0,1
A,43,.,.,.,TRP,C,A,43,.,.,.,TRP,CB,222,224,2.6962,0,2.5018,0,0,0
A,43,.,.,.,TRP,C,A,44,.,.,.,ASN,N,222,234,7.36844,0,1.32474,0,1,1
A,43,.,.,.,TRP,C,A,44,.,.,.,ASN,CA,222,235,1.73757,0,2.43631,0,1,0
A,43,.,.,.,TRP,C,A,44,.,.,.,ASN,C,222,236,0.0211101,0,3.36629,0,1,0
A,43,.,.,.,TRP,C,A,44,.,.,.,ASN,CG,222,239,0.0157385,0,3.725,0,1,0
A,43,.,.,.,TRP,C,A,44,.,.,.,ASN,OD1,222,240,1.42347,0,3.54336,0,1,0
A,43,.,.,.,TRP,C,A,55,.,.,.,TRP,CD1,222,321,1.53535,0,4.19753,-0.956159,5,0
A,43,.,.,.,TRP,C,A,58,.,.,.,ALA,CB,222,349,1.66256,0,4.1545,0.460774,5,0
A,43,.,.,.,TRP,O,A,43,.,.,.,TRP,CB,223,224,1.41192,0,3.12227,0,0,0
A,43,.,.,.,TRP,O,A,44,.,.,.,ASN,CA,223,235,6.03301,1.89396,2.78988,0,1,0
A,43,.,.,.,TRP,O,A,44,.,.,.,ASN,OD1,223,240,5.00181,3.83068,3.5273,0,1,0
A,43,.,.,.,TRP,O,A,45,.,.,.,LEU,N,223,242,1.03296,1.43008,4.18644,0.584921,2,0
A,43,.,.,.,TRP,O,A,55,.,.,.,TRP,CD1,223,321,3.74343,2.38441,4.28708,-1.71834,5,0
A,43,.,.,.,TRP,O,A,58,.,.,.,ALA,CB,223,349,0.154512,0.195977,4.70136,0.0228199,5,0
A,43,.,.,.,TRP,CB,A,43,.,.,.,TRP,CG,224,225,8.25988,0,1.49354,0,0,1
A,43,.,.,.,TRP,CB,A,43,.,.,.,TRP,CD1,224,226,2.55935,0,2.55927,0,0,0
A,43,.,.,.,TRP,CB,A,43,.,.,.,TRP,CD2,224,227,1.43348,0,2.61799,0,0,0
A,43,.,.,.,TRP,CB,A,43,.,.,.,TRP,CE3,224,230,2.3036,0,3.30549,0,0,0
A,43,.,.,.,TRP,CB,A,44,.,.,.,ASN,N,224,234,0.751477,0,3.32709,0,1,0
A,43,.,.,.,TRP,CB,A,55,.,.,.,TRP,CB,224,319,5.43087,0,3.88994,-9.67227,5,0
A,43,.,.,.,TRP,CB,A,55,.,.,.,TRP,CG,224,320,0.784087,0,4.11848,-1.82026,5,0
A,43,.,.,.,TRP,CB,A,55,.,.,.,TRP,CD1,224,321,7.59712,0.297213,3.8793,-10.0457,5,0
A,43,.,.,.,TRP,CB,A,56,.,.,.,VAL,N,224,329,0.0545594,0,4.96799,0.0335423,5,0
A,43,.,.,.,TRP,CB,A,56,.,.,.,VAL,O,224,332,0.307366,0,4.16477,-0.197767,5,0
A,43,.,.,.,TRP,CB,A,69,.,.,.,LYS,CE,224,442,0.230604,0,4.98587,-0.0851532,5,0
A,43,.,.,.,TRP,CB,A,69,.,.,.,LYS,NZ,224,443,1.92928,0.217911,4.64893,-0.141288,5,0
A,43,.,.,.,TRP,CG,A,43,.,.,.,TRP,CD1,225,226,7.35289,0,1.36625,0,0,1
A,43,.,.,.,TRP,CG,A,43,.,.,.,TRP,CD2,225,227,7.70962,0,1.435,0,0,1
A,43,.,.,.,TRP,CG,A,69,.,.,.,LYS,CE,225,442,0.379448,0,4.12682,-0.76239,5,0
A,43,.,.,.,TRP,CG,A,69,.,.,.,LYS,NZ,225,443,1.3124,0,3.86218,-0.781585,5,0
A,43,.,.,.,TRP,CD1,A,43,.,.,.,TRP,CD2,226,227,1.10789,0,2.2423,0,0,0
A,43,.,.,.,TRP,CD1,A,43,.,.,.,TRP,NE1,226,228,11.7949,0,1.37994,0,0,1
A,43,.,.,.,TRP,CD1,A,43,.,.,.,TRP,CE2,226,229,0.74448,0,2.2361,0,0,0
A,43,.,.,.,TRP,CD1,A,57,.,.,.,GLN,CG,226,341,0.00977398,0,4.89774,-0.00543892,5,0
A,43,.,.,.,TRP,CD1,A,57,.,.,.,GLN,NE2,226,344,0.0978526,0,4.94589,-0.049549,5,0
A,43,.,.,.,TRP,CD1,A,69,.,.,.,LYS,NZ,226,443,2.17011,0,3.66037,0.91711,5,0
A,43,.,.,.,TRP,CD2,A,43,.,.,.,TRP,CE2,227,229,7.09609,0,1.41148,0,0,1
A,43,.,.,.,TRP,CD2,A,43,.,.,.,TRP,CE3,227,230,9.95826,0,1.39981,0,0,1
A,43,.,.,.,TRP,CD2,A,43,.,.,.,TRP,CZ2,227,231,0.243851,0,2.46084,0,0,0
A,43,.,.,.,TRP,CD2,A,43,.,.,.,TRP,CZ3,227,232,0.160362,0,2.39893,0,0,0
A,43,.,.,.,TRP,CD2,A,43,.,.,.,TRP,CH2,227,233,0.0832031,0,2.78445,0,0,0
A,43,.,.,.,TRP,CD2,A,55,.,.,.,TRP,CB,227,319,0.255958,0,4.40676,-0.511881,5,0
A,43,.,.,.,TRP,CD2,A,57,.,.,.,GLN,CA,227,337,0.416131,0,4.36579,-0.372542,5,0
A,43,.,.,.,TRP,CD2,A,57,.,.,.,GLN,CG,227,341,2.07903,0,3.7416,-2.5522,5,0
A,43,.,.,.,TRP,CD2,A,69,.,.,.,LYS,CE,227,442,3.06523,0,3.68838,-3.03755,5,0
A,43,.,.,.,TRP,CD2,A,69,.,.,.,LYS,NZ,227,443,0.0672686,0,3.92931,-0.0027378,5,0
A,43,.,.,.,TRP,NE1,A,43,.,.,.,TRP,CE2,228,229,8.35048,0,1.37066,0,0,1
A,43,.,.,.,TRP,NE1,A,43,.,.,.,TRP,CZ2,228,231,3.25766,0,2.50974,0,0,0
A,43,.,.,.,TRP,NE1,A,57,.,.,.,GLN,CG,228,341,0.0339324,0,4.40099,-0.0303621,5,0
A,43,.,.,.,TRP,NE1,A,57,.,.,.,GLN,NE2,228,344,5.82056,2.95938,4.15654,-4.95606,5,0
A,43,.,.,.,TRP,NE1,A,69,.,.,.,LYS,CE,228,442,0.153585,0,3.93826,-0.120784,5,0
A,43,.,.,.,TRP,NE1,A,69,.,.,.,LYS,NZ,228,443,1.75745,0,3.61006,0.636158,5,0
A,43,.,.,.,TRP,CE2,A,43,.,.,.,TRP,CZ2,229,231,9.14071,0,1.39782,0,0,1
A,43,.,.,.,TRP,CE2,A,57,.,.,.,GLN,CG,229,341,1.70694,0,3.64075,-2.17826,5,0
A,43,.,.,.,TRP,CE2,A,57,.,.,.,GLN,NE2,229,344,0.812181,0,3.99991,-0.272246,5,0
A,43,.,.,.,TRP,CE2,A,69,.,.,.,LYS,CE,229,442,2.25798,0,3.57033,-2.36399,5,0
A,43,.,.,.,TRP,CE2,A,69,.,.,.,LYS,NZ,229,443,0.0705293,0,3.77292,-0.0248768,5,0
A,43,.,.,.,TRP,CE3,A,43,.,.,.,TRP,CZ3,230,232,10.3458,0,1.39032,0,0,1
A,43,.,.,.,TRP,CE3,A,55,.,.,.,TRP,C,230,317,1.67669,0,4.02216,-2.68072,5,0
A,43,.,.,.,TRP,CE3,A,55,.,.,.,TRP,O,230,318,0.00839915,0,4.24618,-0.00248104,5,0
A,43,.,.,.,TRP,CE3,A,55,.,.,.,TRP,CB,230,319,4.78963,0,3.83296,-10.0479,5,0
A,43,.,.,.,TRP,CE3,A,56,.,.,.,VAL,N,230,329,1.0919,0,3.95378,-0.00597476,5,0
A,43,.,.,.,TRP,CE3,A,56,.,.,.,VAL,CA,230,330,0.812689,0,4.07711,-0.198274,5,0
A,43,.,.,.,TRP,CE3,A,56,.,.,.,VAL,C,230,331,2.55343,0,3.57624,-3.06166,5,0
A,43,.,.,.,TRP,CE3,A,56,.,.,.,VAL,O,230,332,0.735232,0,3.80527,-0.0650842,5,0
A,43,.,.,.,TRP,CE3,A,57,.,.,.,GLN,N,230,336,1.0371,0,3.55457,0.173105,5,0
A,43,.,.,.,TRP,CE3,A,57,.,.,.,GLN,CA,230,337,1.92482,0,3.86778,-0.388837,5,0
A,43,.,.,.,TRP,CE3,A,57,.,.,.,GLN,CG,230,341,0.914536,0,3.68793,-0.526342,5,0
A,43,.,.,.,TRP,CE3,A,69,.,.,.,LYS,CB,230,439,2.19036,0,3.9408,-1.08013,5,0
A,43,.,.,.,TRP,CE3,A,69,.,.,.,LYS,CD,230,441,6.35126e-08,0,4.72638,-3.82905e-08,5,0
A,43,.,.,.,TRP,CE3,A,69,.,.,.,LYS,CE,230,442,1.06305,0,4.05621,-0.362051,5,0
A,43,.,.,.,TRP,CZ2,A,43,.,.,.,TRP,CH2,231,233,11.9644,0,1.36657,0,0,1
A,43,.,.,.,TRP,CZ2,A,57,.,.,.,GLN,CG,231,341,1.91673,0,3.50928,-1.77203,5,0
A,43,.,.,.,TRP,CZ2,A,57,.,.,.,GLN,CD,231,342,1.16564,0,4.02326,-1.99591,5,0
A,43,.,.,.,TRP,CZ2,A,57,.,.,.,GLN,NE2,231,344,4.52514,0,3.85335,-3.42936,5,0
A,43,.,.,.,TRP,CZ2,A,67,.,.,.,LYS,CD,231,424,0.799441,0,5.20269,-0.640423,5,0
A,43,.,.,.,TRP,CZ2,A,67,.,.,.,LYS,CE,231,425,0.676249,0,5.26995,-0.532565,5,0
A,43,.,.,.,TRP,CZ2,A,69,.,.,.,LYS,CE,231,442,3.66302,0,3.85564,-2.07435,5,0
A,43,.,.,.,TRP,CZ2,A,186,.,.,.,LEU,CD1,231,1397,2.3777,0,4.08348,-2.57774,5,0
A,43,.,.,.,TRP,CZ2,A,186,.,.,.,LEU,CD2,231,1398,1.97788,0,4.8512,-2.24258,5,0
A,43,.,.,.,TRP,CZ3,A,43,.,.,.,TRP,CH2,232,233,11.0284,0,1.40083,0,0,1
A,43,.,.,.,TRP,CZ3,A,55,.,.,.,TRP,C,232,317,0.0838798,0,4.46772,-0.114962,5,0
A,43,.,.,.,TRP,CZ3,A,55,.,.,.,TRP,O,232,318,1.02336,0,4.30154,-1.12107,5,0
A,43,.,.,.,TRP,CZ3,A,56,.,.,.,VAL,CA,232,330,1.13007,0,4.37768,-0.660905,5,0
A,43,.,.,.,TRP,CZ3,A,56,.,.,.,VAL,C,232,331,0.00103484,0,4.05541,-0.00115774,5,0
A,43,.,.,.,TRP,CZ3,A,57,.,.,.,GLN,N,232,336,1.89739,0,3.69872,-0.357709,5,0
A,43,.,.,.,TRP,CZ3,A,57,.,.,.,GLN,CA,232,337,0.0923354,0,4.12065,-0.0480595,5,0
A,43,.,.,.,TRP,CZ3,A,57,.,.,.,GLN,CB,232,340,0.785649,0,4.0897,-0.547925,5,0
A,43,.,.,.,TRP,CZ3,A,57,.,.,.,GLN,CG,232,341,1.80563,0,3.5264,-1.46113,5,0
A,43,.,.,.,TRP,CZ3,A,67,.,.,.,LYS,C,232,420,1.5604,0,3.99257,-0.420681,5,0
A,43,.,.,.,TRP,CZ3,A,67,.,.,.,LYS,O,232,421,3.23973,0,3.58766,0.0776499,5,0
A,43,.,.,.,TRP,CZ3,A,67,.,.,.,LYS,CB,232,422,0.516412,0,4.33988,-0.343594,5,0
A,43,.,.,.,TRP,CZ3,A,68,.,.,.,ILE,N,232,427,0.180155,0,4.32298,-0.0252473,5,0
A,43,.,.,.,TRP,CZ3,A,68,.,.,.,ILE,CA,232,428,1.29187,0,4.37014,-0.710785,5,0
A,43,.,.,.,TRP,CZ3,A,68,.,.,.,ILE,C,232,429,1.84708,0,4.06233,-0.29276,5,0
A,43,.,.,.,TRP,CZ3,A,69,.,.,.,LYS,N,232,435,1.79971,0,3.93501,-0.333942,5,0
A,43,.,.,.,TRP,CZ3,A,69,.,.,.,LYS,CB,232,439,4.11317,0,3.63862,-3.51473,5,0
A,43,.,.,.,TRP,CZ3,A,69,.,.,.,LYS,CE,232,442,0.201893,0,4.27646,-0.0062146,5,0
A,43,.,.,.,TRP,CH2,A,57,.,.,.,GLN,CG,233,341,2.90167,0,3.43703,-2.79518,5,0
A,43,.,.,.,TRP,CH2,A,57,.,.,.,GLN,CD,233,342,0.177184,0,4.2291,-0.262441,5,0
A,43,.,.,.,TRP,CH2,A,67,.,.,.,LYS,C,233,420,0.235994,0,4.33344,-0.120479,5,0
A,43,.,.,.,TRP,CH2,A,67,.,.,.,LYS,CB,233,422,5.43939,0,3.91495,-5.41167,5,0
A,43,.,.,.,TRP,CH2,A,67,.,.,.,LYS,CD,233,424,0.780625,0,4.86954,-0.641921,5,0
A,43,.,.,.,TRP,CH2,A,67,.,.,.,LYS,CE,233,425,0.720464,0,4.98852,-0.418934,5,0
A,43,.,.,.,TRP,CH2,A,68,.,.,.,ILE,N,233,427,0.193609,0,4.64819,-0.00629871,5,0
A,43,.,.,.,TRP,CH2,A,68,.,.,.,ILE,C,233,429,0.277301,0,4.52772,-0.224208,5,0
A,43,.,.,.,TRP,CH2,A,69,.,.,.,LYS,CB,233,439,1.58003,0,4.07754,-1.29315,5,0
A,43,.,.,.,TRP,CH2,A,69,.,.,.,LYS,CE,233,442,0.983913,0,4.18127,-0.572124,5,0
A,43,.,.,.,TRP,CH2,A,186,.,.,.,LEU,CD1,233,1397,8.69265,0,3.47785,-14.6489,5,0
A,44,.,.,.,ASN,N,A,44,.,.,.,ASN,CA,234,235,6.51165,0,1.45203,0,0,1
A,44,.,.,.,ASN,N,A,44,.,.,.,ASN,C,234,236,1.30889,0,2.41261,0,0,0
A,44,.,.,.,ASN,N,A,44,.,.,.,ASN,O,234,237,1.91098,0,2.78487,0,0,0
A,44,.,.,.,ASN,N,A,44,.,.,.,ASN,CB,234,238,1.90449,0,2.45834,0,0,0
A,44,.,.,.,ASN,N,A,44,.,.,.,ASN,CG,234,239,2.08329,0,2.9576,0,0,0
A,44,.,.,.,ASN,N,A,44,.,.,.,ASN,OD1,234,240,0.123222,0,3.19904,0,0,0
A,44,.,.,.,ASN,N,A,55,.,.,.,TRP,CB,234,319,0.728422,0,4.5852,0.93029,5,0
A,44,.,.,.,ASN,N,A,55,.,.,.,TRP,CD1,234,321,0.345718,0,4.28862,0.335654,5,0
A,44,.,.,.,ASN,N,A,56,.,.,.,VAL,N,234,329,0.379565,0,4.20733,0.584207,5,0
A,44,.,.,.,ASN,N,A,56,.,.,.,VAL,O,234,332,5.42233,0,3.00843,-5.17193,5,0
A,44,.,.,.,ASN,N,A,58,.,.,.,ALA,N,234,345,0.196253,0,4.40087,0.46276,5,0
A,44,.,.,.,ASN,N,A,58,.,.,.,ALA,CA,234,346,0.18587,0,4.61623,0.226678,5,0
A,44,.,.,.,ASN,N,A,58,.,.,.,ALA,CB,234,349,1.17239,0,4.17801,1.35057,5,0
A,44,.,.,.,ASN,CA,A,44,.,.,.,ASN,C,235,236,6.76425,0,1.51695,0,0,1
A,44,.,.,.,ASN,CA,A,44,.,.,.,ASN,O,235,237,0.640166,0,2.39015,0,0,0
A,44,.,.,.,ASN,CA,A,44,.,.,.,ASN,CB,235,238,10.4533,1.27649,1.52845,0,0,1
A,44,.,.,.,ASN,CA,A,44,.,.,.,ASN,CG,235,239,0.635349,0,2.52671,0,0,0
A,44,.,.,.,ASN,CA,A,44,.,.,.,ASN,OD1,235,240,4.02838,1.79746,2.86118,0,0,0
A,44,.,.,.,ASN,CA,A,45,.,.,.,LEU,N,235,242,7.62494,3.10649,2.41653,0,1,0
A,44,.,.,.,ASN,CA,A,55,.,.,.,TRP,CD1,235,321,0.134357,0,4.43032,-0.0351734,5,0
A,44,.,.,.,ASN,CA,A,56,.,.,.,VAL,O,235,332,9.11766e-05,0,3.98686,1.67979e-05,5,0
A,44,.,.,.,ASN,C,A,44,.,.,.,ASN,O,236,237,7.86166,0,1.23521,0,0,1
A,44,.,.,.,ASN,C,A,44,.,.,.,ASN,CB,236,238,3.3162,0,2.50011,0,0,0
A,44,.,.,.,ASN,C,A,45,.,.,.,LEU,N,236,242,6.87751,0,1.32757,0,1,1
A,44,.,.,.,ASN,C,A,45,.,.,.,LEU,CA,236,243,1.16206,0,2.42218,0,1,0
A,44,.,.,.,ASN,C,A,45,.,.,.,LEU,C,236,244,1.31818,0,3.04804,0,1,0
A,44,.,.,.,ASN,C,A,45,.,.,.,LEU,O,236,245,0.783016,0,3.37555,0,1,0
A,44,.,.,.,ASN,C,A,46,.,.,.,THR,OG1,236,255,0.020836,0,4.78824,0.00325356,2,0
A,44,.,.,.,ASN,C,A,55,.,.,.,TRP,CB,236,319,0.0233704,0,4.23999,-0.00128527,5,0
A,44,.,.,.,ASN,C,A,55,.,.,.,TRP,CD1,236,321,2.66368,0,3.6199,0.474881,5,0
A,44,.,.,.,ASN,O,A,44,.,.,.,ASN,CB,237,238,2.58287,0,3.09983,0,0,0
A,44,.,.,.,ASN,O,A,45,.,.,.,LEU,CA,237,243,2.10076,0,2.77504,0,1,0
A,44,.,.,.,ASN,O,A,45,.,.,.,LEU,C,237,244,1.56875,0,3.13303,0,1,0
A,44,.,.,.,ASN,O,A,46,.,.,.,THR,N,237,250,0.803863,0,3.59651,0.71019,2,0
A,44,.,.,.,ASN,O,A,46,.,.,.,THR,CB,237,254,1.04449,0,4.45585,-0.0166468,2,0
A,44,.,.,.,ASN,O,A,46,.,.,.,THR,OG1,237,255,2.69902,0,4.05017,0.416278,2,0
A,44,.,.,.,ASN,O,A,55,.,.,.,TRP,CA,237,316,4.21953,0,3.14001,-2.08211,5,0
A,44,.,.,.,ASN,O,A,55,.,.,.,TRP,CB,237,319,1.5525,0,3.51501,0.43052,5,0
A,44,.,.,.,ASN,O,A,55,.,.,.,TRP,CD1,237,321,0.466721,0,3.66734,0.0504152,5,0
A,44,.,.,.,ASN,O,A,56,.,.,.,VAL,N,237,329,5.19389,0,2.9867,-5.25258,5,0
A,44,.,.,.,ASN,O,A,56,.,.,.,VAL,O,237,332,0.533691,0,3.72015,0.345972,5,0
A,44,.,.,.,ASN,O,A,56,.,.,.,VAL,CB,237,333,1.55396,0,4.39465,-0.679734,5,0
A,44,.,.,.,ASN,CB,A,44,.,.,.,ASN,CG,238,239,13.1292,3.6179,1.51222,0,0,1
A,44,.,.,.,ASN,CB,A,44,.,.,.,ASN,OD1,238,240,1.46406,1.22803,2.39205,0,0,0
A,44,.,.,.,ASN,CB,A,44,.,.,.,ASN,ND2,238,241,7.89194,4.46661,2.41571,0,0,0
A,44,.,.,.,ASN,CB,A,45,.,.,.,LEU,N,238,242,1.75026,1.15662,3.35314,0,1,0
A,44,.,.,.,ASN,CB,A,45,.,.,.,LEU,O,238,245,5.67069,4.34985,4.35805,0,1,0
A,44,.,.,.,ASN,CB,A,46,.,.,.,THR,OG1,238,255,2.41871,2.15105,5.41863,-0.49152,2,0
A,44,.,.,.,ASN,CB,A,56,.,.,.,VAL,O,238,332,2.65802,0,4.14771,0.0546896,5,0
A,44,.,.,.,ASN,CB,A,56,.,.,.,VAL,CB,238,333,3.61745,2.04783,5.52632,-1.05021,5,0
A,44,.,.,.,ASN,CB,A,60,.,.,.,GLU,OE2,238,365,0.000179301,0.113394,5.50443,1.29902e-05,5,0
A,44,.,.,.,ASN,CG,A,44,.,.,.,ASN,OD1,239,240,13.2632,3.99088,1.23347,0,0,1
A,44,.,.,.,ASN,CG,A,44,.,.,.,ASN,ND2,239,241,13.6815,3.84335,1.32853,0,0,1
A,44,.,.,.,ASN,CG,A,56,.,.,.,VAL,O,239,332,0.0379865,0,4.55161,-0.00622257,5,0
A,44,.,.,.,ASN,CG,A,58,.,.,.,ALA,CA,239,346,0.276199,0,3.99135,-0.170631,5,0
A,44,.,.,.,ASN,CG,A,58,.,.,.,ALA,CB,239,349,2.50231,0,3.52592,-0.502273,5,0
A,44,.,.,.,ASN,OD1,A,44,.,.,.,ASN,ND2,240,241,1.44957,1.62753,2.24963,0,0,0
A,44,.,.,.,ASN,OD1,A,58,.,.,.,ALA,CB,240,349,8.08643,4.54215,3.41685,-0.708845,5,0
A,44,.,.,.,ASN,ND2,A,56,.,.,.,VAL,O,241,332,0.899066,0.219816,4.58113,0.644383,5,0
A,44,.,.,.,ASN,ND2,A,56,.,.,.,VAL,CB,241,333,0.306601,1.06279,6.11383,-0.0313736,5,0
A,44,.,.,.,ASN,ND2,A,57,.,.,.,GLN,C,241,338,0.00211191,0,4.9384,0.000299103,5,0
A,44,.,.,.,ASN,ND2,A,57,.,.,.,GLN,O,241,339,0.112095,1.00586,5.05816,0.0885594,5,0
A,44,.,.,.,ASN,ND2,A,58,.,.,.,ALA,CA,241,346,7.8874,0.0219456,3.34001,2.59216,5,0
A,44,.,.,.,ASN,ND2,A,58,.,.,.,ALA,CB,241,349,4.30059,0.637902,3.27246,-0.188859,5,0
A,44,.,.,.,ASN,ND2,A,60,.,.,.,GLU,CB,241,361,2.98941,2.47619,5.01505,0.694102,5,0
A,44,.,.,.,ASN,ND2,A,60,.,.,.,GLU,CD,241,363,3.45097,0,3.86993,0.763888,5,0
A,44,.,.,.,ASN,ND2,A,60,.,.,.,GLU,OE1,241,364,6.89425,3.07183,3.60503,-3.40714,5,0
A,44,.,.,.,ASN,ND2,A,60,.,.,.,GLU,OE2,241,365,7.1243,5.59393,3.82102,-0.0205521,5,0
A,45,.,.,.,LEU,N,A,45,.,.,.,LEU,CA,242,243,6.75497,0,1.45135,0,0,1
A,45,.,.,.,LEU,N,A,45,.,.,.,LEU,C,242,244,0.42645,0,2.4339,0,0,0
A,45,.,.,.,LEU,N,A,45,.,.,.,LEU,O,242,245,3.68705,1.43533,2.80901,0,0,0
A,45,.,.,.,LEU,N,A,45,.,.,.,LEU,CB,242,246,8.19465,4.86875,2.44076,0,0,0
A,45,.,.,.,LEU,N,A,55,.,.,.,TRP,CD1,242,321,3.68525,0.58556,3.54111,1.53849,5,0
A,45,.,.,.,LEU,N,A,55,.,.,.,TRP,NE1,242,323,0.0756042,0.253507,4.17516,0.0135236,5,0
A,45,.,.,.,LEU,CA,A,45,.,.,.,LEU,C,243,244,6.20557,0,1.52308,0,0,1
A,45,.,.,.,LEU,CA,A,45,.,.,.,LEU,O,243,245,0.636676,0,2.40523,0,0,0
A,45,.,.,.,LEU,CA,A,45,.,.,.,LEU,CB,243,246,7.77743,0,1.52917,0,0,1
A,45,.,.,.,LEU,CA,A,45,.,.,.,LEU,CG,243,247,0.663674,0,2.65827,0,0,0
A,45,.,.,.,LEU,CA,A,45,.,.,.,LEU,CD2,243,249,2.92647,0,3.06717,0,0,0
A,45,.,.,.,LEU,CA,A,46,.,.,.,THR,N,243,250,2.37655,0,2.41197,0,1,0
A,45,.,.,.,LEU,CA,A,54,.,.,.,VAL,O,243,311,1.38038,0,3.70495,-1.48947,5,0
A,45,.,.,.,LEU,CA,A,55,.,.,.,TRP,CA,243,316,0.983785,0,4.46675,-0.136842,5,0
A,45,.,.,.,LEU,CA,A,55,.,.,.,TRP,CG,243,320,0.169553,0,4.25362,-0.159434,5,0
A,45,.,.,.,LEU,CA,A,55,.,.,.,TRP,CD1,243,321,3.2468,0,3.66046,-0.455818,5,0
A,45,.,.,.,LEU,C,A,45,.,.,.,LEU,O,244,245,9.01412,0,1.23218,0,0,1
A,45,.,.,.,LEU,C,A,45,.,.,.,LEU,CB,244,246,1.4799,0,2.51432,0,0,0
A,45,.,.,.,LEU,C,A,45,.,.,.,LEU,CG,244,247,0.0377912,0,3.29703,0,0,0
A,45,.,.,.,LEU,C,A,45,.,.,.,LEU,CD1,244,248,2.49545,0,3.30221,0,0,0
A,45,.,.,.,LEU,C,A,46,.,.,.,THR,N,244,250,6.8833,0,1.32487,0,1,1
A,45,.,.,.,LEU,C,A,46,.,.,.,THR,CA,244,251,1.76256,0,2.46342,0,1,0
A,45,.,.,.,LEU,C,A,46,.,.,.,THR,CB,244,254,0.166235,0,3.44737,0,1,0
A,45,.,.,.,LEU,C,A,46,.,.,.,THR,OG1,244,255,1.01218,0,3.65327,0,1,0
A,45,.,.,.,LEU,O,A,45,.,.,.,LEU,CB,245,246,3.51116,2.57357,3.15129,0,0,0
A,45,.,.,.,LEU,O,A,45,.,.,.,LEU,CD1,245,248,2.36181,2.4803,3.90449,0,0,0
A,45,.,.,.,LEU,O,A,46,.,.,.,THR,CA,245,251,7.47625,4.26978,2.83402,0,1,0
A,45,.,.,.,LEU,O,A,46,.,.,.,THR,OG1,245,255,2.87047,2.02065,3.75109,0,1,0
A,45,.,.,.,LEU,CB,A,45,.,.,.,LEU,CG,246,247,15.0591,5.12645,1.53335,0,0,1
A,45,.,.,.,LEU,CB,A,45,.,.,.,LEU,CD1,246,248,4.35798,2.25378,2.54154,0,0,0
A,45,.,.,.,LEU,CB,A,45,.,.,.,LEU,CD2,246,249,1.26666,0,2.52808,0,0,0
A,45,.,.,.,LEU,CB,A,55,.,.,.,TRP,CD1,246,321,0.565289,0,4.10989,-0.325313,5,0
A,45,.,.,.,LEU,CB,A,55,.,.,.,TRP,NE1,246,323,4.70653,2.69775,4.00259,-4.40818,5,0
A,45,.,.,.,LEU,CG,A,45,.,.,.,LEU,CD1,247,248,14.389,3.6233,1.52498,0,0,1
A,45,.,.,.,LEU,CG,A,45,.,.,.,LEU,CD2,247,249,14.1099,2.5868,1.52779,0,0,1
A,45,.,.,.,LEU,CG,A,46,.,.,.,THR,N,247,250,0.209808,0,3.58776,0,1,0
A,45,.,.,.,LEU,CG,A,48,.,.,.,SER,CB,247,273,2.86545,2.47169,4.55366,-1.22578,3,0
A,45,.,.,.,LEU,CG,A,55,.,.,.,TRP,NE1,247,323,0.950067,1.01627,4.30157,-0.84214,5,0
A,45,.,.,.,LEU,CG,A,55,.,.,.,TRP,CZ2,247,326,0.0873189,0.651619,4.99653,-0.109641,5,0
A,45,.,.,.,LEU,CD1,A,45,.,.,.,LEU,CD2,248,249,2.41539,0,2.51649,0,0,0
A,45,.,.,.,LEU,CD1,A,46,.,.,.,THR,N,248,250,2.35056,0,3.31426,0,1,0
A,45,.,.,.,LEU,CD1,A,46,.,.,.,THR,CA,248,251,0.832446,0.317766,4.14932,0,1,0
A,45,.,.,.,LEU,CD1,A,46,.,.,.,THR,C,248,252,2.86935,1.98741,3.97959,0,1,0
A,45,.,.,.,LEU,CD1,A,47,.,.,.,TYR,N,248,257,3.64309,0,3.43611,1.10011,2,0
A,45,.,.,.,LEU,CD1,A,47,.,.,.,TYR,CA,248,258,2.28387,1.48916,4.0456,0.0181949,2,0
A,45,.,.,.,LEU,CD1,A,47,.,.,.,TYR,C,248,259,2.50515,0,3.62354,-1.05388,2,0
A,45,.,.,.,LEU,CD1,A,47,.,.,.,TYR,O,248,260,1.81453,0,3.28091,-0.557183,2,0
A,45,.,.,.,LEU,CD1,A,48,.,.,.,SER,N,248,269,0.643816,0.672651,4.28815,0.292033,3,0
A,45,.,.,.,LEU,CD1,A,48,.,.,.,SER,CB,248,273,9.95003,4.65046,3.91074,-7.72829,3,0
A,45,.,.,.,LEU,CD2,A,46,.,.,.,THR,N,249,250,0.903188,0,3.75098,0,1,0
A,45,.,.,.,LEU,CD2,A,47,.,.,.,TYR,N,249,257,0.302082,0,4.29766,0.0916853,2,0
A,45,.,.,.,LEU,CD2,A,47,.,.,.,TYR,O,249,260,4.20447,0,3.21167,-1.05894,2,0
A,45,.,.,.,LEU,CD2,A,48,.,.,.,SER,CB,249,273,2.50129,0.609316,4.51803,-1.89622,3,0
A,45,.,.,.,LEU,CD2,A,48,.,.,.,SER,OG,249,274,0.00182328,0.127818,5.15871,-1.8617e-05,3,0
A,45,.,.,.,LEU,CD2,A,53,.,.,.,SER,CB,249,306,8.19503,1.05201,3.78775,-6.21262,5,0
A,45,.,.,.,LEU,CD2,A,54,.,.,.,VAL,N,249,308,1.53966,0,4.20899,0.988168,5,0
A,45,.,.,.,LEU,CD2,A,54,.,.,.,VAL,C,249,310,0.709854,0,4.17474,-0.258768,5,0
A,45,.,.,.,LEU,CD2,A,54,.,.,.,VAL,O,249,311,4.32071,0,3.41729,-1.01164,5,0
A,45,.,.,.,LEU,CD2,A,55,.,.,.,TRP,CG,249,320,0.430203,0,4.25727,-1.1153,5,0
A,45,.,.,.,LEU,CD2,A,55,.,.,.,TRP,CD1,249,321,0.931404,0,4.04448,-0.541618,5,0
A,45,.,.,.,LEU,CD2,A,55,.,.,.,TRP,CD2,249,322,2.2474,0,3.97665,-4.36225,5,0
A,45,.,.,.,LEU,CD2,A,55,.,.,.,TRP,NE1,249,323,2.70843,0,3.61926,-1.93895,5,0
A,45,.,.,.,LEU,CD2,A,55,.,.,.,TRP,CE2,249,324,2.29609,0,3.56568,-3.05644,5,0
A,45,.,.,.,LEU,CD2,A,55,.,.,.,TRP,CE3,249,325,0.224299,0,4.61363,-0.295416,5,0
A,45,.,.,.,LEU,CD2,A,55,.,.,.,TRP,CZ2,249,326,6.11515,2.19083,3.88553,-8.29655,5,0
A,45,.,.,.,LEU,CD2,A,55,.,.,.,TRP,CZ3,249,327,0.00679231,0,4.8343,-0.00906991,5,0
A,45,.,.,.,LEU,CD2,A,55,.,.,.,TRP,CH2,249,328,0.00958758,0,4.50923,-0.013578,5,0
A,46,.,.,.,THR,N,A,46,.,.,.,THR,CA,250,251,6.45382,0,1.45546,0,0,1
A,46,.,.,.,THR,N,A,46,.,.,.,THR,C,250,252,0.0750484,0,2.48088,0,0,0
A,46,.,.,.,THR,N,A,46,.,.,.,THR,CB,250,254,3.11113,0,2.44395,0,0,0
A,46,.,.,.,THR,N,A,47,.,.,.,TYR,N,250,257,2.15694,0,2.76347,0,1,0
A,46,.,.,.,THR,N,A,54,.,.,.,VAL,O,250,311,4.31036,0,2.77958,-6.59717,5,0
A,46,.,.,.,THR,N,A,55,.,.,.,TRP,CA,250,316,0.136325,0,4.56798,0.127177,5,0
A,46,.,.,.,THR,CA,A,46,.,.,.,THR,C,251,252,8.88389,1.00659,1.52181,0,0,1
A,46,.,.,.,THR,CA,A,46,.,.,.,THR,O,251,253,4.48792,3.43935,2.38794,0,0,0
A,46,.,.,.,THR,CA,A,46,.,.,.,THR,CB,251,254,9.67394,0.738261,1.54594,0,0,1
A,46,.,.,.,THR,CA,A,46,.,.,.,THR,OG1,251,255,2.96814,1.63788,2.43625,0,0,0
A,46,.,.,.,THR,CA,A,46,.,.,.,THR,CG2,251,256,1.08235,0.489002,2.55331,0,0,0
A,46,.,.,.,THR,CA,A,47,.,.,.,TYR,N,251,257,0.870441,0,2.44386,0,1,0
A,46,.,.,.,THR,CA,A,54,.,.,.,VAL,O,251,311,0.0565302,0,3.51441,0.01678,5,0
A,46,.,.,.,THR,C,A,46,.,.,.,THR,O,252,253,9.75854,2.40107,1.23442,0,0,1
A,46,.,.,.,THR,C,A,46,.,.,.,THR,CB,252,254,0.682475,0,2.51467,0,0,0
A,46,.,.,.,THR,C,A,46,.,.,.,THR,CG2,252,256,2.60235,0,2.73859,0,0,0
A,46,.,.,.,THR,C,A,47,.,.,.,TYR,N,252,257,7.3632,0,1.33142,0,1,1
A,46,.,.,.,THR,C,A,47,.,.,.,TYR,CA,252,258,1.93388,0.328501,2.45847,0,1,0
A,46,.,.,.,THR,C,A,47,.,.,.,TYR,CB,252,261,0.870377,0,3.20494,0,1,0
A,46,.,.,.,THR,O,A,46,.,.,.,THR,CG2,253,256,8.17256,4.8807,2.9095,0,0,0
A,46,.,.,.,THR,O,A,47,.,.,.,TYR,CA,253,258,5.99133,3.71121,2.8127,0,1,0
A,46,.,.,.,THR,O,A,47,.,.,.,TYR,CB,253,261,4.07729,1.72264,3.35892,0,1,0
A,46,.,.,.,THR,O,A,47,.,.,.,TYR,CD2,253,264,0.132678,1.16656,4.98486,0,1,0
A,46,.,.,.,THR,CB,A,46,.,.,.,THR,OG1,254,255,11.5439,0.768278,1.4368,0,0,1
A,46,.,.,.,THR,CB,A,46,.,.,.,THR,CG2,254,256,13.2783,0.740565,1.52025,0,0,1
A,46,.,.,.,THR,CB,A,47,.,.,.,TYR,N,254,257,0.779801,0,3.32852,0,1,0
A,46,.,.,.,THR,CB,A,54,.,.,.,VAL,C,254,310,0.690262,0,4.26253,-0.247174,5,0
A,46,.,.,.,THR,CB,A,54,.,.,.,VAL,O,254,311,3.33525,0,3.46356,-0.900431,5,0
A,46,.,.,.,THR,CB,A,54,.,.,.,VAL,CB,254,312,1.23574,0,4.62383,-1.09986,5,0
A,46,.,.,.,THR,CB,A,54,.,.,.,VAL,CG1,254,313,2.09129,0,4.58106,-1.44989,5,0
A,46,.,.,.,THR,CB,A,55,.,.,.,TRP,CA,254,316,1.60289,0,4.8827,0.828894,5,0
A,46,.,.,.,THR,CB,A,55,.,.,.,TRP,C,254,317,0.210243,0,5.06888,-0.00536043,5,0
A,46,.,.,.,THR,CB,A,56,.,.,.,VAL,N,254,329,0.288741,0,5.08518,0.360372,5,0
A,46,.,.,.,THR,CB,A,56,.,.,.,VAL,CG2,254,335,3.80084,0,4.32331,-2.91394,5,0
A,46,.,.,.,THR,CB,A,205,.,.,.,GLN,CG,254,1540,0.097828,0,4.56414,-0.0399908,5,0
A,46,.,.,.,THR,CB,A,205,.,.,.,GLN,CD,254,1541,0.0780248,0,4.42775,-0.0954555,5,0
A,46,.,.,.,THR,CB,A,205,.,.,.,GLN,OE1,254,1542,0.186681,0,3.74923,-0.148014,5,0
A,46,.,.,.,THR,OG1,A,46,.,.,.,THR,CG2,255,256,2.18985,1.27505,2.42744,0,0,0
A,46,.,.,.,THR,OG1,A,56,.,.,.,VAL,N,255,329,0.100612,0,4.66055,0.061807,5,0
A,46,.,.,.,THR,OG1,A,56,.,.,.,VAL,CB,255,333,4.52081,2.51227,4.25896,-2.07819,5,0
A,46,.,.,.,THR,OG1,A,56,.,.,.,VAL,CG2,255,335,4.16608,0.0312165,3.70617,-1.8148,5,0
A,46,.,.,.,THR,OG1,A,205,.,.,.,GLN,OE1,255,1542,5.71114,3.3037,3.31509,-3.38905,5,0
A,46,.,.,.,THR,CG2,A,47,.,.,.,TYR,N,256,257,0.300326,0,3.58371,0,1,0
A,46,.,.,.,THR,CG2,A,47,.,.,.,TYR,CB,256,261,6.0068,2.71693,4.32682,0,1,0
A,46,.,.,.,THR,CG2,A,54,.,.,.,VAL,CB,256,312,2.95372,0,4.525,-2.18893,5,0
A,46,.,.,.,THR,CG2,A,54,.,.,.,VAL,CG1,256,313,2.78806,0,4.41683,-3.17901,5,0
A,46,.,.,.,THR,CG2,A,56,.,.,.,VAL,CG2,256,335,8.97067e-06,0,4.73547,1.03078e-06,5,0
A,46,.,.,.,THR,CG2,A,205,.,.,.,GLN,C,256,1537,0.0739626,0.286615,5.7487,-0.0176273,5,0
A,46,.,.,.,THR,CG2,A,205,.,.,.,GLN,O,256,1538,1.84116,1.55582,5.50243,1.22543,5,0
A,46,.,.,.,THR,CG2,A,205,.,.,.,GLN,CB,256,1539,1.99856,1.89648,4.74891,0.207469,5,0
A,46,.,.,.,THR,CG2,A,205,.,.,.,GLN,CG,256,1540,6.06911,0,3.77558,-2.74446,5,0
A,46,.,.,.,THR,CG2,A,205,.,.,.,GLN,CD,256,1541,0.397349,0,3.80752,-0.440124,5,0
A,46,.,.,.,THR,CG2,A,205,.,.,.,GLN,OE1,256,1542,9.69372,4.27754,3.10382,-3.30894,5,0
A,47,.,.,.,TYR,N,A,47,.,.,.,TYR,CA,257,258,7.35283,0,1.45294,0,0,1
A,47,.,.,.,TYR,N,A,47,.,.,.,TYR,C,257,259,0.535262,0,2.39615,0,0,0
A,47,.,.,.,TYR,N,A,47,.,.,.,TYR,O,257,260,2.16861,0,2.66876,0,0,0
A,47,.,.,.,TYR,N,A,47,.,.,.,TYR,CB,257,261,2.18079,0,2.45735,0,0,0
A,47,.,.,.,TYR,N,A,54,.,.,.,VAL,N,257,308,0.333082,0,4.24878,0.537995,5,0
A,47,.,.,.,TYR,N,A,54,.,.,.,VAL,O,257,311,2.57173,0,3.40146,-4.81283,5,0
A,47,.,.,.,TYR,N,A,54,.,.,.,VAL,CB,257,312,1.2484,0,4.38704,0.848145,5,0
A,47,.,.,.,TYR,CA,A,47,.,.,.,TYR,C,258,259,7.27442,0,1.52264,0,0,1
A,47,.,.,.,TYR,CA,A,47,.,.,.,TYR,O,258,260,0.411203,0,2.39927,0,0,0
A,47,.,.,.,TYR,CA,A,47,.,.,.,TYR,CB,258,261,9.76438,0,1.53788,0,0,1
A,47,.,.,.,TYR,CA,A,47,.,.,.,TYR,CG,258,262,0.831373,0,2.58844,0,0,0
A,47,.,.,.,TYR,CA,A,47,.,.,.,TYR,CD2,258,264,2.98388,2.51042,3.51001,0,0,0
A,47,.,.,.,TYR,CA,A,48,.,.,.,SER,N,258,269,6.26003,3.1542,2.42687,0,1,0
A,47,.,.,.,TYR,CA,A,54,.,.,.,VAL,N,258,308,0.0698231,0,4.39876,0.0203484,5,0
A,47,.,.,.,TYR,C,A,47,.,.,.,TYR,O,259,260,7.26879,0,1.23409,0,0,1
A,47,.,.,.,TYR,C,A,47,.,.,.,TYR,CB,259,261,1.39127,0,2.53929,0,0,0
A,47,.,.,.,TYR,C,A,47,.,.,.,TYR,CG,259,262,0.095501,0,3.04073,0,0,0
A,47,.,.,.,TYR,C,A,47,.,.,.,TYR,CD1,259,263,2.1694,0,3.1927,0,0,0
A,47,.,.,.,TYR,C,A,48,.,.,.,SER,N,259,269,6.82049,0,1.33513,0,1,1
A,47,.,.,.,TYR,C,A,48,.,.,.,SER,CA,259,270,1.2617,0,2.44486,0,1,0
A,47,.,.,.,TYR,C,A,48,.,.,.,SER,CB,259,273,1.04332,0,3.07812,0,1,0
A,47,.,.,.,TYR,C,A,53,.,.,.,SER,CA,259,303,0.395225,0,4.03555,0.253436,5,0
A,47,.,.,.,TYR,C,A,54,.,.,.,VAL,N,259,308,0.127877,0,3.93613,0.228471,5,0
A,47,.,.,.,TYR,O,A,47,.,.,.,TYR,CB,260,261,0.030126,0,3.28484,0,0,0
A,47,.,.,.,TYR,O,A,48,.,.,.,SER,CA,260,270,1.30247,0,2.7915,0,1,0
A,47,.,.,.,TYR,O,A,48,.,.,.,SER,CB,260,273,2.0741,0,3.07203,0,1,0
A,47,.,.,.,TYR,O,A,53,.,.,.,SER,CA,260,303,2.82216,0,3.19461,-1.90874,5,0
A,47,.,.,.,TYR,O,A,53,.,.,.,SER,CB,260,306,2.09047,0,3.38825,-0.301864,5,0
A,47,.,.,.,TYR,O,A,54,.,.,.,VAL,N,260,308,3.85637,0,3.07669,-7.50331,5,0
A,47,.,.,.,TYR,O,A,54,.,.,.,VAL,O,260,311,0.397429,0,3.77118,-0.0245656,5,0
A,47,.,.,.,TYR,CB,A,47,.,.,.,TYR,CG,261,262,7.91598,0,1.51476,0,0,1
A,47,.,.,.,TYR,CB,A,47,.,.,.,TYR,CD1,261,263,2.76862,0,2.5292,0,0,0
A,47,.,.,.,TYR,CB,A,47,.,.,.,TYR,CD2,261,264,9.2035,4.40341,2.52911,0,0,0
A,47,.,.,.,TYR,CB,A,54,.,.,.,VAL,N,261,308,1.02396,0,4.29855,0.767108,5,0
A,47,.,.,.,TYR,CB,A,54,.,.,.,VAL,CB,261,312,5.30893,0,4.02665,-7.52445,5,0
A,47,.,.,.,TYR,CB,A,54,.,.,.,VAL,CG2,261,314,4.38793,0,4.0815,-6.25854,5,0
A,47,.,.,.,TYR,CB,A,205,.,.,.,GLN,O,261,1538,1.20575,1.71252,5.87924,-0.28794,5,0
A,47,.,.,.,TYR,CB,A,209,.,.,.,PRO,CG,261,1573,0.468138,0.341107,5.42531,-0.364057,5,0
A,47,.,.,.,TYR,CB,A,209,.,.,.,PRO,CD,261,1574,0.301311,0.121954,5.74237,-0.0773393,5,0
A,47,.,.,.,TYR,CG,A,47,.,.,.,TYR,CD1,262,263,7.70048,0,1.39075,0,0,1
A,47,.,.,.,TYR,CG,A,47,.,.,.,TYR,CD2,262,264,8.74957,0,1.39025,0,0,1
A,47,.,.,.,TYR,CG,A,48,.,.,.,SER,N,262,269,1.46174,0,3.17186,0,1,0
A,47,.,.,.,TYR,CG,A,54,.,.,.,VAL,CG2,262,314,0.176833,0,4.46774,-0.411614,5,0
A,47,.,.,.,TYR,CG,A,209,.,.,.,PRO,CG,262,1573,1.2812,0,4.61096,-2.93863,5,0
A,47,.,.,.,TYR,CD1,A,47,.,.,.,TYR,CD2,263,264,0.982852,0,2.3838,0,0,0
A,47,.,.,.,TYR,CD1,A,47,.,.,.,TYR,CE1,263,265,11.3636,0,1.38256,0,0,1
A,47,.,.,.,TYR,CD1,A,47,.,.,.,TYR,CE2,263,266,0.0226598,0,2.75879,0,0,0
A,47,.,.,.,TYR,CD1,A,48,.,.,.,SER,N,263,269,2.96151,0,3.13803,0,1,0
A,47,.,.,.,TYR,CD1,A,48,.,.,.,SER,CA,263,270,1.09469,0,3.84695,0,1,0
A,47,.,.,.,TYR,CD1,A,49,.,.,.,ARG,N,263,275,0.181582,0,4.02647,0.0127216,2,0
A,47,.,.,.,TYR,CD1,A,52,.,.,.,VAL,C,263,297,0.441285,0,4.19624,-0.292233,5,0
A,47,.,.,.,TYR,CD1,A,52,.,.,.,VAL,O,263,298,2.51671,0,3.41412,-1.39083,5,0
A,47,.,.,.,TYR,CD1,A,52,.,.,.,VAL,CG1,263,300,1.70099,0,4.57828,-1.64191,5,0
A,47,.,.,.,TYR,CD1,A,53,.,.,.,SER,CA,263,303,2.49655,0,4.39985,-0.695598,5,0
A,47,.,.,.,TYR,CD1,A,53,.,.,.,SER,C,263,304,0.00507299,0,4.76218,-0.00263181,5,0
A,47,.,.,.,TYR,CD1,A,54,.,.,.,VAL,N,263,308,0.603835,0,4.54794,0.407205,5,0
A,47,.,.,.,TYR,CD1,A,54,.,.,.,VAL,CG2,263,314,4.58437,0,4.25028,-6.04913,5,0
A,47,.,.,.,TYR,CD1,A,209,.,.,.,PRO,CB,263,1572,1.15081,0,4.27721,-1.08568,5,0
A,47,.,.,.,TYR,CD1,A,209,.,.,.,PRO,CG,263,1573,1.66943,0,4.39375,-1.56271,5,0
A,47,.,.,.,TYR,CD2,A,47,.,.,.,TYR,CE1,264,265,0.00454156,0,2.76362,0,0,0
A,47,.,.,.,TYR,CD2,A,47,.,.,.,TYR,CE2,264,266,20.5096,8.27541,1.38894,0,0,1
A,47,.,.,.,TYR,CD2,A,48,.,.,.,SER,N,264,269,2.53291,1.59966,4.00899,0,1,0
A,47,.,.,.,TYR,CD2,A,49,.,.,.,ARG,CB,264,279,0.0797664,0.263179,5.12109,-0.0618298,2,0
A,47,.,.,.,TYR,CD2,A,209,.,.,.,PRO,CG,264,1573,3.96447,2.55143,4.60209,-3.71104,5,0
A,47,.,.,.,TYR,CE1,A,47,.,.,.,TYR,CE2,265,266,0.174022,0,2.39282,0,0,0
A,47,.,.,.,TYR,CE1,A,47,.,.,.,TYR,CZ,265,267,9.93807,0,1.3778,0,0,1
A,47,.,.,.,TYR,CE1,A,47,.,.,.,TYR,OH,265,268,2.87336,0,2.38019,0,0,0
A,47,.,.,.,TYR,CE1,A,48,.,.,.,SER,N,265,269,0.148614,0,3.92982,0,1,0
A,47,.,.,.,TYR,CE1,A,48,.,.,.,SER,C,265,271,0.0117986,0,4.31138,0,1,0
A,47,.,.,.,TYR,CE1,A,49,.,.,.,ARG,N,265,275,3.31581,0,3.66556,1.22681,2,0
A,47,.,.,.,TYR,CE1,A,49,.,.,.,ARG,CA,265,276,0.0290324,0,4.29789,-0.0106162,2,0
A,47,.,.,.,TYR,CE1,A,49,.,.,.,ARG,O,265,278,2.36721,0,3.9841,-0.617099,2,0
A,47,.,.,.,TYR,CE1,A,49,.,.,.,ARG,CB,265,279,1.33104,0,3.99879,-1.04666,2,0
A,47,.,.,.,TYR,CE1,A,52,.,.,.,VAL,C,265,297,0.0203606,0,4.19442,-0.00625511,5,0
A,47,.,.,.,TYR,CE1,A,52,.,.,.,VAL,O,265,298,2.79042,0,3.37593,-0.56105,5,0
A,47,.,.,.,TYR,CE1,A,52,.,.,.,VAL,CB,265,299,4.12709,0,4.25431,-4.05152,5,0
A,47,.,.,.,TYR,CE1,A,52,.,.,.,VAL,CG1,265,300,1.84478,0,4.26241,-2.15401,5,0
A,47,.,.,.,TYR,CE1,A,209,.,.,.,PRO,CB,265,1572,4.71616,0,3.81331,-4.99922,5,0
A,47,.,.,.,TYR,CE1,A,209,.,.,.,PRO,CG,265,1573,0.422727,0,4.21229,-0.537274,5,0
A,47,.,.,.,TYR,CE2,A,47,.,.,.,TYR,CZ,266,267,11.7169,0,1.38116,0,0,1
A,47,.,.,.,TYR,CE2,A,47,.,.,.,TYR,OH,266,268,5.21002,3.53127,2.3956,0,0,0
A,47,.,.,.,TYR,CE2,A,48,.,.,.,SER,N,266,269,0.0712917,0,4.66302,0,1,0
A,47,.,.,.,TYR,CE2,A,49,.,.,.,ARG,CB,266,279,3.74729,1.74957,4.33312,-2.94667,2,0
A,47,.,.,.,TYR,CE2,A,49,.,.,.,ARG,CD,266,281,3.7963,3.69094,4.92036,-4.03243,2,0
A,47,.,.,.,TYR,CE2,A,209,.,.,.,PRO,CG,266,1573,4.88926,3.16325,4.42117,-5.91033,5,0
A,47,.,.,.,TYR,CZ,A,47,.,.,.,TYR,OH,267,268,9.99003,0,1.37989,0,0,1
A,47,.,.,.,TYR,CZ,A,48,.,.,.,SER,N,267,269,0.00565789,0,4.62342,0,1,0
A,47,.,.,.,TYR,CZ,A,49,.,.,.,ARG,CB,267,279,3.42802,0,3.69909,-3.91083,2,0
A,47,.,.,.,TYR,CZ,A,49,.,.,.,ARG,CD,267,281,0.0183571,0,4.60938,-0.0353146,2,0
A,47,.,.,.,TYR,CZ,A,209,.,.,.,PRO,CB,267,1572,1.75316,0,4.05021,-3.17815,5,0
A,47,.,.,.,TYR,CZ,A,209,.,.,.,PRO,CG,267,1573,1.933,0,4.22224,-2.71985,5,0
A,47,.,.,.,TYR,OH,A,49,.,.,.,ARG,O,268,278,3.93706,2.06149,3.94547,-0.811685,2,0
A,47,.,.,.,TYR,OH,A,49,.,.,.,ARG,CB,268,279,3.16123,0,3.45135,-2.42432,2,0
A,47,.,.,.,TYR,OH,A,49,.,.,.,ARG,CG,268,280,1.74406,0.28367,3.93213,-1.49711,2,0
A,47,.,.,.,TYR,OH,A,49,.,.,.,ARG,CD,268,281,4.33226,0.458864,3.85019,-5.31789,2,0
A,47,.,.,.,TYR,OH,A,49,.,.,.,ARG,NH2,268,285,7.58543,6.43254,4.27281,-6.85791,2,0
A,47,.,.,.,TYR,OH,A,50,.,.,.,ALA,CB,268,290,0.000709026,0.0536958,5.92042,-0.000245461,3,0
A,47,.,.,.,TYR,OH,A,52,.,.,.,VAL,CB,268,299,1.01879,1.12281,5.28551,-1.07403,5,0
A,47,.,.,.,TYR,OH,A,209,.,.,.,PRO,CB,268,1572,5.1774,3.9699,4.28246,-5.44362,5,0
A,47,.,.,.,TYR,OH,A,209,.,.,.,PRO,CG,268,1573,0.425941,0.903498,4.68724,-0.644214,5,0
A,48,.,.,.,SER,N,A,48,.,.,.,SER,CA,269,270,7.47231,0,1.4609,0,0,1
A,48,.,.,.,SER,N,A,48,.,.,.,SER,C,269,271,3.77943,0.37959,2.45639,0,0,0
A,48,.,.,.,SER,N,A,48,.,.,.,SER,O,269,272,2.38529,2.7704,3.12921,0,0,0
A,48,.,.,.,SER,N,A,48,.,.,.,SER,CB,269,273,3.6739,1.39008,2.46638,0,0,0
A,48,.,.,.,SER,N,A,49,.,.,.,ARG,N,269,275,0.100828,0,3.26151,0,1,0
A,48,.,.,.,SER,N,A,49,.,.,.,ARG,CB,269,279,0.389236,0.406435,4.81447,0,1,0
A,48,.,.,.,SER,CA,A,48,.,.,.,SER,C,270,271,6.91846,0,1.52337,0,0,1
A,48,.,.,.,SER,CA,A,48,.,.,.,SER,O,270,272,0.586383,0,2.40023,0,0,0
A,48,.,.,.,SER,CA,A,48,.,.,.,SER,CB,270,273,8.75039,0,1.52974,0,0,1
A,48,.,.,.,SER,CA,A,48,.,.,.,SER,OG,270,274,2.25833,0,2.42943,0,0,0
A,48,.,.,.,SER,CA,A,49,.,.,.,ARG,N,270,275,2.8417,0,2.43089,0,1,0
A,48,.,.,.,SER,CA,A,52,.,.,.,VAL,O,270,298,4.80162,0,3.2464,-3.55979,4,0
A,48,.,.,.,SER,CA,A,53,.,.,.,SER,CA,270,303,1.50808,0,4.15718,-0.0903319,5,0
A,48,.,.,.,SER,CA,A,53,.,.,.,SER,CB,270,306,1.2417,0,4.30207,0.0403614,5,0
A,48,.,.,.,SER,C,A,48,.,.,.,SER,O,271,272,9.69851,0.641891,1.23568,0,0,1
A,48,.,.,.,SER,C,A,48,.,.,.,SER,CB,271,273,0.837346,0,2.4966,0,0,0
A,48,.,.,.,SER,C,A,48,.,.,.,SER,OG,271,274,3.65603,1.1436,2.89672,0,0,0
A,48,.,.,.,SER,C,A,49,.,.,.,ARG,N,271,275,8.88208,0.158639,1.32897,0,1,1
A,48,.,.,.,SER,C,A,49,.,.,.,ARG,CA,271,276,2.30855,1.0084,2.43664,0,1,0
A,48,.,.,.,SER,C,A,49,.,.,.,ARG,CB,271,279,2.56603,0.306363,3.2295,0,1,0
A,48,.,.,.,SER,O,A,48,.,.,.,SER,CB,272,273,6.84153,4.08683,2.82139,0,0,0
A,48,.,.,.,SER,O,A,48,.,.,.,SER,OG,272,274,2.83625,2.91169,3.15073,0,0,0
A,48,.,.,.,SER,O,A,49,.,.,.,ARG,CA,272,276,6.48219,4.04184,2.77599,0,1,0
A,48,.,.,.,SER,O,A,49,.,.,.,ARG,CB,272,279,4.89866,4.30083,3.39541,0,1,0
A,48,.,.,.,SER,CB,A,48,.,.,.,SER,OG,273,274,16.8735,6.44313,1.41634,0,0,1
A,48,.,.,.,SER,CB,A,53,.,.,.,SER,CB,273,306,3.5436,0,4.26808,-2.35874,5,0
A,48,.,.,.,SER,OG,A,49,.,.,.,ARG,N,274,275,1.29415,2.05579,3.76935,0,1,0
A,48,.,.,.,SER,OG,A,52,.,.,.,VAL,C,274,297,0.182472,0.600876,5.16559,0.0607822,4,0
A,48,.,.,.,SER,OG,A,52,.,.,.,VAL,O,274,298,0.716842,0.641459,4.44217,0.162973,4,0
A,48,.,.,.,SER,OG,A,53,.,.,.,SER,CB,274,306,5.89685,4.69076,4.29924,-3.18816,5,0
A,49,.,.,.,ARG,N,A,49,.,.,.,ARG,CA,275,276,8.42066,0.774002,1.4558,0,0,1
A,49,.,.,.,ARG,N,A,49,.,.,.,ARG,C,275,277,2.49631,0,2.41503,0,0,0
A,49,.,.,.,ARG,N,A,49,.,.,.,ARG,O,275,278,1.25156,0,2.83195,0,0,0
A,49,.,.,.,ARG,N,A,49,.,.,.,ARG,CB,275,279,2.08252,0,2.46784,0,0,0
A,49,.,.,.,ARG,N,A,51,.,.,.,GLY,N,275,291,0.940551,1.4998,4.82545,1.3596,2,0
A,49,.,.,.,ARG,N,A,52,.,.,.,VAL,N,275,295,0.424643,0.186151,4.54982,0.542796,3,0
A,49,.,.,.,ARG,N,A,52,.,.,.,VAL,O,275,298,5.44481,0.206802,2.97974,-6.4111,3,0
A,49,.,.,.,ARG,CA,A,49,.,.,.,ARG,C,276,277,6.73151,0,1.51953,0,0,1
A,49,.,.,.,ARG,CA,A,49,.,.,.,ARG,O,276,278,0.640978,0,2.38998,0,0,0
A,49,.,.,.,ARG,CA,A,49,.,.,.,ARG,CB,276,279,9.54045,0.638746,1.53748,0,0,1
A,49,.,.,.,ARG,CA,A,49,.,.,.,ARG,CG,276,280,3.68896,1.90445,2.58499,0,0,0
A,49,.,.,.,ARG,CA,A,50,.,.,.,ALA,N,276,286,8.04095,4.93614,2.42418,0,1,0
A,49,.,.,.,ARG,CA,A,51,.,.,.,GLY,N,276,291,0.0220661,0.0875827,4.57645,0.0181181,2,0
A,49,.,.,.,ARG,C,A,49,.,.,.,ARG,O,277,278,7.33652,0,1.23415,0,0,1
A,49,.,.,.,ARG,C,A,49,.,.,.,ARG,CB,277,279,0.891546,0,2.51268,0,0,0
A,49,.,.,.,ARG,C,A,49,.,.,.,ARG,CG,277,280,2.16148,0,2.99362,0,0,0
A,49,.,.,.,ARG,C,A,50,.,.,.,ALA,N,277,286,6.90005,0,1.33133,0,1,1
A,49,.,.,.,ARG,C,A,50,.,.,.,ALA,CA,277,287,0.633823,0,2.44807,0,1,0
A,49,.,.,.,ARG,C,A,50,.,.,.,ALA,C,277,288,0.401277,0,3.02265,0,1,0
A,49,.,.,.,ARG,C,A,50,.,.,.,ALA,CB,277,290,1.37594,0,3.05377,0,1,0
A,49,.,.,.,ARG,C,A,51,.,.,.,GLY,N,277,291,2.0075,0,3.37338,1.73656,2,0
A,49,.,.,.,ARG,C,A,52,.,.,.,VAL,N,277,295,0.67926,0,3.98087,1.2045,3,0
A,49,.,.,.,ARG,C,A,52,.,.,.,VAL,O,277,298,0.0281136,0,4.0063,0.0391088,3,0
A,49,.,.,.,ARG,O,A,49,.,.,.,ARG,CB,278,279,1.47816,0,3.04922,0,0,0
A,49,.,.,.,ARG,O,A,49,.,.,.,ARG,CG,278,280,0.928422,0,3.57955,0,0,0
A,49,.,.,.,ARG,O,A,50,.,.,.,ALA,CA,278,287,0.45759,0,2.80822,0,1,0
A,49,.,.,.,ARG,O,A,50,.,.,.,ALA,C,278,288,1.88031,0,2.92177,0,1,0
A,49,.,.,.,ARG,O,A,50,.,.,.,ALA,O,278,289,0.996156,0,3.3069,0,1,0
A,49,.,.,.,ARG,O,A,50,.,.,.,ALA,CB,278,290,5.46572,2.22908,3.1044,0,1,0
A,49,.,.,.,ARG,O,A,51,.,.,.,GLY,N,278,291,0.024047,0,3.43973,0.013444,2,0
A,49,.,.,.,ARG,O,A,52,.,.,.,VAL,N,278,295,2.83314,0,3.28769,-3.95187,3,0
A,49,.,.,.,ARG,O,A,52,.,.,.,VAL,CA,278,296,0.0124532,0,3.93905,0.00652021,3,0
A,49,.,.,.,ARG,O,A,52,.,.,.,VAL,O,278,298,1.44001,0,3.48085,0.579717,3,0
A,49,.,.,.,ARG,O,A,52,.,.,.,VAL,CB,278,299,5.18916,0.522062,3.83475,-0.924626,3,0
A,49,.,.,.,ARG,O,A,52,.,.,.,VAL,CG2,278,301,1.34631,0.950734,4.36166,0.489401,3,0
A,49,.,.,.,ARG,CB,A,49,.,.,.,ARG,CG,279,280,12.0539,2.34982,1.52909,0,0,1
A,49,.,.,.,ARG,CB,A,49,.,.,.,ARG,CD,279,281,7.21786,3.245,2.53214,0,0,0
A,49,.,.,.,ARG,CG,A,49,.,.,.,ARG,CD,280,281,13.3778,2.89219,1.52949,0,0,1
A,49,.,.,.,ARG,CG,A,49,.,.,.,ARG,NE,280,282,5.99839,3.94689,2.48744,0,0,0
A,49,.,.,.,ARG,CG,A,49,.,.,.,ARG,CZ,280,283,1.987,0.266519,3.43744,0,0,0
A,49,.,.,.,ARG,CG,A,49,.,.,.,ARG,NH2,280,285,2.18007,0.189833,3.73417,0,0,0
A,49,.,.,.,ARG,CG,A,50,.,.,.,ALA,N,280,286,4.25738,2.33242,3.47277,0,1,0
A,49,.,.,.,ARG,CG,A,50,.,.,.,ALA,CB,280,290,8.02755,2.47093,4.19526,0,1,0
A,49,.,.,.,ARG,CD,A,49,.,.,.,ARG,NE,281,282,13.3676,5.72277,1.46481,0,0,1
A,49,.,.,.,ARG,CD,A,49,.,.,.,ARG,CZ,281,283,2.84148,1.19778,2.47851,0,0,0
A,49,.,.,.,ARG,CD,A,49,.,.,.,ARG,NH2,281,285,6.66991,2.01978,2.84128,0,0,0
A,49,.,.,.,ARG,NE,A,49,.,.,.,ARG,CZ,282,283,13.0384,3.47159,1.33167,0,0,1
A,49,.,.,.,ARG,NE,A,49,.,.,.,ARG,NH1,282,284,5.33622,5.58617,2.30251,0,0,0
A,49,.,.,.,ARG,CZ,A,49,.,.,.,ARG,NH1,283,284,18.6626,7.75117,1.32729,0,0,1
A,49,.,.,.,ARG,CZ,A,49,.,.,.,ARG,NH2,283,285,15.6527,4.33662,1.32812,0,0,1
A,49,.,.,.,ARG,CZ,A,50,.,.,.,ALA,CB,283,290,2.3737,2.65194,5.56195,0,1,0
A,49,.,.,.,ARG,NH1,A,49,.,.,.,ARG,NH2,284,285,6.09586,5.98804,2.29412,0,0,0
A,49,.,.,.,ARG,NH2,A,50,.,.,.,ALA,CB,285,290,2.87206,3.39396,5.50757,0,1,0
A,50,.,.,.,ALA,N,A,50,.,.,.,ALA,CA,286,287,12.5407,4.62442,1.46167,0,0,1
A,50,.,.,.,ALA,N,A,50,.,.,.,ALA,C,286,288,0.130859,0,2.46917,0,0,0
A,50,.,.,.,ALA,N,A,50,.,.,.,ALA,CB,286,290,2.23186,0.463435,2.46665,0,0,0
A,50,.,.,.,ALA,N,A,51,.,.,.,GLY,N,286,291,5.00598,2.90055,2.86007,0,1,0
A,50,.,.,.,ALA,CA,A,50,.,.,.,ALA,C,287,288,10.2688,2.63059,1.52898,0,0,1
A,50,.,.,.,ALA,CA,A,50,.,.,.,ALA,CB,287,290,15.8494,6.20912,1.53236,0,0,1
A,50,.,.,.,ALA,CA,A,51,.,.,.,GLY,N,287,291,5.07736,3.18913,2.42711,0,1,0
A,50,.,.,.,ALA,C,A,50,.,.,.,ALA,O,288,289,9.84491,2.15672,1.23452,0,0,1
A,50,.,.,.,ALA,C,A,50,.,.,.,ALA,CB,288,290,1.27067,0.28048,2.52364,0,0,0
A,50,.,.,.,ALA,C,A,51,.,.,.,GLY,N,288,291,8.40049,1.34813,1.33408,0,1,1
A,50,.,.,.,ALA,C,A,51,.,.,.,GLY,CA,288,292,2.71332,1.36325,2.43822,0,1,0
A,50,.,.,.,ALA,C,A,52,.,.,.,VAL,N,288,295,1.27964,0,3.17317,2.21669,2,0
A,50,.,.,.,ALA,O,A,50,.,.,.,ALA,CB,289,290,8.4182,2.2334,2.75151,0,0,0
A,50,.,.,.,ALA,O,A,51,.,.,.,GLY,CA,289,292,5.48476,2.31364,2.7849,0,1,0
A,50,.,.,.,ALA,O,A,51,.,.,.,GLY,C,289,293,1.09514,0.269441,3.22925,0,1,0
A,50,.,.,.,ALA,O,A,52,.,.,.,VAL,N,289,295,1.55579,0,3.15298,-2.17752,2,0
A,50,.,.,.,ALA,O,A,52,.,.,.,VAL,CG2,289,301,5.73025,0.275228,3.90323,-2.43544,2,0
A,50,.,.,.,ALA,O,A,73,.,.,.,GLU,O,289,472,0.294463,1.38273,5.67677,0.463631,5,0
A,50,.,.,.,ALA,O,A,213,.,.,.,LYS,CE,289,1604,7.22367,0.963665,4.35536,0.695241,5,0
A,50,.,.,.,ALA,O,A,213,.,.,.,LYS,NZ,289,1605,2.81743,4.21757,4.72035,1.74126,5,0
A,50,.,.,.,ALA,CB,A,52,.,.,.,VAL,CG2,290,301,0.398408,0.898084,5.77668,0.0464098,2,0
A,50,.,.,.,ALA,CB,A,213,.,.,.,LYS,CE,290,1604,3.55595,4.7131,5.72916,2.64642,5,0
A,51,.,.,.,GLY,N,A,51,.,.,.,GLY,CA,291,292,17.0912,8.11711,1.44862,0,0,1
A,51,.,.,.,GLY,N,A,52,.,.,.,VAL,N,291,295,2.63203,0.151674,2.8178,0,1,0
A,51,.,.,.,GLY,CA,A,51,.,.,.,GLY,C,292,293,14.1406,3.14979,1.51861,0,0,1
A,51,.,.,.,GLY,CA,A,51,.,.,.,GLY,O,292,294,4.27616,1.6481,2.37541,0,0,0
A,51,.,.,.,GLY,CA,A,52,.,.,.,VAL,N,292,295,1.35575,0.508861,2.45937,0,1,0
A,51,.,.,.,GLY,CA,A,73,.,.,.,GLU,N,292,469,0.340586,0,4.76497,0.371466,5,0
A,51,.,.,.,GLY,CA,A,73,.,.,.,GLU,O,292,472,2.74023,2.02727,5.28641,2.66454,5,0
A,51,.,.,.,GLY,CA,A,73,.,.,.,GLU,CB,292,473,8.77474,2.45383,4.64792,2.58085,5,0
A,51,.,.,.,GLY,CA,A,73,.,.,.,GLU,CD,292,475,1.84833,2.50171,5.58794,-1.00798,5,0
A,51,.,.,.,GLY,CA,A,73,.,.,.,GLU,OE1,292,476,1.15205,2.2464,5.58425,0.161363,5,0
A,51,.,.,.,GLY,C,A,51,.,.,.,GLY,O,293,294,11.4077,1.12199,1.23575,0,0,1
A,51,.,.,.,GLY,C,A,52,.,.,.,VAL,N,293,295,8.65731,0.391124,1.32991,0,1,1
A,51,.,.,.,GLY,C,A,52,.,.,.,VAL,CA,293,296,1.71849,0,2.45071,0,1,0
A,51,.,.,.,GLY,C,A,52,.,.,.,VAL,C,293,297,1.62022,1.12704,3.37617,0,1,0
A,51,.,.,.,GLY,C,A,52,.,.,.,VAL,CG2,293,301,2.36448,0.0850905,3.718,0,1,0
A,51,.,.,.,GLY,C,A,53,.,.,.,SER,N,293,302,0.0744578,0,4.1292,0.0307237,2,0
A,51,.,.,.,GLY,C,A,53,.,.,.,SER,OG,293,307,0.735237,1.23666,5.22074,-0.323299,2,0
A,51,.,.,.,GLY,C,A,72,.,.,.,MET,CG,293,466,0.693287,0.330933,5.20444,-0.403913,5,0
A,51,.,.,.,GLY,C,A,73,.,.,.,GLU,N,293,469,0.336414,0,4.21844,0.360805,5,0
A,51,.,.,.,GLY,C,A,73,.,.,.,GLU,O,293,472,0.170693,0.160622,5.34004,0.130853,5,0
A,51,.,.,.,GLY,O,A,52,.,.,.,VAL,CA,294,296,3.24015,0,2.78227,0,1,0
A,51,.,.,.,GLY,O,A,52,.,.,.,VAL,CG2,294,301,0.27442,0,4.04824,0,1,0
A,51,.,.,.,GLY,O,A,53,.,.,.,SER,N,294,302,0.539388,0,4.08909,0.20714,2,0
A,51,.,.,.,GLY,O,A,53,.,.,.,SER,OG,294,307,2.27019,1.88583,4.85021,0.046181,2,0
A,51,.,.,.,GLY,O,A,71,.,.,.,ARG,C,294,452,0.446571,0,4.21603,0.433674,5,0
A,51,.,.,.,GLY,O,A,71,.,.,.,ARG,O,294,453,3.01332,0.0145526,3.51936,3.19692,5,0
A,51,.,.,.,GLY,O,A,71,.,.,.,ARG,CG,294,455,0.242231,0.118543,5.76236,-0.0359928,5,0
A,51,.,.,.,GLY,O,A,71,.,.,.,ARG,NH1,294,459,3.13917,2.69927,5.43643,-2.30814,5,0
A,51,.,.,.,GLY,O,A,72,.,.,.,MET,CA,294,462,4.78376,0,3.46185,-1.64915,5,0
A,51,.,.,.,GLY,O,A,72,.,.,.,MET,CG,294,466,0.423999,0,4.60003,0.0312322,5,0
A,51,.,.,.,GLY,O,A,73,.,.,.,GLU,N,294,469,6.50157,0,3.20252,-0.170571,5,0
A,51,.,.,.,GLY,O,A,73,.,.,.,GLU,CB,294,473,3.31798,0.913519,4.1145,1.2424,5,0
A,52,.,.,.,VAL,N,A,52,.,.,.,VAL,CA,295,296,6.19024,0,1.4591,0,0,1
A,52,.,.,.,VAL,N,A,52,.,.,.,VAL,C,295,297,2.45912,0.316377,2.42088,0,0,0
A,52,.,.,.,VAL,N,A,52,.,.,.,VAL,O,295,298,2.51949,0.5584,2.8447,0,0,0
A,52,.,.,.,VAL,N,A,52,.,.,.,VAL,CB,295,299,1.75726,0,2.48156,0,0,0
A,52,.,.,.,VAL,N,A,52,.,.,.,VAL,CG2,295,301,2.22248,0,2.94452,0,0,0
A,52,.,.,.,VAL,CA,A,52,.,.,.,VAL,C,296,297,6.30286,0,1.52193,0,0,1
A,52,.,.,.,VAL,CA,A,52,.,.,.,VAL,O,296,298,0.5182,0,2.39642,0,0,0
A,52,.,.,.,VAL,CA,A,52,.,.,.,VAL,CB,296,299,7.16883,0,1.53827,0,0,1
A,52,.,.,.,VAL,CA,A,52,.,.,.,VAL,CG1,296,300,1.66167,0,2.50633,0,0,0
A,52,.,.,.,VAL,CA,A,52,.,.,.,VAL,CG2,296,301,2.2296,0,2.5124,0,0,0
A,52,.,.,.,VAL,CA,A,53,.,.,.,SER,N,296,302,2.52508,0,2.43224,0,1,0
A,52,.,.,.,VAL,CA,A,71,.,.,.,ARG,O,296,453,3.63006,0,3.34144,-2.96209,5,0
A,52,.,.,.,VAL,CA,A,72,.,.,.,MET,CA,296,462,1.01566,0,4.51802,0.0478744,5,0
A,52,.,.,.,VAL,CA,A,72,.,.,.,MET,CB,296,465,0.0929309,0,4.82623,0.0373002,5,0
A,52,.,.,.,VAL,C,A,52,.,.,.,VAL,O,297,298,9.10985,0.276969,1.23782,0,0,1
A,52,.,.,.,VAL,C,A,52,.,.,.,VAL,CB,297,299,1.27435,0,2.51223,0,0,0
A,52,.,.,.,VAL,C,A,52,.,.,.,VAL,CG1,297,300,2.28753,0,2.9348,0,0,0
A,52,.,.,.,VAL,C,A,53,.,.,.,SER,N,297,302,7.87753,0,1.33496,0,1,1
A,52,.,.,.,VAL,C,A,53,.,.,.,SER,CA,297,303,1.99904,0,2.44393,0,1,0
A,52,.,.,.,VAL,C,A,53,.,.,.,SER,CB,297,306,1.78593,0.863942,3.42981,0,1,0
A,52,.,.,.,VAL,C,A,53,.,.,.,SER,OG,297,307,0.293403,0.0739137,3.68658,0,1,0
A,52,.,.,.,VAL,O,A,52,.,.,.,VAL,CB,298,299,1.42933,0,3.05429,0,0,0
A,52,.,.,.,VAL,O,A,53,.,.,.,SER,CA,298,303,2.6309,0,2.79467,0,1,0
A,52,.,.,.,VAL,O,A,53,.,.,.,SER,CB,298,306,0.349409,0,3.70691,0,1,0
A,52,.,.,.,VAL,CB,A,52,.,.,.,VAL,CG1,299,300,10.6468,0,1.5204,0,0,1
A,52,.,.,.,VAL,CB,A,52,.,.,.,VAL,CG2,299,301,13.5306,1.72218,1.51562,0,0,1
A,52,.,.,.,VAL,CB,A,71,.,.,.,ARG,O,299,453,0.00134803,0,4.16594,-0.000959824,5,0
A,52,.,.,.,VAL,CB,A,72,.,.,.,MET,CB,299,465,0.0594398,0,4.8888,-0.0572519,5,0
A,52,.,.,.,VAL,CB,A,209,.,.,.,PRO,CB,299,1572,2.14312,0.730593,4.603,-1.37708,5,0
A,52,.,.,.,VAL,CG1,A,52,.,.,.,VAL,CG2,300,301,5.65964,0,2.49829,0,0,0
A,52,.,.,.,VAL,CG1,A,53,.,.,.,SER,N,300,302,2.82804,0,3.35434,0,1,0
A,52,.,.,.,VAL,CG1,A,53,.,.,.,SER,CA,300,303,0.32502,0,4.37619,0,1,0
A,52,.,.,.,VAL,CG1,A,53,.,.,.,SER,C,300,304,0.826087,0,4.55092,0,1,0
A,52,.,.,.,VAL,CG1,A,53,.,.,.,SER,O,300,305,0.3761,0,4.41426,0,1,0
A,52,.,.,.,VAL,CG1,A,54,.,.,.,VAL,CG2,300,314,2.62159,0,4.88759,-5.05272,2,0
A,52,.,.,.,VAL,CG1,A,70,.,.,.,CYS,SG,300,449,9.42456,0,3.79665,-14.7851,5,0
A,52,.,.,.,VAL,CG1,A,71,.,.,.,ARG,O,300,453,2.77225,0,3.96654,-0.217941,5,0
A,52,.,.,.,VAL,CG1,A,72,.,.,.,MET,CB,300,465,2.08297,0,4.93227,-1.08682,5,0
A,52,.,.,.,VAL,CG1,A,209,.,.,.,PRO,CA,300,1569,5.56239,0,3.83369,-1.12891,5,0
A,52,.,.,.,VAL,CG1,A,209,.,.,.,PRO,O,300,1571,0.695113,0,4.63318,0.481834,5,0
A,52,.,.,.,VAL,CG1,A,209,.,.,.,PRO,CB,300,1572,6.29539,0,3.74645,-5.60549,5,0
A,52,.,.,.,VAL,CG1,A,212,.,.,.,MET,CB,300,1593,3.689,0,4.90122,-4.83687,5,0
A,52,.,.,.,VAL,CG1,A,212,.,.,.,MET,CG,300,1594,0.343305,0,5.12151,-0.461223,5,0
A,52,.,.,.,VAL,CG2,A,72,.,.,.,MET,CA,301,462,0.394521,0,4.66027,0.000223322,5,0
A,52,.,.,.,VAL,CG2,A,72,.,.,.,MET,CB,301,465,3.31666,0,4.19748,-4.47013,5,0
A,52,.,.,.,VAL,CG2,A,72,.,.,.,MET,CG,301,466,5.46604,0.312934,4.05201,-7.54406,5,0
A,52,.,.,.,VAL,CG2,A,72,.,.,.,MET,SD,301,467,4.00024,0,4.30432,-6.78729,5,0
A,52,.,.,.,VAL,CG2,A,209,.,.,.,PRO,O,301,1571,2.19743,0.0529422,4.91416,-0.244912,5,0
A,52,.,.,.,VAL,CG2,A,209,.,.,.,PRO,CB,301,1572,0.515265,0.689654,5.22058,-0.0686106,5,0
A,52,.,.,.,VAL,CG2,A,212,.,.,.,MET,CB,301,1593,2.05726,0,5.21609,-2.77274,5,0
A,52,.,.,.,VAL,CG2,A,213,.,.,.,LYS,N,301,1597,0.00073947,0,5.64327,0.000630338,5,0
A,52,.,.,.,VAL,CG2,A,213,.,.,.,LYS,CG,301,1602,8.40239,2.75095,4.36118,-3.93014,5,0
A,52,.,.,.,VAL,CG2,A,213,.,.,.,LYS,CD,301,1603,0.0105172,0,4.67344,0.000164385,5,0
A,52,.,.,.,VAL,CG2,A,213,.,.,.,LYS,CE,301,1604,8.17259,0.685452,4.05865,1.12492,5,0
A,53,.,.,.,SER,N,A,53,.,.,.,SER,CA,302,303,7.101,0,1.45908,0,0,1
A,53,.,.,.,SER,N,A,53,.,.,.,SER,C,302,304,0.899294,0,2.44955,0,0,0
A,53,.,.,.,SER,N,A,53,.,.,.,SER,O,302,305,2.25789,0,2.76932,0,0,0
A,53,.,.,.,SER,N,A,53,.,.,.,SER,CB,302,306,1.26382,0,2.47812,0,0,0
A,53,.,.,.,SER,N,A,53,.,.,.,SER,OG,302,307,4.18552,0,2.67232,0,0,0
A,53,.,.,.,SER,N,A,71,.,.,.,ARG,O,302,453,5.1409,0,2.98019,-3.45087,5,0
A,53,.,.,.,SER,CA,A,53,.,.,.,SER,C,303,304,7.61864,0,1.52309,0,0,1
A,53,.,.,.,SER,CA,A,53,.,.,.,SER,O,303,305,0.508432,0,2.40986,0,0,0
A,53,.,.,.,SER,CA,A,53,.,.,.,SER,CB,303,306,9.11155,0,1.53161,0,0,1
A,53,.,.,.,SER,CA,A,53,.,.,.,SER,OG,303,307,0.460631,0,2.42483,0,0,0
A,53,.,.,.,SER,CA,A,54,.,.,.,VAL,N,303,308,2.52853,0,2.41299,0,1,0
A,53,.,.,.,SER,CA,A,54,.,.,.,VAL,CG2,303,314,0.0457429,0,4.5377,0,1,0
A,53,.,.,.,SER,C,A,53,.,.,.,SER,O,304,305,8.08674,0,1.23578,0,0,1
A,53,.,.,.,SER,C,A,53,.,.,.,SER,CB,304,306,2.30406,0,2.49882,0,0,0
A,53,.,.,.,SER,C,A,54,.,.,.,VAL,N,304,308,7.03327,0,1.33266,0,1,1
A,53,.,.,.,SER,C,A,54,.,.,.,VAL,CA,304,309,1.3399,0,2.46554,0,1,0
A,53,.,.,.,SER,C,A,54,.,.,.,VAL,CG2,304,314,2.7785,0,3.46454,0,1,0
A,53,.,.,.,SER,C,A,55,.,.,.,TRP,CE3,304,325,0.82189,0,4.07793,-0.607561,2,0
A,53,.,.,.,SER,C,A,55,.,.,.,TRP,CZ3,304,327,1.06,0,3.88123,-0.517102,2,0
A,53,.,.,.,SER,C,A,70,.,.,.,CYS,SG,304,449,0.0965996,0,4.30064,-0.0623993,5,0
A,53,.,.,.,SER,O,A,53,.,.,.,SER,CB,305,306,0.0551138,0,3.2484,0,0,0
A,53,.,.,.,SER,O,A,53,.,.,.,SER,OG,305,307,0.480201,0,3.51121,0,0,0
A,53,.,.,.,SER,O,A,54,.,.,.,VAL,CA,305,309,2.72214,0,2.8345,0,1,0
A,53,.,.,.,SER,O,A,54,.,.,.,VAL,CG2,305,314,0.559921,0,3.67218,0,1,0
A,53,.,.,.,SER,O,A,55,.,.,.,TRP,CE3,305,325,0.990831,0,3.90074,0.140512,2,0
A,53,.,.,.,SER,O,A,55,.,.,.,TRP,CZ3,305,327,2.2153,0,3.64305,-0.23863,2,0
A,53,.,.,.,SER,O,A,69,.,.,.,LYS,O,305,438,0.0712746,0,3.98435,0.0852894,5,0
A,53,.,.,.,SER,O,A,70,.,.,.,CYS,CA,305,445,3.5954,0,3.28748,-3.02256,5,0
A,53,.,.,.,SER,O,A,70,.,.,.,CYS,SG,305,449,4.06892,0,3.43856,-0.559074,5,0
A,53,.,.,.,SER,O,A,71,.,.,.,ARG,N,305,450,4.91215,0,2.91333,-3.13792,5,0
A,53,.,.,.,SER,O,A,71,.,.,.,ARG,O,305,453,1.22893,0,3.53225,1.19271,5,0
A,53,.,.,.,SER,O,A,71,.,.,.,ARG,CB,305,454,0.206465,0,4.29188,-0.0322837,5,0
A,53,.,.,.,SER,CB,A,53,.,.,.,SER,OG,306,307,13.2605,4.23078,1.4123,0,0,1
A,53,.,.,.,SER,CB,A,54,.,.,.,VAL,N,306,308,1.33362,0,3.18396,0,1,0
A,53,.,.,.,SER,CB,A,55,.,.,.,TRP,CE3,306,325,0.305495,0,4.32825,-0.126261,2,0
A,53,.,.,.,SER,CB,A,55,.,.,.,TRP,CZ2,306,326,2.39903,1.35907,4.07583,-1.66226,2,0
A,53,.,.,.,SER,CB,A,55,.,.,.,TRP,CZ3,306,327,2.33994,0,3.6214,-1.82821,2,0
A,53,.,.,.,SER,CB,A,55,.,.,.,TRP,CH2,306,328,2.773,0,3.48427,-2.3592,2,0
A,53,.,.,.,SER,OG,A,55,.,.,.,TRP,CZ2,307,326,0.0336239,0.218599,3.8691,-0.0259489,2,0
A,53,.,.,.,SER,OG,A,55,.,.,.,TRP,CZ3,307,327,1.55135,0,3.24387,-0.367263,2,0
A,53,.,.,.,SER,OG,A,55,.,.,.,TRP,CH2,307,328,7.27495,1.84296,2.95707,-1.39493,2,0
A,53,.,.,.,SER,OG,A,71,.,.,.,ARG,O,307,453,2.25515,0.00928038,3.79769,0.781486,5,0
A,53,.,.,.,SER,OG,A,71,.,.,.,ARG,CB,307,454,4.34187,0,3.95759,-1.22461,5,0
A,53,.,.,.,SER,OG,A,71,.,.,.,ARG,CG,307,455,0.56932,0.106343,4.68184,-0.117461,5,0
A,53,.,.,.,SER,OG,A,71,.,.,.,ARG,CD,307,456,0.437394,0,4.82996,-0.136694,5,0
A,53,.,.,.,SER,OG,A,71,.,.,.,ARG,NH1,307,459,4.6353,3.92149,4.93558,-2.39119,5,0
A,54,.,.,.,VAL,N,A,54,.,.,.,VAL,CA,308,309,6.43243,0,1.45957,0,0,1
A,54,.,.,.,VAL,N,A,54,.,.,.,VAL,C,308,310,1.57693,0,2.4243,0,0,0
A,54,.,.,.,VAL,N,A,54,.,.,.,VAL,O,308,311,1.50839,0,2.82534,0,0,0
A,54,.,.,.,VAL,N,A,54,.,.,.,VAL,CB,308,312,1.92547,0,2.48201,0,0,0
A,54,.,.,.,VAL,N,A,54,.,.,.,VAL,CG2,308,314,2.06175,0,2.91671,0,0,0
A,54,.,.,.,VAL,N,A,55,.,.,.,TRP,CE3,308,325,0.653437,0,4.18865,0,1,0
A,54,.,.,.,VAL,CA,A,54,.,.,.,VAL,C,309,310,6.15029,0,1.52624,0,0,1
A,54,.,.,.,VAL,CA,A,54,.,.,.,VAL,O,309,311,0.532833,0,2.40178,0,0,0
A,54,.,.,.,VAL,CA,A,54,.,.,.,VAL,CB,309,312,7.33382,0,1.54212,0,0,1
A,54,.,.,.,VAL,CA,A,54,.,.,.,VAL,CG1,309,313,1.51131,0,2.53713,0,0,0
A,54,.,.,.,VAL,CA,A,54,.,.,.,VAL,CG2,309,314,1.88219,0,2.51115,0,0,0
A,54,.,.,.,VAL,CA,A,55,.,.,.,TRP,N,309,315,2.00986,0,2.43298,0,1,0
A,54,.,.,.,VAL,CA,A,55,.,.,.,TRP,CE3,309,325,1.3107,0,4.17688,0,1,0
A,54,.,.,.,VAL,CA,A,69,.,.,.,LYS,O,309,438,3.50336,0,3.31935,-2.06533,5,0
A,54,.,.,.,VAL,CA,A,70,.,.,.,CYS,CA,309,445,1.10666,0,4.4557,-0.138054,5,0
A,54,.,.,.,VAL,CA,A,70,.,.,.,CYS,CB,309,448,0.165345,0,4.83146,0.0427018,5,0
A,54,.,.,.,VAL,CA,A,70,.,.,.,CYS,SG,309,449,0.0238739,0,4.73179,0.00183827,5,0
A,54,.,.,.,VAL,C,A,54,.,.,.,VAL,O,310,311,7.8718,0,1.23659,0,0,1
A,54,.,.,.,VAL,C,A,54,.,.,.,VAL,CB,310,312,1.49937,0,2.52673,0,0,0
A,54,.,.,.,VAL,C,A,54,.,.,.,VAL,CG1,310,313,2.06033,0,2.99653,0,0,0
A,54,.,.,.,VAL,C,A,55,.,.,.,TRP,N,310,315,6.77725,0,1.33325,0,1,1
A,54,.,.,.,VAL,C,A,55,.,.,.,TRP,CA,310,316,2.02877,0,2.45646,0,1,0
A,54,.,.,.,VAL,C,A,55,.,.,.,TRP,CG,310,320,0.134552,0,3.80687,0,1,0
A,54,.,.,.,VAL,C,A,55,.,.,.,TRP,CD2,310,322,1.03985,0,3.88228,0,1,0
A,54,.,.,.,VAL,C,A,55,.,.,.,TRP,CE3,310,325,1.09429,0,3.79447,0,1,0
A,54,.,.,.,VAL,O,A,54,.,.,.,VAL,CB,311,312,1.24896,0,3.10267,0,0,0
A,54,.,.,.,VAL,O,A,55,.,.,.,TRP,CA,311,316,3.16448,0,2.82156,0,1,0
A,54,.,.,.,VAL,O,A,55,.,.,.,TRP,CG,311,320,0.199102,0,3.96458,0,1,0
A,54,.,.,.,VAL,O,A,55,.,.,.,TRP,CD2,311,322,0.00333028,0,4.18619,0,1,0
A,54,.,.,.,VAL,CB,A,54,.,.,.,VAL,CG1,312,313,11.2093,0,1.53337,0,0,1
A,54,.,.,.,VAL,CB,A,54,.,.,.,VAL,CG2,312,314,10.9161,0,1.51514,0,0,1
A,54,.,.,.,VAL,CB,A,69,.,.,.,LYS,O,312,438,0.00037594,0,4.08207,-0.000219261,5,0
A,54,.,.,.,VAL,CB,A,70,.,.,.,CYS,CB,312,448,0.0653847,0,5.0322,-0.0683401,5,0
A,54,.,.,.,VAL,CB,A,205,.,.,.,GLN,O,312,1538,0.572256,0,4.85763,-0.345275,5,0
A,54,.,.,.,VAL,CG1,A,54,.,.,.,VAL,CG2,313,314,4.70852,0,2.50682,0,0,0
A,54,.,.,.,VAL,CG1,A,55,.,.,.,TRP,N,313,315,2.07691,0,3.38023,0,1,0
A,54,.,.,.,VAL,CG1,A,55,.,.,.,TRP,CA,313,316,0.0346202,0,4.40393,0,1,0
A,54,.,.,.,VAL,CG1,A,55,.,.,.,TRP,C,313,317,0.619055,0,4.40021,0,1,0
A,54,.,.,.,VAL,CG1,A,55,.,.,.,TRP,O,313,318,3.06555,0,3.90476,0,1,0
A,54,.,.,.,VAL,CG1,A,56,.,.,.,VAL,CG2,313,335,2.72212,0,4.79822,-5.24648,2,0
A,54,.,.,.,VAL,CG1,A,68,.,.,.,ILE,CG2,313,433,8.63345,0,4.19006,-15.8606,5,0
A,54,.,.,.,VAL,CG1,A,69,.,.,.,LYS,O,313,438,3.39375,0,3.77195,0.264064,5,0
A,54,.,.,.,VAL,CG1,A,70,.,.,.,CYS,CB,313,448,1.50031,0,5.08466,-2.05907,5,0
A,54,.,.,.,VAL,CG1,A,205,.,.,.,GLN,CA,313,1536,3.00882,0,4.56927,0.0638383,5,0
A,54,.,.,.,VAL,CG1,A,205,.,.,.,GLN,O,313,1538,2.9207,0,4.37379,0.203252,5,0
A,54,.,.,.,VAL,CG1,A,205,.,.,.,GLN,CG,313,1540,7.00279,0,3.93454,-2.76911,5,0
A,54,.,.,.,VAL,CG1,A,208,.,.,.,ALA,CB,313,1567,3.79525,0,4.70389,-5.73826,5,0
A,54,.,.,.,VAL,CG2,A,70,.,.,.,CYS,CB,314,448,1.47037,0,4.45302,-0.592757,5,0
A,54,.,.,.,VAL,CG2,A,70,.,.,.,CYS,SG,314,449,7.4728,0,3.72225,-11.7621,5,0
A,54,.,.,.,VAL,CG2,A,205,.,.,.,GLN,O,314,1538,2.72356,0,4.46667,0.46303,5,0
A,54,.,.,.,VAL,CG2,A,208,.,.,.,ALA,CB,314,1567,4.25379,0,4.27942,-6.66492,5,0
A,54,.,.,.,VAL,CG2,A,209,.,.,.,PRO,N,314,1568,0.0369035,0,4.47316,-0.0240255,5,0
A,54,.,.,.,VAL,CG2,A,209,.,.,.,PRO,CA,314,1569,0.159254,0,5.00081,0.0481346,5,0
A,54,.,.,.,VAL,CG2,A,209,.,.,.,PRO,CB,314,1572,1.32628,0,4.75061,-0.176603,5,0
A,54,.,.,.,VAL,CG2,A,209,.,.,.,PRO,CG,314,1573,0.813752,0,4.54659,-0.195583,5,0
A,54,.,.,.,VAL,CG2,A,209,.,.,.,PRO,CD,314,1574,8.2036,0,3.87032,-1.86897,5,0
A,55,.,.,.,TRP,N,A,55,.,.,.,TRP,CA,315,316,7.21459,0,1.45455,0,0,1
A,55,.,.,.,TRP,N,A,55,.,.,.,TRP,C,315,317,0.60175,0,2.44548,0,0,0
A,55,.,.,.,TRP,N,A,55,.,.,.,TRP,O,315,318,1.89312,0,2.72508,0,0,0
A,55,.,.,.,TRP,N,A,55,.,.,.,TRP,CB,315,319,1.63243,0,2.48266,0,0,0
A,55,.,.,.,TRP,N,A,55,.,.,.,TRP,CG,315,320,0.113142,0,3.1238,0,0,0
A,55,.,.,.,TRP,N,A,55,.,.,.,TRP,CD2,315,322,0.578221,0,3.42884,0,0,0
A,55,.,.,.,TRP,N,A,55,.,.,.,TRP,CE3,315,325,2.62647,0,3.37778,0,0,0
A,55,.,.,.,TRP,N,A,69,.,.,.,LYS,O,315,438,5.00821,0,2.77302,-2.58469,5,0
A,55,.,.,.,TRP,CA,A,55,.,.,.,TRP,C,316,317,7.90507,0,1.52643,0,0,1
A,55,.,.,.,TRP,CA,A,55,.,.,.,TRP,O,316,318,0.350646,0,2.41363,0,0,0
A,55,.,.,.,TRP,CA,A,55,.,.,.,TRP,CB,316,319,8.36702,0,1.53358,0,0,1
A,55,.,.,.,TRP,CA,A,55,.,.,.,TRP,CG,316,320,1.74262,0,2.57264,0,0,0
A,55,.,.,.,TRP,CA,A,55,.,.,.,TRP,CD1,316,321,0.144741,0,3.54192,0,0,0
A,55,.,.,.,TRP,CA,A,56,.,.,.,VAL,N,316,329,2.15312,0,2.39834,0,1,0
A,55,.,.,.,TRP,CA,A,69,.,.,.,LYS,O,316,438,0.0573118,0,3.76988,0.0425623,5,0
A,55,.,.,.,TRP,CA,A,69,.,.,.,LYS,CB,316,439,0.05106,0,4.72744,0.0390955,5,0
A,55,.,.,.,TRP,C,A,55,.,.,.,TRP,O,317,318,8.24352,0,1.23543,0,0,1
A,55,.,.,.,TRP,C,A,55,.,.,.,TRP,CB,317,319,2.59918,0,2.47954,0,0,0
A,55,.,.,.,TRP,C,A,56,.,.,.,VAL,N,317,329,6.60559,0,1.30435,0,1,1
A,55,.,.,.,TRP,C,A,56,.,.,.,VAL,CA,317,330,1.48735,0,2.39042,0,1,0
A,55,.,.,.,TRP,C,A,56,.,.,.,VAL,CG2,317,335,2.69104,0,3.3154,0,1,0
A,55,.,.,.,TRP,C,A,69,.,.,.,LYS,CB,317,439,0.197286,0,4.64257,0.0741174,5,0
A,55,.,.,.,TRP,O,A,55,.,.,.,TRP,CB,318,319,0.00219167,0,3.30951,0,0,0
A,55,.,.,.,TRP,O,A,56,.,.,.,VAL,CA,318,330,3.13602,0,2.73794,0,1,0
A,55,.,.,.,TRP,O,A,56,.,.,.,VAL,CG2,318,335,3.20593,0,3.30043,0,1,0
A,55,.,.,.,TRP,O,A,68,.,.,.,ILE,CA,318,428,2.80344,0,3.74789,-3.03086,5,0
A,55,.,.,.,TRP,O,A,68,.,.,.,ILE,CG2,318,433,2.8749,0,3.9648,-0.600043,5,0
A,55,.,.,.,TRP,O,A,68,.,.,.,ILE,CD1,318,434,0.513934,0,4.50089,-0.0408622,5,0
A,55,.,.,.,TRP,O,A,69,.,.,.,LYS,N,318,435,5.00287,0,3.0656,-2.21536,5,0
A,55,.,.,.,TRP,O,A,69,.,.,.,LYS,CA,318,436,0.0135171,0,3.95402,0.0145209,5,0
A,55,.,.,.,TRP,O,A,69,.,.,.,LYS,O,318,438,1.56623,0,3.38017,1.63544,5,0
A,55,.,.,.,TRP,O,A,69,.,.,.,LYS,CB,318,439,0.595052,0,4.18934,0.172824,5,0
A,55,.,.,.,TRP,CB,A,55,.,.,.,TRP,CG,319,320,8.29843,0,1.49422,0,0,1
A,55,.,.,.,TRP,CB,A,55,.,.,.,TRP,CD1,319,321,2.59832,0,2.5646,0,0,0
A,55,.,.,.,TRP,CB,A,55,.,.,.,TRP,CD2,319,322,1.14077,0,2.61463,0,0,0
A,55,.,.,.,TRP,CB,A,55,.,.,.,TRP,CE3,319,325,1.84047,0,3.29403,0,0,0
A,55,.,.,.,TRP,CB,A,56,.,.,.,VAL,N,319,329,2.19382,0,3.08757,0,1,0
A,55,.,.,.,TRP,CB,A,69,.,.,.,LYS,O,319,438,0.182741,0,4.14771,0.00637369,5,0
A,55,.,.,.,TRP,CB,A,69,.,.,.,LYS,CB,319,439,4.19432,0,4.18145,-1.39101,5,0
A,55,.,.,.,TRP,CB,A,69,.,.,.,LYS,CD,319,441,2.50413,0,4.46554,-0.558818,5,0
A,55,.,.,.,TRP,CB,A,69,.,.,.,LYS,CE,319,442,0.458453,0,4.93186,-0.169289,5,0
A,55,.,.,.,TRP,CG,A,55,.,.,.,TRP,CD1,320,321,8.51036,0,1.3702,0,0,1
A,55,.,.,.,TRP,CG,A,55,.,.,.,TRP,CD2,320,322,8.3149,0,1.43143,0,0,1
A,55,.,.,.,TRP,CG,A,69,.,.,.,LYS,CD,320,441,0.58314,0,4.57184,-1.01122,5,0
A,55,.,.,.,TRP,CG,A,69,.,.,.,LYS,CE,320,442,0.00115554,0,5.19252,-0.00232173,5,0
A,55,.,.,.,TRP,CG,A,69,.,.,.,LYS,NZ,320,443,0.334359,0,5.33395,-0.199124,5,0
A,55,.,.,.,TRP,CD1,A,55,.,.,.,TRP,CD2,321,322,1.46873,0.0580456,2.24155,0,0,0
A,55,.,.,.,TRP,CD1,A,55,.,.,.,TRP,NE1,321,323,14.5003,3.12613,1.37417,0,0,1
A,55,.,.,.,TRP,CD1,A,55,.,.,.,TRP,CE2,321,324,0.992719,0.315099,2.23417,0,0,0
A,55,.,.,.,TRP,CD1,A,69,.,.,.,LYS,NZ,321,443,0.283717,0.592774,5.79807,-0.0859025,5,0
A,55,.,.,.,TRP,CD2,A,55,.,.,.,TRP,CE2,322,324,9.48057,0.125009,1.41122,0,0,1
A,55,.,.,.,TRP,CD2,A,55,.,.,.,TRP,CE3,322,325,10.6245,0,1.39297,0,0,1
A,55,.,.,.,TRP,CD2,A,55,.,.,.,TRP,CZ2,322,326,0.680731,0,2.45326,0,0,0
A,55,.,.,.,TRP,CD2,A,55,.,.,.,TRP,CZ3,322,327,0.252892,0,2.38432,0,0,0
A,55,.,.,.,TRP,CD2,A,55,.,.,.,TRP,CH2,322,328,0.171011,0,2.77192,0,0,0
A,55,.,.,.,TRP,CD2,A,69,.,.,.,LYS,CD,322,441,3.28743,0,4.25799,-4.19147,5,0
A,55,.,.,.,TRP,CD2,A,69,.,.,.,LYS,NZ,322,443,0.665291,0.149189,5.33263,-0.027077,5,0
A,55,.,.,.,TRP,NE1,A,55,.,.,.,TRP,CE2,323,324,9.61368,1.96594,1.37129,0,0,1
A,55,.,.,.,TRP,NE1,A,55,.,.,.,TRP,CZ2,323,326,6.02578,4.91027,2.50083,0,0,0
A,55,.,.,.,TRP,CE2,A,55,.,.,.,TRP,CZ2,324,326,12.2439,2.50886,1.38744,0,0,1
A,55,.,.,.,TRP,CE2,A,69,.,.,.,LYS,CD,324,441,0.0603579,0.629606,5.16508,-0.0778605,5,0
A,55,.,.,.,TRP,CE2,A,69,.,.,.,LYS,NZ,324,443,0.109751,1.09389,5.82682,-0.038711,5,0
A,55,.,.,.,TRP,CE3,A,55,.,.,.,TRP,CZ3,325,327,13.1671,0,1.38007,0,0,1
A,55,.,.,.,TRP,CE3,A,69,.,.,.,LYS,C,325,437,0.715908,0,4.38544,-0.184548,5,0
A,55,.,.,.,TRP,CE3,A,69,.,.,.,LYS,O,325,438,2.4353,0,3.84153,0.699064,5,0
A,55,.,.,.,TRP,CE3,A,69,.,.,.,LYS,CB,325,439,0.494697,0,4.52032,-0.243949,5,0
A,55,.,.,.,TRP,CE3,A,69,.,.,.,LYS,CG,325,440,2.42399,0,4.14742,-1.43999,5,0
A,55,.,.,.,TRP,CE3,A,69,.,.,.,LYS,CD,325,441,5.10692,0,3.81687,-1.52502,5,0
A,55,.,.,.,TRP,CE3,A,70,.,.,.,CYS,CA,325,445,1.14853,0,4.86313,-1.77632,5,0
A,55,.,.,.,TRP,CE3,A,71,.,.,.,ARG,N,325,450,0.0441023,0,4.59997,-0.00867325,5,0
A,55,.,.,.,TRP,CZ2,A,55,.,.,.,TRP,CH2,326,328,19.3223,7.72795,1.36761,0,0,1
A,55,.,.,.,TRP,CZ2,A,69,.,.,.,LYS,CD,326,441,0.0639416,0.360341,5.64803,-0.0512229,5,0
A,55,.,.,.,TRP,CZ3,A,55,.,.,.,TRP,CH2,327,328,12.0449,0.459821,1.39934,0,0,1
A,55,.,.,.,TRP,CZ3,A,69,.,.,.,LYS,CG,327,440,0.510411,0,4.77825,-0.35698,5,0
A,55,.,.,.,TRP,CZ3,A,69,.,.,.,LYS,CD,327,441,3.79048,0.632382,4.41898,-2.05532,5,0
A,55,.,.,.,TRP,CZ3,A,70,.,.,.,CYS,CA,327,445,0.0108295,0,4.98292,-0.00895865,5,0
A,55,.,.,.,TRP,CZ3,A,71,.,.,.,ARG,N,327,450,2.27611,0,4.03099,-1.28786,5,0
A,55,.,.,.,TRP,CZ3,A,71,.,.,.,ARG,CB,327,454,8.00213,0,3.45212,-10.2458,5,0
A,55,.,.,.,TRP,CZ3,A,71,.,.,.,ARG,CD,327,456,1.48616,0.309565,4.29026,-1.69071,5,0
A,55,.,.,.,TRP,CH2,A,69,.,.,.,LYS,CD,328,441,0.218411,0.979044,5.29599,-0.179603,5,0
A,55,.,.,.,TRP,CH2,A,71,.,.,.,ARG,CB,328,454,1.03641,0,3.95166,-1.30542,5,0
A,55,.,.,.,TRP,CH2,A,71,.,.,.,ARG,CD,328,456,10.1197,4.85765,4.06256,-11.9187,5,0
A,55,.,.,.,TRP,CH2,A,71,.,.,.,ARG,NH1,328,459,1.16786,1.7025,5.29535,-1.00999,5,0
A,56,.,.,.,VAL,N,A,56,.,.,.,VAL,CA,329,330,5.9152,0,1.4278,0,0,1
A,56,.,.,.,VAL,N,A,56,.,.,.,VAL,C,329,331,1.02356,0,2.35082,0,0,0
A,56,.,.,.,VAL,N,A,56,.,.,.,VAL,O,329,332,2.8789,0,2.62032,0,0,0
A,56,.,.,.,VAL,N,A,56,.,.,.,VAL,CB,329,333,2.91532,0,2.41523,0,0,0
A,56,.,.,.,VAL,N,A,56,.,.,.,VAL,CG2,329,335,1.50315,0,2.91557,0,0,0
A,56,.,.,.,VAL,CA,A,56,.,.,.,VAL,C,330,331,6.23152,0,1.50951,0,0,1
A,56,.,.,.,VAL,CA,A,56,.,.,.,VAL,O,330,332,0.425408,0,2.33319,0,0,0
A,56,.,.,.,VAL,CA,A,56,.,.,.,VAL,CB,330,333,6.90984,0,1.51811,0,0,1
A,56,.,.,.,VAL,CA,A,56,.,.,.,VAL,CG1,330,334,1.74907,0,2.4795,0,0,0
A,56,.,.,.,VAL,CA,A,56,.,.,.,VAL,CG2,330,335,1.79822,0,2.47471,0,0,0
A,56,.,.,.,VAL,CA,A,57,.,.,.,GLN,N,330,336,2.17871,0,2.43156,0,1,0
A,56,.,.,.,VAL,CA,A,67,.,.,.,LYS,O,330,421,2.9474,0,3.76308,-1.73758,5,0
A,56,.,.,.,VAL,CA,A,68,.,.,.,ILE,CA,330,428,0.498689,0,4.90104,-0.28391,5,0
A,56,.,.,.,VAL,CA,A,68,.,.,.,ILE,CD1,330,434,0.931779,0,4.62741,-0.19269,5,0
A,56,.,.,.,VAL,C,A,56,.,.,.,VAL,O,331,332,7.78662,0,1.18394,0,0,1
A,56,.,.,.,VAL,C,A,56,.,.,.,VAL,CB,331,333,1.97786,0,2.52102,0,0,0
A,56,.,.,.,VAL,C,A,56,.,.,.,VAL,CG1,331,334,1.73593,0,2.95929,0,0,0
A,56,.,.,.,VAL,C,A,57,.,.,.,GLN,N,331,336,6.36163,0,1.31354,0,1,1
A,56,.,.,.,VAL,C,A,57,.,.,.,GLN,CA,331,337,1.13703,0,2.419,0,1,0
A,56,.,.,.,VAL,C,A,57,.,.,.,GLN,C,331,338,1.19995,0,3.01296,0,1,0
A,56,.,.,.,VAL,C,A,57,.,.,.,GLN,O,331,339,0.320478,0,3.44096,0,1,0
A,56,.,.,.,VAL,O,A,56,.,.,.,VAL,CB,332,333,2.53945,0.210438,3.1556,0,0,0
A,56,.,.,.,VAL,O,A,56,.,.,.,VAL,CG1,332,334,0.00676617,0,3.7531,0,0,0
A,56,.,.,.,VAL,O,A,57,.,.,.,GLN,CA,332,337,1.84483,0,2.69174,0,1,0
A,56,.,.,.,VAL,O,A,57,.,.,.,GLN,C,332,338,1.92533,0,2.9254,0,1,0
A,56,.,.,.,VAL,O,A,57,.,.,.,GLN,O,332,339,0.0699381,0.133404,3.54739,0,1,0
A,56,.,.,.,VAL,O,A,58,.,.,.,ALA,N,332,345,2.61495,0,3.0918,-3.53361,2,0
A,56,.,.,.,VAL,O,A,58,.,.,.,ALA,CA,332,346,0.937596,0,4.00727,0.181016,2,0
A,56,.,.,.,VAL,CB,A,56,.,.,.,VAL,CG1,333,334,14.581,4.66581,1.49201,0,0,1
A,56,.,.,.,VAL,CB,A,56,.,.,.,VAL,CG2,333,335,11.6374,0.967747,1.50024,0,0,1
A,56,.,.,.,VAL,CB,A,57,.,.,.,GLN,O,333,339,0.00497462,0.0561812,4.69235,0,1,0
A,56,.,.,.,VAL,CB,A,68,.,.,.,ILE,CD1,333,434,0.0857153,0,4.47644,-0.135027,5,0
A,56,.,.,.,VAL,CG1,A,56,.,.,.,VAL,CG2,334,335,3.93133,0.103946,2.42278,0,0,0
A,56,.,.,.,VAL,CG1,A,57,.,.,.,GLN,N,334,336,3.92673,0,3.22587,0,1,0
A,56,.,.,.,VAL,CG1,A,57,.,.,.,GLN,O,334,339,6.76147,1.10562,3.987,0,1,0
A,56,.,.,.,VAL,CG1,A,60,.,.,.,GLU,CA,334,358,1.06315,0,6.0883,0.123135,4,0
A,56,.,.,.,VAL,CG1,A,60,.,.,.,GLU,CB,334,361,2.94155,3.74975,6.14318,-1.14183,4,0
A,56,.,.,.,VAL,CG1,A,66,.,.,.,HIS,CB,334,412,7.49098,0,4.0206,-7.36672,5,0
A,56,.,.,.,VAL,CG1,A,66,.,.,.,HIS,CG,334,413,0.950635,0,4.32521,-1.4673,5,0
A,56,.,.,.,VAL,CG1,A,66,.,.,.,HIS,CD2,334,415,8.95129,2.58215,4.21768,-7.08175,5,0
A,56,.,.,.,VAL,CG1,A,67,.,.,.,LYS,O,334,421,1.57276,0,4.14471,0.122375,5,0
A,56,.,.,.,VAL,CG1,A,68,.,.,.,ILE,CD1,334,434,4.43686,0,4.15919,-8.79847,5,0
A,56,.,.,.,VAL,CG1,A,201,.,.,.,ASN,CB,334,1510,0.0625675,0,6.15967,0.0161245,5,0
A,56,.,.,.,VAL,CG1,A,205,.,.,.,GLN,OE1,334,1542,0.000735838,0.049458,5.03126,-4.52198e-05,5,0
A,56,.,.,.,VAL,CG1,A,205,.,.,.,GLN,NE2,334,1543,6.4677,2.52983,3.97781,0.946218,5,0
A,56,.,.,.,VAL,CG2,A,68,.,.,.,ILE,CG2,335,433,0.630151,0,5.1902,-0.359678,5,0
A,56,.,.,.,VAL,CG2,A,68,.,.,.,ILE,CD1,335,434,5.77168,0,3.91915,-11.4059,5,0
A,56,.,.,.,VAL,CG2,A,205,.,.,.,GLN,CG,335,1540,4.27908,0,3.54751,-0.310899,5,0
A,56,.,.,.,VAL,CG2,A,205,.,.,.,GLN,CD,335,1541,4.53522,0,3.09326,-3.03674,5,0
A,56,.,.,.,VAL,CG2,A,205,.,.,.,GLN,OE1,335,1542,2.29927,1.04396,3.49991,-0.210273,5,0
A,56,.,.,.,VAL,CG2,A,205,.,.,.,GLN,NE2,335,1543,4.38151,0,3.09561,-0.49788,5,0
A,57,.,.,.,GLN,N,A,57,.,.,.,GLN,CA,336,337,7.24606,0,1.47369,0,0,1
A,57,.,.,.,GLN,N,A,57,.,.,.,GLN,C,336,338,0.444661,0,2.46912,0,0,0
A,57,.,.,.,GLN,N,A,57,.,.,.,GLN,O,336,339,1.38034,0,2.89267,0,0,0
A,57,.,.,.,GLN,N,A,57,.,.,.,GLN,CB,336,340,3.25644,0,2.46753,0,0,0
A,57,.,.,.,GLN,N,A,66,.,.,.,HIS,CB,336,412,0.985744,0,5.02404,0.995828,5,0
A,57,.,.,.,GLN,N,A,67,.,.,.,LYS,O,336,421,4.70415,0,3.17722,-3.05463,5,0
A,57,.,.,.,GLN,CA,A,57,.,.,.,GLN,C,337,338,6.25998,0,1.52119,0,0,1
A,57,.,.,.,GLN,CA,A,57,.,.,.,GLN,O,337,339,1.2184,0,2.36686,0,0,0
A,57,.,.,.,GLN,CA,A,57,.,.,.,GLN,CB,337,340,8.83769,0,1.50892,0,0,1
A,57,.,.,.,GLN,CA,A,57,.,.,.,GLN,CG,337,341,2.93394,0,2.46479,0,0,0
A,57,.,.,.,GLN,CA,A,58,.,.,.,ALA,N,337,345,2.85061,0,2.35939,0,1,0
A,57,.,.,.,GLN,CA,A,66,.,.,.,HIS,CB,337,412,3.82848e-05,0,5.63161,1.93025e-05,5,0
A,57,.,.,.,GLN,C,A,57,.,.,.,GLN,O,338,339,8.84081,0,1.20461,0,0,1
A,57,.,.,.,GLN,C,A,57,.,.,.,GLN,CB,338,340,3.05715,0,2.57819,0,0,0
A,57,.,.,.,GLN,C,A,58,.,.,.,ALA,N,338,345,7.48433,0,1.32057,0,1,1
A,57,.,.,.,GLN,C,A,58,.,.,.,ALA,CA,338,346,1.91769,0,2.48205,0,1,0
A,57,.,.,.,GLN,C,A,58,.,.,.,ALA,C,338,347,0.757838,0,3.0394,0,1,0
A,57,.,.,.,GLN,C,A,59,.,.,.,VAL,N,338,350,0.660303,0,3.16334,2.39248,2,0
A,57,.,.,.,GLN,C,A,59,.,.,.,VAL,CG1,338,355,1.21461,0,4.55323,0.471611,2,0
A,57,.,.,.,GLN,C,A,59,.,.,.,VAL,CG2,338,356,0.572026,0,4.11331,-0.128174,2,0
A,57,.,.,.,GLN,O,A,57,.,.,.,GLN,CB,339,340,1.70312,0,3.16369,0,0,0
A,57,.,.,.,GLN,O,A,58,.,.,.,ALA,CA,339,346,2.32852,0.0195144,2.92728,0,1,0
A,57,.,.,.,GLN,O,A,59,.,.,.,VAL,N,339,350,3.16656,0,2.78792,-3.72362,2,0
A,57,.,.,.,GLN,O,A,59,.,.,.,VAL,CG2,339,356,6.52963,0,3.31208,1.1101,2,0
A,57,.,.,.,GLN,O,A,60,.,.,.,GLU,N,339,357,3.71976,0,3.73137,5.57257,3,0
A,57,.,.,.,GLN,O,A,60,.,.,.,GLU,CA,339,358,0.597827,0,4.7127,0.761984,3,0
A,57,.,.,.,GLN,O,A,60,.,.,.,GLU,CB,339,361,0.88977,0.793708,5.18692,0.549151,3,0
A,57,.,.,.,GLN,O,A,66,.,.,.,HIS,CB,339,412,0.939909,0,5.06701,0.0192618,5,0
A,57,.,.,.,GLN,O,A,66,.,.,.,HIS,CG,339,413,1.66103,0,4.82702,1.81974,5,0
A,57,.,.,.,GLN,O,A,66,.,.,.,HIS,CD2,339,415,0.60511,0,5.07539,0.260655,5,0
A,57,.,.,.,GLN,CB,A,57,.,.,.,GLN,CG,340,341,8.95193,0,1.51041,0,0,1
A,57,.,.,.,GLN,CB,A,57,.,.,.,GLN,CD,340,342,3.43324,0,2.51862,0,0,0
A,57,.,.,.,GLN,CB,A,57,.,.,.,GLN,OE1,340,343,6.6676,1.42354,2.7947,0,0,0
A,57,.,.,.,GLN,CB,A,58,.,.,.,ALA,N,340,345,0.845405,0,3.42566,0,1,0
A,57,.,.,.,GLN,CB,A,59,.,.,.,VAL,CG1,340,355,2.95661,0,5.12517,-1.9219,2,0
A,57,.,.,.,GLN,CB,A,59,.,.,.,VAL,CG2,340,356,5.03487,1.55683,4.86808,-3.50176,2,0
A,57,.,.,.,GLN,CB,A,66,.,.,.,HIS,CA,340,409,0.779916,0.567946,5.57971,0.507175,5,0
A,57,.,.,.,GLN,CB,A,66,.,.,.,HIS,CB,340,412,1.91709,0,5.43859,-0.582165,5,0
A,57,.,.,.,GLN,CB,A,67,.,.,.,LYS,N,340,418,4.23268,0.832191,4.48087,6.1376,5,0
A,57,.,.,.,GLN,CB,A,67,.,.,.,LYS,CA,340,419,0.017682,0,4.73013,0.0178369,5,0
A,57,.,.,.,GLN,CB,A,67,.,.,.,LYS,O,340,421,2.06541,0,3.94145,1.18174,5,0
A,57,.,.,.,GLN,CB,A,67,.,.,.,LYS,CB,340,422,3.16376,0,4.2695,-0.745783,5,0
A,57,.,.,.,GLN,CB,A,67,.,.,.,LYS,CG,340,423,0.688384,0.101238,4.79341,0.2459,5,0
A,57,.,.,.,GLN,CG,A,57,.,.,.,GLN,CD,341,342,9.94329,0,1.49886,0,0,1
A,57,.,.,.,GLN,CG,A,57,.,.,.,GLN,OE1,341,343,0.000219348,0,2.35481,0,0,0
A,57,.,.,.,GLN,CG,A,57,.,.,.,GLN,NE2,341,344,2.38683,0,2.39496,0,0,0
A,57,.,.,.,GLN,CG,A,67,.,.,.,LYS,CB,341,422,1.84027,0,4.23211,0.668461,5,0
A,57,.,.,.,GLN,CD,A,57,.,.,.,GLN,OE1,342,343,12.9764,1.50661,1.21328,0,0,1
A,57,.,.,.,GLN,CD,A,57,.,.,.,GLN,NE2,342,344,16.0894,3.03522,1.3173,0,0,1
A,57,.,.,.,GLN,CD,A,58,.,.,.,ALA,N,342,345,0.0241183,0.0997115,4.97987,0,1,0
A,57,.,.,.,GLN,CD,A,59,.,.,.,VAL,CG1,342,355,2.00834,2.34546,5.61325,-1.29874,2,0
A,57,.,.,.,GLN,CD,A,67,.,.,.,LYS,CB,342,422,0.307076,0,4.48002,-0.0871551,5,0
A,57,.,.,.,GLN,CD,A,67,.,.,.,LYS,CD,342,424,4.05173,0,3.98861,-4.09545,5,0
A,57,.,.,.,GLN,OE1,A,57,.,.,.,GLN,NE2,343,344,2.79547,3.47891,2.22906,0,0,0
A,57,.,.,.,GLN,OE1,A,59,.,.,.,VAL,CG1,343,355,4.646,3.99444,5.19489,-0.860658,2,0
A,57,.,.,.,GLN,OE1,A,59,.,.,.,VAL,CG2,343,356,0.214188,0.672947,5.73332,-0.0195879,2,0
A,57,.,.,.,GLN,OE1,A,67,.,.,.,LYS,CB,343,422,0.118216,0,4.23311,-0.00430603,5,0
A,57,.,.,.,GLN,OE1,A,67,.,.,.,LYS,CG,343,423,3.70967,2.19726,3.90553,-0.448391,5,0
A,57,.,.,.,GLN,OE1,A,67,.,.,.,LYS,CD,343,424,8.65613,4.32686,3.4672,-3.80308,5,0
A,57,.,.,.,GLN,NE2,A,67,.,.,.,LYS,CD,344,424,1.92025,1.20553,4.56309,-0.0680509,5,0
A,58,.,.,.,ALA,N,A,58,.,.,.,ALA,CA,345,346,7.74798,0,1.46216,0,0,1
A,58,.,.,.,ALA,N,A,58,.,.,.,ALA,C,345,347,1.98577,0,2.37856,0,0,0
A,58,.,.,.,ALA,N,A,58,.,.,.,ALA,O,345,348,0.991843,0.0627986,3.05131,0,0,0
A,58,.,.,.,ALA,N,A,58,.,.,.,ALA,CB,345,349,2.00122,0,2.42517,0,0,0
A,58,.,.,.,ALA,N,A,59,.,.,.,VAL,CG1,345,355,0.42971,0.163974,4.68531,0,1,0
A,58,.,.,.,ALA,CA,A,58,.,.,.,ALA,C,346,347,7.18828,0,1.49414,0,0,1
A,58,.,.,.,ALA,CA,A,58,.,.,.,ALA,O,346,348,0.40361,0,2.33186,0,0,0
A,58,.,.,.,ALA,CA,A,58,.,.,.,ALA,CB,346,349,10.1081,0,1.49802,0,0,1
A,58,.,.,.,ALA,CA,A,59,.,.,.,VAL,N,346,350,4.31215,0,2.33984,0,1,0
A,58,.,.,.,ALA,CA,A,60,.,.,.,GLU,N,346,357,0.219152,0,4.45195,0.341681,2,0
A,58,.,.,.,ALA,CA,A,60,.,.,.,GLU,CB,346,361,0.58853,0.00510997,5.59172,0.379387,2,0
A,58,.,.,.,ALA,CA,A,60,.,.,.,GLU,CD,346,363,0.10778,0,5.36037,0.0160035,2,0
A,58,.,.,.,ALA,CA,A,60,.,.,.,GLU,OE1,346,364,1.18497,0,4.80891,1.23347,2,0
A,58,.,.,.,ALA,C,A,58,.,.,.,ALA,O,347,348,9.82712,1.50413,1.2112,0,0,1
A,58,.,.,.,ALA,C,A,58,.,.,.,ALA,CB,347,349,2.91381,1.07605,2.46569,0,0,0
A,58,.,.,.,ALA,C,A,59,.,.,.,VAL,N,347,350,7.82611,0,1.3127,0,1,1
A,58,.,.,.,ALA,C,A,59,.,.,.,VAL,CA,347,351,2.98,1.18055,2.49901,0,1,0
A,58,.,.,.,ALA,C,A,59,.,.,.,VAL,CG1,347,355,1.93422,0,3.39425,0,1,0
A,58,.,.,.,ALA,C,A,60,.,.,.,GLU,OE1,347,364,1.60114,1.25294,4.78431,2.32075,2,0
A,58,.,.,.,ALA,O,A,58,.,.,.,ALA,CB,348,349,7.4136,3.34321,2.71393,0,0,0
A,58,.,.,.,ALA,O,A,59,.,.,.,VAL,CA,348,351,3.67269,2.55767,2.96564,0,1,0
A,58,.,.,.,ALA,O,A,59,.,.,.,VAL,CG1,348,355,9.54314,6.08253,3.20987,0,1,0
A,58,.,.,.,ALA,CB,A,60,.,.,.,GLU,OE1,349,364,1.56396,1.79859,5.11209,0.726375,2,0
A,59,.,.,.,VAL,N,A,59,.,.,.,VAL,CA,350,351,7.0503,0,1.48216,0,0,1
A,59,.,.,.,VAL,N,A,59,.,.,.,VAL,C,350,352,0.88228,0,2.37955,0,0,0
A,59,.,.,.,VAL,N,A,59,.,.,.,VAL,CB,350,354,0.98645,0,2.51839,0,0,0
A,59,.,.,.,VAL,N,A,59,.,.,.,VAL,CG1,350,355,0.5248,0,3.08794,0,0,0
A,59,.,.,.,VAL,N,A,59,.,.,.,VAL,CG2,350,356,1.29138,0,3.03645,0,0,0
A,59,.,.,.,VAL,N,A,60,.,.,.,GLU,N,350,357,5.07,0,2.61677,0,1,0
A,59,.,.,.,VAL,N,A,60,.,.,.,GLU,CB,350,361,0.0393465,0,4.54609,0,1,0
A,59,.,.,.,VAL,N,A,60,.,.,.,GLU,CD,350,363,0.129972,0,4.9374,0,1,0
A,59,.,.,.,VAL,N,A,60,.,.,.,GLU,OE1,350,364,1.73969,0,4.50737,0,1,0
A,59,.,.,.,VAL,CA,A,59,.,.,.,VAL,C,351,352,8.62688,0.638197,1.52514,0,0,1
A,59,.,.,.,VAL,CA,A,59,.,.,.,VAL,O,351,353,5.14053,3.72895,2.35631,0,0,0
A,59,.,.,.,VAL,CA,A,59,.,.,.,VAL,CB,351,354,10.1726,1.81235,1.54206,0,0,1
A,59,.,.,.,VAL,CA,A,59,.,.,.,VAL,CG1,351,355,3.32841,1.59831,2.54321,0,0,0
A,59,.,.,.,VAL,CA,A,59,.,.,.,VAL,CG2,351,356,0.559556,0,2.55295,0,0,0
A,59,.,.,.,VAL,CA,A,60,.,.,.,GLU,N,351,357,0.414353,0,2.45445,0,1,0
A,59,.,.,.,VAL,CA,A,60,.,.,.,GLU,OE1,351,364,0.909121,1.18147,4.92852,0,1,0
A,59,.,.,.,VAL,C,A,59,.,.,.,VAL,O,352,353,9.309,0.71686,1.2164,0,0,1
A,59,.,.,.,VAL,C,A,59,.,.,.,VAL,CB,352,354,1.81281,0,2.53797,0,0,0
A,59,.,.,.,VAL,C,A,59,.,.,.,VAL,CG2,352,356,1.15805,0,3.02596,0,0,0
A,59,.,.,.,VAL,C,A,60,.,.,.,GLU,N,352,357,6.99625,0,1.34387,0,1,1
A,59,.,.,.,VAL,C,A,60,.,.,.,GLU,CA,352,358,0.515157,0,2.57409,0,1,0
A,59,.,.,.,VAL,C,A,60,.,.,.,GLU,C,352,359,0.19101,0,3.02858,0,1,0
A,59,.,.,.,VAL,C,A,60,.,.,.,GLU,CG,352,362,2.33216,0,3.64229,0,1,0
A,59,.,.,.,VAL,C,A,60,.,.,.,GLU,OE1,352,364,1.73078,0.65898,4.35583,0,1,0
A,59,.,.,.,VAL,C,A,61,.,.,.,MET,N,352,366,1.31698,0,3.18856,3.67771,2,0
A,59,.,.,.,VAL,C,A,61,.,.,.,MET,CB,352,370,0.156526,0,4.34791,-0.0415524,2,0
A,59,.,.,.,VAL,O,A,59,.,.,.,VAL,CB,353,354,2.85708,1.53371,3.1584,0,0,0
A,59,.,.,.,VAL,O,A,60,.,.,.,GLU,CA,353,358,0.151808,0,2.9931,0,1,0
A,59,.,.,.,VAL,O,A,60,.,.,.,GLU,C,353,359,3.24108,0,2.83823,0,1,0
A,59,.,.,.,VAL,O,A,60,.,.,.,GLU,O,353,360,1.64077,1.81489,3.4439,0,1,0
A,59,.,.,.,VAL,O,A,60,.,.,.,GLU,CG,353,362,3.78177,2.53558,3.78589,0,1,0
A,59,.,.,.,VAL,O,A,60,.,.,.,GLU,OE1,353,364,0.0920361,0.500986,4.66573,0,1,0
A,59,.,.,.,VAL,O,A,61,.,.,.,MET,N,353,366,1.71124,0,2.92016,-2.79537,2,0
A,59,.,.,.,VAL,O,A,61,.,.,.,MET,CA,353,367,1.18009,0.80083,3.7577,0.0804324,2,0
A,59,.,.,.,VAL,O,A,61,.,.,.,MET,CB,353,370,6.43063,3.53541,3.72735,-1.08161,2,0
A,59,.,.,.,VAL,CB,A,59,.,.,.,VAL,CG1,354,355,16.1005,5.98634,1.51432,0,0,1
A,59,.,.,.,VAL,CB,A,59,.,.,.,VAL,CG2,354,356,12.6388,1.68097,1.51795,0,0,1
A,59,.,.,.,VAL,CB,A,61,.,.,.,MET,CB,354,370,4.31181,1.17789,4.86977,-4.99247,2,0
A,59,.,.,.,VAL,CB,A,61,.,.,.,MET,SD,354,372,1.26556,2.55848,6.10816,-1.85929,2,0
A,59,.,.,.,VAL,CG1,A,59,.,.,.,VAL,CG2,355,356,8.00738,3.37777,2.48094,0,0,0
A,59,.,.,.,VAL,CG2,A,60,.,.,.,GLU,N,356,357,4.1774,0,3.22777,0,1,0
A,59,.,.,.,VAL,CG2,A,61,.,.,.,MET,N,356,366,1.13758,0,4.34018,0.691016,2,0
A,59,.,.,.,VAL,CG2,A,61,.,.,.,MET,CB,356,370,3.39882,0,4.7365,-4.58087,2,0
A,59,.,.,.,VAL,CG2,A,61,.,.,.,MET,SD,356,372,0.267286,0.569811,6.09773,-0.210405,2,0
A,59,.,.,.,VAL,CG2,A,64,.,.,.,THR,OG1,356,398,3.22491,2.83116,5.28395,-1.40481,5,0
A,59,.,.,.,VAL,CG2,A,66,.,.,.,HIS,CA,356,409,0.611071,1.11683,5.76812,0.282163,5,0
A,59,.,.,.,VAL,CG2,A,66,.,.,.,HIS,CB,356,412,0.371037,0,5.43551,-0.059255,5,0
A,59,.,.,.,VAL,CG2,A,66,.,.,.,HIS,CG,356,413,1.19967,0,4.6407,-1.8764,5,0
A,59,.,.,.,VAL,CG2,A,66,.,.,.,HIS,ND1,356,414,6.93303,1.85463,3.81714,-2.09082,5,0
A,59,.,.,.,VAL,CG2,A,66,.,.,.,HIS,CD2,356,415,0.0996831,0,5.02529,-0.0257993,5,0
A,59,.,.,.,VAL,CG2,A,66,.,.,.,HIS,CE1,356,416,6.68651,0,3.75994,-3.78178,5,0
A,59,.,.,.,VAL,CG2,A,66,.,.,.,HIS,NE2,356,417,9.97892e-05,0,4.52732,-5.88059e-05,5,0
A,60,.,.,.,GLU,N,A,60,.,.,.,GLU,CA,357,358,10.2006,0,1.49683,0,0,1
A,60,.,.,.,GLU,N,A,60,.,.,.,GLU,C,357,359,0.00650193,0,2.53014,0,0,0
A,60,.,.,.,GLU,N,A,60,.,.,.,GLU,CB,357,361,3.78288,0,2.47787,0,0,0
A,60,.,.,.,GLU,N,A,60,.,.,.,GLU,CG,357,362,1.45905,0,3.08399,0,0,0
A,60,.,.,.,GLU,N,A,60,.,.,.,GLU,CD,357,363,0.0907649,0,3.99378,0,0,0
A,60,.,.,.,GLU,N,A,60,.,.,.,GLU,OE1,357,364,0.080019,0,4.18142,0,0,0
A,60,.,.,.,GLU,N,A,61,.,.,.,MET,N,357,366,0.876901,0,2.94984,0,1,0
A,60,.,.,.,GLU,N,A,66,.,.,.,HIS,CD2,357,415,0.139964,0,5.04668,0.0818939,5,0
A,60,.,.,.,GLU,N,A,66,.,.,.,HIS,CE1,357,416,0.283749,0,4.48894,0.182814,5,0
A,60,.,.,.,GLU,N,A,66,.,.,.,HIS,NE2,357,417,0.0574766,0,4.38685,0.0372306,5,0
A,60,.,.,.,GLU,CA,A,60,.,.,.,GLU,C,358,359,8.19036,0,1.5382,0,0,1
A,60,.,.,.,GLU,CA,A,60,.,.,.,GLU,CB,358,361,13.2947,0.242261,1.52268,0,0,1
A,60,.,.,.,GLU,CA,A,60,.,.,.,GLU,CG,358,362,1.37994,0,2.53186,0,0,0
A,60,.,.,.,GLU,CA,A,61,.,.,.,MET,N,358,366,2.27043,0,2.42427,0,1,0
A,60,.,.,.,GLU,CA,A,62,.,.,.,ASP,OD1,358,380,2.8662,0.050855,4.14584,4.15997,2,0
A,60,.,.,.,GLU,CA,A,66,.,.,.,HIS,CD2,358,415,3.18851,0.221228,4.66832,0.921445,5,0
A,60,.,.,.,GLU,CA,A,66,.,.,.,HIS,CE1,358,416,0.40026,0,4.40073,0.0931862,5,0
A,60,.,.,.,GLU,CA,A,66,.,.,.,HIS,NE2,358,417,4.23715,0,3.92467,2.60853,5,0
A,60,.,.,.,GLU,C,A,60,.,.,.,GLU,O,359,360,9.75293,0,1.22485,0,0,1
A,60,.,.,.,GLU,C,A,60,.,.,.,GLU,CB,359,361,0.424205,0,2.61576,0,0,0
A,60,.,.,.,GLU,C,A,60,.,.,.,GLU,CG,359,362,0.628437,0,3.15748,0,0,0
A,60,.,.,.,GLU,C,A,61,.,.,.,MET,N,359,366,7.50271,0,1.32884,0,1,1
A,60,.,.,.,GLU,C,A,61,.,.,.,MET,CA,359,367,1.71713,0,2.53112,0,1,0
A,60,.,.,.,GLU,C,A,62,.,.,.,ASP,N,359,374,0.623987,0,3.80034,1.4874,2,0
A,60,.,.,.,GLU,C,A,62,.,.,.,ASP,OD1,359,380,2.71852,0,3.84805,9.04116,2,0
A,60,.,.,.,GLU,C,A,66,.,.,.,HIS,NE2,359,417,0.0195491,0,4.07619,0.00520311,5,0
A,60,.,.,.,GLU,O,A,60,.,.,.,GLU,CB,360,361,3.51771,1.45555,2.86149,0,0,0
A,60,.,.,.,GLU,O,A,60,.,.,.,GLU,CG,360,362,8.70437,5.5354,2.99282,0,0,0
A,60,.,.,.,GLU,O,A,61,.,.,.,MET,CA,360,367,6.62093,4.10757,2.97054,0,1,0
A,60,.,.,.,GLU,O,A,62,.,.,.,ASP,N,360,374,2.60105,2.13136,3.95177,3.73997,2,0
A,60,.,.,.,GLU,O,A,62,.,.,.,ASP,CB,360,378,0.003536,0.0781791,5.2804,0.00428439,2,0
A,60,.,.,.,GLU,O,A,62,.,.,.,ASP,OD1,360,380,2.94994,2.31894,4.03569,4.02773,2,0
A,60,.,.,.,GLU,CB,A,60,.,.,.,GLU,CG,361,362,11.8599,2.24639,1.50867,0,0,1
A,60,.,.,.,GLU,CB,A,60,.,.,.,GLU,CD,361,363,3.51945,0,2.55899,0,0,0
A,60,.,.,.,GLU,CB,A,60,.,.,.,GLU,OE2,361,365,5.69052,4.49714,3.06873,0,0,0
A,60,.,.,.,GLU,CB,A,62,.,.,.,ASP,OD1,361,380,4.72335,4.60464,4.56237,4.24572,2,0
A,60,.,.,.,GLU,CB,A,66,.,.,.,HIS,CD2,361,415,0.0259871,0.785497,5.56172,-0.00446003,5,0
A,60,.,.,.,GLU,CG,A,60,.,.,.,GLU,CD,362,363,12.8719,3.53293,1.51026,0,0,1
A,60,.,.,.,GLU,CG,A,60,.,.,.,GLU,OE1,362,364,5.11545,2.48175,2.34592,0,0,0
A,60,.,.,.,GLU,CG,A,60,.,.,.,GLU,OE2,362,365,3.80647,2.77682,2.36746,0,0,0
A,60,.,.,.,GLU,CD,A,60,.,.,.,GLU,OE1,363,364,14.7651,3.99746,1.23157,0,0,1
A,60,.,.,.,GLU,CD,A,60,.,.,.,GLU,OE2,363,365,14.649,4.0538,1.23586,0,0,1
A,60,.,.,.,GLU,OE1,A,60,.,.,.,GLU,OE2,364,365,1.33544,1.93991,2.17773,0,0,0
A,61,.,.,.,MET,N,A,61,.,.,.,MET,CA,366,367,6.43653,0,1.4682,0,0,1
A,61,.,.,.,MET,N,A,61,.,.,.,MET,C,366,368,2.55629,0,2.27034,0,0,0
A,61,.,.,.,MET,N,A,61,.,.,.,MET,O,366,369,0.407129,0,2.78464,0,0,0
A,61,.,.,.,MET,N,A,61,.,.,.,MET,CB,366,370,3.15765,0,2.41168,0,0,0
A,61,.,.,.,MET,N,A,62,.,.,.,ASP,N,366,374,0.0714514,0,3.14486,0,1,0
A,61,.,.,.,MET,N,A,62,.,.,.,ASP,OD1,366,380,0.271427,0,4.05177,0,1,0
A,61,.,.,.,MET,N,A,66,.,.,.,HIS,CE1,366,416,2.47665,0,3.59014,2.03931,5,0
A,61,.,.,.,MET,N,A,66,.,.,.,HIS,NE2,366,417,1.60892,0,3.54614,1.05831,5,0
A,61,.,.,.,MET,CA,A,61,.,.,.,MET,C,367,368,5.78971,0,1.50463,0,0,1
A,61,.,.,.,MET,CA,A,61,.,.,.,MET,O,367,369,0.234486,0,2.32694,0,0,0
A,61,.,.,.,MET,CA,A,61,.,.,.,MET,CB,367,370,12.3538,3.48551,1.52387,0,0,1
A,61,.,.,.,MET,CA,A,61,.,.,.,MET,CG,367,371,3.45681,1.92719,2.52599,0,0,0
A,61,.,.,.,MET,CA,A,62,.,.,.,ASP,N,367,374,7.20164,3.44969,2.43059,0,1,0
A,61,.,.,.,MET,C,A,61,.,.,.,MET,O,368,369,5.65087,0,1.22344,0,0,1
A,61,.,.,.,MET,C,A,61,.,.,.,MET,CB,368,370,0.189746,0,2.45134,0,0,0
A,61,.,.,.,MET,C,A,61,.,.,.,MET,CG,368,371,2.4492,0,2.74497,0,0,0
A,61,.,.,.,MET,C,A,62,.,.,.,ASP,N,368,374,6.874,0,1.32128,0,1,1
A,61,.,.,.,MET,C,A,62,.,.,.,ASP,CA,368,375,1.79864,0,2.37065,0,1,0
A,61,.,.,.,MET,C,A,62,.,.,.,ASP,OD1,368,380,0.415214,0,3.79996,0,1,0
A,61,.,.,.,MET,C,A,63,.,.,.,ARG,N,368,382,1.4482,0,3.03898,3.92106,2,0
A,61,.,.,.,MET,C,A,66,.,.,.,HIS,CE1,368,416,0.00209385,0,3.50505,-0.000482008,5,0
A,61,.,.,.,MET,C,A,66,.,.,.,HIS,NE2,368,417,0.989999,0,3.5302,-0.145945,5,0
A,61,.,.,.,MET,O,A,61,.,.,.,MET,CB,369,370,1.65964,0,2.67388,0,0,0
A,61,.,.,.,MET,O,A,61,.,.,.,MET,CG,369,371,2.869,0,2.7035,0,0,0
A,61,.,.,.,MET,O,A,62,.,.,.,ASP,CA,369,375,2.52325,0,2.686,0,1,0
A,61,.,.,.,MET,O,A,62,.,.,.,ASP,C,369,376,0.909057,0,3.0751,0,1,0
A,61,.,.,.,MET,O,A,63,.,.,.,ARG,N,369,382,1.10394,0,3.05084,1.09868,2,0
A,61,.,.,.,MET,O,A,64,.,.,.,THR,N,369,393,2.31033,0,3.54234,-2.38705,3,0
A,61,.,.,.,MET,O,A,64,.,.,.,THR,O,369,396,0.860224,0,3.98031,0.500781,3,0
A,61,.,.,.,MET,O,A,64,.,.,.,THR,OG1,369,398,1.91634,0,3.43568,0.0129568,3,0
A,61,.,.,.,MET,O,A,66,.,.,.,HIS,CE1,369,416,6.42319,0,2.5886,-2.00307,5,0
A,61,.,.,.,MET,O,A,66,.,.,.,HIS,NE2,369,417,1.00178,0,2.93066,-0.174277,5,0
A,61,.,.,.,MET,CB,A,61,.,.,.,MET,CG,370,371,11.3123,1.55306,1.50039,0,0,1
A,61,.,.,.,MET,CB,A,61,.,.,.,MET,SD,370,372,10.721,5.10834,2.7101,0,0,0
A,61,.,.,.,MET,CB,A,64,.,.,.,THR,OG1,370,398,1.01103,0,4.19019,-0.099306,3,0
A,61,.,.,.,MET,CB,A,66,.,.,.,HIS,CE1,370,416,1.33815,0,4.28403,-0.274508,5,0
A,61,.,.,.,MET,CG,A,61,.,.,.,MET,SD,371,372,13.7637,2.53103,1.79055,0,0,1
A,61,.,.,.,MET,CG,A,61,.,.,.,MET,CE,371,373,3.0444,0,2.77002,0,0,0
A,61,.,.,.,MET,CG,A,62,.,.,.,ASP,N,371,374,0.415111,0.390953,3.74138,0,1,0
A,61,.,.,.,MET,CG,A,63,.,.,.,ARG,N,371,382,3.55679,0.40716,3.79591,3.1544,2,0
A,61,.,.,.,MET,CG,A,63,.,.,.,ARG,CA,371,383,0.0683976,0,4.47958,0.0286984,2,0
A,61,.,.,.,MET,CG,A,63,.,.,.,ARG,CB,371,386,5.843,1.93029,4.39911,-1.98335,2,0
A,61,.,.,.,MET,CG,A,63,.,.,.,ARG,NE,371,389,0.205558,0.169944,5.21024,-0.126087,2,0
A,61,.,.,.,MET,CG,A,63,.,.,.,ARG,NH2,371,392,0.223859,0.576536,5.04821,-0.0214832,2,0
A,61,.,.,.,MET,CG,A,64,.,.,.,THR,N,371,393,1.83707,0,4.09184,1.85715,3,0
A,61,.,.,.,MET,CG,A,64,.,.,.,THR,OG1,371,398,3.23208,0,3.45579,-1.66043,3,0
A,61,.,.,.,MET,SD,A,61,.,.,.,MET,CE,372,373,18.4864,6.64762,1.78865,0,0,1
A,61,.,.,.,MET,SD,A,63,.,.,.,ARG,CB,372,386,0.186833,0,5.09019,-0.0747094,2,0
A,61,.,.,.,MET,SD,A,63,.,.,.,ARG,NE,372,389,0.0349578,0,4.93096,-0.0292695,2,0
A,61,.,.,.,MET,SD,A,63,.,.,.,ARG,CZ,372,390,1.28074,0,4.46104,-1.20886,2,0
A,61,.,.,.,MET,SD,A,63,.,.,.,ARG,NH2,372,392,11.1851,6.64634,4.08003,-1.52052,2,0
A,61,.,.,.,MET,SD,A,64,.,.,.,THR,OG1,372,398,0.253175,0.00909413,3.74394,-0.0479771,3,0
A,61,.,.,.,MET,CE,A,63,.,.,.,ARG,CB,373,386,0.715435,0,4.89574,-0.555025,2,0
A,61,.,.,.,MET,CE,A,63,.,.,.,ARG,CG,373,387,0.288779,0,4.93883,-0.0639643,2,0
A,61,.,.,.,MET,CE,A,63,.,.,.,ARG,CZ,373,390,2.36415,0,4.23327,-1.95207,2,0
A,61,.,.,.,MET,CE,A,63,.,.,.,ARG,NH1,373,391,3.33672,1.6724,4.17083,-1.01487,2,0
A,61,.,.,.,MET,CE,A,63,.,.,.,ARG,NH2,373,392,1.42186,0.86825,4.28326,-0.432462,2,0
A,61,.,.,.,MET,CE,A,64,.,.,.,THR,N,373,393,0.484009,0,3.98019,0.155708,3,0
A,61,.,.,.,MET,CE,A,64,.,.,.,THR,CB,373,397,1.80701,0.741147,3.07042,-1.16116,3,0
A,61,.,.,.,MET,CE,A,64,.,.,.,THR,OG1,373,398,6.44613,2.30512,2.64583,-4.27307,3,0
A,61,.,.,.,MET,CE,A,64,.,.,.,THR,CG2,373,399,14.453,4.45088,2.40213,-14.9031,3,0
A,62,.,.,.,ASP,N,A,62,.,.,.,ASP,CA,374,375,8.21667,0.939872,1.4789,0,0,1
A,62,.,.,.,ASP,N,A,62,.,.,.,ASP,CB,374,378,5.78692,3.77191,2.51728,0,0,0
A,62,.,.,.,ASP,N,A,62,.,.,.,ASP,OD1,374,380,1.95911,0,3.29274,0,0,0
A,62,.,.,.,ASP,N,A,63,.,.,.,ARG,N,374,382,5.32335,2.77147,2.69822,0,1,0
A,62,.,.,.,ASP,CA,A,62,.,.,.,ASP,C,375,376,10.4009,0.788419,1.52099,0,0,1
A,62,.,.,.,ASP,CA,A,62,.,.,.,ASP,O,375,377,1.5171,0,2.33825,0,0,0
A,62,.,.,.,ASP,CA,A,62,.,.,.,ASP,CB,375,378,11.1994,1.3553,1.51705,0,0,1
A,62,.,.,.,ASP,CA,A,62,.,.,.,ASP,CG,375,379,2.99978,0,2.45695,0,0,0
A,62,.,.,.,ASP,CA,A,62,.,.,.,ASP,OD1,375,380,0.401278,0,3.03259,0,0,0
A,62,.,.,.,ASP,CA,A,62,.,.,.,ASP,OD2,375,381,0.286974,0,3.24813,0,0,0
A,62,.,.,.,ASP,CA,A,63,.,.,.,ARG,N,375,382,1.06994,0.477171,2.44438,0,1,0
A,62,.,.,.,ASP,CA,A,64,.,.,.,THR,O,375,396,0.375381,0,4.69611,0.209925,2,0
A,62,.,.,.,ASP,CA,A,66,.,.,.,HIS,CE1,375,416,0.0589934,0,4.40989,-0.0190861,4,0
A,62,.,.,.,ASP,CA,A,66,.,.,.,HIS,NE2,375,417,1.89483,0,3.9516,-0.0828903,4,0
A,62,.,.,.,ASP,CA,A,201,.,.,.,ASN,ND2,375,1513,1.49324,0,4.69312,0.106077,5,0
A,62,.,.,.,ASP,C,A,62,.,.,.,ASP,O,376,377,9.53636,0.112582,1.1998,0,0,1
A,62,.,.,.,ASP,C,A,62,.,.,.,ASP,CB,376,378,2.44662,1.73141,2.67085,0,0,0
A,62,.,.,.,ASP,C,A,63,.,.,.,ARG,N,376,382,8.69294,1.69956,1.32222,0,1,1
A,62,.,.,.,ASP,C,A,63,.,.,.,ARG,CA,376,383,2.87058,1.23544,2.34323,0,1,0
A,62,.,.,.,ASP,C,A,63,.,.,.,ARG,C,376,384,0.365541,0,3.06717,0,1,0
A,62,.,.,.,ASP,C,A,64,.,.,.,THR,N,376,393,1.32418,0,3.36292,2.18389,2,0
A,62,.,.,.,ASP,C,A,64,.,.,.,THR,O,376,396,1.01581,0,4.14952,2.21115,2,0
A,62,.,.,.,ASP,C,A,198,.,.,.,TRP,CB,376,1482,0.034208,0,4.21212,0.0060766,5,0
A,62,.,.,.,ASP,C,A,198,.,.,.,TRP,CD1,376,1484,0.342823,1.44002,5.14543,-0.070665,5,0
A,62,.,.,.,ASP,C,A,201,.,.,.,ASN,ND2,376,1513,0.0127447,0,4.80756,-0.000829058,5,0
A,62,.,.,.,ASP,O,A,62,.,.,.,ASP,CB,377,378,1.45246,0,3.02699,0,0,0
A,62,.,.,.,ASP,O,A,62,.,.,.,ASP,OD2,377,381,0.0397043,0,4.09886,0,0,0
A,62,.,.,.,ASP,O,A,63,.,.,.,ARG,CA,377,383,4.97788,0.137623,2.62925,0,1,0
A,62,.,.,.,ASP,O,A,63,.,.,.,ARG,C,377,384,2.6011,0,3.01714,0,1,0
A,62,.,.,.,ASP,O,A,63,.,.,.,ARG,O,377,385,0.57521,0.18145,3.55247,0,1,0
A,62,.,.,.,ASP,O,A,64,.,.,.,THR,N,377,393,0.0720103,0,3.52117,0.0742044,2,0
A,62,.,.,.,ASP,O,A,64,.,.,.,THR,O,377,396,2.12588,0,3.87704,2.03349,2,0
A,62,.,.,.,ASP,O,A,197,.,.,.,LYS,CB,377,1473,1.82829,0.0429944,4.65911,-0.034236,5,0
A,62,.,.,.,ASP,O,A,198,.,.,.,TRP,N,377,1478,3.08024,0,3.7779,-0.421488,5,0
A,62,.,.,.,ASP,O,A,198,.,.,.,TRP,CA,377,1479,1.42409,0,3.79804,0.917893,5,0
A,62,.,.,.,ASP,O,A,198,.,.,.,TRP,CB,377,1482,5.66305,0,3.30188,0.834393,5,0
A,62,.,.,.,ASP,O,A,198,.,.,.,TRP,CD1,377,1484,4.43776,0.412217,4.21319,0.308789,5,0
A,62,.,.,.,ASP,O,A,201,.,.,.,ASN,ND2,377,1513,1.60767,0,4.33537,-0.664032,5,0
A,62,.,.,.,ASP,CB,A,62,.,.,.,ASP,CG,378,379,12.127,3.50965,1.51346,0,0,1
A,62,.,.,.,ASP,CB,A,62,.,.,.,ASP,OD1,378,380,4.1713,2.56034,2.35991,0,0,0
A,62,.,.,.,ASP,CB,A,62,.,.,.,ASP,OD2,378,381,1.95299,0,2.38539,0,0,0
A,62,.,.,.,ASP,CB,A,198,.,.,.,TRP,CB,378,1482,10.8625,4.7904,3.76537,-1.16407,5,0
A,62,.,.,.,ASP,CB,A,198,.,.,.,TRP,CD1,378,1484,0.04601,0.531536,5.47787,-0.0188217,5,0
A,62,.,.,.,ASP,CG,A,62,.,.,.,ASP,OD1,379,380,13.8101,4.18335,1.26499,0,0,1
A,62,.,.,.,ASP,CG,A,62,.,.,.,ASP,OD2,379,381,14.8854,4.19348,1.25405,0,0,1
A,62,.,.,.,ASP,CG,A,66,.,.,.,HIS,CD2,379,415,0.456207,0,4.13796,-0.64425,4,0
A,62,.,.,.,ASP,CG,A,66,.,.,.,HIS,NE2,379,417,2.24696,0,3.63329,-0.518708,4,0
A,62,.,.,.,ASP,CG,A,198,.,.,.,TRP,CB,379,1482,0.0115006,0.0842009,4.2258,-0.00372155,5,0
A,62,.,.,.,ASP,CG,A,201,.,.,.,ASN,ND2,379,1513,0.122445,0,4.25798,-0.168493,5,0
A,62,.,.,.,ASP,OD1,A,62,.,.,.,ASP,OD2,380,381,0.986537,1.62849,2.23656,0,0,0
A,62,.,.,.,ASP,OD1,A,66,.,.,.,HIS,CD2,380,415,2.59622,1.82237,3.98432,-1.93545,4,0
A,62,.,.,.,ASP,OD1,A,66,.,.,.,HIS,NE2,380,417,3.10721,0,3.3889,-4.54883,4,0
A,62,.,.,.,ASP,OD2,A,66,.,.,.,HIS,CD2,381,415,3.26259,1.01013,3.90563,-1.19119,4,0
A,62,.,.,.,ASP,OD2,A,66,.,.,.,HIS,NE2,381,417,0.0874758,0,3.79305,-0.0908393,4,0
A,62,.,.,.,ASP,OD2,A,198,.,.,.,TRP,CA,381,1479,2.20304,0,3.94642,2.20877,5,0
A,62,.,.,.,ASP,OD2,A,198,.,.,.,TRP,O,381,1481,2.3211,1.89556,4.349,1.94806,5,0
A,62,.,.,.,ASP,OD2,A,198,.,.,.,TRP,CB,381,1482,4.73112,1.39208,3.70169,1.31756,5,0
A,62,.,.,.,ASP,OD2,A,201,.,.,.,ASN,CB,381,1510,7.50792,2.9834,3.87859,-2.8468,5,0
A,62,.,.,.,ASP,OD2,A,201,.,.,.,ASN,ND2,381,1513,3.94077,0,3.45416,-2.7409,5,0
A,62,.,.,.,ASP,OD2,A,202,.,.,.,LYS,N,381,1514,0.0172325,0.265564,5.47784,0.00975607,5,0
A,63,.,.,.,ARG,N,A,63,.,.,.,ARG,CA,382,383,8.25045,1.02889,1.4431,0,0,1
A,63,.,.,.,ARG,N,A,63,.,.,.,ARG,C,382,384,0.0171848,0,2.51828,0,0,0
A,63,.,.,.,ARG,N,A,63,.,.,.,ARG,CB,382,386,6.44913,3.51997,2.43423,0,0,0
A,63,.,.,.,ARG,N,A,64,.,.,.,THR,N,382,393,1.72959,0,2.86558,0,1,0
A,63,.,.,.,ARG,CA,A,63,.,.,.,ARG,C,383,384,6.66209,0,1.54443,0,0,1
A,63,.,.,.,ARG,CA,A,63,.,.,.,ARG,O,383,385,3.85525,2.22901,2.38639,0,0,0
A,63,.,.,.,ARG,CA,A,63,.,.,.,ARG,CB,383,386,13.0832,3.91978,1.51389,0,0,1
A,63,.,.,.,ARG,CA,A,63,.,.,.,ARG,CG,383,387,2.40924,1.13102,2.49475,0,0,0
A,63,.,.,.,ARG,CA,A,64,.,.,.,THR,N,383,393,1.30373,0,2.45265,0,1,0
A,63,.,.,.,ARG,CA,A,198,.,.,.,TRP,CD1,383,1484,1.67671,3.48416,5.79084,-0.430263,5,0
A,63,.,.,.,ARG,C,A,63,.,.,.,ARG,O,384,385,8.00748,0,1.19344,0,0,1
A,63,.,.,.,ARG,C,A,63,.,.,.,ARG,CB,384,386,0.300273,0,2.52598,0,0,0
A,63,.,.,.,ARG,C,A,63,.,.,.,ARG,CG,384,387,3.10468,0,2.72619,0,0,0
A,63,.,.,.,ARG,C,A,64,.,.,.,THR,N,384,393,7.32399,0,1.31474,0,1,1
A,63,.,.,.,ARG,C,A,64,.,.,.,THR,CA,384,394,1.60441,0,2.4452,0,1,0
A,63,.,.,.,ARG,C,A,64,.,.,.,THR,C,384,395,0.255915,0,3.34191,0,1,0
A,63,.,.,.,ARG,C,A,64,.,.,.,THR,O,384,396,0.582118,0,3.50694,0,1,0
A,63,.,.,.,ARG,C,A,64,.,.,.,THR,CG2,384,399,0.105414,0,3.86678,0,1,0
A,63,.,.,.,ARG,C,A,197,.,.,.,LYS,CB,384,1473,0.590675,0,4.34987,0.40212,5,0
A,63,.,.,.,ARG,O,A,63,.,.,.,ARG,CG,385,387,8.45808,5.46737,2.93614,0,0,0
A,63,.,.,.,ARG,O,A,64,.,.,.,THR,CA,385,394,5.68585,1.48133,2.75561,0,1,0
A,63,.,.,.,ARG,O,A,64,.,.,.,THR,C,385,395,0.0554358,0,3.52047,0,1,0
A,63,.,.,.,ARG,O,A,64,.,.,.,THR,CG2,385,399,0.128687,0.289493,4.27503,0,1,0
A,63,.,.,.,ARG,O,A,197,.,.,.,LYS,CB,385,1473,9.20119,3.5024,3.55077,6.85794,5,0
A,63,.,.,.,ARG,O,A,197,.,.,.,LYS,CG,385,1474,4.36036,3.28619,4.03224,3.26921,5,0
A,63,.,.,.,ARG,CB,A,63,.,.,.,ARG,CG,386,387,11.5069,1.96431,1.50131,0,0,1
A,63,.,.,.,ARG,CB,A,63,.,.,.,ARG,CD,386,388,5.06785,3.12136,2.49428,0,0,0
A,63,.,.,.,ARG,CB,A,63,.,.,.,ARG,NE,386,389,7.06704,3.41076,2.88754,0,0,0
A,63,.,.,.,ARG,CB,A,63,.,.,.,ARG,CZ,386,390,0.45636,0,3.88146,0,0,0
A,63,.,.,.,ARG,CB,A,64,.,.,.,THR,N,386,393,0.881176,0,3.29111,0,1,0
A,63,.,.,.,ARG,CB,A,64,.,.,.,THR,CG2,386,399,0.0342496,0,4.83427,0,1,0
A,63,.,.,.,ARG,CG,A,63,.,.,.,ARG,CD,387,388,17.8558,7.34617,1.4982,0,0,1
A,63,.,.,.,ARG,CG,A,63,.,.,.,ARG,NE,387,389,0.614554,0,2.45576,0,0,0
A,63,.,.,.,ARG,CG,A,63,.,.,.,ARG,CZ,387,390,1.21041,0,3.33311,0,0,0
A,63,.,.,.,ARG,CG,A,63,.,.,.,ARG,NH1,387,391,2.20189,0.768907,3.55209,0,0,0
A,63,.,.,.,ARG,CG,A,64,.,.,.,THR,N,387,393,0.389835,0,3.52286,0,1,0
A,63,.,.,.,ARG,CG,A,64,.,.,.,THR,CA,387,394,0.0135138,0,4.44808,0,1,0
A,63,.,.,.,ARG,CG,A,64,.,.,.,THR,CG2,387,399,5.68204,1.64862,4.38011,0,1,0
A,63,.,.,.,ARG,CD,A,63,.,.,.,ARG,NE,388,389,12.094,4.74417,1.43995,0,0,1
A,63,.,.,.,ARG,CD,A,63,.,.,.,ARG,CZ,388,390,3.19811,1.46337,2.44317,0,0,0
A,63,.,.,.,ARG,CD,A,63,.,.,.,ARG,NH1,388,391,7.50951,4.41009,2.81334,0,0,0
A,63,.,.,.,ARG,NE,A,63,.,.,.,ARG,CZ,389,390,11.2486,2.12723,1.32144,0,0,1
A,63,.,.,.,ARG,NE,A,63,.,.,.,ARG,NH2,389,392,5.87167,4.90846,2.27738,0,0,0
A,63,.,.,.,ARG,CZ,A,63,.,.,.,ARG,NH1,390,391,13.0456,3.02129,1.31875,0,0,1
A,63,.,.,.,ARG,CZ,A,63,.,.,.,ARG,NH2,390,392,15.3623,3.88731,1.31527,0,0,1
A,63,.,.,.,ARG,CZ,A,64,.,.,.,THR,CG2,390,399,0.0774706,0,4.79424,0,1,0
A,63,.,.,.,ARG,NH1,A,63,.,.,.,ARG,NH2,391,392,5.43869,4.41702,2.27644,0,0,0
A,63,.,.,.,ARG,NH1,A,64,.,.,.,THR,CG2,391,399,7.99012,4.68841,4.22572,0,1,0
A,64,.,.,.,THR,N,A,64,.,.,.,THR,CA,393,394,6.41577,0,1.45336,0,0,1
A,64,.,.,.,THR,N,A,64,.,.,.,THR,C,393,395,0.263348,0,2.46684,0,0,0
A,64,.,.,.,THR,N,A,64,.,.,.,THR,O,393,396,2.7135,0,2.75565,0,0,0
A,64,.,.,.,THR,N,A,64,.,.,.,THR,CB,393,397,1.4144,0,2.44431,0,0,0
A,64,.,.,.,THR,N,A,64,.,.,.,THR,OG1,393,398,1.61643,0,2.74616,0,0,0
A,64,.,.,.,THR,N,A,64,.,.,.,THR,CG2,393,399,1.96211,0,3.01292,0,0,0
A,64,.,.,.,THR,CA,A,64,.,.,.,THR,C,394,395,7.68809,0,1.52626,0,0,1
A,64,.,.,.,THR,CA,A,64,.,.,.,THR,O,394,396,0.0942112,0,2.4255,0,0,0
A,64,.,.,.,THR,CA,A,64,.,.,.,THR,CB,394,397,8.51114,0.644417,1.52856,0,0,1
A,64,.,.,.,THR,CA,A,64,.,.,.,THR,OG1,394,398,0.441346,0,2.41495,0,0,0
A,64,.,.,.,THR,CA,A,64,.,.,.,THR,CG2,394,399,5.32964,2.45011,2.49152,0,0,0
A,64,.,.,.,THR,CA,A,65,.,.,.,LEU,N,394,400,4.13914,1.25045,2.40198,0,1,0
A,64,.,.,.,THR,CA,A,197,.,.,.,LYS,CB,394,1473,0.145751,0,4.61449,0.103567,5,0
A,64,.,.,.,THR,CA,A,197,.,.,.,LYS,CG,394,1474,2.6059,1.57584,4.70791,1.17645,5,0
A,64,.,.,.,THR,C,A,64,.,.,.,THR,O,395,396,8.58761,0,1.23356,0,0,1
A,64,.,.,.,THR,C,A,64,.,.,.,THR,CB,395,397,2.2966,0,2.50219,0,0,0
A,64,.,.,.,THR,C,A,64,.,.,.,THR,OG1,395,398,0.923256,0,3.02924,0,0,0
A,64,.,.,.,THR,C,A,65,.,.,.,LEU,N,395,400,6.81924,0,1.32517,0,1,1
A,64,.,.,.,THR,C,A,65,.,.,.,LEU,CA,395,401,1.52387,0,2.4244,0,1,0
A,64,.,.,.,THR,C,A,65,.,.,.,LEU,C,395,402,1.20259,0,3.16669,0,1,0
A,64,.,.,.,THR,C,A,66,.,.,.,HIS,ND1,395,414,0.650161,0,4.21892,-0.0866834,2,0
A,64,.,.,.,THR,C,A,66,.,.,.,HIS,CE1,395,416,0.0934694,0,4.36086,-0.0359979,2,0
A,64,.,.,.,THR,C,A,197,.,.,.,LYS,CB,395,1473,2.44497,0,4.08304,2.69781,5,0
A,64,.,.,.,THR,C,A,197,.,.,.,LYS,CG,395,1474,0.549622,0,4.25071,0.378538,5,0
A,64,.,.,.,THR,O,A,64,.,.,.,THR,OG1,396,398,0.148062,0,3.50472,0,0,0
A,64,.,.,.,THR,O,A,65,.,.,.,LEU,CA,396,401,2.91275,0,2.75834,0,1,0
A,64,.,.,.,THR,O,A,65,.,.,.,LEU,C,396,402,0.348071,0,3.30819,0,1,0
A,64,.,.,.,THR,O,A,66,.,.,.,HIS,N,396,408,0.839844,0,3.54608,0.540542,2,0
A,64,.,.,.,THR,O,A,66,.,.,.,HIS,CG,396,413,0.0989215,0,4.14583,-0.0221204,2,0
A,64,.,.,.,THR,O,A,66,.,.,.,HIS,ND1,396,414,1.29234,0,3.64472,-0.279342,2,0
A,64,.,.,.,THR,O,A,66,.,.,.,HIS,CE1,396,416,3.13258,0,3.67755,-1.12347,2,0
A,64,.,.,.,THR,O,A,66,.,.,.,HIS,NE2,396,417,0.000367713,0,4.1564,-5.7791e-05,2,0
A,64,.,.,.,THR,O,A,197,.,.,.,LYS,C,396,1471,0.0326634,0,4.7626,0.0493375,5,0
A,64,.,.,.,THR,O,A,197,.,.,.,LYS,CB,396,1473,3.02969,0,4.04724,0.0173085,5,0
A,64,.,.,.,THR,O,A,198,.,.,.,TRP,N,396,1478,0.0253869,0,5.02649,0.0122126,5,0
A,64,.,.,.,THR,O,A,201,.,.,.,ASN,ND2,396,1513,8.09521,0,2.87637,-4.27253,5,0
A,64,.,.,.,THR,CB,A,64,.,.,.,THR,OG1,397,398,12.3985,2.56564,1.43405,0,0,1
A,64,.,.,.,THR,CB,A,64,.,.,.,THR,CG2,397,399,17.045,6.5044,1.51389,0,0,1
A,64,.,.,.,THR,CB,A,65,.,.,.,LEU,N,397,400,6.79231,3.07718,2.98672,0,1,0
A,64,.,.,.,THR,CB,A,65,.,.,.,LEU,C,397,402,0.221786,0,4.59503,0,1,0
A,64,.,.,.,THR,CB,A,65,.,.,.,LEU,O,397,403,4.79243,3.58212,4.452,0,1,0
A,64,.,.,.,THR,CB,A,66,.,.,.,HIS,ND1,397,414,0.0142267,0,4.92067,-0.0193354,2,0
A,64,.,.,.,THR,OG1,A,65,.,.,.,LEU,C,398,402,0.000462461,0,4.75472,0,1,0
A,64,.,.,.,THR,OG1,A,65,.,.,.,LEU,O,398,403,0.480713,0.65223,4.60391,0,1,0
A,64,.,.,.,THR,OG1,A,66,.,.,.,HIS,ND1,398,414,2.86742,0.758387,3.99714,-1.79025,2,0
A,64,.,.,.,THR,OG1,A,66,.,.,.,HIS,CE1,398,416,4.39904,0,3.74659,-2.20359,2,0
A,65,.,.,.,LEU,N,A,65,.,.,.,LEU,CA,400,401,6.8828,0,1.45294,0,0,1
A,65,.,.,.,LEU,N,A,65,.,.,.,LEU,C,400,402,1.15247,0,2.4263,0,0,0
A,65,.,.,.,LEU,N,A,65,.,.,.,LEU,O,400,403,2.81643,0.744883,2.87987,0,0,0
A,65,.,.,.,LEU,N,A,65,.,.,.,LEU,CB,400,404,7.08339,3.64071,2.43318,0,0,0
A,65,.,.,.,LEU,N,A,197,.,.,.,LYS,CB,400,1473,0.0272825,0,4.31398,0.0439035,5,0
A,65,.,.,.,LEU,N,A,197,.,.,.,LYS,CG,400,1474,3.70992,1.02439,4.06642,7.732,5,0
A,65,.,.,.,LEU,CA,A,65,.,.,.,LEU,C,401,402,6.24875,0,1.52249,0,0,1
A,65,.,.,.,LEU,CA,A,65,.,.,.,LEU,O,401,403,0.641117,0,2.39893,0,0,0
A,65,.,.,.,LEU,CA,A,65,.,.,.,LEU,CB,401,404,7.24169,0,1.52087,0,0,1
A,65,.,.,.,LEU,CA,A,65,.,.,.,LEU,CG,401,405,1.76157,0,2.56915,0,0,0
A,65,.,.,.,LEU,CA,A,65,.,.,.,LEU,CD1,401,406,3.48995,0,3.09784,0,0,0
A,65,.,.,.,LEU,CA,A,66,.,.,.,HIS,N,401,408,2.50283,0,2.42377,0,1,0
A,65,.,.,.,LEU,CA,A,197,.,.,.,LYS,O,401,1472,6.72114e-05,0,5.27661,5.7803e-05,5,0
A,65,.,.,.,LEU,CA,A,197,.,.,.,LYS,CB,401,1473,1.18123,0,4.57272,1.21318,5,0
A,65,.,.,.,LEU,CA,A,197,.,.,.,LYS,CG,401,1474,0.739075,0,4.33676,0.644005,5,0
A,65,.,.,.,LEU,CA,A,201,.,.,.,ASN,CG,401,1511,0.276966,0,4.38502,-0.00329629,5,0
A,65,.,.,.,LEU,CA,A,201,.,.,.,ASN,OD1,401,1512,1.6398,0,3.71334,0.670343,5,0
A,65,.,.,.,LEU,CA,A,201,.,.,.,ASN,ND2,401,1513,0.69459,0,4.19836,0.542482,5,0
A,65,.,.,.,LEU,C,A,65,.,.,.,LEU,O,402,403,8.76924,0,1.23524,0,0,1
A,65,.,.,.,LEU,C,A,65,.,.,.,LEU,CB,402,404,1.90539,0,2.50736,0,0,0
A,65,.,.,.,LEU,C,A,65,.,.,.,LEU,CG,402,405,1.64182,0,3.29949,0,0,0
A,65,.,.,.,LEU,C,A,66,.,.,.,HIS,N,402,408,7.28435,0,1.32485,0,1,1
A,65,.,.,.,LEU,C,A,66,.,.,.,HIS,CA,402,409,1.60666,0,2.42367,0,1,0
A,65,.,.,.,LEU,C,A,66,.,.,.,HIS,C,402,410,0.991412,0,3.25908,0,1,0
A,65,.,.,.,LEU,C,A,66,.,.,.,HIS,O,402,411,0.123929,0,3.63277,0,1,0
A,65,.,.,.,LEU,C,A,66,.,.,.,HIS,ND1,402,414,1.60262,0,3.70536,0,1,0
A,65,.,.,.,LEU,C,A,188,.,.,.,GLN,CG,402,1409,0.560734,0,4.90786,-0.00311552,5,0
A,65,.,.,.,LEU,C,A,188,.,.,.,GLN,NE2,402,1412,0.000481477,0,4.06312,4.76303e-05,5,0
A,65,.,.,.,LEU,O,A,65,.,.,.,LEU,CB,403,404,3.04239,0.634236,3.02259,0,0,0
A,65,.,.,.,LEU,O,A,66,.,.,.,HIS,CA,403,409,5.56487,1.66425,2.7613,0,1,0
A,65,.,.,.,LEU,O,A,66,.,.,.,HIS,C,403,410,0.709094,0,3.41891,0,1,0
A,65,.,.,.,LEU,O,A,66,.,.,.,HIS,ND1,403,414,1.61919,1.15583,3.98818,0,1,0
A,65,.,.,.,LEU,O,A,67,.,.,.,LYS,N,403,418,0.785066,0.287715,3.91944,0.833638,2,0
A,65,.,.,.,LEU,O,A,67,.,.,.,LYS,CG,403,423,0.0370972,0.210314,5.22912,0.0118352,2,0
A,65,.,.,.,LEU,O,A,188,.,.,.,GLN,CG,403,1409,0.0692336,0,4.45258,0.0263032,5,0
A,65,.,.,.,LEU,O,A,188,.,.,.,GLN,NE2,403,1412,12.5251,5.40757,3.09089,-4.75926,5,0
A,65,.,.,.,LEU,CB,A,65,.,.,.,LEU,CG,404,405,8.35569,0,1.51952,0,0,1
A,65,.,.,.,LEU,CB,A,65,.,.,.,LEU,CD1,404,406,1.85075,0,2.51031,0,0,0
A,65,.,.,.,LEU,CB,A,65,.,.,.,LEU,CD2,404,407,9.23332,2.60879,2.42887,0,0,0
A,65,.,.,.,LEU,CB,A,167,.,.,.,ILE,CD1,404,1254,0.0510735,0.551369,5.76763,-0.0523463,5,0
A,65,.,.,.,LEU,CB,A,188,.,.,.,GLN,CG,404,1409,0.768005,0,4.87593,0.0871662,5,0
A,65,.,.,.,LEU,CB,A,188,.,.,.,GLN,NE2,404,1412,3.97628,2.39611,4.58102,-0.0952363,5,0
A,65,.,.,.,LEU,CB,A,190,.,.,.,ASP,OD1,404,1426,0.211722,0.778438,5.62171,0.125939,5,0
A,65,.,.,.,LEU,CB,A,197,.,.,.,LYS,CG,404,1474,4.40053,0.885222,4.207,0.212352,5,0
A,65,.,.,.,LEU,CB,A,197,.,.,.,LYS,CE,404,1476,1.52581,1.12543,5.20762,0.806484,5,0
A,65,.,.,.,LEU,CG,A,65,.,.,.,LEU,CD1,405,406,12.5333,0.960449,1.52528,0,0,1
A,65,.,.,.,LEU,CG,A,65,.,.,.,LEU,CD2,405,407,11.6887,0,1.50205,0,0,1
A,65,.,.,.,LEU,CG,A,66,.,.,.,HIS,N,405,408,1.68813,0,3.7914,0,1,0
A,65,.,.,.,LEU,CG,A,66,.,.,.,HIS,O,405,411,5.04384,1.98806,4.56918,0,1,0
A,65,.,.,.,LEU,CG,A,188,.,.,.,GLN,CA,405,1405,0.269702,0,5.75143,0.122436,5,0
A,65,.,.,.,LEU,CG,A,188,.,.,.,GLN,CG,405,1409,2.96917,0,4.7005,0.633775,5,0
A,65,.,.,.,LEU,CG,A,189,.,.,.,VAL,N,405,1413,1.29705,0.867557,5.03725,0.59247,5,0
A,65,.,.,.,LEU,CG,A,189,.,.,.,VAL,O,405,1416,1.84506,0.948705,3.9614,-1.16182,5,0
A,65,.,.,.,LEU,CG,A,197,.,.,.,LYS,CE,405,1476,0.00111068,0,5.32688,0.000303455,5,0
A,65,.,.,.,LEU,CG,A,200,.,.,.,VAL,CG1,405,1504,0.0924149,0.523338,4.97319,-0.138244,5,0
A,65,.,.,.,LEU,CG,A,201,.,.,.,ASN,OD1,405,1512,1.35548,0.249191,4.19508,0.0501283,5,0
A,65,.,.,.,LEU,CD1,A,65,.,.,.,LEU,CD2,406,407,4.76323,0,2.49953,0,0,0
A,65,.,.,.,LEU,CD1,A,189,.,.,.,VAL,O,406,1416,1.40858,0,4.11213,0.550829,5,0
A,65,.,.,.,LEU,CD1,A,190,.,.,.,ASP,CA,406,1421,0.00347693,0,4.82384,0.0013229,5,0
A,65,.,.,.,LEU,CD1,A,190,.,.,.,ASP,OD2,406,1427,0.160586,0,5.17913,0.0883695,5,0
A,65,.,.,.,LEU,CD1,A,191,.,.,.,PRO,CD,406,1434,3.80461,0,4.71528,-1.22878,5,0
A,65,.,.,.,LEU,CD1,A,197,.,.,.,LYS,CA,406,1470,2.16044,0,4.31691,-0.248053,5,0
A,65,.,.,.,LEU,CD1,A,197,.,.,.,LYS,O,406,1472,2.68162,0,4.04744,0.563924,5,0
A,65,.,.,.,LEU,CD1,A,197,.,.,.,LYS,CB,406,1473,1.59728,0,4.2163,0.378002,5,0
A,65,.,.,.,LEU,CD1,A,197,.,.,.,LYS,CG,406,1474,4.59225,0,3.83168,-2.51432,5,0
A,65,.,.,.,LEU,CD1,A,197,.,.,.,LYS,CD,406,1475,2.21781,0,4.39655,0.170017,5,0
A,65,.,.,.,LEU,CD1,A,197,.,.,.,LYS,CE,406,1476,1.77825,0,4.74075,0.718291,5,0
A,65,.,.,.,LEU,CD1,A,200,.,.,.,VAL,CB,406,1503,5.02929,0,3.94383,-6.68035,5,0
A,65,.,.,.,LEU,CD1,A,200,.,.,.,VAL,CG1,406,1504,7.71275,0.992543,3.85276,-14.7105,5,0
A,65,.,.,.,LEU,CD1,A,200,.,.,.,VAL,CG2,406,1505,1.10617,0,4.60076,-0.613257,5,0
A,65,.,.,.,LEU,CD1,A,201,.,.,.,ASN,N,406,1506,0.252275,0,4.89345,0.216464,5,0
A,65,.,.,.,LEU,CD1,A,201,.,.,.,ASN,CG,406,1511,0.185897,0,4.65635,-0.151426,5,0
A,65,.,.,.,LEU,CD1,A,201,.,.,.,ASN,OD1,406,1512,5.98489,0.499274,3.77906,0.824491,5,0
A,65,.,.,.,LEU,CD2,A,167,.,.,.,ILE,CD1,407,1254,7.88179,1.87392,4.23435,-16.8894,5,0
A,65,.,.,.,LEU,CD2,A,188,.,.,.,GLN,C,407,1406,0.0948105,0,4.80168,-0.0252471,5,0
A,65,.,.,.,LEU,CD2,A,188,.,.,.,GLN,CG,407,1409,4.29614,0,4.43171,-2.69606,5,0
A,65,.,.,.,LEU,CD2,A,188,.,.,.,GLN,CD,407,1410,0.00623808,0,5.30401,-0.00639254,5,0
A,65,.,.,.,LEU,CD2,A,188,.,.,.,GLN,NE2,407,1412,0.0669739,0,5.23547,0.00284047,5,0
A,65,.,.,.,LEU,CD2,A,189,.,.,.,VAL,N,407,1413,2.58148,0,4.27422,0.612724,5,0
A,65,.,.,.,LEU,CD2,A,189,.,.,.,VAL,CA,407,1414,0.0220504,0,4.32608,-0.0045761,5,0
A,65,.,.,.,LEU,CD2,A,189,.,.,.,VAL,C,407,1415,2.94713,0,3.33839,0.37176,5,0
A,65,.,.,.,LEU,CD2,A,189,.,.,.,VAL,O,407,1416,3.71694,0,3.16376,-0.870274,5,0
A,65,.,.,.,LEU,CD2,A,190,.,.,.,ASP,N,407,1420,1.1173,0,3.41875,1.3179,5,0
A,65,.,.,.,LEU,CD2,A,190,.,.,.,ASP,CA,407,1421,4.24878,0,3.35704,0.676482,5,0
A,65,.,.,.,LEU,CD2,A,190,.,.,.,ASP,CB,407,1424,5.20915,0.294324,3.55101,-2.76308,5,0
A,65,.,.,.,LEU,CD2,A,190,.,.,.,ASP,CG,407,1425,2.79423,0,4.047,-1.0693,5,0
A,65,.,.,.,LEU,CD2,A,190,.,.,.,ASP,OD1,407,1426,1.31797,1.22905,4.53331,0.615487,5,0
A,65,.,.,.,LEU,CD2,A,190,.,.,.,ASP,OD2,407,1427,0.0661459,0,4.47979,0.0308898,5,0
A,65,.,.,.,LEU,CD2,A,191,.,.,.,PRO,CD,407,1434,0.289682,0,4.76817,0.00401887,5,0
A,65,.,.,.,LEU,CD2,A,197,.,.,.,LYS,CE,407,1476,1.28016,0,5.19358,0.0166497,5,0
A,66,.,.,.,HIS,N,A,66,.,.,.,HIS,CA,408,409,6.52044,0,1.4544,0,0,1
A,66,.,.,.,HIS,N,A,66,.,.,.,HIS,C,408,410,0.723053,0,2.45407,0,0,0
A,66,.,.,.,HIS,N,A,66,.,.,.,HIS,O,408,411,2.44386,0,2.80455,0,0,0
A,66,.,.,.,HIS,N,A,66,.,.,.,HIS,CB,408,412,1.25176,0,2.45148,0,0,0
A,66,.,.,.,HIS,N,A,66,.,.,.,HIS,CG,408,413,1.22019,0,3.00391,0,0,0
A,66,.,.,.,HIS,N,A,66,.,.,.,HIS,ND1,408,414,0.943573,0,3.1959,0,0,0
A,66,.,.,.,HIS,N,A,201,.,.,.,ASN,CG,408,1511,0.456322,0,3.51369,-0.0202527,5,0
A,66,.,.,.,HIS,N,A,201,.,.,.,ASN,OD1,408,1512,4.92905,0,2.77411,-0.549884,5,0
A,66,.,.,.,HIS,N,A,201,.,.,.,ASN,ND2,408,1513,0.936392,0,3.63758,0.716713,5,0
A,66,.,.,.,HIS,CA,A,66,.,.,.,HIS,C,409,410,6.75159,0,1.522,0,0,1
A,66,.,.,.,HIS,CA,A,66,.,.,.,HIS,O,409,411,0.629187,0,2.40453,0,0,0
A,66,.,.,.,HIS,CA,A,66,.,.,.,HIS,CB,409,412,9.62673,0,1.5299,0,0,1
A,66,.,.,.,HIS,CA,A,66,.,.,.,HIS,CG,409,413,0.440899,0,2.52996,0,0,0
A,66,.,.,.,HIS,CA,A,66,.,.,.,HIS,ND1,409,414,5.01974,0.78614,2.90583,0,0,0
A,66,.,.,.,HIS,CA,A,67,.,.,.,LYS,N,409,418,6.36198,1.57676,2.41462,0,1,0
A,66,.,.,.,HIS,CA,A,201,.,.,.,ASN,OD1,409,1512,0.0736328,0,3.61259,0.0125363,5,0
A,66,.,.,.,HIS,C,A,66,.,.,.,HIS,O,410,411,8.40262,0,1.23497,0,0,1
A,66,.,.,.,HIS,C,A,66,.,.,.,HIS,CB,410,412,2.69588,0,2.4998,0,0,0
A,66,.,.,.,HIS,C,A,67,.,.,.,LYS,N,410,418,7.48596,0,1.32931,0,1,1
A,66,.,.,.,HIS,C,A,67,.,.,.,LYS,CA,410,419,1.33436,0,2.42307,0,1,0
A,66,.,.,.,HIS,C,A,67,.,.,.,LYS,C,410,420,1.08966,0,3.056,0,1,0
A,66,.,.,.,HIS,C,A,67,.,.,.,LYS,O,410,421,0.357345,0,3.36221,0,1,0
A,66,.,.,.,HIS,C,A,68,.,.,.,ILE,CD1,410,434,0.685484,0,4.24984,-0.00499337,2,0
A,66,.,.,.,HIS,C,A,188,.,.,.,GLN,CG,410,1409,1.62609,0,4.46936,1.53818,5,0
A,66,.,.,.,HIS,C,A,188,.,.,.,GLN,NE2,410,1412,0.38778,0,4.48077,0.471595,5,0
A,66,.,.,.,HIS,O,A,66,.,.,.,HIS,CB,411,412,0.82739,0,3.18387,0,0,0
A,66,.,.,.,HIS,O,A,67,.,.,.,LYS,CA,411,419,3.24237,0,2.77904,0,1,0
A,66,.,.,.,HIS,O,A,67,.,.,.,LYS,C,411,420,0.656139,0,3.20887,0,1,0
A,66,.,.,.,HIS,O,A,68,.,.,.,ILE,N,411,427,0.468129,0,3.68213,0.450759,2,0
A,66,.,.,.,HIS,O,A,68,.,.,.,ILE,CG1,411,432,7.0649,3.03873,3.75614,0.968584,2,0
A,66,.,.,.,HIS,O,A,68,.,.,.,ILE,CD1,411,434,2.59974,0,3.79799,0.10325,2,0
A,66,.,.,.,HIS,O,A,187,.,.,.,ALA,O,411,1402,0.832622,0,4.3864,0.876692,5,0
A,66,.,.,.,HIS,O,A,188,.,.,.,GLN,CA,411,1405,4.03502,1.3101,4.62971,-0.912262,5,0
A,66,.,.,.,HIS,O,A,188,.,.,.,GLN,CB,411,1408,0.0520758,0,4.67148,0.00416564,5,0
A,66,.,.,.,HIS,O,A,188,.,.,.,GLN,CG,411,1409,2.22694,0,4.29469,-0.0381313,5,0
A,66,.,.,.,HIS,O,A,189,.,.,.,VAL,N,411,1413,0.0902542,0.533349,5.56054,0.0852194,5,0
A,66,.,.,.,HIS,O,A,201,.,.,.,ASN,OD1,411,1512,3.85097,1.28608,3.83805,1.54256,5,0
A,66,.,.,.,HIS,CB,A,66,.,.,.,HIS,CG,412,413,10.9897,0,1.49599,0,0,1
A,66,.,.,.,HIS,CB,A,66,.,.,.,HIS,ND1,412,414,0.598109,0,2.52152,0,0,0
A,66,.,.,.,HIS,CB,A,66,.,.,.,HIS,CD2,412,415,2.19039,0,2.5976,0,0,0
A,66,.,.,.,HIS,CB,A,67,.,.,.,LYS,N,412,418,1.37993,0,3.27165,0,1,0
A,66,.,.,.,HIS,CB,A,67,.,.,.,LYS,O,412,421,2.14474,0,4.08184,0,1,0
A,66,.,.,.,HIS,CB,A,68,.,.,.,ILE,CD1,412,434,5.61813,0,4.33126,-6.26731,2,0
A,66,.,.,.,HIS,CB,A,201,.,.,.,ASN,CB,412,1510,1.6318,0,4.56751,-0.181569,5,0
A,66,.,.,.,HIS,CB,A,201,.,.,.,ASN,CG,412,1511,2.59321,0,3.73761,-1.04533,5,0
A,66,.,.,.,HIS,CB,A,201,.,.,.,ASN,OD1,412,1512,2.15924,0,3.50131,-0.923533,5,0
A,66,.,.,.,HIS,CB,A,205,.,.,.,GLN,NE2,412,1543,0.00396693,0,5.87019,-3.49726e-06,5,0
A,66,.,.,.,HIS,CG,A,66,.,.,.,HIS,ND1,413,414,7.58373,0,1.37927,0,0,1
A,66,.,.,.,HIS,CG,A,66,.,.,.,HIS,CD2,413,415,9.31596,0,1.3546,0,0,1
A,66,.,.,.,HIS,CG,A,66,.,.,.,HIS,CE1,413,416,1.50578,0,2.20421,0,0,0
A,66,.,.,.,HIS,CG,A,201,.,.,.,ASN,CG,413,1511,0.552329,0,3.69664,-0.357729,5,0
A,66,.,.,.,HIS,CG,A,201,.,.,.,ASN,ND2,413,1513,1.73579,0,3.38004,0.295226,5,0
A,66,.,.,.,HIS,ND1,A,66,.,.,.,HIS,CE1,414,416,8.88087,0,1.32143,0,0,1
A,66,.,.,.,HIS,ND1,A,201,.,.,.,ASN,ND2,414,1513,1.00494e-05,0,3.8855,-5.09344e-06,5,0
A,66,.,.,.,HIS,CD2,A,66,.,.,.,HIS,CE1,415,416,0.989954,0,2.19646,0,0,0
A,66,.,.,.,HIS,CD2,A,66,.,.,.,HIS,NE2,415,417,9.75847,0,1.37516,0,0,1
A,66,.,.,.,HIS,CD2,A,201,.,.,.,ASN,CB,415,1510,4.28046,0.651068,4.16478,-0.94082,5,0
A,66,.,.,.,HIS,CD2,A,201,.,.,.,ASN,CG,415,1511,1.05855,0,3.63326,-1.08011,5,0
A,66,.,.,.,HIS,CD2,A,201,.,.,.,ASN,ND2,415,1513,3.45169,0,3.14462,-0.804805,5,0
A,66,.,.,.,HIS,CD2,A,205,.,.,.,GLN,NE2,415,1543,0.595975,0.747946,5.66701,-0.130837,5,0
A,66,.,.,.,HIS,CE1,A,66,.,.,.,HIS,NE2,416,417,8.39562,0,1.32182,0,0,1
A,66,.,.,.,HIS,CE1,A,201,.,.,.,ASN,ND2,416,1513,0.482863,0,3.98661,-0.214403,5,0
A,66,.,.,.,HIS,NE2,A,201,.,.,.,ASN,ND2,417,1513,1.4536,0,3.56415,-1.03617,5,0
A,67,.,.,.,LYS,N,A,67,.,.,.,LYS,CA,418,419,6.83902,0,1.45266,0,0,1
A,67,.,.,.,LYS,N,A,67,.,.,.,LYS,C,418,420,0.406163,0,2.43501,0,0,0
A,67,.,.,.,LYS,N,A,67,.,.,.,LYS,O,418,421,2.07066,0,2.79444,0,0,0
A,67,.,.,.,LYS,N,A,67,.,.,.,LYS,CB,418,422,1.53154,0,2.44517,0,0,0
A,67,.,.,.,LYS,N,A,67,.,.,.,LYS,CG,418,423,6.37619,1.50805,2.88626,0,0,0
A,67,.,.,.,LYS,N,A,188,.,.,.,GLN,CG,418,1409,0.506069,0,4.40186,0.836021,5,0
A,67,.,.,.,LYS,N,A,188,.,.,.,GLN,CD,418,1410,0.0309749,0,4.53893,0.0105187,5,0
A,67,.,.,.,LYS,N,A,188,.,.,.,GLN,NE2,418,1412,1.36861,0,4.2567,1.60583,5,0
A,67,.,.,.,LYS,CA,A,67,.,.,.,LYS,C,419,420,6.3016,0,1.52385,0,0,1
A,67,.,.,.,LYS,CA,A,67,.,.,.,LYS,O,419,421,0.608502,0,2.4036,0,0,0
A,67,.,.,.,LYS,CA,A,67,.,.,.,LYS,CB,419,422,8.8882,0,1.52552,0,0,1
A,67,.,.,.,LYS,CA,A,67,.,.,.,LYS,CG,419,423,1.80903,0,2.54915,0,0,0
A,67,.,.,.,LYS,CA,A,68,.,.,.,ILE,N,419,427,2.94181,0,2.42222,0,1,0
A,67,.,.,.,LYS,CA,A,187,.,.,.,ALA,O,419,1402,3.34546,0,3.57643,0.861443,5,0
A,67,.,.,.,LYS,CA,A,188,.,.,.,GLN,CA,419,1405,0.508907,0,4.64603,0.586199,5,0
A,67,.,.,.,LYS,CA,A,188,.,.,.,GLN,CB,419,1408,2.69871,0,4.21681,2.30714,5,0
A,67,.,.,.,LYS,CA,A,188,.,.,.,GLN,CG,419,1409,0.785673,0,4.4027,0.568947,5,0
A,67,.,.,.,LYS,C,A,67,.,.,.,LYS,O,420,421,7.38507,0,1.2322,0,0,1
A,67,.,.,.,LYS,C,A,67,.,.,.,LYS,CB,420,422,2.78819,0,2.50334,0,0,0
A,67,.,.,.,LYS,C,A,68,.,.,.,ILE,N,420,427,7.38503,0,1.33178,0,1,1
A,67,.,.,.,LYS,C,A,68,.,.,.,ILE,CA,420,428,1.25368,0,2.46465,0,1,0
A,67,.,.,.,LYS,C,A,68,.,.,.,ILE,CG1,420,432,0.285322,0,3.55451,0,1,0
A,67,.,.,.,LYS,C,A,68,.,.,.,ILE,CD1,420,434,1.61791,0,3.51265,0,1,0
A,67,.,.,.,LYS,O,A,67,.,.,.,LYS,CB,421,422,0.702803,0,3.15424,0,0,0
A,67,.,.,.,LYS,O,A,68,.,.,.,ILE,CA,421,428,2.75151,0,2.82562,0,1,0
A,67,.,.,.,LYS,O,A,68,.,.,.,ILE,CD1,421,434,3.21976,0,3.35428,0,1,0
A,67,.,.,.,LYS,CB,A,67,.,.,.,LYS,CG,422,423,9.13676,0,1.52189,0,0,1
A,67,.,.,.,LYS,CB,A,67,.,.,.,LYS,CD,422,424,3.23884,0,2.5307,0,0,0
A,67,.,.,.,LYS,CB,A,67,.,.,.,LYS,CE,422,425,3.76845,0,3.16165,0,0,0
A,67,.,.,.,LYS,CB,A,68,.,.,.,ILE,N,422,427,1.09172,0,3.31342,0,1,0
A,67,.,.,.,LYS,CB,A,186,.,.,.,LEU,CD1,422,1397,4.16756,0,4.46705,-2.58974,5,0
A,67,.,.,.,LYS,CB,A,187,.,.,.,ALA,C,422,1401,0.278426,0,4.9633,0.125825,5,0
A,67,.,.,.,LYS,CB,A,187,.,.,.,ALA,O,422,1402,1.3541,0,4.15835,0.433026,5,0
A,67,.,.,.,LYS,CB,A,188,.,.,.,GLN,CB,422,1408,0.896243,0,4.40108,0.541178,5,0
A,67,.,.,.,LYS,CG,A,67,.,.,.,LYS,CD,423,424,12.5105,1.42568,1.53146,0,0,1
A,67,.,.,.,LYS,CG,A,67,.,.,.,LYS,CE,423,425,2.87384,0,2.5181,0,0,0
A,67,.,.,.,LYS,CG,A,188,.,.,.,GLN,CB,423,1408,3.10297,0,3.9606,-0.157333,5,0
A,67,.,.,.,LYS,CG,A,188,.,.,.,GLN,CG,423,1409,0.40952,0,4.04147,0.0564916,5,0
A,67,.,.,.,LYS,CG,A,188,.,.,.,GLN,CD,423,1410,3.92272,0,3.5414,-1.05827,5,0
A,67,.,.,.,LYS,CG,A,188,.,.,.,GLN,OE1,423,1411,1.14345,0,3.65124,-0.13821,5,0
A,67,.,.,.,LYS,CG,A,188,.,.,.,GLN,NE2,423,1412,6.1089,2.4958,3.70174,1.11862,5,0
A,67,.,.,.,LYS,CD,A,67,.,.,.,LYS,CE,424,425,11.3979,0,1.52368,0,0,1
A,67,.,.,.,LYS,CD,A,67,.,.,.,LYS,NZ,424,426,6.91745,3.94972,2.51035,0,0,0
A,67,.,.,.,LYS,CD,A,188,.,.,.,GLN,CD,424,1410,0.000671818,0,4.31583,-0.000679067,5,0
A,67,.,.,.,LYS,CD,A,188,.,.,.,GLN,OE1,424,1411,2.60757,1.26812,3.98647,-1.11785,5,0
A,67,.,.,.,LYS,CD,A,188,.,.,.,GLN,NE2,424,1412,0.55089,1.16193,4.56878,-0.0195227,5,0
A,67,.,.,.,LYS,CE,A,67,.,.,.,LYS,NZ,425,426,10.2982,0,1.49408,0,0,1
A,67,.,.,.,LYS,CE,A,168,.,.,.,GLN,CB,425,1259,0.00766415,0,5.34999,0.00288433,5,0
A,67,.,.,.,LYS,CE,A,168,.,.,.,GLN,OE1,425,1262,5.32435,0,3.19649,-2.8308,5,0
A,67,.,.,.,LYS,CE,A,186,.,.,.,LEU,CG,425,1396,0.862404,0,4.9092,0.235622,5,0
A,67,.,.,.,LYS,CE,A,186,.,.,.,LEU,CD1,425,1397,6.55428,0,4.35474,1.23846,5,0
A,67,.,.,.,LYS,CE,A,186,.,.,.,LEU,CD2,425,1398,0.281123,0,5.04496,0.0670037,5,0
A,67,.,.,.,LYS,CE,A,187,.,.,.,ALA,C,425,1401,0.974827,0,5.61956,0.4175,5,0
A,67,.,.,.,LYS,CE,A,188,.,.,.,GLN,N,425,1404,0.0292444,0,5.63934,0.0454581,5,0
A,67,.,.,.,LYS,CE,A,188,.,.,.,GLN,CB,425,1408,4.05526,0,4.57483,1.58219,5,0
A,67,.,.,.,LYS,CE,A,188,.,.,.,GLN,OE1,425,1411,0.530305,0,4.07058,-0.188926,5,0
A,67,.,.,.,LYS,NZ,A,167,.,.,.,ILE,CG2,426,1253,1.21428,1.56911,5.68142,0.991838,5,0
A,67,.,.,.,LYS,NZ,A,168,.,.,.,GLN,CB,426,1259,4.18174,1.38665,4.50669,1.89872,5,0
A,67,.,.,.,LYS,NZ,A,168,.,.,.,GLN,CD,426,1261,0.781781,1.85897,3.70408,-0.609886,5,0
A,67,.,.,.,LYS,NZ,A,168,.,.,.,GLN,OE1,426,1262,9.03932,0.804917,2.58283,-4.9391,5,0
A,67,.,.,.,LYS,NZ,A,188,.,.,.,GLN,CB,426,1408,0.739993,0,4.80514,0.335994,5,0
A,67,.,.,.,LYS,NZ,A,188,.,.,.,GLN,OE1,426,1411,7.77579,2.47109,3.69901,-4.24871,5,0
A,68,.,.,.,ILE,N,A,68,.,.,.,ILE,CA,427,428,6.27355,0,1.45897,0,0,1
A,68,.,.,.,ILE,N,A,68,.,.,.,ILE,C,427,429,1.35559,0,2.4106,0,0,0
A,68,.,.,.,ILE,N,A,68,.,.,.,ILE,O,427,430,2.14779,0,2.72731,0,0,0
A,68,.,.,.,ILE,N,A,68,.,.,.,ILE,CB,427,431,1.63132,0,2.48125,0,0,0
A,68,.,.,.,ILE,N,A,68,.,.,.,ILE,CG1,427,432,2.57099,0,2.90135,0,0,0
A,68,.,.,.,ILE,N,A,68,.,.,.,ILE,CD1,427,434,0.0601963,0,3.35842,0,0,0
A,68,.,.,.,ILE,N,A,186,.,.,.,LEU,CD1,427,1397,1.06154,0,4.61722,0.209509,5,0
A,68,.,.,.,ILE,N,A,187,.,.,.,ALA,O,427,1402,5.57333,0,2.9026,-6.82281,5,0
A,68,.,.,.,ILE,CA,A,68,.,.,.,ILE,C,428,429,6.50095,0,1.52166,0,0,1
A,68,.,.,.,ILE,CA,A,68,.,.,.,ILE,O,428,430,0.450211,0,2.398,0,0,0
A,68,.,.,.,ILE,CA,A,68,.,.,.,ILE,CB,428,431,6.69819,0,1.54582,0,0,1
A,68,.,.,.,ILE,CA,A,68,.,.,.,ILE,CG1,428,432,0.352327,0,2.52765,0,0,0
A,68,.,.,.,ILE,CA,A,68,.,.,.,ILE,CG2,428,433,1.61655,0,2.54207,0,0,0
A,68,.,.,.,ILE,CA,A,68,.,.,.,ILE,CD1,428,434,3.09105,0,2.97924,0,0,0
A,68,.,.,.,ILE,CA,A,69,.,.,.,LYS,N,428,435,2.39083,0,2.42463,0,1,0
A,68,.,.,.,ILE,CA,A,187,.,.,.,ALA,O,428,1402,0.0104471,0,3.80447,0.00590268,5,0
A,68,.,.,.,ILE,C,A,68,.,.,.,ILE,O,429,430,8.88015,0,1.23501,0,0,1
A,68,.,.,.,ILE,C,A,68,.,.,.,ILE,CB,429,431,2.45568,0,2.52508,0,0,0
A,68,.,.,.,ILE,C,A,68,.,.,.,ILE,CG2,429,433,1.79542,0,3.03257,0,0,0
A,68,.,.,.,ILE,C,A,69,.,.,.,LYS,N,429,435,7.10197,0,1.32866,0,1,1
A,68,.,.,.,ILE,C,A,69,.,.,.,LYS,CA,429,436,2.33678,0,2.44674,0,1,0
A,68,.,.,.,ILE,C,A,69,.,.,.,LYS,CB,429,439,0.407018,0,3.41191,0,1,0
A,68,.,.,.,ILE,C,A,185,.,.,.,TYR,CD2,429,1386,0.375584,0,5.4499,-0.235415,5,0
A,68,.,.,.,ILE,C,A,185,.,.,.,TYR,CE2,429,1388,0.0841514,0,5.48053,-0.0279555,5,0
A,68,.,.,.,ILE,C,A,186,.,.,.,LEU,CD1,429,1397,0.65208,0,4.12496,-0.432606,5,0
A,68,.,.,.,ILE,O,A,68,.,.,.,ILE,CB,430,431,1.75891,0,3.20313,0,0,0
A,68,.,.,.,ILE,O,A,69,.,.,.,LYS,CA,430,436,3.29553,0,2.79869,0,1,0
A,68,.,.,.,ILE,O,A,69,.,.,.,LYS,CB,430,439,0.00747349,0,3.70333,0,1,0
A,68,.,.,.,ILE,O,A,185,.,.,.,TYR,O,430,1382,0.454215,0,3.9393,0.279053,5,0
A,68,.,.,.,ILE,O,A,185,.,.,.,TYR,CD2,430,1386,0.930436,0,4.92509,-0.502261,5,0
A,68,.,.,.,ILE,O,A,185,.,.,.,TYR,CE2,430,1388,0.817945,0,4.95311,-0.251916,5,0
A,68,.,.,.,ILE,O,A,186,.,.,.,LEU,CA,430,1392,3.30716,0,3.39439,-3.55371,5,0
A,68,.,.,.,ILE,O,A,186,.,.,.,LEU,CD1,430,1397,5.21559,0,3.24775,-2.1902,5,0
A,68,.,.,.,ILE,O,A,187,.,.,.,ALA,N,430,1399,5.61456,0,2.97154,-6.62019,5,0
A,68,.,.,.,ILE,O,A,187,.,.,.,ALA,O,430,1402,1.55761,0,3.40112,0.78943,5,0
A,68,.,.,.,ILE,CB,A,68,.,.,.,ILE,CG1,431,432,12.2382,1.60171,1.5304,0,0,1
A,68,.,.,.,ILE,CB,A,68,.,.,.,ILE,CG2,431,433,12.7881,0.696745,1.52546,0,0,1
A,68,.,.,.,ILE,CB,A,68,.,.,.,ILE,CD1,431,434,1.00733,0,2.56953,0,0,0
A,68,.,.,.,ILE,CB,A,185,.,.,.,TYR,CE2,431,1388,3.86617,1.3959,5.37338,-3.36209,5,0
A,68,.,.,.,ILE,CB,A,187,.,.,.,ALA,N,431,1399,0.183106,0,5.12016,0.125284,5,0
A,68,.,.,.,ILE,CB,A,187,.,.,.,ALA,O,431,1402,3.73125,0.168607,3.98049,-2.7682,5,0
A,68,.,.,.,ILE,CB,A,187,.,.,.,ALA,CB,431,1403,2.95925,1.80551,5.53294,-2.89765,5,0
A,68,.,.,.,ILE,CB,A,204,.,.,.,SER,CB,431,1533,1.07933,1.60914,5.37062,-0.321674,5,0
A,68,.,.,.,ILE,CG1,A,68,.,.,.,ILE,CG2,432,433,3.39878,0,2.5135,0,0,0
A,68,.,.,.,ILE,CG1,A,68,.,.,.,ILE,CD1,432,434,12.4949,0,1.5261,0,0,1
A,68,.,.,.,ILE,CG1,A,187,.,.,.,ALA,O,432,1402,2.42756,1.75135,4.36873,-0.401511,5,0
A,68,.,.,.,ILE,CG1,A,188,.,.,.,GLN,CA,432,1405,0.0161534,0.220455,6.21221,0.00647841,5,0
A,68,.,.,.,ILE,CG1,A,201,.,.,.,ASN,CA,432,1507,0.296487,0.0671691,5.6006,0.0864818,5,0
A,68,.,.,.,ILE,CG1,A,201,.,.,.,ASN,OD1,432,1512,0.214727,0.264605,5.60243,-0.0133205,5,0
A,68,.,.,.,ILE,CG1,A,204,.,.,.,SER,CB,432,1533,1.87057,1.7768,4.60657,-0.502026,5,0
A,68,.,.,.,ILE,CG1,A,204,.,.,.,SER,OG,432,1534,11.7065,3.03111,3.48007,0.482062,5,0
A,68,.,.,.,ILE,CG1,A,205,.,.,.,GLN,N,432,1535,0.269549,0,5.10678,0.223938,5,0
A,68,.,.,.,ILE,CG1,A,205,.,.,.,GLN,CA,432,1536,0.0238443,0,5.47774,0.00698466,5,0
A,68,.,.,.,ILE,CG2,A,68,.,.,.,ILE,CD1,433,434,4.02527,0,3.1666,0,0,0
A,68,.,.,.,ILE,CG2,A,69,.,.,.,LYS,N,433,435,3.85196,0,3.22014,0,1,0
A,68,.,.,.,ILE,CG2,A,69,.,.,.,LYS,CA,433,436,0.188538,0,4.34813,0,1,0
A,68,.,.,.,ILE,CG2,A,69,.,.,.,LYS,C,433,437,2.0161,0,4.42097,0,1,0
A,68,.,.,.,ILE,CG2,A,69,.,.,.,LYS,O,433,438,1.04288,0,4.33865,0,1,0
A,68,.,.,.,ILE,CG2,A,70,.,.,.,CYS,N,433,444,0.0680233,0,5.11407,0.0286494,2,0
A,68,.,.,.,ILE,CG2,A,70,.,.,.,CYS,CB,433,448,2.88838,0,5.43621,-3.81575,2,0
A,68,.,.,.,ILE,CG2,A,185,.,.,.,TYR,CD2,433,1386,1.30773,0,5.5951,-1.39848,5,0
A,68,.,.,.,ILE,CG2,A,185,.,.,.,TYR,CE2,433,1388,4.46189,1.4262,5.29794,-5.92186,5,0
A,68,.,.,.,ILE,CG2,A,204,.,.,.,SER,C,433,1531,1.14499,0,4.9696,0.388866,5,0
A,68,.,.,.,ILE,CG2,A,204,.,.,.,SER,O,433,1532,2.84907,0.626649,4.67759,0.0029532,5,0
A,68,.,.,.,ILE,CG2,A,204,.,.,.,SER,CB,433,1533,1.36246,0.828604,5.35912,0.451946,5,0
A,68,.,.,.,ILE,CG2,A,204,.,.,.,SER,OG,433,1534,0.325012,0,4.64385,-0.00786315,5,0
A,68,.,.,.,ILE,CG2,A,205,.,.,.,GLN,N,433,1535,0.231922,0,5.01396,0.212206,5,0
A,68,.,.,.,ILE,CG2,A,205,.,.,.,GLN,CA,433,1536,3.61212,0,4.87804,0.603483,5,0
A,68,.,.,.,ILE,CG2,A,205,.,.,.,GLN,CG,433,1540,1.51202,0,4.99386,-0.579264,5,0
A,68,.,.,.,ILE,CG2,A,208,.,.,.,ALA,CB,433,1567,7.3354,0.761121,4.91519,-10.7682,5,0
A,68,.,.,.,ILE,CD1,A,201,.,.,.,ASN,CA,434,1507,3.09486,0,5.12256,-0.226549,5,0
A,68,.,.,.,ILE,CD1,A,201,.,.,.,ASN,O,434,1509,2.40978,0,4.56859,0.243686,5,0
A,68,.,.,.,ILE,CD1,A,201,.,.,.,ASN,CB,434,1510,1.3205,0,5.39983,0.264918,5,0
A,68,.,.,.,ILE,CD1,A,201,.,.,.,ASN,OD1,434,1512,0.988021,0,5.13358,0.0191635,5,0
A,68,.,.,.,ILE,CD1,A,204,.,.,.,SER,OG,434,1534,1.49723,0,4.11228,-0.0497457,5,0
A,68,.,.,.,ILE,CD1,A,205,.,.,.,GLN,N,434,1535,0.423562,0,5.19347,0.30868,5,0
A,68,.,.,.,ILE,CD1,A,205,.,.,.,GLN,CA,434,1536,0.4291,0,5.34226,-0.121425,5,0
A,68,.,.,.,ILE,CD1,A,205,.,.,.,GLN,CB,434,1539,0.469495,0,5.17596,0.0365667,5,0
A,68,.,.,.,ILE,CD1,A,205,.,.,.,GLN,CG,434,1540,2.43967,0,4.63813,-1.25942,5,0
A,68,.,.,.,ILE,CD1,A,205,.,.,.,GLN,NE2,434,1543,4.65372,0,4.13586,-0.705313,5,0
A,69,.,.,.,LYS,N,A,69,.,.,.,LYS,CA,435,436,7.22736,0,1.45692,0,0,1
A,69,.,.,.,LYS,N,A,69,.,.,.,LYS,C,435,437,1.45551,0,2.41493,0,0,0
A,69,.,.,.,LYS,N,A,69,.,.,.,LYS,O,435,438,1.58612,0,2.79763,0,0,0
A,69,.,.,.,LYS,N,A,69,.,.,.,LYS,CB,435,439,2.58344,0,2.4705,0,0,0
A,69,.,.,.,LYS,CA,A,69,.,.,.,LYS,C,436,437,6.91658,0,1.51946,0,0,1
A,69,.,.,.,LYS,CA,A,69,.,.,.,LYS,O,436,438,0.638473,0,2.39247,0,0,0
A,69,.,.,.,LYS,CA,A,69,.,.,.,LYS,CB,436,439,8.90969,0,1.53131,0,0,1
A,69,.,.,.,LYS,CA,A,69,.,.,.,LYS,CG,436,440,2.00993,0,2.54546,0,0,0
A,69,.,.,.,LYS,CA,A,70,.,.,.,CYS,N,436,444,2.44842,0,2.43098,0,1,0
A,69,.,.,.,LYS,CA,A,185,.,.,.,TYR,O,436,1382,4.29155,0,3.25402,-1.8855,5,0
A,69,.,.,.,LYS,CA,A,185,.,.,.,TYR,CD2,436,1386,0.462613,0,5.36845,-0.217538,5,0
A,69,.,.,.,LYS,CA,A,186,.,.,.,LEU,CA,436,1392,1.41853,0,4.45011,1.64216,5,0
A,69,.,.,.,LYS,CA,A,186,.,.,.,LEU,CB,436,1395,0.0115143,0,4.96148,0.00882782,5,0
A,69,.,.,.,LYS,CA,A,186,.,.,.,LEU,CD1,436,1397,0.417914,0,4.62743,-0.0479832,5,0
A,69,.,.,.,LYS,C,A,69,.,.,.,LYS,O,437,438,8.32605,0,1.23457,0,0,1
A,69,.,.,.,LYS,C,A,69,.,.,.,LYS,CB,437,439,1.21873,0,2.50361,0,0,0
A,69,.,.,.,LYS,C,A,69,.,.,.,LYS,CG,437,440,2.23788,0,2.99079,0,0,0
A,69,.,.,.,LYS,C,A,70,.,.,.,CYS,N,437,444,7.75876,0,1.3275,0,1,1
A,69,.,.,.,LYS,C,A,70,.,.,.,CYS,CA,437,445,1.91405,0,2.42582,0,1,0
A,69,.,.,.,LYS,C,A,70,.,.,.,CYS,CB,437,448,1.38113,0,3.35492,0,1,0
A,69,.,.,.,LYS,O,A,69,.,.,.,LYS,CB,438,439,1.19133,0,3.09005,0,0,0
A,69,.,.,.,LYS,O,A,70,.,.,.,CYS,CA,438,445,3.36569,0,2.75137,0,1,0
A,69,.,.,.,LYS,O,A,70,.,.,.,CYS,CB,438,448,0.825189,0,3.58855,0,1,0
A,69,.,.,.,LYS,CB,A,69,.,.,.,LYS,CG,439,440,9.34914,0,1.51712,0,0,1
A,69,.,.,.,LYS,CB,A,69,.,.,.,LYS,CD,439,441,2.36113,0,2.52706,0,0,0
A,69,.,.,.,LYS,CB,A,69,.,.,.,LYS,CE,439,442,3.63506,0,3.03197,0,0,0
A,69,.,.,.,LYS,CB,A,186,.,.,.,LEU,CA,439,1392,0.000547974,0,4.97612,0.000595226,5,0
A,69,.,.,.,LYS,CB,A,186,.,.,.,LEU,CB,439,1395,0.326957,0,5.02197,-0.0426833,5,0
A,69,.,.,.,LYS,CB,A,186,.,.,.,LEU,CD1,439,1397,3.40422,0,4.48391,-2.1154,5,0
A,69,.,.,.,LYS,CG,A,69,.,.,.,LYS,CD,440,441,10.7708,0,1.52103,0,0,1
A,69,.,.,.,LYS,CG,A,69,.,.,.,LYS,CE,440,442,3.72049,0,2.51137,0,0,0
A,69,.,.,.,LYS,CG,A,70,.,.,.,CYS,N,440,444,3.23435,0,3.37333,0,1,0
A,69,.,.,.,LYS,CG,A,70,.,.,.,CYS,CA,440,445,0.164066,0,4.46785,0,1,0
A,69,.,.,.,LYS,CG,A,70,.,.,.,CYS,C,440,446,0.949087,0,4.69526,0,1,0
A,69,.,.,.,LYS,CG,A,71,.,.,.,ARG,N,440,450,0.200382,0,5.16197,0.344281,2,0
A,69,.,.,.,LYS,CG,A,71,.,.,.,ARG,CB,440,454,0.542273,0,5.6382,0.427857,2,0
A,69,.,.,.,LYS,CG,A,184,.,.,.,THR,CG2,440,1378,9.38032,0,3.68707,-3.94,5,0
A,69,.,.,.,LYS,CG,A,185,.,.,.,TYR,O,440,1382,2.30264,0,3.8983,0.520712,5,0
A,69,.,.,.,LYS,CG,A,186,.,.,.,LEU,CA,440,1392,0.0612141,0,5.12166,0.0533399,5,0
A,69,.,.,.,LYS,CG,A,186,.,.,.,LEU,CB,440,1395,3.46413,0,4.98193,0.167165,5,0
A,69,.,.,.,LYS,CG,A,186,.,.,.,LEU,CD1,440,1397,0.326608,0,5.06511,0.0346002,5,0
A,69,.,.,.,LYS,CD,A,69,.,.,.,LYS,CE,441,442,10.3227,0,1.5104,0,0,1
A,69,.,.,.,LYS,CD,A,69,.,.,.,LYS,NZ,441,443,6.55333,1.8411,2.44818,0,0,0
A,69,.,.,.,LYS,CD,A,71,.,.,.,ARG,CB,441,454,0.639251,0,5.7157,0.576192,2,0
A,69,.,.,.,LYS,CD,A,71,.,.,.,ARG,CD,441,456,0.949563,1.36413,6.21649,0.413556,2,0
A,69,.,.,.,LYS,CD,A,184,.,.,.,THR,CG2,441,1378,5.32354,0.27748,4.08827,-0.753222,5,0
A,69,.,.,.,LYS,CE,A,69,.,.,.,LYS,NZ,442,443,9.96838,0,1.48359,0,0,1
A,69,.,.,.,LYS,CE,A,186,.,.,.,LEU,CB,442,1395,0.131112,0,5.75129,0.0693011,5,0
A,69,.,.,.,LYS,CE,A,186,.,.,.,LEU,CD1,442,1397,1.12868,0,5.25955,0.213269,5,0
A,69,.,.,.,LYS,CE,A,186,.,.,.,LEU,CD2,442,1398,1.67486,0,5.5344,0.0217831,5,0
A,70,.,.,.,CYS,N,A,70,.,.,.,CYS,CA,444,445,7.29336,0,1.45962,0,0,1
A,70,.,.,.,CYS,N,A,70,.,.,.,CYS,C,444,446,1.98131,0,2.4351,0,0,0
A,70,.,.,.,CYS,N,A,70,.,.,.,CYS,O,444,447,1.13937,0,2.88482,0,0,0
A,70,.,.,.,CYS,N,A,70,.,.,.,CYS,CB,444,448,3.71818,0,2.47233,0,0,0
A,70,.,.,.,CYS,N,A,184,.,.,.,THR,CG2,444,1378,0.304836,0,4.8476,0.185858,5,0
A,70,.,.,.,CYS,N,A,185,.,.,.,TYR,O,444,1382,6.18722,0,2.72688,-10.4242,5,0
A,70,.,.,.,CYS,N,A,185,.,.,.,TYR,CB,444,1383,0.0152266,0,4.68825,0.00387418,5,0
A,70,.,.,.,CYS,N,A,185,.,.,.,TYR,CD2,444,1386,1.28451,0,4.52638,0.683299,5,0
A,70,.,.,.,CYS,CA,A,70,.,.,.,CYS,C,445,446,6.80338,0,1.52264,0,0,1
A,70,.,.,.,CYS,CA,A,70,.,.,.,CYS,O,445,447,0.736467,0,2.39869,0,0,0
A,70,.,.,.,CYS,CA,A,70,.,.,.,CYS,CB,445,448,9.0763,0,1.5327,0,0,1
A,70,.,.,.,CYS,CA,A,70,.,.,.,CYS,SG,445,449,1.56218,0,2.8045,0,0,0
A,70,.,.,.,CYS,CA,A,71,.,.,.,ARG,N,445,450,2.96038,0,2.42037,0,1,0
A,70,.,.,.,CYS,CA,A,185,.,.,.,TYR,CB,445,1383,0.00505153,0,4.9075,-0.000439018,5,0
A,70,.,.,.,CYS,C,A,70,.,.,.,CYS,O,446,447,8.46702,0,1.23507,0,0,1
A,70,.,.,.,CYS,C,A,70,.,.,.,CYS,CB,446,448,1.79741,0,2.52081,0,0,0
A,70,.,.,.,CYS,C,A,70,.,.,.,CYS,SG,446,449,1.64291,0,3.32147,0,0,0
A,70,.,.,.,CYS,C,A,71,.,.,.,ARG,N,446,450,8.57003,0,1.32879,0,1,1
A,70,.,.,.,CYS,C,A,71,.,.,.,ARG,CA,446,451,2.16359,0,2.45844,0,1,0
A,70,.,.,.,CYS,C,A,71,.,.,.,ARG,C,446,452,0.109098,0,3.45236,0,1,0
A,70,.,.,.,CYS,C,A,71,.,.,.,ARG,CB,446,454,0.136844,0,3.52336,0,1,0
A,70,.,.,.,CYS,C,A,184,.,.,.,THR,CG2,446,1378,1.52371,0,4.55374,-1.1792,5,0
A,70,.,.,.,CYS,C,A,212,.,.,.,MET,CE,446,1596,1.0332,0,4.4632,-0.817227,5,0
A,70,.,.,.,CYS,O,A,70,.,.,.,CYS,CB,447,448,1.70224,0,3.05592,0,0,0
A,70,.,.,.,CYS,O,A,71,.,.,.,ARG,CA,447,451,2.99683,0,2.83176,0,1,0
A,70,.,.,.,CYS,O,A,183,.,.,.,ILE,O,447,1367,0.975426,0,3.84296,0.0404588,5,0
A,70,.,.,.,CYS,O,A,184,.,.,.,THR,CA,447,1373,2.84817,0,3.41425,-2.99097,5,0
A,70,.,.,.,CYS,O,A,184,.,.,.,THR,CG2,447,1378,1.30805,0,4.03667,-0.34472,5,0
A,70,.,.,.,CYS,O,A,185,.,.,.,TYR,N,447,1379,5.78477,0,2.69185,-9.06028,5,0
A,70,.,.,.,CYS,O,A,185,.,.,.,TYR,CA,447,1380,0.0411735,0,3.61702,0.0144331,5,0
A,70,.,.,.,CYS,O,A,185,.,.,.,TYR,O,447,1382,0.799648,0,3.47543,0.0241926,5,0
A,70,.,.,.,CYS,O,A,185,.,.,.,TYR,CB,447,1383,2.32837,0,3.7117,-1.56288,5,0
A,70,.,.,.,CYS,O,A,212,.,.,.,MET,SD,447,1595,0.169457,0,4.55116,-0.0272726,5,0
A,70,.,.,.,CYS,O,A,212,.,.,.,MET,CE,447,1596,4.3465,0,3.84988,-2.82511,5,0
A,70,.,.,.,CYS,CB,A,70,.,.,.,CYS,SG,448,449,12.079,0,1.82339,0,0,0
A,70,.,.,.,CYS,CB,A,185,.,.,.,TYR,O,448,1382,0.0259144,0,4.26743,-0.015635,5,0
A,70,.,.,.,CYS,CB,A,185,.,.,.,TYR,CB,448,1383,2.23235,0,4.60374,-3.12258,5,0
A,70,.,.,.,CYS,CB,A,185,.,.,.,TYR,CD2,448,1386,8.07908,0.138409,4.32524,-9.44299,5,0
A,70,.,.,.,CYS,CB,A,208,.,.,.,ALA,CB,448,1567,7.17402,0.125182,4.46889,-7.30108,5,0
A,70,.,.,.,CYS,CB,A,212,.,.,.,MET,CG,448,1594,2.53039,0.115825,4.2411,-1.95159,5,0
A,70,.,.,.,CYS,CB,A,212,.,.,.,MET,SD,448,1595,2.75555,0,4.54557,-4.76721,5,0
A,70,.,.,.,CYS,CB,A,212,.,.,.,MET,CE,448,1596,0.327014,0,4.78014,-0.215333,5,0
A,70,.,.,.,CYS,SG,A,71,.,.,.,ARG,N,449,450,2.06442,0,3.66367,0,1,0
A,70,.,.,.,CYS,SG,A,71,.,.,.,ARG,C,449,452,0.815719,0,4.80322,0,1,0
A,70,.,.,.,CYS,SG,A,71,.,.,.,ARG,O,449,453,1.2047,0,4.47893,0,1,0
A,70,.,.,.,CYS,SG,A,72,.,.,.,MET,CB,449,465,0.361629,0,5.78387,-0.534672,2,0
A,70,.,.,.,CYS,SG,A,208,.,.,.,ALA,C,449,1565,1.76531,0,4.34645,-0.440518,5,0
A,70,.,.,.,CYS,SG,A,208,.,.,.,ALA,O,449,1566,0.242053,0,4.34053,0.0344727,5,0
A,70,.,.,.,CYS,SG,A,208,.,.,.,ALA,CB,449,1567,3.6824,0,4.28878,-4.59766,5,0
A,70,.,.,.,CYS,SG,A,209,.,.,.,PRO,N,449,1568,0.940672,0,4.42026,-0.645862,5,0
A,70,.,.,.,CYS,SG,A,209,.,.,.,PRO,CA,449,1569,2.56519,0,4.53139,-1.71618,5,0
A,70,.,.,.,CYS,SG,A,212,.,.,.,MET,CG,449,1594,9.57082,0,3.54006,-14.7243,5,0
A,70,.,.,.,CYS,SG,A,212,.,.,.,MET,SD,449,1595,0.00956554,0,4.48017,-0.00730966,5,0
A,70,.,.,.,CYS,SG,A,212,.,.,.,MET,CE,449,1596,1.66391,0,4.59369,-0.760106,5,0
A,71,.,.,.,ARG,N,A,71,.,.,.,ARG,CA,450,451,7.02048,0,1.45394,0,0,1
A,71,.,.,.,ARG,N,A,71,.,.,.,ARG,C,450,452,1.68354,0,2.42547,0,0,0
A,71,.,.,.,ARG,N,A,71,.,.,.,ARG,O,450,453,1.92148,0,2.78878,0,0,0
A,71,.,.,.,ARG,N,A,71,.,.,.,ARG,CB,450,454,3.69952,0,2.44758,0,0,0
A,71,.,.,.,ARG,CA,A,71,.,.,.,ARG,C,451,452,7.0131,0,1.52311,0,0,1
A,71,.,.,.,ARG,CA,A,71,.,.,.,ARG,O,451,453,0.623143,0,2.40068,0,0,0
A,71,.,.,.,ARG,CA,A,71,.,.,.,ARG,CB,451,454,8.90561,0,1.53255,0,0,1
A,71,.,.,.,ARG,CA,A,71,.,.,.,ARG,CG,451,455,2.14339,0,2.58427,0,0,0
A,71,.,.,.,ARG,CA,A,72,.,.,.,MET,N,451,461,2.41724,0,2.43056,0,1,0
A,71,.,.,.,ARG,CA,A,183,.,.,.,ILE,O,451,1367,3.22428,0,3.44438,-1.66994,5,0
A,71,.,.,.,ARG,CA,A,184,.,.,.,THR,CA,451,1373,2.25454,0,4.2443,0.221971,5,0
A,71,.,.,.,ARG,CA,A,184,.,.,.,THR,CB,451,1376,0.196515,0,4.7196,0.0447788,5,0
A,71,.,.,.,ARG,CA,A,184,.,.,.,THR,OG1,451,1377,0.00234622,0,4.39465,0.000968748,5,0
A,71,.,.,.,ARG,CA,A,184,.,.,.,THR,CG2,451,1378,0.536654,0,4.76835,0.0817259,5,0
A,71,.,.,.,ARG,CA,A,212,.,.,.,MET,CE,451,1596,0.414653,0,4.93652,-0.116538,5,0
A,71,.,.,.,ARG,C,A,71,.,.,.,ARG,O,452,453,9.48271,0,1.23554,0,0,1
A,71,.,.,.,ARG,C,A,71,.,.,.,ARG,CB,452,454,1.92606,0,2.51596,0,0,0
A,71,.,.,.,ARG,C,A,71,.,.,.,ARG,CG,452,455,2.63689,0,3.1361,0,0,0
A,71,.,.,.,ARG,C,A,72,.,.,.,MET,N,452,461,7.53063,0,1.33088,0,1,1
A,71,.,.,.,ARG,C,A,72,.,.,.,MET,CA,452,462,2.18904,0,2.42368,0,1,0
A,71,.,.,.,ARG,C,A,72,.,.,.,MET,CB,452,465,1.56687,0,3.31435,0,1,0
A,71,.,.,.,ARG,C,A,212,.,.,.,MET,CE,452,1596,1.0374,0,4.65693,-0.386578,5,0
A,71,.,.,.,ARG,O,A,71,.,.,.,ARG,CB,453,454,1.32602,0,3.14018,0,0,0
A,71,.,.,.,ARG,O,A,71,.,.,.,ARG,CG,453,455,0.104125,0.0131319,3.90611,0,0,0
A,71,.,.,.,ARG,O,A,72,.,.,.,MET,CA,453,462,2.91592,0,2.75131,0,1,0
A,71,.,.,.,ARG,O,A,72,.,.,.,MET,CB,453,465,0.994763,0,3.54062,0,1,0
A,71,.,.,.,ARG,CB,A,71,.,.,.,ARG,CG,454,455,10.5636,0,1.50785,0,0,1
A,71,.,.,.,ARG,CB,A,71,.,.,.,ARG,CD,454,456,5.45378,0,2.48154,0,0,0
A,71,.,.,.,ARG,CB,A,184,.,.,.,THR,CB,454,1376,0.429892,0,4.71105,-0.232504,5,0
A,71,.,.,.,ARG,CB,A,184,.,.,.,THR,OG1,454,1377,0.635545,0,4.03857,0.0186322,5,0
A,71,.,.,.,ARG,CB,A,184,.,.,.,THR,CG2,454,1378,3.74052,0,4.66639,-1.68024,5,0
A,71,.,.,.,ARG,CG,A,71,.,.,.,ARG,CD,455,456,9.93158,0,1.52382,0,0,1
A,71,.,.,.,ARG,CG,A,71,.,.,.,ARG,NE,455,457,1.19693,0,2.49815,0,0,0
A,71,.,.,.,ARG,CG,A,71,.,.,.,ARG,CZ,455,458,0.993451,0,3.24494,0,0,0
A,71,.,.,.,ARG,CG,A,71,.,.,.,ARG,NH1,455,459,5.82029,0.117142,3.31519,0,0,0
A,71,.,.,.,ARG,CG,A,72,.,.,.,MET,N,455,461,3.77456,0,3.46655,0,1,0
A,71,.,.,.,ARG,CG,A,72,.,.,.,MET,CA,455,462,0.260341,0,4.63359,0,1,0
A,71,.,.,.,ARG,CG,A,72,.,.,.,MET,C,455,463,0.507938,0,4.92785,0,1,0
A,71,.,.,.,ARG,CG,A,73,.,.,.,GLU,N,455,469,0.286698,0,5.4707,0.263165,2,0
A,71,.,.,.,ARG,CG,A,182,.,.,.,VAL,CG1,455,1362,7.52772,0,3.83597,-5.49065,5,0
A,71,.,.,.,ARG,CG,A,183,.,.,.,ILE,C,455,1366,0.152083,0,4.79077,-0.0402916,5,0
A,71,.,.,.,ARG,CG,A,183,.,.,.,ILE,O,455,1367,1.73349,0,4.09983,-0.0594047,5,0
A,71,.,.,.,ARG,CG,A,184,.,.,.,THR,CA,455,1373,0.104328,0,4.8016,0.0245291,5,0
A,71,.,.,.,ARG,CG,A,184,.,.,.,THR,OG1,455,1377,5.20769,0,3.59844,-1.78582,5,0
A,71,.,.,.,ARG,CD,A,71,.,.,.,ARG,NE,456,457,13.9941,5.00602,1.46196,0,0,1
A,71,.,.,.,ARG,CD,A,71,.,.,.,ARG,CZ,456,458,2.8344,1.38178,2.47118,0,0,0
A,71,.,.,.,ARG,CD,A,71,.,.,.,ARG,NH1,456,459,4.91275,0.566497,2.82352,0,0,0
A,71,.,.,.,ARG,CD,A,184,.,.,.,THR,OG1,456,1377,5.58586,2.30398,3.91984,-2.60482,5,0
A,71,.,.,.,ARG,CD,A,184,.,.,.,THR,CG2,456,1378,1.19976,0.936906,5.30045,-0.353616,5,0
A,71,.,.,.,ARG,NE,A,71,.,.,.,ARG,CZ,457,458,10.3616,2.21774,1.3318,0,0,1
A,71,.,.,.,ARG,NE,A,71,.,.,.,ARG,NH2,457,460,4.5728,2.88726,2.30703,0,0,0
A,71,.,.,.,ARG,NE,A,174,.,.,.,GLN,OE1,457,1310,3.07243,2.44416,5.17879,-2.86232,5,0
A,71,.,.,.,ARG,NE,A,182,.,.,.,VAL,CG1,457,1362,4.07681,0,3.63173,0.0985572,5,0
A,71,.,.,.,ARG,NE,A,184,.,.,.,THR,OG1,457,1377,1.29337,0.677885,4.37647,-0.800909,5,0
A,71,.,.,.,ARG,CZ,A,71,.,.,.,ARG,NH1,458,459,13.5089,3.0249,1.32817,0,0,1
A,71,.,.,.,ARG,CZ,A,71,.,.,.,ARG,NH2,458,460,14.9286,3.9046,1.32968,0,0,1
A,71,.,.,.,ARG,CZ,A,73,.,.,.,GLU,CG,458,474,0.12655,0,5.31974,-0.130541,2,0
A,71,.,.,.,ARG,CZ,A,182,.,.,.,VAL,CG1,458,1362,3.88008,0,3.67395,-2.97104,5,0
A,71,.,.,.,ARG,CZ,A,182,.,.,.,VAL,CG2,458,1363,0.0234882,0,4.74688,-0.0187065,5,0
A,71,.,.,.,ARG,NH1,A,71,.,.,.,ARG,NH2,459,460,3.39321,1.66247,2.2981,0,0,0
A,71,.,.,.,ARG,NH1,A,73,.,.,.,GLU,N,459,469,1.21916,0,5.52172,1.34177,2,0
A,71,.,.,.,ARG,NH1,A,73,.,.,.,GLU,CB,459,473,1.00843,0.225418,5.40633,-0.331275,2,0
A,71,.,.,.,ARG,NH1,A,73,.,.,.,GLU,CG,459,474,2.29577,0,4.87237,-1.14295,2,0
A,71,.,.,.,ARG,NH1,A,73,.,.,.,GLU,OE2,459,477,8.67099,5.00109,3.8821,-14.2175,2,0
A,71,.,.,.,ARG,NH1,A,182,.,.,.,VAL,CG1,459,1362,1.07029,0,4.29397,0.148223,5,0
A,71,.,.,.,ARG,NH2,A,73,.,.,.,GLU,CG,460,474,0.251936,0,5.13001,-0.11371,2,0
A,71,.,.,.,ARG,NH2,A,73,.,.,.,GLU,OE2,460,477,6.31613,3.95185,4.18529,-10.3563,2,0
A,71,.,.,.,ARG,NH2,A,174,.,.,.,GLN,OE1,460,1310,1.55311,2.27496,5.50348,-1.33806,5,0
A,71,.,.,.,ARG,NH2,A,182,.,.,.,VAL,CB,460,1361,0.760705,0.856406,4.47615,-0.180765,5,0
A,71,.,.,.,ARG,NH2,A,182,.,.,.,VAL,CG1,460,1362,4.0718,0,3.75716,-0.531374,5,0
A,71,.,.,.,ARG,NH2,A,182,.,.,.,VAL,CG2,460,1363,7.71081,3.86662,4.19791,-0.760059,5,0
A,72,.,.,.,MET,N,A,72,.,.,.,MET,CA,461,462,7.71865,0,1.45753,0,0,1
A,72,.,.,.,MET,N,A,72,.,.,.,MET,C,461,463,2.11089,0,2.45113,0,0,0
A,72,.,.,.,MET,N,A,72,.,.,.,MET,O,461,464,1.23149,0,2.90942,0,0,0
A,72,.,.,.,MET,N,A,72,.,.,.,MET,CB,461,465,2.79839,0,2.46521,0,0,0
A,72,.,.,.,MET,N,A,182,.,.,.,VAL,CG1,461,1362,0.75803,0,4.76002,0.356466,5,0
A,72,.,.,.,MET,N,A,183,.,.,.,ILE,O,461,1367,5.91951,0,2.90204,-9.57647,5,0
A,72,.,.,.,MET,N,A,183,.,.,.,ILE,CG2,461,1370,0.0500872,0,4.56468,0.0204405,5,0
A,72,.,.,.,MET,N,A,212,.,.,.,MET,CE,461,1596,1.19883,0,4.30417,0.015394,5,0
A,72,.,.,.,MET,CA,A,72,.,.,.,MET,C,462,463,6.70721,0,1.52041,0,0,1
A,72,.,.,.,MET,CA,A,72,.,.,.,MET,O,462,464,0.708118,0,2.3989,0,0,0
A,72,.,.,.,MET,CA,A,72,.,.,.,MET,CB,462,465,8.91774,0,1.52625,0,0,1
A,72,.,.,.,MET,CA,A,72,.,.,.,MET,CG,462,466,1.93833,0,2.52798,0,0,0
A,72,.,.,.,MET,CA,A,73,.,.,.,GLU,N,462,469,3.47085,0,2.41401,0,1,0
A,72,.,.,.,MET,CA,A,183,.,.,.,ILE,CG2,462,1370,0.0253804,0,4.65949,0.000771081,5,0
A,72,.,.,.,MET,C,A,72,.,.,.,MET,O,463,464,7.87674,0,1.23441,0,0,1
A,72,.,.,.,MET,C,A,72,.,.,.,MET,CB,463,465,0.575281,0,2.49162,0,0,0
A,72,.,.,.,MET,C,A,72,.,.,.,MET,CG,463,466,2.68779,0,2.82536,0,0,0
A,72,.,.,.,MET,C,A,73,.,.,.,GLU,N,463,469,7.98416,0,1.32682,0,1,1
A,72,.,.,.,MET,C,A,73,.,.,.,GLU,CA,463,470,1.61931,0,2.44181,0,1,0
A,72,.,.,.,MET,C,A,73,.,.,.,GLU,C,463,471,0.671826,0,3.18608,0,1,0
A,72,.,.,.,MET,C,A,74,.,.,.,CYS,SG,463,483,0.00895408,0,4.71282,-0.00724286,2,0
A,72,.,.,.,MET,C,A,182,.,.,.,VAL,CG1,463,1362,2.15906,0,4.40732,-1.48895,5,0
A,72,.,.,.,MET,O,A,72,.,.,.,MET,CB,464,465,1.0124,0,3.02611,0,0,0
A,72,.,.,.,MET,O,A,72,.,.,.,MET,CG,464,466,0.9317,0,3.34369,0,0,0
A,72,.,.,.,MET,O,A,73,.,.,.,GLU,CA,464,470,2.67892,0,2.80126,0,1,0
A,72,.,.,.,MET,O,A,73,.,.,.,GLU,C,464,471,0.373042,0,3.35989,0,1,0
A,72,.,.,.,MET,O,A,74,.,.,.,CYS,N,464,478,1.61915,0,3.62668,1.16808,2,0
A,72,.,.,.,MET,O,A,74,.,.,.,CYS,SG,464,483,3.17484,0,4.13754,-0.585548,2,0
A,72,.,.,.,MET,O,A,181,.,.,.,CYS,O,464,1354,0.000125813,0,4.37383,8.01267e-05,5,0
A,72,.,.,.,MET,O,A,182,.,.,.,VAL,CA,464,1358,3.43773,0,3.64712,-3.68717,5,0
A,72,.,.,.,MET,O,A,182,.,.,.,VAL,CG1,464,1362,2.1621,0,3.88459,-0.904696,5,0
A,72,.,.,.,MET,O,A,183,.,.,.,ILE,N,464,1364,4.40943,0,3.12199,-7.28059,5,0
A,72,.,.,.,MET,O,A,183,.,.,.,ILE,O,464,1367,0.855833,0,3.59674,0.107467,5,0
A,72,.,.,.,MET,O,A,183,.,.,.,ILE,CG2,464,1370,4.01757,0,3.60502,-1.42202,5,0
A,72,.,.,.,MET,CB,A,72,.,.,.,MET,CG,465,466,8.75243,0,1.51295,0,0,1
A,72,.,.,.,MET,CB,A,72,.,.,.,MET,SD,465,467,3.10499,0,2.7267,0,0,0
A,72,.,.,.,MET,CB,A,72,.,.,.,MET,CE,465,468,2.18222,0,3.25225,0,0,0
A,72,.,.,.,MET,CB,A,183,.,.,.,ILE,O,465,1367,0.0757476,0,4.2646,-0.0472524,5,0
A,72,.,.,.,MET,CB,A,183,.,.,.,ILE,CG2,465,1370,3.22772,0,4.19981,-4.24187,5,0
A,72,.,.,.,MET,CB,A,212,.,.,.,MET,CB,465,1593,2.1302,0,4.62728,-2.72621,5,0
A,72,.,.,.,MET,CB,A,212,.,.,.,MET,CG,465,1594,0.162056,0,5.08454,-0.172821,5,0
A,72,.,.,.,MET,CB,A,212,.,.,.,MET,CE,465,1596,7.0372,0,3.6659,-11.403,5,0
A,72,.,.,.,MET,CG,A,72,.,.,.,MET,SD,466,467,11.214,0,1.7896,0,0,1
A,72,.,.,.,MET,CG,A,72,.,.,.,MET,CE,466,468,2.43135,0,2.75885,0,0,0
A,72,.,.,.,MET,CG,A,73,.,.,.,GLU,N,466,469,2.81562,0,3.32733,0,1,0
A,72,.,.,.,MET,CG,A,73,.,.,.,GLU,C,466,471,1.11532,0,4.12115,0,1,0
A,72,.,.,.,MET,CG,A,73,.,.,.,GLU,O,466,472,5.49418,0.509065,3.85964,0,1,0
A,72,.,.,.,MET,CG,A,74,.,.,.,CYS,SG,466,483,4.81407,0,4.12816,-7.40625,2,0
A,72,.,.,.,MET,CG,A,183,.,.,.,ILE,CG2,466,1370,0.240753,0,4.70917,-0.169601,5,0
A,72,.,.,.,MET,CG,A,213,.,.,.,LYS,CE,466,1604,1.18766,0.114386,4.76304,0.194665,5,0
A,72,.,.,.,MET,CG,A,213,.,.,.,LYS,NZ,466,1605,2.76302,0.246094,4.63038,1.5554,5,0
A,72,.,.,.,MET,CG,A,216,.,.,.,TYR,CD1,466,1629,0.00592087,0,5.6896,-0.0070164,5,0
A,72,.,.,.,MET,SD,A,72,.,.,.,MET,CE,467,468,9.65454,0,1.79487,0,0,1
A,72,.,.,.,MET,SD,A,74,.,.,.,CYS,SG,467,483,1.3372,0,4.40528,-1.02184,2,0
A,72,.,.,.,MET,SD,A,212,.,.,.,MET,C,467,1591,1.82262,0,3.84117,-1.01911,5,0
A,72,.,.,.,MET,SD,A,212,.,.,.,MET,O,467,1592,1.7954,0,3.47717,-0.477012,5,0
A,72,.,.,.,MET,SD,A,212,.,.,.,MET,CB,467,1593,5.19313,0,3.97111,-9.18525,5,0
A,72,.,.,.,MET,SD,A,212,.,.,.,MET,CE,467,1596,0.0670343,0,4.53659,-0.076905,5,0
A,72,.,.,.,MET,SD,A,213,.,.,.,LYS,N,467,1597,0.675132,0,4.27927,0.316945,5,0
A,72,.,.,.,MET,SD,A,213,.,.,.,LYS,CA,467,1598,1.57697,0,4.39662,-0.553765,5,0
A,72,.,.,.,MET,SD,A,213,.,.,.,LYS,CG,467,1602,1.03337,0,4.6657,-0.193424,5,0
A,72,.,.,.,MET,SD,A,213,.,.,.,LYS,CD,467,1603,3.56181,0,4.1188,-1.8,5,0
A,72,.,.,.,MET,SD,A,213,.,.,.,LYS,CE,467,1604,2.441,0,4.20226,-0.470071,5,0
A,72,.,.,.,MET,SD,A,213,.,.,.,LYS,NZ,467,1605,2.58988,0,4.27567,1.67592,5,0
A,72,.,.,.,MET,SD,A,216,.,.,.,TYR,CB,467,1627,5.50341,0,3.85387,-9.59718,5,0
A,72,.,.,.,MET,SD,A,216,.,.,.,TYR,CG,467,1628,0.0331464,0,4.63321,-0.0744269,5,0
A,72,.,.,.,MET,SD,A,216,.,.,.,TYR,CD1,467,1629,0.744773,0,4.99217,-0.881536,5,0
A,72,.,.,.,MET,CE,A,74,.,.,.,CYS,SG,468,483,7.58771,0,3.76377,-12.1466,2,0
A,72,.,.,.,MET,CE,A,82,.,.,.,LEU,CD1,468,539,2.92789,0,5.47941,-4.81963,5,0
A,72,.,.,.,MET,CE,A,183,.,.,.,ILE,CG2,468,1370,7.93639,0,3.8089,-13.4042,5,0
A,72,.,.,.,MET,CE,A,212,.,.,.,MET,CA,468,1590,0.563462,0,4.47607,-0.244026,5,0
A,72,.,.,.,MET,CE,A,212,.,.,.,MET,C,468,1591,0.0139817,0,4.01449,-0.0139367,5,0
A,72,.,.,.,MET,CE,A,212,.,.,.,MET,O,468,1592,4.79642,0,3.28054,-4.27803,5,0
A,72,.,.,.,MET,CE,A,212,.,.,.,MET,CB,468,1593,1.56113,0,4.18613,-2.52964,5,0
A,72,.,.,.,MET,CE,A,212,.,.,.,MET,SD,468,1595,0.359931,0,4.86453,-0.41293,5,0
A,72,.,.,.,MET,CE,A,212,.,.,.,MET,CE,468,1596,4.81614,0,3.90244,-8.96645,5,0
A,72,.,.,.,MET,CE,A,215,.,.,.,MET,CB,468,1619,0.683381,0,5.17313,-0.68796,5,0
A,72,.,.,.,MET,CE,A,215,.,.,.,MET,CG,468,1620,0.747128,0,5.36661,-1.12491,5,0
A,72,.,.,.,MET,CE,A,215,.,.,.,MET,SD,468,1621,4.56875,0,5.10228,-9.37123,5,0
A,72,.,.,.,MET,CE,A,216,.,.,.,TYR,N,468,1623,1.24535,0,4.37408,0.043377,5,0
A,72,.,.,.,MET,CE,A,216,.,.,.,TYR,CA,468,1624,2.36464,0,4.40064,-0.335808,5,0
A,72,.,.,.,MET,CE,A,216,.,.,.,TYR,CB,468,1627,4.02252,0,3.83165,-6.23997,5,0
A,73,.,.,.,GLU,N,A,73,.,.,.,GLU,CA,469,470,7.61173,0,1.45343,0,0,1
A,73,.,.,.,GLU,N,A,73,.,.,.,GLU,C,469,471,0.963637,0,2.42049,0,0,0
A,73,.,.,.,GLU,N,A,73,.,.,.,GLU,O,469,472,2.40401,0,2.85845,0,0,0
A,73,.,.,.,GLU,N,A,73,.,.,.,GLU,CB,469,473,4.90744,0,2.44297,0,0,0
A,73,.,.,.,GLU,N,A,73,.,.,.,GLU,CG,469,474,0.0829581,0,3.5607,0,0,0
A,73,.,.,.,GLU,N,A,182,.,.,.,VAL,CG1,469,1362,0.4766,0,4.79111,0.372931,5,0
A,73,.,.,.,GLU,CA,A,73,.,.,.,GLU,C,470,471,6.43358,0,1.52234,0,0,1
A,73,.,.,.,GLU,CA,A,73,.,.,.,GLU,O,470,472,0.641858,0,2.39793,0,0,0
A,73,.,.,.,GLU,CA,A,73,.,.,.,GLU,CB,470,473,8.13357,0,1.52582,0,0,1
A,73,.,.,.,GLU,CA,A,73,.,.,.,GLU,CG,470,474,4.30065,0,2.54911,0,0,0
A,73,.,.,.,GLU,CA,A,74,.,.,.,CYS,N,470,478,3.82349,0,2.42621,0,1,0
A,73,.,.,.,GLU,CA,A,181,.,.,.,CYS,O,470,1354,0.88883,0,4.06647,0.674098,5,0
A,73,.,.,.,GLU,CA,A,182,.,.,.,VAL,CA,470,1358,1.25614,0,4.58965,0.877977,5,0
A,73,.,.,.,GLU,CA,A,182,.,.,.,VAL,CB,470,1361,0.1289,0,4.78978,0.0500967,5,0
A,73,.,.,.,GLU,CA,A,182,.,.,.,VAL,CG1,470,1362,1.46417,0,4.729,0.169581,5,0
A,73,.,.,.,GLU,CA,A,182,.,.,.,VAL,CG2,470,1363,1.86547,0,4.34527,0.0950965,5,0
A,73,.,.,.,GLU,C,A,73,.,.,.,GLU,O,471,472,8.63237,0,1.23618,0,0,1
A,73,.,.,.,GLU,C,A,73,.,.,.,GLU,CB,471,473,4.21238,0,2.51114,0,0,0
A,73,.,.,.,GLU,C,A,74,.,.,.,CYS,N,471,478,8.14371,0,1.32784,0,1,1
A,73,.,.,.,GLU,C,A,74,.,.,.,CYS,CA,471,479,1.62479,0,2.44911,0,1,0
A,73,.,.,.,GLU,C,A,74,.,.,.,CYS,SG,471,483,1.12276,0,3.85976,0,1,0
A,73,.,.,.,GLU,C,A,75,.,.,.,CYS,N,471,484,1.79113,0,3.84786,3.2779,2,0
A,73,.,.,.,GLU,O,A,73,.,.,.,GLU,CB,472,473,5.03945,2.76175,3.03815,0,0,0
A,73,.,.,.,GLU,O,A,74,.,.,.,CYS,CA,472,479,5.75313,0.534752,2.80013,0,1,0
A,73,.,.,.,GLU,O,A,74,.,.,.,CYS,SG,472,483,0.944292,0,4.10489,0,1,0
A,73,.,.,.,GLU,O,A,75,.,.,.,CYS,N,472,484,3.65118,2.36927,3.87642,3.11115,2,0
A,73,.,.,.,GLU,O,A,75,.,.,.,CYS,CB,472,488,0.201348,1.48206,5.45462,0.0495426,2,0
A,73,.,.,.,GLU,O,A,213,.,.,.,LYS,NZ,472,1605,8.21373,5.27438,4.55646,-2.9423,5,0
A,73,.,.,.,GLU,O,A,216,.,.,.,TYR,CD1,472,1629,0.216936,0,5.51301,0.112306,5,0
A,73,.,.,.,GLU,O,A,216,.,.,.,TYR,CE1,472,1631,0.271942,0.323811,5.52357,0.118546,5,0
A,73,.,.,.,GLU,CB,A,73,.,.,.,GLU,CG,473,474,13.524,0.76838,1.51476,0,0,1
A,73,.,.,.,GLU,CB,A,73,.,.,.,GLU,CD,473,475,4.8085,0.348528,2.527,0,0,0
A,73,.,.,.,GLU,CB,A,73,.,.,.,GLU,OE1,473,476,6.07692,4.1237,3.02325,0,0,0
A,73,.,.,.,GLU,CB,A,73,.,.,.,GLU,OE2,473,477,0.284467,0.537558,3.43055,0,0,0
A,73,.,.,.,GLU,CB,A,74,.,.,.,CYS,N,473,478,0.531793,0,3.44881,0,1,0
A,73,.,.,.,GLU,CB,A,74,.,.,.,CYS,C,473,480,0.0340821,0,5.16094,0,1,0
A,73,.,.,.,GLU,CB,A,75,.,.,.,CYS,N,473,484,0.795423,0,5.35598,1.11121,2,0
A,73,.,.,.,GLU,CB,A,75,.,.,.,CYS,CA,473,485,0.252018,0.271745,6.10448,0.188765,2,0
A,73,.,.,.,GLU,CB,A,75,.,.,.,CYS,CB,473,488,0.911103,2.25686,6.30968,0.24765,2,0
A,73,.,.,.,GLU,CG,A,73,.,.,.,GLU,CD,474,475,12.6861,2.66883,1.52134,0,0,1
A,73,.,.,.,GLU,CG,A,73,.,.,.,GLU,OE1,474,476,3.66141,2.71827,2.38726,0,0,0
A,73,.,.,.,GLU,CG,A,73,.,.,.,GLU,OE2,474,477,3.73224,0,2.38598,0,0,0
A,73,.,.,.,GLU,CG,A,74,.,.,.,CYS,N,474,478,1.3944,0.0682275,4.16125,0,1,0
A,73,.,.,.,GLU,CG,A,74,.,.,.,CYS,C,474,480,0.356908,0.941056,5.61895,0,1,0
A,73,.,.,.,GLU,CG,A,75,.,.,.,CYS,N,474,484,0.00022552,0,5.89095,0.000217347,2,0
A,73,.,.,.,GLU,CG,A,75,.,.,.,CYS,CA,474,485,0.352052,1.2153,6.37476,0.249316,2,0
A,73,.,.,.,GLU,CG,A,181,.,.,.,CYS,O,474,1354,1.23017,1.06224,4.75856,0.977632,5,0
A,73,.,.,.,GLU,CG,A,182,.,.,.,VAL,CG1,474,1362,1.23376,0,4.78128,0.217819,5,0
A,73,.,.,.,GLU,CG,A,182,.,.,.,VAL,CG2,474,1363,13.776,3.4828,3.5734,-6.04682,5,0
A,73,.,.,.,GLU,CD,A,73,.,.,.,GLU,OE1,475,476,16.8446,5.86838,1.25295,0,0,1
A,73,.,.,.,GLU,CD,A,73,.,.,.,GLU,OE2,475,477,18.257,7.22906,1.2542,0,0,1
A,73,.,.,.,GLU,CD,A,182,.,.,.,VAL,CG2,475,1363,0.290951,0.865715,4.57889,-0.15299,5,0
A,73,.,.,.,GLU,OE1,A,73,.,.,.,GLU,OE2,476,477,2.02435,3.55865,2.20686,0,0,0
A,73,.,.,.,GLU,OE2,A,182,.,.,.,VAL,CG2,477,1363,0.990841,0.87379,4.69518,0.236987,5,0
A,74,.,.,.,CYS,N,A,74,.,.,.,CYS,CA,478,479,6.39806,0,1.46077,0,0,1
A,74,.,.,.,CYS,N,A,74,.,.,.,CYS,C,478,480,4.13288,0.0667326,2.40461,0,0,0
A,74,.,.,.,CYS,N,A,74,.,.,.,CYS,O,478,481,0.00120216,0,3.02965,0,0,0
A,74,.,.,.,CYS,N,A,74,.,.,.,CYS,CB,478,482,1.86371,0,2.46155,0,0,0
A,74,.,.,.,CYS,N,A,74,.,.,.,CYS,SG,478,483,1.99112,0,3.22876,0,0,0
A,74,.,.,.,CYS,N,A,75,.,.,.,CYS,N,478,484,0.21307,0,3.2436,0,1,0
A,74,.,.,.,CYS,N,A,181,.,.,.,CYS,O,478,1354,6.85355,0.0298148,2.84381,-14.3956,5,0
A,74,.,.,.,CYS,N,A,182,.,.,.,VAL,CA,478,1358,0.127922,0,4.66775,0.13543,5,0
A,74,.,.,.,CYS,CA,A,74,.,.,.,CYS,C,479,480,7.13884,0,1.52442,0,0,1
A,74,.,.,.,CYS,CA,A,74,.,.,.,CYS,O,479,481,0.339496,0,2.40395,0,0,0
A,74,.,.,.,CYS,CA,A,74,.,.,.,CYS,CB,479,482,9.36706,0,1.52406,0,0,1
A,74,.,.,.,CYS,CA,A,74,.,.,.,CYS,SG,479,483,2.83321,0,2.78752,0,0,0
A,74,.,.,.,CYS,CA,A,75,.,.,.,CYS,N,479,484,5.65902,0.387882,2.42839,0,1,0
A,74,.,.,.,CYS,CA,A,76,.,.,.,ASP,N,479,490,0.00370939,0,4.46507,0.00461986,2,0
A,74,.,.,.,CYS,CA,A,76,.,.,.,ASP,OD2,479,497,0.00950614,0,5.13241,0.00417824,2,0
A,74,.,.,.,CYS,CA,A,181,.,.,.,CYS,O,479,1354,0.277948,0,3.46333,-0.23308,5,0
A,74,.,.,.,CYS,CA,A,216,.,.,.,TYR,CD1,479,1629,0.551852,0,4.72848,-0.224969,5,0
A,74,.,.,.,CYS,CA,A,216,.,.,.,TYR,CE1,479,1631,4.76657,0.52126,4.54093,-1.30695,5,0
A,74,.,.,.,CYS,C,A,74,.,.,.,CYS,O,480,481,8.99194,0.662901,1.23636,0,0,1
A,74,.,.,.,CYS,C,A,74,.,.,.,CYS,CB,480,482,2.24646,0,2.52402,0,0,0
A,74,.,.,.,CYS,C,A,75,.,.,.,CYS,N,480,484,7.9604,0,1.33111,0,1,1
A,74,.,.,.,CYS,C,A,75,.,.,.,CYS,CA,480,485,3.01308,0.90369,2.40797,0,1,0
A,74,.,.,.,CYS,C,A,75,.,.,.,CYS,C,480,486,0.160792,0,3.13537,0,1,0
A,74,.,.,.,CYS,C,A,76,.,.,.,ASP,N,480,490,2.07087,0,3.31405,4.45882,2,0
A,74,.,.,.,CYS,C,A,76,.,.,.,ASP,OD2,480,497,0.00614008,0,4.65047,0.00465437,2,0
A,74,.,.,.,CYS,C,A,77,.,.,.,VAL,N,480,498,0.747625,0,4.36193,1.01975,3,0
A,74,.,.,.,CYS,C,A,181,.,.,.,CYS,O,480,1354,0.157493,0.196688,3.57417,-0.0641988,5,0
A,74,.,.,.,CYS,O,A,74,.,.,.,CYS,CB,481,482,2.7268,0,2.89338,0,0,0
A,74,.,.,.,CYS,O,A,75,.,.,.,CYS,CA,481,485,3.09602,0.626551,2.73219,0,1,0
A,74,.,.,.,CYS,O,A,75,.,.,.,CYS,C,481,486,1.29713,0,3.12605,0,1,0
A,74,.,.,.,CYS,O,A,76,.,.,.,ASP,N,481,490,0.449959,0,3.46604,0.174885,2,0
A,74,.,.,.,CYS,O,A,77,.,.,.,VAL,N,481,498,1.16454,0,4.11405,-1.96865,3,0
A,74,.,.,.,CYS,O,A,77,.,.,.,VAL,O,481,501,1.24595,0,3.88065,-0.0793336,3,0
A,74,.,.,.,CYS,O,A,176,.,.,.,THR,OG1,481,1323,0.101432,0.272771,4.87852,0.00652935,5,0
A,74,.,.,.,CYS,O,A,180,.,.,.,SER,CA,481,1346,2.84785,0,3.35473,-2.37568,5,0
A,74,.,.,.,CYS,O,A,180,.,.,.,SER,CB,481,1349,3.94372,0.626429,3.44592,-1.48469,5,0
A,74,.,.,.,CYS,O,A,181,.,.,.,CYS,N,481,1351,4.66871,0,2.96704,-9.80643,5,0
A,74,.,.,.,CYS,O,A,181,.,.,.,CYS,O,481,1354,3.87742,0.89623,3.05615,-4.29215,5,0
A,74,.,.,.,CYS,CB,A,74,.,.,.,CYS,SG,482,483,12.1684,0,1.79511,0,0,1
A,74,.,.,.,CYS,CB,A,76,.,.,.,ASP,N,482,490,0.0450112,0,4.91532,0.0302275,2,0
A,74,.,.,.,CYS,CB,A,77,.,.,.,VAL,N,482,498,1.49282,0,4.60378,1.14662,3,0
A,74,.,.,.,CYS,CB,A,77,.,.,.,VAL,O,482,501,1.08059,0,4.30165,-0.745083,3,0
A,74,.,.,.,CYS,CB,A,77,.,.,.,VAL,CG1,482,503,0.275282,0,4.91703,-0.13108,3,0
A,74,.,.,.,CYS,CB,A,77,.,.,.,VAL,CG2,482,504,7.66468,0,3.56114,-10.8803,3,0
A,74,.,.,.,CYS,CB,A,181,.,.,.,CYS,N,482,1351,0.376109,0,4.48554,-0.758583,5,0
A,74,.,.,.,CYS,CB,A,181,.,.,.,CYS,O,482,1354,2.99779,0,3.51237,-5.13408,5,0
A,74,.,.,.,CYS,CB,A,181,.,.,.,CYS,SG,482,1356,5.83448,0,3.86977,-16.0119,5,0
A,74,.,.,.,CYS,CB,A,216,.,.,.,TYR,CD1,482,1629,0.652748,0,4.30428,-0.621843,5,0
A,74,.,.,.,CYS,CB,A,216,.,.,.,TYR,CE1,482,1631,2.65924,0,4.37299,-3.13415,5,0
A,74,.,.,.,CYS,SG,A,77,.,.,.,VAL,CG2,483,504,4.92644,0,4.0963,-1.74111,3,0
A,74,.,.,.,CYS,SG,A,82,.,.,.,LEU,CD1,483,539,2.62946,0,5.35653,-1.06687,5,0
A,74,.,.,.,CYS,SG,A,82,.,.,.,LEU,CD2,483,540,5.41777,0,4.54641,-8.54323,5,0
A,74,.,.,.,CYS,SG,A,181,.,.,.,CYS,O,483,1354,0.107016,0,4.52572,-0.231721,5,0
A,74,.,.,.,CYS,SG,A,181,.,.,.,CYS,SG,483,1356,2.20699,0,4.44851,-3.50018,5,0
A,74,.,.,.,CYS,SG,A,182,.,.,.,VAL,CA,483,1358,0.301758,0,5.75049,0.0232351,5,0
A,74,.,.,.,CYS,SG,A,183,.,.,.,ILE,N,483,1364,0.315874,0,5.44219,0.0474162,5,0
A,74,.,.,.,CYS,SG,A,183,.,.,.,ILE,CG2,483,1370,5.16821,0,4.45287,-8.25777,5,0
A,74,.,.,.,CYS,SG,A,213,.,.,.,LYS,NZ,483,1605,0.00735038,0,5.97802,0.00573517,5,0
A,74,.,.,.,CYS,SG,A,216,.,.,.,TYR,CA,483,1624,1.17609,0,5.34319,0.060104,5,0
A,74,.,.,.,CYS,SG,A,216,.,.,.,TYR,CB,483,1627,0.996212,0,4.77794,-0.434949,5,0
A,74,.,.,.,CYS,SG,A,216,.,.,.,TYR,CD1,483,1629,9.15526,0,3.75755,-11.4061,5,0
A,74,.,.,.,CYS,SG,A,219,.,.,.,CYS,SG,483,1654,0.488587,0,6.18154,-2.15173,5,0
A,75,.,.,.,CYS,N,A,75,.,.,.,CYS,CA,484,485,7.93997,0,1.45634,0,0,1
A,75,.,.,.,CYS,N,A,75,.,.,.,CYS,C,484,486,0.0159031,0,2.47763,0,0,0
A,75,.,.,.,CYS,N,A,75,.,.,.,CYS,CB,484,488,5.68303,0.820127,2.45321,0,0,0
A,75,.,.,.,CYS,N,A,75,.,.,.,CYS,SG,484,489,4.10188,2.21744,3.31762,0,0,0
A,75,.,.,.,CYS,N,A,76,.,.,.,ASP,N,484,490,2.86755,0,2.77645,0,1,0
A,75,.,.,.,CYS,N,A,76,.,.,.,ASP,OD2,484,497,1.84978,0,4.02193,0,1,0
A,75,.,.,.,CYS,N,A,216,.,.,.,TYR,CE1,484,1631,1.52173,0.885111,5.06282,-0.119422,5,0
A,75,.,.,.,CYS,N,A,216,.,.,.,TYR,CZ,484,1633,0.00726552,0.126942,5.66178,-0.00290224,5,0
A,75,.,.,.,CYS,N,A,216,.,.,.,TYR,OH,484,1634,0.0222107,0.0142468,5.41983,0.000950322,5,0
A,75,.,.,.,CYS,CA,A,75,.,.,.,CYS,C,485,486,6.76127,0,1.52159,0,0,1
A,75,.,.,.,CYS,CA,A,75,.,.,.,CYS,O,485,487,2.62377,0.436804,2.37941,0,0,0
A,75,.,.,.,CYS,CA,A,75,.,.,.,CYS,CB,485,488,14.6345,4.87622,1.53157,0,0,1
A,75,.,.,.,CYS,CA,A,75,.,.,.,CYS,SG,485,489,0.669191,0,2.80245,0,0,0
A,75,.,.,.,CYS,CA,A,76,.,.,.,ASP,N,485,490,0.684158,0,2.46164,0,1,0
A,75,.,.,.,CYS,CA,A,180,.,.,.,SER,CB,485,1349,5.70094,3.54915,4.12866,0.586085,5,0
A,75,.,.,.,CYS,C,A,75,.,.,.,CYS,O,486,487,8.25175,0,1.2348,0,0,1
A,75,.,.,.,CYS,C,A,75,.,.,.,CYS,CB,486,488,1.59418,0,2.50149,0,0,0
A,75,.,.,.,CYS,C,A,75,.,.,.,CYS,SG,486,489,2.33701,0,3.09874,0,0,0
A,75,.,.,.,CYS,C,A,76,.,.,.,ASP,N,486,490,7.05962,0,1.34123,0,1,1
A,75,.,.,.,CYS,C,A,76,.,.,.,ASP,CA,486,491,1.64546,0,2.44517,0,1,0
A,75,.,.,.,CYS,C,A,76,.,.,.,ASP,CB,486,494,0.646017,0,3.39638,0,1,0
A,75,.,.,.,CYS,C,A,179,.,.,.,LYS,O,486,1339,0.556006,0,3.56914,0.840915,5,0
A,75,.,.,.,CYS,C,A,180,.,.,.,SER,CA,486,1346,0.767888,0,4.20753,0.212915,5,0
A,75,.,.,.,CYS,C,A,180,.,.,.,SER,CB,486,1349,0.972233,0,3.8043,-0.45148,5,0
A,75,.,.,.,CYS,O,A,75,.,.,.,CYS,CB,487,488,4.07118,3.55403,3.13472,0,0,0
A,75,.,.,.,CYS,O,A,75,.,.,.,CYS,SG,487,489,0.661678,1.08033,3.84297,0,0,0
A,75,.,.,.,CYS,O,A,76,.,.,.,ASP,CA,487,491,4.90432,1.31985,2.78599,0,1,0
A,75,.,.,.,CYS,O,A,76,.,.,.,ASP,CB,487,494,1.11988,1.70187,3.76766,0,1,0
A,75,.,.,.,CYS,O,A,179,.,.,.,LYS,C,487,1338,0.0577904,0,3.99121,0.0737509,5,0
A,75,.,.,.,CYS,O,A,179,.,.,.,LYS,O,487,1339,4.21358,0,3.05477,3.30395,5,0
A,75,.,.,.,CYS,O,A,179,.,.,.,LYS,CB,487,1340,1.42653,2.54779,5.03762,0.0311429,5,0
A,75,.,.,.,CYS,O,A,180,.,.,.,SER,CA,487,1346,0.0110869,0,3.8602,0.00131755,5,0
A,75,.,.,.,CYS,O,A,180,.,.,.,SER,CB,487,1349,8.87291,4.07765,3.24347,-3.34037,5,0
A,75,.,.,.,CYS,CB,A,75,.,.,.,CYS,SG,488,489,20.6201,9.72501,1.80045,0,0,0
A,75,.,.,.,CYS,SG,A,76,.,.,.,ASP,N,489,490,1.93203,0,3.32701,0,1,0
A,75,.,.,.,CYS,SG,A,76,.,.,.,ASP,CB,489,494,6.45929,3.71869,3.98504,0,1,0
A,75,.,.,.,CYS,SG,A,76,.,.,.,ASP,CG,489,495,4.95553,0.433097,3.88426,0,1,0
A,75,.,.,.,CYS,SG,A,76,.,.,.,ASP,OD1,489,496,0.539291,2.30927,4.57018,0,1,0
A,75,.,.,.,CYS,SG,A,76,.,.,.,ASP,OD2,489,497,3.42,0,3.69782,0,1,0
A,75,.,.,.,CYS,SG,A,216,.,.,.,TYR,OH,489,1634,3.3516,4.07438,4.98792,-1.49446,5,0
A,76,.,.,.,ASP,N,A,76,.,.,.,ASP,CA,490,491,6.26789,0,1.45863,0,0,1
A,76,.,.,.,ASP,N,A,76,.,.,.,ASP,C,490,492,0.0437162,0,2.49147,0,0,0
A,76,.,.,.,ASP,N,A,76,.,.,.,ASP,CB,490,494,1.24552,0,2.45487,0,0,0
A,76,.,.,.,ASP,N,A,76,.,.,.,ASP,CG,490,495,0.176952,0,2.91694,0,0,0
A,76,.,.,.,ASP,N,A,76,.,.,.,ASP,OD2,490,497,4.47649,0,2.58182,0,0,0
A,76,.,.,.,ASP,N,A,77,.,.,.,VAL,N,490,498,4.29608,0,2.78577,0,1,0
A,76,.,.,.,ASP,N,A,179,.,.,.,LYS,O,490,1339,0.135974,0,3.54954,0.136715,5,0
A,76,.,.,.,ASP,N,A,180,.,.,.,SER,CA,490,1346,0.019152,0,4.66776,0.0204099,5,0
A,76,.,.,.,ASP,N,A,216,.,.,.,TYR,CE1,490,1631,0.00901294,0,5.16527,0.00163514,5,0
A,76,.,.,.,ASP,CA,A,76,.,.,.,ASP,C,491,492,7.86818,0,1.52628,0,0,1
A,76,.,.,.,ASP,CA,A,76,.,.,.,ASP,O,491,493,1.26802,0.202779,2.38831,0,0,0
A,76,.,.,.,ASP,CA,A,76,.,.,.,ASP,CB,491,494,13.3601,3.5714,1.53199,0,0,1
A,76,.,.,.,ASP,CA,A,76,.,.,.,ASP,CG,491,495,0.310741,0,2.53227,0,0,0
A,76,.,.,.,ASP,CA,A,76,.,.,.,ASP,OD2,491,497,0.658629,0,2.74333,0,0,0
A,76,.,.,.,ASP,CA,A,77,.,.,.,VAL,N,491,498,0.805457,0,2.4639,0,1,0
A,76,.,.,.,ASP,CA,A,179,.,.,.,LYS,O,491,1339,4.48156,0,3.12492,1.75773,5,0
A,76,.,.,.,ASP,CA,A,179,.,.,.,LYS,CB,491,1340,3.59063,3.06244,4.98582,0.296932,5,0
A,76,.,.,.,ASP,C,A,76,.,.,.,ASP,O,492,493,8.43252,0,1.23573,0,0,1
A,76,.,.,.,ASP,C,A,76,.,.,.,ASP,CB,492,494,0.707046,0,2.50665,0,0,0
A,76,.,.,.,ASP,C,A,76,.,.,.,ASP,CG,492,495,1.03377,0,3.09919,0,0,0
A,76,.,.,.,ASP,C,A,76,.,.,.,ASP,OD2,492,497,0.905921,0,3.14152,0,0,0
A,76,.,.,.,ASP,C,A,77,.,.,.,VAL,N,492,498,6.42075,0,1.33253,0,1,1
A,76,.,.,.,ASP,C,A,77,.,.,.,VAL,CA,492,499,1.94552,0,2.42027,0,1,0
A,76,.,.,.,ASP,C,A,77,.,.,.,VAL,CG1,492,503,1.78574,0,3.33014,0,1,0
A,76,.,.,.,ASP,C,A,78,.,.,.,PRO,CD,492,511,0.0553407,0,4.58757,0.00836154,2,0
A,76,.,.,.,ASP,C,A,179,.,.,.,LYS,CA,492,1337,0.11977,0,4.8668,0.105481,5,0
A,76,.,.,.,ASP,C,A,179,.,.,.,LYS,O,492,1339,2.61947,0,3.08402,6.4667,5,0
A,76,.,.,.,ASP,C,A,179,.,.,.,LYS,CB,492,1340,0.601018,0,4.90384,-0.033259,5,0
A,76,.,.,.,ASP,O,A,76,.,.,.,ASP,CB,493,494,7.18821,4.29141,2.78336,0,0,0
A,76,.,.,.,ASP,O,A,76,.,.,.,ASP,CG,493,495,1.25277,0,3.33664,0,0,0
A,76,.,.,.,ASP,O,A,76,.,.,.,ASP,OD1,493,496,0.0288234,0.0887215,4.03405,0,0,0
A,76,.,.,.,ASP,O,A,77,.,.,.,VAL,CA,493,499,4.55692,0.590801,2.72943,0,1,0
A,76,.,.,.,ASP,O,A,77,.,.,.,VAL,CB,493,502,0.000799115,0.0211672,3.61767,0,1,0
A,76,.,.,.,ASP,O,A,77,.,.,.,VAL,CG1,493,503,4.00309,1.06773,3.37715,0,1,0
A,76,.,.,.,ASP,O,A,78,.,.,.,PRO,CD,493,511,3.7324,3.28082,4.37011,3.05176,2,0
A,76,.,.,.,ASP,O,A,179,.,.,.,LYS,CA,493,1337,0.0214148,0,5.10356,0.0147666,5,0
A,76,.,.,.,ASP,O,A,179,.,.,.,LYS,CB,493,1340,3.03919,2.73606,4.97691,0.0585371,5,0
A,76,.,.,.,ASP,O,A,220,.,.,.,LEU,CD2,493,1662,4.18818,3.21471,4.62274,0.883069,5,0
A,76,.,.,.,ASP,CB,A,76,.,.,.,ASP,CG,494,495,10.4983,0.186755,1.5118,0,0,1
A,76,.,.,.,ASP,CB,A,76,.,.,.,ASP,OD1,494,496,7.70015,6.49135,2.3726,0,0,0
A,76,.,.,.,ASP,CG,A,76,.,.,.,ASP,OD1,495,496,12.3718,0.495236,1.24701,0,0,1
A,76,.,.,.,ASP,CG,A,76,.,.,.,ASP,OD2,495,497,8.49192,0,1.25234,0,0,1
A,76,.,.,.,ASP,CG,A,77,.,.,.,VAL,CG1,495,503,0.495486,0,4.51136,0,1,0
A,76,.,.,.,ASP,CG,A,216,.,.,.,TYR,OH,495,1634,1.88551,0.0492418,3.13823,-3.64332,5,0
A,76,.,.,.,ASP,CG,A,220,.,.,.,LEU,CD2,495,1662,2.52225,0,4.37337,-0.287158,5,0
A,76,.,.,.,ASP,OD1,A,216,.,.,.,TYR,OH,496,1634,6.7754,3.58694,3.07497,-9.20757,5,0
A,76,.,.,.,ASP,OD1,A,220,.,.,.,LEU,CD1,496,1661,1.35665,1.87101,5.01589,0.746554,5,0
A,76,.,.,.,ASP,OD1,A,220,.,.,.,LEU,CD2,496,1662,7.4737,3.77175,4.01188,4.9863,5,0
A,76,.,.,.,ASP,OD2,A,77,.,.,.,VAL,N,497,498,0.589743,0,3.64175,0,1,0
A,76,.,.,.,ASP,OD2,A,77,.,.,.,VAL,CG1,497,503,2.50891,0,3.9535,0,1,0
A,76,.,.,.,ASP,OD2,A,216,.,.,.,TYR,CE1,497,1631,4.83033,0,3.41051,-3.19522,5,0
A,76,.,.,.,ASP,OD2,A,216,.,.,.,TYR,OH,497,1634,6.45332,0,2.47104,-8.76987,5,0
A,76,.,.,.,ASP,OD2,A,220,.,.,.,LEU,CD2,497,1662,0.343308,0,4.39914,0.160323,5,0
A,77,.,.,.,VAL,N,A,77,.,.,.,VAL,CA,498,499,6.11476,0,1.46399,0,0,1
A,77,.,.,.,VAL,N,A,77,.,.,.,VAL,C,498,500,0.932673,0,2.42736,0,0,0
A,77,.,.,.,VAL,N,A,77,.,.,.,VAL,O,498,501,2.14463,0,2.79977,0,0,0
A,77,.,.,.,VAL,N,A,77,.,.,.,VAL,CB,498,502,0.89493,0,2.49905,0,0,0
A,77,.,.,.,VAL,N,A,77,.,.,.,VAL,CG1,498,503,2.92781,0,2.8358,0,0,0
A,77,.,.,.,VAL,N,A,77,.,.,.,VAL,CG2,498,504,1.2808,0,3.23111,0,0,0
A,77,.,.,.,VAL,N,A,179,.,.,.,LYS,O,498,1339,2.46247,0,3.07629,-2.94314,5,0
A,77,.,.,.,VAL,N,A,180,.,.,.,SER,CA,498,1346,0.688778,0,4.39643,1.06436,5,0
A,77,.,.,.,VAL,N,A,216,.,.,.,TYR,CE1,498,1631,0.0359181,0,5.11621,0.00932897,5,0
A,77,.,.,.,VAL,CA,A,77,.,.,.,VAL,C,499,500,6.46475,0,1.52593,0,0,1
A,77,.,.,.,VAL,CA,A,77,.,.,.,VAL,O,499,501,0.309884,0,2.40369,0,0,0
A,77,.,.,.,VAL,CA,A,77,.,.,.,VAL,CB,499,502,9.35023,0.596199,1.54171,0,0,1
A,77,.,.,.,VAL,CA,A,77,.,.,.,VAL,CG1,499,503,1.18547,0,2.5266,0,0,0
A,77,.,.,.,VAL,CA,A,77,.,.,.,VAL,CG2,499,504,0.698329,0,2.54024,0,0,0
A,77,.,.,.,VAL,CA,A,78,.,.,.,PRO,N,499,505,0.0750105,0,2.45928,0,1,0
A,77,.,.,.,VAL,CA,A,78,.,.,.,PRO,CD,499,511,7.407,0.578565,2.96142,0,1,0
A,77,.,.,.,VAL,CA,A,179,.,.,.,LYS,CA,499,1337,0.0128304,0,4.92979,0.0124483,5,0
A,77,.,.,.,VAL,CA,A,179,.,.,.,LYS,C,499,1338,0.0043785,0,4.30468,0.00464716,5,0
A,77,.,.,.,VAL,CA,A,179,.,.,.,LYS,O,499,1339,0.507286,0,3.75497,0.366265,5,0
A,77,.,.,.,VAL,C,A,77,.,.,.,VAL,O,500,501,6.65133,0,1.23915,0,0,1
A,77,.,.,.,VAL,C,A,77,.,.,.,VAL,CB,500,502,1.28913,0,2.54577,0,0,0
A,77,.,.,.,VAL,C,A,77,.,.,.,VAL,CG2,500,504,2.0051,0,2.86625,0,0,0
A,77,.,.,.,VAL,C,A,78,.,.,.,PRO,N,500,505,6.97636,0,1.32831,0,1,1
A,77,.,.,.,VAL,C,A,78,.,.,.,PRO,CA,500,506,1.18685,0,2.42273,0,1,0
A,77,.,.,.,VAL,C,A,78,.,.,.,PRO,C,500,507,0.433103,0,3.12777,0,1,0
A,77,.,.,.,VAL,C,A,78,.,.,.,PRO,O,500,508,0.945864,0,3.26935,0,1,0
A,77,.,.,.,VAL,C,A,78,.,.,.,PRO,CD,500,511,0.182631,0,2.51055,0,1,0
A,77,.,.,.,VAL,C,A,179,.,.,.,LYS,C,500,1338,1.71683,0,3.64304,8.12939,5,0
A,77,.,.,.,VAL,C,A,179,.,.,.,LYS,O,500,1339,0.769167,0,3.51085,2.55097,5,0
A,77,.,.,.,VAL,C,A,180,.,.,.,SER,N,500,1345,0.0562947,0,3.88692,0.106149,5,0
A,77,.,.,.,VAL,O,A,77,.,.,.,VAL,CG2,501,504,3.38841,0,2.93206,0,0,0
A,77,.,.,.,VAL,O,A,78,.,.,.,PRO,CA,501,506,2.58013,0,2.70663,0,1,0
A,77,.,.,.,VAL,O,A,78,.,.,.,PRO,C,501,507,1.40185,0,3.14843,0,1,0
A,77,.,.,.,VAL,O,A,78,.,.,.,PRO,O,501,508,0.0700829,0,3.45555,0,1,0
A,77,.,.,.,VAL,O,A,179,.,.,.,LYS,C,501,1338,0.0484599,0,3.64044,0.0731434,5,0
A,77,.,.,.,VAL,O,A,179,.,.,.,LYS,O,501,1339,0.0383672,0,3.57103,0.0400926,5,0
A,77,.,.,.,VAL,O,A,180,.,.,.,SER,N,501,1345,0.222373,0,3.48848,0.16353,5,0
A,77,.,.,.,VAL,O,A,180,.,.,.,SER,CA,501,1346,4.01915,0,3.21953,-2.97968,5,0
A,77,.,.,.,VAL,O,A,180,.,.,.,SER,C,501,1347,1.37078,0,3.36385,1.1241,5,0
A,77,.,.,.,VAL,O,A,181,.,.,.,CYS,N,501,1351,1.82025,0,3.43442,-3.1273,5,0
A,77,.,.,.,VAL,O,A,181,.,.,.,CYS,CB,501,1355,0.437072,0,4.05373,-0.236296,5,0
A,77,.,.,.,VAL,O,A,181,.,.,.,CYS,SG,501,1356,4.07265,0,3.50213,-0.944326,5,0
A,77,.,.,.,VAL,CB,A,77,.,.,.,VAL,CG1,502,503,12.8688,1.61898,1.52513,0,0,1
A,77,.,.,.,VAL,CB,A,77,.,.,.,VAL,CG2,502,504,11.0947,0,1.51592,0,0,1
A,77,.,.,.,VAL,CB,A,78,.,.,.,PRO,N,502,505,0.326282,0,3.41803,0,1,0
A,77,.,.,.,VAL,CB,A,78,.,.,.,PRO,O,502,508,0.417701,0,4.42111,0,1,0
A,77,.,.,.,VAL,CB,A,78,.,.,.,PRO,CD,502,511,3.19875,1.17149,3.85491,0,1,0
A,77,.,.,.,VAL,CB,A,81,.,.,.,THR,CB,502,530,2.85431,0,5.00874,-2.54043,4,0
A,77,.,.,.,VAL,CB,A,81,.,.,.,THR,CG2,502,532,3.87954,0.854453,5.05316,-2.87503,4,0
A,77,.,.,.,VAL,CB,A,219,.,.,.,CYS,O,502,1652,0.724275,0.4582,5.29372,-0.711806,5,0
A,77,.,.,.,VAL,CB,A,219,.,.,.,CYS,CB,502,1653,3.29975,0,4.34512,-3.80157,5,0
A,77,.,.,.,VAL,CG1,A,77,.,.,.,VAL,CG2,503,504,4.55762,0,2.50706,0,0,0
A,77,.,.,.,VAL,CG1,A,216,.,.,.,TYR,O,503,1626,0.866785,0,4.83266,-0.326084,5,0
A,77,.,.,.,VAL,CG1,A,216,.,.,.,TYR,CD1,503,1629,2.27313,0,4.20991,-2.19417,5,0
A,77,.,.,.,VAL,CG1,A,216,.,.,.,TYR,CE1,503,1631,7.19294,0,3.70803,-8.39862,5,0
A,77,.,.,.,VAL,CG1,A,219,.,.,.,CYS,C,503,1651,1.36329,0,4.77094,-0.905026,5,0
A,77,.,.,.,VAL,CG1,A,219,.,.,.,CYS,O,503,1652,1.31883,0.866338,4.96241,0.230068,5,0
A,77,.,.,.,VAL,CG1,A,219,.,.,.,CYS,CB,503,1653,5.20193,0,4.19116,-7.13929,5,0
A,77,.,.,.,VAL,CG1,A,220,.,.,.,LEU,N,503,1655,0.635662,0,4.78108,0.246757,5,0
A,77,.,.,.,VAL,CG1,A,220,.,.,.,LEU,CA,503,1656,0.535645,0.248802,5.07808,0.0212667,5,0
A,77,.,.,.,VAL,CG1,A,220,.,.,.,LEU,CG,503,1660,0.825041,0,4.46762,-1.23418,5,0
A,77,.,.,.,VAL,CG1,A,220,.,.,.,LEU,CD2,503,1662,11.8143,1.34524,3.5538,-21.8919,5,0
A,77,.,.,.,VAL,CG2,A,78,.,.,.,PRO,O,504,508,3.02217,0,4.10765,0,1,0
A,77,.,.,.,VAL,CG2,A,81,.,.,.,THR,CB,504,530,0.38613,0,5.39375,-0.206538,4,0
A,77,.,.,.,VAL,CG2,A,81,.,.,.,THR,CG2,504,532,0.0281797,0,5.54635,0.00323798,4,0
A,77,.,.,.,VAL,CG2,A,82,.,.,.,LEU,N,504,533,1.37713,0,5.0684,0.719994,5,0
A,77,.,.,.,VAL,CG2,A,82,.,.,.,LEU,CA,504,534,0.023011,0,5.36142,0.000197343,5,0
A,77,.,.,.,VAL,CG2,A,82,.,.,.,LEU,CB,504,537,4.27937,0,4.7737,-6.63849,5,0
A,77,.,.,.,VAL,CG2,A,82,.,.,.,LEU,CD1,504,539,0.944615,0,5.44461,-0.523692,5,0
A,77,.,.,.,VAL,CG2,A,82,.,.,.,LEU,CD2,504,540,1.58319,0,5.07383,-2.9892,5,0
A,77,.,.,.,VAL,CG2,A,181,.,.,.,CYS,SG,504,1356,4.81249,0,4.12768,-7.57482,5,0
A,77,.,.,.,VAL,CG2,A,216,.,.,.,TYR,CD1,504,1629,2.3417,0,4.73124,-3.08989,5,0
A,77,.,.,.,VAL,CG2,A,216,.,.,.,TYR,CE1,504,1631,0.208384,0,4.73409,-0.165484,5,0
A,77,.,.,.,VAL,CG2,A,219,.,.,.,CYS,CB,504,1653,4.29635,0,4.3365,-6.09879,5,0
A,77,.,.,.,VAL,CG2,A,219,.,.,.,CYS,SG,504,1654,3.48505,0,4.7738,-1.23169,5,0
A,78,.,.,.,PRO,N,A,78,.,.,.,PRO,CA,505,506,5.6386,0,1.46496,0,0,1
A,78,.,.,.,PRO,N,A,78,.,.,.,PRO,C,505,507,0.175714,0,2.47397,0,0,0
A,78,.,.,.,PRO,N,A,78,.,.,.,PRO,O,505,508,1.58387,0,2.77104,0,0,0
A,78,.,.,.,PRO,N,A,78,.,.,.,PRO,CD,505,511,7.20278,0,1.47402,0,0,1
A,78,.,.,.,PRO,N,A,81,.,.,.,THR,CB,505,530,0.00738263,0,4.5366,6.19372e-05,3,0
A,78,.,.,.,PRO,N,A,179,.,.,.,LYS,CA,505,1337,0.49029,0,3.92555,1.2068,5,0
A,78,.,.,.,PRO,N,A,179,.,.,.,LYS,C,505,1338,0.614763,0,3.72126,1.02558,5,0
A,78,.,.,.,PRO,CA,A,78,.,.,.,PRO,C,506,507,6.84188,0,1.52231,0,0,1
A,78,.,.,.,PRO,CA,A,78,.,.,.,PRO,O,506,508,0.135047,0,2.4148,0,0,0
A,78,.,.,.,PRO,CA,A,78,.,.,.,PRO,CB,506,509,9.59941,0,1.53469,0,0,1
A,78,.,.,.,PRO,CA,A,78,.,.,.,PRO,CG,506,510,0.787661,0,2.38942,0,0,0
A,78,.,.,.,PRO,CA,A,78,.,.,.,PRO,CD,506,511,0.632328,0,2.44278,0,0,0
A,78,.,.,.,PRO,CA,A,79,.,.,.,ALA,N,506,512,4.56698,0,2.40627,0,1,0
A,78,.,.,.,PRO,CA,A,177,.,.,.,GLY,O,506,1328,0.617645,0,5.32676,0.0278186,5,0
A,78,.,.,.,PRO,CA,A,179,.,.,.,LYS,N,506,1336,0.304256,0,4.27159,0.411147,5,0
A,78,.,.,.,PRO,CA,A,179,.,.,.,LYS,CA,506,1337,1.02563,0,4.01012,0.870528,5,0
A,78,.,.,.,PRO,CA,A,179,.,.,.,LYS,C,506,1338,0.621134,0,3.89239,0.929173,5,0
A,78,.,.,.,PRO,CA,A,180,.,.,.,SER,N,506,1345,3.60686,0,3.78392,5.26367,5,0
A,78,.,.,.,PRO,CA,A,180,.,.,.,SER,CA,506,1346,0.0668665,0,4.40017,0.0191245,5,0
A,78,.,.,.,PRO,CA,A,180,.,.,.,SER,C,506,1347,1.17188,0,4.35915,1.69525,5,0
A,78,.,.,.,PRO,CA,A,180,.,.,.,SER,O,506,1348,1.47551,0,4.32508,0.598927,5,0
A,78,.,.,.,PRO,CA,A,181,.,.,.,CYS,CB,506,1355,0.052785,0,4.92016,-0.0088597,5,0
A,78,.,.,.,PRO,C,A,78,.,.,.,PRO,O,507,508,7.81297,0,1.23328,0,0,1
A,78,.,.,.,PRO,C,A,78,.,.,.,PRO,CB,507,509,2.19261,0,2.5239,0,0,0
A,78,.,.,.,PRO,C,A,78,.,.,.,PRO,CG,507,510,0.490541,0,3.24087,0,0,0
A,78,.,.,.,PRO,C,A,79,.,.,.,ALA,N,507,512,6.77245,0,1.33782,0,1,1
A,78,.,.,.,PRO,C,A,79,.,.,.,ALA,CA,507,513,1.27664,0,2.44193,0,1,0
A,78,.,.,.,PRO,C,A,79,.,.,.,ALA,C,507,514,0.291017,0,3.00185,0,1,0
A,78,.,.,.,PRO,C,A,80,.,.,.,GLU,N,507,517,1.60508,0,3.21237,3.19996,2,0
A,78,.,.,.,PRO,C,A,80,.,.,.,GLU,OE2,507,525,0.00170526,0,3.80891,0.00273483,2,0
A,78,.,.,.,PRO,C,A,81,.,.,.,THR,N,507,526,0.386564,0,3.83539,0.702032,3,0
A,78,.,.,.,PRO,C,A,181,.,.,.,CYS,CB,507,1355,0.155671,0,4.31382,-0.0638184,5,0
A,78,.,.,.,PRO,C,A,181,.,.,.,CYS,SG,507,1356,1.66294,0,4.14627,0.506296,5,0
A,78,.,.,.,PRO,O,A,78,.,.,.,PRO,CG,508,510,0.613867,0,3.52429,0,0,0
A,78,.,.,.,PRO,O,A,78,.,.,.,PRO,CD,508,511,0.417561,0,3.54602,0,0,0
A,78,.,.,.,PRO,O,A,79,.,.,.,ALA,CA,508,513,1.85346,0,2.79016,0,1,0
A,78,.,.,.,PRO,O,A,79,.,.,.,ALA,C,508,514,1.79232,0,2.91032,0,1,0
A,78,.,.,.,PRO,O,A,80,.,.,.,GLU,N,508,517,0.135681,0,3.26678,0.157068,2,0
A,78,.,.,.,PRO,O,A,81,.,.,.,THR,N,508,526,2.61191,0,3.10087,0.159791,3,0
A,78,.,.,.,PRO,O,A,81,.,.,.,THR,CA,508,527,0.0119307,0,3.68865,0.0063372,3,0
A,78,.,.,.,PRO,O,A,81,.,.,.,THR,CB,508,530,3.73296,0,3.55283,-0.532723,3,0
A,78,.,.,.,PRO,O,A,82,.,.,.,LEU,N,508,533,3.84835,0,3.2285,-1.0797,4,0
A,78,.,.,.,PRO,O,A,82,.,.,.,LEU,CB,508,537,2.28668,0,4.04545,0.372318,4,0
A,78,.,.,.,PRO,O,A,181,.,.,.,CYS,SG,508,1356,1.32092,0,4.18548,0.504541,5,0
A,78,.,.,.,PRO,CB,A,78,.,.,.,PRO,CG,509,510,14.1869,2.84465,1.48366,0,0,1
A,78,.,.,.,PRO,CB,A,78,.,.,.,PRO,CD,509,511,0.913127,0,2.40478,0,0,0
A,78,.,.,.,PRO,CB,A,79,.,.,.,ALA,N,509,512,1.418,0.0818414,3.18823,0,1,0
A,78,.,.,.,PRO,CB,A,80,.,.,.,GLU,N,509,517,0.263413,0,4.30806,0.25333,2,0
A,78,.,.,.,PRO,CB,A,80,.,.,.,GLU,CG,509,522,2.45193,0,4.07399,-0.410619,2,0
A,78,.,.,.,PRO,CB,A,80,.,.,.,GLU,CD,509,523,2.91885,2.21845,3.90605,-2.18039,2,0
A,78,.,.,.,PRO,CB,A,80,.,.,.,GLU,OE2,509,525,8.78754,1.65497,3.19202,1.13299,2,0
A,78,.,.,.,PRO,CB,A,81,.,.,.,THR,N,509,526,0.0742901,0,4.65475,0.0535528,3,0
A,78,.,.,.,PRO,CB,A,177,.,.,.,GLY,O,509,1328,0.970263,0.402636,5.46149,-0.400589,5,0
A,78,.,.,.,PRO,CB,A,178,.,.,.,PRO,CA,509,1330,1.40445,1.23305,5.44848,-0.0107905,5,0
A,78,.,.,.,PRO,CB,A,179,.,.,.,LYS,N,509,1336,7.82319,2.46631,3.89075,11.0556,5,0
A,78,.,.,.,PRO,CB,A,179,.,.,.,LYS,CA,509,1337,2.79232,0,3.90579,1.24122,5,0
A,78,.,.,.,PRO,CG,A,78,.,.,.,PRO,CD,510,511,14.8089,3.39099,1.50533,0,0,1
A,78,.,.,.,PRO,CG,A,80,.,.,.,GLU,CG,510,522,5.97732,2.88,4.29865,-1.35547,2,0
A,78,.,.,.,PRO,CG,A,80,.,.,.,GLU,CD,510,523,0.012667,0.11016,4.58794,-0.010577,2,0
A,78,.,.,.,PRO,CG,A,81,.,.,.,THR,N,510,526,1.19159,0,4.34443,1.29758,3,0
A,78,.,.,.,PRO,CG,A,81,.,.,.,THR,CB,510,530,1.58537,0,4.0051,-0.39266,3,0
A,78,.,.,.,PRO,CG,A,81,.,.,.,THR,OG1,510,531,8.73486,3.67065,3.34704,-2.79384,3,0
A,78,.,.,.,PRO,CG,A,179,.,.,.,LYS,N,510,1336,0.0135571,0.018352,4.67967,0.0110847,5,0
A,78,.,.,.,PRO,CG,A,179,.,.,.,LYS,CA,510,1337,1.17945,0,4.3689,0.435499,5,0
A,78,.,.,.,PRO,CG,A,179,.,.,.,LYS,CG,510,1341,2.0346,2.69531,5.54195,0.20137,5,0
A,78,.,.,.,PRO,CD,A,81,.,.,.,THR,CB,511,530,4.93278,0,4.06203,1.76317,3,0
A,78,.,.,.,PRO,CD,A,81,.,.,.,THR,OG1,511,531,2.63496,1.87252,3.7136,0.654939,3,0
A,78,.,.,.,PRO,CD,A,81,.,.,.,THR,CG2,511,532,0.680104,1.29508,4.94991,0.101777,3,0
A,78,.,.,.,PRO,CD,A,179,.,.,.,LYS,CA,511,1337,4.96402,0,4.07002,4.21606,5,0
A,78,.,.,.,PRO,CD,A,179,.,.,.,LYS,C,511,1338,0.0214217,0,4.33915,0.00723858,5,0
A,78,.,.,.,PRO,CD,A,179,.,.,.,LYS,O,511,1339,0.000429541,0,4.50795,0.000424743,5,0
A,78,.,.,.,PRO,CD,A,179,.,.,.,LYS,CB,511,1340,0.724203,0.231424,4.97393,0.543012,5,0
A,78,.,.,.,PRO,CD,A,179,.,.,.,LYS,CG,511,1341,2.09647,2.32154,5.35798,1.19953,5,0
A,79,.,.,.,ALA,N,A,79,.,.,.,ALA,CA,512,513,6.74403,0,1.46072,0,0,1
A,79,.,.,.,ALA,N,A,79,.,.,.,ALA,C,512,514,0.03867,0,2.47587,0,0,0
A,79,.,.,.,ALA,N,A,79,.,.,.,ALA,CB,512,516,4.92057,0,2.44765,0,0,0
A,79,.,.,.,ALA,N,A,80,.,.,.,GLU,N,512,517,1.36143,0,2.82761,0,1,0
A,79,.,.,.,ALA,N,A,80,.,.,.,GLU,OE2,512,525,4.06366,0.465106,3.3596,0,1,0
A,79,.,.,.,ALA,N,A,175,.,.,.,SER,OG,512,1317,1.05301,0.214437,5.10487,0.449519,5,0
A,79,.,.,.,ALA,N,A,177,.,.,.,GLY,O,512,1328,0.39932,0.392875,5.52693,0.190963,5,0
A,79,.,.,.,ALA,N,A,180,.,.,.,SER,C,512,1347,0.104189,0,4.59348,0.258482,5,0
A,79,.,.,.,ALA,N,A,180,.,.,.,SER,O,512,1348,2.82213,0,4.1885,-1.06557,5,0
A,79,.,.,.,ALA,N,A,181,.,.,.,CYS,CB,512,1355,2.97059,0,3.7536,1.13794,5,0
A,79,.,.,.,ALA,N,A,181,.,.,.,CYS,SG,512,1356,0.217994,0,4.06327,0.00981117,5,0
A,79,.,.,.,ALA,CA,A,79,.,.,.,ALA,C,513,514,6.77028,0,1.52633,0,0,1
A,79,.,.,.,ALA,CA,A,79,.,.,.,ALA,O,513,515,1.65738,0,2.40054,0,0,0
A,79,.,.,.,ALA,CA,A,79,.,.,.,ALA,CB,513,516,8.84107,0,1.52752,0,0,1
A,79,.,.,.,ALA,CA,A,80,.,.,.,GLU,N,513,517,1.01809,0,2.45213,0,1,0
A,79,.,.,.,ALA,CA,A,80,.,.,.,GLU,OE2,513,525,0.0041923,0,3.97779,0,1,0
A,79,.,.,.,ALA,CA,A,82,.,.,.,LEU,CB,513,537,1.83615,0,4.60659,-0.152935,3,0
A,79,.,.,.,ALA,CA,A,173,.,.,.,ILE,CG2,513,1301,3.30813,0,3.82307,-1.97712,5,0
A,79,.,.,.,ALA,CA,A,181,.,.,.,CYS,CB,513,1355,2.20025,0,3.76009,-0.398436,5,0
A,79,.,.,.,ALA,CA,A,181,.,.,.,CYS,SG,513,1356,2.92644,0,4.00822,-2.15347,5,0
A,79,.,.,.,ALA,C,A,79,.,.,.,ALA,O,514,515,7.79925,0,1.2358,0,0,1
A,79,.,.,.,ALA,C,A,79,.,.,.,ALA,CB,514,516,2.34186,0,2.50236,0,0,0
A,79,.,.,.,ALA,C,A,80,.,.,.,GLU,N,514,517,6.33419,0,1.33934,0,1,1
A,79,.,.,.,ALA,C,A,80,.,.,.,GLU,CA,514,518,1.23969,0,2.4311,0,1,0
A,79,.,.,.,ALA,C,A,80,.,.,.,GLU,C,514,519,0.268449,0,3.03495,0,1,0
A,79,.,.,.,ALA,C,A,81,.,.,.,THR,N,514,526,0.997571,0,3.22293,1.78437,2,0
A,79,.,.,.,ALA,C,A,82,.,.,.,LEU,N,514,533,0.453278,0,3.85865,0.866535,3,0
A,79,.,.,.,ALA,C,A,82,.,.,.,LEU,CB,514,537,0.0724304,0,4.40531,-0.00163014,3,0
A,79,.,.,.,ALA,C,A,143,.,.,.,TYR,CD1,514,1051,0.00535227,0,4.40893,-0.00314111,5,0
A,79,.,.,.,ALA,C,A,143,.,.,.,TYR,CE1,514,1053,1.72608,0,3.85525,0.171007,5,0
A,79,.,.,.,ALA,O,A,79,.,.,.,ALA,CB,515,516,0.196301,0,3.26361,0,0,0
A,79,.,.,.,ALA,O,A,80,.,.,.,GLU,CA,515,518,1.71272,0,2.74659,0,1,0
A,79,.,.,.,ALA,O,A,80,.,.,.,GLU,C,515,519,1.35638,0,2.97132,0,1,0
A,79,.,.,.,ALA,O,A,81,.,.,.,THR,N,515,526,0.0881843,0,3.33932,0.09659,2,0
A,79,.,.,.,ALA,O,A,82,.,.,.,LEU,N,515,533,1.72242,0,3.30321,-1.60571,3,0
A,79,.,.,.,ALA,O,A,82,.,.,.,LEU,CA,515,534,0.0792707,0,3.7322,-0.0295629,3,0
A,79,.,.,.,ALA,O,A,82,.,.,.,LEU,CB,515,537,2.68307,0,3.67756,0.377969,3,0
A,79,.,.,.,ALA,O,A,83,.,.,.,TYR,N,515,541,4.00203,0,2.85483,-3.87013,4,0
A,79,.,.,.,ALA,O,A,83,.,.,.,TYR,CB,515,545,3.46183,0,3.39519,-0.845415,4,0
A,79,.,.,.,ALA,O,A,143,.,.,.,TYR,CD1,515,1051,1.3491,0,4.09052,0.243444,5,0
A,79,.,.,.,ALA,O,A,143,.,.,.,TYR,CE1,515,1053,1.09689,0,3.82527,0.117914,5,0
A,79,.,.,.,ALA,O,A,173,.,.,.,ILE,CG2,515,1301,2.47914,0,3.94457,-0.761549,5,0
A,79,.,.,.,ALA,O,A,173,.,.,.,ILE,CD1,515,1302,1.77395,0,4.17617,-0.645497,5,0
A,79,.,.,.,ALA,CB,A,80,.,.,.,GLU,N,516,517,2.26759,0,3.194,0,1,0
A,79,.,.,.,ALA,CB,A,80,.,.,.,GLU,CD,516,523,0.0194917,0.0396174,5.0547,0,1,0
A,79,.,.,.,ALA,CB,A,80,.,.,.,GLU,OE2,516,525,4.77934,2.05412,4.15827,0,1,0
A,79,.,.,.,ALA,CB,A,141,.,.,.,ALA,O,516,1035,4.72301,0.908154,4.42251,-2.38575,5,0
A,79,.,.,.,ALA,CB,A,142,.,.,.,ASP,CA,516,1038,0.132759,0,5.97795,0.0670757,5,0
A,79,.,.,.,ALA,CB,A,143,.,.,.,TYR,CD1,516,1051,2.93687,0,4.18911,-1.96774,5,0
A,79,.,.,.,ALA,CB,A,143,.,.,.,TYR,CE1,516,1053,7.03188,1.14115,3.83995,-7.05066,5,0
A,79,.,.,.,ALA,CB,A,173,.,.,.,ILE,C,516,1297,0.0163845,0,5.33863,-0.00480165,5,0
A,79,.,.,.,ALA,CB,A,173,.,.,.,ILE,O,516,1298,0.224615,0,5.42919,0.0124151,5,0
A,79,.,.,.,ALA,CB,A,173,.,.,.,ILE,CG2,516,1301,7.68328,0,3.61179,-11.2789,5,0
A,79,.,.,.,ALA,CB,A,174,.,.,.,GLN,C,516,1305,0.274815,0,4.81613,-0.0182678,5,0
A,79,.,.,.,ALA,CB,A,175,.,.,.,SER,N,516,1312,2.71731,0,4.3019,1.77451,5,0
A,79,.,.,.,ALA,CB,A,175,.,.,.,SER,CA,516,1313,2.8534,0,4.09807,-0.0844751,5,0
A,79,.,.,.,ALA,CB,A,175,.,.,.,SER,CB,516,1316,8.84258,1.26947,3.91075,-4.82945,5,0
A,79,.,.,.,ALA,CB,A,175,.,.,.,SER,OG,516,1317,1.26535,0,4.4072,0.279972,5,0
A,79,.,.,.,ALA,CB,A,180,.,.,.,SER,O,516,1348,0.253101,0,4.98008,0.0947359,5,0
A,79,.,.,.,ALA,CB,A,181,.,.,.,CYS,CB,516,1355,4.16509,0,3.88236,-4.23885,5,0
A,80,.,.,.,GLU,N,A,80,.,.,.,GLU,CA,517,518,6.94263,0,1.45919,0,0,1
A,80,.,.,.,GLU,N,A,80,.,.,.,GLU,C,517,519,0.0424275,0,2.46113,0,0,0
A,80,.,.,.,GLU,N,A,80,.,.,.,GLU,CB,517,521,1.02495,0,2.46576,0,0,0
A,80,.,.,.,GLU,N,A,80,.,.,.,GLU,CG,517,522,2.19524,0,2.83917,0,0,0
A,80,.,.,.,GLU,N,A,80,.,.,.,GLU,CD,517,523,1.43339,0,3.16501,0,0,0
A,80,.,.,.,GLU,N,A,80,.,.,.,GLU,OE2,517,525,3.31492,0,2.92203,0,0,0
A,80,.,.,.,GLU,N,A,81,.,.,.,THR,N,517,526,1.88766,0,2.77805,0,1,0
A,80,.,.,.,GLU,N,A,143,.,.,.,TYR,CE1,517,1053,1.75347,0,3.97569,1.03975,5,0
A,80,.,.,.,GLU,N,A,143,.,.,.,TYR,OH,517,1056,0.167456,0,4.31244,0.0168162,5,0
A,80,.,.,.,GLU,CA,A,80,.,.,.,GLU,C,518,519,6.64081,0,1.51943,0,0,1
A,80,.,.,.,GLU,CA,A,80,.,.,.,GLU,O,518,520,2.5047,0.0118054,2.38905,0,0,0
A,80,.,.,.,GLU,CA,A,80,.,.,.,GLU,CB,518,521,10.9469,0.028077,1.53476,0,0,1
A,80,.,.,.,GLU,CA,A,80,.,.,.,GLU,CG,518,522,0.679042,0,2.5758,0,0,0
A,80,.,.,.,GLU,CA,A,81,.,.,.,THR,N,518,526,0.777535,0,2.44398,0,1,0
A,80,.,.,.,GLU,CA,A,83,.,.,.,TYR,CB,518,545,3.82447,0,4.07011,1.72053,3,0
A,80,.,.,.,GLU,CA,A,83,.,.,.,TYR,CD2,518,548,0.756653,0.0183572,5.34849,-0.1093,3,0
A,80,.,.,.,GLU,CA,A,143,.,.,.,TYR,CE1,518,1053,2.34114,0,4.07397,-0.218217,5,0
A,80,.,.,.,GLU,CA,A,143,.,.,.,TYR,CZ,518,1055,1.36841,0,4.23577,-0.084961,5,0
A,80,.,.,.,GLU,CA,A,143,.,.,.,TYR,OH,518,1056,2.03883,0,3.85645,-0.501131,5,0
A,80,.,.,.,GLU,C,A,80,.,.,.,GLU,O,519,520,8.41417,0,1.23514,0,0,1
A,80,.,.,.,GLU,C,A,80,.,.,.,GLU,CB,519,521,4.54432,0.649155,2.50527,0,0,0
A,80,.,.,.,GLU,C,A,81,.,.,.,THR,N,519,526,7.50261,0.234956,1.33292,0,1,1
A,80,.,.,.,GLU,C,A,81,.,.,.,THR,CA,519,527,2.15714,0.318843,2.41854,0,1,0
A,80,.,.,.,GLU,C,A,81,.,.,.,THR,C,519,528,0.533817,0,3.06191,0,1,0
A,80,.,.,.,GLU,C,A,82,.,.,.,LEU,N,519,533,0.33614,0,3.42666,0.838185,2,0
A,80,.,.,.,GLU,C,A,83,.,.,.,TYR,N,519,541,0.949432,0,3.65527,3.00011,3,0
A,80,.,.,.,GLU,C,A,83,.,.,.,TYR,CB,519,545,0.290109,0,3.98265,0.0517097,3,0
A,80,.,.,.,GLU,C,A,84,.,.,.,ASP,OD2,519,560,0.855774,0.455069,4.47412,1.6208,4,0
A,80,.,.,.,GLU,O,A,80,.,.,.,GLU,CB,520,521,2.56175,0.655223,3.21997,0,0,0
A,80,.,.,.,GLU,O,A,81,.,.,.,THR,CA,520,527,2.67681,0,2.73043,0,1,0
A,80,.,.,.,GLU,O,A,81,.,.,.,THR,C,520,528,1.11721,0,3.05905,0,1,0
A,80,.,.,.,GLU,O,A,81,.,.,.,THR,O,520,529,0.0115433,0,3.45713,0,1,0
A,80,.,.,.,GLU,O,A,83,.,.,.,TYR,N,520,541,1.18825,0,3.29132,-0.515032,3,0
A,80,.,.,.,GLU,O,A,83,.,.,.,TYR,CA,520,542,0.0751122,0,3.65369,-0.0309754,3,0
A,80,.,.,.,GLU,O,A,83,.,.,.,TYR,CB,520,545,3.78438,0,3.41935,0.935956,3,0
A,80,.,.,.,GLU,O,A,83,.,.,.,TYR,CD2,520,548,0.596001,0.363327,4.77921,0.308546,3,0
A,80,.,.,.,GLU,O,A,84,.,.,.,ASP,N,520,553,4.09072,0,2.95518,1.69202,4,0
A,80,.,.,.,GLU,O,A,84,.,.,.,ASP,CB,520,557,0.929082,0,3.71068,0.870989,4,0
A,80,.,.,.,GLU,O,A,84,.,.,.,ASP,CG,520,558,4.08742,0,3.38816,7.1601,4,0
A,80,.,.,.,GLU,O,A,84,.,.,.,ASP,OD1,520,559,2.80861,0.550562,3.60988,3.83476,4,0
A,80,.,.,.,GLU,O,A,84,.,.,.,ASP,OD2,520,560,1.90589,0,3.62921,2.60222,4,0
A,80,.,.,.,GLU,CB,A,80,.,.,.,GLU,CG,521,522,15.1754,5.27836,1.52224,0,0,1
A,80,.,.,.,GLU,CB,A,80,.,.,.,GLU,CD,521,523,3.29601,0,2.5372,0,0,0
A,80,.,.,.,GLU,CB,A,80,.,.,.,GLU,OE1,521,524,3.33669,2.24585,3.18711,0,0,0
A,80,.,.,.,GLU,CB,A,81,.,.,.,THR,N,521,526,0.0320025,0.0102055,3.25417,0,1,0
A,80,.,.,.,GLU,CB,A,83,.,.,.,TYR,CD2,521,548,0.230246,0.952431,5.98465,-0.0424325,3,0
A,80,.,.,.,GLU,CB,A,84,.,.,.,ASP,CG,521,558,0.096079,0.0669772,5.7058,0.0187062,4,0
A,80,.,.,.,GLU,CB,A,84,.,.,.,ASP,OD1,521,559,0.457121,1.56879,5.66995,0.410896,4,0
A,80,.,.,.,GLU,CB,A,84,.,.,.,ASP,OD2,521,560,1.78769,2.92047,5.45447,1.60691,4,0
A,80,.,.,.,GLU,CB,A,143,.,.,.,TYR,OH,521,1056,9.96385,4.43757,3.74777,-7.9767,5,0
A,80,.,.,.,GLU,CG,A,80,.,.,.,GLU,CD,522,523,10.905,1.87945,1.52919,0,0,1
A,80,.,.,.,GLU,CG,A,80,.,.,.,GLU,OE1,522,524,5.02242,3.75048,2.39719,0,0,0
A,80,.,.,.,GLU,CG,A,80,.,.,.,GLU,OE2,522,525,0.70393,0,2.39715,0,0,0
A,80,.,.,.,GLU,CG,A,81,.,.,.,THR,N,522,526,4.01418,0.316954,3.48482,0,1,0
A,80,.,.,.,GLU,CG,A,81,.,.,.,THR,OG1,522,531,3.02118,2.61541,4.64044,0,1,0
A,80,.,.,.,GLU,CD,A,80,.,.,.,GLU,OE1,523,524,16.7509,5.50628,1.25252,0,0,1
A,80,.,.,.,GLU,CD,A,80,.,.,.,GLU,OE2,523,525,14.0501,3.29607,1.24995,0,0,1
A,80,.,.,.,GLU,CD,A,143,.,.,.,TYR,CE1,523,1053,0.121422,0.226245,5.6529,-0.181738,5,0
A,80,.,.,.,GLU,CD,A,143,.,.,.,TYR,OH,523,1056,1.60814,1.02408,4.76628,-3.10628,5,0
A,80,.,.,.,GLU,OE1,A,80,.,.,.,GLU,OE2,524,525,2.26913,3.71704,2.19327,0,0,0
A,80,.,.,.,GLU,OE1,A,143,.,.,.,TYR,OH,524,1056,2.61056,3.45035,4.75057,-1.97298,5,0
A,80,.,.,.,GLU,OE2,A,175,.,.,.,SER,CB,525,1316,0.0846253,0.352867,5.86525,-0.0467027,5,0
A,80,.,.,.,GLU,OE2,A,175,.,.,.,SER,OG,525,1317,2.26319,3.22041,5.38179,-1.28513,5,0
A,80,.,.,.,GLU,OE2,A,177,.,.,.,GLY,O,525,1328,0.294397,1.43919,5.7363,0.369098,5,0
A,80,.,.,.,GLU,OE2,A,178,.,.,.,PRO,CA,525,1330,0.739756,2.15168,6.02334,0.369421,5,0
A,81,.,.,.,THR,N,A,81,.,.,.,THR,CA,526,527,7.23934,0.344378,1.45936,0,0,1
A,81,.,.,.,THR,N,A,81,.,.,.,THR,C,526,528,0.16599,0,2.45946,0,0,0
A,81,.,.,.,THR,N,A,81,.,.,.,THR,CB,526,530,2.42773,0,2.44882,0,0,0
A,81,.,.,.,THR,N,A,81,.,.,.,THR,OG1,526,531,2.20412,0.16216,2.8705,0,0,0
A,81,.,.,.,THR,N,A,82,.,.,.,LEU,N,526,533,1.62239,0,2.83284,0,1,0
A,81,.,.,.,THR,CA,A,81,.,.,.,THR,C,527,528,6.21522,0,1.52304,0,0,1
A,81,.,.,.,THR,CA,A,81,.,.,.,THR,O,527,529,1.8241,0,2.40476,0,0,0
A,81,.,.,.,THR,CA,A,81,.,.,.,THR,CB,527,530,8.69317,0.482442,1.52662,0,0,1
A,81,.,.,.,THR,CA,A,81,.,.,.,THR,OG1,527,531,3.09651,2.42828,2.41493,0,0,0
A,81,.,.,.,THR,CA,A,81,.,.,.,THR,CG2,527,532,3.05701,0.21231,2.50027,0,0,0
A,81,.,.,.,THR,CA,A,82,.,.,.,LEU,N,527,533,0.86278,0,2.43553,0,1,0
A,81,.,.,.,THR,CA,A,84,.,.,.,ASP,CB,527,557,2.51396,0,4.54008,1.63319,3,0
A,81,.,.,.,THR,CA,A,84,.,.,.,ASP,CG,527,558,0.0455151,0,4.7451,-0.0219014,3,0
A,81,.,.,.,THR,CA,A,84,.,.,.,ASP,OD2,527,560,4.4094,2.92748,4.55429,2.2522,3,0
A,81,.,.,.,THR,CA,A,222,.,.,.,TYR,CD2,527,1679,0.661137,0.180612,5.36129,-0.156863,5,0
A,81,.,.,.,THR,C,A,81,.,.,.,THR,O,528,529,7.42906,0,1.23774,0,0,1
A,81,.,.,.,THR,C,A,81,.,.,.,THR,CB,528,530,0.961017,0,2.5074,0,0,0
A,81,.,.,.,THR,C,A,81,.,.,.,THR,CG2,528,532,2.8516,0,2.90002,0,0,0
A,81,.,.,.,THR,C,A,82,.,.,.,LEU,N,528,533,6.54859,0,1.32931,0,1,1
A,81,.,.,.,THR,C,A,82,.,.,.,LEU,CA,528,534,1.41939,0,2.40979,0,1,0
A,81,.,.,.,THR,C,A,82,.,.,.,LEU,C,528,535,0.339013,0,2.96083,0,1,0
A,81,.,.,.,THR,C,A,83,.,.,.,TYR,N,528,541,1.34636,0,3.13208,2.30927,2,0
A,81,.,.,.,THR,C,A,84,.,.,.,ASP,N,528,553,0.333269,0,3.80512,0.463837,3,0
A,81,.,.,.,THR,C,A,85,.,.,.,VAL,CG2,528,567,0.00799549,0,4.22992,-0.00318649,4,0
A,81,.,.,.,THR,C,A,219,.,.,.,CYS,SG,528,1654,0.32276,0,4.84152,-0.199559,5,0
A,81,.,.,.,THR,O,A,81,.,.,.,THR,CG2,529,532,2.35442,0,3.2365,0,0,0
A,81,.,.,.,THR,O,A,82,.,.,.,LEU,CA,529,534,2.03571,0,2.72038,0,1,0
A,81,.,.,.,THR,O,A,82,.,.,.,LEU,C,529,535,1.70656,0,2.89208,0,1,0
A,81,.,.,.,THR,O,A,83,.,.,.,TYR,N,529,541,0.0852747,0,3.26726,0.0634379,2,0
A,81,.,.,.,THR,O,A,84,.,.,.,ASP,N,529,553,2.02835,0,3.23487,-1.56116,3,0
A,81,.,.,.,THR,O,A,84,.,.,.,ASP,CA,529,554,0.0471374,0,3.74263,0.0263607,3,0
A,81,.,.,.,THR,O,A,84,.,.,.,ASP,CB,529,557,3.48158,0,3.61139,0.45506,3,0
A,81,.,.,.,THR,O,A,85,.,.,.,VAL,N,529,561,2.93159,0,3.06873,-4.51156,4,0
A,81,.,.,.,THR,O,A,85,.,.,.,VAL,CB,529,565,0.796001,0,3.65117,-0.699092,4,0
A,81,.,.,.,THR,O,A,85,.,.,.,VAL,CG2,529,567,5.78787,0,3.18387,-0.32112,4,0
A,81,.,.,.,THR,O,A,219,.,.,.,CYS,SG,529,1654,0.0331314,0,4.67257,0.00503724,5,0
A,81,.,.,.,THR,O,A,222,.,.,.,TYR,CD2,529,1679,0.76314,0,4.64381,-0.248117,5,0
A,81,.,.,.,THR,CB,A,81,.,.,.,THR,OG1,530,531,10.5862,0.5112,1.43253,0,0,1
A,81,.,.,.,THR,CB,A,81,.,.,.,THR,CG2,530,532,14.7836,0.477962,1.52053,0,0,1
A,81,.,.,.,THR,CB,A,82,.,.,.,LEU,N,530,533,2.76912,0,3.13357,0,1,0
A,81,.,.,.,THR,OG1,A,81,.,.,.,THR,CG2,531,532,4.48689,1.5975,2.40984,0,0,0
A,81,.,.,.,THR,OG1,A,223,.,.,.,PRO,CG,531,1689,4.97596,5.48609,5.01452,-1.47919,5,0
A,81,.,.,.,THR,CG2,A,82,.,.,.,LEU,N,532,533,0.695419,0,3.67536,0,1,0
A,81,.,.,.,THR,CG2,A,85,.,.,.,VAL,CG2,532,567,3.19804,0,4.54675,-3.6562,4,0
A,81,.,.,.,THR,CG2,A,219,.,.,.,CYS,CA,532,1650,1.53009,0,4.45518,-0.119261,5,0
A,81,.,.,.,THR,CG2,A,219,.,.,.,CYS,O,532,1652,7.35272,1.24289,3.69116,-1.93772,5,0
A,81,.,.,.,THR,CG2,A,219,.,.,.,CYS,CB,532,1653,5.6967,0,4.28399,-4.64182,5,0
A,81,.,.,.,THR,CG2,A,219,.,.,.,CYS,SG,532,1654,0.367906,0,4.96138,0.0820015,5,0
A,81,.,.,.,THR,CG2,A,222,.,.,.,TYR,CB,532,1676,2.74839,0,4.61955,-2.18402,5,0
A,81,.,.,.,THR,CG2,A,222,.,.,.,TYR,CD2,532,1679,7.13863,1.39672,4.41274,-5.06009,5,0
A,81,.,.,.,THR,CG2,A,223,.,.,.,PRO,CG,532,1689,7.10798,2.10904,4.63869,-4.66726,5,0
A,81,.,.,.,THR,CG2,A,223,.,.,.,PRO,CD,532,1690,2.52731,0,4.61583,-0.139938,5,0
A,82,.,.,.,LEU,N,A,82,.,.,.,LEU,CA,533,534,7.68217,0,1.45487,0,0,1
A,82,.,.,.,LEU,N,A,82,.,.,.,LEU,C,533,535,0.0310564,0,2.45777,0,0,0
A,82,.,.,.,LEU,N,A,82,.,.,.,LEU,CB,533,537,3.50625,0,2.42586,0,0,0
A,82,.,.,.,LEU,N,A,83,.,.,.,TYR,N,533,541,1.38979,0,2.77745,0,1,0
A,82,.,.,.,LEU,N,A,219,.,.,.,CYS,CB,533,1653,0.301851,0,5.10404,0.0680658,5,0
A,82,.,.,.,LEU,N,A,219,.,.,.,CYS,SG,533,1654,0.571926,0,4.50813,0.0542083,5,0
A,82,.,.,.,LEU,CA,A,82,.,.,.,LEU,C,534,535,6.58265,0,1.5285,0,0,1
A,82,.,.,.,LEU,CA,A,82,.,.,.,LEU,O,534,536,1.40245,0,2.40331,0,0,0
A,82,.,.,.,LEU,CA,A,82,.,.,.,LEU,CB,534,537,8.32876,0,1.52468,0,0,1
A,82,.,.,.,LEU,CA,A,82,.,.,.,LEU,CG,534,538,0.688552,0,2.66113,0,0,0
A,82,.,.,.,LEU,CA,A,82,.,.,.,LEU,CD1,534,539,2.77874,0,3.13377,0,0,0
A,82,.,.,.,LEU,CA,A,83,.,.,.,TYR,N,534,541,0.938474,0,2.45006,0,1,0
A,82,.,.,.,LEU,CA,A,85,.,.,.,VAL,CB,534,565,1.89124,0,4.4916,-0.826795,3,0
A,82,.,.,.,LEU,CA,A,85,.,.,.,VAL,CG2,534,567,0.267023,0,4.65628,0.00229,3,0
A,82,.,.,.,LEU,CA,A,219,.,.,.,CYS,SG,534,1654,5.02801,0,3.98252,-2.50833,5,0
A,82,.,.,.,LEU,C,A,82,.,.,.,LEU,O,535,536,7.6005,0,1.23417,0,0,1
A,82,.,.,.,LEU,C,A,82,.,.,.,LEU,CB,535,537,1.23625,0,2.52879,0,0,0
A,82,.,.,.,LEU,C,A,82,.,.,.,LEU,CG,535,538,1.37771,0,3.24467,0,0,0
A,82,.,.,.,LEU,C,A,83,.,.,.,TYR,N,535,541,6.35439,0,1.33686,0,1,1
A,82,.,.,.,LEU,C,A,83,.,.,.,TYR,CA,535,542,1.20687,0,2.43937,0,1,0
A,82,.,.,.,LEU,C,A,83,.,.,.,TYR,C,535,543,0.496675,0,3.04842,0,1,0
A,82,.,.,.,LEU,C,A,84,.,.,.,ASP,N,535,553,0.461623,0,3.40719,0.950629,2,0
A,82,.,.,.,LEU,C,A,85,.,.,.,VAL,N,535,561,0.520421,0,3.81052,0.946209,3,0
A,82,.,.,.,LEU,C,A,85,.,.,.,VAL,CB,535,565,0.123811,0,4.34108,-0.0669259,3,0
A,82,.,.,.,LEU,C,A,173,.,.,.,ILE,CD1,535,1302,1.66664,0,3.86795,-0.530051,5,0
A,82,.,.,.,LEU,O,A,82,.,.,.,LEU,CG,536,538,1.29424,0,3.53568,0,0,0
A,82,.,.,.,LEU,O,A,82,.,.,.,LEU,CD1,536,539,2.12401,0,3.73655,0,0,0
A,82,.,.,.,LEU,O,A,83,.,.,.,TYR,CA,536,542,2.35883,0,2.75658,0,1,0
A,82,.,.,.,LEU,O,A,83,.,.,.,TYR,C,536,543,1.56023,0,2.98631,0,1,0
A,82,.,.,.,LEU,O,A,83,.,.,.,TYR,O,536,544,0.101301,0,3.38745,0,1,0
A,82,.,.,.,LEU,O,A,85,.,.,.,VAL,N,536,561,1.6457,0,3.30037,-2.90532,3,0
A,82,.,.,.,LEU,O,A,85,.,.,.,VAL,CA,536,562,0.00958263,0,3.79711,0.00394152,3,0
A,82,.,.,.,LEU,O,A,85,.,.,.,VAL,CB,536,565,3.46629,0,3.68824,-1.18057,3,0
A,82,.,.,.,LEU,O,A,86,.,.,.,LEU,N,536,568,3.62283,0,3.06306,-5.26959,4,0
A,82,.,.,.,LEU,O,A,86,.,.,.,LEU,CB,536,572,0.87861,0,3.73377,-0.50049,4,0
A,82,.,.,.,LEU,O,A,86,.,.,.,LEU,CG,536,573,5.40442,0,3.50931,0.714232,4,0
A,82,.,.,.,LEU,O,A,86,.,.,.,LEU,CD1,536,574,0.28503,0,4.11006,0.0501618,4,0
A,82,.,.,.,LEU,O,A,173,.,.,.,ILE,CD1,536,1302,0.623942,0,4.11406,0.0492745,5,0
A,82,.,.,.,LEU,CB,A,82,.,.,.,LEU,CG,537,538,8.15025,0,1.5229,0,0,1
A,82,.,.,.,LEU,CB,A,82,.,.,.,LEU,CD1,537,539,1.99024,0,2.53224,0,0,0
A,82,.,.,.,LEU,CB,A,82,.,.,.,LEU,CD2,537,540,4.5281,0,2.40337,0,0,0
A,82,.,.,.,LEU,CB,A,83,.,.,.,TYR,N,537,541,0.756977,0,3.24892,0,1,0
A,82,.,.,.,LEU,CB,A,173,.,.,.,ILE,CG2,537,1301,1.72688,0,4.51152,-2.4794,5,0
A,82,.,.,.,LEU,CB,A,173,.,.,.,ILE,CD1,537,1302,1.65762,0,4.03873,-1.69893,5,0
A,82,.,.,.,LEU,CB,A,181,.,.,.,CYS,SG,537,1356,2.69031,0,4.32033,-1.64149,5,0
A,82,.,.,.,LEU,CB,A,219,.,.,.,CYS,SG,537,1654,0.944388,0,4.34743,-0.576217,5,0
A,82,.,.,.,LEU,CG,A,82,.,.,.,LEU,CD1,538,539,9.94631,0,1.52282,0,0,1
A,82,.,.,.,LEU,CG,A,82,.,.,.,LEU,CD2,538,540,9.17114,0,1.48499,0,0,1
A,82,.,.,.,LEU,CG,A,86,.,.,.,LEU,CG,538,573,0.577562,0,4.99342,-0.359273,4,0
A,82,.,.,.,LEU,CG,A,86,.,.,.,LEU,CD1,538,574,1.30483,0,4.83169,-1.97256,4,0
A,82,.,.,.,LEU,CG,A,173,.,.,.,ILE,CG1,538,1300,0.351474,0,4.29243,-0.550275,5,0
A,82,.,.,.,LEU,CG,A,173,.,.,.,ILE,CG2,538,1301,0.104959,0,4.53571,-0.152441,5,0
A,82,.,.,.,LEU,CG,A,173,.,.,.,ILE,CD1,538,1302,5.10751,0,3.78972,-7.26472,5,0
A,82,.,.,.,LEU,CG,A,183,.,.,.,ILE,CD1,538,1371,3.37771,0,3.75972,-4.80432,5,0
A,82,.,.,.,LEU,CD1,A,82,.,.,.,LEU,CD2,539,540,5.3662,0,2.46942,0,0,0
A,82,.,.,.,LEU,CD1,A,85,.,.,.,VAL,CB,539,565,1.57079,0,5.20754,-2.08646,3,0
A,82,.,.,.,LEU,CD1,A,85,.,.,.,VAL,CG1,539,566,0.547394,0,5.47112,-0.342182,3,0
A,82,.,.,.,LEU,CD1,A,86,.,.,.,LEU,CG,539,573,3.27527,0,4.81496,-4.95135,4,0
A,82,.,.,.,LEU,CD1,A,86,.,.,.,LEU,CD1,539,574,0.0301864,0,5.00181,-0.0271352,4,0
A,82,.,.,.,LEU,CD1,A,183,.,.,.,ILE,CG2,539,1370,1.45651,0,4.75186,-0.809067,5,0
A,82,.,.,.,LEU,CD1,A,183,.,.,.,ILE,CD1,539,1371,3.7639,0,3.87262,-7.99715,5,0
A,82,.,.,.,LEU,CD1,A,215,.,.,.,MET,CG,539,1620,3.88684,0,4.3173,-2.81339,5,0
A,82,.,.,.,LEU,CD1,A,215,.,.,.,MET,SD,539,1621,8.74209,0,3.8399,-16.0731,5,0
A,82,.,.,.,LEU,CD1,A,216,.,.,.,TYR,CA,539,1624,0.95748,0,5.94449,0.00762796,5,0
A,82,.,.,.,LEU,CD1,A,219,.,.,.,CYS,SG,539,1654,11.8421,0,3.43112,-18.7463,5,0
A,82,.,.,.,LEU,CD2,A,173,.,.,.,ILE,CG1,540,1300,1.62062,0,4.25071,-2.75481,5,0
A,82,.,.,.,LEU,CD2,A,173,.,.,.,ILE,CG2,540,1301,4.80155,0,4.0474,-9.26613,5,0
A,82,.,.,.,LEU,CD2,A,173,.,.,.,ILE,CD1,540,1302,0.0655784,0,4.23516,-0.0509708,5,0
A,82,.,.,.,LEU,CD2,A,181,.,.,.,CYS,SG,540,1356,10.1032,0,3.48699,-15.9316,5,0
A,82,.,.,.,LEU,CD2,A,182,.,.,.,VAL,C,540,1359,0.112422,0,5.17257,-0.0409821,5,0
A,82,.,.,.,LEU,CD2,A,183,.,.,.,ILE,N,540,1364,0.0376625,0,4.7633,0.0129903,5,0
A,82,.,.,.,LEU,CD2,A,183,.,.,.,ILE,CB,540,1368,7.33848,0,3.39581,-9.22367,5,0
A,82,.,.,.,LEU,CD2,A,183,.,.,.,ILE,CG2,540,1370,4.77864,0,3.66873,-2.89864,5,0
A,82,.,.,.,LEU,CD2,A,183,.,.,.,ILE,CD1,540,1371,2.16485,0,3.65282,-4.63892,5,0
A,83,.,.,.,TYR,N,A,83,.,.,.,TYR,CA,541,542,6.47849,0,1.46221,0,0,1
A,83,.,.,.,TYR,N,A,83,.,.,.,TYR,C,541,543,0.149523,0,2.46766,0,0,0
A,83,.,.,.,TYR,N,A,83,.,.,.,TYR,CB,541,545,2.00607,0,2.44144,0,0,0
A,83,.,.,.,TYR,N,A,84,.,.,.,ASP,N,541,553,1.42875,0,2.86118,0,1,0
A,83,.,.,.,TYR,N,A,173,.,.,.,ILE,CD1,541,1302,2.04468,0,3.66517,0.781377,5,0
A,83,.,.,.,TYR,CA,A,83,.,.,.,TYR,C,542,543,6.6934,0,1.52756,0,0,1
A,83,.,.,.,TYR,CA,A,83,.,.,.,TYR,O,542,544,2.15111,0,2.40593,0,0,0
A,83,.,.,.,TYR,CA,A,83,.,.,.,TYR,CB,542,545,8.01716,0,1.53128,0,0,1
A,83,.,.,.,TYR,CA,A,83,.,.,.,TYR,CG,542,546,0.485474,0,2.59524,0,0,0
A,83,.,.,.,TYR,CA,A,83,.,.,.,TYR,CD1,542,547,3.52165,0,3.19125,0,0,0
A,83,.,.,.,TYR,CA,A,84,.,.,.,ASP,N,542,553,0.968243,0,2.45029,0,1,0
A,83,.,.,.,TYR,CA,A,86,.,.,.,LEU,CB,542,572,1.65956,0,4.76222,0.377294,3,0
A,83,.,.,.,TYR,CA,A,86,.,.,.,LEU,CG,542,573,0.105292,0,5.10096,0.0201244,3,0
A,83,.,.,.,TYR,CA,A,86,.,.,.,LEU,CD1,542,574,0.397404,0,5.19945,-0.218542,3,0
A,83,.,.,.,TYR,CA,A,145,.,.,.,ILE,CD1,542,1072,0.389556,0,5.37058,0.00811481,5,0
A,83,.,.,.,TYR,CA,A,173,.,.,.,ILE,CD1,542,1302,4.82127,0,3.74531,-3.05402,5,0
A,83,.,.,.,TYR,C,A,83,.,.,.,TYR,O,543,544,8.34198,0,1.23718,0,0,1
A,83,.,.,.,TYR,C,A,83,.,.,.,TYR,CB,543,545,1.40205,0,2.52403,0,0,0
A,83,.,.,.,TYR,C,A,83,.,.,.,TYR,CG,543,546,1.13143,0,3.14775,0,0,0
A,83,.,.,.,TYR,C,A,83,.,.,.,TYR,CD2,543,548,1.51466,0,3.84578,0,0,0
A,83,.,.,.,TYR,C,A,84,.,.,.,ASP,N,543,553,6.90061,0,1.34041,0,1,1
A,83,.,.,.,TYR,C,A,84,.,.,.,ASP,CA,543,554,1.58214,0,2.44062,0,1,0
A,83,.,.,.,TYR,C,A,84,.,.,.,ASP,C,543,555,0.363831,0,2.97603,0,1,0
A,83,.,.,.,TYR,C,A,85,.,.,.,VAL,N,543,561,1.1589,0,3.20283,2.07054,2,0
A,83,.,.,.,TYR,C,A,86,.,.,.,LEU,N,543,568,0.198245,0,3.90211,0.34751,3,0
A,83,.,.,.,TYR,C,A,87,.,.,.,HIS,CD2,543,583,0.000138712,0,4.49728,-5.10393e-05,4,0
A,83,.,.,.,TYR,C,A,236,.,.,.,TRP,CD1,543,1809,0.212198,0,5.17152,-0.171597,5,0
A,83,.,.,.,TYR,O,A,83,.,.,.,TYR,CG,544,546,0.460618,0,3.52308,0,0,0
A,83,.,.,.,TYR,O,A,83,.,.,.,TYR,CD1,544,547,1.23484,0,3.85577,0,0,0
A,83,.,.,.,TYR,O,A,83,.,.,.,TYR,CD2,544,548,0.0736556,0,4.16565,0,0,0
A,83,.,.,.,TYR,O,A,84,.,.,.,ASP,CA,544,554,2.04735,0,2.76058,0,1,0
A,83,.,.,.,TYR,O,A,84,.,.,.,ASP,C,544,555,1.83986,0,2.88063,0,1,0
A,83,.,.,.,TYR,O,A,85,.,.,.,VAL,N,544,561,0.0867293,0,3.29858,0.0637426,2,0
A,83,.,.,.,TYR,O,A,86,.,.,.,LEU,N,544,568,1.94809,0,3.31739,-2.88027,3,0
A,83,.,.,.,TYR,O,A,86,.,.,.,LEU,CA,544,569,0.0731325,0,3.81869,0.0226778,3,0
A,83,.,.,.,TYR,O,A,86,.,.,.,LEU,CB,544,572,2.9818,0,3.78205,0.0149687,3,0
A,83,.,.,.,TYR,O,A,87,.,.,.,HIS,N,544,576,3.87398,0,3.04723,-4.34122,4,0
A,83,.,.,.,TYR,O,A,87,.,.,.,HIS,CB,544,580,2.98995,0,3.55523,-1.3157,4,0
A,83,.,.,.,TYR,O,A,87,.,.,.,HIS,CG,544,581,0.000842672,0,3.89152,-0.000279331,4,0
A,83,.,.,.,TYR,O,A,87,.,.,.,HIS,CD2,544,583,3.9435,0,3.63245,-1.18022,4,0
A,83,.,.,.,TYR,O,A,145,.,.,.,ILE,CD1,544,1072,1.34099,0,4.62837,-0.336609,5,0
A,83,.,.,.,TYR,O,A,236,.,.,.,TRP,CD1,544,1809,0.218547,0,4.85286,-0.074448,5,0
A,83,.,.,.,TYR,CB,A,83,.,.,.,TYR,CG,545,546,6.93963,0,1.52123,0,0,1
A,83,.,.,.,TYR,CB,A,83,.,.,.,TYR,CD1,545,547,2.43173,0,2.54509,0,0,0
A,83,.,.,.,TYR,CB,A,83,.,.,.,TYR,CD2,545,548,5.69361,0,2.53318,0,0,0
A,83,.,.,.,TYR,CB,A,84,.,.,.,ASP,N,545,553,1.85939,0,3.13889,0,1,0
A,83,.,.,.,TYR,CB,A,84,.,.,.,ASP,OD1,545,559,0.0541217,0,4.94181,0,1,0
A,83,.,.,.,TYR,CB,A,143,.,.,.,TYR,CB,545,1049,6.9406e-05,0,4.78404,-5.93642e-05,5,0
A,83,.,.,.,TYR,CB,A,143,.,.,.,TYR,CG,545,1050,0.109164,0,4.14564,-0.267019,5,0
A,83,.,.,.,TYR,CB,A,143,.,.,.,TYR,CD1,545,1051,3.08767,0,4.02604,-4.42621,5,0
A,83,.,.,.,TYR,CB,A,143,.,.,.,TYR,CD2,545,1052,0.00228617,0,4.28294,-0.00266743,5,0
A,83,.,.,.,TYR,CB,A,143,.,.,.,TYR,CE1,545,1053,1.97141,0,4.09711,-2.60145,5,0
A,83,.,.,.,TYR,CB,A,143,.,.,.,TYR,CE2,545,1054,0.0365062,0,4.34143,-0.0414546,5,0
A,83,.,.,.,TYR,CB,A,143,.,.,.,TYR,CZ,545,1055,1.51437,0,4.25327,-2.12658,5,0
A,83,.,.,.,TYR,CB,A,173,.,.,.,ILE,CD1,545,1302,2.38978,0,4.13222,-2.23141,5,0
A,83,.,.,.,TYR,CG,A,83,.,.,.,TYR,CD1,546,547,7.15574,0,1.3987,0,0,1
A,83,.,.,.,TYR,CG,A,83,.,.,.,TYR,CD2,546,548,7.45603,0,1.39165,0,0,1
A,83,.,.,.,TYR,CG,A,87,.,.,.,HIS,CD2,546,583,0.341034,0,4.10343,-0.664396,4,0
A,83,.,.,.,TYR,CG,A,143,.,.,.,TYR,CG,546,1050,0.325624,0,3.69963,-0.779244,5,0
A,83,.,.,.,TYR,CG,A,143,.,.,.,TYR,CD1,546,1051,0.0184316,0,4.08681,-0.0431281,5,0
A,83,.,.,.,TYR,CG,A,143,.,.,.,TYR,CD2,546,1052,1.04853,0,3.50331,-1.49868,5,0
A,83,.,.,.,TYR,CG,A,143,.,.,.,TYR,CE2,546,1054,0.292846,0,3.75635,-0.636996,5,0
A,83,.,.,.,TYR,CD1,A,83,.,.,.,TYR,CD2,547,548,0.69247,0,2.3913,0,0,0
A,83,.,.,.,TYR,CD1,A,83,.,.,.,TYR,CE1,547,549,9.82556,0,1.39429,0,0,1
A,83,.,.,.,TYR,CD1,A,83,.,.,.,TYR,CE2,547,550,0.0123817,0,2.7706,0,0,0
A,83,.,.,.,TYR,CD1,A,87,.,.,.,HIS,CD2,547,583,1.63427,0,3.81541,-1.58947,4,0
A,83,.,.,.,TYR,CD1,A,143,.,.,.,TYR,CB,547,1049,4.96351,0,3.49945,-7.11524,5,0
A,83,.,.,.,TYR,CD1,A,143,.,.,.,TYR,CG,547,1050,1.19772,0,3.47264,-1.71192,5,0
A,83,.,.,.,TYR,CD1,A,143,.,.,.,TYR,CD1,547,1051,0.0241454,0,4.19162,-0.0354409,5,0
A,83,.,.,.,TYR,CD1,A,143,.,.,.,TYR,CD2,547,1052,1.06424,0,3.46792,-1.46353,5,0
A,83,.,.,.,TYR,CD1,A,145,.,.,.,ILE,CG1,547,1070,1.20341,0,4.25225,-1.55982,5,0
A,83,.,.,.,TYR,CD1,A,145,.,.,.,ILE,CD1,547,1072,5.22483,0,3.90224,-8.01881,5,0
A,83,.,.,.,TYR,CD1,A,173,.,.,.,ILE,CD1,547,1302,4.16707,0,4.3697,-6.3954,5,0
A,83,.,.,.,TYR,CD2,A,83,.,.,.,TYR,CE1,548,549,0.00327351,0,2.77405,0,0,0
A,83,.,.,.,TYR,CD2,A,83,.,.,.,TYR,CE2,548,550,11.0632,0,1.39338,0,0,1
A,83,.,.,.,TYR,CD2,A,84,.,.,.,ASP,N,548,553,0.77119,0,4.30186,0,1,0
A,83,.,.,.,TYR,CD2,A,84,.,.,.,ASP,CA,548,554,0.0245549,0,5.14982,0,1,0
A,83,.,.,.,TYR,CD2,A,84,.,.,.,ASP,OD1,548,559,3.13391,0.409578,4.65472,0,1,0
A,83,.,.,.,TYR,CD2,A,87,.,.,.,HIS,CD2,548,583,1.51099,0,4.01096,-1.46957,4,0
A,83,.,.,.,TYR,CD2,A,143,.,.,.,TYR,CD2,548,1052,0.643236,0,3.5478,-0.884571,5,0
A,83,.,.,.,TYR,CD2,A,143,.,.,.,TYR,CE2,548,1054,4.78852,0,3.45255,-5.74071,5,0
A,83,.,.,.,TYR,CD2,A,143,.,.,.,TYR,CZ,548,1055,1.33747,0,4.05218,-2.36735,5,0
A,83,.,.,.,TYR,CD2,A,143,.,.,.,TYR,OH,548,1056,1.05765,0.757551,4.63133,-0.931948,5,0
A,83,.,.,.,TYR,CD2,A,236,.,.,.,TRP,CD1,548,1809,2.98149,0,4.46345,-2.94188,5,0
A,83,.,.,.,TYR,CD2,A,237,.,.,.,LEU,CD2,548,1824,6.61534,1.6044,4.16723,-9.32114,5,0
A,83,.,.,.,TYR,CE1,A,83,.,.,.,TYR,CE2,549,550,0.107334,0,2.40164,0,0,0
A,83,.,.,.,TYR,CE1,A,83,.,.,.,TYR,CZ,549,551,9.30126,0,1.38867,0,0,1
A,83,.,.,.,TYR,CE1,A,83,.,.,.,TYR,OH,549,552,2.48748,0,2.40001,0,0,0
A,83,.,.,.,TYR,CE1,A,87,.,.,.,HIS,CD2,549,583,1.8466,0,3.4175,-1.99442,4,0
A,83,.,.,.,TYR,CE1,A,87,.,.,.,HIS,NE2,549,585,1.93831,0,3.31172,-1.38945,4,0
A,83,.,.,.,TYR,CE1,A,136,.,.,.,TRP,CB,549,995,1.75886,0,4.61458,-2.25291,5,0
A,83,.,.,.,TYR,CE1,A,137,.,.,.,LEU,N,549,1005,0.437913,0,5.42037,0.0162769,5,0
A,83,.,.,.,TYR,CE1,A,137,.,.,.,LEU,C,549,1007,0.794362,0,5.60897,0.0527992,5,0
A,83,.,.,.,TYR,CE1,A,138,.,.,.,PRO,N,549,1013,0.00513461,0,5.61121,-0.00545804,5,0
A,83,.,.,.,TYR,CE1,A,143,.,.,.,TYR,CB,549,1049,5.07296,0,3.69676,-6.69422,5,0
A,83,.,.,.,TYR,CE1,A,143,.,.,.,TYR,CD2,549,1052,2.11154,0,3.52289,-2.53142,5,0
A,83,.,.,.,TYR,CE1,A,144,.,.,.,ILE,N,549,1057,0.284286,0,5.17811,0.056116,5,0
A,83,.,.,.,TYR,CE1,A,144,.,.,.,ILE,C,549,1059,0.113186,0,5.24344,-0.0376009,5,0
A,83,.,.,.,TYR,CE1,A,144,.,.,.,ILE,O,549,1060,1.55783,0,4.86813,-0.479789,5,0
A,83,.,.,.,TYR,CE1,A,145,.,.,.,ILE,CG1,549,1070,5.60368,0,3.80183,-6.32386,5,0
A,83,.,.,.,TYR,CE1,A,145,.,.,.,ILE,CD1,549,1072,2.22212,0,3.74859,-3.00436,5,0
A,83,.,.,.,TYR,CE2,A,83,.,.,.,TYR,CZ,550,551,9.81592,0,1.38142,0,0,1
A,83,.,.,.,TYR,CE2,A,83,.,.,.,TYR,OH,550,552,4.3122,0.62535,2.39017,0,0,0
A,83,.,.,.,TYR,CE2,A,87,.,.,.,HIS,CD2,550,583,2.65565,0,3.64169,-2.93375,4,0
A,83,.,.,.,TYR,CE2,A,87,.,.,.,HIS,NE2,550,585,0.108136,0,3.83027,-0.144938,4,0
A,83,.,.,.,TYR,CE2,A,138,.,.,.,PRO,CG,550,1018,3.36624,2.36143,4.93367,-4.27839,5,0
A,83,.,.,.,TYR,CE2,A,143,.,.,.,TYR,CD2,550,1052,1.31279,0,3.59323,-1.57384,5,0
A,83,.,.,.,TYR,CE2,A,143,.,.,.,TYR,CE2,550,1054,4.14426,0.501709,3.66387,-4.7644,5,0
A,83,.,.,.,TYR,CE2,A,236,.,.,.,TRP,O,550,1806,2.15072,0.463737,4.96737,-0.901795,5,0
A,83,.,.,.,TYR,CE2,A,236,.,.,.,TRP,CB,550,1807,0.52559,0,5.29833,-0.560679,5,0
A,83,.,.,.,TYR,CE2,A,236,.,.,.,TRP,CD1,550,1809,2.79605,0,4.35938,-2.9209,5,0
A,83,.,.,.,TYR,CE2,A,237,.,.,.,LEU,CD2,550,1824,9.68656,2.76275,3.95081,-12.3488,5,0
A,83,.,.,.,TYR,CZ,A,83,.,.,.,TYR,OH,551,552,9.75648,0,1.38214,0,0,1
A,83,.,.,.,TYR,CZ,A,87,.,.,.,HIS,CD2,551,583,1.48033,0,3.32432,-1.75224,4,0
A,83,.,.,.,TYR,CZ,A,87,.,.,.,HIS,NE2,551,585,1.8729,0,3.11368,-0.860491,4,0
A,83,.,.,.,TYR,CZ,A,137,.,.,.,LEU,C,551,1007,0.021054,0,5.52079,-0.00266595,5,0
A,83,.,.,.,TYR,CZ,A,138,.,.,.,PRO,N,551,1013,0.115831,0,5.27199,-0.136601,5,0
A,83,.,.,.,TYR,CZ,A,138,.,.,.,PRO,CG,551,1018,1.11344,0,4.68315,-2.13555,5,0
A,83,.,.,.,TYR,CZ,A,143,.,.,.,TYR,CD2,551,1052,2.76721,0,3.58174,-3.41947,5,0
A,83,.,.,.,TYR,OH,A,87,.,.,.,HIS,NE2,552,585,3.49973,0,3.01821,-4.86791,4,0
A,83,.,.,.,TYR,OH,A,136,.,.,.,TRP,CB,552,995,3.91551,0,3.6583,-4.31145,5,0
A,83,.,.,.,TYR,OH,A,136,.,.,.,TRP,CD1,552,997,8.64856,0.881536,3.31544,-6.45125,5,0
A,83,.,.,.,TYR,OH,A,137,.,.,.,LEU,N,552,1005,1.77756,0,4.48732,-0.169419,5,0
A,83,.,.,.,TYR,OH,A,137,.,.,.,LEU,C,552,1007,0.569045,0,4.88279,-0.152798,5,0
A,83,.,.,.,TYR,OH,A,138,.,.,.,PRO,N,552,1013,0.166594,0,4.67173,-0.201186,5,0
A,83,.,.,.,TYR,OH,A,138,.,.,.,PRO,CG,552,1018,5.35257,1.8723,4.15307,-5.83076,5,0
A,83,.,.,.,TYR,OH,A,138,.,.,.,PRO,CD,552,1019,3.53627,0,4.30036,-3.74813,5,0
A,83,.,.,.,TYR,OH,A,236,.,.,.,TRP,O,552,1806,3.00797,1.39411,4.6977,-1.77725,5,0
A,83,.,.,.,TYR,OH,A,236,.,.,.,TRP,CB,552,1807,0.0680913,0,5.38232,-0.0513535,5,0
A,84,.,.,.,ASP,N,A,84,.,.,.,ASP,CA,553,554,7.22365,0,1.46295,0,0,1
A,84,.,.,.,ASP,N,A,84,.,.,.,ASP,C,553,555,0.0500733,0,2.46325,0,0,0
A,84,.,.,.,ASP,N,A,84,.,.,.,ASP,CB,553,557,1.78093,0,2.46275,0,0,0
A,84,.,.,.,ASP,N,A,84,.,.,.,ASP,CG,553,558,0.591797,0,3.09882,0,0,0
A,84,.,.,.,ASP,N,A,84,.,.,.,ASP,OD1,553,559,1.86457,0,3.16185,0,0,0
A,84,.,.,.,ASP,N,A,85,.,.,.,VAL,N,553,561,1.36932,0,2.81053,0,1,0
A,84,.,.,.,ASP,CA,A,84,.,.,.,ASP,C,554,555,6.65063,0,1.52032,0,0,1
A,84,.,.,.,ASP,CA,A,84,.,.,.,ASP,O,554,556,1.83512,0,2.40559,0,0,0
A,84,.,.,.,ASP,CA,A,84,.,.,.,ASP,CB,554,557,8.22997,0,1.53349,0,0,1
A,84,.,.,.,ASP,CA,A,84,.,.,.,ASP,CG,554,558,0.34899,0,2.5433,0,0,0
A,84,.,.,.,ASP,CA,A,84,.,.,.,ASP,OD1,554,559,2.43641,0,2.76788,0,0,0
A,84,.,.,.,ASP,CA,A,85,.,.,.,VAL,N,554,561,0.975629,0,2.43326,0,1,0
A,84,.,.,.,ASP,CA,A,87,.,.,.,HIS,CB,554,580,1.45896,0,4.53872,0.275422,3,0
A,84,.,.,.,ASP,CA,A,236,.,.,.,TRP,CD1,554,1809,0.674844,0,4.49975,-0.15647,5,0
A,84,.,.,.,ASP,CA,A,236,.,.,.,TRP,NE1,554,1811,3.94992,0,3.62258,-0.727256,5,0
A,84,.,.,.,ASP,CA,A,236,.,.,.,TRP,CE2,554,1812,0.56963,0,4.1283,-0.215981,5,0
A,84,.,.,.,ASP,CA,A,236,.,.,.,TRP,CZ2,554,1814,1.07659,0,4.23069,-0.484237,5,0
A,84,.,.,.,ASP,C,A,84,.,.,.,ASP,O,555,556,8.41378,0,1.24215,0,0,1
A,84,.,.,.,ASP,C,A,84,.,.,.,ASP,CB,555,557,2.99559,0,2.49019,0,0,0
A,84,.,.,.,ASP,C,A,85,.,.,.,VAL,N,555,561,6.67383,0,1.33397,0,1,1
A,84,.,.,.,ASP,C,A,85,.,.,.,VAL,CA,555,562,1.78239,0,2.43184,0,1,0
A,84,.,.,.,ASP,C,A,85,.,.,.,VAL,C,555,563,0.400951,0,3.04804,0,1,0
A,84,.,.,.,ASP,C,A,86,.,.,.,LEU,N,555,568,0.551514,0,3.35098,1.0297,2,0
A,84,.,.,.,ASP,C,A,87,.,.,.,HIS,N,555,576,0.625187,0,3.67933,0.886315,3,0
A,84,.,.,.,ASP,C,A,87,.,.,.,HIS,CB,555,580,0.074674,0,4.35224,0.0123062,3,0
A,84,.,.,.,ASP,C,A,222,.,.,.,TYR,CE2,555,1681,0.0300105,0,4.60101,-0.0112,5,0
A,84,.,.,.,ASP,C,A,222,.,.,.,TYR,CZ,555,1682,1.30594,0,4.5502,-0.106562,5,0
A,84,.,.,.,ASP,C,A,222,.,.,.,TYR,OH,555,1683,0.0350526,0,4.55103,-0.00605551,5,0
A,84,.,.,.,ASP,O,A,84,.,.,.,ASP,CB,556,557,0.232833,0,3.28828,0,0,0
A,84,.,.,.,ASP,O,A,85,.,.,.,VAL,CA,556,562,2.19876,0,2.7604,0,1,0
A,84,.,.,.,ASP,O,A,85,.,.,.,VAL,C,556,563,1.45977,0,2.99438,0,1,0
A,84,.,.,.,ASP,O,A,85,.,.,.,VAL,O,556,564,0.00344166,0,3.4504,0,1,0
A,84,.,.,.,ASP,O,A,87,.,.,.,HIS,N,556,576,1.98859,0,3.13661,-0.970223,3,0
A,84,.,.,.,ASP,O,A,87,.,.,.,HIS,CA,556,577,0.156778,0,3.64028,0.086882,3,0
A,84,.,.,.,ASP,O,A,87,.,.,.,HIS,CB,556,580,2.27378,0,3.70499,0.0883376,3,0
A,84,.,.,.,ASP,O,A,88,.,.,.,ASP,N,556,586,4.07507,0,2.84375,0.493319,4,0
A,84,.,.,.,ASP,O,A,88,.,.,.,ASP,CB,556,590,5.5087,0,3.23886,3.39339,4,0
A,84,.,.,.,ASP,O,A,222,.,.,.,TYR,CZ,556,1682,0.360286,0,4.54753,0.0297462,5,0
A,84,.,.,.,ASP,O,A,222,.,.,.,TYR,OH,556,1683,0.593844,0,4.30564,-0.0813797,5,0
A,84,.,.,.,ASP,O,A,236,.,.,.,TRP,CE2,556,1812,0.31311,0,4.16361,0.137033,5,0
A,84,.,.,.,ASP,O,A,236,.,.,.,TRP,CZ2,556,1814,2.94536,0,3.92444,-1.1435,5,0
A,84,.,.,.,ASP,CB,A,84,.,.,.,ASP,CG,557,558,10.3811,0,1.51729,0,0,1
A,84,.,.,.,ASP,CB,A,84,.,.,.,ASP,OD1,557,559,0.0510809,0,2.39553,0,0,0
A,84,.,.,.,ASP,CB,A,84,.,.,.,ASP,OD2,557,560,3.01747,0,2.36748,0,0,0
A,84,.,.,.,ASP,CB,A,85,.,.,.,VAL,N,557,561,1.84139,0,3.1385,0,1,0
A,84,.,.,.,ASP,CB,A,85,.,.,.,VAL,CG2,557,567,0.255355,0,4.91201,0,1,0
A,84,.,.,.,ASP,CB,A,222,.,.,.,TYR,CD2,557,1679,1.2623,0,4.23537,-0.263415,5,0
A,84,.,.,.,ASP,CB,A,222,.,.,.,TYR,CE2,557,1681,8.00601,0,3.45394,-6.89234,5,0
A,84,.,.,.,ASP,CB,A,222,.,.,.,TYR,CZ,557,1682,1.02563,0,3.96159,-1.47916,5,0
A,84,.,.,.,ASP,CB,A,222,.,.,.,TYR,OH,557,1683,2.66351,0,3.93009,-3.21952,5,0
A,84,.,.,.,ASP,CB,A,234,.,.,.,LYS,CE,557,1794,0.231536,0,4.96721,-0.107164,5,0
A,84,.,.,.,ASP,CB,A,236,.,.,.,TRP,NE1,557,1811,0.172958,0,3.9954,-0.123284,5,0
A,84,.,.,.,ASP,CB,A,236,.,.,.,TRP,CZ2,557,1814,2.91656,0,4.2096,-2.66846,5,0
A,84,.,.,.,ASP,CG,A,84,.,.,.,ASP,OD1,558,559,11.1005,0.126845,1.25554,0,0,1
A,84,.,.,.,ASP,CG,A,84,.,.,.,ASP,OD2,558,560,11.5331,0.111999,1.24716,0,0,1
A,84,.,.,.,ASP,CG,A,222,.,.,.,TYR,CE2,558,1681,0.00101711,0,4.21043,-0.00148098,5,0
A,84,.,.,.,ASP,CG,A,234,.,.,.,LYS,CD,558,1793,2.16939,0,4.20669,-2.25673,5,0
A,84,.,.,.,ASP,CG,A,234,.,.,.,LYS,CE,558,1794,1.4588,0,4.16437,-2.47393,5,0
A,84,.,.,.,ASP,CG,A,236,.,.,.,TRP,NE1,558,1811,0.284291,0,3.62338,-0.500494,5,0
A,84,.,.,.,ASP,CG,A,236,.,.,.,TRP,CZ2,558,1814,1.06152,0,4.31208,-0.833766,5,0
A,84,.,.,.,ASP,CG,A,237,.,.,.,LEU,CD1,558,1823,0.00103629,0,4.77134,-0.00038418,5,0
A,84,.,.,.,ASP,OD1,A,84,.,.,.,ASP,OD2,559,560,0.64888,0.443749,2.2023,0,0,0
A,84,.,.,.,ASP,OD1,A,234,.,.,.,LYS,CD,559,1793,1.3735,0,4.13682,-1.03484,5,0
A,84,.,.,.,ASP,OD1,A,236,.,.,.,TRP,CD1,559,1809,0.784811,0,3.68197,-0.503605,5,0
A,84,.,.,.,ASP,OD1,A,236,.,.,.,TRP,NE1,559,1811,6.3027,0,2.75105,-8.05378,5,0
A,84,.,.,.,ASP,OD1,A,237,.,.,.,LEU,CG,559,1822,0.514332,0,4.22511,0.296525,5,0
A,84,.,.,.,ASP,OD1,A,237,.,.,.,LEU,CD1,559,1823,6.48546,1.6509,3.87743,5.06759,5,0
A,84,.,.,.,ASP,OD1,A,237,.,.,.,LEU,CD2,559,1824,2.75825,0.75777,4.3462,1.84025,5,0
A,84,.,.,.,ASP,OD2,A,222,.,.,.,TYR,CD2,560,1679,0.33574,0.737141,4.78443,0.0957944,5,0
A,84,.,.,.,ASP,OD2,A,222,.,.,.,TYR,CE2,560,1681,3.72533,0.850724,4.01108,-1.10382,5,0
A,84,.,.,.,ASP,OD2,A,234,.,.,.,LYS,CD,560,1793,0.334415,0,3.98903,-0.320093,5,0
A,84,.,.,.,ASP,OD2,A,234,.,.,.,LYS,CE,560,1794,0.601567,0,3.63366,-0.747567,5,0
A,84,.,.,.,ASP,OD2,A,234,.,.,.,LYS,NZ,560,1795,12.7929,5.39022,2.83366,-17.8813,5,0
A,84,.,.,.,ASP,OD2,A,237,.,.,.,LEU,CD1,560,1823,1.68335,1.55462,4.85298,0.926334,5,0
A,85,.,.,.,VAL,N,A,85,.,.,.,VAL,CA,561,562,6.37206,0,1.45917,0,0,1
A,85,.,.,.,VAL,N,A,85,.,.,.,VAL,C,561,563,0.132035,0,2.45149,0,0,0
A,85,.,.,.,VAL,N,A,85,.,.,.,VAL,CB,561,565,1.85786,0,2.44531,0,0,0
A,85,.,.,.,VAL,N,A,85,.,.,.,VAL,CG2,561,567,2.49286,0,2.94023,0,0,0
A,85,.,.,.,VAL,N,A,86,.,.,.,LEU,N,561,568,1.67771,0,2.80393,0,1,0
A,85,.,.,.,VAL,N,A,222,.,.,.,TYR,CE2,561,1681,0.26681,0,4.72124,0.0692983,5,0
A,85,.,.,.,VAL,N,A,222,.,.,.,TYR,CZ,561,1682,0.0704098,0,4.82181,0.0199527,5,0
A,85,.,.,.,VAL,CA,A,85,.,.,.,VAL,C,562,563,6.32913,0,1.52299,0,0,1
A,85,.,.,.,VAL,CA,A,85,.,.,.,VAL,O,562,564,2.31723,0,2.40572,0,0,0
A,85,.,.,.,VAL,CA,A,85,.,.,.,VAL,CB,562,565,6.99771,0,1.53682,0,0,1
A,85,.,.,.,VAL,CA,A,85,.,.,.,VAL,CG1,562,566,1.88704,0,2.52118,0,0,0
A,85,.,.,.,VAL,CA,A,85,.,.,.,VAL,CG2,562,567,3.15604,0,2.49285,0,0,0
A,85,.,.,.,VAL,CA,A,86,.,.,.,LEU,N,562,568,0.8708,0,2.43941,0,1,0
A,85,.,.,.,VAL,CA,A,88,.,.,.,ASP,CB,562,590,2.83291,0,4.59829,2.98416,3,0
A,85,.,.,.,VAL,CA,A,91,.,.,.,TYR,CD2,562,618,2.43251,0,4.76947,-0.0968648,5,0
A,85,.,.,.,VAL,CA,A,222,.,.,.,TYR,CD1,562,1678,0.0662197,0,5.00375,-0.0146114,5,0
A,85,.,.,.,VAL,CA,A,222,.,.,.,TYR,CE1,562,1680,1.84455,0,4.95549,0.0285394,5,0
A,85,.,.,.,VAL,CA,A,222,.,.,.,TYR,CE2,562,1681,0.000680723,0,5.18278,-6.96972e-05,5,0
A,85,.,.,.,VAL,CA,A,222,.,.,.,TYR,CZ,562,1682,0.48442,0,5.04388,0.0841486,5,0
A,85,.,.,.,VAL,C,A,85,.,.,.,VAL,O,563,564,7.63876,0,1.23663,0,0,1
A,85,.,.,.,VAL,C,A,85,.,.,.,VAL,CB,563,565,0.8259,0,2.53819,0,0,0
A,85,.,.,.,VAL,C,A,85,.,.,.,VAL,CG1,563,566,3.19753,0,2.89811,0,0,0
A,85,.,.,.,VAL,C,A,86,.,.,.,LEU,N,563,568,6.5849,0,1.33377,0,1,1
A,85,.,.,.,VAL,C,A,86,.,.,.,LEU,CA,563,569,1.77894,0,2.41244,0,1,0
A,85,.,.,.,VAL,C,A,86,.,.,.,LEU,C,563,570,0.32371,0,3.00673,0,1,0
A,85,.,.,.,VAL,C,A,87,.,.,.,HIS,N,563,576,1.13701,0,3.19646,2.18092,2,0
A,85,.,.,.,VAL,C,A,88,.,.,.,ASP,N,563,586,0.317628,0,3.91298,0.664109,3,0
A,85,.,.,.,VAL,C,A,88,.,.,.,ASP,CB,563,590,0.00321852,0,4.64762,0.000326429,3,0
A,85,.,.,.,VAL,O,A,85,.,.,.,VAL,CG1,564,566,4.16864,0,3.22656,0,0,0
A,85,.,.,.,VAL,O,A,86,.,.,.,LEU,CA,564,569,4.81776,0.615695,2.71621,0,1,0
A,85,.,.,.,VAL,O,A,86,.,.,.,LEU,C,564,570,2.40046,0,2.95329,0,1,0
A,85,.,.,.,VAL,O,A,86,.,.,.,LEU,O,564,571,1.96844,0.53204,3.51298,0,1,0
A,85,.,.,.,VAL,O,A,87,.,.,.,HIS,N,564,576,0.076979,0,3.34552,0.0452771,2,0
A,85,.,.,.,VAL,O,A,88,.,.,.,ASP,N,564,586,3.70964,0,3.44684,-3.68904,3,0
A,85,.,.,.,VAL,O,A,88,.,.,.,ASP,CA,564,587,0.0635229,0,4.21606,0.0296434,3,0
A,85,.,.,.,VAL,O,A,88,.,.,.,ASP,C,564,588,0.159984,0,4.46445,0.203646,3,0
A,85,.,.,.,VAL,O,A,88,.,.,.,ASP,O,564,589,4.34548,0.0424243,4.1381,4.14893,3,0
A,85,.,.,.,VAL,O,A,88,.,.,.,ASP,CB,564,590,2.41428,0,4.17071,0.332598,3,0
A,85,.,.,.,VAL,O,A,91,.,.,.,TYR,CB,564,615,0.436482,0,5.41598,-0.153795,5,0
A,85,.,.,.,VAL,O,A,91,.,.,.,TYR,CD2,564,618,1.38126,0,4.94961,-0.763339,5,0
A,85,.,.,.,VAL,O,A,92,.,.,.,ARG,CG,564,628,3.68078,0.154602,5.44213,-0.313314,5,0
A,85,.,.,.,VAL,O,A,92,.,.,.,ARG,NE,564,630,0.750556,0.831464,5.62917,-0.261627,5,0
A,85,.,.,.,VAL,O,A,95,.,.,.,TRP,NE1,564,660,2.20996,0,4.83768,-1.77781,5,0
A,85,.,.,.,VAL,O,A,95,.,.,.,TRP,CZ2,564,663,3.74635,0.244214,4.87649,-1.35018,5,0
A,85,.,.,.,VAL,CB,A,85,.,.,.,VAL,CG1,565,566,11.4127,0,1.52397,0,0,1
A,85,.,.,.,VAL,CB,A,85,.,.,.,VAL,CG2,565,567,9.58724,0,1.51862,0,0,1
A,85,.,.,.,VAL,CB,A,86,.,.,.,LEU,N,565,568,2.07187,0,3.1933,0,1,0
A,85,.,.,.,VAL,CB,A,86,.,.,.,LEU,CG,565,573,0.328759,0,5.39285,0,1,0
A,85,.,.,.,VAL,CB,A,91,.,.,.,TYR,CD2,565,618,0.0974847,0,4.73139,-0.123362,5,0
A,85,.,.,.,VAL,CB,A,219,.,.,.,CYS,SG,565,1654,3.00278,0,4.08932,-4.05138,5,0
A,85,.,.,.,VAL,CG1,A,85,.,.,.,VAL,CG2,566,567,4.10392,0,2.51767,0,0,0
A,85,.,.,.,VAL,CG1,A,86,.,.,.,LEU,N,566,568,0.883289,0,3.67217,0,1,0
A,85,.,.,.,VAL,CG1,A,86,.,.,.,LEU,CA,566,569,0.118291,0,4.71701,0,1,0
A,85,.,.,.,VAL,CG1,A,86,.,.,.,LEU,CG,566,573,0.31912,0,5.53298,0,1,0
A,85,.,.,.,VAL,CG1,A,86,.,.,.,LEU,CD2,566,575,2.26202,0,5.43846,0,1,0
A,85,.,.,.,VAL,CG1,A,91,.,.,.,TYR,CD2,566,618,3.6622,0,4.18093,-4.6964,5,0
A,85,.,.,.,VAL,CG1,A,91,.,.,.,TYR,CE2,566,620,2.97552,0,4.19829,-3.47427,5,0
A,85,.,.,.,VAL,CG1,A,95,.,.,.,TRP,NE1,566,660,3.9589,0,4.14171,-2.74787,5,0
A,85,.,.,.,VAL,CG1,A,95,.,.,.,TRP,CE2,566,661,1.15622,0,4.36587,-1.24372,5,0
A,85,.,.,.,VAL,CG1,A,95,.,.,.,TRP,CZ2,566,663,6.53856,0,4.32126,-8.06354,5,0
A,85,.,.,.,VAL,CG1,A,215,.,.,.,MET,O,566,1618,0.874952,0,4.82246,-0.366109,5,0
A,85,.,.,.,VAL,CG1,A,215,.,.,.,MET,CG,566,1620,7.82513,0,4.60078,-10.5129,5,0
A,85,.,.,.,VAL,CG1,A,215,.,.,.,MET,SD,566,1621,0.151537,0,5.50128,-0.126974,5,0
A,85,.,.,.,VAL,CG1,A,218,.,.,.,ALA,C,566,1646,0.227822,0,5.07594,-0.193529,5,0
A,85,.,.,.,VAL,CG1,A,218,.,.,.,ALA,CB,566,1648,5.80562,0,4.54029,-8.77787,5,0
A,85,.,.,.,VAL,CG1,A,219,.,.,.,CYS,N,566,1649,0.690093,0,4.91208,0.293375,5,0
A,85,.,.,.,VAL,CG1,A,219,.,.,.,CYS,SG,566,1654,3.77985,0,4.22909,-5.92975,5,0
A,85,.,.,.,VAL,CG2,A,91,.,.,.,TYR,CD2,567,618,0.906412,0,4.55786,-1.19602,5,0
A,85,.,.,.,VAL,CG2,A,91,.,.,.,TYR,CE2,567,620,2.73949,0,4.34949,-3.39913,5,0
A,85,.,.,.,VAL,CG2,A,218,.,.,.,ALA,C,567,1646,0.780926,0,4.83743,-0.571238,5,0
A,85,.,.,.,VAL,CG2,A,218,.,.,.,ALA,O,567,1647,0.203391,0,4.71324,0.00539728,5,0
A,85,.,.,.,VAL,CG2,A,219,.,.,.,CYS,N,567,1649,0.274503,0,4.55677,0.0682727,5,0
A,85,.,.,.,VAL,CG2,A,219,.,.,.,CYS,CA,567,1650,4.634,0,4.0954,-2.16584,5,0
A,85,.,.,.,VAL,CG2,A,219,.,.,.,CYS,CB,567,1653,0.285027,0,4.45014,-0.114905,5,0
A,85,.,.,.,VAL,CG2,A,219,.,.,.,CYS,SG,567,1654,4.2207,0,3.87649,-6.64333,5,0
A,85,.,.,.,VAL,CG2,A,222,.,.,.,TYR,CB,567,1676,5.31599,0,3.78478,-7.58225,5,0
A,85,.,.,.,VAL,CG2,A,222,.,.,.,TYR,CG,567,1677,1.72544,0,3.6556,-1.9308,5,0
A,85,.,.,.,VAL,CG2,A,222,.,.,.,TYR,CD1,567,1678,2.66473,0,4.04022,-2.70431,5,0
A,85,.,.,.,VAL,CG2,A,222,.,.,.,TYR,CD2,567,1679,3.65381,0,3.95641,-4.82124,5,0
A,85,.,.,.,VAL,CG2,A,222,.,.,.,TYR,CE1,567,1680,0.269767,0,4.64215,-0.214231,5,0
A,85,.,.,.,VAL,CG2,A,222,.,.,.,TYR,CE2,567,1681,0.513189,0,4.55817,-0.40754,5,0
A,85,.,.,.,VAL,CG2,A,222,.,.,.,TYR,CZ,567,1682,0.0933578,0,4.87116,-0.149535,5,0
A,86,.,.,.,LEU,N,A,86,.,.,.,LEU,CA,568,569,6.85532,0,1.45677,0,0,1
A,86,.,.,.,LEU,N,A,86,.,.,.,LEU,C,568,570,0.0309609,0,2.46704,0,0,0
A,86,.,.,.,LEU,N,A,86,.,.,.,LEU,CB,568,572,1.58427,0,2.4483,0,0,0
A,86,.,.,.,LEU,N,A,86,.,.,.,LEU,CG,568,573,2.72654,0,3.09951,0,0,0
A,86,.,.,.,LEU,N,A,86,.,.,.,LEU,CD2,568,575,0.452108,0,3.69689,0,0,0
A,86,.,.,.,LEU,N,A,87,.,.,.,HIS,N,568,576,1.49573,0,2.79246,0,1,0
A,86,.,.,.,LEU,CA,A,86,.,.,.,LEU,C,569,570,6.79381,0,1.52384,0,0,1
A,86,.,.,.,LEU,CA,A,86,.,.,.,LEU,O,569,571,5.01254,0.352669,2.38968,0,0,0
A,86,.,.,.,LEU,CA,A,86,.,.,.,LEU,CB,569,572,7.73045,0,1.52781,0,0,1
A,86,.,.,.,LEU,CA,A,86,.,.,.,LEU,CG,569,573,1.10829,0,2.57031,0,0,0
A,86,.,.,.,LEU,CA,A,86,.,.,.,LEU,CD2,569,575,8.55093,0.631605,2.97939,0,0,0
A,86,.,.,.,LEU,CA,A,87,.,.,.,HIS,N,569,576,0.967998,0,2.45149,0,1,0
A,86,.,.,.,LEU,CA,A,92,.,.,.,ARG,NE,569,630,0.818421,1.1635,6.20829,0.749657,5,0
A,86,.,.,.,LEU,CA,A,92,.,.,.,ARG,NH2,569,633,0.373213,0.323708,6.12524,0.105102,5,0
A,86,.,.,.,LEU,CA,A,95,.,.,.,TRP,CZ2,569,663,0.323072,0.466987,6.15541,-0.128978,5,0
A,86,.,.,.,LEU,C,A,86,.,.,.,LEU,O,570,571,9.68099,0,1.2338,0,0,1
A,86,.,.,.,LEU,C,A,86,.,.,.,LEU,CB,570,572,3.27954,0,2.50559,0,0,0
A,86,.,.,.,LEU,C,A,87,.,.,.,HIS,N,570,576,7.02779,0,1.33338,0,1,1
A,86,.,.,.,LEU,C,A,87,.,.,.,HIS,CA,570,577,2.08173,0,2.42752,0,1,0
A,86,.,.,.,LEU,C,A,87,.,.,.,HIS,C,570,578,0.267391,0,3.20697,0,1,0
A,86,.,.,.,LEU,C,A,88,.,.,.,ASP,N,570,586,0.959352,0,3.4488,1.97561,2,0
A,86,.,.,.,LEU,C,A,145,.,.,.,ILE,CD1,570,1072,1.39992,0,4.65172,-1.11658,5,0
A,86,.,.,.,LEU,O,A,86,.,.,.,LEU,CB,571,572,2.67775,1.96682,3.22763,0,0,0
A,86,.,.,.,LEU,O,A,86,.,.,.,LEU,CD2,571,575,0.680177,1.90176,4.566,0,0,0
A,86,.,.,.,LEU,O,A,87,.,.,.,HIS,CA,571,577,6.01349,1.35488,2.74562,0,1,0
A,86,.,.,.,LEU,O,A,87,.,.,.,HIS,C,571,578,3.40073,0.216239,3.25322,0,1,0
A,86,.,.,.,LEU,O,A,87,.,.,.,HIS,O,571,579,0.882189,1.26929,3.88161,0,1,0
A,86,.,.,.,LEU,O,A,88,.,.,.,ASP,N,571,586,0.680254,0,3.69996,0.746926,2,0
A,86,.,.,.,LEU,O,A,88,.,.,.,ASP,C,571,588,0.994147,1.26351,5.02355,1.43265,2,0
A,86,.,.,.,LEU,O,A,88,.,.,.,ASP,O,571,589,0.00837941,0.150792,5.28806,0.0111291,2,0
A,86,.,.,.,LEU,O,A,89,.,.,.,ILE,N,571,594,0.0538372,0.220566,5.36435,0.0413813,3,0
A,86,.,.,.,LEU,O,A,89,.,.,.,ILE,CA,571,595,0.00718669,0.32175,6.01725,0.00217286,3,0
A,86,.,.,.,LEU,O,A,89,.,.,.,ILE,CG1,571,599,0.163337,1.10639,6.09402,-0.0672256,3,0
A,86,.,.,.,LEU,O,A,92,.,.,.,ARG,CG,571,628,2.49204,2.71132,5.86957,-0.262008,5,0
A,86,.,.,.,LEU,O,A,92,.,.,.,ARG,NE,571,630,2.14543,2.1694,5.60975,-1.44481,5,0
A,86,.,.,.,LEU,O,A,92,.,.,.,ARG,NH2,571,633,0.724656,1.57833,5.85801,-0.437136,5,0
A,86,.,.,.,LEU,O,A,134,.,.,.,ARG,CD,571,980,2.35135,4.0761,5.8566,-1.22726,5,0
A,86,.,.,.,LEU,O,A,134,.,.,.,ARG,NE,571,981,0.977692,1.1576,5.65526,-0.658414,5,0
A,86,.,.,.,LEU,O,A,145,.,.,.,ILE,CG2,571,1071,0.127421,1.04884,6.05906,0.0247914,5,0
A,86,.,.,.,LEU,O,A,145,.,.,.,ILE,CD1,571,1072,1.45096,1.20576,4.98988,0.114587,5,0
A,86,.,.,.,LEU,CB,A,86,.,.,.,LEU,CG,572,573,8.58924,0,1.53401,0,0,1
A,86,.,.,.,LEU,CB,A,86,.,.,.,LEU,CD1,572,574,4.35692,0,2.53503,0,0,0
A,86,.,.,.,LEU,CB,A,86,.,.,.,LEU,CD2,572,575,3.76174,0.700245,2.48797,0,0,0
A,86,.,.,.,LEU,CB,A,87,.,.,.,HIS,N,572,576,1.13635,0,3.25466,0,1,0
A,86,.,.,.,LEU,CB,A,145,.,.,.,ILE,CD1,572,1072,10.6451,1.33996,3.7593,-17.7942,5,0
A,86,.,.,.,LEU,CB,A,171,.,.,.,TYR,CD2,572,1282,1.01564,0.628053,5.21896,-0.870355,5,0
A,86,.,.,.,LEU,CB,A,171,.,.,.,TYR,CE2,572,1284,0.31474,0.837689,5.44604,-0.282515,5,0
A,86,.,.,.,LEU,CG,A,86,.,.,.,LEU,CD1,573,574,11.8309,0,1.52748,0,0,1
A,86,.,.,.,LEU,CG,A,86,.,.,.,LEU,CD2,573,575,11.3931,0,1.50792,0,0,1
A,86,.,.,.,LEU,CG,A,171,.,.,.,TYR,CD2,573,1282,0.0187147,0,4.70975,-0.0223867,5,0
A,86,.,.,.,LEU,CG,A,183,.,.,.,ILE,CD1,573,1371,0.345515,0,4.62444,-0.565058,5,0
A,86,.,.,.,LEU,CG,A,215,.,.,.,MET,SD,573,1621,0.955696,0,4.6028,-1.37353,5,0
A,86,.,.,.,LEU,CD1,A,86,.,.,.,LEU,CD2,574,575,3.33226,0,2.50121,0,0,0
A,86,.,.,.,LEU,CD1,A,145,.,.,.,ILE,CB,574,1069,0.109925,0,5.46086,-0.152872,5,0
A,86,.,.,.,LEU,CD1,A,145,.,.,.,ILE,CG1,574,1070,0.782347,0,5.01458,-1.01247,5,0
A,86,.,.,.,LEU,CD1,A,145,.,.,.,ILE,CD1,574,1072,5.99124,0,4.30068,-12.7296,5,0
A,86,.,.,.,LEU,CD1,A,171,.,.,.,TYR,CB,574,1279,7.65253,0,3.5611,-12.8953,5,0
A,86,.,.,.,LEU,CD1,A,171,.,.,.,TYR,CG,574,1280,1.75213,0,3.46395,-2.84771,5,0
A,86,.,.,.,LEU,CD1,A,171,.,.,.,TYR,CD1,574,1281,2.32186,0,3.69298,-3.40692,5,0
A,86,.,.,.,LEU,CD1,A,171,.,.,.,TYR,CD2,574,1282,3.08194,0,3.98026,-3.70002,5,0
A,86,.,.,.,LEU,CD1,A,173,.,.,.,ILE,CG1,574,1300,1.68483,0,4.35575,-2.18041,5,0
A,86,.,.,.,LEU,CD1,A,173,.,.,.,ILE,CD1,574,1302,9.24191,0,3.82995,-19.6363,5,0
A,86,.,.,.,LEU,CD1,A,183,.,.,.,ILE,CD1,574,1371,6.603,0,3.79023,-14.0294,5,0
A,86,.,.,.,LEU,CD2,A,92,.,.,.,ARG,NH2,575,633,7.3113,2.17414,5.04139,-2.15809,5,0
A,86,.,.,.,LEU,CD2,A,95,.,.,.,TRP,CZ2,575,663,2.81543,0.351186,5.82583,-3.81975,5,0
A,86,.,.,.,LEU,CD2,A,95,.,.,.,TRP,CH2,575,665,0.291916,0,5.92429,-0.493613,5,0
A,86,.,.,.,LEU,CD2,A,171,.,.,.,TYR,CG,575,1280,0.0125148,0,4.29437,-0.0319257,5,0
A,86,.,.,.,LEU,CD2,A,171,.,.,.,TYR,CD1,575,1281,1.1179,0,4.05245,-1.57514,5,0
A,86,.,.,.,LEU,CD2,A,171,.,.,.,TYR,CD2,575,1282,0.970813,0,4.35081,-1.3679,5,0
A,86,.,.,.,LEU,CD2,A,171,.,.,.,TYR,CE1,575,1283,2.80683,0,3.86432,-3.57826,5,0
A,86,.,.,.,LEU,CD2,A,171,.,.,.,TYR,CE2,575,1284,4.58238,1.73903,4.18327,-5.8418,5,0
A,86,.,.,.,LEU,CD2,A,171,.,.,.,TYR,CZ,575,1285,3.48374,0,3.92777,-4.32897,5,0
A,86,.,.,.,LEU,CD2,A,171,.,.,.,TYR,OH,575,1286,0.680856,0,4.42859,-0.44308,5,0
A,86,.,.,.,LEU,CD2,A,183,.,.,.,ILE,CD1,575,1371,0.455715,0,4.80591,-0.354205,5,0
A,86,.,.,.,LEU,CD2,A,215,.,.,.,MET,CG,575,1620,0.906696,0,4.86565,-0.624323,5,0
A,86,.,.,.,LEU,CD2,A,215,.,.,.,MET,SD,575,1621,7.48815,0,3.81732,-13.7786,5,0
A,86,.,.,.,LEU,CD2,A,215,.,.,.,MET,CE,575,1622,5.79915,0,3.85366,-9.95992,5,0
A,87,.,.,.,HIS,N,A,87,.,.,.,HIS,CA,576,577,7.08152,0,1.45848,0,0,1
A,87,.,.,.,HIS,N,A,87,.,.,.,HIS,C,576,578,0.0536512,0,2.48829,0,0,0
A,87,.,.,.,HIS,N,A,87,.,.,.,HIS,CB,576,580,2.22213,0,2.45236,0,0,0
A,87,.,.,.,HIS,N,A,87,.,.,.,HIS,CG,576,581,0.52455,0,3.32544,0,0,0
A,87,.,.,.,HIS,N,A,87,.,.,.,HIS,CD2,576,583,0.106662,0,4.04685,0,0,0
A,87,.,.,.,HIS,N,A,88,.,.,.,ASP,N,576,586,1.83525,0,2.80276,0,1,0
A,87,.,.,.,HIS,N,A,145,.,.,.,ILE,CD1,576,1072,1.00789,0,4.70006,0.640293,5,0
A,87,.,.,.,HIS,CA,A,87,.,.,.,HIS,C,577,578,7.3876,0,1.52607,0,0,1
A,87,.,.,.,HIS,CA,A,87,.,.,.,HIS,O,577,579,4.34448,0.591032,2.38828,0,0,0
A,87,.,.,.,HIS,CA,A,87,.,.,.,HIS,CB,577,580,8.00937,0,1.53175,0,0,1
A,87,.,.,.,HIS,CA,A,87,.,.,.,HIS,CG,577,581,2.95445,0,2.54318,0,0,0
A,87,.,.,.,HIS,CA,A,87,.,.,.,HIS,ND1,577,582,4.53253,0.430917,3.19555,0,0,0
A,87,.,.,.,HIS,CA,A,88,.,.,.,ASP,N,577,586,0.897139,0,2.46158,0,1,0
A,87,.,.,.,HIS,CA,A,134,.,.,.,ARG,NE,577,981,2.25493,1.16309,5.76383,1.25185,5,0
A,87,.,.,.,HIS,CA,A,134,.,.,.,ARG,NH1,577,983,0.0834578,0,5.9687,0.00165696,5,0
A,87,.,.,.,HIS,CA,A,145,.,.,.,ILE,CD1,577,1072,1.18886,0.442316,5.08853,-0.269314,5,0
A,87,.,.,.,HIS,C,A,87,.,.,.,HIS,O,578,579,9.69523,0,1.234,0,0,1
A,87,.,.,.,HIS,C,A,87,.,.,.,HIS,CB,578,580,2.94892,0,2.49102,0,0,0
A,87,.,.,.,HIS,C,A,88,.,.,.,ASP,N,578,586,7.99751,0,1.33748,0,1,1
A,87,.,.,.,HIS,C,A,88,.,.,.,ASP,CA,578,587,1.67399,0,2.45737,0,1,0
A,87,.,.,.,HIS,C,A,88,.,.,.,ASP,C,578,588,1.1582,0,3.16914,0,1,0
A,87,.,.,.,HIS,C,A,89,.,.,.,ILE,N,578,594,0.587036,0.109316,3.42189,1.03683,2,0
A,87,.,.,.,HIS,C,A,89,.,.,.,ILE,CG1,578,599,0.0101587,0.118559,5.02282,-0.00292107,2,0
A,87,.,.,.,HIS,C,A,236,.,.,.,TRP,CE3,578,1813,0.928261,0,4.3604,-0.867449,5,0
A,87,.,.,.,HIS,C,A,236,.,.,.,TRP,CZ3,578,1815,0.347049,0,4.49452,-0.204654,5,0
A,87,.,.,.,HIS,O,A,87,.,.,.,HIS,CB,579,580,1.74422,0,3.15193,0,0,0
A,87,.,.,.,HIS,O,A,87,.,.,.,HIS,ND1,579,582,1.76882,1.22617,4.23674,0,0,0
A,87,.,.,.,HIS,O,A,88,.,.,.,ASP,CA,579,587,2.17118,0,2.80099,0,1,0
A,87,.,.,.,HIS,O,A,88,.,.,.,ASP,C,579,588,0.00278012,0,3.15908,0,1,0
A,87,.,.,.,HIS,O,A,89,.,.,.,ILE,N,579,594,4.92206,0.00858493,2.90591,-6.93784,2,0
A,87,.,.,.,HIS,O,A,89,.,.,.,ILE,CG1,579,599,1.58434,0.569854,4.00369,-0.0741975,2,0
A,87,.,.,.,HIS,O,A,89,.,.,.,ILE,CD1,579,601,11.8434,2.91327,3.46682,0.470366,2,0
A,87,.,.,.,HIS,O,A,134,.,.,.,ARG,NE,579,981,0.0925141,0.14975,5.65576,-0.0237951,5,0
A,87,.,.,.,HIS,O,A,134,.,.,.,ARG,CZ,579,982,0.170432,0.29558,5.63149,-0.0453927,5,0
A,87,.,.,.,HIS,O,A,134,.,.,.,ARG,NH1,579,983,1.64603,0.37893,5.01322,0.415815,5,0
A,87,.,.,.,HIS,O,A,236,.,.,.,TRP,CE3,579,1813,4.38861,1.68531,4.22528,-0.819322,5,0
A,87,.,.,.,HIS,O,A,236,.,.,.,TRP,CZ3,579,1815,1.30589,0.0440947,4.39909,-0.406197,5,0
A,87,.,.,.,HIS,CB,A,87,.,.,.,HIS,CG,580,581,8.69585,0,1.49973,0,0,1
A,87,.,.,.,HIS,CB,A,87,.,.,.,HIS,ND1,580,582,2.37424,0,2.52544,0,0,0
A,87,.,.,.,HIS,CB,A,87,.,.,.,HIS,CD2,580,583,1.43159,0,2.60391,0,0,0
A,87,.,.,.,HIS,CB,A,88,.,.,.,ASP,N,580,586,0.854426,0,3.29584,0,1,0
A,87,.,.,.,HIS,CB,A,236,.,.,.,TRP,CB,580,1807,1.26719,0,3.78181,-0.701677,5,0
A,87,.,.,.,HIS,CB,A,236,.,.,.,TRP,CG,580,1808,1.38045,0,3.35534,-1.23402,5,0
A,87,.,.,.,HIS,CB,A,236,.,.,.,TRP,CD1,580,1809,2.32563,0,3.67187,-2.24965,5,0
A,87,.,.,.,HIS,CB,A,236,.,.,.,TRP,CD2,580,1810,3.27903,0,3.44089,-4.29116,5,0
A,87,.,.,.,HIS,CB,A,236,.,.,.,TRP,NE1,580,1811,0.651315,0,3.94453,-0.679986,5,0
A,87,.,.,.,HIS,CB,A,236,.,.,.,TRP,CE2,580,1812,1.77823,0,3.82407,-2.95512,5,0
A,87,.,.,.,HIS,CB,A,236,.,.,.,TRP,CE3,580,1813,2.49419,0,3.9566,-2.81112,5,0
A,87,.,.,.,HIS,CB,A,236,.,.,.,TRP,CZ2,580,1814,0.17716,0,4.59703,-0.185928,5,0
A,87,.,.,.,HIS,CB,A,236,.,.,.,TRP,CZ3,580,1815,0.00369017,0,4.68664,-0.00436215,5,0
A,87,.,.,.,HIS,CB,A,236,.,.,.,TRP,CH2,580,1816,0.00158704,0,4.96177,-0.00223231,5,0
A,87,.,.,.,HIS,CG,A,87,.,.,.,HIS,ND1,581,582,7.01137,0,1.37798,0,0,1
A,87,.,.,.,HIS,CG,A,87,.,.,.,HIS,CD2,581,583,8.63701,0,1.35774,0,0,1
A,87,.,.,.,HIS,CG,A,87,.,.,.,HIS,CE1,581,584,1.17168,0,2.2059,0,0,0
A,87,.,.,.,HIS,CG,A,145,.,.,.,ILE,CD1,581,1072,1.80295,0,4.3026,-3.0967,5,0
A,87,.,.,.,HIS,CG,A,236,.,.,.,TRP,CB,581,1807,2.34739,0,3.35114,-2.75421,5,0
A,87,.,.,.,HIS,CG,A,236,.,.,.,TRP,CG,581,1808,0.365117,0,3.43663,-0.73134,5,0
A,87,.,.,.,HIS,CG,A,236,.,.,.,TRP,CD1,581,1809,0.312246,0,3.75002,-0.283819,5,0
A,87,.,.,.,HIS,ND1,A,87,.,.,.,HIS,CE1,582,584,12.0062,0,1.32386,0,0,1
A,87,.,.,.,HIS,ND1,A,134,.,.,.,ARG,NE,582,981,4.06183,0.349808,4.66901,-2.05217,5,0
A,87,.,.,.,HIS,ND1,A,134,.,.,.,ARG,NH1,582,983,4.58234,2.15419,4.91679,-1.98962,5,0
A,87,.,.,.,HIS,ND1,A,136,.,.,.,TRP,CZ2,582,1002,0.303982,0.473994,5.1622,-0.49397,5,0
A,87,.,.,.,HIS,ND1,A,136,.,.,.,TRP,CZ3,582,1003,0.131578,0,5.09917,-0.17603,5,0
A,87,.,.,.,HIS,ND1,A,136,.,.,.,TRP,CH2,582,1004,0.466186,0.567281,5.33795,-0.749194,5,0
A,87,.,.,.,HIS,ND1,A,145,.,.,.,ILE,CG2,582,1071,0.32133,0.254202,5.21954,-0.231461,5,0
A,87,.,.,.,HIS,ND1,A,145,.,.,.,ILE,CD1,582,1072,0.621428,0.13675,4.54799,-0.497747,5,0
A,87,.,.,.,HIS,ND1,A,236,.,.,.,TRP,CB,582,1807,5.50906,2.40084,3.37124,-2.60523,5,0
A,87,.,.,.,HIS,ND1,A,236,.,.,.,TRP,CE3,582,1813,0.0345761,0.176802,5.04536,-0.0404098,5,0
A,87,.,.,.,HIS,CD2,A,87,.,.,.,HIS,CE1,583,584,0.657655,0,2.19434,0,0,0
A,87,.,.,.,HIS,CD2,A,87,.,.,.,HIS,NE2,583,585,7.24926,0,1.37451,0,0,1
A,87,.,.,.,HIS,CD2,A,145,.,.,.,ILE,CD1,583,1072,3.96183,0,3.77247,-3.5441,5,0
A,87,.,.,.,HIS,CD2,A,236,.,.,.,TRP,CB,583,1807,1.88237,0,3.67764,-1.46117,5,0
A,87,.,.,.,HIS,CD2,A,236,.,.,.,TRP,CD1,583,1809,3.59056,0,3.73101,-2.95597,5,0
A,87,.,.,.,HIS,CE1,A,87,.,.,.,HIS,NE2,584,585,8.19495,0,1.32215,0,0,1
A,87,.,.,.,HIS,CE1,A,134,.,.,.,ARG,NE,584,981,1.61302,0,4.89187,-0.0776021,5,0
A,87,.,.,.,HIS,CE1,A,136,.,.,.,TRP,CB,584,995,2.16137,0,3.71633,-1.62738,5,0
A,87,.,.,.,HIS,CE1,A,136,.,.,.,TRP,CG,584,996,1.44559,0,3.30956,-1.57617,5,0
A,87,.,.,.,HIS,CE1,A,136,.,.,.,TRP,CD1,584,997,1.66378,0,3.69316,-1.42059,5,0
A,87,.,.,.,HIS,CE1,A,136,.,.,.,TRP,CD2,584,998,3.23341,0,3.34973,-3.22594,5,0
A,87,.,.,.,HIS,CE1,A,136,.,.,.,TRP,NE1,584,999,0.664699,0,3.96138,-0.843032,5,0
A,87,.,.,.,HIS,CE1,A,136,.,.,.,TRP,CE2,584,1000,2.00882,0,3.78623,-3.53705,5,0
A,87,.,.,.,HIS,CE1,A,136,.,.,.,TRP,CE3,584,1001,3.82317,0,3.79745,-3.14506,5,0
A,87,.,.,.,HIS,CE1,A,136,.,.,.,TRP,CZ2,584,1002,1.11081,0,4.55052,-1.37324,5,0
A,87,.,.,.,HIS,CE1,A,136,.,.,.,TRP,CZ3,584,1003,0.702549,0,4.53888,-0.615208,5,0
A,87,.,.,.,HIS,CE1,A,136,.,.,.,TRP,CH2,584,1004,0.327465,0,4.86369,-0.402134,5,0
A,87,.,.,.,HIS,CE1,A,145,.,.,.,ILE,CG1,584,1070,0.0191751,0,4.7444,-0.00520851,5,0
A,87,.,.,.,HIS,CE1,A,145,.,.,.,ILE,CG2,584,1071,3.38544,0,4.65977,-1.97538,5,0
A,87,.,.,.,HIS,CE1,A,145,.,.,.,ILE,CD1,584,1072,1.90838,0,4.22667,-0.0526419,5,0
A,87,.,.,.,HIS,CE1,A,236,.,.,.,TRP,CB,584,1807,4.02112,0,3.7175,-3.02765,5,0
A,87,.,.,.,HIS,NE2,A,136,.,.,.,TRP,CB,585,995,2.63473,0,3.64349,-1.42749,5,0
A,87,.,.,.,HIS,NE2,A,136,.,.,.,TRP,CG,585,996,0.236618,0,3.53918,-0.468364,5,0
A,87,.,.,.,HIS,NE2,A,136,.,.,.,TRP,CD1,585,997,1.72993,0,3.73347,-1.08794,5,0
A,87,.,.,.,HIS,NE2,A,145,.,.,.,ILE,CG1,585,1070,0.475762,0,4.23236,-0.305904,5,0
A,87,.,.,.,HIS,NE2,A,145,.,.,.,ILE,CD1,585,1072,2.26848,0,3.71976,-0.466772,5,0
A,87,.,.,.,HIS,NE2,A,236,.,.,.,TRP,O,585,1806,0.0113819,0,5.06517,-0.000965847,5,0
A,87,.,.,.,HIS,NE2,A,236,.,.,.,TRP,CB,585,1807,1.58768,0,3.89161,-1.90768,5,0
A,88,.,.,.,ASP,N,A,88,.,.,.,ASP,CA,586,587,7.77692,0,1.46558,0,0,1
A,88,.,.,.,ASP,N,A,88,.,.,.,ASP,C,586,588,2.76351,0,2.45322,0,0,0
A,88,.,.,.,ASP,N,A,88,.,.,.,ASP,O,586,589,0.0628537,0,3.19403,0,0,0
A,88,.,.,.,ASP,N,A,88,.,.,.,ASP,CB,586,590,2.14159,0,2.45409,0,0,0
A,88,.,.,.,ASP,N,A,236,.,.,.,TRP,CZ2,586,1814,0.39593,0,4.66892,0.117389,5,0
A,88,.,.,.,ASP,N,A,236,.,.,.,TRP,CZ3,586,1815,0.0814516,0,4.45633,0.024927,5,0
A,88,.,.,.,ASP,N,A,236,.,.,.,TRP,CH2,586,1816,0.144185,0,4.44808,0.0605598,5,0
A,88,.,.,.,ASP,CA,A,88,.,.,.,ASP,C,587,588,6.7271,0,1.52117,0,0,1
A,88,.,.,.,ASP,CA,A,88,.,.,.,ASP,O,587,589,0.403491,0,2.40303,0,0,0
A,88,.,.,.,ASP,CA,A,88,.,.,.,ASP,CB,587,590,8.50114,0,1.52543,0,0,1
A,88,.,.,.,ASP,CA,A,88,.,.,.,ASP,CG,587,591,2.00389,0,2.53607,0,0,0
A,88,.,.,.,ASP,CA,A,88,.,.,.,ASP,OD2,587,593,1.65075,0.152199,2.8863,0,0,0
A,88,.,.,.,ASP,CA,A,89,.,.,.,ILE,N,587,594,4.48849,0.225535,2.42756,0,1,0
A,88,.,.,.,ASP,CA,A,236,.,.,.,TRP,CZ2,587,1814,0.0338948,0,4.59059,-0.010984,5,0
A,88,.,.,.,ASP,CA,A,236,.,.,.,TRP,CZ3,587,1815,5.66018,0.25196,4.05024,0.106204,5,0
A,88,.,.,.,ASP,CA,A,236,.,.,.,TRP,CH2,587,1816,1.57395,0,4.00568,-0.265466,5,0
A,88,.,.,.,ASP,C,A,88,.,.,.,ASP,O,588,589,9.02025,0.0311059,1.23215,0,0,1
A,88,.,.,.,ASP,C,A,88,.,.,.,ASP,CB,588,590,0.65312,0,2.50586,0,0,0
A,88,.,.,.,ASP,C,A,88,.,.,.,ASP,OD2,588,593,1.92845,0,2.90559,0,0,0
A,88,.,.,.,ASP,C,A,89,.,.,.,ILE,N,588,594,7.64312,0,1.33847,0,1,1
A,88,.,.,.,ASP,C,A,89,.,.,.,ILE,CA,588,595,2.25965,0.637015,2.44703,0,1,0
A,88,.,.,.,ASP,C,A,89,.,.,.,ILE,C,588,596,0.319847,0,2.96824,0,1,0
A,88,.,.,.,ASP,C,A,90,.,.,.,GLU,N,588,602,0.981796,0,3.19873,2.33084,2,0
A,88,.,.,.,ASP,C,A,91,.,.,.,TYR,N,588,611,8.8937e-05,0,3.90996,0.000142335,3,0
A,88,.,.,.,ASP,C,A,92,.,.,.,ARG,CG,588,628,0.417892,0.833329,5.13322,0.00606507,4,0
A,88,.,.,.,ASP,O,A,88,.,.,.,ASP,CB,589,590,3.04116,0,2.80159,0,0,0
A,88,.,.,.,ASP,O,A,88,.,.,.,ASP,OD2,589,593,0.409184,0,3.0759,0,0,0
A,88,.,.,.,ASP,O,A,89,.,.,.,ILE,CA,589,595,2.06686,0,2.77686,0,1,0
A,88,.,.,.,ASP,O,A,89,.,.,.,ILE,C,589,596,2.11837,0,2.84492,0,1,0
A,88,.,.,.,ASP,O,A,89,.,.,.,ILE,O,589,597,0.0157632,0,3.34799,0,1,0
A,88,.,.,.,ASP,O,A,90,.,.,.,GLU,N,589,602,0.180714,0,3.2328,0.27805,2,0
A,88,.,.,.,ASP,O,A,91,.,.,.,TYR,N,589,611,2.17051,0,3.19136,-0.674303,3,0
A,88,.,.,.,ASP,O,A,91,.,.,.,TYR,CA,589,612,0.11721,0,3.73263,0.096399,3,0
A,88,.,.,.,ASP,O,A,91,.,.,.,TYR,CB,589,615,3.51765,0,3.59946,0.468245,3,0
A,88,.,.,.,ASP,O,A,92,.,.,.,ARG,N,589,623,4.73583,0,3.3039,-3.50228,4,0
A,88,.,.,.,ASP,O,A,92,.,.,.,ARG,CB,589,627,0.336473,0,4.27927,-0.0227876,4,0
A,88,.,.,.,ASP,O,A,92,.,.,.,ARG,CG,589,628,4.87264,0.189994,4.27292,-0.304394,4,0
A,88,.,.,.,ASP,O,A,95,.,.,.,TRP,NE1,589,660,0.0874131,0,5.57562,0.0019006,5,0
A,88,.,.,.,ASP,CB,A,88,.,.,.,ASP,CG,590,591,8.48852,0,1.52263,0,0,1
A,88,.,.,.,ASP,CB,A,88,.,.,.,ASP,OD1,590,592,1.57101,0,2.38261,0,0,0
A,88,.,.,.,ASP,CB,A,88,.,.,.,ASP,OD2,590,593,0.335092,0,2.38911,0,0,0
A,88,.,.,.,ASP,CB,A,91,.,.,.,TYR,CB,590,615,4.97952,0,3.76417,-0.591856,3,0
A,88,.,.,.,ASP,CB,A,91,.,.,.,TYR,CD2,590,618,0.761435,0,4.98257,-0.158895,3,0
A,88,.,.,.,ASP,CB,A,222,.,.,.,TYR,CE1,590,1680,3.18311,0,4.29607,-2.74032,5,0
A,88,.,.,.,ASP,CB,A,222,.,.,.,TYR,CZ,590,1682,0.685608,0,4.47285,-0.988784,5,0
A,88,.,.,.,ASP,CB,A,222,.,.,.,TYR,OH,590,1683,1.80818,0,3.96891,-1.06535,5,0
A,88,.,.,.,ASP,CB,A,236,.,.,.,TRP,CZ2,590,1814,1.15312,0,4.33193,-0.573423,5,0
A,88,.,.,.,ASP,CB,A,236,.,.,.,TRP,CH2,590,1816,2.36771,0,3.87786,-1.89017,5,0
A,88,.,.,.,ASP,CG,A,88,.,.,.,ASP,OD1,591,592,11.7823,0.951894,1.24453,0,0,1
A,88,.,.,.,ASP,CG,A,88,.,.,.,ASP,OD2,591,593,12.1889,1.52626,1.25065,0,0,1
A,88,.,.,.,ASP,CG,A,91,.,.,.,TYR,CB,591,615,3.67041,0,3.51421,-0.181202,3,0
A,88,.,.,.,ASP,CG,A,222,.,.,.,TYR,CE1,591,1680,0.397399,0,4.15087,-0.578636,5,0
A,88,.,.,.,ASP,CG,A,225,.,.,.,TRP,CZ3,591,1712,0.652388,0,4.54604,-0.339115,5,0
A,88,.,.,.,ASP,CG,A,236,.,.,.,TRP,CZ3,591,1815,1.37978,0.537828,4.38839,-0.717217,5,0
A,88,.,.,.,ASP,CG,A,236,.,.,.,TRP,CH2,591,1816,2.7667,0.495041,3.79806,-1.16993,5,0
A,88,.,.,.,ASP,OD1,A,88,.,.,.,ASP,OD2,592,593,1.15137,0.385103,2.19118,0,0,0
A,88,.,.,.,ASP,OD1,A,90,.,.,.,GLU,OE2,592,610,0.610961,0.065114,5.2277,0.427647,2,0
A,88,.,.,.,ASP,OD1,A,91,.,.,.,TYR,CB,592,615,0.108169,0,4.03626,0.0512335,3,0
A,88,.,.,.,ASP,OD1,A,222,.,.,.,TYR,CE1,592,1680,3.07051,0,3.508,-2.03112,5,0
A,88,.,.,.,ASP,OD1,A,222,.,.,.,TYR,OH,592,1683,4.86956,0,2.78284,-6.61759,5,0
A,88,.,.,.,ASP,OD1,A,225,.,.,.,TRP,CZ3,592,1712,4.52328,0,4.05503,2.60889,5,0
A,88,.,.,.,ASP,OD1,A,226,.,.,.,LYS,CD,592,1720,2.71703,0,4.02911,-2.0471,5,0
A,88,.,.,.,ASP,OD1,A,226,.,.,.,LYS,CE,592,1721,2.04363,0,3.99551,-1.57185,5,0
A,88,.,.,.,ASP,OD1,A,226,.,.,.,LYS,NZ,592,1722,4.27935,1.34299,4.11469,-4.65199,5,0
A,88,.,.,.,ASP,OD1,A,236,.,.,.,TRP,CH2,592,1816,4.21153,0.106782,3.51305,1.40672,5,0
A,88,.,.,.,ASP,OD2,A,89,.,.,.,ILE,N,593,594,0.809433,0.525841,3.55273,0,1,0
A,88,.,.,.,ASP,OD2,A,90,.,.,.,GLU,N,593,602,3.51976,0.549318,3.12057,3.25497,2,0
A,88,.,.,.,ASP,OD2,A,90,.,.,.,GLU,CA,593,603,0.115578,0,3.53277,0.167748,2,0
A,88,.,.,.,ASP,OD2,A,90,.,.,.,GLU,CB,593,606,7.2833,2.17862,3.41049,7.21484,2,0
A,88,.,.,.,ASP,OD2,A,90,.,.,.,GLU,OE2,593,610,1.5635,0.922408,4.5202,1.09439,2,0
A,88,.,.,.,ASP,OD2,A,91,.,.,.,TYR,N,593,611,4.2694,0,2.8015,1.6374,3,0
A,88,.,.,.,ASP,OD2,A,91,.,.,.,TYR,CB,593,615,0.884355,0,3.45262,0.264215,3,0
A,88,.,.,.,ASP,OD2,A,225,.,.,.,TRP,CZ3,593,1712,0.815957,0,4.50169,0.228447,5,0
A,88,.,.,.,ASP,OD2,A,225,.,.,.,TRP,CH2,593,1713,0.786273,0,4.6044,0.262628,5,0
A,88,.,.,.,ASP,OD2,A,236,.,.,.,TRP,CZ3,593,1815,0.568642,1.59835,4.8825,0.159206,5,0
A,89,.,.,.,ILE,N,A,89,.,.,.,ILE,CA,594,595,7.71625,0.288329,1.46652,0,0,1
A,89,.,.,.,ILE,N,A,89,.,.,.,ILE,C,594,596,0.0551121,0,2.46284,0,0,0
A,89,.,.,.,ILE,N,A,89,.,.,.,ILE,CB,594,598,4.12422,1.33128,2.4782,0,0,0
A,89,.,.,.,ILE,N,A,89,.,.,.,ILE,CG1,594,599,1.29875,0.0436251,3.10705,0,0,0
A,89,.,.,.,ILE,N,A,89,.,.,.,ILE,CD1,594,601,2.78594,1.13282,3.50843,0,0,0
A,89,.,.,.,ILE,N,A,90,.,.,.,GLU,N,594,602,3.413,1.05979,2.82081,0,1,0
A,89,.,.,.,ILE,N,A,236,.,.,.,TRP,CZ3,594,1815,0.933252,2.07687,5.28631,-0.130788,5,0
A,89,.,.,.,ILE,CA,A,89,.,.,.,ILE,C,595,596,6.22309,0,1.52113,0,0,1
A,89,.,.,.,ILE,CA,A,89,.,.,.,ILE,O,595,597,1.91646,0,2.40273,0,0,0
A,89,.,.,.,ILE,CA,A,89,.,.,.,ILE,CB,595,598,7.14136,0,1.54217,0,0,1
A,89,.,.,.,ILE,CA,A,89,.,.,.,ILE,CG1,595,599,6.19378,1.77151,2.51924,0,0,0
A,89,.,.,.,ILE,CA,A,89,.,.,.,ILE,CG2,595,600,1.87025,0,2.51874,0,0,0
A,89,.,.,.,ILE,CA,A,90,.,.,.,GLU,N,595,602,0.921909,0,2.43971,0,1,0
A,89,.,.,.,ILE,CA,A,92,.,.,.,ARG,CB,595,627,0.757974,0,4.64174,0.729645,3,0
A,89,.,.,.,ILE,CA,A,92,.,.,.,ARG,CG,595,628,5.79178,1.64729,4.7624,3.69623,3,0
A,89,.,.,.,ILE,CA,A,102,.,.,.,THR,OG1,595,717,0.00886748,0,5.45562,0.0057884,5,0
A,89,.,.,.,ILE,CA,A,102,.,.,.,THR,CG2,595,718,0.707015,0,5.04363,0.400502,5,0
A,89,.,.,.,ILE,C,A,89,.,.,.,ILE,O,596,597,7.36792,0,1.23715,0,0,1
A,89,.,.,.,ILE,C,A,89,.,.,.,ILE,CB,596,598,0.647948,0,2.52467,0,0,0
A,89,.,.,.,ILE,C,A,89,.,.,.,ILE,CG2,596,600,2.97923,0,2.80734,0,0,0
A,89,.,.,.,ILE,C,A,90,.,.,.,GLU,N,596,602,6.27992,0,1.33564,0,1,1
A,89,.,.,.,ILE,C,A,90,.,.,.,GLU,CA,596,603,1.60028,0,2.43138,0,1,0
A,89,.,.,.,ILE,C,A,90,.,.,.,GLU,C,596,604,0.371148,0,3.01832,0,1,0
A,89,.,.,.,ILE,C,A,91,.,.,.,TYR,N,596,611,0.685157,0,3.32343,1.36421,2,0
A,89,.,.,.,ILE,C,A,92,.,.,.,ARG,N,596,623,0.293231,0,3.80321,0.618612,3,0
A,89,.,.,.,ILE,C,A,92,.,.,.,ARG,CB,596,627,0.00825809,0,4.21828,0.00166026,3,0
A,89,.,.,.,ILE,O,A,89,.,.,.,ILE,CG2,597,600,3.44164,0.570316,3.13429,0,0,0
A,89,.,.,.,ILE,O,A,90,.,.,.,GLU,CA,597,603,3.99455,1.22516,2.7472,0,1,0
A,89,.,.,.,ILE,O,A,90,.,.,.,GLU,C,597,604,1.97868,0,2.91136,0,1,0
A,89,.,.,.,ILE,O,A,90,.,.,.,GLU,O,597,605,1.26965,0,3.3828,0,1,0
A,89,.,.,.,ILE,O,A,91,.,.,.,TYR,N,597,611,0.00781773,0,3.40507,0.00486751,2,0
A,89,.,.,.,ILE,O,A,92,.,.,.,ARG,N,597,623,2.73671,0,3.15057,-2.60228,3,0
A,89,.,.,.,ILE,O,A,92,.,.,.,ARG,CB,597,627,5.7394,0,3.27833,1.55641,3,0
A,89,.,.,.,ILE,O,A,93,.,.,.,LYS,N,597,634,1.53514,0,4.20066,1.46469,4,0
A,89,.,.,.,ILE,O,A,93,.,.,.,LYS,CG,597,639,1.14562,0,5.3789,0.202197,4,0
A,89,.,.,.,ILE,O,A,93,.,.,.,LYS,CD,597,640,0.404519,0.731157,5.81985,0.130247,4,0
A,89,.,.,.,ILE,O,A,102,.,.,.,THR,CG2,597,718,5.78858,0.808607,3.91635,-0.871182,5,0
A,89,.,.,.,ILE,CB,A,89,.,.,.,ILE,CG1,598,599,7.57668,0,1.52346,0,0,1
A,89,.,.,.,ILE,CB,A,89,.,.,.,ILE,CG2,598,600,14.1275,3.42475,1.51844,0,0,1
A,89,.,.,.,ILE,CB,A,89,.,.,.,ILE,CD1,598,601,8.73606,4.287,2.51179,0,0,0
A,89,.,.,.,ILE,CB,A,90,.,.,.,GLU,N,598,602,4.7708,2.81172,3.18672,0,1,0
A,89,.,.,.,ILE,CB,A,104,.,.,.,ASP,N,598,730,0.150931,0.284533,5.31241,0.119229,5,0
A,89,.,.,.,ILE,CG1,A,89,.,.,.,ILE,CG2,599,600,6.07411,0,2.46736,0,0,0
A,89,.,.,.,ILE,CG1,A,89,.,.,.,ILE,CD1,599,601,15.8464,1.04393,1.48026,0,0,1
A,89,.,.,.,ILE,CG1,A,92,.,.,.,ARG,CG,599,628,0.357155,1.66113,6.07726,-0.117644,3,0
A,89,.,.,.,ILE,CG1,A,102,.,.,.,THR,OG1,599,717,6.06863,4.84724,4.74484,-1.04697,5,0
A,89,.,.,.,ILE,CG1,A,102,.,.,.,THR,CG2,599,718,0.00902692,0,5.42995,-0.00541772,5,0
A,89,.,.,.,ILE,CG1,A,103,.,.,.,PHE,N,599,719,0.151637,0,5.22018,0.0486355,5,0
A,89,.,.,.,ILE,CG1,A,103,.,.,.,PHE,CA,599,720,0.656111,0,4.97057,0.0052184,5,0
A,89,.,.,.,ILE,CG1,A,103,.,.,.,PHE,C,599,721,1.50007,0.668519,5.0724,-0.941154,5,0
A,89,.,.,.,ILE,CG1,A,104,.,.,.,ASP,N,599,730,1.65548,0,4.84555,2.03925,5,0
A,89,.,.,.,ILE,CG1,A,104,.,.,.,ASP,CG,599,735,0.00715077,0,4.50855,-0.00146527,5,0
A,89,.,.,.,ILE,CG1,A,104,.,.,.,ASP,OD1,599,736,2.87791,1.33508,4.26741,1.42393,5,0
A,89,.,.,.,ILE,CG1,A,134,.,.,.,ARG,CZ,599,982,0.856817,1.45591,5.23358,-0.669295,5,0
A,89,.,.,.,ILE,CG1,A,134,.,.,.,ARG,NH2,599,984,1.40232,1.93044,5.38815,-0.0402394,5,0
A,89,.,.,.,ILE,CG2,A,90,.,.,.,GLU,N,600,602,1.86592,0.692199,3.54047,0,1,0
A,89,.,.,.,ILE,CG2,A,90,.,.,.,GLU,CA,600,603,3.05857,3.64831,4.4806,0,1,0
A,89,.,.,.,ILE,CG2,A,102,.,.,.,THR,C,600,714,1.44757,0,3.81211,0.398213,5,0
A,89,.,.,.,ILE,CG2,A,102,.,.,.,THR,O,600,715,7.64241,3.46764,3.34883,-0.849981,5,0
A,89,.,.,.,ILE,CG2,A,102,.,.,.,THR,CB,600,716,0.0774054,0,4.52763,-0.0340087,5,0
A,89,.,.,.,ILE,CG2,A,102,.,.,.,THR,OG1,600,717,2.424,0,4.17337,-0.776543,5,0
A,89,.,.,.,ILE,CG2,A,102,.,.,.,THR,CG2,600,718,6.31108,0.125373,3.91173,-6.96548,5,0
A,89,.,.,.,ILE,CG2,A,103,.,.,.,PHE,N,600,719,0.703286,0,4.03894,0.301675,5,0
A,89,.,.,.,ILE,CG2,A,103,.,.,.,PHE,CA,600,720,8.65701,1.22318,3.8615,-1.57821,5,0
A,89,.,.,.,ILE,CG2,A,103,.,.,.,PHE,CB,600,723,0.690877,1.71272,4.88044,-0.472579,5,0
A,89,.,.,.,ILE,CG2,A,104,.,.,.,ASP,N,600,730,1.43846,0.934994,4.7978,1.46664,5,0
A,89,.,.,.,ILE,CD1,A,104,.,.,.,ASP,N,601,730,1.39702,0.506278,4.88878,1.08243,5,0
A,89,.,.,.,ILE,CD1,A,104,.,.,.,ASP,CB,601,734,0.566907,0.965227,4.80306,0.262573,5,0
A,89,.,.,.,ILE,CD1,A,104,.,.,.,ASP,CG,601,735,3.94216,0,3.68693,-0.188165,5,0
A,89,.,.,.,ILE,CD1,A,104,.,.,.,ASP,OD1,601,736,2.59041,0,3.70219,1.23098,5,0
A,89,.,.,.,ILE,CD1,A,104,.,.,.,ASP,OD2,601,737,8.92934,4.75403,3.31949,6.22393,5,0
A,89,.,.,.,ILE,CD1,A,134,.,.,.,ARG,CZ,601,982,2.99126,1.22774,4.49833,-2.50129,5,0
A,89,.,.,.,ILE,CD1,A,134,.,.,.,ARG,NH1,601,983,8.60908,1.47861,3.70842,-1.18858,5,0
A,89,.,.,.,ILE,CD1,A,134,.,.,.,ARG,NH2,601,984,0.245786,0,4.89676,0.0211282,5,0
A,89,.,.,.,ILE,CD1,A,236,.,.,.,TRP,CE3,601,1813,0.252843,1.39922,6.30191,-0.361107,5,0
A,89,.,.,.,ILE,CD1,A,236,.,.,.,TRP,CZ3,601,1815,0.0495578,0.666279,6.40724,-0.0689061,5,0
A,90,.,.,.,GLU,N,A,90,.,.,.,GLU,CA,602,603,8.25547,0.239839,1.46013,0,0,1
A,90,.,.,.,GLU,N,A,90,.,.,.,GLU,C,602,604,0.0880581,0,2.4701,0,0,0
A,90,.,.,.,GLU,N,A,90,.,.,.,GLU,CB,602,606,6.43487,3.9088,2.44735,0,0,0
A,90,.,.,.,GLU,N,A,91,.,.,.,TYR,N,602,611,1.24603,0,2.84374,0,1,0
A,90,.,.,.,GLU,CA,A,90,.,.,.,GLU,C,603,604,6.36572,0,1.52376,0,0,1
A,90,.,.,.,GLU,CA,A,90,.,.,.,GLU,O,603,605,4.17061,0.989981,2.40118,0,0,0
A,90,.,.,.,GLU,CA,A,90,.,.,.,GLU,CB,603,606,11.7445,3.24174,1.52814,0,0,1
A,90,.,.,.,GLU,CA,A,90,.,.,.,GLU,CG,603,607,3.80552,2.04911,2.51829,0,0,0
A,90,.,.,.,GLU,CA,A,91,.,.,.,TYR,N,603,611,0.936276,0,2.44108,0,1,0
A,90,.,.,.,GLU,CA,A,93,.,.,.,LYS,CD,603,640,0.684489,1.72133,6.32783,0.200366,3,0
A,90,.,.,.,GLU,C,A,90,.,.,.,GLU,O,604,605,7.85625,0,1.23638,0,0,1
A,90,.,.,.,GLU,C,A,90,.,.,.,GLU,CB,604,606,0.6418,0,2.49931,0,0,0
A,90,.,.,.,GLU,C,A,90,.,.,.,GLU,CG,604,607,2.75746,0,2.86816,0,0,0
A,90,.,.,.,GLU,C,A,91,.,.,.,TYR,N,604,611,6.60279,0,1.33619,0,1,1
A,90,.,.,.,GLU,C,A,91,.,.,.,TYR,CA,604,612,1.37231,0,2.45987,0,1,0
A,90,.,.,.,GLU,C,A,91,.,.,.,TYR,C,604,613,0.151473,0,3.10154,0,1,0
A,90,.,.,.,GLU,C,A,92,.,.,.,ARG,N,604,623,1.32382,0,3.19981,2.33692,2,0
A,90,.,.,.,GLU,C,A,225,.,.,.,TRP,CZ2,604,1711,0.0398865,0,4.85511,-0.0227206,5,0
A,90,.,.,.,GLU,C,A,225,.,.,.,TRP,CH2,604,1713,0.314346,0,4.39448,-0.180779,5,0
A,90,.,.,.,GLU,O,A,90,.,.,.,GLU,CG,605,607,6.27828,3.78531,3.19318,0,0,0
A,90,.,.,.,GLU,O,A,91,.,.,.,TYR,CA,605,612,3.3141,0,2.80156,0,1,0
A,90,.,.,.,GLU,O,A,91,.,.,.,TYR,C,605,613,1.56678,0,3.07623,0,1,0
A,90,.,.,.,GLU,O,A,92,.,.,.,ARG,N,605,623,0.55719,0,3.3001,0.567169,2,0
A,90,.,.,.,GLU,O,A,93,.,.,.,LYS,N,605,634,3.59356,0,3.52966,-3.32,3,0
A,90,.,.,.,GLU,O,A,93,.,.,.,LYS,CA,605,635,0.000974523,0,4.29753,0.000927816,3,0
A,90,.,.,.,GLU,O,A,93,.,.,.,LYS,CB,605,638,7.11572,2.81425,4.09949,1.50226,3,0
A,90,.,.,.,GLU,O,A,93,.,.,.,LYS,CG,605,639,0.379507,0,4.84712,0.0789314,3,0
A,90,.,.,.,GLU,O,A,93,.,.,.,LYS,CD,605,640,1.98979,1.75716,5.14977,0.361962,3,0
A,90,.,.,.,GLU,O,A,94,.,.,.,LYS,N,605,643,2.4354,0.780841,4.32241,-2.25,4,0
A,90,.,.,.,GLU,O,A,94,.,.,.,LYS,CB,605,647,0.769754,0.622186,5.18484,-0.0690956,4,0
A,90,.,.,.,GLU,O,A,225,.,.,.,TRP,CZ2,605,1711,2.31881,1.46252,4.75243,-0.75081,5,0
A,90,.,.,.,GLU,CB,A,90,.,.,.,GLU,CG,606,607,12.7048,2.89381,1.50417,0,0,1
A,90,.,.,.,GLU,CB,A,90,.,.,.,GLU,CD,606,608,2.75147,1.68337,2.53717,0,0,0
A,90,.,.,.,GLU,CB,A,90,.,.,.,GLU,OE2,606,610,8.03402,3.87594,2.82394,0,0,0
A,90,.,.,.,GLU,CB,A,91,.,.,.,TYR,N,606,611,1.41666,0,3.13177,0,1,0
A,90,.,.,.,GLU,CB,A,225,.,.,.,TRP,CH2,606,1713,0.602512,0,4.52318,-0.402601,5,0
A,90,.,.,.,GLU,CG,A,90,.,.,.,GLU,CD,607,608,11.5496,1.70524,1.52896,0,0,1
A,90,.,.,.,GLU,CG,A,90,.,.,.,GLU,OE1,607,609,7.0406,5.3252,2.36754,0,0,0
A,90,.,.,.,GLU,CG,A,90,.,.,.,GLU,OE2,607,610,0.203116,0,2.41226,0,0,0
A,90,.,.,.,GLU,CG,A,91,.,.,.,TYR,N,607,611,0.26564,0,3.60591,0,1,0
A,90,.,.,.,GLU,CG,A,225,.,.,.,TRP,CZ2,607,1711,3.67024,1.69915,4.33719,-2.15615,5,0
A,90,.,.,.,GLU,CG,A,225,.,.,.,TRP,CH2,607,1713,4.08231,0,3.81964,-3.0153,5,0
A,90,.,.,.,GLU,CD,A,90,.,.,.,GLU,OE1,608,609,15.3025,4.0111,1.2393,0,0,1
A,90,.,.,.,GLU,CD,A,90,.,.,.,GLU,OE2,608,610,13.7232,3.17673,1.2477,0,0,1
A,90,.,.,.,GLU,CD,A,225,.,.,.,TRP,CZ2,608,1711,0.320179,0,4.3621,-0.45697,5,0
A,90,.,.,.,GLU,CD,A,225,.,.,.,TRP,CH2,608,1713,3.5965,0,3.76606,-2.94803,5,0
A,90,.,.,.,GLU,CD,A,229,.,.,.,HIS,CB,608,1745,0.982904,0,4.82567,-0.365333,5,0
A,90,.,.,.,GLU,CD,A,229,.,.,.,HIS,CD2,608,1748,0.0143181,0,4.90695,-0.016801,5,0
A,90,.,.,.,GLU,OE1,A,90,.,.,.,GLU,OE2,609,610,1.71434,2.09076,2.18059,0,0,0
A,90,.,.,.,GLU,OE1,A,225,.,.,.,TRP,CZ2,609,1711,1.70643,0.918743,4.49646,-1.54436,5,0
A,90,.,.,.,GLU,OE1,A,225,.,.,.,TRP,CH2,609,1713,0.0399238,0,4.2242,-0.022529,5,0
A,90,.,.,.,GLU,OE1,A,229,.,.,.,HIS,CB,609,1745,2.40467,1.47596,4.65992,-0.253623,5,0
A,90,.,.,.,GLU,OE1,A,229,.,.,.,HIS,CD2,609,1748,8.34592,5.40543,4.24152,-1.31651,5,0
A,90,.,.,.,GLU,OE2,A,225,.,.,.,TRP,CZ3,610,1712,1.31124,0,4.56141,0.0417906,5,0
A,90,.,.,.,GLU,OE2,A,225,.,.,.,TRP,CH2,610,1713,2.78603,0,3.88501,-1.57215,5,0
A,90,.,.,.,GLU,OE2,A,226,.,.,.,LYS,NZ,610,1722,5.71006,3.62664,4.96514,-8.03731,5,0
A,90,.,.,.,GLU,OE2,A,229,.,.,.,HIS,O,610,1744,3.80958,2.46745,4.5974,4.76518,5,0
A,90,.,.,.,GLU,OE2,A,229,.,.,.,HIS,CB,610,1745,4.32727,0.736682,4.48561,-0.456402,5,0
A,90,.,.,.,GLU,OE2,A,233,.,.,.,PHE,CD1,610,1782,0.744361,3.0791,6.02956,0.467633,5,0
A,91,.,.,.,TYR,N,A,91,.,.,.,TYR,CA,611,612,7.07962,0,1.46148,0,0,1
A,91,.,.,.,TYR,N,A,91,.,.,.,TYR,C,611,613,0.00265882,0,2.49962,0,0,0
A,91,.,.,.,TYR,N,A,91,.,.,.,TYR,CB,611,615,2.2359,0,2.43542,0,0,0
A,91,.,.,.,TYR,N,A,92,.,.,.,ARG,N,611,623,1.48476,0,2.81637,0,1,0
A,91,.,.,.,TYR,N,A,225,.,.,.,TRP,CZ3,611,1712,0.000622365,0,4.48799,-0.000331286,5,0
A,91,.,.,.,TYR,N,A,225,.,.,.,TRP,CH2,611,1713,1.8795,0,3.98231,-1.32648,5,0
A,91,.,.,.,TYR,CA,A,91,.,.,.,TYR,C,612,613,7.21195,0,1.53053,0,0,1
A,91,.,.,.,TYR,CA,A,91,.,.,.,TYR,O,612,614,1.22514,0,2.38244,0,0,0
A,91,.,.,.,TYR,CA,A,91,.,.,.,TYR,CB,612,615,8.04731,0,1.53005,0,0,1
A,91,.,.,.,TYR,CA,A,91,.,.,.,TYR,CG,612,616,0.335701,0,2.57636,0,0,0
A,91,.,.,.,TYR,CA,A,91,.,.,.,TYR,CD1,612,617,2.88016,0,3.11746,0,0,0
A,91,.,.,.,TYR,CA,A,92,.,.,.,ARG,N,612,623,0.914162,0,2.475,0,1,0
A,91,.,.,.,TYR,CA,A,94,.,.,.,LYS,N,612,643,0.115213,0,4.51497,0.0864351,3,0
A,91,.,.,.,TYR,CA,A,94,.,.,.,LYS,CB,612,647,2.35412,0,4.47786,1.58244,3,0
A,91,.,.,.,TYR,CA,A,225,.,.,.,TRP,CZ2,612,1711,2.46691,0,4.29089,-1.17457,5,0
A,91,.,.,.,TYR,CA,A,225,.,.,.,TRP,CH2,612,1713,2.91627,0,3.89666,-2.72472,5,0
A,91,.,.,.,TYR,C,A,91,.,.,.,TYR,O,613,614,7.16827,0,1.23275,0,0,1
A,91,.,.,.,TYR,C,A,91,.,.,.,TYR,CB,613,615,2.44837,0,2.4977,0,0,0
A,91,.,.,.,TYR,C,A,91,.,.,.,TYR,CG,613,616,0.47069,0,3.10497,0,0,0
A,91,.,.,.,TYR,C,A,91,.,.,.,TYR,CD2,613,618,0.246827,0,3.87039,0,0,0
A,91,.,.,.,TYR,C,A,92,.,.,.,ARG,N,613,623,7.12346,0,1.34198,0,1,1
A,91,.,.,.,TYR,C,A,92,.,.,.,ARG,CA,613,624,1.14151,0,2.44442,0,1,0
A,91,.,.,.,TYR,C,A,92,.,.,.,ARG,C,613,625,0.297159,0,2.94445,0,1,0
A,91,.,.,.,TYR,C,A,93,.,.,.,LYS,N,613,634,1.44634,0,3.17543,4.45889,2,0
A,91,.,.,.,TYR,C,A,94,.,.,.,LYS,N,613,643,0.74613,0,3.60557,1.11873,3,0
A,91,.,.,.,TYR,C,A,94,.,.,.,LYS,CB,613,647,0.00127561,0,4.16821,0.000194102,3,0
A,91,.,.,.,TYR,C,A,95,.,.,.,TRP,CD1,613,658,0.315783,0,3.87752,-0.255363,4,0
A,91,.,.,.,TYR,C,A,95,.,.,.,TRP,NE1,613,660,1.05215,0,3.94853,-0.15026,4,0
A,91,.,.,.,TYR,O,A,91,.,.,.,TYR,CG,614,616,1.1196,0,3.16324,0,0,0
A,91,.,.,.,TYR,O,A,91,.,.,.,TYR,CD1,614,617,1.38998,0,3.46565,0,0,0
A,91,.,.,.,TYR,O,A,91,.,.,.,TYR,CD2,614,618,0.00118126,0,3.8097,0,0,0
A,91,.,.,.,TYR,O,A,92,.,.,.,ARG,CA,614,624,1.13748,0,2.76768,0,1,0
A,91,.,.,.,TYR,O,A,92,.,.,.,ARG,C,614,625,1.98778,0,2.78424,0,1,0
A,91,.,.,.,TYR,O,A,92,.,.,.,ARG,O,614,626,0.106615,0,3.27599,0,1,0
A,91,.,.,.,TYR,O,A,93,.,.,.,LYS,N,614,634,0.132439,0,3.15277,0.122293,2,0
A,91,.,.,.,TYR,O,A,94,.,.,.,LYS,N,614,643,3.46424,0,2.76921,-2.82881,3,0
A,91,.,.,.,TYR,O,A,94,.,.,.,LYS,CA,614,644,0.0985972,0,3.42111,0.0756783,3,0
A,91,.,.,.,TYR,O,A,94,.,.,.,LYS,CB,614,647,4.01479,0,3.20063,1.25491,3,0
A,91,.,.,.,TYR,O,A,95,.,.,.,TRP,N,614,652,1.51094,0,3.50499,-2.60472,4,0
A,91,.,.,.,TYR,O,A,95,.,.,.,TRP,CD1,614,658,4.96028,0,3.12282,-2.67826,4,0
A,91,.,.,.,TYR,CB,A,91,.,.,.,TYR,CG,615,616,7.04814,0,1.50982,0,0,1
A,91,.,.,.,TYR,CB,A,91,.,.,.,TYR,CD1,615,617,1.75648,0,2.52433,0,0,0
A,91,.,.,.,TYR,CB,A,91,.,.,.,TYR,CD2,615,618,6.09403,0,2.52806,0,0,0
A,91,.,.,.,TYR,CB,A,92,.,.,.,ARG,N,615,623,1.20252,0,3.32439,0,1,0
A,91,.,.,.,TYR,CB,A,95,.,.,.,TRP,NE1,615,660,0.444646,0,4.60664,-0.483223,4,0
A,91,.,.,.,TYR,CB,A,222,.,.,.,TYR,CE1,615,1680,2.66552,0,4.22068,-3.5174,5,0
A,91,.,.,.,TYR,CB,A,225,.,.,.,TRP,CZ3,615,1712,3.64741,0,3.90892,-6.91118,5,0
A,91,.,.,.,TYR,CB,A,225,.,.,.,TRP,CH2,615,1713,0.526933,0,4.08473,-0.975664,5,0
A,91,.,.,.,TYR,CG,A,91,.,.,.,TYR,CD1,616,617,7.50496,0,1.38976,0,0,1
A,91,.,.,.,TYR,CG,A,91,.,.,.,TYR,CD2,616,618,7.35682,0,1.39639,0,0,1
A,91,.,.,.,TYR,CG,A,95,.,.,.,TRP,CD1,616,658,0.304448,0,3.87693,-0.552274,4,0
A,91,.,.,.,TYR,CG,A,222,.,.,.,TYR,CD1,616,1678,0.476407,0,3.80289,-1.11474,5,0
A,91,.,.,.,TYR,CG,A,222,.,.,.,TYR,CE1,616,1680,1.06425,0,3.93305,-0.994671,5,0
A,91,.,.,.,TYR,CG,A,225,.,.,.,TRP,CE3,616,1710,9.56465e-05,0,4.13267,-0.000240705,5,0
A,91,.,.,.,TYR,CG,A,225,.,.,.,TRP,CZ3,616,1712,0.00978501,0,4.12306,-0.0259166,5,0
A,91,.,.,.,TYR,CD1,A,91,.,.,.,TYR,CD2,617,618,0.769143,0,2.38973,0,0,0
A,91,.,.,.,TYR,CD1,A,91,.,.,.,TYR,CE1,617,619,10.6243,0,1.39191,0,0,1
A,91,.,.,.,TYR,CD1,A,94,.,.,.,LYS,CB,617,647,4.40813,0,3.80316,-3.35626,3,0
A,91,.,.,.,TYR,CD1,A,94,.,.,.,LYS,CG,617,648,0.179305,0,4.20896,-0.141389,3,0
A,91,.,.,.,TYR,CD1,A,95,.,.,.,TRP,CD1,617,658,0.407178,0,4.36209,-0.403139,4,0
A,91,.,.,.,TYR,CD1,A,222,.,.,.,TYR,CD1,617,1678,1.06442,0,4.05787,-1.46378,5,0
A,91,.,.,.,TYR,CD1,A,222,.,.,.,TYR,CE1,617,1680,0.187687,0,4.36918,-0.247188,5,0
A,91,.,.,.,TYR,CD1,A,225,.,.,.,TRP,CD2,617,1707,1.96414,0,3.38592,-3.10674,5,0
A,91,.,.,.,TYR,CD1,A,225,.,.,.,TRP,CE2,617,1709,1.656,0,3.71486,-3.11105,5,0
A,91,.,.,.,TYR,CD1,A,225,.,.,.,TRP,CE3,617,1710,3.27975,0,3.36913,-4.56377,5,0
A,91,.,.,.,TYR,CD1,A,225,.,.,.,TRP,CZ2,617,1711,1.20887,0,4.03294,-1.59659,5,0
A,91,.,.,.,TYR,CD1,A,225,.,.,.,TRP,CZ3,617,1712,1.21363,0,3.67391,-2.05945,5,0
A,91,.,.,.,TYR,CD1,A,225,.,.,.,TRP,CH2,617,1713,0.513306,0,3.99518,-0.858972,5,0
A,91,.,.,.,TYR,CD2,A,91,.,.,.,TYR,CE1,618,619,0.0256441,0,2.76564,0,0,0
A,91,.,.,.,TYR,CD2,A,91,.,.,.,TYR,CE2,618,620,9.74107,0,1.38965,0,0,1
A,91,.,.,.,TYR,CD2,A,95,.,.,.,TRP,CD1,618,658,2.70731,0,3.33734,-2.67134,4,0
A,91,.,.,.,TYR,CD2,A,95,.,.,.,TRP,NE1,618,660,4.65065,0,3.41185,-4.23964,4,0
A,91,.,.,.,TYR,CD2,A,222,.,.,.,TYR,CD1,618,1678,3.20143,0,3.48658,-4.40257,5,0
A,91,.,.,.,TYR,CD2,A,222,.,.,.,TYR,CE1,618,1680,1.72628,0,3.91001,-2.27354,5,0
A,91,.,.,.,TYR,CE1,A,91,.,.,.,TYR,CE2,619,620,0.106813,0,2.3991,0,0,0
A,91,.,.,.,TYR,CE1,A,91,.,.,.,TYR,CZ,619,621,11.931,0,1.38815,0,0,1
A,91,.,.,.,TYR,CE1,A,91,.,.,.,TYR,OH,619,622,4.39215,0.972421,2.39096,0,0,0
A,91,.,.,.,TYR,CE1,A,94,.,.,.,LYS,CB,619,647,1.77194,0,3.97079,-1.7108,3,0
A,91,.,.,.,TYR,CE1,A,94,.,.,.,LYS,CG,619,648,7.72925,0.908837,3.91261,-7.04569,3,0
A,91,.,.,.,TYR,CE1,A,95,.,.,.,TRP,CB,619,656,0.131967,0,5.38371,-0.140777,4,0
A,91,.,.,.,TYR,CE1,A,95,.,.,.,TRP,CD1,619,658,0.733309,0,4.38433,-0.888786,4,0
A,91,.,.,.,TYR,CE1,A,222,.,.,.,TYR,CA,619,1673,0.479127,0,4.62274,-0.205046,5,0
A,91,.,.,.,TYR,CE1,A,222,.,.,.,TYR,CD1,619,1678,1.52714,0,4.05504,-2.01128,5,0
A,91,.,.,.,TYR,CE1,A,225,.,.,.,TRP,CB,619,1704,5.89586,0.651027,3.9171,-7.55195,5,0
A,91,.,.,.,TYR,CE1,A,225,.,.,.,TRP,CG,619,1705,1.71265,0,3.64075,-1.42429,5,0
A,91,.,.,.,TYR,CE1,A,225,.,.,.,TRP,CD1,619,1706,1.60388,0.0935419,4.17368,-1.94393,5,0
A,91,.,.,.,TYR,CE1,A,225,.,.,.,TRP,CD2,619,1707,1.23585,0,3.61622,-0.65795,5,0
A,91,.,.,.,TYR,CE1,A,225,.,.,.,TRP,NE1,619,1708,0.00122409,0,4.46159,-0.00178438,5,0
A,91,.,.,.,TYR,CE1,A,225,.,.,.,TRP,CE2,619,1709,0.0236207,0,4.16162,-0.0393479,5,0
A,91,.,.,.,TYR,CE1,A,225,.,.,.,TRP,CE3,619,1710,0.705985,0,3.87087,-0.802656,5,0
A,91,.,.,.,TYR,CE2,A,91,.,.,.,TYR,CZ,620,621,9.6054,0,1.37586,0,0,1
A,91,.,.,.,TYR,CE2,A,91,.,.,.,TYR,OH,620,622,1.03019,0,2.37338,0,0,0
A,91,.,.,.,TYR,CE2,A,95,.,.,.,TRP,CD1,620,658,3.73384,0,3.36467,-3.90056,4,0
A,91,.,.,.,TYR,CE2,A,95,.,.,.,TRP,NE1,620,660,0.459389,0,3.74106,-0.66966,4,0
A,91,.,.,.,TYR,CE2,A,218,.,.,.,ALA,C,620,1646,0.755865,0,4.25199,-0.343656,5,0
A,91,.,.,.,TYR,CE2,A,218,.,.,.,ALA,O,620,1647,1.60654,0,3.75867,-0.313733,5,0
A,91,.,.,.,TYR,CE2,A,218,.,.,.,ALA,CB,620,1648,4.73774,0,3.88676,-4.75039,5,0
A,91,.,.,.,TYR,CE2,A,222,.,.,.,TYR,CB,620,1676,2.18906,0,4.07634,-2.88866,5,0
A,91,.,.,.,TYR,CE2,A,222,.,.,.,TYR,CD1,620,1678,2.68011,0,3.48339,-3.21305,5,0
A,91,.,.,.,TYR,CZ,A,91,.,.,.,TYR,OH,621,622,10.6262,0,1.37179,0,0,1
A,91,.,.,.,TYR,CZ,A,94,.,.,.,LYS,CG,621,648,0.161819,0,4.82574,-0.275427,3,0
A,91,.,.,.,TYR,CZ,A,95,.,.,.,TRP,CB,621,656,1.78341,0,4.91813,-3.23177,4,0
A,91,.,.,.,TYR,CZ,A,95,.,.,.,TRP,CD1,621,658,1.74858,0,3.91444,-2.9077,4,0
A,91,.,.,.,TYR,CZ,A,218,.,.,.,ALA,CB,621,1648,0.422526,0,4.27547,-0.613579,5,0
A,91,.,.,.,TYR,CZ,A,222,.,.,.,TYR,CA,621,1673,1.81382,0,4.05292,-0.933013,5,0
A,91,.,.,.,TYR,CZ,A,222,.,.,.,TYR,CB,621,1676,0.561818,0,4.15177,-0.788944,5,0
A,91,.,.,.,TYR,CZ,A,222,.,.,.,TYR,CD1,621,1678,1.27839,0,3.77546,-2.26278,5,0
A,91,.,.,.,TYR,OH,A,94,.,.,.,LYS,CG,622,648,1.14312,2.28168,5.16239,-0.906605,3,0
A,91,.,.,.,TYR,OH,A,95,.,.,.,TRP,CB,622,656,1.99626,1.58807,4.97447,-1.50555,4,0
A,91,.,.,.,TYR,OH,A,218,.,.,.,ALA,CA,622,1645,4.10515,0.824657,3.67479,-1.69215,5,0
A,91,.,.,.,TYR,OH,A,218,.,.,.,ALA,C,622,1646,0.000290959,0,3.55041,-4.76305e-05,5,0
A,91,.,.,.,TYR,OH,A,218,.,.,.,ALA,O,622,1647,4.47243,0,2.7517,-0.935861,5,0
A,91,.,.,.,TYR,OH,A,218,.,.,.,ALA,CB,622,1648,1.77537,0,3.86513,-1.40992,5,0
A,91,.,.,.,TYR,OH,A,221,.,.,.,LYS,C,622,1665,1.83996,0,3.72769,1.35477,5,0
A,91,.,.,.,TYR,OH,A,221,.,.,.,LYS,O,622,1666,0.32593,0,4.08532,-0.0463945,5,0
A,91,.,.,.,TYR,OH,A,221,.,.,.,LYS,CB,622,1667,8.7286,3.80268,3.81358,-5.49361,5,0
A,91,.,.,.,TYR,OH,A,222,.,.,.,TYR,N,622,1672,0.704177,0,3.59656,-0.108659,5,0
A,91,.,.,.,TYR,OH,A,222,.,.,.,TYR,CA,622,1673,2.11931,0,3.69085,-1.2734,5,0
A,91,.,.,.,TYR,OH,A,222,.,.,.,TYR,CB,622,1676,0.192159,0,4.03767,-0.174276,5,0
A,91,.,.,.,TYR,OH,A,225,.,.,.,TRP,CB,622,1704,0.946405,0.0993037,4.74616,-0.713764,5,0
A,92,.,.,.,ARG,N,A,92,.,.,.,ARG,CA,623,624,8.22958,0,1.46419,0,0,1
A,92,.,.,.,ARG,N,A,92,.,.,.,ARG,C,623,625,0.0387854,0,2.46689,0,0,0
A,92,.,.,.,ARG,N,A,92,.,.,.,ARG,CB,623,627,2.24295,0,2.46873,0,0,0
A,92,.,.,.,ARG,N,A,92,.,.,.,ARG,CG,623,628,0.633266,0,3.42778,0,0,0
A,92,.,.,.,ARG,N,A,93,.,.,.,LYS,N,623,634,1.6881,0,2.83911,0,1,0
A,92,.,.,.,ARG,N,A,95,.,.,.,TRP,NE1,623,660,1.05267,0,4.05124,0.318791,3,0
A,92,.,.,.,ARG,CA,A,92,.,.,.,ARG,C,624,625,6.64218,0,1.5184,0,0,1
A,92,.,.,.,ARG,CA,A,92,.,.,.,ARG,O,624,626,2.23826,0,2.39638,0,0,0
A,92,.,.,.,ARG,CA,A,92,.,.,.,ARG,CB,624,627,7.4781,0,1.53163,0,0,1
A,92,.,.,.,ARG,CA,A,92,.,.,.,ARG,CG,624,628,3.99704,0,2.58022,0,0,0
A,92,.,.,.,ARG,CA,A,92,.,.,.,ARG,CD,624,629,1.83137,0,3.38167,0,0,0
A,92,.,.,.,ARG,CA,A,93,.,.,.,LYS,N,624,634,1.04738,0,2.4341,0,1,0
A,92,.,.,.,ARG,CA,A,95,.,.,.,TRP,CD1,624,658,1.02385,0,4.13572,-0.236515,3,0
A,92,.,.,.,ARG,CA,A,95,.,.,.,TRP,NE1,624,660,4.66968,0,3.76052,0.0499576,3,0
A,92,.,.,.,ARG,CA,A,95,.,.,.,TRP,CE2,624,661,1.05193,0,4.3727,-0.831058,3,0
A,92,.,.,.,ARG,CA,A,96,.,.,.,ASP,CB,624,670,0.363315,0,4.57347,0.186573,4,0
A,92,.,.,.,ARG,C,A,92,.,.,.,ARG,O,625,626,8.00229,0,1.23426,0,0,1
A,92,.,.,.,ARG,C,A,92,.,.,.,ARG,CB,625,627,3.09102,0,2.49004,0,0,0
A,92,.,.,.,ARG,C,A,93,.,.,.,LYS,N,625,634,6.3568,0,1.32803,0,1,1
A,92,.,.,.,ARG,C,A,93,.,.,.,LYS,CA,625,635,1.36755,0,2.40577,0,1,0
A,92,.,.,.,ARG,C,A,93,.,.,.,LYS,C,625,636,0.0674296,0,3.06139,0,1,0
A,92,.,.,.,ARG,C,A,94,.,.,.,LYS,N,625,643,1.12744,0,3.09578,2.38056,2,0
A,92,.,.,.,ARG,C,A,95,.,.,.,TRP,N,625,652,0.00188256,0,4.05535,0.0030529,3,0
A,92,.,.,.,ARG,C,A,95,.,.,.,TRP,CD1,625,658,0.0286039,0,4.4031,-0.0127952,3,0
A,92,.,.,.,ARG,C,A,96,.,.,.,ASP,CB,625,670,0.186265,0,4.0046,0.0604353,4,0
A,92,.,.,.,ARG,C,A,99,.,.,.,VAL,CG1,625,693,1.48099,0,4.31456,0.333388,5,0
A,92,.,.,.,ARG,O,A,92,.,.,.,ARG,CB,626,627,0.00153844,0,3.29785,0,0,0
A,92,.,.,.,ARG,O,A,93,.,.,.,LYS,CA,626,635,2.50937,0,2.70403,0,1,0
A,92,.,.,.,ARG,O,A,93,.,.,.,LYS,C,626,636,1.6437,0,2.99915,0,1,0
A,92,.,.,.,ARG,O,A,94,.,.,.,LYS,N,626,643,0.559709,0,3.15116,0.757242,2,0
A,92,.,.,.,ARG,O,A,95,.,.,.,TRP,N,626,652,2.3441,0,3.33513,-2.00237,3,0
A,92,.,.,.,ARG,O,A,95,.,.,.,TRP,CG,626,657,0.0241077,0,4.26565,-0.00421596,3,0
A,92,.,.,.,ARG,O,A,95,.,.,.,TRP,CD1,626,658,1.22114,0,4.10854,-0.212795,3,0
A,92,.,.,.,ARG,O,A,95,.,.,.,TRP,CD2,626,659,0.178012,0,4.55339,0.0926686,3,0
A,92,.,.,.,ARG,O,A,95,.,.,.,TRP,CE2,626,661,0.19654,0,4.56593,0.109634,3,0
A,92,.,.,.,ARG,O,A,96,.,.,.,ASP,N,626,666,5.03702,0,2.78365,-4.07411,4,0
A,92,.,.,.,ARG,O,A,96,.,.,.,ASP,CA,626,667,0.043332,0,3.41893,0.0220416,4,0
A,92,.,.,.,ARG,O,A,96,.,.,.,ASP,O,626,669,0.620764,0,3.90066,0.672213,4,0
A,92,.,.,.,ARG,O,A,96,.,.,.,ASP,CB,626,670,5.73766,0,3.0237,0.471116,4,0
A,92,.,.,.,ARG,O,A,99,.,.,.,VAL,CG1,626,693,1.34692,0,4.00462,-0.105888,5,0
A,92,.,.,.,ARG,CB,A,92,.,.,.,ARG,CG,627,628,11.7936,0,1.52476,0,0,1
A,92,.,.,.,ARG,CB,A,92,.,.,.,ARG,CD,627,629,4.39612,0,2.56673,0,0,0
A,92,.,.,.,ARG,CB,A,93,.,.,.,LYS,N,627,634,3.3528,0,3.12985,0,1,0
A,92,.,.,.,ARG,CB,A,93,.,.,.,LYS,CG,627,639,0.0616231,0,5.27872,0,1,0
A,92,.,.,.,ARG,CB,A,96,.,.,.,ASP,CB,627,670,0.490585,0,4.73802,-0.00866681,4,0
A,92,.,.,.,ARG,CB,A,99,.,.,.,VAL,CB,627,692,0.427747,0,5.42559,-0.135354,5,0
A,92,.,.,.,ARG,CB,A,99,.,.,.,VAL,CG1,627,693,2.26623,0,4.9939,-1.53809,5,0
A,92,.,.,.,ARG,CB,A,99,.,.,.,VAL,CG2,627,694,1.06672,0,5.33649,-0.734938,5,0
A,92,.,.,.,ARG,CB,A,102,.,.,.,THR,CG2,627,718,8.44446,0,4.14474,-3.79326,5,0
A,92,.,.,.,ARG,CB,A,117,.,.,.,TYR,CE1,627,836,0.0444777,0,5.59782,-0.0349748,5,0
A,92,.,.,.,ARG,CG,A,92,.,.,.,ARG,CD,628,629,12.6526,0.477749,1.54238,0,0,1
A,92,.,.,.,ARG,CG,A,92,.,.,.,ARG,NE,628,630,8.09582,3.18907,2.46575,0,0,0
A,92,.,.,.,ARG,CG,A,95,.,.,.,TRP,NE1,628,660,1.21657,0,4.6983,-1.14952,3,0
A,92,.,.,.,ARG,CG,A,95,.,.,.,TRP,CE2,628,661,0.0168223,0,4.80188,-0.030569,3,0
A,92,.,.,.,ARG,CG,A,95,.,.,.,TRP,CZ2,628,663,2.12858,0,4.54205,-2.2333,3,0
A,92,.,.,.,ARG,CG,A,102,.,.,.,THR,CB,628,716,0.0160778,0,5.6511,-0.00465559,5,0
A,92,.,.,.,ARG,CG,A,102,.,.,.,THR,OG1,628,717,1.56646,2.04417,5.47069,-0.26835,5,0
A,92,.,.,.,ARG,CG,A,102,.,.,.,THR,CG2,628,718,3.0486,0,4.7752,0.0995867,5,0
A,92,.,.,.,ARG,CG,A,117,.,.,.,TYR,CD1,628,834,0.954742,0.768022,5.63475,-0.842195,5,0
A,92,.,.,.,ARG,CG,A,117,.,.,.,TYR,CE1,628,836,0.21741,0,5.2066,-0.187706,5,0
A,92,.,.,.,ARG,CD,A,92,.,.,.,ARG,NE,629,630,8.7096,0.52044,1.46484,0,0,1
A,92,.,.,.,ARG,CD,A,92,.,.,.,ARG,CZ,629,631,2.67847,0,2.48774,0,0,0
A,92,.,.,.,ARG,CD,A,92,.,.,.,ARG,NH1,629,632,3.32531,0,2.86057,0,0,0
A,92,.,.,.,ARG,CD,A,95,.,.,.,TRP,CE2,629,661,0.570041,0,4.45625,-1.21934,3,0
A,92,.,.,.,ARG,CD,A,95,.,.,.,TRP,CZ2,629,663,3.87323,0,3.96956,-5.2533,3,0
A,92,.,.,.,ARG,CD,A,95,.,.,.,TRP,CH2,629,665,0.488898,0,4.45367,-0.652508,3,0
A,92,.,.,.,ARG,CD,A,96,.,.,.,ASP,CB,629,670,6.2379,0,3.94599,-1.23417,4,0
A,92,.,.,.,ARG,CD,A,96,.,.,.,ASP,OD2,629,673,2.96172,0,3.57346,-2.1061,4,0
A,92,.,.,.,ARG,CD,A,99,.,.,.,VAL,CB,629,692,0.993733,0,5.44278,0.139753,5,0
A,92,.,.,.,ARG,CD,A,99,.,.,.,VAL,CG1,629,693,0.0625851,0,5.46466,-0.0071265,5,0
A,92,.,.,.,ARG,CD,A,99,.,.,.,VAL,CG2,629,694,0.0599317,0,5.6838,-0.0104037,5,0
A,92,.,.,.,ARG,CD,A,117,.,.,.,TYR,CD1,629,834,0.596204,0.531651,5.15896,-0.518391,5,0
A,92,.,.,.,ARG,CD,A,117,.,.,.,TYR,CE1,629,836,6.23303,0,4.4243,-6.46184,5,0
A,92,.,.,.,ARG,NE,A,92,.,.,.,ARG,CZ,630,631,11.0712,1.8764,1.33177,0,0,1
A,92,.,.,.,ARG,NE,A,92,.,.,.,ARG,NH2,630,633,5.50358,2.9729,2.30043,0,0,0
A,92,.,.,.,ARG,NE,A,95,.,.,.,TRP,CZ2,630,663,4.65389,0.815304,3.72429,-4.21309,3,0
A,92,.,.,.,ARG,NE,A,117,.,.,.,TYR,CD1,630,834,0.0797467,0.388871,5.45895,-0.0852524,5,0
A,92,.,.,.,ARG,NE,A,117,.,.,.,TYR,CE1,630,836,0.0260975,0,4.79847,-0.0326887,5,0
A,92,.,.,.,ARG,CZ,A,92,.,.,.,ARG,NH1,631,632,12.4615,0.832239,1.32619,0,0,1
A,92,.,.,.,ARG,CZ,A,92,.,.,.,ARG,NH2,631,633,15.8173,3.83299,1.32867,0,0,1
A,92,.,.,.,ARG,CZ,A,95,.,.,.,TRP,CZ2,631,663,0.579946,0,4.10299,-0.877169,3,0
A,92,.,.,.,ARG,CZ,A,95,.,.,.,TRP,CH2,631,665,3.94591,0,3.9645,-5.13868,3,0
A,92,.,.,.,ARG,CZ,A,117,.,.,.,TYR,CD1,631,834,0.234215,1.22343,5.44582,-0.268984,5,0
A,92,.,.,.,ARG,CZ,A,117,.,.,.,TYR,CE1,631,836,2.66251,1.44064,4.66169,-3.4198,5,0
A,92,.,.,.,ARG,NH1,A,92,.,.,.,ARG,NH2,632,633,6.03533,5.68601,2.29506,0,0,0
A,92,.,.,.,ARG,NH1,A,95,.,.,.,TRP,CZ3,632,664,1.11098,1.42204,4.90251,-0.703952,3,0
A,92,.,.,.,ARG,NH1,A,95,.,.,.,TRP,CH2,632,665,3.33146,1.16808,4.24984,-2.8811,3,0
A,92,.,.,.,ARG,NH1,A,96,.,.,.,ASP,CB,632,670,0.7102,0,4.34965,-0.344388,4,0
A,92,.,.,.,ARG,NH1,A,96,.,.,.,ASP,CG,632,671,0.757706,0.865218,3.79668,-1.79364,4,0
A,92,.,.,.,ARG,NH1,A,96,.,.,.,ASP,OD2,632,673,9.02104,1.94381,2.72892,-14.7664,4,0
A,92,.,.,.,ARG,NH1,A,117,.,.,.,TYR,CE1,632,836,3.2689,0.286078,4.05602,-1.73125,5,0
A,92,.,.,.,ARG,NH1,A,117,.,.,.,TYR,CZ,632,838,2.5852,2.11257,4.16306,-1.04119,5,0
A,92,.,.,.,ARG,NH1,A,117,.,.,.,TYR,OH,632,839,4.34496,2.63362,3.69877,-3.92824,5,0
A,92,.,.,.,ARG,NH2,A,95,.,.,.,TRP,CZ2,633,663,1.06476,0.0791972,4.52517,-1.13934,3,0
A,92,.,.,.,ARG,NH2,A,95,.,.,.,TRP,CH2,633,665,3.8733,0.863384,4.26482,-3.34969,3,0
A,92,.,.,.,ARG,NH2,A,171,.,.,.,TYR,CE2,633,1284,1.36037,2.27269,5.28229,-1.07425,5,0
A,92,.,.,.,ARG,NH2,A,171,.,.,.,TYR,CZ,633,1285,0.0413382,0,4.81169,-0.0579764,5,0
A,92,.,.,.,ARG,NH2,A,171,.,.,.,TYR,OH,633,1286,13.1406,6.52175,3.80243,-11.8803,5,0
A,92,.,.,.,ARG,NH2,A,215,.,.,.,MET,CE,633,1622,3.6515,1.13705,5.088,-1.11061,5,0
A,93,.,.,.,LYS,N,A,93,.,.,.,LYS,CA,634,635,6.91726,0,1.45839,0,0,1
A,93,.,.,.,LYS,N,A,93,.,.,.,LYS,CB,634,638,2.71118,0,2.44388,0,0,0
A,93,.,.,.,LYS,N,A,93,.,.,.,LYS,CG,634,639,3.64306,0,3.14605,0,0,0
A,93,.,.,.,LYS,N,A,94,.,.,.,LYS,N,634,643,1.96681,0,2.74887,0,1,0
A,93,.,.,.,LYS,N,A,99,.,.,.,VAL,CG1,634,693,0.523857,0,4.31306,0.374533,5,0
A,93,.,.,.,LYS,N,A,102,.,.,.,THR,CG2,634,718,0.160798,0,5.26767,0.127166,5,0
A,93,.,.,.,LYS,CA,A,93,.,.,.,LYS,C,635,636,7.35823,0,1.51923,0,0,1
A,93,.,.,.,LYS,CA,A,93,.,.,.,LYS,O,635,637,3.3008,0.515401,2.37646,0,0,0
A,93,.,.,.,LYS,CA,A,93,.,.,.,LYS,CB,635,638,8.75486,0.343537,1.51873,0,0,1
A,93,.,.,.,LYS,CA,A,93,.,.,.,LYS,CG,635,639,3.14146,0.0189725,2.51932,0,0,0
A,93,.,.,.,LYS,CA,A,94,.,.,.,LYS,N,635,643,1.0281,0,2.4513,0,1,0
A,93,.,.,.,LYS,CA,A,96,.,.,.,ASP,O,635,669,1.06576,0,4.63499,-0.0760742,3,0
A,93,.,.,.,LYS,CA,A,99,.,.,.,VAL,CG1,635,693,6.31377,0.52475,3.92447,0.369214,5,0
A,93,.,.,.,LYS,C,A,93,.,.,.,LYS,O,636,637,9.61729,0.78377,1.23069,0,0,1
A,93,.,.,.,LYS,C,A,93,.,.,.,LYS,CB,636,638,4.69591,1.49914,2.48092,0,0,0
A,93,.,.,.,LYS,C,A,94,.,.,.,LYS,N,636,643,7.96997,0.393662,1.33154,0,1,1
A,93,.,.,.,LYS,C,A,94,.,.,.,LYS,CA,636,644,2.46322,1.08602,2.41012,0,1,0
A,93,.,.,.,LYS,C,A,94,.,.,.,LYS,C,636,645,0.758406,0,3.09828,0,1,0
A,93,.,.,.,LYS,C,A,95,.,.,.,TRP,N,636,652,0.713359,0,3.48288,1.44636,2,0
A,93,.,.,.,LYS,C,A,96,.,.,.,ASP,N,636,666,0.695064,0,4.44439,1.38961,3,0
A,93,.,.,.,LYS,C,A,96,.,.,.,ASP,O,636,669,0.276474,0,4.66067,0.692153,3,0
A,93,.,.,.,LYS,O,A,93,.,.,.,LYS,CB,637,638,5.60442,5.04298,3.03472,0,0,0
A,93,.,.,.,LYS,O,A,94,.,.,.,LYS,CA,637,644,5.70891,3.1076,2.71907,0,1,0
A,93,.,.,.,LYS,O,A,94,.,.,.,LYS,C,637,645,2.75418,0.10811,3.12741,0,1,0
A,93,.,.,.,LYS,O,A,94,.,.,.,LYS,O,637,646,3.48342,3.97177,3.53635,0,1,0
A,93,.,.,.,LYS,O,A,96,.,.,.,ASP,N,637,666,0.639098,0.0257574,4.57767,0.642581,3,0
A,93,.,.,.,LYS,O,A,96,.,.,.,ASP,C,637,668,0.00201714,0.052835,5.09039,0.00272437,3,0
A,93,.,.,.,LYS,O,A,96,.,.,.,ASP,O,637,669,5.37277,3.97693,4.32956,6.26712,3,0
A,93,.,.,.,LYS,O,A,99,.,.,.,VAL,CG1,637,693,0.140413,0.482598,5.09053,0.089931,5,0
A,93,.,.,.,LYS,CB,A,93,.,.,.,LYS,CG,638,639,12.4849,2.67207,1.505,0,0,1
A,93,.,.,.,LYS,CB,A,93,.,.,.,LYS,CD,638,640,11.1541,6.31141,2.47379,0,0,0
A,93,.,.,.,LYS,CB,A,94,.,.,.,LYS,N,638,643,1.86937,1.38849,3.38601,0,1,0
A,93,.,.,.,LYS,CG,A,93,.,.,.,LYS,CD,639,640,13.5304,2.26666,1.51199,0,0,1
A,93,.,.,.,LYS,CG,A,93,.,.,.,LYS,CE,639,641,6.55119,0.0270453,2.47556,0,0,0
A,93,.,.,.,LYS,CG,A,99,.,.,.,VAL,O,639,691,1.50689,1.64149,5.23525,0.207518,5,0
A,93,.,.,.,LYS,CG,A,99,.,.,.,VAL,CG1,639,693,8.33647,0.924573,3.95762,-4.26224,5,0
A,93,.,.,.,LYS,CG,A,99,.,.,.,VAL,CG2,639,694,2.44722,0,4.67071,-1.14466,5,0
A,93,.,.,.,LYS,CG,A,100,.,.,.,ILE,C,639,697,0.00879272,0,5.50622,-0.00130087,5,0
A,93,.,.,.,LYS,CG,A,100,.,.,.,ILE,O,639,698,0.850223,0.651578,4.8873,0.150061,5,0
A,93,.,.,.,LYS,CG,A,102,.,.,.,THR,CG2,639,718,5.15039,0,4.77884,-2.16331,5,0
A,93,.,.,.,LYS,CD,A,93,.,.,.,LYS,CE,640,641,15.214,4.47257,1.50378,0,0,1
A,93,.,.,.,LYS,CD,A,93,.,.,.,LYS,NZ,640,642,9.48218,7.56912,2.46759,0,0,0
A,93,.,.,.,LYS,CD,A,102,.,.,.,THR,CG2,640,718,0.703296,0.776472,5.18943,-0.0995086,5,0
A,93,.,.,.,LYS,CE,A,93,.,.,.,LYS,NZ,641,642,15.8532,2.28528,1.48176,0,0,1
A,93,.,.,.,LYS,CE,A,99,.,.,.,VAL,CG2,641,694,1.81507,0,5.0339,0.249835,5,0
A,93,.,.,.,LYS,CE,A,100,.,.,.,ILE,C,641,697,0.490173,0,4.34991,0.299002,5,0
A,93,.,.,.,LYS,CE,A,100,.,.,.,ILE,O,641,698,9.51579,2.77638,3.53393,0.125784,5,0
A,93,.,.,.,LYS,CE,A,101,.,.,.,GLU,CA,641,704,3.98164,0,4.15076,2.54187,5,0
A,93,.,.,.,LYS,CE,A,102,.,.,.,THR,N,641,712,3.96706,0,4.19469,6.55553,5,0
A,93,.,.,.,LYS,CE,A,102,.,.,.,THR,O,641,715,2.62764,1.39472,4.86468,0.208746,5,0
A,93,.,.,.,LYS,CE,A,102,.,.,.,THR,CG2,641,718,3.81523,0.105813,4.72728,-0.41092,5,0
A,93,.,.,.,LYS,NZ,A,100,.,.,.,ILE,O,642,698,2.78984,2.47266,4.0119,1.88326,5,0
A,93,.,.,.,LYS,NZ,A,101,.,.,.,GLU,CA,642,704,1.4826,0,4.41552,-0.0778991,5,0
A,93,.,.,.,LYS,NZ,A,101,.,.,.,GLU,CG,642,708,7.51663,5.77207,4.76264,-0.0105086,5,0
A,93,.,.,.,LYS,NZ,A,102,.,.,.,THR,N,642,712,1.26045,0.218527,4.58549,1.12096,5,0
A,93,.,.,.,LYS,NZ,A,102,.,.,.,THR,O,642,715,2.75737,3.32166,4.95446,1.79328,5,0
A,94,.,.,.,LYS,N,A,94,.,.,.,LYS,CA,643,644,8.24215,1.10946,1.45574,0,0,1
A,94,.,.,.,LYS,N,A,94,.,.,.,LYS,C,643,645,0.185572,0,2.46568,0,0,0
A,94,.,.,.,LYS,N,A,94,.,.,.,LYS,CB,643,647,4.05638,1.07777,2.45142,0,0,0
A,94,.,.,.,LYS,N,A,95,.,.,.,TRP,N,643,652,1.70596,0,2.85422,0,1,0
A,94,.,.,.,LYS,CA,A,94,.,.,.,LYS,C,644,645,6.61524,0,1.52673,0,0,1
A,94,.,.,.,LYS,CA,A,94,.,.,.,LYS,O,644,646,3.16641,0.891462,2.39482,0,0,0
A,94,.,.,.,LYS,CA,A,94,.,.,.,LYS,CB,644,647,9.38717,1.07629,1.53419,0,0,1
A,94,.,.,.,LYS,CA,A,94,.,.,.,LYS,CG,644,648,0.936626,0,2.58001,0,0,0
A,94,.,.,.,LYS,CA,A,94,.,.,.,LYS,CD,644,649,6.88549,4.16919,3.19596,0,0,0
A,94,.,.,.,LYS,CA,A,95,.,.,.,TRP,N,644,652,0.991164,0,2.46249,0,1,0
A,94,.,.,.,LYS,C,A,94,.,.,.,LYS,O,645,646,9.43954,0.139763,1.23653,0,0,1
A,94,.,.,.,LYS,C,A,94,.,.,.,LYS,CB,645,647,1.05009,0,2.52245,0,0,0
A,94,.,.,.,LYS,C,A,94,.,.,.,LYS,CG,645,648,3.02723,0,3.06026,0,0,0
A,94,.,.,.,LYS,C,A,95,.,.,.,TRP,N,645,652,7.87352,0,1.34149,0,1,1
A,94,.,.,.,LYS,C,A,95,.,.,.,TRP,CA,645,653,2.70554,0,2.44975,0,1,0
A,94,.,.,.,LYS,C,A,95,.,.,.,TRP,C,645,654,0.110462,0,3.52644,0,1,0
A,94,.,.,.,LYS,C,A,95,.,.,.,TRP,CB,645,656,0.0950062,0,3.54259,0,1,0
A,94,.,.,.,LYS,C,A,96,.,.,.,ASP,N,645,666,0.659043,0.127542,3.81226,1.3176,2,0
A,94,.,.,.,LYS,O,A,94,.,.,.,LYS,CG,646,648,3.6419,1.61296,3.3662,0,0,0
A,94,.,.,.,LYS,O,A,94,.,.,.,LYS,CD,646,649,3.79989,2.13591,3.8266,0,0,0
A,94,.,.,.,LYS,O,A,94,.,.,.,LYS,CE,646,650,1.58668,2.81715,4.58095,0,0,0
A,94,.,.,.,LYS,O,A,95,.,.,.,TRP,CA,646,653,9.26226,5.58776,2.77926,0,1,0
A,94,.,.,.,LYS,O,A,95,.,.,.,TRP,C,646,654,0.696558,1.69721,3.7851,0,1,0
A,94,.,.,.,LYS,O,A,96,.,.,.,ASP,N,646,666,0.0171019,0.180489,4.29544,0.0171951,2,0
A,94,.,.,.,LYS,CB,A,94,.,.,.,LYS,CG,647,648,10.2414,0,1.5276,0,0,1
A,94,.,.,.,LYS,CB,A,94,.,.,.,LYS,CD,647,649,4.88132,1.6333,2.55069,0,0,0
A,94,.,.,.,LYS,CB,A,95,.,.,.,TRP,N,647,652,2.01015,0,3.19559,0,1,0
A,94,.,.,.,LYS,CB,A,95,.,.,.,TRP,CB,647,656,0.175318,0,4.93207,0,1,0
A,94,.,.,.,LYS,CB,A,95,.,.,.,TRP,CD1,647,658,0.687918,0,4.80448,0,1,0
A,94,.,.,.,LYS,CB,A,225,.,.,.,TRP,NE1,647,1708,1.01051,0,4.23323,-0.431694,5,0
A,94,.,.,.,LYS,CB,A,225,.,.,.,TRP,CE2,647,1709,0.844504,0,4.52022,-0.757864,5,0
A,94,.,.,.,LYS,CB,A,225,.,.,.,TRP,CZ2,647,1711,4.37261,1.84045,4.76187,-3.35271,5,0
A,94,.,.,.,LYS,CG,A,94,.,.,.,LYS,CD,648,649,8.85333,0,1.53122,0,0,1
A,94,.,.,.,LYS,CG,A,94,.,.,.,LYS,CE,648,650,8.87573,4.43554,2.52526,0,0,0
A,94,.,.,.,LYS,CG,A,95,.,.,.,TRP,N,648,652,0.164186,0,3.8879,0,1,0
A,94,.,.,.,LYS,CG,A,95,.,.,.,TRP,CA,648,653,0.101999,0.120721,4.85875,0,1,0
A,94,.,.,.,LYS,CG,A,95,.,.,.,TRP,CB,648,656,2.55967,1.77489,5.19318,0,1,0
A,94,.,.,.,LYS,CG,A,225,.,.,.,TRP,CD1,648,1706,3.78958,0.54643,3.9788,-0.908754,5,0
A,94,.,.,.,LYS,CG,A,225,.,.,.,TRP,NE1,648,1708,1.77044,0,3.78452,-0.0982328,5,0
A,94,.,.,.,LYS,CG,A,225,.,.,.,TRP,CE2,648,1709,0.0797126,0,4.45783,-0.110191,5,0
A,94,.,.,.,LYS,CD,A,94,.,.,.,LYS,CE,649,650,12.5731,1.26191,1.53456,0,0,1
A,94,.,.,.,LYS,CD,A,94,.,.,.,LYS,NZ,649,651,8.83426,6.49161,2.52397,0,0,0
A,94,.,.,.,LYS,CD,A,225,.,.,.,TRP,CD1,649,1706,0.504178,0,4.01716,-0.120029,5,0
A,94,.,.,.,LYS,CD,A,225,.,.,.,TRP,NE1,649,1708,7.25471,2.96007,3.69219,-3.04606,5,0
A,94,.,.,.,LYS,CD,A,225,.,.,.,TRP,CZ2,649,1711,0.0653341,0.332386,5.33143,-0.0523385,5,0
A,94,.,.,.,LYS,CE,A,94,.,.,.,LYS,NZ,650,651,20.9529,9.36463,1.49246,0,0,1
A,94,.,.,.,LYS,CE,A,225,.,.,.,TRP,CD1,650,1706,9.12012,4.45734,3.99122,-3.91277,5,0
A,94,.,.,.,LYS,CE,A,225,.,.,.,TRP,NE1,650,1708,0.420318,0,4.10848,-0.330551,5,0
A,94,.,.,.,LYS,NZ,A,225,.,.,.,TRP,CD1,651,1706,1.23188,2.22479,4.7165,-0.372981,5,0
A,94,.,.,.,LYS,NZ,A,225,.,.,.,TRP,NE1,651,1708,0.900443,1.54445,4.72972,-0.547344,5,0
A,95,.,.,.,TRP,N,A,95,.,.,.,TRP,CA,652,653,6.95092,0,1.4603,0,0,1
A,95,.,.,.,TRP,N,A,95,.,.,.,TRP,CB,652,656,2.41059,0,2.46596,0,0,0
A,95,.,.,.,TRP,N,A,95,.,.,.,TRP,CG,652,657,0.409768,0,3.01666,0,0,0
A,95,.,.,.,TRP,N,A,95,.,.,.,TRP,CD1,652,658,3.07378,0,3.31096,0,0,0
A,95,.,.,.,TRP,N,A,96,.,.,.,ASP,N,652,666,3.03649,0,2.83097,0,1,0
A,95,.,.,.,TRP,CA,A,95,.,.,.,TRP,C,653,654,10.1708,1.16851,1.52806,0,0,1
A,95,.,.,.,TRP,CA,A,95,.,.,.,TRP,O,653,655,4.04115,2.99175,2.37851,0,0,0
A,95,.,.,.,TRP,CA,A,95,.,.,.,TRP,CB,653,656,13.7894,4.11491,1.53763,0,0,1
A,95,.,.,.,TRP,CA,A,95,.,.,.,TRP,CG,653,657,0.82755,0,2.54817,0,0,0
A,95,.,.,.,TRP,CA,A,96,.,.,.,ASP,N,653,666,0.920402,0,2.47186,0,1,0
A,95,.,.,.,TRP,C,A,95,.,.,.,TRP,O,654,655,9.00373,1.19794,1.23463,0,0,1
A,95,.,.,.,TRP,C,A,95,.,.,.,TRP,CB,654,656,1.24701,0,2.47551,0,0,0
A,95,.,.,.,TRP,C,A,95,.,.,.,TRP,CG,654,657,0.407464,0,3.01593,0,0,0
A,95,.,.,.,TRP,C,A,95,.,.,.,TRP,CD2,654,659,0.672784,0,3.38068,0,0,0
A,95,.,.,.,TRP,C,A,95,.,.,.,TRP,CE3,654,662,1.26919,0,3.48006,0,0,0
A,95,.,.,.,TRP,C,A,96,.,.,.,ASP,N,654,666,8.07528,0.0390377,1.33072,0,1,1
A,95,.,.,.,TRP,C,A,96,.,.,.,ASP,CA,654,667,1.31363,0,2.45159,0,1,0
A,95,.,.,.,TRP,C,A,96,.,.,.,ASP,C,654,668,1.69798,1.03958,3.23744,0,1,0
A,95,.,.,.,TRP,C,A,97,.,.,.,SER,N,654,674,1.05386,0,3.72745,1.3453,2,0
A,95,.,.,.,TRP,C,A,97,.,.,.,SER,CA,654,675,0.19103,1.20243,4.88006,0.124129,2,0
A,95,.,.,.,TRP,C,A,97,.,.,.,SER,CB,654,678,0.00274583,0.0709395,5.44831,-0.000524946,2,0
A,95,.,.,.,TRP,O,A,95,.,.,.,TRP,CB,655,656,3.91512,2.31302,2.96342,0,0,0
A,95,.,.,.,TRP,O,A,95,.,.,.,TRP,CE3,655,662,5.66905,0.577436,3.37082,0,0,0
A,95,.,.,.,TRP,O,A,96,.,.,.,ASP,CA,655,667,4.31902,1.07215,2.77819,0,1,0
A,95,.,.,.,TRP,O,A,97,.,.,.,SER,N,655,674,4.91232,0.3343,3.49695,3.68468,2,0
A,95,.,.,.,TRP,O,A,97,.,.,.,SER,CB,655,678,2.31254,3.06132,4.90909,-0.457581,2,0
A,95,.,.,.,TRP,O,A,97,.,.,.,SER,OG,655,679,0.484489,0,4.8884,0.123995,2,0
A,95,.,.,.,TRP,O,A,214,.,.,.,LYS,CB,655,1610,2.238,0.6928,5.19324,0.91608,5,0
A,95,.,.,.,TRP,O,A,214,.,.,.,LYS,CG,655,1611,2.86479,2.48791,5.22209,1.08505,5,0
A,95,.,.,.,TRP,O,A,214,.,.,.,LYS,CD,655,1612,4.22571,1.35344,5.21874,0.648165,5,0
A,95,.,.,.,TRP,O,A,214,.,.,.,LYS,CE,655,1613,0.735868,1.58308,5.66482,0.170147,5,0
A,95,.,.,.,TRP,CB,A,95,.,.,.,TRP,CG,656,657,6.79963,0,1.50504,0,0,1
A,95,.,.,.,TRP,CB,A,95,.,.,.,TRP,CD1,656,658,3.24792,0,2.569,0,0,0
A,95,.,.,.,TRP,CB,A,95,.,.,.,TRP,CD2,656,659,1.04219,0,2.63407,0,0,0
A,95,.,.,.,TRP,CB,A,95,.,.,.,TRP,CE3,656,662,3.24192,0,3.32172,0,0,0
A,95,.,.,.,TRP,CB,A,214,.,.,.,LYS,O,656,1609,2.02838,2.22557,5.16703,0.0707461,5,0
A,95,.,.,.,TRP,CB,A,214,.,.,.,LYS,CB,656,1610,0.0118398,0.0898815,6.43168,0.000358664,5,0
A,95,.,.,.,TRP,CB,A,218,.,.,.,ALA,CA,656,1645,1.93592,3.09884,4.74665,-0.323083,5,0
A,95,.,.,.,TRP,CB,A,218,.,.,.,ALA,CB,656,1648,8.01226,0.300625,3.79322,-8.83304,5,0
A,95,.,.,.,TRP,CG,A,95,.,.,.,TRP,CD1,657,658,7.03638,0,1.36734,0,0,1
A,95,.,.,.,TRP,CG,A,95,.,.,.,TRP,CD2,657,659,6.65178,0,1.43661,0,0,1
A,95,.,.,.,TRP,CG,A,96,.,.,.,ASP,N,657,666,0.813865,0,3.48881,0,1,0
A,95,.,.,.,TRP,CG,A,218,.,.,.,ALA,CB,657,1648,1.72846,0,3.51005,-0.948113,5,0
A,95,.,.,.,TRP,CD1,A,95,.,.,.,TRP,CD2,658,659,1.09488,0,2.24108,0,0,0
A,95,.,.,.,TRP,CD1,A,95,.,.,.,TRP,NE1,658,660,8.52481,0,1.37618,0,0,1
A,95,.,.,.,TRP,CD1,A,95,.,.,.,TRP,CE2,658,661,0.773988,0,2.23344,0,0,0
A,95,.,.,.,TRP,CD1,A,218,.,.,.,ALA,CB,658,1648,2.39787,0,3.83835,-2.03875,5,0
A,95,.,.,.,TRP,CD2,A,95,.,.,.,TRP,CE2,659,661,8.6552,0,1.41127,0,0,1
A,95,.,.,.,TRP,CD2,A,95,.,.,.,TRP,CE3,659,662,10.1802,0,1.39938,0,0,1
A,95,.,.,.,TRP,CD2,A,95,.,.,.,TRP,CZ2,659,663,0.579875,0,2.45624,0,0,0
A,95,.,.,.,TRP,CD2,A,95,.,.,.,TRP,CZ3,659,664,0.224857,0,2.39273,0,0,0
A,95,.,.,.,TRP,CD2,A,95,.,.,.,TRP,CH2,659,665,0.141074,0,2.77875,0,0,0
A,95,.,.,.,TRP,CD2,A,96,.,.,.,ASP,N,659,666,1.69409,0,3.6336,0,1,0
A,95,.,.,.,TRP,CD2,A,96,.,.,.,ASP,CA,659,667,0.0136667,0,4.30383,0,1,0
A,95,.,.,.,TRP,CD2,A,96,.,.,.,ASP,CB,659,670,1.15011,0,4.48345,0,1,0
A,95,.,.,.,TRP,CD2,A,215,.,.,.,MET,CA,659,1616,0.0752828,0,4.83791,-0.0663829,5,0
A,95,.,.,.,TRP,CD2,A,218,.,.,.,ALA,CB,659,1648,3.31667,0,3.74121,-3.19847,5,0
A,95,.,.,.,TRP,NE1,A,95,.,.,.,TRP,CE2,660,661,8.39869,0,1.36894,0,0,1
A,95,.,.,.,TRP,NE1,A,95,.,.,.,TRP,CZ2,660,663,2.99064,0,2.50029,0,0,0
A,95,.,.,.,TRP,NE1,A,218,.,.,.,ALA,CB,660,1648,0.457733,0,4.23209,-0.326874,5,0
A,95,.,.,.,TRP,CE2,A,95,.,.,.,TRP,CZ2,661,663,11.1906,0,1.39046,0,0,1
A,95,.,.,.,TRP,CE2,A,96,.,.,.,ASP,CB,661,670,0.802229,0,4.76392,0,1,0
A,95,.,.,.,TRP,CE2,A,215,.,.,.,MET,CA,661,1616,0.000352771,0,5.17967,-0.000349741,5,0
A,95,.,.,.,TRP,CE2,A,218,.,.,.,ALA,CB,661,1648,1.46779,0,4.19417,-2.40294,5,0
A,95,.,.,.,TRP,CE3,A,95,.,.,.,TRP,CZ3,662,664,14.1382,0.800576,1.38295,0,0,1
A,95,.,.,.,TRP,CE3,A,96,.,.,.,ASP,N,662,666,0.211461,0,3.80127,0,1,0
A,95,.,.,.,TRP,CE3,A,96,.,.,.,ASP,CA,662,667,3.30851,0.509359,4.08482,0,1,0
A,95,.,.,.,TRP,CE3,A,96,.,.,.,ASP,CB,662,670,0.763581,0,4.394,0,1,0
A,95,.,.,.,TRP,CE3,A,214,.,.,.,LYS,C,662,1608,1.80155,0,4.35547,-1.53567,5,0
A,95,.,.,.,TRP,CE3,A,214,.,.,.,LYS,O,662,1609,2.15789,0,4.27281,0.619431,5,0
A,95,.,.,.,TRP,CE3,A,214,.,.,.,LYS,CB,662,1610,4.55998,0.638927,4.7954,-2.89315,5,0
A,95,.,.,.,TRP,CE3,A,215,.,.,.,MET,N,662,1615,0.215871,0,4.26826,0.000734891,5,0
A,95,.,.,.,TRP,CE3,A,215,.,.,.,MET,CA,662,1616,2.00143,0,4.16039,-1.11117,5,0
A,95,.,.,.,TRP,CE3,A,218,.,.,.,ALA,CB,662,1648,1.63059,0,4.25593,-1.34197,5,0
A,95,.,.,.,TRP,CZ2,A,95,.,.,.,TRP,CH2,663,665,14.2755,0,1.36944,0,0,1
A,95,.,.,.,TRP,CZ2,A,96,.,.,.,ASP,CB,663,670,0.402102,0,4.97005,0,1,0
A,95,.,.,.,TRP,CZ2,A,215,.,.,.,MET,CA,663,1616,0.192311,0,4.95716,-0.0827283,5,0
A,95,.,.,.,TRP,CZ2,A,215,.,.,.,MET,CG,663,1620,2.4565,0,4.62294,-3.15021,5,0
A,95,.,.,.,TRP,CZ2,A,218,.,.,.,ALA,CB,663,1648,0.131125,0,5.02743,-0.0972448,5,0
A,95,.,.,.,TRP,CZ3,A,95,.,.,.,TRP,CH2,664,665,15.8602,2.17445,1.40243,0,0,1
A,95,.,.,.,TRP,CZ3,A,96,.,.,.,ASP,CA,664,667,1.42985,1.39967,4.62394,0,1,0
A,95,.,.,.,TRP,CZ3,A,96,.,.,.,ASP,CB,664,670,2.95884,0,4.58822,0,1,0
A,95,.,.,.,TRP,CZ3,A,96,.,.,.,ASP,CG,664,671,1.07596,1.58174,5.20255,0,1,0
A,95,.,.,.,TRP,CZ3,A,211,.,.,.,ALA,O,664,1587,3.97335,3.22224,4.84334,-1.26392,5,0
A,95,.,.,.,TRP,CZ3,A,214,.,.,.,LYS,CB,664,1610,3.22153,1.87622,4.94445,-2.75282,5,0
A,95,.,.,.,TRP,CZ3,A,215,.,.,.,MET,N,664,1615,2.11339,0,4.03678,-1.0586,5,0
A,95,.,.,.,TRP,CZ3,A,215,.,.,.,MET,CA,664,1616,2.97564,0,3.84942,-2.97122,5,0
A,95,.,.,.,TRP,CZ3,A,215,.,.,.,MET,CB,664,1619,3.05216,0,4.00511,-5.1427,5,0
A,95,.,.,.,TRP,CZ3,A,215,.,.,.,MET,CE,664,1622,0.137151,0.466758,5.10441,-0.20667,5,0
A,95,.,.,.,TRP,CH2,A,96,.,.,.,ASP,CB,665,670,0.977582,0,4.87463,0,1,0
A,95,.,.,.,TRP,CH2,A,215,.,.,.,MET,CA,665,1616,0.493897,0,4.28982,-0.447586,5,0
A,95,.,.,.,TRP,CH2,A,215,.,.,.,MET,CB,665,1619,2.07157,0,4.07411,-3.42165,5,0
A,95,.,.,.,TRP,CH2,A,215,.,.,.,MET,CG,665,1620,3.38057,0,4.17171,-5.35144,5,0
A,95,.,.,.,TRP,CH2,A,215,.,.,.,MET,CE,665,1622,6.76361,1.61005,4.44984,-11.487,5,0
A,96,.,.,.,ASP,N,A,96,.,.,.,ASP,CA,666,667,6.81482,0,1.46476,0,0,1
A,96,.,.,.,ASP,N,A,96,.,.,.,ASP,C,666,668,2.76716,0.338452,2.41064,0,0,0
A,96,.,.,.,ASP,N,A,96,.,.,.,ASP,O,666,669,1.70418,0,2.97962,0,0,0
A,96,.,.,.,ASP,N,A,96,.,.,.,ASP,CB,666,670,1.94981,0,2.4613,0,0,0
A,96,.,.,.,ASP,CA,A,96,.,.,.,ASP,C,667,668,6.1976,0,1.52486,0,0,1
A,96,.,.,.,ASP,CA,A,96,.,.,.,ASP,O,667,669,0.600627,0,2.4033,0,0,0
A,96,.,.,.,ASP,CA,A,96,.,.,.,ASP,CB,667,670,9.86251,0,1.53057,0,0,1
A,96,.,.,.,ASP,CA,A,96,.,.,.,ASP,CG,667,671,2.24725,1.21186,2.57088,0,0,0
A,96,.,.,.,ASP,CA,A,96,.,.,.,ASP,OD1,667,672,1.66756,0.617159,2.85231,0,0,0
A,96,.,.,.,ASP,CA,A,97,.,.,.,SER,N,667,674,5.30383,1.81841,2.42995,0,1,0
A,96,.,.,.,ASP,C,A,96,.,.,.,ASP,O,668,669,8.83306,0.884254,1.23514,0,0,1
A,96,.,.,.,ASP,C,A,96,.,.,.,ASP,CB,668,670,0.771519,0,2.53688,0,0,0
A,96,.,.,.,ASP,C,A,96,.,.,.,ASP,CG,668,671,0.0976675,0,3.05211,0,0,0
A,96,.,.,.,ASP,C,A,96,.,.,.,ASP,OD1,668,672,2.06742,0,2.75804,0,0,0
A,96,.,.,.,ASP,C,A,97,.,.,.,SER,N,668,674,7.15462,0,1.33172,0,1,1
A,96,.,.,.,ASP,C,A,97,.,.,.,SER,CA,668,675,2.83949,1.12053,2.42487,0,1,0
A,96,.,.,.,ASP,C,A,97,.,.,.,SER,C,668,676,0.0134228,0,3.17792,0,1,0
A,96,.,.,.,ASP,C,A,98,.,.,.,ASN,N,668,680,0.901759,0,3.20336,0.948894,2,0
A,96,.,.,.,ASP,O,A,96,.,.,.,ASP,CB,669,670,1.3858,0,2.9479,0,0,0
A,96,.,.,.,ASP,O,A,96,.,.,.,ASP,CG,669,671,0.078365,0,3.43167,0,0,0
A,96,.,.,.,ASP,O,A,96,.,.,.,ASP,OD1,669,672,0.223756,0,3.17476,0,0,0
A,96,.,.,.,ASP,O,A,97,.,.,.,SER,CA,669,675,5.82336,3.53252,2.75687,0,1,0
A,96,.,.,.,ASP,O,A,97,.,.,.,SER,C,669,676,2.31353,0.744983,3.19873,0,1,0
A,96,.,.,.,ASP,O,A,98,.,.,.,ASN,N,669,680,0.685602,0,3.30875,0.403548,2,0
A,96,.,.,.,ASP,O,A,99,.,.,.,VAL,N,669,688,1.85592,0,3.68549,-1.65931,3,0
A,96,.,.,.,ASP,O,A,99,.,.,.,VAL,O,669,691,0.855547,1.20187,4.64477,0.918104,3,0
A,96,.,.,.,ASP,O,A,99,.,.,.,VAL,CG1,669,693,8.48258,1.23724,3.22865,1.93677,3,0
A,96,.,.,.,ASP,CB,A,96,.,.,.,ASP,CG,670,671,10.9138,0,1.53868,0,0,1
A,96,.,.,.,ASP,CB,A,96,.,.,.,ASP,OD2,670,673,1.97115,0,2.39602,0,0,0
A,96,.,.,.,ASP,CB,A,99,.,.,.,VAL,CB,670,692,0.251672,0,4.31868,-0.0168094,3,0
A,96,.,.,.,ASP,CB,A,99,.,.,.,VAL,CG1,670,693,4.51884,0,3.77501,-1.89175,3,0
A,96,.,.,.,ASP,CG,A,96,.,.,.,ASP,OD1,671,672,12.7962,3.26208,1.2501,0,0,1
A,96,.,.,.,ASP,CG,A,96,.,.,.,ASP,OD2,671,673,12.8027,2.2171,1.25502,0,0,1
A,96,.,.,.,ASP,CG,A,99,.,.,.,VAL,N,671,688,0.343472,0,3.72986,0.156911,3,0
A,96,.,.,.,ASP,CG,A,99,.,.,.,VAL,CB,671,692,2.67297,0,3.80086,0.358887,3,0
A,96,.,.,.,ASP,CG,A,99,.,.,.,VAL,CG1,671,693,0.968342,0,3.79057,0.101504,3,0
A,96,.,.,.,ASP,CG,A,117,.,.,.,TYR,OH,671,839,0.32287,0,3.57088,-0.623872,5,0
A,96,.,.,.,ASP,OD1,A,96,.,.,.,ASP,OD2,672,673,0.266131,0.240337,2.18816,0,0,0
A,96,.,.,.,ASP,OD1,A,97,.,.,.,SER,N,672,674,2.57555,1.34961,3.14204,0,1,0
A,96,.,.,.,ASP,OD1,A,98,.,.,.,ASN,N,672,680,4.54597,0.345161,2.79276,-0.497847,2,0
A,96,.,.,.,ASP,OD1,A,98,.,.,.,ASN,CA,672,681,0.25645,0,3.45299,0.0842211,2,0
A,96,.,.,.,ASP,OD1,A,98,.,.,.,ASN,CB,672,684,6.77871,2.98149,3.55682,-2.5703,2,0
A,96,.,.,.,ASP,OD1,A,98,.,.,.,ASN,CG,672,685,0.0166426,0.338972,4.52658,-0.00964588,2,0
A,96,.,.,.,ASP,OD1,A,99,.,.,.,VAL,N,672,688,3.60169,0,3.06864,1.15579,3,0
A,96,.,.,.,ASP,OD1,A,99,.,.,.,VAL,CG1,672,693,0.0238487,0,4.00376,0.0121877,3,0
A,96,.,.,.,ASP,OD1,A,117,.,.,.,TYR,OH,672,839,1.85965,0.469385,3.75616,-1.34749,5,0
A,96,.,.,.,ASP,OD2,A,99,.,.,.,VAL,CB,673,692,2.06015,0,3.82716,0.217307,3,0
A,96,.,.,.,ASP,OD2,A,117,.,.,.,TYR,CE1,673,836,1.80046,0,3.76629,-0.533475,5,0
A,96,.,.,.,ASP,OD2,A,117,.,.,.,TYR,OH,673,839,7.70933,1.3766,2.65381,-10.4768,5,0
A,97,.,.,.,SER,N,A,97,.,.,.,SER,CA,674,675,7.99659,0,1.45719,0,0,1
A,97,.,.,.,SER,N,A,97,.,.,.,SER,CB,674,678,3.30152,0,2.44005,0,0,0
A,97,.,.,.,SER,N,A,97,.,.,.,SER,OG,674,679,6.4466,2.49361,2.71669,0,0,0
A,97,.,.,.,SER,N,A,98,.,.,.,ASN,N,674,680,2.82926,0.155713,2.75684,0,1,0
A,97,.,.,.,SER,N,A,214,.,.,.,LYS,CD,674,1612,0.175906,0.509946,6.12164,0.176914,5,0
A,97,.,.,.,SER,CA,A,97,.,.,.,SER,C,675,676,8.43718,0.423782,1.52428,0,0,1
A,97,.,.,.,SER,CA,A,97,.,.,.,SER,O,675,677,4.00372,2.95568,2.38015,0,0,0
A,97,.,.,.,SER,CA,A,97,.,.,.,SER,CB,675,678,14.5833,5.17333,1.52803,0,0,1
A,97,.,.,.,SER,CA,A,97,.,.,.,SER,OG,675,679,0.65973,0,2.41164,0,0,0
A,97,.,.,.,SER,CA,A,98,.,.,.,ASN,N,675,680,0.79133,0,2.46096,0,1,0
A,97,.,.,.,SER,C,A,97,.,.,.,SER,O,676,677,9.54261,0.343808,1.23408,0,0,1
A,97,.,.,.,SER,C,A,97,.,.,.,SER,CB,676,678,2.71759,0,2.49625,0,0,0
A,97,.,.,.,SER,C,A,97,.,.,.,SER,OG,676,679,0.583129,0,3.08084,0,0,0
A,97,.,.,.,SER,C,A,98,.,.,.,ASN,N,676,680,7.54591,0,1.33283,0,1,1
A,97,.,.,.,SER,C,A,98,.,.,.,ASN,CA,676,681,1.62623,0,2.43287,0,1,0
A,97,.,.,.,SER,C,A,98,.,.,.,ASN,C,676,682,0.353285,0,3.38676,0,1,0
A,97,.,.,.,SER,C,A,98,.,.,.,ASN,OD1,676,686,1.75056,0,3.57285,0,1,0
A,97,.,.,.,SER,C,A,99,.,.,.,VAL,N,676,688,0.906794,0,3.69237,1.34541,2,0
A,97,.,.,.,SER,C,A,99,.,.,.,VAL,O,676,691,0.254327,0.0879655,5.0841,0.20856,2,0
A,97,.,.,.,SER,C,A,120,.,.,.,ARG,NH1,676,869,0.868459,0.705555,3.7631,-0.220077,5,0
A,97,.,.,.,SER,O,A,97,.,.,.,SER,CB,677,678,6.12481,4.66557,2.99364,0,0,0
A,97,.,.,.,SER,O,A,98,.,.,.,ASN,CA,677,681,3.32705,0,2.75732,0,1,0
A,97,.,.,.,SER,O,A,98,.,.,.,ASN,C,677,682,0.00314291,0,3.58894,0,1,0
A,97,.,.,.,SER,O,A,98,.,.,.,ASN,OD1,677,686,3.37216,1.99014,3.65987,0,1,0
A,97,.,.,.,SER,O,A,120,.,.,.,ARG,CG,677,865,0.210103,0,4.75742,0.0364277,5,0
A,97,.,.,.,SER,O,A,120,.,.,.,ARG,CD,677,866,1.86947,1.80487,4.55655,0.531739,5,0
A,97,.,.,.,SER,O,A,120,.,.,.,ARG,NH1,677,869,13.4237,6.05084,2.76872,-7.48014,5,0
A,97,.,.,.,SER,CB,A,97,.,.,.,SER,OG,678,679,17.1063,4.38788,1.41392,0,0,1
A,97,.,.,.,SER,CB,A,98,.,.,.,ASN,OD1,678,686,1.31084,1.26263,4.66417,0,1,0
A,97,.,.,.,SER,CB,A,214,.,.,.,LYS,CE,678,1613,1.95406,3.85004,5.44332,0.00180815,5,0
A,97,.,.,.,SER,OG,A,98,.,.,.,ASN,N,679,680,1.66951,0.26149,3.59535,0,1,0
A,97,.,.,.,SER,OG,A,98,.,.,.,ASN,CG,679,685,2.89936,2.88889,4.65382,0,1,0
A,97,.,.,.,SER,OG,A,98,.,.,.,ASN,OD1,679,686,4.27514,2.92079,4.20185,0,1,0
A,97,.,.,.,SER,OG,A,210,.,.,.,LYS,NZ,679,1583,0.566607,1.95234,5.76169,0.103352,5,0
A,97,.,.,.,SER,OG,A,214,.,.,.,LYS,CD,679,1612,4.68844,3.36896,4.85379,-1.30448,5,0
A,97,.,.,.,SER,OG,A,214,.,.,.,LYS,CE,679,1613,9.67001,3.07089,4.45934,-2.33355,5,0
A,98,.,.,.,ASN,N,A,98,.,.,.,ASN,CA,680,681,6.37272,0,1.45695,0,0,1
A,98,.,.,.,ASN,N,A,98,.,.,.,ASN,C,680,682,0.0728064,0,2.51149,0,0,0
A,98,.,.,.,ASN,N,A,98,.,.,.,ASN,CB,680,684,2.49809,0,2.44615,0,0,0
A,98,.,.,.,ASN,N,A,98,.,.,.,ASN,CG,680,685,2.29951,0.401931,3.086,0,0,0
A,98,.,.,.,ASN,N,A,98,.,.,.,ASN,OD1,680,686,0.616002,0,3.15725,0,0,0
A,98,.,.,.,ASN,N,A,99,.,.,.,VAL,N,680,688,2.28384,0,2.83208,0,1,0
A,98,.,.,.,ASN,CA,A,98,.,.,.,ASN,C,681,682,7.56855,0,1.52837,0,0,1
A,98,.,.,.,ASN,CA,A,98,.,.,.,ASN,O,681,683,1.35651,0,2.38546,0,0,0
A,98,.,.,.,ASN,CA,A,98,.,.,.,ASN,CB,681,684,8.32148,0,1.53237,0,0,1
A,98,.,.,.,ASN,CA,A,98,.,.,.,ASN,CG,681,685,0.639087,0,2.52739,0,0,0
A,98,.,.,.,ASN,CA,A,98,.,.,.,ASN,OD1,681,686,3.34995,0,2.76129,0,0,0
A,98,.,.,.,ASN,CA,A,99,.,.,.,VAL,N,681,688,0.909762,0,2.46875,0,1,0
A,98,.,.,.,ASN,CA,A,120,.,.,.,ARG,CG,681,865,3.95199,0,4.18606,1.27481,5,0
A,98,.,.,.,ASN,CA,A,120,.,.,.,ARG,NH1,681,869,1.48732,0,3.90838,0.0831918,5,0
A,98,.,.,.,ASN,C,A,98,.,.,.,ASN,O,682,683,7.38662,0,1.23574,0,0,1
A,98,.,.,.,ASN,C,A,98,.,.,.,ASN,CB,682,684,2.73047,0,2.49224,0,0,0
A,98,.,.,.,ASN,C,A,99,.,.,.,VAL,N,682,688,7.99707,0,1.33434,0,1,1
A,98,.,.,.,ASN,C,A,99,.,.,.,VAL,CA,682,689,1.3665,0,2.43187,0,1,0
A,98,.,.,.,ASN,C,A,99,.,.,.,VAL,C,682,690,0.521486,0,3.03754,0,1,0
A,98,.,.,.,ASN,C,A,99,.,.,.,VAL,O,682,691,0.865106,0,3.34734,0,1,0
A,98,.,.,.,ASN,C,A,119,.,.,.,TRP,CB,682,850,1.5982,0,3.90303,0.985441,5,0
A,98,.,.,.,ASN,C,A,120,.,.,.,ARG,NH1,682,869,2.29262,0,3.79233,1.96215,5,0
A,98,.,.,.,ASN,O,A,98,.,.,.,ASN,CB,683,684,0.781025,0,3.11125,0,0,0
A,98,.,.,.,ASN,O,A,99,.,.,.,VAL,CA,683,689,1.40683,0,2.75619,0,1,0
A,98,.,.,.,ASN,O,A,99,.,.,.,VAL,C,683,690,2.31274,0,2.92783,0,1,0
A,98,.,.,.,ASN,O,A,99,.,.,.,VAL,O,683,691,0.131375,0,3.36517,0,1,0
A,98,.,.,.,ASN,O,A,100,.,.,.,ILE,N,683,695,0.619134,0,3.42806,0.693461,2,0
A,98,.,.,.,ASN,O,A,100,.,.,.,ILE,CG1,683,700,0.545459,0,4.09272,0.153351,2,0
A,98,.,.,.,ASN,O,A,100,.,.,.,ILE,CD1,683,702,2.17115,0,3.93604,0.219555,2,0
A,98,.,.,.,ASN,O,A,119,.,.,.,TRP,CA,683,847,2.88514,0,3.20604,-1.42366,5,0
A,98,.,.,.,ASN,O,A,119,.,.,.,TRP,CB,683,850,1.31488,0,3.44298,-0.20525,5,0
A,98,.,.,.,ASN,O,A,120,.,.,.,ARG,N,683,860,3.66216,0,2.97435,-0.953179,5,0
A,98,.,.,.,ASN,O,A,120,.,.,.,ARG,CG,683,865,3.56324,0,3.40101,0.25083,5,0
A,98,.,.,.,ASN,O,A,120,.,.,.,ARG,CZ,683,868,1.19743,0,3.96606,0.736732,5,0
A,98,.,.,.,ASN,O,A,120,.,.,.,ARG,NH1,683,869,0.785176,0,3.67587,-0.358315,5,0
A,98,.,.,.,ASN,CB,A,98,.,.,.,ASN,CG,684,685,11.8527,0.481064,1.51077,0,0,1
A,98,.,.,.,ASN,CB,A,98,.,.,.,ASN,ND2,684,687,7.26544,4.17978,2.41391,0,0,0
A,98,.,.,.,ASN,CB,A,99,.,.,.,VAL,N,684,688,0.788035,0,3.34362,0,1,0
A,98,.,.,.,ASN,CB,A,117,.,.,.,TYR,OH,684,839,3.80073,2.14526,4.79898,-3.66433,5,0
A,98,.,.,.,ASN,CB,A,119,.,.,.,TRP,CB,684,850,5.9476,0.0390107,4.09073,-1.2748,5,0
A,98,.,.,.,ASN,CB,A,119,.,.,.,TRP,CD1,684,852,4.1517,1.0318,4.56818,-1.6534,5,0
A,98,.,.,.,ASN,CB,A,120,.,.,.,ARG,N,684,860,1.0811,0,4.55822,1.62524,5,0
A,98,.,.,.,ASN,CB,A,120,.,.,.,ARG,O,684,863,1.84901,0,4.43398,-0.137734,5,0
A,98,.,.,.,ASN,CB,A,120,.,.,.,ARG,CG,684,865,0.816211,0,4.71543,0.120771,5,0
A,98,.,.,.,ASN,CG,A,98,.,.,.,ASN,OD1,685,686,14.217,1.57616,1.2318,0,0,1
A,98,.,.,.,ASN,CG,A,98,.,.,.,ASN,ND2,685,687,17.1592,4.84444,1.32589,0,0,1
A,98,.,.,.,ASN,CG,A,119,.,.,.,TRP,CD1,685,852,0.0871723,0,5.03291,-0.0932978,5,0
A,98,.,.,.,ASN,CG,A,120,.,.,.,ARG,O,685,863,4.47462,0.772711,4.32082,4.2758,5,0
A,98,.,.,.,ASN,CG,A,120,.,.,.,ARG,CG,685,865,0.303373,0,4.95714,-0.284769,5,0
A,98,.,.,.,ASN,OD1,A,98,.,.,.,ASN,ND2,686,687,3.12345,4.30739,2.24548,0,0,0
A,98,.,.,.,ASN,OD1,A,120,.,.,.,ARG,O,686,863,1.27143,1.53587,4.50684,0.575483,5,0
A,98,.,.,.,ASN,OD1,A,120,.,.,.,ARG,CG,686,865,4.94748,2.31253,4.57374,-0.89875,5,0
A,98,.,.,.,ASN,OD1,A,120,.,.,.,ARG,CD,686,866,0.374312,0.964553,5.24001,-0.106109,5,0
A,98,.,.,.,ASN,ND2,A,119,.,.,.,TRP,CD1,687,852,5.52952,4.58651,4.81316,-1.7711,5,0
A,98,.,.,.,ASN,ND2,A,120,.,.,.,ARG,O,687,863,1.81249,2.10138,4.63058,1.35198,5,0
A,99,.,.,.,VAL,N,A,99,.,.,.,VAL,CA,688,689,6.98679,0,1.45863,0,0,1
A,99,.,.,.,VAL,N,A,99,.,.,.,VAL,C,688,690,0.338292,0,2.45672,0,0,0
A,99,.,.,.,VAL,N,A,99,.,.,.,VAL,O,688,691,2.30315,0,2.8413,0,0,0
A,99,.,.,.,VAL,N,A,99,.,.,.,VAL,CB,688,692,1.87192,0,2.46297,0,0,0
A,99,.,.,.,VAL,N,A,99,.,.,.,VAL,CG1,688,693,2.75382,0,2.93138,0,0,0
A,99,.,.,.,VAL,N,A,117,.,.,.,TYR,OH,688,839,1.0448,0,4.22156,0.304799,5,0
A,99,.,.,.,VAL,N,A,119,.,.,.,TRP,CB,688,850,0.151811,0,4.34743,0.0933308,5,0
A,99,.,.,.,VAL,N,A,120,.,.,.,ARG,NH1,688,869,0.036447,0,4.45706,0.0349884,5,0
A,99,.,.,.,VAL,CA,A,99,.,.,.,VAL,C,689,690,5.80266,0,1.527,0,0,1
A,99,.,.,.,VAL,CA,A,99,.,.,.,VAL,O,689,691,0.232273,0,2.41895,0,0,0
A,99,.,.,.,VAL,CA,A,99,.,.,.,VAL,CB,689,692,7.98064,0,1.54148,0,0,1
A,99,.,.,.,VAL,CA,A,99,.,.,.,VAL,CG1,689,693,0.779765,0,2.52852,0,0,0
A,99,.,.,.,VAL,CA,A,99,.,.,.,VAL,CG2,689,694,1.2374,0,2.52954,0,0,0
A,99,.,.,.,VAL,CA,A,100,.,.,.,ILE,N,689,695,1.77737,0,2.42859,0,1,0
A,99,.,.,.,VAL,CA,A,117,.,.,.,TYR,CZ,689,838,0.756903,0,4.4495,-0.285511,5,0
A,99,.,.,.,VAL,CA,A,117,.,.,.,TYR,OH,689,839,1.1926,0,4.13252,0.0485553,5,0
A,99,.,.,.,VAL,CA,A,118,.,.,.,SER,O,689,843,3.01078,0,3.25518,-2.17541,5,0
A,99,.,.,.,VAL,CA,A,119,.,.,.,TRP,CA,689,847,0.941783,0,4.19287,-0.0637094,5,0
A,99,.,.,.,VAL,CA,A,119,.,.,.,TRP,CB,689,850,2.37152,0,4.24157,-0.490029,5,0
A,99,.,.,.,VAL,C,A,99,.,.,.,VAL,O,690,691,8.1407,0,1.24036,0,0,1
A,99,.,.,.,VAL,C,A,99,.,.,.,VAL,CB,690,692,0.883737,0,2.5336,0,0,0
A,99,.,.,.,VAL,C,A,99,.,.,.,VAL,CG1,690,693,1.17774,0,3.0519,0,0,0
A,99,.,.,.,VAL,C,A,99,.,.,.,VAL,CG2,690,694,1.72305,0,2.98158,0,0,0
A,99,.,.,.,VAL,C,A,100,.,.,.,ILE,N,690,695,6.69276,0,1.33294,0,1,1
A,99,.,.,.,VAL,C,A,100,.,.,.,ILE,CA,690,696,1.51218,0,2.44519,0,1,0
A,99,.,.,.,VAL,C,A,100,.,.,.,ILE,C,690,697,0.973715,0,3.24974,0,1,0
A,99,.,.,.,VAL,C,A,100,.,.,.,ILE,O,690,698,0.000153709,0,3.88442,0,1,0
A,99,.,.,.,VAL,C,A,100,.,.,.,ILE,CD1,690,702,0.722422,0,4.11745,0,1,0
A,99,.,.,.,VAL,C,A,120,.,.,.,ARG,CZ,690,868,0.0394777,0,4.65499,0.0159709,5,0
A,99,.,.,.,VAL,O,A,99,.,.,.,VAL,CG1,691,693,7.18544,1.89877,3.11331,0,0,0
A,99,.,.,.,VAL,O,A,100,.,.,.,ILE,CA,691,696,4.50492,0.220691,2.78408,0,1,0
A,99,.,.,.,VAL,O,A,100,.,.,.,ILE,C,691,697,0.261392,0,3.53507,0,1,0
A,99,.,.,.,VAL,O,A,100,.,.,.,ILE,O,691,698,2.71242,1.98972,3.80642,0,1,0
A,99,.,.,.,VAL,O,A,100,.,.,.,ILE,CD1,691,702,0.196806,0,4.21882,0,1,0
A,99,.,.,.,VAL,O,A,120,.,.,.,ARG,CZ,691,868,0.833708,0,3.97791,0.0372441,5,0
A,99,.,.,.,VAL,O,A,120,.,.,.,ARG,NH1,691,869,4.03125,1.60909,3.84452,-1.24509,5,0
A,99,.,.,.,VAL,O,A,120,.,.,.,ARG,NH2,691,870,6.62655,3.16171,3.62248,-2.04668,5,0
A,99,.,.,.,VAL,CB,A,99,.,.,.,VAL,CG1,692,693,10.0537,0,1.52891,0,0,1
A,99,.,.,.,VAL,CB,A,99,.,.,.,VAL,CG2,692,694,10.3605,0,1.53541,0,0,1
A,99,.,.,.,VAL,CB,A,117,.,.,.,TYR,CE1,692,836,3.26002,0,3.85314,-3.20033,5,0
A,99,.,.,.,VAL,CB,A,117,.,.,.,TYR,CZ,692,838,1.11574,0,4.13095,-1.72961,5,0
A,99,.,.,.,VAL,CB,A,117,.,.,.,TYR,OH,692,839,1.7292,0,3.94569,-1.08961,5,0
A,99,.,.,.,VAL,CB,A,118,.,.,.,SER,O,692,843,0.0170983,0,3.9,-0.00991059,5,0
A,99,.,.,.,VAL,CG1,A,99,.,.,.,VAL,CG2,693,694,4.99009,0,2.51994,0,0,0
A,99,.,.,.,VAL,CG1,A,100,.,.,.,ILE,C,693,697,0.015203,0,5.19035,0,1,0
A,99,.,.,.,VAL,CG1,A,100,.,.,.,ILE,O,693,698,0.00679647,0,5.38087,0,1,0
A,99,.,.,.,VAL,CG1,A,102,.,.,.,THR,CG2,693,718,0.0550762,0,5.27361,0.000696329,3,0
A,99,.,.,.,VAL,CG2,A,100,.,.,.,ILE,N,694,695,2.04788,0,3.23937,0,1,0
A,99,.,.,.,VAL,CG2,A,100,.,.,.,ILE,C,694,697,1.88221,0,4.05948,0,1,0
A,99,.,.,.,VAL,CG2,A,101,.,.,.,GLU,N,694,703,2.45611,0,3.81147,2.37627,2,0
A,99,.,.,.,VAL,CG2,A,101,.,.,.,GLU,CA,694,704,0.491852,0,4.40042,0.297908,2,0
A,99,.,.,.,VAL,CG2,A,101,.,.,.,GLU,C,694,705,2.3239,0,3.90621,1.33972,2,0
A,99,.,.,.,VAL,CG2,A,101,.,.,.,GLU,O,694,706,2.42675,0,3.76556,0.905842,2,0
A,99,.,.,.,VAL,CG2,A,102,.,.,.,THR,N,694,712,0.448705,0,4.26221,0.293328,3,0
A,99,.,.,.,VAL,CG2,A,102,.,.,.,THR,CB,694,716,3.58954,0,3.92353,-2.75194,3,0
A,99,.,.,.,VAL,CG2,A,102,.,.,.,THR,CG2,694,718,7.13438,0,3.80713,-8.15645,3,0
A,99,.,.,.,VAL,CG2,A,117,.,.,.,TYR,CD1,694,834,2.2417,0,4.01666,-2.27499,5,0
A,99,.,.,.,VAL,CG2,A,117,.,.,.,TYR,CE1,694,836,5.03858,0,3.63333,-6.25182,5,0
A,99,.,.,.,VAL,CG2,A,117,.,.,.,TYR,CZ,694,838,0.105502,0,4.25119,-0.168987,5,0
A,99,.,.,.,VAL,CG2,A,118,.,.,.,SER,N,694,840,0.102224,0,4.92937,0.0513289,5,0
A,99,.,.,.,VAL,CG2,A,118,.,.,.,SER,O,694,843,3.9218,0,3.48216,0.133079,5,0
A,100,.,.,.,ILE,N,A,100,.,.,.,ILE,CA,695,696,5.86454,0,1.45962,0,0,1
A,100,.,.,.,ILE,N,A,100,.,.,.,ILE,C,695,697,0.916395,0,2.40335,0,0,0
A,100,.,.,.,ILE,N,A,100,.,.,.,ILE,CB,695,699,1.32123,0,2.49415,0,0,0
A,100,.,.,.,ILE,N,A,100,.,.,.,ILE,CG1,695,700,2.49834,0,2.9162,0,0,0
A,100,.,.,.,ILE,N,A,100,.,.,.,ILE,CD1,695,702,0.343699,0,3.54216,0,0,0
A,100,.,.,.,ILE,N,A,101,.,.,.,GLU,N,695,703,1.71058,0,2.8362,0,1,0
A,100,.,.,.,ILE,N,A,118,.,.,.,SER,O,695,843,4.34503,0,2.69805,-4.48859,5,0
A,100,.,.,.,ILE,N,A,119,.,.,.,TRP,CA,695,847,0.926669,0,4.01564,1.17905,5,0
A,100,.,.,.,ILE,CA,A,100,.,.,.,ILE,C,696,697,6.57006,0,1.52023,0,0,1
A,100,.,.,.,ILE,CA,A,100,.,.,.,ILE,O,696,698,4.09416,1.753,2.4109,0,0,0
A,100,.,.,.,ILE,CA,A,100,.,.,.,ILE,CB,696,699,6.34692,0,1.5405,0,0,1
A,100,.,.,.,ILE,CA,A,100,.,.,.,ILE,CG1,696,700,0.479518,0,2.54383,0,0,0
A,100,.,.,.,ILE,CA,A,100,.,.,.,ILE,CG2,696,701,3.74389,0.518634,2.51937,0,0,0
A,100,.,.,.,ILE,CA,A,100,.,.,.,ILE,CD1,696,702,2.81874,0,3.09416,0,0,0
A,100,.,.,.,ILE,CA,A,101,.,.,.,GLU,N,696,703,0.780058,0,2.4021,0,1,0
A,100,.,.,.,ILE,CA,A,120,.,.,.,ARG,NH2,696,870,3.31776,1.66026,4.35484,2.33325,5,0
A,100,.,.,.,ILE,C,A,100,.,.,.,ILE,O,697,698,9.87281,0,1.23622,0,0,1
A,100,.,.,.,ILE,C,A,100,.,.,.,ILE,CB,697,699,0.928507,0,2.50027,0,0,0
A,100,.,.,.,ILE,C,A,100,.,.,.,ILE,CG2,697,701,2.69106,0,3.02476,0,0,0
A,100,.,.,.,ILE,C,A,101,.,.,.,GLU,N,697,703,6.79869,0,1.32487,0,1,1
A,100,.,.,.,ILE,C,A,101,.,.,.,GLU,CA,697,704,1.66091,0,2.4624,0,1,0
A,100,.,.,.,ILE,C,A,101,.,.,.,GLU,CB,697,707,0.94836,0,3.36161,0,1,0
A,100,.,.,.,ILE,O,A,100,.,.,.,ILE,CG2,698,701,4.7106,4.09247,3.53878,0,0,0
A,100,.,.,.,ILE,O,A,101,.,.,.,GLU,CA,698,704,3.30016,0,2.84317,0,1,0
A,100,.,.,.,ILE,O,A,101,.,.,.,GLU,CB,698,707,0.666286,0,3.71676,0,1,0
A,100,.,.,.,ILE,O,A,101,.,.,.,GLU,CG,698,708,2.09191,2.11074,4.31737,0,1,0
A,100,.,.,.,ILE,CB,A,100,.,.,.,ILE,CG1,699,700,9.35912,0.238182,1.52682,0,0,1
A,100,.,.,.,ILE,CB,A,100,.,.,.,ILE,CG2,699,701,11.598,0.3597,1.52974,0,0,1
A,100,.,.,.,ILE,CB,A,100,.,.,.,ILE,CD1,699,702,1.06668,0,2.51763,0,0,0
A,100,.,.,.,ILE,CB,A,101,.,.,.,GLU,N,699,703,2.84583,0,2.94773,0,1,0
A,100,.,.,.,ILE,CB,A,101,.,.,.,GLU,CB,699,707,0.570322,0,4.51874,0,1,0
A,100,.,.,.,ILE,CB,A,118,.,.,.,SER,C,699,842,0.444366,0,4.09864,0.417065,5,0
A,100,.,.,.,ILE,CB,A,118,.,.,.,SER,O,699,843,0.284024,0,3.8635,-0.13842,5,0
A,100,.,.,.,ILE,CB,A,118,.,.,.,SER,CB,699,844,7.74286,0.331592,3.65714,-4.00569,5,0
A,100,.,.,.,ILE,CG1,A,100,.,.,.,ILE,CG2,700,701,4.23205,2.20235,2.51281,0,0,0
A,100,.,.,.,ILE,CG1,A,100,.,.,.,ILE,CD1,700,702,12.0985,0,1.48604,0,0,1
A,100,.,.,.,ILE,CG1,A,118,.,.,.,SER,C,700,842,0.964468,0,3.94399,0.324508,5,0
A,100,.,.,.,ILE,CG1,A,118,.,.,.,SER,O,700,843,0.0306829,0,3.91845,0.00139567,5,0
A,100,.,.,.,ILE,CG1,A,118,.,.,.,SER,CB,700,844,3.8178,0.824839,4.0391,-1.02462,5,0
A,100,.,.,.,ILE,CG1,A,119,.,.,.,TRP,N,700,846,1.81377,0,3.86723,0.92469,5,0
A,100,.,.,.,ILE,CG1,A,119,.,.,.,TRP,CA,700,847,3.17754,0,3.74826,-0.53402,5,0
A,100,.,.,.,ILE,CG1,A,119,.,.,.,TRP,C,700,848,2.84866,0,3.75868,0.418844,5,0
A,100,.,.,.,ILE,CG1,A,119,.,.,.,TRP,O,700,849,0.396973,0,4.25098,-0.08246,5,0
A,100,.,.,.,ILE,CG1,A,120,.,.,.,ARG,N,700,860,0.972964,0,3.87379,1.09243,5,0
A,100,.,.,.,ILE,CG1,A,120,.,.,.,ARG,CA,700,861,0.317768,0,4.51759,0.0751513,5,0
A,100,.,.,.,ILE,CG1,A,127,.,.,.,ASN,CB,700,921,5.07279,0.365387,4.98135,-1.36893,5,0
A,100,.,.,.,ILE,CG1,A,127,.,.,.,ASN,CG,700,922,0.523844,0,4.96755,-0.151797,5,0
A,100,.,.,.,ILE,CG1,A,127,.,.,.,ASN,ND2,700,924,1.77968,0.991658,4.89231,0.219587,5,0
A,100,.,.,.,ILE,CG1,A,161,.,.,.,LEU,CD1,700,1209,0.545432,1.46284,6.3434,-0.705865,5,0
A,100,.,.,.,ILE,CG2,A,100,.,.,.,ILE,CD1,701,702,9.13181,4.23658,2.97611,0,0,0
A,100,.,.,.,ILE,CG2,A,101,.,.,.,GLU,N,701,703,0.0715481,0,3.63966,0,1,0
A,100,.,.,.,ILE,CG2,A,101,.,.,.,GLU,CB,701,707,4.57181,0,4.59133,0,1,0
A,100,.,.,.,ILE,CG2,A,101,.,.,.,GLU,CG,701,708,0.249447,0.946512,5.46836,0,1,0
A,100,.,.,.,ILE,CG2,A,101,.,.,.,GLU,CD,701,709,0.206382,0.643029,5.71658,0,1,0
A,100,.,.,.,ILE,CG2,A,101,.,.,.,GLU,OE1,701,710,3.56276,4.07417,5.2037,0,1,0
A,100,.,.,.,ILE,CG2,A,118,.,.,.,SER,CB,701,844,1.70093,2.39437,4.58428,0.564221,5,0
A,100,.,.,.,ILE,CG2,A,120,.,.,.,ARG,NH2,701,870,1.71665,2.40043,4.94876,0.459021,5,0
A,100,.,.,.,ILE,CG2,A,127,.,.,.,ASN,ND2,701,924,0.12117,0.897631,5.97412,0.04784,5,0
A,100,.,.,.,ILE,CD1,A,120,.,.,.,ARG,N,702,860,1.38029,0,3.88767,0.84468,5,0
A,100,.,.,.,ILE,CD1,A,120,.,.,.,ARG,CA,702,861,0.4489,0,4.2219,0.08345,5,0
A,100,.,.,.,ILE,CD1,A,120,.,.,.,ARG,CB,702,864,6.02868,0.373152,3.6957,-4.75636,5,0
A,100,.,.,.,ILE,CD1,A,120,.,.,.,ARG,CG,702,865,1.22775,0,3.9963,-0.980487,5,0
A,100,.,.,.,ILE,CD1,A,120,.,.,.,ARG,NE,702,867,5.92968,2.22035,3.25368,-0.382424,5,0
A,100,.,.,.,ILE,CD1,A,120,.,.,.,ARG,CZ,702,868,2.49457,0,3.45634,-2.34021,5,0
A,100,.,.,.,ILE,CD1,A,120,.,.,.,ARG,NH2,702,870,8.03665,2.13675,3.28846,-1.10955,5,0
A,100,.,.,.,ILE,CD1,A,127,.,.,.,ASN,CG,702,922,0.833685,0,4.8467,-0.496804,5,0
A,100,.,.,.,ILE,CD1,A,127,.,.,.,ASN,ND2,702,924,6.07958,3.63591,4.62912,-0.152062,5,0
A,101,.,.,.,GLU,N,A,101,.,.,.,GLU,CA,703,704,6.95686,0,1.4503,0,0,1
A,101,.,.,.,GLU,N,A,101,.,.,.,GLU,C,703,705,0.99665,0,2.38664,0,0,0
A,101,.,.,.,GLU,N,A,101,.,.,.,GLU,O,703,706,1.95931,0,2.7122,0,0,0
A,101,.,.,.,GLU,N,A,101,.,.,.,GLU,CB,703,707,2.60827,0,2.44282,0,0,0
A,101,.,.,.,GLU,N,A,118,.,.,.,SER,O,703,843,1.07594,0,3.73401,-0.176428,5,0
A,101,.,.,.,GLU,N,A,118,.,.,.,SER,CB,703,844,2.70333,0,3.76852,4.26605,5,0
A,101,.,.,.,GLU,CA,A,101,.,.,.,GLU,C,704,705,6.8779,0,1.52096,0,0,1
A,101,.,.,.,GLU,CA,A,101,.,.,.,GLU,O,704,706,0.506342,0,2.38725,0,0,0
A,101,.,.,.,GLU,CA,A,101,.,.,.,GLU,CB,704,707,8.05004,0,1.53384,0,0,1
A,101,.,.,.,GLU,CA,A,101,.,.,.,GLU,CG,704,708,4.48576,0,2.56055,0,0,0
A,101,.,.,.,GLU,CA,A,102,.,.,.,THR,N,704,712,3.70568,0,2.44215,0,1,0
A,101,.,.,.,GLU,CA,A,118,.,.,.,SER,CB,704,844,0.0241909,0,4.41016,0.0166672,5,0
A,101,.,.,.,GLU,C,A,101,.,.,.,GLU,O,705,706,7.39723,0,1.23516,0,0,1
A,101,.,.,.,GLU,C,A,101,.,.,.,GLU,CB,705,707,3.2123,0,2.51215,0,0,0
A,101,.,.,.,GLU,C,A,102,.,.,.,THR,N,705,712,7.71987,0,1.33381,0,1,1
A,101,.,.,.,GLU,C,A,102,.,.,.,THR,CA,705,713,1.89385,0,2.41761,0,1,0
A,101,.,.,.,GLU,C,A,102,.,.,.,THR,CB,705,716,0.764567,0,3.21017,0,1,0
A,101,.,.,.,GLU,C,A,103,.,.,.,PHE,CD2,705,726,0.0867367,0,4.76845,-0.00177305,2,0
A,101,.,.,.,GLU,C,A,103,.,.,.,PHE,CE2,705,728,0.0440693,0,5.04753,-0.00997699,2,0
A,101,.,.,.,GLU,C,A,116,.,.,.,TYR,CD2,705,823,1.21739,0,4.47264,0.139312,5,0
A,101,.,.,.,GLU,C,A,116,.,.,.,TYR,CE2,705,825,0.00957735,0,4.59798,-0.00153688,5,0
A,101,.,.,.,GLU,O,A,101,.,.,.,GLU,CB,706,707,0.885094,0,3.11997,0,0,0
A,101,.,.,.,GLU,O,A,102,.,.,.,THR,CA,706,713,2.06457,0,2.74626,0,1,0
A,101,.,.,.,GLU,O,A,102,.,.,.,THR,CB,706,716,2.17772,0,3.23413,0,1,0
A,101,.,.,.,GLU,O,A,116,.,.,.,TYR,CD2,706,823,1.55312,0,4.06946,0.288958,5,0
A,101,.,.,.,GLU,O,A,116,.,.,.,TYR,CE2,706,825,0.971818,0,4.13327,0.00155661,5,0
A,101,.,.,.,GLU,O,A,117,.,.,.,TYR,CA,706,829,3.15572,0,3.42937,-1.30138,5,0
A,101,.,.,.,GLU,O,A,117,.,.,.,TYR,CD1,706,834,0.315739,0,4.52696,0.0587433,5,0
A,101,.,.,.,GLU,O,A,118,.,.,.,SER,N,706,840,5.74035,0,2.75237,-1.11668,5,0
A,101,.,.,.,GLU,O,A,118,.,.,.,SER,CA,706,841,0.0264259,0,3.66487,0.0220154,5,0
A,101,.,.,.,GLU,O,A,118,.,.,.,SER,O,706,843,0.863512,0,3.68395,1.14833,5,0
A,101,.,.,.,GLU,O,A,118,.,.,.,SER,CB,706,844,1.55659,0,3.6884,0.632744,5,0
A,101,.,.,.,GLU,O,A,118,.,.,.,SER,OG,706,845,0.0779759,0,3.88923,0.049826,5,0
A,101,.,.,.,GLU,CB,A,101,.,.,.,GLU,CG,707,708,12.1645,0,1.49447,0,0,1
A,101,.,.,.,GLU,CB,A,101,.,.,.,GLU,CD,707,709,1.5427,0,2.49558,0,0,0
A,101,.,.,.,GLU,CB,A,101,.,.,.,GLU,OE1,707,710,6.52794,0,2.6946,0,0,0
A,101,.,.,.,GLU,CB,A,102,.,.,.,THR,N,707,712,0.165469,0,3.3761,0,1,0
A,101,.,.,.,GLU,CB,A,103,.,.,.,PHE,CD2,707,726,0.0631779,0,4.81456,-0.00359265,2,0
A,101,.,.,.,GLU,CB,A,103,.,.,.,PHE,CE2,707,728,0.688523,0,4.53659,-0.263392,2,0
A,101,.,.,.,GLU,CB,A,116,.,.,.,TYR,CD2,707,823,1.01886,0,4.48567,-0.187769,5,0
A,101,.,.,.,GLU,CB,A,116,.,.,.,TYR,CE2,707,825,4.68511,0,4.07297,-3.09891,5,0
A,101,.,.,.,GLU,CB,A,118,.,.,.,SER,CB,707,844,3.06049,0,4.23881,-0.130137,5,0
A,101,.,.,.,GLU,CB,A,118,.,.,.,SER,OG,707,845,2.48605,0,3.99418,-0.0827811,5,0
A,101,.,.,.,GLU,CG,A,101,.,.,.,GLU,CD,708,709,13.0819,2.9684,1.51818,0,0,1
A,101,.,.,.,GLU,CG,A,101,.,.,.,GLU,OE2,708,711,6.14638,4.32155,2.37823,0,0,0
A,101,.,.,.,GLU,CG,A,102,.,.,.,THR,N,708,712,2.39954,0.226477,3.87382,0,1,0
A,101,.,.,.,GLU,CG,A,103,.,.,.,PHE,CD2,708,726,5.67951,2.93215,4.18997,-1.49811,2,0
A,101,.,.,.,GLU,CG,A,103,.,.,.,PHE,CE2,708,728,4.37856,0,3.90424,-2.119,2,0
A,101,.,.,.,GLU,CG,A,116,.,.,.,TYR,CE2,708,825,0.031792,0,4.74579,-0.0175014,5,0
A,101,.,.,.,GLU,CD,A,101,.,.,.,GLU,OE1,709,710,16.4025,5.3459,1.25693,0,0,1
A,101,.,.,.,GLU,CD,A,101,.,.,.,GLU,OE2,709,711,16.4508,5.44855,1.25169,0,0,1
A,101,.,.,.,GLU,CD,A,103,.,.,.,PHE,CE2,709,728,4.1682,0.710944,4.04759,-1.50586,2,0
A,101,.,.,.,GLU,CD,A,103,.,.,.,PHE,CZ,709,729,0.00967634,0.593864,5.01269,-0.00829749,2,0
A,101,.,.,.,GLU,CD,A,116,.,.,.,TYR,CE2,709,825,0.805479,0.0699629,4.73845,-1.2056,5,0
A,101,.,.,.,GLU,OE1,A,101,.,.,.,GLU,OE2,710,711,2.03487,3.56722,2.20774,0,0,0
A,101,.,.,.,GLU,OE1,A,116,.,.,.,TYR,CE2,710,825,4.77052,1.49262,4.27288,-2.77453,5,0
A,101,.,.,.,GLU,OE1,A,116,.,.,.,TYR,CZ,710,826,0.0772472,0.369173,4.95966,-0.0472428,5,0
A,101,.,.,.,GLU,OE1,A,116,.,.,.,TYR,OH,710,827,2.53231,2.99976,4.81962,-1.91384,5,0
A,101,.,.,.,GLU,OE1,A,118,.,.,.,SER,CB,710,844,0.0682674,0.178102,5.30101,-0.0376752,5,0
A,101,.,.,.,GLU,OE1,A,118,.,.,.,SER,OG,710,845,2.06895,1.45542,4.55548,-0.185472,5,0
A,101,.,.,.,GLU,OE1,A,158,.,.,.,ARG,CZ,710,1183,2.05454,3.63145,5.70479,0.619524,5,0
A,101,.,.,.,GLU,OE1,A,158,.,.,.,ARG,NH2,710,1185,3.21221,4.63609,5.48966,-5.26693,5,0
A,101,.,.,.,GLU,OE2,A,103,.,.,.,PHE,CD2,711,726,0.098762,0.476361,4.78008,0.0191761,2,0
A,101,.,.,.,GLU,OE2,A,103,.,.,.,PHE,CE2,711,728,6.06425,3.46615,4.0757,-0.641398,2,0
A,101,.,.,.,GLU,OE2,A,103,.,.,.,PHE,CZ,711,729,0.191628,1.60544,4.92303,-0.0322619,2,0
A,102,.,.,.,THR,N,A,102,.,.,.,THR,CA,712,713,6.75212,0,1.46007,0,0,1
A,102,.,.,.,THR,N,A,102,.,.,.,THR,C,712,714,1.37942,0,2.4267,0,0,0
A,102,.,.,.,THR,N,A,102,.,.,.,THR,O,712,715,3.6814,0.256682,2.79881,0,0,0
A,102,.,.,.,THR,N,A,102,.,.,.,THR,CB,712,716,1.19958,0,2.49168,0,0,0
A,102,.,.,.,THR,N,A,102,.,.,.,THR,CG2,712,718,3.00781,0,3.02513,0,0,0
A,102,.,.,.,THR,N,A,103,.,.,.,PHE,CD2,712,726,2.64495,0.125856,4.16397,0,1,0
A,102,.,.,.,THR,CA,A,102,.,.,.,THR,C,713,714,6.22648,0,1.52134,0,0,1
A,102,.,.,.,THR,CA,A,102,.,.,.,THR,O,713,715,0.254145,0,2.39378,0,0,0
A,102,.,.,.,THR,CA,A,102,.,.,.,THR,CB,713,716,7.78164,0,1.54248,0,0,1
A,102,.,.,.,THR,CA,A,102,.,.,.,THR,OG1,713,717,0.291559,0,2.43214,0,0,0
A,102,.,.,.,THR,CA,A,102,.,.,.,THR,CG2,713,718,0.718302,0,2.55553,0,0,0
A,102,.,.,.,THR,CA,A,103,.,.,.,PHE,N,713,719,2.62259,0,2.42417,0,1,0
A,102,.,.,.,THR,CA,A,103,.,.,.,PHE,CD2,713,726,1.48714,0,4.14243,0,1,0
A,102,.,.,.,THR,CA,A,116,.,.,.,TYR,C,713,818,0.00985573,0,4.16741,0.00921782,5,0
A,102,.,.,.,THR,CA,A,116,.,.,.,TYR,O,713,819,3.78337,0,3.16813,-3.30275,5,0
A,102,.,.,.,THR,CA,A,116,.,.,.,TYR,CD2,713,823,1.88876,0,4.74156,-0.279674,5,0
A,102,.,.,.,THR,CA,A,117,.,.,.,TYR,CA,713,829,0.836186,0,4.27488,0.325363,5,0
A,102,.,.,.,THR,C,A,102,.,.,.,THR,O,714,715,7.00665,0,1.23277,0,0,1
A,102,.,.,.,THR,C,A,102,.,.,.,THR,CB,714,716,1.52148,0,2.52347,0,0,0
A,102,.,.,.,THR,C,A,102,.,.,.,THR,OG1,714,717,0.558091,0,2.91965,0,0,0
A,102,.,.,.,THR,C,A,102,.,.,.,THR,CG2,714,718,0.805842,0,3.02039,0,0,0
A,102,.,.,.,THR,C,A,103,.,.,.,PHE,N,714,719,6.59217,0,1.32995,0,1,1
A,102,.,.,.,THR,C,A,103,.,.,.,PHE,CA,714,720,1.04806,0,2.4376,0,1,0
A,102,.,.,.,THR,C,A,103,.,.,.,PHE,CB,714,723,0.743153,0,3.11829,0,1,0
A,102,.,.,.,THR,C,A,103,.,.,.,PHE,CD2,714,726,2.36252,0,3.49719,0,1,0
A,102,.,.,.,THR,O,A,102,.,.,.,THR,CG2,715,718,4.97749,0.718413,3.01771,0,0,0
A,102,.,.,.,THR,O,A,103,.,.,.,PHE,CA,715,720,1.88686,0,2.78409,0,1,0
A,102,.,.,.,THR,O,A,103,.,.,.,PHE,CB,715,723,5.94055,3.40739,3.16903,0,1,0
A,102,.,.,.,THR,O,A,103,.,.,.,PHE,CD2,715,726,1.58315,1.28857,3.87173,0,1,0
A,102,.,.,.,THR,CB,A,102,.,.,.,THR,OG1,716,717,9.53471,0,1.43424,0,0,1
A,102,.,.,.,THR,CB,A,102,.,.,.,THR,CG2,716,718,11.7642,0,1.54441,0,0,1
A,102,.,.,.,THR,CB,A,116,.,.,.,TYR,O,716,819,0.618702,0,3.54615,-0.515172,5,0
A,102,.,.,.,THR,CB,A,117,.,.,.,TYR,CA,716,829,2.12634,0,4.21453,0.733246,5,0
A,102,.,.,.,THR,CB,A,117,.,.,.,TYR,CB,716,832,0.312426,0,4.43787,-0.189686,5,0
A,102,.,.,.,THR,CB,A,117,.,.,.,TYR,CD1,716,834,6.43964,0,3.74128,-2.52779,5,0
A,102,.,.,.,THR,CB,A,117,.,.,.,TYR,CE1,716,836,0.0666063,0,4.52631,-0.0493637,5,0
A,102,.,.,.,THR,OG1,A,102,.,.,.,THR,CG2,717,718,3.25295,0,2.42341,0,0,0
A,102,.,.,.,THR,OG1,A,103,.,.,.,PHE,N,717,719,3.2802,0,3.23487,0,1,0
A,102,.,.,.,THR,OG1,A,103,.,.,.,PHE,C,717,721,0.148524,0.654073,4.93459,0,1,0
A,102,.,.,.,THR,OG1,A,116,.,.,.,TYR,O,717,819,5.93095,2.32601,3.01574,0.571927,5,0
A,102,.,.,.,THR,OG1,A,117,.,.,.,TYR,CA,717,829,0.0196084,0,4.13305,0.00359785,5,0
A,102,.,.,.,THR,OG1,A,117,.,.,.,TYR,CB,717,832,3.32659,1.67161,4.02535,-1.48201,5,0
A,102,.,.,.,THR,OG1,A,117,.,.,.,TYR,CD1,717,834,4.89478,2.41468,3.63608,-0.334064,5,0
A,102,.,.,.,THR,CG2,A,117,.,.,.,TYR,CD1,718,834,0.198445,0,4.56642,-0.113844,5,0
A,102,.,.,.,THR,CG2,A,117,.,.,.,TYR,CE1,718,836,0.726934,0,4.98243,-0.328419,5,0
A,103,.,.,.,PHE,N,A,103,.,.,.,PHE,CA,719,720,7.72625,0,1.45899,0,0,1
A,103,.,.,.,PHE,N,A,103,.,.,.,PHE,C,719,721,1.82339,0,2.41314,0,0,0
A,103,.,.,.,PHE,N,A,103,.,.,.,PHE,O,719,722,2.6323,0,2.68277,0,0,0
A,103,.,.,.,PHE,N,A,103,.,.,.,PHE,CB,719,723,0.521403,0,2.47468,0,0,0
A,103,.,.,.,PHE,N,A,103,.,.,.,PHE,CG,719,724,1.06542,0,2.92597,0,0,0
A,103,.,.,.,PHE,N,A,103,.,.,.,PHE,CD2,719,726,2.42616,0,3.22525,0,0,0
A,103,.,.,.,PHE,N,A,116,.,.,.,TYR,O,719,819,4.62621,0,3.0709,-8.4334,5,0
A,103,.,.,.,PHE,N,A,116,.,.,.,TYR,CB,719,820,0.756876,0,4.64895,0.444512,5,0
A,103,.,.,.,PHE,N,A,116,.,.,.,TYR,CD2,719,823,0.0787383,0,5.05014,0.036151,5,0
A,103,.,.,.,PHE,CA,A,103,.,.,.,PHE,C,720,721,7.77403,0,1.51547,0,0,1
A,103,.,.,.,PHE,CA,A,103,.,.,.,PHE,O,720,722,0.233045,0,2.39156,0,0,0
A,103,.,.,.,PHE,CA,A,103,.,.,.,PHE,CB,720,723,11.245,1.20222,1.533,0,0,1
A,103,.,.,.,PHE,CA,A,103,.,.,.,PHE,CG,720,724,0.711006,0,2.54065,0,0,0
A,103,.,.,.,PHE,CA,A,104,.,.,.,ASP,N,720,730,5.0085,0.818982,2.4116,0,1,0
A,103,.,.,.,PHE,C,A,103,.,.,.,PHE,O,721,722,8.94207,0.809736,1.2328,0,0,1
A,103,.,.,.,PHE,C,A,103,.,.,.,PHE,CB,721,723,1.29272,0,2.49436,0,0,0
A,103,.,.,.,PHE,C,A,103,.,.,.,PHE,CG,721,724,0.100468,0,3.08451,0,0,0
A,103,.,.,.,PHE,C,A,103,.,.,.,PHE,CD1,721,725,1.73702,0,3.26241,0,0,0
A,103,.,.,.,PHE,C,A,104,.,.,.,ASP,N,721,730,7.697,0,1.32667,0,1,1
A,103,.,.,.,PHE,C,A,104,.,.,.,ASP,CA,721,731,1.65615,0,2.4088,0,1,0
A,103,.,.,.,PHE,C,A,104,.,.,.,ASP,C,721,732,0.687608,0,3.11209,0,1,0
A,103,.,.,.,PHE,C,A,104,.,.,.,ASP,O,721,733,0.205495,0,3.3376,0,1,0
A,103,.,.,.,PHE,C,A,104,.,.,.,ASP,OD1,721,736,1.5898,0.756487,3.97351,0,1,0
A,103,.,.,.,PHE,C,A,116,.,.,.,TYR,O,721,819,0.0530483,0.166411,4.16156,0.047159,5,0
A,103,.,.,.,PHE,O,A,103,.,.,.,PHE,CG,722,724,0.314324,0,3.3172,0,0,0
A,103,.,.,.,PHE,O,A,103,.,.,.,PHE,CD1,722,725,3.08772,0,3.21614,0,0,0
A,103,.,.,.,PHE,O,A,104,.,.,.,ASP,CA,722,731,2.49343,0,2.74534,0,1,0
A,103,.,.,.,PHE,O,A,104,.,.,.,ASP,C,722,732,0.993443,0,3.2675,0,1,0
A,103,.,.,.,PHE,O,A,104,.,.,.,ASP,OD1,722,736,0.205198,0.176411,4.15528,0,1,0
A,103,.,.,.,PHE,O,A,105,.,.,.,ILE,N,722,738,0.0367625,0,3.8989,0.0281791,2,0
A,103,.,.,.,PHE,O,A,105,.,.,.,ILE,CG1,722,743,1.47932,0,4.3784,-0.227297,2,0
A,103,.,.,.,PHE,O,A,115,.,.,.,GLY,CA,722,813,3.5315,0.290978,3.49268,-1.89949,5,0
A,103,.,.,.,PHE,O,A,116,.,.,.,TYR,N,722,816,5.92929,0.437133,2.82896,-10.7122,5,0
A,103,.,.,.,PHE,O,A,116,.,.,.,TYR,CA,722,817,0.0710164,0,3.66533,0.0113013,5,0
A,103,.,.,.,PHE,O,A,116,.,.,.,TYR,O,722,819,2.00294,0.419468,3.41509,-0.111981,5,0
A,103,.,.,.,PHE,O,A,116,.,.,.,TYR,CB,722,820,2.48363,0,3.71472,-1.4161,5,0
A,103,.,.,.,PHE,CB,A,103,.,.,.,PHE,CG,723,724,8.65766,1.69651,1.50195,0,0,1
A,103,.,.,.,PHE,CB,A,103,.,.,.,PHE,CD1,723,725,4.72155,1.81685,2.51581,0,0,0
A,103,.,.,.,PHE,CB,A,103,.,.,.,PHE,CD2,723,726,6.07278,3.10805,2.51178,0,0,0
A,103,.,.,.,PHE,CB,A,104,.,.,.,ASP,N,723,730,3.51153,1.91545,3.16248,0,1,0
A,103,.,.,.,PHE,CB,A,104,.,.,.,ASP,O,723,733,3.38134,2.47989,4.02905,0,1,0
A,103,.,.,.,PHE,CG,A,103,.,.,.,PHE,CD1,724,725,9.69677,1.66973,1.38819,0,0,1
A,103,.,.,.,PHE,CG,A,103,.,.,.,PHE,CD2,724,726,9.52888,1.65887,1.39297,0,0,1
A,103,.,.,.,PHE,CG,A,116,.,.,.,TYR,CB,724,820,0.164259,0,4.62279,-0.389028,5,0
A,103,.,.,.,PHE,CD1,A,103,.,.,.,PHE,CD2,725,726,1.24441,0.387306,2.39252,0,0,0
A,103,.,.,.,PHE,CD1,A,103,.,.,.,PHE,CE1,725,727,16.4932,4.63166,1.39917,0,0,1
A,103,.,.,.,PHE,CD1,A,103,.,.,.,PHE,CE2,725,728,0.0148056,0.0137368,2.77774,0,0,0
A,103,.,.,.,PHE,CD1,A,103,.,.,.,PHE,CZ,725,729,0.0041886,0.00667505,2.41434,0,0,0
A,103,.,.,.,PHE,CD1,A,104,.,.,.,ASP,C,725,732,1.10025,0,4.01533,0,1,0
A,103,.,.,.,PHE,CD1,A,104,.,.,.,ASP,O,725,733,7.56836,3.14356,3.49367,0,1,0
A,103,.,.,.,PHE,CD1,A,105,.,.,.,ILE,CA,725,739,0.610585,0.33895,4.90776,-0.15835,2,0
A,103,.,.,.,PHE,CD1,A,105,.,.,.,ILE,CG1,725,743,2.40731,0,4.26007,-3.58868,2,0
A,103,.,.,.,PHE,CD1,A,116,.,.,.,TYR,CB,725,820,1.23125,0,4.25963,-1.64637,5,0
A,103,.,.,.,PHE,CD2,A,103,.,.,.,PHE,CE1,726,727,0.0320084,0,2.7706,0,0,0
A,103,.,.,.,PHE,CD2,A,103,.,.,.,PHE,CE2,726,728,15.6379,2.91027,1.38804,0,0,1
A,103,.,.,.,PHE,CD2,A,103,.,.,.,PHE,CZ,726,729,0.00267417,0,2.40464,0,0,0
A,103,.,.,.,PHE,CD2,A,116,.,.,.,TYR,CB,726,820,0.733544,0,4.604,-0.980866,5,0
A,103,.,.,.,PHE,CD2,A,116,.,.,.,TYR,CD2,726,823,0.889746,0,4.26134,-1.3278,5,0
A,103,.,.,.,PHE,CE1,A,103,.,.,.,PHE,CE2,727,728,0.00343732,0,2.40498,0,0,0
A,103,.,.,.,PHE,CE1,A,103,.,.,.,PHE,CZ,727,729,15.0208,3.2427,1.38963,0,0,1
A,103,.,.,.,PHE,CE1,A,105,.,.,.,ILE,CA,727,739,0.201682,0.185106,5.1909,-0.0936895,2,0
A,103,.,.,.,PHE,CE1,A,105,.,.,.,ILE,CG1,727,743,5.51242,0,3.99169,-8.54249,2,0
A,103,.,.,.,PHE,CE1,A,105,.,.,.,ILE,CD1,727,745,0.131172,0,4.68642,-0.195847,2,0
A,103,.,.,.,PHE,CE1,A,116,.,.,.,TYR,CB,727,820,3.78634,0,3.8635,-6.56082,5,0
A,103,.,.,.,PHE,CE1,A,155,.,.,.,TYR,CE1,727,1157,3.38139,0,4.01275,-4.15221,5,0
A,103,.,.,.,PHE,CE1,A,155,.,.,.,TYR,CZ,727,1159,0.20622,0,4.31431,-0.396938,5,0
A,103,.,.,.,PHE,CE1,A,155,.,.,.,TYR,OH,727,1160,8.0362,4.22494,3.8967,-6.80899,5,0
A,103,.,.,.,PHE,CE2,A,103,.,.,.,PHE,CZ,728,729,17.3702,4.27574,1.39113,0,0,1
A,103,.,.,.,PHE,CE2,A,116,.,.,.,TYR,CB,728,820,0.398649,0,4.25696,-0.61557,5,0
A,103,.,.,.,PHE,CE2,A,116,.,.,.,TYR,CD2,728,823,5.4948,0,3.58124,-8.2722,5,0
A,103,.,.,.,PHE,CE2,A,116,.,.,.,TYR,CE2,728,825,1.6259,0.154181,4.2607,-2.38626,5,0
A,103,.,.,.,PHE,CZ,A,116,.,.,.,TYR,CB,729,820,2.42633,0,3.86775,-4.48543,5,0
A,103,.,.,.,PHE,CZ,A,116,.,.,.,TYR,CG,729,821,1.5787,0,3.92972,-2.84168,5,0
A,103,.,.,.,PHE,CZ,A,116,.,.,.,TYR,CD1,729,822,0.383558,0.0330295,4.82247,-0.650675,5,0
A,103,.,.,.,PHE,CZ,A,116,.,.,.,TYR,CD2,729,823,2.7554,0,3.7632,-4.2758,5,0
A,103,.,.,.,PHE,CZ,A,116,.,.,.,TYR,CE1,729,824,0.0393928,0.267869,5.45473,-0.0600405,5,0
A,103,.,.,.,PHE,CZ,A,116,.,.,.,TYR,CE2,729,825,1.52037,1.71604,4.52245,-2.31727,5,0
A,103,.,.,.,PHE,CZ,A,116,.,.,.,TYR,CZ,729,826,0.0203363,0.237906,5.32207,-0.0405774,5,0
A,103,.,.,.,PHE,CZ,A,155,.,.,.,TYR,CE1,729,1157,8.72258,4.56648,4.10302,-11.2115,5,0
A,103,.,.,.,PHE,CZ,A,155,.,.,.,TYR,OH,729,1160,0.357901,0.79032,4.55054,-0.38649,5,0
A,104,.,.,.,ASP,N,A,104,.,.,.,ASP,CA,730,731,6.93353,0,1.45461,0,0,1
A,104,.,.,.,ASP,N,A,104,.,.,.,ASP,C,730,732,0.356843,0,2.42817,0,0,0
A,104,.,.,.,ASP,N,A,104,.,.,.,ASP,O,730,733,3.73044,1.11165,2.72831,0,0,0
A,104,.,.,.,ASP,N,A,104,.,.,.,ASP,CB,730,734,5.81876,2.70177,2.46311,0,0,0
A,104,.,.,.,ASP,N,A,104,.,.,.,ASP,CG,730,735,1.49561,0,3.14412,0,0,0
A,104,.,.,.,ASP,N,A,104,.,.,.,ASP,OD1,730,736,1.12111,0,3.28071,0,0,0
A,104,.,.,.,ASP,N,A,244,.,.,.,LEU,CD2,730,1880,0.0294784,0.253624,5.17096,0.0273116,5,0
A,104,.,.,.,ASP,CA,A,104,.,.,.,ASP,C,731,732,6.65858,0,1.51794,0,0,1
A,104,.,.,.,ASP,CA,A,104,.,.,.,ASP,O,731,733,0.539856,0,2.40196,0,0,0
A,104,.,.,.,ASP,CA,A,104,.,.,.,ASP,CB,731,734,8.46231,0,1.5288,0,0,1
A,104,.,.,.,ASP,CA,A,104,.,.,.,ASP,CG,731,735,0.477196,0,2.53327,0,0,0
A,104,.,.,.,ASP,CA,A,104,.,.,.,ASP,OD1,731,736,3.38817,0,2.75504,0,0,0
A,104,.,.,.,ASP,CA,A,105,.,.,.,ILE,N,731,738,2.41209,0,2.40703,0,1,0
A,104,.,.,.,ASP,CA,A,114,.,.,.,VAL,O,731,808,1.04753,0,3.69677,0.488838,5,0
A,104,.,.,.,ASP,CA,A,115,.,.,.,GLY,CA,731,813,3.84499,0,3.89101,1.06249,5,0
A,104,.,.,.,ASP,C,A,104,.,.,.,ASP,O,732,733,7.82299,0,1.23383,0,0,1
A,104,.,.,.,ASP,C,A,104,.,.,.,ASP,CB,732,734,2.31167,0,2.49431,0,0,0
A,104,.,.,.,ASP,C,A,105,.,.,.,ILE,N,732,738,7.40254,0,1.3264,0,1,1
A,104,.,.,.,ASP,C,A,105,.,.,.,ILE,CA,732,739,1.75608,0,2.44654,0,1,0
A,104,.,.,.,ASP,C,A,105,.,.,.,ILE,C,732,740,0.0609567,0,3.38782,0,1,0
A,104,.,.,.,ASP,C,A,105,.,.,.,ILE,CG1,732,743,1.08354,0,3.75108,0,1,0
A,104,.,.,.,ASP,C,A,244,.,.,.,LEU,CD2,732,1880,1.86985,0,3.98674,0.60092,5,0
A,104,.,.,.,ASP,O,A,104,.,.,.,ASP,CB,733,734,0.494267,0,3.24997,0,0,0
A,104,.,.,.,ASP,O,A,105,.,.,.,ILE,CA,733,739,6.66917,2.07921,2.80382,0,1,0
A,104,.,.,.,ASP,O,A,105,.,.,.,ILE,C,733,740,0.0112349,0,3.6637,0,1,0
A,104,.,.,.,ASP,O,A,105,.,.,.,ILE,O,733,741,0.460043,0.832332,4.11167,0,1,0
A,104,.,.,.,ASP,O,A,105,.,.,.,ILE,CG1,733,743,0.00333161,0,4.14601,0,1,0
A,104,.,.,.,ASP,O,A,244,.,.,.,LEU,CD2,733,1880,8.43964,4.88037,3.76271,1.77948,5,0
A,104,.,.,.,ASP,CB,A,104,.,.,.,ASP,CG,734,735,11.6645,0,1.51804,0,0,1
A,104,.,.,.,ASP,CB,A,104,.,.,.,ASP,OD1,734,736,0.320204,0,2.38325,0,0,0
A,104,.,.,.,ASP,CB,A,104,.,.,.,ASP,OD2,734,737,3.80351,1.67383,2.38059,0,0,0
A,104,.,.,.,ASP,CB,A,105,.,.,.,ILE,N,734,738,1.96484,0,3.17431,0,1,0
A,104,.,.,.,ASP,CB,A,106,.,.,.,ALA,N,734,746,0.651573,0,4.81131,0.594053,2,0
A,104,.,.,.,ASP,CB,A,106,.,.,.,ALA,O,734,749,0.387396,0,5.24687,0.206666,2,0
A,104,.,.,.,ASP,CB,A,113,.,.,.,ASP,CB,734,801,0.956839,0,5.27674,0.461695,5,0
A,104,.,.,.,ASP,CB,A,113,.,.,.,ASP,CG,734,802,0.31666,0,4.79874,-0.129669,5,0
A,104,.,.,.,ASP,CB,A,113,.,.,.,ASP,OD2,734,804,0.120718,0,4.23901,0.0675212,5,0
A,104,.,.,.,ASP,CB,A,114,.,.,.,VAL,O,734,808,2.70648,0,3.99553,0.934059,5,0
A,104,.,.,.,ASP,CB,A,244,.,.,.,LEU,CG,734,1878,0.0118252,0.0955203,4.3104,4.86348e-05,5,0
A,104,.,.,.,ASP,CB,A,244,.,.,.,LEU,CD1,734,1879,8.64937,0.656654,3.58587,-4.26172,5,0
A,104,.,.,.,ASP,CB,A,244,.,.,.,LEU,CD2,734,1880,7.46589,2.52198,3.78598,-3.96012,5,0
A,104,.,.,.,ASP,CG,A,104,.,.,.,ASP,OD1,735,736,9.1975,0,1.25194,0,0,1
A,104,.,.,.,ASP,CG,A,104,.,.,.,ASP,OD2,735,737,8.4341,0,1.24905,0,0,1
A,104,.,.,.,ASP,CG,A,113,.,.,.,ASP,CG,735,802,1.72774,0,4.0178,-1.02074,5,0
A,104,.,.,.,ASP,CG,A,113,.,.,.,ASP,OD2,735,804,2.48754,0,3.32293,2.42598,5,0
A,104,.,.,.,ASP,CG,A,114,.,.,.,VAL,O,735,808,0.238902,0,4.42226,0.0866405,5,0
A,104,.,.,.,ASP,CG,A,134,.,.,.,ARG,NH1,735,983,0.732602,0,3.4899,-0.38151,5,0
A,104,.,.,.,ASP,CG,A,244,.,.,.,LEU,CD1,735,1879,0.10096,0,4.17146,-0.0374284,5,0
A,104,.,.,.,ASP,OD1,A,113,.,.,.,ASP,CG,736,802,1.2478,0,4.06917,-0.34049,5,0
A,104,.,.,.,ASP,OD1,A,113,.,.,.,ASP,OD1,736,803,0.071357,0,4.15362,0.028786,5,0
A,104,.,.,.,ASP,OD1,A,113,.,.,.,ASP,OD2,736,804,0.0287917,0,3.6319,0.0116148,5,0
A,104,.,.,.,ASP,OD1,A,114,.,.,.,VAL,C,736,807,0.83146,0,4.52734,1.23498,5,0
A,104,.,.,.,ASP,OD1,A,114,.,.,.,VAL,O,736,808,0.412705,0,4.181,0.545097,5,0
A,104,.,.,.,ASP,OD1,A,115,.,.,.,GLY,CA,736,813,5.68756,1.0158,3.92302,-0.341249,5,0
A,104,.,.,.,ASP,OD1,A,134,.,.,.,ARG,CZ,736,982,0.0359773,0,3.57603,-0.0509849,5,0
A,104,.,.,.,ASP,OD1,A,134,.,.,.,ARG,NH1,736,983,2.12804,0,3.15773,-3.48334,5,0
A,104,.,.,.,ASP,OD1,A,134,.,.,.,ARG,NH2,736,984,8.3808,1.26713,3.10477,-13.7184,5,0
A,104,.,.,.,ASP,OD2,A,113,.,.,.,ASP,OD2,737,804,5.91169,1.81931,2.89442,2.24496,5,0
A,104,.,.,.,ASP,OD2,A,134,.,.,.,ARG,NH1,737,983,4.72042,1.30179,3.06815,-7.72675,5,0
A,104,.,.,.,ASP,OD2,A,244,.,.,.,LEU,CD1,737,1879,6.34926,3.82839,3.8879,4.96117,5,0
A,105,.,.,.,ILE,N,A,105,.,.,.,ILE,CA,738,739,5.97432,0,1.45727,0,0,1
A,105,.,.,.,ILE,N,A,105,.,.,.,ILE,C,738,740,0.80377,0,2.45845,0,0,0
A,105,.,.,.,ILE,N,A,105,.,.,.,ILE,CB,738,742,1.52337,0,2.45749,0,0,0
A,105,.,.,.,ILE,N,A,105,.,.,.,ILE,CG1,738,743,2.07773,0,2.98752,0,0,0
A,105,.,.,.,ILE,N,A,106,.,.,.,ALA,N,738,746,2.71889,0,2.83641,0,1,0
A,105,.,.,.,ILE,N,A,114,.,.,.,VAL,O,738,808,4.57996,0,2.64821,-9.70054,5,0
A,105,.,.,.,ILE,N,A,115,.,.,.,GLY,CA,738,813,1.36311,0,3.92818,1.76702,5,0
A,105,.,.,.,ILE,N,A,244,.,.,.,LEU,CD2,738,1880,0.268648,0,4.428,0.0926603,5,0
A,105,.,.,.,ILE,CA,A,105,.,.,.,ILE,C,739,740,7.33853,0,1.51841,0,0,1
A,105,.,.,.,ILE,CA,A,105,.,.,.,ILE,O,739,741,4.57654,2.34794,2.39959,0,0,0
A,105,.,.,.,ILE,CA,A,105,.,.,.,ILE,CB,739,742,7.23631,0,1.54351,0,0,1
A,105,.,.,.,ILE,CA,A,105,.,.,.,ILE,CG1,739,743,3.46205,0,2.52592,0,0,0
A,105,.,.,.,ILE,CA,A,105,.,.,.,ILE,CG2,739,744,2.6141,0.350409,2.53768,0,0,0
A,105,.,.,.,ILE,CA,A,106,.,.,.,ALA,N,739,746,0.893951,0,2.42207,0,1,0
A,105,.,.,.,ILE,CA,A,114,.,.,.,VAL,O,739,808,0.036097,0,3.40402,0.00147956,5,0
A,105,.,.,.,ILE,CA,A,155,.,.,.,TYR,OH,739,1160,1.42311,1.83685,4.97433,-0.211903,5,0
A,105,.,.,.,ILE,CA,A,244,.,.,.,LEU,CD2,739,1880,0.0262446,0,4.78113,-0.00595679,5,0
A,105,.,.,.,ILE,C,A,105,.,.,.,ILE,O,740,741,7.99426,0,1.23194,0,0,1
A,105,.,.,.,ILE,C,A,105,.,.,.,ILE,CB,740,742,0.651106,0,2.52311,0,0,0
A,105,.,.,.,ILE,C,A,105,.,.,.,ILE,CG2,740,744,2.38034,0,2.85259,0,0,0
A,105,.,.,.,ILE,C,A,106,.,.,.,ALA,N,740,746,6.70654,0,1.32576,0,1,1
A,105,.,.,.,ILE,C,A,106,.,.,.,ALA,CA,740,747,1.36121,0,2.41694,0,1,0
A,105,.,.,.,ILE,C,A,106,.,.,.,ALA,CB,740,750,0.995591,0,3.11944,0,1,0
A,105,.,.,.,ILE,C,A,244,.,.,.,LEU,CD2,740,1880,2.8744,0,4.27452,0.992064,5,0
A,105,.,.,.,ILE,O,A,105,.,.,.,ILE,CG2,741,744,5.86427,3.90121,3.22417,0,0,0
A,105,.,.,.,ILE,O,A,106,.,.,.,ALA,CA,741,747,2.24304,0,2.73852,0,1,0
A,105,.,.,.,ILE,O,A,106,.,.,.,ALA,CB,741,750,3.19832,0.454506,3.17584,0,1,0
A,105,.,.,.,ILE,O,A,244,.,.,.,LEU,CD2,741,1880,2.76209,0.879457,4.27625,1.52316,5,0
A,105,.,.,.,ILE,O,A,245,.,.,.,PRO,CG,741,1886,8.00516,4.2637,3.59017,0.222248,5,0
A,105,.,.,.,ILE,O,A,245,.,.,.,PRO,CD,741,1887,4.91612,1.71487,3.7399,-0.0848616,5,0
A,105,.,.,.,ILE,CB,A,105,.,.,.,ILE,CG1,742,743,8.44246,0,1.53572,0,0,1
A,105,.,.,.,ILE,CB,A,105,.,.,.,ILE,CG2,742,744,11.0107,0,1.54071,0,0,1
A,105,.,.,.,ILE,CB,A,105,.,.,.,ILE,CD1,742,745,3.3093,0,2.55847,0,0,0
A,105,.,.,.,ILE,CB,A,106,.,.,.,ALA,N,742,746,2.30511,0,3.1215,0,1,0
A,105,.,.,.,ILE,CB,A,114,.,.,.,VAL,C,742,807,1.11475,0,4.11001,-0.638128,5,0
A,105,.,.,.,ILE,CB,A,114,.,.,.,VAL,O,742,808,2.76693,0,3.38374,-1.60832,5,0
A,105,.,.,.,ILE,CB,A,114,.,.,.,VAL,CB,742,809,2.54634,0,4.69353,-4.52299,5,0
A,105,.,.,.,ILE,CB,A,114,.,.,.,VAL,CG1,742,810,1.68461,0,4.73688,-2.12188,5,0
A,105,.,.,.,ILE,CB,A,115,.,.,.,GLY,CA,742,813,0.248337,0,4.54356,-0.013693,5,0
A,105,.,.,.,ILE,CB,A,155,.,.,.,TYR,OH,742,1160,0.0562467,0,4.49564,-0.0539172,5,0
A,105,.,.,.,ILE,CG1,A,105,.,.,.,ILE,CG2,743,744,1.6881,0,2.56381,0,0,0
A,105,.,.,.,ILE,CG1,A,105,.,.,.,ILE,CD1,743,745,11.0342,0,1.51374,0,0,1
A,105,.,.,.,ILE,CG1,A,115,.,.,.,GLY,CA,743,813,2.85112,0,4.15382,-1.07352,5,0
A,105,.,.,.,ILE,CG1,A,115,.,.,.,GLY,C,743,814,0.140234,0,4.29383,-0.0671889,5,0
A,105,.,.,.,ILE,CG1,A,116,.,.,.,TYR,N,743,816,0.77906,0,4.40208,0.600054,5,0
A,105,.,.,.,ILE,CG1,A,116,.,.,.,TYR,CB,743,820,1.83005,0,4.37735,-1.94,5,0
A,105,.,.,.,ILE,CG1,A,155,.,.,.,TYR,CE1,743,1157,0.313591,0,4.27488,-0.367205,5,0
A,105,.,.,.,ILE,CG1,A,155,.,.,.,TYR,CE2,743,1158,0.104794,0,4.04411,-0.12271,5,0
A,105,.,.,.,ILE,CG1,A,155,.,.,.,TYR,CZ,743,1159,2.05085,0,3.83997,-2.35817,5,0
A,105,.,.,.,ILE,CG1,A,155,.,.,.,TYR,OH,743,1160,2.53187,0,3.91798,-2.09117,5,0
A,105,.,.,.,ILE,CG2,A,105,.,.,.,ILE,CD1,744,745,3.44183,0,3.12473,0,0,0
A,105,.,.,.,ILE,CG2,A,106,.,.,.,ALA,N,744,746,0.447225,0,3.53017,0,1,0
A,105,.,.,.,ILE,CG2,A,106,.,.,.,ALA,CB,744,750,6.41574,1.18787,4.23548,0,1,0
A,105,.,.,.,ILE,CG2,A,114,.,.,.,VAL,CB,744,809,1.06597,0,5.16883,-1.48337,5,0
A,105,.,.,.,ILE,CG2,A,114,.,.,.,VAL,CG1,744,810,0.510807,0,5.14642,-0.290931,5,0
A,105,.,.,.,ILE,CG2,A,152,.,.,.,HIS,CG,744,1128,0.0563249,0,4.59048,-0.0843539,5,0
A,105,.,.,.,ILE,CG2,A,152,.,.,.,HIS,CD2,744,1130,6.6264,0,3.80509,-5.67083,5,0
A,105,.,.,.,ILE,CG2,A,152,.,.,.,HIS,CE1,744,1131,1.07525,0,4.45505,0.0458208,5,0
A,105,.,.,.,ILE,CG2,A,152,.,.,.,HIS,NE2,744,1132,7.03812,1.4087,3.72129,-1.73712,5,0
A,105,.,.,.,ILE,CG2,A,154,.,.,.,LYS,CE,744,1147,0.710182,1.75589,6.18169,0.25693,5,0
A,105,.,.,.,ILE,CG2,A,155,.,.,.,TYR,CD2,744,1156,0.113041,0,4.46025,-0.120885,5,0
A,105,.,.,.,ILE,CG2,A,155,.,.,.,TYR,CE2,744,1158,7.506,1.05508,3.71016,-9.96204,5,0
A,105,.,.,.,ILE,CG2,A,155,.,.,.,TYR,CZ,744,1159,0.163941,0,4.15918,-0.292151,5,0
A,105,.,.,.,ILE,CG2,A,155,.,.,.,TYR,OH,744,1160,4.75661,2.70213,4.07795,-4.45977,5,0
A,105,.,.,.,ILE,CG2,A,247,.,.,.,LEU,CD1,744,1900,0.448395,0,5.50458,-0.249076,5,0
A,105,.,.,.,ILE,CD1,A,114,.,.,.,VAL,C,745,807,0.0998064,0,4.76032,-0.053958,5,0
A,105,.,.,.,ILE,CD1,A,114,.,.,.,VAL,CG1,745,810,4.57492,0,4.60438,-9.07226,5,0
A,105,.,.,.,ILE,CD1,A,115,.,.,.,GLY,N,745,812,0.561987,0,4.56106,0.0464681,5,0
A,105,.,.,.,ILE,CD1,A,115,.,.,.,GLY,CA,745,813,1.05889,0,4.30886,-0.642931,5,0
A,105,.,.,.,ILE,CD1,A,115,.,.,.,GLY,C,745,814,2.88216,0,4.04228,-0.854011,5,0
A,105,.,.,.,ILE,CD1,A,115,.,.,.,GLY,O,745,815,1.29843,0,4.20352,0.371621,5,0
A,105,.,.,.,ILE,CD1,A,116,.,.,.,TYR,N,745,816,0.181045,0,4.30575,0.018101,5,0
A,105,.,.,.,ILE,CD1,A,116,.,.,.,TYR,CA,745,817,0.0622612,0,4.62009,0.00129696,5,0
A,105,.,.,.,ILE,CD1,A,116,.,.,.,TYR,CB,745,820,5.19576,0,4.07068,-9.00669,5,0
A,105,.,.,.,ILE,CD1,A,131,.,.,.,ILE,CG2,745,957,4.23722,0,4.49821,-9.36251,5,0
A,105,.,.,.,ILE,CD1,A,131,.,.,.,ILE,CD1,745,958,6.52666,0,3.99587,-15.3724,5,0
A,105,.,.,.,ILE,CD1,A,152,.,.,.,HIS,CB,745,1127,2.25352,0,5.11121,-2.51391,5,0
A,105,.,.,.,ILE,CD1,A,152,.,.,.,HIS,CG,745,1128,0.558149,0,5.02999,-0.684726,5,0
A,105,.,.,.,ILE,CD1,A,152,.,.,.,HIS,CD2,745,1130,0.852986,0,4.93127,-0.309582,5,0
A,105,.,.,.,ILE,CD1,A,155,.,.,.,TYR,CB,745,1153,0.0805406,0,4.84539,-0.075203,5,0
A,105,.,.,.,ILE,CD1,A,155,.,.,.,TYR,CG,745,1154,1.21701,0,3.96296,-2.02001,5,0
A,105,.,.,.,ILE,CD1,A,155,.,.,.,TYR,CD1,745,1155,1.96186,0,4.01267,-3.01096,5,0
A,105,.,.,.,ILE,CD1,A,155,.,.,.,TYR,CD2,745,1156,3.49672,0,3.77971,-5.36658,5,0
A,105,.,.,.,ILE,CD1,A,155,.,.,.,TYR,CE1,745,1157,2.33637,0,3.89397,-3.15882,5,0
A,105,.,.,.,ILE,CD1,A,155,.,.,.,TYR,CE2,745,1158,1.92304,0,3.65683,-2.59999,5,0
A,105,.,.,.,ILE,CD1,A,155,.,.,.,TYR,CZ,745,1159,1.11069,0,3.70723,-1.39342,5,0
A,106,.,.,.,ALA,N,A,106,.,.,.,ALA,CA,746,747,7.77387,0,1.45002,0,0,1
A,106,.,.,.,ALA,N,A,106,.,.,.,ALA,C,746,748,0.849389,0,2.40491,0,0,0
A,106,.,.,.,ALA,N,A,106,.,.,.,ALA,O,746,749,3.29964,0,2.66398,0,0,0
A,106,.,.,.,ALA,N,A,106,.,.,.,ALA,CB,746,750,2.34231,0,2.4686,0,0,0
A,106,.,.,.,ALA,N,A,114,.,.,.,VAL,O,746,808,3.12791,0,3.25278,-4.22678,5,0
A,106,.,.,.,ALA,N,A,114,.,.,.,VAL,CB,746,809,1.5964,0,4.61411,0.857214,5,0
A,106,.,.,.,ALA,N,A,244,.,.,.,LEU,CD1,746,1879,0.961961,0,4.81349,0.00264782,5,0
A,106,.,.,.,ALA,N,A,244,.,.,.,LEU,CD2,746,1880,1.14622,0,4.4543,0.0607251,5,0
A,106,.,.,.,ALA,CA,A,106,.,.,.,ALA,C,747,748,7.70258,0,1.51529,0,0,1
A,106,.,.,.,ALA,CA,A,106,.,.,.,ALA,O,747,749,0.286538,0,2.40237,0,0,0
A,106,.,.,.,ALA,CA,A,106,.,.,.,ALA,CB,747,750,9.09841,0,1.53479,0,0,1
A,106,.,.,.,ALA,CA,A,107,.,.,.,ARG,N,747,751,1.94198,0,2.3887,0,1,0
A,106,.,.,.,ALA,CA,A,114,.,.,.,VAL,CB,747,809,0.0435968,0,5.12878,-0.0252914,5,0
A,106,.,.,.,ALA,CA,A,244,.,.,.,LEU,CB,747,1877,2.60244,0,4.45799,-0.21676,5,0
A,106,.,.,.,ALA,CA,A,244,.,.,.,LEU,CG,747,1878,0.0752662,0,4.93005,-0.0278463,5,0
A,106,.,.,.,ALA,CA,A,244,.,.,.,LEU,CD1,747,1879,0.484026,0,4.83227,-0.433452,5,0
A,106,.,.,.,ALA,CA,A,244,.,.,.,LEU,CD2,747,1880,1.01353,0,4.74562,-0.893676,5,0
A,106,.,.,.,ALA,CA,A,245,.,.,.,PRO,O,747,1884,2.58634,0,3.30398,0.0867375,5,0
A,106,.,.,.,ALA,CA,A,245,.,.,.,PRO,CG,747,1886,0.941438,0,4.35471,-0.144801,5,0
A,106,.,.,.,ALA,CA,A,245,.,.,.,PRO,CD,747,1887,1.73406,0,4.44829,0.576953,5,0
A,106,.,.,.,ALA,C,A,106,.,.,.,ALA,O,748,749,10.0274,0,1.23239,0,0,1
A,106,.,.,.,ALA,C,A,106,.,.,.,ALA,CB,748,750,3.84045,0,2.51086,0,0,0
A,106,.,.,.,ALA,C,A,107,.,.,.,ARG,N,748,751,7.62432,0,1.3177,0,1,1
A,106,.,.,.,ALA,C,A,107,.,.,.,ARG,CA,748,752,2.14399,0,2.43027,0,1,0
A,106,.,.,.,ALA,C,A,107,.,.,.,ARG,C,748,753,1.28356,0,3.35719,0,1,0
A,106,.,.,.,ALA,C,A,108,.,.,.,LEU,CG,748,767,0.0137289,0,5.84959,-0.00366287,2,0
A,106,.,.,.,ALA,C,A,113,.,.,.,ASP,CB,748,801,0.0340357,0,4.09958,0.0152774,5,0
A,106,.,.,.,ALA,C,A,114,.,.,.,VAL,CB,748,809,0.0102206,0,4.84405,-0.00476824,5,0
A,106,.,.,.,ALA,C,A,114,.,.,.,VAL,CG2,748,811,0.652329,0,5.06294,-0.477171,5,0
A,106,.,.,.,ALA,C,A,244,.,.,.,LEU,CB,748,1877,0.346065,0,4.49578,0.373504,5,0
A,106,.,.,.,ALA,C,A,244,.,.,.,LEU,CD1,748,1879,2.73594,0,4.44968,-1.34749,5,0
A,106,.,.,.,ALA,C,A,247,.,.,.,LEU,CB,748,1898,0.0343821,0,5.36504,-0.000773815,5,0
A,106,.,.,.,ALA,O,A,106,.,.,.,ALA,CB,749,750,0.034137,0,3.35611,0,0,0
A,106,.,.,.,ALA,O,A,107,.,.,.,ARG,CA,749,752,2.57609,0,2.79379,0,1,0
A,106,.,.,.,ALA,O,A,107,.,.,.,ARG,C,749,753,0.324347,0,3.68199,0,1,0
A,106,.,.,.,ALA,O,A,108,.,.,.,LEU,N,749,762,0.0495225,0,4.2231,0.0534798,2,0
A,106,.,.,.,ALA,O,A,108,.,.,.,LEU,CG,749,767,0.117654,0,5.49231,-0.0162521,2,0
A,106,.,.,.,ALA,O,A,113,.,.,.,ASP,CA,749,798,1.75512,0,3.39104,0.958393,5,0
A,106,.,.,.,ALA,O,A,113,.,.,.,ASP,CB,749,801,5.25329,0,3.12507,2.80249,5,0
A,106,.,.,.,ALA,O,A,114,.,.,.,VAL,N,749,805,4.88022,0,2.83453,-6.8305,5,0
A,106,.,.,.,ALA,O,A,114,.,.,.,VAL,CA,749,806,0.0017521,0,3.78429,0.000955908,5,0
A,106,.,.,.,ALA,O,A,114,.,.,.,VAL,O,749,808,2.11841,0,3.43061,0.754723,5,0
A,106,.,.,.,ALA,O,A,114,.,.,.,VAL,CB,749,809,1.82164,0,4.01319,-1.68216,5,0
A,106,.,.,.,ALA,O,A,114,.,.,.,VAL,CG2,749,811,1.50918,0,4.30322,0.0400482,5,0
A,106,.,.,.,ALA,O,A,244,.,.,.,LEU,CD1,749,1879,1.08284,0,4.52915,0.147836,5,0
A,106,.,.,.,ALA,CB,A,107,.,.,.,ARG,N,750,751,2.47593,0,3.06234,0,1,0
A,106,.,.,.,ALA,CB,A,107,.,.,.,ARG,C,750,753,0.106882,0,4.71111,0,1,0
A,106,.,.,.,ALA,CB,A,107,.,.,.,ARG,O,750,754,0.637724,0,4.41891,0,1,0
A,106,.,.,.,ALA,CB,A,114,.,.,.,VAL,CB,750,809,2.24938,0,5.14935,-2.53235,5,0
A,106,.,.,.,ALA,CB,A,114,.,.,.,VAL,CG2,750,811,0.59398,0,5.39852,0.0691916,5,0
A,106,.,.,.,ALA,CB,A,152,.,.,.,HIS,NE2,750,1132,1.01292,0.699844,5.23917,-0.232671,5,0
A,106,.,.,.,ALA,CB,A,245,.,.,.,PRO,C,750,1883,1.10925,0,4.26184,-0.198419,5,0
A,106,.,.,.,ALA,CB,A,245,.,.,.,PRO,O,750,1884,2.49715,0,3.4892,-0.651174,5,0
A,106,.,.,.,ALA,CB,A,245,.,.,.,PRO,CB,750,1885,0.179921,0.0174464,5.01937,0.0017808,5,0
A,106,.,.,.,ALA,CB,A,245,.,.,.,PRO,CG,750,1886,6.67016,2.8014,4.29063,-4.70326,5,0
A,106,.,.,.,ALA,CB,A,246,.,.,.,SER,CA,750,1889,0.396867,0,4.81933,-0.0117493,5,0
A,106,.,.,.,ALA,CB,A,246,.,.,.,SER,C,750,1890,2.29489,0,4.53562,0.730831,5,0
A,106,.,.,.,ALA,CB,A,246,.,.,.,SER,O,750,1891,1.0225,0.500846,4.81842,0.382723,5,0
A,106,.,.,.,ALA,CB,A,247,.,.,.,LEU,N,750,1894,0.614918,0,4.56698,0.469617,5,0
A,106,.,.,.,ALA,CB,A,247,.,.,.,LEU,CB,750,1898,2.20072,0,4.11919,-0.623305,5,0
A,106,.,.,.,ALA,CB,A,247,.,.,.,LEU,CG,750,1899,10.9884,0,3.5141,-10.089,5,0
A,106,.,.,.,ALA,CB,A,247,.,.,.,LEU,CD1,750,1900,5.18923,0,3.92045,-0.190596,5,0
A,106,.,.,.,ALA,CB,A,247,.,.,.,LEU,CD2,750,1901,0.565293,2.48168,4.59247,0.00228884,5,0
A,107,.,.,.,ARG,N,A,107,.,.,.,ARG,CA,751,752,6.92571,0,1.4475,0,0,1
A,107,.,.,.,ARG,N,A,107,.,.,.,ARG,C,751,753,1.2329,0,2.42215,0,0,0
A,107,.,.,.,ARG,N,A,107,.,.,.,ARG,O,751,754,2.38877,0,2.75573,0,0,0
A,107,.,.,.,ARG,N,A,107,.,.,.,ARG,CB,751,755,2.88632,0,2.43778,0,0,0
A,107,.,.,.,ARG,N,A,244,.,.,.,LEU,CB,751,1877,1.60432,0,4.28242,2.41022,5,0
A,107,.,.,.,ARG,N,A,244,.,.,.,LEU,CD1,751,1879,0.274638,0,4.64189,0.110428,5,0
A,107,.,.,.,ARG,N,A,245,.,.,.,PRO,O,751,1884,4.95085,0,2.75487,0.649176,5,0
A,107,.,.,.,ARG,N,A,246,.,.,.,SER,CA,751,1889,0.533494,0,4.25233,0.553484,5,0
A,107,.,.,.,ARG,CA,A,107,.,.,.,ARG,C,752,753,7.11462,0,1.52452,0,0,1
A,107,.,.,.,ARG,CA,A,107,.,.,.,ARG,O,752,754,0.567669,0,2.40663,0,0,0
A,107,.,.,.,ARG,CA,A,107,.,.,.,ARG,CB,752,755,10.0902,0,1.5332,0,0,1
A,107,.,.,.,ARG,CA,A,107,.,.,.,ARG,CG,752,756,1.19009,0,2.55603,0,0,0
A,107,.,.,.,ARG,CA,A,108,.,.,.,LEU,N,752,762,2.78579,0,2.42402,0,1,0
A,107,.,.,.,ARG,CA,A,112,.,.,.,ALA,O,752,795,0.873666,0,3.93978,0.597053,5,0
A,107,.,.,.,ARG,CA,A,113,.,.,.,ASP,CA,752,798,1.64138,0,4.10631,0.569693,5,0
A,107,.,.,.,ARG,CA,A,113,.,.,.,ASP,CB,752,801,4.25921,0,3.90313,2.92517,5,0
A,107,.,.,.,ARG,CA,A,244,.,.,.,LEU,CD1,752,1879,0.385905,0,4.97044,0.0343076,5,0
A,107,.,.,.,ARG,CA,A,246,.,.,.,SER,CA,752,1889,0.0352145,0,4.65671,0.024933,5,0
A,107,.,.,.,ARG,C,A,107,.,.,.,ARG,O,753,754,9.20479,0,1.23686,0,0,1
A,107,.,.,.,ARG,C,A,107,.,.,.,ARG,CB,753,755,0.620733,0,2.53211,0,0,0
A,107,.,.,.,ARG,C,A,107,.,.,.,ARG,CG,753,756,3.13571,0,2.84231,0,0,0
A,107,.,.,.,ARG,C,A,108,.,.,.,LEU,N,753,762,7.29986,0,1.32824,0,1,1
A,107,.,.,.,ARG,C,A,108,.,.,.,LEU,CA,753,763,1.88627,0,2.43598,0,1,0
A,107,.,.,.,ARG,C,A,108,.,.,.,LEU,C,753,764,0.305636,0,3.352,0,1,0
A,107,.,.,.,ARG,C,A,108,.,.,.,LEU,CG,753,767,1.96222,0,4.01259,0,1,0
A,107,.,.,.,ARG,C,A,247,.,.,.,LEU,CB,753,1898,0.622062,0,4.78814,0.11673,5,0
A,107,.,.,.,ARG,O,A,107,.,.,.,ARG,CB,754,755,0.522187,0,3.21913,0,0,0
A,107,.,.,.,ARG,O,A,107,.,.,.,ARG,CG,754,756,1.07784,0,3.52615,0,0,0
A,107,.,.,.,ARG,O,A,108,.,.,.,LEU,CA,754,763,4.58882,0,2.77784,0,1,0
A,107,.,.,.,ARG,O,A,108,.,.,.,LEU,C,754,764,0.134868,0,3.6625,0,1,0
A,107,.,.,.,ARG,O,A,108,.,.,.,LEU,O,754,765,1.12641,0,3.97583,0,1,0
A,107,.,.,.,ARG,O,A,108,.,.,.,LEU,CG,754,767,0.13639,0,4.31533,0,1,0
A,107,.,.,.,ARG,O,A,108,.,.,.,LEU,CD2,754,769,2.28919e-05,0,4.66887,0,1,0
A,107,.,.,.,ARG,O,A,246,.,.,.,SER,CA,754,1889,4.37858,0,3.23753,-0.512749,5,0
A,107,.,.,.,ARG,O,A,246,.,.,.,SER,CB,754,1892,2.94018,0,3.85452,0.125511,5,0
A,107,.,.,.,ARG,O,A,247,.,.,.,LEU,N,754,1894,5.81899,0,2.86932,-5.25457,5,0
A,107,.,.,.,ARG,O,A,247,.,.,.,LEU,CA,754,1895,0.000449318,0,3.85323,0.00031308,5,0
A,107,.,.,.,ARG,O,A,247,.,.,.,LEU,O,754,1897,1.09838,0,3.87379,1.11877,5,0
A,107,.,.,.,ARG,O,A,247,.,.,.,LEU,CB,754,1898,2.97759,0,3.91798,-0.506343,5,0
A,107,.,.,.,ARG,CB,A,107,.,.,.,ARG,CG,755,756,10.4346,0,1.50706,0,0,1
A,107,.,.,.,ARG,CB,A,107,.,.,.,ARG,CD,755,757,4.53497,0.800315,2.50665,0,0,0
A,107,.,.,.,ARG,CB,A,107,.,.,.,ARG,NE,755,758,4.06879,0,2.88315,0,0,0
A,107,.,.,.,ARG,CB,A,107,.,.,.,ARG,CZ,755,759,2.25096,0,3.69051,0,0,0
A,107,.,.,.,ARG,CB,A,112,.,.,.,ALA,O,755,795,0.0121596,0,4.43754,-0.00127131,5,0
A,107,.,.,.,ARG,CB,A,113,.,.,.,ASP,CB,755,801,3.13555,0.498677,4.5632,-0.0553936,5,0
A,107,.,.,.,ARG,CB,A,242,.,.,.,SER,OG,755,1865,0.382465,0,4.90542,-0.011652,5,0
A,107,.,.,.,ARG,CB,A,244,.,.,.,LEU,C,755,1875,0.00270148,0,5.12478,0.000310557,5,0
A,107,.,.,.,ARG,CB,A,244,.,.,.,LEU,O,755,1876,1.08255,0,4.84933,0.183066,5,0
A,107,.,.,.,ARG,CB,A,244,.,.,.,LEU,CB,755,1877,4.70903,0,4.37711,-1.99878,5,0
A,107,.,.,.,ARG,CB,A,244,.,.,.,LEU,CD1,755,1879,4.85239,0.559242,4.67485,-4.15791,5,0
A,107,.,.,.,ARG,CB,A,245,.,.,.,PRO,C,755,1883,0.165752,0,4.69472,0.0385661,5,0
A,107,.,.,.,ARG,CB,A,245,.,.,.,PRO,O,755,1884,3.17979,0,3.74888,0.46866,5,0
A,107,.,.,.,ARG,CB,A,246,.,.,.,SER,CA,755,1889,1.33218,0,4.7359,0.410449,5,0
A,107,.,.,.,ARG,CB,A,246,.,.,.,SER,OG,755,1893,1.22376,0,4.66941,-0.345157,5,0
A,107,.,.,.,ARG,CG,A,107,.,.,.,ARG,CD,756,757,11.4609,0.0141433,1.52389,0,0,1
A,107,.,.,.,ARG,CG,A,107,.,.,.,ARG,NE,756,758,0.270404,0,2.49727,0,0,0
A,107,.,.,.,ARG,CG,A,107,.,.,.,ARG,CZ,756,759,0.999068,0,3.25495,0,0,0
A,107,.,.,.,ARG,CG,A,107,.,.,.,ARG,NH1,756,760,4.86388,2.03537,3.33976,0,0,0
A,107,.,.,.,ARG,CG,A,108,.,.,.,LEU,N,756,762,2.43024,0,3.19258,0,1,0
A,107,.,.,.,ARG,CG,A,108,.,.,.,LEU,C,756,764,2.98655,0,4.01983,0,1,0
A,107,.,.,.,ARG,CG,A,108,.,.,.,LEU,O,756,765,1.84644,1.64109,4.51995,0,1,0
A,107,.,.,.,ARG,CG,A,109,.,.,.,THR,N,756,770,0.920207,0,4.05007,1.36226,2,0
A,107,.,.,.,ARG,CG,A,109,.,.,.,THR,CA,756,771,0.982996,0.638697,4.57523,0.231118,2,0
A,107,.,.,.,ARG,CG,A,109,.,.,.,THR,C,756,772,1.3929,0.376776,4.05529,-0.0954199,2,0
A,107,.,.,.,ARG,CG,A,109,.,.,.,THR,O,756,773,3.67848,0,3.22333,0.0151751,2,0
A,107,.,.,.,ARG,CG,A,112,.,.,.,ALA,O,756,795,2.16663,0,4.08916,-0.274843,5,0
A,107,.,.,.,ARG,CG,A,113,.,.,.,ASP,CB,756,801,0.237204,0,5.21887,-0.0532028,5,0
A,107,.,.,.,ARG,CG,A,246,.,.,.,SER,CA,756,1889,0.0100431,0,5.19597,0.00328762,5,0
A,107,.,.,.,ARG,CG,A,246,.,.,.,SER,CB,756,1892,0.25321,0,5.27226,0.0151796,5,0
A,107,.,.,.,ARG,CG,A,246,.,.,.,SER,OG,756,1893,3.55711,0.680795,4.53703,-0.783489,5,0
A,107,.,.,.,ARG,CD,A,107,.,.,.,ARG,NE,757,758,11.6544,0,1.46365,0,0,1
A,107,.,.,.,ARG,CD,A,107,.,.,.,ARG,CZ,757,759,2.84416,1.10981,2.47183,0,0,0
A,107,.,.,.,ARG,CD,A,107,.,.,.,ARG,NH1,757,760,6.04925,1.29108,2.82496,0,0,0
A,107,.,.,.,ARG,CD,A,109,.,.,.,THR,C,757,772,2.04673,0.305043,4.01827,-0.233464,2,0
A,107,.,.,.,ARG,CD,A,109,.,.,.,THR,O,757,773,6.30878,0.796198,3.1512,-1.88841,2,0
A,107,.,.,.,ARG,CD,A,110,.,.,.,VAL,N,757,777,0.00416748,0.0657533,4.64664,0.00403721,3,0
A,107,.,.,.,ARG,CD,A,110,.,.,.,VAL,CA,757,778,6.66946,0.494917,4.49353,5.29735,3,0
A,107,.,.,.,ARG,CD,A,110,.,.,.,VAL,C,757,779,0.0773798,0,4.90123,0.00946177,3,0
A,107,.,.,.,ARG,CD,A,110,.,.,.,VAL,O,757,780,3.64297,2.34945,4.87126,1.95644,3,0
A,107,.,.,.,ARG,CD,A,110,.,.,.,VAL,CG2,757,783,0.394051,1.11354,5.86362,-0.0684044,3,0
A,107,.,.,.,ARG,CD,A,112,.,.,.,ALA,O,757,795,0.242819,0.320172,4.7868,0.0519204,5,0
A,107,.,.,.,ARG,CD,A,113,.,.,.,ASP,CB,757,801,0.86308,1.81103,5.7566,-0.352458,5,0
A,107,.,.,.,ARG,CD,A,136,.,.,.,TRP,CZ2,757,1002,0.413215,1.47458,6.4407,-0.560447,5,0
A,107,.,.,.,ARG,CD,A,136,.,.,.,TRP,CH2,757,1004,0.174006,1.51922,6.48101,-0.204939,5,0
A,107,.,.,.,ARG,CD,A,239,.,.,.,PRO,CB,757,1839,2.68274,1.68954,6.11637,-0.721674,5,0
A,107,.,.,.,ARG,CD,A,242,.,.,.,SER,CB,757,1864,1.5345,2.96066,4.91992,-0.339035,5,0
A,107,.,.,.,ARG,CD,A,242,.,.,.,SER,OG,757,1865,0.539442,0.757073,4.56721,-0.168586,5,0
A,107,.,.,.,ARG,CD,A,244,.,.,.,LEU,CD1,757,1879,0.170554,0.603325,5.90505,-0.0357047,5,0
A,107,.,.,.,ARG,NE,A,107,.,.,.,ARG,CZ,758,759,9.89458,0,1.32962,0,0,1
A,107,.,.,.,ARG,NE,A,107,.,.,.,ARG,NH2,758,761,0.937669,0,2.30163,0,0,0
A,107,.,.,.,ARG,NE,A,239,.,.,.,PRO,O,758,1838,0.655169,0,4.99047,-0.328869,5,0
A,107,.,.,.,ARG,NE,A,239,.,.,.,PRO,CB,758,1839,0.267316,0,6.05118,-0.201974,5,0
A,107,.,.,.,ARG,NE,A,242,.,.,.,SER,CB,758,1864,5.24263,0,3.78901,1.30183,5,0
A,107,.,.,.,ARG,NE,A,242,.,.,.,SER,OG,758,1865,4.34523,0,3.439,-2.23736,5,0
A,107,.,.,.,ARG,NE,A,244,.,.,.,LEU,CB,758,1877,0.443262,0,4.96513,0.111128,5,0
A,107,.,.,.,ARG,CZ,A,107,.,.,.,ARG,NH1,759,760,13.4403,3.03258,1.32687,0,0,1
A,107,.,.,.,ARG,CZ,A,107,.,.,.,ARG,NH2,759,761,14.7349,1.0183,1.32805,0,0,1
A,107,.,.,.,ARG,CZ,A,239,.,.,.,PRO,O,759,1838,2.99917,2.23417,4.92514,1.38535,5,0
A,107,.,.,.,ARG,CZ,A,239,.,.,.,PRO,CB,759,1839,0.0990279,0.377949,6.37781,-0.101091,5,0
A,107,.,.,.,ARG,CZ,A,242,.,.,.,SER,CB,759,1864,0.51046,0,4.14942,-0.452394,5,0
A,107,.,.,.,ARG,CZ,A,244,.,.,.,LEU,O,759,1876,1.55793,0,4.25098,-0.433674,5,0
A,107,.,.,.,ARG,CZ,A,244,.,.,.,LEU,CB,759,1877,0.0248243,0,5.39888,-0.017084,5,0
A,107,.,.,.,ARG,CZ,A,246,.,.,.,SER,OG,759,1893,1.60508,0,4.35492,-0.933595,5,0
A,107,.,.,.,ARG,NH1,A,107,.,.,.,ARG,NH2,760,761,5.70614,4.72613,2.2969,0,0,0
A,107,.,.,.,ARG,NH1,A,109,.,.,.,THR,C,760,772,0.0345568,0.807773,5.57976,-0.00454391,2,0
A,107,.,.,.,ARG,NH1,A,110,.,.,.,VAL,CA,760,778,0.327026,1.72821,5.82441,0.146568,3,0
A,107,.,.,.,ARG,NH1,A,246,.,.,.,SER,OG,760,1893,10.9468,6.15834,3.6911,-5.64705,5,0
A,107,.,.,.,ARG,NH2,A,239,.,.,.,PRO,O,761,1838,3.48609,2.78819,4.6479,-2.4986,5,0
A,107,.,.,.,ARG,NH2,A,242,.,.,.,SER,O,761,1863,7.83347,4.35712,3.81772,-4.36508,5,0
A,107,.,.,.,ARG,NH2,A,242,.,.,.,SER,CB,761,1864,5.25145,0,3.64295,-0.794161,5,0
A,107,.,.,.,ARG,NH2,A,242,.,.,.,SER,OG,761,1865,2.39654,0,3.51237,-1.23629,5,0
A,107,.,.,.,ARG,NH2,A,244,.,.,.,LEU,N,761,1873,0.569481,0,4.64375,0.672574,5,0
A,107,.,.,.,ARG,NH2,A,244,.,.,.,LEU,O,761,1876,9.76571,3.32116,3.61841,-5.89099,5,0
A,107,.,.,.,ARG,NH2,A,244,.,.,.,LEU,CB,761,1877,0.18487,0,5.12135,-0.0187491,5,0
A,107,.,.,.,ARG,NH2,A,246,.,.,.,SER,OG,761,1893,0.845788,1.00701,4.81395,-0.0210018,5,0
A,108,.,.,.,LEU,N,A,108,.,.,.,LEU,CA,762,763,6.37,0,1.46051,0,0,1
A,108,.,.,.,LEU,N,A,108,.,.,.,LEU,C,762,764,0.752783,0,2.46402,0,0,0
A,108,.,.,.,LEU,N,A,108,.,.,.,LEU,CB,762,766,1.40723,0,2.46064,0,0,0
A,108,.,.,.,LEU,N,A,108,.,.,.,LEU,CG,762,767,2.95057,0,3.15684,0,0,0
A,108,.,.,.,LEU,N,A,109,.,.,.,THR,N,762,770,1.09295,0,2.9548,0,1,0
A,108,.,.,.,LEU,N,A,109,.,.,.,THR,O,762,773,0.000106868,0,4.10598,0,1,0
A,108,.,.,.,LEU,N,A,112,.,.,.,ALA,O,762,795,4.39959,0,2.80179,-4.10149,4,0
A,108,.,.,.,LEU,N,A,113,.,.,.,ASP,CA,762,798,2.20626,0,4.01667,4.75201,5,0
A,108,.,.,.,LEU,CA,A,108,.,.,.,LEU,C,763,764,7.78726,0,1.52124,0,0,1
A,108,.,.,.,LEU,CA,A,108,.,.,.,LEU,O,763,765,3.9692,0.222605,2.39709,0,0,0
A,108,.,.,.,LEU,CA,A,108,.,.,.,LEU,CB,763,766,8.21702,0.0341581,1.5328,0,0,1
A,108,.,.,.,LEU,CA,A,108,.,.,.,LEU,CG,763,767,2.24189,0,2.60845,0,0,0
A,108,.,.,.,LEU,CA,A,108,.,.,.,LEU,CD2,763,769,2.59447,0.195485,3.31814,0,0,0
A,108,.,.,.,LEU,CA,A,109,.,.,.,THR,N,763,770,0.95545,0,2.42383,0,1,0
A,108,.,.,.,LEU,CA,A,112,.,.,.,ALA,O,763,795,0.076932,0,3.49213,0.0547734,4,0
A,108,.,.,.,LEU,CA,A,247,.,.,.,LEU,O,763,1897,4.05952,0.020759,4.07927,-3.36536,5,0
A,108,.,.,.,LEU,CA,A,247,.,.,.,LEU,CB,763,1898,0.0456115,0,5.21918,0.0194556,5,0
A,108,.,.,.,LEU,C,A,108,.,.,.,LEU,O,764,765,10.6537,0,1.23282,0,0,1
A,108,.,.,.,LEU,C,A,108,.,.,.,LEU,CB,764,766,2.71217,0,2.49055,0,0,0
A,108,.,.,.,LEU,C,A,109,.,.,.,THR,N,764,770,6.59421,0,1.32284,0,1,1
A,108,.,.,.,LEU,C,A,109,.,.,.,THR,CA,764,771,1.77822,0,2.464,0,1,0
A,108,.,.,.,LEU,C,A,109,.,.,.,THR,CG2,764,776,2.17073,0,3.4525,0,1,0
A,108,.,.,.,LEU,O,A,108,.,.,.,LEU,CB,765,766,0.418917,1.22998,3.40504,0,0,0
A,108,.,.,.,LEU,O,A,109,.,.,.,THR,CA,765,771,7.10623,4.22142,2.83008,0,1,0
A,108,.,.,.,LEU,O,A,109,.,.,.,THR,CG2,765,776,4.92514,4.17302,3.66442,0,1,0
A,108,.,.,.,LEU,O,A,246,.,.,.,SER,CB,765,1892,2.9529,2.54203,5.5672,0.0320147,5,0
A,108,.,.,.,LEU,O,A,246,.,.,.,SER,OG,765,1893,0.191628,0.651162,5.56796,0.0757825,5,0
A,108,.,.,.,LEU,O,A,247,.,.,.,LEU,O,765,1897,5.28136,4.50263,4.31794,4.13268,5,0
A,108,.,.,.,LEU,CB,A,108,.,.,.,LEU,CG,766,767,7.80427,0,1.51803,0,0,1
A,108,.,.,.,LEU,CB,A,108,.,.,.,LEU,CD1,766,768,5.20844,0,2.41822,0,0,0
A,108,.,.,.,LEU,CB,A,108,.,.,.,LEU,CD2,766,769,5.63428,1.9677,2.52386,0,0,0
A,108,.,.,.,LEU,CB,A,109,.,.,.,THR,N,766,770,2.58745,0,2.95151,0,1,0
A,108,.,.,.,LEU,CB,A,109,.,.,.,THR,CG2,766,776,5.11969,1.04718,4.26911,0,1,0
A,108,.,.,.,LEU,CB,A,112,.,.,.,ALA,C,766,794,0.666998,0,4.1499,-0.0150117,4,0
A,108,.,.,.,LEU,CB,A,112,.,.,.,ALA,O,766,795,2.10881,0,3.4837,0.297072,4,0
A,108,.,.,.,LEU,CB,A,112,.,.,.,ALA,CB,766,796,3.58609,0,4.28876,-4.08682,4,0
A,108,.,.,.,LEU,CB,A,113,.,.,.,ASP,CA,766,798,0.0573819,0,4.80362,0.0307384,5,0
A,108,.,.,.,LEU,CG,A,108,.,.,.,LEU,CD1,767,768,10.1945,0,1.50195,0,0,1
A,108,.,.,.,LEU,CG,A,108,.,.,.,LEU,CD2,767,769,11.508,0,1.53733,0,0,1
A,108,.,.,.,LEU,CG,A,112,.,.,.,ALA,C,767,794,0.0130213,0,4.72791,-0.00347408,4,0
A,108,.,.,.,LEU,CG,A,113,.,.,.,ASP,CA,767,798,2.19334,0,4.72184,2.2323,5,0
A,108,.,.,.,LEU,CG,A,113,.,.,.,ASP,C,767,799,0.0734229,0,4.87644,0.0205288,5,0
A,108,.,.,.,LEU,CG,A,114,.,.,.,VAL,CG2,767,811,6.50641,0,4.15383,-8.14296,5,0
A,108,.,.,.,LEU,CG,A,247,.,.,.,LEU,CB,767,1898,1.5725,0,4.88083,-1.95427,5,0
A,108,.,.,.,LEU,CG,A,247,.,.,.,LEU,CD1,767,1900,0.202355,0,5.46915,-0.334614,5,0
A,108,.,.,.,LEU,CG,A,252,.,.,.,LEU,CD1,767,1936,0.088373,0,4.70235,-0.146134,5,0
A,108,.,.,.,LEU,CD1,A,108,.,.,.,LEU,CD2,768,769,3.98824,0,2.49997,0,0,0
A,108,.,.,.,LEU,CD1,A,112,.,.,.,ALA,C,768,794,0.859509,0,4.53666,-0.423321,4,0
A,108,.,.,.,LEU,CD1,A,112,.,.,.,ALA,CB,768,796,4.65456,0,4.40564,-7.21857,4,0
A,108,.,.,.,LEU,CD1,A,113,.,.,.,ASP,N,768,797,0.958831,0,4.61328,1.01678,5,0
A,108,.,.,.,LEU,CD1,A,113,.,.,.,ASP,CA,768,798,1.1732,0,4.63985,0.230126,5,0
A,108,.,.,.,LEU,CD1,A,113,.,.,.,ASP,C,768,799,1.17788,0,4.53479,0.280697,5,0
A,108,.,.,.,LEU,CD1,A,113,.,.,.,ASP,O,768,800,0.962138,0,4.42785,0.226468,5,0
A,108,.,.,.,LEU,CD1,A,114,.,.,.,VAL,CG2,768,811,4.40051,0,4.0037,-8.53439,5,0
A,108,.,.,.,LEU,CD1,A,133,.,.,.,LEU,CG,768,971,5.97039,0,3.62226,-9.02567,5,0
A,108,.,.,.,LEU,CD1,A,133,.,.,.,LEU,CD1,768,972,6.98805,0,3.49823,-15.1155,5,0
A,108,.,.,.,LEU,CD1,A,133,.,.,.,LEU,CD2,768,973,1.72279,0,4.26888,-1.43757,5,0
A,108,.,.,.,LEU,CD1,A,249,.,.,.,LEU,CD1,768,1913,3.54113,0,4.48828,-7.65964,5,0
A,108,.,.,.,LEU,CD1,A,252,.,.,.,LEU,CD1,768,1936,2.84193,0,4.41681,-6.14724,5,0
A,108,.,.,.,LEU,CD2,A,114,.,.,.,VAL,CG2,769,811,0.447006,0,4.71815,-0.267786,5,0
A,108,.,.,.,LEU,CD2,A,247,.,.,.,LEU,C,769,1896,0.491868,0,4.28977,-0.374495,5,0
A,108,.,.,.,LEU,CD2,A,247,.,.,.,LEU,O,769,1897,5.95563,0.9931,3.68536,-2.92781,5,0
A,108,.,.,.,LEU,CD2,A,247,.,.,.,LEU,CB,769,1898,6.05767,0,4.16849,-10.0046,5,0
A,108,.,.,.,LEU,CD2,A,247,.,.,.,LEU,CD1,769,1900,1.76368,0,4.93549,-1.47169,5,0
A,108,.,.,.,LEU,CD2,A,248,.,.,.,ALA,C,769,1904,1.96533,0,4.25288,-0.608437,5,0
A,108,.,.,.,LEU,CD2,A,248,.,.,.,ALA,O,769,1905,1.55107,0,4.35181,0.356009,5,0
A,108,.,.,.,LEU,CD2,A,249,.,.,.,LEU,N,769,1907,3.16626,0.952983,4.12318,1.09726,5,0
A,108,.,.,.,LEU,CD2,A,249,.,.,.,LEU,CA,769,1908,4.46343,0,4.11292,-2.7134,5,0
A,108,.,.,.,LEU,CD2,A,249,.,.,.,LEU,CB,769,1911,1.67068,1.23232,4.68861,-1.6021,5,0
A,108,.,.,.,LEU,CD2,A,249,.,.,.,LEU,CD1,769,1913,5.91155,0,4.16087,-12.7215,5,0
A,108,.,.,.,LEU,CD2,A,252,.,.,.,LEU,CG,769,1935,0.134406,0,5.07535,-0.217439,5,0
A,108,.,.,.,LEU,CD2,A,252,.,.,.,LEU,CD1,769,1936,6.91063,0,4.14767,-14.8715,5,0
A,109,.,.,.,THR,N,A,109,.,.,.,THR,CA,770,771,6.56413,0,1.45101,0,0,1
A,109,.,.,.,THR,N,A,109,.,.,.,THR,C,770,772,0.521515,0,2.40872,0,0,0
A,109,.,.,.,THR,N,A,109,.,.,.,THR,O,770,773,2.25244,0,2.64054,0,0,0
A,109,.,.,.,THR,N,A,109,.,.,.,THR,CB,770,774,1.34794,0,2.4681,0,0,0
A,109,.,.,.,THR,N,A,109,.,.,.,THR,OG1,770,775,0.393372,0,3.00779,0,0,0
A,109,.,.,.,THR,N,A,109,.,.,.,THR,CG2,770,776,2.24602,0,2.84512,0,0,0
A,109,.,.,.,THR,N,A,112,.,.,.,ALA,N,770,792,0.18277,0,4.27581,0.407306,3,0
A,109,.,.,.,THR,N,A,112,.,.,.,ALA,CA,770,793,0.0188316,0,4.44551,0.0204865,3,0
A,109,.,.,.,THR,N,A,112,.,.,.,ALA,O,770,795,3.03696,0,3.14517,-2.16233,3,0
A,109,.,.,.,THR,N,A,112,.,.,.,ALA,CB,770,796,1.39147,0,4.2359,1.3124,3,0
A,109,.,.,.,THR,CA,A,109,.,.,.,THR,C,771,772,9.66402,1.33202,1.52303,0,0,1
A,109,.,.,.,THR,CA,A,109,.,.,.,THR,CB,771,774,10.866,2.38502,1.53098,0,0,1
A,109,.,.,.,THR,CA,A,109,.,.,.,THR,OG1,771,775,0.35154,0,2.41658,0,0,0
A,109,.,.,.,THR,CA,A,109,.,.,.,THR,CG2,771,776,2.1076,0.540085,2.52755,0,0,0
A,109,.,.,.,THR,CA,A,110,.,.,.,VAL,N,771,777,4.24672,2.78246,2.41721,0,1,0
A,109,.,.,.,THR,CA,A,112,.,.,.,ALA,N,771,792,0.00607854,0,4.3779,0.00520031,3,0
A,109,.,.,.,THR,C,A,109,.,.,.,THR,O,772,773,7.45318,0,1.23305,0,0,1
A,109,.,.,.,THR,C,A,109,.,.,.,THR,CB,772,774,0.768096,0,2.50065,0,0,0
A,109,.,.,.,THR,C,A,109,.,.,.,THR,OG1,772,775,1.25795,0,2.75189,0,0,0
A,109,.,.,.,THR,C,A,110,.,.,.,VAL,N,772,777,8.08818,1.41391,1.3321,0,1,1
A,109,.,.,.,THR,C,A,110,.,.,.,VAL,CA,772,778,1.85024,0,2.4144,0,1,0
A,109,.,.,.,THR,C,A,110,.,.,.,VAL,C,772,779,0.165285,0,3.01885,0,1,0
A,109,.,.,.,THR,C,A,111,.,.,.,ASN,N,772,784,1.22654,0,3.12356,1.41724,2,0
A,109,.,.,.,THR,C,A,112,.,.,.,ALA,N,772,792,0.564704,0,3.81179,1.0634,3,0
A,109,.,.,.,THR,O,A,110,.,.,.,VAL,CA,773,778,1.95292,0,2.73855,0,1,0
A,109,.,.,.,THR,O,A,110,.,.,.,VAL,C,773,779,3.16325,0,2.94249,0,1,0
A,109,.,.,.,THR,O,A,110,.,.,.,VAL,O,773,780,0.355317,0,3.61789,0,1,0
A,109,.,.,.,THR,O,A,111,.,.,.,ASN,N,773,784,0.48136,0,3.1751,0.247167,2,0
A,109,.,.,.,THR,O,A,112,.,.,.,ALA,N,773,792,3.67911,0,3.36139,-2.68676,3,0
A,109,.,.,.,THR,O,A,112,.,.,.,ALA,O,773,795,3.98685,0.110789,3.15892,3.38424,3,0
A,109,.,.,.,THR,O,A,136,.,.,.,TRP,CZ2,773,1002,0.263286,0.200184,5.5344,-0.0450294,5,0
A,109,.,.,.,THR,O,A,136,.,.,.,TRP,CH2,773,1004,0.212873,0.564586,5.61634,-0.0861135,5,0
A,109,.,.,.,THR,CB,A,109,.,.,.,THR,OG1,774,775,11.0539,0.725811,1.43455,0,0,1
A,109,.,.,.,THR,CB,A,109,.,.,.,THR,CG2,774,776,18.6291,7.22799,1.53401,0,0,1
A,109,.,.,.,THR,CB,A,110,.,.,.,VAL,N,774,777,6.85127,2.09661,2.89982,0,1,0
A,109,.,.,.,THR,CB,A,110,.,.,.,VAL,CG1,774,782,1.55978,1.92768,5.19727,0,1,0
A,109,.,.,.,THR,CB,A,111,.,.,.,ASN,N,774,784,0.00434109,0,4.14012,0.0021116,2,0
A,109,.,.,.,THR,CB,A,111,.,.,.,ASN,OD1,774,790,3.16573,2.79525,4.31637,-2.67917,2,0
A,109,.,.,.,THR,CB,A,112,.,.,.,ALA,CB,774,796,0.137731,0,4.36785,-0.0365567,3,0
A,109,.,.,.,THR,OG1,A,109,.,.,.,THR,CG2,775,776,2.36621,0,2.41924,0,0,0
A,109,.,.,.,THR,OG1,A,110,.,.,.,VAL,N,775,777,0.226243,0,3.13393,0,1,0
A,109,.,.,.,THR,OG1,A,111,.,.,.,ASN,N,775,784,2.3578,0,3.26011,0.200318,2,0
A,109,.,.,.,THR,OG1,A,111,.,.,.,ASN,C,775,786,0.976623,0,3.61144,0.152501,2,0
A,109,.,.,.,THR,OG1,A,111,.,.,.,ASN,OD1,775,790,7.30949,2.44839,3.28385,-4.93873,2,0
A,109,.,.,.,THR,OG1,A,112,.,.,.,ALA,N,775,792,2.7736,0,3.13557,0.699884,3,0
A,109,.,.,.,THR,OG1,A,112,.,.,.,ALA,CB,775,796,6.8096,0.403716,3.30275,-3.25884,3,0
A,109,.,.,.,THR,CG2,A,112,.,.,.,ALA,CB,776,796,2.51856,0,4.50282,1.19905,3,0
A,110,.,.,.,VAL,N,A,110,.,.,.,VAL,CA,777,778,8.04463,1.23247,1.45554,0,0,1
A,110,.,.,.,VAL,N,A,110,.,.,.,VAL,C,777,779,0.00849038,0,2.46921,0,0,0
A,110,.,.,.,VAL,N,A,110,.,.,.,VAL,CB,777,781,7.31815,4.46328,2.44139,0,0,0
A,110,.,.,.,VAL,N,A,110,.,.,.,VAL,CG1,777,782,2.80013,0.413773,3.16451,0,0,0
A,110,.,.,.,VAL,N,A,111,.,.,.,ASN,N,777,784,1.94611,0,2.77181,0,1,0
A,110,.,.,.,VAL,N,A,111,.,.,.,ASN,OD1,777,790,0.0566382,0,4.36212,0,1,0
A,110,.,.,.,VAL,CA,A,110,.,.,.,VAL,C,778,779,6.82129,0,1.52943,0,0,1
A,110,.,.,.,VAL,CA,A,110,.,.,.,VAL,O,778,780,2.38847,0,2.3937,0,0,0
A,110,.,.,.,VAL,CA,A,110,.,.,.,VAL,CB,778,781,9.08151,1.43319,1.5452,0,0,1
A,110,.,.,.,VAL,CA,A,110,.,.,.,VAL,CG1,778,782,0.671547,0,2.55597,0,0,0
A,110,.,.,.,VAL,CA,A,110,.,.,.,VAL,CG2,778,783,5.4551,1.12857,2.50701,0,0,0
A,110,.,.,.,VAL,CA,A,111,.,.,.,ASN,N,778,784,0.59675,0,2.46929,0,1,0
A,110,.,.,.,VAL,CA,A,239,.,.,.,PRO,CB,778,1839,0.371712,0,4.96142,0.206848,5,0
A,110,.,.,.,VAL,C,A,110,.,.,.,VAL,O,779,780,10.0306,0,1.23508,0,0,1
A,110,.,.,.,VAL,C,A,110,.,.,.,VAL,CB,779,781,0.925305,0,2.56331,0,0,0
A,110,.,.,.,VAL,C,A,110,.,.,.,VAL,CG1,779,782,2.84325,0,2.91965,0,0,0
A,110,.,.,.,VAL,C,A,110,.,.,.,VAL,CG2,779,783,0.284255,0,3.24444,0,0,0
A,110,.,.,.,VAL,C,A,111,.,.,.,ASN,N,779,784,6.64619,0,1.33788,0,1,1
A,110,.,.,.,VAL,C,A,111,.,.,.,ASN,CA,779,785,1.92921,0,2.45168,0,1,0
A,110,.,.,.,VAL,C,A,111,.,.,.,ASN,CB,779,788,0.661509,0,3.43355,0,1,0
A,110,.,.,.,VAL,C,A,112,.,.,.,ALA,N,779,792,0.409484,0,3.7096,0.761722,2,0
A,110,.,.,.,VAL,C,A,136,.,.,.,TRP,CZ2,779,1002,0.06843,0,4.60329,-0.0380898,5,0
A,110,.,.,.,VAL,O,A,110,.,.,.,VAL,CG1,780,782,0.62656,0.704237,3.6587,0,0,0
A,110,.,.,.,VAL,O,A,110,.,.,.,VAL,CG2,780,783,3.72763,0.574448,3.36038,0,0,0
A,110,.,.,.,VAL,O,A,111,.,.,.,ASN,CA,780,785,3.79236,0,2.7703,0,1,0
A,110,.,.,.,VAL,O,A,111,.,.,.,ASN,CB,780,788,1.4397,1.21217,3.72046,0,1,0
A,110,.,.,.,VAL,O,A,136,.,.,.,TRP,NE1,780,999,3.40903,2.93534,4.27846,0.100501,5,0
A,110,.,.,.,VAL,O,A,136,.,.,.,TRP,CZ2,780,1002,7.90121,4.0433,3.91462,-2.84758,5,0
A,110,.,.,.,VAL,O,A,239,.,.,.,PRO,CB,780,1839,8.92636,5.31783,4.17516,0.772379,5,0
A,110,.,.,.,VAL,O,A,239,.,.,.,PRO,CG,780,1840,0.4841,1.14983,4.87878,0.0753976,5,0
A,110,.,.,.,VAL,CB,A,110,.,.,.,VAL,CG1,781,782,14.7088,4.62656,1.53458,0,0,1
A,110,.,.,.,VAL,CB,A,110,.,.,.,VAL,CG2,781,783,16.2913,6.05462,1.49906,0,0,1
A,110,.,.,.,VAL,CG1,A,110,.,.,.,VAL,CG2,782,783,9.60137,6.5174,2.50886,0,0,0
A,110,.,.,.,VAL,CG1,A,111,.,.,.,ASN,N,782,784,2.53053,0,3.24892,0,1,0
A,110,.,.,.,VAL,CG1,A,111,.,.,.,ASN,CB,782,788,4.846,3.08976,4.37057,0,1,0
A,110,.,.,.,VAL,CG1,A,111,.,.,.,ASN,CG,782,789,2.08761,1.82547,4.4144,0,1,0
A,110,.,.,.,VAL,CG1,A,111,.,.,.,ASN,OD1,782,790,7.35248,3.637,3.83584,0,1,0
A,110,.,.,.,VAL,CG2,A,239,.,.,.,PRO,CB,783,1839,11.1816,3.86059,3.43534,-8.61768,5,0
A,110,.,.,.,VAL,CG2,A,239,.,.,.,PRO,CG,783,1840,13.7469,8.76299,3.54421,-10.9318,5,0
A,111,.,.,.,ASN,N,A,111,.,.,.,ASN,CA,784,785,6.45508,0,1.46237,0,0,1
A,111,.,.,.,ASN,N,A,111,.,.,.,ASN,C,784,786,0.297496,0,2.48035,0,0,0
A,111,.,.,.,ASN,N,A,111,.,.,.,ASN,CB,784,788,1.58398,0,2.47183,0,0,0
A,111,.,.,.,ASN,N,A,111,.,.,.,ASN,CG,784,789,0.019119,0,3.01285,0,0,0
A,111,.,.,.,ASN,N,A,111,.,.,.,ASN,OD1,784,790,3.22799,0,2.77343,0,0,0
A,111,.,.,.,ASN,N,A,112,.,.,.,ALA,N,784,792,2.14411,0,2.8131,0,1,0
A,111,.,.,.,ASN,CA,A,111,.,.,.,ASN,C,785,786,7.40889,0,1.53244,0,0,1
A,111,.,.,.,ASN,CA,A,111,.,.,.,ASN,O,785,787,0.10225,0,2.40551,0,0,0
A,111,.,.,.,ASN,CA,A,111,.,.,.,ASN,CB,785,788,9.29276,0,1.53351,0,0,1
A,111,.,.,.,ASN,CA,A,111,.,.,.,ASN,CG,785,789,0.688924,0,2.55147,0,0,0
A,111,.,.,.,ASN,CA,A,111,.,.,.,ASN,OD1,785,790,0.324864,0,2.90165,0,0,0
A,111,.,.,.,ASN,CA,A,112,.,.,.,ALA,N,785,792,1.73534,0,2.46537,0,1,0
A,111,.,.,.,ASN,CA,A,136,.,.,.,TRP,CD2,785,998,0.0869736,0,4.1442,-0.0721248,5,0
A,111,.,.,.,ASN,CA,A,136,.,.,.,TRP,NE1,785,999,1.7434,0,3.64988,-0.346705,5,0
A,111,.,.,.,ASN,CA,A,136,.,.,.,TRP,CE2,785,1000,1.9246,0,3.50791,-0.4807,5,0
A,111,.,.,.,ASN,CA,A,136,.,.,.,TRP,CZ2,785,1002,3.37597,0,3.5916,-1.536,5,0
A,111,.,.,.,ASN,C,A,111,.,.,.,ASN,O,786,787,7.47895,0,1.22993,0,0,1
A,111,.,.,.,ASN,C,A,111,.,.,.,ASN,CB,786,788,0.436124,0,2.51821,0,0,0
A,111,.,.,.,ASN,C,A,111,.,.,.,ASN,CG,786,789,1.79309,0,3.05209,0,0,0
A,111,.,.,.,ASN,C,A,111,.,.,.,ASN,OD1,786,790,0.592218,0,3.34996,0,0,0
A,111,.,.,.,ASN,C,A,112,.,.,.,ALA,N,786,792,6.92349,0,1.33647,0,1,1
A,111,.,.,.,ASN,C,A,112,.,.,.,ALA,CA,786,793,1.32758,0,2.43364,0,1,0
A,111,.,.,.,ASN,C,A,112,.,.,.,ALA,CB,786,796,1.3575,0,3.27139,0,1,0
A,111,.,.,.,ASN,C,A,135,.,.,.,SER,OG,786,990,0.0158761,0,3.70362,0.00242818,5,0
A,111,.,.,.,ASN,C,A,136,.,.,.,TRP,CD2,786,998,0.415009,0,3.92681,0.158421,5,0
A,111,.,.,.,ASN,C,A,136,.,.,.,TRP,CE2,786,1000,0.389527,0,3.69623,0.107412,5,0
A,111,.,.,.,ASN,C,A,136,.,.,.,TRP,CE3,786,1001,0.0885423,0,4.09147,-0.0189202,5,0
A,111,.,.,.,ASN,C,A,136,.,.,.,TRP,CZ2,786,1002,0.959149,0,3.66443,-0.255994,5,0
A,111,.,.,.,ASN,C,A,136,.,.,.,TRP,CZ3,786,1003,0.522001,0,4.01869,-0.162892,5,0
A,111,.,.,.,ASN,C,A,136,.,.,.,TRP,CH2,786,1004,0.719434,0,3.81242,-0.254767,5,0
A,111,.,.,.,ASN,O,A,111,.,.,.,ASN,CB,787,788,2.63075,0,2.7666,0,0,0
A,111,.,.,.,ASN,O,A,111,.,.,.,ASN,CG,787,789,1.67046,0,3.10714,0,0,0
A,111,.,.,.,ASN,O,A,111,.,.,.,ASN,ND2,787,791,0.499516,0,3.53149,0,0,0
A,111,.,.,.,ASN,O,A,112,.,.,.,ALA,CA,787,793,2.36469,0,2.72371,0,1,0
A,111,.,.,.,ASN,O,A,112,.,.,.,ALA,CB,787,796,0.795031,0,3.35214,0,1,0
A,111,.,.,.,ASN,O,A,135,.,.,.,SER,CA,787,986,2.52806,0,3.27395,-0.606974,5,0
A,111,.,.,.,ASN,O,A,135,.,.,.,SER,CB,787,989,0.151327,0,3.44764,-0.0105344,5,0
A,111,.,.,.,ASN,O,A,135,.,.,.,SER,OG,787,990,5.03169,0,2.64179,0.551036,5,0
A,111,.,.,.,ASN,O,A,136,.,.,.,TRP,N,787,991,3.18853,0,3.18848,-2.38036,5,0
A,111,.,.,.,ASN,O,A,136,.,.,.,TRP,O,787,994,0.191886,0,3.88451,0.167897,5,0
A,111,.,.,.,ASN,O,A,136,.,.,.,TRP,CG,787,996,0.00693335,0,4.09112,0.000494166,5,0
A,111,.,.,.,ASN,O,A,136,.,.,.,TRP,CD2,787,998,1.60548,0,3.5609,2.41633,5,0
A,111,.,.,.,ASN,O,A,136,.,.,.,TRP,CE3,787,1001,1.30038,0,3.62906,0.355118,5,0
A,111,.,.,.,ASN,O,A,136,.,.,.,TRP,CZ3,787,1003,0.234462,0,3.88439,0.0106231,5,0
A,111,.,.,.,ASN,CB,A,111,.,.,.,ASN,CG,788,789,11.5033,1.87732,1.52572,0,0,1
A,111,.,.,.,ASN,CB,A,111,.,.,.,ASN,OD1,788,790,0.0532788,0,2.40237,0,0,0
A,111,.,.,.,ASN,CB,A,111,.,.,.,ASN,ND2,788,791,2.8743,1.01667,2.43175,0,0,0
A,111,.,.,.,ASN,CB,A,136,.,.,.,TRP,N,788,991,0.0835621,0,4.58671,0.0649806,5,0
A,111,.,.,.,ASN,CB,A,136,.,.,.,TRP,O,788,994,5.72819,0.426902,3.36962,-2.10655,5,0
A,111,.,.,.,ASN,CB,A,136,.,.,.,TRP,CG,788,996,0.309651,0,4.32359,-0.499619,5,0
A,111,.,.,.,ASN,CB,A,136,.,.,.,TRP,CD1,788,997,5.30237,1.87759,3.90492,-2.11165,5,0
A,111,.,.,.,ASN,CB,A,136,.,.,.,TRP,CD2,788,998,0.342452,0,4.36202,-0.455499,5,0
A,111,.,.,.,ASN,CB,A,136,.,.,.,TRP,NE1,788,999,4.07237,1.56832,3.67171,-1.69812,5,0
A,111,.,.,.,ASN,CB,A,136,.,.,.,TRP,CE2,788,1000,0.149763,0,3.96029,-0.195719,5,0
A,111,.,.,.,ASN,CB,A,138,.,.,.,PRO,CD,788,1019,0.305472,1.27365,6.41744,0.0722396,5,0
A,111,.,.,.,ASN,CG,A,111,.,.,.,ASN,OD1,789,790,14.5805,2.49344,1.22754,0,0,1
A,111,.,.,.,ASN,CG,A,111,.,.,.,ASN,ND2,789,791,15.6677,4.09661,1.33176,0,0,1
A,111,.,.,.,ASN,CG,A,112,.,.,.,ALA,CB,789,796,0.08735,0,5.31856,0,1,0
A,111,.,.,.,ASN,CG,A,135,.,.,.,SER,OG,789,990,1.65644,0.356523,4.22268,0.475384,5,0
A,111,.,.,.,ASN,OD1,A,111,.,.,.,ASN,ND2,790,791,3.21369,4.35682,2.24314,0,0,0
A,111,.,.,.,ASN,OD1,A,112,.,.,.,ALA,CB,790,796,0.18969,0.157948,5.1018,0,1,0
A,111,.,.,.,ASN,OD1,A,135,.,.,.,SER,OG,790,990,0.118115,0.585082,4.70206,-0.0353595,5,0
A,111,.,.,.,ASN,ND2,A,135,.,.,.,SER,OG,791,990,5.10616,1.3895,3.8736,-3.71305,5,0
A,111,.,.,.,ASN,ND2,A,136,.,.,.,TRP,N,791,991,0.00538589,0,4.50041,0.0027425,5,0
A,111,.,.,.,ASN,ND2,A,136,.,.,.,TRP,O,791,994,7.50724,0.0405397,2.80732,-4.80925,5,0
A,111,.,.,.,ASN,ND2,A,137,.,.,.,LEU,CB,791,1009,0.575466,0,4.7827,0.164668,5,0
A,111,.,.,.,ASN,ND2,A,137,.,.,.,LEU,CD1,791,1011,10.9468,6.91181,4.34024,1.00719,5,0
A,112,.,.,.,ALA,N,A,112,.,.,.,ALA,CA,792,793,6.90339,0,1.46465,0,0,1
A,112,.,.,.,ALA,N,A,112,.,.,.,ALA,C,792,794,1.76398,0,2.43761,0,0,0
A,112,.,.,.,ALA,N,A,112,.,.,.,ALA,O,792,795,1.7033,0,2.81482,0,0,0
A,112,.,.,.,ALA,N,A,112,.,.,.,ALA,CB,792,796,1.566,0,2.48445,0,0,0
A,112,.,.,.,ALA,N,A,136,.,.,.,TRP,CZ2,792,1002,0.961097,0,3.96925,-0.0617328,5,0
A,112,.,.,.,ALA,N,A,136,.,.,.,TRP,CH2,792,1004,2.4872,0,3.78887,0.104429,5,0
A,112,.,.,.,ALA,CA,A,112,.,.,.,ALA,C,793,794,6.5214,0,1.51888,0,0,1
A,112,.,.,.,ALA,CA,A,112,.,.,.,ALA,O,793,795,0.676491,0,2.38289,0,0,0
A,112,.,.,.,ALA,CA,A,112,.,.,.,ALA,CB,793,796,9.4058,0,1.53061,0,0,1
A,112,.,.,.,ALA,CA,A,113,.,.,.,ASP,N,793,797,2.19904,0,2.43455,0,1,0
A,112,.,.,.,ALA,CA,A,134,.,.,.,ARG,O,793,977,3.3496,0,3.19645,-0.823371,5,0
A,112,.,.,.,ALA,CA,A,135,.,.,.,SER,CA,793,986,1.26619,0,4.19152,0.594138,5,0
A,112,.,.,.,ALA,CA,A,135,.,.,.,SER,CB,793,989,0.299668,0,4.26701,0.0344561,5,0
A,112,.,.,.,ALA,CA,A,136,.,.,.,TRP,CZ3,793,1003,2.20022,0,4.00184,-1.79327,5,0
A,112,.,.,.,ALA,CA,A,136,.,.,.,TRP,CH2,793,1004,0.812357,0,4.04156,-0.659521,5,0
A,112,.,.,.,ALA,C,A,112,.,.,.,ALA,O,794,795,8.45933,0,1.23132,0,0,1
A,112,.,.,.,ALA,C,A,112,.,.,.,ALA,CB,794,796,2.84938,0,2.48964,0,0,0
A,112,.,.,.,ALA,C,A,113,.,.,.,ASP,N,794,797,7.42681,0,1.33295,0,1,1
A,112,.,.,.,ALA,C,A,113,.,.,.,ASP,CA,794,798,1.69137,0,2.41621,0,1,0
A,112,.,.,.,ALA,C,A,113,.,.,.,ASP,CB,794,801,1.46793,0,3.2593,0,1,0
A,112,.,.,.,ALA,C,A,136,.,.,.,TRP,CH2,794,1004,2.06369,0,4.04447,-0.9538,5,0
A,112,.,.,.,ALA,O,A,112,.,.,.,ALA,CB,795,796,0.825536,0,3.07013,0,0,0
A,112,.,.,.,ALA,O,A,113,.,.,.,ASP,CA,795,798,2.37339,0,2.74769,0,1,0
A,112,.,.,.,ALA,O,A,113,.,.,.,ASP,CB,795,801,2.06718,0.115768,3.42947,0,1,0
A,112,.,.,.,ALA,O,A,136,.,.,.,TRP,CH2,795,1004,0.167838,0.347088,4.67936,-0.0558032,5,0
A,112,.,.,.,ALA,CB,A,113,.,.,.,ASP,N,796,797,0.980688,0,3.35507,0,1,0
A,112,.,.,.,ALA,CB,A,133,.,.,.,LEU,CD2,796,973,5.34609,0,4.57154,-8.27473,5,0
A,112,.,.,.,ALA,CB,A,134,.,.,.,ARG,O,796,977,1.83881,0,3.67999,0.613697,5,0
A,112,.,.,.,ALA,CB,A,135,.,.,.,SER,CB,796,989,4.26849,0,3.9915,-2.33128,5,0
A,112,.,.,.,ALA,CB,A,135,.,.,.,SER,OG,796,990,4.84355,0.559051,3.70934,-1.56857,5,0
A,113,.,.,.,ASP,N,A,113,.,.,.,ASP,CA,797,798,6.91234,0,1.45303,0,0,1
A,113,.,.,.,ASP,N,A,113,.,.,.,ASP,C,797,799,0.434345,0,2.44069,0,0,0
A,113,.,.,.,ASP,N,A,113,.,.,.,ASP,O,797,800,3.00361,0,2.6947,0,0,0
A,113,.,.,.,ASP,N,A,113,.,.,.,ASP,CB,797,801,1.46797,0,2.46479,0,0,0
A,113,.,.,.,ASP,N,A,113,.,.,.,ASP,CG,797,802,0.730444,0,3.02785,0,0,0
A,113,.,.,.,ASP,N,A,113,.,.,.,ASP,OD1,797,803,1.61148,0,2.97614,0,0,0
A,113,.,.,.,ASP,N,A,133,.,.,.,LEU,CG,797,971,0.0246892,0,5.37168,0.0294809,5,0
A,113,.,.,.,ASP,N,A,133,.,.,.,LEU,CD2,797,973,0.246668,0,5.20364,0.228536,5,0
A,113,.,.,.,ASP,N,A,134,.,.,.,ARG,O,797,977,4.665,0,2.89153,-3.77321,5,0
A,113,.,.,.,ASP,N,A,136,.,.,.,TRP,CZ3,797,1003,1.67023,0,3.87047,0.470521,5,0
A,113,.,.,.,ASP,N,A,136,.,.,.,TRP,CH2,797,1004,0.756004,0,3.96524,0.361987,5,0
A,113,.,.,.,ASP,CA,A,113,.,.,.,ASP,C,798,799,8.21121,0,1.52679,0,0,1
A,113,.,.,.,ASP,CA,A,113,.,.,.,ASP,CB,798,801,8.12415,0,1.53828,0,0,1
A,113,.,.,.,ASP,CA,A,113,.,.,.,ASP,CG,798,802,0.226878,0,2.55005,0,0,0
A,113,.,.,.,ASP,CA,A,113,.,.,.,ASP,OD1,798,803,0.711088,0,2.76682,0,0,0
A,113,.,.,.,ASP,CA,A,114,.,.,.,VAL,N,798,805,1.91077,0,2.40913,0,1,0
A,113,.,.,.,ASP,CA,A,114,.,.,.,VAL,CG2,798,811,0.229754,0,4.4747,0,1,0
A,113,.,.,.,ASP,C,A,113,.,.,.,ASP,O,799,800,8.45353,0,1.23478,0,0,1
A,113,.,.,.,ASP,C,A,113,.,.,.,ASP,CB,799,801,0.48959,0,2.55283,0,0,0
A,113,.,.,.,ASP,C,A,113,.,.,.,ASP,CG,799,802,0.214896,0,3.07141,0,0,0
A,113,.,.,.,ASP,C,A,113,.,.,.,ASP,OD1,799,803,3.04856,0,2.80178,0,0,0
A,113,.,.,.,ASP,C,A,114,.,.,.,VAL,N,799,805,6.81207,0,1.32862,0,1,1
A,113,.,.,.,ASP,C,A,114,.,.,.,VAL,CA,799,806,1.78994,0,2.45893,0,1,0
A,113,.,.,.,ASP,C,A,114,.,.,.,VAL,CG2,799,811,2.38211,0,3.42297,0,1,0
A,113,.,.,.,ASP,O,A,113,.,.,.,ASP,OD1,800,803,1.66436,0,3.08056,0,0,0
A,113,.,.,.,ASP,O,A,114,.,.,.,VAL,CA,800,806,3.53584,0,2.82473,0,1,0
A,113,.,.,.,ASP,O,A,114,.,.,.,VAL,CG2,800,811,1.31567,0,3.64045,0,1,0
A,113,.,.,.,ASP,O,A,132,.,.,.,THR,O,800,962,0.359608,0,3.96701,0.359914,5,0
A,113,.,.,.,ASP,O,A,133,.,.,.,LEU,CA,800,967,3.07799,0,3.4237,0.894057,5,0
A,113,.,.,.,ASP,O,A,133,.,.,.,LEU,CG,800,971,3.38889,0,3.89484,2.74275,5,0
A,113,.,.,.,ASP,O,A,133,.,.,.,LEU,CD2,800,973,0.4463,0,4.28257,0.396062,5,0
A,113,.,.,.,ASP,O,A,134,.,.,.,ARG,N,800,974,5.8952,0,2.85092,-4.35966,5,0
A,113,.,.,.,ASP,O,A,134,.,.,.,ARG,CA,800,975,0.00946256,0,3.82426,0.00647818,5,0
A,113,.,.,.,ASP,O,A,134,.,.,.,ARG,O,800,977,1.76343,0,3.30064,2.0846,5,0
A,113,.,.,.,ASP,O,A,134,.,.,.,ARG,CB,800,978,0.728926,0,4.14929,-0.0493664,5,0
A,113,.,.,.,ASP,CB,A,113,.,.,.,ASP,CG,801,802,10.1804,0,1.51012,0,0,1
A,113,.,.,.,ASP,CB,A,113,.,.,.,ASP,OD2,801,804,4.14951,0.70638,2.36761,0,0,0
A,113,.,.,.,ASP,CB,A,114,.,.,.,VAL,N,801,805,2.65378,0,2.9413,0,1,0
A,113,.,.,.,ASP,CB,A,114,.,.,.,VAL,O,801,808,0.653965,0,4.52416,0,1,0
A,113,.,.,.,ASP,CB,A,136,.,.,.,TRP,CH2,801,1004,4.01036,2.09996,4.12131,-2.08904,5,0
A,113,.,.,.,ASP,CB,A,244,.,.,.,LEU,CD1,801,1879,5.44794,0.811536,4.7099,-2.68432,5,0
A,113,.,.,.,ASP,CG,A,113,.,.,.,ASP,OD1,802,803,8.92909,0,1.24552,0,0,1
A,113,.,.,.,ASP,CG,A,113,.,.,.,ASP,OD2,802,804,8.8093,0,1.25095,0,0,1
A,113,.,.,.,ASP,CG,A,114,.,.,.,VAL,N,802,805,0.83608,0,3.50791,0,1,0
A,113,.,.,.,ASP,CG,A,114,.,.,.,VAL,C,802,807,0.681788,0,4.70022,0,1,0
A,113,.,.,.,ASP,CG,A,114,.,.,.,VAL,O,802,808,0.441047,0,4.64064,0,1,0
A,113,.,.,.,ASP,CG,A,134,.,.,.,ARG,CZ,802,982,0.00561821,0,3.84467,-0.00857306,5,0
A,113,.,.,.,ASP,CG,A,134,.,.,.,ARG,NH1,802,983,0.750553,0,3.50967,-1.77671,5,0
A,113,.,.,.,ASP,CG,A,134,.,.,.,ARG,NH2,802,984,0.237372,0,3.9186,-0.561906,5,0
A,113,.,.,.,ASP,CG,A,136,.,.,.,TRP,CZ3,802,1003,1.57103,0,3.64402,-0.0680891,5,0
A,113,.,.,.,ASP,CG,A,136,.,.,.,TRP,CH2,802,1004,2.14671,0,3.55589,-0.907756,5,0
A,113,.,.,.,ASP,OD1,A,114,.,.,.,VAL,N,803,805,0.40372,0,3.43352,0,1,0
A,113,.,.,.,ASP,OD1,A,114,.,.,.,VAL,CA,803,806,0.425363,0,4.32137,0,1,0
A,113,.,.,.,ASP,OD1,A,114,.,.,.,VAL,C,803,807,0.937791,0,4.48687,0,1,0
A,113,.,.,.,ASP,OD1,A,115,.,.,.,GLY,N,803,812,0.0411577,0,4.94491,0.00288352,2,0
A,113,.,.,.,ASP,OD1,A,134,.,.,.,ARG,O,803,977,0.879744,0,3.72855,1.03015,5,0
A,113,.,.,.,ASP,OD1,A,134,.,.,.,ARG,CB,803,978,4.76729,0,3.56479,-2.09091,5,0
A,113,.,.,.,ASP,OD1,A,134,.,.,.,ARG,CZ,803,982,2.6431,0,3.21645,1.21892,5,0
A,113,.,.,.,ASP,OD1,A,134,.,.,.,ARG,NH1,803,983,0.164615,0,3.33076,-0.144279,5,0
A,113,.,.,.,ASP,OD1,A,134,.,.,.,ARG,NH2,803,984,4.66023,0,3.13193,-7.62824,5,0
A,113,.,.,.,ASP,OD1,A,136,.,.,.,TRP,CZ3,803,1003,2.82358,0,3.45053,1.62856,5,0
A,113,.,.,.,ASP,OD2,A,134,.,.,.,ARG,NH1,804,983,6.01616,0.85089,2.89745,-9.84773,5,0
A,113,.,.,.,ASP,OD2,A,136,.,.,.,TRP,CZ3,804,1003,0.200883,0,3.79116,0.0562421,5,0
A,113,.,.,.,ASP,OD2,A,136,.,.,.,TRP,CH2,804,1004,6.87631,3.59482,3.46244,2.2968,5,0
A,113,.,.,.,ASP,OD2,A,244,.,.,.,LEU,CD1,804,1879,4.83791,2.36539,4.30347,3.78023,5,0
A,114,.,.,.,VAL,N,A,114,.,.,.,VAL,CA,805,806,6.4874,0,1.45474,0,0,1
A,114,.,.,.,VAL,N,A,114,.,.,.,VAL,C,805,807,1.86852,0,2.4012,0,0,0
A,114,.,.,.,VAL,N,A,114,.,.,.,VAL,O,805,808,1.93012,0,2.77393,0,0,0
A,114,.,.,.,VAL,N,A,114,.,.,.,VAL,CB,805,809,1.49205,0,2.48413,0,0,0
A,114,.,.,.,VAL,N,A,114,.,.,.,VAL,CG2,805,811,2.5982,0,2.86539,0,0,0
A,114,.,.,.,VAL,CA,A,114,.,.,.,VAL,C,806,807,6.74274,0,1.52017,0,0,1
A,114,.,.,.,VAL,CA,A,114,.,.,.,VAL,O,806,808,0.493997,0,2.39564,0,0,0
A,114,.,.,.,VAL,CA,A,114,.,.,.,VAL,CB,806,809,7.23041,0,1.5441,0,0,1
A,114,.,.,.,VAL,CA,A,114,.,.,.,VAL,CG1,806,810,1.53731,0,2.53346,0,0,0
A,114,.,.,.,VAL,CA,A,114,.,.,.,VAL,CG2,806,811,1.65418,0,2.50791,0,0,0
A,114,.,.,.,VAL,CA,A,115,.,.,.,GLY,N,806,812,3.00353,0,2.4315,0,1,0
A,114,.,.,.,VAL,CA,A,132,.,.,.,THR,O,806,962,4.07794,0,3.33334,-4.67618,5,0
A,114,.,.,.,VAL,CA,A,133,.,.,.,LEU,CA,806,967,0.943142,0,4.53528,0.114313,5,0
A,114,.,.,.,VAL,CA,A,134,.,.,.,ARG,CB,806,978,0.0766414,0,5.95195,0.0561684,5,0
A,114,.,.,.,VAL,CA,A,134,.,.,.,ARG,NH2,806,984,0.0101223,0,5.66139,0.00453667,5,0
A,114,.,.,.,VAL,C,A,114,.,.,.,VAL,O,807,808,8.15252,0,1.23614,0,0,1
A,114,.,.,.,VAL,C,A,114,.,.,.,VAL,CB,807,809,1.85599,0,2.5221,0,0,0
A,114,.,.,.,VAL,C,A,114,.,.,.,VAL,CG1,807,810,1.3367,0,3.05509,0,0,0
A,114,.,.,.,VAL,C,A,115,.,.,.,GLY,N,807,812,8.09683,0,1.33747,0,1,1
A,114,.,.,.,VAL,C,A,115,.,.,.,GLY,CA,807,813,2.39092,0,2.42541,0,1,0
A,114,.,.,.,VAL,C,A,134,.,.,.,ARG,NH2,807,984,0.283543,0,5.1526,0.0890583,5,0
A,114,.,.,.,VAL,O,A,114,.,.,.,VAL,CB,808,809,1.24153,0,3.1225,0,0,0
A,114,.,.,.,VAL,O,A,115,.,.,.,GLY,CA,808,813,2.42985,0,2.77187,0,1,0
A,114,.,.,.,VAL,CB,A,114,.,.,.,VAL,CG1,809,810,11.573,0,1.5401,0,0,1
A,114,.,.,.,VAL,CB,A,114,.,.,.,VAL,CG2,809,811,11.3577,0,1.513,0,0,1
A,114,.,.,.,VAL,CB,A,132,.,.,.,THR,O,809,962,0.00165745,0,3.98318,-0.00145566,5,0
A,114,.,.,.,VAL,CB,A,133,.,.,.,LEU,CA,809,967,0.0677625,0,5.00895,0.00332747,5,0
A,114,.,.,.,VAL,CB,A,152,.,.,.,HIS,CD2,809,1130,0.53033,0,5.22251,-0.319057,5,0
A,114,.,.,.,VAL,CB,A,247,.,.,.,LEU,CD1,809,1900,2.78857,0,4.76938,-4.20756,5,0
A,114,.,.,.,VAL,CB,A,252,.,.,.,LEU,CD2,809,1937,1.211e-05,0,5.02433,-1.79677e-05,5,0
A,114,.,.,.,VAL,CG1,A,114,.,.,.,VAL,CG2,810,811,4.70325,0,2.51483,0,0,0
A,114,.,.,.,VAL,CG1,A,115,.,.,.,GLY,N,810,812,3.46527,0,3.34264,0,1,0
A,114,.,.,.,VAL,CG1,A,115,.,.,.,GLY,O,810,815,0.79718,0,4.5169,0,1,0
A,114,.,.,.,VAL,CG1,A,131,.,.,.,ILE,CG2,810,957,8.01406,0,4.02636,-14.7227,5,0
A,114,.,.,.,VAL,CG1,A,132,.,.,.,THR,N,810,959,0.442176,0,4.8484,0.261769,5,0
A,114,.,.,.,VAL,CG1,A,132,.,.,.,THR,C,810,961,0.854311,0,4.33275,-0.51566,5,0
A,114,.,.,.,VAL,CG1,A,132,.,.,.,THR,O,810,962,3.91183,0,3.54769,-0.973881,5,0
A,114,.,.,.,VAL,CG1,A,133,.,.,.,LEU,CA,810,967,0.606477,0,5.00384,0.0240789,5,0
A,114,.,.,.,VAL,CG1,A,150,.,.,.,VAL,CG1,810,1112,7.73907,0,4.01468,-14.6508,5,0
A,114,.,.,.,VAL,CG1,A,152,.,.,.,HIS,CB,810,1127,2.7881,0,5.00282,-2.74185,5,0
A,114,.,.,.,VAL,CG1,A,152,.,.,.,HIS,CD2,810,1130,3.92023,0,4.70641,-3.10146,5,0
A,114,.,.,.,VAL,CG1,A,247,.,.,.,LEU,CD1,810,1900,0.122404,0,5.23006,-0.0765161,5,0
A,114,.,.,.,VAL,CG1,A,252,.,.,.,LEU,CD1,810,1936,0.0547292,0,4.93511,-0.0342118,5,0
A,114,.,.,.,VAL,CG1,A,252,.,.,.,LEU,CD2,810,1937,4.31523,0,4.51756,-7.99616,5,0
A,114,.,.,.,VAL,CG2,A,133,.,.,.,LEU,CA,811,967,1.72766,0,4.73206,-0.612064,5,0
A,114,.,.,.,VAL,CG2,A,133,.,.,.,LEU,CB,811,970,1.54465,0,4.82667,-2.39618,5,0
A,114,.,.,.,VAL,CG2,A,133,.,.,.,LEU,CG,811,971,2.6881,0,4.73251,-3.36423,5,0
A,114,.,.,.,VAL,CG2,A,133,.,.,.,LEU,CD1,811,972,0.0030805,0,5.16919,-0.00170782,5,0
A,114,.,.,.,VAL,CG2,A,150,.,.,.,VAL,CG1,811,1112,0.848996,0,5.04574,-0.549941,5,0
A,114,.,.,.,VAL,CG2,A,247,.,.,.,LEU,CB,811,1898,0.0628644,0,5.59912,-0.0447849,5,0
A,114,.,.,.,VAL,CG2,A,247,.,.,.,LEU,CD1,811,1900,6.672,0,4.29796,-12.9397,5,0
A,114,.,.,.,VAL,CG2,A,252,.,.,.,LEU,CD1,811,1936,8.68828,0,3.7479,-16.8501,5,0
A,114,.,.,.,VAL,CG2,A,252,.,.,.,LEU,CD2,811,1937,1.5891,0,4.4613,-3.00037,5,0
A,115,.,.,.,GLY,N,A,115,.,.,.,GLY,CA,812,813,11.4793,0,1.44763,0,0,1
A,115,.,.,.,GLY,N,A,115,.,.,.,GLY,C,812,814,0.286098,0,2.46544,0,0,0
A,115,.,.,.,GLY,N,A,115,.,.,.,GLY,O,812,815,3.11988,0,2.75435,0,0,0
A,115,.,.,.,GLY,N,A,132,.,.,.,THR,O,812,962,6.66529,0,3.03906,-4.40775,5,0
A,115,.,.,.,GLY,N,A,132,.,.,.,THR,OG1,812,964,0.476095,0,4.71458,-0.0966686,5,0
A,115,.,.,.,GLY,N,A,134,.,.,.,ARG,CB,812,978,0.0954167,0,6.01978,0.0583404,5,0
A,115,.,.,.,GLY,N,A,134,.,.,.,ARG,NH2,812,984,2.60923,0,4.81171,0.482157,5,0
A,115,.,.,.,GLY,CA,A,115,.,.,.,GLY,C,813,814,11.6826,1.0771,1.51281,0,0,1
A,115,.,.,.,GLY,CA,A,115,.,.,.,GLY,O,813,815,0.117442,0,2.41597,0,0,0
A,115,.,.,.,GLY,CA,A,116,.,.,.,TYR,N,813,816,5.10803,1.81502,2.38908,0,1,0
A,115,.,.,.,GLY,CA,A,132,.,.,.,THR,OG1,813,964,1.98383,0.694087,4.9266,-0.127005,5,0
A,115,.,.,.,GLY,CA,A,134,.,.,.,ARG,NH2,813,984,5.51714,2.24899,4.75269,-1.56142,5,0
A,115,.,.,.,GLY,C,A,115,.,.,.,GLY,O,814,815,10.3196,0.0407731,1.24138,0,0,1
A,115,.,.,.,GLY,C,A,116,.,.,.,TYR,N,814,816,9.79648,1.74067,1.33698,0,1,1
A,115,.,.,.,GLY,C,A,116,.,.,.,TYR,CA,814,817,2.52944,0.31329,2.46584,0,1,0
A,115,.,.,.,GLY,C,A,116,.,.,.,TYR,C,814,818,0.117759,0.715431,3.54251,0,1,0
A,115,.,.,.,GLY,C,A,116,.,.,.,TYR,CB,814,820,0.0567625,0,3.46192,0,1,0
A,115,.,.,.,GLY,C,A,132,.,.,.,THR,OG1,814,964,2.77187,2.45799,4.53231,-1.38601,5,0
A,115,.,.,.,GLY,O,A,116,.,.,.,TYR,CA,815,817,4.09614,0.5299,2.86093,0,1,0
A,115,.,.,.,GLY,O,A,130,.,.,.,VAL,O,815,947,1.21058,0.196699,3.93441,0.507863,5,0
A,115,.,.,.,GLY,O,A,131,.,.,.,ILE,CA,815,952,4.10503,0,3.40131,-2.19408,5,0
A,115,.,.,.,GLY,O,A,131,.,.,.,ILE,CG2,815,957,3.01942,0,3.89479,-0.486099,5,0
A,115,.,.,.,GLY,O,A,131,.,.,.,ILE,CD1,815,958,1.21561,0,4.30112,-0.0775764,5,0
A,115,.,.,.,GLY,O,A,132,.,.,.,THR,N,815,959,5.60574,0,3.07483,-4.50816,5,0
A,115,.,.,.,GLY,O,A,132,.,.,.,THR,O,815,962,0.853973,0,3.68876,0.652162,5,0
A,115,.,.,.,GLY,O,A,132,.,.,.,THR,OG1,815,964,2.86425,0.65292,3.94532,-0.305567,5,0
A,116,.,.,.,TYR,N,A,116,.,.,.,TYR,CA,816,817,7.29362,0,1.44956,0,0,1
A,116,.,.,.,TYR,N,A,116,.,.,.,TYR,C,816,818,2.79179,1.38631,2.41319,0,0,0
A,116,.,.,.,TYR,N,A,116,.,.,.,TYR,O,816,819,3.89016,2.01601,2.75015,0,0,0
A,116,.,.,.,TYR,N,A,116,.,.,.,TYR,CB,816,820,2.56966,0,2.46264,0,0,0
A,116,.,.,.,TYR,CA,A,116,.,.,.,TYR,C,817,818,7.74616,0.520976,1.51536,0,0,1
A,116,.,.,.,TYR,CA,A,116,.,.,.,TYR,O,817,819,0.531727,0,2.38933,0,0,0
A,116,.,.,.,TYR,CA,A,116,.,.,.,TYR,CB,817,820,8.87874,0,1.53397,0,0,1
A,116,.,.,.,TYR,CA,A,116,.,.,.,TYR,CG,817,821,0.74642,0,2.53,0,0,0
A,116,.,.,.,TYR,CA,A,116,.,.,.,TYR,CD1,817,822,1.27336,0,3.31304,0,0,0
A,116,.,.,.,TYR,CA,A,117,.,.,.,TYR,N,817,828,2.89212,0.303782,2.42028,0,1,0
A,116,.,.,.,TYR,CA,A,130,.,.,.,VAL,O,817,947,4.27345,0.175366,3.55694,-5.19938,5,0
A,116,.,.,.,TYR,CA,A,131,.,.,.,ILE,CA,817,952,0.184968,0,4.83347,0.0112844,5,0
A,116,.,.,.,TYR,CA,A,131,.,.,.,ILE,CD1,817,958,1.60442,0,4.48461,-1.01632,5,0
A,116,.,.,.,TYR,C,A,116,.,.,.,TYR,O,818,819,8.97588,0.457005,1.23189,0,0,1
A,116,.,.,.,TYR,C,A,116,.,.,.,TYR,CB,818,820,1.44204,0,2.48342,0,0,0
A,116,.,.,.,TYR,C,A,116,.,.,.,TYR,CG,818,821,0.265873,0,2.9534,0,0,0
A,116,.,.,.,TYR,C,A,116,.,.,.,TYR,CD2,818,823,2.06225,0,3.25111,0,0,0
A,116,.,.,.,TYR,C,A,117,.,.,.,TYR,N,818,828,7.17824,0.121672,1.33404,0,1,1
A,116,.,.,.,TYR,C,A,117,.,.,.,TYR,CA,818,829,1.49275,0,2.43897,0,1,0
A,116,.,.,.,TYR,C,A,117,.,.,.,TYR,CB,818,832,3.41235,2.44637,3.2179,0,1,0
A,116,.,.,.,TYR,O,A,116,.,.,.,TYR,CB,819,820,0.948528,0,3.13163,0,0,0
A,116,.,.,.,TYR,O,A,116,.,.,.,TYR,CD2,819,823,0.498882,0,3.74666,0,0,0
A,116,.,.,.,TYR,O,A,117,.,.,.,TYR,CA,819,829,2.11386,0,2.77934,0,1,0
A,116,.,.,.,TYR,O,A,117,.,.,.,TYR,CB,819,832,2.15121,0.824796,3.38115,0,1,0
A,116,.,.,.,TYR,CB,A,116,.,.,.,TYR,CG,820,821,6.85993,0,1.50308,0,0,1
A,116,.,.,.,TYR,CB,A,116,.,.,.,TYR,CD1,820,822,3.42209,0,2.52028,0,0,0
A,116,.,.,.,TYR,CB,A,116,.,.,.,TYR,CD2,820,823,3.06367,0,2.51157,0,0,0
A,116,.,.,.,TYR,CB,A,131,.,.,.,ILE,CD1,820,958,1.86218,0,4.24241,-1.73877,5,0
A,116,.,.,.,TYR,CB,A,155,.,.,.,TYR,CD1,820,1155,0.334945,0,5.1023,-0.480147,5,0
A,116,.,.,.,TYR,CB,A,155,.,.,.,TYR,CE1,820,1157,1.02824,0,5.05501,-1.35685,5,0
A,116,.,.,.,TYR,CG,A,116,.,.,.,TYR,CD1,821,822,8.52727,0,1.39591,0,0,1
A,116,.,.,.,TYR,CG,A,116,.,.,.,TYR,CD2,821,823,7.40832,0,1.38237,0,0,1
A,116,.,.,.,TYR,CG,A,117,.,.,.,TYR,N,821,828,1.16286,0,3.17379,0,1,0
A,116,.,.,.,TYR,CG,A,155,.,.,.,TYR,CE1,821,1157,0.153742,0,5.08195,-0.334419,5,0
A,116,.,.,.,TYR,CD1,A,116,.,.,.,TYR,CD2,822,823,1.05907,0,2.38539,0,0,0
A,116,.,.,.,TYR,CD1,A,116,.,.,.,TYR,CE1,822,824,14.8497,0.0575577,1.37146,0,0,1
A,116,.,.,.,TYR,CD1,A,116,.,.,.,TYR,CE2,822,825,0.191376,0,2.73819,0,0,0
A,116,.,.,.,TYR,CD1,A,116,.,.,.,TYR,CZ,822,826,0.000987763,0,2.35955,0,0,0
A,116,.,.,.,TYR,CD1,A,117,.,.,.,TYR,N,822,828,1.31623,0,3.80922,0,1,0
A,116,.,.,.,TYR,CD1,A,130,.,.,.,VAL,C,822,946,0.0619469,0,4.59275,-0.0410231,5,0
A,116,.,.,.,TYR,CD1,A,130,.,.,.,VAL,O,822,947,3.6438,0,3.74732,-2.0137,5,0
A,116,.,.,.,TYR,CD1,A,131,.,.,.,ILE,CG1,822,956,0.012934,0,4.30858,-0.0167646,5,0
A,116,.,.,.,TYR,CD1,A,131,.,.,.,ILE,CD1,822,958,8.78822,0,3.28599,-13.4877,5,0
A,116,.,.,.,TYR,CD1,A,155,.,.,.,TYR,CD1,822,1155,4.7813,0,4.40325,-6.5752,5,0
A,116,.,.,.,TYR,CD1,A,155,.,.,.,TYR,CE1,822,1157,0.498998,0.0301081,4.91804,-0.65719,5,0
A,116,.,.,.,TYR,CD2,A,116,.,.,.,TYR,CE2,823,825,13.0832,0,1.36925,0,0,1
A,116,.,.,.,TYR,CD2,A,117,.,.,.,TYR,N,823,828,2.10135,0,3.32316,0,1,0
A,116,.,.,.,TYR,CD2,A,117,.,.,.,TYR,CA,823,829,1.37961,0,4.01457,0,1,0
A,116,.,.,.,TYR,CD2,A,117,.,.,.,TYR,C,823,830,0.218963,0,4.19352,0,1,0
A,116,.,.,.,TYR,CD2,A,118,.,.,.,SER,N,823,840,0.0881242,0,4.36559,0.0167188,2,0
A,116,.,.,.,TYR,CE1,A,116,.,.,.,TYR,CE2,824,825,0.0936552,0,2.39271,0,0,0
A,116,.,.,.,TYR,CE1,A,116,.,.,.,TYR,CZ,824,826,13.2243,2.30574,1.36646,0,0,1
A,116,.,.,.,TYR,CE1,A,116,.,.,.,TYR,OH,824,827,1.50917,0,2.35922,0,0,0
A,116,.,.,.,TYR,CE1,A,117,.,.,.,TYR,N,824,828,0.163676,0,4.45878,0,1,0
A,116,.,.,.,TYR,CE1,A,117,.,.,.,TYR,C,824,830,0.066386,0,4.93975,0,1,0
A,116,.,.,.,TYR,CE1,A,117,.,.,.,TYR,O,824,831,0.328894,0,4.80151,0,1,0
A,116,.,.,.,TYR,CE1,A,129,.,.,.,ASP,CB,824,940,3.83337,0,3.76006,-3.30013,5,0
A,116,.,.,.,TYR,CE1,A,129,.,.,.,ASP,CG,824,941,1.26826,0,3.88457,-1.84666,5,0
A,116,.,.,.,TYR,CE1,A,129,.,.,.,ASP,OD2,824,943,4.41828,0,3.34529,-2.92266,5,0
A,116,.,.,.,TYR,CE1,A,130,.,.,.,VAL,N,824,944,0.886712,0,4.85026,0.230305,5,0
A,116,.,.,.,TYR,CE1,A,130,.,.,.,VAL,C,824,946,0.532391,0,4.97334,-0.163559,5,0
A,116,.,.,.,TYR,CE1,A,130,.,.,.,VAL,O,824,947,0.613708,0,4.29294,0.154091,5,0
A,116,.,.,.,TYR,CE1,A,131,.,.,.,ILE,CG1,824,956,0.8391,0,4.82479,-0.982561,5,0
A,116,.,.,.,TYR,CE1,A,131,.,.,.,ILE,CD1,824,958,2.84041,0,4.0544,-2.99172,5,0
A,116,.,.,.,TYR,CE1,A,155,.,.,.,TYR,CB,824,1153,0.688449,0.861552,5.67586,-0.781768,5,0
A,116,.,.,.,TYR,CE1,A,155,.,.,.,TYR,CD1,824,1155,4.15627,3.83714,4.87136,-5.47389,5,0
A,116,.,.,.,TYR,CE1,A,155,.,.,.,TYR,CE1,824,1157,0.00228155,0.0820665,5.50897,-0.00306887,5,0
A,116,.,.,.,TYR,CE1,A,158,.,.,.,ARG,CD,824,1181,2.29148,2.60582,5.4921,-2.43401,5,0
A,116,.,.,.,TYR,CE1,A,163,.,.,.,ARG,CZ,824,1226,0.0266351,0,5.33059,-0.0342109,5,0
A,116,.,.,.,TYR,CE1,A,163,.,.,.,ARG,NH1,824,1227,4.27007,1.49831,4.6567,-3.37197,5,0
A,116,.,.,.,TYR,CE2,A,116,.,.,.,TYR,CZ,825,826,13.1625,2.36722,1.38866,0,0,1
A,116,.,.,.,TYR,CE2,A,116,.,.,.,TYR,OH,825,827,1.57198,0,2.39732,0,0,0
A,116,.,.,.,TYR,CE2,A,117,.,.,.,TYR,N,825,828,0.0595578,0,4.04751,0,1,0
A,116,.,.,.,TYR,CE2,A,117,.,.,.,TYR,C,825,830,1.43383,0,4.15775,0,1,0
A,116,.,.,.,TYR,CE2,A,118,.,.,.,SER,N,825,840,1.12457,0,4.06597,0.422856,2,0
A,116,.,.,.,TYR,CE2,A,118,.,.,.,SER,OG,825,845,5.96076,0,2.78152,-2.24434,2,0
A,116,.,.,.,TYR,CZ,A,116,.,.,.,TYR,OH,826,827,10.8383,1.42305,1.37251,0,0,1
A,116,.,.,.,TYR,CZ,A,117,.,.,.,TYR,N,826,828,0.0156409,0,4.55211,0,1,0
A,116,.,.,.,TYR,CZ,A,117,.,.,.,TYR,C,826,830,0.668658,0,4.53939,0,1,0
A,116,.,.,.,TYR,CZ,A,117,.,.,.,TYR,O,826,831,0.0397963,0,4.61785,0,1,0
A,116,.,.,.,TYR,CZ,A,118,.,.,.,SER,OG,826,845,1.28712,0,2.9713,1.38146,2,0
A,116,.,.,.,TYR,CZ,A,129,.,.,.,ASP,CB,826,940,2.30636,0,3.63368,-1.18828,5,0
A,116,.,.,.,TYR,CZ,A,158,.,.,.,ARG,CD,826,1181,0.54914,1.1699,5.28167,-1.05641,5,0
A,116,.,.,.,TYR,OH,A,118,.,.,.,SER,OG,827,845,6.92499,0.718116,2.6297,-5.16378,2,0
A,116,.,.,.,TYR,OH,A,129,.,.,.,ASP,CB,827,940,3.60752,0,3.18571,-4.36059,5,0
A,116,.,.,.,TYR,OH,A,129,.,.,.,ASP,OD2,827,943,4.81482,0,2.76633,-6.5432,5,0
A,116,.,.,.,TYR,OH,A,158,.,.,.,ARG,CD,827,1181,5.12501,1.05084,4.35401,-6.291,5,0
A,116,.,.,.,TYR,OH,A,158,.,.,.,ARG,NE,827,1182,2.83533,0,4.27341,-2.60253,5,0
A,116,.,.,.,TYR,OH,A,158,.,.,.,ARG,CZ,827,1183,1.09266,2.33346,5.07772,-1.34867,5,0
A,116,.,.,.,TYR,OH,A,158,.,.,.,ARG,NH2,827,1185,0.0311697,0.305684,5.49377,-0.0254429,5,0
A,116,.,.,.,TYR,OH,A,161,.,.,.,LEU,CG,827,1208,0.192818,0,5.03611,-0.180062,5,0
A,116,.,.,.,TYR,OH,A,161,.,.,.,LEU,CD2,827,1210,4.51198,0.738586,4.5909,-4.1342,5,0
A,117,.,.,.,TYR,N,A,117,.,.,.,TYR,CA,828,829,6.89727,0,1.46392,0,0,1
A,117,.,.,.,TYR,N,A,117,.,.,.,TYR,C,828,830,1.70978,0,2.44948,0,0,0
A,117,.,.,.,TYR,N,A,117,.,.,.,TYR,O,828,831,1.59781,0,2.89142,0,0,0
A,117,.,.,.,TYR,N,A,117,.,.,.,TYR,CB,828,832,3.47447,0.299358,2.45107,0,0,0
A,117,.,.,.,TYR,N,A,130,.,.,.,VAL,O,828,947,5.47682,0.107846,3.16786,-10.2495,5,0
A,117,.,.,.,TYR,N,A,130,.,.,.,VAL,CG2,828,950,0.925223,0.183849,4.39164,0.600843,5,0
A,117,.,.,.,TYR,CA,A,117,.,.,.,TYR,C,829,830,6.58098,0,1.52527,0,0,1
A,117,.,.,.,TYR,CA,A,117,.,.,.,TYR,O,829,831,0.680743,0,2.39304,0,0,0
A,117,.,.,.,TYR,CA,A,117,.,.,.,TYR,CB,829,832,8.44163,0,1.52797,0,0,1
A,117,.,.,.,TYR,CA,A,117,.,.,.,TYR,CG,829,833,0.985069,0,2.56149,0,0,0
A,117,.,.,.,TYR,CA,A,117,.,.,.,TYR,CD1,829,834,0.899089,0,3.41546,0,0,0
A,117,.,.,.,TYR,CA,A,118,.,.,.,SER,N,829,840,2.61476,0,2.43869,0,1,0
A,117,.,.,.,TYR,CA,A,130,.,.,.,VAL,CG2,829,950,0.0336431,0,4.42531,0.00813574,5,0
A,117,.,.,.,TYR,C,A,117,.,.,.,TYR,O,830,831,8.16662,0,1.23655,0,0,1
A,117,.,.,.,TYR,C,A,117,.,.,.,TYR,CB,830,832,0.887623,0,2.51265,0,0,0
A,117,.,.,.,TYR,C,A,117,.,.,.,TYR,CG,830,833,0.443671,0,2.99541,0,0,0
A,117,.,.,.,TYR,C,A,117,.,.,.,TYR,CD2,830,835,2.11323,0,3.23491,0,0,0
A,117,.,.,.,TYR,C,A,118,.,.,.,SER,N,830,840,7.3847,0,1.3372,0,1,1
A,117,.,.,.,TYR,C,A,118,.,.,.,SER,CA,830,841,1.7141,0,2.49016,0,1,0
A,117,.,.,.,TYR,C,A,118,.,.,.,SER,OG,830,845,0.253525,0,3.67096,0,1,0
A,117,.,.,.,TYR,C,A,119,.,.,.,TRP,CE3,830,856,0.00446978,0,4.61116,-0.0042849,2,0
A,117,.,.,.,TYR,C,A,129,.,.,.,ASP,CB,830,940,0.29776,0,4.36498,0.0619409,5,0
A,117,.,.,.,TYR,O,A,117,.,.,.,TYR,CB,831,832,0.831649,0,3.02109,0,0,0
A,117,.,.,.,TYR,O,A,117,.,.,.,TYR,CD2,831,835,1.57976,0,3.42479,0,0,0
A,117,.,.,.,TYR,O,A,118,.,.,.,SER,CA,831,841,2.36772,0,2.8766,0,1,0
A,117,.,.,.,TYR,O,A,119,.,.,.,TRP,CE3,831,856,1.43689,0,4.06744,-1.05409,2,0
A,117,.,.,.,TYR,O,A,119,.,.,.,TRP,CZ3,831,858,1.2103,0,4.15417,-0.830333,2,0
A,117,.,.,.,TYR,O,A,129,.,.,.,ASP,CA,831,937,3.78575,0,3.16043,0.154302,5,0
A,117,.,.,.,TYR,O,A,129,.,.,.,ASP,CB,831,940,2.01584,0,3.59295,1.06989,5,0
A,117,.,.,.,TYR,O,A,130,.,.,.,VAL,N,831,944,4.44845,0,2.89864,-8.6553,5,0
A,117,.,.,.,TYR,O,A,130,.,.,.,VAL,O,831,947,0.659929,0,3.69895,-0.0407911,5,0
A,117,.,.,.,TYR,O,A,130,.,.,.,VAL,CG2,831,950,3.27749,0,3.52539,-0.563499,5,0
A,117,.,.,.,TYR,CB,A,117,.,.,.,TYR,CG,832,833,8.69147,1.61554,1.51702,0,0,1
A,117,.,.,.,TYR,CB,A,117,.,.,.,TYR,CD1,832,834,5.76488,2.3457,2.53071,0,0,0
A,117,.,.,.,TYR,CB,A,117,.,.,.,TYR,CD2,832,835,3.36654,0.448765,2.53747,0,0,0
A,117,.,.,.,TYR,CB,A,130,.,.,.,VAL,CG2,832,950,10.1933,3.6796,3.83825,-14.5388,5,0
A,117,.,.,.,TYR,CB,A,132,.,.,.,THR,OG1,832,964,0.387024,1.62084,6.19396,-0.172421,5,0
A,117,.,.,.,TYR,CG,A,117,.,.,.,TYR,CD1,833,834,9.9105,1.57014,1.39154,0,0,1
A,117,.,.,.,TYR,CG,A,117,.,.,.,TYR,CD2,833,835,9.41462,1.57145,1.39754,0,0,1
A,117,.,.,.,TYR,CG,A,118,.,.,.,SER,N,833,840,0.979553,0,3.48848,0,1,0
A,117,.,.,.,TYR,CG,A,118,.,.,.,SER,O,833,843,0.0203616,0,4.408,0,1,0
A,117,.,.,.,TYR,CD1,A,117,.,.,.,TYR,CD2,834,835,1.36605,0.438841,2.39195,0,0,0
A,117,.,.,.,TYR,CD1,A,117,.,.,.,TYR,CE1,834,836,16.3679,1.91229,1.38611,0,0,1
A,117,.,.,.,TYR,CD1,A,117,.,.,.,TYR,CE2,834,837,0.0186673,0,2.76648,0,0,0
A,117,.,.,.,TYR,CD1,A,118,.,.,.,SER,N,834,840,0.635153,0,4.19894,0,1,0
A,117,.,.,.,TYR,CD1,A,118,.,.,.,SER,O,834,843,0.405969,0,4.52385,0,1,0
A,117,.,.,.,TYR,CD2,A,117,.,.,.,TYR,CE1,835,836,0.00854688,0.00861212,2.76994,0,0,0
A,117,.,.,.,TYR,CD2,A,117,.,.,.,TYR,CE2,835,837,14.6072,3.59465,1.38983,0,0,1
A,117,.,.,.,TYR,CD2,A,118,.,.,.,SER,N,835,840,1.07991,0,3.64197,0,1,0
A,117,.,.,.,TYR,CD2,A,118,.,.,.,SER,CA,835,841,0.284416,0,4.31009,0,1,0
A,117,.,.,.,TYR,CD2,A,118,.,.,.,SER,C,835,842,1.13559,0,4.14293,0,1,0
A,117,.,.,.,TYR,CD2,A,118,.,.,.,SER,O,835,843,0.330699,0,4.15962,0,1,0
A,117,.,.,.,TYR,CD2,A,119,.,.,.,TRP,CE3,835,856,3.93642,0,3.4142,-5.47754,2,0
A,117,.,.,.,TYR,CD2,A,119,.,.,.,TRP,CZ3,835,858,3.09585,0.81901,3.95054,-5.25348,2,0
A,117,.,.,.,TYR,CD2,A,130,.,.,.,VAL,CG2,835,950,5.91502,2.65637,4.22775,-7.80493,5,0
A,117,.,.,.,TYR,CE1,A,117,.,.,.,TYR,CE2,836,837,0.25037,0.10122,2.39827,0,0,0
A,117,.,.,.,TYR,CE1,A,117,.,.,.,TYR,CZ,836,838,12.048,1.06202,1.37813,0,0,1
A,117,.,.,.,TYR,CE1,A,117,.,.,.,TYR,OH,836,839,1.11549,0,2.38051,0,0,0
A,117,.,.,.,TYR,CE1,A,118,.,.,.,SER,O,836,843,0.244999,0,4.41883,0,1,0
A,117,.,.,.,TYR,CE2,A,117,.,.,.,TYR,CZ,837,838,13.7509,3.12602,1.38605,0,0,1
A,117,.,.,.,TYR,CE2,A,117,.,.,.,TYR,OH,837,839,3.98614,2.48094,2.39553,0,0,0
A,117,.,.,.,TYR,CE2,A,118,.,.,.,SER,C,837,842,0.890136,0,4.20158,0,1,0
A,117,.,.,.,TYR,CE2,A,118,.,.,.,SER,O,837,843,0.965637,0,4.03746,0,1,0
A,117,.,.,.,TYR,CE2,A,119,.,.,.,TRP,CB,837,850,4.28415,0,3.77291,-5.48753,2,0
A,117,.,.,.,TYR,CE2,A,119,.,.,.,TRP,CG,837,851,0.904193,0.400833,4.03639,-1.85414,2,0
A,117,.,.,.,TYR,CE2,A,119,.,.,.,TRP,CD2,837,853,3.35236,2.15636,3.8191,-4.50735,2,0
A,117,.,.,.,TYR,CE2,A,119,.,.,.,TRP,CE3,837,856,4.79214,0.236702,3.36145,-4.55261,2,0
A,117,.,.,.,TYR,CE2,A,119,.,.,.,TRP,CZ3,837,858,0.901976,1.41704,4.18138,-1.29739,2,0
A,117,.,.,.,TYR,CZ,A,117,.,.,.,TYR,OH,838,839,10.9766,0.92959,1.37793,0,0,1
A,117,.,.,.,TYR,CZ,A,118,.,.,.,SER,O,838,843,1.12617,0,4.16948,0,1,0
A,117,.,.,.,TYR,CZ,A,119,.,.,.,TRP,CB,838,850,0.902444,0,4.1876,-1.63535,2,0
A,117,.,.,.,TYR,OH,A,119,.,.,.,TRP,CB,839,850,4.40467,0.100468,4.01733,-4.85007,2,0
A,117,.,.,.,TYR,OH,A,119,.,.,.,TRP,CG,839,851,0.454793,0.63779,4.63172,-0.76856,2,0
A,117,.,.,.,TYR,OH,A,119,.,.,.,TRP,CD1,839,852,0.0568686,0.682665,5.39537,-0.0646488,2,0
A,118,.,.,.,SER,N,A,118,.,.,.,SER,CA,840,841,7.18459,0,1.46076,0,0,1
A,118,.,.,.,SER,N,A,118,.,.,.,SER,C,840,842,0.898979,0,2.44542,0,0,0
A,118,.,.,.,SER,N,A,118,.,.,.,SER,O,840,843,2.39183,0,2.78634,0,0,0
A,118,.,.,.,SER,N,A,118,.,.,.,SER,CB,840,844,1.57892,0,2.48409,0,0,0
A,118,.,.,.,SER,N,A,118,.,.,.,SER,OG,840,845,1.07608,0,2.90377,0,0,0
A,118,.,.,.,SER,CA,A,118,.,.,.,SER,C,841,842,6.72293,0,1.51935,0,0,1
A,118,.,.,.,SER,CA,A,118,.,.,.,SER,O,841,843,0.558779,0,2.39481,0,0,0
A,118,.,.,.,SER,CA,A,118,.,.,.,SER,CB,841,844,9.00891,0,1.53154,0,0,1
A,118,.,.,.,SER,CA,A,118,.,.,.,SER,OG,841,845,0.982585,0,2.43944,0,0,0
A,118,.,.,.,SER,CA,A,119,.,.,.,TRP,N,841,846,2.16785,0,2.43028,0,1,0
A,118,.,.,.,SER,CA,A,119,.,.,.,TRP,CE3,841,856,1.48861,0,4.30057,0,1,0
A,118,.,.,.,SER,CA,A,128,.,.,.,ARG,O,841,928,3.37466,0,3.32091,-0.395186,5,0
A,118,.,.,.,SER,CA,A,129,.,.,.,ASP,CA,841,937,1.36231,0,4.14838,0.893274,5,0
A,118,.,.,.,SER,CA,A,129,.,.,.,ASP,CB,841,940,1.77096,0,4.15154,1.04614,5,0
A,118,.,.,.,SER,C,A,118,.,.,.,SER,O,842,843,7.43778,0,1.23386,0,0,1
A,118,.,.,.,SER,C,A,118,.,.,.,SER,CB,842,844,2.37998,0,2.43826,0,0,0
A,118,.,.,.,SER,C,A,119,.,.,.,TRP,N,842,846,6.62637,0,1.334,0,1,1
A,118,.,.,.,SER,C,A,119,.,.,.,TRP,CA,842,847,1.3468,0,2.40498,0,1,0
A,118,.,.,.,SER,C,A,119,.,.,.,TRP,CB,842,850,0.947548,0,3.21407,0,1,0
A,118,.,.,.,SER,C,A,119,.,.,.,TRP,CE3,842,856,0.80153,0,3.93664,0,1,0
A,118,.,.,.,SER,O,A,118,.,.,.,SER,CB,843,844,0.581173,0,3.08743,0,0,0
A,118,.,.,.,SER,O,A,119,.,.,.,TRP,CA,843,847,2.05268,0,2.7174,0,1,0
A,118,.,.,.,SER,O,A,119,.,.,.,TRP,CB,843,850,1.26723,0,3.32732,0,1,0
A,118,.,.,.,SER,CB,A,118,.,.,.,SER,OG,844,845,13.7982,1.38939,1.39841,0,0,1
A,118,.,.,.,SER,CB,A,119,.,.,.,TRP,N,844,846,2.05781,0,3.19838,0,1,0
A,118,.,.,.,SER,CB,A,127,.,.,.,ASN,CB,844,921,0.532594,0,6.26502,-0.166004,5,0
A,118,.,.,.,SER,CB,A,128,.,.,.,ARG,O,844,928,2.76879,0,3.87204,0.118195,5,0
A,118,.,.,.,SER,CB,A,129,.,.,.,ASP,CB,844,940,1.4915,0,4.30537,-0.418312,5,0
A,118,.,.,.,SER,CB,A,161,.,.,.,LEU,CG,844,1208,4.39824,0.775025,5.52177,-0.643362,5,0
A,118,.,.,.,SER,CB,A,161,.,.,.,LEU,CD1,844,1209,0.158066,0.224094,6.07031,0.0396822,5,0
A,118,.,.,.,SER,CB,A,161,.,.,.,LEU,CD2,844,1210,1.19141,1.51115,5.71297,0.26099,5,0
A,118,.,.,.,SER,OG,A,129,.,.,.,ASP,CB,845,940,2.89801,0,3.70628,-1.23649,5,0
A,118,.,.,.,SER,OG,A,161,.,.,.,LEU,CG,845,1208,0.453813,0,5.28983,0.178552,5,0
A,118,.,.,.,SER,OG,A,161,.,.,.,LEU,CD2,845,1210,1.70479,1.07124,5.22519,-0.306118,5,0
A,119,.,.,.,TRP,N,A,119,.,.,.,TRP,CA,846,847,6.82514,0,1.45572,0,0,1
A,119,.,.,.,TRP,N,A,119,.,.,.,TRP,C,846,848,0.691249,0,2.44721,0,0,0
A,119,.,.,.,TRP,N,A,119,.,.,.,TRP,O,846,849,3.08229,0,2.72789,0,0,0
A,119,.,.,.,TRP,N,A,119,.,.,.,TRP,CB,846,850,1.24427,0,2.47444,0,0,0
A,119,.,.,.,TRP,N,A,119,.,.,.,TRP,CG,846,851,0.00445935,0,3.2048,0,0,0
A,119,.,.,.,TRP,N,A,119,.,.,.,TRP,CD2,846,853,0.788825,0,3.52695,0,0,0
A,119,.,.,.,TRP,N,A,119,.,.,.,TRP,CE3,846,856,2.6578,0,3.4306,0,0,0
A,119,.,.,.,TRP,N,A,127,.,.,.,ASN,CB,846,921,0.0756149,0,5.32679,0.0588006,5,0
A,119,.,.,.,TRP,N,A,128,.,.,.,ARG,O,846,928,4.9598,0,2.9391,-4.23674,5,0
A,119,.,.,.,TRP,CA,A,119,.,.,.,TRP,C,847,848,6.84914,0,1.52194,0,0,1
A,119,.,.,.,TRP,CA,A,119,.,.,.,TRP,O,847,849,0.30536,0,2.40591,0,0,0
A,119,.,.,.,TRP,CA,A,119,.,.,.,TRP,CB,847,850,8.3789,0,1.53704,0,0,1
A,119,.,.,.,TRP,CA,A,119,.,.,.,TRP,CG,847,851,0.703067,0,2.61177,0,0,0
A,119,.,.,.,TRP,CA,A,119,.,.,.,TRP,CD2,847,853,0.042885,0,3.51218,0,0,0
A,119,.,.,.,TRP,CA,A,120,.,.,.,ARG,N,847,860,1.88825,0,2.41196,0,1,0
A,119,.,.,.,TRP,C,A,119,.,.,.,TRP,O,848,849,8.57571,0,1.2345,0,0,1
A,119,.,.,.,TRP,C,A,119,.,.,.,TRP,CB,848,850,0.961223,0,2.53,0,0,0
A,119,.,.,.,TRP,C,A,119,.,.,.,TRP,CG,848,851,1.02129,0,3.05306,0,0,0
A,119,.,.,.,TRP,C,A,119,.,.,.,TRP,CD1,848,852,1.66311,0,3.56157,0,0,0
A,119,.,.,.,TRP,C,A,120,.,.,.,ARG,N,848,860,6.70053,0,1.32656,0,1,1
A,119,.,.,.,TRP,C,A,120,.,.,.,ARG,CA,848,861,1.9892,0,2.40307,0,1,0
A,119,.,.,.,TRP,C,A,120,.,.,.,ARG,C,848,862,0.558588,0,3.2634,0,1,0
A,119,.,.,.,TRP,C,A,120,.,.,.,ARG,O,848,863,0.00521496,0,3.53598,0,1,0
A,119,.,.,.,TRP,C,A,121,.,.,.,CYS,SG,848,876,0.000694834,0,4.95613,-0.000554283,2,0
A,119,.,.,.,TRP,C,A,127,.,.,.,ASN,CB,848,921,0.206804,0,4.16613,-0.0102554,5,0
A,119,.,.,.,TRP,O,A,119,.,.,.,TRP,CG,849,851,0.760486,0,3.44453,0,0,0
A,119,.,.,.,TRP,O,A,119,.,.,.,TRP,CD1,849,852,0.883018,0,3.86902,0,0,0
A,119,.,.,.,TRP,O,A,119,.,.,.,TRP,CD2,849,853,0.723417,0,4.04129,0,0,0
A,119,.,.,.,TRP,O,A,120,.,.,.,ARG,CA,849,861,2.66425,0,2.73245,0,1,0
A,119,.,.,.,TRP,O,A,120,.,.,.,ARG,C,849,862,0.498464,0,3.44298,0,1,0
A,119,.,.,.,TRP,O,A,121,.,.,.,CYS,N,849,871,0.0799021,0,3.96566,0.0242429,2,0
A,119,.,.,.,TRP,O,A,121,.,.,.,CYS,SG,849,876,2.03009,0,4.38702,-0.453348,2,0
A,119,.,.,.,TRP,O,A,127,.,.,.,ASN,CA,849,918,1.8177,0,3.42513,-0.193072,5,0
A,119,.,.,.,TRP,O,A,127,.,.,.,ASN,CB,849,921,5.06509,0,3.25742,-1.8627,5,0
A,119,.,.,.,TRP,O,A,128,.,.,.,ARG,N,849,925,5.49718,0,2.93857,-4.73993,5,0
A,119,.,.,.,TRP,O,A,128,.,.,.,ARG,CA,849,926,0.00607437,0,3.94424,0.00372329,5,0
A,119,.,.,.,TRP,O,A,128,.,.,.,ARG,O,849,928,1.83743,0,3.40311,1.27939,5,0
A,119,.,.,.,TRP,O,A,128,.,.,.,ARG,CB,849,929,0.650554,0,4.31491,-0.119395,5,0
A,119,.,.,.,TRP,CB,A,119,.,.,.,TRP,CG,850,851,8.72896,0,1.506,0,0,1
A,119,.,.,.,TRP,CB,A,119,.,.,.,TRP,CD1,850,852,3.97225,0.0974511,2.55713,0,0,0
A,119,.,.,.,TRP,CB,A,119,.,.,.,TRP,CD2,850,853,0.937839,0,2.64967,0,0,0
A,119,.,.,.,TRP,CB,A,119,.,.,.,TRP,CE3,850,856,1.0429,0,3.34706,0,0,0
A,119,.,.,.,TRP,CB,A,120,.,.,.,ARG,N,850,860,1.79584,0,3.13915,0,1,0
A,119,.,.,.,TRP,CB,A,120,.,.,.,ARG,O,850,863,0.000237176,0,4.46082,0,1,0
A,119,.,.,.,TRP,CG,A,119,.,.,.,TRP,CD1,851,852,9.14999,1.05088,1.36163,0,0,1
A,119,.,.,.,TRP,CG,A,119,.,.,.,TRP,CD2,851,853,8.70466,0.288505,1.44398,0,0,1
A,119,.,.,.,TRP,CD1,A,119,.,.,.,TRP,CD2,852,853,1.77448,0.577975,2.24124,0,0,0
A,119,.,.,.,TRP,CD1,A,119,.,.,.,TRP,NE1,852,854,15.0916,5.71432,1.37547,0,0,1
A,119,.,.,.,TRP,CD1,A,119,.,.,.,TRP,CE2,852,855,1.28972,0.330541,2.2363,0,0,0
A,119,.,.,.,TRP,CD1,A,120,.,.,.,ARG,N,852,860,0.494687,0,3.94001,0,1,0
A,119,.,.,.,TRP,CD1,A,120,.,.,.,ARG,C,852,862,0.287934,0,4.27878,0,1,0
A,119,.,.,.,TRP,CD1,A,120,.,.,.,ARG,O,852,863,7.26643,1.2947,3.55846,0,1,0
A,119,.,.,.,TRP,CD1,A,121,.,.,.,CYS,SG,852,876,4.35575,0.612767,4.10846,-4.73745,2,0
A,119,.,.,.,TRP,CD1,A,128,.,.,.,ARG,CB,852,929,0.150924,0,4.94785,-0.0587435,5,0
A,119,.,.,.,TRP,CD2,A,119,.,.,.,TRP,CE2,853,855,9.71592,1.8393,1.41156,0,0,1
A,119,.,.,.,TRP,CD2,A,119,.,.,.,TRP,CE3,853,856,10.5198,0.210443,1.39787,0,0,1
A,119,.,.,.,TRP,CD2,A,119,.,.,.,TRP,CZ2,853,857,0.569373,0.259011,2.46074,0,0,0
A,119,.,.,.,TRP,CD2,A,119,.,.,.,TRP,CZ3,853,858,0.268879,0.0741292,2.39644,0,0,0
A,119,.,.,.,TRP,CD2,A,119,.,.,.,TRP,CH2,853,859,0.0759093,0.00808577,2.78671,0,0,0
A,119,.,.,.,TRP,CD2,A,128,.,.,.,ARG,O,853,928,0.367102,0,4.02503,0.191104,5,0
A,119,.,.,.,TRP,CD2,A,128,.,.,.,ARG,CB,853,929,2.23517,0,3.95405,-2.80599,5,0
A,119,.,.,.,TRP,NE1,A,119,.,.,.,TRP,CE2,854,855,10.771,1.94741,1.36734,0,0,1
A,119,.,.,.,TRP,NE1,A,119,.,.,.,TRP,CZ2,854,857,6.04361,4.62573,2.50395,0,0,0
A,119,.,.,.,TRP,NE1,A,121,.,.,.,CYS,SG,854,876,8.65346,3.82221,3.84026,-8.38885,2,0
A,119,.,.,.,TRP,NE1,A,128,.,.,.,ARG,CB,854,929,0.226222,0,4.3584,-0.169229,5,0
A,119,.,.,.,TRP,NE1,A,128,.,.,.,ARG,CD,854,931,0.569654,0.222733,4.86828,-0.659717,5,0
A,119,.,.,.,TRP,CE2,A,119,.,.,.,TRP,CZ2,855,857,12.352,2.60377,1.39417,0,0,1
A,119,.,.,.,TRP,CE2,A,128,.,.,.,ARG,CB,855,929,2.42573,0,3.68567,-3.01266,5,0
A,119,.,.,.,TRP,CE2,A,128,.,.,.,ARG,CD,855,931,0.0689397,0,4.72766,-0.147464,5,0
A,119,.,.,.,TRP,CE3,A,119,.,.,.,TRP,CZ3,856,858,12.2224,0.26961,1.3892,0,0,1
A,119,.,.,.,TRP,CE3,A,128,.,.,.,ARG,C,856,927,0.768418,0,3.89463,-0.917537,5,0
A,119,.,.,.,TRP,CE3,A,128,.,.,.,ARG,O,856,928,2.57932,0,3.51721,-0.233579,5,0
A,119,.,.,.,TRP,CE3,A,128,.,.,.,ARG,CB,856,929,0.678902,0,4.02025,-0.758408,5,0
A,119,.,.,.,TRP,CE3,A,129,.,.,.,ASP,CA,856,937,0.505165,0,4.49176,0.0981889,5,0
A,119,.,.,.,TRP,CZ2,A,119,.,.,.,TRP,CH2,857,859,15.8051,2.54956,1.36738,0,0,1
A,119,.,.,.,TRP,CZ2,A,128,.,.,.,ARG,CB,857,929,2.95425,0,3.50809,-3.36294,5,0
A,119,.,.,.,TRP,CZ2,A,128,.,.,.,ARG,CG,857,930,1.99077,0,4.11071,-2.08872,5,0
A,119,.,.,.,TRP,CZ2,A,128,.,.,.,ARG,CD,857,931,3.50698,0.766131,4.43381,-4.52492,5,0
A,119,.,.,.,TRP,CZ2,A,164,.,.,.,ALA,CB,857,1233,1.07338,0,4.67803,-0.796039,5,0
A,119,.,.,.,TRP,CZ2,A,189,.,.,.,VAL,CG1,857,1418,4.80855,3.86003,5.35152,-4.32399,5,0
A,119,.,.,.,TRP,CZ2,A,191,.,.,.,PRO,CA,857,1429,0.393797,0,5.77581,-0.272705,5,0
A,119,.,.,.,TRP,CZ2,A,191,.,.,.,PRO,CB,857,1432,4.79933,1.97615,5.54954,-5.73472,5,0
A,119,.,.,.,TRP,CZ2,A,191,.,.,.,PRO,CG,857,1433,0.119051,1.08759,6.16179,-0.173424,5,0
A,119,.,.,.,TRP,CZ3,A,119,.,.,.,TRP,CH2,858,859,14.9537,3.02037,1.40112,0,0,1
A,119,.,.,.,TRP,CZ3,A,128,.,.,.,ARG,C,858,927,0.964392,0,3.93287,-0.529318,5,0
A,119,.,.,.,TRP,CZ3,A,128,.,.,.,ARG,CB,858,929,1.40336,0,3.82578,-1.79685,5,0
A,119,.,.,.,TRP,CZ3,A,129,.,.,.,ASP,N,858,936,1.28349,0,4.02103,0.361574,5,0
A,119,.,.,.,TRP,CZ3,A,129,.,.,.,ASP,CA,858,937,2.25019,0,4.15139,0.0422211,5,0
A,119,.,.,.,TRP,CZ3,A,129,.,.,.,ASP,C,858,938,1.8358,0,4.19696,-0.319893,5,0
A,119,.,.,.,TRP,CZ3,A,129,.,.,.,ASP,O,858,939,0.0041224,0,4.57165,0.00110456,5,0
A,119,.,.,.,TRP,CZ3,A,130,.,.,.,VAL,N,858,944,0.445435,0,4.406,-0.0665302,5,0
A,119,.,.,.,TRP,CZ3,A,130,.,.,.,VAL,CG1,858,949,3.86283,0.0836448,4.04302,-5.80105,5,0
A,119,.,.,.,TRP,CZ3,A,130,.,.,.,VAL,CG2,858,950,5.64394,1.38101,4.16403,-9.02866,5,0
A,119,.,.,.,TRP,CZ3,A,164,.,.,.,ALA,CB,858,1233,0.0381719,0,4.73503,-0.0299731,5,0
A,119,.,.,.,TRP,CH2,A,128,.,.,.,ARG,CB,859,929,3.36189,0,3.56653,-4.58682,5,0
A,119,.,.,.,TRP,CH2,A,128,.,.,.,ARG,CG,859,930,0.293644,0,4.29073,-0.347146,5,0
A,119,.,.,.,TRP,CH2,A,129,.,.,.,ASP,N,859,936,0.0790634,0,4.58642,0.0332078,5,0
A,119,.,.,.,TRP,CH2,A,130,.,.,.,VAL,CG1,859,949,4.76187,1.17867,4.21588,-7.5001,5,0
A,119,.,.,.,TRP,CH2,A,164,.,.,.,ALA,CB,859,1233,8.5014,0,3.93379,-11.0482,5,0
A,119,.,.,.,TRP,CH2,A,189,.,.,.,VAL,CG1,859,1418,5.77531,2.38237,5.12111,-9.09629,5,0
A,120,.,.,.,ARG,N,A,120,.,.,.,ARG,CA,860,861,6.45685,0,1.45135,0,0,1
A,120,.,.,.,ARG,N,A,120,.,.,.,ARG,C,860,862,0.488254,0,2.4457,0,0,0
A,120,.,.,.,ARG,N,A,120,.,.,.,ARG,O,860,863,2.65258,0,2.74552,0,0,0
A,120,.,.,.,ARG,N,A,120,.,.,.,ARG,CB,860,864,0.940007,0,2.45565,0,0,0
A,120,.,.,.,ARG,N,A,120,.,.,.,ARG,CG,860,865,2.85873,0,2.90377,0,0,0
A,120,.,.,.,ARG,CA,A,120,.,.,.,ARG,C,861,862,6.80665,0,1.52466,0,0,1
A,120,.,.,.,ARG,CA,A,120,.,.,.,ARG,O,861,863,0.196188,0,2.41315,0,0,0
A,120,.,.,.,ARG,CA,A,120,.,.,.,ARG,CB,861,864,7.9996,0,1.53031,0,0,1
A,120,.,.,.,ARG,CA,A,120,.,.,.,ARG,CG,861,865,1.0191,0,2.55071,0,0,0
A,120,.,.,.,ARG,CA,A,121,.,.,.,CYS,N,861,871,2.4732,0,2.37311,0,1,0
A,120,.,.,.,ARG,CA,A,127,.,.,.,ASN,CA,861,918,0.48687,0,4.36802,0.440374,5,0
A,120,.,.,.,ARG,CA,A,127,.,.,.,ASN,CB,861,921,1.23313,0,3.98193,0.650109,5,0
A,120,.,.,.,ARG,CA,A,127,.,.,.,ASN,CG,861,922,1.79967,0,3.54659,-0.860515,5,0
A,120,.,.,.,ARG,CA,A,127,.,.,.,ASN,OD1,861,923,2.58705,0,2.91396,0.218944,5,0
A,120,.,.,.,ARG,C,A,120,.,.,.,ARG,O,862,863,8.9631,0.523246,1.23279,0,0,1
A,120,.,.,.,ARG,C,A,120,.,.,.,ARG,CB,862,864,2.29071,0,2.51918,0,0,0
A,120,.,.,.,ARG,C,A,120,.,.,.,ARG,CG,862,865,2.9561,1.02057,3.17675,0,0,0
A,120,.,.,.,ARG,C,A,121,.,.,.,CYS,N,862,871,7.3982,0,1.30353,0,1,1
A,120,.,.,.,ARG,C,A,121,.,.,.,CYS,CA,862,872,2.73827,0.458725,2.4261,0,1,0
A,120,.,.,.,ARG,C,A,121,.,.,.,CYS,C,862,873,0.655437,0.605394,3.44327,0,1,0
A,120,.,.,.,ARG,C,A,121,.,.,.,CYS,SG,862,876,1.85141,0,3.59732,0,1,0
A,120,.,.,.,ARG,O,A,120,.,.,.,ARG,CG,863,865,3.51146,0.992276,3.48522,0,0,0
A,120,.,.,.,ARG,O,A,121,.,.,.,CYS,CA,863,872,6.41866,1.73014,2.78666,0,1,0
A,120,.,.,.,ARG,O,A,121,.,.,.,CYS,SG,863,876,2.46886,0.678399,3.65141,0,1,0
A,120,.,.,.,ARG,O,A,122,.,.,.,PRO,CD,863,883,0.968138,2.87106,4.7727,0.731453,2,0
A,120,.,.,.,ARG,CB,A,120,.,.,.,ARG,CG,864,865,10.0145,0.844989,1.50451,0,0,1
A,120,.,.,.,ARG,CB,A,120,.,.,.,ARG,CD,864,866,7.63899,4.67129,2.49368,0,0,0
A,120,.,.,.,ARG,CB,A,120,.,.,.,ARG,NE,864,867,1.81208,0.831275,3.12504,0,0,0
A,120,.,.,.,ARG,CB,A,121,.,.,.,CYS,N,864,871,1.8505,0,3.19709,0,1,0
A,120,.,.,.,ARG,CB,A,121,.,.,.,CYS,C,864,873,0.367973,0.324966,4.89904,0,1,0
A,120,.,.,.,ARG,CB,A,121,.,.,.,CYS,O,864,874,2.99951,2.87552,4.58873,0,1,0
A,120,.,.,.,ARG,CB,A,127,.,.,.,ASN,CG,864,922,1.72408,0,3.80115,-1.61436,5,0
A,120,.,.,.,ARG,CB,A,127,.,.,.,ASN,OD1,864,923,5.96953,1.88421,3.12778,-1.20939,5,0
A,120,.,.,.,ARG,CB,A,127,.,.,.,ASN,ND2,864,924,2.45338,1.98285,4.29117,0.531847,5,0
A,120,.,.,.,ARG,CG,A,120,.,.,.,ARG,CD,865,866,14.9708,3.92789,1.52448,0,0,1
A,120,.,.,.,ARG,CG,A,120,.,.,.,ARG,NE,865,867,1.05456,0,2.46841,0,0,0
A,120,.,.,.,ARG,CG,A,120,.,.,.,ARG,CZ,865,868,0.984853,0,3.30055,0,0,0
A,120,.,.,.,ARG,CG,A,120,.,.,.,ARG,NH1,865,869,1.22109,0,3.48252,0,0,0
A,120,.,.,.,ARG,CG,A,121,.,.,.,CYS,C,865,873,0.159999,0.878842,5.57396,0,1,0
A,120,.,.,.,ARG,CD,A,120,.,.,.,ARG,NE,866,867,12.4966,4.87689,1.45721,0,0,1
A,120,.,.,.,ARG,CD,A,120,.,.,.,ARG,CZ,866,868,2.89421,1.32705,2.46145,0,0,0
A,120,.,.,.,ARG,CD,A,120,.,.,.,ARG,NH1,866,869,6.08027,2.14587,2.81153,0,0,0
A,120,.,.,.,ARG,NE,A,120,.,.,.,ARG,CZ,867,868,10.0175,2.24742,1.32925,0,0,1
A,120,.,.,.,ARG,NE,A,120,.,.,.,ARG,NH2,867,870,3.19434,2.4867,2.29815,0,0,0
A,120,.,.,.,ARG,CZ,A,120,.,.,.,ARG,NH1,868,869,12.8653,3.05034,1.32889,0,0,1
A,120,.,.,.,ARG,CZ,A,120,.,.,.,ARG,NH2,868,870,14.1672,3.89051,1.32642,0,0,1
A,120,.,.,.,ARG,NH1,A,120,.,.,.,ARG,NH2,869,870,4.16893,3.06552,2.30036,0,0,0
A,121,.,.,.,CYS,N,A,121,.,.,.,CYS,CA,871,872,6.56982,0,1.46594,0,0,1
A,121,.,.,.,CYS,N,A,121,.,.,.,CYS,C,871,873,1.1846,0,2.41761,0,0,0
A,121,.,.,.,CYS,N,A,121,.,.,.,CYS,O,871,874,3.7873,0,2.62432,0,0,0
A,121,.,.,.,CYS,N,A,121,.,.,.,CYS,CB,871,875,2.53063,0,2.43158,0,0,0
A,121,.,.,.,CYS,N,A,121,.,.,.,CYS,SG,871,876,1.92219,0,3.11151,0,0,0
A,121,.,.,.,CYS,N,A,126,.,.,.,LYS,C,871,910,0.197592,0,4.75018,0.353292,5,0
A,121,.,.,.,CYS,N,A,127,.,.,.,ASN,CA,871,918,2.0947,0,4.19966,2.9799,5,0
A,121,.,.,.,CYS,N,A,127,.,.,.,ASN,OD1,871,923,4.33714,0,3.06099,-1.73817,5,0
A,121,.,.,.,CYS,CA,A,121,.,.,.,CYS,C,872,873,8.48737,0.603512,1.51976,0,0,1
A,121,.,.,.,CYS,CA,A,121,.,.,.,CYS,O,872,874,0.543004,0,2.32788,0,0,0
A,121,.,.,.,CYS,CA,A,121,.,.,.,CYS,CB,872,875,8.88851,0,1.51383,0,0,1
A,121,.,.,.,CYS,CA,A,121,.,.,.,CYS,SG,872,876,2.76227,0.877485,2.77822,0,0,0
A,121,.,.,.,CYS,CA,A,122,.,.,.,PRO,CD,872,883,8.56909,2.06296,2.89453,0,1,0
A,121,.,.,.,CYS,C,A,121,.,.,.,CYS,O,873,874,9.80877,1.10803,1.17239,0,0,1
A,121,.,.,.,CYS,C,A,121,.,.,.,CYS,CB,873,875,2.9674,0,2.52354,0,0,0
A,121,.,.,.,CYS,C,A,122,.,.,.,PRO,N,873,877,8.84517,1.35892,1.33589,0,1,1
A,121,.,.,.,CYS,C,A,122,.,.,.,PRO,CA,873,878,2.04929,1.0091,2.43955,0,1,0
A,121,.,.,.,CYS,C,A,122,.,.,.,PRO,C,873,879,0.746756,0,3.00093,0,1,0
A,121,.,.,.,CYS,C,A,122,.,.,.,PRO,O,873,880,0.962744,0,3.29193,0,1,0
A,121,.,.,.,CYS,C,A,122,.,.,.,PRO,CD,873,883,0.844245,0.288218,2.44563,0,1,0
A,121,.,.,.,CYS,C,A,125,.,.,.,LEU,O,873,903,0.248959,0,4.492,0.171544,4,0
A,121,.,.,.,CYS,C,A,125,.,.,.,LEU,CB,873,904,0.422998,0,4.59747,-0.0916548,4,0
A,121,.,.,.,CYS,O,A,121,.,.,.,CYS,CB,874,875,0.680998,0,3.23128,0,0,0
A,121,.,.,.,CYS,O,A,122,.,.,.,PRO,CA,874,878,3.52526,1.59309,2.73404,0,1,0
A,121,.,.,.,CYS,O,A,122,.,.,.,PRO,C,874,879,2.46624,0,2.8911,0,1,0
A,121,.,.,.,CYS,O,A,122,.,.,.,PRO,O,874,880,0.0399715,0,3.33591,0,1,0
A,121,.,.,.,CYS,O,A,123,.,.,.,LYS,N,874,884,2.23008,0,3.35058,2.01427,2,0
A,121,.,.,.,CYS,O,A,123,.,.,.,LYS,CA,874,885,0.505232,0,4.2651,0.359167,2,0
A,121,.,.,.,CYS,O,A,123,.,.,.,LYS,CG,874,889,0.0682734,0.179334,4.99472,0.0163885,2,0
A,121,.,.,.,CYS,O,A,123,.,.,.,LYS,CD,874,890,6.81056,3.20685,4.59813,1.11566,2,0
A,121,.,.,.,CYS,O,A,125,.,.,.,LEU,O,874,903,4.7688,0.317684,3.96628,1.91327,4,0
A,121,.,.,.,CYS,O,A,126,.,.,.,LYS,C,874,910,0.346681,0,5.05928,0.442427,5,0
A,121,.,.,.,CYS,O,A,127,.,.,.,ASN,OD1,874,923,5.48036,0.929297,3.83713,0.718524,5,0
A,121,.,.,.,CYS,CB,A,121,.,.,.,CYS,SG,875,876,15.0975,1.4932,1.79421,0,0,1
A,121,.,.,.,CYS,CB,A,122,.,.,.,PRO,N,875,877,0.240779,0,3.26455,0,1,0
A,121,.,.,.,CYS,CB,A,122,.,.,.,PRO,CD,875,883,5.23776,1.14095,3.46297,0,1,0
A,121,.,.,.,CYS,CB,A,125,.,.,.,LEU,C,875,902,0.542048,0,4.62358,-0.274219,4,0
A,121,.,.,.,CYS,CB,A,125,.,.,.,LEU,O,875,903,0.569524,0,4.6489,-0.160936,4,0
A,121,.,.,.,CYS,CB,A,125,.,.,.,LEU,CB,875,904,6.33922,0,3.84765,-7.60186,4,0
A,121,.,.,.,CYS,CB,A,125,.,.,.,LEU,CD1,875,906,5.55116,0.666567,4.24288,-8.24242,4,0
A,121,.,.,.,CYS,CB,A,126,.,.,.,LYS,C,875,910,1.0399,0,4.20254,-0.334506,5,0
A,121,.,.,.,CYS,CB,A,126,.,.,.,LYS,O,875,911,4.99273,0,3.32817,-0.608923,5,0
A,121,.,.,.,CYS,CB,A,127,.,.,.,ASN,CA,875,918,0.393763,0,4.67942,0.0593082,5,0
A,121,.,.,.,CYS,CB,A,128,.,.,.,ARG,NH1,875,934,1.16601,0,4.43418,-0.0577496,5,0
A,121,.,.,.,CYS,SG,A,122,.,.,.,PRO,CD,876,883,0.144862,1.09256,4.80953,0,1,0
A,121,.,.,.,CYS,SG,A,125,.,.,.,LEU,CD1,876,906,1.3346,1.58553,5.21731,-0.541496,4,0
A,121,.,.,.,CYS,SG,A,126,.,.,.,LYS,O,876,911,2.50577,0,3.53331,0.773147,5,0
A,121,.,.,.,CYS,SG,A,127,.,.,.,ASN,CA,876,918,2.05505,0,4.48405,-0.248587,5,0
A,121,.,.,.,CYS,SG,A,127,.,.,.,ASN,C,876,919,0.0248993,0,4.72421,-0.0127361,5,0
A,121,.,.,.,CYS,SG,A,128,.,.,.,ARG,N,876,925,1.69664,0,4.43308,0.560738,5,0
A,121,.,.,.,CYS,SG,A,128,.,.,.,ARG,CB,876,929,1.9453,0,4.43606,-0.271124,5,0
A,121,.,.,.,CYS,SG,A,128,.,.,.,ARG,CD,876,931,11.3668,2.37223,3.46362,-7.54975,5,0
A,121,.,.,.,CYS,SG,A,128,.,.,.,ARG,CZ,876,933,0.00843037,0,4.75651,-0.00525038,5,0
A,121,.,.,.,CYS,SG,A,128,.,.,.,ARG,NH1,876,934,2.90197,0,4.1272,-0.109161,5,0
A,121,.,.,.,CYS,SG,A,195,.,.,.,LEU,CD1,876,1460,0.652032,1.26684,6.45134,-1.03219,5,0
A,122,.,.,.,PRO,N,A,122,.,.,.,PRO,CA,877,878,7.63424,1.21587,1.44782,0,0,1
A,122,.,.,.,PRO,N,A,122,.,.,.,PRO,C,877,879,0.221062,0,2.47413,0,0,0
A,122,.,.,.,PRO,N,A,122,.,.,.,PRO,O,877,880,1.10129,0,2.83279,0,0,0
A,122,.,.,.,PRO,N,A,122,.,.,.,PRO,CG,877,882,0.0874462,0,2.30442,0,0,0
A,122,.,.,.,PRO,N,A,122,.,.,.,PRO,CD,877,883,8.70253,1.24866,1.42468,0,0,1
A,122,.,.,.,PRO,N,A,125,.,.,.,LEU,CB,877,904,0.155824,0,4.65475,0.00485881,3,0
A,122,.,.,.,PRO,N,A,125,.,.,.,LEU,CD1,877,906,0.00150912,0,4.58845,-0.00081659,3,0
A,122,.,.,.,PRO,CA,A,122,.,.,.,PRO,C,878,879,6.07669,0,1.52987,0,0,1
A,122,.,.,.,PRO,CA,A,122,.,.,.,PRO,O,878,880,0.566974,0,2.31396,0,0,0
A,122,.,.,.,PRO,CA,A,122,.,.,.,PRO,CB,878,881,13.634,4.62601,1.51902,0,0,1
A,122,.,.,.,PRO,CA,A,122,.,.,.,PRO,CG,878,882,0.613666,0,2.39677,0,0,0
A,122,.,.,.,PRO,CA,A,122,.,.,.,PRO,CD,878,883,1.53413,0.828714,2.39453,0,0,0
A,122,.,.,.,PRO,CA,A,123,.,.,.,LYS,N,878,884,7.62899,1.83603,2.39032,0,1,0
A,122,.,.,.,PRO,CA,A,123,.,.,.,LYS,CG,878,889,0.718152,2.28253,4.98737,0,1,0
A,122,.,.,.,PRO,C,A,122,.,.,.,PRO,O,879,880,7.67689,0,1.14818,0,0,1
A,122,.,.,.,PRO,C,A,122,.,.,.,PRO,CB,879,881,2.34613,0,2.53629,0,0,0
A,122,.,.,.,PRO,C,A,123,.,.,.,LYS,N,879,884,7.6011,0,1.32185,0,1,1
A,122,.,.,.,PRO,C,A,123,.,.,.,LYS,CA,879,885,1.26044,0,2.57641,0,1,0
A,122,.,.,.,PRO,C,A,124,.,.,.,PRO,N,879,893,0.00790784,0,3.42443,0.0170128,2,0
A,122,.,.,.,PRO,C,A,124,.,.,.,PRO,CD,879,899,2.25723,0,3.2728,2.68249,2,0
A,122,.,.,.,PRO,C,A,125,.,.,.,LEU,O,879,903,0.670683,0,4.04787,1.13022,3,0
A,122,.,.,.,PRO,O,A,122,.,.,.,PRO,CB,880,881,1.37165,0,2.99631,0,0,0
A,122,.,.,.,PRO,O,A,122,.,.,.,PRO,CG,880,882,1.5115,0,3.46102,0,0,0
A,122,.,.,.,PRO,O,A,122,.,.,.,PRO,CD,880,883,0.096738,0,3.65932,0,0,0
A,122,.,.,.,PRO,O,A,123,.,.,.,LYS,CA,880,885,0.391008,0,3.04755,0,1,0
A,122,.,.,.,PRO,O,A,123,.,.,.,LYS,C,880,886,0.374985,0,3.23671,0,1,0
A,122,.,.,.,PRO,O,A,124,.,.,.,PRO,N,880,893,0.472603,0,3.0559,0.0302147,2,0
A,122,.,.,.,PRO,O,A,124,.,.,.,PRO,CD,880,899,4.06716,0,2.96538,-1.00309,2,0
A,122,.,.,.,PRO,O,A,125,.,.,.,LEU,N,880,900,3.45761,0,2.81586,-0.970079,3,0
A,122,.,.,.,PRO,O,A,125,.,.,.,LEU,CA,880,901,0.17178,0,3.46874,0.155126,3,0
A,122,.,.,.,PRO,O,A,125,.,.,.,LEU,O,880,903,1.49605,0,3.51081,1.97716,3,0
A,122,.,.,.,PRO,O,A,125,.,.,.,LEU,CB,880,904,3.7388,0,3.24054,0.608751,3,0
A,122,.,.,.,PRO,O,A,125,.,.,.,LEU,CG,880,905,1.87737,0,3.72836,0.456324,3,0
A,122,.,.,.,PRO,O,A,125,.,.,.,LEU,CD1,880,906,1.28245,0,3.95175,0.820251,3,0
A,122,.,.,.,PRO,CB,A,122,.,.,.,PRO,CG,881,882,19.1322,8.5009,1.48432,0,0,1
A,122,.,.,.,PRO,CB,A,122,.,.,.,PRO,CD,881,883,2.40579,1.4935,2.37614,0,0,0
A,122,.,.,.,PRO,CB,A,123,.,.,.,LYS,N,881,884,1.85578,1.82665,3.40624,0,1,0
A,122,.,.,.,PRO,CB,A,124,.,.,.,PRO,CD,881,899,6.85145,5.08792,4.53016,-0.874587,2,0
A,122,.,.,.,PRO,CG,A,122,.,.,.,PRO,CD,882,883,17.2204,6.49896,1.49602,0,0,1
A,122,.,.,.,PRO,CG,A,124,.,.,.,PRO,CD,882,899,0.14906,0.418035,5.363,-0.055913,2,0
A,122,.,.,.,PRO,CG,A,125,.,.,.,LEU,CD1,882,906,11.1882,6.02403,4.00766,-10.0246,3,0
A,122,.,.,.,PRO,CD,A,125,.,.,.,LEU,CB,883,904,0.0147928,0,4.9671,0.00466222,3,0
A,122,.,.,.,PRO,CD,A,125,.,.,.,LEU,CD1,883,906,4.79591,1.75291,4.17899,-1.54894,3,0
A,123,.,.,.,LYS,N,A,123,.,.,.,LYS,CA,884,885,8.90208,0,1.48331,0,0,1
A,123,.,.,.,LYS,N,A,123,.,.,.,LYS,CB,884,888,3.3521,1.96273,2.54227,0,0,0
A,123,.,.,.,LYS,N,A,123,.,.,.,LYS,CG,884,889,6.04463,1.81691,3.04265,0,0,0
A,123,.,.,.,LYS,N,A,123,.,.,.,LYS,CD,884,890,1.12096,0,3.58256,0,0,0
A,123,.,.,.,LYS,N,A,124,.,.,.,PRO,CD,884,899,3.22034,1.04395,3.24904,0,1,0
A,123,.,.,.,LYS,CA,A,123,.,.,.,LYS,C,885,886,8.23306,0,1.51674,0,0,1
A,123,.,.,.,LYS,CA,A,123,.,.,.,LYS,O,885,887,1.79401,0,2.277,0,0,0
A,123,.,.,.,LYS,CA,A,123,.,.,.,LYS,CB,885,888,8.30128,0,1.51262,0,0,1
A,123,.,.,.,LYS,CA,A,123,.,.,.,LYS,CG,885,889,0.845421,0,2.50477,0,0,0
A,123,.,.,.,LYS,CA,A,123,.,.,.,LYS,CD,885,890,5.38181,0,2.96731,0,0,0
A,123,.,.,.,LYS,CA,A,123,.,.,.,LYS,CE,885,891,0.631776,0,3.76043,0,0,0
A,123,.,.,.,LYS,CA,A,124,.,.,.,PRO,N,885,893,0.0284344,0,2.56296,0,1,0
A,123,.,.,.,LYS,CA,A,124,.,.,.,PRO,CD,885,899,2.28058,0,3.16776,0,1,0
A,123,.,.,.,LYS,CA,A,125,.,.,.,LEU,O,885,903,3.62752,0,4.06098,-0.102135,2,0
A,123,.,.,.,LYS,C,A,123,.,.,.,LYS,O,886,887,8.60175,0.868814,1.2067,0,0,1
A,123,.,.,.,LYS,C,A,123,.,.,.,LYS,CB,886,888,3.12904,0.909323,2.49179,0,0,0
A,123,.,.,.,LYS,C,A,124,.,.,.,PRO,N,886,893,7.47485,0.752456,1.33675,0,1,1
A,123,.,.,.,LYS,C,A,124,.,.,.,PRO,CA,886,894,1.25885,0.0642543,2.36125,0,1,0
A,123,.,.,.,LYS,C,A,124,.,.,.,PRO,C,886,895,1.38393,0,2.93538,0,1,0
A,123,.,.,.,LYS,C,A,124,.,.,.,PRO,CD,886,899,1.73242,0.46581,2.47551,0,1,0
A,123,.,.,.,LYS,C,A,125,.,.,.,LEU,N,886,900,0.960505,0,3.21372,2.22078,2,0
A,123,.,.,.,LYS,C,A,125,.,.,.,LEU,O,886,903,1.70806,0,3.8099,4.30071,2,0
A,123,.,.,.,LYS,O,A,123,.,.,.,LYS,CB,887,888,6.1695,3.24526,2.74318,0,0,0
A,123,.,.,.,LYS,O,A,123,.,.,.,LYS,CE,887,891,6.13886,4.8761,4.05788,0,0,0
A,123,.,.,.,LYS,O,A,124,.,.,.,PRO,CA,887,894,7.91147,4.59946,2.61344,0,1,0
A,123,.,.,.,LYS,O,A,124,.,.,.,PRO,C,887,895,1.21876,0,3.15969,0,1,0
A,123,.,.,.,LYS,O,A,124,.,.,.,PRO,O,887,896,2.47593,2.70836,3.57959,0,1,0
A,123,.,.,.,LYS,O,A,125,.,.,.,LEU,O,887,903,2.15258,1.60885,4.05292,2.59053,2,0
A,123,.,.,.,LYS,CB,A,123,.,.,.,LYS,CG,888,889,16.1929,6.71657,1.51153,0,0,1
A,123,.,.,.,LYS,CB,A,123,.,.,.,LYS,CD,888,890,0.890385,0,2.48853,0,0,0
A,123,.,.,.,LYS,CB,A,123,.,.,.,LYS,CE,888,891,5.40062,2.53961,3.12279,0,0,0
A,123,.,.,.,LYS,CB,A,124,.,.,.,PRO,CD,888,899,3.49255,3.7417,4.09813,0,1,0
A,123,.,.,.,LYS,CG,A,123,.,.,.,LYS,CD,889,890,15.9074,6.02924,1.49272,0,0,1
A,123,.,.,.,LYS,CG,A,123,.,.,.,LYS,CE,889,891,5.63908,3.60419,2.52854,0,0,0
A,123,.,.,.,LYS,CD,A,123,.,.,.,LYS,CE,890,891,13.7156,2.54781,1.50985,0,0,1
A,123,.,.,.,LYS,CD,A,123,.,.,.,LYS,NZ,890,892,8.63708,5.1856,2.51884,0,0,0
A,123,.,.,.,LYS,CD,A,125,.,.,.,LEU,O,890,903,2.08999,1.08001,5.2068,0.549908,2,0
A,123,.,.,.,LYS,CD,A,127,.,.,.,ASN,OD1,890,923,2.38001,2.74952,5.84554,-0.829261,4,0
A,123,.,.,.,LYS,CE,A,123,.,.,.,LYS,NZ,891,892,22.1012,11.3932,1.48092,0,0,1
A,123,.,.,.,LYS,CE,A,125,.,.,.,LEU,O,891,903,0.660198,0.56559,5.5693,0.128002,2,0
A,123,.,.,.,LYS,NZ,A,125,.,.,.,LEU,O,892,903,0.767084,1.99101,5.64637,0.438984,2,0
A,123,.,.,.,LYS,NZ,A,127,.,.,.,ASN,CG,892,922,0.231153,0.666962,6.05433,-0.234828,4,0
A,123,.,.,.,LYS,NZ,A,127,.,.,.,ASN,OD1,892,923,0.6039,0.749192,5.81263,-0.435579,4,0
A,123,.,.,.,LYS,NZ,A,127,.,.,.,ASN,ND2,892,924,4.31801,5.67121,5.5813,0.436313,4,0
A,124,.,.,.,PRO,N,A,124,.,.,.,PRO,CA,893,894,6.12968,0.604002,1.43757,0,0,1
A,124,.,.,.,PRO,N,A,124,.,.,.,PRO,C,893,895,0.232963,0,2.35619,0,0,0
A,124,.,.,.,PRO,N,A,124,.,.,.,PRO,CG,893,898,0.149649,0.0719572,2.28096,0,0,0
A,124,.,.,.,PRO,N,A,124,.,.,.,PRO,CD,893,899,7.41866,0.663201,1.42227,0,0,1
A,124,.,.,.,PRO,N,A,125,.,.,.,LEU,N,893,900,1.40307,0,2.64473,0,1,0
A,124,.,.,.,PRO,CA,A,124,.,.,.,PRO,C,894,895,7.1429,0,1.54453,0,0,1
A,124,.,.,.,PRO,CA,A,124,.,.,.,PRO,O,894,896,5.85814,3.60908,2.35051,0,0,0
A,124,.,.,.,PRO,CA,A,124,.,.,.,PRO,CB,894,897,15.3031,5.78623,1.51974,0,0,1
A,124,.,.,.,PRO,CA,A,124,.,.,.,PRO,CG,894,898,0.823271,0.407162,2.37749,0,0,0
A,124,.,.,.,PRO,CA,A,124,.,.,.,PRO,CD,894,899,0.507268,0,2.41357,0,0,0
A,124,.,.,.,PRO,CA,A,125,.,.,.,LEU,N,894,900,0.638049,0,2.44603,0,1,0
A,124,.,.,.,PRO,C,A,124,.,.,.,PRO,O,895,896,10.9024,1.55493,1.15777,0,0,1
A,124,.,.,.,PRO,C,A,124,.,.,.,PRO,CB,895,897,4.52961,1.67176,2.60587,0,0,0
A,124,.,.,.,PRO,C,A,125,.,.,.,LEU,N,895,900,7.39536,0,1.31763,0,1,1
A,124,.,.,.,PRO,C,A,125,.,.,.,LEU,CA,895,901,2.41968,0.328216,2.42007,0,1,0
A,124,.,.,.,PRO,C,A,125,.,.,.,LEU,C,895,902,0.409686,0,3.1029,0,1,0
A,124,.,.,.,PRO,C,A,125,.,.,.,LEU,O,895,903,1.23202,0,3.25009,0,1,0
A,124,.,.,.,PRO,C,A,125,.,.,.,LEU,CD2,895,907,0.511138,1.01436,4.77783,0,1,0
A,124,.,.,.,PRO,O,A,124,.,.,.,PRO,CB,896,897,1.02863,2.06656,3.37098,0,0,0
A,124,.,.,.,PRO,O,A,125,.,.,.,LEU,CA,896,901,5.35595,2.82179,2.69976,0,1,0
A,124,.,.,.,PRO,O,A,125,.,.,.,LEU,C,896,902,3.3312,0.1799,3.08857,0,1,0
A,124,.,.,.,PRO,O,A,125,.,.,.,LEU,O,896,903,1.10182,0.995649,3.38391,0,1,0
A,124,.,.,.,PRO,O,A,126,.,.,.,LYS,N,896,908,1.82296,1.41225,3.80304,1.78373,2,0
A,124,.,.,.,PRO,O,A,126,.,.,.,LYS,CB,896,912,1.41362,2.94555,5.20702,0.975179,2,0
A,124,.,.,.,PRO,CB,A,124,.,.,.,PRO,CG,897,898,20.9632,9.62074,1.48397,0,0,1
A,124,.,.,.,PRO,CB,A,124,.,.,.,PRO,CD,897,899,0.0238192,0,2.46614,0,0,0
A,124,.,.,.,PRO,CB,A,125,.,.,.,LEU,N,897,900,1.70992,0,3.24863,0,1,0
A,124,.,.,.,PRO,CB,A,125,.,.,.,LEU,CG,897,905,1.94681,0.952024,5.1572,0,1,0
A,124,.,.,.,PRO,CB,A,125,.,.,.,LEU,CD2,897,907,0.626467,1.68467,5.75289,0,1,0
A,124,.,.,.,PRO,CG,A,124,.,.,.,PRO,CD,898,899,21.1228,9.59644,1.51004,0,0,1
A,124,.,.,.,PRO,CG,A,125,.,.,.,LEU,N,898,900,0.403135,0,3.71228,0,1,0
A,124,.,.,.,PRO,CG,A,125,.,.,.,LEU,CG,898,905,3.30679,2.84993,5.21652,0,1,0
A,124,.,.,.,PRO,CD,A,125,.,.,.,LEU,N,899,900,1.73432,0,3.31397,0,1,0
A,124,.,.,.,PRO,CD,A,125,.,.,.,LEU,CG,899,905,1.34231,0.169448,5.06041,0,1,0
A,124,.,.,.,PRO,CD,A,125,.,.,.,LEU,CD1,899,906,0.136575,0.379426,5.65584,0,1,0
A,125,.,.,.,LEU,N,A,125,.,.,.,LEU,CA,900,901,6.74171,0,1.47161,0,0,1
A,125,.,.,.,LEU,N,A,125,.,.,.,LEU,C,900,902,0.189632,0,2.46245,0,0,0
A,125,.,.,.,LEU,N,A,125,.,.,.,LEU,O,900,903,1.59213,0,2.71819,0,0,0
A,125,.,.,.,LEU,N,A,125,.,.,.,LEU,CB,900,904,0.924634,0,2.43332,0,0,0
A,125,.,.,.,LEU,N,A,125,.,.,.,LEU,CG,900,905,4.41415,0,3.01222,0,0,0
A,125,.,.,.,LEU,N,A,125,.,.,.,LEU,CD2,900,907,0.112828,0,3.88756,0,0,0
A,125,.,.,.,LEU,CA,A,125,.,.,.,LEU,C,901,902,6.49333,0,1.51329,0,0,1
A,125,.,.,.,LEU,CA,A,125,.,.,.,LEU,O,901,903,0.451075,0,2.34799,0,0,0
A,125,.,.,.,LEU,CA,A,125,.,.,.,LEU,CB,901,904,7.73058,0,1.51569,0,0,1
A,125,.,.,.,LEU,CA,A,125,.,.,.,LEU,CG,901,905,1.61874,0,2.57085,0,0,0
A,125,.,.,.,LEU,CA,A,125,.,.,.,LEU,CD2,901,907,7.01867,3.75209,3.21037,0,0,0
A,125,.,.,.,LEU,CA,A,126,.,.,.,LYS,N,901,908,6.44121,2.51052,2.3889,0,1,0
A,125,.,.,.,LEU,CA,A,128,.,.,.,ARG,NH1,901,934,0.0470019,0,4.54986,0.0132364,3,0
A,125,.,.,.,LEU,C,A,125,.,.,.,LEU,O,902,903,8.98232,0.130144,1.19033,0,0,1
A,125,.,.,.,LEU,C,A,125,.,.,.,LEU,CB,902,904,2.86331,0,2.46448,0,0,0
A,125,.,.,.,LEU,C,A,126,.,.,.,LYS,N,902,908,7.46533,0,1.30242,0,1,1
A,125,.,.,.,LEU,C,A,126,.,.,.,LYS,CA,902,909,2.23038,0,2.35141,0,1,0
A,125,.,.,.,LEU,C,A,126,.,.,.,LYS,C,902,910,0.509082,0,3.19662,0,1,0
A,125,.,.,.,LEU,C,A,126,.,.,.,LYS,O,902,911,0.7116,0,3.29592,0,1,0
A,125,.,.,.,LEU,C,A,126,.,.,.,LYS,CB,902,912,0.650691,0.178597,3.48483,0,1,0
A,125,.,.,.,LEU,O,A,125,.,.,.,LEU,CB,903,904,0.412456,0,3.17479,0,0,0
A,125,.,.,.,LEU,O,A,126,.,.,.,LYS,CA,903,909,7.73022,3.29816,2.63634,0,1,0
A,125,.,.,.,LEU,O,A,126,.,.,.,LYS,C,903,910,1.5807,0,3.36437,0,1,0
A,125,.,.,.,LEU,O,A,126,.,.,.,LYS,CB,903,912,0.297526,1.20442,3.79039,0,1,0
A,125,.,.,.,LEU,O,A,127,.,.,.,ASN,N,903,917,0.0615098,0,4.18068,0.051895,2,0
A,125,.,.,.,LEU,O,A,127,.,.,.,ASN,OD1,903,923,0.75744,0.98189,5.17856,0.397649,2,0
A,125,.,.,.,LEU,CB,A,125,.,.,.,LEU,CG,904,905,7.47573,0,1.51202,0,0,1
A,125,.,.,.,LEU,CB,A,125,.,.,.,LEU,CD1,904,906,4.03562,0,2.43845,0,0,0
A,125,.,.,.,LEU,CB,A,125,.,.,.,LEU,CD2,904,907,2.65614,0,2.49323,0,0,0
A,125,.,.,.,LEU,CB,A,126,.,.,.,LYS,N,904,908,1.46313,0,3.1304,0,1,0
A,125,.,.,.,LEU,CB,A,126,.,.,.,LYS,O,904,911,0.949096,0,4.0334,0,1,0
A,125,.,.,.,LEU,CB,A,128,.,.,.,ARG,NH1,904,934,4.585,0,3.87976,-0.465002,3,0
A,125,.,.,.,LEU,CG,A,125,.,.,.,LEU,CD1,905,906,14.3777,3.36608,1.48479,0,0,1
A,125,.,.,.,LEU,CG,A,125,.,.,.,LEU,CD2,905,907,14.4415,3.08429,1.5,0,0,1
A,125,.,.,.,LEU,CG,A,128,.,.,.,ARG,NH1,905,934,0.0252324,0,4.49148,-0.00461915,3,0
A,125,.,.,.,LEU,CG,A,195,.,.,.,LEU,CD2,905,1461,0.00231512,0.0492855,4.62086,-0.00374535,5,0
A,125,.,.,.,LEU,CD1,A,125,.,.,.,LEU,CD2,906,907,4.2225,0,2.44181,0,0,0
A,125,.,.,.,LEU,CD1,A,128,.,.,.,ARG,NH1,906,934,1.39864,0,4.78078,0.0897333,3,0
A,125,.,.,.,LEU,CD1,A,195,.,.,.,LEU,CG,906,1459,0.0022807,0,4.66659,-0.00377136,5,0
A,125,.,.,.,LEU,CD1,A,195,.,.,.,LEU,CD1,906,1460,7.21402,3.53326,4.50002,-15.6043,5,0
A,125,.,.,.,LEU,CD1,A,195,.,.,.,LEU,CD2,906,1461,7.73376,4.90399,4.26692,-16.6429,5,0
A,125,.,.,.,LEU,CD2,A,126,.,.,.,LYS,N,907,908,0.0602709,0.272932,4.78358,0,1,0
A,125,.,.,.,LEU,CD2,A,128,.,.,.,ARG,NH1,907,934,5.28765,0.738509,4.16062,-1.56077,3,0
A,125,.,.,.,LEU,CD2,A,128,.,.,.,ARG,NH2,907,935,2.62114,0.870906,4.92798,-0.153366,3,0
A,125,.,.,.,LEU,CD2,A,194,.,.,.,SER,N,907,1448,1.1748,0.667097,5.76191,0.515022,5,0
A,125,.,.,.,LEU,CD2,A,194,.,.,.,SER,OG,907,1453,10.7323,6.98386,4.63888,-1.92712,5,0
A,125,.,.,.,LEU,CD2,A,195,.,.,.,LEU,N,907,1454,0.0324996,0,5.32176,0.00186663,5,0
A,125,.,.,.,LEU,CD2,A,195,.,.,.,LEU,CG,907,1459,7.20466,0,3.78174,-10.2114,5,0
A,125,.,.,.,LEU,CD2,A,195,.,.,.,LEU,CD1,907,1460,1.86657,0,4.22065,-1.55754,5,0
A,125,.,.,.,LEU,CD2,A,195,.,.,.,LEU,CD2,907,1461,8.239,3.46586,3.74277,-17.8294,5,0
A,126,.,.,.,LYS,N,A,126,.,.,.,LYS,CA,908,909,7.10496,0,1.4672,0,0,1
A,126,.,.,.,LYS,N,A,126,.,.,.,LYS,C,908,910,0.100478,0,2.47385,0,0,0
A,126,.,.,.,LYS,N,A,126,.,.,.,LYS,O,908,911,2.18632,0,2.67342,0,0,0
A,126,.,.,.,LYS,N,A,126,.,.,.,LYS,CB,908,912,4.67948,0.478335,2.48691,0,0,0
A,126,.,.,.,LYS,N,A,126,.,.,.,LYS,CG,908,913,3.49289,0.826467,3.31383,0,0,0
A,126,.,.,.,LYS,N,A,126,.,.,.,LYS,CD,908,914,1.10995,2.30351,4.24906,0,0,0
A,126,.,.,.,LYS,N,A,128,.,.,.,ARG,NH1,908,934,4.94761,1.19313,3.85013,7.88896,2,0
A,126,.,.,.,LYS,N,A,162,.,.,.,VAL,CG2,908,1217,0.283195,0.469727,5.20272,0.241401,5,0
A,126,.,.,.,LYS,CA,A,126,.,.,.,LYS,C,909,910,8.89206,0,1.5358,0,0,1
A,126,.,.,.,LYS,CA,A,126,.,.,.,LYS,O,909,911,0.256666,0,2.35632,0,0,0
A,126,.,.,.,LYS,CA,A,126,.,.,.,LYS,CB,909,912,13.6847,2.9295,1.52203,0,0,1
A,126,.,.,.,LYS,CA,A,126,.,.,.,LYS,CG,909,913,2.0675,0,2.61319,0,0,0
A,126,.,.,.,LYS,CA,A,127,.,.,.,ASN,N,909,917,4.97328,2.17797,2.42743,0,1,0
A,126,.,.,.,LYS,CA,A,127,.,.,.,ASN,OD1,909,923,0.00376721,0.0676361,4.97135,0,1,0
A,126,.,.,.,LYS,CA,A,128,.,.,.,ARG,NH1,909,934,0.113728,0,4.46629,0.0514303,2,0
A,126,.,.,.,LYS,C,A,126,.,.,.,LYS,O,910,911,9.13746,0,1.18262,0,0,1
A,126,.,.,.,LYS,C,A,126,.,.,.,LYS,CB,910,912,0.166456,0,2.69186,0,0,0
A,126,.,.,.,LYS,C,A,126,.,.,.,LYS,CG,910,913,2.00682,0,3.34841,0,0,0
A,126,.,.,.,LYS,C,A,127,.,.,.,ASN,N,910,917,7.98703,0,1.31491,0,1,1
A,126,.,.,.,LYS,C,A,127,.,.,.,ASN,CA,910,918,1.49761,0,2.42675,0,1,0
A,126,.,.,.,LYS,C,A,127,.,.,.,ASN,C,910,919,0.570667,0,3.05594,0,1,0
A,126,.,.,.,LYS,C,A,127,.,.,.,ASN,O,910,920,1.70131,0,3.12141,0,1,0
A,126,.,.,.,LYS,C,A,127,.,.,.,ASN,OD1,910,923,0.65696,0,4.00876,0,1,0
A,126,.,.,.,LYS,C,A,128,.,.,.,ARG,NH1,910,934,0.026831,0,4.03435,0.00821876,2,0
A,126,.,.,.,LYS,C,A,162,.,.,.,VAL,CG2,910,1217,0.293578,0,5.08184,-0.0503079,5,0
A,126,.,.,.,LYS,O,A,127,.,.,.,ASN,CA,911,918,2.42364,0,2.75138,0,1,0
A,126,.,.,.,LYS,O,A,127,.,.,.,ASN,C,911,919,1.64775,0,3.14739,0,1,0
A,126,.,.,.,LYS,O,A,127,.,.,.,ASN,O,911,920,0.277271,0,3.38721,0,1,0
A,126,.,.,.,LYS,O,A,128,.,.,.,ARG,CD,911,931,2.41347,0,3.88355,0.126724,2,0
A,126,.,.,.,LYS,O,A,128,.,.,.,ARG,NH1,911,934,5.65841,0,3.08885,-0.502827,2,0
A,126,.,.,.,LYS,O,A,162,.,.,.,VAL,CB,911,1215,0.0646598,0,5.36751,-0.0377117,5,0
A,126,.,.,.,LYS,O,A,162,.,.,.,VAL,CG2,911,1217,0.158724,0,5.06216,0.073068,5,0
A,126,.,.,.,LYS,CB,A,126,.,.,.,LYS,CG,912,913,9.4838,0,1.49197,0,0,1
A,126,.,.,.,LYS,CB,A,126,.,.,.,LYS,CD,912,914,5.80664,2.34692,2.46523,0,0,0
A,126,.,.,.,LYS,CB,A,126,.,.,.,LYS,CE,912,915,7.30311,4.3004,3.10419,0,0,0
A,126,.,.,.,LYS,CB,A,127,.,.,.,ASN,N,912,917,4.12949,1.31173,3.16713,0,1,0
A,126,.,.,.,LYS,CB,A,160,.,.,.,ASP,O,912,1198,4.88387,2.33661,4.02889,-0.0914539,5,0
A,126,.,.,.,LYS,CG,A,126,.,.,.,LYS,CD,913,914,11.5776,0.647496,1.50552,0,0,1
A,126,.,.,.,LYS,CG,A,126,.,.,.,LYS,CE,913,915,2.12385,0,2.54983,0,0,0
A,126,.,.,.,LYS,CG,A,127,.,.,.,ASN,N,913,917,0.604222,0,3.80376,0,1,0
A,126,.,.,.,LYS,CG,A,127,.,.,.,ASN,O,913,920,2.49168,0,3.99059,0,1,0
A,126,.,.,.,LYS,CG,A,128,.,.,.,ARG,NH1,913,934,0.181223,0,5.11479,0.094698,2,0
A,126,.,.,.,LYS,CG,A,160,.,.,.,ASP,C,913,1197,0.0851868,0,4.56358,-0.0018486,5,0
A,126,.,.,.,LYS,CG,A,160,.,.,.,ASP,O,913,1198,2.42181,0,3.85084,-0.0904409,5,0
A,126,.,.,.,LYS,CG,A,161,.,.,.,LEU,CA,913,1204,2.29196,0,4.48584,1.99713,5,0
A,126,.,.,.,LYS,CG,A,161,.,.,.,LEU,C,913,1205,0.6404,0,4.45367,0.0417377,5,0
A,126,.,.,.,LYS,CG,A,162,.,.,.,VAL,N,913,1211,2.08895,0,4.03564,3.29715,5,0
A,126,.,.,.,LYS,CG,A,162,.,.,.,VAL,CG2,913,1217,9.90542,0.604257,3.28772,-4.63317,5,0
A,126,.,.,.,LYS,CD,A,126,.,.,.,LYS,CE,914,915,14.1024,3.67896,1.49805,0,0,1
A,126,.,.,.,LYS,CD,A,126,.,.,.,LYS,NZ,914,916,8.87941,5.13727,2.46045,0,0,0
A,126,.,.,.,LYS,CD,A,161,.,.,.,LEU,CA,914,1204,0.000582196,0,5.11743,0.000344486,5,0
A,126,.,.,.,LYS,CD,A,161,.,.,.,LEU,C,914,1205,1.08617,0,4.94157,0.0250489,5,0
A,126,.,.,.,LYS,CD,A,162,.,.,.,VAL,CG2,914,1217,10.5993,5.98843,3.69283,0.165668,5,0
A,126,.,.,.,LYS,CE,A,126,.,.,.,LYS,NZ,915,916,17.6904,6.1246,1.46256,0,0,1
A,126,.,.,.,LYS,CE,A,160,.,.,.,ASP,CA,915,1196,4.01476,2.43064,4.41268,0.2915,5,0
A,126,.,.,.,LYS,CE,A,160,.,.,.,ASP,C,915,1197,2.46644,0,4.00915,2.78503,5,0
A,126,.,.,.,LYS,CE,A,160,.,.,.,ASP,O,915,1198,4.72116,1.36129,3.63538,-0.894269,5,0
A,126,.,.,.,LYS,CE,A,161,.,.,.,LEU,N,915,1203,0.250615,0,4.63934,0.405405,5,0
A,126,.,.,.,LYS,CE,A,161,.,.,.,LEU,CA,915,1204,0.0666886,0,5.07002,0.0525278,5,0
A,126,.,.,.,LYS,CE,A,161,.,.,.,LEU,C,915,1205,0.199284,0,5.16966,0.0477127,5,0
A,126,.,.,.,LYS,NZ,A,159,.,.,.,LYS,O,916,1189,15.8486,8.44095,2.88422,-1.2374,5,0
A,126,.,.,.,LYS,NZ,A,160,.,.,.,ASP,CA,916,1196,0.831959,0.60154,4.34725,-0.460984,5,0
A,126,.,.,.,LYS,NZ,A,160,.,.,.,ASP,C,916,1197,0.127512,0,4.26062,0.00481402,5,0
A,126,.,.,.,LYS,NZ,A,161,.,.,.,LEU,N,916,1203,0.180232,0,4.72409,0.302847,5,0
A,126,.,.,.,LYS,NZ,A,161,.,.,.,LEU,C,916,1205,0.946058,0.320218,5.26901,0.441393,5,0
A,126,.,.,.,LYS,NZ,A,161,.,.,.,LEU,O,916,1206,0.205721,0.630953,5.40066,0.117729,5,0
A,126,.,.,.,LYS,NZ,A,162,.,.,.,VAL,CG2,916,1217,0.0758651,0.963462,5.29014,0.0672192,5,0
A,127,.,.,.,ASN,N,A,127,.,.,.,ASN,CA,917,918,6.84648,0,1.46744,0,0,1
A,127,.,.,.,ASN,N,A,127,.,.,.,ASN,C,917,919,0.190256,0,2.43085,0,0,0
A,127,.,.,.,ASN,N,A,127,.,.,.,ASN,O,917,920,2.28355,0,2.64266,0,0,0
A,127,.,.,.,ASN,N,A,127,.,.,.,ASN,CB,917,921,2.48191,0,2.47176,0,0,0
A,127,.,.,.,ASN,N,A,127,.,.,.,ASN,CG,917,922,5.05717,2.15565,2.98302,0,0,0
A,127,.,.,.,ASN,N,A,127,.,.,.,ASN,OD1,917,923,2.26554,0.247288,3.20427,0,0,0
A,127,.,.,.,ASN,N,A,127,.,.,.,ASN,ND2,917,924,0.305057,1.38228,3.89114,0,0,0
A,127,.,.,.,ASN,N,A,160,.,.,.,ASP,O,917,1198,1.85999,0.847507,4.51842,-0.781748,5,0
A,127,.,.,.,ASN,N,A,161,.,.,.,LEU,CD1,917,1209,1.76522,0.110897,4.13846,1.51464,5,0
A,127,.,.,.,ASN,CA,A,127,.,.,.,ASN,C,918,919,6.8879,0,1.52421,0,0,1
A,127,.,.,.,ASN,CA,A,127,.,.,.,ASN,O,918,920,0.307318,0,2.33526,0,0,0
A,127,.,.,.,ASN,CA,A,127,.,.,.,ASN,CB,918,921,8.12995,0,1.52331,0,0,1
A,127,.,.,.,ASN,CA,A,127,.,.,.,ASN,CG,918,922,0.56105,0,2.54152,0,0,0
A,127,.,.,.,ASN,CA,A,127,.,.,.,ASN,OD1,918,923,2.01091,0,2.87647,0,0,0
A,127,.,.,.,ASN,CA,A,128,.,.,.,ARG,N,918,925,2.51776,0,2.41596,0,1,0
A,127,.,.,.,ASN,CA,A,161,.,.,.,LEU,CD1,918,1209,0.475314,0,3.77633,0.181023,5,0
A,127,.,.,.,ASN,C,A,127,.,.,.,ASN,O,919,920,7.65311,0,1.16973,0,0,1
A,127,.,.,.,ASN,C,A,127,.,.,.,ASN,CB,919,921,1.3531,0,2.55887,0,0,0
A,127,.,.,.,ASN,C,A,128,.,.,.,ARG,N,919,925,7.84142,0,1.30936,0,1,1
A,127,.,.,.,ASN,C,A,128,.,.,.,ARG,CA,919,926,1.5801,0,2.45091,0,1,0
A,127,.,.,.,ASN,C,A,128,.,.,.,ARG,CG,919,930,0.47994,0,3.91186,0,1,0
A,127,.,.,.,ASN,C,A,128,.,.,.,ARG,CD,919,931,1.07864,0,4.18704,0,1,0
A,127,.,.,.,ASN,C,A,161,.,.,.,LEU,CG,919,1208,0.664941,0,4.15468,0.220956,5,0
A,127,.,.,.,ASN,C,A,161,.,.,.,LEU,CD1,919,1209,1.89165,0,3.56171,0.374065,5,0
A,127,.,.,.,ASN,O,A,128,.,.,.,ARG,CA,920,926,2.81439,0,2.78603,0,1,0
A,127,.,.,.,ASN,O,A,128,.,.,.,ARG,CG,920,930,0.55197,0,4.01108,0,1,0
A,127,.,.,.,ASN,O,A,128,.,.,.,ARG,CD,920,931,0.176999,0,4.4036,0,1,0
A,127,.,.,.,ASN,O,A,160,.,.,.,ASP,O,920,1198,0.025122,0,4.37521,0.0239441,5,0
A,127,.,.,.,ASN,O,A,161,.,.,.,LEU,CA,920,1204,2.92765,0,3.29603,0.164764,5,0
A,127,.,.,.,ASN,O,A,161,.,.,.,LEU,CB,920,1207,1.19952,0,3.59294,0.25227,5,0
A,127,.,.,.,ASN,O,A,161,.,.,.,LEU,CG,920,1208,0.191431,0,3.82736,0.0682046,5,0
A,127,.,.,.,ASN,O,A,161,.,.,.,LEU,CD1,920,1209,2.08976,0,3.34144,0.364394,5,0
A,127,.,.,.,ASN,O,A,162,.,.,.,VAL,N,920,1211,4.64273,0,2.92855,-4.6952,5,0
A,127,.,.,.,ASN,O,A,162,.,.,.,VAL,CB,920,1215,1.86053,0,4.10194,-0.813836,5,0
A,127,.,.,.,ASN,O,A,162,.,.,.,VAL,CG2,920,1217,0.391102,0,4.3886,0.200783,5,0
A,127,.,.,.,ASN,CB,A,127,.,.,.,ASN,CG,921,922,9.87865,0,1.50307,0,0,1
A,127,.,.,.,ASN,CB,A,127,.,.,.,ASN,OD1,921,923,0.219718,0,2.35918,0,0,0
A,127,.,.,.,ASN,CB,A,127,.,.,.,ASN,ND2,921,924,4.97527,0.218671,2.38926,0,0,0
A,127,.,.,.,ASN,CB,A,128,.,.,.,ARG,N,921,925,1.84921,0,3.18337,0,1,0
A,127,.,.,.,ASN,CB,A,128,.,.,.,ARG,O,921,928,0.612637,0,4.80672,0,1,0
A,127,.,.,.,ASN,CB,A,161,.,.,.,LEU,CG,921,1208,0.282584,0,4.36658,-0.0269583,5,0
A,127,.,.,.,ASN,CB,A,161,.,.,.,LEU,CD1,921,1209,12.3564,0.419532,3.22405,-6.48417,5,0
A,127,.,.,.,ASN,CG,A,127,.,.,.,ASN,OD1,922,923,11.09,1.10426,1.19641,0,0,1
A,127,.,.,.,ASN,CG,A,127,.,.,.,ASN,ND2,922,924,14.9246,1.81645,1.29969,0,0,1
A,127,.,.,.,ASN,OD1,A,127,.,.,.,ASN,ND2,923,924,2.6292,1.85872,2.18141,0,0,0
A,127,.,.,.,ASN,ND2,A,161,.,.,.,LEU,CD1,924,1209,5.59191,5.89574,4.3168,1.91996,5,0
A,128,.,.,.,ARG,N,A,128,.,.,.,ARG,CA,925,926,7.00609,0,1.46823,0,0,1
A,128,.,.,.,ARG,N,A,128,.,.,.,ARG,C,925,927,0.658049,0,2.47025,0,0,0
A,128,.,.,.,ARG,N,A,128,.,.,.,ARG,O,925,928,2.95287,0,2.68221,0,0,0
A,128,.,.,.,ARG,N,A,128,.,.,.,ARG,CB,925,929,3.45127,0,2.42232,0,0,0
A,128,.,.,.,ARG,N,A,128,.,.,.,ARG,CG,925,930,0.109179,0,3.30946,0,0,0
A,128,.,.,.,ARG,N,A,128,.,.,.,ARG,CD,925,931,0.672535,0,3.80509,0,0,0
A,128,.,.,.,ARG,N,A,161,.,.,.,LEU,CG,925,1208,0.638475,0,4.55915,0.567495,5,0
A,128,.,.,.,ARG,N,A,161,.,.,.,LEU,CD1,925,1209,0.0722611,0,4.28378,0.0290553,5,0
A,128,.,.,.,ARG,CA,A,128,.,.,.,ARG,C,926,927,7.46393,0,1.51744,0,0,1
A,128,.,.,.,ARG,CA,A,128,.,.,.,ARG,O,926,928,0.64165,0,2.29556,0,0,0
A,128,.,.,.,ARG,CA,A,128,.,.,.,ARG,CB,926,929,7.387,0,1.51428,0,0,1
A,128,.,.,.,ARG,CA,A,128,.,.,.,ARG,CG,926,930,3.18264,0,2.51558,0,0,0
A,128,.,.,.,ARG,CA,A,129,.,.,.,ASP,N,926,936,2.32064,0,2.40986,0,1,0
A,128,.,.,.,ARG,CA,A,161,.,.,.,LEU,CB,926,1207,1.21632,0,4.70313,0.600015,5,0
A,128,.,.,.,ARG,CA,A,161,.,.,.,LEU,CG,926,1208,0.392519,0,4.83371,0.201873,5,0
A,128,.,.,.,ARG,CA,A,162,.,.,.,VAL,N,926,1211,0.867961,0,4.23641,1.79708,5,0
A,128,.,.,.,ARG,CA,A,162,.,.,.,VAL,O,926,1214,3.6185,0,3.29861,-2.34609,5,0
A,128,.,.,.,ARG,CA,A,162,.,.,.,VAL,CB,926,1215,0.197018,0,4.76438,0.035081,5,0
A,128,.,.,.,ARG,C,A,128,.,.,.,ARG,O,927,928,8.28509,0,1.13956,0,0,1
A,128,.,.,.,ARG,C,A,128,.,.,.,ARG,CB,927,929,2.20007,0,2.47759,0,0,0
A,128,.,.,.,ARG,C,A,129,.,.,.,ASP,N,927,936,7.50909,0,1.30571,0,1,1
A,128,.,.,.,ARG,C,A,129,.,.,.,ASP,CA,927,937,1.27633,0,2.45263,0,1,0
A,128,.,.,.,ARG,C,A,129,.,.,.,ASP,CB,927,940,1.21101,0,3.27367,0,1,0
A,128,.,.,.,ARG,C,A,161,.,.,.,LEU,CB,927,1207,0.413599,0,4.68188,0.527938,5,0
A,128,.,.,.,ARG,C,A,161,.,.,.,LEU,CG,927,1208,2.13355,0,4.62803,1.62894,5,0
A,128,.,.,.,ARG,O,A,128,.,.,.,ARG,CB,928,929,0.246984,0,3.15198,0,0,0
A,128,.,.,.,ARG,O,A,129,.,.,.,ASP,CA,928,937,2.09874,0,2.78378,0,1,0
A,128,.,.,.,ARG,O,A,129,.,.,.,ASP,CB,928,940,1.37122,0,3.41128,0,1,0
A,128,.,.,.,ARG,O,A,161,.,.,.,LEU,CG,928,1208,1.82619,0,4.69935,0.18711,5,0
A,128,.,.,.,ARG,CB,A,128,.,.,.,ARG,CG,929,930,10.0264,0,1.50957,0,0,1
A,128,.,.,.,ARG,CB,A,128,.,.,.,ARG,CD,929,931,3.43702,0,2.51742,0,0,0
A,128,.,.,.,ARG,CB,A,129,.,.,.,ASP,N,929,936,2.46784,0,3.13928,0,1,0
A,128,.,.,.,ARG,CB,A,162,.,.,.,VAL,O,929,1214,0.175474,0,3.8052,-0.0786317,5,0
A,128,.,.,.,ARG,CB,A,164,.,.,.,ALA,N,929,1229,0.0125677,0,5.19965,0.0148176,5,0
A,128,.,.,.,ARG,CB,A,164,.,.,.,ALA,CB,929,1233,1.26296,0,4.69138,0.581933,5,0
A,128,.,.,.,ARG,CG,A,128,.,.,.,ARG,CD,930,931,10.8124,0,1.48253,0,0,1
A,128,.,.,.,ARG,CG,A,128,.,.,.,ARG,NE,930,932,3.44667,0,2.29401,0,0,0
A,128,.,.,.,ARG,CG,A,162,.,.,.,VAL,O,930,1214,3.48373,0,3.53205,-0.296541,5,0
A,128,.,.,.,ARG,CG,A,162,.,.,.,VAL,CB,930,1215,4.58316,0,3.90799,-1.98111,5,0
A,128,.,.,.,ARG,CG,A,162,.,.,.,VAL,CG1,930,1216,2.18114,0,4.22163,-0.0966647,5,0
A,128,.,.,.,ARG,CG,A,164,.,.,.,ALA,N,930,1229,0.603977,0,4.81949,0.557585,5,0
A,128,.,.,.,ARG,CG,A,164,.,.,.,ALA,CB,930,1233,6.48242,0,4.32455,-2.78938,5,0
A,128,.,.,.,ARG,CG,A,191,.,.,.,PRO,CA,930,1429,1.24643,0,4.97265,0.13511,5,0
A,128,.,.,.,ARG,CG,A,191,.,.,.,PRO,O,930,1431,1.14712,0,4.28436,0.11291,5,0
A,128,.,.,.,ARG,CG,A,191,.,.,.,PRO,CB,930,1432,0.573404,0,4.94742,-0.0895583,5,0
A,128,.,.,.,ARG,CD,A,128,.,.,.,ARG,NE,931,932,7.73411,0,1.42134,0,0,1
A,128,.,.,.,ARG,CD,A,128,.,.,.,ARG,CZ,931,933,3.3377,0,2.4108,0,0,0
A,128,.,.,.,ARG,CD,A,128,.,.,.,ARG,NH1,931,934,3.97389,0,2.77798,0,0,0
A,128,.,.,.,ARG,CD,A,162,.,.,.,VAL,CB,931,1215,0.64641,0,4.38086,-0.2068,5,0
A,128,.,.,.,ARG,CD,A,191,.,.,.,PRO,CB,931,1432,4.64421,1.96524,4.48663,-1.21197,5,0
A,128,.,.,.,ARG,CD,A,195,.,.,.,LEU,CD1,931,1460,0.503468,0.920956,5.78997,-0.105399,5,0
A,128,.,.,.,ARG,NE,A,128,.,.,.,ARG,CZ,932,933,8.522,0,1.29342,0,0,1
A,128,.,.,.,ARG,NE,A,128,.,.,.,ARG,NH2,932,935,0.738164,0,2.2136,0,0,0
A,128,.,.,.,ARG,NE,A,162,.,.,.,VAL,CB,932,1215,0.705661,0,3.89293,0.255688,5,0
A,128,.,.,.,ARG,NE,A,162,.,.,.,VAL,CG1,932,1216,1.12355,0,3.87206,0.0271619,5,0
A,128,.,.,.,ARG,NE,A,191,.,.,.,PRO,CA,932,1429,0.253654,0,4.19809,-0.0591656,5,0
A,128,.,.,.,ARG,NE,A,191,.,.,.,PRO,O,932,1431,3.03818,0,3.14089,-1.9154,5,0
A,128,.,.,.,ARG,NE,A,191,.,.,.,PRO,CB,932,1432,4.23256,0,3.76614,0.347125,5,0
A,128,.,.,.,ARG,NE,A,195,.,.,.,LEU,CD1,932,1460,0.0304633,0,4.97545,-0.02386,5,0
A,128,.,.,.,ARG,CZ,A,128,.,.,.,ARG,NH1,933,934,11.6068,0,1.29716,0,0,1
A,128,.,.,.,ARG,CZ,A,128,.,.,.,ARG,NH2,933,935,10.9897,0,1.28317,0,0,1
A,128,.,.,.,ARG,CZ,A,162,.,.,.,VAL,CB,933,1215,2.08757,0,3.97796,-0.563382,5,0
A,128,.,.,.,ARG,CZ,A,162,.,.,.,VAL,CG1,933,1216,0.330885,0,4.02025,-0.253364,5,0
A,128,.,.,.,ARG,CZ,A,162,.,.,.,VAL,CG2,933,1217,1.88758,0,4.05615,-1.54536,5,0
A,128,.,.,.,ARG,CZ,A,191,.,.,.,PRO,CB,933,1432,0.827522,0,4.34634,-0.844759,5,0
A,128,.,.,.,ARG,CZ,A,195,.,.,.,LEU,CD1,933,1460,4.06132,0,4.46691,-3.84356,5,0
A,128,.,.,.,ARG,NH1,A,128,.,.,.,ARG,NH2,934,935,3.64683,1.21129,2.24323,0,0,0
A,128,.,.,.,ARG,NH1,A,162,.,.,.,VAL,CB,934,1215,0.0736814,0,4.53798,-0.0175088,5,0
A,128,.,.,.,ARG,NH1,A,162,.,.,.,VAL,CG2,934,1217,3.01364,0.489561,4.31806,0.409277,5,0
A,128,.,.,.,ARG,NH1,A,195,.,.,.,LEU,CD1,934,1460,1.73191,0,4.68569,0.111115,5,0
A,128,.,.,.,ARG,NH2,A,162,.,.,.,VAL,CB,935,1215,0.0647747,0,4.09779,-0.0153923,5,0
A,128,.,.,.,ARG,NH2,A,162,.,.,.,VAL,CG1,935,1216,2.41788,0,3.77898,-0.315535,5,0
A,128,.,.,.,ARG,NH2,A,162,.,.,.,VAL,CG2,935,1217,3.20258,0.849669,4.03659,-0.31568,5,0
A,128,.,.,.,ARG,NH2,A,191,.,.,.,PRO,C,935,1430,0.0833783,0,3.98078,-0.015616,5,0
A,128,.,.,.,ARG,NH2,A,191,.,.,.,PRO,O,935,1431,3.87231,0,3.05362,-2.77541,5,0
A,128,.,.,.,ARG,NH2,A,191,.,.,.,PRO,CB,935,1432,1.87259,0,4.26319,-0.41353,5,0
A,128,.,.,.,ARG,NH2,A,192,.,.,.,LYS,C,935,1437,0.624505,0,3.91928,0.794507,5,0
A,128,.,.,.,ARG,NH2,A,192,.,.,.,LYS,O,935,1438,3.23159,0,3.71545,-0.287171,5,0
A,128,.,.,.,ARG,NH2,A,193,.,.,.,GLY,N,935,1444,0.239723,0,3.86656,0.0442981,5,0
A,128,.,.,.,ARG,NH2,A,193,.,.,.,GLY,CA,935,1445,7.33678,0.750895,3.56246,-2.0764,5,0
A,128,.,.,.,ARG,NH2,A,194,.,.,.,SER,N,935,1448,3.51154,1.07962,4.37164,2.07798,5,0
A,128,.,.,.,ARG,NH2,A,195,.,.,.,LEU,N,935,1454,0.170813,0,5.12348,0.201735,5,0
A,128,.,.,.,ARG,NH2,A,195,.,.,.,LEU,CG,935,1459,2.86264,0,4.65708,-0.524047,5,0
A,128,.,.,.,ARG,NH2,A,195,.,.,.,LEU,CD1,935,1460,3.57783,0,4.24678,-0.515552,5,0
A,129,.,.,.,ASP,N,A,129,.,.,.,ASP,CA,936,937,7.00031,0,1.46807,0,0,1
A,129,.,.,.,ASP,N,A,129,.,.,.,ASP,C,936,938,0.85833,0,2.45045,0,0,0
A,129,.,.,.,ASP,N,A,129,.,.,.,ASP,O,936,939,3.11015,0,2.6737,0,0,0
A,129,.,.,.,ASP,N,A,129,.,.,.,ASP,CB,936,940,1.73878,0,2.49483,0,0,0
A,129,.,.,.,ASP,N,A,129,.,.,.,ASP,CG,936,941,0.270676,0,3.18232,0,0,0
A,129,.,.,.,ASP,N,A,129,.,.,.,ASP,OD1,936,942,2.07625,0,3.04339,0,0,0
A,129,.,.,.,ASP,N,A,161,.,.,.,LEU,CB,936,1207,0.896184,0,4.72038,1.28649,5,0
A,129,.,.,.,ASP,N,A,161,.,.,.,LEU,CG,936,1208,0.00128901,0,4.93937,0.00153918,5,0
A,129,.,.,.,ASP,N,A,162,.,.,.,VAL,O,936,1214,4.40544,0,3.17688,-4.38098,5,0
A,129,.,.,.,ASP,N,A,164,.,.,.,ALA,N,936,1229,0.265497,0,4.53927,0.457109,5,0
A,129,.,.,.,ASP,N,A,164,.,.,.,ALA,CB,936,1233,0.487221,0,5.08258,0.446755,5,0
A,129,.,.,.,ASP,CA,A,129,.,.,.,ASP,C,937,938,7.21433,0,1.51819,0,0,1
A,129,.,.,.,ASP,CA,A,129,.,.,.,ASP,O,937,939,0.317546,0,2.31173,0,0,0
A,129,.,.,.,ASP,CA,A,129,.,.,.,ASP,CB,937,940,8.77328,0,1.52589,0,0,1
A,129,.,.,.,ASP,CA,A,129,.,.,.,ASP,CG,937,941,0.0772584,0,2.59934,0,0,0
A,129,.,.,.,ASP,CA,A,129,.,.,.,ASP,OD1,937,942,0.875783,0,2.84014,0,0,0
A,129,.,.,.,ASP,CA,A,130,.,.,.,VAL,N,937,944,1.96156,0,2.38528,0,1,0
A,129,.,.,.,ASP,C,A,129,.,.,.,ASP,O,938,939,7.66827,0,1.15142,0,0,1
A,129,.,.,.,ASP,C,A,129,.,.,.,ASP,CB,938,940,1.17601,0,2.56699,0,0,0
A,129,.,.,.,ASP,C,A,129,.,.,.,ASP,CG,938,941,0.985152,0,3.17444,0,0,0
A,129,.,.,.,ASP,C,A,129,.,.,.,ASP,OD1,938,942,0.573378,0,3.10596,0,0,0
A,129,.,.,.,ASP,C,A,130,.,.,.,VAL,N,938,944,7.66774,0,1.2993,0,1,1
A,129,.,.,.,ASP,C,A,130,.,.,.,VAL,CA,938,945,1.24079,0,2.45299,0,1,0
A,129,.,.,.,ASP,C,A,130,.,.,.,VAL,CG1,938,949,1.78918,0,3.49647,0,1,0
A,129,.,.,.,ASP,C,A,163,.,.,.,ARG,CD,938,1224,1.40744,0,3.82979,-0.1886,5,0
A,129,.,.,.,ASP,C,A,164,.,.,.,ALA,CB,938,1233,0.00980275,0,4.80275,-0.000112073,5,0
A,129,.,.,.,ASP,O,A,129,.,.,.,ASP,OD1,939,942,1.38494,0,3.01855,0,0,0
A,129,.,.,.,ASP,O,A,130,.,.,.,VAL,CA,939,945,2.03627,0,2.81131,0,1,0
A,129,.,.,.,ASP,O,A,130,.,.,.,VAL,CG1,939,949,2.44508,0,3.40601,0,1,0
A,129,.,.,.,ASP,O,A,162,.,.,.,VAL,O,939,1214,0.378114,0,3.81146,0.361011,5,0
A,129,.,.,.,ASP,O,A,163,.,.,.,ARG,CA,939,1219,1.73545,0,3.58584,-0.106433,5,0
A,129,.,.,.,ASP,O,A,163,.,.,.,ARG,CD,939,1224,4.09483,0,3.19299,-1.50796,5,0
A,129,.,.,.,ASP,O,A,164,.,.,.,ALA,N,939,1229,5.14151,0,3.01958,-0.77879,5,0
A,129,.,.,.,ASP,O,A,164,.,.,.,ALA,O,939,1232,0.675588,0,3.88875,0.888148,5,0
A,129,.,.,.,ASP,O,A,164,.,.,.,ALA,CB,939,1233,1.91783,0,3.9822,1.19132,5,0
A,129,.,.,.,ASP,CB,A,129,.,.,.,ASP,CG,940,941,10.6895,0,1.50392,0,0,1
A,129,.,.,.,ASP,CB,A,129,.,.,.,ASP,OD1,940,942,0.0410028,0,2.33396,0,0,0
A,129,.,.,.,ASP,CB,A,129,.,.,.,ASP,OD2,940,943,1.17146,0,2.26226,0,0,0
A,129,.,.,.,ASP,CB,A,130,.,.,.,VAL,N,940,944,2.84595,0,3.15017,0,1,0
A,129,.,.,.,ASP,CB,A,161,.,.,.,LEU,CB,940,1207,0.181615,0,4.71379,0.10189,5,0
A,129,.,.,.,ASP,CB,A,161,.,.,.,LEU,CG,940,1208,3.70149,0,4.69521,0.930078,5,0
A,129,.,.,.,ASP,CB,A,161,.,.,.,LEU,CD2,940,1210,0.00087804,0,5.18982,0.000424921,5,0
A,129,.,.,.,ASP,CG,A,129,.,.,.,ASP,OD1,941,942,9.35966,0,1.18743,0,0,1
A,129,.,.,.,ASP,CG,A,129,.,.,.,ASP,OD2,941,943,9.86963,0,1.14776,0,0,1
A,129,.,.,.,ASP,CG,A,130,.,.,.,VAL,N,941,944,0.292921,0,3.89264,0,1,0
A,129,.,.,.,ASP,CG,A,130,.,.,.,VAL,C,941,946,0.00544443,0,5.44482,0,1,0
A,129,.,.,.,ASP,CG,A,131,.,.,.,ILE,CG1,941,956,0.000269457,0,6.1812,-5.52144e-05,2,0
A,129,.,.,.,ASP,CG,A,161,.,.,.,LEU,CB,941,1207,3.32661,0,4.12499,1.2758,5,0
A,129,.,.,.,ASP,CG,A,161,.,.,.,LEU,CG,941,1208,0.841883,0,4.49038,-0.0837341,5,0
A,129,.,.,.,ASP,CG,A,163,.,.,.,ARG,CD,941,1224,1.39903,0,3.953,-1.86977,5,0
A,129,.,.,.,ASP,CG,A,163,.,.,.,ARG,CZ,941,1226,0.00695774,0,4.19802,-0.0106171,5,0
A,129,.,.,.,ASP,CG,A,163,.,.,.,ARG,NH1,941,1227,2.81885,0,3.20428,-1.46794,5,0
A,129,.,.,.,ASP,OD1,A,129,.,.,.,ASP,OD2,942,943,0.18905,0,2.05898,0,0,0
A,129,.,.,.,ASP,OD1,A,158,.,.,.,ARG,N,942,1175,0.837544,0,5.3352,0.333839,5,0
A,129,.,.,.,ASP,OD1,A,161,.,.,.,LEU,C,942,1205,0.107991,0,4.71431,0.166092,5,0
A,129,.,.,.,ASP,OD1,A,161,.,.,.,LEU,O,942,1206,1.05433,0,4.69132,1.28265,5,0
A,129,.,.,.,ASP,OD1,A,161,.,.,.,LEU,CB,942,1207,3.54649,0,4.04319,2.69525,5,0
A,129,.,.,.,ASP,OD1,A,162,.,.,.,VAL,C,942,1213,1.16053,0,3.92324,1.72376,5,0
A,129,.,.,.,ASP,OD1,A,162,.,.,.,VAL,O,942,1214,1.93171,0,3.48355,2.55138,5,0
A,129,.,.,.,ASP,OD1,A,163,.,.,.,ARG,N,942,1218,0.636827,0,3.94108,0.253835,5,0
A,129,.,.,.,ASP,OD1,A,163,.,.,.,ARG,CA,942,1219,3.44246,0,3.54008,1.47239,5,0
A,129,.,.,.,ASP,OD1,A,163,.,.,.,ARG,CB,942,1222,1.13636,0,3.95454,-0.491177,5,0
A,129,.,.,.,ASP,OD1,A,163,.,.,.,ARG,CD,942,1224,3.36177,0,3.22626,-2.39058,5,0
A,129,.,.,.,ASP,OD1,A,163,.,.,.,ARG,NH1,942,1227,3.69164,0,3.03945,-6.04278,5,0
A,129,.,.,.,ASP,OD2,A,158,.,.,.,ARG,N,943,1175,0.499234,0,5.05677,0.198991,5,0
A,129,.,.,.,ASP,OD2,A,158,.,.,.,ARG,CB,943,1179,1.11523,0,4.93554,-0.482043,5,0
A,129,.,.,.,ASP,OD2,A,158,.,.,.,ARG,CD,943,1181,6.07532,0,4.14378,-4.32021,5,0
A,129,.,.,.,ASP,OD2,A,161,.,.,.,LEU,CB,943,1207,1.53385,0,4.24128,0.912382,5,0
A,129,.,.,.,ASP,OD2,A,161,.,.,.,LEU,CG,943,1208,0.265128,0,4.50439,0.152853,5,0
A,129,.,.,.,ASP,OD2,A,161,.,.,.,LEU,CD2,943,1210,1.68284,0,4.50259,1.12275,5,0
A,129,.,.,.,ASP,OD2,A,163,.,.,.,ARG,NH1,943,1227,6.97982,0,2.8865,-11.4251,5,0
A,130,.,.,.,VAL,N,A,130,.,.,.,VAL,CA,944,945,7.00292,0,1.46829,0,0,1
A,130,.,.,.,VAL,N,A,130,.,.,.,VAL,C,944,946,1.62441,0,2.44937,0,0,0
A,130,.,.,.,VAL,N,A,130,.,.,.,VAL,O,944,947,2.77393,0,2.72363,0,0,0
A,130,.,.,.,VAL,N,A,130,.,.,.,VAL,CB,944,948,0.986574,0,2.49321,0,0,0
A,130,.,.,.,VAL,N,A,130,.,.,.,VAL,CG1,944,949,0.405172,0,3.12796,0,0,0
A,130,.,.,.,VAL,N,A,130,.,.,.,VAL,CG2,944,950,2.45218,0,2.93733,0,0,0
A,130,.,.,.,VAL,N,A,163,.,.,.,ARG,CD,944,1224,0.352423,0,4.27997,0.341407,5,0
A,130,.,.,.,VAL,CA,A,130,.,.,.,VAL,C,945,946,7.00242,0,1.51127,0,0,1
A,130,.,.,.,VAL,CA,A,130,.,.,.,VAL,O,945,947,0.296249,0,2.33132,0,0,0
A,130,.,.,.,VAL,CA,A,130,.,.,.,VAL,CB,945,948,7.88811,0,1.53075,0,0,1
A,130,.,.,.,VAL,CA,A,130,.,.,.,VAL,CG1,945,949,2.39924,0,2.50316,0,0,0
A,130,.,.,.,VAL,CA,A,130,.,.,.,VAL,CG2,945,950,0.71116,0,2.53311,0,0,0
A,130,.,.,.,VAL,CA,A,131,.,.,.,ILE,N,945,951,4.81489,0,2.37244,0,1,0
A,130,.,.,.,VAL,CA,A,149,.,.,.,SER,OG,945,1106,0.118264,0,4.98506,0.0679335,5,0
A,130,.,.,.,VAL,CA,A,163,.,.,.,ARG,CD,945,1224,4.67832,0,4.21247,3.71585,5,0
A,130,.,.,.,VAL,CA,A,164,.,.,.,ALA,O,945,1232,2.10716,0,4.42837,1.14962,5,0
A,130,.,.,.,VAL,C,A,130,.,.,.,VAL,O,946,947,8.87311,0,1.16821,0,0,1
A,130,.,.,.,VAL,C,A,130,.,.,.,VAL,CB,946,948,2.40178,0,2.47883,0,0,0
A,130,.,.,.,VAL,C,A,130,.,.,.,VAL,CG2,946,950,1.43506,0,3.09694,0,0,0
A,130,.,.,.,VAL,C,A,131,.,.,.,ILE,N,946,951,7.14569,0,1.30876,0,1,1
A,130,.,.,.,VAL,C,A,131,.,.,.,ILE,CA,946,952,2.24898,0,2.43289,0,1,0
A,130,.,.,.,VAL,C,A,131,.,.,.,ILE,C,946,953,0.0667765,0,3.37122,0,1,0
A,130,.,.,.,VAL,C,A,131,.,.,.,ILE,CG1,946,956,2.5556,0,3.61613,0,1,0
A,130,.,.,.,VAL,C,A,131,.,.,.,ILE,CD1,946,958,0.0462077,0,4.12458,0,1,0
A,130,.,.,.,VAL,C,A,132,.,.,.,THR,N,946,959,0.240543,0,4.09671,0.505487,2,0
A,130,.,.,.,VAL,C,A,132,.,.,.,THR,CG2,946,965,0.421,0,4.76703,-0.331757,2,0
A,130,.,.,.,VAL,C,A,163,.,.,.,ARG,CD,946,1224,0.452777,0,4.70269,0.0553642,5,0
A,130,.,.,.,VAL,O,A,130,.,.,.,VAL,CG2,947,950,3.53453,0.348661,3.25719,0,0,0
A,130,.,.,.,VAL,O,A,131,.,.,.,ILE,CA,947,952,3.07653,0,2.80568,0,1,0
A,130,.,.,.,VAL,O,A,131,.,.,.,ILE,CG1,947,956,0.0152123,0,3.81834,0,1,0
A,130,.,.,.,VAL,O,A,131,.,.,.,ILE,CD1,947,958,1.54419,0,3.89136,0,1,0
A,130,.,.,.,VAL,O,A,132,.,.,.,THR,N,947,959,0.215634,0,4.31147,0.174836,2,0
A,130,.,.,.,VAL,O,A,132,.,.,.,THR,OG1,947,964,0.155758,0.156808,5.38468,0.0328403,2,0
A,130,.,.,.,VAL,O,A,132,.,.,.,THR,CG2,947,965,0.000541465,0,5.19429,0.000169971,2,0
A,130,.,.,.,VAL,CB,A,130,.,.,.,VAL,CG1,948,949,11.9447,0,1.48866,0,0,1
A,130,.,.,.,VAL,CB,A,130,.,.,.,VAL,CG2,948,950,10.4136,0,1.49736,0,0,1
A,130,.,.,.,VAL,CB,A,131,.,.,.,ILE,N,948,951,2.56173,0,3.17149,0,1,0
A,130,.,.,.,VAL,CB,A,131,.,.,.,ILE,C,948,953,0.00926327,0,4.60643,0,1,0
A,130,.,.,.,VAL,CB,A,131,.,.,.,ILE,O,948,954,0.0448454,0,4.78048,0,1,0
A,130,.,.,.,VAL,CB,A,132,.,.,.,THR,CG2,948,965,6.0818,0,4.18641,-4.50707,2,0
A,130,.,.,.,VAL,CB,A,149,.,.,.,SER,OG,948,1106,3.17231,0,4.3932,-1.22447,5,0
A,130,.,.,.,VAL,CB,A,164,.,.,.,ALA,O,948,1232,0.0595181,0,4.50446,-0.054961,5,0
A,130,.,.,.,VAL,CB,A,166,.,.,.,SER,CB,948,1245,0.482301,0,5.31653,-0.211931,5,0
A,130,.,.,.,VAL,CG1,A,130,.,.,.,VAL,CG2,949,950,6.53811,2.08126,2.45408,0,0,0
A,130,.,.,.,VAL,CG1,A,149,.,.,.,SER,OG,949,1106,2.67943,0,4.26904,-0.54872,5,0
A,130,.,.,.,VAL,CG1,A,164,.,.,.,ALA,N,949,1229,0.0274204,0,4.526,0.000365009,5,0
A,130,.,.,.,VAL,CG1,A,164,.,.,.,ALA,CA,949,1230,0.179588,0,4.27569,-0.0810324,5,0
A,130,.,.,.,VAL,CG1,A,164,.,.,.,ALA,C,949,1231,2.46792,0,3.8588,-0.341318,5,0
A,130,.,.,.,VAL,CG1,A,164,.,.,.,ALA,O,949,1232,3.73525,0,3.67026,-1.72671,5,0
A,130,.,.,.,VAL,CG1,A,164,.,.,.,ALA,CB,949,1233,7.2558,0,3.81284,-10.9705,5,0
A,130,.,.,.,VAL,CG1,A,165,.,.,.,VAL,N,949,1234,0.542148,0,4.40613,0.0527275,5,0
A,130,.,.,.,VAL,CG1,A,165,.,.,.,VAL,CA,949,1235,0.605014,0,4.82838,0.00483388,5,0
A,130,.,.,.,VAL,CG1,A,165,.,.,.,VAL,C,949,1236,0.659447,0,4.88716,-0.643433,5,0
A,130,.,.,.,VAL,CG1,A,166,.,.,.,SER,N,949,1241,2.72105,0,4.57778,1.89385,5,0
A,130,.,.,.,VAL,CG1,A,166,.,.,.,SER,CB,949,1245,5.73867,1.4861,4.88995,-4.48162,5,0
A,130,.,.,.,VAL,CG1,A,189,.,.,.,VAL,CG1,949,1418,3.93945,1.39328,5.58245,-7.45777,5,0
A,130,.,.,.,VAL,CG2,A,132,.,.,.,THR,OG1,950,964,1.77235,1.95439,5.22753,-0.0524099,2,0
A,130,.,.,.,VAL,CG2,A,132,.,.,.,THR,CG2,950,965,8.54641,3.30272,4.29406,-9.77077,2,0
A,130,.,.,.,VAL,CG2,A,166,.,.,.,SER,CB,950,1245,0.744266,1.16543,5.73767,0.217481,5,0
A,131,.,.,.,ILE,N,A,131,.,.,.,ILE,CA,951,952,5.9718,0,1.45475,0,0,1
A,131,.,.,.,ILE,N,A,131,.,.,.,ILE,C,951,953,2.16817,0,2.36714,0,0,0
A,131,.,.,.,ILE,N,A,131,.,.,.,ILE,O,951,954,3.54064,0.564231,2.80519,0,0,0
A,131,.,.,.,ILE,N,A,131,.,.,.,ILE,CB,951,955,3.60619,0.918877,2.47591,0,0,0
A,131,.,.,.,ILE,N,A,131,.,.,.,ILE,CG1,951,956,3.05214,0,2.92142,0,0,0
A,131,.,.,.,ILE,N,A,132,.,.,.,THR,CG2,951,965,0.0672416,0,4.52077,0,1,0
A,131,.,.,.,ILE,N,A,149,.,.,.,SER,CB,951,1105,0.177191,0.596776,5.31492,0.120714,5,0
A,131,.,.,.,ILE,N,A,149,.,.,.,SER,OG,951,1106,1.53418,0.314194,4.66278,1.2818,5,0
A,131,.,.,.,ILE,N,A,163,.,.,.,ARG,CD,951,1224,3.44179,1.31855,4.60511,5.68095,5,0
A,131,.,.,.,ILE,N,A,163,.,.,.,ARG,NE,951,1225,0.00182425,0,4.70069,0.0018293,5,0
A,131,.,.,.,ILE,N,A,164,.,.,.,ALA,O,951,1232,0.372097,0.546971,5.33313,0.454513,5,0
A,131,.,.,.,ILE,CA,A,131,.,.,.,ILE,C,952,953,6.06023,0,1.51634,0,0,1
A,131,.,.,.,ILE,CA,A,131,.,.,.,ILE,O,952,954,0.415248,0,2.38357,0,0,0
A,131,.,.,.,ILE,CA,A,131,.,.,.,ILE,CB,952,955,6.67208,0,1.5386,0,0,1
A,131,.,.,.,ILE,CA,A,131,.,.,.,ILE,CG1,952,956,0.873201,0,2.53717,0,0,0
A,131,.,.,.,ILE,CA,A,131,.,.,.,ILE,CG2,952,957,1.77884,0,2.51651,0,0,0
A,131,.,.,.,ILE,CA,A,131,.,.,.,ILE,CD1,952,958,2.0201,0,3.20416,0,0,0
A,131,.,.,.,ILE,CA,A,132,.,.,.,THR,N,952,959,3.14263,0,2.43899,0,1,0
A,131,.,.,.,ILE,C,A,131,.,.,.,ILE,O,953,954,7.47013,0,1.23621,0,0,1
A,131,.,.,.,ILE,C,A,131,.,.,.,ILE,CB,953,955,1.27804,0,2.50615,0,0,0
A,131,.,.,.,ILE,C,A,131,.,.,.,ILE,CG2,953,957,1.98727,0,3.00578,0,0,0
A,131,.,.,.,ILE,C,A,132,.,.,.,THR,N,953,959,7.03336,0,1.33352,0,1,1
A,131,.,.,.,ILE,C,A,132,.,.,.,THR,CA,953,960,1.41499,0,2.43295,0,1,0
A,131,.,.,.,ILE,C,A,132,.,.,.,THR,CG2,953,965,2.44644,0,3.45268,0,1,0
A,131,.,.,.,ILE,C,A,150,.,.,.,VAL,CG1,953,1112,0.87928,0,4.42209,0.514915,5,0
A,131,.,.,.,ILE,O,A,131,.,.,.,ILE,CB,954,955,2.42722,0.133284,2.98147,0,0,0
A,131,.,.,.,ILE,O,A,131,.,.,.,ILE,CG2,954,957,0.0287699,0,3.58534,0,0,0
A,131,.,.,.,ILE,O,A,132,.,.,.,THR,CA,954,960,2.25528,0,2.76992,0,1,0
A,131,.,.,.,ILE,O,A,132,.,.,.,THR,CG2,954,965,1.33376,0,3.56069,0,1,0
A,131,.,.,.,ILE,O,A,149,.,.,.,SER,CA,954,1102,3.10447,0,3.11375,-2.07796,5,0
A,131,.,.,.,ILE,O,A,149,.,.,.,SER,CB,954,1105,3.303,0.626357,3.5271,-0.766666,5,0
A,131,.,.,.,ILE,O,A,149,.,.,.,SER,OG,954,1106,2.02314,0,3.52974,0.588907,5,0
A,131,.,.,.,ILE,O,A,150,.,.,.,VAL,N,954,1107,4.67776,0,2.83124,-9.98057,5,0
A,131,.,.,.,ILE,O,A,150,.,.,.,VAL,O,954,1110,2.73907,0.418934,3.3158,-0.661827,5,0
A,131,.,.,.,ILE,O,A,150,.,.,.,VAL,CG1,954,1112,0.578436,0,4.16941,-0.326778,5,0
A,131,.,.,.,ILE,CB,A,131,.,.,.,ILE,CG1,955,956,12.6488,0.362135,1.53109,0,0,1
A,131,.,.,.,ILE,CB,A,131,.,.,.,ILE,CG2,955,957,9.83268,0,1.51386,0,0,1
A,131,.,.,.,ILE,CB,A,131,.,.,.,ILE,CD1,955,958,1.11879,0,2.50365,0,0,0
A,131,.,.,.,ILE,CB,A,150,.,.,.,VAL,O,955,1110,9.02813,2.68448,3.42696,-5.24775,5,0
A,131,.,.,.,ILE,CB,A,151,.,.,.,LYS,CA,955,1115,0.343469,0,5.34523,0.208904,5,0
A,131,.,.,.,ILE,CB,A,152,.,.,.,HIS,N,955,1123,0.302647,0,5.19672,0.31393,5,0
A,131,.,.,.,ILE,CB,A,163,.,.,.,ARG,CD,955,1224,0.123914,0.298067,5.50987,-0.0107612,5,0
A,131,.,.,.,ILE,CB,A,163,.,.,.,ARG,NE,955,1225,0.922513,1.61892,4.94127,-0.146966,5,0
A,131,.,.,.,ILE,CG1,A,131,.,.,.,ILE,CG2,956,957,2.13159,0,2.52021,0,0,0
A,131,.,.,.,ILE,CG1,A,131,.,.,.,ILE,CD1,956,958,12.8208,0,1.46883,0,0,1
A,131,.,.,.,ILE,CG1,A,150,.,.,.,VAL,O,956,1110,0.172148,0.996547,4.42021,-0.101474,5,0
A,131,.,.,.,ILE,CG1,A,151,.,.,.,LYS,CA,956,1115,0.389888,0.931998,5.88314,0.0857079,5,0
A,131,.,.,.,ILE,CG1,A,152,.,.,.,HIS,N,956,1123,1.24603,0.0767884,5.4065,0.907876,5,0
A,131,.,.,.,ILE,CG1,A,152,.,.,.,HIS,CB,956,1127,0.0490079,0,5.45701,-0.028746,5,0
A,131,.,.,.,ILE,CG1,A,155,.,.,.,TYR,O,956,1152,2.77257,0.484065,4.29214,-0.324385,5,0
A,131,.,.,.,ILE,CG1,A,155,.,.,.,TYR,CB,956,1153,2.33173,0,4.14187,-2.47182,5,0
A,131,.,.,.,ILE,CG1,A,163,.,.,.,ARG,CD,956,1224,0.994147,0,4.79025,-0.188689,5,0
A,131,.,.,.,ILE,CG1,A,163,.,.,.,ARG,NE,956,1225,4.44623,0.543668,4.04616,0.869424,5,0
A,131,.,.,.,ILE,CG1,A,163,.,.,.,ARG,CZ,956,1226,3.97558,0,4.08172,-2.79204,5,0
A,131,.,.,.,ILE,CG1,A,163,.,.,.,ARG,NH1,956,1227,0.00782154,0,4.73372,-0.000224438,5,0
A,131,.,.,.,ILE,CG1,A,163,.,.,.,ARG,NH2,956,1228,5.50949,1.42181,3.9327,0.604567,5,0
A,131,.,.,.,ILE,CG2,A,131,.,.,.,ILE,CD1,957,958,5.61055,0,2.87815,0,0,0
A,131,.,.,.,ILE,CG2,A,132,.,.,.,THR,N,957,959,2.32941,0,3.54089,0,1,0
A,131,.,.,.,ILE,CG2,A,150,.,.,.,VAL,C,957,1109,0.0628316,0,4.36262,-0.0434113,5,0
A,131,.,.,.,ILE,CG2,A,150,.,.,.,VAL,O,957,1110,2.45991,0,3.59191,0.00330668,5,0
A,131,.,.,.,ILE,CG2,A,150,.,.,.,VAL,CG1,957,1112,6.99196,0,3.8913,-12.845,5,0
A,131,.,.,.,ILE,CG2,A,151,.,.,.,LYS,CA,957,1115,0.183999,0,5.07065,0.0730759,5,0
A,131,.,.,.,ILE,CG2,A,151,.,.,.,LYS,C,957,1116,0.030346,0,5.00704,-0.00973027,5,0
A,131,.,.,.,ILE,CG2,A,152,.,.,.,HIS,N,957,1123,3.15662,0,4.51099,2.32137,5,0
A,131,.,.,.,ILE,CG2,A,152,.,.,.,HIS,CB,957,1127,7.95992,0,4.25052,-7.10765,5,0
A,131,.,.,.,ILE,CG2,A,155,.,.,.,TYR,CB,957,1153,0.116227,0,5.10711,-0.0639786,5,0
A,131,.,.,.,ILE,CD1,A,152,.,.,.,HIS,CB,958,1127,0.0960449,0,5.35022,-0.0345895,5,0
A,131,.,.,.,ILE,CD1,A,155,.,.,.,TYR,CB,958,1153,9.16592,0,3.52128,-15.8889,5,0
A,131,.,.,.,ILE,CD1,A,155,.,.,.,TYR,CG,958,1154,0.745258,0,3.92456,-2.05129,5,0
A,131,.,.,.,ILE,CD1,A,155,.,.,.,TYR,CD1,958,1155,2.94894,0,4.08839,-4.52589,5,0
A,131,.,.,.,ILE,CD1,A,163,.,.,.,ARG,CZ,958,1226,0.427342,0,4.8261,-0.357343,5,0
A,131,.,.,.,ILE,CD1,A,163,.,.,.,ARG,NH1,958,1227,0.334732,0,5.17551,0.0287741,5,0
A,131,.,.,.,ILE,CD1,A,163,.,.,.,ARG,NH2,958,1228,0.449377,0,4.62862,0.0386292,5,0
A,132,.,.,.,THR,N,A,132,.,.,.,THR,CA,959,960,6.6638,0,1.45798,0,0,1
A,132,.,.,.,THR,N,A,132,.,.,.,THR,C,959,961,1.0717,0,2.46238,0,0,0
A,132,.,.,.,THR,N,A,132,.,.,.,THR,O,959,962,2.44349,0,2.78757,0,0,0
A,132,.,.,.,THR,N,A,132,.,.,.,THR,CB,959,963,1.5158,0,2.48141,0,0,0
A,132,.,.,.,THR,N,A,132,.,.,.,THR,OG1,959,964,2.43826,0,2.83571,0,0,0
A,132,.,.,.,THR,N,A,132,.,.,.,THR,CG2,959,965,1.6638,0,3.03145,0,0,0
A,132,.,.,.,THR,N,A,150,.,.,.,VAL,CG1,959,1112,0.486232,0,4.53209,0.347306,5,0
A,132,.,.,.,THR,CA,A,132,.,.,.,THR,C,960,961,6.80122,0,1.52269,0,0,1
A,132,.,.,.,THR,CA,A,132,.,.,.,THR,O,960,962,0.384807,0,2.40418,0,0,0
A,132,.,.,.,THR,CA,A,132,.,.,.,THR,CB,960,963,7.32385,0,1.54134,0,0,1
A,132,.,.,.,THR,CA,A,132,.,.,.,THR,OG1,960,964,0.370804,0,2.42474,0,0,0
A,132,.,.,.,THR,CA,A,132,.,.,.,THR,CG2,960,965,1.58676,0,2.52731,0,0,0
A,132,.,.,.,THR,CA,A,133,.,.,.,LEU,N,960,966,2.29194,0,2.41578,0,1,0
A,132,.,.,.,THR,CA,A,148,.,.,.,TYR,C,960,1091,0.00210858,0,4.05737,0.0019721,5,0
A,132,.,.,.,THR,CA,A,148,.,.,.,TYR,O,960,1092,2.38801,0,3.25159,-2.08465,5,0
A,132,.,.,.,THR,CA,A,149,.,.,.,SER,CA,960,1102,1.80722,0,4.03142,-0.292797,5,0
A,132,.,.,.,THR,CA,A,149,.,.,.,SER,C,960,1103,0.00321747,0,4.4973,0.00167722,5,0
A,132,.,.,.,THR,CA,A,150,.,.,.,VAL,N,960,1107,0.95955,0,4.29641,0.600023,5,0
A,132,.,.,.,THR,CA,A,150,.,.,.,VAL,CB,960,1111,0.22187,0,4.94541,0.00525479,5,0
A,132,.,.,.,THR,CA,A,150,.,.,.,VAL,CG1,960,1112,1.32641,0,4.52811,-0.158653,5,0
A,132,.,.,.,THR,C,A,132,.,.,.,THR,O,961,962,8.72185,0,1.23306,0,0,1
A,132,.,.,.,THR,C,A,132,.,.,.,THR,CB,961,963,3.05933,0,2.49192,0,0,0
A,132,.,.,.,THR,C,A,132,.,.,.,THR,OG1,961,964,0.542285,0,2.96233,0,0,0
A,132,.,.,.,THR,C,A,133,.,.,.,LEU,N,961,966,7.25333,0,1.32981,0,1,1
A,132,.,.,.,THR,C,A,133,.,.,.,LEU,CA,961,967,1.76231,0,2.43671,0,1,0
A,132,.,.,.,THR,C,A,133,.,.,.,LEU,C,961,968,0.943742,0,3.22215,0,1,0
A,132,.,.,.,THR,C,A,134,.,.,.,ARG,N,961,974,0.386986,0,3.87598,0.583269,2,0
A,132,.,.,.,THR,C,A,134,.,.,.,ARG,CB,961,978,0.00357878,0,5.32282,0.000603242,2,0
A,132,.,.,.,THR,C,A,150,.,.,.,VAL,CG1,961,1112,2.38345,0,4.22251,0.115474,5,0
A,132,.,.,.,THR,O,A,132,.,.,.,THR,OG1,962,964,3.35747,0,3.1523,0,0,0
A,132,.,.,.,THR,O,A,133,.,.,.,LEU,CA,962,967,3.11216,0,2.80254,0,1,0
A,132,.,.,.,THR,O,A,134,.,.,.,ARG,N,962,974,1.80859,0,3.83186,1.57006,2,0
A,132,.,.,.,THR,O,A,134,.,.,.,ARG,CB,962,978,1.17424,0,5.05516,-0.267464,2,0
A,132,.,.,.,THR,O,A,134,.,.,.,ARG,NH2,962,984,0.146861,0,5.58384,0.0469605,2,0
A,132,.,.,.,THR,CB,A,132,.,.,.,THR,OG1,963,964,10.9497,0,1.43063,0,0,1
A,132,.,.,.,THR,CB,A,132,.,.,.,THR,CG2,963,965,11.5495,0,1.52297,0,0,1
A,132,.,.,.,THR,CB,A,133,.,.,.,LEU,N,963,966,1.50255,0,3.19566,0,1,0
A,132,.,.,.,THR,CB,A,133,.,.,.,LEU,C,963,968,1.11283,0,4.43251,0,1,0
A,132,.,.,.,THR,CB,A,133,.,.,.,LEU,O,963,969,0.3049,0,4.43105,0,1,0
A,132,.,.,.,THR,CB,A,134,.,.,.,ARG,N,963,974,0.0888187,0,5.03174,0.058503,2,0
A,132,.,.,.,THR,CB,A,134,.,.,.,ARG,CB,963,978,0.209366,0,5.63705,-0.113234,2,0
A,132,.,.,.,THR,CB,A,147,.,.,.,ASN,CB,963,1085,5.0672,0,4.04563,-2.30989,5,0
A,132,.,.,.,THR,CB,A,147,.,.,.,ASN,CG,963,1086,2.27686,0,4.01224,-0.402444,5,0
A,132,.,.,.,THR,CB,A,147,.,.,.,ASN,OD1,963,1087,0.79128,0,3.79731,-0.319463,5,0
A,132,.,.,.,THR,CB,A,148,.,.,.,TYR,N,963,1089,1.46925,0,4.36256,1.85986,5,0
A,132,.,.,.,THR,CB,A,148,.,.,.,TYR,CA,963,1090,0.00153052,0,4.76557,0.000384004,5,0
A,132,.,.,.,THR,CB,A,148,.,.,.,TYR,C,963,1091,0.885136,0,4.05246,-0.241184,5,0
A,132,.,.,.,THR,CB,A,148,.,.,.,TYR,O,963,1092,1.66094,0,3.54149,-0.424245,5,0
A,132,.,.,.,THR,CB,A,149,.,.,.,SER,CA,963,1102,0.00198854,0,4.48483,-0.000308013,5,0
A,132,.,.,.,THR,OG1,A,132,.,.,.,THR,CG2,964,965,4.95914,1.50729,2.40622,0,0,0
A,132,.,.,.,THR,OG1,A,134,.,.,.,ARG,N,964,974,0.0076894,0,5.00057,0.00599318,2,0
A,132,.,.,.,THR,OG1,A,134,.,.,.,ARG,CB,964,978,3.47568,0,5.07286,-1.44457,2,0
A,132,.,.,.,THR,OG1,A,134,.,.,.,ARG,CD,964,980,0.422084,1.05547,5.90461,-0.196828,2,0
A,132,.,.,.,THR,OG1,A,134,.,.,.,ARG,NH2,964,984,3.40684,2.27825,5.31477,-1.69959,2,0
A,132,.,.,.,THR,OG1,A,147,.,.,.,ASN,CB,964,1085,1.9207,0.291503,4.27196,-0.390317,5,0
A,132,.,.,.,THR,OG1,A,147,.,.,.,ASN,CG,964,1086,0.789468,0,4.25793,-0.911078,5,0
A,132,.,.,.,THR,OG1,A,147,.,.,.,ASN,ND2,964,1088,1.99881,2.7554,4.6583,-0.557539,5,0
A,132,.,.,.,THR,CG2,A,147,.,.,.,ASN,CG,965,1086,1.60478,0,4.0962,-1.92072,5,0
A,132,.,.,.,THR,CG2,A,147,.,.,.,ASN,OD1,965,1087,5.3586,0.583933,3.52125,-1.81053,5,0
A,132,.,.,.,THR,CG2,A,147,.,.,.,ASN,ND2,965,1088,1.23454,2.08218,4.75809,-0.0621682,5,0
A,132,.,.,.,THR,CG2,A,148,.,.,.,TYR,N,965,1089,0.00582432,0,4.65573,0.00359195,5,0
A,132,.,.,.,THR,CG2,A,148,.,.,.,TYR,CA,965,1090,0.276203,0,4.70755,0.13204,5,0
A,132,.,.,.,THR,CG2,A,148,.,.,.,TYR,C,965,1091,1.88533,0,4.02093,0.705795,5,0
A,132,.,.,.,THR,CG2,A,149,.,.,.,SER,N,965,1101,0.577593,0,4.14054,0.29207,5,0
A,132,.,.,.,THR,CG2,A,149,.,.,.,SER,CA,965,1102,2.73652,0,4.0341,-0.188241,5,0
A,132,.,.,.,THR,CG2,A,149,.,.,.,SER,OG,965,1106,3.04908,0,3.98192,-1.42071,5,0
A,132,.,.,.,THR,CG2,A,166,.,.,.,SER,CB,965,1245,8.69834,1.15423,4.02532,-6.33409,5,0
A,133,.,.,.,LEU,N,A,133,.,.,.,LEU,CA,966,967,7.18688,0,1.45301,0,0,1
A,133,.,.,.,LEU,N,A,133,.,.,.,LEU,C,966,968,1.37953,0,2.4014,0,0,0
A,133,.,.,.,LEU,N,A,133,.,.,.,LEU,O,966,969,1.3315,0,2.85517,0,0,0
A,133,.,.,.,LEU,N,A,133,.,.,.,LEU,CB,966,970,3.22596,0,2.4586,0,0,0
A,133,.,.,.,LEU,N,A,148,.,.,.,TYR,N,966,1089,0.0201073,0,4.33977,0.0257504,5,0
A,133,.,.,.,LEU,N,A,148,.,.,.,TYR,O,966,1092,5.58057,0,2.82064,-8.25093,5,0
A,133,.,.,.,LEU,N,A,150,.,.,.,VAL,CB,966,1111,1.88908,0,4.37556,1.97082,5,0
A,133,.,.,.,LEU,N,A,150,.,.,.,VAL,CG1,966,1112,1.94041,0,4.15544,0.753245,5,0
A,133,.,.,.,LEU,CA,A,133,.,.,.,LEU,C,967,968,6.24054,0,1.52269,0,0,1
A,133,.,.,.,LEU,CA,A,133,.,.,.,LEU,O,967,969,0.642442,0,2.39604,0,0,0
A,133,.,.,.,LEU,CA,A,133,.,.,.,LEU,CB,967,970,9.16418,0,1.52719,0,0,1
A,133,.,.,.,LEU,CA,A,133,.,.,.,LEU,CG,967,971,2.29143,0,2.64056,0,0,0
A,133,.,.,.,LEU,CA,A,134,.,.,.,ARG,N,967,974,2.60527,0,2.42215,0,1,0
A,133,.,.,.,LEU,CA,A,148,.,.,.,TYR,O,967,1092,0.00157704,0,3.83363,0.000489027,5,0
A,133,.,.,.,LEU,CA,A,150,.,.,.,VAL,CG1,967,1112,0.332219,0,4.83144,0.0131901,5,0
A,133,.,.,.,LEU,C,A,133,.,.,.,LEU,O,968,969,7.51731,0,1.23306,0,0,1
A,133,.,.,.,LEU,C,A,133,.,.,.,LEU,CB,968,970,0.821803,0,2.51956,0,0,0
A,133,.,.,.,LEU,C,A,133,.,.,.,LEU,CG,968,971,0.1465,0,3.21988,0,0,0
A,133,.,.,.,LEU,C,A,133,.,.,.,LEU,CD2,968,973,2.6153,0,3.1733,0,0,0
A,133,.,.,.,LEU,C,A,134,.,.,.,ARG,N,968,974,7.58393,0,1.32301,0,1,1
A,133,.,.,.,LEU,C,A,134,.,.,.,ARG,CA,968,975,1.80468,0,2.4472,0,1,0
A,133,.,.,.,LEU,C,A,134,.,.,.,ARG,CB,968,978,0.0308831,0,3.55162,0,1,0
A,133,.,.,.,LEU,C,A,147,.,.,.,ASN,CB,968,1085,0.963081,0,4.03343,0.112256,5,0
A,133,.,.,.,LEU,O,A,133,.,.,.,LEU,CB,969,970,1.85398,0,3.02837,0,0,0
A,133,.,.,.,LEU,O,A,133,.,.,.,LEU,CD2,969,973,3.52721,0,3.4931,0,0,0
A,133,.,.,.,LEU,O,A,134,.,.,.,ARG,CA,969,975,3.10627,0,2.80389,0,1,0
A,133,.,.,.,LEU,O,A,135,.,.,.,SER,N,969,985,0.308627,0,4.32418,0.231503,2,0
A,133,.,.,.,LEU,O,A,146,.,.,.,MET,O,969,1076,0.417247,0.197584,3.95735,0.357814,5,0
A,133,.,.,.,LEU,O,A,147,.,.,.,ASN,CA,969,1082,6.03819,0.771205,3.00474,0.0950356,5,0
A,133,.,.,.,LEU,O,A,147,.,.,.,ASN,CB,969,1085,2.10151,0,3.30182,-0.423402,5,0
A,133,.,.,.,LEU,O,A,148,.,.,.,TYR,N,969,1089,3.76588,0,3.14572,-5.18283,5,0
A,133,.,.,.,LEU,O,A,148,.,.,.,TYR,O,969,1092,0.772206,0,3.65201,0.316033,5,0
A,133,.,.,.,LEU,O,A,148,.,.,.,TYR,CD2,969,1096,3.45504,0.116166,4.15514,-1.27993,5,0
A,133,.,.,.,LEU,O,A,148,.,.,.,TYR,CE2,969,1098,0.310186,0,4.49431,0.024986,5,0
A,133,.,.,.,LEU,CB,A,133,.,.,.,LEU,CG,970,971,8.99302,0,1.53607,0,0,1
A,133,.,.,.,LEU,CB,A,133,.,.,.,LEU,CD1,970,972,5.37414,0,2.47629,0,0,0
A,133,.,.,.,LEU,CB,A,133,.,.,.,LEU,CD2,970,973,1.9186,0,2.55292,0,0,0
A,133,.,.,.,LEU,CB,A,148,.,.,.,TYR,O,970,1092,2.11824,0,4.06222,-1.20763,5,0
A,133,.,.,.,LEU,CB,A,148,.,.,.,TYR,CD1,970,1095,0.0436784,0,5.1912,-0.0374301,5,0
A,133,.,.,.,LEU,CB,A,148,.,.,.,TYR,CD2,970,1096,0.687772,0,4.76086,-0.589386,5,0
A,133,.,.,.,LEU,CB,A,148,.,.,.,TYR,CE1,970,1097,1.6283,0,4.80943,-1.46159,5,0
A,133,.,.,.,LEU,CB,A,148,.,.,.,TYR,CE2,970,1098,2.34015,0,4.334,-2.79571,5,0
A,133,.,.,.,LEU,CB,A,148,.,.,.,TYR,CZ,970,1099,2.23579,0,4.3594,-2.88509,5,0
A,133,.,.,.,LEU,CB,A,150,.,.,.,VAL,CB,970,1111,4.28313,0,4.58954,-5.91012,5,0
A,133,.,.,.,LEU,CB,A,150,.,.,.,VAL,CG1,970,1112,2.43353,0,4.65742,-3.53621,5,0
A,133,.,.,.,LEU,CB,A,150,.,.,.,VAL,CG2,970,1113,1.07021,0,4.95549,-0.762423,5,0
A,133,.,.,.,LEU,CB,A,252,.,.,.,LEU,CD1,970,1936,0.67186,0,5.32416,-0.682623,5,0
A,133,.,.,.,LEU,CG,A,133,.,.,.,LEU,CD1,971,972,9.71216,0,1.50795,0,0,1
A,133,.,.,.,LEU,CG,A,133,.,.,.,LEU,CD2,971,973,10.7117,0,1.5276,0,0,1
A,133,.,.,.,LEU,CG,A,134,.,.,.,ARG,N,971,974,0.33082,0,3.75803,0,1,0
A,133,.,.,.,LEU,CG,A,148,.,.,.,TYR,CE2,971,1098,0.0962415,0,4.64407,-0.080662,5,0
A,133,.,.,.,LEU,CG,A,252,.,.,.,LEU,CD1,971,1936,0.159191,0,5.12813,-0.263238,5,0
A,133,.,.,.,LEU,CD1,A,133,.,.,.,LEU,CD2,972,973,4.63241,0,2.46831,0,0,0
A,133,.,.,.,LEU,CD1,A,148,.,.,.,TYR,CE2,972,1098,0.411599,0,4.55704,-0.393541,5,0
A,133,.,.,.,LEU,CD1,A,148,.,.,.,TYR,CZ,972,1099,1.31103,0,4.26592,-2.32394,5,0
A,133,.,.,.,LEU,CD1,A,148,.,.,.,TYR,OH,972,1100,3.18111,0,3.70164,-2.58643,5,0
A,133,.,.,.,LEU,CD1,A,150,.,.,.,VAL,CG2,972,1113,0.679626,0,5.15778,-0.376783,5,0
A,133,.,.,.,LEU,CD1,A,249,.,.,.,LEU,CD1,972,1913,4.62664,0,4.44712,-10.0077,5,0
A,133,.,.,.,LEU,CD1,A,252,.,.,.,LEU,CD1,972,1936,5.06183,0,4.44496,-10.949,5,0
A,133,.,.,.,LEU,CD2,A,134,.,.,.,ARG,N,973,974,1.77284,0,3.52379,0,1,0
A,133,.,.,.,LEU,CD2,A,134,.,.,.,ARG,CA,973,975,0.26429,0,4.29653,0,1,0
A,133,.,.,.,LEU,CD2,A,134,.,.,.,ARG,C,973,976,2.56442,0,4.0435,0,1,0
A,133,.,.,.,LEU,CD2,A,134,.,.,.,ARG,O,973,977,2.58254,0,3.90037,0,1,0
A,133,.,.,.,LEU,CD2,A,135,.,.,.,SER,N,973,985,0.698025,0,4.6123,0.306008,2,0
A,133,.,.,.,LEU,CD2,A,135,.,.,.,SER,CB,973,989,2.50404,0,4.66873,-1.8983,2,0
A,133,.,.,.,LEU,CD2,A,148,.,.,.,TYR,CD2,973,1096,0.0260087,0,5.01898,-0.0288931,5,0
A,133,.,.,.,LEU,CD2,A,148,.,.,.,TYR,CE2,973,1098,4.90016,0,4.31333,-6.24692,5,0
A,134,.,.,.,ARG,N,A,134,.,.,.,ARG,CA,974,975,6.95151,0,1.45486,0,0,1
A,134,.,.,.,ARG,N,A,134,.,.,.,ARG,C,974,976,0.860865,0,2.41587,0,0,0
A,134,.,.,.,ARG,N,A,134,.,.,.,ARG,O,974,977,1.58598,0,2.75204,0,0,0
A,134,.,.,.,ARG,N,A,134,.,.,.,ARG,CB,974,978,5.00782,0,2.46603,0,0,0
A,134,.,.,.,ARG,CA,A,134,.,.,.,ARG,C,975,976,6.99762,0,1.51941,0,0,1
A,134,.,.,.,ARG,CA,A,134,.,.,.,ARG,O,975,977,0.592574,0,2.39273,0,0,0
A,134,.,.,.,ARG,CA,A,134,.,.,.,ARG,CB,975,978,8.29436,0,1.54589,0,0,1
A,134,.,.,.,ARG,CA,A,134,.,.,.,ARG,CG,975,979,1.62955,0,2.59025,0,0,0
A,134,.,.,.,ARG,CA,A,135,.,.,.,SER,N,975,985,2.4566,0,2.43365,0,1,0
A,134,.,.,.,ARG,CA,A,146,.,.,.,MET,O,975,1076,3.22179,0,3.2204,-0.945787,5,0
A,134,.,.,.,ARG,CA,A,147,.,.,.,ASN,CA,975,1082,0.637665,0,4.12928,0.455621,5,0
A,134,.,.,.,ARG,CA,A,147,.,.,.,ASN,CB,975,1085,2.62562,0,3.87894,1.80393,5,0
A,134,.,.,.,ARG,C,A,134,.,.,.,ARG,O,976,977,7.56898,0,1.23609,0,0,1
A,134,.,.,.,ARG,C,A,134,.,.,.,ARG,CB,976,978,1.75479,0,2.51439,0,0,0
A,134,.,.,.,ARG,C,A,134,.,.,.,ARG,CG,976,979,1.0898,0,3.1319,0,0,0
A,134,.,.,.,ARG,C,A,135,.,.,.,SER,N,976,985,7.47391,0,1.33465,0,1,1
A,134,.,.,.,ARG,C,A,135,.,.,.,SER,CA,976,986,1.48965,0,2.4275,0,1,0
A,134,.,.,.,ARG,C,A,135,.,.,.,SER,CB,976,989,0.818723,0,3.29726,0,1,0
A,134,.,.,.,ARG,C,A,136,.,.,.,TRP,CE3,976,1001,0.566532,0,4.10298,-0.676474,2,0
A,134,.,.,.,ARG,C,A,136,.,.,.,TRP,CZ3,976,1003,0.770351,0,4.04899,-0.422817,2,0
A,134,.,.,.,ARG,O,A,134,.,.,.,ARG,CB,977,978,0.744127,0,3.15073,0,0,0
A,134,.,.,.,ARG,O,A,135,.,.,.,SER,CA,977,986,2.30948,0,2.76329,0,1,0
A,134,.,.,.,ARG,O,A,135,.,.,.,SER,CB,977,989,0.844618,0,3.44837,0,1,0
A,134,.,.,.,ARG,O,A,136,.,.,.,TRP,CZ3,977,1003,2.71794,0,3.59377,-1.01097,2,0
A,134,.,.,.,ARG,CB,A,134,.,.,.,ARG,CG,978,979,9.39367,0,1.51933,0,0,1
A,134,.,.,.,ARG,CB,A,134,.,.,.,ARG,CD,978,980,3.70705,0,2.52113,0,0,0
A,134,.,.,.,ARG,CB,A,134,.,.,.,ARG,NE,978,981,0.0944689,0,3.18485,0,0,0
A,134,.,.,.,ARG,CB,A,134,.,.,.,ARG,CZ,978,982,1.2025,0,3.53551,0,0,0
A,134,.,.,.,ARG,CB,A,134,.,.,.,ARG,NH2,978,984,6.72164,0,3.31528,0,0,0
A,134,.,.,.,ARG,CB,A,136,.,.,.,TRP,CZ3,978,1003,1.14754,0,4.4227,-1.4693,2,0
A,134,.,.,.,ARG,CB,A,147,.,.,.,ASN,CB,978,1085,3.86955,0,4.09969,0.451573,5,0
A,134,.,.,.,ARG,CG,A,134,.,.,.,ARG,CD,979,980,12.4832,0.311786,1.52981,0,0,1
A,134,.,.,.,ARG,CG,A,134,.,.,.,ARG,NE,979,981,2.00764,0,2.50514,0,0,0
A,134,.,.,.,ARG,CG,A,135,.,.,.,SER,N,979,985,2.99099,0,3.40241,0,1,0
A,134,.,.,.,ARG,CG,A,135,.,.,.,SER,C,979,987,0.30656,0,4.72787,0,1,0
A,134,.,.,.,ARG,CG,A,135,.,.,.,SER,O,979,988,0.119141,0,4.64182,0,1,0
A,134,.,.,.,ARG,CG,A,136,.,.,.,TRP,CE3,979,1001,3.89246,0,4.14746,-4.03632,2,0
A,134,.,.,.,ARG,CG,A,136,.,.,.,TRP,CZ3,979,1003,1.08827,0,4.29153,-1.28472,2,0
A,134,.,.,.,ARG,CG,A,145,.,.,.,ILE,CG2,979,1071,8.12403,0.615769,3.80173,-5.38634,5,0
A,134,.,.,.,ARG,CG,A,146,.,.,.,MET,C,979,1075,0.647533,0.17902,4.47898,-0.147362,5,0
A,134,.,.,.,ARG,CG,A,146,.,.,.,MET,O,979,1076,4.12862,0,3.514,0.0121328,5,0
A,134,.,.,.,ARG,CG,A,147,.,.,.,ASN,CB,979,1085,4.22673,0.196044,4.2838,0.285262,5,0
A,134,.,.,.,ARG,CG,A,147,.,.,.,ASN,ND2,979,1088,0.220481,0.433594,5.26375,0.0351474,5,0
A,134,.,.,.,ARG,CD,A,134,.,.,.,ARG,NE,980,981,12.5926,1.87655,1.46756,0,0,1
A,134,.,.,.,ARG,CD,A,134,.,.,.,ARG,CZ,980,982,2.65479,1.23435,2.48578,0,0,0
A,134,.,.,.,ARG,CD,A,134,.,.,.,ARG,NH2,980,984,6.30808,3.27198,2.84892,0,0,0
A,134,.,.,.,ARG,CD,A,136,.,.,.,TRP,CE3,980,1001,0.00632097,0,4.72628,-0.00787662,2,0
A,134,.,.,.,ARG,CD,A,145,.,.,.,ILE,CG2,980,1071,9.8216,5.47433,3.97028,-4.0085,5,0
A,134,.,.,.,ARG,CD,A,147,.,.,.,ASN,CB,980,1085,1.20516,0.300095,4.97133,-0.0119018,5,0
A,134,.,.,.,ARG,CD,A,147,.,.,.,ASN,ND2,980,1088,4.25161,4.88016,5.30197,-0.502502,5,0
A,134,.,.,.,ARG,NE,A,134,.,.,.,ARG,CZ,981,982,11.3786,1.86253,1.33515,0,0,1
A,134,.,.,.,ARG,NE,A,134,.,.,.,ARG,NH1,981,983,2.84088,0,2.31314,0,0,0
A,134,.,.,.,ARG,NE,A,136,.,.,.,TRP,CE3,981,1001,2.05357,0,4.21783,-1.41329,2,0
A,134,.,.,.,ARG,NE,A,136,.,.,.,TRP,CZ3,981,1003,2.17779,0,4.0278,-0.94135,2,0
A,134,.,.,.,ARG,NE,A,145,.,.,.,ILE,CG2,981,1071,0.768083,0.147232,4.60546,-0.459579,5,0
A,134,.,.,.,ARG,CZ,A,134,.,.,.,ARG,NH1,982,983,11.9739,0,1.3339,0,0,1
A,134,.,.,.,ARG,CZ,A,134,.,.,.,ARG,NH2,982,984,11.3965,1.16722,1.32854,0,0,1
A,134,.,.,.,ARG,CZ,A,136,.,.,.,TRP,CZ3,982,1003,1.2014,0,4.26696,-1.09061,2,0
A,134,.,.,.,ARG,NH1,A,134,.,.,.,ARG,NH2,983,984,0.642788,0,2.29883,0,0,0
A,134,.,.,.,ARG,NH1,A,136,.,.,.,TRP,CZ3,983,1003,2.52028,0,4.19818,-0.792469,2,0
A,134,.,.,.,ARG,NH1,A,136,.,.,.,TRP,CH2,983,1004,2.02056,1.39607,4.53571,-1.74742,2,0
A,135,.,.,.,SER,N,A,135,.,.,.,SER,CA,985,986,7.26297,0,1.45687,0,0,1
A,135,.,.,.,SER,N,A,135,.,.,.,SER,C,985,987,1.08379,0,2.4471,0,0,0
A,135,.,.,.,SER,N,A,135,.,.,.,SER,O,985,988,2.1011,0,2.76656,0,0,0
A,135,.,.,.,SER,N,A,135,.,.,.,SER,CB,985,989,4.38295,0,2.46951,0,0,0
A,135,.,.,.,SER,N,A,136,.,.,.,TRP,CE3,985,1001,0.325874,0,4.00387,0,1,0
A,135,.,.,.,SER,N,A,146,.,.,.,MET,O,985,1076,7.00062,0,2.82446,-4.90622,5,0
A,135,.,.,.,SER,CA,A,135,.,.,.,SER,C,986,987,6.67882,0,1.51994,0,0,1
A,135,.,.,.,SER,CA,A,135,.,.,.,SER,O,986,988,0.650027,0,2.39965,0,0,0
A,135,.,.,.,SER,CA,A,135,.,.,.,SER,CB,986,989,8.78001,0,1.52102,0,0,1
A,135,.,.,.,SER,CA,A,135,.,.,.,SER,OG,986,990,0.57225,0,2.40365,0,0,0
A,135,.,.,.,SER,CA,A,136,.,.,.,TRP,N,986,991,1.83241,0,2.41687,0,1,0
A,135,.,.,.,SER,CA,A,136,.,.,.,TRP,CE3,986,1001,3.57653,0,3.61133,0,1,0
A,135,.,.,.,SER,CA,A,136,.,.,.,TRP,CZ3,986,1003,0.277617,0,4.1947,0,1,0
A,135,.,.,.,SER,C,A,135,.,.,.,SER,O,987,988,8.38404,0,1.2335,0,0,1
A,135,.,.,.,SER,C,A,135,.,.,.,SER,CB,987,989,2.51039,0,2.48127,0,0,0
A,135,.,.,.,SER,C,A,135,.,.,.,SER,OG,987,990,0.00146455,0,2.97539,0,0,0
A,135,.,.,.,SER,C,A,136,.,.,.,TRP,N,987,991,6.69368,0,1.3302,0,1,1
A,135,.,.,.,SER,C,A,136,.,.,.,TRP,CA,987,992,1.65288,0,2.43812,0,1,0
A,135,.,.,.,SER,C,A,136,.,.,.,TRP,CB,987,995,0.5791,0,3.37288,0,1,0
A,135,.,.,.,SER,C,A,136,.,.,.,TRP,CE3,987,1001,1.71569,0,3.58929,0,1,0
A,135,.,.,.,SER,C,A,145,.,.,.,ILE,CG2,987,1071,0.958339,0,4.46512,-0.258111,5,0
A,135,.,.,.,SER,O,A,135,.,.,.,SER,CB,988,989,1.35484,0,3.21036,0,0,0
A,135,.,.,.,SER,O,A,136,.,.,.,TRP,CA,988,992,2.95196,0,2.79429,0,1,0
A,135,.,.,.,SER,O,A,144,.,.,.,ILE,O,988,1060,0.0740184,0,4.09145,0.0656072,5,0
A,135,.,.,.,SER,O,A,145,.,.,.,ILE,CA,988,1066,3.0868,0,3.43483,-2.06187,5,0
A,135,.,.,.,SER,O,A,145,.,.,.,ILE,CG2,988,1071,2.42867,0,3.84328,0.00251744,5,0
A,135,.,.,.,SER,O,A,146,.,.,.,MET,N,988,1073,5.5414,0,2.86839,-3.63237,5,0
A,135,.,.,.,SER,O,A,146,.,.,.,MET,CA,988,1074,0.049499,0,3.85321,0.0335893,5,0
A,135,.,.,.,SER,O,A,146,.,.,.,MET,O,988,1076,1.99403,0,3.31346,1.73015,5,0
A,135,.,.,.,SER,O,A,146,.,.,.,MET,CB,988,1077,0.991251,0,4.27811,-0.0483417,5,0
A,135,.,.,.,SER,O,A,146,.,.,.,MET,CG,988,1078,1.22119,0,4.2848,0.41128,5,0
A,135,.,.,.,SER,O,A,146,.,.,.,MET,CE,988,1080,0.229065,0,5.05563,0.12633,5,0
A,135,.,.,.,SER,CB,A,135,.,.,.,SER,OG,989,990,10.2453,0,1.41921,0,0,1
A,135,.,.,.,SER,CB,A,136,.,.,.,TRP,N,989,991,0.0271079,0,3.19047,0,1,0
A,135,.,.,.,SER,CB,A,146,.,.,.,MET,O,989,1076,0.13573,0,4.61639,-0.0118783,5,0
A,135,.,.,.,SER,CB,A,146,.,.,.,MET,CB,989,1077,0.534764,0,5.8023,-0.00888071,5,0
A,135,.,.,.,SER,CB,A,146,.,.,.,MET,CE,989,1080,1.16401,0,5.18383,-0.903709,5,0
A,135,.,.,.,SER,OG,A,136,.,.,.,TRP,N,990,991,2.50711,0,3.08519,0,1,0
A,135,.,.,.,SER,OG,A,136,.,.,.,TRP,O,990,994,0.175136,0,4.22425,0,1,0
A,136,.,.,.,TRP,N,A,136,.,.,.,TRP,CA,991,992,6.75949,0,1.45442,0,0,1
A,136,.,.,.,TRP,N,A,136,.,.,.,TRP,C,991,993,0.7255,0,2.4471,0,0,0
A,136,.,.,.,TRP,N,A,136,.,.,.,TRP,O,991,994,2.74574,0,2.75926,0,0,0
A,136,.,.,.,TRP,N,A,136,.,.,.,TRP,CB,991,995,0.944806,0,2.46751,0,0,0
A,136,.,.,.,TRP,N,A,136,.,.,.,TRP,CG,991,996,0.961263,0,2.91899,0,0,0
A,136,.,.,.,TRP,N,A,136,.,.,.,TRP,CD2,991,998,1.36683,0,3.22716,0,0,0
A,136,.,.,.,TRP,N,A,136,.,.,.,TRP,CE3,991,1001,1.57733,0,3.30884,0,0,0
A,136,.,.,.,TRP,CA,A,136,.,.,.,TRP,C,992,993,6.86094,0,1.51891,0,0,1
A,136,.,.,.,TRP,CA,A,136,.,.,.,TRP,O,992,994,0.338671,0,2.4012,0,0,0
A,136,.,.,.,TRP,CA,A,136,.,.,.,TRP,CB,992,995,8.97386,0,1.5332,0,0,1
A,136,.,.,.,TRP,CA,A,136,.,.,.,TRP,CG,992,996,0.722797,0,2.55808,0,0,0
A,136,.,.,.,TRP,CA,A,137,.,.,.,LEU,N,992,1005,2.0063,0,2.41569,0,1,0
A,136,.,.,.,TRP,CA,A,144,.,.,.,ILE,O,992,1060,3.80379,0,3.17689,-4.28748,5,0
A,136,.,.,.,TRP,CA,A,145,.,.,.,ILE,CA,992,1066,1.55966,0,4.21031,0.316431,5,0
A,136,.,.,.,TRP,CA,A,145,.,.,.,ILE,CG2,992,1071,0.133522,0,4.5501,0.0642353,5,0
A,136,.,.,.,TRP,C,A,136,.,.,.,TRP,O,993,994,8.12292,0,1.23285,0,0,1
A,136,.,.,.,TRP,C,A,136,.,.,.,TRP,CB,993,995,1.93728,0,2.49685,0,0,0
A,136,.,.,.,TRP,C,A,136,.,.,.,TRP,CG,993,996,0.178374,0,3.16797,0,0,0
A,136,.,.,.,TRP,C,A,136,.,.,.,TRP,CD1,993,997,1.96585,0,3.5849,0,0,0
A,136,.,.,.,TRP,C,A,137,.,.,.,LEU,N,993,1005,7.39045,0,1.33531,0,1,1
A,136,.,.,.,TRP,C,A,137,.,.,.,LEU,CA,993,1006,1.61836,0,2.4396,0,1,0
A,136,.,.,.,TRP,C,A,137,.,.,.,LEU,CB,993,1009,0.993975,0,3.21088,0,1,0
A,136,.,.,.,TRP,C,A,138,.,.,.,PRO,CD,993,1019,0.298693,0,4.48952,-0.0248379,2,0
A,136,.,.,.,TRP,O,A,136,.,.,.,TRP,CG,994,996,0.454713,0,3.39517,0,0,0
A,136,.,.,.,TRP,O,A,136,.,.,.,TRP,CD1,994,997,2.78513,0,3.52793,0,0,0
A,136,.,.,.,TRP,O,A,137,.,.,.,LEU,CA,994,1006,3.63485,0,2.78848,0,1,0
A,136,.,.,.,TRP,O,A,137,.,.,.,LEU,CB,994,1009,1.53985,0,3.38848,0,1,0
A,136,.,.,.,TRP,O,A,137,.,.,.,LEU,CD1,994,1011,1.17132,0.181348,4.24706,0,1,0
A,136,.,.,.,TRP,O,A,138,.,.,.,PRO,CD,994,1019,1.6416,0.36606,4.51991,1.0227,2,0
A,136,.,.,.,TRP,CB,A,136,.,.,.,TRP,CG,995,996,6.9041,0,1.499,0,0,1
A,136,.,.,.,TRP,CB,A,136,.,.,.,TRP,CD1,995,997,2.37707,0,2.56314,0,0,0
A,136,.,.,.,TRP,CB,A,136,.,.,.,TRP,CD2,995,998,0.988174,0,2.63015,0,0,0
A,136,.,.,.,TRP,CB,A,136,.,.,.,TRP,CE3,995,1001,2.24453,0,3.3207,0,0,0
A,136,.,.,.,TRP,CB,A,137,.,.,.,LEU,N,995,1005,2.32755,0,3.18104,0,1,0
A,136,.,.,.,TRP,CB,A,144,.,.,.,ILE,O,995,1060,1.83387,0,3.67025,-0.994592,5,0
A,136,.,.,.,TRP,CB,A,145,.,.,.,ILE,CA,995,1066,0.458281,0,4.39552,-0.0270843,5,0
A,136,.,.,.,TRP,CB,A,145,.,.,.,ILE,CB,995,1069,0.162932,0,4.42293,-0.257061,5,0
A,136,.,.,.,TRP,CB,A,145,.,.,.,ILE,CG1,995,1070,4.33419,0,4.08772,-5.39321,5,0
A,136,.,.,.,TRP,CB,A,145,.,.,.,ILE,CG2,995,1071,4.3544,0,4.08527,-5.65423,5,0
A,136,.,.,.,TRP,CG,A,136,.,.,.,TRP,CD1,996,997,6.97979,0,1.36881,0,0,1
A,136,.,.,.,TRP,CG,A,136,.,.,.,TRP,CD2,996,998,6.5339,0,1.43752,0,0,1
A,136,.,.,.,TRP,CD1,A,136,.,.,.,TRP,CD2,997,998,0.931028,0,2.244,0,0,0
A,136,.,.,.,TRP,CD1,A,136,.,.,.,TRP,NE1,997,999,12.2206,1.5062,1.3772,0,0,1
A,136,.,.,.,TRP,CD1,A,136,.,.,.,TRP,CE2,997,1000,0.561765,0,2.23657,0,0,0
A,136,.,.,.,TRP,CD1,A,137,.,.,.,LEU,N,997,1005,0.030981,0,4.38032,0,1,0
A,136,.,.,.,TRP,CD1,A,138,.,.,.,PRO,CG,997,1018,0.00636105,0.110764,5.86988,-0.00790717,2,0
A,136,.,.,.,TRP,CD1,A,138,.,.,.,PRO,CD,997,1019,3.95418,2.52045,5.31103,-3.59687,2,0
A,136,.,.,.,TRP,CD1,A,236,.,.,.,TRP,O,997,1806,3.41388,1.59998,4.49349,-1.56707,5,0
A,136,.,.,.,TRP,CD1,A,236,.,.,.,TRP,CB,997,1807,0.282703,0,5.30966,-0.301528,5,0
A,136,.,.,.,TRP,CD2,A,136,.,.,.,TRP,CE2,998,1000,7.48029,0,1.41449,0,0,1
A,136,.,.,.,TRP,CD2,A,136,.,.,.,TRP,CE3,998,1001,9.32088,0,1.39903,0,0,1
A,136,.,.,.,TRP,CD2,A,136,.,.,.,TRP,CZ2,998,1002,0.39254,0,2.46704,0,0,0
A,136,.,.,.,TRP,CD2,A,136,.,.,.,TRP,CZ3,998,1003,0.177178,0,2.40138,0,0,0
A,136,.,.,.,TRP,CD2,A,136,.,.,.,TRP,CH2,998,1004,0.101049,0,2.79045,0,0,0
A,136,.,.,.,TRP,NE1,A,136,.,.,.,TRP,CE2,999,1000,8.05141,0,1.37023,0,0,1
A,136,.,.,.,TRP,NE1,A,136,.,.,.,TRP,CZ2,999,1002,3.60857,0.585748,2.51291,0,0,0
A,136,.,.,.,TRP,NE1,A,236,.,.,.,TRP,CA,999,1804,2.61998,0.56615,4.77424,-0.964504,5,0
A,136,.,.,.,TRP,NE1,A,236,.,.,.,TRP,O,999,1806,6.77101,3.64024,4.0558,-9.42328,5,0
A,136,.,.,.,TRP,NE1,A,236,.,.,.,TRP,CB,999,1807,1.09316,0,4.8886,-1.19644,5,0
A,136,.,.,.,TRP,CE2,A,136,.,.,.,TRP,CZ2,1000,1002,10.2483,0,1.40105,0,0,1
A,136,.,.,.,TRP,CE2,A,236,.,.,.,TRP,CA,1000,1804,0.0872099,0,5.20854,-0.121075,5,0
A,136,.,.,.,TRP,CE2,A,236,.,.,.,TRP,CB,1000,1807,0.423623,0,5.19428,-0.858176,5,0
A,136,.,.,.,TRP,CE3,A,136,.,.,.,TRP,CZ3,1001,1003,12.1237,0,1.3908,0,0,1
A,136,.,.,.,TRP,CE3,A,145,.,.,.,ILE,CG2,1001,1071,2.39513,0,4.77048,-3.35247,5,0
A,136,.,.,.,TRP,CZ2,A,136,.,.,.,TRP,CH2,1002,1004,18.7073,6.68538,1.37522,0,0,1
A,136,.,.,.,TRP,CZ2,A,235,.,.,.,PRO,O,1002,1799,0.169785,1.1573,5.96022,-0.084183,5,0
A,136,.,.,.,TRP,CZ2,A,236,.,.,.,TRP,CA,1002,1804,4.94616,3.19089,5.29825,-4.84272,5,0
A,136,.,.,.,TRP,CZ2,A,236,.,.,.,TRP,CB,1002,1807,1.4415,1.02973,5.46231,-2.55055,5,0
A,136,.,.,.,TRP,CZ3,A,136,.,.,.,TRP,CH2,1003,1004,11.7791,0,1.40146,0,0,1
A,137,.,.,.,LEU,N,A,137,.,.,.,LEU,CA,1005,1006,7.73517,0,1.45626,0,0,1
A,137,.,.,.,LEU,N,A,137,.,.,.,LEU,C,1005,1007,3.06472,0,2.463,0,0,0
A,137,.,.,.,LEU,N,A,137,.,.,.,LEU,O,1005,1008,0.53696,0,3.01872,0,0,0
A,137,.,.,.,LEU,N,A,137,.,.,.,LEU,CB,1005,1009,2.38709,0,2.45551,0,0,0
A,137,.,.,.,LEU,N,A,138,.,.,.,PRO,CD,1005,1019,0.730099,0,3.78914,0,1,0
A,137,.,.,.,LEU,N,A,144,.,.,.,ILE,O,1005,1060,6.80463,0,2.80062,-12.0727,5,0
A,137,.,.,.,LEU,N,A,144,.,.,.,ILE,CB,1005,1061,0.00721779,0,4.93058,0.00627287,5,0
A,137,.,.,.,LEU,CA,A,137,.,.,.,LEU,C,1006,1007,6.41522,0,1.52358,0,0,1
A,137,.,.,.,LEU,CA,A,137,.,.,.,LEU,O,1006,1008,0.698705,0,2.39921,0,0,0
A,137,.,.,.,LEU,CA,A,137,.,.,.,LEU,CB,1006,1009,7.36036,0,1.53374,0,0,1
A,137,.,.,.,LEU,CA,A,137,.,.,.,LEU,CG,1006,1010,0.997573,0,2.6088,0,0,0
A,137,.,.,.,LEU,CA,A,137,.,.,.,LEU,CD1,1006,1011,3.32208,0,3.08936,0,0,0
A,137,.,.,.,LEU,CA,A,138,.,.,.,PRO,N,1006,1013,0.0999318,0,2.47264,0,1,0
A,137,.,.,.,LEU,CA,A,138,.,.,.,PRO,CD,1006,1019,6.51708,0,2.91054,0,1,0
A,137,.,.,.,LEU,C,A,137,.,.,.,LEU,O,1007,1008,8.25756,0,1.23969,0,0,1
A,137,.,.,.,LEU,C,A,137,.,.,.,LEU,CB,1007,1009,0.789991,0,2.4977,0,0,0
A,137,.,.,.,LEU,C,A,137,.,.,.,LEU,CG,1007,1010,2.10486,0,3.12762,0,0,0
A,137,.,.,.,LEU,C,A,138,.,.,.,PRO,N,1007,1013,7.46794,0,1.32916,0,1,1
A,137,.,.,.,LEU,C,A,138,.,.,.,PRO,CA,1007,1014,1.54366,0,2.41555,0,1,0
A,137,.,.,.,LEU,C,A,138,.,.,.,PRO,C,1007,1015,1.03493,0,3.03823,0,1,0
A,137,.,.,.,LEU,C,A,138,.,.,.,PRO,O,1007,1016,0.0152686,0,3.34065,0,1,0
A,137,.,.,.,LEU,C,A,138,.,.,.,PRO,CD,1007,1019,0.994527,0,2.42134,0,1,0
A,137,.,.,.,LEU,C,A,143,.,.,.,TYR,CA,1007,1046,0.0455167,0,4.55082,0.0530215,5,0
A,137,.,.,.,LEU,C,A,143,.,.,.,TYR,CB,1007,1049,0.642383,0,5.11172,-0.209243,5,0
A,137,.,.,.,LEU,C,A,143,.,.,.,TYR,CD2,1007,1052,0.0615304,0,5.14767,-0.0385876,5,0
A,137,.,.,.,LEU,C,A,144,.,.,.,ILE,N,1007,1057,0.260658,0,4.04609,0.567007,5,0
A,137,.,.,.,LEU,C,A,144,.,.,.,ILE,O,1007,1060,0.223943,0,4.04113,0.297027,5,0
A,137,.,.,.,LEU,O,A,137,.,.,.,LEU,CB,1008,1009,3.11717,0,2.91215,0,0,0
A,137,.,.,.,LEU,O,A,137,.,.,.,LEU,CG,1008,1010,0.577455,0,3.5698,0,0,0
A,137,.,.,.,LEU,O,A,138,.,.,.,PRO,CA,1008,1014,2.55024,0,2.69394,0,1,0
A,137,.,.,.,LEU,O,A,138,.,.,.,PRO,C,1008,1015,0.845887,0,3.09385,0,1,0
A,137,.,.,.,LEU,O,A,139,.,.,.,MET,N,1008,1020,2.1957,0,3.39518,2.0245,2,0
A,137,.,.,.,LEU,O,A,139,.,.,.,MET,CG,1008,1025,4.09636,0,4.19704,-1.56604,2,0
A,137,.,.,.,LEU,O,A,143,.,.,.,TYR,CA,1008,1046,3.53691,0,3.6466,-2.562,5,0
A,137,.,.,.,LEU,O,A,143,.,.,.,TYR,CB,1008,1049,0.019589,0,4.48023,-0.00912616,5,0
A,137,.,.,.,LEU,O,A,144,.,.,.,ILE,N,1008,1057,6.36,0,3.01602,-11.2986,5,0
A,137,.,.,.,LEU,O,A,144,.,.,.,ILE,O,1008,1060,0.754011,0,3.67814,0.133977,5,0
A,137,.,.,.,LEU,O,A,144,.,.,.,ILE,CB,1008,1061,2.75789,0,4.12052,-2.92902,5,0
A,137,.,.,.,LEU,O,A,144,.,.,.,ILE,CG1,1008,1062,0.279364,0,4.66277,-0.114979,5,0
A,137,.,.,.,LEU,CB,A,137,.,.,.,LEU,CG,1009,1010,8.78032,0,1.53002,0,0,1
A,137,.,.,.,LEU,CB,A,137,.,.,.,LEU,CD1,1009,1011,2.80852,0,2.50669,0,0,0
A,137,.,.,.,LEU,CB,A,137,.,.,.,LEU,CD2,1009,1012,4.25047,0,2.50899,0,0,0
A,137,.,.,.,LEU,CB,A,139,.,.,.,MET,CG,1009,1025,0.703429,0,4.9118,-0.439249,2,0
A,137,.,.,.,LEU,CB,A,144,.,.,.,ILE,O,1009,1060,0.0154715,0,4.39128,-0.0103679,5,0
A,137,.,.,.,LEU,CB,A,144,.,.,.,ILE,CB,1009,1061,2.52973,0,5.03563,-3.78834,5,0
A,137,.,.,.,LEU,CB,A,144,.,.,.,ILE,CD1,1009,1064,0.014855,0,6.08404,-0.0152252,5,0
A,137,.,.,.,LEU,CG,A,137,.,.,.,LEU,CD1,1010,1011,11.3121,0,1.52764,0,0,1
A,137,.,.,.,LEU,CG,A,137,.,.,.,LEU,CD2,1010,1012,9.67594,0,1.52296,0,0,1
A,137,.,.,.,LEU,CG,A,138,.,.,.,PRO,N,1010,1013,0.487733,0,3.76756,0,1,0
A,137,.,.,.,LEU,CG,A,138,.,.,.,PRO,C,1010,1015,0.569134,0,4.32782,0,1,0
A,137,.,.,.,LEU,CG,A,138,.,.,.,PRO,O,1010,1016,2.99645,0,3.86801,0,1,0
A,137,.,.,.,LEU,CG,A,138,.,.,.,PRO,CD,1010,1019,0.0254297,0,4.28026,0,1,0
A,137,.,.,.,LEU,CG,A,139,.,.,.,MET,CG,1010,1025,1.7011,0,4.30607,-1.92203,2,0
A,137,.,.,.,LEU,CG,A,139,.,.,.,MET,SD,1010,1026,5.16795,0,3.50746,-6.37617,2,0
A,137,.,.,.,LEU,CD1,A,137,.,.,.,LEU,CD2,1011,1012,9.8558,5.76018,2.50868,0,0,0
A,137,.,.,.,LEU,CD1,A,138,.,.,.,PRO,N,1011,1013,0.0038719,0,4.06614,0,1,0
A,137,.,.,.,LEU,CD1,A,138,.,.,.,PRO,O,1011,1016,4.12145,2.85451,4.13735,0,1,0
A,137,.,.,.,LEU,CD1,A,138,.,.,.,PRO,CD,1011,1019,8.26133,4.63721,4.0673,0,1,0
A,137,.,.,.,LEU,CD1,A,139,.,.,.,MET,SD,1011,1026,1.22075,1.94898,4.51052,-1.17932,2,0
A,137,.,.,.,LEU,CD2,A,139,.,.,.,MET,CG,1012,1025,1.30859,0,4.19785,-0.901055,2,0
A,137,.,.,.,LEU,CD2,A,139,.,.,.,MET,SD,1012,1026,14.3472,2.28312,3.07976,-26.3996,2,0
A,137,.,.,.,LEU,CD2,A,144,.,.,.,ILE,CD1,1012,1064,0.0602268,0,6.26542,-0.0468113,5,0
A,138,.,.,.,PRO,N,A,138,.,.,.,PRO,CA,1013,1014,5.7727,0,1.44514,0,0,1
A,138,.,.,.,PRO,N,A,138,.,.,.,PRO,C,1013,1015,0.577192,0,2.38905,0,0,0
A,138,.,.,.,PRO,N,A,138,.,.,.,PRO,O,1013,1016,1.08172,0,2.66106,0,0,0
A,138,.,.,.,PRO,N,A,138,.,.,.,PRO,CG,1013,1018,0.842836,0,2.21697,0,0,0
A,138,.,.,.,PRO,N,A,138,.,.,.,PRO,CD,1013,1019,6.67004,0,1.40831,0,0,1
A,138,.,.,.,PRO,N,A,143,.,.,.,TYR,CD2,1013,1052,0.155342,0,4.60564,-0.184098,5,0
A,138,.,.,.,PRO,CA,A,138,.,.,.,PRO,C,1014,1015,6.19119,0,1.53065,0,0,1
A,138,.,.,.,PRO,CA,A,138,.,.,.,PRO,O,1014,1016,0.336906,0,2.26847,0,0,0
A,138,.,.,.,PRO,CA,A,138,.,.,.,PRO,CB,1014,1017,8.38757,0,1.51172,0,0,1
A,138,.,.,.,PRO,CA,A,138,.,.,.,PRO,CG,1014,1018,1.43064,0,2.32985,0,0,0
A,138,.,.,.,PRO,CA,A,138,.,.,.,PRO,CD,1014,1019,0.374723,0,2.39706,0,0,0
A,138,.,.,.,PRO,CA,A,139,.,.,.,MET,N,1014,1020,2.13237,0,2.46668,0,1,0
A,138,.,.,.,PRO,CA,A,142,.,.,.,ASP,O,1014,1040,3.56955,0,3.34501,-0.461065,4,0
A,138,.,.,.,PRO,CA,A,143,.,.,.,TYR,CA,1014,1046,2.44749,0,4.22913,-0.612774,5,0
A,138,.,.,.,PRO,CA,A,143,.,.,.,TYR,CB,1014,1049,0.198812,0,4.69799,-0.00289859,5,0
A,138,.,.,.,PRO,CA,A,143,.,.,.,TYR,CD2,1014,1052,4.0374,0,3.91389,-2.45546,5,0
A,138,.,.,.,PRO,C,A,138,.,.,.,PRO,O,1015,1016,7.98349,0,1.11575,0,0,1
A,138,.,.,.,PRO,C,A,138,.,.,.,PRO,CB,1015,1017,4.09706,0,2.46427,0,0,0
A,138,.,.,.,PRO,C,A,139,.,.,.,MET,N,1015,1020,8.13294,0,1.32015,0,1,1
A,138,.,.,.,PRO,C,A,139,.,.,.,MET,CA,1015,1021,1.56805,0,2.43961,0,1,0
A,138,.,.,.,PRO,C,A,139,.,.,.,MET,CG,1015,1025,0.593869,0,3.93164,0,1,0
A,138,.,.,.,PRO,C,A,139,.,.,.,MET,SD,1015,1026,0.0942942,0,4.38031,0,1,0
A,138,.,.,.,PRO,C,A,140,.,.,.,GLY,N,1015,1028,2.15085,0,3.71647,1.52074,2,0
A,138,.,.,.,PRO,C,A,140,.,.,.,GLY,O,1015,1031,0.0233367,0,5.01024,0.0278549,2,0
A,138,.,.,.,PRO,O,A,138,.,.,.,PRO,CB,1016,1017,4.74473,3.04434,2.83707,0,0,0
A,138,.,.,.,PRO,O,A,138,.,.,.,PRO,CD,1016,1019,3.31968,1.30479,3.29649,0,0,0
A,138,.,.,.,PRO,O,A,139,.,.,.,MET,CA,1016,1021,5.06525,1.28951,2.7134,0,1,0
A,138,.,.,.,PRO,O,A,139,.,.,.,MET,SD,1016,1026,3.46919,1.63658,4.02252,0,1,0
A,138,.,.,.,PRO,O,A,140,.,.,.,GLY,N,1016,1028,2.58302,2.83138,3.85942,0.910987,2,0
A,138,.,.,.,PRO,CB,A,138,.,.,.,PRO,CG,1017,1018,16.0852,5.89789,1.47187,0,0,1
A,138,.,.,.,PRO,CB,A,138,.,.,.,PRO,CD,1017,1019,1.87194,0.449059,2.37397,0,0,0
A,138,.,.,.,PRO,CB,A,139,.,.,.,MET,N,1017,1020,0.157366,0,3.49462,0,1,0
A,138,.,.,.,PRO,CB,A,140,.,.,.,GLY,N,1017,1028,0.950034,1.03603,5.14651,0.169073,2,0
A,138,.,.,.,PRO,CB,A,140,.,.,.,GLY,O,1017,1031,5.44463,4.65871,5.15957,-1.21016,2,0
A,138,.,.,.,PRO,CB,A,142,.,.,.,ASP,O,1017,1040,1.46276,0.0427233,4.14255,-0.0283918,4,0
A,138,.,.,.,PRO,CB,A,143,.,.,.,TYR,CD2,1017,1052,2.08865,0,3.90553,-1.79871,5,0
A,138,.,.,.,PRO,CB,A,143,.,.,.,TYR,CE2,1017,1054,7.53185,4.37386,4.06722,-7.98391,5,0
A,138,.,.,.,PRO,CG,A,138,.,.,.,PRO,CD,1018,1019,17.3494,6.29289,1.49572,0,0,1
A,138,.,.,.,PRO,CG,A,143,.,.,.,TYR,CD2,1018,1052,2.35618,0,4.17711,-2.85234,5,0
A,138,.,.,.,PRO,CG,A,143,.,.,.,TYR,CE2,1018,1054,3.38615,1.81609,4.37208,-4.30369,5,0
A,139,.,.,.,MET,N,A,139,.,.,.,MET,CA,1020,1021,6.76219,0,1.48157,0,0,1
A,139,.,.,.,MET,N,A,139,.,.,.,MET,C,1020,1022,2.17191,0,2.3884,0,0,0
A,139,.,.,.,MET,N,A,139,.,.,.,MET,O,1020,1023,0.0216575,0,3.03537,0,0,0
A,139,.,.,.,MET,N,A,139,.,.,.,MET,CB,1020,1024,2.40216,0,2.5476,0,0,0
A,139,.,.,.,MET,N,A,139,.,.,.,MET,CG,1020,1025,2.03738,0,3.22358,0,0,0
A,139,.,.,.,MET,N,A,140,.,.,.,GLY,N,1020,1028,0.989133,0,3.10442,0,1,0
A,139,.,.,.,MET,N,A,140,.,.,.,GLY,O,1020,1031,0.313546,0,4.63716,0,1,0
A,139,.,.,.,MET,N,A,142,.,.,.,ASP,C,1020,1039,0.452635,0,3.63999,0.645878,3,0
A,139,.,.,.,MET,N,A,142,.,.,.,ASP,O,1020,1040,7.03078,0,2.599,-2.07973,3,0
A,139,.,.,.,MET,N,A,143,.,.,.,TYR,CA,1020,1046,0.782897,0,4.46762,0.675216,4,0
A,139,.,.,.,MET,CA,A,139,.,.,.,MET,C,1021,1022,7.42719,0.511819,1.51609,0,0,1
A,139,.,.,.,MET,CA,A,139,.,.,.,MET,O,1021,1023,0.459605,0,2.33755,0,0,0
A,139,.,.,.,MET,CA,A,139,.,.,.,MET,CB,1021,1024,9.38922,0.225552,1.53121,0,0,1
A,139,.,.,.,MET,CA,A,139,.,.,.,MET,CG,1021,1025,1.22649,0,2.60635,0,0,0
A,139,.,.,.,MET,CA,A,139,.,.,.,MET,SD,1021,1026,4.52435,1.22342,3.42006,0,0,0
A,139,.,.,.,MET,CA,A,139,.,.,.,MET,CE,1021,1027,1.71309,2.25907,4.15967,0,0,0
A,139,.,.,.,MET,CA,A,140,.,.,.,GLY,N,1021,1028,6.46258,3.26667,2.41749,0,1,0
A,139,.,.,.,MET,CA,A,142,.,.,.,ASP,O,1021,1040,0.0263369,0,3.6125,0.0259985,3,0
A,139,.,.,.,MET,C,A,139,.,.,.,MET,O,1022,1023,8.75357,1.14796,1.19362,0,0,1
A,139,.,.,.,MET,C,A,139,.,.,.,MET,CB,1022,1024,3.65784,2.22773,2.45825,0,0,0
A,139,.,.,.,MET,C,A,140,.,.,.,GLY,N,1022,1028,9.25909,1.53961,1.31448,0,1,1
A,139,.,.,.,MET,C,A,140,.,.,.,GLY,CA,1022,1029,2.756,1.3883,2.42211,0,1,0
A,139,.,.,.,MET,C,A,140,.,.,.,GLY,C,1022,1030,1.22839,0,3.04182,0,1,0
A,139,.,.,.,MET,C,A,140,.,.,.,GLY,O,1022,1031,0.0272657,0,3.63242,0,1,0
A,139,.,.,.,MET,C,A,142,.,.,.,ASP,N,1022,1037,0.230501,0,3.80817,0.388573,3,0
A,139,.,.,.,MET,C,A,142,.,.,.,ASP,O,1022,1040,0.985446,0,3.59332,1.35349,3,0
A,139,.,.,.,MET,O,A,139,.,.,.,MET,CB,1023,1024,6.735,2.75107,2.69593,0,0,0
A,139,.,.,.,MET,O,A,140,.,.,.,GLY,CA,1023,1029,3.67809,1.96949,2.75433,0,1,0
A,139,.,.,.,MET,O,A,140,.,.,.,GLY,C,1023,1030,0.405827,0,3.04904,0,1,0
A,139,.,.,.,MET,O,A,141,.,.,.,ALA,N,1023,1032,3.7235,1.42901,3.07909,-2.88002,2,0
A,139,.,.,.,MET,O,A,142,.,.,.,ASP,N,1023,1037,4.14178,0,2.9854,-1.55905,3,0
A,139,.,.,.,MET,O,A,142,.,.,.,ASP,CA,1023,1038,0.308608,0,3.6772,0.177153,3,0
A,139,.,.,.,MET,O,A,142,.,.,.,ASP,C,1023,1039,0.124543,0,3.89067,0.154067,3,0
A,139,.,.,.,MET,O,A,142,.,.,.,ASP,O,1023,1040,0.668174,0,3.43825,0.810194,3,0
A,139,.,.,.,MET,O,A,142,.,.,.,ASP,CB,1023,1041,3.84555,0,3.70651,1.63092,3,0
A,139,.,.,.,MET,O,A,142,.,.,.,ASP,CG,1023,1042,1.6081,0.631276,4.19871,0.625968,3,0
A,139,.,.,.,MET,O,A,142,.,.,.,ASP,OD1,1023,1043,1.50869,2.4308,4.50186,1.16952,3,0
A,139,.,.,.,MET,CB,A,139,.,.,.,MET,CG,1024,1025,15.2333,0.851976,1.50926,0,0,1
A,139,.,.,.,MET,CB,A,139,.,.,.,MET,SD,1024,1026,0.852054,0,2.85828,0,0,0
A,139,.,.,.,MET,CB,A,139,.,.,.,MET,CE,1024,1027,6.76937,3.70918,3.39421,0,0,0
A,139,.,.,.,MET,CB,A,142,.,.,.,ASP,C,1024,1039,1.23805,0,4.74568,0.236049,3,0
A,139,.,.,.,MET,CB,A,142,.,.,.,ASP,O,1024,1040,0.0170379,0,4.21584,0.00600296,3,0
A,139,.,.,.,MET,CB,A,142,.,.,.,ASP,CB,1024,1041,6.68103,2.37112,4.78064,-0.492813,3,0
A,139,.,.,.,MET,CB,A,142,.,.,.,ASP,OD1,1024,1043,0.205695,1.02575,5.66546,0.0616438,3,0
A,139,.,.,.,MET,CB,A,143,.,.,.,TYR,N,1024,1045,0.00104791,0,5.4834,0.000529792,4,0
A,139,.,.,.,MET,CB,A,143,.,.,.,TYR,CA,1024,1046,0.182116,0,5.78064,0.0399202,4,0
A,139,.,.,.,MET,CB,A,143,.,.,.,TYR,C,1024,1047,9.77562e-06,0,6.11481,-3.0892e-06,4,0
A,139,.,.,.,MET,CB,A,144,.,.,.,ILE,CG1,1024,1062,0.181474,0.181831,5.86449,-0.183104,5,0
A,139,.,.,.,MET,CG,A,139,.,.,.,MET,SD,1025,1026,12.5958,0.227079,1.83083,0,0,0
A,139,.,.,.,MET,CG,A,139,.,.,.,MET,CE,1025,1027,3.29754,0,2.8261,0,0,0
A,139,.,.,.,MET,CG,A,143,.,.,.,TYR,CA,1025,1046,0.270198,0,5.98707,0.0144574,4,0
A,139,.,.,.,MET,CG,A,143,.,.,.,TYR,C,1025,1047,0.0306191,0,6.0159,-0.0211759,4,0
A,139,.,.,.,MET,CG,A,144,.,.,.,ILE,N,1025,1057,0.0585173,0,5.71231,0.0364443,5,0
A,139,.,.,.,MET,CG,A,144,.,.,.,ILE,CB,1025,1061,0.507976,0,5.64934,-0.433272,5,0
A,139,.,.,.,MET,CG,A,144,.,.,.,ILE,CG1,1025,1062,4.20267,0.533933,5.11135,-5.31756,5,0
A,139,.,.,.,MET,CG,A,144,.,.,.,ILE,CD1,1025,1064,7.41093,0.302779,4.88664,-11.0276,5,0
A,139,.,.,.,MET,SD,A,139,.,.,.,MET,CE,1026,1027,20.5648,6.967,1.78868,0,0,1
A,140,.,.,.,GLY,N,A,140,.,.,.,GLY,CA,1028,1029,16.2599,7.35284,1.46472,0,0,1
A,140,.,.,.,GLY,N,A,140,.,.,.,GLY,C,1028,1030,1.03351,0,2.41563,0,0,0
A,140,.,.,.,GLY,N,A,140,.,.,.,GLY,O,1028,1031,3.1258,0.9247,2.90873,0,0,0
A,140,.,.,.,GLY,CA,A,140,.,.,.,GLY,C,1029,1030,10.9336,2.94746,1.48699,0,0,1
A,140,.,.,.,GLY,CA,A,140,.,.,.,GLY,O,1029,1031,4.80586,3.46599,2.31667,0,0,0
A,140,.,.,.,GLY,CA,A,141,.,.,.,ALA,N,1029,1032,7.4388,4.63066,2.36771,0,1,0
A,140,.,.,.,GLY,C,A,140,.,.,.,GLY,O,1030,1031,11.1628,2.47872,1.19261,0,0,1
A,140,.,.,.,GLY,C,A,141,.,.,.,ALA,N,1030,1032,8.76617,1.69924,1.30613,0,1,1
A,140,.,.,.,GLY,C,A,141,.,.,.,ALA,CA,1030,1033,2.84685,1.14204,2.40985,0,1,0
A,140,.,.,.,GLY,C,A,141,.,.,.,ALA,C,1030,1034,0.116999,0,3.28097,0,1,0
A,140,.,.,.,GLY,C,A,142,.,.,.,ASP,N,1030,1037,1.18695,0,3.40567,1.1482,2,0
A,140,.,.,.,GLY,C,A,142,.,.,.,ASP,O,1030,1040,0.243139,0,4.45403,0.137606,2,0
A,140,.,.,.,GLY,O,A,141,.,.,.,ALA,CA,1031,1033,7.45859,4.64438,2.76067,0,1,0
A,140,.,.,.,GLY,O,A,141,.,.,.,ALA,C,1031,1034,1.83591,0.63803,3.4888,0,1,0
A,140,.,.,.,GLY,O,A,142,.,.,.,ASP,N,1031,1037,0.100427,0,3.79878,0.0736207,2,0
A,140,.,.,.,GLY,O,A,142,.,.,.,ASP,O,1031,1040,2.12775,0.72211,4.37234,1.60947,2,0
A,140,.,.,.,GLY,O,A,143,.,.,.,TYR,CE2,1031,1054,0.171836,1.2663,6.08935,-0.0538376,3,0
A,140,.,.,.,GLY,O,A,143,.,.,.,TYR,CZ,1031,1055,0.619493,1.9445,6.01471,0.602457,3,0
A,141,.,.,.,ALA,N,A,141,.,.,.,ALA,CA,1032,1033,7.45122,0.180658,1.45591,0,0,1
A,141,.,.,.,ALA,N,A,141,.,.,.,ALA,CB,1032,1036,9.43192,6.58555,2.44814,0,0,0
A,141,.,.,.,ALA,N,A,142,.,.,.,ASP,N,1032,1037,3.14628,0,2.73809,0,1,0
A,141,.,.,.,ALA,N,A,142,.,.,.,ASP,CG,1032,1042,0.607086,0.814802,4.81631,0,1,0
A,141,.,.,.,ALA,CA,A,141,.,.,.,ALA,C,1033,1034,8.90868,0.486106,1.52372,0,0,1
A,141,.,.,.,ALA,CA,A,141,.,.,.,ALA,O,1033,1035,4.17455,3.09435,2.38537,0,0,0
A,141,.,.,.,ALA,CA,A,141,.,.,.,ALA,CB,1033,1036,15.4093,5.21626,1.53099,0,0,1
A,141,.,.,.,ALA,CA,A,142,.,.,.,ASP,N,1033,1037,1.06033,0,2.45055,0,1,0
A,141,.,.,.,ALA,C,A,141,.,.,.,ALA,O,1034,1035,9.90557,0.191203,1.23776,0,0,1
A,141,.,.,.,ALA,C,A,141,.,.,.,ALA,CB,1034,1036,2.60231,0,2.49484,0,0,0
A,141,.,.,.,ALA,C,A,142,.,.,.,ASP,N,1034,1037,7.68518,0,1.32985,0,1,1
A,141,.,.,.,ALA,C,A,142,.,.,.,ASP,CA,1034,1038,1.51345,0,2.44892,0,1,0
A,141,.,.,.,ALA,C,A,142,.,.,.,ASP,C,1034,1039,0.489363,0,3.3848,0,1,0
A,141,.,.,.,ALA,C,A,142,.,.,.,ASP,O,1034,1040,1.30388,0.0741203,3.58547,0,1,0
A,141,.,.,.,ALA,C,A,142,.,.,.,ASP,OD2,1034,1044,1.96623,0,3.18998,0,1,0
A,141,.,.,.,ALA,C,A,143,.,.,.,TYR,CE1,1034,1053,0.337166,0,4.9751,-0.153293,2,0
A,141,.,.,.,ALA,C,A,143,.,.,.,TYR,CZ,1034,1055,0.908007,0.923788,5.49753,-0.151188,2,0
A,141,.,.,.,ALA,C,A,175,.,.,.,SER,CB,1034,1316,0.0615331,0,4.3794,-0.00496727,5,0
A,141,.,.,.,ALA,O,A,141,.,.,.,ALA,CB,1035,1036,1.8406,0.285704,3.02134,0,0,0
A,141,.,.,.,ALA,O,A,142,.,.,.,ASP,CA,1035,1038,4.72149,0,2.80192,0,1,0
A,141,.,.,.,ALA,O,A,142,.,.,.,ASP,C,1035,1039,0.161588,0,3.63803,0,1,0
A,141,.,.,.,ALA,O,A,142,.,.,.,ASP,OD2,1035,1044,0.406501,0,3.51624,0,1,0
A,141,.,.,.,ALA,O,A,143,.,.,.,TYR,CD1,1035,1051,1.43718,0,4.31718,-0.321668,2,0
A,141,.,.,.,ALA,O,A,143,.,.,.,TYR,CE1,1035,1053,6.43911,1.66758,4.14963,-1.25746,2,0
A,141,.,.,.,ALA,O,A,143,.,.,.,TYR,CZ,1035,1055,0.542354,1.09875,4.85791,0.0166485,2,0
A,141,.,.,.,ALA,O,A,175,.,.,.,SER,N,1035,1312,1.77692,0,4.06859,1.46526,5,0
A,141,.,.,.,ALA,O,A,175,.,.,.,SER,CB,1035,1316,7.53586,1.51716,3.55809,-0.0399645,5,0
A,141,.,.,.,ALA,CB,A,142,.,.,.,ASP,N,1036,1037,0.285181,0,3.43022,0,1,0
A,141,.,.,.,ALA,CB,A,142,.,.,.,ASP,CG,1036,1042,0.585719,0.883392,4.80052,0,1,0
A,141,.,.,.,ALA,CB,A,142,.,.,.,ASP,OD2,1036,1044,6.51642,2.71826,3.96478,0,1,0
A,141,.,.,.,ALA,CB,A,175,.,.,.,SER,O,1036,1315,1.75514,2.48633,5.3656,0.656949,5,0
A,141,.,.,.,ALA,CB,A,175,.,.,.,SER,CB,1036,1316,12.1433,3.85032,4.15876,-6.63217,5,0
A,141,.,.,.,ALA,CB,A,175,.,.,.,SER,OG,1036,1317,0.37499,1.98843,4.83825,0.0829706,5,0
A,142,.,.,.,ASP,N,A,142,.,.,.,ASP,CA,1037,1038,6.50286,0,1.4524,0,0,1
A,142,.,.,.,ASP,N,A,142,.,.,.,ASP,C,1037,1039,0.369175,0,2.45597,0,0,0
A,142,.,.,.,ASP,N,A,142,.,.,.,ASP,O,1037,1040,2.88925,0,2.72916,0,0,0
A,142,.,.,.,ASP,N,A,142,.,.,.,ASP,CB,1037,1041,1.38478,0,2.44952,0,0,0
A,142,.,.,.,ASP,N,A,142,.,.,.,ASP,CG,1037,1042,2.45429,0,2.88137,0,0,0
A,142,.,.,.,ASP,N,A,142,.,.,.,ASP,OD2,1037,1044,1.33792,0,2.80029,0,0,0
A,142,.,.,.,ASP,CA,A,142,.,.,.,ASP,C,1038,1039,7.99348,0,1.52259,0,0,1
A,142,.,.,.,ASP,CA,A,142,.,.,.,ASP,O,1038,1040,0.123605,0,2.41068,0,0,0
A,142,.,.,.,ASP,CA,A,142,.,.,.,ASP,CB,1038,1041,7.77365,0,1.52726,0,0,1
A,142,.,.,.,ASP,CA,A,142,.,.,.,ASP,CG,1038,1042,0.201867,0,2.51887,0,0,0
A,142,.,.,.,ASP,CA,A,142,.,.,.,ASP,OD2,1038,1044,2.40551,0,2.7161,0,0,0
A,142,.,.,.,ASP,CA,A,143,.,.,.,TYR,N,1038,1045,2.107,0,2.40942,0,1,0
A,142,.,.,.,ASP,CA,A,143,.,.,.,TYR,CD1,1038,1051,1.54236,0,4.42551,0,1,0
A,142,.,.,.,ASP,CA,A,173,.,.,.,ILE,O,1038,1298,4.14118,0,3.17599,-0.0669007,5,0
A,142,.,.,.,ASP,CA,A,174,.,.,.,GLN,CA,1038,1304,0.174575,0,4.69168,0.179198,5,0
A,142,.,.,.,ASP,CA,A,175,.,.,.,SER,N,1038,1312,0.998034,0,4.73399,1.08562,5,0
A,142,.,.,.,ASP,C,A,142,.,.,.,ASP,O,1039,1040,9.23941,0,1.23219,0,0,1
A,142,.,.,.,ASP,C,A,142,.,.,.,ASP,CB,1039,1041,3.24983,0,2.49307,0,0,0
A,142,.,.,.,ASP,C,A,143,.,.,.,TYR,N,1039,1045,7.24226,0,1.33087,0,1,1
A,142,.,.,.,ASP,C,A,143,.,.,.,TYR,CA,1039,1046,2.28346,0,2.44338,0,1,0
A,142,.,.,.,ASP,C,A,143,.,.,.,TYR,CG,1039,1050,0.736657,0,3.50759,0,1,0
A,142,.,.,.,ASP,C,A,143,.,.,.,TYR,CD1,1039,1051,2.40481,0,3.70924,0,1,0
A,142,.,.,.,ASP,C,A,143,.,.,.,TYR,CE1,1039,1053,0.113367,0,4.54294,0,1,0
A,142,.,.,.,ASP,O,A,143,.,.,.,TYR,CA,1040,1046,2.64314,0,2.79784,0,1,0
A,142,.,.,.,ASP,O,A,143,.,.,.,TYR,CG,1040,1050,0.557881,0,3.5956,0,1,0
A,142,.,.,.,ASP,O,A,143,.,.,.,TYR,CD1,1040,1051,0.158688,0,4.04402,0,1,0
A,142,.,.,.,ASP,O,A,143,.,.,.,TYR,CD2,1040,1052,1.94784,0,3.90195,0,1,0
A,142,.,.,.,ASP,O,A,143,.,.,.,TYR,CE1,1040,1053,0.228636,0,4.68511,0,1,0
A,142,.,.,.,ASP,O,A,143,.,.,.,TYR,CE2,1040,1054,0.92994,0.526308,4.56562,0,1,0
A,142,.,.,.,ASP,O,A,143,.,.,.,TYR,CZ,1040,1055,0.340984,0.228595,4.91334,0,1,0
A,142,.,.,.,ASP,CB,A,142,.,.,.,ASP,CG,1041,1042,10.2982,0,1.50796,0,0,1
A,142,.,.,.,ASP,CB,A,142,.,.,.,ASP,OD1,1041,1043,5.77527,0.618978,2.37522,0,0,0
A,142,.,.,.,ASP,CB,A,142,.,.,.,ASP,OD2,1041,1044,0.196297,0,2.36503,0,0,0
A,142,.,.,.,ASP,CB,A,143,.,.,.,TYR,N,1041,1045,3.58965,0,3.01959,0,1,0
A,142,.,.,.,ASP,CB,A,143,.,.,.,TYR,C,1041,1047,0.188587,0,4.82064,0,1,0
A,142,.,.,.,ASP,CB,A,144,.,.,.,ILE,CG1,1041,1062,0.957593,0.436029,6.03797,0.0180071,2,0
A,142,.,.,.,ASP,CB,A,172,.,.,.,LEU,CD1,1041,1293,7.79081,0.589279,4.69507,-3.8387,5,0
A,142,.,.,.,ASP,CB,A,173,.,.,.,ILE,O,1041,1298,4.88241,0,3.07852,1.32989,5,0
A,142,.,.,.,ASP,CB,A,174,.,.,.,GLN,CA,1041,1304,0.313727,0,4.33147,0.287761,5,0
A,142,.,.,.,ASP,CB,A,174,.,.,.,GLN,CG,1041,1308,0.88976,0,4.64461,0.22618,5,0
A,142,.,.,.,ASP,CG,A,142,.,.,.,ASP,OD1,1042,1043,14.424,2.63573,1.24958,0,0,1
A,142,.,.,.,ASP,CG,A,142,.,.,.,ASP,OD2,1042,1044,11.5257,1.00194,1.25166,0,0,1
A,142,.,.,.,ASP,CG,A,174,.,.,.,GLN,CA,1042,1304,1.77841,0,3.85582,1.67139,5,0
A,142,.,.,.,ASP,CG,A,174,.,.,.,GLN,CB,1042,1307,0.656481,0,4.27886,-0.135985,5,0
A,142,.,.,.,ASP,CG,A,174,.,.,.,GLN,CG,1042,1308,2.22903,0,4.02119,0.109551,5,0
A,142,.,.,.,ASP,OD1,A,142,.,.,.,ASP,OD2,1043,1044,1.83354,2.89759,2.20524,0,0,0
A,142,.,.,.,ASP,OD1,A,172,.,.,.,LEU,CD1,1043,1293,0.849959,0,5.17489,0.467726,5,0
A,142,.,.,.,ASP,OD1,A,174,.,.,.,GLN,CB,1043,1307,0.534279,0.78279,4.44508,0.24091,5,0
A,142,.,.,.,ASP,OD1,A,174,.,.,.,GLN,CG,1043,1308,5.80029,0.755251,3.88078,0.361448,5,0
A,142,.,.,.,ASP,OD1,A,174,.,.,.,GLN,NE2,1043,1311,3.08687,3.26179,4.72671,0.234426,5,0
A,142,.,.,.,ASP,OD2,A,174,.,.,.,GLN,CA,1044,1304,2.99118,0,3.45722,2.949,5,0
A,142,.,.,.,ASP,OD2,A,174,.,.,.,GLN,CB,1044,1307,1.87893,1.01916,4.06176,0.847222,5,0
A,142,.,.,.,ASP,OD2,A,175,.,.,.,SER,N,1044,1312,5.59561,0,3.31343,-1.25927,5,0
A,142,.,.,.,ASP,OD2,A,175,.,.,.,SER,O,1044,1315,2.84343,2.49799,4.5119,2.09661,5,0
A,142,.,.,.,ASP,OD2,A,175,.,.,.,SER,CB,1044,1316,0.750823,0,4.47798,-0.464091,5,0
A,143,.,.,.,TYR,N,A,143,.,.,.,TYR,CA,1045,1046,7.5513,0,1.45178,0,0,1
A,143,.,.,.,TYR,N,A,143,.,.,.,TYR,C,1045,1047,2.05167,0,2.43714,0,0,0
A,143,.,.,.,TYR,N,A,143,.,.,.,TYR,O,1045,1048,2.309,0,2.78572,0,0,0
A,143,.,.,.,TYR,N,A,143,.,.,.,TYR,CB,1045,1049,1.40785,0,2.47541,0,0,0
A,143,.,.,.,TYR,N,A,143,.,.,.,TYR,CG,1045,1050,0.296709,0,3.03591,0,0,0
A,143,.,.,.,TYR,N,A,143,.,.,.,TYR,CD1,1045,1051,2.41006,0,3.36381,0,0,0
A,143,.,.,.,TYR,N,A,144,.,.,.,ILE,CG1,1045,1062,0.00256616,0,5.2135,0,1,0
A,143,.,.,.,TYR,N,A,172,.,.,.,LEU,CD1,1045,1293,0.0322794,0,5.16253,0.00368344,5,0
A,143,.,.,.,TYR,N,A,173,.,.,.,ILE,O,1045,1298,4.48849,0,2.96142,-8.10945,5,0
A,143,.,.,.,TYR,N,A,173,.,.,.,ILE,CB,1045,1299,1.1497,0,4.34232,0.991697,5,0
A,143,.,.,.,TYR,CA,A,143,.,.,.,TYR,C,1046,1047,7.92423,0,1.52348,0,0,1
A,143,.,.,.,TYR,CA,A,143,.,.,.,TYR,O,1046,1048,0.54721,0,2.41009,0,0,0
A,143,.,.,.,TYR,CA,A,143,.,.,.,TYR,CB,1046,1049,9.63967,0,1.53161,0,0,1
A,143,.,.,.,TYR,CA,A,143,.,.,.,TYR,CG,1046,1050,0.772338,0,2.60312,0,0,0
A,143,.,.,.,TYR,CA,A,143,.,.,.,TYR,CD2,1046,1052,0.618697,0,3.45105,0,0,0
A,143,.,.,.,TYR,CA,A,144,.,.,.,ILE,N,1046,1057,3.22146,0,2.41555,0,1,0
A,143,.,.,.,TYR,CA,A,144,.,.,.,ILE,CG1,1046,1062,4.22004e-05,0,4.75675,0,1,0
A,143,.,.,.,TYR,CA,A,173,.,.,.,ILE,CB,1046,1299,0.065195,0,4.64071,0.0187284,5,0
A,143,.,.,.,TYR,C,A,143,.,.,.,TYR,O,1047,1048,9.25318,0.117696,1.23613,0,0,1
A,143,.,.,.,TYR,C,A,143,.,.,.,TYR,CB,1047,1049,4.2833,0.0451678,2.47925,0,0,0
A,143,.,.,.,TYR,C,A,144,.,.,.,ILE,N,1047,1057,7.72232,0,1.32867,0,1,1
A,143,.,.,.,TYR,C,A,144,.,.,.,ILE,CA,1047,1058,2.62809,0.19531,2.44018,0,1,0
A,143,.,.,.,TYR,C,A,144,.,.,.,ILE,CG1,1047,1062,3.47101,0,3.49606,0,1,0
A,143,.,.,.,TYR,C,A,145,.,.,.,ILE,CG1,1047,1070,0.240511,0.370638,5.47096,-0.151226,2,0
A,143,.,.,.,TYR,C,A,172,.,.,.,LEU,CD1,1047,1293,0.219529,0,4.63119,-0.175059,5,0
A,143,.,.,.,TYR,C,A,173,.,.,.,ILE,CG1,1047,1300,0.174179,0.423285,5.00589,-0.109518,5,0
A,143,.,.,.,TYR,O,A,143,.,.,.,TYR,CB,1048,1049,0.643285,0,3.17007,0,0,0
A,143,.,.,.,TYR,O,A,144,.,.,.,ILE,CA,1048,1058,3.0194,0.0793337,2.79301,0,1,0
A,143,.,.,.,TYR,O,A,144,.,.,.,ILE,CG1,1048,1062,1.76268,0,3.47318,0,1,0
A,143,.,.,.,TYR,O,A,171,.,.,.,TYR,O,1048,1278,1.65785,0.104332,3.76284,-0.0552781,5,0
A,143,.,.,.,TYR,O,A,172,.,.,.,LEU,CA,1048,1288,2.85976,0,3.50233,-2.45033,5,0
A,143,.,.,.,TYR,O,A,172,.,.,.,LEU,CD1,1048,1293,3.7441,0,3.74678,-1.14969,5,0
A,143,.,.,.,TYR,O,A,173,.,.,.,ILE,N,1048,1295,5.7514,0,2.82857,-10.7231,5,0
A,143,.,.,.,TYR,O,A,173,.,.,.,ILE,CA,1048,1296,0.00133304,0,3.77927,0.000459565,5,0
A,143,.,.,.,TYR,O,A,173,.,.,.,ILE,O,1048,1298,1.05731,0,3.55327,0.0266419,5,0
A,143,.,.,.,TYR,O,A,173,.,.,.,ILE,CB,1048,1299,1.2046,0,3.97231,-1.36768,5,0
A,143,.,.,.,TYR,O,A,173,.,.,.,ILE,CG1,1048,1300,1.60067,0.187944,4.32628,-0.572901,5,0
A,143,.,.,.,TYR,CB,A,143,.,.,.,TYR,CG,1049,1050,6.43209,0,1.51606,0,0,1
A,143,.,.,.,TYR,CB,A,143,.,.,.,TYR,CD1,1049,1051,3.13761,0,2.53193,0,0,0
A,143,.,.,.,TYR,CB,A,143,.,.,.,TYR,CD2,1049,1052,3.5646,0,2.52992,0,0,0
A,143,.,.,.,TYR,CB,A,144,.,.,.,ILE,N,1049,1057,2.91828,0,3.22275,0,1,0
A,143,.,.,.,TYR,CB,A,144,.,.,.,ILE,C,1049,1059,0.0209013,0,4.88427,0,1,0
A,143,.,.,.,TYR,CB,A,145,.,.,.,ILE,CG1,1049,1070,1.84478,0.0709642,5.42615,-1.95561,2,0
A,143,.,.,.,TYR,CB,A,173,.,.,.,ILE,CB,1049,1299,3.42005,0,4.19957,-5.17196,5,0
A,143,.,.,.,TYR,CB,A,173,.,.,.,ILE,CG1,1049,1300,1.25349,0.0720611,4.55845,-1.3288,5,0
A,143,.,.,.,TYR,CB,A,173,.,.,.,ILE,CD1,1049,1302,3.7087,0,4.435,-6.42891,5,0
A,143,.,.,.,TYR,CG,A,143,.,.,.,TYR,CD1,1050,1051,7.59132,0,1.39221,0,0,1
A,143,.,.,.,TYR,CG,A,143,.,.,.,TYR,CD2,1050,1052,7.33146,0,1.39132,0,0,1
A,143,.,.,.,TYR,CD1,A,143,.,.,.,TYR,CD2,1051,1052,0.977888,0,2.38649,0,0,0
A,143,.,.,.,TYR,CD1,A,143,.,.,.,TYR,CE1,1051,1053,12.3826,0,1.39938,0,0,1
A,143,.,.,.,TYR,CD1,A,143,.,.,.,TYR,CE2,1051,1054,0.0150033,0,2.77085,0,0,0
A,143,.,.,.,TYR,CD1,A,173,.,.,.,ILE,O,1051,1298,0.411467,0,4.69765,0.0587875,5,0
A,143,.,.,.,TYR,CD1,A,173,.,.,.,ILE,CB,1051,1299,3.03374,0,4.22453,-3.06213,5,0
A,143,.,.,.,TYR,CD1,A,173,.,.,.,ILE,CG2,1051,1301,2.94767,0,4.29181,-4.19983,5,0
A,143,.,.,.,TYR,CD1,A,173,.,.,.,ILE,CD1,1051,1302,1.63448,0,4.59292,-2.50851,5,0
A,143,.,.,.,TYR,CD2,A,143,.,.,.,TYR,CE1,1052,1053,0.0194922,0,2.77225,0,0,0
A,143,.,.,.,TYR,CD2,A,143,.,.,.,TYR,CE2,1052,1054,11.1623,0,1.38998,0,0,1
A,143,.,.,.,TYR,CE1,A,143,.,.,.,TYR,CE2,1053,1054,0.159513,0,2.40371,0,0,0
A,143,.,.,.,TYR,CE1,A,143,.,.,.,TYR,CZ,1053,1055,12.7114,0.0288239,1.38586,0,0,1
A,143,.,.,.,TYR,CE1,A,143,.,.,.,TYR,OH,1053,1056,3.86792,2.1435,2.39859,0,0,0
A,143,.,.,.,TYR,CE2,A,143,.,.,.,TYR,CZ,1054,1055,13.4511,1.99263,1.38626,0,0,1
A,143,.,.,.,TYR,CE2,A,143,.,.,.,TYR,OH,1054,1056,6.45565,4.37104,2.38028,0,0,0
A,143,.,.,.,TYR,CE2,A,237,.,.,.,LEU,CD2,1054,1824,1.65618,1.97483,5.78807,-1.60877,5,0
A,143,.,.,.,TYR,CZ,A,143,.,.,.,TYR,OH,1055,1056,13.5252,3.09554,1.37479,0,0,1
A,143,.,.,.,TYR,OH,A,237,.,.,.,LEU,CD2,1056,1824,0.909428,2.08839,6.03296,-0.591828,5,0
A,144,.,.,.,ILE,N,A,144,.,.,.,ILE,CA,1057,1058,6.66953,0,1.45675,0,0,1
A,144,.,.,.,ILE,N,A,144,.,.,.,ILE,C,1057,1059,2.29091,0,2.41976,0,0,0
A,144,.,.,.,ILE,N,A,144,.,.,.,ILE,O,1057,1060,2.73679,0,2.80296,0,0,0
A,144,.,.,.,ILE,N,A,144,.,.,.,ILE,CB,1057,1061,2.26452,0,2.48495,0,0,0
A,144,.,.,.,ILE,N,A,144,.,.,.,ILE,CG1,1057,1062,2.06676,0,3.01458,0,0,0
A,144,.,.,.,ILE,N,A,145,.,.,.,ILE,CG1,1057,1070,0.0212767,0,4.92956,0,1,0
A,144,.,.,.,ILE,CA,A,144,.,.,.,ILE,C,1058,1059,6.68237,0,1.52011,0,0,1
A,144,.,.,.,ILE,CA,A,144,.,.,.,ILE,O,1058,1060,0.521143,0,2.39513,0,0,0
A,144,.,.,.,ILE,CA,A,144,.,.,.,ILE,CB,1058,1061,7.10797,0,1.53594,0,0,1
A,144,.,.,.,ILE,CA,A,144,.,.,.,ILE,CG1,1058,1062,1.98987,0,2.51644,0,0,0
A,144,.,.,.,ILE,CA,A,144,.,.,.,ILE,CG2,1058,1063,1.20957,0,2.5059,0,0,0
A,144,.,.,.,ILE,CA,A,145,.,.,.,ILE,N,1058,1065,3.03291,0.0521309,2.42236,0,1,0
A,144,.,.,.,ILE,CA,A,145,.,.,.,ILE,CG1,1058,1070,0.307295,0.193276,4.57664,0,1,0
A,144,.,.,.,ILE,CA,A,171,.,.,.,TYR,O,1058,1278,4.80278,0.160825,3.3004,-5.98403,5,0
A,144,.,.,.,ILE,CA,A,172,.,.,.,LEU,CA,1058,1288,0.157095,0,4.7684,0.101476,5,0
A,144,.,.,.,ILE,C,A,144,.,.,.,ILE,O,1059,1060,8.28594,0,1.2347,0,0,1
A,144,.,.,.,ILE,C,A,144,.,.,.,ILE,CB,1059,1061,1.27967,0,2.50124,0,0,0
A,144,.,.,.,ILE,C,A,144,.,.,.,ILE,CG2,1059,1063,2.41368,0,2.865,0,0,0
A,144,.,.,.,ILE,C,A,145,.,.,.,ILE,N,1059,1065,6.52019,0,1.32896,0,1,1
A,144,.,.,.,ILE,C,A,145,.,.,.,ILE,CA,1059,1066,1.83573,0,2.45355,0,1,0
A,144,.,.,.,ILE,C,A,145,.,.,.,ILE,CG1,1059,1070,3.12948,0,3.40321,0,1,0
A,144,.,.,.,ILE,O,A,144,.,.,.,ILE,CB,1060,1061,1.79926,0,3.09995,0,0,0
A,144,.,.,.,ILE,O,A,144,.,.,.,ILE,CG2,1060,1063,0.00883044,0,3.56034,0,0,0
A,144,.,.,.,ILE,O,A,145,.,.,.,ILE,CA,1060,1066,2.4819,0,2.8254,0,1,0
A,144,.,.,.,ILE,O,A,145,.,.,.,ILE,CG1,1060,1070,1.92677,0,3.54815,0,1,0
A,144,.,.,.,ILE,CB,A,144,.,.,.,ILE,CG1,1061,1062,9.16492,0,1.52483,0,0,1
A,144,.,.,.,ILE,CB,A,144,.,.,.,ILE,CG2,1061,1063,8.86326,0,1.51872,0,0,1
A,144,.,.,.,ILE,CB,A,144,.,.,.,ILE,CD1,1061,1064,3.52782,0,2.53718,0,0,0
A,144,.,.,.,ILE,CB,A,171,.,.,.,TYR,O,1061,1278,0.126727,0,3.97993,-0.143883,5,0
A,144,.,.,.,ILE,CG1,A,144,.,.,.,ILE,CG2,1062,1063,2.35899,0,2.49902,0,0,0
A,144,.,.,.,ILE,CG1,A,144,.,.,.,ILE,CD1,1062,1064,13.9279,0.326241,1.51387,0,0,1
A,144,.,.,.,ILE,CG1,A,171,.,.,.,TYR,O,1062,1278,0.579592,0,4.29404,-0.207444,5,0
A,144,.,.,.,ILE,CG1,A,172,.,.,.,LEU,CA,1062,1288,1.63612,0,4.63659,-0.254279,5,0
A,144,.,.,.,ILE,CG1,A,172,.,.,.,LEU,CB,1062,1291,0.939098,0,4.76073,-1.03892,5,0
A,144,.,.,.,ILE,CG1,A,172,.,.,.,LEU,CD1,1062,1293,9.1343,0.536492,3.63409,-16.1757,5,0
A,144,.,.,.,ILE,CG2,A,144,.,.,.,ILE,CD1,1063,1064,4.85361,0,2.9696,0,0,0
A,144,.,.,.,ILE,CG2,A,145,.,.,.,ILE,N,1063,1065,2.67573,0,3.20218,0,1,0
A,144,.,.,.,ILE,CG2,A,145,.,.,.,ILE,CA,1063,1066,0.575501,0,4.12172,0,1,0
A,144,.,.,.,ILE,CG2,A,145,.,.,.,ILE,C,1063,1067,1.52314,0,4.11409,0,1,0
A,144,.,.,.,ILE,CG2,A,145,.,.,.,ILE,O,1063,1068,0.612753,0,4.4062,0,1,0
A,144,.,.,.,ILE,CG2,A,146,.,.,.,MET,N,1063,1073,0.0471052,0,4.42581,0.0192235,2,0
A,144,.,.,.,ILE,CG2,A,146,.,.,.,MET,CG,1063,1078,7.79828,0,3.55926,-10.8657,2,0
A,144,.,.,.,ILE,CG2,A,146,.,.,.,MET,SD,1063,1079,1.85795,0,4.28554,-1.50741,2,0
A,144,.,.,.,ILE,CG2,A,171,.,.,.,TYR,O,1063,1278,2.91948,0,3.79811,-1.10722,5,0
A,144,.,.,.,ILE,CD1,A,172,.,.,.,LEU,CB,1064,1291,0.0358968,0,5.37719,-0.0367914,5,0
A,144,.,.,.,ILE,CD1,A,172,.,.,.,LEU,CD1,1064,1293,2.99382,0,4.12415,-2.59755,5,0
A,145,.,.,.,ILE,N,A,145,.,.,.,ILE,CA,1065,1066,6.2399,0,1.45503,0,0,1
A,145,.,.,.,ILE,N,A,145,.,.,.,ILE,C,1065,1067,1.52199,0,2.38711,0,0,0
A,145,.,.,.,ILE,N,A,145,.,.,.,ILE,O,1065,1068,1.55005,0,2.82748,0,0,0
A,145,.,.,.,ILE,N,A,145,.,.,.,ILE,CB,1065,1069,1.85038,0,2.48554,0,0,0
A,145,.,.,.,ILE,N,A,145,.,.,.,ILE,CG1,1065,1070,4.16865,0.0907707,2.82238,0,0,0
A,145,.,.,.,ILE,N,A,171,.,.,.,TYR,O,1065,1278,5.71265,0.0657262,3.10681,-10.6508,5,0
A,145,.,.,.,ILE,N,A,171,.,.,.,TYR,CB,1065,1279,0.429124,0,4.88247,0.231522,5,0
A,145,.,.,.,ILE,CA,A,145,.,.,.,ILE,C,1066,1067,6.04027,0,1.51699,0,0,1
A,145,.,.,.,ILE,CA,A,145,.,.,.,ILE,O,1066,1068,0.468698,0,2.38189,0,0,0
A,145,.,.,.,ILE,CA,A,145,.,.,.,ILE,CB,1066,1069,6.93283,0,1.5348,0,0,1
A,145,.,.,.,ILE,CA,A,145,.,.,.,ILE,CG1,1066,1070,1.13175,0,2.51951,0,0,0
A,145,.,.,.,ILE,CA,A,145,.,.,.,ILE,CG2,1066,1071,2.2934,0,2.49498,0,0,0
A,145,.,.,.,ILE,CA,A,146,.,.,.,MET,N,1066,1073,2.81379,0,2.43659,0,1,0
A,145,.,.,.,ILE,CA,A,146,.,.,.,MET,CG,1066,1078,0.000896066,0,4.51628,0,1,0
A,145,.,.,.,ILE,C,A,145,.,.,.,ILE,O,1067,1068,9.07021,0.426459,1.23544,0,0,1
A,145,.,.,.,ILE,C,A,145,.,.,.,ILE,CB,1067,1069,2.10764,0,2.49555,0,0,0
A,145,.,.,.,ILE,C,A,145,.,.,.,ILE,CG2,1067,1071,2.39747,0.502018,3.1231,0,0,0
A,145,.,.,.,ILE,C,A,146,.,.,.,MET,N,1067,1073,7.33001,0,1.33681,0,1,1
A,145,.,.,.,ILE,C,A,146,.,.,.,MET,CA,1067,1074,2.53663,0.306694,2.46201,0,1,0
A,145,.,.,.,ILE,C,A,146,.,.,.,MET,C,1067,1075,0.0760087,0.088992,3.52732,0,1,0
A,145,.,.,.,ILE,C,A,146,.,.,.,MET,CG,1067,1078,1.41027,0,3.54089,0,1,0
A,145,.,.,.,ILE,O,A,145,.,.,.,ILE,CB,1068,1069,3.59016,0.0685438,2.97966,0,0,0
A,145,.,.,.,ILE,O,A,145,.,.,.,ILE,CG2,1068,1071,0.133995,0.579571,3.79483,0,0,0
A,145,.,.,.,ILE,O,A,146,.,.,.,MET,CA,1068,1074,3.10335,0.395126,2.82536,0,1,0
A,145,.,.,.,ILE,O,A,146,.,.,.,MET,CG,1068,1078,0.678647,0,3.97839,0,1,0
A,145,.,.,.,ILE,O,A,170,.,.,.,GLY,CA,1068,1272,6.81966,0.757423,2.97777,-2.31885,5,0
A,145,.,.,.,ILE,O,A,171,.,.,.,TYR,N,1068,1275,5.73033,0,2.76369,-10.3531,5,0
A,145,.,.,.,ILE,O,A,171,.,.,.,TYR,O,1068,1278,1.04964,0,3.59691,0.0264486,5,0
A,145,.,.,.,ILE,O,A,171,.,.,.,TYR,CB,1068,1279,0.3704,0,4.22866,-0.27151,5,0
A,145,.,.,.,ILE,O,A,171,.,.,.,TYR,CD2,1068,1282,2.43683,0.615572,4.15767,0.348157,5,0
A,145,.,.,.,ILE,CB,A,145,.,.,.,ILE,CG1,1069,1070,8.69437,0,1.52106,0,0,1
A,145,.,.,.,ILE,CB,A,145,.,.,.,ILE,CG2,1069,1071,12.1808,0.444708,1.51111,0,0,1
A,145,.,.,.,ILE,CB,A,145,.,.,.,ILE,CD1,1069,1072,4.49972,0.209394,2.5173,0,0,0
A,145,.,.,.,ILE,CB,A,171,.,.,.,TYR,CB,1069,1279,2.84365,0,4.96634,-4.30031,5,0
A,145,.,.,.,ILE,CB,A,171,.,.,.,TYR,CD2,1069,1282,5.6647,0.451679,4.89981,-5.71772,5,0
A,145,.,.,.,ILE,CG1,A,145,.,.,.,ILE,CG2,1070,1071,1.80048,0,2.47258,0,0,0
A,145,.,.,.,ILE,CG1,A,145,.,.,.,ILE,CD1,1070,1072,12.6994,0,1.50302,0,0,1
A,145,.,.,.,ILE,CG1,A,171,.,.,.,TYR,O,1070,1278,0.165664,0.471564,4.99603,-0.0592932,5,0
A,145,.,.,.,ILE,CG1,A,171,.,.,.,TYR,CB,1070,1279,1.94219,0.164507,5.23578,-2.05888,5,0
A,145,.,.,.,ILE,CG1,A,173,.,.,.,ILE,CG1,1070,1300,0.405051,0.950372,6.30967,-0.712784,5,0
A,145,.,.,.,ILE,CG1,A,173,.,.,.,ILE,CD1,1070,1302,1.40619,0,5.8601,-2.18104,5,0
A,145,.,.,.,ILE,CG2,A,145,.,.,.,ILE,CD1,1071,1072,8.28341,2.67246,2.94526,0,0,0
A,145,.,.,.,ILE,CG2,A,146,.,.,.,MET,N,1071,1073,2.05152,0,3.6039,0,1,0
A,145,.,.,.,ILE,CG2,A,146,.,.,.,MET,C,1071,1075,1.02047,0.824354,4.88238,0,1,0
A,145,.,.,.,ILE,CG2,A,146,.,.,.,MET,O,1071,1076,0.741305,0,4.47121,0,1,0
A,145,.,.,.,ILE,CG2,A,171,.,.,.,TYR,CD2,1071,1282,0.778592,2.58129,5.57747,-0.832619,5,0
A,145,.,.,.,ILE,CD1,A,171,.,.,.,TYR,CD2,1072,1282,0.476377,0.221039,5.55765,-0.612112,5,0
A,145,.,.,.,ILE,CD1,A,173,.,.,.,ILE,CD1,1072,1302,1.07501,0,5.56401,-2.53201,5,0
A,146,.,.,.,MET,N,A,146,.,.,.,MET,CA,1073,1074,7.11436,0,1.45941,0,0,1
A,146,.,.,.,MET,N,A,146,.,.,.,MET,C,1073,1075,0.923453,0,2.4556,0,0,0
A,146,.,.,.,MET,N,A,146,.,.,.,MET,O,1073,1076,2.23787,0,2.74527,0,0,0
A,146,.,.,.,MET,N,A,146,.,.,.,MET,CB,1073,1077,0.556962,0,2.48477,0,0,0
A,146,.,.,.,MET,N,A,146,.,.,.,MET,CG,1073,1078,4.27331,0,2.77542,0,0,0
A,146,.,.,.,MET,CA,A,146,.,.,.,MET,C,1074,1075,9.06058,0.987349,1.52254,0,0,1
A,146,.,.,.,MET,CA,A,146,.,.,.,MET,O,1074,1076,0.442607,0,2.40973,0,0,0
A,146,.,.,.,MET,CA,A,146,.,.,.,MET,CB,1074,1077,9.49901,0,1.52837,0,0,1
A,146,.,.,.,MET,CA,A,146,.,.,.,MET,CG,1074,1078,1.53943,0,2.52554,0,0,0
A,146,.,.,.,MET,CA,A,147,.,.,.,ASN,N,1074,1081,2.24405,0,2.412,0,1,0
A,146,.,.,.,MET,CA,A,147,.,.,.,ASN,ND2,1074,1088,1.36941e-05,0.00361417,5.47943,0,1,0
A,146,.,.,.,MET,CA,A,169,.,.,.,THR,O,1074,1267,2.72603,0,3.53238,-1.62202,5,0
A,146,.,.,.,MET,CA,A,170,.,.,.,GLY,CA,1074,1272,4.76952,0.484051,3.9869,0.79746,5,0
A,146,.,.,.,MET,C,A,146,.,.,.,MET,O,1075,1076,10.0856,0,1.23494,0,0,1
A,146,.,.,.,MET,C,A,146,.,.,.,MET,CB,1075,1077,4.40383,0.127734,2.4524,0,0,0
A,146,.,.,.,MET,C,A,147,.,.,.,ASN,N,1075,1081,7.9123,0,1.33241,0,1,1
A,146,.,.,.,MET,C,A,147,.,.,.,ASN,CA,1075,1082,2.6491,0.303688,2.43007,0,1,0
A,146,.,.,.,MET,C,A,147,.,.,.,ASN,CB,1075,1085,2.39387,0.210417,3.19197,0,1,0
A,146,.,.,.,MET,C,A,147,.,.,.,ASN,ND2,1075,1088,0.675105,1.38377,4.56806,0,1,0
A,146,.,.,.,MET,C,A,169,.,.,.,THR,O,1075,1267,0.000908147,0,3.65163,0.00105474,5,0
A,146,.,.,.,MET,C,A,170,.,.,.,GLY,CA,1075,1272,0.00841783,0,4.84322,-0.00160359,5,0
A,146,.,.,.,MET,O,A,146,.,.,.,MET,CB,1076,1077,0.970437,0,3.26122,0,0,0
A,146,.,.,.,MET,O,A,147,.,.,.,ASN,CA,1076,1082,2.83376,0.231466,2.77553,0,1,0
A,146,.,.,.,MET,O,A,147,.,.,.,ASN,CB,1076,1085,1.289,0,3.26807,0,1,0
A,146,.,.,.,MET,CB,A,146,.,.,.,MET,CG,1077,1078,10.2603,0,1.47704,0,0,1
A,146,.,.,.,MET,CB,A,146,.,.,.,MET,SD,1077,1079,6.56694,2.78818,2.67419,0,0,0
A,146,.,.,.,MET,CB,A,146,.,.,.,MET,CE,1077,1080,5.81724,1.32258,3.27866,0,0,0
A,146,.,.,.,MET,CB,A,147,.,.,.,ASN,N,1077,1081,5.027,0,3.04313,0,1,0
A,146,.,.,.,MET,CB,A,147,.,.,.,ASN,CA,1077,1082,0.493707,1.01572,4.30646,0,1,0
A,146,.,.,.,MET,CB,A,147,.,.,.,ASN,C,1077,1083,0.246115,0.883978,4.95206,0,1,0
A,146,.,.,.,MET,CB,A,147,.,.,.,ASN,O,1077,1084,1.47735,1.85956,4.8076,0,1,0
A,146,.,.,.,MET,CB,A,148,.,.,.,TYR,CD2,1077,1096,0.0834029,0.738441,6.49243,-0.078523,2,0
A,146,.,.,.,MET,CB,A,168,.,.,.,GLN,CG,1077,1260,1.6903,1.71966,6.16099,-0.105883,5,0
A,146,.,.,.,MET,CB,A,169,.,.,.,THR,O,1077,1267,2.67248,0,4.09253,-0.598353,5,0
A,146,.,.,.,MET,CB,A,170,.,.,.,GLY,CA,1077,1272,0.554807,0,4.73127,0.0516822,5,0
A,146,.,.,.,MET,CG,A,146,.,.,.,MET,SD,1078,1079,9.57082,0,1.78065,0,0,1
A,146,.,.,.,MET,CG,A,146,.,.,.,MET,CE,1078,1080,3.06926,0,2.73828,0,0,0
A,146,.,.,.,MET,CG,A,170,.,.,.,GLY,CA,1078,1272,0.205505,0,5.1895,-0.0176196,5,0
A,146,.,.,.,MET,SD,A,146,.,.,.,MET,CE,1079,1080,13.3553,0.847735,1.77148,0,0,1
A,146,.,.,.,MET,SD,A,168,.,.,.,GLN,NE2,1079,1263,1.48629,2.66082,5.78242,-0.0349898,5,0
A,147,.,.,.,ASN,N,A,147,.,.,.,ASN,CA,1081,1082,8.26127,0,1.45562,0,0,1
A,147,.,.,.,ASN,N,A,147,.,.,.,ASN,C,1081,1083,1.22653,0,2.42493,0,0,0
A,147,.,.,.,ASN,N,A,147,.,.,.,ASN,O,1081,1084,3.43194,0,2.67578,0,0,0
A,147,.,.,.,ASN,N,A,147,.,.,.,ASN,CB,1081,1085,2.02962,0,2.47302,0,0,0
A,147,.,.,.,ASN,N,A,147,.,.,.,ASN,CG,1081,1086,0.90404,0,3.21657,0,0,0
A,147,.,.,.,ASN,N,A,147,.,.,.,ASN,ND2,1081,1088,0.674369,0,3.85453,0,0,0
A,147,.,.,.,ASN,N,A,169,.,.,.,THR,O,1081,1267,5.97674,0,2.89899,-5.64502,5,0
A,147,.,.,.,ASN,N,A,170,.,.,.,GLY,CA,1081,1272,5.22137e-06,0,4.77456,3.74896e-06,5,0
A,147,.,.,.,ASN,CA,A,147,.,.,.,ASN,C,1082,1083,8.41022,0,1.52237,0,0,1
A,147,.,.,.,ASN,CA,A,147,.,.,.,ASN,O,1082,1084,0.168713,0,2.40147,0,0,0
A,147,.,.,.,ASN,CA,A,147,.,.,.,ASN,CB,1082,1085,7.85766,0,1.53734,0,0,1
A,147,.,.,.,ASN,CA,A,147,.,.,.,ASN,CG,1082,1086,0.914188,0,2.55593,0,0,0
A,147,.,.,.,ASN,CA,A,148,.,.,.,TYR,N,1082,1089,2.00848,0,2.4174,0,1,0
A,147,.,.,.,ASN,CA,A,148,.,.,.,TYR,CD2,1082,1096,2.20224,1.69178,4.70969,0,1,0
A,147,.,.,.,ASN,C,A,147,.,.,.,ASN,O,1083,1084,8.99132,0.496158,1.23146,0,0,1
A,147,.,.,.,ASN,C,A,147,.,.,.,ASN,CB,1083,1085,0.42903,0,2.54192,0,0,0
A,147,.,.,.,ASN,C,A,147,.,.,.,ASN,CG,1083,1086,0.759754,0,2.89744,0,0,0
A,147,.,.,.,ASN,C,A,147,.,.,.,ASN,OD1,1083,1087,2.13993,0,2.70767,0,0,0
A,147,.,.,.,ASN,C,A,148,.,.,.,TYR,N,1083,1089,6.65092,0,1.33421,0,1,1
A,147,.,.,.,ASN,C,A,148,.,.,.,TYR,CA,1083,1090,1.2637,0,2.4644,0,1,0
A,147,.,.,.,ASN,C,A,148,.,.,.,TYR,CB,1083,1093,1.03464,0,3.23901,0,1,0
A,147,.,.,.,ASN,C,A,148,.,.,.,TYR,CD2,1083,1096,2.93798,1.05454,3.94685,0,1,0
A,147,.,.,.,ASN,O,A,147,.,.,.,ASN,CG,1084,1086,0.575305,0,3.35026,0,0,0
A,147,.,.,.,ASN,O,A,147,.,.,.,ASN,OD1,1084,1087,1.38449,0,3.00524,0,0,0
A,147,.,.,.,ASN,O,A,148,.,.,.,TYR,CA,1084,1090,2.27713,0,2.83747,0,1,0
A,147,.,.,.,ASN,O,A,148,.,.,.,TYR,CB,1084,1093,3.47702,0.229364,3.31315,0,1,0
A,147,.,.,.,ASN,O,A,148,.,.,.,TYR,CD2,1084,1096,0.223032,0.462285,4.41264,0,1,0
A,147,.,.,.,ASN,O,A,166,.,.,.,SER,OG,1084,1246,0.966153,0,3.92379,0.105806,5,0
A,147,.,.,.,ASN,O,A,168,.,.,.,GLN,CA,1084,1256,5.05255,0.179688,3.63681,0.135745,5,0
A,147,.,.,.,ASN,O,A,168,.,.,.,GLN,CB,1084,1259,0.0350241,0.338915,4.63005,0.0108708,5,0
A,147,.,.,.,ASN,O,A,168,.,.,.,GLN,CG,1084,1260,1.56383,1.51297,4.74176,0.594712,5,0
A,147,.,.,.,ASN,O,A,169,.,.,.,THR,N,1084,1264,5.53437,0,3.03071,-4.57419,5,0
A,147,.,.,.,ASN,O,A,169,.,.,.,THR,CA,1084,1265,0.00414782,0,3.97974,0.00313727,5,0
A,147,.,.,.,ASN,O,A,169,.,.,.,THR,O,1084,1267,2.80086,0,3.19994,1.90984,5,0
A,147,.,.,.,ASN,CB,A,147,.,.,.,ASN,CG,1085,1086,9.23299,0,1.51905,0,0,1
A,147,.,.,.,ASN,CB,A,147,.,.,.,ASN,OD1,1085,1087,0.388401,0,2.39438,0,0,0
A,147,.,.,.,ASN,CB,A,147,.,.,.,ASN,ND2,1085,1088,6.29991,0.503415,2.42627,0,0,0
A,147,.,.,.,ASN,CB,A,148,.,.,.,TYR,N,1085,1089,1.5936,0,3.11792,0,1,0
A,147,.,.,.,ASN,CG,A,147,.,.,.,ASN,OD1,1086,1087,10.0373,0,1.2299,0,0,1
A,147,.,.,.,ASN,CG,A,147,.,.,.,ASN,ND2,1086,1088,13.1178,0,1.32974,0,0,1
A,147,.,.,.,ASN,CG,A,169,.,.,.,THR,N,1086,1264,0.00918121,0,4.70924,-0.00305494,5,0
A,147,.,.,.,ASN,CG,A,169,.,.,.,THR,CA,1086,1265,0.439838,0,4.70009,0.153386,5,0
A,147,.,.,.,ASN,CG,A,169,.,.,.,THR,C,1086,1266,0.0802554,0,4.52784,-0.00278165,5,0
A,147,.,.,.,ASN,CG,A,169,.,.,.,THR,O,1086,1267,1.65293,0,3.95749,0.902141,5,0
A,147,.,.,.,ASN,CG,A,169,.,.,.,THR,CB,1086,1268,0.506477,0,4.62459,-0.0895218,5,0
A,147,.,.,.,ASN,CG,A,169,.,.,.,THR,OG1,1086,1269,0.164895,0,4.05533,-0.190295,5,0
A,147,.,.,.,ASN,CG,A,169,.,.,.,THR,CG2,1086,1270,0.252419,0,4.37121,-0.302113,5,0
A,147,.,.,.,ASN,OD1,A,147,.,.,.,ASN,ND2,1087,1088,1.27115,0.737268,2.24436,0,0,0
A,147,.,.,.,ASN,OD1,A,148,.,.,.,TYR,N,1087,1089,1.35426,0,3.07013,0,1,0
A,147,.,.,.,ASN,OD1,A,148,.,.,.,TYR,CA,1087,1090,1.6103,0,3.63974,0,1,0
A,147,.,.,.,ASN,OD1,A,166,.,.,.,SER,CB,1087,1245,1.9852,0.385436,3.78501,-0.957831,5,0
A,147,.,.,.,ASN,OD1,A,166,.,.,.,SER,OG,1087,1246,4.74429,0,2.89956,-2.52005,5,0
A,147,.,.,.,ASN,OD1,A,169,.,.,.,THR,N,1087,1264,0.276623,0,4.2584,-0.113465,5,0
A,147,.,.,.,ASN,OD1,A,169,.,.,.,THR,CA,1087,1265,0.0721687,0,4.49039,0.0034534,5,0
A,147,.,.,.,ASN,OD1,A,169,.,.,.,THR,CB,1087,1268,0.0158457,0,4.30922,-0.0134103,5,0
A,147,.,.,.,ASN,OD1,A,169,.,.,.,THR,CG2,1087,1270,4.15779,0.399877,3.70941,-1.4048,5,0
A,147,.,.,.,ASN,ND2,A,169,.,.,.,THR,C,1088,1266,0.953453,0,4.40263,0.62789,5,0
A,147,.,.,.,ASN,ND2,A,169,.,.,.,THR,O,1088,1267,1.4264,0,4.04436,0.599799,5,0
A,147,.,.,.,ASN,ND2,A,169,.,.,.,THR,OG1,1088,1269,9.71881,3.31685,3.45875,-7.69094,5,0
A,147,.,.,.,ASN,ND2,A,169,.,.,.,THR,CG2,1088,1270,1.71052,1.3102,4.36122,-0.632139,5,0
A,147,.,.,.,ASN,ND2,A,170,.,.,.,GLY,CA,1088,1272,1.07897,1.45067,5.55705,-0.101039,5,0
A,147,.,.,.,ASN,ND2,A,171,.,.,.,TYR,CE2,1088,1284,2.59352,3.72192,5.8466,-1.38443,5,0
A,148,.,.,.,TYR,N,A,148,.,.,.,TYR,CA,1089,1090,6.95388,0,1.45859,0,0,1
A,148,.,.,.,TYR,N,A,148,.,.,.,TYR,C,1089,1091,0.751269,0,2.40413,0,0,0
A,148,.,.,.,TYR,N,A,148,.,.,.,TYR,O,1089,1092,2.81398,0,2.6522,0,0,0
A,148,.,.,.,TYR,N,A,148,.,.,.,TYR,CB,1089,1093,0.940799,0,2.48391,0,0,0
A,148,.,.,.,TYR,N,A,148,.,.,.,TYR,CG,1089,1094,0.164049,0,3.08611,0,0,0
A,148,.,.,.,TYR,N,A,148,.,.,.,TYR,CD2,1089,1096,3.37103,0,3.29984,0,0,0
A,148,.,.,.,TYR,CA,A,148,.,.,.,TYR,C,1090,1091,7.34249,0,1.52431,0,0,1
A,148,.,.,.,TYR,CA,A,148,.,.,.,TYR,O,1090,1092,0.197792,0,2.39924,0,0,0
A,148,.,.,.,TYR,CA,A,148,.,.,.,TYR,CB,1090,1093,8.9129,0,1.53677,0,0,1
A,148,.,.,.,TYR,CA,A,148,.,.,.,TYR,CG,1090,1094,0.739089,0,2.56321,0,0,0
A,148,.,.,.,TYR,CA,A,149,.,.,.,SER,N,1090,1101,1.91373,0,2.43016,0,1,0
A,148,.,.,.,TYR,CA,A,166,.,.,.,SER,O,1090,1244,2.88319,0,3.29894,-1.51142,5,0
A,148,.,.,.,TYR,CA,A,166,.,.,.,SER,CB,1090,1245,0.773681,0,4.41,0.292992,5,0
A,148,.,.,.,TYR,CA,A,166,.,.,.,SER,OG,1090,1246,3.25975,0,3.7771,0.461624,5,0
A,148,.,.,.,TYR,CA,A,167,.,.,.,ILE,C,1090,1249,0.0562818,0,4.6727,0.0656404,5,0
A,148,.,.,.,TYR,CA,A,168,.,.,.,GLN,N,1090,1255,0.0440012,0,4.86846,0.0438726,5,0
A,148,.,.,.,TYR,CA,A,168,.,.,.,GLN,CA,1090,1256,0.747613,0,4.78926,0.634992,5,0
A,148,.,.,.,TYR,C,A,148,.,.,.,TYR,O,1091,1092,6.9671,0,1.23479,0,0,1
A,148,.,.,.,TYR,C,A,148,.,.,.,TYR,CB,1091,1093,0.873229,0,2.52493,0,0,0
A,148,.,.,.,TYR,C,A,148,.,.,.,TYR,CG,1091,1094,0.544005,0,2.9976,0,0,0
A,148,.,.,.,TYR,C,A,148,.,.,.,TYR,CD1,1091,1095,1.85264,0,3.27383,0,0,0
A,148,.,.,.,TYR,C,A,149,.,.,.,SER,N,1091,1101,6.87109,0,1.33272,0,1,1
A,148,.,.,.,TYR,C,A,149,.,.,.,SER,CA,1091,1102,1.40635,0,2.42,0,1,0
A,148,.,.,.,TYR,C,A,149,.,.,.,SER,C,1091,1103,0.371166,0,3.08024,0,1,0
A,148,.,.,.,TYR,C,A,149,.,.,.,SER,O,1091,1104,0.379727,0,3.26176,0,1,0
A,148,.,.,.,TYR,C,A,166,.,.,.,SER,CB,1091,1245,0.0939915,0,4.49563,-0.0331703,5,0
A,148,.,.,.,TYR,O,A,148,.,.,.,TYR,CG,1092,1094,0.787883,0,3.30521,0,0,0
A,148,.,.,.,TYR,O,A,148,.,.,.,TYR,CD1,1092,1095,2.20458,0,3.45692,0,0,0
A,148,.,.,.,TYR,O,A,148,.,.,.,TYR,CD2,1092,1096,0.594172,0,3.96489,0,0,0
A,148,.,.,.,TYR,O,A,148,.,.,.,TYR,CE1,1092,1097,0.247285,0,4.21647,0,0,0
A,148,.,.,.,TYR,O,A,149,.,.,.,SER,CA,1092,1102,1.61678,0,2.7576,0,1,0
A,148,.,.,.,TYR,O,A,149,.,.,.,SER,C,1092,1103,2.34275,0,3.04422,0,1,0
A,148,.,.,.,TYR,O,A,149,.,.,.,SER,O,1092,1104,0.24319,0,3.33642,0,1,0
A,148,.,.,.,TYR,O,A,150,.,.,.,VAL,N,1092,1107,0.0709435,0,3.75984,0.0521406,2,0
A,148,.,.,.,TYR,O,A,150,.,.,.,VAL,CB,1092,1111,1.47377,0,4.4686,-1.69009,2,0
A,148,.,.,.,TYR,CB,A,148,.,.,.,TYR,CG,1093,1094,6.8323,0,1.5144,0,0,1
A,148,.,.,.,TYR,CB,A,148,.,.,.,TYR,CD1,1093,1095,2.32712,0,2.52212,0,0,0
A,148,.,.,.,TYR,CB,A,148,.,.,.,TYR,CD2,1093,1096,3.78987,0,2.53495,0,0,0
A,148,.,.,.,TYR,CB,A,149,.,.,.,SER,N,1093,1101,1.16224,0,3.17562,0,1,0
A,148,.,.,.,TYR,CB,A,166,.,.,.,SER,O,1093,1244,1.76542,0,3.5969,-0.348132,5,0
A,148,.,.,.,TYR,CB,A,167,.,.,.,ILE,C,1093,1249,0.679714,0,4.16131,-0.283006,5,0
A,148,.,.,.,TYR,CB,A,167,.,.,.,ILE,O,1093,1250,5.1007,0,3.51581,-1.77728,5,0
A,148,.,.,.,TYR,CB,A,168,.,.,.,GLN,CA,1093,1256,3.30234,0.111509,4.5141,0.601835,5,0
A,148,.,.,.,TYR,CB,A,168,.,.,.,GLN,CB,1093,1259,0.210304,0.0128829,5.31918,0.018121,5,0
A,148,.,.,.,TYR,CG,A,148,.,.,.,TYR,CD1,1094,1095,7.3749,0,1.38881,0,0,1
A,148,.,.,.,TYR,CG,A,148,.,.,.,TYR,CD2,1094,1096,7.76574,0,1.39347,0,0,1
A,148,.,.,.,TYR,CD1,A,148,.,.,.,TYR,CD2,1095,1096,1.00145,0,2.38688,0,0,0
A,148,.,.,.,TYR,CD1,A,148,.,.,.,TYR,CE1,1095,1097,13.0482,0,1.37792,0,0,1
A,148,.,.,.,TYR,CD1,A,148,.,.,.,TYR,CE2,1095,1098,0.0250376,0,2.76082,0,0,0
A,148,.,.,.,TYR,CD1,A,149,.,.,.,SER,N,1095,1101,0.526924,0,3.74969,0,1,0
A,148,.,.,.,TYR,CD1,A,149,.,.,.,SER,O,1095,1104,5.37497,0,3.20492,0,1,0
A,148,.,.,.,TYR,CD1,A,150,.,.,.,VAL,CB,1095,1111,0.0145147,0,5.31116,-0.0183676,2,0
A,148,.,.,.,TYR,CD2,A,148,.,.,.,TYR,CE2,1096,1098,13.6398,0,1.38627,0,0,1
A,148,.,.,.,TYR,CE1,A,148,.,.,.,TYR,CE2,1097,1098,0.147589,0,2.39916,0,0,0
A,148,.,.,.,TYR,CE1,A,148,.,.,.,TYR,CZ,1097,1099,11.5092,0,1.37659,0,0,1
A,148,.,.,.,TYR,CE1,A,148,.,.,.,TYR,OH,1097,1100,3.00592,0,2.3666,0,0,0
A,148,.,.,.,TYR,CE1,A,149,.,.,.,SER,O,1097,1104,3.87345,1.73001,3.69976,0,1,0
A,148,.,.,.,TYR,CE1,A,150,.,.,.,VAL,CB,1097,1111,2.04281,0,5.02063,-2.0054,2,0
A,148,.,.,.,TYR,CE1,A,150,.,.,.,VAL,CG2,1097,1113,3.57142,0.497698,4.92356,-4.43138,2,0
A,148,.,.,.,TYR,CE1,A,254,.,.,.,VAL,CG2,1097,1950,0.043816,0.779187,6.53484,-0.0543665,5,0
A,148,.,.,.,TYR,CE2,A,148,.,.,.,TYR,CZ,1098,1099,10.1753,0,1.38833,0,0,1
A,148,.,.,.,TYR,CE2,A,148,.,.,.,TYR,OH,1098,1100,1.11372,0,2.41302,0,0,0
A,148,.,.,.,TYR,CZ,A,148,.,.,.,TYR,OH,1099,1100,9.90653,0,1.37994,0,0,1
A,149,.,.,.,SER,N,A,149,.,.,.,SER,CA,1101,1102,7.45502,0,1.45588,0,0,1
A,149,.,.,.,SER,N,A,149,.,.,.,SER,C,1101,1103,0.229252,0,2.45475,0,0,0
A,149,.,.,.,SER,N,A,149,.,.,.,SER,O,1101,1104,1.57374,0,2.77168,0,0,0
A,149,.,.,.,SER,N,A,149,.,.,.,SER,CB,1101,1105,2.49873,0,2.46841,0,0,0
A,149,.,.,.,SER,N,A,149,.,.,.,SER,OG,1101,1106,0.067026,0,3.12786,0,0,0
A,149,.,.,.,SER,N,A,166,.,.,.,SER,O,1101,1244,4.64444,0,2.74389,-4.05852,5,0
A,149,.,.,.,SER,N,A,166,.,.,.,SER,CB,1101,1245,2.13086,0,3.99348,1.64481,5,0
A,149,.,.,.,SER,CA,A,149,.,.,.,SER,C,1102,1103,6.60635,0,1.52131,0,0,1
A,149,.,.,.,SER,CA,A,149,.,.,.,SER,O,1102,1104,0.528524,0,2.41481,0,0,0
A,149,.,.,.,SER,CA,A,149,.,.,.,SER,CB,1102,1105,8.5707,0,1.53075,0,0,1
A,149,.,.,.,SER,CA,A,149,.,.,.,SER,OG,1102,1106,1.63063,0,2.43109,0,0,0
A,149,.,.,.,SER,CA,A,150,.,.,.,VAL,N,1102,1107,1.91023,0,2.40587,0,1,0
A,149,.,.,.,SER,CA,A,166,.,.,.,SER,CB,1102,1245,0.0352735,0,4.5836,-0.00133609,5,0
A,149,.,.,.,SER,C,A,149,.,.,.,SER,O,1103,1104,8.09784,0,1.23557,0,0,1
A,149,.,.,.,SER,C,A,149,.,.,.,SER,CB,1103,1105,2.37921,0,2.49024,0,0,0
A,149,.,.,.,SER,C,A,150,.,.,.,VAL,N,1103,1107,6.81287,0,1.32585,0,1,1
A,149,.,.,.,SER,C,A,150,.,.,.,VAL,CA,1103,1108,1.15241,0,2.43588,0,1,0
A,149,.,.,.,SER,C,A,150,.,.,.,VAL,CB,1103,1111,1.61135,0,3.23865,0,1,0
A,149,.,.,.,SER,C,A,255,.,.,.,GLN,CB,1103,1955,1.83079,0,3.86067,2.57519,5,0
A,149,.,.,.,SER,O,A,149,.,.,.,SER,CB,1104,1105,0.480037,0,3.27672,0,0,0
A,149,.,.,.,SER,O,A,150,.,.,.,VAL,CA,1104,1108,3.43446,0,2.78215,0,1,0
A,149,.,.,.,SER,O,A,150,.,.,.,VAL,CB,1104,1111,2.02401,0,3.42357,0,1,0
A,149,.,.,.,SER,O,A,150,.,.,.,VAL,CG2,1104,1113,1.04597,0.243496,4.12481,0,1,0
A,149,.,.,.,SER,O,A,254,.,.,.,VAL,CA,1104,1945,0.116634,0.547699,5.63578,0.0827222,5,0
A,149,.,.,.,SER,O,A,255,.,.,.,GLN,N,1104,1951,3.69909,1.31026,4.30583,3.87916,5,0
A,149,.,.,.,SER,O,A,255,.,.,.,GLN,O,1104,1954,0.27044,0,4.59526,0.324215,5,0
A,149,.,.,.,SER,O,A,255,.,.,.,GLN,CB,1104,1955,2.91251,0,3.84949,0.52232,5,0
A,149,.,.,.,SER,CB,A,149,.,.,.,SER,OG,1105,1106,11.1656,0.33915,1.41255,0,0,1
A,149,.,.,.,SER,CB,A,150,.,.,.,VAL,N,1105,1107,2.39964,0,3.13141,0,1,0
A,149,.,.,.,SER,CB,A,150,.,.,.,VAL,O,1105,1110,0.799044,0.801093,4.80901,0,1,0
A,149,.,.,.,SER,CB,A,164,.,.,.,ALA,O,1105,1232,1.23986,1.12201,4.80455,-0.00982765,5,0
A,149,.,.,.,SER,CB,A,165,.,.,.,VAL,CA,1105,1235,1.99474,0,4.06902,0.710745,5,0
A,149,.,.,.,SER,CB,A,165,.,.,.,VAL,CB,1105,1238,0.0681173,0,4.54157,-0.0299319,5,0
A,149,.,.,.,SER,CB,A,165,.,.,.,VAL,CG1,1105,1239,5.69355,0,3.95977,-4.44639,5,0
A,149,.,.,.,SER,CB,A,166,.,.,.,SER,N,1105,1241,1.76133,0,3.46981,0.48782,5,0
A,149,.,.,.,SER,CB,A,166,.,.,.,SER,CA,1105,1242,0.0946789,0,4.24075,-0.00358625,5,0
A,149,.,.,.,SER,CB,A,166,.,.,.,SER,C,1105,1243,0.015757,0,4.26336,-0.0034576,5,0
A,149,.,.,.,SER,CB,A,166,.,.,.,SER,O,1105,1244,2.08739,0,3.67323,-0.399844,5,0
A,149,.,.,.,SER,CB,A,166,.,.,.,SER,CB,1105,1245,0.0819782,0,4.36623,-0.0233248,5,0
A,149,.,.,.,SER,CB,A,255,.,.,.,GLN,O,1105,1954,0.0494237,0,5.17343,0.00381062,5,0
A,149,.,.,.,SER,CB,A,255,.,.,.,GLN,CB,1105,1955,4.00245,0,4.01003,-0.79215,5,0
A,149,.,.,.,SER,CB,A,255,.,.,.,GLN,CG,1105,1956,6.81916,1.43035,3.8799,-0.816977,5,0
A,149,.,.,.,SER,OG,A,164,.,.,.,ALA,O,1106,1232,3.29369,0.34908,3.967,0.591834,5,0
A,149,.,.,.,SER,OG,A,165,.,.,.,VAL,CA,1106,1235,2.7336,0,3.46211,0.847658,5,0
A,149,.,.,.,SER,OG,A,166,.,.,.,SER,N,1106,1241,4.54081,0,2.66896,-0.0152451,5,0
A,149,.,.,.,SER,OG,A,166,.,.,.,SER,CA,1106,1242,0.0154238,0,3.55738,-0.00191042,5,0
A,149,.,.,.,SER,OG,A,166,.,.,.,SER,CB,1106,1245,3.20358,0,3.52682,-2.00059,5,0
A,150,.,.,.,VAL,N,A,150,.,.,.,VAL,CA,1107,1108,6.37079,0,1.45294,0,0,1
A,150,.,.,.,VAL,N,A,150,.,.,.,VAL,C,1107,1109,0.601763,0,2.39675,0,0,0
A,150,.,.,.,VAL,N,A,150,.,.,.,VAL,O,1107,1110,3.43946,0,2.62754,0,0,0
A,150,.,.,.,VAL,N,A,150,.,.,.,VAL,CB,1107,1111,2.41641,0,2.46883,0,0,0
A,150,.,.,.,VAL,N,A,150,.,.,.,VAL,CG1,1107,1112,1.05876,0,3.20447,0,0,0
A,150,.,.,.,VAL,N,A,255,.,.,.,GLN,CB,1107,1955,1.78203,0,3.86405,2.9281,5,0
A,150,.,.,.,VAL,CA,A,150,.,.,.,VAL,C,1108,1109,6.89371,0,1.52428,0,0,1
A,150,.,.,.,VAL,CA,A,150,.,.,.,VAL,O,1108,1110,0.0396378,0,2.40595,0,0,0
A,150,.,.,.,VAL,CA,A,150,.,.,.,VAL,CB,1108,1111,6.98305,0,1.54775,0,0,1
A,150,.,.,.,VAL,CA,A,150,.,.,.,VAL,CG1,1108,1112,0.700683,0,2.53295,0,0,0
A,150,.,.,.,VAL,CA,A,150,.,.,.,VAL,CG2,1108,1113,3.50879,0,2.50591,0,0,0
A,150,.,.,.,VAL,CA,A,151,.,.,.,LYS,N,1108,1114,1.9129,0,2.43171,0,1,0
A,150,.,.,.,VAL,CA,A,253,.,.,.,SER,O,1108,1941,1.16595,0,3.74896,0.826949,5,0
A,150,.,.,.,VAL,CA,A,254,.,.,.,VAL,CA,1108,1945,0.0192513,0,5.3175,0.00331118,5,0
A,150,.,.,.,VAL,CA,A,255,.,.,.,GLN,N,1108,1951,2.76113,0,4.36911,6.4756,5,0
A,150,.,.,.,VAL,CA,A,255,.,.,.,GLN,CB,1108,1955,2.95745,0,3.9659,2.25083,5,0
A,150,.,.,.,VAL,C,A,150,.,.,.,VAL,O,1109,1110,8.17064,0,1.23261,0,0,1
A,150,.,.,.,VAL,C,A,150,.,.,.,VAL,CB,1109,1111,0.368715,0,2.55137,0,0,0
A,150,.,.,.,VAL,C,A,150,.,.,.,VAL,CG1,1109,1112,3.15818,0,2.80938,0,0,0
A,150,.,.,.,VAL,C,A,151,.,.,.,LYS,N,1109,1114,6.81413,0,1.32781,0,1,1
A,150,.,.,.,VAL,C,A,151,.,.,.,LYS,CA,1109,1115,1.84563,0,2.4294,0,1,0
A,150,.,.,.,VAL,C,A,151,.,.,.,LYS,C,1109,1116,0.0149945,0,3.39941,0,1,0
A,150,.,.,.,VAL,C,A,151,.,.,.,LYS,CG,1109,1119,1.13975,0,3.73385,0,1,0
A,150,.,.,.,VAL,C,A,255,.,.,.,GLN,CB,1109,1955,2.31551,0,4.06057,4.48935,5,0
A,150,.,.,.,VAL,O,A,150,.,.,.,VAL,CG1,1110,1112,0.867378,0,3.31153,0,0,0
A,150,.,.,.,VAL,O,A,151,.,.,.,LYS,CA,1110,1115,6.13227,1.16782,2.74804,0,1,0
A,150,.,.,.,VAL,O,A,151,.,.,.,LYS,CG,1110,1119,1.68876,0.549194,3.97353,0,1,0
A,150,.,.,.,VAL,O,A,255,.,.,.,GLN,CB,1110,1955,1.60218,0,4.30918,-0.239903,5,0
A,150,.,.,.,VAL,O,A,255,.,.,.,GLN,CG,1110,1956,0.142264,0.145302,5.00291,0.0325426,5,0
A,150,.,.,.,VAL,O,A,255,.,.,.,GLN,OE1,1110,1958,2.99194,2.79752,4.65953,1.846,5,0
A,150,.,.,.,VAL,CB,A,150,.,.,.,VAL,CG1,1111,1112,10.3814,0,1.52798,0,0,1
A,150,.,.,.,VAL,CB,A,150,.,.,.,VAL,CG2,1111,1113,11.9869,0,1.49528,0,0,1
A,150,.,.,.,VAL,CB,A,151,.,.,.,LYS,N,1111,1114,0.455161,0,3.12075,0,1,0
A,150,.,.,.,VAL,CG1,A,150,.,.,.,VAL,CG2,1112,1113,3.8651,0,2.50018,0,0,0
A,150,.,.,.,VAL,CG1,A,151,.,.,.,LYS,N,1112,1114,1.26506,0,3.35596,0,1,0
A,150,.,.,.,VAL,CG1,A,151,.,.,.,LYS,C,1112,1116,2.16401,0,4.34127,0,1,0
A,150,.,.,.,VAL,CG1,A,151,.,.,.,LYS,O,1112,1117,0.40134,0,4.38718,0,1,0
A,150,.,.,.,VAL,CG1,A,152,.,.,.,HIS,N,1112,1123,0.152002,0,4.86408,0.097036,2,0
A,150,.,.,.,VAL,CG1,A,152,.,.,.,HIS,CB,1112,1127,0.780473,0,5.38939,-0.767527,2,0
A,150,.,.,.,VAL,CG1,A,252,.,.,.,LEU,CG,1112,1935,0.00232743,0,4.76856,-0.0034816,5,0
A,150,.,.,.,VAL,CG1,A,252,.,.,.,LEU,CD1,1112,1936,3.14638,0,4.47797,-6.00108,5,0
A,150,.,.,.,VAL,CG1,A,252,.,.,.,LEU,CD2,1112,1937,5.35884,0,4.24853,-9.92998,5,0
A,150,.,.,.,VAL,CG2,A,151,.,.,.,LYS,N,1113,1114,2.37368,0,3.2927,0,1,0
A,150,.,.,.,VAL,CG2,A,151,.,.,.,LYS,O,1113,1117,0.864425,0,4.35554,0,1,0
A,150,.,.,.,VAL,CG2,A,252,.,.,.,LEU,CB,1113,1934,4.82715,0,3.90936,-7.48826,5,0
A,150,.,.,.,VAL,CG2,A,252,.,.,.,LEU,CG,1113,1935,0.168495,0,4.47934,-0.248243,5,0
A,150,.,.,.,VAL,CG2,A,252,.,.,.,LEU,CD1,1113,1936,3.19224,0,4.23865,-6.19106,5,0
A,150,.,.,.,VAL,CG2,A,252,.,.,.,LEU,CD2,1113,1937,0.351608,0,4.66067,-0.210636,5,0
A,150,.,.,.,VAL,CG2,A,253,.,.,.,SER,N,1113,1938,0.578278,0,4.48848,0.408778,5,0
A,150,.,.,.,VAL,CG2,A,253,.,.,.,SER,O,1113,1941,4.97137,0,3.22257,0.168694,5,0
A,150,.,.,.,VAL,CG2,A,254,.,.,.,VAL,CA,1113,1945,1.45436,0.554823,5.05585,-0.0924752,5,0
A,150,.,.,.,VAL,CG2,A,255,.,.,.,GLN,N,1113,1951,0.0437028,0,5.27708,0.0310895,5,0
A,151,.,.,.,LYS,N,A,151,.,.,.,LYS,CA,1114,1115,6.48314,0,1.45645,0,0,1
A,151,.,.,.,LYS,N,A,151,.,.,.,LYS,C,1114,1116,1.26699,0,2.43245,0,0,0
A,151,.,.,.,LYS,N,A,151,.,.,.,LYS,O,1114,1117,1.64437,0,2.84028,0,0,0
A,151,.,.,.,LYS,N,A,151,.,.,.,LYS,CB,1114,1118,1.01361,0,2.46589,0,0,0
A,151,.,.,.,LYS,N,A,151,.,.,.,LYS,CG,1114,1119,2.20859,0,3.03299,0,0,0
A,151,.,.,.,LYS,N,A,253,.,.,.,SER,O,1114,1941,4.94785,0,2.72245,-2.88236,5,0
A,151,.,.,.,LYS,N,A,255,.,.,.,GLN,N,1114,1951,0.304637,0,4.56621,0.632485,5,0
A,151,.,.,.,LYS,N,A,255,.,.,.,GLN,CB,1114,1955,0.180239,0,4.49137,0.258397,5,0
A,151,.,.,.,LYS,CA,A,151,.,.,.,LYS,C,1115,1116,6.87993,0,1.51844,0,0,1
A,151,.,.,.,LYS,CA,A,151,.,.,.,LYS,O,1115,1117,0.660284,0,2.39541,0,0,0
A,151,.,.,.,LYS,CA,A,151,.,.,.,LYS,CB,1115,1118,10.0463,1.20015,1.5307,0,0,1
A,151,.,.,.,LYS,CA,A,151,.,.,.,LYS,CG,1115,1119,4.51465,1.78508,2.54629,0,0,0
A,151,.,.,.,LYS,CA,A,152,.,.,.,HIS,N,1115,1123,7.14865,0.672178,2.41453,0,1,0
A,151,.,.,.,LYS,CA,A,155,.,.,.,TYR,O,1115,1152,0.357915,1.67036,5.92397,0.274717,4,0
A,151,.,.,.,LYS,CA,A,253,.,.,.,SER,N,1115,1938,0.000714186,0,4.35422,0.00108111,5,0
A,151,.,.,.,LYS,CA,A,253,.,.,.,SER,O,1115,1941,0.0948014,0,3.51369,0.0927809,5,0
A,151,.,.,.,LYS,C,A,151,.,.,.,LYS,O,1116,1117,9.30069,0.345302,1.23578,0,0,1
A,151,.,.,.,LYS,C,A,151,.,.,.,LYS,CB,1116,1118,4.6312,0.803477,2.50705,0,0,0
A,151,.,.,.,LYS,C,A,152,.,.,.,HIS,N,1116,1123,8.87447,0,1.32865,0,1,1
A,151,.,.,.,LYS,C,A,152,.,.,.,HIS,CA,1116,1124,2.37947,0,2.44081,0,1,0
A,151,.,.,.,LYS,C,A,152,.,.,.,HIS,C,1116,1125,0.469434,0,3.44348,0,1,0
A,151,.,.,.,LYS,C,A,152,.,.,.,HIS,CB,1116,1127,0.159218,0,3.50007,0,1,0
A,151,.,.,.,LYS,C,A,153,.,.,.,PRO,N,1116,1133,0.592047,0.599328,4.2015,1.18375,2,0
A,151,.,.,.,LYS,C,A,153,.,.,.,PRO,CD,1116,1139,0.159428,0.199608,4.60565,0.0538723,2,0
A,151,.,.,.,LYS,C,A,252,.,.,.,LEU,CD2,1116,1937,0.610119,0,4.25735,-0.0936844,5,0
A,151,.,.,.,LYS,C,A,253,.,.,.,SER,CB,1116,1942,0.00527394,0.0662851,4.78387,0.000660023,5,0
A,151,.,.,.,LYS,O,A,151,.,.,.,LYS,CB,1117,1118,1.20316,0,3.08755,0,0,0
A,151,.,.,.,LYS,O,A,152,.,.,.,HIS,CA,1117,1124,3.11991,0,2.80579,0,1,0
A,151,.,.,.,LYS,O,A,153,.,.,.,PRO,CD,1117,1139,2.69151,1.02617,4.31208,2.66144,2,0
A,151,.,.,.,LYS,O,A,251,.,.,.,GLU,O,1117,1924,0.0116481,0,4.4337,0.0150489,5,0
A,151,.,.,.,LYS,O,A,252,.,.,.,LEU,CA,1117,1931,3.75711,0,3.36815,-0.706348,5,0
A,151,.,.,.,LYS,O,A,252,.,.,.,LEU,CB,1117,1934,1.22726,0,3.69784,0.0260159,5,0
A,151,.,.,.,LYS,O,A,252,.,.,.,LEU,CD2,1117,1937,3.96769,0,3.48103,0.845856,5,0
A,151,.,.,.,LYS,O,A,253,.,.,.,SER,N,1117,1938,6.34577,0.101107,2.91613,-3.36528,5,0
A,151,.,.,.,LYS,O,A,253,.,.,.,SER,O,1117,1941,0.183765,0,3.66536,0.193064,5,0
A,151,.,.,.,LYS,O,A,253,.,.,.,SER,CB,1117,1942,1.02413,0.997707,4.23947,0.132383,5,0
A,151,.,.,.,LYS,CB,A,151,.,.,.,LYS,CG,1118,1119,10.9913,1.50229,1.52018,0,0,1
A,151,.,.,.,LYS,CB,A,151,.,.,.,LYS,CD,1118,1120,5.41618,0.962715,2.51843,0,0,0
A,151,.,.,.,LYS,CB,A,151,.,.,.,LYS,CE,1118,1121,2.74619,3.39532,3.51988,0,0,0
A,151,.,.,.,LYS,CB,A,152,.,.,.,HIS,N,1118,1123,2.41921,1.3532,3.3856,0,1,0
A,151,.,.,.,LYS,CB,A,152,.,.,.,HIS,C,1118,1125,0.899937,1.96936,5.09922,0,1,0
A,151,.,.,.,LYS,CB,A,152,.,.,.,HIS,O,1118,1126,0.0108954,0.348287,5.37209,0,1,0
A,151,.,.,.,LYS,CB,A,153,.,.,.,PRO,N,1118,1133,0.0834287,0.695923,5.69467,0.0258463,2,0
A,151,.,.,.,LYS,CB,A,253,.,.,.,SER,N,1118,1938,0.352532,0,4.21682,0.458119,5,0
A,151,.,.,.,LYS,CB,A,253,.,.,.,SER,CA,1118,1939,0.2566,0,4.17684,0.136172,5,0
A,151,.,.,.,LYS,CB,A,253,.,.,.,SER,C,1118,1940,0.623509,0,3.94332,0.213241,5,0
A,151,.,.,.,LYS,CB,A,253,.,.,.,SER,O,1118,1941,1.84995,0,3.4041,0.788721,5,0
A,151,.,.,.,LYS,CB,A,253,.,.,.,SER,CB,1118,1942,8.45414,2.79417,3.73094,-0.886746,5,0
A,151,.,.,.,LYS,CG,A,151,.,.,.,LYS,CD,1119,1120,9.17548,0,1.52567,0,0,1
A,151,.,.,.,LYS,CG,A,151,.,.,.,LYS,CE,1119,1121,6.75801,2.42334,2.51797,0,0,0
A,151,.,.,.,LYS,CG,A,253,.,.,.,SER,C,1119,1940,0.203514,0,4.36776,0.0277815,5,0
A,151,.,.,.,LYS,CG,A,253,.,.,.,SER,O,1119,1941,0.779448,0,3.83927,0.317433,5,0
A,151,.,.,.,LYS,CG,A,254,.,.,.,VAL,C,1119,1946,1.25629,0,4.0876,-0.323057,5,0
A,151,.,.,.,LYS,CG,A,254,.,.,.,VAL,O,1119,1947,0.441165,0,3.60866,0.0607541,5,0
A,151,.,.,.,LYS,CG,A,255,.,.,.,GLN,N,1119,1951,0.408257,0,4.26175,0.562117,5,0
A,151,.,.,.,LYS,CG,A,255,.,.,.,GLN,CA,1119,1952,1.58992,0,4.13015,1.31389,5,0
A,151,.,.,.,LYS,CG,A,255,.,.,.,GLN,CB,1119,1955,3.4155,0,4.07554,-0.17318,5,0
A,151,.,.,.,LYS,CG,A,255,.,.,.,GLN,CD,1119,1957,0.252013,0,4.30574,-0.212691,5,0
A,151,.,.,.,LYS,CG,A,255,.,.,.,GLN,OE1,1119,1958,7.40614,2.13596,3.60568,-0.136012,5,0
A,151,.,.,.,LYS,CD,A,151,.,.,.,LYS,CE,1120,1121,13.6613,2.83001,1.5066,0,0,1
A,151,.,.,.,LYS,CD,A,151,.,.,.,LYS,NZ,1120,1122,8.13006,3.176,2.46589,0,0,0
A,151,.,.,.,LYS,CD,A,253,.,.,.,SER,C,1120,1940,0.20438,0,4.55319,0.157112,5,0
A,151,.,.,.,LYS,CD,A,253,.,.,.,SER,CB,1120,1942,8.31375,4.57599,4.16409,0.179849,5,0
A,151,.,.,.,LYS,CD,A,254,.,.,.,VAL,O,1120,1947,9.85953,1.37257,3.08914,1.1717,5,0
A,151,.,.,.,LYS,CD,A,255,.,.,.,GLN,CA,1120,1952,2.33109,0,4.29843,1.57834,5,0
A,151,.,.,.,LYS,CD,A,255,.,.,.,GLN,CD,1120,1957,0.925639,0,4.60814,-0.935627,5,0
A,151,.,.,.,LYS,CD,A,255,.,.,.,GLN,OE1,1120,1958,0.14958,0,4.09469,-0.064124,5,0
A,151,.,.,.,LYS,CD,A,255,.,.,.,GLN,NE2,1120,1959,0.104696,0,5.03118,-0.00371028,5,0
A,151,.,.,.,LYS,CE,A,151,.,.,.,LYS,NZ,1121,1122,20.2391,9.11615,1.49372,0,0,1
A,151,.,.,.,LYS,CE,A,157,.,.,.,PRO,CG,1121,1173,1.02519,2.54477,6.38585,0.148837,5,0
A,151,.,.,.,LYS,CE,A,157,.,.,.,PRO,CD,1121,1174,3.66202,5.3036,6.19258,2.73503,5,0
A,151,.,.,.,LYS,CE,A,255,.,.,.,GLN,CD,1121,1957,0.682227,0,4.65314,-0.600085,5,0
A,151,.,.,.,LYS,CE,A,255,.,.,.,GLN,OE1,1121,1958,6.1604,3.56481,4.00738,-2.1947,5,0
A,151,.,.,.,LYS,CE,A,255,.,.,.,GLN,NE2,1121,1959,1.28408,0.534657,4.8544,-0.13263,5,0
A,151,.,.,.,LYS,NZ,A,254,.,.,.,VAL,O,1122,1947,1.82296,2.83767,4.42783,1.1959,5,0
A,151,.,.,.,LYS,NZ,A,255,.,.,.,GLN,CA,1122,1952,0.134113,0,5.49374,0.0482449,5,0
A,151,.,.,.,LYS,NZ,A,255,.,.,.,GLN,NE2,1122,1959,4.46931,3.96315,4.88835,-0.653865,5,0
A,151,.,.,.,LYS,NZ,A,256,.,.,.,HIS,N,1122,1960,0.623183,1.18655,5.89092,0.924068,5,0
A,151,.,.,.,LYS,NZ,A,259,.,.,.,SER,OG,1122,1988,0.295711,1.96044,5.97641,-0.0826492,5,0
A,152,.,.,.,HIS,N,A,152,.,.,.,HIS,CA,1123,1124,6.87674,0,1.45137,0,0,1
A,152,.,.,.,HIS,N,A,152,.,.,.,HIS,C,1123,1125,3.22832,0,2.41151,0,0,0
A,152,.,.,.,HIS,N,A,152,.,.,.,HIS,O,1123,1126,4.0698,1.1729,2.86047,0,0,0
A,152,.,.,.,HIS,N,A,152,.,.,.,HIS,CB,1123,1127,4.5475,0,2.44983,0,0,0
A,152,.,.,.,HIS,N,A,155,.,.,.,TYR,O,1123,1152,2.92834,0.966068,4.88153,1.43372,3,0
A,152,.,.,.,HIS,N,A,155,.,.,.,TYR,CB,1123,1153,0.34706,0,5.21058,0.229874,3,0
A,152,.,.,.,HIS,CA,A,152,.,.,.,HIS,C,1124,1125,6.70918,0,1.52249,0,0,1
A,152,.,.,.,HIS,CA,A,152,.,.,.,HIS,O,1124,1126,0.66141,0,2.38825,0,0,0
A,152,.,.,.,HIS,CA,A,152,.,.,.,HIS,CB,1124,1127,8.5068,0,1.52959,0,0,1
A,152,.,.,.,HIS,CA,A,152,.,.,.,HIS,CG,1124,1128,1.59672,0,2.53476,0,0,0
A,152,.,.,.,HIS,CA,A,153,.,.,.,PRO,N,1124,1133,0.573783,0,2.4682,0,1,0
A,152,.,.,.,HIS,CA,A,153,.,.,.,PRO,CD,1124,1139,5.5649,0,2.99978,0,1,0
A,152,.,.,.,HIS,CA,A,252,.,.,.,LEU,CD2,1124,1937,3.01506,0,4.10039,-0.30116,5,0
A,152,.,.,.,HIS,C,A,152,.,.,.,HIS,O,1125,1126,8.30685,0.814131,1.24163,0,0,1
A,152,.,.,.,HIS,C,A,152,.,.,.,HIS,CB,1125,1127,1.11872,0,2.51429,0,0,0
A,152,.,.,.,HIS,C,A,152,.,.,.,HIS,CG,1125,1128,0.0920845,0,3.07649,0,0,0
A,152,.,.,.,HIS,C,A,152,.,.,.,HIS,ND1,1125,1129,1.72985,0,3.00358,0,0,0
A,152,.,.,.,HIS,C,A,153,.,.,.,PRO,N,1125,1133,7.65846,0.0965419,1.33974,0,1,1
A,152,.,.,.,HIS,C,A,153,.,.,.,PRO,CA,1125,1134,3.10988,1.71236,2.44138,0,1,0
A,152,.,.,.,HIS,C,A,153,.,.,.,PRO,C,1125,1135,0.0454562,0,3.02689,0,1,0
A,152,.,.,.,HIS,C,A,153,.,.,.,PRO,CD,1125,1139,0.180606,0,2.52197,0,1,0
A,152,.,.,.,HIS,C,A,154,.,.,.,LYS,N,1125,1140,0.958879,0,3.09419,2.51889,2,0
A,152,.,.,.,HIS,O,A,152,.,.,.,HIS,CB,1126,1127,1.84991,0,2.99576,0,0,0
A,152,.,.,.,HIS,O,A,152,.,.,.,HIS,ND1,1126,1129,0.133205,0,3.45366,0,0,0
A,152,.,.,.,HIS,O,A,153,.,.,.,PRO,CA,1126,1134,3.3959,1.86605,2.75676,0,1,0
A,152,.,.,.,HIS,O,A,153,.,.,.,PRO,C,1126,1135,2.34942,0,2.81482,0,1,0
A,152,.,.,.,HIS,O,A,153,.,.,.,PRO,O,1126,1136,0.0374361,0,3.56261,0,1,0
A,152,.,.,.,HIS,O,A,154,.,.,.,LYS,N,1126,1140,0.974434,0,2.88057,-0.412082,2,0
A,152,.,.,.,HIS,O,A,155,.,.,.,TYR,N,1126,1149,4.85878,0,2.68195,-5.35258,3,0
A,152,.,.,.,HIS,O,A,155,.,.,.,TYR,CA,1126,1150,0.423604,0,3.44735,0.16328,3,0
A,152,.,.,.,HIS,O,A,155,.,.,.,TYR,C,1126,1151,2.95562,0,3.50671,7.32616,3,0
A,152,.,.,.,HIS,O,A,155,.,.,.,TYR,O,1126,1152,2.97901,0.943037,3.66078,2.48258,3,0
A,152,.,.,.,HIS,O,A,155,.,.,.,TYR,CB,1126,1153,1.65329,0,3.77766,-0.570752,3,0
A,152,.,.,.,HIS,O,A,156,.,.,.,PRO,N,1126,1161,0.80106,0,4.13154,-0.0725941,4,0
A,152,.,.,.,HIS,O,A,156,.,.,.,PRO,CA,1126,1162,1.11548,1.97417,4.95457,0.453828,4,0
A,152,.,.,.,HIS,CB,A,152,.,.,.,HIS,CG,1127,1128,10.0197,0,1.49387,0,0,1
A,152,.,.,.,HIS,CB,A,152,.,.,.,HIS,ND1,1127,1129,0.724881,0,2.52137,0,0,0
A,152,.,.,.,HIS,CB,A,152,.,.,.,HIS,CD2,1127,1130,2.41422,0,2.59466,0,0,0
A,152,.,.,.,HIS,CB,A,155,.,.,.,TYR,N,1127,1149,0.13286,0,4.53756,0.0832298,3,0
A,152,.,.,.,HIS,CB,A,155,.,.,.,TYR,CB,1127,1153,4.57111,0,4.35762,-4.1797,3,0
A,152,.,.,.,HIS,CB,A,155,.,.,.,TYR,CD2,1127,1156,2.55434,0,4.11979,-2.62497,3,0
A,152,.,.,.,HIS,CB,A,252,.,.,.,LEU,CD2,1127,1937,4.04019,0,4.07892,-4.23214,5,0
A,152,.,.,.,HIS,CG,A,152,.,.,.,HIS,ND1,1128,1129,6.27882,0,1.37838,0,0,1
A,152,.,.,.,HIS,CG,A,152,.,.,.,HIS,CD2,1128,1130,10.4311,0,1.35586,0,0,1
A,152,.,.,.,HIS,CG,A,152,.,.,.,HIS,CE1,1128,1131,1.37655,0,2.20175,0,0,0
A,152,.,.,.,HIS,CG,A,153,.,.,.,PRO,CD,1128,1139,2.20046,0,3.69402,0,1,0
A,152,.,.,.,HIS,CG,A,155,.,.,.,TYR,CD2,1128,1156,2.66985,0,3.82593,-3.46144,3,0
A,152,.,.,.,HIS,CG,A,155,.,.,.,TYR,CE2,1128,1158,0.0686871,0,4.42703,-0.129042,3,0
A,152,.,.,.,HIS,CG,A,252,.,.,.,LEU,CD2,1128,1937,0.645229,0,4.23237,-0.814601,5,0
A,152,.,.,.,HIS,ND1,A,152,.,.,.,HIS,CE1,1129,1131,7.71574,0,1.32059,0,0,1
A,152,.,.,.,HIS,ND1,A,153,.,.,.,PRO,N,1129,1133,0.463809,0,3.22469,0,1,0
A,152,.,.,.,HIS,ND1,A,153,.,.,.,PRO,CD,1129,1139,2.34878,0,3.37433,0,1,0
A,152,.,.,.,HIS,ND1,A,154,.,.,.,LYS,N,1129,1140,3.70763,0,3.09753,4.08095,2,0
A,152,.,.,.,HIS,ND1,A,154,.,.,.,LYS,CA,1129,1141,0.187153,0,3.82894,0.0324712,2,0
A,152,.,.,.,HIS,ND1,A,154,.,.,.,LYS,CB,1129,1144,1.05595,0,3.69998,0.159192,2,0
A,152,.,.,.,HIS,ND1,A,155,.,.,.,TYR,N,1129,1149,0.475355,0,4.07373,0.205153,3,0
A,152,.,.,.,HIS,ND1,A,155,.,.,.,TYR,CD2,1129,1156,2.98223,0,3.51861,-1.03224,3,0
A,152,.,.,.,HIS,CD2,A,152,.,.,.,HIS,CE1,1130,1131,1.1196,0,2.19402,0,0,0
A,152,.,.,.,HIS,CD2,A,152,.,.,.,HIS,NE2,1130,1132,9.16615,0,1.37291,0,0,1
A,152,.,.,.,HIS,CD2,A,153,.,.,.,PRO,CD,1130,1139,1.09174,0,4.44708,0,1,0
A,152,.,.,.,HIS,CD2,A,155,.,.,.,TYR,CE2,1130,1158,0.0657855,0,4.70223,-0.0726746,3,0
A,152,.,.,.,HIS,CD2,A,247,.,.,.,LEU,CD1,1130,1900,7.70374,0,3.69209,-6.74354,5,0
A,152,.,.,.,HIS,CD2,A,247,.,.,.,LEU,CD2,1130,1901,0.0234436,0,4.80919,-0.00828856,5,0
A,152,.,.,.,HIS,CD2,A,252,.,.,.,LEU,CD2,1130,1937,5.00043,0,3.96503,-4.5119,5,0
A,152,.,.,.,HIS,CE1,A,152,.,.,.,HIS,NE2,1131,1132,12.4493,0,1.32277,0,0,1
A,152,.,.,.,HIS,CE1,A,153,.,.,.,PRO,CD,1131,1139,4.62506,0.727081,4.0014,0,1,0
A,152,.,.,.,HIS,CE1,A,154,.,.,.,LYS,N,1131,1140,0.288835,0,3.77937,0.242666,2,0
A,152,.,.,.,HIS,CE1,A,154,.,.,.,LYS,CB,1131,1144,2.62746,0,3.70101,0.0035466,2,0
A,152,.,.,.,HIS,CE1,A,154,.,.,.,LYS,CG,1131,1145,2.68081,0,3.65866,-0.181125,2,0
A,152,.,.,.,HIS,CE1,A,154,.,.,.,LYS,CE,1131,1147,7.26789,0,3.35942,0.178139,2,0
A,152,.,.,.,HIS,CE1,A,154,.,.,.,LYS,NZ,1131,1148,5.5005,0.400867,3.48677,-1.50215,2,0
A,152,.,.,.,HIS,CE1,A,155,.,.,.,TYR,CD2,1131,1156,0.481099,0,4.03427,-0.351613,3,0
A,152,.,.,.,HIS,CE1,A,155,.,.,.,TYR,CE2,1131,1158,3.72159,0,4.12557,-3.62493,3,0
A,152,.,.,.,HIS,CE1,A,247,.,.,.,LEU,CD2,1131,1901,0.495911,0.663085,5.09317,-0.0496521,5,0
A,152,.,.,.,HIS,NE2,A,153,.,.,.,PRO,CD,1132,1139,0.342945,0,4.59234,0,1,0
A,152,.,.,.,HIS,NE2,A,154,.,.,.,LYS,CE,1132,1147,2.71481,1.95102,4.08705,-1.02557,2,0
A,152,.,.,.,HIS,NE2,A,154,.,.,.,LYS,NZ,1132,1148,0.425933,0,4.16633,-0.0679304,2,0
A,152,.,.,.,HIS,NE2,A,247,.,.,.,LEU,CG,1132,1899,1.15042,0,4.39712,-0.675269,5,0
A,152,.,.,.,HIS,NE2,A,247,.,.,.,LEU,CD1,1132,1900,2.72369,0,3.8434,-1.91333,5,0
A,152,.,.,.,HIS,NE2,A,247,.,.,.,LEU,CD2,1132,1901,6.90922,1.1398,4.22875,-1.5634,5,0
A,153,.,.,.,PRO,N,A,153,.,.,.,PRO,CA,1133,1134,7.33255,1.162,1.47519,0,0,1
A,153,.,.,.,PRO,N,A,153,.,.,.,PRO,CG,1133,1138,0.667029,0.437385,2.31518,0,0,0
A,153,.,.,.,PRO,N,A,153,.,.,.,PRO,CD,1133,1139,7.61421,0.390096,1.47087,0,0,1
A,153,.,.,.,PRO,N,A,154,.,.,.,LYS,N,1133,1140,1.07276,0,2.82047,0,1,0
A,153,.,.,.,PRO,CA,A,153,.,.,.,PRO,C,1134,1135,7.37411,0,1.51731,0,0,1
A,153,.,.,.,PRO,CA,A,153,.,.,.,PRO,O,1134,1136,5.83031,4.02164,2.37872,0,0,0
A,153,.,.,.,PRO,CA,A,153,.,.,.,PRO,CB,1134,1137,12.5742,3.87271,1.53689,0,0,1
A,153,.,.,.,PRO,CA,A,153,.,.,.,PRO,CG,1134,1138,2.36518,1.46621,2.40786,0,0,0
A,153,.,.,.,PRO,CA,A,153,.,.,.,PRO,CD,1134,1139,0.478649,0,2.44366,0,0,0
A,153,.,.,.,PRO,CA,A,154,.,.,.,LYS,N,1134,1140,0.891896,0,2.44888,0,1,0
A,153,.,.,.,PRO,CA,A,156,.,.,.,PRO,CA,1134,1162,0.0159362,0.186576,6.33164,0.00429631,3,0
A,153,.,.,.,PRO,C,A,153,.,.,.,PRO,O,1135,1136,10.3981,0.82972,1.23212,0,0,1
A,153,.,.,.,PRO,C,A,153,.,.,.,PRO,CB,1135,1137,4.2848,0.671317,2.52107,0,0,0
A,153,.,.,.,PRO,C,A,154,.,.,.,LYS,N,1135,1140,6.77143,0,1.32288,0,1,1
A,153,.,.,.,PRO,C,A,154,.,.,.,LYS,CA,1135,1141,1.94951,0,2.41211,0,1,0
A,153,.,.,.,PRO,C,A,154,.,.,.,LYS,CG,1135,1145,1.26956,0.719619,3.86503,0,1,0
A,153,.,.,.,PRO,C,A,155,.,.,.,TYR,N,1135,1149,1.33402,0,3.27684,2.38037,2,0
A,153,.,.,.,PRO,C,A,156,.,.,.,PRO,N,1135,1161,0.0538611,0,4.85825,0.115876,3,0
A,153,.,.,.,PRO,O,A,153,.,.,.,PRO,CB,1136,1137,3.19869,3.70617,3.22732,0,0,0
A,153,.,.,.,PRO,O,A,154,.,.,.,LYS,CA,1136,1141,6.93185,3.36813,2.71343,0,1,0
A,153,.,.,.,PRO,O,A,154,.,.,.,LYS,C,1136,1142,0.160325,0,3.38753,0,1,0
A,153,.,.,.,PRO,O,A,154,.,.,.,LYS,CG,1136,1145,0.0502598,0.392145,4.41791,0,1,0
A,153,.,.,.,PRO,O,A,155,.,.,.,TYR,N,1136,1149,0.44835,0,3.52426,0.262848,2,0
A,153,.,.,.,PRO,O,A,156,.,.,.,PRO,N,1136,1161,0.54504,0,4.44525,0.0348458,3,0
A,153,.,.,.,PRO,O,A,156,.,.,.,PRO,CA,1136,1162,0.11258,0.197281,5.2127,0.0267518,3,0
A,153,.,.,.,PRO,O,A,156,.,.,.,PRO,CB,1136,1165,3.03635,3.34237,4.9228,-0.667205,3,0
A,153,.,.,.,PRO,O,A,156,.,.,.,PRO,CG,1136,1166,1.82513,2.31684,4.69444,-0.328152,3,0
A,153,.,.,.,PRO,O,A,156,.,.,.,PRO,CD,1136,1167,5.99668,1.05291,4.02934,-1.47897,3,0
A,153,.,.,.,PRO,CB,A,153,.,.,.,PRO,CG,1137,1138,19.8509,8.98771,1.48648,0,0,1
A,153,.,.,.,PRO,CB,A,153,.,.,.,PRO,CD,1137,1139,1.71503,0,2.38344,0,0,0
A,153,.,.,.,PRO,CB,A,154,.,.,.,LYS,N,1137,1140,1.18023,0,3.28594,0,1,0
A,153,.,.,.,PRO,CB,A,154,.,.,.,LYS,CG,1137,1145,4.56046,2.74674,4.85201,0,1,0
A,153,.,.,.,PRO,CB,A,154,.,.,.,LYS,NZ,1137,1148,1.02801,1.03075,5.57197,0,1,0
A,153,.,.,.,PRO,CG,A,153,.,.,.,PRO,CD,1138,1139,14.9563,2.14987,1.49229,0,0,1
A,153,.,.,.,PRO,CG,A,154,.,.,.,LYS,NZ,1138,1148,1.9332,2.20756,5.57407,0,1,0
A,153,.,.,.,PRO,CG,A,251,.,.,.,GLU,CA,1138,1922,0.472081,1.31239,5.30026,0.163488,5,0
A,153,.,.,.,PRO,CG,A,251,.,.,.,GLU,O,1138,1924,9.64483,4.56126,3.39231,0.644832,5,0
A,153,.,.,.,PRO,CG,A,251,.,.,.,GLU,CB,1138,1925,2.7449,3.07959,5.36296,-0.146879,5,0
A,153,.,.,.,PRO,CG,A,253,.,.,.,SER,N,1138,1938,0.0102174,0.205911,6.22514,0.00422658,5,0
A,153,.,.,.,PRO,CG,A,253,.,.,.,SER,OG,1138,1943,0.023145,0.56631,6.25714,-0.00672662,5,0
A,153,.,.,.,PRO,CD,A,154,.,.,.,LYS,N,1139,1140,0.923526,0,3.69493,0,1,0
A,153,.,.,.,PRO,CD,A,154,.,.,.,LYS,CG,1139,1145,0.326087,0,5.28522,0,1,0
A,153,.,.,.,PRO,CD,A,154,.,.,.,LYS,NZ,1139,1148,2.01902,1.17177,5.34668,0,1,0
A,153,.,.,.,PRO,CD,A,247,.,.,.,LEU,CD1,1139,1900,0.0516137,0.246649,6.43787,0.00556209,5,0
A,153,.,.,.,PRO,CD,A,247,.,.,.,LEU,CD2,1139,1901,0.277697,0.391813,6.53347,-0.111526,5,0
A,153,.,.,.,PRO,CD,A,251,.,.,.,GLU,O,1139,1924,8.31872,0,3.25724,1.91644,5,0
A,153,.,.,.,PRO,CD,A,251,.,.,.,GLU,CB,1139,1925,2.50722,1.80922,5.31773,1.3714,5,0
A,153,.,.,.,PRO,CD,A,252,.,.,.,LEU,CA,1139,1931,0.218469,0,5.08462,0.177374,5,0
A,153,.,.,.,PRO,CD,A,252,.,.,.,LEU,CD2,1139,1937,1.94423,0,5.05154,-0.780823,5,0
A,153,.,.,.,PRO,CD,A,253,.,.,.,SER,N,1139,1938,0.120539,0.326995,5.83887,0.0961545,5,0
A,154,.,.,.,LYS,N,A,154,.,.,.,LYS,CA,1140,1141,6.33638,0,1.45473,0,0,1
A,154,.,.,.,LYS,N,A,154,.,.,.,LYS,CB,1140,1144,0.968437,0,2.43947,0,0,0
A,154,.,.,.,LYS,N,A,154,.,.,.,LYS,CG,1140,1145,4.13039,0,2.88005,0,0,0
A,154,.,.,.,LYS,N,A,155,.,.,.,TYR,N,1140,1149,1.84666,0,2.73887,0,1,0
A,154,.,.,.,LYS,CA,A,154,.,.,.,LYS,C,1141,1142,8.7741,0,1.52263,0,0,1
A,154,.,.,.,LYS,CA,A,154,.,.,.,LYS,O,1141,1143,2.98559,2.0095,2.38675,0,0,0
A,154,.,.,.,LYS,CA,A,154,.,.,.,LYS,CB,1141,1144,10.7222,2.03501,1.52984,0,0,1
A,154,.,.,.,LYS,CA,A,154,.,.,.,LYS,CG,1141,1145,4.64047,2.37354,2.547,0,0,0
A,154,.,.,.,LYS,CA,A,155,.,.,.,TYR,N,1141,1149,0.758756,0,2.45728,0,1,0
A,154,.,.,.,LYS,CA,A,155,.,.,.,TYR,CD2,1141,1156,0.136061,0,4.06854,0,1,0
A,154,.,.,.,LYS,CA,A,156,.,.,.,PRO,CD,1141,1167,1.31562,1.24936,4.33592,1.19448,2,0
A,154,.,.,.,LYS,C,A,154,.,.,.,LYS,O,1142,1143,7.43438,0,1.23359,0,0,1
A,154,.,.,.,LYS,C,A,154,.,.,.,LYS,CB,1142,1144,1.59373,0,2.4994,0,0,0
A,154,.,.,.,LYS,C,A,155,.,.,.,TYR,N,1142,1149,6.29181,0,1.32987,0,1,1
A,154,.,.,.,LYS,C,A,155,.,.,.,TYR,CA,1142,1150,1.01483,0,2.44124,0,1,0
A,154,.,.,.,LYS,C,A,155,.,.,.,TYR,CG,1142,1154,0.0687641,0,3.47296,0,1,0
A,154,.,.,.,LYS,C,A,155,.,.,.,TYR,CD2,1142,1156,2.33346,0,3.28564,0,1,0
A,154,.,.,.,LYS,C,A,156,.,.,.,PRO,CD,1142,1167,3.3206,0,3.35267,4.72438,2,0
A,154,.,.,.,LYS,O,A,154,.,.,.,LYS,CB,1143,1144,6.18397,3.8627,2.91325,0,0,0
A,154,.,.,.,LYS,O,A,155,.,.,.,TYR,CA,1143,1150,4.18578,0.934026,2.75555,0,1,0
A,154,.,.,.,LYS,O,A,155,.,.,.,TYR,CG,1143,1154,0.716223,0,3.49167,0,1,0
A,154,.,.,.,LYS,O,A,155,.,.,.,TYR,CD1,1143,1155,2.82742,1.6671,4.05359,0,1,0
A,154,.,.,.,LYS,O,A,155,.,.,.,TYR,CD2,1143,1156,1.10511,0,3.49478,0,1,0
A,154,.,.,.,LYS,O,A,155,.,.,.,TYR,CE1,1143,1157,1.16622,1.43981,4.55909,0,1,0
A,154,.,.,.,LYS,O,A,155,.,.,.,TYR,CE2,1143,1158,1.20045,0.0678163,4.06659,0,1,0
A,154,.,.,.,LYS,O,A,155,.,.,.,TYR,CZ,1143,1159,0.918671,1.24023,4.56279,0,1,0
A,154,.,.,.,LYS,O,A,156,.,.,.,PRO,CD,1143,1167,6.87595,4.87779,3.4166,6.79913,2,0
A,154,.,.,.,LYS,CB,A,154,.,.,.,LYS,CG,1144,1145,10.6882,1.98075,1.52273,0,0,1
A,154,.,.,.,LYS,CB,A,154,.,.,.,LYS,CD,1144,1146,9.37883,4.61712,2.51718,0,0,0
A,154,.,.,.,LYS,CB,A,154,.,.,.,LYS,CE,1144,1147,0.291552,0,3.5323,0,0,0
A,154,.,.,.,LYS,CB,A,155,.,.,.,TYR,CD2,1144,1156,1.90268,0,3.93909,0,1,0
A,154,.,.,.,LYS,CB,A,155,.,.,.,TYR,CE2,1144,1158,6.76714,2.18086,4.08793,0,1,0
A,154,.,.,.,LYS,CG,A,154,.,.,.,LYS,CD,1145,1146,14.483,5.35091,1.52499,0,0,1
A,154,.,.,.,LYS,CG,A,154,.,.,.,LYS,CE,1145,1147,1.48825,0,2.55174,0,0,0
A,154,.,.,.,LYS,CG,A,154,.,.,.,LYS,NZ,1145,1148,6.70869,2.24074,2.95524,0,0,0
A,154,.,.,.,LYS,CD,A,154,.,.,.,LYS,CE,1146,1147,18.8799,7.77846,1.55196,0,0,1
A,154,.,.,.,LYS,CD,A,154,.,.,.,LYS,NZ,1146,1148,3.63788,2.44817,2.50643,0,0,0
A,154,.,.,.,LYS,CD,A,155,.,.,.,TYR,CE2,1146,1158,0.914178,1.33056,5.37552,0,1,0
A,154,.,.,.,LYS,CE,A,154,.,.,.,LYS,NZ,1147,1148,16.3139,5.72561,1.4787,0,0,1
A,154,.,.,.,LYS,CE,A,155,.,.,.,TYR,CE2,1147,1158,1.39662,1.40724,5.51448,0,1,0
A,154,.,.,.,LYS,CE,A,247,.,.,.,LEU,CD2,1147,1901,0.756387,1.42417,5.92479,0.180279,5,0
A,154,.,.,.,LYS,NZ,A,247,.,.,.,LEU,CD2,1148,1901,6.65115,3.60418,5.26769,6.26113,5,0
A,154,.,.,.,LYS,NZ,A,251,.,.,.,GLU,OE2,1148,1929,3.41794,4.80554,5.46959,-4.81098,5,0
A,155,.,.,.,TYR,N,A,155,.,.,.,TYR,CA,1149,1150,6.0322,0,1.46106,0,0,1
A,155,.,.,.,TYR,N,A,155,.,.,.,TYR,C,1149,1151,1.1607,0,2.43544,0,0,0
A,155,.,.,.,TYR,N,A,155,.,.,.,TYR,CB,1149,1153,1.47601,0,2.46306,0,0,0
A,155,.,.,.,TYR,N,A,155,.,.,.,TYR,CD2,1149,1156,2.12943,0,3.11782,0,0,0
A,155,.,.,.,TYR,N,A,156,.,.,.,PRO,N,1149,1161,0.584067,0,2.98391,0,1,0
A,155,.,.,.,TYR,N,A,156,.,.,.,PRO,CD,1149,1167,1.92146,0,3.11736,0,1,0
A,155,.,.,.,TYR,CA,A,155,.,.,.,TYR,C,1150,1151,8.87484,0,1.52248,0,0,1
A,155,.,.,.,TYR,CA,A,155,.,.,.,TYR,CB,1150,1153,10.4581,0.968898,1.52993,0,0,1
A,155,.,.,.,TYR,CA,A,155,.,.,.,TYR,CG,1150,1154,1.46786,0,2.51416,0,0,0
A,155,.,.,.,TYR,CA,A,155,.,.,.,TYR,CD1,1150,1155,3.30748,2.48871,3.42173,0,0,0
A,155,.,.,.,TYR,CA,A,155,.,.,.,TYR,CD2,1150,1156,0.0132056,0,3.25253,0,0,0
A,155,.,.,.,TYR,CA,A,156,.,.,.,PRO,N,1150,1161,0.0980455,0,2.44842,0,1,0
A,155,.,.,.,TYR,CA,A,156,.,.,.,PRO,O,1150,1164,1.65008,2.16044,4.13425,0,1,0
A,155,.,.,.,TYR,CA,A,156,.,.,.,PRO,CD,1150,1167,5.40485,1.51389,2.95941,0,1,0
A,155,.,.,.,TYR,C,A,155,.,.,.,TYR,O,1151,1152,8.39656,0,1.23646,0,0,1
A,155,.,.,.,TYR,C,A,155,.,.,.,TYR,CB,1151,1153,1.43036,0,2.52979,0,0,0
A,155,.,.,.,TYR,C,A,156,.,.,.,PRO,N,1151,1161,7.57101,0,1.33448,0,1,1
A,155,.,.,.,TYR,C,A,156,.,.,.,PRO,CA,1151,1162,1.89021,0,2.42784,0,1,0
A,155,.,.,.,TYR,C,A,156,.,.,.,PRO,C,1151,1163,0.299539,0,3.08295,0,1,0
A,155,.,.,.,TYR,C,A,156,.,.,.,PRO,O,1151,1164,2.9933,0,3.09798,0,1,0
A,155,.,.,.,TYR,C,A,156,.,.,.,PRO,CD,1151,1167,0.0792067,0,2.52715,0,1,0
A,155,.,.,.,TYR,C,A,163,.,.,.,ARG,NH2,1151,1228,0.568849,0,3.40123,-0.0153086,5,0
A,155,.,.,.,TYR,O,A,155,.,.,.,TYR,CB,1152,1153,4.99532,0,2.7566,0,0,0
A,155,.,.,.,TYR,O,A,156,.,.,.,PRO,CA,1152,1162,4.80075,2.09101,2.72437,0,1,0
A,155,.,.,.,TYR,O,A,156,.,.,.,PRO,C,1152,1163,0.264692,0,3.11729,0,1,0
A,155,.,.,.,TYR,O,A,156,.,.,.,PRO,O,1152,1164,0.0034883,0,3.27974,0,1,0
A,155,.,.,.,TYR,O,A,163,.,.,.,ARG,NH2,1152,1228,10.7959,2.61442,2.4059,-5.6238,5,0
A,155,.,.,.,TYR,CB,A,155,.,.,.,TYR,CG,1153,1154,6.73116,0,1.50857,0,0,1
A,155,.,.,.,TYR,CB,A,155,.,.,.,TYR,CD1,1153,1155,5.57476,1.07792,2.52516,0,0,0
A,155,.,.,.,TYR,CB,A,155,.,.,.,TYR,CD2,1153,1156,2.85267,0,2.51815,0,0,0
A,155,.,.,.,TYR,CB,A,156,.,.,.,PRO,O,1153,1164,0.0867993,0.437506,4.94404,0,1,0
A,155,.,.,.,TYR,CB,A,163,.,.,.,ARG,NH1,1153,1227,0.392168,0.873094,5.6482,-0.0846898,5,0
A,155,.,.,.,TYR,CB,A,163,.,.,.,ARG,NH2,1153,1228,1.40928,0,4.47018,-0.304339,5,0
A,155,.,.,.,TYR,CG,A,155,.,.,.,TYR,CD1,1154,1155,7.69267,0,1.38915,0,0,1
A,155,.,.,.,TYR,CG,A,155,.,.,.,TYR,CD2,1154,1156,7.39626,0,1.38786,0,0,1
A,155,.,.,.,TYR,CD1,A,155,.,.,.,TYR,CD2,1155,1156,0.850426,0,2.38094,0,0,0
A,155,.,.,.,TYR,CD1,A,155,.,.,.,TYR,CE1,1155,1157,17.8174,4.8143,1.37726,0,0,1
A,155,.,.,.,TYR,CD1,A,155,.,.,.,TYR,CE2,1155,1158,1.44027e-05,0,2.75459,0,0,0
A,155,.,.,.,TYR,CD2,A,155,.,.,.,TYR,CE1,1156,1157,0.0127476,0,2.75096,0,0,0
A,155,.,.,.,TYR,CD2,A,155,.,.,.,TYR,CE2,1156,1158,11.246,0,1.37387,0,0,1
A,155,.,.,.,TYR,CE1,A,155,.,.,.,TYR,CE2,1157,1158,0.137082,0,2.38795,0,0,0
A,155,.,.,.,TYR,CE1,A,155,.,.,.,TYR,CZ,1157,1159,12.9351,2.12281,1.38344,0,0,1
A,155,.,.,.,TYR,CE1,A,155,.,.,.,TYR,OH,1157,1160,3.44584,2.04243,2.40907,0,0,0
A,155,.,.,.,TYR,CE2,A,155,.,.,.,TYR,CZ,1158,1159,12.0241,1.62531,1.36871,0,0,1
A,155,.,.,.,TYR,CE2,A,155,.,.,.,TYR,OH,1158,1160,4.67165,3.11899,2.36304,0,0,0
A,155,.,.,.,TYR,CZ,A,155,.,.,.,TYR,OH,1159,1160,12.3879,3.05007,1.38188,0,0,1
A,156,.,.,.,PRO,N,A,156,.,.,.,PRO,CA,1161,1162,6.98056,0,1.46515,0,0,1
A,156,.,.,.,PRO,N,A,156,.,.,.,PRO,C,1161,1163,0.113501,0,2.44534,0,0,0
A,156,.,.,.,PRO,N,A,156,.,.,.,PRO,O,1161,1164,1.21948,0,2.67873,0,0,0
A,156,.,.,.,PRO,N,A,156,.,.,.,PRO,CB,1161,1165,0.359681,0,2.351,0,0,0
A,156,.,.,.,PRO,N,A,156,.,.,.,PRO,CD,1161,1167,7.49067,0,1.47689,0,0,1
A,156,.,.,.,PRO,CA,A,156,.,.,.,PRO,C,1162,1163,6.71933,0,1.51665,0,0,1
A,156,.,.,.,PRO,CA,A,156,.,.,.,PRO,O,1162,1164,0.0471423,0,2.39493,0,0,0
A,156,.,.,.,PRO,CA,A,156,.,.,.,PRO,CB,1162,1165,11.2953,2.89633,1.53732,0,0,1
A,156,.,.,.,PRO,CA,A,156,.,.,.,PRO,CG,1162,1166,0.72995,0,2.3751,0,0,0
A,156,.,.,.,PRO,CA,A,156,.,.,.,PRO,CD,1162,1167,0.363537,0,2.43232,0,0,0
A,156,.,.,.,PRO,CA,A,157,.,.,.,PRO,N,1162,1168,0.0896741,0,2.44985,0,1,0
A,156,.,.,.,PRO,CA,A,157,.,.,.,PRO,CD,1162,1174,7.48801,3.0764,2.97454,0,1,0
A,156,.,.,.,PRO,CA,A,163,.,.,.,ARG,NH2,1162,1228,0.974952,0.0958772,3.71051,-0.207212,5,0
A,156,.,.,.,PRO,C,A,156,.,.,.,PRO,O,1163,1164,6.73723,0,1.24077,0,0,1
A,156,.,.,.,PRO,C,A,156,.,.,.,PRO,CB,1163,1165,1.69126,0,2.52573,0,0,0
A,156,.,.,.,PRO,C,A,156,.,.,.,PRO,CG,1163,1166,1.11401,0,3.12403,0,0,0
A,156,.,.,.,PRO,C,A,157,.,.,.,PRO,N,1163,1168,6.36474,0,1.33173,0,1,1
A,156,.,.,.,PRO,C,A,157,.,.,.,PRO,CA,1163,1169,0.995814,0,2.42005,0,1,0
A,156,.,.,.,PRO,C,A,157,.,.,.,PRO,C,1163,1170,0.44373,0,2.95126,0,1,0
A,156,.,.,.,PRO,C,A,157,.,.,.,PRO,O,1163,1171,1.50837,0,3.09243,0,1,0
A,156,.,.,.,PRO,C,A,157,.,.,.,PRO,CD,1163,1174,0.0536306,0,2.52657,0,1,0
A,156,.,.,.,PRO,C,A,163,.,.,.,ARG,NH2,1163,1228,2.61396,0,3.10431,1.94788,5,0
A,156,.,.,.,PRO,O,A,156,.,.,.,PRO,CG,1164,1166,2.53425,0.581118,3.40743,0,0,0
A,156,.,.,.,PRO,O,A,156,.,.,.,PRO,CD,1164,1167,3.69252,2.12132,3.34741,0,0,0
A,156,.,.,.,PRO,O,A,157,.,.,.,PRO,CA,1164,1169,1.77213,0,2.71065,0,1,0
A,156,.,.,.,PRO,O,A,157,.,.,.,PRO,C,1164,1170,2.80892,0,2.82358,0,1,0
A,156,.,.,.,PRO,O,A,157,.,.,.,PRO,O,1164,1171,1.44432,0,3.09096,0,1,0
A,156,.,.,.,PRO,O,A,158,.,.,.,ARG,N,1164,1175,0.807129,0,3.50313,0.595693,2,0
A,156,.,.,.,PRO,O,A,158,.,.,.,ARG,CG,1164,1180,5.94635,2.34912,4.36586,-0.464051,2,0
A,156,.,.,.,PRO,O,A,158,.,.,.,ARG,CD,1164,1181,2.32435,2.28283,4.84167,0.303079,2,0
A,156,.,.,.,PRO,O,A,163,.,.,.,ARG,NH1,1164,1227,4.31412,1.14821,3.55678,-3.09207,5,0
A,156,.,.,.,PRO,O,A,163,.,.,.,ARG,NH2,1164,1228,2.12564,0,3.18733,0.227924,5,0
A,156,.,.,.,PRO,CB,A,156,.,.,.,PRO,CG,1165,1166,17.2549,6.33577,1.48996,0,0,1
A,156,.,.,.,PRO,CB,A,156,.,.,.,PRO,CD,1165,1167,1.88953,0,2.40344,0,0,0
A,156,.,.,.,PRO,CB,A,157,.,.,.,PRO,N,1165,1168,0.513022,0,3.19031,0,1,0
A,156,.,.,.,PRO,CB,A,157,.,.,.,PRO,O,1165,1171,3.13926,1.84635,4.15001,0,1,0
A,156,.,.,.,PRO,CB,A,157,.,.,.,PRO,CD,1165,1174,9.18917,5.75576,3.44007,0,1,0
A,156,.,.,.,PRO,CG,A,156,.,.,.,PRO,CD,1166,1167,18.7281,7.16196,1.51369,0,0,1
A,156,.,.,.,PRO,CG,A,157,.,.,.,PRO,O,1166,1171,4.88664,4.07955,4.3518,0,1,0
A,156,.,.,.,PRO,CG,A,158,.,.,.,ARG,CG,1166,1180,0.0409182,0.617341,6.45966,-0.00697901,2,0
A,157,.,.,.,PRO,N,A,157,.,.,.,PRO,CA,1168,1169,5.76202,0,1.46626,0,0,1
A,157,.,.,.,PRO,N,A,157,.,.,.,PRO,C,1168,1170,0.118229,0,2.47157,0,0,0
A,157,.,.,.,PRO,N,A,157,.,.,.,PRO,O,1168,1171,1.28056,0,2.80712,0,0,0
A,157,.,.,.,PRO,N,A,157,.,.,.,PRO,CG,1168,1173,0.103832,0,2.33748,0,0,0
A,157,.,.,.,PRO,N,A,157,.,.,.,PRO,CD,1168,1174,7.20452,0,1.4759,0,0,1
A,157,.,.,.,PRO,N,A,163,.,.,.,ARG,NH2,1168,1228,1.42027,0,3.30576,0.950131,5,0
A,157,.,.,.,PRO,CA,A,157,.,.,.,PRO,C,1169,1170,6.27022,0,1.52268,0,0,1
A,157,.,.,.,PRO,CA,A,157,.,.,.,PRO,O,1169,1171,0.437998,0,2.41102,0,0,0
A,157,.,.,.,PRO,CA,A,157,.,.,.,PRO,CB,1169,1172,9.59487,0,1.53665,0,0,1
A,157,.,.,.,PRO,CA,A,157,.,.,.,PRO,CG,1169,1173,1.36662,0,2.40966,0,0,0
A,157,.,.,.,PRO,CA,A,157,.,.,.,PRO,CD,1169,1174,0.461423,0,2.44077,0,0,0
A,157,.,.,.,PRO,CA,A,158,.,.,.,ARG,N,1169,1175,4.96781,0,2.4064,0,1,0
A,157,.,.,.,PRO,CA,A,161,.,.,.,LEU,O,1169,1206,0.00895319,0,5.56615,0.00365928,4,0
A,157,.,.,.,PRO,CA,A,163,.,.,.,ARG,CB,1169,1222,1.57931,0,4.72938,0.711667,5,0
A,157,.,.,.,PRO,CA,A,163,.,.,.,ARG,CZ,1169,1226,2.83854,0,3.71575,-0.498567,5,0
A,157,.,.,.,PRO,CA,A,163,.,.,.,ARG,NH1,1169,1227,4.38509,0,3.57104,-0.0879268,5,0
A,157,.,.,.,PRO,CA,A,163,.,.,.,ARG,NH2,1169,1228,0.403985,0,3.7118,-0.00810043,5,0
A,157,.,.,.,PRO,C,A,157,.,.,.,PRO,O,1170,1171,9.24638,0.43219,1.2326,0,0,1
A,157,.,.,.,PRO,C,A,157,.,.,.,PRO,CB,1170,1172,4.24546,0.521347,2.52046,0,0,0
A,157,.,.,.,PRO,C,A,158,.,.,.,ARG,N,1170,1175,7.7121,0,1.32155,0,1,1
A,157,.,.,.,PRO,C,A,158,.,.,.,ARG,CA,1170,1176,1.85364,0,2.43706,0,1,0
A,157,.,.,.,PRO,C,A,158,.,.,.,ARG,C,1170,1177,1.45075,0.467365,3.35589,0,1,0
A,157,.,.,.,PRO,C,A,158,.,.,.,ARG,CG,1170,1180,0.599616,0,3.95359,0,1,0
A,157,.,.,.,PRO,O,A,157,.,.,.,PRO,CB,1171,1172,2.96018,2.60583,3.19021,0,0,0
A,157,.,.,.,PRO,O,A,157,.,.,.,PRO,CD,1171,1174,1.91393,1.31753,3.73493,0,0,0
A,157,.,.,.,PRO,O,A,158,.,.,.,ARG,CA,1171,1176,6.92031,2.31358,2.78378,0,1,0
A,157,.,.,.,PRO,O,A,158,.,.,.,ARG,C,1171,1177,0.327047,0.194939,3.68209,0,1,0
A,157,.,.,.,PRO,O,A,158,.,.,.,ARG,CG,1171,1180,1.76213,1.78438,4.20126,0,1,0
A,157,.,.,.,PRO,O,A,159,.,.,.,LYS,N,1171,1186,2.04283,3.28103,4.18787,1.99886,2,0
A,157,.,.,.,PRO,CB,A,157,.,.,.,PRO,CG,1172,1173,16.8446,6.28164,1.50336,0,0,1
A,157,.,.,.,PRO,CB,A,157,.,.,.,PRO,CD,1172,1174,2.62701,0.97871,2.38584,0,0,0
A,157,.,.,.,PRO,CB,A,158,.,.,.,ARG,N,1172,1175,2.20118,0,3.29056,0,1,0
A,157,.,.,.,PRO,CB,A,158,.,.,.,ARG,C,1172,1177,1.04124,1.3951,4.8721,0,1,0
A,157,.,.,.,PRO,CB,A,158,.,.,.,ARG,O,1172,1178,2.20102,1.69387,4.77795,0,1,0
A,157,.,.,.,PRO,CB,A,161,.,.,.,LEU,O,1172,1206,2.37606,1.31893,5.37972,0.0844453,4,0
A,157,.,.,.,PRO,CB,A,163,.,.,.,ARG,N,1172,1218,1.05216,1.17094,5.42629,0.853516,5,0
A,157,.,.,.,PRO,CB,A,163,.,.,.,ARG,CB,1172,1222,7.5079,1.65504,4.34888,-1.73011,5,0
A,157,.,.,.,PRO,CG,A,157,.,.,.,PRO,CD,1173,1174,19.7262,7.43666,1.5038,0,0,1
A,157,.,.,.,PRO,CG,A,163,.,.,.,ARG,CB,1173,1222,5.46584,2.87057,4.5037,-1.57709,5,0
A,157,.,.,.,PRO,CG,A,163,.,.,.,ARG,CG,1173,1223,3.86445,2.93141,4.88802,-0.659121,5,0
A,157,.,.,.,PRO,CG,A,163,.,.,.,ARG,NE,1173,1225,0.244255,0.0807447,4.8383,-0.222718,5,0
A,157,.,.,.,PRO,CG,A,163,.,.,.,ARG,CZ,1173,1226,1.02464,0,4.57459,-1.26428,5,0
A,157,.,.,.,PRO,CG,A,163,.,.,.,ARG,NH2,1173,1228,0.827877,0.341815,4.42574,-0.484638,5,0
A,157,.,.,.,PRO,CD,A,163,.,.,.,ARG,NH2,1174,1228,3.71915,2.01631,4.02044,-0.153713,5,0
A,158,.,.,.,ARG,N,A,158,.,.,.,ARG,CA,1175,1176,6.6472,0,1.45415,0,0,1
A,158,.,.,.,ARG,N,A,158,.,.,.,ARG,C,1175,1177,1.46629,0,2.42831,0,0,0
A,158,.,.,.,ARG,N,A,158,.,.,.,ARG,O,1175,1178,3.46363,0,2.79117,0,0,0
A,158,.,.,.,ARG,N,A,158,.,.,.,ARG,CB,1175,1179,4.14175,0,2.45154,0,0,0
A,158,.,.,.,ARG,N,A,158,.,.,.,ARG,CG,1175,1180,2.18128,0,3.16301,0,0,0
A,158,.,.,.,ARG,N,A,158,.,.,.,ARG,CD,1175,1181,0.135355,0,4.12108,0,0,0
A,158,.,.,.,ARG,N,A,161,.,.,.,LEU,O,1175,1206,2.4214,0,4.41238,2.44755,3,0
A,158,.,.,.,ARG,N,A,161,.,.,.,LEU,CB,1175,1207,0.610699,0,5.32152,0.685394,3,0
A,158,.,.,.,ARG,N,A,163,.,.,.,ARG,CB,1175,1222,0.0788238,0,5.84003,0.114748,5,0
A,158,.,.,.,ARG,N,A,163,.,.,.,ARG,NH1,1175,1227,3.54218,0,4.19665,3.23793,5,0
A,158,.,.,.,ARG,CA,A,158,.,.,.,ARG,C,1176,1177,6.99258,0,1.51679,0,0,1
A,158,.,.,.,ARG,CA,A,158,.,.,.,ARG,O,1176,1178,0.624429,0,2.38933,0,0,0
A,158,.,.,.,ARG,CA,A,158,.,.,.,ARG,CB,1176,1179,8.6465,0.225335,1.52427,0,0,1
A,158,.,.,.,ARG,CA,A,158,.,.,.,ARG,CG,1176,1180,6.30715,2.77715,2.52341,0,0,0
A,158,.,.,.,ARG,CA,A,159,.,.,.,LYS,N,1176,1186,7.38462,3.08414,2.42688,0,1,0
A,158,.,.,.,ARG,C,A,158,.,.,.,ARG,O,1177,1178,8.59195,0.451953,1.23321,0,0,1
A,158,.,.,.,ARG,C,A,158,.,.,.,ARG,CB,1177,1179,2.63307,0,2.48102,0,0,0
A,158,.,.,.,ARG,C,A,159,.,.,.,LYS,N,1177,1186,8.04794,0.554507,1.33648,0,1,1
A,158,.,.,.,ARG,C,A,159,.,.,.,LYS,CA,1177,1187,2.98837,1.54409,2.41489,0,1,0
A,158,.,.,.,ARG,C,A,159,.,.,.,LYS,C,1177,1188,0.148891,0,2.99426,0,1,0
A,158,.,.,.,ARG,C,A,160,.,.,.,ASP,N,1177,1195,1.68206,0,3.10626,5.45498,2,0
A,158,.,.,.,ARG,C,A,160,.,.,.,ASP,OD2,1177,1202,0.0770015,0,3.87406,0.171505,2,0
A,158,.,.,.,ARG,C,A,161,.,.,.,LEU,N,1177,1203,0.149609,0,3.82147,0.307956,3,0
A,158,.,.,.,ARG,O,A,158,.,.,.,ARG,CB,1178,1179,1.21861,0,3.09359,0,0,0
A,158,.,.,.,ARG,O,A,159,.,.,.,LYS,CA,1178,1187,4.06963,2.36024,2.74515,0,1,0
A,158,.,.,.,ARG,O,A,159,.,.,.,LYS,C,1178,1188,2.40403,0,2.87022,0,1,0
A,158,.,.,.,ARG,O,A,159,.,.,.,LYS,O,1178,1189,0.553382,0.326917,3.52099,0,1,0
A,158,.,.,.,ARG,O,A,160,.,.,.,ASP,N,1178,1195,0.434562,0,3.08484,0.287755,2,0
A,158,.,.,.,ARG,O,A,161,.,.,.,LEU,N,1178,1203,3.62733,0,3.01856,-3.2755,3,0
A,158,.,.,.,ARG,O,A,161,.,.,.,LEU,CA,1178,1204,0.0658431,0,3.74589,0.0458787,3,0
A,158,.,.,.,ARG,O,A,161,.,.,.,LEU,O,1178,1206,10.2206,2.46716,2.68285,8.40028,3,0
A,158,.,.,.,ARG,O,A,161,.,.,.,LEU,CB,1178,1207,0.592766,0,4.20087,-0.1008,3,0
A,158,.,.,.,ARG,CB,A,158,.,.,.,ARG,CG,1179,1180,10.9204,0.882574,1.49946,0,0,1
A,158,.,.,.,ARG,CB,A,158,.,.,.,ARG,CD,1179,1181,3.75136,0,2.46544,0,0,0
A,158,.,.,.,ARG,CB,A,158,.,.,.,ARG,NE,1179,1182,2.44021,0,2.88998,0,0,0
A,158,.,.,.,ARG,CB,A,158,.,.,.,ARG,CZ,1179,1183,0.381537,0,3.77926,0,0,0
A,158,.,.,.,ARG,CB,A,159,.,.,.,LYS,N,1179,1186,1.1865,0.514021,3.30765,0,1,0
A,158,.,.,.,ARG,CB,A,160,.,.,.,ASP,N,1179,1195,0.236084,0,4.29422,0.189622,2,0
A,158,.,.,.,ARG,CB,A,160,.,.,.,ASP,CG,1179,1200,0.5794,0,4.29667,-0.748608,2,0
A,158,.,.,.,ARG,CB,A,160,.,.,.,ASP,OD2,1179,1202,6.74561,0.528976,3.47895,-2.9586,2,0
A,158,.,.,.,ARG,CB,A,161,.,.,.,LEU,N,1179,1203,1.3195,0,4.41296,2.46792,3,0
A,158,.,.,.,ARG,CB,A,161,.,.,.,LEU,CB,1179,1207,3.93812,0,4.51404,-1.67156,3,0
A,158,.,.,.,ARG,CB,A,161,.,.,.,LEU,CD2,1179,1210,2.89608,0,4.2548,-2.43806,3,0
A,158,.,.,.,ARG,CB,A,163,.,.,.,ARG,NH1,1179,1227,4.94275e-05,0,5.37697,7.95945e-06,5,0
A,158,.,.,.,ARG,CG,A,158,.,.,.,ARG,CD,1180,1181,14.8244,2.92073,1.50701,0,0,1
A,158,.,.,.,ARG,CG,A,158,.,.,.,ARG,NE,1180,1182,0.509132,0,2.45202,0,0,0
A,158,.,.,.,ARG,CG,A,158,.,.,.,ARG,CZ,1180,1183,1.64285,0,3.21762,0,0,0
A,158,.,.,.,ARG,CG,A,158,.,.,.,ARG,NH1,1180,1184,6.87124,4.85937,3.32533,0,0,0
A,158,.,.,.,ARG,CG,A,160,.,.,.,ASP,OD2,1180,1202,1.19078,1.32788,4.25765,-0.913117,2,0
A,158,.,.,.,ARG,CG,A,163,.,.,.,ARG,NH1,1180,1227,0.0300609,0,5.3907,-0.000212327,5,0
A,158,.,.,.,ARG,CD,A,158,.,.,.,ARG,NE,1181,1182,8.94366,0,1.45696,0,0,1
A,158,.,.,.,ARG,CD,A,158,.,.,.,ARG,CZ,1181,1183,2.73408,1.13656,2.46436,0,0,0
A,158,.,.,.,ARG,CD,A,158,.,.,.,ARG,NH1,1181,1184,6.43216,3.84444,2.81008,0,0,0
A,158,.,.,.,ARG,CD,A,161,.,.,.,LEU,CB,1181,1207,0.000673431,0,5.28821,-3.2143e-05,3,0
A,158,.,.,.,ARG,CD,A,161,.,.,.,LEU,CD2,1181,1210,0.831239,0,4.15644,-0.2412,3,0
A,158,.,.,.,ARG,CD,A,163,.,.,.,ARG,NH1,1181,1227,2.27463,0.79031,5.14254,-0.66986,5,0
A,158,.,.,.,ARG,NE,A,158,.,.,.,ARG,CZ,1182,1183,10.2832,0,1.32782,0,0,1
A,158,.,.,.,ARG,NE,A,158,.,.,.,ARG,NH2,1182,1185,0.170128,0,2.30213,0,0,0
A,158,.,.,.,ARG,NE,A,160,.,.,.,ASP,CG,1182,1200,0.0930266,0,4.43385,-0.255543,2,0
A,158,.,.,.,ARG,NE,A,160,.,.,.,ASP,OD1,1182,1201,0.008591,0,3.96095,-0.0110966,2,0
A,158,.,.,.,ARG,NE,A,160,.,.,.,ASP,OD2,1182,1202,0.0214353,0,4.14499,-0.0276869,2,0
A,158,.,.,.,ARG,NE,A,161,.,.,.,LEU,CD2,1182,1210,7.35026,0,3.0819,-1.40207,3,0
A,158,.,.,.,ARG,CZ,A,158,.,.,.,ARG,NH1,1183,1184,14.5558,3.39472,1.32663,0,0,1
A,158,.,.,.,ARG,CZ,A,158,.,.,.,ARG,NH2,1183,1185,15.6031,1.56486,1.32823,0,0,1
A,158,.,.,.,ARG,CZ,A,160,.,.,.,ASP,CG,1183,1200,0.195523,0,4.28618,-0.298356,2,0
A,158,.,.,.,ARG,CZ,A,160,.,.,.,ASP,OD1,1183,1201,0.416994,0,3.65094,-0.590938,2,0
A,158,.,.,.,ARG,CZ,A,160,.,.,.,ASP,OD2,1183,1202,3.21473,0.267848,4.06858,1.48254,2,0
A,158,.,.,.,ARG,CZ,A,161,.,.,.,LEU,CD2,1183,1210,0.103058,0,3.68032,-0.100423,3,0
A,158,.,.,.,ARG,NH1,A,158,.,.,.,ARG,NH2,1184,1185,5.96378,5.93064,2.30022,0,0,0
A,158,.,.,.,ARG,NH1,A,160,.,.,.,ASP,OD2,1184,1202,0.793529,1.83454,4.63368,-0.695501,2,0
A,158,.,.,.,ARG,NH2,A,160,.,.,.,ASP,CG,1185,1200,0.333749,0.477134,3.8798,-0.79005,2,0
A,158,.,.,.,ARG,NH2,A,160,.,.,.,ASP,OD1,1185,1201,11.0901,5.52164,2.94233,-18.1531,2,0
A,158,.,.,.,ARG,NH2,A,160,.,.,.,ASP,OD2,1185,1202,0.235646,0.291779,4.03773,-0.206536,2,0
A,158,.,.,.,ARG,NH2,A,161,.,.,.,LEU,CD2,1185,1210,8.94034,4.49051,3.38685,-2.63894,3,0
A,159,.,.,.,LYS,N,A,159,.,.,.,LYS,CA,1186,1187,9.02513,1.78118,1.45927,0,0,1
A,159,.,.,.,LYS,N,A,159,.,.,.,LYS,C,1186,1188,0.0107245,0,2.46529,0,0,0
A,159,.,.,.,LYS,N,A,159,.,.,.,LYS,CB,1186,1190,6.51199,4.23318,2.4621,0,0,0
A,159,.,.,.,LYS,N,A,159,.,.,.,LYS,CG,1186,1191,2.83498,1.58369,3.26021,0,0,0
A,159,.,.,.,LYS,N,A,160,.,.,.,ASP,N,1186,1195,1.79925,0,2.76191,0,1,0
A,159,.,.,.,LYS,N,A,160,.,.,.,ASP,OD2,1186,1202,2.76308,0.911558,3.67523,0,1,0
A,159,.,.,.,LYS,CA,A,159,.,.,.,LYS,C,1187,1188,6.80201,0,1.52408,0,0,1
A,159,.,.,.,LYS,CA,A,159,.,.,.,LYS,O,1187,1189,5.2818,3.45571,2.39206,0,0,0
A,159,.,.,.,LYS,CA,A,159,.,.,.,LYS,CB,1187,1190,14.6736,5.36955,1.53196,0,0,1
A,159,.,.,.,LYS,CA,A,159,.,.,.,LYS,CG,1187,1191,0.836611,0,2.55136,0,0,0
A,159,.,.,.,LYS,CA,A,160,.,.,.,ASP,N,1187,1195,0.655721,0,2.45515,0,1,0
A,159,.,.,.,LYS,C,A,159,.,.,.,LYS,O,1188,1189,9.2635,0,1.23511,0,0,1
A,159,.,.,.,LYS,C,A,159,.,.,.,LYS,CB,1188,1190,0.764752,0,2.5114,0,0,0
A,159,.,.,.,LYS,C,A,159,.,.,.,LYS,CG,1188,1191,3.2485,0,2.82358,0,0,0
A,159,.,.,.,LYS,C,A,160,.,.,.,ASP,N,1188,1195,5.94685,0,1.33782,0,1,1
A,159,.,.,.,LYS,C,A,160,.,.,.,ASP,CA,1188,1196,1.89207,0,2.44137,0,1,0
A,159,.,.,.,LYS,C,A,160,.,.,.,ASP,C,1188,1197,0.024621,0,3.25426,0,1,0
A,159,.,.,.,LYS,C,A,161,.,.,.,LEU,N,1188,1203,1.17061,0,3.333,2.70656,2,0
A,159,.,.,.,LYS,C,A,161,.,.,.,LEU,O,1188,1206,0.00122274,0,4.51118,0.00199016,2,0
A,159,.,.,.,LYS,O,A,159,.,.,.,LYS,CB,1189,1190,2.76406,2.48119,3.19101,0,0,0
A,159,.,.,.,LYS,O,A,159,.,.,.,LYS,CG,1189,1191,2.17532,2.42364,3.53869,0,0,0
A,159,.,.,.,LYS,O,A,160,.,.,.,ASP,CA,1189,1196,4.24526,0.953012,2.76502,0,1,0
A,159,.,.,.,LYS,O,A,160,.,.,.,ASP,C,1189,1197,0.816692,0,3.32423,0,1,0
A,159,.,.,.,LYS,O,A,161,.,.,.,LEU,N,1189,1203,1.30178,0,3.53446,1.82569,2,0
A,159,.,.,.,LYS,O,A,161,.,.,.,LEU,C,1189,1205,0.180869,0,4.81514,0.328995,2,0
A,159,.,.,.,LYS,O,A,161,.,.,.,LEU,O,1189,1206,1.53312,1.23244,4.50213,1.84504,2,0
A,159,.,.,.,LYS,CB,A,159,.,.,.,LYS,CG,1190,1191,10.311,0.596101,1.51585,0,0,1
A,159,.,.,.,LYS,CB,A,159,.,.,.,LYS,CD,1190,1192,6.48242,3.98706,2.51379,0,0,0
A,159,.,.,.,LYS,CB,A,159,.,.,.,LYS,CE,1190,1193,8.63746,6.47634,3.12152,0,0,0
A,159,.,.,.,LYS,CG,A,159,.,.,.,LYS,CD,1191,1192,17.9782,8.42631,1.51485,0,0,1
A,159,.,.,.,LYS,CG,A,159,.,.,.,LYS,CE,1191,1193,6.28034,3.86335,2.49737,0,0,0
A,159,.,.,.,LYS,CG,A,160,.,.,.,ASP,N,1191,1195,3.52067,0,3.14021,0,1,0
A,159,.,.,.,LYS,CG,A,160,.,.,.,ASP,CA,1191,1196,2.24256,1.58328,4.15881,0,1,0
A,159,.,.,.,LYS,CG,A,160,.,.,.,ASP,CB,1191,1199,4.25925,3.60591,4.59,0,1,0
A,159,.,.,.,LYS,CG,A,160,.,.,.,ASP,OD2,1191,1202,4.82507,3.4478,4.20118,0,1,0
A,159,.,.,.,LYS,CD,A,159,.,.,.,LYS,CE,1192,1193,13.9023,3.9792,1.51078,0,0,1
A,159,.,.,.,LYS,CD,A,159,.,.,.,LYS,NZ,1192,1194,9.6105,7.61811,2.46786,0,0,0
A,159,.,.,.,LYS,CE,A,159,.,.,.,LYS,NZ,1193,1194,21.5647,11.9886,1.48885,0,0,1
A,160,.,.,.,ASP,N,A,160,.,.,.,ASP,CA,1195,1196,6.74319,0,1.4599,0,0,1
A,160,.,.,.,ASP,N,A,160,.,.,.,ASP,CB,1195,1199,1.35263,0,2.45145,0,0,0
A,160,.,.,.,ASP,N,A,160,.,.,.,ASP,CG,1195,1200,0.563945,0,2.82205,0,0,0
A,160,.,.,.,ASP,N,A,160,.,.,.,ASP,OD2,1195,1202,4.15801,0,2.56258,0,0,0
A,160,.,.,.,ASP,N,A,161,.,.,.,LEU,N,1195,1203,2.24834,0,2.76835,0,1,0
A,160,.,.,.,ASP,CA,A,160,.,.,.,ASP,C,1196,1197,7.5127,0,1.527,0,0,1
A,160,.,.,.,ASP,CA,A,160,.,.,.,ASP,O,1196,1198,2.64992,0.631373,2.38842,0,0,0
A,160,.,.,.,ASP,CA,A,160,.,.,.,ASP,CB,1196,1199,13.673,3.92131,1.53312,0,0,1
A,160,.,.,.,ASP,CA,A,160,.,.,.,ASP,CG,1196,1200,0.819763,0,2.54163,0,0,0
A,160,.,.,.,ASP,CA,A,161,.,.,.,LEU,N,1196,1203,0.778986,0,2.46269,0,1,0
A,160,.,.,.,ASP,C,A,160,.,.,.,ASP,O,1197,1198,7.39787,0,1.23883,0,0,1
A,160,.,.,.,ASP,C,A,160,.,.,.,ASP,CB,1197,1199,2.20847,0,2.50107,0,0,0
A,160,.,.,.,ASP,C,A,160,.,.,.,ASP,CG,1197,1200,0.665135,0,3.21588,0,0,0
A,160,.,.,.,ASP,C,A,161,.,.,.,LEU,N,1197,1203,7.99242,0,1.33377,0,1,1
A,160,.,.,.,ASP,C,A,161,.,.,.,LEU,CA,1197,1204,1.45401,0,2.45023,0,1,0
A,160,.,.,.,ASP,C,A,161,.,.,.,LEU,CG,1197,1208,0.0118659,0,3.95474,0,1,0
A,160,.,.,.,ASP,C,A,161,.,.,.,LEU,CD1,1197,1209,1.62783,0,3.58827,0,1,0
A,160,.,.,.,ASP,C,A,161,.,.,.,LEU,CD2,1197,1210,0.264289,0,4.22094,0,1,0
A,160,.,.,.,ASP,O,A,160,.,.,.,ASP,CB,1198,1199,5.11421,3.41937,3.01457,0,0,0
A,160,.,.,.,ASP,O,A,161,.,.,.,LEU,CA,1198,1204,2.56443,0,2.78939,0,1,0
A,160,.,.,.,ASP,O,A,161,.,.,.,LEU,CD1,1198,1209,7.16459,2.07878,3.25324,0,1,0
A,160,.,.,.,ASP,CB,A,160,.,.,.,ASP,CG,1199,1200,12.8319,3.62248,1.5201,0,0,1
A,160,.,.,.,ASP,CB,A,160,.,.,.,ASP,OD1,1199,1201,5.8753,3.75083,2.38118,0,0,0
A,160,.,.,.,ASP,CB,A,160,.,.,.,ASP,OD2,1199,1202,1.3642,0.296728,2.3869,0,0,0
A,160,.,.,.,ASP,CB,A,161,.,.,.,LEU,CD1,1199,1209,1.60676,1.05365,4.7835,0,1,0
A,160,.,.,.,ASP,CG,A,160,.,.,.,ASP,OD1,1200,1201,13.174,3.24811,1.24535,0,0,1
A,160,.,.,.,ASP,CG,A,160,.,.,.,ASP,OD2,1200,1202,13.3139,3.54561,1.2501,0,0,1
A,160,.,.,.,ASP,CG,A,161,.,.,.,LEU,N,1200,1203,1.02467,0,3.69195,0,1,0
A,160,.,.,.,ASP,CG,A,161,.,.,.,LEU,CD1,1200,1209,0.00775878,0,4.71651,0,1,0
A,160,.,.,.,ASP,CG,A,161,.,.,.,LEU,CD2,1200,1210,2.06655,0,3.90188,0,1,0
A,160,.,.,.,ASP,OD1,A,161,.,.,.,LEU,CD1,1201,1209,2.55423,1.8591,4.22671,0,1,0
A,160,.,.,.,ASP,OD1,A,161,.,.,.,LEU,CD2,1201,1210,6.13504,0.894612,3.25118,0,1,0
A,160,.,.,.,ASP,OD2,A,161,.,.,.,LEU,N,1202,1203,0.0023516,0,3.97662,0,1,0
A,161,.,.,.,LEU,N,A,161,.,.,.,LEU,CA,1203,1204,7.2041,0,1.45801,0,0,1
A,161,.,.,.,LEU,N,A,161,.,.,.,LEU,C,1203,1205,1.9136,0,2.4392,0,0,0
A,161,.,.,.,LEU,N,A,161,.,.,.,LEU,O,1203,1206,1.3531,0,2.79175,0,0,0
A,161,.,.,.,LEU,N,A,161,.,.,.,LEU,CB,1203,1207,2.24367,0,2.48827,0,0,0
A,161,.,.,.,LEU,N,A,161,.,.,.,LEU,CG,1203,1208,0.241626,0,3.3842,0,0,0
A,161,.,.,.,LEU,N,A,161,.,.,.,LEU,CD1,1203,1209,0.0641322,0,3.49018,0,0,0
A,161,.,.,.,LEU,N,A,161,.,.,.,LEU,CD2,1203,1210,1.13076,0,3.76417,0,0,0
A,161,.,.,.,LEU,CA,A,161,.,.,.,LEU,C,1204,1205,7.0796,0,1.52034,0,0,1
A,161,.,.,.,LEU,CA,A,161,.,.,.,LEU,O,1204,1206,0.57053,0,2.39697,0,0,0
A,161,.,.,.,LEU,CA,A,161,.,.,.,LEU,CB,1204,1207,7.60598,0,1.54302,0,0,1
A,161,.,.,.,LEU,CA,A,161,.,.,.,LEU,CG,1204,1208,0.0982167,0,2.69842,0,0,0
A,161,.,.,.,LEU,CA,A,161,.,.,.,LEU,CD1,1204,1209,3.26418,0,2.915,0,0,0
A,161,.,.,.,LEU,CA,A,162,.,.,.,VAL,N,1204,1211,2.39877,0,2.39545,0,1,0
A,161,.,.,.,LEU,C,A,161,.,.,.,LEU,O,1205,1206,9.7946,0.430047,1.23109,0,0,1
A,161,.,.,.,LEU,C,A,161,.,.,.,LEU,CB,1205,1207,3.1992,0,2.48219,0,0,0
A,161,.,.,.,LEU,C,A,162,.,.,.,VAL,N,1205,1211,7.42989,0,1.30689,0,1,1
A,161,.,.,.,LEU,C,A,162,.,.,.,VAL,CA,1205,1212,2.14265,0,2.40143,0,1,0
A,161,.,.,.,LEU,C,A,162,.,.,.,VAL,C,1205,1213,1.39451,0,3.11266,0,1,0
A,161,.,.,.,LEU,C,A,162,.,.,.,VAL,O,1205,1214,0.00104405,0,3.50241,0,1,0
A,161,.,.,.,LEU,C,A,162,.,.,.,VAL,CG2,1205,1217,0.688695,0.345866,3.95064,0,1,0
A,161,.,.,.,LEU,O,A,161,.,.,.,LEU,CB,1206,1207,2.05387,0,3.13103,0,0,0
A,161,.,.,.,LEU,O,A,162,.,.,.,VAL,CA,1206,1212,5.8085,3.07108,2.72386,0,1,0
A,161,.,.,.,LEU,O,A,162,.,.,.,VAL,C,1206,1213,0.68811,0,3.24709,0,1,0
A,161,.,.,.,LEU,O,A,162,.,.,.,VAL,CG2,1206,1217,0.00139281,0.069596,4.48363,0,1,0
A,161,.,.,.,LEU,O,A,163,.,.,.,ARG,N,1206,1218,5.0178,1.11133,3.53553,5.07199,2,0
A,161,.,.,.,LEU,O,A,163,.,.,.,ARG,CB,1206,1222,0.236259,0,5.17039,-0.0500521,2,0
A,161,.,.,.,LEU,CB,A,161,.,.,.,LEU,CG,1207,1208,10.3884,0,1.53195,0,0,1
A,161,.,.,.,LEU,CB,A,161,.,.,.,LEU,CD1,1207,1209,0.445803,0,2.48903,0,0,0
A,161,.,.,.,LEU,CB,A,161,.,.,.,LEU,CD2,1207,1210,3.88248,0,2.4792,0,0,0
A,161,.,.,.,LEU,CB,A,162,.,.,.,VAL,N,1207,1211,1.29064,0,3.20238,0,1,0
A,161,.,.,.,LEU,CB,A,162,.,.,.,VAL,C,1207,1213,0.115361,0,4.56831,0,1,0
A,161,.,.,.,LEU,CB,A,162,.,.,.,VAL,O,1207,1214,0.851571,0,4.38395,0,1,0
A,161,.,.,.,LEU,CG,A,161,.,.,.,LEU,CD1,1208,1209,12.8968,0.822458,1.49374,0,0,1
A,161,.,.,.,LEU,CG,A,161,.,.,.,LEU,CD2,1208,1210,13.2008,0.524649,1.49677,0,0,1
A,161,.,.,.,LEU,CD1,A,161,.,.,.,LEU,CD2,1209,1210,7.19317,3.22475,2.44857,0,0,0
A,162,.,.,.,VAL,N,A,162,.,.,.,VAL,CA,1211,1212,5.89706,0,1.46648,0,0,1
A,162,.,.,.,VAL,N,A,162,.,.,.,VAL,C,1211,1213,0.89641,0,2.39799,0,0,0
A,162,.,.,.,VAL,N,A,162,.,.,.,VAL,O,1211,1214,1.96515,0,2.70107,0,0,0
A,162,.,.,.,VAL,N,A,162,.,.,.,VAL,CB,1211,1215,2.27558,0,2.45961,0,0,0
A,162,.,.,.,VAL,N,A,162,.,.,.,VAL,CG2,1211,1217,2.46038,0,2.96153,0,0,0
A,162,.,.,.,VAL,CA,A,162,.,.,.,VAL,C,1212,1213,5.70258,0,1.5152,0,0,1
A,162,.,.,.,VAL,CA,A,162,.,.,.,VAL,O,1212,1214,0.544864,0,2.28111,0,0,0
A,162,.,.,.,VAL,CA,A,162,.,.,.,VAL,CB,1212,1215,7.2015,0,1.52876,0,0,1
A,162,.,.,.,VAL,CA,A,162,.,.,.,VAL,CG1,1212,1216,3.18711,1.46787,2.50661,0,0,0
A,162,.,.,.,VAL,CA,A,162,.,.,.,VAL,CG2,1212,1217,5.27062,2.72621,2.48553,0,0,0
A,162,.,.,.,VAL,CA,A,163,.,.,.,ARG,N,1212,1218,5.19717,1.93443,2.42677,0,1,0
A,162,.,.,.,VAL,C,A,162,.,.,.,VAL,O,1213,1214,7.63234,0,1.14283,0,0,1
A,162,.,.,.,VAL,C,A,162,.,.,.,VAL,CB,1213,1215,1.02919,0,2.51151,0,0,0
A,162,.,.,.,VAL,C,A,162,.,.,.,VAL,CG1,1213,1216,2.40852,0,2.91525,0,0,0
A,162,.,.,.,VAL,C,A,163,.,.,.,ARG,N,1213,1218,7.27882,0,1.30707,0,1,1
A,162,.,.,.,VAL,C,A,163,.,.,.,ARG,CA,1213,1219,1.40944,0,2.40703,0,1,0
A,162,.,.,.,VAL,C,A,163,.,.,.,ARG,C,1213,1220,0.86135,0,3.11817,0,1,0
A,162,.,.,.,VAL,C,A,164,.,.,.,ALA,N,1213,1229,0.180714,0,3.60965,0.336164,2,0
A,162,.,.,.,VAL,O,A,162,.,.,.,VAL,CB,1214,1215,1.22567,0,2.97171,0,0,0
A,162,.,.,.,VAL,O,A,162,.,.,.,VAL,CG1,1214,1216,0.236335,0,3.46084,0,0,0
A,162,.,.,.,VAL,O,A,163,.,.,.,ARG,CA,1214,1219,2.31121,0,2.70887,0,1,0
A,162,.,.,.,VAL,O,A,163,.,.,.,ARG,C,1214,1220,0.00994491,0,3.26751,0,1,0
A,162,.,.,.,VAL,O,A,164,.,.,.,ALA,N,1214,1229,2.91965,0,3.33907,2.0993,2,0
A,162,.,.,.,VAL,CB,A,162,.,.,.,VAL,CG1,1215,1216,9.71862,0,1.49906,0,0,1
A,162,.,.,.,VAL,CB,A,162,.,.,.,VAL,CG2,1215,1217,10.7629,0,1.49863,0,0,1
A,162,.,.,.,VAL,CG1,A,162,.,.,.,VAL,CG2,1216,1217,5.72778,1.81575,2.46533,0,0,0
A,162,.,.,.,VAL,CG1,A,163,.,.,.,ARG,N,1216,1218,3.97367,1.72645,3.41948,0,1,0
A,162,.,.,.,VAL,CG1,A,163,.,.,.,ARG,C,1216,1220,1.97692,0,4.20589,0,1,0
A,162,.,.,.,VAL,CG1,A,163,.,.,.,ARG,O,1216,1221,2.58862,0.602953,4.20437,0,1,0
A,162,.,.,.,VAL,CG1,A,164,.,.,.,ALA,N,1216,1229,0.735625,0,4.62679,0.00979234,2,0
A,162,.,.,.,VAL,CG1,A,164,.,.,.,ALA,CA,1216,1230,0.763269,0,5.1616,-0.344397,2,0
A,162,.,.,.,VAL,CG1,A,164,.,.,.,ALA,CB,1216,1233,0.118814,0,5.52539,-0.000371781,2,0
A,162,.,.,.,VAL,CG1,A,191,.,.,.,PRO,O,1216,1431,6.21842,0,3.27689,-0.442453,5,0
A,162,.,.,.,VAL,CG1,A,192,.,.,.,LYS,CB,1216,1439,6.43605,1.94488,4.19602,-3.33586,5,0
A,162,.,.,.,VAL,CG1,A,192,.,.,.,LYS,CG,1216,1440,0.224543,0,4.91229,0.0108004,5,0
A,162,.,.,.,VAL,CG1,A,193,.,.,.,GLY,N,1216,1444,4.5703,0.90927,3.70687,2.38877,5,0
A,162,.,.,.,VAL,CG1,A,193,.,.,.,GLY,CA,1216,1445,4.40771,1.26746,4.03543,-2.80211,5,0
A,162,.,.,.,VAL,CG2,A,193,.,.,.,GLY,CA,1217,1445,7.99717,5.43693,4.49988,-4.68945,5,0
A,163,.,.,.,ARG,N,A,163,.,.,.,ARG,CA,1218,1219,7.76079,0,1.46536,0,0,1
A,163,.,.,.,ARG,N,A,163,.,.,.,ARG,C,1218,1220,1.24282,0,2.42874,0,0,0
A,163,.,.,.,ARG,N,A,163,.,.,.,ARG,O,1218,1221,2.31596,1.18438,2.92535,0,0,0
A,163,.,.,.,ARG,N,A,163,.,.,.,ARG,CB,1218,1222,7.61778,2.40408,2.48984,0,0,0
A,163,.,.,.,ARG,CA,A,163,.,.,.,ARG,C,1219,1220,5.95725,0,1.51204,0,0,1
A,163,.,.,.,ARG,CA,A,163,.,.,.,ARG,O,1219,1221,0.809109,0,2.29141,0,0,0
A,163,.,.,.,ARG,CA,A,163,.,.,.,ARG,CB,1219,1222,8.31846,0,1.51746,0,0,1
A,163,.,.,.,ARG,CA,A,163,.,.,.,ARG,CG,1219,1223,0.930157,0,2.52061,0,0,0
A,163,.,.,.,ARG,CA,A,163,.,.,.,ARG,CD,1219,1224,2.32794,0,2.97242,0,0,0
A,163,.,.,.,ARG,CA,A,164,.,.,.,ALA,N,1219,1229,2.30164,0,2.40399,0,1,0
A,163,.,.,.,ARG,C,A,163,.,.,.,ARG,O,1220,1221,7.98409,0,1.13312,0,0,1
A,163,.,.,.,ARG,C,A,163,.,.,.,ARG,CB,1220,1222,0.632485,0,2.48856,0,0,0
A,163,.,.,.,ARG,C,A,163,.,.,.,ARG,CG,1220,1223,2.21521,0,2.98963,0,0,0
A,163,.,.,.,ARG,C,A,164,.,.,.,ALA,N,1220,1229,7.31678,0,1.30169,0,1,1
A,163,.,.,.,ARG,C,A,164,.,.,.,ALA,CA,1220,1230,1.68653,0,2.42671,0,1,0
A,163,.,.,.,ARG,C,A,164,.,.,.,ALA,C,1220,1231,0.267574,0,3.17576,0,1,0
A,163,.,.,.,ARG,C,A,164,.,.,.,ALA,O,1220,1232,0.81356,0,3.2001,0,1,0
A,163,.,.,.,ARG,O,A,163,.,.,.,ARG,CB,1221,1222,5.4236,3.32213,2.83937,0,0,0
A,163,.,.,.,ARG,O,A,163,.,.,.,ARG,CG,1221,1223,2.28916,0.893398,3.36728,0,0,0
A,163,.,.,.,ARG,O,A,164,.,.,.,ALA,CA,1221,1230,2.709,0,2.73379,0,1,0
A,163,.,.,.,ARG,O,A,164,.,.,.,ALA,C,1221,1231,1.11491,0,3.31077,0,1,0
A,163,.,.,.,ARG,O,A,164,.,.,.,ALA,O,1221,1232,0.34881,0,3.45343,0,1,0
A,163,.,.,.,ARG,O,A,165,.,.,.,VAL,CG2,1221,1240,3.62704,1.61573,4.63788,0.46042,2,0
A,163,.,.,.,ARG,O,A,192,.,.,.,LYS,CB,1221,1439,1.08288,0.929982,4.29217,0.517807,5,0
A,163,.,.,.,ARG,O,A,192,.,.,.,LYS,CG,1221,1440,8.92602,0.702513,3.58694,5.73833,5,0
A,163,.,.,.,ARG,O,A,192,.,.,.,LYS,CD,1221,1441,0.025148,0,4.58212,0.0190816,5,0
A,163,.,.,.,ARG,O,A,192,.,.,.,LYS,CE,1221,1442,0.824282,2.37846,5.05269,0.418931,5,0
A,163,.,.,.,ARG,CB,A,163,.,.,.,ARG,CG,1222,1223,12.6779,2.24402,1.51426,0,0,1
A,163,.,.,.,ARG,CB,A,163,.,.,.,ARG,CD,1222,1224,2.59719,0,2.39873,0,0,0
A,163,.,.,.,ARG,CB,A,163,.,.,.,ARG,NE,1222,1225,0.000257593,0,3.11618,0,0,0
A,163,.,.,.,ARG,CB,A,163,.,.,.,ARG,CZ,1222,1226,1.21034,0,3.81291,0,0,0
A,163,.,.,.,ARG,CB,A,163,.,.,.,ARG,NH1,1222,1227,1.37739,0,4.07439,0,0,0
A,163,.,.,.,ARG,CG,A,163,.,.,.,ARG,CD,1223,1224,10.3138,1.49096,1.48859,0,0,1
A,163,.,.,.,ARG,CG,A,163,.,.,.,ARG,NE,1223,1225,8.00073,1.95411,2.17107,0,0,0
A,163,.,.,.,ARG,CG,A,163,.,.,.,ARG,CZ,1223,1226,0.318165,0,3.25078,0,0,0
A,163,.,.,.,ARG,CG,A,164,.,.,.,ALA,N,1223,1229,0.423558,0,3.63031,0,1,0
A,163,.,.,.,ARG,CG,A,164,.,.,.,ALA,O,1223,1232,7.15326,1.30207,3.6624,0,1,0
A,163,.,.,.,ARG,CG,A,165,.,.,.,VAL,CG2,1223,1240,1.1327,0.395609,5.7833,-0.0284768,2,0
A,163,.,.,.,ARG,CG,A,255,.,.,.,GLN,CD,1223,1957,1.68018,1.05674,5.3835,-1.64319,5,0
A,163,.,.,.,ARG,CG,A,255,.,.,.,GLN,OE1,1223,1958,10.743,6.45584,4.67447,-2.19866,5,0
A,163,.,.,.,ARG,CD,A,163,.,.,.,ARG,NE,1224,1225,8.50408,0.410797,1.39691,0,0,1
A,163,.,.,.,ARG,CD,A,163,.,.,.,ARG,CZ,1224,1226,2.6222,0,2.42501,0,0,0
A,163,.,.,.,ARG,CD,A,163,.,.,.,ARG,NH1,1224,1227,2.46807,0,2.89347,0,0,0
A,163,.,.,.,ARG,CD,A,164,.,.,.,ALA,N,1224,1229,0.39642,0,3.96122,0,1,0
A,163,.,.,.,ARG,CD,A,164,.,.,.,ALA,O,1224,1232,2.00561,0.312002,4.06735,0,1,0
A,163,.,.,.,ARG,NE,A,163,.,.,.,ARG,CZ,1225,1226,8.53628,0,1.28146,0,0,1
A,163,.,.,.,ARG,NE,A,163,.,.,.,ARG,NH2,1225,1228,5.18822,2.92432,2.18498,0,0,0
A,163,.,.,.,ARG,NE,A,255,.,.,.,GLN,OE1,1225,1958,0.551722,2.08245,5.37741,-0.519112,5,0
A,163,.,.,.,ARG,CZ,A,163,.,.,.,ARG,NH1,1226,1227,11.4345,0,1.29959,0,0,1
A,163,.,.,.,ARG,CZ,A,163,.,.,.,ARG,NH2,1226,1228,10.838,0,1.28832,0,0,1
A,163,.,.,.,ARG,NH1,A,163,.,.,.,ARG,NH2,1227,1228,2.31456,0,2.23992,0,0,0
A,164,.,.,.,ALA,N,A,164,.,.,.,ALA,CA,1229,1230,7.42609,0,1.45901,0,0,1
A,164,.,.,.,ALA,N,A,164,.,.,.,ALA,C,1229,1231,0.151654,0,2.43374,0,0,0
A,164,.,.,.,ALA,N,A,164,.,.,.,ALA,O,1229,1232,2.20796,0,2.64872,0,0,0
A,164,.,.,.,ALA,N,A,164,.,.,.,ALA,CB,1229,1233,4.1931,0,2.39384,0,0,0
A,164,.,.,.,ALA,CA,A,164,.,.,.,ALA,C,1230,1231,7.59371,0,1.51734,0,0,1
A,164,.,.,.,ALA,CA,A,164,.,.,.,ALA,O,1230,1232,0.0724748,0,2.35503,0,0,0
A,164,.,.,.,ALA,CA,A,164,.,.,.,ALA,CB,1230,1233,10.2421,0,1.47796,0,0,1
A,164,.,.,.,ALA,CA,A,165,.,.,.,VAL,N,1230,1234,2.23758,0,2.36618,0,1,0
A,164,.,.,.,ALA,CA,A,190,.,.,.,ASP,O,1230,1423,1.7205,0,3.50602,0.107696,5,0
A,164,.,.,.,ALA,CA,A,191,.,.,.,PRO,CA,1230,1429,0.112342,0,4.46286,0.0454789,5,0
A,164,.,.,.,ALA,CA,A,191,.,.,.,PRO,C,1230,1430,1.05114,0,4.52243,1.96436,5,0
A,164,.,.,.,ALA,CA,A,191,.,.,.,PRO,O,1230,1431,0.845277,0,4.54547,0.416142,5,0
A,164,.,.,.,ALA,CA,A,192,.,.,.,LYS,CG,1230,1440,4.46161,0,4.17264,1.87403,5,0
A,164,.,.,.,ALA,C,A,164,.,.,.,ALA,O,1231,1232,7.96774,0,1.1808,0,0,1
A,164,.,.,.,ALA,C,A,164,.,.,.,ALA,CB,1231,1233,1.66919,0,2.47904,0,0,0
A,164,.,.,.,ALA,C,A,165,.,.,.,VAL,N,1231,1234,6.87587,0,1.29741,0,1,1
A,164,.,.,.,ALA,C,A,165,.,.,.,VAL,CA,1231,1235,1.6445,0,2.41924,0,1,0
A,164,.,.,.,ALA,C,A,165,.,.,.,VAL,CG2,1231,1240,2.46515,0,3.47866,0,1,0
A,164,.,.,.,ALA,C,A,192,.,.,.,LYS,CG,1231,1440,0.0449203,0,4.65865,0.00462284,5,0
A,164,.,.,.,ALA,O,A,165,.,.,.,VAL,CA,1232,1235,3.62061,0,2.76126,0,1,0
A,164,.,.,.,ALA,O,A,165,.,.,.,VAL,CG2,1232,1240,3.36009,0,3.61351,0,1,0
A,164,.,.,.,ALA,O,A,255,.,.,.,GLN,CG,1232,1956,0.852461,0.420239,5.24605,0.34038,5,0
A,164,.,.,.,ALA,O,A,255,.,.,.,GLN,CD,1232,1957,0.579415,0,5.34235,-0.000268152,5,0
A,164,.,.,.,ALA,O,A,255,.,.,.,GLN,OE1,1232,1958,0.0573752,0.169206,5.35735,0.0212837,5,0
A,164,.,.,.,ALA,CB,A,165,.,.,.,VAL,N,1233,1234,3.19498,0,2.98419,0,1,0
A,164,.,.,.,ALA,CB,A,165,.,.,.,VAL,C,1233,1236,0.0142646,0,4.81945,0,1,0
A,164,.,.,.,ALA,CB,A,189,.,.,.,VAL,CG1,1233,1418,6.10392,0,4.76926,-9.22889,5,0
A,164,.,.,.,ALA,CB,A,190,.,.,.,ASP,C,1233,1422,0.0176845,0,4.31821,-0.000202184,5,0
A,164,.,.,.,ALA,CB,A,190,.,.,.,ASP,O,1233,1423,3.09308,0,3.44586,0.694338,5,0
A,164,.,.,.,ALA,CB,A,191,.,.,.,PRO,CA,1233,1429,7.99201,0,3.88713,-0.95045,5,0
A,164,.,.,.,ALA,CB,A,191,.,.,.,PRO,C,1233,1430,0.216076,0,4.38241,-0.038651,5,0
A,164,.,.,.,ALA,CB,A,191,.,.,.,PRO,O,1233,1431,0.91829,0,4.4423,0.478457,5,0
A,165,.,.,.,VAL,N,A,165,.,.,.,VAL,CA,1234,1235,6.66113,0,1.46586,0,0,1
A,165,.,.,.,VAL,N,A,165,.,.,.,VAL,C,1234,1236,2.6212,0,2.43166,0,0,0
A,165,.,.,.,VAL,N,A,165,.,.,.,VAL,O,1234,1237,1.05115,0,2.88079,0,0,0
A,165,.,.,.,VAL,N,A,165,.,.,.,VAL,CB,1234,1238,2.0567,0,2.49436,0,0,0
A,165,.,.,.,VAL,N,A,165,.,.,.,VAL,CG2,1234,1240,1.88324,0,2.97584,0,0,0
A,165,.,.,.,VAL,N,A,189,.,.,.,VAL,CG1,1234,1418,0.471347,0,4.99044,0.12292,5,0
A,165,.,.,.,VAL,N,A,190,.,.,.,ASP,O,1234,1423,5.27457,0,2.95622,-4.71578,5,0
A,165,.,.,.,VAL,N,A,192,.,.,.,LYS,CG,1234,1440,0.891296,0,4.53625,1.4068,5,0
A,165,.,.,.,VAL,CA,A,165,.,.,.,VAL,C,1235,1236,6.01126,0,1.51488,0,0,1
A,165,.,.,.,VAL,CA,A,165,.,.,.,VAL,O,1235,1237,0.555758,0,2.34014,0,0,0
A,165,.,.,.,VAL,CA,A,165,.,.,.,VAL,CB,1235,1238,7.67089,0,1.52779,0,0,1
A,165,.,.,.,VAL,CA,A,165,.,.,.,VAL,CG1,1235,1239,1.39412,0,2.4972,0,0,0
A,165,.,.,.,VAL,CA,A,165,.,.,.,VAL,CG2,1235,1240,1.79865,0,2.53399,0,0,0
A,165,.,.,.,VAL,CA,A,166,.,.,.,SER,N,1235,1241,2.7161,0,2.37468,0,1,0
A,165,.,.,.,VAL,CA,A,190,.,.,.,ASP,O,1235,1423,0.00101078,0,3.90767,0.000943454,5,0
A,165,.,.,.,VAL,CA,A,255,.,.,.,GLN,CG,1235,1956,0.118187,0,4.86468,0.0938385,5,0
A,165,.,.,.,VAL,C,A,165,.,.,.,VAL,O,1236,1237,7.82943,0,1.16616,0,0,1
A,165,.,.,.,VAL,C,A,165,.,.,.,VAL,CB,1236,1238,1.04932,0,2.48438,0,0,0
A,165,.,.,.,VAL,C,A,165,.,.,.,VAL,CG1,1236,1239,2.21505,0,2.89567,0,0,0
A,165,.,.,.,VAL,C,A,166,.,.,.,SER,N,1236,1241,7.74984,0,1.29501,0,1,1
A,165,.,.,.,VAL,C,A,166,.,.,.,SER,CA,1236,1242,1.6025,0,2.40861,0,1,0
A,165,.,.,.,VAL,C,A,166,.,.,.,SER,C,1236,1243,0.341003,0,3.1754,0,1,0
A,165,.,.,.,VAL,C,A,167,.,.,.,ILE,N,1236,1247,0.449718,0,3.59564,0.938521,2,0
A,165,.,.,.,VAL,C,A,189,.,.,.,VAL,CG1,1236,1418,1.84704,0,4.39967,-1.80218,5,0
A,165,.,.,.,VAL,O,A,165,.,.,.,VAL,CB,1237,1238,2.25022,0,2.95019,0,0,0
A,165,.,.,.,VAL,O,A,165,.,.,.,VAL,CG1,1237,1239,0.30854,0,3.4127,0,0,0
A,165,.,.,.,VAL,O,A,166,.,.,.,SER,CA,1237,1242,2.59761,0,2.73194,0,1,0
A,165,.,.,.,VAL,O,A,167,.,.,.,ILE,N,1237,1247,1.4729,0,3.4233,0.90643,2,0
A,165,.,.,.,VAL,O,A,167,.,.,.,ILE,CD1,1237,1254,3.4322,0,3.79802,-0.851528,2,0
A,165,.,.,.,VAL,O,A,189,.,.,.,VAL,CA,1237,1414,2.42568,0,3.59361,-4.34265,5,0
A,165,.,.,.,VAL,O,A,189,.,.,.,VAL,CG1,1237,1418,2.88433,0,3.73846,-1.83366,5,0
A,165,.,.,.,VAL,O,A,190,.,.,.,ASP,N,1237,1420,4.51247,0,2.95999,-4.4874,5,0
A,165,.,.,.,VAL,O,A,190,.,.,.,ASP,CA,1237,1421,0.0148418,0,3.8321,0.00692605,5,0
A,165,.,.,.,VAL,O,A,190,.,.,.,ASP,O,1237,1423,1.29005,0,3.52633,1.2317,5,0
A,165,.,.,.,VAL,O,A,190,.,.,.,ASP,CB,1237,1424,1.27599,0,3.9543,0.440369,5,0
A,165,.,.,.,VAL,CB,A,165,.,.,.,VAL,CG1,1238,1239,10.9568,0,1.49832,0,0,1
A,165,.,.,.,VAL,CB,A,165,.,.,.,VAL,CG2,1238,1240,11.8638,0,1.49088,0,0,1
A,165,.,.,.,VAL,CB,A,167,.,.,.,ILE,CD1,1238,1254,0.917285,0,5.0091,-1.445,2,0
A,165,.,.,.,VAL,CB,A,190,.,.,.,ASP,O,1238,1423,0.781662,0,4.24881,-0.188871,5,0
A,165,.,.,.,VAL,CB,A,190,.,.,.,ASP,CB,1238,1424,5.8379,0,4.54797,-1.22256,5,0
A,165,.,.,.,VAL,CB,A,192,.,.,.,LYS,CG,1238,1440,0.0302994,0,5.12386,-0.00735012,5,0
A,165,.,.,.,VAL,CB,A,192,.,.,.,LYS,CD,1238,1441,0.798892,0,4.7926,-0.168422,5,0
A,165,.,.,.,VAL,CB,A,255,.,.,.,GLN,CG,1238,1956,0.189382,0,4.26288,-0.0567126,5,0
A,165,.,.,.,VAL,CB,A,257,.,.,.,ALA,CA,1238,1971,2.05174,0,4.53103,-1.19026,5,0
A,165,.,.,.,VAL,CB,A,257,.,.,.,ALA,O,1238,1973,0.0456928,0,5.18452,-0.0421942,5,0
A,165,.,.,.,VAL,CB,A,257,.,.,.,ALA,CB,1238,1974,0.309228,0,5.12555,-0.341171,5,0
A,165,.,.,.,VAL,CG1,A,165,.,.,.,VAL,CG2,1239,1240,3.03252,0,2.47762,0,0,0
A,165,.,.,.,VAL,CG1,A,166,.,.,.,SER,N,1239,1241,1.35976,0,3.39172,0,1,0
A,165,.,.,.,VAL,CG1,A,166,.,.,.,SER,C,1239,1243,2.0321,0,4.09573,0,1,0
A,165,.,.,.,VAL,CG1,A,166,.,.,.,SER,O,1239,1244,0.780896,0,4.30197,0,1,0
A,165,.,.,.,VAL,CG1,A,167,.,.,.,ILE,N,1239,1247,1.01647,0,4.28047,0.335747,2,0
A,165,.,.,.,VAL,CG1,A,167,.,.,.,ILE,CA,1239,1248,1.37886,0,4.74396,0.0709183,2,0
A,165,.,.,.,VAL,CG1,A,167,.,.,.,ILE,CG1,1239,1252,4.62398,0,4.44577,-7.82535,2,0
A,165,.,.,.,VAL,CG1,A,167,.,.,.,ILE,CD1,1239,1254,1.60904,0,4.65176,-3.19078,2,0
A,165,.,.,.,VAL,CG1,A,255,.,.,.,GLN,O,1239,1954,4.00458,0,4.24106,0.27868,5,0
A,165,.,.,.,VAL,CG1,A,255,.,.,.,GLN,CB,1239,1955,0.0269032,0,4.81703,0.00608512,5,0
A,165,.,.,.,VAL,CG1,A,255,.,.,.,GLN,CG,1239,1956,4.96026,0,3.80544,-1.96143,5,0
A,165,.,.,.,VAL,CG1,A,256,.,.,.,HIS,C,1239,1962,1.32357,0,4.47073,0.409867,5,0
A,165,.,.,.,VAL,CG1,A,256,.,.,.,HIS,O,1239,1963,0.502955,0,4.28082,-0.0731363,5,0
A,165,.,.,.,VAL,CG1,A,257,.,.,.,ALA,N,1239,1970,1.5764,0,4.36014,0.0209844,5,0
A,165,.,.,.,VAL,CG1,A,257,.,.,.,ALA,CA,1239,1971,4.27607,0,4.08733,-3.22165,5,0
A,165,.,.,.,VAL,CG1,A,257,.,.,.,ALA,CB,1239,1974,2.40032,0,4.55961,-0.00751087,5,0
A,165,.,.,.,VAL,CG2,A,192,.,.,.,LYS,CG,1240,1440,2.21328,0,4.45373,0.290301,5,0
A,165,.,.,.,VAL,CG2,A,192,.,.,.,LYS,CD,1240,1441,8.53944,0,4.04145,-2.23615,5,0
A,165,.,.,.,VAL,CG2,A,192,.,.,.,LYS,CE,1240,1442,2.62574,1.95413,4.831,0.90884,5,0
A,165,.,.,.,VAL,CG2,A,255,.,.,.,GLN,CG,1240,1956,4.44421,0,3.73327,-1.7907,5,0
A,165,.,.,.,VAL,CG2,A,255,.,.,.,GLN,CD,1240,1957,4.26857,0.292924,3.92604,-2.8582,5,0
A,165,.,.,.,VAL,CG2,A,255,.,.,.,GLN,NE2,1240,1959,6.19524,2.55533,3.80283,-0.703977,5,0
A,165,.,.,.,VAL,CG2,A,256,.,.,.,HIS,O,1240,1963,5.03604,0.0303667,3.83038,-0.125762,5,0
A,165,.,.,.,VAL,CG2,A,257,.,.,.,ALA,CA,1240,1971,2.35658,0,4.45463,-1.95688,5,0
A,165,.,.,.,VAL,CG2,A,257,.,.,.,ALA,O,1240,1973,1.44322,0,4.68829,-0.613391,5,0
A,166,.,.,.,SER,N,A,166,.,.,.,SER,CA,1241,1242,7.28742,0,1.45808,0,0,1
A,166,.,.,.,SER,N,A,166,.,.,.,SER,C,1241,1243,1.66412,0,2.40781,0,0,0
A,166,.,.,.,SER,N,A,166,.,.,.,SER,O,1241,1244,0.121796,0,3.01989,0,0,0
A,166,.,.,.,SER,N,A,166,.,.,.,SER,CB,1241,1245,2.99595,0,2.45188,0,0,0
A,166,.,.,.,SER,N,A,189,.,.,.,VAL,CG1,1241,1418,0.224241,0,4.77785,0.0996322,5,0
A,166,.,.,.,SER,CA,A,166,.,.,.,SER,C,1242,1243,6.62752,0,1.5264,0,0,1
A,166,.,.,.,SER,CA,A,166,.,.,.,SER,O,1242,1244,0.505774,0,2.39928,0,0,0
A,166,.,.,.,SER,CA,A,166,.,.,.,SER,CB,1242,1245,10.4825,0,1.52912,0,0,1
A,166,.,.,.,SER,CA,A,166,.,.,.,SER,OG,1242,1246,1.01476,0,2.43106,0,0,0
A,166,.,.,.,SER,CA,A,167,.,.,.,ILE,N,1242,1247,3.36334,0,2.42441,0,1,0
A,166,.,.,.,SER,CA,A,168,.,.,.,GLN,N,1242,1255,0.000166038,0,4.36682,0.000196933,2,0
A,166,.,.,.,SER,CA,A,169,.,.,.,THR,CG2,1242,1270,0.569876,0,4.4035,0.0784491,3,0
A,166,.,.,.,SER,CA,A,188,.,.,.,GLN,O,1242,1407,1.11803,0,4.07525,0.717303,5,0
A,166,.,.,.,SER,CA,A,189,.,.,.,VAL,CA,1242,1414,1.21587,0,4.53219,0.41878,5,0
A,166,.,.,.,SER,CA,A,189,.,.,.,VAL,CB,1242,1417,0.109025,0,4.72332,-0.00164193,5,0
A,166,.,.,.,SER,CA,A,189,.,.,.,VAL,CG1,1242,1418,1.80187,0,4.63956,-0.192984,5,0
A,166,.,.,.,SER,CA,A,189,.,.,.,VAL,CG2,1242,1419,3.28465,0,4.28346,-0.673633,5,0
A,166,.,.,.,SER,C,A,166,.,.,.,SER,O,1243,1244,7.89434,0,1.23299,0,0,1
A,166,.,.,.,SER,C,A,166,.,.,.,SER,CB,1243,1245,0.506172,0,2.53876,0,0,0
A,166,.,.,.,SER,C,A,166,.,.,.,SER,OG,1243,1246,2.04649,0,2.7889,0,0,0
A,166,.,.,.,SER,C,A,167,.,.,.,ILE,N,1243,1247,7.18708,0,1.32231,0,1,1
A,166,.,.,.,SER,C,A,167,.,.,.,ILE,CA,1243,1248,1.4563,0,2.45261,0,1,0
A,166,.,.,.,SER,C,A,167,.,.,.,ILE,C,1243,1249,0.541308,0,3.01453,0,1,0
A,166,.,.,.,SER,C,A,168,.,.,.,GLN,N,1243,1255,1.39015,0,3.2898,2.44494,2,0
A,166,.,.,.,SER,O,A,166,.,.,.,SER,CB,1244,1245,1.41989,0,2.90676,0,0,0
A,166,.,.,.,SER,O,A,166,.,.,.,SER,OG,1244,1246,0.903915,0,2.98202,0,0,0
A,166,.,.,.,SER,O,A,167,.,.,.,ILE,CA,1244,1248,1.95599,0,2.78456,0,1,0
A,166,.,.,.,SER,O,A,167,.,.,.,ILE,C,1244,1249,1.98389,0,3.00864,0,1,0
A,166,.,.,.,SER,O,A,167,.,.,.,ILE,O,1244,1250,0.210816,0,3.35616,0,1,0
A,166,.,.,.,SER,O,A,168,.,.,.,GLN,N,1244,1255,0.20558,0,3.5153,0.215588,2,0
A,166,.,.,.,SER,CB,A,166,.,.,.,SER,OG,1245,1246,9.05873,0,1.42602,0,0,1
A,166,.,.,.,SER,CB,A,169,.,.,.,THR,CG2,1245,1270,5.48551,2.21392,3.63284,0.191525,3,0
A,166,.,.,.,SER,CB,A,189,.,.,.,VAL,CG1,1245,1418,1.24368,0.333651,5.12509,0.295049,5,0
A,166,.,.,.,SER,CB,A,189,.,.,.,VAL,CG2,1245,1419,3.8035,1.31126,4.44272,-2.85268,5,0
A,166,.,.,.,SER,OG,A,167,.,.,.,ILE,N,1246,1247,0.00355696,0,3.67439,0,1,0
A,166,.,.,.,SER,OG,A,168,.,.,.,GLN,N,1246,1255,1.43651,0,3.95058,0.600757,2,0
A,166,.,.,.,SER,OG,A,168,.,.,.,GLN,CA,1246,1256,1.02686,0,4.27315,0.270793,2,0
A,166,.,.,.,SER,OG,A,168,.,.,.,GLN,C,1246,1257,0.365564,0,4.03365,0.153668,2,0
A,166,.,.,.,SER,OG,A,169,.,.,.,THR,N,1246,1264,0.92641,0,3.83678,0.519972,3,0
A,166,.,.,.,SER,OG,A,169,.,.,.,THR,CG2,1246,1270,7.46399,0,2.66764,-3.47782,3,0
A,167,.,.,.,ILE,N,A,167,.,.,.,ILE,CA,1247,1248,6.54737,0,1.48523,0,0,1
A,167,.,.,.,ILE,N,A,167,.,.,.,ILE,C,1247,1249,0.178614,0,2.42965,0,0,0
A,167,.,.,.,ILE,N,A,167,.,.,.,ILE,CB,1247,1251,0.916283,0,2.54356,0,0,0
A,167,.,.,.,ILE,N,A,167,.,.,.,ILE,CG1,1247,1252,1.03547,0,3.05816,0,0,0
A,167,.,.,.,ILE,N,A,167,.,.,.,ILE,CD1,1247,1254,2.68894,0,3.30692,0,0,0
A,167,.,.,.,ILE,N,A,168,.,.,.,GLN,N,1247,1255,2.37066,0,2.7504,0,1,0
A,167,.,.,.,ILE,N,A,169,.,.,.,THR,CG2,1247,1270,0.00716322,0,5.20401,0.00414761,2,0
A,167,.,.,.,ILE,N,A,188,.,.,.,GLN,O,1247,1407,4.58897,0,2.90436,-4.69337,5,0
A,167,.,.,.,ILE,N,A,189,.,.,.,VAL,CA,1247,1414,0.151086,0,4.60033,0.0756262,5,0
A,167,.,.,.,ILE,CA,A,167,.,.,.,ILE,C,1248,1249,5.96968,0,1.52189,0,0,1
A,167,.,.,.,ILE,CA,A,167,.,.,.,ILE,O,1248,1250,0.91638,0,2.30916,0,0,0
A,167,.,.,.,ILE,CA,A,167,.,.,.,ILE,CB,1248,1251,7.46643,0,1.53881,0,0,1
A,167,.,.,.,ILE,CA,A,167,.,.,.,ILE,CG1,1248,1252,2.93444,0,2.52918,0,0,0
A,167,.,.,.,ILE,CA,A,167,.,.,.,ILE,CG2,1248,1253,1.17682,0,2.5058,0,0,0
A,167,.,.,.,ILE,CA,A,168,.,.,.,GLN,N,1248,1255,0.964147,0,2.41581,0,1,0
A,167,.,.,.,ILE,CA,A,188,.,.,.,GLN,O,1248,1407,0.0745791,0,3.5233,0.063153,5,0
A,167,.,.,.,ILE,C,A,167,.,.,.,ILE,O,1249,1250,7.52248,0,1.1621,0,0,1
A,167,.,.,.,ILE,C,A,167,.,.,.,ILE,CB,1249,1251,1.01885,0,2.55352,0,0,0
A,167,.,.,.,ILE,C,A,167,.,.,.,ILE,CG2,1249,1253,2.46591,0,2.94685,0,0,0
A,167,.,.,.,ILE,C,A,168,.,.,.,GLN,N,1249,1255,6.99416,0,1.30924,0,1,1
A,167,.,.,.,ILE,C,A,168,.,.,.,GLN,CA,1249,1256,1.3191,0,2.45054,0,1,0
A,167,.,.,.,ILE,C,A,168,.,.,.,GLN,CB,1249,1259,1.45589,0,3.12095,0,1,0
A,167,.,.,.,ILE,O,A,167,.,.,.,ILE,CG2,1250,1253,2.9522,0.353915,3.19797,0,0,0
A,167,.,.,.,ILE,O,A,168,.,.,.,GLN,CA,1250,1256,2.05085,0,2.8094,0,1,0
A,167,.,.,.,ILE,O,A,168,.,.,.,GLN,CB,1250,1259,5.46868,0.832849,3.19556,0,1,0
A,167,.,.,.,ILE,CB,A,167,.,.,.,ILE,CG1,1251,1252,7.81968,0,1.51493,0,0,1
A,167,.,.,.,ILE,CB,A,167,.,.,.,ILE,CG2,1251,1253,10.4843,0,1.48947,0,0,1
A,167,.,.,.,ILE,CB,A,167,.,.,.,ILE,CD1,1251,1254,3.12313,0,2.48322,0,0,0
A,167,.,.,.,ILE,CB,A,168,.,.,.,GLN,N,1251,1255,2.06874,0,3.22809,0,1,0
A,167,.,.,.,ILE,CB,A,168,.,.,.,GLN,CB,1251,1259,0.00835323,0,4.90925,0,1,0
A,167,.,.,.,ILE,CB,A,188,.,.,.,GLN,O,1251,1407,2.58041,0,3.40795,0.0835541,5,0
A,167,.,.,.,ILE,CB,A,188,.,.,.,GLN,CB,1251,1408,2.51587,0,4.38112,-1.4907,5,0
A,167,.,.,.,ILE,CB,A,188,.,.,.,GLN,CG,1251,1409,0.971955,0,4.28574,0.00040364,5,0
A,167,.,.,.,ILE,CB,A,188,.,.,.,GLN,CD,1251,1410,1.13594,0,4.29408,-0.271633,5,0
A,167,.,.,.,ILE,CB,A,188,.,.,.,GLN,OE1,1251,1411,1.02129,0,3.85913,-0.290084,5,0
A,167,.,.,.,ILE,CG1,A,167,.,.,.,ILE,CG2,1252,1253,8.28371,2.4363,2.45572,0,0,0
A,167,.,.,.,ILE,CG1,A,167,.,.,.,ILE,CD1,1252,1254,14.3016,1.53242,1.4462,0,0,1
A,167,.,.,.,ILE,CG1,A,188,.,.,.,GLN,CD,1252,1410,1.37582,1.05349,4.65085,-1.20838,5,0
A,167,.,.,.,ILE,CG1,A,257,.,.,.,ALA,CB,1252,1974,12.1186,2.78047,3.9482,-15.7753,5,0
A,167,.,.,.,ILE,CG2,A,168,.,.,.,GLN,N,1253,1255,0.137687,0,3.7715,0,1,0
A,167,.,.,.,ILE,CG2,A,168,.,.,.,GLN,CB,1253,1259,4.22899,1.76745,4.77119,0,1,0
A,167,.,.,.,ILE,CG2,A,188,.,.,.,GLN,CB,1253,1408,0.0200999,0,4.88898,0.00534887,5,0
A,167,.,.,.,ILE,CG2,A,188,.,.,.,GLN,CD,1253,1410,1.37169,1.06512,4.25443,-1.20833,5,0
A,167,.,.,.,ILE,CG2,A,188,.,.,.,GLN,OE1,1253,1411,11.0231,4.02293,3.49478,-2.25361,5,0
A,167,.,.,.,ILE,CG2,A,257,.,.,.,ALA,CB,1253,1974,0.388094,1.20277,5.51879,0.0589057,5,0
A,167,.,.,.,ILE,CD1,A,188,.,.,.,GLN,C,1254,1406,1.41684,0,3.96953,-0.47932,5,0
A,167,.,.,.,ILE,CD1,A,188,.,.,.,GLN,O,1254,1407,2.74888,0,3.356,0.349636,5,0
A,167,.,.,.,ILE,CD1,A,188,.,.,.,GLN,CG,1254,1409,4.34986,0,4.06653,-2.2455,5,0
A,167,.,.,.,ILE,CD1,A,188,.,.,.,GLN,CD,1254,1410,2.23257,0.190831,4.50595,-2.15447,5,0
A,167,.,.,.,ILE,CD1,A,188,.,.,.,GLN,NE2,1254,1412,0.380695,1.26405,5.16425,0.0573044,5,0
A,167,.,.,.,ILE,CD1,A,189,.,.,.,VAL,N,1254,1413,0.0573838,0,4.36963,0.0106612,5,0
A,167,.,.,.,ILE,CD1,A,189,.,.,.,VAL,CA,1254,1414,1.98632,0,4.2557,-1.25924,5,0
A,167,.,.,.,ILE,CD1,A,189,.,.,.,VAL,C,1254,1415,0.144767,0,4.30605,-0.0782648,5,0
A,167,.,.,.,ILE,CD1,A,190,.,.,.,ASP,N,1254,1420,2.94004,0,3.79334,3.15637,5,0
A,167,.,.,.,ILE,CD1,A,190,.,.,.,ASP,CB,1254,1424,7.75256,0.627836,3.95501,-4.31689,5,0
A,167,.,.,.,ILE,CD1,A,257,.,.,.,ALA,CB,1254,1974,5.19168,2.12512,4.38294,-0.483863,5,0
A,168,.,.,.,GLN,N,A,168,.,.,.,GLN,CA,1255,1256,7.64688,0,1.46073,0,0,1
A,168,.,.,.,GLN,N,A,168,.,.,.,GLN,C,1255,1257,1.53295,0,2.39502,0,0,0
A,168,.,.,.,GLN,N,A,168,.,.,.,GLN,O,1255,1258,2.4378,0,2.68108,0,0,0
A,168,.,.,.,GLN,N,A,168,.,.,.,GLN,CB,1255,1259,2.74787,0,2.44853,0,0,0
A,168,.,.,.,GLN,N,A,169,.,.,.,THR,CG2,1255,1270,0.333721,0,4.61379,0,1,0
A,168,.,.,.,GLN,N,A,188,.,.,.,GLN,O,1255,1407,2.96744,0,3.41374,-1.98774,5,0
A,168,.,.,.,GLN,N,A,188,.,.,.,GLN,CB,1255,1408,1.47355,0,4.62045,2.10369,5,0
A,168,.,.,.,GLN,CA,A,168,.,.,.,GLN,C,1256,1257,6.26399,0,1.51206,0,0,1
A,168,.,.,.,GLN,CA,A,168,.,.,.,GLN,O,1256,1258,0.622888,0,2.29354,0,0,0
A,168,.,.,.,GLN,CA,A,168,.,.,.,GLN,CB,1256,1259,10.4126,0.258071,1.50957,0,0,1
A,168,.,.,.,GLN,CA,A,168,.,.,.,GLN,CG,1256,1260,1.98276,0,2.49501,0,0,0
A,168,.,.,.,GLN,CA,A,169,.,.,.,THR,N,1256,1264,2.95788,0,2.42521,0,1,0
A,168,.,.,.,GLN,C,A,168,.,.,.,GLN,O,1257,1258,7.78912,0,1.15112,0,0,1
A,168,.,.,.,GLN,C,A,168,.,.,.,GLN,CB,1257,1259,0.819998,0,2.46958,0,0,0
A,168,.,.,.,GLN,C,A,168,.,.,.,GLN,CG,1257,1260,3.46679,0,2.78473,0,0,0
A,168,.,.,.,GLN,C,A,169,.,.,.,THR,N,1257,1264,6.70513,0,1.30983,0,1,1
A,168,.,.,.,GLN,C,A,169,.,.,.,THR,CA,1257,1265,1.86496,0,2.45176,0,1,0
A,168,.,.,.,GLN,C,A,169,.,.,.,THR,CB,1257,1268,0.0967186,0,3.26943,0,1,0
A,168,.,.,.,GLN,C,A,169,.,.,.,THR,CG2,1257,1270,1.89028,0,3.35976,0,1,0
A,168,.,.,.,GLN,C,A,186,.,.,.,LEU,O,1257,1394,0.1035,0,4.47337,0.163375,5,0
A,168,.,.,.,GLN,O,A,168,.,.,.,GLN,CB,1258,1259,2.39779,0,2.98497,0,0,0
A,168,.,.,.,GLN,O,A,168,.,.,.,GLN,CG,1258,1260,1.63313,0,3.33719,0,0,0
A,168,.,.,.,GLN,O,A,168,.,.,.,GLN,OE1,1258,1262,0.302655,0,4.61271,0,0,0
A,168,.,.,.,GLN,O,A,169,.,.,.,THR,CA,1258,1265,1.56448,0,2.77478,0,1,0
A,168,.,.,.,GLN,O,A,169,.,.,.,THR,CB,1258,1268,1.29379,0,3.25092,0,1,0
A,168,.,.,.,GLN,O,A,169,.,.,.,THR,CG2,1258,1270,2.22533,0,3.35399,0,1,0
A,168,.,.,.,GLN,O,A,186,.,.,.,LEU,O,1258,1394,0.267653,0,4.13521,0.291913,5,0
A,168,.,.,.,GLN,O,A,187,.,.,.,ALA,CA,1258,1400,4.54296,0,3.40531,-0.235044,5,0
A,168,.,.,.,GLN,O,A,187,.,.,.,ALA,C,1258,1401,0.144317,0,3.55239,0.21853,5,0
A,168,.,.,.,GLN,O,A,188,.,.,.,GLN,N,1258,1404,6.78112,0,2.85535,-4.54234,5,0
A,168,.,.,.,GLN,O,A,188,.,.,.,GLN,CA,1258,1405,0.0112134,0,3.82738,0.010104,5,0
A,168,.,.,.,GLN,O,A,188,.,.,.,GLN,C,1258,1406,0.00633228,0,3.98458,0.00840078,5,0
A,168,.,.,.,GLN,O,A,188,.,.,.,GLN,O,1258,1407,1.76222,0,3.58283,1.24731,5,0
A,168,.,.,.,GLN,O,A,188,.,.,.,GLN,CB,1258,1408,1.44686,0,4.12903,0.127747,5,0
A,168,.,.,.,GLN,CB,A,168,.,.,.,GLN,CG,1259,1260,11.3766,0.506261,1.48985,0,0,1
A,168,.,.,.,GLN,CB,A,168,.,.,.,GLN,CD,1259,1261,6.02524,2.20239,2.48806,0,0,0
A,168,.,.,.,GLN,CB,A,168,.,.,.,GLN,OE1,1259,1262,3.45029,0,2.96768,0,0,0
A,168,.,.,.,GLN,CB,A,168,.,.,.,GLN,NE2,1259,1263,0.607967,0.631197,3.4414,0,0,0
A,168,.,.,.,GLN,CB,A,188,.,.,.,GLN,CB,1259,1408,2.66721,0,5.20789,-1.12711,5,0
A,168,.,.,.,GLN,CB,A,188,.,.,.,GLN,OE1,1259,1411,0.506226,0,5.38231,-0.133716,5,0
A,168,.,.,.,GLN,CG,A,168,.,.,.,GLN,CD,1260,1261,10.1744,0,1.50322,0,0,1
A,168,.,.,.,GLN,CG,A,168,.,.,.,GLN,OE1,1260,1262,1.1688,0,2.38658,0,0,0
A,168,.,.,.,GLN,CG,A,168,.,.,.,GLN,NE2,1260,1263,5.84815,1.99001,2.3627,0,0,0
A,168,.,.,.,GLN,CG,A,169,.,.,.,THR,N,1260,1264,3.1295,0,3.3354,0,1,0
A,168,.,.,.,GLN,CG,A,169,.,.,.,THR,CA,1260,1265,0.91725,0,4.30914,0,1,0
A,168,.,.,.,GLN,CG,A,169,.,.,.,THR,C,1260,1266,0.932258,0,4.65522,0,1,0
A,168,.,.,.,GLN,CG,A,169,.,.,.,THR,O,1260,1267,1.25069,0,4.67592,0,1,0
A,168,.,.,.,GLN,CG,A,186,.,.,.,LEU,O,1260,1394,1.103,0,5.07197,0.0133283,5,0
A,168,.,.,.,GLN,CG,A,186,.,.,.,LEU,CG,1260,1396,1.55128,0,5.27446,-0.566139,5,0
A,168,.,.,.,GLN,CG,A,187,.,.,.,ALA,CA,1260,1400,0.0459834,0,5.72954,0.00883483,5,0
A,168,.,.,.,GLN,CD,A,168,.,.,.,GLN,OE1,1261,1262,13.3799,0.459099,1.21016,0,0,1
A,168,.,.,.,GLN,CD,A,168,.,.,.,GLN,NE2,1261,1263,14.8662,3.12867,1.30371,0,0,1
A,168,.,.,.,GLN,CD,A,186,.,.,.,LEU,CG,1261,1396,2.07271,0,4.77041,-0.381146,5,0
A,168,.,.,.,GLN,CD,A,186,.,.,.,LEU,CD2,1261,1398,1.84604,0,4.63835,-1.50855,5,0
A,168,.,.,.,GLN,OE1,A,168,.,.,.,GLN,NE2,1262,1263,0.410099,0.304726,2.20634,0,0,0
A,168,.,.,.,GLN,OE1,A,186,.,.,.,LEU,CG,1262,1396,3.13601,0,4.39993,0.916084,5,0
A,168,.,.,.,GLN,OE1,A,186,.,.,.,LEU,CD2,1262,1398,1.34345,0,4.31242,-0.464191,5,0
A,168,.,.,.,GLN,OE1,A,187,.,.,.,ALA,CA,1262,1400,0.0357258,0,6.07659,0.00558215,5,0
A,168,.,.,.,GLN,OE1,A,187,.,.,.,ALA,C,1262,1401,0.146074,0,5.96036,0.22467,5,0
A,168,.,.,.,GLN,OE1,A,188,.,.,.,GLN,N,1262,1404,0.0493812,0,5.79965,0.0261104,5,0
A,168,.,.,.,GLN,OE1,A,188,.,.,.,GLN,CB,1262,1408,0.116052,0,5.55792,-0.0164739,5,0
A,168,.,.,.,GLN,NE2,A,186,.,.,.,LEU,CD2,1263,1398,0.31771,0,4.82841,0.0134746,5,0
A,169,.,.,.,THR,N,A,169,.,.,.,THR,CA,1264,1265,7.57577,0,1.46811,0,0,1
A,169,.,.,.,THR,N,A,169,.,.,.,THR,C,1264,1266,1.14499,0,2.41945,0,0,0
A,169,.,.,.,THR,N,A,169,.,.,.,THR,O,1264,1267,2.85859,0,2.62078,0,0,0
A,169,.,.,.,THR,N,A,169,.,.,.,THR,CB,1264,1268,0.139919,0,2.54324,0,0,0
A,169,.,.,.,THR,N,A,169,.,.,.,THR,CG2,1264,1270,2.66678,0,2.89267,0,0,0
A,169,.,.,.,THR,CA,A,169,.,.,.,THR,C,1265,1266,8.31643,0,1.52539,0,0,1
A,169,.,.,.,THR,CA,A,169,.,.,.,THR,O,1265,1267,0.791365,0,2.28829,0,0,0
A,169,.,.,.,THR,CA,A,169,.,.,.,THR,CB,1265,1268,10.4766,0,1.52699,0,0,1
A,169,.,.,.,THR,CA,A,169,.,.,.,THR,OG1,1265,1269,0.0250275,0,2.34363,0,0,0
A,169,.,.,.,THR,CA,A,169,.,.,.,THR,CG2,1265,1270,0.173545,0,2.58998,0,0,0
A,169,.,.,.,THR,CA,A,170,.,.,.,GLY,N,1265,1271,1.75421,0,2.44435,0,1,0
A,169,.,.,.,THR,CA,A,186,.,.,.,LEU,O,1265,1394,4.52726,0,3.28386,-3.12844,5,0
A,169,.,.,.,THR,CA,A,187,.,.,.,ALA,CA,1265,1400,1.08843,0,4.04988,0.400045,5,0
A,169,.,.,.,THR,C,A,169,.,.,.,THR,O,1266,1267,9.32094,0,1.12585,0,0,1
A,169,.,.,.,THR,C,A,169,.,.,.,THR,CB,1266,1268,0.12164,0,2.67592,0,0,0
A,169,.,.,.,THR,C,A,169,.,.,.,THR,OG1,1266,1269,3.23901,0,2.74712,0,0,0
A,169,.,.,.,THR,C,A,170,.,.,.,GLY,N,1266,1271,8.1082,0,1.30626,0,1,1
A,169,.,.,.,THR,C,A,170,.,.,.,GLY,CA,1266,1272,2.77552,0,2.40142,0,1,0
A,169,.,.,.,THR,C,A,186,.,.,.,LEU,O,1266,1394,0.0341575,0,3.48308,0.0435293,5,0
A,169,.,.,.,THR,O,A,170,.,.,.,GLY,CA,1267,1272,4.32436,0,2.66276,0,1,0
A,169,.,.,.,THR,CB,A,169,.,.,.,THR,OG1,1268,1269,11.5346,0.728928,1.39969,0,0,1
A,169,.,.,.,THR,CB,A,169,.,.,.,THR,CG2,1268,1270,14.0904,0.948773,1.48762,0,0,1
A,169,.,.,.,THR,CB,A,170,.,.,.,GLY,N,1268,1271,1.47451,0,3.34471,0,1,0
A,169,.,.,.,THR,CB,A,185,.,.,.,TYR,CE1,1268,1387,2.32423,0,4.9748,-1.4057,5,0
A,169,.,.,.,THR,CB,A,185,.,.,.,TYR,OH,1268,1390,1.73624,0.93476,4.94628,-1.75536,5,0
A,169,.,.,.,THR,CB,A,186,.,.,.,LEU,O,1268,1394,1.0642,0,3.88483,-0.713908,5,0
A,169,.,.,.,THR,CB,A,187,.,.,.,ALA,CA,1268,1400,1.5671,0,3.92196,0.29403,5,0
A,169,.,.,.,THR,CB,A,187,.,.,.,ALA,CB,1268,1403,8.18392,0,3.63649,-4.85717,5,0
A,169,.,.,.,THR,CB,A,188,.,.,.,GLN,N,1268,1404,0.0443323,0,4.71587,0.0323166,5,0
A,169,.,.,.,THR,CB,A,189,.,.,.,VAL,CG2,1268,1419,0.0453307,0,4.61231,-0.0242471,5,0
A,169,.,.,.,THR,OG1,A,169,.,.,.,THR,CG2,1269,1270,4.7578,2.57247,2.29131,0,0,0
A,169,.,.,.,THR,OG1,A,170,.,.,.,GLY,N,1269,1271,3.09777,0,3.21116,0,1,0
A,169,.,.,.,THR,OG1,A,170,.,.,.,GLY,CA,1269,1272,0.25795,0,4.32491,0,1,0
A,169,.,.,.,THR,OG1,A,171,.,.,.,TYR,CE2,1269,1284,5.4151,1.63901,4.98553,-2.4582,2,0
A,169,.,.,.,THR,OG1,A,171,.,.,.,TYR,OH,1269,1286,0.187215,0.625445,5.52404,-0.0871411,2,0
A,169,.,.,.,THR,OG1,A,185,.,.,.,TYR,CE1,1269,1387,5.26637,1.89805,4.56311,-2.39068,5,0
A,169,.,.,.,THR,OG1,A,185,.,.,.,TYR,OH,1269,1390,0.146019,0.46217,4.96359,-0.067966,5,0
A,169,.,.,.,THR,CG2,A,185,.,.,.,TYR,OH,1270,1390,0.0324163,0.199324,5.50059,-0.0136025,5,0
A,169,.,.,.,THR,CG2,A,187,.,.,.,ALA,CB,1270,1403,0.661345,0,4.28173,0.314859,5,0
A,169,.,.,.,THR,CG2,A,188,.,.,.,GLN,N,1270,1404,0.519989,0,4.75194,0.429239,5,0
A,169,.,.,.,THR,CG2,A,188,.,.,.,GLN,C,1270,1406,0.0331004,0,5.12266,-0.00788872,5,0
A,169,.,.,.,THR,CG2,A,188,.,.,.,GLN,O,1270,1407,0.878024,0,4.76278,0.0761843,5,0
A,169,.,.,.,THR,CG2,A,189,.,.,.,VAL,CG2,1270,1419,12.9935,3.38882,3.66619,-14.8549,5,0
A,170,.,.,.,GLY,N,A,170,.,.,.,GLY,CA,1271,1272,10.2649,0,1.45784,0,0,1
A,170,.,.,.,GLY,N,A,170,.,.,.,GLY,C,1271,1273,0.136617,0,2.46756,0,0,0
A,170,.,.,.,GLY,N,A,170,.,.,.,GLY,O,1271,1274,3.58158,0,2.65363,0,0,0
A,170,.,.,.,GLY,N,A,171,.,.,.,TYR,CE2,1271,1284,1.1838,0,4.84725,0,1,0
A,170,.,.,.,GLY,N,A,185,.,.,.,TYR,CD1,1271,1385,0.427563,0,5.26692,-0.135748,5,0
A,170,.,.,.,GLY,N,A,185,.,.,.,TYR,CE1,1271,1387,0.946148,0,5.29993,0.0276009,5,0
A,170,.,.,.,GLY,N,A,186,.,.,.,LEU,O,1271,1394,6.03812,0,2.91692,-4.60906,5,0
A,170,.,.,.,GLY,CA,A,170,.,.,.,GLY,C,1272,1273,8.30668,0,1.49856,0,0,1
A,170,.,.,.,GLY,CA,A,170,.,.,.,GLY,O,1272,1274,0.355914,0,2.295,0,0,0
A,170,.,.,.,GLY,CA,A,171,.,.,.,TYR,N,1272,1275,2.4229,0,2.37965,0,1,0
A,170,.,.,.,GLY,CA,A,171,.,.,.,TYR,CD2,1272,1282,3.91956,0.813605,3.90893,0,1,0
A,170,.,.,.,GLY,CA,A,171,.,.,.,TYR,CE2,1272,1284,1.95622,0.491649,4.52651,0,1,0
A,170,.,.,.,GLY,C,A,170,.,.,.,GLY,O,1273,1274,8.24974,0,1.16171,0,0,1
A,170,.,.,.,GLY,C,A,171,.,.,.,TYR,N,1273,1275,6.09254,0,1.31576,0,1,1
A,170,.,.,.,GLY,C,A,171,.,.,.,TYR,CA,1273,1276,1.56484,0,2.42691,0,1,0
A,170,.,.,.,GLY,C,A,171,.,.,.,TYR,CG,1273,1280,0.368158,0,3.3964,0,1,0
A,170,.,.,.,GLY,C,A,171,.,.,.,TYR,CD2,1273,1282,2.85559,0,3.28835,0,1,0
A,170,.,.,.,GLY,C,A,171,.,.,.,TYR,CE2,1273,1284,0.18355,0,4.12218,0,1,0
A,170,.,.,.,GLY,O,A,171,.,.,.,TYR,CA,1274,1276,3.15666,0,2.80059,0,1,0
A,170,.,.,.,GLY,O,A,171,.,.,.,TYR,CG,1274,1280,0.720291,0,3.54087,0,1,0
A,170,.,.,.,GLY,O,A,171,.,.,.,TYR,CD1,1274,1281,0.779771,0,4.08285,0,1,0
A,170,.,.,.,GLY,O,A,171,.,.,.,TYR,CD2,1274,1282,0.629155,0,3.63242,0,1,0
A,170,.,.,.,GLY,O,A,171,.,.,.,TYR,CE2,1274,1284,0.512356,0,4.2408,0,1,0
A,170,.,.,.,GLY,O,A,184,.,.,.,THR,O,1274,1375,0.632984,0,4.02557,0.390158,5,0
A,170,.,.,.,GLY,O,A,185,.,.,.,TYR,CA,1274,1380,3.36081,0,3.68514,-1.9031,5,0
A,170,.,.,.,GLY,O,A,185,.,.,.,TYR,CD1,1274,1385,3.7789,0,4.13214,-1.41009,5,0
A,170,.,.,.,GLY,O,A,186,.,.,.,LEU,N,1274,1391,5.85214,0,3.13076,-4.59295,5,0
A,170,.,.,.,GLY,O,A,186,.,.,.,LEU,O,1274,1394,2.12315,0,3.40281,1.84964,5,0
A,170,.,.,.,GLY,O,A,186,.,.,.,LEU,CB,1274,1395,0.121636,0,4.46486,-0.0119357,5,0
A,171,.,.,.,TYR,N,A,171,.,.,.,TYR,CA,1275,1276,6.89451,0,1.44666,0,0,1
A,171,.,.,.,TYR,N,A,171,.,.,.,TYR,C,1275,1277,0.954147,0,2.40665,0,0,0
A,171,.,.,.,TYR,N,A,171,.,.,.,TYR,O,1275,1278,2.16406,0,2.75533,0,0,0
A,171,.,.,.,TYR,N,A,171,.,.,.,TYR,CB,1275,1279,1.695,0,2.4663,0,0,0
A,171,.,.,.,TYR,N,A,171,.,.,.,TYR,CG,1275,1280,0.0566575,0,3.02152,0,0,0
A,171,.,.,.,TYR,N,A,171,.,.,.,TYR,CD2,1275,1282,1.86025,0,3.16973,0,0,0
A,171,.,.,.,TYR,CA,A,171,.,.,.,TYR,C,1276,1277,6.69012,0,1.51388,0,0,1
A,171,.,.,.,TYR,CA,A,171,.,.,.,TYR,O,1276,1278,0.58905,0,2.39121,0,0,0
A,171,.,.,.,TYR,CA,A,171,.,.,.,TYR,CB,1276,1279,9.36776,0,1.53635,0,0,1
A,171,.,.,.,TYR,CA,A,171,.,.,.,TYR,CG,1276,1280,1.1503,0,2.5604,0,0,0
A,171,.,.,.,TYR,CA,A,171,.,.,.,TYR,CD1,1276,1281,0.920737,0,3.46434,0,0,0
A,171,.,.,.,TYR,CA,A,172,.,.,.,LEU,N,1276,1287,3.09383,0,2.40787,0,1,0
A,171,.,.,.,TYR,CA,A,184,.,.,.,THR,O,1276,1375,5.29234,0,3.3519,-4.73061,5,0
A,171,.,.,.,TYR,CA,A,185,.,.,.,TYR,CA,1276,1380,0.789954,0,4.6772,-0.396625,5,0
A,171,.,.,.,TYR,C,A,171,.,.,.,TYR,O,1277,1278,8.82198,0,1.23407,0,0,1
A,171,.,.,.,TYR,C,A,171,.,.,.,TYR,CB,1277,1279,3.84469,0,2.48758,0,0,0
A,171,.,.,.,TYR,C,A,172,.,.,.,LEU,N,1277,1287,7.83988,0,1.32906,0,1,1
A,171,.,.,.,TYR,C,A,172,.,.,.,LEU,CA,1277,1288,2.23443,0,2.45143,0,1,0
A,171,.,.,.,TYR,C,A,172,.,.,.,LEU,C,1277,1289,0.213266,0,3.38581,0,1,0
A,171,.,.,.,TYR,C,A,173,.,.,.,ILE,N,1277,1295,0.318296,0,4.05097,0.561755,2,0
A,171,.,.,.,TYR,C,A,173,.,.,.,ILE,CG1,1277,1300,0.815702,0,5.08566,-0.0384452,2,0
A,171,.,.,.,TYR,O,A,171,.,.,.,TYR,CB,1278,1279,2.25356,0.102887,3.12872,0,0,0
A,171,.,.,.,TYR,O,A,172,.,.,.,LEU,CA,1278,1288,3.58803,0,2.83238,0,1,0
A,171,.,.,.,TYR,O,A,173,.,.,.,ILE,N,1278,1295,0.0701852,0,4.22487,0.049794,2,0
A,171,.,.,.,TYR,O,A,173,.,.,.,ILE,CG1,1278,1300,0.576012,0.551117,5.27716,-0.206162,2,0
A,171,.,.,.,TYR,CB,A,171,.,.,.,TYR,CG,1279,1280,6.09646,0,1.50349,0,0,1
A,171,.,.,.,TYR,CB,A,171,.,.,.,TYR,CD1,1279,1281,3.71138,0,2.51015,0,0,0
A,171,.,.,.,TYR,CB,A,171,.,.,.,TYR,CD2,1279,1282,3.37247,0,2.53301,0,0,0
A,171,.,.,.,TYR,CB,A,172,.,.,.,LEU,N,1279,1287,1.22297,0,3.31512,0,1,0
A,171,.,.,.,TYR,CB,A,172,.,.,.,LEU,C,1279,1289,0.114793,0,4.80858,0,1,0
A,171,.,.,.,TYR,CB,A,173,.,.,.,ILE,CG1,1279,1300,4.30326,0.178832,4.88531,-6.2226,2,0
A,171,.,.,.,TYR,CB,A,173,.,.,.,ILE,CD1,1279,1302,0.00536489,0,5.39772,-0.00500935,2,0
A,171,.,.,.,TYR,CB,A,183,.,.,.,ILE,CG1,1279,1369,2.90159,0,4.50994,-4.19575,5,0
A,171,.,.,.,TYR,CB,A,183,.,.,.,ILE,CD1,1279,1371,1.74302,0,4.32435,-3.02148,5,0
A,171,.,.,.,TYR,CB,A,184,.,.,.,THR,O,1279,1375,0.291689,0,4.15419,-0.150207,5,0
A,171,.,.,.,TYR,CG,A,171,.,.,.,TYR,CD1,1280,1281,7.45435,0,1.39151,0,0,1
A,171,.,.,.,TYR,CG,A,171,.,.,.,TYR,CD2,1280,1282,7.22977,0,1.40757,0,0,1
A,171,.,.,.,TYR,CD1,A,171,.,.,.,TYR,CD2,1281,1282,0.811037,0,2.4105,0,0,0
A,171,.,.,.,TYR,CD1,A,171,.,.,.,TYR,CE1,1281,1283,12.435,0,1.38181,0,0,1
A,171,.,.,.,TYR,CD1,A,183,.,.,.,ILE,CG1,1281,1369,2.12705,0,4.19575,-2.75702,5,0
A,171,.,.,.,TYR,CD1,A,183,.,.,.,ILE,CD1,1281,1371,7.31282,0,3.60781,-11.2234,5,0
A,171,.,.,.,TYR,CD1,A,184,.,.,.,THR,C,1281,1374,0.15592,0,5.01565,-0.0957849,5,0
A,171,.,.,.,TYR,CD1,A,184,.,.,.,THR,O,1281,1375,0.44875,0,4.59247,0.0908095,5,0
A,171,.,.,.,TYR,CD1,A,185,.,.,.,TYR,CA,1281,1380,2.69842,0,4.31043,-1.53364,5,0
A,171,.,.,.,TYR,CD1,A,185,.,.,.,TYR,CB,1281,1383,3.56546,0,4.0605,-5.11113,5,0
A,171,.,.,.,TYR,CD1,A,185,.,.,.,TYR,CD1,1281,1385,0.593599,0,4.0339,-0.87129,5,0
A,171,.,.,.,TYR,CD1,A,212,.,.,.,MET,SD,1281,1595,0.0531273,0,5.70167,-0.062883,5,0
A,171,.,.,.,TYR,CD1,A,215,.,.,.,MET,SD,1281,1621,0.00534728,0,5.04189,-0.0063292,5,0
A,171,.,.,.,TYR,CD2,A,171,.,.,.,TYR,CE1,1282,1283,0.045382,0,2.77765,0,0,0
A,171,.,.,.,TYR,CD2,A,171,.,.,.,TYR,CE2,1282,1284,17.156,4.01886,1.37899,0,0,1
A,171,.,.,.,TYR,CD2,A,171,.,.,.,TYR,CZ,1282,1285,0.0198235,0,2.385,0,0,0
A,171,.,.,.,TYR,CD2,A,185,.,.,.,TYR,CD1,1282,1385,0.0125656,0,4.76118,-0.0184439,5,0
A,171,.,.,.,TYR,CE1,A,171,.,.,.,TYR,CE2,1283,1284,0.00146718,0,2.42453,0,0,0
A,171,.,.,.,TYR,CE1,A,171,.,.,.,TYR,CZ,1283,1285,9.31263,0,1.39486,0,0,1
A,171,.,.,.,TYR,CE1,A,171,.,.,.,TYR,OH,1283,1286,2.27654,0,2.39521,0,0,0
A,171,.,.,.,TYR,CE1,A,183,.,.,.,ILE,CD1,1283,1371,0.83164,0,4.39008,-0.875941,5,0
A,171,.,.,.,TYR,CE1,A,185,.,.,.,TYR,CB,1283,1383,2.97014,0,3.97918,-3.91937,5,0
A,171,.,.,.,TYR,CE1,A,185,.,.,.,TYR,CD1,1283,1385,5.85674,0,3.34451,-7.02135,5,0
A,171,.,.,.,TYR,CE1,A,212,.,.,.,MET,SD,1283,1595,2.71158,0,5.21962,-3.11907,5,0
A,171,.,.,.,TYR,CE1,A,215,.,.,.,MET,SD,1283,1621,0.73898,0,4.60691,-0.745964,5,0
A,171,.,.,.,TYR,CE1,A,215,.,.,.,MET,CE,1283,1622,8.07019,0,3.74151,-11.0607,5,0
A,171,.,.,.,TYR,CE2,A,171,.,.,.,TYR,CZ,1284,1285,11.4297,0,1.38956,0,0,1
A,171,.,.,.,TYR,CE2,A,171,.,.,.,TYR,OH,1284,1286,5.81016,2.56265,2.38413,0,0,0
A,171,.,.,.,TYR,CE2,A,185,.,.,.,TYR,CD1,1284,1385,1.1709,0,4.20224,-1.5421,5,0
A,171,.,.,.,TYR,CE2,A,185,.,.,.,TYR,CE1,1284,1387,1.39568,0,4.57383,-1.87731,5,0
A,171,.,.,.,TYR,CZ,A,171,.,.,.,TYR,OH,1285,1286,10.2309,0,1.37477,0,0,1
A,171,.,.,.,TYR,CZ,A,185,.,.,.,TYR,CD1,1285,1385,2.87753,0,3.44305,-3.55579,5,0
A,171,.,.,.,TYR,CZ,A,185,.,.,.,TYR,CE1,1285,1387,0.733815,0,3.92443,-1.23549,5,0
A,171,.,.,.,TYR,CZ,A,215,.,.,.,MET,CE,1285,1622,0.201981,0,4.30061,-0.408505,5,0
A,171,.,.,.,TYR,OH,A,185,.,.,.,TYR,CD1,1286,1385,2.0745,0.923362,3.53518,-1.82793,5,0
A,171,.,.,.,TYR,OH,A,185,.,.,.,TYR,CE1,1286,1387,8.96213,5.76814,3.6057,-7.87626,5,0
A,171,.,.,.,TYR,OH,A,215,.,.,.,MET,CE,1286,1622,5.87006,2.84048,4.10677,-7.19511,5,0
A,172,.,.,.,LEU,N,A,172,.,.,.,LEU,CA,1287,1288,6.91922,0,1.45503,0,0,1
A,172,.,.,.,LEU,N,A,172,.,.,.,LEU,C,1287,1289,2.43855,0,2.38697,0,0,0
A,172,.,.,.,LEU,N,A,172,.,.,.,LEU,O,1287,1290,1.58691,0,2.83942,0,0,0
A,172,.,.,.,LEU,N,A,172,.,.,.,LEU,CB,1287,1291,3.27053,0,2.4763,0,0,0
A,172,.,.,.,LEU,N,A,183,.,.,.,ILE,CG1,1287,1369,0.719789,0,4.85471,0.483685,5,0
A,172,.,.,.,LEU,N,A,184,.,.,.,THR,O,1287,1375,6.24255,0,2.88624,-6.75937,5,0
A,172,.,.,.,LEU,CA,A,172,.,.,.,LEU,C,1288,1289,6.14974,0,1.52013,0,0,1
A,172,.,.,.,LEU,CA,A,172,.,.,.,LEU,O,1288,1290,0.622169,0,2.39463,0,0,0
A,172,.,.,.,LEU,CA,A,172,.,.,.,LEU,CB,1288,1291,8.73925,0,1.53413,0,0,1
A,172,.,.,.,LEU,CA,A,172,.,.,.,LEU,CG,1288,1292,0.963165,0,2.56372,0,0,0
A,172,.,.,.,LEU,CA,A,172,.,.,.,LEU,CD1,1288,1293,2.33323,0,3.109,0,0,0
A,172,.,.,.,LEU,CA,A,173,.,.,.,ILE,N,1288,1295,2.83954,0,2.42387,0,1,0
A,172,.,.,.,LEU,C,A,172,.,.,.,LEU,O,1289,1290,8.10356,0,1.23703,0,0,1
A,172,.,.,.,LEU,C,A,172,.,.,.,LEU,CB,1289,1291,0.557446,0,2.51747,0,0,0
A,172,.,.,.,LEU,C,A,172,.,.,.,LEU,CG,1289,1292,3.13987,0,2.96064,0,0,0
A,172,.,.,.,LEU,C,A,173,.,.,.,ILE,N,1289,1295,7.09732,0,1.32582,0,1,1
A,172,.,.,.,LEU,C,A,173,.,.,.,ILE,CA,1289,1296,1.80905,0,2.4325,0,1,0
A,172,.,.,.,LEU,C,A,173,.,.,.,ILE,C,1289,1297,0.194487,0,3.32681,0,1,0
A,172,.,.,.,LEU,C,A,173,.,.,.,ILE,CG1,1289,1300,1.71566,0,3.69806,0,1,0
A,172,.,.,.,LEU,C,A,174,.,.,.,GLN,N,1289,1303,0.172985,0,3.99033,0.359273,2,0
A,172,.,.,.,LEU,C,A,183,.,.,.,ILE,CG1,1289,1369,0.554742,0,4.44474,-0.29644,5,0
A,172,.,.,.,LEU,O,A,172,.,.,.,LEU,CB,1290,1291,1.59114,0,3.01816,0,0,0
A,172,.,.,.,LEU,O,A,172,.,.,.,LEU,CG,1290,1292,2.4093,0,3.47464,0,0,0
A,172,.,.,.,LEU,O,A,173,.,.,.,ILE,CA,1290,1296,2.95474,0,2.7836,0,1,0
A,172,.,.,.,LEU,O,A,173,.,.,.,ILE,CG1,1290,1300,0.0686763,0,4.01774,0,1,0
A,172,.,.,.,LEU,O,A,174,.,.,.,GLN,N,1290,1303,0.539883,0,4.00813,0.496075,2,0
A,172,.,.,.,LEU,O,A,174,.,.,.,GLN,CG,1290,1308,0.0452727,0,5.18124,0.0172,2,0
A,172,.,.,.,LEU,O,A,174,.,.,.,GLN,OE1,1290,1310,0.448553,0,5.30037,0.178181,2,0
A,172,.,.,.,LEU,O,A,182,.,.,.,VAL,O,1290,1360,2.34949,0,3.65204,0.286945,5,0
A,172,.,.,.,LEU,O,A,183,.,.,.,ILE,CA,1290,1365,3.75968,0,3.18953,-4.4033,5,0
A,172,.,.,.,LEU,O,A,183,.,.,.,ILE,CB,1290,1368,0.00409005,0,3.93653,-0.00434384,5,0
A,172,.,.,.,LEU,O,A,183,.,.,.,ILE,CG1,1290,1369,2.86418,0,3.65918,-0.428175,5,0
A,172,.,.,.,LEU,O,A,184,.,.,.,THR,N,1290,1372,6.30071,0,2.79485,-6.02361,5,0
A,172,.,.,.,LEU,O,A,184,.,.,.,THR,O,1290,1375,0.430861,0,3.68426,0.295476,5,0
A,172,.,.,.,LEU,O,A,184,.,.,.,THR,CB,1290,1376,1.10174,0,4.16299,-0.739088,5,0
A,172,.,.,.,LEU,O,A,184,.,.,.,THR,OG1,1290,1377,0.118577,0,4.51055,0.0525961,5,0
A,172,.,.,.,LEU,CB,A,172,.,.,.,LEU,CG,1291,1292,8.09957,0,1.52508,0,0,1
A,172,.,.,.,LEU,CB,A,172,.,.,.,LEU,CD1,1291,1293,3.61876,0,2.46875,0,0,0
A,172,.,.,.,LEU,CB,A,172,.,.,.,LEU,CD2,1291,1294,3.90054,0,2.50439,0,0,0
A,172,.,.,.,LEU,CB,A,184,.,.,.,THR,O,1291,1375,0.653601,0,4.13057,-0.147114,5,0
A,172,.,.,.,LEU,CB,A,184,.,.,.,THR,CB,1291,1376,4.25978,0,4.42692,-2.18743,5,0
A,172,.,.,.,LEU,CG,A,172,.,.,.,LEU,CD1,1292,1293,10.1201,0,1.51045,0,0,1
A,172,.,.,.,LEU,CG,A,172,.,.,.,LEU,CD2,1292,1294,11.2954,0,1.52688,0,0,1
A,172,.,.,.,LEU,CG,A,173,.,.,.,ILE,N,1292,1295,0.940188,0,3.55803,0,1,0
A,172,.,.,.,LEU,CG,A,173,.,.,.,ILE,C,1292,1297,1.348,0,4.43244,0,1,0
A,172,.,.,.,LEU,CG,A,174,.,.,.,GLN,N,1292,1303,0.348209,0,4.76921,0.409629,2,0
A,172,.,.,.,LEU,CG,A,174,.,.,.,GLN,CG,1292,1308,4.96712,0,3.89702,1.06024,2,0
A,172,.,.,.,LEU,CG,A,174,.,.,.,GLN,CD,1292,1309,0.214882,0,4.11614,-0.17503,2,0
A,172,.,.,.,LEU,CG,A,174,.,.,.,GLN,OE1,1292,1310,0.842654,0,4.39781,-0.146864,2,0
A,172,.,.,.,LEU,CG,A,184,.,.,.,THR,CB,1292,1376,0.47562,0,5.09637,-0.261373,5,0
A,172,.,.,.,LEU,CG,A,184,.,.,.,THR,OG1,1292,1377,0.0470652,0,5.27372,-0.00257378,5,0
A,172,.,.,.,LEU,CD1,A,172,.,.,.,LEU,CD2,1293,1294,4.28208,0,2.50545,0,0,0
A,172,.,.,.,LEU,CD1,A,173,.,.,.,ILE,N,1293,1295,1.19088,0,3.8428,0,1,0
A,172,.,.,.,LEU,CD1,A,173,.,.,.,ILE,C,1293,1297,0.148585,0,4.5959,0,1,0
A,172,.,.,.,LEU,CD1,A,173,.,.,.,ILE,O,1293,1298,2.02403,0,4.28401,0,1,0
A,172,.,.,.,LEU,CD1,A,174,.,.,.,GLN,CG,1293,1308,3.09719,0,4.30854,-0.599294,2,0
A,172,.,.,.,LEU,CD1,A,174,.,.,.,GLN,NE2,1293,1311,0.035852,0,5.06087,0.0054181,2,0
A,172,.,.,.,LEU,CD2,A,174,.,.,.,GLN,CG,1294,1308,1.001,0,3.88459,-0.272963,2,0
A,172,.,.,.,LEU,CD2,A,174,.,.,.,GLN,CD,1294,1309,4.48959,0,3.54542,-3.66882,2,0
A,172,.,.,.,LEU,CD2,A,174,.,.,.,GLN,OE1,1294,1310,4.58015,0.996146,3.77108,-0.58282,2,0
A,172,.,.,.,LEU,CD2,A,174,.,.,.,GLN,NE2,1294,1311,4.16625,0,3.73042,0.176697,2,0
A,172,.,.,.,LEU,CD2,A,184,.,.,.,THR,CB,1294,1376,2.79099,0,4.88591,-1.74547,5,0
A,172,.,.,.,LEU,CD2,A,184,.,.,.,THR,OG1,1294,1377,2.21455,0.851463,4.84476,0.105501,5,0
A,173,.,.,.,ILE,N,A,173,.,.,.,ILE,CA,1295,1296,6.02791,0,1.45362,0,0,1
A,173,.,.,.,ILE,N,A,173,.,.,.,ILE,C,1295,1297,1.63264,0,2.3918,0,0,0
A,173,.,.,.,ILE,N,A,173,.,.,.,ILE,O,1295,1298,1.29243,0,2.84277,0,0,0
A,173,.,.,.,ILE,N,A,173,.,.,.,ILE,CB,1295,1299,1.63889,0,2.47985,0,0,0
A,173,.,.,.,ILE,N,A,173,.,.,.,ILE,CG1,1295,1300,3.52375,0,2.92287,0,0,0
A,173,.,.,.,ILE,CA,A,173,.,.,.,ILE,C,1296,1297,6.09068,0,1.52179,0,0,1
A,173,.,.,.,ILE,CA,A,173,.,.,.,ILE,O,1296,1298,0.499428,0,2.40148,0,0,0
A,173,.,.,.,ILE,CA,A,173,.,.,.,ILE,CB,1296,1299,7.30693,0,1.53902,0,0,1
A,173,.,.,.,ILE,CA,A,173,.,.,.,ILE,CG1,1296,1300,1.95844,0,2.53211,0,0,0
A,173,.,.,.,ILE,CA,A,173,.,.,.,ILE,CG2,1296,1301,2.29999,0,2.5315,0,0,0
A,173,.,.,.,ILE,CA,A,174,.,.,.,GLN,N,1296,1303,2.65724,0,2.42388,0,1,0
A,173,.,.,.,ILE,CA,A,182,.,.,.,VAL,O,1296,1360,2.65725,0,3.5017,-4.07765,5,0
A,173,.,.,.,ILE,CA,A,183,.,.,.,ILE,CA,1296,1365,1.32941,0,4.38831,-0.821539,5,0
A,173,.,.,.,ILE,CA,A,183,.,.,.,ILE,CB,1296,1368,0.798783,0,4.73667,-1.01766,5,0
A,173,.,.,.,ILE,CA,A,183,.,.,.,ILE,CG1,1296,1369,0.0819522,0,4.79782,-0.0381098,5,0
A,173,.,.,.,ILE,C,A,173,.,.,.,ILE,O,1297,1298,8.61288,0,1.23541,0,0,1
A,173,.,.,.,ILE,C,A,173,.,.,.,ILE,CB,1297,1299,1.40217,0,2.53436,0,0,0
A,173,.,.,.,ILE,C,A,173,.,.,.,ILE,CG2,1297,1301,2.77612,0,3.03996,0,0,0
A,173,.,.,.,ILE,C,A,174,.,.,.,GLN,N,1297,1303,7.47079,0,1.32371,0,1,1
A,173,.,.,.,ILE,C,A,174,.,.,.,GLN,CA,1297,1304,1.89559,0,2.43184,0,1,0
A,173,.,.,.,ILE,C,A,174,.,.,.,GLN,C,1297,1305,0.159038,0,3.38462,0,1,0
A,173,.,.,.,ILE,C,A,174,.,.,.,GLN,CG,1297,1308,0.87683,0,3.76288,0,1,0
A,173,.,.,.,ILE,C,A,175,.,.,.,SER,N,1297,1312,0.394649,0,4.04467,0.862364,2,0
A,173,.,.,.,ILE,O,A,173,.,.,.,ILE,CB,1298,1299,1.9983,0,3.06213,0,0,0
A,173,.,.,.,ILE,O,A,173,.,.,.,ILE,CG2,1298,1301,0.442776,0,3.679,0,0,0
A,173,.,.,.,ILE,O,A,174,.,.,.,GLN,CA,1298,1304,3.20658,0,2.76765,0,1,0
A,173,.,.,.,ILE,O,A,174,.,.,.,GLN,CG,1298,1308,0.601868,0,3.92655,0,1,0
A,173,.,.,.,ILE,O,A,175,.,.,.,SER,N,1298,1312,0.562722,0,4.08051,0.451025,2,0
A,173,.,.,.,ILE,CB,A,173,.,.,.,ILE,CG1,1299,1300,8.47542,0,1.53669,0,0,1
A,173,.,.,.,ILE,CB,A,173,.,.,.,ILE,CG2,1299,1301,9.97924,0,1.53593,0,0,1
A,173,.,.,.,ILE,CB,A,173,.,.,.,ILE,CD1,1299,1302,2.55371,0,2.55463,0,0,0
A,173,.,.,.,ILE,CB,A,183,.,.,.,ILE,CB,1299,1368,0.0832263,0,5.0167,-0.10246,5,0
A,173,.,.,.,ILE,CG1,A,173,.,.,.,ILE,CG2,1300,1301,1.80331,0,2.51575,0,0,0
A,173,.,.,.,ILE,CG1,A,173,.,.,.,ILE,CD1,1300,1302,13.2315,0,1.51324,0,0,1
A,173,.,.,.,ILE,CG1,A,183,.,.,.,ILE,CB,1300,1368,1.36722,0,4.50788,-1.95293,5,0
A,173,.,.,.,ILE,CG1,A,183,.,.,.,ILE,CG1,1300,1369,3.54185,0,4.11747,-6.33648,5,0
A,173,.,.,.,ILE,CG1,A,183,.,.,.,ILE,CD1,1300,1371,3.05498,0,4.15157,-5.94185,5,0
A,173,.,.,.,ILE,CG2,A,173,.,.,.,ILE,CD1,1301,1302,4.02572,0,3.01198,0,0,0
A,173,.,.,.,ILE,CG2,A,174,.,.,.,GLN,N,1301,1303,2.25483,0,3.54796,0,1,0
A,173,.,.,.,ILE,CG2,A,174,.,.,.,GLN,C,1301,1305,1.19132,0,4.607,0,1,0
A,173,.,.,.,ILE,CG2,A,174,.,.,.,GLN,O,1301,1306,0.00955933,0,4.70786,0,1,0
A,173,.,.,.,ILE,CG2,A,175,.,.,.,SER,N,1301,1312,0.164994,0,5.00175,0.090301,2,0
A,173,.,.,.,ILE,CG2,A,181,.,.,.,CYS,CB,1301,1355,4.28515,0,4.20583,-5.66099,5,0
A,173,.,.,.,ILE,CG2,A,181,.,.,.,CYS,SG,1301,1356,3.0882,0,4.28287,-4.93433,5,0
A,173,.,.,.,ILE,CG2,A,182,.,.,.,VAL,C,1301,1359,0.330001,0,5.02569,-0.228003,5,0
A,173,.,.,.,ILE,CG2,A,182,.,.,.,VAL,O,1301,1360,1.70819,0,4.28364,0.00229619,5,0
A,173,.,.,.,ILE,CG2,A,183,.,.,.,ILE,CA,1301,1365,0.00241226,0,5.23851,-0.000121,5,0
A,173,.,.,.,ILE,CG2,A,183,.,.,.,ILE,CB,1301,1368,0.95083,0,5.05522,-1.30139,5,0
A,173,.,.,.,ILE,CD1,A,183,.,.,.,ILE,CD1,1302,1371,0.415853,0,4.58057,-0.495381,5,0
A,174,.,.,.,GLN,N,A,174,.,.,.,GLN,CA,1303,1304,6.48939,0,1.45524,0,0,1
A,174,.,.,.,GLN,N,A,174,.,.,.,GLN,C,1303,1305,2.01004,0,2.39919,0,0,0
A,174,.,.,.,GLN,N,A,174,.,.,.,GLN,O,1303,1306,1.1979,0,2.85969,0,0,0
A,174,.,.,.,GLN,N,A,174,.,.,.,GLN,CB,1303,1307,2.09258,0,2.46037,0,0,0
A,174,.,.,.,GLN,N,A,174,.,.,.,GLN,CG,1303,1308,2.07651,0,3.0973,0,0,0
A,174,.,.,.,GLN,N,A,181,.,.,.,CYS,CB,1303,1355,0.0463628,0,4.96031,0.0287664,5,0
A,174,.,.,.,GLN,N,A,182,.,.,.,VAL,O,1303,1360,6.5148,0,2.67308,-6.918,5,0
A,174,.,.,.,GLN,CA,A,174,.,.,.,GLN,C,1304,1305,6.6957,0,1.51752,0,0,1
A,174,.,.,.,GLN,CA,A,174,.,.,.,GLN,O,1304,1306,0.608072,0,2.39335,0,0,0
A,174,.,.,.,GLN,CA,A,174,.,.,.,GLN,CB,1304,1307,9.0254,0,1.52857,0,0,1
A,174,.,.,.,GLN,CA,A,174,.,.,.,GLN,CG,1304,1308,2.21746,0,2.5494,0,0,0
A,174,.,.,.,GLN,CA,A,175,.,.,.,SER,N,1304,1312,3.86624,0,2.4221,0,1,0
A,174,.,.,.,GLN,CA,A,182,.,.,.,VAL,O,1304,1360,0.0688144,0,3.58061,0.0495845,5,0
A,174,.,.,.,GLN,C,A,174,.,.,.,GLN,O,1305,1306,7.96295,0,1.239,0,0,1
A,174,.,.,.,GLN,C,A,174,.,.,.,GLN,CB,1305,1307,3.33241,0,2.51859,0,0,0
A,174,.,.,.,GLN,C,A,175,.,.,.,SER,N,1305,1312,8.1171,0,1.33062,0,1,1
A,174,.,.,.,GLN,C,A,175,.,.,.,SER,CA,1305,1313,1.43321,0,2.41642,0,1,0
A,174,.,.,.,GLN,C,A,175,.,.,.,SER,C,1305,1314,1.45738,0,3.05373,0,1,0
A,174,.,.,.,GLN,C,A,175,.,.,.,SER,O,1305,1315,0.860834,0,3.43639,0,1,0
A,174,.,.,.,GLN,C,A,176,.,.,.,THR,CG2,1305,1324,0.250059,0,4.67079,-0.0595959,2,0
A,174,.,.,.,GLN,C,A,181,.,.,.,CYS,CB,1305,1355,0.85128,0,4.10381,-0.273259,5,0
A,174,.,.,.,GLN,O,A,174,.,.,.,GLN,CB,1306,1307,2.25986,0,3.01835,0,0,0
A,174,.,.,.,GLN,O,A,175,.,.,.,SER,CA,1306,1313,1.82641,0,2.75771,0,1,0
A,174,.,.,.,GLN,O,A,175,.,.,.,SER,C,1306,1314,0.949483,0,3.13931,0,1,0
A,174,.,.,.,GLN,O,A,176,.,.,.,THR,N,1306,1318,0.557153,0,3.5194,0.659218,2,0
A,174,.,.,.,GLN,O,A,176,.,.,.,THR,CG2,1306,1324,3.36294,0,3.90075,0.291795,2,0
A,174,.,.,.,GLN,O,A,181,.,.,.,CYS,CA,1306,1352,2.32436,0,3.18954,-1.68815,5,0
A,174,.,.,.,GLN,O,A,181,.,.,.,CYS,CB,1306,1355,3.09366,0,3.28115,-0.697982,5,0
A,174,.,.,.,GLN,O,A,182,.,.,.,VAL,N,1306,1357,5.1705,0,2.698,-6.08009,5,0
A,174,.,.,.,GLN,O,A,182,.,.,.,VAL,O,1306,1360,1.13615,0,3.35635,0.696544,5,0
A,174,.,.,.,GLN,O,A,182,.,.,.,VAL,CB,1306,1361,0.947761,0,4.1241,-0.571838,5,0
A,174,.,.,.,GLN,CB,A,174,.,.,.,GLN,CG,1307,1308,11.1255,0.981863,1.52986,0,0,1
A,174,.,.,.,GLN,CB,A,174,.,.,.,GLN,CD,1307,1309,6.06244,3.0208,2.54612,0,0,0
A,174,.,.,.,GLN,CB,A,174,.,.,.,GLN,OE1,1307,1310,3.91872,0.521662,2.98911,0,0,0
A,174,.,.,.,GLN,CB,A,174,.,.,.,GLN,NE2,1307,1311,0.145332,0.777275,3.57402,0,0,0
A,174,.,.,.,GLN,CB,A,175,.,.,.,SER,N,1307,1312,0.262765,0,3.49358,0,1,0
A,174,.,.,.,GLN,CB,A,175,.,.,.,SER,O,1307,1315,3.38273,2.71911,4.66948,0,1,0
A,174,.,.,.,GLN,CB,A,176,.,.,.,THR,CG2,1307,1324,3.72612,2.47981,5.34313,0.386805,2,0
A,174,.,.,.,GLN,CB,A,182,.,.,.,VAL,O,1307,1360,2.40755,0,3.7553,-0.360495,5,0
A,174,.,.,.,GLN,CB,A,182,.,.,.,VAL,CB,1307,1361,5.5871,0.955011,4.63157,-3.53732,5,0
A,174,.,.,.,GLN,CG,A,174,.,.,.,GLN,CD,1308,1309,8.98307,0,1.51756,0,0,1
A,174,.,.,.,GLN,CG,A,174,.,.,.,GLN,OE1,1308,1310,1.03366,0,2.39604,0,0,0
A,174,.,.,.,GLN,CG,A,174,.,.,.,GLN,NE2,1308,1311,5.45787,1.03176,2.42412,0,0,0
A,174,.,.,.,GLN,CG,A,182,.,.,.,VAL,O,1308,1360,0.100784,0,4.49592,0.0230541,5,0
A,174,.,.,.,GLN,CD,A,174,.,.,.,GLN,OE1,1309,1310,13.7892,2.5399,1.2335,0,0,1
A,174,.,.,.,GLN,CD,A,174,.,.,.,GLN,NE2,1309,1311,15.2469,3.74568,1.3307,0,0,1
A,174,.,.,.,GLN,OE1,A,174,.,.,.,GLN,NE2,1310,1311,2.8391,2.79021,2.25071,0,0,0
A,174,.,.,.,GLN,OE1,A,182,.,.,.,VAL,O,1310,1360,1.80552,0,4.51281,0.740736,5,0
A,174,.,.,.,GLN,OE1,A,182,.,.,.,VAL,CB,1310,1361,3.39871,1.3234,4.60045,-0.294075,5,0
A,174,.,.,.,GLN,OE1,A,182,.,.,.,VAL,CG1,1310,1362,5.65249,0,4.49256,-1.04711,5,0
A,174,.,.,.,GLN,OE1,A,184,.,.,.,THR,N,1310,1372,0.010825,0,5.83763,0.00667929,5,0
A,174,.,.,.,GLN,OE1,A,184,.,.,.,THR,OG1,1310,1377,6.22376,1.69328,4.56777,-3.69324,5,0
A,175,.,.,.,SER,N,A,175,.,.,.,SER,CA,1312,1313,7.34998,0,1.45617,0,0,1
A,175,.,.,.,SER,N,A,175,.,.,.,SER,C,1312,1314,0.489198,0,2.44061,0,0,0
A,175,.,.,.,SER,N,A,175,.,.,.,SER,O,1312,1315,2.94988,0,2.8327,0,0,0
A,175,.,.,.,SER,N,A,175,.,.,.,SER,CB,1312,1316,3.91661,0,2.4531,0,0,0
A,175,.,.,.,SER,CA,A,175,.,.,.,SER,C,1313,1314,6.09594,0,1.52182,0,0,1
A,175,.,.,.,SER,CA,A,175,.,.,.,SER,O,1313,1315,0.656673,0,2.40057,0,0,0
A,175,.,.,.,SER,CA,A,175,.,.,.,SER,CB,1313,1316,9.32803,0,1.52077,0,0,1
A,175,.,.,.,SER,CA,A,175,.,.,.,SER,OG,1313,1317,1.18999,0,2.39394,0,0,0
A,175,.,.,.,SER,CA,A,176,.,.,.,THR,N,1313,1318,2.70969,0,2.42173,0,1,0
A,175,.,.,.,SER,CA,A,180,.,.,.,SER,O,1313,1348,1.85759,0,3.95249,-0.705317,5,0
A,175,.,.,.,SER,CA,A,181,.,.,.,CYS,CA,1313,1352,0.920756,0,4.21971,0.25012,5,0
A,175,.,.,.,SER,CA,A,181,.,.,.,CYS,CB,1313,1355,2.97941,0,4.13365,-0.0142181,5,0
A,175,.,.,.,SER,C,A,175,.,.,.,SER,O,1314,1315,8.85695,0,1.2348,0,0,1
A,175,.,.,.,SER,C,A,175,.,.,.,SER,CB,1314,1316,2.17252,0,2.48593,0,0,0
A,175,.,.,.,SER,C,A,175,.,.,.,SER,OG,1314,1317,1.1971,0,2.82743,0,0,0
A,175,.,.,.,SER,C,A,176,.,.,.,THR,N,1314,1318,6.62417,0,1.32634,0,1,1
A,175,.,.,.,SER,C,A,176,.,.,.,THR,CA,1314,1319,1.45024,0,2.44483,0,1,0
A,175,.,.,.,SER,C,A,176,.,.,.,THR,CG2,1314,1324,1.557,0,3.6194,0,1,0
A,175,.,.,.,SER,C,A,177,.,.,.,GLY,N,1314,1325,1.45444,0,3.43763,0.774025,2,0
A,175,.,.,.,SER,O,A,175,.,.,.,SER,CB,1315,1316,3.91118,1.32373,3.08871,0,0,0
A,175,.,.,.,SER,O,A,176,.,.,.,THR,CA,1315,1319,7.004,3.54379,2.79282,0,1,0
A,175,.,.,.,SER,O,A,176,.,.,.,THR,CG2,1315,1324,3.30851,2.19179,3.8565,0,1,0
A,175,.,.,.,SER,O,A,177,.,.,.,GLY,N,1315,1325,1.73035,2.11595,3.85165,0.493081,2,0
A,175,.,.,.,SER,CB,A,175,.,.,.,SER,OG,1316,1317,17.5578,4.77699,1.41582,0,0,1
A,175,.,.,.,SER,CB,A,177,.,.,.,GLY,N,1316,1325,0.0235978,0.106136,4.39237,0.0011036,2,0
A,175,.,.,.,SER,CB,A,180,.,.,.,SER,O,1316,1348,0.0523384,0,4.46014,-0.00913562,5,0
A,175,.,.,.,SER,OG,A,176,.,.,.,THR,N,1317,1318,1.21477,0,3.18876,0,1,0
A,175,.,.,.,SER,OG,A,177,.,.,.,GLY,N,1317,1325,4.9892,1.31567,3.40283,-0.384157,2,0
A,175,.,.,.,SER,OG,A,177,.,.,.,GLY,CA,1317,1326,1.87604,1.8165,4.08631,-0.0585306,2,0
A,175,.,.,.,SER,OG,A,177,.,.,.,GLY,C,1317,1327,2.2724,1.97392,3.89221,-0.999219,2,0
A,175,.,.,.,SER,OG,A,177,.,.,.,GLY,O,1317,1328,7.3216,2.74286,3.25455,-0.256954,2,0
A,175,.,.,.,SER,OG,A,180,.,.,.,SER,O,1317,1348,2.30782,0,3.83419,0.0121945,5,0
A,176,.,.,.,THR,N,A,176,.,.,.,THR,CA,1318,1319,6.04795,0,1.45886,0,0,1
A,176,.,.,.,THR,N,A,176,.,.,.,THR,C,1318,1320,0.418754,0,2.45462,0,0,0
A,176,.,.,.,THR,N,A,176,.,.,.,THR,CB,1318,1322,1.40764,0,2.46533,0,0,0
A,176,.,.,.,THR,N,A,176,.,.,.,THR,OG1,1318,1323,0.710752,0,2.88443,0,0,0
A,176,.,.,.,THR,N,A,176,.,.,.,THR,CG2,1318,1324,1.86156,0,2.95468,0,0,0
A,176,.,.,.,THR,N,A,177,.,.,.,GLY,N,1318,1325,2.51593,0,2.74388,0,1,0
A,176,.,.,.,THR,N,A,177,.,.,.,GLY,O,1318,1328,0.0623475,0,4.05782,0,1,0
A,176,.,.,.,THR,N,A,180,.,.,.,SER,C,1318,1347,5.04476e-05,0,3.95445,7.79859e-05,4,0
A,176,.,.,.,THR,N,A,180,.,.,.,SER,O,1318,1348,3.97314,0,3.16777,-4.27172,4,0
A,176,.,.,.,THR,N,A,181,.,.,.,CYS,CA,1318,1352,2.31068,0,3.83909,2.78449,5,0
A,176,.,.,.,THR,CA,A,176,.,.,.,THR,C,1319,1320,11.0339,2.9556,1.52577,0,0,1
A,176,.,.,.,THR,CA,A,176,.,.,.,THR,O,1319,1321,0.262283,0.325304,2.40564,0,0,0
A,176,.,.,.,THR,CA,A,176,.,.,.,THR,CB,1319,1322,10.9305,2.48434,1.52812,0,0,1
A,176,.,.,.,THR,CA,A,176,.,.,.,THR,OG1,1319,1323,0.457327,0,2.42375,0,0,0
A,176,.,.,.,THR,CA,A,176,.,.,.,THR,CG2,1319,1324,3.41129,1.24792,2.51457,0,0,0
A,176,.,.,.,THR,CA,A,177,.,.,.,GLY,N,1319,1325,2.44247,0.66028,2.43056,0,1,0
A,176,.,.,.,THR,CA,A,180,.,.,.,SER,O,1319,1348,0.0274621,0,3.97641,0.0175311,4,0
A,176,.,.,.,THR,C,A,176,.,.,.,THR,O,1320,1321,10.0199,2.54721,1.22891,0,0,1
A,176,.,.,.,THR,C,A,176,.,.,.,THR,CB,1320,1322,0.937814,0,2.5089,0,0,0
A,176,.,.,.,THR,C,A,176,.,.,.,THR,OG1,1320,1323,0.453167,0,2.93071,0,0,0
A,176,.,.,.,THR,C,A,177,.,.,.,GLY,N,1320,1325,9.70663,1.86703,1.32857,0,1,1
A,176,.,.,.,THR,C,A,177,.,.,.,GLY,CA,1320,1326,2.70946,0.902767,2.42492,0,1,0
A,176,.,.,.,THR,C,A,177,.,.,.,GLY,C,1320,1327,3.58692e-05,0,3.42038,0,1,0
A,176,.,.,.,THR,C,A,177,.,.,.,GLY,O,1320,1328,0.0817464,0,3.55613,0,1,0
A,176,.,.,.,THR,C,A,180,.,.,.,SER,O,1320,1348,0.451336,0,4.02537,0.518386,4,0
A,176,.,.,.,THR,C,A,180,.,.,.,SER,OG,1320,1350,2.06079,0,3.39998,1.81769,4,0
A,176,.,.,.,THR,O,A,176,.,.,.,THR,CB,1321,1322,7.88773,4.59244,2.76753,0,0,0
A,176,.,.,.,THR,O,A,176,.,.,.,THR,OG1,1321,1323,0.117403,0,3.0161,0,0,0
A,176,.,.,.,THR,O,A,177,.,.,.,GLY,CA,1321,1326,8.42201,5.28839,2.75733,0,1,0
A,176,.,.,.,THR,O,A,180,.,.,.,SER,OG,1321,1350,7.30841,3.92516,3.06729,0.673783,4,0
A,176,.,.,.,THR,CB,A,176,.,.,.,THR,OG1,1322,1323,12.9039,3.40976,1.43421,0,0,1
A,176,.,.,.,THR,CB,A,176,.,.,.,THR,CG2,1322,1324,18.5223,7.26778,1.52684,0,0,1
A,176,.,.,.,THR,CB,A,180,.,.,.,SER,OG,1322,1350,0.235971,0.448425,3.60846,-0.162994,4,0
A,176,.,.,.,THR,CB,A,181,.,.,.,CYS,CA,1322,1352,0.165505,0,4.36962,-0.0149781,5,0
A,176,.,.,.,THR,OG1,A,176,.,.,.,THR,CG2,1323,1324,2.59787,0.519538,2.41822,0,0,0
A,176,.,.,.,THR,OG1,A,180,.,.,.,SER,C,1323,1347,1.59512,0,3.24817,1.09664,4,0
A,176,.,.,.,THR,OG1,A,180,.,.,.,SER,O,1323,1348,0.437642,0,3.38506,0.0932698,4,0
A,176,.,.,.,THR,OG1,A,180,.,.,.,SER,CB,1323,1349,4.92517,2.71596,3.26111,-2.4101,4,0
A,176,.,.,.,THR,OG1,A,180,.,.,.,SER,OG,1323,1350,6.29887,1.06404,2.47095,-5.08536,4,0
A,176,.,.,.,THR,OG1,A,181,.,.,.,CYS,N,1323,1351,2.22388,0,3.30071,-0.251698,5,0
A,176,.,.,.,THR,OG1,A,181,.,.,.,CYS,CA,1323,1352,1.96699,0,3.57266,-0.250008,5,0
A,176,.,.,.,THR,OG1,A,181,.,.,.,CYS,C,1323,1353,0.763981,0,4.02076,-0.0326414,5,0
A,176,.,.,.,THR,OG1,A,181,.,.,.,CYS,O,1323,1354,1.28623,1.03105,4.30112,0.0827966,5,0
A,176,.,.,.,THR,OG1,A,182,.,.,.,VAL,CG2,1323,1363,0.286275,0.670353,4.93215,-0.00846539,5,0
A,176,.,.,.,THR,CG2,A,181,.,.,.,CYS,CA,1324,1352,1.6146,0,4.22612,-0.125848,5,0
A,176,.,.,.,THR,CG2,A,181,.,.,.,CYS,C,1324,1353,1.47156,0,4.17824,0.400078,5,0
A,176,.,.,.,THR,CG2,A,182,.,.,.,VAL,N,1324,1357,1.37367,0,4.11003,0.799228,5,0
A,176,.,.,.,THR,CG2,A,182,.,.,.,VAL,CB,1324,1361,1.46367,0.271678,4.4514,-1.12055,5,0
A,176,.,.,.,THR,CG2,A,182,.,.,.,VAL,CG2,1324,1363,15.8558,7.5673,3.63314,-18.1273,5,0
A,177,.,.,.,GLY,N,A,177,.,.,.,GLY,CA,1325,1326,13.8387,4.35185,1.44044,0,0,1
A,177,.,.,.,GLY,N,A,177,.,.,.,GLY,C,1325,1327,0.291846,0,2.43757,0,0,0
A,177,.,.,.,GLY,N,A,177,.,.,.,GLY,O,1325,1328,2.57667,0,2.69431,0,0,0
A,177,.,.,.,GLY,N,A,180,.,.,.,SER,O,1325,1348,0.199861,0,4.00062,-0.100968,3,0
A,177,.,.,.,GLY,CA,A,177,.,.,.,GLY,C,1326,1327,12.4784,1.27678,1.51359,0,0,1
A,177,.,.,.,GLY,CA,A,177,.,.,.,GLY,O,1326,1328,0.0036393,0,2.40132,0,0,0
A,177,.,.,.,GLY,CA,A,178,.,.,.,PRO,N,1326,1329,0.220391,0,2.42605,0,1,0
A,177,.,.,.,GLY,CA,A,178,.,.,.,PRO,O,1326,1332,0.770658,0.733935,4.2458,0,1,0
A,177,.,.,.,GLY,CA,A,178,.,.,.,PRO,CD,1326,1335,15.0569,9.44585,2.92715,0,1,0
A,177,.,.,.,GLY,CA,A,180,.,.,.,SER,OG,1326,1350,1.26375,0.218879,4.28198,-0.0394277,3,0
A,177,.,.,.,GLY,C,A,177,.,.,.,GLY,O,1327,1328,9.14079,0.258457,1.23556,0,0,1
A,177,.,.,.,GLY,C,A,178,.,.,.,PRO,N,1327,1329,9.27056,1.75769,1.32787,0,1,1
A,177,.,.,.,GLY,C,A,178,.,.,.,PRO,CA,1327,1330,2.14332,0.933845,2.41385,0,1,0
A,177,.,.,.,GLY,C,A,178,.,.,.,PRO,C,1327,1331,0.696097,0,3.00854,0,1,0
A,177,.,.,.,GLY,C,A,178,.,.,.,PRO,O,1327,1332,2.11343,0,3.20586,0,1,0
A,177,.,.,.,GLY,C,A,178,.,.,.,PRO,CD,1327,1335,0.0465811,0.0421957,2.51818,0,1,0
A,177,.,.,.,GLY,C,A,180,.,.,.,SER,N,1327,1345,0.0226174,0,4.24772,0.00933264,3,0
A,177,.,.,.,GLY,C,A,180,.,.,.,SER,OG,1327,1350,1.1813,0,4.18244,0.513356,3,0
A,177,.,.,.,GLY,O,A,178,.,.,.,PRO,CA,1328,1330,5.06833,2.21056,2.70455,0,1,0
A,177,.,.,.,GLY,O,A,178,.,.,.,PRO,C,1328,1331,1.38134,0,2.99508,0,1,0
A,177,.,.,.,GLY,O,A,178,.,.,.,PRO,O,1328,1332,0.00515293,0,3.39089,0,1,0
A,177,.,.,.,GLY,O,A,179,.,.,.,LYS,N,1328,1336,1.09475,0,3.57307,0.858375,2,0
A,177,.,.,.,GLY,O,A,180,.,.,.,SER,N,1328,1345,3.24668,0,3.44657,-1.62587,3,0
A,177,.,.,.,GLY,O,A,180,.,.,.,SER,O,1328,1348,6.04141,0,2.98821,5.30082,3,0
A,177,.,.,.,GLY,O,A,180,.,.,.,SER,OG,1328,1350,0.928995,0,3.86467,-0.0326035,3,0
A,178,.,.,.,PRO,N,A,178,.,.,.,PRO,CA,1329,1330,7.6836,1.48878,1.46657,0,0,1
A,178,.,.,.,PRO,N,A,178,.,.,.,PRO,C,1329,1331,0.242407,0,2.44461,0,0,0
A,178,.,.,.,PRO,N,A,178,.,.,.,PRO,O,1329,1332,1.13181,0,2.76017,0,0,0
A,178,.,.,.,PRO,N,A,178,.,.,.,PRO,CB,1329,1333,0.0263543,0.017658,2.35609,0,0,0
A,178,.,.,.,PRO,N,A,178,.,.,.,PRO,CD,1329,1335,9.20618,1.65318,1.47575,0,0,1
A,178,.,.,.,PRO,CA,A,178,.,.,.,PRO,C,1330,1331,6.27023,0,1.52037,0,0,1
A,178,.,.,.,PRO,CA,A,178,.,.,.,PRO,O,1330,1332,0.156373,0,2.40454,0,0,0
A,178,.,.,.,PRO,CA,A,178,.,.,.,PRO,CB,1330,1333,14.017,5.15201,1.53308,0,0,1
A,178,.,.,.,PRO,CA,A,178,.,.,.,PRO,CG,1330,1334,0.75537,0,2.39415,0,0,0
A,178,.,.,.,PRO,CA,A,178,.,.,.,PRO,CD,1330,1335,0.451982,0,2.4472,0,0,0
A,178,.,.,.,PRO,CA,A,179,.,.,.,LYS,N,1330,1336,6.63836,1.09707,2.41158,0,1,0
A,178,.,.,.,PRO,C,A,178,.,.,.,PRO,O,1331,1332,7.7394,0,1.23482,0,0,1
A,178,.,.,.,PRO,C,A,178,.,.,.,PRO,CB,1331,1333,3.0159,0,2.53163,0,0,0
A,178,.,.,.,PRO,C,A,178,.,.,.,PRO,CG,1331,1334,0.280241,0,3.20419,0,0,0
A,178,.,.,.,PRO,C,A,179,.,.,.,LYS,N,1331,1336,6.69893,0,1.32898,0,1,1
A,178,.,.,.,PRO,C,A,179,.,.,.,LYS,CA,1331,1337,0.613646,0,2.48244,0,1,0
A,178,.,.,.,PRO,C,A,179,.,.,.,LYS,C,1331,1338,0.0233762,0,3.16754,0,1,0
A,178,.,.,.,PRO,C,A,179,.,.,.,LYS,CB,1331,1340,0.953268,0,3.09066,0,1,0
A,178,.,.,.,PRO,C,A,179,.,.,.,LYS,CG,1331,1341,1.50699,0,3.63671,0,1,0
A,178,.,.,.,PRO,C,A,180,.,.,.,SER,N,1331,1345,1.558,0,3.17433,3.66792,2,0
A,178,.,.,.,PRO,O,A,178,.,.,.,PRO,CB,1332,1333,0.00657078,0,3.19493,0,0,0
A,178,.,.,.,PRO,O,A,178,.,.,.,PRO,CG,1332,1334,5.17103,2.99912,3.33293,0,0,0
A,178,.,.,.,PRO,O,A,178,.,.,.,PRO,CD,1332,1335,2.94065,1.77722,3.42651,0,0,0
A,178,.,.,.,PRO,O,A,179,.,.,.,LYS,CA,1332,1337,0.548359,0,2.85946,0,1,0
A,178,.,.,.,PRO,O,A,179,.,.,.,LYS,C,1332,1338,1.58119,0,3.1627,0,1,0
A,178,.,.,.,PRO,O,A,179,.,.,.,LYS,CB,1332,1340,6.60946,2.89332,3.07986,0,1,0
A,178,.,.,.,PRO,O,A,179,.,.,.,LYS,CG,1332,1341,0.277463,0,3.87103,0,1,0
A,178,.,.,.,PRO,O,A,179,.,.,.,LYS,CD,1332,1342,0.953162,1.53524,4.61796,0,1,0
A,178,.,.,.,PRO,O,A,180,.,.,.,SER,N,1332,1345,1.75669,0,3.18254,1.20542,2,0
A,178,.,.,.,PRO,O,A,180,.,.,.,SER,CB,1332,1349,2.80032,1.95652,4.28068,0.0755638,2,0
A,178,.,.,.,PRO,O,A,180,.,.,.,SER,OG,1332,1350,3.09941,1.71159,4.05127,0.0107333,2,0
A,178,.,.,.,PRO,CB,A,178,.,.,.,PRO,CG,1333,1334,18.6472,7.80973,1.50803,0,0,1
A,178,.,.,.,PRO,CB,A,178,.,.,.,PRO,CD,1333,1335,2.96824,1.87934,2.41448,0,0,0
A,178,.,.,.,PRO,CB,A,179,.,.,.,LYS,N,1333,1336,2.09153,1.31806,3.33877,0,1,0
A,178,.,.,.,PRO,CB,A,179,.,.,.,LYS,CG,1333,1341,5.53462,2.30022,4.74217,0,1,0
A,178,.,.,.,PRO,CB,A,179,.,.,.,LYS,CD,1333,1342,0.675222,0.39314,5.50473,0,1,0
A,178,.,.,.,PRO,CB,A,179,.,.,.,LYS,CE,1333,1343,0.930013,2.33653,5.9025,0,1,0
A,178,.,.,.,PRO,CG,A,178,.,.,.,PRO,CD,1334,1335,19.8909,9.51478,1.50714,0,0,1
A,178,.,.,.,PRO,CG,A,179,.,.,.,LYS,CG,1334,1341,0.00638447,0,5.54708,0,1,0
A,178,.,.,.,PRO,CG,A,179,.,.,.,LYS,CD,1334,1342,0.765064,1.71177,6.02026,0,1,0
A,179,.,.,.,LYS,N,A,179,.,.,.,LYS,CA,1336,1337,8.29151,0,1.46349,0,0,1
A,179,.,.,.,LYS,N,A,179,.,.,.,LYS,CB,1336,1340,0.426341,0,2.48137,0,0,0
A,179,.,.,.,LYS,N,A,179,.,.,.,LYS,CG,1336,1341,4.76313,1.75565,3.02796,0,0,0
A,179,.,.,.,LYS,N,A,180,.,.,.,SER,N,1336,1345,2.22441,0,2.83996,0,1,0
A,179,.,.,.,LYS,CA,A,179,.,.,.,LYS,C,1337,1338,7.67375,0,1.5295,0,0,1
A,179,.,.,.,LYS,CA,A,179,.,.,.,LYS,O,1337,1339,1.02377,0,2.38101,0,0,0
A,179,.,.,.,LYS,CA,A,179,.,.,.,LYS,CB,1337,1340,8.96676,0,1.53388,0,0,1
A,179,.,.,.,LYS,CA,A,179,.,.,.,LYS,CG,1337,1341,3.9085,0,2.57546,0,0,0
A,179,.,.,.,LYS,CA,A,180,.,.,.,SER,N,1337,1345,0.878572,0,2.48457,0,1,0
A,179,.,.,.,LYS,C,A,179,.,.,.,LYS,O,1338,1339,7.70755,0,1.23316,0,0,1
A,179,.,.,.,LYS,C,A,179,.,.,.,LYS,CB,1338,1340,2.59731,0,2.48347,0,0,0
A,179,.,.,.,LYS,C,A,180,.,.,.,SER,N,1338,1345,6.90881,0,1.33512,0,1,1
A,179,.,.,.,LYS,C,A,180,.,.,.,SER,CA,1338,1346,1.26265,0,2.41552,0,1,0
A,179,.,.,.,LYS,C,A,180,.,.,.,SER,CB,1338,1349,2.11226,0,3.21881,0,1,0
A,179,.,.,.,LYS,O,A,179,.,.,.,LYS,CB,1339,1340,5.33106,0,2.77387,0,0,0
A,179,.,.,.,LYS,O,A,180,.,.,.,SER,CA,1339,1346,2.675,0,2.7001,0,1,0
A,179,.,.,.,LYS,O,A,180,.,.,.,SER,CB,1339,1349,0.979177,0,3.29122,0,1,0
A,179,.,.,.,LYS,CB,A,179,.,.,.,LYS,CG,1340,1341,12.0298,2.04258,1.52395,0,0,1
A,179,.,.,.,LYS,CB,A,179,.,.,.,LYS,CD,1340,1342,11.4111,7.17466,2.50163,0,0,0
A,179,.,.,.,LYS,CB,A,180,.,.,.,SER,CB,1340,1349,0.0263419,0.340491,5.22268,0,1,0
A,179,.,.,.,LYS,CG,A,179,.,.,.,LYS,CD,1341,1342,13.7367,2.39784,1.5243,0,0,1
A,179,.,.,.,LYS,CG,A,179,.,.,.,LYS,CE,1341,1343,10.9201,6.76097,2.52055,0,0,0
A,179,.,.,.,LYS,CD,A,179,.,.,.,LYS,CE,1342,1343,15.7712,5.05255,1.51765,0,0,1
A,179,.,.,.,LYS,CD,A,179,.,.,.,LYS,NZ,1342,1344,9.4877,7.57287,2.48404,0,0,0
A,179,.,.,.,LYS,CE,A,179,.,.,.,LYS,NZ,1343,1344,21.6585,12.0276,1.49276,0,0,1
A,180,.,.,.,SER,N,A,180,.,.,.,SER,CA,1345,1346,6.99845,0,1.46175,0,0,1
A,180,.,.,.,SER,N,A,180,.,.,.,SER,C,1345,1347,0.670741,0,2.4617,0,0,0
A,180,.,.,.,SER,N,A,180,.,.,.,SER,O,1345,1348,2.37306,0,2.76606,0,0,0
A,180,.,.,.,SER,N,A,180,.,.,.,SER,CB,1345,1349,1.99334,0,2.48081,0,0,0
A,180,.,.,.,SER,N,A,180,.,.,.,SER,OG,1345,1350,0.873109,0,3.03353,0,0,0
A,180,.,.,.,SER,CA,A,180,.,.,.,SER,C,1346,1347,6.78708,0,1.52607,0,0,1
A,180,.,.,.,SER,CA,A,180,.,.,.,SER,O,1346,1348,0.350707,0,2.4125,0,0,0
A,180,.,.,.,SER,CA,A,180,.,.,.,SER,CB,1346,1349,8.41574,0,1.53792,0,0,1
A,180,.,.,.,SER,CA,A,180,.,.,.,SER,OG,1346,1350,0.653394,0,2.43546,0,0,0
A,180,.,.,.,SER,CA,A,181,.,.,.,CYS,N,1346,1351,2.00103,0,2.42229,0,1,0
A,180,.,.,.,SER,C,A,180,.,.,.,SER,O,1347,1348,7.74575,0,1.23468,0,0,1
A,180,.,.,.,SER,C,A,180,.,.,.,SER,CB,1347,1349,1.10785,0,2.50562,0,0,0
A,180,.,.,.,SER,C,A,180,.,.,.,SER,OG,1347,1350,0.943654,0,2.8211,0,0,0
A,180,.,.,.,SER,C,A,181,.,.,.,CYS,N,1347,1351,6.33905,0,1.33538,0,1,1
A,180,.,.,.,SER,C,A,181,.,.,.,CYS,CA,1347,1352,1.16599,0,2.43453,0,1,0
A,180,.,.,.,SER,C,A,181,.,.,.,CYS,CB,1347,1355,1.47516,0,3.15186,0,1,0
A,180,.,.,.,SER,O,A,180,.,.,.,SER,OG,1348,1350,1.07184,0,3.12644,0,0,0
A,180,.,.,.,SER,O,A,181,.,.,.,CYS,CA,1348,1352,1.78385,0,2.77147,0,1,0
A,180,.,.,.,SER,O,A,181,.,.,.,CYS,CB,1348,1355,2.34217,0,3.22906,0,1,0
A,180,.,.,.,SER,CB,A,180,.,.,.,SER,OG,1349,1350,14.381,4.78188,1.41538,0,0,1
A,180,.,.,.,SER,CB,A,181,.,.,.,CYS,N,1349,1351,1.73228,0,3.14013,0,1,0
A,181,.,.,.,CYS,N,A,181,.,.,.,CYS,CA,1351,1352,6.84023,0,1.45807,0,0,1
A,181,.,.,.,CYS,N,A,181,.,.,.,CYS,C,1351,1353,0.52801,0,2.43346,0,0,0
A,181,.,.,.,CYS,N,A,181,.,.,.,CYS,O,1351,1354,2.79829,0,2.67997,0,0,0
A,181,.,.,.,CYS,N,A,181,.,.,.,CYS,CB,1351,1355,1.14919,0,2.46989,0,0,0
A,181,.,.,.,CYS,N,A,181,.,.,.,CYS,SG,1351,1356,1.90005,0,3.23028,0,0,0
A,181,.,.,.,CYS,CA,A,181,.,.,.,CYS,C,1352,1353,7.44433,0,1.52521,0,0,1
A,181,.,.,.,CYS,CA,A,181,.,.,.,CYS,O,1352,1354,0.0305653,0,2.41268,0,0,0
A,181,.,.,.,CYS,CA,A,181,.,.,.,CYS,CB,1352,1355,7.88162,0,1.53229,0,0,1
A,181,.,.,.,CYS,CA,A,181,.,.,.,CYS,SG,1352,1356,0.817489,0,2.77932,0,0,0
A,181,.,.,.,CYS,CA,A,182,.,.,.,VAL,N,1352,1357,1.53423,0,2.41381,0,1,0
A,181,.,.,.,CYS,C,A,181,.,.,.,CYS,O,1353,1354,8.86946,0,1.23463,0,0,1
A,181,.,.,.,CYS,C,A,181,.,.,.,CYS,CB,1353,1355,0.687006,0,2.51152,0,0,0
A,181,.,.,.,CYS,C,A,181,.,.,.,CYS,SG,1353,1356,2.98091,0,3.10746,0,0,0
A,181,.,.,.,CYS,C,A,182,.,.,.,VAL,N,1353,1357,6.72957,0,1.33327,0,1,1
A,181,.,.,.,CYS,C,A,182,.,.,.,VAL,CA,1353,1358,1.94359,0,2.46104,0,1,0
A,181,.,.,.,CYS,C,A,182,.,.,.,VAL,CG2,1353,1363,1.72511,0,3.52107,0,1,0
A,181,.,.,.,CYS,O,A,181,.,.,.,CYS,SG,1354,1356,0.826605,0,3.51756,0,0,0
A,181,.,.,.,CYS,O,A,182,.,.,.,VAL,CA,1354,1358,3.46672,0,2.83242,0,1,0
A,181,.,.,.,CYS,O,A,182,.,.,.,VAL,CG2,1354,1363,3.46525,0.35346,3.56304,0,1,0
A,181,.,.,.,CYS,CB,A,181,.,.,.,CYS,SG,1355,1356,10.8225,0,1.80694,0,0,0
A,181,.,.,.,CYS,CB,A,182,.,.,.,VAL,N,1355,1357,2.49269,0,3.00804,0,1,0
A,181,.,.,.,CYS,CB,A,182,.,.,.,VAL,C,1355,1359,0.157232,0,4.5861,0,1,0
A,181,.,.,.,CYS,CB,A,182,.,.,.,VAL,O,1355,1360,0.401937,0,4.5433,0,1,0
A,181,.,.,.,CYS,SG,A,182,.,.,.,VAL,N,1356,1357,0.596452,0,3.7063,0,1,0
A,181,.,.,.,CYS,SG,A,182,.,.,.,VAL,CA,1356,1358,0.606024,0,4.57731,0,1,0
A,181,.,.,.,CYS,SG,A,182,.,.,.,VAL,C,1356,1359,1.75589,0,4.66478,0,1,0
A,181,.,.,.,CYS,SG,A,183,.,.,.,ILE,N,1356,1364,0.665998,0,5.03835,0.0999736,2,0
A,181,.,.,.,CYS,SG,A,183,.,.,.,ILE,CG2,1356,1370,0.0374076,0,5.63187,-0.0134235,2,0
A,182,.,.,.,VAL,N,A,182,.,.,.,VAL,CA,1357,1358,6.47478,0,1.45908,0,0,1
A,182,.,.,.,VAL,N,A,182,.,.,.,VAL,C,1357,1359,1.71249,0,2.40794,0,0,0
A,182,.,.,.,VAL,N,A,182,.,.,.,VAL,O,1357,1360,1.64492,0,2.78411,0,0,0
A,182,.,.,.,VAL,N,A,182,.,.,.,VAL,CB,1357,1361,2.15363,0,2.48817,0,0,0
A,182,.,.,.,VAL,N,A,182,.,.,.,VAL,CG2,1357,1363,1.37055,0,2.98103,0,0,0
A,182,.,.,.,VAL,CA,A,182,.,.,.,VAL,C,1358,1359,6.51195,0,1.52257,0,0,1
A,182,.,.,.,VAL,CA,A,182,.,.,.,VAL,O,1358,1360,0.500462,0,2.39579,0,0,0
A,182,.,.,.,VAL,CA,A,182,.,.,.,VAL,CB,1358,1361,7.24639,0,1.54174,0,0,1
A,182,.,.,.,VAL,CA,A,182,.,.,.,VAL,CG1,1358,1362,1.49136,0,2.52584,0,0,0
A,182,.,.,.,VAL,CA,A,182,.,.,.,VAL,CG2,1358,1363,1.85557,0,2.5249,0,0,0
A,182,.,.,.,VAL,CA,A,183,.,.,.,ILE,N,1358,1364,3.34432,0,2.43317,0,1,0
A,182,.,.,.,VAL,C,A,182,.,.,.,VAL,O,1359,1360,9.17644,0,1.23573,0,0,1
A,182,.,.,.,VAL,C,A,182,.,.,.,VAL,CB,1359,1361,1.44354,0,2.51788,0,0,0
A,182,.,.,.,VAL,C,A,182,.,.,.,VAL,CG1,1359,1362,2.79611,0,2.94177,0,0,0
A,182,.,.,.,VAL,C,A,183,.,.,.,ILE,N,1359,1364,7.71183,0,1.32949,0,1,1
A,182,.,.,.,VAL,C,A,183,.,.,.,ILE,CA,1359,1365,2.43482,0,2.43756,0,1,0
A,182,.,.,.,VAL,C,A,183,.,.,.,ILE,C,1359,1366,0.00200264,0,3.46101,0,1,0
A,182,.,.,.,VAL,C,A,183,.,.,.,ILE,CB,1359,1368,0.737246,0,3.5076,0,1,0
A,182,.,.,.,VAL,C,A,184,.,.,.,THR,N,1359,1372,0.0368873,0,4.26152,0.0775165,2,0
A,182,.,.,.,VAL,C,A,184,.,.,.,THR,OG1,1359,1377,4.79772e-05,0,5.38575,4.29783e-06,2,0
A,182,.,.,.,VAL,O,A,182,.,.,.,VAL,CB,1360,1361,1.82102,0,3.10849,0,0,0
A,182,.,.,.,VAL,O,A,182,.,.,.,VAL,CG1,1360,1362,0.424483,0,3.64745,0,0,0
A,182,.,.,.,VAL,O,A,183,.,.,.,ILE,CA,1360,1365,3.66812,0,2.77704,0,1,0
A,182,.,.,.,VAL,O,A,183,.,.,.,ILE,CB,1360,1368,0.0382573,0,3.85981,0,1,0
A,182,.,.,.,VAL,O,A,184,.,.,.,THR,N,1360,1372,0.259211,0,4.31884,0.210169,2,0
A,182,.,.,.,VAL,O,A,184,.,.,.,THR,OG1,1360,1377,0.045105,0,5.41606,0.00950998,2,0
A,182,.,.,.,VAL,CB,A,182,.,.,.,VAL,CG1,1361,1362,11.9932,0,1.52368,0,0,1
A,182,.,.,.,VAL,CB,A,182,.,.,.,VAL,CG2,1361,1363,12.8874,1.5492,1.52695,0,0,1
A,182,.,.,.,VAL,CG1,A,182,.,.,.,VAL,CG2,1362,1363,4.16347,0,2.5087,0,0,0
A,182,.,.,.,VAL,CG1,A,183,.,.,.,ILE,N,1362,1364,2.9122,0,3.2989,0,1,0
A,182,.,.,.,VAL,CG1,A,183,.,.,.,ILE,CA,1362,1365,0.00203797,0,4.38302,0,1,0
A,182,.,.,.,VAL,CG1,A,183,.,.,.,ILE,C,1362,1366,1.80065,0,4.4114,0,1,0
A,182,.,.,.,VAL,CG1,A,183,.,.,.,ILE,O,1362,1367,0.928609,0,4.34125,0,1,0
A,182,.,.,.,VAL,CG1,A,184,.,.,.,THR,N,1362,1372,0.0396398,0,5.07338,0.0234669,2,0
A,182,.,.,.,VAL,CG1,A,184,.,.,.,THR,OG1,1362,1377,3.61746,0,4.64897,-1.47973,2,0
A,183,.,.,.,ILE,N,A,183,.,.,.,ILE,CA,1364,1365,6.26551,0,1.45788,0,0,1
A,183,.,.,.,ILE,N,A,183,.,.,.,ILE,C,1364,1366,1.39579,0,2.42407,0,0,0
A,183,.,.,.,ILE,N,A,183,.,.,.,ILE,O,1364,1367,1.57882,0,2.81897,0,0,0
A,183,.,.,.,ILE,N,A,183,.,.,.,ILE,CB,1364,1368,2.56641,0,2.48546,0,0,0
A,183,.,.,.,ILE,N,A,183,.,.,.,ILE,CG2,1364,1370,3.27844,0,2.9383,0,0,0
A,183,.,.,.,ILE,CA,A,183,.,.,.,ILE,C,1365,1366,6.6157,0,1.5215,0,0,1
A,183,.,.,.,ILE,CA,A,183,.,.,.,ILE,O,1365,1367,0.237468,0,2.40041,0,0,0
A,183,.,.,.,ILE,CA,A,183,.,.,.,ILE,CB,1365,1368,8.3755,0,1.53848,0,0,1
A,183,.,.,.,ILE,CA,A,183,.,.,.,ILE,CG1,1365,1369,1.34525,0,2.52165,0,0,0
A,183,.,.,.,ILE,CA,A,183,.,.,.,ILE,CG2,1365,1370,0.734337,0,2.52551,0,0,0
A,183,.,.,.,ILE,CA,A,184,.,.,.,THR,N,1365,1372,2.62221,0,2.42133,0,1,0
A,183,.,.,.,ILE,C,A,183,.,.,.,ILE,O,1366,1367,8.42495,0,1.23739,0,0,1
A,183,.,.,.,ILE,C,A,183,.,.,.,ILE,CB,1366,1368,0.932477,0,2.51838,0,0,0
A,183,.,.,.,ILE,C,A,183,.,.,.,ILE,CG1,1366,1369,2.2875,0,2.95919,0,0,0
A,183,.,.,.,ILE,C,A,183,.,.,.,ILE,CG2,1366,1370,0.706515,0,3.05062,0,0,0
A,183,.,.,.,ILE,C,A,184,.,.,.,THR,N,1366,1372,7.54365,0,1.33146,0,1,1
A,183,.,.,.,ILE,C,A,184,.,.,.,THR,CA,1366,1373,2.12688,0,2.44975,0,1,0
A,183,.,.,.,ILE,C,A,184,.,.,.,THR,C,1366,1374,0.050693,0,3.4259,0,1,0
A,183,.,.,.,ILE,C,A,184,.,.,.,THR,OG1,1366,1377,1.281,0,3.55126,0,1,0
A,183,.,.,.,ILE,C,A,185,.,.,.,TYR,N,1366,1379,0.145332,0,4.12609,0.289368,2,0
A,183,.,.,.,ILE,C,A,212,.,.,.,MET,CE,1366,1596,0.186588,0,4.78259,-0.100623,5,0
A,183,.,.,.,ILE,O,A,183,.,.,.,ILE,CG2,1367,1370,3.59487,0,3.03284,0,0,0
A,183,.,.,.,ILE,O,A,184,.,.,.,THR,CA,1367,1373,3.15442,0,2.81412,0,1,0
A,183,.,.,.,ILE,O,A,184,.,.,.,THR,OG1,1367,1377,0.0490037,0,3.81157,0,1,0
A,183,.,.,.,ILE,O,A,185,.,.,.,TYR,N,1367,1379,0.0663771,0,4.20614,0.0413279,2,0
A,183,.,.,.,ILE,O,A,212,.,.,.,MET,CE,1367,1596,3.02354,0,4.06066,-1.77673,5,0
A,183,.,.,.,ILE,CB,A,183,.,.,.,ILE,CG1,1368,1369,8.06395,0,1.53497,0,0,1
A,183,.,.,.,ILE,CB,A,183,.,.,.,ILE,CG2,1368,1370,8.72965,0,1.5228,0,0,1
A,183,.,.,.,ILE,CB,A,183,.,.,.,ILE,CD1,1368,1371,1.73945,0,2.55208,0,0,0
A,183,.,.,.,ILE,CG1,A,183,.,.,.,ILE,CG2,1369,1370,2.28462,0,2.52961,0,0,0
A,183,.,.,.,ILE,CG1,A,183,.,.,.,ILE,CD1,1369,1371,12.4049,0,1.49767,0,0,1
A,183,.,.,.,ILE,CG1,A,184,.,.,.,THR,N,1369,1372,2.55642,0,3.29189,0,1,0
A,183,.,.,.,ILE,CG1,A,184,.,.,.,THR,C,1369,1374,2.38973,0,4.25708,0,1,0
A,183,.,.,.,ILE,CG1,A,184,.,.,.,THR,O,1369,1375,1.42798,0,4.26563,0,1,0
A,183,.,.,.,ILE,CG1,A,185,.,.,.,TYR,N,1369,1379,1.01958,0,4.76826,0.236783,2,0
A,183,.,.,.,ILE,CG1,A,185,.,.,.,TYR,CA,1369,1380,0.0131577,0,5.44583,0.000505739,2,0
A,183,.,.,.,ILE,CG1,A,185,.,.,.,TYR,CB,1369,1383,0.746156,0,5.56874,-0.790986,2,0
A,183,.,.,.,ILE,CG1,A,212,.,.,.,MET,CE,1369,1596,2.12026,0,4.77484,-2.33295,5,0
A,183,.,.,.,ILE,CG2,A,183,.,.,.,ILE,CD1,1370,1371,4.68282,0,3.08557,0,0,0
A,183,.,.,.,ILE,CG2,A,212,.,.,.,MET,CE,1370,1596,6.5946,0,3.88507,-11.138,5,0
A,183,.,.,.,ILE,CG2,A,215,.,.,.,MET,SD,1370,1621,0.809587,0,5.47756,-0.656843,5,0
A,183,.,.,.,ILE,CD1,A,185,.,.,.,TYR,CB,1371,1383,0.079905,0,5.80495,-0.0746095,2,0
A,183,.,.,.,ILE,CD1,A,212,.,.,.,MET,SD,1371,1595,0.72184,0,5.66654,-0.739518,5,0
A,183,.,.,.,ILE,CD1,A,212,.,.,.,MET,CE,1371,1596,1.99282,0,4.97875,-1.37955,5,0
A,183,.,.,.,ILE,CD1,A,215,.,.,.,MET,SD,1371,1621,8.38412,0,4.11165,-16.2403,5,0
A,183,.,.,.,ILE,CD1,A,215,.,.,.,MET,CE,1371,1622,5.07777e-05,0,4.98912,-3.51513e-05,5,0
A,184,.,.,.,THR,N,A,184,.,.,.,THR,CA,1372,1373,6.40749,0,1.45529,0,0,1
A,184,.,.,.,THR,N,A,184,.,.,.,THR,C,1372,1374,1.48755,0,2.41544,0,0,0
A,184,.,.,.,THR,N,A,184,.,.,.,THR,O,1372,1375,1.36296,0,2.86492,0,0,0
A,184,.,.,.,THR,N,A,184,.,.,.,THR,CB,1372,1376,3.26149,0,2.46032,0,0,0
A,184,.,.,.,THR,N,A,184,.,.,.,THR,OG1,1372,1377,2.52355,0,2.85072,0,0,0
A,184,.,.,.,THR,CA,A,184,.,.,.,THR,C,1373,1374,6.2014,0,1.52204,0,0,1
A,184,.,.,.,THR,CA,A,184,.,.,.,THR,O,1373,1375,0.49448,0,2.398,0,0,0
A,184,.,.,.,THR,CA,A,184,.,.,.,THR,CB,1373,1376,8.05559,0,1.52796,0,0,1
A,184,.,.,.,THR,CA,A,184,.,.,.,THR,OG1,1373,1377,0.928196,0,2.41948,0,0,0
A,184,.,.,.,THR,CA,A,184,.,.,.,THR,CG2,1373,1378,1.86301,0,2.51137,0,0,0
A,184,.,.,.,THR,CA,A,185,.,.,.,TYR,N,1373,1379,2.863,0,2.41978,0,1,0
A,184,.,.,.,THR,C,A,184,.,.,.,THR,O,1374,1375,8.694,0,1.23595,0,0,1
A,184,.,.,.,THR,C,A,184,.,.,.,THR,CB,1374,1376,1.25502,0,2.50862,0,0,0
A,184,.,.,.,THR,C,A,184,.,.,.,THR,CG2,1374,1378,2.61824,0,2.96682,0,0,0
A,184,.,.,.,THR,C,A,185,.,.,.,TYR,N,1374,1379,7.96397,0,1.32728,0,1,1
A,184,.,.,.,THR,C,A,185,.,.,.,TYR,CA,1374,1380,2.04437,0,2.45411,0,1,0
A,184,.,.,.,THR,C,A,185,.,.,.,TYR,C,1374,1381,0.651449,0,3.32171,0,1,0
A,184,.,.,.,THR,C,A,186,.,.,.,LEU,N,1374,1391,0.0157566,0,4.08229,0.0280723,2,0
A,184,.,.,.,THR,O,A,184,.,.,.,THR,CB,1375,1376,2.25494,0,3.02605,0,0,0
A,184,.,.,.,THR,O,A,184,.,.,.,THR,CG2,1375,1378,0.166963,0,3.5822,0,0,0
A,184,.,.,.,THR,O,A,185,.,.,.,TYR,CA,1375,1380,3.62597,0,2.82113,0,1,0
A,184,.,.,.,THR,O,A,185,.,.,.,TYR,C,1375,1381,0.0324754,0,3.66196,0,1,0
A,184,.,.,.,THR,O,A,186,.,.,.,LEU,N,1375,1391,1.16745,0,4.0449,1.1815,2,0
A,184,.,.,.,THR,CB,A,184,.,.,.,THR,OG1,1376,1377,12.595,0,1.43688,0,0,1
A,184,.,.,.,THR,CB,A,184,.,.,.,THR,CG2,1376,1378,11.8458,0,1.53148,0,0,1
A,184,.,.,.,THR,OG1,A,184,.,.,.,THR,CG2,1377,1378,3.49038,0.0911529,2.43351,0,0,0
A,184,.,.,.,THR,CG2,A,185,.,.,.,TYR,N,1378,1379,1.81844,0,3.45453,0,1,0
A,184,.,.,.,THR,CG2,A,185,.,.,.,TYR,C,1378,1381,1.82893,0,4.35855,0,1,0
A,184,.,.,.,THR,CG2,A,185,.,.,.,TYR,O,1378,1382,1.66697,0,4.15543,0,1,0
A,184,.,.,.,THR,CG2,A,186,.,.,.,LEU,N,1378,1391,0.0170529,0,5.00459,0.0127398,2,0
A,184,.,.,.,THR,CG2,A,186,.,.,.,LEU,CB,1378,1395,1.76905,0,5.27146,-1.35383,2,0
A,185,.,.,.,TYR,N,A,185,.,.,.,TYR,CA,1379,1380,7.06997,0,1.45782,0,0,1
A,185,.,.,.,TYR,N,A,185,.,.,.,TYR,C,1379,1381,1.26865,0,2.4143,0,0,0
A,185,.,.,.,TYR,N,A,185,.,.,.,TYR,O,1379,1382,1.44573,0,2.81126,0,0,0
A,185,.,.,.,TYR,N,A,185,.,.,.,TYR,CB,1379,1383,3.75124,0,2.44436,0,0,0
A,185,.,.,.,TYR,N,A,212,.,.,.,MET,CE,1379,1596,1.43375,0,4.70118,0.294267,5,0
A,185,.,.,.,TYR,CA,A,185,.,.,.,TYR,C,1380,1381,6.59855,0,1.52278,0,0,1
A,185,.,.,.,TYR,CA,A,185,.,.,.,TYR,O,1380,1382,0.589339,0,2.399,0,0,0
A,185,.,.,.,TYR,CA,A,185,.,.,.,TYR,CB,1380,1383,9.72467,0,1.52634,0,0,1
A,185,.,.,.,TYR,CA,A,185,.,.,.,TYR,CG,1380,1384,0.549301,0,2.58037,0,0,0
A,185,.,.,.,TYR,CA,A,185,.,.,.,TYR,CD1,1380,1385,0.910278,0,3.44134,0,0,0
A,185,.,.,.,TYR,CA,A,186,.,.,.,LEU,N,1380,1391,3.28091,0,2.42367,0,1,0
A,185,.,.,.,TYR,C,A,185,.,.,.,TYR,O,1381,1382,7.73559,0,1.23641,0,0,1
A,185,.,.,.,TYR,C,A,185,.,.,.,TYR,CB,1381,1383,0.746112,0,2.5172,0,0,0
A,185,.,.,.,TYR,C,A,185,.,.,.,TYR,CG,1381,1384,0.829212,0,2.91747,0,0,0
A,185,.,.,.,TYR,C,A,185,.,.,.,TYR,CD2,1381,1386,2.02759,0,3.22097,0,0,0
A,185,.,.,.,TYR,C,A,186,.,.,.,LEU,N,1381,1391,7.83082,0,1.3272,0,1,1
A,185,.,.,.,TYR,C,A,186,.,.,.,LEU,CA,1381,1392,1.75791,0,2.44579,0,1,0
A,185,.,.,.,TYR,C,A,186,.,.,.,LEU,CB,1381,1395,0.860402,0,3.42137,0,1,0
A,185,.,.,.,TYR,O,A,185,.,.,.,TYR,CB,1382,1383,0.920364,0,3.08513,0,0,0
A,185,.,.,.,TYR,O,A,185,.,.,.,TYR,CD2,1382,1386,3.23581,0,3.31831,0,0,0
A,185,.,.,.,TYR,O,A,186,.,.,.,LEU,CA,1382,1392,3.44607,0,2.79943,0,1,0
A,185,.,.,.,TYR,O,A,186,.,.,.,LEU,CB,1382,1395,0.271836,0,3.72898,0,1,0
A,185,.,.,.,TYR,CB,A,185,.,.,.,TYR,CG,1383,1384,7.26208,0,1.51202,0,0,1
A,185,.,.,.,TYR,CB,A,185,.,.,.,TYR,CD1,1383,1385,3.50852,0,2.52504,0,0,0
A,185,.,.,.,TYR,CB,A,185,.,.,.,TYR,CD2,1383,1386,3.50461,0,2.53561,0,0,0
A,185,.,.,.,TYR,CB,A,212,.,.,.,MET,SD,1383,1595,8.94725,0,3.89694,-15.6028,5,0
A,185,.,.,.,TYR,CB,A,212,.,.,.,MET,CE,1383,1596,2.31892,0,4.36351,-2.04212,5,0
A,185,.,.,.,TYR,CG,A,185,.,.,.,TYR,CD1,1384,1385,9.10615,0.073796,1.39324,0,0,1
A,185,.,.,.,TYR,CG,A,185,.,.,.,TYR,CD2,1384,1386,8.55651,0.063969,1.39775,0,0,1
A,185,.,.,.,TYR,CG,A,186,.,.,.,LEU,N,1384,1391,0.943787,0,3.43991,0,1,0
A,185,.,.,.,TYR,CG,A,186,.,.,.,LEU,C,1384,1393,0.000135459,0,4.63619,0,1,0
A,185,.,.,.,TYR,CG,A,212,.,.,.,MET,SD,1384,1595,1.44567,0.0697032,4.48632,-3.24611,5,0
A,185,.,.,.,TYR,CD1,A,185,.,.,.,TYR,CD2,1385,1386,1.4299,0.472377,2.3936,0,0,0
A,185,.,.,.,TYR,CD1,A,185,.,.,.,TYR,CE1,1385,1387,15.3538,1.87287,1.39133,0,0,1
A,185,.,.,.,TYR,CD1,A,185,.,.,.,TYR,CE2,1385,1388,0.00305125,0,2.77624,0,0,0
A,185,.,.,.,TYR,CD1,A,186,.,.,.,LEU,N,1385,1391,1.40016,0,4.01305,0,1,0
A,185,.,.,.,TYR,CD1,A,186,.,.,.,LEU,C,1385,1393,0.378857,0,4.82074,0,1,0
A,185,.,.,.,TYR,CD1,A,186,.,.,.,LEU,O,1385,1394,0.45679,0,4.77991,0,1,0
A,185,.,.,.,TYR,CD1,A,212,.,.,.,MET,SD,1385,1595,1.7318,1.88006,5.12394,-2.04981,5,0
A,185,.,.,.,TYR,CD1,A,215,.,.,.,MET,CE,1385,1622,0.0184652,0.407553,5.88766,-0.0229076,5,0
A,185,.,.,.,TYR,CD2,A,185,.,.,.,TYR,CE1,1386,1387,0.0189954,0.0106709,2.77451,0,0,0
A,185,.,.,.,TYR,CD2,A,185,.,.,.,TYR,CE2,1386,1388,18.1858,2.41224,1.39656,0,0,1
A,185,.,.,.,TYR,CD2,A,186,.,.,.,LEU,N,1386,1391,0.627981,0,3.75554,0,1,0
A,185,.,.,.,TYR,CD2,A,186,.,.,.,LEU,CA,1386,1392,1.00068,0,4.38999,0,1,0
A,185,.,.,.,TYR,CD2,A,186,.,.,.,LEU,C,1386,1393,0.483347,0,4.49788,0,1,0
A,185,.,.,.,TYR,CD2,A,187,.,.,.,ALA,N,1386,1399,0.365412,0,4.52149,0.0383712,2,0
A,185,.,.,.,TYR,CD2,A,208,.,.,.,ALA,CB,1386,1567,1.18267,0.845858,5.91306,-1.12676,5,0
A,185,.,.,.,TYR,CD2,A,212,.,.,.,MET,CG,1386,1594,0.436079,1.03596,5.69131,-0.516767,5,0
A,185,.,.,.,TYR,CD2,A,212,.,.,.,MET,SD,1386,1595,2.74007,1.53177,4.93606,-3.24323,5,0
A,185,.,.,.,TYR,CE1,A,185,.,.,.,TYR,CE2,1387,1388,0.220116,0.0437076,2.40627,0,0,0
A,185,.,.,.,TYR,CE1,A,185,.,.,.,TYR,CZ,1387,1389,13.6154,3.11196,1.38274,0,0,1
A,185,.,.,.,TYR,CE1,A,185,.,.,.,TYR,OH,1387,1390,5.64019,3.71756,2.37687,0,0,0
A,185,.,.,.,TYR,CE1,A,186,.,.,.,LEU,C,1387,1393,0.41038,0,4.86746,0,1,0
A,185,.,.,.,TYR,CE1,A,186,.,.,.,LEU,O,1387,1394,0.755428,0,4.7806,0,1,0
A,185,.,.,.,TYR,CE1,A,187,.,.,.,ALA,CB,1387,1403,1.91183,0,3.98916,-1.00395,2,0
A,185,.,.,.,TYR,CE2,A,185,.,.,.,TYR,CZ,1388,1389,13.0646,3.17108,1.39002,0,0,1
A,185,.,.,.,TYR,CE2,A,185,.,.,.,TYR,OH,1388,1390,4.59257,3.63149,2.40237,0,0,0
A,185,.,.,.,TYR,CE2,A,186,.,.,.,LEU,C,1388,1393,0.336243,0,4.54334,0,1,0
A,185,.,.,.,TYR,CE2,A,187,.,.,.,ALA,N,1388,1399,1.88593,0,4.24296,0.0030048,2,0
A,185,.,.,.,TYR,CE2,A,187,.,.,.,ALA,CB,1388,1403,5.47441,0.519647,3.61105,-2.87476,2,0
A,185,.,.,.,TYR,CE2,A,208,.,.,.,ALA,CB,1388,1567,4.41894,3.817,5.82847,-4.43074,5,0
A,185,.,.,.,TYR,CZ,A,185,.,.,.,TYR,OH,1389,1390,11.4371,3.11032,1.37585,0,0,1
A,185,.,.,.,TYR,CZ,A,186,.,.,.,LEU,C,1389,1393,0.0569112,0,4.73629,0,1,0
A,185,.,.,.,TYR,CZ,A,187,.,.,.,ALA,CB,1389,1403,3.40544,0,3.2716,-3.1134,2,0
A,185,.,.,.,TYR,OH,A,187,.,.,.,ALA,CB,1390,1403,9.99862,2.493,2.97525,-7.94046,2,0
A,185,.,.,.,TYR,OH,A,189,.,.,.,VAL,CG2,1390,1419,4.0208,4.48,5.20094,-2.36577,4,0
A,186,.,.,.,LEU,N,A,186,.,.,.,LEU,CA,1391,1392,6.88417,0,1.45892,0,0,1
A,186,.,.,.,LEU,N,A,186,.,.,.,LEU,C,1391,1393,1.99399,0,2.4128,0,0,0
A,186,.,.,.,LEU,N,A,186,.,.,.,LEU,O,1391,1394,1.48916,0,2.84213,0,0,0
A,186,.,.,.,LEU,N,A,186,.,.,.,LEU,CB,1391,1395,4.52251,0,2.46206,0,0,0
A,186,.,.,.,LEU,CA,A,186,.,.,.,LEU,C,1392,1393,6.46545,0,1.52149,0,0,1
A,186,.,.,.,LEU,CA,A,186,.,.,.,LEU,O,1392,1394,0.664111,0,2.39148,0,0,0
A,186,.,.,.,LEU,CA,A,186,.,.,.,LEU,CB,1392,1395,8.99919,0,1.53235,0,0,1
A,186,.,.,.,LEU,CA,A,186,.,.,.,LEU,CG,1392,1396,0.431851,0,2.65116,0,0,0
A,186,.,.,.,LEU,CA,A,186,.,.,.,LEU,CD1,1392,1397,2.04379,0,3.11535,0,0,0
A,186,.,.,.,LEU,CA,A,187,.,.,.,ALA,N,1392,1399,2.60667,0,2.43632,0,1,0
A,186,.,.,.,LEU,C,A,186,.,.,.,LEU,O,1393,1394,8.40744,0,1.23571,0,0,1
A,186,.,.,.,LEU,C,A,186,.,.,.,LEU,CB,1393,1395,0.627288,0,2.52131,0,0,0
A,186,.,.,.,LEU,C,A,186,.,.,.,LEU,CG,1393,1396,3.22529,0,3.05584,0,0,0
A,186,.,.,.,LEU,C,A,186,.,.,.,LEU,CD1,1393,1397,0.0295929,0,3.50838,0,0,0
A,186,.,.,.,LEU,C,A,187,.,.,.,ALA,N,1393,1399,7.20191,0,1.33356,0,1,1
A,186,.,.,.,LEU,C,A,187,.,.,.,ALA,CA,1393,1400,2.04944,0,2.41896,0,1,0
A,186,.,.,.,LEU,C,A,187,.,.,.,ALA,CB,1393,1403,1.23727,0,3.29188,0,1,0
A,186,.,.,.,LEU,O,A,186,.,.,.,LEU,CB,1394,1395,1.60735,0,3.04142,0,0,0
A,186,.,.,.,LEU,O,A,186,.,.,.,LEU,CG,1394,1396,1.85059,0,3.55053,0,0,0
A,186,.,.,.,LEU,O,A,187,.,.,.,ALA,CA,1394,1400,2.95235,0,2.74604,0,1,0
A,186,.,.,.,LEU,O,A,187,.,.,.,ALA,CB,1394,1403,0.957224,0,3.48618,0,1,0
A,186,.,.,.,LEU,CB,A,186,.,.,.,LEU,CG,1395,1396,8.5967,0,1.53171,0,0,1
A,186,.,.,.,LEU,CB,A,186,.,.,.,LEU,CD1,1395,1397,2.50386,0,2.51039,0,0,0
A,186,.,.,.,LEU,CB,A,186,.,.,.,LEU,CD2,1395,1398,4.53043,0,2.49029,0,0,0
A,186,.,.,.,LEU,CG,A,186,.,.,.,LEU,CD1,1396,1397,11.5061,0,1.50819,0,0,1
A,186,.,.,.,LEU,CG,A,186,.,.,.,LEU,CD2,1396,1398,11.1196,0,1.51616,0,0,1
A,186,.,.,.,LEU,CG,A,187,.,.,.,ALA,N,1396,1399,0.670174,0,3.62917,0,1,0
A,186,.,.,.,LEU,CG,A,187,.,.,.,ALA,CA,1396,1400,1.13184,0,4.68976,0,1,0
A,186,.,.,.,LEU,CG,A,187,.,.,.,ALA,C,1396,1401,0.140994,0,5.19331,0,1,0
A,186,.,.,.,LEU,CD1,A,186,.,.,.,LEU,CD2,1397,1398,5.64922,0,2.48385,0,0,0
A,186,.,.,.,LEU,CD1,A,187,.,.,.,ALA,N,1397,1399,3.05502,0,3.56292,0,1,0
A,186,.,.,.,LEU,CD1,A,187,.,.,.,ALA,CA,1397,1400,0.0566129,0,4.64599,0,1,0
A,186,.,.,.,LEU,CD1,A,187,.,.,.,ALA,C,1397,1401,1.49731,0,4.78926,0,1,0
A,186,.,.,.,LEU,CD1,A,187,.,.,.,ALA,O,1397,1402,1.06963,0,4.53735,0,1,0
A,187,.,.,.,ALA,N,A,187,.,.,.,ALA,CA,1399,1400,7.84625,0,1.45917,0,0,1
A,187,.,.,.,ALA,N,A,187,.,.,.,ALA,C,1399,1401,1.02008,0,2.46662,0,0,0
A,187,.,.,.,ALA,N,A,187,.,.,.,ALA,O,1399,1402,2.08808,0,2.79842,0,0,0
A,187,.,.,.,ALA,N,A,187,.,.,.,ALA,CB,1399,1403,3.0334,0,2.48051,0,0,0
A,187,.,.,.,ALA,CA,A,187,.,.,.,ALA,C,1400,1401,8.20983,0,1.52061,0,0,1
A,187,.,.,.,ALA,CA,A,187,.,.,.,ALA,O,1400,1402,0.617914,0,2.40921,0,0,0
A,187,.,.,.,ALA,CA,A,187,.,.,.,ALA,CB,1400,1403,9.19237,0,1.52432,0,0,1
A,187,.,.,.,ALA,CA,A,188,.,.,.,GLN,N,1400,1404,2.30639,0,2.39762,0,1,0
A,187,.,.,.,ALA,C,A,187,.,.,.,ALA,O,1401,1402,10.3988,0.637484,1.23355,0,0,1
A,187,.,.,.,ALA,C,A,187,.,.,.,ALA,CB,1401,1403,4.42974,0.755935,2.4582,0,0,0
A,187,.,.,.,ALA,C,A,188,.,.,.,GLN,N,1401,1404,8.41883,0,1.32914,0,1,1
A,187,.,.,.,ALA,C,A,188,.,.,.,GLN,CA,1401,1405,2.72804,0.465026,2.45933,0,1,0
A,187,.,.,.,ALA,C,A,188,.,.,.,GLN,CB,1401,1408,1.59874,0,3.32725,0,1,0
A,187,.,.,.,ALA,C,A,189,.,.,.,VAL,N,1401,1413,0.0632897,0.173383,4.15152,0.109635,2,0
A,187,.,.,.,ALA,O,A,187,.,.,.,ALA,CB,1402,1403,1.64373,0.582956,3.21003,0,0,0
A,187,.,.,.,ALA,O,A,188,.,.,.,GLN,CA,1402,1405,4.63139,1.16343,2.8436,0,1,0
A,187,.,.,.,ALA,O,A,188,.,.,.,GLN,CB,1402,1408,0.783148,0,3.5243,0,1,0
A,187,.,.,.,ALA,CB,A,188,.,.,.,GLN,N,1403,1404,2.43474,0,3.10945,0,1,0
A,187,.,.,.,ALA,CB,A,188,.,.,.,GLN,CA,1403,1405,0.00113579,0,4.33344,0,1,0
A,187,.,.,.,ALA,CB,A,189,.,.,.,VAL,N,1403,1413,0.719281,0.710322,4.97664,0.303009,2,0
A,187,.,.,.,ALA,CB,A,189,.,.,.,VAL,CB,1403,1417,0.113957,0.676432,5.40458,-0.125728,2,0
A,187,.,.,.,ALA,CB,A,189,.,.,.,VAL,CG2,1403,1419,7.97292,1.07731,4.40889,-12.4921,2,0
A,188,.,.,.,GLN,N,A,188,.,.,.,GLN,CA,1404,1405,7.25951,0,1.45449,0,0,1
A,188,.,.,.,GLN,N,A,188,.,.,.,GLN,C,1404,1406,2.48042,0,2.38367,0,0,0
A,188,.,.,.,GLN,N,A,188,.,.,.,GLN,O,1404,1407,0.40424,0,2.97608,0,0,0
A,188,.,.,.,GLN,N,A,188,.,.,.,GLN,CB,1404,1408,3.69837,0,2.45675,0,0,0
A,188,.,.,.,GLN,N,A,189,.,.,.,VAL,N,1404,1413,0.405296,0,3.19948,0,1,0
A,188,.,.,.,GLN,N,A,189,.,.,.,VAL,CG2,1404,1419,1.34849,0,4.30794,0,1,0
A,188,.,.,.,GLN,CA,A,188,.,.,.,GLN,C,1405,1406,6.22264,0,1.52761,0,0,1
A,188,.,.,.,GLN,CA,A,188,.,.,.,GLN,O,1405,1407,0.553088,0,2.39836,0,0,0
A,188,.,.,.,GLN,CA,A,188,.,.,.,GLN,CB,1405,1408,8.91707,0,1.52265,0,0,1
A,188,.,.,.,GLN,CA,A,188,.,.,.,GLN,CG,1405,1409,3.30853,0,2.54912,0,0,0
A,188,.,.,.,GLN,CA,A,189,.,.,.,VAL,N,1405,1413,8.11148,2.5086,2.39224,0,1,0
A,188,.,.,.,GLN,C,A,188,.,.,.,GLN,O,1406,1407,7.67603,0,1.2331,0,0,1
A,188,.,.,.,GLN,C,A,188,.,.,.,GLN,CB,1406,1408,0.790604,0,2.52878,0,0,0
A,188,.,.,.,GLN,C,A,188,.,.,.,GLN,CG,1406,1409,2.1607,0,3.10349,0,0,0
A,188,.,.,.,GLN,C,A,189,.,.,.,VAL,N,1406,1413,7.31139,0,1.30632,0,1,1
A,188,.,.,.,GLN,C,A,189,.,.,.,VAL,CA,1406,1414,1.52162,0,2.3958,0,1,0
A,188,.,.,.,GLN,C,A,189,.,.,.,VAL,CG2,1406,1419,2.11624,0,3.41028,0,1,0
A,188,.,.,.,GLN,O,A,188,.,.,.,GLN,CB,1407,1408,2.19342,0,2.90386,0,0,0
A,188,.,.,.,GLN,O,A,188,.,.,.,GLN,CG,1407,1409,0.10729,0,3.47305,0,0,0
A,188,.,.,.,GLN,O,A,189,.,.,.,VAL,CA,1407,1414,2.67566,0,2.79243,0,1,0
A,188,.,.,.,GLN,O,A,189,.,.,.,VAL,CG2,1407,1419,1.51258,0,3.65244,0,1,0
A,188,.,.,.,GLN,CB,A,188,.,.,.,GLN,CG,1408,1409,8.79163,0,1.52097,0,0,1
A,188,.,.,.,GLN,CB,A,188,.,.,.,GLN,CD,1408,1410,1.71966,0,2.51426,0,0,0
A,188,.,.,.,GLN,CB,A,188,.,.,.,GLN,OE1,1408,1411,4.28168,0,2.81664,0,0,0
A,188,.,.,.,GLN,CG,A,188,.,.,.,GLN,CD,1409,1410,9.73579,0,1.51085,0,0,1
A,188,.,.,.,GLN,CG,A,188,.,.,.,GLN,OE1,1409,1411,0.000114293,0,2.39282,0,0,0
A,188,.,.,.,GLN,CG,A,188,.,.,.,GLN,NE2,1409,1412,3.30102,0,2.41896,0,0,0
A,188,.,.,.,GLN,CG,A,189,.,.,.,VAL,N,1409,1413,0.384643,0,3.8682,0,1,0
A,188,.,.,.,GLN,CD,A,188,.,.,.,GLN,OE1,1410,1411,11.2841,0.565531,1.23585,0,0,1
A,188,.,.,.,GLN,CD,A,188,.,.,.,GLN,NE2,1410,1412,14.829,2.58934,1.33251,0,0,1
A,188,.,.,.,GLN,OE1,A,188,.,.,.,GLN,NE2,1411,1412,2.82739,3.24968,2.25423,0,0,0
A,189,.,.,.,VAL,N,A,189,.,.,.,VAL,CA,1413,1414,6.76298,0,1.41489,0,0,1
A,189,.,.,.,VAL,N,A,189,.,.,.,VAL,C,1413,1415,1.05236,0,2.46601,0,0,0
A,189,.,.,.,VAL,N,A,189,.,.,.,VAL,O,1413,1416,3.36793,1.83611,2.92913,0,0,0
A,189,.,.,.,VAL,N,A,189,.,.,.,VAL,CB,1413,1417,4.81719,2.14986,2.39567,0,0,0
A,189,.,.,.,VAL,N,A,189,.,.,.,VAL,CG2,1413,1419,2.35203,0,2.86377,0,0,0
A,189,.,.,.,VAL,CA,A,189,.,.,.,VAL,C,1414,1415,6.42982,0,1.50812,0,0,1
A,189,.,.,.,VAL,CA,A,189,.,.,.,VAL,O,1414,1416,0.596728,0,2.34318,0,0,0
A,189,.,.,.,VAL,CA,A,189,.,.,.,VAL,CB,1414,1417,6.83285,0,1.52635,0,0,1
A,189,.,.,.,VAL,CA,A,189,.,.,.,VAL,CG1,1414,1418,1.29334,0,2.49011,0,0,0
A,189,.,.,.,VAL,CA,A,189,.,.,.,VAL,CG2,1414,1419,1.83888,0,2.48274,0,0,0
A,189,.,.,.,VAL,CA,A,190,.,.,.,ASP,N,1414,1420,2.44913,0,2.40043,0,1,0
A,189,.,.,.,VAL,C,A,189,.,.,.,VAL,O,1415,1416,6.90063,0,1.18324,0,0,1
A,189,.,.,.,VAL,C,A,189,.,.,.,VAL,CB,1415,1417,0.982912,0,2.44811,0,0,0
A,189,.,.,.,VAL,C,A,189,.,.,.,VAL,CG1,1415,1418,2.33949,0,2.80856,0,0,0
A,189,.,.,.,VAL,C,A,190,.,.,.,ASP,N,1415,1420,6.40077,0,1.31656,0,1,1
A,189,.,.,.,VAL,C,A,190,.,.,.,ASP,CA,1415,1421,1.17061,0,2.42666,0,1,0
A,189,.,.,.,VAL,C,A,190,.,.,.,ASP,C,1415,1422,0.259018,0,3.2652,0,1,0
A,189,.,.,.,VAL,C,A,191,.,.,.,PRO,N,1415,1428,0.0306954,0,3.84945,0.0593845,2,0
A,189,.,.,.,VAL,C,A,191,.,.,.,PRO,CD,1415,1434,0.156154,0,3.91688,0.0387209,2,0
A,189,.,.,.,VAL,O,A,189,.,.,.,VAL,CB,1416,1417,5.34563,3.12922,2.91789,0,0,0
A,189,.,.,.,VAL,O,A,189,.,.,.,VAL,CG1,1416,1418,1.16016,0,3.31625,0,0,0
A,189,.,.,.,VAL,O,A,190,.,.,.,ASP,CA,1416,1421,1.421,0,2.76746,0,1,0
A,189,.,.,.,VAL,O,A,191,.,.,.,PRO,CG,1416,1433,1.64057,0.35742,4.06311,0.255516,2,0
A,189,.,.,.,VAL,O,A,191,.,.,.,PRO,CD,1416,1434,4.54054,0,3.34006,-0.624361,2,0
A,189,.,.,.,VAL,O,A,200,.,.,.,VAL,CG1,1416,1504,7.27304,4.12326,4.16962,-4.62371,5,0
A,189,.,.,.,VAL,CB,A,189,.,.,.,VAL,CG1,1417,1418,13.9365,3.84149,1.49567,0,0,1
A,189,.,.,.,VAL,CB,A,189,.,.,.,VAL,CG2,1417,1419,14.57,4.06139,1.4914,0,0,1
A,189,.,.,.,VAL,CB,A,191,.,.,.,PRO,CG,1417,1433,0.0163624,0.17058,5.75839,-0.011465,2,0
A,189,.,.,.,VAL,CG1,A,189,.,.,.,VAL,CG2,1418,1419,8.3579,4.23656,2.44601,0,0,0
A,189,.,.,.,VAL,CG1,A,190,.,.,.,ASP,N,1418,1420,1.9659,0,3.26835,0,1,0
A,189,.,.,.,VAL,CG1,A,190,.,.,.,ASP,C,1418,1422,2.09082,0,4.11022,0,1,0
A,189,.,.,.,VAL,CG1,A,190,.,.,.,ASP,O,1418,1423,1.11655,0,4.19573,0,1,0
A,189,.,.,.,VAL,CG1,A,191,.,.,.,PRO,N,1418,1428,0.883157,0,4.47828,-0.828698,2,0
A,189,.,.,.,VAL,CG1,A,191,.,.,.,PRO,CA,1418,1429,1.75956,0,5.03849,0.346253,2,0
A,189,.,.,.,VAL,CG1,A,191,.,.,.,PRO,CB,1418,1432,0.361118,0,5.51361,-0.0446761,2,0
A,189,.,.,.,VAL,CG1,A,191,.,.,.,PRO,CG,1418,1433,4.41235,2.76067,5.11258,-3.67837,2,0
A,189,.,.,.,VAL,CG1,A,191,.,.,.,PRO,CD,1418,1434,0.206232,0,4.97729,0.0303199,2,0
A,190,.,.,.,ASP,N,A,190,.,.,.,ASP,CA,1420,1421,6.29985,0,1.43411,0,0,1
A,190,.,.,.,ASP,N,A,190,.,.,.,ASP,C,1420,1422,1.49983,0,2.38529,0,0,0
A,190,.,.,.,ASP,N,A,190,.,.,.,ASP,O,1420,1423,0.680678,0,2.88816,0,0,0
A,190,.,.,.,ASP,N,A,190,.,.,.,ASP,CB,1420,1424,2.5407,0,2.4036,0,0,0
A,190,.,.,.,ASP,CA,A,190,.,.,.,ASP,C,1421,1422,6.19897,0,1.50516,0,0,1
A,190,.,.,.,ASP,CA,A,190,.,.,.,ASP,O,1421,1423,0.531599,0,2.33202,0,0,0
A,190,.,.,.,ASP,CA,A,190,.,.,.,ASP,CB,1421,1424,7.45308,0,1.51413,0,0,1
A,190,.,.,.,ASP,CA,A,190,.,.,.,ASP,CG,1421,1425,0.845775,0,2.51285,0,0,0
A,190,.,.,.,ASP,CA,A,190,.,.,.,ASP,OD2,1421,1427,1.66335,0,2.72517,0,0,0
A,190,.,.,.,ASP,CA,A,191,.,.,.,PRO,N,1421,1428,0.0329277,0,2.45064,0,1,0
A,190,.,.,.,ASP,CA,A,191,.,.,.,PRO,CD,1421,1434,4.89717,0,2.9175,0,1,0
A,190,.,.,.,ASP,C,A,190,.,.,.,ASP,O,1422,1423,7.77552,0,1.16596,0,0,1
A,190,.,.,.,ASP,C,A,190,.,.,.,ASP,CB,1422,1424,1.29567,0,2.47952,0,0,0
A,190,.,.,.,ASP,C,A,190,.,.,.,ASP,CG,1422,1425,0.233692,0,3.10199,0,0,0
A,190,.,.,.,ASP,C,A,190,.,.,.,ASP,OD2,1422,1427,1.16965,0,2.89644,0,0,0
A,190,.,.,.,ASP,C,A,191,.,.,.,PRO,N,1422,1428,6.97956,0,1.3521,0,1,1
A,190,.,.,.,ASP,C,A,191,.,.,.,PRO,CA,1422,1429,1.42422,0,2.47167,0,1,0
A,190,.,.,.,ASP,C,A,191,.,.,.,PRO,C,1422,1430,0.00103445,0,3.20977,0,1,0
A,190,.,.,.,ASP,C,A,191,.,.,.,PRO,CD,1422,1434,0.0769816,0,2.50379,0,1,0
A,190,.,.,.,ASP,C,A,192,.,.,.,LYS,N,1422,1435,1.49071,0,3.12237,1.85373,2,0
A,190,.,.,.,ASP,C,A,192,.,.,.,LYS,CG,1422,1440,0.159876,0,4.26768,-0.0034694,2,0
A,190,.,.,.,ASP,O,A,190,.,.,.,ASP,CB,1423,1424,2.61814,0,2.87109,0,0,0
A,190,.,.,.,ASP,O,A,191,.,.,.,PRO,CA,1423,1429,2.25609,0,2.74947,0,1,0
A,190,.,.,.,ASP,O,A,191,.,.,.,PRO,C,1423,1430,0.481989,0,3.27654,0,1,0
A,190,.,.,.,ASP,O,A,192,.,.,.,LYS,N,1423,1435,0.336484,0,3.30581,0.228278,2,0
A,190,.,.,.,ASP,O,A,192,.,.,.,LYS,CG,1423,1440,3.66489,0,3.6886,-0.136863,2,0
A,190,.,.,.,ASP,O,A,192,.,.,.,LYS,CD,1423,1441,0.203411,0,4.27343,0.0175279,2,0
A,190,.,.,.,ASP,CB,A,190,.,.,.,ASP,CG,1424,1425,10.1427,0,1.49373,0,0,1
A,190,.,.,.,ASP,CB,A,190,.,.,.,ASP,OD1,1424,1426,5.05456,0.73636,2.33407,0,0,0
A,190,.,.,.,ASP,CB,A,190,.,.,.,ASP,OD2,1424,1427,0.00980865,0,2.3272,0,0,0
A,190,.,.,.,ASP,CB,A,192,.,.,.,LYS,CG,1424,1440,0.071609,0,4.74166,-0.0188191,2,0
A,190,.,.,.,ASP,CB,A,192,.,.,.,LYS,CD,1424,1441,2.38452,0,4.4039,-1.34162,2,0
A,190,.,.,.,ASP,CB,A,257,.,.,.,ALA,CA,1424,1971,0.545109,0,5.60797,0.22795,5,0
A,190,.,.,.,ASP,CB,A,257,.,.,.,ALA,O,1424,1973,0.232822,0,5.15182,0.163364,5,0
A,190,.,.,.,ASP,CB,A,257,.,.,.,ALA,CB,1424,1974,2.33218,0.0232254,5.33168,-0.538356,5,0
A,190,.,.,.,ASP,CG,A,190,.,.,.,ASP,OD1,1425,1426,10.4017,0,1.20701,0,0,1
A,190,.,.,.,ASP,CG,A,190,.,.,.,ASP,OD2,1425,1427,9.20429,0,1.19769,0,0,1
A,190,.,.,.,ASP,CG,A,192,.,.,.,LYS,CG,1425,1440,0.222545,0,4.29563,-0.24808,2,0
A,190,.,.,.,ASP,CG,A,192,.,.,.,LYS,CD,1425,1441,3.72458,0,3.80096,-3.87453,2,0
A,190,.,.,.,ASP,CG,A,197,.,.,.,LYS,CE,1425,1476,2.79457,0,3.72307,-1.33109,5,0
A,190,.,.,.,ASP,CG,A,197,.,.,.,LYS,NZ,1425,1477,0.120358,0,3.56331,-0.259825,5,0
A,190,.,.,.,ASP,OD1,A,190,.,.,.,ASP,OD2,1426,1427,0.00181009,0,2.09783,0,0,0
A,190,.,.,.,ASP,OD1,A,192,.,.,.,LYS,CD,1426,1441,3.07625,0,3.81161,-2.9445,2,0
A,190,.,.,.,ASP,OD1,A,192,.,.,.,LYS,NZ,1426,1443,2.96764,1.44436,4.37617,-3.22606,2,0
A,190,.,.,.,ASP,OD1,A,197,.,.,.,LYS,CE,1426,1476,7.61448,4.6792,3.58404,-5.85664,5,0
A,190,.,.,.,ASP,OD1,A,197,.,.,.,LYS,NZ,1426,1477,2.33982,0.410572,3.58648,-2.54357,5,0
A,190,.,.,.,ASP,OD1,A,257,.,.,.,ALA,CA,1426,1971,0.0298018,0,5.03651,0.0189135,5,0
A,190,.,.,.,ASP,OD1,A,257,.,.,.,ALA,O,1426,1973,7.00845,2.44342,3.80119,10.4673,5,0
A,190,.,.,.,ASP,OD1,A,257,.,.,.,ALA,CB,1426,1974,4.26694,2.85429,4.8488,1.46466,5,0
A,190,.,.,.,ASP,OD2,A,191,.,.,.,PRO,N,1427,1428,0.304265,0,3.18927,0,1,0
A,190,.,.,.,ASP,OD2,A,191,.,.,.,PRO,CD,1427,1434,3.78471,0,3.45398,0,1,0
A,190,.,.,.,ASP,OD2,A,192,.,.,.,LYS,N,1427,1435,4.10641,0,2.86879,-0.115893,2,0
A,190,.,.,.,ASP,OD2,A,192,.,.,.,LYS,CA,1427,1436,1.90396,0,3.46015,1.20147,2,0
A,190,.,.,.,ASP,OD2,A,192,.,.,.,LYS,CG,1427,1440,0.164436,0,4.02423,-0.00893646,2,0
A,190,.,.,.,ASP,OD2,A,192,.,.,.,LYS,CD,1427,1441,0.888763,0,3.85442,-0.850698,2,0
A,190,.,.,.,ASP,OD2,A,197,.,.,.,LYS,CE,1427,1476,2.55476,0,3.30075,-1.96498,5,0
A,190,.,.,.,ASP,OD2,A,197,.,.,.,LYS,NZ,1427,1477,5.74991,0,2.80657,-8.03694,5,0
A,191,.,.,.,PRO,N,A,191,.,.,.,PRO,CA,1428,1429,5.83221,0,1.46529,0,0,1
A,191,.,.,.,PRO,N,A,191,.,.,.,PRO,CG,1428,1433,0.838036,0,2.3077,0,0,0
A,191,.,.,.,PRO,N,A,191,.,.,.,PRO,CD,1428,1434,6.31865,0,1.45962,0,0,1
A,191,.,.,.,PRO,N,A,192,.,.,.,LYS,N,1428,1435,1.46556,0,2.67397,0,1,0
A,191,.,.,.,PRO,CA,A,191,.,.,.,PRO,C,1429,1430,7.64295,0,1.53582,0,0,1
A,191,.,.,.,PRO,CA,A,191,.,.,.,PRO,O,1429,1431,1.7669,0,2.37307,0,0,0
A,191,.,.,.,PRO,CA,A,191,.,.,.,PRO,CB,1429,1432,10.8417,0,1.53817,0,0,1
A,191,.,.,.,PRO,CA,A,191,.,.,.,PRO,CG,1429,1433,0.900186,0,2.43023,0,0,0
A,191,.,.,.,PRO,CA,A,191,.,.,.,PRO,CD,1429,1434,0.803181,0,2.41871,0,0,0
A,191,.,.,.,PRO,CA,A,192,.,.,.,LYS,N,1429,1435,0.531925,0,2.45041,0,1,0
A,191,.,.,.,PRO,C,A,191,.,.,.,PRO,O,1430,1431,8.01495,0,1.21825,0,0,1
A,191,.,.,.,PRO,C,A,191,.,.,.,PRO,CB,1430,1432,3.12555,0,2.50392,0,0,0
A,191,.,.,.,PRO,C,A,191,.,.,.,PRO,CD,1430,1434,0.0247379,0,3.35064,0,0,0
A,191,.,.,.,PRO,C,A,192,.,.,.,LYS,N,1430,1435,6.91622,0,1.33735,0,1,1
A,191,.,.,.,PRO,C,A,192,.,.,.,LYS,CA,1430,1436,0.614687,0,2.48003,0,1,0
A,191,.,.,.,PRO,C,A,192,.,.,.,LYS,C,1430,1437,0.677235,0,2.94886,0,1,0
A,191,.,.,.,PRO,C,A,192,.,.,.,LYS,O,1430,1438,1.50967,0,3.21888,0,1,0
A,191,.,.,.,PRO,C,A,192,.,.,.,LYS,CB,1430,1439,0.677543,0,3.14744,0,1,0
A,191,.,.,.,PRO,C,A,192,.,.,.,LYS,CG,1430,1440,1.78846,0,3.48227,0,1,0
A,191,.,.,.,PRO,O,A,191,.,.,.,PRO,CB,1431,1432,1.10334,0,2.9944,0,0,0
A,191,.,.,.,PRO,O,A,192,.,.,.,LYS,CA,1431,1436,0.40357,0,2.84244,0,1,0
A,191,.,.,.,PRO,O,A,192,.,.,.,LYS,C,1431,1437,2.0556,0,2.84286,0,1,0
A,191,.,.,.,PRO,O,A,192,.,.,.,LYS,O,1431,1438,0.13265,0,3.24469,0,1,0
A,191,.,.,.,PRO,O,A,192,.,.,.,LYS,CB,1431,1439,1.69096,0,3.21796,0,1,0
A,191,.,.,.,PRO,O,A,192,.,.,.,LYS,CG,1431,1440,0.220713,0,3.81223,0,1,0
A,191,.,.,.,PRO,O,A,193,.,.,.,GLY,N,1431,1444,0.786961,0,3.29501,0.277548,2,0
A,191,.,.,.,PRO,CB,A,191,.,.,.,PRO,CG,1432,1433,16.3853,3.06388,1.51789,0,0,1
A,191,.,.,.,PRO,CB,A,191,.,.,.,PRO,CD,1432,1434,1.458,0,2.41512,0,0,0
A,191,.,.,.,PRO,CB,A,192,.,.,.,LYS,N,1432,1435,0.104664,0,3.43496,0,1,0
A,191,.,.,.,PRO,CB,A,192,.,.,.,LYS,O,1432,1438,1.70269,0,4.48178,0,1,0
A,191,.,.,.,PRO,CB,A,195,.,.,.,LEU,CB,1432,1458,0.371614,0,5.40563,-0.0317679,4,0
A,191,.,.,.,PRO,CB,A,195,.,.,.,LEU,CD1,1432,1460,8.26065,1.64889,4.23947,-7.73434,4,0
A,191,.,.,.,PRO,CG,A,191,.,.,.,PRO,CD,1433,1434,11.016,0,1.51441,0,0,1
A,191,.,.,.,PRO,CG,A,195,.,.,.,LEU,CB,1433,1458,0.381853,0,5.39016,-0.120756,4,0
A,191,.,.,.,PRO,CG,A,195,.,.,.,LEU,CD1,1433,1460,4.92968,2.13692,4.44901,-4.41697,4,0
A,191,.,.,.,PRO,CG,A,200,.,.,.,VAL,CG1,1433,1504,9.63855,4.65181,3.67454,-8.0352,5,0
A,191,.,.,.,PRO,CG,A,200,.,.,.,VAL,CG2,1433,1505,5.51613,0.0750817,3.79467,-4.38654,5,0
A,191,.,.,.,PRO,CD,A,192,.,.,.,LYS,N,1434,1435,3.03904,0,3.41985,0,1,0
A,191,.,.,.,PRO,CD,A,192,.,.,.,LYS,O,1434,1438,0.999037,0.41019,4.98492,0,1,0
A,191,.,.,.,PRO,CD,A,195,.,.,.,LEU,CB,1434,1458,0.201163,0.00659788,5.87462,0.0634002,4,0
A,191,.,.,.,PRO,CD,A,197,.,.,.,LYS,CD,1434,1475,0.755957,0,5.75049,0.355981,5,0
A,191,.,.,.,PRO,CD,A,197,.,.,.,LYS,CE,1434,1476,0.615167,0,5.44479,0.411945,5,0
A,191,.,.,.,PRO,CD,A,197,.,.,.,LYS,NZ,1434,1477,1.81539,0.314771,5.06165,1.36945,5,0
A,191,.,.,.,PRO,CD,A,200,.,.,.,VAL,CB,1434,1503,0.0123486,0,4.48458,-4.96202e-05,5,0
A,191,.,.,.,PRO,CD,A,200,.,.,.,VAL,CG1,1434,1504,3.33671,0,3.86729,-0.885626,5,0
A,191,.,.,.,PRO,CD,A,200,.,.,.,VAL,CG2,1434,1505,5.9619,0.524264,3.99298,-1.35826,5,0
A,192,.,.,.,LYS,N,A,192,.,.,.,LYS,CA,1435,1436,7.49766,0,1.48812,0,0,1
A,192,.,.,.,LYS,N,A,192,.,.,.,LYS,C,1435,1437,0.232528,0,2.46665,0,0,0
A,192,.,.,.,LYS,N,A,192,.,.,.,LYS,O,1435,1438,2.37399,0,2.84093,0,0,0
A,192,.,.,.,LYS,N,A,192,.,.,.,LYS,CB,1435,1439,0.290672,0,2.48411,0,0,0
A,192,.,.,.,LYS,N,A,192,.,.,.,LYS,CG,1435,1440,2.70813,0,2.87018,0,0,0
A,192,.,.,.,LYS,N,A,197,.,.,.,LYS,NZ,1435,1477,0.896905,0,4.15813,1.43211,5,0
A,192,.,.,.,LYS,CA,A,192,.,.,.,LYS,C,1436,1437,10.2652,0.353063,1.53315,0,0,1
A,192,.,.,.,LYS,CA,A,192,.,.,.,LYS,O,1436,1438,1.61801,0,2.39135,0,0,0
A,192,.,.,.,LYS,CA,A,192,.,.,.,LYS,CB,1436,1439,10.1609,0.974521,1.53301,0,0,1
A,192,.,.,.,LYS,CA,A,192,.,.,.,LYS,CG,1436,1440,0.899844,0,2.58179,0,0,0
A,192,.,.,.,LYS,CA,A,192,.,.,.,LYS,CD,1436,1441,2.32918,0,3.35893,0,0,0
A,192,.,.,.,LYS,CA,A,192,.,.,.,LYS,CE,1436,1442,0.177847,0,4.00261,0,0,0
A,192,.,.,.,LYS,CA,A,192,.,.,.,LYS,NZ,1436,1443,1.40152,1.30629,4.64026,0,0,0
A,192,.,.,.,LYS,CA,A,193,.,.,.,GLY,N,1436,1444,0.685769,0.231984,2.45122,0,1,0
A,192,.,.,.,LYS,CA,A,193,.,.,.,GLY,O,1436,1447,0.280444,1.57052,4.40674,0,1,0
A,192,.,.,.,LYS,CA,A,197,.,.,.,LYS,NZ,1436,1477,7.79113,1.8248,3.95541,11.2259,5,0
A,192,.,.,.,LYS,C,A,192,.,.,.,LYS,O,1437,1438,8.45193,0,1.24772,0,0,1
A,192,.,.,.,LYS,C,A,192,.,.,.,LYS,CB,1437,1439,0.0654894,0,2.53253,0,0,0
A,192,.,.,.,LYS,C,A,193,.,.,.,GLY,N,1437,1444,7.48745,0,1.33671,0,1,1
A,192,.,.,.,LYS,C,A,193,.,.,.,GLY,CA,1437,1445,1.15821,0,2.4623,0,1,0
A,192,.,.,.,LYS,C,A,193,.,.,.,GLY,C,1437,1446,0.568607,0,2.99814,0,1,0
A,192,.,.,.,LYS,C,A,193,.,.,.,GLY,O,1437,1447,3.55074,0.575038,3.21998,0,1,0
A,192,.,.,.,LYS,C,A,197,.,.,.,LYS,NZ,1437,1477,0.650318,0.276126,4.51823,0.381334,5,0
A,192,.,.,.,LYS,O,A,193,.,.,.,GLY,CA,1438,1445,1.45588,0,2.83818,0,1,0
A,192,.,.,.,LYS,O,A,193,.,.,.,GLY,C,1438,1446,2.58049,0,2.92236,0,1,0
A,192,.,.,.,LYS,O,A,193,.,.,.,GLY,O,1438,1447,1.63259,0.529148,3.27369,0,1,0
A,192,.,.,.,LYS,O,A,194,.,.,.,SER,N,1438,1448,0.827762,0,3.45861,0.844127,2,0
A,192,.,.,.,LYS,O,A,195,.,.,.,LEU,N,1438,1454,4.13611,0,3.68839,-2.94141,3,0
A,192,.,.,.,LYS,O,A,195,.,.,.,LEU,O,1438,1457,3.74715,0.567016,4.2083,3.92601,3,0
A,192,.,.,.,LYS,O,A,195,.,.,.,LEU,CB,1438,1458,4.45355,0.181641,4.3108,2.35961,3,0
A,192,.,.,.,LYS,O,A,195,.,.,.,LEU,CG,1438,1459,0.166678,0,4.94149,0.041028,3,0
A,192,.,.,.,LYS,O,A,195,.,.,.,LEU,CD1,1438,1460,0.436641,0,5.04652,0.342163,3,0
A,192,.,.,.,LYS,O,A,197,.,.,.,LYS,NZ,1438,1477,3.94362,0.628907,4.27299,2.58326,5,0
A,192,.,.,.,LYS,CB,A,192,.,.,.,LYS,CG,1439,1440,11.1057,0.421986,1.52376,0,0,1
A,192,.,.,.,LYS,CB,A,192,.,.,.,LYS,CD,1439,1441,1.27255,0,2.5371,0,0,0
A,192,.,.,.,LYS,CB,A,192,.,.,.,LYS,CE,1439,1442,9.91619,5.60119,2.98877,0,0,0
A,192,.,.,.,LYS,CB,A,192,.,.,.,LYS,NZ,1439,1443,0.0662527,0.250254,4.01174,0,0,0
A,192,.,.,.,LYS,CB,A,193,.,.,.,GLY,N,1439,1444,9.43576,4.40092,2.71757,0,1,0
A,192,.,.,.,LYS,CG,A,192,.,.,.,LYS,CD,1440,1441,11.684,0,1.51392,0,0,1
A,192,.,.,.,LYS,CG,A,192,.,.,.,LYS,CE,1440,1442,3.9175,0.601259,2.52646,0,0,0
A,192,.,.,.,LYS,CD,A,192,.,.,.,LYS,CE,1441,1442,11.6784,0,1.51428,0,0,1
A,192,.,.,.,LYS,CD,A,192,.,.,.,LYS,NZ,1441,1443,4.14595,0,2.4797,0,0,0
A,192,.,.,.,LYS,CD,A,197,.,.,.,LYS,NZ,1441,1477,0.307281,0,5.27356,0.242141,5,0
A,192,.,.,.,LYS,CD,A,257,.,.,.,ALA,O,1441,1973,4.22285,0,3.8881,0.270825,5,0
A,192,.,.,.,LYS,CE,A,192,.,.,.,LYS,NZ,1442,1443,19.4164,8.27225,1.48132,0,0,1
A,192,.,.,.,LYS,CE,A,255,.,.,.,GLN,NE2,1442,1959,0.0712208,0.768837,6.23189,-0.00735626,5,0
A,192,.,.,.,LYS,CE,A,256,.,.,.,HIS,O,1442,1963,0.967809,1.56944,5.64558,0.278262,5,0
A,192,.,.,.,LYS,CE,A,257,.,.,.,ALA,O,1442,1973,2.07962,0.430472,3.89946,0.529514,5,0
A,192,.,.,.,LYS,NZ,A,197,.,.,.,LYS,NZ,1443,1477,2.8561,2.89517,5.36455,0.670293,5,0
A,192,.,.,.,LYS,NZ,A,257,.,.,.,ALA,O,1443,1973,7.88343,0.824873,3.25634,-0.78509,5,0
A,192,.,.,.,LYS,NZ,A,258,.,.,.,ASP,CA,1443,1976,5.65634,2.10487,4.64126,-3.13415,5,0
A,192,.,.,.,LYS,NZ,A,258,.,.,.,ASP,CB,1443,1979,1.95079,2.99812,5.23356,-0.86907,5,0
A,192,.,.,.,LYS,NZ,A,259,.,.,.,SER,N,1443,1983,1.21977,2.90488,5.51059,1.20465,5,0
A,193,.,.,.,GLY,N,A,193,.,.,.,GLY,CA,1444,1445,12.5349,2.90784,1.47609,0,0,1
A,193,.,.,.,GLY,N,A,193,.,.,.,GLY,C,1444,1446,0.161528,0,2.48052,0,0,0
A,193,.,.,.,GLY,N,A,193,.,.,.,GLY,O,1444,1447,3.68282,2.37232,2.82385,0,0,0
A,193,.,.,.,GLY,CA,A,193,.,.,.,GLY,C,1445,1446,11.1809,2.87921,1.51933,0,0,1
A,193,.,.,.,GLY,CA,A,193,.,.,.,GLY,O,1445,1447,3.1115,2.20898,2.37869,0,0,0
A,193,.,.,.,GLY,CA,A,194,.,.,.,SER,N,1445,1448,7.24853,3.35979,2.43881,0,1,0
A,193,.,.,.,GLY,C,A,193,.,.,.,GLY,O,1446,1447,10.7485,2.35065,1.24682,0,0,1
A,193,.,.,.,GLY,C,A,194,.,.,.,SER,N,1446,1448,8.9298,0.683796,1.3374,0,1,1
A,193,.,.,.,GLY,C,A,194,.,.,.,SER,CA,1446,1449,2.74395,0,2.43496,0,1,0
A,193,.,.,.,GLY,C,A,194,.,.,.,SER,CB,1446,1452,1.03529,2.05967,3.49435,0,1,0
A,193,.,.,.,GLY,C,A,195,.,.,.,LEU,N,1446,1454,0.386659,0,3.63906,0.343607,2,0
A,193,.,.,.,GLY,O,A,194,.,.,.,SER,CA,1447,1449,9.04439,5.99818,2.82214,0,1,0
A,193,.,.,.,GLY,O,A,194,.,.,.,SER,C,1447,1450,0.0152819,0,3.83554,0,1,0
A,193,.,.,.,GLY,O,A,194,.,.,.,SER,CB,1447,1452,0.00122507,0.078248,3.96688,0,1,0
A,193,.,.,.,GLY,O,A,195,.,.,.,LEU,N,1447,1454,0.192329,0,4.1181,0.175338,2,0
A,193,.,.,.,GLY,O,A,195,.,.,.,LEU,O,1447,1457,0.525191,1.16491,5.24264,0.391552,2,0
A,193,.,.,.,GLY,O,A,197,.,.,.,LYS,NZ,1447,1477,0.236804,1.21842,5.74997,0.079654,4,0
A,194,.,.,.,SER,N,A,194,.,.,.,SER,CA,1448,1449,6.88704,0,1.44287,0,0,1
A,194,.,.,.,SER,N,A,194,.,.,.,SER,CB,1448,1452,7.10048,3.48511,2.39311,0,0,0
A,194,.,.,.,SER,N,A,194,.,.,.,SER,OG,1448,1453,2.52425,1.01888,2.99957,0,0,0
A,194,.,.,.,SER,N,A,195,.,.,.,LEU,N,1448,1454,4.62945,0,2.79116,0,1,0
A,194,.,.,.,SER,N,A,195,.,.,.,LEU,CG,1448,1459,0.320287,0,5.10463,0,1,0
A,194,.,.,.,SER,CA,A,194,.,.,.,SER,C,1449,1450,10.8406,2.53508,1.49922,0,0,1
A,194,.,.,.,SER,CA,A,194,.,.,.,SER,O,1449,1451,2.26183,1.79483,2.33127,0,0,0
A,194,.,.,.,SER,CA,A,194,.,.,.,SER,CB,1449,1452,13.8852,4.49385,1.49823,0,0,1
A,194,.,.,.,SER,CA,A,194,.,.,.,SER,OG,1449,1453,0.758816,0,2.35651,0,0,0
A,194,.,.,.,SER,CA,A,195,.,.,.,LEU,N,1449,1454,1.81095,0,2.40053,0,1,0
A,194,.,.,.,SER,CA,A,195,.,.,.,LEU,O,1449,1457,0.000672035,0.0203636,4.63,0,1,0
A,194,.,.,.,SER,C,A,194,.,.,.,SER,O,1450,1451,9.45385,1.45613,1.18562,0,0,1
A,194,.,.,.,SER,C,A,194,.,.,.,SER,CB,1450,1452,0.699174,0,2.40566,0,0,0
A,194,.,.,.,SER,C,A,194,.,.,.,SER,OG,1450,1453,2.97193,0,2.62196,0,0,0
A,194,.,.,.,SER,C,A,195,.,.,.,LEU,N,1450,1454,8.28317,0,1.30133,0,1,1
A,194,.,.,.,SER,C,A,195,.,.,.,LEU,CA,1450,1455,1.75802,0,2.4199,0,1,0
A,194,.,.,.,SER,C,A,195,.,.,.,LEU,C,1450,1456,1.72276,0.275251,3.10072,0,1,0
A,194,.,.,.,SER,C,A,195,.,.,.,LEU,O,1450,1457,1.96101,1.90283,3.5361,0,1,0
A,194,.,.,.,SER,O,A,194,.,.,.,SER,CB,1451,1452,6.06888,3.92637,2.73458,0,0,0
A,194,.,.,.,SER,O,A,194,.,.,.,SER,OG,1451,1453,3.91999,3.10413,2.84841,0,0,0
A,194,.,.,.,SER,O,A,195,.,.,.,LEU,CA,1451,1455,3.08916,0.679194,2.72073,0,1,0
A,194,.,.,.,SER,O,A,195,.,.,.,LEU,C,1451,1456,1.94564,0.764015,3.13814,0,1,0
A,194,.,.,.,SER,O,A,196,.,.,.,PRO,N,1451,1462,0.980799,0.79339,3.51931,-0.143878,2,0
A,194,.,.,.,SER,O,A,196,.,.,.,PRO,CG,1451,1467,1.20101,2.89912,4.46812,0.117343,2,0
A,194,.,.,.,SER,O,A,196,.,.,.,PRO,CD,1451,1468,8.40212,3.83922,3.53745,-0.25507,2,0
A,194,.,.,.,SER,CB,A,194,.,.,.,SER,OG,1452,1453,17.4411,8.44791,1.38955,0,0,1
A,194,.,.,.,SER,OG,A,195,.,.,.,LEU,N,1453,1454,1.33036,0,3.39326,0,1,0
A,194,.,.,.,SER,OG,A,195,.,.,.,LEU,CA,1453,1455,0.488918,0.247058,4.37127,0,1,0
A,194,.,.,.,SER,OG,A,195,.,.,.,LEU,CG,1453,1459,0.435004,0,5.12606,0,1,0
A,194,.,.,.,SER,OG,A,195,.,.,.,LEU,CD2,1453,1461,0.600789,0.845371,5.47959,0,1,0
A,195,.,.,.,LEU,N,A,195,.,.,.,LEU,CA,1454,1455,7.18871,0,1.45936,0,0,1
A,195,.,.,.,LEU,N,A,195,.,.,.,LEU,C,1454,1456,0.640195,0,2.45,0,0,0
A,195,.,.,.,LEU,N,A,195,.,.,.,LEU,O,1454,1457,2.81064,0,2.86094,0,0,0
A,195,.,.,.,LEU,N,A,195,.,.,.,LEU,CB,1454,1458,2.45717,0,2.44907,0,0,0
A,195,.,.,.,LEU,N,A,195,.,.,.,LEU,CG,1454,1459,4.57156,0,3.16488,0,0,0
A,195,.,.,.,LEU,CA,A,195,.,.,.,LEU,C,1455,1456,6.26115,0,1.5246,0,0,1
A,195,.,.,.,LEU,CA,A,195,.,.,.,LEU,O,1455,1457,0.674553,0,2.3917,0,0,0
A,195,.,.,.,LEU,CA,A,195,.,.,.,LEU,CB,1455,1458,7.62885,0,1.52002,0,0,1
A,195,.,.,.,LEU,CA,A,195,.,.,.,LEU,CG,1455,1459,2.24822,0,2.58876,0,0,0
A,195,.,.,.,LEU,CA,A,195,.,.,.,LEU,CD2,1455,1461,4.4579,0.913126,3.18865,0,0,0
A,195,.,.,.,LEU,CA,A,196,.,.,.,PRO,N,1455,1462,0.306165,0,2.46155,0,1,0
A,195,.,.,.,LEU,CA,A,196,.,.,.,PRO,CD,1455,1468,5.98984,0.375597,3.00876,0,1,0
A,195,.,.,.,LEU,C,A,195,.,.,.,LEU,O,1456,1457,8.82928,0.755806,1.23506,0,0,1
A,195,.,.,.,LEU,C,A,195,.,.,.,LEU,CB,1456,1458,2.75455,0,2.48226,0,0,0
A,195,.,.,.,LEU,C,A,196,.,.,.,PRO,N,1456,1462,7.81709,0.146141,1.33047,0,1,1
A,195,.,.,.,LEU,C,A,196,.,.,.,PRO,CA,1456,1463,1.81094,0.691193,2.4141,0,1,0
A,195,.,.,.,LEU,C,A,196,.,.,.,PRO,C,1456,1464,0.90395,0,2.96858,0,1,0
A,195,.,.,.,LEU,C,A,196,.,.,.,PRO,O,1456,1465,1.08153,0,3.1984,0,1,0
A,195,.,.,.,LEU,C,A,196,.,.,.,PRO,CD,1456,1468,0.170811,0,2.52748,0,1,0
A,195,.,.,.,LEU,C,A,200,.,.,.,VAL,CG2,1456,1505,0.0874696,0,4.7349,-0.061498,5,0
A,195,.,.,.,LEU,O,A,195,.,.,.,LEU,CB,1457,1458,2.97483,0.0723851,3.02406,0,0,0
A,195,.,.,.,LEU,O,A,196,.,.,.,PRO,CA,1457,1463,4.91549,2.32723,2.70517,0,1,0
A,195,.,.,.,LEU,O,A,196,.,.,.,PRO,C,1457,1464,2.27848,0,2.95887,0,1,0
A,195,.,.,.,LEU,O,A,196,.,.,.,PRO,O,1457,1465,0.00244715,0,3.40531,0,1,0
A,195,.,.,.,LEU,O,A,197,.,.,.,LYS,N,1457,1469,0.878196,0,3.48556,0.93253,2,0
A,195,.,.,.,LEU,O,A,197,.,.,.,LYS,CA,1457,1470,0.00107853,0,4.43581,0.00110881,2,0
A,195,.,.,.,LEU,O,A,197,.,.,.,LYS,CD,1457,1475,5.89879,1.29213,4.13388,0.0183429,2,0
A,195,.,.,.,LEU,O,A,197,.,.,.,LYS,NZ,1457,1477,5.588,2.60251,4.31474,-1.18667,2,0
A,195,.,.,.,LEU,O,A,200,.,.,.,VAL,CG2,1457,1505,2.19394,0.403713,4.58448,-0.656099,5,0
A,195,.,.,.,LEU,CB,A,195,.,.,.,LEU,CG,1458,1459,8.45826,0,1.51861,0,0,1
A,195,.,.,.,LEU,CB,A,195,.,.,.,LEU,CD1,1458,1460,4.83326,0,2.48088,0,0,0
A,195,.,.,.,LEU,CB,A,195,.,.,.,LEU,CD2,1458,1461,3.65745,0,2.48662,0,0,0
A,195,.,.,.,LEU,CB,A,196,.,.,.,PRO,N,1458,1462,0.238509,0,3.4129,0,1,0
A,195,.,.,.,LEU,CB,A,196,.,.,.,PRO,O,1458,1465,1.36071,0,4.11937,0,1,0
A,195,.,.,.,LEU,CB,A,196,.,.,.,PRO,CD,1458,1468,0.40959,0,4.011,0,1,0
A,195,.,.,.,LEU,CB,A,199,.,.,.,VAL,CB,1458,1496,1.22059,0,5.25262,-1.68425,4,0
A,195,.,.,.,LEU,CB,A,200,.,.,.,VAL,CG2,1458,1505,8.90064,0.189672,3.88809,-13.8074,5,0
A,195,.,.,.,LEU,CG,A,195,.,.,.,LEU,CD1,1459,1460,11.2096,0,1.52098,0,0,1
A,195,.,.,.,LEU,CG,A,195,.,.,.,LEU,CD2,1459,1461,10.0534,0,1.52249,0,0,1
A,195,.,.,.,LEU,CG,A,200,.,.,.,VAL,CG2,1459,1505,0.00165009,0,4.67327,-0.00243106,5,0
A,195,.,.,.,LEU,CD1,A,195,.,.,.,LEU,CD2,1460,1461,7.62496,3.25692,2.51009,0,0,0
A,195,.,.,.,LEU,CD1,A,200,.,.,.,VAL,CA,1460,1500,0.115257,1.30708,5.83347,-0.0213984,5,0
A,195,.,.,.,LEU,CD1,A,200,.,.,.,VAL,CG2,1460,1505,7.162,1.65489,4.28342,-13.8901,5,0
A,195,.,.,.,LEU,CD2,A,196,.,.,.,PRO,CD,1461,1468,4.82068,2.73361,4.58655,0,1,0
A,195,.,.,.,LEU,CD2,A,199,.,.,.,VAL,CB,1461,1496,1.02682,0,4.92322,-1.5235,4,0
A,195,.,.,.,LEU,CD2,A,199,.,.,.,VAL,CG1,1461,1497,14.2912,8.03066,4.35749,-26.4817,4,0
A,195,.,.,.,LEU,CD2,A,200,.,.,.,VAL,CA,1461,1500,0.00511924,0.0969341,6.28343,-0.00106239,5,0
A,195,.,.,.,LEU,CD2,A,200,.,.,.,VAL,CG2,1461,1505,0.612421,0.0296551,5.22544,-0.36688,5,0
A,196,.,.,.,PRO,N,A,196,.,.,.,PRO,CA,1462,1463,6.91821,0.819299,1.46678,0,0,1
A,196,.,.,.,PRO,N,A,196,.,.,.,PRO,C,1462,1464,0.237622,0,2.44956,0,0,0
A,196,.,.,.,PRO,N,A,196,.,.,.,PRO,O,1462,1465,1.42466,0,2.79222,0,0,0
A,196,.,.,.,PRO,N,A,196,.,.,.,PRO,CG,1462,1467,0.594654,0.171277,2.32197,0,0,0
A,196,.,.,.,PRO,N,A,196,.,.,.,PRO,CD,1462,1468,7.70264,0,1.47206,0,0,1
A,196,.,.,.,PRO,N,A,199,.,.,.,VAL,CB,1462,1496,0.0092396,0,4.44249,-0.00209935,3,0
A,196,.,.,.,PRO,CA,A,196,.,.,.,PRO,C,1463,1464,6.24574,0,1.52437,0,0,1
A,196,.,.,.,PRO,CA,A,196,.,.,.,PRO,O,1463,1465,0.418239,0,2.40738,0,0,0
A,196,.,.,.,PRO,CA,A,196,.,.,.,PRO,CB,1463,1466,12.4613,3.64524,1.53542,0,0,1
A,196,.,.,.,PRO,CA,A,196,.,.,.,PRO,CG,1463,1467,2.59536,1.59859,2.40162,0,0,0
A,196,.,.,.,PRO,CA,A,196,.,.,.,PRO,CD,1463,1468,0.498271,0,2.43625,0,0,0
A,196,.,.,.,PRO,CA,A,197,.,.,.,LYS,N,1463,1469,7.33894,3.01128,2.41931,0,1,0
A,196,.,.,.,PRO,CA,A,197,.,.,.,LYS,CD,1463,1475,0.271836,0.702632,4.91227,0,1,0
A,196,.,.,.,PRO,C,A,196,.,.,.,PRO,O,1464,1465,7.46909,0,1.23406,0,0,1
A,196,.,.,.,PRO,C,A,196,.,.,.,PRO,CB,1464,1466,2.66867,0,2.53714,0,0,0
A,196,.,.,.,PRO,C,A,197,.,.,.,LYS,N,1464,1469,7.09448,0,1.33522,0,1,1
A,196,.,.,.,PRO,C,A,197,.,.,.,LYS,CA,1464,1470,1.60183,0,2.43656,0,1,0
A,196,.,.,.,PRO,C,A,197,.,.,.,LYS,C,1464,1471,0.333961,0,2.97885,0,1,0
A,196,.,.,.,PRO,C,A,197,.,.,.,LYS,CD,1464,1475,0.0154183,0,4.12225,0,1,0
A,196,.,.,.,PRO,C,A,198,.,.,.,TRP,N,1464,1478,1.59709,0,3.22725,3.35728,2,0
A,196,.,.,.,PRO,C,A,198,.,.,.,TRP,CD1,1464,1484,0.00478081,0,4.54631,-0.0023865,2,0
A,196,.,.,.,PRO,C,A,199,.,.,.,VAL,N,1464,1492,0.478667,0,3.71428,0.925292,3,0
A,196,.,.,.,PRO,C,A,200,.,.,.,VAL,CG2,1464,1505,0.4662,0,4.24809,-0.0063207,4,0
A,196,.,.,.,PRO,O,A,196,.,.,.,PRO,CB,1465,1466,0.377464,0,3.16028,0,0,0
A,196,.,.,.,PRO,O,A,196,.,.,.,PRO,CD,1465,1468,0.244543,0,3.62447,0,0,0
A,196,.,.,.,PRO,O,A,197,.,.,.,LYS,CA,1465,1470,1.2819,0,2.77927,0,1,0
A,196,.,.,.,PRO,O,A,197,.,.,.,LYS,C,1465,1471,1.68934,0,2.8703,0,1,0
A,196,.,.,.,PRO,O,A,198,.,.,.,TRP,N,1465,1478,0.0717336,0,3.27015,0.0421587,2,0
A,196,.,.,.,PRO,O,A,199,.,.,.,VAL,N,1465,1492,2.39138,0,2.9891,-1.22796,3,0
A,196,.,.,.,PRO,O,A,199,.,.,.,VAL,CA,1465,1493,0.0635362,0,3.49131,0.0521123,3,0
A,196,.,.,.,PRO,O,A,199,.,.,.,VAL,CB,1465,1496,4.62028,0,3.30045,-0.349782,3,0
A,196,.,.,.,PRO,O,A,200,.,.,.,VAL,N,1465,1499,2.48177,0,3.14,-1.27438,4,0
A,196,.,.,.,PRO,O,A,200,.,.,.,VAL,CG2,1465,1505,4.72157,0,3.38331,-0.526238,4,0
A,196,.,.,.,PRO,CB,A,196,.,.,.,PRO,CG,1466,1467,14.3439,3.81586,1.4896,0,0,1
A,196,.,.,.,PRO,CB,A,196,.,.,.,PRO,CD,1466,1468,1.02979,0,2.38336,0,0,0
A,196,.,.,.,PRO,CB,A,197,.,.,.,LYS,N,1466,1469,1.18604,0.495277,3.38055,0,1,0
A,196,.,.,.,PRO,CB,A,198,.,.,.,TRP,N,1466,1478,0.145597,0,4.46289,0.0760429,2,0
A,196,.,.,.,PRO,CB,A,198,.,.,.,TRP,CD1,1466,1484,5.90058,1.7071,3.73956,-5.35168,2,0
A,196,.,.,.,PRO,CB,A,198,.,.,.,TRP,CD2,1466,1485,0.0766918,0,4.52606,-0.136188,2,0
A,196,.,.,.,PRO,CB,A,198,.,.,.,TRP,NE1,1466,1486,7.86801,2.7772,3.36516,-5.36176,2,0
A,196,.,.,.,PRO,CB,A,198,.,.,.,TRP,CE2,1466,1487,1.21395,0,3.90084,-2.29714,2,0
A,196,.,.,.,PRO,CB,A,198,.,.,.,TRP,CZ2,1466,1489,0.223747,0,4.44361,-0.257587,2,0
A,196,.,.,.,PRO,CB,A,199,.,.,.,VAL,N,1466,1492,0.888156,0,4.33312,0.806277,3,0
A,196,.,.,.,PRO,CB,A,199,.,.,.,VAL,CB,1466,1496,0.230811,0,4.30264,-0.148309,3,0
A,196,.,.,.,PRO,CB,A,199,.,.,.,VAL,CG2,1466,1498,3.62394,0,3.6764,-2.79299,3,0
A,196,.,.,.,PRO,CG,A,196,.,.,.,PRO,CD,1467,1468,16.668,4.86473,1.50281,0,0,1
A,196,.,.,.,PRO,CG,A,198,.,.,.,TRP,NE1,1467,1486,0.82244,1.02304,4.21282,-1.24121,2,0
A,196,.,.,.,PRO,CG,A,198,.,.,.,TRP,CZ2,1467,1489,5.5863,3.86461,4.57816,-7.51073,2,0
A,196,.,.,.,PRO,CG,A,199,.,.,.,VAL,CG2,1467,1498,5.34396,1.6869,3.6743,-4.24962,3,0
A,196,.,.,.,PRO,CD,A,199,.,.,.,VAL,CB,1468,1496,3.65278,0,4.07527,1.19762,3,0
A,196,.,.,.,PRO,CD,A,199,.,.,.,VAL,CG1,1468,1497,0.9679,0.688009,4.80557,0.1423,3,0
A,196,.,.,.,PRO,CD,A,199,.,.,.,VAL,CG2,1468,1498,5.05475,1.82616,3.73449,-1.15159,3,0
A,197,.,.,.,LYS,N,A,197,.,.,.,LYS,CA,1469,1470,6.48971,0,1.4611,0,0,1
A,197,.,.,.,LYS,N,A,197,.,.,.,LYS,C,1469,1471,0.0511562,0,2.4727,0,0,0
A,197,.,.,.,LYS,N,A,197,.,.,.,LYS,CB,1469,1473,5.71573,2.77831,2.4488,0,0,0
A,197,.,.,.,LYS,N,A,197,.,.,.,LYS,CD,1469,1475,6.08673,1.75786,3.14394,0,0,0
A,197,.,.,.,LYS,N,A,198,.,.,.,TRP,N,1469,1478,2.50079,0,2.84739,0,1,0
A,197,.,.,.,LYS,N,A,198,.,.,.,TRP,CD1,1469,1484,2.12345,1.38242,4.53119,0,1,0
A,197,.,.,.,LYS,CA,A,197,.,.,.,LYS,C,1470,1471,6.76101,0,1.52685,0,0,1
A,197,.,.,.,LYS,CA,A,197,.,.,.,LYS,O,1470,1472,1.50979,0,2.4018,0,0,0
A,197,.,.,.,LYS,CA,A,197,.,.,.,LYS,CB,1470,1473,7.61505,0,1.53077,0,0,1
A,197,.,.,.,LYS,CA,A,197,.,.,.,LYS,CG,1470,1474,0.951336,0,2.58244,0,0,0
A,197,.,.,.,LYS,CA,A,197,.,.,.,LYS,CD,1470,1475,4.3071,0,2.89391,0,0,0
A,197,.,.,.,LYS,CA,A,198,.,.,.,TRP,N,1470,1478,1.05612,0,2.45499,0,1,0
A,197,.,.,.,LYS,CA,A,200,.,.,.,VAL,CB,1470,1503,1.05606,0,4.35942,0.619005,3,0
A,197,.,.,.,LYS,CA,A,200,.,.,.,VAL,CG2,1470,1505,3.32626,0,4.20469,0.0341015,3,0
A,197,.,.,.,LYS,C,A,197,.,.,.,LYS,O,1471,1472,8.05844,0,1.23742,0,0,1
A,197,.,.,.,LYS,C,A,197,.,.,.,LYS,CB,1471,1473,3.5271,0,2.51856,0,0,0
A,197,.,.,.,LYS,C,A,198,.,.,.,TRP,N,1471,1478,6.85052,0,1.33901,0,1,1
A,197,.,.,.,LYS,C,A,198,.,.,.,TRP,CA,1471,1479,1.45937,0,2.42625,0,1,0
A,197,.,.,.,LYS,C,A,198,.,.,.,TRP,C,1471,1480,0.206163,0,3.05332,0,1,0
A,197,.,.,.,LYS,C,A,199,.,.,.,VAL,N,1471,1492,0.898721,0,3.2016,1.96066,2,0
A,197,.,.,.,LYS,C,A,200,.,.,.,VAL,N,1471,1499,0.445012,0,3.58726,0.970843,3,0
A,197,.,.,.,LYS,C,A,200,.,.,.,VAL,CB,1471,1503,0.0513498,0,4.10016,-0.018548,3,0
A,197,.,.,.,LYS,C,A,200,.,.,.,VAL,CG2,1471,1505,0.0219953,0,4.35012,-0.00376913,3,0
A,197,.,.,.,LYS,C,A,201,.,.,.,ASN,ND2,1471,1513,1.54617,0,4.13352,0.241446,4,0
A,197,.,.,.,LYS,O,A,197,.,.,.,LYS,CB,1472,1473,0.232389,0,3.3192,0,0,0
A,197,.,.,.,LYS,O,A,198,.,.,.,TRP,CA,1472,1479,1.9272,0,2.73307,0,1,0
A,197,.,.,.,LYS,O,A,198,.,.,.,TRP,C,1472,1480,1.14161,0,2.99015,0,1,0
A,197,.,.,.,LYS,O,A,199,.,.,.,VAL,N,1472,1492,0.0363645,0,3.30991,0.0469135,2,0
A,197,.,.,.,LYS,O,A,200,.,.,.,VAL,N,1472,1499,2.24909,0,2.9207,-2.68812,3,0
A,197,.,.,.,LYS,O,A,200,.,.,.,VAL,CA,1472,1500,0.082714,0,3.38398,-0.0487622,3,0
A,197,.,.,.,LYS,O,A,200,.,.,.,VAL,CB,1472,1503,3.73271,0,3.24241,-0.408821,3,0
A,197,.,.,.,LYS,O,A,201,.,.,.,ASN,N,1472,1506,3.85979,0,2.86046,-1.21945,4,0
A,197,.,.,.,LYS,O,A,201,.,.,.,ASN,CB,1472,1510,0.357537,0,3.79091,-0.00947341,4,0
A,197,.,.,.,LYS,O,A,201,.,.,.,ASN,CG,1472,1511,3.31094,0,3.4699,2.935,4,0
A,197,.,.,.,LYS,O,A,201,.,.,.,ASN,OD1,1472,1512,0.256594,0,3.75083,0.111224,4,0
A,197,.,.,.,LYS,O,A,201,.,.,.,ASN,ND2,1472,1513,0.742964,0,3.64553,0.56337,4,0
A,197,.,.,.,LYS,CB,A,197,.,.,.,LYS,CG,1473,1474,12.5205,0.838293,1.53127,0,0,1
A,197,.,.,.,LYS,CB,A,197,.,.,.,LYS,CD,1473,1475,1.68802,0.635979,2.54683,0,0,0
A,197,.,.,.,LYS,CB,A,198,.,.,.,TRP,N,1473,1478,3.46842,0,3.18699,0,1,0
A,197,.,.,.,LYS,CB,A,198,.,.,.,TRP,CD1,1473,1484,0.306483,0.865617,5.5545,0,1,0
A,197,.,.,.,LYS,CB,A,201,.,.,.,ASN,CG,1473,1511,0.00020531,0,5.48248,-0.000181451,4,0
A,197,.,.,.,LYS,CB,A,201,.,.,.,ASN,ND2,1473,1513,0.213283,0,5.00829,0.0496758,4,0
A,197,.,.,.,LYS,CG,A,197,.,.,.,LYS,CD,1474,1475,12.0201,2.53681,1.52629,0,0,1
A,197,.,.,.,LYS,CG,A,197,.,.,.,LYS,CE,1474,1476,8.58634,4.118,2.54315,0,0,0
A,197,.,.,.,LYS,CD,A,197,.,.,.,LYS,CE,1475,1476,14.7077,3.23415,1.53636,0,0,1
A,197,.,.,.,LYS,CD,A,197,.,.,.,LYS,NZ,1475,1477,6.02062,1.359,2.54526,0,0,0
A,197,.,.,.,LYS,CD,A,200,.,.,.,VAL,CG2,1475,1505,2.99393,0,5.17001,0.0467954,3,0
A,197,.,.,.,LYS,CE,A,197,.,.,.,LYS,NZ,1476,1477,15.2988,4.64111,1.50884,0,0,1
A,197,.,.,.,LYS,NZ,A,200,.,.,.,VAL,CG2,1477,1505,0.179185,0.140883,5.95409,0.158764,3,0
A,198,.,.,.,TRP,N,A,198,.,.,.,TRP,CA,1478,1479,7.25317,0,1.46253,0,0,1
A,198,.,.,.,TRP,N,A,198,.,.,.,TRP,C,1478,1480,0.0205309,0,2.47137,0,0,0
A,198,.,.,.,TRP,N,A,198,.,.,.,TRP,CB,1478,1482,1.66074,0,2.46409,0,0,0
A,198,.,.,.,TRP,N,A,198,.,.,.,TRP,CG,1478,1483,0.519843,0,2.97372,0,0,0
A,198,.,.,.,TRP,N,A,198,.,.,.,TRP,CD1,1478,1484,4.83323,0,3.2919,0,0,0
A,198,.,.,.,TRP,N,A,199,.,.,.,VAL,N,1478,1492,1.99025,0,2.76831,0,1,0
A,198,.,.,.,TRP,N,A,201,.,.,.,ASN,ND2,1478,1513,0.152327,0,4.30668,0.0775654,3,0
A,198,.,.,.,TRP,CA,A,198,.,.,.,TRP,C,1479,1480,6.82328,0,1.52302,0,0,1
A,198,.,.,.,TRP,CA,A,198,.,.,.,TRP,O,1479,1481,1.92685,0,2.39398,0,0,0
A,198,.,.,.,TRP,CA,A,198,.,.,.,TRP,CB,1479,1482,9.64375,0,1.53379,0,0,1
A,198,.,.,.,TRP,CA,A,198,.,.,.,TRP,CG,1479,1483,0.679304,0,2.53203,0,0,0
A,198,.,.,.,TRP,CA,A,199,.,.,.,VAL,N,1479,1492,0.732666,0,2.45028,0,1,0
A,198,.,.,.,TRP,CA,A,201,.,.,.,ASN,N,1479,1506,0.010456,0,4.32956,0.0110708,3,0
A,198,.,.,.,TRP,CA,A,201,.,.,.,ASN,CB,1479,1510,2.53442,0,4.20401,0.438345,3,0
A,198,.,.,.,TRP,CA,A,201,.,.,.,ASN,CG,1479,1511,0.134333,0,4.33937,0.0600843,3,0
A,198,.,.,.,TRP,CA,A,201,.,.,.,ASN,ND2,1479,1513,3.80513,0,3.94273,1.34114,3,0
A,198,.,.,.,TRP,C,A,198,.,.,.,TRP,O,1480,1481,7.47746,0,1.23524,0,0,1
A,198,.,.,.,TRP,C,A,198,.,.,.,TRP,CB,1480,1482,1.57192,0,2.51061,0,0,0
A,198,.,.,.,TRP,C,A,198,.,.,.,TRP,CG,1480,1483,0.148869,0,3.05609,0,0,0
A,198,.,.,.,TRP,C,A,198,.,.,.,TRP,CD2,1480,1485,0.331446,0,3.38349,0,0,0
A,198,.,.,.,TRP,C,A,198,.,.,.,TRP,CE3,1480,1488,1.84738,0,3.4416,0,0,0
A,198,.,.,.,TRP,C,A,199,.,.,.,VAL,N,1480,1492,5.92513,0,1.3348,0,1,1
A,198,.,.,.,TRP,C,A,199,.,.,.,VAL,CA,1480,1493,1.17337,0,2.41379,0,1,0
A,198,.,.,.,TRP,C,A,199,.,.,.,VAL,C,1480,1494,0.509837,0,3.00311,0,1,0
A,198,.,.,.,TRP,C,A,200,.,.,.,VAL,N,1480,1499,0.881836,0,3.22263,1.58004,2,0
A,198,.,.,.,TRP,C,A,201,.,.,.,ASN,N,1480,1506,0.849349,0,3.81207,3.12099,3,0
A,198,.,.,.,TRP,C,A,201,.,.,.,ASN,CB,1480,1510,0.106333,0,4.24204,-0.00527306,3,0
A,198,.,.,.,TRP,O,A,198,.,.,.,TRP,CB,1481,1482,1.98389,0.549845,3.18282,0,0,0
A,198,.,.,.,TRP,O,A,198,.,.,.,TRP,CE3,1481,1488,3.56955,0.882942,3.68393,0,0,0
A,198,.,.,.,TRP,O,A,199,.,.,.,VAL,CA,1481,1493,2.78414,0,2.72236,0,1,0
A,198,.,.,.,TRP,O,A,199,.,.,.,VAL,C,1481,1494,1.46024,0,3.01347,0,1,0
A,198,.,.,.,TRP,O,A,201,.,.,.,ASN,N,1481,1506,1.10366,0,3.49073,-0.699045,3,0
A,198,.,.,.,TRP,O,A,201,.,.,.,ASN,CA,1481,1507,0.0263715,0,3.88708,-0.00280113,3,0
A,198,.,.,.,TRP,O,A,201,.,.,.,ASN,CB,1481,1510,3.13651,0,3.70501,-1.15346,3,0
A,198,.,.,.,TRP,O,A,202,.,.,.,LYS,N,1481,1514,4.51495,0.0897567,3.04458,-1.9993,4,0
A,198,.,.,.,TRP,O,A,202,.,.,.,LYS,CB,1481,1518,7.48385,2.36226,3.52226,3.06336,4,0
A,198,.,.,.,TRP,CB,A,198,.,.,.,TRP,CG,1482,1483,9.66999,1.92495,1.4911,0,0,1
A,198,.,.,.,TRP,CB,A,198,.,.,.,TRP,CD1,1482,1484,3.95225,0.394278,2.55558,0,0,0
A,198,.,.,.,TRP,CB,A,198,.,.,.,TRP,CD2,1482,1485,1.8522,0.72793,2.61452,0,0,0
A,198,.,.,.,TRP,CB,A,198,.,.,.,TRP,CE3,1482,1488,5.14127,3.18742,3.30265,0,0,0
A,198,.,.,.,TRP,CG,A,198,.,.,.,TRP,CD1,1483,1484,9.20428,1.5959,1.36616,0,0,1
A,198,.,.,.,TRP,CG,A,198,.,.,.,TRP,CD2,1483,1485,8.87374,1.59815,1.43155,0,0,1
A,198,.,.,.,TRP,CG,A,199,.,.,.,VAL,N,1483,1492,0.98966,0,3.2842,0,1,0
A,198,.,.,.,TRP,CD1,A,198,.,.,.,TRP,CD2,1484,1485,1.59167,0.530492,2.23895,0,0,0
A,198,.,.,.,TRP,CD1,A,198,.,.,.,TRP,NE1,1484,1486,14.6837,6.16927,1.37179,0,0,1
A,198,.,.,.,TRP,CD1,A,198,.,.,.,TRP,CE2,1484,1487,1.08631,0.305333,2.23111,0,0,0
A,198,.,.,.,TRP,CD1,A,199,.,.,.,VAL,N,1484,1492,0.137191,0,4.0702,0,1,0
A,198,.,.,.,TRP,CD2,A,198,.,.,.,TRP,CE2,1485,1487,9.52676,1.85591,1.40806,0,0,1
A,198,.,.,.,TRP,CD2,A,198,.,.,.,TRP,CE3,1485,1488,12.1331,2.73268,1.39871,0,0,1
A,198,.,.,.,TRP,CD2,A,198,.,.,.,TRP,CZ2,1485,1489,0.555672,0.253961,2.45495,0,0,0
A,198,.,.,.,TRP,CD2,A,198,.,.,.,TRP,CZ3,1485,1490,0.214937,0.0489748,2.39545,0,0,0
A,198,.,.,.,TRP,CD2,A,198,.,.,.,TRP,CH2,1485,1491,0.12649,0.0325698,2.78013,0,0,0
A,198,.,.,.,TRP,CD2,A,199,.,.,.,VAL,N,1485,1492,1.72792,0,3.32515,0,1,0
A,198,.,.,.,TRP,CD2,A,199,.,.,.,VAL,CG2,1485,1498,1.46929,0,3.72988,0,1,0
A,198,.,.,.,TRP,NE1,A,198,.,.,.,TRP,CE2,1486,1487,9.8402,1.97691,1.371,0,0,1
A,198,.,.,.,TRP,NE1,A,198,.,.,.,TRP,CZ2,1486,1489,5.48038,4.12004,2.5061,0,0,0
A,198,.,.,.,TRP,CE2,A,198,.,.,.,TRP,CZ2,1487,1489,12.3064,2.60114,1.39332,0,0,1
A,198,.,.,.,TRP,CE2,A,199,.,.,.,VAL,CG2,1487,1498,1.37798,0,3.70377,0,1,0
A,198,.,.,.,TRP,CE3,A,198,.,.,.,TRP,CZ3,1488,1490,18.3223,6.13745,1.38648,0,0,1
A,198,.,.,.,TRP,CE3,A,199,.,.,.,VAL,N,1488,1492,0.869885,0,3.45463,0,1,0
A,198,.,.,.,TRP,CE3,A,199,.,.,.,VAL,CA,1488,1493,2.61203,0,3.93812,0,1,0
A,198,.,.,.,TRP,CE3,A,199,.,.,.,VAL,CG2,1488,1498,1.31461,0,3.68485,0,1,0
A,198,.,.,.,TRP,CE3,A,202,.,.,.,LYS,CB,1488,1518,3.46104,2.41814,5.46931,-1.70674,4,0
A,198,.,.,.,TRP,CE3,A,202,.,.,.,LYS,CE,1488,1521,0.172217,0,5.80637,-0.058653,4,0
A,198,.,.,.,TRP,CZ2,A,198,.,.,.,TRP,CH2,1489,1491,19.4104,8.88666,1.36765,0,0,1
A,198,.,.,.,TRP,CZ2,A,199,.,.,.,VAL,CG2,1489,1498,3.92169,0.751559,3.66157,0,1,0
A,198,.,.,.,TRP,CZ3,A,198,.,.,.,TRP,CH2,1490,1491,19.1863,8.76884,1.40049,0,0,1
A,198,.,.,.,TRP,CZ3,A,199,.,.,.,VAL,CA,1490,1493,0.705031,0,4.45772,0,1,0
A,198,.,.,.,TRP,CZ3,A,199,.,.,.,VAL,CG2,1490,1498,5.1415,1.3025,3.60877,0,1,0
A,198,.,.,.,TRP,CZ3,A,202,.,.,.,LYS,CB,1490,1518,0.142816,0.248475,5.91353,-0.0950223,4,0
A,198,.,.,.,TRP,CZ3,A,202,.,.,.,LYS,CG,1490,1519,0.0073336,0.139574,6.32818,-0.00512911,4,0
A,198,.,.,.,TRP,CZ3,A,202,.,.,.,LYS,CE,1490,1521,6.30422,4.78848,5.51873,-0.194055,4,0
A,198,.,.,.,TRP,CH2,A,199,.,.,.,VAL,CG2,1491,1498,6.15708,3.48071,3.59894,0,1,0
A,199,.,.,.,VAL,N,A,199,.,.,.,VAL,CA,1492,1493,5.84168,0,1.45803,0,0,1
A,199,.,.,.,VAL,N,A,199,.,.,.,VAL,C,1492,1494,0.064832,0,2.44909,0,0,0
A,199,.,.,.,VAL,N,A,199,.,.,.,VAL,CB,1492,1496,1.36418,0,2.45801,0,0,0
A,199,.,.,.,VAL,N,A,199,.,.,.,VAL,CG2,1492,1498,2.29509,0,2.89633,0,0,0
A,199,.,.,.,VAL,N,A,200,.,.,.,VAL,N,1492,1499,1.48232,0,2.76599,0,1,0
A,199,.,.,.,VAL,CA,A,199,.,.,.,VAL,C,1493,1494,6.36693,0,1.52293,0,0,1
A,199,.,.,.,VAL,CA,A,199,.,.,.,VAL,O,1493,1495,1.6733,0,2.40413,0,0,0
A,199,.,.,.,VAL,CA,A,199,.,.,.,VAL,CB,1493,1496,7.11801,0,1.5391,0,0,1
A,199,.,.,.,VAL,CA,A,199,.,.,.,VAL,CG1,1493,1497,2.45299,0,2.51558,0,0,0
A,199,.,.,.,VAL,CA,A,199,.,.,.,VAL,CG2,1493,1498,2.28798,0,2.50804,0,0,0
A,199,.,.,.,VAL,CA,A,200,.,.,.,VAL,N,1493,1499,0.819693,0,2.44059,0,1,0
A,199,.,.,.,VAL,CA,A,202,.,.,.,LYS,CB,1493,1518,1.95845,0,4.66288,1.22159,3,0
A,199,.,.,.,VAL,CA,A,202,.,.,.,LYS,CE,1493,1521,2.92341,0,4.91546,3.78629,3,0
A,199,.,.,.,VAL,C,A,199,.,.,.,VAL,O,1494,1495,7.75329,0,1.2382,0,0,1
A,199,.,.,.,VAL,C,A,199,.,.,.,VAL,CB,1494,1496,1.35624,0,2.52769,0,0,0
A,199,.,.,.,VAL,C,A,199,.,.,.,VAL,CG1,1494,1497,2.90857,0,2.94643,0,0,0
A,199,.,.,.,VAL,C,A,200,.,.,.,VAL,N,1494,1499,7.09187,0,1.33349,0,1,1
A,199,.,.,.,VAL,C,A,200,.,.,.,VAL,CA,1494,1500,1.91899,0,2.43447,0,1,0
A,199,.,.,.,VAL,C,A,200,.,.,.,VAL,C,1494,1501,0.660335,0,3.04449,0,1,0
A,199,.,.,.,VAL,C,A,201,.,.,.,ASN,N,1494,1506,0.487373,0,3.42883,0.807183,2,0
A,199,.,.,.,VAL,C,A,202,.,.,.,LYS,N,1494,1514,0.780054,0,3.87799,2.82795,3,0
A,199,.,.,.,VAL,C,A,202,.,.,.,LYS,CB,1494,1518,0.0903278,0,4.50876,0.00898101,3,0
A,199,.,.,.,VAL,O,A,199,.,.,.,VAL,CG1,1495,1497,4.6561,0,3.14407,0,0,0
A,199,.,.,.,VAL,O,A,200,.,.,.,VAL,CA,1495,1500,2.77143,0,2.75384,0,1,0
A,199,.,.,.,VAL,O,A,200,.,.,.,VAL,C,1495,1501,1.32369,0,3.04292,0,1,0
A,199,.,.,.,VAL,O,A,200,.,.,.,VAL,O,1495,1502,0.0447889,0,3.41734,0,1,0
A,199,.,.,.,VAL,O,A,202,.,.,.,LYS,N,1495,1514,1.26593,0,3.49571,-1.22488,3,0
A,199,.,.,.,VAL,O,A,202,.,.,.,LYS,CA,1495,1515,0.00569955,0,3.9774,0.00407442,3,0
A,199,.,.,.,VAL,O,A,202,.,.,.,LYS,CB,1495,1518,1.77877,0,3.93478,0.865971,3,0
A,199,.,.,.,VAL,O,A,202,.,.,.,LYS,CE,1495,1521,2.13732,0,4.34309,0.0846845,3,0
A,199,.,.,.,VAL,O,A,202,.,.,.,LYS,NZ,1495,1522,0.17667,0,4.64616,0.115899,3,0
A,199,.,.,.,VAL,O,A,203,.,.,.,SER,N,1495,1523,4.02213,0,2.97091,-4.79008,4,0
A,199,.,.,.,VAL,O,A,203,.,.,.,SER,CB,1495,1527,6.9237,0,3.24156,-0.71634,4,0
A,199,.,.,.,VAL,CB,A,199,.,.,.,VAL,CG1,1496,1497,11.8254,0,1.52538,0,0,1
A,199,.,.,.,VAL,CB,A,199,.,.,.,VAL,CG2,1496,1498,9.86773,0,1.51882,0,0,1
A,199,.,.,.,VAL,CB,A,200,.,.,.,VAL,N,1496,1499,1.75621,0,3.23849,0,1,0
A,199,.,.,.,VAL,CB,A,200,.,.,.,VAL,CG2,1496,1505,0.496361,0,5.09085,0,1,0
A,199,.,.,.,VAL,CG1,A,199,.,.,.,VAL,CG2,1497,1498,9.68658,5.44714,2.51476,0,0,0
A,199,.,.,.,VAL,CG1,A,200,.,.,.,VAL,N,1497,1499,0.321448,0,3.84797,0,1,0
A,199,.,.,.,VAL,CG1,A,200,.,.,.,VAL,CA,1497,1500,0.473974,0.94442,4.88405,0,1,0
A,199,.,.,.,VAL,CG1,A,200,.,.,.,VAL,CG2,1497,1505,0.271159,0,5.54541,0,1,0
A,199,.,.,.,VAL,CG1,A,202,.,.,.,LYS,CE,1497,1521,3.65873,0.779242,4.8455,0.435909,3,0
A,199,.,.,.,VAL,CG1,A,202,.,.,.,LYS,NZ,1497,1522,8.05718,5.23324,4.61869,8.82979,3,0
A,199,.,.,.,VAL,CG1,A,203,.,.,.,SER,CB,1497,1527,4.40549,3.9121,5.20138,1.04515,4,0
A,199,.,.,.,VAL,CG2,A,202,.,.,.,LYS,CE,1498,1521,0.296648,0.246123,5.82308,0.102678,3,0
A,200,.,.,.,VAL,N,A,200,.,.,.,VAL,CA,1499,1500,6.59719,0,1.4603,0,0,1
A,200,.,.,.,VAL,N,A,200,.,.,.,VAL,C,1499,1501,0.203775,0,2.44924,0,0,0
A,200,.,.,.,VAL,N,A,200,.,.,.,VAL,CB,1499,1503,1.277,0,2.45868,0,0,0
A,200,.,.,.,VAL,N,A,200,.,.,.,VAL,CG2,1499,1505,3.50513,0,2.8837,0,0,0
A,200,.,.,.,VAL,N,A,201,.,.,.,ASN,N,1499,1506,1.36405,0,2.8426,0,1,0
A,200,.,.,.,VAL,CA,A,200,.,.,.,VAL,C,1500,1501,6.23532,0,1.52421,0,0,1
A,200,.,.,.,VAL,CA,A,200,.,.,.,VAL,O,1500,1502,2.2875,0,2.40621,0,0,0
A,200,.,.,.,VAL,CA,A,200,.,.,.,VAL,CB,1500,1503,7.11144,0,1.53772,0,0,1
A,200,.,.,.,VAL,CA,A,200,.,.,.,VAL,CG1,1500,1504,4.12319,1.77852,2.51417,0,0,0
A,200,.,.,.,VAL,CA,A,200,.,.,.,VAL,CG2,1500,1505,4.52356,1.08792,2.51804,0,0,0
A,200,.,.,.,VAL,CA,A,201,.,.,.,ASN,N,1500,1506,0.801139,0,2.44151,0,1,0
A,200,.,.,.,VAL,CA,A,203,.,.,.,SER,CB,1500,1527,5.21081,3.41808,4.52427,1.85666,3,0
A,200,.,.,.,VAL,C,A,200,.,.,.,VAL,O,1501,1502,7.81699,0,1.23683,0,0,1
A,200,.,.,.,VAL,C,A,200,.,.,.,VAL,CB,1501,1503,0.968626,0,2.5282,0,0,0
A,200,.,.,.,VAL,C,A,200,.,.,.,VAL,CG1,1501,1504,3.11361,0,2.96154,0,0,0
A,200,.,.,.,VAL,C,A,201,.,.,.,ASN,N,1501,1506,6.77348,0,1.33831,0,1,1
A,200,.,.,.,VAL,C,A,201,.,.,.,ASN,CA,1501,1507,1.68921,0,2.44249,0,1,0
A,200,.,.,.,VAL,C,A,201,.,.,.,ASN,C,1501,1508,0.405798,0,2.94852,0,1,0
A,200,.,.,.,VAL,C,A,202,.,.,.,LYS,N,1501,1514,1.21989,0,3.21822,2.87228,2,0
A,200,.,.,.,VAL,C,A,203,.,.,.,SER,N,1501,1523,0.274087,0,3.86776,0.516815,3,0
A,200,.,.,.,VAL,C,A,204,.,.,.,SER,OG,1501,1534,0.0356816,0,4.20437,0.0118857,4,0
A,200,.,.,.,VAL,O,A,200,.,.,.,VAL,CG1,1502,1504,3.58075,0.445889,3.32524,0,0,0
A,200,.,.,.,VAL,O,A,201,.,.,.,ASN,CA,1502,1507,1.75148,0,2.76693,0,1,0
A,200,.,.,.,VAL,O,A,201,.,.,.,ASN,C,1502,1508,2.28842,0,2.82556,0,1,0
A,200,.,.,.,VAL,O,A,201,.,.,.,ASN,O,1502,1509,0.181247,0,3.27096,0,1,0
A,200,.,.,.,VAL,O,A,202,.,.,.,LYS,N,1502,1514,0.101059,0,3.27259,0.103015,2,0
A,200,.,.,.,VAL,O,A,203,.,.,.,SER,N,1502,1523,1.9762,0,3.29717,-2.35352,3,0
A,200,.,.,.,VAL,O,A,203,.,.,.,SER,CA,1502,1524,0.0185024,0,3.83324,0.00441629,3,0
A,200,.,.,.,VAL,O,A,203,.,.,.,SER,CB,1502,1527,2.33321,0.247499,3.85468,-0.241398,3,0
A,200,.,.,.,VAL,O,A,204,.,.,.,SER,N,1502,1529,5.14289,0.234753,2.89562,-6.12483,4,0
A,200,.,.,.,VAL,O,A,204,.,.,.,SER,CB,1502,1533,3.83405,0.0746227,3.43164,-0.396678,4,0
A,200,.,.,.,VAL,O,A,204,.,.,.,SER,OG,1502,1534,2.81704,0,3.21633,0.38348,4,0
A,200,.,.,.,VAL,CB,A,200,.,.,.,VAL,CG1,1503,1504,10.1625,0,1.52526,0,0,1
A,200,.,.,.,VAL,CB,A,200,.,.,.,VAL,CG2,1503,1505,10.8145,0,1.52609,0,0,1
A,200,.,.,.,VAL,CB,A,201,.,.,.,ASN,N,1503,1506,2.15734,0,3.12635,0,1,0
A,200,.,.,.,VAL,CG1,A,200,.,.,.,VAL,CG2,1504,1505,3.62541,0.842679,2.53039,0,0,0
A,200,.,.,.,VAL,CG1,A,201,.,.,.,ASN,N,1504,1506,0.798146,0,3.71521,0,1,0
A,200,.,.,.,VAL,CG1,A,201,.,.,.,ASN,CA,1504,1507,0.495157,0.407047,4.79863,0,1,0
A,200,.,.,.,VAL,CG1,A,201,.,.,.,ASN,OD1,1504,1512,0.574377,0.602484,5.11603,0,1,0
A,200,.,.,.,VAL,CG1,A,203,.,.,.,SER,CB,1504,1527,0.0307973,0.450935,5.98805,0.0073063,3,0
A,200,.,.,.,VAL,CG1,A,204,.,.,.,SER,CB,1504,1533,7.08017,5.77403,5.06134,-5.52927,4,0
A,200,.,.,.,VAL,CG1,A,204,.,.,.,SER,OG,1504,1534,1.38909,1.58007,5.0706,-0.193866,4,0
A,201,.,.,.,ASN,N,A,201,.,.,.,ASN,CA,1506,1507,7.49791,0,1.46145,0,0,1
A,201,.,.,.,ASN,N,A,201,.,.,.,ASN,C,1506,1508,0.0541933,0,2.46821,0,0,0
A,201,.,.,.,ASN,N,A,201,.,.,.,ASN,CB,1506,1510,1.76995,0,2.45331,0,0,0
A,201,.,.,.,ASN,N,A,201,.,.,.,ASN,CG,1506,1511,1.04134,0,3.03842,0,0,0
A,201,.,.,.,ASN,N,A,201,.,.,.,ASN,OD1,1506,1512,1.80338,0,3.18097,0,0,0
A,201,.,.,.,ASN,N,A,202,.,.,.,LYS,N,1506,1514,1.29456,0,2.86086,0,1,0
A,201,.,.,.,ASN,CA,A,201,.,.,.,ASN,C,1507,1508,6.69406,0,1.5248,0,0,1
A,201,.,.,.,ASN,CA,A,201,.,.,.,ASN,O,1507,1509,2.68007,0,2.40091,0,0,0
A,201,.,.,.,ASN,CA,A,201,.,.,.,ASN,CB,1507,1510,9.34941,0,1.52884,0,0,1
A,201,.,.,.,ASN,CA,A,201,.,.,.,ASN,CG,1507,1511,0.557541,0,2.53937,0,0,0
A,201,.,.,.,ASN,CA,A,201,.,.,.,ASN,OD1,1507,1512,5.5156,1.14751,2.81793,0,0,0
A,201,.,.,.,ASN,CA,A,202,.,.,.,LYS,N,1507,1514,1.00616,0,2.44542,0,1,0
A,201,.,.,.,ASN,CA,A,204,.,.,.,SER,OG,1507,1534,4.26944,1.08676,4.12042,-0.0260068,3,0
A,201,.,.,.,ASN,CA,A,205,.,.,.,GLN,NE2,1507,1543,0.0219602,0,4.71946,0.000784052,4,0
A,201,.,.,.,ASN,C,A,201,.,.,.,ASN,O,1508,1509,8.29884,0,1.23458,0,0,1
A,201,.,.,.,ASN,C,A,201,.,.,.,ASN,CB,1508,1510,3.46561,0,2.50192,0,0,0
A,201,.,.,.,ASN,C,A,202,.,.,.,LYS,N,1508,1514,6.9689,0,1.33581,0,1,1
A,201,.,.,.,ASN,C,A,202,.,.,.,LYS,CA,1508,1515,1.98786,0,2.43172,0,1,0
A,201,.,.,.,ASN,C,A,202,.,.,.,LYS,C,1508,1516,0.538437,0,3.06461,0,1,0
A,201,.,.,.,ASN,C,A,203,.,.,.,SER,N,1508,1523,0.413215,0,3.42973,0.516539,2,0
A,201,.,.,.,ASN,C,A,204,.,.,.,SER,N,1508,1529,0.136035,0,4.17496,0.273212,3,0
A,201,.,.,.,ASN,C,A,204,.,.,.,SER,OG,1508,1534,0.0163019,0,4.03674,0.0024933,3,0
A,201,.,.,.,ASN,C,A,205,.,.,.,GLN,NE2,1508,1543,1.55554,0,3.96868,-0.218296,4,0
A,201,.,.,.,ASN,O,A,201,.,.,.,ASN,CB,1509,1510,0.0600822,0,3.33174,0,0,0
A,201,.,.,.,ASN,O,A,202,.,.,.,LYS,CA,1509,1515,2.24105,0,2.74621,0,1,0
A,201,.,.,.,ASN,O,A,202,.,.,.,LYS,C,1509,1516,1.62104,0,3.0199,0,1,0
A,201,.,.,.,ASN,O,A,204,.,.,.,SER,N,1509,1529,0.930135,0,3.78946,-0.558221,3,0
A,201,.,.,.,ASN,O,A,204,.,.,.,SER,OG,1509,1534,3.1882,0,3.43641,0.349149,3,0
A,201,.,.,.,ASN,O,A,205,.,.,.,GLN,N,1509,1535,3.48331,0,3.19089,-1.19708,4,0
A,201,.,.,.,ASN,O,A,205,.,.,.,GLN,CB,1509,1539,4.10923,0,3.31392,1.65785,4,0
A,201,.,.,.,ASN,O,A,205,.,.,.,GLN,NE2,1509,1543,5.02143,0,3.21092,-1.91196,4,0
A,201,.,.,.,ASN,CB,A,201,.,.,.,ASN,CG,1510,1511,9.86434,0,1.51638,0,0,1
A,201,.,.,.,ASN,CB,A,201,.,.,.,ASN,OD1,1510,1512,0.282893,0,2.39896,0,0,0
A,201,.,.,.,ASN,CB,A,201,.,.,.,ASN,ND2,1510,1513,2.46506,0,2.42233,0,0,0
A,201,.,.,.,ASN,CB,A,202,.,.,.,LYS,N,1510,1514,3.73915,1.29944,3.12008,0,1,0
A,201,.,.,.,ASN,CB,A,202,.,.,.,LYS,CA,1510,1515,0.0236061,0.386009,4.42084,0,1,0
A,201,.,.,.,ASN,CB,A,205,.,.,.,GLN,NE2,1510,1543,5.90184,2.32547,4.64725,-1.09433,4,0
A,201,.,.,.,ASN,CG,A,201,.,.,.,ASN,OD1,1511,1512,9.67611,0,1.23466,0,0,1
A,201,.,.,.,ASN,CG,A,201,.,.,.,ASN,ND2,1511,1513,9.7508,0,1.33271,0,0,1
A,201,.,.,.,ASN,OD1,A,201,.,.,.,ASN,ND2,1512,1513,0.013302,0,2.25276,0,0,0
A,202,.,.,.,LYS,N,A,202,.,.,.,LYS,CA,1514,1515,8.64784,1.04289,1.46215,0,0,1
A,202,.,.,.,LYS,N,A,202,.,.,.,LYS,C,1514,1516,0.177538,0,2.45571,0,0,0
A,202,.,.,.,LYS,N,A,202,.,.,.,LYS,CB,1514,1518,3.1995,0.598883,2.4556,0,0,0
A,202,.,.,.,LYS,N,A,203,.,.,.,SER,N,1514,1523,1.72031,0,2.82533,0,1,0
A,202,.,.,.,LYS,CA,A,202,.,.,.,LYS,C,1515,1516,6.45068,0,1.51874,0,0,1
A,202,.,.,.,LYS,CA,A,202,.,.,.,LYS,O,1515,1517,2.37779,0.115342,2.40223,0,0,0
A,202,.,.,.,LYS,CA,A,202,.,.,.,LYS,CB,1515,1518,11.8171,3.11538,1.53669,0,0,1
A,202,.,.,.,LYS,CA,A,202,.,.,.,LYS,CG,1515,1519,3.95776,2.21477,2.6111,0,0,0
A,202,.,.,.,LYS,CA,A,203,.,.,.,SER,N,1515,1523,1.03654,0,2.42596,0,1,0
A,202,.,.,.,LYS,CA,A,205,.,.,.,GLN,CB,1515,1539,2.83681,0.840234,4.41641,2.4252,3,0
A,202,.,.,.,LYS,CA,A,205,.,.,.,GLN,CD,1515,1541,1.65855,1.85966,5.08248,-0.52098,3,0
A,202,.,.,.,LYS,CA,A,205,.,.,.,GLN,NE2,1515,1543,2.8615,1.9489,4.6674,1.20611,3,0
A,202,.,.,.,LYS,C,A,202,.,.,.,LYS,O,1516,1517,7.32433,0,1.23862,0,0,1
A,202,.,.,.,LYS,C,A,202,.,.,.,LYS,CB,1516,1518,0.570608,0,2.5135,0,0,0
A,202,.,.,.,LYS,C,A,202,.,.,.,LYS,CG,1516,1519,0.984262,0,3.0117,0,0,0
A,202,.,.,.,LYS,C,A,202,.,.,.,LYS,CD,1516,1520,1.84717,0,3.26506,0,0,0
A,202,.,.,.,LYS,C,A,203,.,.,.,SER,N,1516,1523,6.20118,0,1.3338,0,1,1
A,202,.,.,.,LYS,C,A,203,.,.,.,SER,CA,1516,1524,1.22612,0,2.44159,0,1,0
A,202,.,.,.,LYS,C,A,203,.,.,.,SER,C,1516,1525,0.532137,0,3.0312,0,1,0
A,202,.,.,.,LYS,C,A,204,.,.,.,SER,N,1516,1529,0.666952,0,3.4256,1.19296,2,0
A,202,.,.,.,LYS,C,A,205,.,.,.,GLN,N,1516,1535,0.579411,0,3.81954,1.18246,3,0
A,202,.,.,.,LYS,C,A,205,.,.,.,GLN,CB,1516,1539,0.0865919,0,4.1265,0.0440078,3,0
A,202,.,.,.,LYS,O,A,202,.,.,.,LYS,CG,1517,1519,3.43291,1.59271,3.38402,0,0,0
A,202,.,.,.,LYS,O,A,202,.,.,.,LYS,CD,1517,1520,1.3458,0,3.58146,0,0,0
A,202,.,.,.,LYS,O,A,203,.,.,.,SER,CA,1517,1524,1.82572,0,2.78252,0,1,0
A,202,.,.,.,LYS,O,A,203,.,.,.,SER,C,1517,1525,1.5025,0,2.96134,0,1,0
A,202,.,.,.,LYS,O,A,203,.,.,.,SER,O,1517,1526,0.0245545,0,3.32761,0,1,0
A,202,.,.,.,LYS,O,A,205,.,.,.,GLN,N,1517,1535,1.41135,0,3.2882,-0.916459,3,0
A,202,.,.,.,LYS,O,A,205,.,.,.,GLN,CA,1517,1536,0.0426375,0,3.65086,0.051454,3,0
A,202,.,.,.,LYS,O,A,205,.,.,.,GLN,CB,1517,1539,5.29021,1.53183,3.39317,3.02683,3,0
A,202,.,.,.,LYS,O,A,206,.,.,.,PHE,N,1517,1544,4.12708,0.0324615,2.90186,-2.73436,4,0
A,202,.,.,.,LYS,O,A,206,.,.,.,PHE,CB,1517,1548,5.85709,1.05448,3.42285,0.41668,4,0
A,202,.,.,.,LYS,CB,A,202,.,.,.,LYS,CG,1518,1519,15.3657,5.87133,1.54318,0,0,1
A,202,.,.,.,LYS,CB,A,202,.,.,.,LYS,CD,1518,1520,1.32925,0,2.58697,0,0,0
A,202,.,.,.,LYS,CB,A,202,.,.,.,LYS,CE,1518,1521,5.0773,0,3.15658,0,0,0
A,202,.,.,.,LYS,CB,A,203,.,.,.,SER,N,1518,1523,1.32994,0,3.11367,0,1,0
A,202,.,.,.,LYS,CG,A,202,.,.,.,LYS,CD,1519,1520,15.3374,4.87636,1.5462,0,0,1
A,202,.,.,.,LYS,CG,A,202,.,.,.,LYS,CE,1519,1521,5.42754,3.28362,2.56474,0,0,0
A,202,.,.,.,LYS,CG,A,206,.,.,.,PHE,CB,1519,1548,1.08391,1.62296,5.36345,0.0341993,4,0
A,202,.,.,.,LYS,CD,A,202,.,.,.,LYS,CE,1520,1521,13.2972,3.28912,1.53123,0,0,1
A,202,.,.,.,LYS,CD,A,202,.,.,.,LYS,NZ,1520,1522,7.35637,4.36364,2.51977,0,0,0
A,202,.,.,.,LYS,CD,A,203,.,.,.,SER,N,1520,1523,1.8134,0,3.51681,0,1,0
A,202,.,.,.,LYS,CD,A,203,.,.,.,SER,CA,1520,1524,4.08695,0.520162,4.11332,0,1,0
A,202,.,.,.,LYS,CD,A,206,.,.,.,PHE,CB,1520,1548,7.36187,1.76586,4.87616,-1.50723,4,0
A,202,.,.,.,LYS,CD,A,206,.,.,.,PHE,CG,1520,1549,0.557047,1.46142,5.50626,-0.789531,4,0
A,202,.,.,.,LYS,CD,A,206,.,.,.,PHE,CD2,1520,1551,1.13082,2.59045,5.90385,-0.501409,4,0
A,202,.,.,.,LYS,CE,A,202,.,.,.,LYS,NZ,1521,1522,18.1754,6.20855,1.50263,0,0,1
A,202,.,.,.,LYS,CE,A,203,.,.,.,SER,N,1521,1523,0.745683,0,4.13621,0,1,0
A,202,.,.,.,LYS,CE,A,203,.,.,.,SER,CA,1521,1524,0.0727212,0,4.70691,0,1,0
A,202,.,.,.,LYS,CE,A,203,.,.,.,SER,CB,1521,1527,0.252857,0,5.02761,0,1,0
A,202,.,.,.,LYS,NZ,A,203,.,.,.,SER,CA,1522,1524,1.4502,0.956229,4.69438,0,1,0
A,202,.,.,.,LYS,NZ,A,203,.,.,.,SER,CB,1522,1527,6.09894,3.55427,4.70229,0,1,0
A,203,.,.,.,SER,N,A,203,.,.,.,SER,CA,1523,1524,7.00732,0,1.45774,0,0,1
A,203,.,.,.,SER,N,A,203,.,.,.,SER,C,1523,1525,0.159507,0,2.46753,0,0,0
A,203,.,.,.,SER,N,A,203,.,.,.,SER,CB,1523,1527,2.35981,0,2.43619,0,0,0
A,203,.,.,.,SER,N,A,204,.,.,.,SER,N,1523,1529,1.35606,0,2.89173,0,1,0
A,203,.,.,.,SER,CA,A,203,.,.,.,SER,C,1524,1525,6.63776,0,1.52636,0,0,1
A,203,.,.,.,SER,CA,A,203,.,.,.,SER,O,1524,1526,2.49021,0,2.40772,0,0,0
A,203,.,.,.,SER,CA,A,203,.,.,.,SER,CB,1524,1527,11.3213,1.04287,1.52815,0,0,1
A,203,.,.,.,SER,CA,A,203,.,.,.,SER,OG,1524,1528,2.28274,0.728061,2.42302,0,0,0
A,203,.,.,.,SER,CA,A,204,.,.,.,SER,N,1524,1529,0.996562,0,2.44452,0,1,0
A,203,.,.,.,SER,CA,A,206,.,.,.,PHE,CB,1524,1548,4.4575,0.887218,4.44974,0.115534,3,0
A,203,.,.,.,SER,CA,A,206,.,.,.,PHE,CD1,1524,1550,0.150105,0.794324,5.81951,-0.0458106,3,0
A,203,.,.,.,SER,CA,A,207,.,.,.,LEU,CG,1524,1560,0.844817,0.569888,5.2504,0.169235,4,0
A,203,.,.,.,SER,C,A,203,.,.,.,SER,O,1525,1526,8.08286,0,1.23813,0,0,1
A,203,.,.,.,SER,C,A,203,.,.,.,SER,CB,1525,1527,1.05441,0,2.50882,0,0,0
A,203,.,.,.,SER,C,A,203,.,.,.,SER,OG,1525,1528,2.82862,0,2.83951,0,0,0
A,203,.,.,.,SER,C,A,204,.,.,.,SER,N,1525,1529,6.69264,0,1.33615,0,1,1
A,203,.,.,.,SER,C,A,204,.,.,.,SER,CA,1525,1530,2.06625,0,2.4204,0,1,0
A,203,.,.,.,SER,C,A,204,.,.,.,SER,C,1525,1531,0.220322,0,3.01726,0,1,0
A,203,.,.,.,SER,C,A,205,.,.,.,GLN,N,1525,1535,1.17966,0,3.1617,2.07475,2,0
A,203,.,.,.,SER,C,A,206,.,.,.,PHE,N,1525,1544,0.322659,0,3.65274,0.519588,3,0
A,203,.,.,.,SER,C,A,206,.,.,.,PHE,CB,1525,1548,0.000909803,0,4.33013,-0.000142992,3,0
A,203,.,.,.,SER,C,A,207,.,.,.,LEU,CD1,1525,1561,0.290894,0,4.69573,-0.135759,4,0
A,203,.,.,.,SER,O,A,203,.,.,.,SER,OG,1526,1528,0.583205,0,3.29471,0,0,0
A,203,.,.,.,SER,O,A,204,.,.,.,SER,CA,1526,1530,2.94561,0,2.73065,0,1,0
A,203,.,.,.,SER,O,A,204,.,.,.,SER,C,1526,1531,1.77494,0,2.93637,0,1,0
A,203,.,.,.,SER,O,A,205,.,.,.,GLN,N,1526,1535,0.101327,0,3.25024,0.10626,2,0
A,203,.,.,.,SER,O,A,206,.,.,.,PHE,N,1526,1544,2.55129,0,3.01712,-2.17213,3,0
A,203,.,.,.,SER,O,A,206,.,.,.,PHE,CA,1526,1545,0.102359,0,3.60991,0.0552529,3,0
A,203,.,.,.,SER,O,A,206,.,.,.,PHE,CB,1526,1548,2.8046,0,3.6202,-0.62158,3,0
A,203,.,.,.,SER,O,A,207,.,.,.,LEU,N,1526,1555,3.7687,0,2.97971,-2.69292,4,0
A,203,.,.,.,SER,O,A,207,.,.,.,LEU,CB,1526,1559,2.12682,0,3.65034,0.824322,4,0
A,203,.,.,.,SER,O,A,207,.,.,.,LEU,CG,1526,1560,4.27236,0,3.60064,2.62922,4,0
A,203,.,.,.,SER,O,A,207,.,.,.,LEU,CD1,1526,1561,1.56028,0,3.98143,0.969484,4,0
A,203,.,.,.,SER,CB,A,203,.,.,.,SER,OG,1527,1528,19.5355,10.1741,1.41457,0,0,1
A,203,.,.,.,SER,CB,A,204,.,.,.,SER,N,1527,1529,4.02669,1.27068,3.07654,0,1,0
A,203,.,.,.,SER,OG,A,204,.,.,.,SER,N,1528,1529,1.02229,0.575282,3.50604,0,1,0
A,203,.,.,.,SER,OG,A,204,.,.,.,SER,CA,1528,1530,0.674771,1.36635,4.53092,0,1,0
A,203,.,.,.,SER,OG,A,207,.,.,.,LEU,CG,1528,1560,0.734507,0.592966,4.53134,-0.115599,4,0
A,203,.,.,.,SER,OG,A,207,.,.,.,LEU,CD1,1528,1561,13.9062,8.47964,3.82209,-2.16615,4,0
A,204,.,.,.,SER,N,A,204,.,.,.,SER,CA,1529,1530,8.65281,0.643712,1.45819,0,0,1
A,204,.,.,.,SER,N,A,204,.,.,.,SER,C,1529,1531,0.0207458,0,2.46571,0,0,0
A,204,.,.,.,SER,N,A,204,.,.,.,SER,CB,1529,1533,3.46494,1.25117,2.44722,0,0,0
A,204,.,.,.,SER,N,A,204,.,.,.,SER,OG,1529,1534,0.410555,0,3.03148,0,0,0
A,204,.,.,.,SER,N,A,205,.,.,.,GLN,N,1529,1535,1.91972,0,2.76499,0,1,0
A,204,.,.,.,SER,CA,A,204,.,.,.,SER,C,1530,1531,6.94441,0,1.52445,0,0,1
A,204,.,.,.,SER,CA,A,204,.,.,.,SER,O,1530,1532,4.51324,1.81857,2.39589,0,0,0
A,204,.,.,.,SER,CA,A,204,.,.,.,SER,CB,1530,1533,15.1451,5.39413,1.52997,0,0,1
A,204,.,.,.,SER,CA,A,204,.,.,.,SER,OG,1530,1534,0.432975,0,2.43706,0,0,0
A,204,.,.,.,SER,CA,A,205,.,.,.,GLN,N,1530,1535,0.847515,0,2.44538,0,1,0
A,204,.,.,.,SER,CA,A,207,.,.,.,LEU,CB,1530,1559,3.31798,2.04319,5.10196,1.40712,3,0
A,204,.,.,.,SER,CA,A,207,.,.,.,LEU,CD1,1530,1561,1.38912,1.61458,5.61602,0.197049,3,0
A,204,.,.,.,SER,C,A,204,.,.,.,SER,O,1531,1532,8.93755,0,1.23376,0,0,1
A,204,.,.,.,SER,C,A,204,.,.,.,SER,CB,1531,1533,2.3092,0,2.51908,0,0,0
A,204,.,.,.,SER,C,A,204,.,.,.,SER,OG,1531,1534,1.37503,0,2.83694,0,0,0
A,204,.,.,.,SER,C,A,205,.,.,.,GLN,N,1531,1535,6.86165,0,1.3317,0,1,1
A,204,.,.,.,SER,C,A,205,.,.,.,GLN,CA,1531,1536,1.42242,0,2.43475,0,1,0
A,204,.,.,.,SER,C,A,205,.,.,.,GLN,C,1531,1537,0.650104,0,3.05203,0,1,0
A,204,.,.,.,SER,C,A,206,.,.,.,PHE,N,1531,1544,0.549998,0,3.36988,0.885677,2,0
A,204,.,.,.,SER,C,A,207,.,.,.,LEU,N,1531,1555,0.561731,0,4.11349,1.23435,3,0
A,204,.,.,.,SER,C,A,207,.,.,.,LEU,CB,1531,1559,0.0058426,0,5.09684,0.00188605,3,0
A,204,.,.,.,SER,O,A,204,.,.,.,SER,CB,1532,1533,2.9337,2.39507,3.22073,0,0,0
A,204,.,.,.,SER,O,A,205,.,.,.,GLN,CA,1532,1536,2.72279,0,2.75779,0,1,0
A,204,.,.,.,SER,O,A,205,.,.,.,GLN,C,1532,1537,1.4915,0,3.07067,0,1,0
A,204,.,.,.,SER,O,A,207,.,.,.,LEU,N,1532,1555,0.973444,0,3.82387,-0.695575,3,0
A,204,.,.,.,SER,O,A,207,.,.,.,LEU,CA,1532,1556,0.00121441,0,4.42943,0.000867374,3,0
A,204,.,.,.,SER,O,A,207,.,.,.,LEU,CB,1532,1559,0.759806,0.251311,4.73877,0.0128739,3,0
A,204,.,.,.,SER,O,A,208,.,.,.,ALA,N,1532,1563,4.73364,0.443357,3.18696,-1.78731,4,0
A,204,.,.,.,SER,O,A,208,.,.,.,ALA,CA,1532,1564,1.37066,1.37676,3.63607,0.744157,4,0
A,204,.,.,.,SER,O,A,208,.,.,.,ALA,CB,1532,1567,9.1425,2.29867,3.14778,-0.224866,4,0
A,204,.,.,.,SER,CB,A,204,.,.,.,SER,OG,1533,1534,13.7128,1.85995,1.41452,0,0,1
A,204,.,.,.,SER,OG,A,205,.,.,.,GLN,N,1534,1535,3.02482,0,3.08147,0,1,0
A,205,.,.,.,GLN,N,A,205,.,.,.,GLN,CA,1535,1536,7.74834,0,1.46004,0,0,1
A,205,.,.,.,GLN,N,A,205,.,.,.,GLN,C,1535,1537,0.125028,0,2.46046,0,0,0
A,205,.,.,.,GLN,N,A,205,.,.,.,GLN,CB,1535,1539,2.46776,0,2.42741,0,0,0
A,205,.,.,.,GLN,N,A,206,.,.,.,PHE,N,1535,1544,1.43722,0,2.82057,0,1,0
A,205,.,.,.,GLN,CA,A,205,.,.,.,GLN,C,1536,1537,6.7769,0,1.51984,0,0,1
A,205,.,.,.,GLN,CA,A,205,.,.,.,GLN,O,1536,1538,2.36956,0,2.40143,0,0,0
A,205,.,.,.,GLN,CA,A,205,.,.,.,GLN,CB,1536,1539,8.29507,0,1.51802,0,0,1
A,205,.,.,.,GLN,CA,A,205,.,.,.,GLN,CG,1536,1540,3.75306,0,2.54302,0,0,0
A,205,.,.,.,GLN,CA,A,206,.,.,.,PHE,N,1536,1544,0.915621,0,2.42927,0,1,0
A,205,.,.,.,GLN,CA,A,208,.,.,.,ALA,CB,1536,1567,1.6527,0,4.58828,1.20028,3,0
A,205,.,.,.,GLN,C,A,205,.,.,.,GLN,O,1537,1538,9.77352,0.715933,1.23771,0,0,1
A,205,.,.,.,GLN,C,A,205,.,.,.,GLN,CB,1537,1539,4.61404,0.949475,2.47579,0,0,0
A,205,.,.,.,GLN,C,A,206,.,.,.,PHE,N,1537,1544,6.85465,0,1.33397,0,1,1
A,205,.,.,.,GLN,C,A,206,.,.,.,PHE,CA,1537,1545,2.75162,1.01511,2.43715,0,1,0
A,205,.,.,.,GLN,C,A,206,.,.,.,PHE,C,1537,1546,0.255575,0,3.10431,0,1,0
A,205,.,.,.,GLN,C,A,207,.,.,.,LEU,N,1537,1555,1.02853,0,3.33769,2.39532,2,0
A,205,.,.,.,GLN,C,A,208,.,.,.,ALA,N,1537,1563,0.522666,0,3.98836,1.80818,3,0
A,205,.,.,.,GLN,C,A,208,.,.,.,ALA,CB,1537,1567,0.093277,0,4.38511,-0.00620041,3,0
A,205,.,.,.,GLN,O,A,205,.,.,.,GLN,CB,1538,1539,0.352516,0,3.30485,0,0,0
A,205,.,.,.,GLN,O,A,205,.,.,.,GLN,CG,1538,1540,0.542759,0,3.97189,0,0,0
A,205,.,.,.,GLN,O,A,206,.,.,.,PHE,CA,1538,1545,4.80591,2.46364,2.7766,0,1,0
A,205,.,.,.,GLN,O,A,206,.,.,.,PHE,C,1538,1546,1.84045,0,3.06869,0,1,0
A,205,.,.,.,GLN,O,A,206,.,.,.,PHE,O,1538,1547,0.0533964,0,3.65385,0,1,0
A,205,.,.,.,GLN,O,A,207,.,.,.,LEU,N,1538,1555,0.0579867,0,3.47194,0.0648228,2,0
A,205,.,.,.,GLN,O,A,208,.,.,.,ALA,N,1538,1563,1.42425,0,3.56604,-0.463788,3,0
A,205,.,.,.,GLN,O,A,208,.,.,.,ALA,CB,1538,1567,3.02684,0,3.80537,0.657754,3,0
A,205,.,.,.,GLN,O,A,209,.,.,.,PRO,CG,1538,1573,0.381873,1.22037,4.47916,0.00329063,4,0
A,205,.,.,.,GLN,O,A,209,.,.,.,PRO,CD,1538,1574,7.3754,0.249747,3.50228,-0.0695906,4,0
A,205,.,.,.,GLN,CB,A,205,.,.,.,GLN,CG,1539,1540,10.7787,0,1.47763,0,0,1
A,205,.,.,.,GLN,CB,A,205,.,.,.,GLN,CD,1539,1541,5.53831,0.508305,2.42271,0,0,0
A,205,.,.,.,GLN,CB,A,205,.,.,.,GLN,OE1,1539,1542,1.69267,2.08347,3.25013,0,0,0
A,205,.,.,.,GLN,CB,A,205,.,.,.,GLN,NE2,1539,1543,1.67682,0,3.01573,0,0,0
A,205,.,.,.,GLN,CB,A,206,.,.,.,PHE,N,1539,1544,3.07861,0.445751,3.08249,0,1,0
A,205,.,.,.,GLN,CB,A,206,.,.,.,PHE,CA,1539,1545,0.331656,1.52096,4.35453,0,1,0
A,205,.,.,.,GLN,CG,A,205,.,.,.,GLN,CD,1540,1541,7.55582,0,1.4954,0,0,1
A,205,.,.,.,GLN,CG,A,205,.,.,.,GLN,OE1,1540,1542,0.570128,0,2.3752,0,0,0
A,205,.,.,.,GLN,CG,A,205,.,.,.,GLN,NE2,1540,1543,1.56629,0,2.40173,0,0,0
A,205,.,.,.,GLN,CD,A,205,.,.,.,GLN,OE1,1541,1542,14.006,2.61516,1.22933,0,0,1
A,205,.,.,.,GLN,CD,A,205,.,.,.,GLN,NE2,1541,1543,11.2004,0.684889,1.33187,0,0,1
A,205,.,.,.,GLN,OE1,A,205,.,.,.,GLN,NE2,1542,1543,2.92651,3.59452,2.24888,0,0,0
A,206,.,.,.,PHE,N,A,206,.,.,.,PHE,CA,1544,1545,8.35193,0.2549,1.45671,0,0,1
A,206,.,.,.,PHE,N,A,206,.,.,.,PHE,C,1544,1546,0.0675053,0,2.47024,0,0,0
A,206,.,.,.,PHE,N,A,206,.,.,.,PHE,CB,1544,1548,2.53415,0.22323,2.43282,0,0,0
A,206,.,.,.,PHE,N,A,207,.,.,.,LEU,N,1544,1555,1.64623,0,2.79472,0,1,0
A,206,.,.,.,PHE,CA,A,206,.,.,.,PHE,C,1545,1546,6.91479,0,1.52224,0,0,1
A,206,.,.,.,PHE,CA,A,206,.,.,.,PHE,O,1545,1547,3.7388,1.36785,2.39354,0,0,0
A,206,.,.,.,PHE,CA,A,206,.,.,.,PHE,CB,1545,1548,10.6027,1.69125,1.52815,0,0,1
A,206,.,.,.,PHE,CA,A,206,.,.,.,PHE,CG,1545,1549,0.781829,0,2.53941,0,0,0
A,206,.,.,.,PHE,CA,A,206,.,.,.,PHE,CD2,1545,1551,5.12105,3.5641,3.30234,0,0,0
A,206,.,.,.,PHE,CA,A,207,.,.,.,LEU,N,1545,1555,0.947496,0,2.43927,0,1,0
A,206,.,.,.,PHE,CA,A,209,.,.,.,PRO,CG,1545,1573,0.102237,0.384598,5.52438,0.0273598,3,0
A,206,.,.,.,PHE,C,A,206,.,.,.,PHE,O,1546,1547,7.76469,0,1.23534,0,0,1
A,206,.,.,.,PHE,C,A,206,.,.,.,PHE,CB,1546,1548,1.10568,0,2.50741,0,0,0
A,206,.,.,.,PHE,C,A,206,.,.,.,PHE,CG,1546,1549,0.495306,0,2.97614,0,0,0
A,206,.,.,.,PHE,C,A,206,.,.,.,PHE,CD1,1546,1550,1.97158,0,3.32551,0,0,0
A,206,.,.,.,PHE,C,A,207,.,.,.,LEU,N,1546,1555,6.84686,0,1.3249,0,1,1
A,206,.,.,.,PHE,C,A,207,.,.,.,LEU,CA,1546,1556,1.71342,0,2.42805,0,1,0
A,206,.,.,.,PHE,C,A,207,.,.,.,LEU,C,1546,1557,0.062008,0,3.30958,0,1,0
A,206,.,.,.,PHE,C,A,208,.,.,.,ALA,N,1546,1563,0.624794,0,3.44044,0.972773,2,0
A,206,.,.,.,PHE,C,A,209,.,.,.,PRO,CD,1546,1574,1.06373,0,4.19432,1.46404,3,0
A,206,.,.,.,PHE,O,A,206,.,.,.,PHE,CG,1547,1549,0.969228,0,3.17169,0,0,0
A,206,.,.,.,PHE,O,A,206,.,.,.,PHE,CD1,1547,1550,2.99767,0,3.37882,0,0,0
A,206,.,.,.,PHE,O,A,206,.,.,.,PHE,CD2,1547,1551,3.04649,1.67598,3.79126,0,0,0
A,206,.,.,.,PHE,O,A,206,.,.,.,PHE,CE1,1547,1552,2.08213,1.96521,4.12648,0,0,0
A,206,.,.,.,PHE,O,A,206,.,.,.,PHE,CE2,1547,1553,0.834019,1.26752,4.47049,0,0,0
A,206,.,.,.,PHE,O,A,206,.,.,.,PHE,CZ,1547,1554,0.579887,0.926473,4.61566,0,0,0
A,206,.,.,.,PHE,O,A,207,.,.,.,LEU,CA,1547,1556,5.74167,0.269544,2.75573,0,1,0
A,206,.,.,.,PHE,O,A,207,.,.,.,LEU,C,1547,1557,0.36982,0,3.46659,0,1,0
A,206,.,.,.,PHE,O,A,207,.,.,.,LEU,CD2,1547,1562,0.566381,0.653356,4.55696,0,1,0
A,206,.,.,.,PHE,O,A,209,.,.,.,PRO,CG,1547,1573,8.82915,5.2736,3.95037,-0.862898,3,0
A,206,.,.,.,PHE,O,A,209,.,.,.,PRO,CD,1547,1574,2.5198,0,3.82186,0.0191436,3,0
A,206,.,.,.,PHE,O,A,210,.,.,.,LYS,N,1547,1575,0.0896928,0,5.16,0.107303,4,0
A,206,.,.,.,PHE,O,A,210,.,.,.,LYS,CB,1547,1579,1.78351,2.11666,5.42859,0.0536382,4,0
A,206,.,.,.,PHE,CB,A,206,.,.,.,PHE,CG,1548,1549,8.27438,0.0216462,1.49916,0,0,1
A,206,.,.,.,PHE,CB,A,206,.,.,.,PHE,CD1,1548,1550,6.17381,1.97389,2.51206,0,0,0
A,206,.,.,.,PHE,CB,A,206,.,.,.,PHE,CD2,1548,1551,7.42593,3.00983,2.50588,0,0,0
A,206,.,.,.,PHE,CB,A,207,.,.,.,LEU,N,1548,1555,0.985762,0,3.22703,0,1,0
A,206,.,.,.,PHE,CB,A,207,.,.,.,LEU,CG,1548,1560,0.968389,0,4.81712,0,1,0
A,206,.,.,.,PHE,CG,A,206,.,.,.,PHE,CD1,1549,1550,9.29996,1.5997,1.3913,0,0,1
A,206,.,.,.,PHE,CG,A,206,.,.,.,PHE,CD2,1549,1551,9.55999,1.13326,1.38673,0,0,1
A,206,.,.,.,PHE,CD1,A,206,.,.,.,PHE,CD2,1550,1551,1.29815,0.416414,2.39188,0,0,0
A,206,.,.,.,PHE,CD1,A,206,.,.,.,PHE,CE1,1550,1552,17.5836,4.57968,1.38364,0,0,1
A,206,.,.,.,PHE,CD1,A,206,.,.,.,PHE,CE2,1550,1553,0.0124994,0.00591743,2.7651,0,0,0
A,206,.,.,.,PHE,CD1,A,206,.,.,.,PHE,CZ,1550,1554,0.0262119,0,2.39459,0,0,0
A,206,.,.,.,PHE,CD1,A,207,.,.,.,LEU,N,1550,1555,0.185178,0,3.90575,0,1,0
A,206,.,.,.,PHE,CD1,A,207,.,.,.,LEU,CA,1550,1556,0.124302,0,4.50855,0,1,0
A,206,.,.,.,PHE,CD1,A,207,.,.,.,LEU,CG,1550,1560,4.71886,1.8273,4.19179,0,1,0
A,206,.,.,.,PHE,CD1,A,207,.,.,.,LEU,CD2,1550,1562,6.22227,1.20664,3.92805,0,1,0
A,206,.,.,.,PHE,CD2,A,206,.,.,.,PHE,CE2,1551,1553,22.2575,10.8624,1.38332,0,0,1
A,206,.,.,.,PHE,CD2,A,206,.,.,.,PHE,CZ,1551,1554,0.00138456,0,2.39997,0,0,0
A,206,.,.,.,PHE,CE1,A,206,.,.,.,PHE,CE2,1552,1553,0.000172799,0.000936129,2.40152,0,0,0
A,206,.,.,.,PHE,CE1,A,206,.,.,.,PHE,CZ,1552,1554,22.4559,11.3045,1.38439,0,0,1
A,206,.,.,.,PHE,CE1,A,207,.,.,.,LEU,CD2,1552,1562,8.03214,6.8087,4.33718,0,1,0
A,206,.,.,.,PHE,CE2,A,206,.,.,.,PHE,CZ,1553,1554,22.5441,11.5102,1.38957,0,0,1
A,207,.,.,.,LEU,N,A,207,.,.,.,LEU,CA,1555,1556,6.4198,0,1.45297,0,0,1
A,207,.,.,.,LEU,N,A,207,.,.,.,LEU,CB,1555,1559,1.65967,0,2.44107,0,0,0
A,207,.,.,.,LEU,N,A,207,.,.,.,LEU,CG,1555,1560,2.40395,0,3.06099,0,0,0
A,207,.,.,.,LEU,N,A,208,.,.,.,ALA,N,1555,1563,2.94548,0,2.72399,0,1,0
A,207,.,.,.,LEU,CA,A,207,.,.,.,LEU,C,1556,1557,8.39792,0,1.52058,0,0,1
A,207,.,.,.,LEU,CA,A,207,.,.,.,LEU,O,1556,1558,1.8164,0,2.38298,0,0,0
A,207,.,.,.,LEU,CA,A,207,.,.,.,LEU,CB,1556,1559,8.12082,0,1.53153,0,0,1
A,207,.,.,.,LEU,CA,A,207,.,.,.,LEU,CG,1556,1560,1.29909,0,2.59905,0,0,0
A,207,.,.,.,LEU,CA,A,207,.,.,.,LEU,CD2,1556,1562,5.22664,0.230605,3.1472,0,0,0
A,207,.,.,.,LEU,CA,A,208,.,.,.,ALA,N,1556,1563,1.06883,0,2.44274,0,1,0
A,207,.,.,.,LEU,CA,A,210,.,.,.,LYS,N,1556,1575,0.0340235,0,4.80705,0.0559162,3,0
A,207,.,.,.,LEU,CA,A,210,.,.,.,LYS,CB,1556,1579,3.77562,0.230831,4.77104,4.1012,3,0
A,207,.,.,.,LEU,C,A,207,.,.,.,LEU,O,1557,1558,8.57459,0,1.23615,0,0,1
A,207,.,.,.,LEU,C,A,207,.,.,.,LEU,CB,1557,1559,4.61986,1.06274,2.49184,0,0,0
A,207,.,.,.,LEU,C,A,208,.,.,.,ALA,N,1557,1563,7.79441,0.091908,1.33136,0,1,1
A,207,.,.,.,LEU,C,A,208,.,.,.,ALA,CA,1557,1564,2.53326,0.822236,2.43093,0,1,0
A,207,.,.,.,LEU,C,A,208,.,.,.,ALA,C,1557,1565,0.416854,0,3.00238,0,1,0
A,207,.,.,.,LEU,C,A,209,.,.,.,PRO,N,1557,1568,0.39101,0,3.43315,0.858627,2,0
A,207,.,.,.,LEU,C,A,209,.,.,.,PRO,CG,1557,1573,0.0652446,0,4.5286,-0.0113092,2,0
A,207,.,.,.,LEU,C,A,209,.,.,.,PRO,CD,1557,1574,1.90466,0,3.62273,0.39977,2,0
A,207,.,.,.,LEU,C,A,210,.,.,.,LYS,N,1557,1575,0.941202,0,3.85588,1.88943,3,0
A,207,.,.,.,LEU,C,A,210,.,.,.,LYS,CB,1557,1579,0.116644,0,4.42028,0.0456999,3,0
A,207,.,.,.,LEU,C,A,211,.,.,.,ALA,CB,1557,1588,0.493751,0.422181,4.71923,-0.195221,4,0
A,207,.,.,.,LEU,O,A,207,.,.,.,LEU,CB,1558,1559,4.61771,0.978594,3.02582,0,0,0
A,207,.,.,.,LEU,O,A,208,.,.,.,ALA,CA,1558,1564,1.71276,0,2.76865,0,1,0
A,207,.,.,.,LEU,O,A,208,.,.,.,ALA,C,1558,1565,1.85268,0,2.85807,0,1,0
A,207,.,.,.,LEU,O,A,208,.,.,.,ALA,O,1558,1566,0.144151,0,3.23594,0,1,0
A,207,.,.,.,LEU,O,A,209,.,.,.,PRO,N,1558,1568,0.0295124,0,3.40789,0.00410694,2,0
A,207,.,.,.,LEU,O,A,210,.,.,.,LYS,N,1558,1575,2.72401,0,3.07185,-1.28462,3,0
A,207,.,.,.,LEU,O,A,210,.,.,.,LYS,CA,1558,1576,0.0927994,0,3.60334,0.0954043,3,0
A,207,.,.,.,LEU,O,A,210,.,.,.,LYS,CB,1558,1579,4.87496,0,3.51218,2.71624,3,0
A,207,.,.,.,LEU,O,A,210,.,.,.,LYS,CD,1558,1581,0.163549,0.491316,5.07808,0.0430323,3,0
A,207,.,.,.,LEU,O,A,211,.,.,.,ALA,N,1558,1584,4.68185,0.369129,3.01554,-3.82485,4,0
A,207,.,.,.,LEU,O,A,211,.,.,.,ALA,CB,1558,1588,5.30779,0.613372,3.76492,-0.693876,4,0
A,207,.,.,.,LEU,CB,A,207,.,.,.,LEU,CG,1559,1560,7.92392,0,1.52684,0,0,1
A,207,.,.,.,LEU,CB,A,207,.,.,.,LEU,CD1,1559,1561,9.58795,5.52285,2.4958,0,0,0
A,207,.,.,.,LEU,CB,A,207,.,.,.,LEU,CD2,1559,1562,4.76808,1.29967,2.49826,0,0,0
A,207,.,.,.,LEU,CB,A,208,.,.,.,ALA,N,1559,1563,1.30081,0.799666,3.4103,0,1,0
A,207,.,.,.,LEU,CB,A,210,.,.,.,LYS,CB,1559,1579,0.242496,0,5.37945,0.130261,3,0
A,207,.,.,.,LEU,CB,A,210,.,.,.,LYS,CD,1559,1581,0.565946,0.8381,5.90427,0.118541,3,0
A,207,.,.,.,LEU,CB,A,211,.,.,.,ALA,CB,1559,1588,2.0364,3.61008,5.74441,-0.576762,4,0
A,207,.,.,.,LEU,CG,A,207,.,.,.,LEU,CD1,1560,1561,13.1558,1.61994,1.52372,0,0,1
A,207,.,.,.,LEU,CG,A,207,.,.,.,LEU,CD2,1560,1562,11.4873,0.931117,1.52063,0,0,1
A,207,.,.,.,LEU,CD1,A,207,.,.,.,LEU,CD2,1561,1562,10.4551,7.71286,2.50624,0,0,0
A,207,.,.,.,LEU,CD2,A,210,.,.,.,LYS,CB,1562,1579,2.35151,1.29594,5.40588,-1.47384,3,0
A,207,.,.,.,LEU,CD2,A,210,.,.,.,LYS,CD,1562,1581,10.6224,7.72209,5.10949,-5.10647,3,0
A,208,.,.,.,ALA,N,A,208,.,.,.,ALA,CA,1563,1564,8.24962,0.822091,1.45982,0,0,1
A,208,.,.,.,ALA,N,A,208,.,.,.,ALA,C,1563,1565,0.115117,0,2.48935,0,0,0
A,208,.,.,.,ALA,N,A,208,.,.,.,ALA,CB,1563,1567,2.09661,0,2.44696,0,0,0
A,208,.,.,.,ALA,N,A,209,.,.,.,PRO,N,1563,1568,0.0469497,0,2.99743,0,1,0
A,208,.,.,.,ALA,N,A,209,.,.,.,PRO,CD,1563,1574,3.0489,0,3.06889,0,1,0
A,208,.,.,.,ALA,CA,A,208,.,.,.,ALA,C,1564,1565,6.80451,0,1.52311,0,0,1
A,208,.,.,.,ALA,CA,A,208,.,.,.,ALA,O,1564,1566,3.83277,0.439467,2.37768,0,0,0
A,208,.,.,.,ALA,CA,A,208,.,.,.,ALA,CB,1564,1567,14.2676,3.88683,1.53428,0,0,1
A,208,.,.,.,ALA,CA,A,209,.,.,.,PRO,N,1564,1568,0.0407442,0,2.49788,0,1,0
A,208,.,.,.,ALA,CA,A,209,.,.,.,PRO,CD,1564,1574,0.965924,0,3.08241,0,1,0
A,208,.,.,.,ALA,CA,A,211,.,.,.,ALA,CB,1564,1588,5.86282,4.05778,4.59058,-3.4749,3,0
A,208,.,.,.,ALA,CA,A,212,.,.,.,MET,CG,1564,1594,0.177605,0.534108,5.21033,-0.0686008,4,0
A,208,.,.,.,ALA,C,A,208,.,.,.,ALA,O,1565,1566,7.916,0,1.24233,0,0,1
A,208,.,.,.,ALA,C,A,208,.,.,.,ALA,CB,1565,1567,2.61066,0,2.52903,0,0,0
A,208,.,.,.,ALA,C,A,209,.,.,.,PRO,N,1565,1568,6.81197,0,1.34127,0,1,1
A,208,.,.,.,ALA,C,A,209,.,.,.,PRO,CA,1565,1569,1.35823,0,2.42339,0,1,0
A,208,.,.,.,ALA,C,A,209,.,.,.,PRO,C,1565,1570,0.203477,0,3.00198,0,1,0
A,208,.,.,.,ALA,C,A,209,.,.,.,PRO,CD,1565,1574,0.00118675,0,2.55285,0,1,0
A,208,.,.,.,ALA,C,A,210,.,.,.,LYS,N,1565,1575,1.04516,0,3.1756,2.21831,2,0
A,208,.,.,.,ALA,C,A,211,.,.,.,ALA,N,1565,1584,0.0637322,0,3.82311,0.0804199,3,0
A,208,.,.,.,ALA,O,A,208,.,.,.,ALA,CB,1566,1567,0.229754,0,3.36197,0,0,0
A,208,.,.,.,ALA,O,A,209,.,.,.,PRO,CA,1566,1569,2.15088,0,2.69077,0,1,0
A,208,.,.,.,ALA,O,A,209,.,.,.,PRO,C,1566,1570,1.84075,0,2.84913,0,1,0
A,208,.,.,.,ALA,O,A,210,.,.,.,LYS,N,1566,1575,0.212651,0,3.18882,0.229765,2,0
A,208,.,.,.,ALA,O,A,211,.,.,.,ALA,N,1566,1584,2.36264,0,3.13769,-1.46301,3,0
A,208,.,.,.,ALA,O,A,211,.,.,.,ALA,CA,1566,1585,0.0581515,0,3.71245,0.0121725,3,0
A,208,.,.,.,ALA,O,A,211,.,.,.,ALA,CB,1566,1588,3.76218,0.272421,3.67657,-1.9004,3,0
A,208,.,.,.,ALA,O,A,212,.,.,.,MET,N,1566,1589,3.53884,0,3.03871,-2.5282,4,0
A,208,.,.,.,ALA,O,A,212,.,.,.,MET,CB,1566,1593,0.608351,0,3.72594,-0.101174,4,0
A,208,.,.,.,ALA,O,A,212,.,.,.,MET,CG,1566,1594,7.16952,0.460332,3.35917,-2.26852,4,0
A,208,.,.,.,ALA,CB,A,209,.,.,.,PRO,N,1567,1568,0.460904,0,3.18515,0,1,0
A,208,.,.,.,ALA,CB,A,209,.,.,.,PRO,CD,1567,1574,3.5264,0,3.40703,0,1,0
A,208,.,.,.,ALA,CB,A,212,.,.,.,MET,CG,1567,1594,0.99761,0.836509,5.43773,-0.365669,4,0
A,209,.,.,.,PRO,N,A,209,.,.,.,PRO,CA,1568,1569,5.98561,0,1.47295,0,0,1
A,209,.,.,.,PRO,N,A,209,.,.,.,PRO,C,1568,1570,0.00798025,0,2.49433,0,0,0
A,209,.,.,.,PRO,N,A,209,.,.,.,PRO,CG,1568,1573,0.154448,0,2.3203,0,0,0
A,209,.,.,.,PRO,N,A,209,.,.,.,PRO,CD,1568,1574,7.24292,0,1.47673,0,0,1
A,209,.,.,.,PRO,N,A,210,.,.,.,LYS,N,1568,1575,1.40135,0,2.8274,0,1,0
A,209,.,.,.,PRO,CA,A,209,.,.,.,PRO,C,1569,1570,6.88664,0,1.51506,0,0,1
A,209,.,.,.,PRO,CA,A,209,.,.,.,PRO,O,1569,1571,2.78849,0,2.38248,0,0,0
A,209,.,.,.,PRO,CA,A,209,.,.,.,PRO,CB,1569,1572,8.60204,0,1.53921,0,0,1
A,209,.,.,.,PRO,CA,A,209,.,.,.,PRO,CG,1569,1573,0.636608,0,2.40235,0,0,0
A,209,.,.,.,PRO,CA,A,209,.,.,.,PRO,CD,1569,1574,0.776899,0,2.43599,0,0,0
A,209,.,.,.,PRO,CA,A,210,.,.,.,LYS,N,1569,1575,0.746685,0,2.44658,0,1,0
A,209,.,.,.,PRO,CA,A,212,.,.,.,MET,CB,1569,1593,1.81341,0,4.59197,0.378221,3,0
A,209,.,.,.,PRO,CA,A,212,.,.,.,MET,CG,1569,1594,0.676854,0,4.74052,0.0564487,3,0
A,209,.,.,.,PRO,C,A,209,.,.,.,PRO,O,1570,1571,9.55989,1.13453,1.23677,0,0,1
A,209,.,.,.,PRO,C,A,209,.,.,.,PRO,CB,1570,1572,4.72205,1.67905,2.52807,0,0,0
A,209,.,.,.,PRO,C,A,210,.,.,.,LYS,N,1570,1575,7.26948,0.161877,1.33325,0,1,1
A,209,.,.,.,PRO,C,A,210,.,.,.,LYS,CA,1570,1576,2.55545,1.20848,2.4149,0,1,0
A,209,.,.,.,PRO,C,A,210,.,.,.,LYS,C,1570,1577,0.442103,0,3.06442,0,1,0
A,209,.,.,.,PRO,C,A,211,.,.,.,ALA,N,1570,1584,0.545284,0,3.35324,0.874837,2,0
A,209,.,.,.,PRO,C,A,212,.,.,.,MET,N,1570,1589,0.576071,0,3.88409,1.91224,3,0
A,209,.,.,.,PRO,C,A,212,.,.,.,MET,CB,1570,1593,0.0951001,0,4.45599,0.022974,3,0
A,209,.,.,.,PRO,O,A,209,.,.,.,PRO,CB,1571,1572,1.642,1.43978,3.30429,0,0,0
A,209,.,.,.,PRO,O,A,210,.,.,.,LYS,CA,1571,1576,3.62222,0.649226,2.72387,0,1,0
A,209,.,.,.,PRO,O,A,210,.,.,.,LYS,C,1571,1577,1.46671,0,3.04017,0,1,0
A,209,.,.,.,PRO,O,A,212,.,.,.,MET,N,1571,1589,1.47308,0,3.4661,-0.0836036,3,0
A,209,.,.,.,PRO,O,A,212,.,.,.,MET,CA,1571,1590,0.0201633,0,3.96023,0.0148396,3,0
A,209,.,.,.,PRO,O,A,212,.,.,.,MET,CB,1571,1593,3.14419,0,3.85415,0.412681,3,0
A,209,.,.,.,PRO,O,A,213,.,.,.,LYS,N,1571,1597,4.16714,0,3.15007,1.06838,4,0
A,209,.,.,.,PRO,O,A,213,.,.,.,LYS,CB,1571,1601,3.66673,0.247966,3.67703,2.06547,4,0
A,209,.,.,.,PRO,O,A,213,.,.,.,LYS,CG,1571,1602,5.50752,2.48032,3.97298,3.50564,4,0
A,209,.,.,.,PRO,CB,A,209,.,.,.,PRO,CG,1572,1573,12.7971,1.68119,1.48578,0,0,1
A,209,.,.,.,PRO,CB,A,209,.,.,.,PRO,CD,1572,1574,1.5653,0,2.36948,0,0,0
A,209,.,.,.,PRO,CB,A,210,.,.,.,LYS,N,1572,1575,1.75693,1.22833,3.22008,0,1,0
A,209,.,.,.,PRO,CG,A,209,.,.,.,PRO,CD,1573,1574,13.8449,0.191931,1.49057,0,0,1
A,209,.,.,.,PRO,CG,A,210,.,.,.,LYS,N,1573,1575,4.89352,0.881767,3.50196,0,1,0
A,209,.,.,.,PRO,CG,A,210,.,.,.,LYS,CB,1573,1579,0.649039,1.48399,5.31622,0,1,0
A,209,.,.,.,PRO,CD,A,210,.,.,.,LYS,N,1574,1575,0.362111,0,3.69063,0,1,0
A,210,.,.,.,LYS,N,A,210,.,.,.,LYS,CA,1575,1576,8.48136,1.36356,1.45717,0,0,1
A,210,.,.,.,LYS,N,A,210,.,.,.,LYS,C,1575,1577,0.101926,0,2.46023,0,0,0
A,210,.,.,.,LYS,N,A,210,.,.,.,LYS,CB,1575,1579,5.41398,0.907181,2.44522,0,0,0
A,210,.,.,.,LYS,N,A,211,.,.,.,ALA,N,1575,1584,1.53995,0,2.7953,0,1,0
A,210,.,.,.,LYS,CA,A,210,.,.,.,LYS,C,1576,1577,6.59078,0,1.52199,0,0,1
A,210,.,.,.,LYS,CA,A,210,.,.,.,LYS,O,1576,1578,2.30345,0,2.40064,0,0,0
A,210,.,.,.,LYS,CA,A,210,.,.,.,LYS,CB,1576,1579,10.2612,2.07652,1.52538,0,0,1
A,210,.,.,.,LYS,CA,A,210,.,.,.,LYS,CG,1576,1580,5.61756,2.63469,2.53433,0,0,0
A,210,.,.,.,LYS,CA,A,211,.,.,.,ALA,N,1576,1584,0.953847,0,2.4345,0,1,0
A,210,.,.,.,LYS,CA,A,213,.,.,.,LYS,CB,1576,1601,4.00485,2.61217,4.82836,4.24847,3,0
A,210,.,.,.,LYS,C,A,210,.,.,.,LYS,O,1577,1578,7.93429,0,1.23602,0,0,1
A,210,.,.,.,LYS,C,A,210,.,.,.,LYS,CB,1577,1579,1.51079,0,2.49982,0,0,0
A,210,.,.,.,LYS,C,A,210,.,.,.,LYS,CG,1577,1580,1.88448,0,3.0839,0,0,0
A,210,.,.,.,LYS,C,A,210,.,.,.,LYS,CD,1577,1581,0.676561,0,4.03168,0,0,0
A,210,.,.,.,LYS,C,A,211,.,.,.,ALA,N,1577,1584,7.02256,0,1.3299,0,1,1
A,210,.,.,.,LYS,C,A,211,.,.,.,ALA,CA,1577,1585,1.86452,0,2.42223,0,1,0
A,210,.,.,.,LYS,C,A,211,.,.,.,ALA,C,1577,1586,0.382245,0,3.04044,0,1,0
A,210,.,.,.,LYS,C,A,212,.,.,.,MET,N,1577,1589,1.03023,0,3.27575,1.68265,2,0
A,210,.,.,.,LYS,C,A,213,.,.,.,LYS,N,1577,1597,0.583254,0,3.87622,1.20878,3,0
A,210,.,.,.,LYS,C,A,213,.,.,.,LYS,CB,1577,1601,0.00860386,0,4.66306,0.00327288,3,0
A,210,.,.,.,LYS,C,A,214,.,.,.,LYS,CD,1577,1612,0.254662,0,4.88974,0.0927187,4,0
A,210,.,.,.,LYS,O,A,210,.,.,.,LYS,CG,1578,1580,4.72415,1.26243,3.32216,0,0,0
A,210,.,.,.,LYS,O,A,211,.,.,.,ALA,CA,1578,1585,2.40477,0,2.74035,0,1,0
A,210,.,.,.,LYS,O,A,211,.,.,.,ALA,C,1578,1586,1.48021,0,3.01025,0,1,0
A,210,.,.,.,LYS,O,A,212,.,.,.,MET,N,1578,1589,0.00356811,0,3.46023,0.00434496,2,0
A,210,.,.,.,LYS,O,A,213,.,.,.,LYS,N,1578,1597,1.82182,0,3.40284,-0.761242,3,0
A,210,.,.,.,LYS,O,A,213,.,.,.,LYS,CA,1578,1598,0.0541609,0,3.95329,0.0532451,3,0
A,210,.,.,.,LYS,O,A,213,.,.,.,LYS,CB,1578,1601,3.47299,1.01492,4.02612,1.93756,3,0
A,210,.,.,.,LYS,O,A,214,.,.,.,LYS,N,1578,1606,5.15112,0.330063,3.06002,-2.15237,4,0
A,210,.,.,.,LYS,O,A,214,.,.,.,LYS,CB,1578,1610,2.20301,0,3.62501,1.22904,4,0
A,210,.,.,.,LYS,O,A,214,.,.,.,LYS,CG,1578,1611,2.81686,0.644919,3.9121,1.19565,4,0
A,210,.,.,.,LYS,O,A,214,.,.,.,LYS,CD,1578,1612,2.35621,0,4.07301,0.563854,4,0
A,210,.,.,.,LYS,CB,A,210,.,.,.,LYS,CG,1579,1580,13.4016,4.45143,1.51364,0,0,1
A,210,.,.,.,LYS,CB,A,210,.,.,.,LYS,CD,1579,1581,8.56852,1.29694,2.50538,0,0,0
A,210,.,.,.,LYS,CB,A,211,.,.,.,ALA,N,1579,1584,2.16186,0,3.17823,0,1,0
A,210,.,.,.,LYS,CG,A,210,.,.,.,LYS,CD,1580,1581,12.5877,2.4768,1.51631,0,0,1
A,210,.,.,.,LYS,CG,A,210,.,.,.,LYS,CE,1580,1582,8.7718,4.23243,2.49508,0,0,0
A,210,.,.,.,LYS,CG,A,213,.,.,.,LYS,CB,1580,1601,0.123189,0.804212,6.10935,0.0831531,3,0
A,210,.,.,.,LYS,CG,A,214,.,.,.,LYS,CG,1580,1611,0.484676,0.321888,5.36248,0.289969,4,0
A,210,.,.,.,LYS,CG,A,214,.,.,.,LYS,CD,1580,1612,1.27562,0,4.87138,1.15842,4,0
A,210,.,.,.,LYS,CG,A,214,.,.,.,LYS,NZ,1580,1614,2.20542,1.87499,4.56616,2.3891,4,0
A,210,.,.,.,LYS,CD,A,210,.,.,.,LYS,CE,1581,1582,13.8246,3.4905,1.51894,0,0,1
A,210,.,.,.,LYS,CD,A,210,.,.,.,LYS,NZ,1581,1583,8.96592,6.51912,2.49524,0,0,0
A,210,.,.,.,LYS,CD,A,211,.,.,.,ALA,N,1581,1584,1.223,0.862371,4.60725,0,1,0
A,210,.,.,.,LYS,CD,A,211,.,.,.,ALA,CA,1581,1585,0.845194,1.2839,5.44954,0,1,0
A,210,.,.,.,LYS,CD,A,214,.,.,.,LYS,CD,1581,1612,3.57345,1.43089,4.65285,2.28225,4,0
A,210,.,.,.,LYS,CE,A,210,.,.,.,LYS,NZ,1582,1583,15.9745,5.76098,1.48769,0,0,1
A,210,.,.,.,LYS,CE,A,214,.,.,.,LYS,CD,1582,1612,1.30327,0,4.21322,0.84295,4,0
A,210,.,.,.,LYS,CE,A,214,.,.,.,LYS,CE,1582,1613,1.83508,0,3.64358,1.36636,4,0
A,210,.,.,.,LYS,CE,A,214,.,.,.,LYS,NZ,1582,1614,10.7589,4.61528,3.22099,8.72844,4,0
A,210,.,.,.,LYS,NZ,A,214,.,.,.,LYS,CD,1583,1612,0.790007,1.03191,4.37944,0.622534,4,0
A,210,.,.,.,LYS,NZ,A,214,.,.,.,LYS,CE,1583,1613,9.48978,4.13224,3.56559,7.69886,4,0
A,210,.,.,.,LYS,NZ,A,214,.,.,.,LYS,NZ,1583,1614,1.75982,1.53474,3.57429,0.968612,4,0
A,211,.,.,.,ALA,N,A,211,.,.,.,ALA,CA,1584,1585,8.31248,0.239131,1.45735,0,0,1
A,211,.,.,.,ALA,N,A,211,.,.,.,ALA,C,1584,1586,0.068129,0,2.46105,0,0,0
A,211,.,.,.,ALA,N,A,211,.,.,.,ALA,CB,1584,1588,3.43004,0.653359,2.43363,0,0,0
A,211,.,.,.,ALA,N,A,212,.,.,.,MET,N,1584,1589,1.59083,0,2.78908,0,1,0
A,211,.,.,.,ALA,CA,A,211,.,.,.,ALA,C,1585,1586,6.80492,0,1.52408,0,0,1
A,211,.,.,.,ALA,CA,A,211,.,.,.,ALA,O,1585,1587,3.29951,0.837106,2.40076,0,0,0
A,211,.,.,.,ALA,CA,A,211,.,.,.,ALA,CB,1585,1588,15.5483,5.48709,1.52468,0,0,1
A,211,.,.,.,ALA,CA,A,212,.,.,.,MET,N,1585,1589,0.949484,0,2.44439,0,1,0
A,211,.,.,.,ALA,CA,A,214,.,.,.,LYS,CB,1585,1610,3.11185,0.891996,4.47882,1.49532,3,0
A,211,.,.,.,ALA,CA,A,214,.,.,.,LYS,CD,1585,1612,5.18415,3.41672,4.96409,2.83606,3,0
A,211,.,.,.,ALA,C,A,211,.,.,.,ALA,O,1586,1587,9.42389,0.467662,1.23547,0,0,1
A,211,.,.,.,ALA,C,A,211,.,.,.,ALA,CB,1586,1588,4.71549,1.32933,2.51189,0,0,0
A,211,.,.,.,ALA,C,A,212,.,.,.,MET,N,1586,1589,7.27374,0,1.33664,0,1,1
A,211,.,.,.,ALA,C,A,212,.,.,.,MET,CA,1586,1590,2.33888,0.11051,2.42613,0,1,0
A,211,.,.,.,ALA,C,A,212,.,.,.,MET,C,1586,1591,0.425392,0,3.05793,0,1,0
A,211,.,.,.,ALA,C,A,212,.,.,.,MET,SD,1586,1595,0.159068,0.637168,5.05191,0,1,0
A,211,.,.,.,ALA,C,A,213,.,.,.,LYS,N,1586,1597,0.771016,0,3.33315,1.63644,2,0
A,211,.,.,.,ALA,C,A,214,.,.,.,LYS,N,1586,1606,0.674936,0,3.84839,1.95555,3,0
A,211,.,.,.,ALA,C,A,214,.,.,.,LYS,CB,1586,1610,0.141793,0,4.28516,0.0640785,3,0
A,211,.,.,.,ALA,C,A,215,.,.,.,MET,CE,1586,1622,0.153061,0.65825,5.71802,-0.104382,4,0
A,211,.,.,.,ALA,O,A,211,.,.,.,ALA,CB,1587,1588,2.62514,3.34899,3.27238,0,0,0
A,211,.,.,.,ALA,O,A,212,.,.,.,MET,CA,1587,1590,2.89806,0,2.74153,0,1,0
A,211,.,.,.,ALA,O,A,212,.,.,.,MET,C,1587,1591,1.34793,0,3.03236,0,1,0
A,211,.,.,.,ALA,O,A,214,.,.,.,LYS,N,1587,1606,1.34713,0,3.42364,-0.131161,3,0
A,211,.,.,.,ALA,O,A,214,.,.,.,LYS,CA,1587,1607,0.0401346,0,3.8308,0.0103345,3,0
A,211,.,.,.,ALA,O,A,214,.,.,.,LYS,CB,1587,1610,4.53091,0.434815,3.62582,2.46104,3,0
A,211,.,.,.,ALA,O,A,215,.,.,.,MET,N,1587,1615,4.31536,0,3.09887,-3.08296,4,0
A,211,.,.,.,ALA,O,A,215,.,.,.,MET,CB,1587,1619,4.74148,0,3.73442,0.0414711,4,0
A,211,.,.,.,ALA,O,A,215,.,.,.,MET,CE,1587,1622,1.98137,1.98395,5.01446,0.385272,4,0
A,211,.,.,.,ALA,CB,A,212,.,.,.,MET,N,1588,1589,2.21222,0,3.2144,0,1,0
A,211,.,.,.,ALA,CB,A,212,.,.,.,MET,CG,1588,1594,1.53766,1.30385,5.24304,0,1,0
A,211,.,.,.,ALA,CB,A,212,.,.,.,MET,SD,1588,1595,0.455156,1.46673,6.01842,0,1,0
A,212,.,.,.,MET,N,A,212,.,.,.,MET,CA,1589,1590,7.08749,0,1.45785,0,0,1
A,212,.,.,.,MET,N,A,212,.,.,.,MET,C,1589,1591,0.0946756,0,2.45954,0,0,0
A,212,.,.,.,MET,N,A,212,.,.,.,MET,CB,1589,1593,1.62942,0,2.44845,0,0,0
A,212,.,.,.,MET,N,A,212,.,.,.,MET,CG,1589,1594,3.03605,0,3.0399,0,0,0
A,212,.,.,.,MET,N,A,212,.,.,.,MET,SD,1589,1595,0.142741,0,4.15966,0,0,0
A,212,.,.,.,MET,N,A,213,.,.,.,LYS,N,1589,1597,1.81615,0,2.80291,0,1,0
A,212,.,.,.,MET,CA,A,212,.,.,.,MET,C,1590,1591,6.76134,0,1.52091,0,0,1
A,212,.,.,.,MET,CA,A,212,.,.,.,MET,O,1590,1592,2.2475,0,2.39686,0,0,0
A,212,.,.,.,MET,CA,A,212,.,.,.,MET,CB,1590,1593,8.04754,0,1.52687,0,0,1
A,212,.,.,.,MET,CA,A,212,.,.,.,MET,CG,1590,1594,1.80509,0,2.55768,0,0,0
A,212,.,.,.,MET,CA,A,212,.,.,.,MET,SD,1590,1595,5.34032,0.0874593,3.40461,0,0,0
A,212,.,.,.,MET,CA,A,213,.,.,.,LYS,N,1590,1597,0.99013,0,2.44466,0,1,0
A,212,.,.,.,MET,CA,A,215,.,.,.,MET,CB,1590,1619,3.08252,0,4.40109,-0.16117,3,0
A,212,.,.,.,MET,CA,A,215,.,.,.,MET,SD,1590,1621,0.283992,0,5.53289,-0.175188,3,0
A,212,.,.,.,MET,CA,A,215,.,.,.,MET,CE,1590,1622,1.45378,0.0501628,5.21758,-1.08398,3,0
A,212,.,.,.,MET,C,A,212,.,.,.,MET,O,1591,1592,7.20932,0,1.23793,0,0,1
A,212,.,.,.,MET,C,A,212,.,.,.,MET,CB,1591,1593,2.22303,0,2.49708,0,0,0
A,212,.,.,.,MET,C,A,213,.,.,.,LYS,N,1591,1597,6.59847,0,1.33632,0,1,1
A,212,.,.,.,MET,C,A,213,.,.,.,LYS,CA,1591,1598,1.3525,0,2.41165,0,1,0
A,212,.,.,.,MET,C,A,213,.,.,.,LYS,C,1591,1599,0.344064,0,3.07961,0,1,0
A,212,.,.,.,MET,C,A,214,.,.,.,LYS,N,1591,1606,0.871167,0,3.29526,2.1008,2,0
A,212,.,.,.,MET,C,A,215,.,.,.,MET,N,1591,1615,0.804169,0,3.72559,1.21752,3,0
A,212,.,.,.,MET,C,A,215,.,.,.,MET,CB,1591,1619,0.128415,0,4.15657,-0.0331493,3,0
A,212,.,.,.,MET,O,A,212,.,.,.,MET,CB,1592,1593,0.0187649,0,3.2557,0,0,0
A,212,.,.,.,MET,O,A,213,.,.,.,LYS,CA,1592,1598,2.13322,0,2.71828,0,1,0
A,212,.,.,.,MET,O,A,213,.,.,.,LYS,C,1592,1599,0.835818,0,3.0841,0,1,0
A,212,.,.,.,MET,O,A,215,.,.,.,MET,N,1592,1615,1.45287,0,3.25258,-1.7955,3,0
A,212,.,.,.,MET,O,A,215,.,.,.,MET,CA,1592,1616,0.103964,0,3.6046,-0.0811184,3,0
A,212,.,.,.,MET,O,A,215,.,.,.,MET,CB,1592,1619,4.20329,0,3.41371,-1.61025,3,0
A,212,.,.,.,MET,O,A,215,.,.,.,MET,SD,1592,1621,0.00385071,0,5.00624,-0.000993514,3,0
A,212,.,.,.,MET,O,A,216,.,.,.,TYR,N,1592,1623,4.22853,0,2.88294,-5.45484,4,0
A,212,.,.,.,MET,O,A,216,.,.,.,TYR,CB,1592,1627,1.6464,0,3.64646,-0.771646,4,0
A,212,.,.,.,MET,CB,A,212,.,.,.,MET,CG,1593,1594,10.8222,0,1.52173,0,0,1
A,212,.,.,.,MET,CB,A,212,.,.,.,MET,SD,1593,1595,1.66955,0,2.76687,0,0,0
A,212,.,.,.,MET,CB,A,212,.,.,.,MET,CE,1593,1596,2.92423,0,3.26074,0,0,0
A,212,.,.,.,MET,CB,A,213,.,.,.,LYS,N,1593,1597,2.19193,0,3.18911,0,1,0
A,212,.,.,.,MET,CB,A,213,.,.,.,LYS,CG,1593,1602,0.00191771,0,5.52934,0,1,0
A,212,.,.,.,MET,CG,A,212,.,.,.,MET,SD,1594,1595,13.8103,1.68033,1.80302,0,0,0
A,212,.,.,.,MET,CG,A,212,.,.,.,MET,CE,1594,1596,3.16546,0,2.76964,0,0,0
A,212,.,.,.,MET,SD,A,212,.,.,.,MET,CE,1595,1596,13.9062,0,1.79375,0,0,1
A,212,.,.,.,MET,SD,A,215,.,.,.,MET,SD,1595,1621,2.84164,0,5.10433,-4.06507,3,0
A,212,.,.,.,MET,SD,A,215,.,.,.,MET,CE,1595,1622,8.18903,2.41963,4.60958,-16.797,3,0
A,212,.,.,.,MET,CE,A,215,.,.,.,MET,SD,1596,1621,1.00692,0,5.41203,-1.15519,3,0
A,213,.,.,.,LYS,N,A,213,.,.,.,LYS,CA,1597,1598,6.90709,0,1.45741,0,0,1
A,213,.,.,.,LYS,N,A,213,.,.,.,LYS,C,1597,1599,0.0558217,0,2.4596,0,0,0
A,213,.,.,.,LYS,N,A,213,.,.,.,LYS,CB,1597,1601,2.2946,0,2.45706,0,0,0
A,213,.,.,.,LYS,N,A,213,.,.,.,LYS,CG,1597,1602,1.64721,0,3.32467,0,0,0
A,213,.,.,.,LYS,N,A,214,.,.,.,LYS,N,1597,1606,1.9162,0,2.76777,0,1,0
A,213,.,.,.,LYS,CA,A,213,.,.,.,LYS,C,1598,1599,6.85412,0,1.52125,0,0,1
A,213,.,.,.,LYS,CA,A,213,.,.,.,LYS,O,1598,1600,1.48993,0,2.38862,0,0,0
A,213,.,.,.,LYS,CA,A,213,.,.,.,LYS,CB,1598,1601,7.32484,0,1.52985,0,0,1
A,213,.,.,.,LYS,CA,A,213,.,.,.,LYS,CG,1598,1602,1.6356,0,2.56629,0,0,0
A,213,.,.,.,LYS,CA,A,213,.,.,.,LYS,CD,1598,1603,3.99824,0,2.98593,0,0,0
A,213,.,.,.,LYS,CA,A,214,.,.,.,LYS,N,1598,1606,1.00981,0,2.45139,0,1,0
A,213,.,.,.,LYS,CA,A,216,.,.,.,TYR,N,1598,1623,0.0304087,0,4.16074,0.0480218,3,0
A,213,.,.,.,LYS,CA,A,216,.,.,.,TYR,CB,1598,1627,2.52469,0,4.07086,0.276315,3,0
A,213,.,.,.,LYS,C,A,213,.,.,.,LYS,O,1599,1600,8.53785,0,1.23493,0,0,1
A,213,.,.,.,LYS,C,A,213,.,.,.,LYS,CB,1599,1601,4.52937,0.626038,2.5178,0,0,0
A,213,.,.,.,LYS,C,A,214,.,.,.,LYS,N,1599,1606,7.96176,0.667506,1.33743,0,1,1
A,213,.,.,.,LYS,C,A,214,.,.,.,LYS,CA,1599,1607,1.80684,0.0850283,2.41917,0,1,0
A,213,.,.,.,LYS,C,A,214,.,.,.,LYS,C,1599,1608,0.593796,0,2.97936,0,1,0
A,213,.,.,.,LYS,C,A,215,.,.,.,MET,N,1599,1615,0.755396,0,3.2787,1.23376,2,0
A,213,.,.,.,LYS,C,A,216,.,.,.,TYR,N,1599,1623,1.09306,0,3.58348,3.61312,3,0
A,213,.,.,.,LYS,C,A,216,.,.,.,TYR,CB,1599,1627,0.062975,0,4.09495,-0.0140801,3,0
A,213,.,.,.,LYS,C,A,217,.,.,.,LYS,CD,1599,1641,0.559738,0.295358,5.13239,0.203792,4,0
A,213,.,.,.,LYS,C,A,217,.,.,.,LYS,CE,1599,1642,0.392929,0.371852,5.49784,0.229708,4,0
A,213,.,.,.,LYS,O,A,213,.,.,.,LYS,CB,1600,1601,1.53192,0,3.2095,0,0,0
A,213,.,.,.,LYS,O,A,213,.,.,.,LYS,CD,1600,1603,1.38747,0,4.07611,0,0,0
A,213,.,.,.,LYS,O,A,214,.,.,.,LYS,CA,1600,1607,2.63393,0,2.73423,0,1,0
A,213,.,.,.,LYS,O,A,214,.,.,.,LYS,C,1600,1608,1.40907,0,2.96039,0,1,0
A,213,.,.,.,LYS,O,A,214,.,.,.,LYS,O,1600,1609,0.0685183,0,3.3602,0,1,0
A,213,.,.,.,LYS,O,A,216,.,.,.,TYR,N,1600,1623,1.51684,0,3.17947,-1.20879,3,0
A,213,.,.,.,LYS,O,A,216,.,.,.,TYR,CA,1600,1624,0.0949238,0,3.62386,-0.0728448,3,0
A,213,.,.,.,LYS,O,A,216,.,.,.,TYR,CB,1600,1627,2.53306,0,3.49877,-0.262995,3,0
A,213,.,.,.,LYS,O,A,216,.,.,.,TYR,CD2,1600,1630,1.0913,0,4.25868,0.272303,3,0
A,213,.,.,.,LYS,O,A,217,.,.,.,LYS,N,1600,1635,3.86662,0,2.93157,-1.61565,4,0
A,213,.,.,.,LYS,O,A,217,.,.,.,LYS,CB,1600,1639,0.766203,0,3.71836,0.132527,4,0
A,213,.,.,.,LYS,O,A,217,.,.,.,LYS,CG,1600,1640,6.82222,0,3.4458,3.49731,4,0
A,213,.,.,.,LYS,O,A,217,.,.,.,LYS,CD,1600,1641,0.484541,0,4.27899,0.276643,4,0
A,213,.,.,.,LYS,O,A,217,.,.,.,LYS,CE,1600,1642,0.276267,0,4.79071,0.102849,4,0
A,213,.,.,.,LYS,CB,A,213,.,.,.,LYS,CG,1601,1602,15.9742,5.53371,1.54233,0,0,1
A,213,.,.,.,LYS,CB,A,213,.,.,.,LYS,CD,1601,1603,3.79683,0.291249,2.53934,0,0,0
A,213,.,.,.,LYS,CB,A,214,.,.,.,LYS,N,1601,1606,2.29359,1.38705,3.30049,0,1,0
A,213,.,.,.,LYS,CB,A,217,.,.,.,LYS,CG,1601,1640,0.0838048,0,5.71382,0.0565686,4,0
A,213,.,.,.,LYS,CB,A,217,.,.,.,LYS,CE,1601,1642,4.54093,3.85315,5.76817,4.00314,4,0
A,213,.,.,.,LYS,CG,A,213,.,.,.,LYS,CD,1602,1603,12.1703,2.63098,1.54012,0,0,1
A,213,.,.,.,LYS,CG,A,213,.,.,.,LYS,CE,1602,1604,7.03582,3.47372,2.56632,0,0,0
A,213,.,.,.,LYS,CD,A,213,.,.,.,LYS,CE,1603,1604,13.4224,3.17705,1.53036,0,0,1
A,213,.,.,.,LYS,CD,A,213,.,.,.,LYS,NZ,1603,1605,3.23083,0.247605,2.51843,0,0,0
A,213,.,.,.,LYS,CD,A,216,.,.,.,TYR,CB,1603,1627,3.38241,0,4.12138,-0.258561,3,0
A,213,.,.,.,LYS,CD,A,216,.,.,.,TYR,CG,1603,1628,0.0178648,0,4.32833,-0.0301062,3,0
A,213,.,.,.,LYS,CD,A,216,.,.,.,TYR,CD2,1603,1630,6.5977,1.56763,4.04599,-2.24617,3,0
A,213,.,.,.,LYS,CD,A,216,.,.,.,TYR,CE2,1603,1632,0.105108,0.494374,4.90608,-0.096131,3,0
A,213,.,.,.,LYS,CD,A,217,.,.,.,LYS,CG,1603,1640,0.773344,0.0967402,5.93102,0.47955,4,0
A,213,.,.,.,LYS,CD,A,217,.,.,.,LYS,CE,1603,1642,1.43025,2.06252,6.20109,0.961762,4,0
A,213,.,.,.,LYS,CE,A,213,.,.,.,LYS,NZ,1604,1605,17.7694,4.73086,1.49983,0,0,1
A,213,.,.,.,LYS,NZ,A,216,.,.,.,TYR,CB,1605,1627,0.436901,0,4.44082,0.157919,3,0
A,213,.,.,.,LYS,NZ,A,216,.,.,.,TYR,CG,1605,1628,1.62301,0,3.93946,-0.18416,3,0
A,213,.,.,.,LYS,NZ,A,216,.,.,.,TYR,CD1,1605,1629,2.3741,0,4.40305,0.165305,3,0
A,213,.,.,.,LYS,NZ,A,216,.,.,.,TYR,CD2,1605,1630,3.13752,0,3.72246,2.9977,3,0
A,213,.,.,.,LYS,NZ,A,216,.,.,.,TYR,CE1,1605,1631,1.64337,0.637711,4.65412,-0.700605,3,0
A,213,.,.,.,LYS,NZ,A,216,.,.,.,TYR,CE2,1605,1632,5.7062,3.42213,4.0109,-2.43268,3,0
A,213,.,.,.,LYS,NZ,A,216,.,.,.,TYR,CZ,1605,1633,2.43641,2.20172,4.4671,-2.25623,3,0
A,214,.,.,.,LYS,N,A,214,.,.,.,LYS,CA,1606,1607,8.10756,0.55404,1.459,0,0,1
A,214,.,.,.,LYS,N,A,214,.,.,.,LYS,C,1606,1608,0.092903,0,2.45567,0,0,0
A,214,.,.,.,LYS,N,A,214,.,.,.,LYS,CB,1606,1610,2.18291,0,2.45108,0,0,0
A,214,.,.,.,LYS,N,A,214,.,.,.,LYS,CG,1606,1611,1.95358,1.46107,3.35645,0,0,0
A,214,.,.,.,LYS,N,A,215,.,.,.,MET,N,1606,1615,1.51947,0,2.82128,0,1,0
A,214,.,.,.,LYS,CA,A,214,.,.,.,LYS,C,1607,1608,6.74831,0,1.52522,0,0,1
A,214,.,.,.,LYS,CA,A,214,.,.,.,LYS,O,1607,1609,3.66562,0.713055,2.40496,0,0,0
A,214,.,.,.,LYS,CA,A,214,.,.,.,LYS,CB,1607,1610,8.09539,0,1.52807,0,0,1
A,214,.,.,.,LYS,CA,A,214,.,.,.,LYS,CG,1607,1611,8.32272,2.1309,2.54492,0,0,0
A,214,.,.,.,LYS,CA,A,215,.,.,.,MET,N,1607,1615,1.00698,0,2.43951,0,1,0
A,214,.,.,.,LYS,CA,A,217,.,.,.,LYS,CB,1607,1639,2.69267,0.948221,4.66577,2.85647,3,0
A,214,.,.,.,LYS,CA,A,217,.,.,.,LYS,CG,1607,1640,0.374888,0,4.90518,0.345951,3,0
A,214,.,.,.,LYS,CA,A,217,.,.,.,LYS,CD,1607,1641,3.21173,0.603783,5.19048,2.30963,3,0
A,214,.,.,.,LYS,C,A,214,.,.,.,LYS,O,1608,1609,8.56215,0,1.23708,0,0,1
A,214,.,.,.,LYS,C,A,214,.,.,.,LYS,CB,1608,1610,3.22838,0,2.51715,0,0,0
A,214,.,.,.,LYS,C,A,215,.,.,.,MET,N,1608,1615,6.64898,0,1.33241,0,1,1
A,214,.,.,.,LYS,C,A,215,.,.,.,MET,CA,1608,1616,1.27619,0,2.42151,0,1,0
A,214,.,.,.,LYS,C,A,215,.,.,.,MET,C,1608,1617,0.40786,0,2.98588,0,1,0
A,214,.,.,.,LYS,C,A,216,.,.,.,TYR,N,1608,1623,0.967954,0,3.23151,1.84285,2,0
A,214,.,.,.,LYS,C,A,217,.,.,.,LYS,N,1608,1635,0.242439,0,3.84737,0.502448,3,0
A,214,.,.,.,LYS,O,A,214,.,.,.,LYS,CB,1609,1610,1.24301,1.04775,3.34472,0,0,0
A,214,.,.,.,LYS,O,A,214,.,.,.,LYS,CG,1609,1611,0.102868,0.765186,4.32604,0,0,0
A,214,.,.,.,LYS,O,A,215,.,.,.,MET,CA,1609,1616,1.94452,0,2.73859,0,1,0
A,214,.,.,.,LYS,O,A,215,.,.,.,MET,C,1609,1617,1.55249,0,2.91917,0,1,0
A,214,.,.,.,LYS,O,A,216,.,.,.,TYR,N,1609,1623,0.020069,0,3.37125,0.019171,2,0
A,214,.,.,.,LYS,O,A,217,.,.,.,LYS,N,1609,1635,1.89035,0,3.28206,-0.789874,3,0
A,214,.,.,.,LYS,O,A,217,.,.,.,LYS,CA,1609,1636,0.07546,0,3.76576,0.0741841,3,0
A,214,.,.,.,LYS,O,A,217,.,.,.,LYS,CB,1609,1639,4.83257,1.71349,3.70374,2.69606,3,0
A,214,.,.,.,LYS,O,A,218,.,.,.,ALA,N,1609,1644,5.08257,0.731681,2.99691,-0.852865,4,0
A,214,.,.,.,LYS,O,A,218,.,.,.,ALA,CB,1609,1648,4.23051,0.135096,3.64087,1.58922,4,0
A,214,.,.,.,LYS,CB,A,214,.,.,.,LYS,CG,1610,1611,11.8405,0.846995,1.5171,0,0,1
A,214,.,.,.,LYS,CB,A,214,.,.,.,LYS,CD,1610,1612,7.97238,2.48435,2.52425,0,0,0
A,214,.,.,.,LYS,CB,A,215,.,.,.,MET,N,1610,1615,1.96354,0,3.15619,0,1,0
A,214,.,.,.,LYS,CG,A,214,.,.,.,LYS,CD,1611,1612,11.0382,0,1.52174,0,0,1
A,214,.,.,.,LYS,CG,A,214,.,.,.,LYS,CE,1611,1613,4.74363,2.74657,2.50905,0,0,0
A,214,.,.,.,LYS,CG,A,214,.,.,.,LYS,NZ,1611,1614,9.86586,5.98977,2.8629,0,0,0
A,214,.,.,.,LYS,CG,A,217,.,.,.,LYS,CD,1611,1641,3.18932,4.49152,5.90647,1.9777,3,0
A,214,.,.,.,LYS,CD,A,214,.,.,.,LYS,CE,1612,1613,15.4393,0.824573,1.52587,0,0,1
A,214,.,.,.,LYS,CD,A,214,.,.,.,LYS,NZ,1612,1614,1.34746,0,2.5091,0,0,0
A,214,.,.,.,LYS,CE,A,214,.,.,.,LYS,NZ,1613,1614,14.8086,5.5028,1.49712,0,0,1
A,215,.,.,.,MET,N,A,215,.,.,.,MET,CA,1615,1616,6.98944,0,1.45629,0,0,1
A,215,.,.,.,MET,N,A,215,.,.,.,MET,C,1615,1617,0.0593532,0,2.46026,0,0,0
A,215,.,.,.,MET,N,A,215,.,.,.,MET,CB,1615,1619,2.55949,0,2.44499,0,0,0
A,215,.,.,.,MET,N,A,216,.,.,.,TYR,N,1615,1623,1.3229,0,2.81341,0,1,0
A,215,.,.,.,MET,CA,A,215,.,.,.,MET,C,1616,1617,6.33499,0,1.52332,0,0,1
A,215,.,.,.,MET,CA,A,215,.,.,.,MET,O,1616,1618,1.35362,0,2.40076,0,0,0
A,215,.,.,.,MET,CA,A,215,.,.,.,MET,CB,1616,1619,7.91495,0,1.52602,0,0,1
A,215,.,.,.,MET,CA,A,215,.,.,.,MET,CG,1616,1620,3.02531,0,2.53857,0,0,0
A,215,.,.,.,MET,CA,A,216,.,.,.,TYR,N,1616,1623,0.922166,0,2.44435,0,1,0
A,215,.,.,.,MET,CA,A,218,.,.,.,ALA,CB,1616,1648,3.50936,0,4.20701,-0.705766,3,0
A,215,.,.,.,MET,C,A,215,.,.,.,MET,O,1617,1618,7.18622,0,1.23682,0,0,1
A,215,.,.,.,MET,C,A,215,.,.,.,MET,CB,1617,1619,0.963662,0,2.5001,0,0,0
A,215,.,.,.,MET,C,A,215,.,.,.,MET,CG,1617,1620,2.94676,0,2.96796,0,0,0
A,215,.,.,.,MET,C,A,216,.,.,.,TYR,N,1617,1623,6.79302,0,1.33395,0,1,1
A,215,.,.,.,MET,C,A,216,.,.,.,TYR,CA,1617,1624,1.80642,0,2.41636,0,1,0
A,215,.,.,.,MET,C,A,216,.,.,.,TYR,C,1617,1625,0.475582,0,2.99283,0,1,0
A,215,.,.,.,MET,C,A,217,.,.,.,LYS,N,1617,1635,0.639678,0,3.31538,1.54257,2,0
A,215,.,.,.,MET,C,A,218,.,.,.,ALA,N,1617,1644,0.662042,0,3.63389,0.995062,3,0
A,215,.,.,.,MET,C,A,218,.,.,.,ALA,CB,1617,1648,0.143118,0,4.03254,-0.0640186,3,0
A,215,.,.,.,MET,C,A,219,.,.,.,CYS,SG,1617,1654,0.138255,0,4.34568,-0.111833,4,0
A,215,.,.,.,MET,O,A,215,.,.,.,MET,CG,1618,1620,3.01918,0,3.22846,0,0,0
A,215,.,.,.,MET,O,A,216,.,.,.,TYR,CA,1618,1624,2.01797,0,2.72291,0,1,0
A,215,.,.,.,MET,O,A,216,.,.,.,TYR,C,1618,1625,1.5601,0,2.90926,0,1,0
A,215,.,.,.,MET,O,A,216,.,.,.,TYR,O,1618,1626,0.0448656,0,3.33063,0,1,0
A,215,.,.,.,MET,O,A,218,.,.,.,ALA,N,1618,1644,1.77637,0,3.09622,-1.37397,3,0
A,215,.,.,.,MET,O,A,218,.,.,.,ALA,CA,1618,1645,0.123267,0,3.52896,-0.0397642,3,0
A,215,.,.,.,MET,O,A,218,.,.,.,ALA,CB,1618,1648,4.24186,0,3.31253,-0.358365,3,0
A,215,.,.,.,MET,O,A,219,.,.,.,CYS,N,1618,1649,3.35125,0,3.0742,-4.80797,4,0
A,215,.,.,.,MET,O,A,219,.,.,.,CYS,CB,1618,1653,0.117486,0,3.97401,-0.0383581,4,0
A,215,.,.,.,MET,O,A,219,.,.,.,CYS,SG,1618,1654,5.44185,0,3.36978,-1.00366,4,0
A,215,.,.,.,MET,CB,A,215,.,.,.,MET,CG,1619,1620,9.43222,0,1.51922,0,0,1
A,215,.,.,.,MET,CB,A,215,.,.,.,MET,SD,1619,1621,3.22105,0,2.77609,0,0,0
A,215,.,.,.,MET,CB,A,215,.,.,.,MET,CE,1619,1622,6.50395,0,3.11124,0,0,0
A,215,.,.,.,MET,CB,A,216,.,.,.,TYR,N,1619,1623,1.48065,0,3.17438,0,1,0
A,215,.,.,.,MET,CG,A,215,.,.,.,MET,SD,1620,1621,13.3962,0,1.79756,0,0,1
A,215,.,.,.,MET,CG,A,215,.,.,.,MET,CE,1620,1622,2.43007,0,2.77037,0,0,0
A,215,.,.,.,MET,CG,A,216,.,.,.,TYR,N,1620,1623,0.646378,0,3.80588,0,1,0
A,215,.,.,.,MET,CG,A,216,.,.,.,TYR,CA,1620,1624,0.374603,0,4.80643,0,1,0
A,215,.,.,.,MET,CG,A,218,.,.,.,ALA,CB,1620,1648,0.216708,0,5.36755,-0.0794332,3,0
A,215,.,.,.,MET,CG,A,219,.,.,.,CYS,SG,1620,1654,3.15949,0,4.6042,-4.86075,4,0
A,215,.,.,.,MET,SD,A,215,.,.,.,MET,CE,1621,1622,12.3081,0,1.78697,0,0,1
A,216,.,.,.,TYR,N,A,216,.,.,.,TYR,CA,1623,1624,7.86979,0,1.45799,0,0,1
A,216,.,.,.,TYR,N,A,216,.,.,.,TYR,C,1623,1625,0.103886,0,2.45951,0,0,0
A,216,.,.,.,TYR,N,A,216,.,.,.,TYR,CB,1623,1627,2.12366,0,2.45342,0,0,0
A,216,.,.,.,TYR,N,A,217,.,.,.,LYS,N,1623,1635,1.37803,0,2.83797,0,1,0
A,216,.,.,.,TYR,CA,A,216,.,.,.,TYR,C,1624,1625,6.41629,0,1.52575,0,0,1
A,216,.,.,.,TYR,CA,A,216,.,.,.,TYR,O,1624,1626,1.7766,0,2.40454,0,0,0
A,216,.,.,.,TYR,CA,A,216,.,.,.,TYR,CB,1624,1627,9.55965,0,1.52617,0,0,1
A,216,.,.,.,TYR,CA,A,216,.,.,.,TYR,CG,1624,1628,0.416457,0,2.52415,0,0,0
A,216,.,.,.,TYR,CA,A,216,.,.,.,TYR,CD1,1624,1629,3.27347,0,3.25798,0,0,0
A,216,.,.,.,TYR,CA,A,217,.,.,.,LYS,N,1624,1635,0.960249,0,2.44589,0,1,0
A,216,.,.,.,TYR,CA,A,219,.,.,.,CYS,CB,1624,1653,1.20485,0,4.59533,0.0174059,3,0
A,216,.,.,.,TYR,CA,A,219,.,.,.,CYS,SG,1624,1654,4.59581,0,4.48498,-3.43412,3,0
A,216,.,.,.,TYR,C,A,216,.,.,.,TYR,O,1625,1626,7.34468,0,1.23692,0,0,1
A,216,.,.,.,TYR,C,A,216,.,.,.,TYR,CB,1625,1627,0.586807,0,2.50867,0,0,0
A,216,.,.,.,TYR,C,A,216,.,.,.,TYR,CG,1625,1628,1.31966,0,2.81752,0,0,0
A,216,.,.,.,TYR,C,A,216,.,.,.,TYR,CD1,1625,1629,0.0105997,0,3.57543,0,0,0
A,216,.,.,.,TYR,C,A,216,.,.,.,TYR,CD2,1625,1630,1.63322,0,3.25644,0,0,0
A,216,.,.,.,TYR,C,A,217,.,.,.,LYS,N,1625,1635,5.98019,0,1.3363,0,1,1
A,216,.,.,.,TYR,C,A,217,.,.,.,LYS,CA,1625,1636,1.30574,0,2.42249,0,1,0
A,216,.,.,.,TYR,C,A,217,.,.,.,LYS,C,1625,1637,0.315111,0,2.98699,0,1,0
A,216,.,.,.,TYR,C,A,218,.,.,.,ALA,N,1625,1644,1.08824,0,3.16225,1.79809,2,0
A,216,.,.,.,TYR,C,A,219,.,.,.,CYS,N,1625,1649,0.256599,0,3.72264,0.323725,3,0
A,216,.,.,.,TYR,O,A,216,.,.,.,TYR,CG,1626,1628,0.356671,0,3.19673,0,0,0
A,216,.,.,.,TYR,O,A,216,.,.,.,TYR,CD1,1626,1629,3.09938,0,3.52572,0,0,0
A,216,.,.,.,TYR,O,A,216,.,.,.,TYR,CD2,1626,1630,0.702157,0,3.62401,0,0,0
A,216,.,.,.,TYR,O,A,216,.,.,.,TYR,CE1,1626,1631,0.135948,0,4.1978,0,0,0
A,216,.,.,.,TYR,O,A,216,.,.,.,TYR,CE2,1626,1632,0.00461178,0,4.27791,0,0,0
A,216,.,.,.,TYR,O,A,217,.,.,.,LYS,CA,1626,1636,1.97686,0,2.73074,0,1,0
A,216,.,.,.,TYR,O,A,217,.,.,.,LYS,C,1626,1637,1.59496,0,2.91734,0,1,0
A,216,.,.,.,TYR,O,A,218,.,.,.,ALA,N,1626,1644,0.0419361,0,3.29225,0.0367434,2,0
A,216,.,.,.,TYR,O,A,219,.,.,.,CYS,N,1626,1649,2.43734,0,3.08229,-4.10641,3,0
A,216,.,.,.,TYR,O,A,219,.,.,.,CYS,CA,1626,1650,0.115492,0,3.62142,-0.00495708,3,0
A,216,.,.,.,TYR,O,A,219,.,.,.,CYS,CB,1626,1653,4.89772,0,3.41004,-3.3718,3,0
A,216,.,.,.,TYR,O,A,220,.,.,.,LEU,N,1626,1655,2.4802,0,3.37417,-3.66701,4,0
A,216,.,.,.,TYR,O,A,220,.,.,.,LEU,CG,1626,1660,4.98059,0,3.72495,0.945968,4,0
A,216,.,.,.,TYR,CB,A,216,.,.,.,TYR,CG,1627,1628,7.04711,0,1.50999,0,0,1
A,216,.,.,.,TYR,CB,A,216,.,.,.,TYR,CD1,1627,1629,3.82507,0,2.52658,0,0,0
A,216,.,.,.,TYR,CB,A,216,.,.,.,TYR,CD2,1627,1630,3.1289,0,2.52608,0,0,0
A,216,.,.,.,TYR,CB,A,217,.,.,.,LYS,N,1627,1635,0.900509,0,3.14828,0,1,0
A,216,.,.,.,TYR,CG,A,216,.,.,.,TYR,CD1,1628,1629,7.94881,0,1.39374,0,0,1
A,216,.,.,.,TYR,CG,A,216,.,.,.,TYR,CD2,1628,1630,7.22884,0,1.39207,0,0,1
A,216,.,.,.,TYR,CD1,A,216,.,.,.,TYR,CD2,1629,1630,0.941103,0,2.3896,0,0,0
A,216,.,.,.,TYR,CD1,A,216,.,.,.,TYR,CE1,1629,1631,13.4967,0,1.38646,0,0,1
A,216,.,.,.,TYR,CD1,A,216,.,.,.,TYR,CE2,1629,1632,0.0517739,0,2.76164,0,0,0
A,216,.,.,.,TYR,CD1,A,219,.,.,.,CYS,CB,1629,1653,0.870179,0,5.34469,-0.82898,3,0
A,216,.,.,.,TYR,CD1,A,219,.,.,.,CYS,SG,1629,1654,0.0920644,0,5.82051,-0.0730802,3,0
A,216,.,.,.,TYR,CD2,A,216,.,.,.,TYR,CE2,1630,1632,15.5283,1.63057,1.38869,0,0,1
A,216,.,.,.,TYR,CD2,A,217,.,.,.,LYS,N,1630,1635,2.13324,0,3.48695,0,1,0
A,216,.,.,.,TYR,CD2,A,217,.,.,.,LYS,CA,1630,1636,1.48247,0,4.18875,0,1,0
A,216,.,.,.,TYR,CD2,A,217,.,.,.,LYS,CG,1630,1640,6.05979,1.26494,4.42567,0,1,0
A,216,.,.,.,TYR,CD2,A,220,.,.,.,LEU,CG,1630,1660,0.158258,0,4.85464,-0.18931,4,0
A,216,.,.,.,TYR,CD2,A,220,.,.,.,LEU,CD1,1630,1661,0.405491,0,4.47661,-0.486813,4,0
A,216,.,.,.,TYR,CE1,A,216,.,.,.,TYR,CE2,1631,1632,0.156056,0,2.39874,0,0,0
A,216,.,.,.,TYR,CE1,A,216,.,.,.,TYR,CZ,1631,1633,12.8995,1.30238,1.37902,0,0,1
A,216,.,.,.,TYR,CE1,A,216,.,.,.,TYR,OH,1631,1634,1.07749,0,2.38141,0,0,0
A,216,.,.,.,TYR,CE1,A,220,.,.,.,LEU,CG,1631,1660,0.900591,0,4.64224,-1.07182,4,0
A,216,.,.,.,TYR,CE1,A,220,.,.,.,LEU,CD2,1631,1662,0.913377,0,4.43321,-0.887227,4,0
A,216,.,.,.,TYR,CE2,A,216,.,.,.,TYR,CZ,1632,1633,11.8723,0.679637,1.38528,0,0,1
A,216,.,.,.,TYR,CE2,A,216,.,.,.,TYR,OH,1632,1634,5.03623,3.78354,2.39592,0,0,0
A,216,.,.,.,TYR,CE2,A,217,.,.,.,LYS,CG,1632,1640,1.94369,1.96332,5.02523,0,1,0
A,216,.,.,.,TYR,CE2,A,220,.,.,.,LEU,CG,1632,1660,0.578574,0,4.35687,-0.688578,4,0
A,216,.,.,.,TYR,CE2,A,220,.,.,.,LEU,CD1,1632,1661,9.09448,2.95861,3.78869,-11.6422,4,0
A,216,.,.,.,TYR,CZ,A,216,.,.,.,TYR,OH,1633,1634,12.4417,3.0041,1.37881,0,0,1
A,216,.,.,.,TYR,CZ,A,220,.,.,.,LEU,CG,1633,1660,1.19478,0,4.24391,-0.962097,4,0
A,216,.,.,.,TYR,CZ,A,220,.,.,.,LEU,CD1,1633,1661,0.993116,0,3.98963,-1.25214,4,0
A,216,.,.,.,TYR,CZ,A,220,.,.,.,LEU,CD2,1633,1662,1.2937,0,4.16867,-1.60758,4,0
A,216,.,.,.,TYR,OH,A,220,.,.,.,LEU,CD1,1634,1661,3.9021,1.77457,4.00434,-2.56162,4,0
A,216,.,.,.,TYR,OH,A,220,.,.,.,LEU,CD2,1634,1662,2.25364,0,3.97176,-2.06494,4,0
A,217,.,.,.,LYS,N,A,217,.,.,.,LYS,CA,1635,1636,6.61318,0,1.46164,0,0,1
A,217,.,.,.,LYS,N,A,217,.,.,.,LYS,C,1635,1637,0.0364605,0,2.45794,0,0,0
A,217,.,.,.,LYS,N,A,217,.,.,.,LYS,CB,1635,1639,1.54752,0,2.46169,0,0,0
A,217,.,.,.,LYS,N,A,217,.,.,.,LYS,CG,1635,1640,1.72015,0,3.08393,0,0,0
A,217,.,.,.,LYS,N,A,218,.,.,.,ALA,N,1635,1644,1.47548,0,2.77037,0,1,0
A,217,.,.,.,LYS,CA,A,217,.,.,.,LYS,C,1636,1637,6.7281,0,1.52175,0,0,1
A,217,.,.,.,LYS,CA,A,217,.,.,.,LYS,O,1636,1638,2.66525,0.00559497,2.39921,0,0,0
A,217,.,.,.,LYS,CA,A,217,.,.,.,LYS,CB,1636,1639,9.4884,0.00714321,1.53121,0,0,1
A,217,.,.,.,LYS,CA,A,217,.,.,.,LYS,CG,1636,1640,3.43705,0,2.56686,0,0,0
A,217,.,.,.,LYS,CA,A,218,.,.,.,ALA,N,1636,1644,0.958562,0,2.44324,0,1,0
A,217,.,.,.,LYS,CA,A,220,.,.,.,LEU,CB,1636,1659,0.0785414,0,4.61131,0.0602162,3,0
A,217,.,.,.,LYS,CA,A,220,.,.,.,LEU,CG,1636,1660,1.89185,0,4.39569,1.65964,3,0
A,217,.,.,.,LYS,CA,A,220,.,.,.,LEU,CD1,1636,1661,4.98231,0.00480484,4.34591,-0.572049,3,0
A,217,.,.,.,LYS,C,A,217,.,.,.,LYS,O,1637,1638,9.30557,1.02425,1.23779,0,0,1
A,217,.,.,.,LYS,C,A,217,.,.,.,LYS,CB,1637,1639,4.72287,1.52561,2.50631,0,0,0
A,217,.,.,.,LYS,C,A,218,.,.,.,ALA,N,1637,1644,7.29295,0.23238,1.33724,0,1,1
A,217,.,.,.,LYS,C,A,218,.,.,.,ALA,CA,1637,1645,2.32052,1.08385,2.42374,0,1,0
A,217,.,.,.,LYS,C,A,218,.,.,.,ALA,C,1637,1646,0.366365,0,3.00174,0,1,0
A,217,.,.,.,LYS,C,A,219,.,.,.,CYS,N,1637,1649,0.929531,0,3.22699,1.66199,2,0
A,217,.,.,.,LYS,C,A,220,.,.,.,LEU,N,1637,1655,0.538404,0,3.71947,1.24484,3,0
A,217,.,.,.,LYS,C,A,220,.,.,.,LEU,CG,1637,1660,0.0728432,0,4.54657,0.013259,3,0
A,217,.,.,.,LYS,O,A,217,.,.,.,LYS,CB,1638,1639,2.83515,1.71672,3.24073,0,0,0
A,217,.,.,.,LYS,O,A,218,.,.,.,ALA,CA,1638,1645,3.07071,0.0878924,2.74079,0,1,0
A,217,.,.,.,LYS,O,A,218,.,.,.,ALA,C,1638,1646,1.57894,0,2.93909,0,1,0
A,217,.,.,.,LYS,O,A,219,.,.,.,CYS,N,1638,1649,0.00695007,0,3.36742,0.00421736,2,0
A,217,.,.,.,LYS,O,A,220,.,.,.,LEU,N,1638,1655,2.39986,0,3.09407,-1.70667,3,0
A,217,.,.,.,LYS,O,A,220,.,.,.,LEU,CA,1638,1656,0.0785839,0,3.64697,0.0675835,3,0
A,217,.,.,.,LYS,O,A,220,.,.,.,LEU,CB,1638,1659,5.28603,0.660231,3.46179,2.80068,3,0
A,217,.,.,.,LYS,O,A,220,.,.,.,LEU,CG,1638,1660,0.185359,0,4.0602,0.0456263,3,0
A,217,.,.,.,LYS,O,A,220,.,.,.,LEU,CD1,1638,1661,0.13515,0.240458,4.51061,0.105907,3,0
A,217,.,.,.,LYS,O,A,221,.,.,.,LYS,N,1638,1663,3.07863,0,3.28218,-1.28639,4,0
A,217,.,.,.,LYS,O,A,221,.,.,.,LYS,CB,1638,1667,1.11385,0,4.07037,0.621412,4,0
A,217,.,.,.,LYS,O,A,221,.,.,.,LYS,CG,1638,1668,7.85386,2.59542,3.9534,4.02616,4,0
A,217,.,.,.,LYS,CB,A,217,.,.,.,LYS,CG,1639,1640,11.2278,1.2,1.52704,0,0,1
A,217,.,.,.,LYS,CB,A,217,.,.,.,LYS,CD,1639,1641,10.7276,6.63533,2.52781,0,0,0
A,217,.,.,.,LYS,CB,A,218,.,.,.,ALA,N,1639,1644,2.45108,1.41375,3.23632,0,1,0
A,217,.,.,.,LYS,CB,A,220,.,.,.,LEU,CD1,1639,1661,0.666901,1.16304,5.12419,0.157824,3,0
A,217,.,.,.,LYS,CB,A,221,.,.,.,LYS,CG,1639,1668,0.489584,2.08568,6.13768,0.330471,4,0
A,217,.,.,.,LYS,CG,A,217,.,.,.,LYS,CD,1640,1641,12.8692,2.27083,1.5249,0,0,1
A,217,.,.,.,LYS,CG,A,217,.,.,.,LYS,CE,1640,1642,10.4156,5.05985,2.50934,0,0,0
A,217,.,.,.,LYS,CG,A,220,.,.,.,LEU,CD1,1640,1661,4.89957,3.62144,5.13178,0.519051,3,0
A,217,.,.,.,LYS,CD,A,217,.,.,.,LYS,CE,1641,1642,15.6163,4.52387,1.52351,0,0,1
A,217,.,.,.,LYS,CD,A,217,.,.,.,LYS,NZ,1641,1643,9.15765,7.44984,2.51103,0,0,0
A,217,.,.,.,LYS,CE,A,217,.,.,.,LYS,NZ,1642,1643,21.9085,12.1316,1.4925,0,0,1
A,218,.,.,.,ALA,N,A,218,.,.,.,ALA,CA,1644,1645,8.95633,1.76491,1.45715,0,0,1
A,218,.,.,.,ALA,N,A,218,.,.,.,ALA,C,1644,1646,0.0549321,0,2.45992,0,0,0
A,218,.,.,.,ALA,N,A,218,.,.,.,ALA,CB,1644,1648,2.46758,0.0999853,2.44668,0,0,0
A,218,.,.,.,ALA,N,A,219,.,.,.,CYS,N,1644,1649,1.40774,0,2.79531,0,1,0
A,218,.,.,.,ALA,CA,A,218,.,.,.,ALA,C,1645,1646,6.751,0,1.52328,0,0,1
A,218,.,.,.,ALA,CA,A,218,.,.,.,ALA,O,1645,1647,1.4183,0,2.39954,0,0,0
A,218,.,.,.,ALA,CA,A,218,.,.,.,ALA,CB,1645,1648,12.0526,0.169743,1.52728,0,0,1
A,218,.,.,.,ALA,CA,A,219,.,.,.,CYS,N,1645,1649,0.920262,0,2.44332,0,1,0
A,218,.,.,.,ALA,CA,A,221,.,.,.,LYS,CB,1645,1667,3.08327,1.06622,4.84344,1.48159,3,0
A,218,.,.,.,ALA,CA,A,221,.,.,.,LYS,CG,1645,1668,0.447383,0.920118,5.37869,0.151512,3,0
A,218,.,.,.,ALA,C,A,218,.,.,.,ALA,O,1646,1647,8.18745,0,1.23568,0,0,1
A,218,.,.,.,ALA,C,A,218,.,.,.,ALA,CB,1646,1648,3.06745,0,2.50953,0,0,0
A,218,.,.,.,ALA,C,A,219,.,.,.,CYS,N,1646,1649,6.85256,0,1.33496,0,1,1
A,218,.,.,.,ALA,C,A,219,.,.,.,CYS,CA,1646,1650,1.47951,0,2.42766,0,1,0
A,218,.,.,.,ALA,C,A,219,.,.,.,CYS,C,1646,1651,0.238599,0,3.02716,0,1,0
A,218,.,.,.,ALA,C,A,220,.,.,.,LEU,N,1646,1655,1.1522,0,3.17771,2.20267,2,0
A,218,.,.,.,ALA,C,A,221,.,.,.,LYS,N,1646,1663,0.380002,0,3.79801,0.806535,3,0
A,218,.,.,.,ALA,C,A,221,.,.,.,LYS,CB,1646,1667,0.000986423,0,4.67704,0.000445779,3,0
A,218,.,.,.,ALA,O,A,218,.,.,.,ALA,CB,1647,1648,0.00228895,0,3.2746,0,0,0
A,218,.,.,.,ALA,O,A,219,.,.,.,CYS,CA,1647,1650,1.85771,0,2.74269,0,1,0
A,218,.,.,.,ALA,O,A,219,.,.,.,CYS,C,1647,1651,1.39198,0,2.96168,0,1,0
A,218,.,.,.,ALA,O,A,220,.,.,.,LEU,N,1647,1655,0.113298,0,3.28341,0.122351,2,0
A,218,.,.,.,ALA,O,A,221,.,.,.,LYS,N,1647,1663,2.39128,0,3.17652,-0.232823,3,0
A,218,.,.,.,ALA,O,A,221,.,.,.,LYS,CA,1647,1664,0.315468,0,3.72122,0.282798,3,0
A,218,.,.,.,ALA,O,A,221,.,.,.,LYS,C,1647,1665,0.0384475,0,3.60304,0.0634872,3,0
A,218,.,.,.,ALA,O,A,221,.,.,.,LYS,CB,1647,1667,1.24683,0,3.952,0.67724,3,0
A,218,.,.,.,ALA,O,A,222,.,.,.,TYR,N,1647,1672,3.33177,0,2.92876,-3.22197,4,0
A,218,.,.,.,ALA,O,A,222,.,.,.,TYR,CA,1647,1673,0.133975,0,3.59281,0.0902013,4,0
A,218,.,.,.,ALA,O,A,222,.,.,.,TYR,CB,1647,1676,3.4209,0,3.41671,-0.835419,4,0
A,218,.,.,.,ALA,CB,A,219,.,.,.,CYS,N,1648,1649,1.4421,0,3.20799,0,1,0
A,219,.,.,.,CYS,N,A,219,.,.,.,CYS,CA,1649,1650,7.01614,0,1.46002,0,0,1
A,219,.,.,.,CYS,N,A,219,.,.,.,CYS,C,1649,1651,0.0187147,0,2.47569,0,0,0
A,219,.,.,.,CYS,N,A,219,.,.,.,CYS,CB,1649,1653,1.55626,0,2.44688,0,0,0
A,219,.,.,.,CYS,N,A,219,.,.,.,CYS,SG,1649,1654,2.19449,0,3.18934,0,0,0
A,219,.,.,.,CYS,N,A,220,.,.,.,LEU,N,1649,1655,1.5176,0,2.78983,0,1,0
A,219,.,.,.,CYS,CA,A,219,.,.,.,CYS,C,1650,1651,6.73337,0,1.52566,0,0,1
A,219,.,.,.,CYS,CA,A,219,.,.,.,CYS,O,1650,1652,1.65203,0,2.39452,0,0,0
A,219,.,.,.,CYS,CA,A,219,.,.,.,CYS,CB,1650,1653,8.84109,0,1.52595,0,0,1
A,219,.,.,.,CYS,CA,A,219,.,.,.,CYS,SG,1650,1654,1.67099,0,2.81134,0,0,0
A,219,.,.,.,CYS,CA,A,220,.,.,.,LEU,N,1650,1655,0.952725,0,2.45651,0,1,0
A,219,.,.,.,CYS,CA,A,222,.,.,.,TYR,CB,1650,1676,2.85558,0,4.17583,-0.668023,3,0
A,219,.,.,.,CYS,C,A,219,.,.,.,CYS,O,1651,1652,8.49489,0,1.23741,0,0,1
A,219,.,.,.,CYS,C,A,219,.,.,.,CYS,CB,1651,1653,3.25536,0,2.50424,0,0,0
A,219,.,.,.,CYS,C,A,220,.,.,.,LEU,N,1651,1655,7.02801,0,1.3394,0,1,1
A,219,.,.,.,CYS,C,A,220,.,.,.,LEU,CA,1651,1656,1.73082,0,2.43308,0,1,0
A,219,.,.,.,CYS,C,A,220,.,.,.,LEU,C,1651,1657,0.446721,0,3.07925,0,1,0
A,219,.,.,.,CYS,C,A,221,.,.,.,LYS,N,1651,1663,0.60089,0,3.33945,1.02619,2,0
A,219,.,.,.,CYS,C,A,222,.,.,.,TYR,N,1651,1672,0.8816,0,3.76968,3.28184,3,0
A,219,.,.,.,CYS,C,A,222,.,.,.,TYR,CB,1651,1676,0.270122,0,4.17478,0.100175,3,0
A,219,.,.,.,CYS,O,A,219,.,.,.,CYS,CB,1652,1653,0.733531,0,3.19746,0,0,0
A,219,.,.,.,CYS,O,A,220,.,.,.,LEU,CA,1652,1656,5.12294,1.8314,2.75154,0,1,0
A,219,.,.,.,CYS,O,A,220,.,.,.,LEU,C,1652,1657,1.42091,0,3.09008,0,1,0
A,219,.,.,.,CYS,O,A,220,.,.,.,LEU,O,1652,1658,0.0374045,0,3.61003,0,1,0
A,219,.,.,.,CYS,O,A,222,.,.,.,TYR,N,1652,1672,1.32683,0,3.44039,-2.07813,3,0
A,219,.,.,.,CYS,O,A,222,.,.,.,TYR,CB,1652,1676,2.31837,0,3.71532,-1.26846,3,0
A,219,.,.,.,CYS,O,A,223,.,.,.,PRO,CG,1652,1689,0.790477,1.4341,4.31291,0.00215803,4,0
A,219,.,.,.,CYS,O,A,223,.,.,.,PRO,CD,1652,1690,7.05611,0.318235,3.39142,-2.02039,4,0
A,219,.,.,.,CYS,CB,A,219,.,.,.,CYS,SG,1653,1654,14.0748,0,1.82416,0,0,0
A,219,.,.,.,CYS,CB,A,220,.,.,.,LEU,N,1653,1655,1.1252,0,3.27713,0,1,0
A,220,.,.,.,LEU,N,A,220,.,.,.,LEU,CA,1655,1656,6.63399,0,1.46227,0,0,1
A,220,.,.,.,LEU,N,A,220,.,.,.,LEU,C,1655,1657,0.0950908,0,2.46047,0,0,0
A,220,.,.,.,LEU,N,A,220,.,.,.,LEU,CB,1655,1659,1.06621,0,2.46111,0,0,0
A,220,.,.,.,LEU,N,A,220,.,.,.,LEU,CG,1655,1660,3.09267,0,3.05105,0,0,0
A,220,.,.,.,LEU,N,A,220,.,.,.,LEU,CD2,1655,1662,0.315643,0,3.69557,0,0,0
A,220,.,.,.,LEU,N,A,221,.,.,.,LYS,N,1655,1663,1.72855,0,2.78489,0,1,0
A,220,.,.,.,LEU,CA,A,220,.,.,.,LEU,C,1656,1657,6.8882,0,1.52081,0,0,1
A,220,.,.,.,LEU,CA,A,220,.,.,.,LEU,O,1656,1658,5.30925,3.036,2.39877,0,0,0
A,220,.,.,.,LEU,CA,A,220,.,.,.,LEU,CB,1656,1659,8.65593,0.275775,1.53012,0,0,1
A,220,.,.,.,LEU,CA,A,220,.,.,.,LEU,CG,1656,1660,0.936064,0,2.6063,0,0,0
A,220,.,.,.,LEU,CA,A,220,.,.,.,LEU,CD2,1656,1662,7.31914,3.57621,3.10337,0,0,0
A,220,.,.,.,LEU,CA,A,221,.,.,.,LYS,N,1656,1663,0.970402,0,2.4353,0,1,0
A,220,.,.,.,LEU,CA,A,223,.,.,.,PRO,CD,1656,1690,0.132803,0.321019,4.92906,0.107822,3,0
A,220,.,.,.,LEU,C,A,220,.,.,.,LEU,O,1657,1658,9.42809,0,1.23723,0,0,1
A,220,.,.,.,LEU,C,A,220,.,.,.,LEU,CB,1657,1659,3.99903,0,2.4991,0,0,0
A,220,.,.,.,LEU,C,A,221,.,.,.,LYS,N,1657,1663,6.97949,0,1.32863,0,1,1
A,220,.,.,.,LEU,C,A,221,.,.,.,LYS,CA,1657,1664,1.93769,0,2.4315,0,1,0
A,220,.,.,.,LEU,C,A,221,.,.,.,LYS,C,1657,1665,0.0210525,0,3.24314,0,1,0
A,220,.,.,.,LEU,C,A,221,.,.,.,LYS,CG,1657,1668,0.311422,0,4.05685,0,1,0
A,220,.,.,.,LEU,C,A,221,.,.,.,LYS,NZ,1657,1671,0.848249,0,5.15727,0,1,0
A,220,.,.,.,LEU,C,A,222,.,.,.,TYR,N,1657,1672,1.26105,0,3.28607,2.59668,2,0
A,220,.,.,.,LEU,C,A,223,.,.,.,PRO,CD,1657,1690,0.637073,0,4.20121,0.897699,3,0
A,220,.,.,.,LEU,O,A,220,.,.,.,LEU,CB,1658,1659,2.70615,2.94925,3.25287,0,0,0
A,220,.,.,.,LEU,O,A,221,.,.,.,LYS,CA,1658,1664,6.00477,0,2.7593,0,1,0
A,220,.,.,.,LEU,O,A,221,.,.,.,LYS,C,1658,1665,1.03813,0,3.36638,0,1,0
A,220,.,.,.,LEU,O,A,221,.,.,.,LYS,CD,1658,1669,0.00501759,0.0164301,4.95442,0,1,0
A,220,.,.,.,LEU,O,A,221,.,.,.,LYS,NZ,1658,1671,2.16072,2.63933,5.10177,0,1,0
A,220,.,.,.,LEU,O,A,222,.,.,.,TYR,N,1658,1672,0.0915474,0,3.55527,0.0676766,2,0
A,220,.,.,.,LEU,O,A,223,.,.,.,PRO,CG,1658,1689,0.863827,2.80119,4.66833,0.0800246,3,0
A,220,.,.,.,LEU,O,A,223,.,.,.,PRO,CD,1658,1690,8.4766,1.73908,3.75289,-0.68586,3,0
A,220,.,.,.,LEU,O,A,224,.,.,.,GLU,N,1658,1691,0.328574,0,5.39146,0.489871,4,0
A,220,.,.,.,LEU,O,A,224,.,.,.,GLU,CB,1658,1695,0.0901296,0,5.85516,0.0350421,4,0
A,220,.,.,.,LEU,O,A,224,.,.,.,GLU,CG,1658,1696,1.67692,1.44829,5.76931,1.06937,4,0
A,220,.,.,.,LEU,O,A,224,.,.,.,GLU,CD,1658,1697,0.542063,1.0441,5.71529,0.554443,4,0
A,220,.,.,.,LEU,O,A,224,.,.,.,GLU,OE1,1658,1698,1.80842,1.67127,5.26389,2.84449,4,0
A,220,.,.,.,LEU,CB,A,220,.,.,.,LEU,CG,1659,1660,8.46779,0,1.5296,0,0,1
A,220,.,.,.,LEU,CB,A,220,.,.,.,LEU,CD1,1659,1661,9.37161,5.72977,2.50863,0,0,0
A,220,.,.,.,LEU,CB,A,220,.,.,.,LEU,CD2,1659,1662,4.76278,2.74874,2.50232,0,0,0
A,220,.,.,.,LEU,CB,A,221,.,.,.,LYS,N,1659,1663,1.52363,0,3.19852,0,1,0
A,220,.,.,.,LEU,CB,A,221,.,.,.,LYS,CG,1659,1668,2.53158,0.868347,4.97221,0,1,0
A,220,.,.,.,LEU,CB,A,221,.,.,.,LYS,NZ,1659,1671,5.24657,4.75665,5.33704,0,1,0
A,220,.,.,.,LEU,CG,A,220,.,.,.,LEU,CD1,1660,1661,10.7406,0,1.52019,0,0,1
A,220,.,.,.,LEU,CG,A,220,.,.,.,LEU,CD2,1660,1662,10.5864,0,1.51741,0,0,1
A,220,.,.,.,LEU,CD1,A,220,.,.,.,LEU,CD2,1661,1662,6.98067,2.62979,2.50237,0,0,0
A,221,.,.,.,LYS,N,A,221,.,.,.,LYS,CA,1663,1664,6.50329,0,1.45427,0,0,1
A,221,.,.,.,LYS,N,A,221,.,.,.,LYS,CB,1663,1667,1.95824,0,2.44729,0,0,0
A,221,.,.,.,LYS,N,A,221,.,.,.,LYS,CG,1663,1668,2.87937,0,3.06448,0,0,0
A,221,.,.,.,LYS,N,A,222,.,.,.,TYR,N,1663,1672,1.91724,0,2.73382,0,1,0
A,221,.,.,.,LYS,CA,A,221,.,.,.,LYS,C,1664,1665,8.74247,0,1.52447,0,0,1
A,221,.,.,.,LYS,CA,A,221,.,.,.,LYS,O,1664,1666,2.62249,0,2.3854,0,0,0
A,221,.,.,.,LYS,CA,A,221,.,.,.,LYS,CB,1664,1667,8.02712,0,1.53677,0,0,1
A,221,.,.,.,LYS,CA,A,221,.,.,.,LYS,CG,1664,1668,2.00739,0,2.56961,0,0,0
A,221,.,.,.,LYS,CA,A,221,.,.,.,LYS,CD,1664,1669,5.15061,0,3.27413,0,0,0
A,221,.,.,.,LYS,CA,A,221,.,.,.,LYS,NZ,1664,1671,0.208635,0,4.7472,0,0,0
A,221,.,.,.,LYS,CA,A,222,.,.,.,TYR,N,1664,1672,0.687962,0,2.46399,0,1,0
A,221,.,.,.,LYS,CA,A,224,.,.,.,GLU,CB,1664,1695,1.03159,0,5.44437,0.701418,3,0
A,221,.,.,.,LYS,CA,A,224,.,.,.,GLU,CG,1664,1696,0.00719519,0,6.01209,0.00343919,3,0
A,221,.,.,.,LYS,CA,A,224,.,.,.,GLU,OE1,1664,1698,2.54434,0,5.14893,2.49458,3,0
A,221,.,.,.,LYS,C,A,221,.,.,.,LYS,O,1665,1666,8.76377,0,1.23558,0,0,1
A,221,.,.,.,LYS,C,A,221,.,.,.,LYS,CB,1665,1667,2.43022,0,2.51253,0,0,0
A,221,.,.,.,LYS,C,A,222,.,.,.,TYR,N,1665,1672,7.03893,0,1.34109,0,1,1
A,221,.,.,.,LYS,C,A,222,.,.,.,TYR,CA,1665,1673,1.68326,0,2.42065,0,1,0
A,221,.,.,.,LYS,C,A,222,.,.,.,TYR,C,1665,1674,0.470848,0,3.08632,0,1,0
A,221,.,.,.,LYS,C,A,223,.,.,.,PRO,N,1665,1684,0.361173,0,3.59399,0.722137,2,0
A,221,.,.,.,LYS,C,A,223,.,.,.,PRO,CD,1665,1690,1.44943,0,3.7769,0.489776,2,0
A,221,.,.,.,LYS,C,A,224,.,.,.,GLU,N,1665,1691,0.949072,0,4.30272,1.92054,3,0
A,221,.,.,.,LYS,C,A,224,.,.,.,GLU,CB,1665,1695,0.272376,0,4.93991,0.140397,3,0
A,221,.,.,.,LYS,O,A,221,.,.,.,LYS,CB,1666,1667,4.94106,1.19111,3.00115,0,0,0
A,221,.,.,.,LYS,O,A,221,.,.,.,LYS,CD,1666,1669,0.556182,0.818854,4.6145,0,0,0
A,221,.,.,.,LYS,O,A,222,.,.,.,TYR,CA,1666,1673,1.97006,0,2.73829,0,1,0
A,221,.,.,.,LYS,O,A,222,.,.,.,TYR,C,1666,1674,1.79066,0,2.97489,0,1,0
A,221,.,.,.,LYS,O,A,222,.,.,.,TYR,O,1666,1675,0.0902371,0,3.32674,0,1,0
A,221,.,.,.,LYS,O,A,223,.,.,.,PRO,N,1666,1684,0.00210378,0,3.64059,0.000790284,2,0
A,221,.,.,.,LYS,O,A,224,.,.,.,GLU,N,1666,1691,2.01166,0,3.62893,-1.88612,3,0
A,221,.,.,.,LYS,O,A,224,.,.,.,GLU,CA,1666,1692,0.00303904,0,4.11843,0.00380905,3,0
A,221,.,.,.,LYS,O,A,224,.,.,.,GLU,CB,1666,1695,4.86068,0.997793,4.06979,2.61769,3,0
A,221,.,.,.,LYS,O,A,225,.,.,.,TRP,N,1666,1700,4.75715,0.524058,3.13597,-2.45512,4,0
A,221,.,.,.,LYS,O,A,225,.,.,.,TRP,CB,1666,1704,6.98522,1.11685,3.47848,1.3371,4,0
A,221,.,.,.,LYS,CB,A,221,.,.,.,LYS,CG,1667,1668,14.297,4.09767,1.53236,0,0,1
A,221,.,.,.,LYS,CB,A,221,.,.,.,LYS,CD,1667,1669,6.97474,3.44075,2.52622,0,0,0
A,221,.,.,.,LYS,CB,A,225,.,.,.,TRP,CB,1667,1704,1.704,2.44872,5.54873,0.0516193,4,0
A,221,.,.,.,LYS,CG,A,221,.,.,.,LYS,CD,1668,1669,12.4871,3.03479,1.52698,0,0,1
A,221,.,.,.,LYS,CG,A,221,.,.,.,LYS,CE,1668,1670,8.59165,5.38987,2.54072,0,0,0
A,221,.,.,.,LYS,CG,A,221,.,.,.,LYS,NZ,1668,1671,2.46307,0.416162,3.34582,0,0,0
A,221,.,.,.,LYS,CD,A,221,.,.,.,LYS,CE,1669,1670,17.3366,6.909,1.52746,0,0,1
A,221,.,.,.,LYS,CD,A,221,.,.,.,LYS,NZ,1669,1671,5.0688,0.0147244,2.50411,0,0,0
A,221,.,.,.,LYS,CD,A,224,.,.,.,GLU,CB,1669,1695,0.250136,0.541684,6.15721,-0.0760383,3,0
A,221,.,.,.,LYS,CD,A,224,.,.,.,GLU,OE1,1669,1698,8.43837,3.49026,4.65222,-7.63096,3,0
A,221,.,.,.,LYS,CE,A,221,.,.,.,LYS,NZ,1670,1671,20.5378,10.1534,1.49669,0,0,1
A,221,.,.,.,LYS,CE,A,224,.,.,.,GLU,OE1,1670,1698,0.324304,0.791513,5.19343,-0.426968,3,0
A,221,.,.,.,LYS,NZ,A,224,.,.,.,GLU,OE1,1671,1698,4.88662,5.19834,4.86842,-6.87826,3,0
A,222,.,.,.,TYR,N,A,222,.,.,.,TYR,CA,1672,1673,6.41792,0,1.46118,0,0,1
A,222,.,.,.,TYR,N,A,222,.,.,.,TYR,C,1672,1674,0.234099,0,2.49101,0,0,0
A,222,.,.,.,TYR,N,A,222,.,.,.,TYR,CB,1672,1676,1.90237,0,2.46053,0,0,0
A,222,.,.,.,TYR,N,A,223,.,.,.,PRO,N,1672,1684,0.0699249,0,2.99733,0,1,0
A,222,.,.,.,TYR,N,A,223,.,.,.,PRO,CD,1672,1690,3.49085,0,3.04184,0,1,0
A,222,.,.,.,TYR,CA,A,222,.,.,.,TYR,C,1673,1674,6.56911,0,1.52426,0,0,1
A,222,.,.,.,TYR,CA,A,222,.,.,.,TYR,O,1673,1675,1.79639,0,2.38046,0,0,0
A,222,.,.,.,TYR,CA,A,222,.,.,.,TYR,CB,1673,1676,7.84496,0,1.53208,0,0,1
A,222,.,.,.,TYR,CA,A,222,.,.,.,TYR,CG,1673,1677,0.561643,0,2.52552,0,0,0
A,222,.,.,.,TYR,CA,A,222,.,.,.,TYR,CD1,1673,1678,2.72781,0,3.16087,0,0,0
A,222,.,.,.,TYR,CA,A,223,.,.,.,PRO,N,1673,1684,0.0284065,0,2.50252,0,1,0
A,222,.,.,.,TYR,CA,A,223,.,.,.,PRO,CD,1673,1690,1.01981,0,3.0811,0,1,0
A,222,.,.,.,TYR,CA,A,225,.,.,.,TRP,CB,1673,1704,2.48357,0,4.41957,-0.572079,3,0
A,222,.,.,.,TYR,C,A,222,.,.,.,TYR,O,1674,1675,7.22057,0,1.24524,0,0,1
A,222,.,.,.,TYR,C,A,222,.,.,.,TYR,CB,1674,1676,0.924694,0,2.52408,0,0,0
A,222,.,.,.,TYR,C,A,222,.,.,.,TYR,CG,1674,1677,1.08392,0,2.96039,0,0,0
A,222,.,.,.,TYR,C,A,222,.,.,.,TYR,CD2,1674,1679,1.59791,0,3.5061,0,0,0
A,222,.,.,.,TYR,C,A,223,.,.,.,PRO,N,1674,1684,6.87209,0,1.34397,0,1,1
A,222,.,.,.,TYR,C,A,223,.,.,.,PRO,CA,1674,1685,1.41145,0,2.43633,0,1,0
A,222,.,.,.,TYR,C,A,223,.,.,.,PRO,C,1674,1686,0.245538,0,2.97689,0,1,0
A,222,.,.,.,TYR,C,A,223,.,.,.,PRO,CD,1674,1690,0.000614739,0,2.55306,0,1,0
A,222,.,.,.,TYR,C,A,224,.,.,.,GLU,N,1674,1691,1.20211,0,3.24318,2.68117,2,0
A,222,.,.,.,TYR,C,A,225,.,.,.,TRP,N,1674,1700,0.196871,0,3.76087,0.241077,3,0
A,222,.,.,.,TYR,O,A,222,.,.,.,TYR,CG,1675,1677,0.500889,0,3.29577,0,0,0
A,222,.,.,.,TYR,O,A,222,.,.,.,TYR,CD1,1675,1678,1.99127,0,3.61249,0,0,0
A,222,.,.,.,TYR,O,A,222,.,.,.,TYR,CD2,1675,1679,0.375726,0,3.79161,0,0,0
A,222,.,.,.,TYR,O,A,223,.,.,.,PRO,CA,1675,1685,1.83019,0,2.70596,0,1,0
A,222,.,.,.,TYR,O,A,223,.,.,.,PRO,C,1675,1686,2.18478,0,2.75504,0,1,0
A,222,.,.,.,TYR,O,A,223,.,.,.,PRO,O,1675,1687,0.115787,0,3.20825,0,1,0
A,222,.,.,.,TYR,O,A,224,.,.,.,GLU,N,1675,1691,0.204393,0,3.16828,0.278389,2,0
A,222,.,.,.,TYR,O,A,225,.,.,.,TRP,N,1675,1700,2.41342,0,3.03735,-4.16052,3,0
A,222,.,.,.,TYR,O,A,225,.,.,.,TRP,CA,1675,1701,0.0937995,0,3.56454,0.0170597,3,0
A,222,.,.,.,TYR,O,A,225,.,.,.,TRP,CB,1675,1704,2.21077,0,3.62915,-1.53667,3,0
A,222,.,.,.,TYR,O,A,225,.,.,.,TRP,CE3,1675,1710,0.0197384,0,4.71089,-0.00763315,3,0
A,222,.,.,.,TYR,O,A,226,.,.,.,LYS,N,1675,1714,4.70824,0,2.70321,-3.84464,4,0
A,222,.,.,.,TYR,O,A,226,.,.,.,LYS,CB,1675,1718,3.95913,0,3.36543,1.23751,4,0
A,222,.,.,.,TYR,CB,A,222,.,.,.,TYR,CG,1676,1677,6.14346,0,1.51738,0,0,1
A,222,.,.,.,TYR,CB,A,222,.,.,.,TYR,CD1,1676,1678,2.20109,0,2.52725,0,0,0
A,222,.,.,.,TYR,CB,A,222,.,.,.,TYR,CD2,1676,1679,3.7071,0,2.53828,0,0,0
A,222,.,.,.,TYR,CB,A,223,.,.,.,PRO,N,1676,1684,0.239617,0,3.19788,0,1,0
A,222,.,.,.,TYR,CB,A,223,.,.,.,PRO,CD,1676,1690,3.45974,0,3.4475,0,1,0
A,222,.,.,.,TYR,CG,A,222,.,.,.,TYR,CD1,1677,1678,7.22873,0,1.39084,0,0,1
A,222,.,.,.,TYR,CG,A,222,.,.,.,TYR,CD2,1677,1679,7.26057,0,1.3952,0,0,1
A,222,.,.,.,TYR,CG,A,226,.,.,.,LYS,CB,1677,1718,0.0228184,0,4.54669,-0.0424829,4,0
A,222,.,.,.,TYR,CD1,A,222,.,.,.,TYR,CD2,1678,1679,0.868474,0,2.39017,0,0,0
A,222,.,.,.,TYR,CD1,A,222,.,.,.,TYR,CE1,1678,1680,11.8274,0,1.38606,0,0,1
A,222,.,.,.,TYR,CD1,A,222,.,.,.,TYR,CE2,1678,1681,0.0281941,0,2.76301,0,0,0
A,222,.,.,.,TYR,CD1,A,225,.,.,.,TRP,CB,1678,1704,0.452918,0,5.16965,-0.628225,3,0
A,222,.,.,.,TYR,CD1,A,225,.,.,.,TRP,CE3,1678,1710,2.27639,0,4.30874,-3.1676,3,0
A,222,.,.,.,TYR,CD1,A,226,.,.,.,LYS,N,1678,1714,0.092947,0,4.85944,0.000935585,4,0
A,222,.,.,.,TYR,CD1,A,226,.,.,.,LYS,CB,1678,1718,0.940854,0,4.31264,-0.63396,4,0
A,222,.,.,.,TYR,CD2,A,222,.,.,.,TYR,CE1,1679,1680,0.00411453,0,2.76788,0,0,0
A,222,.,.,.,TYR,CD2,A,222,.,.,.,TYR,CE2,1679,1681,16.3811,2.47474,1.38112,0,0,1
A,222,.,.,.,TYR,CD2,A,223,.,.,.,PRO,N,1679,1684,1.10943,0,3.89069,0,1,0
A,222,.,.,.,TYR,CD2,A,223,.,.,.,PRO,CA,1679,1685,3.37365,1.3217,4.55879,0,1,0
A,222,.,.,.,TYR,CD2,A,223,.,.,.,PRO,CG,1679,1689,1.91996,1.25215,4.9441,0,1,0
A,222,.,.,.,TYR,CD2,A,223,.,.,.,PRO,CD,1679,1690,1.12373,0,4.40253,0,1,0
A,222,.,.,.,TYR,CD2,A,226,.,.,.,LYS,CB,1679,1718,1.41134,0,4.34889,-0.950983,4,0
A,222,.,.,.,TYR,CE1,A,222,.,.,.,TYR,CE2,1680,1681,0.132181,0,2.39876,0,0,0
A,222,.,.,.,TYR,CE1,A,222,.,.,.,TYR,CZ,1680,1682,10.6598,0,1.37743,0,0,1
A,222,.,.,.,TYR,CE1,A,222,.,.,.,TYR,OH,1680,1683,0.970215,0,2.38291,0,0,0
A,222,.,.,.,TYR,CE1,A,225,.,.,.,TRP,CE3,1680,1710,2.90044,0,4.10091,-2.75547,3,0
A,222,.,.,.,TYR,CE1,A,225,.,.,.,TRP,CZ3,1680,1712,2.29034,0,4.28687,-2.75681,3,0
A,222,.,.,.,TYR,CE1,A,226,.,.,.,LYS,CB,1680,1718,2.80869,0,3.88174,-2.71178,4,0
A,222,.,.,.,TYR,CE1,A,226,.,.,.,LYS,CD,1680,1720,1.07639,0,4.4101,-0.984454,4,0
A,222,.,.,.,TYR,CE2,A,222,.,.,.,TYR,CZ,1681,1682,9.91029,0,1.38732,0,0,1
A,222,.,.,.,TYR,CE2,A,222,.,.,.,TYR,OH,1681,1683,1.8442,0,2.39298,0,0,0
A,222,.,.,.,TYR,CE2,A,223,.,.,.,PRO,CA,1681,1685,0.086184,0.426973,5.33865,0,1,0
A,222,.,.,.,TYR,CE2,A,226,.,.,.,LYS,CB,1681,1718,3.27467,0.699404,3.93079,-3.16168,4,0
A,222,.,.,.,TYR,CE2,A,226,.,.,.,LYS,CG,1681,1719,2.73438,0.273044,4.03552,-2.26085,4,0
A,222,.,.,.,TYR,CE2,A,234,.,.,.,LYS,CE,1681,1794,1.73281,0,4.82264,-0.986561,5,0
A,222,.,.,.,TYR,CE2,A,234,.,.,.,LYS,NZ,1681,1795,3.47498,2.09092,4.70925,1.1578,5,0
A,222,.,.,.,TYR,CZ,A,222,.,.,.,TYR,OH,1682,1683,8.96736,0,1.37754,0,0,1
A,222,.,.,.,TYR,CZ,A,226,.,.,.,LYS,CB,1682,1718,1.59347,0,3.67268,-1.6961,4,0
A,222,.,.,.,TYR,CZ,A,226,.,.,.,LYS,CG,1682,1719,1.53286,0,3.66497,-1.88902,4,0
A,222,.,.,.,TYR,CZ,A,226,.,.,.,LYS,CD,1682,1720,0.256271,0,4.03972,-0.41346,4,0
A,222,.,.,.,TYR,OH,A,226,.,.,.,LYS,CG,1683,1719,2.1335,0,3.41778,-1.56246,4,0
A,222,.,.,.,TYR,OH,A,226,.,.,.,LYS,CD,1683,1720,2.12032,0,3.45112,-2.11797,4,0
A,222,.,.,.,TYR,OH,A,226,.,.,.,LYS,CE,1683,1721,3.32697,0,3.57693,-3.32235,4,0
A,222,.,.,.,TYR,OH,A,234,.,.,.,LYS,CG,1683,1792,0.0034929,0,5.04209,-0.00277021,5,0
A,222,.,.,.,TYR,OH,A,234,.,.,.,LYS,CE,1683,1794,2.92819,0,4.32184,-2.92412,5,0
A,222,.,.,.,TYR,OH,A,236,.,.,.,TRP,CZ2,1683,1814,5.09402,0,3.73724,-5.03516,5,0
A,222,.,.,.,TYR,OH,A,236,.,.,.,TRP,CH2,1683,1816,1.02188,0,3.99488,-1.0694,5,0
A,223,.,.,.,PRO,N,A,223,.,.,.,PRO,CA,1684,1685,6.15833,0,1.4793,0,0,1
A,223,.,.,.,PRO,N,A,223,.,.,.,PRO,C,1684,1686,0.0185337,0,2.51013,0,0,0
A,223,.,.,.,PRO,N,A,223,.,.,.,PRO,CG,1684,1689,0.178175,0,2.34009,0,0,0
A,223,.,.,.,PRO,N,A,223,.,.,.,PRO,CD,1684,1690,7.40469,0,1.47875,0,0,1
A,223,.,.,.,PRO,N,A,224,.,.,.,GLU,N,1684,1691,1.56095,0,2.90233,0,1,0
A,223,.,.,.,PRO,CA,A,223,.,.,.,PRO,C,1685,1686,6.95824,0,1.51918,0,0,1
A,223,.,.,.,PRO,CA,A,223,.,.,.,PRO,O,1685,1687,4.96261,2.29792,2.38569,0,0,0
A,223,.,.,.,PRO,CA,A,223,.,.,.,PRO,CB,1685,1688,12.1203,3.60113,1.53622,0,0,1
A,223,.,.,.,PRO,CA,A,223,.,.,.,PRO,CG,1685,1689,3.03884,0.942992,2.40188,0,0,0
A,223,.,.,.,PRO,CA,A,223,.,.,.,PRO,CD,1685,1690,0.347855,0,2.44214,0,0,0
A,223,.,.,.,PRO,CA,A,224,.,.,.,GLU,N,1685,1691,0.96645,0,2.44787,0,1,0
A,223,.,.,.,PRO,CA,A,226,.,.,.,LYS,CB,1685,1718,4.07155,2.02861,4.66513,2.30501,3,0
A,223,.,.,.,PRO,C,A,223,.,.,.,PRO,O,1686,1687,10.1348,1.63044,1.23671,0,0,1
A,223,.,.,.,PRO,C,A,223,.,.,.,PRO,CB,1686,1688,4.71476,2.04276,2.53797,0,0,0
A,223,.,.,.,PRO,C,A,224,.,.,.,GLU,N,1686,1691,7.36878,0.304099,1.33695,0,1,1
A,223,.,.,.,PRO,C,A,224,.,.,.,GLU,CA,1686,1692,2.49451,1.19961,2.4344,0,1,0
A,223,.,.,.,PRO,C,A,224,.,.,.,GLU,C,1686,1693,0.481271,0,3.06628,0,1,0
A,223,.,.,.,PRO,C,A,225,.,.,.,TRP,N,1686,1700,0.383062,0,3.39215,0.805247,2,0
A,223,.,.,.,PRO,C,A,226,.,.,.,LYS,N,1686,1714,0.208362,0,3.91509,0.589218,3,0
A,223,.,.,.,PRO,O,A,223,.,.,.,PRO,CB,1687,1688,0.793003,1.80871,3.40335,0,0,0
A,223,.,.,.,PRO,O,A,224,.,.,.,GLU,CA,1687,1692,2.71782,0.285427,2.76013,0,1,0
A,223,.,.,.,PRO,O,A,224,.,.,.,GLU,C,1687,1693,1.46564,0,3.0352,0,1,0
A,223,.,.,.,PRO,O,A,226,.,.,.,LYS,N,1687,1714,1.44455,0,3.48122,0.370358,3,0
A,223,.,.,.,PRO,O,A,226,.,.,.,LYS,CA,1687,1715,0.035018,0,3.99366,0.0401331,3,0
A,223,.,.,.,PRO,O,A,226,.,.,.,LYS,CB,1687,1718,2.90476,0.992051,4.04331,1.63625,3,0
A,223,.,.,.,PRO,O,A,227,.,.,.,GLN,N,1687,1723,5.53212,0.976279,3.01062,0.0555718,4,0
A,223,.,.,.,PRO,O,A,227,.,.,.,GLN,CA,1687,1724,0.00133022,0.029677,3.79152,0.00126803,4,0
A,223,.,.,.,PRO,O,A,227,.,.,.,GLN,CB,1687,1727,8.56146,4.50243,3.40324,2.81936,4,0
A,223,.,.,.,PRO,CB,A,223,.,.,.,PRO,CG,1688,1689,19.1757,9.84985,1.52297,0,0,1
A,223,.,.,.,PRO,CB,A,223,.,.,.,PRO,CD,1688,1690,3.02806,1.04055,2.37022,0,0,0
A,223,.,.,.,PRO,CB,A,224,.,.,.,GLU,N,1688,1691,4.42713,0.180761,3.1355,0,1,0
A,223,.,.,.,PRO,CB,A,224,.,.,.,GLU,CG,1688,1696,2.96948,4.54738,5.24855,0,1,0
A,223,.,.,.,PRO,CG,A,223,.,.,.,PRO,CD,1689,1690,15.6851,1.10849,1.50345,0,0,1
A,223,.,.,.,PRO,CD,A,224,.,.,.,GLU,N,1690,1691,1.86498,0,3.81929,0,1,0
A,223,.,.,.,PRO,CD,A,224,.,.,.,GLU,CG,1690,1696,0.0129595,0.240214,6.00012,0,1,0
A,224,.,.,.,GLU,N,A,224,.,.,.,GLU,CA,1691,1692,7.4312,0.116206,1.46114,0,0,1
A,224,.,.,.,GLU,N,A,224,.,.,.,GLU,C,1691,1693,0.12275,0,2.46919,0,0,0
A,224,.,.,.,GLU,N,A,224,.,.,.,GLU,CB,1691,1695,3.15369,0,2.45221,0,0,0
A,224,.,.,.,GLU,N,A,224,.,.,.,GLU,CG,1691,1696,5.10461,0.357863,3.12192,0,0,0
A,224,.,.,.,GLU,N,A,225,.,.,.,TRP,N,1691,1700,1.66248,0,2.84062,0,1,0
A,224,.,.,.,GLU,CA,A,224,.,.,.,GLU,C,1692,1693,6.79113,0,1.52327,0,0,1
A,224,.,.,.,GLU,CA,A,224,.,.,.,GLU,O,1692,1694,3.50392,1.05567,2.39939,0,0,0
A,224,.,.,.,GLU,CA,A,224,.,.,.,GLU,CB,1692,1695,9.79372,1.13586,1.5281,0,0,1
A,224,.,.,.,GLU,CA,A,224,.,.,.,GLU,CG,1692,1696,6.62513,4.21951,2.55874,0,0,0
A,224,.,.,.,GLU,CA,A,225,.,.,.,TRP,N,1692,1700,1.04445,0,2.44491,0,1,0
A,224,.,.,.,GLU,CA,A,227,.,.,.,GLN,CB,1692,1727,5.25656,3.68484,4.42577,6.19464,3,0
A,224,.,.,.,GLU,C,A,224,.,.,.,GLU,O,1693,1694,8.90903,0,1.23697,0,0,1
A,224,.,.,.,GLU,C,A,224,.,.,.,GLU,CB,1693,1695,4.29742,0.487855,2.50387,0,0,0
A,224,.,.,.,GLU,C,A,225,.,.,.,TRP,N,1693,1700,7.3608,0.221749,1.33488,0,1,1
A,224,.,.,.,GLU,C,A,225,.,.,.,TRP,CA,1693,1701,2.14078,0.348297,2.42143,0,1,0
A,224,.,.,.,GLU,C,A,225,.,.,.,TRP,C,1693,1702,0.548375,0,3.00995,0,1,0
A,224,.,.,.,GLU,C,A,226,.,.,.,LYS,N,1693,1714,0.774227,0,3.34006,1.16623,2,0
A,224,.,.,.,GLU,C,A,227,.,.,.,GLN,N,1693,1723,0.537102,0,3.87195,2.04618,3,0
A,224,.,.,.,GLU,C,A,227,.,.,.,GLN,CB,1693,1727,0.113226,0,4.22016,0.102941,3,0
A,224,.,.,.,GLU,C,A,228,.,.,.,LYS,CE,1693,1739,0.931458,0.433136,5.05602,0.113015,4,0
A,224,.,.,.,GLU,O,A,224,.,.,.,GLU,CB,1694,1695,1.04693,0.315182,3.29938,0,0,0
A,224,.,.,.,GLU,O,A,225,.,.,.,TRP,CA,1694,1701,2.88014,0,2.73392,0,1,0
A,224,.,.,.,GLU,O,A,225,.,.,.,TRP,C,1694,1702,1.69297,0,2.95796,0,1,0
A,224,.,.,.,GLU,O,A,225,.,.,.,TRP,O,1694,1703,0.180155,0,3.37821,0,1,0
A,224,.,.,.,GLU,O,A,227,.,.,.,GLN,N,1694,1723,1.43319,0,3.42347,-0.177785,3,0
A,224,.,.,.,GLU,O,A,227,.,.,.,GLN,CA,1694,1724,0.0614699,0,3.85129,0.0813948,3,0
A,224,.,.,.,GLU,O,A,227,.,.,.,GLN,CB,1694,1727,5.59533,1.11326,3.54225,4.9833,3,0
A,224,.,.,.,GLU,O,A,228,.,.,.,LYS,N,1694,1732,2.447,0,3.46689,-2.26072,4,0
A,224,.,.,.,GLU,O,A,228,.,.,.,LYS,CB,1694,1736,0.139182,0,4.17018,-0.0124935,4,0
A,224,.,.,.,GLU,O,A,228,.,.,.,LYS,CG,1694,1737,5.81632,0.491744,3.65861,1.08685,4,0
A,224,.,.,.,GLU,O,A,228,.,.,.,LYS,CD,1694,1738,0.931582,0,4.16653,0.169464,4,0
A,224,.,.,.,GLU,O,A,228,.,.,.,LYS,CE,1694,1739,4.14613,1.15179,4.24894,-0.40169,4,0
A,224,.,.,.,GLU,CB,A,224,.,.,.,GLU,CG,1695,1696,13.831,3.00586,1.52578,0,0,1
A,224,.,.,.,GLU,CB,A,224,.,.,.,GLU,CD,1695,1697,2.79956,1.75243,2.53709,0,0,0
A,224,.,.,.,GLU,CB,A,224,.,.,.,GLU,OE1,1695,1698,8.64704,3.41127,2.78725,0,0,0
A,224,.,.,.,GLU,CB,A,225,.,.,.,TRP,N,1695,1700,3.94077,2.10225,3.15842,0,1,0
A,224,.,.,.,GLU,CB,A,228,.,.,.,LYS,CE,1695,1739,4.8237,3.5143,5.58737,-0.592471,4,0
A,224,.,.,.,GLU,CB,A,228,.,.,.,LYS,NZ,1695,1740,0.781849,2.36874,5.90091,-0.0347942,4,0
A,224,.,.,.,GLU,CG,A,224,.,.,.,GLU,CD,1696,1697,15.2985,4.37644,1.52062,0,0,1
A,224,.,.,.,GLU,CG,A,224,.,.,.,GLU,OE1,1696,1698,0.730284,0,2.38891,0,0,0
A,224,.,.,.,GLU,CG,A,224,.,.,.,GLU,OE2,1696,1699,7.37958,6.64093,2.3834,0,0,0
A,224,.,.,.,GLU,CD,A,224,.,.,.,GLU,OE1,1697,1698,17.0614,6.05397,1.25213,0,0,1
A,224,.,.,.,GLU,CD,A,224,.,.,.,GLU,OE2,1697,1699,18.4272,8.12506,1.251,0,0,1
A,224,.,.,.,GLU,OE1,A,224,.,.,.,GLU,OE2,1698,1699,2.10604,3.61214,2.20021,0,0,0
A,225,.,.,.,TRP,N,A,225,.,.,.,TRP,CA,1700,1701,8.96438,1.73367,1.45842,0,0,1
A,225,.,.,.,TRP,N,A,225,.,.,.,TRP,C,1700,1702,0.112394,0,2.46275,0,0,0
A,225,.,.,.,TRP,N,A,225,.,.,.,TRP,CB,1700,1704,3.09133,0.679085,2.44828,0,0,0
A,225,.,.,.,TRP,N,A,226,.,.,.,LYS,N,1700,1714,1.22494,0,2.8401,0,1,0
A,225,.,.,.,TRP,CA,A,225,.,.,.,TRP,C,1701,1702,6.53091,0,1.52684,0,0,1
A,225,.,.,.,TRP,CA,A,225,.,.,.,TRP,O,1701,1703,2.33184,0,2.40815,0,0,0
A,225,.,.,.,TRP,CA,A,225,.,.,.,TRP,CB,1701,1704,10.7577,1.77732,1.53021,0,0,1
A,225,.,.,.,TRP,CA,A,225,.,.,.,TRP,CG,1701,1705,1.43781,0,2.52026,0,0,0
A,225,.,.,.,TRP,CA,A,225,.,.,.,TRP,CD1,1701,1706,3.41199,1.49086,3.43396,0,0,0
A,225,.,.,.,TRP,CA,A,226,.,.,.,LYS,N,1701,1714,0.954759,0,2.44197,0,1,0
A,225,.,.,.,TRP,CA,A,228,.,.,.,LYS,CB,1701,1736,0.771438,0,4.921,0.590673,3,0
A,225,.,.,.,TRP,CA,A,228,.,.,.,LYS,CG,1701,1737,0.20975,0,5.04202,0.196765,3,0
A,225,.,.,.,TRP,CA,A,228,.,.,.,LYS,CD,1701,1738,4.23706,1.52528,5.14247,2.56031,3,0
A,225,.,.,.,TRP,CA,A,228,.,.,.,LYS,CE,1701,1739,0.403606,0.81171,5.62868,0.287596,3,0
A,225,.,.,.,TRP,CA,A,229,.,.,.,HIS,CE1,1701,1749,0.78965,0,4.77165,-0.0759325,4,0
A,225,.,.,.,TRP,C,A,225,.,.,.,TRP,O,1702,1703,7.18337,0,1.23709,0,0,1
A,225,.,.,.,TRP,C,A,225,.,.,.,TRP,CB,1702,1704,0.901803,0,2.51424,0,0,0
A,225,.,.,.,TRP,C,A,225,.,.,.,TRP,CG,1702,1705,0.415928,0,3.00298,0,0,0
A,225,.,.,.,TRP,C,A,225,.,.,.,TRP,CD2,1702,1707,0.823693,0,3.28674,0,0,0
A,225,.,.,.,TRP,C,A,225,.,.,.,TRP,CE3,1702,1710,1.35692,0,3.33197,0,0,0
A,225,.,.,.,TRP,C,A,226,.,.,.,LYS,N,1702,1714,5.92596,0,1.33416,0,1,1
A,225,.,.,.,TRP,C,A,226,.,.,.,LYS,CA,1702,1715,1.13171,0,2.42562,0,1,0
A,225,.,.,.,TRP,C,A,226,.,.,.,LYS,C,1702,1716,0.199226,0,3.06048,0,1,0
A,225,.,.,.,TRP,C,A,227,.,.,.,GLN,N,1702,1723,1.16365,0,3.20881,2.0777,2,0
A,225,.,.,.,TRP,C,A,228,.,.,.,LYS,N,1702,1732,0.276762,0,3.70936,0.430368,3,0
A,225,.,.,.,TRP,O,A,225,.,.,.,TRP,CG,1703,1705,0.339216,0,3.34525,0,0,0
A,225,.,.,.,TRP,O,A,225,.,.,.,TRP,CD2,1703,1707,0.728589,0,3.39558,0,0,0
A,225,.,.,.,TRP,O,A,225,.,.,.,TRP,CE3,1703,1710,0.795333,0,3.51193,0,0,0
A,225,.,.,.,TRP,O,A,226,.,.,.,LYS,CA,1703,1715,2.1201,0,2.73996,0,1,0
A,225,.,.,.,TRP,O,A,226,.,.,.,LYS,C,1703,1716,1.17961,0,2.99946,0,1,0
A,225,.,.,.,TRP,O,A,227,.,.,.,GLN,N,1703,1723,0.0550994,0,3.3196,0.0550392,2,0
A,225,.,.,.,TRP,O,A,228,.,.,.,LYS,N,1703,1732,2.9921,0,2.98965,-1.32495,3,0
A,225,.,.,.,TRP,O,A,228,.,.,.,LYS,CA,1703,1733,0.425984,0,3.54923,0.457617,3,0
A,225,.,.,.,TRP,O,A,228,.,.,.,LYS,C,1703,1734,0.0523766,0,3.68682,0.0837984,3,0
A,225,.,.,.,TRP,O,A,228,.,.,.,LYS,CB,1703,1736,2.85749,0,3.57685,1.16965,3,0
A,225,.,.,.,TRP,O,A,229,.,.,.,HIS,N,1703,1741,1.74898,0,3.36841,-2.07516,4,0
A,225,.,.,.,TRP,O,A,229,.,.,.,HIS,CB,1703,1745,1.26306,0,3.77213,-0.15407,4,0
A,225,.,.,.,TRP,O,A,229,.,.,.,HIS,ND1,1703,1747,5.50385,0,2.62136,-1.92148,4,0
A,225,.,.,.,TRP,O,A,229,.,.,.,HIS,CE1,1703,1749,0.338395,0,3.56802,0.0934426,4,0
A,225,.,.,.,TRP,CB,A,225,.,.,.,TRP,CG,1704,1705,7.15912,0,1.49148,0,0,1
A,225,.,.,.,TRP,CB,A,225,.,.,.,TRP,CD1,1704,1706,7.48114,4.16023,2.55983,0,0,0
A,225,.,.,.,TRP,CB,A,225,.,.,.,TRP,CD2,1704,1707,0.990182,0,2.60986,0,0,0
A,225,.,.,.,TRP,CB,A,225,.,.,.,TRP,CE3,1704,1710,2.28225,0,3.29483,0,0,0
A,225,.,.,.,TRP,CB,A,226,.,.,.,LYS,N,1704,1714,1.32174,0,3.13823,0,1,0
A,225,.,.,.,TRP,CG,A,225,.,.,.,TRP,CD1,1705,1706,7.63411,0,1.3674,0,0,1
A,225,.,.,.,TRP,CG,A,225,.,.,.,TRP,CD2,1705,1707,6.55147,0,1.4296,0,0,1
A,225,.,.,.,TRP,CG,A,229,.,.,.,HIS,ND1,1705,1747,0.279527,0,3.81389,-0.447433,4,0
A,225,.,.,.,TRP,CG,A,229,.,.,.,HIS,CE1,1705,1749,0.101784,0,3.9282,-0.195769,4,0
A,225,.,.,.,TRP,CD1,A,225,.,.,.,TRP,CD2,1706,1707,0.955535,0,2.23888,0,0,0
A,225,.,.,.,TRP,CD1,A,225,.,.,.,TRP,NE1,1706,1708,9.79507,0.492995,1.37094,0,0,1
A,225,.,.,.,TRP,CD1,A,225,.,.,.,TRP,CE2,1706,1709,0.61781,0,2.22994,0,0,0
A,225,.,.,.,TRP,CD1,A,228,.,.,.,LYS,CD,1706,1738,0.627197,1.20947,6.18435,-0.130862,3,0
A,225,.,.,.,TRP,CD1,A,229,.,.,.,HIS,CE1,1706,1749,6.65985,2.547,3.52223,-6.01486,4,0
A,225,.,.,.,TRP,CD2,A,225,.,.,.,TRP,CE2,1707,1709,6.92225,0,1.41226,0,0,1
A,225,.,.,.,TRP,CD2,A,225,.,.,.,TRP,CE3,1707,1710,8.64511,0,1.40025,0,0,1
A,225,.,.,.,TRP,CD2,A,225,.,.,.,TRP,CZ2,1707,1711,0.273813,0,2.46391,0,0,0
A,225,.,.,.,TRP,CD2,A,225,.,.,.,TRP,CZ3,1707,1712,0.18008,0,2.40039,0,0,0
A,225,.,.,.,TRP,CD2,A,225,.,.,.,TRP,CH2,1707,1713,0.0879154,0,2.78931,0,0,0
A,225,.,.,.,TRP,CD2,A,229,.,.,.,HIS,CG,1707,1746,0.0879842,0,4.09807,-0.168822,4,0
A,225,.,.,.,TRP,CD2,A,229,.,.,.,HIS,ND1,1707,1747,1.95223,0,3.45331,-1.59536,4,0
A,225,.,.,.,TRP,CD2,A,229,.,.,.,HIS,CE1,1707,1749,0.0565203,0,3.81926,-0.0854151,4,0
A,225,.,.,.,TRP,NE1,A,225,.,.,.,TRP,CE2,1708,1709,7.49301,0,1.37116,0,0,1
A,225,.,.,.,TRP,NE1,A,225,.,.,.,TRP,CZ2,1708,1711,4.2324,1.73115,2.51136,0,0,0
A,225,.,.,.,TRP,NE1,A,229,.,.,.,HIS,CE1,1708,1749,4.81972,1.282,3.13996,-4.06805,4,0
A,225,.,.,.,TRP,NE1,A,229,.,.,.,HIS,NE2,1708,1750,2.84849,2.43874,3.64269,-4.1206,4,0
A,225,.,.,.,TRP,CE2,A,225,.,.,.,TRP,CZ2,1709,1711,9.48725,0,1.39905,0,0,1
A,225,.,.,.,TRP,CE2,A,229,.,.,.,HIS,CG,1709,1746,0.161047,0,3.76838,-0.337708,4,0
A,225,.,.,.,TRP,CE2,A,229,.,.,.,HIS,ND1,1709,1747,0.808255,0,3.32719,-0.626848,4,0
A,225,.,.,.,TRP,CE2,A,229,.,.,.,HIS,CE1,1709,1749,1.3831,0,3.33671,-1.40955,4,0
A,225,.,.,.,TRP,CE2,A,229,.,.,.,HIS,NE2,1709,1750,0.0249842,0,3.7538,-0.0406302,4,0
A,225,.,.,.,TRP,CE3,A,225,.,.,.,TRP,CZ3,1710,1712,11.199,0,1.39222,0,0,1
A,225,.,.,.,TRP,CE3,A,226,.,.,.,LYS,N,1710,1714,2.14376,0,3.38773,0,1,0
A,225,.,.,.,TRP,CE3,A,226,.,.,.,LYS,CA,1710,1715,3.85296,0,3.60488,0,1,0
A,225,.,.,.,TRP,CE3,A,226,.,.,.,LYS,CB,1710,1718,1.11892,0,4.20816,0,1,0
A,225,.,.,.,TRP,CE3,A,226,.,.,.,LYS,CD,1710,1720,0.211561,0,4.54986,0,1,0
A,225,.,.,.,TRP,CE3,A,229,.,.,.,HIS,CB,1710,1745,0.895449,0,4.30652,-1.00923,4,0
A,225,.,.,.,TRP,CE3,A,229,.,.,.,HIS,CG,1710,1746,0.135324,0,4.27984,-0.196839,4,0
A,225,.,.,.,TRP,CE3,A,229,.,.,.,HIS,ND1,1710,1747,0.254517,0,3.9425,-0.297459,4,0
A,225,.,.,.,TRP,CZ2,A,225,.,.,.,TRP,CH2,1711,1713,11.7999,0,1.37239,0,0,1
A,225,.,.,.,TRP,CZ2,A,229,.,.,.,HIS,CG,1711,1746,1.75957,0,3.63824,-3.17052,4,0
A,225,.,.,.,TRP,CZ2,A,229,.,.,.,HIS,CD2,1711,1748,4.65128,1.0291,3.70532,-6.60012,4,0
A,225,.,.,.,TRP,CZ2,A,229,.,.,.,HIS,CE1,1711,1749,0.146991,0,3.84041,-0.181717,4,0
A,225,.,.,.,TRP,CZ2,A,229,.,.,.,HIS,NE2,1711,1750,2.43237,1.38789,3.82434,-1.95123,4,0
A,225,.,.,.,TRP,CZ3,A,225,.,.,.,TRP,CH2,1712,1713,12.5185,0,1.40651,0,0,1
A,225,.,.,.,TRP,CZ3,A,226,.,.,.,LYS,CA,1712,1715,0.316315,0,4.27176,0,1,0
A,225,.,.,.,TRP,CZ3,A,226,.,.,.,LYS,CD,1712,1720,5.88061,0,4.29511,0,1,0
A,225,.,.,.,TRP,CZ3,A,226,.,.,.,LYS,NZ,1712,1722,0.542109,0,5.35883,0,1,0
A,225,.,.,.,TRP,CZ3,A,229,.,.,.,HIS,CB,1712,1745,4.36651,0,3.94622,-5.97984,4,0
A,225,.,.,.,TRP,CZ3,A,229,.,.,.,HIS,CG,1712,1746,0.0952224,0,4.14216,-0.174608,4,0
A,225,.,.,.,TRP,CH2,A,229,.,.,.,HIS,CB,1713,1745,3.16071,0,3.90555,-4.5847,4,0
A,225,.,.,.,TRP,CH2,A,229,.,.,.,HIS,CG,1713,1746,0.959953,0,3.82275,-1.59299,4,0
A,225,.,.,.,TRP,CH2,A,229,.,.,.,HIS,CD2,1713,1748,0.205156,0,4.18754,-0.277469,4,0
A,226,.,.,.,LYS,N,A,226,.,.,.,LYS,CA,1714,1715,6.40972,0,1.46028,0,0,1
A,226,.,.,.,LYS,N,A,226,.,.,.,LYS,C,1714,1716,0.0277202,0,2.46558,0,0,0
A,226,.,.,.,LYS,N,A,226,.,.,.,LYS,CB,1714,1718,2.42137,0,2.44482,0,0,0
A,226,.,.,.,LYS,N,A,227,.,.,.,GLN,N,1714,1723,1.85962,0,2.75148,0,1,0
A,226,.,.,.,LYS,CA,A,226,.,.,.,LYS,C,1715,1716,6.8384,0,1.52557,0,0,1
A,226,.,.,.,LYS,CA,A,226,.,.,.,LYS,O,1715,1717,1.10506,0,2.39778,0,0,0
A,226,.,.,.,LYS,CA,A,226,.,.,.,LYS,CB,1715,1718,7.95161,0,1.53624,0,0,1
A,226,.,.,.,LYS,CA,A,226,.,.,.,LYS,CG,1715,1719,0.454339,0,2.59816,0,0,0
A,226,.,.,.,LYS,CA,A,226,.,.,.,LYS,CD,1715,1720,3.92816,0,3.01096,0,0,0
A,226,.,.,.,LYS,CA,A,227,.,.,.,GLN,N,1715,1723,1.00543,0,2.44752,0,1,0
A,226,.,.,.,LYS,CA,A,229,.,.,.,HIS,N,1715,1741,0.0907282,0,4.34247,0.163466,3,0
A,226,.,.,.,LYS,CA,A,229,.,.,.,HIS,CB,1715,1745,2.08449,0,4.59071,1.1816,3,0
A,226,.,.,.,LYS,C,A,226,.,.,.,LYS,O,1716,1717,7.27039,0,1.2359,0,0,1
A,226,.,.,.,LYS,C,A,226,.,.,.,LYS,CB,1716,1718,1.78949,0,2.53146,0,0,0
A,226,.,.,.,LYS,C,A,226,.,.,.,LYS,CG,1716,1719,2.04153,0,3.11321,0,0,0
A,226,.,.,.,LYS,C,A,227,.,.,.,GLN,N,1716,1723,7.465,0,1.33912,0,1,1
A,226,.,.,.,LYS,C,A,227,.,.,.,GLN,CA,1716,1724,1.22555,0,2.44203,0,1,0
A,226,.,.,.,LYS,C,A,227,.,.,.,GLN,C,1716,1725,0.263515,0,3.03316,0,1,0
A,226,.,.,.,LYS,C,A,228,.,.,.,LYS,N,1716,1732,1.21685,0,3.1516,2.52188,2,0
A,226,.,.,.,LYS,C,A,229,.,.,.,HIS,N,1716,1741,0.837752,0,3.63443,1.82896,3,0
A,226,.,.,.,LYS,C,A,231,.,.,.,PRO,CA,1716,1760,0.0417425,0,4.24598,0.0176813,5,0
A,226,.,.,.,LYS,C,A,231,.,.,.,PRO,CB,1716,1763,1.04407,0,4.26806,-0.012467,5,0
A,226,.,.,.,LYS,O,A,226,.,.,.,LYS,CG,1717,1719,1.04786,0,3.24833,0,0,0
A,226,.,.,.,LYS,O,A,226,.,.,.,LYS,CD,1717,1720,2.70934,0,3.33395,0,0,0
A,226,.,.,.,LYS,O,A,227,.,.,.,GLN,CA,1717,1724,1.54179,0,2.77713,0,1,0
A,226,.,.,.,LYS,O,A,227,.,.,.,GLN,C,1717,1725,1.30334,0,3.01946,0,1,0
A,226,.,.,.,LYS,O,A,228,.,.,.,LYS,N,1717,1732,0.0468448,0,3.31235,0.0497023,2,0
A,226,.,.,.,LYS,O,A,229,.,.,.,HIS,N,1717,1741,3.26157,0,3.05988,-1.34768,3,0
A,226,.,.,.,LYS,O,A,229,.,.,.,HIS,CA,1717,1742,0.329375,0,3.72061,0.299198,3,0
A,226,.,.,.,LYS,O,A,229,.,.,.,HIS,C,1717,1743,2.29005,0,3.48708,6.70647,3,0
A,226,.,.,.,LYS,O,A,229,.,.,.,HIS,O,1717,1744,0.471011,0,3.63155,0.588604,3,0
A,226,.,.,.,LYS,O,A,229,.,.,.,HIS,CB,1717,1745,0.3049,0,4.20238,0.0526511,3,0
A,226,.,.,.,LYS,O,A,230,.,.,.,LEU,C,1717,1753,0.317028,0,3.82214,0.576664,4,0
A,226,.,.,.,LYS,O,A,231,.,.,.,PRO,N,1717,1759,1.14805,0,3.27226,2.8205,5,0
A,226,.,.,.,LYS,O,A,231,.,.,.,PRO,CA,1717,1760,2.78873,0,3.34176,0.131015,5,0
A,226,.,.,.,LYS,O,A,231,.,.,.,PRO,CB,1717,1763,1.07021,0,3.59269,0.254921,5,0
A,226,.,.,.,LYS,O,A,231,.,.,.,PRO,CD,1717,1765,2.64342,0,3.40251,0.268027,5,0
A,226,.,.,.,LYS,CB,A,226,.,.,.,LYS,CG,1718,1719,13.5296,3.22999,1.53046,0,0,1
A,226,.,.,.,LYS,CB,A,226,.,.,.,LYS,CD,1718,1720,1.93315,0,2.54524,0,0,0
A,226,.,.,.,LYS,CB,A,227,.,.,.,GLN,N,1718,1723,2.00527,0.792762,3.30748,0,1,0
A,226,.,.,.,LYS,CG,A,226,.,.,.,LYS,CD,1719,1720,8.06509,0,1.53122,0,0,1
A,226,.,.,.,LYS,CG,A,226,.,.,.,LYS,CE,1719,1721,3.86121,0,2.51102,0,0,0
A,226,.,.,.,LYS,CG,A,227,.,.,.,GLN,N,1719,1723,0.0597809,0.099977,4.09511,0,1,0
A,226,.,.,.,LYS,CG,A,231,.,.,.,PRO,CA,1719,1760,4.42425,0,4.17769,2.22304,5,0
A,226,.,.,.,LYS,CG,A,231,.,.,.,PRO,O,1719,1762,1.00192,0.128465,4.51717,0.637742,5,0
A,226,.,.,.,LYS,CG,A,231,.,.,.,PRO,CB,1719,1763,2.05562,2.03915,4.86615,0.181165,5,0
A,226,.,.,.,LYS,CG,A,234,.,.,.,LYS,CE,1719,1794,7.57008,0.876258,4.1253,8.41203,5,0
A,226,.,.,.,LYS,CG,A,234,.,.,.,LYS,NZ,1719,1795,1.68073,2.25034,4.78443,1.82072,5,0
A,226,.,.,.,LYS,CD,A,226,.,.,.,LYS,CE,1720,1721,9.56889,0,1.52668,0,0,1
A,226,.,.,.,LYS,CD,A,226,.,.,.,LYS,NZ,1720,1722,3.89644,0,2.48869,0,0,0
A,226,.,.,.,LYS,CD,A,229,.,.,.,HIS,O,1720,1744,3.87241,0,3.66506,0.617847,3,0
A,226,.,.,.,LYS,CD,A,229,.,.,.,HIS,CB,1720,1745,1.66048,0,4.83766,0.0476541,3,0
A,226,.,.,.,LYS,CD,A,230,.,.,.,LEU,C,1720,1753,0.396611,0,4.56517,0.00914649,4,0
A,226,.,.,.,LYS,CD,A,230,.,.,.,LEU,O,1720,1754,0.0516793,0,4.09612,0.0135976,4,0
A,226,.,.,.,LYS,CD,A,231,.,.,.,PRO,CA,1720,1760,1.00583,0,4.31929,0.663004,5,0
A,226,.,.,.,LYS,CE,A,226,.,.,.,LYS,NZ,1721,1722,10.3503,0,1.48022,0,0,1
A,226,.,.,.,LYS,CE,A,229,.,.,.,HIS,O,1721,1744,0.00586713,0,3.87806,0.0016869,3,0
A,226,.,.,.,LYS,CE,A,230,.,.,.,LEU,O,1721,1754,2.5815,0,3.45128,-0.282133,4,0
A,226,.,.,.,LYS,CE,A,231,.,.,.,PRO,CA,1721,1760,1.80425,0,4.2055,1.83785,5,0
A,226,.,.,.,LYS,CE,A,231,.,.,.,PRO,C,1721,1761,0.494087,0,4.38234,0.286316,5,0
A,226,.,.,.,LYS,CE,A,231,.,.,.,PRO,O,1721,1762,2.22093,0,4.0995,0.216012,5,0
A,226,.,.,.,LYS,CE,A,233,.,.,.,PHE,N,1721,1776,0.162518,0,4.93842,0.19268,5,0
A,226,.,.,.,LYS,CE,A,233,.,.,.,PHE,C,1721,1778,0.0373365,0,4.40313,0.00943261,5,0
A,226,.,.,.,LYS,CE,A,233,.,.,.,PHE,O,1721,1779,2.47995,0,3.42021,0.397117,5,0
A,226,.,.,.,LYS,CE,A,234,.,.,.,LYS,CG,1721,1792,5.12827,0,3.9978,5.69864,5,0
A,226,.,.,.,LYS,CE,A,234,.,.,.,LYS,CE,1721,1794,3.25157,0,4.08865,2.42105,5,0
A,226,.,.,.,LYS,CE,A,236,.,.,.,TRP,CZ2,1721,1814,0.305667,0,4.88377,-0.240721,5,0
A,226,.,.,.,LYS,CE,A,236,.,.,.,TRP,CH2,1721,1816,2.79125,0,4.55419,-1.01699,5,0
A,226,.,.,.,LYS,NZ,A,229,.,.,.,HIS,O,1722,1744,7.32568,0.617165,3.13781,-1.44939,3,0
A,226,.,.,.,LYS,NZ,A,229,.,.,.,HIS,CB,1722,1745,0.0110196,0,5.23321,0.00380906,3,0
A,226,.,.,.,LYS,NZ,A,230,.,.,.,LEU,O,1722,1754,4.26822,0,3.00639,-0.906403,4,0
A,226,.,.,.,LYS,NZ,A,230,.,.,.,LEU,CB,1722,1755,0.965565,0.179746,4.702,1.05817,4,0
A,226,.,.,.,LYS,NZ,A,233,.,.,.,PHE,O,1722,1779,8.33781,0.944342,2.78909,-2.30268,5,0
A,226,.,.,.,LYS,NZ,A,233,.,.,.,PHE,CB,1722,1780,1.79155,0,4.38284,0.506465,5,0
A,226,.,.,.,LYS,NZ,A,233,.,.,.,PHE,CD1,1722,1782,3.09758,3.14812,5.07283,1.02859,5,0
A,226,.,.,.,LYS,NZ,A,236,.,.,.,TRP,CZ3,1722,1815,0.0095091,0.199979,5.40461,0.00242751,5,0
A,226,.,.,.,LYS,NZ,A,236,.,.,.,TRP,CH2,1722,1816,2.55283,1.01644,4.63174,-0.540048,5,0
A,227,.,.,.,GLN,N,A,227,.,.,.,GLN,CA,1723,1724,8.73369,0.788298,1.45934,0,0,1
A,227,.,.,.,GLN,N,A,227,.,.,.,GLN,C,1723,1725,0.0151091,0,2.47319,0,0,0
A,227,.,.,.,GLN,N,A,227,.,.,.,GLN,CB,1723,1727,2.34507,0,2.44007,0,0,0
A,227,.,.,.,GLN,N,A,228,.,.,.,LYS,N,1723,1732,1.58151,0,2.78034,0,1,0
A,227,.,.,.,GLN,N,A,231,.,.,.,PRO,CB,1723,1763,0.624174,0.688588,4.41637,0.54218,4,0
A,227,.,.,.,GLN,CA,A,227,.,.,.,GLN,C,1724,1725,6.6192,0,1.52671,0,0,1
A,227,.,.,.,GLN,CA,A,227,.,.,.,GLN,O,1724,1726,0.873271,0,2.39465,0,0,0
A,227,.,.,.,GLN,CA,A,227,.,.,.,GLN,CB,1724,1727,9.38932,0.706484,1.52759,0,0,1
A,227,.,.,.,GLN,CA,A,227,.,.,.,GLN,CG,1724,1728,0.391955,0,2.54683,0,0,0
A,227,.,.,.,GLN,CA,A,227,.,.,.,GLN,CD,1724,1729,2.27839,0,3.02595,0,0,0
A,227,.,.,.,GLN,CA,A,227,.,.,.,GLN,OE1,1724,1730,1.38613,0.249411,3.35528,0,0,0
A,227,.,.,.,GLN,CA,A,228,.,.,.,LYS,N,1724,1732,0.954694,0,2.45447,0,1,0
A,227,.,.,.,GLN,CA,A,231,.,.,.,PRO,CB,1724,1763,5.01923,0.766507,3.95432,1.85979,4,0
A,227,.,.,.,GLN,CA,A,231,.,.,.,PRO,CG,1724,1764,1.15906,0,4.09517,0.125434,4,0
A,227,.,.,.,GLN,CA,A,231,.,.,.,PRO,CD,1724,1765,0.737961,0,4.14671,0.533177,4,0
A,227,.,.,.,GLN,C,A,227,.,.,.,GLN,O,1725,1726,7.89434,0,1.23238,0,0,1
A,227,.,.,.,GLN,C,A,227,.,.,.,GLN,CB,1725,1727,1.5787,0,2.50768,0,0,0
A,227,.,.,.,GLN,C,A,227,.,.,.,GLN,CG,1725,1728,2.54685,0,2.96056,0,0,0
A,227,.,.,.,GLN,C,A,228,.,.,.,LYS,N,1725,1732,7.14489,0,1.33117,0,1,1
A,227,.,.,.,GLN,C,A,228,.,.,.,LYS,CA,1725,1733,1.92355,0,2.42956,0,1,0
A,227,.,.,.,GLN,C,A,228,.,.,.,LYS,CG,1725,1737,0.612896,0,4.01005,0,1,0
A,227,.,.,.,GLN,C,A,229,.,.,.,HIS,N,1725,1741,1.28959,0,3.31652,2.21401,2,0
A,227,.,.,.,GLN,C,A,231,.,.,.,PRO,CD,1725,1765,0.936901,0,3.93441,0.228101,4,0
A,227,.,.,.,GLN,O,A,227,.,.,.,GLN,CG,1726,1728,2.76438,1.26918,3.09565,0,0,0
A,227,.,.,.,GLN,O,A,227,.,.,.,GLN,CD,1726,1729,0.755429,0,3.28231,0,0,0
A,227,.,.,.,GLN,O,A,227,.,.,.,GLN,NE2,1726,1731,7.08406,3.81908,3.14646,0,0,0
A,227,.,.,.,GLN,O,A,228,.,.,.,LYS,CA,1726,1733,7.56563,4.19249,2.74152,0,1,0
A,227,.,.,.,GLN,O,A,228,.,.,.,LYS,C,1726,1734,1.52217,1.03658,3.43721,0,1,0
A,227,.,.,.,GLN,O,A,228,.,.,.,LYS,CG,1726,1737,0.0734386,0.343275,4.50138,0,1,0
A,227,.,.,.,GLN,O,A,229,.,.,.,HIS,N,1726,1741,0.514735,0,3.60335,0.626319,2,0
A,227,.,.,.,GLN,O,A,231,.,.,.,PRO,CG,1726,1764,1.0389,0,3.77484,0.00895226,4,0
A,227,.,.,.,GLN,O,A,231,.,.,.,PRO,CD,1726,1765,7.67791,2.85628,3.41136,-0.072445,4,0
A,227,.,.,.,GLN,CB,A,227,.,.,.,GLN,CG,1727,1728,15.9079,5.8702,1.50851,0,0,1
A,227,.,.,.,GLN,CB,A,227,.,.,.,GLN,CD,1727,1729,1.02134,0,2.49823,0,0,0
A,227,.,.,.,GLN,CB,A,227,.,.,.,GLN,OE1,1727,1730,5.96155,3.91365,2.87885,0,0,0
A,227,.,.,.,GLN,CB,A,228,.,.,.,LYS,N,1727,1732,0.997743,0,3.28662,0,1,0
A,227,.,.,.,GLN,CB,A,228,.,.,.,LYS,CG,1727,1737,1.18703,0.31416,5.06786,0,1,0
A,227,.,.,.,GLN,CG,A,227,.,.,.,GLN,CD,1728,1729,12.4855,3.94997,1.50849,0,0,1
A,227,.,.,.,GLN,CG,A,227,.,.,.,GLN,OE1,1728,1730,1.09824,1.08966,2.38423,0,0,0
A,227,.,.,.,GLN,CG,A,227,.,.,.,GLN,NE2,1728,1731,5.05383,3.562,2.41905,0,0,0
A,227,.,.,.,GLN,CG,A,228,.,.,.,LYS,CG,1728,1737,2.91021,3.39244,5.29299,0,1,0
A,227,.,.,.,GLN,CD,A,227,.,.,.,GLN,OE1,1729,1730,14.3217,4.32358,1.23249,0,0,1
A,227,.,.,.,GLN,CD,A,227,.,.,.,GLN,NE2,1729,1731,14.567,4.16257,1.33285,0,0,1
A,227,.,.,.,GLN,CD,A,231,.,.,.,PRO,CB,1729,1763,0.0510509,0,4.35203,-0.0580796,4,0
A,227,.,.,.,GLN,CD,A,231,.,.,.,PRO,CG,1729,1764,1.75868,0,4.013,-1.1878,4,0
A,227,.,.,.,GLN,OE1,A,227,.,.,.,GLN,NE2,1730,1731,2.0999,2.27738,2.25344,0,0,0
A,227,.,.,.,GLN,OE1,A,231,.,.,.,PRO,CB,1730,1763,7.21993,4.69168,3.9027,-2.7216,4,0
A,227,.,.,.,GLN,OE1,A,231,.,.,.,PRO,CG,1730,1764,2.55316,1.34786,3.89962,-1.2547,4,0
A,227,.,.,.,GLN,NE2,A,231,.,.,.,PRO,CG,1731,1764,8.56077,4.82293,3.81882,-3.17573,4,0
A,227,.,.,.,GLN,NE2,A,231,.,.,.,PRO,CD,1731,1765,0.145718,0.403457,4.55888,0.0111802,4,0
A,228,.,.,.,LYS,N,A,228,.,.,.,LYS,CA,1732,1733,6.43137,0,1.45666,0,0,1
A,228,.,.,.,LYS,N,A,228,.,.,.,LYS,CB,1732,1736,1.37126,0,2.45941,0,0,0
A,228,.,.,.,LYS,N,A,228,.,.,.,LYS,CG,1732,1737,3.11596,0,3.01797,0,0,0
A,228,.,.,.,LYS,N,A,229,.,.,.,HIS,N,1732,1741,1.88629,0,2.75877,0,1,0
A,228,.,.,.,LYS,CA,A,228,.,.,.,LYS,C,1733,1734,9.60177,1.0425,1.5249,0,0,1
A,228,.,.,.,LYS,CA,A,228,.,.,.,LYS,O,1733,1735,3.15262,2.37487,2.38303,0,0,0
A,228,.,.,.,LYS,CA,A,228,.,.,.,LYS,CB,1733,1736,10.0655,1.56808,1.53343,0,0,1
A,228,.,.,.,LYS,CA,A,228,.,.,.,LYS,CG,1733,1737,5.20345,2.69203,2.57852,0,0,0
A,228,.,.,.,LYS,CA,A,229,.,.,.,HIS,N,1733,1741,0.686353,0,2.46723,0,1,0
A,228,.,.,.,LYS,CA,A,229,.,.,.,HIS,ND1,1733,1747,0.00488666,0,3.93705,0,1,0
A,228,.,.,.,LYS,C,A,228,.,.,.,LYS,O,1734,1735,10.03,1.95593,1.23622,0,0,1
A,228,.,.,.,LYS,C,A,228,.,.,.,LYS,CB,1734,1736,1.75298,0,2.48336,0,0,0
A,228,.,.,.,LYS,C,A,229,.,.,.,HIS,N,1734,1741,7.93202,0,1.33606,0,1,1
A,228,.,.,.,LYS,C,A,229,.,.,.,HIS,CA,1734,1742,1.4253,0,2.45429,0,1,0
A,228,.,.,.,LYS,C,A,229,.,.,.,HIS,CG,1734,1746,0.754238,0,3.36731,0,1,0
A,228,.,.,.,LYS,C,A,229,.,.,.,HIS,ND1,1734,1747,1.55274,0,3.2889,0,1,0
A,228,.,.,.,LYS,C,A,229,.,.,.,HIS,CE1,1734,1749,0.00660862,0,4.08288,0,1,0
A,228,.,.,.,LYS,C,A,230,.,.,.,LEU,N,1734,1751,1.71357,1.27523,3.87183,3.96196,2,0
A,228,.,.,.,LYS,C,A,231,.,.,.,PRO,CD,1734,1765,0.134683,0.139468,5.03572,0.0455105,3,0
A,228,.,.,.,LYS,O,A,228,.,.,.,LYS,CB,1735,1736,6.2155,3.82416,2.89257,0,0,0
A,228,.,.,.,LYS,O,A,229,.,.,.,HIS,CA,1735,1742,6.33365,2.73608,2.78357,0,1,0
A,228,.,.,.,LYS,O,A,229,.,.,.,HIS,CG,1735,1746,1.35698,0,3.42667,0,1,0
A,228,.,.,.,LYS,O,A,229,.,.,.,HIS,ND1,1735,1747,0.0476113,0,3.55983,0,1,0
A,228,.,.,.,LYS,O,A,229,.,.,.,HIS,CD2,1735,1748,3.77901,2.68971,3.87364,0,1,0
A,228,.,.,.,LYS,O,A,229,.,.,.,HIS,CE1,1735,1749,1.14018,0.198554,4.05761,0,1,0
A,228,.,.,.,LYS,O,A,229,.,.,.,HIS,NE2,1735,1750,0.850032,1.24585,4.23,0,1,0
A,228,.,.,.,LYS,O,A,230,.,.,.,LEU,N,1735,1751,0.843484,1.72731,4.1964,1.18294,2,0
A,228,.,.,.,LYS,CB,A,228,.,.,.,LYS,CG,1736,1737,12.2478,2.57501,1.52058,0,0,1
A,228,.,.,.,LYS,CB,A,228,.,.,.,LYS,CD,1736,1738,8.99555,3.33374,2.50816,0,0,0
A,228,.,.,.,LYS,CB,A,229,.,.,.,HIS,ND1,1736,1747,1.80279,0,3.66243,0,1,0
A,228,.,.,.,LYS,CB,A,229,.,.,.,HIS,CE1,1736,1749,7.12946,1.82502,3.90253,0,1,0
A,228,.,.,.,LYS,CG,A,228,.,.,.,LYS,CD,1737,1738,12.7321,2.8984,1.52459,0,0,1
A,228,.,.,.,LYS,CG,A,228,.,.,.,LYS,CE,1737,1739,9.28148,5.30748,2.50742,0,0,0
A,228,.,.,.,LYS,CD,A,228,.,.,.,LYS,CE,1738,1739,14.6473,3.27712,1.5204,0,0,1
A,228,.,.,.,LYS,CD,A,228,.,.,.,LYS,NZ,1738,1740,9.33794,7.51611,2.49351,0,0,0
A,228,.,.,.,LYS,CD,A,229,.,.,.,HIS,CE1,1738,1749,4.03169,3.40183,4.98265,0,1,0
A,228,.,.,.,LYS,CE,A,228,.,.,.,LYS,NZ,1739,1740,21.5466,10.035,1.4887,0,0,1
A,229,.,.,.,HIS,N,A,229,.,.,.,HIS,CA,1741,1742,6.82035,0,1.46735,0,0,1
A,229,.,.,.,HIS,N,A,229,.,.,.,HIS,C,1741,1743,0.88337,0,2.46742,0,0,0
A,229,.,.,.,HIS,N,A,229,.,.,.,HIS,CB,1741,1745,1.74209,0,2.46754,0,0,0
A,229,.,.,.,HIS,N,A,229,.,.,.,HIS,CG,1741,1746,0.29015,0,3.01572,0,0,0
A,229,.,.,.,HIS,N,A,229,.,.,.,HIS,ND1,1741,1747,0.628291,0,3.20966,0,0,0
A,229,.,.,.,HIS,N,A,230,.,.,.,LEU,N,1741,1751,2.33892,0,2.97321,0,1,0
A,229,.,.,.,HIS,N,A,231,.,.,.,PRO,CD,1741,1765,1.21156,0,4.35932,1.69382,2,0
A,229,.,.,.,HIS,CA,A,229,.,.,.,HIS,C,1742,1743,9.21069,0.272691,1.53083,0,0,1
A,229,.,.,.,HIS,CA,A,229,.,.,.,HIS,CB,1742,1745,11.2812,1.86465,1.52737,0,0,1
A,229,.,.,.,HIS,CA,A,229,.,.,.,HIS,CG,1742,1746,1.64474,0,2.53175,0,0,0
A,229,.,.,.,HIS,CA,A,229,.,.,.,HIS,CD2,1742,1748,1.94393,1.84357,3.5022,0,0,0
A,229,.,.,.,HIS,CA,A,230,.,.,.,LEU,N,1742,1751,4.97292,0.918576,2.42818,0,1,0
A,229,.,.,.,HIS,CA,A,230,.,.,.,LEU,CG,1742,1756,2.11265,3.40763,4.77062,0,1,0
A,229,.,.,.,HIS,C,A,229,.,.,.,HIS,O,1743,1744,8.62125,0.415068,1.23005,0,0,1
A,229,.,.,.,HIS,C,A,229,.,.,.,HIS,CB,1743,1745,1.90862,0.788935,2.51549,0,0,0
A,229,.,.,.,HIS,C,A,230,.,.,.,LEU,N,1743,1751,6.96922,0,1.33264,0,1,1
A,229,.,.,.,HIS,C,A,230,.,.,.,LEU,CA,1743,1752,0.535786,0,2.46857,0,1,0
A,229,.,.,.,HIS,C,A,230,.,.,.,LEU,C,1743,1753,1.04499,0,2.97841,0,1,0
A,229,.,.,.,HIS,C,A,230,.,.,.,LEU,CB,1743,1755,0.942389,0,3.12559,0,1,0
A,229,.,.,.,HIS,C,A,230,.,.,.,LEU,CG,1743,1756,2.98552,1.04358,3.73183,0,1,0
A,229,.,.,.,HIS,C,A,231,.,.,.,PRO,N,1743,1759,0.115763,0,3.61512,0.1288,2,0
A,229,.,.,.,HIS,C,A,231,.,.,.,PRO,CD,1743,1765,0.048839,0,3.99325,0.00618111,2,0
A,229,.,.,.,HIS,O,A,229,.,.,.,HIS,CB,1744,1745,6.1082,0.113268,2.75408,0,0,0
A,229,.,.,.,HIS,O,A,230,.,.,.,LEU,CA,1744,1752,0.469063,0,2.8128,0,1,0
A,229,.,.,.,HIS,O,A,230,.,.,.,LEU,C,1744,1753,1.69438,0,2.90093,0,1,0
A,229,.,.,.,HIS,O,A,230,.,.,.,LEU,O,1744,1754,1.25404,0,2.97018,0,1,0
A,229,.,.,.,HIS,O,A,230,.,.,.,LEU,CB,1744,1755,4.70706,1.423,3.12048,0,1,0
A,229,.,.,.,HIS,O,A,230,.,.,.,LEU,CG,1744,1756,0.514837,1.01211,3.99874,0,1,0
A,229,.,.,.,HIS,CB,A,229,.,.,.,HIS,CG,1745,1746,9.14324,0,1.49516,0,0,1
A,229,.,.,.,HIS,CB,A,229,.,.,.,HIS,ND1,1745,1747,0.9885,0,2.52337,0,0,0
A,229,.,.,.,HIS,CB,A,229,.,.,.,HIS,CD2,1745,1748,4.009,0.993735,2.59536,0,0,0
A,229,.,.,.,HIS,CG,A,229,.,.,.,HIS,ND1,1746,1747,6.46507,0,1.37957,0,0,1
A,229,.,.,.,HIS,CG,A,229,.,.,.,HIS,CD2,1746,1748,9.05492,0,1.35487,0,0,1
A,229,.,.,.,HIS,CG,A,229,.,.,.,HIS,CE1,1746,1749,1.17984,0,2.20357,0,0,0
A,229,.,.,.,HIS,ND1,A,229,.,.,.,HIS,CE1,1747,1749,7.76084,0,1.32145,0,0,1
A,229,.,.,.,HIS,CD2,A,229,.,.,.,HIS,CE1,1748,1749,0.789344,0,2.19482,0,0,0
A,229,.,.,.,HIS,CD2,A,229,.,.,.,HIS,NE2,1748,1750,15.3303,6.65288,1.37423,0,0,1
A,229,.,.,.,HIS,CE1,A,229,.,.,.,HIS,NE2,1749,1750,14.3966,5.4987,1.32169,0,0,1
A,230,.,.,.,LEU,N,A,230,.,.,.,LEU,CA,1751,1752,7.85873,0.267704,1.45876,0,0,1
A,230,.,.,.,LEU,N,A,230,.,.,.,LEU,C,1751,1753,0.416907,0,2.44018,0,0,0
A,230,.,.,.,LEU,N,A,230,.,.,.,LEU,CB,1751,1755,0.45295,0,2.47508,0,0,0
A,230,.,.,.,LEU,N,A,230,.,.,.,LEU,CG,1751,1756,3.80448,0.328769,3.03755,0,0,0
A,230,.,.,.,LEU,N,A,230,.,.,.,LEU,CD2,1751,1758,3.73879,3.39741,3.52035,0,0,0
A,230,.,.,.,LEU,N,A,231,.,.,.,PRO,N,1751,1759,0.118336,0,3.04317,0,1,0
A,230,.,.,.,LEU,N,A,231,.,.,.,PRO,CD,1751,1765,5.32565,1.60465,3.20646,0,1,0
A,230,.,.,.,LEU,CA,A,230,.,.,.,LEU,C,1752,1753,8.40177,0,1.52491,0,0,1
A,230,.,.,.,LEU,CA,A,230,.,.,.,LEU,CB,1752,1755,9.16497,0.807967,1.53808,0,0,1
A,230,.,.,.,LEU,CA,A,230,.,.,.,LEU,CG,1752,1756,0.723276,0,2.60003,0,0,0
A,230,.,.,.,LEU,CA,A,230,.,.,.,LEU,CD2,1752,1758,8.29855,4.10403,3.02323,0,0,0
A,230,.,.,.,LEU,CA,A,231,.,.,.,PRO,N,1752,1759,0.137551,0,2.45515,0,1,0
A,230,.,.,.,LEU,CA,A,231,.,.,.,PRO,CD,1752,1765,8.3306,3.55683,2.97563,0,1,0
A,230,.,.,.,LEU,CA,A,232,.,.,.,HIS,N,1752,1766,0.867043,0.731189,4.32499,1.22367,2,0
A,230,.,.,.,LEU,CA,A,232,.,.,.,HIS,CB,1752,1770,0.128845,0.810389,5.93354,0.0751815,2,0
A,230,.,.,.,LEU,C,A,230,.,.,.,LEU,O,1753,1754,6.96322,0,1.23742,0,0,1
A,230,.,.,.,LEU,C,A,230,.,.,.,LEU,CB,1753,1755,1.31701,0,2.52333,0,0,0
A,230,.,.,.,LEU,C,A,231,.,.,.,PRO,N,1753,1759,7.28436,0,1.33377,0,1,1
A,230,.,.,.,LEU,C,A,231,.,.,.,PRO,CA,1753,1760,1.40013,0,2.4342,0,1,0
A,230,.,.,.,LEU,C,A,231,.,.,.,PRO,C,1753,1761,0.0941015,0,3.02872,0,1,0
A,230,.,.,.,LEU,C,A,231,.,.,.,PRO,CD,1753,1765,0.0172462,0,2.52388,0,1,0
A,230,.,.,.,LEU,C,A,232,.,.,.,HIS,N,1753,1766,3.24433,0,3.13462,9.4227,2,0
A,230,.,.,.,LEU,C,A,233,.,.,.,PHE,N,1753,1776,0.358236,0,3.84788,0.665724,3,0
A,230,.,.,.,LEU,O,A,230,.,.,.,LEU,CB,1754,1755,3.27602,0,2.7393,0,0,0
A,230,.,.,.,LEU,O,A,231,.,.,.,PRO,CA,1754,1760,1.50409,0,2.7332,0,1,0
A,230,.,.,.,LEU,O,A,231,.,.,.,PRO,C,1754,1761,1.93799,0,2.8626,0,1,0
A,230,.,.,.,LEU,O,A,232,.,.,.,HIS,N,1754,1766,0.581198,0,3.04843,-0.521941,2,0
A,230,.,.,.,LEU,O,A,233,.,.,.,PHE,N,1754,1776,4.14293,0,2.97969,-5.8854,3,0
A,230,.,.,.,LEU,O,A,233,.,.,.,PHE,CA,1754,1777,0.135336,0,3.70032,0.0553306,3,0
A,230,.,.,.,LEU,O,A,233,.,.,.,PHE,O,1754,1779,0.402101,0,3.77482,0.129877,3,0
A,230,.,.,.,LEU,O,A,233,.,.,.,PHE,CB,1754,1780,2.36534,0,3.55762,-0.931692,3,0
A,230,.,.,.,LEU,CB,A,230,.,.,.,LEU,CG,1755,1756,10.4226,0.307249,1.5422,0,0,1
A,230,.,.,.,LEU,CB,A,230,.,.,.,LEU,CD1,1755,1757,5.02774,1.24291,2.59543,0,0,0
A,230,.,.,.,LEU,CB,A,230,.,.,.,LEU,CD2,1755,1758,3.82657,2.42644,2.53252,0,0,0
A,230,.,.,.,LEU,CB,A,232,.,.,.,HIS,N,1755,1766,0.109482,0,4.93184,0.139978,2,0
A,230,.,.,.,LEU,CB,A,232,.,.,.,HIS,CB,1755,1770,0.230198,0.814186,6.17729,-0.00968987,2,0
A,230,.,.,.,LEU,CB,A,233,.,.,.,PHE,N,1755,1776,1.16922,0.440435,4.50668,0.92746,3,0
A,230,.,.,.,LEU,CB,A,233,.,.,.,PHE,CB,1755,1780,9.38129,1.70935,3.78958,-11.826,3,0
A,230,.,.,.,LEU,CB,A,233,.,.,.,PHE,CD1,1755,1782,1.52897,0.905353,4.7964,-1.64378,3,0
A,230,.,.,.,LEU,CG,A,230,.,.,.,LEU,CD1,1756,1757,17.1565,6.04809,1.53854,0,0,1
A,230,.,.,.,LEU,CG,A,230,.,.,.,LEU,CD2,1756,1758,13.9782,3.38827,1.51959,0,0,1
A,230,.,.,.,LEU,CD1,A,230,.,.,.,LEU,CD2,1757,1758,10.6901,8.0279,2.50404,0,0,0
A,230,.,.,.,LEU,CD1,A,233,.,.,.,PHE,CB,1757,1780,3.6603,2.03567,4.57871,-6.3915,3,0
A,230,.,.,.,LEU,CD1,A,233,.,.,.,PHE,CG,1757,1781,0.473094,0.799657,4.81939,-1.33762,3,0
A,230,.,.,.,LEU,CD1,A,233,.,.,.,PHE,CD1,1757,1782,10.4439,4.51094,4.43442,-17.3852,3,0
A,230,.,.,.,LEU,CD1,A,233,.,.,.,PHE,CE1,1757,1784,0.993214,2.97611,5.24633,-1.42851,3,0
A,230,.,.,.,LEU,CD2,A,231,.,.,.,PRO,CD,1758,1765,0.0226789,0.814144,5.35317,0,1,0
A,231,.,.,.,PRO,N,A,231,.,.,.,PRO,CA,1759,1760,5.48214,0,1.47094,0,0,1
A,231,.,.,.,PRO,N,A,231,.,.,.,PRO,CG,1759,1764,0.318722,0,2.30428,0,0,0
A,231,.,.,.,PRO,N,A,231,.,.,.,PRO,CD,1759,1765,7.03215,0,1.46712,0,0,1
A,231,.,.,.,PRO,N,A,232,.,.,.,HIS,N,1759,1766,1.7054,0,2.85158,0,1,0
A,231,.,.,.,PRO,CA,A,231,.,.,.,PRO,C,1760,1761,6.90702,0,1.51279,0,0,1
A,231,.,.,.,PRO,CA,A,231,.,.,.,PRO,O,1760,1762,2.99711,0,2.36718,0,0,0
A,231,.,.,.,PRO,CA,A,231,.,.,.,PRO,CB,1760,1763,9.58602,0,1.53778,0,0,1
A,231,.,.,.,PRO,CA,A,231,.,.,.,PRO,CG,1760,1764,0.645224,0,2.39334,0,0,0
A,231,.,.,.,PRO,CA,A,231,.,.,.,PRO,CD,1760,1765,0.529786,0,2.42235,0,0,0
A,231,.,.,.,PRO,CA,A,232,.,.,.,HIS,N,1760,1766,0.828611,0,2.45499,0,1,0
A,231,.,.,.,PRO,C,A,231,.,.,.,PRO,O,1761,1762,9.81907,0.642457,1.23842,0,0,1
A,231,.,.,.,PRO,C,A,231,.,.,.,PRO,CB,1761,1763,3.82873,0.37182,2.52258,0,0,0
A,231,.,.,.,PRO,C,A,232,.,.,.,HIS,N,1761,1766,6.75312,0,1.3396,0,1,1
A,231,.,.,.,PRO,C,A,232,.,.,.,HIS,CA,1761,1767,1.93422,0,2.45358,0,1,0
A,231,.,.,.,PRO,C,A,232,.,.,.,HIS,C,1761,1768,0.0856453,0,3.21324,0,1,0
A,231,.,.,.,PRO,C,A,232,.,.,.,HIS,CD2,1761,1773,1.36788,0.521462,3.92199,0,1,0
A,231,.,.,.,PRO,C,A,233,.,.,.,PHE,N,1761,1776,1.35456,0,3.28929,2.79486,2,0
A,231,.,.,.,PRO,O,A,231,.,.,.,PRO,CB,1762,1763,3.05065,3.49071,3.23438,0,0,0
A,231,.,.,.,PRO,O,A,232,.,.,.,HIS,CA,1762,1767,6.17677,3.32834,2.79969,0,1,0
A,231,.,.,.,PRO,O,A,232,.,.,.,HIS,C,1762,1768,1.50276,0,3.30163,0,1,0
A,231,.,.,.,PRO,O,A,232,.,.,.,HIS,CD2,1762,1773,0.0643232,0.488506,4.53471,0,1,0
A,231,.,.,.,PRO,O,A,233,.,.,.,PHE,N,1762,1776,0.808704,0,3.53182,0.586504,2,0
A,231,.,.,.,PRO,O,A,233,.,.,.,PHE,C,1762,1778,0.000155101,0,4.67325,0.000210293,2,0
A,231,.,.,.,PRO,O,A,234,.,.,.,LYS,CG,1762,1792,3.65824,0,4.01584,1.37023,3,0
A,231,.,.,.,PRO,O,A,234,.,.,.,LYS,CD,1762,1793,1.69223,1.55678,4.17988,0.71934,3,0
A,231,.,.,.,PRO,O,A,234,.,.,.,LYS,CE,1762,1794,9.46134,4.29479,3.66224,0.920229,3,0
A,231,.,.,.,PRO,CB,A,231,.,.,.,PRO,CG,1763,1764,11.8126,0.906414,1.45994,0,0,1
A,231,.,.,.,PRO,CB,A,231,.,.,.,PRO,CD,1763,1765,1.18124,0,2.34299,0,0,0
A,231,.,.,.,PRO,CB,A,232,.,.,.,HIS,N,1763,1766,0.395197,0,3.26886,0,1,0
A,231,.,.,.,PRO,CB,A,232,.,.,.,HIS,CD2,1763,1773,4.0836,2.86748,4.33832,0,1,0
A,231,.,.,.,PRO,CG,A,231,.,.,.,PRO,CD,1764,1765,15.5495,4.1586,1.49569,0,0,1
A,231,.,.,.,PRO,CG,A,232,.,.,.,HIS,N,1764,1766,1.83896,0,3.60813,0,1,0
A,231,.,.,.,PRO,CG,A,232,.,.,.,HIS,CG,1764,1771,0.869778,0,4.76438,0,1,0
A,231,.,.,.,PRO,CG,A,232,.,.,.,HIS,ND1,1764,1772,0.0108254,0,5.28669,0,1,0
A,231,.,.,.,PRO,CG,A,232,.,.,.,HIS,CD2,1764,1773,3.93076,0.184309,4.18628,0,1,0
A,231,.,.,.,PRO,CG,A,232,.,.,.,HIS,CE1,1764,1774,2.14047,2.73179,5.10431,0,1,0
A,231,.,.,.,PRO,CG,A,232,.,.,.,HIS,NE2,1764,1775,5.40519,4.00125,4.43664,0,1,0
A,231,.,.,.,PRO,CD,A,232,.,.,.,HIS,N,1765,1766,0.841243,0.183356,3.80215,0,1,0
A,231,.,.,.,PRO,CD,A,232,.,.,.,HIS,CG,1765,1771,0.412925,0.810727,5.36378,0,1,0
A,231,.,.,.,PRO,CD,A,232,.,.,.,HIS,ND1,1765,1772,0.0230369,0.334859,5.80844,0,1,0
A,231,.,.,.,PRO,CD,A,232,.,.,.,HIS,CE1,1765,1774,0.000260944,0.0363646,5.8505,0,1,0
A,232,.,.,.,HIS,N,A,232,.,.,.,HIS,CA,1766,1767,6.61377,0,1.46211,0,0,1
A,232,.,.,.,HIS,N,A,232,.,.,.,HIS,CB,1766,1770,3.3238,0.413869,2.47396,0,0,0
A,232,.,.,.,HIS,N,A,232,.,.,.,HIS,CG,1766,1771,2.82636,0.486536,2.91462,0,0,0
A,232,.,.,.,HIS,N,A,232,.,.,.,HIS,CD2,1766,1773,2.36909,0,3.14217,0,0,0
A,232,.,.,.,HIS,N,A,233,.,.,.,PHE,N,1766,1776,2.78236,0,2.7354,0,1,0
A,232,.,.,.,HIS,CA,A,232,.,.,.,HIS,C,1767,1768,8.0938,0,1.51993,0,0,1
A,232,.,.,.,HIS,CA,A,232,.,.,.,HIS,O,1767,1769,4.38504,3.26736,2.38166,0,0,0
A,232,.,.,.,HIS,CA,A,232,.,.,.,HIS,CB,1767,1770,11.2185,1.99128,1.5405,0,0,1
A,232,.,.,.,HIS,CA,A,232,.,.,.,HIS,CG,1767,1771,0.33057,0,2.55589,0,0,0
A,232,.,.,.,HIS,CA,A,232,.,.,.,HIS,CD2,1767,1773,4.77573,2.58748,3.09963,0,0,0
A,232,.,.,.,HIS,CA,A,233,.,.,.,PHE,N,1767,1776,1.01021,0,2.44488,0,1,0
A,232,.,.,.,HIS,CA,A,234,.,.,.,LYS,CG,1767,1792,0.0225616,0.033218,5.42792,0.0172106,2,0
A,232,.,.,.,HIS,CA,A,234,.,.,.,LYS,CD,1767,1793,0.0217422,0.251261,5.96161,0.0116519,2,0
A,232,.,.,.,HIS,C,A,232,.,.,.,HIS,O,1768,1769,9.94361,0.0198063,1.23385,0,0,1
A,232,.,.,.,HIS,C,A,232,.,.,.,HIS,CB,1768,1770,4.69248,1.41363,2.4721,0,0,0
A,232,.,.,.,HIS,C,A,233,.,.,.,PHE,N,1768,1776,8.39159,0,1.32926,0,1,1
A,232,.,.,.,HIS,C,A,233,.,.,.,PHE,CA,1768,1777,2.75389,1.22746,2.45172,0,1,0
A,232,.,.,.,HIS,C,A,233,.,.,.,PHE,C,1768,1778,0.364775,0,3.23939,0,1,0
A,232,.,.,.,HIS,C,A,234,.,.,.,LYS,N,1768,1787,0.450895,0,3.57498,0.870642,2,0
A,232,.,.,.,HIS,C,A,234,.,.,.,LYS,CG,1768,1792,1.8245,0,4.6807,1.78086,2,0
A,232,.,.,.,HIS,C,A,241,.,.,.,GLN,NE2,1768,1859,0.0648675,0.577387,4.47327,-0.00196572,5,0
A,232,.,.,.,HIS,O,A,232,.,.,.,HIS,CB,1769,1770,5.18164,2.27941,3.01836,0,0,0
A,232,.,.,.,HIS,O,A,233,.,.,.,PHE,CA,1769,1777,2.79725,0,2.7914,0,1,0
A,232,.,.,.,HIS,O,A,234,.,.,.,LYS,N,1769,1787,3.72773,0,3.25169,-1.57644,2,0
A,232,.,.,.,HIS,O,A,234,.,.,.,LYS,CB,1769,1791,1.42539,0.449424,4.58126,0.285561,2,0
A,232,.,.,.,HIS,O,A,234,.,.,.,LYS,CG,1769,1792,1.11942,0.943293,4.64885,0.579588,2,0
A,232,.,.,.,HIS,O,A,238,.,.,.,HIS,CD2,1769,1832,5.39928,1.77494,4.59572,-2.39465,5,0
A,232,.,.,.,HIS,O,A,238,.,.,.,HIS,NE2,1769,1834,0.359885,1.85393,5.14665,-0.0789865,5,0
A,232,.,.,.,HIS,O,A,241,.,.,.,GLN,CD,1769,1857,0.144878,0,3.98769,-0.0167599,5,0
A,232,.,.,.,HIS,O,A,241,.,.,.,GLN,OE1,1769,1858,1.06037,0,3.72847,0.576272,5,0
A,232,.,.,.,HIS,O,A,241,.,.,.,GLN,NE2,1769,1859,9.82477,1.82923,3.41743,-4.13739,5,0
A,232,.,.,.,HIS,CB,A,232,.,.,.,HIS,CG,1770,1771,14.8481,3.97949,1.5018,0,0,1
A,232,.,.,.,HIS,CB,A,232,.,.,.,HIS,ND1,1770,1772,7.50366,6.86936,2.53311,0,0,0
A,232,.,.,.,HIS,CB,A,232,.,.,.,HIS,CD2,1770,1773,1.08861,1.03527,2.6038,0,0,0
A,232,.,.,.,HIS,CB,A,233,.,.,.,PHE,N,1770,1776,2.79316,2.5298,3.37146,0,1,0
A,232,.,.,.,HIS,CB,A,233,.,.,.,PHE,CA,1770,1777,1.64721e-05,0.0107732,4.60339,0,1,0
A,232,.,.,.,HIS,CB,A,241,.,.,.,GLN,NE2,1770,1859,1.4052,3.28316,5.46539,-0.00123883,5,0
A,232,.,.,.,HIS,CG,A,232,.,.,.,HIS,ND1,1771,1772,11.6131,3.32247,1.38272,0,0,1
A,232,.,.,.,HIS,CG,A,232,.,.,.,HIS,CD2,1771,1773,11.464,2.45047,1.35612,0,0,1
A,232,.,.,.,HIS,CG,A,232,.,.,.,HIS,CE1,1771,1774,2.75842,0.720546,2.20972,0,0,0
A,232,.,.,.,HIS,ND1,A,232,.,.,.,HIS,CE1,1772,1774,17.6279,9.97829,1.323,0,0,1
A,232,.,.,.,HIS,CD2,A,232,.,.,.,HIS,CE1,1773,1774,1.58138,0.405777,2.19782,0,0,0
A,232,.,.,.,HIS,CD2,A,232,.,.,.,HIS,NE2,1773,1775,15.2348,6.3569,1.37645,0,0,1
A,232,.,.,.,HIS,CE1,A,232,.,.,.,HIS,NE2,1774,1775,17.3455,8.54529,1.32295,0,0,1
A,233,.,.,.,PHE,N,A,233,.,.,.,PHE,CA,1776,1777,7.94641,0.416269,1.46467,0,0,1
A,233,.,.,.,PHE,N,A,233,.,.,.,PHE,C,1776,1778,2.31129,0,2.44504,0,0,0
A,233,.,.,.,PHE,N,A,233,.,.,.,PHE,O,1776,1779,0.27206,0,3.11189,0,0,0
A,233,.,.,.,PHE,N,A,233,.,.,.,PHE,CB,1776,1780,4.72967,1.87361,2.4495,0,0,0
A,233,.,.,.,PHE,N,A,234,.,.,.,LYS,CG,1776,1792,0.230807,0,4.61242,0,1,0
A,233,.,.,.,PHE,CA,A,233,.,.,.,PHE,C,1777,1778,6.52167,0,1.52368,0,0,1
A,233,.,.,.,PHE,CA,A,233,.,.,.,PHE,O,1777,1779,0.477235,0,2.40199,0,0,0
A,233,.,.,.,PHE,CA,A,233,.,.,.,PHE,CB,1777,1780,10.2337,1.55613,1.52209,0,0,1
A,233,.,.,.,PHE,CA,A,233,.,.,.,PHE,CG,1777,1781,0.20733,0,2.53628,0,0,0
A,233,.,.,.,PHE,CA,A,233,.,.,.,PHE,CD2,1777,1783,4.42193,0.64707,2.97382,0,0,0
A,233,.,.,.,PHE,CA,A,234,.,.,.,LYS,N,1777,1787,2.32379,0,2.42253,0,1,0
A,233,.,.,.,PHE,CA,A,241,.,.,.,GLN,CD,1777,1857,1.45099,0.249499,4.45511,-0.540723,5,0
A,233,.,.,.,PHE,CA,A,241,.,.,.,GLN,OE1,1777,1858,1.82886,0,3.72199,-0.0549537,5,0
A,233,.,.,.,PHE,CA,A,241,.,.,.,GLN,NE2,1777,1859,0.738119,0.824606,4.64391,0.25886,5,0
A,233,.,.,.,PHE,C,A,233,.,.,.,PHE,O,1778,1779,7.88889,0,1.23147,0,0,1
A,233,.,.,.,PHE,C,A,233,.,.,.,PHE,CB,1778,1780,0.792841,0,2.51341,0,0,0
A,233,.,.,.,PHE,C,A,233,.,.,.,PHE,CG,1778,1781,1.17288,0,3.09236,0,0,0
A,233,.,.,.,PHE,C,A,233,.,.,.,PHE,CD2,1778,1783,0.647239,0,3.49482,0,0,0
A,233,.,.,.,PHE,C,A,234,.,.,.,LYS,N,1778,1787,6.7202,0,1.33201,0,1,1
A,233,.,.,.,PHE,C,A,234,.,.,.,LYS,CA,1778,1788,1.04535,0,2.46134,0,1,0
A,233,.,.,.,PHE,C,A,234,.,.,.,LYS,CG,1778,1792,2.28559,0,3.42134,0,1,0
A,233,.,.,.,PHE,C,A,235,.,.,.,PRO,CD,1778,1802,1.70964,0,3.67861,0.485467,2,0
A,233,.,.,.,PHE,O,A,233,.,.,.,PHE,CB,1779,1780,2.71341,0,2.8553,0,0,0
A,233,.,.,.,PHE,O,A,233,.,.,.,PHE,CG,1779,1781,0.247886,0,3.38466,0,0,0
A,233,.,.,.,PHE,O,A,233,.,.,.,PHE,CD1,1779,1782,2.99894,0.995067,3.89039,0,0,0
A,233,.,.,.,PHE,O,A,234,.,.,.,LYS,CA,1779,1788,2.39854,0,2.81823,0,1,0
A,233,.,.,.,PHE,O,A,234,.,.,.,LYS,CG,1779,1792,2.3807,0,3.35106,0,1,0
A,233,.,.,.,PHE,O,A,235,.,.,.,PRO,CD,1779,1802,2.53014,0.308426,3.85193,1.86225,2,0
A,233,.,.,.,PHE,O,A,236,.,.,.,TRP,CZ3,1779,1815,1.28965,0.921089,4.50497,-0.31122,3,0
A,233,.,.,.,PHE,O,A,236,.,.,.,TRP,CH2,1779,1816,2.6076,0,4.18926,-1.45768,3,0
A,233,.,.,.,PHE,CB,A,233,.,.,.,PHE,CG,1780,1781,8.78226,0.847591,1.49593,0,0,1
A,233,.,.,.,PHE,CB,A,233,.,.,.,PHE,CD1,1780,1782,5.57797,0,2.49725,0,0,0
A,233,.,.,.,PHE,CB,A,233,.,.,.,PHE,CD2,1780,1783,4.02476,2.53549,2.50617,0,0,0
A,233,.,.,.,PHE,CG,A,233,.,.,.,PHE,CD1,1781,1782,9.63887,0.772544,1.3857,0,0,1
A,233,.,.,.,PHE,CG,A,233,.,.,.,PHE,CD2,1781,1783,9.43108,1.61052,1.38535,0,0,1
A,233,.,.,.,PHE,CG,A,235,.,.,.,PRO,CD,1781,1802,0.547209,0,4.23149,-0.915639,2,0
A,233,.,.,.,PHE,CD1,A,233,.,.,.,PHE,CD2,1782,1783,1.14551,0.378758,2.3887,0,0,0
A,233,.,.,.,PHE,CD1,A,233,.,.,.,PHE,CE1,1782,1784,20.9177,7.46526,1.37751,0,0,1
A,233,.,.,.,PHE,CD1,A,233,.,.,.,PHE,CE2,1782,1785,0.0365923,0.0265378,2.76184,0,0,0
A,233,.,.,.,PHE,CD1,A,233,.,.,.,PHE,CZ,1782,1786,0.00350388,0.000660903,2.39047,0,0,0
A,233,.,.,.,PHE,CD1,A,235,.,.,.,PRO,CD,1782,1802,2.17984,0.852753,4.53567,-1.11536,2,0
A,233,.,.,.,PHE,CD2,A,233,.,.,.,PHE,CE1,1783,1784,0.00563743,0,2.76145,0,0,0
A,233,.,.,.,PHE,CD2,A,233,.,.,.,PHE,CE2,1783,1785,14.9218,3.80695,1.38021,0,0,1
A,233,.,.,.,PHE,CD2,A,233,.,.,.,PHE,CZ,1783,1786,0.017043,0,2.39414,0,0,0
A,233,.,.,.,PHE,CD2,A,234,.,.,.,LYS,N,1783,1787,0.405428,0,3.91983,0,1,0
A,233,.,.,.,PHE,CD2,A,235,.,.,.,PRO,CD,1783,1802,2.84651,0,3.8497,-1.45647,2,0
A,233,.,.,.,PHE,CD2,A,241,.,.,.,GLN,CB,1783,1855,2.15208,0.429952,4.07911,-0.857041,5,0
A,233,.,.,.,PHE,CD2,A,241,.,.,.,GLN,CG,1783,1856,0.496647,0.848507,4.55691,-0.30337,5,0
A,233,.,.,.,PHE,CD2,A,241,.,.,.,GLN,CD,1783,1857,3.56721,1.64286,4.12013,-3.7068,5,0
A,233,.,.,.,PHE,CD2,A,241,.,.,.,GLN,OE1,1783,1858,3.19465,0,3.50668,-0.583174,5,0
A,233,.,.,.,PHE,CE1,A,233,.,.,.,PHE,CZ,1784,1786,20.3479,6.87615,1.38286,0,0,1
A,233,.,.,.,PHE,CE1,A,235,.,.,.,PRO,CG,1784,1801,1.45302,1.87237,4.78357,-1.47727,2,0
A,233,.,.,.,PHE,CE1,A,235,.,.,.,PRO,CD,1784,1802,2.19377,1.03526,4.4976,-1.30053,2,0
A,233,.,.,.,PHE,CE1,A,243,.,.,.,PRO,CG,1784,1871,0.491313,2.27778,5.41052,-0.499513,5,0
A,233,.,.,.,PHE,CE2,A,233,.,.,.,PHE,CZ,1785,1786,15.6769,3.66223,1.38693,0,0,1
A,233,.,.,.,PHE,CE2,A,235,.,.,.,PRO,CB,1785,1800,1.26973,0,4.45195,-1.09018,2,0
A,233,.,.,.,PHE,CE2,A,235,.,.,.,PRO,CG,1785,1801,1.05262,0,4.14748,-1.07018,2,0
A,233,.,.,.,PHE,CE2,A,235,.,.,.,PRO,CD,1785,1802,2.71482,0,3.81337,-1.7648,2,0
A,233,.,.,.,PHE,CE2,A,241,.,.,.,GLN,O,1785,1854,7.61281,2.41618,3.42684,0.202603,5,0
A,233,.,.,.,PHE,CE2,A,241,.,.,.,GLN,CB,1785,1855,6.53067,1.47011,3.78081,-5.92462,5,0
A,233,.,.,.,PHE,CE2,A,241,.,.,.,GLN,OE1,1785,1858,0.000215372,0,4.09158,-0.000103925,5,0
A,233,.,.,.,PHE,CZ,A,235,.,.,.,PRO,CB,1786,1800,0.00577163,0,4.83588,-0.00531493,2,0
A,233,.,.,.,PHE,CZ,A,235,.,.,.,PRO,CG,1786,1801,5.04788,0.970949,4.21888,-4.84381,2,0
A,233,.,.,.,PHE,CZ,A,235,.,.,.,PRO,CD,1786,1802,0.900984,0,4.14841,-0.547009,2,0
A,233,.,.,.,PHE,CZ,A,241,.,.,.,GLN,O,1786,1854,1.82804,0.658305,3.93023,0.228602,5,0
A,233,.,.,.,PHE,CZ,A,243,.,.,.,PRO,CB,1786,1870,0.348604,1.40221,5.43128,-0.32102,5,0
A,233,.,.,.,PHE,CZ,A,243,.,.,.,PRO,CG,1786,1871,8.17858,3.63668,4.58866,-7.84795,5,0
A,233,.,.,.,PHE,CZ,A,243,.,.,.,PRO,CD,1786,1872,5.90753,0.774376,4.3902,-3.78021,5,0
A,234,.,.,.,LYS,N,A,234,.,.,.,LYS,CA,1787,1788,6.4817,0,1.46119,0,0,1
A,234,.,.,.,LYS,N,A,234,.,.,.,LYS,C,1787,1789,1.57417,0,2.39283,0,0,0
A,234,.,.,.,LYS,N,A,234,.,.,.,LYS,O,1787,1790,0.0365013,0,3.20715,0,0,0
A,234,.,.,.,LYS,N,A,234,.,.,.,LYS,CB,1787,1791,2.65739,0,2.47218,0,0,0
A,234,.,.,.,LYS,N,A,234,.,.,.,LYS,CG,1787,1792,1.23028,0,3.0577,0,0,0
A,234,.,.,.,LYS,N,A,235,.,.,.,PRO,N,1787,1796,0.145491,0,3.03861,0,1,0
A,234,.,.,.,LYS,N,A,235,.,.,.,PRO,CD,1787,1802,1.62821,0,3.25975,0,1,0
A,234,.,.,.,LYS,N,A,238,.,.,.,HIS,CD2,1787,1832,0.708133,0,4.95552,0.800353,4,0
A,234,.,.,.,LYS,N,A,241,.,.,.,GLN,OE1,1787,1858,4.86509,0,3.02767,1.2939,5,0
A,234,.,.,.,LYS,CA,A,234,.,.,.,LYS,C,1788,1789,7.33663,0,1.5169,0,0,1
A,234,.,.,.,LYS,CA,A,234,.,.,.,LYS,O,1788,1790,0.216449,0,2.40374,0,0,0
A,234,.,.,.,LYS,CA,A,234,.,.,.,LYS,CB,1788,1791,8.36629,0,1.53144,0,0,1
A,234,.,.,.,LYS,CA,A,234,.,.,.,LYS,CG,1788,1792,1.85262,0,2.56241,0,0,0
A,234,.,.,.,LYS,CA,A,235,.,.,.,PRO,N,1788,1796,0.155652,0,2.44172,0,1,0
A,234,.,.,.,LYS,CA,A,235,.,.,.,PRO,CD,1788,1802,3.75935,0,2.95248,0,1,0
A,234,.,.,.,LYS,CA,A,236,.,.,.,TRP,CD2,1788,1810,0.722616,0,4.19622,-0.28585,2,0
A,234,.,.,.,LYS,CA,A,236,.,.,.,TRP,CE2,1788,1812,0.0794724,0,4.14033,-0.0320666,2,0
A,234,.,.,.,LYS,CA,A,236,.,.,.,TRP,CE3,1788,1813,0.674251,0,4.12167,-0.19074,2,0
A,234,.,.,.,LYS,CA,A,236,.,.,.,TRP,CZ2,1788,1814,0.249859,0,4.0493,-0.0484599,2,0
A,234,.,.,.,LYS,CA,A,236,.,.,.,TRP,CZ3,1788,1815,1.56283,0,3.98893,-0.862752,2,0
A,234,.,.,.,LYS,CA,A,236,.,.,.,TRP,CH2,1788,1816,2.00056,0,3.95331,-1.07528,2,0
A,234,.,.,.,LYS,CA,A,238,.,.,.,HIS,CD2,1788,1832,0.01256,0,5.01693,0.00413714,4,0
A,234,.,.,.,LYS,C,A,234,.,.,.,LYS,O,1789,1790,7.77106,0,1.23942,0,0,1
A,234,.,.,.,LYS,C,A,234,.,.,.,LYS,CB,1789,1791,1.25515,0,2.51586,0,0,0
A,234,.,.,.,LYS,C,A,235,.,.,.,PRO,N,1789,1796,6.51889,0,1.33524,0,1,1
A,234,.,.,.,LYS,C,A,235,.,.,.,PRO,CA,1789,1797,1.27057,0,2.43436,0,1,0
A,234,.,.,.,LYS,C,A,235,.,.,.,PRO,C,1789,1798,0.0628346,0,3.06388,0,1,0
A,234,.,.,.,LYS,C,A,236,.,.,.,TRP,N,1789,1803,1.9496,0,3.11589,8.39331,2,0
A,234,.,.,.,LYS,C,A,236,.,.,.,TRP,CG,1789,1808,0.000140938,0,4.56515,3.65424e-05,2,0
A,234,.,.,.,LYS,C,A,236,.,.,.,TRP,CD2,1789,1810,0.958877,0,4.13888,1.49921,2,0
A,234,.,.,.,LYS,C,A,236,.,.,.,TRP,CE3,1789,1813,0.371769,0,4.07582,-0.316903,2,0
A,234,.,.,.,LYS,C,A,237,.,.,.,LEU,N,1789,1817,0.102115,0,3.83723,0.2361,3,0
A,234,.,.,.,LYS,C,A,241,.,.,.,GLN,OE1,1789,1858,2.18512,0,3.36835,3.6107,5,0
A,234,.,.,.,LYS,O,A,234,.,.,.,LYS,CB,1790,1791,3.80234,0,2.77369,0,0,0
A,234,.,.,.,LYS,O,A,235,.,.,.,PRO,CA,1790,1797,2.14127,0,2.72635,0,1,0
A,234,.,.,.,LYS,O,A,235,.,.,.,PRO,C,1790,1798,0.984139,0,2.94996,0,1,0
A,234,.,.,.,LYS,O,A,236,.,.,.,TRP,N,1790,1803,0.555202,0,3.0877,-0.286535,2,0
A,234,.,.,.,LYS,O,A,237,.,.,.,LEU,N,1790,1817,3.43991,0,2.94206,-2.44631,3,0
A,234,.,.,.,LYS,O,A,237,.,.,.,LEU,CA,1790,1818,0.139814,0,3.56857,0.120242,3,0
A,234,.,.,.,LYS,O,A,237,.,.,.,LEU,CB,1790,1821,2.34832,0,3.60074,1.2442,3,0
A,234,.,.,.,LYS,O,A,237,.,.,.,LEU,CG,1790,1822,0.0568145,0,4.22916,0.0139849,3,0
A,234,.,.,.,LYS,O,A,238,.,.,.,HIS,N,1790,1825,3.59757,0,3.0373,-1.48651,4,0
A,234,.,.,.,LYS,O,A,238,.,.,.,HIS,CB,1790,1829,1.40246,0,3.99237,0.242182,4,0
A,234,.,.,.,LYS,O,A,238,.,.,.,HIS,CD2,1790,1832,3.6276,0,3.67086,0.770274,4,0
A,234,.,.,.,LYS,O,A,241,.,.,.,GLN,OE1,1790,1858,1.05566,0,3.59291,0.472814,5,0
A,234,.,.,.,LYS,CB,A,234,.,.,.,LYS,CG,1791,1792,9.70425,0.216631,1.51528,0,0,1
A,234,.,.,.,LYS,CB,A,234,.,.,.,LYS,CD,1791,1793,5.55535,0.880533,2.5011,0,0,0
A,234,.,.,.,LYS,CB,A,236,.,.,.,TRP,CG,1791,1808,0.0026319,0,4.82801,-0.00418794,2,0
A,234,.,.,.,LYS,CB,A,236,.,.,.,TRP,CD1,1791,1809,0.253541,0,4.73924,-0.0113433,2,0
A,234,.,.,.,LYS,CB,A,236,.,.,.,TRP,CD2,1791,1810,0.680448,0,4.24815,-0.65426,2,0
A,234,.,.,.,LYS,CB,A,236,.,.,.,TRP,NE1,1791,1811,1.05596,0,4.12763,-0.451107,2,0
A,234,.,.,.,LYS,CB,A,236,.,.,.,TRP,CE2,1791,1812,2.27329,0,3.7723,-2.04006,2,0
A,234,.,.,.,LYS,CB,A,236,.,.,.,TRP,CZ2,1791,1814,1.20793,0,3.73773,-0.926187,2,0
A,234,.,.,.,LYS,CB,A,236,.,.,.,TRP,CH2,1791,1816,0.00121874,0,4.13586,-0.000997461,2,0
A,234,.,.,.,LYS,CB,A,237,.,.,.,LEU,N,1791,1817,0.202092,0,4.65322,0.32521,3,0
A,234,.,.,.,LYS,CB,A,237,.,.,.,LEU,CB,1791,1821,1.43429,0,4.41249,0.770459,3,0
A,234,.,.,.,LYS,CB,A,237,.,.,.,LEU,CG,1791,1822,3.45762,0,4.20911,0.948617,3,0
A,234,.,.,.,LYS,CB,A,237,.,.,.,LEU,CD1,1791,1823,2.42869,0,4.19399,-1.5092,3,0
A,234,.,.,.,LYS,CB,A,238,.,.,.,HIS,CD2,1791,1832,4.68214,0.71725,4.70217,-0.583512,4,0
A,234,.,.,.,LYS,CB,A,238,.,.,.,HIS,NE2,1791,1834,0.183712,0.240918,5.32233,-0.0422502,4,0
A,234,.,.,.,LYS,CG,A,234,.,.,.,LYS,CD,1792,1793,10.9278,1.03625,1.51913,0,0,1
A,234,.,.,.,LYS,CG,A,234,.,.,.,LYS,CE,1792,1794,4.0236,0,2.49815,0,0,0
A,234,.,.,.,LYS,CG,A,236,.,.,.,TRP,CZ2,1792,1814,4.11733,0,3.59206,-2.95148,2,0
A,234,.,.,.,LYS,CG,A,236,.,.,.,TRP,CH2,1792,1816,1.39481,0,4.03285,-1.04773,2,0
A,234,.,.,.,LYS,CD,A,234,.,.,.,LYS,CE,1793,1794,12.1277,1.1533,1.51344,0,0,1
A,234,.,.,.,LYS,CD,A,234,.,.,.,LYS,NZ,1793,1795,5.56968,1.8159,2.49032,0,0,0
A,234,.,.,.,LYS,CD,A,236,.,.,.,TRP,NE1,1793,1811,1.3233,0,4.39648,-0.555618,2,0
A,234,.,.,.,LYS,CD,A,236,.,.,.,TRP,CE2,1793,1812,0.0400114,0,4.41085,-0.0516139,2,0
A,234,.,.,.,LYS,CD,A,236,.,.,.,TRP,CZ2,1793,1814,2.03876,0,4.04974,-1.63323,2,0
A,234,.,.,.,LYS,CD,A,237,.,.,.,LEU,CG,1793,1822,0.0233592,0,4.5851,-0.00274061,3,0
A,234,.,.,.,LYS,CD,A,237,.,.,.,LEU,CD1,1793,1823,11.1915,2.83514,3.78835,-3.40171,3,0
A,234,.,.,.,LYS,CD,A,238,.,.,.,HIS,NE2,1793,1834,0.149497,0.661458,6.09377,-0.0624458,4,0
A,234,.,.,.,LYS,CE,A,234,.,.,.,LYS,NZ,1794,1795,16.7559,4.75948,1.49287,0,0,1
A,234,.,.,.,LYS,CE,A,236,.,.,.,TRP,CZ2,1794,1814,0.789943,0,4.59503,-0.622103,2,0
A,234,.,.,.,LYS,NZ,A,237,.,.,.,LEU,CD1,1795,1823,2.54119,2.6137,4.87842,2.43961,3,0
A,235,.,.,.,PRO,N,A,235,.,.,.,PRO,CA,1796,1797,5.67547,0,1.47312,0,0,1
A,235,.,.,.,PRO,N,A,235,.,.,.,PRO,CG,1796,1801,0.185543,0,2.33418,0,0,0
A,235,.,.,.,PRO,N,A,235,.,.,.,PRO,CD,1796,1802,6.79286,0,1.47477,0,0,1
A,235,.,.,.,PRO,N,A,236,.,.,.,TRP,N,1796,1803,1.34664,0,2.81936,0,1,0
A,235,.,.,.,PRO,N,A,236,.,.,.,TRP,CE3,1796,1813,0.461403,0,3.8879,0,1,0
A,235,.,.,.,PRO,N,A,241,.,.,.,GLN,OE1,1796,1858,1.12483,0,3.45653,0.993803,5,0
A,235,.,.,.,PRO,CA,A,235,.,.,.,PRO,C,1797,1798,6.92364,0,1.51403,0,0,1
A,235,.,.,.,PRO,CA,A,235,.,.,.,PRO,O,1797,1799,1.47972,0,2.36438,0,0,0
A,235,.,.,.,PRO,CA,A,235,.,.,.,PRO,CB,1797,1800,8.77592,0,1.53698,0,0,1
A,235,.,.,.,PRO,CA,A,235,.,.,.,PRO,CG,1797,1801,0.751523,0,2.4165,0,0,0
A,235,.,.,.,PRO,CA,A,235,.,.,.,PRO,CD,1797,1802,0.645081,0,2.4412,0,0,0
A,235,.,.,.,PRO,CA,A,236,.,.,.,TRP,N,1797,1803,0.691946,0,2.46669,0,1,0
A,235,.,.,.,PRO,CA,A,238,.,.,.,HIS,N,1797,1825,0.645347,0,4.07763,0.649135,3,0
A,235,.,.,.,PRO,CA,A,238,.,.,.,HIS,CA,1797,1826,0.0553944,0,4.56787,0.00945992,3,0
A,235,.,.,.,PRO,CA,A,238,.,.,.,HIS,C,1797,1827,0.13357,0,4.04833,0.00679087,3,0
A,235,.,.,.,PRO,CA,A,238,.,.,.,HIS,O,1797,1828,4.97255,0,3.34886,-2.15975,3,0
A,235,.,.,.,PRO,CA,A,238,.,.,.,HIS,CB,1797,1829,0.245033,0,4.90107,-0.0147982,3,0
A,235,.,.,.,PRO,CA,A,241,.,.,.,GLN,CB,1797,1855,2.37492,0,4.13623,0.772865,5,0
A,235,.,.,.,PRO,CA,A,241,.,.,.,GLN,OE1,1797,1858,1.82202,0,3.83264,-0.277253,5,0
A,235,.,.,.,PRO,C,A,235,.,.,.,PRO,O,1798,1799,8.70772,0.896152,1.23598,0,0,1
A,235,.,.,.,PRO,C,A,235,.,.,.,PRO,CB,1798,1800,4.52642,1.41518,2.51515,0,0,0
A,235,.,.,.,PRO,C,A,235,.,.,.,PRO,CG,1798,1801,0.00424611,0,3.32617,0,0,0
A,235,.,.,.,PRO,C,A,236,.,.,.,TRP,N,1798,1803,7.72441,0.444303,1.34059,0,1,1
A,235,.,.,.,PRO,C,A,236,.,.,.,TRP,CA,1798,1804,2.21969,0.919397,2.42391,0,1,0
A,235,.,.,.,PRO,C,A,236,.,.,.,TRP,C,1798,1805,0.231138,0,3.06977,0,1,0
A,235,.,.,.,PRO,C,A,237,.,.,.,LEU,N,1798,1817,1.14,0,3.16538,2.46384,2,0
A,235,.,.,.,PRO,C,A,238,.,.,.,HIS,N,1798,1825,1.22765,0,3.63692,3.27703,3,0
A,235,.,.,.,PRO,C,A,238,.,.,.,HIS,C,1798,1827,0.0355341,0,3.9549,0.0775276,3,0
A,235,.,.,.,PRO,O,A,235,.,.,.,PRO,CB,1799,1800,3.0294,0.958291,3.13499,0,0,0
A,235,.,.,.,PRO,O,A,236,.,.,.,TRP,CA,1799,1804,5.82414,2.45342,2.73556,0,1,0
A,235,.,.,.,PRO,O,A,236,.,.,.,TRP,C,1799,1805,2.7643,0,3.09179,0,1,0
A,235,.,.,.,PRO,O,A,236,.,.,.,TRP,O,1799,1806,0.532175,0.937855,3.78876,0,1,0
A,235,.,.,.,PRO,O,A,237,.,.,.,LEU,N,1799,1817,0.0761902,0,3.39065,0.072788,2,0
A,235,.,.,.,PRO,O,A,238,.,.,.,HIS,N,1799,1825,1.9166,0,3.38679,-0.0688734,3,0
A,235,.,.,.,PRO,O,A,238,.,.,.,HIS,C,1799,1827,1.92477,0,3.27342,4.77207,3,0
A,235,.,.,.,PRO,O,A,238,.,.,.,HIS,O,1799,1828,0.887608,0,3.20337,1.08838,3,0
A,235,.,.,.,PRO,O,A,239,.,.,.,PRO,N,1799,1835,0.910042,0,3.48994,0.0581813,4,0
A,235,.,.,.,PRO,O,A,239,.,.,.,PRO,CA,1799,1836,7.55565,1.22821,3.52539,-1.75826,4,0
A,235,.,.,.,PRO,O,A,239,.,.,.,PRO,CB,1799,1839,2.02953,2.94503,4.37774,-0.445967,4,0
A,235,.,.,.,PRO,O,A,239,.,.,.,PRO,CD,1799,1841,1.09669,0,4.35841,0.504818,4,0
A,235,.,.,.,PRO,O,A,242,.,.,.,SER,CB,1799,1864,0.84984,1.1049,5.47116,0.0229321,5,0
A,235,.,.,.,PRO,CB,A,235,.,.,.,PRO,CG,1800,1801,15.2273,3.39269,1.50483,0,0,1
A,235,.,.,.,PRO,CB,A,235,.,.,.,PRO,CD,1800,1802,1.61553,0,2.37952,0,0,0
A,235,.,.,.,PRO,CB,A,236,.,.,.,TRP,N,1800,1803,0.4608,0.480225,3.35203,0,1,0
A,235,.,.,.,PRO,CB,A,238,.,.,.,HIS,O,1800,1828,0.670046,0,4.0858,-0.110951,3,0
A,235,.,.,.,PRO,CB,A,239,.,.,.,PRO,CA,1800,1836,0.467798,0,5.35009,-0.00359412,4,0
A,235,.,.,.,PRO,CB,A,241,.,.,.,GLN,CA,1800,1852,0.0063472,0,4.64546,0.00257382,5,0
A,235,.,.,.,PRO,CB,A,241,.,.,.,GLN,C,1800,1853,1.93204,0,4.0712,1.46075,5,0
A,235,.,.,.,PRO,CB,A,241,.,.,.,GLN,O,1800,1854,0.957607,0,4.24451,0.0889597,5,0
A,235,.,.,.,PRO,CB,A,241,.,.,.,GLN,CB,1800,1855,3.0279,0,4.13241,-1.11671,5,0
A,235,.,.,.,PRO,CB,A,242,.,.,.,SER,N,1800,1860,2.31025,0,4.03189,2.11777,5,0
A,235,.,.,.,PRO,CB,A,242,.,.,.,SER,CA,1800,1861,5.00002,0,4.09636,0.337254,5,0
A,235,.,.,.,PRO,CB,A,242,.,.,.,SER,CB,1800,1864,6.01641,3.46899,4.55645,-0.416231,5,0
A,235,.,.,.,PRO,CB,A,243,.,.,.,PRO,CD,1800,1872,1.42235,0.27872,5.03687,-0.083878,5,0
A,235,.,.,.,PRO,CG,A,235,.,.,.,PRO,CD,1801,1802,12.1914,0.901692,1.51348,0,0,1
A,235,.,.,.,PRO,CG,A,236,.,.,.,TRP,N,1801,1803,2.73506,1.05,3.64629,0,1,0
A,235,.,.,.,PRO,CG,A,236,.,.,.,TRP,CE3,1801,1813,5.55181,2.84251,4.02483,0,1,0
A,235,.,.,.,PRO,CG,A,236,.,.,.,TRP,CZ3,1801,1815,2.71593,2.48488,4.26733,0,1,0
A,235,.,.,.,PRO,CG,A,243,.,.,.,PRO,CD,1801,1872,5.38194,3.53181,5.10339,-1.69777,5,0
A,235,.,.,.,PRO,CD,A,236,.,.,.,TRP,N,1802,1803,0.0200553,0,3.76039,0,1,0
A,235,.,.,.,PRO,CD,A,236,.,.,.,TRP,CE3,1802,1813,1.68328,0,3.81104,0,1,0
A,235,.,.,.,PRO,CD,A,236,.,.,.,TRP,CZ3,1802,1815,6.37426,1.89643,3.79375,0,1,0
A,235,.,.,.,PRO,CD,A,241,.,.,.,GLN,CB,1802,1855,0.285698,0,4.8458,0.13587,5,0
A,235,.,.,.,PRO,CD,A,241,.,.,.,GLN,OE1,1802,1858,0.968503,0,3.99651,-0.0436986,5,0
A,236,.,.,.,TRP,N,A,236,.,.,.,TRP,CA,1803,1804,8.50041,1.4092,1.46331,0,0,1
A,236,.,.,.,TRP,N,A,236,.,.,.,TRP,C,1803,1805,0.00445449,0,2.47182,0,0,0
A,236,.,.,.,TRP,N,A,236,.,.,.,TRP,CB,1803,1807,1.84531,0.468579,2.46307,0,0,0
A,236,.,.,.,TRP,N,A,236,.,.,.,TRP,CG,1803,1808,0.875605,0,2.92427,0,0,0
A,236,.,.,.,TRP,N,A,236,.,.,.,TRP,CD2,1803,1810,1.47887,0,3.24384,0,0,0
A,236,.,.,.,TRP,N,A,236,.,.,.,TRP,CE3,1803,1813,3.8664,0.350095,3.3252,0,0,0
A,236,.,.,.,TRP,N,A,237,.,.,.,LEU,N,1803,1817,1.91243,0,2.73773,0,1,0
A,236,.,.,.,TRP,CA,A,236,.,.,.,TRP,C,1804,1805,7.29835,0,1.52233,0,0,1
A,236,.,.,.,TRP,CA,A,236,.,.,.,TRP,O,1804,1806,3.15421,0.44095,2.39314,0,0,0
A,236,.,.,.,TRP,CA,A,236,.,.,.,TRP,CB,1804,1807,12.9049,1.6724,1.52987,0,0,1
A,236,.,.,.,TRP,CA,A,236,.,.,.,TRP,CG,1804,1808,0.647931,0,2.55647,0,0,0
A,236,.,.,.,TRP,CA,A,237,.,.,.,LEU,N,1804,1817,0.763739,0,2.44477,0,1,0
A,236,.,.,.,TRP,C,A,236,.,.,.,TRP,O,1805,1806,10.1076,0,1.23742,0,0,1
A,236,.,.,.,TRP,C,A,236,.,.,.,TRP,CB,1805,1807,2.19677,0,2.50396,0,0,0
A,236,.,.,.,TRP,C,A,236,.,.,.,TRP,CG,1805,1808,0.098226,0,3.16443,0,0,0
A,236,.,.,.,TRP,C,A,236,.,.,.,TRP,CD1,1805,1809,1.37781,0,3.55972,0,0,0
A,236,.,.,.,TRP,C,A,237,.,.,.,LEU,N,1805,1817,6.8592,0,1.33478,0,1,1
A,236,.,.,.,TRP,C,A,237,.,.,.,LEU,CA,1805,1818,1.53813,0,2.44971,0,1,0
A,236,.,.,.,TRP,C,A,237,.,.,.,LEU,C,1805,1819,0.786998,0,3.31931,0,1,0
A,236,.,.,.,TRP,C,A,237,.,.,.,LEU,CD2,1805,1824,0.940373,0,4.04234,0,1,0
A,236,.,.,.,TRP,C,A,238,.,.,.,HIS,N,1805,1825,0.36321,0,3.60452,0.803645,2,0
A,236,.,.,.,TRP,C,A,239,.,.,.,PRO,CD,1805,1841,0.239736,0,5.43137,-0.0199353,3,0
A,236,.,.,.,TRP,O,A,236,.,.,.,TRP,CB,1806,1807,2.41945,0,3.13119,0,0,0
A,236,.,.,.,TRP,O,A,236,.,.,.,TRP,CD1,1806,1809,0.0209926,0,4.2092,0,0,0
A,236,.,.,.,TRP,O,A,237,.,.,.,LEU,CA,1806,1818,6.18112,2.16516,2.79349,0,1,0
A,236,.,.,.,TRP,O,A,237,.,.,.,LEU,C,1806,1819,1.33772,0.0362764,3.57337,0,1,0
A,236,.,.,.,TRP,O,A,237,.,.,.,LEU,O,1806,1820,0.177809,1.01867,4.19574,0,1,0
A,236,.,.,.,TRP,O,A,237,.,.,.,LEU,CD2,1806,1824,2.75899,1.10519,4.12204,0,1,0
A,236,.,.,.,TRP,O,A,239,.,.,.,PRO,CB,1806,1839,0.000202298,0.0295507,6.08275,-3.57297e-05,3,0
A,236,.,.,.,TRP,O,A,239,.,.,.,PRO,CD,1806,1841,2.55671,2.94927,5.28945,1.59281,3,0
A,236,.,.,.,TRP,CB,A,236,.,.,.,TRP,CG,1807,1808,6.65391,0,1.50504,0,0,1
A,236,.,.,.,TRP,CB,A,236,.,.,.,TRP,CD1,1807,1809,2.93799,0,2.57554,0,0,0
A,236,.,.,.,TRP,CB,A,236,.,.,.,TRP,CD2,1807,1810,1.00032,0,2.63001,0,0,0
A,236,.,.,.,TRP,CB,A,236,.,.,.,TRP,CE3,1807,1813,4.47031,1.98113,3.31497,0,0,0
A,236,.,.,.,TRP,CG,A,236,.,.,.,TRP,CD1,1808,1809,6.7773,0,1.37323,0,0,1
A,236,.,.,.,TRP,CG,A,236,.,.,.,TRP,CD2,1808,1810,6.59334,0,1.43483,0,0,1
A,236,.,.,.,TRP,CG,A,237,.,.,.,LEU,N,1808,1817,0.914746,0,3.45765,0,1,0
A,236,.,.,.,TRP,CD1,A,236,.,.,.,TRP,CD2,1809,1810,1.01334,0,2.24548,0,0,0
A,236,.,.,.,TRP,CD1,A,236,.,.,.,TRP,NE1,1809,1811,9.68506,0,1.37563,0,0,1
A,236,.,.,.,TRP,CD1,A,236,.,.,.,TRP,CE2,1809,1812,0.632886,0,2.23523,0,0,0
A,236,.,.,.,TRP,CD1,A,237,.,.,.,LEU,N,1809,1817,1.55032,0,3.58704,0,1,0
A,236,.,.,.,TRP,CD1,A,237,.,.,.,LEU,CG,1809,1822,3.66883,0,3.56299,0,1,0
A,236,.,.,.,TRP,CD1,A,237,.,.,.,LEU,CD2,1809,1824,4.87793,0,3.61405,0,1,0
A,236,.,.,.,TRP,CD2,A,236,.,.,.,TRP,CE2,1810,1812,7.50146,0,1.41316,0,0,1
A,236,.,.,.,TRP,CD2,A,236,.,.,.,TRP,CE3,1810,1813,9.39633,0,1.39847,0,0,1
A,236,.,.,.,TRP,CD2,A,236,.,.,.,TRP,CZ2,1810,1814,0.393584,0,2.45801,0,0,0
A,236,.,.,.,TRP,CD2,A,236,.,.,.,TRP,CZ3,1810,1815,0.190095,0,2.39523,0,0,0
A,236,.,.,.,TRP,CD2,A,236,.,.,.,TRP,CH2,1810,1816,0.121607,0,2.77989,0,0,0
A,236,.,.,.,TRP,CD2,A,237,.,.,.,LEU,N,1810,1817,0.00756049,0,4.3304,0,1,0
A,236,.,.,.,TRP,NE1,A,236,.,.,.,TRP,CE2,1811,1812,7.83848,0,1.37233,0,0,1
A,236,.,.,.,TRP,NE1,A,236,.,.,.,TRP,CZ2,1811,1814,1.37608,0,2.50543,0,0,0
A,236,.,.,.,TRP,NE1,A,237,.,.,.,LEU,CG,1811,1822,2.46076,0,3.7895,0,1,0
A,236,.,.,.,TRP,NE1,A,237,.,.,.,LEU,CD1,1811,1823,0.269943,0,4.3114,0,1,0
A,236,.,.,.,TRP,NE1,A,237,.,.,.,LEU,CD2,1811,1824,0.00439672,0,4.14169,0,1,0
A,236,.,.,.,TRP,CE2,A,236,.,.,.,TRP,CZ2,1812,1814,9.69842,0,1.39215,0,0,1
A,236,.,.,.,TRP,CE3,A,236,.,.,.,TRP,CZ3,1813,1815,13.5433,1.33887,1.38674,0,0,1
A,236,.,.,.,TRP,CZ2,A,236,.,.,.,TRP,CH2,1814,1816,11.7516,0,1.36845,0,0,1
A,236,.,.,.,TRP,CZ3,A,236,.,.,.,TRP,CH2,1815,1816,13.9249,1.16713,1.40109,0,0,1
A,237,.,.,.,LEU,N,A,237,.,.,.,LEU,CA,1817,1818,6.19382,0,1.45972,0,0,1
A,237,.,.,.,LEU,N,A,237,.,.,.,LEU,C,1817,1819,0.150549,0,2.4778,0,0,0
A,237,.,.,.,LEU,N,A,237,.,.,.,LEU,CB,1817,1821,1.02851,0,2.45767,0,0,0
A,237,.,.,.,LEU,N,A,237,.,.,.,LEU,CG,1817,1822,2.66204,0,2.99829,0,0,0
A,237,.,.,.,LEU,N,A,237,.,.,.,LEU,CD2,1817,1824,0.367096,0,3.47679,0,0,0
A,237,.,.,.,LEU,N,A,238,.,.,.,HIS,N,1817,1825,2.02579,0,2.78225,0,1,0
A,237,.,.,.,LEU,CA,A,237,.,.,.,LEU,C,1818,1819,8.09362,0,1.52249,0,0,1
A,237,.,.,.,LEU,CA,A,237,.,.,.,LEU,O,1818,1820,5.35951,3.54731,2.3874,0,0,0
A,237,.,.,.,LEU,CA,A,237,.,.,.,LEU,CB,1818,1821,8.68147,0.420433,1.53565,0,0,1
A,237,.,.,.,LEU,CA,A,237,.,.,.,LEU,CG,1818,1822,0.6062,0,2.60338,0,0,0
A,237,.,.,.,LEU,CA,A,237,.,.,.,LEU,CD2,1818,1824,6.37926,2.7285,3.0117,0,0,0
A,237,.,.,.,LEU,CA,A,238,.,.,.,HIS,N,1818,1825,0.89781,0,2.4522,0,1,0
A,237,.,.,.,LEU,C,A,237,.,.,.,LEU,O,1819,1820,9.12505,0.0289599,1.23394,0,0,1
A,237,.,.,.,LEU,C,A,237,.,.,.,LEU,CB,1819,1821,2.76709,0,2.48892,0,0,0
A,237,.,.,.,LEU,C,A,238,.,.,.,HIS,N,1819,1825,7.26357,0,1.33564,0,1,1
A,237,.,.,.,LEU,C,A,238,.,.,.,HIS,CA,1819,1826,1.11996,0,2.46155,0,1,0
A,237,.,.,.,LEU,C,A,238,.,.,.,HIS,CG,1819,1830,1.41873,0,3.40624,0,1,0
A,237,.,.,.,LEU,C,A,238,.,.,.,HIS,ND1,1819,1831,0.233998,0,3.72441,0,1,0
A,237,.,.,.,LEU,C,A,238,.,.,.,HIS,CD2,1819,1832,0.0389429,0,3.86666,0,1,0
A,237,.,.,.,LEU,C,A,238,.,.,.,HIS,CE1,1819,1833,0.166687,0,4.31068,0,1,0
A,237,.,.,.,LEU,C,A,239,.,.,.,PRO,CD,1819,1841,2.63922,0.0166968,3.83354,0.553948,2,0
A,237,.,.,.,LEU,O,A,237,.,.,.,LEU,CB,1820,1821,2.94248,2.12399,3.16014,0,0,0
A,237,.,.,.,LEU,O,A,238,.,.,.,HIS,CA,1820,1826,3.4508,0.451542,2.8005,0,1,0
A,237,.,.,.,LEU,O,A,238,.,.,.,HIS,CG,1820,1830,0.0103241,0,3.64068,0,1,0
A,237,.,.,.,LEU,O,A,238,.,.,.,HIS,ND1,1820,1831,4.88326,2.57015,3.51119,0,1,0
A,237,.,.,.,LEU,O,A,238,.,.,.,HIS,CE1,1820,1833,2.13096,1.92161,4.13251,0,1,0
A,237,.,.,.,LEU,O,A,239,.,.,.,PRO,CD,1820,1841,7.89438,5.67893,3.61404,-0.638752,2,0
A,237,.,.,.,LEU,CB,A,237,.,.,.,LEU,CG,1821,1822,8.62005,0,1.52607,0,0,1
A,237,.,.,.,LEU,CB,A,237,.,.,.,LEU,CD1,1821,1823,6.99675,2.09593,2.52571,0,0,0
A,237,.,.,.,LEU,CB,A,237,.,.,.,LEU,CD2,1821,1824,4.19797,2.39239,2.49241,0,0,0
A,237,.,.,.,LEU,CB,A,238,.,.,.,HIS,N,1821,1825,0.508425,0,3.27697,0,1,0
A,237,.,.,.,LEU,CB,A,238,.,.,.,HIS,CG,1821,1830,0.0859701,0,4.26345,0,1,0
A,237,.,.,.,LEU,CB,A,238,.,.,.,HIS,CD2,1821,1832,3.98653,0,3.88882,0,1,0
A,237,.,.,.,LEU,CB,A,238,.,.,.,HIS,CE1,1821,1833,3.90206,2.27776,4.4063,0,1,0
A,237,.,.,.,LEU,CB,A,238,.,.,.,HIS,NE2,1821,1834,2.81408,0,4.00137,0,1,0
A,237,.,.,.,LEU,CG,A,237,.,.,.,LEU,CD1,1822,1823,10.8792,0,1.53041,0,0,1
A,237,.,.,.,LEU,CG,A,237,.,.,.,LEU,CD2,1822,1824,9.35581,0,1.52747,0,0,1
A,237,.,.,.,LEU,CD1,A,237,.,.,.,LEU,CD2,1823,1824,8.95662,5.32286,2.52244,0,0,0
A,237,.,.,.,LEU,CD1,A,238,.,.,.,HIS,CD2,1823,1832,0.172799,0,5.12122,0,1,0
A,237,.,.,.,LEU,CD1,A,238,.,.,.,HIS,CE1,1823,1833,0.0651672,0.431632,5.5343,0,1,0
A,237,.,.,.,LEU,CD1,A,238,.,.,.,HIS,NE2,1823,1834,4.97139,3.92444,4.82149,0,1,0
A,238,.,.,.,HIS,N,A,238,.,.,.,HIS,CA,1825,1826,6.63135,0,1.4639,0,0,1
A,238,.,.,.,HIS,N,A,238,.,.,.,HIS,C,1825,1827,1.72628,0,2.41152,0,0,0
A,238,.,.,.,HIS,N,A,238,.,.,.,HIS,O,1825,1828,0.00762606,0,3.1189,0,0,0
A,238,.,.,.,HIS,N,A,238,.,.,.,HIS,CB,1825,1829,1.35664,0,2.46469,0,0,0
A,238,.,.,.,HIS,N,A,238,.,.,.,HIS,CG,1825,1830,1.23897,0,2.8845,0,0,0
A,238,.,.,.,HIS,N,A,238,.,.,.,HIS,CD2,1825,1832,0.705371,0,3.47302,0,0,0
A,238,.,.,.,HIS,N,A,239,.,.,.,PRO,N,1825,1835,0.170834,0,3.18397,0,1,0
A,238,.,.,.,HIS,N,A,239,.,.,.,PRO,CD,1825,1841,0.945325,0,3.52453,0,1,0
A,238,.,.,.,HIS,CA,A,238,.,.,.,HIS,C,1826,1827,6.88721,0,1.51907,0,0,1
A,238,.,.,.,HIS,CA,A,238,.,.,.,HIS,O,1826,1828,0.441055,0,2.40123,0,0,0
A,238,.,.,.,HIS,CA,A,238,.,.,.,HIS,CB,1826,1829,9.56147,0,1.52567,0,0,1
A,238,.,.,.,HIS,CA,A,238,.,.,.,HIS,CG,1826,1830,0.958232,0,2.52254,0,0,0
A,238,.,.,.,HIS,CA,A,238,.,.,.,HIS,ND1,1826,1831,2.47585,1.26975,3.21674,0,0,0
A,238,.,.,.,HIS,CA,A,239,.,.,.,PRO,N,1826,1835,0.0889869,0,2.44241,0,1,0
A,238,.,.,.,HIS,CA,A,239,.,.,.,PRO,CD,1826,1841,6.23966,0.939471,2.93566,0,1,0
A,238,.,.,.,HIS,CA,A,240,.,.,.,GLU,CD,1826,1848,0.263472,0,4.08284,-0.121975,2,0
A,238,.,.,.,HIS,CA,A,240,.,.,.,GLU,OE1,1826,1849,2.31987,0.749437,3.8209,0.860623,2,0
A,238,.,.,.,HIS,CA,A,240,.,.,.,GLU,OE2,1826,1850,0.174507,0.0378862,3.88505,0.0669687,2,0
A,238,.,.,.,HIS,C,A,238,.,.,.,HIS,O,1827,1828,7.02029,0,1.23859,0,0,1
A,238,.,.,.,HIS,C,A,238,.,.,.,HIS,CB,1827,1829,1.26424,0,2.52007,0,0,0
A,238,.,.,.,HIS,C,A,239,.,.,.,PRO,N,1827,1835,6.64016,0,1.33034,0,1,1
A,238,.,.,.,HIS,C,A,239,.,.,.,PRO,CA,1827,1836,1.2125,0,2.42281,0,1,0
A,238,.,.,.,HIS,C,A,239,.,.,.,PRO,C,1827,1837,0.0306179,0,3.08959,0,1,0
A,238,.,.,.,HIS,C,A,239,.,.,.,PRO,CD,1827,1841,0.0200215,0,2.51217,0,1,0
A,238,.,.,.,HIS,C,A,240,.,.,.,GLU,N,1827,1842,1.42245,0,3.13346,2.83079,2,0
A,238,.,.,.,HIS,C,A,240,.,.,.,GLU,CD,1827,1848,0.963573,0,3.91082,1.50609,2,0
A,238,.,.,.,HIS,C,A,240,.,.,.,GLU,OE1,1827,1849,0.705678,0,3.5333,1.47744,2,0
A,238,.,.,.,HIS,O,A,238,.,.,.,HIS,CB,1828,1829,3.18846,0,2.83532,0,0,0
A,238,.,.,.,HIS,O,A,239,.,.,.,PRO,CA,1828,1836,2.5386,0,2.71679,0,1,0
A,238,.,.,.,HIS,O,A,239,.,.,.,PRO,C,1828,1837,1.08619,0,2.97011,0,1,0
A,238,.,.,.,HIS,O,A,240,.,.,.,GLU,N,1828,1842,0.737451,0,3.08117,-0.432928,2,0
A,238,.,.,.,HIS,O,A,240,.,.,.,GLU,CD,1828,1848,0.171551,0,4.15198,0.0736143,2,0
A,238,.,.,.,HIS,O,A,241,.,.,.,GLN,N,1828,1851,4.17726,0,2.91456,-2.61141,3,0
A,238,.,.,.,HIS,O,A,241,.,.,.,GLN,CA,1828,1852,0.127214,0,3.64523,0.120681,3,0
A,238,.,.,.,HIS,O,A,241,.,.,.,GLN,CB,1828,1855,3.32167,0,3.37665,0.687496,3,0
A,238,.,.,.,HIS,O,A,241,.,.,.,GLN,CG,1828,1856,0.885098,0,3.67247,0.194032,3,0
A,238,.,.,.,HIS,O,A,241,.,.,.,GLN,CD,1828,1857,0.135143,0,4.12052,-0.0156337,3,0
A,238,.,.,.,HIS,O,A,241,.,.,.,GLN,OE1,1828,1858,0.124576,0,4.11118,0.0316455,3,0
A,238,.,.,.,HIS,O,A,242,.,.,.,SER,N,1828,1860,0.543736,0,4.27696,0.297069,4,0
A,238,.,.,.,HIS,CB,A,238,.,.,.,HIS,CG,1829,1830,10.5326,0,1.49457,0,0,1
A,238,.,.,.,HIS,CB,A,238,.,.,.,HIS,ND1,1829,1831,2.14102,0,2.51859,0,0,0
A,238,.,.,.,HIS,CB,A,238,.,.,.,HIS,CD2,1829,1832,1.58361,0,2.59596,0,0,0
A,238,.,.,.,HIS,CB,A,240,.,.,.,GLU,CD,1829,1848,2.05279,0,3.75806,-1.80637,2,0
A,238,.,.,.,HIS,CB,A,240,.,.,.,GLU,OE2,1829,1850,8.13711,0,3.17691,-0.858229,2,0
A,238,.,.,.,HIS,CB,A,241,.,.,.,GLN,N,1829,1851,0.0040622,0,4.85404,0.00410376,3,0
A,238,.,.,.,HIS,CB,A,241,.,.,.,GLN,CG,1829,1856,2.96555,0,3.98467,-0.283069,3,0
A,238,.,.,.,HIS,CB,A,241,.,.,.,GLN,CD,1829,1857,4.04843,0,3.70922,-1.75827,3,0
A,238,.,.,.,HIS,CB,A,241,.,.,.,GLN,OE1,1829,1858,1.03382,0,3.96876,-0.199993,3,0
A,238,.,.,.,HIS,CB,A,241,.,.,.,GLN,NE2,1829,1859,2.46708,0,3.89621,-0.00217499,3,0
A,238,.,.,.,HIS,CG,A,238,.,.,.,HIS,ND1,1830,1831,8.75257,1.06719,1.37742,0,0,1
A,238,.,.,.,HIS,CG,A,238,.,.,.,HIS,CD2,1830,1832,9.96173,0.593294,1.35471,0,0,1
A,238,.,.,.,HIS,CG,A,238,.,.,.,HIS,CE1,1830,1833,2.16855,0.789149,2.20133,0,0,0
A,238,.,.,.,HIS,CG,A,240,.,.,.,GLU,OE2,1830,1850,0.942198,1.14706,3.93008,-0.365369,2,0
A,238,.,.,.,HIS,CG,A,241,.,.,.,GLN,NE2,1830,1859,2.14686,1.57816,4.0574,-1.65148,3,0
A,238,.,.,.,HIS,ND1,A,238,.,.,.,HIS,CE1,1831,1833,15.7977,7.31673,1.32146,0,0,1
A,238,.,.,.,HIS,ND1,A,240,.,.,.,GLU,OE2,1831,1850,4.98352,5.00467,4.03275,-2.49892,2,0
A,238,.,.,.,HIS,CD2,A,238,.,.,.,HIS,CE1,1832,1833,1.2639,0.356167,2.19314,0,0,0
A,238,.,.,.,HIS,CD2,A,238,.,.,.,HIS,NE2,1832,1834,14.4514,3.68225,1.37335,0,0,1
A,238,.,.,.,HIS,CD2,A,241,.,.,.,GLN,CD,1832,1857,0.662531,0,4.23918,-0.289794,3,0
A,238,.,.,.,HIS,CD2,A,241,.,.,.,GLN,OE1,1832,1858,1.30576,0,4.20914,-0.627238,3,0
A,238,.,.,.,HIS,CD2,A,241,.,.,.,GLN,NE2,1832,1859,5.48796,2.02391,3.91237,-0.755242,3,0
A,238,.,.,.,HIS,CE1,A,238,.,.,.,HIS,NE2,1833,1834,16.2413,7.59427,1.3215,0,0,1
A,239,.,.,.,PRO,N,A,239,.,.,.,PRO,CA,1835,1836,5.75081,0,1.47166,0,0,1
A,239,.,.,.,PRO,N,A,239,.,.,.,PRO,CG,1835,1840,0.0449088,0,2.32467,0,0,0
A,239,.,.,.,PRO,N,A,239,.,.,.,PRO,CD,1835,1841,7.31815,0,1.47351,0,0,1
A,239,.,.,.,PRO,N,A,240,.,.,.,GLU,N,1835,1842,1.42047,0,2.78112,0,1,0
A,239,.,.,.,PRO,N,A,240,.,.,.,GLU,OE1,1835,1849,0.561788,0,3.43138,0,1,0
A,239,.,.,.,PRO,CA,A,239,.,.,.,PRO,C,1836,1837,7.45175,0,1.51536,0,0,1
A,239,.,.,.,PRO,CA,A,239,.,.,.,PRO,O,1836,1838,2.82351,0,2.37419,0,0,0
A,239,.,.,.,PRO,CA,A,239,.,.,.,PRO,CB,1836,1839,12.4011,1.57885,1.53604,0,0,1
A,239,.,.,.,PRO,CA,A,239,.,.,.,PRO,CG,1836,1840,0.741698,0,2.41541,0,0,0
A,239,.,.,.,PRO,CA,A,239,.,.,.,PRO,CD,1836,1841,0.641062,0,2.45387,0,0,0
A,239,.,.,.,PRO,CA,A,240,.,.,.,GLU,N,1836,1842,0.712026,0,2.45731,0,1,0
A,239,.,.,.,PRO,CA,A,242,.,.,.,SER,N,1836,1860,0.470084,0,4.69844,0.370868,3,0
A,239,.,.,.,PRO,CA,A,242,.,.,.,SER,CB,1836,1864,3.45157,1.30532,4.9702,0.476378,3,0
A,239,.,.,.,PRO,C,A,239,.,.,.,PRO,O,1837,1838,9.21703,1.07819,1.2375,0,0,1
A,239,.,.,.,PRO,C,A,239,.,.,.,PRO,CB,1837,1839,4.73953,1.61949,2.52761,0,0,0
A,239,.,.,.,PRO,C,A,239,.,.,.,PRO,CG,1837,1840,0.00828974,0,3.35678,0,0,0
A,239,.,.,.,PRO,C,A,240,.,.,.,GLU,N,1837,1842,7.93888,0.656122,1.33674,0,1,1
A,239,.,.,.,PRO,C,A,240,.,.,.,GLU,CA,1837,1843,2.21225,0.930713,2.42412,0,1,0
A,239,.,.,.,PRO,C,A,240,.,.,.,GLU,C,1837,1844,0.0365697,0,3.09158,0,1,0
A,239,.,.,.,PRO,C,A,241,.,.,.,GLN,N,1837,1851,1.91779,0,3.04588,4.98635,2,0
A,239,.,.,.,PRO,C,A,242,.,.,.,SER,N,1837,1860,0.509175,0,3.89533,0.870639,3,0
A,239,.,.,.,PRO,O,A,239,.,.,.,PRO,CB,1838,1839,4.09596,1.98364,3.15158,0,0,0
A,239,.,.,.,PRO,O,A,240,.,.,.,GLU,CA,1838,1843,5.88351,3.64277,2.74335,0,1,0
A,239,.,.,.,PRO,O,A,240,.,.,.,GLU,C,1838,1844,1.53644,0.424149,3.11783,0,1,0
A,239,.,.,.,PRO,O,A,241,.,.,.,GLN,N,1838,1851,0.396727,0,3.1812,0.432154,2,0
A,239,.,.,.,PRO,O,A,242,.,.,.,SER,N,1838,1860,4.27239,0.100887,3.19921,0.800077,3,0
A,239,.,.,.,PRO,O,A,242,.,.,.,SER,O,1838,1863,0.124298,0.449461,4.86871,0.129034,3,0
A,239,.,.,.,PRO,O,A,242,.,.,.,SER,CB,1838,1864,7.49498,0,3.51898,-0.935418,3,0
A,239,.,.,.,PRO,CB,A,239,.,.,.,PRO,CG,1839,1840,12.9438,1.81449,1.50301,0,0,1
A,239,.,.,.,PRO,CB,A,239,.,.,.,PRO,CD,1839,1841,2.43059,0.984511,2.40666,0,0,0
A,239,.,.,.,PRO,CB,A,240,.,.,.,GLU,N,1839,1842,0.323767,0.381062,3.38524,0,1,0
A,239,.,.,.,PRO,CB,A,242,.,.,.,SER,CB,1839,1864,0.388624,0.892282,5.70744,-0.026886,3,0
A,239,.,.,.,PRO,CG,A,239,.,.,.,PRO,CD,1840,1841,19.2224,8.25364,1.49069,0,0,1
A,239,.,.,.,PRO,CG,A,240,.,.,.,GLU,N,1840,1842,3.07529,1.5846,3.71329,0,1,0
A,239,.,.,.,PRO,CG,A,240,.,.,.,GLU,OE1,1840,1849,3.0249,2.74237,4.11932,0,1,0
A,239,.,.,.,PRO,CD,A,240,.,.,.,GLU,N,1841,1842,0.147626,0,3.70944,0,1,0
A,239,.,.,.,PRO,CD,A,240,.,.,.,GLU,OE1,1841,1849,6.22349,2.75438,3.6281,0,1,0
A,240,.,.,.,GLU,N,A,240,.,.,.,GLU,CA,1842,1843,8.57205,1.36491,1.45732,0,0,1
A,240,.,.,.,GLU,N,A,240,.,.,.,GLU,CB,1842,1846,2.40133,1.10556,2.46187,0,0,0
A,240,.,.,.,GLU,N,A,240,.,.,.,GLU,CG,1842,1847,0.204338,0,3.14012,0,0,0
A,240,.,.,.,GLU,N,A,240,.,.,.,GLU,CD,1842,1848,1.33099,0,3.13887,0,0,0
A,240,.,.,.,GLU,N,A,240,.,.,.,GLU,OE1,1842,1849,4.27327,0.255736,2.69256,0,0,0
A,240,.,.,.,GLU,N,A,241,.,.,.,GLN,N,1842,1851,1.65723,0,2.7314,0,1,0
A,240,.,.,.,GLU,CA,A,240,.,.,.,GLU,C,1843,1844,8.21979,0.436199,1.52615,0,0,1
A,240,.,.,.,GLU,CA,A,240,.,.,.,GLU,O,1843,1845,3.88158,2.87391,2.38725,0,0,0
A,240,.,.,.,GLU,CA,A,240,.,.,.,GLU,CB,1843,1846,14.425,5.26544,1.54023,0,0,1
A,240,.,.,.,GLU,CA,A,240,.,.,.,GLU,CG,1843,1847,0.919863,0,2.61241,0,0,0
A,240,.,.,.,GLU,CA,A,241,.,.,.,GLN,N,1843,1851,0.628184,0,2.45835,0,1,0
A,240,.,.,.,GLU,C,A,240,.,.,.,GLU,O,1844,1845,10.0159,0.670352,1.23484,0,0,1
A,240,.,.,.,GLU,C,A,240,.,.,.,GLU,CB,1844,1846,0.961237,0,2.51817,0,0,0
A,240,.,.,.,GLU,C,A,240,.,.,.,GLU,CG,1844,1847,3.12398,0,3.05165,0,0,0
A,240,.,.,.,GLU,C,A,241,.,.,.,GLN,N,1844,1851,6.99345,0,1.3309,0,1,1
A,240,.,.,.,GLU,C,A,241,.,.,.,GLN,CA,1844,1852,2.01755,0,2.43073,0,1,0
A,240,.,.,.,GLU,C,A,241,.,.,.,GLN,C,1844,1853,0.00866727,0,3.30167,0,1,0
A,240,.,.,.,GLU,C,A,241,.,.,.,GLN,CG,1844,1856,0.228829,0,4.00775,0,1,0
A,240,.,.,.,GLU,C,A,242,.,.,.,SER,N,1844,1860,2.38443,0.103975,3.36683,4.06937,2,0
A,240,.,.,.,GLU,C,A,242,.,.,.,SER,O,1844,1863,0.034504,0.248398,5.12573,0.0582532,2,0
A,240,.,.,.,GLU,O,A,240,.,.,.,GLU,CB,1845,1846,5.09925,3.6395,3.00995,0,0,0
A,240,.,.,.,GLU,O,A,240,.,.,.,GLU,CG,1845,1847,2.1868,2.48383,3.58584,0,0,0
A,240,.,.,.,GLU,O,A,241,.,.,.,GLN,CA,1845,1852,7.74798,4.35765,2.75353,0,1,0
A,240,.,.,.,GLU,O,A,241,.,.,.,GLN,C,1845,1853,1.55641,0.946174,3.48362,0,1,0
A,240,.,.,.,GLU,O,A,241,.,.,.,GLN,CG,1845,1856,0.0650814,0.364666,4.47328,0,1,0
A,240,.,.,.,GLU,O,A,242,.,.,.,SER,N,1845,1860,0.951705,0,3.70906,1.11773,2,0
A,240,.,.,.,GLU,O,A,242,.,.,.,SER,O,1845,1863,2.52109,3.52669,4.83056,3.59099,2,0
A,240,.,.,.,GLU,CB,A,240,.,.,.,GLU,CG,1846,1847,16.6286,6.59904,1.5353,0,0,1
A,240,.,.,.,GLU,CB,A,240,.,.,.,GLU,CD,1846,1848,0.80798,0.262338,2.55645,0,0,0
A,240,.,.,.,GLU,CB,A,240,.,.,.,GLU,OE1,1846,1849,5.16314,3.11416,2.76694,0,0,0
A,240,.,.,.,GLU,CG,A,240,.,.,.,GLU,CD,1847,1848,13.5157,3.35258,1.52424,0,0,1
A,240,.,.,.,GLU,CG,A,240,.,.,.,GLU,OE2,1847,1850,6.21227,4.19316,2.37987,0,0,0
A,240,.,.,.,GLU,CG,A,241,.,.,.,GLN,N,1847,1851,1.52733,0,3.61602,0,1,0
A,240,.,.,.,GLU,CG,A,241,.,.,.,GLN,CG,1847,1856,5.37247,2.99533,4.59791,0,1,0
A,240,.,.,.,GLU,CD,A,240,.,.,.,GLU,OE1,1848,1849,12.9293,3.90219,1.25067,0,0,1
A,240,.,.,.,GLU,CD,A,240,.,.,.,GLU,OE2,1848,1850,13.7842,4.0252,1.24799,0,0,1
A,240,.,.,.,GLU,CD,A,241,.,.,.,GLN,N,1848,1851,0.346957,0,4.14492,0,1,0
A,240,.,.,.,GLU,CD,A,241,.,.,.,GLN,CG,1848,1856,0.328663,0,4.78833,0,1,0
A,240,.,.,.,GLU,OE1,A,240,.,.,.,GLU,OE2,1849,1850,1.1826,1.51393,2.19268,0,0,0
A,240,.,.,.,GLU,OE2,A,241,.,.,.,GLN,CG,1850,1856,1.74196,0.459805,4.56774,0,1,0
A,240,.,.,.,GLU,OE2,A,241,.,.,.,GLN,NE2,1850,1859,1.55275,2.10415,4.92684,0,1,0
A,241,.,.,.,GLN,N,A,241,.,.,.,GLN,CA,1851,1852,6.82699,0,1.45546,0,0,1
A,241,.,.,.,GLN,N,A,241,.,.,.,GLN,CB,1851,1855,1.28905,0,2.45239,0,0,0
A,241,.,.,.,GLN,N,A,241,.,.,.,GLN,CG,1851,1856,2.51152,0,3.04403,0,0,0
A,241,.,.,.,GLN,N,A,242,.,.,.,SER,N,1851,1860,2.5357,0,2.7574,0,1,0
A,241,.,.,.,GLN,CA,A,241,.,.,.,GLN,C,1852,1853,9.60431,0.912042,1.52797,0,0,1
A,241,.,.,.,GLN,CA,A,241,.,.,.,GLN,O,1852,1854,3.44438,2.57289,2.38486,0,0,0
A,241,.,.,.,GLN,CA,A,241,.,.,.,GLN,CB,1852,1855,10.9799,1.76381,1.53257,0,0,1
A,241,.,.,.,GLN,CA,A,241,.,.,.,GLN,CG,1852,1856,4.58409,2.51433,2.59136,0,0,0
A,241,.,.,.,GLN,CA,A,242,.,.,.,SER,N,1852,1860,0.968986,0,2.46525,0,1,0
A,241,.,.,.,GLN,C,A,241,.,.,.,GLN,O,1853,1854,9.53009,1.39012,1.23498,0,0,1
A,241,.,.,.,GLN,C,A,241,.,.,.,GLN,CB,1853,1855,2.22578,0,2.49352,0,0,0
A,241,.,.,.,GLN,C,A,242,.,.,.,SER,N,1853,1860,8.00426,0,1.32991,0,1,1
A,241,.,.,.,GLN,C,A,242,.,.,.,SER,CA,1853,1861,1.39759,0,2.43531,0,1,0
A,241,.,.,.,GLN,C,A,242,.,.,.,SER,C,1853,1862,1.1742,0,3.08973,0,1,0
A,241,.,.,.,GLN,C,A,242,.,.,.,SER,O,1853,1863,1.56698,1.1326,3.57394,0,1,0
A,241,.,.,.,GLN,O,A,241,.,.,.,GLN,CB,1854,1855,2.10664,0.199253,2.93358,0,0,0
A,241,.,.,.,GLN,O,A,242,.,.,.,SER,CA,1854,1861,1.60942,0,2.74625,0,1,0
A,241,.,.,.,GLN,O,A,242,.,.,.,SER,C,1854,1862,2.60054,0.433463,3.01315,0,1,0
A,241,.,.,.,GLN,O,A,242,.,.,.,SER,O,1854,1863,0.0448056,0.307361,3.68878,0,1,0
A,241,.,.,.,GLN,O,A,243,.,.,.,PRO,N,1854,1866,0.779214,0,3.33841,0.21713,2,0
A,241,.,.,.,GLN,O,A,243,.,.,.,PRO,CA,1854,1867,0.593247,0.842099,4.36409,0.422503,2,0
A,241,.,.,.,GLN,O,A,243,.,.,.,PRO,CB,1854,1870,1.97387,2.27135,4.57341,0.183369,2,0
A,241,.,.,.,GLN,O,A,243,.,.,.,PRO,CG,1854,1871,0.0109825,0,4.38925,9.46369e-05,2,0
A,241,.,.,.,GLN,O,A,243,.,.,.,PRO,CD,1854,1872,5.1127,0,3.36849,-0.048241,2,0
A,241,.,.,.,GLN,CB,A,241,.,.,.,GLN,CG,1855,1856,11.3781,1.97158,1.52731,0,0,1
A,241,.,.,.,GLN,CB,A,241,.,.,.,GLN,CD,1855,1857,2.02462,0,2.51985,0,0,0
A,241,.,.,.,GLN,CB,A,241,.,.,.,GLN,OE1,1855,1858,3.37234,0,2.74012,0,0,0
A,241,.,.,.,GLN,CG,A,241,.,.,.,GLN,CD,1856,1857,10.9343,1.38635,1.51917,0,0,1
A,241,.,.,.,GLN,CG,A,241,.,.,.,GLN,NE2,1856,1859,6.68762,4.47513,2.42448,0,0,0
A,241,.,.,.,GLN,CD,A,241,.,.,.,GLN,OE1,1857,1858,10.2389,0,1.23158,0,0,1
A,241,.,.,.,GLN,CD,A,241,.,.,.,GLN,NE2,1857,1859,13.697,2.022,1.32518,0,0,1
A,241,.,.,.,GLN,OE1,A,241,.,.,.,GLN,NE2,1858,1859,0.291989,0,2.24241,0,0,0
A,242,.,.,.,SER,N,A,242,.,.,.,SER,CA,1860,1861,7.38862,0,1.47151,0,0,1
A,242,.,.,.,SER,N,A,242,.,.,.,SER,C,1860,1862,0.567172,0,2.48549,0,0,0
A,242,.,.,.,SER,N,A,242,.,.,.,SER,O,1860,1863,3.28046,0.170007,2.93432,0,0,0
A,242,.,.,.,SER,N,A,242,.,.,.,SER,CB,1860,1864,3.41151,0,2.4641,0,0,0
A,242,.,.,.,SER,CA,A,242,.,.,.,SER,C,1861,1862,6.0879,0,1.52411,0,0,1
A,242,.,.,.,SER,CA,A,242,.,.,.,SER,O,1861,1863,0.770133,0,2.39155,0,0,0
A,242,.,.,.,SER,CA,A,242,.,.,.,SER,CB,1861,1864,10.7506,0,1.51869,0,0,1
A,242,.,.,.,SER,CA,A,242,.,.,.,SER,OG,1861,1865,0.735421,0,2.39945,0,0,0
A,242,.,.,.,SER,CA,A,243,.,.,.,PRO,N,1861,1866,0.158447,0,2.46351,0,1,0
A,242,.,.,.,SER,CA,A,243,.,.,.,PRO,CD,1861,1872,6.30125,0,2.97144,0,1,0
A,242,.,.,.,SER,C,A,242,.,.,.,SER,O,1862,1863,8.64562,0.367478,1.2376,0,0,1
A,242,.,.,.,SER,C,A,242,.,.,.,SER,CB,1862,1864,1.13404,0,2.47379,0,0,0
A,242,.,.,.,SER,C,A,242,.,.,.,SER,OG,1862,1865,1.58508,0,2.71277,0,0,0
A,242,.,.,.,SER,C,A,243,.,.,.,PRO,N,1862,1866,6.69282,0,1.33118,0,1,1
A,242,.,.,.,SER,C,A,243,.,.,.,PRO,CA,1862,1867,2.26372,0.271863,2.43054,0,1,0
A,242,.,.,.,SER,C,A,243,.,.,.,PRO,CD,1862,1872,0.168935,0,2.50923,0,1,0
A,242,.,.,.,SER,C,A,244,.,.,.,LEU,N,1862,1873,1.26488,0,3.19875,2.17269,2,0
A,242,.,.,.,SER,O,A,242,.,.,.,SER,CB,1863,1864,2.15759,0,2.98567,0,0,0
A,242,.,.,.,SER,O,A,242,.,.,.,SER,OG,1863,1865,0.139129,0,3.24715,0,0,0
A,242,.,.,.,SER,O,A,243,.,.,.,PRO,CA,1863,1867,7.57505,4.56836,2.72574,0,1,0
A,242,.,.,.,SER,O,A,243,.,.,.,PRO,C,1863,1868,0.629998,0.645836,3.42139,0,1,0
A,242,.,.,.,SER,O,A,244,.,.,.,LEU,N,1863,1873,2.33063,0,3.3549,2.82798,2,0
A,242,.,.,.,SER,O,A,244,.,.,.,LEU,O,1863,1876,0.896695,1.02599,4.58994,0.875476,2,0
A,242,.,.,.,SER,CB,A,242,.,.,.,SER,OG,1864,1865,13.6834,3.95236,1.41688,0,0,1
A,242,.,.,.,SER,CB,A,243,.,.,.,PRO,CD,1864,1872,0.227484,0.466194,3.98808,0,1,0
A,242,.,.,.,SER,OG,A,243,.,.,.,PRO,N,1865,1866,0.472101,0,3.24332,0,1,0
A,242,.,.,.,SER,OG,A,243,.,.,.,PRO,CD,1865,1872,1.9524,0.226091,3.79548,0,1,0
A,242,.,.,.,SER,OG,A,244,.,.,.,LEU,N,1865,1873,3.27555,0,3.26577,1.20216,2,0
A,242,.,.,.,SER,OG,A,244,.,.,.,LEU,O,1865,1876,0.0107081,0,4.46394,0.0042347,2,0
A,242,.,.,.,SER,OG,A,244,.,.,.,LEU,CB,1865,1877,3.89838,0,3.53578,-0.409361,2,0
A,242,.,.,.,SER,OG,A,244,.,.,.,LEU,CG,1865,1878,2.41248,0,3.76527,0.949184,2,0
A,242,.,.,.,SER,OG,A,244,.,.,.,LEU,CD1,1865,1879,7.50159,4.10166,3.86971,-1.16851,2,0
A,243,.,.,.,PRO,N,A,243,.,.,.,PRO,CA,1866,1867,5.80127,0,1.46702,0,0,1
A,243,.,.,.,PRO,N,A,243,.,.,.,PRO,CB,1866,1870,0.42248,0,2.34104,0,0,0
A,243,.,.,.,PRO,N,A,243,.,.,.,PRO,CD,1866,1872,6.79814,0,1.47393,0,0,1
A,243,.,.,.,PRO,N,A,244,.,.,.,LEU,N,1866,1873,1.80263,0,2.72664,0,1,0
A,243,.,.,.,PRO,CA,A,243,.,.,.,PRO,C,1867,1868,10.2963,1.96489,1.51621,0,0,1
A,243,.,.,.,PRO,CA,A,243,.,.,.,PRO,O,1867,1869,2.4879,1.92244,2.39273,0,0,0
A,243,.,.,.,PRO,CA,A,243,.,.,.,PRO,CB,1867,1870,13.7128,4.86083,1.52925,0,0,1
A,243,.,.,.,PRO,CA,A,243,.,.,.,PRO,CG,1867,1871,0.711897,0,2.37367,0,0,0
A,243,.,.,.,PRO,CA,A,243,.,.,.,PRO,CD,1867,1872,0.450017,0,2.43591,0,0,0
A,243,.,.,.,PRO,CA,A,244,.,.,.,LEU,N,1867,1873,0.845191,0,2.43079,0,1,0
A,243,.,.,.,PRO,C,A,243,.,.,.,PRO,O,1868,1869,10.9869,1.94973,1.23712,0,0,1
A,243,.,.,.,PRO,C,A,243,.,.,.,PRO,CB,1868,1870,1.36644,0,2.50679,0,0,0
A,243,.,.,.,PRO,C,A,243,.,.,.,PRO,CG,1868,1871,2.36114,0,3.14928,0,0,0
A,243,.,.,.,PRO,C,A,243,.,.,.,PRO,CD,1868,1872,0.0882966,0,3.34106,0,0,0
A,243,.,.,.,PRO,C,A,244,.,.,.,LEU,N,1868,1873,8.31624,0,1.33661,0,1,1
A,243,.,.,.,PRO,C,A,244,.,.,.,LEU,CA,1868,1874,2.24378,0,2.41715,0,1,0
A,243,.,.,.,PRO,C,A,244,.,.,.,LEU,C,1868,1875,1.0499,0.199154,3.29672,0,1,0
A,243,.,.,.,PRO,C,A,244,.,.,.,LEU,O,1868,1876,1.20367,1.71285,3.67966,0,1,0
A,243,.,.,.,PRO,C,A,244,.,.,.,LEU,CG,1868,1878,0.341413,0,4.05067,0,1,0
A,243,.,.,.,PRO,C,A,244,.,.,.,LEU,CD2,1868,1880,0.568333,0,4.59437,0,1,0
A,243,.,.,.,PRO,O,A,243,.,.,.,PRO,CB,1869,1870,7.76474,5.56091,2.89089,0,0,0
A,243,.,.,.,PRO,O,A,243,.,.,.,PRO,CG,1869,1871,0.397829,0.732691,3.73384,0,0,0
A,243,.,.,.,PRO,O,A,244,.,.,.,LEU,CA,1869,1874,4.19515,0,2.75479,0,1,0
A,243,.,.,.,PRO,O,A,244,.,.,.,LEU,C,1869,1875,2.43227,1.45386,3.40753,0,1,0
A,243,.,.,.,PRO,O,A,244,.,.,.,LEU,CD2,1869,1880,1.13538,1.83054,4.7871,0,1,0
A,243,.,.,.,PRO,O,A,245,.,.,.,PRO,N,1869,1881,0.759155,0.95294,3.97163,0.0485347,2,0
A,243,.,.,.,PRO,O,A,245,.,.,.,PRO,CD,1869,1887,5.15477,4.68419,4.19067,2.37279,2,0
A,243,.,.,.,PRO,CB,A,243,.,.,.,PRO,CG,1870,1871,18.6409,7.28677,1.48387,0,0,1
A,243,.,.,.,PRO,CB,A,243,.,.,.,PRO,CD,1870,1872,1.54501,0,2.41573,0,0,0
A,243,.,.,.,PRO,CG,A,243,.,.,.,PRO,CD,1871,1872,15.7541,2.90481,1.51629,0,0,1
A,243,.,.,.,PRO,CG,A,244,.,.,.,LEU,N,1871,1873,0.0501542,0,3.82557,0,1,0
A,243,.,.,.,PRO,CG,A,244,.,.,.,LEU,CG,1871,1878,2.37603,0.551468,4.85298,0,1,0
A,243,.,.,.,PRO,CG,A,244,.,.,.,LEU,CD2,1871,1880,3.89581,3.94433,5.22591,0,1,0
A,243,.,.,.,PRO,CD,A,244,.,.,.,LEU,N,1872,1873,0.847427,0,3.58818,0,1,0
A,243,.,.,.,PRO,CD,A,244,.,.,.,LEU,CG,1872,1878,5.90327,1.73155,4.56437,0,1,0
A,243,.,.,.,PRO,CD,A,244,.,.,.,LEU,CD1,1872,1879,0.514198,1.38886,5.36107,0,1,0
A,244,.,.,.,LEU,N,A,244,.,.,.,LEU,CA,1873,1874,6.64808,0,1.45424,0,0,1
A,244,.,.,.,LEU,N,A,244,.,.,.,LEU,C,1873,1875,0.721587,0,2.47335,0,0,0
A,244,.,.,.,LEU,N,A,244,.,.,.,LEU,O,1873,1876,3.6956,0,2.81854,0,0,0
A,244,.,.,.,LEU,N,A,244,.,.,.,LEU,CB,1873,1877,1.54177,0,2.44079,0,0,0
A,244,.,.,.,LEU,N,A,244,.,.,.,LEU,CG,1873,1878,2.32401,0,3.12942,0,0,0
A,244,.,.,.,LEU,CA,A,244,.,.,.,LEU,C,1874,1875,6.96622,0,1.52975,0,0,1
A,244,.,.,.,LEU,CA,A,244,.,.,.,LEU,O,1874,1876,0.674808,0,2.4098,0,0,0
A,244,.,.,.,LEU,CA,A,244,.,.,.,LEU,CB,1874,1877,7.31289,0,1.52651,0,0,1
A,244,.,.,.,LEU,CA,A,244,.,.,.,LEU,CG,1874,1878,1.64326,0,2.61788,0,0,0
A,244,.,.,.,LEU,CA,A,244,.,.,.,LEU,CD2,1874,1880,3.58671,0,3.22874,0,0,0
A,244,.,.,.,LEU,CA,A,245,.,.,.,PRO,N,1874,1881,0.110847,0,2.45144,0,1,0
A,244,.,.,.,LEU,CA,A,245,.,.,.,PRO,CD,1874,1887,5.40992,0,2.95424,0,1,0
A,244,.,.,.,LEU,C,A,244,.,.,.,LEU,O,1875,1876,9.8338,1.3522,1.23689,0,0,1
A,244,.,.,.,LEU,C,A,244,.,.,.,LEU,CB,1875,1877,2.67962,0,2.49538,0,0,0
A,244,.,.,.,LEU,C,A,245,.,.,.,PRO,N,1875,1881,8.58735,0.763662,1.33269,0,1,1
A,244,.,.,.,LEU,C,A,245,.,.,.,PRO,CA,1875,1882,1.92509,0.723505,2.42005,0,1,0
A,244,.,.,.,LEU,C,A,245,.,.,.,PRO,C,1875,1883,0.410507,0,3.04112,0,1,0
A,244,.,.,.,LEU,C,A,245,.,.,.,PRO,O,1875,1884,1.49146,0,3.07453,0,1,0
A,244,.,.,.,LEU,C,A,245,.,.,.,PRO,CD,1875,1887,0.0181507,0,2.52378,0,1,0
A,244,.,.,.,LEU,O,A,244,.,.,.,LEU,CB,1876,1877,1.35264,0,3.18573,0,0,0
A,244,.,.,.,LEU,O,A,245,.,.,.,PRO,CA,1876,1882,6.13789,3.51681,2.72359,0,1,0
A,244,.,.,.,LEU,O,A,245,.,.,.,PRO,C,1876,1883,2.85017,0,3.09588,0,1,0
A,244,.,.,.,LEU,O,A,245,.,.,.,PRO,O,1876,1884,0.588461,0,3.28294,0,1,0
A,244,.,.,.,LEU,O,A,246,.,.,.,SER,N,1876,1888,0.161611,0.015506,3.95486,0.121225,2,0
A,244,.,.,.,LEU,O,A,246,.,.,.,SER,OG,1876,1893,2.18224,1.28494,4.70031,0.863004,2,0
A,244,.,.,.,LEU,CB,A,244,.,.,.,LEU,CG,1877,1878,7.84631,0,1.53445,0,0,1
A,244,.,.,.,LEU,CB,A,244,.,.,.,LEU,CD1,1877,1879,4.2371,0,2.50639,0,0,0
A,244,.,.,.,LEU,CB,A,244,.,.,.,LEU,CD2,1877,1880,2.35758,0,2.53925,0,0,0
A,244,.,.,.,LEU,CB,A,245,.,.,.,PRO,N,1877,1881,0.169413,0,3.26984,0,1,0
A,244,.,.,.,LEU,CB,A,245,.,.,.,PRO,O,1877,1884,2.07248,0,3.82765,0,1,0
A,244,.,.,.,LEU,CB,A,245,.,.,.,PRO,CD,1877,1887,2.07508,0,3.6052,0,1,0
A,244,.,.,.,LEU,CG,A,244,.,.,.,LEU,CD1,1878,1879,13.7762,2.08934,1.54021,0,0,1
A,244,.,.,.,LEU,CG,A,244,.,.,.,LEU,CD2,1878,1880,13.5267,1.691,1.53965,0,0,1
A,244,.,.,.,LEU,CD1,A,244,.,.,.,LEU,CD2,1879,1880,3.31908,0,2.53342,0,0,0
A,244,.,.,.,LEU,CD2,A,245,.,.,.,PRO,CD,1880,1887,6.04169,2.74699,4.24583,0,1,0
A,245,.,.,.,PRO,N,A,245,.,.,.,PRO,CA,1881,1882,7.5865,1.42272,1.4625,0,0,1
A,245,.,.,.,PRO,N,A,245,.,.,.,PRO,C,1881,1883,0.135214,0,2.449,0,0,0
A,245,.,.,.,PRO,N,A,245,.,.,.,PRO,O,1881,1884,1.00741,0,2.71658,0,0,0
A,245,.,.,.,PRO,N,A,245,.,.,.,PRO,CB,1881,1885,0.328486,0.237781,2.34576,0,0,0
A,245,.,.,.,PRO,N,A,245,.,.,.,PRO,CD,1881,1887,8.52811,0.83284,1.47672,0,0,1
A,245,.,.,.,PRO,CA,A,245,.,.,.,PRO,C,1882,1883,6.82997,0,1.52222,0,0,1
A,245,.,.,.,PRO,CA,A,245,.,.,.,PRO,O,1882,1884,0.0336823,0,2.41213,0,0,0
A,245,.,.,.,PRO,CA,A,245,.,.,.,PRO,CB,1882,1885,13.4132,4.96768,1.53054,0,0,1
A,245,.,.,.,PRO,CA,A,245,.,.,.,PRO,CG,1882,1886,0.775187,0,2.3796,0,0,0
A,245,.,.,.,PRO,CA,A,245,.,.,.,PRO,CD,1882,1887,0.32993,0,2.43199,0,0,0
A,245,.,.,.,PRO,CA,A,246,.,.,.,SER,N,1882,1888,6.7329,3.65031,2.40957,0,1,0
A,245,.,.,.,PRO,C,A,245,.,.,.,PRO,O,1883,1884,8.39534,0,1.23233,0,0,1
A,245,.,.,.,PRO,C,A,245,.,.,.,PRO,CB,1883,1885,2.17622,0,2.52104,0,0,0
A,245,.,.,.,PRO,C,A,245,.,.,.,PRO,CG,1883,1886,1.22998,0,3.11661,0,0,0
A,245,.,.,.,PRO,C,A,246,.,.,.,SER,N,1883,1888,8.14385,0,1.32765,0,1,1
A,245,.,.,.,PRO,C,A,246,.,.,.,SER,CA,1883,1889,2.10179,0,2.43602,0,1,0
A,245,.,.,.,PRO,C,A,246,.,.,.,SER,C,1883,1890,0.447555,0,3.38078,0,1,0
A,245,.,.,.,PRO,C,A,246,.,.,.,SER,O,1883,1891,0.151411,0,3.67317,0,1,0
A,245,.,.,.,PRO,C,A,246,.,.,.,SER,OG,1883,1893,1.03231,0,3.74098,0,1,0
A,245,.,.,.,PRO,O,A,245,.,.,.,PRO,CG,1884,1886,0.799943,0,3.3973,0,0,0
A,245,.,.,.,PRO,O,A,245,.,.,.,PRO,CD,1884,1887,0.901605,0,3.40817,0,0,0
A,245,.,.,.,PRO,O,A,246,.,.,.,SER,CA,1884,1889,3.30978,0,2.77739,0,1,0
A,245,.,.,.,PRO,CB,A,245,.,.,.,PRO,CG,1885,1886,17.9701,7.87725,1.50741,0,0,1
A,245,.,.,.,PRO,CB,A,245,.,.,.,PRO,CD,1885,1887,3.31712,2.03949,2.39674,0,0,0
A,245,.,.,.,PRO,CB,A,246,.,.,.,SER,N,1885,1888,4.24331,1.81413,3.14542,0,1,0
A,245,.,.,.,PRO,CB,A,246,.,.,.,SER,O,1885,1891,4.88828,4.42763,4.49376,0,1,0
A,245,.,.,.,PRO,CG,A,245,.,.,.,PRO,CD,1886,1887,15.0659,4.53938,1.52092,0,0,1
A,246,.,.,.,SER,N,A,246,.,.,.,SER,CA,1888,1889,7.04362,0,1.45409,0,0,1
A,246,.,.,.,SER,N,A,246,.,.,.,SER,C,1888,1890,0.701659,0,2.45076,0,0,0
A,246,.,.,.,SER,N,A,246,.,.,.,SER,O,1888,1891,5.28625,1.85641,2.74324,0,0,0
A,246,.,.,.,SER,N,A,246,.,.,.,SER,CB,1888,1892,5.98911,3.44501,2.45469,0,0,0
A,246,.,.,.,SER,N,A,246,.,.,.,SER,OG,1888,1893,3.04353,1.3574,2.94869,0,0,0
A,246,.,.,.,SER,CA,A,246,.,.,.,SER,C,1889,1890,7.59635,0,1.52364,0,0,1
A,246,.,.,.,SER,CA,A,246,.,.,.,SER,O,1889,1891,0.539761,0,2.40602,0,0,0
A,246,.,.,.,SER,CA,A,246,.,.,.,SER,CB,1889,1892,9.27642,0,1.52778,0,0,1
A,246,.,.,.,SER,CA,A,246,.,.,.,SER,OG,1889,1893,2.13989,0,2.43241,0,0,0
A,246,.,.,.,SER,CA,A,247,.,.,.,LEU,N,1889,1894,2.00238,0,2.41389,0,1,0
A,246,.,.,.,SER,C,A,246,.,.,.,SER,O,1890,1891,10.9821,1.25631,1.23158,0,0,1
A,246,.,.,.,SER,C,A,246,.,.,.,SER,CB,1890,1892,4.67799,1.56504,2.49809,0,0,0
A,246,.,.,.,SER,C,A,247,.,.,.,LEU,N,1890,1894,8.45952,0.256681,1.33034,0,1,1
A,246,.,.,.,SER,C,A,247,.,.,.,LEU,CA,1890,1895,2.51917,0.935675,2.46752,0,1,0
A,246,.,.,.,SER,C,A,247,.,.,.,LEU,C,1890,1896,0.00217297,0.0960205,3.58125,0,1,0
A,246,.,.,.,SER,C,A,247,.,.,.,LEU,CG,1890,1899,0.854322,0,4.11332,0,1,0
A,246,.,.,.,SER,O,A,246,.,.,.,SER,CB,1891,1892,2.02901,2.59383,3.2892,0,0,0
A,246,.,.,.,SER,O,A,247,.,.,.,LEU,CA,1891,1895,5.65376,2.045,2.83847,0,1,0
A,246,.,.,.,SER,O,A,247,.,.,.,LEU,CG,1891,1899,1.16185,0,4.14001,0,1,0
A,246,.,.,.,SER,O,A,247,.,.,.,LEU,CD2,1891,1901,5.56226,4.34343,4.1438,0,1,0
A,246,.,.,.,SER,O,A,251,.,.,.,GLU,OE1,1891,1928,0.213217,0.964576,4.97979,0.212734,5,0
A,246,.,.,.,SER,O,A,251,.,.,.,GLU,OE2,1891,1929,0.011416,0.250825,5.64154,0.0113901,5,0
A,246,.,.,.,SER,CB,A,246,.,.,.,SER,OG,1892,1893,19.2701,8.23683,1.42459,0,0,1
A,246,.,.,.,SER,CB,A,247,.,.,.,LEU,N,1892,1894,4.42004,0.228426,3.13075,0,1,0
A,246,.,.,.,SER,CB,A,247,.,.,.,LEU,C,1892,1896,0.358581,1.27264,4.9999,0,1,0
A,246,.,.,.,SER,CB,A,247,.,.,.,LEU,O,1892,1897,1.65267,2.07645,4.9049,0,1,0
A,247,.,.,.,LEU,N,A,247,.,.,.,LEU,CA,1894,1895,7.69795,0,1.45686,0,0,1
A,247,.,.,.,LEU,N,A,247,.,.,.,LEU,C,1894,1896,2.40103,0.445887,2.44066,0,0,0
A,247,.,.,.,LEU,N,A,247,.,.,.,LEU,O,1894,1897,3.67612,0,2.78153,0,0,0
A,247,.,.,.,LEU,N,A,247,.,.,.,LEU,CB,1894,1898,2.76969,0,2.47778,0,0,0
A,247,.,.,.,LEU,N,A,247,.,.,.,LEU,CG,1894,1899,0.0409512,0,3.52931,0,0,0
A,247,.,.,.,LEU,CA,A,247,.,.,.,LEU,C,1895,1896,8.0862,0.941498,1.52134,0,0,1
A,247,.,.,.,LEU,CA,A,247,.,.,.,LEU,O,1895,1897,0.562364,0,2.40482,0,0,0
A,247,.,.,.,LEU,CA,A,247,.,.,.,LEU,CB,1895,1898,7.6233,0,1.53667,0,0,1
A,247,.,.,.,LEU,CA,A,247,.,.,.,LEU,CG,1895,1899,0.991509,0,2.7114,0,0,0
A,247,.,.,.,LEU,CA,A,247,.,.,.,LEU,CD2,1895,1901,3.69839,0,3.12016,0,0,0
A,247,.,.,.,LEU,CA,A,248,.,.,.,ALA,N,1895,1902,3.95483,1.40889,2.42171,0,1,0
A,247,.,.,.,LEU,CA,A,251,.,.,.,GLU,OE1,1895,1928,3.16872,0.898634,3.53382,4.09079,4,0
A,247,.,.,.,LEU,C,A,247,.,.,.,LEU,O,1896,1897,10.0384,1.68348,1.23917,0,0,1
A,247,.,.,.,LEU,C,A,247,.,.,.,LEU,CB,1896,1898,2.86775,0,2.46028,0,0,0
A,247,.,.,.,LEU,C,A,248,.,.,.,ALA,N,1896,1902,9.62372,2.3037,1.3317,0,1,1
A,247,.,.,.,LEU,C,A,248,.,.,.,ALA,CA,1896,1903,2.14327,0.693148,2.43042,0,1,0
A,247,.,.,.,LEU,C,A,248,.,.,.,ALA,C,1896,1904,1.09262,0,3.16531,0,1,0
A,247,.,.,.,LEU,C,A,248,.,.,.,ALA,O,1896,1905,0.0649662,0,3.46799,0,1,0
A,247,.,.,.,LEU,O,A,247,.,.,.,LEU,CB,1897,1898,0.752493,0,3.1305,0,0,0
A,247,.,.,.,LEU,O,A,248,.,.,.,ALA,CA,1897,1903,6.77344,3.70413,2.77933,0,1,0
A,247,.,.,.,LEU,O,A,248,.,.,.,ALA,C,1897,1904,0.467561,0,3.39617,0,1,0
A,247,.,.,.,LEU,O,A,249,.,.,.,LEU,N,1897,1907,1.09897,0.914081,3.94671,0.753802,2,0
A,247,.,.,.,LEU,CB,A,247,.,.,.,LEU,CG,1898,1899,9.54724,0,1.52199,0,0,1
A,247,.,.,.,LEU,CB,A,247,.,.,.,LEU,CD1,1898,1900,6.12681,0,2.47288,0,0,0
A,247,.,.,.,LEU,CB,A,247,.,.,.,LEU,CD2,1898,1901,1.77074,0,2.5097,0,0,0
A,247,.,.,.,LEU,CB,A,248,.,.,.,ALA,N,1898,1902,0.978838,0,3.20852,0,1,0
A,247,.,.,.,LEU,CB,A,248,.,.,.,ALA,C,1898,1904,0.0551785,0,4.43049,0,1,0
A,247,.,.,.,LEU,CB,A,248,.,.,.,ALA,O,1898,1905,3.00468,0,4.03446,0,1,0
A,247,.,.,.,LEU,CB,A,251,.,.,.,GLU,OE1,1898,1928,0.113009,0,3.94951,0.0627359,4,0
A,247,.,.,.,LEU,CG,A,247,.,.,.,LEU,CD1,1899,1900,10.5295,0,1.52509,0,0,1
A,247,.,.,.,LEU,CG,A,247,.,.,.,LEU,CD2,1899,1901,13.5223,0,1.516,0,0,1
A,247,.,.,.,LEU,CG,A,248,.,.,.,ALA,O,1899,1905,0.0143355,0,4.74337,0,1,0
A,247,.,.,.,LEU,CD1,A,247,.,.,.,LEU,CD2,1900,1901,5.39312,0.145464,2.51259,0,0,0
A,247,.,.,.,LEU,CD1,A,248,.,.,.,ALA,O,1900,1905,1.20003,0,4.76715,0,1,0
A,247,.,.,.,LEU,CD1,A,251,.,.,.,GLU,CB,1900,1925,2.18346,0.152087,5.08323,0.516676,4,0
A,247,.,.,.,LEU,CD1,A,252,.,.,.,LEU,CG,1900,1935,4.34728,0,4.16343,-6.57196,5,0
A,247,.,.,.,LEU,CD1,A,252,.,.,.,LEU,CD1,1900,1936,1.83833,0,4.46908,-1.65251,5,0
A,247,.,.,.,LEU,CD1,A,252,.,.,.,LEU,CD2,1900,1937,7.32484,0,3.80089,-15.7629,5,0
A,247,.,.,.,LEU,CD2,A,248,.,.,.,ALA,O,1901,1905,0.255902,0,4.72323,0,1,0
A,247,.,.,.,LEU,CD2,A,251,.,.,.,GLU,CB,1901,1925,7.78772,1.87948,4.16724,-3.8674,4,0
A,247,.,.,.,LEU,CD2,A,251,.,.,.,GLU,CD,1901,1927,3.27278,0,3.58525,-1.16732,4,0
A,247,.,.,.,LEU,CD2,A,251,.,.,.,GLU,OE1,1901,1928,4.26978,0,3.24633,1.75199,4,0
A,247,.,.,.,LEU,CD2,A,251,.,.,.,GLU,OE2,1901,1929,7.02264,3.72036,3.76901,1.2547,4,0
A,248,.,.,.,ALA,N,A,248,.,.,.,ALA,CA,1902,1903,8.04951,0.752191,1.45716,0,0,1
A,248,.,.,.,ALA,N,A,248,.,.,.,ALA,C,1902,1904,0.540863,0,2.4287,0,0,0
A,248,.,.,.,ALA,N,A,248,.,.,.,ALA,O,1902,1905,1.73133,0,2.75327,0,0,0
A,248,.,.,.,ALA,N,A,248,.,.,.,ALA,CB,1902,1906,4.54441,2.60325,2.47518,0,0,0
A,248,.,.,.,ALA,N,A,251,.,.,.,GLU,OE1,1902,1928,7.34603,1.42768,2.52494,4.83995,3,0
A,248,.,.,.,ALA,CA,A,248,.,.,.,ALA,C,1903,1904,6.56157,0,1.52011,0,0,1
A,248,.,.,.,ALA,CA,A,248,.,.,.,ALA,O,1903,1905,0.478084,0,2.40032,0,0,0
A,248,.,.,.,ALA,CA,A,248,.,.,.,ALA,CB,1903,1906,15.1263,5.02064,1.52912,0,0,1
A,248,.,.,.,ALA,CA,A,249,.,.,.,LEU,N,1903,1907,6.64277,2.88075,2.41487,0,1,0
A,248,.,.,.,ALA,CA,A,251,.,.,.,GLU,OE1,1903,1928,0.193737,0,3.33751,0.132788,3,0
A,248,.,.,.,ALA,C,A,248,.,.,.,ALA,O,1904,1905,7.8725,0,1.23424,0,0,1
A,248,.,.,.,ALA,C,A,248,.,.,.,ALA,CB,1904,1906,2.62933,0,2.49048,0,0,0
A,248,.,.,.,ALA,C,A,249,.,.,.,LEU,N,1904,1907,6.84344,0,1.33315,0,1,1
A,248,.,.,.,ALA,C,A,249,.,.,.,LEU,CA,1904,1908,1.32597,0,2.43226,0,1,0
A,248,.,.,.,ALA,C,A,249,.,.,.,LEU,C,1904,1909,0.237014,0,2.99139,0,1,0
A,248,.,.,.,ALA,C,A,250,.,.,.,SER,N,1904,1915,1.68011,0,3.13038,4.13257,2,0
A,248,.,.,.,ALA,C,A,251,.,.,.,GLU,N,1904,1921,0.191918,0,3.82873,0.42962,3,0
A,248,.,.,.,ALA,O,A,248,.,.,.,ALA,CB,1905,1906,0.47035,0,3.19091,0,0,0
A,248,.,.,.,ALA,O,A,249,.,.,.,LEU,CA,1905,1908,2.37056,0,2.78207,0,1,0
A,248,.,.,.,ALA,O,A,249,.,.,.,LEU,C,1905,1909,2.05295,0,2.91481,0,1,0
A,248,.,.,.,ALA,O,A,249,.,.,.,LEU,O,1905,1910,0.0227394,0,3.51999,0,1,0
A,248,.,.,.,ALA,O,A,250,.,.,.,SER,N,1905,1915,0.233568,0,3.18766,0.192603,2,0
A,248,.,.,.,ALA,O,A,251,.,.,.,GLU,N,1905,1921,3.56389,0,3.05761,0.294791,3,0
A,248,.,.,.,ALA,O,A,251,.,.,.,GLU,CA,1905,1922,0.0948293,0,3.75355,0.110731,3,0
A,248,.,.,.,ALA,O,A,251,.,.,.,GLU,CB,1905,1925,4.64857,0,3.47743,3.97751,3,0
A,248,.,.,.,ALA,O,A,251,.,.,.,GLU,CG,1905,1926,0.254077,0,3.99574,0.233359,3,0
A,248,.,.,.,ALA,O,A,251,.,.,.,GLU,OE1,1905,1928,1.24015,0,3.41059,2.00095,3,0
A,248,.,.,.,ALA,O,A,252,.,.,.,LEU,N,1905,1930,0.800379,0,4.16449,0.864337,4,0
A,248,.,.,.,ALA,O,A,252,.,.,.,LEU,CG,1905,1935,3.56061,0,4.60263,1.49563,4,0
A,248,.,.,.,ALA,O,A,252,.,.,.,LEU,CD1,1905,1936,0.0278593,0,5.01086,0.00380352,4,0
A,248,.,.,.,ALA,CB,A,249,.,.,.,LEU,N,1906,1907,3.46008,2.28812,3.2289,0,1,0
A,248,.,.,.,ALA,CB,A,250,.,.,.,SER,N,1906,1915,2.69477,0.60955,4.15483,1.75979,2,0
A,248,.,.,.,ALA,CB,A,250,.,.,.,SER,OG,1906,1920,9.63147,5.84268,4.20992,-3.11913,2,0
A,248,.,.,.,ALA,CB,A,251,.,.,.,GLU,N,1906,1921,1.25603,0,4.55142,1.52834,3,0
A,248,.,.,.,ALA,CB,A,251,.,.,.,GLU,CG,1906,1926,5.05106,1.72097,4.35924,-0.702603,3,0
A,248,.,.,.,ALA,CB,A,251,.,.,.,GLU,CD,1906,1927,2.31427,2.09696,4.1402,-0.693627,3,0
A,248,.,.,.,ALA,CB,A,251,.,.,.,GLU,OE1,1906,1928,4.588,1.30122,3.34516,1.85597,3,0
A,249,.,.,.,LEU,N,A,249,.,.,.,LEU,CA,1907,1908,7.21162,0,1.45577,0,0,1
A,249,.,.,.,LEU,N,A,249,.,.,.,LEU,C,1907,1909,0.0193634,0,2.46687,0,0,0
A,249,.,.,.,LEU,N,A,249,.,.,.,LEU,CB,1907,1911,8.93784,5.57523,2.43058,0,0,0
A,249,.,.,.,LEU,N,A,250,.,.,.,SER,N,1907,1915,3.27156,0.759367,2.78989,0,1,0
A,249,.,.,.,LEU,CA,A,249,.,.,.,LEU,C,1908,1909,6.81972,0,1.52464,0,0,1
A,249,.,.,.,LEU,CA,A,249,.,.,.,LEU,O,1908,1910,1.96913,0,2.39612,0,0,0
A,249,.,.,.,LEU,CA,A,249,.,.,.,LEU,CB,1908,1911,7.88865,0,1.52947,0,0,1
A,249,.,.,.,LEU,CA,A,249,.,.,.,LEU,CG,1908,1912,1.13974,0,2.6255,0,0,0
A,249,.,.,.,LEU,CA,A,249,.,.,.,LEU,CD1,1908,1913,3.56536,0,3.11734,0,0,0
A,249,.,.,.,LEU,CA,A,250,.,.,.,SER,N,1908,1915,1.00981,0,2.4528,0,1,0
A,249,.,.,.,LEU,CA,A,252,.,.,.,LEU,CG,1908,1935,0.647619,0,5.15806,0.402697,3,0
A,249,.,.,.,LEU,CA,A,252,.,.,.,LEU,CD1,1908,1936,1.51015,0,5.0306,-1.10801,3,0
A,249,.,.,.,LEU,C,A,249,.,.,.,LEU,O,1909,1910,8.64141,0.108097,1.23562,0,0,1
A,249,.,.,.,LEU,C,A,249,.,.,.,LEU,CB,1909,1911,2.02143,0,2.51707,0,0,0
A,249,.,.,.,LEU,C,A,249,.,.,.,LEU,CG,1909,1912,2.68488,0.35814,3.24704,0,0,0
A,249,.,.,.,LEU,C,A,250,.,.,.,SER,N,1909,1915,7.02828,0,1.33543,0,1,1
A,249,.,.,.,LEU,C,A,250,.,.,.,SER,CA,1909,1916,2.71658,0.358057,2.42299,0,1,0
A,249,.,.,.,LEU,C,A,250,.,.,.,SER,C,1909,1917,0.0133099,0,3.1694,0,1,0
A,249,.,.,.,LEU,C,A,251,.,.,.,GLU,N,1909,1921,1.3164,0,3.19312,3.28756,2,0
A,249,.,.,.,LEU,C,A,252,.,.,.,LEU,N,1909,1930,0.0656726,0,3.95875,0.122516,3,0
A,249,.,.,.,LEU,C,A,252,.,.,.,LEU,CG,1909,1935,0.0203555,0,4.91727,-0.00766876,3,0
A,249,.,.,.,LEU,O,A,249,.,.,.,LEU,CG,1910,1912,3.81362,1.06065,3.46587,0,0,0
A,249,.,.,.,LEU,O,A,249,.,.,.,LEU,CD1,1910,1913,1.06494,0,3.93962,0,0,0
A,249,.,.,.,LEU,O,A,250,.,.,.,SER,CA,1910,1916,4.98361,1.92438,2.73366,0,1,0
A,249,.,.,.,LEU,O,A,250,.,.,.,SER,C,1910,1917,0.672222,0,3.16902,0,1,0
A,249,.,.,.,LEU,O,A,251,.,.,.,GLU,N,1910,1921,0.349527,0,3.2862,0.52111,2,0
A,249,.,.,.,LEU,O,A,252,.,.,.,LEU,N,1910,1930,3.5705,0,3.1787,-5.19348,3,0
A,249,.,.,.,LEU,O,A,252,.,.,.,LEU,CA,1910,1931,0.142596,0,3.8333,0.0363344,3,0
A,249,.,.,.,LEU,O,A,252,.,.,.,LEU,O,1910,1933,3.49844,0.766112,3.78566,1.19195,3,0
A,249,.,.,.,LEU,O,A,252,.,.,.,LEU,CB,1910,1934,4.1457,0,3.63669,-0.439046,3,0
A,249,.,.,.,LEU,O,A,252,.,.,.,LEU,CG,1910,1935,1.30923,0,4.14852,-0.624555,3,0
A,249,.,.,.,LEU,O,A,252,.,.,.,LEU,CD1,1910,1936,0.506845,0,4.51244,0.0891986,3,0
A,249,.,.,.,LEU,CB,A,249,.,.,.,LEU,CG,1911,1912,9.8522,0.90552,1.52322,0,0,1
A,249,.,.,.,LEU,CB,A,249,.,.,.,LEU,CD1,1911,1913,3.1993,0,2.50142,0,0,0
A,249,.,.,.,LEU,CB,A,249,.,.,.,LEU,CD2,1911,1914,10.1886,6.57511,2.4803,0,0,0
A,249,.,.,.,LEU,CB,A,250,.,.,.,SER,N,1911,1915,4.90124,3.90268,3.26039,0,1,0
A,249,.,.,.,LEU,CG,A,249,.,.,.,LEU,CD1,1912,1913,10.2624,0,1.52037,0,0,1
A,249,.,.,.,LEU,CG,A,249,.,.,.,LEU,CD2,1912,1914,12.383,2.07155,1.51827,0,0,1
A,249,.,.,.,LEU,CG,A,250,.,.,.,SER,N,1912,1915,0.0440955,0.100415,4.20172,0,1,0
A,249,.,.,.,LEU,CG,A,250,.,.,.,SER,CA,1912,1916,0.155793,1.22236,5.21755,0,1,0
A,249,.,.,.,LEU,CD1,A,249,.,.,.,LEU,CD2,1913,1914,2.78444,0,2.50661,0,0,0
A,249,.,.,.,LEU,CD1,A,252,.,.,.,LEU,CB,1913,1934,0.00167343,0,5.61783,-0.00170024,3,0
A,249,.,.,.,LEU,CD1,A,252,.,.,.,LEU,CD1,1913,1936,3.73388,0,4.74939,-8.07656,3,0
A,250,.,.,.,SER,N,A,250,.,.,.,SER,CA,1915,1916,8.19768,0.770284,1.45779,0,0,1
A,250,.,.,.,SER,N,A,250,.,.,.,SER,CB,1915,1919,5.94634,3.83514,2.4528,0,0,0
A,250,.,.,.,SER,N,A,250,.,.,.,SER,OG,1915,1920,2.08991,0.2102,2.90423,0,0,0
A,250,.,.,.,SER,N,A,251,.,.,.,GLU,N,1915,1921,2.1899,0,2.75099,0,1,0
A,250,.,.,.,SER,CA,A,250,.,.,.,SER,C,1916,1917,7.72751,0,1.52354,0,0,1
A,250,.,.,.,SER,CA,A,250,.,.,.,SER,O,1916,1918,3.25387,1.39504,2.38139,0,0,0
A,250,.,.,.,SER,CA,A,250,.,.,.,SER,CB,1916,1919,14.5738,5.22578,1.52866,0,0,1
A,250,.,.,.,SER,CA,A,250,.,.,.,SER,OG,1916,1920,0.712646,0,2.4176,0,0,0
A,250,.,.,.,SER,CA,A,251,.,.,.,GLU,N,1916,1921,0.749818,0,2.46007,0,1,0
A,250,.,.,.,SER,CA,A,252,.,.,.,LEU,O,1916,1933,2.45551,2.05317,4.53176,1.27298,2,0
A,250,.,.,.,SER,C,A,250,.,.,.,SER,O,1917,1918,9.08792,0.638831,1.23474,0,0,1
A,250,.,.,.,SER,C,A,250,.,.,.,SER,CB,1917,1919,1.72355,0,2.49243,0,0,0
A,250,.,.,.,SER,C,A,250,.,.,.,SER,OG,1917,1920,2.78766,0.715179,2.89737,0,0,0
A,250,.,.,.,SER,C,A,251,.,.,.,GLU,N,1917,1921,7.44234,0,1.33239,0,1,1
A,250,.,.,.,SER,C,A,251,.,.,.,GLU,CA,1917,1922,2.06679,0.316266,2.4176,0,1,0
A,250,.,.,.,SER,C,A,251,.,.,.,GLU,C,1917,1923,0.0709766,0,3.14908,0,1,0
A,250,.,.,.,SER,C,A,251,.,.,.,GLU,CG,1917,1926,0.14828,0.321426,4.20495,0,1,0
A,250,.,.,.,SER,C,A,252,.,.,.,LEU,N,1917,1930,1.98417,0,3.16068,3.40821,2,0
A,250,.,.,.,SER,C,A,252,.,.,.,LEU,O,1917,1933,0.873246,0,3.9976,1.6484,2,0
A,250,.,.,.,SER,O,A,250,.,.,.,SER,CB,1918,1919,6.37631,4.89438,2.9737,0,0,0
A,250,.,.,.,SER,O,A,250,.,.,.,SER,OG,1918,1920,0.338269,0.921572,3.48558,0,0,0
A,250,.,.,.,SER,O,A,251,.,.,.,GLU,CA,1918,1922,6.82283,4.19573,2.73317,0,1,0
A,250,.,.,.,SER,O,A,251,.,.,.,GLU,C,1918,1923,2.43469,1.39701,3.25737,0,1,0
A,250,.,.,.,SER,O,A,252,.,.,.,LEU,N,1918,1930,0.352805,0,3.43526,0.428094,2,0
A,250,.,.,.,SER,O,A,252,.,.,.,LEU,O,1918,1933,6.39528,4.35887,3.70317,5.58955,2,0
A,250,.,.,.,SER,CB,A,250,.,.,.,SER,OG,1919,1920,18.4205,9.10215,1.4142,0,0,1
A,250,.,.,.,SER,OG,A,251,.,.,.,GLU,N,1920,1921,1.93671,0,3.44378,0,1,0
A,250,.,.,.,SER,OG,A,251,.,.,.,GLU,CG,1920,1926,2.70799,2.64,4.97195,0,1,0
A,251,.,.,.,GLU,N,A,251,.,.,.,GLU,CA,1921,1922,7.04453,0,1.45859,0,0,1
A,251,.,.,.,GLU,N,A,251,.,.,.,GLU,CB,1921,1925,1.52885,0,2.45521,0,0,0
A,251,.,.,.,GLU,N,A,251,.,.,.,GLU,CG,1921,1926,3.39323,0,3.11686,0,0,0
A,251,.,.,.,GLU,N,A,252,.,.,.,LEU,N,1921,1930,2.18653,0,2.73476,0,1,0
A,251,.,.,.,GLU,CA,A,251,.,.,.,GLU,C,1922,1923,8.60919,0.462368,1.52655,0,0,1
A,251,.,.,.,GLU,CA,A,251,.,.,.,GLU,O,1922,1924,3.54882,1.5512,2.38728,0,0,0
A,251,.,.,.,GLU,CA,A,251,.,.,.,GLU,CB,1922,1925,9.96224,0.769239,1.53154,0,0,1
A,251,.,.,.,GLU,CA,A,251,.,.,.,GLU,CG,1922,1926,6.01755,3.69637,2.59071,0,0,0
A,251,.,.,.,GLU,CA,A,252,.,.,.,LEU,N,1922,1930,0.926832,0,2.45639,0,1,0
A,251,.,.,.,GLU,C,A,251,.,.,.,GLU,O,1923,1924,10.6519,1.79959,1.23559,0,0,1
A,251,.,.,.,GLU,C,A,251,.,.,.,GLU,CB,1923,1925,3.57621,0,2.49759,0,0,0
A,251,.,.,.,GLU,C,A,252,.,.,.,LEU,N,1923,1930,7.93533,0,1.32728,0,1,1
A,251,.,.,.,GLU,C,A,252,.,.,.,LEU,CA,1923,1931,1.65143,0,2.44039,0,1,0
A,251,.,.,.,GLU,C,A,252,.,.,.,LEU,C,1923,1932,1.31324,0.531508,3.33202,0,1,0
A,251,.,.,.,GLU,C,A,252,.,.,.,LEU,O,1923,1933,0.547344,0.257155,3.58388,0,1,0
A,251,.,.,.,GLU,C,A,252,.,.,.,LEU,CG,1923,1935,0.8022,0,3.92055,0,1,0
A,251,.,.,.,GLU,C,A,252,.,.,.,LEU,CD2,1923,1937,0.988349,0,4.27231,0,1,0
A,251,.,.,.,GLU,O,A,251,.,.,.,GLU,CB,1924,1925,3.96345,0,2.98563,0,0,0
A,251,.,.,.,GLU,O,A,252,.,.,.,LEU,CA,1924,1931,4.89658,0,2.77403,0,1,0
A,251,.,.,.,GLU,O,A,252,.,.,.,LEU,C,1924,1932,1.3841,0.156978,3.60061,0,1,0
A,251,.,.,.,GLU,O,A,252,.,.,.,LEU,CD2,1924,1937,1.61851,0,4.24671,0,1,0
A,251,.,.,.,GLU,O,A,253,.,.,.,SER,N,1924,1938,0.432861,0.420142,4.31091,0.508374,2,0
A,251,.,.,.,GLU,O,A,253,.,.,.,SER,OG,1924,1943,0.623976,2.008,5.40568,0.398716,2,0
A,251,.,.,.,GLU,CB,A,251,.,.,.,GLU,CG,1925,1926,13.3874,3.40806,1.53265,0,0,1
A,251,.,.,.,GLU,CB,A,251,.,.,.,GLU,CD,1925,1927,2.65562,0,2.54241,0,0,0
A,251,.,.,.,GLU,CB,A,251,.,.,.,GLU,OE1,1925,1928,1.27946,0,3.04774,0,0,0
A,251,.,.,.,GLU,CB,A,251,.,.,.,GLU,OE2,1925,1929,0.431244,0.90789,3.43655,0,0,0
A,251,.,.,.,GLU,CB,A,252,.,.,.,LEU,N,1925,1930,0.212674,0,3.46191,0,1,0
A,251,.,.,.,GLU,CB,A,252,.,.,.,LEU,CG,1925,1935,0.860848,0,5.20182,0,1,0
A,251,.,.,.,GLU,CB,A,252,.,.,.,LEU,CD2,1925,1937,0.368988,0,5.48454,0,1,0
A,251,.,.,.,GLU,CG,A,251,.,.,.,GLU,CD,1926,1927,11.9625,2.23415,1.53174,0,0,1
A,251,.,.,.,GLU,CG,A,251,.,.,.,GLU,OE1,1926,1928,1.03775,0,2.40001,0,0,0
A,251,.,.,.,GLU,CG,A,251,.,.,.,GLU,OE2,1926,1929,6.97164,5.7512,2.40012,0,0,0
A,251,.,.,.,GLU,CD,A,251,.,.,.,GLU,OE1,1927,1928,11.5392,1.77242,1.25327,0,0,1
A,251,.,.,.,GLU,CD,A,251,.,.,.,GLU,OE2,1927,1929,14.8019,4.09248,1.25115,0,0,1
A,251,.,.,.,GLU,OE1,A,251,.,.,.,GLU,OE2,1928,1929,1.57819,2.00696,2.19528,0,0,0
A,252,.,.,.,LEU,N,A,252,.,.,.,LEU,CA,1930,1931,6.55715,0,1.45407,0,0,1
A,252,.,.,.,LEU,N,A,252,.,.,.,LEU,C,1930,1932,0.572715,0,2.43986,0,0,0
A,252,.,.,.,LEU,N,A,252,.,.,.,LEU,O,1930,1933,2.54101,0,2.72259,0,0,0
A,252,.,.,.,LEU,N,A,252,.,.,.,LEU,CB,1930,1934,1.18174,0,2.46212,0,0,0
A,252,.,.,.,LEU,N,A,252,.,.,.,LEU,CG,1930,1935,3.5405,0,3.05264,0,0,0
A,252,.,.,.,LEU,CA,A,252,.,.,.,LEU,C,1931,1932,7.77913,0,1.52274,0,0,1
A,252,.,.,.,LEU,CA,A,252,.,.,.,LEU,O,1931,1933,0.389424,0,2.40547,0,0,0
A,252,.,.,.,LEU,CA,A,252,.,.,.,LEU,CB,1931,1934,7.4394,0,1.53263,0,0,1
A,252,.,.,.,LEU,CA,A,252,.,.,.,LEU,CG,1931,1935,1.17564,0,2.58847,0,0,0
A,252,.,.,.,LEU,CA,A,252,.,.,.,LEU,CD2,1931,1937,2.98489,0,3.11395,0,0,0
A,252,.,.,.,LEU,CA,A,253,.,.,.,SER,N,1931,1938,2.68564,0,2.41788,0,1,0
A,252,.,.,.,LEU,C,A,252,.,.,.,LEU,O,1932,1933,9.49902,0.242986,1.23188,0,0,1
A,252,.,.,.,LEU,C,A,252,.,.,.,LEU,CB,1932,1934,2.40389,0,2.50151,0,0,0
A,252,.,.,.,LEU,C,A,253,.,.,.,SER,N,1932,1938,7.99302,0,1.33169,0,1,1
A,252,.,.,.,LEU,C,A,253,.,.,.,SER,CA,1932,1939,1.58841,0,2.44221,0,1,0
A,252,.,.,.,LEU,C,A,253,.,.,.,SER,OG,1932,1943,2.42798,0.653735,3.65164,0,1,0
A,252,.,.,.,LEU,O,A,252,.,.,.,LEU,CB,1933,1934,0.214138,0,3.30172,0,0,0
A,252,.,.,.,LEU,O,A,253,.,.,.,SER,CA,1933,1939,6.14055,2.48642,2.78965,0,1,0
A,252,.,.,.,LEU,O,A,253,.,.,.,SER,OG,1933,1943,3.92457,3.85897,3.66924,0,1,0
A,252,.,.,.,LEU,CB,A,252,.,.,.,LEU,CG,1934,1935,8.17712,0,1.52968,0,0,1
A,252,.,.,.,LEU,CB,A,252,.,.,.,LEU,CD1,1934,1936,3.57469,0,2.51668,0,0,0
A,252,.,.,.,LEU,CB,A,252,.,.,.,LEU,CD2,1934,1937,2.08877,0,2.5063,0,0,0
A,252,.,.,.,LEU,CB,A,253,.,.,.,SER,N,1934,1938,1.7374,0,3.13638,0,1,0
A,252,.,.,.,LEU,CG,A,252,.,.,.,LEU,CD1,1935,1936,12.0581,0,1.52564,0,0,1
A,252,.,.,.,LEU,CG,A,252,.,.,.,LEU,CD2,1935,1937,10.2006,0,1.52099,0,0,1
A,252,.,.,.,LEU,CD1,A,252,.,.,.,LEU,CD2,1936,1937,3.59355,0,2.51221,0,0,0
A,253,.,.,.,SER,N,A,253,.,.,.,SER,CA,1938,1939,6.88461,0,1.45561,0,0,1
A,253,.,.,.,SER,N,A,253,.,.,.,SER,C,1938,1940,0.569024,0,2.43561,0,0,0
A,253,.,.,.,SER,N,A,253,.,.,.,SER,O,1938,1941,2.3493,0,2.73135,0,0,0
A,253,.,.,.,SER,N,A,253,.,.,.,SER,CB,1938,1942,4.29452,0.816221,2.48303,0,0,0
A,253,.,.,.,SER,N,A,253,.,.,.,SER,OG,1938,1943,0.669649,0.147187,3.09101,0,0,0
A,253,.,.,.,SER,CA,A,253,.,.,.,SER,C,1939,1940,6.65422,0,1.51964,0,0,1
A,253,.,.,.,SER,CA,A,253,.,.,.,SER,O,1939,1941,0.296283,0,2.40638,0,0,0
A,253,.,.,.,SER,CA,A,253,.,.,.,SER,CB,1939,1942,10.1107,0.917441,1.53872,0,0,1
A,253,.,.,.,SER,CA,A,253,.,.,.,SER,OG,1939,1943,3.38771,1.5624,2.42438,0,0,0
A,253,.,.,.,SER,CA,A,254,.,.,.,VAL,N,1939,1944,6.03259,2.73734,2.40419,0,1,0
A,253,.,.,.,SER,C,A,253,.,.,.,SER,O,1940,1941,7.24009,0,1.23438,0,0,1
A,253,.,.,.,SER,C,A,253,.,.,.,SER,CB,1940,1942,2.34517,0,2.49549,0,0,0
A,253,.,.,.,SER,C,A,254,.,.,.,VAL,N,1940,1944,6.37267,0,1.3311,0,1,1
A,253,.,.,.,SER,C,A,254,.,.,.,VAL,CA,1940,1945,1.13896,0,2.4425,0,1,0
A,253,.,.,.,SER,C,A,254,.,.,.,VAL,C,1940,1946,0.852491,0,3.04108,0,1,0
A,253,.,.,.,SER,C,A,254,.,.,.,VAL,O,1940,1947,0.642992,0,3.33461,0,1,0
A,253,.,.,.,SER,O,A,254,.,.,.,VAL,CA,1941,1945,2.46083,0,2.80088,0,1,0
A,253,.,.,.,SER,O,A,254,.,.,.,VAL,C,1941,1946,1.70515,0,3.06094,0,1,0
A,253,.,.,.,SER,O,A,255,.,.,.,GLN,N,1941,1951,1.01072,0,3.5812,1.05992,2,0
A,253,.,.,.,SER,CB,A,253,.,.,.,SER,OG,1942,1943,20.5383,11.0283,1.40763,0,0,1
A,253,.,.,.,SER,CB,A,254,.,.,.,VAL,N,1942,1944,4.65203,2.70612,3.13295,0,1,0
A,253,.,.,.,SER,CB,A,254,.,.,.,VAL,O,1942,1947,2.22896,1.3697,4.2304,0,1,0
A,254,.,.,.,VAL,N,A,254,.,.,.,VAL,CA,1944,1945,6.41603,0,1.45823,0,0,1
A,254,.,.,.,VAL,N,A,254,.,.,.,VAL,C,1944,1946,0.343291,0,2.44622,0,0,0
A,254,.,.,.,VAL,N,A,254,.,.,.,VAL,O,1944,1947,2.6843,0.531615,2.81937,0,0,0
A,254,.,.,.,VAL,N,A,254,.,.,.,VAL,CB,1944,1948,6.5917,3.44079,2.45021,0,0,0
A,254,.,.,.,VAL,N,A,254,.,.,.,VAL,CG2,1944,1950,3.39782,1.34988,3.11371,0,0,0
A,254,.,.,.,VAL,CA,A,254,.,.,.,VAL,C,1945,1946,5.87101,0,1.52,0,0,1
A,254,.,.,.,VAL,CA,A,254,.,.,.,VAL,O,1945,1947,0.50697,0,2.40382,0,0,0
A,254,.,.,.,VAL,CA,A,254,.,.,.,VAL,CB,1945,1948,7.29629,0,1.5379,0,0,1
A,254,.,.,.,VAL,CA,A,254,.,.,.,VAL,CG1,1945,1949,1.42092,0.366591,2.5151,0,0,0
A,254,.,.,.,VAL,CA,A,254,.,.,.,VAL,CG2,1945,1950,4.47842,1.44325,2.49187,0,0,0
A,254,.,.,.,VAL,CA,A,255,.,.,.,GLN,N,1945,1951,5.56248,1.21514,2.42436,0,1,0
A,254,.,.,.,VAL,C,A,254,.,.,.,VAL,O,1946,1947,7.63216,0,1.23606,0,0,1
A,254,.,.,.,VAL,C,A,254,.,.,.,VAL,CB,1946,1948,0.781034,0,2.51082,0,0,0
A,254,.,.,.,VAL,C,A,254,.,.,.,VAL,CG1,1946,1949,2.65867,0,2.74297,0,0,0
A,254,.,.,.,VAL,C,A,255,.,.,.,GLN,N,1946,1951,6.79312,0,1.33059,0,1,1
A,254,.,.,.,VAL,C,A,255,.,.,.,GLN,CA,1946,1952,1.63516,0,2.45167,0,1,0
A,254,.,.,.,VAL,C,A,256,.,.,.,HIS,N,1946,1960,0.12502,0,3.89303,0.239803,2,0
A,254,.,.,.,VAL,O,A,254,.,.,.,VAL,CB,1947,1948,3.16192,1.72882,3.14687,0,0,0
A,254,.,.,.,VAL,O,A,254,.,.,.,VAL,CG1,1947,1949,1.28191,0,3.36534,0,0,0
A,254,.,.,.,VAL,O,A,255,.,.,.,GLN,CA,1947,1952,3.58234,0,2.7978,0,1,0
A,254,.,.,.,VAL,O,A,256,.,.,.,HIS,N,1947,1960,1.91339,0.406205,3.90606,1.12541,2,0
A,254,.,.,.,VAL,O,A,256,.,.,.,HIS,CD2,1947,1967,4.23792,3.54749,4.72782,-1.11621,2,0
A,254,.,.,.,VAL,CB,A,254,.,.,.,VAL,CG1,1948,1949,12.682,0,1.5189,0,0,1
A,254,.,.,.,VAL,CB,A,254,.,.,.,VAL,CG2,1948,1950,14.0698,1.03256,1.50101,0,0,1
A,254,.,.,.,VAL,CB,A,256,.,.,.,HIS,CD2,1948,1967,0.0622127,0.0143799,5.08131,-0.0374284,2,0
A,254,.,.,.,VAL,CB,A,256,.,.,.,HIS,CE1,1948,1968,0.0875108,0,4.62843,-0.0424538,2,0
A,254,.,.,.,VAL,CB,A,256,.,.,.,HIS,NE2,1948,1969,2.97553,3.59213,4.62108,-2.09655,2,0
A,254,.,.,.,VAL,CG1,A,254,.,.,.,VAL,CG2,1949,1950,5.47981,0.464072,2.48436,0,0,0
A,254,.,.,.,VAL,CG1,A,255,.,.,.,GLN,N,1949,1951,4.2143,0.941522,3.0999,0,1,0
A,254,.,.,.,VAL,CG1,A,255,.,.,.,GLN,CA,1949,1952,0.0264615,0,4.00079,0,1,0
A,254,.,.,.,VAL,CG1,A,255,.,.,.,GLN,C,1949,1953,2.58613,0,3.8176,0,1,0
A,254,.,.,.,VAL,CG1,A,255,.,.,.,GLN,O,1949,1954,3.07863,0,4.16125,0,1,0
A,254,.,.,.,VAL,CG1,A,256,.,.,.,HIS,N,1949,1960,1.89564,0,3.99905,1.3134,2,0
A,254,.,.,.,VAL,CG1,A,256,.,.,.,HIS,CA,1949,1961,1.24499,0,4.60732,0.437895,2,0
A,254,.,.,.,VAL,CG1,A,256,.,.,.,HIS,CG,1949,1965,1.25847,0,4.08941,-1.16757,2,0
A,254,.,.,.,VAL,CG1,A,256,.,.,.,HIS,ND1,1949,1966,2.62444,0,3.71608,-1.85676,2,0
A,254,.,.,.,VAL,CG1,A,256,.,.,.,HIS,CD2,1949,1967,2.14891,0,4.12325,-1.70009,2,0
A,254,.,.,.,VAL,CG1,A,256,.,.,.,HIS,CE1,1949,1968,6.04409,0,3.5333,-3.17507,2,0
A,254,.,.,.,VAL,CG1,A,256,.,.,.,HIS,NE2,1949,1969,2.67746,0,3.78025,-1.67988,2,0
A,255,.,.,.,GLN,N,A,255,.,.,.,GLN,CA,1951,1952,7.12919,0,1.46054,0,0,1
A,255,.,.,.,GLN,N,A,255,.,.,.,GLN,C,1951,1953,1.38716,0,2.42948,0,0,0
A,255,.,.,.,GLN,N,A,255,.,.,.,GLN,O,1951,1954,2.15402,0,3.01519,0,0,0
A,255,.,.,.,GLN,N,A,255,.,.,.,GLN,CB,1951,1955,3.5654,0,2.4712,0,0,0
A,255,.,.,.,GLN,CA,A,255,.,.,.,GLN,C,1952,1953,6.25389,0,1.5233,0,0,1
A,255,.,.,.,GLN,CA,A,255,.,.,.,GLN,O,1952,1954,0.617759,0,2.3991,0,0,0
A,255,.,.,.,GLN,CA,A,255,.,.,.,GLN,CB,1952,1955,8.20768,0,1.52391,0,0,1
A,255,.,.,.,GLN,CA,A,255,.,.,.,GLN,CG,1952,1956,0.587807,0,2.5104,0,0,0
A,255,.,.,.,GLN,CA,A,255,.,.,.,GLN,CD,1952,1957,2.76008,0,3.08653,0,0,0
A,255,.,.,.,GLN,CA,A,255,.,.,.,GLN,NE2,1952,1959,1.05107,0,3.56252,0,0,0
A,255,.,.,.,GLN,CA,A,256,.,.,.,HIS,N,1952,1960,4.52962,0,2.42649,0,1,0
A,255,.,.,.,GLN,C,A,255,.,.,.,GLN,O,1953,1954,7.92207,0,1.23546,0,0,1
A,255,.,.,.,GLN,C,A,255,.,.,.,GLN,CB,1953,1955,0.556986,0,2.4936,0,0,0
A,255,.,.,.,GLN,C,A,255,.,.,.,GLN,CG,1953,1956,2.52153,0,2.86828,0,0,0
A,255,.,.,.,GLN,C,A,255,.,.,.,GLN,CD,1953,1957,0.000720044,0,3.59011,0,0,0
A,255,.,.,.,GLN,C,A,255,.,.,.,GLN,NE2,1953,1959,0.0941373,0,3.64122,0,0,0
A,255,.,.,.,GLN,C,A,256,.,.,.,HIS,N,1953,1960,7.00286,0,1.3286,0,1,1
A,255,.,.,.,GLN,C,A,256,.,.,.,HIS,CA,1953,1961,1.65377,0,2.42948,0,1,0
A,255,.,.,.,GLN,C,A,256,.,.,.,HIS,C,1953,1962,0.870601,0,3.1481,0,1,0
A,255,.,.,.,GLN,C,A,256,.,.,.,HIS,O,1953,1963,0.112344,0,3.46907,0,1,0
A,255,.,.,.,GLN,O,A,255,.,.,.,GLN,CB,1954,1955,3.36179,0,2.88359,0,0,0
A,255,.,.,.,GLN,O,A,255,.,.,.,GLN,CG,1954,1956,1.30497,0,3.18449,0,0,0
A,255,.,.,.,GLN,O,A,256,.,.,.,HIS,CA,1954,1961,4.37536,0,2.76999,0,1,0
A,255,.,.,.,GLN,O,A,256,.,.,.,HIS,C,1954,1962,1.44647,0,3.23283,0,1,0
A,255,.,.,.,GLN,O,A,257,.,.,.,ALA,N,1954,1970,1.66495,0,3.75986,1.50671,2,0
A,255,.,.,.,GLN,CB,A,255,.,.,.,GLN,CG,1955,1956,9.74814,0,1.51325,0,0,1
A,255,.,.,.,GLN,CB,A,255,.,.,.,GLN,CD,1955,1957,1.81746,0,2.50301,0,0,0
A,255,.,.,.,GLN,CB,A,255,.,.,.,GLN,OE1,1955,1958,2.16841,0,3.018,0,0,0
A,255,.,.,.,GLN,CG,A,255,.,.,.,GLN,CD,1956,1957,9.25378,0,1.51483,0,0,1
A,255,.,.,.,GLN,CG,A,255,.,.,.,GLN,OE1,1956,1958,2.22462,1.54909,2.39609,0,0,0
A,255,.,.,.,GLN,CG,A,255,.,.,.,GLN,NE2,1956,1959,1.42543,0,2.42317,0,0,0
A,255,.,.,.,GLN,CG,A,256,.,.,.,HIS,C,1956,1962,0.171831,0,4.4101,0,1,0
A,255,.,.,.,GLN,CG,A,256,.,.,.,HIS,O,1956,1963,0.916568,0,3.93622,0,1,0
A,255,.,.,.,GLN,CD,A,255,.,.,.,GLN,OE1,1957,1958,13.9478,0.360035,1.23773,0,0,1
A,255,.,.,.,GLN,CD,A,255,.,.,.,GLN,NE2,1957,1959,13.2895,1.26434,1.33164,0,0,1
A,255,.,.,.,GLN,OE1,A,255,.,.,.,GLN,NE2,1958,1959,2.43238,2.46928,2.25558,0,0,0
A,255,.,.,.,GLN,NE2,A,256,.,.,.,HIS,N,1959,1960,4.90901,0.730531,3.46759,0,1,0
A,255,.,.,.,GLN,NE2,A,256,.,.,.,HIS,O,1959,1963,8.49176,1.85528,2.97448,0,1,0
A,255,.,.,.,GLN,NE2,A,256,.,.,.,HIS,CB,1959,1964,0.00104781,0,4.98623,0,1,0
A,255,.,.,.,GLN,NE2,A,259,.,.,.,SER,OG,1959,1988,3.92344,4.19174,5.02007,-2.37795,4,0
A,256,.,.,.,HIS,N,A,256,.,.,.,HIS,CA,1960,1961,7.01035,0,1.45555,0,0,1
A,256,.,.,.,HIS,N,A,256,.,.,.,HIS,C,1960,1962,0.446277,0,2.45693,0,0,0
A,256,.,.,.,HIS,N,A,256,.,.,.,HIS,O,1960,1963,1.49747,0,2.81244,0,0,0
A,256,.,.,.,HIS,N,A,256,.,.,.,HIS,CB,1960,1964,3.97022,0.351441,2.44674,0,0,0
A,256,.,.,.,HIS,N,A,256,.,.,.,HIS,CG,1960,1965,1.74875,0,3.01862,0,0,0
A,256,.,.,.,HIS,N,A,256,.,.,.,HIS,CD2,1960,1967,2.54756,1.10645,3.70847,0,0,0
A,256,.,.,.,HIS,N,A,259,.,.,.,SER,OG,1960,1988,0.383385,0.659901,4.71116,0.194988,3,0
A,256,.,.,.,HIS,CA,A,256,.,.,.,HIS,C,1961,1962,6.44748,0,1.52262,0,0,1
A,256,.,.,.,HIS,CA,A,256,.,.,.,HIS,O,1961,1963,0.647322,0,2.40667,0,0,0
A,256,.,.,.,HIS,CA,A,256,.,.,.,HIS,CB,1961,1964,9.34355,0.245276,1.52531,0,0,1
A,256,.,.,.,HIS,CA,A,256,.,.,.,HIS,CG,1961,1965,1.38679,0,2.52873,0,0,0
A,256,.,.,.,HIS,CA,A,256,.,.,.,HIS,ND1,1961,1966,4.82902,2.64572,3.16569,0,0,0
A,256,.,.,.,HIS,CA,A,257,.,.,.,ALA,N,1961,1970,6.2542,1.58805,2.42208,0,1,0
A,256,.,.,.,HIS,C,A,256,.,.,.,HIS,O,1962,1963,8.2589,0,1.23636,0,0,1
A,256,.,.,.,HIS,C,A,256,.,.,.,HIS,CB,1962,1964,2.81354,0,2.48855,0,0,0
A,256,.,.,.,HIS,C,A,257,.,.,.,ALA,N,1962,1970,7.10152,0,1.33504,0,1,1
A,256,.,.,.,HIS,C,A,257,.,.,.,ALA,CA,1962,1971,1.33474,0,2.4263,0,1,0
A,256,.,.,.,HIS,C,A,257,.,.,.,ALA,C,1962,1972,0.440367,0,3.03143,0,1,0
A,256,.,.,.,HIS,C,A,258,.,.,.,ASP,N,1962,1975,1.60198,0,3.2429,2.74481,2,0
A,256,.,.,.,HIS,C,A,259,.,.,.,SER,OG,1962,1988,0.00929567,0,4.41429,0.0010549,3,0
A,256,.,.,.,HIS,O,A,256,.,.,.,HIS,CB,1963,1964,1.06085,0,3.16464,0,0,0
A,256,.,.,.,HIS,O,A,257,.,.,.,ALA,CA,1963,1971,2.34112,0,2.76011,0,1,0
A,256,.,.,.,HIS,O,A,257,.,.,.,ALA,C,1963,1972,3.36015,0.122715,3.04427,0,1,0
A,256,.,.,.,HIS,O,A,257,.,.,.,ALA,O,1963,1973,1.39948,0.541925,3.58492,0,1,0
A,256,.,.,.,HIS,O,A,258,.,.,.,ASP,N,1963,1975,0.573027,0,3.48444,0.443649,2,0
A,256,.,.,.,HIS,O,A,258,.,.,.,ASP,CA,1963,1976,0.389542,0.322052,4.4674,0.199659,2,0
A,256,.,.,.,HIS,O,A,259,.,.,.,SER,OG,1963,1988,4.43884,1.62097,4.0927,0.529501,3,0
A,256,.,.,.,HIS,CB,A,256,.,.,.,HIS,CG,1964,1965,11.8399,0,1.49397,0,0,1
A,256,.,.,.,HIS,CB,A,256,.,.,.,HIS,ND1,1964,1966,3.87083,2.58227,2.52,0,0,0
A,256,.,.,.,HIS,CB,A,256,.,.,.,HIS,CD2,1964,1967,3.23326,0.238807,2.59352,0,0,0
A,256,.,.,.,HIS,CB,A,257,.,.,.,ALA,N,1964,1970,2.195,0.921265,3.2654,0,1,0
A,256,.,.,.,HIS,CB,A,258,.,.,.,ASP,N,1964,1975,1.66854,0,4.11911,1.75702,2,0
A,256,.,.,.,HIS,CB,A,258,.,.,.,ASP,C,1964,1977,1.34378,0,4.18334,1.49519,2,0
A,256,.,.,.,HIS,CB,A,258,.,.,.,ASP,O,1964,1978,7.29937,1.18394,3.74565,0.283584,2,0
A,256,.,.,.,HIS,CB,A,258,.,.,.,ASP,OD2,1964,1982,0.608578,0.940421,5.14885,-0.185888,2,0
A,256,.,.,.,HIS,CB,A,259,.,.,.,SER,CA,1964,1984,1.03328,0,4.69415,0.239846,3,0
A,256,.,.,.,HIS,CB,A,259,.,.,.,SER,CB,1964,1987,0.147265,0,4.50874,-0.0144446,3,0
A,256,.,.,.,HIS,CB,A,259,.,.,.,SER,OG,1964,1988,9.28406,0.354049,3.36787,-6.16702,3,0
A,256,.,.,.,HIS,CG,A,256,.,.,.,HIS,ND1,1965,1966,9.02427,1.58878,1.3785,0,0,1
A,256,.,.,.,HIS,CG,A,256,.,.,.,HIS,CD2,1965,1967,11.5426,1.60664,1.3535,0,0,1
A,256,.,.,.,HIS,CG,A,256,.,.,.,HIS,CE1,1965,1968,1.95674,0.758382,2.20126,0,0,0
A,256,.,.,.,HIS,CG,A,258,.,.,.,ASP,O,1965,1978,1.35077,2.33434,4.51287,-0.0900556,2,0
A,256,.,.,.,HIS,CG,A,259,.,.,.,SER,CA,1965,1984,0.465123,0.474934,5.31337,-0.263954,3,0
A,256,.,.,.,HIS,CG,A,259,.,.,.,SER,CB,1965,1987,5.51006e-08,0,5.1043,-6.17177e-08,3,0
A,256,.,.,.,HIS,ND1,A,256,.,.,.,HIS,CE1,1966,1968,11.8679,2.18311,1.3211,0,0,1
A,256,.,.,.,HIS,ND1,A,258,.,.,.,ASP,O,1966,1978,0.0308344,0.519884,5.07186,0.00485809,2,0
A,256,.,.,.,HIS,CD2,A,256,.,.,.,HIS,CE1,1967,1968,1.182,0.400429,2.1929,0,0,0
A,256,.,.,.,HIS,CD2,A,256,.,.,.,HIS,NE2,1967,1969,16.0333,7.79029,1.3738,0,0,1
A,256,.,.,.,HIS,CD2,A,259,.,.,.,SER,CA,1967,1984,0.628432,1.13094,5.48485,-0.114286,3,0
A,256,.,.,.,HIS,CD2,A,259,.,.,.,SER,CB,1967,1987,3.45883,3.41131,5.05652,-1.95991,3,0
A,256,.,.,.,HIS,CD2,A,259,.,.,.,SER,OG,1967,1988,3.40428,2.22938,4.26583,-1.75483,3,0
A,256,.,.,.,HIS,CE1,A,256,.,.,.,HIS,NE2,1968,1969,14.3189,4.09418,1.32135,0,0,1
A,257,.,.,.,ALA,N,A,257,.,.,.,ALA,CA,1970,1971,7.26782,0,1.46034,0,0,1
A,257,.,.,.,ALA,N,A,257,.,.,.,ALA,C,1970,1972,0.0633426,0,2.45284,0,0,0
A,257,.,.,.,ALA,N,A,257,.,.,.,ALA,CB,1970,1974,7.07572,1.61893,2.45208,0,0,0
A,257,.,.,.,ALA,N,A,258,.,.,.,ASP,N,1970,1975,2.90674,0,2.75838,0,1,0
A,257,.,.,.,ALA,N,A,258,.,.,.,ASP,OD2,1970,1982,1.884,1.39526,4.04144,0,1,0
A,257,.,.,.,ALA,CA,A,257,.,.,.,ALA,C,1971,1972,6.84117,0,1.51921,0,0,1
A,257,.,.,.,ALA,CA,A,257,.,.,.,ALA,O,1971,1973,3.2721,0,2.40053,0,0,0
A,257,.,.,.,ALA,CA,A,257,.,.,.,ALA,CB,1971,1974,11.6483,0,1.52859,0,0,1
A,257,.,.,.,ALA,CA,A,258,.,.,.,ASP,N,1971,1975,0.997542,0,2.42804,0,1,0
A,257,.,.,.,ALA,C,A,257,.,.,.,ALA,O,1972,1973,10.7389,0.400186,1.23692,0,0,1
A,257,.,.,.,ALA,C,A,257,.,.,.,ALA,CB,1972,1974,4.10016,0.373155,2.50137,0,0,0
A,257,.,.,.,ALA,C,A,258,.,.,.,ASP,N,1972,1975,7.29668,0,1.33075,0,1,1
A,257,.,.,.,ALA,C,A,258,.,.,.,ASP,CA,1972,1976,2.21884,0.0948197,2.45726,0,1,0
A,257,.,.,.,ALA,C,A,258,.,.,.,ASP,CB,1972,1979,1.67594,0.292608,3.34333,0,1,0
A,257,.,.,.,ALA,C,A,258,.,.,.,ASP,CG,1972,1980,0.240546,0,3.70563,0,1,0
A,257,.,.,.,ALA,O,A,257,.,.,.,ALA,CB,1973,1974,1.03232,0.0816433,3.25514,0,0,0
A,257,.,.,.,ALA,O,A,258,.,.,.,ASP,CA,1973,1976,4.33543,0.406644,2.80859,0,1,0
A,257,.,.,.,ALA,O,A,258,.,.,.,ASP,CB,1973,1979,3.12203,2.38155,3.577,0,1,0
A,257,.,.,.,ALA,CB,A,258,.,.,.,ASP,N,1974,1975,0.822492,0,3.20036,0,1,0
A,257,.,.,.,ALA,CB,A,258,.,.,.,ASP,CB,1974,1979,0.104782,0.348466,4.87675,0,1,0
A,257,.,.,.,ALA,CB,A,258,.,.,.,ASP,CG,1974,1980,3.14178,2.93003,4.45917,0,1,0
A,257,.,.,.,ALA,CB,A,258,.,.,.,ASP,OD2,1974,1982,7.18327,4.03086,3.76401,0,1,0
A,258,.,.,.,ASP,N,A,258,.,.,.,ASP,CA,1975,1976,7.00138,0,1.45473,0,0,1
A,258,.,.,.,ASP,N,A,258,.,.,.,ASP,C,1975,1977,1.77729,0,2.40202,0,0,0
A,258,.,.,.,ASP,N,A,258,.,.,.,ASP,O,1975,1978,1.4934,0,2.81039,0,0,0
A,258,.,.,.,ASP,N,A,258,.,.,.,ASP,CB,1975,1979,0.801536,0,2.46431,0,0,0
A,258,.,.,.,ASP,N,A,258,.,.,.,ASP,CG,1975,1980,0.703008,0,2.78429,0,0,0
A,258,.,.,.,ASP,N,A,258,.,.,.,ASP,OD2,1975,1982,4.70511,0,2.39249,0,0,0
A,258,.,.,.,ASP,N,A,259,.,.,.,SER,OG,1975,1988,0.0326705,0,4.61437,0,1,0
A,258,.,.,.,ASP,CA,A,258,.,.,.,ASP,C,1976,1977,6.87599,0,1.51863,0,0,1
A,258,.,.,.,ASP,CA,A,258,.,.,.,ASP,O,1976,1978,0.324298,0,2.39065,0,0,0
A,258,.,.,.,ASP,CA,A,258,.,.,.,ASP,CB,1976,1979,12.6543,1.47159,1.53471,0,0,1
A,258,.,.,.,ASP,CA,A,258,.,.,.,ASP,CG,1976,1980,0.227069,0,2.54181,0,0,0
A,258,.,.,.,ASP,CA,A,258,.,.,.,ASP,OD2,1976,1982,0.409722,0,2.73043,0,0,0
A,258,.,.,.,ASP,CA,A,259,.,.,.,SER,N,1976,1983,8.55295,2.44213,2.42321,0,1,0
A,258,.,.,.,ASP,CA,A,259,.,.,.,SER,OG,1976,1988,0.367305,0.234811,4.397,0,1,0
A,258,.,.,.,ASP,C,A,258,.,.,.,ASP,O,1977,1978,9.12722,0.910571,1.23453,0,0,1
A,258,.,.,.,ASP,C,A,258,.,.,.,ASP,CB,1977,1979,4.73829,1.70357,2.5196,0,0,0
A,258,.,.,.,ASP,C,A,259,.,.,.,SER,N,1977,1983,8.73187,0.132398,1.32936,0,1,1
A,258,.,.,.,ASP,C,A,259,.,.,.,SER,CA,1977,1984,2.26823,0,2.43401,0,1,0
A,258,.,.,.,ASP,C,A,259,.,.,.,SER,C,1977,1985,0.651642,1.12271,3.49982,0,1,0
A,258,.,.,.,ASP,C,A,259,.,.,.,SER,O,1977,1986,0.0987598,0.414788,4.15819,0,1,0
A,258,.,.,.,ASP,C,A,259,.,.,.,SER,OG,1977,1988,1.26798,0,3.42103,0,1,0
A,258,.,.,.,ASP,O,A,258,.,.,.,ASP,CB,1978,1979,0.889891,0.600549,3.06744,0,0,0
A,258,.,.,.,ASP,O,A,258,.,.,.,ASP,CG,1978,1980,3.0454,2.19088,3.23767,0,0,0
A,258,.,.,.,ASP,O,A,258,.,.,.,ASP,OD2,1978,1982,5.95027,3.14693,2.92713,0,0,0
A,258,.,.,.,ASP,O,A,259,.,.,.,SER,CA,1978,1984,7.33556,2.47643,2.78073,0,1,0
A,258,.,.,.,ASP,O,A,259,.,.,.,SER,O,1978,1986,0.82613,2.2634,4.20491,0,1,0
A,258,.,.,.,ASP,CB,A,258,.,.,.,ASP,CG,1979,1980,13.6439,3.00315,1.52001,0,0,1
A,258,.,.,.,ASP,CB,A,258,.,.,.,ASP,OD1,1979,1981,7.67582,6.78987,2.38362,0,0,0
A,258,.,.,.,ASP,CB,A,259,.,.,.,SER,N,1979,1983,2.32879,3.12631,3.43409,0,1,0
A,258,.,.,.,ASP,CG,A,258,.,.,.,ASP,OD1,1980,1981,18.1251,7.94168,1.24931,0,0,1
A,258,.,.,.,ASP,CG,A,258,.,.,.,ASP,OD2,1980,1982,13.349,2.8254,1.25065,0,0,1
A,258,.,.,.,ASP,OD1,A,258,.,.,.,ASP,OD2,1981,1982,2.1605,3.64716,2.19533,0,0,0
A,259,.,.,.,SER,N,A,259,.,.,.,SER,CA,1983,1984,7.49155,0,1.459,0,0,1
A,259,.,.,.,SER,N,A,259,.,.,.,SER,C,1983,1985,7.13987,5.36949,2.46532,0,0,0
A,259,.,.,.,SER,N,A,259,.,.,.,SER,CB,1983,1987,4.89972,3.08223,2.45216,0,0,0
A,259,.,.,.,SER,N,A,259,.,.,.,SER,OG,1983,1988,3.03319,1.00388,2.79498,0,0,0
A,259,.,.,.,SER,CA,A,259,.,.,.,SER,C,1984,1985,9.83761,0,1.52344,0,0,1
A,259,.,.,.,SER,CA,A,259,.,.,.,SER,O,1984,1986,6.59786,3.96003,2.39962,0,0,0
A,259,.,.,.,SER,CA,A,259,.,.,.,SER,CB,1984,1987,13.1763,2.15468,1.52859,0,0,1
A,259,.,.,.,SER,CA,A,259,.,.,.,SER,OG,1984,1988,1.08962,0,2.42398,0,0,0
A,259,.,.,.,SER,C,A,259,.,.,.,SER,O,1985,1986,20.3003,10.9452,1.23159,0,0,1
A,259,.,.,.,SER,C,A,259,.,.,.,SER,CB,1985,1987,10.0629,7.21011,2.50275,0,0,0
A,259,.,.,.,SER,O,A,259,.,.,.,SER,CB,1986,1987,0.134299,0.761383,3.442,0,0,0
A,259,.,.,.,SER,CB,A,259,.,.,.,SER,OG,1987,1988,18.3316,7.62024,1.41723,0,0,1
